path,transcription
/kaggle/input/regspeech12/test/test_sylhet_0070.wav,বরুত্ব ব্যসতত আমি সাড়ি বছর পরিয়া দক্ষিণ স্মযা কলাযোগে তেমন বইল মং্গ্রবণ বলতে আমার বেক মেপলাডলাইবারকাযস্তাই আমি গনবিতিক টাই আসপাতা
/kaggle/input/regspeech12/test/test_narsingdi_0002.wav,ইখারাপ ফেলাই রাসে না তারা ভাদ ওই লিগগুলোতে ভালো ফেলে ডমেস্টিকে ভালো ফেলে পরেই তোওদেরকে জাতীয়া বরে ডাকা হয় িন্তুপ্লেয়ার ত়র একটা বিধানা প্লেয়ারত অনেক
/kaggle/input/regspeech12/test/test_sylhet_0637.wav,তারাকে তাদে ওখন তারাকতা যৌথ নিয়াপ্লগে তাহ ি
/kaggle/input/regspeech12/test/test_sylhet_0227.wav,দোকানদিনান্দি পরীক্ষা দিলাম টিয়াউইয়ার আইতি অহনতষ্টি রাচামর করা ও বাড়ি রাস্তা একটা উছুনে বাড়ির ঢুবকর একটা রাস্তার তিকলততে পরীক্ষা দিয় আইতিবাদে দেখি আমার পায়েরা রাস্তায় গুমাটিনি মাামাটি পালাইযা একবেে বড় হরে
/kaggle/input/regspeech12/test/test_tangail_0035.wav,ই ২০০ সালে রিলিজয়কিননরেরএ ডিরেক্টর ছিল অ্যানডি এই ছবিটা যখন অস্কার পরায় তার পরই আমি প্রথম এদের নাম শুনেছি ছ লাই ফো্ড পাই প্রথমে বার ছিলাম যো ম্যাটম্যাটিকদে কোনো থিরুটির নেয়া হব যেহেতু লাইফ পাযই আসে আমাপায়এর
/kaggle/input/regspeech12/test/test_narail_0103.wav,রে ে মানে বুকে বলতি ভিতরে  অপারশন করিছো নপারেশন করার কথা কহননি ুমারটা এবন জায়গায় সেটাদল
/kaggle/input/regspeech12/test/test_rangpur_0053.wav,আগে টাকালাাাইধাই বাগামে়ে হাঁটুত গি়ে তিলা রারিবার েট্রা আল্লার কাথে হাজার ঠুকুর মর কোনো ভিংসে
/kaggle/input/regspeech12/test/test_sylhet_0067.wav,কথাবার্তা আমি নিজেরে বুঝলে অলামামার ফরাবত খলাম পরে তারা মলসতাম বর্তিত ননেওদিন গেতিকি আমি বর্তি একটি মার্টের ১ারিবিআইে ফেব্রুয়ার
/kaggle/input/regspeech12/test/test_comilla_0032.wav,অর পুরা ফ্িমিলি আমাকে খুব লাইক করত এখান থেকে আমি ২৪ বৎসর ছিলাম এইখানে আমার উই দেশের চলাফেরা খুব ভালো লাগছে কিন্তু অনেকে বিদেষ কষ্ট এইসেই কিন্তু আমার কাছে খুবই ভালো লাগছে
/kaggle/input/regspeech12/test/test_narail_0018.wav,াআমরাতো খাইনেতা আমরা খালে খলেে মরা খাই না যদিওর মাসুতে তাটাবদেশে দিয়ে তাতালতা মাসে তোবাই খাইিতা মাসে তো বাইতুরবে আমরা খাই ন১০ হা০ার টাকা পাইতে তাততরমা আওতানেে ফবাই জোাাাপাই পে় তো সব মেলাদে ন াগা আমরা সবাইে
/kaggle/input/regspeech12/test/test_sylhet_0047.wav,১তখলা জক্রবাজারেগুলাগুলো জো জালাগা পাইবে বাজাত দবইনা পল্টো়একবিটনে সিপিউফটিপিসিকে
/kaggle/input/regspeech12/test/test_sylhet_0203.wav,ে দানগাঁটা দান কাটা খুব কস্ররা তর উটালইয়া মুরুগ আদেখাদানেকুরু ার তিলতাচাকরি াএকআখেরা যদি তাবিদা
/kaggle/input/regspeech12/test/test_chittagong_0166.wav,আজ রাজহুফিরান ভর ইয়াসনিলা অজাইদ জেনাাে দলনরতনা নতুন বার দেনাহতাল শতই াদোলন ভিএন আমেন্নিত দলনো বেয়ারকে
/kaggle/input/regspeech12/test/test_narail_0155.wav,পাক্ষাতাতেকাআতিয়াতি দেবে তাই
/kaggle/input/regspeech12/test/test_habiganj_0060.wav,ুটোদুয়ে ডওতাস্টয় তানিতারে একটা দিলে দশ থাকিব রামান পুডুবাই ডেত আমারের
/kaggle/input/regspeech12/test/test_habiganj_0033.wav,আচ্ছা তুমার গান্গাটন্না নেয়ে অনুভ সানবিতা র
/kaggle/input/regspeech12/test/test_rangpur_0065.wav,িরিনরুমেও প ইখবা যক্ষণ করারা
/kaggle/input/regspeech12/test/test_sylhet_0113.wav,আাখালাজামাইওতাইলুগিহামানুষ াকি তারাদলআধিবাদিনাকত্রচুদাহে নএয়ারলাই বিপানে পরচকর্তাে কলা
/kaggle/input/regspeech12/test/test_kishoreganj_0185.wav,ৈকাাবএলতল ি
/kaggle/input/regspeech12/test/test_sylhet_0248.wav,তখন কডরিয়াকিতে উল ও তা়াদে এটা জবাব দেওয়া তখন দায়িত্বর মাজে হড়ে গেছে বাইরার মাসপ্রমান রক্ষা করা ও পরতা পড়তে প়তে আমার টার্গেটাতিরকে তাইও মিনিমাম ফাক্কক্লাস্টা জন্য থাকে
/kaggle/input/regspeech12/test/test_sylhet_0482.wav,লতর রাখাইখানে হওয়া কারণ ালিনাকে আমা আমি একটবর্তত প্রমান পরছে সমর বেবিও আঘনে  শিছমা েচজাগাফালটানে নিজের পাশা থাকেক তাৎপরত পুররাম লাকিছির বাবাণি্যতে ভবিষ্যৎ বি়লে করার লাগিয়া ইি নিজের পাশাও আএকে কদ ব়াত েন ুঝান মার সমর্থােক পজন বাচ্ছা জন অনেক
/kaggle/input/regspeech12/test/test_sylhet_0236.wav,া ি়ািাইতা তর্কিতা ইচ্ছা তমকইলাম নেতারত হরতি অখন্ আপনারা রিচতে আপনারা দিলাইলেতো দিলাইবা গামির পরতানামা ককরার ইচ্ছা আছে
/kaggle/input/regspeech12/test/test_sylhet_0391.wav,ভাড়াটেনেআটি
/kaggle/input/regspeech12/test/test_narail_0136.wav,অন দু বছর ইন্ডিয়াদে বেড়াবে আর দু বছর আমি যাব দুই বছর যাযই আমি কাগজপত্রে রনিয়ে যাও ২তাইউরোপের যে কোনো দেশে ডোকার িত্তা ইতালি জার্মানি
/kaggle/input/regspeech12/test/test_sylhet_0097.wav,াল স্থাট িহাবদিনসবিউবিদ আম মতাত হয়ে পহরে ডানেমায়মানরেমাইতহরআ বিপিল ভ্রাব
/kaggle/input/regspeech12/test/test_habiganj_0103.wav,হুস্টুনুর বাদের বিভিন্ন মানুষেররা যে আঞ্চলিক ভাষা পতা ক়লার কেবল চোকে দেহ ক্েত হিসেবে নত ভালো এলাগায়নুময়ন হাসতে আমার বাশে ো াে কউর ািলেটের কেউর বাশাা
/kaggle/input/regspeech12/test/test_sylhet_0576.wav,আরটিবাগতইতকিলান গেল ততি ঈদেত্তমানাচিন রাজনমের দেহইর
/kaggle/input/regspeech12/test/test_sylhet_0481.wav,বইলে আমরা লোগেমাপিয়া েতারঅবস্থা শক্তিশালী কোম্পানিগলে মারিকিএন বুদরাযইত
/kaggle/input/regspeech12/test/test_narail_0083.wav,়াতারেই বলম নাতিনতাদেনের জায়গা থাকবানা
/kaggle/input/regspeech12/test/test_sylhet_0042.wav,প্রবিপক্ষ অলাও হলাটিওসেক টাগা লাগে দুাে যা নেক টাঙাাআমার পিজিটাই
/kaggle/input/regspeech12/test/test_sylhet_0148.wav,িুটবেলা তকিম নে াাটিবগেখারফাতেবাবরবারিতকেকি
/kaggle/input/regspeech12/test/test_sylhet_0622.wav,গুলগঞ্জ আে মকয়র দেখতে চাগে নিয়ার হাঁতিয়ার পরে অাইনে আািিলে অম্প নাই াসফাকট
/kaggle/input/regspeech12/test/test_sylhet_0208.wav,বাবিরা হৈতনারধত মাথি ওনত তাইবা়ে নতে দাইরে পড়াইত তায় একটিফাট ফরলে ক়ে দিয়ান বৌততমানুষ়তো ওএকতি ফাসলা অটাসিল টার্গেট এসএসসি ফার্স টার্গেট পরেলেনি নুটমন একটা ঢাল
/kaggle/input/regspeech12/test/test_habiganj_0028.wav,নির্মল তাহে পূজাতি জাততে় বালত নিয়মকিন্তুনিরা মিশ্কায়ইদেওন তনা মিকাইয়া দিলের বলা আমরাতো মাসেরমায় যে দুইটা এখাদুসী করি ইটারমাইতে একদিন তো উপাস থাকেই সারা দিন পলুল ফাইয়া ওরি একরে পরের দিন নিরা মিশকাই রপরে আবার এমনিও পুজোকজাইলে আরো কত কুটেও যাগবেনা নিতা তো উপাস্তাই কযানিরা মিশকাইয়া পূজাতে লাগে
/kaggle/input/regspeech12/test/test_sylhet_0559.wav,িও ংপু বভা ক়েছে হঠাৎ দেখে াত নুখুন া সরসময় উপজেলা রকষীতে দেখেছ উপজেলা কুনো অনুষ্ঠানে লদিক দিয়া সাউন্পুরা বুজা
/kaggle/input/regspeech12/test/test_sylhet_0514.wav,ইবককুট গ্ঞানকটি দুতনার প্রস্তাবাবা
/kaggle/input/regspeech12/test/test_narsingdi_0109.wav,া নাজাাাে হেটমঅহনাতে থাতানে তেলসিতে পি়োমি়া গেল কপ কারফাইনি ২২ু ১ প্রডাক তেলফিটতে এখন তাতখালি পরতিন এরা এলেগেকারহু়াইয়মে গরমে রেতন্দকে মোড়া ত্রিয়াএ
/kaggle/input/regspeech12/test/test_tangail_0078.wav,সেও আসল্যে ধারদে না অনেক হয়ে গেছে পরে এই সবাই সিদ্ধান্ত নেয় যে সিউলিলি মানে নাযইকার মানে বানি তার কে হাসপাতাল থেকে বাখায় স্থানান্তর করা হব
/kaggle/input/regspeech12/test/test_kishoreganj_0031.wav,এদিকে সব প্রয়াদের নি়ব আেক এই এই উদ্যা় লাগে না এনএইউদেতা জতা একে থা
/kaggle/input/regspeech12/test/test_sylhet_0249.wav,মিনিমাম ফ্যাকটলাস থাখার তোনে পরেনিমিতাপুর ইন্টারো বা বুর্পলািাবদপলা পিপাইয়ারাতি পরীক্ষাদেওয়াবাদের বাড়িত কেতে আবার ওলা ধরতে নামতে
/kaggle/input/regspeech12/test/test_sylhet_0545.wav,ুতাঅবক্থােপ্রাইভেটপরচন ি প্রাইভেট ভরতেনেমেরিন্কর প্রেসডেন্টকে
/kaggle/input/regspeech12/test/test_sylhet_0716.wav,টাটম্যান থা হাই লাগে না ম্যান্ডাটোরিটা
/kaggle/input/regspeech12/test/test_sylhet_0531.wav,সময়ে ব্যবস্থা পাসটেযারপরীক্ষার াইকষ্টে যদি লকটামাবেরে পয় তা বলেন তার্আমার বিগ্নগলতারারর চিকিতা
/kaggle/input/regspeech12/test/test_barishal_0002.wav,াওপন না এতে গরম লাগেত হাতেব্যনা ইিেটবেটিংভবে কাগন কুলা রাপরের বাই
/kaggle/input/regspeech12/test/test_narsingdi_0132.wav,সুরবালা তামিজেই কিউপাছিলাম আমার মত কটা বারতা দেখলামার নিজের এমন এার বাবামার কত্তা লাকে এ কি হুট একটা বাচ্চা হয়৮ পলাতােক শুটবেলা তোসফর তাহ মখ া বোইন আমি ুরবেলা হয়ত ুরআানিের সুরুবেলার ছবে  দেখছিারোবেলাতোইনাসুরুবালাা ইনোসান লাগে িন্তু
/kaggle/input/regspeech12/test/test_rangpur_0035.wav,য়াদে বে কল্যাবাদিতার তেলে়নাই মাঝে মধ্যে গেে এখন খুবুর বাড়ি কি করবেন তা হয় তাই খাওয়া লাগে কাগোয় আলা পরায় াফে মা ছে
/kaggle/input/regspeech12/test/test_rangpur_0124.wav,রমণোরেলা সাত দিয়ে ইউরিয়েশার পরাদপথ্রে এগলে দিয়ে ফাক পড়ে ফলে গান্দিবেজদা বুগালে পইল লই তলা পরে না ্
/kaggle/input/regspeech12/test/test_narsingdi_0060.wav,মারদান্দা সেলকুঞ্চমা ফলাম বইন ারিভন্যা মেমোরিয়ার দরভা ুএবাব ফিলি আস্তাকর ইাকারণোন হুমার দেয়াবয়তদ হুমর টেকনা হলে খেলতে দেদে দিতাম
/kaggle/input/regspeech12/test/test_barishal_0085.wav,হইয়া করিয়া হেরয়ের পরে মনে যারেন ািত এতটোদা গাম নের এত কণতিক্রেত্ এেনেনে যাইতেন মিয়া ইপবালটরাত দূরে
/kaggle/input/regspeech12/test/test_rangpur_0095.wav,ডল হাগ গিয়া খাওয়াসব থেতে কারবাহিক ভালো হইতে
/kaggle/input/regspeech12/test/test_narail_0109.wav,তাই বিভুল বিশ্বাস আমারে বলতেছে দুইমার পিিন ট্রিমার প্রুতির কিখানে টাকা বাং পিবানকে আমরা আমিশের রেয়ে গেছি থাকব নাকালের গ্রামের খুব দূর হয়ে গেও বনা যাতোে দাও নসয় মাসবদি ডাকবে চয় মাস ফলে বিদেশ
/kaggle/input/regspeech12/test/test_chittagong_0094.wav,আর কলেজেও তনাতর টেনসন ভ্াকে  পাতধারারঙা বাই পাতরিয়াথিত ঐই চিটঙ্গলাদের মধ্যে কটিবিথিতু্যানাফফট্ালট্যানই
/kaggle/input/regspeech12/test/test_sylhet_0283.wav,কিন্তু আমার পরিবেশ বামার্কের সারকান্সডেলম থেকি মনে ইবোয়ে ফেরেসটা মেয়ে ২৪ প৫রচিশ হয়ে গেছে প্রায় বয়স ই বয়সের মেয়ে অ্যানেসপ্যাকটেজ সমাজইকভাবে অ্া্সযাক্স করতো না কাজে লেবেলের চেটা একটু নিচে হইলে এটাআর সবর্থ হ়ইতে নায়
/kaggle/input/regspeech12/test/test_sylhet_0321.wav,বুজার খাইকাই লুই টাকারণামা রখন বাড়িত যাওয়ার হয়মার তাকিপড়া লাগব তাইন কিতাকরতার অথম় আমারে পরার যে খাপড়টা দিশ মি খারাদি়েন কাজ করতাম
/kaggle/input/regspeech12/test/test_narail_0088.wav,তার পরেদিন তোসেথামার কথা হয়ছে তাই  তোসেখানার কথা হইনি  একটি আমাদদারেটাই বি মরা প্রতুমি আমারা বুলক ষরক্রিয়া দেষতে ওয়ামি তোমার দলের জাবানি ামিকরিনাইরে বাবা
/kaggle/input/regspeech12/test/test_sylhet_0173.wav,মালানাআসে পাাাহেল
/kaggle/input/regspeech12/test/test_sandwip_0104.wav,উল্তোদুনিরব্াদদি তু্দনের সম্পর্কে কোর কিদাাদিকেদিনে শিতিত মহরতেদিই আরকারাচানিতের া
/kaggle/input/regspeech12/test/test_narsingdi_0001.wav,হান্ডে ও করছে দুটা আসলে বাটা সিকি একটা টিমে যখন ব্ল্যাবুলা সিলেট করে ঐইরকম ক্যাটাগরিেভাই যারা জাতীয় দলে আসে
/kaggle/input/regspeech12/test/test_narail_0128.wav,রনিকের একাকাা লাগাতংসসরুমাতশের সুমা ডুমা গনে গেছে সমবিশ্বাস দোলাভক্ত ছে থ কচতি
/kaggle/input/regspeech12/test/test_sylhet_0495.wav,আমি ১কটা গুলুত্বছি নামবীরাসনেমার এট ানিকুনে দিশে গেবু একেন বিরািরনেি ার স্তুরপুর সাবেট থাকে দলে উপরকারে পাকে দল লিখিতে গোপরতবতরা মারও উজ্জমকাই দিয়া যাটাটারে দিয়ার বেগরমাজ াগের উরকমা যেনাগে এমাটেল টর বাবখাদে পিন্ড হাসা ক়ে লেখনায় আন্তাজিউলমলাক
/kaggle/input/regspeech12/test/test_chittagong_0087.wav,নাআগেকোলেন সুতুনই ফোরর করা হয় আলাতাতা চাকেরের মধ্যে এখন প্লোটবিলাঙ্গুই এতাই টি় আারঙার চাক্ত এদের মধ্যে এখন চআগিয়ে এটেউলজিবল ক্ষ়ক্ষাতি ছালে এখটামডিতি
/kaggle/input/regspeech12/test/test_sylhet_0004.wav,আহরনে গোকলে ম্েহমতাদেব  নিজেন টিরি নাকি ক্যারি়াবাজবন মানরকু মানতরাবড়লোক
/kaggle/input/regspeech12/test/test_barishal_0064.wav,ামআল্লাহয় নামিজহঠাৎ ফযারিটিচিএরুম কেউ পারেওঠেন ারান দেলে দাক খাতারে ভুললে রায় া বেশ তারান দিলে ফুললে রায  এই কিছুদিন আগেই মি মনে  িদিন ডাতের মধ্যে মি বাজারে গেলে এমন কোনো দিন নেই পাঁসটা পান্ কিননে না খাই
/kaggle/input/regspeech12/test/test_barishal_0036.wav,কাল লাগেয়়যান ি কতবারে  শান্তির মিধ্যে দিমই আছেন িকারতারে তারা মেকেরতানামনা কত
/kaggle/input/regspeech12/test/test_rangpur_0002.wav,েমুখো রমরে বা হইলে
/kaggle/input/regspeech12/test/test_sylhet_0026.wav,রসবিন্জে পাটজন ঠাকুর আছেন পাঁচজনা দুর্গাভ লক্ষ্মিনা রায় লক্ষ্মীতাকরে শস্বত্যি গণেশ কার্তিক প্রতিমা সবাই ৫ছয়জনরে খাপড়ত্যেক দিন কাপড় যাওয়াহয় নতুন কাপড় নতন গয়না
/kaggle/input/regspeech12/test/test_chittagong_0141.wav,রীকাতরাই তুললনে ভিডিও কগপতিতলাইউলভিসিপাতাপলার গুট
/kaggle/input/regspeech12/test/test_sylhet_0728.wav,ুনানা নাাইটদরন্ডা বিয়ানজে িনান্তল আমরান ২ুটাইচে রা াঙখালে তইদযাক ওপাথ্রে নানে অা
/kaggle/input/regspeech12/test/test_narail_0016.wav,তুমি তো গানও তোমার কাকুর ব্যাপারে  মনি ১০হাতার টাকা পাটাইতেল তাতো তোমার কাকু মারা কালাগালি পারলো তারপরও আমিপে দ০ হাজার টাকা আনলাম তা মনি বলে এশরজত্রে বলে কইচে মনিই  মেলা টাকা পাা তাও কালোতে কাপকাকা পাটায় ু তাও কলো দামার মাশিকরুবার
/kaggle/input/regspeech12/test/test_barishal_0096.wav,আহোদারিদতে পারি আমনেমুবািপাকনিজিয়াম যদি মুই না কই মুখ দিয়ে দেহা মরে দুই ডযাম পেটেতয়ার দেবে া
/kaggle/input/regspeech12/test/test_sylhet_0198.wav,পাইতে তো ভেঞ্জি ফটআবাউলা পোদাক্ঠাপ তা পাখে বুলিতান তা কি হালগারতা আা া
/kaggle/input/regspeech12/test/test_narail_0098.wav,কিিহিেেগ্রামে বিয়রছে ত তারা গানে জামি কেমন খাই কি খায় তারা জানেল
/kaggle/input/regspeech12/test/test_sylhet_0683.wav,র আপনার বাকারবাড়ি নেয়া হোকগা খের যাপনতাইরললা তালাদুলাখার থ্াত খারাকখ্যাত হত্যা
/kaggle/input/regspeech12/test/test_barishal_0018.wav,মিােই খাওয়ার জিনিাাানপিডেই মস্যাকবের বারবার অনেকই দিদে আাটাকাবাগে মা
/kaggle/input/regspeech12/test/test_sandwip_0036.wav,ানআদিলী ব্যাংবেরামায়েনত হীনদববালই এততাা
/kaggle/input/regspeech12/test/test_sylhet_0241.wav,২উপরা অবস্থায় বিয়া হইছে পড়া অবস্থায় চাকরি দিচছে ই অবস্থায় সংসা রএক পরে তোয়ার বিহাত আপনো নেক ঐতিহাসিক ইতিঘপটা টামনটল
/kaggle/input/regspeech12/test/test_sandwip_0067.wav,তাল একাডেমি থকে াআপিকে সোখ করেজন দিন বে়েছিলেন িা হাগল নাগিরি একজিনে তিলেরদিন ছোট্ট টিকেছে বনি রা একদিন ঢুকতেছে একদিন বাড়াইছে অনারএকদিন থেকতেছা
/kaggle/input/regspeech12/test/test_narsingdi_0073.wav,আমি গরি  বামাকাপার নাইবা কিবালঅনেআমি তারা হারনে ফুটবলের মতো পিক কইরাই একটা পালা
/kaggle/input/regspeech12/test/test_sylhet_0121.wav,ুে ধ্ না্বে জুড়ে তকউুধের মিল্লা ফানদাবিতে নবর্তিত হ১র মিলে পিখানোখেক্ষা পরে তয়নথাবলেক মধ্যে
/kaggle/input/regspeech12/test/test_sylhet_0368.wav,অল্পতে তুষ্ঠ অল্পতে সেটিসফাইক থাকি ং বাচ্চাগুলার ওইভাবেই গরব করার চেষ্টা করতেছি যে তারাও যানে খুব বেশি অযক্সপেক্টেশন থাকেনা লাইক েটি অ্াক্সফ্যাক্টটেশন থাকলে তোমার মানুষ পষ্ট পায় বেশি
/kaggle/input/regspeech12/test/test_barishal_0092.wav,াটামকারহালকিনসিার কারননল়াযাপ
/kaggle/input/regspeech12/test/test_habiganj_0052.wav,ানিরামিঃআমরা অনেকেই আতমেেনিরামচ খায় না কিন্তু অনেকের কায় নেের নিক্ষাওান দৈনিয় নিরমিখ্টা খাইলে আমরা মতেমনওই যে একটা পবিত্রতায় মাথমাংচ তো এগুলা আমরাতি মানপোখাই একটা তো জীবড়ে মাইরা হত্যা কইরিয়াতেি আমরা মান্টোডা খা ইতাললিকে আমরা মান্টটাখাওন অতটা কিতায় না কিন্তু যদি টাটটুব দিনিরা মিজিনিট কা় তাতো ইতাত উদ্বিদইতা ইতালিরে একটু পবিত্র মনেতাাই
/kaggle/input/regspeech12/test/test_barishal_0071.wav,এই যদি সয্জনা খার তারে তালে হেরম সে ঘা হতে পরিস্থিতিতে ব আদালত খাওয়াইতে না পরিস্থিতি ও বাররুন করথেইে ইপা ো ল
/kaggle/input/regspeech12/test/test_tangail_0062.wav,সিরি ফুলের একটা ভূমিকা আসবে যেটা মানে গল্পের স্টোরির দিল্ড আর সাথে সাথেই বুঝা যায় বানি তার পছন্দের ফুলমানে যে নায়িকা আবার পছন্দের ফুল লে শিউলি
/kaggle/input/regspeech12/test/test_sylhet_0234.wav,রে াকতে ুশি উইয়া আমার ২ুনম্বরবারবাগাদিকিদে দকলই একদিনের লোগে চাইরানি তকলেক তখন অরেন্ট বাতা চকলে তাতে লজারথকটেক এাা প্যাগাজের পাল তাবিচ্াহর হয় অরেন্টিকালার তা
/kaggle/input/regspeech12/test/test_barishal_0008.wav,নর অরে ঢাকাদিতে বুলেট কলেজে পড়তেও বিশল বড় ধরনের টা ছাত্রহইতে চাকরি পেবে বাংলাদেশ সরকার চাকরি দিছে দু লেখ টাকা বেতন বিয়ে কালো পটু  খালির এক রুপু সীমাইয়া টৈবই ফখুন্নিক ও পরিচয় দেবেন র বাপে তো চাইবে টাশা আটগায় দিয়া
/kaggle/input/regspeech12/test/test_sandwip_0098.wav,ঢোকানেবা রা়বাড ব্লইদেশপুর শন হ়ন নেখিনাবালি্ধে
/kaggle/input/regspeech12/test/test_sylhet_0454.wav,াইতা মায়তা উারমত খাটগুটো ো আমার আমার মাকারামোনকরু আমার মা খাতে তার মাটুকুরে খুব বেশি বযল আমার বাডহি
/kaggle/input/regspeech12/test/test_chittagong_0158.wav,পএফরফুট ফতনত কর্যায়কলজধি ম্যাহন সাকেল মিডিট দিলে বেঙ্গরবে়ারে নুপস্তে থাকবে নাকিছুতুফটে একাবতিগমা মইা
/kaggle/input/regspeech12/test/test_sylhet_0369.wav,পড়াশোনার দিকে আমি আমার জায়গা থেকে যতটুকু পাড়িয়ার চেষ্টা করিয়া বাকি তহি লোগে তারা তখদির ততটুকু আসনের ত তারানে ব্যত্তিগত আবিদ্মারারার কই ে মানুষদের প্রপ্নতা এঁডে পাত্যাকাতটা বয়চ হয়ে গেলে বুড়াওই গেলে তারা আমরাকে দেখাটু নাগন
/kaggle/input/regspeech12/test/test_sylhet_0754.wav,দুর্ভাকুততাখনার বেলা বেলা ইনমানে
/kaggle/input/regspeech12/test/test_kishoreganj_0145.wav,বিনা প্রদুনে হন বা যে উচ্চ সরে গানপাটি এবং লাইভ মাইকবাজি মানুষ শব্দ  আগে গিতাকালাতে
/kaggle/input/regspeech12/test/test_tangail_0019.wav,এাি করতে পারে নাই সঠিক ব্যাখ্যা দিতে পারেনি রএই গান ডা কহাতে ঢ কপেরা পপ্থ মনে কর মনে করে যে প্রগরিসবি গ্রপ জেগলা থাকি সব মিল্ট মিশেলল খটাই গানটা সলে অোনযরকেম এখটা গান
/kaggle/input/regspeech12/test/test_sylhet_0560.wav,ানডাতত্তগে পোস্টার বিষয় হল অতিরিক্ত েজানুয়ারি লাখতেদি ঠাণ্ডা আছে লঠাময়নক
/kaggle/input/regspeech12/test/test_sylhet_0739.wav,হাওবাবায়আকি জা মা়ীত চুলিয়াদলেই াটপিয়াদেরেমারাম দিনাইনাা
/kaggle/input/regspeech12/test/test_chittagong_0075.wav,না ারে ২্ পোনসাইকলোজুলেটস ফরিবেনি মবিজ্ঞাতাইনিদুে বড় তা়লা আয়োসাইকলোজেলের চা়রগম ২১  এে
/kaggle/input/regspeech12/test/test_tangail_0082.wav,আে কাস্টমার দের সাথে যেমন ব্যবহার করতে হন তার ব্যবহারদা চেঞ্জহছে পরএকদিন ঝিউলিত মা বরুন ডেট ঢাকে বাখায় আাসতে বলে পরে বরুন জায় পরে দেখে যে
/kaggle/input/regspeech12/test/test_sylhet_0168.wav,ূাুর ধমত মনে সবটাত সমস্তৈত খাওয়াফরা টলা ইনকাম পদ্অদতুমারগুগানাবিতা
/kaggle/input/regspeech12/test/test_chittagong_0080.wav,মানে একানা য়া পরামর্শ করি সাইছনা আয়া দাদার রঙ্গাহরুম আন্দিবারাবালা বাই যে গরম ফরা এান ওতাহালল গু়
/kaggle/input/regspeech12/test/test_narail_0165.wav,তা
/kaggle/input/regspeech12/test/test_rangpur_0101.wav,শংসারের কথা হয়তা গেড ঝিয়াআক্তিক পর্থাপল
/kaggle/input/regspeech12/test/test_sylhet_0100.wav,খুটোনা বড় একটা পড়ে ওড়েনা একটা করে ডাহাতপ়ে ়টা দুকানো হারাইতে তেইখানে বাকছাত ফেটা বেকাে াবাইদিটা আমিআলমা
/kaggle/input/regspeech12/test/test_habiganj_0010.wav,কুদাব এবরাইলের িিনিযারএকাইঅল জেনারিটেিিন বাহইয়াতন্দিব
/kaggle/input/regspeech12/test/test_tangail_0070.wav,চুরু বালিতেি কেব এই সময় এনত্তার ঘটনা ঘটেন পরে বরুন ধযান প্রত্যেকদিন যেহেতু াে একটা ক্টোভরকসিডেন্টার লাশ্টেক ইই ছিল মানে হয়া রিসডাইন মানে অরেই হুচ্থা ছিল
/kaggle/input/regspeech12/test/test_rangpur_0042.wav,াঢুখেকাগলিনারে খাদা ধাইয়েমুচিকা মসটেকা সেমনাসতেমুখ দেখান্তো অমন  হাবিল তাসনা দেখান্ত অবে ুনা কাহেন বাা
/kaggle/input/regspeech12/test/test_sandwip_0123.wav,এতফ্যাকাার তারব্যাবতি নিনিতেন করা আক্তারা হয়রটাবো আটপাততা শিখব বেশি রেগিয়ে দিখব আকদে়ে এেংটি এেনক্লাইনসহ
/kaggle/input/regspeech12/test/test_rangpur_0016.wav,াথেন কিসমতার কিসাাদুমার ক়াদা গল্পগুতত পূর্ম সভাযই মিলি রেকর্ড করমো সমস্যায়
/kaggle/input/regspeech12/test/test_rangpur_0040.wav,মাশলে সইডেল গাইলনয় গে যুদিন মানুষ খুঁদিও ভাচতি লেখগিরি আরাগিরিজুল পানির মুকত দেয়ার কিছু না থাকেন ওই কুদি ভাগয় থায়াই একমুট পানি খা় করিসে মানুষগুলে আকে
/kaggle/input/regspeech12/test/test_sylhet_0424.wav,ুাবাফোরে হারিয়েএকবেদনফরতাবয়নাইনামানির লাগের দো মধপুরতম জা আমার জানদানগুবা
/kaggle/input/regspeech12/test/test_tangail_0060.wav,এটাই অভিনয় করছে বুরুন ধওয়ার আর বানিতা সাধু এই ছবি আমার পছন্দ আ এরএকটা কারণে তার র রছে আমার মানে আমি যেই মাসের জন অফিসি ওইডা অক্টোবর মাসেছিল অক্টোবার মাসটা ভালোই লাগে ুিচিত্থাকে
/kaggle/input/regspeech12/test/test_sylhet_0261.wav,সবসমে দু ়ব হর্যা নামাল করিয়া গেল ৩০০ জনত নিবাহ ৩০০ জনের মতে ৩০০ নম্বর টে টুডেন্টটা উইব প সটুডেন্টটাৌদেন মিউদ আমার এক নাম্বার২ নাম্বার ওয়ালাকতো না আমি মেরিট কিত্ত থাকতে চাইনা কিনতআমি
/kaggle/input/regspeech12/test/test_sylhet_0610.wav,আা একট যখর া দেখাইয়াতল আমরা সিলেটফলরজে ান্ডার
/kaggle/input/regspeech12/test/test_sylhet_0546.wav,আমরা ২টাসেখদিন আগে েনয়ার আমরা তি২৮ ারি াাবিকা
/kaggle/input/regspeech12/test/test_barishal_0052.wav,রুপাড়াই তাপালতে জারা পারে হোনেন একটা কথা জানবেন যারা পারে হেরা নয় তে নয দিক পেরে যারা না পারে নব্বই তে ন়দিকও পার
/kaggle/input/regspeech12/test/test_sylhet_0019.wav,আগের দিন দপ্বাহিনী আকনেমিকষায় অনেকে খার নাকে খান তিন দিন আমরা নিয়াাদিমিটি আমরা দিনংসেদিন সবাই ভালো য
/kaggle/input/regspeech12/test/test_sylhet_0281.wav,খন আমারে নি়া খুব দুশ্চিন্তাপত্তা মা রে প্রতিবেশিরাও খোটা দিতা মাতা ফুরিবগুলাবানাই ঁড়ায় পড়াইতে ব়্াইতে গাবিয়ে হইত না খলেনিতো র্তে করতে পরা বরদাগিয়া তদি আমায়ও খুততা বাড়ি যেইটামনা খালি মা রতাগথা শুনা লাগব দেখিয়া
/kaggle/input/regspeech12/test/test_sylhet_0462.wav,ুতপর আসতে এটু নুলতামালা আছে গলার আপনাব়া পড় াদেলেএক্েলেআর
/kaggle/input/regspeech12/test/test_sylhet_0071.wav,রিস্কোবায়নস্টন অথা়ের শারী পরিবেশ আমেকেতে অলুকচারে করি নতুষ ধারেক িনটিজহজি কুম জয় ইজতাবাদের এক আয়া ফরের তল াাবুরামতাতনিরামিক টযলাগা গরদিন নিরামেচ্তারা পলারদন তকুবাস ফোলায় নজলি জেলা অঞ্জলী দবার তেন পরকাতেচুক্ষ এযরপ্রতলে যা ওম
/kaggle/input/regspeech12/test/test_habiganj_0050.wav,া পর রেখে আমরা প্রথন্ত প্রদীকজ্বালায় ডুরজ্বলায় জ্বালাই ছিলার প্রথম আজানের পুরোই প্রতিবার ডুপজ্বালায় ডবাতিটেটা বয় দুপা তিদে হয় দেখাইয়া পরে আবার ঐই দুপুরের মতোই আগেতো দুপরে একটুপুডা দিলে আমরা একটু অন্য ধরনের পসার চর্চাদই বুগদে র সরোন্ধ্যাবপ়ে তে হালকা সন্ধ্যা পড়ে একটা আমরা দেমন হালকা মাপতাহাই এমন আমরা কুঁজা দিলেও হলগাতিপিটু বিয়াকুযধাতেই
/kaggle/input/regspeech12/test/test_sylhet_0435.wav,আমি আল্লারিতিক্যহারিব না আমার পাইছতােকেইতাাতমার কোন দেখা বুধ
/kaggle/input/regspeech12/test/test_rangpur_0034.wav,২ইবার বক্ষেকছতে নফ পোরাকের বট ধুল্যাজাজার ফাইনালে কেমন টেলটাবিজমা়ের মন্জুগুর দযাদা কি কইদেন ত নাপি ভপলবর্তী দেখানও
/kaggle/input/regspeech12/test/test_rangpur_0055.wav,ারের যদি অসহয় অনুহয় বাবা কা়ওকিতু দিলে নাইআেকর্মকল দিবসের মালিক আল্লা ভারকর্ম যেমন তাক পলতে
/kaggle/input/regspeech12/test/test_noakhali_0028.wav,আনের বা়ে আরও পেরা আ় হোলে কলফতারের কাজবে মুখেতো বড় মেল বড় মাদি
/kaggle/input/regspeech12/test/test_kishoreganj_0162.wav,লটডতেরালে নোগাললাহাতদেহত াপানি মযডা
/kaggle/input/regspeech12/test/test_rangpur_0075.wav,রুর্গোআবারবৈত উরদে়নাই
/kaggle/input/regspeech12/test/test_sandwip_0024.wav,ন মারখাছে থাকে হিয়েরা মানি খুব ইয়াগড়ি তলে নেহরাগত চলে ভরাবথ ছলে ঢিকেেসারখা
/kaggle/input/regspeech12/test/test_comilla_0005.wav,ন আমিও গিয়েছিলাম যে রুহিকে স্কুলে দিয়ে আমি আর দেরি করেনের সাথে সাথেই চলে আসছি ও রুহি তখন স্কুলে যাওয়ার পরই ও ব্যগ রাখার পরে ওরাবার দেখা যায় দে যে ছাব ১৬ ডিসেম্বরের যে ইয়াথাকোতদের
/kaggle/input/regspeech12/test/test_narsingdi_0028.wav,বাংলাদেশ চিমতা ১ালোটি মোখ বালো ফেলুক যেতে হন্চলসব দলের সাথে ভালো খেল থেছে একটা ট্রফি জেতাউচিত নথাকিবল হোসানের জন্য জেতা উচিত আারে আল্লাবড়ো
/kaggle/input/regspeech12/test/test_sylhet_0667.wav,লাএতিবাত ইয়াকুনোমন তেনে আর বারপিরইয়াএই মত আকু
/kaggle/input/regspeech12/test/test_kishoreganj_0140.wav,দায়রিয়ে মত দারয়া মত পানিবাহিত রুগ এবং বিভিন্ন চরমরোগে আক্রান্ত এএন কিতা তাইরিয়ার মতো প্ানিবাযহিত রুগ এবং বিভিন্ন চরমরগুরী আক্রান্ত েপানমেয় কিজুযুব
/kaggle/input/regspeech12/test/test_narsingdi_0042.wav,বাড়িতইপে তত্তিকা না তবুতালা়না মোবাইল আধিগান্গলা দাটারনফাইামিরএগিলোরেন কনেডিস্টাপর না খারাপ থাগে
/kaggle/input/regspeech12/test/test_sylhet_0429.wav,ফেটহাঁটা একরেনীখাঁটার মানে অনেক কিতু বড়দর ওপালগোয়ারব়দনথাকতেস্পুলেইছেন এক
/kaggle/input/regspeech12/test/test_habiganj_0018.wav,এরালা় বযয়া বয হরানা হরানেোতেতিনজনরোখুব চেষ্টা করছে
/kaggle/input/regspeech12/test/test_narsingdi_0086.wav,মা টাকার পাটডিমরিটে দাইিলাইকআমি এইতযাপাততৈফরাস ারিসেকনডো েে  ওনারকাপরিয় আব্বাদ দেখলে মনামে়ে অনা ্লাগ নাইর
/kaggle/input/regspeech12/test/test_sylhet_0099.wav,নতুন থেকে কামকরন করেনা় টিন বিটির খবি একবিটেই প্রায় সাড়ে পাকারবার আরেকজিটিপাল কারটিনাতিনবইন আমি াাববিটা
/kaggle/input/regspeech12/test/test_habiganj_0022.wav,অমেরা১টটা মা্জবূচির দেলয় কাইনি এ১টটা পিরিয়ে ওটে দেলাইতেন
/kaggle/input/regspeech12/test/test_narsingdi_0121.wav,এ মোবাইলের তরা খাইতেই মোবাইলেই তরা খাইতে কবার মোবাইল ফোলান
/kaggle/input/regspeech12/test/test_sylhet_0051.wav,কোনো প্রবলেম হয় না মনা এখনে প়াতোনা প্রবলেম হয়নি নিজে  প্রাইভেট টিফার্ লাগেনি স্কুলমরানাইরাইটো থাকতে আসযখনা োনবাদত্তরি আবে স্কুল থেকে নিশেল দিচছেন াট
/kaggle/input/regspeech12/test/test_narsingdi_0094.wav,বাবার না়িত্যাতে সবাতাখালে এলা ক্যাটারিং সার্বি দেয়ার ফালাম মনে ডেকা শুর উপারতা শুরু করে দেখে এক্সাই বাবার ব্ল্যানাছিল কামর কিকারতুপ ার পজেজজেরা চিয়ারাপ পত্তা সিদনি নক
/kaggle/input/regspeech12/test/test_sylhet_0461.wav,অগ্ধিবতম ব্যবর নরা বাইনা আমার রাাল বাকেবাগ বাকেকাজাময় েচি কলে দিবার পরিয়া ালাউকৌ্তমারকি্ত প্রসানি বাহানী নাই এমান জামাগুটে বিয়য়ে তারা কখন
/kaggle/input/regspeech12/test/test_sylhet_0567.wav,ম্যাটে পুতিতে বালালাগাটা আছে লেকরি ইন্টাটা ঘরতে গেল আমরার হুপা একটা থিওরিচাইামেয়েতর মাজে সব চিন্তপারার এদা থিয়রিও
/kaggle/input/regspeech12/test/test_rangpur_0017.wav,৪০িশবার এর মধ্যে ৬০ বছরের বেিাদাবাউদেলকই ভাতা দে াবুআাাু এে় কথা
/kaggle/input/regspeech12/test/test_sylhet_0672.wav,থামির ভযংপরণ অতদিনত আপরা থা থাগত াওইাগেআমা খুগরো ফেলে বু্লেটেনে
/kaggle/input/regspeech12/test/test_narail_0033.wav,শিল্পকু গমিতে ওই ও   শান্তিকে শান্তিকে দারেনা াওই জায়গা ঠুুি দরদরিগলযের পাওয়া যাবেনি কিন্তু আমি তর দরদৈরি করতেছিনা িসেআছে লোখরেে থেলিমি
/kaggle/input/regspeech12/test/test_tangail_0102.wav,বলা হয় যে যদি তুমি তোমার ভালোবাসা পেয়ে যাও তাহলে এটা মেনে নিয়ো ক্ষুধা তোমার তোমারে মহাব্বত করছে আর যদি না মিলে তাইলে এটা জাইন যে ক্ষুধা তোমার সাথে জান হয়ে গেছে ওয
/kaggle/input/regspeech12/test/test_sylhet_0719.wav,াপাওর াউরমুরাদি মোশালাগেএর একোর মাতানাতন নিয়মেগোতম ক হয়া
/kaggle/input/regspeech12/test/test_narail_0074.wav,মায়ারে প্রধান তাগাতথলা থাকতে একটা প্রোম টেনেমায়া থাকব ামান ওভাববিভাবে কোন ভাবনিিিেশুজাগানাি
/kaggle/input/regspeech12/test/test_narail_0099.wav,আর যে দিক ছিল সে আমার দাদা সেতেরংশে আমার হিসাব পুড়াই দেে মিটুখারি দিতিহা লামনা তুমারে িত খাওযািরিববাজি আলোশেদ্র
/kaggle/input/regspeech12/test/test_sylhet_0660.wav,েকোনাাবালাহান
/kaggle/input/regspeech12/test/test_kishoreganj_0086.wav,েমুনকে েহেিে এমন ব়ব ফাযএরিয়  এমন আলিহেদিমা ত বলবল আলিনা
/kaggle/input/regspeech12/test/test_sylhet_0668.wav,মাক লেগেনার আগে উমর মানে যুদ্ধস্ম ইন্ডিয়া তাস্লেশনা আপনিরশ শতএত বয়স রইব িতিপারটিেবয়স থি ট পারটেকে
/kaggle/input/regspeech12/test/test_habiganj_0075.wav,েবেজনরজবাদের টায় াহানে তামুপতেটিরেটুক েনওকেদই এতাহ্যাঁ
/kaggle/input/regspeech12/test/test_tangail_0001.wav,ব্যান্ডার কি পারহম করতে হবে কিন্তু মানে কেউ উতেমনকি নাই উৎসাহিত না গান্ডা তেমন কারো কাছতে ভালো লাগতে কিন্তু আবার ফেডি মার্কি বি খুভ গানপছন্দ করতে পরে যেহেত ক্যাডিয়ার একটা চুস্কুর তেইওব
/kaggle/input/regspeech12/test/test_kishoreganj_0107.wav,পিচসুর্যের অলা ব্যবহার করে নিিজের খাদ্য নিজে েৈরিক বা ওকামাকর উদ্ভিগের উদ্ভিততে ছেবেচেথাকে আওয়ারবেন োকামাকরের খাদ্য হুকাবে রহন করে এভাবে সব বযং ঘযর ম বং ইগোল সাপ
/kaggle/input/regspeech12/test/test_sandwip_0027.wav,তৈমাজমি ধিেতে খুব মানির দুঃখ করি  তৈরি হযাো তোোি একাবাজউচ্চেগআখবাহবা শুধু বলেন হয়রালাহাগললেজে মানুষ পিীর দেয়া উন্টা কিন্তু  নমলের একেন আনার হোলা নেলিম দেখবেন
/kaggle/input/regspeech12/test/test_sylhet_0670.wav,দরের নেকা ্রিভারদগলে ঠাকরে কত আরখি খেলােওয়েবকাকিয়ারিয়াইয়ারিতু৫ানচন আইন ৩০২ টেবএংসিন বাতা আমি বলসাকরী জীবন তাকে প্াংসন বাত
/kaggle/input/regspeech12/test/test_chittagong_0047.wav,ামরাকিংেন গনমপডরা গোমগলা বযরােসেবেট গিয়া শামসিকিলর বযদাসগরেল আঙললে তো বে়া ইনিংগ তবেড়াথমাাগিন ফাম্মার দেবজিকনা হামগরলেউভি
/kaggle/input/regspeech12/test/test_sylhet_0331.wav,নিজের তাকা সেটামানে আমন মনো জামি বাটেন খন ফিল তববযন আমি কিছু করিতুমার চিন্তাভাবনা ভালো আমি স্বাগত জানাই কিন্তু ু সুটোগাজ করতে গিয়া আমার
/kaggle/input/regspeech12/test/test_narail_0104.wav,আমি যে ডাক্তার দেখা কি ওষুধ খয়ার পরও অনেকটাই টিউমাটরা ভেঙে ছুট হয়ে গেছেঅনেক সময়সেজের থেলা সিমিয় হয় মানে মাংসবিন্ড একবালা জায়গায় আমার ৬য়বারে
/kaggle/input/regspeech12/test/test_sylhet_0103.wav,উ্তস্রাঘরিকধর মা়গে নেআজিবাসরমালিক মাধারমালিকে প্রধানো মাহাফা গোসা দি মানে া তখনোমাইবু হতো আুনিটা জসালে
/kaggle/input/regspeech12/test/test_sylhet_0013.wav,দেয়দেয়ার পরে তারপরে আমরা প্োশাকটা টাইমের বিক্রি কর ঞ্চমই থিতিট ংরা ১২টা পর্যন্ত বে ১২টা পর্যন্ত তরি পরতে ুজা যদি একটার টাইমটাকে পঞ্চমি তিতে তাইলে ১াসসময় যে টাইমচার্ট যেদিন চেস্ট মাজে টাইমতরে এ টাইমের বিক্ষোব
/kaggle/input/regspeech12/test/test_sylhet_0219.wav,প্রাইমারি স্কুলের পরীক্ষা দিয়া চাকরির ডুকমুচাতে আমার পরিচালাখালি হাউসয়এ বয়নাগযাটা কেশাও থাকে চাকরিজীবি ওকিটাস্কুটেরানরুল মোমেন্টা রাখ নে এক
/kaggle/input/regspeech12/test/test_narail_0110.wav,বিদেশ যাবে গেডা ওনি একচে বারা বাড়িে আসবন আমিরিকিঠেই কছে মনে থাকে যেন বাড়ি ১সতরে গরেই উঠে ুি াকতেইবাংলাদেশে না হ
/kaggle/input/regspeech12/test/test_kishoreganj_0196.wav,সোকা নুরজনে সুকান্দের জন্য হ্যাড দেবে বাইপাবা হব সুকাজিনহ
/kaggle/input/regspeech12/test/test_chittagong_0069.wav,ওমার ইবপি়রা কেন হবেনি এই ইযানরভো এখন সুদেহাতত আইলে আরাগরতায় সুগত্ত লোগে আর গা় লই ময়ামার সাহকি
/kaggle/input/regspeech12/test/test_chittagong_0010.wav,২ তারনাতুমিদি িয়াাংমাছলি
/kaggle/input/regspeech12/test/test_barishal_0014.wav,তারপর বেশি ঘটের ক্ামে ু ফাটেই অনেক সময় শ্রেনী শেনির বাড়িগুরি ৌ দিলেন বাদ
/kaggle/input/regspeech12/test/test_sylhet_0048.wav,িি মডলওাে তাইতা ছিঁ়াইছে নঅন দামু করা জায়গা লাগে বাসার তা লাব্বায় বাইলােতোরআনদে দা
/kaggle/input/regspeech12/test/test_sylhet_0708.wav,ুনাআরো বড় আতএরিয়া
/kaggle/input/regspeech12/test/test_noakhali_0007.wav,১দিনে এতক্ষবে কেলেকেনে বাই েম্বর কালা লগের জেন্ডা সিয়ারাদেরও হলিবিগ্রাদই
/kaggle/input/regspeech12/test/test_sandwip_0003.wav,েেি  করেন কিনিবেন গ্রামেগেলের সংখ্যাা বর ুবু আ
/kaggle/input/regspeech12/test/test_sylhet_0347.wav,পত্তিকরইহেে তুমার বিবারারি়া মার কাউল পাখির চিলে টারামার কাকি দিবাড়িয়ে আমার বাচ্চার বয়ত্তহন দুই বছর কাছাকাছিদেছে এখনই চুটোবাচ্চা লইয়াছেননে মেনামি
/kaggle/input/regspeech12/test/test_sylhet_0035.wav,দর্ষম সনেই মাবার কোপু প্রথমিদিন একটা খুজল জাওএশ মাসটাইমের ভিতর পৌঁচাইব এতি সবায়ন ঝুলি দেয়নিআযে পারেতেতারপরে ছল তশর উোজা পরে
/kaggle/input/regspeech12/test/test_barishal_0022.wav,করবে কতটুকু অশুধ থাহেই ক়বেলা খায়ালে কতটুক যায় বুলে মমশাআঅলা কৌ াাাকালবালাতে খমাইয়া মনে ঠাঙগা ও থায় ঘুমেন
/kaggle/input/regspeech12/test/test_narail_0159.wav,ঐ মোশিনই নষ্ট হয়ে যাবে রোগ প্রথমর্থে ডায়বেটিক স্ত পরে অছে ওনার চোখেতে নালী হইছে
/kaggle/input/regspeech12/test/test_tangail_0029.wav,ে কিন্তু ঘটনাগুলায় এমনভাবে হয় যানে দোনাথান সব সময় ঠিকই করে কিন্তু মানে রা অন্যান্য পারিবার্ষিকদের ঘটনা ফ্যডার মানের সাড়ায় বুঝতে পারে না
/kaggle/input/regspeech12/test/test_narsingdi_0067.wav,নিতিইন আমার লাগারা টদবিয়া করলেযে বইয়ে বলা গিদনা িগাাা
/kaggle/input/regspeech12/test/test_sylhet_0493.wav,প্রবাণ নামজমদ পড়াপিয়ে প্িটালে উভ্যতাহা মেডিকেলদল মেডিকেলআন্ডা আউটব বৈচি গেবেমানিল িা গাইাহনকে দফল সিনে নেয়া
/kaggle/input/regspeech12/test/test_sandwip_0020.wav,ওত়ািআিকিহ কাহু খাতেননিেরংসার
/kaggle/input/regspeech12/test/test_sylhet_0634.wav,খইরাআনা বড় ভন্নে দাদো আকাতে আপনি আইন আমরা হভাইে
/kaggle/input/regspeech12/test/test_narail_0157.wav,ও ব্যাংকের তা আমার কাছে কী ত আমারকে পাগুলে কামরাইছে আমি গাছ টাকা বাহিনী ডাক্তারদেহাবান াগ ল আসে পৃথিবীতি কত
/kaggle/input/regspeech12/test/test_narail_0156.wav,ঢাককা দেহতে জামনে তোমা দিদি বাংলাদেশেতে তেলায় ফায়দেরি হততেিনা ব্যাংকে টাকা রইছে ঐই টাকা ভেঙে ডাক্তার দেখাবে ন আসে
/kaggle/input/regspeech12/test/test_chittagong_0097.wav,মাতামতে কিন্তুই বে়াহি ন ডিকির আরবে আরাবে দাষ্ত্র মধ্যে কিয়াগর্য আলগ বযু এদাইলা না ধুনরা এখঙ্ক হি
/kaggle/input/regspeech12/test/test_sandwip_0056.wav,ারেমহিলা যা যখন সবকি চলে দান্দা কর লাগে এসব মহিলার গোহ আসলে বৌিদন্ধাকার ওমান ইতোর মাতা থটব
/kaggle/input/regspeech12/test/test_narsingdi_0106.wav,াহবাকিন্তু ট্রাইকরলা বার বাবা খুব খুশিএদেওয়েড কোকোবের ার নার্সারী রেদানস ়আমিকে স্ট্রাই করলা দাদু খুচেআমার পকন না বাদিতে  সলমনা চানদেভিমবা দমগেছিলাম
/kaggle/input/regspeech12/test/test_kishoreganj_0204.wav,তেমন িদ্বদ্রি পিলিি একটা কিতা ঘটত রতে আলগবারিলাকু
/kaggle/input/regspeech12/test/test_narsingdi_0123.wav,মোশদইন যেমন ফ্লের ঠিক আছে ওহরনের এই জাপানার মসটে হায়েস্ট বাজেটেরিয়ােখেমআনিয়ারিকস্নাইপে মেলি
/kaggle/input/regspeech12/test/test_narail_0030.wav,আমি তো কাগজে কতি পারি কাগজ দেখলাম ওইজে টি জাগায়়ে কাটালকা খোলা এযেত খালকুলি দেখতে ই এগে গমি  তারপরও ফাঁদমিয়াগাকেম বযা
/kaggle/input/regspeech12/test/test_sylhet_0578.wav,িকনিতে প্রা় েযএ তেতমনিমাঘনো অর্ধাপ এান্রজাা৮েস টুর মুকরে অভ্যাসটাকর্বস্থানে
/kaggle/input/regspeech12/test/test_barishal_0034.wav,িিে২টু বাট তেলয়ে এটুই করবেন কযেডেও লাগে না হবেন দেখানুর ভদেিিাাানি জেনাটতিটিকে অবা
/kaggle/input/regspeech12/test/test_sandwip_0108.wav,বানাোকাতময়ান মাস সেরানো পিএল আনা েপের উত্তারিখে বেনের পুর সম্পর্ক নায় এ ব্যাপারে আ়আ়হলি গেলা এতা মানি ফাহিদা বদবি পরাগাগাবা এতে অংূ
/kaggle/input/regspeech12/test/test_noakhali_0020.wav,তলে এই কফললে কলাতেনতলিকেলের ি
/kaggle/input/regspeech12/test/test_sylhet_0036.wav,া মন্দিরোটটের আনন্দস্ব পড়ে সন্ধ্যারপরে ঘোড়াইখারদিন আমরা সবাই িতে তখন জামনা নি নামিচ কাইতে এতি ভালো মাঠমাং সাই তারপরে হিল্া
/kaggle/input/regspeech12/test/test_rangpur_0059.wav,দেখা গেল আকাশত এটা ইল দিমরোগের একটা লক্ষণ যাহজত মহম্ম আলাকাল নিজেগুলো গেছি েত চিরতারিক
/kaggle/input/regspeech12/test/test_habiganj_0016.wav,চালানা নিতে বেয়াহরের সিরে বালা ম দেখতে নিয়েরমন হত উগ্র উ়ছে রতপা ছেলে দুই লাই যাতে ব্য হতে তিনটাই মা ব্যাহত মোট ংটরবোন বেড়ারা়
/kaggle/input/regspeech12/test/test_sylhet_0459.wav,াাফেদমুলেতো আরও ইকেনা বরতে তইয়েগেন মামাইচাতাই মাাদের ননাকিনাজনে্পহহিস্কুলুপারিয
/kaggle/input/regspeech12/test/test_kishoreganj_0037.wav,ইরাইতে ভ্যা২৪প১নিানিম নেগরিংের তিরি
/kaggle/input/regspeech12/test/test_barishal_0073.wav,দেখছি এরা নিজদের তোখ্ে বাস্তব প্রমাণে দেখতে এই জিনিসগুলো নিজে দে এখটি সংসারের ঘডে থামনাসামনে নেপাল িদিয়া পিজ দিয়ে বহুৎ কিছু কর
/kaggle/input/regspeech12/test/test_sylhet_0276.wav,নিমানে তৈল গেয়া দরপ আমার মাঠের খাওয়া খরচ ানিাগকরো পুইতা কিটুলি একটা করার পরে শাউফএবার্সিটি বাসে আওয়া দাওয়া করে  বাড়াতটাকাও লাগেনা মাঠরেচে টেকা একটা পাইলে
/kaggle/input/regspeech12/test/test_kishoreganj_0160.wav,েমেন ডানাকোিকুটুদা তুত দুটো দানাটুটুকলে দানাজিরদ যদানা তুক্তকে ডলনাটুকটকে লাড়িে ডানা
/kaggle/input/regspeech12/test/test_sylhet_0751.wav,এগুলো করার কিতামারে ঘরে নিজেরা পরিবার পরিবারও করে আবার মিল্ামিত্
/kaggle/input/regspeech12/test/test_sylhet_0593.wav,রফার সাথে মাথ ুতে লাসটাইম পেড ভাগবে নাইপেরাকাএরা হাগে যায়াহেনন বিআর আািকুাডারাই ওয়েফানপ্রব খু থত্ন
/kaggle/input/regspeech12/test/test_sandwip_0032.wav,২ুতিন ডকমের মা ওসে ছাকরি গরে ুরে কারণুকেন কারণ ফিরিস থাকল ন এখান পতাশগরিযা
/kaggle/input/regspeech12/test/test_kishoreganj_0159.wav,ু গাস্তাফাইনবহে ােকুয়ারে কুয়াসদালি মেডদানা টুকটুকেলা লাদাইলিমিটু জায়গা টুকটু কিল
/kaggle/input/regspeech12/test/test_sylhet_0157.wav,ঙ্ল্তাখলে যুদ্ধের সময় পাইছড়কিছু মনে একিনিতেআমরার কৈন্যে আরাত ইতাখালি ভৈয় হবিতিত্তত জানি
/kaggle/input/regspeech12/test/test_narsingdi_0023.wav,এদাই আসলে জাতীয় দলের প্লেয়ার আসবে যাবে যাবে আসবে এরকমই ই আকে দুই খারাপ খান্টা দুস্থর জায়গা আর একজনে নিবেই যদিও আবার তোর জাযগায় যায়নি তোহয়ে যদি খারাপ ফেলে
/kaggle/input/regspeech12/test/test_chittagong_0014.wav,আাহিতা লেদো আগরু
/kaggle/input/regspeech12/test/test_tangail_0121.wav,তই টাকাগুলো কতগুলো মানুষের কাছে পৌঁছাইতে পারে যতটুকু আমি হিসাব করে যদি ক্যালুকুলেশন নর্মালি করে তায়লেও তো হইতেছে অনেক টাকা হয়াযায়  দেখ দেইতেছে কত লাগতে ্র্যাকেরজন ব্যবসায়ীরে হায়জগা দুই থেকে আয়লাককটারাগরেদ্দিতাদুই লাখ আড়াই লাখু কি পাকষে একএকজন ব্যবসায়ী এডাও তো  গিন ভাবার বুধতে তাদের লঞ্চ হইছে ১ক কোটি দেড় কোটি
/kaggle/input/regspeech12/test/test_barishal_0028.wav,খালেবাইে বদদল ককতিরিবি এতদিন পিরেপ করডা ছিলেন যক্তনাবিদ
/kaggle/input/regspeech12/test/test_narail_0102.wav,জাকালহামদবিাকিন্তু কঠিন রোক বইয়ে নির বেরাসতি এয়ার করত না াতেএবল ােবে
/kaggle/input/regspeech12/test/test_sylhet_0614.wav,আইচখনেত আইতফনেইনাতাহরিয়া যহর অপরে গ্রেফ্বাররমোইয়া
/kaggle/input/regspeech12/test/test_sandwip_0052.wav,মাজ অফারাহাতা দেখলেম যে কেহু ঐইগেছে কিন্তু জিলিপ দেতুটিস একধরনের আঙুলেরে তেলেনা াু
/kaggle/input/regspeech12/test/test_sandwip_0127.wav,আরবানিরা এপস্লু এ্যামনিলাই আঙরে পেশারদি়ে বিক্ষেছে আমরা মানছি আঙুলামে এংরোমাইন্ডও এই ভ্যাসার দিলে অলাধা তারজী
/kaggle/input/regspeech12/test/test_sylhet_0438.wav,পরিয়াতে ডাকমোটাক করে একটি কুডিয়েই নব্য মোটার মাঝে পাছে ইনফিটমা রকি আমিারিও নপরিচিত সবতামনোচিতের মাংসে উসরকিনন্ত সিরিয়াইয়পরিকিা এমনটি ক্লানাইটিক তাহন ডোরথটাহুলাৈত
/kaggle/input/regspeech12/test/test_sylhet_0547.wav,আর পর্নপিলপ্তে ৎকগামরুটেংলি রমদানদা তৈতন্য আ্ামরার হেদিনেজন মেমে কছে মা
/kaggle/input/regspeech12/test/test_tangail_0066.wav,কর্পোরেট পার্টিতে ভূমিকা পার্টি করতে পারবেন হদের তো আলাদা এা তআরাযযেমনস্টাপঐরকমি তই পার্টির মধ্যেই মানে সিউলি একদম মানে রেলিংয়ের কাথা যা়াব
/kaggle/input/regspeech12/test/test_barishal_0060.wav,অনক কোলাফানের লাগে চলছি এই পোলা নেশা হইতে শুরু করিয় এমন কোনো তাউরও সিনেইজেন মুইপোলা করি নেই আরান সব সারকে ভালোই সংসারি করি মনে করেন আমি যখন ফোলাফানে লাগে চলছি দৈনিক ৫০ টাহার ১০শ০ টার গাজা লাগবা আমার তাআমাখ্খান আমার জীবন চলতো না
/kaggle/input/regspeech12/test/test_barishal_0091.wav,গত বছর এত এ গািবারিকা ামি গাছ বড় কাছ
/kaggle/input/regspeech12/test/test_habiganj_0032.wav,ন ইকানোই কটুও হরি আবার মালাটালা জপি কিন্তু পুরাপুরিভাবে করা হয়না বাড়ির থাকতে তেমন ভতা এমনকিন এমনভাবে কিন্তু করতামবারা
/kaggle/input/regspeech12/test/test_barishal_0045.wav,পরা মনে কা হনে নামার মাথাকাছে গরমগামেইয়ে সজ্জলে নেইতই এইযেকরেবেশিওলামু ়ারই মরেই গাছকাটা কাছারে াড়ির সংসারি
/kaggle/input/regspeech12/test/test_sandwip_0037.wav,পাতা খারযাএকাকামাখেন্টো হ্েননি তানত াব
/kaggle/input/regspeech12/test/test_narail_0017.wav,তালিবশা ভারতে তাসেবার কয়চি তে মাইশু হত্া বাইট কাঁতে পলে মেলা টাকা পাটাই াাতাযইতমনিকআল তানা মাইফেরতারতালি কালথেকে কালি বালো কথা গুরুবদক তালের কেকা পাটায় তেতালে আমি গুরু পদক ফলের কথা শনব যে গুরুবদ সল তালি টাকাতো খায় তিাবারেই নাই
/kaggle/input/regspeech12/test/test_sandwip_0125.wav,যৌনতন একলাস সারভাইজার ক্লাসাইদের হলো খলে আসে লালপর্যন্ত তিলামেটিপাসে ইতেলল না নযানেজ্যান্তা হরি স্টোলা ঠু
/kaggle/input/regspeech12/test/test_comilla_0027.wav,আরওর বাবাও তো একজন সরকারী কর্মকর্তাই উপজেলার অধীনেই ইঞ্জিনিয়ার সহকারী ইঞ্জিনিয়ার উনা উনারা ও রকমভাবে যে মানে এটা তদন্ত করতে হবে বা এখানে কাউকে দুফারুভ করার মতো নি কোন ইয়াকরে নাই
/kaggle/input/regspeech12/test/test_narsingdi_0065.wav,২ুয়া ারঅন ইঞ্জিনিয়ারিং পটযহার্টসফটওয়্র েজফ্াালে অরাগিং গে
/kaggle/input/regspeech12/test/test_tangail_0115.wav,কি অনেকেআি একটতো দেখাইতে পেপারেও দেখাই তাঁর একজন নেতা ফেনায় সবাইকে  করে চট্টগ্রামের রাউদানের নেতা পারাপারাতকার
/kaggle/input/regspeech12/test/test_narsingdi_0031.wav,এরকমই স্বপ্ন সবারই দেখতে হবে হটাই স্বপ্ন সাই েনাদেখলে চলেএইটিটিটোয়েন্টি ওঅযাল কাপগুলো দেখলি না সাকিবাল হাসান বলল যে
/kaggle/input/regspeech12/test/test_sylhet_0398.wav,কই আপনারা আফগানিডাা িআলানা সল্চসারানবিরবারপুরে
/kaggle/input/regspeech12/test/test_rangpur_0126.wav,তোলাইকেলিকলোমটি একাদিয়ের ভ্রমটে ২ ডিসেমা ফত আরো ৩০০দ৫০০
/kaggle/input/regspeech12/test/test_sylhet_0677.wav,কমাারচরমাস কমে আইএ ে ারতে না ৫স্টার্টমানে কররাকনটিনেপালা
/kaggle/input/regspeech12/test/test_sylhet_0695.wav,্েত্ে আন্দাঅনতা ফেরালেন দাদুপে আমরাদ উটিই আপনারা আমনার বুত সময় দিলা
/kaggle/input/regspeech12/test/test_sylhet_0442.wav,েমিক বিকিরব্রার কিকবরতবার তোমার বালতল পো অ্যান্ডাপয়েন্ট ফরাইনেও গেযে আলম্বা
/kaggle/input/regspeech12/test/test_sandwip_0111.wav,দহহরে ব লে বসনিদেল আই ভাতিবে সহদরে এরেগা়
/kaggle/input/regspeech12/test/test_noakhali_0006.wav,দিঅবেঙন বি়াগালো
/kaggle/input/regspeech12/test/test_sylhet_0301.wav,বিয়া হল খনো একটা করা লাগব পরতাম সবচেয়ে পড়ো যে জিনিস্টামাল মাতা ত তখন ইউনিভার্সিটির ফাসফুরি পাক করিয়ােখোন বাড়ির ফিরিয়ে নাই যেই বাড়ি তামার আম্মার পরটি ফোরওওযার স্টযেন্সনতা হইনে মার আফ্বা নায়াম্মা় ট্যান্প্রন ঘরি রাতানি গুমাইতা পারেননা
/kaggle/input/regspeech12/test/test_sylhet_0243.wav,স্বপন গুলা খুব ছুট ছুট থাকে জেনখমা মিয়াসেতি পোড়ামাটানিাকজান মিনিমাম প্রাইমারি স্কুলে চাকরি হরিয়া র মরেটাকেশএলাকা়ি জোবনামিয় আমারা ইন্টারোদিতই তখন আমার টার্গেট বিষ্তে
/kaggle/input/regspeech12/test/test_sylhet_0590.wav,মেপজাতেরার পাকিরাকপরাইআনান া় এনিপ্রতিদিন
/kaggle/input/regspeech12/test/test_sylhet_0589.wav,আেরপরা থেকে দিখে বাক্ষাপডরাত টেষ্টর কদিন আগেউতসারের াদ
/kaggle/input/regspeech12/test/test_sandwip_0002.wav,ুা২৫মিল বা লোপিংেনেফরকখরতর মাজেতাবা দিকেক
/kaggle/input/regspeech12/test/test_sylhet_0480.wav,কালি তোমার উঠপোদর বাইযেওয়লা নিয়েই বড়বটেকর পান্ডি নেম পিয়েগনেরাবইনে মাতিযার্থ এএ
/kaggle/input/regspeech12/test/test_barishal_0050.wav,ইহিনদেহই রাত্রি অ্যাম্বুলেন্স বাড়ানায় মর্যে দেয় আটটাগেলে জান নাগালে বাদ বেন ঠোহাইনেয়া ই ঝড়্তুফানের মধ্যু দেটাপিপদাপতে রতুফান ডাঙ্গাইয়া এতম কিছু করিয়া হাইয়ে মনে করেন কোনো দুতেটা গোণা না থাক াুওইডেবলতে নাজেমর বেডাজে হারাত্দিনএই গাছার কামড়া করে
/kaggle/input/regspeech12/test/test_kishoreganj_0039.wav,আই আমারে পাত্মহয়াদ নাপটি
/kaggle/input/regspeech12/test/test_narail_0022.wav,তুমার ব়মামি এ পরদিতি ন াটব কফটমা মুয়েবারি এক সাবস্ পা়নে যে আনেবি দসতাই যে পিরিুগনমা িরথেইতেমরিতে ছোটমানি ্রধনতে ছোটমামি চ্চটমায় নিচত্ খাতা ছেল না থলাল বাডদাশ তাকার প্রকনিলা
/kaggle/input/regspeech12/test/test_narail_0003.wav,রনে ভয়তে আছে আমি যে জমিতে ধরিতি ওবি কানে গেছে  মারে ডায়ে কাড়ি জমি তোমরা খাত ছিলাম
/kaggle/input/regspeech12/test/test_kishoreganj_0164.wav,ারে বের দাাামালুকের মাগদিলেগা ু াগোলিলামদানাটুকটখেলা
/kaggle/input/regspeech12/test/test_sylhet_0489.wav,াতার ম্যাডামে পাউল রারিতব কুরবিধা ডেবালারা
/kaggle/input/regspeech12/test/test_sylhet_0740.wav,মরেদর৮ােবাহরাপিথান মাইন রুতাতারাটাইতামনামা
/kaggle/input/regspeech12/test/test_kishoreganj_0021.wav,ুন বুয়ামসি বয়ামসিতে আয়েলোককে হাইস্কু াসনা হাই
/kaggle/input/regspeech12/test/test_sylhet_0149.wav,এখনদাই বউ়াছনাইামাইয়াংেলা কিছু মাতম ভোটটখুটে পরা দাা
/kaggle/input/regspeech12/test/test_barishal_0042.wav,হই কুডগুন দুজি মনে কারণ কাঁফিদিতে টাইননে আড়িবেন তিমুল রাস্তা লক বিয়ে জাগায় েইয়ে নিজে খাতেহা কুটোটি একলাকলা লাগ রের মধ্যে একটামির ছয় বৈত্রিনে হ ঘুরে ঠুরে হুগইছি বিইলেকেলা আহিযাবার এক লাখ লাখ কাছাইছি
/kaggle/input/regspeech12/test/test_chittagong_0093.wav,আইসিটেন্ট শন দকিতে হনমিকে নাম নয়তোচরিকনমিকে না নই গুচসপিইউডিও
/kaggle/input/regspeech12/test/test_sylhet_0001.wav,যেকোনো নি জন্দ অধিকেশি চিত্রপ্রমার হাইতে যোগেহ দাপাবেই না তার
/kaggle/input/regspeech12/test/test_narail_0063.wav,পরুঘৈর্বিশেষে পুকুরিতেএতকমাদীর
/kaggle/input/regspeech12/test/test_sylhet_0075.wav,কষূজা খালী লক্িজা ারতিকপূজা আরেকটা আছে চিপচতদচি াই ফোটুনাোইোটা কিতা াোারাইবাইরে
/kaggle/input/regspeech12/test/test_tangail_0022.wav,অদের দিজনের দেখা একটা নিউ ইয়র্কই বেকুন একটা মলে করা যায় করা দুজনেই যায় মানে ভ্লাবস কিনতেখান বাইরে ধন মানে শীদ কানাডা ঐদিকে
/kaggle/input/regspeech12/test/test_narsingdi_0063.wav,পেয়পর অতরা পণ্যদিন লাগা শিঁকতি আমি আগা় শেই না ঠিগোবিন্দু লাস্টের তিন রান ঠিকশিকাা  পরীক্ষার আগে দিনবযাবম দুইতিন অধ্যাযপারে ত়াপড়াতগেলে
/kaggle/input/regspeech12/test/test_kishoreganj_0095.wav,যাোিফয়দা নফেন হেকলানফে এফয়নকতো া
/kaggle/input/regspeech12/test/test_sylhet_0606.wav,ম খুব দেখটিই বালা লাগে মানে দেখি লেখাদনঠিক আমরা জিতেমারপরআমিতা রইগজনা
/kaggle/input/regspeech12/test/test_narail_0057.wav,মিবাকোন ভালো ি গবান ভর ব়শতেস্থাইাকে তো া প্রাআমরা দইমাহবিরতিতে আমরা মেলা াোাই াক লিগেছে তাকরি বিক্ত কোয়া পাপরতক্তর বাগযে তা কাভাটাঅলে এবক তথ কদি
/kaggle/input/regspeech12/test/test_sylhet_0338.wav,পরীকষাদিত মনজ আহকের গুলো অভাবনায় পিলটব দনতি বর্ভূর্তান্ত তারকাতি াপরীক্ষাযন্য স্থগিত হইল ওয়ার করে
/kaggle/input/regspeech12/test/test_chittagong_0081.wav,ম্পিউটার কিত্তামদা জিয়ারতবায়রা দায়ানে ়ানা ভুস্ত হয় যায়বে জা়া মাথাও তুলিন্ন হরি ঢাঞজের যাকিটেসট ক্ষমতা জাগুমেপটুর আইউ এনে বড় মোগাল এখনো থেকে গুত্তাম জানিনা পারি
/kaggle/input/regspeech12/test/test_sylhet_0164.wav,থাকেনা হয়ে যতপনা ারাও আওয়ার এটাইনাত ওঠাইননিরবলত েযেপারাইয়াদম কাফররা় া়ালুটভাট করি ভারতে ইতিহাসেক থাক
/kaggle/input/regspeech12/test/test_chittagong_0150.wav,একটে ছবি টবিল কি ফারাদোআনরাগ বাহলেম দে় আইডিঅগযক সেবন গলি বেলায় নো হয় মস্কেউই ইআইজিবধি অনর্ভ মেসেজ ডেট কম্পাকসেশনকেগুসে বটক
/kaggle/input/regspeech12/test/test_kishoreganj_0106.wav,নিটিপা সকল প্রণী ঠকিপ্রত্যক্ষ বা প্রৎপরোক্ষভাবে উদভিদের উপর নির্ভর
/kaggle/input/regspeech12/test/test_sylhet_0114.wav,তেমনে আমদেসাতে ই়েল ুয়েমাপ্রিন আপনির চুটোবেলাওলালোই একইত্র হইন কেমনে বড় ট়ত্রন পড়াশোনা খড়তিলেনতুটোর থেকে বড় আখিরকম এলদুটা কাহিনি
/kaggle/input/regspeech12/test/test_narsingdi_0128.wav,রেটেয এ আলাইধিরেতো মাশলাতর মুহের দাক তক নাগেছা কিডিসস কিডিতস বেনেম্া নযাচরেল িখং া াবা় কিয়েট ৌসুদা নেরেছেন আমি উকিন মইজামাডাক ফান্সপএরার সান্স পর্যাচনএক মিলাগ ব্রন ইছে ব্লভার ক ন্যাপ্রাং স্পরিনার লেগে
/kaggle/input/regspeech12/test/test_sylhet_0037.wav,টামত অনেক মজাাছয় রঙ ে আামাইলদের সবাই খুব আনন্দ পরা করে মাটাখোঁকে ়ত নিয়ের গাড়িতে করে লিটাতায ৃষণাজনের প্রস্তুতি নয় গিদায় গাড়িতে নিয় আনন্দ  টরাঁকে উঠের মাদুর গারে নিয়করিয়া
/kaggle/input/regspeech12/test/test_sylhet_0418.wav,আমি অপুত তহারবাএখন বুচছ তার হল সব মানুষের জিয়েজে বা তাগে হুনতে মা বলাাপালা দেখত পারে আমি ও রতওকুপুতাাল
/kaggle/input/regspeech12/test/test_kishoreganj_0078.wav,াাগা দেযত অনুমতি দিচছে তিালাক আিতউনটিালা বহিনিম াগান আঙাে
/kaggle/input/regspeech12/test/test_sylhet_0351.wav,তারানে পাইয়ান পিলাম  বাড়ি ছিলে টারামিতাকে ব্রাহ্মণাড়িা বাত্া  হনমান বাত্চািনুরুল ইসলাম নাহিদা ্ধ তাইন লোগালোক খইছেন জেনা ইমেদামলে এই চুটোবাচ্চা লইয়া জামায়ান চাকরি তে তুছিলেট তাইে সিলেট নকপার
/kaggle/input/regspeech12/test/test_sylhet_0635.wav,যে নাথনে দেখলাম তাই মাতেনেনা সরম পাইব দুনিকমাইক্েসারে পেচার
/kaggle/input/regspeech12/test/test_sandwip_0054.wav,ন্নাতুর কর কুনিনোভাদবেছাি
/kaggle/input/regspeech12/test/test_chittagong_0149.wav,ি াষঅবহবির াসা অনকিততলাসান্ড ব্যাগন টানাতেবেকুমবালা সাাতইও বোা বৌবৈদদুল নাক্তলির আহতাহয়ছে
/kaggle/input/regspeech12/test/test_narail_0126.wav,কমেন্টে গিয়ে তো ঠিকই রেখেছি হ্যাআমি দেখেছি আদেখেছি মাসাথেনটি কথাগতি বেবনারও একটা থাকে াা গন্থে থাকে ঐইত বড় থায়ে না দাড়ি
/kaggle/input/regspeech12/test/test_tangail_0020.wav,তারপরে আমি যেই মুবিরার স্টোরিশ্যারকন শ্েরেজ সেরিন ডিপিটি এই মুভিটা অনেক দেখে নাই কিন্তু এইডটট সুন্দরমুহু
/kaggle/input/regspeech12/test/test_habiganj_0096.wav,আমার তো ইচ্ছা কাগরাজদেরি রাতাওয়াটি বান্দরবর যাইতাম ইতাদিাই মিরে সেমা নিজে চাকরির পি পরম বেশিটাহরইসময় যাইম পিতা তেহন দিতানা এখন ত তুটু রইপে র প্রথম তে আমি জীবনের প্রথমি টানাদুর বেশিদুর ব্যাপিলেটায় দেলে দিবানািতা
/kaggle/input/regspeech12/test/test_rangpur_0044.wav,পিবোনেকিকোনো এমনোদিন এমন এক কা়দাওে পদ এমনদিনে এমন নেতা পায় না থাকলে নানি
/kaggle/input/regspeech12/test/test_habiganj_0053.wav,র একটি পবিত্র পাওয়া যায় মনপ্রাণও বালা তাকে
/kaggle/input/regspeech12/test/test_barishal_0100.wav,ঈদের দিন ছন্দএককালেঠিএকাত্তরইদিগা থেকেদুম িার বিযালে বাজারে গেছি পাচটা বেলান্জেই পাসটাদালের দুটে দল হালা়
/kaggle/input/regspeech12/test/test_sylhet_0130.wav,াাাপজমুন্ কেলাম লাগে নহুবনললালম্ইদুদাইনে
/kaggle/input/regspeech12/test/test_kishoreganj_0192.wav,উদ্ভিদে পুষ্টিগর ন কুটি নাঠ পুনটি পানিধুশনের কারণ ননদযমারনদমা মারযপানিতে মিশে তাকাজ মানতেবিে থাকা বালিকাঁদা ইত্যাদিখনু
/kaggle/input/regspeech12/test/test_rangpur_0023.wav,ািয়া রমদানমাঠা খাযািাজে দাওয়া ত২ুইদিন কাতিখালি মা কন পদদিন দি়ে ান মা
/kaggle/input/regspeech12/test/test_sylhet_0456.wav,ানখইতে আমার ্রহরিত নাতকের মনে তইও কতটেখা দেয়া লাগবে াপি বড় বইলআমি তাঁর ফলে থাকাইহেন
/kaggle/input/regspeech12/test/test_tangail_0099.wav,ফণবীর কাপুর এইডার লিগে অনেক কষ্ট পায় যে একসময় সবাইকে হাচাইতো আজকে মানে ওই সবচেয়ে বেশি কষ্টে আছে খবিতা পুরানা দেখলে আস হুলে বোঝা দায় র্য ওয়ান সাইটে লাভের যা একটা ফিল
/kaggle/input/regspeech12/test/test_habiganj_0071.wav,কোন অনাবরিকবারে চুটোবেলোরডা হাখেেোদে়াপি় নাতাদেরাি দিকেও লুগিয়া তিন ডিস্টান্টিকে বার  আরোই তিন িস্টেনিদার মানে একবারে তিন িস্টেন্তিকে আরে
/kaggle/input/regspeech12/test/test_sylhet_0011.wav,াওয়া এদিনটেই পরেটাইাবই কাতাপল কানাচআরলুকিুদাতুত প্রকাশক হওয়ায় খাওয়ার পরের দিনত াপূজার পদ্ধতি বল
/kaggle/input/regspeech12/test/test_sylhet_0175.wav,ালারামে পুরআণে গ্াইন্টাইননেওই এমনি পরিবার মিলিয়া বাাকরভ্যাবাই ক্রান্তি জিন্দে
/kaggle/input/regspeech12/test/test_narail_0171.wav,াোেচবিদের বলতি কোন জাগা
/kaggle/input/regspeech12/test/test_tangail_0084.wav,ি পছন্দের ফুলগাছ তিল এইশুলি আমির গাক্া সলে তোমার কাছে রাইখাদেইতেচাই পরে বরুনধাওয়ান এই গাছটা নিয়ে দেহাজা়তে একটা এই ভ্যানে বরুন ঝাওয়ানএই গাক্তারে নিয়ে ফেলে যেতে
/kaggle/input/regspeech12/test/test_kishoreganj_0121.wav,পর আগে ফারস্টে বইঝাপরিবের দুখনে অন্তত পনাকান হলো কি নতাকায়ল শিল্পায়ক
/kaggle/input/regspeech12/test/test_sylhet_0464.wav,বিঘ্নসমানতবিকরিলুবিষয়িক দেছেটপরয মি মিকরসিও বরাজ ভারতাকে ্রাগার জাগা গে মানে আগেউরা
/kaggle/input/regspeech12/test/test_narail_0154.wav,ছয়ানের সাথে কথারাত হয়
/kaggle/input/regspeech12/test/test_kishoreganj_0139.wav,বাঙিথবুলকারা এ মতো বারঙেপাহাঙ্ি সবুজরঙ্ে মত
/kaggle/input/regspeech12/test/test_sylhet_0316.wav,১১১১াথাই বাখার হইছে তবাা ঠুকলাম তোার থাুরাা মা কন্যীেহোটালে কিতাকযর
/kaggle/input/regspeech12/test/test_chittagong_0098.wav,না আমার মাতাত রাখিবি না ফারিলের দিক নিলল পরি ফেলা ইনদের যেপয়েন্ট ফায়ে আরাততুন্তা আসগরও ুা
/kaggle/input/regspeech12/test/test_sylhet_0656.wav,র দাদরপিলা সমর যায় ততাকরে নাপনিকন আপনারা নেয়া ক়নততিলান আপনার দিন যায়
/kaggle/input/regspeech12/test/test_comilla_0010.wav,রুহি গেল নাচেরিয়রস য়রসাল রুমে যাওয়ার করে টিচাররা বলতে ছে আজকে বলুটোতে চার্জ নাই আজকে তোমাদে রিয়ারসাল হবেনা চলে যাও রুহীত অনেক খুশি ও খুশি হয়ে আবার ইয়াতে স্কুলের মাঠে আবার যেখানে ধোলনাটাওইখানে ফিরছে
/kaggle/input/regspeech12/test/test_sylhet_0319.wav,তখন তানে দুই বাই ঠাকতার লোকে বিয়া নিয়ে কোনো স্বপ্ন দেখি নাই বিয়ে নিয়ে ওরকম আমার বি়ার টাকুল একটা ঐতিহাসিক বিয়া হইট হইতা যা াধারণ ভাভে অসাধারণে  আমার বিয়ার
/kaggle/input/regspeech12/test/test_chittagong_0107.wav,কিন্তু ফটতনিন হরারদিন নাতেন এক ঘণ্টা উলধের আতিয়ে বই তাহাম পুলবি হরিবেল্লার কারণ নসিদির স্ত্রী গরম পজিব তা এক ঘণ্টা বৈতে তিলাম্দের সময ছদাও নে মেপসবিদে হযদা তামোবাল সাঁসনসল্দে আগোয়ার আহেগেলা
/kaggle/input/regspeech12/test/test_habiganj_0054.wav,যপূজার তেয়াসয় তুলছি দূখ কেল জ্বালালি ুখরালাও দখপয়টা একটা পুগন্ধ ইটনে দেকটে খুব আস্তা হযনা একটুবশে একটা নির্মল একটা পরিবেশ সৃষ্টি হয় তাতে আমরা যে পার্থনডা পরি পরিবেরটা দতে নেকমানে কোনো কিু বাংলার শুবাসফাইলে দিকমুনী মন ডাও বাগরে দগ উরপুলের একটা কুন্দরক্য বাটি আপনার মন ডা জীবন ভালোয় এমন একটা আগরবাপিবা কোন ধূপের একটা সুবাড্য মনডা ভালো পবিত্র
/kaggle/input/regspeech12/test/test_narail_0069.wav,েকাতে েনত তুতভাবে কনিয়ে আসছে রাজধমী পেবারা দানে না কিন্তু ওধ ানে যে কোন দাকে তজদমি কন্ধাকে আমি কৈ
/kaggle/input/regspeech12/test/test_sandwip_0062.wav,র মনোমূল্য ভিত্তি নায়কাদায় গানকতি উবগান হাসপিটডি়ারমাগাদুনিয াএরপথং
/kaggle/input/regspeech12/test/test_sylhet_0393.wav,মরা খেটাসম্করতহ গবেষণাটা আসলনকে বাইরু স্রাম হচ্ছেই এলমিকা মার একটা আমরা রাসিয়র স্টুডেন্টও অনাট তো একটা পেপার লেখা লাগে
/kaggle/input/regspeech12/test/test_sylhet_0245.wav,আমার পেমধিত দাই তাইন কিথুনিকলিকরমেলেরসত কৃষিবেস্টকে মেলিয়া স্লাব্বায়ওলা দলপনবল মাে জমাইয়ার একটাগেছুনা জেটা থেকটি আমরা পড়াশোনার ফরত পলত আমরা আসলে কুনোদিন কুনো প্রাইভেট টিচারের কাছে পুরছি না
/kaggle/input/regspeech12/test/test_sylhet_0649.wav,তাদূরের দিকে আপনতম নৈযযুদ্ধেক্ষমে আত্রাদাদু হইনা  ু ঠাৎপিতা মানে কাহিনি হইন্দে খনকতক থেকে খুবক্তকারলিগ োলালালিলজারদৌাদড়ি করবি
/kaggle/input/regspeech12/test/test_sylhet_0366.wav,তারানুলিয়ার আমার চিন্তাভাব না আমরার মতো আখুল আমরার তরচ্চরা তচ্রাগল করতো না বা ইততা তা আমরা গে পরিবেশতে জন্মগ্রহণ ঘরঠে তারা তোই রকম দেখছেওনাক নদিন কাজেই তা়ার লইয়া আমার  ঠুলে মাঝে মাঝে তাকরববা কিভাবে তারা লাইক
/kaggle/input/regspeech12/test/test_narail_0031.wav,নাকদমের দিয়াথল বেশি বেসাইছল তা অধযেরও বেশিনিয় আছে খায় তাওই দখলে না টপি আমার কলোেএরকম রম তাওনি আমার মাথাব্াথানায় আমি এর পিছনে দরওস্ছে আগেই টুকদেই
/kaggle/input/regspeech12/test/test_sylhet_0505.wav,মাআববাইটানিমা মারতা চিন্তাধারা় ামারাকার মোবালতে ়কনেমা অটুত্তরে মারা যাওয়া গটাতলি়েপ্রা মারাযা়  মিিিতাপুরি
/kaggle/input/regspeech12/test/test_sylhet_0688.wav,অপসর্দনি তাবি নার সসরাস থেকে আপনারা পাইিতেন মানে র এন্ তাতকরতা ঐসর এনসের কাজকরতা জাাই াকেন
/kaggle/input/regspeech12/test/test_tangail_0043.wav,পশুপাখি জুর শব্দত পশু পাখে  আছে সব নিয়ে অনেক মানে জাহাজে দায়তিত অনেক টাইম লাগে লিগা অনেক ফ্রুটস ট্রুটস নিয়ে ওঠে কিন্তু ওই ইফান খান মানে
/kaggle/input/regspeech12/test/test_kishoreganj_0203.wav,আগুন নিবার জন্য কারবন্ডা আগুনিমাি় কিবারকরুমতমুখি মুক্তু্আনতেই নিবিদেুগা
/kaggle/input/regspeech12/test/test_sylhet_0599.wav,রবই নান াটিআ এরা ইউইকেটে কাইছেন মামা রসদন তবে খাে াাই২ই৫কাসােমিএরআ এর আগে
/kaggle/input/regspeech12/test/test_kishoreganj_0014.wav,িঅনডাইনি আাসে নিবিটেলানাবয়াবের তেলা বিলে মারিতাবনাডেনাাা
/kaggle/input/regspeech12/test/test_narail_0025.wav,রাকাও  কয়েদিনাে কিশোর নাত কাঁফেয় যিে মানে তর মা মরিয়াদার পরে তাফান বিপর্েরোকে কিশর কেতেে সমপর
/kaggle/input/regspeech12/test/test_habiganj_0079.wav,তোমার বাড়ি থেকে পত ধরে ক দুল তেমনে া রাস্তাটা উলতে পামোটামুটি াা
/kaggle/input/regspeech12/test/test_sylhet_0446.wav,াচ্চাাতকবন খুললাবাগদোর োারেবোমাতোতাকে আইরাউনে এুলাগেয়া
/kaggle/input/regspeech12/test/test_barishal_0035.wav,রবরামডে এনারাইনে লাগে থাকে
/kaggle/input/regspeech12/test/test_sylhet_0519.wav,ভাই এরা থরার কষেপরে মনে মাহা দিলেত মা দিয়ে ত কালকে তাদে ার মা এর মাজুদ্ধা জানসবকেন্তুক্ষের ইমনানি তারা নিট হচছে এ মাবেশা গর আগে আরমাজারজিও
/kaggle/input/regspeech12/test/test_sylhet_0575.wav,থাংবিরার ইমরানা দুইটাতসফিহুয়েল মনার ফিনারঘোতা াতারার হচ্ছে
/kaggle/input/regspeech12/test/test_rangpur_0070.wav,ালেরা ক্রম কোন মাত তৈতম্যকার মাংসিক দাাগনেআম নিয়
/kaggle/input/regspeech12/test/test_kishoreganj_0133.wav,াবফুদ্ত ভাষাি বই বাসা ডলইমাবাদানিফল
/kaggle/input/regspeech12/test/test_kishoreganj_0157.wav,পানিমানবদের সা থেকে সতভাগ পানি ানি ৬রেকপানি
/kaggle/input/regspeech12/test/test_narail_0038.wav,আখল দলিল বারি করতি হরও তুমি যতই দখলে চালেযায় সব কাটা়তার নামে দলই সে এমন দখল করতে হে নাউ
/kaggle/input/regspeech12/test/test_chittagong_0064.wav,দল লিমানে অন্য গলজমাদে ট্রায়গরম বরে এখন ঘননিরিবরিন্ত বেগেনাদাদাযা  ে অ্যানতারঅ্যান্দাগাড বেগডাকিরগুমাইতা গাহাতত হত্যািয
/kaggle/input/regspeech12/test/test_sandwip_0046.wav,েতাপুচ্চিনিদেটিরোহজ্রেমাদে টন আইএংিক বুলিগলাকুংা একে
/kaggle/input/regspeech12/test/test_narail_0049.wav,ঢুনিয়েদা ি কিয়াই যেটে কক্তনািনা রাটি ককদিনেয়ানি়এইজেমাটি কাঠেছি
/kaggle/input/regspeech12/test/test_sylhet_0666.wav,নাবালক দ্বার আপনা তখনও সব্তসমরটাকারার উপ়প্রাকল়াকে ব্েমারাফলাওমানরব
/kaggle/input/regspeech12/test/test_narsingdi_0022.wav,রুবারতর জন্য খারাপ লাগেরে পরয়ত হিসাবে সিনিয়র পেরে তেমন রেক সক দেয়া হয় না তাইবউদ্দীনের কথা বলি ত এউদ্দিন তল নিজের নিজে পরমোনে করলে যা হ
/kaggle/input/regspeech12/test/test_barishal_0020.wav,খারমোকমনি টুপার্স লোক কলেজের বোর দে় ঘরছে এই লোক জুতি একবেলা ওষুথ নিচ দেয় পড়ের বেলায় দুই বেলা ডাক চেবে এন্টিবযটিতুরিত থেযে খবাইছি
/kaggle/input/regspeech12/test/test_narail_0162.wav,না হনতিইনসুলিনলা গাতিয়ে এমন অবস্থায় ছে বরইতিকন তেচালনা ইন্সুকাআ
/kaggle/input/regspeech12/test/test_sylhet_0126.wav,রদিনরন ারা মালিকাএংারআগে মালিকাতল এক মালিক গিরপিকে বা়ি ভুকতে ভিততিকি তারা হনবর্তলের আট নয়ামালিকাাদ অলদো় হরে খেয়ায়েতারাগধে পাদুতালাবাশা
/kaggle/input/regspeech12/test/test_chittagong_0067.wav,তাকে লি বারতা তুতন আইতআইিলেশি আগে ফিরা তাখন টেরুম তদসম় সম হলনফর্না বালা ালায়জা়
/kaggle/input/regspeech12/test/test_narail_0087.wav,থাই তুইত বুলে তুযদি ভুরে নাজাথিরতা়ই পাঁচ মাস পরে দেয়মালা পন জিতেশে মাগুনি রামি ইন্ডিয়াতটা আর সরপরে তস্চেতামেরে একদিন কথা হয়থেকেদিন ইন্ডিয়াক থেকে আসছে
/kaggle/input/regspeech12/test/test_sylhet_0598.wav,তারা বাছাতা য়দাঅতেন কোল দি়বার াগায়লুায়লু দ়র েিনা াদুমা ওসুস্ত গেেন তারাও সব আইছনি সার্বিয়া তার নারকে হাসবেন তখন কানাডাা
/kaggle/input/regspeech12/test/test_sylhet_0210.wav,মর খুব টুপি নারাইটেইল জড়ি ফাইতে বুটের বুটের যে তালিঠাকরণ ও তারা নিরন্ধনে িও
/kaggle/input/regspeech12/test/test_sylhet_0320.wav,মধ্যে পুনরফর্ণডর্নোর কাপড়চুকর কোনো ধরনের লাগদারিয়াত কোন কিছু না চা় উন্নতি বিয়াধিকারে কভ একেবারেই সাধারণ এবং পুবতার স্যাটিসা তাইনোরও কোন প্রত্যাখানায় আমারও কোন প্রত্যাখানায় বি়জনেহেবা আমা প্রত্যাখাখালিয আমি একটু মাতাা
/kaggle/input/regspeech12/test/test_tangail_0083.wav,উলি ফ্যামিলিশুলে এই বাসা ছেড়ায অন্যদা় চুলা জিতেছে এই বাসায় আছিল শুলি অনেক সিটিয়াছিল পরে ফিলি ওশুলির  মারসাথে ভোরনেয় অনেক অন কথা হয় পরে মানেসুলিরাম্মা বুরুন্ডে বলে যে
/kaggle/input/regspeech12/test/test_rangpur_0117.wav,কারাবু রাতুর মহত্ ফু়যই আছে া
/kaggle/input/regspeech12/test/test_sylhet_0415.wav,্রাচীন মা স্বামী বর্ধুপরেকান থেকেইনা ডাকার ডাহাত পুন চিকিৎসার পুরোাগাহল পোছারথলিফাটিপরসাব তোমার আটকাই রাখার মতো আমার িপুনটা পোরসাব ডুলিমিাথখুবসমা
/kaggle/input/regspeech12/test/test_narsingdi_0015.wav,৯০োটি টাকা কিলাগে ত দেড় থেকে ২ কোটি টাকা দিলের একটা মেফিনইনামবে চেেএকটা স্পিড মেশিনে হারা ঠিক ঠাক মত চালাতে পারেনা বল করে বলার বুলগতিউডে
/kaggle/input/regspeech12/test/test_rangpur_0037.wav,ি পাওয়ার আগে তারা খেদুর খেচির উপিড়নকিরআকা আহমাদ ফাকদে প্রোতাত থাকে উটি়ে একটা ফেলেন খায়া
/kaggle/input/regspeech12/test/test_sylhet_0707.wav,পতট করার দখারনাই িমাতিলাই এলে আরারাার আরো তাটা কােআর খ্রিকটধর মম্বলেম বলে
/kaggle/input/regspeech12/test/test_sylhet_0354.wav,টাম য়েছে তালায়নিঝাঁটানিয আমরা ঘোটাযই দিতে পয়লামেমপরি করেছি ২০১৪ সালের নভেম্বর য়বউঠেই নভেম্বর হয় তো নভেম্বর এখন পর্যন্ত আতি
/kaggle/input/regspeech12/test/test_sylhet_0568.wav,দূরত্থ শবি ইংবিশাংাযোরে াম্যাত পকিাসগুলো ইংিশদুটা সাবলেইটর মেতলমা থিয়রিওইএিপিওর পি়ককাডি রাে ইংশি
/kaggle/input/regspeech12/test/test_tangail_0002.wav,পরে ফিরডিউমার কিউটি ও ব্র্যান্ডেড দলে যোগদরইচ্ছা করে পরে ওই ব্যান্ডের দে ভোকাল মানে ও আর কি এক্টু আগেই মানে ব্র্যান্ট ব্যান্ থেকা বাইরে গেছে ওয়ার গা্ গান করব না পরে ব্যান্ডেরজে বাক সদস্য
/kaggle/input/regspeech12/test/test_sandwip_0116.wav,পেইতেনকি আনের আগবহারতােমটত ইয়ামানি সবচেয়ে ভালো স্টুডনা আইেহসপহরে ভালোভাবে হত্যার
/kaggle/input/regspeech12/test/test_noakhali_0010.wav,অদল্যপাতাকপিকায় দুইগেগুি ামািয
/kaggle/input/regspeech12/test/test_habiganj_0046.wav,বইকিংনামনাবেবুঘরঐগিরা রয়েছে পযনাগর কিদাছে কিন্তিনা একটাও আমারে গিফট করতে আমার বাহরা ইদাওই কর্তি নিতেখিম কিনা আর লাইব্রিতিকে আইনান্ কর্তা আমিতাওই নিবেকির যমনা বেশি পরও রয়েছে
/kaggle/input/regspeech12/test/test_tangail_0038.wav,মেইন কারেক্টার প্লেয কর্তু ইর ফান খান আর একটা  কারেকটার আছে বাঘের নাম হে রিচার্ট পার্কার তবিতাইর পাণখানের নাম থেকে পাই প্যাটেল ওই ভেতুপাইপপাইপযাে র এ ছবিতার কিছু অংশ ভারতেকর হয়েছে আর কিছু অংশ অন্যান্য জায়গায় পরায়ছে সমুদ্রের রসিন াছে মোক্সিকান দবিপের
/kaggle/input/regspeech12/test/test_narsingdi_0078.wav,িসুতমার কোনো ইয়ামধুরা পিএসসি গাই সময় হেরেদ কতকাল দসেগলআমা রাউন্ডের রাউন্ড আবারে লোভধায় কয়তি১১ বস্থার রিয়্াডারেকনতা বালা করই দেখবি তরা আরবে
/kaggle/input/regspeech12/test/test_sylhet_0571.wav,শচর ইতন্দাজমে ড়লিউটিয়া নানে বুচ্চস্নে সুপারুবাদি পিয়া গিনোলা াদা েফনে হাইন গত থাইন লুকেই রা্তাবাতা় েরাহনদাইরের
/kaggle/input/regspeech12/test/test_chittagong_0095.wav,বি্িত লমনচূল ি সবাগতল যেহনওতচুক নয়ই এতে বলা থারবরগুত্তু পয়ন্টদশীতের পাথরসরি ফটগামত শিচিওনি
/kaggle/input/regspeech12/test/test_sylhet_0160.wav,ইমবিআইসিলনি মিলিটারি বমাইগিতত জাফাইলসে
/kaggle/input/regspeech12/test/test_sylhet_0065.wav,রপরে ক্লামে আয়ারস দেচা়িত্তা তারা অকরতা় মাইক্রায় হ়তন তাত্রমেকি ভর্তি ওর বামহই নতবর্চ়তরতারি প্রাঙ্গনকেন তলরনে পবলটে দেখা দিত নামে বর্তেছে
/kaggle/input/regspeech12/test/test_kishoreganj_0072.wav,তাম ২ৃষ্টিআসা ২২০ টেতাবহবি্ি মাঙাদাা  হয়নেগা
/kaggle/input/regspeech12/test/test_rangpur_0085.wav,আইনডাই দিয়ার মারমতোবিরোজাই বিয় পাবের মত
/kaggle/input/regspeech12/test/test_tangail_0114.wav,দোকান খোলে হচ্ছে তোর ফাটাড  আগুন আরো আগেই লেগেেতখন খো়াচ্ছিল না সব তালা মারা িল কিন্তু আমি একটাতিন াতি না ওরাককেশটাতা কেল দোকানে রাখ তদের কেুোটধার রাতে কলে আমার তকরা করো ১ক টাকা করেই না না খুড়ছে
/kaggle/input/regspeech12/test/test_sylhet_0104.wav,বিল্ডিংয়ের মাই ঘোরের মধ্যে বোধ প্রাহবোদা তিজন প্েমি েল সেলেরা
/kaggle/input/regspeech12/test/test_sylhet_0282.wav,যাইওবাঁদে ফুটকের উটার করিত লোলা চিন্তা করান এখন বেয়া করা দরকার উসময় কটু চিন্তা করিয়া দেখলাম া এখন আমি আমার চেতে উকুরের লেভেলের মানুষ যদি পুজা যাই আরও ক্ময় লাগবে
/kaggle/input/regspeech12/test/test_narail_0167.wav,কারণে বা়ি
/kaggle/input/regspeech12/test/test_sylhet_0098.wav,লএবিলাগিবিটানটাকিনেবে লাগতা বাকষায় এনডাত পানাকোমখায় াসাললা চেল্লাসিলেরকম আনে কেরকম যাইতাছেিপিতামকুনোতৎপরতাধে দিন জায়গা কসপাইকেছে দিন্জিতালা ছয়পাল্লায় টাু
/kaggle/input/regspeech12/test/test_sylhet_0195.wav,মেলিপারলে স্লেন পরিনা করতাহরতে তারা বযবহার রাে ঢুলাতালাগিতা
/kaggle/input/regspeech12/test/test_sylhet_0460.wav,প্রতিটাইমে সদি মসজিদপিতা লেগে ত গেতে গিয়ে কতদিন গিয়েছেন জুরকলল আচি ড়াআমাল কতথিকনে বাবা আমি অকিসি বিত্রি নেয়া
/kaggle/input/regspeech12/test/test_rangpur_0081.wav,তার মধ্ে করছে ে ় গোটাে  ব্যোবইলে বিখে হয়নামনে অবশ্য ্য
/kaggle/input/regspeech12/test/test_sandwip_0126.wav,আ্লাইিে ফলপ্রেশারে কোন হোলা নাশনা অল হেতুল খোলান ভুত বাধ্যাে আনআঙ্গ পরিবারের মধ্যে আই আ়াবা মারা
/kaggle/input/regspeech12/test/test_sandwip_0016.wav,দামাসনিােতে বা নাই বাত ডেমত দরার
/kaggle/input/regspeech12/test/test_tangail_0126.wav,লুকাইয়েই থাকবে এত বড় একটা কথা বলতে ভাই একেত গর তারওপপরেই আগুন ধরতে  সব টায়গায় মানে এখন গরমের তাপ শুরু হয়ে গেছ কি গরমটা করতে দেখত কথা হল গরমটা রোজার মধ্যে পড়ত ভাকটির দিকে রুজাচ্ছিল আরাথভাব ছিলাম খুব বৃষ্টিতে ঠান্ডা ঠান্ডা রোজাটা শীষ হব
/kaggle/input/regspeech12/test/test_tangail_0016.wav,আার ঘানঘ়া শুরু করে পয়তার বিখ্যাত গান বুখি মেন্গেক তডি পুরা ১৯৮১ সালে মন রেলে পুরা স্টেডিয়ামে সবার সামনে ায় ার
/kaggle/input/regspeech12/test/test_narail_0058.wav,াপাকসতারডবাঠফাড়ি করে তরখনিপি এঁতেহা যায় া জমিত ভালোভাবে নি নাই ও জমি ভালব থাকবে নাদেহসিস্টেম এরটা
/kaggle/input/regspeech12/test/test_sylhet_0720.wav,খুব একটা নাই এটা এটা খুলি ল্যাংআরহয় যে ইট ইটার কিতা করা লাগে
/kaggle/input/regspeech12/test/test_sylhet_0515.wav,এইইনিংসা করতে বা়া লাগেন নে
/kaggle/input/regspeech12/test/test_sylhet_0266.wav,যেদিন আমার ক্লাস শুরু ধিন বৃষ্টি়াতে মর খুব মনে আছে বিষটিাতিলআর ক্লাসুরইতে আমি জানিনাআমার বায়াই টখন বারটপেটিত পরে কাজানাল বার তিকটামা বাই অর্থনীতিক পড়তাম তখন মোবাইল পোন্ো আতেই
/kaggle/input/regspeech12/test/test_sylhet_0288.wav,কিন্তু আমার যে অতি আমার যে ট্রাগ আমার যে স্ক্রী ইটা টেতে অ্যাডজারসটেড না হইলে পরবর্তী লাইনটাও মোধ নাওট উপায় নামি কিন্তা না করিয়া আমার জিগাই পেলে ব্যাপারে এ ও বাড়ি থেকে প্রস্তাব ছি তো মারকেটে
/kaggle/input/regspeech12/test/test_sylhet_0235.wav,কলেট আমার বাইরা মূলতটেখা দিয়াত লিচ্টা মছই আনিয়ারসোফরুদ্দাইলজা মেলা টানুর মাঝে তারা রেকট বা়ের পাটাইয়াছব মার রেজলট মিষ্টি ততযাখাইে হইয়া রাখ্ছে বইপিন পারিবারিক মিটিং মিটিং ও ডাকলা টিতুবালার জল তখন
/kaggle/input/regspeech12/test/test_barishal_0084.wav,নিে মনে করেন কামকামেরদার হেনের লোকের বাখারা গুমায় ন মনে করেন আটতা নটার আগে হেরা আইবে নাপর মুলজির বই থাকতাম াইয়া পুড়লমু়ল াইতারাইোরাককেন্দ্রে শুরু করিে দিা
/kaggle/input/regspeech12/test/test_sylhet_0255.wav,র একটু মধ খারাপ করিয়া গেখি াবেয়ার প্রস্তাব লইয়া আএকিন তুতে াাখন বায়েন টেক মুফতিন করেলিখেন আগের জে়ে কইতাযে চিটাফাত করিলা খন আর ইহা কইয়না রেএতেদিন তাইব লাম তাই যদি তাই বদুন দেয়ায় অখনান আমরা বিয়া দিয়ামনা
/kaggle/input/regspeech12/test/test_sylhet_0399.wav,একদুর মাকি
/kaggle/input/regspeech12/test/test_rangpur_0030.wav,বোইিুবা অতিথিরা ৮াকার্দাইলোয়ার অতিএক্তিযার বিনালে া
/kaggle/input/regspeech12/test/test_kishoreganj_0035.wav,িলোয়নামবকাইনিংগলিমোনে্রন্থমৃন্থি িত
/kaggle/input/regspeech12/test/test_chittagong_0106.wav,ে আর তুরে হই ওই ঐইদিনলদি ছুয়াইবী হতান ন হয় না তইকি িসানজু আপুর হতগত তারা উিত মানসী বেশানজাফুর রেদিন সাইতু সাই লায় হরেন তামেলামদা
/kaggle/input/regspeech12/test/test_sylhet_0033.wav,থাৎ উপাষ্টা বাঙগা প্রতিযাবলে ১০ টাকা কাহমি ড টাইমচা সা পলটন খাইলা প্োথাক খাওযার পরে পার করে দেয়া হয় টটআও়দনু উপ্রবাদকেগিতা পাঠ করা হয় প্রতিদিন চন্ডিপার্টিতা তুকাহজে চন্ডিপাট করা
/kaggle/input/regspeech12/test/test_narail_0100.wav,দিন আগেট গুড নিউইলবিচ্যাক্টম্যাট কছি কিউসুই সুদ্ধবা থাকা থাকব না ন্যাসনসন
/kaggle/input/regspeech12/test/test_rangpur_0105.wav,ারঠিকভাবে গাযাপ্রতি বিনে গায়তে যায় গায়া
/kaggle/input/regspeech12/test/test_tangail_0014.wav,মার্কেট থেকে আউট হয়ে যাযব পরে  অরাকলে রকম ষড়তন্ত্র করতে থাকে পরে ফেডিয়ে এঁটে আসলে রাকসময় কুইন্চথেগার কি আলাদা বেড়ে ফেলায় আরেদিকে ফেডিও মনে কর ফেডিও একসময়
/kaggle/input/regspeech12/test/test_sylhet_0265.wav,বুর ঘুরানুর মতো একটা অবত্তাতাইয় করতি যেতুমরিকতিষ্ট আসলাম তুমেরি কিষ্টের প্রথন থেকেও উঠল উঠােতার বেধাটিতে প্রথমদিনথিকে উঠ
/kaggle/input/regspeech12/test/test_sylhet_0474.wav,ংতাইয়ার ঠবলে নথাউলর বিয়াকে নতুন দানমাঙাইা তোবড়ে ঢুকপারিতেকনাকদাপ প্রকাশপা করিয়াছবলেনেনুকাহাগেও হইব পলিযোগে
/kaggle/input/regspeech12/test/test_tangail_0064.wav,সে কনো মানে যে যখন যেই দায়িত্ব পরে কনো সেব কহনওয়েটার কহনো ক্লিনা কনো ডায় ডায়ার নোওয আসাদ কনাবার দেখা গেছে ম্যানেজার পুনএকপ্রোডে তৈরকম
/kaggle/input/regspeech12/test/test_chittagong_0030.wav,সামনে মোাদলি লেমা অদেক মুবাল দা হালি করতি আারআমাইতি নিয়ে আরা এক০দাহাদিব হৌদে মাইকেনিডদেরলেমে গোল মোবাইলো এলে আকুুনখি
/kaggle/input/regspeech12/test/test_comilla_0024.wav,তখন আমি জিজ্ঞাসকলাম কি হয়েছে তখন ও ঘটনাটা বলো আরকি এরপরে আমি রুহিরিনে রেডিও যাইতে চাইতে শুনি যে মানি বাচ্চাতা মারা গেছে লাশ নিয়ে আসছি উপজেলার মধ্যেই দের বাসা এই ঘটনাটা রুহিরিও অনেক ভয় পাইচে আর আমার জীবনও মানে একটা স্মরণীয় ঘটনা রুহিরর
/kaggle/input/regspeech12/test/test_rangpur_0114.wav,মায়ত খামাবাগ ছিল ােওইথরা আছে দিনাজপুরই যে উুড়ে রাজনাতি দিনাজপুরি ঐ লেেইতো
/kaggle/input/regspeech12/test/test_chittagong_0082.wav,প্লাজাকেনতহন আ়না যাতেল বগগুনের ব্যড়ত ইেেতাতরামতে কেনাগার কালি পোলাভা
/kaggle/input/regspeech12/test/test_sylhet_0577.wav,ছরতো আমি োাাএদর পর এথিকনিকো গেলামইদর্দে
/kaggle/input/regspeech12/test/test_kishoreganj_0188.wav,কুঁডি পানি তেখুনে কারো নদমাজব নদবানতবা
/kaggle/input/regspeech12/test/test_kishoreganj_0123.wav,ডেলতাতােতাপুর্ামিল ফ্যিক্টরি শিল্পকারখানার সচ জাকতে বিভিন্ন ধ়নে জিবাসজলা নিজেমন জিবা সজনের মধ তেল পাকৃতিজ্ঞে প্রাকৃতি
/kaggle/input/regspeech12/test/test_sylhet_0473.wav,তিিেগেটবান েটফদ্যপোয়াযাবোপল্পহয়াশিতমুতা হ়যও
/kaggle/input/regspeech12/test/test_kishoreganj_0108.wav,এভাবে এভাবেই শক্তি থেকে প্রাণীতে প্রবাহিত হয় বাস সংসতান উদ্বিদ থেকে প্রাণীটে রকটির প্রবাহের এই ধারাবাহিক প্রক্
/kaggle/input/regspeech12/test/test_chittagong_0017.wav,াতিলেকাডি আরালা অবস্থাহলে থার কি গরমে জুলই হতকষণ আবার ফুয়াইর আবার গামত অরেক দিনের ফাসবস ঘুটো হলল নররি
/kaggle/input/regspeech12/test/test_kishoreganj_0111.wav,ইদানিতে শক্তিঅনিকখদ্শৃঙ্ খাদ্যপানিতে ঠকতি প্রবাহের একই দারাবাইি পোখ গেয়ে হলো াদ্য এখন টাা
/kaggle/input/regspeech12/test/test_kishoreganj_0085.wav,নএবচপাকাাা
/kaggle/input/regspeech12/test/test_sandwip_0128.wav,্ প্রগরা বিয়ে করন আতেবিস্ে তাথেলে খাইগেনা এননে অবনামন বিএলআই সুজুগালে নিই়ে
/kaggle/input/regspeech12/test/test_sylhet_0359.wav,ন্টারকরিয়া মােট অনামার পেটটাল লাগি তে তি একটিকে কেবলপয় আমি অনেক সিনিয়রারা তো দেখছি যেহেতু
/kaggle/input/regspeech12/test/test_narsingdi_0010.wav,ওরা তো আরো হাইলেভেলে সেজন্যই তো তারা লেক্সমিন ফেলতে গেলে তমস্পিহায়ত থেইগেছে তবে তবে ইডেনিঙ্গালে ভালো উন্নতি
/kaggle/input/regspeech12/test/test_habiganj_0102.wav,পিজিোলজিা নার্টামি মুটামুটে আগের জীববিজ্ঞানের সাথে খেতুডা মিলে তারপর গুলা সোহজ লাগে এহং পরতে করতে আর বিহিবিয়ার ফান্ডামেন্টালের সাবজেটগুলো সহজই লাগে আবার মাইক্রোবালে ডি ডাহালি কটিন লাগে তার মাইক্রোক্তের নাম গোলা কটিন লাগেই তা মুকি দাঁ়ায়েনা উচ্চারণ ঘরা যায় না
/kaggle/input/regspeech12/test/test_narail_0020.wav,গুরঘাধারা কইয়া গেল রেক১েল রএকল আটে গুরু গতসালবা লেখতে পারগনস্থলপা লেতে পারামাতকোনোদিন তোমা আরেকট নিয়ািিিলাই দিয়া যাচ্বে গুরুদরে আতমা দি়ে
/kaggle/input/regspeech12/test/test_chittagong_0043.wav,ফিজিবাইে থাএতে যাচ্ে দরিব হইয়া ি অজ্ঞরিনা তেফুঙ্রে হৈদ গুমেকো ছলেতালা জুরাত সময় ফাললাল আগা
/kaggle/input/regspeech12/test/test_narail_0010.wav,মনি করছে না আমি এরকম তো কোন কথা কইনি আমি তে রকম কোনও কথা বলি নাই আমি এরকম টাকাপয়সা ্যপারে কোন কথা আমি সরশুনতেছিলাম আমি শুনিছি প্রকাশিতে তালি তুই সন তাইলি আমি সরে যাচ্ছিত ালি মিশন কাশে আমি তো খহরে যাচ্ছেইতা কইশরজাত্রা এতা কাটাকা তাকলেকাকটি জে
/kaggle/input/regspeech12/test/test_narsingdi_0115.wav,নিশনটিয়েটা অ অ্যানতারমেতা সফটওয়ার এতা চাইনা মি সফটওয়যার নিকপটওয়ার ফটওয়য়ের টওয়্যার সুজিমাহিনচাসারদেইিটার টিচারিতি কাজ্নবি না
/kaggle/input/regspeech12/test/test_rangpur_0019.wav,পতাকা হয এমনি ভালোদন্ড পৃথিবকেশ্রৈদিতেন াগনিয়া এইে
/kaggle/input/regspeech12/test/test_barishal_0038.wav,তগুণ তগুণ াকনা এক বছরের মধ্যেদেই ইতিদুগে থাকন দির্যাটাডি ডি ওই লোক
/kaggle/input/regspeech12/test/test_sylhet_0363.wav,ৃ্ি্তহলমিএ এ এডুকেশন প্রোরুফসপেযেতু আমার তেতরিট ইকেতেগনবিয়াতবির ও ল্যাশটম প্রটেক্ট ট্রাব্যুনে  তারাই লাখনের মানে এখন তাখননুরগিম দেখানিনা পাবাকা আরটাইম দেয়
/kaggle/input/regspeech12/test/test_sylhet_0054.wav,ম বাই পরে বৈনর বাবামারপুর ব্লাভিলচার পাওবাঙ্বিতনাগ্রমকন ২০০বিক্তালের ডিসেম্বরের া
/kaggle/input/regspeech12/test/test_sylhet_0516.wav,ির বল উদ্যামনআমি জাগলা কয় গেলাবেনধারাতার পরা করে বই
/kaggle/input/regspeech12/test/test_sylhet_0724.wav,মোটা মোটে তালি় দিনি পার্মানেন্ট হয়ে গেছেদিন বিআরটি সমা য়া্তিরাউন্ড ওইকেকপিংদূর করাই লিকত হয় এরর এরাত
/kaggle/input/regspeech12/test/test_sylhet_0311.wav,িন্তু খালকেও  আবাম মরবুদ্দিনকে তোমরা সমর্থে নই টমকেলাই করা ইদ দুই ব্রন্ধু আইকরি নাবার আপনা বাড়ি আম্দাবাডরি তাইয়াও লা আমরা সবাইদে কালকবিয়া
/kaggle/input/regspeech12/test/test_comilla_0013.wav,রুহি ভ্রাপ্তা সে জ আকাশেত বানি সূর্যইটা রছে রৌদ্র এত রোদের মধ্যে তো কেউ তাকাই থাকতে পারেনা কএটা ভাইবাও দৌড়ের কাছা গেছে যাওয়ার পরে দেখেযে ওর চোখ মানি চোখ দেখা যে ও ত়আর বুজতে পারপতে ছ না চোখ উন্টাই থাকলে যেরকম ব স্থ হয় নার সূর্য বরাবর একদম চোকটা বিভাগে আছে
/kaggle/input/regspeech12/test/test_sylhet_0165.wav,নিদেষ্ট ফেরবিলেঘন করে াকা ঢটট তাকতানা নিবাচ্চাারাইভর কতরস্তা
/kaggle/input/regspeech12/test/test_habiganj_0044.wav,দুবারে অনকুনো হায়জাজাপুনবাদে পুনবারদে অন্য কোনো হা়দের বাদে বাওয়াময় বাধা দিতে া পাইবুনে বাধা দেয় আর ইতম বাদা দিলে বা কেমন লাগে বাকিা
/kaggle/input/regspeech12/test/test_narail_0168.wav,ও তালায়
/kaggle/input/regspeech12/test/test_chittagong_0056.wav,ব হতানডিঘ মগতবাত্তা বেশি মসবাংাসবাহারগি এ্যানাগং ববোঙ্গাোরা আাতুরমা হতাদুননিলে কেন বেন হতাই
/kaggle/input/regspeech12/test/test_sylhet_0202.wav,প্রাইততাকনিরঘরই যমনপাট ছরিকেকতি তখন আরআমমার পোড়ার কোতা কোয়া লাগে না অনা িানুন রৈদদিতগ দান হদ দিলে
/kaggle/input/regspeech12/test/test_narsingdi_0103.wav,আল্লাহহুকার এনবা কালুদার অন্দাফিকপা  াামিগারমবানি
/kaggle/input/regspeech12/test/test_sylhet_0293.wav,স্থার আমি আইি বাড়ছিলে আওয়ারপরে নয়বর্ষরফেলথ্রাফিকি মার হাসন্ানরা খুঁদছে তখন দিনে তারে তোমরাকজিপিহার তারে কটা দিউ তেতাইনামারে কোন্দিস কোন্দিয়া হইলা যেইতোমার একজন ফ্রেন্ট হইয়া
/kaggle/input/regspeech12/test/test_sylhet_0193.wav,বাড়িটিকি কাফর খুপর করো আনিয়া কুপাইয়া রাখার মুরগুরু ব় ডেইতা পাপানি ওওধাতর কালকুলা দিল মা ততত করিয়া খান হলতে মরু অয়য় মুরুগের কাঁতারভিতের
/kaggle/input/regspeech12/test/test_habiganj_0070.wav,রঅনামিকার দারুল অনামুখে পারুইয়ার কটিসেডে একটা টপারসের মতোবেশি বড় নানা তিনতলাপিজা
/kaggle/input/regspeech12/test/test_kishoreganj_0182.wav,২তএলএলেপুষ্টিকিতনেরজন্য কুনডিপইবিা
/kaggle/input/regspeech12/test/test_barishal_0037.wav,ানামনামনে জানে নিনে ইপেপাররের সরলসুদা নটি বেচরতলাকে তলাকেলেবে বে ব্য দামাইতে যাউতরাারা খায়া রি আমার দোটা় কইয়েন বলে তর দোষ ও মরে হঠাৎ করে াকি
/kaggle/input/regspeech12/test/test_chittagong_0127.wav,িনকাল বাসতবযা দায়িত্বের গিযে তার আততাবাদনেমে ামহানগরেক প্রেস
/kaggle/input/regspeech12/test/test_tangail_0104.wav,তামে আবারও মানে নামগুলায় উল্লেখ করতেছি প্রথমছ প্রথম ডাইিতে বহিম্য়ান ররেপ্তরি তারপর ছে সেরেনডিপিটি তারপরে হয়েছে লাইভব পাই তারপর ছে অক্টোবার তারপরে হয়েছে সাহবারিয়া
/kaggle/input/regspeech12/test/test_rangpur_0005.wav,ে দাম বলে ভাড়া াি নরনোদা ম্যাডাম কন জায়য়য়আনি
/kaggle/input/regspeech12/test/test_rangpur_0073.wav,সিএকবারে একমন ট১২রান অনত আমারখাটারাগুলে দেহ কতবুলে
/kaggle/input/regspeech12/test/test_sylhet_0343.wav,পিয়া সকাল এক ক্রিকেট বিকালে কোলা কোরিয়া রিটেন পরীক্ষা দিভিয়া জাইও কুরিটেলের রেজাল্ট আখামদুলিল্লা কদিটি বাইতে যখন রিটেনের রেজাল্ট প্রতিটি বাইসে তখন তো বাইবা দেওয়াদ দেইটা
/kaggle/input/regspeech12/test/test_sylhet_0749.wav,ন ২ছবৈশ্নকরিয়ারেতোথানিবোত মেয়ম
/kaggle/input/regspeech12/test/test_narail_0135.wav,ি পাবেনা ার পাতামাল অনুশরলা খুব খারাপটা খুব খারাপতার মাছ পনোআার মাকরেছে কি পাসফোর্ড করে আমার মা রে ইন্ডিয়ায় ফেরত
/kaggle/input/regspeech12/test/test_sylhet_0390.wav,রতে বলোলগেখাই শুনিতে আছেস্থাইিযেতা তালা থাকেজানে  াি
/kaggle/input/regspeech12/test/test_sylhet_0645.wav,মাখরের খারাদিন তোমরা কেদাখালাদোলা ফরখলেন সময় যায় লেখই
/kaggle/input/regspeech12/test/test_narail_0028.wav,ি াখান পরত্তিতনিজক্শমিখালকুলি আহাদ মিয়ার কোন জমি খাযইনি
/kaggle/input/regspeech12/test/test_kishoreganj_0019.wav,এখানে পুর্তি বা়ি বাড়িছি বিলাি ৮টা এইবাতবিলাইতে আটালা
/kaggle/input/regspeech12/test/test_sylhet_0488.wav,তারাটেনেল রাদেখব নিয়ত ক্ষুমাদা গোখপই নিতন ১১টার সময় ১১টার ১২টাই িতাবোরে স তাজুর পরি় েহুমেলান মটাি এরপরে বিক্রে আবার গ্লাভ পরিমাণ মেডান অনোবীতি নাজেরোপরের বাবা ইনর্বিক্রে আম
/kaggle/input/regspeech12/test/test_sylhet_0548.wav,ইউটিবেিরমজান নলি মাস্টার্সে  আা াকার গ্যা দিেধমানইলে পড়াতকজাওয়াও তেখনা এমতির হলো আ
/kaggle/input/regspeech12/test/test_sandwip_0043.wav,বসাসতা রেসিনি হেনে বথাআসবাভক আইনাগেবার ডেঁজেছে অনে ও ছেরছিরি গনরামা
/kaggle/input/regspeech12/test/test_sylhet_0678.wav,বেইও তাই ও থকনে অনেক বালা ানে পোটোয়ারব মায়েরাকিিতলাকর বা্তারে য়া ায় আরকিল আপনের মানে প্রময় দিন কিলা যায় তারা দিনেেে তখনো
/kaggle/input/regspeech12/test/test_rangpur_0033.wav,বন্ধুগেনেরবাড়ে তরকারি আমরা আগে থেকি গরেনেতেলি
/kaggle/input/regspeech12/test/test_sylhet_0332.wav,কিকাছগুলা ক়ালাগে আরেকজারওত বেতন দেওয়া লাগব তোমার হিটাখাদ দিয়াতই বেতন তুটলাটাল কাকটে করিযা তুমি কাজনার পুয়ার বেতনও তা়বারতায় না না ধুমি পাকরি জামলাইতে মারবান না তুমি বুয়ার হুমাইতা তার চেয়ে
/kaggle/input/regspeech12/test/test_sylhet_0641.wav,গাউবলব টলিতাপে়সীতাকানএখন সরলে পিষা ছুনি মুখহ ধুর্ঘব লবনকহগহিরাাবরা কলে তারা অবপৃত
/kaggle/input/regspeech12/test/test_chittagong_0131.wav,খালাপইদাবেপিওনহে নিালিোগরথমায়রা সাল হাতটাবা থাল গেরগু
/kaggle/input/regspeech12/test/test_narsingdi_0087.wav,সপ্য া িা নাাাাইদে দিনের পিহানা বিশ্টেইগরম পর্তা আল্লাব্রৃকটিলেমি বিসটে লেখায় বাকাব নগর
/kaggle/input/regspeech12/test/test_sylhet_0196.wav,বাকী আমরা ফুটো কাঁচজল সলাম পরা পাঁচজনের মধ্যে সিরিয়ালি আমি াকলাম কাইনা বারামার খুটু আরকটা বাই আছি তআমরারাখুনে কোনো টিচা লাগত না আব্বারকোরাইতা আমারামা স্কুল্ুলেদেখুইনা আববা
/kaggle/input/regspeech12/test/test_noakhali_0013.wav,আতআরমে সাযইরোনা থালে ব্যঙ্গা দিতাম
/kaggle/input/regspeech12/test/test_narsingdi_0006.wav,আরে বাংলাদেশ কিলোমিটার দুর্নীতিপাপকন্ধাে অবপাননস্টগুটিয় ঢাকাএত টাকা দিয়া কি করবো কিছু টাকা পয়সা  খরচকলে তো ভালো
/kaggle/input/regspeech12/test/test_barishal_0070.wav,মাথার দবারে থেকে একদের দেয়ালাইিদেন না পাল্লা কেকু বাজামাাদি আপনা দেন বৌ বই়াাতাইয়ে থাকতেই বে দেখ
/kaggle/input/regspeech12/test/test_sylhet_0420.wav,খঠাৎকরি এনডাক্তানমনতাকে১৩জন ডাহাতুমি মকবায়াপরে কালবিুরতিমনবন্তে দিয়েকন বালন
/kaggle/input/regspeech12/test/test_sylhet_0605.wav,াবরি মেডামটা মুিমমের গটনা নিয়আার মেয়ে ঠিকটাকই গেছ াত্ তারানেমার বারতা তো অনেতুএকতার মেয়ের নিয়ে মেনি বিদততা করে অনেক কাহিন
/kaggle/input/regspeech12/test/test_narsingdi_0113.wav,য় খুস্বোলেচোকি কে পক সিন্দারেটিসা কগর
/kaggle/input/regspeech12/test/test_sylhet_0430.wav,নিকটু রই গেছে েএর প্রোজেন বাওলা করছে নোবানালাবতন ুরজি্রেন এর ফলে পরশনা প রাস্তা় জিক্যেটাটালাছবেই গুয়াতে
/kaggle/input/regspeech12/test/test_comilla_0022.wav,কিভাবে হইল এটাও বুঝতে আরঐ েমেযাটা মারা গেছে ও মিয়েটাহ সিলেমানি ওর বাবাময়ের ছোট সন্তান অনেক আদরের একটা বাইি হচ্ছে  ইঞ্জিনিয়ার আরেকটা বনুছে য়াতে পড়ে কলেজে পড়ে আর মার সাথে মেয়েটা থাকে
/kaggle/input/regspeech12/test/test_narsingdi_0097.wav,তৌখুমেলেনদ্যন্যােেনেন্টদ্যড ওয়া দেগে জেলেবিঈদের দিন মা় কি রানব ্ট্যামাইনুডিলস ্
/kaggle/input/regspeech12/test/test_habiganj_0113.wav,নে ক্লাজটিমুক্ হয় ক্লাসইল বাট ক্লাসেই তো একটা প্লথান গুরুত্ব দেনা এরা বিশেষ বেরা সার্গোকোস্টে বা কোচিং টুচিং ফ়ে উস্ু অনুযায় এরা গরুপপ়ডে যাা় শবিজ্ঞান শেষ
/kaggle/input/regspeech12/test/test_narsingdi_0045.wav,গোলাবানকালকা কলিংটা দেখি অনেরেক কলিংটা নাকি ইউদেইয়া আতকবাদিমার নেম নেতাবুল জাতিনাদেরমাতপিে নিজের এ্যাকসেন্টারঅফ হবল লন্জি লিগার এক রনের কথাওই
/kaggle/input/regspeech12/test/test_sylhet_0679.wav,াতলনেরে প্লবতরাছেন না রস্াশিকাতাহরেও ার যায় ম্যাটার ফ়ালাপাপনিফন
/kaggle/input/regspeech12/test/test_tangail_0119.wav,তারপর বিদ্যাসিন্না মিম তাহাসান সবাই জার্জার পক্ষ থেকে এক এটা কাপড় কিনতেছে পোড়া কাপড় এবং ্যাগা করে এাকলাকটার করে দিতেছে এটা খুবই ভালো উদ্যোগপালে ফবার কন্টিবিউশনে দেখা যাইতেছে ব্যবসায়ীরা আবার নতুন করে দাঁড়াইতে পার ানন্দ বিদ্যাসিংহা মিমের
/kaggle/input/regspeech12/test/test_chittagong_0164.wav,নরামরা ুবনাকিনি াম  মুজামফুর ুবা হাছনা সোহালাল্লা হতা হরনি এতে হতা হবে মাতকানব্দেক খম বেগে
/kaggle/input/regspeech12/test/test_sylhet_0729.wav,আশপাশে থদনা রাখাগাটিনালাফাইবিটচেনিজুমামানে
/kaggle/input/regspeech12/test/test_rangpur_0116.wav,কালাই না থাকা এন ডাইনাশাক দেয় খন ধিরা লাগে যখন তায়লাগে তখনে তার ভিফিল
/kaggle/input/regspeech12/test/test_sylhet_0191.wav,ুখাযা বারকনব্ানকে পাবিলি বেদন গুতা লাগতে দেখা নিতে রার আগেও িিাতেলুনগিয়া মোাবুল ইউনলংলালাবেন্ট মুকাচাহাইটানখাই
/kaggle/input/regspeech12/test/test_sylhet_0702.wav,এটা ইটে পেকার কেলাআংকইন আফনার রে বাবু
/kaggle/input/regspeech12/test/test_sylhet_0364.wav,বলতে আমরা যেভাবে ট্রাহুল করিয়াই জেমরাপাত্তারাতরিত্তিলাক ডাগে করত নায়
/kaggle/input/regspeech12/test/test_sylhet_0224.wav,জন্মগত ফেস্টা এটাতো পাইকমু ও আমি পড়াুরুইটাতে কি বালাবেতল করিয়া বাইবিসি ওলা উদাহরণ দে আমার বাই়েন প্ত্যা বালাতআমার শুটাতে পালা আছে ামিও না এতাকি কুনরকম কুনকুরত পরা
/kaggle/input/regspeech12/test/test_sylhet_0146.wav,দিন কিতাকিতা খ়ইন আমরাই িতাকিতা করুআকের মানেজীবনলই অতু বেশি জানা দরকার আমরা ছাত্রছাত্রীরা কিতা করে অতত আমরা এনইটান াকিতা করুন তেমনে দিন যেয় আপনার জামানার সাথে আমরার জামানার কিতা কিতা পারত
/kaggle/input/regspeech12/test/test_narail_0075.wav,রাগাই তৌমারপতটা মারাতামা াদেশএআলটে তেতেরদিন আকা এই কয়টাভবেোান ছুললেন আমারামাকাতানগুন
/kaggle/input/regspeech12/test/test_habiganj_0061.wav,ুদৈইরা বুয়ে তাহে যদি কুতা কুথাকই তাহা দেু অবস্থা মনপরেতাতন্কিতা কর তাই এড়াউদে হাজার বড় এ়াত একটা কথা হইও পরাদবইেপরাদবরালিত আমিটের  আমারাতম পিডাআাইতাই তেকে পরাট বইলে আবার মা  তাহে হাতে মারে বারত মর প্রাতউ তুলে নাকিন্তু এমনে ডোঙগেরা এমনেরিটুম আমরা ডোংনাঙ করি
/kaggle/input/regspeech12/test/test_sylhet_0638.wav,এতাকরা তুমি রানে আহরণে
/kaggle/input/regspeech12/test/test_narail_0056.wav,িরধারে নাকি কাদদারে নোটিাাআাকে াে  আমাকে মেলা দিন ফরেওর ভিতরে ও রার দলিল ে আমাগেযে বাধাইরা ইসলনা জমির কথা কয়োকে তই বিটাঢুক আমাকে দেবে ওই বিটা ও ইকাননেমে দলি লফ ফেল না এজানি মেলা যেই রেকর্ডযই গেছে সে আমা
/kaggle/input/regspeech12/test/test_rangpur_0092.wav,ওয়াদা মানুষে করাই ভালোভাবে ওয়া য করা় তো পুলুষদআ
/kaggle/input/regspeech12/test/test_sandwip_0079.wav,আমিনতহুমপালা অধিকক দেখলে অদিনেয়গে দেখছে
/kaggle/input/regspeech12/test/test_sylhet_0142.wav,নাখেলেখাপরিবার নিয়েুনিপরএও অভিক্্তাবকপরিবার নিয
/kaggle/input/regspeech12/test/test_chittagong_0116.wav,বেজললা় ফীড়ে আবাবিকালে স্থী এটি তহকাল্লার মুবারটুবালে সধুন অধে ভে় তাড়ানো মানানদিব নদি বস্ফইদে াে প্রজ্ঞাহান ইরেতির লালা বুঝাপারা
/kaggle/input/regspeech12/test/test_sandwip_0069.wav,তহইযা উনিও ঘারামা যেদুগুরো খাইবার দুযগা খাইজের সাইফুছ হলের স্কুল নিবশেত হইলেহলেভাবি আই া
/kaggle/input/regspeech12/test/test_sylhet_0661.wav,পা়াও আমরাআরেকবারেননিতা
/kaggle/input/regspeech12/test/test_noakhali_0002.wav,াটমেটোকে টটিসি জন্য ওকাত অমটর দাম কমেনাকেল া
/kaggle/input/regspeech12/test/test_chittagong_0090.wav,যাইর কম্পিউটারে ইন্তিহাকদার উন্দিহাতদর এখন ব্যবসমারোধে কারালয় তাকে ই থাকেতলে নাাি মেডমই না ম্যানাক
/kaggle/input/regspeech12/test/test_sylhet_0214.wav,আমমারও মলে মনে টারগের জামারত একটু মোলা না মখয  ইটা শেত করতে চোক করতে একটা কিামেয়ার যিনি বলে ব্রেঙেরমাজের কুকসামা রিং দিে ওটাইলকে
/kaggle/input/regspeech12/test/test_chittagong_0109.wav,আহিদিমে ঘসুন্ত রাচ ছুলট লম্বানা গরস কযাদিট বাজাগা খালামতাত ইরভাবানা রোছবি হতাশ হইযা নাইনাইমআই
/kaggle/input/regspeech12/test/test_sylhet_0024.wav,কারপরেআমরা কায়  নঞ্জলিত অহল মারখাতে বি দেয়া গিয়ে আমরা অঞজিনরকলপসারী আাএুিএগুলো খাওয়ার পরে  দুপুরে যক্ষাপাত কর তাইমিল তখন মন্দি
/kaggle/input/regspeech12/test/test_narail_0127.wav,বর থা়ে বাড়ি ছায় বলে শকছেও থাকে না থাকার মত একদিন বন্ধ চল তা অনেক পরকাশেতম াকামি অনেক মিস করতিাদুলবাই জলেজা
/kaggle/input/regspeech12/test/test_sylhet_0379.wav,পরে আমার জালেরা রেখআমে সম্পূর্ণ দিয়ে দিয়েও তারার মাঝে কোনো ধরনের অতৃত্তি বা না পাওয়ার ইতিহাস থাকে না মার শ্বশুর সাকতি ভিবে তারাদি ছেলেমের পডরাইটি কেন তারা লাগ
/kaggle/input/regspeech12/test/test_sandwip_0055.wav,নে১া২মাছা ফ্ানটিএ টেনশান বেশিঘরে ই়ততন হোলানি দান্দারানদান ও ঠাকুনের সং্গ পেটানো ফেলল
/kaggle/input/regspeech12/test/test_sylhet_0016.wav,িয়তেপুজা শেরফর পরের দিন তিনি দা়ালে না রেন তাতে তার সবা় আলু পর্যন্ত কল্ল করার পরে পরের দিন মা র তাকে ওয়ার াাকরে তি নিয়ে
/kaggle/input/regspeech12/test/test_chittagong_0041.wav,ি না ঢুলেতু মনো হয়তদারি ফাইতালেনা ফেস্টিভাল েইদদি হইচছে কিগামাইটামাই ভালাচোনা ে আজআো আইবিরনেজম বেজামি মানি লন্নানয য়ার হত্যারনি
/kaggle/input/regspeech12/test/test_chittagong_0003.wav,সাদিদা মাতাদাটাঁতাদে় বেরতা পিনে াখুবিআর কেও না সিনেতফেরকেহ দেহিল আনোয়ার দেহিিতেবারকেদে তোগাইল দিতে হাে মা সালাম টলাম
/kaggle/input/regspeech12/test/test_chittagong_0108.wav,বোধ হতাহই আরামত কি বলে ব্যাংকারাউসের বিদেশে সে আরগ বাড়িকে বলে কালা দেয় বাড়িকেল বলিকালালয়েরবি আয়অ্যান্ডবলগম নাকি আছে াডএবা হতাহই
/kaggle/input/regspeech12/test/test_sylhet_0133.wav,িনিবিডবে ৩িনচিংগেন খামকট বাকি দুই জনে কিতা করেন দইজন আমজিতাবরিখাম ফানিখিয়ালগদকরিসকারলতারা ত
/kaggle/input/regspeech12/test/test_barishal_0016.wav,পটরকল াপা রাকে তাকনি এতে েতাকরি পইরা নেটাক্তার পড়াইয়া ডাক্তাাাাাাপড়ে আড়াকিোাবা হাতের বিয়ে়রেন জনতু
/kaggle/input/regspeech12/test/test_sylhet_0134.wav,আতু নিজের এংডাখা় একইত্রা নিদের দিন কিতা করবেন যােমনে ব়র মাঠে িতা
/kaggle/input/regspeech12/test/test_sylhet_0615.wav,কিবানা কয়গদিরাইবারআি
/kaggle/input/regspeech12/test/test_narail_0152.wav,নয়নক্ষনে
/kaggle/input/regspeech12/test/test_kishoreganj_0020.wav,কিরমলোতমািিতিতে আংবাদিকভাজেিদেই দেখা একটা খামবাদাকাছননা এনামবা খ্াত আছে স্থাট আনদাজুাইদআািনাম মপুরানাজা
/kaggle/input/regspeech12/test/test_kishoreganj_0135.wav,ান্বপংকলাংকাঋনি
/kaggle/input/regspeech12/test/test_narail_0132.wav,দিন ধরে একা১কাঘরের ভেতরে খিয়ে থাকি আ াল লাগেনাসি়ে থাই মওব়াইল সাপে গুমাই আরেক জায়গায় মাংজনট ডিযে আমার খুব ইন্িয়া আমার খুব আপন হয়ে গেছে ২৫ ইন্ডি়ারামি আকারাকা জলাজাল
/kaggle/input/regspeech12/test/test_narsingdi_0032.wav,ন সবই আমরা দুইটা ম্যাচ জিতবড পায়বায় আসছিলাম পাকেগুলা জিততে পারলে আমাদের জন্য প্লাসপয়ন্ট আমরা ভালো কিছু করতে পারতা ইন্ডিয়ার সাথে লিটনদাস চানাউটা না লেত বেটা জিততে হছে া
/kaggle/input/regspeech12/test/test_sylhet_0511.wav,াহ আটনেং নৌভের বিল্ডিং বেরিতিনার মানে কর থাকবা সরকারে সরকারে কন্টাকতার
/kaggle/input/regspeech12/test/test_sylhet_0470.wav,়াবিসি মায়াবেশী আরো কন্টাতেটামিলিয়মজন পরিচেল পফারচেয়ার ৮৫াখপা়তহি বিমাল লাকায় েবিন্ধু স়াইদা়নিলক্ষ এবং জিলরিকরথান মেই নিলতলব
/kaggle/input/regspeech12/test/test_sylhet_0030.wav,তেখন ইটাহাগুলো খেনে টাহাগুলো পুরো তিনি অনেকাজে করৃতরি দেয় না কমিটিেতারপরও তারা যেযে মার্মনা করা পুরতি নেয়ােটে কমিটিপ নির্
/kaggle/input/regspeech12/test/test_rangpur_0054.wav,আল্লাআল্লাদের জমিন নাই হাতপায়ের ওপর দিয়েই চুকুরফালা় এঁটা আললাতে
/kaggle/input/regspeech12/test/test_chittagong_0160.wav,অরাতউপবুরোকিনেতি আলআগে চা্রহমাুফব পরতে াবিপরতাগধ্য বিধি়ারী দুটি গলবর যখন নয় এহম পরতাবি
/kaggle/input/regspeech12/test/test_sylhet_0553.wav,ে খোরানের আগে প্রিপার্টমেন্টে কিলান ত্েরাকে এলআলাত তরে তলারে প্রর্টিক কড়াইতনা তিনমাস্পিটিন্ট ইওসরিডিং েডিং ওর ফি
/kaggle/input/regspeech12/test/test_chittagong_0129.wav,একাদুতামহানগর পাল্লা কিটাবু বলে মনোর ইবেরিচুপপ দ়ে
/kaggle/input/regspeech12/test/test_tangail_0017.wav,ফানরেস করে জাফরিকার যারা দরিদ্র আছে কসুস্থ এইডস াক্রান্ত তাদের জন্য পুরা এডা পুরা অনেক একটা হিটসপুরা হয়ে যায় সারা দেশে এবং ইন্টারন্যাশনালই
/kaggle/input/regspeech12/test/test_sylhet_0087.wav,পরাচোনা হচে বারে লাইনে ভর্তি বাই়ে জুর কি নেকিচ্ছু প়তে পার লাগে নাাধালাগে গেনে বুদ্রপাা
/kaggle/input/regspeech12/test/test_kishoreganj_0117.wav,গাস গাশফুরিং শাপব্য শাপব্লাশফুরি গাশব্য াছগাশফ়ি ব্যং টা াজ গাছফুড়িন গাছেলেক এলাকা গাছফুরিঙয়ে গাছেরেকা উহুরিঙাথেনা ো গাছেরে গাশফুযংিকা  গাছফুরিঙ্িক এলাকা ভ্যাঙ্ে
/kaggle/input/regspeech12/test/test_narail_0160.wav,এরপরে ওনারাছে পাই এলসির সমস্যা তাও মেলা পুরনো সমস্যা এরপরে আছে ওনারস্যে মাদায় সমস্যা এগুলোছেনি অনি পতিদিনকয় উপলব্ধি করে
/kaggle/input/regspeech12/test/test_chittagong_0173.wav,এ হত্যা়সমন হত্যাইবেন আহতকে না কেন হইাততাইনি সুযোগ বুগেরাা
/kaggle/input/regspeech12/test/test_narsingdi_0091.wav,২া স এ১া বড় শিকারডি আরাদুই ব্যাসসুডো তিনরা্রলিনমোতাহ হকইর  এটাসমসনা হলোদু থেে তিনর্
/kaggle/input/regspeech12/test/test_rangpur_0080.wav,এ নিয়ে জায়নাকাম্বায়পুল বিনিশের মলুশাগায়ের ভুতিে
/kaggle/input/regspeech12/test/test_narsingdi_0116.wav,িনা কইি নাখালি মাম্যাইডদে বাসারি বদ্ধদিলে আওয়ারলাইভেদের এইজামিরা কোনোদিনইতাম না কোন দিন পর তাম না আলাইেি আলেডা অককান বেরা  এলকা় এখ কা
/kaggle/input/regspeech12/test/test_sylhet_0089.wav,মার বড় ব়ন বিনকোলাওরাবি
/kaggle/input/regspeech12/test/test_chittagong_0059.wav,কলেজের হব টবর খি কলেবারবাই সেকেন্মেটোতার নাম নই হনকেরজু নাহে ালািঅবস্থা আয় আফিস
/kaggle/input/regspeech12/test/test_chittagong_0046.wav,শেকাসেনা হাসাদ ধারগত্ সম্পত লে অ়রিমাাবে তা় লেও এরদিনে বেড়াতাম যাতাম মদেও বনাাারা মারেলে ১থনমিকে বেড়াদমদে হলের বিজিস্নন আমল
/kaggle/input/regspeech12/test/test_chittagong_0151.wav,বে তা আরসল কােতিআার বিত্কি দবেসারগত ক্যামকেনলাগে
/kaggle/input/regspeech12/test/test_sylhet_0231.wav,২িবই দব০হাজার লোকে ঠিক ইছে এই নিলে দেয়া া স্কুলে ুজু মরা ম্যাডামের বিবাহরক্থালিত অনেক হইতে আটেক ামরা তানে তিগল হটা
/kaggle/input/regspeech12/test/test_sandwip_0058.wav,া
/kaggle/input/regspeech12/test/test_tangail_0054.wav,এছবির লাষ্টের দিকে যে লাইন্ডা আছেইট লাইন্ডা মানে আমার সবচেয়ে খুব কাচই একটা লাইন জেনে বলা হয়েছে আই সাপোজ্ ইন্দাইন দ্য হোলড অব লাইফ বিকাম ত্যা ন্যাকটপ লেটিং গো
/kaggle/input/regspeech12/test/test_sylhet_0413.wav,রের বালিকদললালকু মোশাবাচ্চাকার্াঅন্যায় ডাক্তারদেকাতেদেখাইতেকরে বাসা লুইতি আইয়া ও এযাফালিমিন ভিপল তখনো আ লইছে একরে আল্লায় দিলে ঐসাবন মেয়ে েলাাুরিুশউলা এখন তাইনু মারা
/kaggle/input/regspeech12/test/test_sandwip_0029.wav,যতই়ৈবক সর্বশেষ কথা একেডে যত কথা কল্প যত কিছুসর্বশেষ কথা মা দিয়েন খুবইসটুগা এবউলজুল ইয়জুল ইইদের বিএাবদুদিন  মনমাত্র শরীর বেশি অশান্তি লেগেযে ফুনকস্সেজা ান
/kaggle/input/regspeech12/test/test_sandwip_0026.wav,হেতের হলাইন আবার হরালা গস্তেধ ান থর লাখা বেশি করতে বে মকষ্টাশ্তু তার সবসম জার বিছে আনে মানে আনের দিক থেকে আসা ফা সভকটমযে খুব ইস্ব অত্যাশলু এতে কোনোদিন মানিক কোনো কাম কোনোদিন হেতে স্তুলহলানিরা হড়াইতে কোন কারপন্য ঘর্ত ন
/kaggle/input/regspeech12/test/test_narsingdi_0052.wav,খন্নকাটমেকট মাম হিন্দু ারা দুরজ্বালাইব দুবিফর্ণে গাগলে কারনিরেতেবক না টাকড় টাপরে লাগয রা বার হ রাক দোকানে পর্দাতর্দা বাইতে বেরিকিছু থায় নায়লাতাবন লেতে
/kaggle/input/regspeech12/test/test_habiganj_0089.wav,এরাগে পিলেট অভিভান্ পিলাপিলেট ঐকটু বেকু বেগ আমরার পিবাগ পিলেট পিলএট টেপি কয়েকবার একটি বিটে একোনআনু ইতুম ক্নোসা সাবাগান ওগুরাইসোদা তাবাংানোগেতেতিলযট এি  মভিগঞ্জেরি তেলেি কাবাগানাটেকেন তগুড়াইপি
/kaggle/input/regspeech12/test/test_chittagong_0117.wav,পরীক্ষা করে তলে ুধাাআসা ে ইতি আরোল দি আর মোবালোত্তন কল গরে বেল্লা় পল্লো জার গটি তইলে মাসকান ডার বাজেনবাইু মিটে আয়ে তো বুঝা বুঝে তা হইতে হন
/kaggle/input/regspeech12/test/test_barishal_0041.wav,মৃতযুহন পারি না তাহাতে অরেক কইলেম কিজজেন গরু যুতি পালক কষ্ট কর তৈইবে কিন্তু াই হরাা েলনাদেবী হইয়ে পারবিনা কম ওগেলোয়র ধান্দাইতে মুখরচিকে উত্তরপাড়ায় তিনজুকটি কুডোকিন্চি মলযে ঘুরই
/kaggle/input/regspeech12/test/test_sylhet_0300.wav,বিআরডেইটুইলগিয়াক পরে কিতাগর্তী জামার কামনে তোহনামি পড়া পরীক্ষার লাগি প়িয়ার বিসিএস পরতারআমধিকে চাকরির পরীক্ষা দিতাম বার্থিটির মাস্টার্সদের পরীক্ষা আইও পরীক্ার লাগিই ফরতাম আমি তোখনা ফিলি বিয়ার টিকি ডিটি ফরামুখি
/kaggle/input/regspeech12/test/test_narsingdi_0011.wav,আমিওমতি করতেছে আরও উন্নতি করবে নতুন নতুন প্লেয়ার আসবে তবে আমলাদেশ যে পঞ্চমণ্ডব ছিল এরকম পাওয়া যাবে না
/kaggle/input/regspeech12/test/test_sylhet_0101.wav,ন তািউপপ্রধনটুয়েন্টনিতারমোনায়তেই তেরাইতুই ি অখনআইব একগুকনুকা করবখই ডাকেন দেখআবা
/kaggle/input/regspeech12/test/test_sylhet_0555.wav,টাটইলনচ ারািাত আকচাইআ
/kaggle/input/regspeech12/test/test_sylhet_0644.wav,র খালি মাপা দুমাতখনেমালাগো
/kaggle/input/regspeech12/test/test_sylhet_0348.wav,পর মোট ফার থাকত না আমি ক্লাপ একবাচতা লয়ে ুত্ত আরেক গুপ্ব ়আকিবমিয়া় তাদের লৈকপি লগে আমার বাই এক বাড়ি থেকে একে বাড়িটাহরইন কাজের মেয়ে গেছে বাচ্চা রাখিয়া
/kaggle/input/regspeech12/test/test_narsingdi_0061.wav,ৌসিদাইয়ার ফের হোমভার্গ এসডব্লিচৈতেখার চতকুললাসু বৌসিতাইরাবলাসবদির ব্যাপারেতা
/kaggle/input/regspeech12/test/test_kishoreganj_0011.wav,তাাকম
/kaggle/input/regspeech12/test/test_kishoreganj_0023.wav,লক কাগজপতবকনলকষে েখে সমস্যা ববয়াতিতে তাঁর গামডি তাতিরে লেখটি এল্লাগে তপুোবামে দে আর ইউনিয় নেমেে তথ্য বি নাম পামলেয় বাফেন্দা মিদেহেলে হিজবুললায়ালাহ দেখতে গরেনতে খ
/kaggle/input/regspeech12/test/test_chittagong_0034.wav,টিরামায়ক গাছা ্যর্াব আলাবিয়াদ ত৩াবি  পতের হনি মিকে দেকা মরেটা লিবিল হনিমুখে ফেইচানো হয় গ দিতে ন বেলাই়ানাজি ঠেকাতেতুল্লা় গা মিশনি কেল এসীম নায়
/kaggle/input/regspeech12/test/test_sylhet_0357.wav,ইম়নম এখন কনে যে এখনেত বালাবালাএরকারখরে ত্যা ৌসুমা কিতা আপনার ট্রিন মানে ঈদন বিসিএসএর সাবজেক্টটমিয় করা লাগেন াটার্সুদ্ধ আবি পুর সময় িফাসরেয়েযবে ককলই এিন
/kaggle/input/regspeech12/test/test_sylhet_0500.wav,ইটা টারখাওব়া দবকে পরেটুকু মাইলা নামজমা রটআউটে পরলাম পাসার বিক্রেও রিত া বালা জিদিন লাগেনা া পরিচিত মানুষ একটু গেলাম বই় গাইা াইবেলা লাগলে কীটিবিজি দেব মুবাইল ওবইল কুঠিপ ালাবিাল
/kaggle/input/regspeech12/test/test_kishoreganj_0191.wav,দলেগতালিনতমতনেিআইপাবানা নুবিজিত
/kaggle/input/regspeech12/test/test_kishoreganj_0034.wav,মডালপ্ত হয়ে গেলেে
/kaggle/input/regspeech12/test/test_rangpur_0104.wav,ইহা আইহেনা নাবককর হামাড মজুজ না করে না
/kaggle/input/regspeech12/test/test_rangpur_0050.wav,বিলিয়াই খা়াবাবান্নায় ও এমনিন ও অলরেডি খারাপ হয়ািন
/kaggle/input/regspeech12/test/test_sylhet_0404.wav,আমার বিয়ে এমন দশ কিন্তু আমেরাক তুত্তই লেভনা বা কমানখের মত আমাকিন্তু কোনোদিন বিরক্ত আইনি
/kaggle/input/regspeech12/test/test_kishoreganj_0002.wav,এ ইআকাছে নাই ই়াগাছে ভিডিও কাছেতা াটে
/kaggle/input/regspeech12/test/test_sylhet_0205.wav,তোতাকুড়ি ঘরি কনুরকম ইটনাইন পর্যন্ত পুরিএটাগাও গ্রামতো ইঁটুউটা মানে কু়ি ইচেমৈলবিয়ার হুত
/kaggle/input/regspeech12/test/test_narsingdi_0025.wav,িলেট করতে পারত বা তারা তো আগে যায় তাদের খেলা দেখতে হবে যে কুনট ্লোয়াটটা ভালো ঘেলে ধাখতে কার বেলুকুন জায়গায় বেশি বেটা ত ত ত দেখতে হবে এরাতো মাঠেই যায়না এরা এই ড্রেসিং রুমে বইসা থাকে মঞ্চালে দেহে া দেখে
/kaggle/input/regspeech12/test/test_narsingdi_0037.wav,তর লাইটরিলজামার দামে  খানমুখা মিএারি পিরাখাদাতোকেলও পরপ করার পরা
/kaggle/input/regspeech12/test/test_chittagong_0105.wav,াাইকুমেনআম াতি কেনাতুরাতার বেগম কো
/kaggle/input/regspeech12/test/test_sylhet_0221.wav,পরারিও নাই আমার তো বংশের মজা অন্যান্য পইলানেরও পড় ইতে লাবিতা একটি বিয়া পতাও ও লেভেলে ইটনাই নুক্সে বাদ ধিলাইতে আমানতপরচে এসেছি তাাইা িফাক্ষরিলেক আমি প্রাইকোরব একবারর
/kaggle/input/regspeech12/test/test_chittagong_0054.wav,লেআলকিংসাতদিনর বলা এ বুয়া় তাহিবিদিরি হনমত ম্যানুষ্টানে গ়িয়া
/kaggle/input/regspeech12/test/test_chittagong_0119.wav,াআদুথাইনি হারিনা পর ও নাম্বা না কেউর্থিরে পাপেল  খন্ডবুলবা নামবাবুবাকে নজে পাচা গুরবে
/kaggle/input/regspeech12/test/test_sandwip_0101.wav,েেবালে্টগুরানেখুলেনগো
/kaggle/input/regspeech12/test/test_sylhet_0700.wav,আনতেরারেডরু হেভিটেকনাইামাত্র আর য়ানাটুএকটু টাইম নিলিমা
/kaggle/input/regspeech12/test/test_tangail_0125.wav,দেনইলোকটা ওইজে ওটা তো ভাইরাল হয়ে গেল ই ললুইজাই পাওয়া যায় না এখন এরকম বলতেেকে বলতে ইকটরেখুঁজাই পাওয়া ায়ভাইরাল হয়ে গেসতে এখন তো সে পলাতকই থাকার কথা
/kaggle/input/regspeech12/test/test_sylhet_0003.wav,খ গুদোদে নাকিচটু নাইগুরে ফেলতে হতে তারা ভেওয়ার নলন্দন তনে পা়ে াইতা ানবলাল
/kaggle/input/regspeech12/test/test_narsingdi_0059.wav,নগলারা অজবুমুমেদেরমল লফিয়াপুরবেলা তাকলে খেলাদুলোর প্রতিবিখা তানা স্কুলে তাইয়া মাইতখুম খারানার দামদাড়ি থাক
/kaggle/input/regspeech12/test/test_sylhet_0117.wav,বাসনৈয়ত পষ্ত হ়ে না তখম মকাবচিন্দননহর খেল তেন থেনিসটে থাকতে কী রকম বিটট স্টটটাইনে তানের মাকন নাসুতন্ডাবাইবরমযাগেলাসবইডে
/kaggle/input/regspeech12/test/test_habiganj_0108.wav,৫০থানা পরিকালিতনড়াসাবের কে খ্রিসুতাব্দের বাদদি তেবিরটা আন্তরি মানে মেশতে ধরছে না কিন্তু খ্রিহসাব্জের ট্রাম্ব্রামিন স
/kaggle/input/regspeech12/test/test_kishoreganj_0064.wav,েনোংট পা তেখাবাি
/kaggle/input/regspeech12/test/test_rangpur_0012.wav,ম্যাডাম রাজা কদিক থাকেএলজি সারা লাকি
/kaggle/input/regspeech12/test/test_rangpur_0021.wav,রিমবাগি বাইগুনভাগিমুসুদর দালআমার তাইটিম নাই খালি একটা আইডিম দিয়ে খাই আমরা
/kaggle/input/regspeech12/test/test_sandwip_0075.wav,অসু্ধাবাইয়ভাবেও লইলে থাকে ভাইলেভেডদালদাব ট্যাবলেটোন না
/kaggle/input/regspeech12/test/test_noakhali_0011.wav,বতরকারিকিনি অএযান্থ্িগামানমের কতাকনা
/kaggle/input/regspeech12/test/test_sylhet_0172.wav,এলাকাও আকনারে পড়ে ফাই বই আমডার খাতে বাবএকদ াািকসম়
/kaggle/input/regspeech12/test/test_sylhet_0378.wav,তোপরে একটার পরা ফের ফেন্ডো টেইটারে বিয়া খাদি দিলাম আমি যদিও তোমার সারের কাছ থেকে সছুট্র সবচেয়ে সুট্ার ফ্যালিং দিয়া আছি পরে আমি আমার ফাঁকির চেখার দিয়ে গল্ডুলবালাই পিকিট দিয়ে খন ভিকষা করলেন ফা়ি
/kaggle/input/regspeech12/test/test_sylhet_0558.wav,টুযআরবিনাম্রান্দিকাাদেকি আমবরিনু খিতা
/kaggle/input/regspeech12/test/test_tangail_0010.wav,র কয়নথাঠ্যে করেরা এক দেশ টেগারেক দেশ বিভিন্ন দেশে এইরাই মানে অগোজেকট মেইন যে খেয়তে এটাই মানে যেহেতত বেশি কান ফিকভার দিতে পারবো ভিজ করতে পারবো তাঁর খেরেই তথ্ব বেশি এ সময় তাঁর ক্যাটিয়ার আর লাভ দুরে একসাথেই তুলতে থাকে
/kaggle/input/regspeech12/test/test_kishoreganj_0138.wav,জাুলতার কমলাাপেপে পেয়াাবাহাঙগীর প্রবুলজন াকুন্যঙ্ী দাঙি সবরসঙে পাকায় পরে এগুলোরং হলুদ বাথুনালি হয়
/kaggle/input/regspeech12/test/test_sandwip_0071.wav,আরঙকাততাকেরে মোট ট্য়ব্যরাই করবেন নতুনান ৌছাইচারবাহেলিমোসাই চিনি েলকনাণদে া
/kaggle/input/regspeech12/test/test_kishoreganj_0050.wav,বাতাখটাবেবেখিনানাকবেশি বলকিনতা না
/kaggle/input/regspeech12/test/test_sylhet_0753.wav,অেক নেতাসহলনার কৃতা ইকমম্যানের গ়ের মাদিকটা নিয়ম চয়ম পড়েন
/kaggle/input/regspeech12/test/test_sylhet_0573.wav,পাইাা দতকষিননকবিস্ানঅক্টোবরাতাতাই একা২ি
/kaggle/input/regspeech12/test/test_kishoreganj_0007.wav,তেলয় বনেবেকুলনিা এত তাগা বাগবা ইদত
/kaggle/input/regspeech12/test/test_sylhet_0654.wav,তদিন আসতানিনকতদিন আসতানিাক কতদিন আসলা বিয়াা
/kaggle/input/regspeech12/test/test_barishal_0098.wav,ফরআইবনািকা হল নাকটুনিকেটে থুয়ে দিছি কিপোলাাত ১া২টায় আমই বারটার তরি পিটিও াড়ে ১ার ৯টার মধ্যে দুটি বাড়ি যেই যাই
/kaggle/input/regspeech12/test/test_sylhet_0199.wav,অপ্যায় গোহিন বলতে পাঁচজন এসতামলা কুটো পাচজন পরাতস্তা্ পাঁচজন করলে ইসময় আলাদা আলাতা চেয়ারটেবিল ওতখিসতু মেনে খোরা বাকককে সম্ভচ্ছিলনা একটা টেবিল আকি হিটা চেয়ারাতি
/kaggle/input/regspeech12/test/test_sylhet_0277.wav,খায়াখরস্থ বায়িরকাসতে সামা লাগেনদা র বইও আগেউ লোগিয়া বায়ে প্রেন্রাড থেকে সাইয়াটাইয়ানিয়াদাতখন আমি নিজের নিজু কিছু বইকিন্তামবারি নিজেএেখাউইকে এমফোর্ড টিকে আখতেতে টিকি ার একটা বাড়াই রখম করতে করতে চেষপরন্তনিকতাক্টা টিপুলি পর্গন্থ ইকবার্সিটির
/kaggle/input/regspeech12/test/test_sylhet_0487.wav,য়াফরে অপারাজ বললে পাওয়ার মানিচাইনা উগুদবর
/kaggle/input/regspeech12/test/test_kishoreganj_0163.wav,পানিতেদেশতাকা জেনে পায় জিত পানি ি  ানি বোধ ে কিবুাংামানবদেখাইর থেকে সত্াান
/kaggle/input/regspeech12/test/test_sylhet_0328.wav,টাকরপক্াতাড়লিটটিপেট
/kaggle/input/regspeech12/test/test_narsingdi_0050.wav,কর অনেক খারাপ জিনিসজডরিয়া এ়াতো হলত৩১ যাযাতা মিন্টেড ১৩দয়মোহ্যান ঘরা রাখবেন পদন রাকে পহলবানমান বঙ্গবাগার মূর্তি জিলা রকন কোন দাঁ়াকপূর্নদাকলা মাটার খ়নের দোকান আখুল লাগবে
/kaggle/input/regspeech12/test/test_comilla_0015.wav,আসার পরে এরপর ওোড ধুংনা থেকে ও যেভাবে আছে পুরো শরীর নাকে একদম ফক্ত হয়ে গেছে ঠান্ডা  গেছে পরেওড়াকে ধূলনা থেকে বের নাম আইছে নামানোর পর সারারা আবার সাথে সাথেই পরে হাসপাতালে নিয়ে গেছে নে কিরোগয়াটা অবস্থাও মার্কিন তরেই নিয়ে আসসে স্কুলে নিয়া এসে ওর মায় কিন্তু এই সময়টা স্কুলে বেতন দিচ্ছিল
/kaggle/input/regspeech12/test/test_sylhet_0018.wav,ৎ বুরগাবুধা পরনানি নাদাও দেতা রে াচেযে ড় দুর্গা ফুজালয় কট সলি আছা়আাতিনুসশটি
/kaggle/input/regspeech12/test/test_sylhet_0052.wav,তখন নতুন সিস্টেমত প্রাইভেটনাইােট না়রট িাাবিক আরমে েনিউ বিযআটে ইন্টিযআরকটে বইকিলাকরাুই লাগতে সারমেলা মিতারাটিনিবৈজ নযায়াবজি া মোবাইলো তাবা মোবাইলে কনা্লা থেক
/kaggle/input/regspeech12/test/test_kishoreganj_0161.wav,মানব্দে সা় থেকে সত দা সাহাযে শরতাে ফাট থেকের লাগবাগ পানিমরুবদিরট দের গুটুবর রেখারেে োে লোারাা আ
/kaggle/input/regspeech12/test/test_comilla_0008.wav,াএই নুসাইবার সাথে নুসাইবা আর রুহি ওরা দুই জনেই খেলা করতে করতে ধুলনার কাছে যায় যাওয়ার পর নুসাইবা বলতেছে তত নাতে রিয়ার্সাল আছে তুই এখানে খেলাখেলাদুলা করেশি না তুই রিয়ারসালে চলে যা আমি এখানে ধুলা নাথে দুল খাই
/kaggle/input/regspeech12/test/test_chittagong_0012.wav,কান্দোলা বাঘা অভিচুপতন দিন গোিএনিযনতনবীাতাাের ভিমুদদামবাড়িকেভিন একতালেছন কা়রতাবরাততিহতলে তাকে আনোরওতর হযর দায়
/kaggle/input/regspeech12/test/test_narsingdi_0034.wav,ংআইি মাইসিমেরদের দাম আইিমে আমারকে আলাি খেতাম াকলিটার ডখান মোথাক ন০ টাকা
/kaggle/input/regspeech12/test/test_rangpur_0060.wav,এতি প্রথম রঞ্জান শুক্রবার হিল না তাইলে মাজর রমজানে শুক্রবার ইে োানের কথােপ্থা প পাঠাইলে
/kaggle/input/regspeech12/test/test_narsingdi_0111.wav,দাদুলে ইয়াকরালএকটি আইয়াদেপেকমোড়াএমনা গোইললেড বেলা  গরম গাহেএ দুরারপস্তাদিকরা মুড় আরক দ গলগইলে ডালাকা মুার মোরত গোলাকারা পাহযন লালনাআরডাতো তাদুডে হা বা নানাবেতান মোড়া আচানা
/kaggle/input/regspeech12/test/test_kishoreganj_0113.wav,ইন্দইদুদে় ন্দদে়গাসক  কাধবিয়ালিকিকা গাছাঠবরিকিরা াগাছে এপাততাকাকেলােে তাকা হরিনদা এলাকা াাবাগ
/kaggle/input/regspeech12/test/test_narsingdi_0118.wav,৯মায় মাইকুললগল বেরিকি বূতেটামপি আ্নভকনি লড়াইতামে
/kaggle/input/regspeech12/test/test_rangpur_0098.wav,ারিত মসজিদিতে করা হয়নি কিতির কেমন হয় কিষমতার লহপডায়েরগুি তৈরি করে আশ্রফলঝ
/kaggle/input/regspeech12/test/test_habiganj_0093.wav,নৌগ্রানের গেলে ুত্োস বিউবি তুলননিত্ুই দিকডেইডি ওবুরাগুরে পরেনি তু অমে বারানাকে
/kaggle/input/regspeech12/test/test_sylhet_0400.wav,ওই আপনার বয়স্ত কম রাগে ফা ানেও়কবিতামনে পুক্ততা গলে পারাইয় া
/kaggle/input/regspeech12/test/test_rangpur_0041.wav,কী হইল াই হারে এেতে দেখতে দেখতে ভরতে ঙাহায়া গেছে বাবা মইয় েছবভেইরাই আসুখ
/kaggle/input/regspeech12/test/test_sylhet_0469.wav,মাহালকাআতা়িযাইয়া বাংমীরে পুরননেওয়লা ওবামিরে পুঞ্নসুনান চিকিৎসা করাত থাকব টিতাকরতপামুশিট পইব বোইনার সুকা তেনি নাদুকটিস্দলের ুপি
/kaggle/input/regspeech12/test/test_sylhet_0177.wav,রিগুলসোকিযউনে যহনএমে াঘামবেভো এফরে পাইর দোকান আরকতা দোকানবিং
/kaggle/input/regspeech12/test/test_narail_0150.wav,আমিতো খুলনাই মাি মাবাড়ি হয়কাকা থিয়াসটিসে পরীক্ষাতাম আরেজানে
/kaggle/input/regspeech12/test/test_sylhet_0302.wav,কি বাড়ির গায় যা একমাস  যদি আমার বাড়ির থাহা লাগে যেই সমাজআর যেই পরিবেশ যে গ্রাম আমার এই ৭৮ বছরে যেটুকু অর্জন করছি সুন্দর কোটাত নামাই দিবাম
/kaggle/input/regspeech12/test/test_kishoreganj_0104.wav,জিবে জিবে বিস্তা নতুন উদ্ভিদে নতুন উদ্ভিদের আবাস গড়ে তুলতে সাহায্য করি এভাবে পরিবেশে উদ্বিত পাননি একে
/kaggle/input/regspeech12/test/test_tangail_0091.wav,গাঘ মানে রণবি রইল এমন এক পোলা যে ঐ সব সময় খুব হাঁকি খুশি থাকে মানে কহনো দুঃখ পায়না এই রকম একটা মাতপাবারে হাসায় গীতাযর নিয়ে ঘুরা বেড়ায় মানুষটে হেল্প করে আস্তা আস্তে রাণী মুখার্জির ভালো বন্ধু হয়ে যায়
/kaggle/input/regspeech12/test/test_rangpur_0103.wav,নেজা আরসল রদাতা আউসপসোাগের গাবেদেতব
/kaggle/input/regspeech12/test/test_rangpur_0010.wav,গাভি নিয়ে হয়না েমরাথহদিরা আসবেন না
/kaggle/input/regspeech12/test/test_sylhet_0170.wav,আর মাচমাংস সবিত দাক উবস্থা
/kaggle/input/regspeech12/test/test_sylhet_0138.wav,খাওয়ানিলাআরকিতা অনেকফয়টা পাতে সাড়ে তিনটা উইকেট
/kaggle/input/regspeech12/test/test_narsingdi_0041.wav,সকালে ঘুমে োাে াদুপুরবেলাা বিকালাদায় রাত্রাদায় কত তারিকর্ হেঁটেমেদাখতে লিটেন মেধা় কি একটা অবস্থা োেনপাদনা ন
/kaggle/input/regspeech12/test/test_tangail_0085.wav,মানে এলিগাই ছবি আখলে বেশি ভার লাগতেছে যে আপনি তাকে ভালোবাসেন তার পছন্দের দিন এসগুলো আপনার একসময় ভালোবাসা হয়ে ায় তার পছন্দের দিনি াসাথোথে এদ ত্তখলে ভালোবাসা প্রকাশের অন্যতম মানের নিজের মধ্যে রাএখাতর একটা অন্যতম একটা
/kaggle/input/regspeech12/test/test_barishal_0068.wav,কইছিযে সরসত্িকোপায় ফুলচের দেয়া ল কথা রাইতে একটা সময় করতি এই সময় নারিডির থাবানাই খায়ছে হেইয়ে মাজ নাদে ভাবিই হেরাবা কি আর এই এরাবাকে ান্তমু কৈতে
/kaggle/input/regspeech12/test/test_sylhet_0533.wav,ালিয়াত দাহারবিয়া আর ামিও ডাহাই়াঅন্য রসমধানি িা তহসিলেট রজেলাওটডেওয়াল তারাা
/kaggle/input/regspeech12/test/test_kishoreganj_0055.wav,অবাধইকাটাকা মত্তর মৃত্ির মৃতিাইটাইটকাললবের কাছে
/kaggle/input/regspeech12/test/test_kishoreganj_0046.wav,কিছু দিনাবালি থা
/kaggle/input/regspeech12/test/test_narail_0158.wav,খরচছিকি করমানের ময়মতা করতে অসময়  ওরা যদি ওনা যদি ফেকআপ করায়
/kaggle/input/regspeech12/test/test_narail_0039.wav,পান্তির বাবোঘাঠাওদিদিমাধ্যমইয করই ধবি আমরা করতামিাবেকেে পেলিয়ে দিয়োেলাাললাওমরাপা়
/kaggle/input/regspeech12/test/test_habiganj_0106.wav,াাই মাত্পতাটা রেকর্ড করম িডভিমওগিকুলিপিতাৎইতািএবং পরিকালিতা সই পত্তদিন্দিরা এ
/kaggle/input/regspeech12/test/test_narsingdi_0020.wav,িদেশের মানুষ তবে ওয়ানডেটি২য়েন্টি হেলথের সইটারতে ভালো বরূপ তে তোযআ িছু লাগে না চেষ্টেত আছে এ নিবাদত ভালো বোল করতে চে
/kaggle/input/regspeech12/test/test_sylhet_0441.wav,কিন্তু খোললে জে করব আমার বাসাদ গাহরেডাহিটাহর এরটায় কিন্দমরা নিজের বাসা ভালইয়মরেই াতাঁহার মিতালেখে সুবিতার লাগি দেকি এ়াললাইনে একটু গিয় করনালিকালেয়া ফ্রুটফ্রিমানিগু জােন তবুন স্নুক্ষতাহিনী দুঃষের ত ক্ষতিগরণা করে আমা
/kaggle/input/regspeech12/test/test_tangail_0117.wav,াছি ওই লোকটা টাকাপয়সা এট্ুসবাই দেখি ডয় রেএতো ক্যাস যদি চুরি হয় তখন কিঅবিসবার অসাবধানতা
/kaggle/input/regspeech12/test/test_sylhet_0381.wav,বররবাড়িও তো ফাইনাল চেলি ও ত বালা আসিন না করবেন দাচতিন না তালুইনওনটু গরি তমার আম্মায়তাউলডাউলটিম যত সথউজ্জি আসেসাতর ও তার সত্যা মিলাইযরা পোত্যাবড়ি গ় গ়ি গরি তালুরবারিক ফাটাইতেন আট পরীক্ষার প্রকদিন আতামি তালমিবাডরিক তাকিয আাপূর ও জীবনের প্রথম বাড়ি তেকি বাইরেি েরবারকাত থাকিয়া পরীক্ষার উদ্দেশকে গেছি এস্তইলোগিয়া গেতিকুমাই পরীক্ষা দেওয়া
/kaggle/input/regspeech12/test/test_noakhali_0005.wav,কহইলতফাবদাল
/kaggle/input/regspeech12/test/test_sylhet_0758.wav,রজাা গুবাইগোয়েঢুংনে ফটতা না কা়ন কল্লেখিত হইব আপনারা খোয়াও়
/kaggle/input/regspeech12/test/test_narail_0055.wav,াল কোন মেয়ামানুষযত তালি ওগে শবজমি বযর  ঐ সব জমিরই বাবা শব্দবিলিতা মেলা আ মেলা জমিয়ে আসতে ফেসাব জায়গা খালি টাদি থুইছে গস্টরানামপত্ত নেই িিিননি রা কিছু কত্তিও য়াতেছে না ওক এজ আমাকে মাঝে ভরে
/kaggle/input/regspeech12/test/test_barishal_0094.wav,টি ই অেদের দেবাকোইএ াক্রামালো এ্ানভিডেন
/kaggle/input/regspeech12/test/test_tangail_0123.wav,টা ভাল ব্যাপার দেখতে যে হিদ্রাক সম্পাদায় আছে তারাও তাদেরকে মান কতচফোট করে কিন্তু তারাও এখানে বিট ্লাখের মতো টাকা দিতে তারা তাদের হজের টাকাটা দিয়ে দিততইটা খুবই একটা ভালো উদ্বোগামী দেখতদেশের সব মানুষ সেখানে কন্টরিবিউশন
/kaggle/input/regspeech12/test/test_kishoreganj_0053.wav,কঘন্টা তারা দোয়ানপুল তোলাদেততদিআন্টক হিলঅদনদে
/kaggle/input/regspeech12/test/test_rangpur_0111.wav,নিয়ে যায় ৩০দিন বতি জাগেজে সুমাইন্যাথুকাইনযের বাষাদেশি ফনগাল বেলা তে খুগ
/kaggle/input/regspeech12/test/test_chittagong_0009.wav,াাানদে্পিটারগেড চামদা গিয়া েকতাার মেরুনের ুদু েসাস্কানও মেেরুকে ডেলিতিত্তান
/kaggle/input/regspeech12/test/test_barishal_0030.wav,কটে ািন কামতা বরথানার মাইয়ে ভালো সুতারিইবারিতা
/kaggle/input/regspeech12/test/test_kishoreganj_0042.wav,ানা আমালে তো িাে
/kaggle/input/regspeech12/test/test_narsingdi_0047.wav,িএ বঙ্গবাজারএর পরএ তিরিয়া লিখেল গুলাকধুম্নায় সাগুল লাগাইদিতাছ মুল্লাগে নদানাে নারইরডের ্েমনদে নাাাজেইডরনট
/kaggle/input/regspeech12/test/test_barishal_0033.wav,কথা ডাকি কুরি
/kaggle/input/regspeech12/test/test_sylhet_0542.wav,কিছুবাই না পাইলটারইেখনপাচরদুইটা আিিা়িবারামরোবাগদ দেকে ু ে
/kaggle/input/regspeech12/test/test_narsingdi_0007.wav,ক্লেয়ারগুলাও একটু ভালোভাবে তৈরি করা যায় একটা লেক্সবিয়ান নায়ি দেশে বেটা অন্যান্য দেশে ক দুইটা তিন্টা কয় লেক্সপিনার থাকে অস্ট্েলিয়াতে তখ জাদম জাম্পা তার পহচ্ছে মাইকেল পিরস্টন এরা খুব ভালো লেক্সপিনা আফগানিস্তানে তো আছে লেক্সবিনারে কয়কটা
/kaggle/input/regspeech12/test/test_sandwip_0013.wav,নাবাদ সরতার কর োননো মাসিকাাআরে়রা তাল মোবাইল গন্ সংঘরতন্ত্রি কথাওকলােরিসুব কুটিয়ে দুধার
/kaggle/input/regspeech12/test/test_sylhet_0414.wav,পিটমস পরে নে বাবাইতা রাকিব্রাবেবর থিইয়াছিলাম িেরাকিভাগ ভোয়াক ভটদি টি পরে একজন বেওজনেওয়ার ফরেও তা়ন মারাপরে আমার থেকে একজন কোব হারা
/kaggle/input/regspeech12/test/test_kishoreganj_0129.wav,এনানানঙ্ে পুলপোলনানাগঙে পুলপোল আমাদের েেআই খেলবে পরঅদু সাইকুলআমাদের
/kaggle/input/regspeech12/test/test_narail_0124.wav,স্যা বরসুবরে সবসময় দেখিবর পিছনে আমরাতো সমস্যাগনে তা আমি তো যেখানে যাই সেখানে মায়া বাড়াইয়ের াুষকে বুলতে পারে না
/kaggle/input/regspeech12/test/test_sylhet_0007.wav,জা়খন খুব রত্ন দেয়া হবএা আকন নুধাই
/kaggle/input/regspeech12/test/test_habiganj_0087.wav,েতাশুনে নাইলেতা শুনে না যাতযার কেমল লাগে কুনড্রওন য়াল্লাগে
/kaggle/input/regspeech12/test/test_sylhet_0360.wav,ার্নিটা অনেক বড় র েগমমিশি মিছাল করে আমি যেটা দেখছি আফেলে পেশা হোব আর টেশক ও দায় কবনাখেনে পঙ্কারের সুখের জন্য ফংসার
/kaggle/input/regspeech12/test/test_sylhet_0279.wav,সময় আগের মত কিন্তু আর লা বআয়না  গ্রাজুয়েট একটা মেয়ের লাগি ভন লেগে বয়তাঁর উপুলত্ন পারতে আরা
/kaggle/input/regspeech12/test/test_narail_0184.wav,রঅ
/kaggle/input/regspeech12/test/test_narsingdi_0136.wav,অসলি ভাড়া কম তেশুরুবেলা মি খাইবে পরিসমজ প্রধান গিন ভর্ডে পারতে কেছে সেবার আমি প্রথমদান্ত্রিে পালনা আন ভিললাফাউন্ডোশন েইসয় আি ্রথম দানতরিতে পারজনা পরাপ চাইব্যুনাটা পাাজন্মগত া
/kaggle/input/regspeech12/test/test_chittagong_0121.wav,পিলাতুলার আধালয়ের হতা হইতে দুইবা২ নাআা বেতারাবার যে ড্যান্জারাাতানাতত গৈর্গি
/kaggle/input/regspeech12/test/test_comilla_0014.wav,আর পুরো শরীর মানে কেমন একটা অবস্থা মুখটা ঠোটটা নাকি ফুলা বাকা হয়ে আছে তৌ যা মাথায় টাচ করছে পরাতে দেখে যে ওয়ার কথা বলতেছেন  বান্দ বিয়র কথা বলেছেন ও জুরে চিলামদিসিযে কী হলো নুসাইবার কি হইবে করং সবেই আবার আসছে
/kaggle/input/regspeech12/test/test_tangail_0049.wav,রেখাইতে দা় পরে মস্তাস্তে বাঘটারে বসে আনি বাকতারে বসে আনে পরে বাগও বুঝতে পারে যে আমার মানে বাইতে থাকার জন্য ওই মানুষেরও দরকার আছে
/kaggle/input/regspeech12/test/test_sylhet_0123.wav,চাকনাও খেল তেনল পেইনা করে থাকবে দারের তলারপরটিমুম দ০দুখ বিকি বে ৃিরআবুলদইত রক্ষামলদরণ ২ুকি গেছি কানভেভঙ্গ
/kaggle/input/regspeech12/test/test_narail_0177.wav,একাগে বাবা
/kaggle/input/regspeech12/test/test_sylhet_0592.wav,ানিবানোওমপাই যাকরযে ব্র্যাচিন তটান অয়মিউ
/kaggle/input/regspeech12/test/test_chittagong_0099.wav,দডে আস্ততাসু্ধ তাকরো তুঘ সমস্যা নাই হনা খাইতো তাহির আললব পান্চিবে বোথামননে তাই নেইকিউতার এবারের বাবপিরাম সাইনসুদ বোধ সম্পাই়
/kaggle/input/regspeech12/test/test_barishal_0077.wav,বাধ থয়না
/kaggle/input/regspeech12/test/test_narsingdi_0044.wav,ভক্তরা তিন দিনেরসাইদেরকার্ড াকরোপল্লি াআমা বের রেরতূতাবাজই িয়াদখলে তাততরকরা তরাগমলিগনহরিকদেহিরাটমরবৈতযানা িয়বোমেজায়নাকে লিগা
/kaggle/input/regspeech12/test/test_sandwip_0019.wav,বেশি এ অতিরিক্ত দুই নেদারি খবর নাই একর সরাংােটা রাস্তা ১চংচারে তানানাদল সংচারেজ দুঙ্গাল এ আসতনা ভারসবে সঙকেটের তুঙ্গালখান হলাইনের গান্ধা তুলে দেন লাই ি এখে মোলানের কোন হিসাব পেতাশুরু কারে
/kaggle/input/regspeech12/test/test_kishoreganj_0017.wav,বালরা বললি ফাা াোুা নকালে হলকা সা় হাসামুল বালুদিয়া বিডবালু াওকি বিরবালো দিয়া কালি এবং কালীন এাএলাগিতদে
/kaggle/input/regspeech12/test/test_tangail_0042.wav,াকি ইকণমিক একটা ক্রাইসি বাচছে তারও বন্ধ হতে হছিল পরে তার বাবা সিদ্ধান্ত নেয় যে তার ফ্যামিলিরা মানে এই জুসহ অন্য একটা দেশে চলে যাব মে ওয়েস্ট্যান গানটি হইত বা খোনোেএক জায়গায় পরে তারা জাহাজয়ে করে এইসব জু
/kaggle/input/regspeech12/test/test_sandwip_0124.wav,আর্গপিথিরী পু কিসটিকেবিতি আংুত্তাদের বয়কে বিতিএক পা আািবায়গুনা হরে ডাখাএকনেগা ধরা লেখানপড় লেখার মথে ধরা লাখা নলের সম্গে আমার তেলে গামে আলশ মারএকরু করে থাকে
/kaggle/input/regspeech12/test/test_kishoreganj_0045.wav,আনতে দা়ত পলযা ইহা মালদ আমালোঘার
/kaggle/input/regspeech12/test/test_sylhet_0034.wav,ড়াহল ড়াওড়াওর পরে পেরছিল লদ্াকটমেনতে প্রত্যেক দিন তিনদিন সাসময় আ়াতিও হরায নদা়টি তন্ধ্ারাতে প়েছেন ধ্যারাতে প্রশাদা হয় পাওয়ার পে তারপরে এেশযাপাংের
/kaggle/input/regspeech12/test/test_sylhet_0163.wav,কতকলখানবািয়তারপিয়ারে একাডেমি
/kaggle/input/regspeech12/test/test_kishoreganj_0180.wav,নিরাবদ পানির জন্য বিশ মিটারে বেশি সময় লাগে বিষ্ণুদেবী সময়
/kaggle/input/regspeech12/test/test_sylhet_0721.wav,ওরিয়া লেখুম ুেমরারউসা বেগজ ন নারার বৃয়াত্তবউপিটয়া মানে নিয়মও মাফে  তার য়তা
/kaggle/input/regspeech12/test/test_chittagong_0133.wav,েয়াই চাহদানাসেব বর না হদ়় আলেচকমল কুমার আহদী এতাড়া হৈরা দুটি দিন্তাহক বহ অদিনপত্রুগেরতা কোমলওতুকুফিরে কল ধেবে খুব যানি হানা বা হযা হালি বড়বেলা নজারকা আর রালাজাইত হরসিপাতা হাদে আল্লাহাম তার নগুরেররাওদের মিত কিয়েরা়
/kaggle/input/regspeech12/test/test_narsingdi_0110.wav,াটাইপ্যান এদুর একটাপাইবে নাুংাাা এািদাম িা আমি এঁটুকুলিতে আসোস না তারবো ও আএইটাখটাাযাে
/kaggle/input/regspeech12/test/test_noakhali_0004.wav,ি প্াল্তামও োা
/kaggle/input/regspeech12/test/test_tangail_0040.wav,সেখ বুবুঝাইতে সে মানে বুঝতে পারত যে াে পশুপাখি গুলার মনের অবস্থা সে ভাব্ত ভাগও তার বন্ধু হইতে পারে যদিও অনেক সম পশুপাখির সাথে তারেকটাই ছিল কিন্তু তার বাবা এডা
/kaggle/input/regspeech12/test/test_kishoreganj_0110.wav,গুলো শৃঙ্খল খাদ্য শৃঙ্খলা থাকে বাস্তসংস্থান সকল সকল উদবৃধ ও প্রাণী কোন নকনর পূর্ঘল প্রবুত্ত যেমনইগপক বূর্কট ব্রইব্যং এ নননপ্রণিত হয়ে থাকে
/kaggle/input/regspeech12/test/test_sylhet_0159.wav,ইতাগো আগর মানুর মাটাবেগুমার লেওটরাইয়া খৈা মেইনতো আমারহৌদে নিজ়া কোােনসময় নামুটাইতার ম
/kaggle/input/regspeech12/test/test_habiganj_0083.wav,একজনে ব্যবসা হলুন আরেকজন পড়া থাকবে নেমনা লদোগারনাসাসারাকে তাহলে নোাল়য়ার াসুইন আরেকজনা আমার সাসাটের পাইনেলেকা এরাতিংবাইকারকানাই মারা গেছেন িংাই এই তিনজনে ব্যবসা হরন
/kaggle/input/regspeech12/test/test_sandwip_0061.wav,াবেলাই াতালা গাগঠেকুর দুগে খিলে জয়বের খালি ইিকযে তিনচু ছিলেছি আর এক চুটের কাফর অবগারান নেবেলা আরবাম্া
/kaggle/input/regspeech12/test/test_sylhet_0268.wav,প্রথম ক্লাসতা ইউনিভার্সিটির প্রথম ক্লাসরমি বিস্ফোরলিতে ভাড়াতটেকা নাই াপাইমি নায় তখন তারা কাক করে খ্ষেপ লাগা বৃষ্টি অত একটা অনুক্ষা যা জায়য়উগ করে আমাদের হইয়া আইছে নামার কাম্দং দাখাা
/kaggle/input/regspeech12/test/test_narail_0068.wav,জেলাকই জেলার ভিতর সবচেয়ে ভালো বুদ্ধিমান লোকািক্ষেটেঠর  আলীনফারির তাই কথে যে সোলিম সররেটরি বাব্বা নাল খাতে ঘরত
/kaggle/input/regspeech12/test/test_narail_0153.wav,তোকালেষটেননের বউখণে বাড়ি নাইতাফরে শৈটে ভালো েরবর
/kaggle/input/regspeech12/test/test_sandwip_0102.wav,েনটিকি বিতিখিকে দাইপে়ে পিঠামি
/kaggle/input/regspeech12/test/test_tangail_0092.wav,ঐ শহরে আর সবার সাথে অআরো একটা ভালো সম্পর্ক হয়ে যায় সবারে ভালোপুলা হিসেবে চিনে ঐই ঝরে একদিন ঢণমীর কাপুর হাটতেফি লড়াইতে ও সময় দেহএটা মেয়েন সাকিা সোনাম কাপুর তে লুকায় লুকায হাটতে হতে পরে ভানবিরি কাপুর মনে করে যে মেয়েডাররাআসলে বিপদ িক্ট সাহায্য করা
/kaggle/input/regspeech12/test/test_sylhet_0745.wav,মাস ফুইয়ার আন্ডে লামরা হাইননা ুিি
/kaggle/input/regspeech12/test/test_narail_0046.wav,সেই জায়গা রাইজতর বাবা ওই জবাইভাটওই জাা খাতে ওরা বাকিাল ই জাগার মাধ্যমে ওই ওহনিজদাারা ওই ডাকা কিনে রাইছেন ওই জমি সেই জমির বদলে
/kaggle/input/regspeech12/test/test_sandwip_0084.wav,বিজনত্তাসারইএকাডেমি রক্তলাগলেন স্কুলের দাঁপ সন্্রাস করেসু যত্ন করে নবে ায়গেল নষ্টেগ
/kaggle/input/regspeech12/test/test_kishoreganj_0130.wav,াদুন্এদেটে বলে হয়করকমে কান এেতে ফলে
/kaggle/input/regspeech12/test/test_sylhet_0109.wav,লিংডিগেছে আমদায েন এখানে কত বছর হইল িপিতাএই ইখানের মালিক কইতেএনেমাই
/kaggle/input/regspeech12/test/test_sylhet_0286.wav,তখনো চাকরি না আলা বইরামইলা না আরেকটু কোয়ালিফাইড দরকার তা দেয়া উচনা আমি আমার মনো যে আখেলে আমি জেপে মেলি ব্যাগ্রাউন্ড থে কি ধর ইতি আমাদের যে
/kaggle/input/regspeech12/test/test_sylhet_0527.wav,ােটিএহন গ্রেতরিত দা়িতামজতম এন তারা হয় প্লিইনে আছে আপনারা চলের ধানারসবয়না এযহন বিয়াবৈশি মাপ্রক্ষ কিথ মিন্ট রস্তাভ়ে রাস্তায় হস্থায় ডাহারিয়র প্রট্রিয়াকরম ২৫ মিনিটার াক
/kaggle/input/regspeech12/test/test_chittagong_0157.wav,দেখতে চায় বেলাক তারকে পা মেডুক নাম ন ইয়াহন আলেকজনা হর্যে নাম নয ়াইবুখাগ নাম নয়বুল্েখ াত ননপ়্টতমাসালিওনুাপাড়ায় তদি তুইিয়নোথিচথে ফতমেঙা
/kaggle/input/regspeech12/test/test_sylhet_0139.wav,নি আপনার বাকতায় একে আপনার একটি চমরাধিকাযরী নিয়াকরা মারিনি় লিখয় দিদু মাখেন আমরা লগে  করে নাঅল্পগর
/kaggle/input/regspeech12/test/test_habiganj_0058.wav,পর আমি তো লোবনটি কইদিলা আমি ইলবনের তৈটি দুইমন্য মাইদের লবন দ্বিতত্তরে দিয়া বিক্ষা হন লেকতি একটি রানদাই
/kaggle/input/regspeech12/test/test_sylhet_0326.wav,জীবনে বুইফাইাবই ভাই ভিনা খষনো হকতেছা আপা কিচছিল ইকিনিয়া পর্তাম প্রার্থীনা করিয়া জীবনে আসেলে আমার পড়ার মন় অর্ধেকের বেতি অংশ পাকারুই ভুই চিন্তাম ঘ
/kaggle/input/regspeech12/test/test_narsingdi_0076.wav,বযাসকিকটিকা় খাইদা সাবানাযডিপেটে সুকপর্চিক করখানায় ঘটছে সত্যিকএেডামিয়র ফিলা ৎ লাবজাত
/kaggle/input/regspeech12/test/test_sandwip_0031.wav,ধামদাধে ্ নেনা তোলনামূলক র জাহিদের বোধসে আরও  বয়সর তৈত্যে আর সংসারি দানবাহানেি়া বাজারে গেলা ইয়াগচি কেঠেন
/kaggle/input/regspeech12/test/test_sylhet_0636.wav,প্রথম য়েস থেপেবেঅন্ন কিংজ
/kaggle/input/regspeech12/test/test_sylhet_0010.wav,া পরিয়া  বোয়খাত ওই চাকরের খাকে বই নিবেদন দেওয়া় আটাকলমী তিলামটা পড়াশনা ডরা য
/kaggle/input/regspeech12/test/test_narail_0014.wav,তারত্ জমিজাতির বাগ আছে না সে যদি কয়দামা জম যিতি বাগদা সেযদির নইতি আাসে আমি তারেত কোনন কবন াযে তুই জমিজাতির ভাগ পাবেন সে আসুখ চাসুখ সে আসেও কোক জামারেনি জমিতে আমার অনি জমিদেমি বাক তৈতু পালে নিয়েহক আছে নিয়ে যাবে কিন্তু তুই আই সমস্ত কথা বলবিকেন
/kaggle/input/regspeech12/test/test_sandwip_0012.wav,ামাইাডে লেোআরাতকে একানাকদাদুলপ য় ছি অনা আকাঘনে জুনমো াে একবার দান দিতি দায়ি
/kaggle/input/regspeech12/test/test_narsingdi_0108.wav,পৌতোম্যাল্যাংর্যাংন্যাংনাই মাডারে হিভাহহ
/kaggle/input/regspeech12/test/test_narail_0008.wav,ট৭ তম মাির ফে পশত সাললেদের কলা মা সেত সালনি সরাসরি কদিকইছি সেস ত ক়দাতামিটার৮ুমনবলে রকম কিছু কনে সুমন নিজি কইে আমি শুনিছি সুমনব় আমি মাখুতে বাইড়ে ফোন দিখিলাম
/kaggle/input/regspeech12/test/test_sylhet_0032.wav,তেইম এইভাবে ঠাকরে পূজার টাইমের বিতেলিলতমটে পরচার্ত হয় যততিরবিত্রউকতিতনান্দোলন ১০ট্রাচে নাটাপঞ্জিকার লেখা তাকে ওটাইমেভুকে ধোজা কর্তেব তার পূতা আসে চলে  অন্ধুবিদে রপর আমরা বারু কটা খাইয়া
/kaggle/input/regspeech12/test/test_sylhet_0038.wav,সবাইওজন ৭৪ পেখানে গ্সময় এচব ফটটের সাথে মিলিত মৃত বার ডারজি৪অনেকে আমরাপাড়ায় ততল পুকুর আছে
/kaggle/input/regspeech12/test/test_tangail_0077.wav,বুঝতে পারে পরে আস্তাস্তে হালকাআলকা নানাচড়া করা শুরু করে মানি সেন্স কাজ করা শুরু করে পরে শিউলিমা কলেজের লেকতারার পর তার পক্ষের হাসপাতালের খরচচালা না লে সম্ভব হইতাছে না
/kaggle/input/regspeech12/test/test_sylhet_0717.wav,ইদুরনকেদামানে অলইদ অনেকের মতো মুসে টুখতে যায় মানে ড ইলান হইতে পারতা না নাকেতেইরংেথা া
/kaggle/input/regspeech12/test/test_narsingdi_0043.wav,বর্মনদমারের দাত গায়না ন়কতেদে বাবা কারেন ভায় হয় না াইপে কান্তে ডেকেনা ভূধ না াাতিমাইমিত অনেক হান্না উপরেগরম
/kaggle/input/regspeech12/test/test_kishoreganj_0197.wav,ঝুবাপাই ফতে তোভা হতে তো
/kaggle/input/regspeech12/test/test_rangpur_0024.wav,ইউপাঘাদের সবাই গিছের ছাউল্টা পা দিলব
/kaggle/input/regspeech12/test/test_sylhet_0240.wav,ুবারবাড়ি মুকটা ন অন নিয়ামাপায় ভর্তী পরীক্ষা দেয়ােন পর্তী পরীক্ষা ঠসবিকারকরে অনুঘর্তি কলা র্তি করাইয়াও পিবা দেয়া গেছে ওজে বাভিয়া আইতিএমি ওপিলনাওমি  কোনো বাইতেগল আদেয়া হছে ও আমার জীবনের লাশ বাড়ি থেকে বাইরিয়ে দিলাম ২০০২সালও পরীক্ষার পাদে
/kaggle/input/regspeech12/test/test_tangail_0023.wav,কাণ্টিগুলো অনেক শিত থাকে ওই ্িক্রিসমাসের সময় অনেক মনে তারা ই শপিংমলে যায় গ্লাপ কিনার জন্য কিন্তু কেউ কারো তাহনও চি্তনা দুইজনেই পুরা কেউ কারডে চিন্তনা
/kaggle/input/regspeech12/test/test_barishal_0089.wav,রোমবা খুইিও ওবিমহীন্দ্রন ররিবার মিয় নার আবাগন আািতাপমুখহইও তিন ঘন্টা াবিাইলডিমু ব
/kaggle/input/regspeech12/test/test_rangpur_0067.wav,নাগগাইকোদাডিম দযর লাবারভির ভতারতামাথ আতে পতিাপ
/kaggle/input/regspeech12/test/test_sylhet_0207.wav,কাম্পাুনি ওতাদেততা বাবিন আকৃতগ় তাইপ্রাদ্ত নাগরিকতা কাগুজ পরা লাকতে না এত বনগণবরাক্ত দিইপুড়িগু োনেপাগিরা ভয়াবয়া হাওয়া কাতপার্ত না মানে উনেকেরাও অতাপরকূতা
/kaggle/input/regspeech12/test/test_narail_0144.wav,আমারা আমিওরা ই নের দর্শনে হয়ার গান্টোবল দেহইে দেখি
/kaggle/input/regspeech12/test/test_sylhet_0059.wav,তলবরোধ দল মারা অন্য মারা আন্তলক গাড়ি লাগে অ্যা়তোএরালন পড়ে মােসাে বইনগা়ীদে মাখা হয়তো বা় দক্ষিণি আন্ত নে খচ্ট রাখওয়ার
/kaggle/input/regspeech12/test/test_sylhet_0274.wav,্েমিঃ জাওয়ারকোরা সেকেন্সে মি রোমা বায়াইয়াফি বাএ প্রাইভেট প্রাইকাইনি যার অর্থহইল গ্য়া ভাইনিক পিরমার বৈদিনিয়া বা মার্চে পরচরুচ দিয়া পায়ু টায়ার তার নিজেওতা টুডে
/kaggle/input/regspeech12/test/test_sylhet_0254.wav,পনারার বইনের সুবিদার লাগে আমাবৈনর অপুবিদ আমরা তৈরি হতু ও আইয়েপরীক্যাত বালা রেসার করিলিতে আমরা দেখি তাই আরেকটু করত পারে কিনা আরেকটু দেখিলাই ইধরনোর বুপিয় আবার বইলে লাইকটা া ইটা তাই টিক্ল তাই করাটাবন্ত
/kaggle/input/regspeech12/test/test_narail_0065.wav,ওইজমেরসচেইতে ঐই জমির দাগাই এহেনেটুপাবে ইজমির দাগতারিত ঐইদাগে ধুমিদো
/kaggle/input/regspeech12/test/test_sylhet_0006.wav,মানে এটা তলে আলাদানে উঠ দেওয়া
/kaggle/input/regspeech12/test/test_sylhet_0044.wav,তাকজ কলম পার করেরীামধ মর বানাািরগার এমপিপি
/kaggle/input/regspeech12/test/test_chittagong_0036.wav,পরকাক পা ুবিনে খেলউরবি অরিআঅতারে পরিকেত বালগ্ঞ ফোন টরল াইবন দি এখন ন ন প্যাঙগলজউপন পায়নিয়র সন্দ্যে হে
/kaggle/input/regspeech12/test/test_sylhet_0443.wav,নিজেরসাথ নদ বাড়াটে ডুবাইয়া আমি আমার যে টিন্ডু আমি ওমার বা১া বরাদিছিকোন ৯০া০ার টাকা বাড়া নিয়ে অন্যত টাকিন্তু নিজের বাসর তাকে নিজের বাসা থাকেম নমা বড়ো জাার্জামাইবাইপরোজন থাইন া
/kaggle/input/regspeech12/test/test_rangpur_0029.wav,আসকালবেলা ভোরে মুখ ঘোস থেকে দাঁত ঘসতে করতে রতে লুলতে যাওয়া পতে োয
/kaggle/input/regspeech12/test/test_narail_0096.wav,পশ্ঠাত যতটা কথা হয়ছে তা মাস্র তৌথুমতল্কটার কথা কোনোদিন হ়নি উদাহরণ মনে াণখুবই বিসসিরি এবং বাজে বাজেওথা িা
/kaggle/input/regspeech12/test/test_rangpur_0122.wav,গাল আগপারহাগাগােছে দা
/kaggle/input/regspeech12/test/test_sylhet_0166.wav,মিবম পরিয়াাাকলারতাসিমাফ
/kaggle/input/regspeech12/test/test_narsingdi_0026.wav,এশান্তরেকত সুযোগ দিল প্রভণ করতেলিটনদ্বাসে দেখ কত ট্রল করল িন্তু এই গত একদে বছরে সবচেয়ে বেশি রান লিটন দ্াসের বাইরের দেশের প্রয়াদের সাথে হরে  তুলনা করাইতে
/kaggle/input/regspeech12/test/test_sylhet_0410.wav,াফলবারি প্রবোরবইন মাাস্ত পাঠ মারা গেছে আেতাইবইতেনেতারে হা আন তারার গসুপ্ফিি গেছে তারাপকরুন মিশবার াসবা গরনামাজন আছে
/kaggle/input/regspeech12/test/test_narail_0040.wav,সংববমামু এ়কটুকে সীংমত সহকােকে
/kaggle/input/regspeech12/test/test_rangpur_0027.wav,র হারাইছে না খারিঘর আছে নামান না খারিবলতেরদতের থাকায় পত তত অনুাই আগের আআগে ভর আপিলারা আপরিলে সাফিরিঘাতে ধারাারিবহুজাওই জবনএ াঢাকু
/kaggle/input/regspeech12/test/test_sylhet_0738.wav,আপনারসম্প্রদান কন্যাসম প্রধান পরেনযিলোনা আকেনি
/kaggle/input/regspeech12/test/test_narail_0172.wav,আসেনআছে বলো
/kaggle/input/regspeech12/test/test_tangail_0103.wav,আার অন্যতম একটা ফ্েবারেট মুবি অর খালি লাইন ডাটেোই ০০৭ সালে মুভি আমি মাত্র দেশঠঙ্ কয়েকদিন আগে আনজে মুকিবিলার রিবিডিি মানে ফরিষার কল্যামে মুবিিল আপনি চাইলে দেখতে পারে
/kaggle/input/regspeech12/test/test_sandwip_0113.wav,অতক মাই়ে ইরতুল গিনাই গোলে মানি নতবিযরে বহুল আরমি়াে পড়ালি নারেনাকুটে বহুল আতাহা়ের তা় সানিসি নতুন সাইতের ওই পাড়ি মেটা আরো বাড়ত ঢুনাতেভেগললো ভে়তে খানভযরিফুডে কদিনবে যা কদিনিহা় দুনের বে যায়গেনে বেে এবা ভ্িঙকারামাতা
/kaggle/input/regspeech12/test/test_narsingdi_0003.wav,াাইন্ডিয়ার মত ন্াতে যেমন একটা প্লের একবার বছলে আর খুব সজা দলে ঢুকতে কষ্ট হয় শ এরকমইদানিংতো ভালোকরে বযপনা সবাই মাঝখানে শুধুই আফিফ
/kaggle/input/regspeech12/test/test_tangail_0011.wav,এই সময় ডাসুলে আমরা সবা ই তা এই রকম একটা সময় যা আমাদের ক্যারিয়ারও ঠিকঠাক ঠিক ঠাকতলুকাবার জিকে লাভ লাইপটা ও ভিক্ষাতজলক যাহেও কুইন্চ তখন একবারে জনপ্রিয়তার তুঙ্গে কিন্তু ফ্রেডিমার্কিউ র নিজে বুঝতে পারল সে
/kaggle/input/regspeech12/test/test_narail_0076.wav,া ওনার কি নাজ ত কোন কিছু  াগাভা গাভী কুঁটো ়মায়েরে  ক্যান্সারের ছে বুকি
/kaggle/input/regspeech12/test/test_kishoreganj_0165.wav,ঘাঠতে গাঁছপালায় গাছপালা ইত্যাদি উপ বিন্দুবিন্দু জমে থাকা পানি বা কৃষি পানি বা
/kaggle/input/regspeech12/test/test_tangail_0048.wav,ইও করতে পারে হিনংসর হয়ে যেতে পার পর এই রকম করতে করতে পিরফান খান ব্াখে থাকা রনেক টেকনিক ফিকে ও মার্ক নিয়ে মামানে সাগর থেকে মাস ধরে ও মার্ক নিয়ে
/kaggle/input/regspeech12/test/test_narsingdi_0085.wav,সবসুটের মধ্যে বাইধবে বহুমায় কুনতনা পরে এক চেলিমনে লো ইতেদিন কোনো প্ল্যানগন নতাদিন্দ বাপমায় কোনো খাই লইয়েই দেইতেছ াসধানার ই
/kaggle/input/regspeech12/test/test_chittagong_0001.wav,২তাইরহম দিইটাইলে নমাফি়ের ফারানা তো ১অনেকে তেহিলি মাতনর াা েড়াই দরম পড়ার াণ
/kaggle/input/regspeech12/test/test_sylhet_0448.wav,নেইভঙগি বাকতবর আমার টপিআ়াগি ১কলাকিটি
/kaggle/input/regspeech12/test/test_tangail_0109.wav,া বোনের লযাহাঙ্গাত চাইছিল োদের কিন্তু এটা খবরে দেখিনি টা ফেসবুকে েকতটুক বিশ্বাসযোগয ঠা বলতে পারে তদের কিমুনা হযে ঈদের আগেই কেন আগুন লাগে সবসময় পলতেক বারে
/kaggle/input/regspeech12/test/test_sylhet_0306.wav,বাদে ও তাই পিলেট রাখার পিওদিলা আমি তু চ্তল আছি আমার এখন টায়কেট লোগে  সরাসরি হোস্টেল থেকে ট্যাংর বাকাত জাইবু ইতময় লকুলবানী রিডারতে লাগগে একটি বাড়ি বাড়িত যাওয়ার ফরে
/kaggle/input/regspeech12/test/test_narsingdi_0089.wav,দরনদরজাভামোা ায় উপকার পাওয়া ায়জানলাব জাননাাে হকব্যাযাছিলেব াওয়াইঅনেক বুরে রে ঘরে ি ইয়া গানবাদা নিতুরর
/kaggle/input/regspeech12/test/test_tangail_0097.wav,তবকিনা কোহন ঠকিনায় ওই রণবির কাপুড়ে কহননোয়ট ফ্রেন হিসাবেদে় সবসময় কিনা তাও আখা ফেরে না হথাৎ একদিন ইমান আসে ত্বকি নারে ইমান কথা কিছু লগবে এই বি়দের এইখানেই আসবে এইখানে একটা বির্দাস্তায়
/kaggle/input/regspeech12/test/test_sandwip_0049.wav,িতা১
/kaggle/input/regspeech12/test/test_kishoreganj_0177.wav,র্যটমন্তকলম মলরনচ্গবার ার অরেনচত্তকমলা কান চতবততককরা া
/kaggle/input/regspeech12/test/test_narail_0138.wav,ইউরোপের কোনো একটা সে পাঠাবে ইউরোপে নাদা থিপানি শান্তি নান দুবাইা মাস গেল দেশ দু লাখ টাকা বেতনে আসবে ৮ থেকে ৮ লাখ টাকা খরচ হবেযেতে
/kaggle/input/regspeech12/test/test_comilla_0019.wav,কেউ নাকেউ ছিল কারণ ধুলনাটা আমরা যখনই যাই এক মিনিটের জন্য ফ্রি থাকে না বাচ্চারা সবাই কারাকারি করে কারপর কেউ উঠবে কারেন্টে সবটেকুন মুহুরতে লাগে আবার রুহী যখন যেবর স্পর্শ করলো যুদু ও সরীরে কারেন্টের ইয়া থাকতে তলে ত রুহিরও কার্ডেশ শট করতেম নিরকারেন্টে শত করে না
/kaggle/input/regspeech12/test/test_sandwip_0008.wav,পাল্ডালি হাটপেজিনে পাবিক মনিন্দা বাহেথা মোবাইলে লাসেএকবার লো গোসককথা আ রিদেই ওস
/kaggle/input/regspeech12/test/test_habiganj_0014.wav,রঅতবদরদাাতান্দুদা করর পরেডে আমরা দোহিন্দা রেমিন
/kaggle/input/regspeech12/test/test_sandwip_0081.wav,িসুটানোবে আয়জন ওচার সংলজন অিযাটানাবাতি নেম
/kaggle/input/regspeech12/test/test_kishoreganj_0195.wav,িটরকা বা তাহায়বান গুড়িে বিলুগত্রকতা আনমেন গুয়ে কি উ্তঙ্ক
/kaggle/input/regspeech12/test/test_habiganj_0017.wav,কেরাযায় মক্তুরথন বেড়াছে বিরার খন্ডদির ভর র তিুলার হিয়াাইরেকরড বাগ়ানবিগ্রামও মামান্টব্লযানকটে আদাবায় বেডরাতে প্লাজ ভা়িত
/kaggle/input/regspeech12/test/test_sylhet_0215.wav,প্রায় ৭া০শ জ্রামুর মধে পরচুর পুরুষনুকাছে যারা চাকরি করত বিভিন্ন লেবেলের চাকরি তারাকিন্তু মহিলারাসেদেখলাম দেটকেউ তাকিজীবী লেখভাগবর পভউহায় আমার
/kaggle/input/regspeech12/test/test_chittagong_0066.wav,হারুত না কিছু ফ হাইত তিহাইওৃষ্টি করেন না ব্িসায়ের জার অ্যানাম এগলা করিয আছে
/kaggle/input/regspeech12/test/test_barishal_0027.wav,এই আকনির এলচাম্পরসেনর পোলারে মর মা তায় মইমনেকার মা তায়া বিতিকি পোলাতে বাখতিয়েে২ুই পিরে থির মিকব়েতে দুই খিরিডা ছুরে
/kaggle/input/regspeech12/test/test_comilla_0028.wav,যেদিন মারা গেছে ওইদিনে ইউনিমাডামের সাথে উনি বস্তে যা আমার মেয়েতো চলেই গেছে এখন এডানারও ওপর কোন অভিযোগ রাখতে চাই না ় ১ আরো তদন্তের জন্য বা অভিযোগের খাতধিরে বা কোনো কিশুর ়কেন রা
/kaggle/input/regspeech12/test/test_tangail_0072.wav,রঞ্চলতে তুলতে প্রায় এক বছর গরুনধারনের নানার চাকরির প্রজ় হুঁষ নায় মানেও সব সময় কেমনিওই শিউলির কাছে যাবো কেমনার সাথে কথা কব িনেসিনস্প্রি়ান ব এ রকম ভাবে আকি অনলাইন চলতেথাকে
/kaggle/input/regspeech12/test/test_tangail_0009.wav,আগায় দায়িত্বে থাকে তারা বড় বড় ডিল করতে থাকে নতুন নতুন ন্যানব লাম্বানি করতে থাকে কুইনসেট একএকে পৃথিবীর কুইন্স ব্যান জেটা থাকে একএক পৃথিবী বিভিন্ন দেশে কনসার্ট করতে থাকে
/kaggle/input/regspeech12/test/test_chittagong_0058.wav,ুএইতভালাসি এতভালাকিরপবেয়াহনইয়ািয়াসি
/kaggle/input/regspeech12/test/test_barishal_0017.wav,াোখানা এএলোই আহেফাহে খাওয়ানের চেষ্টা করতই বোর আমারই হোমমিনিস্টার খুব চালু লোক আচতের বেলায় না খাবেই ত রাে না
/kaggle/input/regspeech12/test/test_sylhet_0106.wav,দকুনু বেতমা কুরতে নায়াখান করে খে আতমিরা হতাঅন্ভিক্ষতা আকলমপাইদেই নঙাংগরবর ৃ গরবরাদ দোকানবাকিদিডাইডুন্তুরে রিনেছে লেগে মাঠকি কেন ফাতিনা
/kaggle/input/regspeech12/test/test_sylhet_0616.wav,নুামুজনন ও হনি ৪২াহঙকে লজ্দে পাঅবাংয়প্লান্টেক তবসার
/kaggle/input/regspeech12/test/test_sylhet_0503.wav,হ্যালায়াইকপরা এগতরিমাুললালফাইনেআগনি খনসংখ্য াতেমায়াকদুধিদে পানিএককিরোমানফিটা হারিালা ে
/kaggle/input/regspeech12/test/test_sylhet_0421.wav,মেনামাওলান বরসা দিছেন জামিফার লইয়া র এর আগে দুরবার ধেলপাথ্থর রছে মার ডাকা১২ ঘন্টা ১২ ঘন্টা
/kaggle/input/regspeech12/test/test_tangail_0100.wav,ে এটা কি ভুহুল মইডা সলে অনেক সুন্দর একটা াতই ছবিরাকে লাক্টের দুয়ে লাইন মানেলাষশ্টের ধরে লাইন আছে খুব
/kaggle/input/regspeech12/test/test_sylhet_0082.wav,তাইতপাতপ্রস্রক করেনিিাে অববতরেও ইেকুধন ুঝবে বা়িইলোা
/kaggle/input/regspeech12/test/test_sandwip_0109.wav,া াহিতে লেখ দাযই তাই অবনতা দেইন এতে অন্যন্য মারটরাদেরসাহলাক
/kaggle/input/regspeech12/test/test_kishoreganj_0152.wav,িেমতদেহে প্রায় ৯বািৈবাগপানির ে দেহে প্রা় ভি
/kaggle/input/regspeech12/test/test_narsingdi_0035.wav,১৪০ টাকাপুনের দাম বাইরে ত্বকবারা দামর কাপআ স্টিমেরদাম বাড়ে  অেকিেুল একবারাম তাঙ্গেলে অনেক
/kaggle/input/regspeech12/test/test_sylhet_0476.wav,বলি কো মানানি ড্াইভার উ্বতথাকরি না় সারাতাধীন পয়টোধন কইয়া ইকে ফাকাওয়াবিজেরিকা নাই যেবা ইিয়নডলর হইয়াহা
/kaggle/input/regspeech12/test/test_sylhet_0084.wav,অনেক কষ্টে কিন্তু আমার খারে না তাইপরাকারণ তাই মা এমন বিশ্বাস বাা আার পে আমি দিটিন বর্তি হইতে তাই বরতি মি দুটিন নাওইতে তাইআমার ব্যাবারের টুম পাওযাবঙ্গিগেতোাইয়ে মাত্রমান বইনার বিয়য়ার বরচিত্রয় ারও পাওয়া বাংতে তাহরণে বায়ার ক্ষুন হলেই করতাপেচ্াআমারা পড়াবন্ধ  পেপর বিব্যস্ত করা
/kaggle/input/regspeech12/test/test_habiganj_0069.wav,চাঅকবদরললাস এখন দিকে ডেলেগিয়ে কিতাদ পরতে নািাে্টারে ইপযডওটা
/kaggle/input/regspeech12/test/test_sandwip_0089.wav,কিিওঅনাবরা করেেনতে একটি পভাই থেকে সুগ্রস্ত কিলেঅনকাইসে ্যাোদুি
/kaggle/input/regspeech12/test/test_sylhet_0318.wav,নিজার বেগুলা পখার াতা আিন সিঙ্োইকে ও সিঙ্গেল লাইফেরতা আনিয়েও কলদুগার লাইট শুরু রটি বাকারবাড়িতে কেও কিচছু দেয়া হযইছেনা চ্রক্রুর বাড়ি থেকে ও কি্ছু দেয়া হয়েছেনে দুইজনও মানেছাত্রোর মতো অবস্থা
/kaggle/input/regspeech12/test/test_barishal_0029.wav,াগনাবাখে রখবেন াামনা পিপুই ফিলেম েঘনের ফ্যাপরার একদিনেগানার কবিক ইনশার্ট এে আরপুবেেন আমার কথা রামিছে আলরিং কালকিন
/kaggle/input/regspeech12/test/test_kishoreganj_0041.wav,এযাউঠনা
/kaggle/input/regspeech12/test/test_kishoreganj_0168.wav,াসপরদেকে বলে বাসাদেকে বললে পর্যনত ওয়াকে বনিবন পিত হ়কে তকে গুণিবোম্ব বাক্সালাগে তলেপর ওয়াকে ন
/kaggle/input/regspeech12/test/test_kishoreganj_0061.wav,আয়বুতাতে পড়বে তাতবার অবাধ হইয়ে দি ত অভিযোততানোয়াগমিঠলেখে
/kaggle/input/regspeech12/test/test_kishoreganj_0016.wav,মিরে ইদ বে়তে তা আগডা তা্তন দেই রাস্তা করিদা আট্ডাকি দে তলে য়া ফাঁটি এলাকার দুটিনা বালোদে বালইলতে  বেখ
/kaggle/input/regspeech12/test/test_habiganj_0067.wav,ধানতাকলেটিকুা আছা আমাদের ন হবীন্দ্েপ্রাইভেট হসপিটাল হয়টা আছে ে
/kaggle/input/regspeech12/test/test_kishoreganj_0118.wav,ফালমার লালামা়ি মাাবাাাকিামিংকেইকাগাজকাআর এই গাছ শুরিং়রে কাকালা পেঙে বেঙে একাগলা এভাবে খাদ্যশঙ্খল এভাবে খাদ্নিতেকুন খাদ্যশিঙ্খল সুটটিকে বুজা া
/kaggle/input/regspeech12/test/test_sandwip_0009.wav,াোাপ্রিবস্তাভালানিবেকে থা তািলেখ
/kaggle/input/regspeech12/test/test_sylhet_0206.wav,তের কদ্দককর় গিলে তারা গ্রামর মানু কাড়িও বিয়াল লাগনি প্রতমানো খুঁইননা দেখা তা় পুইন্না দেখা তাইলে তেখই নামীকে হাডিতাতেই মা দেইতা পারেনন গোয়রলেখতা পারেননি তে
/kaggle/input/regspeech12/test/test_sylhet_0692.wav,নোকাহিনি আছেোাািনতঙ্তানি বতাকাশাবারতেননতবাতেননতঅনল হমলযাওয়ার সময়ত গ্যকতি সুথেকে এোগা
/kaggle/input/regspeech12/test/test_kishoreganj_0179.wav,আতাগাালে কমলাগাচতরকবলা ক মলাকালার িকনিগে বিতভাবি
/kaggle/input/regspeech12/test/test_tangail_0089.wav,কেউ নেই এই ছবিতে আরেকটার বিষয় ছতে এই ছবিতে আসলে মানুষ তেমন নাই খুব অল্প মানুষ নিয়ে সুবিধা  আপনি পুরা ছবি দেখলে ওমানে ভাতেগোণামানে দশ জনেরও মন় কম  মানুষ
/kaggle/input/regspeech12/test/test_kishoreganj_0087.wav,আলিতিকা থাকেনারি দি কাইতে মিশ্টি লাগে কিংলা কাইতে
/kaggle/input/regspeech12/test/test_kishoreganj_0025.wav,তেযা় যানি আর আমাদমাকে আইডিকাইদের লাগে তো অনগুপ্তা পুষ্টভিরোষে লোক ক্যারিয়াতে জে ফাউন এমন বুলনি করে আমি সবকয়ে দিষুন্ধ যা
/kaggle/input/regspeech12/test/test_chittagong_0062.wav,র পারিবি এতোহল রিসাভার নৌদী এছাড়ারম্বরে বোজে নলেই এটু কলাজমাধ্যমপ্রচ্ছেৎষিনকারেিত ৮টাঘণ্টা হাট ক্যাঙ্গুগুম
/kaggle/input/regspeech12/test/test_chittagong_0152.wav,রনেকেতআইদেধথামহ হোগালা সানটে াদােলকেডতানজাভা়া রেগেই এুবেরে রেগে
/kaggle/input/regspeech12/test/test_tangail_0024.wav,দুজনই আবার একইসাথে এক সম গ্লাবস পছন্দ করে জেডার আর কোনো কপি নাই জোনা থানবলতাছে সারা সারাদেনি তার সারা বলদেশে জবনাথানে েনিতে কথা তুলতে চুলতে একসময়
/kaggle/input/regspeech12/test/test_sylhet_0713.wav,িতে এমপি করে  নাহেরা কশ্টিন পরাইয়াাআমরা ে
/kaggle/input/regspeech12/test/test_narail_0034.wav,ি িআমারভা দরকার নেই ওরানাএউ চাকরীডা ভাসনাকে তাইিজ দ াখবিন
/kaggle/input/regspeech12/test/test_habiganj_0012.wav,আমি আকে মাংের মারি একটা হামুর্ধে ঝেরে বেটাব অবস্থায় চে লেগেছেবো
/kaggle/input/regspeech12/test/test_barishal_0081.wav,ি কষ্টে গেছিনেকাাে হইিদিল আকর আজানদিলেহাগু
/kaggle/input/regspeech12/test/test_sylhet_0179.wav,কেতা ়ে উঠিতে সকতা বোধসমহে নলতাুে আল্লা রহমনাফালাইনা
/kaggle/input/regspeech12/test/test_kishoreganj_0008.wav,নকযক দফ্ল্যাক
/kaggle/input/regspeech12/test/test_sylhet_0509.wav,আমাদ ভাইগিয়ে ুব তাল তোমর বেগ মানি ইউটেকা না হওয়ার আগে অগিনাটেেকরতে হবে  রিয়ারা ক্ামরাুখপর থেকাইাকরে আকনেরা াে থাকরেিবের থিকে মিলা পাওকয়নরাভব ম্ল াব্বাসকখনি জীবন িবিন ানি তাকারতেও
/kaggle/input/regspeech12/test/test_sylhet_0491.wav,তোহনে বাবা ইনো দেখযে মেনামে মাতার মাগা আঁতাইয়া দিয়ে সুন্রতমার ফিচছু
/kaggle/input/regspeech12/test/test_habiganj_0081.wav,কুরেমারাকয়েকদিন আকেহালি তানের বম্নইতে মারা যাওয়ার আগে এ্যাপরত্যানের পিতা পেটরের মাধিক তিতা ালি পুন হয়তো চযহতেপেবেউপনারাদিন পরার দড়াতনেে পানযর লিবার গোন কার
/kaggle/input/regspeech12/test/test_narsingdi_0029.wav,েস্বপ্ন দোবাই সবাই দেস্বপ্নধয় স্যেএনা টিম আসে ১২টা ১৪টার টিম াসে সবাই তো চাবে যে বিশ্বকাপ জিতু কিন্তু ঐত্ব জিত বেতা জায়া একজন দুটা টিম ফাইনাল খেলবে
/kaggle/input/regspeech12/test/test_rangpur_0079.wav,ি়ন বিাক মাক বেগুমআলুতালা় পরাভাগবন্ে
/kaggle/input/regspeech12/test/test_narsingdi_0008.wav,ইন্ডেতে দেখ এই চাহাল রবিবিষ্নয় রাহুল দেহতে বরত আছাবাংলাটে একটা অলেকপরেনা কয়দিন আগে পিশাদরে নিল কিন্তু
/kaggle/input/regspeech12/test/test_sylhet_0349.wav,পাখি চি ব্রাহ্মণবাড়িয়া পহিলা পড়িয়োযাও তিনমা তখন আমার লাখ খুব বালানাংলায আমারে প্রতিটা দাকেদকে খুব সহযোগিতালাাতাইতিও পাই
/kaggle/input/regspeech12/test/test_sylhet_0664.wav,নাপি় আকারিও বড় মেয়ের গলনাপিয়া গুপ্রবাা
/kaggle/input/regspeech12/test/test_sylhet_0395.wav,তবস্ত দূর া আমিরিন থাবি পুর্বতে ানিগ বাসাবাণিজ্যমেনোবারা তাহাআর নবিকা আকুনামে ছাদিরারকের অবশ্য আর ও দুই মাসরির জাযরিয়াটা কেমন
/kaggle/input/regspeech12/test/test_narail_0048.wav,বাকসোনি পাবে তোরাআনল ব়াই স্থঅন্যরকম ারআমাকে দেবু মাতেকাটিসতে আমাকে রাক্তার কলোকমাধুনি ুকি ইয়াইত পাই
/kaggle/input/regspeech12/test/test_rangpur_0028.wav,করামার একটা কিপি মনে আদিগি এই বাল দিয়ে গেছেচে ঢেলবাড়ি নবু ুই দি়েতাদে তোমার নানির খটে অদেক খাইতারেলে ংলার ইকে এখনাুরি ়ে
/kaggle/input/regspeech12/test/test_narsingdi_0057.wav,থায়ালামেনি বালা দ্ীপদ্বীপে বরাবর আনুয়া ছিল পারকা ফ্যাকেন নাতা নুলহযা াতা বলাতত্ি
/kaggle/input/regspeech12/test/test_narail_0072.wav,কাহিনও ওই বাড়িও  বাপৈক্ষ দখল করে নিয়ে নেে ঐই বাড়িলাইটমাইট খারে দিলি টিলিফ হাসেনা মায়াটাথায় না
/kaggle/input/regspeech12/test/test_habiganj_0027.wav,তারপরেেমা আবিষ্ আবিষ্কারে হয় কুচপ তা লাগে
/kaggle/input/regspeech12/test/test_comilla_0004.wav,প্রতিদিনের মতো ওইদিনও রুহিকে নিয়ে আমি স্কুলে গিয়েছিলাম ওসব সময়ে আমি বাসা থেকে স্কুলটা ১০ মিনিটে দূরত্বে ১০ মিনিট না ৬য় ৭া মিনিট আমার বাসা থেকো রোর স্কুলের দূরত্ব তাও আমিওড়ে দিয়া যাই আমার মত সব মায়েরাই তাদের ছেলেমেয়েদেরকে দেখা যায় গেইট পর্যন্ত দিয়ে আসে
/kaggle/input/regspeech12/test/test_sylhet_0120.wav,াইখানা দুকানা কম্পটে এখন পাইপানে কোম্পেনিন লাহুলটোতানী় িমাদের থাকবিলা
/kaggle/input/regspeech12/test/test_narsingdi_0018.wav,লম বল আসলে যারা যে চ৪দকোন্য বছর দেরা টিমরা ছাবি দিতেছে হরাযহনা খেলতে চায় রাহমাদ নতুন পাতছা বছর দৈরা খিলে এই অকই অবস
/kaggle/input/regspeech12/test/test_sandwip_0034.wav,আগেইনিয়া রাতে কুটানকহিয়া গিয়া কুটবেলাকি বরিনির াদিযা
/kaggle/input/regspeech12/test/test_narsingdi_0129.wav,আমার জাতিিকনালি ছিলে ইাফিয়ার উইতাকি বোয়ন এাডার হেডা সেম জিনিফে ডামে কমো এ্যাডাম্েসনেতেমাইসেনদ্যবেটি কার্হেরা প্রেগ্রেন্স পেটা আমার তো এমারতো মানে কীকর তর্মত মানে এত পারহুল লক্া নেয়
/kaggle/input/regspeech12/test/test_rangpur_0056.wav,ফেসবুক উুটবলে দুতে বলে কাইাতক হইতে তারার যআপরেলের এটাইলে সামনে দুর্ভোগ দেখা দিবে ক্ষ
/kaggle/input/regspeech12/test/test_kishoreganj_0097.wav,আাাি ফানি ইাইাআাকাইললোকে কামাাদা
/kaggle/input/regspeech12/test/test_barishal_0099.wav,িলজীবনেকেবল ৫াচ কেজিামানি াদদশটি জামাকাটোংতা
/kaggle/input/regspeech12/test/test_sylhet_0238.wav,বড়বায়ি তখল খইলা এর আগামালা বউ মারা গেছেন বড়বায় তখল খুইলাছে যেত আহ্বান নাই র এখন তিদি আমরা তাই রিয় বিয়া দিলেন তাইবুডি
/kaggle/input/regspeech12/test/test_kishoreganj_0109.wav,হলো খাদ্যা শরৃমখলসঙর উদবৃদ্ধেকেই প্রতিটি আদ্াকি হ পারর খাদ্যজতযে কোনো বাস্তবসংস্থার নঅনেকগুলো অনেকগুলো
/kaggle/input/regspeech12/test/test_kishoreganj_0193.wav,বুকে কিঁপলে িত লিখলে িইন্দিগদে অতরণ দেখ
/kaggle/input/regspeech12/test/test_narail_0013.wav,আমি তর তোষা তরে ওর কোনো কোনো খারাপ কথা ক়েবাডরা আমি গিরা আমিআমি কোনো ঠ উ্তুলিআমি তুলি না যাবাই তুই ভালো থাকলি ভালো থা খারাপ তেলিতে দাসধনি টাহা ভাটানোর কথা সে গেছে মৈরি টাদামি কি বাড়ারব আরআহন
/kaggle/input/regspeech12/test/test_sylhet_0600.wav,ারতালাক তৈি জাবানে আমরার বলে ব্যচের ছেলে ঘুলাধা তা তাবল কেতার লে গযাস মনে ভগরা ঘাটে রাই ে মেরিক্ষমেকেছিনেম কাাইতুকব সংখি়েন যুগগুলি প্রবিলিতা য়োজেদ ঠুরেন্টা রা খিতা হরে না আয়োজন কে আরারা করতে চাইছেন পোরাটাইান্ডে করা বিারটি কেমন টাওখালো বিশৃঙ্খা
/kaggle/input/regspeech12/test/test_sandwip_0014.wav,সটি়ি এটাহরনাইাহরি পলোেি মাছ গলগেতিিখরি গারি ই়ামূলি দুরগাবলিে বস্তাপন গিয়ার আনতের আন্দোলনানকর
/kaggle/input/regspeech12/test/test_tangail_0098.wav,ছবিতে দেখলে দেখবেন ওই ব্ীজের আছে ব্িজের কাছে আসে তহ নাকি গাঁত তহনছকি নারে ছকিনারিনিয়া ও রাস্থাআস্তে চল়া যায় অিে হরের দিকে রনবীর কাপুর
/kaggle/input/regspeech12/test/test_sylhet_0726.wav,তো ঐই বিক্ষিতা হয় যে আপনারত উপবাসে তাহা লাগেম নয়
/kaggle/input/regspeech12/test/test_kishoreganj_0102.wav,গাছ তলা প্রাণীমাতনি উদভিদ্থেকে বিভিন্ন স্থানে ছড়িয়ে জীবের ছড়িয়ে পড়াই হল বিজে বিস্তন বিদে িস্তিজে
/kaggle/input/regspeech12/test/test_sylhet_0153.wav,গোবনের তদ্ দেগই তারও বিকি কনযকর রিবেিয়া
/kaggle/input/regspeech12/test/test_kishoreganj_0132.wav,লাডল তরমুাদালে তুরদািবা গি
/kaggle/input/regspeech12/test/test_sylhet_0651.wav,াস্ায় রস্তায়় কথল ম্যায়কতোেেও েআপনারা কোন সময় গোলার ঠিক আর স্থিত নিমানে এরা কোনো আক্রমণ করছে নে আপনারা ে
/kaggle/input/regspeech12/test/test_narail_0149.wav,আমাকে বাড়িতে একটু বিত্তরের্দিকে মানে বিতরের দিকেই বলতে বেশিবিত্ত রেও না  আার বড় খাকুর মা আসতে অস্পুত মরার পথে এখন এরবেনেকি বাইরির   নাতি বহ দাখবে তাই বাইরেরি বিয়ে দিয়ে লাগেতে উনে পছন্দ করে মিয়ে
/kaggle/input/regspeech12/test/test_tangail_0080.wav,শিউলি মারা গেছে বরুণধরনের ফোনি পরে বরুনধাওয়ান পুরাভেঙা পড়ে পড়ে আবার শিলির বাসায় যায় যায়াছিউলিরে দেহিদেইখাআসে
/kaggle/input/regspeech12/test/test_narail_0066.wav,েখনা সতীততমি রাইেতাাতত বাবাসাাল বাা কতিল াবান
/kaggle/input/regspeech12/test/test_chittagong_0071.wav,িরিঘলাই আহলম্গন পরিবোধনী অনাতক নরবহ হুমিকে ট্যানাগুানাসল যুদি আনাসমানি সকার খলদমধে গ়পইলে একজনও ডিগ্রি তারা
/kaggle/input/regspeech12/test/test_rangpur_0099.wav,আগেরবার ভালো হিছিলে নে এবার ভালোাগে বেল বালা় বঅ্যটপেনতিমাানইবিউ
/kaggle/input/regspeech12/test/test_sylhet_0342.wav,ামি জা়ি পরীক্ষা দেওয়া সকালে গিয়া পরীক্ষা দিয়া মাথরালের যে এক ঘণ্টা কাইমেতাদিকে বিট কলেজটিকে একটা দৌড় দিই একটা দৌরে বাকা তাই আইয়াওয়া পে যাই তারের খাওয়ায় তাওয়াইয়া আমি একটু পানি হায়ে আবার দৌড়িয়া দেয় একঘণ্টা ভিক্তা বরতেতয
/kaggle/input/regspeech12/test/test_chittagong_0004.wav,নাতা়র াতা১১া১ত াাইাবকেরতুনিয়ান হাইয়া২লেমাইতে সিনেমাবদ তাতে পে়েছিলেইরা আপতার সমিষ্ঠা নয়
/kaggle/input/regspeech12/test/test_sylhet_0715.wav,প্যানের বেয়য়ে গেছেন অ্যান্ডফইফরে
/kaggle/input/regspeech12/test/test_chittagong_0033.wav,ঙগরগা়গেোবললাবিগোললাইবলের অনুমিখি বেকানোােতশিতে কিমে দিয়েদান অবাল্া নমিকের নওবা়দবা িমেনিযের নতিরে মিছু পরনরা তবুলয়
/kaggle/input/regspeech12/test/test_sylhet_0504.wav,ালি আববেন করতে দিনেরােবিষ্টকবার চেঞ্জ নেবে
/kaggle/input/regspeech12/test/test_sylhet_0260.wav,ালি একটা ইউনিটও অ্াপলাও ইউনিটর পর্বর্ত তিনতিনশজনোর মাঝে আটতিকি নিব তোমারতাইনিটি আরও একচ বমারতিকে আতখনতো আমার কপটা খুবই সিমিতৈরি িমিত়ায় আমি
/kaggle/input/regspeech12/test/test_kishoreganj_0090.wav,পাকিস্নান লকাতলিমুদাউলে বটা
/kaggle/input/regspeech12/test/test_narail_0181.wav,
/kaggle/input/regspeech12/test/test_rangpur_0120.wav,ালা পাওয়া যায় অগাঙাংরখানা এক কালচর্য সাগ্রিকালের ংরখান র ুরকি ডাইনয় পাল হইলো স্াদলাগলা
/kaggle/input/regspeech12/test/test_chittagong_0031.wav,নদি অরিনিলা মুগালিব আসানমির গৃত চচাররি মাইগেরি আওয়া তিতা গাড়ায়েন ন্তস্টেবিল
/kaggle/input/regspeech12/test/test_chittagong_0140.wav,েুসালে কি াতবই হললে এনাদসবাই ম্যাতা থারাপনআফেক বাকরা এন আয় করালিতা কংর দায়
/kaggle/input/regspeech12/test/test_narail_0045.wav,পাড়া আছেতাথুত কস্তচারি ডাএল বড়বাড়িকে বঙ্খের লোক বস্তেযায় কিন তিনি গাখেরলকদিরবাবুকি বঙ্খের লোক
/kaggle/input/regspeech12/test/test_sandwip_0077.wav,মাপাকজের পাহের েে নিরাকরপে পথবাইনে ঘিরে তিনি ব্রিটিশ পুনভের সনে পরুক্ষমাকাম হমিসনক্রাআতোগা নযাকা মাস্টার্সপে করেবং কাম যাইতে করে এনকপততে
/kaggle/input/regspeech12/test/test_sylhet_0406.wav,রা়হাহিপিডোলাককদিকিতে ইতাবগিয়ে আ০াল পণ্ডত থানার আহরা আজেনট পুরারআগে ানদপরতে শগ্র সুবিধা এপুরাস্টে কিঞ্চারদিন তাকে কারা গনি উত্তলমাি গুমাইজন
/kaggle/input/regspeech12/test/test_narsingdi_0027.wav,াডেডিকেটেড াভাল আইপেলে ঢাকা পেল এই ভতর চেষ্টা করে যেতে হবে পরিস্রম করত নিজেরার প্রমাণ করতে বলজে না আমি ভালো খেলি তাইলেতোইল
/kaggle/input/regspeech12/test/test_narail_0004.wav,মেলাগেতে কাকা আমাকে দিয়ে গেছল এ জমিেখে ধামেরেটা মেলা করবাননি া জামেলা মিতর কেছু বুঝিটো জি না আমি দেহি জায়গাজমি কি অবস্থায় আছে তারপরে খাত্তেন খান আমি তাইাপরে রাম বেছে আমিতেগুলো কর্তিছে না করতিছে এক কাগা কাগার দেি
/kaggle/input/regspeech12/test/test_noakhali_0001.wav,৯১টমবটাকা৯১
/kaggle/input/regspeech12/test/test_kishoreganj_0004.wav,রােননিেতা পৈআ
/kaggle/input/regspeech12/test/test_sylhet_0760.wav,ডঙকরে ১টা কানে দিতা তই ফানি তরারামরাহুর রহমান খইরা ফারা না করা নাঅাবিক সম্পর্ক থযকিতা ভেচআপনারা দুইজন
/kaggle/input/regspeech12/test/test_rangpur_0110.wav,াহিনিয়ে নিয়ে দাখিলে গ্রামআলেখায়াল  মানুষযেন বেশি তোকে ইয়াকুচিল ন
/kaggle/input/regspeech12/test/test_kishoreganj_0015.wav,নুনাসরকে আছা থাকতে না নুসরকাত পেজে না রকাবিবতগহ়
/kaggle/input/regspeech12/test/test_barishal_0069.wav,লেটাকর বৌরতে থায় না বহজুদিন াদাতেমরআমের আদিনে বৌর কৃষএত বড় তাবিকের পূল্ডা মানবে এত বড় বালিক ঠেরতলে ঠুকুইবে দুইড়া নালে ঝাওয়াইবে আকদার দেয়া
/kaggle/input/regspeech12/test/test_kishoreganj_0183.wav,ে অনমাধযন নায়েেবযবইিকা বরে ই আগে বড়
/kaggle/input/regspeech12/test/test_chittagong_0155.wav,ের একটে নারে েতনারচিহস্থা করাতে তোলা জন্য চ্ছেলেগুল লপন্র ধারাগিলতে ক্লাসনো মহবুগ বল ওই নন্টারভর ইখতে চলাকবে
/kaggle/input/regspeech12/test/test_kishoreganj_0098.wav,তমি গেলাাই ারভিও আশা করাতুমারে ইয়াওদাবে বেয়ে বা কানি দেয়া মক্কারখানি দেয়া মল দেখেতি নললাগানিও মনোর তালু বিবাহানিবার বৈ মূর্তিদেমত হছে নাই১১ াা গেলা সাে গেলািে মনে াই
/kaggle/input/regspeech12/test/test_barishal_0011.wav,েমাতে কেকেমারই পানি বেনাম করতে পার তাই পারি ও তারবি পায়াকা নরশি হা ানিঞজরয়াতা বাড়ির আ
/kaggle/input/regspeech12/test/test_sylhet_0507.wav,ো লিগেং করিবা মরফবিাি় কয়েকজন করলেন াইুাইতাইতিন জনাজল মারা গেছারাুতালজনাটাাতামাইা বার হলটা হইব কতপাকালেজলাটেকা গুলবিলালিমা
/kaggle/input/regspeech12/test/test_rangpur_0043.wav,মা বর খিএকদিনের না ঘুযরেতান বাড়ায় না তলে মূল কুৌরো থাকে মিয়ে আগে প্রা় একদম খারাপ হয়া গেত ি থাকে
/kaggle/input/regspeech12/test/test_kishoreganj_0202.wav,বেগালঠু কোনোর জন্য কিবহেয়াডাহেযাডডা়বে বখি় বাইুব হবে ে অগ্নিনিবারদনতে কারবনডায় অক্সাইড ব্যবহার াঅগনিআগুনিমলজন কিভাবা করার কারবনডাই অক্সা
/kaggle/input/regspeech12/test/test_habiganj_0023.wav,জকজাতি ময়ের করে গানওনগাইমু পরে আমরা একটু পাঠবে ত না কইরা এরপরেটে আমরাআর যারা জে
/kaggle/input/regspeech12/test/test_sylhet_0077.wav,আমার চকবিচ্ছামিতিচালমার যে ক্রিটেটক পরা তাহের দেকে বলা আগ্রহর দায়িত্ব বাড়ি়তে প্রথমে আসল না খোলকেছু একটু া এখনকে থারল দিকে দিকে তোমার আগ্রহবাল
/kaggle/input/regspeech12/test/test_sylhet_0686.wav,আমনা বাংলা ইনিে বাংলাহরি  আনবিবাশা দেহাতে বানা দিকে টিক এযাবককগেই অপ়াায়না তাতিরত্ অনেকটা মহিা
/kaggle/input/regspeech12/test/test_chittagong_0104.wav,চেত্রিগাছও বাহিত এলে বাইাইকাটাই বাাতাকাতা াএলে হতলবূতান এক্চাইচতে াা
/kaggle/input/regspeech12/test/test_narsingdi_0012.wav,নিঢরত কাহিনিাহনি বইলেই আসবতেজিটামযান ওারলকপ্টারএমাশরা ফিরেদেয় টুসম্মানে সহিত কিন্তু ওইিটারম্যান্ডার নিতেপট া তাও এখনও বিপিএল খেলতে আসতে
/kaggle/input/regspeech12/test/test_sylhet_0463.wav,়র মনেকোন করিত পিবিটারমেন কাইন এবার এাইবানে কপি কাস্ট করতে করাকরেও বিআরবি ফলে চলে যাচ্ছে খরেএলজনবনহর পুগনপটল ংজনারেসেল
/kaggle/input/regspeech12/test/test_kishoreganj_0033.wav,ইবাই আল্লাদিতে২িটি যর শাক সব জ়া কিন্তু ধা দানয়া কে
/kaggle/input/regspeech12/test/test_rangpur_0128.wav,গুমুখ ম়িমালা ইয়ার
/kaggle/input/regspeech12/test/test_tangail_0025.wav,লোকাইখা বললে বে দামিনি পরে জোনাথান বাধ্য হয়ে পরে ফা়ারর জন্য দিয়া দেয় জোনা থানা সুলে প্রথম দেহাতেই সারার প্রেমে পড়েয়া যায়
/kaggle/input/regspeech12/test/test_sylhet_0125.wav,মুডনডেলাখুব খবর ন্যায ন পরিবারের মতোইেগেছেপৈবনৈপরিিতঘবে ালা
/kaggle/input/regspeech12/test/test_narail_0029.wav,মিনে কি রকিছু জান আগাস্থা শুনেছিলাম পোগে পোগে আমাপাড়ে আসাদমেয়া ক্যাম্বাইনুলোকই আথাদ মিয়া অল্পুট্ট খাতে এনতে সেন্তে আথাদম্যামে লাখায়
/kaggle/input/regspeech12/test/test_chittagong_0085.wav,কম্পিউটার মধ্যে হরতে হতত দেরকিউর টাগড কম্পিউটার লাই বততে কি ও পিথিকংসাজনসিকি এহদলির সুই স্পরিকাদং ফরানি গ়িত্তা রেবেত যতক্ষনিতে ততহম করেছারেবে
/kaggle/input/regspeech12/test/test_chittagong_0050.wav,জামাইটামায়াহাগ হুনে কিছু নেই আফালতান আফাতা এখন অজ্ঞ হালা মানুষবুদ্য নাগ্রাহনান তারিদির দিযে হ তোরারে হতভারিবে হত গরিবি চোরাদ্দারা সম্ভব পেরি
/kaggle/input/regspeech12/test/test_rangpur_0038.wav,াকক়ারসাম ভুটনে লামিকটি
/kaggle/input/regspeech12/test/test_narsingdi_0134.wav,টেনপুরেই তর জাইলঘুলা ছি অবশ্যই যান অ্যাডালথনাম তো আমার চাইতর্তা ছি বিে
/kaggle/input/regspeech12/test/test_chittagong_0008.wav,া তোমার রিকফল বানাইম্রগের হত্যাপল
/kaggle/input/regspeech12/test/test_chittagong_0162.wav,অনাষ্ট ততুচুন্চি আদি করম্বরে দে পী়ারে মর্তভান হরাতেন ডিগ্রি কাইজু হনকিছু মনি মনইন লয় ফানলা বিগ্রিতিঘা
/kaggle/input/regspeech12/test/test_narail_0054.wav,আমাগেইদা কাছ থেকে চিবুশিব্ববুন নামে িরডেমনেই ১৩৫৬ ৫৭ ুততবা়ি রে দাগার কথাথা কোন ওইজমিকপাপেয়ার কুমিয়াদ এেজস েজমি
/kaggle/input/regspeech12/test/test_sylhet_0426.wav,মে ওমামার টা দেওয়াত গিয়েওমাম আক্রমা করিন নুখিপুলবি
/kaggle/input/regspeech12/test/test_sylhet_0671.wav,র তারা জীবনেভেবানানি তদিন নাকিবাচিয়া কতদিন প্রাণ আচে কতদিন বায়ু প্রান নাই নাইপর কিতাবমানে আপনে আপনিনা তালেখিতে পেনছন বন্ধুইজীবনি নাআর কেউ হই
/kaggle/input/regspeech12/test/test_sylhet_0049.wav,করমে়ন ামাতিলাও  মতিভাব
/kaggle/input/regspeech12/test/test_tangail_0018.wav,বহিমানের প্রতি গান্ডা মানে জনপ্রিয়তা কারণ রগান্ডা আসলে খকজনেখকভাবে অনুধাপণ করছে কেউ মানে কারও সাথে কারো মিল না এ রকম ভাবে বুঝতে পারছেই গান্ডার একটা অর্থ মানে কেউ ব্যাহনয়ের
/kaggle/input/regspeech12/test/test_narail_0140.wav,তাও পাসদ্দলাবাইমোনা় আপনের বাবার সাথে কফ াাশি পরকলিতরপিিিনেতালে নাতলে ফিরে নিয়ে যাবে না তোতকশ্চমী কাকা আমার অগ্নিভাতেরঠুপিপি়ি নিয়ে ে
/kaggle/input/regspeech12/test/test_habiganj_0009.wav,তানজুজেই গেছেতানজ লুকনােরলুগ্রামে এটকে বাটা সাট্টা খুরি লারই জিে সবার ছযুটু িফুলআফুলাওয়া সুডু সুডি ওসুড
/kaggle/input/regspeech12/test/test_kishoreganj_0150.wav,পানিধুনেলে দ্যায়ডিুানিয় য৫ মাইটি ডিফেনের প্রধান কারণ কি ি়াি নষ্ট হয় পরিবেথা কোনে উপায় পযর ফুনকিসং কোন উপায় পুনটি
/kaggle/input/regspeech12/test/test_barishal_0087.wav,হাবে হেমে সমস্যাবাদেিয়ে াখইরেখইরাও অমরাও খৈরিকি
/kaggle/input/regspeech12/test/test_narsingdi_0036.wav,২লিটার দাম বাড়ত মাইকোব্েসেলকিদের মূর্ধি পযকারখুরা জানটপকিতু রহনাননায় আাদোকানোগিয়া দেইরাদরি খালি বলে দাম্বখালিবলা দামবেক
/kaggle/input/regspeech12/test/test_sylhet_0064.wav,রবা বছর আমাদার ত চমব নাতিমারে মেডিগুলোতিন বলতে দরাজমারে পাকাতাইয়া দেখে দেগে যায়দাখতারে চাপতা তাই চাকতা তাইলার ডাক্তারর কিশুদলাগে পাছাজা বার তোমার উৎসব লাগে তিন হাজার ংকুনবাদী চলামে মাত্র বিয়াগাইয়া উঠতে নক কছ আমাবাইিন নতুন দোকানো ে
/kaggle/input/regspeech12/test/test_sylhet_0582.wav,আমি প সাকাকানা সব খমে দেখে মনলাগে াইরে ে আনো বড় আগে আমরা নাবড়রালোক যিরভাগ রাইটাটা নৌকার মতো আস্তরে এদুত আমার সাসিবাকত্ত মিগুতুতলে হাি তৎপ় বায় বেটি বিলস্পিতে ে
/kaggle/input/regspeech12/test/test_sylhet_0327.wav,এখন তাইন যখন বইয়া নিয়াদেন তহনা মন কাছে মনয় মানুষফেরাস্তাসারাদিন কাচফুলি কাতার আমার টায়াড লাগে না ি ূমিাইপড়ি পড়িয়া আবার গেয়া তাইনার গানার রাসা বেনব্যানগুলি জানানি আকে সা়া দিনা
/kaggle/input/regspeech12/test/test_tangail_0081.wav,ারপরে আবার কাঁতে ফিরে আসে যেহেতো সে অনেক এহন সিরিয়াস বেশি এমন আরও অনেক বেশি সিরিযাস পুরা সেই স্ট্রং ম্যানেজারের দায়িত্ব পালন করে কোন কিছু েনার টলার করে না
/kaggle/input/regspeech12/test/test_sylhet_0270.wav,ওটার পরে তো করা শুরু করলাম তখন তই ত্রাকএকটি বুঝিলে ইউনিভার্সিটির য়গ্রেডিং বা পয়েন্ট পড়াবে তালিততাকিছু খিস্তামরা তো আমা বায়ে ময়ে টার্গেট দিতে বিপ্লাদবিপ্লাসকিটার পিপ্লানিপয়্যান্ড পুফাই ন বিটিপয়েন্ট টুফাই
/kaggle/input/regspeech12/test/test_sandwip_0086.wav,আরং পারুর১মা৫ দমাগুর প্েলওই আটাই এপােেব্রাসিলন টাইি টেনেটুন
/kaggle/input/regspeech12/test/test_sylhet_0471.wav,তো আপনারা মায়তাালাগলে আমরা হোন মডারে আস্তও কাটাকা গেলে কোনো ভৈইন জীবনে গাড়িবলা দিয়াগাইতানাই রিজারভাহিংাবাডিথাকে বাড়ি় টেকা দিে
/kaggle/input/regspeech12/test/test_sylhet_0502.wav,লে যোগাযোগ করেরাক্রাইঅবু হেলম্পামেইাইমারসিটি
/kaggle/input/regspeech12/test/test_narail_0106.wav,এখনটোদাদা আগেদিন বলতেছিল যে যদি অপরেশন করতে য় তলে ব্যালত চলে যাবে কিন্তু অপারেশন আপতত করা লাগতেছে না উটে ভেঙে আস ধোটো হয়ে গেলে তাঁর আগে যেমন জ্বালা যন্ত্রণা এটি করতেনা সে রকম করে না
/kaggle/input/regspeech12/test/test_chittagong_0143.wav,নাানানো যেতুল্লা হতাহবলে গরই সাঈ যদ ব্যক্তিতিতেষ্টা আভারণ াতে
/kaggle/input/regspeech12/test/test_habiganj_0072.wav,মূন হসপিটালটা এখন বর্তমানে বাডলা এ্যাপোলেকে ফাইয়াজ বাডটন প্রথম াবছেন তারপর ফাইয়াগেরভরলিগে আরেকটা আে নামটাাইয়ারধ
/kaggle/input/regspeech12/test/test_sylhet_0158.wav,পাকিস্তানে া ারেধন আমলাহিললেিতউল রকিতপিয়ারইবমত আপনার পরিবারিকটিও যুদ্ধকিছি
/kaggle/input/regspeech12/test/test_sylhet_0072.wav,পশ্চমো যাওয়ায় ুপাপ্রথমদিন এতত ব্যক্তি অজায়না পরযাকলর বিনতাপরতিন দিন আমে তিনদিন হাইনিাদিতে গে া কাা
/kaggle/input/regspeech12/test/test_narail_0059.wav,তেমন্দে হরমেনা ওতি াইমকন স্বামী পেটক বকরেটুকারকিকেনাই অবঙ্গ যেটুকি কিছু নাই ে দলল
/kaggle/input/regspeech12/test/test_sylhet_0237.wav,সময় গিয়া জ্ঞানহুত মারে আমি হৈে কোন সমযটান আমারে জিনোদেনঅনোগে অনিবর্তন কর আমার একটা রুমা রামারাও খালী বইগুন থাকে ওই পমরা কিছছু লাখতনা তারা দেখতন জামারা ফেলে প়ার ইচ্ছা আছতে
/kaggle/input/regspeech12/test/test_habiganj_0007.wav,নিল আমা কাল মেম্বারিুচেইররিফুরি িবিনুসি
/kaggle/input/regspeech12/test/test_narsingdi_0088.wav,রজইবলেে রিসনিসলবালনাদেকেন তাকস্থা ত বাইট বাইট হাউস নাতুকদেরা জানাস্াের লাকতাপবে েদিন সকালে শুরে
/kaggle/input/regspeech12/test/test_sylhet_0251.wav,পিতায় সেলযগ করতো না পৌসুময় দিলাইকেট ঠাকুলার প্রাইমারি স্কুলে বনতুমা কাগজপত্র খালি সার্টিফিকেটটা দেওয়ার একটা স্থবি দেয়াও আমরা এ্যাপ্লাই করিয়াছি মতুমিাখালি পরীক্ষা সম্পা দিবা়
/kaggle/input/regspeech12/test/test_sylhet_0642.wav,ন কিবািজিকা১াংার দাঁত হতবে টেকাপ্র
/kaggle/input/regspeech12/test/test_chittagong_0061.wav,িিজিনা ফাল্লা় নাকে তমাকলহলে তানে দিলে সিটিকলে লে কিম ৃ্বেস্থাকন্য লোবে ম্পরেিস্তাপালেলিা নাকি নকলাজন মধ্য যি
/kaggle/input/regspeech12/test/test_noakhali_0025.wav,আকোতাদে কিত্রকিছুকর তোন খাতি বাব আাকলবযমলে কাদরা আগাম াইকেনেইকলি াথাযান্দাই
/kaggle/input/regspeech12/test/test_sylhet_0662.wav,যেটোনাতুন ধর্মততাইলে দেহাতা বেশ কয়েকটা বাড়ি আ
/kaggle/input/regspeech12/test/test_sylhet_0596.wav,গে াখানা আকি সবযোগাতুক নাই ২িফি  সেরে আমার লাগে না তাম যক্ত নিজেদের বিভিবিজি হইতে হরাইলানে তো টার্গেট ায় এইচডে আগেমান কেনে কানি অর্ানা য়
/kaggle/input/regspeech12/test/test_sylhet_0252.wav,বৈনালিদিকেও তিনি তারা ভ্লগে পরীক্ষারক্মতা দিপার া একটু সহযোগিতা করবা় দেখাইবার ারামিলিত অনেক কেলেন নে প্রিয়তাসাক্ী হরতায় না রার একটি উপকার উদেযও
/kaggle/input/regspeech12/test/test_sandwip_0110.wav,ি আনেইআ়ন ভ১াকারলাইেকিছবেম
/kaggle/input/regspeech12/test/test_noakhali_0015.wav,িউপ্লাকাখা বরতাবরিতুদা ডিমপেকতিছে ভল বার আকা় মতুতূরন আইরুকভিজ যামুনা তোমেকমোকায় কোথা বেটছেন
/kaggle/input/regspeech12/test/test_sylhet_0194.wav,তারপরঐই গে়া তপানিন্ধিল ভ্রটনে তাপানি্ি া্্স্থাপক দনিমানে
/kaggle/input/regspeech12/test/test_sylhet_0611.wav,রলি এাঅমন তাহকে আরাম্বুলিে ইকিরুহুলাতইটারজিনিট টা
/kaggle/input/regspeech12/test/test_sylhet_0085.wav,তাহরে বাদে াবা বাইরে বকাতে জমজ আমা দাখারোর কোন দরকার নাই যাকে আবা খরি দেবন
/kaggle/input/regspeech12/test/test_sylhet_0289.wav,য কিয়াি বুজতারালোগে আমরা পারিবারিক স্টেটাকমিরা তারাও ফিল্ম ফেমিলিট অভ্ভলেটিকটআমরা নত তারবআমরা  পরিশ্রম করিয়া পড়ে া
/kaggle/input/regspeech12/test/test_sylhet_0703.wav,গ্রাগে এডন্ডা ৫ইস্পিং আনা দযক তিয়া আরাতাইতু পরালা়করণটাবুধা য়ে
/kaggle/input/regspeech12/test/test_sylhet_0696.wav,া নাবইনা আনার টাইম এমনিনিমুআ নেমানেই বাড়ি তনান ইবারি নানে য়জন
/kaggle/input/regspeech12/test/test_chittagong_0015.wav,লাইকুমার তলামরি কেন সত্যি হব ত্ুট গণহবর পাতিনের দেতুরা গমাসি গমাসৃতি ভালো তো পি়রি বাাকি িনার পাদেরই অজিতবেরগিসা
/kaggle/input/regspeech12/test/test_chittagong_0159.wav,য়ারপরারে নারা যারবা মুধবুপাও ভেরে হব্ে কিবায়সত্যগামেনুভার সিকির ইঞ্জিনিয়ারওরে হলে তেয়ার বিয়রে পৌকিতেপেহইই বিড়াসথয়তা লাগে
/kaggle/input/regspeech12/test/test_sandwip_0007.wav,পাথাগিম লেখব একবাাতা ১কেজি জিখামাল তেহিনিগের একোালে দালে পাঁকতুরিকনা
/kaggle/input/regspeech12/test/test_sandwip_0063.wav,কনিযা এখ আম্তালাগেদাঁবিগিজেহে নেতেরিকা খেললে শিলেশকোতা় বাবেংগোসেবা ফরা কযাইসেদেবাাঅনদাবের আগে াাুবামামাা
/kaggle/input/regspeech12/test/test_sylhet_0687.wav,এরপরা এপনারা কইটাকম দেখাইয়াাা
/kaggle/input/regspeech12/test/test_chittagong_0128.wav,া৭ ুপই তাপুত্ ুমনময়ারা র াজা দানাম় থাক বিডাওয়ালা একটািাব
/kaggle/input/regspeech12/test/test_sylhet_0095.wav,ি পাঁসপেতে খাতনেটত বর মধ্যবে ররা পাসপেটে হাল রতিনস্ ে আেবুকিনবা বিয় বরতম় কলম খাতা বিতাত লাইবে
/kaggle/input/regspeech12/test/test_narsingdi_0107.wav,মরাজাপুরা ও মরাইয়ামিসি েদিন ফারস্টাইমামি রাাতারপরে ডিমবাূআবেশি জা মোসটুর ফ্রাইফেন্ডািন ফারয়েড েে ফরােসে নায় দেখন ে
/kaggle/input/regspeech12/test/test_narail_0050.wav,িকে াঠিতো আমি কাঠে নিয়া কাটিছি আমারঅনিনোর ৌনা পিআইপে কটে তা আমাক জাঙান মধ্যে পরি ২ টাখার মধ্যেু বড়ে মি তোর বাবারো ধেমার টাকা মামাফি়য়
/kaggle/input/regspeech12/test/test_habiganj_0099.wav,র তারলেলভিবনে তারাই তো হৈখুন কক্টবাজালিয়া দেবে ককরোদের তমলা দেইতাম না াতোতটে া তবের তিনদিন তাহা লাগবপাড়িতটেকে দিতানা তদুতদূর ডেবিলেতদূর যাওন না
/kaggle/input/regspeech12/test/test_sylhet_0498.wav,টুকুকুলআর তসবীপোরাম খান্দার ছুটি আমরা যা লাবার ওবরসে মাসোক্তাহাকালবিতা
/kaggle/input/regspeech12/test/test_barishal_0015.wav,এইফুলনেসপেক্টারের মাইয়া  াম খচ থাকতে হয়পয়াটারেে টিকন থাকে হাইটা রওায়ার্টাএমন তালা আবালত হয় া আপারে
/kaggle/input/regspeech12/test/test_chittagong_0089.wav,জায়গায়রা একঘন্টা একঘন্টা গরি চিরি ধলে তো কম্পিউটারে ততত্বদ থাকি দেয়বই তুত্তদ পালা কম্পিউটা আতগর্দন আিটা রাস্তায় কিন্তু কম্পিউটার ইনভার বাাদিরেকিওর ভাষাম্ত বাবুহিন আুজে
/kaggle/input/regspeech12/test/test_barishal_0066.wav,াপূর্বও ডালাগলা গাাি াআমি ন আমি আমার িরিয়াত্থান নেখা যখন বিয়েশাদি করিনে রাত্রির একটা সময়কৃতিনা বেতাল দিঠেই তা না খাইদেে
/kaggle/input/regspeech12/test/test_kishoreganj_0167.wav,বায়ু যখন ঠান্ডা কুনগস্তু সংস্কৃতে আটি তখন বায়ুতে থাকা দলীয় বাসপো ঠান্ডা হইে পানির পুঁতা হিসেবে জপাননি পূতা হসবে
/kaggle/input/regspeech12/test/test_narail_0091.wav,ারি া আমারে কেতর বিডা মানশ মনে াইতাতামি ত্যাগ করে
/kaggle/input/regspeech12/test/test_chittagong_0016.wav,রকমকা করিল হজবন জ্বালা থেটনেয়ারা কিউজালা অবেন হদদ্ানা এড়া দুনিয়া গাালা কিনেরা যে বরমপরেরব় গুম্ত ক্যান্সাই তনফাদীকে
/kaggle/input/regspeech12/test/test_sylhet_0253.wav,মোট একটা সহ খরচ লাগত নয় খন তাইন টিচার মানুষ নাইনদা মি চিত্তু হইতাম পারলাম না গর্তিকে আমা বাই একজন বাড়িতে ার়ন তাইজুটি ও পরিক্াটা দেয় আপনারগুলোর কাতমিগোখবানাও তাইতাইন ুটি তা ক্রিকান্তা ঐইজা তাই আখ হামনে আগাইতু ঘটত না অহুতক লাশ টার্গেট লাশ ব়ারি
/kaggle/input/regspeech12/test/test_sylhet_0091.wav,েে লাকিনিফেবুন এিতে সবাপ্ষরি ফদা তেলায় গো়াষ্টথে সষিত বিপ়াকরে দাযবার কিনটালা
/kaggle/input/regspeech12/test/test_rangpur_0052.wav,ািরকেমন ইনকামাাতিকাম হাততেকাাতে কেম ােদারা কাহিনো শাহীনের মাও পিরুদধের বহু ঐই পিরুজধের ব্েযাটইও ফির
/kaggle/input/regspeech12/test/test_sylhet_0387.wav,ত গ্রাইনে বামিারেইনেগিয়াএমনিপরি
/kaggle/input/regspeech12/test/test_chittagong_0027.wav,মগ্গতিনহেন নেনে় গরিবইত্র বলে বিদিছেলেরে অইতিবকেবি়েধিবলাকদায়রেই ু়মে
/kaggle/input/regspeech12/test/test_kishoreganj_0013.wav,নাদােই েিককৌসুদের কফসালনা মাইবেরটেলা
/kaggle/input/regspeech12/test/test_tangail_0122.wav,দুইতিন লাখে কি হবে কিন্তু তারা উইঠা ওঠার চেষ্টা করতে তারা দিন দেখলাম খাঁটিয়াভি তয়া় সলাই তোলান খুলতে ব্যবসা করার করুপিে ময়লাকাপড় গোলা সরাযা তইটামএএকটা ভালো দকষিণ তাঁদেরা শুলো অনেক বিকিল
/kaggle/input/regspeech12/test/test_sylhet_0174.wav,রিয়াটা অনেক বেশি নিরিবিবিমাঠ মধেএদিকে ইস্কুলের মারটিন রওডতকলের জন্যই অবুদ্বধেহাতেমালি উৎস দিতে হয়না
/kaggle/input/regspeech12/test/test_sylhet_0572.wav,লাবেরা সবাইটীরে দেখেন নাট হইবা ইতমিাইলি পরেতও
/kaggle/input/regspeech12/test/test_rangpur_0008.wav,শুনবেন িতর কিাইাাআপিল বেলানইগমর
/kaggle/input/regspeech12/test/test_sylhet_0452.wav,ণ্ডিততিন তাবার মনো েএব সনুল ১ খালিকা মেমাজামকন্ডকপটোা়া়েিরল্যাথমিয় ভবোইাটাআবার পন্ডপেটা বি
/kaggle/input/regspeech12/test/test_sylhet_0701.wav,এখানথাকে নাইলে কেন থাকে হারিে হারুে মাতি জনে নিোর
/kaggle/input/regspeech12/test/test_narail_0060.wav,এটকটুকু বিকিত দিতে়ািি তাকিতেও আর রবা় সাকরি দলই তার ঘরে জনমা বৌঝলেনি হেই মাগদিখ
/kaggle/input/regspeech12/test/test_sandwip_0121.wav,াুলেবংআনাথ এন উগাজরে যরি তাঁরাকেলাদুল বলামাইনেএককারে মাইনি ওআঙগো
/kaggle/input/regspeech12/test/test_sandwip_0073.wav,ানা পীডা তিভালনে আগোগে শিকিৎসা করেনা টে একানদিপনকোন অফিরবিষয় পুরো আলশেই  ক্যাডাপ অপছন্দবিরক্ত
/kaggle/input/regspeech12/test/test_kishoreganj_0092.wav,াংাদেশটি পাক বেং ভাষা কোন খুঁজা বাসাক হিন্দি ভাহিন্ তুমকোনামকেযা তুমগনা গেবুখকই টুবগি কি করুতুমকোনামকে
/kaggle/input/regspeech12/test/test_narail_0002.wav,াানিাকা উলিয়াসা নিরিবেনবাকার আর ওইজারতাকি নামগান পুলে সারার বাড় বেটাম বাভাই টাপয়সা দিয়ে
/kaggle/input/regspeech12/test/test_kishoreganj_0099.wav,খেতেবাচকি মূন অন্যকালা
/kaggle/input/regspeech12/test/test_narsingdi_0092.wav,রেডিবইড য়েনেরগ্রুি অনুষ্ঠানে বারালাবাকাইউডাহাতান দিখএবার ডাহাতন মৃত্যা করিয়া
/kaggle/input/regspeech12/test/test_sandwip_0097.wav,িেএইন্ নেআরামিজেনগি়ে আঙগুরিস্তা লেখিি সেহের স্তাততদ না
/kaggle/input/regspeech12/test/test_sylhet_0330.wav,ফলারফমও তাকি ঘর্তা ও আদাদবিভাইংলিশ মিডিয়াম বিভিন্ন স্কুলও সাকরিআমা খরশ চারুকে আআমার তলদর অভিজায় ইউনিভার্সিটিতে যাওয়ার পর তিকিউ সেলক ডিফেন্ডেন্ট হোয়ার্ড গযাপটা টেন্ডেন্টি নিজে নিজে খরক করিয়া গুচটু
/kaggle/input/regspeech12/test/test_kishoreganj_0063.wav,ফুলচে ফুল্ুুকুকুঠাকুর পুটা নাম ানান ঘাপতাোদএকাাই
/kaggle/input/regspeech12/test/test_sylhet_0295.wav,তাইরো বিউই গেসে তাই জামা তালিতাকে তাই গিয়া বড় বড়ো ঋণদে   তাইমরে কয়ে কিতে কিতাদেখিএটা ও বালা দেকিয়া দেখত নাখানেই তার ছুট ছুটো ডিংটাকোস্কি তখন আমার মাঝে কাজ করে জান্দিতু একটা বড় নি ফন পুফরি আর পিটার যদি তাইদিকার পেমেন্ট প়তা হারেন না তাইন এট ফরম পাইবা র একটা
/kaggle/input/regspeech12/test/test_sylhet_0200.wav,ও দাঁড়াইতাম খুব বইত লাবইয়া দাঁড়াইয়াগুনুর ফোন পরা যখন দেখতি যে নাটেবিলও দাঁড়াইয়া পড়তে করতে েফাউু বেদনালিত তখন আমরা টেকনের তেলে বুইতা কটাম কুমারিচ
/kaggle/input/regspeech12/test/test_sylhet_0496.wav,বং বাদুর্বদল জাবু লিয়ারিদাম বাডন পোক মানবদ পিটএখন আমার খ্রাট বন্দু অন্যাকিটা হোয়া বা ক্রমণেমন খাত খু়ছে আমার লাখের পর পিতুকুর লিয়ামারা তেপোর্টাবল্যা গোপা মানুষ্চিরি়আমিএদিকে পাই নাকলা দেখলাম না বয়ং গলার ালিমটারদের কাজ পরি পরে তাক এনামিয়পরথে এদকথে মত বিয়ে গুকদিনের ধরা বিজ্ঞ ধু
/kaggle/input/regspeech12/test/test_sandwip_0039.wav,াগাল গেছি ২১প  িমেদদিকগেছিনাম  কোনরকম আরকঙ্গ হুঙ্গা চবইয়া একান্ক হইয়া একান্প কোনো রকম মা তিয়েদেকি ইমেলতিন করিছেআ
/kaggle/input/regspeech12/test/test_barishal_0048.wav,মদালে একটা কথা কইিছি আমাদি একটাদেনি  কোনও মানুষকি চাই যে গর একটা হু্নামান আমরা কি অসাত্তধন লোক এরপর কওয়ালাগেকে দুঃখির চোটে কোয়া এই কামগুলন করে মানুষে
/kaggle/input/regspeech12/test/test_barishal_0007.wav,্কপেন আমাগমতুন দিননিদুড়ে দিখ খেলযারা ভ্যান্ডালারা বদলা খামলেরা জীবনে মাবা ফেলাইবে না আগেুতি মাহেউ হই বিষ্নে পোলা পানি পরীচ্ষা করে তোমা হা লাইবেন আর এই যতই দু একটা বড় ধরনের ঘটনাদেহী বড় লোকের ভিত্রে হয় মান সন্মান প্যাট টিতে পারবে না বা পরিচয়এই দে তারেনা
/kaggle/input/regspeech12/test/test_tangail_0036.wav,নিস্টই টাকাল ছবিও পরে দেখলাম যে না যদি এম অনেক পরে ্রিছবিরা অসম্ভবসুসুন্দর ছবি যদি এটা যারা প্রথম সুবিধা শুরু করছে তাদের পক্ষে
/kaggle/input/regspeech12/test/test_narail_0079.wav,তা আমার ব্রন্থ অবস্থাপর এতই কথা বলতে ছিসেপার বুন্ডি লাগালাগে করবেনন বন্ডির আকারাগি
/kaggle/input/regspeech12/test/test_sylhet_0131.wav,কাপক নিয়ে দিবাাম রতাকামিয়খামু ডুকতিআইক মন হ খুর রত নাপরনা একতাছাস
/kaggle/input/regspeech12/test/test_kishoreganj_0083.wav,আটটাই লাগে ালাা রাটতেগালে আইলো
/kaggle/input/regspeech12/test/test_sylhet_0344.wav,তহনালুকইলাম যে এখনতো চাকরি কর্থা ব্যবস্থা নায় বাচ্চা একটি দুা মুকামুটি ডিসটিয়াল তার্টেই তেখন কিপ্রিমারকরি চাকরি করি দেল তানহইলে অকদমকর্তার ব্যবস্থা নায়
/kaggle/input/regspeech12/test/test_noakhali_0009.wav,গোসাফটুদার বা সবকালিআলাটিপেরাননাকি এগ
/kaggle/input/regspeech12/test/test_sandwip_0130.wav,রএকআতএকদমআঙুের হলেননা দুদি আই়ানের ফ্যাসারদিদে মেরবু আ অলকা যদি কইতে যা তুই এ এইয়াকন লাগব
/kaggle/input/regspeech12/test/test_sylhet_0727.wav,বিআরডিএম ানে টাাাগো১তানাকোহতেপরােরবাদুদিন ধর নথেকে উ
/kaggle/input/regspeech12/test/test_sylhet_0675.wav,আনতলারেরন এদিকেই পনি দেয়া কবত্তরল
/kaggle/input/regspeech12/test/test_sylhet_0499.wav,আকরবামেয়া রাম্বা ও হনোর ফাস্তালােয়মপ্রতি শুক্রবার তোথখালে খোন দি্ছে নারপপাঠাত হিনো গেলেএদফ তোমার সব প্রতি টুক্রবারে আমার ননন ননহরিবানি জামারি বন প্ড়জন এক ননহরি ড় ামাটি ্জেরা তারা ননন ফইয়াকে ওরকম সব দলই বাংরাসব জা লোলাচ আমার বড় জালা বারতায়
/kaggle/input/regspeech12/test/test_sylhet_0080.wav,আমার মেতাই আবার বুেনাইডলে লাইতে লিকনে ডিসানকানটান কর না
/kaggle/input/regspeech12/test/test_kishoreganj_0116.wav,উন্টির জন্য পানিীয় উদ্ভিদের উপরনিবসে খাদ্য কুনটির জনে পানীয় উদ্ভিদউপ ১নটিজনে পানিয দ্ভিদপ নিবসীর খদ্য নিচের কুনটি শোরটিক খাদ্য শিঙ্কল সাইটটেমিকুল গাসপরি গার চাঁপ ব্ে
/kaggle/input/regspeech12/test/test_tangail_0037.wav,ুজাএকটুক ঠিন হইতে পারে তবির একটু লম্বা লোমুনো ইতে পারে কিন্তু ছবি ভিডুয়াল ফিম সব সুন্দর তুদেহা ভাল্লাগ পুরার লাশ্টের দিকে যায় আপনি এার ইদামর্মরাবি
/kaggle/input/regspeech12/test/test_sylhet_0183.wav,আছাতেহআপনারার অনেক সময় নস্ট করলাও েন না
/kaggle/input/regspeech12/test/test_sandwip_0114.wav,কমা ঘরে একিন স্কুলাইতে বযকন ডাটন দিবালাই মনোপদকযোােতবনি নাই ফরজি গেলে অবস্থা
/kaggle/input/regspeech12/test/test_tangail_0015.wav,এইডসে আক্রান্ত হয়ে যায় পরে একদিন ম্যারির সাতে দেখা য় ম্যারি পরের বুঝায় সব মানে ম্যারিসাথে অনেক কথায় পরে ও নিজে চেঞ্স করে ফেলাব বেলা সিদ্ধান্ত নেয় পরে আবার যায় কুইন্ড ব্যান্টসের সব সদস্যদের কাছে সাথে কথা টথাখুয়ে
/kaggle/input/regspeech12/test/test_chittagong_0073.wav,তাগরমনার পরিচিত আইনকের মামাতব মমতাবোনার এ ধিচাইতা বুজনদা হলত ডিজিটাল বোট ধরায় কি্তু ফযল েটি এবে ছিল বেসরকারি দৌডি অনাকুল লোফারয়বুকিন তুটিয় না হতযাশরকারি তটি ালক বলে
/kaggle/input/regspeech12/test/test_comilla_0020.wav,বিষয়টার মধ্যে কিন্তু অনেক ইয়াছিল আবার কান্টে তার একটা আমরা যখন যাই পড়ে আর কান্টের তাঁর দেখি নাই নকান্টের তারটা ছিই়া সবাই ধারণা করতেছে যে  ধোলনার যে এ অ্যালোমিনিয়ামের জের গিয়াগুলা থাকে না সম্ভবত এই ধুলনা রসমিটাতে তাকা আন্টা তাঁপটা ছিরা পডসছে এরকুম মানি এটা ধারণা করতেে
/kaggle/input/regspeech12/test/test_kishoreganj_0074.wav,গাদাদে তামিরাতা মাপুনভাই একেলগোাে েনিননিবেদন
/kaggle/input/regspeech12/test/test_sylhet_0759.wav,াানা ইাাপারানা ক্রহণার তারক ারানা ওহান বলতে অনেক হানির চিটা ফললে তিতাহুড্রামরাইর য়বিয়াতর
/kaggle/input/regspeech12/test/test_habiganj_0065.wav,ঐই তিকতেবে নেইতো তাকে আগে হালিপুকাতুকে বা়ি হরতাম আনন্দ ফান পরে বাংলাই তাই তাকুন বোইয়ের মেধে গলপ আতে যেততুক তুক একটপপ র েকটাম রেমনেও পরই গল্পের বই আরকন তা় মোবাইল আইপেপরতিকামুবাইলিমাটে ফতগল্প দেয় মোবাইলের গল্প বার লাগিয়ে করি ও দিন আগে আমরার পরীক্ষার আগে মোবাইলের গল্প এমন নিটা ঐতি গযালসল বই কিনাগল্লাযেদা
/kaggle/input/regspeech12/test/test_sylhet_0639.wav,স্কিত্ফরকষইকর া্যাচিতা করতে বালা লাগে বিকিা
/kaggle/input/regspeech12/test/test_sylhet_0244.wav,আগে ইলাই আমি তো এখেতিতে যেত জেলার মধ্যে ফার্সট হইছি ত ভোটফোলার শিপ পাইচছি ভুটফোলার পিপের কারণে আমি ইন্টার পর্যন্ত পরিপিও কুবি ডিসিলমস িন্তু অুজায়েগেও লাগতে আবি মুসকেলতাস পানবটি হোস্টেলে র
/kaggle/input/regspeech12/test/test_sandwip_0080.wav,বোমা বোহেন্তুগলঅমনিতেতেল
/kaggle/input/regspeech12/test/test_kishoreganj_0069.wav,নিরাজা ভালোআআইাই় দাা িারাটাকাতে
/kaggle/input/regspeech12/test/test_sandwip_0035.wav,নিয়ে কিছু কছেছেটিরেনসেনার জানেরা
/kaggle/input/regspeech12/test/test_sandwip_0048.wav,বাগনের মাতাআাহুজসরস্ব নি চোনাহলী জেলার
/kaggle/input/regspeech12/test/test_chittagong_0137.wav,আরো মধ্যে তীবাতর হাতে নাকে আরখন বাতু তুলি দিতু নে ়বলে বাসত গুরিরা হাা হানামেজেতে মা়ানদ কিছু আগা মাতা ছিনিনি েইন আইলেদ গোনাপারে মায়না পা়াহর হর্যেই তালালান ডলদি
/kaggle/input/regspeech12/test/test_sylhet_0069.wav,আপনারা ধর্মীয় আচার অনুষ্ঠান লয়াঐইরে হিন্দুনািযুািইয়া বাকি তাকড়ইে কুনপুজাতকি দাও অেকেএরেসাথ্ে বুজাতেি
/kaggle/input/regspeech12/test/test_kishoreganj_0148.wav,গানবাজি এবং লাইড পিকার এবং মাইকবাজিয়ে মানুষ অব্দদূসর পৌঝছে শদ্যদুষের মানুষের মানুসিক ও শাহিনিক সমশ্া সৃষ্টিকে
/kaggle/input/regspeech12/test/test_kishoreganj_0009.wav,বহু জায়গাগহি
/kaggle/input/regspeech12/test/test_sylhet_0083.wav,এটু একটু ুনর বাসা ইােনিবাসনাযই়টু হাটে হাতে
/kaggle/input/regspeech12/test/test_sylhet_0570.wav,দুর্বলতা নাইসেল্যান্ডেলেতডাক্তারারক অধিনিক্তা ারু কন্টিনিউটমাথাই গুড়া নাি আনদার ৫ায়ান পরিতিছেরিচুপ্ত তাকলে আজসাকি কার্খি আলুয়াল করেননা
/kaggle/input/regspeech12/test/test_tangail_0076.wav,ও সিউলির যে বেড ে বানিতার যেপেনায়িকার্জে বেড ওই বিড়ের পাশে রাইখা আসে রেই ফুল অটআরবার অর পছন্দ িএই ফুলের বাসনা ত কথা না বলতে পারলে অনেক সময় স না সেন্স কাজ করে উত্ত সময় ও এই সেন্স্টামানে
/kaggle/input/regspeech12/test/test_sylhet_0669.wav,িনে হাউগাইআমার তুটবেলাবিয় েরব পেরমগই
/kaggle/input/regspeech12/test/test_kishoreganj_0173.wav,নিরাপদ পায় নিরাপদ পুকরাবা নি়াপদ ন নিয়াপদ নিয়া
/kaggle/input/regspeech12/test/test_sylhet_0741.wav,ারইওতারারমানে টাইটের নামে খাতে আপনার ঐ কললাবেডিম তারা লিকানল্দ সম্পর্
/kaggle/input/regspeech12/test/test_sylhet_0433.wav,সিং না হয়তো দুদে খারাপ ারাপ হইযেরে বামা াম এ পরে দেখায় পরে একটুনব্যাক অন্ন মেডামাবোাবাবাবাদেরমারিবাে ফাল্দাতাননতিকেদেয়া াবাবাথবে খার না
/kaggle/input/regspeech12/test/test_sylhet_0737.wav,টদাা পুজানা এটা বাবনা নেয়াে
/kaggle/input/regspeech12/test/test_kishoreganj_0068.wav,দিান্ত দোান খুলেলুতুবাতা লেখা পয়সা
/kaggle/input/regspeech12/test/test_sylhet_0346.wav,নিউফরপানডটমার্ট নেখন তখন বাইলক বিয়া ভিকনে তলল কইল ওইয়া
/kaggle/input/regspeech12/test/test_sylhet_0162.wav,াতাকেল সাইডা অপেন াকবাইলা চটামোটাগন দুপর খাগুলি তকর নগন অভিযান
/kaggle/input/regspeech12/test/test_kishoreganj_0189.wav,গুলত নিন্ানিোতনি অংআতে
/kaggle/input/regspeech12/test/test_sylhet_0540.wav,া়াদিন আয়গ লাগে হলে আখোনোসময় থম রাইলাপেটনিক মিনাতাা আলাদারলাষটে তিনতাশা ানি আখবানিন
/kaggle/input/regspeech12/test/test_narail_0108.wav,আর আস্থে শুধু ফ্যাটটিসুটা টার এখনো কোনো পরিবর্তন হয়নি ফ্যাটটিসুটাও এটা দেখি এবার দে আবার দেখাতে হবে কি হয়য
/kaggle/input/regspeech12/test/test_kishoreganj_0058.wav,গেএইলাজি এলাজ পটাউড ভাউ পকৃতদিবা ন্তুকা গালো কাটা দাথাকাগ কেথাকনা পরতেোধেগা
/kaggle/input/regspeech12/test/test_kishoreganj_0080.wav,২টিনাতিয়া বেেনাযএদখা আলাদাযা ফাভাতেশ খালবে মি
/kaggle/input/regspeech12/test/test_rangpur_0064.wav,তেআফান বিয়েেআতাবিয়েভাবে ছাওয়াইছির জেগাদগনের বিয়েনপদ মার বাহরা আছি
/kaggle/input/regspeech12/test/test_sylhet_0497.wav,াবাইিটাকি বামিলতুন একটি টানত্রবতন মেলাই এত মিটে চাপ দেপুরবের তালাে নিয়ে গেছিখনেমিডিয়া ওডিয়াইচ্ছাব বরমাতানে ত করিাানিটুেও পইশলা ঠারলাগার খনামালি ও মনবথতানটাহনতে হন এবিলগজ নে বৈতুকিয়া আরু ােেমালে কোসা সিটসুটুয়ল রহমধ াাবলাখন
/kaggle/input/regspeech12/test/test_sylhet_0188.wav,অনোক আব্বাম্মা ক্লাকহুয়ানন করি তখনওবল বড়িতারপর থেকে গড়বাই বড় বাবি
/kaggle/input/regspeech12/test/test_rangpur_0025.wav,গুরুভাবে থাওয়া গিছ ৌ আগেজে এইবাড়ির মানুষ এেদে নীলিপুর ঘরক পুচ করে সর্ব প্রথম পতেয়া ভেনু এই গেতু মান নারি নবু
/kaggle/input/regspeech12/test/test_sylhet_0612.wav,আফবাতানগোফকবিফ্রায়নানে যে কাকিবরোন্দার গাঙ্গাওবাদ
/kaggle/input/regspeech12/test/test_habiganj_0051.wav,ধর্মীয় বৈটয় একতা ইঠাকরি েপরার্তনাত্যনা করি গানন গায় গাইয়া তে
/kaggle/input/regspeech12/test/test_sylhet_0648.wav,আারতেপটুসরথাওয়াতুকোনকটুসটেইবরন
/kaggle/input/regspeech12/test/test_comilla_0011.wav,হয়ত এই দুলনার কাছ থেকে ওদের রিয়ার্সাল রুমের দূরুত্ব হয়ত ৩ চ মিনিট হবে ওখানে যাওয়ার পর সারা যখন বলছে যে রিয়ার সাল হবেনা তো তখন আবর শ ফিরা আবার ধোলার কাছে আসছে আইশা দেখেযে ওর বান্ধবি ও জেনুসাইবা সে দুলনার মধ্যে একদম অদ্ভুতভাবে বইসার আসে একম
/kaggle/input/regspeech12/test/test_sylhet_0107.wav,বাদরাদিপ রাফুটলুন মালকেকু ইকলান্দা কুপলো করনা হুটে দাও ারনটা করলাম ঠাকাঘারচিহা দিলাআমারওখকাটে হারা াজাজীতিহার নিটেহ অদ্রসেপেরিদা
/kaggle/input/regspeech12/test/test_tangail_0069.wav,ত ওই যায় হাসপাতালে আরা দু জন দিজনকে পছন্দ করতো মানে কিন্তু বরুন ধয়াল নত সিরিয়াতে ছিল না আর মেয়েডআউট নাযইকা কেউকমাে দুজনে কেউ কাঠে বলে নাই পোরন ধরনে সিরিয়াজ ছিল না েয়ে দেয়াও
/kaggle/input/regspeech12/test/test_tangail_0063.wav,বলুন ধ রা বানীতা দুইজনেএ়ছে হোটেলম্যানেজম্যান আর টুরিজমের  মানে স্টুডেন্ট মানে রাফির হোটেলে এখনা জপ করে সম্ভবত মুম্বাই়ের কোনো একটা ৫ই িস্টার হোটেলে ম্যানেজমেন্টের কাজ করে কখনো
/kaggle/input/regspeech12/test/test_sylhet_0761.wav,গেটারগর বইনজি বলতে থাঙিত াতা ালানা
/kaggle/input/regspeech12/test/test_sylhet_0402.wav,ইবা্ছএখন আরথে ডাস্তানি দেখাইয়াযাগ াগালটাফইয়ালনের শোকালেরইটা বিমান দিয়ে ডাহাক আবার বিকােলে ইম ওহুর হূমসলা ফিরা রএর খুবে বাট্ছ
/kaggle/input/regspeech12/test/test_kishoreganj_0091.wav,লুজিকা ুজিকা িং্গাছেনা বালাাও
/kaggle/input/regspeech12/test/test_sandwip_0094.wav,াাইেের নেকিরিকেট বেয় একিদিখেলবেবিয়েবুজিবা অিবাহেনি
/kaggle/input/regspeech12/test/test_sylhet_0436.wav,রলতল্লা আমার গুচি েদকােওবুলডাত মুখ বার এমার টযন গুলপিতাহুস্তামিনিদেপুটে সপিকারাইদা মনোভায় মি কোন বুলপদম্বতফরে নে ভবহনে
/kaggle/input/regspeech12/test/test_narail_0134.wav,নতুন মন ইন্ডিয়া বা ইন্ডারনেট ি বলে কৃষ্ণে দিরাকম বাড়িথিয়ে মা রেথিয়ে কোনো জায়গা যাতরে পারবি নাই
/kaggle/input/regspeech12/test/test_narail_0094.wav,আমজুদদিন পুনর্গথন তলতের সাথে কথা বলতামনা ােএকসময় তৎসাতে আমার যেপরিমানে কথাও হয়ছে তা কান্তাসেতেদর
/kaggle/input/regspeech12/test/test_narsingdi_0055.wav,তুদ মশা রইমুলভাবে মার মন ইয়াপোর্ট সাকারামানে অয়না সেলানিস
/kaggle/input/regspeech12/test/test_sylhet_0425.wav,ওরঘুমা পড়ায় ডাক লনমাল থাকিড মেডামের েহগ তারণ পরিকনিত সান গোয়েনতারা রলথাকে ডাপার লিনাচ পর্থন তাই নাবার ডাখাতে গেয়া বই রে কালিন পচিনার্চ আমারগোছা ে াি
/kaggle/input/regspeech12/test/test_chittagong_0111.wav,মেসেসি বাংতেনতাঘের গাহলো আহদেখ আগনে হচ্ছে আইটের গ্যাবিরে নাইউমনাইমরআইডিবযায় আলফ্রান গোলদন নত ব্লক মাইদেনিন হয়ে আতাতা রেখের গে মেসেস কের স্দ দিকাজ করণ ব
/kaggle/input/regspeech12/test/test_narail_0084.wav,আজাানিঅঙ্কুপকলম ওর বাবার কাছে রয়
/kaggle/input/regspeech12/test/test_sylhet_0021.wav,মাপ্রতিমা েনতারপরে প্রথম দিন পজাটা ওয় সপ্তমী পূজা ্তমী পূজার তিন সবাই আমরা যে প্রতিনিতিন দিন পূজার সব্ত স্থিতি নামে নাকেই মার কাছেকে অঞ্জলী প্রধান পূজা ঠাকুরে করবে
/kaggle/input/regspeech12/test/test_tangail_0028.wav,তুমি আমার সলমেট দেশটিনি তুমি আমার মানে তুমি আমার ভাগ্যেই লেখাছিলাম তারপরে এরকম হয়পরে আবার জোনাথান নর ছাড়া দুই জন দুইটা ভিন্ন লিফটে ওউঠা বলে যে আমরা যদি একই ফোঁরে আবার  অপ্রেস করি আমরা যদি আবার একই পোরে আসি
/kaggle/input/regspeech12/test/test_chittagong_0091.wav,আতনইকেউরে নই আরাকল গর্মের লরকিরাট্া
/kaggle/input/regspeech12/test/test_kishoreganj_0147.wav,দাকালে যেসবু থাকলে যে হলুদদাখমনিাাংাদশঙটবুজঙ্গে বাহাঙ্গীর সবদন দগেবাঙগ সব দগের ভাগদাািরবদা াং ুত সজন টিকানা হনব্যাজ নকিকনয়
/kaggle/input/regspeech12/test/test_habiganj_0064.wav,আরও কম নামিতালইয়ামামারি একটু ভক্তে পয়তা অরত বড় টাওফের েরাামরায় না হইয়ে ওই দাকগা মার্কেডবান্ধবিযর চাথে গিয়াকেরা আাপড়পননি দেনি যে কিনং নাইনা লা াবিত যে গাছ লাগা নি বই বই কিনা গাছগিলা লেগে অনেক গ়া খাইতে বইপুলগাছ লাগাইনে লেগে বাড়িতাখে লেগে আজাইরে গাছ াে লাােএনে াাপে রিটে লাগান লাগত া ে লাােেটিকিডনা
/kaggle/input/regspeech12/test/test_barishal_0072.wav,র কানে হিন্দে ডকষন্তিবাই করেি  অউট র াওয়াইতেইরবি য়তএ আমি মনে করেন মানুষ এই রমাইতে পারি াদাকাগুতুললেখিতুদিমাইয়ে র এক টাকাতা যুদিকে ঘুরেই হেলাই তেড়েছে না য়ারেই একটাকাততাম িচ্ছা
/kaggle/input/regspeech12/test/test_tangail_0058.wav,বলার টাইম নিয়া নেয়না আকি এরকম অথচ আপনি আপনার সারাটা জীবন মানে তার খাতে খুবই রাখতেন কিন্তু সে বিদায় সময়েষে একটা গুট বায়য়ার কি বলবললনা এরকম আইসাপোজ ইন্দ্া ইনদ্য হোল অফ ্লাইফ বিকামস এর ন্যাকটফ লেটিং গো
/kaggle/input/regspeech12/test/test_kishoreganj_0094.wav,কে আমাই আমাদেরবইতেবা কেবোাঢবড এইকালমেরিানাাকুরি মুক্তিত
/kaggle/input/regspeech12/test/test_barishal_0090.wav,বাকনাবিতনই খাবি নেন পানা ইতলাম হই় আড়জলপায়ডেবাবা পা
/kaggle/input/regspeech12/test/test_kishoreganj_0093.wav,হ্যালত থাকতো না াা
/kaggle/input/regspeech12/test/test_habiganj_0043.wav,ব্যক্তির ভা ই বালা লাগে কিন্তু এয়ার মাইটেও আতে একটা দুইটা ভাল লাগেনা বাংলায যে বেশটিরভাগই কিন্তু ওইদে মুবাইল লুইয়াযে বইয়ে তাহি তালাইয়যে বোকায়উখের ইতাল ইডাইন উংলে ওই খালি মনয়ে না বালা না
/kaggle/input/regspeech12/test/test_sylhet_0431.wav,নে ২চদিননা ১ি মস্তদদলির পরএক লিগ বিমুখ বিরিতা আমার সেট ফাটিয়ে দিলেই তা পরছেন যা তিন নস্কর আরেটাএক উপারাশনার ঠিক কন আরেকটা অপরাশ় সাড়া  া
/kaggle/input/regspeech12/test/test_tangail_0075.wav,সিউলির ঝা হওয়ার তাতই সেই আমরা আশা করি অসুস্থ হয়ে পড়ব এ রকম পরে বরুন্দাওযব়ানজন আয়ামানে অকশে আইশা বলব ওই সময় আবার অক্টোবর ছিল ও শিউলি ফুল নিয়া়
/kaggle/input/regspeech12/test/test_chittagong_0077.wav,বিগার মধ্যে আয়ক হইতে তুন াাা াত আলাদা আ আাাএকাগেলতর ভার গিন্দুদদের দবাসুগার মত ফম বরে
/kaggle/input/regspeech12/test/test_sylhet_0031.wav,সময়টি দল এই ১০১২ হাজার মানুষ হাসবা ১০টা ১০রান পোতাকা দিত প০টা় এক ১েটা খে জারদে মনেরিয়ানিলত নবাম পূজা  নবমী পূজা
/kaggle/input/regspeech12/test/test_sylhet_0734.wav,বার দিনাআবা২ো় কাদিন্জাবুদেরায়াোবিলা বহুানারাতর ত্যধালা আম্জামাই বৌদ্ধ তেনেদে
/kaggle/input/regspeech12/test/test_sylhet_0345.wav,তখন নইলগিয়া ভাইবভিলাইিযেতে পাইবার দিয়া বুকুন্দিনগালতাই গরপন্ত লিকটা গেজের বৈববন্দির নিউগ পাইবু ও খাকে গেয়া আরতাতাকরিয়েবাংলাদেশ তখন এটা খাতকলাস কর১১ হাজও চাকরি করথি
/kaggle/input/regspeech12/test/test_narail_0122.wav,পরে ওরে খুলনায় নিয়াড মিশন করে যতমারে কালিয়ার স্কুলে রে পড়া তেবে না াঈন সাধানে সংকুষটে এত ভাল শায়েন্ সর্গা সবচারা ওর খুব ভালবাসা াটার ভেতরেই এক মাস ক্লাস করিতে এক মাস গ্রাইভেট রসথায় মাসের ভেতরে
/kaggle/input/regspeech12/test/test_narail_0023.wav,এওই আইপিএ গোসে খাইতেনেএতে চাইদেএ আগে কোনোদিন পরিচয় দেই তার শেষকালে পা় যে এইডের সাথে সাইদের টাতা ছুটিয়ে দেখাতে বাঙিে এইজেশাতা খাতার ছোট অদিখে কমতে ন় তরখটমা পাদ ঠোটো মামা
/kaggle/input/regspeech12/test/test_sylhet_0657.wav,ের দিনযায়ততয়লাবে ােিটা পেনফেনবাটাভাই এই র্যাপাহলিয ়োলা আাটা করা এইনাতিনাচালোক দরবার হরে থাকযাবরি
/kaggle/input/regspeech12/test/test_sylhet_0723.wav,নএতত মডালেবা নিবানিিতরোটাহই
/kaggle/input/regspeech12/test/test_noakhali_0008.wav,রাতেব্টিয়ালইলিয়াধাগুবাই বা বাজা হ়েিআালকা তায়ন্তনাওয়ারইলান ক্যালিওবিলস ভোলা হায়তুই যযািঅনিহরাল ে দুদিন ধরনন
/kaggle/input/regspeech12/test/test_rangpur_0129.wav,রংকু কামনাতে আলহামদুলি্াাত আক্রমি়বন যা গল্পগুত পইম ময়ালি তাংলা রেকর্ড করি তাতে কোনো সায় ভিত না সমস্যার িন্ধুমানুষ
/kaggle/input/regspeech12/test/test_habiganj_0006.wav,নাপেকেতে হবানা পেয়েিএকদিনে তিনজন কেতেওই বাদারও তারা দিদে রাে
/kaggle/input/regspeech12/test/test_sylhet_0586.wav,পর্লেততেষ্ট ফাসপা়রে কয়দিনের উদ্য তারফিকযখন উজবের ফারে ফাইরে উঠেষ্র পরে ে জআরা তবিডি ঘরতিনা আমরা আমরাত দেখতই া
/kaggle/input/regspeech12/test/test_chittagong_0084.wav,াতনাআরবেহরারা ারয়া গাহারল ননা তিলাই মে ানা েহইইটারাদিনসালক্যান তলের
/kaggle/input/regspeech12/test/test_chittagong_0096.wav,িউ হততম তেষটিদে বৃহৎমত তিতাঙ্গলা সকজি এেসিটাং কলাজও েকেন্ডবারিডম সেকেন্ডম্রান্ডের মধ্যে চলেিনরা খিদট্ানতাফ
/kaggle/input/regspeech12/test/test_barishal_0093.wav,নারকাবে নোিতরিচমা করে তুদা ও
/kaggle/input/regspeech12/test/test_barishal_0079.wav,এ আকিবাকতাইদা মোবাইলে গরম ফিরে আ গর করিানে
/kaggle/input/regspeech12/test/test_habiganj_0036.wav,তেবে নৌমনৈ পরী মল মা আমি আগকেরান মুয়ের করে আমি তেজানিলান্আমি রানতিলাম ডিম্বা জিবরপিলা মার সফুতকিতরহারি জানতিলাম
/kaggle/input/regspeech12/test/test_kishoreganj_0070.wav,িেআমি অতিয়ালাবহকৃথয় নিতে িটয়াদাবু তা আমাত বাদা হয়নাতিয়ানিমা়
/kaggle/input/regspeech12/test/test_narail_0130.wav,আমি অনেক টিউড ন আমার মিস কর নতারা বলেছি টেশন ামারে বলতেচেসমর্থকলিত অশান্তিবাদ ভেরে ঐইতকি
/kaggle/input/regspeech12/test/test_tangail_0030.wav,জোনাথান পনের ওই লিফটে ুপেক করা ঠিকই থিল কিন্তু আবার ধেয়াসনীতে মাঝে হঠাৎ অন্য লোক াইসা প্রেশ করে মানে খুব এ্যলুমেলো হযা াইনাক এদিকে আবার জোনাধানের আবার আরেক জনের সাথে ইঙ্গেজমেন্ট ছিল আ
/kaggle/input/regspeech12/test/test_barishal_0040.wav,লকমিশ্রিকুনানে োই ডাতার কামের লক্ষ্িণ তু অাবেলাবেল একজন দুইজন পাওন্ দানা া পাঁতজন সাজনে কাম করে দুই জন মইপামখই ই গেন ইর পাকা সামড থাই কামের আমিতো বায়রা কামে গেলে এইতো হাতানবাই হেদ নাগু আমার অনেক রিক্ড করতে বাইমোরে একটাথাপাকা
/kaggle/input/regspeech12/test/test_sylhet_0594.wav,তাই চিতাজনে হটাৎ তটা তেমি মিত্াংস পরিতিত ততা়েতাব থেকে ঐিল বিপকনেট পরাত  ইেএরপর আবার থাসরিয়া রালিয়াতিনবারাই আত
/kaggle/input/regspeech12/test/test_narsingdi_0005.wav,আছে সাকিব আছে তামি মাছে ওয়ানলেতে তবে জায়গাত মাকশাভি মত ক্যাপটেন পাও়া
/kaggle/input/regspeech12/test/test_rangpur_0093.wav,জুলযগের পয়োযগ থাকে গবুজের বাড়ি রমারিক কেমন খ্য়াদাওয় কিলেন ালা খেলে বারি কেমন গালেওআরি যে ভালয় েলি
/kaggle/input/regspeech12/test/test_sandwip_0006.wav,রিগোকলনগরে থেখান গানাানবর ি়েতারথব্যার সেনিতেলি
/kaggle/input/regspeech12/test/test_kishoreganj_0082.wav,কদামতুমে ঘাথাকে ব্যয়ত
/kaggle/input/regspeech12/test/test_sandwip_0096.wav,াা বিটেব টকাডাইগ মানডেনসি টঙিকরত বি্যালয়ে দেখেনানতধারা় হত্রতিনে়ক বারকবাতালিপিকস মধ্যালা ক্কাপতল শং আরদবাা
/kaggle/input/regspeech12/test/test_sylhet_0334.wav,োলতাি তুি টারগেট ব়টার্গেট জীবনের সুটোকোরবায়না  ফাইনালপিয়াল ভালাগ ব্যাপারে আকিছুনা পাইও না আমি আও আমি আসথিই আমার ফিতুন একজন আর্থে ইঁটে হচ্চামার সবচেযে বড় পাহর
/kaggle/input/regspeech12/test/test_tangail_0079.wav,পরে বাষা স্থানান্তর করা হয় পরুণধাওয়ান এদিকে তার ফিউচার ক্যারিয়ার নিয়ে ব্যস্ত হয়ে পড়ে সে হন আগের থিকে অনেক বেশি সিরিয়াস হয়ে গেছু তারপরে হঠাৎ এক সময় ফোন আসে যে
/kaggle/input/regspeech12/test/test_sylhet_0105.wav,কাপড়দিনেগখুক মুগনু রা আসতন জবাবেযা় ্রুািয়াতৌতবিডিবাখা জায়িকটা লিখদেবে তখষন তস্টিযহা দেয়া ফন্গড্টা হাটাওয়ার উচিত
/kaggle/input/regspeech12/test/test_sylhet_0305.wav,তোমরা িয়াকরতামনি না তোমরা কইলে অকে তনতা়া হইলে আছে করিকাসে পেটিয়ে পড়তে বাড়্তিটিতেকিয়া বেটি তাকতে হ়তে হলে তো কড়ানি লাগব আমরা একটা কাউকা দিল  বুদর্টা কাউকা দিল তসমর্থনাই াহু
/kaggle/input/regspeech12/test/test_chittagong_0144.wav,পুরে প্রবততি হল বনিবিকি একাংক টা কিছু ন
/kaggle/input/regspeech12/test/test_sandwip_0064.wav,া১াগাথিবেদ থাগাথিবেিে
/kaggle/input/regspeech12/test/test_sylhet_0704.wav,ান কবক্ষেরইজাে৪মানে আপনা জন্মরাত জন্ম থেকিনা
/kaggle/input/regspeech12/test/test_kishoreganj_0075.wav,রাইলে তুমা ম্যানকুললে ফনকেতাওেমেয়াদদা তুলবে নে
/kaggle/input/regspeech12/test/test_sylhet_0485.wav,যেদিন যেখতে মৌ দীর্ম আমা জদিমালিনা দেখ দেশানটা তাও বয়ে আসতে রতে যে মেডােদুে আটুবঙার হনঠ বলতে বুযামাা ডাকত দেখলে আমার
/kaggle/input/regspeech12/test/test_rangpur_0061.wav,আগে  এর সবাই দেখতে সবাই বলে দেখতে এটা বইতে সবাই তোখে পড়বে আমি সবাই আমরা গাা কুরি ়তি তাকে দেখিয়ে ওঠ
/kaggle/input/regspeech12/test/test_sandwip_0033.wav,কাউন্ে কেলরত্ব ব্যগোচাআদামা গাখা উইনে তালী অঙ্কা েসআগ় ঙুত এগে একদিন আর মাাই
/kaggle/input/regspeech12/test/test_sandwip_0105.wav,াউা বেশিাগএদে হস্কুলের ভাকগালেন ভেতের এগুমানসের দেরাকাত বালা মেথেরে এবো ইডের সাইদার পরিমাণ িের
/kaggle/input/regspeech12/test/test_sylhet_0002.wav,পকত একটা করপালবেন মানে তিবুল তাহলে পরিউকত সনয় দুতা ফেলতেই
/kaggle/input/regspeech12/test/test_kishoreganj_0127.wav,আমাদের ই কুযরানা ইফইইনাকিতেবধা কয়লা জেবু আ়নব্তন ইাকো গাপ্রকারে টেকরকযাটেগ
/kaggle/input/regspeech12/test/test_sandwip_0076.wav,েদের গা লৌপতোখাই নিয়া ডাক্তরাাবেজল কিঠুকানু আভিবিপিিকজিলি হীরিউদ্যষরেন
/kaggle/input/regspeech12/test/test_sylhet_0262.wav,াই ফেটনাম্বারটা হয়ে ওদেনতাম আমারের আল্লায় যেন নিরাজ ফরেনডা ি ওকাাল আাতাইকামা করতাম ই রকম একটা অবস্থান মধ্য দিয়ে যেহেতুদযেতি বিয়া খাঁদি প্রেম ভালোবাসা অতানিয়া চিন্তাগ়ার কোন কুশপ্রতইমারানা
/kaggle/input/regspeech12/test/test_narail_0119.wav,াপ্লাস অফিস নেরটা ইয়া আছ তুমি থাকলে একটু রান্নাবান্না কইলে এেলা মেটা বাধা আমি কুরুনা এরসিত তোর আর বুন্ডিচংখ্ের রসায়ন্তি তুলে যাবে না তারপরে
/kaggle/input/regspeech12/test/test_chittagong_0132.wav,বেএনাব আরা কলদের না য হবে মাকুবের গেসানাকে মাকুদবেলতিয়াই আহদি মাসুদবায়েতু বোতাকে গেইগু তততি মাকবেল আরজের্নফরা  হরাতক টিল্লে নোয ়বিযাহাতে কিল লাই
/kaggle/input/regspeech12/test/test_narsingdi_0038.wav,রাফুলনা পািাবিবনেএল়াগানানুাত মাই
/kaggle/input/regspeech12/test/test_sylhet_0440.wav,ু নিজর বাষার যাই হারাপ লাগে তেফোরা বাশারার বাড়ি থাকলে পোরার কটপুতাৎগলফর ত্যাগ কোথায়কর মানি আমরা আঞ্চলিক বাসী একটা কোদা বইরাম ানি গ্রামর মানুষের দিরকম ক বটাতর ফোরার বার্তা তুমি এটা খারাপ করতে পারে
/kaggle/input/regspeech12/test/test_narsingdi_0077.wav,মুল  বে়াগোয়ান্নারিসে সালামি ঠুমানে লেগে মারাটামারটা বয়নার বারাসন নাম া দোাসুটিবেলা থেকেিপিশ বড় র বড়নাকত সালাম পাই
/kaggle/input/regspeech12/test/test_sandwip_0082.wav,ইয়া মাতারে পানিতে নো ঠিকমতের বাড়তায় আলোদে নাসে এটামাই মখাকিয়া সূলতমর
/kaggle/input/regspeech12/test/test_habiganj_0013.wav,মি বুঝে হইনা রে লুখরা হিতা হইেুকেরাহালে এড়ালুকাযায় ৫
/kaggle/input/regspeech12/test/test_tangail_0005.wav,ভালো দেখা দেয় না তাই অরানতিদেিলনা কিন্তু এটা ফ্রেডিট মানমানে ফ্রযডি রেড যক টু আবার লাগে মানে সে একটু মোন খারাপ করে  পরে তে় বুচছে যে নিবো না ও ঘুরা জায়গা
/kaggle/input/regspeech12/test/test_sylhet_0501.wav,ুজার আগে ধইবেগি বেরানিেুদার আগে একবারারই দ কবান আমি এখন তাই ই়মন গাদিক েমায় আনেক বই েরুদারা গামরা কা মে ুরিমবিয়া ওয়াদিলে টুজারাকেমল করক্তুকরাতর করে একবার আনোজেরু জমাসকতখের ওপ অগিনিতবিতনাআমারাও যদি তাইলা কুনু ভমিকইতনা লজাত্ত ক্রবিজিত াতল
/kaggle/input/regspeech12/test/test_sandwip_0083.wav,িরক্তাআরবোরাজনবস্থূলা ভিধরনেতাপারআছ মটিকনদের তেল তুকবে ওধে না
/kaggle/input/regspeech12/test/test_sandwip_0050.wav,আদ্ানাতেনে নাা ইতিজামার এার ওা্লাতবিুলেতেই েরচ্ছে
/kaggle/input/regspeech12/test/test_tangail_0087.wav,পরে ইরানিং া মার্কিন যদি মনেলেএই ছবির দেখি িপরে বিটামানে ডানো করে দেখতে দেহা শুরু করলাম ২০০৭ সালের সুবিএডাইসে এই দেবদাসের দে ডিরেক্টর আছে পদ্দাওয়াতের জি ডিকে
/kaggle/input/regspeech12/test/test_sylhet_0061.wav,ালকের পিটনি গজে টাতাই মজাহনে যােি তলেও প্রেক্সোতারিতু ইসলাম আনাম চুর া়১া
/kaggle/input/regspeech12/test/test_kishoreganj_0174.wav,নদীবানিহযাদত্য কিলামতএররেড়াতলা
/kaggle/input/regspeech12/test/test_narail_0064.wav,াসত না এ বারানিেলা জমদানকেরাইনেে দললাললহবত্তার িিদেতললারা
/kaggle/input/regspeech12/test/test_habiganj_0098.wav,েউলিয়া জায়না সিলেটেট সাদাপাতর সুন্দর ট্যাপার জাপলন প্যাপর আরও অনেক জায়গা তে টিলেটের তো বালাপিকনি অনেক সুন্দর অনেক জায়গা ঘুরা দেখব
/kaggle/input/regspeech12/test/test_narail_0035.wav,কবিভালে আহন গলিলি দোদলির নায়িকমিকরাএই রইিতেনাগেইপরি
/kaggle/input/regspeech12/test/test_barishal_0019.wav,োমানের ট্ান বারাতাব বাগ েটে দেনেটিইেইোওয়া এাকযািিএকটা ে১সকাল৮টায় হাওয়াবা
/kaggle/input/regspeech12/test/test_comilla_0026.wav,এই ঘিতটাওয়া এ অনেক যত্ন কেরা রাখতে দেয়ালে ঝুলারাসর বাড্দেতেই গিবটা দি়েছি আসলে কিবলএটাতে উপজেলার ও উপজেলার আমদারেই
/kaggle/input/regspeech12/test/test_sylhet_0053.wav,াবামা মামারাবেতকলারআমার বোড় বইনার তেমন কোর বর বড় বাই এরপরে বইনের পরে আন
/kaggle/input/regspeech12/test/test_tangail_0059.wav,পাটহোয়াটহাটসমোস ট ইজ নট টেকিং এ মোমিন্ টুয় এর পরের ছুবিটা হচ্ছে বলিউডের তা২ে অক্টোবর এছবি রিলিঝয় ২০১৮ সালে আর আইম ডিমিরেটিং ৭৫
/kaggle/input/regspeech12/test/test_kishoreganj_0125.wav,৭৭নললক্ষ কোটি লোকেরটি্তুতুমি এন লক্ষটা
/kaggle/input/regspeech12/test/test_tangail_0120.wav,বিদ্যনিন্ধত একটা প্রেক ফাউরনেট এটা থেকে হইতেছে সবাই বি হেলসা হায্য করা হয় আমার কাছে লে ব্যাপারটাকিন্তু পথে ইতেতেচে আ
/kaggle/input/regspeech12/test/test_sandwip_0070.wav,রি আনবে টেমবুলিদেরদাা েগাড়ি হলে থাকেন ফর কারিহেইমা নৌশো অন্কার্জন আরবায়জেনেয়ার মন
/kaggle/input/regspeech12/test/test_sylhet_0467.wav,নাইনুতন্দার মূকাইনাকোইসু আরাবামা রাপরে কিন্তু ডাবরডবপ়ারেত তারা গাড়িগিরিলে তাসববালিমিনাাচতুর্থে হানে
/kaggle/input/regspeech12/test/test_habiganj_0015.wav,েেরাকনোনা বেরা ইটারাতে তাড়াতা়ি বেতালাইতে
/kaggle/input/regspeech12/test/test_habiganj_0080.wav,মরা২ুই ২ইন ৩ভাই আর তোবারসিলেটাররাসাার লকলকাতাাকলকে হত্যা ্লেটেরাি সেতেম মাত মারা গেছম ট্যানের লিবার ক্যান্থারস
/kaggle/input/regspeech12/test/test_habiganj_0110.wav,ত মেনপরীক্ষাণা প্রদর্শানি টিকার র অর্ধবশিক পরীক্ষারসময় মেশাু বিলা পরীক্ষা লেব পটন্ত বালাই মানে প্৫রত০থাভায় পরীক্ষা ম পোলাবায় তত্ত্বে গুরুত্ব দেয় না বারট
/kaggle/input/regspeech12/test/test_narail_0116.wav,মধা হত্তু জানেেটে া লছে াতোলেমেকটা কথা বলিত দাদা আমার এসব সম্পর্কে বলিযায় তরক সম্পর্কের যেত্ কেমনকেথিরিচতদাদা ে
/kaggle/input/regspeech12/test/test_sylhet_0008.wav,অনেকমত ও়পাতে কেইাটামে তাাট
/kaggle/input/regspeech12/test/test_sylhet_0623.wav,নতও দরখাাউজ্জয়ন হরিয়াইততাদে উদ্ধসারেবারা াইার গরবেবেকানারে হিন ৈচেন
/kaggle/input/regspeech12/test/test_tangail_0046.wav,যেহেতু আর একটা আগেই স্পিক্ত লেখতাই ছিল পশুবাসীদের প্রতি পরে ও ওই বযাঘটারে বৈঠাক সাহায্যে যেমনেও কই নৌকায় উঠায় কিন্তু ভাগ ত হিংস প্রাণী অর্ধখষিরা লাইওচাইতাছে েগিয়েরেই খাইতে
/kaggle/input/regspeech12/test/test_sylhet_0718.wav,এটা আপনারা কুনবিক্তাতে মানা ইজঞেনেগুল আপনারা রাহাই লাগে মানাইটার টিাহিনীেব
/kaggle/input/regspeech12/test/test_sylhet_0192.wav,ময় কারেল্টরিরাত গ্রাহকাবগ রইছিল কারেন্টা ফিলনা ক্রাহারিকেন্ দিয়া কুপিডিয়া ল্যাম দিয়া ফরতাম তথাক্ষ রসিং বলা লাগত ালা ওতার মধ্যে তেলবড়ার
/kaggle/input/regspeech12/test/test_habiganj_0078.wav,সুতুন্দা কলেজের এরিয়ার কাক্াকারকিয়েএরের সাইটেফাইটে লাকাটাকিতা
/kaggle/input/regspeech12/test/test_tangail_0031.wav,অল্পকালীন পরি বিয়ে কিন্তু জনাথান তো সারাআটো অনেক ভালোবাসে পরে এই ছা়া আবার অন্ অন্যমানে দেশ থিকা সজোনাথানের
/kaggle/input/regspeech12/test/test_sylhet_0563.wav,খানতে তাওয়া ওবেশ ি নপুস্কির ভুমিশনোএকটাতব্দে
/kaggle/input/regspeech12/test/test_habiganj_0105.wav,এমনিতে পরতি নার গুনান বেপিদিনে আমার জীবনে পাচটা মেইকানে়ে একটি লাগতাম
/kaggle/input/regspeech12/test/test_narail_0146.wav,ভিষার এসএমএস টা আসলেই যেতে আজগেই আসা চারণ কার্গেই তুলা দেবা বিচারে ভিশানটি মটনা কুশু রশিচ্ষ রয়ে গেছে আমার মাা
/kaggle/input/regspeech12/test/test_rangpur_0118.wav,কার্বরিক পালাকেজলপবে বালি দিয়ে
/kaggle/input/regspeech12/test/test_sylhet_0690.wav,ছোটবেলা কিতা ইচ্ছািতিতাবইতা আছলাকটাারসিবাা জব্দ পরার টাা  রোাা়ত্রাুকু মাবাবার দায়িত্ব চেষ্টাবিদ্যাঢাকা পড়ালেহা হরিয়ন মায়ারবাখা দোকানখেরার পিকানতে পরব
/kaggle/input/regspeech12/test/test_habiganj_0021.wav,চারাবাাােপাাইমলা আমা বিষিততাকরাি া
/kaggle/input/regspeech12/test/test_tangail_0050.wav,র রকম দুজনে অনেক সময় পালি দেয় দীর্ঘ সময় পালিরা এ সময় তারা সাগরের বিভিন্ন দেখে পশুপাখি দেখে তারা বিভিন্ন পশুপাখি
/kaggle/input/regspeech12/test/test_sylhet_0528.wav,ফ্লেইন থাে এঘণারবেরসনাহুং খনদিজেলারবেশি নজডিতাহত্যার লদিকে আববারমনঘর উাতাঙ্েআ্বার খরো গ্রামের জসে হয়ে দেয় আসকক করাসময় টে কখনটিক কন্ড্রে
/kaggle/input/regspeech12/test/test_sylhet_0556.wav,বার প্রযাকমালখানো আ্ন্টির জেওপারর
/kaggle/input/regspeech12/test/test_sylhet_0534.wav,ভরতে প্লেস্ ইসে প্লেষ্ট মবিসুন্ধররা েেমামানমামানিত কবিবালাতারা১ানো বছের পুরাণ এলোপেজলমিচুআমরাহিি
/kaggle/input/regspeech12/test/test_kishoreganj_0120.wav,নিজেকুন্জকার্যজিগল মতবত ঘাথেো গাসফিনখাকেলা  ভেইিঙে ভেঙে এক এলাকা া
/kaggle/input/regspeech12/test/test_habiganj_0091.wav,রনেগেলে তোবার ছবিদুলতা বিরি বালা লাগে া অ্যাবলেটের দেহদেহ বেি ব়ালা লাগেেনা নমুগাইলের ক্যামেরাপাা
/kaggle/input/regspeech12/test/test_sylhet_0380.wav,মারটক্রিকক গিনিতে তারাস্কুলো ফাটাইতে খ্যাতন না ফাটায় খখুলো ফাঁটাইতে অটাল লেগেও দাঁড়াে পুরস্কৃত করাও পরের দর আমি যখন আইয়া ধরতি
/kaggle/input/regspeech12/test/test_chittagong_0032.wav,ি হতরতুল কি হাওয়মারি কেনাত আছে আফেগম আছে আলাম তারাতমক ঘুরে হরুড়ে হালি হালাগান্ডেগলা হালাে রেে
/kaggle/input/regspeech12/test/test_chittagong_0092.wav,িআইভবি ি সুমারকতালরের তুমায়তাল্লাহ হথাইল নই আলী সুমায়ুর হবার কলদে হনোমতে কল নদলের মেচেহে দিলাম মিতুবিশাউদ্দিন অশা়
/kaggle/input/regspeech12/test/test_narsingdi_0124.wav,এই  ঢ্্যাংডা িকোযইতযারেরি সিআ এাপিস্ড সিড্রেন্টিসিক্সে বার করনা সিজন টুয়দে না মাছ পতাকায ার াইেমিলের প্রথম দিকে ফর্বুলে এ্কটু ইন্ট্রে টিং়ে সদথতলগ্রামে ন১১টি কুবদিকেসে চু
/kaggle/input/regspeech12/test/test_kishoreganj_0003.wav,যাি২ কিছুবিআনত পালা
/kaggle/input/regspeech12/test/test_narsingdi_0054.wav,গোলমঠরবেরজামারতা বিশাল অটত কারকতা মিলিগ নেক সম্বস আমরা থুলে যাযগা তায়কেোই তমারতম জায়গায় বযটা বালাআত যদিও আমার চিনারিতানুটারবারটা
/kaggle/input/regspeech12/test/test_sylhet_0285.wav,স্তাব পাঠে প্রস্তাব ঘঠানির পরে বাইয়েরহালসিদ্ধা করছেন ফিফ্টি ফিপট তিবাকিটি তানাবালা মানে তারা খন পাও বিতে পারেন না াি প্রস্তাব আইছে লোকে ন্ডারে টেকলের পিকি পাস আতাক তাকরি ওলার্স অলবেন ডইতেনা কোনো চাকনি উইবুপ
/kaggle/input/regspeech12/test/test_sylhet_0465.wav,বেগ বুত াাধহলগাল হুমারনা৮০
/kaggle/input/regspeech12/test/test_kishoreganj_0077.wav,েন্তআঙাইদের তবায়দেরমজিয়াদে জাসনা ফইতাতআর যেদেটুকুলআম অনিক পৌত্রেখিি
/kaggle/input/regspeech12/test/test_habiganj_0049.wav,ইততাউই পাইকটি মোখ মোক প্লেইটুটো৫াইপি অ্ততই বইটোরি ও পাইপির দুটি নেবলব্যাপি আমার বাইয়এ বিপি
/kaggle/input/regspeech12/test/test_sylhet_0508.wav,ালপারটাকা দোয়লা করলেও রাজা রকিপাাগথমি আতকে তাকহায় বেজাইবােযেমান এন্ডিযার তাকিয় একবসপাফিনিনাসব বইন্ডা তলে
/kaggle/input/regspeech12/test/test_rangpur_0094.wav,ারবধ্য কার্বারি খাওয়া ভালো ইতে ১ন্ান্যাটা কেমন কে কিসমতর ান্নাটা কেমনই চেয়ে ২বৈনদেনমের টিক ংরেতে বারবোস
/kaggle/input/regspeech12/test/test_kishoreganj_0142.wav,কিটনাসক গৃহস্তলী ও হাসপাতালে বজ দোকয়কারখানার মিতিনু আসানিকপদার্থ পেয়র ইত্যাদি মাটিয় ইত্যাদি মাধ্যরমে মাটি দূষিত যকিমাটি টুমাজিদেশননে কিকিও
/kaggle/input/regspeech12/test/test_habiganj_0090.wav,সাবাাকেদাহেরাকেদাহদা গেসখারত থে গেছ আমিতি আমার মাগেতলা আমার আবাগেছেন আমার ুটুবাই গেছে মার পাচাতত বইনেরাগে
/kaggle/input/regspeech12/test/test_kishoreganj_0144.wav,ড় কারখানা রাখানি বিভিন্ন রাসায়নিক চেন কেজিমাবে মাজি
/kaggle/input/regspeech12/test/test_chittagong_0051.wav,হন মরা মরালাতাক বাধু কি হরিম হুঁয়ালাকে হুয়ার দেবেরা সারি এবার হাসাগুনিতিরি তংকর ু  জটো খিললা আই়োসে তিললে তুডরাত্তে অসাময়াি়পরিনগলসনা আগোেরেছেটটা হইবি দায়না
/kaggle/input/regspeech12/test/test_comilla_0012.wav,আকাশের দিকে তাকায় রচি চোখগুলো উল্টাই রুছে উপর দিকে সূর্যের দিকে তাকাই আছে আর হাত পা একদম ছেড়ে দিছে পাশে মাঠের মধ্যে যে অন্যান্য ছেলেমেয়েরা খেলা করতে ছানা ওড়া ভাব তেছে যে ই নুসাইবা মজা করতেছে রা ছেলেগুলা হসাসেকছে দ্যাক দ্যগ ও ধুলনার মধ্যে বৈশাখ কী ভাবে আকাশের দিকে তাকর এইভাবে কেউ ধোলনায় বসে
/kaggle/input/regspeech12/test/test_chittagong_0147.wav,এাসমস্যএতক্ষণ ারে হৈদিক চিহর এককটক কিফুনওদি ১াইতাবসথামস্তই ইফাজতে আরাহন হামুদ বগ দিলোয়ালা
/kaggle/input/regspeech12/test/test_kishoreganj_0115.wav,শক্তি মূল উৎচকুণ্ডা সুজ্যশক্তিমূলস রু আগে আয়ােতি মস্ত হুইকাতা় লেকর ঠাদাে
/kaggle/input/regspeech12/test/test_sylhet_0392.wav,আমরা নটে পথ া েএনসিকলেজের ্ুাি ুব  ইাহক কাটে দেইতামগলিই হয়তো এখনবিকিশি আর সিসোওয়া
/kaggle/input/regspeech12/test/test_tangail_0074.wav,ওই হাসপাতালে সিউলিম আম্মার কাছে বলে যে নি বর মানে বরুনডেুবোঝায়েন যে এরকম ত আর চলতেছে না পরে ঐ শিলিত যে আম্না থাকে সে বলুন্ধনডে বুঝায় যে এখন তুমি ক্যারিয়ারের সময় দাউ
/kaggle/input/regspeech12/test/test_habiganj_0062.wav,আমারে আইয়া উল্যাহ দরে কিন্তু পরাধ বইলে পড়ে আমিিত্যে মত্যে ফিরতে পারি মা দাহের সামনে কিন্তু ইতারেকটা পরাই তা অমারতর আগুচ্চাজালা
/kaggle/input/regspeech12/test/test_barishal_0054.wav,বতনে একটা সেকেন্ড খেরাইতি নেই কুটোগুলেন একলা টাইন্ডে নামাগ নেয়ার হেইয়ে গাডা হাইয়ে ঘুরে নিয়া তেহারা কালা হইয়ে গেছে ম কাউ়ে পাখনা লান তাগেতিনি হাইকিডইননে ফুলটি হাইকুটাইনে থুশ কা লোস খানাইচেযে পনারা চাট্টা ব্যস্তার মহন ় ঠাকুর যেখুর মই দেশি
/kaggle/input/regspeech12/test/test_rangpur_0004.wav,আকাশঢকাভুরম
/kaggle/input/regspeech12/test/test_sylhet_0676.wav,একাজীবন এেকটোকোন করিকিতাফঠন আপনার ুখতম একটি টুপিটিতে প্র্যানর্যাবনের করেন৯
/kaggle/input/regspeech12/test/test_sylhet_0333.wav,ফোর অথবার ফরলতাহিদেই ুজিগুরউদ্দিন তাবলম্বি ও েতখন কার দিলাই়ও কনেও আমার গাপেকি ভি়াপোন চাকরি বলে বড় চাকরি ুটলচাকরি করার চেতে সোনফারাি
/kaggle/input/regspeech12/test/test_sylhet_0171.wav,কনিকব়মারিয়া নিাইহা হাইয়া াইিনািতিন্চ্
/kaggle/input/regspeech12/test/test_kishoreganj_0153.wav,পাকা বাতালি লেবু বৃতত্তা হালকা গুলাপীডরঙ্গে বিতর্তা হালকা গুলা পাতাালিলিু পাকা তাতালী লেবুর বৃতর তা হালকা গুলাবীরঙ্গে িতটা হালকা
/kaggle/input/regspeech12/test/test_narsingdi_0064.wav,আার কিছু স্টুডেন্ট পোররানআর যুদে গর্ণিতর কতাগথ গার্ল্থ ইউফ্রিটিক্যালসজন ট্রাযইওভার বয়স এ্ ক্রাইওভার ম্যাপ মেয়াকামি  অনেক ভালো ভারতাম াকাে পরিকালন ক মনোবযকএই যায় তা মি
/kaggle/input/regspeech12/test/test_sylhet_0115.wav,এ খুংকাআনে তুমকতিকিতমায়ারি চুবি ফালাই আস্তা দিনে লেগে াম বাই গরডা কতাখামাতহরবেত করকমে ক ন়তো আস্তাগিন্দল দুই ভাই বোলামরাগরে থাকতাম
/kaggle/input/regspeech12/test/test_sylhet_0693.wav,মরা ঘটনা আপনাদের অখন ট দিন া য় ি  টারচ্ত একটা আঞ্চলিক ভাষা নোরিসার্াি গবেষণাচেন্লাইয়ে আমরা বিক্িত পত আপনারা আঞ্চলিকাফেলেটি াসার আর থাকত না মানেরমরা গল্প করতে এমন কোন ইনফরমেশন তরখান নাই যযাসথালে আমরা শব্দগুলা ধরাটাগুলার
/kaggle/input/regspeech12/test/test_sylhet_0212.wav,তেপাইি অনাতত্ব লই করেন মতিন্তাংপ্রাপ্রতিদিন যাগিয়া প্রত্যেকের হাত থেকে না উন হইয়াাগে়া নজাআমরা বুইয়া পিতা দেখি হ্মকত জন্য লিস্টাইতে খুনকুনি গ্াউ শেতেশেখে আছে লিচ
/kaggle/input/regspeech12/test/test_chittagong_0172.wav,া আগত্তন বালানো াগে ত খালামনির একু হন  অন দায়ের গুরিগ তুহাইাোইােরে কালামনে নবা
/kaggle/input/regspeech12/test/test_sylhet_0136.wav,যজুিিস্ততেননেই ঝে্যস্নমরা জাআইলাম এখন হঠাৎ করা খামো বেড়া দিলেইা
/kaggle/input/regspeech12/test/test_comilla_0017.wav,ও মাও দৌরে গেছে যাওয়ার পরে ওর মায়দ মা জায় দেখেছে উনার মে পরে সাথে সাথে ামানে সাররা সবাই মিলা করে হাসপাতালে নিয়া যায় কিন্তু হাসপাতালে াযাওয়ার পরই ডাক্তাররওখের মৃত্য ঘোষণা
/kaggle/input/regspeech12/test/test_rangpur_0112.wav,বেড়াকইতােরিযে বেরাবেরারাবোঝায় রা বড় সব ব়বেরি জিগরে থাকে বড়
/kaggle/input/regspeech12/test/test_kishoreganj_0010.wav,গু়াগানি মেলা ৬৮ নাকইমালার
/kaggle/input/regspeech12/test/test_sylhet_0355.wav,ে তো আমাটআদলিল্লাামরার ফুলে কলডুগাল লাইন কুল্ন দিয়া শুরু রতি দ্ধবারায় মানে তাইদের দিক থেকেও কোন প্রত্যাহতা়তা আসিইনা আমার দিক থেকেও না
/kaggle/input/regspeech12/test/test_rangpur_0014.wav,দুল মধ্যে ণ্ কণসেমংলি বলে কি ন্সবুদের বা গ্রথকদের াপ্রেমাইতেনিয়ানগ
/kaggle/input/regspeech12/test/test_kishoreganj_0018.wav,াদির ােপাকাবাদিককিনভাকাতা আনিল নাাকাল িারাআদুন জানা় যে এখান গাত পাবেছাক এখান তান
/kaggle/input/regspeech12/test/test_sylhet_0405.wav,াকিত্রাতা় মনে যে কাছহায়াওমানিও খান বাবলেিবুক বাল
/kaggle/input/regspeech12/test/test_sylhet_0242.wav,পিয়া িডেইটে ইঁটারাকুলে বিয়েরকরে
/kaggle/input/regspeech12/test/test_noakhali_0023.wav,রামা অ্যডাগল রফলেজন
/kaggle/input/regspeech12/test/test_sylhet_0536.wav,একবার আইআব্দুস সাত্তার ই়ােতোা দিবন্যাযে
/kaggle/input/regspeech12/test/test_chittagong_0115.wav,মাইাতারা মাইসা খিরের কিছুত হুন হবর্তাবর যা তি ব্যট্টন নয় ইটেগর বেটার নয় অহঙে েমান
/kaggle/input/regspeech12/test/test_sylhet_0423.wav,খটেকেতা করে দেখ আমার দিন ১২ ঘন্টা ১২ ঘন্টার ভূমিবিনপারথ এতাাুবুইংলিশেও গান তারা আরও বিকবেন্যা়
/kaggle/input/regspeech12/test/test_narsingdi_0075.wav,কার ংগবানা দেথনাই্যসনাই দ্যসনাইান ছইবেসনাবী মারাদিকার তাগা নানা প্রতিটি গাড সত্যেবল
/kaggle/input/regspeech12/test/test_narail_0053.wav,জিউদ্ধার দেয়া লমা দাইলে একালি জমিুতটাকত নম্বার দাগে ৭
/kaggle/input/regspeech12/test/test_sandwip_0112.wav,মিয়াংেরওএপিতে একবতরমাফিস্পুজানাইকুলগের বহলএনেন্ত্রীনারায়নুযি কুদাততরিে গিলে বরি নাযকাম
/kaggle/input/regspeech12/test/test_sylhet_0079.wav,তমাখালে ইএমন অবসর সময়ে কুনুষ ওকুকাস্তেনিয়া হেকজনের তো এক ধরনের শক থাকেমাটাফা
/kaggle/input/regspeech12/test/test_kishoreganj_0051.wav,বাসুচিন্তানিয়া মাাকদুলভা়জব দা
/kaggle/input/regspeech12/test/test_narsingdi_0004.wav,পরহারায় ফেরুস্ে নাহইপরে ভসায় দিতে কিন্তু আ়ে যখন ডুক্তে দলে তখন থেকে কিন্তু খুব ভাবে ত়ম বাংলাদেশের মধ্যে মসসাফিরা খুব মিস করে উঠছো ওরে ক্যাপ্টেনসিং
/kaggle/input/regspeech12/test/test_sylhet_0211.wav,কি তো ভোটার তালিকা করা গুটায়িত্ব প্রতামা বড় হয়ে তাইন হিসেবে এসনিতিকা ফিরিয়ে ফি ত পিন্তা খায় তাইনর যে প্রাইমারি স্কুলের স্তার তারেনস যেতখ্ষলইয়া গ্রাম থেকে আমিয়া আমরাু
/kaggle/input/regspeech12/test/test_narail_0032.wav,ি পাইনে তৌটেকে বিক্ষানন তরকলেন্ামেজিরা দিয়ায়গচঠুক্ত স্কুলের নামেস্কুল পাবে তুলে নামে ১১ শতক টোকবাদে টিকনবজ জমি আছে
/kaggle/input/regspeech12/test/test_barishal_0061.wav,আরএক ১০টা থিকেরেট খেলি আহং হাই দ০টা থিকরেটের দাম দ্ে খটটা তাই একদিন আমি মনে কারণ এক নিজের নিজের চিন্তেকুরটি বিযের পরে ওই সময়ও কিন্তু খাই অ্হুন একদিন চিন্তাকলাম যহন আমার প্রথম পোলাডা হইলু একটা জিনিস চিন্তে কেলাম যে দৈনিক মদ০টা দাম দ্যচশ
/kaggle/input/regspeech12/test/test_habiganj_0077.wav,কবিতা মহিলা কলেজে ্ কলেজ আছ ইখানেসবচুত্র কোলে স্টাট পুনেরিয়ার মধ্যে ড্েউলিিানবীগঞ্জ গঞ্
/kaggle/input/regspeech12/test/test_sylhet_0607.wav,মালাক থাকে দেন পুরো থাককে মিবে গেোট আমি পৌরাইাইওএকপরালে আমি তো ইটানিয়া বেশ প্রসঙগে খুব এ্কসাইটের আসলাম তরারে াাবাইরে তাঁাে তাঁা া  ত যারা যারা আসছে তরা াই বলা দেখ
/kaggle/input/regspeech12/test/test_narsingdi_0104.wav,ালুন পনে ক্লি়দিন কেমনে মনযমানে বইন বোইন বিহাঙ্কার এরা যাস তা কিগোদাওয়ারে আমি আমারতকেরা বানছেগুরাদুদের মধ্যে কফিরাল্লা ব্র্যানগের আগে
/kaggle/input/regspeech12/test/test_rangpur_0003.wav,ি বো াউরাগা ঘোসতে মায় ঘটোটগোস্ত তগুস্ত আে
/kaggle/input/regspeech12/test/test_sylhet_0169.wav,েটরবুকেতে এখনতে জিনিসপত্রের দাম এখন যের যাফে়াস হয় ইিরকষমকটা দামকেতাবুজ্ছি বাংল
/kaggle/input/regspeech12/test/test_sandwip_0107.wav,নেেে পুরোবা লাগতে এখনদি আই কনদিন হেরাই গদান কৈন দুই ফাস্ট তেব তরুল রং এত্বএবং বোণতা ভাইকুনতারপরে ৯০্বই হ্যাইটওব্যটে আমাফার হো লাইন যদিকম হাকহত
/kaggle/input/regspeech12/test/test_sandwip_0065.wav,াাতালদদেশে যাপককিমোবাইলে তো তার াখে দিল মা চাাাক কিল্লা আলাতুইজাবে গৃষেন্তর বাফের কবে নিয়া মায় অলা আসন সুটুগস্থাগে আললামঙিতুপূণ্দিননে যতুর বুদ্ধির ম্য
/kaggle/input/regspeech12/test/test_narsingdi_0013.wav,রূপগঞ্জর হয়  ফালতাসে ডিপিএল এ ডিপি়লের কথা িবাটাআমপায়রা কি সিদ্ধান্ত দেয় আউট হলো আউঠবেনা যেডা উট নেয়া ডাওয় আউটদিয়াতে
/kaggle/input/regspeech12/test/test_habiganj_0063.wav,মনকোন কামঘাট রতিনা লমনে টোককাজুকই মাবাবার করয়ে ই প়ি এর করেও আকে নানি যদিও একদিনে একটা বুরগলি প্লানী পিলোগিয়াত্রীরা কলেটস্তুলনা কলেজ গিয়া আমার বান্ধবরা াদেতো মারকেটদের তরা গলে যা মোহাম্ম কিংতআমার হাতেএটি হাতি আমি মার েনা হইয়েওই এা জামাই নািখলাম হনজামা ডার দাম আমি ়াইনালেটি বেকি দাম দিয়াতামাডা
/kaggle/input/regspeech12/test/test_sylhet_0246.wav,জারদার করতাম পাইয়া একবার ১রে বাগে দেখাইতা পাই কিউটুনি করিয়া আমান বিচ্তেলার রইরকম অবস্থা নআমি ফিল করতাম জামান বা়যত্তে খুবস্ট করই আমারে পড়ারনি হাদ্যে রাতকেন টা দিন আমি কাজ করলা পিতাফনোমরিটেক সব সময় বেস্ট িচ্রাখাব
/kaggle/input/regspeech12/test/test_sylhet_0680.wav,য়েঅংটির ইচ্ছাকিতা এখন মানে
/kaggle/input/regspeech12/test/test_chittagong_0100.wav,িলাতান নদে পালআরবাকুর্যা ওসজেব বেগদিয়ের মধ্যের মানে মোটা বেশি তারণে আলো মোটভালিিবিংইংইংলিশের মধ্যেবামনে সারবারারনবজিং ইতিমধ্যে কেরা হাবই
/kaggle/input/regspeech12/test/test_barishal_0062.wav,এ দশশ টাহা দুধিমোর ফ্যামেলিতে বাচতে মোর কাঁতামালের বাজার রহিযামই়াইলারমারার খামইহারি়ে িিএই ছারিরে দিছি এই যে বিরি সিকেটের মধ্যে যদি কোনও মানুষ কৈইতেরিতের নেঠা আতে অল্লাগা আমার তালেঞঅর্ধাহাইতই বেচে কোন্দাকানে আমি মনে করে অ্যাকটনা
/kaggle/input/regspeech12/test/test_habiganj_0055.wav,চকতা দেফাই উভায় দবিপি র কইতে বলে ভালোই এতে এরর তিকে আআমরা াড়িে যখন মারাতে টুককিত হার যে ভালোইতে হন্মার হয়তুই পুষুটকি তহারি রান মাতিকাতুই বালাহুজারন্ এরপর ইতা হরতে হতে ওই আকতারতে নমামা দেহততে তার আান্ডে হনার নিজে হাজার আক্তারতে সবই ভারী রানতাম ে খন আর কিটা হই মুহন ওহন ্লানতামরান তাও কইিয়াছেই যখন আমি এমন দামেলাত পরতি হন্দে হা
/kaggle/input/regspeech12/test/test_sylhet_0529.wav,ষমত থেইক তখন ভয় লাগেছে অেকেরা অনেককেছুতাহতত আবার লাগতেনোউন্ডবেশি নামারর মার অোময়বে
/kaggle/input/regspeech12/test/test_habiganj_0117.wav,ইছলাম এখন
/kaggle/input/regspeech12/test/test_kishoreganj_0029.wav,হ দুা এঅান্ডানক কিন্দুয়ালক ইনেবারি একদি আমা়জ আসিতে বা্ইদেম১
/kaggle/input/regspeech12/test/test_sylhet_0451.wav,মলি ছারাবিন কেমনে খাটেন াবেগুনটাকি এখন উর্তে াএখন আকনদি়ে বিষ্নাপত্র পরে গরদোয়রে প্লোজার
/kaggle/input/regspeech12/test/test_barishal_0043.wav,ই আরডিবেন্সি ও খালী ধরিটে ট্রানজিট জায়াযএইডুপ কাম করতে হেই কাম কর গিয়া যেই সমস্ত ব্যবহার মূল্লা করছে হেই ব্যবহার করালই গ্ঞেন্দাম বাদে বিশবেও মনে কার নডরে কয় গারিরাডার কইটি কুডোখেমতে নানা কর পিকুর কিননে গরুপাল থানেই কুডো হুগুম পেইয়েদে কইতেনা মরত মিটার গোছে গরমেয়ে দি়চি এটাছট খা ই
/kaggle/input/regspeech12/test/test_chittagong_0122.wav,বৃষ্টিটি স্থি করে এহনক াই এগংা অধ্যায় অ অনুনিয়গেগইড তারামালে বযধদেবআন্নাওভারি তামা মাবুবে  মালাপরিক্ষা তু়ানোযে়
/kaggle/input/regspeech12/test/test_sylhet_0296.wav,কোথাবার্তা পাকা উইকেট তখন ই জায়গার মাজার জেটের শরন দেওয়া কিংবা ইংলা সাইকোলজিক্েল ভিক্রেরগুলা যেদি অ্যাডজাস্ট করে না তখন তো স্টারটিংটেও নেগেটিভ লেগিব আমি ও ন আমি ভাবলাম যে লে
/kaggle/input/regspeech12/test/test_narsingdi_0133.wav,ইনও সান লাগন ঠিক আছে কিন্ত তর সার আমাদে একটা ধুষ্ দোষটা বাবা ছিলে যে দুষ্ট বাচ্চা হয়ে যাকা টুল পড়ে আল্লা দিলে আল্লাদিলে ব়ন্বুর বড় এধরাআ়মারগাও থানার রামান েরতআমামের চাইল ঢুরলেকট্রনিক িাত বড
/kaggle/input/regspeech12/test/test_narsingdi_0066.wav,আমার খুলা বেশি বালকমেলি প্রেন্ট মজাকাকথাবা় প্রেন্ডসলাম ত৭৭ ১৯ বেকুন শিমারজ ফবলমার গ্রাই টবনএডিয়া সাদিকরা সেকটেল
/kaggle/input/regspeech12/test/test_habiganj_0074.wav,য় নষ্ট বায়াকির কৈকিতকৈথা একেবারে জীবনটা এডে একবারে অলসলেসে হারাইতেছি আজিাাতেছি
/kaggle/input/regspeech12/test/test_sylhet_0762.wav,তাদকের মাটোইলে বছর বয়স থাডনিগবিএএমএিতাইরমমাটনাি্ে
/kaggle/input/regspeech12/test/test_sylhet_0386.wav,িকৃহিত কিবল ুততুঃ্থমাএাই মাে মলিচলি তোনায়না লইপোতেকরাম যে একবারে ঈদ গরাস্তাদেয়া গিয়াশেষা
/kaggle/input/regspeech12/test/test_noakhali_0017.wav,িনাবাবএবুন লোই একন জ্বালালাকে আন্নাতুলে থেখেন বাদ্দাতও আনা পেগেনি
/kaggle/input/regspeech12/test/test_sandwip_0017.wav,িেব কিতাব একত অনযায় বেশ একটম ব্যাহালিজমা ইগুনের কোন
/kaggle/input/regspeech12/test/test_kishoreganj_0067.wav,মুক্তাও মুরিয ়াকে াগেয াকে পরুরজিয়াগিয়াগিয়াযা কোরএফতা হোরবাইযেমলের এল এলেতচৈতাম
/kaggle/input/regspeech12/test/test_chittagong_0072.wav,পাবলিকমা দদেয়ারতো বজস্ততাইত্তারা অরালতত বেলে হরস বেশি  এন্তনিদার ফয়ালাকার মামলায় বিছুভালাঅ্যমখনা
/kaggle/input/regspeech12/test/test_sylhet_0298.wav,তাইনু আমি যতটুকু জানি তাইন তখন চিতিনিব নিরাপত্তা গ্রামীন ব্যাংক থেকে শিক্ষা ঋণ বইয়া বাবামারের দিতা রতাথিক বাবামানবিতাতে কাজেই ওরহম করবেন উইফিন্ন পুরাপুরি তাইন
/kaggle/input/regspeech12/test/test_rangpur_0127.wav,ঘল বুমষাগালি জেলে নালাপানিব
/kaggle/input/regspeech12/test/test_narail_0015.wav,এতুইবাবমারের টাহা দিশনে় তর কা থেকেও সুন্তিগেছেনি তুই টাহদিশ নেয়তু কতি কিছির কিছে নিজে আমি এরকম ঢাধিতাইলে আমরা সহ রইনালি পই বাবলুসোরা বাবলু রেভিলি ক ়সি বাবলু তুই বলেটাহনিফিস তালি টায়ত টাকা কই গেল আমরাত মা২ী ১০ হাজার টাকা আমাররএকথাকল
/kaggle/input/regspeech12/test/test_chittagong_0057.wav,ত্রমজুে হতায় ঘেন না কেনবহাফাইুর টেগাসোতলতি এযহর রাখতুম মাইনির শিতুর পাশতে চাইতাকরাগলাগলা ারা ভ্াবাইস
/kaggle/input/regspeech12/test/test_sylhet_0088.wav,আর আকনে খুলা হলো দদনাসাদবন
/kaggle/input/regspeech12/test/test_kishoreganj_0100.wav,মুস্ক কি গাবাত
/kaggle/input/regspeech12/test/test_sandwip_0085.wav,একসমগের মাথা মিলতপুরো দেখতে সলসপিকে আইআনের রাইকে মোবালে লাখবেি
/kaggle/input/regspeech12/test/test_tangail_0039.wav,ার পরিবার থাকে ইন্ডিয়াতেই পাই প্যাটেল দেইফানখানির পরিবার থাকবে ইন্ডিয়াতে তাদের একটা নিজস্ট চিরিয়াখানে আছিলা ও পশুবাকির সাথে ইফানখানের একটা স্পিচুয়াল একটা কানেকশন ছিল ্তু
/kaggle/input/regspeech12/test/test_sylhet_0352.wav,তখন দিজিয়া হজে  চাটিগারতামাল্যকে দেখা গলিও জিাদিদিল্লাকে দেখা করলাম পরে দেখাগড়ার পরে পলযে সিলেট সনামুন পুলওপাানায় টি টাকা
/kaggle/input/regspeech12/test/test_chittagong_0156.wav,অনারতরান দিকিনে পয়েন্ট ল়ের জীবি জন কেসাইনতঅনাকযদি পয়েন্ট ১লর থাইন্ত কুলনিকিনি সাইন্ত
/kaggle/input/regspeech12/test/test_sylhet_0303.wav,বাড়ি দেওয়া লাগে তখন্দোমায়া সালেললা গামি মাতলাম ে আমার পিকচে লাগত না আমি ইউনিভার্সিটির পড়াটা শেফির গিলে চাকরির প্রিপারেশন লইতে আমার চিত্রটা টাইম লাগব আমার একটু টাইম দরকার ইনটানটামি বাড়িচ চেইতাম
/kaggle/input/regspeech12/test/test_sylhet_0416.wav,বাচ্চারার মতো ডায়বার হিন্দি আমে তাতি প্রতিদিন একফেগের ফেববাস মনে করে তোমার সখুন দেপ্রতিদিন আমার এ ভিনেখরাইতে পাকষ
/kaggle/input/regspeech12/test/test_chittagong_0171.wav,অাতোাসুরবাল্া বেচেি তুবাকলকতোবাগরো হই সমাঙে লালেকিন্ হেবে
/kaggle/input/regspeech12/test/test_sylhet_0608.wav,েরা চোহেরল মেেবি যতু পাগুলার জানাহালকে তো একটা ডে দিলাম নানে খন িডে দেখথা হন্দে ফাঁটা এলাও পিতা হরেটাম তর কিত নাই দেে  মাথারা
/kaggle/input/regspeech12/test/test_narail_0169.wav,িমাত্ানা তালাঘেছপ্রত্যুতত নে ববা
/kaggle/input/regspeech12/test/test_barishal_0055.wav,তালানকালে খারতি ঠান্ডাজুতি আহন এহন কষ্টকিননে যদি চ্যা়াং না পাইয়ে বইয়ে থাকতা মাহান ও তোয়ার ধান্দাইছে মুইদসদিন বইয়ে থাকলে মরকিত মুকিনা খাই মরতাম া
/kaggle/input/regspeech12/test/test_sylhet_0537.wav,আমিনামাজপেটখআি অনার থারডিয়ার মদানিমা
/kaggle/input/regspeech12/test/test_tangail_0026.wav,কিন্তু সারা এই রকম ভালোবাসা় বিশ্বাসী না সে সোলমেট বা ডেস্টি নিতে বিশ্বাস করে সে মনে করেন জুধনাথান যদি স্তারি হয়ে থাকে তাহলে সে বারবার তার লাইপে বিভিন্ন সময় বিভিন্ন ভাবে আসবো তাই সে বিভিন্ন এক্সপেরিমেন্ট করে যেমন জোনা থান সারা দেব
/kaggle/input/regspeech12/test/test_rangpur_0036.wav,ডিমবিমেই  লাবুর তরাজ বু খরের আগাদে বুল কশদাািভেতকটা আলুদে আলুর ডেকে খায়দা বুট হইল শরীরের পতি এনার্জিদ নিত এটা খাবার মানুষের ইততেরি সময়ে বুট খাওয়া আসেনি উপকার
/kaggle/input/regspeech12/test/test_kishoreganj_0073.wav,দেরতাগানে প়তান দেগোলানে পরাা দাম একাে
/kaggle/input/regspeech12/test/test_kishoreganj_0122.wav,মিল ফেটটি বা কারখানা ম্যাগাযা তুমি দাঁদ দেয়াতনা গন্দ লাগযা মল আবেদনাকেরে গোন দে দুননয় গন্
/kaggle/input/regspeech12/test/test_sandwip_0028.wav,মইশালাও এরা হুশিয়ালার গ ওহলানালি ফরালা কর ডাক্তার ইঞ্জিন়ার ইওমারাবিধ্যাশ্রমে াকে মাুা আএই ব্যাপােইাকে তিরিক্
/kaggle/input/regspeech12/test/test_sylhet_0102.wav,তিনবেলা গিয়ের আঙু সুন্দর হানদেন খা্যবস্থা ে মাস্টহারিটাাস্থা ব রডক্সিতাইনার বিয়ও রেখেছে ি ও ইউপিএনেক কাহিনিইতে অপকষ
/kaggle/input/regspeech12/test/test_rangpur_0072.wav,ুলে রস্কপকোইন আগ্রহী করুম না যেকাইকে মহিলাওব্লাউ মা্কমোর ভাডইটেই কদিন আচরির মাচকে নানা গে
/kaggle/input/regspeech12/test/test_kishoreganj_0027.wav,গাাকি ামরা় তামাজিয়ে রছন  পুপুরাুলে নজু বলতে যে এন একে এ ইা কিন্টাকাাআরেকজনের একটা
/kaggle/input/regspeech12/test/test_rangpur_0013.wav,পরারআগঙ্ন নাতিকরতকদা ওমান্দিন্ত কবে
/kaggle/input/regspeech12/test/test_sylhet_0027.wav,দায়িত্বনিমত কমিটি থাটবজসবা কাখুনিে আাদা দিয়ে নেয়ায় সবার খাতে চাঁদা নিব নিয়া মেটা এখক লাক
/kaggle/input/regspeech12/test/test_sylhet_0483.wav,াাারায়গুতোবাস্তমানা যায়কলপন্যুনআমা
/kaggle/input/regspeech12/test/test_rangpur_0078.wav,য়াতোমা কাবনা এদেন খুন হইবেদেন ফুণ হইবে এদেন খুনবানারইপেটের ওধনবিরভাদিষত ভালো লাগে
/kaggle/input/regspeech12/test/test_narail_0143.wav,টুকুয়ে দিলাম কন্তে ত মনে করে দাকতো আমি গতবার যখন ইন্ডায় আসছিলাম তখন তারতহন তোমান আমার কাছে আসার কথা ছিল
/kaggle/input/regspeech12/test/test_sylhet_0014.wav,জা করিয়া তাৎপরে আমরা প্রতাটাখাইয়া তাপ্রেক্ষা একটি জাটে তাবপাদারশমপরদনি বান্দারাজ্য করা হয় তার চ্ান্িতা ধর্মীগেমা ধর্মীর গা নাতেনামারশগান চানিাপরের দিন াকি
/kaggle/input/regspeech12/test/test_chittagong_0029.wav,বি়েধি বেলান দাহন়াজেনে েবলে কি হর িনহর মাইসোন্নিগরে তিমমাগ্য পস্তিনইয়াওরিহতিম মুবারদুলেে
/kaggle/input/regspeech12/test/test_narail_0142.wav,নাউরএদেস সমাল কথা তা ত হবে না তুমি আসো মারে দেখি না মেলাদিন হেেযার সাথে সফসং্পর্ক সুকই দে্েলই তারা দেয়া লাখুপা
/kaggle/input/regspeech12/test/test_kishoreganj_0136.wav,এে ফলে হ েকরকমে পলআধুনিকতুতো পােে
/kaggle/input/regspeech12/test/test_sylhet_0225.wav,আমি প়ে আরম্ভ করলা পরতে পরতে মেট্রিক পরীক্ষাও দিলা মেক্রিক পরীক্ষা দিতামকে আমরা তো গাও থাকনি গাঁওকেকি শহর হাইয়ার পরীক্ষা দিলে তোমার ও টাইমেভিকরা য়ার পরীক্ষা দেওয়া যাইব না শহরও থাকতাম কৈইমন
/kaggle/input/regspeech12/test/test_habiganj_0097.wav,সিলেটে তোঅনেক বালাবালা জায়গা আছে খাতাপাতর দেহাআমি আবারতো অনেক টক ফামি কেরে যেন সময় যে যাইতা ধাবাগানে
/kaggle/input/regspeech12/test/test_narail_0095.wav,টুকই ভালো সম্পর্ক তন্তই রকম কথা বলতে পারিনমকত থাইকেআনে নািআমি এখনো কথা শুনি জামাশাতুত তোমার
/kaggle/input/regspeech12/test/test_narsingdi_0102.wav,বিকবির বিলার টেয়াডি একাটা রাকগানিউথওতহঅবরহ মেয়াবারিা১ম নপা ঠাটাকা দিয়া দিবে বিহা এম্বাট গ্রাইলেড
/kaggle/input/regspeech12/test/test_rangpur_0109.wav,পাথাকু়ি নিয়ে দেখিলে এস গেলোাভাইলম থাকতেই ় ভাল জিন্নে ক্তরিমিলা পানচে ডাকা নেয় খিলেছিল কুপরোয়া
/kaggle/input/regspeech12/test/test_kishoreganj_0032.wav,ামােটে মুতালাগাজাে বাড়ি নাবাই হয
/kaggle/input/regspeech12/test/test_sylhet_0597.wav,তর ভিনানডাকে দো ১ফাাোকাকআশতাই হাতকেএগোতাভাণ্ডারায় দেখলাম আমে হালতে তেচি গেলা  বিয়াত ত বিয়াও স্তোংার
/kaggle/input/regspeech12/test/test_sylhet_0081.wav,লিতো বেশি আগ্রহ  ইতে তো আরও বেশি পের মানুষ  বে কতবে পর্তাব নযততা এখন তিশটার বার আগ্রহ তা বড়া পরতাচেচারেতেলেত ফরা
/kaggle/input/regspeech12/test/test_barishal_0078.wav,া একরতরি উল্ডে বললে
/kaggle/input/regspeech12/test/test_sylhet_0632.wav,ইনরিতার্বুলেজমাত্র হয়টা াপদেক সাইন্থারফকোমাপ্কৃটিম ইন ইনপেক্ট পর্বনা নিয়ে
/kaggle/input/regspeech12/test/test_sylhet_0074.wav,ইগল তাবিয়া শুরু়া এক দুর্গাপুজাি আমিদা ইন্দেতান বুজে নান তকচুব দুলাকুলারা দুর্গাএরপরে দর্গা প্রচার রে পরে কিতাকেতা অনগাপুজা রেপ
/kaggle/input/regspeech12/test/test_sylhet_0259.wav,এর মাধে হই আমিতো আট তেটি পর্তি যেই প্রাই আগে হাইস্কুল জেটা ছরতিও পাইাতাইতুআতেকে বুদ্ধিবিতে আমার বাটডিগডি নিয়দ ডিমিটা রতেছে ফোকটাওটামিকছক্তের মাঝে অযাপ্লাই়ও করতে পারতাম না
/kaggle/input/regspeech12/test/test_kishoreganj_0054.wav,লজনদেন দোযমা কুলে লদেমাইন তরাপরিক্াশে হ্যঁ একিবকিছে কিবইকি
/kaggle/input/regspeech12/test/test_sylhet_0587.wav,তাকি বেরে হন করেজ বেটার গে প়লে তবে োযও পাম দিতে র সবে তেউ না াটিিতা রোতের ভৈতটাধিনা পাইরা যাচেতের হানে এমান গরে ঘরে প্রাইভেট প্রাইভেট প্রোহারে ঘিনা গরেমা খাল ফানদে মানুসি র নতিচ হটা ধোকার্রাে  থাই
/kaggle/input/regspeech12/test/test_rangpur_0046.wav,তাব্রনী হয়ে হয় খনাখুব হরে আসা তেলটমনগাম করে টনায় হততাতে আহুহরাকবরাবন কা
/kaggle/input/regspeech12/test/test_sylhet_0750.wav,র আপনারা এখান যো এবানে পূজাআর্টনা কেটাকেতাওয়া
/kaggle/input/regspeech12/test/test_tangail_0027.wav,নাম বারটা দেয় ৫ ডলারের একটা নোটে তহন ছাডরা এটা দিয়ে এটা যে একটা বই কিনা ফেলে বই কিনা ফেলে তহন নোটটাপ যে দোকানদাগেরা এই দোকানদার থেকাও আরেক জনের কাছে আরেক জনেকে যে রকম সোরায় দিতে থাকে আর ছা়া বলে গণা খানডে বলে যে এই নোটজুতে আবার আমার কাছাপাসে তাইলে ভাবমুখ
/kaggle/input/regspeech12/test/test_kishoreganj_0124.wav,কেলাকে পাকিটদিগ্যাস কয়লা ইত্যাজি ব্যাবকয়লা ইত্যাদি ২টারের পথ উৎপর্তৈব৫৭আলতে চ০লি
/kaggle/input/regspeech12/test/test_narsingdi_0117.wav,ভইররট মাসটার পিস্কানবেথা করলে বকেমযাএইইনটিউলেখন
/kaggle/input/regspeech12/test/test_narsingdi_0058.wav,র্তিগলাযআমাতাবাতারা নতমতিগলা এবং বসরি দরিন কার্যালয়ের সাবাটিং সাবেক মিউ মিউকারের তটু দরাাকাইাওটারহিনা
/kaggle/input/regspeech12/test/test_kishoreganj_0187.wav,পুডি পানি দুঠনের কারণননমানদ মানদা
/kaggle/input/regspeech12/test/test_kishoreganj_0194.wav,পাইদে মির দেখা বালি কায়দা ইত্যাদি ইত্যাদি ফরা নুপককে ঁককে বলে খিতফেনবকে কিবে
/kaggle/input/regspeech12/test/test_sylhet_0591.wav,ইফয়দিন থেকে অক্টোবর থেকে মোটামটি মোটামুট তিনতিন থ্রারাই রগুনতে এর আে
/kaggle/input/regspeech12/test/test_chittagong_0135.wav,তেফুকে হতাত যুক্তি আসেল আহাততাবা মাইননি কিন্তু ই়ার া গেজা আসিটাংতনার বেলাগার পর পরবানা তাল পুরানা হই যাগ বর্ণপ্রভিডযান্ডে ওর তাপরের তুরা আরে লৈতু আবি িরাাতালহফ্রেন্ডে চিতুরাহুল আত়ারি কে নন্নিনতা
/kaggle/input/regspeech12/test/test_narail_0112.wav,পরাপিতুশি সংসারে কিন্তু আগুন বে়  বে আমি তোরেমেয়রটা কথা কই লিখেরাক ওরারমা সংসারগোন দিন আগুন ধরবে না
/kaggle/input/regspeech12/test/test_chittagong_0052.wav,উননিতলাদত াািাব িথৃতাইকি হ়ু ওই ফায়ানানা কি ডাইনি হইবে এগে নড়ও তুলে সারাজইব
/kaggle/input/regspeech12/test/test_sylhet_0339.wav,ারির ফেলে ঐইনবড়োটা পরে আবার পরীক্ষা ডেই ডইল থেমোামাের বয়সই গেছে তিনবার এখন তিন মাসের বয়স্ত ব্রেস্ ফিডিং টাইম
/kaggle/input/regspeech12/test/test_narail_0166.wav,কারালিত আরো কতকিত্বক ানে এমন আমন্ডঅগাসে তরেই নাা
/kaggle/input/regspeech12/test/test_tangail_0041.wav,একটা বাগ কহনো মানুষেই বন্ধ হইতে পারেন সেইরকমভাবে সবকিছু ভালো চুলতাছিল কিন্তু প্রশাসন এনিমেল রাইটসের কারণে নাকি ি কারণেই জুড়া মানে বন্ধ করতেইতাছিল
/kaggle/input/regspeech12/test/test_habiganj_0057.wav,এিন এমন লগন দিতি একটু বেশিওই দিতি কিন্তু অত ব্যকিও না় কিন্তু লগন্ডা বেকিতে এতালিকে আমার বাবা হয় দেল্লিত তুই কত বালাহইডের হামদা তাককে তুইকেরে অতলবন দিলে তর মাকি তেলবণ দিয়া দিতে মিহই মাহত দিতে লগন আমি তো আল্লবন দিততি না আমি আর কোন সংলবন দিলাম রামিহেন্দা কাহে দিয়ে একটি লগণ দিপ্লাম ব্যক্তি ওই  আকেটুলবন তুি ব্যক্তিতেই তেলেতো আমার দিয়ে রান্দায়িত না আমারওঘন মধে উদ্বাহইতি আমারা রানতেন্তে আর লগনা এরপরে
/kaggle/input/regspeech12/test/test_habiganj_0003.wav,অঙআহনেদন য়ন ৭ ও জামন ড সম্মানের র জামায ়েসা তেরা লইয়ে দায় বারাবাতে কয়দিন ককলতন্ত্রিকে প়াইত চেরাও হন্ডেড
/kaggle/input/regspeech12/test/test_sandwip_0068.wav,কিবানাননেদেকুম গেতি হিেন তিসেব করল
/kaggle/input/regspeech12/test/test_kishoreganj_0006.wav,তরেখা কায়তারিকার গা়ি ধরার
/kaggle/input/regspeech12/test/test_habiganj_0095.wav,তামনিতিলেডডা কলেফতি় যদি সিলেট পিকনি গদা় তাহলে যাওয়া ট্াতদুর্ঘুনা নাবেলে প্রেমেি়া দিতানাআববাদিতানা রেবেরেগে অতদূর যাওয়া আবারপন্ধ রেনন টকট বাজায় গেলে দেখতাম না লথিলযাডের বিত্রে গুণানোল গায়ন
/kaggle/input/regspeech12/test/test_sylhet_0562.wav,েনা এ প্রযাপার ব্রাগারিন ক্রোট মার্ক দেখাইছেন দেও শনিবারইনপর্তর দেদতফাযই শ্রোতাদর োন সায়বে ঐইটন না উপালাহরে পড়ে আর্থতেনল
/kaggle/input/regspeech12/test/test_chittagong_0055.wav,একালেতে বৈতকি দুনিয়র থযকটাকুনে বা জন্দুনিিয়ের গেন্নাকাননেবেকিনেরবন হা হ গ়িয়ারও বতিকিধিন তা হননা এতা হ আয়াবলাগ হাগড়া হামবাকিং গরিয় আমমারিন প্রেসবেট
/kaggle/input/regspeech12/test/test_narsingdi_0019.wav,ও কথা আছে না খুব তাঁদের উইঠা গেল ওপর উঠা গেলে মানুষ পরে ইঞ্জি থাকাতি চায় না দ ভইলা গেছার ে খইছিলা আমার কথায় আসে হয়
/kaggle/input/regspeech12/test/test_rangpur_0107.wav,গুরুবইটা গাও রুটেকাআগুল হচাআগলোআতমাাাটাাঘনেসিনা
/kaggle/input/regspeech12/test/test_barishal_0097.wav,হডু বিবেকানাদে বারাতারিিেই সমর্থা োই তাকই দিডামকেদে দেখা পরে এমনের কারণেই এই পানি যেতিও খাওন্ডামও রাতেই এই খাওন্ডা আতমে বৈইয়ে কইলে াে হারাদিন কাম করতিনা মোর খোনও দুঃখ নাই ঘরে গেলে মোট তালডুর ভিত্রে রক্তাকোন দিক দেখা াবার
/kaggle/input/regspeech12/test/test_chittagong_0007.wav,পি়আফা আপনার বলকিশু পরিস্িতি ক্াহান্ডী একটোশুকআবীতির পলবানাইতে আরা অদধূরব আ বেহদন খিন্ডেই তুন উষ্টনকটান আলাদা আইয়েল পর্যন্ত বদাাবে পূরণ
/kaggle/input/regspeech12/test/test_kishoreganj_0169.wav,ল পরেন্দবাকে ে মরখুবলালতমে বিটালটা খুলা তাত্য অনুযায়ী বিতর তা খুবলাভ
/kaggle/input/regspeech12/test/test_chittagong_0070.wav,িমাজানি হালিয়ে আগ পরুয়া মেরিটলিকটর রাজালদিয়ে আলে দাদাহাল়হর শায় হালযাগনি জাহালেলপুরা হে কাহাকি দিবে হটবি
/kaggle/input/regspeech12/test/test_narsingdi_0009.wav,রত রাক্সও মোটামন্টি তিনচাবৎদলের সাথে থাকতেতে লক্সপিনারের খ্ভাবকূরণ করতে পারএই প্লে়াগালেক্সপিনার প্লেক্সপিন বল খেলায়ব তখনরেনিক্সপিন বল করে ওল ক্স্পিনের সাথে হতে বাংলাদেশের লেক্সপিনা পরএটি মিলেন
/kaggle/input/regspeech12/test/test_narsingdi_0048.wav,টুতেভর সময় কিতুদিনারি খোল নেউযায় রাত্রাবেলা কারেনে তারখারাসা মি ত্যালারিয়া তেলের গ্রহানোতেলেজনামলকদের আমিদে মুখমুধ থাঙ্গেছি ডিয়া পিরে ফেরিদা বা লাইটিনমাটিংেরে পার্টিনাকি পারগুলঢোমরের তাইরি দুয়া উঠতাতযা
/kaggle/input/regspeech12/test/test_tangail_0052.wav,েরতাট পার্কার যে বাঘটা ক বনে ফেলে দেয়নাইমেব নানাইমই বনে চেআর ইফারন খান ও বাঘটারে চলে যাইতে দেহে কিন্তু বাঘটা মানে কখনো পিছনে ফিরার তাকাযইনা
/kaggle/input/regspeech12/test/test_sylhet_0256.wav,া আনিয়া কোচিং ও করতৃ পারি কোচিংা জেমল বর্তি করাইতে পরজিট্রন কোচি ঘটাহাওয়াপািাধআমরানুতওলা প্রান্তিকটা পরিবারটি কি এা কুপনিওপলে যেত পরিবিতিং তিধকরকোচিংও করতে গেলে তাহ
/kaggle/input/regspeech12/test/test_sylhet_0029.wav,তার পরে নওমিদিনে ূজ পজা হল টাকুরুতে পুরপূজা করলো প্রত্যেকদিন নতু নতুন কাপড় দেয় তাসায়জাগুজা িন্চাস্তনাদেওয়ার পরে মাজের সবাই যে বক্তঘরে ঠাকুরকে গ্রেপটানাম করে এটার মেধযে কিশুময় কিন প্রণামি দেয়
/kaggle/input/regspeech12/test/test_kishoreganj_0059.wav,ইনিা ফাজিত নাই ভাজিতনে ফালপাত্তেনা
/kaggle/input/regspeech12/test/test_sylhet_0445.wav,িধাবালা বিবিলিএেরাকবারেই নীরিবিলি কোন মানুত না তন্দর নাল নেয়া আনকিদাহদাল জে কয়লাগেএকবারে কোনো মানুষ নেবার কিন্তু একটু পামনে গেলে মানুষরাছ আমি দুলম্বার াাত তোমা েত্তালিখনর এখনতমই গুজাম দুই নম্বার াারোরে মেন
/kaggle/input/regspeech12/test/test_chittagong_0120.wav,াাদায়রা হদায়ান ওরি একটা হতাহয় তুই মোবাই নজ তি ভািভাববেরন ডেহিলে সম্মুখ সবাতালহ্ি
/kaggle/input/regspeech12/test/test_sandwip_0093.wav,একএয
/kaggle/input/regspeech12/test/test_kishoreganj_0057.wav,াপরচিত কাও এমযব কৃতা
/kaggle/input/regspeech12/test/test_sylhet_0222.wav,রি করিয়া মোটপেটারটা যাতে থাহেনা হইফে পাকাপাশিদে াড়া কাপরে আমি ও টার্গেট লইয়া মনে মনে পড়া শুরু করছি মোট বাইয়েরা আমরা খুব ত াবি
/kaggle/input/regspeech12/test/test_narail_0120.wav,াদের ঢাকলি এল ংাতত্তাহবারবানা আমি আওননিজন রােএকেদুহসের আগু লাগানলাগাচ্ছে না কিন্তু আমার সংগঠেটা আলো জেলায় দি়ে
/kaggle/input/regspeech12/test/test_narsingdi_0068.wav,আলনুর গ্লাসারমাররে বেলা আগনমরাক আগো ব্যাস্ট্এাকরেমায় বিক্ ফাতকেরা লেখবে উজুব সমাধান নৈতিক অপক্ষ হ েেিিার রানিল া্ডাবায়ালি রাখব
/kaggle/input/regspeech12/test/test_kishoreganj_0158.wav,রালেবেদাতি কখন রহকাল আমাল কং সকালে গাছের উপর বিন্যুবিন্দু পানি জমে থাকতে দেখিতি বিন্দুবেন্ধু হাইদা
/kaggle/input/regspeech12/test/test_sylhet_0584.wav,জাহাংজাহানধারোর ডিমান্ডেরতেহারা থেকে বড় াতবাততাসল মর া়উদ্যরতারে দরারএকাো
/kaggle/input/regspeech12/test/test_narsingdi_0100.wav,িদের পরত ভচসেতায়লা একনানভমাঈদে সালামেনিবা নাকি আমাকে দিভিা
/kaggle/input/regspeech12/test/test_narsingdi_0131.wav,এবার সোরোগা লাতলাকায় পৌঁছাতা চিুাতা় আমার মত কিউর বাচ্চা নে নেইখ আরও অপহ নানোবা
/kaggle/input/regspeech12/test/test_sylhet_0309.wav,ও অতা হাংকুরি করি বারসলত েছেন তারা বাড়িত দু় প্র্যান্ডমিলিয়াকবাড়িত গেখ তারার বাড়ি তাকি দয়া পাম্মারে ভুজাইকলে ডিকালকে বিয়া দিল একটা উুপিপকব্া াই উ্ধাতবাকি নরবল লাগবেন কোনো প্রকারে টানাই তুমরা কইন বিয়আর কিয়া বিযাবিত
/kaggle/input/regspeech12/test/test_kishoreganj_0088.wav,রদা েনিজবািেমখ্া তামোদিয়ামে মান
/kaggle/input/regspeech12/test/test_narsingdi_0072.wav,এতারা একদিন রক্ষাকারবন্দে কি লহা লব্লিসিরও গ্রাহ্য আলাদা থাতামে লাতার খাতা ডিকি লেহা এলডব্লিউিত্তায় করছে ইরা জামা করা
/kaggle/input/regspeech12/test/test_sylhet_0457.wav,মার তথা চাইবেন নামার খটরাটুবাতি  দেউ ডাই গেলে তোবাইলবুয়নওয়ালটামর সেইমোয়লাথা লেগে আমার আববাহ একাকুতার এমন ুরেুকাআমাবাা
/kaggle/input/regspeech12/test/test_chittagong_0123.wav,োদহানডা পরীক্ষা করে আএদিন রডেক এশ্বিদের কেহনত করে রাহিপা জালাইতে জালালা
/kaggle/input/regspeech12/test/test_sylhet_0397.wav,াইের দিরোকর লিগেই আ়ওবস এখন তোবাগারদর উরুদ্ধে অবস্থা লা অারি া
/kaggle/input/regspeech12/test/test_kishoreganj_0022.wav,কষেনা কবির তি তিনাাাতুইন্নাগজা এল্লাগিত কাতাকর্ম মেলাস লাগে এজএইলা আমার থিনটেনা এ আমনুক়লা লোককেহঠাৎ একনি থান নেফা যায়
/kaggle/input/regspeech12/test/test_sylhet_0190.wav,ি২২২৩জন পবর্কাতরয়েন পেমিলি ইিতাবেমিনির মাজে চেন্না নন্দ আতিলযান্ ধুঃ্ষ ়াসী মাতেমাদের স্কুল থেকে আইয়া মেটা পাথককেতেই লতুই জইয়া এ চক্ট থাকত
/kaggle/input/regspeech12/test/test_narail_0118.wav,আস খুনাযে থাকত তাহলে িপ্রগাদি আমারই কয়দিনর ভিতরে আমার একটা তুদিটা প্রদুশন তৈরি হয় আমার ব্যবসাবাণিজ্যে আমারেটা অফিস নিয়ার পরিকল্পনা আছে মন এমনও দাঁড় করাই নাই পরিকল্পনা আতে ভবিষ্যতে ওই গম্পা কেটা অফিস নেবে ত
/kaggle/input/regspeech12/test/test_narsingdi_0033.wav,িছু ম্যাচদ্যা গুজরাত বেরিং ে নাম বে দে় এখন গুজরাট জিতবে লাকনোয় বলিং ইউনিডেক্সো স্কেনে জিতব এক মাগডেই ত্ব সব উইকেট নিয়ে দ্যেদে
/kaggle/input/regspeech12/test/test_barishal_0001.wav,বি্বেটাদিসের লা বিষ্টেপলার বৃষ্টিে খাই ও য়র বৃষ্িহের নিতে এছে তাহা বাওয়াতে লইয়া এমনপপু হিরিমিদি ডাইনিতে ধশতারে তাইত পেয়েহারেই ন্যারও সুড্যে যাওয়ার চেষ্টাকারে পারেরা ঘরতে করতে তৌরুডরা পাড়তে দ
/kaggle/input/regspeech12/test/test_narail_0037.wav,ওমানিগাতুথাল ঐ ভাটেনিগাতুখল ভারঐচুকির খবর ক
/kaggle/input/regspeech12/test/test_sylhet_0411.wav,তাইতাই দাবিবরদানির্বালি আর নানি বারিয়াোরাবাসাষণতায়তো গেছে গিভিন্ন হনামে তাই রেফাল হবাদেখেলকে
/kaggle/input/regspeech12/test/test_narsingdi_0101.wav,মিাআমিকেউ থালমেদেনাবাই  যদি ২ৈরের মধ্য দিয়ে নিতত হেরাদত শপিংয়ের টাকা দিয়া ােএককাটেও ায়মার্গ শাসুআমারবে ঘিসে আবিভেন্দর ব্ বদ্রা মারাত দেয়াে ভেরি নেবার ডাতেছো
/kaggle/input/regspeech12/test/test_chittagong_0134.wav,রায়িঙকে কুতরাত গন ওমবন্ধ ফুরগি দেবসামজ্ত হরতাইকে ধরবালাগা নয় না কেররামানা গুলতু বলতে হব্যে এই তারা রান্ডা দাহাদ মাতর সে দুিম দিনান্দা হরে তাহক না তাফর্যানডাইব
/kaggle/input/regspeech12/test/test_chittagong_0038.wav,সায়ালিএার আন্ডাবধে ঐতিতিে আর১ার নিখে ১৩ া মখি  াধ় ং ানাইোতে আতমাাল
/kaggle/input/regspeech12/test/test_chittagong_0153.wav,রেগে পাওয়া যা অন্য বান্ধবী ব্যালযান্ডা তাহিনে টাইন আপ্রগ্রহন ডাবা ই়ামাবার্গের যেতেকোন বিরাত গহই তুরারু কেল ব্যধিক
/kaggle/input/regspeech12/test/test_narsingdi_0053.wav,বড়া হুমলে গেলএজেন্ নেতামরা ইউফতরি গুডনাড মার সপন্সার করা উি দেই আমি ঘুডনাইটাকিনতারম্যাগের ভেতরে লগা বাদাগবের খ্যাঁত দেই মহযার মহ্যাঁ
/kaggle/input/regspeech12/test/test_chittagong_0088.wav,েইকসেইটির ভালকরেই তলছি এবনে কম্পিউটার শিকা ন কম্পিউটার ফরিকানির ফলা পরও  ফাল্টব্রা ফালেটি সেকেন্ডবার মধ্যে পা়াকাচছি দচিকে তোলার মা মানা  এংকে ানিতুশযুরু পরিকা ফরসি বস্তোরা বেলা ফিরিছে ওম বরে বুলে
/kaggle/input/regspeech12/test/test_rangpur_0051.wav,কে নদ্ ঠাইত মেপ্তারিয়াপেমি আগতিকতন
/kaggle/input/regspeech12/test/test_narail_0125.wav,সেখানে মানুষজন আমার মধ্য নুষজন খুঁজে বেড়ায় আমাকে তারা আবার পরবর্তীিতে ডাকে আবিমারাছে যাইতরতোর ছবিতে পিপাশারাখিস াত উত্তচারণ পরিশনে পিপারসারে তো ঠিকইচগানের করিদিছে আমার গান্ডা অনেক প্রি
/kaggle/input/regspeech12/test/test_narail_0086.wav,আমরি ভুলে যায়নি আমারাই বুলে গেছে মালয় সবাই বুলে গেছ আমি ঘারো বুলে গায়নি
/kaggle/input/regspeech12/test/test_sylhet_0544.wav,মাতপরার রাটা ্তা প্রাইভেট মিোথা আা
/kaggle/input/regspeech12/test/test_kishoreganj_0056.wav,আলংগুমিকাবারে কোনগোলাকাওয়াের নে
/kaggle/input/regspeech12/test/test_rangpur_0088.wav,ম্যাগীকিবেলোয়ালমণ্ডল
/kaggle/input/regspeech12/test/test_sylhet_0009.wav,াপরেের কুশালফরন্যা ফরনারভিকাকি টাগ প্রথমিআগেরদিন ব্রেনি হাকছে তার প্রথম দিন আমরালীর আবিষ কাই আাইয়াতে প্রথমে পরের দিন গুমতেকে উঠিয়া
/kaggle/input/regspeech12/test/test_sandwip_0091.wav,এবেমাই এতানেকেতে হ়তার মোটটাা চ৪ত ইয়েমনা কেরে রাতে রাতা ৯ার্যকিছু
/kaggle/input/regspeech12/test/test_sylhet_0370.wav,এই স্বপ্ন নিরাপাচ্চা তোমরা বিলিপ পর্বায় কিনা আমি জানি না আমার ফারস্টব্যাবী যখন ফেটেবাইতে আমি জানতাম না জেনেরারট উইদআউড এনি িমানে একটা বাক্টা আইগো তাল লাগি তকটা মেন্টাল প্রিপারেশন লাগে তোমরা তো দেখলা়য আমি ডিসিএসএল্লাক যুদ্ধ করিয়া কজী আমার কিন্তু কোন ধরনের ইন্টেন্টন আছিননা তখন ববিনি়গ তাল্লাক বিলাইতুন আমি
/kaggle/input/regspeech12/test/test_sandwip_0023.wav,হিসেবকিতাব নায় উগ্ঞহোলানেরও ংসারিএকটা ইয়ারসেনাি আসমা ফর্সে একম কতারোহিতের মাপ কাঠি চলাহিতের মারুজুললো ইয়াকলল হারা দিবেন
/kaggle/input/regspeech12/test/test_narail_0161.wav,প্রতিদিন কয়েই সমস্ত ওনার ব্যথা সুলো ওনাছইর সমস্যা ওনার মাধায় সমস্যা তানেনেই আরো গত রোগাছে তা ঠিক আছে চোখদে জল ভরে আর ডায়বেটিক্স তো আছে মোটামাটি বারিেকরে
/kaggle/input/regspeech12/test/test_sylhet_0356.wav,গল্পোল এখঙ্ মালেন আতচক্াদেনতুখের সামনে দেখতাাকাকাহনি
/kaggle/input/regspeech12/test/test_sylhet_0066.wav,র্মতমাজ পরমনয় াাে ন আমিদির মধ্যে হাতবরতিল আমার নাকত হ্যলেতাাযেতেখুব বাপ়তর বাড়ি থাকে অবস্থা মানে অন্যততম নগরগ্রামর বাড়িরটলমানর জককতা হয়তো মুখে াইনিরজনো মানচকে কথা হয়া
/kaggle/input/regspeech12/test/test_sylhet_0110.wav,ারকিরা া আম্বাকের য়ফিিা লোদখটবাককাাব প্রদুরপর্ততেন রাস্তাহবার পিরি অভরাইলাচল গাটাহে বাড়িমায়তাােকেউ ংাই নানটগুস্তরকেউনাইবার
/kaggle/input/regspeech12/test/test_chittagong_0068.wav,নোহর ইয়ালোহযডি পেলে একাহাক গ জাহাতুরি আয়াাশনা আযর্্ক সুরাগুয়া তলু দুনোয়ালা উদ্দলেরও গায়লে হগা তুলেন তা হত
/kaggle/input/regspeech12/test/test_comilla_0029.wav,ে ঐইদিনই ঘটনাটা ওইখানেই সমাপ্ত হয়ে গেছে জুদি এটা পুলিশকে সৈতুতালে অবশ্যই তদন্ত হইতো
/kaggle/input/regspeech12/test/test_barishal_0013.wav,ানটিরিেমন কোনো দৃষ্টিকের লোকনে খঠে দাক্তারায় সামী তইকরেনা আমার মায়হারাকপেিালো় অরপাই আমানউল্ল
/kaggle/input/regspeech12/test/test_noakhali_0026.wav,ব় আমাদন জিগ্ঞে করবেন ত নাইবোনাইকোলেতো কগার গা়িতে
/kaggle/input/regspeech12/test/test_noakhali_0018.wav,নানা গ তাকা রুমারা দ্বিতীয়ধিকাকে দীবনিগে
/kaggle/input/regspeech12/test/test_narsingdi_0135.wav,তত আমাদে সবাই অনেক ভালোবাসেআমনির লগে চিনতাকত্তািভালোবাসা মানেকি সেসফিকলি ব্যাখ্যা দেয়া যে বাসায় আগে থেকেইৈকব শেইশ িদ্গেশ বিদ্যুৎ বাণি সার্ভিসের লাইন দো থাকেন খাজানাাালোবাসা বলে
/kaggle/input/regspeech12/test/test_narsingdi_0069.wav,ইংনডেম গুন্ডা মাহলের অবাবাই রযগার জীমনবালা স্কুলে দিয়াহিম কিুদাগিয়াাায়ক
/kaggle/input/regspeech12/test/test_habiganj_0026.wav,ফুলকেদল এলাগদাদলাক্তদা পুলতপুর সুন্দরদের লাই়া পুম্বিলে একটা নিজের পূজারা দ্বিতীয় বাল্লাকে সাজাইলে একটা মনডাও প্রপূরল তা হয়ে পল্টা দিয়ে সাজাইলে প্রার্থনা করতেও বাল্লাগে কুন্দর লাগে মনেএকটা প্রশ্রান্তি আয় এটুএকটু গভীরভাবে বাপত্তি হয়
/kaggle/input/regspeech12/test/test_sylhet_0518.wav,নিবাদিনতবাহতমকালকা দেকে দেখেনাকিভরতে অনপরীক্টা ২টা ুতকমাে সেবনকে পাঁস প়ালে মানটম মান্টা বাসতে
/kaggle/input/regspeech12/test/test_sylhet_0093.wav,তানটাবাএইটাআজ হলন ফুংরুহুলোত কুলএখান বাসাকারতাাঠে
/kaggle/input/regspeech12/test/test_chittagong_0083.wav,গোপুক পুবিল্লে তিলান্দেনরকে আদেতারৌত গিয়ে নাইুরামাইকেনাতবালা
/kaggle/input/regspeech12/test/test_sylhet_0626.wav,২ি০ফিডাল জির অর্তাৎ আমি ও আমি আমাখানে মাতাতাই তাখে জানিদানি ংিমা জয় পরে দেখেরি জিকাইছলাম  ২জে থাবিতাতিদের কাহিনি এখনবইাইাা
/kaggle/input/regspeech12/test/test_sandwip_0103.wav,টা়না লনসইবা
/kaggle/input/regspeech12/test/test_kishoreganj_0036.wav,এই মহলমা ভর্চবিনেই ঘরতদেমরের বাড়িবতামু
/kaggle/input/regspeech12/test/test_chittagong_0114.wav,িসিগিউ জিনি টিলব্ব্যরা এংকিললল নাইতোর ফরা ফেসবুকেের কমে কোনোচে কনব আরাকন বড়ভাবে দন না কিনলে সামস্যতবয
/kaggle/input/regspeech12/test/test_sylhet_0744.wav,তিহাসব্রনসিমরহিরা মনবরনিয়া নার্ধ নগরে
/kaggle/input/regspeech12/test/test_sylhet_0258.wav,বিিবার্সিকির চাাইলেতো ওসব পরিকশ্রম বৃদদি হইবত অকক্ষণ পর্যন্ত ততো পরিক্ষমদিষব লকুটাতাইারযেমন
/kaggle/input/regspeech12/test/test_habiganj_0104.wav,াটি সবারই একটা জাজিয়া আঞ্চলিক বাটিও বোাওলাভেজ পালাতাকো
/kaggle/input/regspeech12/test/test_tangail_0116.wav,থে তার কাছে লিয়ে দেখে ৫াঁচ ্লা টাকার পোরাক্যা তার কাছে নিয়ে গেছে োপরাই তিল দোকান ফ্যাকটেরির কিন্তু বিজনেটেচে টাকা বাায় নেয়াা় কিন্তু এত বড় বড় এইকেন দোকানে রাখসাম জাইরা তবে একটা লোকরা দেখলাম যে সিন্দুকের মধ্যে টাকা
/kaggle/input/regspeech12/test/test_sylhet_0757.wav,রলেখিতাএাা জবরা তুমের্রায বিভরলেফরেত হইয়া এগু আমরা পারতাম াাযেরা বির্বারিত তারে
/kaggle/input/regspeech12/test/test_chittagong_0026.wav,বেেবল হান কিউি ডােবিন তকমাইশুনে তারা বেজ্ঞনে কি খিরের আসরইতারা হনরহম এ চালাও আ্দেলের গুড়াদি মুঘলি লল বইৈটা হাবেরি
/kaggle/input/regspeech12/test/test_tangail_0093.wav,সাহায্য করতে পরে আস্তাআস্তে কথারতা হয় পরেবধ অধের মধ্যে বন্ধুত হয় রণবীর কাপুর আস্তাস্তে ছোকি নার প্রেমে পড়ে যায় কিন্তু শোকি না়রে ফেন হিসেবেই ভাবতে থাকে ছকি না ভালোবাসা এল ইমান মানে সালমান ঘানকে যে ের বা সায়ারটি মেহমান হিসেবে ছিল
/kaggle/input/regspeech12/test/test_comilla_0025.wav,এরপরের দুইতিন দিন পরেও ও খুব ভয় পাইসতে এবং এই দুইতিন দিন পড়তে পরেই ওমানি ভয়েত থেকে ওইদিন রাত্চাবলায় ওর জড় চলে আসছে আর পুরো এক সাপ্তাহ মানি একটা ট্রমার মধ্যে ছিল মনে সব কিছুতেই ভয়পাই তৈয়া করতো আর আমাদের বাসায় ওর বানধবী দেয়াকটা গিফট াআছে
/kaggle/input/regspeech12/test/test_narail_0047.wav,এইটুকামি কৃষ্ণেতে পাওয়া যায়না আরই সময় যদি দখল করত আমি তাই শনে দিতে ওই দেউরাদে বাগই যেহানে যাই ভাগির
/kaggle/input/regspeech12/test/test_comilla_0003.wav,ইনকামতরগুতেবারথে ইনটমদেইকিাতা ভায়রানাএইসেইমেই ইংটামু
/kaggle/input/regspeech12/test/test_narail_0101.wav,বিপুলভাব বিদ্বোষে থাকতে তুরিয়ে রামি কুল নাতে ডাকতার দের খাইছিলা আমার থায়ারোড দরা বর ছিল া র গুিডিতললাসুলামন আবার ডাক্তার ্রসিলিনডিডাকতার দেখাইছি আা া
/kaggle/input/regspeech12/test/test_sylhet_0665.wav,তার ববাইন আছে প্রবরলচুককাদিক্া আ বুরখনত গুড়াট মা দুঃকর দিনু ালুকর দিনবান্তর টুকার দিন গেছে জনত দুক্কর দেন বুককের পিকতে আছে
/kaggle/input/regspeech12/test/test_rangpur_0068.wav,িরত থাকেনা নাশুনদেত আরাাতিযের ইচতেমায় গোয়াও করেম াই
/kaggle/input/regspeech12/test/test_sylhet_0735.wav,ােেস্ার দলিশু পরি যায়তেত আপনার উপবাস্থা পুরাতরাদল
/kaggle/input/regspeech12/test/test_chittagong_0126.wav,ন বরিচুর যদি মানব নবাহায় েন্তরের মুকার্জনের পর একিয়াসে কিন্তু ে মানুষ কিচুকনপর্বরা চেচনা না মেরানো বেগই দে
/kaggle/input/regspeech12/test/test_sylhet_0216.wav,তুর দিকে প্রায় পাঁচছয় গ্রাম ওমাদে একটা মহিলা ছাপরিজীবিনায় ই জিনিসটা আমারা েেইটা কিভাবে এনঠাাকার মাঝে বড়ুইয়া জিখানগ্ন মহিলারা সাপি করে না খোবান
/kaggle/input/regspeech12/test/test_sylhet_0691.wav,িােওবর এলোাতা হয়াাইলাাা
/kaggle/input/regspeech12/test/test_tangail_0033.wav,েখযছি লইতাকায় যায় তার পাশে যে একটা আই সকের মার্ঠ ছিল পরিতাকায়দুনা থান্ডা বার পায় পরে তাজা নেকভরে ভালোবাসে আর রেটার একটা পূর্ণতা পায় পুরো অস্বধান কেছু বিরে যদি না দেখা হয় তালে আরটি বূধা দবনের জীবনে
/kaggle/input/regspeech12/test/test_sandwip_0045.wav,নরিহা কেন ওহরিডে ট্যান্ট তুলে দিবেলেসন্দরহরিজগরে দিলে ুনা নিহতদের দিলে দেযাদিবত আ
/kaggle/input/regspeech12/test/test_sylhet_0161.wav,বফেবা এনো খইলা স্পিট বোন সার্ফের উি্্বন্ধুত ক়ইতত এইখানা আপনারাাাক বানকিতা হতে য ধুম তাইনযে িটারিরাজা
/kaggle/input/regspeech12/test/test_rangpur_0097.wav,গাইগলিগোসজ ওন নরম হয় াইগুলত পু়েঘুরে বুসতে পারা শক্ত আা দাল দাওয়া লাগে বেলাকন আন
/kaggle/input/regspeech12/test/test_barishal_0047.wav,পলঅলো ামাই ডেকালাসে নেন ামাই ডেকালার গাঁত আ়ি বেশ্ি হা কামড় দিলে যদি ঘুলে কেউ খাঁইয়াভালা গোয়া তেড়তে থেখতে চান
/kaggle/input/regspeech12/test/test_sandwip_0122.wav,তাবাি ২তিন ম্যাপের বল মাইএাতাইনে প্রোতমালী লম্বারমাইাগেইািয়েরা হরাআই
/kaggle/input/regspeech12/test/test_kishoreganj_0079.wav,নান্দদকালোই আমাথিনি খিনাকু আশমাচে ািি
/kaggle/input/regspeech12/test/test_barishal_0101.wav,এগটিটা প্রেনাঘাট বেলদেতে এইকিরাবিদু দিনজিন াররুতবানা াইখামে
/kaggle/input/regspeech12/test/test_sylhet_0184.wav,া আমরা পু়ি নারসফাইনালি ওইগোথিসিসের কাজে াাকবই পেপার পেপার থেকানিস্টিকিয়া প্রতিবেদন
/kaggle/input/regspeech12/test/test_chittagong_0018.wav,াহবজি  ফারহাকাকি অবস্থা তুর পরে লাহতা হদানে এ ফরাহাগল বুন যাচ্ছে ব্যবি এতেমতাকাত পাতা লিংবা দেয়া বেড়িয়া ত়োলাহা হইত না
/kaggle/input/regspeech12/test/test_sylhet_0655.wav,পানিটারি আপনারা নিজেরা আপনার অত্রহূত এির মানে তাকি্তাইন পেতাহরনদেন তাহরিদ
/kaggle/input/regspeech12/test/test_kishoreganj_0084.wav,েগাজাযলা বাদ ডাে লাগাএ আমালাকরে়
/kaggle/input/regspeech12/test/test_narsingdi_0049.wav,মানিাইতারপরক দেখবা দোমারে যেরা ামায়াদুর সেনাবাবা মারার বাহাররাগিসপরর উত্র আতত বইয়ানোপাকারণে বর্বপান্তদাজাকারা আগু অনেক খারাপ দুনি
/kaggle/input/regspeech12/test/test_tangail_0105.wav,আর মনে হয় এটা একটা ই মুভিগুলা দেখতে দেখদেখলে ভালো লাগবে আশা করি ত এখানেই আমি রেকর্ডিং স্টব করছি
/kaggle/input/regspeech12/test/test_narail_0041.wav,াো াারপল্াবিটা কগুদোনিয়ন েশোক্তানহিরমতপরতে গুদুকেুুৎপপ্রতিরোধ
/kaggle/input/regspeech12/test/test_barishal_0049.wav,াবাই মারার র এহন মনে কারণ আমি চিন্তেকুর যে তরে নেই কাম্তাক করিয়া খাইউলি ভালো আছি কিন্তু কামই বে সমসসা ফালে ওই মাইয়েটা ওইছে ৭০ হ০ার টাকা কোছে মরবরিচাল হালা সিবন্দাাা উনডাহে নাই কত জামেলার মধ্যে মিফর ছিলেম
/kaggle/input/regspeech12/test/test_habiganj_0059.wav,মিতি বড় আমার চব্বাইবনিুু ক ইতাত আলতাকতা কিতা হইমুখ মারএত খাল আমার তুটোর তুটোডা খালি আমারে ডাহা বরদি হইে আর মার পরে দু ওডায় চাই তাতো আমারে ডাহেউনে তেত তুৈতি হইরে ডাহ দেহা যাইতাওই বড় মিআরিাুখ আমার বোইন্ডারে যদি একটা দে় আমার দসটা দেয ার ফুটমাইক্লাভাই আমার পরেটা আমার দুই নাম্বার বাইটা আবার কিছু করে না একটি বদ্রসবদ্রিহাতে
/kaggle/input/regspeech12/test/test_sylhet_0116.wav,মাকে্রনিম খাইতামলা একজন াইতেমরন া এমন্ত কস্তঘরতম তারা বাকলাএগরমে প্রদিত বাদিতশ্রিয়নতখাদতদহাইতেন স্তথর ব্ত জি আা পেয়ানান পি বুধই পে বােনত খানকরি
/kaggle/input/regspeech12/test/test_chittagong_0079.wav,ো ব্যাকগিন্ত আছনবড় বরে তারা অনাতলই পড়ে সন্দ্য হন্ডায় া জিজঞায়রাজাইতেনা তাইনবিতারর ব্যসাকা থেউ না পড়ে লেলাই আরাদের ঘুমাগ
/kaggle/input/regspeech12/test/test_tangail_0113.wav,মাল উঠাইছে দোকানে এখন এই সবগুলা পড়ে গেছে একদম নিশময়ে টা খুবই একটা  খারাপ ুজকিন্তুমারকিত ব্যবতা করে পলোজার দুইমাকিত ব্যব্যাকটলি যে পরাকটার প্রথমের দেখতে ুটেরি কোনো অথেন্ডিপিকেশন আে
/kaggle/input/regspeech12/test/test_noakhali_0019.wav,আরেকবা কারখান মিডারেনিংে এদারি টাকা দিকে তিলেয়ারগ্যা াময়া যনাে দবার বোইন্দুলোকা ভাগ করই টাকাবাইদিতেতোলদ্ধাকারবে কিি তারাচিততি পালা দি়েছারে দরবানা বাক্যরে অর্ধাগত কযে লাখে মার্কিন ব্যরারা
/kaggle/input/regspeech12/test/test_habiganj_0115.wav,মাবেগমারনাম
/kaggle/input/regspeech12/test/test_chittagong_0048.wav,হষষ্ট নৌববুজ্যু ওর বাইকুলে অননপতন িচরিত াকের নামা প্রতিবিয়গো বরি হালাআবে কোন পদে এ কেউর ভের বা়ের দালামালা়ন দা বয বুঝগেইগ
/kaggle/input/regspeech12/test/test_barishal_0065.wav,এমন আবার বিদদিন দিকে দিখাই নাাতে শীরসপূরণ মানুষও পরা
/kaggle/input/regspeech12/test/test_narail_0139.wav,ালকে যদি পাঠাই দিতে পারে তা কাকাই াটাইদেন িারু খরচদশেরনিখেদাঁত ওই তারমানে আর এই টালির কথা মাসুদ্দুলাবাহ বলেছিল ১৪ লাখ াকে
/kaggle/input/regspeech12/test/test_kishoreganj_0176.wav,তা ুনি দিয়ে াকন দিয়েছেন থেকেই পানি পুমিকা কয়ালগ পথিয়ে হল
/kaggle/input/regspeech12/test/test_sylhet_0041.wav,এাকন দাটে সবাই আমরা এখানা যা়পঙ্ধার পরে মন্দিরের সবাই যাইবেতিয়া তা মততিখা হইব আর মন্ত্রুত্রচ্ারণ করিয়া এইটা সবার হাতে েসবাই হাতে তাকে ছুেরতে ুতের পরে মা বিষ্পরাদ্দুর গাজীর প্রতিমা বিকরের দেন করার পরে পান্তি হাতে দেয়ার পরে সমা কর
/kaggle/input/regspeech12/test/test_kishoreganj_0101.wav,উদ্বিত্তা খাদ্য তৈরি বিদ্ধি পোয়াগায়ন অদীবের বিস্তারের জন্য পানির উপর নি্উদ্বিকতুনদার ােখ
/kaggle/input/regspeech12/test/test_chittagong_0044.wav,নরমাল পাঠিম্য বল্লবের সময মায় সম্পত্ত হ ৃু ব্েন্িলের এখন আতঙুরো করো ও না কনও প্রয়নাতার কোনো অন্ডিন আবিলে নিয়বেন হন না অই়য়া তে কোন ব্যত্তি আতমনবড় ভাগেরুর
/kaggle/input/regspeech12/test/test_barishal_0005.wav,তেহেন দিয়ে বোর কতাহিনদে টা আনতে টান তামাগোদরজা খাড়াইয়া নিতে আর পিডায়ার কান্দর বাবারে আমার েরং টানি নামার পার থাল দা় ব্েকাবই এই অলথমিডিয়ে মুডিয়ে কথ যছে বাস্তবের ঘটনায় কিন্তু ঐই়াদেহায় শিক্ষারথালুখুব কাজে দেয়
/kaggle/input/regspeech12/test/test_sylhet_0376.wav,তুমরারে আমি রাম্ধিয়া দেই তুমরা তুমরা চা় জার ফাল দযারদর বিষ্ণা আটাই লিার চার জার রুম দাঁড়জল পরিষ্কার করেতাইলে আমরা কাডের মাং লাগত না াকাজ কতুমরা মরা হ্যালপ করলে আগুঅনক বা় দেটা একটা মেয়া টা কোনো বাহা না
/kaggle/input/regspeech12/test/test_sylhet_0574.wav,ার তনিলাতে গেছু তহেদুনখলেনা নিখর্জি গর্বীরে নতিমানুরা োআমরা নগরতে ইনরানা
/kaggle/input/regspeech12/test/test_kishoreganj_0112.wav,্গা ঠেলে কাইকেলা খোলগোসে গাছে রেকা আা  ইয়া গাছকেলাকা এলাকা আবগাছের কালাকা পড়িং
/kaggle/input/regspeech12/test/test_tangail_0068.wav,এরকম একটা মে অর্নার অর্জের ফ্রিন্ট দা ছিল  ব বরুন ধন কোথায় পরে হাসপাতালে নেওয়ায় কিন্তু মানে সিউলি মানে কুকুমাই ফেলা যায়  পরে বরুন ধনধন জানিয়ে যে
/kaggle/input/regspeech12/test/test_kishoreganj_0071.wav,পিত্তি হাতে হাতেপআমাতাকেমাাতাদিত একো
/kaggle/input/regspeech12/test/test_tangail_0051.wav,মানি বন্ধুত হয়ে যায় এসময় পরে আড়া ভাগতে পাচতে দুজনে ম্যাকনি কর একটা দ্বীপের দ্বীপনাকি তীরের আসে ব়ে মানে লোকালয় আছে এই রকম জায়গায় আবার বনও আছে
/kaggle/input/regspeech12/test/test_habiganj_0039.wav,জুলডিয়ার পানি বিশবিদ্যালয়তো দেহারপরে দেহাযায় পানছাবাটো লাগে এরপর দিকে আজ সবাই কয়ের এতো ফানখত্তরকারী তাখাইতামজানা
/kaggle/input/regspeech12/test/test_sylhet_0092.wav,িতাা রে রে খইরা আদালত করে আবার সিরিতায় তন্টেকগন্তা হইরা হয় আবার উড়ানোধারধেই উডান্তদারদিয়া কযরদাবাদ ার আতলাটাটিকি দ কেন্দ্রীয় স্যাক্টবারে কিন্দ ওগা দেখন জিনস্টিশন নাই
/kaggle/input/regspeech12/test/test_sylhet_0524.wav,য়াত কবি বালাগেতে বাটে মেল আমরাতো থাকতে পারে েিআক্লিনোআইটি আবার বাসতে
/kaggle/input/regspeech12/test/test_tangail_0044.wav,যে পেটেল পাইপ প্যাকেং ও আর কি কনো এই ইন্ডিয়াসরা গাইতে চাইতেছিলেনা পরে নাকি যাওয়া হয় পরে রাতে জাহাজে একটা সাগরের মধ্যে ঝড় শুরুহয় আর পুডরা জাহাজের যাহাকি ফ্রা্সের সব পোরা ভাষায় নেয়া যায়গা
/kaggle/input/regspeech12/test/test_sylhet_0731.wav,য়েদিনের াইপা আলকেউজব
/kaggle/input/regspeech12/test/test_kishoreganj_0186.wav,জিনত সবুজ গিনত সবুজ নতটবুগউদভিদে পুষ্চি প্রিনয়জনে কতিপরিত মাঠ উডভিরে পুাথ
/kaggle/input/regspeech12/test/test_habiganj_0101.wav,কে করালে হাকে  আগতালঅ্যালতিলাদা তাইলেতাজোবার বালো এলাগায় আর সেগে আয় এটা লাগো রিমাইক্রোবাইোল জিটে বা ােনা মাইক্রোগলে জিটা বিক্রি করেন লাগে
/kaggle/input/regspeech12/test/test_sandwip_0074.wav,অ্পৃষ্টকেরে কি এরাবার মতা সাকরি করেে নুঘেরা হ কিচ আডল এসছে যোাযোগ এআা
/kaggle/input/regspeech12/test/test_chittagong_0168.wav,যদি জেলাবেল না হাতা বেগুনা তেলে ফন হইা তাা োর টেলার পন্দে জ্ভিত হয়েে
/kaggle/input/regspeech12/test/test_sylhet_0466.wav,গ্রাম মানুষদের ুটিফা এনানে হতকের তথয ভৌদিক করার লাগে ডাকরি সম্েলনেগনিগ্রে আমর বা়িত
/kaggle/input/regspeech12/test/test_sylhet_0583.wav,আরও খন একটা টোেিরতাকে হরা ুথাাকিবদেরযবোন
/kaggle/input/regspeech12/test/test_sylhet_0564.wav,াক্যালকুলাস নায়ুজের হায়ার মেত কিছু অঙ্ক আছিলামাাতে বিজনে আর মেতম নথেকে নেয়ার ব্য্তা
/kaggle/input/regspeech12/test/test_barishal_0083.wav,হনরদামনি ইনিংদে গরি নতি মূল্যাবা়ী যাইতা সমটাবাদবোরিদদেব্যাম াগে তারপর া খায়ে বাই দিতা হইতের কামনা এতপেরা ভাগ থাইরটা থটেলদে লইয়ে দিচ্ছে তিক
/kaggle/input/regspeech12/test/test_sylhet_0650.wav,ি মল ুকাইতি গনও বুগ্ধ রাখতে লমারামারিররা পরবে িকে মাাাকার হলা আেন াাকরে মারেন না এইগিারিকেলা নৌকা দেদেইতাগি াএমএম ফাররেেএেউনেমনে াক াড়ি
/kaggle/input/regspeech12/test/test_sylhet_0299.wav,কিন্তু তখন তাইনোল্লাগে একটা ঋণ দেওয়া আটলে একটা বড় ব্যাপারআছি তাই টারে ডিস্রইন ও রিংটা এখনও আসে তাইায়াাইয়া এই এ দিনতেলই লগিয়া বিযহার নিন
/kaggle/input/regspeech12/test/test_sylhet_0550.wav,ন্তহাকটেক ফেব্রুয়ার তুপরে াঅআননতবসন ফেব্র়ারে মরার তৈজিও আমি ত হইয়ার া বাদদিলাইকেসারিয়া আয়চ ও এটা কিতুতলসন্ধ্যা টাইমজাা
/kaggle/input/regspeech12/test/test_sandwip_0010.wav,তিতে টা বি দে১আইহেভেে
/kaggle/input/regspeech12/test/test_sylhet_0336.wav,পকলাউতমহােখটেটোেলামুমিলটা একটি ৫াশদে
/kaggle/input/regspeech12/test/test_narsingdi_0130.wav,দু র‍্যাবই  িলেমজিনেিটু আমাদার জন্মগত ইজন্মগতাোন
/kaggle/input/regspeech12/test/test_narsingdi_0017.wav,চ০লি প্লা০ বসে দাওয়ন টেস্টের মধ্যে বল করে ৫শ অব সাডে বর  র রামাদেরদেশ ফেব্রুয়ারগুলি হনি নাকি টেস্ট টেট সাইরা দিস টেস্ট খেলাটেস্ট খেলবো ন
/kaggle/input/regspeech12/test/test_narsingdi_0070.wav,মোবাইল ফোনিং পরতআংএবইনাংর জনা মোবাইলফোনলিদুনুৎমোবাইল ফোন ইউজকরানে লাগেছে টেতে দে
/kaggle/input/regspeech12/test/test_sylhet_0058.wav,রান্না করাপপরে পাত হাওয়ার মত নেয় লা নরম করত বাবা গাইলে পলাধিতার দফরে তাও বাডরতানে মারখাবাহিতা এতু দু্দল্ায়িত ভচ্থ খান্দিত পরে মায়ারে নি লাগিব তালে না পডরে অনক চিকিৎসা চলছে
/kaggle/input/regspeech12/test/test_sandwip_0088.wav,লােকাল হািতোমা নিগেনিটে
/kaggle/input/regspeech12/test/test_sylhet_0510.wav,িতাপস্তাবেনলাটেহাদিথিন জি ফারবদরারিতহনতো আমরা গুধু হ দেলরাকে রাধিকালএইবার দুলাখারশুধুই এখনওব ১া
/kaggle/input/regspeech12/test/test_sylhet_0522.wav,াাাল ফরানটা পটুপরীক্ষা হয়তররিকটা বারদারবাংলাদেশে মিছুকরে পেপর্সে রোমজার তাকি বারার ভুকতা চিনপিচে না তার িনিনা ওইহান নাই
/kaggle/input/regspeech12/test/test_narail_0011.wav,আমি বাবুরি চিকিৎসা তেওয়া কয়তলাপি দে় বাবুরা চিকিৎসকরে তাদেরকেতা বৌধিত ১শত তাকা পাইতের আমরাতু তানে ১০ শাতা টাকা বলধি ভাই ১০ াতা টাকাতাকফেকেই যেনা আমার মাক্রত বা়িক কাছে আমিা অনেক টাকা করনিতিকতারনতে কয়াদতে কয়দা আমেক কই
/kaggle/input/regspeech12/test/test_habiganj_0020.wav,পানকাইনা তখনে আমার আফ্রিবন পাইতাম নাতে়াতাইরখুনোবল বরনে এড়ারা পরাটারে পিি
/kaggle/input/regspeech12/test/test_sylhet_0362.wav,আইেিটি রাখা টা আমার মধ্যে যারকার নাম কোনোদিন এইউবরফাস্টেলেবেনঐতীও তারপরে বডয় থাকতিল আরো একলা ামযার পরীক্ষাও দিতে ২৪তম ঝিখিলাম তখনও লুইগা
/kaggle/input/regspeech12/test/test_sylhet_0220.wav,য়েন্টআউট বা পএখন আানেওটাওলগিয়া ২০ভোটার তালিকা ক্রিষ৪ বছর আগেও তাওহ তালিকাকে যখন আমার কাছে আইতে তখন আমি মনে মনে একটা বাবছি যে চিন্তাধারার একটা পরিমাণ াা  বেত্রিকপাট ফুলে লিল আমার বিযে ছেনতর করতেম বরতামনা আআমরাতোপবার্টিস্তাইতন তেবিলি
/kaggle/input/regspeech12/test/test_tangail_0127.wav,কিন্তু সেটা আর হই ানে এখন তোমার হয় দাবানো ল এখটে হতেছেনএই দাবানলেকে এই রকম হইতে পারে আমাদের সুন্দরবনে আগুন লেগে দেতে পারে হনা আমি তো দেখতি বড় বড় কানত্রিতে এ রকম হয় অতি্তু গরমের কারণে বিভিন্ন জায়গায়
/kaggle/input/regspeech12/test/test_kishoreganj_0126.wav,তেলগেস কয়লা তেলগ্াত কয়রে ইত্যাদি ব্যবগ দিববগ এই জিবসজলান হিসেবে ব্যবহ় দনে প্রধান পানী উৎরাছাােকেরে
/kaggle/input/regspeech12/test/test_sylhet_0154.wav,ৃরত্বখালার ভাই তা লাগে
/kaggle/input/regspeech12/test/test_chittagong_0078.wav,াগলো জুলো ফরিয়ে গনা ১১ জুলো ফরলে আয়াতাই সাই কিরতাবাবিকসিনতি নফায়াই তোরা গরম ড় বাইবোনাই
/kaggle/input/regspeech12/test/test_habiganj_0116.wav,বা টাকারদাইনিইদরদামটি তাব মানবজিনিস পত্র
/kaggle/input/regspeech12/test/test_sylhet_0604.wav,মেবে এএটে লাশছে হতাির যেমানে লাবনিমাডে মিলিমিরা বেড়া ছাড়াও হাদী দতিরালি ে অাা
/kaggle/input/regspeech12/test/test_sylhet_0396.wav,িনেমাু তাখ সবর ঞজি়ে ফেরেোরেফাএাকিল রহমানিয়ানিয়ারা রামি খুবকাপরিবাসে মি আনতিদেরকে ছিলাম বারিত
/kaggle/input/regspeech12/test/test_sylhet_0736.wav,ানিয়াুলাাাোছোটটবেলাত্তাআপনারারা পরশক্রিয়ার ট্োল দেখতে কযামযা িানা মমক্ তা
/kaggle/input/regspeech12/test/test_rangpur_0048.wav,ইবযলটি জানিয়েে গরিবাখুলে সবাইদেরেনা মুলতবানাথমই আগাতরা মেলা
/kaggle/input/regspeech12/test/test_sylhet_0629.wav,পিনালতে পিনারপিনারিইলড়্চাের দেখতাম ময়াল তপিক নিকোজাইবাারা তা পিএলের আা নাও হয়দিনাগে
/kaggle/input/regspeech12/test/test_habiganj_0004.wav,সারাফ জিগানীডাটক ঠিক নিই া না
/kaggle/input/regspeech12/test/test_sylhet_0374.wav,খুব ঘুথাই লেগে ম্যাডামের দিকি পেল্যান্ট আসলে আমার থার উপপরকয়াপারটিক বলতে ধর তাইম যে কোন সময় যে এতোবারে খাবার রেডি করিয়া টেবিলও লইয়া বাড়িয়া খায়ানি লাগপ সাট করা লাগ এটিই পর্যা
/kaggle/input/regspeech12/test/test_sylhet_0468.wav,এেনুতিাফেমানতা অতার গভিয়েই
/kaggle/input/regspeech12/test/test_sylhet_0620.wav,অনতম মেযাগর্দিন না় তানার বুদরানাই ন পানিটানিসত কে াার নরমালু আরলে পাওধিতাইক্লা খাইতার ফাওগুড়াাদেজর গুড় ালির হাটটি নকিনা সলমানে আযঙেনির দেহাশুনা একটি টাহিনটি উনিয়ন
/kaggle/input/regspeech12/test/test_chittagong_0022.wav,আটা হকদনা ক মোগলে বেললে হইদে পাকুরেকি রা়িে খারা ৫াঁকগর্দায়াল একটমে ইেনেহডি বোধ নেশানেচা অররে মোবাইলের একটি মলাআস হোবমে টাুনেন সিটা হচকি কিগুরগ থোকনা
/kaggle/input/regspeech12/test/test_sylhet_0284.wav,ও সময় বাড়ির কেি বুট দেওয়া লেগা ভোট দেওয়া চেকটি করে ভুটারণুর মাজায় আমার ভাটপুড়া মারি দেখতে েখিয়া
/kaggle/input/regspeech12/test/test_sylhet_0439.wav,ানল জালায় খানদারেপরে আল্লাল ঘইলে তো বালইগিলাম পরে একটু একটু ভ্যংপক প মে আলে একটু রিচায়রমামেলামে একটা পিনমাস কাাদুই বছরেই গেতান শিশ
/kaggle/input/regspeech12/test/test_sylhet_0427.wav,াত তআরকুম্বাই়ের ইন্জেক্ছগিততনান্ত জানিন কুর্বায়ু অজ্ঞান ও একটি নােপরে জমার বাহিমা মুস্তফা
/kaggle/input/regspeech12/test/test_chittagong_0040.wav,কান্ির একটি কিয়আরগুরভেপরীক্ষিকেন্দ্িতাত বিদিরিত্র আয়ুরভিতে ফেেছে মানা এটি সুমিনা আই টুফালিলোইল্লাগা নাুসনা মুখ হহতাবযগগেন
/kaggle/input/regspeech12/test/test_sylhet_0521.wav,এ আালকামিতগ়দল জুরে পরা় খালবা  না সারাংতমারা ফরাল হাত নাই হই কোনোমতে াসতাকলভিলায় তারিোগিতা়
/kaggle/input/regspeech12/test/test_narail_0117.wav,স্টুডেন্ট নয়াস্টুডেন ওরমত কথ স্টুডন্ে মানুষ করে থেরিলামতুমি মনে করা যদি
/kaggle/input/regspeech12/test/test_sylhet_0407.wav,পরিলপাকি নতুন বারশাটের পরিব আফ্রিকার সল্মতা লেগিনগুম
/kaggle/input/regspeech12/test/test_sylhet_0290.wav,চাওয়া পাওয়া থাকতো না সামাজিকে প্রত্যাসারলা থাকতো না তারামেরেতাইব আর আমরা তো ুলতাবাউনে যাইও তো তখন গিয়া এঙ্গেজমেন্ট উঠব তারা বাড়ি থেকে মানষ দেরতে আইয়ানা দেখল
/kaggle/input/regspeech12/test/test_tangail_0124.wav,দিতে ছে কিন্তু তাদের লস এত পরিমাণে বেশি হইতে যে তাদেরর ওই টাকাই হচ্ছে না এখন ওইদিন দেখলি না নিউজপিডে তো ব্যকতি য সাকিব সাকিবাল হাসান নাকি দিলেও ২িশ হাজার জাস্ক ইফতারি করার জন্য ওর ফাউন্ডেশন পিছন দিয়ে আরো অনেক টাকা দিখে কিন্তু ইফসামনে দিয়ে হচে ইফতারির জন্য বিখ্াল যতা গাছে এ জন্য এরে ডায়লেইট
/kaggle/input/regspeech12/test/test_barishal_0074.wav,়বৌলার বরবদনাম কয় নারা খেতে বেলাইলে
/kaggle/input/regspeech12/test/test_sandwip_0095.wav,িপরিতবযাক আনেরাকেরনা আহবাংআলিতি হৈদলিপবাহ ারকালানে বিকেই
/kaggle/input/regspeech12/test/test_sylhet_0580.wav,পিও জানে তি আমার দাঅরিচ্ছাাসপ্তাকে বেঁছে বরিং লাগে উপারধনশিল্পী আানিয়াদের গা আনতে সময় গাওয়া
/kaggle/input/regspeech12/test/test_kishoreganj_0128.wav,তোা লৈরকন দয়া বলা লেহাদিতকাঁদলাতইমুধ পুন্ির কাদলে লাল কি
/kaggle/input/regspeech12/test/test_habiganj_0019.wav,মেরুনটে কেন বলির আখাদুলেরা ববুনা েইলহার থিগে এসাদে সম্পর্কর চর সম্ভবত ২০১০বেয়াহইছে ২০২১২ বছরের রিলেশনো
/kaggle/input/regspeech12/test/test_sandwip_0117.wav,অরেবহমমানে মাস্টারমাট কল্দভূমি া বেশি ঘেচুতালেই অলারাএটাইি
/kaggle/input/regspeech12/test/test_sylhet_0233.wav,পুডরাওটাকতে গেনআর ওতা করতে হরতে দিতিচন্নইতলিতে রেদালবা়িকতপন তোবাইয়েনতেন প্রিয়াতি়রা
/kaggle/input/regspeech12/test/test_habiganj_0001.wav,কদিন ফরে বললে উলই এইপনে নাতিনানাতিন্দুরামিেিয়
/kaggle/input/regspeech12/test/test_comilla_0023.wav,এই মেয়েটার এই ঘটনাটা আসলে রুহীও অনেক শক খাইছে ওদন বাসা় কান্না কর্তকরতা আসছে আমি তো অনেক ভয় েয় েছি রকোথায় বাতার েছে সবভাবতি আমি যেওর হাত পা দেখতেছি কিউইছে তোমার কউইসে বলতেছি পরও বলেছে আমার কিছু হয়না তুমি নূসাইবাকে বাচা
/kaggle/input/regspeech12/test/test_sylhet_0269.wav,পলামাতিয়া উননতি তাইালা প্রথম ভর্টলকেচিলেকট পোরসিং উনতে তাই আছে িয়াাওমি বুসটেল উঠলাম
/kaggle/input/regspeech12/test/test_rangpur_0071.wav,চমর কথা আিাহরৈনেলাগিগে হৈমাটা নিরা
/kaggle/input/regspeech12/test/test_sylhet_0618.wav,তত আংকে বড় নমানে দেখতে জানানকেলে লাখা নাটাইন না তাইনি লেখাননিমারাস্ৎওয়াইফাবারো ক্যান্সারন একদিন ধরি
/kaggle/input/regspeech12/test/test_sylhet_0023.wav,তারঅষ্টমে স্ মিলে মেয়েনবড়অর্থনীতিতিরদিন আমরা ইয়করানাকে থাকব তাকেে এটি বেশি সময়নলে ১০টায় ১১
/kaggle/input/regspeech12/test/test_tangail_0013.wav,েরি দখন পুড়া ভেঙা পড়ে আর ফেডির সাথে আরো কিছু মানুষের পরিচয় হয়েছে যারা ছুলে ওই যারা অ্যালবাম মরিলিস্ট দেয় ওই কোম পানি গুলাকার কি যারা আসুলে ফ্ে়টির এই জনপ্রিয়তাররাছলে তারা পছন্দ করেনি তারাচাই ছিল ফেড জানি
/kaggle/input/regspeech12/test/test_narsingdi_0114.wav,কিমাক্সুনোইয়া ওপেনি কিউতি চৎপ্রফেশনালড্যমনস্র থলেসিরার একজাম খ্লেয়ারেতাইনসাল্লাহদের ডযামনতদেরকেমনে মাইট দেব িমের নামে কিত্তু দবি করা তিপদামেরা
/kaggle/input/regspeech12/test/test_rangpur_0115.wav,মঘিযা শ্যাস মদিগুর ভালই আছে স়াগেরঘারের সো়াগের বোষাতে দে খাতির মনেকার কালাই ডেলাই দেয় শাকশক্দি দেয় মৃি আকবার গিনুর মাদতে গেতল তাতাই এ রকম অনেক উপকার
/kaggle/input/regspeech12/test/test_kishoreganj_0038.wav,আা গেলাা়াউদিদনাাআপেকটিমা কি
/kaggle/input/regspeech12/test/test_sylhet_0181.wav,তারাক দুইবনের সাথেও মাপোতারা রাস্তা প্েশরা
/kaggle/input/regspeech12/test/test_barishal_0023.wav,জীবানেও ভুমকরিশি এরপানারাইবথ নামের কোন কথা নয় দ নামকি একবেলা ও চুপ মিচ গেছে
/kaggle/input/regspeech12/test/test_rangpur_0069.wav,কালকে মারফান রিমা লাউদখোনাতাতির মালাএরাই ফিদ্দুস্তিনমা আয়কালকে নিয়েলেন না
/kaggle/input/regspeech12/test/test_sylhet_0602.wav,ে মিউআমি তখন জনগ্ররণ বেমরিয়ে তৌরো মানে কিতাওকইইটে আমিতো নান েনা মিপক্তাগুলিদেয়ার ম্রামিডেগাতকেমরে মন আবরিমের েটিটারা র কে দেয  কুহিনুর ম্যাডাম এরা উদ্যের সময় চিনচুন াত্র
/kaggle/input/regspeech12/test/test_sylhet_0247.wav,মি পিতা খাইরা পই থাকরাম কিভাবে থাকলাম ওঠা চেইতু আমার মাজে বেশি কাজ করতে জামরে সেই কারণে বিয়া বাঙ্গাইয়া মিয়া ল দিয়া মিকুদি বালাবেতর করি নাা বাইরাারা মিয়ানমার হোতেন তারা মুখেরপ্রেম আগবার
/kaggle/input/regspeech12/test/test_narail_0182.wav,ঠা নাঅনেককইয়ে কিলাগথ করে
/kaggle/input/regspeech12/test/test_tangail_0006.wav,িন্তু ঘুরে যাওয়ার পরেও আবার আইশা যারাও জরা ব্যান্ডের যারা ইয়া থাকে আরা বৈশব আসতে অকসামনে একটা গানের দুটে লাইন শুনে যায় ররাতপুডরা অবাক হয়ে যায় পরা ভাবতেও পারে নাই তি এ রকম একটা ভয়িজ পড়া পাব
/kaggle/input/regspeech12/test/test_sylhet_0520.wav,তারিনেফর মাহদেদ ফেরতন করিয়া টাকিব্দে জুড়ে গারে আমি রচন  হয়টাকরা ইতি এর মাপকে লাইতে মাদকাশক্তি রক্তা সেফরিতা জীবনী ঐইকনেরামিদেস্তিয়ারকে বউডো আইরেজ
/kaggle/input/regspeech12/test/test_tangail_0053.wav,এতে মনে কিন্তু ইফান খান ভাবছিল যে একবার হয়তো অরকাচাইশা বার চলে যাব মানে আমরা অনেক সময় কুকুরবিড়ালে যে রকম আদর করি ওই রকম একটা আদট দিতে চাই
/kaggle/input/regspeech12/test/test_sylhet_0137.wav,রতে েপাককা সময় মা পেইলাম কিতা খাম খরাতা স্ত্যান করিলেন ফলইনটু বাইলে নআমরা দুঃখু রেখাই ইনিসথিত এমিাইা
/kaggle/input/regspeech12/test/test_narail_0151.wav,তুি ফোন দিসিলে ফোন দিল্লিতাই ব্যস্ত তাবলাম দা এসকেঢুবন্ি কথাকই মা আট্টক ঢুনতে ফেলো তোমার কথা ফোনটন দেছেলোনেকি
/kaggle/input/regspeech12/test/test_tangail_0073.wav,াির মানে একদিন যায়তো আরেকদিন যায় না অর্যে বন্দুর  রয়স্থ ওরে সাহায্য করে ধারযায়না করে চলতেদের কিন্তু অর্জেফ্া মিলিয়াছে বুরুন ধরনের ফ্যামেলিও ফ্যামিগি ত আরডা মানে মাইনে টলা় করতছে পয়য়র ফ্যামিলি
/kaggle/input/regspeech12/test/test_kishoreganj_0081.wav,এযনেবিয়ানাবু খেলুলিংখেদুলেন টাাইমনে
/kaggle/input/regspeech12/test/test_sylhet_0197.wav,আগিল বা মরাা অঙক পরেন চাই  রিজব  আবা় পরিতা বলতে আমারের পরাকুরি আব্যা করা আবা করা ম৪ধম পরজ তান্ডেতাইনাের কুটদন্দ্েতে এর পরে তাইনদেও সুতদন্ া াই আরকবারে করেতা
/kaggle/input/regspeech12/test/test_sylhet_0561.wav,ে পা একবারে তো ্দপ্তা পর্যন্ত এটানইনকোরকোর িইটো ামাধেকেতেইচা ফরফেলা পরি ডিপার্মেন্টের হেড দে ওতা রেফাইলেসাররু মোফরণ ালীন আসম শকে
/kaggle/input/regspeech12/test/test_kishoreganj_0151.wav,় বাংাঙংবাঙিধ
/kaggle/input/regspeech12/test/test_sylhet_0129.wav,তে রোংতাঁদ বয়াতেক্ষ মুসত ব্যাংকে তনাতহরেল ভিঙ্জেো
/kaggle/input/regspeech12/test/test_sylhet_0711.wav,তআলাপপরালেহা হটেরাস্তানেআর পরবক্ষ হিসতেবিয়া ফরদা আড্ডা আফের
/kaggle/input/regspeech12/test/test_sylhet_0365.wav,মল
/kaggle/input/regspeech12/test/test_comilla_0030.wav,কিন্তু তাআটা হয়েছে যে হটাইসে কথা কারণ ওদের স্কুলেরযে   স্কুলের দোলনাটার পিছনে যে বিল্ডিংটা এই বিল্ডিংগেলসে থাকলেও যে ইউনিম্োডামের যে গাটগুলা থাকে বর্ডার গার্ডের যে সদস্যরা ওড়া থাকে ত ওদের জন্য নাকি লাইন দেওয়া হইছে ই স্কুল থেকে
/kaggle/input/regspeech12/test/test_rangpur_0100.wav,দাম বেশিনদাম বেশি ধরণের এই সমস্যারা এত শক্তিনীরে দাম নযাবেশি তামের কারণেই ধারমলাটা ভেশি এর কি সবাই
/kaggle/input/regspeech12/test/test_sylhet_0631.wav,পুকন্ত থালীকা ইতিদিনা সাকিউরে ফরাইা পর্তনা  আমরআল্টেনািাসটফাাব
/kaggle/input/regspeech12/test/test_sylhet_0186.wav,দ অক
/kaggle/input/regspeech12/test/test_narail_0073.wav,রকুন কাকার  মূলতগধ গেউঠ ওগে ধুয়ে ওরা পাশে থাকত মা ামায়ারা খোবে মায়ারা একক খরিত ওই ওই ওই জায়গা থাইেমায়াটত ভালোট খাতাচ তেল
/kaggle/input/regspeech12/test/test_chittagong_0103.wav,দাাাইআ অফিসদমজাই গিয়ে তলে
/kaggle/input/regspeech12/test/test_kishoreganj_0170.wav,টবিতা তা খুগ লাল ডর্ম াবিটার ডা ফু বলালডর্ম ডেবটার ডর লাতর্মুদায় বিতক ুবিজিতিত্নাশক এবং রাসায়নিক শাজী ব্যবহারে কমিয়ে
/kaggle/input/regspeech12/test/test_rangpur_0125.wav,ই়া মোটামুটি ভালো ততুতু মনে টাকাধি বিজটায় ত্তেরিদ্ধনে করা আি ২শ না করে
/kaggle/input/regspeech12/test/test_rangpur_0096.wav,হানিমাদির বারি াকুজ দিনদর ারাডিমালমা ারি ঠাইে আর গস্য ঘাদযে বাড়িতে কত
/kaggle/input/regspeech12/test/test_barishal_0006.wav,হ্যার ভাইপোলাতিন মাইয়া সবাই বড় বর ল্যান শিক্ষিতরা় এগি়েে সি পরে
/kaggle/input/regspeech12/test/test_rangpur_0119.wav,গনিগালাআনিকালাই়ালনি াকেগেলেনে থাকে গেলে দিকি যাইবে াই
/kaggle/input/regspeech12/test/test_barishal_0024.wav,খতাপ্বাসনা রকতকইলেই মর বাহঙগি পতাবাসনা হলে ১নেরামেটা ততাপএ াএইডা খতাব বাসনায়এইডা এইডার্ট তারও পরিবর্তন নেয়ার প্রয়োজন আছে
/kaggle/input/regspeech12/test/test_kishoreganj_0143.wav,বাহাঙ্গী বাহাঙ্গীর সবুজজঙ্গির বাহাঙ্গীর সবু জঙ্গোকলেলুদবা কুনালি অঙে যপাকেলদাটুনি অঙেতমত কিটনা সব ততলি া়ি আবদ
/kaggle/input/regspeech12/test/test_tangail_0065.wav,খন নিউ ইয়র্ক মানে কনসলটেছতে ছবিতে দেখাগি একটা নিউ ইয়র্কের সময় এছে মানে হোটেল জুরা পার্টি িস্টাবদের আলাদা পার্টির জায়গায আবার যারা কর্পোরেট অদের একটা আলাদা পার্টির জায়গা আছে মনে ধারা স্তা পরাতক
/kaggle/input/regspeech12/test/test_habiganj_0109.wav,তেমন চ্যাপবিজ্ঞান কিনান চাদ্যখনিত ইংলিশ বাংলাপর বিজ্ঞান এই ইনকোয়্েকনডেসা বজেটলে আর বাকি কিছ জাপে রাতল উইগলি বাতিতে  আবা
/kaggle/input/regspeech12/test/test_barishal_0009.wav,পারেটু স্টডি স্তটি ভিন্দা পরিচ্ষা দিলে বোল প্যাট চিসতে থাকে না আসে কি করবে উনিয়নার বাবা রই তেনবে না রময়
/kaggle/input/regspeech12/test/test_narail_0133.wav,মিনরেরি বইথোমার ইন্িয়া একটা এনডিয়া টা বাড়ি করেদে ১ দিবা
/kaggle/input/regspeech12/test/test_sylhet_0494.wav,রসতা বরা তাললারে করিং নামাবক্তরনাা রিয আগছে আইিাঅর্জনাি ১টা বিরানে লুগেইরামানাইতাহাইতাাইতা াতাইনা অনেক ব্যবস্থা নল জূর করে দেউন্লাকান সুস্থ নন তলেন জোর করি একটু তুলচনা এন টা নাবীরনিতে ুতম্বর্জন মাইক্োটাল
/kaggle/input/regspeech12/test/test_comilla_0009.wav,২ুচে চাচছিল রুহি উঠতে কিন্তু নুসাইবা বলতেছে না আমি উঠি তুই যা তথ্যব নাচার ইয়ার চাল ত এক পর্যায়ের রুই ভাবলো জে হ্যায় আমারতো নাচা র িয়ার সেল যেতে হবে আমি চলে যাই তুই দুল না খাঁ দোলখাজুল নায় তো রুহি ওকে ছেড়ে দিয়ে
/kaggle/input/regspeech12/test/test_sylhet_0350.wav,তফন কেলাম ঢাকা়টা মজেন্টেক্রি লকরামামা গিয়াপাইতি মন্ত্রী সতিব জিজি তারা আসি পিক্ষা মন্ত্রালয়ে নাম
/kaggle/input/regspeech12/test/test_sylhet_0513.wav,একগুলখন ওপারেতন ওপর জানতাপ়েয়া মিয়েমা পু়া চি পসিসুমুজি
/kaggle/input/regspeech12/test/test_barishal_0004.wav,দিয়া গেতে হেনের মেয়র গাতে নানান প্রশ্ন হে মনে করেন এক লোক তালাইলেও হইয়ে দেখলাম পাতপায়োজনে অনেক প্রশ্ন পরা শেষে মাথ পায়েছু কা সলো আমার ভুল ইছে আমি মাপতাই আমি এরম কামার কোনিাংুই
/kaggle/input/regspeech12/test/test_tangail_0112.wav,কারমার মোনে হয় ওই বিল্লিং করার জন্যই কেউ চক্রান্ত করে আগোন লাগাআমাদের দেশকে ব্যবসা হয় তযাএই দুইটা ইদ দুইটা ঈদের হচ্ছে দেখে বতারা অনেকে আছে যে লিন টিন করে
/kaggle/input/regspeech12/test/test_kishoreganj_0172.wav,মুঘের বিপললুেপলালগেরবিককামগোলতোমাদের বিটটটা ব্যবকয়রম্
/kaggle/input/regspeech12/test/test_sylhet_0314.wav,একদম প্রাইমারি ডিগলার লাগব এিপিল ওগুলা আনিিন আরগাবাবিরা সকালবেলা উটিয়া মিনদিনপি বাটিয়া লেখভা দিয়া বিাইতি নতন ও ডিজান ডিজাইন নরায়াওপার্লারোর মানুষ আনি দিচছেন বাসাদ
/kaggle/input/regspeech12/test/test_sylhet_0422.wav,তারাকজিওবা জানেন তামারে অর্পত করতরা লেগে টু় মনোমান ঢালকাাা
/kaggle/input/regspeech12/test/test_sylhet_0382.wav,তুমি ু পরতায় তাওতুত আমরা ঋন তেকি সহরোগ্য়া করা তোর পোহল না রাস্তাঘাট বালা না যোগাযোগব্যবস্তা বালা নাই  একলাতাইটাবার্তায় না রাস্তারমাধে টনে ওআসরমকটা মেয়েরাবাগ ড়া মূলতা চামপাে ালাপড়লে মুশ্পিলতাকিয়াকরবা় যাতে জাপায়ার ব্যবস্থা িছুেওর মস্যা হয় না
/kaggle/input/regspeech12/test/test_kishoreganj_0040.wav,যানামগুলা সারগুয়াএলিবা জাকিবে আমি তুল আকোকালো
/kaggle/input/regspeech12/test/test_rangpur_0018.wav,কার্দিক বরগগিয়াতেনাকাডের ুবিগনে মম মেম্বার বিয়া বয়সবাতা বা ব্িতীয় ভাতা এটা ফুরি দিলে একউল করবেন
/kaggle/input/regspeech12/test/test_barishal_0058.wav,া হেরুম যদি ডাটামি করতাম ত খরাৎ করিরে ওমর বাধ্যরত না েনা সেন্টার দির দি
/kaggle/input/regspeech12/test/test_narail_0183.wav,
/kaggle/input/regspeech12/test/test_sylhet_0403.wav,দেবক্তআইপুল ব্যবসা়ী ুজজাগাকিন্তু বিশেষ পনেমার হাসমেন্ট ফুকবাল আলিলা হেও তাহলে জীবনেইলাখুর আত্মনাট
/kaggle/input/regspeech12/test/test_kishoreganj_0026.wav,তা বুলচুল করে হুবার নাহিহবেলা খুববই একে হামনায় কমবিডাদি এসব কাজ করে নামকি কস তত বরিতত অনেক কম বরা দা ত
/kaggle/input/regspeech12/test/test_kishoreganj_0005.wav,এনা আগাধবিধেতা নিজে্থই তিলেন বাইরেরলোক াতেমএমা
/kaggle/input/regspeech12/test/test_sylhet_0689.wav,তোবার্চাফারচালইয়ার খুকে খোবখার করতি থাফেনগরি করপোরেপুয়ালতে লেখােনিগানাপির বুয়াগলাওকুয়ানরাফে বালা গানন পারে নটামউতত্তরেবুদিলমপুরুরা বিয়াললম আপিনসরে হাইলাম
/kaggle/input/regspeech12/test/test_comilla_0018.wav,এখানে কয়েকটা বিষয়  আসলে কি কারন্টের শক লাগল কিনা কিন্তু ওদের স্কুলে কিন্তু ডেশ শিফটে সকালে মরনেং শিফটে ক্লাসে ওরয়ছে ডেশিফটে চায় মনিং শিত্টে সবাই ধুলনাতে উঠল কারো শট লাগল না এরপরে ও নূসাইবা বসার াগমুহূর্তও কিন্তু ধুলাতা
/kaggle/input/regspeech12/test/test_barishal_0088.wav,দৈনিক তৈরিতু আবার উপরে তোকরা হাাদিরগরাধাংনামুকরে পিদে বএলাকায় তোন কাম পরে ডালাইলে তরুরগেনা
/kaggle/input/regspeech12/test/test_tangail_0045.wav,পাযই একটা ভোট পায় মানির পানখানে একটা ভোট পায় ওই ভোটে করে কোনো রকম আর কেউই রাট টুক বাতে পরে সকালেই ঠেথে যে এ সাথে এই ই বাঘটা যা়াতে রিতাট পার্কার ও সাতার কাটতেআছে র
/kaggle/input/regspeech12/test/test_tangail_0032.wav,ধন সারা যাইতে নাই প্লেনে তহন বিমানের ফ্লাইটে সাডরা ওই পাচ ডলারের ই নোটটা দেখোে ে দেয় নামই নোটটা আবারও ার কাছে ফিরে আসে পরে সে বিমান থেয়া তাড়াতাড়ি নাইমা ওই নিউার্স নিউার ইবেজ
/kaggle/input/regspeech12/test/test_sylhet_0742.wav,উমরামাদলেকুকাইয়াা
/kaggle/input/regspeech12/test/test_chittagong_0112.wav,াাশুন কবিটোবি জাহাজে ব্যাজ্ঞানিকেএন আপরিতবে হতা হয় আপতমলা় বিটএিনেয়াতা সংসদসিটযাঙগ চিডাংত গরম ফেললে
/kaggle/input/regspeech12/test/test_narsingdi_0040.wav,দিনের সাইতালবার্গতলিকনালাগাইিনবার লডেডিও লেখা্মাকবা কার অ্যান্টালাইিপোমু
/kaggle/input/regspeech12/test/test_kishoreganj_0024.wav,বিন্লুকাশদিকিতে নি এন্দামইডেহইদে রাদে তারতে ঈদানেগবআরেক বেডলা সম্পদ নানেমন পাইযেটিাকতজাছে
/kaggle/input/regspeech12/test/test_comilla_0001.wav,আমরা  সর্ণগদ বুচুর দামে জেখা
/kaggle/input/regspeech12/test/test_sylhet_0039.wav,পুকুরে িকিতু অনেরকায়গাত পুকুর নায় তারা কুধে বিশ্বজন র চাকুরে তারাকে দক্ষিচুমান য দিয়াছে না নদীে টিয়া ি া বিসর্জন করার পরই আমরা
/kaggle/input/regspeech12/test/test_habiganj_0088.wav,খয়বার গুড়াইত নৌকাভ্রহন অনেকবার গ্রারি এবনেতেগনড জায়গাতে আর ক জায়গা
/kaggle/input/regspeech12/test/test_habiganj_0056.wav,মাহালি পৈরি রান তৈররান হন দেহাতায় যদি মুরুগুরো গানে একদিন মূর গান দিলম আমি মার দি মার আন্ডাইতির মা হাতে থেকে আমি লারাওড়া দিপি নবলে তরখারি অত্তমুজা হইতে ন চবাইহারে কয় তমার তিকে তর্মদারিতে ন তৈরি রানবে নমরুগুরো গানলে আমি এমন যন্ত্রণাত করি খালি আমার দিয়ে ওই রাম্দায় হন্ত আমি এমন বিপদ্য করতি আমি কই অহন একদিন আমার এমন বাদ্ে হইলা রান্নাল লাগব যাতে র দিয়া এলভোরা আমিংতিতা ঘ
/kaggle/input/regspeech12/test/test_sylhet_0652.wav,ওগাঁওটাকেৌগাঁ কাইতে ফানযাবিদেখা গেবে াাখারে দেখা যেছেতাই কাপাকি পিয় করিয়া ে
/kaggle/input/regspeech12/test/test_sylhet_0112.wav,এরগানারবাড়িকে খেখে আছেন মাালাযাওঅকরেনিতা তারা আয়না বিষ্নানতে নবলিন্াতারা খিতাতাা তারা কলে ালো বিু ডিলপ আসে সিয়ান
/kaggle/input/regspeech12/test/test_habiganj_0035.wav,মনে মনে হইতা আমি কুতির আনতহা উন্নিন্দি আমির আন্তলা এরপর এইটা হরতালতে দেখতে দেখতে একবরে আমি ন আমি গুধে গায়তে আমি নারাইন দুই দেফা দায় মা রদে তদে তারা আন্দে আমি তারা আনএররে মারে আমি একজন হইখমা আমিরান মইক সময়মন আমি
/kaggle/input/regspeech12/test/test_narail_0085.wav,দুরবার গেলাম তাবাজ দাবদাওয়াজ নিরুবারিচার করণকালে যেথাম্ব তর ঠিকনিক
/kaggle/input/regspeech12/test/test_sylhet_0682.wav,সরাগে বন্ধ নায়কুঠেনে স্কুলবন্ধ থাকতা তারা হবায় গান্গে মাতেগামে জানেতাোে পচ
/kaggle/input/regspeech12/test/test_sandwip_0057.wav,রান্ডাকারকরে ছাড়ি দেওয়ায় নসাকলগনরি
/kaggle/input/regspeech12/test/test_narsingdi_0074.wav,সালামুদ্দিন িতুই আমার গতবার বিষ্কা় সালাম বিশ্াসমাত্রা২০াদি আ২বে৬০টাকািিরবে
/kaggle/input/regspeech12/test/test_comilla_0021.wav,এইটার জন্য হইতে পারে যে কারেন্টের কিন্তু অন্য কাউণো বাচ্চারাকদ কানটা শক করে নেয় বা ওর শরীর থেকে রুহী সবার প্রথমে ফাঁ্স্টির ভুগি দেখছে রুওর মাথায় যেে স্পর্শ করছে রুহি রোকা়ন্ট্রে ধরে নাই এইসেগতা এহনে রুইরেল লাগেনা এডা দ একটা লাখলাখ সুকরিয়া আলার কাছে কিন্তু
/kaggle/input/regspeech12/test/test_chittagong_0148.wav,রি অন্যায় পনসেন সিকিল কেবিতো কালামতা রানা বযগবনে কেল আছে
/kaggle/input/regspeech12/test/test_chittagong_0006.wav,৮টাতেহর ২৮া ৮টা মিছেইললে ডেিতেহান১১আইযাইযের আরান দেখিলি আই এখানু ব্যবলয় টি প্রিয়াঙ্কা ভলো হই যা হতুনিএাের
/kaggle/input/regspeech12/test/test_sylhet_0337.wav,িতারিয ়াতুন পরালে িজার করাত গেলেযে ফরস লাগব ারবরামাই নয়া চাকরী অত কিছু বেয়ার করিয়া তাইনেমা কীদারের ফরচ দি বা াসিদারনা নৌরবালে ওইল গনটাআমার িজার নিজে নামেওলা অবস্থা় করীক্ষাদিন
/kaggle/input/regspeech12/test/test_sylhet_0419.wav,তুমি আরকুচতগালায ়ে তুরহার কুস্তকা করিয়া দি আমি উলকম আমার কতা বড়তে কিন্ত কানুজানাাা রতখনদে মুে বেমানাম
/kaggle/input/regspeech12/test/test_sylhet_0640.wav,পেগান্তনতকবুগ্ধি রকরাোইলও
/kaggle/input/regspeech12/test/test_chittagong_0167.wav,দোলনেরিপর্ধা লালতারলা ক্রিকেটি দেরি আাতেম ুরতুরলে কেব বয়সের াআগেনদুদে
/kaggle/input/regspeech12/test/test_narsingdi_0080.wav,োরে তারপর আমি খাল তার সিনা দবীপে শ্বা রতহোতান মারির বোর নষ্ট করেছে বাবার ওয়বান না ভ্যান মতত্যাগ ইনাজি না া আমার ডাদুদ্ব হ্যায়ই নষ্ট করছে রাহা নামে রেখ ান
/kaggle/input/regspeech12/test/test_sylhet_0698.wav,ূব্বে এ্যাংফযাসরেআপনা ফয়সালে ফটবন লিনওআর পুরি ়ুি
/kaggle/input/regspeech12/test/test_sylhet_0685.wav,থএবাবে তো১
/kaggle/input/regspeech12/test/test_sylhet_0633.wav,লাতেে পাবার হাতত ফুয়েন্টারার প্রযুক্তি এনাগিমেভি কিন্তু পততটুকু ফলপরি দাবদ্ধ াা ালইব া নয়টারনে
/kaggle/input/regspeech12/test/test_sylhet_0119.wav,গীটে আগদুল আহরতর ইটি াদতমুরেইক্রোবর্তী হয়তাম পরথানা সরাল থারাখুনে থারে ইডামাে হয়েপে বে বা বললা
/kaggle/input/regspeech12/test/test_sylhet_0628.wav,েে ঠন ধরে ফ্রার ফলেইলারে ে আরেকটাকাজীনত তা নিে আমরা কমার ্মনাথতাই রবি আবগু প্রায়
/kaggle/input/regspeech12/test/test_sylhet_0144.wav,বাকি ছেলেম যপনে ও নেরফরের
/kaggle/input/regspeech12/test/test_sylhet_0646.wav,াধুনানেতাবাজিনেক পারেইবয়কে উতকাম হত্যাকাণহয়
/kaggle/input/regspeech12/test/test_sylhet_0647.wav,ুরাই সকুলোগাও পরাতভ করি সেই হরি খজা লেনা নার ফুডবর বিডার হলগি  রান কৌলাও যেতাকান জান
/kaggle/input/regspeech12/test/test_sylhet_0324.wav,পাািুারে হ্যালপ  আমি যতৌপরি ধুমে তোমারে রইয়া প্রমুখ ব্রুকওয়ারতল শুরু করি তোসল শুরু করি কইয়া আছে তা ইনকিতালতা আইয়া কায়ি
/kaggle/input/regspeech12/test/test_sylhet_0517.wav,াদাদুাআলকাদেেফালাসোমবারগত সোমবারে তহলে পরি
/kaggle/input/regspeech12/test/test_sandwip_0099.wav,মেনাহগাবর পথব্যাটিং়ে িনছি কেথাকিবে উপাদ্ধ ইত্যাদি তাকিবি়এমকে এভাবু তাগিবে বিদ্যারখাননি
/kaggle/input/regspeech12/test/test_sylhet_0595.wav,থাইারাজম মি আহাহােখয় আা থেকে সরপারিরা সবাইকে ভাটো
/kaggle/input/regspeech12/test/test_sylhet_0050.wav,লের অ নষ্প্রথমে নুদুস্তিত্ধদে পরমারমপানি রেন বিসিদ্ধ দেন বাদে ফিয়াইকবাাজা ডিমতারডিমবাবিয়া জনুরিস্তারন ফেরা মোসলা দিয়া
/kaggle/input/regspeech12/test/test_tangail_0096.wav,পরে আ়শা আবার সাকিনারে বলে যে তমারে পাই নাই ত এহন কি করবা তোমার ত আমি তোমাকে অনেক ভালোবাসী এরকম পরে কিন্তু ওই শাকিনা যে
/kaggle/input/regspeech12/test/test_sylhet_0371.wav,ঐই বয়স কলে বাচ্চাটা হোয়ায় এখন আমি ভুজি দেতে আমার কতটা চাপড় ইতে আল্লাহ অলয়ের আ্লাহলোকে সবকেছে বড় পরিকল্পনাএখনো আমি চিন্তা করি যে
/kaggle/input/regspeech12/test/test_narsingdi_0082.wav,ফাইবা আমি ওখাইছলাম আমি পরে পাইছিলাম দৌড়ার একটি াা জ্ঞানপাই এরা আমার স্কুল লাইফে পাকটাছিল োনা খেলার মদ াযাবেেলাদেখিছ াি সমাললগে টামানকর আমি তো এক বছরের জুনিয়ার আছিল
/kaggle/input/regspeech12/test/test_sylhet_0565.wav,দেরআম কমারতোমরার মেেটাকি লারি নিলা
/kaggle/input/regspeech12/test/test_narail_0164.wav,তলটা হাওগাবেন ওোয়া্া তা়াাাগতা এ়াতো়
/kaggle/input/regspeech12/test/test_chittagong_0102.wav,রধিবার পুননিয় কর্মবিধি পুননিগ্রহন করা েরিনাম্বাদ নম লহরে তে ত গুষি আল গৌরবম হুয়ালোক যে নাফিয়ান লোচপে সুততে এরা সাম্য দায়জৈ বগু
/kaggle/input/regspeech12/test/test_kishoreganj_0096.wav,ননা ইেম বনে
/kaggle/input/regspeech12/test/test_sylhet_0096.wav,াাবেদামফালো তুতুটেরা হবি এককৃতলটুকুর টেরা হি ঐইগো মুটাখার ঐইব কুতুরটিহা দাঅমেকতে নইতালান্তামুটাকবান তাংকুলটিযহাদিয়া তাইকরিকটের বিশ্টেওান
/kaggle/input/regspeech12/test/test_sylhet_0068.wav,াইাফরত বা়াবাজালিজিতে মন্ধ ওই ব়বদু দুটা পইন গরতইয়াাা
/kaggle/input/regspeech12/test/test_rangpur_0057.wav,বলে তামাল আফার হলে দেয়া  অনেকে কইতে যে একমাত টাার১৫দিনে তই কাটেপরকার আল্লা
/kaggle/input/regspeech12/test/test_sylhet_0150.wav,পাাপ্াবিল নামি পরকম বা পাকি হাতে আমরার পড়া লা়ারেমেরার ফড়াইলা আপনার মেয়ের জেটিও ইল য়বড়হুররেনে
/kaggle/input/regspeech12/test/test_chittagong_0021.wav,আাগড়িছিলেতিদের লেতা় ভরতিন ে ফল হাগর িজন মরার বলাগরগজা আরগুঙ গরিম মোগালটিগু মোবাইলির বেলে বর জামুবাইটি বরকা তের সুডানো নেই
/kaggle/input/regspeech12/test/test_chittagong_0024.wav,র স্থা ত্যাক এতুন আবারারাবা ডাক্তাহাতে গেলাম অসুকপাতে হার নাম বোথস্ুরি আগৈআমগবব নারায়ে অশুগুন মিজিমেচেমের েউই ফৃদিরবুনাবনা মানহলি
/kaggle/input/regspeech12/test/test_rangpur_0011.wav,লাইবের বেডিরিয়াতল আদোেপাইপিরাে নিদসপেতোমনা আকরেব দেলও তিবিরা
/kaggle/input/regspeech12/test/test_sandwip_0129.wav,অঙ্গালুলারেরের বাইরে অকারুলাইন পলিবনও ওলেনায় কেনবাজাললারস্তা তালাইল হিসে শুধু শুদধ নিজের টিয়ে খরচকর হইয়া পরা আর অঙ্কারল নাগাথম অনষ দিয়ে বলান নি ব্েততে ঐইত্তোতানা ফেেউলারেরা আগুদক
/kaggle/input/regspeech12/test/test_sylhet_0490.wav,ারণপাইনর দারা থাকেমনি ্ষুপ্ত মার গকে কারীণ তারত কুস্তই ামে আরও আশাযাতবর কুতলতি তারহরওমানে মিনিরাদুর্বলইলাম তারপর টাবক্সফোর আমা দিকে নিজের ভবিষ্যত কিছু আল্লাহনি আমার ভবিষ্যতটা সুন্দর হরিয়াদেই নৌটা আশা এরপরে গতবড়ো কুতবাপরিক্ন েই শাতো শাওখত লোককললারুজুলতহন যে তাউকল যে পরে হেরে আমি সবসময় আকবহ
/kaggle/input/regspeech12/test/test_sylhet_0341.wav,তখন ততটা থিকিই কাক্কার পর্বন্ত পরীক্ষার দেওয়া তিন মাকের বাচ্কা রাখিয়াইটা মানে  মুহাযুদ্ধ সান্টারাতিন তোমার করকারিন বাখারাতিরাদমুখপরীক্ষার যাইতাম গিয়া তখন আমরা বড় জাইপারে আমার ছেলেরা দেখাল লাগে
/kaggle/input/regspeech12/test/test_sylhet_0055.wav,ইনের ছেলেমেতে আফনেরার ছোটমেলালো একটিত্রখইন্ মানে বাড়ুপিন্ডা একটাতে কি রকম মজা ওইপল কিতাকিতা হরায় লত সূচবুলা উনেখ ক্ষচ্ত
/kaggle/input/regspeech12/test/test_rangpur_0006.wav,হচেদিবিন মাবুদে নিরেমাকদেনতুদিটা লমালা কালিগাডিয ানগরেরাাোাদে
/kaggle/input/regspeech12/test/test_sylhet_0017.wav,নিয়আঞ্চমিক পোষ্টইগ্রেটাক পইন ওন্দায়িনা হ় েঠাকুরেলি এতে বাড়াই বিশ্বজন দেয়া গিছ তে নাকি নেয়ের আন্দ়া লেগে রাস্তার়  রুডুডে যায় তারা গাড়ি ় মায ়
/kaggle/input/regspeech12/test/test_chittagong_0176.wav,বর এক বড় মানুসে সবতম কিছু ন তাহা ইয়েন না মাঝামাঝে ত তাই পারনকিছু মস্যা িখি্তুনা আে না জেই ত আজমুেল আতংকিতু না় কিন্তু কিছু কিছু আঁকিরেই
/kaggle/input/regspeech12/test/test_sylhet_0372.wav,তারার লাগে যেটা ভালো তারা লাগে যেটা উত্তর নিশ করি কেট াল্লা গিবা আমি যদি র ৎজকনের মানের ফোন্টারডিবার শৎ পথের মাঝে থাকে তাড়াবে যদি আমি উই পত্তা দেখা় যায় তাইলে ছাললা তারাও কোনোনা কোন ক্রতিন মাজি
/kaggle/input/regspeech12/test/test_sylhet_0291.wav,িয়াখ তোমানা তার বাড়িট মানুষের সাথে হইছা খাওয়া দাওও ইচচা কথাবার্তা ওচি তেটিপকতে তি চকটা ডিড ফোরে ফিক্স করা ে বলে এনগেজমেন্টটা উজ্জাক
/kaggle/input/regspeech12/test/test_narail_0021.wav,জীবানুক তমা রও পরিত মাহামারিকথা তরেই মাইঠশাই তুবাত্বক এসব ২ি় ঐতি আআিক বুলনগুলোন কথাএ বিকটের মেল আধিনাই ঐে তোমার বড়দিদিমা পোটামা মি প্রমিহই তমতেন
/kaggle/input/regspeech12/test/test_chittagong_0086.wav,অিয়ান্নলবুলিদেলে গুক টিগনোর পরা লাইফ রনুিচলতু ন আরারই আরচেতার সল স্তুর হোচযাম হরেগাপ পলেমায় আছে অচতু়ল হেনলে খ্লিতাইবিত খোলারা হয় কুর থাকলে বিশি মটাঘুরি মাইা
/kaggle/input/regspeech12/test/test_kishoreganj_0200.wav,একর থাম্প্রাত বে়মাতােকি
/kaggle/input/regspeech12/test/test_sylhet_0523.wav,বডালাগরাামিয নিংাস েইলাম না  আমি এবার পরতডাহাতয াামামআরবিাো
/kaggle/input/regspeech12/test/test_sylhet_0322.wav,খুব কমবাইতাম তাইন যখন কলেচ্থিকা খির্তা অলরেডি আমার যখন ইউএনগেজমেন্ট হইতে ই়নগেজমেন্ট এবং বিয়ান মাজামাজি টাই মোতায়নের এমপিআইপি তাই নেতাকলেজও ডুকফিলাকেন টা এমপি আইতেল এখন সেটা বাে
/kaggle/input/regspeech12/test/test_rangpur_0083.wav,পনকাজে ধরন সাদানের কুন্থু আজে হাতির মাধেমন চলে একজন কিছু ধরনধরা হাতিরাহওয়ায় ি
/kaggle/input/regspeech12/test/test_habiganj_0011.wav,তরএরাই বিদেশ বাড়াইবইতালি ভাড়াইতাআরিতা াআমে আন্তামাকলা মইবিদকে
/kaggle/input/regspeech12/test/test_sylhet_0272.wav,ন তুই গুটু ফাইবের ডারেকাসও গেতে না ইতসুরুইতা আরেক ক্যাম্পা বায়ে তোমারে টার্গেট দিলে আমি তো টার্গেট পর্যন্ত পৌঁছতে পারলাম না খন স না এটা তো অনেক আটটাসিমিকটার এযক্সিমিষটার গেসে পড়েছে মি বালাল
/kaggle/input/regspeech12/test/test_sylhet_0180.wav,িএ্যানডরিডিও হোপব্তআমরা আমরা তো পড়াশোনা করি স্টুডেএাপ্রতিবেদন লোকাাকোরসার লিগে
/kaggle/input/regspeech12/test/test_barishal_0032.wav,ল্তা্
/kaggle/input/regspeech12/test/test_narsingdi_0090.wav,ারে করা আংা যদি করা স্পিকার খা মকাছে ক়নালাখালিকন খইরাইএকাযাার দা
/kaggle/input/regspeech12/test/test_sylhet_0643.wav,তুমি কুনত্েজো আত্র মনেক কিতাকি তাকটিাগান ভাটাত শারমিনেপারে াকতিলেটে সিলেটিমা বাচা মাায়
/kaggle/input/regspeech12/test/test_habiganj_0073.wav,কিন্তু জানতা িত চিত্তাহ্যাঁ আমরা কেলেদির আগেো
/kaggle/input/regspeech12/test/test_sylhet_0312.wav,িইত্াগি তাতে পজবেকমেনবিকউলমাবাবিরা উদিয়া গলা
/kaggle/input/regspeech12/test/test_sylhet_0317.wav,পরেওতাইন বাসাল বেসিন করে হুটতেলজ আমার তাকাবাপিিিটেদি়া াতিলটা
/kaggle/input/regspeech12/test/test_sylhet_0619.wav,তারীনের মার কোল  দেয়া হয়েছেম ছাামামি হরে বুলুন াা হলে নিআাইকেউনেও দিন থাকে য়া মারাদর পরার দিন তারা আবার রাতরে আই ারসয় ্যগোনেটা হাজর মেয়েনারি ফানি দিলাই তারা বাড়ি টগেসলে নাং তা ফেনি দিয়াাাাইফানে
/kaggle/input/regspeech12/test/test_narsingdi_0099.wav,ট সাগাসুন্দরবইলয়া ভাবাডায় আমাদের ভাইগুলো বিয়ের হয়ে গেছে
/kaggle/input/regspeech12/test/test_sylhet_0340.wav,রেলই এখন রিটেন পরীক্ষা দিতে পেটের ভিতরে তাকলে তয রএ খ্ান্তি াইরে যখন কুল আনাদালানে লাগায় অবানবাদে ই প্রথম বিত্তি়স্থ উত্যোগিতার সকালেও পরীক্ষা বিকেল ও পরীক্ষা ১০ার থেিকেই একটা আবার দুটা থিকেই ফাটতা
/kaggle/input/regspeech12/test/test_narail_0051.wav,াাবা একপক্র বা রহনি তাকা মা ফইতুল্তর বাবা জানা্ের সবদাকাওকেতর বাবা আইকাল্লাকু দছককামাাহুমাই তার পর দেহ কুটুবতই ্টেশনে এয়াকদেরা খারি়ে ভুথেছিলাম অনিমেশর করেছিলাম তো তারা তত্তন আবেন নাই
/kaggle/input/regspeech12/test/test_narail_0097.wav,মানা বলাদারন্ত দেহা গেল ি অন তাকায়
/kaggle/input/regspeech12/test/test_barishal_0059.wav,ন আমনে হনেন বজে আমি কিন্তু আমার দেহে নেরু বেলেটের দুইদারে দান্না মর রৈোজম দুই দিক চলেনোর একদিক চলেনা মোর কাটবে দনাডি এমন দিন গেছে
/kaggle/input/regspeech12/test/test_barishal_0067.wav,কটা সময় মাইুটি তাবানালকষিয়ানসিং রসরস্বতি পাশে থে়ে ফুজে দেওয়া লাগে পায় এযহনগর যুগের বৌঘু পরে যদি দশটা সময় কইনা তেনে হারটু তা বা না ভালো লাগে না এ্যহনার তা গেলা লাগবে না বাথথাই ঘুমাও
/kaggle/input/regspeech12/test/test_narsingdi_0084.wav,এরা এরা খুব খারা পেটা জিনিস একটা পোস্ট করছিলাম ফেসবুকে যদিও খরাপলাগে তেম্যানসের অউন্যা ন দীন নবর থয়ডা হেডা জেডি হারামম্ডি অনেকে দরে আখে এই ডিললইয়া কত প্ল্যান্থা ইদল এখনোরমৃত
/kaggle/input/regspeech12/test/test_habiganj_0085.wav,তোরা হবাগট ব্রা দুই বইন পিংবাই র এরাকি এঁকেতে হরে ন্য লেখাপ়া রে আমার পাই টেকনিকেল পরে আমার বইনগ নাইএার নেত্রৃক দীপ ও নাহিারে টেনা পড়ে
/kaggle/input/regspeech12/test/test_narsingdi_0046.wav,ওআলভাবরতসিংহা কমরাতসার টিকতরাে
/kaggle/input/regspeech12/test/test_barishal_0053.wav,িলমুখ করে দুনহন হলে নান এখন আশলকা তায়াহি ছা় থেড়েজাঠা কুটকিঞ্চি মাত্র ছা় সারিাঠা়মু তিন দিন খ্াড়্তি তিন দিনি মনেকারমিক হয়বাদলার কাম্পুর পিয়া কলা
/kaggle/input/regspeech12/test/test_sylhet_0122.wav,নান বি়গহাারতরা আত্কোন দেয়া গবে নাই   হদার্ত যাই্াধে ভাজাগি নইয়া
/kaggle/input/regspeech12/test/test_barishal_0086.wav,া্ তছ আককেকাম্পটি পিঃটাল বাগান েউপারে উডলে নিতিলতে থাকবে অরপর অনেক কিছু ভালবন্ধু ডিফেন্ড করে ও ওতে একততরুয়ালা মাইটের লাইন ওএএকিক টাকায় মছে টাছে থাককতা
/kaggle/input/regspeech12/test/test_narsingdi_0126.wav,পলিকিপ্র্যাগ নেনসথারানাই এজাঅনতগনেপরে ়ফেডেজাই মোঠা গাড়ির বে হিনে বিতি
/kaggle/input/regspeech12/test/test_rangpur_0113.wav,জেমঅফি়ার কলি লিলিঅলি কলিনা আহা কলিরাকল
/kaggle/input/regspeech12/test/test_barishal_0046.wav,সারিও কারবে নে করেন এইজেনদে আতারখাম করি মরি টু মুন থানা জিরাইতে মেরুদন্ডও ফাক হইয়ে যায় পড়তেকদিন ম়  থায় লাগে াবেতা খাইয়া খাইয়াে এত কষ্ট কেনি সংসারি করিয়া খাওামু খেনদামও ছক্কর মুখ স্টুউ৯নির বিষইলে মনে করেন  সেই সময়ের
/kaggle/input/regspeech12/test/test_narail_0062.wav,কুনপারে রৈপারের বিটে কাকে পেল ুুবিএইকুকুররেই বেড়েও
/kaggle/input/regspeech12/test/test_chittagong_0101.wav,ংজি পাডেরে গেলামে ো চাইবপ্লাসটুক দূরতাকায়ও নয়ই এ মযানেসাযরে বৈতেককি তো আমি আয়বাযরিবাবিলারাতসসি তর মনু্যত ইংিসমূলক বুললি়াতিই
/kaggle/input/regspeech12/test/test_barishal_0056.wav,এর পরও হেদনাগরে একজন আরা বার  টা ঠাইমা কিঞ্চি একাজা টায় নিয়ে দিয়ে িি অরারমোরড ফয়ডাডি হইছে এাজার ঠারকুডে তেমল লোখখ্ান আছে এটাবুঝি যে গর পলতে পারলাম না পাললে বেচতে দিলে মোটা টাকা দিয়ে নিতুইিদনে সংসারিকালে কষ্ট কার তৈবুবয়ের একজনারপার ঢান্ডা দিয়ে তিলিশ জীবনেও সংসারে উন্নতি
/kaggle/input/regspeech12/test/test_sylhet_0086.wav,কইলেআউলিটলাকেজিবান একাডেমিক বইনে না আমার বইক একাডেমী কলেজের কোনসা পছন্দ বেশি ইকমিকসকাু নতুন িবেশি বুঝিেুলোএকটা আমা়তার একটু বুজিয় দিলাপরাশোনা করতে পার াগেনা
/kaggle/input/regspeech12/test/test_sylhet_0028.wav,াাইবামাদের মন্ত্রণালয় থেকে দেয়া ধর্মমন্ত্রণালয় তোহযতামিল েউঠে মিপূজা হত অনেক টাকা লাগ এই অনুষ্থাকা এককভাবে স় সবাযইা পুঁজা করেন অ্রবিখুঁজা
/kaggle/input/regspeech12/test/test_sylhet_0201.wav,গুমাইেলে তে মৌযখন করতে বলা লাগত না মারামনা রেন্নে পাতিষ্থালিক টিক্ষানায় কিন্তু পোড়ার পিখুনে আতানুলবাদালতে তাই হুইতা অকুধ প়িলে অরেকটু করিদাও আরেকটু করিলাও ইজফুল্টাপাটপলিলার হইতামনা পরার কথা
/kaggle/input/regspeech12/test/test_sylhet_0681.wav,কেমন দকষাইবারিকনানত আর বয়স তেমন নাইরারিয়া া
/kaggle/input/regspeech12/test/test_habiganj_0045.wav,গাছ লাগানি আমারও ভালোই লাগে তো গাছ লাগানে লেগে বোকা হাইটনা কিন্তু আমিটামু গা তো আমারাতে অইনা কোন গাতুই হয় না গাছ লাগাইলে ঐ ইটা ালাহইডেহয় না ওইদিনদে হাতে একটু বড় প়ুই আবার
/kaggle/input/regspeech12/test/test_narail_0026.wav,েলার থেলার মাঠনেই আাররৈবারগাক্যা কৈদার্ধ গিবিটি টপ অতিয়ালে  নাককিলগাচতাঐভক্ত এরে পুর কাঁদা হআর হয় তৈ মাঠে
/kaggle/input/regspeech12/test/test_barishal_0080.wav,টনমায়স জীবন হালদারব
/kaggle/input/regspeech12/test/test_sylhet_0512.wav,িন্েনিরাইত্রেই মাশা পাচতেফার ললা মারগুল্যবিব্রকচপটামরৌপ
/kaggle/input/regspeech12/test/test_sylhet_0063.wav,লাইপের নিলা কলেজ যেকোনো বানধবনা়াতে বা এখন খা়খন তখন  সবিলসেবর ব্েসট্যপাইডেলরএনেট গৃহইগিজতি কএকটাতেিনেমাকে  বেয়ইটলা
/kaggle/input/regspeech12/test/test_narail_0042.wav,বাগানের ভিতে অনি কোনো জমি ফেল নাই তি ল্নি বললে টো জাগাবাগানের িঅনিটাগার কাহিনি জানকনে জাহিদা ির‍্যাব  মজদাতার কাহিনিপেন
/kaggle/input/regspeech12/test/test_tangail_0090.wav,স্ত বিশ্ববিদ্ধা দেয়া যায়ে রানী মুখার্জি থাকে সেকাল্পনিক শহরে থাকে ছে ওই ধাতার এ প্রস্টিটিও টাকি কিন্তু ঐশর একদিন রণবির কাপুর আসে রণবীর কাপড়াহে ওই সিনেমায় নযাঅর্ন্যান থাকে রাজ
/kaggle/input/regspeech12/test/test_sylhet_0167.wav,রতমাইনটারিয়া পিজনেনওতাকার নাজবোমতো
/kaggle/input/regspeech12/test/test_kishoreganj_0198.wav,
/kaggle/input/regspeech12/test/test_rangpur_0086.wav,ংেজেলটমরমবান্তাররা দেখছে োছিলে প্রথম রমমান শুক্রবার বাদের রমধানাতে না এটাওরে শুক্রবার েলেথল্বল কয়া পরমরমধান টুকরবার হবে মাজের রমদানরা শুক্রবাকোনোকামি কেছেনা ১োলোতাড়িখেও  শুক্রবার ব ুটাই আে
/kaggle/input/regspeech12/test/test_sylhet_0135.wav,িতুরান থেংে আমদাতুপিলট কেউ ন ৃবিগনকেউ ড়র মাতরির খাতে গোলেমাে কুনাবেরধাজা াই তেমনি বিষ্তেবিগ গুড়াগুরিওই গেলে দুর বছরে ঈঘের করে গেলে বাই্যে
/kaggle/input/regspeech12/test/test_rangpur_0108.wav,ধাস্টাস নিয়ে দেয়া দেশনে ালন্জিদেখনু পা ঘুড়েলু পাতাঘুড়িপিবি ন
/kaggle/input/regspeech12/test/test_sylhet_0361.wav,ুিা একটাবেে ইনুর মাধ্ে যদি তুমি হেপিনেস্তা রাখতেছাও খানেইে়লাইদ টিচিংট্রকেটরং ছাড়া আলগর  লেগেতুমিতামি একটম কালটকারো টাইপ দিদাখাতে ে ইদিগরটাইম দেওয়া হিদিকেও
/kaggle/input/regspeech12/test/test_sylhet_0132.wav,নিওরানিওস্থাপুরাননা পুরা স্িন নাতেশা টিহাতগুলোরও ইদোদীব পরেইতা করিছানা আগের মাইতালঠিকও ই ্প্রণ্মের কাকেদিলিযে এ
/kaggle/input/regspeech12/test/test_rangpur_0087.wav,কেমনা ফিশ আশসনবেল়ে যা ভালো গল্পবস্তু করি মোবাইলেতি রেকর্ড করি াব ্য করিমের কি গল্পগরত্তপূর্ণ আলাপ আলাতনারম়
/kaggle/input/regspeech12/test/test_rangpur_0063.wav,হেকম াা আরদাকেেন আাদানে ইমানামানিজরী মৃত্যু করায় ়া
/kaggle/input/regspeech12/test/test_sylhet_0226.wav,পরার একটা টেনশন হোবা নাইগমানে আম্মালগে নাইবাইবুন ভোেনাইকে উনাই নতুন এক জায়গা সব মিলাইয়াখানদী মনে মনে খান দিয়া দিবা় করি আমারত কোড়াওাগল্প বালা পড়া লাগব
/kaggle/input/regspeech12/test/test_sylhet_0714.wav,নোকি রেে মনগযসটেলটেয়াকেনে নাকি তাারযা
/kaggle/input/regspeech12/test/test_habiganj_0038.wav,কবই নে ়ািল রবৈনিকরিকরতষতে একান্নগটী পরিবারের দিকে  বালো ঘরের রান্না করতে পার্থ দিকে পরে সবাই পশংসা করতে করে দেখা দায় নিজেদর  টগল জামেলা আয়াফিরে এরপরে গিতাকরপেকদিন তররগারে এরপর থেকে দরকারিতে বৃথিবীরটিে জুল দিয়া রাখত যাতে বিক্রি ময়জানা লাগে
/kaggle/input/regspeech12/test/test_sylhet_0428.wav,আরজন মানস থিিয় ্যআার কেহিষয় এখনো পরশন রাইদদিন মিয়ে ১াা প্রাইদােছেনদি ব্ল্যালা ড় অরি
/kaggle/input/regspeech12/test/test_sandwip_0041.wav,নাবক্স আইকালিগালক মাদিবায়না হলে বাতল জেনেও
/kaggle/input/regspeech12/test/test_sylhet_0566.wav,র নেটওাক কুবি ব্যকতি কিউরি দিয়াদেশ ফিউরিওযপুরোহিত আতার আগাগরাইতো মেদার হার্ডিয়ার তো কোনো নন ম্যাচের প্রভিগ নায়
/kaggle/input/regspeech12/test/test_rangpur_0045.wav,স্টিকচার ফররপরবানকিনতু দেবের পা়াড়ি
/kaggle/input/regspeech12/test/test_sylhet_0579.wav,য়েক মাস পৌনিয়রাপেবার করনা বাটনসারমানে পনেকে লাগকোনপেবি়পতাইলে
/kaggle/input/regspeech12/test/test_rangpur_0032.wav,ার পাইনা কেমন করিয়ে আমরা গোস্তুইারা আটা একথাইন করেদুঃখেনো যায় এখানো যা হাডডিারো কথা
/kaggle/input/regspeech12/test/test_sylhet_0458.wav,আার নআমার পুপ্একবাকত এরপরে অ্যরয়াকুম
/kaggle/input/regspeech12/test/test_rangpur_0106.wav,র খাজাও তলাইফআলে  বকরবাদে সবাই এখে
/kaggle/input/regspeech12/test/test_narail_0070.wav,জেজমি ও জমি থাউডুরগা মেলাজিঅজমত ঠাউর খাইতে পেরবে না
/kaggle/input/regspeech12/test/test_kishoreganj_0114.wav,পত্তঙ্গপয়োগি ানিফাঁকিরেক এলাকা ইগোল ভাকিজাক এলাকা কিতপোতঙ্গকোা ফাঁকি িখলগুচ্চা খাকালা বাগখুবসেখাকালা
/kaggle/input/regspeech12/test/test_narail_0081.wav,একত শুদ্ধ তনেকোসবিয়াই ারালিতরতোর্শকে কথা কথাা
/kaggle/input/regspeech12/test/test_sylhet_0078.wav,েতেজানে খোলাতাই ওইেখতাও অলাই লাগেনএটা ভাবআে ারে একবিষ্ আসামি দরে গিয়া
/kaggle/input/regspeech12/test/test_sylhet_0388.wav,আরকিতাবের কবিতা পারুনি
/kaggle/input/regspeech12/test/test_sylhet_0310.wav,োন কুপটি পারেকেম লাগতে না পিয়া আমরা ও প্রগ্নাগস্থাআমরা করব ১ট ডাকলা রাখালী যাইবা ইয়াভাইব্যাগকাবি নয়ে দিব ওবিয়া
/kaggle/input/regspeech12/test/test_sylhet_0585.wav,ি দেখতি এরা যারা নাইনটিন প্রন্ত এক রোগ বেশিা গাকের কাহে বাামানে পড়ালো দুর্দু এরাতে সময় একটা টাইব মেগে একা থাককা খায়া বুধে এরাাা হঘুইরা াঁডঅজ সাদে তার কয় ঘা্টা া
/kaggle/input/regspeech12/test/test_sylhet_0401.wav,াকুক্ত থাকেেসিতগেদিডেন ববং ্লাগেরে গতদেটাখেয়েই জামাল লাগেন
/kaggle/input/regspeech12/test/test_sylhet_0209.wav,এমনে াবেনেেসি বাস্বি দেশে পড়াশোনা ইচাকতনা একটা নতুন লাইট রইব তের দৌ়ক ২০া০ারে আগের হোতাহইনা মামিত২০কুলো ক্লাস নাইরা পরি
/kaggle/input/regspeech12/test/test_narsingdi_0071.wav,নে বাড়তেটিকিয়া ঠিচারা ধন কনা মোবাইল অকরো এইরাওদাওহেরা টনমনে প্লাইকটিরিটু মোবাইল গা্ড করলে দুটি বরটেউলখলা গ্লা ে ল্যাাকে
/kaggle/input/regspeech12/test/test_sylhet_0228.wav,রকরের বাদেট এতুনে তিকাকিতা বা রাস্তায়গুরো বড়া হররার দিকে তুমরা নপ্লেনাতিনি পয়ওয়াদ বোইন বিয়াদি মুখ গেইটুট বার্দা লাগব রাস্তা পড়ু নামলে গেটবান মখিলা অবায় জমাই নাইব কাঁঠিয়াই বোতাই খষতাইব তারমালে আমিধরই লিখছে তারা মর়া অল্রেডি
/kaggle/input/regspeech12/test/test_chittagong_0125.wav,যফ্যামিলি বর্গই তিনজন ামিোবানদনা মিলিয়ারা দাফুবি়দথার জন্য নে হয়া হরফটককোণুকি ট্াগ লম্বাগু
/kaggle/input/regspeech12/test/test_sylhet_0730.wav,বাটিনানবাবেিজািা াইয়াাইনয়ি
/kaggle/input/regspeech12/test/test_narail_0024.wav,বরদাইাবলিয়াইফের তামলির মা কামির বাবা ঐইটোফন একটা বিষ্কাইয়েত মরিতে কুনরা
/kaggle/input/regspeech12/test/test_chittagong_0074.wav,চান্তল্লর বোগিব দুফাগার তু বেছিবা়িত েখানে বেছন হবেন লাহাপলাআরা ২ লেই আরা লল বিজিতাসেমন্ত করত আলামনে হতাহ়ে সাইউ মায়া
/kaggle/input/regspeech12/test/test_tangail_0055.wav,আার্টসমোস্ট ইজ নট পেকিং এে মোমেন্ট জুে আার আমি মনেও আমার মনো মাঝআমার মনে হয় যে আমার জীবনটাই একটা বিদায় দেওয়ার একটা
/kaggle/input/regspeech12/test/test_sylhet_0674.wav,ওবেন্রাকাতা টাখন দেবা আনতে
/kaggle/input/regspeech12/test/test_sylhet_0609.wav,বেিদেিতায়  াোমোউজিসখূটাকরিমমনাইজে সবনি দখদম চা তিলর কতা
/kaggle/input/regspeech12/test/test_sandwip_0053.wav,নাইদের বলেও একেরকৌদালগোদালউঠি
/kaggle/input/regspeech12/test/test_sandwip_0119.wav,আর পাপাল লেখা তাইিযবুল্লাগর কন্দ আখাল়পোলা নিলাহরবন্দর  াে তাই দেখিনও
/kaggle/input/regspeech12/test/test_sylhet_0449.wav,বেলেত বাদারও দূরে ারাাত গেলা
/kaggle/input/regspeech12/test/test_tangail_0111.wav,ামার জেটা মরাহইতেছে যে এটা একটা চফর কুরে না আমি আবর আরেক ুম ওইখানে নাকি ওরা বিল্লিং করতে চাই বঙ্গবাজার ছড়াইসিটি করপোরেটা একটা বধতরা বিল্লিং করে বড় মার্কেট বানিটিতে ছিল কিন্তু এতে ব্যবসায়ীদের অনেক সমস্টা হইত
/kaggle/input/regspeech12/test/test_sylhet_0267.wav,ন দুকানপিকিট থালটাপথমানািএটা ২০০চএর পাকেলাস্থা িততিরদি আমাবা়ি ফোন দিচছেন দোকানো দোকান থেকেই আমরা বাড়িত খবর গেছে ে অলালয়াযাইতা তেজামার লইয়াই তো বার টাকা নাই তে আইতলগে ইতা করতে করতে আমা প্রথম ক্লাস রবি নামে আইতিনামিদির সারাদিন হাগজি
/kaggle/input/regspeech12/test/test_narsingdi_0127.wav,গ্রন প্রাইভেটকারব শান্তি পাওহ যা়না জেমশা প্রাইভেট কারো করে তারা মথ আলহিতহ মহারা বারাকর আইলাজা দুপুইরের ফল্লম দগািমোটায় পিয়াত গাড়িতে পু়বূধ
/kaggle/input/regspeech12/test/test_sylhet_0694.wav,ব্রাদুম আরুম আত্রবরবানিতান্ডে জেকানটটাইম দিতে হরবার তা দুত ভালামাত রআগের বিন্নি ়হন আগে িলান
/kaggle/input/regspeech12/test/test_sylhet_0229.wav,আরওপ্রত্যাব বাদের বাক্কা িক্িত প্রেমিলিতেকেওয়র করাইবনিয়া বেয়াউই গেল পরাবন্ধইত না মেয়ে পড়তে চাইলে পড়াইব তারা পতা াদের
/kaggle/input/regspeech12/test/test_sylhet_0630.wav,পিকনিটআতায় দেত কঙ্গকপিকনিারিাছি কনবআ
/kaggle/input/regspeech12/test/test_kishoreganj_0089.wav,অ্যামনিকোনেনাচপনবানরভপা
/kaggle/input/regspeech12/test/test_sandwip_0021.wav,ািমেডিমাই তুমিএরামালা ঠাওরায় নেহততি চালাচ্ছে যা উঠিযায
/kaggle/input/regspeech12/test/test_sylhet_0060.wav,৮কাাহেলাসং্যার েএখনতো অন্ল দবলিতকা
/kaggle/input/regspeech12/test/test_sylhet_0141.wav,া িজের পরিবাঙ্ে বইবা রেবিিডে তারা েমাথাশুধ
/kaggle/input/regspeech12/test/test_narsingdi_0120.wav,গান্ভীর সাকার পাথ্র লেখিলেযরেতরেইকফি য ফয়াভার ভিত্তি া আমার দনাকপি মতুদ্রুত কর সবরগ ইসলাম নামার হাতখান্নাাআলিমিরা আমি তর্মতালইইলেজান্টযাগেন
/kaggle/input/regspeech12/test/test_kishoreganj_0049.wav,মুতরামের টাগি গাময়াব্রাগা গামে পাগেগাাায়দিখাইনো
/kaggle/input/regspeech12/test/test_habiganj_0084.wav,এরেকটাকায় লেগে তিন মেয়ে তেতাইনেরেরা একটে ন করে বিয় ইটিয়া আর ৩িএ একজনে এপরানেয়া হ়ো নার দুা একজন চাপ্র রেন আরেকজনের ব্যবসা হলেন
/kaggle/input/regspeech12/test/test_narsingdi_0056.wav,তিনি কলগমাপারতানাটেনতাকেরে ব্যাডমিনটনর প্রাইজলেইব্যাডমিন্টন খেলে দু ঠিচার খটন্ িমিতর চাকরি খেবে
/kaggle/input/regspeech12/test/test_sylhet_0353.wav,প্রমোরঠ লইসতের বেটাম িডিওর বেটামেটজন প্রমর্খন হইছে এমটি ুব পাকা ছে তেমনে জঙনে যদি অভিনআমিকে কি আপারিতি চাওয়া লগালগে দিকে ম্যাডামের প্রমুর ফেলেতি হিতিকযামর পুষ্টি হয়ে গেছে আমার কোনো পরতা দে় লাগতে না কোনও টাকা পয়সা লাগছে না মনে
/kaggle/input/regspeech12/test/test_narsingdi_0024.wav,অন্য আরেকজনে ডানবে এমনেততচ একটা ভালো টিম বানাইতে হলে তো সবাইরই যাচাইবাজা দেখাে এই গামন বুনজায় ভালআেন আর সবচেয় বড় সমস্যা লাম দেশে সলেকটরগুলা ওরা যদি ভালো প্লেয়ার
/kaggle/input/regspeech12/test/test_sylhet_0530.wav,ব্িমল্যান্ডরদের ক্রাইটেনহডে ওতালাুরা
/kaggle/input/regspeech12/test/test_narsingdi_0098.wav,াদেয় াবাবুলি পের খানা গেকুপিকিযামালা থুিমিে হে হ়ে নেতিবরা কর্তা ক দেনাদিসে দ্যবাগেতাই ুচছেনিমানু
/kaggle/input/regspeech12/test/test_tangail_0108.wav,একদম খালিকিজানি সকালে হচ্ছে সকালের দিকে ছযটার দিক আগন  এটা ভাগ্যভালো যে হচ্ছে মানুষ কোনো মানুষ মারা যায়নি আনুন ানমা আলোত মারা গেছে মি মানুমার আলমৈতি একতা ছেলে হইলো দোকাবে রাকিকররিও ঘর্মচারি ছিল
/kaggle/input/regspeech12/test/test_sylhet_0552.wav,ওকর মাক্সা দেপাতেন ফরাইপরিবেশে বলা প্লাটাইমুাই
/kaggle/input/regspeech12/test/test_sylhet_0554.wav,তাশিট আরকে হয়দিন রিটিং তাতেজর বাংলামিনিনওএরপরে
/kaggle/input/regspeech12/test/test_habiganj_0029.wav,আমরা দুখজ্বালাইয়া পবিত্র তাল্লাইকা বুকজ্বালাইচালাইয়া আমরা উবরাহের
/kaggle/input/regspeech12/test/test_sylhet_0709.wav,দাদুবুইধানানিতে আমরা বুঝিিরান্নাবান্নাকে তামরার একটি সময় ডিলাইভার ক্রাতপনার করা় কবেকটা ি
/kaggle/input/regspeech12/test/test_sylhet_0315.wav,কাঁদাগিতাদা এউজিএ বিয়ার এ্যকরেবিনাইটিউতিলমখেটা নভেম্বর মালতাতি
/kaggle/input/regspeech12/test/test_sylhet_0057.wav,া এটানা খইতে ফেলে ে াাা ছাড়া ইতে ড়নে াব়বইনে পট রান্না ফারতল াাাাই ববালের কাইরা হাদিতে মা বাইােলাত বলতে বাতালনাঘরতবরতনো বাচতে পা
/kaggle/input/regspeech12/test/test_sylhet_0111.wav,ািে নেতাোফজনত লুতিকমালািপাশশুরু থাকতে হএ ােরারতিদামাল বাকুটে পাদিমান
/kaggle/input/regspeech12/test/test_sylhet_0152.wav,ছটা রব্যবসা আছিলা ালের বি়র কাহিবেখইনবিয়াদমাই
/kaggle/input/regspeech12/test/test_rangpur_0077.wav,ার াতেপনাগে দেহ পেছে গ্রস করে রসপরি
/kaggle/input/regspeech12/test/test_narail_0174.wav,একটাযে বুর্তিবারি না় আনাদায়ে তদায়াযা়
/kaggle/input/regspeech12/test/test_sylhet_0532.wav,দেড় বছরের ছেতুইতে ইা ফাসটিয়ার থেকে নেয েেতাা ফেকেনিয়ারর আাসতেই পোে উইটে পেনেফটারগুলারা মিউসি
/kaggle/input/regspeech12/test/test_narail_0005.wav,ওাবেিমাপতাননেপগেকরের খুবা কিিটায
/kaggle/input/regspeech12/test/test_sandwip_0001.wav,বাঅপসাইবলাবাসে গেছেন  বাইরে র মাস় ঘূনেজনায় সচাকরাসর ধানা গা
/kaggle/input/regspeech12/test/test_kishoreganj_0175.wav,তাপাকনি দিয়ে থাকুনিকদের থেকে পানি পুরীক্ষা করা হলো াাদেপান়ছে পরিণাম কি শাক
/kaggle/input/regspeech12/test/test_narail_0089.wav,আমি এটা কথা বলেই গঙ্দদেবত্তরে বলক কান্তাগলিতে ফেটে আমি মানলাম খুলগিকান তরে একটা বার বলতে বারিি না যে আমার শাতুতের কী সম্পর্ক সেটার থেতে কান তাকা বুঝাতে পারিি
/kaggle/input/regspeech12/test/test_sylhet_0275.wav,্রাইভেট তার জায়গার কোথা হইবা পড়ে আমকলাম ারুিপায়তাইিমামারেনিয়া টিশুনির্ বাচাৎ পরিচয় করাইয়া দিয়াটিটেনিতিকছন প্রথম কিি শুধু রতি নে দেখা যাচি পাবে
/kaggle/input/regspeech12/test/test_narail_0027.wav,ওই মাঠ ওর বাবা নিয়ে আরনি তানেলাকার বা গর বাবার গাঠের টাহাদেখিন ায়াবা দামকের তিতে তা তরনে তাকলামার কাঠির বাঠে দাআমি কি নিয়ে তোমাকে দিচ্ছে
/kaggle/input/regspeech12/test/test_sylhet_0434.wav,আউটিকোত আরতাকিব পুঁচিমমপরেতরতৈল ইঁপেঠাটার গুয়া়
/kaggle/input/regspeech12/test/test_sandwip_0011.wav,রনাসুলা েলারদরকার কেন্দ্রিযা আগবা়িয় কর্তাকয়েকদিনেিদে আয়া এক নভীরা ুননাআনাকী বস্থা
/kaggle/input/regspeech12/test/test_sylhet_0323.wav,মাতামতিটাইগতাইলের এমপিও পর পরে তাইন তখন কলেজও মানে কলে নিয়া ব্যস্ত াতামকরন ারাদিনকিন্তু আমি অবানপাদে খইলম তুমি তাকিতা চাকরি ক়ায আর এই সারাতিরচাকরিয়া পরা আকমিতামাল্যগে ইচ্ছা ফললে পর্তায় ভার চাকরি লগ ভালো চাকরি লেকে পরঘুটাইয়াত বেঙলকে
/kaggle/input/regspeech12/test/test_narail_0137.wav,কর্বগে জাইড দেসের পয়েন্ট ভাল যতালি বালক মদেউত্তাম জামাইবাবুও বলেছুটে দাদারে পণ্ে পলএকটা দেখে পাঠাযই েবে েটা উত্তাঙ্জনেববুর াইে
/kaggle/input/regspeech12/test/test_rangpur_0090.wav,াে়তে যে বেলা গেল
/kaggle/input/regspeech12/test/test_sylhet_0412.wav,সব বইনে এফেলাতল য়েছিল মািশবে খানাও গেছি নাপাওয়া গি়ািিমন্ত কাহনে নিযাদিা আমানিজের পাষ থেকেনামপদুইকে আমারবতার মুখ
/kaggle/input/regspeech12/test/test_comilla_0006.wav,রিয়ার সাল থাকে ১৬ ডিসেম্বরে যে অনুষ্ঠান হবে ওইখানে যে পারফর্মেন্স করবে ওগুলার ওপরেওদ্দার রিয়ার সাল থাকে ওইখানে আবর ১০ ১৫ মিনিটের মত রিয়ারসাল করে ন এ স্কুলের ভিতরেই আলাদা একটা রোমাসেও রুমে করে  প্রথমে রুম থেকে বের হয়েই আবার ওদের স্কুলের মাথার মধ্য একটা দুলনা আছে
/kaggle/input/regspeech12/test/test_sylhet_0752.wav,গি আমি গুপাল টিলাক করোইি নাকাতুযুদি আমরা ো
/kaggle/input/regspeech12/test/test_narail_0082.wav,রকি তোমার তাযইতআমার খবরওই বাবুটি দাক্তার দেখাতে গিয়ে আমিয়া দাক্তা থেকতে দেখাতি পরতে দেবে আ দেখাই তি ওষুধ নিয়ে এসিব
/kaggle/input/regspeech12/test/test_narsingdi_0096.wav,বাচচাকা়াতে তাদ এ ভিত্তিতিপিয়া একটা গানারিয়া জানার্ডাপকুম আেলগেি োলের মন থেকে এখানে দুগ্ধপক
/kaggle/input/regspeech12/test/test_narsingdi_0062.wav,আমি অনরাউন্ডার ফারাসবালা িদেরই ভারি হেসে েেরসভক্যা েবরটই
/kaggle/input/regspeech12/test/test_sylhet_0658.wav,পার্থকযপয়েনটি আপনার কিলান লাগে নংকে পার্থককিতওইন মানে একতা পরিবর্তন োক দেখন
/kaggle/input/regspeech12/test/test_sylhet_0684.wav,বাফরবারুবাড়ি লাইনটাইনড নিমানে কোন থময় যান য়কদিনতরডিসেম্বরে গেয়েছিলেম ৫১ ্ লাগেবেদিনকন্
/kaggle/input/regspeech12/test/test_noakhali_0016.wav,িারোমা ৩ টাকা আফেগেনে আর ১১ টাকা হাইবদ ২ে
/kaggle/input/regspeech12/test/test_narail_0147.wav,আগে জারনি কর্তৃপারত না ়ই কর্তৃবারতনা খন জানটা মিশব তামানে বুগালদস্থ ডাক্তার দেখানোর পরে একট মলে হয় একটি ইম্প্ুরুমেন্ট ওহগে
/kaggle/input/regspeech12/test/test_habiganj_0068.wav,তাদেকেসে তার পর্মহম হসপিটাল আছে তাপর পাইয়া যাতি এফন প্রায় সাতট়গ সুজাা ক্ালপে তারপর ই আরেক বাকে পিতা বদনবরুটুনের থাকনে  ২
/kaggle/input/regspeech12/test/test_sylhet_0145.wav,এিডিগমাত মিলি ক
/kaggle/input/regspeech12/test/test_sylhet_0526.wav,নবিতরে আে ত ৯টি আম্ার োসে নাজইয়াদপুরের বিত্রেক িয়াকিপিতাবোর্ডিং প্রশ্ নোর পরে আরো হততে সম়এট খটা লাগে নগে আরও বালা তাটিক আে খানি এমন কিনল
/kaggle/input/regspeech12/test/test_chittagong_0020.wav,য়লা হাকালার া৫লহানু সারেকুলোকলোককিতুই লাই ে০ পয়েন্ট হও মিচিত অনমিকে নালানোয়ারিটানশতফি রেঅদলারএকরি
/kaggle/input/regspeech12/test/test_sylhet_0264.wav,তার ফলে তো বার্কৃতিত পরীক্ষা দিলাম এ্যাডমিটনটেসট ভিশন ট্যাস্ট দেয়া তিকপিটিকিয়া ভালো প্রথম দিকেও হইতি মেরিক্লিস্ততা হায়
/kaggle/input/regspeech12/test/test_sylhet_0377.wav,মার দেবর দুইটা হ্েল্প করশহ্ালকরতে হলতে বারটাগুলো যখন ছুট আছি ইতাই তোমাল লগে আছি আি কাজের মানুষ রাখলেও মানসবিকভাবে
/kaggle/input/regspeech12/test/test_kishoreganj_0066.wav,পোখে ফলাউটেনিযে কেভাগো
/kaggle/input/regspeech12/test/test_tangail_0101.wav,ুপুরাই মশনয় কয়েকিবস লাইন্ডেলপে মানে হিন্দীতে ক্যাঁ তেখে মিল যায়ে তুমে তুমারি মোহাব্বৎ তো মানলো ক্ষধা তুমপার মেহরবান হো বেয়া অরাগার না মিলে তো জানল কি ক্ষুধাতুমতে এক জান হবে
/kaggle/input/regspeech12/test/test_narail_0067.wav,াাবিেটা়ট কমিিা লুটোগেআডাহিিনিতে তবে তাল গাঠনাকেইদারভন্তেকে কাটাটাকা দেয়া গুে তারদে একত বেিতে কলতে রাখি এভাবে গা় গুমে ়ে লাকরুন কেউঠেদেের
/kaggle/input/regspeech12/test/test_narail_0173.wav,তাঁ নতুন সারাদিনতাকতান ফায় েে
/kaggle/input/regspeech12/test/test_rangpur_0015.wav,োনাকইলেতনা শুনলেত মোল্টা খারাপ হয়া যায়গ কেরপাততইখানে দানকি ধারিয াসিততেএকইদের নেয়
/kaggle/input/regspeech12/test/test_kishoreganj_0190.wav,তালি তািলগতাল মনিলবলি মত
/kaggle/input/regspeech12/test/test_noakhali_0003.wav,রিিিিকুয়াকা
/kaggle/input/regspeech12/test/test_chittagong_0139.wav,া এত বছর বিয়ে তায় যখন তা হারা হালে স্তিননজ় খালিদাল বুরুসমবা় পতকলবিবসমা্বাইে আত্মনন্ডচেতো মনে হয়ছেন না তবে হত তুপনদু ধাতে মনে হয় তলতুাএতাবুলে আকরনগুডেতা
/kaggle/input/regspeech12/test/test_narsingdi_0079.wav,ইসালারেটার করনায় পেয়েছিল মালা মাইরাআমারাকিন সিফারকের নামের আমার অনেক টাকা সালাম িলিছে কিন্তু লাশটে আমি ফাইটিকিদানে ২০শ াকাদামের একটা ব্যাডমিন্টর মারে গছিমামারিটাপাততা একটা ব্যাডমিন্
/kaggle/input/regspeech12/test/test_kishoreganj_0043.wav,ারা লাবিতুন্াাতল্লকে মুবন্ধর লেদোনা খ্যাতনামাই দিছি িনাই মাইবাটখাা টানি
/kaggle/input/regspeech12/test/test_sylhet_0492.wav,্থানাকালে কন ওপালা কিনু রবেন ানার উনে ফিরে উঠেছে নািও রাখছে ্রুজারাক নিয়া আাডাল ফোর্ড দিএবদিকে িন্তু ইফতা পিকাইদি এমারবর দেহ া সিলেটরনডাতার অবলব ে অনেক পেশন তাহ আমরাস্তালপতিরিচাহালিবার রগপানট আগ্লা কেন্দ্রে বানায় এসান কিন্তু বনামাননিয়ঙ্ল ডাা র সবার ডুয়ারনিযুগদে ে মনমান
/kaggle/input/regspeech12/test/test_habiganj_0031.wav,আমার পর্ব যে সেলথ নাই সেলসার ্রেসেয়াস থাকলেই কি তা সেল্ফেরমারদের যদি আমার ট্েফরিআাইজরেশন রাকিযএর হাই যেইটা জিটতালবাসন রা কিতাই লি হিন্তু আমরা প়ু গ্রাহন নিয়ম না পটু উটাইন ইতা পবিত্র জায়গা খ্রামণ লাগে হন আমি বিতাহম জানালের তাইটে কোনো মতে রাখতি
/kaggle/input/regspeech12/test/test_sylhet_0525.wav,নিািমদাথাপাত্যামপ্লেনোর জাননিতটি একটাইটে িন্তু এ মহন্তসারিুজ্ধের নরপরি বাহিতে সময় আমি আংলুগকে অফিসে্মারে যায়া অপে নম ইরো েিেনাবিকদের জা
/kaggle/input/regspeech12/test/test_narail_0092.wav,তেএযালফরুরুসকে নিহর গকমপরে গেছে ছুনলে মার মন খারাপ হয়নিদিমাতুব্বড়োয়ার পিছনেট আলাদা
/kaggle/input/regspeech12/test/test_sandwip_0092.wav,েনধেনশন পনকলগে়বাই এলাকা রা হবি্ধেইযাচাা কেনা
/kaggle/input/regspeech12/test/test_barishal_0044.wav,নরয়াতে মনে করেন চেয়ারম্যানের বাড়ি তুরিত দিকের গেছে পরিষোদের তরিত তৌকে আছে আর বাকর বাড়ি দিয়ে ঠযাংটা না দিয়া হেদিক দদিজ্ঞেস্ত হিন্দু হনে গেছে হেনে চেয়ারম্যানে মরে মনে করেন না কি মনে করছেন ৌছেন াহাইরুম কিছু বধে না বিশ্টসইতান
/kaggle/input/regspeech12/test/test_sylhet_0569.wav,ইলামুে মন্চিতাওস্থি চ্ে আতনপরেঅচ্চ্ছন্নতাআালিও মাতাা টাফদারেক হোসেন মাথায় গুরানমাথায় ঘুরে গ্রেট পুরবাংলা হি
/kaggle/input/regspeech12/test/test_barishal_0031.wav,ািরে িয়ছিরি আফিবরিনিস্টিরিয়ানতি ৩শটমিস্ক্রি ইন্ডিয়ানহন়িথেে পরাে ইকাটাাদেন
/kaggle/input/regspeech12/test/test_sylhet_0012.wav,চাকুরে পূচাখপাইছা চাকুরে চাকুরাইতা পুতাহারে পুঁচারজা করিয়া তাদ চাকুরেত বিদ্েই বিদ্যাননার ও থারীনতা আছে তারা তারা পুতাজাসকে হিইলো করে তাকংজুলি দেওয়া অব অঞ্জলি তে হইলে
/kaggle/input/regspeech12/test/test_kishoreganj_0103.wav,ািএা বইলাা৮তাারে কিনারে তা
/kaggle/input/regspeech12/test/test_narail_0012.wav,াপরামানাএইটা কইতে ঠিকপাই লেত আমার ধরবেন  মোতাখে যে বাবমারে বাধদি বাফ়ে দেহিনে তার কথাও বিশ্বাস করা যায়ি র এহনেই সমস্ত কথা শুনলে আমারয়ে যায় মেরোজ গরম
/kaggle/input/regspeech12/test/test_narail_0093.wav,মাতব্বেরে এসে তারগল হোসেনের লাভ আতে তুমে বারে ই সমস্ত কথা আবার কিছু মনে কইে না দ্যগর ভাবলেজে বা্ডি এমার কীরকধনের কথা
/kaggle/input/regspeech12/test/test_chittagong_0130.wav,াআরেে াইজাআইানজই আইমগে বি়ে হাইমনগরিয়ারে মাকপাকপদ্দ
/kaggle/input/regspeech12/test/test_chittagong_0170.wav,াাটা্ল পোটনোলগ্নাতকিকি হনা হইবেিভালাতো হতাহতনস
/kaggle/input/regspeech12/test/test_narail_0105.wav,টিপদিনাগা একজন একদন্দ্র নিয়ে আসছিলাম ওরু টিউ মারেইছিল গাড়ে অপরেশন করেছি ঠিকহ গেছে তা তোমারওঅপরেশন করে সতিষ্টা ম আছেয কিন্তু
/kaggle/input/regspeech12/test/test_sylhet_0278.wav,তখন ার আমার বাইরাদাল্ত্িকও করতার টেখা না লাগতে না নপুরটিরউঠংগিয়া
/kaggle/input/regspeech12/test/test_narail_0043.wav,েঅলগল্াকল্লা কিকই দেখেশানকেপূর্বানাকিতদফাবার
/kaggle/input/regspeech12/test/test_narsingdi_0112.wav,বোপালাসানে িজনএগে বেতনেরাতিলে মাটির ঘড়ো থাকতে ে বেত
/kaggle/input/regspeech12/test/test_sylhet_0479.wav,মৃতক পইডেবিলনেম ত াারতাবাডতে এনামোরতিওকাহালিয়াদিমনোর যে কুবিমকা আছি বারটাকুনিলইজদার া
/kaggle/input/regspeech12/test/test_rangpur_0121.wav,বতাদিঘিলে বতা
/kaggle/input/regspeech12/test/test_narail_0052.wav,একদারিবুকরি থাকা তাতান কোনদিন না ঠকে মাই নে আসবে বলবিআসে বেি ভেলিও মার্ভি়া দেবে তুই আক মািি বাতা িপালেদুিিরানকত কুদ্ধারগাই লা আমারাই লেয়াকাই
/kaggle/input/regspeech12/test/test_rangpur_0022.wav,রানাবাদরকা ্যাএনবেেনে ঘিরিাা
/kaggle/input/regspeech12/test/test_chittagong_0174.wav,ংিিভিন্ন কাহিনি আই সিদা আরলএ্যান্ডাক্স পুরাহল লেজার র কল দিতেদি তারাকুরা াাাাাজ গুজ আগু আড়াইপত্তম উতরা দুনতাহেকা হইবেএললাই থা
/kaggle/input/regspeech12/test/test_barishal_0021.wav,জারতামানে এগুলি পর্বানাবৃহলিগর মার পিলিনেম নিবোত এ্যমি মনে করতেহ় বরবাদ
/kaggle/input/regspeech12/test/test_kishoreganj_0044.wav,ওাটধুমাকি আজবাগ্যে ওয়াস্তা দেনহযাড
/kaggle/input/regspeech12/test/test_sylhet_0627.wav,জুাইএাযঅতুভবাইতে বি বুঝরার গে াঅলপরিকতনিনা ইইনাইফদেশ থাকে উমটম টেরার
/kaggle/input/regspeech12/test/test_sylhet_0073.wav,উপকটা তালোউপাসবানতেিচ্েনতুনতমাত্র টেসরি দেবাতর বতে াতে আর্দাদিলা ংনের কোন ফুঁজাওরাখেন
/kaggle/input/regspeech12/test/test_sylhet_0263.wav,তালিয়া কোনোদিন ছিন্তও হর্ছিনা চিত্রতা নিয়া চিন্তা করতিনা ইটাটুটালিসময় আমার একতি পর্যন্ত আপীলিকু মাতার নাতে যখন ও গ্যক্তিক্ামি বাইরে গেছি এরপর থিকেইটা টুটালির মাতা থেকে চারিয়া ফ্লাই
/kaggle/input/regspeech12/test/test_narail_0163.wav,মাঝাভরে তো বিসানাততে উঠতেই পারতো না গতবার ঐি মাসে আমি ডাক্ত হেবিসি কতমানু ডা রেহাইদি
/kaggle/input/regspeech12/test/test_sylhet_0223.wav,তারাও ঠামতা কাজের দিকে বাইরা তত্বা পরার দিকে আর আমার বিক্লিে তোউলোগিয়া মাক নামে পাথা একটা
/kaggle/input/regspeech12/test/test_sylhet_0601.wav,ফায়ারানিিফাইনালে ভারত যা়ি মিম নিরে গোদলাই সাত নতি বদেোারনইলিয়াে আমি নতওবা কুয়িচ ং এনমরিকে চড়াইয়ে এরপর এন ম্যানামকে আলবু হইগেছিলেে াা া  চিন্তানা কি্ছু তানকে কেমন আতলা
/kaggle/input/regspeech12/test/test_sylhet_0045.wav,েমেলি এসম্পর্কে খুনি পয়জালকে মরেতল বর্তমানে বায়বনচেেমনি বাস্তাৎ মাত্র নেমনামােআমরাতরধারি চুক্তি লেপি ভাষা ক বাই বোয়েন্দ থাক তিনজেন বা
/kaggle/input/regspeech12/test/test_sylhet_0307.wav,ির পরে পরীক্ষা চলে দুই পরীক্ষার মাখসানো২ুইটা দিলাইকি পরে আরো তিনটার রিপর ঈদের টেছে বাড়ির এ়াইনু ইচ্ছে ওসময় তাইনতাইনোবেসনি ডকুটি গিয়াতামরাবাড়ির কামরের রাস্তার দুই আড্ডা দি়ে
/kaggle/input/regspeech12/test/test_kishoreganj_0155.wav,়া এনখ কিমন পাকা বাতালি লেবুর বিতত্তা হালকা গোলাভীরঙ্গে পাকা ডালিমে ঠুট ছুট দানা টুকটুকেলার া কা কানিলে দাা
/kaggle/input/regspeech12/test/test_sylhet_0747.wav,ানর পারজান্ডা দেিয়াবিধপাতইজোাোাইবা রাাতবিকে ধোতিব
/kaggle/input/regspeech12/test/test_sylhet_0308.wav,াডডা দেড়াপড়ে মৈে ফ্রেন্ড ও আড্ডাতিরাতিতেতিতেবরে একটি ডিয়া ফরস নামেন এই বিয়া কর্তামতে তোরা দিলে ত বিআাততরা নেযে তরা কালকে তবকতে স্পেশাল লেয়াতে বিয়া করিলা
/kaggle/input/regspeech12/test/test_kishoreganj_0137.wav,কাটাল কাটাল আনাল কাটাল আনা আমজা পেয়ারা পেকে নাঙ্গি তরমুচ লিস্ট ওপচুর বলে ় ডা ডালি ডযা ডাল বাতা বাতাবি বাতাবি
/kaggle/input/regspeech12/test/test_kishoreganj_0012.wav,কুআইকণ্ঠকেন ইকিক্ষুদন কিছু লাই
/kaggle/input/regspeech12/test/test_sylhet_0484.wav,মিাইয়ান ািয়াতিাথাইমুট্রলে সপ নিয়েগেছ পাইররজাপ্নতারার তরজায়ই বগে া্তপ্রা কটবরিা কামান পরিস্িি যদি তা হত্যা অনকরতে পরে এিতা মাদিা খুনকলথ করে তাই গন ভ দ্বিতীয়সেলি
/kaggle/input/regspeech12/test/test_sylhet_0108.wav,েএনে মেসুরু থেকে বড় অখন জায়গাতে নাপপ্ল্যান করিয়ামনতা ই
/kaggle/input/regspeech12/test/test_sylhet_0408.wav,ত কালি পুলুৎপুর বন্ধকরে অংতায় নানাবাড় থাকে মারাম্মার বাড়িত পাইয আজকির বেরানেিি স্কুল বন্ধ আছেন যখন ফুলছেনা তহতে স্কুলস্ক্লুস্টাের সহন তা়িত মায়ঠালিফোন রে যফল আমে লিগেজামাহলে আমি এক লামঢরাই আমি ভাকাই এলাকায় এলেরগ হোরখারিয আমা থ্রময় হাঁটে দিনহাট
/kaggle/input/regspeech12/test/test_sylhet_0124.wav,াল্বিতিলেঠনা আফে তারা বিয়াতায় দলয়া তারা চিন্দ্রনাথ বিয়াছে দরিয়া তারা বাড়িোতেইখানাজা সামকরন ফুডরিনকে কি রকম ব্যবহার করে আদরতাদহ করেন
/kaggle/input/regspeech12/test/test_chittagong_0142.wav,টােযবিডিওরেন্দ সবি  দাহান না য় হায়দা হজ্দববা তাতুনায়িতারা শিবে হইলেইত হইে িজাইতে তারপরে ম নষ্ট ব়ে বেলা কিত্যাম িনাম্বারে দসনিতেলা হতযা হয়ালি আর কিছু বোটক্রমহা িতুকেব তুর
/kaggle/input/regspeech12/test/test_chittagong_0063.wav,াি দেয়ার এক মহিবাল গিরজনতো এ্যানাগুন সন্যাই া অকসম্যায় আই নজান এনাম হয় গরঙ্গ হতা হয়েছে তার হ়িযা জিধুস্থাপর নম বরিব আর আর দাদাও য়েদের িস্তাবা লম্বরিব
/kaggle/input/regspeech12/test/test_rangpur_0084.wav,ঐজ ই়ইদিমাহাহিনার পিরুজ বিরুজএকনাকরে ভোটালে র বাপের মতন ধরনঘরন পথাাপরা চলা ফিরে মািিাাে আ হাইনটে হয়ছে দুনির মুকুম্দা
/kaggle/input/regspeech12/test/test_kishoreganj_0156.wav,ছুটছিট রানা টুকটুকেলাল পাকারালিমের দালতকলেের ডানাঠুকটললবা৯ববরায দাবায কত পানি
/kaggle/input/regspeech12/test/test_kishoreganj_0149.wav,পুনটি প্াযইতিশুনে বালাাুবাপণ্ডিবাররে সকালে কিটনা সেকের ব্যকগাখানা ফুনটি পানি দুষ নে পলে হয়
/kaggle/input/regspeech12/test/test_chittagong_0110.wav,প নিকোট পাতাইলদায় আক্রহরন্দ নাই আপুকিলগে ইয়ানা আবহাবের আত রই আপুরেইয় হোবেসরা নায়কেিসুন্ ুলিয়ে
/kaggle/input/regspeech12/test/test_barishal_0075.wav,ট রয়াকংগাপাতাততিন িনতু এই পেতারবাইকাকুগলাকায় েপাউুইেগুলগার াছই বালাপাতার াা
/kaggle/input/regspeech12/test/test_sylhet_0743.wav,বিথাাবারু হইতান াওটলো হই পরযোদে রাকা রো বড় বুলবচাতাুলে
/kaggle/input/regspeech12/test/test_comilla_0031.wav,দীর্ঘ২৪ বছর ভাইরে ছিলাম সদিতে আমাততে খুব ভালো লাগছে প্রতি বছর বছর আমি দেশে আসার চান্স পাইছি মালিকা আমার খুবই ভালো ছিল আমআমারন খুবমানি উনি লাইক করত
/kaggle/input/regspeech12/test/test_narail_0071.wav,ওজাকারই মিয়ারা কত্রি বনা কাইদেেন েরেএ থায়ে তাহর ওররিরা বহুদ বাগান্ারের নিজস্ব বারিতাই এই সবগের সামনে রিও  ওবাডে তধানো কবাডকাহিনী যানে
/kaggle/input/regspeech12/test/test_sylhet_0250.wav,াইয়া করছে পেন সবচেয়ে মজার ব্যাপার হেতা দলেন এমডার পাখের ক্রাম পিচারাতি অিচারর বউডিএফাসতেতার বৈন অপেক্ষ একটা শিক্ষিত
/kaggle/input/regspeech12/test/test_sylhet_0155.wav,ইটে ইচ্ছাই জানতামারকি যে আগের বিনেস্থাতে এখনোর দিনের কিতে কেতা পাথক্য আছেত ময়ে তি আমরা ওানানিতেই হইতায় াখনে তো  ারথদেখছুনিবিনোধ একপাছেন চিতাকিতা পাঠ্থক পরি ুাালা
/kaggle/input/regspeech12/test/test_sylhet_0389.wav,মাত্বরা একন সময় মাত্ট রায়পুন্ডা কররুরি চোপপরিপর
/kaggle/input/regspeech12/test/test_sandwip_0015.wav,ডিমেরে বদে়ন কেজির বেশিগুলো ডিম ুিয় মাছকিন ক মেচকেমা আসেরে কসালিরেডিমেরে নদি পডরা বানাইছে আক
/kaggle/input/regspeech12/test/test_sylhet_0325.wav,াধেলধ্যে যখন ওজ কারেন্টের পেয়ার কারেন্টওয়ার্ড বা নতুনখুলো একটা ভুলবান্ড যে ভিচ ে াইবে তিরিজ বেরভিলিতাইনোটামিলাইটা আনিয়াতআমি কাগুজ করিয াছন টেবিলিকে নতুন বইফাইতা তহন আমর মনোহইত যে
/kaggle/input/regspeech12/test/test_sylhet_0725.wav,া হরতালে া়মারিগা ানতিার ডেলা খান্নের তাকে গুমরা পথ পতুন্তঙ্গলকান ্যান্ট
/kaggle/input/regspeech12/test/test_sylhet_0143.wav,জন আখিনকেটেকে তাছেন আঞ্চলিকভাবছে নাজেতাপযেমনি বাক্ছাৎ মাকরি নাি এমনাই মাতায
/kaggle/input/regspeech12/test/test_sylhet_0447.wav,জোগে়ারকবারজমত
/kaggle/input/regspeech12/test/test_rangpur_0130.wav,আও অন্য িদু রে পারো কোন েম নাই ত আমরা যে জায়গাটা আিটিেটা জায়গায় এরা ঠিক আছে এখন াইনামটবি গানো সুবেরতে নাম ঠাকলা
/kaggle/input/regspeech12/test/test_habiganj_0005.wav,ি মলাদেককেপকোন ডলােি াাাতুবনা থেলেমেয়ে হতা হইবাা একবারের বেশি অতবেশ বড়াওয়ই যখনঠিক
/kaggle/input/regspeech12/test/test_sylhet_0062.wav,নতুন দচুকু আরাে এখন বান্ধবিস্েনতাড়া গেল ১়
/kaggle/input/regspeech12/test/test_sylhet_0218.wav,ি এটলযাইন পর্যন্ত পরি দিতি এতফেমেলিটে কেউ হইয়াছে মিনিমাম এসেজিটা করিলা তখনোই লগয়া প্রাইমারি স্কুলও এপ্লাই করার লাগি যুগ্যতাসিল মেট্টিকফার আমি টার্গেটলু মেট্রিকটা ফাঁট করি দিলে
/kaggle/input/regspeech12/test/test_narail_0090.wav,মারে একদিন আমি সব ফিলে বানি  সরাসরি কথাকবার সে দিন্দুমানে খুলে গবানি াকলে দেখা গেল তুমি রেকর্ড করিলে রেখশি
/kaggle/input/regspeech12/test/test_sylhet_0535.wav,দাখাই়াবিদ আমরা িযহরটম কিতাকুদ্দিন াইআগা়গাইাারাবার
/kaggle/input/regspeech12/test/test_chittagong_0045.wav,তরল ডিংখাল ক্যান্সলের বিনহালোডে ন্ডেরলতলেদেশ বোথিং গারহা হা বাঅনবাসদিন উনামফর বিওধিনেকান আরবা তজ্ঞাাা
/kaggle/input/regspeech12/test/test_sylhet_0182.wav,েরকাহিনিকি তারবানেশর উদায়তটাকালাাআইকেওইস্থাইট ভাঙ্া হলতে পেয়া
/kaggle/input/regspeech12/test/test_sylhet_0755.wav,িউজাআলুগাবারেআপনারার মানে ফুজারমাধে আবার বিবাহিত অভিবাহিতারম্য কপে
/kaggle/input/regspeech12/test/test_chittagong_0163.wav,ল্মেযুগ্য বিত্তীর্ণ হয় অলাতকাহনটি আলে আইড ট্ান্ তরযোগিয়া তোনচত্রলা মি়বাততুকি দিনে আরও কসলোফোলারভালাভঙ্গে িয়ােরবউজিয়াম বুধফের ই বুভিতা
/kaggle/input/regspeech12/test/test_habiganj_0066.wav,জমার ভালই লাগে পুলুট বেশিরভাগ কুলগাঁছ আমার বাল লাগে
/kaggle/input/regspeech12/test/test_kishoreganj_0171.wav,এই মৃতুমুজের বিতরেরালেে গুতারকি বিত্রথ
/kaggle/input/regspeech12/test/test_sandwip_0044.wav,াবিইাআরে বন্দা ঠাওয়া হয়নি বইলম তো মাইয়া ভুজেটি দেখেনি াতাাহাবদাঁরা একবারাখুজা আয়েিোব
/kaggle/input/regspeech12/test/test_sylhet_0384.wav,পাতমী ও পেজনওতিলনা বাবির বাখের বাড়ি বাবিবাসের বাড়ি আছি শহরটি টিেকটু দূরে কিন্তু আমডার বাড়িতেকি খাতে
/kaggle/input/regspeech12/test/test_sandwip_0066.wav,রেপুলা়দেক নি়গর গুনো পাহাই বেত বলো লাগেন তবে  নিগরগুলোা বালা লাগে নাই অ্যাডোমাাডোমাসে ব্যাকাসে তাও ভালালাগে নাকা
/kaggle/input/regspeech12/test/test_kishoreganj_0146.wav,াধানিসমুজের মধে তময় রনিরাপততা লালপতথ সবুজে যায় মস্এা বাহাঙ্গীর ঠবুজজঙ্গি বাহাঙ্ির সবুল মান কাফকলা
/kaggle/input/regspeech12/test/test_rangpur_0123.wav,রমজানমাসে যে পার্শা গেজে দাম  ফ্রিজবের মিয়েতে ৩০ টাকার পাটশাক হারির তলাপড়ে না আতি পাট্সাকাণবের ঘুষ
/kaggle/input/regspeech12/test/test_sylhet_0613.wav,ত হয়ত কমল তারে ফাইয়া র হৈহইরা যায আমি প্রাক্তন স্টুরেন্টতো আসলাম আমিহ্তসলাম এরে মাফতাসুত্তাতে ছা়ে বযকিত অন আনিংসার মেভি াইটলাতাইনের
/kaggle/input/regspeech12/test/test_sylhet_0444.wav,টুংস প্রবাক থকাচারে চিে গিছে োােে রাসুবিধায়ালা ার চাাতালুয়ে যাইতে ফারবা মা একসময় গেলানা একসমবার ত্ল্যাগে লগিনি জরি চাইন মনে উরবং সুবিতার লেগেয একি ল দিকে িছু তবু নিজরবসটাকিন্তু াড়া
/kaggle/input/regspeech12/test/test_narail_0007.wav,বকিিই জারামিআমরা দেখতিতু গান ওই আলোচনাতে থাকতাম তাইু়গমে কিন্তু কুন এএবড় বড়বাই বলে কইছে ঠা হরাইছে বাবা চিকিৎসা যননি
/kaggle/input/regspeech12/test/test_barishal_0010.wav,াে কিকয়মারে আসতাসতেমরি দলা গাঙ্গোলা কএকটা ফোলা আছিল নামইল আরিফ ্যজডরাইলেদেটিক্েত্িক্রি শুরু করত
/kaggle/input/regspeech12/test/test_sylhet_0417.wav,রপ্রেমবাদ মনে করে একঘো্টা টা বড়মানঠের পডরতা গুজরানের ওখরে ফোটথায় ইটালিতা হাওয়া অপরে ঢুকুমার গই বইতাপাধ এখন তাকতি করা দুই বস করুণা সেনে ডলিবার ম্তে করুনা তাকিলেকাইয়া দুইটা ব কনু বা হারতথেকুর চিকিৎসা নেন
/kaggle/input/regspeech12/test/test_sylhet_0140.wav,লাগেিাকাতিাতালাআলাদা বার্তায় স্থানীয় নিয়েমানে এখনারাফুটিছিলেটিজে েকট
/kaggle/input/regspeech12/test/test_narail_0115.wav,কি বলা মার্যগ্ামী যখন টিউশনি করাতাম তখন আমার ম্যালাডিক ্যাডমিশনতাদের কি স্পাবলিকেসেনসপদেয় কীভাবেই নৌবা়নীতিজ হান্সপাতাতে এ কিভাবে জেলায় স্কুলে পরীক্ষা দেয়াতে এ সংস্থা জিনিামি ভারো জানি আমি নিজে প্রোগরাম সংস্থা নে়
/kaggle/input/regspeech12/test/test_habiganj_0112.wav,ক্লাস ত শব সময় ঠিককন্ত ইওঅক্লাবাইনাভারর পূর্গাত্ব বার রাত থিকে থাপতা পর্যন্ত তো বোলাতাই অনেকজন আসেই মানে যায় নাকি  পাষ্টাবজন্দের টোকট্ট  লেগা িনাজকর আবার অনেকগেরবয়কষ নেক দূরে দাখা় েগিা
/kaggle/input/regspeech12/test/test_narail_0176.wav,সয়নগোন দামএ বয়নকনে
/kaggle/input/regspeech12/test/test_sylhet_0624.wav,আআরতলসিন আমরা রে জপিএলর প্রযেন টাইনস্থোনিয়ার াকি দেখাইরা এনোনর্মে আফনারা বেছন রেনিয়া মি তাইনফইরা আমার দেখা
/kaggle/input/regspeech12/test/test_narail_0123.wav,রস্ট মার্ক তার মা মানলার তার মা মারে স বাই ভালো এই বোরততে শুরু হরে গুরু সবাই া  গের দিন তরে একের দিন কান্তারের নিয়ে তাকি দেখে দেয় আমাকে রাহুল দাইয়া দায় আমারে বলতে চেয়ে জানাবৈধিক জন্দনের বিভিননে দেখলাম বোরকাপরাটা মেয়েরা নিয়েধিক যাচে
/kaggle/input/regspeech12/test/test_barishal_0057.wav,খালিবাসিনা করি পইন্ডাল হাইনুইতাম এইত রিপিননি কিন্তু অনেক কষ্ট করে তলে হ্যার প়ও বাজারে গেলে মনোহরের বাবা লাখু ভত্তির ঘরে পোলা তা পা সাদজনার সাটা ে নআসলো কি মর
/kaggle/input/regspeech12/test/test_kishoreganj_0065.wav,বপগে চলে গা
/kaggle/input/regspeech12/test/test_sylhet_0477.wav,ুতেমানডেক বা কোনগলেলি জাকের বিনোবিত্র ুক মার একবারে ফাউনডাইল মাস ত হারিদাক পাকতে মাসতাকমালি যখাঠি অজ্ঞা ্রেসবে
/kaggle/input/regspeech12/test/test_rangpur_0007.wav,াগামালাভাইকের গেলত
/kaggle/input/regspeech12/test/test_sandwip_0005.wav,দরা গয়াছে ভলাখয়ে তারপরে দুগেছে এনা বেগ গেস্য আারবজেকু রিবতে বযক টিি মিয়েন পরতি দরকার
/kaggle/input/regspeech12/test/test_narail_0077.wav,ওগুলো তো হয়েই ুলো নিয়ে কোনো থলবি়ুাপড্ডার বিয়ে ছিল ভাল জায়গা টিবিয়েতে আমরা ছিলাম সাথে বাড়ি খাতে বএটিযে খায়ারলাম থ্রেমায়ের বি়ে ডিবোর্ট
/kaggle/input/regspeech12/test/test_kishoreganj_0119.wav,তাহা পেরেকটি গাছহাপে গাচকা হাপেি গাছকা রাছেকা না ে াাান াগাছ পুরিনটি গা
/kaggle/input/regspeech12/test/test_chittagong_0019.wav,র ফলাহাগত্যাম বলে হইতে আয়বিএগঙ্গরেফৈবুম ঙ্গরী বেগ্যমানে দঙ্গরি হইবুম বই বকুললিলে আত উপমর্ন হ মনোহদা আরো হতাও মোবাইলটি এ মগলগজ্জী অন্যায়ন চে্জ পরিভি  জ মুবাইলের তা
/kaggle/input/regspeech12/test/test_narsingdi_0125.wav,ায়াহ্যগুটলাইটটা অনকরত নাকেরে গুডগার্ডগের  নযা অনকরে দেয়াােকিম নাগন্ধ বাড় না গন্তা লাে ডরা প্রথম প্রথম এইপ্টাগ্র্যান্স্টা খুব করা লাগে
/kaggle/input/regspeech12/test/test_sylhet_0543.wav,তানিনিতেও থা আমরা তার িনতবেশ াতাহদিনতেওনো আছে দা ়খন মাহদুরে িও বাড়িতে পালাতরঅবারর কিতা অবস্থা
/kaggle/input/regspeech12/test/test_habiganj_0002.wav,দরবার ইনই ন  বেরোতেজেনাতাঙগিরে আহিংসজাআরণতান্জুত মাইনা আমি কাভাজাছবজাত াতি তারা কোন প্লালে লুপরা গেরে যায়
/kaggle/input/regspeech12/test/test_narsingdi_0021.wav,ালোসে তাসকিন আতে সমশ্যানে প্রেসট ইউনিউটে খুব ভালো হোসা এর দিকাবাড়িজে হাসান মাহমুদ হাসান ইঞ্জুরি থেকা উইঠাব খুব ভালো ইংল্যান্ডের সাথে ত্০িশ্টাখু ভালো বল করল একশহসিম্যান ছিল রুবেল ছিল সাইফাদিন ছি
/kaggle/input/regspeech12/test/test_tangail_0008.wav,ডিয়ার ম্যাডি াকেপরের প্রেমে পড়ে নয়গঞশেল একটা পোশাক নিয়াকনবার সেশন ইতে থাকে ওই সময়ে ফেডিআর ম্যারির  একটািকন্ধার সেশন থেকে অএ প্রেমে পড়ে এভাবে অনেকদিন যায় এদিকে ফেডির নতুন ব্যাডনিয়ার কি
/kaggle/input/regspeech12/test/test_sandwip_0115.wav,ারসার্কিটবোটেহাটে হেবহেেখে পাগেন বিরে পুরো বতরকে তোকইইয়াছে আরটিএটা হেহেটেতায়নেহব২ স্টুডেন্সেনএবুলে নিটা বইতে হয় বালা কইতে বা
/kaggle/input/regspeech12/test/test_sylhet_0189.wav,ং আমি ক্লাসএইটবেরাদোধ বড়বার তিন মেয়েকাজে লত তছি দুজন কর েিঠুখ বাডগছে
/kaggle/input/regspeech12/test/test_kishoreganj_0205.wav,সদস্যরালােতা
/kaggle/input/regspeech12/test/test_sylhet_0232.wav,ভিতারের লগে আমাদ ভয়েফের পার্তক্রম মাত্র মেট্রিক পরিক্ষা দৃতিয়ার মুটুরকা ওল্টিটি টাস্টপাঠরশ করিয়া পড়াগোড়া শেষ করয়া সাকরিন ভাষা দলখ্ন্ড্র শুল পুরের গ্িয়া বুইভক্বকষে না ইইতার দেখিয়া আমার বাইনতে বড় যারা তারা সিদ্ধান্ত লইি দিলাইবা ফুটলধারা এরাতোদরর সিদ্ধান্ত দিতাবারইন না কিন্তু মতামত্ব দিতা আবার়
/kaggle/input/regspeech12/test/test_tangail_0057.wav,কেউ আসলে বোইলা যায়না মানি বুঝাই কাই রকম যে আপনার প্রিয় জিনিস অথবা পিঢ় মানুষ যাখেতে আপনার অনেক দিনের সম্পর্ক সে হয়তাপ চলে যেতেছে কিন্তু একটা সুন্দর গুটবায়ু হয়ত
/kaggle/input/regspeech12/test/test_rangpur_0031.wav,লপুরলে আসদিবারেন এলাকাধে হরিপুরের দেইনও ওইজেমামাঠি ফাইআাইলকরিয়া আনাডালমাইোরে তানতাতে লোৌকে একাা
/kaggle/input/regspeech12/test/test_sylhet_0625.wav,না অপিরে দেখাইয আারকে হইরা তগরউতনিয়ারেরে আপনাানিয়া কইরা আমাকে দেখাইরেমার কইরাএর বই বাইরিভা
/kaggle/input/regspeech12/test/test_barishal_0063.wav,প্রচিশবছর হিসেবেপি পচ্লস্তরের ওপ্রেও গামে বিরিখেি হপর আমি ভঠাৎ একদিনেই হইতে রাজ পর্যন্ত একটাবিরিত্মিটাে হালী কইচি আয়স্ত ঐইতে খামনাই শ্যাট আইতিআর হয়নি
/kaggle/input/regspeech12/test/test_tangail_0107.wav,এই উর্মির তুইকে দেখতো তাতকেন নিউটপিট বাগতে পেপার পরত য সকালেই তো দেখল বঙ্গবাজার নকেকেরেরলিটা জানাজানতনা ওইখানে মোটামুটি তোর সাড়ে তিন না তিন হাজারের মতো দোকান ছিল সবগুলো পড়ে গেছে একদম থাই
/kaggle/input/regspeech12/test/test_chittagong_0146.wav,ই ি়াকরলডি গড়ি বেবলাই ভাঙ্গি গোয়ায়নোহন বুসটুসৈজেবগুগুলি এয আরকে অবস্থা আবি বেকে্ডাহার
/kaggle/input/regspeech12/test/test_kishoreganj_0062.wav,া ফ্যানটাকে মনুুল যগেযেতলায দি়াআাাতাাফুয়াইর হিদাদায়ক নাজায়া কজেদা এতকসাত পকিতা তদন্ত
/kaggle/input/regspeech12/test/test_sylhet_0313.wav,তমেবে পাটাইটেনেয়া সকালবেলা উঠিয়া গেছেনকা তারা বাজার তখন শহরও আসিল বাড়ির বার্তা তখন সবকিছু আনাওই গেছে বাইবাসাদ
/kaggle/input/regspeech12/test/test_tangail_0088.wav,্ত প্রভাবশালী ডিরেক্টর সন্দয় লেলা বাংসালি তার তৈরি আররণবীর কাপুর তন রণবীর কাপ় এটা প্রথম ছবি পারি ছবিতে সালমান খান সোনাম কাপুর রানি মুখার্জিও আছে মেইন ক্যারেক্টার আসুলে এই চারজনেই
/kaggle/input/regspeech12/test/test_tangail_0110.wav,রে যারা কাপরের দাম পা়েএকটা জায়গা যাত্াটি দেখায় যালাতে ােই ারটকি বঙ্গবাজারের আগুরলাগার পরে যখন ই মার্কেটে গেলাম আমে এটা জেন পেজ করলাম যে নিউমার্কেটে কাপড় েতামর আতালাতি পাইরা
/kaggle/input/regspeech12/test/test_sylhet_0437.wav,দরুন এপাতকাপরেভাইনাটি তড়ি ইনে গিয়েইারিকে উুতেক্ষা ষরি ভুকুলডা রিই েসফনি আমলারকিক্ুদ্র ধাতাংরিজিন জি সান্দা নামাজ ব়িয়েগে মচ্ছিত
/kaggle/input/regspeech12/test/test_narsingdi_0119.wav,বাবা় খুজে সদউদ্দিন মার্জ এতে বাতমানলািলিন খিগারমেটেুমতাহ র্যাগ রেকাভরেতাো আমি প্রধাম বাকু মতরা হাঁইড করতাছিলাম জা বাবা হেইগান গান আবার বাবাগা় তলিিলপার আবারেকটি
/kaggle/input/regspeech12/test/test_barishal_0082.wav,৫এই গাছের টামএই গাছে করামে মই ২ি০ বছর তরি জরানব০ ২০ বছরের মধ্যে দারেন একানা করথি কিনবকষগ বশবছর পরতি ফাই ়ে
/kaggle/input/regspeech12/test/test_sylhet_0187.wav,এটি বাস্থতবলা থাকে আারহনমানেখে মেলিয়ােেহ্যাকরন  ়
/kaggle/input/regspeech12/test/test_kishoreganj_0105.wav,পুকামাকর উদ্ভিদকে বেঁচে থাকে পুকামক উদ্ভিদকে বেঁচে থাকে পুকামাকর উদ্ভিে বেঁচে থাকিয় আমআবার
/kaggle/input/regspeech12/test/test_sylhet_0722.wav,াটেলিকন াহিনিপ আফরিিিিিফলাাদেঠিকটা এিততলত নিবানইিানাদি ানাকে তাকরে
/kaggle/input/regspeech12/test/test_narsingdi_0083.wav,রাইরা লাইফাখার্চবড়া ভুলে ফে়ে শুরুকর াগাইয়া যাওয়া ে তএলেলারকি সবামালাকে বড় বড় বড় বড় বড় বড় মেয়ে রাখরত দৌড়ে আন কার্সিনা কোনো সময়ই বাদ্যাতারীদের দিনের প্ল্যানকি
/kaggle/input/regspeech12/test/test_chittagong_0165.wav,সাদিয়ার তর বল সাজিয়ার মা দাহাগেবযবু হই অয়তা বলে পাচ্টাটি এক তেস্টা়গাটা সা়াকথা া াা তো ড হালামন্দিবেরা া কুখির বাষা
/kaggle/input/regspeech12/test/test_tangail_0106.wav,াআইডি ২ুটু ৬৫ ৭রকে আজকে আমরা কারেন্ট অ্যাফেয়ার্স নিয়ে কথা বলব আমার সাথে স্পিকার হিসেবে থাকবে আমার দুজন বাধ্যবী তাংৃদা আক্তার এবং িতা আখতার তাদের বয়স ১২ বছর এবং তারা দুইজনই স্টুডেন্ট
/kaggle/input/regspeech12/test/test_narsingdi_0093.wav,হাতে রাহাতিয়ে েছে রাুটেননটেন্ট নাকিসামিয়ানা ামিয়ামিয়া  বড় ় ড্যাগ ড্েক্সি আছে মায়েদঘিতাইনটনাানাকটপকত তথযবুমফার ঢুকবিলাািনে ে টেছিাম
/kaggle/input/regspeech12/test/test_sylhet_0557.wav,অলাইলনাত আনলাঅস্টা অপারেরেমবড ানেট পনতআরোকোতাইলা হি
/kaggle/input/regspeech12/test/test_kishoreganj_0178.wav,জীবাুত নিরাপদ পানির জন্য ২িশ মিনিট বেশি সময় ধরে আখতে বিসম় পানি আাঁখতে পানি এখতে
/kaggle/input/regspeech12/test/test_sylhet_0185.wav,াকরিবারিতইবইন বাই একজন মারা
/kaggle/input/regspeech12/test/test_rangpur_0026.wav,ুতসনামার কাছে দেখনি লৌষ্যের মধে তহে মদুলে  লা থকিল তরকারই আরাকলপিয়া
/kaggle/input/regspeech12/test/test_sandwip_0018.wav,াউন াাাবাাতিগরিাাুিাভাটে ঢোকালোকত য়াোইত
/kaggle/input/regspeech12/test/test_habiganj_0008.wav,আমি বেশি বরে থিনিকে নেয়া আমরাবাশারদার এ পারিভতামার পিন্ে াথেকে টিনুটু লুকরারাযা কুইন
/kaggle/input/regspeech12/test/test_kishoreganj_0052.wav,ি এলাকায় থু মাইমুন দানীনদ্রকুমার একান নেতপদিত হবা
/kaggle/input/regspeech12/test/test_sylhet_0118.wav,বিাকেছারা ন্তাকানি অর্থ ামাসির দোরগা়া গা়ি ভাঙতুরা়ত লিককাই য়াছরা এ ইতাছুডা এটিতাবিস্থান নিয়া ইত দলকিপ্রানিায় প্রেমন্ত আমার ধলি ভারানো বপ
/kaggle/input/regspeech12/test/test_sylhet_0486.wav,লইলাইকমনিগুলা দেখা রামহদিন নাও তো এমেনটদেখাইতমনা খেলখা নেয়া কতুমে বরে দেখাইতেন আমকি তোমার বতা বেতাদো ধন আমি তোমারে বয়ে পইরাম তোমার আতে মত্েে  বাবাটামকুমারতু নন তিনা ডা হাতে আপিল পরে মোনাম দেখতে গিয়ে অমন দেখা দেখতে ফারা না খানদাসুবযইর গেলা রেোইনজেকশন িাি
/kaggle/input/regspeech12/test/test_sylhet_0699.wav,নাতিনস্া আটজন িন তিননএ১রতাল নাতিনশা খুলজার কই পরেন তারা
/kaggle/input/regspeech12/test/test_noakhali_0027.wav,ওমায়টা করেদু দিনর্যন্ত ফোন দা নানানু ককইতানন আলদাদুদিন কলনা র আবার
/kaggle/input/regspeech12/test/test_habiganj_0100.wav,লেফিলেটারবিড ডিজাইন আমকোরবাবারির দারথিলেট দাইতে পারেন অন্যহান্য এলিজেবিল লেইদিতানা
/kaggle/input/regspeech12/test/test_sylhet_0056.wav,ার সম্পর্কে হভেবে কিছু বতমমং তোমাকে নি এার কাইনেতাই যে তিনমাসে আমতায় মাতচত্তর গিলা গর্বটিকি খানেচুনান না টুকেদেহইন তার নিজর প্রিয়তা করবটিক তরি নকরে অতায়ে খান্নামতদোায়া বৈনিক দায়ত্ব
/kaggle/input/regspeech12/test/test_sylhet_0335.wav,লম প়া পরিয়া যখন ব্িটেন পরীক্ষা দিতাম খন্ত মোটামুটিপস্যাখারাক পরীক্ষার দিতাম ওফোমোন
/kaggle/input/regspeech12/test/test_sylhet_0549.wav,ন হলরাজনীতি প্রাইভেট প্রাইভেটর না ধরছেনেে একেকাল নাকে পরপরিকপড়াউিখানা নন্দ হয়ে ছক
/kaggle/input/regspeech12/test/test_sylhet_0046.wav,তবংাই বড় পাইয়েছেল না িলাব অন্যরা
/kaggle/input/regspeech12/test/test_habiganj_0114.wav,োতাপয়ালাতার কিতা উত্ আনআচই কিতাম এসিসি পরীক্ষা পরযন্ত
/kaggle/input/regspeech12/test/test_sylhet_0450.wav,মাল নিয়েখবডড ডলিপরিউরি যায়রােসেইঅসুস্থ মানর তখনোা
/kaggle/input/regspeech12/test/test_sylhet_0292.wav,তকাভিনের টোখাওকাওকাও তখন মুহড়া না দাব্য করা হইকেছে তারা িঋিংটিং একটা দেওয়া লাগে অতাতা কিছু জিছই না কিন্তু ফিককল
/kaggle/input/regspeech12/test/test_sandwip_0030.wav,সাত ফুন্নাগোনানে ইয়েতািরুকিট তুইগল আতি নঙ্কা কখন ে চামাাি সাংসারিক
/kaggle/input/regspeech12/test/test_sandwip_0078.wav,োা এমনাএদে হ প্রা় ঘিলাযএনা য়
/kaggle/input/regspeech12/test/test_chittagong_0124.wav,হতকনা আহর ফুকিতারার চিত্তগিতবা মিকেচার্জন একত্তরে চিড্নতাহা হদেগিল সামনাসামনে ফুব সিত্রি ব্যাক দেয়
/kaggle/input/regspeech12/test/test_narsingdi_0051.wav,সনারি জুডিরসেন ্ন পরাত নফ্রাণববর্ণবগর্গিওয়ার্গে বিডিটাঙ্ না যাগুন লে গেলেন লাগাঅনেকার কিল্দকরে হত ধুঃকুপেতা লাইগে তাা
/kaggle/input/regspeech12/test/test_sandwip_0106.wav,ে যারনের সকচে বড় রন্ আর আবৃষ্টিতেইঅতিরিক্ত করে হেতেরই এনথে একদম হান দেডে হান্ডেডাি আঙ্গগুলোর কামরা সালি দিসি এ্ানমিয়ারেতো একলব্দি অরালায় কোন থাপলে়
/kaggle/input/regspeech12/test/test_sylhet_0273.wav,তোথা করতে হরতে আমার টার্গেটইল এখন মেন টার্গেট গিছেতা াইকিন্তু বায়েরা আমারা কুকি করিয়া নিয়গ করার দিক্ন  াবাইরারা কুটি করামান আমার রাগাল বালাউলে বাযরা ও বায়েরারা কুটি গলাল্লাগ অন পরি করি করি
/kaggle/input/regspeech12/test/test_sylhet_0673.wav,া আমার পুটে ফেলেই ওদ্িতীয়র বিনাটেবইলাংা করেতে তার বা
/kaggle/input/regspeech12/test/test_narail_0001.wav,েনা াচতাস্তাও তাদের বেয়েরক এেইনটে টিকালামদের লাদাফরি টা নাপেনতিন ফটিকি দোগি
/kaggle/input/regspeech12/test/test_sylhet_0756.wav,কোন নিয়ম নিতি মাতে াংলাদের আোওেলা বিঘ্ভানকুন বিশ্বাস থযকা পরেন না
/kaggle/input/regspeech12/test/test_sandwip_0038.wav,বাকি দেখাইছেহ্যাঁ াখা
/kaggle/input/regspeech12/test/test_chittagong_0037.wav,ই়া কে়তুরালে হাপনার কোগর কোসিঙ্গ উ্দামানের দূরাদুরে অ়রিংচি কোচিংের গৃদিকেের ইচিদের ওডেআরে কি ফকলা হানা এর ইস্তেফাহতে এদদের ই্তেফাতে থ্যাম্বেক বৈবু
/kaggle/input/regspeech12/test/test_narail_0180.wav,নেক মানস কীভাবে কে একেক কেভিকেনে নাকি অলবল হতে কিনা দে না
/kaggle/input/regspeech12/test/test_narail_0148.wav,আ্ত বিয়বরে বসিরেই গছে মির়েবাড়িয়া গাগনা মে়েছে গিরামের ভিতরে বিয়ে আসতে
/kaggle/input/regspeech12/test/test_sylhet_0710.wav,ারি াা আমার ৩লেটের ভিতপৃট রবা়িওটিাাথিানা বলতেমরা এমনি গোপপরালা গ্যাটপাখের দরক আন্তরিক শব্দগুলো দরার
/kaggle/input/regspeech12/test/test_chittagong_0053.wav,দিয়টিএ গনিরা দপটদ েএই রমিয়া কিয়াচিন্ডগরিদের আমার হুমরিবিন এই বনুরা ইতে মাইবে ইতেম মা়বনুই
/kaggle/input/regspeech12/test/test_sandwip_0090.wav,মিিরকম নি়রকামাত মানি একটা জুদিয়ে তোখরা নিয়ে কানাদ্দা হেঁতে আরও আকাুজিবএটেমন একধম সলস্তা করিলেছে তাগম করেছিা
/kaggle/input/regspeech12/test/test_chittagong_0028.wav,যরষা আগে ফাঁগে জেল খুব নিিধিপর্ণ করবনা রফেলায ওমারে দৌ বর বিয়ের পয়ে সরি না তমারে মা বিয়ের বয়স নইলে ততু ফাগি েইওাগেরত দুরোিরুদ্ধ
/kaggle/input/regspeech12/test/test_sylhet_0478.wav,যত়াবিন আসলা মানে হসপিটাল বাশাবা়িমানেই এ্যাপারম্যানে আকটা কারিগার দুই খন বাবিয আগরেনদেখলে পর পরথমরা পরতাতম রোগী হনদার আকিন্তু খেহ কোনো মন েনাঘুর মা আমার নিরবোন হিবোইসফো হসপিটাল পড়াওড়াপাবায়
/kaggle/input/regspeech12/test/test_sylhet_0746.wav,জিলামবিো ব্যনামি  ন্টাবি়াকি বুতিদেহনা অভিশভিজনবােে ১ রানের ১যা
/kaggle/input/regspeech12/test/test_rangpur_0047.wav,দিেতাাখাবার মিবরাধ বোনামাইে আতর তরাতশাই প্রতিবাই পকারেইাা হাতপাহল্য
/kaggle/input/regspeech12/test/test_sylhet_0706.wav,ািতমুবদু আপনারা আমরাহালে আপনার বয়সইইংরাটাারে
/kaggle/input/regspeech12/test/test_sylhet_0538.wav,তিখনাইকে মি জানসনে া তিন্তামিত জনিনি়াতের তগামিতাকাংষা রেমনেবা খেই নাকানিানিএালাশাািাবাইবইাত মাতাত্তাহব
/kaggle/input/regspeech12/test/test_sylhet_0659.wav,নারকামতো একটা চুটবেলার সময়ে
/kaggle/input/regspeech12/test/test_kishoreganj_0001.wav,চাতনাগা
/kaggle/input/regspeech12/test/test_habiganj_0076.wav,থলতে বালিতা উচ্ছবিদ্যালয়ের কোরছনা
/kaggle/input/regspeech12/test/test_barishal_0012.wav,র আমরােরাটি আমরাে পরতে ডাকানা কিন্তু নন্ম্রএার ামাগতাই মানুষ জানে নেই গরুণতে বুকে বাংলাদেশের প্রর্তযেকটা দিলের লোক আছে অনযদিকে এমন আইয়া দাগা
/kaggle/input/regspeech12/test/test_kishoreganj_0166.wav,ফিজিবেলে কিমানে দুবামা ফাইনালে তাা পিতকালেিে তাকে তাকি কিশিবু তাকে
/kaggle/input/regspeech12/test/test_tangail_0086.wav,ছবিটা আসলে দেখলে মানি ভাল লাগব না তারপরে আমি যে মুহিরা শেযহার কর্ম সেখা থাবার ২০০৭এর ছবি এইদার গানগুলাআমিশন ছিলাম কিন্তু এই সবিডামানে কখনোই আজকি দযহল
/kaggle/input/regspeech12/test/test_chittagong_0025.wav,ালই একবার গর্মপত্রের মুত্যুদরকা পরে মলহ়তে কালা ভুকতা হয় তংার ভুকপা হায় ল ক্যাম্বারাগেআমার মেরো হময়ার বে়ত বলে কি হানসমস্হ
/kaggle/input/regspeech12/test/test_sandwip_0120.wav,েতের একদমকরাহারায়দখলে নিলে ১৫০গ় হেরে আমিলে এ আকমধকা়ে  তলা় া
/kaggle/input/regspeech12/test/test_sylhet_0257.wav,বন্তুকে আটিয়া এটি নারায়নফুল থেকে আঁটিয়াটি প্রতিদিন লেইকাকতি টিং থেকে হাঁটিয়ে টেব নাইফুলাইতাম আবার শহবা জাবদর করিয়া নতাবানিয়া াাতাম ােমনিবাপতা
/kaggle/input/regspeech12/test/test_sandwip_0040.wav,ুলদিসেগুলেিধসিয়েও পিলিপতু সিয়াজি
/kaggle/input/regspeech12/test/test_noakhali_0012.wav,মেরকাম করার হবে মাত্র ইয়াখচিতে েিডালেনালুর বান্ধবীয় গেছে ন আাআরমকাতে ব্াঙ্াআতমাবাদী ব্যাঙ্াই ি
/kaggle/input/regspeech12/test/test_habiganj_0094.wav,কুরানিত্ত জাযই মানু মজা াগে গুরানে টেলেআমল বালা লাগে একটু পুরাণিদিক দেয়া এপর ছবিটুবি তুলে হন সামনে পিকনিকে কোতায় যাওয়ার ইচ্ছে আছে
/kaggle/input/regspeech12/test/test_rangpur_0058.wav,এইখন এখনএ যে বক্তমালে মরা মজুত রাগে তামরা লেখক ক্ু অনেকেই তা্াইরপ্রথুম রহমান বাআাদের রমানান া
/kaggle/input/regspeech12/test/test_sylhet_0147.wav,পাক্ষগত বৌতাগোমাই া়ুনের খামপটটম্তারা দুর্বল আনির মোব্বার ফ্িনে
/kaggle/input/regspeech12/test/test_sandwip_0051.wav,গ্লাসি কি লৌতুগেতে নাকি কিয় লগে বা হরিজন িশেকেেতলাআমি এে্লাসেিসেরিজেজ সাররক্তভাসে কিছু ১৫মমব অনঘর তেরফলা সাটাকাআছে নিচে
/kaggle/input/regspeech12/test/test_kishoreganj_0199.wav,অ ল়াবে
/kaggle/input/regspeech12/test/test_sylhet_0409.wav,াততরেটি করি ারামডওয়েডাটিপ্রাক্তম ইকটি
/kaggle/input/regspeech12/test/test_sylhet_0506.wav,ইয়াি লবিনেয়াার উতেজ় বেশি রেদাহেনকেপু বিটিককুদামবিজলিথাকুাকামাগাণে সেতনােত
/kaggle/input/regspeech12/test/test_narsingdi_0081.wav,একিন খেলেদয় ি বড় কোলগানেআমাতা হাইডবে শি রেখটিয়া নারিলিয়া গ্লাক পর্ব জি্দা খেলার নাম লিতারতিনা ফাই বে দাচ্ছ দূরডা ফাসপ ে
/kaggle/input/regspeech12/test/test_chittagong_0035.wav,র বান মোবকাসুসময় হারিব রে আবপাড়ি বে়োলয় হনিমগে সেজনায়াড়ি টে লিবিলে ব্রাম্মধ জনএর দ্য ক্যান্সের গয়েদ পলালাবারতেতেতা হতাআছে েনদাাগ
/kaggle/input/regspeech12/test/test_kishoreganj_0154.wav,গুলা বিনা  মোচনমপাব
/kaggle/input/regspeech12/test/test_narsingdi_0014.wav,বাউন্ডারি হয়ে যায় ওরা চককে দেখেনা ওরামডা আর বাউন্ডারি না হলে ওডারের চারএরকম অবস্থা টা সিস্টেম টযালিভিল সিস্টেমেরা ম্যানেজ করতে রেন রা ৯০০ কোটি টাকা দিয়ে কিকর
/kaggle/input/regspeech12/test/test_sylhet_0176.wav,কালারমির বিপই ৪ুিতারারবা িজাইনে াও আইনপিা
/kaggle/input/regspeech12/test/test_sandwip_0072.wav,এেদি গোলাচর ্্লাটেসভা পাইলে যদি কোন সমস্যা ধরা হয়
/kaggle/input/regspeech12/test/test_sylhet_0432.wav,আমাবায়িন তোমর বনমার তাহাে্র্যাকৈলতনতাহ বুজলা এখন এগোপর পরব রাস্তার দিকোটাটা নিকুযআরায়
/kaggle/input/regspeech12/test/test_narail_0078.wav,ঢাা় না কন বির তাজবাড়ি পরিতফুর কাল আয়োজন করে গিয়ে ল আমরা ছিলামং ঢাকা়
/kaggle/input/regspeech12/test/test_narsingdi_0095.wav,াা রিন রেন গার্টনাগরু এ্যানিমেরএনিমেলুল্লাহ লাকাতাকাভিায়ফকুম এলন কুনো কার্ঠা য়াকোকামালাছিনা
/kaggle/input/regspeech12/test/test_rangpur_0066.wav,একা ইাকাকু় আতয়কেলাাাইঐই আতনাাত হর দিনে নাই
/kaggle/input/regspeech12/test/test_tangail_0047.wav,পিফান খান রেখাইতে কিন্ পরে এ রকম করখাইতে ন্যায় প়ে বিফানখান আবার লাফ দেয়া পানিতে যায় অরএকটা আবার আলাদা এইয়ে আছে আলাদা ভাঘার ভাসের থাকার জন্য আলা আরেকটাই রাখতে যেহেতু অভুত বুঝতে পার্ছেন যে ভাগ যেহেতু
/kaggle/input/regspeech12/test/test_sylhet_0541.wav,দুপুরেবিবর তার পরীক্ষাহতাহলেশিভাগ মানে কমই যেছানা নিয়েরলটারই আমরা পাইছে দ
/kaggle/input/regspeech12/test/test_narail_0019.wav,আনেমাসেওতবাই রইছে পিঠিওতবাই রইতে মামা কোবাই এসে সেই সবাুলিকেউঠ সবকাতেমাসুন্ত স্এেমামসুদনসারের বৌ মত্ত তে  মল্লতখালী
/kaggle/input/regspeech12/test/test_sylhet_0090.wav,বৈধঅনেক পরিবর্তত চামরাজাব বইপড় চিকিৎছ
/kaggle/input/regspeech12/test/test_tangail_0095.wav,র কিন্তু স্াহিনা মনেই আসা নিয়েই থাকে যেইমান আসবে কিন্তু অনেক দিন যায় ইমানতাহেনা রণবীর কাপড় শুকিনার জন্য খোঁজ নিতে চায় ইমানের ঐ শহরে কিন্তু কারব মানে কেউ চীনের না এ রকম
/kaggle/input/regspeech12/test/test_chittagong_0118.wav,মাপাতলদের ত্রবধিলক ভাল্াহিতেিএতাআাংগত বুঝাবুঝাইতে আরে আরর ছয় া়িতরাডে তাহনা এসে মত একবার নৌডুকি এতে আলোখাক খটনাবরের আগেধুকিননা পাকবায়
/kaggle/input/regspeech12/test/test_kishoreganj_0184.wav,এলতন ইলতওয়াই ইদানেল এলোত
/kaggle/input/regspeech12/test/test_habiganj_0041.wav,ার বাইবন্ডে পডরানি বিবগন সম্ভব না অন্যতা করাই ধর্ম অন্যতারে আমার মাত্ো করতথিতি ঐন্যতারে পরাত কি বালাহই াড়িদ্বা়ে পড়াইতলিতর তর জ্বলাযন্ত্র না বাইলাতাগা মিদের বাইবুননের ভুতেতবুকি আলনাই ইতারেব আমি কিতা পরাই দাবিতা কতাও হলে আমার রাগ উদ্তেজেরা পই একটা বুধে আর েকটা এমন ্রাগুডে
/kaggle/input/regspeech12/test/test_kishoreganj_0030.wav,ইডাাকতেখারনিনিবি লাগে আমরাদিগে তো স্বব্নমও হইতো মাইককবাা দেয়া ়ো বিভিন্ন িছু ২৪ ঘন্টা ম াগা
/kaggle/input/regspeech12/test/test_barishal_0095.wav,রসংখা ে েরামিতে দেখোকৈতেকখরাব়াপাকভা ব্ধ করের নাবা়টবারি়া বুরি আমান পেবে না আমি
/kaggle/input/regspeech12/test/test_sylhet_0375.wav,টাইনটাইনওর কাক়সপর নিজে নিজে দুইবে তাইনোর খাবারদাবার্দরাি রান বিয়া রাখলে তানবুইে খাইবিত ও পরকাশটাতাই তানুর ডুই বাইয়া সি টুডেন্ট তারারা আমি খইজিদা পরতমররায়মরাজদৈ রহম স্টুডেন্ট আমুও স্টুডেন্ট
/kaggle/input/regspeech12/test/test_sylhet_0455.wav,কালমানি মানে তারা আমার তো মনোহরমাঙবন কবে সব মানখল এক হেতু যে আমার আম্মা তারা মাা মা থাকেযমার যদি খুপুয়াইকামাাড়িি
/kaggle/input/regspeech12/test/test_narsingdi_0039.wav,ারিত দহনার আগে ক্যারেন্ডাাকারণ এই বর্ণন দোকান ভায় উঁটু বরা হয়যা়তে থাইতে খাাইতে়বিদ্যুৎ ও ভিসর লোকেরা পাইত জিমুল করেন আনুপাতিকহারেকারনান
/kaggle/input/regspeech12/test/test_chittagong_0049.wav,হালকা হাম গরিবের লাইয়কদের বোটগা হাইতে হেইতরণ জঙ্গু করে অরু বাড়িতেো যায়ন রৈদিকিন হামতেয়াদলেগুতাম তিঁয়াদি বিয়ে দিলেন   াাকে হব া
/kaggle/input/regspeech12/test/test_habiganj_0030.wav,এইখালাদের আাইচ উঠে অস্ট্রেলিয়ার মাতে এতবার দৈর্ভীয় ওদৈর্িয় হাত এটা পালন করতে দৈল হকবা পরতে এতবার তো অসুবিধা লাগে না তাঁ তেমন কোনো অপুবিধা লাগে নাই একর ত্বক পুরাপুরিভাবে পরিনা কমতাম পারিও না
/kaggle/input/regspeech12/test/test_tangail_0094.wav,কোন এককা পরে ব্যবসার খাতিরে ওনেক দূরে িনকিন্তু সোনাম কাপুর আবাট রিমান্ডের প্রথম ধেয়াতেই পছন্দ হ  আরওয়ার্ড বিভন্য ও সারা জীবন অপেক্ষা করতেও রাজি কিন্তু ইমান্ত ব্যবসার কাজে যে যায় অন্য শহরের অরার কোনো খোঁজ নাই
/kaggle/input/regspeech12/test/test_sylhet_0475.wav,নামায় আমরা জীবন িবাইওধেমতুততলাামের কটা মা কান পতাহ িাে প্রথামভিন মুদ্রে কিু দিন্দু নিয়ে দেখনা দেন ুনে তাকিনা মর্তিতানজান ানি একমাস পরে দানে আমু নেতে পর
/kaggle/input/regspeech12/test/test_narail_0179.wav,১ে ১১টা সাড়ে ১১টা পল াাথানে রাতটে ১১টাো১টটা়তে পসেবেচল ১টা় কনডা খুব
/kaggle/input/regspeech12/test/test_sylhet_0653.wav,িক খুতাইনডিয়া তো এতা বরউঅনার কৃশিফেরদিতমা ায়াদা অর্থপচ্ত
/kaggle/input/regspeech12/test/test_chittagong_0002.wav,মানুষাহলে লেমারমাণে াে স্থিতি হান াতিল নিজত্বর হারাপ্লাাো
/kaggle/input/regspeech12/test/test_sylhet_0621.wav,তো আসন নেন তারানুটতি নজেরিলিবার দিতমে তাইদায মেডিকেল আবার দিচ্তে ছেনা জি ডানটা ি হাইরেনায়ের ঘুরতে গেছে
/kaggle/input/regspeech12/test/test_habiganj_0037.wav,আমি হই না আমি কই দিলাম লব এরপরে কয়েদা তোরে দিার মানতোরান্দেতামন তু একটেতো হাইড্ুর বাদ করত াওই
/kaggle/input/regspeech12/test/test_habiganj_0042.wav,বাকমার সব পরামর্শ বা যেটা মতামত সবগুলো ব়ালা লাগেনি
/kaggle/input/regspeech12/test/test_sylhet_0015.wav,বাইেট পত্রলারাগেতমান নবাইলএটি স্ত্রী়খা য়েকেউৎসব আনন্দ উৎসব ধরেনতানবাগনানিতকে যেজে আফারেে
/kaggle/input/regspeech12/test/test_rangpur_0049.wav,বটাশুধ্দী নীতে হই মোটাসাগধন আজেএলাওরাখ ওয়া হামরায় খারাফো
/kaggle/input/regspeech12/test/test_narail_0121.wav,নাআলের এই সায়েন্সার বলিছেআগেও কথা হলো সায়েন্সারগুলো বিস্তিটাওরে দিয়া
/kaggle/input/regspeech12/test/test_rangpur_0062.wav,এর ওনা তাবের মধ্যে কি ওরে আল্লাওইে থাইদিবচ টিও দেয়ামর থাতে এসবে তাবি েনি কবলে আখলোব্রথা়দিমন্তই মোঠল মানে নুয়া
/kaggle/input/regspeech12/test/test_sylhet_0712.wav,ঝাা হইন্ডানি গ্রালতখলে একখাপেতা
/kaggle/input/regspeech12/test/test_noakhali_0014.wav,নাা ারতে ালোজানা বন েলাটাাকলা ওদাতালাখুলাা হাকালা বিনপিদে লপরংররগ্েিে
/kaggle/input/regspeech12/test/test_kishoreganj_0060.wav,আই পাল্তাতে নাভাইস নাা ড়াে াে
/kaggle/input/regspeech12/test/test_habiganj_0034.wav,ালা হরতে বলা হ়নি মি তো তুরদাকেত্িকখালি পাইতাম প্রান্তামরানতা ন আমার মা বেশি কুলতার প্রকৃত না তিত্র তাকতে ত আমি তাইতাম হালি রামতামরান্তামহন মর মা বিথানো হয় ক্রিয়া আতু পুইরে উইরা মরবে রান্দাদগিয়ে আমার লেগে আরও দুই বাড়াইরে কিন্তু আমি তাইতামহালি রান্তা ব্রান্তা এরপর ইতা হ়ত তেমা দেরান তো আমি হালি বইয়ে হইয়া দেখলাম
/kaggle/input/regspeech12/test/test_sylhet_0453.wav,ফুরিআমার কুটাল দুর্ভিনরগামার বুঝা যায় না
/kaggle/input/regspeech12/test/test_sylhet_0373.wav,এখন কূরতে পরিস্থিতি মনে শিক্ষারদিক্ষার দিকে মাে মাঝে আক্ষেত হই তাকরও আবার আ্লাহরপতিতে বিশ্বাস আমার ফিরাই আমেোষ্টা করিয়াািয়া ব্যাংক বলা করাকিাহেমেলি তাকষারে প্রথথান
/kaggle/input/regspeech12/test/test_tangail_0034.wav,আসলেই গাঁটভাগ্যে মান ভাগ্য দারছাতে লেখা থাকে তার সাথেই আবার ঘুরে ফিরা একটা নূল হয়ই আর আচছে এখন আমি একট আরেকটা স্টো স্টোরি শেয়ার কর্মে সেরে হয়েছে লাইফ অপ পাই
/kaggle/input/regspeech12/test/test_chittagong_0113.wav,ভসালা নিথনধ ভযর অধিিক্ত অ্যান্ডোড গরমে ফাটাইপালার যে ঘরম্পিড হার মুথদাহ ব্যহত হবে আজিনা কোরানদে দুল্নাথপদিয়ার
/kaggle/input/regspeech12/test/test_sylhet_0367.wav,আমার কাছে একটা দিনেক সব সময়ই মনে হয় আমি অপটি মিচ্ছিই গামি আল্লাহকে বিশ্বাস করে এবং আমি দেখছি আল্লাহ প্রদেপরজামাকে অনেক সহযোগিতা করছে তুশ্ আল্লাহ একটা মানুষকে যখন পাটায় তাদের দিকের ব্যবস্থা করিয়া দেয় এবং আমি আমরা হাসবেনও এক দিয়োজ নেই
/kaggle/input/regspeech12/test/test_narsingdi_0137.wav,মেধাবীমিডিযআাতে দাবিরিকে এটিজমিদার গাড়িতােঅেক টাকা লাগে পিরে হেদিকে  ডাঙা
/kaggle/input/regspeech12/test/test_tangail_0004.wav,ফ্রেডির সামনে ডাঁতগুলা ফেলি একটু বড়ো মানে আরা স্বাভাবিক মানুষ দাত দেহা যায়না বাড়ি থেকে কিন্তু ফেডির সামনের উপরের দিকের দাঁতগুলা চুলেতুখ উঁচা আর বড় তাই মানে দেখতে কটো লাগে
/kaggle/input/regspeech12/test/test_sylhet_0297.wav,গুরুত্বপূর্ণ কিছু না যার স্তাইনও হেঁপি থাকলা তাইন যদিটা পেমেন্ট করতা পারেন প্রপাল্লিত তাইনো হেঁপি থালা তাইনেরও গিপ্ট দেয়া ইল বাবা মাযওও খুপি থাকলে সামাজিক যে সংস্কৃতি অগ্য পালন করা ঐইল
/kaggle/input/regspeech12/test/test_chittagong_0138.wav,েের একটামহই ইতার হোবুদে মানসল়দাও তাকরোানিতারা ত তুলা লাগেইতারা গলত টোয়া একদফারে হরতরাএকগোপাডাংিছু লায়াত কিরগুম
/kaggle/input/regspeech12/test/test_narsingdi_0016.wav,ইল দেশের পরিস্থিতি উৎস অন্যান্য দেশগুলোতে থা়ক অস্ট্রেলিয়াতে নিউজিল্যান্ডে এক মিজেল স্টাযরক অস্ট্রেলিয়ার খেলতেও বলের কি গতি ইংল্যান্ডে দে জযমস্যান্ডারসন
/kaggle/input/regspeech12/test/test_sylhet_0551.wav,আরাসা সপ্তাহারে তলারা হইলাম যে থেলাডিও কুমাইয়া নেইপইরাথেলারনীলে
/kaggle/input/regspeech12/test/test_sylhet_0022.wav,অনুসাগজাা করার পরে মার হাসে জঞ্জুলি টাইমের চময় মাইকেলাউন্স করে আমরাগঞ্জুলি দিয়ে  পূজা করা সপ্তমী পরজা পূজার পরে এখানে প্রসাদ খাওয়ানো হয় ানে ঘরে আমরা খুববেশি আনানদা় তব খাওয়ানো হয় তারপর এ ধরেন কিকিউরিটি চে়ি খাওয়া তব কিচা সপ্তমী পূজা
/kaggle/input/regspeech12/test/test_narail_0006.wav,পযটপাইুে রে রক্তক্ষবর আমরা কি তো বা বাকে কইতেনেকি যেই জমতি এই ওইজমি তই এ সব কম েবে কৈএতই দে এদে় গমিতাতিরা খাইতি কে নিতে এই জমান কেলে জমি ডানাইনতে একজন ি
/kaggle/input/regspeech12/test/test_tangail_0071.wav,এটা বরুন ধরনের একটা মনে একটা জায়গা করে নেয় পরে বরুন দাওয়ান ডেইলি কাক ফেঁজ করে হাসপাতালে যায় ফিলির সাথে দেহা করে পরমানির যে কুমায়র গেছে গা মানে সেন্স যে নাই পরে ও সেন্স ফিরেয ানের ট্রাযই করতে থাকে
/kaggle/input/regspeech12/test/test_rangpur_0091.wav,ইাহিংপা পুরবালু লিখমা কায়েন্তে  মধ্যানি তুলছে তো ভালয াো যুদ্ধা মেলা নাইগাহল লই
/kaggle/input/regspeech12/test/test_sylhet_0151.wav,তারা কিতাকরেপরা েপুরোজনত বিয়ফাইনালগুলেছে য়াািপ্রোজনা নাইাা পারি প্রিকম খুব বকটাা
/kaggle/input/regspeech12/test/test_sylhet_0697.wav,এলেতিনব কিংপু নািেটা৩টাি
/kaggle/input/regspeech12/test/test_chittagong_0076.wav,ই বেসরকারি রোডে টেনশন না সলকায় লয়েলেয় সরকারি মতত কাত নসরকারের মধ দৈলিত টুই সাই সল্ল়েরা খরিবে আডরা়দা আেল সাজকলে খুঁজি সরকারিত মনবিজ্ঞানাত
/kaggle/input/regspeech12/test/test_sylhet_0230.wav,াদে়ইলগা কোতা করতে হরতে পরতমলস বেকলে আমার পাযইনতে না করিয়া বইন না দেখি আরেদু দেকি রেজলটা খামতার বা়ো পতাহতা হইয়া হইয়ে বাঅবশ্যে
/kaggle/input/regspeech12/test/test_tangail_0118.wav,কিছুকিন্তু এখন একটা দিনে ভালো যে শুধু প্রধানমন্ত্রীরর উপর ডিেন্ড কইরা নাই দেশের সবাই চেয়ে চাঁর জায়গা থেকে হেলে় অরানটেল নাগাস এখন ডিফেনটলি দেখতে ছিথিতু ব্লগার রাফ্তান্দা ছোটভাই
/kaggle/input/regspeech12/test/test_habiganj_0048.wav,কইগি়ে ঠুপাইত আমি গিপপাইতেতে চুরি বাইতি খানের াইপিজামা দিতে এপরেটপুতলা তেনাপ্রিয়তাকে আমারে পুতলদিত বেশি খাতের পুতুল
/kaggle/input/regspeech12/test/test_kishoreganj_0181.wav,অরেক ততবল কা অতলগিলু তোল এলত হলতেলতহলতেলত হলুতেলত হলতেলতলত এলত হত
/kaggle/input/regspeech12/test/test_narail_0080.wav,আমি কি আমেকেতরা বলেতি আমিরদু অকুশই হতাম তানু কথা বলতাম না িুকালের বাসার লোকজন
/kaggle/input/regspeech12/test/test_habiganj_0082.wav,লবার গ্রেপতার করে াসরমানে মারা যাওয়ার আগে ্লব্লাসমামারা গেছে২দুবাইবই পু ডাক্তারি মরাশে সীমান্তা ইন জ্কপুরেন্টহসপিটাল র
/kaggle/input/regspeech12/test/test_chittagong_0065.wav,ইএ সিবি মাত্র তিনদিনারো হ়দিন্ন লাগিবনা বিএসএফ নায় ৮টবিএলে নয়তো জনগ বিএসএফ ইয়াহাবিন বিএসএ বিয়এ নহাইত এযনাতুকু ঘডামে শিবি
/kaggle/input/regspeech12/test/test_kishoreganj_0076.wav,হলকুপনা
/kaggle/input/regspeech12/test/test_sylhet_0294.wav,মিমর এক ফেব্রযারি লইয াইনামাওয়ারকরেতগেলাম গোল্ডের দোকানোদাউনটুকানোর বোম তিন্তাম
/kaggle/input/regspeech12/test/test_kishoreganj_0201.wav,কাই াইএমপিতারাবিবিদ্রুত তাাঙ
/kaggle/input/regspeech12/test/test_rangpur_0076.wav,ংুটা মার উপ
/kaggle/input/regspeech12/test/test_sylhet_0663.wav,তাইন কালা লাগবাতে তেনত কালাএন না তানি লাে মাাান
/kaggle/input/regspeech12/test/test_barishal_0003.wav,ারে গরুগর ফ্রান্দীতে মার দেনাপেয় উত্তরবঙ্গে কালকেনিযেটে দেহাকেকারা
/kaggle/input/regspeech12/test/test_rangpur_0074.wav,কত ঘ়ি লাইগরা হ  কয়িতে
/kaggle/input/regspeech12/test/test_narail_0036.wav,দারে খালগুলিক াগে জাগা বলত আগে বিতর বাবার  িট্থা
/kaggle/input/regspeech12/test/test_sylhet_0705.wav,এখন আপনারধর্ম হিন্দু াতননাতন ধর্মাবলম্বে মান পতা
/kaggle/input/regspeech12/test/test_sandwip_0100.wav,আইনে তুবু খরচ করছে এবং দিয়েহার কতা খরচ করতে নিক্ষেপ করেন তাতা দে এখইেদিকেতা হরা কাটাতিকরাাম াাটিবিডারে অদ া িাাকছিলের জন্য কনমাথিভাবেমা
/kaggle/input/regspeech12/test/test_narail_0145.wav,তাতো অবশ্যই কি বলো তুমি এইখানে আসবা সন্দ্াস্য ম াসবার আ় থাকবা প্রতপপরিন করবে লামািে
/kaggle/input/regspeech12/test/test_sylhet_0217.wav,মিও ধরঠিতে হাউলদুয়ায় পিটা তন্্রার জন্ম গত একটা ফেট রাভান মাযনব় বর তাঁদিয়াছিলউবমর বাগি রাতা দেখিয়া উই া বৈনের খাক্াত্ত গইনেন খালা তোমা মতো বইলিন সব হাগুভয় আমিও মনে হাগুবই ফুলব কানিতু মিনিমাম পরিলিতি কুলখান
/kaggle/input/regspeech12/test/test_chittagong_0169.wav,র রাততাজে তেমন অটা নহপহতাহাই যেনা নাকে অন্য কিছু ার ়ফুভিবা বালাখানা
/kaggle/input/regspeech12/test/test_narail_0009.wav,মিগুলামজে কিয়ে রিথেন ঠাপয়সা টাকাপয়সা তো আমরাভাসি ১শ হাজার ছা তা শুনলাম যাত মেকত ঠাচনামাগে চিকিৎসা তেই ঠাবাসাতআলে কি আলো আপনি খাইফে নালে আমরা খাইপি কতালিতই লাইনই থাক আমারা লাইনি থেএমনইক্ছাথে কথা কলো মনের সাথে কথাক্ে যে
/kaggle/input/regspeech12/test/test_sandwip_0118.wav,নযাতের পাওয়া আয় এ পর্যন্ত তককিতু মস্তা র হইয়ানে শেরজোদত্তে িকোনালিয়া পাকিথনও াোে৮মরমায় নেলে লেখা়রাখা
/kaggle/input/regspeech12/test/test_tangail_0067.wav,সেবসতে গেছিল সময় অমানে পিছলে দায় নিচে পড়া গেছিনিচে পড়ে যায় কিন্তু মানেকদমানে পড়ে যাওয়ার ঠিক সময়ই বলবলে গেছিল যে হয়ারিস ডযান মানেবুব বরুনধন কোথায়
/kaggle/input/regspeech12/test/test_sylhet_0128.wav,কর প্রতিমাখেগরমেনাদেরা বেবাতন বিব সাবান ুটরেকপাইতে লাগিে পাউদেন মাটাইমে ানা
/kaggle/input/regspeech12/test/test_chittagong_0013.wav,সান্তরাবরা আগে তিন নদী টেমাহান দুওয়েবসাইট ব্যবহৃত আরো হুদুরত ধঙকরি বিবস্তরিলাঙ্ােমার সহদেিমাস াতনমাস সর্ষ বেরে হবা অ
/kaggle/input/regspeech12/test/test_rangpur_0089.wav,সগালআাকিরিখাতির
/kaggle/input/regspeech12/test/test_sylhet_0617.wav,তা তারিনিকানি ়পেনে দাইজা খালকে শনিবারাইান সবকিছু িাা়িা তারোা
/kaggle/input/regspeech12/test/test_sylhet_0127.wav,এদাম মালিকটাহে েতারা হটাতাইলে আওযাওয়া করে খেয়ালকেয়াল হবে এম্যাদে হাসিনাকে করে জেহাসুনা মেনাজারা সেমেনাজারের প্রতিমাসতু ইনচি টিকিটে হাতলে নিব
/kaggle/input/regspeech12/test/test_sandwip_0022.wav,িকামোেরতেনানতেন োাকি আলাররগেছে াে
/kaggle/input/regspeech12/test/test_comilla_0002.wav,আমরা ন০ ৫ াকে আমরা দুকরই ১ন একটা রুপই পালাজন দিন দতন যিরদাম ৯৫ োরাদা দাম খাে পারে  ৮াইডা টা থেকে ৮০ হাজার ৮০ হার ৪৩ ৯০৯০ থেতে ৯ান মোনে হয়চোকে ১কলাঠ হ
/kaggle/input/regspeech12/test/test_kishoreganj_0131.wav,রকমের পথ সে বলে হে ফলে অরেকরকমপলেজে ফলে অনেককমরকম পিননাননান কোথা
/kaggle/input/regspeech12/test/test_barishal_0051.wav,গরুর মাতুন খাডে তা এ বেড়ার চটটা জীবন মূ পাঁচ দিনের দশ দিনের মাথা যুতি একদিন ধীরেই নে বইয়ে থাইনে হেদনাগউদ্দিনে মৌরই মনে করে রেস্পা খেলেন কস্কস্কস্কস কহাইয়াত মুই মনে করেন ভাল্ ঠেইনে
/kaggle/input/regspeech12/test/test_kishoreganj_0141.wav,টরমোলুগে থাপিটনা জগাদে মাটি দুন কিে মাটি দূষন চি
/kaggle/input/regspeech12/test/test_narail_0141.wav,আ সতিন ভগ্নিভর্তিকণেনাতুমিতে হাই কেউলদ্যস্ত এআকিদা রাই
/kaggle/input/regspeech12/test/test_sylhet_0156.wav,টেলিগ্রামটেলিগরামকি চালি ২ুঅনবৌতবালাজিন্ডেগে ই এলাকা শিরকমার তেল লাকা যে তথহালটং্গল আছে
/kaggle/input/regspeech12/test/test_tangail_0003.wav,পরাতর ভোকালের এতই টি মানে বুঝে আতকি কিন্তু ভোকাল তো একটা মেনি থাকে না পরে ওরা পরে নিতে চাই নাই কারণ ওয়া ়র আগে গানটান করে নাই
/kaggle/input/regspeech12/test/test_rangpur_0009.wav,কাইজ
/kaggle/input/regspeech12/test/test_sylhet_0358.wav,ুলনস্তু হুইমু যেতমা টার্গেট আসিদ পাশাপাশি আমার একটা পেটাওটা আমি ডায় এনবিটিত সেই কারণে
/kaggle/input/regspeech12/test/test_narail_0186.wav,মি ২৩ ২৪ তারিখে াবরআছে কালকে যে সন্দেষ্টান্দ্েস খাওযায় আসলাম কালকে মির্জাফুর গিছিলাম আমি আই সকালে কালকে সকা পি
/kaggle/input/regspeech12/test/test_narail_0111.wav,তুমিয় তুমি কি কলে কারণ অঙ্কুশিরি নিয়ে কারিয়াত একটাবোধেও কালিয়ায় থাকব খাইবে বিকতে দেয়াব কারণ শ্বায়নচার রোেলের নিয়োগ খুব স্বপ্ন অবস্থি
/kaggle/input/regspeech12/test/test_sylhet_0213.wav,ারবরএটাদেখি নাম দেখি আমরা পাইবেনেইতে খু হাস তৌফিক ফুটেবিদ ফুটে নাময়তো িতাকরিমুনদেতা জনদকদুরননেতা কিতা
/kaggle/input/regspeech12/test/test_noakhali_0022.wav,পল় কনির একটা
/kaggle/input/regspeech12/test/test_chittagong_0136.wav,রুমিাভরআনে ত নজা়িতার হতা ফ হদদার তুযআইনাদায়নগা হদকিল্ানগাবি আয়হতদে আপনাদে মনো ত অরজনতি বেশে থাক নামে নগরী বেশিবাইেই সেই ভতক
/kaggle/input/regspeech12/test/test_narail_0114.wav,ভাইভি বযক্তি পরীক্ষাটালো দিয়াব দিয়ায়তর কুল্যা জেলা স্কুলে বা পাবলিকি বা নৌবাহিনীতে গৃহ কোন একটা মলে সবকরেও এই তাই তাউরে আমি নিজিব পাব
/kaggle/input/regspeech12/test/test_chittagong_0042.wav,আগহে আমাগোয়ানা আরলেেনের গড়া বে আমিতই নহাই টু়াটি বোকিং নিউটিউট গরেকে বেকিন গাারেখি
/kaggle/input/regspeech12/test/test_comilla_0007.wav,ওমানে প্রথমে বের হয়ে গেছে দুললার মধ্যে বসার জন্য া সবটাকথা আমী রুহীর মুখেই শুনছি যে ও দুললাতে যে প্রথমে বসতে গেছে  তখনো সাথে ছিল ওরফ্রেনটা আবারওরমানে একম ক্লোজ এক স্কুলের প্রথম দিন থেকে ওষাটে বন্
/kaggle/input/regspeech12/test/test_chittagong_0145.wav,কেরেতুরা হন্দে হততত নুনার াবিলা স
/kaggle/input/regspeech12/test/test_narsingdi_0105.wav,হিবারনাইি রারমারকাখু পরিপখ ইরামলা় সিদ্দানে সাড়িযািতা জাজেলি ইতানথিলিতা ডাকবেগু দাঁরখুজালি আরোই হেঁডে কিয়েছিল কাকারত বেলিয়া ফাস্টার ফুডিং দিয়েছেন্তা বাচ্চা রাখায় মেঙগো
/kaggle/input/regspeech12/test/test_sylhet_0280.wav,লকিাত মরকুময়াে লেকায় দেেের মানষত না  একটা পাবলিকপার্ থেকে ৫া০পরুমিলে লাগে তোলাল নেবেলের পুরুষ লাগা জিটাগ্রামের মধ্যে এভেইলিবল না আর আরএকটা জিনিসবিন্দ গিয়া তখন গ্রাম্তোঘ্রাম মা
/kaggle/input/regspeech12/test/test_sandwip_0060.wav,র্যন্ত শারিকিরিো মাগাকি হাত ঢুকছে অনেবেতা বিশ্লেমকও বাবা কেনে থাকম শাহনি রাখি কর মারোহীন তেরে না হরিয়ানহংদিদিতে আবার হেতে খুলি জাগ কদ্দেনিতে কী খামল খালে শারিরি
/kaggle/input/regspeech12/test/test_habiganj_0107.wav,তাং শুরু ল ২৩া ১ংরি অনুষ্ঠাক শুরু ইসলো আর সেসবে ১ তারিখ বুঝার মধ্যাআবার কিছুদিন পরীক্ষা করবো আকলানজে পরীক্ষাই দাছে পরীক্ষা অনকসময়াকে সাধান্ত পরীক্ষাওই তায় কিন্ত আ
/kaggle/input/regspeech12/test/test_kishoreganj_0134.wav,কলাকাটাকলা কাতরমুতেপিা
/kaggle/input/regspeech12/test/test_sandwip_0131.wav,এননি এক বাংী জীবনে হ্যাসান তি নিবেন এবের মেক্সিকেরকের যদি খারাপ রাসলপ্রতি মশকারাই েবাপেবরআতত তরমাল পুনরােহাইেতদিনে আরো করদেন দা হিন্তি া লাখান ে দিয়েদিোে নাসুল রাহমান হি লাই করছেন বি়ে
/kaggle/input/regspeech12/test/test_rangpur_0102.wav,ন্তুচের সাথে কথায় াবিচের সাথে কথা হয় নাইওর আগৌক হইবে আর
/kaggle/input/regspeech12/test/test_sandwip_0042.wav,র আমআইকোকন আইতে মনসি বাাহেবিলোছি
/kaggle/input/regspeech12/test/test_rangpur_0001.wav,মকেরোসাকাই পানিই খাইবে
/kaggle/input/regspeech12/test/test_sylhet_0094.wav,াা েকি কিনাদারাদোকানবাকি লাগে ২আবায়াটফিকটি দাওয়া খ্ুতরা
/kaggle/input/regspeech12/test/test_sylhet_0588.wav,এ্যন্ডেরাহায় আলেনইতাললেবেটাএাপবে দেটা করাযাে থিবে একটি তথত টিগুন পরিয়াওিাগানে কাল্যান্ডেন
/kaggle/input/regspeech12/test/test_narail_0175.wav,নয়নের বোৌ থায়েকনে আন
/kaggle/input/regspeech12/test/test_sylhet_0748.wav,তিযোগিতান আস্তায় টানে াাাইদিনলাহবানু ানে এর াসুন
/kaggle/input/regspeech12/test/test_tangail_0056.wav,অভিয় সব কিছু ছেড়ে দেয়ার একটা অভিনয় কিন্তু যেটা সবচেয়ে বেশি আর কি পিরাদাইস বা যন্ত্রণা দেয় সেটা হচ্ছে একটা মোমেন্ট জেটা বুধবা় বলার একটা সময়
/kaggle/input/regspeech12/test/test_narail_0170.wav,জামাইকন জায়গাজামাইকোন জায়গা
/kaggle/input/regspeech12/test/test_sylhet_0385.wav,েট ভর্তি করাইি খন ভর্তিপরীক্ষােো খাটিস্ফো্ট র
/kaggle/input/regspeech12/test/test_habiganj_0047.wav,বারিশের িফট দিতে বালা লাগেদে মানুষে গিফ দিতে ভালুই লাগে ডেইবিপিও কেমন ও সামর্থ্য অনুযায়ী বিপি গিবদিতে অনেক বাল লাগে
/kaggle/input/regspeech12/test/test_rangpur_0020.wav,খুব ভালো নারমজানমাথে মজাহলে ছােে ্া মনে য়াকি নাপাাদাতিডিমবাজা ভাইগুনবাজার পিয়ারও
/kaggle/input/regspeech12/test/test_chittagong_0161.wav,পচা করেকজম বাস ব়দে মাসকোিামৃত এি তিনুমানিত সারকারেকাল বাকি বাাউতাদেরটি আমরাএদিন কপুগনালে যেতে আলতুশতুসারকারে ততটি লো নাচকত্টি আলও
/kaggle/input/regspeech12/test/test_sylhet_0472.wav,জা়া খুন জিনিস বইনিহর কুনবনের কুন জিনিস প্রকল্প খুন তিনিততেহাই বখে বাইিএটু
/kaggle/input/regspeech12/test/test_sylhet_0304.wav,স্তামপারি ওকন্ডিশলে বিয়া লানসা ফ্রিকারফে রতাইনু তাটর মাবাবরে বুঝাইছেন যে দুমরাদের কু়িতে গিয়া ভুরবিকতি আইছেও সুরিরতো রাধানল দাখাইতায় াা ারাইিত নাস্কিলার তাকতো তাকরিত পরীক্ষা দিতে তা হর্তাতা ঘরত হ
/kaggle/input/regspeech12/test/test_sylhet_0020.wav,াে প্রসকিদি২০টি দিন পরপরথমিক সন্ধ্যার সময় বেলগাতে নিতে পোজা লিনসপোলকাছে নিসিকুজাহরাককমি ধ্যাঘনটা টাইন পেকারশটিপ প্রায়
/kaggle/input/regspeech12/test/test_sylhet_0732.wav,ধরণবিদেে আর্জপকটাতালে কোনকোন আয়োজন করে উত একয়েকটা নামহইল ারো নামটা
/kaggle/input/regspeech12/test/test_rangpur_0039.wav,পনদানিতে ভালো এই ব্যকারগুলো খুব ভালো িপকে ন েলাগেমুই
/kaggle/input/regspeech12/test/test_rangpur_0082.wav,আমার মা যেমন অভিনয় ধ্েমন করিে হামরা মা ভেডরে দেখতি অতন করি হামরা আংলা কিছু শিকতি ওদেশ ফাজানেরা বাবধামন সাদানের দেখতে এখনা কিছু কিছু
/kaggle/input/regspeech12/test/test_chittagong_0005.wav,িবিসমুটুন এহান্তা আটা দে় ন বইয়ে সকালে কানাগরিতা ইয়র বইলি বই তা িটা াই ইলাস তাআযাইয়েরে হইলে বিচারা ২ুকিরলা
/kaggle/input/regspeech12/test/test_tangail_0012.wav,ফেরিমার ক্রিডাসেলের ছিল হোমো সেক্ট়াল তার সাথে অনেক ছেলের সম্পর্ক হয় আর এই বিষয় টাইম্যারিজে সিগুলো পর ম্যারির  দে ফিলোস আর ওয়ার সাথে আরকি ব্রেকআপ হয়ে যায়
/kaggle/input/regspeech12/test/test_sylhet_0581.wav,ইবার যে আমরা শে খাকুনা পার্করিত প্লেসটা একট দূর টইল সুন্দরুা দুইটা রাইডসরটোরেলাড়ি একটাাইট্রে
/kaggle/input/regspeech12/test/test_chittagong_0060.wav,নবানি কিরতাখনো প্ল্যান টেন্নাই তর দিটিগল্তন রিলিসপাদিল্লিস পেপার লৈও নাসিরিকলচত্তকিনলাই
/kaggle/input/regspeech12/test/test_sylhet_0239.wav,খনও হারাজগোল আমরা রকরত্র পাইবুয়ার আমলারে পদ্তাথি করতে আপবানাই করি়াযমন়াই এ তা কিন্তু করত স্যার আমরা একটু দেখিলে ও দেখিলাই হয়ে ও দেখিলাই দিতিসে নেমাত বাই ওমারানিয়া
/kaggle/input/regspeech12/test/test_narsingdi_0122.wav,বইন প্লিজ এর পটাই লাগাস্কানাএ দেখটাখাসা দেখতে কেসুন্নান না চাকটিে একইকযারেকটার দুরূপে না এসে হিউমান থাকতে হরায় মুজান উুচস জিহারে ড্যামনবানারিস
/kaggle/input/regspeech12/test/test_tangail_0021.wav,২০০১ সালে রিলিস্পায় সেনিনডিপিটি আমার অন্যতম বযাফেব ়ক মুভি কারণ এই মুমিটা একটা লালস্টোরি মুভি র ছবির নায়কথাকে জোনাথানার নায়িকা
/kaggle/input/regspeech12/test/test_sylhet_0394.wav,১েকসমস্রসিন্ধি মাফে উপনেবর জন্যে লাগেন আকটা পৈবিবরে ঢুপেউিয়ে নাউদ তুগেকিছ মনে
/kaggle/input/regspeech12/test/test_sandwip_0025.wav,তাহিদে এ০হই এলাকারা় মানি সবসম আসফরনতের ঙা জাহিদাদের সঙ্গে সেবত্তে আসে সং্গ আস ফরাকথা চায়গাসমাপা দেখবেন আমনে অ্যঙয়ার গমে ডাাস
/kaggle/input/regspeech12/test/test_sylhet_0040.wav,ক্ষির খোয়াক কার থানা দুর্গায় সবঘটনাতে পানি নি ঘটটা উুচ্ছেনে পানি নিয়ে তারা াএই পানি বেপড়েও আমাদের হাতে এটা সবাই কেটে দিকে অপরাজিতার ডা আলা তাপুলের ডাল আরেকই কেষ্টা করে মন্ত্র উচ্চারণ করিয়া
/kaggle/input/regspeech12/test/test_chittagong_0039.wav,হিত্ হদে আড্ডাওদে পরাদ্দ লএকতিন দামির জুড়মরইদেখেন আদাগদি কিয়ারগরমি বৈধয়ালাকি ৮ন্র পরাহারি রমজনমাসে ফল হানা
/kaggle/input/regspeech12/test/test_noakhali_0024.wav,একধলা কতাআলাদা এিত্বাঙারে ইত্বাগাম্ভিগল রয়াগবিলিা এদেরোবদ্যিতঅংকা
/kaggle/input/regspeech12/test/test_sylhet_0178.wav,কযন্ট রািত্রনি আইসবাইডে মাইলা হাইপাইকিু়কজনকযাও মাদ্রাসা চাক  এা অত খরশালার মতনকপরাা
/kaggle/input/regspeech12/test/test_narail_0185.wav,
/kaggle/input/regspeech12/test/test_sylhet_0603.wav,িলেম্যাডামের ক্ষেত্রে যখন ছবি টবি তুললাম াভিমান জেওয়ালা লাক ছাড়ে নয় ন আমার তিনিবেে নয়নচিন্তানানি প্রেমাট পুংলাকামানে
/kaggle/input/regspeech12/test/test_narail_0044.wav,ভাদারলের নাতা রাকলদভাতারাজ দাগা রাকলো তর বাাওইগইভাটা খুয়ের খুঁজ দেখে দফাবারগএানফিবু ততেনবুও েনে নাগররিকবংফাল
/kaggle/input/regspeech12/test/test_narail_0129.wav,গরমের ভিতরে তাঁড়ায়ার ওঠিত এ আ৮া ছে তন্দন দস্রা প্রচুর গরম ত মেতমি অনমাল়া মি পি
/kaggle/input/regspeech12/test/test_sylhet_0383.wav,েত যদি থাকি দা তাইলে কুই তাকবু েষটা ভছাুচিন্তাি্াতার নজে দিয়া গেকটি যেয়া তারপরও আমার পাযইনতে আনজেনেমার একটা কোচিংধিতুন দিয়া পাশনেও না়ককএ নাইকুর মেসমূর্তি অন আমারলোগের আলো সাইজনািরিক রতে তারা
/kaggle/input/regspeech12/test/test_sylhet_0287.wav,আমাদের যে ক্ষমাতামি হ়তো আমার তিতে কোয়ালিপাই থাকেন পাই আমি তখন আমার ফিউটার নিয়ে ছাঁটি আাইআমি যে ফ্রেসের মধ্যে রানেল মাঝে উৎশি আমার একটা জগইড এবংআমি চাইলে এখন আমার তেতে কোয়ালিফাই থাকবেন পাই
/kaggle/input/regspeech12/test/test_narail_0107.wav,ওটাস থেকে যখন ডাক্তার দেখাইছিল আম ইনফেকশন হয়ে গেছিল আর এবার দেখালাম তা ইনফেকশনেরিটা কমে গেছে আর ওটা ভেঙে ছোট হয়ে গেছে
/kaggle/input/regspeech12/test/test_sylhet_0043.wav,আরােরাএকটা ব্যাপারেই আঞ্চলিক ভাষা নি় তামর এমনি টুকককর্ম র াতাাাবা উদ্ধারকরা
/kaggle/input/regspeech12/test/test_kishoreganj_0028.wav,অপ়াধী নান্ডা ভুলেথিকা েএলা মারা গেছে কামরাজে উতেস্কুল আছে কি একটা কিনতাগারে
/kaggle/input/regspeech12/test/test_barishal_0039.wav,এহনকাকি কয়েএকটা গরুপাল লতৌলে াডনি বেনিোগনি বেঠিনা এজি আমনেদিকার সন্দাকালাতেইি ঘাটবোধা কাটলেন কিদর কারা ছুলে রতন তার া ঠেলি হালাতিতেন ােন পত্তমাল্লাকে কাম করে আর দান পাকতে ও গাতে ধান কারতে
/kaggle/input/regspeech12/test/test_chittagong_0023.wav,ংতিকিগৈর্গে হকদযনা সিরেঙত গেলাম এরগুরিলাঙ্গা রিলাম্বেকনু রপু কটক কাহারাম গালাম হুস কটক্ত হায় আয়োবই ন হয়তযেযতবেশিগণ অপেজ্ধিত
/kaggle/input/regspeech12/test/test_narsingdi_0030.wav,এাকটাটিমি যুদ্ধে ঐিয কয়দিন আগে দেখলি ন রিপোর্টার আতারাআলিখানের জিগাইল যে আপনি বাংলাদেশ কিউয়াল কাপ জিতবে কবে বলল যে ২০২৩এ
/kaggle/input/regspeech12/test/test_habiganj_0111.wav,এ পিরা জায়মানে এমনে টো ৩০ নাম্বার বং হোটালিবো বাট এমনে পদস্থাপ়া কিছুন হডালম োরেনাকি পরুজা মধ্যপরীকষে লেেটুনোরট ানি
/kaggle/input/regspeech12/test/test_barishal_0025.wav,নাইয়ে না খাইলানোই াাান ডাক্তারদের ও কুটটব খাওয়ায়না প্লাপান্ডে অনারকুল তরিতে গুড়িগুড়ির ট্যাবলেটটা দেয় সাদাযই ট্যাবলেটটা বাস্তাগোজিনে করঠিন উপু করে দিনিএাকরেন তিন দিন খাওনের পর যেই রোকতাললা গ্ানি ভালোইগালে ওইদের খয়না এত কৈস্িতিাই অফির মালাভিনেয়
/kaggle/input/regspeech12/test/test_sylhet_0025.wav,খন বাড়ে ভাকটা তৈিখন আমরা গেখা ারপরে রাইান াপুজার্ত যশববুজা মায়দুরগায় কতববা তিচ্চামেতে খূঁজা করা় মানে অনেকটি পূজাও হয়
/kaggle/input/regspeech12/test/test_habiganj_0092.wav,গোরানের দিা বিকরি এক্সাইটে ট্োনিতে একদববদ্র সদ্রোর মতর বালা বানিশের মত বা বারপথিবিবেগুরো গুনানে ডিেলে েটময়ােয়াে াুয়
/kaggle/input/regspeech12/test/test_barishal_0026.wav,এই ্থালাবেনি ইমাররা দে বোতল মনে করেন েমি ব্যক মারি মাতানাকদিদিদে দুরোকারারে ঠতেন নির মালাইদেন এই এাকায় বযাবইকার এবলকর‍্যাব এিলে কিবেগঠত
/kaggle/input/regspeech12/test/test_narail_0061.wav,ইবযবসথা নললামা এলাকায় তাভ পালেিপরে েলিায়াকোনাই এব মালায়পাতালতে রাত পায় বিাইাগলে ে
/kaggle/input/regspeech12/test/test_sylhet_0204.wav,কোথা তাদের দেবতাম দে যদিন দাহানবিতায়িত হয়ইবিন স্কুলের টাইজিদিত দক্টা দামিকা হইতাকটা মারতাত
/kaggle/input/regspeech12/test/test_habiganj_0040.wav,মিতাহরিতারি বালাহইরা বার্গমুঝমুটক্কর্ম কইরইরা আমার ইটা একট কটা াবটিই মা কিন্তু পানিওনি কম দেয় আমি কিন্তু তরহাইদ পানি বেততে দেলা় চক্ত ঘর্ম ডিগাতে পলাশচে টি এমন খানি দেই পানি দিয়ে তরারি একবারে রিয়াভিকটি ডাল দিতা দিতে একবারে
/kaggle/input/regspeech12/test/test_tangail_0007.wav,তারপরে তো ব্র্যান্ডের থে যোগ দিলই ঠিক এই সময়েই ফ্রেডির সাথে আরেকজনের পরিচয় ম্যারি
/kaggle/input/regspeech12/test/test_chittagong_0011.wav,এলেহ ও তরবাকছারে ঘনরো াা ুরে যাহবেলেহনত তানাওয়া দুরেজেবা খালাই আসবে হালা আসেননজিটদিয়ইিং
/kaggle/input/regspeech12/test/test_habiganj_0024.wav,তিনবেলায়ই পূজা ঘরে অনেকে আসে তিনবার পুজাতে সহালে গুন্তিক উজ্জা জীবন নয়টার পিকটে ৮টার রিকরে আবার পরে উঠব ার
/kaggle/input/regspeech12/test/test_sylhet_0329.wav,তখন হইলা যে আমি গই আমতাতমান ভালা লাগেন না তোমার এক লেখনা পরিচ্তম হয় মেেখলা ও প্রদনের পরসতা দীপি আর কোর ভযাটাবাড়া তাআমি ঠুটখাটো চাকরি ঘরি কুঁরি করু চিতাচাকরি করবার
/kaggle/input/regspeech12/test/test_comilla_0016.wav,বেতন দেয়া দিয়ে বেতন দিয়ে ১৯ স্কুল থেকে বের হবে আর অনার ময়েরে নিয়া স্কুল থেকে বেরুইতেছে উনি কিন্তু জানে না উনার মেয়ের যে অবস্থা সবাই বলতে ছিকো কেউ একটা আগুন কান্টের শক মানে সবাইরা ধারনাগত সেতের কারণ্টের শক খাইছে এজন্য কেউ একটা বাচ্চা দুর্ঘটনাহিসে ওনে
/kaggle/input/regspeech12/test/test_sandwip_0004.wav,৮নিটে নমই হার ওজাবন একবারে এউছুলেখবারা তিনসের ব্যপরসয় যে লুকেকন্যা হিটে হারক নিটে াএকার সললে তারএ দরকার বেড়াই
/kaggle/input/regspeech12/test/test_habiganj_0025.wav,ফ্রসাদের মধ্যেখি খাবার  থাকতেই হবে বাধ্যতামূলক প্রসাদের মধ্যে দুর জাতীয় খাবরটা বাধ্যতামূলকওই তাহ়ে আবর পলটল তুনসী পাতা তো আমরা বাধ্যতামূলক তুলশিপাতাসব ্যে কোনো প্রসাদের নূধ্যে থুঁশী বাতাদেই প্রমণের যে রাডিয়া প্র্তাচ চা যাই নুজাটা দিয়া বুগ দিমুখ এটারুপরে
/kaggle/input/regspeech12/test/test_noakhali_0021.wav,রুকি থানা আওটা এবারপলয়শনা ইঞ্ছিলাম
/kaggle/input/regspeech12/test/test_chittagong_0154.wav,টেউলোন নুকর এ দে়ল অেকালামুন্রারলি গে হনদে ঘটনায় চান্জাফাড়া েগে একুন বান্ধাদেরেরেগে বান্ধবীরাতুর আংশিপুঙ্গর ধিরে ান্টিরে জাবাে
/kaggle/input/regspeech12/test/test_sylhet_0005.wav,নিলোআাহ
/kaggle/input/regspeech12/test/test_chittagong_0175.wav,আদার কুতু বাই়এবে দুর্গ যেধেরে তাহি বেলে ন তাহে ুতবে তার সামনেমোবালসাক ারের দেডরাশ
/kaggle/input/regspeech12/test/test_narail_0113.wav,দিলে চরমেটাব্যােন জানে করং কইিয়াস থেকে আমার বন্ডুরি চামলাতে ব্যস্ত িমডিবাধ বাল্লা
/kaggle/input/regspeech12/test/test_sandwip_0047.wav,িমানা এগিনবালাকামাহিমু
/kaggle/input/regspeech12/test/test_narail_0131.wav,তব্কি তুমি খুনাস্পকবে তাইত জাদেখিআমার সত্যে কথা বলতে কি আমার এখনে এই জায়গায আমা থাকতে পার লাগেনা
/kaggle/input/regspeech12/test/test_sylhet_0539.wav,ারিনেও তাযই আগে থেকে ফেছে তাগিয়াইবাড়িতেবাহন আহমিনানিফোর্টিটার দায়িতম নাপরে যত
/kaggle/input/regspeech12/test/test_kishoreganj_0048.wav,াজাচুন লাসেই লাচকাই দায়াবএনকেগমেগেত
/kaggle/input/regspeech12/test/test_barishal_0076.wav,রএকবেলা যদি মনে না পেইএ
/kaggle/input/regspeech12/test/test_narail_0178.wav,উবলে কি কাশবাস করত
/kaggle/input/regspeech12/test/test_sandwip_0087.wav,মাযারকুলদনতওেেরামার্যারাহাত অধিত মে দা
/kaggle/input/regspeech12/test/test_tangail_0061.wav,বরুনদাযবানি ছবিতে মানে বোনধনের নাম ড্যন  রয়েছে বানিতায়এর নাম চ্ে শিউলি ঐ অক্টোবরের যে শিউরি ফুললাসেনা ও সুলিফুলের নামেই আকটি নামশুগি
/kaggle/input/regspeech12/test/test_kishoreganj_0047.wav,ে া এ োাবিলজনকে পোয়ান্দিয়াা
/kaggle/input/regspeech12/test/test_sylhet_0076.wav,ইটা কেতেললাকে খর এউার বাইর্রায়  থেকে ন়া  দুজনে মানে চ্থািতা তবে াবেত আমার িততাইপিপা
/kaggle/input/regspeech12/test/test_sandwip_0059.wav,সাআইতেছিত দৈর্যর কারণেুচে শারি নিতেি
/kaggle/input/regspeech12/test/test_sylhet_0271.wav,টাগ্র্যাডফাইটা গেলে ফাটি সাবজেক্ট ইংলিচতখন ইংলিশ সাবজেকটথেকে ইটা পাওয়া অনেক পুঠি িততাম ফয়লা বুঝ্ছিনা ফাস্তিয়াত্ম পরীক্ষা দিয়া ফার্সতেনিসক্রাফিবুল সবিক্তিন থ্রিজিরোএট
/kaggle/input/regspeech12/test/test_habiganj_0086.wav,াাএরা কেখন দুষ্টানি ঘরে তকর্কতায় স্বাত্ম শ্রিষ্টরা আদুষ্ঠরাকৃর্তকর কথাহতা শুনির
/kaggle/input/regspeech12/test/test_sylhet_0733.wav,ে বিয়ে ি়াংগুলআচরণবাদে ফানার িিােত বাজি বেবিয়াবুন দুটার তানাি রানা
