path,transcription
/kaggle/input/regspeech12/test/test_sylhet_0070.wav,বিগত ব্যস্তত আমি সারি ভর্তি করিয়া দক্ষিণ শ্রমা কলেজে গেছে আমার বোয়েনের সাথে মঙ্গুরা বোন বলতে আমার বেস্ট ফ্রেন্ড বলতে আমার কলেজ লাইফের তাই বেস্ট ফ্রেন্ড হতে হবে তাই আমি হারানো আমরা দ্রবীভূতির চেয়ে তাই আস্থা থাকিস
/kaggle/input/regspeech12/test/test_narsingdi_0002.wav,তারা তো ওই খারাপ ফেলে গেছে না তারা ওই লিগগুলোতে ভালো খেলে দমেজটিকে ভালো খেলে পরেই তো ওদেরকে জাতীয় দলে ডাকা হয় হাহ কিন্তু কী করব প্লেয়ার তো আর একটা দিতে না প্লেয়ার তো অনেক
/kaggle/input/regspeech12/test/test_sylhet_0637.wav,তারাও কি তা যৌতনী এক লোকে তা হয়নি
/kaggle/input/regspeech12/test/test_sylhet_0227.wav,তো কান্দি কান্দি পরীক্ষা দিলাম টিয়াওয়া আইটি অফনতো শেয়ার সামার করা ও বাড়ির রাস্তা একটা অর্থাৎ বাড়ির ডুববার একটা রাস্তা স্থিকোণ আছে পরীক্ষা দিয়ে আইটি বাদে দেখি আমার ভাইয়েরা রাস্তায় মাটি পালাইয়া আসবে বড় হবে
/kaggle/input/regspeech12/test/test_tangail_0035.wav,লাইফ অফ পাই দুই হাজার সালের রিলিজ হয় কিন্তু আর এটার ডিরেক্টর ছিল অ্যাংলি এই ছবিটা যখন অস্কার পায় তার পরে আমি প্রথমে এটার নাম শুনছি যে লাইফ অফ পাই প্রথমে ভাবছিলাম যেটা মেথমেটিক্সের কোনো থিওরিটি নিয়ে হব যেহেতু লাইফ পায় আছে আমি ভাবছি পায়ের
/kaggle/input/regspeech12/test/test_narail_0103.wav,বুকে টুইনার দ্বারা পড়ে গেল মানে বুকে বলতেই ভিতরে তা অপারেশন করিস তো আমরা অপারেশন করার কথা কয়েনি না না টিউমারটা এমন জায়গায় সেটা দৌড়িয়েছে
/kaggle/input/regspeech12/test/test_rangpur_0053.wav,আর আগে টাকাওয়াল আছিল তাই যাই বাজার নিয়ে হাঁটুত গিয়েছিলে রাত্রি ভোর করে একটা আল্লাহর কাছে হাজার শুকুর মোর কোনো দিন যে ঠেকা নেই
/kaggle/input/regspeech12/test/test_sylhet_0067.wav,কথা করতে আমি নিজেরই বুঝতে পারলাম আমার পরে আপত্তি করলাম কিছুক্ষণের সামনে যেতে হবে না আমি বৈধ আছি পরে তারা বলেছেন বর্ধিত অনেক দিন গেছে কি আমি বর্ধিত মার্চের দশ তারিখে নাই মেরে যাব তার বিয়াই হচ্ছে ফেব্রুয়ারির বিয়ায়
/kaggle/input/regspeech12/test/test_comilla_0032.wav,ওর পুরা ফ্যামিলি আমাকে খুব লাইক করত তো এখান থেকে আমি চব্বিশ বছর ছিলাম এখানে আমার ঐ দেশের চলাফেরা খুব ভালো লাগছে কিন্তু অনেকে বিদেশ কষ্ট এই সেই কিন্তু আমার কাছে খুবই ভালো লাগছে
/kaggle/input/regspeech12/test/test_narail_0018.wav,তা আমরা তো খাই নাই চামড়া খালি খেলি সে যে দরকার আমরা খাই নাই যদি ওর মাইসিতো টাকা যদি সে দিয়ে তাই তোর মাইসিতো ভাই খাইছি আমরা দশ হাজার টাকা পাইছি তা তোর মাও জানে সেটা সবাই জানে আমি সবাই রাখি এত সব বেলার দিন আগে আমরা সবাই জানি
/kaggle/input/regspeech12/test/test_sylhet_0047.wav,বাসার আমি তো কলেজের সময় যারা এগুলোর কলেজে যার আগে পাইবে হার আমি তো বাসার দেবই না পঞ্চায়েতে রান্নাবার হবে কি লাগিতে পারেন একটু পাঠি এক বিটারে একটি বিরক্ত ব্যক্তিকে এলেন আমরা রে
/kaggle/input/regspeech12/test/test_sylhet_0203.wav,কি সেগুলির মধ্যে ধান কাটা ধান কাটা খুব কষ্টর আছে কিছুক্ষণ কুটা লইয়া মুড়ুক আর দেখাদানি আর চাকরি আমি আসলাম তো পুরু আমার আত্মীরতা চাকরি আসে না যদি একবার না দিতাম
/kaggle/input/regspeech12/test/test_chittagong_0166.wav,আজ রাজবপিরান ভূঁইয়া শিলা না যায় ডিজাইনা ব্র্যান্ডের কার বিয়ে দোলনরর তারা নতুন ব্যান্ড যে না তারা ছাত বৈন্দু থাকে তাহলে পরে দেয় দোলনের বিয়ে নামেন নি তো দোলনের বিয়ার কি
/kaggle/input/regspeech12/test/test_narail_0155.wav,ডাক্তারদায়কে রিফোন করে দুটি তুলে মাস্টার লাগবে
/kaggle/input/regspeech12/test/test_habiganj_0060.wav,কিন্তু তুলু দুয়েরা উত্তর্থ হয় তানি তারে একটা দিলে দশটা দিব আর আমার তুলু ভাইটা তো আমারের
/kaggle/input/regspeech12/test/test_habiganj_0033.wav,আচ্ছা তোমার গান্ধাটা না নিয়ে এখন হোলসেনটি ত্যাগ করতে পারো
/kaggle/input/regspeech12/test/test_rangpur_0065.wav,কিন্তু কাকে খুলে দেবে না কিন্তু কাকে দেখেছিলাম না
/kaggle/input/regspeech12/test/test_sylhet_0113.wav,আমার তো খালা জামাইও আছিলেন তাই রুগী হবার মানুষ আছে তারা দোয়ালা জেলায় দিনুস বলা চলে তা কত সুস্থ হবে তাহলে আমরা আসতে একটু কষ্ট হবে বুঝছি ও আয় আল্লাহ দিবে নে কষ্ট করতেছেন ফল পাইবেন
/kaggle/input/regspeech12/test/test_kishoreganj_0185.wav,আমি তোমার বানান আমি তোমার বানান আমি তোমার বানান তার কোথা থেকে এলো তোল দিয়ে হল
/kaggle/input/regspeech12/test/test_sylhet_0248.wav,দিদিলালা দিয়া তখন পড়িয়া খেতে হইল ও তাড়াতাড়ি একটা জবাব দেওয়া তখন দায়িত্বের মাঝে পড়ে গেছে বাইরের মাধ্যমান রক্ষা করা ও করতাম পড়তে পড়তে আমার টার্গেটা তিনি দেন তাই হোক মিনিমাম ফাস্ট ক্লাসটা কেন থাকে
/kaggle/input/regspeech12/test/test_sylhet_0482.wav,বালুচের রাখি এইখানে আমার কারণ মানে চলাচ্ছে আমার আমি একটু অসুস্থ মানুষ হচ্ছি আমার একটা সমস্যা হয়েছিল ম্যান দেবীওয়ার হরে এগাছি সমস্যা বেশি হয়েছে ও কারণে একটু জায়গা ফলটা নেই নিজের বাসার তাকে একটু দূর হইতে থাকা তারপরেও তো বুঝলাম না কিছুটা বাবা নিজের তো ভবিষ্যৎ করার লাগিয়াই নেই একটু নিজের বাসা রাখলে কিন্তু বাড়াটা হার আমি কেন বুঝলে হয়নি আমার সমস্যার লেখে আপনার কয়েকজন বার্জার বাচ্ছা এরাও যেনি
/kaggle/input/regspeech12/test/test_sylhet_0236.wav,তোর পিতা ইচ্ছা তো আমি হইলাম নেতার তো হূর্তে আপনারার ইচ্ছা আপনারা দিলাইলে তো দিলাইবা কিন্তু আমি করতাম আমার করার ইচ্ছা আছে
/kaggle/input/regspeech12/test/test_sylhet_0391.wav,ভাড়াটি আন্টি
/kaggle/input/regspeech12/test/test_narail_0136.wav,আমার মা দুই বছর ইন্ডিয়াতে বেড়াবে আর দুই বছর আমি যাব দুই বছর যাই আমি কাগজপত্র রেডি তার পক্ষে মারে নিয়ে যাব কোন দেশে যাব ইতালি ইউরোপে যেকোনো দেশে ঢোকার ইত্যাদ ইতালি জার্মানি
/kaggle/input/regspeech12/test/test_sylhet_0097.wav,সুবিশ যে তোর আমার মা এটা তো হয়ে বাহিরে যাওয়া নেই কাম করিয়াই তো হয় আর বিদেশ ভাব
/kaggle/input/regspeech12/test/test_habiganj_0103.wav,এখানে হোস্টেলের বাদে বিভিন্ন মানুষের যে আঞ্চলিকভাবে সংখ্যা তাকাইয়েরার কেবল চোখে রেহ ক্যাচ হিসেবে তো ভালোই লাগে এরার কথাগুলো আমার হাতে আমার বাসার বালা লাগে আর কেউ বাসা বালা লাগে না আর সিলেটের বাসা বালা লাগে আজ কেউ বাসার কোথাও বালা লাগে না
/kaggle/input/regspeech12/test/test_sylhet_0576.wav,আর দিবা গত ঈদ প্ল্যান গেল গত ঈদ হত কিন্তু আসেছিল
/kaggle/input/regspeech12/test/test_sylhet_0481.wav,বই নিয়ে আমরা লোকে মাতিয়া ভিন্ন একটি জিনিসপতি করার রাস্তার অবস্থা করা মানে শক্তিশালী কোম্পানি মানে ম্যানুষিকাল বুধ রাইতেছি
/kaggle/input/regspeech12/test/test_narail_0083.wav,কালিয়াস পাকাবে কালিয়া বললাম না তিন চার দিন এ জায়গায় থাকবা নে তাই হ্যাঁ মানে মানে বলতে যত উত্তরের দায়িত্ব পান না
/kaggle/input/regspeech12/test/test_sylhet_0042.wav,প্রতিবেশ করে অনেক টাকা লাগে দূর করে যাওয়ার অনেক টাকা লাগে আমার কি যে সমস্যা কি ডাইনাস
/kaggle/input/regspeech12/test/test_sylhet_0148.wav,কৃত্রাস্তুকে বলা প্রতিম ন্যায় আপনারা কিনা নেই কিনা করিনি আপনার বাবার বাড়ি নিয়ে বাবার বাড়ি হৃৎপান হৃপগঞ্জ তো খারাপ আছে তো বাবার বাড়ির কে কে আছে
/kaggle/input/regspeech12/test/test_sylhet_0622.wav,আমি কয়েক দুই কিছু থেকে নিয়ে আর যথারীতির লাইনে অনলাইনে খামার নিলে অন্তত নাই তার স্বাক্ষর হিসেবে প্রভাব রাখবে
/kaggle/input/regspeech12/test/test_sylhet_0208.wav,হুতা ফারণে গো হুতা ফারণে গো বাপিরা হইত নাগায়তা মাতিও নাগো তার বায়ের জেদাইরে পড়াইত তাই এসেসি ফাঁস করলে পরে দিয়া দিব গৌতম মানুষ হয়তো ও একটি ফাঁস হলা ওটা সিল টার্গেট এসেসি ফার্স্ট টার্গেট করে দেয়নি
/kaggle/input/regspeech12/test/test_habiganj_0028.wav,নির্মল তাহে পূজাপূজা তৃতীয়বালয় নিয়ম কিন্তু নিরামিষ খাইয়া ঈদেয়ন নিরামিষ খাইয়া দিলের বালা আমরা তো মাসের মাঝে দুইটা একাদশী করি ইটার মাঝে একদিন তো উপাস থাকি সারাদিন ফল উল্ষাইয়া পড়ি এরপরে পরের দিন নিরামিষ খায় এরপরে আবার এমন পূজাও যা হইলে আরও কত পূজা আছে না নিতা তো উপাস থাইকে নিরামিষ খাইয়া পূজা দেওয়া লাগে
/kaggle/input/regspeech12/test/test_sylhet_0559.wav,স্যার দেখিয়েছে উপজেলার কোন অনুষ্ঠান হলেও দিক দিয়া সাউন্ডাহিন্ড কিন্তু কেউ পুরা বুঝা যায় নাই
/kaggle/input/regspeech12/test/test_sylhet_0514.wav,কী কখন যাই কিন্তু তারা প্রস্তাবও তারা করেনি
/kaggle/input/regspeech12/test/test_narsingdi_0109.wav,কী জানি করে দিয়েছিলাম মরার মাজাকা না পরে মানে হেসমেদা অন্যায় তাতের মধ্যে তেল সিটটা ফিরোমেটাকে অনেক টের পাইনি কিন্তু হেসমেদ দুই এক ফোঁটা তেল সিটটা এখন আমরা তাতুখালী পরতি কেরে এলে কেকারো উড়াই আমি বরামে এটা সুন্দর করে মরার ওটা খেয়ায় করতে
/kaggle/input/regspeech12/test/test_tangail_0078.wav,সেও আসলে ধার দেনা অনেক হয়ে গেছে পরে সবাই সিদ্ধান্ত নেয় যে শিউলি লিয়ে মানে নায়িকার মানে বানিতার যে হাসপাতাল থেকে বাঁচায় স্থানান্তর করা হবে
/kaggle/input/regspeech12/test/test_kishoreganj_0031.wav,এদিকে সব প্রয়াতে নিয়োগ
/kaggle/input/regspeech12/test/test_sylhet_0249.wav,তো মিনিমাম ফাস্ট ক্লাস থাকার তো অনেক পরের দিকে আমিও তারপর ইন্টার ও আবার বোর্ড কলার টিপাইয়া বাড়তি পরীক্ষা দেওয়ার বাদে বাড়ির কেকটি আবার ওলা ধর্ষণীয় মানুষের
/kaggle/input/regspeech12/test/test_sylhet_0545.wav,স্যার যাব থাকেন প্রাইভেট পড়াশোনি আমি নিনু প্রাইভেট ভর্তি করছি না খুব করে কিনা
/kaggle/input/regspeech12/test/test_sylhet_0716.wav,এটা থাকাই লাগে না ম্যান্ডাটরিটা
/kaggle/input/regspeech12/test/test_sylhet_0531.wav, আর সুমের ব্যবস্থা মেয়ার ও ফাস্ট সেয়ার অর্পেন্সার এটাই ফাস্ট সেয়ার দিল আস্তে আমার রাখা হয় তাই গ্লেব এবং থার্ডিয়ার আছে আমার ভিন্ন বলতে হবে মানে তারার চিন্তা
/kaggle/input/regspeech12/test/test_barishal_0002.wav,গরম লাগে চুরি কি থেকে গেছে না এতে গরম লাগে তো হাত থেকে নিয়ে যায় রাস্তা তো চুরি কোথায় দেয় না ঈদের সময় কিন্তু না কাজলার পোলায় রাত্রির বাইকে পড়ায় নিতে হইবে
/kaggle/input/regspeech12/test/test_narsingdi_0132.wav,শুরুবেলা তো আমি যেই কিউটা ছিলাম আমার মতো একটা বাচ্চা দেখলাম নিজের এমনে আমার বাবা মায়ের কথা লাগিয়া তো কিউট একটা বাচ্চা ভাই আর তোরা দেখ শুরুবেলা তো ছোট্টার মতো দেহাজারীদেরা বোয়িং আমি শুরুবেলা হয়তো আমার নিজের শুরুবেলার সাথে আমিও দেখছি না ওকে কিন্তু শুরুবেলা যেটাই ওকি
/kaggle/input/regspeech12/test/test_rangpur_0035.wav,তাই মাঝে মধ্যে গেলে এখন খুবুর বাড়ি কি করবেন তা হয় তাই খাওয়া লাগে আগাতো খারি পাছে মা আছে
/kaggle/input/regspeech12/test/test_rangpur_0124.wav,পার্থাক্ষর মনে করে এলা সাপ দিয়ে ইউরিয়া সার পটাদপত্রের এগিলে দিয়ে সাক ফলে ফলে যান দিবা যাবু যাহাতে পাইলেও তলাও পড়ে না
/kaggle/input/regspeech12/test/test_narsingdi_0060.wav,আর আমার দান্দা সিল্কের সময় কলাম গিয়ে খেলবে আমার রিভিন্ন মেমোরিয়াস্টর দর্দা খিলিয়ে আসতে করে খেললাম এদিকে আমার বাগান মাঠে না খাইয়া দেখতাম আবার অনেকক্ষণ হোমওয়ার্ট দিয়ে বৈত হোমওয়ার্ট না হলে খেলতে দিতাম
/kaggle/input/regspeech12/test/test_barishal_0085.wav,হেইয়ে করিয়া হেইয়ের পরে মনে করেন কাম শিখছি এত সোজা কাম আপনারা তো কান্তিক ক্রেত্রী হয়
/kaggle/input/regspeech12/test/test_rangpur_0095.wav,ডাল খাল খাল তাইলে ইয়া খাওয়া সব থেকে কারবারি ভালো হচ্ছে
/kaggle/input/regspeech12/test/test_narail_0109.wav,তাই বিপুল বিশ্বাস আমরা বলতেছি দুই মেরুতি বিঘ্নে টাকা বাঁচি ব্যাংকে আমরা আমি শেষ হয়ে যাচ্ছি থাকব না কালের গ্রামে আমি দূর হয়ে যাও বনে যাব আসামি চলে যাও নাই তাই তো তা পাগলের ব্যাগ না ছয় মাস অবধি ডাকবে ছয় মাস পরে বিদেশ
/kaggle/input/regspeech12/test/test_chittagong_0094.wav,পাতারারার রঙের বাড়ি পাতুরিয়াতে সুই রঙ্গলের মধ্যে একটি সাধ্য হয় এটি তো আছে সেনাফ অফ ট্যানেফ ট্যান ভাই
/kaggle/input/regspeech12/test/test_sylhet_0283.wav,যেহেতু আমার পরিবেশ বা আমার যে সার্কানস্টেশন থেকে মানে ই বয়সের একটা মেয়ে চব্বিশ পঁচিশ হয়ে গেছে প্রায় ই বয়সের মেয়ে মানে আনেসপেক্টেজ সমাজ ঐভাবে এক্সেস্ট করত না কাজে লেবেলের চেয়েটা একটু নিচে হইলে ইটা আর সমস্ত হইত না
/kaggle/input/regspeech12/test/test_sylhet_0321.wav,মুজার ঠাইতাই লুইস যে কারণ আমার এখন বাড়িতে যাওয়ার হয়ে গেল আর আমার চাকরির লেগে আমার পড়া লাগবে তাইন কিতাকর্তা ওই সময় আমারে পড়ার যে কাপড়ট্টা দিশ হয় আমি সারাদিন কাজ করতাম
/kaggle/input/regspeech12/test/test_narail_0088.wav,তার পরের দিন তোর সাথে আমার কথা হয় তাই সেটা তোর সাথে আমার কথা হয়নি তুমি আমারে ব্লক করে দিয়ে দেখো আমি তোমার দ্বারে যাবানি হত্যা আমি করি নাই রে বাবা
/kaggle/input/regspeech12/test/test_sylhet_0173.wav,বাবা কী বলা যত ইচ্ছেতু আল্লাহ কিন্তু এবং ভালো দিন না কেবলই তো আমরা দেখি না একটি হাস্তে বাল্লা করতে হাস্তি না যদি তিনি তাকে তার প্রতিবাদী ছিলেন
/kaggle/input/regspeech12/test/test_sandwip_0104.wav,তুই তো দৈনিক বাদ দিয়ে দুই দৈনের সম্পর্কে তোর কী দেখ না তাই আমি নেই
/kaggle/input/regspeech12/test/test_narsingdi_0001.wav,হান্ড্রেটও করছে দুইটা আসলে ব্যাপারটা হয়েছে কি একটা টিমে যখন প্লেয়ারগুলা সিলেক্ট করে ঐ রকম ক্যাটাগরি দেখে নাই আরে ভাই যারা জাতীয় দলে আসে
/kaggle/input/regspeech12/test/test_narail_0128.wav,তো সে সুমা রুমা করে গেছে সুমা বিশ্বাস দোলা ভক্ত শ্বাসের কথা তো কষ্টি হিমাবিষ্ট খাবারের প্রয়োজনে গিয়ে
/kaggle/input/regspeech12/test/test_sylhet_0495.wav,আমি একটা গুরুত্ব দিচ্ছি না বিরানিঋণে হয় তাহাই না মানে একটা বালিক পিছনে দিসার দেবায় স্টেম বিরানিঋণে হয় যে এখন লাগে নামারে তো প্রচারের চাহিদা ধরে কিন্তু প্রচারের চাহিদা হলে কিন্তু প্রচার তারা মারা উজ্জ্য মুখে দিয়া সেটা টানে দিয়ার বেগুর মাছি মারে লাগের ওরকম মহা তখন আমাকেও যেমন লাগে একবার টয়লেটের বাবু লাগের মানে উর্ক লাগে কিন্তু হাসার টয়লেট নায় আন তাজিও লাগে
/kaggle/input/regspeech12/test/test_chittagong_0087.wav,না আগে খোলাম একটু তুমি ফুরোনো পরালে আনা যেটা কাছের মধ্যে আসেন স্কুল গেলাঙ্গুই একটাই চির আনারাঙ্গা কাছের মধ্যে আসেন স্কুলের আগে
/kaggle/input/regspeech12/test/test_sylhet_0004.wav, আমরা নেই গুপ্তলের মেহমাদার যে মানে নিজের টিনে নাকি ক্যাডারবাজে এমন মানুষ ঘুমাইতে পারব বর্বর করব না তারা বড়লোক না হয়
/kaggle/input/regspeech12/test/test_barishal_0064.wav,আরাম আল্লাহে না আমি যেরকম হঠাৎ ফেরি দিছি এরূপ কেউ পারেও না এবার বিড়ি ছাড়ান দিলে ফুলে যায় এই হোনেন এই কিছুদিন আগে আমি মনে করি পুনরাবিশ দিন ধরে দাঁতের মধ্যে খালি ফুল হয় আমি বাজারে গেলে এমন কোনো দিন নেই পাঁচটা পাম্প কিন্তে না খাইছি
/kaggle/input/regspeech12/test/test_barishal_0036.wav,কাল লাগে বদনাম নাকি দিক কতবারও অশান্তির মধ্যে যে মুই আছি তার সাহেবের প্রতিকার তারে সারামি চৈরদের
/kaggle/input/regspeech12/test/test_rangpur_0002.wav,মুখু রমানের মা পানি আটকার কারণ জানেন কেউ দেখা দেন আমায় কেউ না এখন ধরে আপনি বলেন কী করতে চাইলেন মুখু রমানের মা হইলে
/kaggle/input/regspeech12/test/test_sylhet_0026.wav,দশ দিন যে পাঁচজন ঠাকুর আছেন পাঁচজন আদুর্গা ইট লক্ষ্মী তারপরে সরস্বতী গণেশ কার্তিক প্রতিমা রাজ্যসভায় ছয় জন ডেক প্রত্যেক দিন কাপড় দেওয়া হয় নতুন কাপড় নতুন গয়না
/kaggle/input/regspeech12/test/test_chittagong_0141.wav,পরীক্ষা করাতে হবে না কেন পরীক্ষা নাই হার লিওনে করুণ এ পরীক্ষা নাই তোলাই তুলা হলে নাই ভিডিও কল জুস ওটি তুলাই ও লিসি পাতা ফল এগার গুড়
/kaggle/input/regspeech12/test/test_sylhet_0728.wav,খালি তৈরিক ও পাত্রী নানি অতাকারে
/kaggle/input/regspeech12/test/test_narail_0016.wav,তুমি তো জানো তোমার কাকুর ব্যাপারে যে মনি দশ হাজার টাকা পাঠাইছিল তা তো তোমার কাকু মারে গালাগালি পারল তারপরও আমি সে দশ হাজার টাকা আনলাম তা মনি বলে এই ষড়যন্ত্রে বলে কইছে মনি আমার বাবার জন্যে মেলা টাকা পাঠাইছি তা ওকালো যে কার কথা পাঠাইছি তা ওকালো যা আমার মায়ের সুতোবার
/kaggle/input/regspeech12/test/test_barishal_0096.wav,বাজারের দিয়ে পাচ্ছি না মানে মাক কেজি আম যদি না কই মুখ দেয় যেহা মরু দুইটি আম কেটে তারা দেবে
/kaggle/input/regspeech12/test/test_sylhet_0198.wav,তাই নাকি মনোযোগের চার চারটি বাইকেল তো মেন্ডি ফোর্ট দিন আর আব্বাইলা খোঁজা সত্তা পাশে বৈধাত্মা খেয়াল রাখতা আমরা দিলাম মারামারি হয় না আর আমরা মুক্তির ভূমি হুমকা
/kaggle/input/regspeech12/test/test_narail_0098.wav,রাত্রে কি খাওয়া দরকার বিয়ের মধ্যে পিটিয়ে খাবে বিয়ের মৃত্যু হয়েছে পিটিয়েছ বিয়েম পিটেন দিত না না আমি বিয়েম পিটেন দিতে যাই না গ্রামে বিয়ে হয়েছে তো তারা জানে যা আমি কেমন খাই কী খাই তারা জানে বেলা ঘুরে
/kaggle/input/regspeech12/test/test_sylhet_0683.wav,আর আপনার বাপের বাড়ি নিয়ে হোক কাছে হ্যাঁ তোমার মা বাবা করে তাই নাকি আমরা খেলাধুলা খারাপ খ্যাত হরতাল আমি আমাকে তাকে পাঠিয়ে নিতে কিছু করতে চাই
/kaggle/input/regspeech12/test/test_barishal_0018.wav,আমি নিজামীকে নাগিয়ে খেলা নিয়ে উঠে খাব সিরাপ কাইলো একটা এই লোকের সমস্যা এই লোকের বারবার আমি করেছি যে একটা ফ্যাক্টর লাগে আমরা করি
/kaggle/input/regspeech12/test/test_sandwip_0036.wav,কিন্তু আমরা না আন্তর্জাতিকভাবে নির্যাতিত হলে তামাক দিল্লি করা হয়েছে
/kaggle/input/regspeech12/test/test_sylhet_0241.wav,পোড়া অবস্থায় বিয়া হইতে পোড়া অবস্থায় চাকরি হয়েছে কী অবস্থায় সংসারের পরে তো আর তোমরা দেখ বিয়া তো আপনার অনেক ঐতিহাসিক ঐক্য এই গল্পটা অন্তম্ত
/kaggle/input/regspeech12/test/test_sandwip_0067.wav,কোনো জামিশন কান্নাকান্নি থাকতে গিয়ে ভালো হয়েছে আর ডার্বিগে চোখ করে যেন দিন গিয়েছে যেন ব্যাপারটা আমার একটা নিম্নিয়াতলা কি হাগল নাকি একদিনে কিউলিয়ার দিন চোখ করি গেছে গন্ডিয়ারা একদিন থাকতেছে একদিন বাড়াইছে ওনারা একদিন থাকতেছে
/kaggle/input/regspeech12/test/test_narsingdi_0073.wav,আমি গরিব ব্যামাকাপড় নাই বা তিন্না দিয়া যাও তুমি বাইরে অনেকে দিতেও বড় দিবে স্যার আমি তারা হনে ফুটবলের মতো কিক করেই একটা খেলা দিলেন
/kaggle/input/regspeech12/test/test_sylhet_0121.wav,হুজুরের বক্তব্যে যা মাধ্যমে হুজুরের সব হুজুরের মিল্লা ফানজারিকে নিয়ে ভর্তিতে হয় তারা সবাই মিলেই হবে কী কেন ঠেক্কা পড়ে ও এনো থামনি একটা মদ্দেশা আছে
/kaggle/input/regspeech12/test/test_sylhet_0368.wav,মানে অল্পতে তুষ্ট অল্পতে স্যাটিফাইড থাকি এবং বাচ্চাগুলারা ঐভাবেই জব করার চেষ্টা করতিছে যে তারাও জানে খুব বেশি এক্সপেক্টেশন থাসে না লাইকে কারণ বেশি এক্সপেক্টেশন থাকলে তোমার মানুষ কষ্ট পায় বেশি
/kaggle/input/regspeech12/test/test_barishal_0092.wav,কাম করা ভালো আমি এই যে কিনছি আর কারো নাকি ফিল্ডে বিষয়ে চলা মালাম লইয়া যা পায়
/kaggle/input/regspeech12/test/test_habiganj_0052.wav,যদয় অনেকে আছে যে নিরামিষ খায় না কিন্তু অনেকেই খায় নিরামিষ খাওয়ান ডৈনিয় নিরামিকটা খাইলে আমরার মাঝে মনে হইতে একটা পবিত্রতায় মাছ মাংস তো এগুলা আমরা যে মাংস ভাই একটা তো জীব্রে মাইরা অত্যা করিয়াছে যে আমরা মাংসটা খাওয়ান অতটা কিন্তু হয় না কিন্তু যদি কাট্টো যিনি নামী জিনিস খাই তা তো উদ্ভিদ ইতার লিগে একটু পবিত্র মানে
/kaggle/input/regspeech12/test/test_barishal_0071.wav,এই যদি সহ্য না কার্তারে তাহলে হেরম সমস্যা না গোপনে খাওয়া মোকেন আমি পরিস্থিতিতে বাজলে তো খাওয়াইতেই আসব না পরিস্থিতি ওভার রুম করতে হইবে এই জজের মতো
/kaggle/input/regspeech12/test/test_tangail_0062.wav,এতে শিউলি ফুলের একটা ভূমিকা আছে যেটা মানে গল্পের স্টোরির দিল্লোর সাথে সাথে বুঝা যায় বানিতার পছন্দের ফুল মানে যে নায়িকা আবার পছন্দের ফুল হল শিউলি
/kaggle/input/regspeech12/test/test_sylhet_0234.wav,তোদিনের আমায় ডাক করি খুশি হইয়া আমার দুই নম্বর ভাই বাজার থেকে রেজাল্ট লইয়া একজনের লোকের চাইরানি চকলেট তখন অরেঞ্জ মাতা চকলেট আছে
/kaggle/input/regspeech12/test/test_barishal_0008.wav,আহানার অরে ডাকাতিছে বুলেট কলেজে পড়তে ও বিশাল বড় ধরনের একটা ছাত্র হইতে কারণ চাকরি পেবে বাংলাদেশ সরকার চাকরি দিছে দুই লাখ টাকা বেতন বিয়ে করল পটুয়াখালীর এক রূপসী মাইয়া রোয়া ফোকুনি গো পরিচয় দিবেন ওর বাপে তো যাইবে একটা সাটগায় দিয়া
/kaggle/input/regspeech12/test/test_sandwip_0098.wav,তুমি কেন নাকি না কেন তুমি না
/kaggle/input/regspeech12/test/test_sylhet_0454.wav,তাই তার মানে তো উত্তানা প্রমাণ হয় মানে হান প্রস্তাব করো তারা আমার মতো খাটো খুটো তো আমার মা তারা মনে করে আমার মা তাতেই তারা আমার ভিতরে খুব বেশি ভয় পাইত কিন্তু ওদের ফলে আমার বাহির বাহির
/kaggle/input/regspeech12/test/test_chittagong_0158.wav,প্রথম হতে প্রজাকালেজ ডিম এবং সেকেন্ড মিডিট দিলে হায় এরি হ্যাংগড়ে বিহারে কিন্তু পত্রিশ হাইজা না কিছু তুমি ভরিয়ে কথা তুমি ভর্তি অম্বরে তাহা প্রজাকালেজ না মাইন্ডার তার জীবনের জন্য
/kaggle/input/regspeech12/test/test_sylhet_0369.wav,পরাসনের দিকে আমি আমার জায়গা থেকে যতটুকু পারিয়ার চেষ্টা করি আর বাকিতে হইল যে তারা তোক দৃঢ় যতটুকু আছে তো তারা সত্যি কথা আমি তোমারা কই যে মানুষের স্বপ্ন থাকে যে বাচ্চাবাচ্চা বয়স হয়ে গেলে বুড়াও গেলে তারা আমরা রে দেখাশোনা করুক
/kaggle/input/regspeech12/test/test_sylhet_0754.wav,মানুষ মানুষ মানুষ মানুষ মানুষ মানুষ মানুষ মানুষ মানুষ মানুষ মানুষ মানুষ মানুষ মানুষ মানুষ মার্কারের দুর্ভাবুকের দায়িত্বে বাজারের প্রেমের প্রেমের প্রেমের প্রেমের প্রেমের প্রেমের প্রেমের প্রেমের প্রেমের প্রেমের প্রেমের প্রেমের প্রেমের
/kaggle/input/regspeech12/test/test_kishoreganj_0145.wav,বিনা প্রয়োজনে হর্ন বাজিয়ে উচ্চ স্বরে গান বাজিয়ে এবং লাইট সুচারা মাইক বাজিয়ে মানুষ শব্দ হুনানি রঙের ভয় আগে গীতা কালাতে
/kaggle/input/regspeech12/test/test_tangail_0019.wav,এটা রি করতে পারে নাই সঠিক ব্যাখ্যা দিতে পারে নাই আর এই গানটা একই হাতে রক অপেরা প্রভাব মনে করে যে প্রগ্রেসিভ গ্রোক যেগুলা থাকে সব মিশেল একটা এই গানটা আসলে অন্য রকম একটা গান
/kaggle/input/regspeech12/test/test_sylhet_0560.wav, সবথেকে ফেস্টার বিজয়ীর অতিরিক্ত জানুয়ারি লাশটা যদি ঠান্ডা আছিল ঐ সময়ের ইন কোর্ট আছে
/kaggle/input/regspeech12/test/test_sylhet_0739.wav,ও বাবায় আক্তি জামাইয়া তো তুলিয়া দিলেই না টপিয়া দিলাম মায়েটা লম্বা সিঙ্গল আছে মাঝে পানি একটা দিন না
/kaggle/input/regspeech12/test/test_chittagong_0075.wav,তুই এত হরিস না আমাদের দুজনে ভর্তি হলেন হই বোন তুই সাইক্যালজিলেট করিবি না মহাবিজ্ঞান করিবি তাই নি জুড়ি করো তাইলে আমিও সাইক্যালয়েজিলেট সাইক্যারগুলো দুর্দার একইের মধ্যে আয়োজিত
/kaggle/input/regspeech12/test/test_tangail_0082.wav,আগে কাস্টমারদের সাথে যেমন ব্যবহার করতে হন তার ব্যবহার চেঞ্জ হয়েছে পরে একদিন শিউলির মা বরুণের ডাকে বাসায় আসতে বলে পরে বরুণ যায় পরে দেখে যে
/kaggle/input/regspeech12/test/test_sylhet_0168.wav,ভূত মানের মধ্যে ভূত ভালো স্তম্ভে তো মনে সব তার সমস্যা হইত খাওয়া ফরার তলা ইনকাম খুব দুর্বৃত্ত আছে অর্থ মার্কিন গানাস বিদ্যাম
/kaggle/input/regspeech12/test/test_chittagong_0080.wav,ও মানে একটা না হইয়া পরামর্শ করিস হাইস না আয়া দাদার রঙে হুলুম আন্টি তারা বলা আছে বাই যে গরম পরের মানে অবস্থা খালি রেগুল
/kaggle/input/regspeech12/test/test_narail_0165.wav,মামা মাম বাবা মাম বাবা মাম বাবা মাম বাবা মাম
/kaggle/input/regspeech12/test/test_rangpur_0101.wav,ঐভাবে আর কিছু খাওয়ার পায় না তা দেখছি আছি কতক্ষণ
/kaggle/input/regspeech12/test/test_sylhet_0100.wav,তুই এখানে ব্যাসলাত খেতে হবে তখন তো বাড়িটা আমি আমার
/kaggle/input/regspeech12/test/test_habiganj_0010.wav,ক্ষুধা সাত মিনিট টুটু
/kaggle/input/regspeech12/test/test_tangail_0070.wav,হালকা একটু সিরিয়াস ছিল মানে শুরুর হইতে ছিল কেবল এই সময়ে এরকম একটা ঘটনা ঘটে পরে বুরুন ধাওয়ান প্রত্যেক দিন যেহেতু মানে একটা বড় এক্সিডেন্ট তার লাস্টের ই ছিল মানে হোয়ার ইজ্টাইন মানে ওর এই হত্যা ছিল
/kaggle/input/regspeech12/test/test_rangpur_0042.wav,নেশা নেশু হেই সে পাগলি গাড়ি খাওয়াবা তাই হেই হেসুক
/kaggle/input/regspeech12/test/test_sandwip_0123.wav,রাজা তিনি দেখতেন বলেন আপনার হাড় দিয়েছেন যেন হাওয়ার যাইব পাশ্চাত্য শিখব দেখিয়ে নিয়ে শিখব আর খাবিরে দেখি কিনেই ভোলা যেতে সহজ না
/kaggle/input/regspeech12/test/test_rangpur_0016.wav,লাহামদালিল্লাহ তোমার নাম কি মোসাম্মা তোমরা খুন সামিল না একটা গল্প কিছু করব সবাই মিলিয়ে রেকর্ড করব সমস্যা হয় বেধাবে
/kaggle/input/regspeech12/test/test_rangpur_0040.wav,আগের দুদিন মানুষ ক্ষুদিও ভাবছিল এক গিরি আর এক গিরিজুল পানি মুকুট দেওয়ার কিছু না থাকছিল ওই ক্ষুদিভাগার ছায়ায় একমুট পানি খেয়ার করিয়ে সেই মানুষগুলি আছে
/kaggle/input/regspeech12/test/test_sylhet_0424.wav,আলতাজি আরও ফিলায় মিলায় বিকৃতি তাকিতেই আরও উল্টা ব্যবসা হয় পড়ে খালি এক বেদনা ফুর্তা বয় নাই না সেই নাহলি বেদনা ভাষাটা নিয়াই মানে লাগে যেমন পূর্তমন যে আমার যান যান গোবাল মিটিও না
/kaggle/input/regspeech12/test/test_tangail_0060.wav,এটাই অভিনয় করছে বরুণ ধাওয়ার আর বানিতা সাধু এই ছবি আমার পছন্দ এর একটা কারণ আছে আর এটাই মানে আমি যেই মাসের জন্ম হয়েছি ওইটা অক্টোবর মাসে ছিল অক্টোবর মাসটা ভালোই লাগে একটু শীত থাকে
/kaggle/input/regspeech12/test/test_sylhet_0261.wav,সবসময় দোয়া করতাম নামাজ পড়িয়া জানিল তিনশো জন তো নিবাও তিনশো জনের মধ্যে তিনশো নম্বর যে স্টুডেন্টটা হইব ও স্টুডেন্টটাও যেন আমিও আমার এক নম্বর দুই নম্বর ওয়ার লাগত না আমি মেরিট পিচ্চা থাকতে চাই না কিন্তু আমি
/kaggle/input/regspeech12/test/test_sylhet_0610.wav,নানু একটু যখন প্লাজেট হাইয়া তো তবে আমরা সিলেট জেফলার দেখছি এন্ডারটি করে আপনারা যেতে গিয়েছেন
/kaggle/input/regspeech12/test/test_sylhet_0546.wav,ও আমরা দুইটা হইতে ও কদিন আগেও একটি আর রক্ষাক্রমে ডিকে রয়েছে আমরা তো জানুয়ারি লাক্ষিত হোক না
/kaggle/input/regspeech12/test/test_barishal_0052.wav,পালতে যারা পারে হলেন একটা কথা জানবেন যারা পারে ফেরা নয়টে নয় দিক পেরে আর যারা না পারে নব্বইতে নয় দিকও পারে না
/kaggle/input/regspeech12/test/test_sylhet_0019.wav,পপি আগের দিন ধরে সবাই নিয়ামিত নেমে খায় অনেকে খায় অনেকে খায় এটা যা দিনের প্রয়োজন কিন্তু আমরা বিশ্ববিদ্যালয়ে খাই তিন দিন আমরা নিয়ামিত নাই সাত দশমিক দিন আমরা দিনে আমি পাওয়া সেদিন সবাই ভালো খায় মার চুপচু পিছা আছে যেমন একটা ভালো
/kaggle/input/regspeech12/test/test_sylhet_0281.wav,তখন আমারে নিয়ে খুব দুশ্চিন্তা করত মারে প্রতিবেশীরাও ঘোড়া দিতাম মাত্রা পুরি হুগুলা বানাইডিরা ঘোড়াইতে ঘোড়াইতে গিলা বিয়া হইত না কিন্তু স্থানীত কর্তে কর্তাপুরা বয়স্জার গিয়া ইত্যাদি আমায়ও খুব বাড়ি যাইতাম না খালি মার অত্যাগত থাকুন না লাগ্য দেখিয়া
/kaggle/input/regspeech12/test/test_sylhet_0462.wav,যেতে পুরো আস্তে একটু মুস্তামালা আছে বেটাইতে পালানো গরু রান্নাবালা করো খাও না যাচ্ছে এসব আচ্ছা আচ্ছা দিলে কি নন্দা এক ছেলে আর দুই মেয়ে
/kaggle/input/regspeech12/test/test_sylhet_0071.wav,তাই শাড়ি পরিবেশ আমি কিছু হলুক শাড়ি পরিয়া নতুন শাড়ি কিন্তু ইন্টিন জোহার্সি খুব মজা হয়েছে বাদে ফোরের ত্বরাণ তারা ঘুরছে আমি ঘুরছি না আমার বালা লাগছিল তার লাগত দেখিতে কী করা লাগে খুব প্রথমত নিরামিত হয় লাগে আগের দিন নিরামিত খেলার পরের দিন তবু বাস্তবায় অঞ্জলি ডিলার অঞ্জলি দুই অপরাধী প্রশাতন খেয়ার করে প্রথমে যাওয়ার মঞ্জ মঞ্চ থাকা হত
/kaggle/input/regspeech12/test/test_habiganj_0050.wav,সন্ধ্যার পর হইতে আমরা প্রথম তো প্রদীকজ্বালায় দুগজ্বালায় জ্বালাইশেরা প্রথম আজানের পুরুই প্রতিবার ডুব্বাতি দেহাইয়া পড়ে আবার ওই দুপুরের মতোই আগে তো দুপুরে একটু পূজা দিলে আমরা একটু অন্য ধরণের প্রসার্তটা দেই বুদ দেই আর সন্ধ্যার পরে হইতে হালকা সন্ধ্যার পরে আমরা যেমন হালকা না স্থায়ী এমন আমরা পূজা দিলেও হালকা কিছু দিয়া পূজা দেই
/kaggle/input/regspeech12/test/test_sylhet_0435.wav,আমি আল্লাহর রেজাত্র হানব না আর আমার আল্লাহ সুস্থ আমার কোথাও পাবেন আমি জানি পিতার লেগে মরা লেখার চাহার্জা দিলাম বুঝিলেন না হয়তো আমার কোনো দেখার ভুল চুক্তি কোন কারণে আমি জানি না
/kaggle/input/regspeech12/test/test_rangpur_0034.wav,দুইবার মুখ খেতেন কেমন চাল চাল পিছনে নুন যেগুলি দেওয়া যায় কী কইরেন তার কোন পিস নিয়ে কোনো বস্তু দেখুন নাই ওজন মেয়েটা এখানে আছে
/kaggle/input/regspeech12/test/test_rangpur_0055.wav,এইবারের যদি অসহায় হনু হয় বাবা কায়ু কিছু দিলে নায় যে কর্মকল দিবসের মালিক আল্লাহ ধার কর্ম যেমনটা কল তেমন
/kaggle/input/regspeech12/test/test_noakhali_0028.wav,খানের বাঁয়ে আরও তেরা আর তোরা তোরা চিৎকার আয় তোলে কী দেখো এবং তারে কাঁদিতে মুখের মতো মেজামা বর্মা মাদি
/kaggle/input/regspeech12/test/test_kishoreganj_0162.wav,মাঝের উপর ছেড়ে তেতালের দশম গাছে ছিল নব্বই বা পানি
/kaggle/input/regspeech12/test/test_rangpur_0075.wav,দূর দূর আবার বৈষম্য দেয় নাই
/kaggle/input/regspeech12/test/test_sandwip_0024.wav,মানি সার্কার করেনি আমার
/kaggle/input/regspeech12/test/test_comilla_0005.wav,ওইদিন আমিও গিয়েছিলাম যে রোহিকে স্কুলে দিয়ে আমি আর দেরি করে নেই সাথে সাথেই চলে আসছি ও রোহিকে তখন স্কুলে যাওয়ার পরেই ও ব্যাগ রাখার পরে ওর আবার দেখা যায় যে ষোল ডিসেম্বরের ইয়াথাকারদের
/kaggle/input/regspeech12/test/test_narsingdi_0028.wav,চাই বাংলাদেশ টিম তাই ভালো টিম হোক ভালো খেলুক যেতে হান সব দলের সাথেই ভালো খেলতিছে একটা ট্রফি জেতা উচিত অন্তত সাকিব আল হাসানের জন্য এল ট্রফি জেতা উচিত আরে আল্লাহ বড় স্যার
/kaggle/input/regspeech12/test/test_sylhet_0667.wav,সে কিছু সাবর্তী আছে এমন অতীত গোলা ইতিবাচিয়া কোন মন্ত্রণালয়ে মারবার একটু কোন চিড়িয়া এই মতো আছে
/kaggle/input/regspeech12/test/test_kishoreganj_0140.wav,ডায়রিয়ার মতো পানিবাহিত রোগ এবং বিভিন্ন চর্মরুগুলি আক্রান্ত রোগ এবং বিভিন্ন চর্মরুগুলি আক্রান্ত হচ্ছে
/kaggle/input/regspeech12/test/test_narsingdi_0042.wav,বাড়িতে আইপিএস হতে কেন তবু জানা না মোবাইল চালিয়ে দাম জানা যায় কান ফাইন তুই আর বড়লোক কি না তারপর সামনের এদিকে এত সময় বাবার কারণ ধরনের ডিসটা পরে অনেক খারাপ লাগে
/kaggle/input/regspeech12/test/test_sylhet_0429.wav,ফ্রেড খাটা এরপরে নীল খাটা মানে অনেক কিছু বড় ধরন করেছেন আপনি কিন্তু ধোঁয়ার করে তোমরা থাকতে স্কুলেই যেন একটুও ঐ কিছু ভাবি আছে
/kaggle/input/regspeech12/test/test_habiganj_0018.wav,এরা তিনি তো তিনি খুব চেষ্টা করছেন না আমি ব্যাধিত
/kaggle/input/regspeech12/test/test_narsingdi_0086.wav,ডিম হলিডে যাইতে দিবে এক লাঠি লাইক আমি এইটে ফরি তুই কৈফরাস সেকেন্ডে নাফাসকে রিফারাস্টের দলীয় আমি কুহিল্লা থেকে আমি তো অনার্থ করিয়াই আব্বার দেখলাম না আমি অন্য ক্লাস নাইটেনে পড়ি
/kaggle/input/regspeech12/test/test_sylhet_0099.wav,সুন্নিত ইনকাম করুন কতজনে আমরা তিন বিটি করি এক বিটি পাঁচ সাড়ে পাঁচ হাজার আরেক বিটি পাঁচ সাড়ে তিন বোয়িং না না আমি আসলে মার করি আর আমার বাইরিটা
/kaggle/input/regspeech12/test/test_habiganj_0022.wav,ম্যাডাম এখন্টা মেঝেমেছে দাঁড়াইতেন এখন্টা পিরিয়ডে দাঁড়াইতেন
/kaggle/input/regspeech12/test/test_narsingdi_0121.wav,দ্বীপের জামা দিয়া খাওয়াইলাম দেখে দেখি তোমার ভালো কিছু কথা ভালো না অন্য দাম করি হোক এই মোবাইলেই তোরা খাইতে মোবাইলেই তোরা খাইতে অন্য আবার মোবাইল খেলা নেই
/kaggle/input/regspeech12/test/test_sylhet_0051.wav,কোনো প্রবলেম হয় না মানে এখনো পড়াশোনার প্রবলেম হয়নি তুলনাম লাগে আমার এমন হয়নি যে মানে প্রাইভেট টিফার্স লাগেনি না নিজেরা নিজেরা খোলা স্কুলে আমরা যুক্তের দিকে পাইভেট করতাম না এখন আমরা দরকারি আমি পুরোনি
/kaggle/input/regspeech12/test/test_narsingdi_0094.wav,মনে নে কোনো শুরু করে দে শুরু করে দে বাবার তো প্ল্যান আছিল খালি প্ল্যানের মতো কাম করতেছেন তাই কি কার্টুন বুঝে যে যে রাত্রি আর আপ্পটা সিন্ধু না কর
/kaggle/input/regspeech12/test/test_sylhet_0461.wav,আর বাকি রাত বাকি তাই রামমায়ও লেখাপড়া করছে চলে যুবে ধরিয়া আমরা বড় মাস্টার পাস হয়েছি এবং পালাও খুলতে পারি কিন্তু কোন চাকরির ব্যাপারেই নাই যে মঞ্জাবাদ হতে বিয়ে হয় তারা পছন্দ পাহারানো হয়ে থাকে
/kaggle/input/regspeech12/test/test_sylhet_0567.wav,জানি যেন ম্যাটের প্রতি যে ভালো লাগাটা আছে রেফারি ইন্টারেলিউটার পর্যায়ে গেল সেটা হলো এখনো আমি ম্যাটের পক্ষে খেলতে পারব কইরা আমরা রিপারটার থিওরি সাইটা আমি মেহের তোর মাঝে সব কিনত আমার আলাদা থিওরিও
/kaggle/input/regspeech12/test/test_rangpur_0017.wav,না চল্লিশ পার হে মোদি সাত বছরের বেশি আছে আরে তো ভাতাবাবুতে এলে তুমি কই ভাতা দেয় বাবু ভাতাবাবু দেয় ভাতা
/kaggle/input/regspeech12/test/test_sylhet_0672.wav,স্বামীর ভাঙ্গির অত কিন্তু আসিবা স্বামী বাড়িত স্বামী বাজে তাঁর অনেকে থাকব আরও এক মানে তাঁর নয়
/kaggle/input/regspeech12/test/test_narail_0033.wav, আর দরাদরি করলে আর পাওয়া যাবে নে কিন্তু আমি তার দরাদরি করতেছি না করতে চাচ্ছে সেলিম শরিফ
/kaggle/input/regspeech12/test/test_tangail_0102.wav,মানে বলা হয় যে যদি তুমি তোমার ভালোবাসা পেয়ে যাও তাহলে এটা মেনে নিও ক্ষুধা তোমারে মোহাব্বত করছে আর যদি না মিলে তাহলে এটা জাইনো যে ক্ষুধা তোমার সাথে জান হয়ে গেছে
/kaggle/input/regspeech12/test/test_sylhet_0719.wav,মুরাদি মুখা লাগে এর আগে তোমাকে না তো নিয়মিত মনোগ্রহ কবুল হইয়া আন্দোলন করি
/kaggle/input/regspeech12/test/test_narail_0074.wav,ওই মায়ার একটা ধন জায়গাতে চলে থাকতে একটা রুম কেন মায়া থাকত তাহারা মনে হইবার অভিভাবে কোনভাবে নিল নিজস্ব জায়গা না আমিও দুলাল সরকার করতাম
/kaggle/input/regspeech12/test/test_narail_0099.wav,আর যে দিচ্ছিল সে আমার দাদা সুতরাং সে আমার হিসাব করেই দেখে হায় আমি একটুখানি দিতে এলাম না তোমারে কেন দুটো খাওয়াইছিস ডিম বাজি আলু সেদ্ধ
/kaggle/input/regspeech12/test/test_sylhet_0660.wav,কিন্তু তোমায় যাই আছিলাম কান্টু আমি জানি না কেন
/kaggle/input/regspeech12/test/test_kishoreganj_0086.wav,হেঁটে হেঁমকে লাগে হেঁটে হেঁটে হেঁকে করে মিষ্টি যে কাঁথা দাঁড়াবে না কাঁথা গুড়ের মতো মিষ্টি হেঁটে হেঁটে বড় বড় ফাঁস ওকে লাগে হেঁটে হেঁকে গোয়াম এরি এমন আলী হেরি ম্যাটোর তো বড় বড় আলী না
/kaggle/input/regspeech12/test/test_sylhet_0668.wav,আপনারা যে ওমর মানে বুদ্ধির সময় ইন্ডিয়াত আসলে কেন আপনার বয়স কত আছে এত বয়স হইব টিস্ট পার্টি পেল
/kaggle/input/regspeech12/test/test_habiganj_0075.wav,চাওয়া দেবে তো আমার খরচ বাজারটা একটা হেরাতে পাইনি নানান যেন প্রতিদিনকে ঢুকলাম বালাই না
/kaggle/input/regspeech12/test/test_tangail_0001.wav,ব্যান্ডার কি পারফর্ম করতেছে কিন্তু মানে কেউ তেমনই নাই উচ্ছ্বসিত না মানে গানটা তেমন কারও কাছে ভালো লাগতেছে না এরকম কিন্তু আবার ফ্রেডি মার্কিউকে খুব গান পছন্দ করত পরে যেহেতু ক্যারিয়ার একটা চুপস করতেই হব
/kaggle/input/regspeech12/test/test_kishoreganj_0107.wav,বিচ্ছুর্যের আলো ব্যবহার করে নিজের খাদ্য নিজেই তৈরি করে পোকামাকড় উদ্ভিদের উদ্ভিদ বেঁচে থাকে আবার ব্যাঙ্ক পোকামাকড়ের খাদ্য হোকাব্যান্ড গ্রহণ করে এভাবেই সব ব্যাঙ্ক ঘরের কানে দুটা সান্ধ্য এবং ঈগল সাপ
/kaggle/input/regspeech12/test/test_sandwip_0027.wav, দই মাঝেমধ্যে খুব মানে দুঃখ করি তৈরি হোলানি বুঝে হরাল হায় করে না মানে হইত কোনোদিন একাব্যাজুর চেতলা থাকলে আর হোলানটা হায় না আগে আজ মামলা শুধু হোলাইন হোয়ারেল হায়া করলে যে মানুষই যে এমনটা কিন্তু নয় আনীয়ের মনে রাখেন আনার হোলানেলিন দেখবেন
/kaggle/input/regspeech12/test/test_sylhet_0670.wav,আর সাহাদা বিয়ে চাকরি করতে আসিস এবং বেতনে কলেজের চাকি হারিয়া ইয়ারিয়া যেতে শ্যাকশন ও আইন তিন হাজার দুই শো একটিও পেনশন বাতা আমি বৌঠিলাম
/kaggle/input/regspeech12/test/test_chittagong_0047.wav,গুড়াগুড়া হামবে কিং কেন এত গরম পরে বলে বেড়াতে যাবে গিয়া হাম বললি তোর বেড়াতে যায় হাম দিয়েন দেহ এগিন ফার্মার দেব জ্যোৎস্না হাম গড়িলে উঠবি
/kaggle/input/regspeech12/test/test_sylhet_0331.wav,আমার নিজের তাড়াতাড়ি সেটা মানে আমার মনে হয় যে আমি বার্ডেন কারণ ওখান থেলে তবে না আমি কিছু করিয়া করতাম তাই হইলে ঠিক আছে তোমার চিন্তাভাবনা ভালো আমি স্বাগত জানাই কিন্তু ছোট কাজ করতে গিয়া আমার
/kaggle/input/regspeech12/test/test_narail_0104.wav,আমি যে ডাক্তার দেখাইছি ওষুধ খাওয়ার পরে অনেকটা টিউমারটা ভেঙে ছোট হয়ে গেছে বুঝিস না অনেক সময় আছে যে থ্যালাস মিয়া মানে মাংস বিন্দু আরেকটা সিম্প হয় এক বেলার জায়গায় আমার ছয় বারে
/kaggle/input/regspeech12/test/test_sylhet_0103.wav,তিনি তাই ছাড়া এই প্রধানমন্ত্রীর প্রধানমন্ত্রীর মায়েদের নিয়ে থাকেন আর জিন বাছারমালিকে প্রধান মানুষের গোছায় দিয়েছে মানে মাইদের হতো একটা শুনিটা যা আসলে থাকে
/kaggle/input/regspeech12/test/test_sylhet_0013.wav,মন্ত্রিত্ব এবং যদি দাওয়াকে দেওয়ার পরে তারপরে আমরা প্রসারটা হয় তোমরা টাইমের ভিতরে করতে হবে তবে পঞ্চমী তিথিতে আমরা বারোটা পর্যন্ত হাতে বারোটা পর্যন্ত বারোটার ভিতরে পড়তে হবে যা আর যদি একটা টাইমটাকে পঞ্চমে দিতেই তাহলে একটার সময় যে সময়ের যে টাইমটার যে দিন যে সময়ের টাইম তার এই টাইমের বিক্ষোভে যেটা বাকে
/kaggle/input/regspeech12/test/test_sylhet_0219.wav,অন্তত প্রাইমারি স্কুলে একটা পরীক্ষা দিয়া চাকরির টুকরো যাতে আমার পরিচয়খালী হাউস ওয়ার্ড পয়েনার লোকে একটা পেশাও থাকে চাকরিজীবী রাখা রাখার ঐ মোমেন্টটা রাখ নেয়
/kaggle/input/regspeech12/test/test_narail_0110.wav,ঈদের যাবে কিনা উনি উনি কষ্টে এবার আর বাড়ি আসব না আমি বুঝতে ঠিক আছে মনে থাকে যেন বাড়ির ভেতরে ঘরেই উঠতে দেব না তুমি থাকতে এখন বাংলাদেশে নামিতে ইন্ডিয়ায়
/kaggle/input/regspeech12/test/test_kishoreganj_0196.wav,বিদ্যুৎ উৎপাদন করা হয় মস্তিফ করা হয় শুকানোর জন্য হেয়ার দেবে বাড়ি পাওয়া হবে এবং
/kaggle/input/regspeech12/test/test_chittagong_0069.wav,ওমার এই ব্যাপারেরা যেন হবেনি এই ইয়ানার গো এখন সেটা হাতে নাইলে আড়া গড়াটায় সুগার তুল লোভে আর গায়ে লয়া আমার হোক
/kaggle/input/regspeech12/test/test_chittagong_0010.wav,তোমাদের সাব্রিস তারিখ না করে কারণ তুমি লিস্ট দিয়ে দেখো মাত্রই কাজ করে কেন
/kaggle/input/regspeech12/test/test_barishal_0014.wav,তারপর দেখি তোমাদের সামনে আসা খাটে অনেক সময় জেনে ঠেনীর বাড়িগুলো হলো দিলে বাদ
/kaggle/input/regspeech12/test/test_sylhet_0048.wav,চিতাবেশী মদ রয় তাই ওপারে তাই না ঠিক আছে নতুন আমি তাই না আমাদের আমরা কলা জায়গা নাকি বাসার তালা পাই বাইরে লেগে তো রান দিয়ে দেওয়া লাগে তাই রান দিয়ে তোমার বয়স তো তৈবার নাই না পরে এবার তারপর আমার আন্নান্ন পারে বালা
/kaggle/input/regspeech12/test/test_sylhet_0708.wav,আর বড় রাতের ইয়ার্কে
/kaggle/input/regspeech12/test/test_noakhali_0007.wav,সিয়ারা এক প্রতিদিন এত সবজি কিনে কিনে বায়ুর লগের মুখ আবেদনা দিচ্ছে বায়ুর লগে কিন্তু সিয়ারা যেন পলিথি নিক্ষেপ নেই
/kaggle/input/regspeech12/test/test_sandwip_0003.wav,গোমরা সংখ্যা ধরতে হচ্ছে যেহেতু তিনি বেচিং বাস করেননি ও কী নিবেন গ্রামে গেলে শান্ত হচ্ছে এবং করেন আপনাকে পড়েন বল বুঝে আছে জাকিলে
/kaggle/input/regspeech12/test/test_sylhet_0347.wav,সত্যি হয়ে গেছে তোমার বিবাহিতা আমার কাছে ছিলে তারা আমার কাছে বিবাহিয়া আমার বাচ্চার বয়স্থ হন দুই বছর কাছাকাছি গেছে এখনই দুটো বাচ্চা লইয়া কেমনে থাকে মানে আমি
/kaggle/input/regspeech12/test/test_sylhet_0035.wav,দশমীদিন স্টেম আবার করতে হয় যে দশমীদিন একটা করতে হয় তুই চাহিলি মা দশ টাইমের ভিতর পৌঁছাইব এটি সবাই অঞ্জলি দেয়নি সবাই আনন্দ করে যে পাড়েতে যদি দেয় না তারপরে সে শৈল দশমী পূজা পড়ে
/kaggle/input/regspeech12/test/test_barishal_0022.wav,একটা কোড্ডে কতটুকু ওষুধ থাকে কয় বেলা খাওয়াইলে কতটুকু এগুলো চাওয়ার মামলা করুক
/kaggle/input/regspeech12/test/test_narail_0159.wav,ওই মেশিনই নষ্ট হয়ে যাবে ওনার এত রোগ প্রথমার্ধে ডায়াবেটিক বুঝছ পরে আসছে ওনার চোখে এতে নালি হইছে
/kaggle/input/regspeech12/test/test_tangail_0029.wav,তার মানে আমরা দুজন ফুলমিন কিন্তু ঘটনাগুলো এমনভাবে হয় যেন জোনাথন সবসময়ই ঠিকই করে কিন্তু মানে অন্যান্য পারিপার্শ্বিক যে ঘটনা হতো এটার মানে ছাড়া বুঝতে পারে না এই জিনিসটা
/kaggle/input/regspeech12/test/test_narsingdi_0067.wav,ওই না আমার লোকের একটা অত বিয়ে করলে যে প্রয়োজন পোলা বাইরের পোলা কিডন্যাপ করছে সত্যি কথা মানে বলে কুন্দা ভাড়া গেলে তা আমরা তো ভিড় না
/kaggle/input/regspeech12/test/test_sylhet_0493.wav,নাহ প্রুবার নামাজ বাজ পড়াতেছেন নামাজ কিছু কিছু কিছু ঠাকু অস্তিকের নাম হচ্ছে তাকুর বাড়ে মোগবাজার ঠাকুর হসপিটাল এবং বোন অস্তিকার
/kaggle/input/regspeech12/test/test_sandwip_0020.wav,শুটুকে যে গেল রাস্তারা তেমন যে তারা পালিয়ে কহিল তারা কোন দেখাইয়া এতের বাড়ি খালি গিয়া ছাত্রয় চাহিয়া খায় কী করে কাবু খাইতেননি তার স্ত্রী
/kaggle/input/regspeech12/test/test_sylhet_0634.wav,আপনার বড় বোন নে দাদু আচ্ছা তো আপনি আইন আমরা উবাই
/kaggle/input/regspeech12/test/test_narail_0157.wav,ওই ব্যাংকেরটা আমার কাছে কি আমার কি পাগলে কামড়াইছে আমি গাছ টাকা ভাঙে ট্রাক্টর দেয়া বানি আমি পাগল পাগল আছে পৃথিবীতে কত তোমার না দেখেই বোঝা যাবে
/kaggle/input/regspeech12/test/test_narail_0156.wav,ইন্ডিয়ায় ডাক্তার দেয়াতে যেমন তোমার দিদি বাংলাদেশে তো তেলায় ফায়দের হাত দিচ্ছে না ব্যাঙ্কে টাকা দিচ্ছে ওই টাকা ভেঙে ডাক্তার দেখাবে না সে
/kaggle/input/regspeech12/test/test_chittagong_0097.wav,তুমি কিন্তু নাকি নাকি যে মাতামত কিন্তু এই ব্যানার্জির ব্যারোহিস্ট নয় দিকে আগামী আরাপ নিশ্চিত আছে তোমাদের ইয়াগুজ্য আলোর গুর্জ হ্যামাডাইলা আনন্দ নির্মাণের অঙ্গ সুযোগ দেন
/kaggle/input/regspeech12/test/test_sandwip_0056.wav, মহিলারা যখন সবকিছু লেজান্দা করার লাগে এসব মহিলার বউ আসলে মতিন
/kaggle/input/regspeech12/test/test_narsingdi_0106.wav,না মা বাহুকে তুই কিছু ট্রাই করলাম আবার বাবায় খুব খুশি হয় এই দে ওয়েট কোকো মেলান নার্সারি রিধামস আরিয়া কই আমি কিছু ট্রাই করলাম দাদু খুশি এটা নেক আমার পছন্দান্ত দাড়িতে একজন মনে আছে আমি যে ডিম্বা জঙ্গে ছিলাম
/kaggle/input/regspeech12/test/test_kishoreganj_0204.wav,তিরিশটা মিনিট দরাসন করতে হ্যাঁ
/kaggle/input/regspeech12/test/test_narsingdi_0123.wav,ওয়েট ডেমন ফ্লেয়ার ঠিক আছে আহ্বানের জাপানের মানুষ হচ্ছে হাইয়েস্ট বাজেটের রিয়া অ্যানিমেশন সিরিজ না দেখলে মিস আমি আনিয়ারি স্পাইপে মেলি স্পাইপে মেলি স্পাইপের নিচে স্কিম পাপ সরি
/kaggle/input/regspeech12/test/test_narail_0030.wav,আমি তো কাগজে কতীবারী কাগজ দেখলাম ওই যে কাঠাল গাছপালায় যেটা খাল করে যাচ্ছে এ যে জমি হ্যয় তারপরে আসাদ মিয়া যে ক্যাম্পানি চাষীরা তামরা যাই
/kaggle/input/regspeech12/test/test_sylhet_0578.wav,ঈদ আর কিলাস তুমি তো একটা টেকনিকে প্রায় তুমি একবার সত্যিক তুই তোমার নিম্ন সানোয়ার্স ছাড়াইতেন হ্যাঁ অন্য স্থানে অ্যান্ড্রয়েডে আছেন না বাতান মিডিয়াস না তোর এক অভ্যাস চিন্তা করব সেনার দিনের পরে হবে
/kaggle/input/regspeech12/test/test_barishal_0034.wav,দুয়ে একটু বাটিতে লইয়া টুই করবেন
/kaggle/input/regspeech12/test/test_sandwip_0108.wav,হাসতী বানালে ভালো লাগাতা হলে আমার সারা নাম ভেদের কোনো সম্পর্ক নাই এই ব্যাপারে আইন কৈনিকীর্ণ আইন বলি গেলে এটার চাহিদা বুঝবে হারলাদার ব্যাপার এটার চাহিদা বুঝব
/kaggle/input/regspeech12/test/test_noakhali_0020.wav,তুই দেখতে পারো ভাই তোর নিকে কোথাও নিয়ে করাচ্ছে তুমি কেন ব্যক্তি প্রচার
/kaggle/input/regspeech12/test/test_sylhet_0036.wav,ওইদিন আমরা মন্দিরের কাজটি আনন্দস্যুপূরণ সন্ধ্যার পরে ঘোড়াই খাই দিন আমরা সবাই বুঝি যখন যে আমরা নিরামিত খাইছি যদি ভালো মাছ মাংস সবাই খাই
/kaggle/input/regspeech12/test/test_rangpur_0059.wav,একটা চিহ্ন দেখা গেল আঘাত রোধ এটা এল দুর্ভোগের একটা লক্ষণ রাজতুল্লামের চলাচলের নিচে গেল পায়ের নিচে মেনে না গেলে মুখ রোধ পেত চলো তারিখ
/kaggle/input/regspeech12/test/test_habiganj_0016.wav,ছেলেটা নিতে বেয়াহরে সেটা বেলা আমার তোর মধ্যে দেখতে নিয়ে রাহুল কত উগ্র হচ্ছে রাত শুক্রবৃত্তিক মেয়ের স্থান পাঁচ ছেলে দুই লাই যাতে বেয়ার হচ্ছে তিনটাই মনে হয় বেয়ার হচ্ছে সর্বপ্র মোট
/kaggle/input/regspeech12/test/test_sylhet_0459.wav,কিন্তু একটি বোম্বা মায়ে বাফেদে হলে তো আরও পেলেই বোম্বা ফেনা করতে দাঁড়িয়ে গেলেন আমার মা চাচার মায়ে দেখতেও ঠিক অন্যের নাতি নাতনি বুঝে নামে তাই আমার বিছ্বাসী আমার লোকে আর যে হালকার যে হয় আনন্দিত বিনারী
/kaggle/input/regspeech12/test/test_kishoreganj_0037.wav,ঠিক আসতে হবে মুন্না
/kaggle/input/regspeech12/test/test_barishal_0073.wav,দেখছি এরা নিজের চোখকে বাস্তব প্রমাণে দেখতে এই জিনিসগুলো গড়ে সংসারে গড়ে এরা থামা থামা নেপাল ও পিচ দিয়ে পিচ দিয়ে বহুত কিছু করতে পারে
/kaggle/input/regspeech12/test/test_sylhet_0276.wav,পিটুনি মানে তৈল গিয়া দরো আমার মাছের খাওয়া খরচ হারিয়ে হাত করো প্রচলিত অবস্থা পিটুনি একটা করার পরে সাহাপিয়া গেছে কারণ বার্সিটির বাসে আওয়াজ আওয়াজ করি বাড়ার টেকাও লাগে না মাঠ পেছে টেকা আর তা পাইলে
/kaggle/input/regspeech12/test/test_kishoreganj_0160.wav,ডানা টুকটুকি দানা টুকটুকি দানা টুকটুকি দানা টুকটুকি লাল লালিমে দানা
/kaggle/input/regspeech12/test/test_sylhet_0751.wav,কিন্তু মন্দিরে মন্দিরে প্রমাণ কথা বলতে পারলেন তিনি জানিতেন তিনি আমাকে নিয়ে যান মানে এগুলো করার ক্ষেত্রে মানে ঘরে নিজেরা পরিবার পরিবারও করে আবার মিললামিত্র তো
/kaggle/input/regspeech12/test/test_sylhet_0593.wav,প্রভার সাথে মাছ নিতে লাস্ট টাইম তেন হাসব্যান রাইফের আগে কবে জানি মাসি ছিল
/kaggle/input/regspeech12/test/test_sandwip_0032.wav,দু তিন রকমের মাছ লাগিবে কিন্তু তোর মাও যে ছাত্রী করেনি
/kaggle/input/regspeech12/test/test_kishoreganj_0159.wav,তোমার পুতুলের গাছটা লতামানো ফাইন জমিদার দেখো সব দুর্গম জমিদার এলাকায় কুয়াশা দিচ্ছে কুয়াশা লুপ্ত হয়ে পড়ে ডাইলি মেডানা টুকটুকি লাল লা দাইলি মিটুল রেজালা টুকটুকি লাল
/kaggle/input/regspeech12/test/test_sylhet_0157.wav,মাঠ ও জঙ্গল ফিজটাই জঙ্গল তাই রুবাই জঙ্গল তো আপনারা যুদ্ধের সময় পাইছেননি কত বড় আসলাম কিছু মনে আছে নিচ্ছে আমরা না কই নেই আমরা তো এটা খালি বইও কিছু তো জানি না
/kaggle/input/regspeech12/test/test_narsingdi_0023.wav,এটাই আসলে জাতীয় দলের প্লেয়ার আসবে যাবে আসবে এরকমই তুই আজকে তুই খারাপ খান্দা সুযোগ তোর জায়গায় আরেকজন নিবেই যদিও আবার তোর জায়গায় যাইনি তোর যদি খারাপ ফেলে
/kaggle/input/regspeech12/test/test_chittagong_0014.wav,হ্যালো হ্যালো
/kaggle/input/regspeech12/test/test_tangail_0121.wav,যতই টাকাগুলো কতগুলা মানুষের কাছে পৌঁছাইতে পারব যতটুকু আমি হিসাব করে যদি ক্যালক্রেশন নরমালি করি তাইলেও তো হইতেছে অনেক টাকা হয়ে যায় কিন্তু দেখ দিতেছে কত লাখ টাকা করে একই ব্যবসায়ীরা হাইজগারে দুই থেকে আড়াই লাখ টাকা করে দিতেছে দুই লাখ আড়াই লাখ কি পাচ্ছে একজন ব্যবসায়ী
/kaggle/input/regspeech12/test/test_barishal_0028.wav,এই গেল আগে ট্রিপ দিয়ে একটা জিনিস দিয়ে কোয়াডান ছিলাম
/kaggle/input/regspeech12/test/test_narail_0102.wav,জাকাল হামাদুল্লাহ কিন্তু কঠিন রোগ বয়ে নিয়ে বেড়াচ্ছি কেয়ার কওয়ার মতো না থাকতে এবং প্রেক্ষায় যেতে হবে
/kaggle/input/regspeech12/test/test_sylhet_0614.wav,হ্যালো আইট্রফ নেই না তাহলে আজো করো পেরোগ্রাফ বার করো আমি আই আর তাই হ্যাঁ কাকুদেরা
/kaggle/input/regspeech12/test/test_sandwip_0052.wav,তোমার মানে সোহাগের হাতে দেখলাম যে কেহ হয়ে গেছে কিন্তু জিলিপ দে তুটি সেক্টরেনের আঙুলে দেয় যে খুব তেলে না
/kaggle/input/regspeech12/test/test_sandwip_0127.wav,আমরা মানিয়ে লাইনি আঙুরে ফ্যাসার দিয়ে ঠিক করার লাগবে আঙু মারা সাফেরার পরের একটি লিপ্টে বসে আমরা মানছি আঙুল আমি আঙুরে মাইন্ড এই ফ্যাসার দিলেও আল্লাহ তার বিবেকের গ্যালান্সি
/kaggle/input/regspeech12/test/test_sylhet_0438.wav,মানে টাক করিয়া কি করিয়াই নাও কমোটের মাঝে পড়ছে হে মার্চি আমি মানেও আমি করেছি সব তামানো চিপ দেয় চামা মানে মাংস ওষুধ তুমি আমরা চিড়িয়াইয়া করি কি স্যার হেমন চিক লাঙায়ের টিকে দাঙ্গন ডোর অর্থটা আরও লেখা আমি উপার্জন করাম না
/kaggle/input/regspeech12/test/test_sylhet_0547.wav,আর ফর্মটি লাগতেছে আহ হঠাৎ এক জামার রোটিন দিবে বলি না চলে কোন ধর্মপ্রদেশ দেয় রমজানটা তৈরি নয় আমরা হ্যারিনের জন্মে মেয়েমেয়ে করেছিলাম ক্লাস পদ্ধতি রমজান হইত নাই
/kaggle/input/regspeech12/test/test_tangail_0066.wav,কর্পোরেট পার্টিতে ধুয়েকা পার্টি করতে পারব না ওদের তো আলাদা একটা সাইট দ্বারা স্টাফ আছে ওই তো আরাও যেমনি স্টাফ ঐরকমই তো এই পার্টির মধ্যেই মানে শিউলি একদম মানে রেলিংয়ের কাছে
/kaggle/input/regspeech12/test/test_barishal_0060.wav,অনেক প্লাফানের লাগে চলছি এই পোলা নেশা হইতে শুরু করি এমন কোন তাউরুসি নেই যেন মুইপোলা করি নেই আর রান্ন সব ছাড়িয়া ভালোই সংসারী করি মনে করেন আমি যখন প্লাফানের লাগে চলছি দৈনিক পঞ্চাশটা হার একশোটার গাজা লাগত আমার তামাক হার আমার জীবন চলত না
/kaggle/input/regspeech12/test/test_barishal_0091.wav,যত বছর এ তো এ গাছ এ যে নেবারই কাটলাম এই গাছ যত বড় গাছ
/kaggle/input/regspeech12/test/test_habiganj_0032.wav,কেনা নাকি রাখতি তখন ইকানোই একটুও হরি আবার মালাটালা জ্যোতি কিন্তু পুরোপুরিভাবে করা হয় না বাড়ির থাকতে যেমন করতাম এমনভাবে কিন্তু করতাম পারতাম
/kaggle/input/regspeech12/test/test_barishal_0045.wav,হেয়ার পার্জেমনিকেন্ড হলেন নানা আমার মাথা গেছে গরম দিয়ে কাম এই এ সজ্জিল না এই তো এই এ কষ্ট তা গরু কিনলে কি করবে আজকেই এলাম বেশ চেয়ে হলামও আর ঐ মোড়েই গাছ কাটা কাছার নিয়েই গেলে মুই ঢাকা ছেলে জন্ম এ বাড়ির সংসারেই আছিলেন
/kaggle/input/regspeech12/test/test_sandwip_0037.wav,তা দিয়ে বললে আর বাসনা বেশি আনাতে তোলা বাসনা নেই
/kaggle/input/regspeech12/test/test_narail_0017.wav,তালি শেষ হারুতে চাই সেবার পাইছে যে মাইসুহত বাহির কাছে বলে মেলা টাকা পাঠাইছে দাদারের চিকিৎসা আছে তাই তো মনিকল তানে মাইসুহত তালির কাছে যে তালি ভালো কথা গুরুপদ্ধতার কাছে পাঠাইছে তাহলে আমি গুরুপদ্দ ছলের কাছে শোনব গুরুপদ্দ সলতলি টাকা তো খাইছি আমাকে দিই নাই
/kaggle/input/regspeech12/test/test_sandwip_0125.wav,আসাত তৈরি করে ভুল লাগবে না ধন্য জনা এক লাশ আর বাইরে যায় ক্লাসে এতে হলো ও একলা ক্লাসে লাস্ট পর্যন্ত এটা হল মেটিকে আসার পর তিল্ল না নানির জন্তু হরি সোলা ঠুল ঠুল দিচ্ছে
/kaggle/input/regspeech12/test/test_comilla_0027.wav,আর ওর বাবাও তো একজন সরকারি কর্মকর্তাই উপজেলার অধীনেই এই সহকারি ইঞ্জিনিয়ার তো ওনারা ওরকম ভাবে যে মানে এটা তদন্ত করতে হবে বা এখানে কাউকে দোষারোপ করার মতো উনি কোনো ইয়া করে নাই
/kaggle/input/regspeech12/test/test_narsingdi_0065.wav,এটা আমি খেয়ে দুই আয় করি
/kaggle/input/regspeech12/test/test_tangail_0115.wav,আমি এটা তো দেখাই পেপারেও দেখাই তাঁর একজন নেতা সেনা সবাইকে করে চট্টগ্রামের রাউজানের নেতা
/kaggle/input/regspeech12/test/test_narsingdi_0031.wav,এরকমই স্বপ্ন সবারই দেখতে হবে না দেখলেই চলে না এই যে টি টোয়েন্টি ওয়াল কাপ গেল দেখলে না সাকিব আল হাসান বলল যে
/kaggle/input/regspeech12/test/test_sylhet_0398.wav,মিথ্য করে আপনারা আস্তানিকারা যাতে আপনারা কথা দিচ্ছেন কিন্তু আলাদা আলোচনিটা তাই নির্বাক হয়ে হয়ে যাবে সব বিধানে কোথা থেকে যায়
/kaggle/input/regspeech12/test/test_rangpur_0126.wav,তোমরা ইচ্ছেই করে দা দিন মুঠি একা দিয়ে দিছ মোটে দুই শো দিচ্ছে মাফা তো আরও তিন শো দে মেট্রি টোটাল পাঁচশ টাকা আমির গুলি দেন
/kaggle/input/regspeech12/test/test_sylhet_0677.wav,প্রত্যেকেও বাচ্চা পাকা লইয়া নিয়ে ওঠে বিদ্যুৎ কম্পিউট করছে আর মাস্টার্স আমার সুপারমেয়ারি সে ক্রিয়া করতে পারত না পরে লুকো পড়তে এসে মাস্টার সোস্টার্ট প্রস্টার্ট মানে করা
/kaggle/input/regspeech12/test/test_sylhet_0695.wav,তাইলে তো আপনারা ব্যস্ত আছো এর ক্ষেত্রে আন্দায়ন করে এলেন দাদু পেয়ে আমরা উঠি আপনারা আপনারা বোধ সময় দিলাম
/kaggle/input/regspeech12/test/test_sylhet_0442.wav,ও তো বালুজ্জ্বল তোমার বালুজ্জ্বল পয়েন্ট আছে নাকি পয়েন্ট ছাড়াই নেই গেল যে আরামবাদ হুম আরামবাদ
/kaggle/input/regspeech12/test/test_sandwip_0111.wav,আইন বাপ করেছে আমি সঙ্গে সেখানে অনার জন্য হ্যাঁ
/kaggle/input/regspeech12/test/test_noakhali_0006.wav,দেখুন কি না না
/kaggle/input/regspeech12/test/test_sylhet_0301.wav,বিয়া হইলে কখন একটা করা লাগব করতাম আর সবচেয়ে বড় যে জিনিসটা আমার মাথায় তখন এটা করছে যে আমি তখন ইউনিভার্সিটি কাজ করিয়া যখন আমি বাড়িত ফিরিয়া যাইন যেই বাড়িত আমার আম্মায় কোয়ার্টিফোর ওভার স্টেনশনে তাপয় নামার আব্বা নাই আম্মায় টেনশন করিরা তাইনি ঘুমাইতে পারেন না
/kaggle/input/regspeech12/test/test_sylhet_0243.wav,আমার স্বপ্নগুলা খুব ছোট ছোট থাকে যেরকম আমি আছি তীব্র পরে আমার টানিবার পূজায় মিনিমাম প্রাইমারি স্কুলে চাকরি করিয়া আমার একটা পেশা লাগাই দেবেন আমি আমার ইন্তারোজিত তখন আমার টার্গেট হইতে যে
/kaggle/input/regspeech12/test/test_sylhet_0590.wav, আশ্রিবাদ যা এখন দিন প্রতিদিন প্রতিদিন তো যাই গেলেন কম
/kaggle/input/regspeech12/test/test_sylhet_0589.wav,আর এর পরে থেকে দেখিয়া বাক্যে পড়া তো আগ্রহ হয় কেস্টের কদিন আগের দিকে পড়াইয়া
/kaggle/input/regspeech12/test/test_sandwip_0002.wav,কিছু কিছু কিছু কিছু কাজ করতে নাই না কার কাছে বাকি বাড়িতে কিন্তু কোনো বিহার নয় খরচ খরচের মাঝে টাকা দিতে পেরেছে
/kaggle/input/regspeech12/test/test_sylhet_0480.wav,আমার আম্মা তারা গুরুতর আপনাকে আমার দুনিয়ায় মৃত্যু মানুষ দিতে হইবে খালি তোমার ঊর্ধ্বতন হারাম নাই আর এ হাড় ঘুরিয়ে তোমার বাচ্চা তুমি করো বাইরেও গোলা নিয়েই বড় বটেকার বান্ডিল নিয়ে বেগ নিয়ে ডাক্তারা ইটা মারে ভৈন মাত্রিয়া মরতেন এর আগে মরতে না
/kaggle/input/regspeech12/test/test_barishal_0050.wav,ই হিন্দে হে রাত্তিরে অ্যাম্বুলেস বাড়ানায় মুদ্রা দিয়ে আটকা যাচ্ছা তা গেলে যান নাগালে বাদ দেন আর ঠেহাইন না হেই জড়তুফানের মধ্যে জার্তিফান ডাঙাইয়া এত কিছু করিয়া হেইয়া মনে করেন কোনো দিকে এটা গোনা না থাকে মানুষের ভেদ্য হয় কি ও এইটা বোঝে না যে মোর বেড়া যে হারার দিন এই গাছের কামড়া করে
/kaggle/input/regspeech12/test/test_kishoreganj_0039.wav,আরে আমাকে প্রার্থ হওয়ার নাম করি সাম্রাজি
/kaggle/input/regspeech12/test/test_narail_0022.wav,আগে তোমার বড় মামি আসত ঐ বড়দিদি মামি আসত তোমার ছোট মামির বাড়ির কাগজ পাইনে যা আনে যেটার সাথে যে পীড়িত হইছে সুজন মামি সে ছোট মামি ও ছোট মামির সাথে খাতা ছিল না চলাল বাড্ডার সাথে টোকো নিলা
/kaggle/input/regspeech12/test/test_narail_0003.wav,পুরানে বয়েতে আছে আমি যে জমিতে ধরিছি ওকে কানে গেছে এবার আমার ডায়েক আছে কি যে এরকম বাড়ির জমি তোমরা খাচ্ছিলাম
/kaggle/input/regspeech12/test/test_kishoreganj_0164.wav,মানুষের মধ্যে কার্যক্রম দূর্ভাগ্য মানুষের নাম
/kaggle/input/regspeech12/test/test_sylhet_0489.wav,আমার গলা বাংলা ভিতরের কিন্তু আমার নামে তারা ম্যাডাম খাওয়ার জন্য চোখ খাওয়া না মাকুরের চোখ খুব তুমি টাঙ দে বালারা
/kaggle/input/regspeech12/test/test_sylhet_0740.wav,বাহরাতে টান মারেনি বাগে জামাইয়া বাহরাতে টান মারে মারে রোল তাই নিলেই সারা দিন তাই না অন্যাস লাইন আমরা তো তো নিম্ন নাই তাই নিয়ে দেখতে হবে হাইটাল তাই মানি এবং পানি আছে না তাই আমি তো তারা টাইগেন্টের পরিণত হইব যেমন আমি মালাকাল গিয়াছি
/kaggle/input/regspeech12/test/test_kishoreganj_0021.wav,বইটা কোন মসিত বয়ে মসিতে লোককে হাইস্কুল আছে না হাইস্কুল ছাত্রী
/kaggle/input/regspeech12/test/test_sylhet_0149.wav,ভাই এখন ভাই বউ এখন ভাই হুতাতন ভাই গেল না খালার পড়ে লেখো কোনো সাথে পড়ে লেখো না গোমাই আমি লাগিত মাত্রা করাম না
/kaggle/input/regspeech12/test/test_barishal_0042.wav,হেই কুটো গুঞ্জুজি মনে করেন কাছিতে টানিয়া আড়িবেন শিমুল রাস্তা লুক দিয়ে জাগাইছি হেইয়ে নিয়ে খেতে হেলাইছি হেই কুটোটি একলাখলা লাঠি রৌদ্দুর মধ্যে একটা মির্চা হয় বৈত্রীন হেইয়ে ঘুরে ঠুরে হুকাইছি বিয়ে লেখা লাহি আবার একলা খাটাইছি
/kaggle/input/regspeech12/test/test_chittagong_0093.wav,আই তো টেনশনে রাখতে হুনমিকে নাম নয় তো কেউরিক হুনমিকে নাম নয় গুচ্ছ টিউ ডিউ
/kaggle/input/regspeech12/test/test_sylhet_0001.wav,তাই যেকোনো নিষ্ঠা আমরা ওদিকে নির্দিষ্ট টাকার মেয়েকে জুতে খাওয়া এত মজা হয়ে গেল বালা লাগে তাটাও আছে না হাহ বাক দিন না তারা প্রতিরোধ্য কথার
/kaggle/input/regspeech12/test/test_narail_0063.wav,ভয়ের বিশ্বাসের পুকুর দিতেন
/kaggle/input/regspeech12/test/test_sylhet_0075.wav,লক্ষ্মীপূজা কালীপূজা খাতিফূজা গণেশ জিন আরেকটা আছে টিপ চুদুচি কাল গুণমাসে ভাই ফোটাকুন তোমার
/kaggle/input/regspeech12/test/test_tangail_0022.wav,তাদের দুজনের দেখা হয় একটা নিউ ইয়র্কি বেকুন একটা মলে ওরা দুজনেই যায় মানে ক্লাভস কিনতে কারণ বাইরে তো মানে শীত কানাডার ওইদিকে
/kaggle/input/regspeech12/test/test_narsingdi_0063.wav,যে পরাতরা পণ্য দিন লাগা শিখতি আমি আগে সেই না ঠিক কিন্তু লাস্টের তিন দিন না ঠিকই শিক্ষা লাগিয়েছি পরীক্ষার আগে নিন্দা দুই দিন অধ্যায় পেরে আসছে তরাপাড়াতে গেলে
/kaggle/input/regspeech12/test/test_kishoreganj_0095.wav,কেউ কি ক্যামেরাবিট করা আছে
/kaggle/input/regspeech12/test/test_sylhet_0606.wav,এখন এখন দিলাম অনেক হচ্ছে ঠিকঠাক বেশ খুব দেখতেই ভালো লাগে মানে দেখছি না থেকে যেমন ঠিকঠাক আছেন সুস্থ সেবন্যে থেকে দেখতে দেখতে দুর্গম থাকেন
/kaggle/input/regspeech12/test/test_narail_0057.wav,আমাকে তো মূল্যের প্রভাব নাই আমরা দুই মাপের ভিত্তিতে আমরা মেলা ভালো আছি বাবা চলিয়া গেছে চাকরি পেতে কুয়ার তারপর যে তোর ভাগ্যে থাকে তার ভাইটা হলেই আমার তথ্য দিয়ে
/kaggle/input/regspeech12/test/test_sylhet_0338.wav,পরীক্ষা দিতে মনের সাফাতের কোনো অভাব নেই তোমার কিছুটা আমাকে না দেখাব মনের মানে দ্রুত আমার সাহস আছে সেই বাদে পরীক্ষা যেন স্থগিত হইল ও আর পরে
/kaggle/input/regspeech12/test/test_chittagong_0081.wav,কম্পিউটার সিস্টেম যাচ্ছে আর তোমার এলাকায় মানে হ্যানা মুক্ত হয়ে যাইবে যায় হ্যানা মাথাও তুলিন্দ্র ভারে যে একই টেস্টে ক্ষমতা হয়ে যাইবে তো ভাই প্রচুর ভাই প্রচুর আয়ুয়ের গরম উজাড় এখন উনিকে গুছতাম জানি না পারি
/kaggle/input/regspeech12/test/test_sylhet_0164.wav,ক্ষতিকর থাকতে না পারে যতক্ষণ নিতে মুক্ত করে না তারাও খাওয়ার একটাই না তো ওটাই না নীরব হইত যে যেভাবেই আগাম কাপড় রাজ্যতা বাবা হাইডান আমি কিন্তু বেজারাস নাই প্রস্তুতির উদ্বার করিয়া আইসোমেন্টের দূরান্ত রাখি
/kaggle/input/regspeech12/test/test_chittagong_0150.wav,একটি ছবিটা বিনাকির ফাড়া দিন না আর ওরা একবার হলেন দে আইডিও ওয়েক্সেড নৌ গলি বলে নৌ হয় আরে হরিস্তা এখন দেখান সমস্যা লেখি ওই আইজি বলতি অনেক মেসেজ দিয়ে কনভার্সেশনের কিছু ছবিটা পেপে গেলেন তিনি
/kaggle/input/regspeech12/test/test_kishoreganj_0106.wav,সকল প্রাণীর পক্ষেই প্রত্যক্ষভাবে উদ্ভিদের উপর নির্ভরশীল
/kaggle/input/regspeech12/test/test_sylhet_0114.wav,তেমনি আমরা সাথে ইয়ে লইয়া মাত্র আপনার ছোটবেলাগুলা লয়া কিছু হইন কেমনে বড় টরোয়ঢুন পড়াশোনায় করছিলেন নি মাখিলেন একবারেই না তো ছোট থিকা বড় একই রকম হইল এক দুটা কাহিনী অভিমুখ হই
/kaggle/input/regspeech12/test/test_narsingdi_0128.wav,এই আলাদিলা তো মাসলা তোর মুখের দাপ তোকে আমাকে থাকা কিডি সস বৈনামি ন্যাচারালি হেঙ্গল না না ওই যে বাবা কি একটা ওষুধ এনে দিচ্ছেন আমিও কিনব যে আমার ডাকে সান্সপোর্টে যেত না এটা সবের এক নেপ্রোন স্কিনের লেগে এটা
/kaggle/input/regspeech12/test/test_sylhet_0037.wav,বিটেলেন্টায় তো অনেক মজার সময় রঙ পেলে ঝামাইলে তবে খুব আনন্দ করার পরে মার্টারকে ইয়োত নিয়ে গাড়িতে করে নেতারা ভয় করে প্রস্তুতি নর্জিত দেন গাড়িতে নিয়ে আনন্দ করতে পারে রাতে ওঠে মাদুর ঘরে নিয়ে আনন্দ করিয়া
/kaggle/input/regspeech12/test/test_sylhet_0418.wav,মানে আমি অভ্যন্তর সারা জীবন থাকতাম আর ভালো এটা নেই এখন বুঝি তার ফলে আমি আল্লাহরে ফেরত পাচ্ছি সব মানুষের গিয়ে যাবার দাগে ঘুমাতে মানে তো তো বলা নাই রে বাবা বুঝো নাই আমি আমার ব্যাপার দেখতে পারি আমি আমার আল্লাহকে চিন্তা করতে চান না তুমি দেখতে পার কিছু পূর্ত বা অঙ্ক পুত্রতার মালিক তুমি
/kaggle/input/regspeech12/test/test_kishoreganj_0078.wav,তাদের তো অনুমতি দিচ্ছি টিয়ালা করুন
/kaggle/input/regspeech12/test/test_sylhet_0351.wav, তার আগে পাইয়া আমি কহিলাম যে আমার বাড়ি ছুটি আর আমি তাকেই করি ব্রাহ্মণবাড়ি আমার বাচ্চা ছুটি তখন আমার বাচ্চা আসিফ পূর্ব নুরুল ইসলাম নাহিদা ফিল তখন মুগ্ধ তাহির লগা লক হইতেন যে না ই মেদামরে এই ছুটো বাচ্চা লইয়া জামাই ফাটলি যেহেতু সিলেট তাই যে সিলেট ট্রান্সফার হওয়ার ব্যবস্থা করছিল
/kaggle/input/regspeech12/test/test_sylhet_0635.wav,যে নাতনি দেখলাম তাই মাতিয়ে নিন ফ্রার্ম হইব রুদ্দুনে কিন্তু একটাই তো প্রেসারে প্রেসারে নাই বিমাই চেয়ার প্রেসার বাড়িও
/kaggle/input/regspeech12/test/test_sandwip_0054.wav,না এত রূপর্কর্তু নির্বাচিত স্যার আমাকে কে
/kaggle/input/regspeech12/test/test_chittagong_0149.wav,বড়ভূমির বাসাত বা ধীরটি অনেক কিছু লাগুন অন্যান্য ব্যাগুন টানাতে বেকুম বালাস আইলাস টাকা রেখে গিয়ে দেয় আয় ও বয়ে বোবর্দ্য নাসরের আহতা হয়েছে
/kaggle/input/regspeech12/test/test_narail_0126.wav,ওই তো বর থায় না দারে
/kaggle/input/regspeech12/test/test_tangail_0020.wav,তারপরে আমি যেই মুভিটার স্টোরি শেয়ার কমানো ছিল সেটা হচ্ছে সেরিন ডিপিটি এই মুভিটা অনেকে দেখে নাই কিন্তু এটা একটা সুন্দর মুগুল
/kaggle/input/regspeech12/test/test_habiganj_0096.wav,আমার তো ইচ্ছা কাকরাসীরে রায়াঙ্গামাটি বান্দরবান যাইতাম ইত্যাদি আমি যে সময় নিজের চাকরিতে কর্ম বেশিটি হ্যালক হইবৈ সময় যাইব কিন্তু তাতে এখন দিতা না এখন তো তুটু রইলে এখন আর প্রথম হইতে আমি জীবনের প্রথমেই জানাই কি যেন দূর বেশি দূর দিতা না সিসিলেটাই তুলে দিব নাইলে দিতা না জানালে কি
/kaggle/input/regspeech12/test/test_rangpur_0044.wav, এমনও দিন এমন এক ফাইলটি দিয়ে পাওয়া এমনও দিন এমন নেকা হয় না থাকলে নাই বিবের ভেঙে আমি তো কয়ালাম নেই
/kaggle/input/regspeech12/test/test_habiganj_0053.wav,তারপর একটু পবিত্র পাওয়া যায় মনপ্রাণ বালা তাকে
/kaggle/input/regspeech12/test/test_barishal_0100.wav,মোরা ইসলাম ভাই ঈদের দিন জ্ঞান প্রচণ্ড এককালে ঠিকা পাশে একটা কোনায় ঠিকা কিনব এবার চরিত গেছে কিন্তু মোহাম্মদপুর আটবার দিনপতি শনিবার বিয়ালে বাজারে গেছি পাঁচটা বেলান যে পাঁচটা বেলার দুইটা গেল হালায় দিছে
/kaggle/input/regspeech12/test/test_sylhet_0130.wav,দেখতে লাম লাগে একদিন আর ইঁদুর আইনের সম্প্রচার করার জন্য ডায়েলিন তার সম্মান
/kaggle/input/regspeech12/test/test_kishoreganj_0192.wav,উদ্ভিদের পুষ্টি শুনানোর জন্য প্রতিপ্রয়োজন মাটিক কোনটি প্রাণ দূষণের কারণ নর্দমার বর্জ্য পানিতে মিশে থাকা বালি কাদা ইত্যাদি খাওয়ানো
/kaggle/input/regspeech12/test/test_rangpur_0023.wav,আমি তাই রমজান থেকে আমি মাছে তুলি মাছ দিয়ে রমজান মাছে খাওয়া যায় ভাত বেশি কালকে এখন আমি যে দাওয়াত দিচ্ছি না
/kaggle/input/regspeech12/test/test_sylhet_0456.wav,মানে বলেন যেখান হইতে আমার প্রিয় কাণ্তারা মানতে আমার আবদুল্লাহ হইবে নাক্কে আমার অনেত ঐ কথা টেখা দেওয়া লাগবে কিন্তু আমার আবদুল্লাহ তারা তাই দিবে মানে হলে মানে তার ছেলে থাকাইবার দিচ্ছি না
/kaggle/input/regspeech12/test/test_tangail_0099.wav,রণবীর কাপুর ঈদের লিগে অনেক কষ্ট পায় যে একসময় সবাই দেখা যায় তো আজকে মানে ওই সবচেয়ে বেশি কষ্টে আছে ছবিটা পুরাটা দেখলে আসলে বোঝা যায় ওয়ান সাইডেড লাভের যে একটা ফিল
/kaggle/input/regspeech12/test/test_habiganj_0071.wav,ওর অনামান একবার ছোট অনায়ার কিন্তু তাদের আর কি তারপর এদিকে হল তিন ডিস্টেন্ট থেকে আরও এই তিন ডিস্টেন্ট না একটুই দাঁড়াও মানে একবারে তিন ডিস্টেন্ট থেকে আরও এই প্রজার কিপ বাড়াও যায়
/kaggle/input/regspeech12/test/test_sylhet_0011.wav,পড়া লাগে না এদিনকে যাওয়া এদিনকেই পড়ে নামবে চতুর্থ কাছে এদিন আমরা টাইম চারিয়ে করা বিচার্যের জন্যে যাইবে না তাই না চপুল কাটাপল্লা থানার কাছে অর্লুডিয়া পূজায় যেতে প্রতিষেধক খাওয়ার পরের দিন তো পূজার পদ্ধতি বলব না কেন
/kaggle/input/regspeech12/test/test_sylhet_0175.wav,ভূত্বজনীন এখনো ভূমি সরকারই সম্ভব খালো এরা এমনি বুড়ানের জাইন্টাইন নেয় বুড়ানে জি শুনানো ও এমনি পরিবার মিললে বা বাপ্পুর বাড়িতে আরে মাইয়ে হাতে অকান্তি দিন জেগেই গেছে বাচ্চা আমার বাবার বাড়িতে যেতে পারেনি
/kaggle/input/regspeech12/test/test_narail_0171.wav,দাদা মায়াতো বিদেশ বলতি কোন জায়গাতে
/kaggle/input/regspeech12/test/test_tangail_0084.wav,শিউলির পছন্দের ফুল গাছ ছিল এই শিউলি আমি এই গাছটা আসলে তোমার কাছে রেখে যেতে চাই পরে বুরুন ধাওয়ান এই গাছটা নিয়ে দেখা যায় যে একটা এই ভ্যানে বুরুন ধাওয়ান এই গাছটা নিয়ে চলে যেতেছে
/kaggle/input/regspeech12/test/test_kishoreganj_0121.wav,পরে আগে ফাঁসটা বৈঠক বলা হয় তাকে গাড়িতে নৈতিক কি করে পরিবেশ দূষণের অন্যতম প্রাণের কারণ হল কি শিল্পায়ন বৈঠকের অন্যতম কারণ হল শিল্পায়ন
/kaggle/input/regspeech12/test/test_sylhet_0464.wav,এখানে যে বিজনেস খোলা আমি তো পছন্দ করি সিলেমন থেকে কান্তু বিষয়টি দেখি একটা পছন্দ যেমন আমি মিশন করছিও ও ভাস্করা নাকি ও ওরা ঝাড়াতে পেয়ে মানে জাগায় জাগায় আগে মানে আগে আমরা আমার কথা কেমন আমরা ক্ষেপ করে থাকতাম
/kaggle/input/regspeech12/test/test_narail_0154.wav,স্যারের সাথে কথাটা তো হয়
/kaggle/input/regspeech12/test/test_kishoreganj_0139.wav,বাঙ্গি সবুজ রঙের মতো
/kaggle/input/regspeech12/test/test_sylhet_0316.wav,তোমার থানি বাঁধা হয়েছে কিন্তু এত বাঁটা তুকলাম তুমি তোমার থানি বাঁটা বললে কেন তাই না
/kaggle/input/regspeech12/test/test_chittagong_0098.wav,না পারিলে ডিগ্রি লইয়া হল পরিফলে ইন্দ্রারিক হারি হাতে কিছু করিবেন নাই যে পয়েন্ট পায়ে আড়া তো তুমি না আজকে আরও কিছু পাবে
/kaggle/input/regspeech12/test/test_sylhet_0656.wav,বৌ বৌদি হয়েছেন বুঝি সুলভ ভাঙিবে না বাবা ভিক্ষু না আর দাদুর কিলা সময় যায় দেখে তা করুন আপনি না কোনটি
/kaggle/input/regspeech12/test/test_comilla_0010.wav,রোহি গেল নাচের রিয়ার্সাল রুমে যাওয়ার পরে টিচাররা বলতেছে আজকে ব্লুটোতে চার্জ নাই আজকে তোমাদের রিয়ার্সাল হবে না চলে যাও রোহিত অনেক খুশি হয়ে আবার স্কুলের মাঠে আবার যেখানে ধুলনাটা ঐখানে ফিরছে
/kaggle/input/regspeech12/test/test_sylhet_0319.wav,তখন তাইনের দুই বাড়ি থাকতাল লোকের তো ঐ লোকে আমার বিয়া বিয়া নিয়ে কোন স্বপ্ন দেখি নাই বিয়ে নিয়ে ঐ রকম মানে আমার বিয়াটা আসল একটা ঐতিহাসিক বিয়া
/kaggle/input/regspeech12/test/test_chittagong_0107.wav,কিন্তু হট্রানী হরার দিন নাতন এক ঘণ্টা রাতেই বইতে হামপুর্গি হরিবেলা কারণ নাসিরি নিশ্চয়ই গরম পুজোব তার এক ঘণ্টা বইতে গেলাম যে সমস্ত অনেক বেপ্রস্ত বিদায় হায়দারদার মোবাইল শ্বাসনাস্ত্রের আগুয়া রাহি গেলাম
/kaggle/input/regspeech12/test/test_habiganj_0054.wav,ষপদ দূপ কেনে জ্বালাও দূপ পইটা একটা সুগন্ধ এটার মধ্যে একটা সুবাস তাহা না সুবাসে একটা নির্মল একটা পরিবেশ সৃষ্টি হয় যাতে আমরা যে পাঠদানটা করি পরিবেটটা যাতে মানে কোন কিছু বালা সুবাস পাইলে দেখুন মন্ডাও ভালো এটাই কোন কুন্দর চুবাটি আপনার মন্ডা জীবন ভালো এমন একটা আগ্রবাতি বা কোন দ্রূপের একটা সুবাচো মান্ডাও মান্ডা ভালো একটা কুন্দর সুবাস ফাইলে দেখে আপনার মন্ডাও মন্ডাও যেমন ভালো হয় এমন একটা কুন্তে কুন্তে কুন্ধর্কুন
/kaggle/input/regspeech12/test/test_narail_0069.wav,ওই জায়গায় আছে অনিয়াছে জাহাজমি সে বাড়া জানে না কিন্তু ও জানে যে কোন দাগে তোর জমি কোন দাগে আমি কই দিতে পারি এরূপ মাল আমি উনি কিন্তু ভারি বোঝাব যে পারেন গ্রেন
/kaggle/input/regspeech12/test/test_sandwip_0062.wav,বিয়ের মনে হল রোগীর দিনে একাডে একাডে যুগ্ম হাত পেছনে দিয়ে দেবে
/kaggle/input/regspeech12/test/test_sylhet_0393.wav,আমি তোকে মাপাত্ত করার সময় আমাদের পিতা সম্পর্ক হওয়া গবেষণাটা আর আসলে মানে বাইরের সময় তোই এমনিটা মানে আমরা লাস্ট ইয়ারের স্টুডেন্ট তো অনার্ট তো একটা পেপার লেখা লাগে রিয়ালেয়া
/kaggle/input/regspeech12/test/test_sylhet_0245.wav,এটা আমার যে অধিক দায় তাইন কিছুই করি করি মেনের শর্তা আমরা একটু কৃষিবেস্ট ফ্যামিলি আসলে আব্বায় ওরা দন্ত মানে জমাইয়ার একটা গেছেন না যেটা থেকে আমরা পড়াশোনার খরচ বলতো আমরা আসলে কোনো দিন কোনো প্রাইভেট টিচারের কাছে করছি না
/kaggle/input/regspeech12/test/test_sylhet_0649.wav,কাছে দাদুরের দিকে আপনি তো মনে হয় যে মাত্র দাদু হইলা যুদ্ধের সময় উল্টো মুক্তিযুদ্ধাদিত্যের জেলে দিতে হচ্ছে হঠাৎ কি তা মানে কাহিনী হোইন দেখেন ক্ষত থাকিতে
/kaggle/input/regspeech12/test/test_sylhet_0366.wav,তাড়ানো লইয়া আমার কিন্তু আবাব না আমরার মতো আসলে আমার বাচ্চারা তো স্ট্রাগল করত না বা আমরা যেই পরিবেশে জন্মগ্রহণ করছি তারা তো ঐরকম দেখছেও না কোনোদিন কাজেই তাড়ানো লইয়া আমার আসলে মাঝে মাঝে যাওয়ায় কী তা করব বা কীভাবে তারা লাইভ করবে
/kaggle/input/regspeech12/test/test_narail_0031.wav,নাজমের দিয়া আইস হল কিছু বেশি আইস আইস হল তা ওটেরও বেশি উনি আছে খায় তাহলে না টপি আমারে কলোও যে পাই এরকম এরকম তানো উনি আমার মাথাব্যথা নাই আমি এর পিছনে দৌড়োচ্ছি আগেই ঠুক দিই
/kaggle/input/regspeech12/test/test_sylhet_0505.wav,ষপদাব্বা মারা যে পেয়ে যে পরিচয় থাকায় যে প্রধান মাধ্যমের প্রতি প্রদান আমার আব্বা এটা এমন করে মাহমুদ হুজামারা আমার আব্বার মোবাইল তার তুলনায় মাঠুন তুলনা মারা যাওয়া একটা হ্যাঁ হঠাৎ করিয়া তা মারা যাওয়া আমরা পুরাতনের নিয়েটা হলে আমরা তা প্রস্তুত করাবেন নাই আমরা চিন্তা করি যে আমি
/kaggle/input/regspeech12/test/test_sylhet_0688.wav, বছর ধরেই দাবি অন্য কোনো প্রথম পারেন যে আমরা আমরা কামড়ে কামড়ে কামড়ে কেন তো আপনারা শ্বশুরের থেকে আপনারা পারিত মানে শ্বশুরের কাজ করতাম
/kaggle/input/regspeech12/test/test_tangail_0043.wav,পশু পাখি জুয়ের সব যত পশু পাখি আছে সব নিয়ে অনেক মানে জাহাজের দায়িত্বে অনেক টাইম লাগে লিগে অনেক রুটস রুটস নিয়ে ওঠে কিন্তু ঐ ইরফান খান মানে
/kaggle/input/regspeech12/test/test_kishoreganj_0203.wav,আগুন নিবাহের জন্য কারাবন্ডের কী ব্যাপার
/kaggle/input/regspeech12/test/test_sylhet_0599.wav,বড় বই নেন তাঁর আন্টি আর দুইজন এরা ইউকেতে কয়েকজন মামা রাজধানীতে নেমে গেছে তবে এখানে কইরা যাই
/kaggle/input/regspeech12/test/test_kishoreganj_0014.wav,বেঁচে চেয়ো না না বোয়া বেটে লাইন বিলের মাটি দোয়া ভাব নাই এনে তাক দিত না ডেনেকালা
/kaggle/input/regspeech12/test/test_narail_0025.wav,কিশোররা তো ফাঁসিয়ে যে মানে তোর মা মরিয়া যাওয়ার পরে তখন কিশোরকে খাতায় কিশোররা তার পাড়ে এর আগে কিশোরকের সাথে কোনো সম্পর্ক ছিল
/kaggle/input/regspeech12/test/test_habiganj_0079.wav,তোমার বাড়ির থেকে কত দূরে আরেত্তিকে দূর বলতেই আমরা ভেবে গেলা রাস্তাটা ঘুরতে ফেটে পাচ্ছি আমরা বাড়ির আর এদিকে আর কি
/kaggle/input/regspeech12/test/test_sylhet_0446.wav,মন্ত্যাগী বাসায় ভালোটাই এই ধন্যবাদী একটা মার বাচ্চা একটা মারা গেছে পরে আমি মনে হলাম যে না না না আপনি মাতুল না আপনি মন খুলনামাতুলির মাত্রাতের মাত্রাতের মাতাবাড়িতে হাসানিতে হাসানিতে হাসানিতে হাসানিতে হাসানিতে হাসানিতে হাসানিতে হাসানিতে হাসানিতে হাসানিতে হাসানিতে হাসানিতে হাসানিতে
/kaggle/input/regspeech12/test/test_barishal_0035.wav,কেন জানি না কেন জানবে তুমি জানবে আয় ছি চাও তুমি মারি গেলে রাগ হইবে কেন মানে না কেন আমার লাগে থাকি
/kaggle/input/regspeech12/test/test_sylhet_0519.wav,চলো ভাইয়েরা ধরার ক্ষেত্রে মানে মাহাদিয়ে যুক্ত কালকে তারে নকল মাহাদিয়া জানাতে দিচ্ছ কিন্তু সেই ইমরানি তারা সিটও করতে লাগে
/kaggle/input/regspeech12/test/test_sylhet_0575.wav,সানবির আর ইমরানা দুইটা তাসাফির বোয়েল একদম লাভ কিন্তু নাইন থেকে মনে আছে ভিতর চিনার কথা বা কেন হয়তো মন নাই তার আর হচ্ছে বিয়া হয় নাই
/kaggle/input/regspeech12/test/test_rangpur_0070.wav,মাত হইতে মই করে মাংসের দাম
/kaggle/input/regspeech12/test/test_kishoreganj_0133.wav,এটাই দেশের নানি ফল যে জালাপি ডালমুর ফল
/kaggle/input/regspeech12/test/test_kishoreganj_0157.wav,উদ্ভিদের ব্যাপক পানি মানবদের সাহিত্যেকে সত্তর বাক পানি
/kaggle/input/regspeech12/test/test_narail_0038.wav,যে তুমি আকুল ধরে বের করতে পারো তুমি যতই দখলে যাও সব কাটায় যাবে এখন নিয়ম পাল্টে গেছে যার নামে দলিল সে এখন দখল করতে পারবে এসেছে সিটেমেই চাই
/kaggle/input/regspeech12/test/test_chittagong_0064.wav,স্ত্রী স্তরের ললি মানে অন্য কলেজের মধ্যে ট্রাই গরম পড়ে এখন অন্যর্থ কি রি বলেন তো দেখে না দাঁড়ায় না বলিব এখন তারা অ্যান্ডারাড ভিড যা কী ঘুমায় তো আমরা জানি না সিদ্ধান্ত হত্যারিয়ান হয়
/kaggle/input/regspeech12/test/test_sandwip_0046.wav,পাইন যে দাপু চিনি একটা করলেও কি ঘোমায় না ও জ্রাম্মাদের হুকুমে আয়ে হেল হুকুম তার হুকুমে তুই দেবি নে কিংবা একে গুলি গিলে একটা পাইন যাত্রা করে ওরা
/kaggle/input/regspeech12/test/test_narail_0049.wav,কোথায় শুনিয়ে দা আমার কাছে কি হইছে সুর আলাদা দাদু আমার কি হইছে কোথা কি হইছে ঠিক পাচ্ছ না আমি কিছু না রায় ঠিক পাচ্ছি নে কোথায় কি আমি আয় দিছি এই যে মাটি কাটেছি
/kaggle/input/regspeech12/test/test_sylhet_0666.wav,ধারারও উপায় না চলে যে বেমারাস নামে মান ধরে অব্যাহতি আছে আর আমি তার
/kaggle/input/regspeech12/test/test_narsingdi_0022.wav,ছিল রুবেলের জন্য খারাপ লাগে রে হয়েও তো হিসাবে সিনিয়র প্লেয়ারি আমাদের ওরে তেমন এক্সপেক্ট দেওয়া হয় না আর তাইপুদ্দিনের কথা বলিত তাইপুদ্দিন তো হল নিজের নিজের বড় মনে করলে যা হয় আর কি
/kaggle/input/regspeech12/test/test_barishal_0020.wav,আর খারান মেয়া সেই পুঁকি পুঁকি কম নেই টু ফাঁস লোক কলেজের ব্যারান্দায় ঘটছে এই লোক যদি একবেলা ওষুধ মিস দেয় পরবর্লায় দুই বেলার ডাক পেতে খাওয়ায় এন্টিমেটোসিক চরিত্র হইয়া খাওয়াইছে
/kaggle/input/regspeech12/test/test_narail_0162.wav,না হন্তে ইনসুলিন লাগাতে এমন অবস্থায় সে বড়িতে কমতি ছিল না ইনসুলিন লাগায় কমাতে আসছে
/kaggle/input/regspeech12/test/test_sylhet_0126.wav,তারা মালিকা এখন থাকুন না আগে থাকতাম আগে মালিক আছে এক মালিক গিয়েছি গিয়ে বাড়ি ঢুকতে গিয়েছি গিয়েছি কি তারা এখন বর্তমানে আট নয় মালিক আছে মালিকার জন্য আওয়াজ দেওয়া হবে খেয়াল দেওয়া হবে তারার যে দুতলাত বাসায় আসেন না
/kaggle/input/regspeech12/test/test_chittagong_0067.wav,তুমি কিন্তু বাড়িতে খেলি তোর বাড়িতে স্থান হইতাম তুই তো নোয়াইল সো আমি কি লিখছিল আগে তুই যাই তার ফ্লাইটের রুম তোর এই যে সময় স্টাম হল না তুমি তো নোয়াইল হন নাই বান্দায় আনা যে চলে আয় যাই গুলি হও
/kaggle/input/regspeech12/test/test_narail_0087.wav,ওই সেই কথাই তুই তো ভুলে গেছিস তুই যদি ভুলে না যাচ্ছিস তাই পাঁচ মাস পরে দেয় আমার বন্ধুত্বে শুনে পাঁচ মাস গুণেরাই শোনে আমি ইন্ডিয়াতে আসার পরে তোর সাথে আমার একদিন কথা হয়েছে যেদিন ইন্ডিয়া থেকে আইসি
/kaggle/input/regspeech12/test/test_sylhet_0598.wav,তারা বাছা তাইয়া দাও দিছেন কল দিয়েও বারবার করে গায়ে হেলুদা হইতেছে তেমন গায়ে হেলুদা আর গেস্তি না তো দাদু ও অসুস্থ হয়ে গেলেন হুকাত সেদিন গায়ে হেলুদা দিন রাতেরে ফেলেন আর ও আমরা আর গেস্তি না এখন হলেন রিয়াস না গেলেছি তারাও সব আইসায়নিকিতা জার্বিয়া তাঁর নারকি হাসবেন তখন কানাডার
/kaggle/input/regspeech12/test/test_sylhet_0210.wav,জিও পরিত্যাগ থেকে ছিল তোমার খুব চুচি নাড়া দিচ্ছে এইটে হইলেও ও একটা জরিপ হইতে বুটের যে তালিকাকরণ ও তা নিরঞ্জনের ক্রিয়
/kaggle/input/regspeech12/test/test_sylhet_0320.wav,মধ্যে কোনো ফর্নর রঙ্নর কাপড় চুকর কোনো ধরনের লাক্স জারি আর কোনো কিছু না যায় শূন্যতি বিরাধিকারে করে একেবারেই সাধারণ এবং পূর্ব আর স্ট্যাটিস নাই তাই নরাও কোনো প্রত্যাশা নাই আমারও কোনো প্রত্যাশা নাই বিভোজনী হেতে আমার প্রত্যাশাকালে আমি একটু মাথাটা রাখি
/kaggle/input/regspeech12/test/test_tangail_0083.wav,শিউলির ফ্যামিলি আর শিউলি এই বাসা ছাড়া অন্য জায়গায় চলে যেতেছে এই বাসায় আসলে শিউলির অনেক স্মৃতি আছিল পরে শিউলির মার সাথে ভ্রূণের অনেক কোনো কথা হয় পরে মানে শিউলির আম্মা বুরুনরে বলে যে
/kaggle/input/regspeech12/test/test_rangpur_0117.wav,এলাকি তুর্কুম কাড়াবু তোর মুখ তো ছোট হয়ে আছে কই তোর মুখ বড় হইতে পার তোর তো ছোট হয়ে আছে দাদা
/kaggle/input/regspeech12/test/test_sylhet_0415.wav,তার তিন মাস আমি ভর্তি বাতলাম পরে এখান থেকে না ডাকাত ডাকাত কোনো চিকিৎসার কোনো জায়গা নাই প্রসার্ট তো লিপাটে গেছে নিতাপো না না কোনো প্রসাব তোমার আটকাইয়া রাখার মতো থাক তোমার আমার হাত দুটো তো আমার পালা মানুষ আমি যেমন নিজের মুখ দিয়া হইলাম স্বীকারে যত বালা আমার সুবিধ জীবনটা প্রসাব জুড়িতেছে আমার মতো সত্যমান
/kaggle/input/regspeech12/test/test_narsingdi_0015.wav,দশ কোটি টাকা কি লাগে না তো দেড় থেকে দুই কোটি টাকা দিলে একটা মেশিন নেয় নাম্বার সেটা করে একটা স্পিড মেশিনেরা ঠিকঠাক মতো চালাতে পারে না বল করে বলার ভুল গতি ওঠে
/kaggle/input/regspeech12/test/test_rangpur_0037.wav,তারা খেজুর খেজুর ও পুতুরের কিছু খেজুরে খেজুরেও পুতুল এন্ট্রিক সিডন্যাপের উঠিয়া থোতা থাকি উঁটি একটা ছেলেন খায়া
/kaggle/input/regspeech12/test/test_sylhet_0707.wav,তত করার দরকার নাই না না উনি মাতিলাই তাহলে আমরা আবার আরও টাটা কালেক্ট করাব আর ক্রিক্টোধর্ম আমি বলুন বলে আজকে দিতে
/kaggle/input/regspeech12/test/test_sylhet_0354.wav,এটা মনে হয়েছে জানলা নিজ হাতে আমি আমার ঘোটায় দিতে পায়না মেম্পিকে করে যাব দুই হাজার চৌদ্দ সালের নভেম্বর হয় পৌঁছেই নভেম্বর হয় তো নভেম্বর থেকে এখন পর্যন্ত বাকি
/kaggle/input/regspeech12/test/test_sylhet_0568.wav,তোমরা তো সব ইংলিশ নিলা বাংলা বাস্তবের ইংলিশ বাংলা যে যেন পারে আমি ইংলিশ বোর্ডিং কি আমরা রেজিও ম্যাথ প্রুক্তিতে সবগুলো ইংলিশ লাগে দুইটা সাবজেক্টর মেক্টর মাঝে থিওরিও ইংলিশ আর পিওর থিওরি জুতে বাংলা
/kaggle/input/regspeech12/test/test_tangail_0002.wav,পরে ফ্রেডিও মার্কিউটি ওই ব্যান্ডের দলে যোগ দেওয়ার ইচ্ছা করে পরে ওই ব্যান্ডের যে ভোকাল মানে ও আর কি একটু আগেই মানে ব্যান্ড থেকে বাইরে গেছে ও আর গান করব না পরে ব্যান্ডের যে বাকি সদস্য
/kaggle/input/regspeech12/test/test_sandwip_0116.wav,এতে নাকি আনে রাখব হ্যাঁ স্যার কিন্তু আজিজ স্যারেরই শর্তের মুষ্টির এটা সংক্রমের কথা মানে সবচেয়ে ভালো স্টুডেন্ট আছে আইভাস করবেন হবে ভালোভাবে হত্যার অনুধারণ
/kaggle/input/regspeech12/test/test_noakhali_0010.wav,ও জন্য পাতাকপি খায় দুই কেজি
/kaggle/input/regspeech12/test/test_habiganj_0046.wav,কয়টা বই কিনা আছে কিন্তু না একটাও আমারে গিফট করতে আমার ভাইয়েরা এটা ওই করতে নিজে কিনতি না আর লাইব্রেরি থেকে আইন্ডের না পড়তা আমি তা ওই নিজে কিনলাম না বেশি পড়াও রয়েছে না
/kaggle/input/regspeech12/test/test_tangail_0038.wav,ছবির মেন ক্যারেক্টার প্লে করছে ইরফান খান আরেকটা ক্যারেক্টার আছে বাঘের নাম হইতে রিচার্ড পার্কার ছবিতে ইরফান খানের নাম থেকে পাইপেটেল আর এই ছবিটার কিছু অংশ ভারতে করা হয়েছে আর কিছু অংশ অন্যান্য জায়গায় করা হয়েছে সমুদ্রের ওসিনেছে মেক্সিকান দ্বীপের সিনেছে
/kaggle/input/regspeech12/test/test_narsingdi_0078.wav,সেদিন আমি বড়ম কিছু মা আমিও সালামি ফোন না বড়ের এই শুরুর কথা সালামি না আমার কোনো সালামি নাই ইয়া মজুরা পিএসসি দেয় সময় হেরে তো কতটা দিছে সকালটায় আমার সামনে সামনে আবারের লোভ দেয়ার কয় তুই আগামী বছর রিয়া ডারেশনটা ভাড়া করিস দেখবি তোর আর আমি বেশি দিব
/kaggle/input/regspeech12/test/test_sylhet_0571.wav,আজকের সন্ধ্যার সময় পড়লাম নেপালে খুমাইয়া দেখিয়া দিয়াছে বলা উঠিয়া নানিবুচ্ছে সে সুপার বাহিনী উঠিয়া গেছে লাইক জেল হামিদ আর এদিনও সাদা সেনানীতে ফানুল লোকে হয়েন বা তা চাইছেন লুকাইয়া রাস্তা আব্বা তা দেখেন বহুন আর ও আন্দারের মাঝে চাইছেন লাইট অফটা অন পরিণতা শহর হলে
/kaggle/input/regspeech12/test/test_chittagong_0095.wav,দেখছি তামি গলায় মানুষ হলেছি স্বাগত যেহোনা চতুর্থ নয় ইতিবালে খারাপ করতে হব পয়েন্ট হবে শীতের পাথর সরি হবে আমাদের সিসিইউতেছি
/kaggle/input/regspeech12/test/test_sylhet_0160.wav, এমডিআইসির লে মিলিটারি
/kaggle/input/regspeech12/test/test_sylhet_0065.wav,মনে আপনি কারণ করেন আমি আমার যে চাহিদা তারা অক্ষতায় মা ইত্যাদি এবং তুমি কি ভর্তি হইবে আমি তো ভর্তি হইতাম তাই পারলাম কিন্তু আমরা অনেক প্রবলেমে দেখা দিতাম আমি ভর্তি হতে থাকি
/kaggle/input/regspeech12/test/test_kishoreganj_0072.wav, কহিল মাঙ্গাচারা আর একটা পারেনি গে
/kaggle/input/regspeech12/test/test_rangpur_0085.wav,হাইন চাইতে যায় মার মতো আর ফিরোজাইতে যায় বাপের মতো তুমি যে কাঁধাতে তো কী করে মরে রাত খুঁজে নিয়ে এল
/kaggle/input/regspeech12/test/test_tangail_0114.wav,ওরা দোকান খোলে হচ্ছে তোর ছয়টার দিকে এবং আগুন আরও আগেই লেগে গেছে তখন ওরা ছিল না সব তালা মারা ছিল কিন্তু আমি একটা জিনিস বুদ্ধি না ওরা ক্যাশটা তো কেন দোকানে রাখি তোমাদেরকে সবকিছু করে ধারণা রাখে আমার তোমরা কোনো ক্যাশটাকে পুড়েই নেই না না পুড়ছে
/kaggle/input/regspeech12/test/test_sylhet_0104.wav,এই কি তা না ই বিল্ডিংয়ের ঘরের মধ্যে বোধ করে বিবাহ রাখো খান জানি
/kaggle/input/regspeech12/test/test_sylhet_0282.wav,যাইহোক বাদে ফুর্তি আর ওঠার পর যখন আল্লাহ চিন্তা করেন যে এখন বিয়ে করা দরকার ওর সময় একটু চিন্তা করিয়া দেখলাম যে না এখন আমি আমার চেয়ে করে লেভেলের মানুষ যদি ক্ষুধা চাই আরও সময় লাগত
/kaggle/input/regspeech12/test/test_narail_0167.wav,কিন্তু বারণে বাড়ি গেলাম
/kaggle/input/regspeech12/test/test_sylhet_0098.wav,তেল এদিকে লাগিবে কেন্দ্রা কিনে বলে একটা বাঘ খাই আমরা তো পাটা পাম খাই এদিকে লাগিবে সালদা তেল না বেশি লাগে তাইলে এই রকম মানে কী রকম যাইতাছে দিন বাকি তামা হয় এগুলা নিয়া তোমার পাশে দিন যাই রাইতে পাইতেছে দিন যাই তো রাইত হইত আল্লাহ এমন তাম্নু
/kaggle/input/regspeech12/test/test_sylhet_0195.wav,ফাইন্টারদুয়াম ফ্যামিলি কারণেও ইসলামী পরিবার হত্যাবাসন তারা বের হওয়া করছেন পৃথিবীর ফ্যামিলি আছে তারা একটি পৃথিবীর ভারতা ও অভিবেক্ষণের মাধ্যমে ছিল তালাশিয়া
/kaggle/input/regspeech12/test/test_sylhet_0460.wav,বোমা প্রফিট টাইমে স্টুডিও খুঁজে গিটার লাগে অত গেছে গিয়ে কতদিন ধরে সেনাজুর উপরে যাচ্ছি আঙ্কের পড়ালেহে কতটুকু আমার কতটুকু বাবা আমি এত কিছু দিচ্ছি না
/kaggle/input/regspeech12/test/test_rangpur_0081.wav,ওই যে আগের তার মাঝে কহিছে গাছগুণ্যে হয় গোটা বাপ গণ্যে হয় বেটা মাছে হয় খাও ফুটে গণ্যে হয় নাও এলে এলে বললে মিথ্যে হয় রকম হয় না মানে অবশ্যই
/kaggle/input/regspeech12/test/test_sandwip_0126.wav,আর বেয়ালা মাথায় গ্লাই মুখ করিতেছি হ্যাঁ প্রেসার দিলে হয় প্রেসারে কোনো হলেন আসলে ওই হেডুল খুলেন বুথ বাস্তগুলোর লেগে আঙ্গ পরিবারের মধ্যে আয় আলাপাই মেজাক আমরা ফেরে ফেরুচ্ছি
/kaggle/input/regspeech12/test/test_sandwip_0016.wav,কেন কহিল পিসফিস করে গাড়ি বাজি করছে আসমা বাবা একদিনের মনে হয় দমন অ্যাডামাস্ক মানে হতে পারে নাই ভাই অ্যাডামাসের দরকার কী স্থিতিশীল উত্তরও কী বলিয়া
/kaggle/input/regspeech12/test/test_tangail_0126.wav,লুকাইয়া থাকবে এত বড় একটা কথা বলতে ভাই একে তো গরম তার উপরেই আগুন ধরছে সব জায়গায় মানে এখন গরমের তাপ শুরু হয়ে গেছে কি গরমটা পড়তে দেখত কথা হইল গরমটা রোজার মধ্যে পড়তে পাত্রের দিকে যে রোজা ছিল আমরা তো ভাবতে এলাম খুব বৃষ্টিতে ঠান্ডা ঠান্ডা রোজাটা শেষ হবে
/kaggle/input/regspeech12/test/test_tangail_0016.wav,আবার গান গাওয়া শুরু করে পরে তাঁর বিখ্যাত গান বহি মেন্দ্রের প্রদীপ পুরা উনিশ হাজার সালে মন্ট্রেলে পুরা একটি দিয়ে আমি সবার সামনে গায়ার
/kaggle/input/regspeech12/test/test_narail_0058.wav,কাঠের কথা যে কী হয় তা উঠবাট ফাঁড়ি করে তোর কোনো দিনই দিয়ে থাকা যায় না জমি তো ভালোভাবে নিই নাই ওর জমি ভালোভাবে থাকবে না দেহ সিস্টেম একটাও করিয়ে ফেলাবে আমি
/kaggle/input/regspeech12/test/test_sylhet_0720.wav,নাকি তো খুব একটা নাই এটা খুলিলাই দেখছি আর এটার কিছু করা লাগে কেউ কেউ কুদালায়
/kaggle/input/regspeech12/test/test_sylhet_0515.wav,প্রেমের সাথে নিতেই ছুটি দিন সফর্তি ভালো লাগে মানে
/kaggle/input/regspeech12/test/test_sylhet_0266.wav,তো যেদিন আমার ক্লাস শুরু ওদিন বৃষ্টি আর তেল মার খুব মনে আছে বৃষ্টি আর তেল আর ক্লাস শুরু একটা আমি জানি না আর আমার ভাই তখন বাড়তিতে পড়েন কাল দালাল বাড়তিতে আমার ভাই অর্থনীতির পর্দা তখন মোবাইল ফোনও আছেই
/kaggle/input/regspeech12/test/test_sylhet_0288.wav,কিন্তু আমার যে অতীত আমার যে স্ট্রাগেল আমার যে হিস্ট্রি এইটার সাথে অ্যাডজাস্টেড না হইলে পরবর্তী লাইটটা মোদ নাও হতে পারে তখন আমি চিন্তা করিয়া আমার জিগাইতেনের ব্যাপারে যে ও বাড়ি থেকে প্রস্তাব আছে তোমার কাছে
/kaggle/input/regspeech12/test/test_sylhet_0235.wav,চকলেট আমার ভাইয়ের মূলত দেখা দিয়া চল্লিশটা অঞ্চল আমি আর সব সুরোদ্দার খেলার টানের মাঝে তারা রেটোবারে পাঠাইয়া দিত আমার রেজাল্টের মিষ্টি তো তাহাই হইয়া রাত্রে বৈদ্যুতিন পারিবারিক মিটিং মিটিং ও ডাকলা এলাতিত বালার রেজাল্ট প্রস্তুত যখন
/kaggle/input/regspeech12/test/test_barishal_0084.wav,নিয়া মনে করেন কামের দ্বারা ধেনে লোকের বাহারা ঘুমায় নাক্কার নিয়ে আজ মনে করেন আটটা নয়টার আগে হেরা হইবে না হ্যাপ পরে মুরগির বই থাকতাম কাট্টাবাজি যাইয়া পুরাল মুরাল ধারাইতাম বার করিয়া তারাই আপনার ঘোড়াকোষেন নিয়ে শুরু করিয়ে দিতাম
/kaggle/input/regspeech12/test/test_sylhet_0255.wav,তাহার একটি মন খারাপ করিয়া গেছে ওলা বিহার প্রত্যাহার লইয়া কিংবা হতে ওনার মন খারাপ করিবে সব জায়গায় তখন বাহিনীটি একটি মুখ চেঞ্জ করিলিতেন আগের যে হইতা যে কিছুটা কাজ করিলা তখন আর ইলাহ হইয়া না তাই যেদিন তাই বহুদিন দিয়া তখন আর আমরা বিয়া দিয়াম না
/kaggle/input/regspeech12/test/test_sylhet_0399.wav,মানে এর জন্য আমি
/kaggle/input/regspeech12/test/test_rangpur_0030.wav,অতি ফিরে আটার ডাইল ছাড়া আর কিছু নেই
/kaggle/input/regspeech12/test/test_kishoreganj_0035.wav,নাম হলে কত এনেন না
/kaggle/input/regspeech12/test/test_chittagong_0106.wav,ওই ওইদিন হলদি ছোয়াবি হত্যা না হয় না তৈরি কি আর নদী সানজাপুর হতাশার তারা মূল্য তো মানুষিবে সানজাপুর রেজিস্টারিত সাইলায় হরেন্টাম গেলাম দেখ
/kaggle/input/regspeech12/test/test_sylhet_0033.wav,অর্থাৎ উপাসটা ভাঙে আপনাদের যেটা বলে এগুলি এটা ভাঙে হয় দশ টাকা কাহিনী যে স্টাইমটা সেটা বেশি পল্টন খাইলাম প্রসাদ খাওয়ার পরে তার পরে দেওয়া হাওয়াই কিছুটি দুইটাও টেস্টের কিছুটা খাওয়ার আবেদনীয় উৎসাহ পার্তিগুলি হয় গীতা পাঠ করা হয় প্রত্যেক দিনই চণ্ডী পাঠ দিতাম নায় দুটো বুঝে চণ্ডী পাঠ করা হয়
/kaggle/input/regspeech12/test/test_narail_0100.wav,কবে কিন্তু অনেক দিন আগেই খাওয়াই ওদের একটা গুড নিউজ দিই এখন আর করছি কিন্তু এই শুদ্ধ ভাষায় কথা কব না না শোন শোন
/kaggle/input/regspeech12/test/test_rangpur_0105.wav,প্রতিদিনই যায় না প্রতিদিনই যায় না প্রাণের মধ্যে যায় যায় না
/kaggle/input/regspeech12/test/test_tangail_0014.wav,মার্কেট থেকে আউট হয়ে যাবে পরে ওরা আসলে এরকম ষড়যন্ত্র করতে থাকে পরে ফ্রেডিওরে আসলে ওরা একসময় কুইজ থেকে আর কি আলাদা করে ফেলায় আর এদিকে ফ্রেডিও মনে করে
/kaggle/input/regspeech12/test/test_sylhet_0265.wav,জীবনের গুড় ঘুরানোর মতো একটা অবস্থা তাই এ করছি তো বাড়তিতে বুঝতে হইলাম আর যেহেতু মেরের তৃষ্যে আসলাম তো মেরের তৃষ্যে প্রথম থেকেও উঠতেল উঠালেক তারা বেদার দীপ্তিতে প্রিয় দিনই প্রত্যেক করতই প্রথম দিনটিতে উত্তেল
/kaggle/input/regspeech12/test/test_sylhet_0474.wav,খুপুটাইয়া তবলে সাউলুর বিয়াকে নতুন দান ভাঙাইয়া তবলে ঘুরিলেও বাস্তবিণের বাড়ি থেকে নাকে ওঠার প্রকাশ পাকাইয়া শুরু করিলেন কিছুটা হাইনি দীর্ণতা হইয়াও হইলে মাটি চলিয়া যায়
/kaggle/input/regspeech12/test/test_tangail_0064.wav,পড়ে কখনো শেপ কখনো মানে যে এখন যেই দায়িত্ব পড়ে কখনো শেপ কখনো ওয়েটার কখনো ক্লিনার কখনো ডায়ার কখনো আসাদ কখনো আবার দেখা গেছে ম্যানেজার কোনো এক ফ্লোরে তো এরকম
/kaggle/input/regspeech12/test/test_chittagong_0030.wav,হুম কি রিপোর্টের সামনে ফিরিস কেন উনি মোবাইলো দ্বিধার গেলেন তিনি মা আদাত মোবাইল দাহালি করতে গেলেন আমার মাইতি নিয়ে নাড়ায় একটা দাহা দিবে ওরা মাইসানির দলে মেয়র মোবাইলে এলে আর তুমি কি
/kaggle/input/regspeech12/test/test_comilla_0024.wav,তখন আমি জিজ্ঞাসা করলাম কী হয়েছে তখন ওই ঘটনাটা বলল আর কী এরপরে আমি রোহিনী নিয়ে রেডি হয়ে যাইতে যাইতেই শুনি যে মানে বাচ্চাটা মারা গেছে ওর লাশ নিয়ে আসছে উপজেলার মধ্যে ওদের বাসা এই আর কি এই ঘটনাটা রোহিনীরও অনেক ভয় পাইছে আর আমার জীবনও মানে একটা স্মরণীয় ঘটনা রোহিনীরও
/kaggle/input/regspeech12/test/test_rangpur_0114.wav,তোমার ভাই তো খাওয়া দাও ছিল দিনাজপুরী যে বুড়ি আছে দিনাজপুরী ওই ফিলেন এই তো
/kaggle/input/regspeech12/test/test_chittagong_0082.wav,এখন আয়নায় যাচালে ব্যাগগুলো বেড়াতে পেরেছে তার শ্রমিত কেন যায় তুই কি একলা যুক্ত না ভাত
/kaggle/input/regspeech12/test/test_sylhet_0577.wav,না গোছাইতে আমি ধরিত দেখাইছি রাত্রে বেরিয়েছিলাম না ঈদের পরে এবার তিকনিকো গেলাম না নিতিথিনিকোরে দেখালাম আর ঈদোয়ার দেখা হয়নি
/kaggle/input/regspeech12/test/test_kishoreganj_0188.wav,কুড়িটি পানি দূষণের কারণ নদ মাল বলুন
/kaggle/input/regspeech12/test/test_kishoreganj_0123.wav,ডেল্টা তো ভালো ডেল্টা পুরস্কার কিন্তু বড় বড় মিল ভিক্টরি শিল্প কারখানায় সচল রাখতে বিভিন্ন ধরনের জীবাশ্ম জ্বালানি যেমন জীবাশ্ম জীবালানি এবং তেল প্রাকৃতিক
/kaggle/input/regspeech12/test/test_sylhet_0473.wav,স্থানের একটা জীবনের তিনি দামিত্বে যেন তো আমরা একটা গৃহীত ওয়াজনের তারা পেলে হোক বলব কিন্তু আমরা যেমন এই শীতল যেহাঞ্জল
/kaggle/input/regspeech12/test/test_kishoreganj_0108.wav,এভাবেই শক্তি থেকে প্রাণীতে প্রবাহিত হয় বাচ্য সংস্থার উদ্ভিদ থেকে প্রাণীতে শক্তির প্রবাহের এই ধারাবাহিক প্রক্রিয়া
/kaggle/input/regspeech12/test/test_chittagong_0017.wav,যদি আলাদা অবস্থা হইলে তার কি গরমে জুলোয় কতক্ষণ আবার সোয়াইর আবার গামুর হরিক দিনের ফাঁস বাস বুঝতে বললেন ওমর হরি
/kaggle/input/regspeech12/test/test_kishoreganj_0111.wav,সাপ্পুর বা ইঁদুর বেটারে চোখ ও অন্যান্য প্রার্থীরা একাধিক খাদ্য শৃঙ্খল একত্রিত হয়ে খাদ্য যন্ত্র করে পানিতে শক্তি প্রবাহের একই ধারাবাহিক প্রক্রিয়া হল খাদ্য
/kaggle/input/regspeech12/test/test_kishoreganj_0085.wav, এ বইটা না মারি নাই হ্যাঁ সব পাক্কা
/kaggle/input/regspeech12/test/test_sandwip_0128.wav,আর কেউ কেউ বিয়ে করছে আর কেন না করেন কেন না তা থেকে যাতে করলে দেখা যাচ্ছে আগে না এনে অবলা হল বিয়ের লাশ সুযোগ হারালেই মানিইয়া প্রয়োজন
/kaggle/input/regspeech12/test/test_sylhet_0359.wav,এখন আমার প্যাটার লাগে যদি এদিকে ক্যাউজ নয় আমি অনেক সিনিয়রারা তো দেখছি যেহেতু
/kaggle/input/regspeech12/test/test_narsingdi_0010.wav,ওরা তো আরও হাইলেভেলে সেজন্যই তো তারা লেগ স্পিন খেলতে গেলে সমস্যা হয় তো ঠিক আছে তবে ঈদের ইঙ্গালে ভালোই উন্নত দিব
/kaggle/input/regspeech12/test/test_habiganj_0102.wav,আর পিজিওলজি অ্যানাটমি মুতাহতে আগের জীববিজ্ঞানের সাথে কিছুটা মিলে তারপর এগুলা সহজ লাগে এখন করতে করতে আর বিহিবিয়ার ফার্নামেন্টালের সাবজেক্টগুলা সহজই লাগে আবার মাইক্রোবালে দিয়ে ঢালি কঠিন লাগে তার মাইক্রোবাসের নাম গোলা কঠিন লাগে তামুখী দায়না উচ্চারণ করা যায় না
/kaggle/input/regspeech12/test/test_narail_0020.wav,গুরুফাতা রে কয়ে গেল রে কয়ে গেল রে কলে আজকে গুরুফাতা স্থল ভালাইতে পাড়া মাছ কোনোদিন তোর মায়ার একটু নিয়া গুলি পিটিয়া দলুরে পিয়ে গেলাম দলুর একটা আমি একটু নিই তোকেই দিয়ে যাচ্ছি গুরুফাতারে এত দিয়ে গেছে
/kaggle/input/regspeech12/test/test_chittagong_0043.wav,ইতিক আছে দৈর্ঘ্য হইয়া দেখি কি আঁটিয়া গরিবিদিস না এরকম করে ঐ রকমের চেষ্টায় এসেছ নাই বেকুস হলে চালাক দুরাত সময় ফেলল রাজা
/kaggle/input/regspeech12/test/test_narail_0010.wav,মনিক হচ্ছে না আমি এরকম তো কোনো কথা কই নাই আমি তো এরকম কোনো কথা বলি নাই আমি এরকম টাকা পয়সার ব্যাপারে কোনো কথা বলি নাই আমি সরা শুনতেছিলাম আমি শুনেছি ওকাশতে তাহলে তুই শোন তাহলে আমি সর হয়ে যাচ্ছি তাহলে তুই শোন ওকাশতে আমি তো সর হয়ে যাচ্ছি তাহলে
/kaggle/input/regspeech12/test/test_narsingdi_0115.wav,আমি তার মতো সফটওয়্যারিতে চাই না সুজিমেহিন চাস না দেই কি সুইটা ট্রিচারিতেই চাস না বিস না
/kaggle/input/regspeech12/test/test_rangpur_0019.wav,কথা কওয়া এমনি ভালো মন্দ কেন সেদিন কেস নৈতিক হচ্ছেন রাগ নিয়ে এলে দেখেন না
/kaggle/input/regspeech12/test/test_barishal_0038.wav,কয়েক কতক্ষণ হের্ক পি এই যে ছাতার কথাটা কয় না এক বছরের মধ্যে দেশ দুটি থাকুক দুনিয়রা একটা লাঠি দেখেছে তুমি
/kaggle/input/regspeech12/test/test_sylhet_0363.wav,যখন দিচ্ছি তখন আমি এই এডুকেশনটার ক্লাস প্লাইস রাখি যেহেতু আমার তেত্রিশ উইকেটে তখন আমি আর তো ভুল দিই নাই ও লোভিয়া মার্টিন লেফট প্রডেক্ট ট্রাবলের এখন তারা এলে আপনি মানে এখন কিন্তু এখন কোনো ডিম দেখালেন না ভাবনা যে আরও টাইম দেওয়া হয়
/kaggle/input/regspeech12/test/test_sylhet_0054.wav,বাবা মার্চেন ব্লাড কিস্টার পাওবান কিচ্টার বাবা মার্চেন দুই হাজার বিশ তেরো ডিসেম্বরের বাইশ
/kaggle/input/regspeech12/test/test_sylhet_0516.wav,আপনার এই বউ কুন্তার মানে নেই তার চেহারা কই নেই তুই না মারাটে আমি যা বললে কয়টা না পাই না যে তারা তাড়া পাস করে বই
/kaggle/input/regspeech12/test/test_sylhet_0724.wav,মোটামুটি তাইলেই দিনই পার্মানেন্ট হয়ে গেছে
/kaggle/input/regspeech12/test/test_sylhet_0311.wav,কিন্তু কালকেও গোড়ানো নাই আব্বা মারুজ্জানকে তোমরা সমস্যা না হলে আমরা রোটামোটা নাই করাই দুই বন্ধু আইসিন আবার আমরা বাড়িতাই ওলা আমরা সবাইদের কালকেও বিয়া
/kaggle/input/regspeech12/test/test_comilla_0013.wav,আর রুহী ভাবতাছে যে আকাশে তো বাণী সূর্য ইটা রয়েছে রৌদ্র এত রোদের মধ্যে তো কেউ তাকায় থাকতে পারে না ও এটা ভাইবা ও দৌড়ে কাছে গেছে যাওয়ার পরে দেখে যে ওর চোখ মানে চোখ দেখা যে ও তো আর বুঝতে পারতেছে না চোখ উল্টায় থাকলে যেরকম অবস্থা হয় না সূর্য বরাবর একদম চোখটা ঐভাবে আছে
/kaggle/input/regspeech12/test/test_sylhet_0165.wav,প্রত্যহ দৌড়া দৌড়া তাকাতেন আমি নিয়ে আনি বাচ্চা হাতে তো বাড়াও হচ্ছে না তোমার সেবায় বোন কত বড় আছে তারা বড় আসলাম তবু ঘৃণা
/kaggle/input/regspeech12/test/test_habiganj_0044.wav,ভালো লাগে না তোমার এমন কোনো হাজাতে নিয়ে ধরো ফুন বাদে অন্য কোনো হাজের মধ্যে বাবা মায় বাধা দিতে বা বাইগুনে বাধা দেয় আর ইচ্ছেম বাধা দিলে কেমন লাগে বাকি তখন হোক
/kaggle/input/regspeech12/test/test_narail_0168.wav,ও তালায়
/kaggle/input/regspeech12/test/test_chittagong_0056.wav,গংড়া নানা হতানাহাটি ঘোড়াকিং সামগ্রত করতে বেশি মাস্টার মাস্টার হালাউজির্গি এনে গরম পরাদ্দ সাংঘিক অধিকারের হালাউজির্গি অ তোর মা হতাড়ি নিলে কেন বেন হাসাই
/kaggle/input/regspeech12/test/test_sylhet_0202.wav,মানে তার মুক্তিমান প্রয়োজন কর্মক্ষ নামে প্রাইমাতি প্রতাপরিহারী যখন প্রাক্ষরিক রীতি তখন আর আম্মার পড়ার প্রতাক হওয়া লাগে না তখন আমি বধূরাই দান রৈদ্য দিত গো দান রৈদ্য দিলে
/kaggle/input/regspeech12/test/test_narsingdi_0103.wav,আল্লাহু আকবর অ্যানোবা আলুদা রান তার শিক্ষিত আছে কি কি রান তার আছে আমি হুম আলু গরম পানি করতে হবে আর
/kaggle/input/regspeech12/test/test_sylhet_0293.wav,ভালো অবস্থা আমি আইটি আবার সিলেট আওয়ার পরে মনে হয় আমার শ্বশুর শাশুড়ি আমার হাসমিনের খুঁজছে তখন দিলে তাহাতে আমরা কিছু দিতি না তারে কিছু একটা ভিউ তাই না মনে ফোন দিয়া হইলা যে তুমি তোমার একজন ফ্রেন্ড লইয়া
/kaggle/input/regspeech12/test/test_sylhet_0193.wav,আর বাড়িতে কি ফাঁকুর কুকুর গড় আনিয়া ঘুচাইয়া রাখা মুরুগুরু বড় জায়গা জাপানি ও অজাতের কাজগুলা ছিল আমার ততটা করিয়া পড়িয়া হয় হয় মুরুগের কাছার ভিতর ধরে দিন
/kaggle/input/regspeech12/test/test_habiganj_0070.wav,অনামিকের দারুণ অন্যামিকের পারোই আর একটু সেডে একটা পাসের মতোই বলি বেশি বলো না না তিন তালার পিদারের কী কী তিন তালার
/kaggle/input/regspeech12/test/test_kishoreganj_0182.wav,পোস্ট সুইডেনের জন্য কোন ডিপোজিটাল
/kaggle/input/regspeech12/test/test_barishal_0037.wav,না এর মধ্যে কী করছে তালাকে লাগবে এর মধ্যে পারদিকের কথা নাই হ্যাঁ কথাটা খেয়াল করিন যদি আমার দোষ হয় কই বলে তোর দোষ ও মোরে হঠাৎ করে থাকি
/kaggle/input/regspeech12/test/test_chittagong_0127.wav,সারা বার্তা মাঝে গায়ত্রীর গিয়ে সারাটা ভাজন দিয়ে নেমে এয়ারপোর্ট স্টেশন আছে ঠিক আছে ঠিক আছে তোরা আনা জিজ্জার লেগে গেছে ভালো আছে মহানগর এক্সপ্রেস
/kaggle/input/regspeech12/test/test_tangail_0104.wav,তাই আমি আবারও মানে নামগুলা উল্লেখ করতেছি প্রথমে প্রথমে হয়েছে বহিমান রেপ্তোরি তারপরে হয়েছে সেরেন্ডিপিটি তারপরে হয়েছে লাইফ অফ পাই তারপরেছে অক্টোবর তারপরে হয়েছে সাভারিয়া
/kaggle/input/regspeech12/test/test_rangpur_0005.wav,হাঁসের দাম বলে ঢাকাতে একটা করে নয় ম্যাডাম ডাকানে যায় আয় আয় হুকুম করে আর নিয়ে যাবে নাকি
/kaggle/input/regspeech12/test/test_rangpur_0073.wav,তাগুলে দেখো কতুকি
/kaggle/input/regspeech12/test/test_sylhet_0343.wav,প্রিয়া সকালে এক পরীক্ষা বিকালে এক পরীক্ষা ওলা করিয়া রিটেন পরীক্ষা দিতে দিয়া যাইও খুড়িটেনের রেজাল্ট আসাম্বলিল্লাহ পজিটিভাইতে যখন রিটেনের রেজাল্ট পজিটিভাইতে তখন তো বাইবা দেওয়ার দিতাম
/kaggle/input/regspeech12/test/test_sylhet_0749.wav,বল্য তাহলে না
/kaggle/input/regspeech12/test/test_narail_0135.wav,ও কোনোদিন বাড়বে না না আমার মা আত্মা বলা না ওর শরীরটা খুব খারাপ তো আমার মা আত্মা বলার অনুমতি আমার মার কাছে কি পাসপোর্ট করে আমার মার ঋণ দেয় ফেরতি
/kaggle/input/regspeech12/test/test_sylhet_0390.wav,তোমার করতে ভালো লাগে খাইছো নিতে আজকে হাইছো না হালি জ্যা তুমি এখানে স্থানীয় না তাই যে স্থানীয় না এখানে ভাড়া কারা থাকি জানে আর আমরা থাকি এই দিন অন্যথা
/kaggle/input/regspeech12/test/test_sylhet_0645.wav,কিন্তু করা সারাদিন তোমরা কিন্তু খেলাধুলা করার সময় যায়
/kaggle/input/regspeech12/test/test_narail_0028.wav,খাল কলি আসাদ মিয়ার কোনো জমি খায়নি
/kaggle/input/regspeech12/test/test_kishoreganj_0019.wav,হাড়োয়া ধারা এখানে পুর্তি বাইরে বাড়ি দিয়েছি
/kaggle/input/regspeech12/test/test_sylhet_0488.wav,ার বাহিনীর মানুষ তাকে দেখা আপনি অত ক্ষমা দেখেছেন ওই নিশ্চয়ই এগারোটার সময় এগারোটা বারোটায় একটা তিনটা বাজি যায় এখনো আমার প্রেসেন্ট বাবরিয়া দিইনি কি তার ভিতরে আছে পরে স্বলোপান তারা জোর করিয়াও হামারিদের মতো মানে অনেক যেন ম্যাডামি অতিমারি তার মানে দুইটা গেট হচ্ছেন এর পরে বিতরে আবার ডাক পরে মানে ম্যাডামি অনুভীতি না হারেন না যেহেল ওর পরের বাবা ইনুর ভিতরে আমারি
/kaggle/input/regspeech12/test/test_sylhet_0548.wav,রমজান হইলে পড়া আত্মহত্যা যাওয়াও একটা হোস্টেল
/kaggle/input/regspeech12/test/test_sandwip_0043.wav,বস্তার জান্তি ছিল ইহা না বর্ষার সাথে তারা আনায় সিং আসমাবাবু আগে বাড়িতে চাইছেন এমনি অনেক ও চিরসিলি অনুরান্ত হাইলেন না বলে আগে বাড়িতে শুরু করুন
/kaggle/input/regspeech12/test/test_sylhet_0678.wav,বাহ নাইড ভাইও তাই অনেক বালা মানে কটুয়ার্থী খুব আপনারা মায়েরা চিৎকৃত রাতের বাচ্চা রাখেন যে সুন্দর ছেড়ে দেওয়া যায় আর কিল আপনার মানে সময় দিন কিলা যায় সারাদিন ঠিক একটা করেন
/kaggle/input/regspeech12/test/test_rangpur_0033.wav,গাইবান্ধার যে আমি খাই দিই কোনোদিন রাজা বুঝি মরিয়াছে ত্যাগ দেওয়া কিন্তু তাদের বন্ধুবানের বাড়ির তরকারি আমরা আগে থেকেই খবর মেনে তেল খাই
/kaggle/input/regspeech12/test/test_sylhet_0332.wav,তখন যে কাজগুলোকে মিলিত করবার এই কাজগুলো করার লাগে আরেকজন মানুষ লাগে তারও তো বেতন দেওয়া লাগব তোমার হিট অ্যাকার্ডের এতই বেতন হইত না ছোটখাটো চাকরি করি না তুমি কাজের বুয়ার বেতন হইতে পারবার তাই না তুমি চাকরি সামলাইতে পারবা না তুমি এই বুয়া সামলাইতে পারবা তার চেয়ে
/kaggle/input/regspeech12/test/test_sylhet_0641.wav,পিতা গান করত মানে এখন সরলে পিশেষ নেই মুখে হও মুখে বললাম না তোমাকে ব্যাপার ভাবনা করলে হইব না তারা অবুক নেই তোমাকে নিয়ে যাওয়া যায়
/kaggle/input/regspeech12/test/test_chittagong_0131.wav,খালি বড় বেশ কী মাসিক দেহে মাগ্রিব সময়েরা সাড়ে সাতটা বাজে সালে গিয়ে গো
/kaggle/input/regspeech12/test/test_narsingdi_0087.wav,তিনি শক্ত অকাণ্ডিত না না রে বুন অনেক শক্ত নেই আল্লাহ বৃষ্টির লাগে থাকে রাখার নকল নামাজ করে দিয়েছেন
/kaggle/input/regspeech12/test/test_sylhet_0196.wav,বাকি আমরা ছোট পাঁচজন আসলাম পরা তো পাঁচজনের মধ্যে সিরিয়ালি আমি আসলাম ফাইন নাম্বার আমার ছোট আরেকটা ভাই আছে তো আমরার আসলে কোনো টিচার লাগত না আব্বার ফোরাইটা আমার আম্মা স্কুলে খুলে দেখেন না
/kaggle/input/regspeech12/test/test_noakhali_0013.wav,আর স্যার আমি ছাড়িও না স্যারের ব্যাঙ্কা দিতাম
/kaggle/input/regspeech12/test/test_narsingdi_0006.wav,আরে বাংলাদেশ ছিল বেটা দুর্নীতি খেয়ে পড়া হে এক পাপ্পোন্দা দেখ বাবু পাননি নাকি নয়টা কোটি টাকা আছে এতো টাকা দিয়ে কি করব কিছু টাকাও খরচ করলে তো ভালো
/kaggle/input/regspeech12/test/test_barishal_0070.wav,মাতার দ্বারে থুইবাকদের দেয়া এই পোলায় ভুক্তভোগী হইয়ে দেখছি ঠান্ডা আছে না হাই হ্যাগো শক্তিয়া ছাড়া জুতো খাই আপনি দেন না পারলে কিছু মাঝে মাঝে এই পারলে কিছু দেইনি বাজলে দেইনি কি আদায় বাজলে কি যদি আপনি দেন বউইয়া নয় ওকে পাগলি না খায় জ্বালা চাইয়ে না চাইয়ে থাকতে হইবে দেখকে খাওয়াইতে হইবে
/kaggle/input/regspeech12/test/test_sylhet_0420.wav,তাহাই লাগে না কিন্তু হঠাৎ করেই একজন ডাক্তার নামে অন্য ডাকে মানে আমার হাসব্যান্ডের কথা বলে দিত তাই অন্যকে গুগল বের করত তাই না হয়েছেন ডাহা তুমি মদ বাজার লইয়াও তাই নড়ানা একটা চেম্বার আছে মানে লইয়া দাঁড়িয়া লইয়া পড়ে তার জীবের প্রস্তি মনে করছে যে এখনো বালা দিয়া
/kaggle/input/regspeech12/test/test_sylhet_0605.wav,ইলি ম্যাডাম হ্যাঁ লিলি ম্যাডাম লাভ ডি ম্যাডাম মেয়ের ঘটনা নিয়ে হাঁটল আবার মেয়েটি টিকটাক হয়ে গেছে হ্যাঁ রে ম্যাডামের কাছে তো অনেক কিছু একটা নিয়ে মেয়ের নিয়ে মিনি বিয়াদ বিখ্যাতা করে অনেক কাহিনী
/kaggle/input/regspeech12/test/test_narsingdi_0113.wav,প্রপেশনাল কি কেপপ সিঙ্গার হইতেছে গরু
/kaggle/input/regspeech12/test/test_sylhet_0430.wav,ঘর নির্যাত্তর রয়ে গেছে মানে এরপর ও যেন বালা করছে নৌকান্ত একটা জিনে বালা করছে এ তো অনেক খুঁজিবুদ্ধি আরও এরপরে ফোর্স হবার রাস্তা যে কেটাডান লাগাইছে রবু আঁকতে গেছে বারও না মানে এগু আন্তে করা না
/kaggle/input/regspeech12/test/test_comilla_0022.wav,কীভাবে হইল এটাও বুঝতে পারতাছি না আর ওই যে মেয়েটা মারা গেছে ওই মেয়েটা হয়েছে মানে ওর বাবা মায়ের ছোট সন্তান অনেক আদরের একটা বাড়ি হচ্ছে ইঞ্জিনিয়ার আরেকটা বোন হচ্ছে কলেজে পড়ে আর মার সাথে মেয়েটা থাকে
/kaggle/input/regspeech12/test/test_narsingdi_0097.wav,খোক ম্যালেন টেন্ডারেন্ডেন্ডেন্ডেন্ডেন্ডেন্ডেন্ডেন্ডেন্ডেন্ডেন্ডেন্ডেন্ডেন্ডেন্ডেন্ডেন্ডেন্ডেন্ডেন্ডেন্ডেন্ডেন্ডেন্ডেন্ডেন্ডেন্ডেন্ডেন্ডেন্ডেন্ডেন্ডেন্ডেন্ডেন্ডেন্ডেন্ডেন্ডেন্ডেন্ডেন্ডেন্ডেন্ডেন্ডা নির্মাল নির্মাল নির্মাল নির্মাল নির্মাল নিবাল নিবুর্জটা ইার
/kaggle/input/regspeech12/test/test_habiganj_0113.wav,ক্লাস হইল বা ক্লাসে তো একটা প্লাফাইন গুরুত্ব দেয় না এরা বিশেষ করে সার্ভে করছে বা কোচিং টোচিং ফরেও উৎসব অনুযায়ী এরা গুরুত্বপূর্ণ এসব পোয়াল্টে যা আছে সব এখানে শেষ করে পোয়াল্টা
/kaggle/input/regspeech12/test/test_narsingdi_0045.wav,গোলাপেন বুঝে কালকে পলিনটা দেখি অনেকে কলিনটা নাকি যাইয়া আতঙ্কাজি মানে নেইমুন এটা বুঝলাম তুই না
/kaggle/input/regspeech12/test/test_sylhet_0679.wav,আশি আরি বর্তমানে ব্যাখ্যান তারা তো অনেক ছোট্ট তারে পুরোপুরি রাখেন না হো সামনে প্রসার করতে পারেন তাই রিয়াক্টি রক্ষাটা করার বেশি কানে লাগে তাই তো প্লাস্টিক রোগ নিতে পারে না তা করেও উচ্চ চার যায় তারার প্রয়াণে কাপ নেই করেন
/kaggle/input/regspeech12/test/test_tangail_0119.wav,তারপর বিদ্যাসীন নামী তাহসান সবাই যার যার পক্ষ থেকে এক একটা কাপড় কিনতেছে পোড়া কাপড় এবং এক লাখ টাকা করে দিতেছে এটা খুবই ভালো উদ্যোগ মানে সবার্ড কন্ট্রিবিউশনে দেখা যাইতেছে ব্যবসায়ীরা আবার নতুন করে দাঁড়াইতে পারত বিদ্যানন্দ কি বিদ্যাসিংহা মিমের
/kaggle/input/regspeech12/test/test_chittagong_0164.wav,তোহারাল্লা হতা হয়নি এতে হতা হবে মাঝখানে অর্ধেক পছন্দে গিয়ে গেল
/kaggle/input/regspeech12/test/test_sylhet_0729.wav,তাই আমি গাটি নান বা দিয়েও গাটি নান বা দিয়েও আমরা গাটি নানের দিন প্রস্তাবিত চেল বি
/kaggle/input/regspeech12/test/test_rangpur_0116.wav,কোনোকাল কালাই না থাকে এখন ডাইল না করে দেয় শাক দেয় যখন যেটা লাগে যখন যা লাগে তখনই তা দেখিল
/kaggle/input/regspeech12/test/test_sylhet_0191.wav,অসুখু খাওয়ার আবাসন দানকে পাবিলের বিধায়ক ভূতালেক্ষে দেখা দিতে রান্নার আগেও আমি বুঝতে পারি না এটা ফুল সিড দিয়া টেলু গিয়া মোজা বলিয়া মোজা নংলাকার নাম দিয়া মুখটা হল ইংল্যান্ডের ভিডিওটা মুখিলাম ও মুখ্যা হাইতাম হাই এবং বন্ধুতাম
/kaggle/input/regspeech12/test/test_sylhet_0702.wav,ঘরে কাজটা করবেন এটা একটা বেকার কিলা আচ্ছা এখন কই না করে পাব বাচ্চাটার চাষ নেই
/kaggle/input/regspeech12/test/test_sylhet_0364.wav,আমরা যেভাবে স্ট্রাগুল করিয়া আইসি আমরা বাচ্চারা তোমাকে খেয়ালে স্ট্রাগুল করত না
/kaggle/input/regspeech12/test/test_sylhet_0224.wav,এটা তো আর পাইব ও আমি পড়া শুরু করেছি এটাতে কি বালা রেজাল্ট করিয়া বাইরেছিলে বলা উদাহরণ নাই আমার বায়ের প্রত্যা বালায় স্কুল না কিন্তু আমার স্কুলটাতে বালা আছে না নামিও না এ তারা কি কোনো রকম কোনো সুরত করা
/kaggle/input/regspeech12/test/test_sylhet_0146.wav,আপনার মানে জীবন্যই অত্যন্ত বেশি জানা দরকার আমরা ছাত্রছাত্রীরা কিতা করে অন্তত আমরা এমন নই জানি আপনারা কিতা করুন তেমনি দিন যায় বা আপনার জামানার সাথে আমরা জামানার কিতাকিতা পার্থক্য একটু করি
/kaggle/input/regspeech12/test/test_narail_0075.wav,আমার রাগাইলেও তো উনারে ধুয়ো ভুলি কেন্দ্র তাই বেটাও কেছে ঠাও কেকটাও নাড়াতে আমার সমাবেশ তো না চানি আমার থামার সাথে আনুয়া বিশ্বাসী আগুনে আগুনে ক্ষেপ করতে হবে
/kaggle/input/regspeech12/test/test_habiganj_0061.wav,ষপদ্যাতা হ্যাত তুলো দুইয়া বুয়ে তাহে যদি কুত্তা কই তাহা দেয় তুলো দুইয়া লুটকে তাহে এমন অবস্থা এমন করে তা চম্পিতা কর তাই এরা ওই দেখা যায় বড় এরা দেখিয়া কথা হইয়া হরান দেয় পরাধ বাইতে নিয়া গেলেন পরীক্ষা কেমন মানে আর পরাধ বললে তো আমি টেজ আমার এত পিটা হাইতে হইতে টেজ পরাধ বইলে আবার মা তাহে হাতে আমার আবারও দোক আমার প্রাত উত্তুত তুলে না কিন্তু এমন নেতু এমন রেখেছে আমরা দেখেছে আমরারে তো আমরালে তো আমিতে আমি টেজ আমাম করিতে তাহ
/kaggle/input/regspeech12/test/test_sylhet_0638.wav,কিন্তু আমি তো ওই ক্ষেত্রে করো তুমি করা না হলো নিয়ে
/kaggle/input/regspeech12/test/test_narail_0056.wav,সিকিরির দ্বারে নাকি কাতদারে নোটিশ হয়েছিল আমাকে নামে সিকির আমাকে মেলা দিন পরে দিছিল ওর ভিতরে ওরা দলিল করে নিয়েছে আমাকে যে বাধারাই ছিল না জমির কথা কয়েকে ঐ বিটা ঢোক আমাকে দেবে ঐ বিটা ঐক্যের নামে দলিল আস্ত হল না এজন্য মেলা যেই রেকর্ড হয়ে গেছে সে আমাকে দেখবে
/kaggle/input/regspeech12/test/test_rangpur_0092.wav,তাহলে খাওয়া দাওয়া মানুষই করাই ভালো হবে হাওয়া জবাব করাই তো কী করে থেইসিন আজ পুলিশ বছর বাড়ি তার আগের দিন তানভীর বাড়ি
/kaggle/input/regspeech12/test/test_sandwip_0079.wav,আচ্ছা আমি কিন্তু ভুল করো না ওদিন কেউ কার্যের জন্য
/kaggle/input/regspeech12/test/test_sylhet_0142.wav,না খেলে রাখি তাই মা তাই না খোলা দিদি আলারার পরিবার নিয়ে এক ভূমি
/kaggle/input/regspeech12/test/test_chittagong_0116.wav,বিয়ের বেলায় কি আবার বিকালে কি এটি তো পাল্লার মোবাইল টুপালের জন্য আদেবে তাড়ানো না না নদীবু কে বলে যে বোঝা ইন্টারেল বলে কই দেয় বে যে কেউ গ্রাহান হৈরিতি লালে বুজাপার আছে
/kaggle/input/regspeech12/test/test_sandwip_0069.wav,আমার মতন হেইজা উনি ওকে হারামায় যে দুপুরে আয় বা দুয়া ফাইজার সাইকুল দিয়েছেন মহোকনাজন হইলে স্কুল সারি নিয়ে অবশ্যিত হইলে হইলে ভাবি আইন
/kaggle/input/regspeech12/test/test_sylhet_0661.wav,তাও আমরা আরেকবার এনেনি তার
/kaggle/input/regspeech12/test/test_noakhali_0002.wav,বাবা টমেটোকে টমেটো সিজন না ওকে টমেটোর দাম কমে না খেলে
/kaggle/input/regspeech12/test/test_chittagong_0090.wav,যে সারারই জায়গা কম্পিউটারের ইন্ডিয়া আবদার উন্মোদিয়া আবদার এখন সময় যদি কারালয় থাকে চলে না ভারী হওয়া ইচ্ছে তাহলে তো সেকেন্ড বাড়ির নয় না মেনে
/kaggle/input/regspeech12/test/test_sylhet_0214.wav,আমারও মনে মনে টার্গেট জামারও তো একটা মোলা নাম উঠব পিতার মাঝে চেক করতে চেক করতে একটা জ্ঞা নেওয়ার জিনিস মানে ব্রেলের মাঝে খুব হ্যামারিঙ্কি দিল
/kaggle/input/regspeech12/test/test_chittagong_0109.wav,আহাইদ্দিন মেঘের সুন্দর আছে ছুটি লম্বা আয়ের সুন্দর সুন্দর রোজগারী
/kaggle/input/regspeech12/test/test_sylhet_0024.wav,তারপরে আমরা কার্যি দর অঞ্জলি দেওয়া হইল মার কাছে দিলাম দিয়া গিয়া আমরা অঞ্জলি পোশাক দেওয়াই আচ্ছা করে কল্পসারী হাঁটাপাতা এগুলি দেওয়া হয় এগুলি খাওয়ার পরে দুপুরে যে পক্ষে পাত খাওয়ার টাইম হলো তখন তীক্ষুরে খাওয়ার মধ্যে মন্দিরেই আমরা খাই
/kaggle/input/regspeech12/test/test_narail_0127.wav,বর থায়ে বাড়ি থায়ে বলে বেশি সময় আছে ও থাকে না থাকার মতো একদিন ফন্দে চলো তা অনেক শুক আছে তোমাকে আমি অনেক মিস করতেছি এবং সে ও তার দুই ভাই চলে যা দুই ভাই যাব কার
/kaggle/input/regspeech12/test/test_sylhet_0379.wav,পরে আমার জালের রানে কিন্তু আমি সম্পূর্ণ দিয়ে দিয়েও তারার মাঝে কোনো ধরনের অতীর্থি বা না পাওয়ার ইতিহাস থাকে না আমার শ্বশুর শাস্তি দিবে তারা যে ছেলেমেয়ের পড়াইতেই কেন তারা লেগে বেচি
/kaggle/input/regspeech12/test/test_sandwip_0055.wav,ডলিল হওয়ায় তো সোমবারও শান্তি নেই এমনি বারো মাস অফিস দিয়ে নেয় টেনশন বেশি করে কিন্তু মোলানির ধান্দা না দানা ওঠা খুনির সংক্ষেপণ খেলল
/kaggle/input/regspeech12/test/test_sylhet_0016.wav,পূজা শেষ হওয়ার পরের দিন যদি দেওয়া হইলে না পরের দিন রাখতে তারা সবাই আনন্দের জন্য পণ্ড করার পরে পরের দিন মার কাছে আবার আমরা ইয়োবরায়িতা হন
/kaggle/input/regspeech12/test/test_chittagong_0041.wav,ওরে চুলি না রিবলে তো মনে হইতে যারি সাইটারা নাই স্ত্রীকৃতি বলে কেমনি ইডি ওইচে তুজ জামাইটামাই ভালো আছে না তাহলে আজ জামাই হতে হবে না আয় বিয়েবে জিনিজম কিবে জামাই মানিলাম না নড়ার হইতে হয়নি
/kaggle/input/regspeech12/test/test_chittagong_0003.wav,আজ আজ যে মাতাদের টাটা দেয়াই বেরোতে পেয়ে এক ফুলে সিঁড়ি আছে আর শুরুতে অবাপর দেয়া গেয়া দেয়ে আনবে খুবের কেউ না সিনীত এর কেউ দেহিলে আনোয়ার দেহিত তোর বাক্যে তো গাইল দিদি আহাতে মায়েছিল সালাম সালাম নিন্দা ভাব করে না বালা গাড়ির ভিড়ে ছিলেন
/kaggle/input/regspeech12/test/test_chittagong_0108.wav,লয়ের হলদী বোধ হত্যা হয়ে আরামমাল কি বলে ব্যাংকারাল্সে বিদেশে আসে আর গো বাড়িকের বলিকালয় দেয় বাড়িকের বলিকারা লয়েরা হলদী হৈ অ্যান্ডেবলোগো নাকি আছে বাড়িঘর ইবাহতা হই
/kaggle/input/regspeech12/test/test_sylhet_0133.wav,তিনজন কাম করুন বাকি দুইজনেই কি তা করেন তো দুইজনে আমি জিতা হয়ে খাম খানিক খেয়াল গদ বাসন জিততা করিস তার
/kaggle/input/regspeech12/test/test_barishal_0016.wav,তাই ওদের জন্য সম্পর্ক কাটলে আপার আগে চাকরি এসে সেই চাকরি কইরা এই খোঁজে ডাক্তার পড়াইয়া ডাক্তার বানাইছি এখন আর তারে ভালো লাগে না ক্লিন জানালেন কীভাবে পড়ে আর আপনি কেন কী করেন
/kaggle/input/regspeech12/test/test_sylhet_0134.wav,মেয়েরা তো নিজের আইন দেখায় তাই নিজের দিন কি তা করবেন মানে এমনি বড়ের মাঝে কি তা করবেন বড়ের মাঝে তো হিন্দুরামারাই আর তোমার নাইকুলের পিঠামারাই আছে মার প্রাতিষ্ঠানা
/kaggle/input/regspeech12/test/test_sylhet_0615.wav,খালি থাকিবার নুয়াজ ও তাই মা খাতা
/kaggle/input/regspeech12/test/test_narail_0152.wav,নয়ন ক্ষণে
/kaggle/input/regspeech12/test/test_kishoreganj_0020.wav,কীভাবে আমার কাছে খাত মাছি যাচ্ছে না না এই টিস্যুটিতে আমরা দেখি যাচ্ছি না
/kaggle/input/regspeech12/test/test_kishoreganj_0135.wav,পোলাঙ্গানির প্রথম প্রথম অর্জনের দিবস
/kaggle/input/regspeech12/test/test_narail_0132.wav,আমি দিনভরে একা একা ঘরের ভিতরে ছুঁয়ে থাকি আমার ভালো লাগে না ছুঁয়ে থাকি মোবাইল চ্যাপে ঘুমাই আর এ জায়গায় মানজোন টোর্ন আমার ভালো লাগে না
/kaggle/input/regspeech12/test/test_narsingdi_0032.wav,স্বপ্ন তো সবাই আমরা দুইটা ম্যাচ জিতব এটা বায়েবায়াস ছিলাম বাকিগুলো জিততে পারলে আমাদের জন্য প্লাস পয়েন্ট আমরা ভালো কিছু করতে পারতাম ইন্ডিয়ার সাথে লিটন দশ রান আউটে না হলে তবে এটা জিততে কোনো জামাই আছে
/kaggle/input/regspeech12/test/test_sylhet_0511.wav,আর কেন এমন যে বিল্ডিং মেরিফিনার মানে কন্টারদার সরকারি কন্টারদার
/kaggle/input/regspeech12/test/test_sylhet_0470.wav,মায়াবেশী আরও তো আমরা যেটা কানছি না মরাব্বার তেমনে হবে ইন্টেনশন হয়েছেন কথাটা সে আর পঁচাশি লাখ টাকা তাই নিতে বলছি তোমার যদি বলা লাগে না আমরা ব্যবহারের জন্য বিজনেস সোরাইটে আইনি ব্যবসার বাগের জিলেবি সেখানে তো মেনে নিয়ে যাব শোনেন তাই তো
/kaggle/input/regspeech12/test/test_sylhet_0030.wav,তেমন ইটাহাগুলো কেন ইটাহাগুলো পুরুতি নেই অনেক আছে পুরুতি দেয় না কমিটি দেখে দেয় যদি কিন্তু তারপরও তারা যে যে মনে করে পুরুতি নেওয়ার কমিটিকে নির্ভর করে
/kaggle/input/regspeech12/test/test_rangpur_0054.wav,আল্লাহ আলাদের জমি নাই হাত পায়ের উপর দিয়েই শুকুর চালায় এটা আল্লাহর কাছে লাগো শুকুর কিন্তু তুই এগু বাঁচতে পারবি
/kaggle/input/regspeech12/test/test_chittagong_0160.wav,স্মৃতি হবে অনার্সের উপর ঘুরে ফিরি চেয়া লাগে তান্ডুর খেয়ালা লাগি দুর্নেত হবে বেবে
/kaggle/input/regspeech12/test/test_sylhet_0553.wav,মানে প্রাণের আগে প্রুপারের ক্ষেত্রে খেলা নিতে আর কেউ আলাদা তরালে প্রেক্ষিত করাই তোমাদের
/kaggle/input/regspeech12/test/test_chittagong_0129.wav,মহানগর খালালা দুটা মূল মনের আগে কেউ গোল সালাম মিয়ায় ওহ তুমি একটু ফোন দিয়েছ তো
/kaggle/input/regspeech12/test/test_tangail_0017.wav,ফান্ড রেইস করে যে আফ্রিকার যারা দরিদ্র আছে অসুস্থ এইডস আক্রান্ত তাদের জন্য এরা অনেকটা হিট হয়ে যায় সারা দেশে এবং ইন্টারন্যাশনাল
/kaggle/input/regspeech12/test/test_sylhet_0087.wav,তারপর এখনো হতে ভালো লাগে না এবারও লাইনও ভর্তি হয়েছে তাই রোজ দূর করে এখানে হানিয়ার ভাইয়ে দূর করি না বুঝতে পারতে না একটা তা ব্যক্ত নয়
/kaggle/input/regspeech12/test/test_kishoreganj_0117.wav,গাছ গাসপুরিং সাপ ব্যাং সাপ গাসপুরিং গাছ ব্যাং গাছ গাসপুরিং ব্যাং সাপ কুন্ডা গাছ গাসপুরিং গাছের এক এলাকা গাছ পুড়িংয়ে গাছের একা উঁচু পুড়িং আছে না এদিকে গাছেরে এই গাছ পুড়িংয়ের কালাকা ব্যাংকের
/kaggle/input/regspeech12/test/test_narail_0160.wav,এরপরে ওনার আছে পাইলসির সমস্যা তাও মেলা পুরোনো সমস্যা এরপরে আছে ওনার হচ্ছে মাজার সমস্যা এগুলো আছে উনি প্রতিদিন কয় উপলব্ধি করে
/kaggle/input/regspeech12/test/test_chittagong_0173.wav,ইয়া হত্যায় সুমন হত্যা এবং অনারারা ব্যাগুলোর মুখ বলি তুই হাত না হবি তুই আহা হত্যা সে মা কেন হই মাত্র তাই নি সুযোগ বুঝিয়ে রাজা ইন্দ্রেলিস্ট
/kaggle/input/regspeech12/test/test_narsingdi_0091.wav,দুইটা এসে বোয়ারকারও বড় স্পিকারদি আরও দুইটা এসে শুরু
/kaggle/input/regspeech12/test/test_rangpur_0080.wav,হ্যাঁ এই নিয়ে যায় না কেমন্বায় পূর্বের শর্মা বিছা গায়ের গতি যাইবে বলে মুখ ধরে পাও না
/kaggle/input/regspeech12/test/test_narsingdi_0116.wav,এরা কইলি না খালি না মাঠ দিয়ে ফেরি বদ্ধ দিলে না আমার লাইফেজারে যামিলে কোনোদিন হইতাম না কোনোদিন করতাম না আহা লাইফেগুলোয় করাম না দিদিও আরে ডাক্তার তোমার কান দেখা করতেছে
/kaggle/input/regspeech12/test/test_sylhet_0089.wav,তোমার বড় ভাই না বিয়ে হয়নি
/kaggle/input/regspeech12/test/test_chittagong_0059.wav,কলেজের খবরটা বল কি কলেজ আর বাই সেকেন্ড মেয়েটা তার নাম নয় এখন কেউ যুগে যুগ না হয় রে তোর কী অবস্থা হাই আছি
/kaggle/input/regspeech12/test/test_chittagong_0046.wav,ঠেক আছে না হাসান ধার করতে সম্প্রতি না আয় অর্ডিন আমার বেটাইলেও দেখাছেন এই দিনে বেড়াতাম যেতাম হদিওবই নাও ভালো না মাটি ফেলেছি এখন আমি কে বেড়াতাম যেতে হলিয়ারি বুঝেছিলাম আমি ললিয়ারি
/kaggle/input/regspeech12/test/test_chittagong_0151.wav,আজ তবে টাকাটা কি জানা না আরশেল খাবেন লোভুতে আপু ডিউম কেন আমার স্বার্গতা ওকে দাদু স্বার্গতা ক্যানকেন লাগে নিজের ওয়েটার লাই
/kaggle/input/regspeech12/test/test_sylhet_0231.wav,বিয়ার চিকিয়ে ফেলিতেছিল বিয়ার যার লোকে ঠিক হইছে এই মিলায় দিয়া তাহা স্কুলের জুট আমরা ম্যাডামের বিবাহ করা ফেল্টিং অনেক হইতে আছে আমরা জানি কী গল্পটা
/kaggle/input/regspeech12/test/test_sandwip_0058.wav,ঠ্যান বাদা হইত নাই
/kaggle/input/regspeech12/test/test_tangail_0054.wav,এই ছবির লাস্টের দিকের যে লাইন দিয়ে আসে লাইন দ্য মানে হওয়া খুব টাচি একটা লাইন জেনে বলা হয়েছে আই সাপোস ইন দ্য ইন দ্য হোল অব লাইফ বিকামস এন অ্যাকট অফ লেটিং গো
/kaggle/input/regspeech12/test/test_sylhet_0413.wav,পরে বালিত উল্লান কোন বাচ্চা কাছে অন্যায় ডাক্তারদের হইতে দেবাইতে দেবাইতে দেবাইতে দেবাইতে দেবাইতে পরে ভাষা লইয়া ইহালেই মেহেন্দু বলল তখনো আত্মীয় হইছে এ পরে আল্লাহ দিলে হইছে আপনার মেয়ে এক হেলাল্লার উপরেই খুশি হইলাম এখন তাই না মারা গেছে
/kaggle/input/regspeech12/test/test_sandwip_0029.wav,যতই হইব সর্বশেষ কথা একেরে যত কথা করব যত কিছু করি সর্বশেষ কথা মা দিয়ান খুবই ইয়া সুডুগা উল জুলিয়াজুল ঈদের বিয়ের দুদিন হরে মনো মাত্র শরীর বেশি অশান্তি লেগে যে ফোন করছে যে কাঞ্চের জায়গায় সুইয়ার হরের দিন
/kaggle/input/regspeech12/test/test_sandwip_0026.wav,হেতের হলাইন আবার হরে লেখা কষ্টে ভূত আসমা বা হলাইন ধরে লেখা বেশি করত না যে আসমার মনে খুব কষ্ট আসল তাহা সবসময়ের কিছু আন্নের দিক থেকে আসমা পাওয়ার সম্ভাব্য সময় খুবই সহায়তাশীল এতে কোনোদিন মানে কোনো কাম কোনোদিন হেতে স্থূল হুলানিরা হরাইতে কোনো কার পূর্ণ করত না
/kaggle/input/regspeech12/test/test_narsingdi_0052.wav,পর্ণাকাটা ম্যাকমাম হিন্দু তারা দুধ জ্বালায় দুধ তো দুধ কি স্বর্ণ লাগলে কেন জিলে যাব কোথায় না কাপড় টাকাও লাগছে পরে বাড়ে টাকাও কই লাগব দোকানে পদ্মা টর্দা বাইতা বিলিত থায় না অনেক সময় লাগত কয়েলের তা আগুন লেগে দাঁড়া
/kaggle/input/regspeech12/test/test_habiganj_0089.wav,আর এর আগে সিলেট অভিবান সিকা সিলেট ও ইত্যুত বেশীরভাগ আমরা বিভাগ সিলেট সিলেট গেছি কয়েকবার এতে বেশি আর কোনো নৈতিক না চা বাগানও গুড়াইছ না চা বাগান না গেছে সিলেট গেছে তারপর আমরা হবুগঞ্জের হিসাবে গেছে চা বাগান আছে কেন তো গুড়াইতে
/kaggle/input/regspeech12/test/test_chittagong_0117.wav,ইন্টার অফারে এখন নহিও পরীক্ষার পরে তুললে যদি বুঝে বুঝে ফেলা যা হইবে ইতি আড়ত দি আর মোবাল অত্তম কল গড়ে বেড়ালে ফলে যার কিছু হইলে মাঝখান দেয়ার বাজে না যাই উমিতে আয় তো বুঝা বুঝা তারপর এতে হন পারে মনে
/kaggle/input/regspeech12/test/test_barishal_0041.wav,মৃত্যু বহন পারি না তাহাতে আরে কহিলেন কী যেন গরু যদি পালক কষ্টকর তৈবে কিন্তু বা ইহা পরা আমার সানাদিবি হইয়া পারবি না কয় যাক কর্মু ওগালর দান্দাইতে মুখের থেকে উত্তরপাড়ায় তিন দৃষ্টি কুড়ো কিনছে মল্লেক রহিতেছে
/kaggle/input/regspeech12/test/test_sylhet_0300.wav,আর বিয়ার ডেট উইলো দিয়া পরে কিটা করছি যে আমার সামনে তখন আমি পরীক্ষার লাগি পড়িয়া বিসিএস করতাম ওদিকে চাকরির পরীক্ষা দিতাম থেকে বাচিটিরও মাস্টার্সের পরীক্ষায় ওর পরীক্ষার লাগি পড়তাম আমি তখন আসলে বিয়ার থেকে যেটি পরামুখী
/kaggle/input/regspeech12/test/test_narsingdi_0011.wav,হ্যাঁ এটা আমিও মানি মানুষের উন্নতি করতেছে আরও উন্নতি করবে নতুন নতুন প্লেয়ার আসবে তবে আমাদের যে পঞ্চমাল্লাখ ছিল এরকম পাওয়া যাবে না রেহাত
/kaggle/input/regspeech12/test/test_sylhet_0101.wav,না বাপ মার তার চিন্তার ব্যথাই নাই মায়ের তাপাড়ে মাছ উত্তাহ করে কেন জানি তুই আমি জানি নাই ওহ নাই ভাই একবার তুমি তো করব কই দেখেন যে করে আবার যাইব
/kaggle/input/regspeech12/test/test_sylhet_0555.wav,পার্টি তারা ক্লাবে টাটোই লোনের পরে তারা বাদ দেন
/kaggle/input/regspeech12/test/test_sylhet_0644.wav,মা লাগে না মাত্র নামের নামের নামের নামের নামের নামের নামের নামের নামের নামের নামের নামের নামের নামের দিন আছে
/kaggle/input/regspeech12/test/test_sylhet_0348.wav,আমার যাতার বিরুদ্ধে আমার অন্য যে তোমার কার থাকত না আমি যে আপনি বাচ্চা লইয়া যুক্ত আর এক যুক্ত সত্য বল তাদের মেয়ে একটা লুচ্চি লোকে আমার ভাই একদিন বাড়িতে গিয়াছে ভাই থাহ রোহিন কাজের মেয়ে গেছে বাচ্চা রাখিয়া
/kaggle/input/regspeech12/test/test_narsingdi_0061.wav,কিয়ার হোমবার এস ডাব্লু কী আবার করেন তুই তো খাচ্ছ সুদপুর লাসুর বৌচিদাইরা দীপে বাড়িতে খোলা বাগান
/kaggle/input/regspeech12/test/test_kishoreganj_0011.wav,স্থির এলাকা কী হচ্ছে না তাহলে কুম
/kaggle/input/regspeech12/test/test_kishoreganj_0023.wav,নাম থামলে আয় বাপের নামে দেখে যেতে দেখি যেতে লিখতে পারে নাম থামলে নাম প্রাম্যমাণিক নাম প্রাম্যমাণিক নাম থেকে যেতে পারে নাম প্রাম্যমাণিক নাম থামিয়ে দেখেছে এই মূল্যাওয়ালা দেখতে গেলেন তেমনি না
/kaggle/input/regspeech12/test/test_chittagong_0034.wav,কী হয়ে গাছে ব্রেব আরবি আদালতে আরবি আদালত ইটের হোনেমিকে যেতাম মলি ইটের লিবিল হোনেমিকে যেতে না হয় আম্মা গাহাডিতে না জ্বেলা এনে না জ্বিল ঠিক আছে তুলে একব্য আমি শুয়ে খেলেও শুম নাই কেন
/kaggle/input/regspeech12/test/test_sylhet_0357.wav,আমি যখন বিসিএসের সাবজেক্ট স্কোর এর ক্রিয়া করা লাগে না ক্যাটার স্টোর্সে আমি কোনো সময় অ্যাডমিন ক্যাটার দিই কাস্টেজ আমি কখনোই অ্যাডমিন দিয়েছি
/kaggle/input/regspeech12/test/test_sylhet_0500.wav,ার খাওয়া দেওয়া শেষ করে একটু ঘুমাইলাম প্রায় চাপ চাপার চেনা মাঝোমাখ করলাম বাজে একটু আট আউটে পড়লাম বাসার ভিতরেও আর মনে খাইলে একটু বাড়িয়ে গেল আমার চেন্ন পরিচিত মানুষ বালা যদির লাগে না একটু পরিচিত মানুষ একটু গেলাম বইও গাইলাম মাগির বরা গেলাম মানে না মাঝে মাঝ করবে না বালা লাগলে একটা টিভি যদি দেখো মুবাইলি মালা একটু ঠিক কম সময় কাটে
/kaggle/input/regspeech12/test/test_kishoreganj_0191.wav,ড্রোভার নীল ব্রোভা নীল ব্রোভা নীল আমি নীল দেখি ভালোই হবে
/kaggle/input/regspeech12/test/test_kishoreganj_0034.wav,ব্লক তো হয়ে গেলে না বিতন্ত্র
/kaggle/input/regspeech12/test/test_rangpur_0104.wav,বক্করা আমার একটা মসজিদের নামাজ পড়ে না কেউ পড়ে পড়ে না কেন আইন গিয়ে
/kaggle/input/regspeech12/test/test_rangpur_0050.wav,মিলিয়াই খাবার বাবার নাকি এমনিই ও অলরেডি খারাপ হয়েছে মায়ে খোকা কথা এগার বিয়ে ঢালি দিয়ে দেয় ঢালি তোমার কথা হয়নি গো আস্থা হওয়ার কথা কম
/kaggle/input/regspeech12/test/test_sylhet_0404.wav,আমার বিয়ে এমন দশ বছরের কিন্তু আমার একটা অসুস্থ হইলে এখনো বাচ্চা মানুষের মতো আঙ্গোবলার চলাচলার পরে কিন্তু কোনো দিন বিরক্ত হয়নি
/kaggle/input/regspeech12/test/test_kishoreganj_0002.wav,পোতা নাটেল
/kaggle/input/regspeech12/test/test_sylhet_0205.wav,তো অতাকুরি হরিমে কোনো রকম একনাইন পর্যন্ত পড়িলেন একটা গাওগুড়া মত ইটৌটা মানে পুরীন ইথাময়ী ব্যায়াম কুতুক
/kaggle/input/regspeech12/test/test_narsingdi_0025.wav,সিলেট করতে পারত বা তারা তো আগে যায় তাদের খেলা দেখতে হবে যে কোন প্লেয়ারটা ভালো খেলতিছে কার বেলু কোন জায়গায় বেশি হয়েছে তথ্য দেখতে হবে এরা তো মাঠেই যায় না এরা এই ড্রেসিংরুমে বসে থাকে মঞ্চালে দেহে না দেখে
/kaggle/input/regspeech12/test/test_narsingdi_0037.wav,চলে আইস কিন্তু যেমন দামালে ভয় পেন না খাও মুখামুখি ইনশাল্লাহ একটা বাড়ি ফিরে আসাম দাতব্য পেলেল পালাও ঠুকরা খাড়া দিলে হ্যাঁ
/kaggle/input/regspeech12/test/test_chittagong_0105.wav,সালালুমু আলাইকুম সালালুমু আলাইকুম সালাম কেন আছ আলামদল্লাহ কেন আছ কোন সন্ধি লেগা মাঝি তোর আম্মুতারে বেগম কেন আছে
/kaggle/input/regspeech12/test/test_sylhet_0221.wav,ও তো মনে করারইও নাই আমার তো বংশের মাঝে অন্যান্য বৈলান্নেরও পড়াইছে না বিলাইতে দিয়া পিতা ও লেভেলে নাইলে উৎসে বা দিলাইতে আর আমারে তো করেছে এসিসিটা পাস করাইবার যদি ফাঁক করিলেন আমি ফাঁই করব একবার যে দেখি পারিহীন না
/kaggle/input/regspeech12/test/test_chittagong_0054.wav,ইতে এসুক প্ল্যান দিতে হোক না আরও তুমি খেলবে কেন আমার এত দিন আরে বোয়ারা হেব না বোয়ায় তাহিবি দিদি হনোমতে ম্যানেস্টেনের গোড়িয়ার
/kaggle/input/regspeech12/test/test_chittagong_0119.wav,না না আর দুঃখ ছাড়িনি হাজিনা পুরু নিশ্চাপ গড়ে ও নাম্বার নাকি অগ্রসর থেকে পাঁচ ওয়ান না না ম্বার হন্ডাপুল করে গিয়ে বুঝি
/kaggle/input/regspeech12/test/test_sandwip_0101.wav,কী করেন না গোলাম কী করেন না গোলাম কী করেন যেন মামলায় আয়োজন করেন
/kaggle/input/regspeech12/test/test_sylhet_0700.wav,একটু হেজিটেশনা ইচ্ছা একটি মাততে পারব আমরা একটু টাইম নিলি মাততে পারব
/kaggle/input/regspeech12/test/test_tangail_0125.wav,দেন ঐ লোকটা ওই যে ওটা তো ভাইরাল হয়ে গেল ঐ লোকটা কত কী বলল কে বলতে কী বলছে লোকটার নাকি খুঁজেই পাওয়া যায় নাকি হয়তো ভাইরাল হয়ে গেছে এখন তো সে পলাতকে থাকার কথা
/kaggle/input/regspeech12/test/test_sylhet_0003.wav,যখন দুধও দেয় না কিচ্ছু না এগুলো খালতে খালতে তারা একটা জোয়ার বিন্দু লন্ডন ধরে বাইরে হামলা ভাই তার মান বলা লাগবে না হলে নাকি মার্কিন ব্যক্তিরা হারে বাড়াবে
/kaggle/input/regspeech12/test/test_narsingdi_0059.wav,এমন অকলার আওয়াজ বোঝাইত না মুখের মধ্যে দেড় মোড় লইয়া বলে কথা কইতা স্যার না পুরুবেলা থাকলে খেলাধুলার প্রতি বিকাল টানা চক্র কি স্কুলে তাইয়া মায় তো বোম্বা রানার দান্দায় থাকত
/kaggle/input/regspeech12/test/test_sylhet_0117.wav,তোরা তো বাস্তবে করতে হয় না যখন মকায় বেশ তো খাই তাকি চিন্তা না করে বের হয়েছে দিবা আল্লাহ বুঝতেনি সে কি খেয়াল চায় না চায় নিসুর থাকতে কী রকম দুর্দোষ্ট আর ত্রেণ নেই প্রতানে আমি আছি ম্যাচ শ্রোতান্ত আমার বাইব বর্ডের রাস্ত্র এটা প্রতানের অর্থ
/kaggle/input/regspeech12/test/test_habiganj_0108.wav,পঞ্চাশ তমের পরীক্ষা হলেই তার থাকে কি একটা কি কি সাবজেক্ট নড়াটা সাবজেক্টের উপর লিখে যাচ্ছে কিছু সাবজেক বাদ দিচ্ছে ঐটা অন্তরী মানে মিলিটা তো ধরছে না কিন্তু কিছু সাবজেক্টটা আমরা মিনি সাইব্রের দ্বীপরায় ক্লাইভ থাকি
/kaggle/input/regspeech12/test/test_kishoreganj_0064.wav,গেত একটা ভাতা গেছলাম
/kaggle/input/regspeech12/test/test_rangpur_0012.wav,আসে দে না না ম্যাডাম রাজা কয়দিন থাকিয়া এল ওর দিন হারানা কাউকে না দিয়ে দেখতে কেমন থাকি তুমি না বলে পাওয়া যাবে না না হলে প্রত্যাগত পাওয়া যায়
/kaggle/input/regspeech12/test/test_rangpur_0021.wav,ডিম বাজি বাইগুনবাজি আবার ছিল মুসুরির ডালি ফাগ তাই চাইতে আইটেম তো ভালো আছে আমারে তো আইটেম নেই খেলে একটা আইটেম দিয়ে খাই আমরা
/kaggle/input/regspeech12/test/test_sandwip_0075.wav,আর অদ্ভুত অসুতাভাবে আমি ওই নইলে কাকে ফেলি নে রেড ডাজেটার ট্যাবলেট নুনাদি নামে নামি না
/kaggle/input/regspeech12/test/test_noakhali_0011.wav,বাবু সরকারি কিনি এন্টি ঘো মাহবের কতক্ষণ
/kaggle/input/regspeech12/test/test_sylhet_0172.wav,ইহা তো আপনার পরে তাই বই আমাদের খেতে পারে না তবে রাজনাথ পাইলে আরোহী পারেন বৌ
/kaggle/input/regspeech12/test/test_sylhet_0378.wav,তো পরে তুমি একটার পরাচায় ফেলো টুইটারে বিয়াসাদি দিলাম আমি যদিও তোমার স্যারের কাছ থেকে ছোট সবচেয়ে ছোট একটা রেন দিয়ে আছি তো পরে আমি আমার চাকরির চেহারা দিয়ে গোল্ডুল বানাইছি কিন্তু এখন মিথ্যা করলে আমি পারি
/kaggle/input/regspeech12/test/test_sylhet_0558.wav,অনেক দিন আমরা নাকি আর কী করব তার দিকে আমি করিই নাকি তাহলে বহুল সিনেটর দায়ী হয়েছে
/kaggle/input/regspeech12/test/test_tangail_0010.wav,আর কনসার্ট যে করে এক দেশ থেকে আরেক দেশ বিভিন্ন দেশে এরাই মানে অগোজি মেইন যে খ্যাতি এটাই মানে যে যত বেশি কান্ট্রি কভার দিতে পারব হিজ করতে পারব তার খেতেই তত বেশি এই সময় তার ক্যারিয়ার আর লাভ দূরে একসাথেই তুলতে থাকে
/kaggle/input/regspeech12/test/test_kishoreganj_0138.wav,লেবু বাতাবি লেবু জাম্বুর তাল কমলা কাঁচা আম কাঁচা আম পেঁপে পেয়ারা বাঙ্গি সবুজ রঙে পাকায় পড়ে এগুলোর রং হলুদ বা সুনালি হয়
/kaggle/input/regspeech12/test/test_sandwip_0071.wav,আর অঙ্কাতেকেরে মুট্টোই বেরাই করবেন বুঝি জানি বুঝ চাইছে আর ভাই এলেমু চাইছে নিবেল নাই আরাহ মা বাবা তখন একজন শরীরের ভিকারের ব্যথা নিয়ে বিস্তুত হয়েছেন
/kaggle/input/regspeech12/test/test_kishoreganj_0050.wav,বাতাসটা বেশি না না কম বাতাস তো বেশি বড় কিন্তু না
/kaggle/input/regspeech12/test/test_sylhet_0753.wav,স্বপ্ন নাকি তাই মানে ঘরের মাধিত্বে তার নিয়ম নিয়ম করুন নির্যাতনের জন্য উত্তেজনা প্রয়োজন হয় এটি নাম রাহুল্লাহের সাথে স্থানে আমি তবে বেরিয়েছিলাম নাই
/kaggle/input/regspeech12/test/test_sylhet_0573.wav,বাড়িতে এখন বাড়িতে আমরা গুপ্ত ফুল মাত্র ইসলাম রক্ত বড় হয়ে গেছিল আপনার আচ্ছা তারা চানো তো ভাই একটি একটু এক বাড়ি ধ্রু হয়েছে আর যায়নি
/kaggle/input/regspeech12/test/test_kishoreganj_0007.wav,না এন্টিলেলোলম এতে তাড়াতাড়ি রাখবে
/kaggle/input/regspeech12/test/test_sylhet_0654.wav,কতদিন আসলাম ইন্ডিয়ার কতদিন আসলাম
/kaggle/input/regspeech12/test/test_barishal_0098.wav,আমি মনে করেন মুই টুনিকের যে থুয়ে দিছি কোচের পোলা রাত বারোটায় আমারই বারোটা চরিত্র পিঠেই আপনার কাছে বই পড়াইবেন ওই এই পড়াইবে না জুটি সাড়ে একটা নয়টার মধ্যে দুটি বাড়ি যাই যাই দেখ মোর সব ঘুমায় মশাতে
/kaggle/input/regspeech12/test/test_sylhet_0199.wav,সব ভাইগোয়েন বলতে পাঁচজন আসলাম আমরা দুটো পাঁচজন করাতে আসলাম তো পাঁচজন বললেন কি সময় আলাদা আলাদা চেয়ার টেবিল অত কিছু মেনেজ করে আপনার পক্ষে সম্ভব আছিল না একটা টেবিল আছিল দুইটা চেয়ার আছিল
/kaggle/input/regspeech12/test/test_sylhet_0277.wav,খাওয়া খরচ বাহির করতে চাওয়া লাগে না বইও আগে ওই লুকিয়া বাহির তাই নতুন প্রেন্দ্রার থেকে চাহিয়াটাই আনিয়া দিতা তখন আমি নিজে নিজেও কিছু দুই কিনতাম নাই নিজেকে খাওয়াইতে এরপর থেকে আস্তে আস্তে চিঠিনার একটা বাড়াইতে ওরকম করতে করতে চেক পর্যন্ত আমি প্রায় একটা টিফিনি পর্যন্ত ইভার্সিটি থুকতে
/kaggle/input/regspeech12/test/test_sylhet_0487.wav,দেখিয়া ফরে অপারেশন করলে একটু পাওয়ার মানিত হয় না কুকুদাবর
/kaggle/input/regspeech12/test/test_kishoreganj_0163.wav,পানি দিতে পার্টি মানবদের সার্টিক শত্রু বা পানি মাইকে ফিরল সাড়ে থেকে কিন্তু পানি মাইকে ফিরল
/kaggle/input/regspeech12/test/test_sylhet_0328.wav,তাই তুমি কিন্তু কিছু দিতে হবে কিছুটা কেন তা নিজে কিছু নেওয়া হবে
/kaggle/input/regspeech12/test/test_narsingdi_0050.wav,টাকার অনেক খারাপ জিনিস আগুন কিন্তু এ না তো হল তেল এক জাগাত লাগবে তিন ট্রেড তেলের ধরনের দুই হ্যাঁ নোকার এলাকার সব ধন রাখে বহিষবানে বঙ্গবাজার মুহূর্তি জেলার রকম কোন কোন জায়গার পণ্য দেখলাম একটা ফর্মের দোকানে আগুন লাগবে
/kaggle/input/regspeech12/test/test_comilla_0015.wav,আসার পরে এরপর ওর ধূলনা থেকে ও যেভাবে আছে পুরো শরীর নাকি একদম শক্ত হয়ে গেছে ঠাণ্ডা হয়ে গেছে পরে ওর রোগের ধূলনা থেকে নামাইছে নামানোর পর স্যার আবার সাথে সাথেই ওরে হাসপাতালে নিয়ে গেছে মানে কী রকম একটা অবস্থা ওর মা কিন্তু ওরেই নিয়ে আসছে স্কুলে নিয়ে এসে ওর মা কিন্তু এই সময়টা স্কুলে বেতন দিচ্ছিল
/kaggle/input/regspeech12/test/test_sylhet_0018.wav,দুর্গাপূজাত করুন নানি না দুর্গাপূজাটা করে তো দুর্গাপূজাটার সবচেয়ে বড় দল নির্ভর আমরা না আমরা তিন বুক হয়েছি মানুষ দুইবাবুদের ষষ্ঠী
/kaggle/input/regspeech12/test/test_sylhet_0052.wav, তখন নতুন সিস্টেমও তো প্রাইভেট নাই সারমেট মেডিয়ার ট্রেনিং কিন্তু ইলাকে সারমেট মেডিয়ার ট্রেনিং দিতে না তারা পারে আমি বুঝি না যা বুঝি হাঁচা গলায় মোবাইলে তবা মোবাইলে আগে আনতে ক্লাস দেখিয়ে পড়িয়ে পড়িতে
/kaggle/input/regspeech12/test/test_kishoreganj_0161.wav,মানবদেশ সাহিত্যের কি সত্তর ভাগ পানি মানবদেশ সাহিত্যের কি সত্য ভাগ পানি মানবদেহের চার্যের ঘোত্ট বা পানি মানুষের সাহায্যের চার্জের ঘোত্ট বা পানি
/kaggle/input/regspeech12/test/test_comilla_0008.wav,এই নুসাইবার সাথে নুসাইবা আর রুহী ওরা দুজনেই খেলা করতে করতে দুলনার কাছে যায় যাওয়ার পর নুসাইবা বলতেছে তোর তো নাতি রিয়ার সাল আছে তুই এখানে খেলাধুলা করিস না তুই রিয়ার সালে চলে যা আমি এখানে দুলনাতে দুল খাই
/kaggle/input/regspeech12/test/test_chittagong_0012.wav,বিমোদ্দাম বাড়ির এই অভিনেতা হলে নোবায়েত তাগরা দ্বিতীয় হাত হইল থেকে নড়াড়ো চোর হয় দেয়
/kaggle/input/regspeech12/test/test_narsingdi_0034.wav,আইস্টিম আইসক্রিমের যে দাম বিরহানে ভালো লাগে না বই আইস্টিমের আমার খেয়াল আছে আমি খাইতাম পাঁচ লিটার ডাকানো কোথায় তুই নব্বই টাকা
/kaggle/input/regspeech12/test/test_rangpur_0060.wav,এটি প্রথম রমজান শুক্রবার হইল না তাইলে মাজর রমজানের শুক্রবার আইসে
/kaggle/input/regspeech12/test/test_narsingdi_0111.wav,পরে দাদুরে ইয়াপুরাল একটি আয়াদি কিট একাডেমি মোড়া এমনা গৈলের মধ্যে লাহিত আছে গরম না হয় দেখে এই দুইরার অবস্থা দেখলাম মোড়ার অর্ধেক গৈলের এলাকা মোড়া তুমি গোলা একাডেমি পাক হয়ে যায় না না ব্যথার মোড়া আছে না
/kaggle/input/regspeech12/test/test_kishoreganj_0113.wav,গাছের পাতা কাকা বা গাছের পাতা কাকা বাঘে
/kaggle/input/regspeech12/test/test_narsingdi_0118.wav,মায়ে মায়ে শুনলে হইবে রে কী বুটের ফাউন্ড দিয়ে ঘুরবে আমি তখন গলাই কামড়ে শুনলে
/kaggle/input/regspeech12/test/test_rangpur_0098.wav,নিপ্তেরি তো মসজিদে করা হয়নি কি নিপ্তেরি কেমন হয় কী সমস্যার পটায়ের গুলি পেরি করে আসো হান্স
/kaggle/input/regspeech12/test/test_habiganj_0093.wav,পুরানেত গেলে তো ছবিউবি তুলন একটুই দিক দেয়ায় দিক ওর বুড়া বুড়ি ভরানিতেই আমার ভাড়া লাগে
/kaggle/input/regspeech12/test/test_sylhet_0400.wav,ওই আপনার বয়স তো কম লাগে ফার্মিং ফ্যাঞ্জেলা হ্যান্ড ভয়েস্ট কর্মী যেমনে অসুস্থতায় বয়ে বাড়িয়ে রাখে
/kaggle/input/regspeech12/test/test_rangpur_0041.wav,কী হইল আপনি দেখেছি পানি প্রথমে একটি বয়েমিনের গাছে কত দেখল আমার কথা পালিয়াই হারাই গেছে দেখতে দেখতে মোট ট্যাঙ্গা হয়ে গেছে বাবা মুই হাত দেও না
/kaggle/input/regspeech12/test/test_sylhet_0469.wav,মামান তাড়াতাড়ি হইয়া বাম নিরে পুনান চিকিৎসা করার দাখব টিকা করলে আমার বাম চোট তৈরি করব বৈন্য শুল্কাতেনি না যুক্তিস্থলের প্রতিটি চোরা সক্ষম চেয়ারবাহিনী হয়ে
/kaggle/input/regspeech12/test/test_sylhet_0177.wav,অনেক সুখী অনেক সুখী হন আমি করতে চাকালাম দেবে না আরাফুলের চায়ের দোকান কিংবা গ্যাসার ভোট করেছে আর কি তাই
/kaggle/input/regspeech12/test/test_narail_0150.wav,আমি তখন নাই মাসি তোর মা কোনে বাড়ি মা বাড়ি হয় একাকা থুয়ে আসতিছে পরীক্ষা আছে আমার এজন্যে
/kaggle/input/regspeech12/test/test_sylhet_0302.wav,প্রত্যেকেই বাড়িত যায় এক মাসও যদি আমার বাড়িতে থাকার লাগে যেই সমাজ আর যেই পরিবেশ যেই গ্রাম আমার সাত আট বছরে যেটুকু অর্জন করছি এটা শূন্যের গোটাত নামাই দিব আমার
/kaggle/input/regspeech12/test/test_kishoreganj_0104.wav,জীবের বিস্তার নতুন উদ্ভিদের আভাস গড়ে তুলতে সাহায্য করে এভাবে পরিবেশে উদ্ভিদ ও পানি একে অপর নির্ভর করেছে
/kaggle/input/regspeech12/test/test_tangail_0091.wav,ওই রাজ মানে রণবীর হইল এমন এক পোলা যে ওই সবসময় খুব হাসিখুশি থাকে মানে কখনো দুঃখ পায় না এরকম একটা মানুষ অবারে হাসায় গিটার নিয়ে ঘুরে বেড়ায় মানুষটি হেল্প করে আস্তে আস্তে রানী মুখার্জির ভালো বন্ধু হয়ে যায়
/kaggle/input/regspeech12/test/test_rangpur_0103.wav,নিজা আর সওয়ান্ত্রিক যেন দোস্ত কথা কবু তা তো কথা কইি জানা সমস্যা নেই পরের দিনের লাখ
/kaggle/input/regspeech12/test/test_rangpur_0010.wav,গাবি নিয়ে হয় না না বাকুর নোয়া আঁচড়া করে গেল না নেমরা প্রভুদের আসবেন নাই বেরিয়েছে বাবা কাজটি কে করবে
/kaggle/input/regspeech12/test/test_sylhet_0170.wav,আর মাছ মাংস সবজি দুধার কী অবস্থা কিন্তু তাকাইলে বান্ডা ওয়ান্ডার হতাইলে কী মানে
/kaggle/input/regspeech12/test/test_sylhet_0138.wav,আগের আগে তো দিন বিপরেতা গোড়াইলামে না বেড়ানিতে বেড়ানিতে বেড়ানিতে বেড়ানিতে বৈঠকে বেশি খাওয়ানি লাগত নাই তুমি তো মেয়েরাই চেন আপনারাও খাবি আছেন ওহ আর কিতাও নাই কয়টা বাজে চারে তিনটে উইকেকট
/kaggle/input/regspeech12/test/test_narsingdi_0041.wav,সকালে ঘুমের চোটা দেখি নাই মারা গেছে দুপুর বেলা যায় বিকালে যায় রাত্রে যায় ইকটারি কর্মে হেটেমে যায় সেইডেটেমে যায় কী একটা জগদ্তা সাজানার কারণটা ব্যর্থ খারাপ না
/kaggle/input/regspeech12/test/test_tangail_0085.wav,মানে এর লিগে ছবিটা আসলে বেশি ভালো লাগতেছে যে আপনি যাকে ভালোবাসেন তার পছন্দের জিনিসগুলা আপনার একসময় ভালোবাসা হয়ে যায় তার পছন্দের জিনিসগুলা সাথে সাথে এটা তো আসলে ভালোবাসার প্রকাশের অন্যতম মানে নিজের মধ্যে রাইখে দর একটা অন্যতম একটা ই
/kaggle/input/regspeech12/test/test_barishal_0068.wav,যে কইছি যে সর সত্যিক উপায় হুঁজে দেওয়া লাগে কথা রায় তো একটা সময় কইতি এই সময় মায়ের উড্ঠে সাবানায় খাইছি হেইয়া মাঝে মাঝে ভাবি যে হেরা বাকি আর এই হেরা বাকি
/kaggle/input/regspeech12/test/test_sylhet_0533.wav,আমরা তৌসিলের তেলে জেলা অপরেও আজ তারা রিতা নাই
/kaggle/input/regspeech12/test/test_kishoreganj_0055.wav,বাংলা পরিকার্য তারিফ হইতে নিংলু তবা দুই অগার দাদা মিথ্যে মিথ্যে মিথ্যে কাঁচালের দানা তাদের যাহাই যাহাই তবা এক বাহিনীর মিথ্যে কাঁচালেন মাহে কাল লোভের কাছে না
/kaggle/input/regspeech12/test/test_kishoreganj_0046.wav,আমরা কিছু দিইনি হ্যাঁ
/kaggle/input/regspeech12/test/test_narail_0158.wav,খরচ ঠিকই করবা নে সময় মুহূর্তে করতেছে না অসময়েজে করবা নে ওরা যদি ওনার যদি পেকআপ করায়
/kaggle/input/regspeech12/test/test_narail_0039.wav,শান্তির বাধা ভাষা অদ্বিনিমাধ্যমে এল ঐ যে আমরা পারতাম যে ওরা বেছে ফেলে নিয়েছে
/kaggle/input/regspeech12/test/test_habiganj_0106.wav,তোর সাথে আমি মাত্রা দিই কথাটা রেকর্ড করুম হ্যাঁ করে কিছু করছিলাম দিকেই মো আর তুই হলে আলতারদেরি খেতে পেলে কি দায় এখন আপনি কি স্কুলের ক্রীতাপত্তা স্কুলের দাবিতে পরিকল্পনা আছে একটি দিন ধরিয়া
/kaggle/input/regspeech12/test/test_narsingdi_0020.wav,ইয়ার কর্মীকে দেশের মানুষ তবে ওয়ানডে টি টোয়েন্টি খেলতেছে এটা যেটা ভালো করুক তাহলে তো আর কিছু লাগে না টেস্টে তো আছে এখন নিবাদত ভালো বল করতেছে
/kaggle/input/regspeech12/test/test_sylhet_0441.wav,কিন্তু খৈব আমার বাসাতে তাহরিক দেয় তাহরিক দেয় কিন্তু আমরা নিজের বাসায় ফেলাই আমরাই কেন তাহা আমি তালিকার সুবিধার লাগি যে কি অনলাইনে একটু গৃহকরান আমি কেন একটু ফ্রিলারের আমার রাজনের বাড়িতা কি মানে ভূমিকা দায়িত্ব করব না লোকটা দায়িত্ব কিন্তু কেন তো ক্ষতিকর না করে আমার
/kaggle/input/regspeech12/test/test_tangail_0117.wav,রাখছিল ঐ লোকটার টাকা পয়সা একটু মানে পাইতে তেভ হইতে সবাই দেখি ড্রয়ারে করে রাখি কথা হইল ড্রয়ারে নাকিতে দেব কিন্তু আমার বাসায় নাকিতে দিয়ে যাব এত ক্যাচ যদি চুরি হয় তখন কী হবে এই সবার অসাবধানতা
/kaggle/input/regspeech12/test/test_sylhet_0381.wav,পাভিরার বাড়িও তো ফাইন্যান্সেলিও তো বালা আছেন না সোমবেন্ট আছেন না তালুই নও একটু গড়িবাসী তো আমার আম্মায় তাউল ডাউল সিম যত সবজি বুঝি আছে সে তর্থা সত্তা মিলাইয়া বস্তা বলি বলি বলি বলি তালুর বাড়ি ছাটাইছে আর পরীক্ষার প্রথম দিন আছে আমি তালুর বাড়ি থাকিয়া পড়ব ঐ জীবনের প্রথম বাড়ি থেকে বাইরেছি আজকে ওর বাসার থাকিয়া পরীক্ষার উদ্দেশে গেছি এতে গেছি এক তৈল গিয়া গেছি মাই মাই পরীক্ষ্কা দেওয়াত দেওয়াত
/kaggle/input/regspeech12/test/test_noakhali_0005.wav,কী হয়েছে ঠাকে আনি ফুলে
/kaggle/input/regspeech12/test/test_sylhet_0758.wav,নিবু হায়েব কর্তার মানুষ করুন না করা যায় নিমন্দর জামাইতা নিবু ভাই গোয়েত করাইবে আমাদেরকে রাতে ডোম করে মানে হরতাল হায়ানা করলে কি তা হইব আপনার আর হোয়া হয়
/kaggle/input/regspeech12/test/test_narail_0055.wav,এই জন্যের লাভ হইতে আমার যদি ভালো কোনো মিয়া মানুষরত তালি ওকে সব জমি বের করে নিয়ে আসত কারণ ঐ সব সব জমিরই বাবার সব জমির ঝামেলা আছে মেলা জমি আছে সেসব জায়গা খালি টাকা দিয়েছে কাগজ রেহাতেছে কিন্তু নামপত্য নেই নাই
/kaggle/input/regspeech12/test/test_barishal_0094.wav,এই একটা বিদেশ দিয়ে পারবেন কেন
/kaggle/input/regspeech12/test/test_tangail_0123.wav,আরেকটা ভালো ব্যাপার দেখতে যে হিজড়া সম্প্রদায় আছে তারাও তাদেরকে মানুষ কত ছোট করে কিন্তু তারাও এখানে দ্বিত লাখের মতো টাকা দিচ্ছে তারা তাদের হজের টাকাটা দিয়ে দিত তো এটা খুবই একটা ভালো উদ্যোগ আমি দেখতেছি যে দেশের সব মানুষ সেখানে কন্টিবিউশন
/kaggle/input/regspeech12/test/test_kishoreganj_0053.wav,অনেক অনেক দিব তার মন্ত্রী করে দিবেন কত দিন তোমার চাচা তোমার চাচা যায় দেন না দোয়ানপুলে তো লজেন্দা হ্যাঁ
/kaggle/input/regspeech12/test/test_rangpur_0111.wav,বাড়ি নিয়ে নিয়ে যাই পিল খেলেছিল ভাত খেলেছিল ওর জায়গায় যেই সোবাইন্যে আছে সোবাইন্যের বাসা দেশি সোবাইন্যের বেলা তো খুব আমার সাথে
/kaggle/input/regspeech12/test/test_chittagong_0009.wav,নারাফা অনায়াত দেব এখন কনসিডার ভেটেছেন দেগে ভেটেছেন বিশাল ভাই আবার মেহেরু নিরে দুই ডেলি পাঁচ ডজন নাম্নু করে থাকতে না মেহেরুকে ডেলি দিচ্ছে না কে
/kaggle/input/regspeech12/test/test_barishal_0030.wav,সারাদিন কান্তরে অর্থে আমার মাইয়ে ভালো সংসারিকরের মত ভাইয়ে হেল এই বাড়ি যা
/kaggle/input/regspeech12/test/test_kishoreganj_0042.wav,তা না আমার হলেই তো বলবেন আমি
/kaggle/input/regspeech12/test/test_narsingdi_0047.wav,এবার কোনো আগুন লাগে দেখ আবার নাই হায়দে এই বঙ্গবাজারের পরে ফিরিয়ালি খালা আগুন লাগে জুমুন নাই সাগুন লাগায় দিতেছে মূল লাগে কেন কথাটা কমান যায় না বন্ধু জেমনার কী রে এই জিজিবাবা দেখলে মনে হয় যায় তার তো নাম্বারভাবে গাড়ি উল্লেখ করব আমার টিউটার চলিশন না
/kaggle/input/regspeech12/test/test_barishal_0033.wav,না আমি যে দেখি এটা সত্যি কথা তাহলে শরীর হলে তাকে ফিরবে না বেশ তোর জোয়ার হোকে থাকে না নামে না কামিন না কী করবি
/kaggle/input/regspeech12/test/test_sylhet_0542.wav,আর কিছু ভাই না পাই লটারির তন্তুতে দেখুন ও আচারে গেছে পরে গেল কি দুইটা পায় চাদর দুইটা আকর্ষণীয়
/kaggle/input/regspeech12/test/test_narsingdi_0007.wav,প্লেয়ারগুলো একটু ভালোভাবে তৈরি করা যায় একটা লেগ স্পিনার নাই দেশের বেতা অন্যান্য দেশে দেখ দুইটা তিনটা করে লেগ স্পিনার থাকে অস্ট্রেলিয়াতে দেখ যে আদাম জাম্পা তারা বলছে মাইকেল ফিরসন এরা খুব ভালো লেগ স্পিনার আফগানিস্তানের তো আছেই লেগ স্পিনার কয়েকটা
/kaggle/input/regspeech12/test/test_sandwip_0013.wav,যেমন অমাবাদ সেতুর পরেগুলো মাসিক ভেতরে ভেতরে চলে থাকে আর বিয়েরা তার মোবাইল বন্ধুরা
/kaggle/input/regspeech12/test/test_sylhet_0414.wav,রাকিবার বিয়াতব্রতি ইতিপূর্ণ মেয়ে অভিচয় নোয়ার্ড হলেও তাই নোমার আগেছেন পরে আমার থেকে একজন খুব খারাপ
/kaggle/input/regspeech12/test/test_kishoreganj_0129.wav,নানা রঙের পুল পোল আমাদের দেশে
/kaggle/input/regspeech12/test/test_narail_0124.wav,তোর কোনো সমস্যা করছে না অবশ্য ঘরে সবসময় দেখি ওর পিছনে আমি তো তোর সমস্যাও বলি না আমি তো যেখানে যাই সেখানে মায়া বাড়াইয়াছি সেখানে মানুষ তোমাকে ভুলতে পারে না
/kaggle/input/regspeech12/test/test_sylhet_0007.wav,যা এখন খুব যত্ন দেয়া হবে আগে তোমার মুখ্যাত্মী এই বিরুদ্ধে নীতিমাত্রিক তারিখটা অনেক পুরো না
/kaggle/input/regspeech12/test/test_habiganj_0087.wav,বাড়লেও লেখাদা শুনে নাই লেখাদা শুনে না কী পরাগ বয় না স্টেম ঘরে তোমার কেমন লাগে কোন ভ্রমণ ভাল লাগে
/kaggle/input/regspeech12/test/test_sylhet_0360.wav,দেখা আমার জ্বালানিটা অনেক মানে বড় মিশার পরে আমি যেটা দেখছি আসলে টেহা হউ আর টেহা গোল দায় হউ না কেনে পংশার সুখের জন্য পংশার
/kaggle/input/regspeech12/test/test_sylhet_0279.wav,ও সময় আগের মতো কিন্তু আর খোলা প্রত্যাব আয়না কারণ যখন গ্রাজুয়েট একটা মেয়ের লাগিয়ে কোনো কম্পিউটের দল
/kaggle/input/regspeech12/test/test_narail_0184.wav,হাম ও
/kaggle/input/regspeech12/test/test_narsingdi_0136.wav, অবিশ্লি ভাড়া কম হইতে হবে শুরুবেলা আমি ফাইভে পরিচালনা করি প্রথম গ্রিনহোল্ডে পার্কে গেছি সেই বার আমি প্রথম জানতি যে পাঁচজনের কাছে এবং একটা পার্ক আছে আমি জন্মগত ভাবি
/kaggle/input/regspeech12/test/test_chittagong_0121.wav,রিফাত ব্যাটের একটা তুলার আদরের হত্যা হইতে দুইবারের না বাড়িতে
/kaggle/input/regspeech12/test/test_comilla_0014.wav,আর পুরা শরীর মানে কেমন একটা অবস্থা মুখটা ঠোঁটটা নাকি ফুলা বাঁকা হয়ে আছে তো যে মাথায় টাচ করছে করাতে দেখে যে ও আর কথা বলতেছেন বান্ধবী আর কথা বলতেছেন ও জুড়ে চিলাম দেখেছে যে কী হল নুসাইবার কী হইল তখন সবাই আবার আসছে
/kaggle/input/regspeech12/test/test_tangail_0049.wav,তবে বাগড়ে খাইতে দেয় পরে আস্তে আস্তে বাঘটারে বশে আনে পরে বাগও বুঝতে পারে যে আমার মানে বাইচা থাকার জন্য ওই মানুষেরও দরকার আছে
/kaggle/input/regspeech12/test/test_sylhet_0123.wav,আপনাও খেলতেন না শুধু থাকতে তুই যে জায়গায় খেলাধুলা করছি তবে মানুষের মনে নাই যেন তোরা তোমার দশ বছর বেশি বয়সী সমুদ্র বাসান্তরে চরম হব আমাকে বুঝতেই চাচ্ছ তোরা থামো ধরে আমি ঢুকিয়ে গেছি কাণ্ডের জন্য কেউ নাই
/kaggle/input/regspeech12/test/test_narail_0177.wav,আর একটা খুশি করে বাবা
/kaggle/input/regspeech12/test/test_sylhet_0592.wav,তাই যা করে যে বিয়ে চিন্তা করা হয়
/kaggle/input/regspeech12/test/test_chittagong_0099.wav,তুই যদি আস্ত তাছুক যে তারপর তুর্গ সমস্যা নাই এখন আর সাইন্সুদ তাহির আল্লাহ পয়েন্ট দিবে বোধ হামল নাই তাই নাকি কী হইত তার এবারের ভাব পেলাম সাইন্সুদ বোধ হাম পাই এতাল্লেয় না আয় আলো
/kaggle/input/regspeech12/test/test_barishal_0077.wav,পালাপাতা অনেক জায়গায় নাই পাতা পান খায় না
/kaggle/input/regspeech12/test/test_narsingdi_0044.wav,ঈদের পরে পরীক্ষা ইতিবাদী জিহাদ বিয়াফল্যের দাপ্তর করা তার আগুন লেখা জাগা
/kaggle/input/regspeech12/test/test_sandwip_0019.wav,কোন বাড়িগুলো বিয়ে করে নিয়ে বাড়তি বাড়ানো বেশি অতিরিক্ত দুইনেদারি খবর নাই একেরা আসমা ভাড়া আঙ্গামানে খাওনার একটা রাস্তা বুঝে নাই সংসারের জুঙ্গাল এ আসমা ফাঁস হলে সংক্ষেতে জুঙ্গাল খান হোলাইনের গান্ধে দুলিতে নাইছিল এবং হোলাইনে আসমা আবার রোজীর আগুনে হোলাইনের কোনো হিসাব কৃতাপিত শুরু করে
/kaggle/input/regspeech12/test/test_kishoreganj_0017.wav,এলাকিত দেশের রাস্তার অবস্থা
/kaggle/input/regspeech12/test/test_tangail_0042.wav,নাকি ইকোনমিক একটা ক্রাইসিস আছে তাহাই হোক বন্ধ হইতেছিল পরে তার বাবা সিদ্ধান্ত নেয় যে তার ফ্যামিলিরা মানে এই জুসহ অন্য একটা দেশে চলে যাব মানে ওয়েস্টার্ন কান্টি হয়তো বা কোনো এক জায়গায় পরে তারা জাহাজ বের করে এইসব জু
/kaggle/input/regspeech12/test/test_sandwip_0124.wav,আমি বুঝিরে বোধ কিছু শিখেছি বিথে আঙুর তাদের বয়সে বিথে এক পাতার লঙ্কা কি একটি কাজ দিই গোয়া বাড়িগুলো হলে লেখা করতে যেয়ে তোকে এগিয়ে গেল ধরা লেখানো করা লেখার মতো ধরা লেখা নইলে সুন্দর লাগবে না আমার তেলের আমি আদর্শবান বানাব আমার তেলের ব্যাগের উপরে থাকি
/kaggle/input/regspeech12/test/test_kishoreganj_0045.wav,হ্যাঁ আমার লোক দিয়া আমার লোক দেয়া হইব
/kaggle/input/regspeech12/test/test_sylhet_0034.wav,বিবার করা হইল করাউড়া হওয়ার পরে এ ছিল সন্ধ্যার সাথে প্রত্যেক দিন তৃণ দিন সন্ধ্যার সময় আরতি আরাতে সন্ধ্যারাতে পড়া সন্ধ্যারাতে প্রশাতন্ত্রিত হয় তারপরে তারপরে কেশুর পূজা কাঙ্ক্ষা করে ফ্যাশন মুদ্রা নেয়
/kaggle/input/regspeech12/test/test_sylhet_0163.wav,হারাইটা গিয়ে ফেলো বাচ্চা তার বিয়ারে এক পায়ে নিয়েছে
/kaggle/input/regspeech12/test/test_kishoreganj_0180.wav,অলেজ অর্থ কমলা কালাল থাকে নিরাপদ পানির জন্য বিশ মিটারের বেশি সময় লাগে
/kaggle/input/regspeech12/test/test_sylhet_0721.wav,একটু বিশাখ করিয়ালে তোমার কেন তোমাকে দিই আমরা কাষ্ট্র করিয়া গেলাম হুম এখানের অভিশাপ একই জিন্নাম হওয়ার বাবু ও লাইন আপনারার বিয়াত্ত বহু তিত্র মানে নিয়ম আছে
/kaggle/input/regspeech12/test/test_chittagong_0133.wav,তাহাদের চাহিদা নাস্তবাবুর নাহাদ দয়াল আল্লাহ সাল্লাল্লাহু আলাইহি ওয়াসাল্লাম আলাইহি ওয়াসাল্লাম রাহিদুয়ি এছাড়া হইলে দু তিন দিন তাহা হোক বা হওয়ার দিন পর তুচ্ছ যাত্রায় শ্রমানভাবুর টিপুরে কল দিবে খুব জানিবু আহানাবা সদা খালি বড় বেলা না জায়গা আজ জানা যাইত হর্চিপাতা হালি আল্লাহ হাম টান নগরীর রায়ালী মিস্ত্রিয়েরা
/kaggle/input/regspeech12/test/test_narsingdi_0110.wav,কিয়াহ করাই টাইপেন সুটুরা সুন্দর ডাক দুরা এ দূর একটা টাইপেন আছে তুমি লাভে থাকতে এইটে করে পুনর্বাবু হয়ে যাব আমি আছিলাম শুধু আমি এটা বলে তো আছিস না
/kaggle/input/regspeech12/test/test_noakhali_0004.wav,ফেলতাম ও আমি ফেললে যেতাম একটা পেয়েছে
/kaggle/input/regspeech12/test/test_tangail_0040.wav,সে বুঝাইতে সে মানে বুঝতে পারত যে মানে পশুপাখিগুলার মনের অবস্থা সে ভাবত বাঘ ও তার বন্ধু হইতে পারে যদিও অনেক পশুপাখির সাথে তার একটাই ছিল কিন্তু তার বাবা এটা
/kaggle/input/regspeech12/test/test_kishoreganj_0110.wav,অনেকগুলো খাদ্য শৃঙ্খল থাকে বাস্তবিক সংস্থান সকল উদ্ভিদ ও প্রাণীর কোন না কোন শৃঙ্খল অন্তর্ভুক্ত যেমন ইগোসাব ইঁদুর কার্ড রাইড ব্যাঙ ও নানান প্রাণী খেয়ে থাকে সব
/kaggle/input/regspeech12/test/test_sylhet_0159.wav,ইতা গো আগরওয়ানু ভাজ্জা বেগু মারলেও ডরাইয়া খুলতুম না বান্ধব গোপে মেয়ে তো আমার হৌরে নিজের রাত্রে ভাজ্জা বিন্দু হচ্ছে দাইয়াকে
/kaggle/input/regspeech12/test/test_habiganj_0083.wav,যার দুই ভাইয়ে একজনের ব্যবসা করুন আরেকজন প্রয়াত তুলনা আর তোমার অন্য শাশারাগি তাহলে আসুন এরা ভালোই আর একজনে আমার শাশার তাইন্ডিলিকা এরা তিন ভাই টাকা নাই মারা গেত আর তিন ভাই তৃণ্ণার জন্য ব্যবসা করুন
/kaggle/input/regspeech12/test/test_sandwip_0061.wav,অজ্যা বেলাই এত লাগা গাছ থেকো থেকো ঠিলে চলে গেছে খালি যে তিন চুট ঠিলেছি আর এক চুটের কাপড় অপহরণ আনিতেছি মনে করে আরও কমবার বললে অনেক খিলে নাই
/kaggle/input/regspeech12/test/test_sylhet_0268.wav,প্রথম ক্লাস তা ইউনিভার্সিটির প্রথম ক্লাসেও মিস ফরিলিতে ভাড়ার টাকা নাই আমার বাড়ি বিনায় তখন তারা কাজ করের খেত লাগা বৃষ্টির একটা অনুরোধ্যা যা যাই হোক পরে আমারে লইয়া আইসিন আমার কান্দন দেখা ম্লান্ডের লাগি দুই দিন পরে লইয়া আইসিন হাইয়া
/kaggle/input/regspeech12/test/test_narail_0068.wav,জেলার ভিতর সবচেয়ে ভালো বুদ্ধিমান লোক আছে কেটে ঠাকুর এর উপরে হালিম শরীর তাই কথে যে সেলিম শরীর বাবা কেননা যে খাতে গড়ত তো তা আমি করছি কি কেন কায়দারের সে কথা ওরে বাবা ও যে কী মাল
/kaggle/input/regspeech12/test/test_narail_0153.wav,দোকানে তোর বৃষ্টি হয়ে যাওয়ার আগে নেই বিকেলবেলা দোকান নয়নের বউ ওখানে বাড়ি নেই বাড়ি কি রয়েছে তারপরের শরীরটা ভালো আছে না নির্ভর
/kaggle/input/regspeech12/test/test_sandwip_0102.wav,রাইবে কি সমস্যা দিয়ে হবে
/kaggle/input/regspeech12/test/test_tangail_0092.wav,ওই শহরের আর সবার সাথে আরও একটা ভালো সম্পর্ক হয়ে যায় সবার ভালো পুলা হিসেবে চীনে ঐ শহরে একদিন রণবীর কাপুর হাঁটতেছি লড়াইতে ওই সময়ের দেহে যে একটা মেয়ে থাকি না মানে সুনাম কাপুর সে লুকায় লুকায় হাঁটতেছে পরে রণবীর কাপুর মনে করে যে মেয়েরা আসলে বিপদ একটু সাহায্য করা
/kaggle/input/regspeech12/test/test_sylhet_0745.wav,তৈরি এক মাস ধরিয়া আনলে তো আমরা হাইন না বাদ তবুক যে মূলত মূল্যবৃতি কিছু জানি না যে আমরা তারপরে প্রয়োগ করে আমি কেন আমরা শুনতে পারি না
/kaggle/input/regspeech12/test/test_narail_0046.wav,সেই জায়গা রাইজ তোর বাবা ওই জায়গার সাথে ওরা বাকি ছিল ঐ জায়গার মাধ্যমে ঐ যে ওহনিজ জায়গা তোকে পাবে ওরা ঐ জায়গা কিনে রাইছে না ঐ জমি সেই জমির বদলে সে এনি পাবে
/kaggle/input/regspeech12/test/test_sandwip_0084.wav,বিতর্ক সাড়া আছে কী এলাকায় বিরক্ত লাগল যেন এ ফুলের দাঁতটি শূন্য ব্যস্ত গেছিল যত্ন করা না যায় এগুলো কাইকেল নষ্ট হয়ে যায়
/kaggle/input/regspeech12/test/test_kishoreganj_0130.wav,ফলে হরেক রকমের পরে সেভাবে তো হরেক রকমের পর্যায়ের জন্য
/kaggle/input/regspeech12/test/test_sylhet_0109.wav,এখানে কত বছর রইল আমরা কিন্তু যদি চাই তার কিছুই জানি না
/kaggle/input/regspeech12/test/test_sylhet_0286.wav,কিন্তু তখনো চাকরি না এলা তো বাইরেরা হইলে না আরেকটু কোয়ালিফাইট দরকারি তা দেওয়া উচিত না তো আমার মনে হইল যে আসলে আমি যে ফ্যামিলি ব্যাকগ্রাউন্ড থেকে বড় হইতি আমাদের যেই
/kaggle/input/regspeech12/test/test_sylhet_0527.wav,এখন গেছি যে যাইতাম অস্তম্য এখন তারা হয় যেও প্লেনে আসতে আপনারা চলে যান এখন তার সময় নাই এখন যা বলছি মাত্র পঁচিশ মিনিটের রাস্তা করে রাস্তায় রাস্তায় ডাহার এয়ারপোর্টে অ্যাকর্ম অন্তত পঁচিশ মিনিটের জায়গায়
/kaggle/input/regspeech12/test/test_chittagong_0157.wav,দেখতে যাইবে না তার কি পাঁচ মেজর নাম নোয়াই এখন আরেকজনে হচ্ছে নাম নোয়াই বিশাল নাম নয় বললে ধর স্থানীয় তো নাইন্ড পয়েন্টে তো নামিয়েছে নোয়ালিও নোয়াই করে তুই যেন তৃত্যে প্রথমেই আমার ভিবি
/kaggle/input/regspeech12/test/test_sylhet_0139.wav,অনেক আপনি আপনার বাচ্চাদেরকে আপনারা কিছু আমরা দ্বিতায়ী না আপনারা ভিন্ন বিষয়ে যদি মাত্রালোকে আমরা লাগিতাম
/kaggle/input/regspeech12/test/test_habiganj_0058.wav,আমি তোর লবণ ঠিক কইরিলাম ই লবণে তৈরি দুই বন্য মায়েদের লবণ দিত তরে দিয়া দিচ্ছে হুন লেজ দিয়েছি রান্দায়
/kaggle/input/regspeech12/test/test_sylhet_0326.wav,বই পাইছিলে এখনো হচ্ছে তো আপনার একটা চিঠিমাত্র কিচ্ছু লাগত জয় কিনিয়া পড়তাম প্রার্থী না গড়িয়া জীবনে আসলে আমার পড়ার মনে হয় অর্ধেকের বেশি অংশ ফাঁকা হয়ে গেছে এখন বই কিনতাম প্রার্থী
/kaggle/input/regspeech12/test/test_narsingdi_0076.wav,দেখ তিকটিকে সারিয়ে দেখার মানে রয়েছে চিঠি করতে সুখ করছি তোর কানাও ধরতে সত্যি কথা দেখি তুমি না মানে এটা আমি আমার চিন্তা করতাম হুম দুটো বেলা বুঝে আছি
/kaggle/input/regspeech12/test/test_sandwip_0031.wav,দান্দা জিনিসটা নেয় না তুলনামূলক দরাও জাহিদের অঙ্কে বোধ হইছে বয়স হইতে হইতে আরও অসংসারিক দান্দা হান্নিজের ভিতরে পিসি খুঁজছিয়া বাজারে গেলে আয়া গোছেলি খেতেন
/kaggle/input/regspeech12/test/test_sylhet_0636.wav,অন্য তিনজন
/kaggle/input/regspeech12/test/test_sylhet_0010.wav,নান টান করিয়া কিছু না খাইয়া আমরা অঞ্জলি প্রদান করিয়া ডাক্তারের মনে করছিলাম করিয়া অঞ্জলি প্রদান করে প্রসাদ করাই ঈদেন অর্মাণের আদেশে আনিতে দুই দিন খাওয়ায় ওই চাকুরের কাছে বই নিবেদন দেওয়া হয় একটা কলমে দিন আমরা পড়াশোনা করা হয়নি
/kaggle/input/regspeech12/test/test_narail_0014.wav,তারও তো জমিজাতির ভাগ আছে না সে যদি কয় জামাত জমিজাতির ভাগ দাও সে যদি নীতি আসে আমি তার তো কোন রকম আছে তুই জমিজাতির ভাগ পাবে না সে আসুক সে আসে কোক জামারেনি জমি দে আমার অন্য জমিদে আমি ভাগ্য তুই তুই পালি নিয়ে যা তোর হক আছে কিন্তু তুই এই সমস্ত কথা বলবি কেন
/kaggle/input/regspeech12/test/test_sandwip_0012.wav,আর না রাত কেকানা কথা দুই লজ্জায় সে অনাথ্যা ঘরের জন্য মোকাবাদের কবরে জেনে নিন একবার যা দিতেই যায় দিয়ে চাইছিলেন
/kaggle/input/regspeech12/test/test_narsingdi_0108.wav,মা আপনি থাকেন এটাই আমার এটা বেশি ভালো লাগে
/kaggle/input/regspeech12/test/test_narail_0008.wav,পাঁচ শত সালদেরও কলা মাইসিত সালের সরাসরি ক্ষতি করেছি না সুমন বলে এরকম কিছু কেনে সুমন নিজেই করেছে আমি শুনেছি সুমন আমি মাসিত বাইরে ফোন দিচ্ছিলাম
/kaggle/input/regspeech12/test/test_sylhet_0032.wav,দীরত্বেই এইভাবে ঠাকুরের পূজা টাইমের ভিতরে যদি আমরা পূজাটা হয় তৃতীর ভিতরের জন্য তৃতীয় দরেন দরেন দশটা কিংহটা পঞ্জিকার লেখা তাকে টাইমের ভিতরে জোগাড় করব তার ইতিহাসের চলিয়া অন্ধিবিধা হন অন্ধিবিধার পরে আমরা আবারও প্রসেদটা খাইয়া অন্ধিবিধা করি
/kaggle/input/regspeech12/test/test_sylhet_0038.wav,সবাই একসাথে যায় এখানে ওজন চুয়াটা পেখানো গিয়া সবাই একসাথে চক মূর্তি একসাথে মিলিত আমার যার যে সিলেটে চুয়াটা আছে না চুয়াটা নাই দক্ষিণ প্রবাজে না গোয়ানাটা নদী আছে না গোয়ানাটা নদী আছে আমরা পরে এতদূর পুকুর আছে
/kaggle/input/regspeech12/test/test_tangail_0077.wav,বুঝতে পারে পরে আস্তে আস্তে হালকা হালকা নাড়াচাড়া করা শুরু করে মানে সেন্স কাজ করা শুরু করে পরে শিউলির মা কলেজের লেক্টর আর তার পক্ষের হাসপাতালের খরচ চালানো আসলে সম্ভব হইতেছে না
/kaggle/input/regspeech12/test/test_sylhet_0717.wav,অনেকের মতো মুক্তিটুকি যায় মানে ইলানও হইতে পারত না নাকি তেহরং কিচ্ছু গীতা
/kaggle/input/regspeech12/test/test_narsingdi_0043.wav,বাবা কারেন্ট ভাই হয় না তো দায়িত্বে কান্ত্রিক কেন বুঝো না বা আপনার জাতিমায় নিচ্ছে অনেক ঠান্ডা উঁকি গরম দেখে
/kaggle/input/regspeech12/test/test_kishoreganj_0197.wav,কিছু মজাতে পারে ভয় পাতে দাও ভয় পাতে দাও
/kaggle/input/regspeech12/test/test_rangpur_0024.wav,বাংলা দলের বউ জমৈল এ উপায় খেতে সবাই কিছু ছাড়লে পা দিল গো কালকে বৈরাই হয়রা
/kaggle/input/regspeech12/test/test_sylhet_0240.wav,অনুয়া নিয়ে আমার পায়ে ভর্তি পরীক্ষা দেওয়াইছেন ভর্তি পরীক্ষার টিকার পরে অনু ভর্তি হরাইয়া হিত্রিবাদী আগেছেন ও যে বাড়িয়া আইসি আমি বুঝছিল ও তিল নাও আমি কখনো বাইরে হয়েছি আর যাওয়া হয়েছে না ও আমার জীবনের লাস্ট বাড়িতে গিয়ে বাইরিয়াই দিলাম দুই হাজার দুই সাল পরীক্ষার বাদে
/kaggle/input/regspeech12/test/test_tangail_0023.wav,কান্ট্রিগুলোয় অনেক শীত থাকে ওই ক্রিসমাসের সময় অনেক মানে তারা ওই শপিং মলে যায় গ্লাভস কিনার জন্যে কিন্তু কেউ কারও ধরনও চিনত না দুজনেই তোরা কেউ কারও চিনত না
/kaggle/input/regspeech12/test/test_barishal_0089.wav,তুই না খা খাবি হেনবয়
/kaggle/input/regspeech12/test/test_rangpur_0067.wav,নাগো যাই আচ্ছা বোধহয় ডিম ডাইল আবার ভিড় ভর্তারতা
/kaggle/input/regspeech12/test/test_sylhet_0207.wav,আর বাবিন আকৃত কর তাই প্রার্থনা আমার এটা কাগজ করা লাগত না এত মনোমানও ভাবত যে পুরোই কোনো বাবিরা ভয়াবহ হাওয়া কাজ করত না মানে অনেকেরও অত কঠোর থাকত
/kaggle/input/regspeech12/test/test_narail_0144.wav,আমি হলে ইন্ডিয়া জাস্টার মানে জানামূলক দেবে দেখেছি
/kaggle/input/regspeech12/test/test_sylhet_0059.wav,মারা আদায় লিল গাড়ি লাগে বাইতে তুকু বাইরে যেতে পারে না এর কারণে পরে মোতায়েজের বাইরে বৈনা দায়ীদের মার খাওয়াই তো বোবায়ের দক্ষিণিয়ান তত্ত্ব পেতে আমরা অনেক ঘোর্টারা এগুলো খোয়ার মতো না
/kaggle/input/regspeech12/test/test_sylhet_0274.wav,এক সেমিস্টার যাওয়ার পরও সেকেন্ড সেমিস্টারও আমার ভাইয়া ভাই না যে প্রাইভেট করাই তাই নেই তার অর্থ হইল গিয়া ভাই লিখিয়া আমার বই কিনিয়া বা আমার যে ফরজ রুজ দিয়া বায়ু টায়ার কিন্তু রয়েছে তাই নিজেও তো জুটি চুরে
/kaggle/input/regspeech12/test/test_sylhet_0254.wav,আপনার বৈনয়ের প্রবিদ্যা লাগে আমার বৈন্য ও প্রবিদ্যা আমরা তৈরি করতাম না তাই যেহেতু ও আইয়ু পরীক্ষা তো বালা রেজাল্ট করিলিসে আমরা দেখি তাই আরেকটু করতে পারে কি না আমরা আরেকটু দেখি নাই মানে ই ধরনের লুক দিয়া আমার বইয়ের লাইটটা লক্ষ করলে কেন ইটা তাই টিকল তাই পড়াটা মন্দ হয়ে যায়
/kaggle/input/regspeech12/test/test_narail_0065.wav,ওই জমির দাগেই হেন একটু পাবে বাগে
/kaggle/input/regspeech12/test/test_sylhet_0006.wav,ওদের খুনে পানির মাধ্যমে মেবারাম দুপা বিদ্যায় পরিবেষ্ট করতে খুব সুন্দর সংকট পান মানে এইটে তোলা আলাদা একটা দেওয়া
/kaggle/input/regspeech12/test/test_sylhet_0044.wav,কাগজ কলম পার করে দাও একজন
/kaggle/input/regspeech12/test/test_chittagong_0036.wav,পরীক্ষার তো আজ ভেবে নিতে ঘুরবি ওরি আমার না রে পরীক্ষার বালগ্য ফোন করলে আইফোন লোড দিব কেন আইফোন নয় আইফোনের প্যাঙ্গোলেও যেতে হবে নাই ট্যুফোন পাইনিয়ে সন্দেহ হবে
/kaggle/input/regspeech12/test/test_sylhet_0443.wav,নিজের ভাষা কিন্তু বাড়াটে ডুবাইয়া আমি আমার যে তিন ঢু আমিও আমার বার কাজটা বাড়া দিচ্ছি হল কোনো নয় হাজার টাকা বাড়া আনিয়া অন্যত্র আরও টাকা ফুরিয়া থাকে কিন্তু নিজের ভাষাত্মাকে নিজের ভাষাত্মাকেই মনে হয় আমার বড় জাল আমার জামাইর বাই বড় জল চাহিল বাসা বাড়াতে আমার থাকলাম
/kaggle/input/regspeech12/test/test_rangpur_0029.wav, সকালবেলা ভোরে মুখ ঘুষতে দাঁত ঘুরতে ঘুরতে বলতে যাওয়া পথের বাড়ি
/kaggle/input/regspeech12/test/test_narail_0096.wav,ওর সাথে যতটা কথা হয়েছে তা আমার সাথেও তোমার ততটার কথা কোনোদিন হয় নেই উদাহরণ মনে করে উদাহরণটা খুবই বিস্তৃত এবং বাজে বাজে উদাহরণ তাই তো দিতাম না হলে দিদির ঠিক আছে পেলার দিয়ার দরকার নেই
/kaggle/input/regspeech12/test/test_rangpur_0122.wav,পাঁচা ডাল ফাগ পাঠশাক পাঠশাক নীল পাঠশাকে যে দাম
/kaggle/input/regspeech12/test/test_sylhet_0166.wav,নির্জন মোর্টন
/kaggle/input/regspeech12/test/test_narsingdi_0026.wav,শান্ত রে দেখ কত সুযোগ দিল এখন যাওয়া হয় প্রণাল করতে যেন হয় লিটন দাসে দেখ কত ট্রল করল কিন্তু এই গত এক দেড় বছরে সবচেয়ে বেশি রান লিটন দাসের বাইরের দেশের প্রাদেশের সাথে ওরা এখন তুলনা করাইত
/kaggle/input/regspeech12/test/test_sylhet_0410.wav,বাকুর বাড়ির ছবও আছে ভাই বোন মা বাস্তব বাপ মারা গেছ আজকে চাইল বলতে রয়েছে আমার বইটা নাকি এখন দাঁড়ানো তারা একটু স্তুত ব্যক্তিকে লিখেছে তারা জানিয়েছে এত বড় নিশ ওভার ব্যবস্থার ব্যাপার করেন আমার একজন আছেন বই পাইলে দেখো
/kaggle/input/regspeech12/test/test_narail_0040.wav,সংবাদ ভাবো না আমিও একটু বিশ্ববিদ্যালয় করি
/kaggle/input/regspeech12/test/test_rangpur_0027.wav,ওই ছাত্রখারায় যে নাকারি ঘর আছেন আমার নাকারি বলতে যত থাকাই সতের যত অনুসরণ আছে
/kaggle/input/regspeech12/test/test_sylhet_0738.wav,সাথে সাথে সম্প্রদান কন্যা সম্প্রদান করেননি যেমন আপনি নিয়ে ওনার অনুষ্ঠানে ওরা প্রতিপাতের জন্য তাকে মারা যাওয়ার জন্য
/kaggle/input/regspeech12/test/test_narail_0172.wav,আচ্ছাটা আছে বলো
/kaggle/input/regspeech12/test/test_tangail_0103.wav,আমার অন্যতম একটা ফেবারিট মুভি ওর খালি লাইন্ডার্ড দিলেই গাই যার সাত সালের মুভি আমি মাত্র দেশটাম কয়েকদিন আগে আমি যেই মুভিগুলোর মানে স্টোরি শেয়ার করলাম এই মুভিগুলো আপনি চাইলে দেখতে পারেন
/kaggle/input/regspeech12/test/test_sandwip_0113.wav,তুই তো মাইও এলে তুর্কি নাকি হতে পারি না তোর্কি না কেন কেন বেহারা তাই এগোতে আর নতুন শাইকেল লুজিতে পারেন সুজন্য দেশে নতুন শাইকেল বাড়ির মধ্যে আরও বাচ্চাগুলোর দেহে এগুলো লোন হেতে কাজে গাড়ি কুদে কদিনের বেচে কদিনের একজনের বেচে একদিনের বেচে এইভাবে দিন কাটাতেছে মতার প্রতিক্রম
/kaggle/input/regspeech12/test/test_narsingdi_0003.wav,কার লেখা কারে সুযোগ দিব এটা ইন্ডিয়ার মতো হয়ে গেল ইন্ডারদের যেমন একটা প্লেয়ার একবার বসলে আর খুব সজের দলে ঢুকতে কষ্ট হয় আমাদের ইদানীং তো ভালো হয়ে যেত না সবাই ভালো হয়েছে কিন্তু আজ খানি শুধু এই আফিফ
/kaggle/input/regspeech12/test/test_tangail_0011.wav,এই সময়টা আসলে আমরা সবাই চাই এরকম একটা সময় যা আমাদের ক্যারিয়ারও ঠিকঠাক চলুক আবার বাক্যের দিকে লাভ লাইফটাও ঠিকঠাক চলুক যাহোক কুইন্স তখন একবারে জনপ্রিয়তার তুঙ্গে কিন্তু ফ্রেডি মার্কিউরি নিজে বুঝতে পারল সে
/kaggle/input/regspeech12/test/test_narail_0076.wav,তা ওনার কি ওরা তো কোনো কিছুই তো টিকতেছে না মায়ের বিয়ে হয়ে গেছে ছোট মায়ের যে ক্যান্সারের বুকি
/kaggle/input/regspeech12/test/test_kishoreganj_0165.wav,গাছ হচ্ছে গাছপালা গাছপালা ইত্যাদির উপর বিন্দু বিন্দু জমে থাকা পানি বা শিষি পানি বা শিষি পানি বা পানি বা শিষি না লাল মেয়ের দানা দিয়ে তুমি চাষ হয়
/kaggle/input/regspeech12/test/test_tangail_0048.wav,হয়তো মানেইও করতে পারে হিংস্র হয়ে যেতে পারে পরে এরকম করতে করতে ইরফান খান ব্যথা থাকার অনেক টেকনিক থেকে সাগর থেকে মাছ ধরে ওই মাছ নিয়ে
/kaggle/input/regspeech12/test/test_narsingdi_0085.wav,আমি সব ছুটির মধ্যে বাড়ি পাব ঘুমাই হুনাথ না পরে একটু এলে মনে হল ঈদের দিন কোন প্ল্যান কোন কেন না ঈদের দিন তো বাপ মায় কোন ভাই লইয়াই যাইতেছেন আবার ফাঁজদোনার কই জায়গা
/kaggle/input/regspeech12/test/test_chittagong_0001.wav,বাড়িতে এরকম হৈতী চাইলে নামাতে গেল ভাড়া না তো তাহার কোনো এভাবে অনেকে দেহিলি মাতন ভরে একটানা বেড়াই ধারণ ভরে
/kaggle/input/regspeech12/test/test_sylhet_0448.wav,সুতরাং তাকে কাজ করেন না নানা অঙ্ক জিততেই পেলে তার কী যাহার নানান নির্ভয়ী পাঠক মাঝে মাঝে তাহা হয়ে গিয়া তখন যদি মার্কিন করেছি তুমি আমার যে আমার এখানে কিছু জানি তারপরে তারপর আমার একটু স্থায়ী মনে হয় আর আমি একলাকুল বিবেচিতে অন্য কোনো মানে না আমরা কেন না মেনে দেখলাম না
/kaggle/input/regspeech12/test/test_tangail_0109.wav,তার বোনের ল্যাঙ্গা চাইছিল তাদের কাছে কিন্তু ওটা খবরে দেখিনি এখন ওটা ফেসবুকে দেখতেন ওটা কতটুকু বিশ্বাসযোগ্য ওটা বলতে পারি তাদের কি মনে হয় যে ঈদের আগেই কেন আগুন লাগে সবসময় প্রতিপাড়ে
/kaggle/input/regspeech12/test/test_sylhet_0306.wav,বাদে ও তাই সিলেট রাখার প্রিয় দিলাম আমি তো উত্তোলন আছি যে আমার এখন টার্গেট হলো গিয়া চলাফিরি হোস্টেল দেখি তাই আমার বাসাত যাইব ইচু ময়ল কুরবানীর হিটাকি লাভ গেছি বাড়ির যাওয়ার পরে
/kaggle/input/regspeech12/test/test_narsingdi_0089.wav,দরজা লাগায় জানলা লাগায় উপকার পাওয়া যায় কিছু জানলা বা জান্না লাগায় ফুল বন্ধ্যায় জান্না ঠাক বেয়ার ছিল এটা না ওয়া গান বাজানি শুরু করব
/kaggle/input/regspeech12/test/test_tangail_0097.wav,ফকিনা কখনো হোকিনা ও ইভান বিটু কাপড় যে কখনো আছে ভ্রেন হিসাবি দেয় সবসময় ফকিনা তাও আসা যাবে না হঠাৎ একদিন ঈমান আসে ফকিনারে ঈমান কথা দিচ্ছিল যে এই ব্রিজের এইখানেই আসবে এখানে একটা ব্রিজ আছে
/kaggle/input/regspeech12/test/test_sandwip_0049.wav,ওই ইন্দ্রিত আবার আর তুমি স্যাডাম মা এটা তো তোমার কাতের মুহূর্তে আমার কান্তা তুলে
/kaggle/input/regspeech12/test/test_kishoreganj_0177.wav,অরেঞ্জ তত্ত্ব কমলা কালার অরেঞ্জ তত্ত্ব কমলা কালার অরেঞ্জ তত্ত্ব কমলা কালার
/kaggle/input/regspeech12/test/test_narail_0138.wav,ইউরোপে না যাতে পারলে শান্তি নেন দুবাই তো গিয়া করে বলতে মাস গেলে দেড় দুই লাখ টাকা বেতন আসবে সাত থেকে আট লাখ টাকা খরচ হবে যেতে
/kaggle/input/regspeech12/test/test_comilla_0019.wav,কেউ না কেউ ছিল কারণ দোলনাটা আমরা যখনই যাই মানে এক মিনিটের জন্য ফ্রি থাকা না বাচ্চারা সবাই কাড়াকাড়ি করে কারপর কে উঠবে কারেন্টের সবটা কোন মুহূর্তে লাগে আবার রোহি যখন যায় ওরা স্পর্শ করল যদি ওর শরীরে কারেন্টের হইয়া থাকত তাহলে তো রোহিরেও কারেন্টের শট করত রোহিরেও কারেন্টের শট করে নাই
/kaggle/input/regspeech12/test/test_sandwip_0008.wav,কারাগারে হাত পেয়ে দিলাম ওক ভাবিয়ে দিব নিন্দাবাহিনীর জন্য একটা কথা বলি মোবাইলের সেলামে সাহসে দেখেছিলেন একবার লোভের সুখকর হাসান রিগে গেছে
/kaggle/input/regspeech12/test/test_habiganj_0014.wav,বিনারত বোধ হইতে লাগে সেখানে দেখিলে আমরা দোহিন্দার বিভাগে চলি না
/kaggle/input/regspeech12/test/test_sandwip_0081.wav,কেন আমার দিনের মতো
/kaggle/input/regspeech12/test/test_kishoreganj_0195.wav,টর্কা বা তাড়াবান করিয়া বিদ্যমান
/kaggle/input/regspeech12/test/test_habiganj_0017.wav,কেরাজের মুক্ত রোপণ বেড়াছে বিরাট পন্ড দুর্ভোগের পর তিন পুলারে মামার চেয়ে ব্যাংকটে আধো ভাইবেটা দেখুল আধো ভাইতেছে
/kaggle/input/regspeech12/test/test_sylhet_0215.wav,যে প্রায় সাতশই গ্রামের মধ্যে প্রচুর ও পুরুষ লোক আছে যারা চাকরি করত বিভিন্ন লেভেলের চাকরি তারা দুটো বিভাগে চাকরি করত তো হাইস্কুলে চাকরি করত তত ব্যবসা করে যেত হচ্ছে কিন্তু মহিলারা আপনি দেখলাম যে কেউ চাকরিজীবী নাই সব হাউসে
/kaggle/input/regspeech12/test/test_chittagong_0066.wav,হাই তো হাই হাই তো পিহাইয়ুস দৃষ্টি দৃষ্টি করেন না বৃষ্টি আয়ের আজ যার অ্যানা মেঘলা করিয়াছে ও
/kaggle/input/regspeech12/test/test_barishal_0027.wav,এই এক ফিরে একজন পার্সুমার পোলারে তোমার মাথায় মুই মনে করে মাথায় আর দিদি যে পোলাজে বাজতে আছে এখনো দুই ফিরে এক ফির মিট গিয়েছে এই দুই ফিরের ড্যাগ ছুটে খাওয়াইছেন
/kaggle/input/regspeech12/test/test_comilla_0028.wav,যেদিন মারা গেছে ওইদিনে ইউনিম্যাডামের সাথে উনি বলছে যে আমার মেয়ে তো চলেই গেছে এখন এটা আমি কারও উপর কোনো অভিযোগ রাখতে চাই না এরকম বৈলায় উনি আর কোনো তদন্তের জন্য বা অভিযোগের খাতিরে বা কোনো কিছুরা ইয়া করেন রাখে নাই
/kaggle/input/regspeech12/test/test_tangail_0072.wav,নীরব চলতে তুলতে প্রায় এক বছর করুণ ধাওয়ানের নানা চাকরির প্রতি ওর ঘুষ নাই মানে ও সবসময় কেমনি ওই শিউলির কাছে যাব কেমনি ওর সাথে কথা কব কেমনি সিনসিপিরিয়ানব এইরকমভাবে আর কি ওর লাইফ চলতে থাকে
/kaggle/input/regspeech12/test/test_tangail_0009.wav,আগায় যাইতে থাকে তারা বড় বড় ডিল করতে থাকে নতুন নতুন ন্যানগ্রাম বাড়ি করতে থাকে কুইন্সের একে একে পৃথিবীর কুইন্স ব্যান্ড যেটা থাকে একে একে পৃথিবীর বিভিন্ন দেশে কনসার্ট করতে থাকে
/kaggle/input/regspeech12/test/test_chittagong_0058.wav,হ্যালো কেন তো এই তো ভালা আছি কেন শো এ তো ভালা কী রূপ দেয়া হন আয় এখন বই আসছি তুই কি দর হাইও বই আছি
/kaggle/input/regspeech12/test/test_barishal_0017.wav,আহে ভাই খাওয়ানোর চেষ্টা করতে হইবে আর আমার ওই হোম মিনিস্টার খুব চালু লোক না যদি আজকের বেলায় না খাবে রাতের লোক থামাবে না
/kaggle/input/regspeech12/test/test_sylhet_0106.wav,বুঝলে গেলে যাই দোক্নবাইজা মাছ পৌঁছে না এল না খান করি খেয়াল করিয়া হত্যা করি আমি কোথায় আছি আমি কোথায় দেই নাম নাম গর্ব রাখতে দিবে গর্ব রাত দোকানপাটি দুই রাইস দুই জিনিসের লেগে মাটিতেই যাইবে ফার্টা সিনা
/kaggle/input/regspeech12/test/test_sylhet_0616.wav,আনু হাওতে মজনু আঙ্কেলের মেয়ে একটুটা মজুরা খেলে রোড বলে ট্রাম্পস করা গেল বিয়ানীবাজারে আমরা ডাকাত আছি
/kaggle/input/regspeech12/test/test_sylhet_0503.wav, তাই না আজকে এক্ষণ পর্যন্ত নাকিত হইয়া দিলাম না মায়াকে দেখিয়ে দিতেছেন তুলি রাখি যা বলব কোকটা বলত তা না কাইলে আর যে এক্ষণ পর্যন্ত নাকি চলিয়া দিলেন মায়াগুরু যদি যে খালি রাগি দেখো ই অমন সেটা হাই বসুনবালা অনলাইনে প্রক্রিয়া করল বন্ধুরা
/kaggle/input/regspeech12/test/test_sylhet_0421.wav,মানে ম্যাডামি ওলান বড়ার সাথে সেমন্ত্রে আমি পারব লইয়াও আর এর আগে দুইবার ভিন্ন পার্থক্রম করছে আমার ডাকাতি বারো ঘণ্টা বারো ঘণ্টা অপারেশন করতে কিন্তু ভুলও পারে
/kaggle/input/regspeech12/test/test_tangail_0100.wav,মানে এটা কি বলব এটা আসলে অনেক সুন্দর একটা লাভ ওয়ানসাইট লাভ তো এই ছবি দেখবে লাস্টের দুটা লাইন আছে খুব
/kaggle/input/regspeech12/test/test_sylhet_0082.wav,মিনুর বাড়ি এল এখানে কেন
/kaggle/input/regspeech12/test/test_sandwip_0109.wav,এই যে অন্যান্য আমার ট্রার্লালের ক্ষেত্রেই পেয়েছেন তারা একদমই ছাদী জয়ী হওয়ার আগেই হইত
/kaggle/input/regspeech12/test/test_kishoreganj_0152.wav,বাঙালি রঙ্গের মতো উদ্ভিদের দেহে প্রায় নব্বই ভাগ প্রাণী উদ্ভিদের দেহে প্রায় দুটো ভাগ প্রাণী ও বিদের দেহে প্রায় লক্ষ আছে
/kaggle/input/regspeech12/test/test_narsingdi_0035.wav,ডান হচ্ছে এক শো চল্লিশ টাকা পুনের দাম বাইরে এক একর টাকা ত্বক বাড়ারও দাম বাড়তে কাপ আইসক্রিমের অদাম বাড়তে পাঁচটি অনেক দুই একবার আর দাম গেল অনেক
/kaggle/input/regspeech12/test/test_sylhet_0476.wav,ইটে ফাঁসাবাদী যাইলা না যে বাহিরে অ্যান্ড্রালন করিয়া না বলা হয় না
/kaggle/input/regspeech12/test/test_sylhet_0084.wav,ায় লেবু মাতও বেশি তাই আমার অনেক কষ্টে কিন্তু আমার কারণে তাই প্রাগাম্য স্থায়ী কারণ তাই মা এমন বিশ্বাসী আছে আমার উপরে আমি যদিন ভর্তি হইতে তাই ভর্তি আমি দুদিন না হইতে তাই ভর্তি হইত আমার বাবারা একটি পাওয়াভঙ্গি গেছে এখন আমার এই ভাইয়ের মাত্র আমার বই নার্ভীর বিয়া হয়েছে আমার ভর্তির সময় বাবারও পাওয়া ভাঙছে অতাকারণে ভাইয়ার ক্ষুণ্ণ হলেই ঘটতে পারে না
/kaggle/input/regspeech12/test/test_habiganj_0069.wav,সে হায়দার আলী বদরুল আছে দুই চা বদরুল আছে এখন দিকে বডির লিগে রিটার্ক করতে যে অনামিকা সেন্টারের সিপেডিয়ারা
/kaggle/input/regspeech12/test/test_sandwip_0089.wav,ওহ না কী অবস্থা
/kaggle/input/regspeech12/test/test_sylhet_0318.wav,সিঙ্গেন লাইফেরও তা আনিয়েও কলযুগের লাইফ শুরু করতি মানে বাসের বাড়িতে কেউ কিছু দেওয়া হয়েছে না ছোটের বাড়ি থেকেও কিছু দেওয়া হয়েছে না দুইজনও ছাত্রর মতো অবস্থা
/kaggle/input/regspeech12/test/test_barishal_0029.wav,এই হেতনা গয়না রাখে একবার আনলাম না একটা আঙ্কেল তো কিছুই ছিলাম মানের সালফ্লাওয়ার একদিন আগে আমার কবির দিন শেষ এদিন আরও তুমি ফেলে না আমার কাছে আর আমি খেয়াল করি আমি মনে হয়
/kaggle/input/regspeech12/test/test_kishoreganj_0041.wav,হ্যাঁ উঠ না
/kaggle/input/regspeech12/test/test_kishoreganj_0168.wav,বাস্তবতাকে বললে প্রযোজ্য ওয়াকে গণিত হকে প্রাকৃতিক পরিবর্তন গণিত হওয়াকে গণিত মোক্ত আমি কিন্তু এই দায়িত্বে পাব না না মেয়ের ডানা পুত্র পেলা বাস্তবের তেমনি পর্যন্ত আওয়াকে গণিয়ে ভবন করে
/kaggle/input/regspeech12/test/test_kishoreganj_0061.wav,তবে তবে হবে
/kaggle/input/regspeech12/test/test_kishoreganj_0016.wav,তামিরে কুড়িতে ইট বেড়াতে তাক যাত্রা করে লাভ ডাকি যে তলে ইয়া ফার্টিকার লাগে দুই তিন হারে বালু দিল দেব বেশায় দুই লম্বাই হরে
/kaggle/input/regspeech12/test/test_habiganj_0067.wav,টান থাকলে একটু বাসায় চেঞ্জ হয় না যেমন থেকে একটা আলাদা একটা বাসায় একটা টান আছে প্রাইভেট হসপিটাল হয় তা আছে জানা
/kaggle/input/regspeech12/test/test_kishoreganj_0118.wav,ভেঙে দেওয়া যায় ফাল মারে লালা মারে আমরা গেছি বাদম কিবু বেভেলির ভাল ফলা গাছপৃঙ্খল গাছপৃঙ্খীকা গাছকা আবার এই গাছ পূর্ণিক একাকালা বেঙে একাকালা এভাবে খাদ্য শৃঙ্খল এভাবে খাদ্য শৃঙ্খলা নিতে কোন খাদ্য শৃঙ্খলা সঠিক এটি না নিতে বুঝে ভাবা
/kaggle/input/regspeech12/test/test_sandwip_0009.wav,কী অবস্থা মালানি তোর ব্যাগে ঝামেলা দিলে ভদ্রবৃন্দীতে ধরিবে
/kaggle/input/regspeech12/test/test_sylhet_0206.wav,তার অসুদ্ধ বছর ওই গিলে তারা গ্রাম্য মানুক আয়োর বিয়ার লাগি প্রথমত মানুক খৈনা দেখা তাইলে খৈনা মিটিয়ে হারিফা তিলমান যাইতে পারেননি তে গোয়ালেস্তা পারেননি
/kaggle/input/regspeech12/test/test_sylhet_0692.wav, তখন তোমার টেন্ডা এবং বাড়িটা ডিগ্রিটা করে দেব না তখন তো আমরা যদি বাসিন্দা করি না
/kaggle/input/regspeech12/test/test_kishoreganj_0179.wav,পিকাকু নিজের বিস্তারভাবে প্লেন যায়
/kaggle/input/regspeech12/test/test_tangail_0089.wav,এই ছবিতে আরেকটা বিষয় আছে এই ছবিতে আসলে মানুষ তেমন নাই খুব অল্প মানুষ নিয়েই ছবি মানে মেক করাইছে আপনি পুরা ছবি দেখলেও মানে হাতে গোনা মানে দশ জনেরও মনে হয় কম মানুষের নিয়েই সুবিধা পান না
/kaggle/input/regspeech12/test/test_kishoreganj_0087.wav,আলি থেকে আছে যদি খাইতে মিষ্টি লাগে কিংবা লাগে খাইতে
/kaggle/input/regspeech12/test/test_kishoreganj_0025.wav,আর আমার তো এক আইডি কাজের লাগে তো অনেক গুরুত্ব আছে
/kaggle/input/regspeech12/test/test_chittagong_0062.wav,তুমি কি হয় ভর্তি করিবে অ্যান্ডা তো হলে রিসোভার নদী এটারা উত্তম লম্বা পরিবার নইলেই একটু কলের মতো ভর্তি অর্থনা করিবে তো ও হয়তো এখন তার হাত ক্যাঙ্গুর হুম
/kaggle/input/regspeech12/test/test_chittagong_0152.wav,কান্তি রাহুল চান না কেন জানো তোমায় গে যে আচ্ছা মুহূর্ত হবে না তাই কেন আমরা পাদ্য হাত দুটো কিনতে অনেক জ্ঞান না কেন দে ও চান্দ্রা ভাড়া রেগেই একটু বেরে রেগেই
/kaggle/input/regspeech12/test/test_tangail_0024.wav,দুজনে আবার একই সাথে একটি গ্লাভস পছন্দ করে যেটার আর কোনো কপি নাই মানে জোনা থান বলতেছে সারা রেণিটা সারা বলতেছে জোনা থানে রেণিতে কথাটা তুলতে শুনতে একটু মায়ের
/kaggle/input/regspeech12/test/test_sylhet_0713.wav,এটা এম কি করে দিছি মানে এরকম আপনারা কষ্টু করে দিয়া
/kaggle/input/regspeech12/test/test_narail_0034.wav,উনি যদি পারে আমার হওয়ার দরকার নেই গোরা না থামে না তুই চাকরিটা ভাস নাকি তাই দেখবি না
/kaggle/input/regspeech12/test/test_habiganj_0012.wav,আমি আজকে মানুষের মাঝে একটা হামুর দিয়ে জেড়ে বেটাবা অবস্থায় আছি
/kaggle/input/regspeech12/test/test_barishal_0081.wav,হেই মোর কথা হেই হেই অনেকে হেইয়ে বলি না জি বেহারাদিনী বুক বুকিতে দিল ঐ আঁতরের আজান দিলে হেগু প্রাণ থাকে
/kaggle/input/regspeech12/test/test_sylhet_0179.wav,ওরা তো রকম তারা সে আত্মা থেকে মাকে তা নিয়ে উঠে চলিয়াছি ঘরে তা বোধসম্মায়ের নামে কেন
/kaggle/input/regspeech12/test/test_kishoreganj_0008.wav,হ্যাঁ কেন নামিয়ে দিতেই পারি না একদম ব্ল্যাক
/kaggle/input/regspeech12/test/test_sylhet_0509.wav,ষপদ আমার ভাই খুব খারাপ তো বড় বেগ মানে ই টেখা না পাওয়ার আগেও কোনো আমরা টেখা পাবে না বাড়াই রাখি আমার আব্বু কৈলাস ছিলা কৈলাস ছিলা তাল একজন খুব প্রতিভাইকে পেনশন করেন এত ঠেকান না করে আপনারার সাথে থাকে জীবের দিকে মিলাস আমরা কয়েকজন বোধ তোমার ইচ্ছা যেন আমরা আবুদ্ধের পরে ধরুন আমি না আমার আব্বাস তাহলি জীবেন্ডীয় সাহানের টাকা না করি
/kaggle/input/regspeech12/test/test_sylhet_0491.wav,তোহলে বাবা ইনু দেখিয়া মেলামে মাথার মাঝা তাড়িয়া দিয়া সুন্দর করিলেন বাবা তোমার কিচ্ছু হয়ে যাবে তুমি তুমি তোক্ত হয়ে যাবে
/kaggle/input/regspeech12/test/test_habiganj_0081.wav,হঠাৎ করে মারা গেছে কয়েক দিন আগে হালি তেনের বুম্বুইতে মারা যাওয়ার আগে এরপর তেনের পিতা পেটের মেজি তিতা হালি বুম্বুইতেও কিছু হতে পারবেন না তাঁকে পনের দিন পরে ধরা থাকতে তাই নিয়ে লিভারদেন তাঁর
/kaggle/input/regspeech12/test/test_narsingdi_0029.wav,স্বপ্ন তো ভাই সবাই দেখা করছ এখন বাবার স্বপ্ন তো সত্যিও না টিম আছে বারোটা চৌদ্দ টিম আছে সবাই তো যাবে যে বিশ্বকাপ জিতু কিন্তু তো জিতবে তো যায় একজন দুটা টিম ফাইনাল খেলবে
/kaggle/input/regspeech12/test/test_rangpur_0079.wav,প্রেসিডেন্ট দেবেন বি কথা কোন মাছ মাছ বেগুন আলু চালাইন বরামের মন দুইটা
/kaggle/input/regspeech12/test/test_narsingdi_0008.wav,ইন্ডিয়াতে দেখ এই চা হাল রবি বিশ নয় রাহুলদা তো এবারও তো আছে ওরা ভালো হলে স্পিনার বাংলাটা একটা অলেক্স না নেই কয়েকদিন আগে তিনি সাধ্যে নিল কিন্তু
/kaggle/input/regspeech12/test/test_sylhet_0349.wav,ও কোন তাকিয়ে করছে ব্রাহ্মণবাড়িয়ার মহিলা বলে যাও তিন মাস তখন আমার লাক খুব বালাম এবং তুমি আল্লাহ আমার প্রতিটা ধাপে ধাপে খুব সহযোগিতা করবেন আল্লাহর কাছে পাইছি ও পাইচু
/kaggle/input/regspeech12/test/test_sylhet_0664.wav,পূর্ব ছেলের গরু নাতি ডাক্তার হইতেন আর উপরের রাত ইয়োল্বা খাজারি ও বড় মেয়ের গরু নাতি এগু প্রভাত স্যার কানাই গার্থে লেগে
/kaggle/input/regspeech12/test/test_sylhet_0395.wav,আমি এনে খাদিপুর বলতে আমরা নিজেও বাসা বানিত বিক্ষণে মেনে বানাতে আসলাম আর এনেও দৃঢ় কিন্তু আসুল আমার খাদিপুর বা রোকেল অবস্থা আর ও দুই মাসের তিন জায়গা থাকছে না তুই এটা কেমন বান্লা রাখতে
/kaggle/input/regspeech12/test/test_narail_0048.wav,বাক সে আনী পাবে তোর বাবা তাই আমাকে দেব মাটি কাটিতে আমাকে রাস্তার কলেজ পেয়ে আনা আমার কর্তা অ্যাঁ কোমাদিনি আমি কিন্তু কি এই তাই পাঁচ দিন আগে
/kaggle/input/regspeech12/test/test_rangpur_0028.wav,গরমার একটা স্মৃতি মনে আছে কি এই পাশ দিয়ে গেইছে ঢেলবাড়ি নবু ভুঁই দিয়ে দিয়ে বেরুতে তাতে তোমার নানির খোঁটে অর্ধেক খাইছে আর অর্ধেক হলে ঢুলাক্তরি আইনকে এক না করে পরে ফির থাকি
/kaggle/input/regspeech12/test/test_narsingdi_0057.wav,হুম তাহলে আমি অনেক বালাতে দ্বীপে বরাবর আলো আছিল তবে কেকটা কেমনা যেন উঠত হ্যাঁ দীবালো একটু সত্যি কথা বলব আমার তা বলার জন্য একটু ঠোঁটা স্যার
/kaggle/input/regspeech12/test/test_narail_0072.wav,ও বাড়ির কাহিনূ জানো না ওই বাড়িও জানা ওর বাপ ওই স্মার দখল করে নিয়ে এনেছে
/kaggle/input/regspeech12/test/test_habiganj_0027.wav,মা আমিষ কেড়ে হাওয়ায় কোন সপ্তাহে হয় লাগে
/kaggle/input/regspeech12/test/test_comilla_0004.wav,প্রতিদিনের মতো ওইদিনও রোহিকে নিয়ে আমি স্কুলে গিয়েছিলাম অনেক সবসময় আমি বাসা থেকে স্কুলটা দশ মিনিট না ছয় সাত মিনিট আমার বাসা থেকে আর রোহির স্কুলের দূরত্ব তাও আমি ওড়ে দিয়ে যাই আমার মতো সব মায়েরাই তাদের ছেলেমেয়েদেরকে দেখা যায় গেট পর্যন্ত দিয়ে আসে
/kaggle/input/regspeech12/test/test_sylhet_0120.wav,এখন আপনার ই কেন দোকানে খাও করে এখন তা নিয়ে কমতি নিন না হলে তা নিয়ে পারে না বাইরে মাদ্রাসা থাকবি লাইক লাইক দানাগুলো তামার লাগে আপনার কেন লাগের পর একটা হুজুর আছিল
/kaggle/input/regspeech12/test/test_narsingdi_0018.wav,কি আর বলব বল আসলে যারা যেই চৌদ্দ পনেরো বছর ধরে টিমরারের চাবি দিতেছে এরা অনেক খেলতে চায় আর এরা নতুন পাঁচ চা বছর ধরে রাখিলেই এই অগ্রিয় অবস্থা
/kaggle/input/regspeech12/test/test_sandwip_0034.wav,আগে এগিয়ে রাতে কুটানকে এগিয়ে এগিয়ে কুটবেলা কি বয়স নিয়ে যাচ্ছে নিনে দায় সেগুলি গোসল করিয়া আগুন
/kaggle/input/regspeech12/test/test_narsingdi_0129.wav,বোয়িং এডার হেডা সেইম জিনিসের কিন্তু আমি করবো অ্যারামাসিনেতে এমাই সিন দা বেশি ভালো কার হেডা প্রেগন্যান্স পেয়েছে না আমার তো মানে কী কয় তোর মতোই মানে এত পারফুল দরকার নেন
/kaggle/input/regspeech12/test/test_rangpur_0056.wav,ফেসবুক ফুটবলে দিছে বলে কালিকে বলে কি দিচ্ছেন এটা ওই যে তারার পার্জিলা এটা এলেও সামনে দুর্ভোগ দেখা দিবে তার একটা লক্ষণ
/kaggle/input/regspeech12/test/test_kishoreganj_0097.wav,কিম্বা তো আছে গায়দাকালি নাই না গায়দাকালি নাই না গাড়িতে ফানি করি চাইতা
/kaggle/input/regspeech12/test/test_barishal_0099.wav,পরে অন্তর্ভুক্ত একটি গায়ের মোর্জের স্বপ্ন ছিল জীবনে
/kaggle/input/regspeech12/test/test_sylhet_0238.wav,আর বড় ভাই তখন হইলে এর আগে আমার আব্বাও মারা গেছেন বড় ভাই তখন হইলে যেহেতু আব্বা নাই আর এখন যদি আমরা তাই রে বিয়া দিলাম
/kaggle/input/regspeech12/test/test_kishoreganj_0109.wav,হলো খাদ্য শৃঙ্খল সবুজ উদ্ভিদ থেকে এই প্রতিটি খাদ্য শৃঙ্খল প্রাতিষ্ঠানিক খাদ্য যেকোনো বাকি সংস্থানে অনেকগুলো
/kaggle/input/regspeech12/test/test_kishoreganj_0193.wav,ইন্ডিগোটা অত জন্যের ক্ষেত্রে আর সে পলি
/kaggle/input/regspeech12/test/test_narail_0013.wav,আমি তুলি না যা পাই তুই ভালো থাকলে ভালো খারাপ তুলিতে যার জন্যে টাকা পাঠানোর কথা সে দেখে মরি তাহাতে আমি কি বলা হারব
/kaggle/input/regspeech12/test/test_sylhet_0600.wav,আমার তালাক তৈরি যাবানে আমরার বলে ব্যাচের ছেলে গুলাজাতা এটা বলে কি তার লেগেজ মানে ঝগড়া ঘাটে ফুরায় তার যেজন্য সারা সারা মেবিস কোনো কিছু নেমে ঠান্ডা স্থাপনী করেছে এটুকু মুসলিম চুবিলি টুবিলি তাও যে থ্রুয়েন্টেরা কি তাহলে না আয়োজন করে সারেরা করতে চাইছেন পুরাটাই হ্যান্ডেল করতে চাইছেন বা ডিম সার কেমন এটা অবস্থাল বিশ্রিত হল
/kaggle/input/regspeech12/test/test_sandwip_0014.wav,কিছু হল সেটি আদিয়া ডামাস লাভ পেলে দেখে এর হরি নেই হরি ফুল গেছে রাগ করার অনেক কাল প্রয়োজনীয় দেন দপ্তর প্রদান তুরস্ত গেদি মাছগুলো যেটি কুড়ি গাড়ি ইয়ামুলি দুর্গাবুলি ইয়াকাত্তে পার্ন গ্যারান্সের আন্দোলনের কোন আগ অনুকূলবর্জ
/kaggle/input/regspeech12/test/test_tangail_0098.wav,ক্ষুন্দর একটা ছবিতে দেখলে দেখবেন ওই ব্রিজের কাছে আসে তখন আর কি রাত তখন সখিনারে নিয়ে আস্তে আস্তে চলে যায় অন্যদিকে আর এদিকে রণবীর কাপুর
/kaggle/input/regspeech12/test/test_sylhet_0726.wav,তো ঐ যে ক্ষেত্রে হয় যে আপনারা তো উপবাসা থাকা লাগেন নয়
/kaggle/input/regspeech12/test/test_kishoreganj_0102.wav,মাটি উদ্ভিদ থেকে বিভিন্ন স্থানে ছড়িয়ে জীবের ছড়িয়ে পড়াই হল বিস্তর বিজে
/kaggle/input/regspeech12/test/test_sylhet_0153.wav,সুকান্ত গোপনের তা তো দেখি ওই তারও বেশি খাইয়ে গেছে আমার দুইটা মনে কর গরিবানা পুরোতর বিয়া হইত ওমান করলে আমরা এখন তো জেদ চাই না
/kaggle/input/regspeech12/test/test_kishoreganj_0132.wav,কলা কাটল তরমুজ পাতা লেখু ডাল এখানে কি ভাঙি হ্যাঁ হ্যাঁ জানো কি করে রোগী
/kaggle/input/regspeech12/test/test_sylhet_0651.wav,জাহাঙ্গা আছে গোলাসি গ্রাম গেছে যে সিডিল করতেছে রাস্তায় রোস্টায়ও কত উন্নয়ন করতে অভিযান করতে ওটা খেললেও গেছে মান আপনারা কোনো সময় গুলার টিকা রুস্টিনি মানে এরা কোনো আক্রমণ করছেনি আপনারা রুখতেন
/kaggle/input/regspeech12/test/test_narail_0149.wav,আমাকে বাড়িতে একটু ভিতরের দিকেই মানে ভিতরের দিকেই বললে বেশি ভিতরেও না ওই দিকে আমার বড় ঠাকুরমা আসতে অদ্ভুত মরার পথে বুঝলে এখন এজন্যে যে বাইরের নাতি বউ দেখবে তাই বাহিরের বিয়ে দিয়া লাগিত উনিই পছন্দ করে মেয়ে আনতেছে গিয়া
/kaggle/input/regspeech12/test/test_tangail_0080.wav,শিউলি মারা গেছে বরুণ ধাওয়ানির ফোনে পরে বরুণ ধাওয়ানি ভাঙা পড়ে পরে আবার শিউলির বাসায় যায় যায় শিউলিরে দেখে দেখে আসে
/kaggle/input/regspeech12/test/test_narail_0066.wav,ওরা শরীক না কালে শরীকে তুমি রাইছে তাহলে বেড়া তো তো বাবা হবে বাচ্চার খাল বাচ্চা কত তৈরি লোক হল কে আবার আদানের স্ত্রীর
/kaggle/input/regspeech12/test/test_chittagong_0071.wav,মানে ডিগ্রিগুলাই আবেদন গরম পরিবর্তন অনাসাব নাই বাহুল মানে কেন গো অনাসাব যদি আনাসাব মানে সরকারের ফলাফল মোটের গোয়ের করলে একটো নও ডিগ্রি ছাড়া
/kaggle/input/regspeech12/test/test_rangpur_0099.wav,এর আগের বার ভালো হোসেল নেই এবার ভালো হওয়া লাগছে কোনবার ভালো হবার লাগছে
/kaggle/input/regspeech12/test/test_sylhet_0342.wav,আমি যাই পরীক্ষা দেওয়ার সকালে গিয়া পরীক্ষা দিয়া মাঝখানের যে এক ঘণ্টা টাইম একটা দিকে দুইটা কলেজ থেকে একটা দৌড় দিই একটা দৌড়ে বাসা তাই লইয়া ওয়াশুন্ডে যাই তারে হাওয়ায় হাওয়াইয়া আমি একটু পানি খাইয়া আবার দৌড়িয়া যাই আর এক ঘণ্টার ভিতরে আবার সেন্টারে যাওয়ার লাগি
/kaggle/input/regspeech12/test/test_chittagong_0004.wav,মাতায়ের মাতা গেয়ারা যা চেয়ার অত্যন্ত সান হাইয়া এবং চেয়ার অত্যন্ত ইয়ান হাইয়া এবং শিরোপুরে শুরু করবে প্রথমে তা প্রীতি ফিরিলেই আপনার সমীক্ষণ হয়েছে
/kaggle/input/regspeech12/test/test_sylhet_0715.wav,তাই নিরাবিয়া হয়ে গেছে নে
/kaggle/input/regspeech12/test/test_chittagong_0033.wav,এখন গড় তাইগের গোবর এখন কী রে জানিস লাভিব্য গোল্লায় বলিলে হনুমেক্ষী যাইত না পারে সে তো কি মেয়ে দিয়েছে না ওহ ভাল্লা হনুমেক্ষের নাও যাইতেও যাই
/kaggle/input/regspeech12/test/test_sylhet_0504.wav,নড়িয়ে ফালিয়ে আড্ডা অনুপস্থ দিনেরাই তো বিশ্বাস একবার চেঞ্জার লোকের আপনার মুখ বাচ্চা বুঝে নেয়
/kaggle/input/regspeech12/test/test_sylhet_0260.wav,আর ঐ ইউনিটের পর্বত্য তিনশো জনের মাঝে আট থেকে নিব তোমার এক্স টাইম থেকে আরো এক্স কমার্ট থেকে আরো এক্স পলাক্ষ নেই এখন তো আমার কোপটা খুবই সীমিত হয়ে গেছে
/kaggle/input/regspeech12/test/test_kishoreganj_0090.wav,কেন তুই না চলো তুমি পাকিস্তান লোক আপনি তুমি তোমার মুদা হলে বোটপোটা না হুক না বাকিস্তানি হুক না
/kaggle/input/regspeech12/test/test_narail_0181.wav,হয় না
/kaggle/input/regspeech12/test/test_rangpur_0120.wav,থাকরিকালে এলা পাওয়া যায় পাওয়া যায় না অ্যাংকর খান না অ্যাংকর কালচার ছাকরিকালের ডাইল খান না অ্যাংকর কি ডাইল নয় ডাইল হলেও স্বাদ লাগে না
/kaggle/input/regspeech12/test/test_chittagong_0031.wav,ওরি দিয়ে লামা মুগলির আসান মিল কিছু হয় উচ্চায় ওরি মায়ে গিয়ে আবার ঠিকঠাক গড়ায় আমি প্রত্যাশা করি
/kaggle/input/regspeech12/test/test_chittagong_0140.wav,তোমার হিল হলে না তো স্যার ম্যাজার ছাড়া পেল না জিকু
/kaggle/input/regspeech12/test/test_narail_0045.wav,এলো বড় বাড়িকে বাংকের লোক বুঝতে চাই কিনে তুমি বাংকের লোক ক্ষতিরবাবুকে বাংকের লোক
/kaggle/input/regspeech12/test/test_sandwip_0077.wav,সোনার পাকা পুজোর তারিখ তৈরিতে নির্ভর ব্যাপারদের পতন এনে দিয়ে তিনি এগিজের ইনভেকশনের জন্য কিছুটা করেন ক্ষমাকাম হুদুসংক্রান্ত লাগায় অনেকাম আস্থাস্থ কর ও কাম যাইতে কর হিমক্যাক করতে পারতেন মেডিকেল
/kaggle/input/regspeech12/test/test_sylhet_0406.wav,দিন পার লাগিয়াম প্রাহাম থেকে যাইতাম গিয়ে তবে কখনো আজাদ পড়লে তাহারার আমরা অজান করার আগে তাড়াত্তরি হই যাই আশা করা মামা ঘুমাতে পড়তে সবুলো অসুবিধা হয় এরপর আজকে তিন চার দিন আগে তারা রুমি উত্তাল করলে মানে ঘুমায়ের জানার কথা
/kaggle/input/regspeech12/test/test_narsingdi_0027.wav,একটা রেডিকেটেড পার্সন খুব ভালো আইপ্যালে ডাক পাইল এই ভেতর চেষ্টা করে যেতে হবে পরিশ্রম করত নিজেরাই প্রমাণ করতে বোঝে না আমি ভালো খেলি তাইলে তো হইল হ্যাঁ তবে
/kaggle/input/regspeech12/test/test_narail_0004.wav,মেলা গেতে কাকা আমাকে দিয়ে গেছিল এই জমি নিকে জামেলাটা মেলা করবার নাকি আমি ভাই ঝামেলা আমি তো কিছু বুঝিটো যি না আমি দেখি জায়গা জমির কী অবস্থা আছে তারপরে খাচ্ছেন খান আমি তাই কই আর আমি বুঝি আমি তেগুলো করতিছে না করতিছে এক কাগা কাগার দিথি
/kaggle/input/regspeech12/test/test_noakhali_0001.wav,একশো একে এবং এ নিয়ে নব্বই ডাকিবি হ্যাঁ একশো একে নব্বই বিজাত করি টিকিট দিবি আর একে সমাজে নব্বই টাকা
/kaggle/input/regspeech12/test/test_kishoreganj_0004.wav,ওহ মরি বিমারি খুনাতে পারলে আলাপ দিলে দরুক তো
/kaggle/input/regspeech12/test/test_sylhet_0760.wav,ড্রং করে একটা কানে দিলাম তৈরি ফানি তাড়াতাড়ি ফান করে আমরা উড়াম না না শুধু কইরা ফারানা ফারানা উড়িয়ো না উড়িয়ো তাদের দিকে আমার সম্পর্কটাকিত হচ্ছে না আপনারা দুইজন
/kaggle/input/regspeech12/test/test_rangpur_0110.wav,তাকে নিয়ে নিয়ে যাইলে চট্টগ্রাম আলে ভাই চট্টগ্রাম ভালোই তিন আর মানের জন্য বেশি তোকে ইয়াকুচি না
/kaggle/input/regspeech12/test/test_kishoreganj_0015.wav,নতুন রাস্তা হচ্ছে ডাকিবো সরকার পেয়েছে ডাক দি না সরকার পেলে না
/kaggle/input/regspeech12/test/test_barishal_0069.wav,কেলেটা আবার বৌরোতে থায় না বউ যদি না দেয় তা মরা দিমগ্রন্তরা এত বড় তাবিকের পোল্লা মানবে এত বড় বালিশের তলে ঢুকিবে দুই ডিয়া নারী হাওয়াইব্যাকদের দেয়া
/kaggle/input/regspeech12/test/test_kishoreganj_0183.wav,পাত না পাত না পাতাম না প্রায় খেলে হেই প্রেক্ষাগারে এই আগে পড়ো
/kaggle/input/regspeech12/test/test_chittagong_0155.wav,তোমার কী অবস্থা কলেজে চলার জন্য আসছে দেখুন কলেজ পনেরো তারিখ লোটেই প্লাসমূহ বন্ধ ওই ইনকারের পরীক্ষা চালাবে
/kaggle/input/regspeech12/test/test_kishoreganj_0098.wav,আমার মানে করব তুমি গেলে গাইতারবা মোক্কা কি করে লাগে আজ বাসাত নিশ্চিত আরবি ভাষা করুন আসবে না তোমার ইয়াউজা জিন্সি বা কানে দিয়া মক্কার কানে দিয়া নলদে তৈরি হচ্ছে ন লাগানি অমনে বা চালু দিবা হানিবাড়ির বৈজ্ঞ মূর্তি দের মতো আছে না ইচ্ছা করা গ্যালারি সাথে গ্যালারি সাথে গ্যালারি জিন্সি তৈরি দিচ্ছে অমনে খাইতে থাকো
/kaggle/input/regspeech12/test/test_barishal_0011.wav,মাঝেমধ্যে কিছু আমারই পানি বানাম করতে পারবে কয় একান্ন রেশি হানি শালা হইছে পানি বানি
/kaggle/input/regspeech12/test/test_sylhet_0507.wav,ষপদ তিনজন একজন মারা গেছেন তার একজন ওটা কিছু
/kaggle/input/regspeech12/test/test_rangpur_0043.wav,যদি একদিনের নাক গুঁড়াচান বাড়ায় না তাহলে মুই কোর্টে থাকি মুই আগের চেয়ারে একদম খারাপ হয়ে গেছ মুই আর থাকতাম না
/kaggle/input/regspeech12/test/test_kishoreganj_0202.wav,বেটা রোগী করার জন্যে কি হেয়ার ডাই হেয়ার ডাই ব্যবহার করে কিভাবে বায়ু প্রভাবে ব্যবহার করে অগ্নিনিবাহ যন্ত্রে কার্বন ডাই অক্সাইজ ব্যবহার করা হয় অগ্নিনিবাহ মানে আগুন নিবারণের জন্য কিভাবে করা কার্বন ডাই অক্সাইজ মস্ট
/kaggle/input/regspeech12/test/test_habiganj_0023.wav,এর পরে পুজো যাদি মো এর পরে গানুন গাইম মো এর পরে আমরা একটু প্রান্ত্রণা কইরা এর পরেটে আমরা
/kaggle/input/regspeech12/test/test_sylhet_0077.wav,আমার একটু খুব ইচ্ছা আমি চিতা দিতাম কারণ আমার যে চিতাটা পড়ায় তাহলে এদিকে আমার আগ্রহ দায়িত্ব বাড়িয়েছে প্রথমে আসল না কোন কিছু একটা আসল না
/kaggle/input/regspeech12/test/test_sylhet_0686.wav,আমরা দিতাম না ইংলিশের বাংলা ভোরে তোমার এই ভাষাটা দেখাতে বাংলাদেশের সেই জায়গায় গেয়েও করা যায় না
/kaggle/input/regspeech12/test/test_chittagong_0104.wav,তোরে সে ঠিক আছে রাহিত হইলে বাই বাই টাটা
/kaggle/input/regspeech12/test/test_narsingdi_0012.wav,হ্যাঁ হৃঢ়তা কাহিন রাইনি কইরাই আস্তাত্ম্যে রিটায়ারমেন্ট করা লেগে প্রেস্ট এক মাসে ফিরে দেয় একটু সম্মানের সহিত কিন্তু ওই রিটায়ারমেন্টটা নিতে পারত কিন্তু এডি করে না তাও এখনো বিপিএল খালেদাসের
/kaggle/input/regspeech12/test/test_sylhet_0463.wav,আর পড়ার মনে হলো পরিবার একটি ভিটামিন তাই আবার তাই এবারের দুটি কাজ করছে কোনোর পরেও বিয়াল বিসি কলেজে চলে যাচ্ছে এখনো এর জন্য ভালো হোক খুব অনেক টোমের একজন একজন সেলেট
/kaggle/input/regspeech12/test/test_kishoreganj_0033.wav,মানে বৃষ্টি লাগে শাকসবজিও না কিন্তু মানে ধান সুন্দর এলুসি
/kaggle/input/regspeech12/test/test_rangpur_0128.wav,মুড়ি মুখ ক মুড়ি মালা ইয়াগুড়ি দিবে
/kaggle/input/regspeech12/test/test_tangail_0025.wav,লোকায় সে বলতে দেয় দামিনী পরে জোনা থান বাধ্য হয়েই পরে ছাড়ার জন্য দিয়ে দেয় জোনা থান আসলে প্রথম দেখাতেই ছাড়ার প্রেমে পড়ে যায়
/kaggle/input/regspeech12/test/test_sylhet_0125.wav,পরিবারের মতোই কিছু নাই
/kaggle/input/regspeech12/test/test_narail_0029.wav,আসাদ মিয়া আমাকে আসাদ মিয়া করে বলো তো আমি বলো কী জমিনে কি অর্ডির কিছু জানো আগে তো শুনেছিলাম তোগে তোগে তারপরে আসাদ মিয়া কেমন ভাইন হলো কী আলো জানে আসাদ মিয়া অল্পুত দুঃখাত এন্টে সেন্টে আসাদ মা মেলা খায়
/kaggle/input/regspeech12/test/test_chittagong_0085.wav,ওই একটি কম্পিউটার মানে হত্যা করতে হবে কিন্তু কেউ কম্পিউটার নাই বলতে কি রে প্রিতিকমাসের আনা জানার স্থি কি ইহা না মন্ডল যে তুই পরিকাদন্ড ফরো বানি ঘড়িত তারে বিদ্যুত যতক্ষণ ইচ্ছা ততক্ষণ ঘড়িত্যারে বেই
/kaggle/input/regspeech12/test/test_chittagong_0050.wav,জামাইটামায় আহাজ হনে কিছু নাই আপাততায় এখন অজ্ঞাহালা মানুষ বুঝু সারির যে হবে না তোরা ওরে হত পারিবে হত করিবি তোরার দ্বারা সম্ভবেরই
/kaggle/input/regspeech12/test/test_rangpur_0038.wav,তোমারা ওই বার্ড খেয়েছিলেন যে এত বড় বড়
/kaggle/input/regspeech12/test/test_narsingdi_0134.wav,এই তোর চাইল্ডগুলো আছিল অবশ্যই আম অ্যাডাল্লস নও তো আমার চাইল্ডগুলটা ছিল ফাইভে থাকতে বুঝো মানে
/kaggle/input/regspeech12/test/test_chittagong_0008.wav,আমি বলি না ভাই মারা বাড়ি দিতে হতে পারলে তুমি আজ কাজটায় তোমারও রোগ রিফ ফল বানাইবে না
/kaggle/input/regspeech12/test/test_chittagong_0162.wav,অনাস্তত্ত্ব তুচুন্টি আদি পরমবার্য দেখুক এরা মরতে মনে ভালো চায় ডিগ্রি রাজু অনেক কিছু মনে মনোনয়ন লয় ফালা বিগ্রিত প্রবৃত্তি ভাই
/kaggle/input/regspeech12/test/test_narail_0054.wav,আমাকেই দেখা যাচ্ছে যে কিবুর শিব্যপুর নামে যে রোডে বনে তেরোশো ছাপ্পান্ন সাতান্ন জায়গা বনে তেরোশো পতন না মেলার একটি জমি যেটা রাজনীতিতে না ইন্ডিয়া থেকে নেই তবে যে এই রুদ্রত্বকা বাড়ির এই জায়গার কথা কথা ওই জমির সাথে আর তুমি আছ সেই জমির বাক্য থেকে
/kaggle/input/regspeech12/test/test_sylhet_0426.wav,ম্যাডাম ও নরমালটা দেওয়া গিয়ে কিন্তু ও ওখানে পেতো হ্যাঁ খুব মানিটাই পান তাই পার না আর তাই নিজের বাজারে এখন যদি না হলে মেয়েটার বইয়ের ক্ষমা তো আমার পরে ইংলিশেই করবি
/kaggle/input/regspeech12/test/test_sylhet_0671.wav,প্যান্টন তো সারা জীবনে ভেবে না নেই যতদিন আছি বাকিয়া ততদিন প্রাণ আছে ততদিন বাইর প্রাণ নাই নাই যে এক পর কিতাব মানে আপনি না তালিকাতে প্যান্টন বন্ধুই দিব না ছেলেরা মারা গেলে আর কেউ হইত না আমি বাদী আর কেউ না
/kaggle/input/regspeech12/test/test_sylhet_0049.wav,তোর মেয়ে নামাতি লাও বইলেন মুক্তিবাবু
/kaggle/input/regspeech12/test/test_tangail_0018.wav,বহিমানের তৈরি গান্ডা মানে জনপ্রিয়তা কারণ এই গান্ডা আসলে একজন একেক ভাবে অনুধাবন করছে কেউ মানে কারও সাথে কারও মিল না এইভাবে আর কি বুঝতে পারছি গান্ডার একটা অর্থ মানে কেউ
/kaggle/input/regspeech12/test/test_narail_0140.wav,তাও মাসুদ্দুলা ভাই মনে আপনের বাবার সাথে কথা বলবে সেটা বলবে কাকামার পোস্ট বাবার কাছে খুঁজছিল তোকে ফিরিয়ে নিতে হয় একটু বিষ কিনে গেলে না হাত তোলে ফিরিয়ে নিয়ে যাবে না তো তখন শ্রেণী কাকা আমার ভগ্নিপতি দুর্গটু ফিরিয়ে নিয়ে চলে
/kaggle/input/regspeech12/test/test_habiganj_0009.wav,তাঞ্জুরে গেছে তাঞ্জু লুক্রা ফেরেশকার ফুলা ছেড়ে সবার ছুটু
/kaggle/input/regspeech12/test/test_kishoreganj_0150.wav,কোনটি পানি দূষণের বলে হয় ডায়রিয়া মাটি দূষণের প্রধান কারণ কি কিছু দিলে কি হবে মাটির স্ত্রীরা ওষুধ শুরু নাগা হাস্টেল নষ্ট করিলে মাটি নষ্ট হয় পরিবেশ সমাপনের উপায় কোনটি
/kaggle/input/regspeech12/test/test_barishal_0087.wav,ভুল করে হালাইলে হেক্ষণার সমস্যা বাদে একটি লিপি ভালো হবে না কইরাও অমরাও কইরিতি
/kaggle/input/regspeech12/test/test_narsingdi_0036.wav,বি লিটার দাম বাড়তি মায়ে তো দেখেন কী জানি মুরগি ত্যাকার খুড়া আর রানা হয়ে গেছে রিয়া সবকিছু রাহুনে মনে হয় আস্তে আস্তে তখন কাছে নাকি রাহুনে দাম দাম দিয়েছি দোকানে গিয়া যেইরা দড়ি খালি বলে দাম বৃক্ষ
/kaggle/input/regspeech12/test/test_sylhet_0064.wav,পরে বাড়ি বসেন আমার দ্বারা তো সম্ভব না মানে যেগুলো তুমি বলতে দিতে না তোমার বাসাতে ইয়া দেখি দেখি ডাক্তারের চাপটা চাপটা তাইলে ডাক্তারর কিছু দেওয়া লাগে পাঁচ হাজার আবার তোমার ওসব লাগে তিন হাজার আমি কোন বাড়ি চড়ালাম মাত্র বিয়াগাইয়া অনেক স্টেকারটা আনা পড়িতেছি আমার বাড়ির নতুন দোকানও হচ্ছে
/kaggle/input/regspeech12/test/test_sylhet_0582.wav,আমি তো সেখানে তোমার সবসময় দেখি আমার তো লাগে বাইরে থেকে কার্টুন কাটলে মানে আমরা বড় রাগী আমরা এখন নিশ্চয়ই ভেঙে পড়ে লাগি না না কিন্তু বড়রা আরও লাগে বেশিরভাগ রাইড একটা নৌকার মতো আছে গুরুত্বে আমারে থাকিবে এখন তুমি গুরুত্বে প্লেহার্ডি কাজ করবার ভিটিভিলি স্পিডের করে
/kaggle/input/regspeech12/test/test_sylhet_0327.wav,আর এখন তাই যখন বই আনিয়া দিন তখন আমার কাছে মনের মানুষটা একটা ফেরেশতা সারাদিন কাজ করি কাজ আর আমার টায়ার্ড লাগে না পড়িয়া আবার গিয়া তাইনের কানের কাছে ব্যান্ড করি জানুনি আজকে সারাদিন আমি ওটা করতেছি
/kaggle/input/regspeech12/test/test_tangail_0081.wav,তারপরে আবার কাজে ফিরে আসে যেহেতু সে এখন আরও অনেক বেশি সিরিয়াস পুরা সে স্ট্রং ম্যানেজারের দায়িত্ব পালন করে কোনো কিছুতে এখন আর টলার করে না
/kaggle/input/regspeech12/test/test_sylhet_0270.wav,ওটার পরে তো পড়া শুরু করলাম তখন তৈত্রাক একটু বুঝি না ইউনিভার্সিটির গ্রেডিং বা পয়েন্ট পড়ার দালিটা কিছু দেখলাম না তো আমার ভাইয়ে মরে টার্গেট দিতে চেয়ে তোমারে ডিপ্লাস পাওয়া লাগবে
/kaggle/input/regspeech12/test/test_sandwip_0086.wav,আর অঙ্কার ঘুরে গেল মাতা শুধু অঙ্কার ঘুরে গেল তুমি ধরে না
/kaggle/input/regspeech12/test/test_sylhet_0471.wav,মায়া খাইবে না আমরা লাগলে আমরা পৌঁছি মা আমরা রেবার্স কত টাকা দিয়েছিল কেলে কোনো বই জীবনে গাড়ি বাড়া দিয়া যাইতে নাই রিজার্ভ দাড়ি বা বাড়ি থেকে বাইরে টাকা দিবে আবার রিজার্ভ গাড়ি বাড়া দিবে
/kaggle/input/regspeech12/test/test_sylhet_0502.wav,ফলে যোগাযোগ করে না ক্লাইভোগো হইলাম তাহার মেধাই পার
/kaggle/input/regspeech12/test/test_narail_0106.wav,এখন তো দাদা আগের দিন বলতেছিল যে যদি অপারেশন করতে হয় তাহলে ব্যালট চলে যাব অপারেশন করতে কিন্তু অপারেশন আপাতত করা লাগতিছে না ওটি ভেঙে ছোট হয়ে গেছে তার আগে যেমন জ্বালা যন্ত্রণা এটি করতে না সেরকম করে না বুঝতিস
/kaggle/input/regspeech12/test/test_chittagong_0143.wav,না তো না না যে তুল্লা হতাহবালিক এই গৌরী সাঈদীর ব্যক্তিত্বের প্রেস
/kaggle/input/regspeech12/test/test_habiganj_0072.wav,মুন হসপিটালটা এখন মুক্ত হল বালা তারপর পাইয়াদের পরে লিগে আরেকটা আছে নামটা পুড়িয়ে ফেলে পাইয়াদ যাহা বলিয়া কিছুটা নেই
/kaggle/input/regspeech12/test/test_sylhet_0158.wav,আপনার পরিবারে কেউ যুদ্ধ দিয়েছিল না
/kaggle/input/regspeech12/test/test_sylhet_0072.wav,প্রচুর মজা হয় দুর্গা প্রথম দিন এতটা ব্যক্তি মজা হয় না তারা স্থলের দিনটা কি বলতে চায় আমার জানিতেছে পরের তিন দিন আমি তিন দিন হয়নি রাজি এরপর অতিকার দিতে গেলে পারি না উঁচকা দিয়ে এল লাভ খেয়ে যেতে
/kaggle/input/regspeech12/test/test_narail_0059.wav,যেটুকু কিছু নাই সেটুকু দলী লক্ষ্য রাখেছে না বিক্রির ভিত্তিও থেকে না
/kaggle/input/regspeech12/test/test_sylhet_0237.wav,আমরা কিছুই সময় দিয়া গিয়া জানি তোমারে কিন্তু উদয় ভাই ও কিন্তু তাক্কা আমিও করিতে কোনো সমস্যা না মানে জিনো দিন অন্যায় আমি করতাম পার্ম আমার একটা রুম আর আমার উকিল বৈগুণ থাকিয়া হইব আমার আর কিচ্ছু লাগত না তারা দেখতেন যে আমার আসলে পড়ার ইচ্ছা আছে
/kaggle/input/regspeech12/test/test_habiganj_0007.wav,পিল আমাদের কত ভালো মেম্বারিও লাইফ দরকার
/kaggle/input/regspeech12/test/test_narsingdi_0088.wav,পরজয় করেছেন না ফল কে রে প্রিন্সের নিছল বালানা দীক্ষা না করি না আচ্ছা বড় হয়ে পড়ি যেটা কথা কহেছে না তুই বাইছাওস না তুই জেটা জানাস্তার এলে কথা কবে ঈদের দিন সকালের শুরুতে বাবার
/kaggle/input/regspeech12/test/test_sylhet_0251.wav,কিন্তু এটা কেউ যোগ করত না ওর সময় দিলাইটা সার্কুলার প্রাইমারি স্কুলার তখন আজকে আমরা পারি তাই আহ্বান তোমার কাগজপত্র খালি সার্টিফিকেটটা দেওয়ার একটা ছবি দেওয়াও আমরা এপ্লাই করিয়া দিব তুমিও খালি পরীক্ষা সান্তা দিবা
/kaggle/input/regspeech12/test/test_sylhet_0642.wav,আমার দাদার পিঠে কাটাচ্ছে
/kaggle/input/regspeech12/test/test_chittagong_0061.wav,সিটি কলেজ সিরিজে না পারলে নাকি টমাস কলেজ বিরুদ্ধে আর কিছুই বলেন রেজিস্টাফার না রবি ওই হয়তো রেজিস্টাফার লিলিয়া নাকি উন্মা বলে তোর মধ্যেও যে
/kaggle/input/regspeech12/test/test_noakhali_0025.wav,তার কথা যে কিছু কিছু করতেন খালি বাগান্দা করব এমনে কাজে আগান্নাই আনলেন কী লাগে তোমার কি নিক্ষিতা স্যার মাগাতোলি লোক লাগব সামান লাইগ ঘুড়ো সামান লাই
/kaggle/input/regspeech12/test/test_sylhet_0662.wav,যে ক্ষণাতন ধর্ম তো চাইলে দেখা যাবে একটা বাড়ি আছে
/kaggle/input/regspeech12/test/test_sylhet_0596.wav,বাকি আগে দেখান আর কিছু অবশ্য যোগাযোগ নাই হোক তাও হ্যাঁ তা বিজিবি স্যার হ্যাঁ স্যার আমার লাগে না তার নিয়ত্ত নিজেদের বিজিবিজু হইতে হত্যাম না তো আয় ইলানে তো জাগে টাইম কিন্তু এইটে আগে মানে কেনে কেন ওর না না নৈয়েও কেন না
/kaggle/input/regspeech12/test/test_sylhet_0252.wav,আমার বৈনান্য দিব তুমি তারা হলো কি পরীক্ষা সন্ধ্যা দিবা তারার একটু সহযোগিতা করবা দেখাইবার যাতে তারার চাকরিটা হয়ে যায় তুমি তো অনেক ট্যালেন্ট কিনে তুমি অত চাকরি কর তাই না কিন্তু আমরা একটু উপকার উঠব তুমি যদি দেও
/kaggle/input/regspeech12/test/test_sandwip_0110.wav,আইন হেই লাভের আইন প্রশান্তি করবে আর দরকার নাই হবে
/kaggle/input/regspeech12/test/test_noakhali_0015.wav,ব্যক্তিবাক্ষী জান্নাত একা রাত্রি হচ্ছে একা আচ্ছা বক্তা বর্ধে তার ডিম ব্যক্তিবার্থী ভোলা মানে তোকে একবার আয় এবার আর কেমন হচ্ছে তোর অনেক ভিড জানো না তো আমরা কোথায় দেখছেন শুনব আয় আঙ্গা মুক্তি প্রক্রিয়া
/kaggle/input/regspeech12/test/test_sylhet_0194.wav,তারপর রইল গিয়া রক্তা পানি তা পানি হুম দিলাম তারপর প্রত্যন্ত করতাম পরিণত করি না ধনী মানে
/kaggle/input/regspeech12/test/test_sylhet_0611.wav,বলো তাকে আর আমি বলি ভাই ই কী রূপ হইলাম দুইটা জিনিসের একটা আছে কি তা
/kaggle/input/regspeech12/test/test_sylhet_0085.wav,কথা করে বাদে বাবা বাড়িতে বকালি চললে আমার দেখানোর কোনো দরকার নাই এর আগে আমার খুনিরে বলে
/kaggle/input/regspeech12/test/test_sylhet_0289.wav,দেখুন দেখিয়া যদি বুঝেন যেন ঠিক আছে আমার কোনো সমস্যা নাই কারণ তারার লোকে আমরা পারিবারিক স্ট্যাটাস নিয়ে যাচ্ছি তারাও ফ্রিম ফ্যামিলি অভ্যনৈতিক অবস্থা আমরার মতো তারও আমরা নিতু পরিশ্রম করিয়া পড়িয়া পড়ি বা
/kaggle/input/regspeech12/test/test_sylhet_0703.wav,একটু আগে একজনের ফাইসিং মানে দেখতিয়া আমরা বা কাইন্টু করা লাগা করুন তাই না মোহাম্মদ শাহেদাদ বিবাহ গুজাদায়ন আসলে
/kaggle/input/regspeech12/test/test_sylhet_0696.wav,না বৈ না আপনারা টাইমে মিনিম আপনারা মানে এই বাড়ির নানি আজ আপনার প্রয়োজন মানে সদস্য
/kaggle/input/regspeech12/test/test_chittagong_0015.wav,আলাইকুম আসালাম ওরি কেন স্বস্তি হব তোর গম হব প্রাপ্তি নেই দেখতে গম আছি গম আছি কি ভালো আছে আছি হরিবাল আছি কীটনাশক যে আছে দেরি অবৈজ্যিত করবেন স্যার
/kaggle/input/regspeech12/test/test_chittagong_0159.wav,টিয়ার ফোরেল দিই এখন আরা যার বান্ধবুলুকু কল দিয়েরে হবে কী বলে চট্টগ্রাম ইউনিভার্সিটি ইঞ্জিনিয়ার লোনের হলে টিয়ার দিয়েরে ফোর্স হিসেবে হই বিরাজ্য ছায়াটা লাগিব হার
/kaggle/input/regspeech12/test/test_sandwip_0007.wav,এখন এটার মেজাজ কি কি লেখব কথা কিন্তু লেখব একবার বসে লাগে তা তো লাগে না দেড় কেজি দিতে মানতেছে নিকেলবে এক কেউ বুকে এরিকেল এক বুড়িও তোলে কালে গালে ফাঁকতে দিব না
/kaggle/input/regspeech12/test/test_sandwip_0063.wav,মুজরানি একজন নিতাশক শ্রেণিতে দুর্নীতির অভিবাসী এলিফোনে এক শান্ত লাগে যাবি কিছু হ্যানার তাকে রেখে ফেললে সিলেস কোথায় বাবু মনে করছে বাবু রাত চাইছে যে বাবু রাতে দূরে খেলে নাই যাবে গুছিয়ে নামান যাবের আগে কিন্তু তাকে হ্যা হ্যান করতে নিধাবাড়ি মাতা তুষার এবং মাতাদির নামে গেলে
/kaggle/input/regspeech12/test/test_sylhet_0687.wav, আমি নিজের প্রাণে অনুপ্রাণে বিজেপি অনুষ্ঠিত আমি শান্তি পাই যে ভোগানো হওয়ার সে তোমাকে বিমান নিলাম তারপরের রাজা মানে ব্যানিজীর মুখে এক পরে আয়ে আপনারা কোয়েটে একটু দেখেন ইয়ান
/kaggle/input/regspeech12/test/test_chittagong_0128.wav,কিন্তু মন্দ করে রাতের দানাও মনে থাকে ভিডাও হলো একটা ভিডা
/kaggle/input/regspeech12/test/test_sylhet_0095.wav,একটা অত বড় মাদ্রাসার পরে এরা ফাঁস কেটে হাঁস দেন লেগে প্রতি মাস্টার ইয়োর্ড দেখল আরে বুথেন বাদ দিয়েও আবার তোমার কলম খাতা এটা তো লাগবে
/kaggle/input/regspeech12/test/test_narsingdi_0107.wav,আমি এসে সেদিন ফার্স্ট টাইম আমি রান্না করতাম গেছি তারপরে ডিম বাজি ঠিক আছে সুলাদ বেশি জাম্মুর ছুটি ট্রাইপেন্ড আছে না এর মধ্যে দিচ্ছি ওয়েট ওয়েট ওয়েট ফরেশন না দেখো নিসেডা
/kaggle/input/regspeech12/test/test_narail_0050.wav,মাটি তো আমি কাটি নিয়ে কাটিতে আমার রনি মেশা আমার বউমা তা কি আছে তা আমার দেখার মধ্যে পড়ে আমি কিন্তু তোর দেখার মধ্যে কিন্তু পড়ে আমি তোর বাবার জন্য টাকা মামামামি হয়
/kaggle/input/regspeech12/test/test_habiganj_0099.wav,তারা তো কহিলেন কক্সবাজার লইয়া যাইব কক্সবাজার তো আমরা যাইতাম না কক্সবাজারের তো অতটি হাক তবে তিন দিন তাহা লাগব বাড়িত্বে গেলেন দ্রুত দূর যাবে লেখো দ্রুত দূর যাওয়ান না
/kaggle/input/regspeech12/test/test_sylhet_0498.wav,আর তসলিফুর রামখান্দার স্যুটে আমরা যে আল্লাহ বা আরও বড় সংযুক্ত নিলাম আর সত্যাহাতার অনুযায়ী
/kaggle/input/regspeech12/test/test_barishal_0015.wav,শুরু কইরা একই স্কুল ইন্সপেক্টরের নাইয়া হ্যারে কোয়ার্টারের কাউন্টি তীব্র থাকে এইটা আর ওনার কোয়ার্টার তুলাইটা ভৈতুলি এমন তালা বালতা না পারে
/kaggle/input/regspeech12/test/test_chittagong_0089.wav,প্রত্যেকটা এগুচ্ছ লক্ষ্য যায় যে এরা এক ঘণ্টা এক ঘণ্টা করে ছিলেছিলে তো কম্পিউটারে পড়তে যায় ফাঁকি দেব গো তুর্কিত ফলে কম্পিউটার আছে বর্ণ আচ্ছা কম্পিউটার আছে কিন্তু কম্পিউটার ইনভার বাহিলের কী ওর ভাষার মতো বাবুই নাচত যে
/kaggle/input/regspeech12/test/test_barishal_0066.wav,আমি আমার সিরিয়াত তার নেতা যখন বিয়ে সেতু করি নে রাত্তির একটা সময় কিছু মা বেতাল দিতেই তা না খেলে তো ঘুমোই পেয়েছেন
/kaggle/input/regspeech12/test/test_kishoreganj_0167.wav,শিশির বললেন বায়ু যখন ঠান্ডা কোন বস্তুর সংস্কৃতিতে আসে তখন বায়ুতে থাকা জলীয় বাষ্প ঠান্ডা হয়ে পানিপূতা হিসেবে জমাও
/kaggle/input/regspeech12/test/test_narail_0091.wav,তোমার তো বাড়ি বিটি বস্তু তা আমার কি তোর বিটা মানুষ মনে আছে নাই তা তুমি ত্যাগ করে দিয়ো
/kaggle/input/regspeech12/test/test_chittagong_0016.wav,হরিণ ওহীজ ওভান জ্বালাল শেষ না রে ওভান হাওয়ার দানা রে দুনিয়ার জ্বালারা কিনে এরে যে গরম পরের ওভান ঘুম তোকে কেন চাইতে না ভারীর কেন
/kaggle/input/regspeech12/test/test_sylhet_0253.wav,মোট একটা সহ খরচ লাগত না এবারে আমরা নিবুর মানে আমরা আনন্দি হত্যা হত্যা তখন তাই টিচার মানুষ তাই নিয়ে আমি কিচ্ছু হইতে পারলাম না তাদের গর্ত থেকে আমার ভাই একজন বাড়িয়া হইতেন তাই যদিও পরীক্ষাটা দেয়ায় আপনার বোনের চাকরি উঠবা নাও তাই হইবে আর তাই যদি চাকরির টাকাটা ওই যা কিন্তু তাই আর কামনায় আগাইতে পারত না ওগো তাই ক্লাস টার্গেট ক্লাস বর আমি দেয়া
/kaggle/input/regspeech12/test/test_sylhet_0091.wav,সাধারণ সাধারণ না হউক কিছু একটা হলে যাই মুদ্রা যাহা প্রথম খাব্য খাপ করি খাব্য খাব্য যাহ হয় যাত্রী যেগুন এটা সব করি করে যায় দুতলার গড়ো অস্ত্র থেকে সবকিছু নদী কড়াকড়ে যাই এবার তিনতলা
/kaggle/input/regspeech12/test/test_rangpur_0052.wav,কেমন ইনকাম অফিস আছে কেমন হাতে টেকা আছে কেমন নারাজ বেড়া কখনো এলে তখন কী দাম কমাতেছে কেমন টেকারা শাহিনের মাও ফিরোজের বউ ওই ফিরোজের বেটিও ফিরোজে
/kaggle/input/regspeech12/test/test_sylhet_0387.wav,এই রে ইমনে গিয়া এমনি করছি দাদার বাইরে
/kaggle/input/regspeech12/test/test_chittagong_0027.wav,এটি মগ্য প্রতীহ্নের হৃণ্যের গরিব বৈত্যের বলে বিয়ে দিয়ে ফেলে ঘরে
/kaggle/input/regspeech12/test/test_kishoreganj_0013.wav,নামাত মানে এই যে কি কুতুর্যের নামাত করব এই মানে হেতে ভোট হল না হে হৈমারী গায়ে কে আমারটা রয়েছে আমারটা দিস্তা আমরা হিসেব নিতে হি যে মাতাটা কিছু নিতে
/kaggle/input/regspeech12/test/test_tangail_0122.wav,তো দুই তিন লাখ কি হবে কিন্তু তারাও ওঠার চেষ্টা করবে তারা হল দেখলাম খাটিয়া বিছায়ায় সবাই দোকান খুলতে ব্যবসা করা শুরু করলে ময়লা কাপড়গুলো সরায় না তো এটাও একটা ভালো উদ্যোগ কিন্তু তাদের আসলে অনেক বেশি লোক আছে
/kaggle/input/regspeech12/test/test_sylhet_0174.wav,এরিয়াটা অনেক বেশি নিরিবিলি না না এদিকে স্কুলের মাটি ওটা তো কলের জন্যই অগ্রিব ধন্য দিতে হয়
/kaggle/input/regspeech12/test/test_sylhet_0572.wav,আর হিলাহ বেরা হইয়া পড়ি নাহিলে তোমাকে নিভাইতে নিয়ে অনেকটা চক্কর দিই নাই পরে তো অজ্ঞান করিলেন তিনি প্রতিযোগিতায় কান দেখে তামাকে কোনো দিকে রাখিলেন তিনি
/kaggle/input/regspeech12/test/test_rangpur_0008.wav,কে তুলে না শুনবে
/kaggle/input/regspeech12/test/test_sylhet_0452.wav,বৃষ্টির ভার মনে হলে আপনার কাছে থাকে না পন্ড বিত্তীনতা আবার মনে থাকে নিজেরা যেও এক সপ্তাহেই ছিল না বাচ্চাদের খালিকা আমি আমার জামাইয়েরা হইলাম যেও আমার এ পন্ড ফেটে না দিলাম একটু বাড়ি যাই ঢেকে ফিরিয়ে বলিয়া তুমিও ভবি একটা আবার পন্ড ফেটে না এখন যোগা যাইত না যাওয়া হবে
/kaggle/input/regspeech12/test/test_sylhet_0701.wav,যেখানেই থাকি নাইলে এখানেই থাকি হারিয়া হারিয়া মাতু আপনি কি তখন রয়েন ও মানে এক বড় বেকার
/kaggle/input/regspeech12/test/test_narail_0060.wav,কেটুক সেটুক বিক্রির দিকে যাচ্ছে না ওই বাড়ি প্লেয়ারভোড়া অত্যন্ত চাকরি দিতেও আর তারপরে পয়সাকাড়ি হলে তারপরে যেসব বুঝবেনি সেই স্মার্ট দেখছিলে
/kaggle/input/regspeech12/test/test_sandwip_0121.wav,কহিলাম না না রেখো বাহির বেশি খাইতে চাইলে অল্প লাগে কিছু না খেতাব বেশি কি বাংলা খেতাবে অতিরিক্ত ঘোষণা এবং আনাতিন উপাসারে নাতিনের ব্যাপার হইতে আরেকটা না দুর্বল আছে ভিতরের মাইনা হোক এক ক্যারে মাইনি ও আঙ্গ
/kaggle/input/regspeech12/test/test_sandwip_0073.wav,কোন অফিস বিষয়গুলো আসেই করা হয় বিরক্তই কহিল
/kaggle/input/regspeech12/test/test_kishoreganj_0092.wav,টুঙ্ক নাম কে মুখ করে তুমি কি কী করো
/kaggle/input/regspeech12/test/test_narail_0002.wav,বাগানে বাতাল উইলিয়াস শাহ নিরীবেন বাতাল আর ঐ জ্যারটা কি নাম জানো উইলিয়াস হারার বাইর বেটামো কী বলো না তুমি সারা জমি তাতে তো বাবা এটা পয়সা দিয়ে
/kaggle/input/regspeech12/test/test_kishoreganj_0099.wav,হেলুগা কেমো না অন্য কালা
/kaggle/input/regspeech12/test/test_narsingdi_0092.wav,রেডি বোর্ড গ্রুপে অনুষ্ঠানে বাড়া দিলেও বিভাগের বাইরে কয়েকটা এলো কিছু না বাবার কি আছে মাইক আছে ঠিক আছে একটা সাউন্ড ক্যাপ্টোগুলি আছে এবার ডাহাতান মিথ্যা করিয়া
/kaggle/input/regspeech12/test/test_sandwip_0097.wav,আমি সিজদি লোকাল গেলে আমরা অটো লোকাল নিয়ে নিয়ে যাই
/kaggle/input/regspeech12/test/test_sylhet_0330.wav,ও আদার বিভাগে চাকরি করতাম কর্ম ও ইংলিশ মিডিয়াম বিভিন্ন স্কুলেও চাকরি করতে আমার খরচ্থা আমি জেয়ার করতে পারি আমার তো যে ইউনিভার্সিটিতে যাওয়ার পর থেকেও সেলফ ডিফেন্ডেন্স হওয়ার একটা টেন্ডেন্সটি নিজে নিজে খরচ করিয়া নিশ্চু
/kaggle/input/regspeech12/test/test_kishoreganj_0063.wav,ফুলটা না না না ঘামে তাকে পুলা ভান দৌড়ে কেলাইরা
/kaggle/input/regspeech12/test/test_sylhet_0295.wav,তাই গিয়া বড় বড় রিং দেখি আর আমি গিয়া ছোট ছোট রিং দেখি এখন তাই আমার এক হয়ে তুই দেখিতে কিটা দেখ তুই একটা বালা দেখিয়া দেখোস না কেন এই তার ছোট ছোট রিং দেখোছি তখন আমার মাঝে কাজ করে যা আমি যদি একটা বড় রিং তখন টুলস করি আর এটার যদি পেমেন্ট করতে পারেন না তাই একটা ফরম পাইবা
/kaggle/input/regspeech12/test/test_sylhet_0200.wav,কেউ দাঁড়াইতাম কেউ বইত তলা বইয়া দাঁড়াইয়া কোন রকম করা আর যখন দেখছি যে না টেবিলে দাঁড়াইয়া পড়তে পড়তে মানে ফাউর বেদনা বেজিত তখন আমরা টেবিলের তলে বই দেখতাম পড়ালাম তারা ঘুমায় যাও
/kaggle/input/regspeech12/test/test_sylhet_0496.wav,হেমন বাদের মধ্যে আমরা যা বলিয়া দিতাম পারি না খুব মানুষ পিঠে প্রায় থেকে ভর্তি করে নাই এখন আমার ফ্রান্ড বন্ধু অন্যাপিতা হওয়া বাথরুমায় এমন খারাপ খুটছে আমার লাকের পর কিছুক্ষণ দিয়া আমার একটি পোষ্টা পর্যায় গোকামানুষ্ট রিয়াক্ট করিয়া যাইয়া আমি এদিকে সাহান্য করে দেখা আমরা বয়ার গলায় খালিটা দিয়া কাজ করি পর্যাঙ্কের কেন আমি একবার থেকে দেখেছি আমার তো বিয়ে গুরুদিনের দোরা কিন্তু তো দোরা না কিন্তু তো দোরা না নাই বিয়া গুর্তো হবা বাহী দিয়
/kaggle/input/regspeech12/test/test_sandwip_0039.wav,কি ম্যাচ গেছি না কোনো রকম আরো কিংবা হুঙ্গাছুই একেনকো কোনো রকম মাছ তুই যে কি ম্যাচ সেন্ট করিতে লাগ না
/kaggle/input/regspeech12/test/test_barishal_0048.wav,আচ্ছা আমরা একটা কথা কহি দিদি আমরাই একটা জিনিস বুঝি কোনো মানুষ কি চাই যে গৌর একটা ভিন্ন মানুষ হতে রাখুক আমরা কি অসাধুজন লোক এরপর কওয়া লাগে কেউ দুঃখের চোটে কওয়া লাগে এই কামগুলো করে মানুষে
/kaggle/input/regspeech12/test/test_barishal_0007.wav,আমাকে মতন দিনমজুরির খেলারা ভ্যান্ডালরা বদলা কমলারা জীবনে মা বাপ হালাইবে না আজ্ঞে যদি মাহেও হইবি স্নে পানি পরীক্ষা করে তম হালাইবেন আর এই যতই দুই একটা বড় ধরনের ঘটনা দেহে বড়লোকের ভিতরে হয় মান সম্মানটা একটিতে বাজে মা বা পরিত এঁদের তারে না
/kaggle/input/regspeech12/test/test_tangail_0036.wav,কোনো একটা মানে হিস্টোরিটেকাল ছবিও পরে দেখলাম যে না যদি আমি অনেক পরে দেখছি এই ছবিটা অসম্ভব একটা সুন্দর ছবি যদি এটা যারা প্রথম ছবি দেওয়া শুরু করছে তাদের পক্ষেটা
/kaggle/input/regspeech12/test/test_narail_0079.wav,আমার বন্ধু অবস্থা ভালো না তুই কথা বলতে এসে সবার বুন্দি রাগারাগি করবে না তো বুন্দি রাগারাগি করবে
/kaggle/input/regspeech12/test/test_sylhet_0131.wav,এই জায়গায় তো একটা বাইক দুই দুই হোক দেখার পর খুনি দিয়েই আর আমি তো বাসাত্তাম করতাম তাই না তুমি আজ খামুল ঢুকতি আইস মনে হওয়া তো এখন এটাকে ঘৃণা দূরে করতাছে
/kaggle/input/regspeech12/test/test_kishoreganj_0083.wav, আমরা দেখাচ্ছি আমরা প্যারাইটা আর কিছু একটা লাগে কাজ চলো না কতক্ষণ লাগে নাড়তে গেলে এলে এই ঘণ্টা
/kaggle/input/regspeech12/test/test_sylhet_0344.wav,বাইবা দিতাম তখন আমি বললাম যে এখন তো চাকরি করতে সমস্ত নাই বাচ্চা ইচ্ছে দুনিয়া মোটামুটি ডিসিআরসো সার্টেইন্ট তো এখন চুক্তিবার্গী চাকরি করি দেন তাই হইলে এখন তুমি করতে আমার অস্বাবস্থা নেই
/kaggle/input/regspeech12/test/test_noakhali_0009.wav,কাগজ সাতটি টাকার বাজার সদার প্যানে কিনছেন আপনি আমি কিছু জানি না কিয়ে গো
/kaggle/input/regspeech12/test/test_sandwip_0130.wav,আর একদম অ্যাস একদম আঙুইয়ের হলেন না যদি আইনের ফেসার দিতে মেরব আঙুই হলাম কোথায় কী আছে
/kaggle/input/regspeech12/test/test_sylhet_0727.wav,বিয়ার ভাঙে তাহা লাগে আর বা দেয়ার টাকা কিন্তু তা না কি না তা না ফল প্রকৃত হয়নি না দুই দিন ধরে আমরা রাত্রে তো ব্যথা পাবে না
/kaggle/input/regspeech12/test/test_sylhet_0675.wav, আন্টি আয়োডেন এদিকে আয়োড আপনি বেয়াক অবাক করে দাও মানুষেরা তোরা উহার দিকেই কম্পার্ট করছে না
/kaggle/input/regspeech12/test/test_sylhet_0499.wav,আপেল বামে আরামবাগ অমন ও ফাসতালা বেরিয়ে নিয়ে মাত্র করবে না যাওয়া আসা হয় প্রতি শুক্রবারে তো সোখানেও কন্ডিশনালগ বাছার হিন্দু গেলে তোমার সব প্রতি শুক্রবারে আমার ননহরি মানে যে আমার বোন বড় জোনাকিলেন না নোন হরি হই আর নামার কি প্রয়োজনের আকারে নোন হয়ে কিন ওরকম সব দলই বা আমরা সব জাল ওলাল আছে আমার বড় জালা বাড়ো তাই না বাসার
/kaggle/input/regspeech12/test/test_sylhet_0080.wav,তোমরা গানটান করো না
/kaggle/input/regspeech12/test/test_kishoreganj_0116.wav,কোনটির জন্য পানীয় উদ্ভিদের উপর নির্ভরশীল খাদ্য কোনটির জন্য পানীয় উদ্ভিদের উপর নির্ভরশীল খাদ্য কোনটির জন্য পানীয় উদ্ভিদের উপর নির্ভরশীল খাদ্য নিচের কোনটি সঠিক খাদ্য শৃঙ্খল গাছ পরিগাছ ছাপ বেঙ্গ
/kaggle/input/regspeech12/test/test_tangail_0037.wav,বোঝা একটু কঠিন হইতে পারে ছবির একটু লম্বা লোমও হইতে পারে কিন্তু ছবির ভিজুয়াল থিম সব সুন্দর তবে দেখা ভালো লাগবে পুরা লাস্টের দিকে যায় আপনি এদের গীতা বুঝবেন মর্মরা বুঝবেন
/kaggle/input/regspeech12/test/test_sylhet_0183.wav,আচ্ছা তাই আপনারার অনেক সময় নষ্ট করলাম মনে করেন না ফিরে যেতে থাকেন
/kaggle/input/regspeech12/test/test_sandwip_0114.wav,কমা ঘরে একদিন স্কুল আছে বেতন ডাকান দিবেলায় মনঃপ্রথম ফ্যামিলিকের সঙ্গে নাতিশ্বাস ফ্যামিলিকের সঙ্গে মোহামা সাজেহেতের তো বনোদিগ নাই কিন্তু সেই মার কিছু কোনো উপস্থিতি নেই পারেজি গেলে অবস্থা ক্লানেমুল আমাকে দেখে যেও বুদ্ধি
/kaggle/input/regspeech12/test/test_tangail_0015.wav,এইডসে আক্রান্ত হয়ে যায় পরে একদিন মেরির সাথে দেখা হয় মেরি পরে ওর বোঝায় সব মানে মেরি ওর সাথে অনেক কথা হয় পরে ও নিজের চেঞ্জ করে ফেলাব বলে সিদ্ধান্ত নেয় পরে আবার যায় কুইন ব্যান্ডসের সব সদস্যদের সাথে কথা ট্রাথা কহিয়ে
/kaggle/input/regspeech12/test/test_chittagong_0073.wav,প্রতিটি আসিল তারপর আরও আমরা পরিচিত এনকে আর মামাতো বোনার অধিকার পর্যন্ত হল ডিজিটাল বোর্ড ধারা কিন্তু সোয়ালের টিয়াকেরা বেশি লোক বেসরকারি তৈরি অনাকুল্য ফেলাইব কিন্তু টিয়া না হত সরকারি তোটি আলোক বলে
/kaggle/input/regspeech12/test/test_comilla_0020.wav,তাহলে বিষয়টার মধ্যে কিন্তু অনেক ইয়া ছিল আবার কায়েন্টের তার একটা আমরা যখন যাই পরে আর কায়েন্টের তার দেখি নাই কায়েন্টের তারটা ছিড়া সবাই ধারণা করতেছে যে দোলনার যে অ্যালুমিনিয়ামের যে ইয়াগুলা থাকে না সম্ভবত এই দোলনার রশিটাতে কায়েন্টার তারটা ছিড়া পড়ছে এরকম মানে এটা ধারণা করতেছে
/kaggle/input/regspeech12/test/test_kishoreganj_0074.wav,তোর দাদা যাতে আমি যাতাম না তুমি ভাই একই লোকে তুমি ভাই একটা নেকে না
/kaggle/input/regspeech12/test/test_sylhet_0759.wav,ধারানা ওহানু বলতে মানে পানির কিটা ফল দেয়াকে
/kaggle/input/regspeech12/test/test_habiganj_0065.wav,ওই তিক প্রেমে নেইটা থাকতে আগে হালি থুকায় থুকায় বাড়ি করতাম আনন্দ ফান্ড পরে বাংলা ইটাইটা কুন বইয়ের মেঝে গল্প আছে ইটা তো তুকায় তুকায় টোপ করে উঠতা আর এমনেও পড়ি গল্পের বই আর ওখানেও মোবাইল হইতে ভর্তিকা মোবাইল ইমাইটে কত গল্প দেয় মোবাইলের গল্প ভাল লাগিয়া পড়ি কয়দিন আগে আমরা পরীক্ষার আগে মোবাইলের গল্প এমন নিশাৈ কি গল্পের বই কি না ভাল লাগে না
/kaggle/input/regspeech12/test/test_sylhet_0639.wav,কিছুটা করতে ভালো লাগে বিক্রিয়ায় মেয়েটা খোলাকার রেহাড়ে উঠে উনি নেই তোমার লোকায় দানু যাও
/kaggle/input/regspeech12/test/test_sylhet_0244.wav,এর আগে কহিলেন আমি তো এসেছি যেহেতু জেলার মধ্যে ফার্স্ট হইছি তো বোর্ড স্কলারশিপ পাইছি বোর্ড স্কলারশিপের কারণে আমি ইন্টার পর্যন্ত প্রিফিউ করিলেছি অম্মত কিন্তু উজানে যেও লাগতে লাগতে পুশকেলের ফরস্তা
/kaggle/input/regspeech12/test/test_sandwip_0080.wav,বোমার গুণ তুলি করল মুনি হতে যেতে লাও আপনি কাটিয়ে কাটিয়ে কাটিয়ে কাটিয়ে কাটিয়ে হবে আপনারু কবু
/kaggle/input/regspeech12/test/test_kishoreganj_0069.wav,না আমি তো কি পারি না রাজা হল ভাই
/kaggle/input/regspeech12/test/test_sandwip_0035.wav,আল্লাহ কী রেন্সেনার জেনারেল
/kaggle/input/regspeech12/test/test_sandwip_0048.wav,বুড়োরা উনার মাথা পাহারা হচ্ছে আর স্বরোচ্ছ নিশ্চয়ই না হরিজে লাগিতেছেন
/kaggle/input/regspeech12/test/test_chittagong_0137.wav,কিছু হয়ে গেলেই আনে আরো হাজতের চিবাতার হাতে নাকি আরো কোন বাসুদ পুড়িয়ে দিত নেই নাই বলে বাসুদ ঘুরিয়ে রে হারলাহ নামে যেত মায়ান্টি কিছু আগাম আত্মা তো চিনি নি আই লেতগো না ফারি মাইনা পাড়াহার হাজতেই তাড়ালেন ঢি
/kaggle/input/regspeech12/test/test_sylhet_0069.wav,তাই আপনারা ধর্মীয় আচার অনুষ্ঠান লইয়া যদি কিছু করেন
/kaggle/input/regspeech12/test/test_kishoreganj_0148.wav,মুক্ত খেলে গান বাজিয়ে এবং লাইট পিকার এবং মাইক বাজিয়ে মানুষ শব্দ দূষণ পৌঁছি হয়ে দেখেছি শব্দ দূষণ মানুষের মানসিক ও সাহায্যিক সমস্যা সৃষ্টি করে
/kaggle/input/regspeech12/test/test_kishoreganj_0009.wav,বহুর জায়গাতে দুই একে কোনটা এক বাজার
/kaggle/input/regspeech12/test/test_sylhet_0083.wav,এটা হচ্ছে বাঁকালির মূলত মানুষ ছিল হ্যাঁ শেষ করিনি যে মশা একটু শুনো বাসায় সাইডে নেই না বাসায় না একটু হাঁটতে হাঁটতে মাতি
/kaggle/input/regspeech12/test/test_sylhet_0570.wav,দুর্বলতা নয় স্যালাইন চেলেন্টোসিল ভিটামিনের মারারান্নে হয় ডাক্তারের আগে অতিরিক্ত একটা রোগ কনটিনিউটের ওষুধ খুন হয়েছে আর মাথায় গুঁড়া এনে নেই আন্দায় প্রাণের স্কুল আছে কীভাবে যুক্ত থাকলে আজ তার খেয়ালাল করেনি না
/kaggle/input/regspeech12/test/test_tangail_0076.wav,ওই শিউলির যে বেড মানে বানিতার যে বেড নায়িকার যে বেড ঐ বেডের পাশে রাইখা আছে পরে এই ফুল ওর তো আবার পছন্দ আছিল আগে থেকে এই ফুলের বাসনা তো মানে কথা না বলতে পারলে অনেক সময় সেন্স কাজ করে ওই সময়ের সেন্সটা মানে
/kaggle/input/regspeech12/test/test_sylhet_0669.wav,আপনি এমনের হাউস আইসি আমার থেকে বেলা মেয়ে হয়েছে রোবার চেরো মেয়ে হয়েছে
/kaggle/input/regspeech12/test/test_kishoreganj_0173.wav,নিরাপদ পানি পুকুরের পানি নিরাপদ না অনিরাপদ পুকুরের পানি নিরাপদ এলাকা লামকে অনিরাপদ
/kaggle/input/regspeech12/test/test_sylhet_0741.wav,তারা রিকানালগে সম্পর্কের জন্য তারা তোমাকে না করে তাহলে অন্য কেউ না
/kaggle/input/regspeech12/test/test_sylhet_0433.wav,তুই জানি না হয়তো যদি খারাপ হই যে রে বাবা তা আমি একটু পরেও গিয়া খাই পরে একটু ফোনে দেন অন্য ম্যাডামরা পছন্দিত চিত্রের জন্ম একটা হালকা ইচ্ছা করি কিন্তু তাই না করে আমি জানতি কিন্তু আপনি একটা হরিণাকার তাহলে না বাবা বাবা যেন মার বাড়িতে সন্ধান বা কোথানিতে থেকে দেখো যাব বাবা তোকে সান্নাক ঘটবে না তুমি জানো না
/kaggle/input/regspeech12/test/test_sylhet_0737.wav,অগ্নি থাকছে না এটা ভাবনা নিয়ে আমি
/kaggle/input/regspeech12/test/test_kishoreganj_0068.wav,চোচুমা মার দুইটা চাও ভাই পুকুর বাতাল লিয়ে চাপাই তো
/kaggle/input/regspeech12/test/test_sylhet_0346.wav,বিনিয়োগের আগ পর্যন্ত বাল্লার্মা যখন তখন তাই হবে দিয়া ভিটিয়া তুলি হইল হইয়া
/kaggle/input/regspeech12/test/test_sylhet_0162.wav,বালি মুখ রাখিয়া ফ্লাই ফোলিয়া ফুনালে হত্যা দেখানো কিছু পাইয়া বোহ বাচ্চা জামাই পেলি বোধ
/kaggle/input/regspeech12/test/test_kishoreganj_0189.wav,ব্লুতনি নারী চিকিৎসা করেছেন
/kaggle/input/regspeech12/test/test_sylhet_0540.wav,কেন্দ্রে সারা দিন আগ লাগে হলে আস্ত যে কোনো সময়ত আমরা এলাফিস্টিক মিস দেই না তাহে না আলাদা স্থান গ্যাস ফিক্সডার ফিক্সড করে লাস্কে তিনটা সময় হানি ব্যানিসন বিশ্বকাপের জন্য
/kaggle/input/regspeech12/test/test_narail_0108.wav,আর আছে শুধু ফ্যাট টিস্যুটা ওটার এখনো কোনো পরিবর্তন হয়নি ফ্যাট টিস্যুটা ওটা দেখি এবার যে আবার দেখাতে হবে কী হয় না
/kaggle/input/regspeech12/test/test_kishoreganj_0058.wav,এই যে ইলাহ জীবন
/kaggle/input/regspeech12/test/test_kishoreganj_0080.wav,দুই দিন আছে তো বেচে না খায়ালা দাদা
/kaggle/input/regspeech12/test/test_rangpur_0064.wav,কে আপনার বিয়ে করতে চাও আপনার বিয়ে করতে ছাওয়া হয়েছে মানে তাহলে যেটা দোকানের বিয়ায় নেই তারা নিন্দু করে ওই যে আমার বাহ্যা আছে
/kaggle/input/regspeech12/test/test_sylhet_0497.wav,ষপদ বাবা এটা কীভাবে আসল তুমি একটা টানিতে বাথরুমে যাইয়া তুমি একটা চাপ দিস কোনো ব্যথা লাগিয়া নিয়ে গেছে পরে মিডিয়া অডিআই আছে এবার বানাচ্ছা জিহ্ব কীভাবে তখন কিন্তু আমি তো জানি মনে করি যে তারা আমার একটু দূরে উঠিয়াছে না আমার একটি দলিলের মানে মনে হচ্ছে তারা টান্তে মনে হয় কিন্তু বিনায় অভিযান ও নামের জন্য বৈঠকে গিয়া আরোহিত রাস্তায় থেকে এসেছিলে বেরোলে সম্ভবিত কিন্তু মানে কষিয়া সিট সুপ করিয়া গে গেছে
/kaggle/input/regspeech12/test/test_sylhet_0188.wav,অনো আব্বা মা আমরা আটজন মেয়ে যখন নয়জন তো আনো করে তখনো আবার বড় ভাই বিয়ে হচ্ছে তারপর থেকে বড় ভাই বড় ভাবি
/kaggle/input/regspeech12/test/test_rangpur_0025.wav,তাও যাই আমার বউ আগে যে এই বাড়ির মানুষ এই যে নীলিপুর গরু খুশ করে সর্বপ্রথম ফতাখানা এই যে তোমার নালী নবু
/kaggle/input/regspeech12/test/test_sylhet_0612.wav,আব্বা জানেন মিলাই আছেন গোসল মানের গল্পে গল্পে আইন আনে যাই তাকে বরং তাঁর জান গাও বাদ
/kaggle/input/regspeech12/test/test_habiganj_0051.wav,ধর্মীয় বৈঠকে এতা করি প্রার্থনাত্বনা করি গানুন গায় গাইয়াতে
/kaggle/input/regspeech12/test/test_sylhet_0648.wav,আমাদিগের মাধুরী কোথাও আছে তুই করে কটুকুই কে বলল
/kaggle/input/regspeech12/test/test_comilla_0011.wav,হয়তো এই দুলনার কাছ থেকে ওদের রিয়ার্সাল রুমের দূরত্ব হয়তো তিন চার মিনিট হবে ওখানে যাওয়ার পর স্যার যখন বলছে যে রিয়ার্সাল হবে না তো তখন আবার ফিরা আবার দুলনার কাছে আসছি আয়েশা দেখেছে ওর বান্ধবী যেন সাইবা সে দুলনার মধ্যে একদম অদ্ভুতভাবে বৈশার আছে
/kaggle/input/regspeech12/test/test_sylhet_0107.wav,সাত হাজার হাজার থেকে তৃতীয় হাজার চার লিখে উঠল না মাইকে হইতে আমরা পুতলে করো না হতে যাব পরে মনটা কহিলাম সাত হাজার টিহার দিলে আমরা লেগেও আমারও খুঁজতে পাশা দেয়া যেটি হয় নিটিহা মুদ্র দেখেই যাক
/kaggle/input/regspeech12/test/test_tangail_0069.wav,মানে জানে তখন ওই যায় হাসপাতালে আর ওরা দুজনকে পছন্দ করত মানে কিন্তু বরুণ ধাওয়ার মতো সিরিয়াস ছিল না আর মেয়েটাও মানে যে নায়িকা অর্থাৎ মানে দুজনে কেউ কারো বলে নাই বরুণ ধাওয়ার সিরিয়াস ছিল না মেয়ে দাওয়াও
/kaggle/input/regspeech12/test/test_tangail_0063.wav,আর বরুন্দা ওরা বানিতা দুজনে হয়েছে হোটেল ম্যানেজমেন্ট আর ট্যুরিজমের মানে স্টুডেন্ট মানে ওরা একটি হোটেলে এখন আর জপ করে সম্ভবত মুম্বাই কোনো একটা ফাইভ স্টার হোটেল ম্যানেজমেন্টের কাজ করে
/kaggle/input/regspeech12/test/test_sylhet_0761.wav,বন্ধু বলতে দামিত্বে দাদুর মেয়েটি না তোমার হালা না না নিজের বিধবা হালা না
/kaggle/input/regspeech12/test/test_sylhet_0402.wav,ঠান্ডি প্রশ্নের চাহিদা মানে ঠিকঠাক কিনা তাহা হইবার সঙ্গে তাহার মারা যায় উঠবে না এখন আর যেন রাস্তা ঘিরিয়া খাইয়া জাগায় জাগায় বায়ালটা কহিয়ালাম না সকালের এইটা বিমান দিয়া ডাকাত আবার বিকালে এইটাম অনুরূপণ চলাফিরা হোসেনের খুব ব্যবসা থেকেই দেন
/kaggle/input/regspeech12/test/test_kishoreganj_0091.wav,লুডিকা হুম যাচ্ছে না বালা বালা হুম দাওয়াতে করছি
/kaggle/input/regspeech12/test/test_sandwip_0094.wav,তোর কানে না আর কেবল নাকি না কানে
/kaggle/input/regspeech12/test/test_sylhet_0436.wav,আমি বুঝতে পারি না ভুল বললে তো আল্লাহ আমার বুঝে গেছে যে ও ভুলটা তুমি করো না তা বাড়িয়ে বাড়িয়ে আমি ভুল পিতার পর আমি বুঝতে আব্বারি না আমি নিজের মধ্যে কিন্তু পিতারা এটা মনে হয় আমি কোনো ভুল করব আমরা সম্ভবত ওরূপ হব বলে যে বাবা আপনি যেন এমন
/kaggle/input/regspeech12/test/test_narail_0134.wav,তোরা দুই বাঙালি বলেছিস না তুই যেরকম বাড়ি থিয়া মাড়ে থিয়া কোন জায়গায় যাতে পারবি নাই
/kaggle/input/regspeech12/test/test_narail_0094.wav,আমি যেদিন মনে করছাম তাহলে তোর সাথে কথা বলতাম না তুমি জানো বালকে একসময় তোর সাথে আমার যে পরিমাণে কথা হয়েছে তা কান্তার সাথে দাও
/kaggle/input/regspeech12/test/test_narsingdi_0055.wav,না তারা জানি তুমি মিটাতে আশ্চর্য দেখালে
/kaggle/input/regspeech12/test/test_sylhet_0425.wav,পরে যাক লন্ডন থাকি ম্যাডামের জন্য তারার পরিচিত জান্নাত বোয়িং তারার হোল থাকি ডাক্তার নিয়ে স্পোর্ট হন তাই না বা ডাকাতে গিয়ে বই মাঝে মাঝে বাংলাদেশে যাই পরে তাই প্রশ্নের চেয়ে আমার কাছে লেগে আসবে পরে আমার লেগে ম্যাডামিং মারছেন কোনো মাছে ভিডিও কল দিয়ে টেক্সটের মাছেন
/kaggle/input/regspeech12/test/test_chittagong_0111.wav,মেসেজটি বানাচ্ছেন গুরুদি তাঁকে কি আপনার হৈদিক আমিও দেখো আপনি হচ্ছে আইডি ইটের গ্যারোম জিরের নাইয়ুর আইডি বলছে আমফেন গৌরীর নতুন ব্লক মাইজানেন হয়ে আঁকাআঁকি রেখে গিয়ে মেসেজটির সাথে জিজ্ঞাস করেন বাস্তা সুরমির দিচ্ছি
/kaggle/input/regspeech12/test/test_narail_0084.wav,বুঝিনি বাছা এসেছে আরে বলুক না আচ্ছা জবানিতে আজকে দেখো হয়তো গোত্রের অঙ্কুর পাড়ে অঙ্কুর পাড়ানো ওর বাবার কাছে রয়েছে
/kaggle/input/regspeech12/test/test_sylhet_0021.wav,তারপরে প্রথম দিন পূজাটা হয় সপ্তমী পূজা সপ্তমী পূজার দিন সবাই আমরা যে প্রতিনিধিদিন পূজার সপ্তাহিত্তিদিন আমরা না খেয়ে মার কাছ থেকে অঞ্জলি পূজা ঠাকুরে করবে
/kaggle/input/regspeech12/test/test_tangail_0028.wav,তুমি আমার সোলমেট ডেসটিনি তুমি আমার ভাগ্যেই লেখা ছিলাম তারপরে এরকম হয় পরে আবার জোনাথন আর সারা দুইজন দুইটা ভিন্ন লিফটে উঠে বলে যে আমরা যদি একই ফ্লোরে আবার এপ্রেস করি আমরা যদি আবার একই ফ্লোরে আসি
/kaggle/input/regspeech12/test/test_chittagong_0091.wav,কেউই নয় আর কলের জমির পক্ষ হল তাহলে কী রকম হলো জানা ভাটের হাসি মাথায়
/kaggle/input/regspeech12/test/test_kishoreganj_0147.wav,কানাডা প্লায়েট যে সবুজ রাখলে যে হলুদ বা সুগন্ধি করা এই মুস্ত্র বাংলাদেশের সবুজ রঙের বাঙ্গি সবুজ রঙের বাংলাদেশের বাংলাদেশের বাংলাদেশের বাংলাদেশের বাংলাদেশের সাধারণ ঠিকানা হোম বাজার
/kaggle/input/regspeech12/test/test_habiganj_0064.wav,যদয়ামিতাল ইয়া মা আমার একটু ভক্তের হয়তো রত বড় টাউটেরা ইয়ামেরায় না হইয়া ওই দাগা মার্কেট ও বান্ধবীয়ার সাথে গিয়াতেরা কাপড় উপর নিজে নিজে কিনে নেয় না লাভ আমি তো যে গাছ লাগানি বই কিনা গাছ কিনা ওগুলার লেগে অনেক ভয় ফুল গাছ লাগানির লেগে বাড়িটা যে কোনো মতো মোক্ষা ভাইছি খালি কৈত ইতাকে লেগে আজ এরা গাছ লাগাচ ইটা এখানে লাগাচ করে এইটা লাগান লাগত না এইটা লাগান লাগত না আর এটা লা কেটে কেটে কিনান চোচ
/kaggle/input/regspeech12/test/test_barishal_0072.wav,ধর্ম ওর কানে হিন্দে ঢুকো হিন্দে বাই করে দিবি নট আলাউড মাইরে খাওয়াইতে হেইরেম যদি হয় হয়তো হয়তো ভালোই কি আমরা মনে করি নাই তো পতাকাটা কইরাম আমি মনে করেন মানুষ এইরম হইতে পারি সাদা কাগজে লেখি তুদি মেয়ের একটা কথা যদি কেউ ঘুরেই হেলাইতে রেজা নাওয়ার এই একটা কথা মিথ্যা
/kaggle/input/regspeech12/test/test_tangail_0058.wav,বলার টাইম নিয়ে নেয় না আর কি এরকম অথচ আপনি আপনার সারাটা জীবন মানে তার হাতে খুবই রাখবেন কিন্তু সে বিদায়ের সময় সে একটা গুড বাই ওয়ার্কি বলল না এরকম
/kaggle/input/regspeech12/test/test_kishoreganj_0094.wav,আমাদের বইতে বেকে বলতে পারছে না নামাজ পড়ি মুক্তিও তাড়ানোর জায়গা
/kaggle/input/regspeech12/test/test_barishal_0090.wav,ভাগ্যান্য বানাইছিলাম এই আরাম্ভের নাম লিখে যেমন তারা কোথায় ওদের ব্যাপার পাবে
/kaggle/input/regspeech12/test/test_kishoreganj_0093.wav,হ্যালো তুমি থাকতোস না নামাত্মাই মাদক্য তাহলে হোস না নাও কেন মূর্তিতে বসো আমার মাঝে মূর্তিতে বসো
/kaggle/input/regspeech12/test/test_habiganj_0043.wav,ব্যক্তির ভাগই বালা লাগে কিন্তু এর মাইটা আছে একটা দুইটা বালা লাগে না ভালা লাগে ব্যক্তির ভাগই কিন্তু ঐ যে মোবাইল লইয়া যে বইয়াতাহি ইটাল লইয়া যে বহেয়েন হলে ঐ খালি মন হয় যে না বালা না
/kaggle/input/regspeech12/test/test_sylhet_0431.wav,মানে একুশ দিন না চৌদ্দ দিন পরে এগুলি কিভাবে খুঁজিতে আমার সিট কাটিয়ে দিলে এইটা প্রসেসের তিন মাস পরে আরেকটা অপারেশন করে পারব মানে এক অপারেশনে ঠিক কম আর একটা অপারেশন ছাড়াই দিন না হয়
/kaggle/input/regspeech12/test/test_tangail_0075.wav,শিউলির যাহা হওয়ার তাতে হইছেই আমরা আশা করি অসুস্থ হয়ে পড়ব এরকম পরে বরুণ ধাওয়ান যখন আয়ের মানে আয়েশা বর্ব ঐ সময় আবার অক্টোবর ছিল ও শিউলি ফুল নিয়ে
/kaggle/input/regspeech12/test/test_chittagong_0077.wav,বিচারের মধ্যে আখ করিতে দিবি না আস্ত আলাদা আর রাখছ আলাদা এসবের আয় গেলে তোমার হারায় কিন্তু যদি দল বছর করে আমাদের ফর্ম ভরে
/kaggle/input/regspeech12/test/test_sylhet_0031.wav,সবাই যে দোয়াল এই দশ বার হাজার মানুষ হাসিবারের দশ টাকা নিচে থাকা দিত না আরও বিক্রি দিবে এই পঞ্চাশ টাকা দেখে এক ছোট খাওয়া দেয় যার চেয়ে মনের প্রেমের ব্যবহার দিল দিয়া নিল তাই নবমী পূজা শুরু হইল
/kaggle/input/regspeech12/test/test_sylhet_0734.wav,পাঁচটি বিয়ার দিন আবারও এক মেয়ের সাক্ষা দুদিন জামাই বউ যেন জামাই আছে জামাই বউ দুইজনের মেয়ের সাক্ষা আর রাত্রে তো একলা বহুকে বৈরাত্মক বিয়ের সাক্ষা অনেক না রাত্রে ওঠা গেল আমি জামাই বুদ্ধি হতে নাই
/kaggle/input/regspeech12/test/test_sylhet_0345.wav,তখন রইল গিয়া ভাইবাদি লাইফি ডিসি আছে ভাইবাদি আমি কোন দিন রাতায় ঘর কোন দিন একটা গেজেট নিয়ে কোন দিন নিয়োগ পাইনু ও ফার্টে গিয়া আরেকটা ফার্টের লেগে প্লাইভ ছিলাম হিস্তব বাংলাদের তখন এটা ফাস্ট ক্লাস থাকিলেছে এগার হাজার ছিল ও চাকরি করছি
/kaggle/input/regspeech12/test/test_narail_0122.wav,দেয়ানোর পরে ওরে খুলনায় নিয়ে অ্যাডমিশন করে দেবকুমারী কালিয়ার স্কুলের পড়াতে বেনা সেটা বলল আচ্ছা আচ্ছা শাহেন স্যার জানিস মুখুশি এত ভালোবাসে শাহেন স্যার কেন সব চার্জা ওরা খুব ভালোবাসে তুই বুঝতেছিস ছয় মাসের ভিতরেই এক মাস ক্লাস করিতে এক মাস প্রাইভেট করিতে ছয় মাসের ভিতরে
/kaggle/input/regspeech12/test/test_narail_0023.wav,ছিলা ওই আইসে গেছে খাইছে নেচে সেই দেশাতে এই আগে কোনোদিন পরিচয় নেই ছোট ডাক্তার শেষকালে তৈরিয়া সেই দেশাতে ছুটিয়ে যায় খাতার ভেঙে এই দেশাতে খাতারে ছোট দিয়ে কোন দিনে তোর ছোট দাদু ছোট মামা
/kaggle/input/regspeech12/test/test_sylhet_0657.wav,মার্চের দিন যায় তো তার লাভ যে চাকরিটা শুনছেন মাতা ভাই এই ওটা হরিয়ার জোত্ট না আটা করার এই চেইয়ে যায় নাতিনাথ আলম দরবার করি হাজ্জাগরীর নাকি তা ফোন করি মাসিমুনির নামে দুর্গার ভোট সানজাম্বি মাইরি ফিরে চাধুরি করি
/kaggle/input/regspeech12/test/test_sylhet_0723.wav,তিনি বলেন এত তো আমরা দাদালালে সিঙ্গিপানের অভিনেতা ছিলাই আমি
/kaggle/input/regspeech12/test/test_noakhali_0008.wav,কাইল কেন্দ্র নাবে কাইল কেন্দ্র নাবে কাইল কেন্দ্র নাবে কাইল কেন্দ্র নাবে কাইল অবশ্য জোনা এত কিভাবে যে একটি দিন কেয়ার যাচ্ছে না
/kaggle/input/regspeech12/test/test_rangpur_0129.wav,আল হামদলিল্লা ভালো তোর কী অবস্থা কিছুক্ষণ নাই গল্প কিছু করিম মোবাইলে থাকনার রেকর্ডও করি তাহলে কোনো সমস্যা হয় ভিতর না সমস্যা কি এত তুমি বন্ধুবানের
/kaggle/input/regspeech12/test/test_habiganj_0006.wav,আরেকটি দাসারে বাজার হবে না যে একদিনে তিনজন গেছে ওই বাজারে যারা দ্বিধায় ডাকাটা করি
/kaggle/input/regspeech12/test/test_sylhet_0586.wav,যে জোহাল পড়লে তো টেস্ট ও ফাস্ট উপায় যে পরের পরে দিনের ঊর্ধ্বে সার্কিফ করে তখন ঊর্ধ্ব সারে ফারাইজার আর পরে ও টেস্টের পরে থেকে জোয়ারে রাখেন আমরা তো বুঝিয়া করছি না আমরা একদিন বাড়ি আমরা তো দেখতেই পারি না
/kaggle/input/regspeech12/test/test_chittagong_0084.wav,বেশি মাপ আছে না আর বিন্দুরারা চাইয়া গাহারুল্লা জানোস না তো সিলায় ম্যাকাসুল্ড খুলে মানে সারাদিন সাজগ্রান চলে
/kaggle/input/regspeech12/test/test_chittagong_0096.wav,সিয়োদ সে হততম দেশ ছিলে সিয়োদ মতো চিটাঙ্গা হলেছ জি সেটিও চিটাঙ্গা হলেছ স্যার সেকেন্ড মিনিটের মধ্যে চলে আসছি এখন আমরা কি জুম দেয়াইতে চ্যাঞ্চলা তাসি
/kaggle/input/regspeech12/test/test_barishal_0093.wav,রাতের কাজ অন্য কিছু করার কিছু কিছু জোর আছে ব্যাক কেনসি আন্দোলন ব্যক্তিত্বে গিয়ে শুধু কিছু যেমন হচ্ছে না ঐ লাভের ট্যাবলেট মানাজাত করে
/kaggle/input/regspeech12/test/test_barishal_0079.wav,হে আঁকড়ি বেকড়ি তাই তো মোবাইল গরম করিয়া হয়েছে
/kaggle/input/regspeech12/test/test_habiganj_0036.wav,তেবে নৌমনৈ পড়ি আমি বলি মা আমি আজকে রানব এর পরে আমি তেজানি রানছিলাম ডিম্বা দিওয়ার ছিলাম আর স্কুটকি দরকারি রান দিলাম
/kaggle/input/regspeech12/test/test_kishoreganj_0070.wav,আমি নাতিয়া লাগব কিছু হয় না তে আমার তো বালা হয় না না
/kaggle/input/regspeech12/test/test_narail_0130.wav,আমি অনেক কিউট না আমারে মিস করে কান্তারা বলিস সে সময় আমারে বলতেছে না এ সমস্ত কলিত অশান্তিবাদ জেনে ওই তো কী
/kaggle/input/regspeech12/test/test_tangail_0030.wav,জোনাথানের ওই লিফটে প্রেস করা ঠিকই ছিল কিন্তু আবার দেখা গেছে যে মাঝে হঠাৎ অন্য লোক আইসিয়া প্রেস করা মানে একটু এলোমেলো হয়ে যায় টাইমটারটি এদিকে আবার জোনাথানের আবার আরেকজনের সাথে এনগেজমেন্ট ছিল
/kaggle/input/regspeech12/test/test_barishal_0040.wav,এখন মুই পড়তে একলা লোক বিশ্রী কোনো আনা লোক পাই না গাছের কামের লোক কিন্তু অ্যাবলাবেল একজন দুইজন পাওন জানা জ্বালা আছে তিন পাঁচজন ছয় জনে কাম করে দুইজন মুই পাম কই বলছেন এরা মাত্র সামর্থ্যায় কামের আমি তো বায়রা কামে গেলে এই তো হাসান ভাই হেদনগর আমার অনেক রিকোয়েস্ট করছে ভাই মরে একটা সাপ্টা কাম করে দে তুই হাজিরে যাস তিনি
/kaggle/input/regspeech12/test/test_sylhet_0594.wav,মানে তাই কি তা যেন হঠাৎ তেমনি মিসেস লিকুইটির তোলতা পড়ে আমারে এটার থেকে ঐশীল রিকমেন্ট করা যাইতেছিল না এর পরে আবার শাশুড়িয়ারা লিয়াই তোমাকে মনে করে কিন্তু তিনবারেই আসতে
/kaggle/input/regspeech12/test/test_narsingdi_0005.wav,কেন তো আছে সাকিব আছে তামিম আছে ওয়ানডেতে এই এর তবে জায়গা মাশরাফির মতো ক্যাপ্টেন পাওয়া খুব উত্তাহ ঘরে
/kaggle/input/regspeech12/test/test_rangpur_0093.wav,তারপর জৈলের বাড়িতে থাকবেন জঙ্গিলের বাড়িতে থাকি কার বাড়িতে কেমন খাওয়া দাওয়া খেলেন ভালোই খেলেন কার বাড়িতে কেমন সকালে বাড়িতে ভালো হয়ে ফেলেন
/kaggle/input/regspeech12/test/test_sandwip_0006.wav,কী হওয়ার উপর ঘুরি ভূপণ্য করি ঠিকানা কেন এই আনা ভর্তি হতে দরকার ডাল চিনির তেলে কি নত লাগে
/kaggle/input/regspeech12/test/test_kishoreganj_0082.wav,আমি সুকাদা আমি তুমি মেয়ে থাকাকার ব্যয় তো
/kaggle/input/regspeech12/test/test_sandwip_0096.wav,কিছুক্ষণ দেখুন তারাই হত্য দিন একবার এক বাধা নিয়ে নেয় কিছুক্ষণ কিছুক্ষণ দিন আছে কাছ থেকে কিছু খাচ্ছে সেবাকে আয়ত্ত বাজারে যায় না
/kaggle/input/regspeech12/test/test_sylhet_0334.wav,তোমার বড় থাকে তুমি টার্গেট বড় রাখো টার্গেট জীবনের সুটা করবায় না আর যত ফাইন্যান্সিয়াল হার্ড লাগে এই ব্যাপারে আপনি চলে যাইও না আমি আছি ও আমি আছি আমার কিছু অনেকজন আছে এটি হচ্ছে আমার সবচেয়ে বড় শহর
/kaggle/input/regspeech12/test/test_tangail_0079.wav,পরে বাসায় স্থানান্তর করা হয় বরুণ ধাওয়ান এদিকে তার ফিউচার ক্যারিয়ার নিয়ে ব্যস্ত হয়ে পড়ে সে এখন আগের থেকে অনেক বেশি সিরিয়াস হয়ে গেছে তারপরে হঠাৎ একটা সময় ফোন আসে যে
/kaggle/input/regspeech12/test/test_sylhet_0105.wav,তারপর দুই মুখ গর্ত মুখ ধর্ম কোথায় আসতেন জাপাতে যাইবুল বাসাদ দেখো এটা হাহা ই ডান মুগিয়া কালো সাংক্রিক না ও তবে বিটি বসার জায়গাটা লিখে দেবে এক কথা তখন চাষ্টি হাজিয়া ফান্দ গর্তে হারামার উদ্বেগ
/kaggle/input/regspeech12/test/test_sylhet_0305.wav,ওহ তোমরা বিয়া করতাম নিনা তোমরা কহিলে ওকে তখন তারা হইলে আছে ঠিক আছে বেটিয়া পড়তে বাড়তিটিতে গিয়া বেটিসাক্কে হতে যাইলে তো পরানী লাগব আমরা টেকাউকা দিলেও চলব তোমরা টেকাউকা দিলেও চলব সমর্থ নাই থাকুক বিটি সিলে
/kaggle/input/regspeech12/test/test_chittagong_0144.wav,যে উনি রাইম তোরা গুরুদেই হর যদি কী দেখি একান্তে এটাকে কিছু না হয় হ্যালো হ্যালো
/kaggle/input/regspeech12/test/test_sandwip_0064.wav,আচ্ছা যা খাওয়া বুঝি যা খাওয়া আমাদের লাগা ছিল দরজা লাগা ছিল ঠিক আছে
/kaggle/input/regspeech12/test/test_sylhet_0704.wav,তাহলে আমার জন্ম থেকেই না
/kaggle/input/regspeech12/test/test_kishoreganj_0075.wav,পাগলা পাগলা যাই নাই মধু যাচ্ছে না মেয়েদের তুলবে না দম
/kaggle/input/regspeech12/test/test_sylhet_0485.wav,বাজাতন্দ্র ঘোষণ লোক যায় আনুমুদ্দিন আইন বাংলাদেশ তো সেম্পার পরিমারিয়া দায়ী এলে যেদিন দেখতেন ও দিনও আমারও ঠিক করে গেছেন যেদিন মানে না দেখছ দেখছ না তাও বইয়ে কাঁদতে কাঁদতে দিয়ে মেডাম দেখছিলাম দুই আট বাবার অনুরোহনকে বলছে মানে বই আমার কিন্তু ডাক্তারও দেখলে আমার যে বই লেগে আর তো বেঁধিটা আছি ইতাদি তাদি
/kaggle/input/regspeech12/test/test_rangpur_0061.wav,এটা সবাই বলে দেখবে এটাও কহিতে সবাই তোকে পড়বে হ্যালোপো সবাই আমরা রামা করিয়া ছিল কিন্তু তাকে দেখিয়ে ওঠে
/kaggle/input/regspeech12/test/test_sandwip_0033.wav,থাউনিয়াকে আউট্র ব্যাগ হচ্ছে আদাম আগা খাউনিয়া তাইলে অঙ্কা হেসং আগঃ গুরুত্ব আসমাফা বলি গিয়া একদিন আল্লাহ স্ত্রী হাহানাই ফোন করছে হইয়া করা নিচ্ছে বড় গীমা সাইন্সি করলেও লক্ষ্য মাস আইনজী আবাদি সামাসি
/kaggle/input/regspeech12/test/test_sandwip_0105.wav,কী ভেবে জানি তো আজ মামলা বলতে মামলাকার বেশি ভাবনা হয়েছে সেদিকে হাসির পুলিশে যাওয়া যাচ্ছে এবং মাসের মামলাকার বালা মেটে নেব ইয়ের চাহিদার পরিমাণও বৃদ্ধি পেলেন
/kaggle/input/regspeech12/test/test_sylhet_0002.wav,কেন তাহলে তাহলে আমি মানি তো এখানে দুদা খেলতেই হতে পারি
/kaggle/input/regspeech12/test/test_kishoreganj_0127.wav,আমার ইঁক পুরানা ই নাকি দেবতা পয়লা দেবতা আর অহংবর্তনের ইয়াকেরা গাছ পোড়া দেবতা হয়তো সকালে টেক চলে টেক চলে
/kaggle/input/regspeech12/test/test_sandwip_0076.wav,ট্যাবলেটের জাল দোকাইনে ডাকতে হয়েছেন তুমি দাঁড়াতে যখন চিরকাল দুঃখে আর দিক দিক দিতে থাকার দুঃখ না
/kaggle/input/regspeech12/test/test_sylhet_0262.wav,আমি যেন টেক নম্বরটা হয়েও যেন তাহলে আমারে আল্লাহ যেন নিরাশ করেন না আমি ওখানকার লেলার প্রতি তাই তামার করতাম কী রকম একটা অবস্থার মধ্য দিয়া যেহেতু গেছি বিয়া কাদি প্রেম ভালোবাসা অতানিয়া চিন্তা করার কোনরূপ ক্রুষরোতই আমার আপনি না
/kaggle/input/regspeech12/test/test_narail_0119.wav,বাসার ক্লাস অফিস নেওয়াটা ইয়া আছে মনে করো তুমি থাকলে একটু রান্নাবান্না করলে ওমের মনে গেছে এইবার আমি একটা কথা কহি আমি করলে আগে তো তোর আর বোনটির সংখ্যার অশান্তি তুলে দেবে না তারপরে
/kaggle/input/regspeech12/test/test_chittagong_0132.wav,যেই মাফো আরে কল দেয়ার নাইটা বাজা হবে মাসুদ ভাইয়ের গেছে নাকি মাসুদ ভাইয়ের লে তুই আয় যাস আহাদি মাসুদ ভাইয়ে তো বোটাকে গিয়ে এগো হঠাৎ তুই মাসুদের রাজার না ভারত কিল্লা মাফুক ভারত কিল্লায় যেতাম হঠাৎ কিল্লা না আমারি আহাদে কিল্লাই
/kaggle/input/regspeech12/test/test_narsingdi_0038.wav,কী জানে মতা জীবাণু এখানে যাক না নান্য রাতের সামাই
/kaggle/input/regspeech12/test/test_sylhet_0440.wav,সেবার দুয়ারে বাবা আমার যে কোন জীবনের ঝুঁকি কইরা যে নিজের বাসা তৈরি এখানে হাসা কোথাও নিজের বাসার যাই খারাপ লাগে যে পরার বাসা তাহরাম পরার বাড়ি থাকলে পরার পুতার পর্তেক কোথায় হয় বর্মানী আমরা আঞ্চলিক বাসী একটা কোথা হইলাম মানে গ্রামের মানুষের যেরকম কর এটা তার পরার বার্তা তুমি একটা খারাপ করতে পারবে না তার বার্তা
/kaggle/input/regspeech12/test/test_narsingdi_0077.wav,মার একটা গয়নার ভেগাসের নামাজা কারণে দুর্বৃত্ত সেটার মধ্যে বিশ্বনামে জামায়াত মায়ের সুন্দরকার একটি হলে না আমার ট্যারিফি করবে ছিটবেলা দেখে চিন্তা করতাম বড় ডাকাতো সালামি পায়
/kaggle/input/regspeech12/test/test_sandwip_0082.wav,মাইয়া মাতারে বাহিত ঠিকমতো বাড়িতে অ্যালো দেনা সে অ্যাডামা ইয়ংকা গিয়াছিল মানামুনি বড় নগরীয় বাহিনীর বাসা
/kaggle/input/regspeech12/test/test_habiganj_0013.wav,কে রাখালেই এরা লুকায় যায় যারা বাদ থেকে বেছে পড়া তারা ফিরে নিতে আছে
/kaggle/input/regspeech12/test/test_tangail_0005.wav,মানে ভালোও দেখা যায় না তাই ওরা নিতে চেয়েছিল না কিন্তু এটা ফ্রেডিট মানে ফ্রেডিরেড একটু আবার লাগে মানে সে একটু মন খারাপ করে পরে কেউ বুঝছে যে নিব না ও ঘুরে জায়গা
/kaggle/input/regspeech12/test/test_sylhet_0501.wav,ষপদ যাই বা রুজার আগে যাইতাম না আমি আগেই গিয়াছি আমার আর এক বোন যাইত দুই লম্বার বোন যাইত বাড়ে তাই রুজার আগে আমরা একবার মেয়ে প্রিন্টিন্টিয়াওয়া দিলে রুজার আগে এমন করুক্ত বরাতর করে একবার আনিয়া নাইজুলিমের উপরে পড়াইয়া দিলেন যে রুজামার তো কেউ অভিনীত দিত না হুম আমার অতিনি তাই না কেউ কোন অভিনীত তার অভিনীত
/kaggle/input/regspeech12/test/test_sandwip_0083.wav,ঠিকমতো তেল থুকবে ওদের না
/kaggle/input/regspeech12/test/test_sandwip_0050.wav,হাজানা হাজানা না হাজানা গিয়েছে গুলি কি চিয়ে জামারি আবার গোলামা গ্লাস ভলিবলেটে গেরুচ্ছে হবার্য হোসেন একটি গেরুচ্ছে হারি জিতে
/kaggle/input/regspeech12/test/test_tangail_0087.wav,পরে ইদানীং আমার কেন্দ্রে যদি মনে হলে যে এই ছবিটা দেখি এই ছবিটা দেওয়া হয়নি পরে এই ছবিটা মানে দানোর করে দেখা শুরু করলাম যেহেতু সাত ছেলের ছবি এটা হচ্ছে দেব দাসের যে ডিরেক্টর আছে পদ্মাহাতের যে ডিরেক্টর আছে
/kaggle/input/regspeech12/test/test_sylhet_0061.wav,কালকে পিত্তি বলি তখন তাই মজাকে যেতে হল মজাগুলো দিয়াই
/kaggle/input/regspeech12/test/test_kishoreganj_0174.wav,নদীর পানি নিরাপদ রেডা তো কি লাল মাত্র রেডা তো লাঙ্গল
/kaggle/input/regspeech12/test/test_narail_0064.wav,কার্তুয়ালি খেলা গ্রহণ করে রায় নিয়ে খুব প্রয়োজনীয়
/kaggle/input/regspeech12/test/test_habiganj_0098.wav,তোমারে কেউ লিয়া যায় না সিলেটের সাদা পাথর সুন্দর তারপর জাফলং তারপর আরও অনেক জায়গা আছে সিলেট জুত্ত বালা পিকনিক অনেক সুন্দর অনেক জায়গা ঘুরে যাইব
/kaggle/input/regspeech12/test/test_narail_0035.wav,দলিল নায়িক সমীর্ষা এই রয়েছে না হেইভাবে পুরে
/kaggle/input/regspeech12/test/test_barishal_0019.wav,পিন্ডে যাইবে একুশ দিন তিনটায় খাওয়াইলে কামড়িবে না সকাল আটটায় খাওয়াবা
/kaggle/input/regspeech12/test/test_comilla_0026.wav,এই গিফটা অনেক যত্ন করে রাখতে দেয়ালে ঝুলে রাখছে ওর বাদ্যেতে এই গিপটা দিচ্ছিল পরে এটি নিয়ে তদন্ত হয়নি যে ঘটনায় কিসের ঠিক হইলেছে আসলে কি বলব এটা তো উপজেলার আন্দারি
/kaggle/input/regspeech12/test/test_sylhet_0053.wav,আর বাবা মা হইল না ইতান্নে আজ যান আমার মা মারা বেতন আমি ক্লার্কের মতো তাই তিন মাসের আছি আমার বড় বই নাড়ার জন্য কেবল বড় ভাই এরপরে বই নের করে আনো
/kaggle/input/regspeech12/test/test_tangail_0059.wav,বাট হোয়াট হার্টস মোস্ট ইজ নট টেকিং এ মোমেন্ট টু সে গুডবাই আচ্ছা এর পরের ছবিটা হচ্ছে বলিউডের আর তাইছে অক্টোবর এই ছবি রিলিজ হয়েছে হাজার আঠারো সালে আর
/kaggle/input/regspeech12/test/test_kishoreganj_0125.wav,সাতানব্বই ঠিক আছে লক্ষ্য দিতে চাই কঠিন লক দিতে আন্তারিরে কিন্তু তুমি আর ভয় পেতেছেন লক্ষ্যটা
/kaggle/input/regspeech12/test/test_tangail_0120.wav,বিদ্বানের কিন্তু একটা ফার্মেন্ট যেখানে ঐখানে এটি হইতেছে সবাইকে সাহায্য করা হয় আমার কাছে আসলে ব্যাপারটা মনে লাগল কিন্তু কথা হইতেছে যে
/kaggle/input/regspeech12/test/test_sandwip_0070.wav,স্বপ্ন তো গাড়ি হবে না সেই মানুষ অন্তাজন আর বাইরে যাওয়ার মনও মনে হয় দিন কেন জেনে আচ্ছা যাবে
/kaggle/input/regspeech12/test/test_sylhet_0467.wav,মানে তো আমরা নবনাঙ্গনের বিষয়টাই বেমানোবাহিনী আরও উঠব তাহাকে পাইলেন ভাই একটু পেনশন হাজার পাইছ আমার আব্বা মরার পরে কিন্তু ডাবল ডাবলিং সিদ্ধান্ত পাইছেন পাওয়া পড়ে তো তারা গাড়ি ঘুরিলে তারা বন্ধ সব ভাই মিনার আছে চৌদ্দ টেকার প্রশ্ন আমরা পুরো গোলে টেকার কি মন্দ বাইরে ফেলবেন
/kaggle/input/regspeech12/test/test_habiganj_0015.wav,না বেড়া ইটের এত তাড়াতাড়ি ব্যথা লাগে
/kaggle/input/regspeech12/test/test_habiganj_0080.wav,আমরা দুই বোন তিন ভাই আর তোমার সিলেটের কী অবস্থায় কী অবস্থায় সিলেটের ছাত্রী এসএসসেম্মা তো মারা গেছে মুমিনটা নির্ভর কেন্দ্রে আসত
/kaggle/input/regspeech12/test/test_habiganj_0110.wav,অপরে এটা তো মেয়ের পরীক্ষা না প্রদর্শনী পরীক্ষা এলে গিয়া আর অর্ধবাসী পরীক্ষার সময় মেয়ের সার্ভিস বিলিয়ের পরীক্ষা লইব কি তারা কিন্তু ভালোই মানে অথচ আমার পরীক্ষা অন্য লাভায়ের তথ্য গুরুত্ব দেয় না আবার
/kaggle/input/regspeech12/test/test_narail_0116.wav,এটা মজা হচ্ছে কি না নামটা জানিস এটা তোরেম একটা কথা বলি তো দাদা আমার এসব সম্পর্কে বলি যায় তোর সম্পর্কে যে তুই কেমন কিছু দিস তো দাদা আমারে বলি যেয়েছে
/kaggle/input/regspeech12/test/test_sylhet_0008.wav,ছোট বিচার কমিউনিপ্লোর্স
/kaggle/input/regspeech12/test/test_sylhet_0623.wav,নিহত দোয়ার খেতাব বারবার জয়ান হরিয়া ইতিহাস শুরু হিসেবে গিয়ে যাইতেন তাঁর তারা সারে উদ্দোসরে বারবার হইতেন তিনি উক্তির উদ্দোসর
/kaggle/input/regspeech12/test/test_tangail_0046.wav,গেটোয়ার একটা আগেই পিছল একটাই ছিল পশুপাখিদের প্রতি পরে ওই বাঘটার বৈঠার সাহায্যে যেমনি হোক ওই নৌকায় ওঠায় কিন্তু বাঘ তো হিংস্রপ্রাণী অর্থ ক্ষীরা লাগিয়া গেছে মানে ও এখন চাইতাছে জেগিয়ে রেই খাইতে
/kaggle/input/regspeech12/test/test_sylhet_0718.wav,এটা আপনারা কোন বিশ্বাসে মানে এই জিনিসগুলা আপনারা রাহ্যই লাগে মানে এটা কিছু না কাহিনীটা কিটা
/kaggle/input/regspeech12/test/test_sylhet_0192.wav,তো এসময় কারেন্ট রেন্ট আছিল না আমরা তো গাবহ রইলৈতিল কারেন্ট আছিল না আমরা হারিক্যান দিয়া কুপি দিয়া ল্যাম্প দিয়া পড়তাম তথা থেরোসিন গড়া লাগত তখন যেওয়ালা ওতার মধ্যে তেল গড়া
/kaggle/input/regspeech12/test/test_habiganj_0078.wav,সূত্রের দোকালের জন্য এরিয়ার কাছাকাছি এর সাইডেফাইডে লেখার নাম কি তার বালিকানা তারপর দিকে এলে গেলে আলামপুর
/kaggle/input/regspeech12/test/test_tangail_0031.wav,অল্প কদিন পরেই বিয়ে কিন্তু জোনা থান তো সারারে অনেক ভালোবাসে পরে সারা আবার অন্য মানে দেশ থেকে আস জোনা থানের
/kaggle/input/regspeech12/test/test_sylhet_0563.wav,তো এখানে যাওয়াও বেশ দূরত্বের বোকান মানুষ না কর তেস নে না তেস না একটা তা দেখছে ভেতরে
/kaggle/input/regspeech12/test/test_habiganj_0105.wav,না এমনিতে করতি না আর অন্যান্য ব্যক্তি না আমার জীবনে পাঁচটা মেয়ে কেন একটি লাগতাম
/kaggle/input/regspeech12/test/test_narail_0146.wav,আমার ভিসা রেসামিসটা আসলেই যদি আজকে আসে যে আমি কালকেই চলে যাব ভিসারান্তি তুমি তো নাও অকুশের ওষুধ শেষ হয়ে গেছে আমার মানে টেনশন আমি রাখতে রাখতে
/kaggle/input/regspeech12/test/test_rangpur_0118.wav,তাই লাককে কার্বনিক খাওয়া দাওয়া
/kaggle/input/regspeech12/test/test_sylhet_0690.wav,াবে কি তাহা ইচ্ছা আছে কি তা হইতে আসলাম তারা অনেক দায়িত্ব করেছে তারা অনেক দায়িত্বের কারণে ক্লাসে যায় যতটুকু মা বাবার দায়িত্ব চেষ্টা আমরা কতটুকু প্রহরী এবং বাগবাজিত ইন্টারনেট কি তাহার কথা করাও যায়
/kaggle/input/regspeech12/test/test_habiganj_0021.wav,ারা ভাই শিমুল নাহিল নাহিল এই মানুষের বাড়িটা নাহিল নাহিল ছোটবেরা
/kaggle/input/regspeech12/test/test_tangail_0050.wav,পরে এরকম দুজনে অনেক সময় পাড়ি দেয় দীর্ঘ সময় পাড়ি দেয় এসময় তারা সাগরের বিভিন্ন পশুপাখি দেখে
/kaggle/input/regspeech12/test/test_sylhet_0528.wav,প্লেন থাকে এক ঘণ্টা লেগে আর বেশ নামে ফান্ড দিতে লাগত আরও বেশি এনজিটা হত্যা মানেতা হওয়ার লাশটা থেকে আব্বার অমনের ঘরে তাঙ্গিজের মধ্যে কি আব্বার করে ওরা মের্গেস্ত হয়ে দেওয়া আশ্রমের দায়িত্ব এই খুব করার সময় ঠিক অপমিত্রিক কন্ডে
/kaggle/input/regspeech12/test/test_sylhet_0556.wav,মাম্মি আবার প্রেক্ষিড দেওয়া হয় দুই মাস তিন মাস মাঝখানেও আন্টির যে অপারেশন নিতে নেনি
/kaggle/input/regspeech12/test/test_sylhet_0534.wav,আর যে প্লেস হইছে প্লেসটা মোটামুটি সুন্দর আছে সেটুকু সুট করা গেছে মামানি তো খুবই বালা কাল রাখানোর অবস্থা পুরান নিলে প্রযোজনা মিশু তার ভেতরেও আমরা লাগিয়ে মিলিয়েছিলাম
/kaggle/input/regspeech12/test/test_kishoreganj_0120.wav,নিচে কুঞ্জে কার্যস্তিত হল মতো মতো গাছের ক্যাকার লাঙ্গা গাছ শুনি গাছের কাকার গাছ ফুরি আবার এই গাছ ফিন কাকারা ভেঙে একে কাকার কাপে
/kaggle/input/regspeech12/test/test_habiganj_0091.wav,ক্রেন্ট গেলে তোমার ছবি তুলতে বেশি ভালো লাগে না মোবাইলের ক্যামেরা পালা থাকে লাগার ছবি তুলে লাগে
/kaggle/input/regspeech12/test/test_sylhet_0380.wav, ইঁকুলও ফাটাইকে খেত না ফাটাই ইঁকগুলো ফাটাইকে অটারলেগেও দাঁড়ালে পুরুষ্কৃত করাও পরের তেতোয়ার আমি যখন হইয়া ধরতি
/kaggle/input/regspeech12/test/test_chittagong_0032.wav,হ্যাঁ ওরি হওয়া যায় না চৈতুর কী খবর তোমার কেন আছে আছে আছে গম আছে আরাম তারা তো ঘুরে খালি হালারান্ডে গিয়ে বলা হালামনিরান্ডে
/kaggle/input/regspeech12/test/test_chittagong_0092.wav,কী আইন অভিবে তৈরি সময়েও তারা কলম যে হত না তুমাইয়া তার আল্লাহ হত্যাল্লা নয় খালি তুমাইয়া হওয়া বা কল দিয়ে অনুমতি কল নগরের মেসেজে দিলাম মেসেজে সেদিন অক্সার
/kaggle/input/regspeech12/test/test_narsingdi_0124.wav,এই ঠ্যাংডা কি কই টাউনের সিট এপিসোড সিয়াটোয়েন্টি সুবাহার কর্মে সিজন টুও দেনা মাস্ক পতাকা আটকার একটা স্পাইপে মিলের প্রথম দিকের সর্বলে এত্ট ইন্টারেস্টিং আছে দাসা তালে গ্রামে একদিন এগারো হইতেই খুব দিকে শেষ করছিল
/kaggle/input/regspeech12/test/test_kishoreganj_0003.wav,তোমার দিবে ঠিক আছে মাতা তুমি দেখ বাকি তুমি তোমার দিবে তুই আমিও দেখাব কেন আমার খেত
/kaggle/input/regspeech12/test/test_narsingdi_0054.wav,জৈমশায় ব্যাট যে মারতে বিশাল কষ্ট আর স্যামিলিক অনেক সমস্যা কামড়া খেয়ে যায় না তাই সে যে খান আমাদের মারতে মোগায় লাগে ব্যাটা বালা আছে যদিও আমার কিনারি সালমোক্টার ব্যাপটা এটাও
/kaggle/input/regspeech12/test/test_sylhet_0285.wav,প্রস্তাব পাঠানির পরে ভাইয়েরাও চিন্তা করছেন ফিফটি ফিফটি ইতিবাদী দিতানাওলা মানে তাঁরা কনফার্মিটে পারেন না কারণ যার লাগে প্রস্তাব আইসা হইল কেনেছেন মা
/kaggle/input/regspeech12/test/test_sylhet_0465.wav,তাই তখন করে তোমার মনে হলো আশি পাঁচাশি হাজার টাকা পেতে হবে
/kaggle/input/regspeech12/test/test_kishoreganj_0077.wav,আরে ঈদে দেখতাম পুরা মানে কোথা থেকে নিভিতে ফেলে
/kaggle/input/regspeech12/test/test_habiganj_0049.wav,ইতাওই পাইতি মোক মোক প্লেটুইটু পাইতি বই টুই ও পাইতি দুই তিনটা বই পাইতি আমার বাইরে দিতি
/kaggle/input/regspeech12/test/test_sylhet_0508.wav,এই নাম্বার টাকা দিওয়ালা করলে ওলা দিয়ালা ভিত্তি পাওয়া যায় মাহমুদ রহিয়া আমার ভাই চোরাই যায় আমাকে লিখে লেখিতে যায় আমার পাঁচ হাজার টাকা দাও দরকার আছে নেও নে মা ভুলে না কোনো টাকা ধরে দিলে বা তুমি আজকে তা হোক আর কে যাইবা তোমার কি তাগিদা লাগে যেমন ইন্ডিয়ার তাকি এক বস্তা সিনিলাম সব বৈন্দুর তলাতে জীবনের জীবন দিয়ে এটা করতে কিন্তেছে তুমি বেমা না কিন্ত না তবে তবে তবে তবে তবে
/kaggle/input/regspeech12/test/test_rangpur_0094.wav,কারবারি খাওয়া ভালোই চে পুনরান্নটা কেমন কী হয়েছে কী সমতার কথা হবে পুনরান্নটা কেমন হয়েছে জৈনদের বাড়ি কি কি করেছে মার ঘোষ
/kaggle/input/regspeech12/test/test_kishoreganj_0142.wav,কীটনাশক গৃহস্থানি ও হাসপাতালে বর্জ্য কলকারখানার বিভিন্ন রাসায়নিক পদার্থ তেল ইত্যাদির মাধ্যমে মাটি দূষিত হয়
/kaggle/input/regspeech12/test/test_habiganj_0090.wav,সাবাগানে কেনাহেনা গেছ খাট চুদে গেছে আমি গেছি আমার আম্মা গেছে আমার আব্বা গেছে নাম্বার টুটু বাইর গেছে আর আমার কাছাক্ত বৈ নাড়া গেছিল
/kaggle/input/regspeech12/test/test_kishoreganj_0144.wav,বিভিন্ন রাসায়নিক অনাথ তেল ইত্যাদি ভাবে মাটি কিন্তু
/kaggle/input/regspeech12/test/test_chittagong_0051.wav,কে হইল হুয়ালাকে হুয়াল যে বেটা ছাড়ি এবার হাসা আবার গুলি ছিলি দম করে আয় অরি তুই তো আবার যাইতে ওস খেললে আইএসে খেললে তোরা তো অসামান্য নেই আমি কিছু না বুঝি না আজ আমরা বেশ থেকটা হয় বিদায় না
/kaggle/input/regspeech12/test/test_comilla_0012.wav,আকাশের দিকে তাকাইয়া রয়েছে চোখগুলো উল্টাইয়া রয়েছে উপরের দিকে সূর্যের দিকে তাকাইয়াছে আর হাত পা একদম ছেড়ে দিছে পাশে মাঠের মধ্যে যে অন্যান্য ছেলেমেয়েরা খেলা করতেছে না ওরা ভাবতেছে যে এই নুসাইবা মজা করতেছে ওরা ছেলেগুলা হাসাহাসি করছে দেখ দেখ ও ধুলনার মধ্যে বসে কীভাবে আকাশের দিকে তাকার সেতু এভাবে কেউ ধুলনায় বসে
/kaggle/input/regspeech12/test/test_chittagong_0147.wav, এক কাহিন্দু সমস্যা বেতাল্লায় এতক্ষণ হয়তো হৈদিক কিনো রেকর্ডটা করছি ফুন নৌ করি না এতাল্লায় তো আমার সমস্যই সাজিতে আরোহণ হামুদ বাজার দিল আল্লাহ
/kaggle/input/regspeech12/test/test_kishoreganj_0115.wav,শক্তি মূল উচ্চ কুন্ডা সূর্য শক্তি মূল্যস সূর্য তো আগের আবাগের তিমুহূর্ত
/kaggle/input/regspeech12/test/test_sylhet_0392.wav, আমরা রাজ্যে এক মেডিয়াম এন্টি কলেজের স্টুডেন্টর গুপ্ত এই রাস্তা দিয়ে তুমি তোমায় আওয়ামী হিসেবে ভাবছিলাম যে কী বোন যাইতাম হাত কাটিয়ে যাইতাম কি রাজ্য তো এখন দুই সাথে কিন্তু নির্দিষ্ট ছোট্ট গলি হয়তো এখন দেখি সে শেষ হওয়ার
/kaggle/input/regspeech12/test/test_tangail_0074.wav,ওই হাসপাতালে শিউলির আম্মার কাছে বলে যে আপনি মানে বরুণ যে একটু বুঝায় যে এরকম তো আমার আর চলতেছে না পরে ওই শিউলির যে আম্মা থাকে সে বরুণ দণ্ডে বুঝায় যে এখন তুমি ক্যারিয়ারের সময় দাও
/kaggle/input/regspeech12/test/test_habiganj_0062.wav,কিন্তু পরাধ বইলে পরে আমি ইত্যামতে ফিরতে পারি মা তাকে সামনে কিন্তু ইতারেকটা পড়াইতাম আমার তো রাগ উচ্চাজাগা
/kaggle/input/regspeech12/test/test_barishal_0054.wav,আমি নেবার জন্য একটা সেকেন্ড ছাড়াই তিনি এই কুডেগুলো নাকলে টানিয়ে নামান নেয়ার হেইয়ে গাড়া হেয়ে ঘুরে নেয়া চেহারা কালা হয়ে গেছে মোর কাউরের পাখনা লাইন তিনটি সাইডে তিনে হে কুডাইন্যে থুই তি হে কুডাইন্যে থুই শিহর খেয়া লোচকানেছে পনের হাজারটা বেক্তার মোহনায়াট ঠাকুর যে কর্মি দিসি
/kaggle/input/regspeech12/test/test_rangpur_0004.wav,আকাশ মা করে কী ডাকাত বলো না
/kaggle/input/regspeech12/test/test_sylhet_0676.wav,শিক্ষাজীবনে একটু হই কি তাকে ওঠেন আপনার মুখ্যম একটি পিটিটি
/kaggle/input/regspeech12/test/test_sylhet_0333.wav,তোমার খরচ আমি দেই যদি কোনো দিন কাবলুম্বী ও তখন কারণ দিলাইমা আমার পদক নেও আমার কাছ থেকে চাকরি করলে বড় চাকরি করবে না আমার চাকরি করাও লাগছে না কেমন ছোট চাকরি করার চেয়ে সন্ত্রাস সালানে বড় চাকরি
/kaggle/input/regspeech12/test/test_sylhet_0171.wav,মনে তোমায় মারিয়াও আনিলিত নাকি তার বাজারেও প্রস্তাব অভিনেত্রীর তিন চাকা বেদালা হারা বোধ করতে হয়
/kaggle/input/regspeech12/test/test_kishoreganj_0153.wav,পাকা বাতালি লেবুর ভিতরটা হালকা গোলাপি রঙ্গে ভিতরটা হালকা গোলাপি পাতা বাতালি লেবু পাকা বাতালি লেবুর ভিতরটা হালকা গোলাপি রঙ্গে
/kaggle/input/regspeech12/test/test_narsingdi_0064.wav,মনে হয় আমার কিছু স্টুডেন্ট পড়ানো দরকার হবে আর যদি গণিতের কথা গার্ল ইউনো ব্রিটিক্যালস ডোন ক্রাই ওভার ভয়েস তে ক্রাই ওভার ম্যাপ
/kaggle/input/regspeech12/test/test_sylhet_0115.wav,তুমি থেকে ধরো মা যে তুমি পালাইয়া আস্তার দিনের লেগে থামো আর বাইর বড়া একটা রাস্তা মালিক তাহা দিতে খোলা সেমি আর এক খোলা সেমি হইত আস্তার দিন ধরে দুই ভাই বোন আমরা ঘরে থাকতাম
/kaggle/input/regspeech12/test/test_sylhet_0693.wav,আর যাহাতে একটা আঞ্চলিক বাসানে একটা রিসার্চার্টিক গবেষণা আছে তাহলেই আমরা বিশ্বাসী হইতে আপনার আঞ্চলিক বাসায় মাত্র ছেলেটি বাসার কথাগুলো আমার লেখাও আর থাকত না মানে রেকর্ডের থাকত কোনো সমস্যা নাই নিহত আমরা গর্ব করতে এমন কোনো ইনফরমেশন দরকার নাই যার সাথে আমরা শব্দগুলা দরকার আর ভাতাগুলার বৈঠকে দরকার দরকার
/kaggle/input/regspeech12/test/test_sylhet_0212.wav,তেবায় অল্লাহ তত্ত্ব লইত যে আমি দুই তিনটা গ্রাম প্রতিদিন যা গিয়া প্রত্যেকের হাত থেকে নাম হইয়া আনিয়া নামিয়া যেমন আমরা ভূঁইয়া ইত্যাদি দেখি গ্রামে কত জন্য লিস্ট আছে কোন কোন গ্রাম সেতুতে শেষে আসে লিস্ট
/kaggle/input/regspeech12/test/test_chittagong_0172.wav,তাই নাই নাই রেডিং তাই নিবার নাগুত্তন পালানো লাগে তো খালাম মনির একটু হন আনন্দে অন্যায়ের গুরুজন সোহাইলা আছে মাইশারা আছে এই একটু কালামণি নদা
/kaggle/input/regspeech12/test/test_sylhet_0136.wav,বাড়ির গাড়ির চিলিগা থাকছে আর কোনো দেওয়া হবে না ও তো তেমনি ছিদেছে জীবন আমরা যাইলাম এখন হঠাৎ করে থামো বেড়া দিলেই সিনেমা
/kaggle/input/regspeech12/test/test_comilla_0017.wav,যাওয়ার পরে ওর মা যায় দেখেছে উনার মেয়ে পরে সাথে সাথে সারমানি স্যাররা সবাই মিলা করে হাসপাতালে নিয়ে যায় কিন্তু হাসপাতালে যাওয়ার পরই ডাক্তাররা ওকে মৃত ঘোষণা করে আর কি
/kaggle/input/regspeech12/test/test_rangpur_0112.wav,তোমার নেই বেড়া কই তার মনে দেখলাম বেটি হেলি তুই গে এ নিয়ে বেড়ারা বোঝায় সব বড় বেড়ি দীর্ঘের থেকে বড়
/kaggle/input/regspeech12/test/test_kishoreganj_0010.wav,গোয়াগাড়ির মানে আসক্তি বেশি না হ্যাঁ কই ঈদে মাজাজে তুমি ইয়া
/kaggle/input/regspeech12/test/test_sylhet_0355.wav,তো অনেক তো আমার বাক্যে ছোটোটো হইল আহসান্দুলিল্লাহ অনেক দেখিয়াছে আমরা আসলে কল্লিভারলাইফের পূর্ণ দিয়া শুরু করতে যুদ্ধ উপার্য় মানে তাইরের দিক থেকেও কোন প্রত্যাহাত আছে হাহা আমার দিক থেকেও না আমরা মানে
/kaggle/input/regspeech12/test/test_rangpur_0014.wav,ও কঙ্গো কঙ্গো ফ্যামোলি বলে কী কন গো গো সবুজের ভাব গো সবুজের ভাব সেমাই তুমি আনো গো
/kaggle/input/regspeech12/test/test_kishoreganj_0018.wav,ফাকাস ভাটিক কিন্তু ফাকাস তারা ফাকাস নষ্ট হলে আরও বেশি খারাপ
/kaggle/input/regspeech12/test/test_sylhet_0405.wav,কিন্তু কিন্তু কিন্তু কিন্তু আমি বুঝলে আমি বুঝি না কেমন তাহলে হোক তাহলে আমি কিচ্ছু মাত্র না যেভাবে তাই মনে যে তাছাড়াও তাও করে মানে ওখানে বাবুই নাই কিন্তু মানে খুব বানা
/kaggle/input/regspeech12/test/test_sylhet_0242.wav,এটা আসলে বিয়ের ব্যাপারে আমি কিন্তু কিছু জানি না
/kaggle/input/regspeech12/test/test_noakhali_0023.wav,মামা আজ একজনের কাজ করে যান
/kaggle/input/regspeech12/test/test_sylhet_0536.wav,আব্দুস সাত্তার মামুদ গাসের দিন আত্মাকে মেয়ে তোমরা দিবেন না
/kaggle/input/regspeech12/test/test_chittagong_0115.wav,মাইশা কী রে কিছুতে হোনা খবরটা নাই এটি ব্যাটার নয়
/kaggle/input/regspeech12/test/test_sylhet_0423.wav,এখন ওই চিঠিটা পড়ে দেখো আমার হিন্দ বারো ঘণ্টা বারো ঘণ্টা দুই বিনোপার তো এক লাগানো কিন্তু তারা কিন্তু ভুল বাতিল কিন্তু তারা কিন্তু ই বিষয়েও জানে না তারা আরও বিশ্বাস দেন না কিন্তু কিংবা উপার্জনীতা করতে পারেনি
/kaggle/input/regspeech12/test/test_narsingdi_0075.wav,কবে না দ্যাশ নাই দ্যাশ নাই না বেডাম দ্যাশ নাই তুই দ্যাশ না বিমারাদ্দিশের টাকা
/kaggle/input/regspeech12/test/test_narail_0053.wav,একাল নেই তোমাকে ওটা কত নম্বর দাগে তোমাকে দাও তাকে জানো তেরোশো সাতারো টাটারও বা ধৈর্যময় ডাকের তেকে বিরোধী
/kaggle/input/regspeech12/test/test_sandwip_0112.wav,রিয়ানের ঐতিহ্যে এক বছর মাতৃস্থ যেন ভাই স্কুল গেল ও লেনেন্সি জানে না কারণ তুমি যে ক্ষুধার্ত চিঠি নিলে বলিস না কেমন করতে না
/kaggle/input/regspeech12/test/test_sylhet_0079.wav,তাই খোরা আছে খোরাগুলো চেক করল না আমি তো আমার খালাক্ষিক নেগে যাওয়ার বিকাশ হিসেবে শুনি এমনি অবসর সময়ে কোন শোক ওকে আছে নিয়ে হেক জনের তো এক ধরনের শোক থাকে
/kaggle/input/regspeech12/test/test_kishoreganj_0051.wav,গরুর মাথা কান্তি আবরিয়াতে আচার উড়াইয়া কৈদুল ভাই
/kaggle/input/regspeech12/test/test_narsingdi_0004.wav,ফর্ম হারায় ফেলেছে না হাইপ্রে বসায় দিতে কিন্তু ওরা যখন যুক্ত দলে তখন থেকে কিন্তু খুব ভালো হয় তবে বাংলাদেশের মধ্যে মাশরাফিটা খুব মিস করি ওর ক্যাপ্টেন সি
/kaggle/input/regspeech12/test/test_sylhet_0211.wav,ভোটার তালিকা করার দায়িত্ব করতে আমার বড় ভাই হচ্ছে তো তাই নিজ সময়ে স্মৃতিপাত ফিরিয়ে ফি দেখায় তাই নূর যে প্রাইমারি স্কুলের স্যার তারে দিচ্ছেন যে আমার একটু জরিপ বলার তথ্য লইয়া গ্রাম থেকে আনিয়া আমার একটু হেল্প করে
/kaggle/input/regspeech12/test/test_narail_0032.wav,ইট্কুলের নামে যেটা দিয়া গেছে ওটুকু তো ইট্কুলের নামেই ফুল পাবে ইট্কুলের নামে এগারো শতক ওঠুক বাদে ঠিকভাবু জমিয়াতে
/kaggle/input/regspeech12/test/test_barishal_0061.wav,আর দশটা সিগারেট খেলে এখন হেই দশটা সিগারেটের দাম দ্য একটুটা তাই একদিন আমি মনে করে নিজে নিজে চিন্তা করছি বিয়ের পরে ঐ সময়ে কিন্তু খাই এখন একদিন চিন্তা করলাম যখন আমার প্রথম পোলাডা হইল একটা জিনিস চিন্তা গেলাম যে দৈনিক মুই দশটা সিগারেটের দ্যাশ
/kaggle/input/regspeech12/test/test_habiganj_0077.wav,আচ্ছা এখানে শচীন্দ্র কলেজটা কোন এরিয়ার মধ্যে
/kaggle/input/regspeech12/test/test_sylhet_0607.wav,ও এক্সুয়েল আমি তো এটা নিয়ে বেশ প্রথম দিয়ে খুব এক্সাইডে রাখলাম তোরা রেগেছ তোরা নাই বলা দেখো
/kaggle/input/regspeech12/test/test_narsingdi_0104.wav,ইয়ার কি চার শেষ না আলু দানা বানাইতে লিয়ে দিন কেন মানাইতেছে গোয়েন গোয়েন বিশাস্তার এরা জাস্ট একটা কী কথা বলে আমি আমার মতো করে বানাচ্ছি ঠিক আছে গুরুদ্দুদের মধ্যে কফিটা ল্যাবরেন করার আগে কফি মারে
/kaggle/input/regspeech12/test/test_rangpur_0003.wav,যে বস্তু দিবেন না তুমি না উমরাকয় গোসলা আছে
/kaggle/input/regspeech12/test/test_sylhet_0169.wav,ফিরিয়া বিরিয়া নিতুন্দি মাইকে তোর বুকে মাইকুচি চা হাত চোটপাট হয়ে গেছে বাচ্চা বাড়ির আঙিয়া বিচার কী থাকুন এখন যে জিনিসপত্রের দাম এখন যেরকম আপনারা সবাই কী রকম কিছুটা দাম আছে
/kaggle/input/regspeech12/test/test_sandwip_0107.wav,আর নিরেগের শুরু বেলাতে এখন অবধি আয় কোনোদিনই এলেই কথা কহিল দুই ফার্স্ট হই চলব তরল রঙের খোঁজ হইব এর কোনোটা আয় কোনোদিনই তারপরে নব্বই হাজ্য প্রায় থাকে আজ মাফার হলেন যদি কম হার্কার পর থাকে
/kaggle/input/regspeech12/test/test_sandwip_0065.wav,ওমাতার তেলদান্ত দিছে বাপে ফোন করছেন তাকে তো বাপে কষ্টা তবুক বস্তা দাঁড়িয়ে দিচ্ছে বাপে কী কী করছে বাপের ওকে আল্লাহ আলাহ আলাহ তাকে মোবাইলে তো রাখি দিল আমার যে আল্লাহ লাগে কী ইলাহ লাগে তো তুই যা বেগেছেন তোর বাপের কবি নিয়া মায়া আসলা আসন শুরু করতে আগে আল্লাহ মুনিয়া তোর ফোন দিনের জন্তু বুদ্ধি হয়ে বেড়াইতে বুঝিলাম না কিস্তা
/kaggle/input/regspeech12/test/test_narsingdi_0013.wav,প্রিমিয়ার লিগ গুলা খেলতেছে রূপগঞ্জের হয়ে আয়োজন খেলতেছে ডিপিএলের কথা বেশ না এই বেটা আম্পায়াররা কী সিদ্ধান্ত দেয় আউট এলে আউট দেয় না আবার যেটা আউট না বেটাও আউট দিয়ে দেয়
/kaggle/input/regspeech12/test/test_habiganj_0063.wav,যদয় কোনো কাম্ভাস করছি না যে বাজার দর্শন মানে সব কাজই মা বাবারের পৈয়ায়ই আমি করি এর পরেও আছেন আনি যদিও একদিন একটা ভুল করিলেছি আমি স্কুলে গিয়া গিয়া আমার বান্ধবীরা হইতে এরা যাইত মার্কেটও যাইত এরা বলে যা মোহামা কিন্তু আমার হাতে এটি হাতি আমি মারে না হই এইটা জামা আইনালে চাম অমন জামাটার দাম আমি আইনালের দাম আমি বেশি দাম দিয়া জামাটার দিয়া জামাডার দিয়া জামাল
/kaggle/input/regspeech12/test/test_sylhet_0246.wav,যার যার করতাম ভাই এক ভাই এক ভাই দেখাইতা বায় তিউশনি করিয়া আমার হুটছিলে খানাচ্ছা সানাইটা কী রকম অবস্থাটা আমি ফিল্ড করতাম যে আমার ভাইজাহুতিক হুটে করি আমারে পড়ার নিরুদ্ধার দেয়ার দিন আজকের একটা দিন আমি কাজ করলাম আমি স্থিতিটা করলাম আমার একটা ক্লোর খানা বেস্টে অনুমতো হোস্টেলে দেখাব
/kaggle/input/regspeech12/test/test_sylhet_0680.wav,সে মানে আংটির ইচ্ছা কিন্তু এখন মানে
/kaggle/input/regspeech12/test/test_chittagong_0100.wav,তিনি কিন্তু তিনাং তার নলে পাঁচ মিনিটের বিষয়ে আয় আমার শূন্য না ওই যে ব্যাগের মধ্যে মানে মোটা মুটি ভালোই একটি ইংলিশের মধ্যে ভাই মানে হারাবেই আয় না অবশ্যই ইংলিশের মধ্যে কেন হারাবে
/kaggle/input/regspeech12/test/test_barishal_0062.wav,এই দ্যাশ টাহা যদি মোর ফ্যামিলিতে বাছে মোর কাঁচামালের বাজার হয়ে যামুই এই ল্যারমারার কাম হইলে এই ছাড়িয়ে দিছি এই যে বিরি সিকিরেটের মধ্যে যদি কোন মানুষ কৈত্যের নেশা আছে অল্লাকা আমার চালিন তৈবে ওর দেহাই তৈবে যে কোন জায়গার নেশা আমি মনে করেন একটা না
/kaggle/input/regspeech12/test/test_habiganj_0055.wav,ষপদ তার দেখায় উহায় দিতি এখন হইতে বলে ভাল হইতে এরপর থেকে আমরা বাড়ি নিই যখন আমার রাতে শুটকিত হারি যে ভালইতে ওহং মা হই তুই শুটকিত হারি রান আমার দিকে তুই বালা হইয়া নামতে পারো এরপরে ইতাহার তে হইতে ঐ আস্তে আস্তে মা যেত যেত রান দেয় ওনার নিদে হাজার আস্তে আস্তে আস্তে সবই ফাঁড়ি রান দাও এর ঘরে ওর আর কিটা হৈমু ওর হরেন রান তাম রান তাম পাওয়াতে হয় যাতেই যখন আমার আমি এমন আমি এমন জামি এমন জামিতে সবুক
/kaggle/input/regspeech12/test/test_sylhet_0529.wav,মানে ইহার সময় তো তখন ভয় লাগে তো অনেকের চিঠিতে হতে পারে না ভয় লাগছে না এমনি সাউন্ড হয় বেশি নামার সময় নামার সময় অতীত তো এখন দেখলে সানামান স্বপ্ন ঘটিয়েছে ওটা সময় বেশি দাগে
/kaggle/input/regspeech12/test/test_habiganj_0117.wav,ইসলাম এবং পূর্বে যে রাজনীতি করবে
/kaggle/input/regspeech12/test/test_kishoreganj_0029.wav,এ একদিকে আমার যে আসিলেন ভালো লাগে
/kaggle/input/regspeech12/test/test_sylhet_0451.wav,পেয়ে মিছিল সারাদিন কেমনে খাটে আন্টি রাখলে বাচ্চারা কেন্দ্র আছে এখন একটা অনাথ্যা হল না এখন একটা দিনে বিস্ময় পত্র বুঝাইনি পরে গোল দেওয়ার একটু জালুর দিকে হাঁড়া তার ঘরে গেছে জালা হয়
/kaggle/input/regspeech12/test/test_barishal_0043.wav,হেই আদিমেন্সি ও খালি দড়িটা টানতে একটু জাগাইতেছে এই ডুব কাম কর্তালে হেই কাম কর্গিয়া যেই সমস্ত ব্যবহার মূল্যাগ করছে এই ব্যবহার করালেই গ্যান্ডাম বাদ যে বিশেল আকারের মূল্যাগে ও মনে করেন মোর কয় গার্ডার্ডারে কইছি কুডো কেনতে মানা করছি কুড়কিন্যে গরু পালতাম এই কুডো হুগুম পেয়ে যে কহিতে না মোর্তম মিটের গেছে গরমে দিচে একটা ছট্ষণ লাগাইয়া
/kaggle/input/regspeech12/test/test_chittagong_0122.wav,বৃষ্টি দৃষ্টির পরের হানা অবস্থায় আরাম ভাই তোরা বেগম বেলার অর্ধের আদেশে আধুনিক এগিয়ে গিয়ে গুই আরাম ভালি ব্যতুলে বুয়ার নানান ওয়ারী তামামা মায়ে বুদে বিবেচিত নানা পরীক্ষা ছিল না যে
/kaggle/input/regspeech12/test/test_sylhet_0296.wav,যেহেতু কথাবার্তা পাকাও ঈদের তখন ই জায়গার মধ্যে একজনের স্মরণ দেওয়া কিংবা এগুলা সাইকোলজিক্যাল বিষয়গুলা যদি অ্যাডজাস্ট করে না তখন তো স্টার্টিংটাও নেগেটিভ করে দিব তখন আমি ভাবলাম যে ওটা তো আসলে
/kaggle/input/regspeech12/test/test_narsingdi_0133.wav,ইনোস্যান লাগব ঠিক আছে কিন্তু তার স্যার আমাদের একটা দুষ্ট দুষ্ট বাবা ছিল এই যে দুষ্ট বাচ্চা কই জায়গার টুল পড়ে আল্লাহ দিলে আমি বলিনি বুড়া বড় এত এত সুন্দর আছে এটা আমার কথা নয় এটা মানুষের কথা ওকে আমার চাইল্ড হুডলা একটা অনেক কী আছে
/kaggle/input/regspeech12/test/test_narsingdi_0066.wav,আমার খুলা বেশি ভালো লাগে মেলি ফ্রেন্ড মজা করা লেগে চলো চলো ফ্রেন্ড ইসলাম এ তো হলো সাপ সাপ তুমি সবাই বেকুন সুমার ইসলামার ভাই সবার নেভিয়া সাদী করা সেটকেল
/kaggle/input/regspeech12/test/test_habiganj_0074.wav,উদায় সময় নষ্ট মানে কি তা কহাম একেবারে জীবনটা এই যে একেবারে অলসে অলসে হাঁটাইতেছি আজিরা আজিরা হাঁটাইতেছি
/kaggle/input/regspeech12/test/test_sylhet_0762.wav,তাই যদি দেড় বছর বয়স থেকে আমার কাছে দেখা হল হুম মানে তো তার জন্যই বিয়ের
/kaggle/input/regspeech12/test/test_sylhet_0386.wav,কি দিকে কি তার কি বলছ যায় কিন্তু আমার বাকির খালি হিরো দে বাইরিয়া কিছুটু সময় লাগবে না একটু আমি একটু সময় লাগত একবার মানে বলি চলি তো নাই না বলি বাড়ির বিষয়ে এই কোথায় পড়িলাম যে একবারে রাস্তা দিয়া গিয়া শেষ মাতাতে
/kaggle/input/regspeech12/test/test_noakhali_0017.wav,তাহলে তিনি আবার ভুল হয় একদিন জ্বালালাকে আনা তুলে দেখেন গাদ্দা তো আনাতে গেল
/kaggle/input/regspeech12/test/test_sandwip_0017.wav,হিসেব কিতাব একটা অন্যায় বেশ কি একদম ব্যাঙ্ক সেটু যারা হালিজামাই গুণের গুণের প্রস্তাব
/kaggle/input/regspeech12/test/test_kishoreganj_0067.wav,তুমি চা চা চা চা কোজেস্টাফোর ভাই
/kaggle/input/regspeech12/test/test_chittagong_0072.wav,আর পাবলিকের মধ্যে অন্যায় হয়তো বিক্রিটার চাইতে নাই
/kaggle/input/regspeech12/test/test_sylhet_0298.wav,তাইনো আমি যতটুকু জানি তাই তখন চিশু নিবিড়িয়া কর্তা গ্রামীণ ব্যাংক থেকে শিক্ষা ঋণ লইয়া বাবা মারে দিতা ফরতাধি বাবা মারে দিতাতে কাজেই অরম করবেন ঐ থুইন্য পুরাপুরি তাই না
/kaggle/input/regspeech12/test/test_rangpur_0127.wav,বলো ব্যবসা গালি দিলেন হাহ শালা পানি প্রদর্শনের লাগে
/kaggle/input/regspeech12/test/test_narail_0015.wav,তুই টাহা দিস না তোর কাছে কেউ শুনতে গেছে না তুই টাহা দিস না তুই করতে গেছিস কিসের নিজে আমি এরকম টাহা দিই তাহলে আমরা সৌরায় নালী ওই বাবলুরাই ফিলিপ করেছি বাবলু তুই বলে টাহা নিতিস তালি এত টাকা কই গেল আমরা তো পাইছি দশ হাজার টাকা আমার এই কথা কালোটা কাকুমা
/kaggle/input/regspeech12/test/test_chittagong_0057.wav,তোরা মজুদের হাতায় গেন না কেন হওয়া চাই তুলে না দিব দেরি ঠিক আছে চলে তুই এখন যাক তুমি মায়ের সেতু পাশে যে চাইতাক
/kaggle/input/regspeech12/test/test_sylhet_0088.wav,আর আপনি উকিলা হলো তখন নাকি তার
/kaggle/input/regspeech12/test/test_kishoreganj_0100.wav,মুস্কো কি গিয়াবাত
/kaggle/input/regspeech12/test/test_sandwip_0085.wav,মানে থেকে তুমি মাইলে আরোগ্য করো তুমি হ্যাঁ খুঁজতে পেলে একসময় ঈদের মাথা দিয়ে যেতে তো ভুলে দেখতে শুরু হয়েছিলি রায়কে মোবাইলে লাইভ দিলে ডিয়ের মাথার উল্লেখ পুরোনো একটা অনেক
/kaggle/input/regspeech12/test/test_tangail_0039.wav,আচ্ছা তার পরিবার থাকে ইন্ডিয়াতে পাইপেটেল যে ইরফান খানের পরিবার থাকে ইন্ডিয়াতে তাদের একটা নিজস্ব চিড়িয়াখানা ছিল ঐ প্রশ্নবাগের সাথে ইরফান খানের একটা স্পিরচুয়াল একটা কানেকশন ছিল অন্যান্য পশুর সাথে কিন্তু
/kaggle/input/regspeech12/test/test_sylhet_0352.wav,তখন জিজ্ঞাগুলি আছে আচ্ছা ঠিক আছে আমার লোকে দেখা করিও তো গিয়া তিন দিন আগে দেখা করার পরে হইল যে সিলেট সেনাগন কোনো কোপ থাকা নাই
/kaggle/input/regspeech12/test/test_chittagong_0156.wav,আপ অনার্স রান দেখিনে পয়েন্ট লয়েরা যদি জানে কি সাইন্টো অনার্স যদি পয়েন্ট হোদুল লর সাইন্ট তুলে নিক কিনে সাইন্টো জালিয়ারি
/kaggle/input/regspeech12/test/test_sylhet_0303.wav,আমার যাতে বাড়ির দেওয়া লাগে তখন তোমার স্যারের লোকে আমি মানলাম যে আমার কিচ্ছু লাগত না আমি ইউনিভার্সিটির পড়াটা শেষ উইকেলে চাকরির প্রিপারেশন লইতে আমার কিছুটা টাইম লাগব আমার একটু টাইম দরকার ই টাইমটা আমি বাড়ি যেতাম না
/kaggle/input/regspeech12/test/test_sylhet_0416.wav,বাচ্চার মতো ডায়াবার ফিন্ডি আমি চাকরি প্রতিদিন এক ক্রিকেট ক্যাম্পাস মনে করো তোমার প্রাক্তন চাকরি পান প্রতিদিন আমার এর দিনের রাইতে প্রাক্তন চাকরি ক্যাম্পাসে আসতে পারে
/kaggle/input/regspeech12/test/test_chittagong_0171.wav,তোর বাপাল্লা দেশেও হুসুস তোর বাপ লিখেছে স্নাতক নজরুল তোর বাপাল হয়ে সামান্যের লালিকে ভেঙে ফেলছে তাহলে হিরো নাই
/kaggle/input/regspeech12/test/test_sylhet_0608.wav,আজ যারা যারা আস্তের আলোগিতা দেখা হবে বাটা তোহেও মেবে যতটুকু ফার্সেস্টার বিলার জানাইছে মাহফুল হত্যা প্রায় বলে কারণ লাশটা হালকে তো একটা ডে দিলাম না নেই এখন এই ডে দিকটা হাম দে হাতায় লাও আমার কি তাহার এটা কিন্তু নাই দেশে নাই তোর মাথাটা ফাটাইলাম
/kaggle/input/regspeech12/test/test_narail_0169.wav,প্রতিটি মাত্র আমার চা লাগবে কারণ ওষুধগুলো দিয়ে ব্যাপার করি
/kaggle/input/regspeech12/test/test_barishal_0055.wav,তাই মোর চালানকালে ছাড়তি এলো ঠান্ডা কিসের যদি এখন কষ্টের জন্যে যদি ঠ্যাং না থাইয়ে বয়ে থাকতাম আহানো অত আর দান্তাইতে মুই দশ দিন বয়ে থাকলে মোর কী হইত মুখে না খাই মরতাম
/kaggle/input/regspeech12/test/test_sylhet_0537.wav,আমি নামার সুতো বন্ধ আমি অনার্স থার্ড ইয়ার্ড মডেল মোহাম
/kaggle/input/regspeech12/test/test_tangail_0026.wav,কিন্তু সারা এরকম ভালোবাসায় বিশ্বাসী না সে সোলমেট বা ডেসটিনিতে বিশ্বাস করে সে মনে করে যে জনাথন যদি তারই হয়ে থাকে তাহলে সে বারবার তার লাইফে বিভিন্ন সময়ে বিভিন্নভাবে আসব তাই সে বিভিন্ন এক্সপেরিমেন্ট করে যেমন জোনা ধান সারারে
/kaggle/input/regspeech12/test/test_rangpur_0036.wav,বুটির সাথে গোটা আলুর ডালা কি বুটকিয়া খাইবার বুট হইল শরীরের পুকুরে এনার্জি জনিত একটা খাবার মানুষের ইত্যেরই সময় বুট খাওয়া আসলে উপকারে থাকে
/kaggle/input/regspeech12/test/test_kishoreganj_0073.wav,পাগল লোকে পাগলে আছে আমরা দেখেন না দেখেন না দেখেন না দেখেন না দেখবেন না দাদার তোর দাম একাডেমি হ্যাঁ
/kaggle/input/regspeech12/test/test_kishoreganj_0122.wav,বড় বড় মিল ফ্যাক্টরি বা কাকা নামে গেলে তুমি দাঁত দেয়ার এখানে গন্ধের লেগে বিভিন্ন আক্রান্ত বা বিভিন্ন ময়লা আবেদনকে দেয়া ফেলা যিনি নিতে ফেলা যাবে সামনে যাওয়া বাউলিদের সামনে না গন্ধে দুনিয়ায় গন্ধ
/kaggle/input/regspeech12/test/test_sandwip_0028.wav,হুঁইশালা ও এরা হুঁইশালার হোলানেলি মরালা ডাক্তার ইঞ্জিনিয়ারে ওই হোলানের মারা বিদ্যাশ্রমে থাকে মালগুরু সানা আমরা হোলানি আন্তরের সাইবার এই ব্যাপারেই থাকে অতিরিক্ত
/kaggle/input/regspeech12/test/test_sylhet_0102.wav,তিন বেলা গিয়ে রান দে না খাট ব্যবস্থা হবে কে আয় তো মাস্তো হারিটা খাট ব্যবস্থা হবে বুঝছি আমি ভাবছি তাই না বিয়ে হয়ে গেছে মনে হয় বিয়ে হয়ে গেছে স্যার
/kaggle/input/regspeech12/test/test_rangpur_0072.wav,মের্মল লাউহির বুলগুলো হারা যায় কার থেকে বাজে গুনগুলো কেন রাহুল্লাহ ভাই দেওয়ার জন্য মাছ বাই করুম না যে কালকে মুই লাউ লাউ মাছ বাইকেরি লাউ দিয়াছি মোর ভাইটাই কদিন আছে মাছ কেনার আগে নেই
/kaggle/input/regspeech12/test/test_kishoreganj_0027.wav,গ্রামের নাম কি তামরাজ তামরাজ তোমার এক পুকুর বাড়ি নজরুল এসেছে নাই নজরুল বলতে যেন একটা কিন্তাকারী না সেনা
/kaggle/input/regspeech12/test/test_rangpur_0013.wav,তিনি খোয়া যান আমার জীবনে ঐ শ্রেণীর এই হরাহকে খুলি না তোমরা না হন তোমার নাতি কর তাই দুর্নন্দিত করবে
/kaggle/input/regspeech12/test/test_sylhet_0027.wav,এটা দায়িত্ব নেয় পুরুতে এই পূজা করে পুরুই এ নেয় সবকিছু দায়িত্ব নির্মাত কমিটি আছে
/kaggle/input/regspeech12/test/test_sylhet_0483.wav,বাচ্চার মানে আমি যেমন একটা ব্যক্তিমারা যেন কিন্তু আমার একটা গৃহীতা নেই লোকে আমি তো তোমার চাচা মারা যায় এখন বিদ্যার ব্যাপারে এগুতো অব্যাহতি মারা যায় ফল পর অন্য কোনো সমস্যা কোনো চিন্তা মারা যায় যদি আমরা আমি তো কিছুতেই প্রশ্নাত সম্পূর্ণ সহকর্ম বাচ্চার মানে আমিই আমিই জাহিতেও সংস্থার পর্যন্ত প্রশাসন করে কিন্তু মারা যায়
/kaggle/input/regspeech12/test/test_rangpur_0078.wav, এদেন খুন হইবে এদেন খুন হইবে না ওর পাখের ওয়াট মিলি পরিপুরি পরিপুরি না করি তারপর এখানে শুকিয়ে পড়ি ভাতের সাথ ভালো লাগে
/kaggle/input/regspeech12/test/test_narail_0143.wav,টুকুই দিলাম কণ্ঠে তুমি মনে করে দেখতে আমি গতবার যখন ইন্ডিয়ায় আসছিলাম তখন
/kaggle/input/regspeech12/test/test_sylhet_0014.wav,পূজা করিয়া তারপরে আমরা প্রসাব চাহাইয়া তার প্রেক্ষায় ক্রিকেটে তার পন্থাসম্পদ নিয়ে পন্থারাত্মক করা হয় তার সংস্কৃত একটা ধর্মীয় জীবন ধর্মীয় গান আছে নামার স্বস্তি এই গানটা নিবেদন করে অনেকে পরের দিন নাকি
/kaggle/input/regspeech12/test/test_chittagong_0029.wav,সুতরাং বিয়ে দিবিলাম দাহা দেখিয়া লাগে নাকি না লাগে নাকি মানিসংযোগ করে এটি মগ্ন প্রতিন ইয়াওরি একটি মোবাইলের দোলাদুলি
/kaggle/input/regspeech12/test/test_narail_0142.wav,না উড়োয়াদের স্তমার কথা তাতে হবে না তুমি আসো তোমারে দেখি না মেলা দিন দেহে মেলা লাভ আছে তুমি আসো তার সাথে সব সম্পর্ক একটু পরিবেশ দিলে তারা দেখে লাভ কি পা
/kaggle/input/regspeech12/test/test_kishoreganj_0136.wav,সে হলে হয় এক রকমের ফল
/kaggle/input/regspeech12/test/test_sylhet_0225.wav,তো আমি পড়া আরম্ভ করলাম পড়তে পড়তে মেট্রিক পরীক্ষাও দিলাম তবে ট্রিক পরীক্ষা দিতাম যে আমরা তো গাওদাহ কি গাওদাহ কি শহরে হইয়া পরীক্ষা দিলে তোমার আর ও টাইমে পিটাইয়া পরীক্ষা দেওয়া যাইত না
/kaggle/input/regspeech12/test/test_habiganj_0097.wav,সিলেটে তো অনেক বালাবালা জায়গা আছে খাতা ফাতার দেহা আমি আবার তো অনেক শোক আমি কেড়ে যে এখন সময় যাইতাম দাবাগানে
/kaggle/input/regspeech12/test/test_narail_0095.wav,যতটুকুই ভালো সম্পর্ক কান্তাও এরকম কথা বলতে পারিনি তোমার সাথে সাথে সম্পর্ক তোমার সাথে কত কথা আছে এ কথা তো কেউ জানে না সে কথাটা জানি আমি এখনো কথা শুনি যা আমার সাথে তো তোমার
/kaggle/input/regspeech12/test/test_narsingdi_0102.wav,কিন্তু একটা প্যাক্টি দিবে না দিলে টেয়ার্ডি এখানে রাইখা দিলই না অবশ্য আমি আবার ইয়ান দিয়ে আসি যাই যেমন সময় তাদের না পাত্র টাকা দিয়ে দিব এবং বর্তমানে রাইলে ডালা হবে তাকে বাড়তি পাঠ করে দিয়ে দেবে
/kaggle/input/regspeech12/test/test_rangpur_0109.wav,পাতা কুড়ি নিয়ে দেখি লেশ আমি গেলে ভাত খাই নাই তোর চোটটার মত থাকতেই ভালো আছিল না ইত্যাদি গিলা মানসি টাকাটাকি খেলেছেন খুব নোয়া
/kaggle/input/regspeech12/test/test_kishoreganj_0032.wav,এই যে এগিয়ে থাম্বে দেখেন বস্তুতে থাম্বে তাল দেখি
/kaggle/input/regspeech12/test/test_sylhet_0597.wav,হালকে তো রুবিনার লোকে দেখা হইল আস্তে আস্তে আস্তে আস্তে দাও ইয়া হাতিয়া গোতাবান্দরে দেখলাম না আমরা বেটে আমি হালটি খেলতে চুর গেলাম অনেক যদি বিয়াটা নয়তো বিয়াও এই খেলনি আমার তথা হত ঘুষে
/kaggle/input/regspeech12/test/test_sylhet_0081.wav,আমি তো বেশি আগ্রহ হয়ে যাই আমার ভালো লাগে না আমার বেশি পড়তে পারে না আমি প্রথমে পড়তাম না তথা এখন টিচার বা আর আগ্রহতা বাড়ার পর থেকে চিঠা লাগে তাতে পড়া লাগে
/kaggle/input/regspeech12/test/test_barishal_0078.wav,ধরি উল্লে উল্লে এখনো কথা না
/kaggle/input/regspeech12/test/test_sylhet_0632.wav,আর শিক্ষার কারিকেল আমার যে পেন রাইস্কিট এখন বাছাই নাই নৈতার ব্লেজ মাত্র হয়েটা সাবজেক সাইন সার্ক কমার্টি তাতে নাইও কিন্তু পজিটিভ ইমপেক্ট করব না নেগেটিভ ভুলে যাবে না
/kaggle/input/regspeech12/test/test_sylhet_0074.wav,তাকে চা বাড়াই হাসির মাস শুরু হইব আসুক শুরুও একই দুর্গাপুজো দিয়ে আমি তো ইন্ডিয়াটাইন বুঝি না আমি তো অক্টোবর হয়ে যাব
/kaggle/input/regspeech12/test/test_sylhet_0259.wav,আর এমনাতে কই আমি তো আজ থেকেই পড়তি যেই প্রাইম আগে হাইস্কুল যেটা করতেও বুঝি না এখন আজ থেকেই প্রতিবিদ্যায় আমার বাড়তিটির লিমিটেড হইতেছে খুব টাকু যে আমি কয়েক শক্তির মাঝে এপ্লাইও করতে পারতাম না
/kaggle/input/regspeech12/test/test_kishoreganj_0054.wav,লজান দে দোয়া করলে লজান দে মাইন তোরা পরীক্ষা শেষ হ্যাঁ কী বইয়ের কিছু হবে
/kaggle/input/regspeech12/test/test_sylhet_0587.wav,তাকিবে আমার পরের বেটার কিছু করলে তবে যে বিপদ পেটায় পাম দিছে এখন ঘরের সবে কেউ না হলেন মানতেন না কারণ তিনটা করে আল্লাহ তেরেফুল অত্যন্ত দিনাথ তাইরে যাচ্ছে হারা তাদের হালি এমন ঘরে ঘরে প্রাইভেট প্রাইভেট প্রহরে খেলে পড়ে মাসালি ফান দেয়া মানুষের চাকর্কিতে হবে কিন্তু
/kaggle/input/regspeech12/test/test_rangpur_0046.wav,এলারু ধ্বনি হয়া হয় না করু হয়া যে এর কেমন কেমন করে এলাক্ষাকে ভর নাই
/kaggle/input/regspeech12/test/test_sylhet_0750.wav,আর আপনারাই কেন জীবাণু পূজা আটক না এটা কি তাওয়ায়
/kaggle/input/regspeech12/test/test_tangail_0027.wav,নাম্বারটা দেয় পাঁচ ডলারের একটা নোটে তখন সারা এটা দিয়ে একটা বই কিনে ফেলে বই কিনে ফেলে তখন ওই নোটটা মানে যে দোকানদারকে দেয় দোকানদার থেকে আরেকজনের কাছে তার একজনের কাছে এইরকম পড়া যেতে থাকে আর সারা বলে গণতান্ডে বলে যে এই নোট যদি আবার আমার কাছে আছে তাইলে ভাগ মুখ
/kaggle/input/regspeech12/test/test_kishoreganj_0124.wav,তেল আঁকি তাকির দিকে কয়লা ইত্যাদি ব্যবহার কইরা ইত্যাদি
/kaggle/input/regspeech12/test/test_narsingdi_0117.wav,ভয়ের একটা মাস্টার পিস কান ব্যথা করলে বোকা মায়ে
/kaggle/input/regspeech12/test/test_narsingdi_0058.wav,কার্যকরা তোমাদের গলা এমন বলে ফেলেছিল কার্যকরা সবাইকে সবাইকে মিউমিউ করে কথা বলে তো আমরা পাইগ্রা করতে আসি না
/kaggle/input/regspeech12/test/test_kishoreganj_0187.wav,পুঁটি প্রাণী দূষণের কারণ নদ মা নদ বা
/kaggle/input/regspeech12/test/test_kishoreganj_0194.wav,পানিতে মিলে থাকা বালি কাদা ইত্যাদি সরানুর পক্ষে কী বলে
/kaggle/input/regspeech12/test/test_sylhet_0591.wav,ইহার দিন থেকে অক্টোবর থেকে মোটামুটি পালা যাব হ্যাঁ জায়গাটা তাও মোটামুটি বিজি তিন দিন সারাইলা একটা ধরার এক ঘণ্টা যায় ঘুম থেকে উঠলে সারাইলা এগার এর আগে কয়েকদিন আছে
/kaggle/input/regspeech12/test/test_chittagong_0135.wav,ঠিক আছে ফুফে হঠাৎ যুক্তি আছে না হতে বা মাইনি কিন্তু ইয়ার আগে যায় সিটার মতো না এবার আগে আর ফল ফল বানাইতে লোজ পুরানা হয়ে যায় বর্ণ ফুফিল্যান্ডের উঠতা পরে তোরা আর লইতে হবে ঠিক আছে না তাছাড়া আমি পার্টফ্রেন্ডে এসি তোরা হলে এতে পার্টি কেনার নিনটা
/kaggle/input/regspeech12/test/test_narail_0112.wav,তোমার আর পিতুষের সংসারে কিন্তু আগুন বেড়ে যাবে না আমি ছেলেমেয়েটার কথা লিখে রাখ ওরার আমার সংসারের কোনোদিন আগুন ধরবে না
/kaggle/input/regspeech12/test/test_chittagong_0052.wav,আর ঈদেক কেন মাছি তারিবু তুই তো ভাই কী হৈ মানা নাকি ডাইনি হইতে এগিয়ে নড়েও তুলে সাড়া যাইব
/kaggle/input/regspeech12/test/test_sylhet_0339.wav,গেলাম বাড়ি আমার ছেলে ওই নৌবার্ডটা আমার বাড়ি বাঁচাতে আসলাম পরে আবার পরীক্ষার ডেট রইল অধ্যায় মোহাম্মদের বয়স হয়ে গেছে তিন মাস এখন তিন মাসের বয়স তো ব্রেস্ট ফিডিং টাইম
/kaggle/input/regspeech12/test/test_narail_0166.wav,আরো খুব আড়ালিত আরও কত কিছু রোগ মানে এমন এমন রোগ আছে গড়েই না খুব আড়ালি আয় গ্লাবেটিকস থাকলে অন্যান্য প্রেক্ষাও নিতে যায় না
/kaggle/input/regspeech12/test/test_tangail_0041.wav,কখনোই মানত না সে বলতো একটা বাঘ কখনো মানুষের বন্ধু হইতে পারে না সেইরকম ভাবে সবকিছু ভালোই চলতেছিল কিন্তু প্রশাসন এক এনিম্যাল রাইটসের কারণে নাকি এই কারণে জুডা মানে বন্ধ করতে হইতেছিল
/kaggle/input/regspeech12/test/test_habiganj_0057.wav,রমদ দিতে একটু বেশিও দিতে কিন্তু অত বেশিও না কিন্তু লবণটা বেশিইতে এতে লেগে আমার বাবা হয় দেলিতেও তুই হত বালা হইতে থাম দো কাকে তুই কেরেও তো লবণ দিলে তার মা কি তার লবণ দিয়া দিতে আমি হই মাহুত্ব দিতে লবণ আমি তো আর লবণ দিচ্ছি না আমি আর কুন্তু লবণ দিলাম আর আমি কিন্তু পাখি দিয়া একটি লবণ দিতলাম বেশি হয় আমি হই আর কি একটু লবণ যদু বেটি দেয় তাহলে তো আমার দিয়া আর রান্দাইত না না আমার ওখুন আর মার মতন আর বিমধ্য বিদ্যা বিদ্ধে আমা দিতে আমার রান দিতে আমার রান দিতে আমার
/kaggle/input/regspeech12/test/test_habiganj_0003.wav,অঙ্কু আপনাদের খুন সাথে যেমনটা তো সম্মানের জামাইয়ের সাথে হেরে লইয়া যায়
/kaggle/input/regspeech12/test/test_sandwip_0068.wav,আয় রে কিংবা রাজ্যে নাম নিয়ে যেরকম গেছে নিয়ে হিসেব করলেও যেমন
/kaggle/input/regspeech12/test/test_kishoreganj_0006.wav,গাড়িতে রাখা গাড়ি তৈরি করো গাড়ির ধারা করো গাড়ির লাগে
/kaggle/input/regspeech12/test/test_habiganj_0095.wav,তাহলে যদি সিলেট পিকনিক হয় তাহলে যাওয়ার ইচ্ছে আছে দূর গুনানো গেলে ফ্যামিলিস্টিকা দিতা না দিতা না যাইবার লাগি অত্র দূর যাওয়া আব্বা প্রফুন্দ করেন না কক্সবাজার গেলে যাইতাম না কিন্তু সিলেটের ভিত্তি গুনানো জাইন তৈর্ঘে নাইলে যাইতাম না
/kaggle/input/regspeech12/test/test_sylhet_0562.wav,আর সারিনাই পেপার জাগর ইন করত মার্ক দেখাইছেন দেয়ায় অচেনিবার ইন করত যে তত ফাইসা তো দিবেন কোনো সাড়া দেওয়াইছেন নাই বালাউড়ি পরিয়াই আর্থ টেনশনার তার তান্ডা আমরা প্রাপ্ত পরিজাপতি প্রাণ পেপ করছি
/kaggle/input/regspeech12/test/test_chittagong_0055.wav,অ্যাকালে তো বৈচিক্ষি দুনিয়ার একটা সীমার বাজন দুনিয়ার কেন্দ্রে কেন্দ্রে ব্যাইকিং নিয়ে রোবেন হাম হল গড়িয়ে রোব বৈচিকৃতের মতো হন না এটা হয়তো আবালক গড়া হামবে কিং করিয়ে রামমারে ইমপ্রেস দিতে
/kaggle/input/regspeech12/test/test_narsingdi_0019.wav,ঐ কথা আছে না খুব তাদের উপরে উঠে গেলে মানুষ পরে যেন তাকাতে চায় না হয় ভুলে গেছে আর কী যে কই ছিলাম আর কোথায় হয় এগুলো হয় ক্রিকেটে এগুলো হয়
/kaggle/input/regspeech12/test/test_rangpur_0107.wav,ছাগল আছে নিকি পাতাটা দেখিতেছি না কাজটা নিয়ে দেখি না
/kaggle/input/regspeech12/test/test_barishal_0097.wav,হাইডু বিবেকা নাজু বেড়া ঘাড়াতে কাম করিয়েছি দেয় এই হইল সমর্থা কিছু কথা কই রিডামকে দেয় খাদ পড়ে ব্যাপার এই মনের কারণ এই পানির জাতীয় খাউন্ডা মোরাতেই এই খাউন্ডা আত্মবইয়ে কহিল মনে করে নেই যে হারাদিন কাম করছি না মোর কোনো দুঃখ নাই ঘরে গেলে মোর তাল্লুর ভিতরে রক্তের ড্রে দেয় লাভ
/kaggle/input/regspeech12/test/test_chittagong_0007.wav,আয়াধির ফল বানাইতে আর অদ্ভুতেরও বাজে হত অনেক কিন্তু নিশ্চয়তা ও অন্যেবারের আহারের আয়ের পরিমাণ তাহলে তাহলে যুক্তি পেলে তোমাদের আজ অব্যাহত হবে
/kaggle/input/regspeech12/test/test_kishoreganj_0169.wav,বার্সেলোনার বার্সেলোনার দল থেকে তলে পরিবহন কে খনিমোবল বলে তোমরা ভিতরটা খুব লাল
/kaggle/input/regspeech12/test/test_chittagong_0070.wav,তাহা কি দিবে বৌদি
/kaggle/input/regspeech12/test/test_narsingdi_0009.wav,পরে তো রাখস মোটামুটি তিন চার বছর দলের সাথে থাকতে থাকতে লেগ স্পিনারের অভাব পূরণ করতে পারতাস না এই প্লেয়ারগুলো লেগ স্পিন বল খেলাইব তখন ওরে নিয়ে যাওয়ার লেগ স্পিন বল করে কিন্তু ওর লেগ স্পিনের সাথেও তো বাংলাদেশের লেগ স্পিনারের কোয়ালিটি মিলে না
/kaggle/input/regspeech12/test/test_narsingdi_0048.wav,শুতে পড়েছ তোমার কিছুদিন আগে খেয়াল লাগে যে রাত্রেবেলা কারণ ব্যাপারে ফেলেছে আমি যে তেলের গোহানা তেলের গোহানা আমি যে মুখ বোঝ্যা আমি গেছি গিয়া আমি যাওয়াই ফিরে ফেরি গাবার লাইটিং মাইটিং গেড়ে পার্টি নাকি করেন নম্বরে যাইতে দুয়া উঠতা থাকে
/kaggle/input/regspeech12/test/test_tangail_0052.wav,পরে রিচার্ড পার্কার যে বাঁকটা ও বনে চলে যায় নাইমেই বনে চলে যায় আর ইরফান খান ঐ বাঁকটার চলে যাইতে দেখে কিন্তু বাঁকটা মানে কখনো পিছনে ফেরার তাকায় না
/kaggle/input/regspeech12/test/test_sylhet_0256.wav,আমি আর কোচিংও ভর্তি করি কোচিংও যখন ভর্তি করাইতে প্রজিপ্রোন কোচিং ওটা হাওয়াপাড়া কিংবা বাজারের কিছু দিকে হাওয়া করাতে হবে কিন্তু আমরা হয়তো অলাপ রান্তিকটা পরিবারটি কি একটা কর্মীয় নাটা কলেজে তো করিবেছি মুক্তিপদে কিন্তু তখন কোচিংও করতে গেলে তাহা ভুল
/kaggle/input/regspeech12/test/test_sylhet_0029.wav,তার পরে নবমীদিন হয় যে কীভাবে পূজা হইল ঠাকুরুতে পূজাগুলো প্রত্যেক দিনেই তো নতুন কাপড় দেওয়া সব ঠাকুর পর সাজা গোজার জিনিস আছে না ঠাকুররাতে এগুলি দেওয়ার পরে আর মাঝিদের সবাই যে বক্তৃতা করে ঠাকুরকে যে প্রণাম করে এটার মাঝে কি সবাই কিন্তু প্রণামই দেয়
/kaggle/input/regspeech12/test/test_kishoreganj_0059.wav,ডান না গাছ দুধ গাছ দান নেড়া
/kaggle/input/regspeech12/test/test_sylhet_0445.wav,তুমি একেবারে নিরিবিলি কোনো মানুষের লোক নাই সন্দেহের মেয়ের মেয়ের পিতা হৈজামান বিয়ে বয়ে লাগিলে বেবার হয় একেবারে কোনো মানুষ নেয় আবার কিন্তু একটু সামনে গেলে মানুষ আছে আমি দুই নম্বর বাসাতে আসলাম ইকুইলিতে তোমার তেতাল্লিশ নম্বর বাসা এখন তুমি বুঝি আমি দুই নম্বর বাসাতেছ আমি হলে একবারে মেয়ের লোক
/kaggle/input/regspeech12/test/test_chittagong_0120.wav,দিদি আজকেবার মেরে গিয়ে লাশ্ছন্দা এর হাতে পায় আয়না বা বুলের গিনে ওরি একটা হতা হয় তুই মোবাইল নোট হইতে যদিও রিভাতবেহে গেল সমস্ত বেতাল হুদি
/kaggle/input/regspeech12/test/test_sandwip_0093.wav,প্লিজ আমার সাথে একটা উদ্বোধন করেছেন
/kaggle/input/regspeech12/test/test_kishoreganj_0057.wav,কৈচিত কাউয়েম্য এই যে কিছু কিছু মাস্তার যাচ্ছে মানযাবু হ্যাঁ
/kaggle/input/regspeech12/test/test_sylhet_0222.wav,চাকরি করিয়া আমার পেশাটা যাতে থাকে না হোক লাইফের কথা ভেবে দিলে আর একটা বিধি থাকে পরে আমি ও টার্গেট লইয়া মনে মনে করা শুরু করছি আর আমার ভাইয়েরা আমারা খুব সংযোগিতা করতে পারি
/kaggle/input/regspeech12/test/test_narail_0120.wav,সে তোমার পৃথিবীর সংসারে আগুন লাগানোর দরকার নাই লাগাচ্ছে না কিন্তু আমার সংসারটা আলো জ্বালায় দিয়ে
/kaggle/input/regspeech12/test/test_narsingdi_0068.wav,আঙ্গুর গ্লাসের মাইয়া বলে আঙ্গুর মনে করে আঙ্গুর ব্যস্ত একেরে বিখ্যাত করে লেগে যুবর্ক বাজার নৈতিক অবক্ষয় কী অবস্থা বিয়ে বাওয়ালি রাখব
/kaggle/input/regspeech12/test/test_kishoreganj_0158.wav,আমি কি কখন সকালে গাছের উপর বিন্দু বিন্দু পানি জমে থাকতে দেখেছি
/kaggle/input/regspeech12/test/test_sylhet_0584.wav,পয়লা পয়লা আছে তো জাহাঞ্চারের প্রায় তারা জাহাঙ্গারার ডিমান্ডে একটা জানো তো বেশি বেটার পাশা দারুণীটি মানে না আর চেহারা থেকে বলা হইল গেহে না নিত্যবাদ তা সম্বল জানায় না
/kaggle/input/regspeech12/test/test_narsingdi_0100.wav, ঈদের ফর্দ ভুগতে দেওয়ার দরকার একটা আনুপানি হই না আর তুই ঈদে সালামি নিবা নাকি আমাকে
/kaggle/input/regspeech12/test/test_narsingdi_0131.wav,শুরু বেলা শুরু বেলার কথা লাগে খুব তো একটি হিংস্র করার কথা আমার মতো কিউট বাচ্চা নারীক মেয়ে আরে অপমান আনো বাবা
/kaggle/input/regspeech12/test/test_sylhet_0309.wav,ও তা খান করি করি হাসলো তো গেছেন তারা বাড়ির দুয়ো প্রেম মিলিয়া বাড়িত গেছেন তারার বাড়িতে আগে গিয়া বাম্বারে বুঝাইত যে তারারে কালকে বিয়া দিলাইটা অতিথি দ্বার কোনো প্রসার আছে নাই তোমরা কহিল বিয়া কিয়া বিয়া হইত
/kaggle/input/regspeech12/test/test_kishoreganj_0088.wav,রৌজা হেই হেই হেই জমিনার বাণিজ্যান লাগে ব্যথা নয় কিন্তু এটা লাগে মক্কা তোমার কে মাংনা মোদি আমার মানে খোয়া মোদি আমার মানে হ্যাই পক্কা তো মোক্কা মানে মাংনা খোয়া
/kaggle/input/regspeech12/test/test_narsingdi_0072.wav,তার এক ড্রব্লুর খাতার মধ্যে কী লেহা এই লেহা ছিল ব্লাঙ্গ আলাদা খাতার মতো একই তাও তার খাতার মধ্যে কী লেহা লেহা লেহা লেহা লেহা লেহা লেহা লেহা লেহা লেহা লেহা লেহা দিত্তায় পড়ছে ঈদের জামা কয়টা আছে দরবার
/kaggle/input/regspeech12/test/test_sylhet_0457.wav,আমার কথা জাইবেন আমার সাথে আমরা কেউ আছি না আমি নিজেও যাই গেলে তো বাই বুয়াইনুয়ালটা আমার স্টেমওওয়ালা ও কাহিন আমার তাই গ্রেফত করবে আমার লুকুয়াস না যেন আমরা ঢুকুয়ালা কোথায় লাগিয়া আমার আব্বা না সাথু তার আমার হুতুরে বুবু ডাক্তা আমার বাইরে নিতাম বই নেতাম
/kaggle/input/regspeech12/test/test_chittagong_0123.wav,প্রাপ্তির এমন অর্ধাৎ হাজার আঙ্গুল সারে আনিয়ার পিচ্ছি ইন্ডিয়ার পরীক্ষার ফলে আয় রে এই দিন ওটিকে এসেছি খেয়ে নদ করি রাহিতা জ্বালাইতে জ্বালাইতে কল বানাইতে লাই
/kaggle/input/regspeech12/test/test_sylhet_0397.wav,নারায়ণগঞ্জের অবস্থা আপনার একটি তেমন না বাজারদর্মী এখন এখন এখন
/kaggle/input/regspeech12/test/test_kishoreganj_0022.wav,লোক কেন করবে তিন বোভা দেখা আমরা বানিয়েছি এলো যেতে যাওয়ার তোলে লোক যাবার একটা পুরো তোলা বসা তুমি যে হইতে আমরা তিনি আমি জানি না না তো প্রত্যক্ষ বার্তা দেয় নাহে তুই না কথাসো এর লেগে তো খাতা কমের ব্যস্ত লাগে এই লাহা আমার চিন্তি না এমন আমিরুকুর এলা লোককে হঠাৎ একদিন সামনে হারাম চাহে যায়
/kaggle/input/regspeech12/test/test_sylhet_0190.wav,মোটামুটি বাইশ তেইশ জন ছোট ফ্রান্সি ফ্যামিলির মাঝে আরিটা ফ্যামিলির মাঝে জীবনে আনন্দ আছিলেন না দুঃখ আছিল মাঝে মাঝে স্কুল থেকে আয়া হইতাম পাতুক্ষেতেই পাতিলি তুই তুলি দিয়া একটু একটু থাকত
/kaggle/input/regspeech12/test/test_narail_0118.wav,খুলনায় আসো খুলনায় যে থাকত তাহলে কি প্রগতি আমার ওই কয়দিনের ভিতরে আমার একটা প্রতিটা প্রতিষ্ঠান তৈরি হয় আমার ব্যবসা বাণিজ্যের আমার একটা অফিস নেওয়ার পরিকল্পনা আছে মানে এমনও দাঁড় করাই নাই পরিকল্পনা আছে ভবিষ্যতে ওই কোম্পানি যেটা অফিস নেবে
/kaggle/input/regspeech12/test/test_narsingdi_0033.wav,তারাই কিছু করে নাই বাদ দেয়ে থাক ম্যাচ দেখ এখন গুলজার ব্যাটিংয়ে নামবে দেখ এখন গুলজার জিতবে বেটা লাখ নয় বোলিং ইউনিট দেখছ কেন জিতব এক মা গরেই তো সব উইকেট নিয়ে নিব এখন দেখ
/kaggle/input/regspeech12/test/test_barishal_0001.wav,কোলার বিষটা খাই ওর বিষটা নিতে এসে তাহা বাওয়াতে লইয়া এমনভাবে হিড়মির দিয়ে ডাইনিতে দরজার সাইপে আরে নাড়ু ছুটে যাওয়ার চেষ্টা করে পারে না ঘোর্তে ঘোর্তে দৌড়াপার্তা দেখুরে
/kaggle/input/regspeech12/test/test_narail_0037.wav,ওমাইন এগাতে চলে ওই ফাঁকে
/kaggle/input/regspeech12/test/test_sylhet_0411.wav,আর তারার বাসা ও মেডিকেল কিন্তু তাই তাই দাদির বাড়ি গেছেন দাদির বাড়ি আর নানির বাড়ি আছে বুঝছি না তারা বাসা দিচ্ছেন হইতে মন তাই তো গেছে গিল্য অমন আমি তাইরে ফাইলে হবা দেখিলি যে
/kaggle/input/regspeech12/test/test_narsingdi_0101.wav,সালামি সালামি কেউ সালামি দেন না ভাই এই সাজল যদি দেড়ের মধ্যে দিয়ে দিছে তো এরা তো শপিংয়ের টাকা দিয়ে দিয়ে প্রান্তেও দিছে তিনি একটা টেওয়াল মারাত্তরায় কিছু ডোবিল হয়নি মার্ক থাসো আমার দেখেছে আভিকেন্দ্র ভদ্রভাবে মারাতুলি এলেছে মেরিনেভা ডাকেছে ভাই
/kaggle/input/regspeech12/test/test_chittagong_0134.wav,আর রোজাবেলা রেগে রাজি আছে লাইনকে গোসলাস্ত্র করে মুক্ত মুক্ত বন্ধ্বের পর্গে যেব সম্মুখের হাতায় কিন্তু হবে আলাকা নায় নায় কেল্লামানাগুজী বলতে হদ্দের এই তারার একটা জাহাজ মাত্র সে দু তিন দিনের হাত তা হোক না তাতেরারের ডায়াবু
/kaggle/input/regspeech12/test/test_chittagong_0038.wav, এবার রান্তা করে বলছি যে আর মিশের চারালা আমি কি ব্যবসায় তো স্যার কিন্তু আসলাম নাই বেতন সাইফালি তুমি দিস না অ্যারা এইটে আত্মসাৎ আলেহের
/kaggle/input/regspeech12/test/test_chittagong_0153.wav,আহা যা অন্য বান্ধবীও হবে না রে চাহিনা প্রগ্রহ না বাবার প্রিয়ানার বাড়িতে যদি কোনো বিয়াদ দিও এই তুলারু পেল দেদি
/kaggle/input/regspeech12/test/test_narsingdi_0053.wav,এজন্যে তো আমরা ইয়ুক করি গুড গুড গুড গুড গুড নাইট গুড নাইট আমরা স্পন্সর করা উচিত বিন্যাগের ভিতর বাদাগুপির খেত দেই মহার মহার লালুটা নাম
/kaggle/input/regspeech12/test/test_chittagong_0088.wav,তার পরেই তো যে মানে কম্পিউটার সিগারেট পরীক্ষা দিয়ে ফেলার পরও একটু ফার্স্ট বা সেলেজটি সেকেন্ড বারের মধ্যে পালাবে সেটাও একটি সিগারেট তোরা মানে মানা নাই আমি কি তুই যেটা পরীক্ষা করেছিব তোরা ফিরেছিলাম পরিবার
/kaggle/input/regspeech12/test/test_rangpur_0051.wav,তুমি যে খাইত মেফ্তারি একটা ভিডিও করতেছ আজকে লাগলেন
/kaggle/input/regspeech12/test/test_narail_0125.wav,সেখানে মানুষজন আমার মতো মানুষজন খুঁজে বেড়ায় আমাকে তারা আবার পরবর্তীতে ডাকে আমি আবার তাদের কাছে যাই না তোর তোর ছবিতে পিপাসা রাখিস ভালোই তো পিপাসাটা তো ঠিকই স্মরণ করিস গানের করি দিস না আমার গাণ্ড অনেক প্লিজ
/kaggle/input/regspeech12/test/test_narail_0086.wav,তুমি তো ভুলেই আমি ভুলে যাইনি আমারই সবাই ভুলে গেছে আমি কারো ভুলে যাইনি
/kaggle/input/regspeech12/test/test_sylhet_0544.wav,কাহিনী তো তো বুদ্ধির ডাকে দেখতে দিলে
/kaggle/input/regspeech12/test/test_kishoreganj_0056.wav,আলং ভূমিকা সবারে কোন বুঝল কামার ন্যায়
/kaggle/input/regspeech12/test/test_rangpur_0088.wav,সমস্যা কি তোর নাম কি বেলুয়ার মণ্ডল বয়স কত ছিল বেলা খেলা
/kaggle/input/regspeech12/test/test_sylhet_0009.wav,বিচার প্রথম দিন আমরা নিরামিষ খাই হায়াকে প্রথমে পরের দিন ঘুম থেকে উঠিয়া
/kaggle/input/regspeech12/test/test_sandwip_0091.wav,তো যেমনো একেরে রাতের আটটা নোটার জন্য হাজার কিছু পূর্বে খাওয়া অনুমানেও কাজের জন্য
/kaggle/input/regspeech12/test/test_sylhet_0370.wav,এই স্বপ্ন নিয়ে বাচ্চা বলি তোমরা বিলিপ করবার কিনা আমি জানি না আমার ফার্স্ট বেবি যখন ফেটে হয়েছে আমি জানতামও না যে হ্যাঁ উইদাউডেনি থিঙ্কিং মানে একটা বাচ্চা হইব তার লাগিতে একটা মেন্টাল প্রিপারেশন লাগে তোমরা তো দেখা যে আমি ডিসিএসের লাগে যুদ্ধ করিয়া কাজে আমার কিন্তু কোন ধরনের ইন্টেন্টেও নাতিম না তখন ভেবি নেও তাহলে দিলাই সেন আমি
/kaggle/input/regspeech12/test/test_sandwip_0023.wav,হিসেব কিতাব নাই উগ্ঞার হোলানেরও সাংসারিক বা একটা ইয়াসেনা একের উগ্ঞারও নাই জিয়ান আসমা ভুবসে একদম কথারোহিতের মাপকাঠি স্বলারোহিতের মাপকাঠি তাই তারোহিতের উগ্ঞারও হোলানেরও চলারোহ অঙ্ককাঠি বিন্দাস জীবন কাটাইতেছে
/kaggle/input/regspeech12/test/test_narail_0161.wav,প্রতিদিন কয় সমস্ত ওনার ব্যথা শুল্ল ওনার সইর সমস্যা ওনার মাজার সমস্যা তারে নেই আরো কত রোগ আছে তার ঠিক আছে চোখ দিয়ে জল ভরে আর ডায়াবেটিস তো আছে মোটামুটি বাড়িয়ে কারে
/kaggle/input/regspeech12/test/test_sylhet_0356.wav,মানে গল্পগুলো শুনে মানে নাকচা শুনতে পেরে সামনে দেখতে পারি
/kaggle/input/regspeech12/test/test_sylhet_0066.wav,বর্তের মতো আমার সমানে বা তেখানায় বা তেখানায় বাতার টান করেছেন আমি দ্বিমত থেকে ভর্তিল আমার কথা আমি করি না কত হেল্পলেন্টার মানুষ থেকে হেল্পলি অনেক অন্যাত মনে করব আর নিচ্ছে না গ্রামের বাড়িত মানুষের কথা কইতে মুখে দিতে হইব নিজেরও মানুষের কথা কই না কোনো কিছুই হয়নি
/kaggle/input/regspeech12/test/test_sylhet_0110.wav, ঠিকাদার আসলে বাদা খোটবাক্কা অবস্থাদের পর্যাপ্ত না রাস্তা হবার থেকে ওভারাইট আসল গায়ে তাহে বাড়ি মায়া মায়া গেছে তাতে তাদের কেউ নাই না না বুঝতে কেউ নাই মা
/kaggle/input/regspeech12/test/test_chittagong_0068.wav,তুই লেয়া একা সাজ গড় তুরে যা হাত মারলি আরা বাসায় না আরা গুঁড়া দুয়ার্স দুনোয়ালে উজ্জ্বলের গায়েলের মুখে তুলেন তারপরও বাসিন্দা এসেছেন
/kaggle/input/regspeech12/test/test_comilla_0029.wav,ওই দিনই ঘটনাটা ঐখানেই সমাপ্ত হয়ে গেছে যদি একটা পুলিশ কেস হইত তাহলে অবশ্যই তদন্ত হইত
/kaggle/input/regspeech12/test/test_barishal_0013.wav,কান্ট্রিক এমন কোন ডিস্ট্রিক্টের লোক নাকি মানে এই খোঁচের ডাক্তার আইসা আমি তো হৈকেন আমার মায়েরা খোঁচে একটু গেল ওর পায়ে আমান উঠল এমন কিছু
/kaggle/input/regspeech12/test/test_noakhali_0026.wav,রড লেক বুস ডিম লেক বুস বরং আমার জন্য জিজ্ঞে কদিন হলে ওরা এখন আসব নাই প্লিজি তারা তো আসবেনি করে তো কলকাত গাড়ি দে
/kaggle/input/regspeech12/test/test_noakhali_0018.wav,নানা গো টাকা রুমারে দিচ্ছি অন্যিকেকে জীবনীকার মাফেরে
/kaggle/input/regspeech12/test/test_narsingdi_0135.wav,শুধু থাকতাম আমার সবাই অনেক ভালোবাসি যেমন আমি লাগে চিন্তা করতাম একজন ভালোবাসা মানে কি ভালো একটা বাচ্চা না স্পেসিফিক্লি ব্যাখ্যা দিয়ে হব যে বাসায় মানে আগে থেকেই গ্যাস বিদ্যুৎ পানি সবকিছুর লাইন দেওয়া থাকে এবং সবকিছু সাজানো গুছা থাকে ওটাকে একটা ভালোবাসা বলে
/kaggle/input/regspeech12/test/test_narsingdi_0069.wav,হ্যাঁ আঙ্কেমু গুন্নামাওলের অবাক আছে জীবন বালাস কুলের ইয়া হিমুন কিছু দাগি একটা মিথায় না হয়তো কদিন আগে ছাড়ায় ছাড়ারা ছাড়ায় আপনি ছিল
/kaggle/input/regspeech12/test/test_habiganj_0026.wav,ফুল কি দেওয়ানই লাগব না দেওয়া লাগত না ফুল তো ফুল সুন্দর জেল হইয়া ফুল দিলে একটা নিজের পূজাটা দিতেও ভাল লাগে সাজাইলে একটা মন্ডাও প্রফুল্লতা হয় ফুলটা দিয়া সাজাইলে প্রার্থনা করতেও ভাল লাগে এই ফুল দৌড় লাগে মনে একটা প্রশান্তি আয় একটু গভীরভাবে ভাবব্যক্তি হয়
/kaggle/input/regspeech12/test/test_sylhet_0518.wav,বাড়ি জুড়ে যাওয়ার নির্বাচন ব্যবহার্ত মোক্ষম ও বৈদ্যুতিনিয়মাওয়ালার চাঙ্গা আছে আকালকে দেখে দেখি আমাদের নিজের পা আর তাকিবার তেমন পরীক্ষা দুইটা দিতে হবে জোয়াহ বিশ্বাভঙ্গি ফাঁস করলে মানসম্মানটা বাঁচতে
/kaggle/input/regspeech12/test/test_sylhet_0093.wav,এটা আসলে শূন্য হামাজার ওখুন একটা বাসায় থাকা একটা বিকাটাকে শ্রান্ত দিয়েছেন
/kaggle/input/regspeech12/test/test_chittagong_0083.wav,আর গোপু কবির লিখিলাম দে আমি তো মনে হয় যে আগে কারো দুই নাম তাই নয় সুজামাই কেন আছে ভালো আছে
/kaggle/input/regspeech12/test/test_sylhet_0626.wav,বিশ থেকে লাশের অর্থাৎ আমি আমার কাছে মাথা পাইতেছে যা নিজা নিজা মাঝে বাড়ি রুম পরের দিকে জিতা ইসলাম কহিল তাব্বিস ছাতাইশ হামি
/kaggle/input/regspeech12/test/test_sandwip_0103.wav,না এলার আনন্দকে জীবন দিলাম
/kaggle/input/regspeech12/test/test_kishoreganj_0036.wav,এই মহল আমার ঘর চেপে নেক ঘর চেপে যে মহল এটা বাড়ি
/kaggle/input/regspeech12/test/test_chittagong_0114.wav,এত কিছু কিউস এত কি লাভ দেয়া এই কিল্লারা নাকিল ফরে ফেসবুক করি মেসেজগুলোয়ের হৈল খনিজ অন্য কোনো নাকিল্লার দেয় দূর না কিনলে সমস্যা হবে
/kaggle/input/regspeech12/test/test_sylhet_0744.wav,হোক মুখ্যাস আছে আবার আসেন মানুষ নিতান্ত্রিত মানে একটি করে প্রাচীত মহান্বেলা বিচার এবং বৈরা মহান্যবাহ নিয়ে যখন আবার দৈর্ঘ্য গোড়া
/kaggle/input/regspeech12/test/test_sylhet_0258.wav,প্রতিমতীয় দুই বার্ষিকীর চান্স চাই না তাইলে তো ও সব পরিশ্রম বৃদ্ধি হইব ততক্ষণ পর্যন্ত তত পরিশ্রম বৃদ্ধির সব শূন্যর্ত টাকায় আমার যেমনূ
/kaggle/input/regspeech12/test/test_habiganj_0104.wav,জার্জির সবারই একটা জার্জির আঞ্চলিক বক্তৃপক্ষের নামে ওকে লাভ এজ মেলা দেখো
/kaggle/input/regspeech12/test/test_tangail_0116.wav,তার কাছে নিয়ে দেখে পাঁচ লাখ টাকার পুরা ক্যাচ যে পড়তে তার কাছে নিয়ে গেছে সে তারপর হেল্প দিতে বলা হয় কিন্তু বিজনেস থেকে টাকা বাছাই নেওয়া যায় কিন্তু এত বড় বড় হ্যাঁ এই কেন দোকানে রাখছি আমি যাই না তবে একটা লোকরা দেখলাম যে সিন্দুকের মধ্যে টাকা
/kaggle/input/regspeech12/test/test_sylhet_0757.wav,আমরা পার্মাব বা জোহরা দিতনের গায় পড়া পড়ালেয়া পড়ে খাইয়া এগুলো আমরা পারতাম না
/kaggle/input/regspeech12/test/test_chittagong_0026.wav,বেহিত বলে হানুক কি ওই ডাক্তার আসলো গিন আই অরিন তো মাইসুনের তারা বেগমের কি রে আছাড়ি তারাও হনুর রহমান এ তারাও আদেলের গুড়াদি মোগলে হইল বইটা হ্যাডেরি
/kaggle/input/regspeech12/test/test_tangail_0093.wav,সাহায্য করতে চায়ও পরে আস্তে আস্তে কদারত হয় পরে ওরা ওদের মধ্যে বন্ধুত্ব হয় রণবীর কাপুর আস্তে আস্তে সখিনার প্রেমে পড়ে যায় কিন্তু সখিনা ওর ফ্রেন্ড হিসেবেই ভাবতে থাকে সখিনা ভালোবাসা ছিল ঈমান মানে সালমান খানের যে ওদের ভাষায় একটি মেহমান হিসেবে ছিল
/kaggle/input/regspeech12/test/test_comilla_0025.wav,এর পরে দুই তিন দিন পরে ও খুব ভয় পাইছে এবং এই দুই তিন দিন পরেই ওর মানে ভয় থেকে ওদিন রাত্রের বেলায় ওর জ্বর চলে আসছে আর পুরো এক সপ্তাহ মানে একটা ট্রমার মধ্যে ছিল মানে সবকিছুতেই ভয় পাই তৈয়ার করত আর আমাদের বাসায় ওর বান্ধবীদের একটা গিফট আছে
/kaggle/input/regspeech12/test/test_narail_0047.wav,ওই সিস্টেম কিন্তু ওই সিস্টেমে তো পাওয়া যায় না আর ওই সময় যদি দখল করত বাবা তালিয়ত দেখুন ওর সিস্টেম আমি তাই শুনিতে ওই যে উড়াতে ভাগ্যি দেখা না সেই ভাগ্যির
/kaggle/input/regspeech12/test/test_comilla_0003.wav,ইনকাম তো বুঝতে পারবে ইনকাম তো কি ইনকাম তার বাড়া না এই সেইমে ইনকাম
/kaggle/input/regspeech12/test/test_narail_0101.wav,ওই বিপুলবাবু বিদেশে থাকতে তুই এর আমি পুনরাতে ডাক্তার দেখাইছিলাম মনে আছে আড়াই শেক বৃদ্ধে আমার থাইরয়েড ধরা পড়েছিল ইন্ডিয়ানদের ডাক্তার নাকি আমার থায়রোয়েট নাই
/kaggle/input/regspeech12/test/test_sylhet_0665.wav,স্থান ও তার বগায়ই আছে শিক্ষিত স্বগুরুল শিক্ষা দিক্ষা আছে আমরারও বগায় শিক্ষিত আছে শিক্ষা দিক্ষাই সব পাইল আছে আর ওখান থেকে বুড়া সময় দুঃখের দিনও হইব শুক্ষা দিন থেকে গেছে কেউ মত দুঃখ দিন দুঃখের শিক্ষা আছে
/kaggle/input/regspeech12/test/test_rangpur_0068.wav,পাঁচটি খুলতে থাকে না না সন্দেহে আড়াই পাঁচটি রেখে শুনি সিয়েরিস মায়ে গয়া ও করিম বাইগুন ওগুলা ভাগুন দিই লাগুন
/kaggle/input/regspeech12/test/test_sylhet_0735.wav,এই মানে তো চাদল নয় মানে যে ভীষণ পড়ে যায় তার সাধন নয়
/kaggle/input/regspeech12/test/test_chittagong_0126.wav,কিছুর কোন বৈশ্যুর যদি মানুষ না বা হয় না লাইলে কিন্তু ওর যে লোকাল সেন্টার একই আসলে কিন্তু আমরা মানুষ কিছুক্ষণ পর্বের স্টেশনের নামেরা অনেক দেরি হয়ে যায়
/kaggle/input/regspeech12/test/test_sylhet_0216.wav,তোর দিকে প্রায় পাঁচ ছয় গ্রামের মধ্যে একটা মহিলা কাকিরাজীবী নাই ই জিনিসটা আমার সবচেয়ে বেশি ভেঙে দিছে যেইটা কিভাবে খুনব যে এমন একটা আঙ্কার মাঝে লইয়া যেখানে কোন মহিলারা থাকতে পারে না খাবার তাহা হয়
/kaggle/input/regspeech12/test/test_sylhet_0691.wav,মোনাদিমুনির মতো পড়ালেখা করার কথা কিছুটা আমাকে তাই বোঝার জন্য কথা পাইলাম না কারণ ভাষা ও নাটক লাল করা সিনেমার মনোযোগে আছে গেল হাকুমের আয়াত্তর
/kaggle/input/regspeech12/test/test_tangail_0033.wav,যেই জায়গায় দেখা হয়েছিল ঐ জায়গায় যায় তার পাশে যে একটা আইস হকের মাঠ ছিল ঐ জায়গায় জোনা থান্ডা বার পায় পরে তারা একে অপরে ভালোবাসে আর এটার একটা পূর্ণতা পায় পুরো অসাধারণ একটা ছবিটা যদি না দেখা হয় তাহলে আর কি বুঝা যাব না যেমন এ
/kaggle/input/regspeech12/test/test_sandwip_0045.wav,হরি হয় কেন হরি নিয়ে ট্যাংক তুলে দিবে লাশ সুন্দর হরির ঘরে দিলে দিলে দিয়ে বাজিব তার স্মৃতি
/kaggle/input/regspeech12/test/test_sylhet_0161.wav,টোবাকের বাড়ি নু খোলা চিবগঞ্জ থাকেই তো আমি তোকে চিনবন্ধুত্ব আমার হয়েছি ও বাহিনীর দায়িত্ব এইখানে আপনার মানে কি তার হত্যা যদি হুম তাইনি যে ডিজিটারিরা জানে
/kaggle/input/regspeech12/test/test_rangpur_0097.wav,গাড়ি গরুর গোসল নরম হয় না গাড়ি গরুর গুচ্ছ খুব পুরো গুরুর গুচ্ছ নয় শক্ত আর ওটা জাল দেওয়া লাগে মেলাক্ষণ
/kaggle/input/regspeech12/test/test_barishal_0047.wav,কী প্যারের পার্টি ও এল জামাইয়ের ডেকালার জাত আড়ি বেশি হ্যাক কামড় দিলে যদি ভুলে কেউ খাইয়েও হলা গো আছে তো দেখতে যাও
/kaggle/input/regspeech12/test/test_sandwip_0122.wav,মাইয়া তো এমনে টুথ বানি লম্বা ডোবায় এর নয় আগে মায়ের হওয়ারা লাই এমন একটা দ্বিধ আইন পায়
/kaggle/input/regspeech12/test/test_kishoreganj_0079.wav,নান্দা দেখার লেখা মাছ নিয়ে দেখি না খুব আঁশ মাছি ফাতিয়া কালো মাছি হাত নামাচ্ছ তোই বৌ দিয়া
/kaggle/input/regspeech12/test/test_barishal_0101.wav,বেল দেখতে একই হ্যান্ড রাজি দুই দিন জিনিস সার্বোধবানা খায়
/kaggle/input/regspeech12/test/test_sylhet_0184.wav,না আমরা পড়ি অনার্স ফাইনাল ইয়ারের ঐ গিয়া থিসিসের কাজে একটু কী তা লাগব এই যে ব্যাপারটা পাঠিয়ে নামিয়ে ফিরিয়া প্রতিবেদন লেখা লাগব তো এখানে রাস্তার দিবসে থাক
/kaggle/input/regspeech12/test/test_chittagong_0018.wav,হাওয়া বুঝি তো হাওয়া বুঝি তো পায়ের হাতা কী অবস্থা তোর ওরে পাওলার হতা হওয়ার জন্যে এ পাওয়ার হাত গুঞ্জার্থে ব্যাভি আর তাকাত পাতার লিঙ্গা দেওয়া দেরি আর তরালা হাত হচ্ছে না
/kaggle/input/regspeech12/test/test_sylhet_0655.wav,বাড়িটারি আপনারা নিজেরা খেলা করত আপনার প্রত্যবোধায় তিনি ছেলে বোন মুক্তির মালে জানেন তাহলে কি তাহলে
/kaggle/input/regspeech12/test/test_kishoreganj_0084.wav,নেজাজা বলে বাদ যাচ্ছে একা
/kaggle/input/regspeech12/test/test_narsingdi_0049.wav,তারপর দেখি মারে গেরার দিকে মায়া গিয়ে উঠছে না বাবা মারে উড়াইয়া হিল করে বাবার রাগী ছোটের উপর ছোটা ছোটা বয়ে আবু তোমরা জান খারাপ কর্মশান্ত হয়ে যালে আটকাটা অনেক খারাপ জিনিস
/kaggle/input/regspeech12/test/test_tangail_0105.wav,তো আমার মনে হয় এটা একটা এই মুভিগুলো দেখলে ভালো লাগবে আশা করি তো এখানেই আমি রেকর্ডিং স্টপ করছি
/kaggle/input/regspeech12/test/test_narail_0041.wav,অতর পদ্মা বিদায় ওই যে গুজব নিয়ন হয়েছে ওটা নিবে তেমন ভোট তোর যে গুজব নিহিত খুব মনে ছিল না মানা জাতির ভাই
/kaggle/input/regspeech12/test/test_barishal_0049.wav,এখন কোন কারণ আমি চিন্তে করছি যে ধরণের কাম কাজ করিয়া খাইয়ালেই ভালো আছে কিন্তু কাম হইবে কি একটা সমস্যার ফলে এই মাইয়াটা হইছে সত্তর হাজার টাকা আছে মোর বরিশাল হালাইসি মুন্দ্রাটা উন্ডাহানে কত ঝামেলার মধ্যে মুই পড়ছিলাম
/kaggle/input/regspeech12/test/test_habiganj_0059.wav,যদয় ভাইব না তিনি আমি তো বড়ো আমার সব ভাইবোনি তুদু এটা জ্বালানি ইটা তো আইটার হতা কি তা হইব আমারে তো হালি আমার তুডুডা হালি আমারে ডাহে বর্দী হই আর আমার পরের দুয়োরা যেইটা তো আমারে ডাহে হই নাইটা তো তুইটি কইরা ডাহে দেহা যাইতা ঐ বড় আমি আর পিতাহৈম আমার বইটার যদি একটা দেয় আমার দশটা দেয় আর চুডু মাইক্লা ভাই আমার পরেরটা আমার দুই নম্বর বাহিডার বাহিডা আবার কিন্তু আবার কিন্তু কিন্তু করে না কিন্তু করে না কিন্তু করে না কিন্ষ করে না কিন্ষ করে না কিন্ষ কর্ম আমা কিন্ক
/kaggle/input/regspeech12/test/test_sylhet_0116.wav,ইমন্ত্রে আসতে এদের কোনো দিন খাইতামও না একজন খাইতাম আর একদিন থাকতাম ইমামতে করতে হতাম তারা বাসায় ঘরের মাইকেও দিত বাদ দিত স্ত্রীও দিত স্যার দিত আমরা খাইতেছি দিদিবাই বলিনি কথাবাস্তুর বিরুদ্ধে আমরা কেন একটি বুঝিব বাহিনীতে খান করি
/kaggle/input/regspeech12/test/test_chittagong_0079.wav,ভাইবো না সেজে ব্যাগ কিন্তু আজক্ষণ বড় বড়ি তারা অনার্স লুই ফরের হন্ডে হন্ডে সাইন মিটারের ব্যাথকের চেয়েও না পড়ে গেলে তাতে লাই হারে দুর্গমা জানে
/kaggle/input/regspeech12/test/test_tangail_0113.wav,তারা মাল উঠেছে দোকানে এখন এই সব গুলা পড়ে গেছে একদম নিঃস্ব হয়ে গেছে এটা খুবই একটা খারাপ হইতেছে কিন্তু রোজার দুই মাঙ্কিত ব্যবসা করে মানে অ্যাক্টিলি যে মানুষটা প্রথমে দেখতে যদি কি কোন অথরেন্টিফিকেশন আছে যে দেখছি তো
/kaggle/input/regspeech12/test/test_noakhali_0019.wav,আরেকবার কারে জানি মিনারে নিয়ে যানি টাকা দিকের চিলেবার দিকে মারি দিচ্ছে ময়নারে বন্ধুর মধ্যে ভাগ করি টাকা বাড়ি দিচ্ছ তোর অর্ধেক আলাদা কিস্তি আলাদা কিস্তি আলাদা চারদিকে চারি ধন্যবানে ভাগ করি অর্ধেক অর্ধেক নয় লাইসারেজ মাস্কিন দিবে দাদা
/kaggle/input/regspeech12/test/test_habiganj_0115.wav,সালামুলাহুলাম ভাই
/kaggle/input/regspeech12/test/test_chittagong_0048.wav,ওরুবাড়িতে হোস্ট না ও বুঝুক ওরুবাড়ি তোদের কথা কি বলতে পারে তুই বিয়ে করি হলা গোসল
/kaggle/input/regspeech12/test/test_barishal_0065.wav,এখন আবার দুই দিন ধরে দিক হয় না ঠিক হয়ে গেছে তাতে দাঁতে শিষ্য তার মৃত্যু না মানুষও অর্থের উপর দুর্বল
/kaggle/input/regspeech12/test/test_narail_0139.wav,কালকে যদি পাঠাইতে পারেন তা কালকেই পাঠাইতে না আমি অন্তত কিন্তু তারও খরচ বেশি দশ হাজার নিতে যাক ওই তার মানে এই টালির কথা মাসুদুল্লাহ ভাই বলেছিল চৌদ্দ লাখ রাখবে
/kaggle/input/regspeech12/test/test_kishoreganj_0176.wav,ছাকনি দিয়েছে থেকেই পানি পরীক্ষা করা হল কে হল
/kaggle/input/regspeech12/test/test_sylhet_0041.wav,এইটা সন্ধ্যার ছবি সবাই আমরা এখানে যাই সন্ধ্যার পরে মন্দিরের সবাই যে রেখিয়া স্বামীর দেখা হইব আর মন্ত্রোত্র উচ্চারণ করিয়া এইটা সবার হাতে হাতে দিদিকে তোমার হাতে তাঁহাকে শুরু করিতেন তারপরে মা বিপ্রদ্ধ গাজী প্রতিমা বিক্রের দোল করার পরে প্রান্তিক হাতে দেওয়ার পরে যা সময়ের পর
/kaggle/input/regspeech12/test/test_kishoreganj_0101.wav,উদ্ভিদ তার খাদ্য তৈরি বৃদ্ধি পরাগায়ন ও জীবের বিস্তারের জন্য পানির উপর নির্ভরশীল উদ্ভিদ কোনো না পানি কোনো নির্ধারণ
/kaggle/input/regspeech12/test/test_chittagong_0044.wav,অকবুর নরমাল বাঠামোবাল্লাবের সমান মাইখাম্পত্য
/kaggle/input/regspeech12/test/test_barishal_0005.wav,এই হিন্দি বোর কথা হিন্দি টানতে টানতে আমাকে দরজা ছাড়াইয়া নিচ্ছে আর পিঁড়া কান ধরে বাবারে আমার এরং টানি নামার পাঠ শাল দাম ব্যথা বাহির বাস্তবের ঘটনায় কিন্তু হইয়া দেখায় শিক্ষার জন্য কিছু কাজে দেয়
/kaggle/input/regspeech12/test/test_sylhet_0376.wav,তোমরারে আমি রামজিয়া দেই তোমরা তোমরা যার যার ফাল দুই লিবার যার যার বিস্নাগ আটাইলিবার যার যার রুম যার যার পরিষ্কার করিলিবার তাইলে আমরা কাজের মানুষ লাগত না আমরা যার যার কাজ করিলেম তোমরা আমারে হেল্প করলে আমি তোমারে হেল্প করব মনে করো বাইরে যে এটা একটা মেয়ের একটা কোনো বাসা না
/kaggle/input/regspeech12/test/test_sylhet_0574.wav,আর তুই হেদুন খেলে নানি খোঁজি গর্বি হয়ে গেছে
/kaggle/input/regspeech12/test/test_kishoreganj_0112.wav,গাছের একাকা খুব করছে
/kaggle/input/regspeech12/test/test_tangail_0068.wav,এরকম একটা মানে অন্যের অর্জেফ ফ্রেন্ড যা ছিল অগ্রাকাশে বলছিলে বরুণ ধারণ কোথায় পরে হাসপাতালে নেওয়া হয় কিন্তু মানে শিউলি মানে হুকুমায় ফেলা যায় একদম পরে বরুণ ধারণ ধারণ জানে যে
/kaggle/input/regspeech12/test/test_kishoreganj_0071.wav,পিছিয়া দিয়াছে না প্রকাত অমিত আমাতে একটা মাঙা খালি তাড়ানি একটা মাঙা নেই গোয়ালিতে পালাতে নেন না
/kaggle/input/regspeech12/test/test_tangail_0051.wav,দেখে পরে মানে বন্ধুত্ব হয়ে যায় আর কি এই সময় পরে ওরা ভাসতে ভাসতে এই দুজনে মেঘটি করে একটা দ্বীপ নাকি তীরের আসা পড়ে মানে লোকালয় আছে এরকম জায়গায় আবার বন্য আছে
/kaggle/input/regspeech12/test/test_habiganj_0039.wav,জুল দিয়ার একটা পানি বৃষ্টি দিলাই তো দেহার পরে দেহা যায় পাঁচ ছয় পাঁচ সাল আগে এরপর দিকে আয় সবাই কয়েল এত পাঁচ সতর্কারী তা খাইতাম না মজা না
/kaggle/input/regspeech12/test/test_sylhet_0092.wav,তিন তলার জারুর খৈরা আজ গাটা করে আবার সিবিতায় তিনটেক ঘণ্টা কইরা হয় আবার উড়ানো জারু দিয়ে আপাত যাবার সেট আমরা ফার্ম আবার আপনার টাকা থেকে তিন শ্রোতা বাজে তিন ঢোবা বাজে কোন দিবস পিছন নাই
/kaggle/input/regspeech12/test/test_sylhet_0524.wav,বিয়া তো খুবই ভালো লাগেছে মুছে হলেও আমরা তো থাকতে পারছি যেসি আগ্রহীন বিয়া করো তোমাকে তাকে করে লাগেছি প্লেনে গেসি পার্স টাইম প্লেন জানে আইটি আবার বাসের প্লেন আপনি জানেন
/kaggle/input/regspeech12/test/test_tangail_0044.wav,পাই যে প্যাটেল পাই প্যাটেল ও আর কি কখনো এই ইন্ডিয়া ছাড়া যাইতে চাইতেছিল না পরে যাওয়া হয় পরে রাতে জাহাজে একটা সাগরের মধ্যে ঝড় শুরু হয় আর পুরা জাহাজের যা কিছু আছে সব পুরা ভাষায় নিয়ে যায়
/kaggle/input/regspeech12/test/test_sylhet_0731.wav,তাহলে কয় দিনের ভাই কিন্তু
/kaggle/input/regspeech12/test/test_kishoreganj_0186.wav,ঘৃণাত সবুজ ঘৃণাত সবুজ উদ্ভিদে পুষ্টি শুনানোর জন্য প্রতি প্রয়োজন মাটি
/kaggle/input/regspeech12/test/test_habiganj_0101.wav,গাছ থেকে করালে হাত কেমন লাগে আগের চাইতে সিলানা হুম খেলে তো তোমার ভালোই লাগে আর থেকে আয় দাঁড়াই না তখন ভালো লাগে হ্যালি মাইক্রোবায়োলে যেটা ভালো লাগে না মাইক্রোবায়োলে যেটা বেশি কঠিন লাগে
/kaggle/input/regspeech12/test/test_sandwip_0074.wav,দেখব অভিব্রেস্টকে দেখিয়ে রাবার আস্থা আকৃতি করেন যে মানুষের আবার কী
/kaggle/input/regspeech12/test/test_chittagong_0168.wav,তোরা যদি ফেলাফেল না হত তবে এগুণা ফেলা হইতেছে কে লাখ পূর্বে ইজ্জিত হয়ে যাবে আল্লাহ একজনের
/kaggle/input/regspeech12/test/test_sylhet_0466.wav,তোমার পৈরাম সিনেমায় আমার আব্বায় প্রাণে তোমরা বাড়ি ফিরে গেছি গিয়ে বাড়ি ফিরে গেছি গ্রামও মানুষ যায় না নি তুটি পায়না নেই তোমার ক্ষেত্রে ভোগ দিতেও করার লাগে চাকরির সম্মেলন লাগে এগুলি গ্রামের বাড়িতেও করার লাগে
/kaggle/input/regspeech12/test/test_sylhet_0583.wav,আরও খুব একটা দেখি যাই গেছে সব গেলের জন্য সারাদিন তাহলে চলে যাই বেবিও সুন্দরী একটু লাগে তাকে আর এরকম ঠাকুরায় গে কীভাবে রে বৌ অনেক
/kaggle/input/regspeech12/test/test_sylhet_0564.wav,ক্যালকুলাস নায়কের হায়ার মেত্রে কিছু অঙ্ক আসিল আমরা একটা আছে বিজনেস না থেকে নিয়ে আরো আমার থেকে নিয়ে আরো ব্যক্তিগত ল্যাব পালাল
/kaggle/input/regspeech12/test/test_barishal_0083.wav,যখন এই কান বললাম না ইনিংতে গরুনাথি মোল্লাবাড়ী যাইতাম এসময় সাবাস বেদ বাড়ির দেহে ব্যায়াম চড়াইয়ে তারপর ভাত খাইয়ে বাইরিতেন ঘরের দেহ খাইতের সামনে এত কোঁটা ভাত খাইতেন মেরে তিনেকের পরটা ফোটন দিয়ে লইয়ে দিতাম গরুনাথিতে
/kaggle/input/regspeech12/test/test_sylhet_0650.wav,ওই বুদ্ধ লাগতে হবে মারামারি করা তবে সোহরে মার্টারে ওহলে রাজাকার হল আছেন রাজাকারে মারেন না
/kaggle/input/regspeech12/test/test_sylhet_0299.wav,কিন্তু তখন তাইলোর লাগিয়ে একটা ঋণ দেওয়া আসলে একটা বড় ব্যাপার আছি তাইলে একটা ঋণ দিসই ও রিংটা এখনো আছে তাইলে একটা ওয়ার্ড বলতে ইয়া এই দিনটা হইল বিয়ার ঋণ
/kaggle/input/regspeech12/test/test_sylhet_0550.wav, অত সন্ধ্যা টাইমের জায়গায় নাইটে একটু হালে যাওয়ার
/kaggle/input/regspeech12/test/test_sandwip_0010.wav,কিন্তু মানুষ বিরোধীদের যা বলেনি বলি নিতে হইবে
/kaggle/input/regspeech12/test/test_sylhet_0336.wav,প্রত্না আউটের বিষয়ে তিনি প্রত্না আউটের বিষয়ে প্রত্যয় ফেলিত প্রত্না আউটের বিষয়ে মৃত্যু মহাক্ষী কারণ কিন্তু এখন কি একটু গান গুহ
/kaggle/input/regspeech12/test/test_narsingdi_0130.wav,দুয়োর এক বই আমার স্কিনবোলের ছিল আমার জন্মগত দেখতে আগে
/kaggle/input/regspeech12/test/test_narsingdi_0017.wav,চল্লিশ প্লাস বয়সে দাওয়ান টেস্টের মধ্যে বল করে পঞ্চাশ ওভার ষাট ওভার বল করে আর আমাদের দেশটায় প্লেয়ারগুলি হনই নাকি টেস্ট খেলা ছাড়া দিচ্ছে টেস্ট খেলব না
/kaggle/input/regspeech12/test/test_narsingdi_0070.wav,সারা রে দরারুকে আর একটা দাঁড়া
/kaggle/input/regspeech12/test/test_sylhet_0058.wav,রান্না করা পড়ে পাট খাওয়ার মতো না হ্যালো হালা নরম করত বাবা গাইলেন বহাদিতা দুধ লাগিত পাত্র কান্দিত পরে মায়ারে নীলাগি বা মাতালা বানাইত মাতালের না পরে অনেক চিকিৎসা চলছে
/kaggle/input/regspeech12/test/test_sandwip_0088.wav,আমি আমাদের এই স্তম্ভ সহায়তায় একবার চাচি তোমার নির্দেশ দেবে না দাদি
/kaggle/input/regspeech12/test/test_sylhet_0510.wav,তিএনজি তার ওস্তাদ নাকি তিন লাখ টাকা দিয়ে তিনজি ফার্মোলজার গাড়ি লোয়ারে যখন আট লাখ টাকা দিয়ে যাওয়া এবার দুই লাখ টাকা দিলে হোক পাঁচ শো টাকা দিয়ে হোক কিন্তু এখনো হোক
/kaggle/input/regspeech12/test/test_sylhet_0522.wav,পরীক্ষা বার তারিখ করেছিল বাংলাদেশের মুখে পরীক্ষা করছে রমজান থাকে বাড়িতে কিন্তু বাংলাদেশের মুখে পরীক্ষা করছে রমজান থাকে বেড়ার বই কি তা কিন্তু সে না কাল সেন্ডিকি না ও এখন নাই মাজারায় রাখে
/kaggle/input/regspeech12/test/test_narail_0011.wav,আমি বাবুরের চিকিৎসাটা ও কইছিল কি যে বাবুরের চিকিৎসাটা দেখেছে তার বউদিত দশ হাজার টাকা পায় স্যার আমরা তো জানি দশ হাজার টাকা বউদি ভাই দশ হাজার টাকা তার কথা কি যে না আমার মাইসিওত ভাইয়ের কাছে আমি অনেক টাকা দিই ওর নিজেই কই চায় যদাতে কয়েজ যদাতে কয়েজ আমি কই
/kaggle/input/regspeech12/test/test_habiganj_0020.wav,ামিন তাহলে তো আমি আবার আর্সেগন পাইতাম না
/kaggle/input/regspeech12/test/test_sylhet_0362.wav,নিজের আইডেন্টিটি রাখা এটা আমার মধ্যে কাজ করত যার কারণে আমি কোনোদিন এই অন্য ক্যাডার প্রথম দিইনি আমার পাঁচটা এজেসিল এজুকেশন ক্যাডার আমি এজুক ক্যাডার পৈতীয় তারপরে বয়ের চাকরি লালা এপ্লাই করার আমি আর পরীক্ষাও দিই না চৌব্বিশ তম দিছিলাম তখন ঐ লোগে
/kaggle/input/regspeech12/test/test_sylhet_0220.wav,পাঁচ পয়েন্ট আউট করবা আপনার যে এখন আগামী লিখে নিয়ে যাবেন নাকি তো চব্বিশ বছর আগেও ওর তালিকাটা যখন আমার কাছে আইসে তখন আমি মনে মনে এটা ভাবছি যে আমি তো আর করতাম পারতাম না আমরা তো পোবার্টিস টাইটেল ফ্যামিলি
/kaggle/input/regspeech12/test/test_tangail_0127.wav,কিন্তু সেটা আর হইল না মানে এখন তো মনে হয় দাবানল একটি হতেছে না এই দাবানলে কি এরকম হইতে পারে আমাদের সুন্দরবনে আগুন লেগে দিতে পারে না আমি তো দেখতি বড় বড় কান্ত্রিতে এরকম হয় অতিরিক্ত গরমের কারণে বিভিন্ন জায়গায়
/kaggle/input/regspeech12/test/test_kishoreganj_0126.wav,তেল গ্যাস কয়লা তেল গ্যাস কয়লা ইত্যাদি ব্যবহার করে এ জীবাশ্ম জ্বালানি হিসেবে ব্যবহারে দূষণের প্রধান উৎসবে গাছ পোলাকাটি কেড়ে এটা
/kaggle/input/regspeech12/test/test_sylhet_0154.wav,তার মূলত বড় বাবু
/kaggle/input/regspeech12/test/test_chittagong_0078.wav,এই ছাইগুলো জুলে ফুলিয়ে গিয়ে না ছাইগুলো জুলিয়ে ফুলিলে আয় আর কী করিতেছে তাই চাই কি রিতারিস নিজে ভাবিক স্মৃতি নসাই নাই স্যার বার্মা তো বড় ভাই বোন নাই
/kaggle/input/regspeech12/test/test_habiganj_0116.wav,বাজারেটা যেন যাইনি যাই বাজারেটা যাই বাজারেটা তোর দাম কি তা পায় মানে জিনিসপত্র এগুলো পুরো কথা অনেক বড় অতিরিক্ত দাম
/kaggle/input/regspeech12/test/test_sylhet_0604.wav,ভাবনামেবে এটি লাগছে আর মূলা নির্মাণে আছে সেটা কিছুটা খারাপ লাভ চাস দিয়ে যে মানে লাবলী ম্যাডাম এলি ম্যাডামেরা ছাড়াও হাজী জোতির আলী সব তাতেই অবাক লাগে আছে
/kaggle/input/regspeech12/test/test_sylhet_0396.wav,তাহলে দেখি না মানুষ তাতে সবারই কিছু জিয়া খায়ালাই বলা আছে বুঝলে না তাহলে বোন জিয়া ফেলা নিয়া রাখা মানে যারে খাইয়া কিল ওরকম মানিয়া নিয়া রাখি গুরু কিছুটো মানুষ করে আনি যে এগুলো আমি খুব কম করিবার এসেছি আমি আন্ট্রিত দিনে গেছিলাম বাড়ির
/kaggle/input/regspeech12/test/test_sylhet_0736.wav,ছোটবেলা তো আপনারা বেশি সিরিয়াল ট্রেল দেখতেছেন না মুখোশ পরিচয় যে কি তা
/kaggle/input/regspeech12/test/test_rangpur_0048.wav,মুই আগের চেয়ে মেলা খারাপ হয়েছে
/kaggle/input/regspeech12/test/test_sylhet_0629.wav,পিনাল্ডে পাইলারুর জামাইদের নামে আমার যে বড় ইচ্ছা হেল দেখতাম আমরা এত পিকনিকও যাইবা দেখব মাল্লা এখন উনি তারা হঠাৎ গেছেন বিয়েলের আয়টায় নাও কয়েকদিন আগে আয় তুমি
/kaggle/input/regspeech12/test/test_habiganj_0004.wav,এটা তারা বলে না বেড়াও তো কোনো দিনই নেই
/kaggle/input/regspeech12/test/test_sylhet_0374.wav,মানে আমরা খুব বুঝাই লাগে ম্যাডাম রেডিকি পেলেম আসলে আমার স্যার খুব কোয়াপারিটি বলতে ধরো তাই যেকোনো সময় যে একেবারে খাবার রেডি করিয়া টেবিলে লইয়া বাড়িয়া খাওয়া নেই লাগব স্যার করে লাগে এইটেই কর না
/kaggle/input/regspeech12/test/test_sylhet_0468.wav,কেন দেখি না কেন কেন না কিছু একটা কথা রাখতে পারি না বাফের টাকাটা প্রাপ্ত রাখার কারণে আমার তাড়াতাড়ি দিয়ে দিলাম
/kaggle/input/regspeech12/test/test_sylhet_0620.wav,আর যখন তো মেঘদিন নাই তা নার্বুজরা নাই না পানিটা নিস্তার করে তান তার নরমালি আঁটিয়াই রাস্তির চাহিদা আর ফাউ বলিয়া পাউ দিতে সেই লাখ হাইতায় তার ফাউ গুঁড়া খাইছে পাওয়ার জের গুঁড়ালির হাটতি থাকিলে তখন কিলা সলোমনের আঙুলের দেহাত্ম না কিন্তু আঙ্গিও নিয়ে আনত
/kaggle/input/regspeech12/test/test_chittagong_0022.wav,ওই হরি আর কাকার জন্য তুই মোবাইলে বেলালে হইতে পাঁচ মিনিট টিভি লাইভে ছাড়া পাঁচ ঘণ্টা এলে একটু মনে হয় মোবাইলে বিয়ে নিও ডি বোধ ন্যাশা ন্যাশা ঐ ওরে মোবাইলে ব্যক্তিমার আছে হানা বানায় তা এতদিন ছিটামত কী কী করব তোকে না
/kaggle/input/regspeech12/test/test_sylhet_0284.wav,ও সময় বাড়িতে কি বুট দেওয়ার লাগিয়া বুট দেওয়ার চেষ্টি করে ভোটারোনের মাঝে আমার ভাতি ওরা মারে দেখিয়া
/kaggle/input/regspeech12/test/test_sylhet_0439.wav,মানে একটা জানোর জ্বালায় কান্দারে বলো পরে আল্লাহরি কহিলে তো পাল্লা হয়ে গেলাম পরে একটু একটু ব্যাংকার থাকি মানে আসলে একটু উপরেই যায় একটু ভোট যেও রকম পরে আমার ম্যাডামি একটা তিন মাস পরে একটা আবার ভোট বোঝাচ্ছিল আমার বাবা দুই বছর এগে তান শেষ হয়ে গেছে
/kaggle/input/regspeech12/test/test_sylhet_0427.wav,তো তার কুম্বাইদের ইনজেকশন দিচ্ছেন আমি তা জানি না কুম্বায় যেন ইচ্ছে জানেন এটা করেছি পারি না পরে তো আমার বাড়ির মানুষ তো ফার্গুলোই গেছে
/kaggle/input/regspeech12/test/test_chittagong_0040.wav,কি আর করবি পরে কি আমি জিতাম স্তর্ধের ভিতরে তোরা আজ যদি ফেলছে না না এটি তুমি না আর বলেছ তুই পালিল ইল্লাদান না বুঝুস না মুখো হন সূর্য আহত ব্যাগ গিল
/kaggle/input/regspeech12/test/test_sylhet_0521.wav,কালকে আমি যা দাঁড়াইতে যাও অন্তত আর হালকামি তো দাদা জুড়ে পড়াই তাহলে বাপ সামিত্র সারাংশ তাহলে পড়ালে হাত নাই হই দেখতে পারে তাও একটু বাড়ি নিয়ে যদি কোন মতে ভাষা চাহিলায় তার পিছিয়ে গেছে
/kaggle/input/regspeech12/test/test_narail_0117.wav,দাদা আপনি কেন প্লিজা প্লিজা প্লিজা প্লিজা প্লিজা প্লিজা প্লিজা স্টুডেন্ট নয়া স্টুডেন্ট তোমার তো কত স্টুডেন্ট মানুষ করে যাইতাম তুমি মনে করো যদি
/kaggle/input/regspeech12/test/test_sylhet_0407.wav,বাচ্চাটি আজ স্বর্ণতা নামে কিন্তু ঘুমায় যাবে
/kaggle/input/regspeech12/test/test_sylhet_0290.wav,ওকে চাওয়া পাওয়া থাকত না সামাজিক যে প্রত্যাশা গুলা থাকত না তারাও মেরে চাইব আর আমরা তো তাও নাই যাইও তো তখন গিয়া এনগেজমেন্ট হইত তারা বাড়িতে গিয়া মানুষ দেখতে আয়া হৈনা দেখল
/kaggle/input/regspeech12/test/test_tangail_0124.wav,হুম দিতেছে কিন্তু তাদের লস এত পরিমাণে বেশি হয়েছে যে তাদের ওই টাকাই হচ্ছে না এখন ওইদিন দেখলি না নিউজ পেটে তো দেখতেছি যে সাকিব আল হাসান নাকি দিল বিশ হাজার গ্যাস ইফতারি করার জন্য ওর ফাউন্ডেশন পিছন দিয়ে আরও অনেক টাকা দিয়েছে কিন্তু সামনে দিয়ে হচ্ছে ইফতারির জন্য বিশ হাজার টাকা আছে
/kaggle/input/regspeech12/test/test_barishal_0074.wav,হয় হইছে গৌরীর আর বোর বদনাম কয় না
/kaggle/input/regspeech12/test/test_sandwip_0095.wav,বিদ্রোহী ব্যাগ আনা রাখেন না জামারি তিনি হৈলের মুখে বাড়ি গেল কেন জানেন কেউইের না
/kaggle/input/regspeech12/test/test_sylhet_0580.wav,বাহ্যিক চেয়ারপোর্টের খবরের ক্রিকেট দিকে কোনো ব্যাপারটা কিওর জানেন না দেখতে আমার যাওয়ার ইচ্ছা না আমার বিপর্যয়িত আমার ভালো লাগে তবে এক জায়গা স্রোস আর সবথেকে বেশি বোরিং লাগে অপ্রয়োজনীয় শিল্পী আনিয়া যা গান যে সময় গাওয়ায়
/kaggle/input/regspeech12/test/test_kishoreganj_0128.wav,এই দেখো কাতলে লালো তৈমুর পুন্ডিল কাটলে লালো কি তৈমুর
/kaggle/input/regspeech12/test/test_habiganj_0019.wav,ইলারির সাথে সম্ভবত দুই হাজার দশ শো সেখানে রয়েছে দুই হাজার বাইশ বারো বছরের রিলেশনেরা
/kaggle/input/regspeech12/test/test_sandwip_0117.wav,অথচ সে ভগবানের মাস্টার কিন্তু মাঝে পদ্ম হবে না বেশি খেতে তাহলেই অবলা গুরু আমার
/kaggle/input/regspeech12/test/test_sylhet_0233.wav,শৈতির মতো পুরানো টাকা তুলিয়া দিতাম না আর ওটা করতে করতে দিতেই চলল ইতালিতে রেজাল্ট বানিয়ে গেছে তখন তো বাইরে তিনি নড়িয়া তাড়িয়া রাখেন
/kaggle/input/regspeech12/test/test_habiganj_0001.wav,কদিন পরে পড়লেও লয়ে পানি নাতিনা নাতিন দিবস পানির জায়গা দাঁড়িয়ে দেন
/kaggle/input/regspeech12/test/test_comilla_0023.wav,এই মেয়েটার এই ঘটনাটা আসলে রুহীয় অনেক শখ খাইছে ও যে বাসায় কান্না করতে করতে আসছে আমি তো অনেক ভয় পেয়ে গেছি স্বভাবতই আমি যে ওর হাত পা দিতেছি কী হয়েছে তোমার কী হয়েছে বলতেছে পরে ও বলতেছে আমার কিছু হয় না তুমি নুসাহেবকে বাঁচাও
/kaggle/input/regspeech12/test/test_sylhet_0269.wav,ওহ আমি বুঝতে লাগলাম
/kaggle/input/regspeech12/test/test_rangpur_0071.wav,দিনে মুইও মাঠে নিয়ে আসি
/kaggle/input/regspeech12/test/test_sylhet_0618.wav,ওয়াই সাবার ক্যান্সার হয়ে গেছে অনেক দিন ধরিয়া অসুস্থ
/kaggle/input/regspeech12/test/test_sylhet_0023.wav,তারপরের মতো অষ্টমী বিভিন্ন অষ্টমী হলে মেয়ে এনে আমরা দ্বিতীয় দিন ছিলেন বড় পূজা অষ্টমী থেকে অষ্টমী তৃতীর দিন আমরা ইয়োগারাও ওই নাকে থাকব তাকে যে এটি বেশি সময় না দশটা এগারটান্ত মেঘলা প্রকাশ থাকে
/kaggle/input/regspeech12/test/test_tangail_0013.wav,পরে ফ্রেডি তখন পুরা ভেঙে পড়ে আর ফ্রেডির সাথে আরও কিছু মানুষের পরিচয় হয় যারা অ্যালবাম রিলিজ দেয় ঐ কোম্পানিগুলোর আর কি যারা আসলে ফ্রেডির এই জনপ্রিয়তারা আসলে তারা পছন্দ করে নাই তার চাইছিল ফ্রেডি জানি
/kaggle/input/regspeech12/test/test_narsingdi_0114.wav,মাইট দিব অ্যাডিমের নামে কিছু কবি করার চিত্ত মেরে যাব
/kaggle/input/regspeech12/test/test_rangpur_0115.wav,তুমি এদিক ভালো আছে সোয়াগের বুশ সাথে যেই খাতির মনে করে কালাইটেলাই দেয় শাক সবজি দেয় তুমি একবার ঘৃণ্য মাথাতে গেছিলে তাতে এরকম অনেক উপকার হতে এল
/kaggle/input/regspeech12/test/test_kishoreganj_0038.wav,আমারা এখানে থাকার দিকে ওই দুজন আব্বার
/kaggle/input/regspeech12/test/test_sylhet_0181.wav,তারা দুই বোনের সাথেও মারতেছে তারা রাস্তা পেয়ে আসলাম কী হলাম বাবা আল্লাহ উল্লিজে প্রেম ট্রেন বান্ধব
/kaggle/input/regspeech12/test/test_barishal_0023.wav,এর পদ নাম কি একবেলা অসুত মিস্টি আছে সামনে
/kaggle/input/regspeech12/test/test_rangpur_0069.wav,কালকে মা সান্দিমার লাউ খোলার কথা আছে যারাই ফিরদুস্তির মা কালকে নিয়ে নেন না স্থানীয় যায়
/kaggle/input/regspeech12/test/test_sylhet_0602.wav,আর এখন দেখে হ্যাঁ আমিও মনে রাখতাম ভাই না মানে আমি তো এখন জানো যেমন মেমোরিয়ার তোর মানে কি তা ঐ তুমি তুমিতে আমি তো না মনে রাখতাম ম্যাডাম আমি শক্ত ভুলি যে ম্যাডামি জাগাত কেমনে মন চিন্তা কেবল আপনি মানে টিচারের একটা ব্যয় করে বলেন একটু কোহিনূর ম্যাডাম এরাও যে সময় তিনটুন মাত্র
/kaggle/input/regspeech12/test/test_sylhet_0247.wav,আমি কিটা হাইরাম কই থাকলাম কীভাবে থাকলাম ওটার চাইতেও আমার মজার বেশি কাজ করত যা আমার যে কারণে বিয়া বাঙ্গাইয়া আনিয়া হচ্ছিল দিয়া আমি যদি বালারুদ্ধার করি না আমার বাইরের মান খুব মন্দ খুলে মুখ খুতেই দিব যারা বিয়ার মার্ট দিতেন তারা মুখরূপ্রেম আব্বা
/kaggle/input/regspeech12/test/test_narail_0182.wav,মানুষ রোখাও ঠিক ওনা ভালো না অনেক কী লোক কত করে
/kaggle/input/regspeech12/test/test_tangail_0006.wav,কিন্তু ঘুইরে যাওয়ার পরেও আবার আইসা যারাও যারা ব্যান্ডের যারা ইয়া থাকে ওরা বসে আছে ওরা সামনে একটা গানের দুটা লাইন শুনায় দেয় ওরা তুপুর অবাক হয়ে যায় ওরা ভাবতেও পারে নাই যে এরকম একটা ভয়েস পরা পাব
/kaggle/input/regspeech12/test/test_sylhet_0520.wav,তারিনাহর মাহাদিস্থা রচনাও করিয়া গেছেন আর তাকে বেঁচুড়ে যারে আমি রচনা হয়তো করাইছি এর মাত্র গ্রেফতা আয়ত্তে মাদকাসক্তি রক্ষা আমি হেহরিতার জীবনে আয়োজনে পরোয়ার আমি দেখতে আগে বৌদ্ধ আয়োজ
/kaggle/input/regspeech12/test/test_tangail_0053.wav,এতে মনে কর কিন্তু ইরফান খান ভাবছিল যে একবার হয়তো অর্কাসাইসা আবার চলে যাব মানে আমরা অনেক সময় কুকুর বিড়ালের যে রকম আদর করি এইরকম একটা আদর দিতে চাইছ ইরফান খান
/kaggle/input/regspeech12/test/test_sylhet_0137.wav,আমি কাম্পস্টেট কইরা বাড়া তাহার বৈন্দা হইলাম দিতাঙ্গীর তাড়ার খবর হাওয়াই কখন দিলাম প্রভাবিত বিবর্তী আচ্ছাদি বাক্যের সময় মাতাইলাম কি তো খামখামাতা স্থান করিলেন
/kaggle/input/regspeech12/test/test_narail_0151.wav,তুমি ফোন দিছিলে ফোন দিলি তাই ব্যস্ততা বলাম যে আজকে একটু ফোন দি কথা কই মা আর তোকে শুনতেছিল তোমার কথা ফোন টোন দিচ্ছিল নাকি
/kaggle/input/regspeech12/test/test_tangail_0073.wav,চাকরির মানে একদিন যাইত আর একদিন যাই না অর্জে বন্ধুরা সাহায্য করে ধার দেনা করে চলতেছে কিন্তু অর্জে ফ্যামিলি আছে বুরুন ধরনের ফ্যামিলি তো আর মানে মাইনে নিতে ট্রলারেট করতেছেন
/kaggle/input/regspeech12/test/test_kishoreganj_0081.wav,আমি প্রকৃতি দিয়ে লোক কিন্দা আঙ্গু
/kaggle/input/regspeech12/test/test_sylhet_0197.wav,কি পাতাতি লাগা দিল তো আব্বা আমরা রে অঙ্ক পড়াইটা ইংরেজি পড়াইটা আব্বা পড়াইছে মুদ্রা বড় জীব তাই নাগে ছোট জন যেতে এর পরে তাই নাগেও ছোট জন আমরা আব্বাই আরও বাইরে পড়াইতাম
/kaggle/input/regspeech12/test/test_sylhet_0561.wav,ওই হায় রে খোপা একবারে তো দশটা পর্যন্ত এটা কিন্তু গুণ আর এখনো ইনকোর্টার জুয়াইটে তার একটু তাড়ানা দেখিতে ইচ্ছা কর্ণফুলাপুর দিন দিচ্ছি না ডিপার্টমেন্টের হেড দে ও তারেফাইলে একটি সামনা সামনা কী ব্যাপারে ক্যারলুম ও পরম্ফিলাপো আছে আমি আর তালিম আসল শুভাল আসছে
/kaggle/input/regspeech12/test/test_kishoreganj_0151.wav,ভাঙ্গির যোজনা হয় ভাঙ্গির যোজনা ভাঙ্গির যোজনা
/kaggle/input/regspeech12/test/test_sylhet_0129.wav,ওই যে রুমটার ভয় হ্যাঁ সে পাওয়ার যে সমস্ত ট্যাঙ্কি অন্য একটা বাস্তবতা মানে হ্যাঁ তাহলেই তোমার চিন্তা করে তাহলে
/kaggle/input/regspeech12/test/test_sylhet_0711.wav,তো আলাপ করালে হ্যাঁ হুটপো নিয়ে করা হয়েছে নাই আর কোন বক্তা রয়েছে বিয়ার হুম খেলার পরে যে আটা আছে
/kaggle/input/regspeech12/test/test_sylhet_0365.wav,মেলামত তালাম বলি
/kaggle/input/regspeech12/test/test_comilla_0030.wav,কিন্তু তারটা হয়েছে যে এটা এসে কথা কারণ ওদের স্কুলের দোলনাটার পিছনে যে বিল্ডিংটা এই বিল্ডিংটা হচ্ছে থাকে ইউনিম্যাডামের যে গার্ড গুলা থাকে বর্ডার গার্ডের যে সদস্যরা ওরা থাকে তো ওদের জন্য নাকি লাইন দেওয়া হয়েছে এই স্কুল থেকে
/kaggle/input/regspeech12/test/test_rangpur_0100.wav,দাম বেশির কারণে এই সমস্যারা এত শক্তি নিষেধাজ্ঞার দাম নয় বেশি এই দামের কারণে এই ঝামেলাটা বেশি আর কি সবাই
/kaggle/input/regspeech12/test/test_sylhet_0631.wav,ভালোই বাকি চিন্তা করে না ফাঁক করিলে বাড়িটা হলেন ভালোভাবে ফাঁক পানি চিন্তা করেন
/kaggle/input/regspeech12/test/test_sylhet_0186.wav,দোয়া হই রইলেন আচ্ছা আচ্ছা সালামালাইকুম সন্দেহে যান
/kaggle/input/regspeech12/test/test_narail_0073.wav,ওনার কোন কাকার ওই মূলত ঐ ঘর ওগে উঠিয়ে ওরা পাশে থাকত তবে ওই মায়ারা যে ঘরে থাকতে ঐ জায়গার থাই এটা ভালোই দখল করে নিচ্ছে মায়াকে তো ভালো একটা খাটাক তোলো
/kaggle/input/regspeech12/test/test_chittagong_0103.wav,তোর দ্বারা নাই আছে তো অফিসে নো যাই গিয়ে আইটেও ইয়েকেইলে বলো দিলি হ
/kaggle/input/regspeech12/test/test_kishoreganj_0170.wav,কীটনাশক এবং রাসায়নিক সারের ব্যবহারে
/kaggle/input/regspeech12/test/test_rangpur_0125.wav,ইয়া মোটামুটি ভালোই হইতেছে ইত্যাদি মা সমস্যা নাই তুই তো মনে টাকা দিচ্ছি ওটায় ইত্যাদির জন্য কটাকা দিচ্ছি দুশি টাকা দিতে এসেছিস
/kaggle/input/regspeech12/test/test_rangpur_0096.wav,জয়িদার বাড়িত না হানিফ মাদির বাড়িত না ফকুরদিন জারার বাড়িত তার বাড়ি খাওয়া ভালোই তো কথা
/kaggle/input/regspeech12/test/test_barishal_0006.wav,হ্যারো ছয় পোলা তিন মাইয়া সবাই বড় বড় করবে জান শিক্ষিত রায় এই বিমান বেশি করে আমি তো একটি
/kaggle/input/regspeech12/test/test_rangpur_0119.wav,কালার ডাইল খান না কালার ডাইল খাই তো ফাকরিকালাই আনিস ফাকরিকালাই নেই ঠাকরিকালাই দি কি যাইবেন ডাইল
/kaggle/input/regspeech12/test/test_barishal_0024.wav,এই যে খাতাব্যাস না এই খাতাব্যাস না হলেন অন্যের আমি এটা কথা কহি এটা খাতাব্যাস না এইটে খাতাব্যাস না এইটা একটা কারণ পরিবর্তন হওয়ার প্রয়োজন আছে
/kaggle/input/regspeech12/test/test_kishoreganj_0143.wav,কীটনাশক এদের বাঙ্গি সবুজ রঙের বাঙ্গি সবুজ রঙের পাকলে হলুদ বা সোনালী রঙের হয় প্রথমে তো কীটনাশক
/kaggle/input/regspeech12/test/test_tangail_0065.wav,যখন নিউ ইয়র্ক মানে এরকম চলতে চলতে ছবিতে দেখা যায় একটা নিউ ইয়র্কের সময় এসে মানে হোটেল জুড়া পার্টি স্টাফদের আলাদা পার্টির জায়গা আবার যারা কর্পোরেট ওদের একটা আলাদা পার্টির জায়গা আছে
/kaggle/input/regspeech12/test/test_habiganj_0109.wav,যেমন শিয়াববিজ্ঞান ফিন্যান্স ব্যবসায়াত্মক গণিত ইংলিশ বাংলা উপর বিজ্ঞান এই কয়েকটি নটা সাবজেক ল্যাব আর বাকি কিছু চাপে রাখল ঐগুলি বাদ দিতে কিছু মানে আবাদিত
/kaggle/input/regspeech12/test/test_barishal_0009.wav,পায়ের টু স্টোডিফিন্দা পরিচয় দিলেই বোর প্যাট্রিতে থাকে না আর সে কী করবে উনি ওনার বাবার রেই চেনবে না এইরূপ হয় হায়তান্ন হারা
/kaggle/input/regspeech12/test/test_narail_0133.wav,মিনতা আমারেও তো ভালো লাগে না প্রিজেড রেডি বলছে আমার ইন্ডিয়ায় একটা বাড়ি গড়ে দে আমাদের কথা দিবানি
/kaggle/input/regspeech12/test/test_sylhet_0494.wav,সুল্লাম গুমারীটি সান্তান নামাজ প্রথম বরানন্দ আল্লাহরে হরিদান্ত নামাজ ভুক্ত প্রথমে বলিলেন নামালা তিনি দেখিলেন তাই নামাজ বলিয়া শুনিয়াছেন আয়াবিতা হোসেন আমি একটা বিরানে লইয়াইছিলাম অ্যাহাইরা একটু উঠবানিটি হাইলালাম হইলাম না নাইতা হাইতাম নাই তাহলে চান খারাপ করলে হাইলা হাইতাম নাও তা হইলাম তাহা নামার একটু হাউসিনার ল্যান জোর করিয়া যখন লাগলাম সুস্থ নন তাহলেন জোর করিয়া একটু তুলেছেন আল্লাম নাম নাম থাক সোনার টার টাক করু ও নাম ও নাম নামিতে তাহীর নিতেন লাম লাম লাম লাম তামীন তাম আমাম তাম আমাম তাম তাম করেন তাম তাম তাম তাম তাম তাম তাম কর্ম তাম তাম তাম তাম তাম তাম তাম তাম তাম তাম তাম তাম তাম
/kaggle/input/regspeech12/test/test_comilla_0009.wav,রুহী চাচ্ছিল রুহী উঠতে কিন্তু নুসাইবা বলতেছে না আমি উঠি তুই যা তো নাচের রিয়ার্সাল আছে তো একপর্যায়ে রুহী ভাবল যে হ্যাঁ আমার তো নাচের রিয়ার্সালে যেতে হবে আমি চলে যাই তুই দুলনা খা দুলখা দুলনায় তো রুহী ওকে ছেড়ে দিয়ে
/kaggle/input/regspeech12/test/test_sylhet_0350.wav,তখন গেলাম ঢাকা একটা মডিয়েন্টাকল প্রোগ্রাম আমরা দিয়া পাইতি মন্ত্রী সচিব জিজ্জিদারা শিল্পীকা মন্ত্রণালয়ের মন্ত্রী
/kaggle/input/regspeech12/test/test_sylhet_0513.wav,এগুলো কোনো অপারেশন করবে আনতে বাহরিয়া এখন আমার হামলা পরে আমি আমার পোলা শিল্প করছি সুখ মুজরিয়া
/kaggle/input/regspeech12/test/test_barishal_0004.wav,মিডিয়া গেছে হেলের মেয়র গেছে নানান প্রশ্ন হ্যাঁ মনে করেন এক লোক তালাইলেও হইয়া দেখলাম পাঁচ পাঁচজনে অনেক প্রশ্ন পরে হেসে মাপ পেয়েছ কাজ হলে আমার ভুল হয়েছে আমি মাপ চাই আমি এরম্কামার কোনো দিকে কেন ওই যে দেখি আকারে গায় না আর ডি নাই সে মাংস নাই খালি আর ডি
/kaggle/input/regspeech12/test/test_tangail_0112.wav,তো আমার মনে হয় ওই বিল্ডিং করার জন্যই কেউ চক্রান্ত করে আগুন লাগায় দেখুন দেখুন দেশে ব্যবসা হয় দ্যাশ দুইটা ঈদ দুইটা ঈদে হচ্ছে দেশে ব্যবসা হয় তারা অনেকে আছে যে ঋণ টিন করে
/kaggle/input/regspeech12/test/test_kishoreganj_0172.wav,তমুদের বিকলাল কুমুদের বিতলাল কিন্তু আমাদের ভিতরটা
/kaggle/input/regspeech12/test/test_sylhet_0314.wav, একজন প্রাইমারি যেগুলা লাগব যেন কেলেগুলা আনে দিতে হবে আর ভাবিরা সকালবেলা উঠিয়া মেন্দ্রিন্দি বাটিয়া একটু লেখা ওভার দিয়া দিয়াই দুতল ডিজাইন ডিজাইন নাগুচ্ছ পরাইতে মুখানাইয়া লইয়া গেছেন দেখুন আবুমান গিয়া পার্লারোর মানুষ আনিয়ে নিচ্ছেন বাসার
/kaggle/input/regspeech12/test/test_sylhet_0422.wav,ভুল করত কিন্তু জিও করতে পারতে না মানে তারা কিন্তু জিও ভারত জানেন না আমি তার জন্য বুঝতে আমার যেমন কত করত রে বাবা হাসান তোমরা লেগে একটু বুক পরা মন আমার হালকা আওয়াজ
/kaggle/input/regspeech12/test/test_sylhet_0382.wav,তুমি যদি পড়তাই তাহাতে আমরা ঋণ থেকেই শহরে গিয়া পড়া তো সহজ না রাস্তাঘাট বালা না যোগাযোগ ব্যবস্থা বালা নাই একলা একলা যাইতাই বার্তায় না রাস্তার মধ্যে মানে আমরা প্রাম্থনের মানেই আছে সমস্ত মেয়েরা রেভাই করার তো তোমার তৃতীয়তা খান প্রতি আমরা রে পালাইয়া থাকতাই পারবে নিজের উপর দিয়া পড়লেন স্থিরতা কিয়া করবা যাতে যাতে চাপায়ার ব্যবস্থার কিছু খাওয়ার সমস্যা হয় না
/kaggle/input/regspeech12/test/test_kishoreganj_0040.wav,দেন রাতে হ্যাঁ হ্যাঁ আর তারে যা না এম গুয়া স্যার গুয়া এলিমা রাকিব মিয়া আমি তো আরেকটা লেখালেখি আসলাম কিন্তু আরেকটা লাগবে তো
/kaggle/input/regspeech12/test/test_rangpur_0018.wav,কাঠ দে কাঠের ফটো গিয়েছে না কাঠের পরে ফটো গুলি কিনতে ইয়া মহিলা মেম্বার বিয়ে হাঁটা বয়স্ক ভাতা বা ভিডিও ভাতা একটা চুরি দিলে
/kaggle/input/regspeech12/test/test_barishal_0058.wav,তাই হেরম যদি ডাটামি করতাম তাকে হেরাত করে ওমর বাদ ধরত না আক মনে না সেন্টার ধীরে ধীরে আর ঠোঁট নালে বুঝে
/kaggle/input/regspeech12/test/test_narail_0183.wav,সেই প্রতিদিনের প্রতিটি গ্রেপ্তারের প্রতিদিনের প্রতিটি গ্রেপ্তার
/kaggle/input/regspeech12/test/test_sylhet_0403.wav,যে অন্তত আমি তাহা হইলাম ভাই আমি নামে দুটো ব্যবসায়ী কিছু জাগাবেই নামিনির এই সিনেমায় তাকিয়ে আসলাম কিন্তু বিশেষ করে আমার হাসব্যান্ড খুব ভালো আমি রাখিও তাহলে জীবনেই লাহোর আত্মা নাকিবে
/kaggle/input/regspeech12/test/test_kishoreganj_0026.wav,তা ভুল চুল করে অনলাইনের বেলায় উভয়ের কারণে কম্পিউটার দিয়ে এসব কাজ করে নাইম কি কস তত পরিচিত অনেক কম্পিউটার দোয়ান তার শুল্লভাবা এলাকায়
/kaggle/input/regspeech12/test/test_kishoreganj_0005.wav,আমার তিন তাল জানার খেলতাম না তুই নিজের থেকে তুলিনি বালিশে যান তুলতাম না
/kaggle/input/regspeech12/test/test_sylhet_0689.wav,শুধু বা চাকার চালু হইয়া সুখের সংসার করতি থাকে নকের পর প্রেম কোয়ান্টে লেখা হওয়া তখন সুফিন্দরে বিয়া দিলাম সুফিন্দর বিয়া দিলাম নাতিরু বিয়া দিলাম পুরুষের বিয়া দিলাম পুরুষের বিয়া দিলাম পুরুষের হারে বাহিলাম
/kaggle/input/regspeech12/test/test_comilla_0018.wav,তো এখানে কয়েকটা বিষয় আসলে কি কারেন্টের শট লাগল কিনা কিন্তু ওদের স্কুলে কিন্তু ডে শিফটে সকালে মর্নিং শিফটে ক্লাস ও রয়েছে ডে শিফটে যায় মর্নিং শিফটে সবাই দুলনাতে উঠল কারও শট লাগল না এরপরে ও নুসাইবা বসার আগ মুহূর্ত কিন্তু দুলনাতা
/kaggle/input/regspeech12/test/test_barishal_0088.wav,হয়নি তৈরি আবার উপরে চোখ ও হালাক ভেজে শুরু করেন ওই জান্না মুক্ত হইতে যেও বেড়াতে পারে কোন কাঙ করে ডালাইলে তরুক্য ঋণের আগে না
/kaggle/input/regspeech12/test/test_tangail_0045.wav,পরে পাই একটা বোট পাই মানে ইরফান খান একটা বোট পায় ওই বোটে করে কোনো রকম আর কি ওই রাতটুকু বাঁচতে পরে সকালে উঠে দেখে যে ওর সাথে ভাগটা যাচ্ছে রিচার্ড পার্কার ও সাঁতার কাটতা আছে
/kaggle/input/regspeech12/test/test_tangail_0032.wav,পরেশ যখন সাড়া যাইতে নাই প্লেনে তখন ওই বিমানের ফ্লাইটে সারা ওই পাঁচ ডলারের ওই নোটটা দেখেছে জোনার থানার জিনিস নাম্বার দেখেছিল ওই নোটটা আবার ওর কাছ থেকে ফিরে আসে পরে সে বিমান থেকে তাড়াতাড়ি নেমে ওই নিউ ইয়র্চ নিউ ইয়র্চ ইভে
/kaggle/input/regspeech12/test/test_sylhet_0742.wav,কেউ বললে আমরাও দুই অন্য কেউ কেউ আমরা হাইকারুল হাইকারুল
/kaggle/input/regspeech12/test/test_chittagong_0112.wav,এই জ্যাক কম্পাসের সঙ্গে ছবিটুবি যা আছে দ্যাগিনিককে তুলে দিয়ে দিয়েছে এখন অপরের ছবি হতা হয় আপাতমালা এমবিটিম বিনায়াতে আল্লাহ সমস্যা ছুড়ে গেগুদে ছিটাঙ্গ গরম হইলে
/kaggle/input/regspeech12/test/test_narsingdi_0040.wav,দিনে সাড়ে পাঁচবার গোপালি কেন লাগে
/kaggle/input/regspeech12/test/test_kishoreganj_0024.wav,এলাকাতে বিন লুকায় স্ত্রীকে শিথি নামের নামের ঈদা এলাকাতে রাত জিতে আছে ঈদানে গর্ব বুঝে আরেক বেটা সম্পদ নানানে গর্ব লাভ হইত না মানে মুখ্যমন্ত্রীর পাইল মনে করে যে সব টেক অত যাচ্ছে
/kaggle/input/regspeech12/test/test_comilla_0001.wav,হ্যাঁ স্বর্ণাকার তো প্রচুর দামে থাকা
/kaggle/input/regspeech12/test/test_sylhet_0039.wav,কিন্তু অন্যান্য জায়গায় তো পুকুর নয় তারা কোথায় বিশ্বজন্ব ঠাকুরকে তারা কি দক্ষিণ সমান নদী আছে না নদীতে গিয়া সবাই বিশ্বাজন আমাদের নদীতে বিশ্ববিদ্যালয় করেন আমরা এই অর্থের পুকুরে হিসেবে চাই বিসর্জন করার পরই আমরা ইউ আছি
/kaggle/input/regspeech12/test/test_habiganj_0088.wav,নৌকা ভ্রমণ অনেকবার গেঁথি অনেক সময় দিকে গেঁথি গুঁড়া গুঁড়াইতে ঘোরাঘুরি এমনিতে অন্য জায়গাতে আর কোন জায়গাতে ভর্তুকি
/kaggle/input/regspeech12/test/test_habiganj_0056.wav,ষপদ দেখা যায় যদি মুরুগুরু গানে একদিন মুরু গান ছিল আমি আমার দিয়া মা রান্দাইটির মা হাতে থাকি আমি লারাউড়া দিতি হন বলে তোর হাড়ি অত্যামোজা হইতে ওহন সবাই হাড়ি কয় মাঠটিকা তর্ম যাইতে হন তুই রানবে হন মুরুগুরু জানলে আমি এমন যন্ত্রণা করি খালি আমারে দিয়ে ঐ রান দেয় তখন তো আমি এমন বিপদে পড়তি আমি হই একদিন আমার এমন বাজে কইরা রান্ডাল লাগব যাতে আমার দিয়া আমরা দিয়া আন দায় এরপরে অন মুরুগুরু রানলে আমি আমি এমন এমন এমন যন্ত্রণা করি খালি খালি খালি খালি আমালি আমালে আমালে আমালে আমালে আমালে আমালে আমালেন দালেন দালেন
/kaggle/input/regspeech12/test/test_sylhet_0652.wav,দাহোর তো পাঠানো যায় ও গাল থাকে উগা তাই যে পাঞ্জাবি দৌড়ে হউক বা প্রফিন হউক বা স্থানান্তর সে তো দেখাইয়া দেয় রাজাকারে দেখাইয়া দেয় না নেই তাই একত্রে অতাকাকে বিয়ে করিয়া দিয়াছি
/kaggle/input/regspeech12/test/test_sylhet_0112.wav,আর নানার বাড়িতে খেয়ে খেয়ে আসেন তো আমার খালা আছে আমার নানী আছে আমরা যাও করেননি তারা তারও আয়না বিচ্ছা আমরা নবগ্ষেত করলেন জানি তারও চায় না তারা কি তা করেছে তারা কোলে পালাও ফেলে বিরোধী কুয়া আছে সেই আন
/kaggle/input/regspeech12/test/test_habiganj_0035.wav,আর যে বাল্লার তো মনে মনে হইতাম আমি কিন্তু রানতে পারতাম খুন নিন্দি আমি রানতে পারব এরপরেই তা হতে হতে দেখতে দেখতে এরপরে আমি কখন আমি বুঝা যাইতে আমি নারায়ণ দুই দেখা যায় মা যেতে যেতে রান দেয় আমি তা রানতে পারব এরপরে মারে আমি একজন বৈক মা আমি রান নৈব সময় সময় মনে আমি
/kaggle/input/regspeech12/test/test_narail_0085.wav,দুর্ভার গেলাম আবার যাব যাওয়া শুরু হয়েছে আর কলঙ্কালে যে থামব তার ঠিক নেই
/kaggle/input/regspeech12/test/test_sylhet_0682.wav,ছাড়ার আগে বন্ধ নাই চুক্তি খেলে নাই স্কুল বন্ধ তাহলে তারা হবা জানবে নাতে গানে জানবে
/kaggle/input/regspeech12/test/test_sandwip_0057.wav,গান্ধাকে আরোপ করে ছাড়িয়ে দেওয়াই নেই নেই সেক্রোবা মরিয়ে
/kaggle/input/regspeech12/test/test_narsingdi_0074.wav,সালামি দিবি তুই আমার গতবার বিশটা সালামি দিস মাত্রা ও হ্যাঁ তারই খুব বেশি আছে
/kaggle/input/regspeech12/test/test_comilla_0021.wav,যে এইটার জন্য হইতে পারে যে কারেন্টের ইয়া হইছে কিন্তু অন্য কারণে বাচ্চারাই তো কারেন্টের শখ করে নাই বা ওর শরীর থেকে রোহী সবার প্রথমে ফার্স্টি রোহী দেখছে রোহী ওর মাথায় যে স্পর্শ করছে রোহীরও কারেন্টে ধরে নাই এই হইছে কথা এখন যে রোহীর লাগে না এটা দেওয়া একটা লাখ লাখ শুকরি আল্লাহর কাছে কিন্তু
/kaggle/input/regspeech12/test/test_chittagong_0148.wav,তুই অন্যে হো কাটাল রাই এতক্ষণ ধর্মীয় যেন ফ্যান্সার হাতে কিনলি আমি কেনি তো কালামোতাল আমি দেখব না কেন আছে আছে পালা আছে
/kaggle/input/regspeech12/test/test_chittagong_0006.wav,তাই হান আগে তো আটটা বাজা যাইতে আমি ঘুবরাবর তাই হান জায়গায় সোয়ারটা আটটা বিশেষ লেগের দেরি করিয়ে রয়েছে বাইরে সে হান গিয়া গড়ে আইআইএর আর না দেখিলে আফাক হইতে হয়ে হানুজা বলে এটি প্রিয়াঙ্কা বলে হই যাহাত উনি একটু উত্তেজের জন্য আসে নাই
/kaggle/input/regspeech12/test/test_sylhet_0337.wav,কি যার করিয়া তুমি পড়ালে কেন আমি ভুলিতে যার গড়াত গেলে যে খরচ লাগব এটা আর আমার জামাই লয়ার চাকরি কত কিছু বেয়ার করিয়া তাইনা আমার সিদারের খরচ দিবে আপনি না সিজার না নরমালে হইব না হইলে না এটা আমার সিদারের যেন আমি ওলা অবস্থায় পরীক্ষা দিব
/kaggle/input/regspeech12/test/test_sylhet_0419.wav,তুমি আমার প্রস্তুতা করিয়া দিবে আমি ওরকম আমার প্রস্তাব গড়তে কিন্তু কারণ জাহানামাজ নামাজ আমার প্রস্তাব আমি নিজেদের তখন আমি নিজে ভাবছি আল্লাহ তুমি নিজে ভাগ্য না আমি দিলাম কিন্তু আমি না আমার ছাত্র নয়
/kaggle/input/regspeech12/test/test_sylhet_0640.wav,গান করে যেন একটা গান চাও তো তা গান গাই না
/kaggle/input/regspeech12/test/test_chittagong_0167.wav,লালিতা আল্লাহপুরকে দিতে দেরি আল্লাহ তো একটা একদম শুরু হলে কি ও বয়সের আগে যেতে পারবে সেগুলো তো কি রেবু
/kaggle/input/regspeech12/test/test_narsingdi_0080.wav,অনেক ফেরাফেরির পর আমি রাজি হয়েছিলাম হার ব্যাডমিন্টন দেশে রাগা নিচ্ছে তারপর আমি খেল তারছি না দ্বীপে শেষ করলেছিলাম আমার নষ্ট করেছে বাবার গবাণ নাকছে হ্যাঁ মোটাটা কিনা যেন না আমার ডাকাত হ্যাঁ এই নষ্ট করছে হ্যাঁ হ্যাঁ নষ্ট করেছে আবার হ্যাঁ না মেলে কিন্তু
/kaggle/input/regspeech12/test/test_sylhet_0698.wav,আপনার কয়েক ছেলে আর পুরি পুরি একটা বইয়ের নেই তিন ভোলা এক পুরি তোমায় একটু ভুলি দিয়া দিলি
/kaggle/input/regspeech12/test/test_sylhet_0685.wav,তাই এটাই হতো যেন হালকে হালকে হতে হবে
/kaggle/input/regspeech12/test/test_sylhet_0633.wav,তেস্টার মানুষে রাজি হতে সবার হাতে হাতে ক্লোয়েন্টারের প্রযুক্তি এন্ডাজি মেবে কিন্তু কতটুকু ফলপ্রসূর্ণ
/kaggle/input/regspeech12/test/test_sylhet_0119.wav,ইতিহাসও ইতিহাসও মাসিরা ধরে ফেলা দিত স্কুলে ভর্তি হলে কাম পড়তে না স্কুলে রাখুন তারের ইদার মানে এটাই ভুল করিয়া তুমি তাই এটার মানে পেয়ে ফেলছে হজে পাস করলেন না
/kaggle/input/regspeech12/test/test_sylhet_0628.wav,দেখিয়া পছন্দ করার ক্লিলারের কোণে হয়েছে আর বুঝতে পারছি আর একটা কাজে নাচো তা নিয়ে আমরা কমাত্তর মনে আছেন তাই রবি আঠারো লোগো প্রায় মাত্র বিয়ে দিয়েছে
/kaggle/input/regspeech12/test/test_sylhet_0144.wav,আচ্ছা কথা আছে লেক আজ দেখতে আমি আর নেই একটা আওয়ামী বাজার আর একটা শহর বাকি সেলেমে আপনি ও হেয়ার ফরেন ফাইনে ব্যাককে তার
/kaggle/input/regspeech12/test/test_sylhet_0646.wav,তাদেরই নিয়ে একটু হোক তাদেরকে তা করোই না সকল একটা গর্বতাই বা দরজা দিবা বাগান্ডার পুকুর বাড়ি যাবে ইভই কি অত কাম করতে পারে
/kaggle/input/regspeech12/test/test_sylhet_0647.wav,ক্ষুধায় স্কুলে যাও পড়াব এই করি সেই করি
/kaggle/input/regspeech12/test/test_sylhet_0324.wav,আমি তো আছি আমি তোমারে হেল্প করব আমি যেতেও করি তোমারে লইয়া পড়ব গ্রুপ ওয়ার্ক করব তাই তো চলো শুরু করি হইয়া আছে তা আইনকে তাবার তা আয়া কাহিরে যেতে রাত্রে ঘুমাইয়া দিতে
/kaggle/input/regspeech12/test/test_sylhet_0517.wav,হালকা দেখে আপনার বালা সোমবারে গত সোমবারে সোহালে পড়ে গেছিলাম
/kaggle/input/regspeech12/test/test_sandwip_0099.wav,কি তাকে দেখব কি এমন কেক হবে কোনো তাকে দেখির দরকার নেই
/kaggle/input/regspeech12/test/test_sylhet_0595.wav,হ্যাঁ হাস্টার্গামও আমি আপনাকে দেখতেছি হ্যাঁ আরে আল্লাহ দিলে ভালো বাস্তবে আরে শ্রীশবাড়িরা সবাই তো ভালো হাসবেন তো ভালো
/kaggle/input/regspeech12/test/test_sylhet_0050.wav,প্রথমে নুডলস সিদ্ধ দেইন বাদে ফ্রিজ বাজার ডিম সারণ ডিম বাজিয়া বানান নুডলস সারণ ফেরা মসলা দিয়া হত্যা দিয়া
/kaggle/input/regspeech12/test/test_tangail_0096.wav,পরে আয়েশা আবার সাকিনারে বলে যে ইমারে পাই নাই তো এখন কী করব আমি তোমাকে অনেক ভালোবাসি এরকম পরে কিন্তু ওই সাকিনা যে
/kaggle/input/regspeech12/test/test_sylhet_0371.wav,ওয়েলকাম শুক্রিয়া জানাইছি আপনারে আসার জিজ্ঞানী লাভ কি আর ঐ বয়সে আসলে বাচ্চাটা হওয়ায় এখন আমি বুঝি যে আমার কতটা সাপোর্ট হইতে আল্লাহই লইয়া সবকিছু বড় পরিকল্পনাকারী এখন আমি চিন্তা করি যে
/kaggle/input/regspeech12/test/test_narsingdi_0082.wav,ফাইবে আমিও পাইছিলাম আমি পড়ে পাইছিলাম দৌড়ে পাইছি একটা সেকেন্ড পাই এটা আমার স্কুল লাইফের পাঁচটা ছিল কোনো খেলার মধ্যে ফাইবে খেলা দেখিস ভাই না আমার লোকে সব মনে কর আমি তো এক বছরের জুনিয়ার আছিলাম
/kaggle/input/regspeech12/test/test_sylhet_0565.wav,সাঈদীয়ার আমরা কি কমার্স করে দিতাই কাউন্টি ফিন্যান্স করতাম না ব্যস্ত ফিন্যান্সের স্টার্ট রিজিস্ট্রেট করে দিতাম না তোমরা আর মেয়েকে দেখি না
/kaggle/input/regspeech12/test/test_narail_0164.wav,তাহার মত কাহাও যাবে না ও আচ্ছা তাহার যে ডাক্তার দেয়াছি আজকালে ডাক্তার দেয়া যাবে না
/kaggle/input/regspeech12/test/test_chittagong_0102.wav,কেন্দ্রীয় জীবায়ু পুনর্নিরোধের মধ্য দিয়ে পুনর্নিরোধ করা দেখি যে তেমনা সেই নাম্বার নন লড়াইয়ের ঘরে তো গুখি আর গুরবুম পালক দিয়ে নাসিয়ার লোক্তাই ছুটতেই এরা সাম্য দেয় জয় বুবু
/kaggle/input/regspeech12/test/test_kishoreganj_0096.wav,ও চলে গেলে এমন ছাড়াও না নিখোঁজ দিয়ে দেবেন
/kaggle/input/regspeech12/test/test_sylhet_0096.wav,দুইজনে জানা খাতা লাগে বাজার দরে তখন বের করি বাজার দর কি রকম যে দাম খাল ও সতুর্থেয়া হবি একটি ছাল সতুর্থেয়া হবি তো তোমার মুঠা খাল তাও যে গুলা আগে ঐ গো মুঠা খাল হইল পুতুর্তি হাল দাম হইতেই থাল আনতাম মোটা থাল আনতাম সরু স্থিয়া দিয়া
/kaggle/input/regspeech12/test/test_sylhet_0068.wav,বাইয়ে বিয়া করতে না বাড়িটুকু হয়েছিল ভাই হবে নামে কি তা পাগল আমি বিয়াগত না আমার চিন্তায় নিজের তো মন্দ হইবে না যেমন দুইটা বোলিং করো তুই বাহিরে
/kaggle/input/regspeech12/test/test_rangpur_0057.wav,এখানে অনেকে ঘুষে যে একমাত্র খাবারের মুক্তি রাখার জন্যে খাবার কিছু কবিত রাখার জন্যে
/kaggle/input/regspeech12/test/test_sylhet_0150.wav,আপনার কামড়ের পড়ালেহ হল তুমি ছেলেমেয়েরার পড়াইলে হ্যাঁ কোথাও কাম করলাম আপনার মেয়ের দেবী হইল নাকি নাতনি আস্তে নেই হয় বড়ো হয়ের এক মেয়ের ছেলে হুড়োহুড়ি আছে
/kaggle/input/regspeech12/test/test_chittagong_0021.wav,অ্যারা আমাও গড়ে তুলে তুলে তারা ভর্তি হনের কাছে জ্বালা হলা গলি হলা পত্রিম মদে ফল হাগল্পের জন্য মডার ফল হাগল্পের জন্য আরও গুমগুলি মোবাইলের বেলে বৈজাল আছে তো মোবাইল টিবর কাহা তুই এজুস ছুটানো নি
/kaggle/input/regspeech12/test/test_chittagong_0024.wav,আবার ডাক্তার হাসে গেলাম ওষুধ ফাঁকে হেলাম বোধ সস্ত্র করিয়া গোইড আম অজ্ঞ না রে অসুখ নির্জি মেতে মেতে উভয়ে স্মৃতির বুনাবুনা অনাহিদি
/kaggle/input/regspeech12/test/test_rangpur_0011.wav,সে নানা সেই বুক প্রলাস ফেরত দেয় না লাইবির বেডেরি এত আদর লাইবিরাবাবির নিন্দ আসবে মাইকের খবর নিয়ে না বাসতে পারলি বেটা হোকার বউ হচ্ছে
/kaggle/input/regspeech12/test/test_sandwip_0129.wav,অঙ্গার হলানের বাইরে অঙ্গার হলান হইলেও কোন হলে নাই কেন কেন আল্লাহর রাস্তা চালায় দাও এই হিসেবে শুধু শুধু নিজের টিয়া খরচ করে হয়ে পড়ে আর অঙ্গার হলানের নামের কাছে মনে হয় যে উলাইন নিজের তেবায় ইচ্ছে চানা সে উলাইনেরা আর রূদে অতি চেষ্টা নিয়ে করেন
/kaggle/input/regspeech12/test/test_sylhet_0490.wav,ারাত্মে তাইনোর দ্বারা তো খুশ্থ হইব আমি আরও আশা করি যা আল্লাহ তোমারও খুশ্থ দিতি তার পরে ওমানে আমি নিরাহ্তি দিলাম না আমি দুর্বল হইলাম না তার পরে কাউদকোড়ার আমি যদি কি নিজের ভবিষ্যতকুলি কিছু করি আল্লাহ নিয়ে আমার ভবিষ্যটা সুন্দর হইয়া দিই মৌট আশা করে আমার লাগিতে এর পরেও কত বড় অভির্ভূত হওয়ার পরে কিন্তু ভয় পাই না কাউস করে মানলাম তো সাহস হতে তো লক্ষী আল্লাহর ছিল তখন তখন যে সাহস হত হল যে পরে এর পরে হেরে হেরে মোরে আমি
/kaggle/input/regspeech12/test/test_sylhet_0341.wav,তখন দশটা থেকে পাঁচটা পর্যন্ত পরীক্ষার দেওয়া তিন মাসের বাচ্চা রাখিয়া এইটা মানে হ্যাঁ মহাযুদ্ধ আজ টেন্টার আছি তোমার সরকারই গল্প বাকা আছি রাজমূলের কিছু পরীক্ষার জায়গায় গিয়া তখন আমার বড় যায় তারে আমার ছেলেরা দেখার লাগিয়া আমার বড় যায় পরীক্ষাটোমায়
/kaggle/input/regspeech12/test/test_sylhet_0055.wav,মা করতে পারবে না মা অনেক আগে আমার ফোন থাকলে আমার মনে নেই বুঝ নিয়ে ছেলে মেয়ে তিনি ছেলে তাই আপনারা ছোটবেলালে কিছু ফোন মানে বাড়ি বুড়িটা একসাথে কী রকম মজা হইত কি তা কি তা করতেন আমরা তো ছোটবেলা অনেক করছি
/kaggle/input/regspeech12/test/test_rangpur_0006.wav,নয়টা বড় হয়েছে সিদ্দিকীর মা দুইটার নিমেষ চাই তাহামাকেও দেন তো দুইটা কটে কাহিদে মালা এ রকমের মেলা কাড়ি গাড়ি এখান করে রান দেওয়ান দেন নয়টা আছে না
/kaggle/input/regspeech12/test/test_sylhet_0017.wav,আঞ্চলিক ভাষায় যেটা কয়েন ওটাই হচ্ছে ঠাকুরেলিয়াতে বাড়ায় হ্যাঁ কিছুর জন্য দাওয়ার কিছুর জন্য নাকি নিয়ে আনন্দ করা লেগে রাস্তায় রুড রুডে যায় তারা দাঁড়িয়ে মার নিয়ে যায় নেওয়ার পরে আইসার বিষয়টি
/kaggle/input/regspeech12/test/test_chittagong_0176.wav,মানুষ তো সবসময় কিছু না তাহা ইয়ানো না মাঝে মাঝে তো স্থায়ী জায়গা পার্সোনাল কিছু এত চেক গলের সমস্যানও নেই
/kaggle/input/regspeech12/test/test_sylhet_0372.wav,তারার লাগে যেটা ভালো তারার লাগে যেটা উত্তর নিশ্চয়ই সেটা আল্লাহ দিবা আর আমি যদি আমার সৎপথের মাঝে থাকি তারারা যদি আমি ঐ পথটা দেখাই যাই তাইলে ইনশাল্লাহ তারাও কোন না কোন ক্ষতির মাঝে পড়ব
/kaggle/input/regspeech12/test/test_sylhet_0291.wav,দেখিয়া তখন হইল তোমার থামো তার বাড়ির মানুষের সাথে ঐখা খাওয়া দাওয়া হইতে কথাবার্তা হইতে ডেট করে ফিক্সড করা হবে
/kaggle/input/regspeech12/test/test_narail_0021.wav,বাবা আমি চলে যাচ্ছি দলের চা না নিয়ে আরু জীবনে ক্ষুন্ত মারা পরিচয় দিনে যে তোর মা মরিয়া গেছে তোর এই মায়ে সেই সমস্ত যে সব আইসি আইসি আইসি এসে বুলন বুলনে কথা কয় এই বিশ্বের মেলাদি নাই ঐ যে তোমার বড় দিদি মা সোতম আমি সম্মিলিতা হইতে
/kaggle/input/regspeech12/test/test_chittagong_0086.wav,অইয়ান নাই বুলিজে লেগু চিকনোর পরে তালায় আরে না এরকম কি চলছে না আরে আরে আমি যেটা শুরু করতাম হ্যালো গ্রাফ পলিমায়াক্সের হয়তো তুলনা সিলিনের চিনিতার ভিতরে ফুলের অনেক ফুলতে আসে দেখি মোটা করি মায়াবে
/kaggle/input/regspeech12/test/test_kishoreganj_0200.wav,একবারে প্রামটা খেয়ো না হ্যাঁ হ্যাঁ বাবা বলুন না হ্যাঁ বাবা কী
/kaggle/input/regspeech12/test/test_sylhet_0523.wav,ভালো ঠান্ডা লাগে সামিয়া আমি তো ঠান্ডা নই আমি আবার পড়তাম না র্যাব তাহার দেখা হয় তাহাদ আমার মামার ভেড়ান গেল জ্যাক
/kaggle/input/regspeech12/test/test_sylhet_0322.wav,তাই যখন কলেজ থেকে ফিরতাম অলরেডি আমার যখন এনগেজমেন্ট হইতে এনগেজমেন্ট এবং বিয়ার মাঝামাঝি টাইমো তাই না রে মেন্ট্রিওয়াইকে তাই নিত্যা বলে যে ঢুকছি না কিন্তু এমপিওয়াইছেলে এখন যেটার আছে না গুত্থ
/kaggle/input/regspeech12/test/test_rangpur_0083.wav,কান কাজে ধরণ সাজানো কিন্তু আলসি হাতির মাল যেমন চলে সেজন কিছু ধরন ধরন হাতির আলসি আরও খুবই আছে অর্থ নয় কত তুই চিঠি আরেকের মাঝে করেছিস ঠিকই কথা খারাপ নয়
/kaggle/input/regspeech12/test/test_habiganj_0011.wav,না দোয়াশাই তো আরে এটাই বিদেশ পাঠাইবে ইতালি পাঠাই তো
/kaggle/input/regspeech12/test/test_sylhet_0272.wav,তখন তো এগুটু ফাইবার ধারে কাছেও গেছে না ইতো শুরুই তারেক কাব্যা বায়ে তো মারে টার্গেট দিলে আমি তো টার্গেট পর্যন্ত বসতে পারলাম না তখন বায়ে হইলে আজ একটা বসে না এটা তো অনেক আটটা শ্রমিক চার এক শ্রমিক চার গেছে পরে শ্রমিক চার বালা হলে
/kaggle/input/regspeech12/test/test_sylhet_0180.wav,তাই শান্তি আছে কদিন একটু শান্তি মানিতে যখন কয়েন লিয়া হত দুর্গত করের বাড়ি গড়বে আল্লাকে কয়েন চলিয়া দিয়া হ্রাম আস্তেন হান্দা কিন্তু ও একটা আন্টি আমার ব্যক্তি এবং নষ্ট হয়েছে
/kaggle/input/regspeech12/test/test_barishal_0032.wav,অন্যার চুপ করো
/kaggle/input/regspeech12/test/test_narsingdi_0090.wav,বাড়ের কয়টা স্পিকার থাকে সাউন্ড বক্স আছে আমার প্রতি কয়টা লাগব খালি কন্ট্রাইকেল লাগবে এক মিনিট এই গোন থাকবে থামক বক্স করে না একটা ইয়ার লগে টিভির লক কানের ট্যান্ডা
/kaggle/input/regspeech12/test/test_sylhet_0643.wav,তুমি কোন স্টেজে আছো মানে কি তাকি তাকি কী করা হয় জানো তুমি কি শুরু করেছিস ফিল্ডি রায়
/kaggle/input/regspeech12/test/test_habiganj_0073.wav,আগেই তো জানতাম এতই তো চিনতে পারলাম না হ্যাঁ আমরা কেন দিয়ে আগে মনে এগুলা চুক্তি না
/kaggle/input/regspeech12/test/test_sylhet_0312.wav,বাহিরা উঠিয়া কোথাও ছিল না
/kaggle/input/regspeech12/test/test_sylhet_0317.wav,পরেও তাই বাসার পেছনে করে হচ্ছিল যে আমার তালিকা পাতিনাতিল গান্ধার জন্য দুটি ঘটনাটি রিয়াজ আসিল তাল হাসান
/kaggle/input/regspeech12/test/test_sylhet_0619.wav,তার নির্মাণ কল দিছে দেয়া হয়েছে আমার থাসা মারাইছে আমি করে বলুন তুমি থাসা করো না থাসি তাছি আর কেউ নেওয়ার দিন থাকে হুনিয়ার মারা যাওয়ার পর দিন তারা আবার রাত্রে আয় রায় একটা সময় আর বুন একটা হাজার মেয়ে নারী ফানি দিলাই তারা বাড়ি একটু গেছিলে নামি তারা বাড়ি ফিরি দিয়ে লুটালে
/kaggle/input/regspeech12/test/test_narsingdi_0099.wav,বাইরের জায়গা সুন্দরে বললে ভাবা যায় আমাদের ভাইগুলো বিয়ের হয়ে গেছে তুই করাস না গেরে আমিও নাই সময় আছে বৎস
/kaggle/input/regspeech12/test/test_sylhet_0340.wav,রেলওয়া এখন রিটেন পরীক্ষা দিতাম প্যাটের ভিতরে তাহলে তো আর এক শান্তি এবং প্যাট দেখি বাইরেই যে এখন তুই লাগামি লাগে ওহোয়ান বাদে ই প্রথম বিস্তৃত ইতিথি গিতা সকালেও পরীক্ষা বিকালেও পরীক্ষা সকাল দশটা থেকে একটা আবার দুইটা থেকে পাতটা
/kaggle/input/regspeech12/test/test_narail_0051.wav,তোর বাবারা তোর কাকারে ডায় দিলাম তোর বাবা এক চক্রবার রহমানের জায়গা মাফিত তোর বাবা জানে যে সব জায়গা ওগে তোর বাবা আইসের লাথি রেখে লোকের কানাকাতে আর সময় নাই তারপর দেখানো কুটোয়াপতি এই সময় এক দেড়াত হারিয়ে উঠেছিলাম অনিমেষ করেছিলাম যে তারা তো কোন আদিন নাই
/kaggle/input/regspeech12/test/test_narail_0097.wav,ওরাটি শুনবা না না ম্যাভ মালে বাজে উদাহরণ্ত দেখা গেল পেলিং কোন তরুক অতাকায়
/kaggle/input/regspeech12/test/test_barishal_0059.wav,না আপনা হলেন বোঝেন আমি কিন্তু আমার দেহে নেইরুম বেলেটের দুই দ্বারে দান্না মোড় ঐরূম দুই দিক চলে না মোড় কাটবে ধনীদিন এমন দিন গেছে
/kaggle/input/regspeech12/test/test_barishal_0067.wav,এই একটা সময় মায়ুটি চা বানাইতিছে হেয়ে খাইয়ে ঘুমাইছি আর এই যে এখন লক্ষ্মী আনছি তবে সরসি পাশে থুইয়া পুজো দেওয়া লাগে অগোপায় এখন করে যুগের বউঘু পরে যদি দশটা সময় কই না যেন হ্যার্টু চা বানা ভাল লাগে না তাই এখন আর চা গেলে লাগবে না ভাত খাই ঘুম হও
/kaggle/input/regspeech12/test/test_narsingdi_0084.wav,এটা খুব খারাপ একটা জিনিস একটা পোস্ট করছিলাম ফেসবুকে যদিও খারাপ লাগে যে মানুষের অন্যান্য দিন নবন্ত্ব এটা হেডা জেডি হারাম মেন্ডি অনেকে ধরে আঁকি এডিলেয়া কত প্ল্যান থাকে ঈদলেয়া কোন প্ল্যান
/kaggle/input/regspeech12/test/test_habiganj_0085.wav,আমরা দুই বোন তিন ভাই আর একাকীতে হরে ডালের উপরে পড়ে আমার ভাই টেকনিক্যাল উপরে আমার বোন যেন গিয়া নাইনো যেন নেপটিক দিব না এবারে টেনে পড়ে
/kaggle/input/regspeech12/test/test_narsingdi_0046.wav,আর সবাই দেখি না আমার কথা মনে হচ্ছে আর ঠিক করে রাখা যাব কী রে
/kaggle/input/regspeech12/test/test_barishal_0053.wav,হেই এখন হলেন এখন আসল কথায়াহী সাড়ে সারিজারটা কি ঢুকেছি মাত্র সার সারিজারটা আমি তিন দিন খাচ্ছি তিন দিনই মনে করে আমি ভয় বদলার কাম করতে একলা
/kaggle/input/regspeech12/test/test_sylhet_0122.wav,না না দুই বাকু হাজার ধরে আঠারো আট টাকা নিয়ে যায় এগার বেছন বাড়ি করে
/kaggle/input/regspeech12/test/test_barishal_0086.wav,তিন মিনিট এক টন গত বছর হাইকে গান করছি বিশাল বাগান ডিম থেকে উপরে উঠলে নিচে যে থাকবে ওর পর অনেক কিছু ভালো মন্দ ডিফেন্ড করে ও ও এতে এত প্রুয়াল আমাকে লাইন ও একদিক টাকায় আশেপাশে থাকায় খোক
/kaggle/input/regspeech12/test/test_narsingdi_0126.wav,পরাগায়ন কাছে যাতে পারি না এ কি প্রেগন্যান্স তারা নাই প্রেগন্যান্স তারা থাকবে কেমন দিয়ে স্পেশালি ডিটে প্রেগন্যান্সের মশা নাড়ায় না এই যাওয়ার মধ্যে অনেক মোটা মেয়েটিকে আরে আসে গিয়ে যাই মোটা গাড়ি বুকিংয়ের ভেতরে যাই
/kaggle/input/regspeech12/test/test_rangpur_0113.wav,মেয়ের সামনে যে পপি আর পলি এই দুইটি মেয়ে তার কফি আর কলি পলি পলি পলি না পলি না পলি পলি
/kaggle/input/regspeech12/test/test_barishal_0046.wav,আমি মনে করি নিজেমেয় গাছের কাম করে মোড় একটু মুনতানা দিরিতে মেরুদণ্ড ফাঁক হয়ে যায় প্রত্যেক দিন মরা ওষুধ খাওয়া লাগে ব্যথার ব্যথা বাবার খাইয়া খাইয়া এত কষ্ট করিয়া সংসার করিয়া খাওয়া মুখেন্দামুখ ছক্কের মুখ একটু উন্নিশ বিশৈলে মনে করেন হে সময়ের
/kaggle/input/regspeech12/test/test_narail_0062.wav,কুকুর পাড়ের ওই পাড়ের বিটেক আগে ফেলো কীভাবে ওদের একটু বুগে ফেলো ব্যাগ বাগান ভরাক্ষণ তাই কাটিয়ে এলাই তোর বাবা মনে কবি লাগাল আলু লাগাল এই পুকুর রেই বাড়ে না ঐ বাড়ে
/kaggle/input/regspeech12/test/test_chittagong_0101.wav,আর ইংলিশে কাটিয়ে গেলাম এগুলা চাইব হ্যাঁ প্লাস্টু দূরতা খেয়াল নাই হ্যাঁ মাইনে সাহেবের বইতে কী তো আমি ভাবিলাম আহা তো আসিয়া যাইতেছি এত আর মনে হচ্ছে হয়তো ইমিসম্বন্ধে কোনো ভুল লিয়া দিয়াই
/kaggle/input/regspeech12/test/test_barishal_0056.wav,এরপরও হেদনগর একজন আর আবার একটা ঠামা কিনছে এক হাজার টা নিয়ে দিয়েছে অর আর মোট হয়রানি হইছে এক হাজার টার কুডে তার মূল লক্ষণ আছে এটা তো তুই বুঝি যে গরু কিনলে পারলাম না পারলে বেচতে দিলে মোটা টাকা দিয়ে নিতে হইবে জেনে সংসারী করলে কষ্টকর তৈবু উভয়ের একজন আর পাঠান্ডা দিয়ে ফেলে জীবনে ও সংসারের উন্নতিকে কিছু হয়ে দেওয়া লাগবে না
/kaggle/input/regspeech12/test/test_sylhet_0086.wav, কলেজের বই আচ্ছা কোন সাবজেক্ট পছন্দ বেশি আমার ইকোনমিক্স কেন পছন্দ
/kaggle/input/regspeech12/test/test_sylhet_0028.wav,সবাই এখন তাড়াতাড়ি পূজা করা হয় তাই অনেক টাকা এককভাবে তুমি সবাই টাকা দেয় তারপর পূজা করে নষ্ট আমি পূজা
/kaggle/input/regspeech12/test/test_sylhet_0201.wav,ঘুমায় দিলে মোহ যখন পড়তে ভালো লাগত না আমার আম্মার প্রাতিষ্ঠানিক বিজ্ঞান আর কিন্তু পড়ার পিছনে তাইনুর অবদান আছে তাইনু হইতে অক্ষুত করিল আরেকটু করিলাম আরেকটু করিলাম ই স্কুলটা কাজ করিলে আর হইতেম না পড়ার কথা
/kaggle/input/regspeech12/test/test_sylhet_0681.wav,কেমন যত্ত হইবারিত্ব না অন্তত আর বয়সও তেমন নাই এবং রাত্রিবাহী বিভিন্ন উপযুক্ততা তাহাই সুপরাপনাত্মক প্রকৃত সংসার করিয়া পড়ালে হবে না তাহারা মাপকের উপর তাই সংবাদ এবং সংবাদের মধ্যে ব্যাটালের দিকে অনুরোধ নিতে হবে না
/kaggle/input/regspeech12/test/test_habiganj_0045.wav,না গাছ লাগানি আমারও ভালোই লাগে গাছ লাগানির লিগে বোকা হাঁক খাইত না কিন্তু আমি দেখান গাছ তো আমার হাতে হই না কোনো গাছ হইতেই হয় না গাছ লাগাইলে ঐ ইটা ভালো হইলে হয় না কয়দিন দেখাতে একটু বড় পড়ুই আবার দারিয়া হইয়া যায় গা আমার হাতে গা তুক হয় না
/kaggle/input/regspeech12/test/test_narail_0026.wav,যে ছেলেমেলার খেলার মাঠ নেই আমার এই হেতন দান করিতে যাবে আর ঐ বেল গাছটা কয়েদার দেওগে বিটিয়ে সব পরিয়ানে ঐ নারকেল গাছটা তৈরি হইত আর হয় তোই মাঠে
/kaggle/input/regspeech12/test/test_barishal_0080.wav,তন্ময় সব জীবন হালদার
/kaggle/input/regspeech12/test/test_sylhet_0512.wav,কিন্তু বাসাটা কিন্তু সুন্দর আসলে এলাম প্রান্তে নিরাইত্রে আগে নিরাইত্রেই বাসার প্রার্থী ফেরত নয় মানিহুর্লভী বোধ্য কটা মৌরবা
/kaggle/input/regspeech12/test/test_sylhet_0063.wav,হাইট বিয়ায়ী গির্জিতে বর্তমানের একটু একটা হাতে সিনেমাকে বেয়াইতে লাইলা থাকে
/kaggle/input/regspeech12/test/test_narail_0042.wav,শুক্রবার্থ থেকে বাড়ির বাগানের ভিতরে অনি কোনো জমি খেল নেই ওকে ওকে শুনিতে লাম যে তো এই ব্রিটের সাথে বলে ওই বড় বড় এগিবিটের সাথে তোকে বলে পান একটু ফাঁকো হ্যাঁ অনি বললে তো জায়গা আছে নাকি ওই যেই বাগানের ভিতরে অনি জায়গার কাহিনী জানুক কী মানুষের জীবনে যাহি জান সোনা আমি ম্যাপ রেখে রেখে রেখেছে
/kaggle/input/regspeech12/test/test_tangail_0090.wav,এই ছবির শুরুতে দেখা যায় যে রানী মুখার্জি থাকে সে একটা কাল্পনিক শহরে থাকে সে ঐ যাতারেক প্রস্টিটিউটারটি কিন্তু ঐ শহরে একদিন রণবীর কাপুর আসে রণবীর কাপুরায় ঐ সিনেমায় যাওয়ার নাম থেকে রাজ
/kaggle/input/regspeech12/test/test_sylhet_0167.wav,মানে বম প্রেক্ষাগৃহে তোগা
/kaggle/input/regspeech12/test/test_kishoreganj_0198.wav,মানুষেরা বিদ্যমানের জন্য বিদ্যমানের জন্য বিদ্যমানের জন্য বিদ্যমানের জন্য বিদ্যমানের জন্য
/kaggle/input/regspeech12/test/test_rangpur_0086.wav,প্রথম রমজান শুক্রবার মাঝের রমজান আছে না এটাও হলে শুক্রবার এটা নিজেরা সম্বল কয়েক এসেজি প্রথম রমজান শুক্রবার হবে মাঝের রমজানটাও শুক্রবার হবে ষোল তারিখে না ষোল তারিখেও ওদিক শুক্রবার
/kaggle/input/regspeech12/test/test_sylhet_0135.wav,পেরানি তুরানি দেইন না আমরা তো পিলেট কেউ নাই প্রাপ্তির দুজন কেউ নাই গড়ের মাঝে খাতে কেমনেই জায়গা নাই তেমনি দেখতে দিকো গুড়া গুড়ি হয় না ওই গেলে দুর্বস্তরের ঈদের ঘরে গেলে বাড়ি যায়
/kaggle/input/regspeech12/test/test_rangpur_0108.wav,হাসটা নিয়ে যা দিস নে কয়দিন যে দেখল পাতা কুড়িল পাতা কুড়িলে নিয়ে যে ওকে যান
/kaggle/input/regspeech12/test/test_sylhet_0361.wav,কিছু আমার দুনিয়ার একটা বেহের আর ইনোর মাঝে যদি তুমি হেপিনেসটা রাখতে চাও এখানে স্টাইন দেওয়া না আর টিচিং প্রকেটক ছাড়া আর্টস লোক প্রকেটকের জন্যে গিয়া তুমি কামী তন্তার প্রকেককারও টাইম দিতে দেওয়ার তাজে ইদিকেও টাইম দেওয়া হিদিকেও
/kaggle/input/regspeech12/test/test_sylhet_0132.wav,পুরান না পুরান না পুরান না তুই না চেখা ঈদও দিব বনি তা করিস না আগের মায়ের খালে তো টিকও খাইলাম আগের মায়ের খালে আবার জিনো নেই দণ্ডার প্রাণে থাকতে দিলিয়া ঘৃণা দিয়া একটা দুই প্রো
/kaggle/input/regspeech12/test/test_rangpur_0087.wav,কেমন অফিস দেখেছিলেন এটা ভালো দেখেছেন না গল্প কুত্তুব করিম মোবাইলের রেকর্ড করিম সমস্যা হইবে একটা করিমের কি গল্প কুত্তুব কোনো আলাপ আলাপ আলাপ আলাপ নাগর্ম হয়
/kaggle/input/regspeech12/test/test_rangpur_0063.wav,হায়দে কম আল্লাহর কাছে আরও দানা করেছে হাত কি পড়বে কেমন আল্লাহ যদি ঈমান আমারে যদি মৃত্যু করায় এটি আল্লাহর লোকের ইত্যাদি
/kaggle/input/regspeech12/test/test_sylhet_0226.wav,পড়ার একটা টেনশন হবা নাই মানে আম্মা লগে নাই বাই বোন লগে নাই কেউ নাই নতুন এক জায়গা সব বিলাইয়া আমানে ফান্দি মনে মনে ফান্দি আরিবায় পড়ি আমার তো পড়ার বেজাল্ট বলা পড়া লাগব
/kaggle/input/regspeech12/test/test_sylhet_0714.wav,নিয়ে তাকাক্ষে বেরিয়ে খেলে মন বিদাবান্দা আছে গেস্টের দেওয়া আছে নাকি তারা
/kaggle/input/regspeech12/test/test_habiganj_0038.wav,আমার এক বোনে আসিল আমার বোন কী করত একান্ন গোত্তর পরিবারের দিকে ভালো করে রান্না করত পার্থ দিকে পরে সবাই প্রশংসা করত পরে দেখা যায়নি যে সকল ঝামেলায়া ফেরে এরপরে কি তা প্রায় একদিনের থেকে তরকারিতে বিছিবিছি ঝুল দিয়া রাখত যাতে বিছি মজানা লাগে
/kaggle/input/regspeech12/test/test_sylhet_0428.wav,প্রথম মানুষ ফিরিও ম্যাডাম বারোগ্রামের প্রেসো আয়েশার ভারী মানুষকে চিন্তা করবে না ম্যাডাম আমার মেয়ে রিয়েলিও পরাজয় করা শুরু করেছে দোয়া হওয়ার পরে আমরা না হলে তো আর বিষয় এখনো পারেশন হয়েছে রায় দিন নিয়ে এগার টাকা নেই কিন্তু রায় টেক্সটার সঙ্গে বিলাম নিলাম এখন তো বড়ো পারেশন ব্যক্তি
/kaggle/input/regspeech12/test/test_sandwip_0041.wav,হায় কাল গেল চমৎকার বাহিনীর রাইটি আর যে হলে বাতল জেনেও
/kaggle/input/regspeech12/test/test_sylhet_0566.wav,কিছু কিছু করা এমনাই পারে তোমার তথ্য মিলে গেল পুরোই রাতের আঁকাগুড়াই তো মেধার থার্ডিয়ার তো কোনো নন মেদের প্রত্যেক নাই
/kaggle/input/regspeech12/test/test_rangpur_0045.wav,কিন্তু দেবের পায় বাড়ি
/kaggle/input/regspeech12/test/test_sylhet_0579.wav,কয়েক মাস তো কোনই আছে না কোন একটা বিরক্ত হয়
/kaggle/input/regspeech12/test/test_rangpur_0032.wav,কেমন করিয়া আমরা গোস্তুর আর আটা এক্ষাই করে
/kaggle/input/regspeech12/test/test_sylhet_0458.wav,এখন বুঝতে নেই তাই মা ছুটি এরপরে আর মাকুম
/kaggle/input/regspeech12/test/test_rangpur_0106.wav,তাহলে ওই বক্কর বাদে সবাই একে
/kaggle/input/regspeech12/test/test_narail_0070.wav,প্রেজের জমি ও জমি থাওরির মেলা জমি এর ঠাওরি ও জমি ও জমিও তো ঠাওরি খাইয়ে দিতে পারবে না
/kaggle/input/regspeech12/test/test_kishoreganj_0114.wav,আবার যে পতঙ্গ প্রয়োগের পানি দিল ফাঁকির এক এলাকা ঈগল ফাঁকির এক এলাকা ইগল কীটপতঙ্গ এক এলাকা ফাঁকি কীটপতঙ্গ এক এলাকা খোরগুজ থেকে একাকালা বাঘে খোরগুজ থেকে একাকালা সাহায্য একাকালা ঈগল সাহায্য চাহিদ
/kaggle/input/regspeech12/test/test_narail_0081.wav,কেন এত শুদ্ধ হয়ে গেল হঠাৎ খেলে
/kaggle/input/regspeech12/test/test_sylhet_0078.wav,তুমি কি তো জানো কোথায় পরিস্থিতির লিখেছিলে আমার ছোটকাল থেকে আমার ফুলিস্টের ডাক্তার মাসেই ভালো লাগে তাই হইতে পারব আসলে দেখতে হলেই লাগে না একটা ভাব আছে ডিফেন্সের
/kaggle/input/regspeech12/test/test_sylhet_0388.wav,এমনিতে গিয়ে আমি অনেক দুটা গেট আছি না নেই এমনিতে গুরুত্ব আমার মতো যাবার আস্থা আমাকে দিয়েছিলাম কিন্তু আমি কৃতজ্ঞ করলাম না আর কৃতজ্ঞের কবিতা পারোনি
/kaggle/input/regspeech12/test/test_sylhet_0310.wav,এত কোনো ক্রিকেট আরেকটা লাগত না বিয়া আমরা প্রব্যবস্থা আমরা করব আপনারা টেলিটকেন্ডে আপনার আকালী যাইবা ভাইবা কাভিন্যুই দিব ও বিয়া
/kaggle/input/regspeech12/test/test_sylhet_0585.wav,এখানে রাজা আমি দেখছি যারা নাইন্টাইন পর্যন্ত এক রোগ বৃষ্টি গাফেল থাকে বা এগুলো মানে পড়ালেখা দূর দূর থাকে এরা যেসময় একটা টাইম মিডিয়া একটা ধাক্কা খায় বা বুথে এরা ঠিকই থাকে হত্যাকাণ্ডেরা হট্টগাটায় ভুইরা দাঁড়াইতে হয় খুবই খুব উচ্জ স্যারের তার কয়েকজন সাহায্যের খেলা
/kaggle/input/regspeech12/test/test_sylhet_0401.wav,কীভাবে মারা গেছে তোরা
/kaggle/input/regspeech12/test/test_sylhet_0209.wav,আমিও মনে মনে ভাবিয়া লিখে গুলি এসেছি কাজ করির লিখে পড়াশোনা কি নাই থাকত না আর একটা নতুন লাইভ শুরু হইব দুই হাজারের আগের হুতা হইলাম আমি তখন দুই হাজার খালা ক্লাস নাইয়ো করি
/kaggle/input/regspeech12/test/test_narsingdi_0071.wav,স্কুল হয়ে থাকত স্কুল এখন মানে বাড়তিতে গিয়ে ঠিচারাজার দাও না মোবাইল ব্যাপ করো এরাও যাও ফেরা যাও তাহলে মানে লাইটি দেখতে মোবাইল ব্যাপ করলে যদি আমার টেকনিকে লাইন পুরো কলেজ লাইট এবং পার্টি নাও আল্লাহ তার ল্যাফারা কেমন চলে রে
/kaggle/input/regspeech12/test/test_sylhet_0228.wav,বড়ঘরের বাদে একজনের চিকাকিতা বা রাস্তায় ঘুরে বড় ঘরেরাই দেখি তোমরা এখনো প্ল্যান আছিনি হওয়াবাক বৈন বিয়াদিমু গেইটুট বান্দা লাগব রাস্তা বোরো না হইলে গেটবান মুখিলা হবায় জামাই হইব গাহিয়াইব তাইব তাইব তার মানে আমি দড়ি দেখি যে তারা দিলাইব রে ভিয়া অলরেডি
/kaggle/input/regspeech12/test/test_chittagong_0125.wav,অ্যান্ড যোগ্য ফ্যামিলি ফর্গি তিনজন মা মেয়ে প্রবাহ তিনার জন্য মিলিয়ে রান্ডার ফুফিয়ে উদ্দেশ্যের জন্য নেই
/kaggle/input/regspeech12/test/test_sylhet_0730.wav,বাকি নাম বাজে তুমি দেখলে খুব খাইতে পারো বাক কোথাও যেছে
/kaggle/input/regspeech12/test/test_narail_0024.wav,তামলি আছে তামলির মা তামলির বাবা ওই তপন একটা বিষ খাইয়েছে মরিতে কুন্ডা
/kaggle/input/regspeech12/test/test_chittagong_0074.wav,কিন্তু লেগু কিন্তু সাকারিতা ব্যবসা করিতে কেন বেছে নেওয়া যাইবে না আর আর দুনজনে নাইনি আর আর দুনজনে বিদেশিতা সমাজের ভূতে আসবে কেন আরা বলে হতাশ হয় সাইয়ু মায়াকে
/kaggle/input/regspeech12/test/test_tangail_0055.wav,মানে আমার মনে হয় যে আমার জীবনটাই একটা বিদায় দেওয়ার একটা
/kaggle/input/regspeech12/test/test_sylhet_0674.wav,তাহলে কথা ব্যান্ডার কোথাটা এখন যাবে আন্টি হবে
/kaggle/input/regspeech12/test/test_sylhet_0609.wav,কিছু দেখি দেখি দেখি কিছু কিছু কিছু কহিলাম কি হইল যে এটা করিয়া দেখি তাহার লোভে কিতাবলের ঝামেলা হইয়া কোথায় গেল আমি বাধা দিলাম জিয়া খোকা দাদা কহিল মনে ইজার ঝাম্পিন দক্ষতা হচ্ছে আজ বিদ্ধি হল
/kaggle/input/regspeech12/test/test_sandwip_0053.wav,মাথার বাড়িতে গিয়ে বুড়ি আঙুল দিয়ে যাইতে যেন জয়ী আসেন তাই দেড়েও বললেও একেরেক কোদাল কোদাল অভিজ্ঞাতী বলে বলা
/kaggle/input/regspeech12/test/test_sandwip_0119.wav,আর কপালে একাকারে তাই লিয়ামুল্লাহ সুন্দর আর নায়ক লাখ লাখ সুন্দর হলেন তাহিদের হাত তাই দেখি নাও
/kaggle/input/regspeech12/test/test_sylhet_0449.wav,দেখে তো বাজারও দূরেও যার হার বাজার আমি বলি না আমিও তো গ্যালার্জি দেখতে নামি না কেটে হয়েছে কাটাও উল্ল বাজারার ক্লিয়ামাত্র আর বীচি প্রাণ আমি বাজানি
/kaggle/input/regspeech12/test/test_tangail_0111.wav,তা আমার যেটা মনে হইতেছে যে এটা একটা চক্র ঘুরে বুঝতে পারছিস না আমি আবার আরেকটা কথা শুনলাম ঐখানে নাকি ওরা বিল্ডিং করতে চাইছিল বঙ্গবাজার সরায়া হ্যাঁ এটা সিটি করপোরেশনের কিছু একটা বলতো এটা হলো ওরা বিল্ডিং করে বড় মার্কেট বানাইতেছে কিন্তু এতে ব্যবসায়ীদের অনেক সমস্যা হইত
/kaggle/input/regspeech12/test/test_sylhet_0267.wav,এটা দুই হাজার চারের পাঁচের শুরু বলা অবস্থা সবজির দিন আমার ভাই ফোন দিচ্ছেন দোকান থেকে আমরা বাড়ির খবর পেতে যে ওলা আমারে লইয়া যাইতাম কিন্তু কে যে আমারে লইয়া হইত বারার টাকা নাই সে আইটোলগে ইতিহাস করতে করতে আমার প্রথম ক্লাসের দিন আমি আয় দিন আমি সারা দিন কানছি
/kaggle/input/regspeech12/test/test_narsingdi_0127.wav,বৈন্দ প্রাইভেট করার অভাবে শান্তি পাওয়া যায় না যে মশা প্রাইভেট করা করে তারা মশালেই তো হ হ হ মশার সাথে বারো এক আইলা জাদু কইরা পড়লাম যাকাল আছি না কি না লাগে না মঠায়ও ইহাতে গাড়িতে টুকর দেয় ভূত বড়লোকেই মশা
/kaggle/input/regspeech12/test/test_sylhet_0694.wav,দাদু মানুষ মানতে পারবে না তাই নিজেকে টাইম দিতে পারবে না দাদু তো ভালো মাত্র আমরা শুধু আগের দিন নিয়ম কোণে আগে ছিলাম
/kaggle/input/regspeech12/test/test_sylhet_0229.wav,আরও করতাম তাদের মক্কা পিক্ষিত ফ্যামিলি থেকে পড়াইব নিয়া বিয়াউই গেল পড়া বন্ধ হইত না মেয়ে পড়তে চাইলে পড়াইব তারা
/kaggle/input/regspeech12/test/test_sylhet_0630.wav,যে পিকনিক্যাল প্রায় দিন আগে আমি তখন এর পিকনিক্যাল দেখি না আমি তাই দিতাম কর্মস্ত পিকনিক্যাল বাড়ি আছি কোন এই দেশে ইবার আর যাচ্ছেন আজ আরও সুন্দর হইতে
/kaggle/input/regspeech12/test/test_kishoreganj_0089.wav,হ্যাঁ আমি কি কর রাত নিয়ে না স্বপ্ন ও মানজিবি নেয় রব পাকিস্তান
/kaggle/input/regspeech12/test/test_sandwip_0021.wav,নাতি মেরে দিয়েছি দেখে না আজ ডেমাই তুমি ভ্রমণ হলে মনে ঠাওর হয়নি হুদু জলাচ্ছে যা উঠি যাক
/kaggle/input/regspeech12/test/test_sylhet_0060.wav,এখন তো আমরা দেব না
/kaggle/input/regspeech12/test/test_sylhet_0141.wav,হানারায় যে পরিবার নিয়ে খেলে দিলে হানারাই যে না খায়
/kaggle/input/regspeech12/test/test_narsingdi_0120.wav,না হেই গান্ধাই থাকার পাত্রে ফিলে ফিলে যাবুরে কাবুরে নয় যাবুরে খালা লাল রেশিসবার কফি দেখা হয় ভিত্তি কফি এটা আমার দোষ নয় বা কফির দর্নেমাল নাম মায়ে তো বাজানো বাজানো
/kaggle/input/regspeech12/test/test_kishoreganj_0049.wav,মুঠোর আমি ছাড়ি না বিয়া বাঘা নামে কাজে দামের কাজ বেজা ছাড়ি দিও আমারে ছাড়ি তো না
/kaggle/input/regspeech12/test/test_habiganj_0084.wav,আরেকটা তারার লেগে তিন মেয়ে তোতানেরা একটি নোয়াপুরুর বিয়ে গিটিয়া আর তিনবাই একজনে পড়ালে আবরণ আর দুইজন একজনে ছাত্রাবরণ আরেকজনে ব্যবসার অনুরোধ
/kaggle/input/regspeech12/test/test_narsingdi_0056.wav,টেনিস লাগে মাত্র অর্থাৎ টেনিস লেগে গিয়ে ব্যাডমিন্টনের প্রাইস লেগেছি সেটি হ্যাঁ হুম ব্যাডমিন্টন খেলে দুটি চার পর্যন্ত কাকাইলে তো হ্যাঁ মুসলে না খেলা না রিগ্লেস করে তুমি তো আমার চাকরি খেয়ালে এসেছ
/kaggle/input/regspeech12/test/test_sylhet_0353.wav,সে তোমারে আমরা পাঠাইনি তো ওই সময় একটা প্রমোশন হইছে ম্যাডাম সিডিওর ম্যাডাম একজন প্রমোশন হইছে এমপির গুরুত্ব পাকা হইছে আজ তেমনে তেমনে ওদিনও আমি দেখছি আবার দিদি যাওয়ার লগা লগি দিকে ম্যাডামের প্রমোশনে দেখি দিকে আমার গোষ্ঠী হয়ে গেছে আমার কোনো করতা দিয়েও লাগতে না কোনো টাকা পয়সা লাগছে না মানে
/kaggle/input/regspeech12/test/test_narsingdi_0024.wav,তাহলে অন্য আরেকজনের ডানবে এমনিতে চলবে একটা ভালো টিম বানাইতে হইলে তো সবাইরে যাচাই বাছাই করে দেখা লাগে কে কেমন কোন জায়গায় ভালো খেলতে আসতে আর সবচেয়ে বড় সমস্যা হল আমার দেশের সিলেক্টর গুলা ওরা যদি ভালো প্লেয়ার
/kaggle/input/regspeech12/test/test_sylhet_0530.wav,ড্রিমল্যান্ডার যে স্কাই ট্রেন আছেন
/kaggle/input/regspeech12/test/test_narsingdi_0098.wav,কুপির খানার লেগে হয়েছে কুপি কি দিব এবার না দিছে দেখ বাগে ভাই তবে কেবল দেখুন চারটি মাদ্রাসারে
/kaggle/input/regspeech12/test/test_tangail_0108.wav,কী জানি সকালের দিকে ছয়টার দিকে আগুন লাগছে এখানে তো এটা ভাগ্য ভালো যে হচ্ছে মানুষ কোনো মানুষ মারা যায়নি আমি তো একটি একটা ছেলে হইল দোকানে নাকি কাজ করতো কর্মচারী ছিল
/kaggle/input/regspeech12/test/test_sylhet_0552.wav,আর তারাও রাখুন তারা কি চাই
/kaggle/input/regspeech12/test/test_sylhet_0554.wav,কিন্তু দেইন ও তার হিট আর কি হয়ে দিন খালি অধিকার রিডিং প্যাসেজার বাংলা মিনিমাল বলে দিন তাই আমার ইউটিউব
/kaggle/input/regspeech12/test/test_habiganj_0029.wav,চালাইয়া আমরা দুধ জ্বালাইয়া পবিত্রতার লাগিয়া বুক জ্বালাইয়া আমরা উগ্রাহির
/kaggle/input/regspeech12/test/test_sylhet_0709.wav,দাদু বৈথানা নিতে আমরা বুঝলাম না রান্নাবান্না কিন্তু আমরা একটুকুই দিলাই ব্যারেজ প্রাপ্তের আবার
/kaggle/input/regspeech12/test/test_sylhet_0315.wav,আরিয়া সাজাই নিশ্চয়ই তো সাজাই ও যে বিয়া এরপরে বিনয় কী হচ্ছে মাহে পরের দিন একটা নভেম্বর মাঝাতি
/kaggle/input/regspeech12/test/test_sylhet_0057.wav,এটা না ক্ষয়ক হইতে চাইলে মানে এটা ছাড়া বিষয়টা ছাড়া করিতে পারবেন তারপর রান্না রান্না বড় বৈনাকার্তা বড় বৈনাকার্ত রান্না লাগে বাবার অনেকটা ইরাব হাদিতন মাছের না বাবার ইতিহাস নাই বাবার কাছে রান্নার স্যার অনেকটা মর্তা রান্না করতে পারত না বাচ্চার বাড়ানোর অঙ্গীরের জন্য
/kaggle/input/regspeech12/test/test_sylhet_0111.wav,আম বাপ দাদি করে একলা আসল তো ভাইস্টেন্ট নেতার আগে আম বাপ যেন প্রতীক্ষাও মারা গেছে আমার দাদি দাদা পাস্ট শুরু থাকতেই মারা গেছে আর আপনারা পৈতৃক ভাইসেন্টের প্রাচীন মানুষ কে
/kaggle/input/regspeech12/test/test_sylhet_0152.wav,আপনার সাল্লাহ চিন্তা করবে
/kaggle/input/regspeech12/test/test_rangpur_0077.wav,যাওয়ার বাড়িতে হিলাম কোনো জেটা আমি চাই চেপনাগে দেহ পেশে রস করে রস করি পড়িয়া ইয়াহি
/kaggle/input/regspeech12/test/test_narail_0174.wav,হ্যাঁ একটা আগে বুঝতে পারি নাই আমরা যাই এত আদায়ে যাই
/kaggle/input/regspeech12/test/test_sylhet_0532.wav,দেড় বছরের সেতুইতে এই বিয়ে পাঁচটি আর থেকে নিয়ে আর এক লাগে বলে তারা এলা তেগে নিয়ে আরও থার্ড পেয়েছি
/kaggle/input/regspeech12/test/test_narail_0005.wav,উনি কোত্থেকে ছেলের জমি পিলের ছেলের জমি কি ঐভাবে পিলের সাথে তার মুখে প্রযুক্তি কিনা যেন তবে রাজি হয়েছে না তো জানি নাকি তবে ঘরের খবর লক্ষিয়ে দিতাম
/kaggle/input/regspeech12/test/test_sandwip_0001.wav,ভাইয়ে প্রশ্রমাসার ভূমিকা জানাই স্ব স্ব স্ব স্ব স্ব স্ব স্ব স্ব স্ব স্ব স্ব স্ব স্ব স্ব স্ব স্ব স্ব স্ব স্ব স্বার্থের জন্যে বাইরে প্রশ্রমাসার ভূমিকা জানাইল স্ব স্ব স্বাসার সাথে জানাইলীয় আইডিয়া গুরুগুর
/kaggle/input/regspeech12/test/test_kishoreganj_0175.wav,সাঁকুনি দিয়ে সাঁকুনির দেশ থেকে পানি পরীক্ষা করা হলেও সাঁকুনি দিয়ে পানি পরীক্ষা করা হয়েছে পরিণাম কি
/kaggle/input/regspeech12/test/test_narail_0089.wav,না আমি একটা কথা বলি জন্জল এবার তোরে বলেন বোলক কান্তা করিকে সেটা আমি মানলাম তুই যে কান্তারে একটাবার বলতে পারিস না যে আমার সাথে তোর কী সম্পর্ক সেটা তুই তো কান্তাকে বুঝাতে পারিস
/kaggle/input/regspeech12/test/test_sylhet_0275.wav,তাই মনে হইলে প্রাইভেট করা আমি বললাম কোন জায়গা তাই জায়গার কথা হইলে পরে আমি বললাম ডোরানলাম ফারমুলি বাহিনী তাই নিজেই আমারে নিয়া টিউশনির বাসা পরিচয় করাইয়া দিয়া টিউশনি দিচ্ছেন প্রথম টিউশনি দুর্গোষ্ঠী টিউশনি দেড় হাজার টিপাতিত
/kaggle/input/regspeech12/test/test_narail_0027.wav,ওই মাঠ ওর বাবার নিয়ে আর অন্যিত মেলামেলা করে যাক আর বাবার কাঠের টাকা দিয়ে কিনে প্রায় অনেক গুণ করে ওর বাবা নিয়ে গেল বাবা দান করে দিলে তার চালানি থাকছে তাহলে আমার কাঠের বাসাতে আমি কি নিয়ে তোমাকে দিচ্ছি
/kaggle/input/regspeech12/test/test_sylhet_0434.wav,মানে মানে কী রকম খুঁজিয়েছিলেন আমার মনে হয়েছে কিছু মনে মনে মনে কিছু মনে আমি মনে মনে কাজ করি না কাজ আমি ক্ষমা করি না মানে কোথায় পারতা কী রকম খুঁজিয়েছি মনের ভিতরে আমার বুঝতে পারব না এখন তোমার কিছু হইল ইকেটাটার দোয়ায় না না নামাজিক ভূমিকার বাবা
/kaggle/input/regspeech12/test/test_sandwip_0011.wav,তারিয়া না সোনালা রিলার্ন দরকার ইন্ডিয়ান্ড পাইয়ে পড়া গো একদিন একটু বিদ্যে আয় একদম ভিড়া ধ্বংস তিনি এই ধারণা আনার কী অবস্থা
/kaggle/input/regspeech12/test/test_sylhet_0323.wav,মাঝামাঝি টাইমে তোমার এমপিও হওয়ার পরে তখন কলেজে মানে কলেজ নিয়া ব্যস্ত ছাত্র করায় মোটামুটি ভালো ইনকাম করোয় সারাদিন বেশ কিছু কিন্তু আমি আবার বাদে হইলাম তুমি এটা কি তার চাকরি করো আর এই সারাদিন চাকরু হইয়া পড়া তুমি তো আমার লেগে ইচ্ছা করলে করতাই পারো চাকরি ভালো চাকরির লেগে পড়তে পারো এটা একটু গুটাইয়া তুমি আমার লেগে পড়াতে পারো
/kaggle/input/regspeech12/test/test_narail_0137.wav,ডেস্ক করব আগে জায়ের দেশের পয়েন্ট ভালো হয় তালি ভালো কোনো দেশের খোঁজে ওই উত্তাম জামাইবাবুও বলেছে যে দাদারে কোন একটা দেশে পাঠাই দেবে সেটা বলছে উত্তাম জামাইবাবুর ভাইয়েরা তো দাদারা দুইজনে পাঠাই দেবে
/kaggle/input/regspeech12/test/test_rangpur_0090.wav,মাছ মাছ মাছ আওয়ালা ভালোই হিরেছে কী মাছ ভালো কী মাছ
/kaggle/input/regspeech12/test/test_sylhet_0412.wav,সব বই নিয়ে থাকা জায়গাতেও লয়েছিল ও আজ ঐ থেকে সব এখানেও গেছিলাম দাওয়াত দিয়ে নিসিলা বাড়ি তাইরে লইয়াইছি এমনকো তাইরে নিয়ে আমি জানি কি আমার গোসলাম লাগে না মায়ের দিকে প্রশ্ন করে দেখিয়া যাওয়া নিজের পক্ষ থেকেই নাম পৈতৃকী আমারও অতাহিনীর সমস্যা করে
/kaggle/input/regspeech12/test/test_comilla_0006.wav,রিয়ার্সাল থাকে ষোল ডিসেম্বরে যে অনুষ্ঠান হবে ঐখানে যে পারফরম্যান্স করবে ওগুলোর ওপরে ওদের রিয়ার্সাল থাকে ঐখানে আবার দশ পনের মিনিটের মতো রিয়ার্সাল করে নাচেন স্কুলের ভিতরেই আলাদা একটা রোম আছে ওই রুমে করে তাই রুমি প্রথমে রুম থেকে বের হয়ে আবার ওদের স্কুলের মাঠের মধ্যে একটা দুলনা আছে
/kaggle/input/regspeech12/test/test_sylhet_0752.wav,কেন গোপাল টিলার করোই না তো আমরা দিয়া দিয়াই ভাই যদি আমরা মনোরকাল তো যদি আমরা লাহানন্দি তাতে এটা মনে হলো আয়োজিত যেটা তখন আমি নিয়ম ব্যক্তিত্বের অন্যান্য রাজধানী কোনো কিছু ভাবিব নাই তো তো কাজ রাস্তায় লাভ নাই
/kaggle/input/regspeech12/test/test_narail_0082.wav,হ্যাঁ হ্যাঁ খবর কি তোমার দায়িত্ব আমার খবর ওই বাবুরি ডাক্তার দেখাতে গিয়ে আমি আর ডাক্তার একটা দেখাতে পাচ্ছি না মানে দেখাইছি ওষুধ নিয়ে আইসি
/kaggle/input/regspeech12/test/test_narsingdi_0096.wav,বাচ্চাকারীদের তার এই পৃথিবীতে একটা গান রিয়া ইউটিউব চ্যানেলটা ও আমরা সিয়ার্জের তাত্নী ভিড় করিতেছিলে পুকুমেলন দেহে মাঝামাঝি ভালোই লাগে অপু তাহলে মন থেকে এখানে দুগ্ধ পক্ষ খুশু
/kaggle/input/regspeech12/test/test_narsingdi_0062.wav,তোমার সাতাশ টাকায় পারাস না আমি অল রাউন্ডার তালি আমি কবে পারি ফার্স বালা ফার্স না আমি জেনিফারি হেজামে চমৎকার ভাবে নেলে আপনা চমৎকার ভাবে ভাবে বলা না অবশ্যই
/kaggle/input/regspeech12/test/test_sylhet_0658.wav,পার্থক্য পয়েন্ট কিন্তু আপনার ফিলান লাগে পার্থক্য পয়েন মানে একটা পরিবর্তন প্রক্ষ দেখাইন
/kaggle/input/regspeech12/test/test_sylhet_0684.wav,বাফুল বাড়ি দাইন টাইন নি মানে কোন কোন সময় দায়েন তিনি স্কুল বন্ধ হইলে গত সপ্তাহের মধ্যে ডিসেম্বরে গিয়াছিলাম তার আগে বিকাশিত ছিল আমরা পূর্বে আতঙ্ষণ হইয়াছি কিন্তু বাকি জানতে লাগে যেদিন বন্দর গোসলেনের বাকুর বাড়ি আছে
/kaggle/input/regspeech12/test/test_noakhali_0016.wav,রুমা তিনটু টাকা আছো এখানে আরও এক টুপির টাকা হাইব এইখানেই তার দুয়ারের বাড়ি দিয়ে গেছে
/kaggle/input/regspeech12/test/test_narail_0147.wav,আগে জানি কর্তৃপক্ষ নয় কর্তৃপক্ষ এখন জানিটা নিষেধ করতে যাবে তার মানে বোঝা যাচ্ছে ডাক্তার দেখানোর পরে একটি মনে হয় একটি অ্যাক্টুরেন্টমেন্ট হয়েছে
/kaggle/input/regspeech12/test/test_habiganj_0068.wav,তাদের হাসি আসে তারপর মুহাম্মদ সুতারা আসে তারপর পাইয়া জাতি হন প্রায় সাত আটটা হয়ে গেছে সূত্রের হাসি আসে তারপর ওই আরেকটাতে পিতা বদরুন্নের সাথে
/kaggle/input/regspeech12/test/test_sylhet_0145.wav,শোনা যাব না
/kaggle/input/regspeech12/test/test_sylhet_0526.wav,ট্রেনের ভিতরে আছে তখন অন্য কয়েকটি আম্মায়ার হোসেন না জো এয়ারপোর্টের ভিতরে গিয়া চিকিৎসা বোর্ডিং পাস নেওয়ার পরে আরও হতে সময় লেখ করা লাগে শোনা গিয়া হবে অন্য আরো বালা তালাহাতা ঠিক আছে
/kaggle/input/regspeech12/test/test_chittagong_0020.wav,চৈত্রিত পলাহ কেন চলে হাত আল্লাহ নহুন সারেকুল যৌকুল হলে কিছুই নাই এই যার পয়েন্ট হওয়া মিছিল অনুমিকে নামটা মুয়ারির টেনশনে তাসি সরি অধানা আর এক কেতরি
/kaggle/input/regspeech12/test/test_sylhet_0264.wav,আরও আপাতত ই বুদ্ধি বানান মাদকে তারপরে তো বার্তিটি পরীক্ষা দিলাম অ্যাডমিসেন্টেস্ট দিয়া টিকিয়া ভালোও প্রথম দিকেও রয়েছি মেরিক্লিস্ট থাকায় তখন
/kaggle/input/regspeech12/test/test_sylhet_0377.wav,আমার দেবর দুইটা হেল্প করছে আমারে হেল্প করছে বলতে বাচ্চাগুলো যখন ছোট আছে এটা তোমার লগে আছে আমি কাজের মানুষ রাখলেও মানসিকভাবে শান্তি থাকতাম যেন বাচ্চার দ্বারা আছে
/kaggle/input/regspeech12/test/test_kishoreganj_0066.wav,ওকে সে আউটের ন্যায় কেবারিয়া যা
/kaggle/input/regspeech12/test/test_tangail_0101.wav,খুব পুরাই মোশ হেনালি করে দিব শিউর লাইন হয়েছে মানে হিন্দিতে হেতেহে মিল যায়ে তুমি তোমারই মুহাব্বত তো মানল ক্ষুধা তুম্পার মেহেরবান হবে অরাগার না মিলে তো জানল কি ক্ষুধা তুমিতে এক জান হবে
/kaggle/input/regspeech12/test/test_narail_0067.wav,সরকারি তার চিঠিতে তাই গমিত ছিল দুই যুব দিনের অর্থ আজ নাকি মিনিটে তাল গাছ নাকি এই ধার বন্ধুর যে কাটা টাকা দেয়াল পেলে কি হলে তার যে এতটা বেশি যেতে পেল তার এই ধারে গাছ নিয়ে গিয়ে ডায়ালিসি করুন
/kaggle/input/regspeech12/test/test_narail_0173.wav,সাহা রোদ্দারি সারা দিন কাজ করতে চায় যান পায়ে আর আমি ওদের দিকে
/kaggle/input/regspeech12/test/test_rangpur_0015.wav,তাকে কর্ণ গো না করলে তো না শুনলে তো মনটা খারাপ হয়ে যায় গো এরপর তুমি ফেনীদানকে ধরিয়াছিস কিদের ন্যায়
/kaggle/input/regspeech12/test/test_kishoreganj_0190.wav,বোতানের বোতানের বোতানের বোতানের বোতানের
/kaggle/input/regspeech12/test/test_noakhali_0003.wav,ওই দিদি কি কি নেই মুহাম্মাদি
/kaggle/input/regspeech12/test/test_chittagong_0139.wav,নাপদা এত বছর বিয়ে দায়েন যখন তাহারা হালি ইত্যি নিজ নজর দূরে ক্যাঙ্গুলি ফেটাইতে মারি খালি দেয়ার লেবুলের সুমন ভাইয়ের মতো কল দিয়ে হবে সুমন ভাইয়ে আছেন অন্যায় যেতে মনে হয় যে না তবে হয়তো তুতুন যেতে মনে হয় তাহলে তুই যাস না কেউ নেই বিদায়ের লেবুলি আঁকা অর্ণ গুলি তারার মধ্যে হতা হইল
/kaggle/input/regspeech12/test/test_narsingdi_0079.wav,আইশলা বারেকের করোনায় পিএসসি মোলা মেরা দুষ্টি করে হুম শোন আমার একটি সিল্ক পরীক্ষার জন্য আমার অনেক টাকা সালামিন আছে কিন্তু লাস্টে আমি ফাইসি কি জানাস দুশো টাকা দামের একটা ব্যাডমিন্টন কিসের মারে গুয়েছিলাম মা আমার এই টাকাতে একটা ব্যাডমিন্টন কিনে দিলাম
/kaggle/input/regspeech12/test/test_kishoreganj_0043.wav,পাফ ডেলামের কামলা পাফ টানের কামড়ায় বেশি ফলাইতে ছবি তুলার লিগে
/kaggle/input/regspeech12/test/test_sylhet_0492.wav,ারাত আলী করে উপারাচ্ছন্ন করবেন না কোন অনেক লেট এসে পারে নারীন থান্ডি যাওয়া রাখছে মেডাম রোজা রাখিয়া আজান করতে একদিকে কিন্তু ইফতার করতেন না একটু পানি ভাইয়া কিন্তু কিভাবে দিয়া মারার দেহ বাড়াইত না পড়ার কিন্তু আমার ভালো লেখা গেছেন অন্য সিনেটরের অন্য ডাক্তার হলে বললে অনেক পেশেন্টা হোক আমরা ইস্কার বলি
/kaggle/input/regspeech12/test/test_habiganj_0031.wav,আমার পড়ু যে সেলফ নাই সেলফ ছাড়া ওর সেলফ থাকলেও কি তার সেলফের মাঝে যদি আমার পেঁপে আইস রুশন রাখিয়ে হাই যে এইটা জুটা তালবাসন রাখি তাইলে কিন্তু আমরা পড়ুরা হন নিয়ম না পড়ু উঠায় একটা পবিত্র জায়গাত রাঙ্গ লাগে আমি কি তাহল জানালে তাই যে কোন মতে রাখতেই পাই
/kaggle/input/regspeech12/test/test_sylhet_0525.wav,গানেই তো বারবার যেতে জানা হচ্ছে মজার কথা পাঁচটা ইমপ্লেনের জানি আমরা তো একটু এক্সাইটেড মেনে কিন্তু এমন পেশার হচ্ছে যার পর চাইতে সময় আমি লুকিয়ে ওঠি সাম্মারে যাওয়াতে অনাম নিজেও আছে দিচ্ছেন বাহিরে
/kaggle/input/regspeech12/test/test_narail_0092.wav,নিজের কাছে শুনতে দেবে দোষ কিছু তাহলে ফিরোজকে নিয়োর কাছে তার উপরের কাছে শুনলে আমার মন খারাপ হয় নিজেই মাতব বড়ার পিছনে একটা আলাদা ভাব আছে তাই না নীল
/kaggle/input/regspeech12/test/test_sandwip_0092.wav,কে কোনো কর্মীয় ভাই এলাকার মাধ্যমে দরকার কে আমি কোনো করি না আমার কোনো নিয়ে তুমি একজন অনেক বুদ্ধি
/kaggle/input/regspeech12/test/test_barishal_0044.wav,হেইয়াতে মনে করেন চেয়ারম্যানের বাড়িতে দিচ্ছের গেছে পরিষদের চরিত্র গেছে আর বাপের বাড়িতে এই ঠ্যানটা না দিয়া হেদিদ্য অধিক গেছে মহিন্দ্র মনে গেছে হেন চেয়ারম্যানে মরে মনে করেন দিয়ে নিচ্ছে পরিষদে আমরা কী মনে করছেন ওজেন হেদা হাইরং কিছু বোধে না বিশ্ব শয়তান
/kaggle/input/regspeech12/test/test_sylhet_0569.wav,তিনি মানুষ নামের জন্য তিনি দাদু চৈলের মানে কি তাও স্কুল হচ্ছে না আর কোন অপারেশন রাখে না না হ্যাঁ ও স্কুলের জাতীয় কিছু জানে নেই খালিও মাথায় ঘুরে দেন ডাক্তারের হোসেন মাথায় ঘুরে নিবে একটা আলো মাথায় ঘুরে ঘুরে পুড়ি দিতেছেন
/kaggle/input/regspeech12/test/test_barishal_0031.wav,কেপালি ফুলের পাতা চিংড়া পাতা রইল মেয়েকে ভালো করে দিয়ে যে টুকরো তো কী দেখাইতেছে না লাগলে তুমিই দিবে তাকে তিনি মিস রিয়ান্সের ফ্যান তিনশো টাইম জিনিউল মিস্টার ইন্ডিয়ান
/kaggle/input/regspeech12/test/test_sylhet_0012.wav,চাকুরে কুচা হবাইছে চাকুরে তো বিদায়ী বিদায় মনের মন্ত্রণালয় তো আছে তাড়াতাড়া কুচার চেয়ে শুইল পড়ে তারপর অঞ্জলি দেওয়াইব অঞ্জলি দেওয়াইলে
/kaggle/input/regspeech12/test/test_kishoreganj_0103.wav,থান ইয়াও বইল সাধারণ জ্ঞান বইল মাস্টার তিন কত আট চারে রে টিনারে প্রায় ঠিক আছে
/kaggle/input/regspeech12/test/test_narail_0012.wav,আরে মেয়ে কথাকে যে বাপ মারে বাদ দিই বাপ ফেলে দেহি নাই তার কথায় বিশ্বাস করা যায় নাই আর এখন এই সমস্ত কথা শুনলে আমার হয়ে যায় মেজোজ গরম
/kaggle/input/regspeech12/test/test_narail_0093.wav,একজন মাতব্য রয়েছে তার গল্প এখানে লাভ আছে তুমি এবার এই সমস্ত কথা আবার কিছু মনে করি না দেখালে ভাবলে যে বাড়ি আমার কি রং ধরনের কথা করতে
/kaggle/input/regspeech12/test/test_chittagong_0130.wav,মানে সেখানে তোমার রিসিভ বের গিয়ে রুমি আছে না রুমি আছে হবে আরেন্ডাইজার আয় তাহলে নাও যাই আয় আমাকে কি বিয়ে হাইম মনে করিয়ে দে ম্যাকাস থাকে বদলে বলে
/kaggle/input/regspeech12/test/test_chittagong_0170.wav,হ্যাঁ আছে হুনেল এবং আমার হাতে পুছনো লোক পুছনো লোক না তো কী হৈউস কী হৈউস তো ন্যায়ের হৈর্যিকি ঢালা আছে বানাসি তো হাতা হইত না স্যার
/kaggle/input/regspeech12/test/test_narail_0105.wav,বৃষ্টি ব্যক্তি করা হয়েছে খাইবার কদিন আগে একজনের নিয়ে আসতিলাম ওর টিউমার হয়েছিল ঘাড়ে অপারেশন করেছি ঠিক হয়ে গেছে তো তোমার ওটা অপারেশন করতে দিচ্ছে না অপারেশন করার সিস্টেম আছে কিন্তু
/kaggle/input/regspeech12/test/test_sylhet_0278.wav,তখন আর আমার বাইরের কাছ থেকে অপরাধের টেখানা লাগতে না
/kaggle/input/regspeech12/test/test_narail_0043.wav,যে তুই রে অল্প অল্প জানি যা ও যে ইটা চল্লা কী করে দেখল তো আরে প্রশান্তিপুর বাগান নাম তো কী চলো
/kaggle/input/regspeech12/test/test_narsingdi_0112.wav,আগে বেতার মোড়াতিল না মাটির বড় থাকতে হ্যাঁ হে বেতার মোড়াত কানা
/kaggle/input/regspeech12/test/test_sylhet_0479.wav,পানিয়া আমি তো হইতে পেরি নাম তুমি একা তুমি মরা না দিতে জান না এটা বাড়তি না মর্তি ওখান খালি আমি মনে হবার যে কোন দিনও কারণ ছিল বাচ্চা কোন দিনই তো ওখান খালি যায় আর ইকবাল এখন দিন মূলানোতা আকৃতান করিতে পারে
/kaggle/input/regspeech12/test/test_rangpur_0121.wav,কেন সামলে বুলে কোনো ডাইলস বলে সাধ লাগে না বতা দেখিলেন পতা ভালো
/kaggle/input/regspeech12/test/test_narail_0052.wav,এক দ্বারা ছাড়িয়ে উঠতি জাগা যাতে আমি কোনোদিন না ঠকি মানুষের পক্ষে তাই তুই এখানে আসবি বলো বিয়াস্ত্রী তাকে বেঁচে ভেলেও মাইকে দেবি আর তুই আঁকড়েও মাইকেম কি যদি তোর মধ্যে বালি দেবি তো আমি তোর দিকে বালি দেবি যদি তোর মধ্যে থাকি আরা আমি কিছু কুদ্দার গেলা আমারাই লেয়াকাল
/kaggle/input/regspeech12/test/test_rangpur_0022.wav,বাস দরকার হ্যাঁ কী আনবে ফাগনি মেনে ঘিরে কী নিস্তার হয় না মাছ না মাছ না
/kaggle/input/regspeech12/test/test_chittagong_0174.wav,গেইজ গেইজ গাহিনীকে ক্ষমতার দিক প্রচুর জন্য তাহারই নেই ক্যাম্পা নেই হোস
/kaggle/input/regspeech12/test/test_barishal_0021.wav,তা না জানি না মানে এগুলি পারবে না রিয়াকেও চাচ্ছে না মানে আমি মিবুত অ্যাঁ মুইলে মনে করেছে হ্যাঁ বোরবার নাম কি
/kaggle/input/regspeech12/test/test_kishoreganj_0044.wav,হাও হাও হেদ আমার দিন কি আমি বাইকে অবস্থায় দিন ভাই
/kaggle/input/regspeech12/test/test_sylhet_0627.wav,ই না ইব্দেশ থেকেই মোটামুটি এরা পছন্দ করিয়া হয়
/kaggle/input/regspeech12/test/test_sylhet_0073.wav,দুপারটা তালার পাশ ভাঙতে ইচ্ছা করে নতুন দুপাত্তর তেশ্বরী হোজাবাজাত তোমার বন্ধুদের সাথে আড্ডা দিলাম পুচকা খাইলাম সামনে আর কোন পূজাও যায় তিনি
/kaggle/input/regspeech12/test/test_sylhet_0263.wav,তো ইটা নিয়ে কোনোদিন চিন্তও করছি না তো যে তোয়তা নিয়ে চিন্তা করছি না ইটা টোটালি সময় আমার এসেতে পর্যন্ত আঁটি লিখু মাথার মাঝে আর যখন ও গেট থেকে আমি বাইরে গেছি এরপর থেকে ইটা টোটালি মাথা থেকে দাঁড়িয়ে ফেলাই দিচ্ছি
/kaggle/input/regspeech12/test/test_narail_0163.wav,মাঝেপুরে তো বিছানাতে উঠতিই পারত না কতবার হয়েছি মাসে আমি ডাক্তার দেখা দিচ্ছি কত মানুষ ডাক্তার দেখা দিয়েছে
/kaggle/input/regspeech12/test/test_sylhet_0223.wav,তাই তো বুড়ি নৈব তারাও টানটা কাজের দিকে বাইরে টানটা পড়ার দিকে আর আমার বিক্রিয়াতো হইল যে আমার নাম পাত্রে একটা
/kaggle/input/regspeech12/test/test_sylhet_0601.wav,মানে তো অবাক হয়েছে ম্যাডামরিকে জড়াইয়া ধরছি এরপরে ম্যাডামকে আসবুল হয়ে গেছে লেগে মাঝখানে মাস্টারমশ ম্যাডাম চিন্তা নাকি চুম্পস্থানের কেমন আত্মা
/kaggle/input/regspeech12/test/test_sylhet_0045.wav,বোন দিয়ে দেন রুতে মেলে সম্পর্কে তুমি কয় জন আপনারা আমরা মেলেছেন বর্তমানে বাইবোন তিনজন আমার আব্বু আপনার নাই যেমনে ভাষাতমাত্র নিয়েমনে মাঠ পারি আমরা তোমাকে রেমিক যুক্তি লেটি ভাষা বাসাতে আমরা বাই বৈন্তা করি তিনজন বাবা মা নাই
/kaggle/input/regspeech12/test/test_sylhet_0307.wav,যে ত্রুটির পরে পরীক্ষা চলে দুই পরীক্ষার মাঝখানেও হতে পারে দুইটা দিলাইকে পরে আরও তিনটার ঐ চলা ঈদের তেছে বাড়ির ইচ্ছে ও সময় তাইল হোক নিজের ত্রুটি গিয়া আমরা বাড়ির কামড়ের রাস্তার বই আড্ডা দিলা
/kaggle/input/regspeech12/test/test_kishoreganj_0155.wav,পাকা বাতালি লেবুর ভিতরটা হালকা গোলাপি রঙ্গে পাকা ডালিমের ছোট দানা টুকটুকি লাল
/kaggle/input/regspeech12/test/test_sylhet_0747.wav,মানুষ তার জন্য দলাহরিয়া নিয়া প্যান্ট ডোর্ডালা গিয়া বিধবা হওয়া লাগিয়া তাই জেলার নারী হই প্যান্সের বাদে রাসাই বা বড় বানাস না আমি কার মূর্তি অন্য রকম নয় যার তোমাকে যত প্রতিশোধ দিব
/kaggle/input/regspeech12/test/test_sylhet_0308.wav,তো আড্ডা দিরা ফরে আমার ভাই তাই না সমূহ বেশি ফ্রেন্ড তাই নেও আড্ডা দিরা দিতে যেতে বলে এই কি বিয়া করতাম তোরা দিলে তো বিয়া করতাম হা তো তোরা নে তোরা কালকে তো একটা স্পেশাল দিয়া তো বিয়া করিলা
/kaggle/input/regspeech12/test/test_kishoreganj_0137.wav,কাঁঠাল কাঁঠাল আনারস কাঁঠাল আনারস আম জাম পেরা পেঁপে ডাঙ্গি তরমুজ লিচ্ছ প্রচুর ফলে আড়াল ডাব ডালি বাতাবি
/kaggle/input/regspeech12/test/test_kishoreganj_0012.wav,কোন দিকে কি খুঁজবেন কিছু কুন্ডি লাই
/kaggle/input/regspeech12/test/test_sylhet_0484.wav,ওর হালকুল তো না আমার মিষ্টি কিন্তু তো পাইয়া না পাইলে মিলিয়া মিটিয়া তাকতাম হোক তো পড়তাম একলা খাইলেও তো ট্রলেসাল হয়ে গেছে মারি আর দশ রাতে গেল না তো একলা একলা আমি খাইলে এক যাক তারার দরজায় গুগি তারা তো প্রাপ্ত লক্ষ্য করিয়া তো আমার লাভ না এখন পয়েনসি যদি তাহা হত তেমন বর্তি করিয়া জীবন তারিব মাদ্রিখাল করতে তাই মনে হয় দ্বিতীয় শ্রেণীর প্রয়োজন
/kaggle/input/regspeech12/test/test_sylhet_0108.wav,তুই এমনে মানে শুরু থেকে বড় হওয়া খুন জায়গাতে না চলেন প্ল্যান্ট করিয়া গিয়ে ইতালি হবে আচ্ছা আচ্ছা মামলা নিরাপদা পাত্তা দুয়েক কুইকারের সামনেও আসলাম
/kaggle/input/regspeech12/test/test_sylhet_0408.wav,এখন তো তাই স্কুল স্কুল বন্ধ করে এমন তাই নানা বার থেকে আমার বাড়িত্বেই আছে বেরোনি কেস দিল স্কুল বন্ধ যখন খুলছে না তখন তো স্কুল স্কুল স্টার্লিস যখন যাইত মা হালি ফোন করেন বাইরে নিয়ে আদৌ মেডামি ফোন করে এখন আমি লিগে দেই না না হলে আমি একলাই জোড়াই আমি ছাতাই এলাকায় লেবাব হুখ করি আমার সময় হাটে দিন হাট
/kaggle/input/regspeech12/test/test_sylhet_0124.wav,বান্ধবে তো বিয়ে হতেন না আছে তিনজন আসে বিয়াসে ধরিয়া তারা ভারী করে গিয়েছিলেন সিলেট নাই এইখানেও যে সামকরণ পুরিন্তে কী রকম ব্যবহার করে আদর তাদের করেননি
/kaggle/input/regspeech12/test/test_chittagong_0142.wav,এটা হালিকে জয় বাবা ভিডিও রাখবে সুবিনা জাহান্না যে সময় সুবিরান্দের জাহায়দাহার হতবার চাচ্ছুনাই যারা শিবে হোল্লিতে হোল্লিতে তারপরের মতো নষ্ট হয়ে গেলে কিছুটা হয়তো টিচির নম্বরে উদ্দেশ্য নিতে হত্যা হয়েছে হালিয়ার কিছু বোর্ড কমাহিতে কেন্দ্রের হত্যা হয়েছে
/kaggle/input/regspeech12/test/test_chittagong_0063.wav,তুই দাহাতুন হত্যার বি নবানী ওদের একদম মরিবালায় গিয়েছ না তো অ্যানা হোবস নাই আমি না জানি অ্যানা রেমা হয় জনগণের হতাহলী তার হয়ে যে জিনিস্তা পারলাম করিব আর আমার দাদাও হয়ে যে জিনিস্তা পারলাম করিব
/kaggle/input/regspeech12/test/test_rangpur_0084.wav,ওই জায়গায় ইয়াইডিমার শাহিনার ফিরুজ ফিরুজ এখন এক করে কোঠালে তুমি ওর বাপের মতন গ্রহণ করা মাত্রা চলা ফিরে মানুষের প্রতি আক্রান্ত হয়ে যাতে আর শাহিনটি হয়েছে দুনিয়ার মুখ মুদা
/kaggle/input/regspeech12/test/test_kishoreganj_0156.wav,চুচুটো ডানা টুকটুকি লাল পাকা ডানা টুকটুকি লাল আসবে অন্য পর পাকা ডানা টুকটুকি লাল বা কি ভাগ পানি উদ্ভিদ হবে কত ভাগ পানি
/kaggle/input/regspeech12/test/test_kishoreganj_0149.wav,কোনটি বায়ো দূষণের কারণে কোনটি বায়ো দূষণের কারণে কীটনাশকের ব্যবহার করা হয়
/kaggle/input/regspeech12/test/test_chittagong_0110.wav,নাইম আপুর রিকোচ পাতাইল দায় আপুর হলাম যে নাইমুরা এটি কিলে এক্সেপ গর্গী এত হুজ্জেস আলোসী
/kaggle/input/regspeech12/test/test_barishal_0075.wav,এই দেখ এই পাতা তো তিনি কিন্তু এই পাতার গাড়িতে আমি হারান তাই বেড়ান তো পানিতে পানিতে পালা পাতার মুই যেটে পালিগুলো
/kaggle/input/regspeech12/test/test_sylhet_0743.wav,বাড়িও হইতাম না উঠোলেও হইতাম না পরাযোগের আকারে ওরা ভুল বোঝাতে থাকলেন আমি
/kaggle/input/regspeech12/test/test_comilla_0031.wav,আমি দীর্ঘ চব্বিশ বছর বাইরে ছিলাম সৌদিতে আমার তো খুব ভালো লাগছে প্রতি বছরে বছরে আমি দেশে আসার চান্স পেয়েছি মালিক আমার খুবই ভালো ছিল আমার খুব মানি উনি লাইক করত
/kaggle/input/regspeech12/test/test_narail_0071.wav,অজেখার ওই মিয়ার একক জীবনে খাইতে গেল এই খায়ে তাহলে ওর রোডিটা বহুত বাগানটা খায় ও বাড়িও তো জানো একবারের কাহিনী জানো
/kaggle/input/regspeech12/test/test_sylhet_0250.wav,ঈদের সবচেয়ে মজার ব্যাপার কি তারা জানেন আমরা ফাঁসের গ্রাম ও একটা টিচার আছি ও টিচারর বোগ দিয়ে ফাঁস আছি হাউস হয় তার বইও একটা শিক্ষিত
/kaggle/input/regspeech12/test/test_sylhet_0155.wav,ইতাই জানতাম আর কি যে আগের দিনের সাথে এখন আর দিনের শিক্ষিত পার্থক্য আপনারা তো একটা সময়ে আজকেল আমরা ক্রমান্যাস পাইন এটাই হইতেছেন আপনি তো কিছু নো দেখতুনি দিন নো দেখতাছেন শিক্ষিত কি তা পার্থক্য একটু একটু একটা মানুষ মূল্যে একটা মানুষ হলু ভোক্তা লিগে গ্যাপও বর্জন দেন তখন দুই দিনবার গ্রহণ
/kaggle/input/regspeech12/test/test_sylhet_0389.wav,মাত্র রায়কুল শোনো মাত্র রায়কুলের গরো তুমি করোনি চুপ করে পড়ো
/kaggle/input/regspeech12/test/test_sandwip_0015.wav,ক ডিমেরে দেড় কেজির বেশি গুলা ডিম হয়ে গেছে ডিম দেখি মনে হইয়া মাছ কিনছে কি মাছকে খুব মাছেরে কসালি এরে ডিমেরে একদিন দিপা ওরা বানাইছে আর এক ইন্ট
/kaggle/input/regspeech12/test/test_sylhet_0325.wav,মাঝেমধ্যে যখন ওই কারেন্টে ফিয়ার কারেন্ট ওয়ার্ল্ড বা নতুন কোনো একটা বই বাড়িল বা যে বিস্তৃতি আছে কোনো একটা নতুন গিয়া বাড়িবে সিরিজ বের হইল তাইল ওটা মেয়েটা আমি আর টেবিল রাখি দিতা আর আমি কাজ করিয়াছিলুম টেবিলে যে নতুন বই পাইতাম তখন আমার মনে হইত যে
/kaggle/input/regspeech12/test/test_sylhet_0725.wav,তারপরে যেমন বাড়ি গিয়া খানি তুঙ্গার জেলা খানি একটা খুলনা ফতুর প্রকল্প খানি
/kaggle/input/regspeech12/test/test_sylhet_0143.wav,প্রয়োজন এখন কেটাকেটা আছেন আঞ্চলিক বাহ্যে যেমনি বার্তাত মাত্রই নাকি এমনিই মাত্রায় নাম ব্যস্ততা
/kaggle/input/regspeech12/test/test_sylhet_0447.wav,এখানেও যে রাষ্ট্রপতির কাছাকাছি মানে কোনো কাকবার জনতা নাই তারা নাতা নাতি কর্মকর্তারা বলে না আস্তা আপনি কিছু নেই
/kaggle/input/regspeech12/test/test_rangpur_0130.wav,আর অন্য কিছু বলতে পারো এর তো কোনো প্রবলেম নাই তো আমরা যে জায়গাটা আছি এটা তো আমাদের স্মৃতির একটা জায়গা তাইলে ইয়া তোর নাম তুমি জানো তুমি না তোর নাম ঠাকলেও মতো তখন কী নাম তো
/kaggle/input/regspeech12/test/test_habiganj_0005.wav,জায়গা থাক তুইও না ছেলেমেয়ের কথা হইবার এটা একবার বেশি অত বিশ্ববারাও এই জায়গাটা ঠিক না
/kaggle/input/regspeech12/test/test_sylhet_0062.wav,বান্ধবী আর হারা আসলাম অর্জন গেছে
/kaggle/input/regspeech12/test/test_sylhet_0218.wav,মোটামুটি এক ন্যান্ড পর্যন্ত পড়িলিসি কিন্তু ফ্যামিলিটিকেও হইয়া যে মিনিমাম এসেসিটা করিলা তখন ঐ লোকের প্রাইমারি স্কুলও এপ্লাই করার লাগি যোগ্যতা আছিল মেট্রিক ফাস্ট আমি টার্গেট লুকিতে মেট্রিকটা ফাস্ট করি লিলে
/kaggle/input/regspeech12/test/test_narail_0090.wav,তোমার একদিন আমি সব ফিলে ঘোবানি যে সমস্ত কথা প্রান্তার ক্ষেত্রে ক্ষেত্রে যদি সরাসরি কথা কবার সেদিন তোমার ফিলে ঘোবানি আরে ফোনে কথাগুলি দেখা গেল তুমি রেকর্ড করলে রেকর্ড করে আমার মুসলমারটা নেই
/kaggle/input/regspeech12/test/test_sylhet_0535.wav,দেখাই হইবে আমরা সেলেটি হওয়ার ডাক নিয়ে করেও আয়াজ আইসিজি চেয়ার লুট করো না না কিন্তু আমি কিন্তু না কিন্তু আমি কিছু দেখছি না আয় তুলে নিই তো আগে আগে আয় তাই এখন তারা বাড়ি ফিরেছে
/kaggle/input/regspeech12/test/test_chittagong_0045.wav,দিন হাল কেন চলেছে দিন হাল ও ডিন্ডেল চলে যাব সিঙ্গেল হ্যাঁ হ্যাঁ বাসুনি উন বাসুনি উনাম পরে দিয়ে যাচ্ছি না কেন আরও যতোর গাছ বাংলা
/kaggle/input/regspeech12/test/test_sylhet_0182.wav,কারণ ধরে গেল উদায়ী হামরাইলার লড়াইয়া কত টাকা লাগের মাঝে সামান্য মানুষ
/kaggle/input/regspeech12/test/test_sylhet_0755.wav,লাকি উজাড়া করে নেন বুড়ো নিরামিত খালি উজাড়া করে অনুষ্ঠান আমরা তো যাই রবিনুল নিরামিত স্মরণ করি বাদর নেই মাছে একটু হাওয়া দিয়ে পূজার মাঝে আবার বিবাহিত অভিবাহিতের মধ্যে একটা কাজ আছে
/kaggle/input/regspeech12/test/test_chittagong_0163.wav,সুরা তো অনার্সের মেজাগো বৃদ্ধি না হয় অনার্সের তখন কী আলে নাই টেনশন সূর্য গুলি আছে না চোট্টালা মেরাবাসাটি সিনজিনিয়ার কোর্সলোক হলে আর ভালো লাগে কি আগে রে সিডিএম বুঝেছে রেই বুঝিসা
/kaggle/input/regspeech12/test/test_habiganj_0066.wav,কিন্তু আমার ভালোই লাগে কুলুর ব্যক্তি বা কুল গাছ আমার ভালো লাগে
/kaggle/input/regspeech12/test/test_kishoreganj_0171.wav,এই তরমুজের ভিতরে লাল চক্ষের জন্মদিন মুক্ত করান তোমাকে বিস্তারিত হলে না আমি বিস্তারিত নাই
/kaggle/input/regspeech12/test/test_sandwip_0044.wav,আরে বন্দা ঠাহ ভাই নাই বললুম তো মাইয়া বুঝিলে দেখিনি কিন্তু আমার মায়ের মাথা আদাহরিক কিছুতে আবু কারমায় তিনি নেব বহির্দেলা একবার আসিস্তানে দেবে তিন্নের রাজধ্যানী
/kaggle/input/regspeech12/test/test_sylhet_0384.wav,পাত্রীও যেন আতিল না বাবির বাসের বাড়ি থাকতাম বাবির বাসের বাড়ি আছে শহরটিটি একটু দূরে কিন্তু আমরার বাড়ি থেকে খাতে
/kaggle/input/regspeech12/test/test_sandwip_0066.wav,আয় আজ যাকু আমার কোলাইন চিকনিক দলগুলো কোনো নির্বিঘ্নে ভালো লাগে না ঘরে আছে আমার বৈনিক গর্ভের পক্ষে ভালো লাগে নাকি অ্যাডোমাস অ্যাডোমাসে ব্যাগ আছে তাও ভালো লাগে নাকি
/kaggle/input/regspeech12/test/test_kishoreganj_0146.wav,বাদামি প্রথমে ইরা প্রত্যেক হল সবুজের মানে মস্তিল পানি
/kaggle/input/regspeech12/test/test_rangpur_0123.wav,এই রমজান মাসে যে পাটসাগের যে দাম সেই ফ্রিজ বেয়ে নিয়েছে ত্রিশ টাকার পাটসাগ তার হাড়ির তলাতে পড়ে না হ্যাঁ আর তুই পাটসা কিন্তু ঘুষ
/kaggle/input/regspeech12/test/test_sylhet_0613.wav,সুমন স্যারে পাইয়া খুব হৈরাজে আমি প্রাক্তন স্টুডেন্ট তো আসলাম আমিও তো আসলাম
/kaggle/input/regspeech12/test/test_sylhet_0444.wav,যার বাইরের সুবিধার লাগে মানে প্রথম সূত্র বাচ্চাকে চলেছে হোপাইলে হাত সুবিধাওয়ালা বাচ্চাকে চলে যাইতে পারবা মা একসময় গেলে না একসময় বাচ্চা গিয়ে লগিনে জড়িত চায় নি মানে ওরকম সুবিধার লাগিয়ে কেলে ওদিকে গেছে তবে নিজের ভাষা কিন্তু বাড়া
/kaggle/input/regspeech12/test/test_narail_0007.wav,আমরা দেখতেছি যাই ওই আলোচনায় যে থাকতাম তাই ফ্রুত অ্যাবায় দমে কিন্তু ফুলের তরুণ আছে এ বড় বড় ভাই বলে কহিতাম ঠাম্পা হয়েছে বাবার চিকিৎসার জন্যে
/kaggle/input/regspeech12/test/test_barishal_0010.wav,মানে আস্তে আস্তে মরি দেওয়া লাগে আঙ্গুলেকে একটা ফোলা আছিল না হইল আরিফ হ্যাঁ জরাইলে যে চিকিয়া চিকিয়া শুরু করত
/kaggle/input/regspeech12/test/test_sylhet_0417.wav,মানে আমি ফোরটা থাকতে চাচ্ছি এর পরে তিন পাঁচ মনে করে এক ঘণ্টা দুইটা বলে মানুষের ফোরটা গুজরানের পরে ফোরটাই ইটাহিতা হাওয়া করে ঢুকুমার গুল বুলচা বাদ দেখেন এখন থাকতে কিন্তু প্রায় দুই বছর করুণাসীনের রোগীবারী হইতে করুণা থাকিলে না গিয়া দুইটা বছর কোনো বাংলাদেশে কোনো চিকিৎসা নাই
/kaggle/input/regspeech12/test/test_sylhet_0140.wav,কালা ব্যবস্থায় কিন্তু তার স্থানীয় নিয়ে কত বছর ধরিয়া আপনারা জিটিক থাকি মানে আপনারা ফুটি ছিলেন যে
/kaggle/input/regspeech12/test/test_narail_0115.wav,তুমি কি বল আমার জায়গায় আমি যখন টিউশনি করাতাম তখন আমার মেলাডি কার্ড মিশনের ফ্রেন্ড তাদের কি পাবলিকি ট্রান্সফার দেয় কীভাবে নৌবাহিনীতে ট্রান্সফার দেয় কীভাবে জেলা স্কুলে পরীক্ষা দিয়েছে এই সমস্ত জিনিস আমি ভালো জানি আমি নিজেদের কিন্তু প্রবালের মানুষটা নাই
/kaggle/input/regspeech12/test/test_habiganj_0112.wav,ক্লাস তো সবসময় ঠিকমতোই হয় অনেক সময় ফোলা পাইন আবার দুর্গাত্ম বার রাত থেকে পাঁচটা পর্যন্ত তো ফোলা পাইনে অনেকজন আছে মানে যায় নাকি মানে পাঁচটা পর্যন্ত একটু কষ্ট হয়ে যায় রেলের লিগে প্রতিদিন কাজ করে আবার অনেক জোড়াবাজ্য অনেক দূরে দেখায় লিগে
/kaggle/input/regspeech12/test/test_narail_0176.wav,শয়ন কোন দেখা মাসি
/kaggle/input/regspeech12/test/test_sylhet_0624.wav,তাই আবার তোরা ছিলেন আমরা রেডিও পিয়েলর ফ্রেন্ড তাই যে সনিয়ার আর কি দেহাইরা এনো নর্মেন আপনারা আর বেচারি করে সোনিয়া মিসেস তাই কইরা আমার দেহে না নেম তারার
/kaggle/input/regspeech12/test/test_narail_0123.wav,সব করে টাইন্টি পার্সেন্ট মার্ক তার মা মারে সবাই ভালো হয় এই বুড়োত্বে শুরু হলে গুড়ো সবাই ভালো হয় তোরে একের দিন কান্তরে নিয়ে যাত্রী দেখেছে আমাকে রাহুল যাইয়েরাই আমার বলতে চেয়ে যেন বৈদিক জন্দনের বিভিন্ন দেখলাম বুলগা পরাত্মা মেয়েরে নিয়ে ওদিক যা আছে
/kaggle/input/regspeech12/test/test_barishal_0057.wav,রিপিন্নাল হায় নিতাম এই তো রিপিন্ন কিন্তু অনেক কষ্ট করে চলে হের্পোরো বাজারে গেলে মনে হয় ওরে বাবা লাখোপতির গলা চা পাঁচ সাতজন আর সাতটা অর্ডার দিয়ে দিয়ে দিয়ে বুঝবে না যে আসলে কি মোর
/kaggle/input/regspeech12/test/test_kishoreganj_0065.wav,না থাকা ছিল না কেউ না
/kaggle/input/regspeech12/test/test_sylhet_0477.wav,ভাইয়াকে শক্ত হাসানাই আনি তোমার কথা প্রতিটি বাস্তবায়ন আমাকে ডেক বাস্তবায়ন হলে যাকে অভিনয় পেতে বসেছে মার্ক এবারে থাল ডাই মাস্ক তোর হারি দায় মাস্ক থেকে মাস্ক চাষ মানে জিও করলে খাটিয়ে উঠবে ফ্রেস করলে এখন চোখ
/kaggle/input/regspeech12/test/test_rangpur_0007.wav,কথাগুলো আলাপ করো
/kaggle/input/regspeech12/test/test_sandwip_0005.wav,আম কাড়োলার ই দরাও গিয়েছে ফল আছে তারপরে দুধ এসে যেন বেগ জিনিস উঠবে আম হচ্ছে চুরি হইতে ব্যাগ নিয়ে না ভর্তি দরকার
/kaggle/input/regspeech12/test/test_narail_0077.wav,ঐগুলো তো হয়েই যায় ঐগুলো নিয়ে কোনো পর্দার বিয়ে ছিল ভালো জায়গা সেই বিয়েতে আমরা ছিলাম এই সম্মানের সাথে বাড়ি খাতের বিয়েতে যে খালাম সে মায়ের বিয়ে ডিপোর্ট করে গেছে বড় মেয়েরা
/kaggle/input/regspeech12/test/test_kishoreganj_0119.wav,হাঁপেরে কি গাছকা হাঁপেরে গাছে কা না আবার যে যে গাছপুলি কি গাছকা
/kaggle/input/regspeech12/test/test_chittagong_0019.wav,আর ফলাহা করতাম বলি হইতে আইসিএ কম্গলিক হইব মানে কম্গলি হইব বই বুক খুলিলে আর তোকে মনোহত আরও হতাম মোবাইল গান জীবন্নয়ন শেষ করে দিল খেলা খাটা বানায় ফেলেন ও যেন ঘুষ মোবাইলে হতাহা
/kaggle/input/regspeech12/test/test_narsingdi_0125.wav,বা বাড়ি ওয়াহ হেই গুড নাইটা অন করত নাকে রে অনাতা গুড গুড গুড গুড না অন করে দিয়ে যাও এটা দেখি নাটার গন্ধ বাড়াবে না গন্ধটা ভাল লাগে প্রথম প্রথম এই প্রেগারেন্সটা খুব কড়া লাগে
/kaggle/input/regspeech12/test/test_sylhet_0543.wav,আর তারিমিকের অবস্থা আমরা তারিম তো বেশ মাশাল্লাহ তারিম তো ওনার আছে যা এখানে মাহাদিরে ফুরাইতে পারাইছে আমিও বাড়িতে পালালাম না না থাকি গ্রেসে তার সাড়ের প্রস্তুত এমনেতের অপরাকিত অবস্থা সত্তান্ত ইয়া
/kaggle/input/regspeech12/test/test_habiganj_0002.wav,তাঞ্জুরা আমিনসহ বুঝি কারণ তাঞ্জু তো মারে না আমি এটা বোঝা যাচ্ছি না বোঝা যে লুপ্তার ক্ষেত্রে তারা আর কোনো ক্লাস তোমার উপরে লুপ্তা কেড়ে যায়
/kaggle/input/regspeech12/test/test_narsingdi_0021.wav,খালেদা আছে তাসকিন আছে সমস্যা নেই প্রেসিডেন্টে খুব ভালো আছে এদিকে আবার যে হাসান মাহমুদ আছে ইনজুরি থেকে ঐটা খুব ভালো ইংল্যান্ডের সাথে ত্রিশটাই খুব ভালো বল করল একশো হ্রামের সময় ছিল রুবেল ছিল সাইপোডিন ছিল
/kaggle/input/regspeech12/test/test_tangail_0008.wav,ফ্রেডি আর মেরি একে অপরের প্রেমে পড়ে আর গোসল একটা পোশাক নেয়া কনভার্সেশন হইতে থাকে ওই সময়ে ফ্রেডি আর মেরির একটা কনভার্সেশন থেকেই ওরা একে অপরের আর প্রেমে পড়ে এভাবে অনেক দিন যায় এদিকে ফ্রেডির নতুন ব্যান্ড নিয়ে আর কি
/kaggle/input/regspeech12/test/test_sandwip_0115.wav,সে কি আর কি বোধ যে হে হে হে তাকে দিচ্ছে যে বুড়ো বজরকে তবুই এতে আর কে একটা আর হে যে তাহলে না হাস করি হাসাকে দিতে হাসা আক্রমণ করে বলেছেন ভালো স্টুডেন্টদের এবং হিসাব হইতে হয় বালা করতে বা আর নইলে সার্জিস্টিভাবে
/kaggle/input/regspeech12/test/test_sylhet_0189.wav,এবং আমি ক্লাস এইটুকু তার আগেও বড় ভাই তিন মেয়ে কাজের মানুষ আছে দুজন বড় বাগানে আকাঙ্ক্ষার বাইরে ফিরে আসিলেন বাবিরা করে আসতেছে বাবির সংখ্যাও বাড়তে
/kaggle/input/regspeech12/test/test_kishoreganj_0205.wav,ভূমিকায় তার বিয়ে বানান সাহেব
/kaggle/input/regspeech12/test/test_sylhet_0232.wav,তেই ভিতরের লগে আমরা ধৈর্যের পার্থক্য আমি মাত্র মেট্রিক পরীক্ষা দিতি আর মজুরতার অলরেডি টেস্ট পাটুস করিয়া পড়াপড়া শেষ করিয়া চাকরি ধরিলেখণ্ড ষোল ওপরের গিয়া বই বলব তেই ইটা দেখিয়া আমার ভায়েন্টে বড় যারা তারা সিদ্ধান্ত নিলেই বা আর ছোটো তারা এরা তো বড় সিদ্ধান্ত দিতে আবারই না কিন্তু মতামতও তো দিতে হবেন
/kaggle/input/regspeech12/test/test_tangail_0057.wav,যেটা আসলে কেউ আসলে বলা যায় না অর্থাৎ মানে বুঝাইছে এরকম যে আপনার প্রিয় জিনিস অথবা প্রিয় মানুষ যার সাথে আপনার অনেক দিনের সম্পর্ক সে হয়তো চলে যেতেছে কিন্তু একটা সুন্দর গুড ভাইও হয়তো
/kaggle/input/regspeech12/test/test_rangpur_0031.wav,মেয়েরা কিন্তু হরিপুরের দিন ও যে মাটি ফাইল করিয়া আটার ডাইল দিচ্ছে
/kaggle/input/regspeech12/test/test_sylhet_0625.wav,না অপিরে দেখাই আর কেউ কইরা হুগলি উত্তর নিয়ারে আপনারার বেচন নাহি হুল তুলনিয়া কইরা আমাকে দেখাইয়া যাবে তারার বেচন পরে আমারা কইরা কুপ্তেল করেছে এর বই বাইরেই বোমানো একটা
/kaggle/input/regspeech12/test/test_barishal_0063.wav,পঁচিশ বছর হিসেবে পঁচিশ বছরের উপরে আমি গিরি খাইছি তাই এরপর আমি হঠাৎ একদিন একটা থারি রেখে দেখি সেই হইতে আর আইস পর্যন্ত একটা গিরিতে আমি টান দেইনি খালি কইছে আস্ত হইতে কামনা হয়েছে আজ হেই কাইতি আর খাইনি
/kaggle/input/regspeech12/test/test_tangail_0107.wav,এই উর্মি তুই কি দেখত তাকে নিউ স্পিড বাক্সে পেপার পড়ত হ্যাঁ এই সকালে তো দেখল বঙ্গবাজার নাকি কী হয়েছে রেলিজা জানত কিছু জানস না ঐখানে মোটামুটি তোর সাড়ে তিন হাজারের মতো দোকান ছিল সবগুলো পুড়ে গেছে একদম ঠাই কিছু না
/kaggle/input/regspeech12/test/test_chittagong_0146.wav,গৌণী নৌ হই হৈ যে বুগু বুলি অ্যার কী অবস্থা আজেও ছবিতা বিম্বে কিন্তু হাস
/kaggle/input/regspeech12/test/test_kishoreganj_0062.wav,তোরা প্যান্টাকে মনোবিলিয়া গেদা
/kaggle/input/regspeech12/test/test_sylhet_0313.wav,সকালবেলা উঠিয়া গেছে ইন্ডিয়া তারা বাজারে গিয়া তখন শহরে আছিল বাইর বাসা তখন সবকিছু আনা হয়ে গেছে বাইর বাসার
/kaggle/input/regspeech12/test/test_tangail_0088.wav,বলিউডের অন্যতম প্রভাবশালী ডিরেক্টর সঞ্জয় লেলাবান সালি তার তৈরি আর রণবীর কাপুর এটা প্রথম ছবি আর এই ছবিতে সালমান খান সোনাম কাপুর রানী মুখার্জি আছে মেন ক্যারেক্টার আসলে এই চারজনেরই
/kaggle/input/regspeech12/test/test_tangail_0110.wav,চক্র ঘুরে যারা কাপড়ের দাম বাড়াইতেছে আমার জানি কেন এটা পার্সোনালে আমার মনে হয় যে একটা জায়গা যাত্রা একটু দেখায় যা আগুন লাগতে বাকি মার্কেট চর্চার্থ বাজার আমি বঙ্গবাজারে আগুন লাগার পরে যখন নিউ মার্কেটে গেলাম আমি একটু রিপ্লেস করলাম যে নিউ মার্কেটে কাপড়ের দাম রাতারাতি বেড়ে গেছে
/kaggle/input/regspeech12/test/test_sylhet_0437.wav,হয়ে একটু দৌড়ে একটু বাথরুমে যাইতাম পরে ধারির একটু দড়ি এনে দিয়ে আসবেন এখন খানিকে আমি যে ঠাক করে বুকুল নিয়ে পড়িতে চাই না স্থানে আল্লাহ তিনি ক্ষুদ্র তার তাইন্দ্র জিনিসে সান্ধা নামাজ ভুলিয়ে গিয়ে ও মসজিদ
/kaggle/input/regspeech12/test/test_narsingdi_0119.wav,বাবাই তোর খুঁজে আছে দুই তিন মার্চ এতে বা তুমি গান গাইতে খেলি না কী গান হয়েছে তুমি যা করে তা করে আমি প্রথম বাথরুমে তারা হাইড কর্তা ছিলাম যা বাবা হে গান গান আবার বাবাই যাইতে হলেছি পর আবার একটু
/kaggle/input/regspeech12/test/test_barishal_0082.wav,এই গাছের কামে মুই বিশ বছর তুমি জোরাই নে বিশ বছরের মধ্যে ধরেন একটা না করছি দশ বছর আর দশ বছর প্রতি ফায়েফ হয়ে
/kaggle/input/regspeech12/test/test_sylhet_0187.wav,ফ্যান্টিমুকেটে বলেই থাকি আপনার হন মানে ফ্যামিলি আপনার ফ্যামিলি খেয়ে খেয়ে আঁক করেন
/kaggle/input/regspeech12/test/test_kishoreganj_0105.wav,পোকামাকড় উদ্ভিদকে বেঁচে থাকে পোকামাকড় উদ্ভিদকে বেঁচে থাকে যা আমার হয় আবার
/kaggle/input/regspeech12/test/test_sylhet_0722.wav,আমার একটু ডিটেল খোন কাহিনীটা কোয়েন আপনি বিয়ে থাকেনি তুইও কামুক্রিকের উপর হইতে খোলাই ওয়া দেখা ঠিক থাকে আর ওদের ঠিক না খুনা তো তারা সিনিফানও গেল নাই সিনিফান বাদেই আমরা
/kaggle/input/regspeech12/test/test_narsingdi_0083.wav,এরা এরা লাইফ ভাবছে বড় ভুলেছে শুরু করার আগেই ইয়া দেওয়া পরে তা এলেগার কি সব আমার লোকে বড় বড় বড় বড় বড় বড় মেয়েরা করত দৌড়ে আর কারসিনা কোনো সময়ে বাদ দে তো হৃদয়ের দিনের প্ল্যান কি
/kaggle/input/regspeech12/test/test_chittagong_0165.wav,সাজিয়া এ তোর বলে সাজিয়ার মা দেখা যাব হই হয়তোর পরে পাঁচটা বাজুক বান্দায় যে তুই জায়গায় তো বলা হালামনি বেড়া যাব যে বুঝির বাসায়
/kaggle/input/regspeech12/test/test_tangail_0106.wav,সালামু আলাইকুম আমি দিলীপ সুলতানা আইডি টুয়ান টু থ্রি ফাইভ সেভেন ফোর্টি আজকে আমরা কারেন্ট অ্যাফেয়ার্স নিয়ে কথা বলব আমার সাথে স্পিকার হিসেবে থাকবে আমার দুজন বাধ্য বি সান্দ্রিদা আক্তার এবং এলিতা আক্তার তাদের বয়স বাইশ বছর এবং তারা দুজনই স্টুডেন্ট
/kaggle/input/regspeech12/test/test_narsingdi_0093.wav,হাতে না হাতিয়া গেছে আগে দাঁড় করলাম টেন্ট নাকি কয় সামিয়া না তবে সামিয়া না স্বামী আনাছে আমার মার বড় বড় ডেক ডেক্সি আছে আর কী লাগে
/kaggle/input/regspeech12/test/test_sylhet_0557.wav,কিন্তু হুম্বারাঙ্কের ওয়ালাহাকি ইলা নায় তামিমুল্লা ওয়াস্টা অপারেশনাল ঐ শিল্পরে আমরা ভৈরবের ইসলাম আর্থিক নিয়ে জবাব করিনি তাহার একটি কোনো তারকা চাইলে হোক হোক হারিয়ে হারিয়ে হারিয়ে পান ইলান
/kaggle/input/regspeech12/test/test_kishoreganj_0178.wav,জীবাণুমুক্ত নিরাপদ পানির জন্য বিশ মিনিট বেশি সময় ধরে রাখতে হবে
/kaggle/input/regspeech12/test/test_sylhet_0185.wav,এরা দুই ভাই দুই বোন ভাই একজন নারায়ণ আর ভাই তিনি নার
/kaggle/input/regspeech12/test/test_rangpur_0026.wav,নানার কাছে দেখতেই লৌকের মধ্যে তরকারিতে ঢুকে হ্যাঁ হ্যাঁ হ্যাঁ হ্যাঁ হ্যাঁ হ্যাঁ দৈবিক লোকের তুফিল তরকারি আর এক লৌকের তুফিল
/kaggle/input/regspeech12/test/test_sandwip_0018.wav,মানুষের কি প্লেসের কারণ খাবার মানুষের মানুষের কিছু বিদেশে ইত্যাদি কমার জন্য বাড়ালে করব
/kaggle/input/regspeech12/test/test_habiganj_0008.wav,আমি বেশি হলে সিটিকে ন্যায় আমরা বাসার দ্বারাই বাড়ি ভিত্তিক চাইত্য পাকতুমুর
/kaggle/input/regspeech12/test/test_kishoreganj_0052.wav,মানে কিছু দিয়া লাগাইছ সাইমন দার্জিকুমার এক কাহিনীতে প্রতিযুক্ত হবে অসুন্দর না
/kaggle/input/regspeech12/test/test_sylhet_0118.wav,ভিসাকে সরান্ত শ্বাতানী অর্থ লাস্ট মাসের দুটো গাড়ির ফার্ম ছোটাইত লিক্কারিয়া ছোটাইটিইটা বিস্তার নিয়াই তো কিন্তু বিস্তার নিয়াই প্রেমান্ত আমার ধ্বনির ভাড়া নামাবাদিত
/kaggle/input/regspeech12/test/test_sylhet_0486.wav,ানিগুলা দেখাইতাম না এখন এখানে বাবা তুমি আবার দেখাইতেন আমি কি তোমার বেতানিজ নন আমি তোমারে ভয় পাইলাম তোমার রাতের মধ্যেই দেখি হ্যাঁ রে বাবা এটা আমার কোমার জন্য আনতি না এটা বা হাতে আছেনি পরে ম্যাডাম দেখতে গিয়া বলে দেখতে পারা না আমি ক্লু পোস্টে পাইলাম বা আমি ডোরাইলিয়াম আমি সান্দা সুক্রি করছি বইয়ের জানা করে ম্যাডাম কহিতেন যে অটিক নিয়া নরমাল মানে ইনজেকশন দিয়া পড়ে স্পাইন দেখার দিয়া করে স্পাইনার অধিকে নরমাল দিয়া দিয়া করে
/kaggle/input/regspeech12/test/test_sylhet_0699.wav,তিনজনের গোড়া নাতিন চা আর কি এ গর্তেই নাতিন সা তুলে যান কই করুন তারা
/kaggle/input/regspeech12/test/test_noakhali_0027.wav,ওমা এটা করে দুদিনের জন্য ফোন দেন হাসান পান নানু কোস্টার নানুর বেতনের দুদিন কল না দেন এরপর আমার কল নিতে হয়েছে
/kaggle/input/regspeech12/test/test_habiganj_0100.wav,যদি সিলেটের ভিতরে যাই আমি পূর্বে বাড়ির দ্বারা সিলেট যাইতে পারব অন্য হয় না হইলে টেবিল লিখে দিতাম না
/kaggle/input/regspeech12/test/test_sylhet_0056.wav,তাই তো এর কাহিনী তাই যে তিন মাসের আস্থা সমতায় মাতুয়া চুক্তি গেলা গর্বইটিকে খানিক শুনেন না তোকে দেওয়া না তার নিজের প্রিয়ত নাহারি গর্বইটি তৈরি গেছে ন অপরে মন্দায় খান্ডা মাত্র দুধ খাওয়া লাগে
/kaggle/input/regspeech12/test/test_sylhet_0335.wav,শুরু করলাম পড়া পড়িয়া যখন ব্রিটেন পরীক্ষা দিতাম তখন তো মোটামুটি প্রত্যাখারা বেবির পরীক্ষা দিতাম ও কেমন
/kaggle/input/regspeech12/test/test_sylhet_0549.wav,আমরা মদনের হুট দিয়ে হাও লড়ছি না প্রাইস নীতি প্রাইভেট এবার না ধরতে নেই বাড়ি যে একটি কাল নাগে পর পরাহুত নানা আনন্দ হয়েছে কোন দিন দিলে এবং রুটিন
/kaggle/input/regspeech12/test/test_sylhet_0046.wav,বাইরের ছেলে না কার্তায় এখানে ছিল আমার পর্যন্ত খেলবে না আর অন্যরা কি তা প্রমাণ করার লাগবে
/kaggle/input/regspeech12/test/test_habiganj_0114.wav, পড়ালেখা তার আর কিছু কিতাবার আছে পড়ালেখা কিতাবাজ এবং আজই লিখিতাম এসিসি পরীক্ষা পর্যন্ত ম্যাপ
/kaggle/input/regspeech12/test/test_sylhet_0450.wav,আমার নিয়ে খবর দেওয়ার যদি পরে উড়িয়ে যাই রাস্তাতেই সেই ওনার অসুস্থ মানুষ তখন উদ্ধারের ইমার উপরে যাচ্ছে
/kaggle/input/regspeech12/test/test_sylhet_0292.wav,তোকাল বিদেশ দেখা ওকে অক্টা ও তখন মোহরানা দার্জ করা হয়ে গেছে কিন্তু তারা মানে যে গিগ বা গিঙ্গিং একটা দেওয়া লাগে অত্যায়ত কিছু দিতেন না কিন্তু ঠিক করে দিতেন ডেট করে উঠব
/kaggle/input/regspeech12/test/test_sandwip_0030.wav,সাজপুর না বোনানে ইয়েতনামি জাহাজেতনামি চলেইছে আমি কিন্তু তুই বলে আতিরের নংকা কোথাকে ফোন করছিস আম্মা কাইছে জেনে তো চলেছি বাসনা কিন্তু মাল্লা বিস্তার হল না মাগলাক লড়াই ফেরেনি কত ওমানি সাংসারিক
/kaggle/input/regspeech12/test/test_sandwip_0078.wav,জানালা নিজেরা মা হুম হুম বাড়িতে বের করিস না কেন হুম দেখো প্রাণ কি হলে তোরা লাগে না
/kaggle/input/regspeech12/test/test_chittagong_0124.wav,পূর্গে কতক্ষণ না হলো ততক্ষণ প্রথম গ্যাং করা খেলবেন ব্যান্ডের নগরে প্রফি টারার চিত্রকী দল রাজনীকে চারজন একোত্তরে ছিন্ন তাহাহু দেখিন সামনাসামনি পুভি চিত্রকী দান দেয়
/kaggle/input/regspeech12/test/test_narsingdi_0051.wav,স্বর্ণালী জড়িয়েছে না নায়না বর্ণ পুরাতন অবৈন্দিক হাঁক পুরাহুরে আগুন লেগেছে স্বর্ণালীবাবুকে গিয়ে বিড়ি টানত না যে আগুন লেগে যেন লাগায় করুক অনেকের চিন্তা করে হয়তো ধূপের তালা গিয়ে দাগা
/kaggle/input/regspeech12/test/test_sandwip_0106.wav,হেঁটে মূলান্তরিত নোয়ারালের সবচেয়ে বড় কারণ আর দৃষ্টিতেই এন অতিরিক্ত করে হেঁটে ইয়ানাজে একদম হান্ডেটে হান্ডেটা সিরিফ আঙ্গুলগুলোকে আমরা সাড়ি দিচ্ছি এই আঙ্গুলিয়ারে তো এখন অব্দি অরাল্ডায় কোনো চাপ নেই
/kaggle/input/regspeech12/test/test_sylhet_0273.wav,তোতা করতে করতে আমার টার্গেট হইল এখন মেন টার্গেট এগিয়েছে যে আমি বায়েরারা খুশি করতাম যেহেতু বায়েরা আমারে খুশি করি আনিয়া পরাদ্দিক নয় আমি তখন বায়েরারা খুশি করা মানে আমার রেজাল বালা হইলে বায়েরা খুশি ও বায়েরারা খুশি করার লাগে তখন পড়ি পড়ি পড়ি পড়ি
/kaggle/input/regspeech12/test/test_sylhet_0673.wav,ও আচ্ছা তা আমার ছুটে ফেলেই ও গীতির অভিজ্ঞতা চাহিল হবে আগে নাচে হইলাম ডাক্তারের চেয়ে তার বাড়ি হেল্ট
/kaggle/input/regspeech12/test/test_narail_0001.wav,কী বলারটা নাম জানো আমরা তো বাচ্চামস্থায় হতা যে বিয়ে রাখলাম কিন্তু ঠিক পালাম যে আলাদা ফরিক কী বলারটা নাম জানো তিন ফরিকের ধনী
/kaggle/input/regspeech12/test/test_sylhet_0756.wav,মানে কোনো নিয়ম নীতির মাঝে চলো আমরা চলি তার সাথে গিয়ে আর না যাক একটু বেড়াতে রাতের আর অন্যরা যেন এখন আর আপনি যেন হামু হামু হামু হামু হামু হামু হামু হামু না কোন বিক্রি থেকে হরুণ না
/kaggle/input/regspeech12/test/test_sandwip_0038.wav,বাকি দেখাইছে নাকি
/kaggle/input/regspeech12/test/test_chittagong_0037.wav,কেয়া কেয়া তুলালে হাতার গোগো কোস্টেম গোস্টেম অনেক দূরাদূরি হৈ ওরিঙ্কি কোস্টেমের কিছু গেয়ে রেখি দেরি ওরে আর কি ফগলা হারা না এরা ইচ্ছে সাথে এদের ইচ্ছে সাথে ফ্যামবে খুন পেইব
/kaggle/input/regspeech12/test/test_narail_0180.wav,উনি কি মাংস কিভাবে কেনেন এক এক কেজি কেনেন নাকি অল্প অল্প তো কিনা দেনা
/kaggle/input/regspeech12/test/test_narail_0148.wav,আমি তো বিয়েবাড়ি বসিয়াই রয়েছি মেয়েবাড়ি রয়েছে মানে তুই গিরামের ভিতরে বিয়ে আসতে না
/kaggle/input/regspeech12/test/test_sylhet_0710.wav,আচ্ছা আপনি বাড়ি খানো বাড়িতে আমার কি ছাপার বার্তা যা গায়ে তা সিলিন্ডিক্যান্ড সিলেটে বিস্তৃত নোয়ারবাড়িও ঠিকানা না নোয়ালা নিয়ে না ঠিকানা বলতে আমরা এমনি গুপ্ত লাগিয়াছি এখন
/kaggle/input/regspeech12/test/test_chittagong_0053.wav,অভাবিন ইনোহার মানে মালহাস্য অবৈনিক কিন্তু না কেন তো বিয়েটিয়ে গরিলে দত্তদের বুঝুস না এই উমিয়া কিয়াচিন্দু গরিবদের এ আমার হোম পরিবি
/kaggle/input/regspeech12/test/test_sandwip_0090.wav,তার মানে গেছে যে একদমই কিছুই বেশি দায়ীদার এরকম উনি এরকম রাজা করিদার না তো মানে কিছু কিছু যা যদি তো ঘোড়া নিয়ে কানাডায় যাওয়ার অফিসের সুযোগ যেমন এক ধুম সরুস্থ করিলেছে তাকেও খুলেছিলে যাচ্ছা মা থেকে যাচ্ছা
/kaggle/input/regspeech12/test/test_chittagong_0028.wav,বয়সের আগে ফাঁকি চাইলে খুব বিয়ে দিবে অন্য করব না ওমা তো একটি গড়ি ফেলা কোনো অজ্ঞ ও মারে জু বিয়ের বয়স হই না আমারে মা বিয়ের বয়স নইলে তো তো ফাগি গিয়েই হুজ ফাগিরা তো জুলাও গিজ জুল
/kaggle/input/regspeech12/test/test_sylhet_0478.wav,যত দিন আসলাম মানে হসপিটাল বাসা বাড়ি বানিয়েছে এখন ম্যাডাম আস্তা কারিগর দুইজন ভাবিয়ার লোক জানিয়ে না দেখলে বলব তোমরাও তোমার রোগী সন্দার আর কিন্তু কেউ কোনো মনে থাকে না জানার সাথে এগুলো মা আমার লিবয়েন স্টপ হসপিটেল পোড়াউড়ে ফেলে
/kaggle/input/regspeech12/test/test_sylhet_0746.wav,তোদের আমরা বুড়ো মা তেহমাক বাদী যে এক ই মানে অদ্ভুতি মেহেমার কবির সন্ধ্যায় এন নাই তা না এন বাদী হইবা মনে করা হইবা সাকবা
/kaggle/input/regspeech12/test/test_rangpur_0047.wav,কোরবানি দিবে কৈফিরা কারণ না এগুলো খেলার মুখে থাকবে কেন
/kaggle/input/regspeech12/test/test_sylhet_0706.wav,এটা কি তার মুফাইয়ের তুলা লাগে
/kaggle/input/regspeech12/test/test_sylhet_0538.wav,পিকনিকে আমি জানাস না পিকনিকে আমি তিনটা স্কুল আমি তো জানি না যে হানিসার আর যেবার খাইও না আমিও তো হানিসার খাইবার না তোমার ইয়ান আমি এক জামাতিতে দিই তাই লাশ দেখতাম হইলাম হুবায়েতে যাই
/kaggle/input/regspeech12/test/test_sylhet_0659.wav,আপনার কি মাত্র একটা ছোটবেলার সময় এখন আপনাকে
/kaggle/input/regspeech12/test/test_kishoreganj_0001.wav,সে আপনাকে রে
/kaggle/input/regspeech12/test/test_habiganj_0076.wav,প্রিন্টার দেবে দেব তোর চার এখন আচ্ছা তুমি তো বালিকের চুবিদ্ধা লিখ করছ না
/kaggle/input/regspeech12/test/test_barishal_0012.wav,মানুষ জানেন এই গরুনদের বুকে বাংলাদেশের প্রত্যেকটা জিলের লোক আছে
/kaggle/input/regspeech12/test/test_kishoreganj_0166.wav,থিসিপের একটি মানে দুবা মানে ফাইনালে তারা ফিতকালে ফিতকালে ফিরপানে মেডান আর পোকা লাউ পানি কমে থাকে তাকে কি শিবু তাকে
/kaggle/input/regspeech12/test/test_tangail_0086.wav,ছবিটা আসলে দেখলে মানে ভালো লাগব না তারপরে আমি যেই মুভিটা শেয়ার করব সেটা হয়েছে থাওয়ারিয়াডের দুই হাজার সাতের ছবি এই গানগুলো আমি শুনছিলাম কিন্তু ছবিটা মানে কখনোই আজকেই দেখা হয়েছে
/kaggle/input/regspeech12/test/test_chittagong_0025.wav,বাংলাদেশে ভালোই একবারে গরমে পুতুল মুক্ত জলকা হরে মনে হইতে কেন সুস্থ হইতাম যে এর সুস্থ হয়ে কেন দাঁড়াল বাজ গিয়ে ওঠি আমার মেয়েরাও হবে জীবারা বের তো বলে কি হারানো সমস্যা ওই
/kaggle/input/regspeech12/test/test_sandwip_0120.wav,মানে হিসের একদম কর আহারায় তিনি
/kaggle/input/regspeech12/test/test_sylhet_0257.wav,বন থেকে আঁটিয়াটি নায়ন ফুল থেকে আটিআটি প্রতিদিন যাইতাম প্রতিবাদ প্রতি থেকে হাঁটিয়াটি আবার নায়ের ফুল আয়াইতাম আহারসহ বাজার বাজার করিয়া আনতাম আনিয়া রামতাম বারতাম খাইতেম আর পড়তাম মনে মনে ভাবতাম যে আমার যে
/kaggle/input/regspeech12/test/test_sandwip_0040.wav,কিন্তু কি বসিয়া অতিরিক্ত বসিয়া জিয়ান এবং ফাসলিন
/kaggle/input/regspeech12/test/test_noakhali_0012.wav,মেরিকাম করের হবেমাত্র ইহা করতে বেগী নাম ডালের নালুর বান্ধবীরা গেছে নালের লগে দেখা করত
/kaggle/input/regspeech12/test/test_habiganj_0094.wav,কুড়ানিত্ব যাই মানুষ মজার লাগিয়া কুড়ানিত্ব এলে আমার বালা লাগে একটু কুড়ানি দিক দেওয়া তারপর ছবিটুকু তুলুন সামনে পিকনিকে কোথায় যাওয়ার ইচ্ছা আছে
/kaggle/input/regspeech12/test/test_rangpur_0058.wav,এখনো এখনো নেই যে বর্তমানে যে আমরা মজুত রাখি তামরাই এখন খাবার করি এটাই জানি না কিন্তু অনেকের প্রেসিয়ার্ডি শুক্রবার প্রথম রমজান শুক্রবার আগের রহমান শুক্রবার
/kaggle/input/regspeech12/test/test_sylhet_0147.wav,পার্থক্য তো বৌদ্ধা গোমায় আমরা তো বুড়োই বুঝি নাই আমরা তো নেই ফান করতাম পারি বৌ হয় না আমরা যে মার অতিথি তারা দুর্বল আপনারা মাপ্পাসের মেয়ে
/kaggle/input/regspeech12/test/test_sandwip_0051.wav,কেন গ্লাসিয়ে কি লড়তে গেছে নাকি কি লোগোয়েবায় হরিশাল দেশে কেন নেয়াত্ত লোগোয়েলামি এতে গ্লাসিয়েরা ধরতে গেছে বরিশাল ছিল তারই রক্ত ভাসে কিছু কোনো রকমে বন্ধ করতে এলে না সে আসে যেটাকে বুঝে লেখালে গেছে নিচে
/kaggle/input/regspeech12/test/test_kishoreganj_0199.wav,আর না না না পাঠানোর কাছে তাকাল
/kaggle/input/regspeech12/test/test_sylhet_0409.wav,বাবার বাড়ি কোম্পানি বলতো যে চার দফা তো কিনো না তাই তো দাও তো দাদা দাদি বলেন তাই বের করে ঠিক করে আর আমরা রাখি না
/kaggle/input/regspeech12/test/test_sylhet_0506.wav,দিনের আগে জোর বেশি বোম্বা করে দাম কিছু বেশি পুকুর দাম তার মানে তা হয়েছিল তাকে বিজেপি তা করতে পারে মানে কিন্তু হোয়া বিদ্রোহী হচ্ছে কেন প্রায় আমার টাকাটা তামার অভ্যায়নে সেতুর মাঝে দাম প্রতিরোধে পাওয়া আছে
/kaggle/input/regspeech12/test/test_narsingdi_0081.wav,আমি একদিন খেলে ধরার দিন গেছি আমি তো তোর উপর ঠিক তেপারেশনের মতো ঠিক তৎকালে খেলার নাই যা আমি তো বড় খোলাবানের লাইকে থাকতাম না আমার তা হাইড বেশি দেখতিয়া নারিলিয়া ক্লাব পর্যন্ত খেলার নাম দুটার কিনা ফাইভে যাচ্ছেন দুর্ডা ফাস্ট পেসলে
/kaggle/input/regspeech12/test/test_chittagong_0035.wav,তুই সময়ে হাঁদিব ওরে আব্বাই বেরোলে হোনিংকে চাইতে না পারি ছেলে বিলি বেরাম মাও যে জনের মধ্যে ক্যানসেল করে দেয়
/kaggle/input/regspeech12/test/test_kishoreganj_0154.wav,ওগো লাগিল কী বাবা
/kaggle/input/regspeech12/test/test_narsingdi_0014.wav,বাউন্ডারি হয়ে যায় ওরা চোখ খেয়ে দেখে না অর্ডারে রান দেয় আবার বাউন্ডারি না হলে অর্ডারে চার্ট দিয়ে দেয় ছয় দিয়ে দেয় এরকম অবস্থা দেখে একটা রিভিউ সিস্টেম ওরা ম্যানেজ করতে রেনা ওরা নস্য করি টাকা দিয়ে কী করবে
/kaggle/input/regspeech12/test/test_sylhet_0176.wav,বুঝছি তারের বাড়ি যাই না তারাও আইন দেবা
/kaggle/input/regspeech12/test/test_sandwip_0072.wav,গ্রেগেরি গুলো যত গ্রেগেনে একবার ব্লাড টেস্ট করার দরকার তত্ত্বের কেনবার না বলে আর বিক্রিমের বা পাইলে যদি কোনো সমস্যা ধরা হয়
/kaggle/input/regspeech12/test/test_sylhet_0432.wav,ভুক্তের ভাই ভোরে ওয়ার্ম ব্যায়ার করেছি কেউ আমার বাড়ি তোমার বোন কোথাকার আমার কাকার বোনটা একই অবির্ভাবে তাহলে বুঝলে এখন একুব্রত আমার রাস্তার দিকটি একটা দিক বাড়ায়
/kaggle/input/regspeech12/test/test_narail_0078.wav,টাজবাড়ি ফরিদপুর খেয়াল আয়োজন করে গিয়েছিল আমরা ছিলাম তো
/kaggle/input/regspeech12/test/test_narsingdi_0095.wav,কোরিয়ান কার্টুনে গরু অ্যানিমেয়েরা অ্যানিমেল উল্লাহ হলে কথা কবি না আমি ঠিক করব তারে কবি কোকোমেলন কোনো কার্টুন আছে নাকি এডোয়ানে কোকোমেলনের চিনা
/kaggle/input/regspeech12/test/test_rangpur_0066.wav,অনেকেই নাই
/kaggle/input/regspeech12/test/test_tangail_0047.wav,ইরফান খান নিয়ে খাইতে পরে এরকম করে খাইতে নেয় পরে ইরফান খান আবার লাফ দিয়া পানিতে যায় ওর একটা আবার আলাদা ই আছে আলাদা ভাতে থাকার জন্য আরেকটা ই রাখতে যেহেতু ও বুঝতে পারছে বাঘ যেহেতু
/kaggle/input/regspeech12/test/test_sylhet_0541.wav,তাই আমি দুপুরে পড়ে রেডিয়া করেছি তাহলে ইয়া গেছেন আমি আর মা তাকে এবং তার পরীক্ষায় তার জোগান লুটে উঠেছে যে ব্যক্তিবাদ মনে কমে গেছে না সে যে দেখতে নাও পরে লটারি আমরা পাইছি দুইটা
/kaggle/input/regspeech12/test/test_narail_0019.wav,সেই সমাজ কেউ চালা না ও সব কথা শুনতে চান ভাই আজকে মা মাত্র না সুজন মাত্রের বৌমার্ত না রে সত্যি কথা
/kaggle/input/regspeech12/test/test_sylhet_0090.wav,বই তো মানে এমন নয় পরিবর্তন হইতে অনেক পরিবর্তন হইতে আমরা যে বই পড়ি চিকিৎসা হই
/kaggle/input/regspeech12/test/test_tangail_0095.wav,কিন্তু থাকি না মনে ওই আশা নিয়েই থাকে যে ইমান আসবে কিন্তু অনেক দিন যায় ইমান তো আসে না রণবীর কাপুর সখিনার জন্য খোঁজ নিতে যায় ইমানের বৈষম্য কিন্তু কাল মানে কেউ চিনে না এরকম
/kaggle/input/regspeech12/test/test_chittagong_0118.wav,মাতা চল দিস রূপটির লক্ষ্য ভালো হইতিছে এতে না গত বুঝাবুঝাইতে আরে আরে হয়াইতে নারী তাহলে এশিয়ার মধ্যে একবারে নৌডিকী এটি আলো ছটফটের আয়োজিত কিন্তু পাঠদায়
/kaggle/input/regspeech12/test/test_kishoreganj_0184.wav,এলো তো হলো এলো এলো এলো
/kaggle/input/regspeech12/test/test_habiganj_0041.wav,ইতারে বাইবোনদে পড়ানি জীবন সম্ভব না অইন্যতা করাইতে পারে আমার মা যদি অইন্যতারে পরাত্মী বালা হইলে আরিতারে পড়াইতেইলি তোর জ্বালার যন্ত্রণা বাইরের জায়গা নিজের ভাইবোনদের প্রতি একটু খেয়াল নাই ইঁতারে আমি কি তা পরাইতামি তার কথা বলে আমার রাগ হইতে জাগা কৈ একটা বুদে আরেকটা এমন রাগউডে
/kaggle/input/regspeech12/test/test_kishoreganj_0030.wav,এটা না করতে চাই নির্বিঘ্নে লাগে আমার দিকে তো সবসময় হইছে মাইক ট্যাক বা রাইডার বিভিন্ন কিছু বিনু ক্যাম্পাসার মাইক ট্যাক বাইতাসের বিভিন্ন গাড়িতে চব্বিশ ঘণ্টা পরে উঠে গেছে
/kaggle/input/regspeech12/test/test_barishal_0095.wav,বৌ পোলা হা রে সংসার দেবে ছাড়া বাড়ার দিকে একটু কই আমি তো দেখি বিদ্যি ছাড়া বাড়া কই থেকে খালি গেছে কোনো মনে কিছু করেন না ভাই আমিও হামনাল্লাহেঙ
/kaggle/input/regspeech12/test/test_sylhet_0375.wav,তাইনোর কাপড় সুপার নিজে নিজে দুইলে তাইনোর খাবারদাবার রান দিয়া রাখলে তাইনো লইয়া খাইল তোমার ও ও কাজটা তানোর দুই ভাইয়া সিস্টুডেন্ট তারারে আমি কই যেতাম তোমরাও পড়ো আমিও পড়ো আমিও পড়ো তোমরা যেরকম স্টুডেন্ট আমিও স্টুডেন্ট
/kaggle/input/regspeech12/test/test_sylhet_0455.wav,মানে তারা আমার তো মনে করো আমার সম্মান করে একেল ও যেহেতু যে আমার আম্মা তারা মা মা থাকেন চোবামার যদি হুকুয়াইটা আমার বাড়িতে বেড়ানিতে এইটা আমার আম্মা তারা তো আগে কিছুটা না তা না তবে এটি তো সিরিল আছে যে হাহ কাউকে করে আমার আব্বা মাসা ফ্যানটার অন্যায়
/kaggle/input/regspeech12/test/test_narsingdi_0039.wav,বাড়িতে যান না আগে খুব মনের মূলে বানাইত ঈদে কারেন্ডা বাড়ি মারে কেন এই বর্ণার মধ্যে কারণ ধাহে একটু ভরা হয়ে যাইতেছে হাইতেছে হাইতেছে বিদ্যুৎ অফিসের লোকেরা পায়ে তো জীবন করেন আনুপাতিক হারে কারেন যাইবেন
/kaggle/input/regspeech12/test/test_chittagong_0049.wav,গরদ হালকা হাম গরিবের লাইয়ুলদের বোধ গেল হাইতাহাইতানার জঙ্গ করে ওর বাড়িতেও যেন রেডি কিন হাম কিয়াদি কিল্লি করতাম চিয়াদি বিয়ে দিয়ে এনে হাম কিনেছে তার না
/kaggle/input/regspeech12/test/test_habiganj_0030.wav,এইখানে নাইছে উঠে অস্ত্রের মধ্যে তোমার ধর্মীয় হাত পালন করতে তোমার অত সুবিধা লাগে না তা তেমন কোনো অসুবিধা লাগে না এরপর তো পুরোপুরিভাবে পড়ি না করতাম পারিও না
/kaggle/input/regspeech12/test/test_tangail_0094.wav,কোনো এক পরে ব্যবসার খাতিরেও অনেক দূরে যায় কিন্তু সুনাম কাপুর আবার রিমান্ডে প্রথম দেয়াতেই পছন্দ হয়ে ফেলে আরোয়ার জন্য সারা জীবন অপেক্ষা করতেও রাজি কিন্তু ঈমান্ত ব্যবসার কাজে যায় অন্য শহরে অরার কোনো খোঁজ নাই
/kaggle/input/regspeech12/test/test_sylhet_0475.wav,কিন্তু আমরা জীবনের বাড়ির বৈলিকা মায়ের কাছে এটা ফ্যামিলি ওদের মতো তাড়াত্রা আমি একটা মাস আমার কথা বলছি না মানে কোথা হয়েছিলে মন্দিরে কিন্তু দিন দুনিয়ায় আমি যাচ্ছি না যেন দুনিয়ায় তাক নিয়ে না মর্তি তাম জানি না মানে এক মাস পরে জানি আমি দুনিয়াতে বলার
/kaggle/input/regspeech12/test/test_narail_0179.wav, রাত্তির এগারটা স্যার এগারটা কোনোদিন বারোটা হবে স্যার এবং রাত্তির এগারটা দোকান আছে তাই ভোটটায় যে বসে রয়েছে আড্ডা এখন রাত্তির আগে
/kaggle/input/regspeech12/test/test_sylhet_0653.wav,ইন্ডিয়া তো এটা গড় বানাইয়া কমানো টাকা সম্ভব না কর মানে না দেওয়ায় তোমার খাওয়া দাওয়াতে কত সই তোমার চোখে না প্রাণ তিনি তোমার বাড়িতে
/kaggle/input/regspeech12/test/test_chittagong_0002.wav,কারণে মাতিয়ে ছিটে হন্য মাতিলেও নিযুক্ত খারাপ লাগে
/kaggle/input/regspeech12/test/test_sylhet_0621.wav,তো আছেন নাই তারা তো তার ইঞ্জিনিয়ার না তাই তো আয়োধ করে রাত মেডিকেল আবার দিচ্ছে ঐখে না অন্য কিন্তু ডেন্টাল দিত নার্সিং হবে
/kaggle/input/regspeech12/test/test_habiganj_0037.wav,আমি হই না আমি কই দিলাম লবণ এরপরে কয় যাহ করে দিয়ার মাংটা রান্দাইতাম না তুই একটা তোর হাইড্রি বাদ করত পিতা হই
/kaggle/input/regspeech12/test/test_habiganj_0042.wav,বাপ মার সব পরামর্শ বা যেটা বাপ মার মতামত সবগুলা ভালো লাগেনি
/kaggle/input/regspeech12/test/test_sylhet_0015.wav,পুজা শ্রী কহিল সবাইরে প্রত্য লেখা যে তোমার সবাই রিপোর্টের খাওয়ানো হয় একটি স্থিরীয় খাওয়ায় কেউ ধরে মিষ্টি জাতীয় ঋণের থেকে দেখে দিলে শামিলে সবাই উৎস আনন্দ উৎসব ধরেন তাঁর বাজনানিক্য যে চা পারে সংস্কৃতি হিসেবে এবং হিল
/kaggle/input/regspeech12/test/test_rangpur_0049.wav,এলা উমরা কওয়া হামরা খারাপ
/kaggle/input/regspeech12/test/test_narail_0121.wav,না ওরে সাইন্সার বলিস না বসে আজ ও কথা হল সাইন্সার বলল ভিত্তিটা ওরে দিয়াও
/kaggle/input/regspeech12/test/test_rangpur_0062.wav,ওই যে একবার হলে তাদের মধ্যে কি ওরে আল্লাহই যে ছাই দিবে তাই যে একবারে না ফার্মানিজাম্লা এটা বোনা জাম্মান আরে ওটা একটা গুণ্ডাইয়ার ওটা কি দিয়া গেল দিপা দিদি তোমার আছে দেয়া মোর হাতে এই যে কাজ দিয়ে এখেন দিয়ো কয়েকটি কলালে আঁকুলে ওটা ছাই দিব মোহ তুই মোর কোন মানেই নয়
/kaggle/input/regspeech12/test/test_sylhet_0712.wav,মানে যা হয় না নেই
/kaggle/input/regspeech12/test/test_noakhali_0014.wav,তার তারা অনেক নাব্য অনেক পরপর লাবো যার হাতলা লাফিল গায়ে হাতলা লাফিলের দিন দিলে আগুন ধরিয়ে দিবে তাহলেই মোরামোরা লাফিয়ে যেত
/kaggle/input/regspeech12/test/test_kishoreganj_0060.wav,আরে পাল্টাতে না পারিস না পূজা পূজা আরে ফাইনে গেলে যাও যাওয়াতে চাও নিক্কেলা কর্তাবাহিনীর প্রধান
/kaggle/input/regspeech12/test/test_habiganj_0034.wav,তুমি রান্নারটান্ন হতে বলা হওনি আমি তো তুর থাকতে থেকে খালি তাই রানতাম রানতাম মন আমার মা বেশি তুর থাকতে দিত না তিক্ত থাকতে তো আমি তাই তামহালি রানতাম রানতাম মোহন আমার মা দিত না হয় তুই এত পুইরামর্বে রানদাত গিয়ে আমার লিগে আরও দূর বাড়াইবে কিন্তু আমি তাই তামহালি রানতাম রানতাম এর পরিত্বে হইতে হইতে মাঝে রান তো আমি হালি বইয়ে বইয়ে দেখতাম
/kaggle/input/regspeech12/test/test_sylhet_0453.wav,কিন্তু তুমি ফুরি আমার কুটো আগে দুর্জনের বিয়ে আছে তাই মহামাত্র তোমার বুঝা যায় না
/kaggle/input/regspeech12/test/test_sylhet_0373.wav,আর এখন করতে পরিস্থিতি মানে শিক্ষাধিকার দিকে মাঝে মাঝে আপগেট হই তারপরও আবার মানে আল্লাহর প্রতিটি বিশ্বাস আমার ফিরাইয়া আনে যেন আপডেট হওয়া যাবে না
/kaggle/input/regspeech12/test/test_tangail_0034.wav,আসলেই ভাগ্যে যার সাথে লেখা থাকে তার সাথেই আবার ঘুরে ফিরে একটা নুল হই আরেকটা স্টোরি শেয়ার করব সেটা হয়েছে লাইফ অফ পাই
/kaggle/input/regspeech12/test/test_chittagong_0113.wav,ফরাই ছাড়া মিথ্যের মতো ফরাই অতিরিক্ত ওয়াইন্ডার অতি গরমে ফাটাই ফেলার যে গরম হার মুঠোতে হবে হাড় মুঠোতে হবে হাড় না পুরান দেয় দুলনাক্তুরে তুরিয়ে দেয়
/kaggle/input/regspeech12/test/test_sylhet_0367.wav,আমার কাছে একটা জিনিস সবসময় মনে হয় আমি অপটি মিচ্ছিক আমি আল্লাহকে বিশ্বাস করি এবং আমি দেখছি আল্লাহর প্রদেপদ আমাকে অনেক সহযোগিতা করছে নিশ্চয়ই আল্লাহর একটা মানুষকে যখন পাঠায় তার নিজেকের ব্যবস্থা করিয়া দেয় এবং আমি আমরা হাসব্যান্ডের দুর্যোজনেই
/kaggle/input/regspeech12/test/test_narsingdi_0137.wav,কি তো যাবি আমি ডিআই ইউ তো যাবি এদিকে জমিদার বাড়ির যাওয়ার প্ল্যান আছে অনেক টাকা লাগে
/kaggle/input/regspeech12/test/test_tangail_0004.wav,ফ্রেডির সামনের দাঁতগুলো ছিল একটু বড় মানে আমরা স্বাভাবিক মানুষ বুঝি দেখি দেখা যায় না বাইরে থেকে কিন্তু ফ্রেডির সামনের উপরের দিকের দাঁতগুলো ছিল একটু উচা আর বড় তাই মানে দেখতে কঠোর লাগে
/kaggle/input/regspeech12/test/test_sylhet_0297.wav,গুরুত্বপূর্ণ কিছু না জাস্ট তাইনো হ্যাপি থাকলা তাইন যদিটা পেমেন্ট করতে পারেন প্রপার্লি তাইনো হ্যাপি থাকলা তাইনো গিফটও দেওয়া হইল বাবা মাও খুশি থাকল সামাজিক যে কংস্কৃতে অগ্রিপালন করা হইল
/kaggle/input/regspeech12/test/test_chittagong_0138.wav,তুরে যদি একটাম হই ইটার হবুদের মাছ লয়ে যাও তাহলে ইটার আনিব ইটার আলো তুলা লাগে ইটার গর্ত কিছু আইনাভোগ ফলে তুরা হাসানায় কেঙ্গে ফাটে কিছু হল আয়াত কীরগুণ
/kaggle/input/regspeech12/test/test_narsingdi_0016.wav,এই হইল দেশের পরিস্থিতির উৎস অন্যান্য দেশগুলোতে দেখ অস্ট্রেলিয়া দেখ নিউজিল্যান্ড দেখ এক মিডল স্টার অস্ট্রেলিয়া খেলতেছে বলের কী গতি না ইংল্যান্ডে দেখ জিয়াল টেন্ডারসন
/kaggle/input/regspeech12/test/test_sylhet_0551.wav,আর আমার বাসার সপ্তাহের মুসলিম একটা বেশি মোবার নাম্পানি ছাড়া তিনি গেলেন স্যার যেন তাড়াটা কহিলাম যে আমার মাকে পারতেন তিনটা সাইটে ভরে উঠুন যার খারাপ থেলাডিও কমাইয়া নিবি প্রেস হারে খৈরাল থেলার এই তিন বিষয়ের নামে থেলার নিলে কিছু হবে হইব
/kaggle/input/regspeech12/test/test_sylhet_0022.wav,তার ভিডিও অনুসারে পূজা করার পরে মার খাচ্ছে জঞ্জুলি টাইমের সময় মাইকেল হাউস করে আমরা গিয়ে অঞ্জলি দিই এমনি পূজা করাই সপ্তমী পূজা পূজার পরে এখানে প্রসাদ খাওয়ানো হয় মানে ঘরে আমরা খুব বেশি আনন্দের পৃথক খাওয়ানো হয় তারপরে ধরেন কিছুরই কিছুরই খাওয়া সবকিছু সপ্তমী পূজা
/kaggle/input/regspeech12/test/test_narail_0006.wav,মনে করল তার আত্ম কত তাই তুলতাম মান্টিস্টার তবে ঘরের অত খবর আমরা কি তোর বাবা আপনি করিতে নাকি যেই জমিতে এই ঐ জমিতে ওই এসব কেন কৈচেনি কেন জানি এতোয় যে জমিজাতিরা খাইছে কিনিতে এই জমানোকেলে জমি দান আইনটি একদম কিনতেছে
/kaggle/input/regspeech12/test/test_tangail_0071.wav,এটা বরুণ দাওয়ানের একটা মনে একটা জায়গা করে নেয় পরে বরুণ দাওয়ান ডেইলি কার্ড ফ্রেস্ট করে হাসপাতালে যায় ফিল্ডের সাথে দেখা করে অর মানে যে কোমায় গেছে মানে সেন্স যে নাই পরে ঐ সেন্স ফিরিয়ে আনার ট্রাই করতে থাকে
/kaggle/input/regspeech12/test/test_rangpur_0091.wav,তুই ইয়া মদ্যানী তুলছে তো ভালোই নাকি কোনো ধূর্থামেলা নাই ধূর্থামেলা নাই
/kaggle/input/regspeech12/test/test_sylhet_0151.wav,তারা কি তা করে ঘুমায় পড়ালে আছে তুমি না তুমি শুরু যেন তবে বিয়ে ফাইনাল গুলে সিন্ডিয়ার বাজেটি হয়ে গেল খান বড় জনের নাঈম্বর্জিত হল শালারা পাড়িতে কোনো ব্যাগটা ফ্রাক
/kaggle/input/regspeech12/test/test_sylhet_0697.wav,আর তিন ছেলে তিন বউ তিন বোন তিন বিয়ের গুলো নাতি মুসা ফিন তিনটা তিনটা দুই জনের গুণ আমি কেন কেন বিয়েতে
/kaggle/input/regspeech12/test/test_chittagong_0076.wav,সাঈদ বেসরকার ললে টেনশন না সরকারের মতো খাইতাম নৌসরকারের মতো দলিত তুই সাইসোল্লাও এরা করিবে আর আইন রাস্তার সাহায্য করিয়া খুঁজিও সরকারিত মনোবিজ্ঞান আছে তো
/kaggle/input/regspeech12/test/test_sylhet_0230.wav,বাদে হইল জ্ঞাম কোথা করতে হতে কত মানুষটা যে আমার বায়ের যে না করিয়া দিছ না দেখি আর একটু দেখি রেজাল্ট টাকান্দা বারো কোথাও তা হইয়া হইয়া বাস দিন তার আগে বিদায় করিয়া
/kaggle/input/regspeech12/test/test_tangail_0118.wav,সবকিছু মিলে কিন্তু এখন একটা দিনই ভালো যে শুধু প্রধানমন্ত্রীর ওপর ডিপেন্ড করে নাই দেশের সবাই যে যার জায়গা থেকে কেন করার জন্য আগে আসতিছে এখন রিসেন্টলি দেখতেছি কিছু ব্লগার রাফসান্দের ছোট ভাই
/kaggle/input/regspeech12/test/test_habiganj_0048.wav,কে কে গিফট পাইত আমি গিফট পাইতেছে চুরি পাইতি খানের পাইতি জামা দিতে করে পুতুল আছে না তুলতাকে আমারে পুতুল দিত বেশি খাতের পুতুল
/kaggle/input/regspeech12/test/test_kishoreganj_0181.wav,এলাতে হলুদ এলাতে হলুদ এলাতে হলুদ এলাতে হলুদ এলাতে হলুদ এলাতে হলুদ
/kaggle/input/regspeech12/test/test_narail_0080.wav,আমি কি তোরা বলেছি আমি যদি অখুশিই হতাম তা আমি কথা বলতাম না না যে শুদ্ধ ভাষায় কথা চায় আমি তো কালের বাসার লোকজনদের সাথে শিখান মন নাটক
/kaggle/input/regspeech12/test/test_habiganj_0082.wav,রিভার ক্যান্সার করে বাস মেনে মারা যাওয়ার আগে ব্লাস মর্কেন্টি ওই মারা গেছেন তাই না এরা দুই ভাই এক বোন আবু ডাক্তারি ফরাসিয়া সুলতানি চক্রবর্ণ হোটেল
/kaggle/input/regspeech12/test/test_chittagong_0065.wav,আর তো এই সিডি মাত্র তিন দিন আরও ভিন্ন লাগব না বিএসএফ নারী আর বিএলে নয়তো
/kaggle/input/regspeech12/test/test_kishoreganj_0076.wav,গাধার আমাকে বলা না কিন্তু হ্যাঁ খুলে নাও কেউ উঠো
/kaggle/input/regspeech12/test/test_sylhet_0294.wav,আমি আমার এক প্লেটে লইয়া আইলাম আওয়ার করে তাই লইয়া গেছেন তো গেলাম গোল্ডের দোকানো দেওয়ার পর আমাকে যেটা গেলাম গোল্ডের দোকানো দেওয়ার পর আমি কি জানি না
/kaggle/input/regspeech12/test/test_kishoreganj_0201.wav,তা নিয়ে এখানে দুটি মাত্র দেব এই বোকাটি কথা দিয়ে দুটি মাত্র দেব কী কত কথা দেখছি আর আই এম কি চালাবানি কি কি উত্তরের হয় বিদ্যুৎ
/kaggle/input/regspeech12/test/test_rangpur_0076.wav,মাঙ্গুটা মাঙ্গু
/kaggle/input/regspeech12/test/test_sylhet_0663.wav,তাই না লাগবা তো এখন না তাই না লেগে মাত্রা তারা
/kaggle/input/regspeech12/test/test_barishal_0003.wav,দেখি না চোখে দেখি না চশমা ছাড়া খালি দেখি বৈঠকে পড়ে গরু করে ফ্যান দিতে মাইর দেনা ফ্যান উত্তরবঙ্গে কালকে নিয়েটা দেয়া হয়েছে
/kaggle/input/regspeech12/test/test_rangpur_0074.wav,কিন্তু একটা দেন ও তুমি হয়তো কি মেয়ে হয়ে আমার কয়েদিন যেতে
/kaggle/input/regspeech12/test/test_narail_0036.wav,ওই দ্বারে খাল খুলি কাকে দাগা
/kaggle/input/regspeech12/test/test_sylhet_0705.wav,যে এখন আপনার ধর্ম হিন্দু এখানে সনাতন ধর্মাবলম্বী মানে কতজন আছে
/kaggle/input/regspeech12/test/test_sandwip_0100.wav,আগে হলে আইন যেতুগু খরচ করছে এগুলি দিয়ে লোহার কত খরচ করতে হিসেব করেন তাঁর নিয়ে তো এটা যে এখন স্থিতিটা হারাম সরকারি চাকরি করা দাও মহানন্দে ঠিক আছে
/kaggle/input/regspeech12/test/test_narail_0145.wav,তা তো অবশ্যই কি বলো তুমি এখানে আসবা সন্ধ্যার সময় আসবার আয়েত থাকবা পরিচিতির পূর্বেলাম নির্দেশন ছেড়ে নেবে না
/kaggle/input/regspeech12/test/test_sylhet_0217.wav,এবং আমিও ধরছি যে হাউস ওয়াইফ এটা তো আমরার জন্মগত একটা প্লেস্টার আমার মায়ার হাউস ওয়াইফ আমার তাদিয়া সিল হাউস ওয়াইফ আমার বাবিরাকে দেখিয়া হাউস ওয়াইফ আমার বৈনের চাচা তো বৈনেন খালাতো মামা তো বৈনেন সব হাউস ওয়াইফ আমিও মনে হয় হাউস ওয়াইফ করিম
/kaggle/input/regspeech12/test/test_chittagong_0169.wav,তাহাই দেখা নাকি অন্য কিছু ভেতর বড় ফুফি বা বানাসা নয়
/kaggle/input/regspeech12/test/test_narail_0009.wav,আমি বললাম যে কী হেরেছেন টা পয়সা টা পয়সা তো আমরা পাইছি দশ হাজার টা শুনলাম যে এত কত ঠা দিচ্ছে আমাকে চিকিৎসা হতে ঠা বসাতালে কি আলো আপনি খাইছেন নালে আমরা খাইছি কচালে তুই লাইনে থাক আমরা লাইনে থেকে মনের সাথে কথা করো
/kaggle/input/regspeech12/test/test_sandwip_0118.wav,হেঁটে পাওয়া আইয়ে পর্যন্ত সবকিছুর মস্কার হাসপাতালে নেই সের জন্য আছে মানে কোনালি আর পাঁচিথন
/kaggle/input/regspeech12/test/test_tangail_0067.wav,মানে বসতে গেছিল ওর সময় মানে পিছলে যায় নিচে পড়ে গেছিল আর কেউ নিচে পড়ে যায় কিন্তু মানে পড়ে যাওয়ার ঠিক সময় বলে গেছিল যে হোয়ারিস ডেন মানে বুরুন ধাওয়ান কোথায়
/kaggle/input/regspeech12/test/test_sylhet_0128.wav,তারপর প্রতি মাসে করে মেনাদের আমরা বেতনও দিব সাবান ফুটার সাইটে লাগিয়ে সত্যও মেনাদেরে দিব প্রতি থাউস দিন সমস্যাটা নেই না না তাই না
/kaggle/input/regspeech12/test/test_chittagong_0013.wav,শান্তরাব্দ আগের তীর্ণ দিতামাহান ডুবানুজ্ঞ্ঞ দপ্তরের শৈলী তা দুও তো দম করিবে ভেক্টরি লাঙ্গাইবার জান্না করিব না তীব্রে মুক্ত থাকার ছেলে যে এত নামার শুরুতে গিয়ে আরও তিন মাস আত্মা তিন মাস শক্ষ বিরাহ
/kaggle/input/regspeech12/test/test_rangpur_0089.wav,একশো এগারো তুই এগারো বছরের কালে বেলাইয়া রোজা চুক্তি অনেকি কী ভাব কি দেখেছিস
/kaggle/input/regspeech12/test/test_sylhet_0617.wav,তো এখন কিন্তু তা তারিনি কেন আছে নে তাই যা খালকে শনিবারে হাইকেল তুমি এখন মানে সবকিছু দিচ্ছ নাম আছে না তাই না আজকে সকালে উদ্ধার করেছি বাড়ির গেসলা তারা সাথে আপনার মারার কিছু নিয়ে নেই
/kaggle/input/regspeech12/test/test_sylhet_0127.wav,বুঝছি কারে মেয়েদের হাসি না কী করে যে হাসি না মেনেজার আছে মেনেজারে প্রতি মাসে টোয়েন্টি টিকিটে হাত মেনে দিব
/kaggle/input/regspeech12/test/test_sandwip_0022.wav,গো তিনের লাগিলা কি
/kaggle/input/regspeech12/test/test_comilla_0002.wav,আমরা তো গরির তন্ন একটা রূপই ভালো কিনত না যে অবস্থায় তন্ন দাম পাঁচানব্বই হাজার বুড়িয়ে পড়ে আমরা কী করে মেরান্ডা দাম খেলে বাড়ে খেলে বাড়ে খাইলে বাড়ে ছয় হাজার হাজার থেকে আশি হাজার আশি হাজার নব্বই হাজার নব্বই থেকে হাজার আট হাজার কারণ মনে হয় থেকে এক লাখে হয়ে থাকে
/kaggle/input/regspeech12/test/test_kishoreganj_0131.wav,এক রকম ফল এদেশে হলে অনেক রকম ফল
/kaggle/input/regspeech12/test/test_barishal_0051.wav,গরুর মতন খাড়ে তাই এবার আর তো একটা জীবন মুই পাঁচ দিনের দশ দিনের মাথা যদি একদিন জিরেইনে বয়ে থাইনি হেদনা গদিনে মৌরি মনে করেন রেসপার্টেলেন কস্পস কস্পস্কোর্তি তাইয়া তো মুই মনে করেন ভাল্টেই নে
/kaggle/input/regspeech12/test/test_kishoreganj_0141.wav,চরম রোগে আক্রান্ত হয় হয়তো না আগে কথা করি আরে পিটনাশক মাটি দূষণ কি করে
/kaggle/input/regspeech12/test/test_narail_0141.wav,আমার সতীন ভগ্নিপতি কেন না তুমি দেখাই কেউ রয়েছে স্ত্র এ কিন্তু আমি কি হাসি দাঁড়াই খেয়ে দেব
/kaggle/input/regspeech12/test/test_sylhet_0156.wav,তেলিগ্রাম আকৃতি হালি দুই চক দেখৈ খায় এখন বহুত বালা জিন্দে গিয়ে কি এলাকা কি রকম আত্মীয় সময় কি এলাকা তাতে পাইল জঙ্গল আছে
/kaggle/input/regspeech12/test/test_tangail_0003.wav,ওরা তো আর ভোকালের তো এটি মানে বুঝে আর কি কিন্তু ভোকাল তো একটা মেনেই থাকে না পরে ওরা নিতে চায় নাই কারণ উয়ার আগে গান টান করে নাই
/kaggle/input/regspeech12/test/test_rangpur_0009.wav,ঘুরপাড়া আসবেন একটা আইটা উপহার নিয়ে যাও ঠিক না কেন মা কথা আমরা তো একটি মা আমার গেজে পড়ি না
/kaggle/input/regspeech12/test/test_sylhet_0358.wav,কাগজের একটা হৈম যেটা তো আমার টার্গেট আছে পাশাপাশি আমার একটা পেক্ষা দরকার ওটা আমি খুব ডাইভিং ভিডিও
/kaggle/input/regspeech12/test/test_narail_0186.wav,আমি তেইশ চব্বিশ তারিখে যাব আর আছে কালকে যে সন্দেশ্টান্তেষ খাওয়ায় আসলাম কালকে মীর্জাফুরকে ছিলাম আমি আইসিয়াসে আজকে সকালে কালকে সকালে আর কি পরশুদিন গিয়েছিলাম দেখিনি
/kaggle/input/regspeech12/test/test_narail_0111.wav,ঠিক করলে তুমি কী করলে কারণ অঙ্কুর সিহিরে নিয়ে কালিয়ায় তো একটা বছর কালিয়ায় থাকব আর ফাইভে দেখতে দেয়াব কারণ সাইন্টারে ওয়ার্ল্ডে নিয়ে খুব স্বপ্ন বুঝিস
/kaggle/input/regspeech12/test/test_sylhet_0213.wav,নতুন নতুন ভোটার মত এটা দেখিয়া নাম দেখিয়া আমরা বাইবেলেই তো খুব হাসতাম এত ফিদগুটে ফিদগুটে নামাইত পিতা পরিমূল্যস্ত প্রদূরণ্যস্ত পিতা বা পিতা মা
/kaggle/input/regspeech12/test/test_noakhali_0022.wav,বলো এখন মিলে খাই
/kaggle/input/regspeech12/test/test_chittagong_0136.wav,রুমি আবার এনে বলত নজারিতের হাতাও নিয়ে রে মানে হাতার দাগিনি জানা হইবে আর যাবু হাত দিয়া তুই আহুদা আয় নজরুম হাতে কিলান অজাবি আয় হাত দিয়া আছে যে মনে হসে হাত যদি যদি বেশে থাক না আমি নগরীর বেশি সেই হটগ্রি
/kaggle/input/regspeech12/test/test_narail_0114.wav,তুমি থাকবার চিৎকারে ভাই বিবৃতি পরীক্ষাটা হলে দিয়াবত দিয়ায়তের খুলনা জিলা স্কুলে বা পাবলিকি বা নৌবাহিনীতে যে কোন একটা সব করে এই দেখে তাই তা বলে আমি নিজেই পড়াব
/kaggle/input/regspeech12/test/test_chittagong_0042.wav,আম্মা উগ্রহেনে আর ফেন্ডের ঘরে এখন একদিন আবে আম্মা গলিত থাকবে ডিউটি বুঝিস না তো না হয় একটু ফার্টি দেখিম ইউটিউব করে দেখিম গা গা গড়ি কী
/kaggle/input/regspeech12/test/test_comilla_0007.wav,ওর মানে প্রথমে বের হয়ে গেছে দুল্লার মধ্যে বসার জন্য দুল্লা এটার সবটা কথা আমি রুহির মুখেই শুনছি যে ও দুল্লাতে যে প্রথমে বসতে গেছে তখন ওর সাথে ছিল ওর আরেকটা ফ্রেন্ড ওই ফ্রেনটা আবার ওর মানে একদম ক্লোজ একদম স্কুলের প্রথম দিন থেকে ওর সাথে বন্ধুত্ব হয়েছে
/kaggle/input/regspeech12/test/test_chittagong_0145.wav,হ্যালো কি রেচুরা হন্ডে হয়তো তথো নু নু হ্যালো না বিলে ছোড়লা আসো
/kaggle/input/regspeech12/test/test_narsingdi_0105.wav,কবিবার নাই তুই গ্রামের কাছে পরিপক্ষের রামান্যের সিদ্ধান্ত ছাড়িয়া ছাড়িয়াছে জেলিটা জেলি আরও হেরে গিয়াছিল কাপের মতো দেখা যাচ্ছে ওদের ফাস্টের ফুড ইন্ডিয়াছেন না বাচ্চারা খায় বেঙ্গু পুলিটি
/kaggle/input/regspeech12/test/test_sylhet_0280.wav,লেভেলের মানুষ তোমার নাম না হয় একটা পাবলিক বাস থেকে কি পাস করুক একটা মেয়ের লেভেল লেভেলের পুরুষ লাভ না যেটা গ্রামের মধ্যে এভেলেবল না আর আর একটা জিনিস নিল গিয়া তখন গ্রাম তো গ্রাম আমার মা
/kaggle/input/regspeech12/test/test_sandwip_0060.wav,পাশে পর্যন্ত শাড়ি ফিলিপো মা গাকি হাতুড়ি বুঝেছে অনেক ব্যথা বৃষ্টিমুখো বাবা কেন থাকুন শাহের ইন্ডিয়া দেখি গৌরম আর হিন্দিরে না হরিয়ান হিন্দু দিলে আবার হিতে খুলি যা করে কদিনের তিকেই কী সংকলন খালে সাড়ে শিক্ষার্থীর শেষ হয়েছে
/kaggle/input/regspeech12/test/test_habiganj_0107.wav,উনিশ তারিখ শুরু ইসল আর শেষ হবে এক তারিখ বুঝার মধ্যে আবার কিছুদিন পরীক্ষা করব আক্রান্তের পরীক্ষায় তার চাই পরীক্ষা অন্য একসময় সাধারণত পরীক্ষা হয়ে থাকে
/kaggle/input/regspeech12/test/test_kishoreganj_0134.wav,কলা কাটা কলা কাটা নাও তরমুজ পেঁপে কলা কাটা
/kaggle/input/regspeech12/test/test_sandwip_0131.wav,এমনি বাহির জীবনে হয় এটা দিল্লি নিতে হইবে এবার মেয়েটি খুবই যদি খারাপ রেজাল্ট যদি মস্কার আগে পারহাল করেছেন না আর তো দরবার কোনো রাজা কেমনে নীরজাতার আলোচনা হয় কিন্তু তিনি আরে করছেন জানি না জিভাল দাগানো করলে বিয়ে দিয়ে লাগেন আসলামান হিয়েলাই করছেন দিয়ে লাগেন যে
/kaggle/input/regspeech12/test/test_rangpur_0102.wav,কিন্তু চোরের সাথে কথা হয় নাই সোয়াক সেলিম ওর আগস্ট হইতে আজ তা হয় না আর কথা হয় না
/kaggle/input/regspeech12/test/test_sandwip_0042.wav,মানুষ স্থিত হওয়া রাত মানুষ আয় কেউ করাইতে মানুষ কিছু বাতালামি আর আবার কেবল আমি কেন আবার খায় এলেছি হুসায়েনে ওই এলাকায় আনেছি নতুন হেভিলেসহান আছি
/kaggle/input/regspeech12/test/test_rangpur_0001.wav,আমি দিলে যে আমাদের বাড়ির সামনে যাব হ্যালো মেয়েনা কে কে মা কেন শাখায় পানিই খাইবে কেয়ার করছে মানে নিবেন না
/kaggle/input/regspeech12/test/test_sylhet_0094.wav,দোকান বাকি লাগে দুই হাজার বাহিনীর প্রতি তোরা তো হাজার দেওয়া যাওয়ায় না ঘরবাড়ির একটি তিন হাজার পাশ করো দোকান বাকি লাগে দুই হাজার বায়াতে ফিরতি দেওয়ার ক্ষুদ্র
/kaggle/input/regspeech12/test/test_sylhet_0588.wav,এন্ড্রো না হয় আসলে এন্ড্রো যদি জানতাম আরও আগে রাখলে ভালো হল না কিটা যে বেটাতেছে যেটা করা যাচ্ছে কিভাবে একটি স্যার চৌঠিগুলি ফোরিয়াউচিও করে
/kaggle/input/regspeech12/test/test_narail_0175.wav,নয়নের বউ থাকে কানে অনেক শরীরটাই আছে বলো হুম
/kaggle/input/regspeech12/test/test_sylhet_0748.wav,রামলাইয়া বেরিয়া হইল তাহি হবে তাহা নিয়েছি তৈরিদিন যদি তাহার আস্থায় টানে মাস্তায় ব্যথাটা খাইবে
/kaggle/input/regspeech12/test/test_tangail_0056.wav,অভিনয় সবকিছু ছেড়ে দেওয়ার একটা অভিনয় কিন্তু যেটা সবচেয়ে বেশি আর কি পীড়া দেয় বা যন্ত্রণা দেয় সেটা হচ্ছে একটা মোমেন্ট যেটা মানে গুডবাই বলার একটা সময়
/kaggle/input/regspeech12/test/test_narail_0170.wav,জামাই কোন জায়গা
/kaggle/input/regspeech12/test/test_sylhet_0385.wav,তিনি এক ভর্তি করেছিলেন মহিলা বলে তখন ভর্তি পরীক্ষার্থী আপনি কাউকাঠি করতে পারেন
/kaggle/input/regspeech12/test/test_habiganj_0047.wav,মানুষের গিফট দিতে ভালো লাগেনি হান সে গিফট দিতে ভালোই লাগে দ্বিতীয় যেমন সামর্থ্য অনুযায়ী গিফট দিতে অনেক ভালো লাগে
/kaggle/input/regspeech12/test/test_rangpur_0020.wav,শাক খাওয়া খুব ভালো না রমজান মাসে মজা হলেই থাকে আছে খালি খায় তাহলে খাওয়া দাও কিস্তি দিয়ে দিতে ডিম বাজা বাইগুন বাজা কি আরো
/kaggle/input/regspeech12/test/test_chittagong_0161.wav,ওটা কয়েকজন ব্যাস করে দিলেন মাস্টার জুন তিনু মানে তো সরকারি কলেজ বাকি বেসরকারিরটি আমরা আয়োজনিং কর্তৃপক্ষে আমরা যে একটি আলো বোঝা যাবে তুষাগারে কতটি আলো অনার্থটি আলো
/kaggle/input/regspeech12/test/test_sylhet_0472.wav,কিন্তু তো জায়গায় কোন জিনিস বৈ না হয় কোন বোনের কোন জিনিস প্রচণ্ড কোন জিনিস দেখাই বোকে বাইরের জন্য অতাচ্ছে তাহলে ওদের খুব কোন উদ্ধতা নাই বাঙালির দাবি আর বৈনয় চর্চিত্রের হার হারানে আমরা চক্রিত আর বৈণাটি একটু উপন্ত্রিপাহী এগুলো বাড়িগুলো দেখান
/kaggle/input/regspeech12/test/test_sylhet_0304.wav,সিলেট থাকতাম পারি ও কন্ডিশনে দিয়া তাই না তো লাঞ্চা ঠিক আছে তাই না তাই মা বাবারাই বুঝাইছেন যে তোমরা যে ইপুরে গিয়া ভূ দেখিয়াইছ ইপুরির তো রান্দাগণ দেখাইতে এবার তাই না সিলেট থাকত চাকরি পরীক্ষা দিত তা হতো তা হতো হন
/kaggle/input/regspeech12/test/test_sylhet_0020.wav,একটি দিন পর প্রথমে সন্ধ্যার সময় বেলগাছের নিচে পূজা করার প্রথম দিন যদি সন্ধ্যার সুরে দলটা টাইম হতে প্রশ্নিত যায়
/kaggle/input/regspeech12/test/test_sylhet_0732.wav,মানে চার দিন উঠে নিল এরা জরুরি একটা চারটা দিন চাচার নিল তাড়াতাড়ি ধরনের বিজয়ী তোমার দিকে ছেলে আর্জেন্টিকা ভোগ করে না পোক্তা তালি কোন কোন আয়োজন করে ও তো এরকম আয়োজন করে আমরা বলবেন না
/kaggle/input/regspeech12/test/test_rangpur_0039.wav,প্রত্যেকের কথা কম দেয়নি কি তুমি না
/kaggle/input/regspeech12/test/test_rangpur_0082.wav,আমার মা যেমন অভিনয় যেমন করি হামরা মাঠ ঘেরে দেখতি ওই জন্যই হামরা এখনো কিছু শিখতি বুঝতেই স্থানে বাবধান সাজানো দেখতে এখনো কিছু কিছু
/kaggle/input/regspeech12/test/test_chittagong_0005.wav,অফিস ডুবুর তো নেহাম তাড়াতাড়ি দেন বয়ে সকালে কানাগুলি যাই এরে বৈলী বই তার মধ্যে ভিতরে যাই গুয়েন্দ্র যাই এরে ক্লাস থাকতে ক্লাসের ক্লাসে যাইতিছু আই আয় ফজলা তাইয়েরে হইলেদি ছাড়া রোগীর আয় বিশ্ব মুঠোর দিকে লাটানি এরা সেগুনামাদ দেখেছিল নাহি
/kaggle/input/regspeech12/test/test_tangail_0012.wav,ফেরি মার ক্রীড়া সেলে ছিল হোমোসেক্টুয়াল তার সাথে অনেক ছেলের সম্পর্ক হয় আর এই বিষয়টাই নেই মেরির যে ছিল যে মেরির দেখিল আর ওর সাথে আর কি ব্রেক আপ হয়ে যায়
/kaggle/input/regspeech12/test/test_sylhet_0581.wav,এটা হয় যে ঘুরে পাওয়ার বানি নাকি কিন্তু গ্রিনিয়ান্ড আসলেও শুনতে রেখে দেখি নাকি এই বাড়িতে আমরা শেখ হাসিনা পার করেছি প্লেসটা একটু ছোট্ট হইল সুন্দর বাজ দুইটার আইডি করতে একটা রেলগাড়ি একটা স্কাই ট্রেন সুন্দর লাগতে প্রেম করতে
/kaggle/input/regspeech12/test/test_chittagong_0060.wav,না জানি কী রকম এতো তাহলে প্ল্যান্টের নাই তোর সিটি কলেজের তো টাকা লয়ুস না বিলির টাকা লয়ুস না সিটি কলেজের তুমি কিনলাই
/kaggle/input/regspeech12/test/test_sylhet_0239.wav,মুখ নাও সারা জীবন আমরা রে কষ্ট পাইব আর আমরা রে পদ্মাদি বলতে আব্বা নাই হরিয়ামারা খাইছেন না তারা পায়াইনামারে যেমন হরিয়া বিয়াদিলাইস নাই দেখুন তো তাই কিন্তু করত স্যার আমরা একটু দেখি নাই ও দেখিলাই হয়ে ও দেখিলাই দিতেছেন আমার বাই আমার আনিয়া
/kaggle/input/regspeech12/test/test_narsingdi_0122.wav,বই প্লিজ এয়ারপোর্টটাই লাগা না ডিস্কে নোট করে গেছি এ দেখ রাখা যা দেখতে কি সুন্দর না চেপটি দেখ একই ক্যারেক্টার দুই রূপে না এসে হিউম্যান থাকতে পারে মুজান কি বুঝছে জিহারে ডেমন বানায়েছে
/kaggle/input/regspeech12/test/test_tangail_0021.wav,দুই হাজার এক সালের রিলিজ পায় সেরেন্ডিপিটি আমার অন্যতম একটা ফেবারেট মুভি কারণ এই মুভিটা একটা লাল স্টোরি মুভি আর ছবির নায়ক থাকে জোনা থানার নায়িকা
/kaggle/input/regspeech12/test/test_sylhet_0394.wav,মাত্র ওখানে দরজার মেলায় ওন আইটিটা প্রতিবেশী লুকিয়ে কি জানিয়েছিলেন
/kaggle/input/regspeech12/test/test_sandwip_0025.wav,জাহিদা একশ মেঘ ঘুম আসল
/kaggle/input/regspeech12/test/test_sylhet_0040.wav,মা লক্ষ্মীর ভোট আছে না দুর্গা সব ঘটনাটি পানি নিবে গোটা বিচ্ছিন্ন পানি নিয়ে তারা এই পানি দিয়ে পড়ে আমাদের হাতে স্বাগতিক আছে এটা দুটি অপরাজিতার ডাল আর তাকে অপরাজিতা ফুলের ডাল আরে কি কি স্টার্ট করে মন্ত্রোচ্ছা করিয়া
/kaggle/input/regspeech12/test/test_chittagong_0039.wav,ঠিকটা পদার্থে পদার্থের একটি নামে জোরমুর হইনি না একটি নাটাগরি কেয়ার করবি বৈন্যবাল আর কি আর সিনিয়রী বিব্যন্তরী ফল হারি রমজান মাসের ফল হারা
/kaggle/input/regspeech12/test/test_noakhali_0024.wav,একদানে কথা করব তাড়া করিয়েন না আমি একটা ইটভানি ইট বাঙানকে করিয়া কাজ নাই বিলিয়া কাজ নাই এই কোনো লাগে বুঝছি গঙ্গা
/kaggle/input/regspeech12/test/test_sylhet_0178.wav,কয়েন রে মাইলা হাই পাই কিছু না একজনের জোহরা ও মাদ্রাসা চাকরি করেন একজনের যা ওত হয়েছে ওটা নাই তোলার মতো আগে কোনো পুরো আর একজনের পর্রা অন্য গ্যাসলাইন পর্রা আর আর আপনার মানে হুন্দার আর ওর কাম পুরোন ও লাকিতা কোনো পুরো বাঁচাও
/kaggle/input/regspeech12/test/test_narail_0185.wav,মেয়েরা বিবেচনা করেছেন তিনি
/kaggle/input/regspeech12/test/test_sylhet_0603.wav,ম্যাডামের চোখে যখন ছবি টুপি তুললাম রূপে লাভি ম্যাডাম হইতেছি ম্যাডাম যে ভালো লাগতেছে আরেনি মানে আমার কিন্তু কিছু নয় নেই পিন্তা না নিতে তোমরা তো মানে
/kaggle/input/regspeech12/test/test_narail_0044.wav,দমাদারের জায়গা রাখল তোর বাবা ওই জয়ী ফাটে কুয়োর কুল দেখিয়ে দফাদরকে শান্সিবু ও তো তেনবে না না কিন্তু ও তো বরাবরই বাংশের ফল
/kaggle/input/regspeech12/test/test_narail_0129.wav,গরমের ভিতরে দারাবার উঠিত সে অর্ডাকের কাছে চন্দন যশোর আছে মনে করেছি প্রচুর গরম তো জেনে যাবানি থাক পরেক সময় আছে তুমিও তোমার অনেক মিস করতেছি আজ মাস্টার সময় সময় দাও
/kaggle/input/regspeech12/test/test_sylhet_0383.wav,যদি আমি এত যদি থাকি না তাইলে কই থাকি না একটা বিছানটা ভূমধ্য দিয়া গিয়া গিয়া তারপরও আমার বায়ের দিয়া আনসিন আমার একটা কুচির্ণ দিয়া পাশেও নাই উঠিল একটা ব্যস্ত হইতে নাই এখন মেসোর্টি অন্য আমার লোভের আলো সাইট চাইতে আস্তানো ভুলে গুলিতেও পড়ত তারা আমরা এগুলোকে
/kaggle/input/regspeech12/test/test_sylhet_0287.wav,আমাদের যে তোমাদের আমি হয়তো আমার থেকে কোয়ালিফাইড হাসব্যান্ড পাইনি তখন আমার টুইটার নিয়ে সার্টিফিক আর যাই হোক আমি যেই স্ক্রেসের মাঝে রানের মাঝে উঠছি আমার একটা ড্র হইব এবং আমি চাইলে এখন আমার থেকে কোয়ালিফাইড হাসব্যান্ড পাইনি
/kaggle/input/regspeech12/test/test_narail_0107.wav,ওটার থেকে যখন ডাক্তার দেখাইছিলাম ইনফেকশন হয়ে গেছিল আর এবার দেখালাম তা ইনফেকশনের ইটা কমে গেছে আর ওটা ভেঙে ছোট হয়ে গেছে
/kaggle/input/regspeech12/test/test_sylhet_0043.wav, আমরা অনেকটা পড়ালেহ একটা ব্যাপার হই মানে আঞ্চলিক ভাষা নিয়ে আমরা একটা রিসার্চ আছি তাই আমরা এমনি একটু ক্ষোভ কর্ম কথাটা কি দরকার তিনটি বাহিরের দরকার আপনার
/kaggle/input/regspeech12/test/test_kishoreganj_0028.wav,আহাওয়াদি নাম না বুলেটিকা মানে ইলা মারা গেছে ইলা সিলে আছে তাই জন সামবাজারে উঠতি যেন একটি স্কুল আছে কি একটা কিন্তা গাড়ি মা একটা স্কুলটা লোকের মেয়েরা মা একটা ছেলে নামে অঙ্কিত কেমন
/kaggle/input/regspeech12/test/test_barishal_0039.wav,এখন কাকে কয়টা গরু পাল না দিদি খেয়াল করেন গরু পাল তো হলে কিন্তু খাটনি বেশি না এই যে আম্নিদিকের সন্ধ্যাকালা দিয়ে গাছগোজা কাটলেন কী দরকার আসলে রতন তারপর ঠেলে হালায় দিতেন কাটলেন কার তোমার লাগে কাম করে আর দান পাকতে ও গাছে দান কাটতে
/kaggle/input/regspeech12/test/test_chittagong_0023.wav,তিরাঙ্গত চিকিগর্গী হবে না তিরাঙ্গত গেলাম ঘুরিলাম গাড়িলাম বেকুনুর লয়ের পুষ্কটিস্থ হাইরাম গেলাম পুষ্কটিস্থ হাই আয়োবই আর না হয়তো বেশি কর্মপ্রচুর
/kaggle/input/regspeech12/test/test_narsingdi_0030.wav,একটা টিম যুদ্ধে অভিযোগ কদিন আগেকে দেখলি না এক রিপোর্টার আতার আলী খানের জিগাইল যে আপনি বাংলাদেশ কিওয়াল কাপ জিতবে কবে উনি বলল যে দুই হাতে এসে
/kaggle/input/regspeech12/test/test_habiganj_0111.wav,পঁচাশ নম্বরে কিছু নম্বরে উড়াই লিব মানে ঠিকমতো পড়ে নাকি হারুজার মধ্যে পরীক্ষা এলে একটু কিতা মানে এটা অনেক দিয়ে ফিরিল যাকি
/kaggle/input/regspeech12/test/test_barishal_0025.wav,হাজারান ডাক্তার যে অক্ষুক্ত খাওয়ায় না পোলাপান্ডে ওনার কিন্তু একটি গুঁড়ি গুঁড়ি ট্যাবলেটটা দেয় সাদায় ট্যাবলেটটা বাচ্চাকের জন্য কঠিন উপকারী জিনিস এই লোক মনে করেন তিন দিন খানের পর যেই রোগটার লাগিয়া নি ভালোই গেলে ঐটার খান এত কইছি যেই অসিথালা হই না
/kaggle/input/regspeech12/test/test_sylhet_0025.wav,এখানে তখন বাস্তা তৈরিতে রান্না বলেন এখানেই মন্দিরের নেবে তালু তখন আমরা গিয়ে খাইছি কিছু রিট খাওয়ার পরে ঘোড়া গুড়িচা পড়ে এখানে চাল তিনি অনুষ্ঠান হয় তবে চাল তিনি অনুষ্ঠান এই অংশে পূজার তো যশ্য পূজা মাদক দেয়ার ক্ষত বা সিস্টেমেটে পূজা করা মানে অনেক কিছু দেওয়া হয় চাকুরী থেকে
/kaggle/input/regspeech12/test/test_habiganj_0092.wav,ঘুড়ানের জ্ঞা বেশি এক্সাইটেড রোড দেশ একদম ভদ্র শ্রদ্ধার মতন ভালা মানুষের মতন মার পৃথিবীতে গুরু না ঘুড়ানে গেলে তত্ত্ব মজানন্দ পড়াল না কিন্তু মানুষ ঘুড়ানে যায়
/kaggle/input/regspeech12/test/test_barishal_0026.wav,এই ওষুধ থালাবি নাই এমেডোবিসিয়েন্স দেন যে বোতল মনে করেন আপনি দেখাইতেন আমি মাথা নাচ্ছি যদি গুরুগারের ঔষধিতে নীরব হালাই দেয়নি
/kaggle/input/regspeech12/test/test_narail_0061.wav,তোমায় এবং মালাইখা চলেছি রাস্তায় মালায় ফেলে বলেছিলাম কপাল নির্মাণটা বুঝিয়েছিলাম
/kaggle/input/regspeech12/test/test_sylhet_0204.wav,বাদে দেখলাম যেদিন দান বিদায়িত হয় ঈদিন স্কুলের টাইম যদি হইতে দশটা আমি গিয়া বৈথান্ন মাঠটা
/kaggle/input/regspeech12/test/test_habiganj_0040.wav,আমারও একটা ভালো আমি তোর হারি বালা হইয়া বাজ মুজ মুচক কর্ম কইরা আমার ঈদে একটা ভাবছি কই মা কিন্তু পানিও নিকম দে আমি কিন্তু তোর হাইতে পানিও একটি দিলাম সবটা হরমোন দিকাতে লাচ্ছে দিয়ে এমন ফানি দেই পানি দিয়া তোর হারি একবারে বার্ডা হইতে থাকে আর তোর হারিয়া ভিত্তি জাল দিতে দিতে একবারে তোর হারি গলায় নাই
/kaggle/input/regspeech12/test/test_tangail_0007.wav,আচ্ছা তারপরে তো ও ব্র্যান্ডের সাথে যোগ দিলই ঠিক এই সময়েই ফ্রেডির সাথে আরেক জনের পরিচয় হয় ম্যাডি
/kaggle/input/regspeech12/test/test_chittagong_0011.wav,গুড়াইয়া হেফাজতে নেহ না তো তা না উহা দূরে দূরে হালায় আটকে হালায় আচাইলে নদীটো দিয়াই দেনি
/kaggle/input/regspeech12/test/test_habiganj_0024.wav,তিন বেলায়ই পূজা করে অনেকেই আস্তে তিনবার পূজা দেয় সকালেও ঘুম থেকে উচ্চা দিব নয়টার বিক্রি আটটার বিক্রি আবার দুপুরেও দিব আবার সন্ধ্যার পরেও দিব
/kaggle/input/regspeech12/test/test_sylhet_0329.wav,তখন বইলা যে আমি একটা তো আমার ভালো লাগে না তোমার একলা পরিশ্রম হয় তুমি একলা দুজনের ফরাস্তাতে বিয়ার করো ভ্যাটা বাড়াও তাতে আমি দুটো খাটো চাকরি ঘড়ি ঘড়ি করব কি তার চাকরি করবে
/kaggle/input/regspeech12/test/test_comilla_0016.wav,বেতন দিয়ে বেতন দিয়ে উনি স্কুল থেকে বের হবে আর উনার মেয়ের নিয়ে স্কুল থেকে বের হইতেছে উনি কিন্তু জানে না ওনার মেয়ের যে অবস্থা সবাই বলতেছে কেউ একটা কারেন্টের শখ মানে সবাই এটা ধারণা করতেছে যে কারেন্টের শখ খাইছে এজন্য কেউ একটা বাচ্চা দুর্ঘটনায় হইছে ওরে
/kaggle/input/regspeech12/test/test_sandwip_0004.wav,হার্মনির জন্য উনি হার্না জাগান অ্যাক্টবারে অ্যাক্ববারে তিন চার বার প্রশ্ন হয়েছে লোকে কন্যা হিতে হার্মনি দে আর ভাতার একবার প্রশ্ন হইলে তাহার আজ দরকার বেড়াইলেই তুমি কোভার হারি যেভাবে
/kaggle/input/regspeech12/test/test_habiganj_0025.wav,আচ্ছা প্রসাদের মধ্যে কী খাবার মানে থাকতেই হবে বাধ্যতামূলক প্রসাদের মধ্যে দুধ জাতীয় খাবারটা বাধ্যতামূলকভাবে থাকে আবার পল্টল বা তুলসী ভাতা তো আমরা বাধ্যতামূলক তুলসী ভাতা সব যে কোন প্রসাদের মধ্যেই তুলসী ভাতাতে মানে যেটা দিয়া পর্যাচ্ছা যাইমু যেটা দিয়া বুক দিমু ইতারুক্ত তুলসী ভাতা দিমু
/kaggle/input/regspeech12/test/test_noakhali_0021.wav,রুকি থানা ওটাই বাই বলো সিনেমায় ছিলাম
/kaggle/input/regspeech12/test/test_chittagong_0154.wav,শুনে আরও করে এক দেউলে অনেক সালামুন্ডা এলে গ্যান হন দেয় প্রথমে কাঞ্জাফারের এগিয়ে একটুন বান্ধবীরের এগিয়ে বান্ধবীরের একটুন আংটি পুঙ্গ জিতেও বরান্তি রেখে যাবেন না
/kaggle/input/regspeech12/test/test_sylhet_0005.wav,কেন স্বপ্নের কারণ হ্যাঁ কোন স্থানের কারণে নেই এই জায়গাটা আমি বেশি করতে চাই না কিন্তু আমার সাহায্যের কথা শুরু হল না আমি কিছু ভাবি না কারণ আমি ভুলেছি পানির জন্য বেশি
/kaggle/input/regspeech12/test/test_chittagong_0175.wav,আজের কুটুবদাইয়ার বেশ দুর্গ যে আন্টিরে তাহি বলে না তাহে কুটুবদার সামনে যায়নি দল লাগাতেন মাঝে মাঝে শুধু
/kaggle/input/regspeech12/test/test_narail_0113.wav,ওরে কহানি তো দিলে চরম একটা ব্যথা কেন জানিস কারণ তুই আজ থেকে আমার বন্ডের এই চামড়াতে ব্যস্ত তুই মুন্ডি বাঘ বাল্লা
/kaggle/input/regspeech12/test/test_sandwip_0047.wav,তুই আলো কি লাগছ তাই একটি মুখ বাড়ি নাই কাকে ক্ষমা করে দিলাম বেশিক্ষণ যেন বাদান্ত হবে এই দিন খুব ভালো না না এই দিন বেলা ক্ষমা হেন
/kaggle/input/regspeech12/test/test_narail_0131.wav,ওই তো কি তুমি খুলনা এক পা কবে তাই তো জাগানি দেখি তুমি খুলনা এক পা আমার সত্যি কথা বলতে কি আমার এখন এই জায়গায় আমার থাকতে ভালো লাগে না
/kaggle/input/regspeech12/test/test_sylhet_0539.wav,আর তারিন্য তাই আগে থেকে হয়েছে তারা বলেন গিয়ে আসতেছে তারিন্দা গেছেন বাড়িতে দিন তাই হাসব্যান্ডের ফ্রেন্ডের এই এখন আমি নাই হয়েছি তাই আর যাইতাম না এখনো যাইরে না আর পরে যত
/kaggle/input/regspeech12/test/test_kishoreganj_0048.wav,লাস্কেই যায় লাস্কের অনেকটা এক গোল নাকি তো বেতেল ভালোবাসা
/kaggle/input/regspeech12/test/test_barishal_0076.wav,আর একবেলা যদি মনে না হয়
/kaggle/input/regspeech12/test/test_narail_0178.wav,ও বলে কী কাজ বাস করত
/kaggle/input/regspeech12/test/test_sandwip_0087.wav,মাছ জাগান ফুল ধরিতেও দেন হুজে লুক রয়েছে মাছ জাগায় হাত অধিক না মাথা না যাব দিতেও থাকে কে আছে
/kaggle/input/regspeech12/test/test_tangail_0061.wav,বরুণ দেওয়ানোর ছবিতে মানে বরুণ ধারণের নাম ডেন আর রয়েছে বানিতায়ের নাম হচ্ছে শিউলি ওই অক্টোবরে যে শিউলি ফুল আছে না ঐ শিউলি ফুলের নামেই আর কি নাম শিউলি
/kaggle/input/regspeech12/test/test_kishoreganj_0047.wav,বিলে ঐ জনকে পোয়ান দেয়া কানান কিছু কাটা
/kaggle/input/regspeech12/test/test_sylhet_0076.wav,এটা কি তাহলে কি করে এবারে বাইরে একটা আয়ে বাড়ানো নাই যেমন পড়ালেন হবে দেহ না মানে ইচ্ছে কি তার পিতা হরতায় আমি তো আমার ফ্যামিলি কবিতা আছে পিতার বাড়িতে
/kaggle/input/regspeech12/test/test_sandwip_0059.wav,দৈর্য কেন নাই ও টোনাল্ডিয়ায় তো দেয়নি বিশ্বাস
/kaggle/input/regspeech12/test/test_sylhet_0271.wav,এটা গ্রেড ফাইটে গেলে আর ফাইটটি সাবজেক্ট ইংলিশ সাবজেক্ট থেকে এটা পাওয়া অনেক কঠিন এটা তো আমি পয়লা বুঝছি না ফার্স্টিয়ার্স পরীক্ষা দিয়া ফার্স্ট সেমিস্টার বিপুলের রেশন দিচ্ছি না এখন থ্রি পয়েন্ট জিরো আট পাই
/kaggle/input/regspeech12/test/test_habiganj_0086.wav,আর ছোট ভাই একলা বাঁধটা চুপ করে আরেকটুকু লেগে চুপো নার্সারির জন্যে এরা কেমন দুষ্টামিত ঘরে তোমার কথা শান্তশিষ্ট না দুষ্ট নাকি তোমার কথাও তা শুনিনি এরা এরার কথা হইলে আমার বেড়াতেও দেখতেন ঘরে
/kaggle/input/regspeech12/test/test_sylhet_0733.wav,বিয়ারামুগ্ন আচরণ বাদে ফানার কী হইবে তার বাদে কী হইবে বিয়ারামুগে তো বাকি যায় বাকি যায় বাকি বিয়ার বিয়ার বিয়ার বিনিময় রাত্রে বাকি বিনিময় রাত্রে বাকি বিনিময় রাত্রে বাকি বিনিময় রাত্রে বাকি বিনিময় রাত্রে
