path,transcription
/kaggle/input/regspeech12/test/test_sylhet_0070.wav,ইগুত তো বেচ তো আমি স্টারি ফরছি খরি আর দক্ষিণ সময় কলেজোগেতে আমার বইনাসা তু মামুগ্রো বইন তরে মংগুরো বইন বলতে আমার ব্যাকফ্রেন্ড বলতেফারো কলেজ লাইফের তাই গেস্টারি ফরতেবা তাই আমি হাখর মলে দবিনদীতি আরতাই আস্তা তাই রিছি
/kaggle/input/regspeech12/test/test_narsingdi_0002.wav,তারহা তো ওই খারাপ খেলাইরা আসেনা তারা ভালো ওই লিগগুলাতে ভালো খেলে ডমেস্টিকে ভালো খেলে পরেই তো ওদেরকে জাতীয় কইরা ঢাকা হয় হ কিন্তু কী করবে ক প্লেয়ার তো আরে একটা বিলো না প্লেয়ার তো অনেক
/kaggle/input/regspeech12/test/test_sylhet_0637.wav,তারাও কিতা দেওতোনি তারাও কিতা যৌথনি একলগে থাখোইন নজনজন তাখোন এখলগে আরখজন বড়  আগা  ুতোয় ডাক্তর
/kaggle/input/regspeech12/test/test_sylhet_0227.wav,তোকান্দিখানদি ফরীক্কা দিলাম টিয়া অয়া আইতে অখন তো স্টোমোর করা ওউ বারিত রাস্তা একটা বুঝছোনি বাড়িত ঢুকবার একটা রাস্তা তী কনোত্তে ফরীক্কা দিয়া আইতেওইবাদে দেখি আমার বাইয়ের আ রাস্তায় মাটি নিলায়  মাটি পালাইয়া আইবা বড় খবে
/kaggle/input/regspeech12/test/test_tangail_0035.wav,লাইফত পাই দুই হআজার সালে রিলিজ ওয় কিন্তু আরএইডে ডিরেক্টর ছলো এনডি এই ছবিটা যহন অস্কার পায় তারপরে আমি প্রথম এইডার নাম শুনছি যে লাইফঅত পাই প্রথমেএভাব ছিলাম যেহেতা ম্যাথমেটিকদের কুনু থিরিটি নিয়া হবো যেহেতু লাইফ পাই আছে আমরা এটি প্রাইেট
/kaggle/input/regspeech12/test/test_narail_0103.wav,আর বুকে এট্টু উন্নর ধরা পরে গেলো মানে বুকে বলতি উ ভিতরে তা অপারেশন করিছো মনা অপারেশন করার কথা কয়ননি নানা টুকমারটায় আপন জায়গায় সেটা দর
/kaggle/input/regspeech12/test/test_rangpur_0053.wav,আর আগে টেকা হলা আছিল খা তাই যাই বাজার নিয়া হাটত গেসছিল আর আতছি হ  সে আছি আল্লাহর খাছে হাজা ঠুকুর মোর কোনো জিনিসের ঠযাকা নাই হ সেইটায় ম া কি টা কোর ঠ্যকা বাার তো  শুকুর া
/kaggle/input/regspeech12/test/test_sylhet_0067.wav,খতা খরতে আমি নিজেরে বুঝতে খরলাম আমার ফরে আফ খরলাম কিচ্ছুখা নাই সামনিতে তাাওক্কা তাআমি বইত আছি ফরে তারা মনে খরতে আমি বর্তি ওইতো না অনেখদিন গেছি গি আমি বর্তি ওইটি মারটের তশ তারিকে নাইওনিব আতার বিয়া ওইফা বিাা তর বিয় ওইয় গেছে ফেব্রুয়ারি ি
/kaggle/input/regspeech12/test/test_comilla_0032.wav,অর পুরা ফ্যামিলি আমাকে খুব লাইক করতো তো এখান তাকিা আম চব্বিশ বৎসর ছিলাম এইখানে আমার ওইদেশের চলা ফ্যারা খুব ভালো লাগছে কিন্তু অনেকে বিদেশ কষ্ট এই সেই কিন্তু আমার কাছে খুবই ভালো লাগছে
/kaggle/input/regspeech12/test/test_narail_0018.wav,তা আমরা তো খাই নাই তা আমরা খালি খালি সে কাডা আমরা খাই নায় যদি ওর মাইসে তো টাকা বদিসে দিয়ে তা তাইল তোর মাইনসে তো ভাই খাইছে তোর মাইনসে তো বাইছেওর অবে আমরা খাই নে আমরা খ ে  আমরা দশ হাজার টাকা পায়াইতে তা তো তোর মাও জানে সে সেডে সবাই যে না  সবাইরেকাকাটাইছে এয় তো ব ম্েলা দিন আগে আমরা কবায় যায়
/kaggle/input/regspeech12/test/test_sylhet_0047.wav,আরর কিলা টাইমওন যায় রকে ন কিতা খরোইন বাসাত আম্নে তো কলেজ যেত খরম যা রেগুলার গুলাযে যাওয়া লাগে ফাওয়াইবে আরকিন্তু ভাসাত দবইনা ফন্চি বাই গফ ফরি রান্না বারা খ তাইন বার খরোই া খরোইন কিতা কিতা খারোইন তা া ফা একটু পাখি তাএক বেটারি তুবিতি পেসটিকালাইন আমরারে
/kaggle/input/regspeech12/test/test_sylhet_0203.wav,ই হেগুডার মাই্যে ধান গাঁটা ধান গাঁটা খুব কষ্ট রাছিল ইটটু খয় উুটা লইয়া মুরু আ তেখে দানি আরা চাকরি গলা আনি আছিলাম তো খুলু আমার আতীলতা চাকরি তা এআখেলা যদি একে দাও দিতাম ি া নগু
/kaggle/input/regspeech12/test/test_chittagong_0166.wav,আজি রাজি তুফিরান ফর ইয়া সনিলাই ন যাই দি যেেনা বরা ন্ডা খার বিয়্ে দলুনরে তো আনে ন তিন বাইর দে না তারা ছত বইন খাদি তাাল্দা ফরে দেয় দল্লনর বিয়্যে নাম অইন্নি ত দলুনর বিয়ে আর কি
/kaggle/input/regspeech12/test/test_narail_0155.wav,ডাকতা দাাতে এখনতা াকতাদায় দে র যাত্ছাদেছে ক োং করে বুইডে দিয়ে যাবার ছা লাগে াা া দিতি যাবে তাই
/kaggle/input/regspeech12/test/test_habiganj_0060.wav,কিন্তু তুডু দুই এডে ওত খষ্ট অয় তান ইতারে একটা জিল্লে ধরতা তিবো আর আমার ছুডু বাইডে তো আমারে
/kaggle/input/regspeech12/test/test_habiganj_0033.wav,আচ্ছা তোমার রান্লা টননা নিয়া এখন বওছান কিতা খরতে ফারো
/kaggle/input/regspeech12/test/test_rangpur_0065.wav,ওর ওইি া হ্যাঁ টিপো হুইনতে যাবে  কথা ক মে ওই ক্ষন পরের আপ  ি বন দায় কি করে না ইতা কত তেয় টিপো
/kaggle/input/regspeech12/test/test_sylhet_0113.wav,আমার তাখালায় জামাইও আতি তালো গি পবায় মানুষ থাকতিও তারা দো আল্লা যাইবা দিনো বল আছেন না তা কষ্ট দাখলে আমরা আস্তে একটু করতে হবেন বুচ্ছি ওয় আল্লায় দিপানে কষ্ট করতাছে কল পাইভা
/kaggle/input/regspeech12/test/test_kishoreganj_0185.wav,এলো ফলা বানাইবা অলোতেলো কর বাা এলো লো মুই  এইটা বাফো এলু কতো তিল তুল এলোওতল দিয়া হলু হুম
/kaggle/input/regspeech12/test/test_sylhet_0248.wav,না বিয়া তখন খরিয়া কিতা ওইলো হুম ওউ তারারে এখটা জবাব দেওয়াতো অখন দায়িত্বের মাঝে ফরি গেছে বাইরা মরমান রক্ষা গরা ওউ খরতাম ফড়তে ফড়তে আমার টার্গেট আছিল কে যাইও মিনিমাম  ক্লাসটা যেনো তাখে
/kaggle/input/regspeech12/test/test_sylhet_0482.wav,বালো টোর রাখে ইখানে আওয়ার খারণ মানতো রাখি আমার আমি একটু ট্টুত্তমান বাচ্ছানা মা ে ছো আমার খাা ওইছলো ম দেবি ওওয়ার হরে গলাশিখমচ্চা বেশি ওইসে ও খারণে একটু জাগা ফালটা নে নিজের বাসাত থাকি এখটু দূরেই থাখা তারফরেও তো বুঝরাম না কিচ্ছুরে বাবা নিজের তো ভবিষ্যত দুইয়রল খরার লাইগগা আইছি একটু নিজের বাসাও রাইখলা কিন্তু বাড়া থাখা আমি ক্যান বুঝরাইনা আমার সময় ঠর লাগবো  খয়তন বাচ্চা হে এখজনও নাই
/kaggle/input/regspeech12/test/test_sylhet_0236.wav,তরে তো আমরা বিয়া দিলাইতাম তোর কিতা ইচ্ছা তো আমি খইলাম রেজাল্ট তো হর্তি অখন আফনারার ইচ্ছা আফনারা দিলাইলে তো দিলাইবা কিনতু আমি ফড়তাম মাখরার ইচ্ছা আছে
/kaggle/input/regspeech12/test/test_sylhet_0391.wav,সিলেটি না িডকতে আমাতো না আইচ্ছা তো তাতা নেও আইওো  ম হ ওতো ওই আব্রা যা খত তেভাড়া টিয়া নিয় আন টি
/kaggle/input/regspeech12/test/test_narail_0136.wav,আমার মার দুই বছরে ইন্ডিয়া দেয় বেড়াবে আর দুই বছর আমি যাবু দুই বছর যাই আমি কাগজপত্ররেতারপরে মারে নিয়ে যাবু কোন দেশে যাবো ইটালি ইউরোপে যে কোনো দেশে ঢুকার ততাস ইতালি জার্মানি
/kaggle/input/regspeech12/test/test_sylhet_0097.wav,ইফতা লই  থাইকটি হয় ছাতুর টিনি সবজিনি কিরখম ইডা কিু আর সবজি আইরজি সবজি অইছতে ধর আমার মায়েটা তো হাইবো হারি ডানে মাত তোইতা মা খাম খরএমর মায় তো খ আ বিি খাম
/kaggle/input/regspeech12/test/test_habiganj_0103.wav,এইখানে হোসটেলর বাদে বিবিন্ন মানুষেরে যে আঞ্চলিক ভাষাও খতা খয় এরারে কের চোখে দেখো কেত হিসেবে তোর বালোই লাগে এরার খুলা আমার খাছ তো আমার বাখেউ বালা লাগে আর কেউর বেটা বাল লাগে না আর সিলেটের বাখায় বাল্লাগে আর কেউর বাখা ওক্কডা বালা লাগে না
/kaggle/input/regspeech12/test/test_sylhet_0576.wav,ামিখাবরবিআ াক ফাকসাসআর ইবা গত ইদ কিলান গেলো আমিতো ফতিথুই আছোগত ইদননার দি ইদওর তো মানে ফিনরো আজনা আমার দেখ ওইরানা
/kaggle/input/regspeech12/test/test_sylhet_0481.wav,বইলে আমরার লগে মাটিয়া ধুইন্না তিন শাটি খারন লাখ তারার অবস্থা খারাফ মানে শকতিশালী কোম্পানি গঞ্জের মালটিান বুজরাইকডা
/kaggle/input/regspeech12/test/test_narail_0083.wav,এনে দেহা আইতো দায়িত্ব দেহাইতি খাইলে আসপা কবে তাগে বললাম না তিনচার দিন এই জাগায় থাকবানি  মানেবান
/kaggle/input/regspeech12/test/test_sylhet_0042.wav,বিবস্তার অলাও খরা আবার কী আইসবে খরে অনেক টাখা লাগে দুগাও যাওয়ার ে ডাক্তার যাকি া অনেক টাখা নাগে াখাি আমার বিজি সমস্যা  টায় নছ
/kaggle/input/regspeech12/test/test_sylhet_0148.wav,িপাস ফুটবেলাতো কি মানে আপনারা কিতা এই ইখানে নি ঠিরা করোই নি আপনার ও বাবার বাড়ি দও না বাবার বাড়িত দ্রি পয়ন্ িকলা শিবগঞ্জ তে খাাছিবয় তে বাবোর বাড়িত কে কিকর
/kaggle/input/regspeech12/test/test_sylhet_0622.wav,এখানে প্রায় আছিলগা আই অচছো আনিকটা ওইযে গ্লগ গঞ্জায় হুম র খই আফলে বালা এখন আকতে দিমান তও না আমি খয়ার দেখি সেগেন্ড ইয়ার  থার্ড ইয়ার ফরে কিতা খরমু অনলাইনে হামরা রি ওইলে অন্তত ইয়দলাই টান্সটাকটা ওইটাব  খরাযা
/kaggle/input/regspeech12/test/test_sylhet_0208.wav,ুতাফার গুতা ফারো নাইগা হুতা ফারো নাইগো আর বাবিরা খইতো না আগে ওতো মা কেউ লাইগবো তাইর বাইেন যে ডাইরে ফড়াইতো তাই এসটিফাস খরলে ফরে দিয়া দিবো গতো মানুষ ইতো ও একতিফাশ অলা ওটা আছিল টার্গেট এসএসসি ফার্স্ট টার্গেট খরি লালি মোটামুটি একটা ঢাল
/kaggle/input/regspeech12/test/test_habiganj_0028.wav,মির্মল থাখে উূজা পীজাত দিতেও ভালোয় নিয়ম কিন্তু নিরা মিশখাইয়ই দেওন ইরা মিশ খাইয়া দিলেই বালা আমরা তো মাসের মাইদ্যে দুইটা এফাদৌশি খরি ইটার মাইদ্যে একদিন তো উফাস থাকি সারাদিন পল উল ফাইয়া খরি এরফরে পরের দিন নিরা মিশখায় এরফরে আবার এমনেও হুডা উজা অইলে আরও কত কুডাউজা আততি না নি ইতা তো উপাস থাইক্কা নিরা মিশখাইয়া পূজা দেওন লাগে
/kaggle/input/regspeech12/test/test_sylhet_0559.wav,ান্ট ইছে আমিও এগিন খুব আওয়া কইছি হঠাৎ দেইখে ওইটা তো নতুন দেখতাছলাগেআর একিতো সবসময় গেআমমতো ওইয উপজেলারও থিকে তার ইয়ো দেইখাছে উপজেলাত কুনু অনুষ্ঠান অইলে অদিক দিয়া চাউন্ড য় হইবু কি্তু কাওইপুরা বুজা যায় নাইলেকা আরকিটাউসর
/kaggle/input/regspeech12/test/test_sylhet_0514.wav,ইগোক্কুন গিানটিতনো আবার ফরতা ফুরজে বার পুরে যেবি আম
/kaggle/input/regspeech12/test/test_narsingdi_0109.wav,হ্যাঁ হ্যাঁ কী জানি কইতাছিলাম মর এমে না জে কানা ক ফরে মানে হেইসময়তো অহনে যাইতা আতের মধ্যে ত্যাল ছিট্টা পুড়া মইরা গেলেগো প্যারফাই না বুজ্জান কিন্তু হেইসবেতে দুই  এক প্রোডা ত্যাল তি্টাকন তাতো খালি পড়থিন কেরে এডে এইলাগিয়া করে উডাইমমে গরমে এডা তুমতা কয়া মোডার উডা থুয়া আইয়া করতি
/kaggle/input/regspeech12/test/test_tangail_0078.wav,সেউ আসলে ধার দেনা অনেক হইয়া গেছে ফরে এই সবাই সিদ্ধান্ত নেই যে শিউলে মা নামানে বাহাসপাতাল থিকা বাখায় স্থানান্তর করা হবো
/kaggle/input/regspeech12/test/test_kishoreganj_0031.wav,এদিকে সব পুরা দেরা নিয়ব আফ্নে কি এই উদ দেরয়র লাজ্ঞা না হুম এফ্নে এই যদা যাইন  এই উুদদে যা গেছেগা ইয়া ম
/kaggle/input/regspeech12/test/test_sylhet_0249.wav,তো মিনিমাম ফাইক্কলাস থাখার তো অনেখ ফরেবিআমি তারফরে ইন্টারো আবার গ্ফ কলার পিপায়া খাক তোনা বউত বেলা ফিপায়ার রাখ খরতি ফরীক্ষা দেওয়ার বাদে বাড়িত গেছি আবার ওলা ধরছি নামছে
/kaggle/input/regspeech12/test/test_sylhet_0545.wav,তোর কিতা বস্থাতে প্রাইভেট পড়োস নি আমি নিন প্রাইভেট ভইততে টরছি না খুব ািা ওস্তা খারে আপেমেন করছেইছেনতে ওয়য়
/kaggle/input/regspeech12/test/test_sylhet_0716.wav,হ রেি মনে খরোা বুঝিলাই বা ও লগরো নাত ইটা থাখাই লাগে না মেন্ডেটোর ইটা
/kaggle/input/regspeech12/test/test_sylhet_0531.wav,ফা াছ আএকসময় কিতা অবস্থা তো ক্লাস্ট ইয়ারোর পরীক্কাত তাই ফারস্ট ইয়ারে দি লস্টে আমার অে খয় তাই গিল্লা কন থার্ড ইয়ারো আআমার বিন্ন জল ফে মানে মানে তারার অইছে কিতা
/kaggle/input/regspeech12/test/test_barishal_0002.wav,গরম লাগে একটাও বেশি হইচ্ছা কি হততে ও মনে না লাদা না এতে গরম লাগে তো হাত্তে তোনে হইয়ে যায় রাস্তা তো চুরি পড়ার দেয় না ইতে সুমা কিনতে যে কাজ মা কোলায় এই রাত্তিরে বাইটা দু পলা বয়াতে
/kaggle/input/regspeech12/test/test_narsingdi_0132.wav,ওখা গিও ইকটু ফরে চালা ইমেসি মানলা ছুডুবেলাত আমি যেই কি উটাছিলাম আমার মতো একটা বাচ্চা দেখলে আমার নিজেরে মনে হয় আবার বাবা মায়ে কত্তালা কি এতো কি উট একটা বাচ্চায় ফাইনু ইরা যে আর তরে দেখ ছুডুবেলাততো ছোটতার মতো দেহা করি না বইন আমি ছুডুবেলা হয় তো ছুড আমার নিজের ছুডুবেলার ছুডু আমি দেখছি না ওকে কিন্তু ছুডুবেলা যইরাই হোক না ছুডুবেলা িনা পরায় তরতে হবে কি তরে ইনো চাইন লাগতো  কিন্তু
/kaggle/input/regspeech12/test/test_rangpur_0035.wav,খাইয়া দেবো ু ি  যে হামার কইলে আবার যে টারে ত্যাল দেয় না  তাই মাঝে মধ্যে গেইলে এখন খবুর বাড়ি কী করবেন ও তা হয় তাই খাওয়া লাগে না  সারটিং তাই খ ে তাই ক্যাউ কো এলাজ পড়ায় ছ া তো বাড়ি মাছে মা আছে
/kaggle/input/regspeech12/test/test_rangpur_0124.wav,পার থাক্তর মনে কর এলা সাদ দিয়ে ইউরিয়ে শার কটাত করপেট এগলে দিয়্ে শাকপোলে ফোনের হা  আন্দিবের যাবু যায়া যাপু হইলো  লইয়ে তলাও পোড়ে না বুচ্ছিস এই হলো অবস্থা
/kaggle/input/regspeech12/test/test_narsingdi_0060.wav,আর আমার দান্দা আছিল কুনু সময় ফলাম গিয়া খেল বোইন আমা অইন্য মেমরি আতো দরুে খিলি আস্তে কইরা খুইল্লা গেছিগা আমার জাগা তে তাই থাইয়া দেখতো হেয়া থাকতাম আবার অনেকটম হুমর দিয়া বয়তো যে হুমার টেকনা বলে খেলতে থাইতা দিতাম
/kaggle/input/regspeech12/test/test_barishal_0085.wav,না হেইয়া কইররা হেইয়ার পরে মনে করো চামসি  এতোটুদা কাম হ ওই যে আপনের এতো কন তিকরেরতো তাই হে এনে যাইতাম কমরি নিয়া এই পলাইছা এলা রা ছিলমে যার হতো দূরে থাকছে নামকি
/kaggle/input/regspeech12/test/test_rangpur_0095.wav,ডাইল ভাগ তাইলে ইয়া খাওয়া সবতাইতে কার বাড়িত ভালো হইচে
/kaggle/input/regspeech12/test/test_narail_0109.wav,বলখায় দি প চায় বিমুল বিশ্বাস আমারে বস দিছে দুইমায় ফুছেন দুইমা পতি কিখানো টাকা ভাংছি বংকেআমা আমি শেষ ওইয়ে যাচ্ছি থাকপো না কাইলের গিরামেম খুব দূর ওইয়ে য্াও গনে দেবাস চলে যাও কনাই যতো তো কপনের মানট না ছয় মাস বদি দাকবে ছয় মাস ফরে বিদেশ
/kaggle/input/regspeech12/test/test_chittagong_0094.wav,ক আর কলেজো তন আছে টেনশন থাছে বোকগুনে ফাতররে ে ভাই ফাতর ইয়াাইছিসো ও চুটন কলেজের মদ্যে আইছি ফারত অয়  ইয়ার ভইত্তি তো  ট্ানাফ ট্যেনে ট্েন ফাইহি
/kaggle/input/regspeech12/test/test_sylhet_0283.wav,যেহেতু আমার পরিবেশ বা আমার যে সার্কান্সটেসম থেকি মানে ই বয়সের এখটা মেয়ে চব্বিশ ফঁচিশ ওইয়ে গেছে প্রায় বয়স ই বয়সের মেয়ে মানে আনেসপেকটেড সমাজ ইভাবে এক্সেপ্ট খরতো নায় খা যে লেবেলের যেইটা একটু নিচে হইলে ইটা আরঅর্থা ওইতো নায়
/kaggle/input/regspeech12/test/test_sylhet_0321.wav,বুজার খাই ফাইলেওই ইটা কারণ আমার অখন বাড়িত যাওয়ার হয় ইকয়েককি দিনা আর আমার চাকরির লাইগি আমার কড়া লাগবো তাইল কিতা করতা ওইটাম আমারে করার যে খাপড়টা দিছোয় আমি থারা দিয়ে ই্যিন কাজ করতাম
/kaggle/input/regspeech12/test/test_narail_0088.wav,তারপরেদিন তোর সেটে আমার কথা হইছে তাই ছাড়া তোর সেটে আমার কথাও হইনি তুমারে ক ছে কা  কি ইন্ডিয়াত খাইসটে আমার দরের টায়  তুমি মতুমি আমারেফোলক্ষর ছিয়া দেছিও আমি তুমার দরে যাবানি কস্তা আমি করি নাইএরে বাবা
/kaggle/input/regspeech12/test/test_sylhet_0173.wav,হচ্ছে না  ভাই ব কনদু কি ভাল্লা গ্যাতা ওইযা খা লাইনি ব তাহর  সেবারে তো আমরা গে ইনাব্যাটি আছে ভাল্লা কতা হাতটি নামা বালা
/kaggle/input/regspeech12/test/test_sandwip_0104.wav,য় যা কেব উই তো দুন ক ভার দিয়া যস তুই দুনিয়া সম্পর্কে কোর কি দেগলো নাফাইয়ার হ আঁর হরিক্কের দিনে শিপে যেন হরিক্কা দিয়ি আরও তালাশা দিতে অইবো কিয়া আঁই হেইয়যান ল্লাম লিকতু  ম
/kaggle/input/regspeech12/test/test_narsingdi_0001.wav,হান্ড্রেডও করছে দুইটা আসলে ভাবারটা অইছে কী একটা টিমে যহন প্লেয়ারগুলা সিলেক্ট করে ওইরকম ক্যাটাগরি দেইখায় না আরে ভাই যারা জাতীয় দলে আসে
/kaggle/input/regspeech12/test/test_narail_0128.wav,ওরামিনবোগেরতি অব ওরে নিকে রবা াকাকা যাগ লাগেকা যাবো একটা কাহকটু চলে আেতোতোর সে সুমা তো সে সুমা ডুমা কয় নিয়ে গেছে সুমা বিশ্বাস দোলা ভকত শ্াসের কথা তো কচ্ছি সুময় বেশ্বা খাবারাইত পারজে নাগি
/kaggle/input/regspeech12/test/test_sylhet_0495.wav,ফরে  আমি ওকটা গুরুত্ব ওইচ্ছে না আম বিরানিওরোনে খাইি তাইন আমারে এখটু ইকনে দিসো যিয়া বুয়া ইখান বিরানি ওইরো নেখাইছি এখুন লাগি আমার তপুর প্রাইবেট থাখে দরে কিন্তু ফরক ফে দললি কিতা ওইবো পর্জাপ তো আর আমার ওজ্জা মুকা দিয়া ক্যাটাটারে বিয়ার বেগোর মাজে মানে লাগের ওরখম আমা তখন আমি খই যেমন লাগে একবার টয়লেটোর বাবো লাগে মানে ও ে কিন্তু হাছা টয়লেট নায় আন্তাজীওলাম লাগে
/kaggle/input/regspeech12/test/test_chittagong_0087.wav,এসালমর তুন না আগে খইলা নারছু তুনি ফোরের ফরে আয় আরা যেতে ক্াসেরের মধ্যি আসালাম স্কুলত গিয়ইলাঙ গোই হুম এততা ইটা আনের লে ক্লাস ইডের মধ্যে এসলাম স্কু আয়গিয়ে তো এটা অলদিল ফরীক্ষা দিছালাইয় এই ফরিক্কা মাডিতিছে
/kaggle/input/regspeech12/test/test_sylhet_0004.wav,খাম খরে নে ইগো কলে মেহনতা যে মানে নিজের টি ন আরকি ক্েরেবা যেমন মানুষ কুমানতেই ফারবো    না তারার গরোর লগে আো বারি তে ফার না
/kaggle/input/regspeech12/test/test_barishal_0064.wav,আর আমার্লা হায়ন আমি যেরকম হটঠাৎ ফাইড়ে দিছি এরম কেউ পারেও না হ থাড়ান দিলে দাত খাত এরম ফুইল্লে যায় সেটা হয় সেটা হ এপর বিরি ছারান দিলে ফুইল্লে যায়  হনে এই কিছুদিন আগেই কন আমি মনে কররো বিশদিন তুরি দাঁতের মইদ্দে খালি ফুল হগা আমি বাজারে গেলে এমন কোনো দিন নাই পাঁচটা পান কিননে না খাইছি
/kaggle/input/regspeech12/test/test_barishal_0036.wav,কার লাগেইস হ হয় যে বড় বদ হহেগনাকোটওয়া হয় লইয়া যান বদলাম না ক কি কতবার ও শান্তির মইদ্যে যেমুই আছোন ত ন চুপ্তি কর তারে ছার ম কেউতা টাম না কয়তাম ত কম চাম
/kaggle/input/regspeech12/test/test_rangpur_0002.wav,কিানএকাম টস মানে পানি অটকার কারণ নানে কেউ টেকা দানা ভায় কেউ না লাছে এখন তরা আপনি বলেন া ম তো তালা নায় এনা মুকো রমনটের বাক হইলে
/kaggle/input/regspeech12/test/test_sylhet_0026.wav,দিন যে পারজন ঠাকুড় আছোন পাঁচজন আ দুর্গা ই লক্ষ্ষী  লক্ষ্ী তারফরে ফ্রসত্যিক গণেট কার্তিক প্রতিমা সবাই ছয়জনরে খাপড়ত্যেকদিন কাপড় যাওয়া অয় নতুন কাপড় নতুন গয় না
/kaggle/input/regspeech12/test/test_chittagong_0141.wav,ফরীক্কা ফাওয়ারতো তা লাইনানা ফরীক্কার ফাওয়া তো টেম ন ফাইলা আর ফরীক্কা নাই হালিও নাই ফরুন ই ফাওয়া দিওও নাই আটালাই তো লাইতুরে বল দা অনে ভিডিও কওয় যি আমরারজু আইচ্চা অাতর লাইল দিছি ফার্তে ফাওয়া যায় জার গুর রা লাইন ল
/kaggle/input/regspeech12/test/test_sylhet_0728.wav,ে সারাদিন উবাসরএডান া  যদি নানানা  ফােন খরাা দিন না ইটাও ধরো আমরা বিয়া নজেনবিয়ার দিন জেলো আমরা ধরোন দুইটা উইটা আমরাউভাগ ভাঙ্গিলু আমরা খাজ ছেফাজ এগুলা ফরা বাদে আমরা পাতখানিখালি তো ওইযে পার্থ্রেয় নানি অতা খরে
/kaggle/input/regspeech12/test/test_narail_0016.wav,তুমি তো জানো তুমার কাকড় ব্যাপারে ওইযে মনি দশ হাজার টাকা পাঠাইছেলো তা তো তুমার কাপু মারে গা লাগালি পারলো তারপরও আমি ক দশ হাজার টাকা আনলাম তা মনি বলে এই সরজতরে বলে কইছে মনি আমার বাবার জনি মেলা টাকা পাঠাইছি তা ও কলো যে কার কাকে পাঠাইছি তা ও কলো যে আমার মাইসে তোবার
/kaggle/input/regspeech12/test/test_barishal_0096.wav,রে যা ক যে কলে সামনে দা  ছে বিয় ক তা তাই আল ফাইরা পরা নাতি কম ুকম না বাজারের দিয়া পাকি কে আমনে মুগ আতকি দিব  পাত কেজি এম যদি মুই না কই মুখ দিয়ে যে হামোরে দুইডা আম কাইট্ডা দে ত র দেবাকি পচপ হালায় দেবো
/kaggle/input/regspeech12/test/test_sylhet_0198.wav,ইাতু বাইফে তো মেনজি ফুর্তি আর আব্বায় অইলা খদা থাকতা ফাখে বই থাখতায় কি হালখাখতা আমরা যিতা মনামারি লাগবো না আর আমি মততি খতা
/kaggle/input/regspeech12/test/test_narail_0098.wav,রাত্রি কি খাওয়া দাওয়া ইছে না বিয়ে তে পিটাই আইছামো বিল ওতো খায়া আইছি পিটাইছো এমি পিটান দেছো আমি ম পিটা দিতি যাবো ম গিরামে বিয়া হইছে তো তারা জানে যে আমি কেমন খাই কী খাই তারা জানে ভালা ঘরাই
/kaggle/input/regspeech12/test/test_sylhet_0683.wav,আর আফনারার বাফের বাড়ি নিয়া খউক্কা খেখদে আকোইন  আমার মা বাতাইলতালা দিলা খারতা তোখারা ক্ষাতো খরতা
/kaggle/input/regspeech12/test/test_barishal_0018.wav,নিজা জনাইকমতো রই খাবান জেং ফিরাপ খাবান তিনডে লফিররাপ কা অইলো একটা একটারে খাওয়াইন্না ঠিা  তো সমস্যা না এল বারবার আনি কইছি যে এট্টার টা খাওয়া যাগে আমারা  খালাই খ না
/kaggle/input/regspeech12/test/test_sandwip_0036.wav,আনতে আমরার ন দি ব্যাংকে াব্যাংনতে ফারলে তে িডি রে জামায়নসেত তে ইখান আ হিন্ডিয়া এতলাম া  মা লইয়া তে তাড়া   ানা কিন
/kaggle/input/regspeech12/test/test_sylhet_0241.wav,কি পাটপটা বাদে আর একতিন বিয়া তার চব্বিশ বাইশ বর্ত লই গিছান বাড়ির বাইরে ওফড়া অবস্থায় বিয়া অইছে ফড়া অবস্থায় চাকরি অইছে ই অবস্থায় সংসার এরফরে তো আর তোমরা দেখছো বিয়া তো আপনার অনেক ঐতিহাসিক অইছে ই ঘতটা গফ টাউন টাম পাইন
/kaggle/input/regspeech12/test/test_sandwip_0067.wav,কন দবসতারে এক্কান্দিন থাইকতে অইল্লা লয়া কলি থুি হেডা আইরপিগি চোখ করি যেন দিন গেছে গ যা হাইদা আ্মা দেখতি নি হুনিয়া তো লাগে এ হাগর না কি একুনো জিনে কিবলাইয়া দিন ছোটট ঠিকাছে গন হিয়ারে একদিন ঠুকতেছে একদিন বারাইছে অনারা একদিন থাইকতেছে
/kaggle/input/regspeech12/test/test_narsingdi_0073.wav,আমি গরিব বইে আমা কাপ্পার নাই ব টিন্না দিয়া বা কি বালা আমনে খরি  বড় ওই সারামিআমি তরা হনে ফুটবলের মতো কিক কইরা ইয়া একতাফালা য় দিা সস্পা
/kaggle/input/regspeech12/test/test_sylhet_0121.wav,হুজুরের ুধত্ত রাইজ দা মারবে হুজুরে ছব হুদরের মিল্লা ফাঞ্জাইবি না ব থিকটা হই তরফরে মিলাইয়া ইখানো ফাইক্কা পরে ও এ থামনে একটা মর্দেসা আছে
/kaggle/input/regspeech12/test/test_sylhet_0368.wav,মানে অল্প তো তুষ্ট অল্প তো সটিুইক থাকি  বাচ্চাগুলার ওইভাবেই গ্রব খরার চেষ্টা খরতেছি যে তারাও জানে খুব বেশি এক্সপেকটেশন থাখে না লাইতো খারণ বেশি এক্সপেকটোন থাখলে তোমার মানুষ কষ্ট পায় বেশি আর
/kaggle/input/regspeech12/test/test_barishal_0092.wav,ি াাকাম কারে ভালো থাপপে কাম করা হালুয়া হানি এই যে কিনছির কার ন তো কিল্লাগ গিছ হ চলাম নলং লইয়া যা পায়
/kaggle/input/regspeech12/test/test_habiganj_0052.wav,জাবিস আমরা নিরামিশ আমরা অনেকে আছে যে নিরামিট খায় নায় কিন্তু অনেকে খায় নিরামিখ খাওনডা ওই নিয়ম নিয়েরে মিকতা খাইলে আমরার মাইদঝে মনে ওয় যে একটা পবিত্রতায় মাত মাংসো তো এগুলা আমরা যে মাংসো খাইয়ে একটা তো জীবড়ে মাইরা ওত্তা খইরাইতাইরা আমরা মাংসডা খায় ইতার লাইগগা আমরার মাংসডা খাওন ওতোটা কিতা ওয় নায় কিন্তু যদি টাকটু নিনআমি জিনিট খায় ইতা তো ইতা তো উদ্বিদ ইতা ইতার লাগা একটু পবিত্র মানে ইতা খাইলে
/kaggle/input/regspeech12/test/test_barishal_0071.wav,হেইয়ে যদি সইয্য না ক্যরতারে তাইলে হেরম সমস্যা অনা অনে খাওয়া মুকেন তখনে খাওয়া মতা এন পরিস্থিতিতে বাজলে তো খাওয়াইতে অইবে না পরিস্থিতি ওবার রোড কইরতে অইবো হেই জদের মথ হে পারলে তো ভালো এ মে াই তো ভালো হেই ই তো পারা লা গা হয় না
/kaggle/input/regspeech12/test/test_tangail_0062.wav,তে সিউরি ফুলের একটা ভূমিকা আছে যেডা মানে গল্পের স্টোরির ফিল্ড ওয়ার সাথে সাতেই বুঝা যায় বানিতাপছন্দের ফুল মানে যে নায়িকা আবার পছন্দের ফুল ওইলে শিউরি
/kaggle/input/regspeech12/test/test_sylhet_0234.wav,তদিনি ফরে ডাকতোইন খুশকি অইয়া আমার দুই নাম্বার ভাইবাজার তেকি রেজাল্ট লইয়া আইছোইনের লগে চাইানি তোক্লয তখন অরেন্ট বাতা চকলেট াতে ইচছোন ইতা ্লজের সাইট্টা টাকাজের ফাওয়ারতাতার খ অরেন্টকালারখতা
/kaggle/input/regspeech12/test/test_barishal_0008.wav,এহন অর অরে ঢাকা দিছে ওই ভুলেট কলেজে পরথে ও বিশাল বড় ধরনের এট্টা ছাত্র অইছে এহন চাকরি পবো বাংলাদেশ সরকারে চাকরি দিছে দুই লাখ টাহা বেতন বিয়ে করলো পোটোও খালির এক রুপু সীমাইয়া কইই ফোককুন নিগো পরিরথ য় দিবিন ওার বাপে তো যাইবে এট্টা শাটগায় দিয়া
/kaggle/input/regspeech12/test/test_sandwip_0098.wav,দুর কাইন্নে বা গাড় তাই দুলাইদেয় ইসফুরে ইয়ারসম করিলে ও যা কি না ক তানি বাড়ি মতোদিনাযইতো
/kaggle/input/regspeech12/test/test_sylhet_0454.wav,তাইল তারার মায় তা উতাম উতালাপা মান তোা তান লাখান উসতা গলো তারা আমি আমার খুব ফুল্লা বানোই আমার মুফু লা আমার মতো খাটো গুটো তো আমার আমার মা খারা মনে খরু আমার মাছ আছিল তারা আমার উপরে খুব বেশি বয় ফাইতো ওদরে কলা আমার বাই আনবো আমা বাই ামবাই
/kaggle/input/regspeech12/test/test_chittagong_0158.wav,পিয়েনেফতম গতো কটিয়া কলেজ দিমু এহন সেকেন্ড মিডিট দিলে অয় হেরি ত্যাং গরে বেয়রে নবরত থাইজ্জে না কিছু তুম ফটিয়া কাবতি অন ফারে থা ফইট্টা কলেস নামাই না কাজবে তো
/kaggle/input/regspeech12/test/test_sylhet_0369.wav,পড়াশোনার দিকে আমি আমার জায়গা থিকা যতটুকু ফারিয়ার চেষ্টা খরিয়ার আর বাকি তা ওইলো গিয়া তারার তখদীরো যতটুকু আতনি আরকি তো তারামানে ভত্যেকতা আমি তোমার রা খই যে মানুষের স্বপনো তাখেযে পাতা কেকটা বয়স ওই গেলে বুড়া ওই গেলে তারা আমরারে দেখার টু নামন
/kaggle/input/regspeech12/test/test_sylhet_0754.wav,তা দুরাও কুতা তা আখনারা বালা বালা খাইন মানে
/kaggle/input/regspeech12/test/test_kishoreganj_0145.wav,সয় বিনা প্রয়োজনীয় হন বাজি উচ্চসরে গানবাজি এবং লাইফ  অকার বা মাইগ বাজি মানুষ শবদ কুননি রঙার ভই আর আগে গি তা কালাতে
/kaggle/input/regspeech12/test/test_tangail_0019.wav,এডা ই করতে পারে নাই সঠিক ব্যাখ্যা দিতে পারে নাই আর এই গানডা ইনাতে র কপেরা পয়পন মনে কর মনে করো যে প্রোগ্রেসিং গ্রব জিগলা থাকি সব মিশেললে একটা এই গানটা আসলে অন্যরকেম একটা গান
/kaggle/input/regspeech12/test/test_sylhet_0560.wav,আ কটা ব্যলটি থাকি আমার হাদ্দে আমার জনুয়ারির লগে ছি আমরা তো ফন টাআমডা কিটাার দিবার সবতাকে ফসটার বিষয় অইলো অতিরিক্ত যে জানুয়ারির লাস্টেদি টান্দা আছিল ওইটা মেইন কোর্স আছ
/kaggle/input/regspeech12/test/test_sylhet_0739.wav,ওকে মনে খরো  মানে টান মারি জমিনিনাগি আরকি ম খাই সিনতা কিনতাম ও বাব্বায় আর কি জামারেতো তুবিয়া দিলেই বা টপিয়া দিলাইবা া তমার আমি দিনাই না মা এখটা আব্বা ছিনবোল আরকি  খানি আতি মে মনে খরো
/kaggle/input/regspeech12/test/test_chittagong_0075.wav,ে খরিছ না জানা বর ছ যাই আইচ্ছা ও ইয়া সাইকোলে জিল ফরিবানি মনবিজ্ঞান ফইদি চাই নি জুরু ফড়ো তাইলে আঁই ও সাইকোলে জিলে একটু বন্দু বেজারে এক হিয়ার মদ্যে আইয়া যাইতি
/kaggle/input/regspeech12/test/test_tangail_0082.wav,আদিে কাস্টমারদের সাথে যেমন ব্যাবহার করতে এহন তার ব্যাবহারদা চেঞ্জ হইছে পরে একদিন শিউলিত মাবরুন ররেদ ডাকে বাসায়া আসতে বলে পরে বরুন যাই পরে দেহে যাইয়
/kaggle/input/regspeech12/test/test_sylhet_0168.wav,ফাটাছোবউত মানে মই সময় তো মনে য় সবতাত সমইস্যা ওইতোখাবা ফড়া টলা ইনকাম খুদ্দূরকটুক আছে তেওরে কুমার বুজায় নাছদাইতাম
/kaggle/input/regspeech12/test/test_chittagong_0080.wav,তো মানে এক্কানা ইয়া ফরামর্শ করি শাইস না আঁই আঁর দাদার রঙ্গা হরুম আইসছি কাইয়ুম আনছেরা কেন আছেস আন্টি কারা ভালা আছে বার ঈ যে গরম ফে মানে অবস্থা খায়াল ইলে গু
/kaggle/input/regspeech12/test/test_narail_0165.wav,াতাতা ু
/kaggle/input/regspeech12/test/test_rangpur_0101.wav,ওইভাবে আর কিছু খাার পায় না  এখন গিয়া তসং সাতে কতা হয় হ খেছাতে তা গেইলখে আরতি কছা ক
/kaggle/input/regspeech12/test/test_sylhet_0100.wav,আমার হারা কুটো না বড় একটা তোমারো তাই একটা ক পরে উডে না একটা পরে আর একটা টা ডকাত পড়ে ই আরেকটা আর দোকানো হারা এইটা ে ইখানে বাত খাত খাইডা এটাতা ফোনতে আমার বা বা ইদিডা আমি আলমা
/kaggle/input/regspeech12/test/test_habiganj_0010.wav,তুদা সাত বইনা কিটুু না খতো বর ওইবো এরফর এই কিতা ও আন্নি আনে ট্রাই বালা খাইছে না ইটা আম কিাআন্না বালা দেখা  অখন বইয়ে টেন দিবো
/kaggle/input/regspeech12/test/test_tangail_0070.wav,হাল্কা একটো সিরিাল ছিলো ান ছুরুরা ওইতেছিলো গিয়াএইসময়ে ইরকম একটা ঘটনা ঘটেনি ফরে বরুন দাওয়ার প্রত্যেকদিন যেহেতু মানে একটা কটা বড় এক্সিডেন্ট আর লাস্টে ই ছিলো মান হয়ারইস জাইন মাে অরেইুতাছিলো
/kaggle/input/regspeech12/test/test_rangpur_0042.wav,সে টাহা টুকেস সে পাগলি কাডে খাওয়া দাওয়া  তাইয়ে এটুক রে রাস্তা এ মইআমার কেকে সেমনাইস খেনুক দেখান তো মন আমমা দনতাছে না দেখান তো েনা কাহিনি এনা ক বাফর া ওইলে থাকপে ভাগলি
/kaggle/input/regspeech12/test/test_sandwip_0123.wav,মানে কি এতো ইবাদে অনে কি দারবা টিনি ভিট্তান ফরা আত্তারা ফায়া যাইবো হুম হআ যাইমো আটপার্তে শিখবো দেখি ডেখিয়া দিখবো আটটা দিকা যেগি শিগেইম হুলায় আাছে সববনা
/kaggle/input/regspeech12/test/test_rangpur_0016.wav,তছে কেমন নাথেন কী সমাচার আলহামদুলিল্লাহ তাকি তোমার নাম কী মোছাম্মদ উম্বা কুনছু না এগল্পগুতব করমো সবাই মিলি রেকর্ড করমো সমস্যা হইবে তাছে
/kaggle/input/regspeech12/test/test_rangpur_0040.wav,টযকতো মাস চলে েে না এইলে গাইল নোয়ায় আগে যদি মানুষ খুদিও ভাকছিল এক ঘিরি আরা ঘিরি যুদল পানি মুকুদ দিওয়ার কিছু না থাকসিল ওই খুদি ভাগায় খায়ায় এক মুট পানি খায়া করি গেছি সেই মানুষগুলে আছে
/kaggle/input/regspeech12/test/test_sylhet_0424.wav,আন্তাজি আরো খুলাই মিলায় বি িতা কুতে দিয়ে আরো মটাবাতা খরে ফুড়ে খালি এখ বেদনা খড়তাম য় নাইনা সেউ নাা খালি বেগনা বাতাতো আমি আ মানে  লাগের যেমন কুনসময়যে আমার ধান তান গুবা মিটো না
/kaggle/input/regspeech12/test/test_tangail_0060.wav,এডাই অবিনয় করছে বুরন ধাওয়ার আর বানিতা সাদু এই ছবি আমার পছন্দ এডা একটা কারণ আছে া আর এডা ওইছে আমার মানে আমি যেই মাসে জনহইছি ওইডা অক্টোবর মাসে ছিলো অক্টোবর মাসতা ভালোই লাগে একটু সিদ্ছিত থাকে
/kaggle/input/regspeech12/test/test_sylhet_0261.wav,চিন্তা খরতাম আরলা সবসময় দোয়াও খরতাম নামাজ খরিয়া দেরলা তিনশো জনটো নিবাও ত্রিশশোজনের মতো তিনশো নাম্বারটে স্টুডেন্টটা ওইবো ওউ স্টুডেন্টটা ও যেনো আমিও আমার এক নাম্বার দুই নাম্বার ওয়া লাগতো নায় আমি মেরিপ্রিচতো তাখতে যাইনা কিন্তু আমি
/kaggle/input/regspeech12/test/test_sylhet_0610.wav,আালার লে কও দক আরর নাম্নুই একটু ইিয়ো খরতরা যেইডা খাইয়া আনতা আমরা সিলেট ওখলোর যে ফ্রেন্ড আরকি ফরে আব্বায় ডিফারলাইছে
/kaggle/input/regspeech12/test/test_sylhet_0546.wav,ওয় আমরা দুইটা ওইতে ও খয়দিন আগেওয় আর ওততন ডিকি অইছে মরা খব্বে ওইছে ারতো গানোয়ারি লাখ জানুয়ারি  য় আমরার বিচ আর আটাইশ তারিখ না বিচার আটাইশ
/kaggle/input/regspeech12/test/test_barishal_0052.wav,তর ই চাকমি ফেরে নিতি পারি কর হম গরু পালাইতারা যদি ওডো মাইয়া খোড না এট্টু বড় হইলে হেই কইডাকােপোলতে কি  র পাওতার বাগরু পলতেকিওই হেয় দশ পারতে  মানুষ পালতে যারা পারে হোনেন একটা কতা জানবেন যারা পারে হেরা নয়তে নয়দিক পারে আর যারা না পারে নব্বইতে নয় দিকও পারে না
/kaggle/input/regspeech12/test/test_sylhet_0019.wav,ি আগের দিন ধর খবাই নিয়ামে আমি খায় অনেকে খায় অনেকে খা ইটাত যাআর ডিলিভতি া যে আমরা আমি ছ সম খাই আমিতিন দিন আমরা নিয়ানতেয় িমির দিন আমরা ইদি দিয়া আমি ফা সেইদিন সবাই ভালো খায় মাত  পিচ্ছা আসটা মানে টা ওছে
/kaggle/input/regspeech12/test/test_sylhet_0281.wav,তখন আমার নিয়া খুব  ছিন্তা খরতা মারে প্রতি বেশিরাও খুটা দিতাম মাত্তা ফুরি গুগুড়া বানাইদি রায় ফড়াইতা বড়াইতা ইগলা বিয়া ওইতো না ইবা খে নিতো ইগলা খরতা খরতে একুরা বয়স যা গিয়া ই্তা নিয়া মায়ো খুততা কি বাড়িত যাইতাম না খালি মার ওতা খতা কুনা লাগবো দেখিয়া
/kaggle/input/regspeech12/test/test_sylhet_0462.wav,ালা তো তো ো আছতে একটু মুঝতা বালা আছে বেখায়দো বানান ওরো রান্দা বালা বড়ো খাও  আইচ্চা ইসো বাচ্চা খাইচ্চা দিলেি রান্ডা এখ ছেলে আর দুই মন
/kaggle/input/regspeech12/test/test_sylhet_0071.wav,হুতার স্কু দায়ি নুস্টান খছে তাই ে শাড়ি ফড়ি গেছি আমি গতি হলুক শাড়ি ফরি ততন ্টাড়ি খিনটি জও রছি খুব মজাও ওইছে বাদে আওয়া ফরে তো রো তারা গুরছছে আমি গুরছিলাআমার বালা লাগছি তারেক লাগতো  কিতা কিতা খরা লাগে ুব ফতমত নিরামিত খাওয়া লাগে আগের দিন হুম নিরামিত ফা ফরোর দিন তগু বাগ ছালায় অঞজলি দিলা অন জলি দেওয়া ফরে তুমি কথা কছে খয় এরফরে তমে যাতমামইত্ত তাখতো
/kaggle/input/regspeech12/test/test_habiganj_0050.wav,সন্দ্যার পরেইতে আমরা প্রতমত প্রদীপ জ্বালাই দূর জ্বালায় জ্বালাইসরা প্রথম আর জানের পরওই ইটা পতিবার ডুপ জ্বালাই দুগ্বাতিলেডাখয় দুগবাতিদে খয় দেখাইয়া করে আবার ওই দুপোরের মতোই আগে তো দুপরে একটু পূজা দিলে আমরা একটু অন্য ধরনের প্রসার্থটা দেই গুগ দেই আর টোন্দ্িযার পরে ওইতে হালকা সন্ধ্যার পরে টা আমরা যেমন হালকা মাপ টাখাই য়মন আমরা পুজা দিলেও হালকা টিপিক পিট দিয়া কুগাউদা দেই তারপরে কী
/kaggle/input/regspeech12/test/test_sylhet_0435.wav,খএখন খইছো না আবার আরও ফালছি কবারা য়না আমি আল্লা তে ওততো খানবো না আমার লাগলায় চোখছে আমার কুতা খুলে না খেই জানি ইতার লাগি আমারালেখাইত চাখাইয্জা দেললাম িা খইতাম ফারতা না ওয়তো আমার কুনু দেখাত বুঝ তুতু ও ফারো না আমি জানু না আমি যেকি  না কি্তু না খতাম
/kaggle/input/regspeech12/test/test_rangpur_0034.wav,দুইবার লোকশে ককে া খাডাই না লা কেমন ট্যেল দেয়াল পিছু নাই এ নুন জে গরি দেওয়া দ্েয় কী কই দেন তর ক বাপের জন্য  কি না মুইও কোনোবর্তী দেখোম নাই ওইলো মুই তাপে খায়াপ ক
/kaggle/input/regspeech12/test/test_rangpur_0055.wav,এই বাড়িত যদি অস হয় হনু হয় বাবা কাইয়ও কিচ্তু দিলে নায় ককে কর্মফল দিবোসের মালিক খললা ঘা কর্ম যেমন তাক ফলতে ব  কেমন দ ক্যারে
/kaggle/input/regspeech12/test/test_noakhali_0028.wav,আন্নের ভাইয়ে আরও ট্যারাবাস তলা করা আঁই কইলে কিকনা কম তারে কাদি তা মুখের ে তো বড়  বড় গমাদি
/kaggle/input/regspeech12/test/test_kishoreganj_0162.wav,ষললো অটো এডেতে টাড ইল্লো নব্বই বালা সত্তরবা হা থাকা সত্ ভাপানি হননেমে ডান না বেশি জন ক জন যব্বইে বেশি জন ি মবে
/kaggle/input/regspeech12/test/test_rangpur_0075.wav,তোা রুর দেও খাবার বই তোম কুল দেই নাই
/kaggle/input/regspeech12/test/test_sandwip_0024.wav,এন্নে ইয়ান মার কাছে থাইকলে মা বাজ ইয়া কলে  হাারে করইন এনে এমনে া  হিয়ারা মানি খুব ইয়া করি চলে এমনে হরা আগত চলে হরাবত ছলে ঠিকাছে এন্নে জওরক মানি স্যার খার ঘরো ওইলে এনে হগা আছেহ হরে স্যার কারয়া
/kaggle/input/regspeech12/test/test_comilla_0005.wav,ইন আমিওগিয়েছিলাম যে রুহিক স্কুলে দিয়ে আমি আর দেরি কোরাইনের সাথে সাথেই চলে আসছি ও রুহি তখন স্কুলে যাওয়ার পরেও বেয়াগ রাখার পরে ও রাবারত দেখা যায় যে যেষোল্লই ডিসেম্বরের ইয়া থাকেদের
/kaggle/input/regspeech12/test/test_narsingdi_0028.wav,চাই বাংলাদেশ টিম থাইক ভারো টিম হোক ভালো খেলুক যেহেতু এহন সব দলের সাতেই ভালো খেলতেছে একটা ট্রফি জিতা উচিৎ অন তো সাকিবাল হাসেন এর জন্য অইলো ও ট্রফি জিতা উচিত আরে আল্লাহ বড়সা
/kaggle/input/regspeech12/test/test_sylhet_0667.wav,া এা বরতি আছে ডামন তিমর লা ইতি বাত ইয়া কুনুমন্তুনে আর বাড়ের কতাপিরিয়া এই মতো আকু ইগুত মা গড়ো নাই গু ত ক
/kaggle/input/regspeech12/test/test_kishoreganj_0140.wav,ডাইরিয়ার মত ডাইরিয়ার মতো পানির বাড়িত রুগ এবং বিভিন্ন চরমের রুগে আক্ান্ত এো কিতা এনতে কিচ্ছু না এইযাযেন তো ্দাইরিয়ার মতো পানির বাড়িত রুগ এবং বিভিন্ন চর আক্কান্ত ছ পানির মানে কিজ্জু রুগ অ
/kaggle/input/regspeech12/test/test_narsingdi_0042.wav,কিন্তু এগু বাড়িত আইপে তাছ তুইক্কানা তো বুঝা যায় না মোবাইলগাম জালা দেহা যাক টার্ন ফায় না ওই আর বর লো কি কল ক চাম জিগাইতাছেমায় বাবা কারেন্ তনে ডিস্টা পয় অয় না খারাপ থাকে
/kaggle/input/regspeech12/test/test_sylhet_0429.wav,চ্যাট খাঁটা এরকর এনি খাঁটা মানে অনেক কিতু বড়ো ধরনের ওপার কি া নেওয়ার ফরে তুনা থাকতেস ফুলে ইছানো একটু র  লাগছে
/kaggle/input/regspeech12/test/test_habiganj_0018.wav,ইরএরারে বিয়া বিয়া খরায়না খরেনাাতে তিনজনরে খরাইছে া  খরাইলো না  ান ব্য়া দাড়াইতো  াগতে তো ইয়ারা তোতিন না খুব চেষ্টা খরছি গরা আ বিয়া দিতো
/kaggle/input/regspeech12/test/test_narsingdi_0086.wav,আঙ্গা মার তাতো আর তাপ্তা ুর ফারি দেয় ড্রিম মরিটে যাইত্তে দিবে একলামদি লাইক আমি এইটে ফড়ি তুই তোই ফড়াছ মগ বর সেকেন্ডের না  গি ফড়াছ  ফুইল্লা যেগা মি তো অনারতে ফড়িয়গো আব্বার দেখলেম মনে আর আমি এহনে ক্লাস নাইন টেনে বরি
/kaggle/input/regspeech12/test/test_sylhet_0099.wav,রুল লি তো ইনকাম খর ন খই তইবা নে মরা টিং বিটোই খরি এক বেটি প্রায় স্যাড়ে ফাঁছ আজার আরেক বেডি পা টারটি না তিন বইন না না আমি এখলাম মারে গরো আর আমাবাই বিটা
/kaggle/input/regspeech12/test/test_habiganj_0022.wav,ও ম্যাডাম এখটটা মাইঝে বুঝি দেলাইতাইন এখটটা পিরিওডো দেলাইতানি
/kaggle/input/regspeech12/test/test_narsingdi_0121.wav,ডিপারে য আমার লেহা করে খাও না অনন এ মোবাইলেই তরে খাইতে ওই মোবাইলেই তরে খাইতে আকন্তো আবার মোবাইল চালানি হাইড দিমু
/kaggle/input/regspeech12/test/test_sylhet_0051.wav,তে কুনু প্রবলেম অয় না মানে এখন ই ফড়াইতো না প্রবলেম অয় নি  তুলেন লাগে মানে মনে অয়নি যে মানে প্রাইভেট ডিফ্রেন্সো লাগে নি নিজেরা নিজেরা খর ইস্কুলো আমরারে নিশে দিক রে  এইটো থাখতে আ যখন নায়  তাখ রো দরতি না এখন খনো আবাদ তো আরে আমি করেন আাই ইস্কুল তাকা নিষেদ দিছেইন প্রাইভেট ফড়তা
/kaggle/input/regspeech12/test/test_narsingdi_0094.wav,মানে এনডি বাবার না ইতা তে সব আতার খালি এলাকা এক্টারিং সার্বি দাওর ফালাম তা ককে মানে নে কয় শুরু পরেদে শুরু কইরা দে একসাই বাবার তো প্ল্যান আছিলো খালি প্লার মতো আবার কাম করতাছ ত কী কার্টুত তোর না ওইযে ওই যে যেডা চিয়ারাপ করতাছিলনওক
/kaggle/input/regspeech12/test/test_sylhet_0461.wav,াি ওদ্দিনটা মনে ফড়ো আমার এখখান বাইর র আমার ত পড়াখানা আর বাকি ই বাত বাকি তাইরাআম্মায়ো লেখার পড়া কচুং কলেজ ইবাগ ফড়িয়া মনে খরো না্সটা পাস খাছি বালাও খুলতো ফারি কিন্তু কোনো ছাখরী বাখরী নাই এমন লামাগে খইতে বিয়া ওয় তারা কতন াটা নাতাখ
/kaggle/input/regspeech12/test/test_sylhet_0567.wav,তান যেনো ম্যাটের প্রতি যে বালা লাগা টাআছিল এরফার ইন্টার উটা খরতে গেলো যাইটাো া ফড়তাছি সাপ খইরা আমরার াইরটা থিয়োরি ছাইরটাআমি মেয়েতোর মাঝে সব কিন্তু আবার আলাদা থিয়রি
/kaggle/input/regspeech12/test/test_rangpur_0017.wav,না এেইটা বয়স কতো তুলবার লাগছে চল্লিশ পাত  পার হয়া গেইছে এ ম দে ষাইট বৎছর ের বেশি হইছে ষাইট বছরের বেশি হইয়া গেকুতে তাইলে তো ভাতা ভাবু দেইলে তুই কই ভাতা নেয় বাবু হাতা বাবু হেয় ভাতা
/kaggle/input/regspeech12/test/test_sylhet_0672.wav,ই ছামির ফ্যাংকলন ওতোদিন তো আত ছাম ফাইতো ছামি বাডি খা ইে ফারবো আর ভাইরনা খাজ করতা ইনবু না  আফনি কতা কইছি ও আমার ছুটরা ছেলের বউ তাই পিলেটি নি আফনারা বাফের বাজেলছে ভাইে
/kaggle/input/regspeech12/test/test_narail_0033.wav,শিল্পতুল জমি তো  শান্তি কে ত শান্তি কে ধারে না না ইস্কুল অলি পুতা ওই তো ওই জাগা টুক কবানি ও জাগা টুক মিস পাবে না এনু স্কুলি পুতা ওইবে আর দৌড়োদৌরি করলে আরে পাওয়া যাবেনে কিন্তু আমি তো আর দরোদৌরি করতিছি না গোদদিসে অচ্ছে লোকরেদে তেলিমিশরি বুঝছো
/kaggle/input/regspeech12/test/test_tangail_0102.wav,মানে বলা হয় যে যদি তুমি তুমার ভালোবাসা পেয়ে দাও তাহলে এই টামেনে নিয়ো কুদা তুমার তুমারে মোহাব্বদ খরছে আর যদি না মিলে তাইলে এডা জাইনো যে খুদা তুমার াথে জান হয়ে গেছে হুরা
/kaggle/input/regspeech12/test/test_sylhet_0719.wav,গলু আর জ্জা মজাই মোরারলে জাওয়াই টোর পাওয়োর পাওয়ার মুরা দি কোফালোন খুতি আর না হ িন্দ দও রাও মুরা দিমু শালায় দায় এর আকে পার তোমা থানা তোর নিয়ম ইগু তোম মনো খরো কফল খইয়া আমরার
/kaggle/input/regspeech12/test/test_narail_0074.wav,কপট ফাউরে ওই মায়ার এট্টু দান জাগা তো ছলে থাকতে এক্টা রুম তেনি মায়ায় থাকপো তারপরেও মনে য় ওইভাবে বিভাবে কোন ভাবেনি নিলো তো থাহে আন নিদের শুক জাগানা আমি ভদুলাল ফরকার কথা অনিম কাক খত নো দুলাল ওয় গুলাল
/kaggle/input/regspeech12/test/test_narail_0099.wav,আর যে ডিজ ছিলো সে আমার দাদা সেতেরা ওংসি আমার হিসাব কুড়াই দিছে হ আমি এট্টু খারি দিতি হারলাম না তুমারে কাদি তো খাওয়াইছি ডিব্ভাজি আলু সের দো
/kaggle/input/regspeech12/test/test_sylhet_0660.wav,গন খতে হাবগ্যা বালা ফা
/kaggle/input/regspeech12/test/test_kishoreganj_0086.wav,হেইডে খেউতু হেমনে খেলা গা হেডি হেমন খেল্লা কি হর মিষ্টি এই যে কাঠা গাড ছে না হকাাডা ঘুরার মত মিষ্টি হেদিে কেমনবর বড় ম ফায়াছো খেল্লাগ্ঞা ইনে এমন খেলা গঞা হ্যাঁ কইয়াম এডআলি হেইডিমাত বড় বাজা আলি নায়
/kaggle/input/regspeech12/test/test_sylhet_0668.wav,হুমফইরমা কলাগে হুইন াই মা  আফনেরা যে ও যুদ্ধেসময় ইন্ডিয়াত আছলে এই সময় আফনের বয়স খতো আছে এতু এতো বয়স অইবো তােমমা তাইলা ঠিক থি তো  ফটিইব বয়স ঠিক ফাট
/kaggle/input/regspeech12/test/test_habiganj_0075.wav,ছাওয়া ব্যাতে অক ই বালো ফরচ লাগে একটাসুকতা ফলাতে বাইলামু া একটুকাম বালা এে তো ইলাত্তো বালা অইলা হ্যা
/kaggle/input/regspeech12/test/test_tangail_0001.wav,ব্েনড আর কি পারফম করতাছে কিন্তু মানে কেউ তেমন ই নাই উৎসহিত না মানে গানডা তেমন কারোক আতে ভালা্লাগতাছে না ইরকম কিন্তু আবার ফেডি মার্কিরি খুব গান পছন্দ গরতো পরে যেহেতু ক্যাডিয়ার একটা চুজ খরতে অবো
/kaggle/input/regspeech12/test/test_kishoreganj_0107.wav,চুরযের অল ব্যবহার করেনি মানে আম কিহতের খাদ্য নিজেইতা রকুমরে বা ওুকা মাকর উদ ভীরের বিততে হে বেচ্চে থাকে আবার ব্যাং ওকা মাকরে খার্দা হকাবে উুরাঅহন করে এভাবে সব ব্যাং হয় কানে দুটা করন এবং ইগল সাব
/kaggle/input/regspeech12/test/test_sandwip_0027.wav,দই মাঝে মইদ্যে একটা খুব মানি দুঃখ করি কইতে হরি হোলানি কন্দু হরালেখা করে না মানি আঁই তো কোনোদিন এক্কান বেজ উচ্চাত লা যগুন আঁর হোলাইন্যা হরে না আইয়া আসে পাফা শুধু হোলাইন হড়ালেহা কইর্লে যে মানুষ ওই যে এহনটা কিন্তু ন আনে ইয়ান মনে রাইখ্কান আন্নের হোলাইনে লেম দেইখবেন
/kaggle/input/regspeech12/test/test_sylhet_0670.wav,আর ছা দ নেকটাম কডি ফা দগবে ঠাকরি করতো আরশি টাকা বেটোনে কলেজো হ ও কাকি আর আইয়র এইযে তোশান চনোইন তিন হজার দুই কুয়েস টে পেনসিন ভাতা আমি বলতু খাইরাম এ ছাকরি জীবন থাকি পেংসেন ভাতা বু
/kaggle/input/regspeech12/test/test_chittagong_0047.wav,হুমগুরাদিন ঘরের হামরে কিনকা না আরতে গরম ফরেয় গ বলে বেরাইতো ছে এবেট গিয়া হামছি কিল র বারা তা তাম গলল হাঙ্গইল্লেই তর বাইরা তুইন যান হাম দিওন দ ইনিংগো তই বাইরা থামলে অই যাম নািক লা আতনা ইন  লতা পনা এগিন ফাম্মারযে বুজ্জস না হাম গরির লা উলদি
/kaggle/input/regspeech12/test/test_sylhet_0331.wav,নিজের তাক আছে টা মানে আমার মনো অয় যে আমি বাডেল খাম ওখান ফিল তর বখানে আমি কিছু খরিয়া খরতাম তাইন খইলা ঠিক আছে তোমার চিন্তা ভাবনা ভালো আমি তাকতো জানাই কিন্তু ছুটোকাল খরতি গিয়া আমার
/kaggle/input/regspeech12/test/test_narail_0104.wav,আমি যে ডাক্তার দেখাইছি ওষুধ খাওয়ার পরে অনেকটাটিউমারটা ভেঙ্গে ছোট হয়ে গেছে বুছিস না অনেক সময় অছে যে থযালাস মিয়া অয় মানে মাংস বিন্ডো আরেট্টা সিরন এক বেড়ার জায়গায় আমার ছয়বার রেয়া
/kaggle/input/regspeech12/test/test_sylhet_0103.wav,তো এ রা মায়গা নিয়া ফরতি আর যবাসার মালি বাসার মায় নিক্কা দামো মা আছ্তে গোছায় দিয়ি মানে মাট তো হুম মাইগো ফড়তো আটা তুনি ইতা জ্য়াসালে খুতো
/kaggle/input/regspeech12/test/test_sylhet_0013.wav,মন্ত্্জিলি দেওয়া গিয়ে দেওয়ার পরে তারফরে আমরা প্রসার টাখা া র টাইমের ভিতরে করতে অবে ম পঞ্চমিটিতিটা আমরা বারোটা পর্যন্ত আতে বারোটা পর্যন্ত বারোটার বিতরে করতে অইবো বুজা আর যদি একটা টাইম থাকে কঞ্চমিথিতি তাইলে একটা যেসময় যে টাইমটার যেদিন সেসম যে টাইম থাখে এই টাইমেমি খুব জেএটা করতে হয়
/kaggle/input/regspeech12/test/test_sylhet_0219.wav,অন্ততো প্রাইমারি ইস্কুলো একটা পরীক্ষা দিয়া চাকরির ঢুকমু যাতে আমার পরিচয়য় খালি হাউস ওয়াই খয় নার লগে এখটা পেশারও থাখে চাকরি জীবি ওক ইটা স্কু ই মুমেন্টোর আখনেক
/kaggle/input/regspeech12/test/test_narail_0110.wav,বিদেশ যাবে কিডা উনি  বেডার কচ্ছে এ ব্যডার বাড়ি আসবো না আমি বি ঠিক আচ্ছে মনে থাকে জানো বাড়ি আছে তরে ঘরে এই উটতি দিবো না তা তুমি থাকে কনে এই বাংলাদেশে না  ইন্ডিয়া
/kaggle/input/regspeech12/test/test_kishoreganj_0196.wav,ুবিল্দু জান করা হয় মসজিদগয়া জানি এইডে মরসন হামার শুকান নুর্জ না শুক্রান দির জন্য হে আড্ডাবে এই বাহি পাবা হবেবকি শুক্কানের দিন হে আড্দাবের বাইি পাবা বা ক মএইডেম
/kaggle/input/regspeech12/test/test_chittagong_0069.wav,ওমার ই তি আঁরা জেনু খবিনিএ ইয়্যানের ব এখন ছেটা ফাততু আইলে আঁরা ঘরেতে আই ছুগর্তে অইলো গে আর গাই লইয়া আঁই আম্মারে খই ছ  হননরেবখলেবি
/kaggle/input/regspeech12/test/test_chittagong_0010.wav,কোনো যেে ছাব্বিশ তারিখ না ফয় কাত তুমি লিস্ট দিয়া যাকি মাছ লিাছকানে ডিমের া তো
/kaggle/input/regspeech12/test/test_barishal_0014.wav,তারপর দো হি করটের কামে থার্ট আইয়া অনেক সময় আইছেনি টন বযারি করি খয়ও দিলাম বাদ
/kaggle/input/regspeech12/test/test_sylhet_0048.wav,কিতা বেষনি মদরা ওয় তাই ও পারে তাইরে ঠিখাইছে নতো ননে তানে অখন তো আমি কলাজজা গেলাগি বাসাত তো আলাব বাই বাইির লাইগঞা তো রান্দিয়া দেয়া লাব তাই রান্দি আমার বয়স্থাতো ওইবো তে নাই নো ফরে এরবা তা ফরে আমন না খারে বালা াতা ফারোসবে আইনা ফারি আম ম ফারদি াছো বাদ দিয় সবই আলা
/kaggle/input/regspeech12/test/test_sylhet_0708.wav,হ কাদু দুইটা গেলি নাই আরও বড়ো আতে আরয়া আইবকা খেলাআমরা তা ত আরে
/kaggle/input/regspeech12/test/test_noakhali_0007.wav,কিহান এক্কয়দিন এতক্ষর দেকিলে কি না বাইর লগে ই মোটা লোগো জানি থাকতালে ওত ভাইর লগে ইিনবেস্িয়ার ছে হলি ছিনে গা দেহি ক
/kaggle/input/regspeech12/test/test_sandwip_0003.wav,তোমরা সংসার  তো উঠছেবেটিতারি বেশিংপাস করে না কি নি বেন ামাখেলেই সংক্যা আচ্ছারে আর ঘর বুজা আত্ছে ডাকয়ে লায়া
/kaggle/input/regspeech12/test/test_sylhet_0347.wav,পত্তিং ওই গেছে তুমার বিবার তো ি বাড়িয়া আমার খাওল টাখলি কিলে টারা মার তাকলি ডি বাড়িয়া আমার বাচ্চার বইয়স তোহন দুই বছর খাছাকাছি গেছে এখন ই ছুটো বাচ্চা লইয়া কেম্নেমানে আমি
/kaggle/input/regspeech12/test/test_sylhet_0035.wav,দরখমএদি সেইম আবার কলতোয় হ মএদিন একটা গুজা হয় কুটাও  ম টাইমের ভিতরে পৌঁচাইবো এদিন সবাই ওন জুলি দেয় নি  সবাই আনন্দ গেন যে পারে তে জি দেয় নি তারপরে শেষ ওইলো তর সবা বুঝা পরে
/kaggle/input/regspeech12/test/test_barishal_0022.wav,এটটা কডডা কতুক অর্সর থাহে কয় ব্লা খাওয়াইলে কতটুক যা ওগুলা মে শান্না ব্লা কগকমন জাহাগ ভালো একটা  র  ন হ াক  া আনতেন না থাকলে তো ামসাটাি্ুকান্না নে হন ে নামে কাল বালাযামই এমনে এটটামরা ও থাহে ঘুমাইন্নের
/kaggle/input/regspeech12/test/test_narail_0159.wav,ওই মেশিনি নষ্ট ওইয়ে যাবে উনার এত রোগ প্রথমর্থে ডায়বেটিকস বুঝছো পরে অচ্ছে উনার চোখেতে নালি ওইছে
/kaggle/input/regspeech12/test/test_tangail_0029.wav,তার মানে আমরা যুন ছলমেন কিন্তু ঘটনাগুলা এমনভাবে হয় জোনাথান সবসময় ঠিকই করে কিন্তু মানে পুর অন্যান্য পারিবারকিক যে ঘটনা আছে এডা মানে সারায় বুঝতে পারে না এই জিনিসটা মানে
/kaggle/input/regspeech12/test/test_narsingdi_0067.wav,কেডা রাআমনি  বটরি না নিতুর ভই না আমার লগে রেকটা ওতো বিয়া করিলাইছে তযের পোলা তমা এ ফোলা কিড নাপ করছে হয় না কয় না আপনে ম টু দিগোতা ই মাইয়া ফোলে ঘুনডা বাড়া কলেছে আমরা তো ফিরডা
/kaggle/input/regspeech12/test/test_sylhet_0493.wav,খ লাকে া তার শুক্রবা নামাজ মাাত প্ড়াক তি গইছোইন মানে হসপিটাল সবকিছু লাতে তাক আসতিছ নাম হবু তাফত বাড়ে মগবাজার কাকুগতো হুম মপিটার ইগুব বড় হসপিতার  ডাখান মা ঢাখা মেডিকেলোর মেডিকেল খআন্ডার আউগু ওরবইছি গিয়া যে মানে ইজো আকি প্রাইভেট আর ঢাখা মিমবা াইগু ওইিতা ইগু আই নাে না তাইেন কিতা খরছি না নি আমি
/kaggle/input/regspeech12/test/test_sandwip_0020.wav,ছুটুগা যেগুলা রাস্তা রাস্তা  হুন্ডেল তারা ওতো আই আছস  বাদিইয়া কইলো আই কিরেকি দে খাইয়া এতোর বাইর খালি বিয়া তাাছাকতই চ হ্যা কি কাফু খাইতেমনি তাসা কিআইচ্ছা তাহানে সংস্যা  কিবারা দয়া যাইবো করে ন কইলে র ছন তোরে হিদি না  দৌরো জিপট
/kaggle/input/regspeech12/test/test_sylhet_0634.wav,ও অনে বালা খইরায় ব হয়লা ফালাইতাই  আফনের বড় বইন্না দাদো ন হ আচ্ছা তে আপনে আইন আমরাও ভাই ম নাতি যে মেয়ে যে তা তাই ইদো ফলাইতা
/kaggle/input/regspeech12/test/test_narail_0157.wav,ওই ব্যাংকেরটা আমারে কচ্ছে কি  আমারে কি পাগলে কামড়াইছে আমি গাছ টাকা ভাইে টাক্তর দোহালানি তাই কয় আমি কছু মান পাগল পাগল আসলে পৃথিবীতি কতো তা তোমার নার একটু বুঝা যাইনো
/kaggle/input/regspeech12/test/test_narail_0156.wav,ইন্ডিয়া ডাক্তার দিাতে যাবেনা তুমার দিে দি বাংলাদেশেতে তযলায় ফায়দরে পারতিছে না ব্যাংকে টাকা রইছে ওই টাকা ভাইঙ্গা ডাক্তার দেখাবেন আসে
/kaggle/input/regspeech12/test/test_chittagong_0097.wav,তানদিভাই মাথামটি কিন্তু ইবা আসি তুই ইয়া অহনো ইসকু ন আঁই দিছিলাগতে আঁরা ফিছিত রাষ্ট্রমন্ত্রী ইয়া গইরজু আরগে বরজুম হাের মধ্যি আইলে আনা দুনুযা এক অনক খইরজুম ক্যান
/kaggle/input/regspeech12/test/test_sandwip_0056.wav,তুই বেডাইসর বেশি ঘরে মহন আঁরে মহিলাডা যখন সবকিছুলে দান্দা করন লাগে এসব মহিলারগো আসলে বহতিধান্দা কার ও মানে এ তোর মাথাত হইরবো
/kaggle/input/regspeech12/test/test_narsingdi_0106.wav,দাবা মজ তুই কিন্তু ট্রাই করলা আবার বাবায় খুব খুশি অয় তগাততাম নাগলা লাই আর এইডে ওয়েট কোকবের আর নার্সারি রিদামস আর ইয়া ওই আমি কিছু ট্রাই করলা দাদু খুশি অইতো নেক ু আমার পতম রান্দার তেছন মনো আছাম যে ডিম বাজম গেছিলাম
/kaggle/input/regspeech12/test/test_kishoreganj_0204.wav,তিরিশটা মিনির দদা সন তাকতে হ্যাঁ আমব দ ম কদা ছ অহন কিদা অন   আইচ্ছাযে বদ্দ কলি ভিলিত ই হ্যা তুমি এইটা কিতা আবার তো ম ঘর এই কর ঘুরু দ এইডা ইয় তো ইয়া আমিকে জানিলা আ ক এডে গুনিব পতি করবে কইছ
/kaggle/input/regspeech12/test/test_narsingdi_0123.wav,এ মশাগু মানে আইচ্ছা এমন ত্লযার ঠিক আছে অহনে এ জাপানসবচেয়ে হায়েস্ট বাজেটের ইয়া এনি মশিং সিরিজ না দেখলে মি আমি আনিারি কুস নাই পেমেলি সাইফেমনি শেষ কি সরি
/kaggle/input/regspeech12/test/test_narail_0030.wav,মনএপতিডাি নিক দে ঘিত্তারা নায় কতে তো নিজে  আমি তো কাগজে কতি পারি ওই কাগজ দেখলাম ওওইযে কাটাল কাচ্তে লইয়া এইযেো খাল কুলি যাইত্তি হবে ওই এগে জমি হয় তারপরে আসাদ মিয়া যে ক্যাম্পাইনে করি সডা তো আমরা যাইবি
/kaggle/input/regspeech12/test/test_sylhet_0578.wav,ইদা আর কিলা া দে টিকনিকা ফ্র ছননি এক বছর পিরতি তু ইতো মনে মাতনো ওর থাপো ছালাইতেন  ানে এন্ডরিডি আরছিল নায় বাটান কিডিস না তো ফরেক অভ্যাসইটা খরবছতা না দুইদিন ফরে
/kaggle/input/regspeech12/test/test_barishal_0034.wav,নরম খা িডা বিষ্টারি দিয়া আলা তোখানতে রে দুই এক এট্টু বাটিতে লইয়া এটুওই করবেন কমিডাও লাগে না  হেইডন দে   ওইা টিতা ওইয়া খাইকে খাইবেনা তোতিছর  হেফালি ফুডডানি ছে না একটু তিদিকে অলাতদি
/kaggle/input/regspeech12/test/test_sandwip_0108.wav,থাকতি বানালে খালি আরা লেখা তো ক্লাইন মাস খেরা নো হিএলে ভাবের হচ্ছে হেতে খুত্তাদেবেরের কোনু সম্পর্ক নাই এে ব্যাফারে আঁই কইনু বিলি আঁই হইলো গিয়ালে হেইতার মানি ফামিডা ভুত বেশি হরালেখা খা বার তে থাইনতে ফরবো
/kaggle/input/regspeech12/test/test_noakhali_0020.wav,ভাই তরে গেগি কছা লিয়া কারাছেন তো নি খেলে দেখতেই বোঝান
/kaggle/input/regspeech12/test/test_sylhet_0036.wav,দিন আমরার মন্দিরের খাট্টে আনন্দ উৎসব করে সন্ধার পরে ঘরাই খা এদিন আমরা সবাই যে যতন জআমানর আমি টিকাইছি হদিন ভালো মাছ মাংস সবাই ফায়ে িটা বানায় বানাসো তারফরে হইলোগ আমরা ছরর যনাি
/kaggle/input/regspeech12/test/test_rangpur_0059.wav,একটা চিন্নো দেখা গেলো আকাশত এইটা হইলো দুমোগের একটা লক্ষ্ণ হা যত মোহাম্মদ সাল্লাফ তাল নিজে গেলো তাহা গেইছে এলা বিত্রে হততে চো সিতারিত আ
/kaggle/input/regspeech12/test/test_habiganj_0016.wav,ছ্যালেডানিতে বিয়া খরি সেরে বালা ম দেখতো নি রা অখন খতো  উঠছারে তো টু একটু ব বন্  ফ াইলা  ছাস ফাচ ছেলে দুই লাই যাতে বিয়া খরতে তিন টাই মনে য় বিয়া খরছে সব মুত এনটারে মনে অয় বেফড়াইছদি আরকি
/kaggle/input/regspeech12/test/test_sylhet_0459.wav,কন খান না বাফেরে গুলে তো আর লেইগুন বাায় না খরছে ইয়াইয়ো নে আমার আ মাই্চা তাইল মারা যাইতাওফি অন নাফিন আতনি বুঝে নানি তাই  ফাম দেখলেন আইে ফ্িামার লগে ত তো ফিামার লগে আরকি এখব্তা আইয়ো খয় আম খতবিল
/kaggle/input/regspeech12/test/test_kishoreganj_0037.wav,টিা আইতে অ গুর না ক চব্বিশ চব্বিশ উনউনিশ নে মনে হয় রে টি ডবল জিরো ম ঘুরা গাড়
/kaggle/input/regspeech12/test/test_barishal_0073.wav,দেখতি এডা নিজের তোখে বাস্তব পরমাণে দেখতি এই জিনিসগুলো ঘডে সংসারে নিজে দেখতি সংসারে ঘডে এরা এরা থাননার সামনে নাপল প্িজ দিয়া প্িজ দিয়া বহুত কিছু করতাারে
/kaggle/input/regspeech12/test/test_sylhet_0276.wav,নিমানেতো ওইলো গিয়া দরো আমার মার্কের খাওয়া খরচ থাখি ভাগ খর তোলিজিবকটা অবস্থা তো ইতা কিউটলি একটা খরার ফরে শাহক ওইয়া গেছে খারণ বার্সিটির বাসে আওয়া দাওয়া খরি তোমার বাড়ার টেখাও লাগে না নামারতেসে টেখা একটা পাইলে
/kaggle/input/regspeech12/test/test_kishoreganj_0160.wav,আ টুকটু গেলাল ডালি মেইন ডানা টুকতো কেরা ডালি ম কািম িক ুটু দাা ছুট ছুট দানা টুক টুক কুলাম দানা ছুটযুদ্দ দান  টুকতো কেডা তুড দানা টুকটু কেলা রারিমান ডানা টুকটুর খেলা নানি ম
/kaggle/input/regspeech12/test/test_sylhet_0751.wav,তো ন্ লাত মিল্লা দিছে নাই আরটু নিয়া গেলা ইগুলামরা মানে ইগুলা খরার কিতা মানে ঘরে নিজেরা পরিবার পরিবারো খরে আবার মিল্লা মিখ্যা অরতো তারা যদি ছ া জাগা
/kaggle/input/regspeech12/test/test_sylhet_0593.wav,ানি প্রফা প্রফারক সাটে মাত তে লাস্ট টাইম পেইন হাসবেন্ড আইফে এর আগে কবেজানি মাস লাইছলো একফর র হার্সবেন্ট যাওয়ার সময় আবার কয় হাজবেনডএন্ বিয়ার কে কাা াা আড়াই অইয়েছে ফয় পরাই মানে প্রবাও ফুক খাও আছলো ন
/kaggle/input/regspeech12/test/test_sandwip_0032.wav,দুই তিনর কমারে মাছ লইয় আইবো কিরি তোর মা অইছে চাকরি করোইন্না খমনত এগুরে আগহ্যা হেটাক কম কারেন্ট উকারো কারেন্ট সিরিস থাইকলে না এক্কান পতাশ ব আছে   গইররা গরে বগারিয়া করাছ হ্যা ল ফ্যাডাস তে মানষিা হে তুইকবা খ য়ান
/kaggle/input/regspeech12/test/test_kishoreganj_0159.wav,কিততাফফুচবালে গাছ তা লতার ম দান ফানি জ মইদ্া দেখতো ডানি নকাহর হ সর দুবমসের মদে  গেলা গিা কোয়াশে দইছে কুয়াশতদে ফর আইচ্ছা ডালি মেড ডা না টুক টুককেল্লা ডালিুা টুক টুকেলামেডডা
/kaggle/input/regspeech12/test/test_sylhet_0157.wav,মাটাও কম্ডলটিস্টেডিমগল ছাইরো বাই কম্বল তে এফনে যুদ্ধের সময় পাইছোইননি  খতো বড় আছলেয় মআ একসটার আছলামও কিচ্ছু মনেক জিনিস সব কামা না তে আমরারে খইননে আমরা তো ইটা খালি বয়ও খরি কিচ্ছু তো জানি না
/kaggle/input/regspeech12/test/test_narsingdi_0023.wav,এদেয় আসলে জাতীয় দলের প্লেয়ার আসবে যাবে যাবে আসবে এরকমই ে তুই আজকে তুই খারাপ খাতাছস তোর জাগা আরেকজনরে নিবেই যদিও আবার তোর জাগায় যায় নি তো যদি খারাপ খারলে
/kaggle/input/regspeech12/test/test_chittagong_0014.wav,রাহি তাইলি দোয়া কইরগু আইটকা  আস্তে সলো ন লইছে এলা এনো
/kaggle/input/regspeech12/test/test_tangail_0121.wav,তোই টাকাগুলা কতগুলা মানুষের কাছে পৌঁছাইতে পারবো আ যতটুকু আমি হিসাব করে তোর যদি ক্যালকুলেশন নরমালি করি তালেও তো হইতেছে অনেক টাকা হয়া যায় কিন্তু দেখ দিতেছে কত লাখ তা হা বেডা কেউজন ব্যবসায়ীরে হারেজগারে দুই থেকে আড়া লাখ টেকা করে দিতাছে কিন্তু ইইলাকার ইলা কি পাচছা একেকজন ব্যবসায়ী এডাও তো কথাবা তাছে তাদের লস অইছে এক কোটি দেড় কোটি
/kaggle/input/regspeech12/test/test_barishal_0028.wav,ওমরা ভট নম খইস ভা ভ হয় খালি আছে মাইয়ে ভরদাম কিন কিরাদা বা তরেডা নেও খাওয়া ডিপ টির ত করে খাইলা ক ন  এই যদি কল আগের টিরির দিয়ে এট্টা জিনসির কয়ডানছিলাম একটানা দিদয় হ
/kaggle/input/regspeech12/test/test_narail_0102.wav,স জাকাল হামদবিল্লাহ যুক্তিিো কিন্তু কঠিন রোগ বইয়ে নিয়ে বেড়াতছি এ আর কওয়ার মতোর না কী একটা যাকুন থাকতে অবে এটু থায়ে যাইতে অবে ঠিককি ইবেনা
/kaggle/input/regspeech12/test/test_sylhet_0614.wav,ফোয়ারে লইয়া হ্যালো আইচ্ছস নাই তোই আইচ্ছোস নি না তা ফরিয়া জিয়ো খরো পরেগ্রাফ বার খরো আমি আইয়ার তাতাদরাি
/kaggle/input/regspeech12/test/test_sandwip_0052.wav,কইতুমি ফিলাই কচ্ছে ুলাতোলার মা আছে আমার ফরে হাতে দেইখলাম যেকে হুয়াই গেছে কিন্তু গিলিপ দা তো টেইছে একধরনে আঙ্গুলেরে ইয়া কততি হারে না আা যা াতে একদাম কাডিয়ে তো কটি কয়দিন টেন ডিদা কষ্ট আ তো আদাই গেছো না
/kaggle/input/regspeech12/test/test_sandwip_0127.wav,আঁর পাইয়া থাইয়া একটে ছ্লো এমনে এই লাইন আংগোরের পেশার দিয়া বিক করার লাইগঞা আংগো মারা ছাফেরার করে রাটি ঠিক করছো আমরা মানছি আং্গো হোলা ভাইয়া আংগোরের মাইন্গো এই পেশার দিলে হরা লেখা তার জীদনাগারে গিয়ালানকি
/kaggle/input/regspeech12/test/test_sylhet_0438.wav,মানে ইগুর তাওত খরিয়া ছাামস্ুডেন্ বাট কাজ কইরা কি কুরিয়া না অব্বা মোটের মাঝে ফড়ছে এমন টিক মারফমি মানে আমি খইছি সবতা মনো ছিবডা আইচ্চা মা মানে মাংস উনছর তোমার মতো সিরিয়া আইয়া ফড়ি গেছে আর এমন টিক লাহাই টিকি তা খন দোরোর ছোটা আর হোলাখার তমি উবাইতাম খরাম না ব
/kaggle/input/regspeech12/test/test_sylhet_0547.wav,আর ফরম পিলাবতাছে হঠাৎ  এক্সামো রুটিন দিবোরে নতেলে কন ামা রমজান তাত ওইতো নায় আমরার হেদিন এখজন মেয়েমে খইছোইন ক্লাসতো যে রমজানো ওইতো
/kaggle/input/regspeech12/test/test_tangail_0066.wav,কর্পোরেট পার্টিে ঢুইকা পার্টি খরতে ফারবো না ওয়াদের তো আলাদা একটা সাডদার স্টার্প আছে ওই তো আরা যেমন স্টার্প ওইরকমই তো এই পার্টির মদ্যেই মানে সিউলি একদম মানে রেলিংয়ের কাছেজে
/kaggle/input/regspeech12/test/test_barishal_0060.wav,অনেক পোলাপানের লগে চলছি এই পোলা নেশা হইতে শুরু কইররা এমন কোনো তাউরেসিন এইযেনমুই পোলা করি নেই আর এহন সব ছাইড়গে ভালোই সংসারি করি মনে করেন আমি যহন পোলাফানের লগে চলছি দৈনিক পঞ্চাশ টাহার একশো টাহার গাজা লাগদো আমার তামাক খানা আমার জীবন চলতো না
/kaggle/input/regspeech12/test/test_barishal_0091.wav,গত বাছর এরাতো তো এ গাছ এযে ইেন এইবাড়ি কাদলাম এই গাছ ম তো বড় গাছ
/kaggle/input/regspeech12/test/test_habiganj_0032.wav,সেইডা রাখতি অখন ইখানোই ইকটু ইয়ো খরি আবার মালা টালো জটি কিন্তু কুরাকুরিভাবে খরা ওয় না বাড়িত তাকতে যেমন খরতাম এমনভাবে কিন্তু খরতাম ফারনাম
/kaggle/input/regspeech12/test/test_barishal_0045.wav,হেইয়ার পর মনে কন শনে  না আমার মাথা গাছে গরম হইয়া তদ ডা বাডাইয়া গাম এইয়ে সজ্জ অইলো না এইয়্ে তেই এইয়ে করছোচ া গরু কুইললে কি কে হও করু কইনা আজতে হয় হেলাম বেচ্চি ও হালামু আর ওই মোর ওই গাছ কাটা কাচাই্লেই গলে মুই ঢাকা চইলে যানমু এই বাড়ির সংসারি আ
/kaggle/input/regspeech12/test/test_sandwip_0037.wav,আতা খাইজ্দে হা দি কট নাইম আর কিা ইয়া পাশালাতরা ইয়া কুল্লা হের বাস না বেশি হনে ছে তোল্লাই ফাঁশতানি দেহগে ব্যাকে জানে নে একানা কামা ইখেন তো হেন্নি চান তো ভাবি
/kaggle/input/regspeech12/test/test_narail_0017.wav,তালি সেই সরদু খাইসে আবার কইছে যে মাইসুওতো বাইট খাছে বলে ম্যালা টাকা পাঠাইছে দাদা দাদার ওচ্ছি বিস্ত আচ্ছি তাই তো মনি কলো তানে মাইটেও তো তালি ক্ছে যে তালি ভালো কথা গরু পদ ছলের কাছা পাঠাইছে তালি আমি গরু পদর ছালের কচ্ছে শোনবো যে গরু পদে ছওল তালি টাকা তো খাইছি আবার দেহি নাই
/kaggle/input/regspeech12/test/test_sandwip_0125.wav,আাত্তাছি ইপলা সাতটা ইফারে গোখোলা ওগানা যৌনু তো মাইকলাশ আঁর বাড়ি যাইখলে আসেহইতের হোলেও হে কিলা আইসকা এলা টুরজন্তা হ  লা মেিপাশে খইততে আাইর্লো না নাইনির্জেন্তা খরি টোলা ঠুর পে গেছে
/kaggle/input/regspeech12/test/test_comilla_0027.wav,ছিল আর ওর বাবাও তো একজন সরকারি কর্মকর্তাই উপজেলার অধীনেয়ত ইঞ্জিনিয়ার সহকারি ইঞ্জিনিয়ার তো নারা ওরকমভাবে যে মানে একটা তদন্ত করতে হবে বা খানে কাউকে দোশারুপ করার মতো উনি কুনু ইয়া করে নাই
/kaggle/input/regspeech12/test/test_narsingdi_0065.wav,ইতা আমিও কি দইয়া এরফরে অনে ইঞ্জিনিয়ারিং পরতাছে উতা থকটয়া ক তুই হারড টয়  সফটওয়্যার ই হি কিত্তি তালি এখাতার লয়া ফরাকিন লগে
/kaggle/input/regspeech12/test/test_tangail_0115.wav,কী অনেকেই কাহারাডিপকট না আ ওটে তো দেখাইছে পেপারেও দেখাইছে আর একজন নেতা ছেনায় সবাইকে ই করে চট্টগ্রামের রাউজানের নেতা ি
/kaggle/input/regspeech12/test/test_narsingdi_0031.wav,ওডা দেওয়া হস নাই তুই এইরকমই স্বপ্ন সবারই দেখতে হব ওইটাই স্বপ্ন সবাই দেখবু উল্লা না দেখলে কি চলে  এই যে টি টোয়েন্টি ওয়াল কাপগুলো দেখলি না সাকিব ল হাসান বললো যে
/kaggle/input/regspeech12/test/test_sylhet_0398.wav,াো খয় আফনারা ানি  বাকতা ব না খয়া ইছোয় বাা াা একপরিক আলা না সন চুকি না কারবিবার ুে এনা যতাো ানে কোকা দেখা যান
/kaggle/input/regspeech12/test/test_rangpur_0126.wav,িতোরা এখাদি করে দা কুন দিন ইয়া মট টেকা দিয়ে দেতো ওটে দিথো হ কপাওই দুইশো দিছে মাপ হা তাতো আরও তিনশো দেইম আরকি টোটাল পাঁশশো টাকা আম্মু করি দেল
/kaggle/input/regspeech12/test/test_sylhet_0677.wav,ো বাচ্চা ফাটা লইয়া য়ো খরছে কন্টলিক্ কর্কে ি মাস্টারটো আমার মে ইছে ইয়ো খরতে ফারতি না ফড়ার গুচ্চা বর্তি ওইছে মাস্টার্সো স্টা ছে স্কার্ট মানে খরা রাখতো কনটিনি ফালা
/kaggle/input/regspeech12/test/test_sylhet_0695.wav,তাইলে তো আফনারা ব্যস্ত আছোইন একষে ত্ে আন্দা ওান্দা খইরালাইন দাদু তে আমরা উঠি আফনারা আমনরা বউত নময় দিলা আযে ওই মগলা খটকা খরলা
/kaggle/input/regspeech12/test/test_sylhet_0442.wav,আমার খর তো এমনে বিকির বাড়িতকে ক্যারতিননটি এক্কেবারেত ছো আবাতো অয় তা াতা খইননি হয়যয় ও তোবালতো তোমার বার তর পয়েন্ট আছে না নি পয়েন্ট ফড়াইলেও গিয়া যে আর হামবা আহমবাদ
/kaggle/input/regspeech12/test/test_sandwip_0111.wav,রকেমনা জিবনে তো আ ন খরে দেইলেমনা ছেখান মানুষ জন্য হ্যা কী যে লানি মায় তুই ব সবা গরাইয়ারে লাড়ি দ যো  কেউ কেউদেি
/kaggle/input/regspeech12/test/test_noakhali_0006.wav,ও কি দেখুন কিনা না নু
/kaggle/input/regspeech12/test/test_sylhet_0301.wav,আর বিয়া অইলো ওখনো একটা করা লাগবো করতাম আর স্ত্যেে বড়ো যে জিনিসটা আমার মাতায় ত অখন এটাপ খরছি যে আমি তখন ইউনিভার্সিটি ফাশ খরিলিমু ফাস করিয়া যেখুন আমি বাড়ির পিরিয়াস যাইম যেই ফারিত আমার আম্মায় টোয়ার্টি ফোর আওয়ার্স্টেনশনো তাখোইন আমার আব্বা নাই আম্মা টযানটন খরিরা তাইন ঘুমাইতা ফারোইন না
/kaggle/input/regspeech12/test/test_sylhet_0243.wav,আমার স্বপ্নগুলা খুব ছুটু ছুটো থাখে যেরখম আমি এুি পর আমার টাররি কিতা খইতাম মিনিমাম প্রাইমারি ইস্কুলে চাকরি খরিয়া আমার একটা পেশা লাগাইনা যমনমি আমার ইন্টারো দিতোই তখন আমার টার্গেট ওছে ইটা
/kaggle/input/regspeech12/test/test_sylhet_0590.wav,ম্যাটটেপ যাতাইতা তো এরে ফরে ইলো আর বাকিরাতো পড়াইতানা  এরা ন আসকিনান যায় এখন দিন প্রতিদিন ফকিদিন তো যাই ডিপিং
/kaggle/input/regspeech12/test/test_sylhet_0589.wav,আআর র ফরে থাকি দেইখ্কিয়া বয়াআক্কা পড়া তো আগ্র আইটেস্টোর খয়দিন আগে দিকি ফড়াইরা ু্তো স্যারে বাতি ফাকিব ফড়াই
/kaggle/input/regspeech12/test/test_sandwip_0002.wav,নাখালি খাইবো না  তানা কুজ খড়তো নানি ি  াকাি ফাকবি হলি বাইত আইছে বি উননতি ইয়ানে অয় খরক খরতে  টাবাদদি টেকে ছে
/kaggle/input/regspeech12/test/test_sylhet_0480.wav,আমার আম্মা তারাখু ইতারা খয়া  ত আবার দো গিয়া উত্ত িতা ওইবো খালি তোমার উট্বোদর খার মাইয়া র এখার ঘর তোমাতা  বাইয়ে ওলা নিয়া বড়ো বড়ো টেখার বান্ডি  না বেগনিয়া ডাখ্তারেরে ইটা আমার বয়ইনে মাত টিয়া মর্থ ওইবো এরএকমরত
/kaggle/input/regspeech12/test/test_barishal_0050.wav,ইহিনতে হেই রাত্রে এম্বুলেন্স বাড়া নায় মোর দায় দিয়া আটটা হাজার ঠাহা কয় গ্যলে যান নাগালে বাদ দেন ডা  ঠ্যাহাইন্না তা হেই ঝড় তুপানের মদ্যে দিয় এট্টা দিপদে আকোদে কলে টাকে ঘড় তুফান ডাঙ্গাইয়া এত কিছু কইররা হেইয়া মনে করন কোনো যদি এট্টা ঘোনা না থাহে মানুষে কিতা দেয়া আয়কি ও এইটা বোঝে না যে মোর ব্যাডা যে হারারদিন এই গাছের কামডা করে
/kaggle/input/regspeech12/test/test_kishoreganj_0039.wav,মরাতোলা কি আলাপ কালায় ইডা  জানো লা তাআাছামরাত বুলে ইডা হ আচ্ছা আমার এককা ত্ত ফুয়াদ নাম কইটা না ছামরাদি এইনা কি জা মেলা া  ামদাালাডা
/kaggle/input/regspeech12/test/test_narail_0022.wav,আগে তুমার বড়ো মামি এগপো ওই বড়ো দিদি না গতো তুমার পোটো মামু য় বাডি আক খাউস পাই নাইযে আনে যিদি তা ওই যে পিরিট ওইছে সুজর মাস্টিরের পিরিট খাতে ওইতে মরিছে ছোট মামুষ সুজানিছে ছোট মামি ও ছোট মানিষ ওতো খাতের ছেলো না তলে লো বর্ডা সত্যা গা টোকন ইলা
/kaggle/input/regspeech12/test/test_narail_0003.wav,নেতে আনে তার তু সেড়ে সিরেমেনেউরহানে ভয়তে আছে আমি যে জমি যাতি ধরিছি ওগি কানে গেছে এবার আমারে ডাইয়ে কচ্ছে কিে এরকম বাড়ি জমি তো আমরা খাত্ছিলাম
/kaggle/input/regspeech12/test/test_kishoreganj_0164.wav,্ ছুটপু কেলা মানুষের মাছ দিলাই ফাাকেলাা দেই সাদিমানতো বাবা  াতো পাতে ফকতা বিদিববানদি ডানা টুকটু কেলা
/kaggle/input/regspeech12/test/test_sylhet_0489.wav,নআমার এখলাতা ম্যাডামে ফাওল এতান ডাকি তো নখজান্দা তো কুমি তুমি তাইনরে বালা রা
/kaggle/input/regspeech12/test/test_sylhet_0740.wav,ফউরে দরবা হ রি একটা আন মারে নিবাগি জামাইয়া যায় বাফোরও তি ইতান মাইমে তা গিলে খারাদিন তাইয়েন ওনো  তাইন দেখতা ফারবা খাই খানতে াা আমনতও তারাটাইতে দে করিণিত ওইয় যাইযেমন আম্মা
/kaggle/input/regspeech12/test/test_kishoreganj_0021.wav,বড়াটা বরছা দেগিয়া বইচ্চা কুন্নতি বাচাইর মছিদ নাকি কয়ডা গল নতি  বইয়া মসছিদ বইয়া মরছিদ বইয়াবইয়া মসজিদে আরো এইজাগ লক্ক্া হাইস্কুল আছে না হাই ইস্কুলে সাত্তি হছিনা বড়ি হাশাে অতা শে সম নাফছে তঅরে টিটও নাই
/kaggle/input/regspeech12/test/test_sylhet_0149.wav,াই আছোইন বাইর বউ এখন বাই ফোতাতইন বাইড খলার করলে খোতা আইছি হফরলেখা না তো মায়ালা কিছু মাত্তেও ফারাম না ফরা দেখা লাগতে
/kaggle/input/regspeech12/test/test_barishal_0042.wav,হেই কুডো কুন দুজি মনে করেন কাচিরদে টাইন্না আডি বেনতিমুগ রাস্তার লোক বিয়ে জাগাইছি হেইয়ে নিয়ে খ্যাতে হ্ালাইতি হেই কুডাটি একলাক লা লাগ পু হেই ঘদ্দুরের মইদ্যে একটা মিনিট থায় বইতারি নে হেইয়ে ঘুরে ঠুরে হুগাইছি বিয়ে ইল্লা কলা হেই আবার এক লাক লাখ কাঁথাইছে
/kaggle/input/regspeech12/test/test_chittagong_0093.wav,নাই ফাল্লার অনলাইনঅ আই ছে টেনশনওত আছি তুই খোনোমিক্কে নাম ন আইতো ালাই কেউর ইখোনোমিকে নাম ন আইয়ি গুচছ সি ই ডি ই
/kaggle/input/regspeech12/test/test_sylhet_0001.wav,ফাই যেকুনোরি লিনসা আমরা ও দিকা যে ডিক্টো পেপান খাইতে য দেখা অয় এখজা বালা লাগে মানে কটা লাগে না তুমি খুব ফার দেই না তালা পত্যেক কইতে খছছা আর কটঘুরা
/kaggle/input/regspeech12/test/test_narail_0063.wav,মা পরে দওর ভাইর বিশ্বাসে পুকুরতা ডা দেতি ফরে র মকওয় তাইল হর কি ওতায় নে দেক মাইদিরে কোন সদের মাইদ দিরে তো   পোহরের ফা িলেকিরি
/kaggle/input/regspeech12/test/test_sylhet_0075.wav,লক্ষী ফুজা খা লক্ষ্মী ফুননিমু খালি বুজা খার্তিক পূজা তোমার বেটা গণেশ  টিপ আরেখটা আছে টিপচোতো দরছি ফালগল মারপু তোমার তো লাশ্ট ভাই পোটা কুন সময়ো ভাই ফুডা কে খাছে ওখন তো ফড়া লেখা খরে রায় তাইলে দি খাছা ভাই পোটা খছে কিতা খরোইন ভাই পোটার মদ্যে তারা খ বাইা কুা বাইরে পোটা
/kaggle/input/regspeech12/test/test_tangail_0022.wav,ছাড়া অদেক দুইজনর দেখয় একটা নিউ ইয়র্কই বেকুন একটা মলে অরা যায় ওরা দুইজন এই যায় মানে ই লাভস কিনতে খারণ বাইরে তখন মানে শীদ কানাডা ওইদিকে মানে ই
/kaggle/input/regspeech12/test/test_narsingdi_0063.wav,তেএফর ও তোরা ফনরো দিন লাগায় শিখতি আমি আগেআ শিহ না ঠিক অই কিন্তু লাস্টের তিন জনে ঠিকঅই শিক্কালেজুনি এজিভ ফরীক্ষার আগে দিনি ভাবো আমি দুই তিন অর্দেয় ফরে ফক কই তরে ফরেততো গেলে
/kaggle/input/regspeech12/test/test_kishoreganj_0095.wav,কচ্ছা বিরাইটি মসছিদ না বেডা তুরা নিবোগা ডেনাা দি তালে গি ক্যামেরা বিত করা আরকু ক্ ফরেদা ন করে না ফরে একলগে নছলে এর ফরে আনোতোনা কে না এরফরে কালাম ইল না এর ফরেদে কেউ আইয়ে রফরে আয় নামাজফরে তাত নমতি দেও এডা টান দেয়া
/kaggle/input/regspeech12/test/test_sylhet_0606.wav,টা খন আলহামদুল্লা মনে খরতো কিকটা বুইছে এখন ম্যাডেম খুব দেখতেই বালা লাগে মানে দেখ্যি রাখছি তা মানে আমি ঠিকঠাক আছে সুস্ত সব মা কানা এপেক দেকটা বেকরি দুরগানা খারণ তো আমরা যেসুমা পরতাম ইলো আমি যেসময় ফাইবা আছে কি সম   আমি ফাই আমি তো ছাতর তুযেমুন আসলানাম আস্তে তো আছি
/kaggle/input/regspeech12/test/test_narail_0057.wav,বাদ দিয়ে ছে তোগে দে জমি দেবো না এযেনি যদি কোনো ভালো কাডিব ক বনে পর বড় সাতি থাহ   আমাগে তো মনে কুপির অভাব নাই আমরা দুই মাস পতির তে আমরা ম্যালা ভালো আছে হেইয়ে  শে করি  প  ও ক বাবা চইলে গেসে চাকরির ভিত্র কোহায় তারপরে যদি তোর ভাইগ্যেই থাহে টাা পয়সা হলি আবার তোথ কি
/kaggle/input/regspeech12/test/test_sylhet_0338.wav,মানে আমার মানে ফরীক্কা দিতামন অয় থাপতির কুনু অভাব নাই লটি না াকঅনতো তাওত আছিল বাদে ফরীক্কার যখন স্থগিত অইলো ওওয়ার ফরে
/kaggle/input/regspeech12/test/test_chittagong_0081.wav,কম্পিউটার সিসতাম দিয়ার অতো বাই এরা যাহে মানে এন অসুস্থ ওই যা ইগু জের মাথাও তুলিত ন ফারি  ওই যে হিট সলু স্মতা ওয় যায় গুজে ভাই হযে গরম ফরে লমে উটু বাইপুটুল আইও রে গরম উজাল এখনো মিকে গুরতাম যাইন ন ফারি
/kaggle/input/regspeech12/test/test_sylhet_0164.wav,কতোক্ষন থাকতেন আফনেরা যতক্ষণো তারাও খাওয়ার এখ টাইম নাতে উঠাইনে নিরোব ওইতো দে দি পারা ইয়া দর রাজ্জে ছা ফাটরা খাই ইডা ফানিই ফাইটটা খইব আজারা নাই এ ওছ ফাট রি খাইছোন মাইনষে ুকানরাতইনআফনার ওকটু ইতিহাসই ছাতছি তাডা
/kaggle/input/regspeech12/test/test_chittagong_0150.wav,কিরকুম া এইট্টা ছবিটা বিনিক্কিল ফাডাইদেন না আনুরা একবার হইলাম দে আইডি ওকগা একসেড ন গরিবাল্লাই ন হই াত আন দে এক্কান সমস্তা আল্লায় কী অইয়ি ওই আই দিবোদি অনের মেসেজ ডিরেক্ট কনভাসেশন ওগে এগু ছবিটগি বেগিন যেতে দিবো
/kaggle/input/regspeech12/test/test_kishoreganj_0106.wav,এএনিটু বাখান সমন খ্রা নি টুব না কুনে এইট ফা সকল প্রাণী ঠি প্রত্যক্ষ বা ্পরক্ষ বাবেত তুদবীদের উপর নির্ভয় স খাকি নাই গইল্গা
/kaggle/input/regspeech12/test/test_sylhet_0114.wav,তে এমনে আমরা এসাতে ইয়া লইয়া মারতোইন আফনের ছুটুবেলাগুলা লইয়া কিচ্ছু খইন কেম্নে বড় টরো ওইতুইন পড়া শুনা খরছিলান্নি না কিলা একবারেই না টাব খরছি না ছুটু থিকা বড় ওআ কিরখম অইলো এ দুইটা কাহিনী ফিনি খই
/kaggle/input/regspeech12/test/test_narsingdi_0128.wav,রেচ খেয়রাও এ আলাই দিলে তো মাশলা তোর মুহের দাপত কইবা গেথে কী দিছস হ্যাঁ কি দিছস বইন আমি নযাচরেলি ইখাংবার না না ওই যে বাবায় কি একটা ঔষুদানে দিছি না আমিও কিনমুই যে আমারড ছান্সপট অইতা তো  এডা দে সান্স পর যাতো না এডা সা র  ব্রন অইছে ব্ল বনের একনযা প্রন্স কিনার লাইজঞা এটা
/kaggle/input/regspeech12/test/test_sylhet_0037.wav,ত ই্ু টাইম তো অনেক মজা খর সবাই রঙ খেলে হামাইল দে সবাই খুব আনন্দ খর খরার খরা মাটা খুকে ইয়োত নিয়ে গাড়িতে করেলে ইটারে খয়খ নি প্রস্ুতি নয়াদি যায় গাড়িতে নিয়া আনন্দ খাটতে বায় রাকা উঠে মাদুর গারে নিয়া কিন্ত খরিয়া
/kaggle/input/regspeech12/test/test_sylhet_0418.wav,মানে আমি  খুবতো সারাজীবন তাখতাম আর বালা ওইটান নে এখন বুঝ্ছো তারফরে আমি আন্নার তর মানুষে দি যে বাত আগি হুনতে মাবলানা রা বাবা বুজো নানি আখু বালা যেখতো ফারে আমি আবার আননাা তুমি দেখতু তো তাও খুব কুতা মালি তুনি
/kaggle/input/regspeech12/test/test_kishoreganj_0078.wav,ফাকা পাজজা ফাগে যা ফাাগ যা দেয়ে তো কনুমুতি দিছে  টযয়া লাগন হ আমি তো কইছে ও টিয়া লাগবো  কইযে ু তাঙ্গায় দিবি না  নিজে া আছেগা  িবা তো রাঙ্গাবাান আঙ্গা দেইজ্ঞা যা রাঙ্াা
/kaggle/input/regspeech12/test/test_sylhet_0351.wav,এই ওবারকি গার্ডিা তো তারা যে পাইয়ান খইলাম যে আমার বাড়ি ছিলাট র আমি থাকরে গিরিম ব্রাহ্মণ বাড়ি আমার বাত্চা ছোটো তখন আমার বাচ্চা আছিল পুডো নূরুল ইসলাম নাহিডার তেকতা খরতো তোতাইন লগা লক খইছোইন যে না ই মেদআমরে এই ছুটো বাচ্চা লইয়া জামাইর ছাকরি যেহেতু সিলেট তাইনযে সিলেট ট্রান্সফার খরো বেগজ ছাগ
/kaggle/input/regspeech12/test/test_sylhet_0635.wav,ওই যে নাতনি দেখলাম তাই মাতি আনি না সরন ফাইবো ওউ দুনিক ককা ইটা প্রেশারে প্রেশারের বাই দিম আইছে আর প্রেশার বড়ি
/kaggle/input/regspeech12/test/test_sandwip_0054.wav,বা না কের কত কুনি ন ফাতদেছা কত্টি
/kaggle/input/regspeech12/test/test_chittagong_0149.wav,বড় পুফির ভাষাত হ বড় ফুফির ভাসাত বউত াইক্কি অনে কিত্তা লাইগগুম সানরে বেয়াকগিন কাং আছে বেয়াক্কুম ভালা আছে আঁই লাস্তাতাডিত্তু কিরা দে আই ও বউ আঁই বউ বউদ্দুল নাফচরিত আ হতা খইর
/kaggle/input/regspeech12/test/test_narail_0126.wav,রকমেন্টে গিয়ে তো ঠিক ইব অনেকট এ যয় দেখে কি হ্যা আমি দেখেরছি আর সব না আমি দেখেছি এরে ওমার সাথে এট্টি কথা করতি অবে উনারও এক সাকটা থাকে উনিকাকা কনতে থাকে ওই তো বড় থাহে না দাঁড়ে
/kaggle/input/regspeech12/test/test_tangail_0020.wav,তারপরে আমি যেই মুভিটার ষ্ট ওইছে এরকমেন্টের সেডা অইছে সেডেন্ড ডিপিটি এই মুভিডা অনেকে দেখে নাই কিন্তু এডা তকটা সুন্দর মুভি ঘুম আসতেসতে
/kaggle/input/regspeech12/test/test_habiganj_0096.wav,আমার তো ইচ্ছা কাগড়াুড়ি রাকাওয়াটি বাদ্দার বর যাইতাম ইতাত যাইমু যেসময় নিজে চাকরি কটা করমু বেশি টেখাও খ ওইসময় যাইমু ইতাত এখন দিতা নায় এহন তো ছুটু রইতে এহনর প্তম ইা আমি জীবনের ফ্রতম ইটা নাইি দুধ বেশি দুর দিতা না পিলাট ইত অইলে দিবো নাইলে দিতা না যিরলেকি
/kaggle/input/regspeech12/test/test_rangpur_0044.wav,ধাল বতোকান পবার নায় কেনে হ তি ফান এমনও দিন এমন আগ ফাইদালা পাত এমনও দিন এমন নেটা কয় না থাকলে নায় নে দিবারে ফাইা এিন তু কয়া লাভ নে
/kaggle/input/regspeech12/test/test_habiganj_0053.wav,তরর একটু পবিত্র পওয়া যায় মন প্রাণও বালা তাখে
/kaggle/input/regspeech12/test/test_barishal_0100.wav,মোর হাতলাম্বা এই ঈদের দিন  পছন্দ এক খালি ঠি পা বাার দিবে না কিন্দু পোলা মাইয়াডিভি সামমির ি া শা কা ছে এবার তো ঈদ গাতে কিন্তুম  এএকবার দিন পর থি ে া শনিবার হ বিয়ালে বাজারে গেছি পাঁচটা ব্যালান যেি পাঁচটা বেলির দুইডে জাল হালায় দিছে
/kaggle/input/regspeech12/test/test_sylhet_0130.wav,এলাকা পেক খাক হুম ফমুন য াকছে ইসতেলাম লাগে এইটেন বেডাহুবননিল্লা লামফা হম বেটাও আর ইদ উ দ ইনে তোতারখরফাা ইলে এলকা কিপা গ দেখবা খারোই গ্যদি
/kaggle/input/regspeech12/test/test_kishoreganj_0192.wav,উদ্ভিরে পুষ্টি সূরনে এইযে কুনটি পরিজন মানছি উদবিরে পুষ্টি সু কুনটি পরুজন মাটিক কুনটি পানি দুশনের কারণ ননরদো মার বর্জ নর দো মার বর্জ নর দ মা বর্জ যপানিতে মিশে থাগাএপানিতে মিশে থাকা বালি কাদায় ইতালি থনুর
/kaggle/input/regspeech12/test/test_rangpur_0023.wav,আমি তাই  মাছে চলি মাছ দিয়া রমজান মাছে খাওয়া যায় ভাত বেশি  কাইলকে এখরা ওই যে দাওয়াত গেছমো এিন  কার ত খায়া কমা তায় না পাগলি া তে তখনা  া দুইদিন খালতি খালি মাছ কন দুদন  াতোরা ওই রহমানের মা
/kaggle/input/regspeech12/test/test_sylhet_0456.wav,মানে ওলানতেখান খইতাআমআর উপ্রি ওখান তারা মানতা আমার আব্বার ইটা আমার উপরে খইছেন আক্কা মনে তোইও ওতো টেখা দেওয়া লাগবে কিনতু খে আমার আব্বার খরছি তারা তানমানি ওলা বনতা আকিল বড় বইরই টাখে তা আমি তো আর ফেউরে ছাতাইফা কিকু নায়
/kaggle/input/regspeech12/test/test_tangail_0099.wav,এক আপরে কি ফরনবীর কাপুড় এইডার লগা অনেক কষ্ট পায় যে একসময় সবাই দেখা যায়তো আজকে মানে ওই সবচেয়ে বেশি খষ্টে আছে তব ইতা পুরাডা দেখলে আসলে বুঝা তাই ে ওয়ান সাইডেড লাভের যে একটা ফিল
/kaggle/input/regspeech12/test/test_habiganj_0071.wav,ওরোও না আবার একবারে ছোটো অ নাটা মেনডা হয়ডা কিতা কিতা  াাদেরাটি তাদেরাটি তারপর ইদিকে অইলো গিয়া তিন জিস টোন থিকা আর পেনজিস টেন্নে আর ক্রিদারো মানে একবারে তিনজিস টোন থিকা আ  আরকি
/kaggle/input/regspeech12/test/test_sylhet_0011.wav,ফড়া লাগে নায় দেদিন প্রজা ওয় এদিন খাই ফরেন আমগি িন আমরা টাইম যা ইো খরা ারজ মাল দিন তাইনের সবযাটা লাতার কাজর পলতো ফার আর অইলো গিয়া দেতে প্রজাসত খাওয়া অয় খাওয়ার পরের দিন তো কুঁজার পদ্দটীবনমনাকে
/kaggle/input/regspeech12/test/test_sylhet_0175.wav,ুদবদনাইয়া ল্লে মনে কয় সরকারি সম্ভব ফালায়েরা এমনে গুরানির গ্াইন টাইন নাই গুরানি  কুনানো ওই এমনে পরিবার মিল্লা বা বাপ্পর বা মাএআছেও ক্রান্তি জিনজা কি গরছে বাইতকআমার বাফের বাড়ি
/kaggle/input/regspeech12/test/test_narail_0171.wav,ামাফবিফছ বিদেশ বলতি কোন জাগা আতছে ও
/kaggle/input/regspeech12/test/test_tangail_0084.wav,ছুলি পছন্দির ফুল গাছতিলই ছুলি আমি এই গাছটা আসলে তোমার কাছে রাইখা যাইতে তাই ফরে বরুন দাওয়ান এই গাছটা নিয়ে দেখা যায় যে একটা এই ভেনে বরুন ধাওয়ানিয় এই গাছটারি নিয়া তইলা যাইতাছে
/kaggle/input/regspeech12/test/test_kishoreganj_0121.wav,আ দল নআমাত পি্যাফরে আগে ফাচটা বইরা ফড়রাম ফরেযনতেগা গাড়ত্তে চ্ পরিবেশ দুশুনয় অন্যত প না কারন অইলো কি শিল্পারন বইজা ুঅ্ কারান অইলো শিল্পায়ক
/kaggle/input/regspeech12/test/test_sylhet_0464.wav,া র া যদু ডিজনেস তলা উনে দি খুব মন্দ খরে ইতা ইলাম আনফেন মে আতা খরিতায় মানি তো বেখি মানে ও বিষয় ঠিক বেচ্ছি একটু কনলো মরা আমি বিয় করছিও তারা ও ভাজফাড়া লাগে ওউ উরাজবাড়তাকি মানে জাগায় জাগা আাগে মানে আগে আমরা তাখতমন আমরা তাখতা
/kaggle/input/regspeech12/test/test_narail_0154.wav,ছয়েনের সাতে কতাটা তো হয়
/kaggle/input/regspeech12/test/test_kishoreganj_0139.wav,বাঙ্গি সবুজ করা এনা মছত বাঙ্গি সবজ রঙ গিয় বা পাঙ্গির সবুজ রঙগি মছ্ত পাঙ্গির রং কুন কইনা তো রঙ্গি সববুজ রঙ  পাঙ্গডা রিম্পুটয়া যা
/kaggle/input/regspeech12/test/test_sylhet_0316.wav,এগারো এগারো এগারোত তোমার চাইর বাখার হইছোই ইাতো বাটা থুকলাম  তোমার ছা বাটা মালে খন দিকডাল ত্রে এরে কিতা কয়
/kaggle/input/regspeech12/test/test_chittagong_0098.wav,হুম নফারা আমার মাঠাত রাখি ছি না ফারিলে ডিক দিল অইলে খরি ফার্লা ইমদেয় দে হয় খরতো কিছু ফারের নাই হ আরতে কিছু গরিবার না যে পয়েন্ট ফায় আঁদা ত তুর তুন দাজ গো আরো কিছু বাজ লইয়্যে
/kaggle/input/regspeech12/test/test_sylhet_0656.wav,বউত না বাবা ফিবে নাত আর দাদুর কিলা তমারে যা ইতা কিতা করোইন আফন নিয়া কইনআফনেরা নিয়া খইন কিলার আপনের দিন যাই
/kaggle/input/regspeech12/test/test_comilla_0010.wav,রুহিগেলোর নাচ্চা নিয়া রিয়ারতালে রিয়ারসালের রুমে যাওয়ার পরে টিচাররা বলতেছে আজকে ব্লুটোতে চার্জ নাই আজকে তোমাদের রিয়ারসাল হবে না চলে যাও তে রুহিতো অনেক খুশি অয় খুশি অইয়া আবার ইয়াতে ইস্কুলের মাঠে আবার যেইখানে ধুলনাটা ওইখানে ফিরছে
/kaggle/input/regspeech12/test/test_sylhet_0319.wav,তো তাইন তখন তাইনোর দুই বাই ঠাকতার লগে তো ওউ অইলো গিয়া আমার বিয়া বিয়া নিয়া কুনু স্বপনো দেখি নাই ডিয়এ নিয়া ওইরকম মানে আমার বিয়া টাকলে একটা ঐতিহাসিক বিয়া তা য সাধারণ মাঝে অসাধারণ কারন আমার বিয়া
/kaggle/input/regspeech12/test/test_chittagong_0107.wav,কিন্তু ফরতানিন হরাদি না তুন এক ঘন্টা অইলদে রাতিয় বই তাহম পুরগি হরিবেল্লা কার  আছেডি লিস্ছি গরম ফরিবু তা এক ঘন্টা বইতা গিলাম যেসময় ছদা ওনে মেয়েপোর ছবি দেহা  তের টা মোবাইল চাসনো আছে লেগোয়া রাহি গেলাম
/kaggle/input/regspeech12/test/test_habiganj_0054.wav,তরেরযে পূজা দেওয়াসুবয় তুল দুধ কেরে জ্বালা লইয়া ওয় দুঃ খেরে জ্বালাও দুধপো ইটা একটা ুগন্দো ইডার মইদ্যে একটা চুবাশ থাখে না একটু বাশে একটা নির্মল একটা পরিবেশ সৃষ্টি অয় তাতে আমরার যে পার্থ্যডা করি পরিবেশটা যেতে  মানে কোনো কিকটু বালা শুবাস ফাইলে দেককুইন মনডাও ভালোইয়া যায়গা কনুপুলের একটা কুনদ টুবাটে আপনার মনডা যীমন ভালো অয় এমন একটা আগর ভাপি বা খোনু দুপার একটা শুবারজোর মনডা ভালো পবিজ্ঞ
/kaggle/input/regspeech12/test/test_narail_0069.wav,ও ওই জাগা আছে এ্যনি এট্টু তুতো ভাবে হেন্দু ওহনি আছে যাস জমি কে বাড়া জানে না কিন্তু ও জানে যে কোন থাকে তোর জমি কোনটাকে আমি কই দিতি ফারি এরম মালোনি উনি কিন্তু ভাড়ে বুঝাবো যে রে  জমউটওইযেচগেমামলা তরিদে ুি খয়জ
/kaggle/input/regspeech12/test/test_sandwip_0062.wav,বিয়ের মলো মইলে বিদ্দি নাইগা দেগাআম কেউ উগগা হাসতে তিনি্ডিয়ালা হনতাসার লাই িতি উগগা আছো যাত তুইন্না আরকে তোন ছল উনে বারে
/kaggle/input/regspeech12/test/test_sylhet_0393.wav,আমি টিনা মাততে ফারে ছো আমরা কিতা সম্পর্কে খ গবেশনাটা আর ক্লাস হলে না কি বাইরস রাম অইছেই এবলিকা মানে আমরার একটা আমরা লাস্ট ইয়ারে স্টুডেন্ট ো অনার্ট তো একটা প্োপারে লেখা লাগে যে ইিয়া লইয়া ইউুা
/kaggle/input/regspeech12/test/test_sylhet_0245.wav,ইটা আমার ডেমুডিড বাই তাইন কিফনি খরি খরি মানেসবআমরার তো কৃষিবেস্ট ফ্যামিলি আছলা আব্বায় ওরার দ মানে জমাইয়া রাইখ্কা গেছোইন না যেটা থাকা আমরার ফড়াশুনার খরচ পড়তো আমরা আসলে কুনুদিন কুলো প্রাইভেট টিচারের খাছে ফড়ছি না
/kaggle/input/regspeech12/test/test_sylhet_0649.wav,কুদিন আার দাদুরে ঠিকআয় আপনে তো মনে ই যুদ ইকসময় আতলা দাদো খই না দগ সময় ওইছে কুতা বিন্দ ওছে ইটা তহয় অখাত কিতা মানে কাহিনী খইন দেখছাকিালি গুলা গুলিছেনা গুলা গুলি ওইছে দৌড়া দৌড়ি খরছি
/kaggle/input/regspeech12/test/test_sylhet_0366.wav,তারারে লইয়া আমার চিন্তা ভাবনা আমরার মতো আরছেলে আমরার বাচ্চার এতো ট্রাগল খরতো নায় বা ইাআমরা গে পরিবের্তো জন্মগ্রহণ খরছি তারা তো ইরখম দেখছেও নাকনুদিন া যেই তারারে লইয়া আমার আসলে মাঝে মাঝে  ইয়ো ওয় কিতা করবো বা কীভাবে তারা লাইফ
/kaggle/input/regspeech12/test/test_narail_0031.wav,নাকদমেয়েরে দিয়া আইছেলো কিছু বেশি বেচা ওইছেলো তা ওতেরো বেশি উনিয়ে অচ্ছে খায় তা ওই পলে দখলে না টপি আমারে কলোওযে ভাই এরকম ওরকম তামও ওনিয়ে আমার মাথা ব্যাথা নাই আমি এর পিছনে দৌরহচ্ছে আগে ইটুক দেই
/kaggle/input/regspeech12/test/test_sylhet_0505.wav,ওমার আগ্বায় মারা এখটোএি াখদাদা খইছে া আমার আব্বা ইটা মিমানর দু আমার ওতা ছিন্টা যারার মনো খরে আমি আমনাখতাখার তাি আমার একবার মনো খরি দো আখলানে মানে অটুধতইবা মারা যাওয়ার একটা আ হোঠাত খরি এখটা মারা গেওয়া আমনার ফুলা ছিনি ইটা মন আমরা একটা দম খুব খারা ওই গইছে তিনতাত খুরি গেছি তা খরি যি আমার কটানিগুজ মাযা কিন্তুাখ
/kaggle/input/regspeech12/test/test_sylhet_0688.wav,ওতো বছর দরি তাদি অনো বতব আফনারা ডু ফাটয়া গেছোি ড ফাটিয়া গেতে ইব তো আফনারা শ্বশুরেক তিকিও আফনেরা পাইতোইন মানে ছ্বচুরো এনসে খাজ করতা ওই ছশুরো এনসেব কাজ করতা ছটুর আফনের জা
/kaggle/input/regspeech12/test/test_tangail_0043.wav,পশুপাখি জসবযত পশু পাখি আছে সব নিয়া অনেক মানে যাদায়ত্বত অনেক টাইম লাগে এরলাজগা অনেক ফ্লুরস্টুটস নিয়া উঠে কিন্তু ওই ইফানখান মানে
/kaggle/input/regspeech12/test/test_kishoreganj_0203.wav,আগুন নিবারির যন্যো কার বনডা কছে বতন ফালি দে এমসত পাকা বারন না কো আগুন নিবার যন কিবা করর পানি ড মত মকতু মকতো মকতো এনোযে আমি ফান্ডিয়ারালেছে কবা না বিা দিমানা আনতে এই নিবলা যাইবোগা
/kaggle/input/regspeech12/test/test_sylhet_0599.wav,বড় বই নাই তাআন্টি আরো দুইজন ইউকে থাইক্কা ই মামা আর খজনেক সেন্নেমতবে খালি ফইরা যাইআইস খয়টা আই কি তইকা নাসারে সিস্টেম আমি এর আগে এর আগে অনুান
/kaggle/input/regspeech12/test/test_kishoreganj_0014.wav,বেচলে টো অ না বেচছিলাম বিছোছ আর অন বিটেলাইন কাডাা যার রাস্তা বইানা অহন জায়ন নিা আছে এনি বিট্টালায় না বরা বেইচ্টালাইন বিলের মারি দো অভাব নায় বেইচ্ছালা নিবো কইরা হ্াআযে টাক দিতো না এ্ন তাকি দিতো না ডে না কেলা
/kaggle/input/regspeech12/test/test_narail_0025.wav,সেইডে কিরা কা ওই কয়দিন আইছে কিশোররা তো খাছে এইযে মানে তোর মা মরিয়ে যাওয়ার পরে তার ফান তিপরগের সাথে খাতা কিফোররা তোর পরে যেরা গেইছিশোরগের সাথে একন সম্পক্ক ছলো
/kaggle/input/regspeech12/test/test_habiganj_0079.wav,তোমার ই তোমারের বাড়িত তিক্কা খতো দৌরে বাড়িত তেক্কা দূর বলতে এমনে িয়া রাস্তাডা খড়তে খাইজে ফড়তাম না বাড়ি আর ইদিকে আরকি  মোটামুটি আদা গন্টার মতো  তারফরে
/kaggle/input/regspeech12/test/test_sylhet_0446.wav,অখন তাকি বাসায় ফারটাইয়া আইগি খখনোও লাগে একটু আমার বাচ্চা এখটা মারা রে যে ফরে মনে খরলাম যে াহওনা মা তোা মন খুইল্লা বাগদইতখাফরে রমাতো খন তাকি আইরা আমনে এখটু লাগে আমার উপর ছা খরছে এরফর া
/kaggle/input/regspeech12/test/test_barishal_0035.wav,এহন দায় েরান্দে না রাইননে  রান্দেআই মারি গেলে রাগ ওই যে  বত নাম র লাগে থাকেগ
/kaggle/input/regspeech12/test/test_sylhet_0519.wav,াকরর আসলে ভাই হরা থরার ক্ষেত্রে মানে মাহা দিয় লে ওত্তো মা দিয়ে তো কাইলকে তারে নর এর মাঝেদ জানস  সবন্তো খইম না নি তারা তুট খরছে এখলগে মাহা দিয়া ছাকরি ঘরো আগে আর মাঝে যিয়ো
/kaggle/input/regspeech12/test/test_sylhet_0575.wav,থানবে আর ইমরা না দুইটা তআররা কইরবোল এখদম লাভ তকিন্তু নাইম তেখি মনো আছেদি তোর ছিনার খতা বাকখন অলো মন নাই  কিতা তারার হুনছি বিয়া খলে
/kaggle/input/regspeech12/test/test_rangpur_0070.wav,কালকেম াগলা খোডো মুই কনো মাত থুইতোম মই কয় মাইনসের দা তমাক তেলে নাখে ি রাও লাউ খান হ কো মাতলা না তাক নিয়া তা অগনে মুই নিয়া দেতো ইা
/kaggle/input/regspeech12/test/test_kishoreganj_0133.wav,জাম্ুল ঘরমেলা কয় সুদ্র বাসা করবে বইয়া বাসা করবো ঘর মেলা গা ডালি ন্া কাল ুতা আরও ডালি মামবার ডা এডা অইছে পানি ফল ইয়া গা া গাম গাল গান্মুল ফল হ  গাু
/kaggle/input/regspeech12/test/test_kishoreganj_0157.wav,হদযে বয কাত অগ পানি বুগা মানষ দে সাইত থেকে সত্তুর ভাগ পানি  মনক সত্তু সত্তুর পাি টের পানি না কত্তি ভাগ পানি াট িকা সত্তুর ভাগ  সায় থেকে সত্তুর ভাগ কইছে পানি অনেক কতা ভাগ পানি শাইিত থিছে   বু পানাুককনা
/kaggle/input/regspeech12/test/test_narail_0038.wav,ে রইছে যাি মিলা দারাছে  দিয় লে  তুমি আখল দলিল বাইর করতি পারো তুমি যতই দখলে যায়ে যায়ে সব কাটায়ে যাবে এহন নিয়ম পাইল্টে গেছে যার নামে দলিল টে এহন দখল করতি পারবে এস এ সিস্টেম ওইসছেচলেতো এগ বাইছ নাকত হরে না ও অভনাক্স তরা
/kaggle/input/regspeech12/test/test_chittagong_0064.wav,রি  মানে অন্য কলেজের মাইঝ্যে ট্রাই গরম ফরে এহন খনে যো কীরি ব িন্তু বোগগিন আঁর দাদা য়নে ফরিবু হ আইখছে এখন তার এন জাগাত ব যা কিরকুম আঁইতো ন জানি  গাহাত তুন খরতারি্যান খয়া
/kaggle/input/regspeech12/test/test_sandwip_0046.wav,য য কুচ্ছি নিয়া দে ক  ঠিক ময় না কর যেম মদে এডা গুটনু আইয়া হেরো হকামনি বি তুই যেগি দে এনকু য় কি ঘুরি গিলা ইবে বাইদ্ঞাত যেক করে লবাপকে কুন বালো একটা বাজে খাইয়া লাইগতে কোম যেন হ সলাতে হ
/kaggle/input/regspeech12/test/test_narail_0049.wav,অল কি কর্তে এই ঠুনিয়ে যা আমি কচ্ছে ক্যা কি হইছে তোর আলাদা কো আ যদি কি হইছে হকচ্ছে কি এই যে ঠি কচ্তো না আমি কচ্ছি না আরা ঠি কচ্ছি নে ক কি হইছে কচ্ছে এনি হয় আকি গেছি কচ্ছে এই যে মাটি কাটেছিস
/kaggle/input/regspeech12/test/test_sylhet_0666.wav,য় না বালা ও তো যার আফনের তো এখনো সবচেয়ে সামর্টা আছো ন ওইন নাতিনুককার কতা তোো থারারে ও খইত নাতি অইলো আকি এ প্রেমার আছলা ও মান্ডরেও াাা
/kaggle/input/regspeech12/test/test_narsingdi_0022.wav,আসলে রুবে যজন্য খারাপ লাগেরে ওওতো হিসাবে সিনিয়রা ওরে তেমনর এক্সপেক্ট দেওয়া হয় না আর তাহফ উদ্দিনের কথা বলি তো তাহফুউদ্দিন তো হইলো ান নিজেরে নিজে বড় মনে করলেও যা হয় আরকি এই আরক
/kaggle/input/regspeech12/test/test_barishal_0020.wav,াফ আর খার ম্যাস থাকি কমনি টুপস লোক কলেজের প্যারার দায় ঘড়ছে এই লোক যদি একবেলা ওষুধ মিচ দেয় পরের বেলায় দুই বেলার ডেক সেডা খাওয়াই ত এন্টিপ্যাটি তুরি থাইয়ে খাওয়াইছে
/kaggle/input/regspeech12/test/test_narail_0162.wav,না এহন তিন ছুলিন লাগাতিয়ে ইনুলিএমন অবস্থা ওইছে বড় ইতি কমতি ছেলো না ইনছুলিন লাগাই কমাতি আচ্ছে
/kaggle/input/regspeech12/test/test_sylhet_0126.wav,সত্তর জন আগছেনি কোনা তর তো প্রতিদিন অ অখনতারার মালিকাআ এখন খা কইন্না আগে থাকপা  আজকে মালিত কলো এক মালিক গেতিকা বাড়ি ধুকতা গেছে কি তারা অখন বর্তমানে আরেট নয়া মালিক আছো মালিকা আ দরো আওয়ার যাওয়া খরে খিয়াল খেয়া খরে তে তারার দুতালার বাসা আছিল না
/kaggle/input/regspeech12/test/test_chittagong_0067.wav,েড  বাড়িত থাকি লিরে বাড়িতাসতান খইতাম তুই তো ন আই অছো আই কি লেখশু আগে থুইয় আয় তারফরে টাগুম তর ইদে সময় সলাম খরলাম তুতো ন আইয়্ে এ ফরনা বাননহলা আঁয়ে যাই আনগরি না
/kaggle/input/regspeech12/test/test_narail_0087.wav,ওই সেই ক ছাই তুই তো ভুলে গিচ্ছিস তুই যদি ভুলে না যাতুতা পাঁচ মাস পরে যেই আমারে ফোন দিতোস নে পাঁচ মাসগুনি রাইছে নেই  আমি ইন্ডিয়াতটা আসার পরে তোর সাথে আমারে একদিন কথা হইছে যদিন ইন্ডিয়াত থাকে আইছি
/kaggle/input/regspeech12/test/test_sylhet_0598.wav,তারা বাসাত আইয়া দাওত ন খল দিয়া অবারবার খরা গায় হইলই দাওয় খইছুন যাইতাম আম গায় লই তো আর গেছি না তো দাদু মাগ ওউ অসুস্থ অ গেলে নানি হা ছদিন গায় লো দদিন রাতেরে ছেলাইন আর ওউ আমরাআর গেছি না খন খয়ন বিয়াত না গিলেি তারাও সব আইছোইনি কতা যার বিয়া তাআর নো আরকি হাসবেন্ তাখোন কানাডা তার
/kaggle/input/regspeech12/test/test_sylhet_0210.wav,ফর আমার খুব েফিনারা দিছে ইটা ওইলো ও এখটা জরি ফাইতে বুটের বুটের কে তালি ঠাা খরোইন ওতা নিরঞ্জনর িয়ো
/kaggle/input/regspeech12/test/test_sylhet_0320.wav,মদ্যে কুনো ফরননোর কাপড় চুকর কুনু ধরনের লাগজার ইয়া কুনু কিচ্ছু না যা উন্নতি বিয়া যাইতারে খয় এক্কেবারেই সাধারণ এবং উইবোত আর স্যাঠিকস নাই তাইনোরেও কুনু প্রত্যাখ্যা নাই আমারও কুনু প্রত্যাখযা নাই দিও যন হেইতে আমার প্রত্যাখযা খালি আমি একটু মাথাটা
/kaggle/input/regspeech12/test/test_tangail_0083.wav,ইিউলি ফ্যামিলি আরে এই বাসা ছাইড়া অন্য জাগায় তুইলা যাইতাছে এই বাসায় আছিলো শিলি অনেক সৃটি আছিলো পরে মারশাকি ভুটনায়য় অনেকক্ষণ কথা হয় ফরে মানে শুলিরাম্মা বুরুনরে বলে যে
/kaggle/input/regspeech12/test/test_rangpur_0117.wav,এলা কিতুর টুন কাডাবু হ নাহ তোর ম ত্তো ছোডোয় আছে মুছ জুড়ে কাডাবু না কই তোর মোছ বড় হইতে তার মোর তো ছোডোয় আছে যাদা
/kaggle/input/regspeech12/test/test_sylhet_0415.wav,ফ্াকীন মাস আমি বর্তীও আলাম ফরে ইখান তাকা ইনা ডাখার ঢাখাত কুনুচিকিৎসার কুনু জাগাখলে ফরছাউ ছিন্তা খরানি কুনু ফরছাম তোমার আটকাইয়া রাখার মতো  তোমার আমার ালাবানা আমি নিজলি আমার মেজের মুখিয় খইলা ওইছ ওতো বাল্লা আমার টা রসাপ রি নিছে আমি ওতোক মানুষ
/kaggle/input/regspeech12/test/test_narsingdi_0015.wav,নষ্ট কটি টাকা কি লাগে এনে তো দেড় থাকা দুই কোটি টাকা দিলের একটা মেশি নাই নাম্বার সেটে পরে একটা স্পিড মেশিন হারা ঠিক টাক মতর চালাত যাপার ইমা বল করে বোলার ভুল গতি ওডে
/kaggle/input/regspeech12/test/test_rangpur_0037.wav,নাইপরে একি খাওয়া লাগে তারে খেজুর খেচুরও কিরনতিনােকাানো কালকে এহনা শাক দিে খজুর  তারে তসুি ভায় কেবেখে ট খোতার থাকি উঠি একটা চ্যালেন খায়া
/kaggle/input/regspeech12/test/test_sylhet_0707.wav,খড়্তো খরার দরখার নাই না না এউনেই মাতি লাই তাইলে আমরার আবার আরো তাটা কালেক্ট খরা দা খহ প্রভাবা আর কৃক্ণধর্মম বলিম বএকগরা টিলার
/kaggle/input/regspeech12/test/test_sylhet_0354.wav,ইটা মনো ওইছে যে আল্লায় নিলাটা নিয়া আমরে ঘরখায় দিছে ওয়ন আমি এমি ছো দুই আজার চৌদ্দ সালের নভেম্বর ওয় ওউটেই নভেম্বর ওয় তো নভেম্বর থেকি এখন ফরযায় তো আতি
/kaggle/input/regspeech12/test/test_sylhet_0568.wav,তুমরার তো সব ইংলিশ নি না বাংলা আছে বাংলা যে যেন ফারে আমি ইংলিশ বংটি আমরার  মেথ কিতা সবগুলাও ইংলিশ আরা দুইটা সাবজেক্টোর মেথোর মাঝে থিওরিও ইংলিশ আর তে পিওর কিওরি বাংতাহায়্স্টাডি ফড়তাছে আমার লাগে ইংলিশ টুয়নত
/kaggle/input/regspeech12/test/test_tangail_0002.wav,রেফডিউমার কিউডি ওই ব্র্যান্ডেড দলে যোগ ধ ইচ্ছা করে পরে ওই ব্রযান্ডেড দি ভোকাল মানে ও আরকি ইকটু আগে মানে ব্র্যান্ড ব্যান্ড থিকা বাইর অইয় গেছে ওার গগান করবো না পরে বযেন্ডের যে ভাগ সদস্য
/kaggle/input/regspeech12/test/test_sandwip_0116.wav,ব া হেইতে নাকি আন্নের আগবো খাস ার  আছেল সত মষ্ট  হেতে সবটমুখব তো ইয়া মানি সবচেয়ে ভালো স্টুডেন্ট আইকো আইয়া ফাশ কইরবার হরে ভালোভাবে হইত্তারে ন যা হর
/kaggle/input/regspeech12/test/test_noakhali_0010.wav,ও জন না হয়তা কপি কর ফাতা কপি কায় দেই খাগো দুইটা জিগা ছাাা নি তো ক্টা বইয়েতো ছামগার বিয়া ছোমরা যারেকইছা ফো
/kaggle/input/regspeech12/test/test_habiganj_0046.wav,বই কিননাম না ব ওই কিডা ওইছে কয় ন খই কিতা ছে কিনতিনা একটাও আমারে গিফট করতি আমার ভাই েরা ইতা ওই করপি নিতে কিনতি না আর লাইবেরিত থিকা আইন্নাইন্ন করতাম ইতা ওই নিজে কিননামনা বেশি ফড়ো ওরা ওইকতানা
/kaggle/input/regspeech12/test/test_tangail_0038.wav,তই মেইনকার একটা এপ্লাই করছে ইরপানখান আরকটাাকটা আছে বাঘের নাম অইছে রিচার্ট পার্কার তবি তো ইর পানখানের নাম থাকে পাইপ্যাটেল ওই যেহেতু াইভ পাই্যাটের আর এই ছবিতার কিছু অংশ ভারতে করা অইছে আর কিছু অংশ অন্যান্য জাগায় করা অইছে সমুদ্রেরও ছীন আছে ম্যাক্সিকান ডিপোন্ট সিন আছে
/kaggle/input/regspeech12/test/test_narsingdi_0078.wav,সেদিন আমি বড় মু হেসম আমি ও সালামি ফম না বড় হইয়া যা এই ছুফুরা কছ আমার কোনো সালামি নাই ইয়া মজুরে পিএসসি দ ইসময় হেরে দো কদতা দিছে হকলতে আবার ডাস আবারে লোক দেহে কয় ত তুই একে ব্যাবস্তারে  ইয়াডা রেতালতা বাড়া করি দেখবি তরে আরে বে কী দিবো
/kaggle/input/regspeech12/test/test_sylhet_0571.wav,আস্তা যুদ্ধাতাতো ইকটা খাইয়া ব আজকেও ইন্তা সময় ফড়লা আমনি রমাা দেখাজি খরছে ওলা উটিয়ানানি বুচ্ছোছন সুফার বাদ উফিয়া গিয়াছালাইক জ্বালামনিতা র হেদিন ওলা সাদা আইছে নানি গি ফানোর লগে খাইন তা ছাইছুইন লুকাইয়া রাখতা আব্বা তাইদা এখনাবখইন আর ওলা আন্দাইরের মাঝে ছাইছুইন লাইট এখটা অন খরিল তা সখালে
/kaggle/input/regspeech12/test/test_chittagong_0095.wav,পয়েন্ট মুটি হুম দিষ্তিতম গরেজের মডে চুলাইছে চাগতি অহনো তোর ছু নাই ইতে ভলে তার তরা ঘুরতে ফারবো পয়েন্ট হতো শীতের ফার্থর সরি ছজ্গাম টটা শিশুইয়ুত ভুঝ ন বুঝি
/kaggle/input/regspeech12/test/test_sylhet_0160.wav,াললা ইমদি আইছিল নি মিলিটারি ও মায়গিতা পরা জা ফাইল আছে আমনে তো মকিতা খরছিলা আমি দুজো ছুন যায়া ফাইতাছলাখািয়া আমার বকল পাই তারে আটি বৎছর
/kaggle/input/regspeech12/test/test_sylhet_0065.wav,মানে দিকারক্করে মান আমি আওয়ার কি দিছি আইততা তা  অক্করে তা আমি মাইতরা ইয়া খইতান তে মাতমেকি বর্তি অইবা আমি খই আমি তো বর্তি ওইতাম ছাইতাম অখন কিন্তু আমলাডা অনেক প্রবলেমি দেখা দিইতা ন আমি বর্তি ওইতাতাম
/kaggle/input/regspeech12/test/test_kishoreganj_0072.wav,াতা না তো খন বিষ টিহাছা আনি ভ দিকের চাউজ একশো বিশ টিহা  ছা দ দে ছ বিশ টিহা ছা নও বিষ টিহাছা অলো কইললে বাঙ্গা দেলা একটা ফারে নিগাহ
/kaggle/input/regspeech12/test/test_rangpur_0085.wav,হেয়হ্যা হ হাইন টা আইতে আর বার মতো আ বরুজাইতে আর বাফের মতো  ফার খাপে ক মারে গা খেশি আইলো
/kaggle/input/regspeech12/test/test_tangail_0114.wav,বলওরা দোকান খোলে হচ্ছে তোর ছয়টা  এমন আগন আরো আগেই লাগে গেয় তখন খোরে ছিল না সবতাল মারে ছিলো কিন্তু আমি একটা জিনিস ভানছি না ওরা ক্যাশটা তো কেনো দোকানে রাখি তাদেরকি কে ধার না এইটায় রাতে চলে  বার তো মনে করো কাকটাকা ফুরেনা না না কুরছে ওই যে
/kaggle/input/regspeech12/test/test_sylhet_0104.wav,কিতা না ই বিল্ডিংয়ের ই গরের মদ্যেও বউত পরেদে ফারে কখয় নাল  ইটা অো ালা কিছু তব দোলা তিনজন তমি আটি েনডেসটানোর ছেলেরা চছ তা থাখে
/kaggle/input/regspeech12/test/test_sylhet_0282.wav,যাই ওউক বাদে ফোর্থ ইয়ারে উঠা খরতেখন ওলা ছিন্তা খররাম যে এখন বিয়া খরা দরখার ওসময় ইটটু একটু ছিন্তা খরিয়া দেখলাম যেনা এখন ওআমি আমার  লেবেলের মানুষ যদি বুজাত যাই আরো খমোই লাগতো
/kaggle/input/regspeech12/test/test_narail_0167.wav,সকার উইনে বাড়ির কতনা হযা
/kaggle/input/regspeech12/test/test_sylhet_0098.wav,তেল এবিলাগি বেছতামরা টিনোবে লাগতা বাত খাই আমরে তো তাডা খম খাই এডি লাগি বিতরে ছাউলরাতেললা বিছিলাবু তাইলে ইরখম মানে কিরখম যাইতাছে দিট বাত কিতা মনোঅয় এইগুরা নিয়া খুবওই তো াে দিন যায় রাইত ফাইতাছেদিন যাইটা রাই থোয়াইতা র্লায় হেন তাউনু
/kaggle/input/regspeech12/test/test_sylhet_0195.wav,ফ্যামিলি ফারবরে ইফড়িা খরতা ফারছে তারা বি লায়া খরতা তারা একটা টুত লাগছে  ওউতা লাগিনতা
/kaggle/input/regspeech12/test/test_sylhet_0460.wav,ট্রফি টাইম ই দজ ইতার লাইগগা ওতো গেছে গিয়া কতোদিন রিয়াছন জোর খরিয়া আচ্ছি আানকে পড়া লেখা কতো টু আমার কতা টিউকলে বাবা আমি আকতে ছি বিচছি না
/kaggle/input/regspeech12/test/test_rangpur_0081.wav,ওই যে আগের কার মাইনষে কইছে গাছ গুণনে হয় গোটা বাপগুণনে হয় বেটা কুনে হয় খাও খুটে গোণনে হে নাও এইল্লে এলা বইলে বিক্ষে হা হয় এরকম হয় না মানে অবশ্যই ওহয় হ্যা
/kaggle/input/regspeech12/test/test_sandwip_0126.wav,আঁর ভাইয়ালগাতাগলা আইয়ে ফত কি াহ্যাঁ পেটার দিলে হই প্রেশারে কোনো হোলান আসলে ওলে হেটু  খুলান বউত ভাদদ হোলাইর্লাগি আআংগো ফরিবারের মইদ্দে আই আঁরার ভাই মাইর জাগা আমরা প্যাটারি অইজা
/kaggle/input/regspeech12/test/test_sandwip_0016.wav,কেননে কইলো পিচ পিস করি গাডি ভাজি করছে আছ মার পাচা একগিনও হনকা করে অন এডডা মাছ ক হিয়ারে য়ত মাইন্নে হাইতে ভাই নাই ভাইত এড্ডা আমাছে দরকার গেসইস কত্তে অব নো ঈদ বুজিয়া
/kaggle/input/regspeech12/test/test_tangail_0126.wav,লুকাই থাকবে এতো বড় একটা কতা বলতে ভাই একে তো গরম তার উপরেই আগুন ধরতে সব জাগামানে এখন গরমের দাব শুরু হয়া গেছে কী গরমটা করতে দেখতো কথা ওইলো গরমটা রোজার মধ্যে পড়তে ফাকটির দিকে যে রোজাত ছিলো আমরা তো ভাবছিলাম খুব বৃষ্টিতে ঠান্ডা ঠান্ডা রোজাটা শেষ অবে
/kaggle/input/regspeech12/test/test_tangail_0016.wav,আবার গান গওয়া শুরু করে ফরে তার বিখ্যাত বখিমেন গ্যাপ্ত ডিব ফুরা মনিশ একার সালে মন টরেলে পুডাইকটি দিয়া আমি সবার সামনে গায় আর
/kaggle/input/regspeech12/test/test_narail_0058.wav,তুম কইদেনা এ যে কায় যায়  যাবে তোতে মাদে বাজাত এই কু াা ক ছুকল ক টাউট ভাট পারি কইরে তা  পিয়ে থাহা যায় না জমি তো ভালোভাবে নিই নাই ওর জমিও ভালোভাবে থাকপে না ও দেইহো সিস্টেম এট্টাও কইরে ফ্যালাবামা এই যে কিটিকে কুদা এে ভাতা
/kaggle/input/regspeech12/test/test_sylhet_0720.wav,তেমতা তো কুমা না খর হুলো তো আছগুফাখাদিবে খুছি নাকি া া খুব একটা নাই টা ইটা খুলি লাইন দেখছি আর কিতা খয় যে ইটার কিতা খরা লাগে ইকাও খুদা লাগ
/kaggle/input/regspeech12/test/test_sylhet_0515.wav,ছাকতিনাইতে ছা খরতি বাদা লাগে মানে
/kaggle/input/regspeech12/test/test_sylhet_0266.wav,টান ফাইলে তো যেদিন আমার ক্লাস শুরু ওদিন বৃষ্টি আছিল আমার খুব মনে আছে বৃষ্চি আরছিল আর ক্লাস ুরু ওইছে আমি জানি না আর আমার বাই তখন বার্সিটিত ফড়োইতা যারাল বার্তি ইকটা আমার বাই অর্থনীতিক ফড়তাম তো তখন মুবাইল ফোনো আছেই
/kaggle/input/regspeech12/test/test_sylhet_0288.wav,কিন্তু আমার যে অতি আমার যে স্রাগল আমার যে স্ক্রি ইটা টাপে এডজাস্টেড না হইলে পরবর্তী লাইনটাও মোদ নাও ওতো পারে অক্কানআমি কিন্তানা খরিয়া আমারে জিগাইতো নি ব্যাফাররে যে ওউ বাড়ি থাকি প্রস্তাব যেহেতু মার্কেটাই
/kaggle/input/regspeech12/test/test_sylhet_0235.wav,চকলেট আমার বাইয়ে মনো তর টেখা দিয়া চল্লিইশটাআনছোইন আমি আরতো ফুরুত তাইন যা খেলা টানোর মাঝে তারারে এখটু বাড়ে পাটাইয়া দিছোইন আমার রেজাল্টোর মিষ্টি তো তেখাইয়া খইয়া রাত্তে বইতুইন পারিবারিক মিটিং মিটিংও ডাকলা ইলা তুইতো বালা রেজাল্ট খরছো তখন
/kaggle/input/regspeech12/test/test_barishal_0084.wav,নিয়া মনে করেন কামকামেরদার  হেইনে লোকের বাহেরা ঘুমায় ন টতা ন চো খাাপ   আমনে করেন আটটা নয়টারাকেছেরাহইবে না হ পর মুইদ বয় থাকতাম ক্যাকটা বাজি রাইয়া পুরো মুরল নাড়াইতাম বাইত করে তারা ইয়া ঘোরা কোমান নিয়া শুরু কইরা দিতাম
/kaggle/input/regspeech12/test/test_sylhet_0255.wav,াে তার ইতুমন খারাফ খরিয়া গেইটি ওলা বিয়ার প্রত্তার লইয়া য় কিন্তু ওতে ওতানন তারা করি গরব যাইগা অখন বাই এনটে একটু মুভ চেইঞ্জ করি লিটেন আগের যয়া খইতা যে জিটাফাত খরিলা অখন আর ইয়া খইয়া না ইলা খয়তা ই া খরে ই যেদিন চাইবো ওলাম তাই যেদিন তাই বওদিন বিয়া অখন আর আমরা বিয়া দিয়ার না
/kaggle/input/regspeech12/test/test_sylhet_0399.wav,মানে এক দুর মাকি
/kaggle/input/regspeech12/test/test_rangpur_0030.wav,হনাদির অতি আে সরারাইত চাক্করে ব নমি দিদিপুরেটা হইলো অতি থিরে আঠার ডাইল ছাড়া তিছম ত রলা  আটার ডায়লো আর অতি হইতি আর বিন া া ব  একুশ টেকি
/kaggle/input/regspeech12/test/test_kishoreganj_0035.wav,আহনি তো এই ভারে ভিডিও করিল ন জাগাত ঘরি আরকি এইদিকে আয়া আমার গিগা আইয়া ভিডিও কবা তানা সতা নামর লগে কতা অই না এমনে হট সেবে যাহ  কায়ে কিতা একক নক দেও নামডাকাা   ইজাগা মি দি হ নর দেও জিরোন সেভেন থ্রি চব্বিশ অবেি ও এও দিতা হতপর
/kaggle/input/regspeech12/test/test_chittagong_0106.wav,মাে হ্যাঁ ইচ্ছে আর তুরে খই ওই ওইদিন ওলদি ছোয়াইবি খরতা ন হয় না তো ই কী আলদি খানজু আপুর খতা ছে তারা ফুললি তো মানুষ ওইবা শান চাপুর রেদিন সাইত ছা য়লায় খরেন তাম গেলাম দে
/kaggle/input/regspeech12/test/test_sylhet_0033.wav,মানে উকাশটা বাঙ্গয় আপরা যেহেটুক যাও নে ইটাবাঙ্গা দশটা একটা টাইমি যে টাইমটা সত পলটন খাইলাম কোছাক খাওয়ার ফরে তার ফরে দেওয়া হয় ইয়ো কিছুরি দুইটা উটা খছে খাও আবা দনিয় উফর বাচ্চা ইগুল হয় কিতা পাট খরা হয় পত্যেকদি নিছন ডিপার্ট দিতাম না ইযুগা ওইলা চন ডিপার্ট ফার
/kaggle/input/regspeech12/test/test_narail_0100.wav,কবে তিতো অনেকদিন আগেই খা ওইছি ওদর একটা গুড নিউইলদি চেকম কইছি কিই চুদ্দ ভাষায় কতা কবা না না শোনসোন
/kaggle/input/regspeech12/test/test_rangpur_0105.wav,ওরে যায় কোনটা ত বাজারে টাত না ওইটা ওই কোনটাত  ঠিকভাবে যায় না নাা ওতো বেশি না পতিক দিনও যায় না প্তি দিনে যায় না না মাঝে মধ্যে যায় যায় না
/kaggle/input/regspeech12/test/test_tangail_0014.wav,মার্কেট থিকা আউট হইয়া যাব পরে ওরা আসলে ইরকম সরতন্ত্র করতে থাকে পরে ফেডিেটে আসলে ওরা একসময় পুইিস থিকে আরকি আলাদা করে ফালায় আর এদিকে ফেডিও মনে কর ফ্রেডিও এক
/kaggle/input/regspeech12/test/test_sylhet_0265.wav,জীবনের বুর ঘুরানুর মতো একটা অবস্থা তাইয়া করছি তো পার্সিটিত ভর্তি অইয়া আর যেহেতু মেডিটিটটো আছলাম তুমের ইটিস্টের প্রথম থেকেও উটটেলেও উঠার লাগি তারা আমি বেদাটিতে ব্যাগ খরছোই প্রথম দিন থিকেউ উঠটে লাও
/kaggle/input/regspeech12/test/test_sylhet_0474.wav,খব কুতাইয়া ফবলে মানে ছাউলর খুরিয় আরকি নতুন দান বাঙ্গাইয়া তবরে ফুরিলেও য  বারে দেখি নাগলেও খ ফ্কাশ খয়া খইয়া সবরানে কিতাকুরা খাইয়াদি ই্নো তা র খাইয়াও ফাইলে না ফলেজো গিয়া খাইনি লইয়া
/kaggle/input/regspeech12/test/test_tangail_0064.wav,ফরে কখনো সেব খখনো মানে যে অখন যে যাইতো পরে কখনো সেব কন উয়েট র কনো ক্লিনা কনো ডায়ার কনো আসাব কন আবার দেখা গেছে ম্যানেজার কুন এক প্রোরে তো ইরকম
/kaggle/input/regspeech12/test/test_chittagong_0030.wav,হুম কী রিপোর সামনে ফরিক্কান উনি  মোবাইল অব দুলে ছেলিম তাল্লি মা ওডে তু মোবাইল দাহাইলি ফরতি আমাআমা আইতিরিয়্যান আঁরা এতশো বাদ দেহাই দিবু হয়ুদে মাইনষে নি দে অইলে মেয়ে কর মোবাইলে গেলে আুককুম কী
/kaggle/input/regspeech12/test/test_comilla_0024.wav,তখন আমি জিজ্ঞাস খরলাম কী অইছে তখন ও ই গটনাটা বললো আরকি এরফরে আমি রুহিরাইননা রেডি ওইয়ে যাইতে যাইতে শুনি যে মানি বাচ্চাতা মারা গেছে ওর লাশ্ট নিয়া আসছে উপজেলার মদ্যেই ওদের বাসা এই আরকি মানে এই গটনাটা রুহির অনেক ভয় পাইছে আর আমার জীবনো মানে একটা স্মরণীয় গটনা রুহির
/kaggle/input/regspeech12/test/test_rangpur_0114.wav,োমার বাড়ি তো খাওয়া দাওয়া করছিল হ গালে বাড়িত খাওয়া দাওয়া করছি রে নিলা আছে ওই দিনাজফুড়ি যে বুড়ে আছলে যে দেনাজপুরি ওই খিলা নাইতোক নাহ খুব ইয়াহ্যা
/kaggle/input/regspeech12/test/test_chittagong_0082.wav,া াই কিতু নাই ওইয়া নে এযি এহন আয় নাই যে তাইলে বেয়াকগুনে বে তো আইয়্যিদ দে তে তছরার ম্তে কেউ ন যায় তুই কি একলা গিয়া পুনডা ফায়ছ
/kaggle/input/regspeech12/test/test_sylhet_0577.wav,না তো ইদোর কথা ওইতো আমির ইদো দেখা অইছেনি যে রাত্রে কাড় অইছলো এ কি খওলাত হ না ইদর ফরে টিকনিকো গেলাম মানি কনি কইরে দেখো আর ত ইদও আর দেখা অইসনি
/kaggle/input/regspeech12/test/test_kishoreganj_0188.wav,কুনডি পানি দুইফেননে কার নমাছ বজে নদ বা  নদ বা বলো ুসময় বানাব  মার মা জা ফ ফরা তো বানাই আচ্ছা আইচ্ছা তুমি নদতলাগা ওদুি্
/kaggle/input/regspeech12/test/test_kishoreganj_0123.wav,ডেলতে তো বালা ডেলতা ফুরিষ্কার কিন্তু বড় বড় মিল ফেক্টরি কশিল্প ানারে সচজাকতে বিভিন্ন দরনের জিবাসলানি যেমন জিবসজনের ম্যে তেল প্রাকৃতিক গ্যাস প্রাকৃতি
/kaggle/input/regspeech12/test/test_sylhet_0473.wav,ছয়জ খর তিনি দে গেত দামের এটাফয়া জালে তালাক্কল ফ কতা কলা খশিতম উতা খইন্গো
/kaggle/input/regspeech12/test/test_kishoreganj_0108.wav,খয় এভাবে এভাবেই শক্তি থেকে প্রাণীতে প্রবাহিত হয় বাকু সংস্থান উদ্বীদ থেকে প্রাণীটে শকটির প্রবাহের এই ধারাবাহিক প্
/kaggle/input/regspeech12/test/test_chittagong_0017.wav,চ্ছাতা খবর বাততি না কা ওইডি আলালা অবস্থা অইলে তার কি গরমের জুল অই খতক্ষণ আবার ফোয়াইত আবার গামইত অডিক দিনের ফাঁচ বাছর গুছ অইরলে নমার অডিপ হুম না্তারা খতি ছে ন আরো দশ বাস গরি ফান
/kaggle/input/regspeech12/test/test_kishoreganj_0111.wav,সব কর ইদ  পানিরে ছকতি অন্যান্য এক অদিক খাদ্য শৃংখল একত্রিতা খাদ্য জকটা কি করে খাইজ্যা যাগু পানিতে ছকতি পরবাহের একই দারাবাহি পুকগিয়াই হলো খাদ্য জাল টিংকল খাদ্য ডিংকল ফর ফ ফ কুনডা কোন টাখা দেও আমবার
/kaggle/input/regspeech12/test/test_kishoreganj_0085.wav,না হ্যাঁ কি এবহইতান ছে না মাডি নাম নাডি নাই হ্যাঁ ছব পাক্কা পা্কা ি ছব পাক্কার
/kaggle/input/regspeech12/test/test_sandwip_0128.wav,ন মসতেটুকনা বিয়া করেন আইকে ওকগোও বিয়ে করছে আরখেনা করেন তহন অইলে তো আর থাইকটে ইলেতে কলে দেখলা া আইচ্ছা খাকেনো এন্নে অব নাম অনে অয় বিয়েল লাই সুজু খায়ালে মানে ইয়া কইরগা
/kaggle/input/regspeech12/test/test_sylhet_0359.wav,আমি ফাছাও ঠিক ফাইবানি তাতো সেন্টার খরিয়া আমার প্যাচ্চা থাকা অখন আমার প্যাটার লাগি যদি এইদিকে কেওত ওয় আমি নক সিনিয়রাররায় তো দেখছি যেহেতু
/kaggle/input/regspeech12/test/test_narsingdi_0010.wav,ওরা তো আরো হাই লেভেলে সেইজন্যইতো তারালে এক্সপিন খেলতে গেলে সমস্যাহইতা ঠিক আছে তবে তবে ইদানিং গলে ভালোই উন্নতি অবো
/kaggle/input/regspeech12/test/test_habiganj_0102.wav,আর ফিজ্জোলজিনআরটামি মুটামুটি আগে জীববিজ্ঞানের সাতে কিতুডা মিলে তারফর ইগুলা সহজ লাগে ইখন খরতে ফরতে আর বিহিবিয়ার ফান্ডামেন্টালের সাবজেক্টগুলা সহজোই লাগে আবার মাইক্রোবালোজিা খালি কঠিন লাগে ইতার মাইকরোবতের নামগুলা কঠিন লাগে ইতাম কিদা আয়ে না উচ্চারণ খরা যায় না
/kaggle/input/regspeech12/test/test_narail_0020.wav,ওগে গলে গরু পাদারে কইয়া গেলো এএরে কইয়ে গ্যালো ওরে কলে আইতে গরু পদর চালবা লাইতে বাড়ো মা বাব কইছেতে সে গ ঘনের ছওয়ালবাল ইতে বাড়ো মাতপা কোনোদিন তোর মা আরে এট্টু নিয়া বলি ওয় যেপিটা যে দলুরে পিে গলাম দলুর এট্টা আনি তো এট্টু নি তগে এই দিয়া যাচ্ছি গরু পাদারে হতও দিয়া গো
/kaggle/input/regspeech12/test/test_chittagong_0043.wav,হ এডা কি ফাত দে তুই যে বাইদে থা ই্তে য এতে দরি গ হইয়া আঁ বেইতখিন ইয়া টিয়া গর দি অক গরিরি বুইজ্জিছ না তএরেকুম করে হই দে গুনাইছে তে আছে জনন ে কোচ খইল্লে ছালাছ তুরাত সময় ফারলে আজা
/kaggle/input/regspeech12/test/test_narail_0010.wav,মনি কচ্ছে না আমি এরকম তো কোনো কথা কই নাই আমি তোরকম কোনো কথা বলি নাই আমি এরকমটাকা পয়সার ব্যাপারে কোনো কথা বলি নাই বলবু আমি  শুনতিছিলাম আমি শুনিছি ও কচ্ছে যে তালি তুই শোন তাইলি আমি চোর ে যাচ্ছি তালি তুইশোন এডার পারতে কতা ও কচ্ছে আমি তো চোর ইয়ে যাচ্ছি কন  কছুই তা কইছে এই সরযাত্রে তার পাশা এক্ক তা কলি কএককি যে
/kaggle/input/regspeech12/test/test_narsingdi_0115.wav,অ্যানিমেশন টুয়েটারো না আমি প্লার মদে সফটওয়্যার আইতো চাই না হে আমি সফটওয়্যার না আমি সফটওয়্যার ইঞজিনিয়ারিস সফটওয়্যায়্যার খইতে তোমার একটা সফটওয়্যার সুজিমাহিনচাস না  দেই ইটা ট্রিচারেইতেইতাআছ নো বিশ না
/kaggle/input/regspeech12/test/test_rangpur_0019.wav,কী করবু  কতা কয় এমনি ভালো বন্ধ ক্যা সুরাদিনেসন ওইদেক বুচছেন ঠাগ নিয়া আইলো দযহে না
/kaggle/input/regspeech12/test/test_barishal_0038.wav,কয় হিলা কয় কতগু থাক কয় কতগুণ আর কী ওই যে থাতার কতাডা কয় না এক বছরের মইদ্দে দেহিতে দুইগ থাকর দিনি ওরে এট্টা লাডি ডেফিসেশন দি ওই লোক
/kaggle/input/regspeech12/test/test_sylhet_0363.wav,্ি  ওতো িটখন দিছি তখনও আমি  এডুকেশন ্ররি ফাস্ট ফয়ে যেরা যেহেতু আমার তে ঠ্রিক ওই গেছে তইকুনু বিয়ারতো দুর দে নাই ও ওইলো গিয়া আমা  নার লাইফট মআমে প্রোটেক্ট চাঙ্গার এখন তারা আলা আফনে মানে এখন তোন কুনুর গিম দেখারি না াবাে আরো টাইম দেও
/kaggle/input/regspeech12/test/test_sylhet_0054.wav,ফরে আমার বাইর পরে বই নর বইনার তাইরে ফা তো আমার আর আমার তাইরে বইে খো আমি ন্তু ক্লাস ত ফারে ওান বইন বাবা আমার টটু লা ার পাও াম কিত না  মককান দুই হাজার ভিজ খালের ডিস ম্ডরার বাইরা
/kaggle/input/regspeech12/test/test_sylhet_0516.wav,আর ত বউ খুদ্দার খননে নে এজা টেখা খই নাই তরি না আমার ওটে আমি ইডা গললা কয় গেখা ফয় কিন্তু যারা তারা খ ফরে বই অছে
/kaggle/input/regspeech12/test/test_sylhet_0724.wav,বিয়া  মোটামুটি তাইলে ইদিনই পার্মানেন্ট অই গেছে  এদিন বিয়া টিক মানে তুমার চিনি বা মোটামুটি ওই  ইদুর কড়াই লেখতোই  এরফর এরফরেওতো ারে ফতম তা
/kaggle/input/regspeech12/test/test_sylhet_0311.wav,কিন্তু খালকেও খরা নাগ ্াত আব্বা আম্মুাই মদ্দু নকে তোমরা সমস্যা না অইলে আমরার ওখটা মকে নাই করা ই দুই বন্দু আইছি না আবার আমরা বাড়িত আমরা বাড়িত আইয়া ওলা আমরা সবাইরা েকালকেও বিয়া
/kaggle/input/regspeech12/test/test_comilla_0013.wav,আর রুহি ভাবতাছে যে আকাশে তো মানি সূর্য উইটা রইছে রোদ্রো এত রোদের মদ্যে তো কেউ তাকায় থাকতে পারে না ও ইটা ভাইবাও দৌড়াইয়া কাছে গেছে যাওয়ার পরে দেখে যে ওর চোখ মানে চোখ দেখে যে ওতো আর বুঝতে পারতাছে না চোখ উনটায় থাকলে যেরকুম আমার ছয় নার সূর্য গরাবর একদিন চোখটা ওইভাগ আছে
/kaggle/input/regspeech12/test/test_sylhet_0165.wav,এসলে নদেএষট ্তেকদিনখুম করা লাগতো  প্রত্যেক দিনে তমে ডরোডরো তাকতা না নি  নি আম বাইচ্চা খাইচ্চা তোবা আরো খরছোইন না গাততা  আফনে ভাই বর খতো বড় আচছা তারা বড়ো লান
/kaggle/input/regspeech12/test/test_habiganj_0044.wav,বালা্লাগে না তুমারে এমন কুনু খাজ আোনি োকুন বাদে কুন বাডে অন্য কুনু খাজের মদ্দে বাবাম বাদা দিতে বা বাইগিননে বাদা দেয় আর ইসময় বাদে দিলে বা কেমন লাগে বা কিতা খরো
/kaggle/input/regspeech12/test/test_narail_0168.wav,ও তালায় না
/kaggle/input/regspeech12/test/test_chittagong_0056.wav,গরমে মনা হতা না অডি ক রা দি খামগ অরতে পারছে বেশি মাছ জম্গাছ দা হাল অইয় যাইগি এনে গরম ফড়ার দেছি আ্ি খাতি ইটা এডে আঁরারেগ শালা অইয়া যাইগি অ তুর মা খতা দউননি ইলে কেন বই এনে হচাই কীতরম
/kaggle/input/regspeech12/test/test_sylhet_0202.wav,কতা খরি খরি যখন ফাট করি লেকি তখন আর আম্মার ফড়ার কতা খওয়া লাগে না তখন আমি নিবো দুরাই আর ভিদান রইদো দিতোগো দান রইদো দিলে
/kaggle/input/regspeech12/test/test_narsingdi_0103.wav,আল্লাহ আক্বার এনো বা হুম আলুদা রনদা শিখতাছ তু কী কি রান তারছ আমি হুম আলু গরম পানি খরতে হাবি আর
/kaggle/input/regspeech12/test/test_sylhet_0293.wav,বলা অবস্থা আমি আইতি বারছিলে আওয়ার পরে মনো ওয় আমার সেল চারটুকি আমার হাসল্ান্ডরে খইজজে তখন দিলে যে তাহে তো আমরা কিু বিপিহার তারে কিচ্চু এখটা দিউ তে তাইন আমারে ফোন দিছোইন আমার ফোন দিয়া খইলা যে তুমি তোমারও একজন ফ্রেন্ড লইয়া
/kaggle/input/regspeech12/test/test_sylhet_0193.wav,আর অইলে বাইর থাকি খাফড় টুপর গরো আনিয়া খুতাইয়া রাখা মুড়ু গুরুক গরো আাইলে ইতা জাপানি ওউ ওউ যাতো কাছগুলা ছিলা মা ততো ওতো করিয়া ফরে  ফানি বলতে মর হয় অয় মুরুগের খাচার ভিত্রে দ  হমলা বিয়া রাগলা
/kaggle/input/regspeech12/test/test_habiganj_0070.wav,গয়া খওয়ার নানা অনামিকার দারু অ নামেক্কা পার অইয়া ইকটু ওইছে ইডে একটাপাছের মতোই ল বেশি বড় না না তিন তালার ফিডাক গি তিন তালারি
/kaggle/input/regspeech12/test/test_kishoreganj_0182.wav,কি ফরে এই অইলো তোলোর এডা এইলো ইলো এলো অতা  ওয়াইলোতা অলো এলো আততা অয় লো এলো অর্তা এলো  পচ্চিশ ন এর জন্য কোনটি পয়োজন না এলো
/kaggle/input/regspeech12/test/test_barishal_0037.wav,তাডা আমনা আমনে জানেন নে ওইমরে  কই কসেসাটের সরলছে যা না তি বেশি অতো চালা কু হযা না এর মইদ্দে কি করছে কি ক ে ওই কতা কইয় মানে  চরনের লগে চালা খাইলা অবে তালে দ্েদামাইতে যাল তোরারে দোমাগে এডা দয় নাক ভাাকা কতাডা খায়াল কইরবেন যদি আমার দোড়টা কইয়েন বলে তোর দোষ ও মোরে হঠাৎ কইরে ক কি
/kaggle/input/regspeech12/test/test_chittagong_0127.wav,সময়ডা হয়ডা গম কেইেতু আইচ্ছা ইয়া শাফালাগ তিন ে ভাতা পদে আইছের কি ছারারটা পাছন্দি লেমনে তারপর সেছানত িছি গাছে তোরা আঁরা দি যইলে গেলে আমিগে লের গদি ভাল্লা মহানগরের প্রেস
/kaggle/input/regspeech12/test/test_tangail_0104.wav,তো আমি আবারো মানে নামগুলা উল্লেখ খরতাছি প্রথমে প্রথমডা অইছে বইময়ান রেপ্তরি তারপরে অইছে সেরেন ডিপিটি তারপরে হইছে লাইফ অপ পাই তারপর হইছে অক্টোবার তারপরে হইছে সাবারিয়া
/kaggle/input/regspeech12/test/test_rangpur_0005.wav,ো হাসা তারকের দাম বলে ঢাকাত একটা করি ন ইছে তুরি বাড়ি গ জনো দাম  মেডাম ডেককোনে যায় আয় আয় আিকরে আতনিও যাবে না কিনি
/kaggle/input/regspeech12/test/test_rangpur_0073.wav,তকোরে দিকি দিয়ে গেছে কনা ওই যে চেয়ারম্যানের পিষে ভাসছে একবারে একমন করি আনছিন আক লংকরা দিছে না হইলো কয়টা বারদারা জা না ওইনা তো আগের খাডা  াারাগুলে দ্যাহো কতগুলা
/kaggle/input/regspeech12/test/test_sylhet_0343.wav,রির সখালে এক প্রিক্কার বিকালে এক ফরিক্কা ওলা খরিয়া রিটেন ফরিক্কা দিক দি ভিয়া যাইওোক রিটেনের রেজাল্ট আলহামদুলিল্লাহ কদি টিবাআইছে যখন রিটেনের রেজাল্ট কদিটি বাইছে তখন তো বাইবাদেওয়াত যাইতাম
/kaggle/input/regspeech12/test/test_sylhet_0749.wav,কলবিসনিং পয় আলবে যদি না টা খরোইনন ছলি গি নাম বইসা টেরা  বইস না টেবা খরিয়ারে তো তাইনি হ বউ বউত নিয়
/kaggle/input/regspeech12/test/test_narail_0135.wav,তও কোনোদিন পারবে না না আমার তাতে লা খুব খারাপতো সেওডা খুব খারাপ তো আমার মাছ পারন বো যাওয়ার আমার মা কইছে কি পাসপোট কইরে আমার মারে ইন্ডিয়ায় ফেজাতি
/kaggle/input/regspeech12/test/test_sylhet_0390.wav,সবিতোমার করতে ভালো লাগে ও খাইছোনি ইতে আজকে খাইছো নাখাইরি যে তুমি ইখানে ফারনো না তাই যে স্থানীয় না ইখানে ভাড়া তা লা তা কি টানে আর আমরা খাকি ওইযে হরলা থাকি
/kaggle/input/regspeech12/test/test_sylhet_0645.wav,হ্যা আর মায় া মা ও তাকটা ফরোইননি  কিতা খরো সারাদিন তোমরা কিতা খেলা দুলা খরো কিলযান সময় যায় তো লেখলেখাফড়
/kaggle/input/regspeech12/test/test_narail_0028.wav,জনিস মুনি খালো তি পতে বিটিন বি  কিতুইসিনি আলা খাম পততি তো নি গছে াতাও কিতা ু কানদা পইরডা থায়ে তাত সেটা আমি ফার নায় ত দুরা না ও এইডা কাকাও এই খাল কলি আাত মেয়ের কোনো জমি খায় নেই
/kaggle/input/regspeech12/test/test_kishoreganj_0019.wav,খারয়াজাররা এক্কানে বুইট্টা বাড়ে বাড়ি অইয়া দেছে রাস্তা সুবিদা না এএে কুন বন হ্যা বিলাইদিে আইটটা বা এইতে এই বাত বিলাইদে আইটটারা াএক কুনা বাড়ি আম এ জাগা গেছতা বইরে দইতা হ
/kaggle/input/regspeech12/test/test_sylhet_0488.wav,আমার তো বাইর মার বাইথাকিা ইান তাইলাও েতনলখেউ তারা টেনফেন খররা দেখাপ নিয়া ওতো ক্ষমা দাখে ই নিতেওন এগারোটার সময় এগারোটা বারোটা আয় একটা চছা তিনটা বাজি তায় এখন আমার পেশেন্ট বাফরয়া লেই না কিতা বইতরেও আছ যায় ফরে আশালোকান তারার ার জোর খরিয়া খনা ইদরা মি মানে ওরো কম মানে যেম ম্যাডামে আত খরেনি ইতার আমারে দুইটা গেট বুচ্ছ এরফরের বিত্রে আবার গ ফরে মা ম্যাডামে অনোর বিতরি নায় আর এইন্না যে ডোর ফরের বাবা ইনোর বিত্রে আমার লে
/kaggle/input/regspeech12/test/test_sylhet_0548.wav,ইউটিউবো একটা ভিডিও দেখতি যে রমজান  রমজানো ওও মাস্টার্সে ফরিক্কা মানে আস্তে যে এখটা গ্যাফ দিলাইসবা টকও ফইয়াই তাখতি আন রমজানো ওইলে পড়া তো খরছি যাওয়াও এখটা খচছান তো এখনো এমতির হলো আতো
/kaggle/input/regspeech12/test/test_sandwip_0043.wav,বরকা ছাড় জান দিছিলো হিহানে বরকা ছাড়াতর রনাইছিআছে বাবা কোো আঁই আগে বাইত গাইছে আইছে  হানে অনেক অছের অইছেনি কুনো রান্দা হাইয়্যান এল্লা বলে আঙগে বাইত গাছুক
/kaggle/input/regspeech12/test/test_sylhet_0678.wav,বা আনাদাইহো তাই ওততো তুমি অনেক বালা মানে ফটো আর কি খুব আফনারা মায়েরা আটিষ্ছিত অইলা আফের বাগ্তার আগে দে সুমবার কিতা দেওয়া যায় আর কিলা আফনার মানে সময় দিন কিলা যায় সারাদিন থিকা কিতা খরেন তো বাকি জাইনতোর লাগিও যা যবতর তো অখনো ফাইছি না মনে খরছিলাম চেষ্টা খরকি ইতা  ফাইরাম না
/kaggle/input/regspeech12/test/test_rangpur_0033.wav,ওগাই বান্ডারতিও ওইটায় পর গাইমারন্দার  দিয় আি থাই টাই কোনোদিন মুই আইজ সকালে  ডাত ফরে ফর বনযাি যাা গুছি মরি গেছে ত্যাল যাবার ক্যা আকালি করি লয়া দেবে বন্দু বেননের বাড়িত তরকারি আমরা আগে তো কী খবার পাই না ত্যাল ফ্যানি
/kaggle/input/regspeech12/test/test_sylhet_0332.wav,এখন যেই কাজগুলা ফ্যামিলিত পড়রায় ই কাজগুলা করার লাগি আরেকজন মানুষ লাগ তো তার ও তো বেতন দেওয়ার লাগবো তোমার হি টাখা দিয়া তোই বেতন ওইতো না ুবেলাটা চাকরি করিা তুমি কাজের বুয়ার বেতনওততায় ফারতায় না তে না তুমি চাকরি সামলাইতে ফারপায় না তুমি বুয়া খামলাইতায় ফারবায় তার চেয়ে
/kaggle/input/regspeech12/test/test_sylhet_0641.wav,ডা িলাগুলা বইনি ফাইলাও কিতা গাও দিয়া বইনি হটফু ফিলি করো ালাগ কিতা গান ুতো মানে এখন ঠরলি পিছে ছিনি মুখে খ মুকে খলা খরলে খইমোনি কারে অগুপ কিলি তা নে  হেলা
/kaggle/input/regspeech12/test/test_chittagong_0131.wav,খালাপ ওইডাবিএপি ও দর ন হেই ন যায় রদো এরং  ঙাগর  া বাই া দিও বড় বিখছর্জা ফদা খালি বড় বেসটি মাছ দিয়ে হ্যা মবু সময় আইয়রে সাাল সাতটা বাজে খাদে গিয়ে এগু
/kaggle/input/regspeech12/test/test_narsingdi_0087.wav,ফিরি হিটাই সবতো খানদি দিতো না নাডেবইন অনেক সুপতারি চ্চাআমার ই ফাতা ফুইরা খালি যিইব্বা কুইল্লা দাও ইদেদিনেিমনে আয় বৃষ্টি অইবো যেই গরম ফরতা রতে আল্লআল্লা বৃষ্টি অইলে আমি বৃষ্টির লাইজ্ঞা ছাইয়া বাগাম ন খরেনামারছে
/kaggle/input/regspeech12/test/test_sylhet_0196.wav,বাকি আমরা খুটো ফাতদ লাগলাম ফড়াত তো ফাঁচজনের মঝ্যে সিরিয়ালি আমি আছলাম ওছাইর নাম্বার আমার খুটো আরও ওকটা ভাই আছি তো আমরা র আকুলে কুনো টিচার লাগতো না আব্বায় ফড়াইতা আমার আম্মা সকুল্কুলো গিয়া খইন না আব্বায়
/kaggle/input/regspeech12/test/test_noakhali_0013.wav,আছা আমি ছাইরও না স্যারে ব্যাঙ্গাই দিতাম
/kaggle/input/regspeech12/test/test_narsingdi_0006.wav,আরে বাংলাদেশ লো বেটা দৌণীদি এর ফড়া এই এক বাপ কমডা দেখ অগো পান্নি না কিন্তু নয় এটতো কুটি টাকা আছ এই এত্তো টাকা দিয়া কি করবো কিছু টাকা পয়সা খরচকুলে তো ভালো
/kaggle/input/regspeech12/test/test_barishal_0070.wav,মাথার দারে থুইবে একদার দিয়া র এই পোলায় পতো মুদি ভনা হইয়া দ্যখ না ত া ক না া খায় কাগ আগে খায় হ্যাগো সব থিক আছে হারা জুদো থাহে এম্নে দ্যন্না পাল্লে কিকু মাজে না গন পার্লে কি উট্টু দেনা বাজলে দেএ না কিয় দেওয়া া বাজলে কি যদি আপনে দ্যন বউ হইয়ায় ও কথা ক তা া া ন জ্বালা তাইয়ে না চাইয়ে থাকতে হইবে দেইক্কা ঠাওয়াইতে অইবে
/kaggle/input/regspeech12/test/test_sylhet_0420.wav,তাখিদিদ লাগে না কিন্তু খঠাট খরি এখজন ডাক্তার নে তাকি মানে আমার খাজফ া ফরিছিত তাই তর লগে বুগাযুগ খরছু তাইর খইছোন ঢাখা তুমি মতবাার লইয়া তাইনো ওনো একটা চেম্পাররছিমেলা লইয়া তাইলইয়া ফরে তাইনকুছু খমন বালা উইগা
/kaggle/input/regspeech12/test/test_sylhet_0605.wav,ইলি ম্যাডাম আত লাহে সেদি ম্যাডাম লাভডি ম্যাডাম কামুনসিম মানাল যে ম্যাডামোর মেয়ের মরা গটনা নিয়া আরো  আবার মেয়েওই ঠিকটাক ওই গেছে ছাটা ওত্তো সারানি ম্যাডাম একটা তোত অনে কিছু একতি তাইরে মেয়েরে নিয়ে মেইনলি বিয়া দিছলা পরে অনেক কাহিনী
/kaggle/input/regspeech12/test/test_narsingdi_0113.wav,মত অইয়া গেছে গবখু সলাছে তপেশনাল কী কে বব সিঙ্গার অইতিছে গরু
/kaggle/input/regspeech12/test/test_sylhet_0430.wav,এখন তফর হখটু রই গেছে মানে এর ফরে যেন বালা খরছোন ওখান খও একটু দেনা বালা খরছোনেএতো অনেক খুজজি উট্টি আমু এরফরে ফরছা বর রাস্তায় যিকাটাডাল লাগাইছেন ওগু আটতি গেছে এগু বারো নার মানে ইগু আলতে ফাররে নায়
/kaggle/input/regspeech12/test/test_comilla_0022.wav,কীভাবে হইলে এটাও অবুঝতে পারতাছি না আর ওই যে মেয়াটা মারা গেছে ওই মেয়েটা হইছে মানে আওর বাবা মাইয়ের ছোট সুন্তান অনেক আদরের একটা ভাই হচ্ছে ইঞ্জিনিয়ার আরেকটা বন হচ্ছে ইয়াতে পরে কলেজে পড়ে আর মার সাথেই মেয়েটা থাকে
/kaggle/input/regspeech12/test/test_narsingdi_0097.wav,তোখুমেলনমদেরনান দেন অ ওয়েট উে া ওয়া দেখ যএলে বক্কি সুন্দর ঈদের দিন মাই কী রানবো িল স্টযমআইনডেলস ফল ডস্টা ইয়া অইয়া যায়গা
/kaggle/input/regspeech12/test/test_habiganj_0113.wav,এমনে ক্লাস টি খরতে ওয় ক্লাস ওইলো বাট ক্লাসে ইতো একটা ফলাফাইন গুরুত্ব দে না এরা বিশেষ খইরা সযারগো খরছে বা কোচিং টোচিং ফরে উসব অনুযায়ী এরা গুরুত্ত দেয় ইসব কয়ালো যা আছে সব জান শেষ খরে ফাওয়া লেখা
/kaggle/input/regspeech12/test/test_narsingdi_0045.wav,বুলা ফাইন বুে ফালকা কোয়লিংটা দেখি অহন এইডা কি কোয়ালিংটা না কি ওই যে ইয়া আতর্গা যুই মানে নাই মনে ইত্তা বুজাতি নামি ওই বুজার বাটাখব নিযের মাতরি বছে নিজের এক্সেন্টার কথা বলছে নি নিজার এরননের খতা অই
/kaggle/input/regspeech12/test/test_sylhet_0679.wav,আছি আরি বরত মনার বাইচ্চা আমি তর তো মান ারে কলোবাটর ছেন না ও ছামলা গা বত ম তাইরে একটু অক্করট খর আরকু শিখানি লাগে তো প্লাসেদরটিরিসা তারফরেও তনচার যায় রতারার ফড়া লেখা আপনামি ফরেন
/kaggle/input/regspeech12/test/test_tangail_0119.wav,তারপর বিদ্যাসীর না মেম তাহাসান সবাই যার যার পক্ষ তিকা একেকটা কাপড় কেনতেছে পড়া কাপড় এবং ক র দতে এক লাখ টাকা কইরা দিতেছে এটা খুবই ভালো উদ্যোগ মানে সবার কন্ট্রিবিউটনে দেখা যাইতেযে ব্যবসায়ীরা আবার নতুন কইরা দাঁড়াইতে পারি নন্দী বিদ্যাসির হামিমের
/kaggle/input/regspeech12/test/test_chittagong_0164.wav,এহন নিয়ে নো আঁরাম্মুরাজ অবো না কি য়েনে নাম হতা খরিছ হাবিদি আরি তছাইন্নে আঁরামমুরা বুঝরাম ফরুবগিনি গম গরি আরে আঁরামুরা অতো তোহলা কারাল্লা খতা হইছ না তহেলা ল্লা খতা খইনি তেই খতে খবে মাঝখান অরদে কছনদে গিয়্য
/kaggle/input/regspeech12/test/test_sylhet_0729.wav,ওই র আশেপাশে ছদ র  াযািানা তোতো যে নামে খই তুমি গাটি দান গাটিনান বাজিও আমরা  গাটি নিয়া যাডা নকাতাইল গিটচেন গি জুমা মানে
/kaggle/input/regspeech12/test/test_rangpur_0116.wav,মনে কর কালাই না থাকে এখন ডাইল এখনাদেয় শাগ দেয় যখন যেটা লাগে বুজছিস ে যখন যা লাগে তখনে তা দিছিল
/kaggle/input/regspeech12/test/test_sylhet_0191.wav,খাওয়া আবার কন্দা আনকে পাবলির খাইতাম ফগি হুতা লাগছে দেখা যাইতো  খমলা লাগেও ততা খালায়া যাইতা  দিয়া তেল গিয়া মাইোর লওম লাতা মুককা খনিং বে লেডি ে উক্কা ও উুচচা খাইতাম খাইয়া খড়া দুইলতাম
/kaggle/input/regspeech12/test/test_sylhet_0702.wav,রিকাছ্তো খইদিশ মিনিট  ইটা ইটা বেকার কিলা মইটাওতো অনে আচ্ছা এহন কইন আফনারে খয় ভাবো বাইচ্চা টাইচ্তা আছেনিআফনার বিইা না
/kaggle/input/regspeech12/test/test_sylhet_0364.wav,বলতে আমরা যেভাবে ট্রাগল করিয়া আইসে আমরার বাততা ড়াতোড়িেওলা টাগল করতো নায়
/kaggle/input/regspeech12/test/test_sylhet_0224.wav,এলা া জন্মগত ফেষ্টা ইটা তো আর পাইবো ওউ আমি ফড়া শুরু খরছি ে ফড়টাম ইটা তে কী বালা রেজাল্ট খরিয়া বাইর ইছিল ওলা উদাহরণ নাই আমার বাইয়েন ফড়টা বালা করবু কিন্তু আমার ছুটাতো বালা আছিন মানমিও না ইতা আরকি কুনুরখম কুনু স্গুরোত ফড়া
/kaggle/input/regspeech12/test/test_sylhet_0146.wav,সারাদিন কিতা কিতা খরোইন আমরারে খইন আমি তাআ আমি ছারাামা ককজ তি া খরতাতমমা কিতা কিতা খরোইন আরকি মে যতো আফনেরার মাে জীবন লইা ওতুই বেশি জানা দরকার আমরা ছাত্র ছাত্রীরা কিতা খরে ওতা তো আমরা এম্নেওই তান আনেরা কিতা খরোইন সেমনে দিন যায় ওাতুই  আফনেরার জামানার সাতে আমরার জামান আর কিতা কিতা ফার্থক্য একটু খইন
/kaggle/input/regspeech12/test/test_narail_0075.wav,আমার ফোল আমার রা গাইলেও তো উনানে দোগ দে গান করতা  থাউ ে ঠাও দি নছু পরটাও না বাতে আমার খাত মাল দেসাত্তো ভালো  এ খান্তি দেছের দিন আছে এই কয়টা দিন ক বে া আ আমার থাম্মাছা তআঙ গুছে টাহা গুনয়া গুনা এইক্কা প রে নেবিএকটা দামাল
/kaggle/input/regspeech12/test/test_habiganj_0061.wav,তুলো ধইরা বইয়া থাখে যদি কুতা কুততা খই তাখা দেই তোনা তুলা দইরা লইক্কা থাহে এমন অবস্তা এমন ফরে কুতা তন কিতা খরতায় এরা ওই দেখা যায় বড় এরারে এখা খতা খইয়া ই খরন তেয় না এরারে ফড়াত বয়েটে নিয়া গেলে ফরে কেওন মানে আর ফড়াত ব আইলে তো আমি টেরক আমারে আত তো পিডা খাইতাইতে টে্ ফড়াত বইলে আবার মা থাখে খাতে আমারে আবারোও তো আমার ক্লাত ত তুলে না কিন্তু এমনে ডঙগেডাএমনেরেটম আমরা ডঙ ডাঙ করি যদি
/kaggle/input/regspeech12/test/test_sylhet_0638.wav,বালাখাে তুমি নাম কিতা ুই বইনি ই কিতা খরো তুমি মরা লেখা খরোনি
/kaggle/input/regspeech12/test/test_narail_0056.wav,িিরির দারে নাকি কাদ্দারে নোটি ফাইছেলো আমাগেআমাগে নামে এ সিসটির আমাগে ম্যালাদিন পরে দিছেলো  ওইর ভিতরে ওরা দলিল কইরি নেছে আমাগে যে বাদায় রাহিছিলো না জমির কথা কইয়ো কে  ভিটাটুক আমাগে দেবে ওই ভিটাম ওই গে নামে দলি লড় তেলো না এই জন্যি মেলা যেই রেকর্ড হইয়ে গেছে সে আমাগে দিতে হরে
/kaggle/input/regspeech12/test/test_rangpur_0092.wav,ও তাইলে খাওয়া দাওয়া মানুষে করায় ভালোভাবে হ খাওয়া দাওয়া করায় তো এই কার বাড়িত খাইচেন আর পুলুশ দচরবার তার আগের দিন আনপের বাড়িত
/kaggle/input/regspeech12/test/test_sandwip_0079.wav,হ্যকআইচ্ছা খম্গা কুন্তু হম ফারো না ওই দে ইটা ওগগার দেখলেম ফোন কনা হ্যা কয়দিন উগা দাইখতে আইকবো ন  যা কামা কার দিও না
/kaggle/input/regspeech12/test/test_sylhet_0142.wav,না খেলে রাখি গা মাতবতআই মা খদই পাসতাটিগরি কডিলি ভালা া পরিবার নিয়া একটু দুনি   অব   তাদো পরিবার নিয়া
/kaggle/input/regspeech12/test/test_chittagong_0116.wav,বিল গবেলা ইসছির আবার বিকালে ইছি এটি তো ফাল্লার মোবাইল টুবালি ছু ন দেয়ে ভোইতারা ন না লানও দিবো নদী পষরে ফরা দিবো যে ইন্টারে ফইয়্যেদে এবা দে কেউকগাহান ওইরে তু লাল ও বুজা ফারা আছে
/kaggle/input/regspeech12/test/test_sandwip_0069.wav,আঁর মতন হেই যে উনি অনকা হেরা মাইজ্জা দুগগারা খ খাই বাদ দুয়া খাই যার চাই ফরি গেচছ মনো কোনা যন হইলে ইস্কুল এডে নিয়া কইছে যো ফইলা হইলা ভাবি আই
/kaggle/input/regspeech12/test/test_sylhet_0661.wav,খনো তাও আমরাগরো আরেকবারের নিতায় ব
/kaggle/input/regspeech12/test/test_noakhali_0002.wav,বাব্বা টমে টুকে ট ওটি সিজন নৌকা তো অমেটো দাম কমে নাকিল্লা তাইলে আংগো হুরিগাং মুন্ডি নে ওকগা খারাই রায়ে ক তিএনসে আরেকটা টিাবে ওতো ন আমরা থিক ছি ভাই রা আমার এইরে নিজ হটাবে এজনো দাম কমে লাফ নতাস নানি
/kaggle/input/regspeech12/test/test_chittagong_0090.wav,ইতারাই যাই এেরে কম্পিউটারে ইন্ডিয়া আদ্দায় উন্দি আর দর এহন সমযদি খারের লই থাকে ও তার লই থাকে তাইলি না ফারি আওয়ার ইচ্ছা তো এহন তো সেকেন্ড মেনিট ফ নোয় আইয়্যি না মেনে
/kaggle/input/regspeech12/test/test_sylhet_0214.wav,তো আমারও মনে মনে টার্গেট যে আমারেও তো একটা মলার নাম ওতো ইতার মাজে  শাক করতে যে খরতে এখটা গিয়া আমি আমার জিনি মানে ব্রেংোর মাঝে খুব হযামার্রিং দিলো ওটা অইলো গিয়া
/kaggle/input/regspeech12/test/test_chittagong_0109.wav,আদমগু সুন্দর আছে ছুডুটলব বাইওর সুন্দর শুনা গরুস কেদি  ত বাততইযে গাছ খালা্মু তায়া তো হ ই্রে গগু ভালা ফোয়া্তা ফাইলে দিতো তাহন আরে সৌদি খতা হই যে নাই নাইমুা সৌদি আঁরা আইডির পাসার আছিল
/kaggle/input/regspeech12/test/test_sylhet_0024.wav,একারফরে আমরাঞজলি দেওয়া ওইলো মার খাছে দিলাম দিয়া গিয়া আমরাঞসান দেওয়া ওয় করপসাড়ি আ গুলিগ ারকি ইগুলো খাওয়ার ফরে দর দুপুরে যেপাত খাওয়ার টাইম ওইলো তখন কিপুরি ফা মন্দিরোই আমরা খাই
/kaggle/input/regspeech12/test/test_narail_0127.wav,মানে ব্যা বর দি থগবে তা এগা বর পনে থাহে বড় থাহে বাড়ি থাহে বলে বেশুমায় থাহা কচ্ছে ও থাকে না থাকার মতো একদিন ফোন দে ছেলো তা অনেক সুকাচ্ছে তোমাকে আমি অনেক মিস করতি  এহন হচ্ছেওও যা দুমি ভাই চইলে যা দুই ভাড় যাবো ক্যা
/kaggle/input/regspeech12/test/test_sylhet_0379.wav,ফরে আমার জালেরারে কিন্তু আমি সম্পূর্ণ দিয়ে দিয়েও তে তারার মাঝে কুনু ধরনের অততিততি বা না পাওয়ার ইতিহাস থাখে নাই া আমার শ্বশুর শাকরি দিবে তারা দিখছেলেমিেরে ফড়াইতে খানো তারার লাগি
/kaggle/input/regspeech12/test/test_sandwip_0055.wav,হয় তো আছো আবারো শান্তি নিমুন এমনে বারো মাছ অ শানস দি এলা টেনশন বেশি ঘরের ইয়েত্তো নও হোলানি ধন্দে রান্দা ন থাকবোনেসম পেটন খেরলোয়
/kaggle/input/regspeech12/test/test_sylhet_0016.wav,এরফরে ধরো নিয়োতে যা শেষ থাওয়ার পরের দিন ইডকি যদি দেওয়া ওইলে না রাত্রে থালা সবাই আমন্দার ্তযন্ত খরলো করার পরে ফরের দিন মার্ক আকে আওয়ার আমরা ইয়ো খরার ইটাখা ঠিক খরা ওল যে ক কটি ইয়তি নিয়ে
/kaggle/input/regspeech12/test/test_chittagong_0041.wav,ওডে তুলি না আডিবেলা ইতো মনে অয় ইতার দারি চাইতালাএনা আঁই ফেস্টিভযাল আইতে ইদ দি ওয়া ইচ্ছে তুর জামাইটামই ভালা আছে না অবে আঁর জামাই খতা খাওয়া দেয় না আঁই বিয়া গইরজোনি আইজুম ইবার জামাই মানি লর না নজর এডে খইততারেনি
/kaggle/input/regspeech12/test/test_chittagong_0003.wav,আর চাজিদে মাতে দে টাতে দে ইবার এতা পিাক ফুনে চিনে আছে এরা চুদু তো বাফর দেয়া গেয়া তে ইয়ানবে উইবার কেউ নছিনি তো ইবার কেউ দেহিলা আর ওয়ারে দেহি গেতে ওরবা  তো কাইলদি দিহাি মাইনষের সালাম টালাম দিন্না ফন না াল না কনি কেউ চিনা না ভালা গাড়িয়েরে
/kaggle/input/regspeech12/test/test_chittagong_0108.wav,নয়েরদি বউত খাপতা খইয়া আরামল কী বলে ব্যাংকারালছে বিদেশে আছে আর ওগগো বাড়িত কা বলডি খালায় দে বাড়ি কর বলডি কালা লইয়ারে ওদি খই আনরেব লগম নাকী আছে বাড়িত কঘর ইবার খতা খইয়ি
/kaggle/input/regspeech12/test/test_sylhet_0133.wav,আচ্ছা বে েটিন ফ্েসা টুডা ওইগেই অছো টিনকান খাম খরো  বাকি দুইজনে কিতা খরোইন কা দুইজনও আমি জিতা খরি খাম ফারি ফিয়াল গর বাছম খরিছার ই হরে তারাও ওইতা খরে
/kaggle/input/regspeech12/test/test_barishal_0016.wav,হেইয়া দুইজনে সমক্ কউকা এট্টু হাপার আসুন টাকরি এইটে সেই টাকলি কইরা হেই খোনছি ডাক্তারে পড়াইয়া ডাক্তার বানাইছিরে এহন আর তারে ভালো লাগে না তনতা পারগে একটা মাইয়া দে ব খারাইছো ইভাবে পরে আরেকপলাকেনো কী করে খালতারভ টেরিভিা টাকতা হন জ্রব আসিতে মউটোতা লিছে
/kaggle/input/regspeech12/test/test_sylhet_0134.wav,আচ্ছা মেয়েরা তো নিজে রাইন্দা খায়  যাবাজারে রাইনদা খা তে খইত্তাইন ইদের দিন কিতা খরোইন মানে এম্নে বড়োর মাজে কিতা খর অরোর মে টু লুনগরামারাই আর তোমার আইকললর ফিডামারাই আছতে আমার আর কিকছো না
/kaggle/input/regspeech12/test/test_sylhet_0615.wav,না খাললি ছাকরি বা না কিবার নোয়ার ওও তাইম র খছে হুম খয়গু দিরাইবো আরবি বাতা আছেন বাক্কা শামি না ামোছেমনি মাস মাজি সাকিবরা ইফটা তানি পিননি
/kaggle/input/regspeech12/test/test_narail_0152.wav,নয়ন কু নে
/kaggle/input/regspeech12/test/test_kishoreganj_0020.wav,কিবা মামার া খাত নাতারতে না না হ বিছে এইডি সব বিদিলতে হ বিতা আমরারদিয়ে খেতাছে এইদার এইদে একটা খামবাদা কছুইন না হ এন আমবার খেত আছে  থাডাআন্দা বুজ্জুইন খাডা আন্দার বিল এ আমগা ে ফুরান বাড়ি আর আমরা বাড়ি অইছে বয়টি ফরছে
/kaggle/input/regspeech12/test/test_kishoreganj_0135.wav,হ আগে নাম ডি ক ছান্যাবু  ব  আমার া রিডিং আটু রফ তমতনছ
/kaggle/input/regspeech12/test/test_narail_0132.wav,আমি দিন ঘরি একা এক্কা ঘরের ভিতরে কিওই থাকি আমার ভাল্লাগে না সিও থাহি মুবাইল চাপি ঘুমাই আর এ জাগায় এইমাম জন টোন আমার বাল্লাগে না আচ্ছা ইন্ডিয়া আমার খুব ইন্ডিয়া আমার খুব আপন হইয়ে গেছে বুচ্ছিস ইন্ডিয়া আমি আকাকা জ্বলাজল গরি
/kaggle/input/regspeech12/test/test_narsingdi_0032.wav,স্বপ্ন তো সবা আমরা দুইটা ম্যাচ জিতবো ওটা পায়বায় আছলাম পাকেগুলা জিততে পারলে আমাদের জন্য প্লাস পয়েন্ট আমরা ভালো কিছু করতে পারতো ইন্ডিয়ার সাথে লিটন দাসরানাউটটা না হইলে তবেটা জিততা যায় কোনু জামল আছে
/kaggle/input/regspeech12/test/test_sylhet_0511.wav,হাডালাটাইতা তাহোন আলটোন এমলোং যে বিল্ডিং গরিনা মানে করতাকবা সরকারি সরকারি কনটাক্টদাত
/kaggle/input/regspeech12/test/test_sylhet_0470.wav,মায়া বিছি মায়া বেশি আরও তো আমরা ইতা একটা চানজি ময় ম কা া খ বিল্ডিয়াম জ ফারিচেন ফা ফত আশি লাখ টেখা খইছি বাইয়া ইতো খইছোন তুমার খদি বালা লাগেআমরাা তরে ব ছড়াই তেয় নরগফজা আমিত মততারতো
/kaggle/input/regspeech12/test/test_sylhet_0030.wav,অনেক বাপোর তে অখন ই টাখাগুলিও খায়নেয় ই টাখাগুলা পুরোতিনি অনেক আছে কুরুতরি দেয় না কমিটি দেখেদেয় গদি কিন্তু তারফরেও তারা  মামনে খরে পুরুতে নেওয়ারনেকমিটি উপর নির্ভর খরে
/kaggle/input/regspeech12/test/test_rangpur_0054.wav,আল্লাহ আল্লাহ যে জমিন নাই হাত পায়ের উপর দিয়া এই শুকর চালায় এইটা আল্লাহর কতে লাখো শুকুল লাখোে শুকর টাহ  বাচিা
/kaggle/input/regspeech12/test/test_chittagong_0160.wav,কিছি বদে অরর ে তো ঘুরু কিরি টিয়া লাগে চন কেযও লাইবিন লাি দুইল্লা ছব্দে ুমতটা কলে রা দি পতটাগা মা দেবি দিয় রি সিটি ক দহ ইয়া এহন পইত্টা কলছর দিবি আইন্ছা তারে চুততু না বগুযি মন হর
/kaggle/input/regspeech12/test/test_sylhet_0553.wav,তোবার লগেপাইছি মানে ফড়ানির আগে প্রিপারেটমেন্টে কিলা নিতে এরা কেউআলাদা তরে তরারে প্র্যাক্টিস খরাইতো না  াা তো তিন মাছ আমি খালি পেটিনটাআার অইলো গিয়া আই ওইছে রিডিং আছে নানি ্যাঁরিডিং অরছি
/kaggle/input/regspeech12/test/test_chittagong_0129.wav,তলি অ এককা দুতা হুম মহানগর ফারলা দুইটা গু বলে মনর হ উরেদে মনে নয় হয় দাগগো ভার্দে গা কিয়া গহল সারাম মিয়াই হস রেডি কটু ফঙলই গিয়া দই হ্যাঁ
/kaggle/input/regspeech12/test/test_tangail_0017.wav,ফান রিস করে যা আফ্রিকার্ড যারা দরিদ্র আছে অসুস্থ এইড থাকপেন্তো তাদের জন্নি পুরা এডা পুরা অনেক একটা হিট ফুরা হয়ে যায় সারা দেশে এবং ইন্টারন্যাশনালই
/kaggle/input/regspeech12/test/test_sylhet_0087.wav,সার পড়াশোনা খরতে ভালা লাগে না হযা খ বারো লাইনো ভর্তি অইছে তাইরোর জুর খরা খালি আমি ওর ভাইয়া জোর খরি নে বর্তি  কিচ্ছু খরতে ভাল্লাগে না একটা সাব্জেকট  গোবনিত ভাল্লাগে নয় ওরে বাবা ভাল্লাগে  ন বাল লাগে  াবা বুঝায়া দিা দেখছোনা মি দেখতে ফারি না আছলাম বা  লাগেকেনা বুজরো ফালা বুই নাই
/kaggle/input/regspeech12/test/test_kishoreganj_0117.wav,গাছ গাছ ফড়িং সাপ বেযং সাপ গাস ফুড়িং গাছ বেং গাছ গাছ ফড়িং বযং সাম কুনডা গাছ ফুি গাছ গাছ ফুড়িগিন গাছের এক্কেলাকা গাছ ফুড়িঙয়ে গাছেরেএক্কা ু হরি গাছে না এইডিক্কালাে গাছেরে এই গাছ ফুড়িংর কা আবার এই গাছ ফুড়িঙ্য়া কেলাকা ব্যাঙ ডেুঙ্গা
/kaggle/input/regspeech12/test/test_narail_0160.wav,এরফরে উনারে হচ্ছে পাইএলসির সমস্যা তা ও ম্েলা পুরণো সমস্যা এরফরে আ্ছে উনার হচ্ছে মাজায় সমস্যা এগুলো হচ্ছে উনি উনি পতিদিন কয় উপলব্ধি করে
/kaggle/input/regspeech12/test/test_chittagong_0173.wav,া নতা ইআঁর খরতা ইসুমন খরতায় তাইন অনর বেগদারনিজ গরি তুই ঁ খতা ফিল তই আঁর খরতি অইছে মা কেন খই মার তো চাইনির সুযোগ বুগিরে যাইন বেলি
/kaggle/input/regspeech12/test/test_narsingdi_0091.wav,দুইডা অইছে এক্কারো বড় স্ফিতারডে আরা দুইডা অইছে ছুডো তিন জোরা আাাকা নিরেকটা ছে এই প্রলির মতো এক্কা হ হহ ওইডা কয়এরে আছে যেন প্রলির মতো লি একটা আছে বর মাইিক আছে ইস্কলাম্বস না অইলো দুই থেইককা তিনডা আছের নাস পুরসমানজন আছে
/kaggle/input/regspeech12/test/test_rangpur_0080.wav,হ তেহি নিয়া যায় না ক্যাম্বায় এই া কা  পরবের নাসার মালুা কাল  গায়ের উফর দি যাইবো বে  ধোরে কার না হওই কয় যা দেদি কাটি খ
/kaggle/input/regspeech12/test/test_narsingdi_0116.wav,এডা কইলি না ডা কইলি না খালি ুনো না না মাইড্দে বরকারি বদ্দও দিলে না আমার লাইফে যাইরা ওইছে আমি এডা কোনোদিন ওইতাম না কোনোদিন করতাম না আ লাইফে কডা করন ফাদিদিও আর এইডা অপ ্পরআইরার ইল তোমার কান বেরা কদদককি অলো কা এরকোম তাগা
/kaggle/input/regspeech12/test/test_sylhet_0089.wav,তা নাই তো আমার বড় বাইন আর বিওইন হডি ইছা কোলা ফুড়াবিত কুলা আর
/kaggle/input/regspeech12/test/test_chittagong_0059.wav,তো কলেজের খবরটা বর কী কলেজর ভাই সেকেন্ড মেয়িটো তো আঁর লাম ন আই এহন কে যদদু বুঝ ন ফারি তা খোনতলা খবসতা আঁই আফি
/kaggle/input/regspeech12/test/test_chittagong_0046.wav,হ শেক আাছে না হাঁচা র দেহা করতে কমফেক্ট করিলো অ ইয়ডিং আ মায় বারে তা ইলে অবু শেক্কাছিনি এদিনে বাইরাইতাম যেতাম হ দিও বইন ন ফালা দা আঁরা মারি ছেলাইত আর হন মিক্কে বাইরাইতাম যেতো হলে এইডে বুজ্জিস ন নাম ললই আরি
/kaggle/input/regspeech12/test/test_chittagong_0151.wav,আ ছোবি তা কাটা গনা অনো আরছেল কাটালে অবু তো আকে দিওন কান হ্যাঁ দিওন কান আইচ্ছা আসা আর কইতাও কিতা অতো শোর গরতো ক্যাইন কেন লাগে নিজের অয় তার্লাই
/kaggle/input/regspeech12/test/test_sylhet_0231.wav,খরম বিয়া টিকও ওই গেছেগো বিয়া যার লগে ঠিক অইছে এই নইলা দিয়া একটা ইস্কুলে কুডুন তাইলে আমরা মোডামেইবা র খাই তো অনেক ওইতে আরছিকা আমরা জো আনি ইবল হটা খই ুু
/kaggle/input/regspeech12/test/test_sandwip_0058.wav,ফ্ান বদ্দা ফাইরদো নাই ফ্যাডা ওে  বার নদেদ আ থায় না একফা
/kaggle/input/regspeech12/test/test_tangail_0054.wav,এই ছবির লাস্টের দিকের যে লাইনডা আছে এট লাইনডা মানে আমার সবচেয়ে খুব টাচি একটা লাইন যেনে বলা অইছে আই সাপোজ্ট ইনদা ইন দা হোল অব লাইফ বিকানানকট অপ লেটিংগো
/kaggle/input/regspeech12/test/test_sylhet_0413.wav,ফরে বাড়িতো লাগ খা বাচ্চা খাচ্চা অর নায় ডাক্তার দেখাইতে দেখাইতে দেখাইতে দেখাই যা খা ফরে বাসা লইতে আইয়া ওউ এখবারে মেইন ভিপরোর লগে খনো আত্মীন লইছে এরফরে আররায় লে অইছে এখজান মেয়ে আখিয়ল আল্লা রুকু ওইছে  খুশি ওইলাম এখন তাইনও মারা গেছিল
/kaggle/input/regspeech12/test/test_sandwip_0029.wav,লাইন যত ইয়ো অইবোক সর্বশেষ কথা একেরে যত কতা কইবোক যত কিছু করবি সর্বশেষ কথা মাজ ইয়ান কইবু হিয়া খুবইয়ার ছুডুগা এউল জুল ইয়াজুল ইদের বিয়ার দু দিন হরে মন অ মাত্ শরীল বেচচি অশান্তি লাইগ যে ফোন করছে যে কাইনছা হিয়ার হরের দিন
/kaggle/input/regspeech12/test/test_sandwip_0026.wav,তো হেপের হোলাইন আবার হড়ালেখা কর্ছে বউত ত আছম আফার হোলাইন ফড়া লেখা বেশি কইরতো না যে আছে আফর মনে খুব কষ্ট আইছলো তাই সবসয়ে মইান কু্ছে আরি কইছে আন্নে মানি আন্নের দিক থাকি আছেম আফা সব সময় খুবই সহদত আইছলো হেতে কোনোদিন মানি কোনো কাম কোনোদিন হেতে স্পিউলে হোলান রা হরাইতে কোনো কার পন্য কইততো না হইয়া কই
/kaggle/input/regspeech12/test/test_narsingdi_0052.wav,কারন খনো কাডা ম্যাক্সমাম হিন্দু হেরে দুধ জ্বালাইবো হেই দু পিফন লাগলে ক্া  রন্জু লা যাবাই দু টাকর টাকর লাইগজে পরে বারে টাফর কই লাগবো ড কিন্তু কয়র করদা তোর দা বাই টাইবের কি্ছু থাহে না মা হর  অনে জন্য কয়লে ত গন লাইজ্ঞা জায়গা
/kaggle/input/regspeech12/test/test_habiganj_0089.wav,আর এর আগে সিলেট অগুবান থিকা পিলেট ওততে বেশিভাগ আমরার বিভাগ পিলেট পিলেট ডিউতি কয়েকবার একটে বেশি আর কুনানো ওইতো নান খুটো চা চা বাগানো ঘুরাইছো না চা বাগান গেছে সিলেট গেটি তারফর আমরার হভিগঞ্জে দি তা বাগান আতে ইখানো তো ঘুরাইতে
/kaggle/input/regspeech12/test/test_chittagong_0117.wav,ইন্টারও ফরে এহন ন হইয়ো ফরীক্কার ফরে তুললে দদিবু তো ভুঝা ফালা আছা খই দেয় ইতি আরও অইলদি আঁর মুবাইলর তুন কল গরিবার লাই ফল অই যাগু কিছু অইলে মাঝখান দে আঁর বাজি ন যাইয়্যুম ই্তে আয়ে তো বুঝা বুঝাই তারফরে ইতা খন তা
/kaggle/input/regspeech12/test/test_barishal_0041.wav,মুই তো ওহন পারি না তাহারটে অরে কইলাম কি যন গরু যদি পালোক কষ্ট করতে অইবে কিন্তু ভাই হ্যারপর আঙ্গাতাে শেল্না দিবি হইয়ে পারবি না কয় যাাপ করমু তাই মডে তা ও গযলো ওর ধান দাইতে মুক পরছিকি উত্তর পারায় তিন জিসটি কুডো তিনছি মইল্লা ঘুরোয় পেরছে
/kaggle/input/regspeech12/test/test_sylhet_0300.wav,াতে থাকে আর বিয়ার ডেইট ওইলো গিয়া ফড়ে কিতা করছি যে আমার খমনে তখন আমি ফড়া ফরীক্কার লাগি পড়িয়ার বিসিএস খরতাম ওদিকে চাকরির ফরীক্কা দিতাম ওদিকে এই বার্সিটিরো মাস্টার্সের ফরীক্কা আইয়ো পরীক্কার লাগি ফড়তাম আমি তখন আছিলি বিয়ার তিকি েি ফড়া মুঠি
/kaggle/input/regspeech12/test/test_narsingdi_0011.wav,এদা বলতেই হবে হ এডা আমিও মাট নাক উন্নতি করতে আসতে আরো উন্নতি করবে নতুন নতুন প্লেয়ার আসবে এলতবে আমাদের যে পঞ্চ মন্ডব ছিলো ওইরকম পাওয়া যাবো নারেআর
/kaggle/input/regspeech12/test/test_sylhet_0101.wav,আব্বা নাই না আমর বাফমরতে আছ তিন চাইর বছর ওইা যায় মায় কেতা খরোইন মা ফুজ্তুলা খাম খরে  বুচ্ছা দাও ইয়োত পুস্ইো স্টুডেন্ট দেনি অ এইডা কছতি ইববো তাইনো মনে য় ইতা ইতারাইতুই ফায়য় নানি ওখন ইবা একগু কুমু তা খরবো খইডা আছেন যাফডাবার যাইবো
/kaggle/input/regspeech12/test/test_sylhet_0555.wav,আর কি তরো ক্ো স্টার্ট ওইলোনিফরে া আর  রাআর কিতা খকলা ও আচ্ছানা তারা তো আগে ওউকতা আইয় গে
/kaggle/input/regspeech12/test/test_sylhet_0644.wav,খালি মাপে দিমা কখনে মায়া লাগের না াফে সবাই টিকােনাই না
/kaggle/input/regspeech12/test/test_sylhet_0348.wav,আমাা তাকতি খরতেম আমার বতমার ফার থাকতো না আমি কলান বাতটা লইয়া দি তো আরেক দুত্তো য় আাির মেয়া টারে লি লগে আমার বাই আইছোন বাড়ি থাকি আইতো বাইি থাখতোইন কাজের মেয়ে গেছে বাচ্চা রাখিয়া
/kaggle/input/regspeech12/test/test_narsingdi_0061.wav,তল বোল্লাসুত বৌছি দারা ফের হোম মার্গ এইচ ডাব্লিউ হু কিয়া খরবোন  হচৈত্তা টাকছোত কোলাসুত বউছি দাইরা অবশ্যই বল্লাছুত দ ব্যাফারে তা খেলা বাগান
/kaggle/input/regspeech12/test/test_kishoreganj_0011.wav,কিশাল নাঙ্গার তি এলাাি  াতাখান যাইক
/kaggle/input/regspeech12/test/test_kishoreganj_0023.wav,দেকু ভা এহেযে বাড়িদা কছ লক্ক্ষা ব কাগজ পত্র কোন লক্করে লেইখ্কা লে সমস্যা আমার ভয় ইততা চাতাছে গামডিযা আছে এডা লেখতা অইবো এর লাইজ্ঞা তো ফুরু সভার মইদ্দে আর ইউনিয়নের মইদ্দে অতত বিয়ে এ নাম টাম লইয়া বাফের নাম এইয এইযের লইয়া এইযে উল্লাফালা দেখছে এর এন্তে হুইন্যামুইন্না
/kaggle/input/regspeech12/test/test_chittagong_0034.wav,ঠিক আছে নাই গাছে বেযডা আঁরা বিয়া দে ফর তেরে বিয়া দাওত ইপ্তারে খোনে মিকে যেগাম হলি ইতা লিবিল খন মিক্ে যেইতা ন ফারি আম্মা ও গা হরে দিছে ন যালে আঁইয়ানে যিও ঠিক আছে তুল্লাই গানিস মিক্কে লই এইরসম নাইখেন
/kaggle/input/regspeech12/test/test_sylhet_0357.wav,আচ্ছা তাইলে মযাডাম এখন কইনি যে আফনে তো বালা বালা রেকার খরিয়া আইকু ট্যা খরতারতো ওইসময় কিতা আফনেরকরি মানে ইটাউল ওইয়া যাছি আমি যখন বিসিএসএর সাবজেক্ট ইিউজ ইয়ো করা লাগে না কাটার তু  কযটার্সতোতো আমি কুনু সময় এগমিনিট কেটার দেই নাইি ফার্স্ট অইয়া যাবি কখলোই এগমিনটে
/kaggle/input/regspeech12/test/test_sylhet_0500.wav,দুইটা উটায়া খাওয়া দাওয়ারতে ফরে এখটু ঘুমাইলাম চাইরটাা ট্যা নামামা খরলাম বাজে এখবা টাউটি খরলাম বাসার বিত্রেও আর মনে অয় খুয়ালে এখটু বার ওইয়া গেলে আমার তো তো খরিকিনত মানুষ বালা যিদিন লাগে না এখটু গেলাম বা না খাতা আখনে আমার ফরিচিত মার এখটু গেলাম বইয়াও গিয়া আইলাম মাগরিবোর আগো আইগলা মানআে আমার জ ফংলা বালা লাগলে এখটু টিবিউ জি দেখো মুবাল বালা টুঠি  সব ফাট বালাও দির যায় ন আখটা বালা
/kaggle/input/regspeech12/test/test_kishoreganj_0191.wav,ত নিল াটনি অট নিল বোত নিল  রো তো নিল হআইচ্ছা আউ কাউর কি ুা  তো নিল আমি নিলদে ধে া আইক তো নিয়াই প বানালে নু কই ছি তো ও কিবো মার আফনারে ক দে
/kaggle/input/regspeech12/test/test_kishoreganj_0034.wav,কইতা মডাম লা দুরা হ্যা আজ্ কি ক এার লগে আনি  নভিলপ্ত অইয়া গেইলো অইলে ালি না কইতাম ক
/kaggle/input/regspeech12/test/test_rangpur_0104.wav,ওই ইয়্যা আইখে না না অক্কর হামার একটে মসজিদত নাওমাজ পড়ে না তা কর পরে না না করে পড়ে না ক্যা তাহিনি কিয়্যা
/kaggle/input/regspeech12/test/test_rangpur_0050.wav,ে দেহো কসফিল  খাবার পাবার না  এমনি অলরেডি খারাপ হয়া যাইতো  কততা কতাএ কাক বইয়া ভাড়ি থিয়া দেয় তাঘাড়ে তোঁয়ার কতা হয় নাই গো আচ্খা ওবার কতা কয়
/kaggle/input/regspeech12/test/test_sylhet_0404.wav,খ ইা আফনারা  আমার বিয়া অইলো দশ বছরে কিন্তু আমার এখটু অসুত্ত অইলে এখনো বাততি আমার আংকের মদ্যে আমি ওছলাগরা খরি কিন্তু কুনুদিন বিরক্ত অয় না
/kaggle/input/regspeech12/test/test_kishoreganj_0002.wav,এডা বিতু এইডা দে না না এ ইক আছে ে মাদারি এ চুত মারে না  নাই ইয়াক আছে ভিডিও কাছে খে ভিডও ওতা না টে
/kaggle/input/regspeech12/test/test_sylhet_0205.wav,তো ওতা খরি গরি নুরখম এইট নাইন ফর্যন্ত করি ইতা গাও গ্রামো তো ইটু উটা মানে কুড়ি ইখাময় ওইলো বিয়ার খুতু
/kaggle/input/regspeech12/test/test_narsingdi_0025.wav,সিলেক্ট করতে পারতো বা তারা তো আগে যায় তাদের খেলা দেখতে হবে যে কোন প্লয়ারটা ভালো খেলতাছে কার বেলু কোন জাগায় বেশি ওইটা তততো দেখতে হবে হেরা তো মাঠেই যায় না এরা এই ড্রেসিং রুমে বইসা থাকে মন চালে দেহে না হইলে না দেখে
/kaggle/input/regspeech12/test/test_narsingdi_0037.wav,আল্লা তারত ছিবলে যদি মার দামের লগে হয় তাই না খা মুখা মিইনশ আল্লা এতে বাড়ির ফিরা খা না বারু দাঁতো ফুকে ল আর ওপুক্কারের খরা হ্যা
/kaggle/input/regspeech12/test/test_chittagong_0105.wav,আসসালামো আলাইকুম আালা আলাইকুম ছালাম কেউন আছো আলহামদুলিল্লাহ টিকেন আছোছ মহনদ এলাগাম আছি তুর আমমু তালে বেকগুন কেন আছে
/kaggle/input/regspeech12/test/test_sylhet_0221.wav,ওতো মানে ফরারইও নাই আমার তো গংফ্রে নযে অন্যাইন্য বইলাইনেরে ফড়াইছে নাযাইতে দিয়া ইতাও ওউ লেবেলে এইড নাইনে উটসে বাদো দিলাইছি আর আমারে তো র যেএসএসসিটে ফাস খরাইবা তে যদি ফাক খরিলায় তা আমি ফ্রাই খরমু একবার কে দেখি ফারিিনা
/kaggle/input/regspeech12/test/test_chittagong_0054.wav,ইত এযু প্ল্যান দিকি অকা না আঁরও ু লাইবো কলাউ আরো তিন ছয় বছর অইয়ও হ আম্মায় তো দিন আডে বয়া দাহিবো ন বয়ায় থাহিবি দিরি হোনুমতে ম্যান্নট্যনে গরিয়েরে
/kaggle/input/regspeech12/test/test_chittagong_0119.wav,না না তা ন ফ আন র আদুখতু চাহিনি খালজি না ফর িসাব গরে ও নাম বার না কিও গম  কিন্তু খইছিদি পাছে মাতলা কিনতু আম্বার খোনডাফুল গরে কি বুজ্জিস না নাম্বাররে নামবাবুল গরে কিন্নারে পাশার ঘুর বই গ
/kaggle/input/regspeech12/test/test_sandwip_0101.wav,এই কবে হেগুনে র এম্নে কইলে এহ্নে ঘুরা এম্নে কইলা এম্নে গ এত া তো তুলেুন্দরনা
/kaggle/input/regspeech12/test/test_sylhet_0700.wav,মকুআআনতি আারা মাতলে ফা একটু হেজিটইছে না ইচ্ছা আকতি মাততে ফারবো আমরা একটু একটু টাইম নিলিই মাততে ফারবো আয় না
/kaggle/input/regspeech12/test/test_tangail_0125.wav,হ্যা দেন ওই লোকটা ওইযে ওইটা তো ভাইরাল হয়া গেলো ওল কতা ক বললোাকি খুজাই পাওয়া যায় না এখন এরকম বলতেছে েকে বলতে কী বলতে ইয়োকটায় নাকি খুঁজাই পাওয়া যায় না কিলোকটায় খেলানতেনব য় তো ভাইরাল হইয়া গেছে এখন তো খেলাতকই থাকার কথা
/kaggle/input/regspeech12/test/test_sylhet_0003.wav,বখন দুদো দেই না কিচ্চু নাই উরে ফালতে ফালতেহে তারা এজয়রলন তোনে ভাই এইযে মলা বার া ইতা বান বালা লাগনা া খাও লাতালা বেলা খাটা
/kaggle/input/regspeech12/test/test_narsingdi_0059.wav,এমনে অকলের আওয়াছ বুঝাযাইতো না মুর মদ্যে তে দেড় মোর লইয়া কথা কইতাকছস আমার ফ্যাচ্ছ না কুডুবেলাত থাকলে ছালাদুলের প্রতি বিখ্া টানাইতোতকি দে স্কুলেত্তে আইয়া মায়তো খুম থার না ধান্দাড়ি থাকতো
/kaggle/input/regspeech12/test/test_sylhet_0117.wav,তরো তো বাত নইয়ত করতে ফারি না তখম অকাইবো এককা খাইতাছি চিন্তা না খরি একবার হইতা দিবা আল্লা বুঝছি  খেলতাইনও তাইনি ছুডু থাকতে কিরখম একটু স্টার্ট লাইননি কুছতালিইবো আগছেম না তোতানরা আমার ভাই ব গেল রাখলো এইডা তটারি অর্থ
/kaggle/input/regspeech12/test/test_habiganj_0108.wav,অখন ফঞ্চাশ তাম নাত ফরীক্কা লইতাতে আরকি আইকতা কি কি সাবজেক্ট নয়ডা সাব্জেক্টে ফরীক্কা অইতাতে অয় কিছু সাবজেক্ট বাদ দিতে ওইটটা অন্তরি মানে মে ধরছে না কিন্তু কেউ সাবজেক্টা আমরা মেইনস সাইবর দরা কিাাকি
/kaggle/input/regspeech12/test/test_kishoreganj_0064.wav,ফরাাক নতাই না হ পুটন র ইয়া ক গেছা একটা বাতে খাছলাম বাই দাগা ামে
/kaggle/input/regspeech12/test/test_rangpur_0012.wav,আইসপে দেয় না না ম্যাডামরা যাওয়া কয়দিন থাকে আইলো ও জিন সারা না ক  আ তাকেমন যাবরি া নাগ কওয়া যায় নে ম না আমাগে পরত কতা কওয়া যা
/kaggle/input/regspeech12/test/test_rangpur_0021.wav,টিম ভাজি বাইগুন ভাজি আবারলো  মসুরির ডাইল মুসুরির ডাইল আইটে কর থাগাইরটা আইটে আইটেম তো ভালোয় আপে হামারে তো আইটেম নাই খালি একটা আইটেম দিয়ায় খাই হামরা
/kaggle/input/regspeech12/test/test_sandwip_0075.wav,এতো তাফরি গরা যি বালো কানকি আর অষুদশ অষুধ দাবাইয়ও ভাবি ওই লইলে থাকে ফারি নে বযদা যেডার ট্যাবলেক টোঁরাদিনামানালি না
/kaggle/input/regspeech12/test/test_noakhali_0011.wav,বাপ ্বু কতরকারি কী নিয়া আনছিকো মাগে বেডির কতা কয় না
/kaggle/input/regspeech12/test/test_sylhet_0172.wav,ইলা তো আফনেরে ফরে চাই বই আমরার সাতে মাত োম ঘটোনা ও বেডামাতাইলে আরও হা আমরা আপনা দেখলু করেন ব
/kaggle/input/regspeech12/test/test_sylhet_0378.wav,াতো পরে একটার পড়া খেফ ওইলো তে ইটারে বিয়া খাদি দিলাম আমি যদিও তোমার স্যারের কাছ থেকিয়া ছোট সবচেয়ে ছোটো একটা রিং দিয়া আছি তো পরে আমি আমার ছাকরি টেখা দিয়া গল্ডুল বানাইতি কিনছি বা এখন বিকশা খরলে আমি ফারি
/kaggle/input/regspeech12/test/test_sylhet_0558.wav,াইডরাত ফরে আমরা ইখানো আলো এখটা ফুক ওইছ না অয় আরেখদিন আমরান তকা আরকি আইার কম্াটাওর্দেখি আমি খইরা ওইনা কিতা ফরেবু হুনছি একটা ইয়ো খছে
/kaggle/input/regspeech12/test/test_tangail_0010.wav,এআর কনফার্ড যে করেএরে এক দেশ থিকি আরেক্ট দেশ বিভিন্ন দেশে এডাই মানে অগো মেইন যে খেতে এডাই মানে যেহেতু তো বেশি কান্ট্রি ক ভার দিতে পারবো ফিট খরতে পারবো তার খষেরিইততো বেশি এেইসময় তর ক্যারিয়ার আর লাভ দুইরা একসাতেই তুলতে থাখে
/kaggle/input/regspeech12/test/test_kishoreganj_0138.wav,লেভু বাতাবি লেবু জামরুল তাল কমললা ককাা  কাচতা আপেপে পালা বাঙ্গীর সবুজজনকে বাঙ্গির কোন নন গি  সবুজনা ফা ডিিকিনে দিজিতিনা দিু বাহঙ্গী সবুজজনগে পাকায় পলে এগুলো রং হলুদ বা সুনালি হয়
/kaggle/input/regspeech12/test/test_sandwip_0071.wav,আর অনকা তো এক্কারে মোটটো ইবারাই কোরবাইন ন ব যাইনু বউত চাইছে আঁর বা হে্লেই মজা আইছে নিবেল্লাই আঁরামা আব্বা ন অক্কানজন লত সফিলার ফিকারগন বেতাইর লেও গেছু যাইককারদুন কানতি
/kaggle/input/regspeech12/test/test_kishoreganj_0050.wav,ছাাত বাত আকতায বেশি না না কম  বেশি হ বল কিনতন না
/kaggle/input/regspeech12/test/test_sylhet_0753.wav,হ অনেক ফন এক ফরনত ইগমরা খমু তারফরে মনে খরো সকেরা কিতা ইসময় মনে ঘরের মা্যে এটা নিয়ম টিয়ম খরোইন মতো আমরা না  সব কিছু না আি া
/kaggle/input/regspeech12/test/test_sylhet_0573.wav,বাইটা বাড়িত আমরা গরতো ফির মাত গেছলাম অকটু বড়ো মাত গেছলাম আমার ওয আইচ্ছা তারার ছাখাতো বাইয়াতকি রতো এখবাড়ি ওগের আারডা আয়গি
/kaggle/input/regspeech12/test/test_kishoreganj_0007.wav,হেই ওইডে নামে ও নিছে এর খানোাফন লাগবে নার া এলতেলইয়ালবা হে তো কুনদি সবি উঠু ব্যাডা ওর ভিতল অইগলো না আর এহান তে হইলইয়াল বা ানে আম্বা কুনদিন র কোন করাতো না সদি না এহনতেলয়লমি হএতে তারগায় বাগ ব কিছেরে এন হেই দা জাগাইছে না তরে সামনে আন দনু নিছে না
/kaggle/input/regspeech12/test/test_sylhet_0654.wav,কতদিন আছলান ইন্ডিয়াকতদিন আছলান ইন্ডিয়ার  ইন্ডিয়াত কতদিন আছলা বিয়া রাখলাম ন  দেও  গ্যাসহ য়না
/kaggle/input/regspeech12/test/test_barishal_0098.wav,নরে দা মারবে কি তাম করে আইবেনািপ হলান দা এই স্ামি পী করলো না কর র  মনে কর ও টুনিকাইডডে থুইয়ে দিছি কইছে এ পোলা ভালা রাইত বারোটাম ও ভারেটার তুরি পিট  ওই পরে  ওই এই পরাইবে না যদি স্যারে এটটা নয়টার মদ্দি যদি বারি যাই  যাই দেখমু সব ঘুমায় মি
/kaggle/input/regspeech12/test/test_sylhet_0199.wav,ব যয় বইন বলতে পাচজন আছলাম আমরা ছুডো পাচজন করাত আছলা তু পাতজন খরলে ইসময় আলাদা আলাদা চেয়ার টেবিল ওতো কিছু মেন খরা আব্বার কক্ষে সম্ভব আছিল না এখটা টেবিল আছিল হিটা চেয়ার আছি
/kaggle/input/regspeech12/test/test_sylhet_0277.wav,খাওয়ার খরছ তো বাইর কাছতে ছাওয়ন লাগেন না আর বইও আগে ওইলো গিয়া বাইে তাইন ফ্রেনড রার্গ থেকা ছাইয়া টাইয়া আনিয়া দিতা অখন আমি নিজে নিজেও কিছু বই কিনতাম ফারি নিজের টেখা ওইতে এরফোর তিকি আত্তে আস্তে টিকরার এখটা বাড়াই ওরখম খরতে খরতে একাক খরতমতনি তাইরটা টিউপিনি ফর্যন্ত ইউনিবার্সিটিত খুটছি
/kaggle/input/regspeech12/test/test_sylhet_0487.wav,দেখিয়া ফরে অপারটন খরলে একটু পাওয়ার মানেজ ফায় না কগুদাউ
/kaggle/input/regspeech12/test/test_kishoreganj_0163.wav,এইে পানি  বেশি থাগা যেডা পািনি যে ত পানি াবইন পানি যেহদ পানি  বৌথা ে কিব্বইজন ন করজ মানুষের নবয়া জ মানব দে ষা থাকা সত্তুর ভাগ পানি প ষাইট টো ততুর ভাগ  নমাব ক হলো ডেতকা  কনি মাট টুল
/kaggle/input/regspeech12/test/test_sylhet_0328.wav,তে তাই তে কিতা খরছে িপক্ষেতো তানদ কনা অলার টি েবনপ্যাট লাঙ্গা তো
/kaggle/input/regspeech12/test/test_narsingdi_0050.wav,এখারা অনেক খারাপ জিনিস আতু কিন্তু ইয়া এনা তো ফু র এক জাগাত লাগদি হিনফযাড ত্যারের দোয়ানে লাগবে হ্যানো কয়রা লাগবে এর সব দন রাখেওইল বানায়ালামান বঙ্গবাজার মরতিজিল আরা কোন কোন জাগাত তোনো থাকলে মাট্টার কনে দোকান আহুন লাগবে
/kaggle/input/regspeech12/test/test_comilla_0015.wav,আসার পরে এরপরে ওর ধুলনা থেকা ও যেভাবে আছে পুরা শরী নাকি একদম শব্ত অইয়া গেছে ডাউন্ডা ওইয়া গেছে পরে ওরে ওকে ধুলনা থেককা েরনামাআইছে না মানোর পর স্যাররা আবার সাথে সাথেই ওরে হাঁসপাতালে নিয়া গেছে মানে কিরকম একটা অবস্থা ও মায়কিন তো ওরে নিয়া আসছি স্কুলে নিয়া আইসে ওর মায় কিন্তু এই সময়টা ইস্কুলে বেতন দিত্ছিলো
/kaggle/input/regspeech12/test/test_sylhet_0018.wav,ওটাদুইডা পুদাত করোইন নানি নাদা যেতো করে তাতুজাতো তবু যা কা পটটে বড় দল ওইতো আমরা আ্ছাতে দুর্গা পূজা লইয়া কিছু খইন আঙগা   তো আমরা তিন খছ দুগা ফুরা সষটি
/kaggle/input/regspeech12/test/test_sylhet_0052.wav,বড় মানি হেল্প খরাইন কয় অখন নতুন সিস্টেম ওতো প্রাইভেট নাই  রাইবট নাই মআ ন বিয়া চেনটা আরকি বই কিলা করাইন কিন্তু ইলা তোই খারমেন্ট আমি  তারা টেনিং গিনা তারা ফারে আমি বুজো না যাবুজি চা রা মোবাইল তো আবার মুবাইলো আগে নসাইর ক্লাস দেখি খরিয়া ফরে দো
/kaggle/input/regspeech12/test/test_kishoreganj_0161.wav,লাল নাগা মানব যে ষাইট থেকে সত্রুর ভাগ পানি মাংলদেশে সারাত থিকা সত্তুর ভাব পে ন মর মামব দেে সাািত্টে কে মালব দিহে ষাট্টে কেলাম বাগ পানি  মানুব্দিহে শরডে ঘুট্টুব্বা কনি মরন শড়াটা হুন্ম নি নারিমে মদ  সাত তেকা সত্ুর ভাগ পানি মানকে কল ফাডে নালমদমা মন বডা  ছু্ব হ
/kaggle/input/regspeech12/test/test_comilla_0008.wav,মে একটার নাম হচ্ছে নুসাইবা এই নুসাইবার সাথে নুসাইবা আর রহী ওরা দুইজনেই খেলা করতে করতে দুলনার কাছে যায় যাওয়ার পর নুসাইবা বলতেছে তোর তো মাতেরিয়ার্সাল আছে তুই এখানে খেখেলা দুলা করিস না তুই ইরিয়ার্সালে চলে যা আমি ইখানে দুলো নাতে দোল খাই
/kaggle/input/regspeech12/test/test_chittagong_0012.wav,খারণ চাঁন্দুল আব্বা আগে অফিসের ফন ডিম গিয়া গইরছি তারারেতিজিন ইসাবে এহন তো ইয়্যিন নয়ানের তো ডিমে  দিবর দাম বাড়ি  যারি ডিমুর দাম বাড়ি গেইয়্যা অবিয়্যানে কতা ইে ন ফাইেরতে আবার আত ইয়া ফাতে অইলে যে কিনর ই চোর ফারে দেহে
/kaggle/input/regspeech12/test/test_narsingdi_0034.wav,অপ ফ  আইছিম আইসিমেযের দাম কিডা খাইতে বাল্লাগে না বইন বইন আইসিমে আমার খেয়াল আছলে আমি খাইতাম ফাপলিটারডা খামোর কতা তুই নব্বই টাকা
/kaggle/input/regspeech12/test/test_rangpur_0060.wav,ষোলো তারিক ষোলো হ এতি প্রতম রমজান শুক্রবার হইলো না তাইলেএই মাজের রমজানো শুক্রবার আইসে ছি কুকলত তো আগে ফাদে আফনে ম ের রমজানের কতা কইছে মাজের বলতে পনরো পার হইলে হ হ সোটো রোজা কিটাস হর  হ হ
/kaggle/input/regspeech12/test/test_narsingdi_0111.wav,ফরে দাদুরে ইয়া কইরা লইয়া এইকটি আইয়া দেহি ঠিট এ কার মোরা এম্নে গইল্লা এডা মদে লাইতেম তচছে গরম ঘাড মইতে হই দুইডার অবস্থা দেইখ্কা মোরার অরদেক গগইলে এডা লাগা মোগা মোরা তু ক গোল্লায় কাডা পাকা অইয়া যাও এইডা এরে কোন লাব না মরা এডা তোই তা দুইডা হ হ দাদ নানা বেতানি মোরা হাতপায় না
/kaggle/input/regspeech12/test/test_kishoreganj_0113.wav,গাছরা কেলা কা গাছ হরিং হড়িং আবার এ ইন্দুরেও গাস খাবার  ইদুরেও ইন্দুরেও গাস খাযা আবার কাট বিয়ালি কি কা গাছটা বাছ্তের ফাতা খেলা তাগ কাইট বিি্কা কা দুরে ফালা াা গ গাতের ফাতা খা আবার গাছতে পাতা খা কেলা গাছের পাতা খাকে ক হরিননে  হরিন গাছ তের পাতা কা হরিনে হরিন না কেলা কা বাগে খরিন দা কা বাগিয়া ঠিকাছে
/kaggle/input/regspeech12/test/test_narsingdi_0118.wav,তখনদে  মায় মাই কুমরে খইবো এডে কি বুতে খান দকু আমি ো তি জরাইতাম রে ফোনরে
/kaggle/input/regspeech12/test/test_rangpur_0098.wav,এহন ইপতারি তো মসজিদেত্তে করা হয় নাকি হুম  ইপতারি কেমন হয় কী সমাচার ভালো কয় টাকার করি ইপতারি করে কতুদিন পাশশো পানশো
/kaggle/input/regspeech12/test/test_habiganj_0093.wav,গুরানিত গেলে তু ছবি ওবি তুলা অর িকতু ইদিক দিয়া গুরাগুরি খরেন তুই আমার বালা লাগে
/kaggle/input/regspeech12/test/test_sylhet_0400.wav,পান খাইনমো নায় ফান খাইনবা দেয় নাই ওই আফনের বয়স তো খম লাগে ফাখাইনতো লাখেন ওয়ম ইটা মানে অকুত্ত থাইবো বাড়াইয়া রাখে এখনও গ
/kaggle/input/regspeech12/test/test_rangpur_0041.wav,কা কী হইলো যেইন অনে ঝুলাইয়া  ফাস দেখতি পাত এটু বয়স নিয়দেখলো আমা বাবালএই হারে গেতে তা মুস্তি ঈদুততেকআেখাসে দেপকে দেখতে মোট ট্যাঙগা হয়া গেইছে বাবা মুইআ হ দে ওরে গতি োক ওর  ক যেইটায় আসুখ
/kaggle/input/regspeech12/test/test_sylhet_0469.wav,বুইচ্ছোনি মামামান কাড়াতাড়ি আইয়যের বাম্মিরি পুরানো নেওয়া লাগবো বা আমি মানি কুনানো চিকিৎসা খরাতগবো কিতা খনতে ফারবা আমিন শিপত অইরবো বইনো কছু চাতেনি না দুঃখে স্কলের হচছে পিচারফার সবসময়কার রাহিে
/kaggle/input/regspeech12/test/test_sylhet_0177.wav,ফুড়িইগুম ছোখি অনে একছোকি ওখান আমি কত্ছি তনাাতারা বত ছুকি এফরে চাইর দুকান আরও খয়ে চাইর দুকান দিনবা য়াইডা এ ুট ছে আরকিতা
/kaggle/input/regspeech12/test/test_narail_0150.wav,আমি তো খুলনায় মাসি তোমা কলে খবাড়ি মা বাড়ি ফায়ে  থুয়েসটটি এইছে পরীক্ষার্ছে তোআমার এইজন্যি
/kaggle/input/regspeech12/test/test_sylhet_0302.wav,বাড়িত যায়  এখমাসো যদি আমার বাড়িত থাখা লাগে গেই সমাজ আর যেই পরিবেশ যে গ্রাম মানে আমার  সাত আট বছরে যেটুকু অর্জন খরছি ইটা টুম্নর কুটাত নামাই দিবা মানু
/kaggle/input/regspeech12/test/test_kishoreganj_0104.wav,এা আরো ও দে উতকর ইতো কামন আইচ্ছা জিবে জিবের বিজতা নতুন উদ্বিদেশ নতুন উদ্ভিদে আবাজ ঘরে তুলতে সাহায্য করে এভাবে পরিবেশে উদ্ভিদে পানি একে পরিমান স উদবিদে একেরপর
/kaggle/input/regspeech12/test/test_tangail_0091.wav,ওই ড্রাগ মানে রণবীর ওইলো এমনএক পুলা যে ওই সবসময় খুব হাটির ফুটি থাকে মানে কখনো দুঃখ পায় না ইরকম একটসবাইরে হাসায় জিতার নিয়া ঘুইরা বেড়ায় মানুষরে হেল্প করে আস্তে আস্তে রানি উমুখারযে ভালো বন্ধু হইয়া যায়
/kaggle/input/regspeech12/test/test_rangpur_0103.wav,দিজে আর সোয়াগ আবের কাা আউস সোয়াগের কাছতে টাহা সোয়াগের কাছে দেতো তোয়াগের ক্ষাতে কতা কবু আর তো কতা কইস একলা সমস্যা নাই কোয়াদে যাইবে এল্লা তে এখন
/kaggle/input/regspeech12/test/test_rangpur_0010.wav,দাবিনে হয় না এখনা বা কুর নোয় তা  গতাইলে এমরাথবু যেরা আইসবের নায় থবুদ দেরি আছে বাবা আসি কী করবে
/kaggle/input/regspeech12/test/test_sylhet_0170.wav,েকুন বল যেকু ফায়গন তাছে িতিন দেখা তিন টেকা এ আর মাছ মাংসো ছবজিত দে এখটা অবস্থা আরখে অইলো বান্ডা ফান্ডার খতা ওইলে কি তে দেখ
/kaggle/input/regspeech12/test/test_sylhet_0138.wav,আগে লাইবে তোদিন ডিপারে তত ঘরা আইলামনে না রারা নিতা ক য় যায়া দিদা নাদ ওই খটে ব্যতি খাওয়ানি লাগতো নায় মি লাগতে না তা খা ওই আর কিতাও নাই খয়টা বাদে সাড়ে তিনটা উইগেট পা
/kaggle/input/regspeech12/test/test_narsingdi_0041.wav,সকালে ঘুমের ছুটটা দেহি নাই মারায় উছিত দুফুরবেলা যায় বিকালে যায় রাত্রে যা ইফতারিতওনো হেই টাইমে যায় পেরি টাইমে যাই কী একটা যে অবস্থা ফাছ বেনার কারেন্টডা বেড় তো খারাপ টা্যাফাদো না ফান ফাও না ফাওদিন গ ফাচটায় দিন
/kaggle/input/regspeech12/test/test_tangail_0085.wav,মানে এললিগায়য় ছবিডা আসলে বেশি ভালা্লাগতাছে যে আপনি যাকে ভালোবাসেন তার পছন্দের জিনিসগুলা আপনার একসময় ভালোবাসা ওয়া যায় তার পছন্দের জিনিসগুলার সাতে সাথে এই দাগাততো আসলে ভালোবাসা ওবরুকাছে অন্যতম মানে নিজের মধ্যে খাইখে তর একটা অন্যতম একটা ই
/kaggle/input/regspeech12/test/test_barishal_0068.wav,এই যে কইছি যে সরসেত্তিকো ভাই ফুলচের দেওয়া লাগি তথা রাইতে একটার সময় কইতি হেই সময় নাই ওইডডে থাবা নাই খাইছি হেইয়ে মাঝে মাঝে ভাবি য হ্যয়ারা আবা কি আর এইয়ের আবা কি এাা  ন্দমু কইত্থযা
/kaggle/input/regspeech12/test/test_sylhet_0533.wav,গিয়াত কিরন রাখতে বিয়া খারডি ছুটআমার ছোট মামা ছোটমামার িয়া তো বালাউ ওই যে বিয়া ঢাতার বিয়া তো  ঢাখার বিয়া আর মামিও ডাখাইয়া অন্য রখম জানি আমরা কিকা ভিননো নাগি ও আইচ্ছা মরা তো সিলেট যেলাও তো রেওয়াল সারার ইতান আই সিমসাম
/kaggle/input/regspeech12/test/test_kishoreganj_0055.wav,বাংলাফরি কাইড্ডা কালফকে মেংদি হঅবাদ ই অগাকাতা মিি মিির মেপি চাচারে জন াত যা এইডা এইডা তবে ন মেকি কাতাকে মায়ািন কাল্ল ফরি কাছেনা
/kaggle/input/regspeech12/test/test_kishoreganj_0046.wav,যানা মাইয়া গে আমনে কিত্রে দিহিন আমাবালি হ্যাঁ
/kaggle/input/regspeech12/test/test_narail_0158.wav,আমি খরচ কি কি করমানে সুমায় মুতা কত্তিছে না অসময় যায় করবানে ওডে যদি উনারে যদি ট্যাকআপ করায়
/kaggle/input/regspeech12/test/test_narail_0039.wav,ঠিক অছেলা ওয কানছির ভাদো ফাসা ওর দিদি মাধ্যম ই অলোগে ওই  জমি আমরা করতাম  েপেরে নিয়া যায় খা ম বাইটিরে পিরে নি নাকি টিরে নি লে কছে ল না না ল্লা ওনরা পায়এ জাগা
/kaggle/input/regspeech12/test/test_habiganj_0106.wav,ু তোর সাথে আমি মাত্তা দি ফররক খতাডা রেকর্ড করমু হ্যা ফরে কি্ছু কুয়েস্টনজিগাইমু আর তুইগুলা আলতার দেডিকাতে কিা তাইলে কিতা এখন আরকে কী  স্কুলের কিতা খরতা স্কুল কিতা অইতাম ফরীক্কাও দিতাছে ককা দিন ধইরা এ
/kaggle/input/regspeech12/test/test_narsingdi_0020.wav,ইয়যা করবি ক দেশের মানুষ হ তবে ওয়ানডি টি টোয়েন্টি খেলতাসতো এটা তে ভালো করো উপ তাইলে তো আর কিছু লাগে ন টেস্টে তো আছে এহন ইবাদত ভালো বল করতেছে
/kaggle/input/regspeech12/test/test_sylhet_0441.wav,ফরবাইনি খরতায় কিন্তু খরলে যে খইবো আমার বাসাত তা খরিলা হিতা খরি ইটায় কিন্তু আমরা নিজোর বাসা ফালাইয়া আমরা ইখানো তাখরা তাখর আম িতার লাগি সুবিধার লাগি দেখি আর লাইনে এখটুক গিয়ো খরো না ইখানো এখটু ফ্রিল আনোইন আমার আিমব বাড়িত থেখি মানি বুইজার নান তবু লকো তাখি নিদুঃের তো খতি খরে না খরে আমার
/kaggle/input/regspeech12/test/test_tangail_0117.wav,রাখছিলো ওই লোকটার টাকা পয়সা একটু মানে বাইত সবাই দেখি ডয়ররা রাখি কতা ওইলো ডয়রে রাইতে া   এতকেস যদি চুরি খয় তখন কিকি েই সবার অসাবধানতা
/kaggle/input/regspeech12/test/test_sylhet_0381.wav,বাবিরার বাড়ি ওতো ফাইনাল ফিারি ওতো বালা আছিল না কোনবেন্ট আছিল না তালই ইনো একটু গরি বআছি তো আমার আম্মায় সাউল ডাউল টিম যতো সদ ফিউজজি আছে খেতোর ওতার ফত্তা মিলাইয়া বত্তা গুরি ঘুরি ঘুরি গরি তাল বর বাড়িত ফাটাইছোইন আর ফরীক্কার তু দিন আছে আমি তালমই বাড়িত থাইকিয়া করমু ওউ জীবনের প্রথম বাড়ি থাকি বাইর অইছি আর খেউর বার্তাত থাকিয়া ফরীক্কার উেটা গেছি এখতো অইলো গিয়া গেি মাইর ফরীক্ষা দেওয়াত
/kaggle/input/regspeech12/test/test_noakhali_0005.wav,এ খইয় া তো ছাত দাআনি কুা
/kaggle/input/regspeech12/test/test_sylhet_0758.wav,দিনু খায়ত ফড়খাখড়া যাম যেমন দরো জামাইতাম গু বাই গুয়াইতো খরাইবোতো ড্রং খরে মানে খরতা না খাই না খরলে কিতা ওইবো আফনারাআরে খওয়া ওয়
/kaggle/input/regspeech12/test/test_narail_0055.wav,এইজন্যের লাভ হইছে জানি এইজন্যের লাভ হইছে এহন যদি ভালো কোনো মিয়া মানুষ ওতো তালি ওগে সব জমি বাইর করি নিয়ে করতো কারণ ওই সব সব জমিরই বাবা সব জমিলি ঝামেলা আছে ম্োলা জমি আছলে েসব জাগা খালি টাহা দি থুইছে হয় কাগজ ত্রাহে দেছে কুনু নাম পত্ত নেই নাই টিপিটে মিটে তো খালি টাহ  জন্যি উরা কিছু কত্তিও পারতিছে না ওআমাগে মাঝে ফইরে
/kaggle/input/regspeech12/test/test_barishal_0094.wav,িচা মা সটারে া কিছা য়াফেরি ততো মাটা  যেহুন না যাননটিা বইলে অনেক র দাও বিদের যেইে বারবুকা  এ এই কাটক কাম হইলো এক বিদেশ নি হেই
/kaggle/input/regspeech12/test/test_tangail_0123.wav,আর একটা ভালো ব্যাপার দেখতে যে হিদরাক সম্প্রদায় আছে তারাও তাদেরকে মানুষ কতোট করে কিন্তু তারাও এইখানে বি প্ল্যাকের মতো টাকা দিতে তারা তাদের হজের টাকাটা দিয়া দিত তো ওইটা খুবই একটা ভালো উদ্যোগ আমি দেখতেছি যদেশের সব মানুষ যেখানে কন্ট্রিবিউশন
/kaggle/input/regspeech12/test/test_kishoreganj_0053.wav,আনে কয় মুন দিবো লাগব নাকি ামদি কতা কিনা ম দ কতদি ফঞ্চাইশ হাজার ও টেহা তো ফঞ্চাশ হাজার টেহা ফনচাশছে আর লদে দেমনে দোয়ান ফুজে দান খু দোয়ান পিলে তো লা দেন দে মনে হ্যা চ য ন ন তদে দেহান তো কইছি ল দেন দেন
/kaggle/input/regspeech12/test/test_rangpur_0111.wav,বাড়িত নিয়া নিয়া যায়া ইপতারি খেলাইছিল ভাত খিলাইছিল হুম ওরে যে আগে যে ছোবাইন্না আছিল তোবাইন্নার বাসাত আইসলিন হোবাইন্নার বযটা তো খুব আমত পছিল
/kaggle/input/regspeech12/test/test_chittagong_0009.wav,নাবাফাও নে আতুন দোতন কন সিডার গইরতাম দে গিয়া কইর্তাম দি ইছারা হাবার মেয়েরনিরে দু ু েইলি ফানতা হজার নামু ে চাজখান  মেরুকে ডেলি টিটতা না ক ফঞচিশ তারিখের
/kaggle/input/regspeech12/test/test_barishal_0030.wav,বিক্তিকরে আরার দিন কাম চলে দরথে আমার মাইয়ে ভালো সুমাকিটরেবাাম্  তাইয়া লইয়া বাড়ি দিয়া
/kaggle/input/regspeech12/test/test_kishoreganj_0042.wav,মেহলি বি ফরে আমনে এইজ কি তমেহলিবে ফরে আরকিনাহ আমার বাইততা আনছি আমি কক সুন্দর বুগাছনাা আমার অইলোই তো বরবান এম না কুইরািন নামের কা হেযা
/kaggle/input/regspeech12/test/test_narsingdi_0047.wav,এবার কোনো আগুন লাগই যে দে খাবার বোসবিছো তাই হাডে এই বঙ্গবাজার এরপরে সিরিয়ালি খেলা আগুন লাগছে তুমু নাই ছাগুল লাগায় দিতাছি মুন লাগে খেলা বতারো খন যেয় না ব যেমনে হযএ টিরেনে যে থাকপো নাাগন লাগোম ইযে ইডনর
/kaggle/input/regspeech12/test/test_barishal_0033.wav,হ  দু লনা না আমি কে দেখ ছিয়ে দেহতাকে াইফুরে পাজা কিরবোআর  ত র থাকতামরা  বিটনাবেমানে এনাানবে নাবেনানাি না কী কররি
/kaggle/input/regspeech12/test/test_sylhet_0542.wav,নও প্রান তা আর কিচ্ছু বাই না পাই লটার ত নতো তো দেখনো ত আচার গেছি মানগয়াদেতি দুইটা ফাইর কিতা রাকছে চাদর দুইকচা আকজনরো াদর বালা আছলো  া আমি প আমরার বাইগ্য দেখি ফুলি গেলো আগে যে বাল লাগছে
/kaggle/input/regspeech12/test/test_narsingdi_0007.wav,প্লেয়ারগুলা ইকটু ভালোভাবে তৈরি করা যায় একটা লেক্সপিয়ান্ট না  দেশে ব্েতা অন্যান্য দেশটে দেখ দুইটা তিনটা কয়া লেক্সপিনয়া থাকে অস্ট্রলিয়াতে দেখ যাদম জাম্পা তারপরে হচ্ছে মাইকেল পেরসটন এরলাতে খুব ভালো লেক্সপিনিয়ার তআফগানিস্টানেন্ট তো আছে ইলেক্সপিনারির কয়েকটা
/kaggle/input/regspeech12/test/test_sandwip_0013.wav,ক্যেমনও ম আমার বাদাশা যার করে গন মনো মাসিক বেজাইলো যে তরে ঢাকে না আর হিয়ারে অরে তার মোবাইল কন্জা তানে ম্যাটা সমপর্কে তানতি কতাও কতে কলাম ামর ই যে বিইছো  ই কুটিয়ারগিন দের বিংবা দিরবন
/kaggle/input/regspeech12/test/test_sylhet_0414.wav,ব্রেকফো পিম ফরের ই বাবা ইতা রাকিবরা বেয়ার বর্থী আছিলাম ফিদ্দা তো সিলেটি রিপবার তো রাকিবরা বযাক ভোট দি ইতু পরে এখজন মেয়ে ওইছোইন ওওয়ার ফরেও তাইনও মাইরা গেতি পরে আমার ফিটলেকশন খুব খারাপ
/kaggle/input/regspeech12/test/test_kishoreganj_0129.wav,ফাল না আই নানা অঙ্গে ফুলপল নানা অঙগে ফুলপল আমার  দে খেলা  কছেলা খেলইছি না  রে খেলাইব ফল ফুডি দে কে  ফল আইচ্ছা আমাদে
/kaggle/input/regspeech12/test/test_narail_0124.wav,আই তোর কোনো সমস্যা কউছেন না ওসু ওরে সবসমায় দেখি ওর পীথনে আমিতা তো সমস্যাকনে না আমি তো যেখানে যাই সেখানে মায়া বাড়ায়েছে সেখানে মানুষকে বলতে পাররে না
/kaggle/input/regspeech12/test/test_sylhet_0007.wav,যার আফন খুব যত্ন দিয়া খরো তা আগে তো মখনু থাকলি দুষটাতে ইটা খমতা ততারি খরো না
/kaggle/input/regspeech12/test/test_habiganj_0087.wav,মারলেলে খতা শুনেয় না এইলে খতা শুনেয় না গরাগবায় না াম ফরেতোমার কেমন লাগে কোন ভ্রমণ বাল্লাগে
/kaggle/input/regspeech12/test/test_sylhet_0360.wav,আলাদেখনা আমা জার্নিটা অনেখ মানে বড়  মানুষের লগেও মিশছি মিঠার ফরে আমি যেটা দেখছি আসলে পেশা খউ আর টেখা খও যাই খও না খেলে ফংকারের সুখের জন্য অংসার
/kaggle/input/regspeech12/test/test_sylhet_0279.wav,তোওসময় আগের মতো কিন্তু আর পোলা তাগো আয় না আন অখন গ্র্যাজুয়েট একটা মেয়ের লাগি খনের লাইগগা তার  তো বাড়তে আরা
/kaggle/input/regspeech12/test/test_narail_0184.wav,ও হ
/kaggle/input/regspeech12/test/test_narsingdi_0136.wav,অভেসলি ভাড়া কম অইতে অইবে এছছুডুবেলা আমি খাইবো পরিছিম বুজ্জ প্রধাম ভন হইডে পার্ঠিয় গেছে হেবার আমি প্রথম তানছি যে পাা হইতো না মি তুবললা পাওন দেশন আইচ্ছা বাদে সেইসময় আমি প্রথম দানছি যে পাচজন আর পারথা ইবুন একটা পার্থাক্যক আমি লজন্মগত বাদে া দ
/kaggle/input/regspeech12/test/test_chittagong_0121.wav,রিফা্ ভাই তুল আর আদে লইয়ারে হকটা খইতে দুইবারে না ভাসবো হ কি করিছো আটি ফাঁচ বারির তারা বাইত যাি ডেন যারা তাঁন হতো বাই তাননি তান স্তা কইরবু তান আস্তে ওততো গইরগি
/kaggle/input/regspeech12/test/test_comilla_0014.wav,আর পুরা শরীর মানে কেমন একটা অবস্থা মুখটা ঠোটটা নাকি ফুলা বাঁকা অইয়া আছে তো ও যে মাথায় টাচ করছে পড়াতে দেখে যে ওয়ার কথা বলতেছেন নো বান্দবীয়আর কথা বলতেছে ন ওজুরে চিলাম দিছে যে কী হইলো নুচাইবার কী হইলো তরন সবে আবার আসছে
/kaggle/input/regspeech12/test/test_tangail_0049.wav,ওই বাঘড়ে খাইতে দেয় পরে আস্তে আস্তে বাগটারে বসে আনি বাগটারে বসে আনি পরে বাগও বুঝতে পারে যে আমার মানে বাইচা থাখার জন্য ওই মানুষেরও দরকার আছে
/kaggle/input/regspeech12/test/test_sylhet_0123.wav,টেস্ট খচছা আপনেও খেলতেআইনোটেআইন না কতে থাকতে ওই জাগাত খেয়াদয়া করতি তা তমারার কিচ্ছু মনও নাই দরো তোমার দশ বছর বি বয় তুই টুমার দরো বাটান খাক খরন লগবো  আমার একটু বুঝদো ইতে দরো খামাগে দর আমি ঢুকি গেছি কান্দবেন দো কেও নাই
/kaggle/input/regspeech12/test/test_narail_0177.wav,ককা আগে লাবা
/kaggle/input/regspeech12/test/test_sylhet_0592.wav,তানা নিবাান বাত দাড্দার মাত াফাইজা কর যে ব্র্যাটিংটেটানো অ অয় মিে খইছে
/kaggle/input/regspeech12/test/test_chittagong_0099.wav,তুই তোইডে আসছুতাছ যে তারফরেও তুরগো সমস্যা নাই এহন আঁর সাইন্সত থাহিয়র আল্লে পয়ান্টি অইবে বউত খামনোনি তাই নাই্য কী অততারে এবারে ভাবলাম সাইন্সত বউত খম ফাইয়্যি এতার লাই এনা আঁই আরো
/kaggle/input/regspeech12/test/test_barishal_0077.wav,তলা পতা ওমি যায়গায় না  বাম থায় না
/kaggle/input/regspeech12/test/test_narsingdi_0044.wav,ওরা বান্দাবা আজ্দি ফুডাইতেছে ার র তরা বা তিন দিনের ফর চাইর দিন রই ধরে ইদা  ব্যাং দিতে ইয়া গিয়া কারেন্টে তারতরে করলে গি একটা আগন লইগা ক  দের ফরে ফরি ইত্তা বাজিদু ইয়া দিয়া করলে তার তর ওক করে তার আগুন লইজ্ঞা জান তা বারি থারগা যা গুনাার কতা কছ তি অে আমার হরিফা দেরু আয় নো  মর বইরতা না ইয়া বাম্বেদ যায় না কিলিজঞা
/kaggle/input/regspeech12/test/test_sandwip_0019.wav,কর ন বারোনি গইলে দিয়া গরা মেয়ে বাইততে পারে ন ও মানুষ তুমরা হটটে  হত বেশি হিয়া অতিরিক্ত অইরে দুনিয়াদারি খবর নাই একেরে আস্ত আফারে আংরা বানাই খানের একটা রাস্তা বুজ্জেন্ন  সংসারে দান্দা নাইলো সংসারে জুঙ্গাল আস্তে আার ফাশে গলে সংসাটে জুঙ্গাল খান হোলাইনের গান দে তুলিদিা আইছলো আমা হোলাইনে আছলো আবার রোজি রা গোনে  হোলাইনের কোনো হিসাব কতাক ছুডুকারে
/kaggle/input/regspeech12/test/test_kishoreganj_0017.wav,না বালুডা বলল ওরা ফালাইল লাগে নিচা যে বালুডা বলল লাগে একা ববা দিয়াাকাল হকা া ফাাল বালু দিয়া ভিড বালুইযা র কি বিড বালু দিয়া খালিযা উকা না থুইয়া জাগা এর লাইজগঞা এরলাজ্গা তো দেশের সব রাস্তা অবস্থা
/kaggle/input/regspeech12/test/test_tangail_0042.wav,নাকি ইকোনোমিক একটা ক্রাইস বচ্ছে থাই হত বন্ধ হইতে ছিলো পরে তার বাবা সিদ্ধান্ত নেই যে তার ফ্যামিলিরা মানে এই জু সহ অন্য একটা দেশে চলে যাবো মানে ওয়েস্ট ান্ড কান্টি হইতো বা কুনেক জায়গায় পরে তারা জাহাজে এককইটা এইসব জু
/kaggle/input/regspeech12/test/test_sandwip_0124.wav,আইয়্যান আরগো পিখেরে বউত কিছু শিখাইছি বিথে আমটরাতের বয়ে বিছি একপাট কল অনকা কি একিতাতিলগান আঁর বাই এগুনে হরে লেখা কইত্তে তো এগিন এগঞা হড়ালেখা ন পড়া লেখার মতেন হড়া লেখা ন অইলে সুন্দর হতা না আমার তেলেদে আমি আদর্শেবন বানামু আমার তেলেবেএকের উপরে থাকি
/kaggle/input/regspeech12/test/test_kishoreganj_0045.wav,আছরা আন তে যাইত পইলে হ্যা আমার লগ দিয়া আমার লগে হেল দিয়া অইবো া মুজার বে দাড় দারালইবো
/kaggle/input/regspeech12/test/test_sylhet_0034.wav,বার করা ওইলো করা উরা ওয়ার পরে এ ছিল সন্ধ্যা একটা মানিচ্ছে প্রইত্যেকদিন তিনো দিন সন্যার সময় আরা তু ইয়ো খরায় সন্ধ্যা আরুতি তন দাদাতি ফরে সন্ধ্যা আরাতি প্রসাদ  খাওয়া অয় আাওয়ার পরে তারপরে আই শেষ ই যা া
/kaggle/input/regspeech12/test/test_sylhet_0163.wav,খাডাইটাইডিডাএখনা দিলেইতা খতো খয় বাতদিতো আর পিারে একপার দিন হিছে
/kaggle/input/regspeech12/test/test_kishoreganj_0180.wav,আতো ক কমলা কোবালা হম কলা হন তো অকলার কমলা কালা অতত কমলা কালা নে যতা কম লাগে লা তনিরাপদ পানির জন্য বিশ মিটারে বেশি সয়ময় লাগে বিশ মিনিটার বিশ সময় কি কা
/kaggle/input/regspeech12/test/test_sylhet_0721.wav,মানে তো  অনেক মানুষ বা এ  রলেতুতার তো মাটি দেহি আমরা কাষ্ট কমিমু কাষ্ট কগাইয়া হুগো আমরার উসাবে খইছিমুও মনে খরবা উলান তোনা আফনারার বিয়াত তো বহত িটোয়া মানে নিয়ম ও মাতে তারফর   দ তাে া ভইতা
/kaggle/input/regspeech12/test/test_chittagong_0133.wav,তারফরে দেওয়াই টাহেতে নাস্তাগুর গুরনা খরদা ইয়ো আগেতে আল্লা সেরতালর ম্দে কুমে রাহি দি ইতারা খই রে দুই তিনদিন টাকাকবা হয়দিন ফর তু যাততে আসতে মনে ওতি কুফিরে কল দিবি খুব জনি এহন আবার ফরে দেখালি বড় বেল্লে ন যাইগা আর যারও যাইতো হডসিপাতা খালি আল্লা হাম টান ন ঘুইরেরে ওদে মিস্তিয়েরে
/kaggle/input/regspeech12/test/test_narsingdi_0110.wav,কিয়া করাই ফাইপেন ছুডুডা সুন্দরডানদিবা এদুর একটা টাইপের না কোংগলা ফুছাত্তে এইটা ফড়িপনগ ইমআমি আছিলাম কুতা আমি এইটা পলিতে আসোস না আফনে তার বছও আইচ্ছা কি আছস এইটা খরতাম  া
/kaggle/input/regspeech12/test/test_noakhali_0004.wav,বা াা ওই কি মা নযে তাইলতাম ওতাখতাগো
/kaggle/input/regspeech12/test/test_tangail_0040.wav,সেবুঝ সে মানে বুঝতে ফারতো যে মানে পশু পাখি গুলার মনের অবস্থা সে ভাব তো ভাগ ও তার বন্দু হইতে পারি যদিও অনেকসম পশুপাখির সাতে তার একটা ইছিলো কিন্তু তার বাবা এডা
/kaggle/input/regspeech12/test/test_kishoreganj_0110.wav,অনেকগুলোশৃং্খল খাদ্য শৃঙখল থাকে বাস্ত টনস্থান সকল সকল উডবিদ ও প্রাণীর কোনো নগনয় অর্থত যেমনইগা দূর ঘরর বং ননপ্লন ুইয়ে থাকে
/kaggle/input/regspeech12/test/test_sylhet_0159.wav,ইতা গো আগোর মানুষ মাজ্জা বি গুমারলেও টরাইয়া খইতুইন না বানগমুকমেইন তো আমার হউদে নিজোরও আছে ফাইগা বিনছস টাইয়া তাইলে ইতা হিসময় আর না মুটা ইতা আর মুইতা ইতা টরাইয়া  ুাাইতা তো আছে লাডউ আগে
/kaggle/input/regspeech12/test/test_habiganj_0083.wav,দুে বাইয়ে একজনে ব্যবসা খরোইন আরেকটান ফড়া তাখতোইন খা আরদুবছাছাড়া কিতা খরে আনছোইনন  বালোই আর এখটু আছোইন আরেকজন মার ছাছার তাইন ওইলোগিা এর তিন বাই টাকা নাই মারা গেতোইন আর তিন বাই তিনোজনই ব্যবসা খরোইন
/kaggle/input/regspeech12/test/test_sandwip_0061.wav,অ যাইবার লাই আতালাগা আটঠি কুতু গর কিলাইত্তে অইবের খাইল্লি ইকজে তিন ছোট ঠিলাইছে আরেক ছোডের কাপড় অবোগা রাআনিতি অইছে অনে ফইরে আরে কাম্মা গুনদে আলি ঠিলা লাইয়ে
/kaggle/input/regspeech12/test/test_sylhet_0268.wav,প্রথম ক্লাসটা ইউনিভার্সিটির প্রথম ক্লাসো আমি মিস খরিলিছি বারার টেখা নাই আমার ভাই মি নায় তখন তারাকাজ করের ক্ষেপ লাগা বৃষ্টি ওতা একটা অমিক্কা যে যাই ওক করে আমারে লইয়া আইছোইন আমার কান্দাংনদা মর লাগ ফরে লইয়া আইছোইন আইয়া
/kaggle/input/regspeech12/test/test_narail_0068.wav,ছাড়িজ সম দেতে জেলা কই জেলার ভিত্রে সবচেয়ে ভালো বুদ্ধিমাণ লোক কছে কযাটটো ঠাউর হ ারি কবযায় না এটু পরে আলিন ফারিপ তাই কচ্ছে য খেলি শরি বাব্বা উনাগে ক্ষেতে ঘুরতো তো ত আমি কচ্ছি কি কায়দারে নে সে কচ্ছে ওরে ভাব ও যেকি মাল
/kaggle/input/regspeech12/test/test_narail_0153.wav,দোকানেই তারছর বিষ্টি ছরেনাই বিকেল বেলা দোকান আ নাহনের বউ উকানে বাড়ি নাই বাড়ি  ও তারফরে ওর শরীরটাই ভালো আছে ননের বর
/kaggle/input/regspeech12/test/test_sandwip_0102.wav,র কুচলা ভাড়উতকের লাইবে কিক অইছে দি দেখিখ যারাই বের কি সমস্য দিয়া অ আছে যেকি া খাতানাকে ডনা অইছে দারছা
/kaggle/input/regspeech12/test/test_tangail_0092.wav,ওই শহরে আর সবার সাথে ওয়রার একটা ভালো সম্পর্ক অইয়া যায় সবারে ভালো ফুলা হিসাবে যিনে ওই শহরে একদিন রনবীর কাপুর হাটতেছিলো রাইতে ওই সময় দেহে যে একটা মেয়ে সাকি না মানে সুনাম কাপুর সে লুকায় লুকায় হাটতাছে পরে রনভিরি কাপুর মনে করে যে মেয়েডারা আসলে ড্রিপদ একটু সাহায্য করা
/kaggle/input/regspeech12/test/test_sylhet_0745.wav,তো ইগা এখ মাস ফইয়া খনরে তা আমরা খাইম না বা ুতিি
/kaggle/input/regspeech12/test/test_narail_0046.wav,তা সেই জাগা র াইছে তোর বাবা ওই যে ওই পাটে ওই জাগা খাতে ওরা ভাগি ছেলো ওই জাগার মাধ্যমে ওই ওহনের জাগা তোকে পাপি ও ওরা ওই জাগা কিনে রাইছে না ওই জমি সেই জমির বদলে সেহেনি পাবে
/kaggle/input/regspeech12/test/test_sandwip_0084.wav,বিশ বাটত্তাসেরছ ইিয়ার এক্কারে বিরক্ত লাগবো যেন এতুলে যাত সুন্দর আককুল এস্তুলে যত্ন করে ন যাইয়ে ুঅঙকা গিরে নষ্ট অইয়াবো যা গৌগা জালাইয় এচ্ছে গরম মজি
/kaggle/input/regspeech12/test/test_kishoreganj_0130.wav,যে কোনডা ফড়া কুন দাকটাবিত ুননা ফরেছে কুনডা ফরে ছে এদি  এদেরছে ফলে হরেক রকমে ফল এে ে হরেকটা তু ব  কম হ যেটে ফলে
/kaggle/input/regspeech12/test/test_sylhet_0109.wav,ত যেএননো বিল্ডিং ও ডিক আছে হুম আমরা এইতেনা ইখানে কতো বছরে অইলো এনো তিন বছতে যদি থাহে একছাআাগছিজমতা রাহে  ইখানে মালিক কই থাহেগা এহনের মালিক ডিক আসলামস্যাতে
/kaggle/input/regspeech12/test/test_sylhet_0286.wav,কিন্তু তখনো চাকরি নায় অলা তো বাইরা খইলা না আরেকটু কোয়ালিফাইব দরকার ইতা দিয়া বুজো না তো আমি আমার মনে অইলো যে আখেলে আমি যে ফ্যামিলি ব্যাগগ্রাউন্ড থাকি বড়ো ওইছি আমাদের যে
/kaggle/input/regspeech12/test/test_sylhet_0527.wav,গোর্ডিং নর আমরা লেইট ওই গেছে এখন গেতিইট যাইতাম ওসমো এখন তারা হয় যও প্লেইন আছে আপনারা চলে যান এখন তারা সময় নায় এখন গিয়া বইছি মাত্র পচিশ মিনিটের রাস্তা ফরা রাস্তা স্তে ঢাখার ইয়ারপর গিয়া খরমু হুম পঁচিশ মিনিটের যাইবেই
/kaggle/input/regspeech12/test/test_chittagong_0157.wav,ও যেততে যাইবে না কতাআরকি ফাঁচ মিনিট অক নাম ন আইয়্যা এহন আরেকজনে খরদে নাম ন আইবু খার নাম ন আয়বু উইল্লে থর থাইনতক নাইন পয়েন্টত্তর খ াল নোহাইত ফারে ত দিকতুই সু দিয়েন সিসছে ফাতম ইয়্যান  ছিরি
/kaggle/input/regspeech12/test/test_sylhet_0139.wav,নায় কিলাবে ওইবো নাই খন আফনে আফনের বাত থাহে আরকি আপনেরআমরা দিকাইমু আফনারা আমনারে দি খায়া যদি মাত খাইন আমরার লগে বব খরি নাই তে আমরার লাগি সুবি রাখা আল্লা বগল্প করবায় নািা
/kaggle/input/regspeech12/test/test_habiganj_0058.wav,টিকা মা খয় ফরে আমি তো লবন টিক অই দিলা আমি ই লবনে তোঠি দুই মনো মাইজের লবণ দিতো  তরে দিয়া বিক্কা এখন লেখতি বাতি রান্দাই
/kaggle/input/regspeech12/test/test_sylhet_0326.wav,আকাশের জাল ফাইলি এখন জীবনে বই ফাইরখাগতা ফায়না বই ফাইছি না খলা লাগতেছে আফনারে প্রায়একটা  কিচ্ছু লাগতা ানা বই কি নিয়া করতাম ফারছি না গরিয়া জীবনে আসলে আমার ফড়ার মনে অয় অর্থেকে বেশি ওস ফাকার ওই গেছে এখণ বই কিনতাম ফারতি
/kaggle/input/regspeech12/test/test_narsingdi_0076.wav,কয়ে করে পাইতে দা আে দেছ কিক্টিকা শাইয়ে দেছা বা্লাগা ওইয়া দেছে হ টিটি কইততেছুক কর চিপ্কর কা নাই ধৌরজে সত্যি বেলা দিছি তোছ না এইডা মিয় তিন্লা কট্টা তু হ দুডুবেলা দুজাত
/kaggle/input/regspeech12/test/test_sandwip_0031.wav,ধান দা জিনিসটা নে না তোলনামূলক ধরো জাহিদের অনকা বউত অইছে আরও অই যাইবো বয়স অইত্যে অইত্তে বয়স অইত্যে অইত্তে আরও সংসারিক ধান বাহান দি যাইবো বিতরে বেশি কচছিয়া বাজারে গিলা আইয়া গরছিল কিয়া থেম
/kaggle/input/regspeech12/test/test_sylhet_0636.wav,আদ ম বয়স থিয়া করি দে অখনো তিনজন বিয়া য়া ি
/kaggle/input/regspeech12/test/test_sylhet_0010.wav,না টান ফরিয়া কিচ্ছু না খেয়া আমরা  প্রধান বড়িা কাতামন দরচাং বা  প্রধানরে প্রসাত খয় ি ইদি মরবারির ংসরে আমিছি দুইদিন খাওয়া অয় আাকে বই খাতা ওই চাকড়ের খাছে বই নিবেদন দেওয়ায়  খাটটা করলম এইযেলা আমরা পড়াশোনা ফরাও ফরবে পরাল
/kaggle/input/regspeech12/test/test_narail_0014.wav,তারও তো জমি জাতির ভাগ আছে না সে যদি কয় যে আমার জমি যাতির ভাগ দাও সে যদি নিতিহসে আমি তারা তো কোনোক বোনা যে তুই জমি জাতির ভাগ পাবে না সে আসুখ সে আসুখ সে আসে কোকযে আমার এনি জমি দেয়ে আমার ওনি জমি দেয় আমি বাগ হ তুই তুই পালে নিয়ে যা তোর হক আছে তুই নিয়ে যাবি কিন্তু তুই এই সমস্ত কথা বলবি ক্যান
/kaggle/input/regspeech12/test/test_sandwip_0012.wav,আসতি আমরাবা না মাইয়া কী অবস্থা মাইয়া তো হেডে তাইলে গেলো কযা বাতা অইছে কিকু পোলা আরে না আরাইতকি এক্কানা কতা দুই লবজা অইছে মনে আতকা ফরে দিনা মোর বাইদলে কও বেদি যাবেনি একবার যা দিছি যায়া বিয়াতো আইসলোম বাদে আনে
/kaggle/input/regspeech12/test/test_narsingdi_0108.wav,হয় আমতনএইডা ওই তালি সুন্দর করা খায় পতো মেলেল দেইন্দার ইন নাইং নাই আমার এইডারেহি বাল্লায়
/kaggle/input/regspeech12/test/test_narail_0008.wav,তালসেট টাহা তো তোর মাইস ছয়াল দেই তাক পাসে তো ছালদি তে কলাম মাইনসে তো ছাললি সরাসুরি গদি কইসছি  মাইসের চওয়ালরে ওক তো কইয় দেছে আমি টাহা পয়সা বাবার তিরি খাা তে  তুমন বলে এরকম কিছু কই নে তুম নিজি কইছে আমি শুনিছি তুমআমিমাইনসে তো বাইরে ফোন দিছিলাম
/kaggle/input/regspeech12/test/test_sylhet_0032.wav,সেইম এভাবে টাক্করে পূজা টাইমের ভিত্রে কিন্তু আমরা পূজাটা খয় তিতিয়টিতির বিত্রে খরতি অইবু তি জরোন ধরোন দশটা টিম এখটা পঞ্জিকাত লেখা তাখে ও টাইম বি কিনতুজা খরতে অইবো তাবুজা শেষে উলে ওন দিলি দেওয়া খুম অখন জুলি দেওয়ার ফরেও আমরা আবারও প্রসেক্টটা খাইয়া হন দিল য় খরি
/kaggle/input/regspeech12/test/test_sylhet_0038.wav,সবাই একসাতে যায় ওউ যেখন চৌয়ারটার প্যাখানে গিয়া সবাসব হুপতি একসাতে মিলিত লিআবা জটে চোহারটা আছে না চৌয়ারটা না ইো দক্কিণ উটুর মাজে না ফানে খয়া আছি না আংগো খান টগছে অনেকে আমরা ফড়ায় তদর টুকুর আছে
/kaggle/input/regspeech12/test/test_tangail_0077.wav,বুঝতে পারে পরে আস্তে আস্তে হালকা হালকা নাড়াচাড়ায়া করা শুরু করে মানে সেন্স কাজ করা শুরু করে পরে শেউলা কলেজে লেখতারার ফর তার পক্ষের হাসপাতালের খরচ চালানো আসলে সম্ভব হইতাছে না
/kaggle/input/regspeech12/test/test_sylhet_0717.wav,আর মানে ইদুর অন কিতা মানে অলরই  ইদ্দুরাও বিয়া ইয়া আনরা মরা শু দিা া  অনেখবারে অনেক সময় তো মুসফিটউতি যাই মানে ইলানো ওইতো ফারতো না নাকিতা ইরম কিচ্ছু কিতা  তাততো আমরা ছান খইা ে কুনি খাই াতিআরতোর দাইয়া আমরা
/kaggle/input/regspeech12/test/test_narsingdi_0043.wav,ধর্ম মনেফরেন্ডত তো যায় না বরে মায়ে কতাছে বাবা কারেন্ট থায় ওই না তুহ আইফিআ টান্তি এইডা কি এন্না বুঝো না বাাকি মাই মিশতা অনেক ঠান্না উফ্রে গরম দ্যাখে
/kaggle/input/regspeech12/test/test_kishoreganj_0197.wav,জুফা দেতো বাই খয় ফয়া দে তো ফয় ফয়া দে তো
/kaggle/input/regspeech12/test/test_rangpur_0024.wav,স্যারে ওইরকম এর করটে কনাব আইলের বউযেমনে এ উপাখের দে সবাই গেইছে হয় হয়নেকার ছাগলডা পা দিলবো টিসলি কার তর তাদি ওরে নাম া কারকে বয়ের আইয়া হয় রা
/kaggle/input/regspeech12/test/test_sylhet_0240.wav,ুতরকার হুকটাখ অনো নিয়া আমার বায় বর্তী ফরীক্কা দেওয়াইছে আমি ভর্তী ফরীক্কাত ঠিকি ঠীকারফরে অনু ফর্তি খরাইতেওই ভর্তি খরাইয়া হটের বাদি আগে খ ওউ যে বাবিয়া আইতি আমি বুঝছেল ও পিল নাও আমি অখলো বাইযেউ আরতি আর যাওয়া অইছে না ওউ আমার জীবনের লাস্ট বাড়ি থেকি বাইরে আইছিলাম দুই আজার দুই সালো ফরীক্কার বাদে
/kaggle/input/regspeech12/test/test_tangail_0023.wav,কান্ট্রিগুলা অনেক শিখ থাকে ওই ক্রিসমাসের সময় অনেক মানে তারা  শপিং মলে যায় গ্লাভ কিনার  কিন্তু কেউ কারো তখন চিন্তো না দুইজনেই তুরা কেউ কাউডে ছিন্তো না
/kaggle/input/regspeech12/test/test_barishal_0089.wav,টা ন রোম্বা খয়ে রাইবে ও ও দেম া খরিব আর মুা এন্নার আদা ঘন্টা ক  হে  া থাকমু হেইও তিন ঘন্টা হেই দিবনা তুই তা খা  খ্যয়ত খাবি হেনো ভাই  খাইলেই দিমু হুম্মাক ক
/kaggle/input/regspeech12/test/test_rangpur_0067.wav,না গো যাই দাওয়া কিচ্ছা োদাই ডিম ডাইল আবার ফির ভর্তার কত্তা মাথ আতে হে ফোন দিয়া তো ওই ডিম ডাইল
/kaggle/input/regspeech12/test/test_sylhet_0207.wav,আর টাম বারে ওতা দেখটা আর বাবিন আপলতো গরো তাইক ফারতুন আমার ইতা কাজজ খরা লাগতো না তো জীবনোমনো বাবতো যেই ফুরি ইগু  বাবিরাবো বয়া বয়া খাওয়া কাজ ফারতো নায়  মানে অনেখের ওতা করছিন তাখো
/kaggle/input/regspeech12/test/test_narail_0144.wav,েকি খয় তানে চার বানি শুন্ু যাও বায়নি মা আমার গযাছা আআমারে আমি ওরে ইন্ডিয়া যাওয়ার সুময়া আমারে দগ্যান্টোপলব দি ওয় যছিস
/kaggle/input/regspeech12/test/test_sylhet_0059.wav,তলা ফরদল মারা অর্ন মারে আনতো অইলে তো গাড়ি লাগে অ বাইতো ওত্তুকফর ফাইও যাইতা ফারবি এর খারণে ফরে মর তাইযে ফাইনা বইনো গাইরে মার খাওয়াইতো খাছে ববায় দককি নিয়ান তাকতো দিত আমরা ওর অনে খষ্টা রাখি গুলা খওয়ার মতো নাই আর ই্তা খওয়াত নাইগলে তাই খান্দা
/kaggle/input/regspeech12/test/test_sylhet_0274.wav,তো এক্স সেমিস্টার যাওয়ার ফরেও সেকেন্ড সেমিস্টারো আমার ভাই আইয়া ফিলা যে প্রাইভেট ফড়াইতাইনি তাার অর্থ ওইলো গিয়া ভাইনিকফ আমার বই কিনিয়া বা আমার যেয়ে ফরছ রু দিয়া বাইউটায়ার   তাই নিজেউ তা যে স্টুডেন্ট
/kaggle/input/regspeech12/test/test_sylhet_0254.wav,আফনারার বইনের সুবিধার লাগি আমার বইনের অসুবিধা আমরা তৈরি না তাই যেহেতু ও আইে ফরীক্কা তো বালা রেজাল্ট খরি লিছে আমরা দেখি তাই আরেকটু করতো ফারে কি না আমরা আরেকটু দেখিলাই মানে ই ধরনোর বুফ দিয়া আমার বইলে লাইফটা মকটা খরলাগো ইটা ইটা তাই ঠিকলেও তাই ফরাএকটা বন্ধু ওইয়যউ
/kaggle/input/regspeech12/test/test_narail_0065.wav,ওই জমিরসেই তো ওই জমি দাগে এই হেনি এট্টু পাবে ভাগে পুতলি ম ব্যাফারে সবাইরা বোঝে না বোজে আমে আরে দেখি পরবেনতোতা পাজামের দাগে ওই ইট্টু ওই জমির দাগে তা পাচটা কুনডা দেই ওইে  তালি তো ওই দাগের জমি এই জাগা
/kaggle/input/regspeech12/test/test_sylhet_0006.wav,িয়ে খলা নখে মানে ইটা তো লে আলাদা র নেয়া ওটদেওয়া আমরা উঠিটাই  দরাবন্দ তোা
/kaggle/input/regspeech12/test/test_sylhet_0044.wav,তাকজ কলাম বার খরিলাম স হুতু ইডা খন দেহাত ফরে  এমনে করমোর বাই নে আমরার সাে র এমতিপ নি আপনে া  ব্যাংটির এনত্রিসটরে হ্যা খই তা খই পতো বসা আছে বাসাত নে তাই
/kaggle/input/regspeech12/test/test_chittagong_0036.wav,তালবুলি ফরিক্কার ক্লাস অইবে না খেল উটবি অডি আম্মা অত ঁরে ফরিক্কাত ভালা ওগ্গো ফোন কইরলে আইফোন লই দিবু এেলে আইফোন নাই ফোনের ট্যাঙ্গোল জি স মু ওকন ভাই ঠু কোইন তাই নিয়ে সন্দ্যা হগোইন
/kaggle/input/regspeech12/test/test_sylhet_0443.wav,নিজোর বাসা নিজের বাসাত কিন্তু বাড়া টি ঢুগবাইয়া আমি আমার যে টিনটুম আমিও আমার ড় বাঁছটা বাড়া দিছি খনো খনো নয় আজার টেখা বাড়া নিয়া অন্নত আরো টেখা ফুরাইকিন্তু নিজোর বাসোত তাকে নিজোর বাসত থাকি ইমনো আমার বড়ো জাল আমার জামাইর বাই বরোজন তাইনো বাসা বাড়ার তাখন তাকলা আবায়
/kaggle/input/regspeech12/test/test_rangpur_0029.wav,কাই কিরা তোমার দাঁত লাগল এটাতা ঠঙকেতো দিছিন হ আগে তো ক আগের ওটা টে আছিল আলাদা সকাল বেলা ভোরে মুখ ঘসতে দাঁত ঘইসতে করতে বলতে লুলতে যাওয়া পতে একবার সকাল বেলায় া
/kaggle/input/regspeech12/test/test_narail_0096.wav,ওসখাতে যতটা কথা হয়ছে তা আমার সাথেও তোমা তরকো টা কথা কোনোদিন হয় নিই একটা উদারণ মনে টা উদারণডা খুবই বিস্সিরি এবং বাজে বাজে উথাক তালি তো দিতাম ওখন না অইলে দিতিস ঠিক আছে তাইলোর দরকার নাই
/kaggle/input/regspeech12/test/test_rangpur_0122.wav,কর্তা খান না পর্তা ডাইল শাগ পাঠরা শাগ হ্যা আর শাগ হ্যা নেইট পাট শাগ আনিম হ পাট শাগের যে দাম হু হু
/kaggle/input/regspeech12/test/test_sylhet_0166.wav,আর বাড়োত কম ওতলো না না চাছু চাামিলিটারি ুও কম পড়িয়া ওল্লা ফা  রে তসিনমাইডে ফাতছড়া পিলা র উকুটা এইডা কম পড়িয়া  আারি  না ফড়ি িক জান মোজ পইন্ট তাই
/kaggle/input/regspeech12/test/test_narsingdi_0026.wav,শান্তাছে এক শান্তর ইয়ে দেখ কতো সুযোগ দিলো এহন যায়া ওই প্রমণ করতে যে না ওয়েক পারে লিটন দাসরে দেখ কত ট্রল করলো কিন্তু এই কত এক দেড় বছরে সবচেয়ে বেশি রান লিটন দাসের বাইরে দেশে দের সাতে পরে এহন তুলনা করাইতাছে
/kaggle/input/regspeech12/test/test_sylhet_0410.wav,বাফোর বাড়িব আত্ছে পাই বোইন মা বাফ তো বাফ মারা গেতো আজকে তাইর বছর রইছি আঁরোবই নানো তারা এখন দাখা য় ও তারার খছুল ফিলি গেছে তারা যাইত ছা এ গরোনি সবের স বাই বড়োনা আমার এখজন আছেন বই বাইরে তাখোয়
/kaggle/input/regspeech12/test/test_narail_0040.wav,সংবাদ ছাবু না না আমি ওবা একটু ক্যাশিন মাত থকিনাল বাি ত সহকারি কে কমাছাবে জাগাউরাে দু দা খলের  রে আরকে বিয়া দেহে
/kaggle/input/regspeech12/test/test_rangpur_0027.wav,ওই সত্তার খারা আইছে নাকারি ঘর আছে না আমার নাখারি বলতে হরো যত ঠাকাই সোো তো যতনন ভাড়াই আগে রা না আগের মরাফি র আছিল  সাপির ঘরে ছাড়ায়া যাি  না খারি ঘরবা অনে ক্য ক কা ু নানা আগ দিন পরি কি িলা নারে ঢাইক্কা গুলা
/kaggle/input/regspeech12/test/test_sylhet_0738.wav,আচ্ছা তে আফনে খইন ফপ্টি ে সম্প্রতি আন কন্যা চম্তাদান করোইননি ইডা মানে আত্তেনি অন
/kaggle/input/regspeech12/test/test_narail_0172.wav,আছের আছে বালো
/kaggle/input/regspeech12/test/test_tangail_0103.wav,ফির একটা লাইন আমার অন্যতম একটা প্রেবারেট মুভি অর খালি লাইন ডার্ড দিলাই গাইয় যায়া সাত সালে মুভি আমি মাত্র দেশটং কয়েকদিন আগে তো তো আমি যেই মুবিগুলা  মানে ফরিষার করলাম এ মুবিগু আপনে চাইলে দেখতে পারেন
/kaggle/input/regspeech12/test/test_sandwip_0113.wav,আর হিয়া তো অ তুইকা মাইা অইয়েরে তোন কিনাই কইরাম হানি ল ত হিয়া গোল আর কিনাইয়া হোলা নয়ি মা খাই না কতা ইবো হোলা দেহাইয় যা্তে আইয়এ গছে আরে নতুন শানতি লই যাতে বাই হুতান বিছে নতুন সাইটের লই বাড়ির মইদ্দে আরও বাতছে বদ উোলাতে ভেগুন লোল হে টেকাডিখারি ফুডে কয় দিনই বেইজজা কয়দিনই হাকগিনের বেইজ্জা এরেকদিনওই বেইজ্জা এবাব ডেঙ কাডা দিতে মাওটার পকেটফান
/kaggle/input/regspeech12/test/test_narsingdi_0003.wav,কাররেখা কারে্ সুযোগ দিবো এটা তো ইন্ডিয়ার মতো হয়া গেলো আক ইন্ডিয়াতে যেমন একটা প্লেয়ার একবার বসলে আর খুবসজের দলে ঢুকতেই কষ্ট হয় স রকম যতোছ  বাংলাদেশ ইদানিং তো ভালো কবটা টো না সবাই ভালো ভাবো এ মাজখানে শুধু অই আফিফ
/kaggle/input/regspeech12/test/test_tangail_0011.wav,এই সময়ডা আসলে আমরা সবাইতা ইরকম একটা সময় যে আমাদের ক্যারিয়ারো ঠিক থাকঠিক থাকছলুক আবার বদিে লাভ লাইফটাউ বিখ্যাত্জলুক যাই হোক কুইন্স তখন একবারে জনপ্রিয়তার তুন্গে কিন্তু ক্রেডি মার্কিউর নিজে বুঝতে পারলোস সে মানো
/kaggle/input/regspeech12/test/test_narail_0076.wav,াতো ওইছে মরাি তা ওনার কি ওরার তো কোনো কিছুই তো ঠিক নিছে না তল এট্টা ফ পল এট্টা ফাক বু  টাক  গাফা ঘামি কুটো মাইয়ে দিছে মায়ে গেছে ছুটো হয় ছোটো মাইয়ের ওইযে ক্যান্সার ওই থে বুকি
/kaggle/input/regspeech12/test/test_kishoreganj_0165.wav,ললে ডা নান গাঠ হচ্ছে গাছ পালায় গাছ পালা ইপ্যাদির উপর বিন্নুবিন্দু জমি থাকা পানি বা কষি পানি বা  কিষি চায় কিষিবাজা সকাল কুনছিনালিমে তা না দি
/kaggle/input/regspeech12/test/test_tangail_0048.wav,ওইতো মানে ইয়ো করতে পারি হিনসরো ওইয়ে যাইতে পারি ফরে এরকম করতে করতে পীরফান খান রাইতে থাকা অনেক টেকনিক থিখে ওউ মার্ক নিয়ে া সাগর থিকা মাছ ধরে ওই মার্ক নিয়ে
/kaggle/input/regspeech12/test/test_narsingdi_0085.wav,আমি সবসস্টের মধ্যে বাইতবাইবা ঘুমায় হুনেছ না ফরে একচুয়ালি মনে অইলো ইদের দিন কেনো প্ল্যান গম কেমনে ইতের দিন দো বাপ মায় কোনো ফাই লইয়াই যাইতো ছান আবারে আমরা দুইডায় য কোনু যাবি বাই ফাঁচ দন আরকই জাগা
/kaggle/input/regspeech12/test/test_chittagong_0001.wav,বাড়িত তে এইরকম ওইরদি ইটা আইলে ন মাত হিয়ার ফারে না তো র গিয়া গরিয়েরে   এককা একশন থিকা এগারো তো য়া আগঅনেকে দেহিলি মাতন ফরে এক্কানা বেড়াই ধরম ফরের খারণ
/kaggle/input/regspeech12/test/test_sylhet_0448.wav,ো তারার ফ্যাকে  আম আস কর না  নাম খালি দেই বেডি তারা কিকা খরনা আমার আমার মেয়ব পারতক মানে আমি তাখোর ওইয় া টা কিতা ন াটা  তারফরে আমার একটু টেম না আর আমি এক লাখোই ফিটি খতা খনা মানে না শেখেলা মানে দেখতাম নায়
/kaggle/input/regspeech12/test/test_tangail_0109.wav,তার বোনের লেঙ্গা চাইত তার কতা অয় যায় না কিন্তু ওইটা খবরই দেখি নাই এখন টা ফেসবুকে থেকতে মটা কতটুক বিশ্বাস যোগ্য ওটা বলতে ফারি গি তদেরকি মনে হয় যে ইদের আগে ইকানো আগুন লাগে সবসময় কলতে পারেনা
/kaggle/input/regspeech12/test/test_sylhet_0306.wav,বাদে ওউ তাইন পলেট রাখার ইয়ো দিলা আমি তো উচ্বলা আছি আমার এখন টার্গেট ওইলো গিয়া খরাতরি হোস্টেল থেকি তাইনোর বার্তাত যাইমু ইসময় অইলো কুরবানির ইডাগেতি বাড়িত বাড়িত যাওয়ার ফরে
/kaggle/input/regspeech12/test/test_narsingdi_0089.wav,দরজা লাগাইবিন বাড়ে প্রজুদমনু কাও বেশি দরজাম না দরজাও বাননে লাগায়া জানলে লাগাইয়া উপকার ফাওয়া যায় কিছু ইমিন থাকবি দে জানলা বইন জান্না লাগাইবা কি ব হন যে এই ডাআম্নার ফাগবায়া চিলাইবো হা অইনামে অনেক ড্োরে কইরা গইরে করা কারে যেমনা কদে ইয়া গার্ন মাজানি শুরু করবে
/kaggle/input/regspeech12/test/test_tangail_0097.wav,তকিনা কখনতকিনা ওই রনবিট কাপর রে কহন ওয়ারর ফ্রেন্ড হিসাবেই দেয় সবসময় কিনা তাও আসাত তারে না হতাৎ একদিন ইমান আসে তো কিনারে ইমানে কথা দিছিলো যে ই বীজ দের ইখানেই আসবো ওইখানে একটা বিজ আতে
/kaggle/input/regspeech12/test/test_sandwip_0049.wav,আইচ্ছো ওই ইন্দিতা হরেক নাকি ছটা তোমার কাথর বুঠ আম্মার কইততাতা নম
/kaggle/input/regspeech12/test/test_kishoreganj_0177.wav,দততোর লাল রেট তঅহান তো কল মলা খালা অঅরেং যততো কমে লা খাার অরেন যত্তো কমো লা খালার অেন যত কমে লা  অ ততে কমো লা খালা ওতত্তে ককলা খালা
/kaggle/input/regspeech12/test/test_narail_0138.wav,আগে আতো ইউরোপে ইউরোপে কোনো একটা হিসাব পাঠাবে সেডা বল ইউরোপে না যাওতি পারলি শান্তি নাই দুবাই তগিয়া খলবলতে মাস মাস গেলেওইে দুই লাখ টাকা বেতন আসবে থাক থেকা আট লাখ টাকা খরচ হইবে যেতে
/kaggle/input/regspeech12/test/test_comilla_0019.wav,কেউ না কেউ ছিল কারণ ধোলনাটা আমরা যখনই যাইর মানে এক মিনিটের জন্য ফ্রি থাকে না বাচ্চারা সবাই কারাকারি করি কেরপর কেউ উঠবে এহন কারেন্টের সবটায়া কোন মুহূর্তে লাগে আবার রুহি যখন যাইয়া ওরা স্পর্শ করলো যদি ও সরা কারেন্টের ইয়া থাকতো তালে তো রুহিরেও কারেন্টের শর্ট করতে উিও কারেন্টে শট করায় নাই
/kaggle/input/regspeech12/test/test_sandwip_0008.wav,হ্যা কালে দালি হাতকে জিরু কত্তো ভাবি আ দে মনিম্বা ভাবি আমর গানেএটটো কথা কবো গি আলো ভায়ে মোবাইল িল্লা আইচ্ছে লা গোছা আসি গগিছেগে আছইন একবার লই গছে কক ক চাছন ওইরিদি গেছু বাু
/kaggle/input/regspeech12/test/test_habiganj_0014.wav,বড়ডা মিলারে ওতো বোদর ওইদা আগেডা তাকো কি ারাশাাইডা মাততো মাইত্তে নাই া থাকে তান যদি  কডার ফরে এইডা আমরা দো হিন্দারে মাইনকা না
/kaggle/input/regspeech12/test/test_sandwip_0081.wav,এমাইয়া আর কি ইকটুঠাহরনা ভাবি আঁেজন অইছে আর ছাওন লাইগবে ন ফর ভায়া কইনা য হ ফরিই গেছে চা নাই বিততি ইি নো কিচ্ছু দেখবু চানা মা দিল্নামো
/kaggle/input/regspeech12/test/test_kishoreganj_0195.wav,কিতানো টিটানো একতো অঅনেক র বাক খুলো েগা বালি ফরিক্কা দিলাম দেও চক বাতা আয় বান ঘুইরে বিজজ জকর চক বাতা আ মান্স গুইরা কি তঅন ক
/kaggle/input/regspeech12/test/test_habiganj_0017.wav,কেডা যে মউত্তো রছান বেডাছে  বেডার খন্ডো দির ফর ফর তিন পুলার  হি আল্লায় ইটা ওয় রেকর বাবান্দি গ্রামো মা মাইনষে ব্যাংকো টেখা দো ফাড়া বেডা দি ফোলাদুর বাড়িত লাইছে বাসা তা
/kaggle/input/regspeech12/test/test_sylhet_0215.wav,যে ক্রায় ছাতরোজ্রামুর মঝে প্রচুর ওউ ফুরুষ্নুক আছিল যারা চাকরি খরতো বিবিন্ন লেবেলের চাকরি তারা আর দরো কুটটুল চাকরি খরতা খয় ইস্কুলো চাকরি খরতো বযসাবাড়ি দি ক কিন্তু মহিলারা দেখলাম যে কিল চাকরি জিবিরায়সব ভাউজর কও ভাওজায় আমার
/kaggle/input/regspeech12/test/test_chittagong_0066.wav,হ তা খাইয়ুস না কিছু হ খাইতো থি হাইয়ুস  খই ইদির টিবৃষ্টি ফরের না বৃষ্টি আইয়েরে ন এমন এগলা গরি আছে ওউ
/kaggle/input/regspeech12/test/test_barishal_0027.wav,এই এক ফির ওইটাম পরসি মোর পোলারে তুমার মাথ আয় মুই মনে কন মাথায়আত দিতি পোলা যে বাইত্তে আছে এহন দুই পিরে এক ফির মিজ গেছে এই দুই ফিরির্ডা একশোডে ছাড়াই দিছে না খায়াগাইছেন ওই ম্যাট্কেডা বেও দিছি ও রচাদিছে মাইসে দিছি
/kaggle/input/regspeech12/test/test_comilla_0028.wav,যেদিন মারা গেছে ওইদিনে ইউনি ম্যাডামের সাথে উনি বলতে যে আমার মেয়ে তো চলে গেছে এখন এটা আমে আরো উপরে কোনো অভিযোগ রাখতে চাই না এরকম বইলায় উনি আর কোনো এটা তদন্তের জন্য বা অভিযোগের খাতিরে বা কোনো কিছুর ইয়া করেন রাখে নাই
/kaggle/input/regspeech12/test/test_tangail_0072.wav,এরম চলতে ছুতে প্রায় এক বছর করুন দাঅে আর আর চাকরির প্রতি অর হুষ নাই মানে ও সবসময়ওই কেমনে ওই শেউলির কছে যাবো কেমনের সাথে কথা খবোর কেমনে সিনসপরিাআন্সবো এরকম ভাবে আরকি অরলাইন চলতেছাকি
/kaggle/input/regspeech12/test/test_tangail_0009.wav,আগায় যাইতে থাকে তারা বড় বড় ডিইল করতে থাকে নতুন নতুন এনগলাম্বার করতে থাকেকুইনসে একেকে পৃথিবীর বেঞ্চ যেটা থাকে একেকে পৃথিবীর বিভিন্ন দেশে কনসার্ট করতে থাকে
/kaggle/input/regspeech12/test/test_chittagong_0058.wav,ডাও হযালো কেন আছুস এইতো ভালা আছি ঠিকান ছই এইতো ভালা কি অব্দে এহন আঁই এখন বই আছি তুই কীরয় আইয়ও বই আছি
/kaggle/input/regspeech12/test/test_barishal_0017.wav,এহন আপনেগুলা খায় না হেই খয়  পারছে কি খুহ ওইটুক বসে ফাইবে কী কনে ইলে মাই তাআরো আহে পাহে খাওয়ানের চেষ্টা করতে হইবে আর আমার ওই হোম মিনিস্টার খুব ছাল লোক িতে আাজকের বেলায় না খাবে ত ভাতত ছাওা বয় না
/kaggle/input/regspeech12/test/test_sylhet_0106.wav,বইত্তার লাইজ্ঞা রই যাই ত কুনু বাইতো আমার কুরতে না এরার খাম করি খেয়াাত কইরা খরতা খু অহন বিক্যরা কেন থায়ি দেই নাহন আমি গরো বার আটকি দেকবি ঘর বাড়াদ দোকান বা খিদুডা দু জিনিসের লাইজ্ঞা মাসকিট আইমো ফারতাছিনা
/kaggle/input/regspeech12/test/test_sylhet_0616.wav,আরকে আর নুহা ওতে মজনু আংকেলের মেয়া কটুটাম হুম  মজন আংকেলেরও বলে ্রাফরের গেলো ও হুনছি বিহানি বাজার বলে আমরা ডাখাত ছে াতা আঙ্কেলের যে পাও বানছি জাুছি ও অয় অহন প্লান্টলে কিতা করছারা আকেল াআকেল র মানি গরো
/kaggle/input/regspeech12/test/test_sylhet_0503.wav,ইগুদুনিয়ায় ফালা ওইয়াই তা জানা ওআমি ঝুল খালি দালায় গ তরে আর এগুন তোটি গাসাত লইয়া যে ইিরাম না মায় বাতুইল্লাও তুনিা বরে বাবা খম তাগবো তন তা না  তাইনে আ খন তনত হইয়গাযে ইগানো মায়া খাে ফানি ওইয়া কিনু তে ক ইয়ো ম বিটা হাইবো তুনি বালা অরলা ইরে খরু কিয়া খরলামম জগা আদব
/kaggle/input/regspeech12/test/test_sylhet_0421.wav,মানে ম্যনামওল আনি বড়োর থাকিছ মানি যে আমি ফারমু লইয়া আর এর আগে দুনিবার দিন বাদফর খরছে আমারে ঢাকাতি বারো ঘন্টা বারো ঘন্টা ওবাদফন খরছে কিন্তু ভুলওবাদ
/kaggle/input/regspeech12/test/test_tangail_0100.wav,এটা বুঝা যায় মানে এডা কি ু এডা এখলে অনেক সুন্দর একটা লাভ ওয়ান্ারটলাম তো এই ছবি তাকবা লাস্টে দুইটা লাইন মানে লাস্টের ধইরা লাইন আছে খুব
/kaggle/input/regspeech12/test/test_sylhet_0082.wav,য়েরি আরা কিলা তানা ওটোদিন ধরি আককা জানি াাত কছরক করি বিতানাতানতাত এমনা ইলা কা ইয়রিয়া এমনে ঠিকটাক বালা এম্নে বালা রাগছে আমরে যাতির খতা না তোবেও আইতে ওলো এখন অলা খছে ুমা বাড়ি খইজান খইছ নে র বাড়ি অইলো খেলাইে াইলে আমি ওইলা তে আমার এরক বান্ধবী আখছে
/kaggle/input/regspeech12/test/test_sandwip_0109.wav,হেতে  হুলাদেহাবর ক্কা ে  শাহি্তেরে দেখতু দেয় তাই ওগুনেরেতো দেই ন শাহেতে বিয়া দেখতি না হেইতে অন্য অন্য মাকরার রাইজ এরকম চা হুলানি রেখেরে বইয়া এেকতিো হেতে লেকু আরলেখা ফইরা হইতে অইবোা একদ মানিম তেচার ভিডিও অই হরায় ক
/kaggle/input/regspeech12/test/test_kishoreganj_0152.wav,বাঙুাগ বিরেত দেহে পগবাইগ মতো পরে দেহে প্রায় নসৈবাগ পানির অগডা দেহে প্রায় বাকনা ইরম  হয়
/kaggle/input/regspeech12/test/test_narsingdi_0035.wav,এডাওন অইছে একশো চল্লিশ টাকা ওনের দাম বাইরায় গেথাগা তক বার রও দাম বাড়ছে কপাইেমেরও দাম বাড়তো বইন পো একবারের দাম পাঁচটা বার তুবন ফাচছা অনেক কিছু অনে দুল একবার আরতাম গেলে অনেক
/kaggle/input/regspeech12/test/test_sylhet_0476.wav,গুর মার নানি ডাইভারো বো তো সাস্ক্রিপ্ট ও ঠিক নাই ছারাটা দিনে খয় টেখা ফা তা খয় টেখা রুজ্জি খর ধন খইয়া একদিন আগে ইটেখাফাওয়ার বিজেইলা নাই যে বাইরে এমরা অলার খইয়ার না ওলা খইয়া না মরামি ওখরাকয়ুনো মা িলমো হাব্বদ বেশি
/kaggle/input/regspeech12/test/test_sylhet_0084.wav,তাইর লগে মাতো বেশি তাইমন  আমার অনেক কষ্টে কিন্তু আমার খারণা তাইর পড়াটা নষ্টে আমি মাননি খারণ তাইর মা এমন বিচ্চাস আছে আমার উপ্রে আমি যেদিন বর্তি ওইতে তাই বর্তি ওইবো আমি যদি না ওইতে তাই বরতো তাই আমার বাবার এটুমা পাও ভাঙ্গি গেতে এখন আমার আর ই ভাইয়ে মাত্মার বইনোর বিয়া ওইতে আমার বর্তিত সময় বাবারো পাও ভাঙ্গতে কুতা ফারনে বাই আর কুনো খলেইয়া খরতা ফারোন এখলার তো বাই তাইছা আমারে পড়াবন্ধ খরে কষ্টা ামলগে উপরে করবাইবতে ফড়াআর খাম নাই
/kaggle/input/regspeech12/test/test_habiganj_0069.wav,হায়ডার আলী বদরোর নাযে দুইটা ও বদরুল লাছা কোন দিগে ওইডা অইলো গিয়া কিতা করে ইডা অনামিকা প্েন্টারল লাতে না অনামা পেন্টারে ইপেডোরো ও একটাাঅনামিতে নাম দেখলি দোে ওই যে
/kaggle/input/regspeech12/test/test_sandwip_0089.wav,ইন ও না কি অবোছ তা  জস্অন আবারে ক গান যেকভাইতা কি সুগস্ত কি লে পল গে অন কাইছে তাইল্লে দুইটা অইলো  াকিদ  নিদবা পেন্না
/kaggle/input/regspeech12/test/test_sylhet_0318.wav,কলেএক টুসুখ আমার নিজের যেগুলা বখারি বাখাদি ওতা আছিল সিঙ্গেল লাইফে ও সিঙ্গেল লাইফের ওতা আনিয়াও কোন জুগার লাইফ শুরু খরটি মানে বাফের বাড়ি তেকেও কিচ্চু দেওয়া ওই খেলা ফ্রকরুর বাড়ি থাকেও কিচ্চু দেওয়া ওইছেনে দুইজনও মানে ছাত্রর মতো অবস্থা
/kaggle/input/regspeech12/test/test_barishal_0029.wav,কালে এইনাত না কয়ন্না দাখা  রেকবারে আরলাম না  এা টানফিটসা ঠিক অইছিলাম এ ধনে ফ্যাপ হবার একদিন গা আমারে কবি জিনসাব যে আরো তিক লাগ আমারে কথা য় ওর আমি খায়াল তরি আমি ওনাবার কাইলকে আনসি তাপর
/kaggle/input/regspeech12/test/test_kishoreganj_0041.wav,হেয়া উঠি না হ্যএই নিয়া আমার ছের
/kaggle/input/regspeech12/test/test_kishoreganj_0168.wav,এবাসপর তেকে বলে বাসা দেকে বললে পরজত ওয়াকে বনিবন উনণত হকে  পা তককে গনিবন মত আমি মপডা  নালিমের ডাল কুতকুপেলা া্ পতত ওকে গনি বন বলে বাসে থাক তে পর্যন্ত অকে গবন বাসা থেকা তে ব্যনত হ কে গনি
/kaggle/input/regspeech12/test/test_kishoreganj_0061.wav,ফয়তে ফবাত গেছেন আয়ে হুদাতে না হইবা ফ বইড্ডা াগে হইড্ডা এইত তরার বাব তরার বারা আমার বরা দিয়া হইয়া দেয়ে তর ফিরে তরর ভাপ তা ব ছিেত বাবা তর বাফের তর বারে না ব আগে মন উটি অইনে
/kaggle/input/regspeech12/test/test_kishoreganj_0016.wav,ও এরফরে হেই রাসতা ছেন যে টা মলো দে এডা ওইতাছে হ চলতাছে মানে করতা আমি এ কইছি যে ইড বারে তেতে আগ্ডা যাতেন ে এই রাস্তা কইরা জাবডা কি  তলরে ইয়া হাইট্টাগার লাগা দুই টিন না বালো দে  ভালো অইলাত অইবো বেটায় হহন  দুই লাম বাই হরে দুইলাম হইলা কত কত দিছে না বালো হ্যাঁ তানি তো ভালো দিছে না
/kaggle/input/regspeech12/test/test_habiganj_0067.wav,ধান তাইকলে টিকুই বাসাত চেইঞ্জ অয় না যেমন টিকেটের আলাদা একটা বাসাও একটা টান আি তালে আইচ্ছা আনাদের হবিগঞ্জ হবগঞ্জের মদাইপ্রাইভেট হসপিটাল হয়টা আছে যেনো
/kaggle/input/regspeech12/test/test_kishoreganj_0118.wav,ব্যাঙ্কে দেবা দয় ফাল মারে দেহ জবালা ফারি এমনা গ্াছ একবার ধাওন কাইবো ব্যাঙ্ কাইল যে ফাল ফালা জালা বাংগে দরি না কালি ব্যাংকের ফাল মালা ফাল মারা কি কা এই গাছ শুরিং কা গাছ ফযাঙ কা ই কা গাছ কা আগে আবার এই গাছ শুরিঙ্গা কা কেলা  ব্যাে িক ব্যেঙ্গে ব্যাঙ্গারা কা কেলা পাফের বেযঙ্গাইদয়া কা কেলা পাক  তারফরে এভাবে খাইদ্য শিঙ্গল এইভাবে খাদ্য শিং্গাে নিতে কোন খাদ্য শিঙ্কল সট্টি কা্যে যে বুইজ্জা ফাবা
/kaggle/input/regspeech12/test/test_sandwip_0009.wav,এডিক কেল্লারে কবুরা কালানি  আকতার বুঝানা তো কি কইতে পাইরবো এ ভালা কী অবস্থা ভালানি ছাততলডাতোর বযকে যাবাইতাম দিলি খরিদেখ দিবে
/kaggle/input/regspeech12/test/test_sylhet_0206.wav,তেরো চৌদ্দ বছর অই গেলে তারার গ্রামোর মানুষ তারও বিয়ার লাগি ফতোমানুষ খইন্না দেখা তাই খইন্না দেখাত আইলে তে খইন্না ফিটিয়ে হাডি টাতেই মান যাইতা ফারোইননি তে গোর লেখতা ফারোইননি তে
/kaggle/input/regspeech12/test/test_sylhet_0692.wav,ফেলা দুলায় িত বড় ত খলতামর বকটা কাহিনী আ ছকাডা দেখ প্ামন ডাওন খরতামন ওইতো নয়  বাইতাইছি ছাগা দুটটাম  খঅখন তো বাইতানকে বাইটিডিটাদি ফা তখন তো অনফার্ক টি আছে ওতততাুপারটিবা অইলো খম আছিল আমটা তো ফেলা দুলাও খরতাম দেখি হল যাওয়ার সময় তো গ্সকিসছু থাকি আইতো ফেলা দিলা খরতা স খাইত রবাম বছি মতো াা
/kaggle/input/regspeech12/test/test_kishoreganj_0179.wav,মিনি হ দিছ না অততে কমলা অহলে কমলা গাল হতে কমলা কালা ভি কমলা কালা ব তুমি যে বিথফল ভাড়ে বিচ ইি বিচার  আল্লা া
/kaggle/input/regspeech12/test/test_tangail_0089.wav,কমপ্িট টজন বাদারকেউ নেই এই ছবিতা আরেকটার বিষয় অইছে এই ছবিতা আসলে মানুষ তেমন নাই খুব অল্প মানুষ নিয়ে সুবিধা মানে মেগ খরাইছে আপনি পুরা ছবি দেখলেও মানে হাতেগুনা মানে দশ জনেরও মনে হয় কম মানুষে নিয়ে সুবিধা মান
/kaggle/input/regspeech12/test/test_kishoreganj_0087.wav,ছুুাি না আলিতি খাইয়া থাইকি ন্া হেদি খাইতে মিষ্টি লাগে কেগুন লাগে খাইতে হমতই যাইবে কেযা বালায় লাগছে চছঅহনি ফিশ ইয়া ওই কিনা ক
/kaggle/input/regspeech12/test/test_kishoreganj_0025.wav,ঘুরতে করতে হয় যানি আর আমার তো এক্টা আইডি কাইজার লাইজ্ঞা তো অনো ঘুর তাততি এই সংসোদর লাইজঞা পুষ্ট অবিশেষে লক্ষ্ে এতছে ফাহহান দিয়া এমুন ভুলোনি কয় আমি সব করেযে সুন্দরি যা ত এইডা ভুলবের এ যাগাতে ব্যবসারে বুজ্জোন
/kaggle/input/regspeech12/test/test_chittagong_0062.wav,ফায় ভর্তি অততে ফারিবি এহন্দো তোমার অইলিরিছাফার ন দিইতারে ওতুম লম্ব রঅবু যে না অইলিতুই কলেজের মদ্দে ভরতে অখুনা ফারি ভিত ও আইতা হন্টা হাট ক্যাংগবু
/kaggle/input/regspeech12/test/test_chittagong_0152.wav,আনখিয়া আলিবো আরানছিরে হর তো অনে ক্েমনে ক গ ত মাে আর াখগালাদা আন তার দাত ঢুইক্কা ছিনছে হয়নে গেয়েল না ক্েনরে হ চান্জা ফাড়ায় রে গে এততুন  ধইরাইরে গে
/kaggle/input/regspeech12/test/test_tangail_0024.wav,তাপর দুইজনেই আবার একই সাথে গ্লাভ পছন্দ করে যেডার আর কুনু কপি নাই মানে জোনাথান বলতেছে ছারা সারাদে নি্তা র সারা বলতেছে যে অন্যা থানে যেনিতে কথা তুলতে ছালতে একসম
/kaggle/input/regspeech12/test/test_sylhet_0713.wav,রা কুন আলাদান তা এমটি কইরা দিতি মানে ম ওনা আফনারা করছিন কইরাইয়া আমরা মা তা আমরা াাা আমরা লাগব
/kaggle/input/regspeech12/test/test_narail_0034.wav,উনি যদি নি পারে তাসি টতা খুব আই রানে এলা ফারি ে আমার ফাওয়ার দরকার নাই ওরা না তালি গলা হয় তাই তুরা হাম ভলো কেউ চাকরিডা ফাইস না কিতু আই দ একদিন হা উরা তোলিল কর্তি না ততা বেট্তি হরবে
/kaggle/input/regspeech12/test/test_habiganj_0012.wav,ানিআমি আরকে মানুষের মাইঝে একটা খামুড় দিয়া সেইরা ব্েটেব অবস্থায় তেএল্লে গেছা বাই দাখামু লাগেন বারো
/kaggle/input/regspeech12/test/test_barishal_0081.wav,চলরে সবার তো এই দিি করছে ইয়া া দি কষ্টে  লইয় গেছে নি দারাাা  পর  কষ্ট া ডিডা হেগরে আবার ঠান্ডা টকানে পাও অইগো হে মোর কথা কেইয়া হইলে গ্যলা তে হেইয়া বনজি আরা দিকন দুই দিন তি কেলেলো ও আতো বরাজান দিলে হেগো কান টা
/kaggle/input/regspeech12/test/test_sylhet_0179.wav,ফরা তো রকম টালা েছেকিতা মউঠটার আসকি খয় ইতা বউত সমহে ন র খতা   বরুখ বড় ইনটামও বর  ত বুইচ্ছে আল্লার রহমন কনা ক স খমট কয়  যেমনে  ফরালাইন আরকি
/kaggle/input/regspeech12/test/test_kishoreganj_0008.wav,তে কুতা কি আহ তাাপ্ল্যাক্যাগ দম্ল্যাক
/kaggle/input/regspeech12/test/test_sylhet_0509.wav,মন  আমার বাই ইয়েক খুব খারো তো মার বেগ মানে ই টেকা না ফাওয়ার আগেও কিতু আমরা ট্োখা আমরা বাফে খত টেহা ফাইতে ইখান বুজরায় নি না আব্বাা মি খইয়ার আগে আমার আব্বু খইলাছি না খইলাতালে ইয খতো টি ফাইতাছে ইনশন খয় তো টযাহাখান না খরয়া আফনারার সাতেক সকরডিটা মিল আছে আমরাও ভাই গর বউত হ ারে আমার আবফরে বোবো আমি মমার আব্বাস তাখনি জববদনজে ছাখনি থাখা খরতেও টিনটা
/kaggle/input/regspeech12/test/test_sylhet_0491.wav,তখন যে বাবা ই্নো দেইখ্কা মেনামে মাথার মাঝে আতাইয়া দিয়া সুন্দর খর বাবা তুমার কি ইচ্ছু ওইতা না তমি তুছিবা
/kaggle/input/regspeech12/test/test_habiganj_0081.wav,ডতকুরা মারা গেতোই খয়েকদিন আকে খাি তাইনের গুম্নে ওইতে মারা যাওয়ার আগে এরফর তাইনের কিতা প্যাটের মদ্েকিতা  খালি ঘুমে ওইতোক চুখাইতা বাবইন তা ফনেরো দিন ফরে দ ছে তাইনের লিবারগ্ান্ কার
/kaggle/input/regspeech12/test/test_narsingdi_0029.wav,দেখা যাক কী অয় স্বপ্ন তো ভাই সবাই দেখে বুঝ্ছো এহন সবাই স্বপ্নতো সত্যি অয় না টিম আছে বারোটা চতুটা টিম আছে সবাই তো যাইবে যে বিশ্বকাপ জিতু কিন্তু ওইততো জিতবে তো যাইয় একজন দুইটা টিম ফাইনাল খেলবে
/kaggle/input/regspeech12/test/test_rangpur_0079.wav,এককিন দিবইন বি থাককননে মাক মাত বেগুন আলু কালা পরাভাতগুন দুইটে
/kaggle/input/regspeech12/test/test_narsingdi_0008.wav,ইন্ডিয়াতে দেখ এই চাহাল রবিবিষ নয় রাহুল তে তো ওরেও তো আছে ওরও ভালো লক্সমী নয় বাংলাদেশে একটা অলোক্ফরেন্ না ই কয়দিন আগে পিসাদরে নিলো কিন্তু
/kaggle/input/regspeech12/test/test_sylhet_0349.wav,ওখনো তাখে ফরছি ব্রাহ্মণবাড়িয়া মহিলা কলেজো তিন মাস তখন আমার লাগ খুব বালা বজকুম আল্লায় আমারে প্রতিটা দাকে দাকে খুব সহযোগিতা খরবোন আল্লাহর খাছে তাইতেও পাই
/kaggle/input/regspeech12/test/test_sylhet_0664.wav,তোমরা ছেলের ঘরো নাতি ডাক্তারা ফিরছে ডাক ফারাইছে হ এখন আরও পড়েইনবা খাডারি ও বড় মেয়ের ঘোরো নাতি এগু প্রবায় চ্যার পড়ি  কর ন পরবা চ্যার হইছোইন খানা ঘাট খেলা জর প া
/kaggle/input/regspeech12/test/test_sylhet_0395.wav,আনতের কতো বছছর ধইরে আছলা আমি এনো সাদীপুর বলতে আমরা নিজে বাসা বাণিজ্য ডুইচছোনি আমি এইনো বাড়া থাখরাম আর ওইনো িো কিতা আরখুন আমার ছাদিফরআরো তেরো বছর আর ওউ দুই মাসের ইতা এই জাগাত আইছি রি এটা কেমন বাল্লা আতো
/kaggle/input/regspeech12/test/test_narail_0048.wav,বাকসে আনি পাবে তোর বাবা হইছো আন ই বড় বড় এই খয়ের ইস্কাল পাবেনে হনছো খয়েরস্থা তো অন্যরকম  আমাগে দিফু মাঠে খাটিছে আমাগে রাস্তার কলেরতে আনে আমার কততা এ কুমা দিনি আমা ক ইচ্ছু কি ইয়া এইতো তাইর পাচদিন আগে
/kaggle/input/regspeech12/test/test_rangpur_0028.wav,এর করমমার একটা কিপি মনে অর দিকি এই পাশ দিয়া গেতরি গেইসে ঢেলবাড়ি নবু বুই দিয়া দিয়া বেিতাতে তোমার নানির ফতে অর্ধেক খাইচা আর অদ্দেকগুলা হোলাক করি আইকে একনা গরি পরে ফির পাতি আই এখনাগরি
/kaggle/input/regspeech12/test/test_narsingdi_0057.wav,ফায়ালাদিলা আমি অনেক বালা তাম দ্বীপে দ্বীপে বরাবর আমিও ছিলো ফরে খেকটো কেম্নে জানি উঠলো হেয় দ্বিপানটু হদ্যে কতা কইবু আমার তে বালা যাার একটা াসনা রেস্তি কতা
/kaggle/input/regspeech12/test/test_narail_0072.wav,ও বাড়ির কাহিনিও জানো না ওই বাড়িও গেনা ওর বাপ ওইসম দখল কইরে নিয়ে নেছে ওই বাড়ি হচ্ছে ে সতাল থাকলেও আমার মডি নি  ওই যে লাইট মাইট খারে দিলিপ টিলি ফাছে না আর মায়া ট্ায়া থাহে নায করে
/kaggle/input/regspeech12/test/test_habiganj_0027.wav,তারফরে এযে আমি আমিষকেরে হয় কুন সপ্তা হ লাগে
/kaggle/input/regspeech12/test/test_comilla_0004.wav,প্রতিদিনের মতো ওইদিনও রুহিকি নিয়া আমি স্কুলে গিয়ে ছিলাম ওডে সবসময় আমি বাসা থাইকা ইস্কুলটা দশ মিনিটে দূরুত্ব দশ মিনিট না ছয় সাত মিনিটে আমার বাসা থেইকা রুইর স্কুলে দূরুত্ব তাও আমি ওরে দিয়া যাই আমার মতো সব মায়েরেই তাদের ছেলে মেয়েদেরকে দেখা যায় গেইট পর্যন্ত দিয়া আসে
/kaggle/input/regspeech12/test/test_sylhet_0120.wav,ও দোকানো হড়ায় বিয়ায়েরো খন আপনে ইখানো দোকানও খাম খডে ই বললো বন্দ এখন তাইতানি খমতেনিন না বইলতো তানিও পরি না কটা বুজে অন বুজো বাইরে মাদে ঠাড় দিলায় কিলা কি জাগা ছাওর লায় অমর লাগাইগোর একটু হুজুর রাছলো
/kaggle/input/regspeech12/test/test_narsingdi_0018.wav,ইয়া গল মু বল আসলে যারা চৌদ্দ পোনো বছর দইরা টিমরারে ছাবি দিতাছে হেরা এহনা খেলদে চায় আর হেরা আহমদ নতুন পাচ ছয় বছর ধইরা খিল্লা ইয়ো কয় অবস্থ
/kaggle/input/regspeech12/test/test_sandwip_0034.wav,আই কই এগিন হিয়ার রাতে উডান কয় হিয়া গিয়া হেগিন কুইটবেল্লাই কি বয় অইছইন হিয়ায বাইছোইবু হেগিন হালাইত আনি  দিয়ার খোরাইছিনি হ্যা আনি দিয়ার খেয়ারাইছে ম নি বাইছে বইহিয়াগ অবস্তা করিয়াগই তাআ লোডে
/kaggle/input/regspeech12/test/test_narsingdi_0129.wav,তোই যে আমার যেডাে কিন্না লিছেগা স এইডা হিয়র অইতাকি বইন এডার হেডা সেইম জিনিসে কিন্তু আমি কমু এডমাইসনেত্তে মাইতেনডা বেশি ভালো কনু কার্নণ হেডে প্রেগ্রেন্ট পরিকা আমার তো এমার তো মানে কী কয় তরমো তো মানে এতো পার খর লে ক্কার নেন
/kaggle/input/regspeech12/test/test_rangpur_0056.wav,য হেজলকত বলে দুইছে বলে কাইলডে বলে কি রকপে নকা হহ হ ফেসবুকনেকজনে দিছে এটা কী ওই যে তারার এইজন্য  পাা হছে না এইটাইয়ে না আপনালে এটা হইলো সামনে দুর্ভোগ দেখা দিবে তার এট্টা লক্ষ্ণ মুকুরনতি ক
/kaggle/input/regspeech12/test/test_kishoreganj_0097.wav,দিমমুনারি পরিবারটাই  বাত্তারছ আছে আও বাতফাতা হ্যাঁ  গাছ গালা নাই গাছ দছ নানে না গাছ তানি অনেগাদিন নাই ন গাইল ইডে ফানি করা দা ইতা  রহনি নামনে র হ্যা যামারে হে দুক টুনা আমার কিকা অইলো গিাছে আমারা গ্যাদা
/kaggle/input/regspeech12/test/test_barishal_0099.wav,হয় ক ওদদাই মোরযে ছইলো জীবনে কতো বুদা এ আরা ভেডিও খাওজু হ হে পর টোকাহ বাল পাঁচ কেজি আমা  বাদশ কেজি আমান বা কাইট্টা মর ি জানলোনত কামতা রাহে
/kaggle/input/regspeech12/test/test_sylhet_0238.wav,আর বড় ভাই তো খই খইলা এর আগে আমর আব্বাও মারা গেতোইন বড় ভাই তো খই খইলা যে যেহেতু আব্বা নাই আর এখন যদি আমরা তাইরে বিয়া দিলাই আর তাই যুদি
/kaggle/input/regspeech12/test/test_kishoreganj_0109.wav,হলো খাদ্যাছিনখাল সবুর ওর ভীধ থেকেএই প্রতিটি খাদ্যা খাদ্য জত যে কোনো বাস্ত সংসকার া অনেকগুলো অনেকগুলো
/kaggle/input/regspeech12/test/test_kishoreganj_0193.wav,বোকে কিপ্লে কিতা লেখঠি দা অতনি হুম ইন্ডিকও এডা অত অন্যে কিতা আর সে এ বলেন্দোনি
/kaggle/input/regspeech12/test/test_narail_0013.wav,আমি তোর তোতোরে ওর কোনো কোনো খারাপ কথা কইয়ে ব্যডাই আমি গিরাম জনছি আমি কোনো টাহা মা যে কা আমি কোনো সুমায় উতুলি ছা আমি তর আমি তুনি না যে ভাই তুই ভালো থাকলি ভালো থাক খারাপ দলে তে যার জন্নি টাহা পাঠানোর কথা সে গেছে মইরে টাহা তে আমি কি বাড়াপারবো আর এহন
/kaggle/input/regspeech12/test/test_sylhet_0600.wav,আদারে যাইটটা জরি ফাই আমার কিতা লাগছে ওইদেকিা মানে আমরার বলে ব্যাচের থেলে গুলা যেতা হুম ইতা বলে কিতারলাামানে ঝংড়া খাটে ফরে আই স্যার এরার সযাতে মানে যে স্যারের সাতে আমি এ কুনু কিচ্ছু নি আমি কান্ডাসট ইছে ইতুকো শাংকিন ুবলবিল তা ওই যে স্টুরেন্টেরা কিতা খরে না আয়োজন খরে ও  স্যারেরা খরতে চাই ইতুম ফুরা টাই হযান্ডাল খরতে ছাইতো বাট মস্যার্কি কেমন টা খালো বিন্লা বালা নাগ
/kaggle/input/regspeech12/test/test_sandwip_0014.wav,ল সে টিয়া দিয়া এরডা আমারল হা াক জিগি মিলো কুনো বেফার আছে হয়ার হরি নাইবা  হরি ফুল গাছে রাক্কল হাডা নে ককা ল হারা দুরি উগগা ধ্যান দরকার পথ হ ি ফাইয়া হনি না দে জামাই একটা রশি ডিয়াদি মাছুগোলাওই যা দি মা  ক  কুডি গাড়ি ইয়া মুলি দুনুখা বলি হিয়া করতে ফয়ন গিয়া রাইনখার আন্দনের কোনা আগায়া অনো গোলোঅন
/kaggle/input/regspeech12/test/test_tangail_0098.wav,নদতা তবিওতে দেখলে দেখবিন ওই ব্রীজের আছে ব্রীজের কাছে আসে তহন আরকি গরাত তহন ছকিনারে ছকিনারি নিয়া ও আস্তে আস্তে ছইলা যায় এমনা দিকে আর এদিকে রনবির কাপুর
/kaggle/input/regspeech12/test/test_sylhet_0726.wav,হমও গফিআ জাইমুতা  কুনানি সখালে জামাইরে ল মা নাস্তালগে্দ জামাইরেয় আবো আটি ফে আডাইয়া তো বও জামাইরে লয়া ফিরায় রারয় হু  তো ওইযে কিতা খয় এই যে আফনারেতো উকোপাসো থাখা লাগে মনে অয়
/kaggle/input/regspeech12/test/test_kishoreganj_0102.wav,উদ্ভিদ গাছ তালা প্রাণী রুজাগরের মাতরি ব ু এে গাছতলা পানি দাইছে র মাথি উঠ ে হ্যাঁ এমাতরি উড়ভির থেকে বিবিন্ন স্থানে ছড়ি ই জীবের ছড়িয়ে পড়াই হলো বীজে বিস্তরন বীজে বিস্তরন বীজে
/kaggle/input/regspeech12/test/test_sylhet_0153.wav,ছুতুখাতা ওফনের তো যোদিক  ইতা রও বেতি তই য়াগ আঙ্গার তো ইটা মনে খরো গরি বাঙ্গা তুডর তর ইয়া ওইক ওখান কুল্লা খান্না অখন তো গে া ওইতো পিয়ার মদ্যে া ফনে ঠিকা
/kaggle/input/regspeech12/test/test_kishoreganj_0132.wav,পলা কাড কাডল তর মুর হ্যাঁ পাটডা লে তুর ডাএডা যায় কী বাঙ্গী আনাঅ হ্যা জান ে  কি
/kaggle/input/regspeech12/test/test_sylhet_0651.wav,মা কিতা আছিল বেযিক করতেে রাস্তায়  রাস্তায়ওই্নায় কতে ওার করছে কােরইয়াও গিয়া ট্ামান  আপনারা কোনু সময় ইগুলার টিকার অইছোইননি মানে এরার কোনো আক্রমণ খরতে নে আপনারার উপ্রে ওরতে একলে নন
/kaggle/input/regspeech12/test/test_narail_0149.wav,হআমাগে বাড়ি তে একটু ভিতরের দিকি মানে ভিতরের দিখে বর তি বেশি ভিতরে ও না ওইতো সিভাই আমার বড় খাকুর মা আছতে অস্ফুত্ত মরার কথে বুজিলিস এখন এই জন্যে যি বারির মানে নাতি বউ দাখবে তাই বাইডিদি বিয়া দিয়া লাগেছে উনিই পছন্দ করে এই মেয়ে আনতিছে গিরাম
/kaggle/input/regspeech12/test/test_tangail_0080.wav,এই শিউলি মারা গেছে বরুন ধওনের ফোনে পরে বরুন দাওয়ান তোরা ভাইঙ্গা পড়ে পরে আবার শিউলির বাসায় যায় যায়া ছিউলিরে দেহি দেই খাছে
/kaggle/input/regspeech12/test/test_narail_0066.wav,এইতোই এই ভারবে ওবে না ওরা সরিক না খালি শরিতো তমি রাহিছে তালি এইডা তো তো বাবা বাে নার ওইছে বাসা ভা বাগশা কততটে দিলন কলোা করা জানে থারি ওই
/kaggle/input/regspeech12/test/test_chittagong_0071.wav,ল ডিগ্রিগলাই আবেলম গরম পরবু জরি অনার্স ত ন অইবো হুনুমিকে খযনে আইবু অানার্সল যদি আনার্সল মানে কক যম  বফইললে আইচছুনো ডিগ্রি ছাড়া
/kaggle/input/regspeech12/test/test_rangpur_0099.wav,কিয়ারে আগেরবার ভালো হুছিল নাই এবার ভালো আবার লাগছে কোনবার ভালো আবার লাগছে আগের ভালে বা হও টক কিনছিল আপেল টবেল মালটাালটা কিো আবার তো এগুলে লা
/kaggle/input/regspeech12/test/test_sylhet_0342.wav,তে আমি যাই ফরীক্কা দেওয়া সখালে গিয়া ফরীক্কা দিয়া মাথ টলের যে এক ঘন্টা টাইমস্টাদেকা দুইটা কলেজ থিকা একটা দৌড় দেই একটা দৌড়ে বাকটাত আই আইয়া ওয়াো যাই সারে খাওয়ায় খাওয়াইয়া আমি একটু পানি খাইয়া আবার দৌড়িয়া দেয় খা এক ঘন্টার ভিতরে আবার সেলটারো যাওয়া লাগবে
/kaggle/input/regspeech12/test/test_chittagong_0004.wav,না তাইয়েরেই মাতা গিয়া এগারোডা হিয়ারত্তুন যায় খাম খাইয়া গু খেয়ারত্তুন ইয়ান খাইয়াসর স দখ দুখা া তলে মাইতে ছিন্নে না ব দো তি যাইগো ছে আর তিতি টিরি লইয়েরা আততা সমস্ান আইতা
/kaggle/input/regspeech12/test/test_sylhet_0715.wav,বালাইয়া তাইনেরো বিয়া ওইা গেছেনি  আমি ে খই ফড়ে
/kaggle/input/regspeech12/test/test_chittagong_0033.wav,মনা ও এহন ঘরোত আইগে এগু বলেকিরে খামা যা নে ও লাভিকবা ওগগোর লাই বলি এরে খোনুর মিকি যাইতো না ফারেস আ ইতারের সাথে গিমনি ডিয়ের দা না হ ফাল্লা হোনু মেকের নও যাই টাও যাই হুল্লা কুয়ন রিমে নিয়মিতো কনর আমর তে দারে ঘুল লাইম
/kaggle/input/regspeech12/test/test_sylhet_0504.wav,ফাড়ে খালি আববাখর টা দিনের আইগে বৃষ্টা আর আবার চেঞ্জ অইনলে গেলা কয়টাক বুঝে না
/kaggle/input/regspeech12/test/test_sylhet_0260.wav,খালি একটা ইউনিটও এপ্লাই খরতাম ফারমু আর ওই ইউনিটো পরবোর তু তিনশজ তিন শো জনের মাঝে আর্ট থেকি নিবো দরো তুমার একট সাইনফিটি আরও একশো কবা বোমারটিকে আরো  অলাফড়ি এখন তো আমার কোতটা খুবই কিমিত ওই যেেকিমিতো ওয় আমি
/kaggle/input/regspeech12/test/test_kishoreganj_0090.wav,এন মন ফরে নচ পাকিস্তানের লগে আছলি হুম মুদা বুলে ভট পবেক্কা না হ্যাঁ ফুগনা পাকিস্তানির উুগনা
/kaggle/input/regspeech12/test/test_narail_0181.wav,আস
/kaggle/input/regspeech12/test/test_rangpur_0120.wav,ঠাকরি কালাই এলা পাওয়া যায় পাওয়া যায় না এংকর খাননা এংকর কাইলকার তো ঠাগরি কালির ডাইল খাকি এংকর খাননা এংকর ক্যা এংকর কি ডাইল নোয়ায় ডাইল হইলো স্বাদ লাগে না
/kaggle/input/regspeech12/test/test_chittagong_0031.wav,তুই ও দিইবানা মোবাইল বুইজ্জিস না তো ন দো ওডি ওডি দিয়এলা োবাইলি আচান মেরগি তোই ইচ্ছায় ওডি মায়ে গেইয়্যে আবার টিক টাগ্গারাইহন নিও গরতাইসটে ফরি া
/kaggle/input/regspeech12/test/test_chittagong_0140.wav,আ ওই বেশি গুবছা লেই কি দাত আা তনে আমি ঘুইশা লাগে তো ভাই ইয়্যিন খইলদা এন্না তো ওস্তাই মেয়াতার ছাড়াপ অই না যে হতু  িা গর বাই তুরে আনও আঁই কন দিতাম আা তু ট্যাঙ্গো ফেতপুরে দে আঁইঅলে
/kaggle/input/regspeech12/test/test_narail_0045.wav,ইন্ডিয়া চইলে গিছা ক ফরে ছয় আমরা তোছেনি  পারা আছে আর তাররা তুই তো কচছে সয় ডা ছলের কথা  আমি যে প্যাটার লিছিনি তার কছে কছ পেনতনাম না এলো বড় বাড়ি কি বং্খের লোক বুঝনিস কিনো তিনি বংষের লোক কুদির বাবু কি বংষের লোক
/kaggle/input/regspeech12/test/test_sandwip_0077.wav,তোরাআফা খতরে থাহের ইয়যান কোমরা কয় গইয়ে প তরা বাইনা গিবা এনগিডি কুন ফেকশনে তুমি কুঝছে  কয হগা তো ঘামা কাম হ ইলো ছনগা হাতে লাগা হয়ে নে কাম আস্তে আসপে কয়াইবো তো কাম যাইতে করে ইয়ানকে এক করতি ফরতি অইরনে দেক্কি
/kaggle/input/regspeech12/test/test_sylhet_0406.wav,বশশাআল্লাহ আল্লাহ আফনারা তো  মুসলিনান  মুসলিমনা ও মুসলিম  দরা  তার লাগি আমখা একদিকি যাইতাম গি তো মনে খর আলজাম করলে তারার আমরা ওজেন্ট ফুরার আগি তারাত তে ওই যায় হেছা খতা মজফরতে সবর অসুবিতা খর এরফরে আজকে পিন চারদিন তাগি তারার উলি উঠতা অঞ্চলে মানে ঘুমায়ুত যান না
/kaggle/input/regspeech12/test/test_narsingdi_0027.wav,রেডিকেটেড পার্সন খুব ভালো আইপিএলে ডাক পালো এই বা তোর চেষ্টা কইরা যাইতে হবে পরিশ্রম করতো নিজেরে প্রমাণ করতে অইবোযে না আমি ভালো খেলি তাইলে তো অইলো হ্যাঁ তবে
/kaggle/input/regspeech12/test/test_narail_0004.wav,মেলা আগের্তে কাকা আমাগে দিয়ে গেছেলো এই জমি নেয় কি ঝামেলা টাইমেলা করবান নেকি আমি ছিভাই ঝামেলা আমি তো কিছু বুঝিটুঝি না আমি দেহি যায়গা জমি কী অবস্থা আছে তারপরে খাচ্তেন খান আমি তাই কই তারপরে দেখপায়নে আর আমি কইচ্ছি আমি তো এগুলো করতিছে না করতিছে এক কাগা কাগারে দিছি
/kaggle/input/regspeech12/test/test_noakhali_0001.wav,আকি তারফর এইনয়ে নব্বই না কিজি হ্যা এটশো আশি নব্বই কিজি নব্ট ঠিক াছে কে আআকি  তিনশো হাইট  লামরে নব্বই টাকা নব্বই এক কেজি হাক পিন হযাঁ ইয়া হাইট  হ হত এ কা ব
/kaggle/input/regspeech12/test/test_kishoreganj_0004.wav,না ও গাডিয় অন ঘাড় কুয়াইয় ম তুবি ত ছ্তাহরে না ক ে া আরা বাদি এই্নে জরোকিডা তালগেল থুয়ে আর বা ন যাছ তালগেল
/kaggle/input/regspeech12/test/test_sylhet_0760.wav,ফাা বাইতা আ ড্রং খরা একটা তানে দিতাম তো ই ফানি তারা া  আমরা উররাম নাম তত খইরা ফারে না ফারে না উড়িও না উড়ি োতারা দুইখানে সম্পর্কটা কিতা ফেচছি নাআফনারা দুইজন
/kaggle/input/regspeech12/test/test_rangpur_0110.wav,হটাকি নিয়া নিয়া যা কলা টটগরাম আরে ভাই চট্টকটাত ভালো ওইতেল আর মানুষজনও বেশি তোকে ইয়া করছিল নোয়া তো
/kaggle/input/regspeech12/test/test_kishoreganj_0015.wav,নতুন রাস্তা কইছে ডাকি অইবো সরকারি আছা টাক দিয়া না নতুন রা্তাডাবায়া ডাবায়াতো না এ সরকার তাইতে না হর্কা তে বিবতো না বড়রা রাস্তা তো স দাড়ে তালা লেগা আ মাকরা দিলাম মানে এ নতুন রাস্তা ক ডাবায়া লবোঠায় ইদ বিখয়ে
/kaggle/input/regspeech12/test/test_barishal_0069.wav,হাওন করা এলেটা ফার বৌরো তে থাহে না বউ যদি না দেয়া তা মোরা দিমু ক্যাওন তারা ক্যা আমের অধিনে বউরো কী চতা োকাতাত া এত বড় তাবিসের পোলডা মানবে এত বাড় বালি ঠের তলি ঢুকাইবে দুইডা নার ছাওয়াইবা একদাইর দেয়া
/kaggle/input/regspeech12/test/test_kishoreganj_0183.wav,ফিক্কা লাকবোলত  খন বাইতাম না ফরে বানাই লে  া ফরিক্কার ফরে আগে বড়
/kaggle/input/regspeech12/test/test_chittagong_0155.wav,হুমতাবারেতে না এরে গেয়্য ওই ও আইচ্ছা আইচ্ছে তো আর কী অবস্থা কলেজের তোলার যেন্য আইচ্ছে লেগগুন কলেজ সুন্দরে থারিলতু ক্লাস নম বু বন্দ ও ইন্টারোর ফরিক্কা চওলার দে
/kaggle/input/regspeech12/test/test_kishoreganj_0098.wav,সবাই মাইন্না করাবো হ তুমি গেলে খাইতারবা মক্কা ওইল লাগে হুম কি কল লাগবো আবি বাসাত  আর বয়ও আসে করন লাগছে না তুমারে ইয়া ওইদা যেে এবার কানি দিয়া মক্কার কানি দিয়া মল দিয়া তুয়া দিতে নল লাগানি ও মনে ইয়া বার তালু দিবা ফানি বাড় রইগবো এই দিয়া মর্তি দিয়া মতো আছে নাই ছা কয়রা হএ ইয় গেলের সাতে গেলার সাবতে গেলারি দিয়া তয়া দিচছে ও মনে খাইতাতা কও আে
/kaggle/input/regspeech12/test/test_barishal_0011.wav,কপা াযা মাঝে কইচ্তা মাররিফ পানি বেনাম করতো পানি তয় পারি ওই কদিন হ্যা পয়া কার নরেশি হানি শালা ওইছে পানি বানি ফানি পায়া কার ন রটি  পেকের প্যাডে বিরিকা আমাগো বাড়ির আশেপাশে পেটির গগিনওকিনে দাদাইতে ননাগাল পরে
/kaggle/input/regspeech12/test/test_sylhet_0507.wav,তারা টেখা তারার টেখা ই্লাগিয় আমগে খয় টেখা খইরা মর খমালোদিগারে খয় ঠি আমি খয়দিন ফন াইয় খয়জন খইললা ভাই খনবাই তাইভাই তিনজন এখজন মারা গেছলাম আর বরাযা কুনতো আরিনজন ওরতাত তুকি  গযালাার  আর মরা বইনতো য়াইায় ছাই া টা নাইনতা আমরা উনি ছাই না সবারে উলটা খইবা খজ ফাখাল  গিয়ালা আমরার টোকা খুল বিলারে বাআমি নলে মাদি য়াযে হতকি দিতে
/kaggle/input/regspeech12/test/test_rangpur_0043.wav,ন কি কেছুমরা চন না ঘুরে লক যদি একদিন একনা ঘুরে চান বাড়ায় না তাইলে মুই কোকে থাকি মু আগেরতে একদম খারাপ হইয়া গেতোম মুই এবার থাপপা ক হা
/kaggle/input/regspeech12/test/test_kishoreganj_0202.wav,সমনে খাদানকতা কবনা আইচ্ছা বেডারো শুকনের জন্য কি বহর হহেড আইচ্ছা হে ডডা হেডডা ব্যবার করে  া পব হবেব করে হেইডডা কি বার কইরে ভাইয়া পরবা ব্যহার করি  অগ্নি নির্বাবচনতে কারবনডায় অক সাইড ব্যবহার করা হহে অগ্নিন নির্ভাগ মানে  আগুন নিবানন জননা কি ব্াবার করা হয় কারবনডায় অক সাই মজতা
/kaggle/input/regspeech12/test/test_habiganj_0023.wav,পরে কুজকজা দিমু এরপরে গান উন গাইমু এরপরে আমরা একটু পাবতো না খইরা এরপরেটাই আমরা আত যাতাবাডি আর যারা ওইযে
/kaggle/input/regspeech12/test/test_sylhet_0077.wav,খানিবিকা নিতা খামি ইচ্ছা খরে আমার একটু খুব ইচ্ছা আমি টিচার যাইতাম ফারা আমারে যে টিটা একটা ফড়ায় তাই  দেইখা আমার আগ্রহ তাইতটু বাড়ি তে প্রতমে আছলো না কুনো কিচ্ছু ইততে আছতা না ত খন কি সযারদিকেতো আমার আগ্রহ বাড়ো আমারামি টিতারবে
/kaggle/input/regspeech12/test/test_sylhet_0686.wav,আমরা যেটাআমনা বাংলা ইংলিশযে বাংলা ফরি তোমা বসাতি এখ যা লাদেেইত গেয়ইও খরা যায় না তে তাদিরেত্তো অনেক সময়না খ
/kaggle/input/regspeech12/test/test_chittagong_0104.wav,তা তোরে অনে চ্ছে ঠিক আছে রাহিত অইলে  ভাই ভাই টাটা আই বালা তাহি আরটা মালা থাহি আ্ছাে আইচ্ছে আইচ্ছে কাটা
/kaggle/input/regspeech12/test/test_narsingdi_0012.wav,হ এডিরেও তো কাহিনী আনী কইরাই আস্তে আপতে রিটারমেন্ট গরার লাইগি উপেস্ট এক মাসটাফিরে দেয় একটু সম্মানের সহিত কিন্তু ও ডিটারমেন্টা নিতো বাট কিন্তু এডি করে ন তাও এহনও ওই বিপিএল খেলতাছে
/kaggle/input/regspeech12/test/test_sylhet_0463.wav,আর বড়োর মনো খরো ফ খতে বিটার মে তাইন আবার তাই মানে কুদি খাজ খরছে করার ফরেও বিয়ার বেচি কলেজো রে যা ছে খরছেস তারফরে এখজন অখনখ ুবন তোলো এখজন আরেখজন ছেলে
/kaggle/input/regspeech12/test/test_kishoreganj_0033.wav,িতা ইবারে আল্লাহ দিছে মানষে বৃষ্টি অ লা গে শাগ সবজি অয়ো না কিন্তু মানছে ধান থাম দইয়া লইছে হ ধানইয়া কে সুন্দর অয়ালইছে ুগ
/kaggle/input/regspeech12/test/test_rangpur_0128.wav,বুইয়ে মোক্ক মরিমেলা ইয়া করি দিবে মরিয়াম আরতেনা
/kaggle/input/regspeech12/test/test_tangail_0025.wav,লোক আইছা বললে যে রামী নিবু ফরে জনাথান বাদ্দ  ওরে ফাড়ার জন্য দিয়া দেয় জনাথান আসলে পথম দেহা তে ই সারার প্রেমে পইরা যায়
/kaggle/input/regspeech12/test/test_sylhet_0125.wav,মুডাউনর ল্লা দিলে ভালাও লাগছো খুবতা খুব খবর নাই  আর ক মুডাউনরে বালাপরিবারের মতোই গেছুইন নাহব মত ভালা  আ তো গবা ভালা
/kaggle/input/regspeech12/test/test_narail_0029.wav,কিডা আসাদ মিইয়া আমাগে আছাদ মিয়া তরে বলে কয় আনিক ফলো ইডার জমিনি কি ওর কিছু জানো াডে আমি ওসব কিছু জানিনি আগো তো শুনিছিলাম তোগে তোগে আমাগ  ফরে আসাদ মিয়া ক্যাম্বাইন নলো কি অরলো জাইন্নে আসাদ মিয়া অলগর্ট খাতো এন্তে সেন্তে আসাদ ময়া ম্যালা খায়
/kaggle/input/regspeech12/test/test_chittagong_0085.wav,ওই কম্পিউটারের মধ্যে হরতে ফরতে রি দেরো কেউর গড কম্পিউটার নাই বরতে ই কি  ক্যা ওই পিথিকমছে আঁরা যেনসিকি হু এহান জলি ফরীক্কা দন ফরে মানি গরি তারিতক্ষণ এছে ততক্ষণ গরি থারিফেি
/kaggle/input/regspeech12/test/test_chittagong_0050.wav,জামাই টামাইয়া আঁর হালকা হুনি কিছু নাই আফাততে মই আফাতাআই এহন ওগগা এহালা মানুষ বুজ্জুক হনআ ওগগা হে না অয় ন ই চারিদিত যে হন তোরাওরে খতে ফার িবে খতে গরিবি তোর আর দালা সম্ভব পেরি
/kaggle/input/regspeech12/test/test_rangpur_0038.wav,তারপর না মারাউ এবার খায় খে জুবান যে এত বড় বড় আ ওরা ম দিছি করে সম মোটান  আল্লা   ও মিকটি নাকে রি বি ক সেব খুলি থ ভপে বাড়ি ইতার   ব্যাকি  মা এহনা ভাকতে উঠছে  স তাকি না আ হে ঘান থাওয়া
/kaggle/input/regspeech12/test/test_narsingdi_0134.wav,এটাল্লা টেন ফুডে তোর জাইলডগুডা ছিলো অবশ্যই আইছ চাইল টফুুডা টাইম এডালস নামু তো আমার চাইল কুরতো আরছিলো ন হইবমানে
/kaggle/input/regspeech12/test/test_chittagong_0008.wav,আ গোয়াই দিতে হতাল্লাইছে আস্তে তোঁয়ারা গ ফল বানাইবো মারে স্যারা আল্লা সম্পর্কে এরি হচ্ছা কইলি সমইস্ছি া
/kaggle/input/regspeech12/test/test_chittagong_0162.wav,য়া অনাসট তো তু তুম টেঁয়া দি ফরম ফরে হুদার ফুরি রে মজত মনে ফারার দে ডিগ্রি ফালোটিালয় ডিগ্রি খাইজু হনে কিছু নি মনে অয় ন লয় তোরলা ডিগ্রি তো ভবিস্টি ফাইক
/kaggle/input/regspeech12/test/test_narail_0054.wav,আমাগে এই জাগা অচ্ছে ওই যে কিু শিব ভবর নামি যেরা ওইডে মানে তেরোটো ছাপ্পান্ন সাতান্ন থেকে মনে হয়  রানিমি পাতেরমতেরোটো কত জন ভযলাান তু মিদখা রানি উডে   ছে কন শুগের পততে তো বাড়ির ওই জাগার কতা কচছে নো ওই জমিডাতে আর কু মেহাদ সই জস সেই জমির ভাত া
/kaggle/input/regspeech12/test/test_sylhet_0426.wav,ফরে ম্যাডামে ওউ নর্বারটা দেওয়ার গিয়া কিন্তু ও খমাাই  আর টাইম ব মটম যদি না খি বয়ে খম আতো অখন করিং লি কী করবিনা
/kaggle/input/regspeech12/test/test_sylhet_0671.wav,পেনশন তো ছারা জীবনে ফাইবা নানি গেতো দি নাছি বাছিয়া গেতদিন পুরান আছে ওতোদিন পাই নু পুরান নাই নাই তকফর কিতা মানে আফনে আকল না তাইলে কিতা পেনশন বন্ধু ওই দিবোনি না তাইলে ড মরা যালে আর খেউ খইতোন না আমরার বাদি আর কেউ ন কা কছে
/kaggle/input/regspeech12/test/test_sylhet_0049.wav,পাইনশা টি না া বেশি পখন হয়রে বানাইতা ল কিলা বানাইা ইাতর বাই আনে আমার তিলাও বইনের মতি ভাবো
/kaggle/input/regspeech12/test/test_tangail_0018.wav,বইমানের প্রতি গানডা মা জনপ্রিয়তা কারণ এই গানডা আসলে একেভাবে অন্যুদাপন করছে কেউ মানে কারো সাথে কারো মিল না এরকমভাবে আরকি বুঝতে পারছে এই গানডার একটা অর্থ মানে কেউ এহনোর
/kaggle/input/regspeech12/test/test_narail_0140.wav,হ তাও পাসুদ দুলা ভাই মনে হয় আপন এর বাবার সাথেও কথা বলবে এটা কই কা তমাক কস তাকাছি কই গিলে তো টাকো ফিরি নিয়ে যাবো কিনি তালি না তুইরে ফিরি নিয়া যাবে না তো তাকষ্টেনি কা কা আমার অগ্নিপতির ওট্টুপি ফিরি নিয়া তলো
/kaggle/input/regspeech12/test/test_habiganj_0009.wav,না তানজুলি গেছে তান যদি লুকরাফেে ফুলাশাতক লুকরাফে আসকা বেডার সাতটা খুরি নে আমগুলাডা ওইছে সবার ছুটু ওই ফুলাশা দেখি  ওয় ফুলাও ছুডু ছুরিও ছুডু
/kaggle/input/regspeech12/test/test_kishoreganj_0150.wav,কুনটি পানি দুনা ফলে হয় ডারাইডি া কুন্টি পারে তুনির ফর হয়  কর করম কুনটি পানিজ্য দইসনে পয়া হবারমাটি দুফেনে প্রধান কারন কি নসব েকি হয়া যায় মাটি নষট হইয়া ে দিয়া মাটি নষ্ট হয় পরিবের স কনের উপায় কুনকি  কনের উপায় কুনকি
/kaggle/input/regspeech12/test/test_barishal_0087.wav,আ ুসাদপরে লা হয় নাই ধরিদা আমর লাম তোদাও কর    ভুলতর ক ফারলাইবে হেই কুমে সমস্যা বাদে এতুলা তরে ও ভুইয়া খইরাই না খইরে খইরাও ও মোরা ও খইরে কী
/kaggle/input/regspeech12/test/test_narsingdi_0036.wav,ফ্বজিনিটের দাম বাড়তি মায় কইতাছিল কি যানি মুরগি তো এক্কার খুরা আর জানা অইয়া গ্যাছরিগা সব কিতুর হনে মনে অয় আশপাশ তে কম তখন কটিক হররান্দা বারততানিয়া মুরগি দে দকা গিা দিয়াছি দোকানো গিয়া যেইরা ধরি খালি বলে দাম বেশি খালে বেলে দাম বেড়ি
/kaggle/input/regspeech12/test/test_sylhet_0064.wav,আমরে ভাইয়ও বইছে ন আমার দারে তো সম্ভব না তুমারে মেডিকেলো তুমি বর্তি অইতে না তুমারে বাখা তাইয়া দেখি দেখি যা ডাক্তারে সাপ্তাতাই তাকতো তাইলে ডাক্তারের কিছু দেওয়া লাগে পাছো জার আবার তোমার উ্টর লাগে তিন জার অহখন আমি কুন বাইদি চমনরাম মাত্র বিয়া গাইয়া উইটতেঅনেকটেখাচ্তা ন খরি গিছো আমার ভাইর নতুন দোকানো খজ
/kaggle/input/regspeech12/test/test_sylhet_0582.wav,আমি তো ছেকাকেনা সবসময় দেখি আমার একটার আগে বাইরে থাইকা কার্টিন পার্টমেন্টে মানে আমরা বড়রা গিয় আমরা কনানমফেলাগ কিন্তু বড়রার লি বেচিরভাগ রাইড একটা নৌকার মতো আছে গু তো আমারে চাকরি ভাগো তুমি এেতু লেহা দিতাস পর ভাই বেটে বিলসপিালে
/kaggle/input/regspeech12/test/test_sylhet_0327.wav,আর এখন তাইন যখন বই আ নিয়া দিন তখন আমা তাছে মনো অয় মানুষরা এখটা ফ্যারেস্তা সারাদিন কাজ করি কাজ আর আমার টায়ার্ড লাগে না যেহেতু আমি বমি বাইতেউ আমা বই করি ফড়িয়া আবার গিয়া তাইন আর গানার খাছে বেনফ্যান্ গরি যাজান আজকে সারাদিন আগে ওটামটি টাটাতি
/kaggle/input/regspeech12/test/test_tangail_0081.wav,তারপরে আবার কাজে ফিরা আছে যেহেতু সে অনেক এহন সিরিয়াস বেশি এহন আরও অনেক বেশি সিরিয়াস ফুরা সেই স্ট্রং ম্যানেজারের দায়িত্ব পালন করে কুনু কিছু  এহন আর টলারে তরে না
/kaggle/input/regspeech12/test/test_sylhet_0270.wav,উটার ফরে তো পড়া শুরু খরলাম তো তখন তো ইততা আক ইচ্চু বুঝি লা ইউনিভার্সিটির গ্রেডিং বা কয়েন্ট পড়ার রেজাল ইতা কিচ্চু খিসতাম না তো আমার বাইয়া মরা টার্গেট দিছে যে তোমারে ডিপ্লাক পাওয়া দাগ ডিপ্লাক কিতা টি প্লাস অইলো থ্রি পয়এন্ড টু ফাইভ অখন কি পয়েন্ টু ফাইভ
/kaggle/input/regspeech12/test/test_sandwip_0086.wav,আর অংকা ঘুরাগার মাথা আছিলদু আমার গুরা জালার তুন দারিল কি্ছু দেহি না ওই আতায় আকাইয়েরে াুল গ্রাছিলিম টানটানি গই
/kaggle/input/regspeech12/test/test_sylhet_0471.wav,ইতা তাখ নেয়টানি কিন্তু আফনারা মায়াক ফায়রায় নায়া খইরা ইতা নিলা  আমরা লাগলে আমরা খইনমু আমরারে আজকে ওতো টেখা গনি দো গেলে কুনো বইন যুব্বনে  গাড়ি বাড়া দিয়া যাইতায় নার তজুজার যাইমা বাড়িত তাকি বালি টেখা দিবা আবার এই জাব গাড়ি বাড়াটি
/kaggle/input/regspeech12/test/test_sylhet_0502.wav,লেগে যোগাযোগ করার এখটু আইয়ো গবু  খইলাম ফাউে যাইতাম ওত্তো তাহি লাগতা ও তাই আমার ছিটি
/kaggle/input/regspeech12/test/test_narail_0106.wav,এখন  দাদা ওগেরদিন বলতেছিলো যে যদি অপারেশন করতে হয় তাইলে ব্যালেস চলে যাবে অপারেশন করতি কিন্তু অপারেশন আপতত করা লাগতিছে না ওইটা ভেঙ্ে ছ ছোট হইয়ে গেছে তা আর আগে যেমন জ্বালা জন চলনা ইটি করতে না সেরকম করে না বুঝছিস
/kaggle/input/regspeech12/test/test_chittagong_0143.wav,কেদাখ তাকাআমর বাত তরি না বেলা গা হংগার দেতন নাই  না তোলা না ওযে তুল্লা খতা খইবালাগকা ই গরি ছাই যদি দেইখতি তি একতে একটা আধারণ যাতেগে
/kaggle/input/regspeech12/test/test_habiganj_0072.wav,মুন হসপিটালটা এখন খম বর্তমানে বালা তারফরে অইলো গিয়া ফাইয়ার বাততান বধুম নাগসেন তারপর ফাইয়া দেয়রফর ওইলো গিয়া আরেকটা আছে নামডারফু দেহি পাইরা ফাইয়া টাাখে
/kaggle/input/regspeech12/test/test_sylhet_0158.wav,ত মা পকিকান েবলে হামলা র ছিগুলা একদি কুদুঃ খ লাগ দুইর ককনটিতা হমলা আমা কিতা খে কিতা ওইবো মনে খরো কি থুইয়া যাইতা াচছো্না সব মদিয়ার সব মত আফনের পরিবারি টেও যুদ্দাত গেছিলোনি
/kaggle/input/regspeech12/test/test_sylhet_0072.wav,হুমমজা চ্ছ ফ্রচ্চুর মজযাওয়া অয় দুরগা িতা খরা অয় দদোকবা দরগাবযে এতো পাব দে ফতম দিন এতো তা বেচ্টি মজা অয় না তো এক ফলোর তিন তাকি  ফরে তিন দিন আমি তিন দিন খাইনি রা  চার দিন তে কিয়ার ফারি না ফুজকা দেলে লাভ গর
/kaggle/input/regspeech12/test/test_narail_0059.wav,বো বানতি বেযে ভাবেি দ ফরবেনা ওইতেই বাছে ফলে  যেটুক গাইর মতন জমি সেইটুক পেটের বেচদিে  যেটুক আর কিছু নাই ও জান্দো যেটুকু কিছু নাই সেটুক দলিলক কুরুখেনাবি দিতি ও চা না
/kaggle/input/regspeech12/test/test_sylhet_0237.wav,আমরা ঠিকসময় গিয়া গিয়া আমমু তুমারে তউ যাইবাকুনু তাকবা আমি খইতে কুনু সময় ফা না আমারে জিনোদিন ওনো গিয়া আমি খরতাম ফারমু আমার এখটা রুম আর আমারও খালি বই গুন থাখলে ওইবো আমার আর কিচ্চু লাগবো না তো তারা দেখতোইন যে আমার ফুলায় খরার ইচ্ছা আছে
/kaggle/input/regspeech12/test/test_habiganj_0007.wav,নামরা যেনি কিতা ইিলার মাঝে কতো ফালো মেম্বারিও লাছলতারোডোরুববানু ও আইচ্ছা ইবেডি সুরি বুজবি আমি জসিনা রলা
/kaggle/input/regspeech12/test/test_narsingdi_0088.wav,ফর যই বরছিি মাক কল কেরে পিরিসেনডি চলে বালানা দেইক্কানা হরি না আইচ্ছা বড় হইয়া ফুড়ি ও এরা কতা কছা তুই বাই বাইত থাহস না তুই যেরা জান্না্স ফ্যা্ড রলাগে কতা কবে হেই যে ঋিন সকালে সুরায় বাবার বজমমি
/kaggle/input/regspeech12/test/test_sylhet_0251.wav,কিন্তু ইতায় খেউ যব খরতো না বাট ওউ সময় দিলাইফেক ফাকগুলার প্রাইমারি স্কুলেত তখন আইতে আমরা ফারিত আইয়া খয়ত বইন তুমার খাগজপত্র খালি সার্টিফিকেটটা দেওয়ার এখটা ছবি দেও আমরা এপ্লাই খরিয়া দিমু তুমি খালি পরীক্ষা সমতা দিবায়
/kaggle/input/regspeech12/test/test_sylhet_0642.wav,বেট দিফা এখন কি ভাবে খলি গিলাই নাকাদলাই আমার র দাদনতে ঠিক আছোইস ভাই
/kaggle/input/regspeech12/test/test_chittagong_0061.wav,তো সিটিকহলেজ সিরিজি ন ফারলা নাকি সমাজ কলেজ দিউটেল না না কী হলে জানি দিলি সিটি কলেজ মার মরা ি য় সিটি বলদে তো রলি ট খর ন অলগি লম ফরে অই অরেতম রিডিস পেপার লইলেই না কি হর ন অ কলেজের মধ্যে অইজি
/kaggle/input/regspeech12/test/test_noakhali_0025.wav,খার খইতা যে কিচ্ছু কিচ্ছু খইরতো নো খালি বালা আনদা কইরবো আমনে কাজে আগান নাই আরলা ইােতইক্কানা ইকছেকা া মগাতে অলে লোক লাইগবো ছামার লাইফ কনি ছাওান নাই
/kaggle/input/regspeech12/test/test_sylhet_0662.wav,তেডেকামাতুন ধর্ম তো তাইলে দেখা যায় বেগ কয়েকটা বাড়ি আছে আফনেনে খইলা আরে কায়টা ওে ফাচটা বাড়ি ওটিলের উরে একটা রণ ওউ ফরেব্যাড়া তো বাড়িদিনা
/kaggle/input/regspeech12/test/test_sylhet_0596.wav,বাট আগে বাখানা আরকি সবার সাথে যোগাযোগ নাই হরতা হে তো বিজি বিজি হ সেরে আমার লাগে না তো আমি ওর্তো নিজে যে বিজি বিজি খইতা ফরতাম নাততো আঁই ইলানেতো দারকে ট াইম কিন্তু এইযে আগে মানে ক্যানে জানি অর না নামানে ওইয়া উটা না া
/kaggle/input/regspeech12/test/test_sylhet_0252.wav,ায় বইনানও দিগেও তুি তারার লগে ফরীক্ষার খানতা দিবা আর তারার এখটু সহযোগিতা খরবায় দেখাইবায় যাতে তারার এখটা প্রেড ওই যায় তুমি তো অনেক ট্যালেন্ড ইমে তুমি ওতা চাকরি খরতায় না কিন্তু আমরার একটু খোকার ওরবো তুমি যদি দেও
/kaggle/input/regspeech12/test/test_sandwip_0110.wav,না আরনি কিো আই হেইগুল্লাগুলার আই কি  দরকারও নাই কিনতু
/kaggle/input/regspeech12/test/test_noakhali_0015.wav,গাইচ্ছে য না এক্কর আঁর্তী উত্ছা কাক খাক বরতা বরি তোডা একগিন দেখলা কি ধলা ভাগে কে পিয়া যবার আঁই ঁই এবার আঁর কায়া মরতে তুর হন আইসেত ভুইর্গামু না তো আম্নে কুছায়া কুথায় ব্যাটখান ছো আঁই আঙগা ম আতা বোগা তুই ও বেন্নিম্না ই গেইয়ে
/kaggle/input/regspeech12/test/test_sylhet_0194.wav,তারফরে ওইয়ো গিয়া তাম ন তারপানি ফতামতে করতাম খতোনি মানে ওয় তো
/kaggle/input/regspeech12/test/test_sylhet_0611.wav,মা তালা বিতরে লিয়া কিতা খইতা ফনে ওয় মা াখমনো তাখে আর আমি বুলি ফাই ই কিরো বুলাম দুইটা জিনিসটার এখটা আছে কিতা া
/kaggle/input/regspeech12/test/test_sylhet_0085.wav,খতা খইরা বাদে বাবা বাইরে বকা দিছো য আমার ডাক্তারোর কোনু দরখার নাই তআগে আমার খরি দেবোন
/kaggle/input/regspeech12/test/test_sylhet_0289.wav,মানে কুনু সবনাযেখন কিয়া যদি বুঝোইন তা ঠিক আছতে আমার কুনু প্মারখা নায় খন তারার লগে আমরার পারিবারিক সট্যাটাত নিক আছে তারাও ফ্েইন ফ্যামিলিত অনটিকরতা আমরার মতো তারা আমরা পরিশ্রম খরিয়া খরে বা
/kaggle/input/regspeech12/test/test_sylhet_0703.wav,একসারে বুন  এেকতু আগে একজনরে ফাইছিম আনে দেখতিয়া আমরা  তাইন তো ফড়ালেখা খরোইন তাইন  সারের দুই বাবু তাকি মন ঠিকাগেছি বুঝা যায় না আসলে
/kaggle/input/regspeech12/test/test_sylhet_0696.wav,ফালা খইয়া খই দুঃখা অইয়া গে না বই না আফনেরার টাইম এমনি নিমু আর আফনে মানে ই বাড়িত নান ই বারই নানি কেউগর আ  আফনার খয়জন মানে সদইস্য
/kaggle/input/regspeech12/test/test_chittagong_0015.wav,আসালামু অলে কম এলাইকুম আর্সালাম ওডি কােন চত্তি হবর টযুর গন খবর পাত্তি না দে তুততে গম আছি গম আছি তু ভালা আছোস আঁ থুই ওডি ভালা আছি কি না অন কর কুম আছি যেরি হ বই গিতুবার গুইস না
/kaggle/input/regspeech12/test/test_chittagong_0159.wav,আইচ্ছে ফারনি এটটা টেনশনও থাছি টেয়ার ফরে ওদে আুন আঁরা যর বাং্দুদুগ কলজিেরে খরদে কী বলরে আইছেননা চত্টগ্রামী ইউনিভার্সিটির ইঞ্জিনিয়ার লইয়রে খইরলে টেযয়া দিয়েরে ফৌছিছে তহ বিরাট যছারা টেয়া লাগিদো খয়
/kaggle/input/regspeech12/test/test_sandwip_0007.wav,থাকুর মইডার মাইজে ইজি লাইগবো কতা কিন লাইগবো একবার বাছের লগে তাওতে লাগেলোন দেড় কেজি দিাবালতেরি নিকা হবো এক কে গবে পরিক্কা লাইগবো গত লো রা ালে ডালে ফাচ কেজি কও না
/kaggle/input/regspeech12/test/test_sandwip_0063.wav,ওগালইা কো ব্যবগত তাইল্লা কই না ইকো আততে লগে যাইবি গিছে হেনে্তে এরিকা খেল্লে সিলাইসেত কোতাই হ্াবাপে ফোন করছে বাফে রাক্কি আইছে যে বাফেরা হেতে ওদ্দুরে খেের নাই যাইবো কইছে হিয়া দিতাম না নে অহন যাইবের আগে কা তাখেআ  কাহিদা বাড়ি মাতা তুইসা আলের বামা মাতাা দবি না হ গেলা
/kaggle/input/regspeech12/test/test_sylhet_0687.wav,েতো াএরপরে আইয়া আফনারা কইতাককুন দেছো আইয়া া  চাখরি খরসআরে ক্লার ইলা
/kaggle/input/regspeech12/test/test_chittagong_0128.wav,ু্তরে খইরাদে নাই মুইজ্জা আনে এট্টা সাাত্তা না নাযা দেরগা এমনি তোরা খাা াার এট্টা দাও দুথো এগিন্তু মননে ফরে রে জানাও মতাা বিডাওবালা একটা বিদা
/kaggle/input/regspeech12/test/test_sylhet_0095.wav,মারসে ফাঁশটো টেখা দেওয়ান লাগে বাই কিতা খরান একটা অতো বড় মরতে খর হরে ইডা পাচশো টেখা দেওান লাগে ফরতি মাস তো ইয়োত বেতন আর বতুন ভাপ দিয়াও বর্তমানে কলম খাতা ইতা তো লাগবে
/kaggle/input/regspeech12/test/test_narsingdi_0107.wav,না এম মোরা যাবাছি মোরা যাকুরা ও ময়ারা ইয়া াা কেম করছে তুইগু আমি ইছে হেইদিন ফার্স্ট টাইম আমি রান্না করতামি গেছি তারপরে ডিম ভাজি ঠিক আছে তা চুলাত বাইছি যে আমগা ছুডু প্রাইভেন্ড আছে না হুম এডার মইদ্যে দিছি হে ডিম ফফরেশুনা দেখোন ইছেডা
/kaggle/input/regspeech12/test/test_narail_0050.wav,এই পঞ্চা মাটে কাটেপে আমি কয় কি ক্যা মাটিতো আমি কাটি নিয়া কাটি দিছে আমার আবার অনে মেসআর আমার বউ না তা কিাইতা কটাা আমার জাগার মদ্যে পড়ি আমি কচ্ছে দোড় থাকার মদ্যে তু খুব বড়ে আমি তোর বাবারে যেমার টাকা মাফাম ফুইয়া অয়
/kaggle/input/regspeech12/test/test_habiganj_0099.wav,যে ছাই তারে লইয়া যাইবো জীবনে তারে তো খইছুইন কক্সবাজার লইয়া যাইবো কক্সবাজার তো আমরা যাইতাম না তক্সবাজারে ওতো অর্ত টেখা তারফর তিনদিন তাখা লাগবো বাড়িত টেকা দিতানা তো দতো দল যাইবার লাইগবো গওতো দূর্জা ওন না
/kaggle/input/regspeech12/test/test_sylhet_0498.wav,ফুতকা খান্তে এখানতে তোখুকুলে আর তসবিফররাম খান্দার ছোটি আমরার যে আল্লা বারও বড়স ওইলো ি আমার সউবতাখাতার ইযা
/kaggle/input/regspeech12/test/test_barishal_0015.wav,রুকওইডা এক ইট্কুল নেসপের্টারের মাইয়া হেরে যেমন খচেডাআমার কোয়ার্টার ওইলা দি দিক না থাকে হেইডা আর ওতা কোয়ার্টারদুলি হেইয়ারা এমন তালা ভালো থাহে না করে
/kaggle/input/regspeech12/test/test_chittagong_0089.wav,েগছ লইতো ন তুই যাই যা এরে এক ঘন্টা এক ঘন্টা করি চিকেছালে চোখন দুইটায় চরতে যার থাকি যাইবুগই ও টুটটুন তু ফাল্লা কম্পিউটার আাতে ঘর ন আর তু কম্পিউটার আস্তে কিন্তু কমটা এন ভাই বানালিরা কি ভাষা মন্ত বাবুই না আস্তে যে
/kaggle/input/regspeech12/test/test_barishal_0066.wav,মিচা আছে অনেক েরেতে চা সুরজুউডার লগে লগে আর সারাদিন ভালো া আমি নু আমি আমার ছিবিয়ার তা আন্নে টা যহন বিয়ে শাদি করি নেই রাত্তির একটা সময় কইছে মা বেতাল দি ঠেই চা না থাইলেতে ঘুমাইতে ছে ন
/kaggle/input/regspeech12/test/test_kishoreganj_0167.wav,শিশুই বলে বায়ু যখন ঠান্ডা কোন গস্তু সংস্কৃতে আকিন তখন বারুতে থাকা জলীয় বাসপ ঠান্ডা হয়ে পানির পুতা হিসেবে জ পানি পুটা িসেবে জমা জমা হয়য় ঠিক আছে হরেমদা না টুসটকরা
/kaggle/input/regspeech12/test/test_narail_0091.wav,াআমিতুমানা তো বাড়ি বাড়ি পিনি কসতো আমি তো আমারে কি তোর বিডা মানুসমনে আচ্ছি নাই তা তো আমি চ্যাগ কইরা দেই নাইি
/kaggle/input/regspeech12/test/test_chittagong_0016.wav,হ অহন রকম কা অরিন খই যবাইন যালারঠেক না এডে কিউ জ্বালার ওবাইন হর দে না এডে দুনিয়াত যবালারা এক্কিন  এডে যে গরম ফরের অবইন ঘুম তো কেনছে ইতো ন ফাদির ক্যন
/kaggle/input/regspeech12/test/test_sylhet_0253.wav,মোট একটাসয় খরচ লাগতো নায় ারে ইবারে আমরা নিমু তুমারে আমরা আর্মি ওসাওটা অখন তাইন টিচার মানুষ তাইরা আমি কিচ্চু খইতাম ফাররাম না বাদে ঘর তে কিয়া আমার আ বাই একজন বাড়ি ইতো বাড়িয়া খইতোইন টাই সিডিও খরিক্কাটা দেয় আফনার বইনোর তাকতি ওগগা নাও তাইন ওইজে আর তাইন যদি তাকরি কাম তা ওইডা তে তাই আর খামনে আগাইতো ফারতো না ওগু তাই লাস্ট টার্গেট ক্লাস বড় আর ওইজিতে
/kaggle/input/regspeech12/test/test_sylhet_0091.wav,খামফাগ না খও কিতএতোখালেও যাইমু যরো ডা অনতো সম একবারও চাপ করি সাব্বাগ থাকতা ডা খয়রা কি সেগুন এটা সব করি ফরের দা ইডুইতালা নতালায় গরো অষ্ট অছে সব কিতো হরি ফরা ফরে যাই আবার কিংটালাত
/kaggle/input/regspeech12/test/test_rangpur_0052.wav,বাইয়া তলাগলা নিইয়ও মানষেক স এলা নাই সব েলা এ কেমন ইনকাম আছেল আগে কেমন হতো টেকা আছিল কেমন নাড়া ছাড়া কচ্ছে ন এলা কুুর দাম য়া কবাত টেকা লা শাহিনো শাহিনের মাও ফিরুের বউ ওই ফিরুজের ব্যাটিও ফিরুজও
/kaggle/input/regspeech12/test/test_sylhet_0387.wav,আর আর তো রাইন্নে বামি যাওয়া লাগতো না আর এইরা এম্নে গিয়া এম্নে এক্পর সিদ্ধা যাইবা এরে ুতো টুয়েন্টি গচ্ছি চ্ছ
/kaggle/input/regspeech12/test/test_chittagong_0027.wav,ইতি মা ওগগো তিন হেন্নে ইন্নে গরিব ইতেরে বলে বিয়া দিছে লাইগু হর ইয়ু হ ইচ্ছা আন্নে বিয়্যে দিয়ে খেলুন দরখার ে হারার এইকুনু রে বেশি হ না হ   হ তে বিয়া দিবালার দেয়া ওরেইয়্যু এই যে গুরে নেবো
/kaggle/input/regspeech12/test/test_kishoreganj_0013.wav,কতা হ কেটা হ ফুরাইডা এ কুদদায় না কছু ম নামাজ ক নামাদ বানে এই যে এ কি কছুদে কতো রে নামাজ তলবো কুমানেহে দামে ফসছালো না লেই মারি দেহাতে আমা টা রইছে সবার একটা দিছতাম যক নিতে ই যেই মাতারডা কি ুনতে মানি বাইচ্তা লায়
/kaggle/input/regspeech12/test/test_tangail_0122.wav,তো দুই তিন লাগ কী হবে কিন্তু তারা ওইটা ওঠার চেষ্টা করতে তারা  দেখলাম খাটিয়া বি সবাইতামলান খুলতে ব্যবসা করার কুরুকলে ময়লাগাপড়গুলা সরেয়া তো ইটাও একটা ভালো উততো কিন্তু আদের আসলে অনেক ব্যাফিল ততে
/kaggle/input/regspeech12/test/test_sylhet_0174.wav,ই এডিয়ার কা অনেক বেশি নিরিবিলে মানেও হয় এডি কিতা মাট নগলে তো এডিকে ইস্কুলের মাটিঅয় অয় হডতো কলেজ অর ন ইা গুদবোদন ওইছিবো কলেজ হুহাতে খালি  ডিটা হয় না
/kaggle/input/regspeech12/test/test_sylhet_0572.wav,আর কিলা বেডা খাইয়া খ আই সবাই টিরা যাইটোইন খটা খয়াইবা নাইলতু নবইতলি না ফরে তো
/kaggle/input/regspeech12/test/test_rangpur_0008.wav,এতরামা শুনবেন এচুন্দির ইয়া কইছানা হাস ডা বান্ধবি তো আর কী অইছে  নাই বোযা আছিল মেলা হাস আছিল নাই জলি তোক মোর কি অইছে সেটা
/kaggle/input/regspeech12/test/test_sylhet_0452.wav,বৃষ্টি বা মনো াত তাটিনা খন্ডো বিত্তি ওতা আবার মনেতানাইতাম কি  এফ ইম এখসাপ্তা ওইতে না আবার খতা খালি ক্যামি আমার জামা ইরে খইরাম যে আমার খনর ক্টা ট্েখনা দিগলাও একটু বাড়ে যায় গে বিরা বুলে তুমিও খবে আইতো একটা আবার ফনরো এক্টা টেখা এখন যেওয়া যাইতো না যাওয়াও দিনো
/kaggle/input/regspeech12/test/test_sylhet_0701.wav,ইয়াদেখা লগা খয় কে না না ইখানোই থাকতে খারোইয়া খরোইয়া মাতি আফনেরা আর লগে এখেকজনের লাইজগা খতান আফনের লন না খইনআফনে কিতা খরোইন  ও মানে  বড় দেখা
/kaggle/input/regspeech12/test/test_narail_0060.wav,কুইতো সেটুকরি এইটুক দিক খিত দিতি পারতছা না এা তারলএই ভাই প্লেয়া ভড়া ে চাকর তে অর তারপরে পয়সা কয়ডি হলি তারফরে যে সুমায় বুঝবেনি হেই সুমার হত দুক কেনে
/kaggle/input/regspeech12/test/test_sandwip_0121.wav,অইলাম না আন্নে যেখুবাজি বেশি খাইতো ছাইলে অল্প অলগে এ ু বোলা ফেথা ফিশি কী াতরে পতিরিক্ত কছো  অঙকা নাতি উগলা আছে যে নাতিনে বযাপার হিতা আরেক্কানা দুর্বল আছে হুইতের মাই্না ও এক্কারে মায়ি ও আঙগো
/kaggle/input/regspeech12/test/test_sandwip_0073.wav,তো অতো পাত করি য়লাগ পিডা দিবো আগে বাট হেগাওার জিনিস  আগের লাগে চিকিৎসা করে না কনু হেয়াইতো এক্কানে দিকপারা নাই এই কোনো অরফিক বিশক্পলে আল কেই করা ক একট্যারেক অ পছন্দ করে কনু বিরক্ত এইকো ওইলনিয়ার লাগি গো
/kaggle/input/regspeech12/test/test_kishoreganj_0092.wav,কি ক পাককিস্তানের ভাসা দেয় কি পাকিস্তানের ভাষা কনো খুজার ভাসা ক হিন্দির ভাষা কর হিন্দি তুমকর নাম কা  হ্যা তুমক নাম কেয় মুক কয় তুম কি কি করোহ তুমুকর নাম ক্া
/kaggle/input/regspeech12/test/test_narail_0002.wav,বাগায়নি বাকার পুলিয়ার শার নিরি প্যান বাকর আর ওই জ্যাটটা কি নাম জানো পুইলেশ সারে বাইর বেটাম কী বানো না বের্ব্বারে জমি থান তোর বাবায় টাহা পয়সা দিয়ে
/kaggle/input/regspeech12/test/test_kishoreganj_0099.wav,আরি বরমান বিছে খেতু কছ কি মন না অন্যকালা আএ মুনআইয়
/kaggle/input/regspeech12/test/test_narsingdi_0092.wav,এড এডি বইন বইন এইড কুঅনুষ্ঠানো বারা জিলা বইন ব  দিতে না বাবার কি ছা মায়িক আছে ঠিক আছে তারফরে ফাওন ড ক্ষেত্তো হুইলার বাড়ি ডাহাতাআন্দিক তামু ছ তোর বাড় ডাহাত আন মিথ্যা কইয়া
/kaggle/input/regspeech12/test/test_sandwip_0097.wav,আানে হিয়ানদে আঁই এম্নে সিএনবি লোকাইল গেলে আম্নে অত লোক েনিয়ে তো একদিন যাই এন  যে কিয়া ডিউডি কিননি আই আরে আমনি এেনকি আং্গুরিস্তাল্লা কি দিছে হেরিস্তাত্তে জাম অন  কি ইপ্টা যযে এইকটা নাছ
/kaggle/input/regspeech12/test/test_sylhet_0330.wav,আমগো ওইযে স্পলারসসমো তাকরি খরতাম ফারমু ও আদারতি বাক ছাকরি খরতাম ফারমু  ইংলিশ মিডিয়াম বিবিন্ন স্কুলো ছাকরি  আমার খরচটা মি তিার খরতে আমার তোওই যে ইউনিভার্সিটিতে যাওয়ার ফর তেকিও সেল্ ডিপেন্ডেন্ট হওয়ার্কি একটা টেন্ডেন্স দি নিজে নিজে খরজ খরিয়া আই উকটু
/kaggle/input/regspeech12/test/test_kishoreganj_0063.wav,ছলচি ালে ছুু কুলটা তু নিরভা বেছে ফুটানার নাম নাম নাম না খাপত ছে ন  পুলাফাম এই দৌড়ে কেলা এইডা
/kaggle/input/regspeech12/test/test_sylhet_0295.wav,তাইরও বিয়া ওইা গেছে তাই জামাইতালি তাখে তো তাই গিয়া বড়ো বড়ো রণ দেখ আমি গিয়া ছুটো ছুটো টেই দেখি অখন তাই আমারে খয় কীতে কিতা দেখো তুই একটা  বালা দেখিয়া দেখস না খানা ইতা ছুটো ছুটো রিং দিয়া খসকি তখন আমার মাঝে কাজ খরে যেআমি যদি একটা বড় রি অখন প্লোজ ফড়ি আর ইটার যদি তাইন যদি ইটা পেমেন্ট ফড়তা ফারোইন না তাইন একটা ফরম ফাইবা আর একটা
/kaggle/input/regspeech12/test/test_sylhet_0200.wav,কেউ দাঁড়াইতাম খুব ওইতো তল্লা বইয়া দাঁড়াইয়া কুনুরকম খড়া আর যখন দেখছি যে না টেবিলো দাঁড়াইয়া ফড়তে খরটে মানে ফাও বেদনা ওইযাতো তখন আমরা টেবিলের তলো বই থাখতাম মা মরা খরা লাগতো নাম কুমাইযো
/kaggle/input/regspeech12/test/test_sylhet_0496.wav,হওন বাজের মদ্যে ওর যাও খলি আসি দাম ফার্না ওগ মানু হসপিটারো আে  বয়া তিপ্পড় দর নায় এখন তাক এখন আমার খাক বন্দুন না কিতা খ আমি বাতরমো এমন খাত টুরছে আমার লাক্সটের কটকিটু খুলিয়া আমার আ পোরটাবর জাগাউগা মানু ্ছে রিয়াক ফরে যাইয়া আমি এদিক্কে ফাই না বলা দেখলাম না বয়স বলা এর খালি ইটা যাইয় ট্রাক খরি পরতানলে তখন আমি একবার তাইকা দেখতে আমার তো বিয়েগু যিনে দরা কিডগাতো দরা নাই ইডা একগুরতবাকদি
/kaggle/input/regspeech12/test/test_sandwip_0039.wav,বা আরে কো মাচুগগা লই গেছি একুইশ টিিয়ারগোর দেড় ঘন্টা যুগনতা লাইগ কিমের দিজ্ঞাইছি নাম মোর কোনোরকম আরও কোন্গা হুঙগা ছুবইয়া এক্কান ক উইয়া এক্কান কো কোনোরকম আম থিইয়া যে কিমের তিন কইতে হারে না মনে অয় আতফারা কইতারাল হুম
/kaggle/input/regspeech12/test/test_barishal_0048.wav,ত আচ্ছা আমনের  এট্টা কথা কইতেছি আামার ই এট্টা জিনিস লোকেকোনো মানুষ কি চায় যে গৌরো এটটা দুনযা মানুষ  তোরে ক কুনালাগে আমরা কি অসটা্তছন লোক হ্যারপর কওয়া লাগে সা দুঃখুট চোটে কওয়া লাগে এই কামগুলোন তরে মানুষে গর পায়নছিন
/kaggle/input/regspeech12/test/test_barishal_0007.wav,মানে দ্যাকপেন নাবু ভাকপু আমাগে মতোন দিন মুজুরি রিক খেল্লারা ভ্যা্নালারা বদলা খামলে রা জীবনে মা বাপ ফালাইবে না আইগগে যতুই মাহেও হই বিচ নে পোলাপানে পরিক্কা করে তোমু হালাই দেয় না আর এই যত ওই দুই এট্টা বড় ধরনের ঘটনা দেহি বড় লোকের ভিত্রে হয় মান সনমান প্যাট িতে পারযে মা বাপ পরিচয়  দে পারে না
/kaggle/input/regspeech12/test/test_tangail_0036.wav,মনএকটা মানে হিস্টয়িটাইকাল ছবই অবো ফরে দেখলাম যে না যদি আমি অনেক পড়ে দেখছি ছবিএডা অসম্ভবেকিছুসুন্দর ছুবি যদি এটা যারা প্রথম ছবিডা শুরু করছি তাদের পক্ষেটা
/kaggle/input/regspeech12/test/test_narail_0079.wav,অনে খরতে যে হ আমার ফোন অবস্থা ভালো না হ এ তুই কথা বলতি হইছি সবার গুন্ডি লাগালাগি করবের নাই তো ভুন্ডি লাগারা কি করবে
/kaggle/input/regspeech12/test/test_sylhet_0131.wav,এইজার ইতো আর কিতা তর ম বাইর দুই ডয়ও কুনুটারা খাপড়ত নিয়া দিয়াই আর আমি তো  বাসাত খাম খরতাম দনা দেয়নি এরতো আমি আর ডুক খামু ঢুকছি আই কুনো খ তো  খর ইটাতো ছই মাস দুরে খরতাছে   ফড়তাম ত খরতো নানা ত পড়তা না আইতাছে সামনে ও
/kaggle/input/regspeech12/test/test_kishoreganj_0083.wav,হলইয়ারা হ্যা লইরা আমরা তে কাতাম না করাতাআইন্নে কি আটটাইল লাগে া হ্যা কেতে আছাা আননে নান্দা গাড়ি ছেলো না ন কতকা লাইজগে  আট টিকা লইয়া আইলে  এক ঘন্টা
/kaggle/input/regspeech12/test/test_sylhet_0344.wav,বাইবা দিতাম তখন আমি খইলাম যে এখন তো চাকরি করতে সবস্থা নাই বাচ্চা আইজকা দুনিয়াত  মোটামুটি ডিসির তো থার্টেইট তে এখন টুটকিমারকি চাকরি করি দেলো তা তাই খইলে এখন তুমি খরতা ায় বো র একটা অবস্থা নাই
/kaggle/input/regspeech12/test/test_noakhali_0009.wav,অ কা লা কলে কিনা া কমিডিককি আগো চাইরশো টাকার বাজর টোক সদাওকারি কিনসে আন্নে উচিত রা আলে কিতু ডন না কি য় গো
/kaggle/input/regspeech12/test/test_sandwip_0130.wav,আর একদমে আআঁরর্তো একদম আঙ্গো ইয়ার ফইলার না যদি আঁই আন্নের ফযেশার দি দেমেরগু আং্গো ই হরা লেখা ফুতাগেচাল তো হিয়কটা যদি কইতা যে তুঁই এত ইয়া করান লাইগবো
/kaggle/input/regspeech12/test/test_sylhet_0727.wav,বিয়ার দিান তাখা লা আরদিন টাখা লাগে আর গাা দ আমরা  াে আরেটাকিা  থাখা লাগে টা নাও কয়াত না তানা একটা ফলা ইটা কিস্তু খাইয়েন গাছ কিলা দুইদিন থাখে মানে রুজা না দুইদিন ধরে আইন্নে রাতেও তো বেত খাওয়া যাইবো সখাল তাকি উপার থাবাদি নাকি র
/kaggle/input/regspeech12/test/test_sylhet_0675.wav,আন্তে আগে নি দিক্কাআইয়াওই না ইডি আইনা  ছানা তে এখন  আফনে দেয়া পাবতে ওইলাও ায় আমনের ভাই তোমার এলাখার ডিকরি কমপ করস তুমা ন
/kaggle/input/regspeech12/test/test_sylhet_0499.wav,তর বামে আর আমবার ওহনোর ফাছতালা বে নাই আমার ছুটটু বেডাম  দাওয়া খ দেওয়াটা ওয় টু প্রতি শুক্রবারে তো তখালে ফোন দিছে নাববাখাত হিনো গেলে দখ তুমার সব প্রতি শুক্রবারে আমার ননন নন খড়ি মানে জামাইর বইন বড়জন এগরামে ননো খরি খয় আ ডামাই টুকরাও যেরা তারা ননন খইয়া কি ওরখম সব দলো ও ইবে আমরা সব জাল অল আছে আমার বড় জালা বারো তাইন অবাছতাতটায়
/kaggle/input/regspeech12/test/test_sylhet_0080.wav,একবার বুজা আগবি আমিন ক আমার মযথ্তেই আমার বুজা আমি যে নাই লাত নাই তাল  ত নে ডিফ্রেন্ট খতো অনেক তো তাই অনেকত আমার তাইর অইলো দুইযা তাত ব তে কানটান করো না
/kaggle/input/regspeech12/test/test_kishoreganj_0116.wav,কনটির জন্য পানের উদ্ভেদের উপর নিরবরসি খা দ কুনটিশ জন্য পানের উদ্ভেদে উপর ন খাদ্য কুনটিশ জন্য পানিের উদ্বেদে উপরে নিবরছিল খাদ্য নিচে কোনটি সটিক খাদ্য শিঙখল থাইড টামিকল গাছ পড়ি গাছ চাপ বেং
/kaggle/input/regspeech12/test/test_tangail_0037.wav,রুদা একটু কঠিন ওইতে পারে তবের একটু লম্বা লো মনে ওইতে পারি কিন্তু সব ভিজিওয়াল থিম সব সুন্দর  দেইহা ভাল্লাগবো ফুরা লাস্টের দিকে যায় আপনি এডার ইড বুজ
/kaggle/input/regspeech12/test/test_sylhet_0183.wav,হয়নহয় নাআচ্ছা তে আপনারারে অনেক সময় নষ্ট করলাম কিছু মনে কইরবাইন না ফিরাযাতা তাা আনা নষ্ট
/kaggle/input/regspeech12/test/test_sandwip_0114.wav,কম আই ফরে একটি স্কুল আইছে বেতনটাতন দিবার লাইম অনে কত ম যিকতেকমেনা দিশ স্যামি কা েক  মমা সাজে হেতে তো কোনোদিন নাই দুসের মারকে গেছে কোনু উপস্থিতি নাই হরে জিজ্ঞালে অবস্থা কয়ায় না হোলারে তো দেখতি দেওকদদি
/kaggle/input/regspeech12/test/test_tangail_0015.wav,এইডসটে আক্রান্ত ওইয়া যায় পরে একদিন মেরির সাথে দেহা অয় মেরি পরে ওরে বুঝাই সব মানে ওর সাতে অনেক কথা অয় পরে ও নিজেরে চেঞ্জ কইরা ফেলাবো বলে সিদ্ধান্ত নেয় পরে আবার যাই কুইন বেঞ্চের সব সদস্যদের কাজ সাতে কথাতা কইয়া
/kaggle/input/regspeech12/test/test_chittagong_0073.wav,সুক্তিডি আছিল তারপর আরো আমানে আঁরারে পরিচিত এনকে আইর মামাতো বইন মামতনরদ খইদদিছে ইতারা ফজ্যন্ত হরছো ডিজিটা্স বোট দাওয়ালায় কিন্তু ফয়িয়া ইখানা বেশি ল বেসরকারি ত ওডি অন ছুল ল ফেলাইবো কিন্তু টেঁয়া না হত সরকারি তো টেয়া লগবে বলে
/kaggle/input/regspeech12/test/test_comilla_0020.wav,তাইলে বিষয়টার মধ্যে কিন্তু অনেক ইয়া ছিল আবার কারেন্টের তার একটা আমরা যখন যাই পড়ে আর কারেন্টের তার দেখি নাই এখন কারেন্টের তো আরটা ছিড়া সবাই ধারণা করতেছে যে এইযে ধলনার যে এ এযালোমিনিয়ামের যে ইয়াগুলা থাকে না সম্ভবত এই ধুলনা রশিটাতে যাগারেন্টে তো আরটা ছিড়া পরছে এরকুম মানি একটা ধারনা করতেছে
/kaggle/input/regspeech12/test/test_kishoreganj_0074.wav,দাদা াতো আমি যেতাম আর তুমিন ফার এককাা লইো গা ত ফারে এককা না গ্ারা একটা ফার দুইডা ই ফরা  দুইডা ফারে না বিতরে তুনি তুমি নি লাগা আম নিতাম গনা তুমারে দেও আইচ্ছাতুনিবাগো তুইলল নি নি বেতনি চইলেছে ইডা গা তুইলািনা করছে নি
/kaggle/input/regspeech12/test/test_sylhet_0759.wav,ফারে না হুনফারে না হুনতি এখন ফারে না কুনুখানো তারোও ফারে না ওখানউ বলতে মানে ফানির কিটা ফড়লে আকি ইন্ডিয়া ওয় না ওখানো নি  হুডরামু যা খাই তো বিয়া তো আছে খওর
/kaggle/input/regspeech12/test/test_habiganj_0065.wav,কিতা ওই সিক পেমেন ইটো তাককে আগে খালি টুকাইতোগাই বাই খরতাম আ আনন্দ ফান ফরে বাংলা ইতা ইতা কোন বইয়ের মইদ্দে গল্প আছে যেতোতুকা ইতুগা একট পরইতাম আর এমনেও করি গল্পে বই আর অখন তো মোবাইল আইতে পর দিকা মোবাইলির মাইটে খতো গল্প দেয় মোবাইলের গল্প বাল্লাগেে করি খয়দিন আগে আমরার পরিক্কার আগে মোবাইলের গল্প এমন ইটা ওইতি খালি গলফের বই কিনা বাল্লাগে দে
/kaggle/input/regspeech12/test/test_sylhet_0639.wav,প্লাসলি স্পিপ ফরো খই খরো ফুর আন দুমি মারা লাগে আরখানে দালতা ঠিক ফরো আমর র্যাংক খরি টিতা খরতে বালা লাগে বিক্ছি বা রি খও নানি ফড়া ইলো খয় দানে যাও
/kaggle/input/regspeech12/test/test_sylhet_0244.wav,এর আগে খইলাই আমি তো এখেদিতে যেহেতু জেলার মদ্যে ফার্স্ট ওইছি তো বোট ফোলার শিপ ফাইত্রি বোট ফোলার কিপার খারণে আমি ইন্টার ফরযন্ত প্রি ফিও খরি দিছি অলমুস কিন্তু ওউযে এগও লাগতে আমি হুসকেলো থাখতাম মরি হুস্টেলে তা ইরা দিখ্তা হুশবেল খল রা
/kaggle/input/regspeech12/test/test_sandwip_0080.wav,লাডা যে আছে খব নিনতো অইবো ওযাফুল কওগা খইয়র যে এ ইয়া বোআমার বইয়ান্তুগগা ল মনি না না হ ল ইয়ান্তে ল না এইহে আবার চারফান করি ইলা বুজো আফুর কও গা হইয়া আমারে দিয়া কাড়ি দবো যা গাততি অইলা কাডি দাকাইততে অাইলা কাড়ি দ  আফুদো ক ব
/kaggle/input/regspeech12/test/test_kishoreganj_0069.wav,ততা দিছোত ফরবা আমি কেও কি ফারিন না নিব্বার জেলা কিবে নাহ রাজা ফালবাইন রাুা আমন  ইদডায়া কি তা ভাই ালগা রাইজ্ঞা দি খ টুইনা পাআমার এক্টা টেকাতি
/kaggle/input/regspeech12/test/test_sandwip_0035.wav,না হুইজ্জে নিয়া কিচ্ছু খইছে যে কু হুনান দিলাগ নামা গেরি খাইতে   ন তািাকি রেইনছেনা ইজ্জা আন্নেরা
/kaggle/input/regspeech12/test/test_sandwip_0048.wav,ানা একটু ঘুরছ হুম আছো তন দা তাফাক বাই হবরাগুনের মাথার ও আরা হুত সরস্ছে নিছো নাহরি জেলা গইরো কুন
/kaggle/input/regspeech12/test/test_chittagong_0137.wav,কিছু গইকালেইয়াআরে হেে দাখে না গর ফাডা উুদাহা বাইয়রে আরও খর্দে ছিবাতের হাতে নাকি আরো খন বাসত তুলি দিতোনে আ বলে এ বাসত ঘুইরিয়া রে হেলাহ নাম্নে যাইতাম আইয়া নরে কিছু আগা আমারতা চিনিনি আতো রতে য়্য আইয়্লে গুইনা ফাডি ই মায়ুনা ফার হয়ার খরদে ইতারারান ডোল দি
/kaggle/input/regspeech12/test/test_sylhet_0069.wav,তে আফনারা ধর্মীয় আচার অনুষ্ঠান লইয়া যদি কিচ্ছু খই স্া মানেতো ওইযে হিন্দু নানি আফনাত নন লইয়া বা কিতা খরোইন কি কুন কতা অি কিতা খরছো তেরসত্তে ুজাততার
/kaggle/input/regspeech12/test/test_kishoreganj_0148.wav,কিনতু াগেহে  গানবাজি এবং লাইট পিকার এবং মাইক বাজিএ  শব্দ দুষত পলছে ওরে দ শব্দ দুশের মানুষের মানসিক ও সারীণিক সমস্যা সৃষ্টিকে স সাদকফিক
/kaggle/input/regspeech12/test/test_kishoreganj_0009.wav,হাে ব্যবাদননা আরি কই কারোং বহুত জাগা ত কুনডা একবালযাগো
/kaggle/input/regspeech12/test/test_sylhet_0083.wav,কল দরলাতুনম ওটা ওট্টে বাসা লইয়ারেলু হ্যা শেষ করি গি ইফ যে মশা একটু একটু কুনোর বাসাই সাইডা নি  তরে তাবা না বাসাত নাই একটু হাটতে হাতে মাতি
/kaggle/input/regspeech12/test/test_sylhet_0570.wav,দুর্বলতা নায় সযালাইন ট্যালেন্ট তচছে যা বটারনি ডাক্তারে এইকাওছোন ইকটা একটা রুপ কন্টিনিউটার ওষুধ ফলবো ে আর  হও মাতায় গুরায় নানি আমদা ই ফানো কটুিও আছে এ যুপ্ত তাখলে আ িছা আরকি তা খেয়াল হয়াল্ করোইনি না
/kaggle/input/regspeech12/test/test_tangail_0076.wav,ওই ফিউলির যে বেড মানে বানিতার যে বেড নাইকার যে বেড ওই বেডের বাশে গাইফা আছে ফরে এই ফুলঅরতো আরবার ওয়ার পছন্দ আছিলো আগে ঠিখাই এই ফুলের বাঁসনা তো মানে কথা না বলতে ফারলে অনেক সময় আছিনা সেইন্স কাজ খইরা ওইততো ইসময়  এই সেন্সটা মানে
/kaggle/input/regspeech12/test/test_sylhet_0669.wav,আফনে মানে হাউজও আইছ নু আমার ছুটবেলা বিয়া ওইছে কের বত করম গইয়ো ওইছে হ কম বইছে ব তেরো বাইত কেরম ব এ
/kaggle/input/regspeech12/test/test_kishoreganj_0173.wav,নিরাপদ পানি নিরাপদ পানি হুম পুকুরা পাড়ি নিরাপদ না অ নিরা পদ নিরাপদ পুকুরা পানি নিরাপদকেলাটে অনিরপদ ভাযে
/kaggle/input/regspeech12/test/test_sylhet_0741.wav,স্বামি কর তে তার ও ইয়ো ওইয় যাইবো তার মানে কই যাইম আগে  সম্পূর্ণভাবে তারা ও মানে টাই নামের খ্াতা আফনেরা ওই  করলা ওইযা তারার ইকানোর লগে সম্পরাো
/kaggle/input/regspeech12/test/test_sylhet_0433.wav,তুইগারে ছাইন না হয় তো যদি খাখারাপ ওই যায় রে বাবা তো আমি এখটু ফরেওয়া খালি ফরে এখটু ফনযায়তে আমরা ম্যাডামরা কছিাতাবো মিটা খাতা ইচছা খর  ুনিয়রে কিন্তু তাইবা না ফরে আমি ইছজান তি কিতা আনমতা খরি না ওককা কছে না বাবা বালে ছলো মা ওরিবাতে খান্দা তার নতিকিয়া দিয়া খইয় যায় বাবা তুকে খান না খরবে না তুমি বাল নায়
/kaggle/input/regspeech12/test/test_sylhet_0737.wav,তগথাকলেসাপরে র বিয়া বাগবে রাত্রে বউ একটা পুডা না না ক আপনে কুজা না ইটা ভাবো না নিয়া আমার জিজঞা আইয়াকিয়া বুনায় না
/kaggle/input/regspeech12/test/test_kishoreganj_0068.wav,দেহন তোর দোহান খুইল্না ইলো কয়জাতমা অনতো বা  খুলচুম মামা দুইডা ছাও ফাইছি কুড ক্যে আর ভাতার লিক্কা বাতা লিয়া ছা ফাইছো হ ও আইচ্ছে
/kaggle/input/regspeech12/test/test_sylhet_0346.wav,নিউগ এরআপ ফড়বু আর ার দ মাট এখন তখন লাইওক দিয়া ডিসনেস অইলো আ অইলো ওইয়া
/kaggle/input/regspeech12/test/test_sylhet_0162.wav,গাছে কাত গা তো বড়তো বড়তো   খব নাএফবায় দিমু রাকি হেল্প সাইড ফরিোমই এফটা ইয়া ক সবাইর বাত আমাই প্লিবু এরা কিতা ফাইতা না া অপেনালাইলা তোমতা  টবন্দুরগোর খাউলে তারকর নগর নবী জাঞ্যা আরো বয় যাওয়ার খবর
/kaggle/input/regspeech12/test/test_kishoreganj_0189.wav,গিরিন অতো স্কুলে গুলো তন না এক কি কি গুত ত নি ব্লো ত   ফরে ব ব মমু অন ক াতে ফারতাত নি বো দনিল হ
/kaggle/input/regspeech12/test/test_sylhet_0540.wav,টাইম যাই সারাদিন আওয়াক লাগে খালি আসতোছোকুনু সময় তো আমরা এলােসনাক মিস দেই না আরেখটা ্তাখে না আলাদা আখটে আমি গেসলডারিনি কছ বড়ো ফরে লাস্টে তিনটা সময় খানি বানাছোন গিটুফালে বরো
/kaggle/input/regspeech12/test/test_narail_0108.wav,আলা আচ্তা সাংবাদ আর আছে শুধু ফ্যাটটিসুটা ইটারা খনো কোনো পরিবর্তন হয় নি ফ্যাটটিসুটাও ওটা দেখি এবার যে আবার দেখাতি হবে কী হয় না অয়
/kaggle/input/regspeech12/test/test_kishoreganj_0058.wav,এইযে এইল্লা জিগা এইলান জীবন উইড্ডা উই্ডা উইত কি ছা দিবানি নিতো কা হে কে জ্কা টানদা তাাও হে কে রক্কাকা ফা ছা বলে ডা াা হে বেডা দেইগা
/kaggle/input/regspeech12/test/test_kishoreganj_0080.wav,কর দুই্টি না দাইত্টা  বেছে না খায়ালাএয়রা তো খায়াল্লা দায়ডা া ফাফাতেশ খাল বেচছু াবেছেলা
/kaggle/input/regspeech12/test/test_rangpur_0064.wav,আর কিচতে আর থাওর বিয়ে কারছে হআতার বিয়ে করছে ছাওয়া হইসে এম াাতোরের জেগাতো বইনের বিয়ায় নাই কারে নামা ওই যে মার বাইদ্দা আছি হয় হ
/kaggle/input/regspeech12/test/test_sylhet_0497.wav,খইন বাবা ইটা কিভাবি আটলো তুমি ইকটু টানতে বাতুইন মেজাইয়া তুমি ইকটা চাপ দেছো কুনু ব্যতা লাগো নিয়া ইলিশলি এখমানে ভিডিয়া উডিয়া আইচ্ছা য়া বামার বারো মাতা  অখন কিলা  টাতা দেখন আমা খয়ি ালা মানি ইকটু টুমি গয় ফাইছ না আর এনু আমার টার্চ খরলো একটু লাগছে লাগার খনে মানি ওউ মনো খর যে তারার টানতে ন এখটু ডি্লা যার ওলার জানে বইলতে উঠিয়া আর গুইর তাকতাইতে খারয়া গেযা তুখ বউত কিরা মানে কচছিসিট ছুক য়া গেছেআল্লা রহমুাাাান ডর নিয়া খানতাম
/kaggle/input/regspeech12/test/test_sylhet_0188.wav,বড় ফমি অনোক আব্বা আম্মা াআতজন নও ক্লাস ওয়াননো খরি ইতাকুনু বড় বাই ব্রিয়া উছি তারপর তিকি বড় ভাই বড় ভাবি
/kaggle/input/regspeech12/test/test_rangpur_0025.wav,গরুভাবে ছাওয়াই গেছে পাদখাল আা যাইয়েই নেকি তাও যায় হামার বউ আগে যে এই বাড়ির মানুষ এইযে নীলিপুর ঘরো খুঁচ করি সর্ব পুরতম খতে খানু এই যে তোমার নানি নবু ওকার নানার খাছি
/kaggle/input/regspeech12/test/test_sylhet_0612.wav,আাপ্পাই দিয়া ছে বা িনন ইচছা হ আব্বা টানের নিলা আছোন গফ তা মানে ফে গছে আই নানি ওই যে সাকিবর দ্দো র জানরাও বাদ
/kaggle/input/regspeech12/test/test_habiganj_0051.wav,আমরার ধর্মীয় বই টই আছে ইতা করি এরফরে পার্থন্যত্য না করি গান ওন গাই গাইয়া তে
/kaggle/input/regspeech12/test/test_sylhet_0648.wav,খার আর আমার ুই থাও আর তুই কটুল কী বলদনা
/kaggle/input/regspeech12/test/test_comilla_0011.wav,হয়তো এই দুলনার কাছ থেইক্কা ওদের রিয়ারসাল রমে দূরুত্ব অয় তো তিন চার মিনিট হবে ওখানে যাওয়ার পর স্ার যখন বলছে যে রিয়ারসাল হবে না তো তখন আবারফিরা আবার দুলনার কাছে আসছে আইসা দেখে যে ওর বান্ধবী ওজনু চাইবা সে দুলনার মধ্যে একদম অদ্ভুতভাবে বইসা রআছে মানে একদম
/kaggle/input/regspeech12/test/test_sylhet_0107.wav,তোাত বাতলা দিতো ছাতর রাইত্টালি একটু ফুটলো নাই মাইলকে খইকলামডা ফুটপলা খরো না ফুটে দেয়  ফারা আমরা খইলাম সাত আজার টেখা দিলাও আফনার লাগিও আমারও খুততেে কইতার লাগে ফাশটা টেখা বাখহাজা একছো যিটে খানি টেখা আমার দরোসেদা
/kaggle/input/regspeech12/test/test_tangail_0069.wav,মানে জানে তহন ওইজায় হাসপাতালে আর আরা দুইজন দুইজন যে পছন্দ করতো মানে কিন্তু বরুন্দাা নতন সিরিয়াসে ছিলো না আর মেয়েডাও মানে যে নায়কা ওকেউমানে দুইজনেই কেউ কাউরে বলে নাই বরুনদাওন সিরিয়াস টিলো না মেয়েডাওয়াও
/kaggle/input/regspeech12/test/test_tangail_0063.wav,আর বরুন দারা বানি ইতা দুইজনেই অইছে হোটেল ম্যানেজমেন্ট আর ট্যুরিজমের মানে স্টুডেন্ট মানে অরা হোটেলে এহন আর জব খরে সম্ভবত মুম্বাইর কোনু একটা ফাইভস্টার হোটেলে ম্যানেজমেন্টের কাজ খরে মানে কহনো
/kaggle/input/regspeech12/test/test_sylhet_0761.wav,বইনি জ্যাটার গরো বইল নানি বইন গরোর বনু বইন জীবলতে তাম কিতা দাদুর  তুইমার খালা না ন এর বিদে খাাা াঙগা
/kaggle/input/regspeech12/test/test_sylhet_0402.wav,মানে ঠিকটাক া তাখে ওইবার সতে তারা মারা যায় ওতোমো এখন আর তো ডাক্তারি যেখাইয়া জাগা জাগায় ওবা ইটা খই লামনা সখালে যাইটা ডিমান দিয়া ডাখাত আবার বিকালে আইতাম ওউ রখম ছলা ফিরা খরছোইন এরখে বে বাচ্চাও দিখাইতামু
/kaggle/input/regspeech12/test/test_kishoreganj_0091.wav,এনা লুডি কা খালি রুডিকারুডি ক হুম হ কুনগা ছে না ভালা ভালা হ কুনডা ওয়াতি করছি
/kaggle/input/regspeech12/test/test_sandwip_0094.wav,দি বেকিম লে তোর কাইলেন না া কাইবেন না কি নাানায়া কিদিখখায় দলে বিয়্া খুজলি ফাতিনাি
/kaggle/input/regspeech12/test/test_sylhet_0436.wav,আমি খইতে ফারি না বুল বুলডা তোরলে আমারে বুছিরিয়া দিতা যে ওউ গুলটা তুমি খররায় আবার আমার যে আমি গুল কিতা খ না খন বুঝতো ববাকি নায় আমি নিজে কুকি কিস্পিকার ইরা মনে খয় আমি কুনু বুল পাখন কা তর মবোতে ওরখম ফরে হে বাগা খ যামাখাখন
/kaggle/input/regspeech12/test/test_narail_0134.wav,তুমরা দুইজন গরো ইন্ডিয়া তেবা ইন্ডিয়া যেট  তংসিল কতাগুনি বলি খিসনে তুই যেরকম বাড়ি থুইয়া মারে থুইয়াকোনো জাগায় যাতিই পারবি নাই
/kaggle/input/regspeech12/test/test_narail_0094.wav,আমি যদি মনে কর তাম তাল তোর সাথে কথা বলতাম না রম ক্যট গিপট ত তুমি জানো ভাল বে একসুময় তোর সাথে আমার মানে কথা হয়সে তা কান তার সাথে দক
/kaggle/input/regspeech12/test/test_narsingdi_0055.wav,নিয়মিত আইচ্ছা আরকে সোজায়া খাতি হতুই দো মশারে ইমুনভাবে মারো দিমুন ইয়া কুট এক্কারে মানে অয় না তি ছালাদুলা দেমিস
/kaggle/input/regspeech12/test/test_sylhet_0425.wav,ওরখম ফড়ায় ডাক লরমা তাকি মযডামে এখা করি কিনতু এখান বইন তারা ওখল তাকি ডাক্তার গিনাইজ পরতন তাইন আবার ডাখাত গিয়া বই মাঝে মা বাগলাদেশ যাই ফরে তাইন খইছুইন আইচ্ছা আমার খাছে লই গিয়া আমিগো ফরে আমার লগে ম্োডামে  মারছে খরনা মার্ ভিডিও ফল দিয়াখদে এক্স মারচার
/kaggle/input/regspeech12/test/test_chittagong_0111.wav,মেসএস তি বানচে ান্ গরি দি তা আঁখির গি আঁরফরে খই দি আঁই হোদা আঁখো আগনি খর্ছে আইডি ইতের গিয়া ডিরে্ট নাইম নাইয়ুম র আইডি ব দিা আইয়ে আন ফ্রেন্ড গরি দর্নু ইতে ব্লক মারি দিইনি ন হইা আঁতাআতারেখিরগি মেসেজ কেতে তো ডিরাক্ট করন বাকিস্টুমের গিফ
/kaggle/input/regspeech12/test/test_narail_0084.wav,দেব বুঝিনি সায়সেব মানে বলুদলা আআছা যা জানি আজকে দ্েখম এট্টা গুরতি অংকত র া অংকপ কালাম না ওর বাবার ঘাটে রয়ছি
/kaggle/input/regspeech12/test/test_sylhet_0021.wav,টাইমেরি বুজাটা খরতায় বেলটাত মা প্রতি মার খাছেনা তারফরে ফ্রতম দিন পূজাটা অয় সপ্তমে বূজা সবতমে বুজার দিন সবাই আমরার যেতিন তিন দিন বুজা সবতজকে দিন আবে না কে মার খাছে গিয়া ওঞ্জলি প্রধান র পূজা টাক কুরে খরবে
/kaggle/input/regspeech12/test/test_tangail_0028.wav,তুমি আমার সোলমেট ডেস্টনিট তুমি আমার মানে তুমি আমার ভাইগ্যাই লেখাছিলাম তারফরে ইরখম ওয় পরে আবার জোনাথান আর সাড়া দুইজন দুইটা ভিন্ন লিফটে উঠা বলে যে আমরা যদি একইভ টরে আবার এপরেস খরি আমরা যদি আবার একোইপপ্ররে আসি
/kaggle/input/regspeech12/test/test_chittagong_0091.wav,দাই নই আরও তো নো আইয়ি কেউরে নো আঁইয়ি আঁরা কলেজের মেয় পককলর সাইন্সকিলকুম খোনো জন্নে ভা টেনশন অ
/kaggle/input/regspeech12/test/test_kishoreganj_0147.wav,াকলে ছে সবুজ আর চাকলি ই যে হলুদ  করা এএর ম বাংলেশেবাঙ্গী সবুজ রঙ্গের বাঙ্গি সবুজ অনগেু বাঙ্গী কবুজ ঙ্গের বাকরি সবু জঙে বাঙ্গী সবুজ রঙের ভাঙ্কি সবুজাদুর ভা কাঙে বাঙ্গি সবু রঙের বাংীর  তো সজ কি কা ন হন বাইলযে সবজন্ে কি করা নয়
/kaggle/input/regspeech12/test/test_habiganj_0064.wav,আরও কম নামি ইতার লইয়া মা মারি একটু ভকতে খয় তো র অতো বড় টাউট ইয়া গেছেগা ইআমরার না খইয়া ওই দাছগা মার্কেডও বান্দবই র চাতে গিয়া ছিরা খাপড় পননি দেনি যে কিন নাম নাআইন নালা আমি তোই যে গাছ লাগানি বই ফুল ওই কিনা গাছ কিনা ওইগুলার লাইগা অনেক ঘহা খাইছি বই ফুল গাছ লাগাইনর লাইগগা বাড়িতাদি খো অতো গথা খাইছি খালি কইতো ইতা খের লাইজগা আজাইরা গাছ লাগায় ইটা ইখানো লাগাচছি রে ইখানে লাগাছে ইটা লাগাইন লাগতো না ইটা লাগাইন লাগতো না আ ইটা কেরে কিন নানছস
/kaggle/input/regspeech12/test/test_barishal_0072.wav,অর কানে হিনদে ডুকইনতে বাই কইরা দিবি নট অলাউট মায়েরে খাওয়াইত ইরম যদি হয় তয় তো ভালো ই েইয়া কি আমরা কা কল ত কাাা কলা কা  দেখে আমি মনে করেন মানুষ এরম হইতে পারি সাদা কাগজ ইলা খিতদিম ওয়এর এক্টা কথা যদি কও ঘুরোই হালাইতে হারে যে না র ই এট্টা কতা মিথ্যা
/kaggle/input/regspeech12/test/test_tangail_0058.wav,বোলার টাইম নিয়ার নায় না আরকি এরকম অথ তো আপনি আপনার সারাডা জীবন মানে তার খাতে খুবই রাখতেন কিন্তু সে বিদায় সময় সে একটা গুডবায়ও আরকি বললো না এরকম আই সাপোস ইন দাদযা হোল অফ লাইফ বিকামস আনক্ট অফ ল্েটিংগো
/kaggle/input/regspeech12/test/test_kishoreganj_0094.wav,মসজিদ কিআমআমরা যেয়া বইয়া থাহে বাইজ্গে বইয়া থাহে মইজে মানছে না হুম হ্যাঁ নামাজডা ফরে ইচালাম লিগা হ্যা নামাকুরে মসলিতা আমযে কুলাতায় না
/kaggle/input/regspeech12/test/test_barishal_0090.wav,কিনতা অবাব নাই খাইওভগব যদি নাকমি এইে অবার তোানি খাবি নে ারবানাইতলাম হাইয় আরাকজেনা
/kaggle/input/regspeech12/test/test_kishoreganj_0093.wav,হের লগে তুমি ন থাকতস না  ন অত্তা কি ফাথাক ক ফাথক্ত নাক্কদেে তা ফছছ না ন নচুকি মাঝে মধ্দে তে হেগুলা ফছছ না না হেযে এমনি  মসকিদ ফছ  মাঝে মাঝে মসতিদে বছ
/kaggle/input/regspeech12/test/test_habiganj_0043.wav,বেক্তির ভাগওই বালা লাগে কিন্তু এর মাইদ্দেও আতে এখটা দুইডা বাল্লাগে না বাল্লাগে বেক্তির ভাগ ওই কিন্তু ওইযে মোবাইল লইয়া যে বইয়া থাখে ইতার লইয়া যে খেওখে ইতা ইদা উনলে ওই খালি মনে অয় যে না বালা না
/kaggle/input/regspeech12/test/test_sylhet_0431.wav,মানে এ কুছদিন না চৌদ্দো দিন ওসতাদলিনফরইলাি খুনিরাইতা আমার ছিট খাটিয়া দিলো ইতা খইছোইন যে তিন মাস ফরে আরেখটা অপারেশন খরা লাগতে করে ঠিক অইবো মানে এখ উপারোশোনা ঠিক অর না আরেখটা অপারেশন সাড়ে দেন লাখে
/kaggle/input/regspeech12/test/test_tangail_0075.wav,শিউলিত যা হওয়ার টাতো ওইছেই আমরা আশা করি অসুস্থ হইয়া পড়বো এইরকম পরে বরুন দাওয়ান যহন আা মানে আইসা পড়বো ওইসময় আবার অক্টো করছিলো ও শিউলি ফুল নিয়া
/kaggle/input/regspeech12/test/test_chittagong_0077.wav,ইয়্যান ন হওই হ্যা ু বিকারের মধ্যে আঁই করতে আইতুছ না আঁই তনখাইতি ফালায় হ ইয়্যান ফইরজি তলে সাইন্সের আলাদা আঁরারাক খয়র আলাদা তইল সকাল আয় গেলে তর ভরায় কিন্তু ধর বাসের ঘয়ার মতে ফম বড়ে
/kaggle/input/regspeech12/test/test_sylhet_0031.wav,অনেক টাখা উঠে প্রনামিলটা  সবাইটি দন এদশ বারো আজার মানুষ থায়ে সবাই দশ টেখা খইর দশ টাখা নিছে তাখও দিতো না আরে বেকটি দিবে হেই পঞ্চাশ টাখা দেয়া খে একশো টেখাও দেয় যেআডে মনের উফ্রে নির্ভরখের দিলো দ য়া নিলো ত নওম পুজে শুরু ওইলো নমমি পুজা
/kaggle/input/regspeech12/test/test_sylhet_0734.wav,পাশট রদিন আবার অয় আফনারা সাতফা ম হিদিন জামাই ব দেরা জামাই আছে জামাই বও দুইজনের মিয়া সাত তা  আর রাত্রে তো এখলা বহুজায় বইো একটা দিনিসাত ফাওয়া খেলি না রাত্রেওত তো দেলাম জামাই ব দেওতোনেদেন
/kaggle/input/regspeech12/test/test_sylhet_0345.wav,তখন অইলো গিয়া ভাইবা দিলাই পিডিসিএে ভাইবার দিয়া আমু কুনদিন কা তাইবু আর কুনদিন ইকটা গ্যাজেট অইবো কুনদিন নিউজ পাইমু ও ফাকে গিয়া আরেখটা চাকরি ইয়া গিয়া প্লাই ছিলাম ইত বাংলাদেশ তখন ইটা ফাতলাগছো ঠিক আছেগ এগারো আাজার টকাল ওউ চাকরি গরছি
/kaggle/input/regspeech12/test/test_narail_0122.wav,পরে ওরে খুলনায় নিয়া এডমিশন করে যে তোমারে কালিয়ার ইস্কুলে ওরে পড়াতে অবে না সেটা বলো াচ্ছা ঠিকআছে সাইন্সরা জানি সংকুষ্ট হয়া তো ভালোবাস সাইন্সের কানো সব ছারযা ওডা খুব ভালোবাসা তুই বলতো যে মাস্টার ভিতরেই এক মাস ক্লাস করিছে এক মাস ক্রাইভেট করিছে ছয় মাসের ভিতরে
/kaggle/input/regspeech12/test/test_narail_0023.wav,টিলা ওইএ ওই আইতে গেছে খাইছে নিয়া ছে এটটা ইডে একটাতে এই আগে কোনোদিন পরিছা ওই দেহিনই ওই ছোটডা তার শেষকালে তো ওই যে এইডের সাথে সেইডের টাতা ছুইটে যায় খাতের ভাইঙ্গা এইডের সাথে খাতার ওই ছোটডসো ও ছোট দিকি কমতেনা তোর ছোট া দাদু ছোটো মামা
/kaggle/input/regspeech12/test/test_sylhet_0657.wav,মচের দিন যায়  তায় লাজযে চাকরি খিটা কনছেন বাটা ভাই এই যটা ফড়ি আর কিও তোলা খাটায় খরায় ওই সইেযা না তিনো খোলে গুজরবার ফরি খাইন্জা ফরি ে তু তার কন খরা নাতিখাসির লগে মর  খাইজ্জাওকরি মাইরড থাকরি খ না
/kaggle/input/regspeech12/test/test_sylhet_0723.wav,মনে তো তো রাজেলা ছিঙগি বান্না মিিকটগাটাকা ঠিক টাহা ওইয়া য়া
/kaggle/input/regspeech12/test/test_noakhali_0008.wav,ফরে এতো  মর ত বে কিয়ল অইলে এতা ঘুমা বার  া টিপতি ঘটনা  কালকে তাইন তো নো আবার কাইলখা আইনতো নোর এগিন কাইলে  মনা হয় এতো ঘুইর্তু আইজ্জা এককদিন কিয়ার ব্েস্ত অ কনি হরো লে আমে দুইদিন হরো অনে তিন দিন হরো অনে কুইট নাই
/kaggle/input/regspeech12/test/test_rangpur_0129.wav,ক রিংকু কেমন আছিস আলহামদুলিল্লাহ ভালো  কী অবস্থাই তো আকন মুই একরকম আরকি  কীতুক্ষণ গল্পগুতত করিম মোবাইলোত এখনা রেকর্ডও করিম তাতে কোনও সমস্যা হইবে তো না সমস্যার কী আ তুমি বন্ধু মানুষ
/kaggle/input/regspeech12/test/test_habiganj_0006.wav,আারেটু গেছে  হ ব্োডা পেেজি একদিনে তিন জন গেছে আডদো ব্যাডা ওই বাজারো যারা দিদাইরা বেডা খতে
/kaggle/input/regspeech12/test/test_sylhet_0586.wav,যফড়লে তো টেস্টো ফাস্ট বাই  ফরে খয়দিনের মইদ্দেও স্যারে ফিকগরা অখন ওদে স্যারে ফড়াইবা তারফরে ওটেসটোর ফরে তেকি জরে রাখি স্যার হুম  আমরা তো বুজিও ফরছি না আমরা এখদিন বাড়ে  আমরা তো দেখতেওই ফারি না
/kaggle/input/regspeech12/test/test_chittagong_0084.wav,বেশি ভাগা আছে নায় আরবে  য়া গালফে অইলে জেআনুস না তু খি্লাই বেছেসুত খজনা না এইস্তা হইছ খই সরাদিন খালকে আন চলের
/kaggle/input/regspeech12/test/test_chittagong_0096.wav,তি খততম তেস্টি দে তিউতত তো টিটাং কলেজ হইরজি এইচএস সিটা্ কলেজস হই ইতালা সেকেন্ড মিনিটে সেকেন্ড মিনিটের মদ্দি চলাআইছি এহন আঁরা কির জুম দে আইতে টেনশনঅ থাখছি
/kaggle/input/regspeech12/test/test_barishal_0093.wav,অনেকটা হিসাব কি  কানা আর কাজ আমে অনেক কিছি এডুখ বচচ কা এই রাতের কাজ দ ক কিতক বান্জিব না া হেরা কেউ ন কাজ তে কতাম পত্যেককে   কিতু করার কি হ অতি তোমার করে হ্যার কিতু যোগ াতালে হো ছে আরাকন পিকাংমন কন বেচতে ব্তু   কিছু জন তা না ওই লাভ এটটাহারডেই  ক্কন
/kaggle/input/regspeech12/test/test_barishal_0079.wav,আপফা দি কম দে এতা ফিরা তায় ডনতি এ আকরি বাকরি তাই দো মোবাইলডা গরম ফিরে আয়ারকি া গরম কইরা হাালাই
/kaggle/input/regspeech12/test/test_habiganj_0036.wav,সেবেনো মনো য় ফড়ি আমি খইমা আমি আগকে রানমু এরফরে আমি ইতা জানি রাআমি োখ রানছিলাম ডিম বাজি খরতিলামর স্ফুটকি দরখারি রানছিলাম
/kaggle/input/regspeech12/test/test_kishoreganj_0070.wav,আমি তা আমদেগা  আমিন টেহা লাগবো কিতাফাইনান তে কি বিা লাগা নিবাহন আমিটেহা লাগবো ওকতা কো দে টেয়া লাগবো  আমারে তো বালা ফাই না আইম্নে  আম ত টেহা নিবাইন টেহা টিয়া তি আমার
/kaggle/input/regspeech12/test/test_narail_0130.wav,আমি অনেক কিউড না আমারে মিস করবে কান্তারে বলিছিস সেসোনারমারে বলতিছে মোরছে কলি তো শান্তি বাদবেলে ওই তো কী
/kaggle/input/regspeech12/test/test_tangail_0030.wav,জোনাথাননের ওই লিফটে যপেক করা ঠিকই ছিলো কিন্তু আবার দেহা গেছে যে হঠাৎ অন্য লোক আইছা প্রেস কইরা মানে একটু এলুমেল হইয় যে তাইনরা আরকি এদিকে আবার জোনাধানের আবার আরেক জনের সাতে ইংগেজমেন্ট ছিলো আর
/kaggle/input/regspeech12/test/test_barishal_0040.wav,এহন মুই পর থি একলা লোক বিশ্রে কোনো আনে লোক পাই না গাছের কামের লোক কিন্তু এবেলবেলে একজন দুইজন প্রাওন যায় না ঝ্বালা আছিল হ পাঁচজন চাচজনে কাম করে দুইজন মুই পাম খই হভাই গরছে ন মরা পাকটা সামোট থাই কামের এহন আমি তো ভায়রা কামে গেলে এইতো হাসান ভাই হেদনগো আমার অনেক রিকুয়েস্ট করছে ভাই মোরো একটা সাপতা কাম কইরে দে তুই হাজিরে যায়া চট দিমু
/kaggle/input/regspeech12/test/test_sylhet_0594.wav,কিতা অইছি মানে তাই কিতা জেনি হঠাৎ আটাতে এমনেিছানস সোক্রিটিতো তারফরে মানে ইতার থেকা ওইছিল ডিপপমেন্ট পড়াতেখছিলো নায় এরফরেতে কিতা খপরায় হাজমেন্ট আইছে এরফরে আবার ছ্বাশরিয়ারারে লইয়া ইতমা মনে কর আইছেন তিনবারাইয়ার
/kaggle/input/regspeech12/test/test_narsingdi_0005.wav,খুব ভালো ইতো এহন তো আছে সাকিব আছে তামিম আছে ওয়ানলেতে ইটা হিয়যার তবেও যাইগোত মাশাফির মতো ক্যাপ্টেন পাওয়া খুব খষ্টক হরে
/kaggle/input/regspeech12/test/test_rangpur_0093.wav,আের বাড়িত হুম তারপরে জইল যাবার বাড়ি তো খাইসেন জরগিলের বাড়িত পু কার বাড়িত কেমন খাওয়া দাওয়া খিলেন ভালোই খেলাইনতো কার বাড়িত কেমন ছকালে বাড়িত দি ভালোয় খালি
/kaggle/input/regspeech12/test/test_sandwip_0006.wav,এই তু গোসল করতি না ইিয়ার হরে কইর বুরি গোতল ন করে টি খান্বা ন ইয়্যানও ভর্তি অইতোর খত দাল ছিনি্তলেগিনে তো লাইবু
/kaggle/input/regspeech12/test/test_kishoreganj_0082.wav,আম সুক্কা দাম বেশাাকে বেড়াই তো
/kaggle/input/regspeech12/test/test_sandwip_0096.wav,ম কি যাইতা হলা একটা রাইমিডডা লইয়া এটু কান্ছি তাকিতাইগো মাইন্টান চিটাং বিয়ে যেলগ্গা বিয়া  হেসবা আছে যেগই মাইন্টে করজমার গেলে অইছে গে লা   তোন জায়গায় সত্ত দিন একবারে একবাচা হিয়া ফডে দুর পিছমর জালা আছে কান দেকি ছা আসছ তরে যে হিসেবেগা আট দেবার যাে যা জাননি
/kaggle/input/regspeech12/test/test_sylhet_0334.wav,ইটাও তুমার বড়ো থাকি তুমি টার্গেট বড় রখ টার্গেট জীবনের ছুটোন খরবায় না আর তো তো ফাইনাল পিআল ফাপ লাগে ই ব্যাফারে আর ফিছলে চাইও না আমি আরছি তো ওখন ওউ আমি আছি আমার কিকুনকজন আরছে ইটা হচ্ছে আমার সবচেয়ে বড় টযাহর
/kaggle/input/regspeech12/test/test_tangail_0079.wav,ফরে বাষা স্থানান্তর খরা হয় তরুন ধাওয়ান এদিকে তার ফিউচার ক্যাডিয়ার নিয়া ব্যস্ত অইয়া পরে সে এখন আগে থিক অনেক বেশি সিরিয়াস অয়া গেছে তারপরে হঠাৎ ক সময় ফোন আসে যে
/kaggle/input/regspeech12/test/test_sylhet_0105.wav,বড়ো কিতা খাম খরবায় কাপড় দিমে গ ুকমু গুছ খরমু বছর তনযা ফাদে যাই বু বয়খাত একশোরে টেহা ফায় ইডা আর মো গিয়া খালু খাম খইরা গিছ না ত তো বেটুর বাজাত যায় কিতার লেগি দারো একপোটে খা ফঞ্চাশ টেহা দিয়া আার ফান্ ঘর টেহাটা আমার উটবেগ
/kaggle/input/regspeech12/test/test_sylhet_0305.wav,ওও তোমরা বিয়া খরতাম নি না তোমরা খইলে ওকে তখন তারা খইলে আইচ্ছা ঠিক আছে বেটিা ফড়তে বার্সিটিতে কিয়া বেটি ছাকরি খরতে যাইলে তো করানি লাগবো তো আমরা টযকাউকা দিলেও তরবো আমরার  তা রান্দা বাঙ্গা লাগকোনা তোমরা টেকা উকা দিলেও তরবো সমস্থা নাই থাখুক বেটি সিলে
/kaggle/input/regspeech12/test/test_chittagong_0144.wav,জি কুনিরাই তুর যিুরে ওক্গ বলি দ হর ি দেক কি এদখি কানি আ কিছু ন হ্যালো হ্যালো
/kaggle/input/regspeech12/test/test_sandwip_0064.wav,আা ঠুসছা হিয়ার আগের দি হহ্যা আইচ্ছা যাা খাওয়া কইছি যহয় আমনাদি লেগা থুইবা দর্জা থাগায় থুইবে ঠিক আছে কি
/kaggle/input/regspeech12/test/test_sylhet_0704.wav,ফরা লেখা খরতোইন না আফনে ছার না ইখানো খয়া ব তর দরি আছে কিন্ু তো ওই জায় মানে দখন ডইবা দিকেই আছাই মানে আফনের জন্ম জন্ম থেকি না ডেউ তমএমপি ছারে খরো সখালে ছাড়ি ফাইয়া তারার গরবানি ফিডর ইককা আছে বানাইয়া টব  ইন্ডিয়ারে আমার েখি ওরা ঘ তায়া ওরা জন্র
/kaggle/input/regspeech12/test/test_kishoreganj_0075.wav,তারে লাগাফানি  যাইলে এমগ দুমু কাতে না ফ্যান কইল্লা ফ্োন কইলা তর মেহেদেও থাও মেহেডা  ত মেহেডডা তুলবেন মেেডডা তুলবেনে দমু
/kaggle/input/regspeech12/test/test_sylhet_0485.wav,বাগি্তানি জগতেফুন লইগয়া আরগা আমি মদিন আারিতো টেম্পরখরম আললাডাইর লয়া যেদিন যেখতা ও ধীমু আমারে ওঠি ব যেদিন মানি ইনা দেখছোইন দেখতোন ােটাও বইয়ে খাচটে খাটটে যে মেডাম যেদি া দুই আটু আমার ওরখমানে বয়া নাই কিতা ডাক্তরও দেখলে আমার যে বই লাগে আরেরটু বদিরাত ইটা ইতা দেখমেডামর আতো খুডি মরিশ ইটা দেখছেল বআ যায় মানে বড়
/kaggle/input/regspeech12/test/test_rangpur_0061.wav,এটা যাইি তো আগে বলা উচিত এটা সবাই দেখতে সবাই বলে দেখপে এটাও কইছে সবাই তোকে পড়বে এনে তু সবাইআমরা াও খুরে আটে তি তাতে দেখি ওটে আর ওগে এগলে কিছু কয়া যাবি নাযার কারণ
/kaggle/input/regspeech12/test/test_sandwip_0033.wav,খাওইন না কেল ফাররটো বেক অছে আদা আমারগা খাউইন না তাইলে অনকা হেসময় আগো এরকম কততো আছমাফাউইনে গিয়া একদিন আল্লা উছিরি আঁইই ফোন কর্ছি হ ইয়ো খাওবার দিছে বড় অগিই মাছ আইনছে গইলেও লটকা মাছ আইনছে আবার এইছা মাস ত  কুটটা কটটা গ না আছন ফা কা কবা ফেক হছে কা এ
/kaggle/input/regspeech12/test/test_sandwip_0105.wav,কিফারে যে তোকুলো আকমামনাছে ফরমা খাত বেশি ভাগনো ন হেতে বাস ইস্কুলের ফা যাওরা লাগো তো কি  তো হেতে এগু মাইনষের য ফড়াখাত ভালা মাইফের এগো ইয়ের চাই তার পরিমানে বেশি ভাইরার
/kaggle/input/regspeech12/test/test_sylhet_0002.wav,বলক কতাও একটা ফালফেন মানে অনেক বাচ্চাকী বুজরে ফালপে তাফরে াউুত্তো যেসময় দুতা ছেলতাইত
/kaggle/input/regspeech12/test/test_kishoreganj_0127.wav,এইতে আমরারে ই কুরে না ইি দবুরা কয়লা যে ফুরা আর অহন বর্তমানে এয়া কেরা যাা গাছ তুয়া দেলা ফরেতো সরকারে ইয় যের টে ক কা র টা মানতা ম আর্লা সরকারে  টেক সরকারের ট্হাক দিছে ফরে দো আমনেতরে ইতাম না িডে অইলাম বেটার হি প্যারা িতারে
/kaggle/input/regspeech12/test/test_sandwip_0076.wav,মলেদোরগা আলাকুতো খাইন্না ডাক্তারে রেছো ঢাহাতে যখন কিটুক্কান দুঃ খে আর বিক বেকিা  দউক্ক দা জিলাশিরদুঃকা য়
/kaggle/input/regspeech12/test/test_sylhet_0262.wav,পাই আমি যেহনু ফযাক নাম্বারটা খইয়ও যেনতা আমারে আল্লায় যেনোনিরাট ফরোইন না আমি ওখান খালি আল্লা খতে ছাইতামআর খরতাম ইরখম একটা অবস্থার মদ্যে দিয়া যেহেতু গেছি বিয়াখাদি প্রেম বালোা ওতা নিয়া ছিন্তা খরার কুনু কুশ্রতই আমার আখি না
/kaggle/input/regspeech12/test/test_narail_0119.wav,বাসা প্লাস অফিস নিয়ার এটটা ইয়া আছে মনে করো তুমি থাইকলে এট্টু রান্না বান্না কইরলে মে বানা গেছে এইবেরা আমি এট্টা বাজা কই আমি কুরলে আইললে তো তোর আর বুন্টির সংসারে অশান্তি তুইলে যাবে নে তারপরে
/kaggle/input/regspeech12/test/test_chittagong_0132.wav,যেই ন ফোয়রে কল দিয়া নয়টা বাজা খরদে মাসুদ ভাইয়া গেছে নাকি মাহসুদ ভাইয়াল্লে তুই আই যা তো আাঁ খইরদি মাসুদ ভাইয়ে তো বতা আসি গেইয়্য গ হরে তুই তুই মাসুদ বাই লা আইজের ন ফারে া মাসুদ বাইল্লাই দেতাম হরে তু কিল্লা নো আবি এখাদি কিল্লাই
/kaggle/input/regspeech12/test/test_narsingdi_0038.wav,ফুলবেলাফুলনা ফোখালাত ফালাই লিহু ললামতবারতাতুই নে মতাদিবেনা কি খাইতাছলা হুম হইয়ালের লগে মলা লাগরলেও কি পায় খ্যামাইয়ের লগে নামুলাতো ফ্যামাইত দুজ
/kaggle/input/regspeech12/test/test_sylhet_0440.wav,দয়া যায় বাবা অনছেব জীবনোর যুগে খইরা যে নিজোর বাসাতো এখেনে খাছা খতাও নিজোর বাষাত যাই খারাফ লাগে ওউ যে ফড়ার বাসাত তাখরাম ফরার বাড়িত তাখলে ফড়ার রতেক কতায় ওয়ো খয় মানি আমরা আঞ্চলিক ভাষায় এখটা খতা খইরাম মানে গ্রামোর মানুষে যেরখম খয় ইটা তার ফড়ার বারতা তুমি এখটা খারাফ খরতে ফারতায় না তার বাতা
/kaggle/input/regspeech12/test/test_narsingdi_0077.wav,মায় মনে অইছে বেগ য়াইন্না দিছে সালামি ঠুমানের লাইজ্ঞা মার মার এটটা মার একটা বয় নার বে গাছোর নাম্মা জাগারনাদন বরতবা া সালামিযা মাইতাম বাই হাখাফ না আমার ট্যারিরবাছুডুবেলা তাইক্কা ছিন্তা খরতাম  বড় গরে বড়রা খতো সালামি ফায়
/kaggle/input/regspeech12/test/test_sandwip_0082.wav,যেগিন দি আনছি ইব্লে  ইয়ো  িার মাইয়ার মাতারে বাইনতো অনু ঠিকমতে বাইতা লগে না ছইয়াঅনখা কিয়া ষুলো তাক মাথা মুগে খরচ অলা ঘুরা গুবাসা
/kaggle/input/regspeech12/test/test_habiganj_0013.wav,কী অবস্থা খরছে া আমি বুজ্জা ফাই না কেরে লোকরা কিতা ফাইছে এরা খুত   কুতাফাখলে কেউরে খালি এরা লুকরা যায় কযরার বাতছেেকে খরা তরা ফ দি
/kaggle/input/regspeech12/test/test_tangail_0005.wav,মানে ভালো দেখা যায় না তাই ওরা দিনতে যাইছেলো না কিন্তু এডা ফ্েডি মানে ফ্রেডিরেড একটু আবার লাগে মানে েএকটু মন খারাপ খরে পরে কেও বুচ্ছে যে নিবো না ও ঘুইরা যায়গা
/kaggle/input/regspeech12/test/test_sylhet_0501.wav,ফর যাইবায় রুজার আগে যাইবা রুজার বেডানি বেড়াইয়া আকি রুজা গুলে রুজার আগে এখবার আর ইদো এখবার তে আমি এখন যাই গিয় আমি আরুজাত যাইতাম রুজার আগে যাইতাম না আমি আইসে গিয়া মানে আমার আরেক বইন যাইতো গুইল ব্বার বন যাইতো বায় ফাইতে রোজার রুজার আগে আমরা এখবার ফুরিন বিয়া ওয়া দিলে রুজার আগে মনে খরো টুরাতোর খরে এখবার আনলে নাইোরর ফরাইয়া দিলে যে রুজা মাতাতো খেউ বউবিন দিতো নায় হুম আমারও যদি তাইলাকুনু ববুযাইতো নায় রুজার তো খেউ যাইতো না বা খবার খব
/kaggle/input/regspeech12/test/test_sandwip_0083.wav,বিরক্ত লাগে আরেক্কারে আর ঘোরা দন উগা চুলাআইছেফেকলা দিনে তো অনে এটটু হিছালার বল তো আবার ফার আছে কোা ফ ত্ডি কান খাাইতে আছে না ফুরা মাইনসেরে ছুট ফার বোরা টইয়া গেছে কাশরে ঘালাদি ছেজা টিকনদে ত্যাল তুগড়াও দেয় না
/kaggle/input/regspeech12/test/test_sandwip_0050.wav,হাজ্জা না আছেনে না আদে না গিাতে হিয়া হিয়ারে আগের দিন গেথোগে হিশ জামাই এক্সিডেন্ট ই থিয়ে জামাইরে আবার ওরোমা হিয়ার দামাই গ্লা থুগা হিবুলে টে গিয়ার হচ্ছে আবার গ্ গরে ছেনা পিয়ে অচ্ছে হিগুলে খাটি দিছি
/kaggle/input/regspeech12/test/test_tangail_0087.wav,পরে ইদানিং আমার কেম্নে যদি মন অইলো যে ই ছবিডা দেখি গেই ছবিদাত দেহোই নাই পরে এই ছবিডা মানে ডাউন করে দে একু দেহা শুরু খরলাম দুই আজার সাত সালের ছবি এডা অইছে দেব দাশের যে ডিরেক্টর আছে পদ্দাওয়াতের য ডিরেক্টর আসস
/kaggle/input/regspeech12/test/test_sylhet_0061.wav,কালকের পিটনিক যাইতাম অহন তাই মজা যা যে জলো মজাবলা দিয়াযা আমরা সুলামগঞ্জ   কুন জাগা   আছা আর কুনু খানো যায়া ওইছেলি তালিও শিক্সতো থাকে তো গিছলাম আর আমি চুরি যাই নাফস্ট িো গ্যাকলা একবার খইতো লা মনকিলা লাগছে ইটা একটুইটাার ফরো এক্সপেরিয়ান্স
/kaggle/input/regspeech12/test/test_kishoreganj_0174.wav,হে যেফোরা ফানি র আা  হেডে তো কি লাল ে মত এর লতলে এেডে ত লা
/kaggle/input/regspeech12/test/test_narail_0064.wav,দাখল যাসতো না এ বারানা  টা একটু দ লি তেলো কিমজন কইর রায় নাকি কককু জনি বাাগন্টা দলা ত রান্দা ফুমাতাারা আর তিনোর খইদ্যা মাংসি তোর য় তারালাতো
/kaggle/input/regspeech12/test/test_habiganj_0098.wav,আবারে কেউ লিয়া যায় না সিলেট সাদা পাতর সুন্দর টারপার্ট জাপলং পেপর আরও অনেক জায়গা তে সিলেটের দু বালা পিকনিক অনেক সুন্দরনা ই জায়গা ঘুরা যাইবো
/kaggle/input/regspeech12/test/test_narail_0035.wav,রাকরি ভালি এহন আছে তাফর ওই যদ দকষে   পেস ফেরি নাই বচতি পারবা না ে কোনো বেচানি যাই না তাাতাদ দলিলি দ দলিল নাই সমিকছা এই রইতে না হেবা ড় মি  ওই জাগা ফুড়া বেচতি পারছি ন হয় তো আমি কুনলা ওইযে নো
/kaggle/input/regspeech12/test/test_barishal_0019.wav,মানে অনো মানে ক্যাভাা তো খাব ভাত খাইড্ডা কাা কটু টাইম  মা টিপাককে টিড্ডাইন্না খাওয়ায় একটা ক্যাদিআনেক ডা যাইবে একুশ দিন সেইড্ডায় ক একটা খাওয়া ওইয়ে কাম হবেন সকাল দরা সকাল আট চার হায়াবা হে আর এইল না
/kaggle/input/regspeech12/test/test_comilla_0026.wav,এই গিফটা অয় অনেক যত্ন কইরা রাখতে দেওয়ালে ঝুলা রাখছে বর বাদ দিতে এই গিফটা দিছিলো এননু সাইবা পরে তালি তদন্ত হয়নি যে ঘটনা কইটা িক বলা  আসলে কীএটা তো উপজেলার ও উপজেলার আমদার এই
/kaggle/input/regspeech12/test/test_sylhet_0053.wav,আর বাবা আমা খইলা না ইতো নিয়া যাগলা আ খ ব আমার মা মারামে তোই আমি ক্লা ত আমি ক্লা তাই তিনলা শাষ তুমি সকটুয়ে বড় বইনা  আমার বড় বইন আর ওইজনটামার করো  তোমরা টা বড় বড় ভাই এরফরে বইনের ফরে আমি
/kaggle/input/regspeech12/test/test_tangail_0059.wav,বাট হোয়ার্ট হার্টস মোস্ট ইজ নট টেকিং এমুমেন্ট টু সেগুট বায় আচ্ছা এরপরের ছবিটা হচ্ছে বলিউডের তার অইছে অক্টোবর এ ছবি দিলি দ দুই হাজার আঠারো সালে আর আইএম ডিভরিটিং সেবেন পয়েন্ট ফাইভ
/kaggle/input/regspeech12/test/test_kishoreganj_0125.wav,সাদাান নব্বই ঠিক আছে লক্ষ তেতে ্ষ কঠিন লগযাআর কঠিন লগ দিতেআনতাি এইযেয তুমি তো তুমি ত ইে ন লক্ষ্ল তা
/kaggle/input/regspeech12/test/test_tangail_0120.wav,ালা না রাানা বিদ্যান কিন্তু তো একটা  পাউনে খওইখটা থেকে হইতাছে সবে  হেল্থে আগরো করা হয়  আমার কাজে এসলে ব্যাপারটা ইলো কিন্তু কথা ওইতা হইতা ছে
/kaggle/input/regspeech12/test/test_sandwip_0070.wav,শুরু করি আসি যাইতাম গুল্লা গয়াবই যা বাককে কুলাকো সক্তিও লাইগে ও গাড়ি হইলে থাকলেন সক সরম তো বাড়ি আাবাবেনা ি লাকতারে হেই মানুষ অন যাগন আরে ভাই যা আইলেও আর মনে কনা বেন দিনকালঅ যদি উচ্ছারাপ জার জা দায়ে তার তাত্তে যাগ
/kaggle/input/regspeech12/test/test_sylhet_0467.wav,আমার আগবা নাইলে তো আনবা আর মনে খরো খাখনা আর ওব তাখেতাইখানি ভাই একটু পেনশন ফাইছোন আমার আব্বা মরার ফরে একুন্তু ডাগল ডাবলি ফাইছোন ফবাও খরেতো তারা গাড়ি গিলোইলা তারার নতসব বাড়ি বইনা রাখতো যতো টেখা খইছন আমরা কুন বইনা টেখা নিছি আমরা বাইয়াদিন
/kaggle/input/regspeech12/test/test_habiganj_0015.wav,ইডা তো বেছুনা আছি্লাজাি ব্া দরাা ত তারাদারি কি বেডা মনো অয় বেডাত ায়ে না বেডা ইডারে যে তাড়াদাড়ি বেদালাইছে
/kaggle/input/regspeech12/test/test_habiganj_0080.wav,ফুরাও খয় বাইবোক আমরা দুই বইন তিন বাই আর তোমার সিলেটের কাছারক্ক তাাখে কী অবস্থা সিলেটের খাপড়ি সেমমা তো মারায় গিতু েলিবার ক্যান্থারসনো
/kaggle/input/regspeech12/test/test_habiganj_0110.wav,তফরে ইটা তো মেইন ফরীক্কা না ফতশাহী ফরীক্কার এর্লাইগগা আর অর্ধ খশিক ফরীক্কার সময় মেই সার অইবুলিয়া ফরীক্কা লইবো চ্আর েশন কিতা পরিপারেন্ত বালাই মানে প্তেশটা বাইর ফরীক্কা এখন ফোলা ফাইয়ে তো একটা গুরুত্ব দেয় না বাট
/kaggle/input/regspeech12/test/test_narail_0116.wav,এটা মজা ফততি কেনা নাম তো জানি সেটা তো দাদা আমারে বলছে না সবকিছু   তোর এমি একটা কথা বলি তো দাদা আমারে সব সম্পর্কে বলি যায় তোর সম্পর্কে যেতলি কযমকী থিরিসতো দাদা আমারে বল ছেয় বুঝছি
/kaggle/input/regspeech12/test/test_sylhet_0008.wav,আর তো অনেক মডা ওই ওস্তাদেেকেই খামা  দামাইতানাটাও ফি া
/kaggle/input/regspeech12/test/test_sylhet_0623.wav,ইনো তো দর কিতা অইলো আবার বাঅযেন খরিয়া আইতেঅন আবার স্টুডেন্ট হিসাবে গিয়া যাইতাম  আর  স্যারে উইড্দো স্যারে বারবার খইছোইন সিনন ে স্যারে মায়া খরতাম ইতার ে ক্ান আছলাম আাস্যারেরে ক্ানা অয় স্যারে এখদিন অখ ইছোইন অপিা
/kaggle/input/regspeech12/test/test_tangail_0046.wav,যেহেতু আরেকটা আগেই স্পিচতল একটা ইছিলো প্রশু প্রাফিগের প্রতি ফরে ও ওই ভাগটারে এই বইটান সায়াইয্যে যেম্নেও করি নৌকায় উঠায় কিন্তু ভাগ তত হিনসপ্রাণী অর্ত খিরা লমানে ও এহান চাইতাছে যে ইয়েরেই খাইতে
/kaggle/input/regspeech12/test/test_sylhet_0718.wav,তে আফনারা কুন বিখ্তা আছে মানে এই জিনিসগুলা আফনারা রাখা ওই লাগে মানে ইটা টুনা লাহিনি টা গা আরা কছদিন নিফান ওইবো নিফানোর দিন আমরা রব যেটাই হ ওসিন দিু
/kaggle/input/regspeech12/test/test_sylhet_0192.wav,তো ইসময় কারেন্ট রিল থাখম না আমরা তো কাওগো রইছিলো কারেন্ট আরকিল না আমরা হারিগান দিয়া খুবি ডিয়া ইয়াম দিয়া ফড়তাম ততা খরোসিং গরা লাগতো তখাইন্জামেলা ওতার মদ্যে তেল বড়া
/kaggle/input/regspeech12/test/test_habiganj_0078.wav,স্টুিনত কলেজের এরিয়ার কাতা খাছি ের সাইটে ফাইটে এলাখার নাম কিতা বালি তারফর িক লগ আনমপুর আলম্পুর
/kaggle/input/regspeech12/test/test_tangail_0031.wav,অল্প কদিন ফরে বিয়ে কিন্তু জনাখান তো সারাডা অনেক ভালোবাসে ফরে এই ছারা আবার অনঅন্য মানে দেশ নিকাছ জনাথানের
/kaggle/input/regspeech12/test/test_sylhet_0563.wav,ততো ইখান থেকা যাওয়াও বেশ দুরক্কার বাপা লা আর কিতা খ ইনকুর্স কিরখম ওইতা না মে অইছে আর করছেসনে না স না এখটা সাব্জেক্ট য়েছে ইছেনেয়
/kaggle/input/regspeech12/test/test_habiganj_0105.wav,না এমনি তো পড়ছি না আরগুনানুজাত কিছি না আমার জীবনে ফাতটাআমি ইখানোওই আইতি লাখটাম
/kaggle/input/regspeech12/test/test_narail_0146.wav,আমার ভিসারে ছে মনা চা আস ল যি আজগে আসা যার আমি কাইলকে চইলা যাবা ভিসারে ভিশি আন্তি মোটামনা  কুশর অসুধ শেষ ওইয়ে গেছে আমার মাঝে টেনশন  একটু এক
/kaggle/input/regspeech12/test/test_rangpur_0118.wav,তাইলে আইজকা কার বাড়িত ফাওয়া দাওয়া গেলেল তোরে বাড়িত  হ্যা কী খাইবেন বয়লাবয়লার খান না আইতো য়লার বয়লার দিয়া
/kaggle/input/regspeech12/test/test_sylhet_0690.wav,ছুটোবেলা কিতা ইচ্ছা আছি কিতা অইতা আছলা টেখা খরছু বাগায় জবদব খরার ইচ্ছা আছি আমি তরো য় বা তো চ্ছার  তারা  কিতা ইচ্ছা স্ববন ক্লাসো যায় ত এখটুকু মা বাবার যাই চেষ্টা খরর ওতোটুকু  ম বাগ বাগি তাইনতান কিতা খাতা ফরাও যান বালাবটা খে ফড়া লেখা ফড়িা মায় বাখলতাতখানতে খরবো
/kaggle/input/regspeech12/test/test_habiganj_0021.wav,তালা বেশি েছাড়া বেড়া না মা তেরা কইন া া বেশিআরনা এরা বাপ
/kaggle/input/regspeech12/test/test_tangail_0050.wav,ফরে এরকম দুইজনে অনেক সময় পারি দেয় দীর্ঘ সময় পারি দেয় এইসময় তারা ছাগরের বিভিন্ন ইজ দেখে প্শু পারকি দেখে তারা বিভিন্ন পশুর পারখি
/kaggle/input/regspeech12/test/test_sylhet_0528.wav,অললাই এখন প্লেইন থাখছে এক ঘন্টা লেইকে আর বেল্ট নাম আমি দযেল আরও বেশি এনজয় কিতা খরতা আনে তা অর লাস্টে দিকা আব্বারও মনে খয় দরখার তাইন গেছে মাঝসম তেকি আব্বার খরা ফরে আমি ওই গেছে রে দেওয়ার সময় যাইএইযে ইবারা খ িক খওয়ার সময় কি কপনেটি ফনড্রেন্
/kaggle/input/regspeech12/test/test_sylhet_0556.wav,হ ভাইতাও মামমি খবার প্রক দোয়া এই মাস তিন মাস মালখানো আন্টিব যে ওপারেশন হইছে নানি দফুরোম
/kaggle/input/regspeech12/test/test_sylhet_0534.wav,আর যে প্লেইসো ওইছে প্লেইসটখ মুটামুটি সুন্দর আছেট ফড়া গেছেন দেি মামান কিরখম মামানি তো খুবই বালা নোপুরান ওইলোবা জাগা মানে আরকি মিঠু ররো আমরার লগে মিলিতো ওইনি
/kaggle/input/regspeech12/test/test_kishoreganj_0120.wav,কা লক লাগাইছো মনত আম  আ  ফর র ফরে া বু মরব্বদ নিজে কোনি খাইদ্য শৃঙ্খল লে মত বদ ঘাছ হেয়া খায়া খালা গা গা ফে া   ো খা েআবার গাস টুন খায় কালা ভেঙ্ে বেঙ্গা একেকেলাগা টাফে
/kaggle/input/regspeech12/test/test_habiganj_0091.wav,কুরাননিত গেলে তোমার ছবি দুলতা বেশনি বালা লাগে না এবনেতে দেখতে ওই বেি বালা লাগে ছবিওত তুলতে বাল্লাগে না তমন মোবাইলের ক্যামেরা বালা থাকলা তোর ছবি তুলি বালা লাগে বালা
/kaggle/input/regspeech12/test/test_sylhet_0380.wav,ফ্যামিলি থেকি আমার এটতে তারারে ইস্কুলো ফাটাইছে খেত না ফাটায়া ইস্কুলো ফাটাইতে ওটার লাগিও দারারে তুরষ্কিত খরাও আ ফরোতো আর আমি যখন আইয়া ধরতি াই আ
/kaggle/input/regspeech12/test/test_chittagong_0032.wav,হেললাও হ্যা ওরি হ  ততলকি হাওয়া তোমার কেন আছে আছে আসফে গম আছে আলামমু তারা টো ঘুরে হড়ে ঘুরেত দে খালি হাল্লা রাইন্ডে গিয়্যে বলে হালা মুননি রাইনবে
/kaggle/input/regspeech12/test/test_chittagong_0092.wav,ফোন বায়া কললাই ুমবুঝেনাই কী আইন ওবুজি ওই যে সুমায় লনদে  খথায় না তুমাইয়ে তার অল্ল খথাইল্লা ন অয় খালি সুমাইয়েরে খবার কল দি হোনুমতে কল ন ধরের মেচিলি দিলাম এি সরদি নশায়
/kaggle/input/regspeech12/test/test_narsingdi_0124.wav,এই এই ঠ্যাংডা কী কইতাম এনরারে সিট বুঝছিআর এ পিছট চিা করেন্ডি শিক্সো বার করেন না সিজন টুওও দেয় না মাছ ফ থা কে ক কাা আমার া ট মিরির প্রথম দিকে ফয় বুলে এপ্টু ইন্টারেক্টিং আছে কিদাতা তর লগে আমি এর দিন এগারো হাতি তো বেখ্কা চাইস করছুন
/kaggle/input/regspeech12/test/test_kishoreganj_0003.wav,ব বডে এ দুইটু কোয়া দিবে ঠিক আছে মলা তিন হেক পা কত বিদেওয়া দিবে তুই আমি ওয় দেও ঠিক আছে যা না মানা হ  কিছুআমিাে নাম  ক্ষযা ক
/kaggle/input/regspeech12/test/test_narsingdi_0054.wav,তাইলে ই ত মশা ব্যাট যা মারতে বিশাল করতা আইর ফামিলে অনেক সমায় মশা খাআমরাা থুইয়া যায় গা তেয় সই জায়গা মায়ে আমারদো মারতে মদ্যে আইলা দে কবেটটা ভালা আছে যদিও কুনতা  আমারে কিনার স্তাম ওকটার ব্যাডটা এডাও
/kaggle/input/regspeech12/test/test_sylhet_0285.wav,প্রস্তাব পাটাইছে প্রস্তাব ঘাটানির ফরে বাইয়ের হাউসিন্ধা গরছোইন ফিফটি ফিফটি ইটি বাকডিটানা বালা মানে তারা খন পাম ওইতো ফারোন না খার যার লাগি প্রস্তাব আইছে ওইলো গিয়া ন্ডারে একটা কলেজ থিকি ফাস আর তা চাকরি ও অলাস অলভেন্ড ওইতে না কোনো চাকরি অইবো
/kaggle/input/regspeech12/test/test_sylhet_0465.wav,ুন্দর কি ব্যাংা দেখছি ওএকে দোকি বনয় জেগা ছলা তায়তা তখন টা তুমায় মনে খরো আশি পাঁচ আশি আাজার টেখা ফলা খে
/kaggle/input/regspeech12/test/test_kishoreganj_0077.wav,কন  এ দেন ত তো কুলা আঙ্গা আঙ্গাইলরে ত বারা দ দ দিনা  বিহাদে দেছ না ফরাইত্তা ারতামা কনা আ কিপ্পে কইরদাম না আঙগাআইরে এইযে দেখতাম পুলা ফানেক কতযে কিনি বিদেক কি না
/kaggle/input/regspeech12/test/test_habiganj_0049.wav,ইতা ওই পাইতি মোখ মোক প্লেটউইডও ফাইপি কত্পো তই বই টুই ও পাইপি দুই তিনডা বই ফাইপি আমার ভাইয়ে দিপি
/kaggle/input/regspeech12/test/test_sylhet_0508.wav,ইতা ওমরা টেখা দিয়লা কররে ওরারর রেখতি পাওয়া ছুমা রা হিরাও ইনপি তুমার বাইোবাামাতি তির নিগ্রম কমারে ফাছ লাখ টেখা দেওয়া দর খরা খ নেও  মা খা খরাতব বা তুমি আজকে তাখো খাইতে যাইবা তুমার কিতা কিতা লাগে ইয়ে মানে এইন্ডিাত তাকি এখ বস্তা ফিনি না সব বইনরাত তোয়াইটাখো হেয়া দিছা তউডে খম ওয় না খতা নাত
/kaggle/input/regspeech12/test/test_rangpur_0094.wav,তারপর যে কারকার বাড়িত খাওয়া ভালো হইচে কোন রান্নাটা কেমনক হইছে কী সমাচার ক দেহন কোন রান্নাটা কেমন হইচে জিলতার বাড়িত কি  কী কী খিলাইচে মা গোস
/kaggle/input/regspeech12/test/test_kishoreganj_0142.wav,কিটনাস ওক গিয়র্তালি ও হাসপাতালে বজ কয় কয়াকা না বিবিন্ন রাসা নিট   যারত তের ইত্যাদি মাতি যে ইত্যাদির মাধ্যমে মাটি দূষিরত হয় এইটা মাধ্যমে কি মাটি দুশি তা মাতি দৌষন না কি কিঅ ককে মাতিি দুষিত হর ক মাটি নানতা ই না দে বাইয়া
/kaggle/input/regspeech12/test/test_habiganj_0090.wav,ছা বাগা তো কেডা খেডা কেডা খেডা গেছো খাটছোতে গেছো আমি গেততে আমার আম্মা গেতলা আমার আব্বা গেছোইন আমার ছুটুবাই গেছে আর অইলো গিয়া আআ্মা কাছাততো বইনেরআ গেতলো
/kaggle/input/regspeech12/test/test_kishoreganj_0144.wav,করে দেছে  ক কয়েককানা াক ান বন্ন রাসায়নির বিভিন্ন রাসায়নিক  চেল চেলই মাদে মাজিা মাছি ত  হে বাইদে
/kaggle/input/regspeech12/test/test_chittagong_0051.wav,কিআল্লখন না হোন মরা মরালত ত বাজিগে কী খরিম হোয়া লাকি হোয়াল জিবেরে ছাড়ি ইবের খাছে আবার গুরি ফিলি তং করে হ য় রি তুতা আবার যেইতু জ চো খিল্লা আইয় অইছে তিল্লা তু রাতটা অসামামা শাইয়্া আঁই কিছু ন গুদি ওডি ন গুলুস না  াচছেটটা খাইবি দায়ে না
/kaggle/input/regspeech12/test/test_comilla_0012.wav,আকাশের দিকে তাকায় রইছে চোখগুলা উল্টায় রইছে উপুর দিকে সূর্যের দিকে তাকায় আছে আর হাপ্পা একদম ছেড়ে দিছে এহন পাশেই মাথের মধ্যে যে অন্যান্য ছেলে মেরা খেলা করতেছে না ওরা ভাবতেছে যে এই নুসাইবা মজা করতেছে ওরা ছেলেগুলা হাশাসে কর্ছে দ্যাগ দ্যাক ও ধোলনার মদ্যে বৈশা কীভাবে আকাশের দিকে থাকা রইছে এইভাবে কেউ ধোলনায় বসে
/kaggle/input/regspeech12/test/test_chittagong_0147.wav,আসালাম তুম ওারে ন সালাম হারি গেইয়্ি এক্কান সমস্যা অইয়ডা তার লাই হতক্ষণ ক খইদেক কিনো রেকর্ড টেকল কিুন কদি রেকর্ড নোয়াই না এততার লাইতো আবার সমস্যা  াজিততে আরেখন হামদ বাজার দিলো আল্লা
/kaggle/input/regspeech12/test/test_kishoreganj_0115.wav,ঠাঙগারের কায় কালা ইগোল হ্যাঁ ইগো অলে ততে কিলেখতা দে শক্তির মূল উৎসব কুনডা সূর্য সক্তির মূল উৎস সসুর্য হে তু আগে আওগে্তে মহর্ত হরিক্কা তা আইলে ক ফাজা লি্কালবায়
/kaggle/input/regspeech12/test/test_sylhet_0392.wav,তুনা কয় গিপ্লা আমরা আনতি হ আমরা অইছে আফনের ইয় এন্তে কলেজের স্টুডেন্ট আরি বুঝছো ই রাস্তা দিয়ে তুি তোমায় আয়া অইছো না ভাবতিলাম যে কী বন্দ যাইতাম হক কাটে যাইতাম কি রাস্তা হ বুতি তো এখন দুইাটি সুন্দর লাতা  সকলই হয় তো এখন দেকি স আর শেষও অয় বুঝছি
/kaggle/input/regspeech12/test/test_tangail_0074.wav,ওই হাসপাতালে আম্মার কাছে বলে যে আপনা বরুনরে একটু বুঝায়েন যে এরকম তো আমার আর চলতাছে না পরে ওই শিলিত যে আম্মা থাকে সে বরুন দাওানরে বুঝায় যে এখন তুমি ক্যারিয়ারের সময় দাউ
/kaggle/input/regspeech12/test/test_habiganj_0062.wav,কিডা দিতাইলে আমারে আইয়া উইল্লা দরে কিন্তু পরাত বইলে ফরে আমি ইত্তা মদ্যে পিটতে ফারি মা থাখে কামনে ককিন্তু ইতারে টা ফড়াইতাম আমার তর আগ উইট্টা জেলা
/kaggle/input/regspeech12/test/test_barishal_0054.wav,আমনে বউ তেন এটটা সেকেন্ড খাড়াইতেল না হেই কুডোগুলান একলা টাইন্না নামাইন্না আর হেইয়ে ঘাডা হেইয়া ঘুরাইন্না তে হোরা কালা অইয়া গেছে মোর কাল্গার পাকনা লাইন তিনি চাইড্ডা দিনে ছা হেই কিডা আইন্না এহন থুইটি  ে কছে কাপানা হেই কুডো আইন্না থুইছি মোর ক্যা লোস খানাইছে পনেরো হাজার টাহা বেচতার মহনে এটটাকুর যে কুরমই দিছি
/kaggle/input/regspeech12/test/test_rangpur_0004.wav,আকাত হ তাইলে কী ঢাকাত মরময়
/kaggle/input/regspeech12/test/test_sylhet_0676.wav,শিত্তা জীবনে একটুখইন খই কিতা খরছোইন আফনার ওতোমায় একটু কটু পিটিটি েন মন খর া ফারেয়ার ফরে অনো আইয়া দিখতা নাজিটাআমারা দিয়া আর খমাস খর আরকি
/kaggle/input/regspeech12/test/test_sylhet_0333.wav,তুমি ফড়ো তোমার খরচ আমি দেই জুজিগুরুদিন ট্বাবলম্বী ও যেতখ্কারওত দিলাইুম আমি খরত নেও আমার কাছ পেকি বিয়াকনচাকরি করনে বড় চাকরি করবা ম রন তাকরি কড়াও লাগতি না ছোটাল চাকরি করার যাইতে সংসার চালা আমি বড় চাকরি
/kaggle/input/regspeech12/test/test_sylhet_0171.wav,তো মনে অয় অন মাই মারিয়াও আনি দিতা নাকিতানাবো মাা খইয়া খাইছোনতো বাজার অবস্তা খওবা আচ্ছা সটা আছে ওইগা কিতা ওইবো তিনছাখাওই বেলা খারা বউত খষ্ট আরে
/kaggle/input/regspeech12/test/test_kishoreganj_0153.wav,পাকা বাতালি লিবু ভিতরটা হালকা গুলা পিরঙগে বিতরটা হালকা গুলা পিল পাতা টা দিতর টারাপিগুগলাপি বাতালি লিবু পাকা বাতালি লেবুর ভিতরটা হালকা গুলা পিরঙগে বিতরটা হালকা
/kaggle/input/regspeech12/test/test_narsingdi_0064.wav,মনে অয় আমার কিছু স্টুডেন্ট ফড়ানি দর ফাআর যদি গনিতের কতা কত গল ইনি প্রিটিকযালস ুন প্রাই ওভার বয়সতে ক্রাই ওভার ম্যাথ  ম্যাত আমি আর অনেক ভালো ফারতাম ত ফরাইরা কেত তাকতো মানে পরীক্কার মনো থাকি এই যে এটা আমি
/kaggle/input/regspeech12/test/test_sylhet_0115.wav,কিমু কাহিনী তুমি টিককি তরা মায়া যাইটটুকি ফালাইয়া আস্তা গিনের লাগি তামো হু আর ভাই বড়ডা একটা আাখতাম কুলবা াতো দরো ম তাওয়া যাইতো কইরা তুমি হেরা খরছনু আইতো আস্তা কিন ধরে দুই ভাইবোন আমরা ঘরো থাকতাম
/kaggle/input/regspeech12/test/test_sylhet_0693.wav,না আমরা খতানা আফনালেখা খ টু দিন  র সময় না আমরার এনসিকলজিক ফড়ি আর ইটা হচ্ছে একটা আঞ্চলিক ভাষা নাই একটা রিসার্চ আর কি গবেকণায় তো এরলাইজগা আমরা বিক্াপত খইতো আফনেরা আঞ্চলিক ভাষা মাআছনি সিলেটি ভাষার ফড়িটা আমার আবারি ইসকা রাইখো খতাগুলা আবার লেখা উ আর থাকতো না মানের একবারোরপর থাকতো তখন সমস্যা নাইখ তো আমরা গল্প খরতে এখন কুনু ইনফরমেশন দরখার নাই যেসতালে আমরার শব্দগুলা দরখার ভাষাগুলার বাষা খলা
/kaggle/input/regspeech12/test/test_sylhet_0212.wav,তে বাই অললা তত্ত লইতোইন তিনটা রাম প্রতিদিন যাগয়া প্রত্যেকের খাছ তেকি নাম উন খইয়া আর আইয়া খাইনজা বল্লামর ভইয়া ইত্তা দেখি গ্রামো খতোজনোর লিস্ট আইছে কুনকুন গ্রাম থে একটু তেখেখে আছে লিস্টাও
/kaggle/input/regspeech12/test/test_chittagong_0172.wav,এদিনখুলের খইতাইননে হয় এরি থাহন হবার খাগুর তুন বালা ন লাগে তোর খালাম মুনি রাইখপু মার নাদান দেয় অনে ওর দাইয়েরে ঘুরি দওন তোহাইলা আছে মাই সা  তুর কালা মানি ন দা
/kaggle/input/regspeech12/test/test_sylhet_0136.wav,বাড়িতবা যুনি জুরা থাইক্যায় আছো আর কুনু দাও ফরে না ওইতো তেমনে ইদে দেতে  আমরা যে আইলাম এখন হঠাৎ কইরা খামও বেড়া দিলাইছিনা ন নাগবে রারজেন না
/kaggle/input/regspeech12/test/test_comilla_0017.wav,ডাক্তারের কাছে নিয়া যাইতাছে ওর মাও দৌড়াইয়া গেছে যাওয়ার পরে ওর মায়েত মার যাইয়া দেখে যে উনার মেয়ে পরে সাতে সাথে মানে স্যাররা সবাই মিলা ওরে হাসপাতালে নিয়া যায় কিন্তু হাসপাতালে যাওয়ার পরেই ডাক্তাররাও কিমতত ঘোষণা খরে আরকি
/kaggle/input/regspeech12/test/test_rangpur_0112.wav,নযে বেডা তোমানের বেডা কইতার মুইনাাব দেখছুম বেটি খালি দেইকা এেডিয়ে বেটা আখতে বেটারা বোযা বেডা বড় সব বড় ও বেশি দিগুড়া থাঙকি বড়
/kaggle/input/regspeech12/test/test_kishoreganj_0010.wav,মানষেন গুরা গাড়ির মইদ্দে আ সততে অইবেশি না  কই হেইডা মাজারে ছবি ইয়া
/kaggle/input/regspeech12/test/test_sylhet_0355.wav,তো একবারে তো আমার বাততি কত্রোটাও ওইলোই আলহামদুলিল্লাহ অনেক বযকলতে আমরা আরকিলা কনজুবার লাইফ কুন্ন দিয়া শুরু খরছি দুদ্দেও পাররায় মানে তাইনোর দিক থিকাও কুনু প্রত্যার আছিল না আমার দিক ঠিকেউ না আমরা মান ক
/kaggle/input/regspeech12/test/test_rangpur_0014.wav,ুর দালাম না ি কব গো কন গো কন গো ফ্যামলি বলে কী কন গো গ সবুজের বাপ ও সবুজের বাপ ে মাইতেরি আনো গো
/kaggle/input/regspeech12/test/test_kishoreganj_0018.wav,আচ্ছা আমগার দিকে রাস্তা  বাইিতার মদ্যে আদুইন যান না ত নরি বোলো আমবারি ফাহা মান্দি ফরসবাফশ বইলে তোই আমরা রাস্তার বালা নাগ ফাক্কা ছবা টিক্কই কিন্তুআন ফাক্কা আছ্তা হানুন অইলে না অহন ফাক্কা আস্তা নষ্ট অইলে আর বেশি খারাপ হু হান দুইন জা না এই যে এক্কানো গাত্তা অই ছার এক্কান টান
/kaggle/input/regspeech12/test/test_sylhet_0405.wav,ততআল্লাই আমি গুবাই টাকটে ম গাবািনা খনো থউত ন তও টা খরে ওসব তা খরে আমি কিচ্ছু মাতি নাতাই মনে ওই যে তা যায় ওতাও খরে খ মানে ওখান বাবোই নাই কিন্তু মানে খুব বালা
/kaggle/input/regspeech12/test/test_sylhet_0242.wav,টিয়া আিডা ইটা আমনা দেহা একবা ক ইটা রখলে বিয়া তো করে না
/kaggle/input/regspeech12/test/test_noakhali_0023.wav,মামা আইজ্জা একজনে কাজ করেছেন
/kaggle/input/regspeech12/test/test_sylhet_0536.wav,তো এখবার আইছ নাইতোআমরা ব্যা আব্দুস সাত্তার আ গাে গাসে দিয়া সার্তারের মাদ্যে তোমরা ডি বইন না দে
/kaggle/input/regspeech12/test/test_chittagong_0115.wav,কিছু খইতো নাই মাইসা তারা মাইষা কি রেগ মাইফাই ছাড়া ভারোত কিচ্ছু তো কোনো খবরটা বর নাই ইতি ব্যাট টার ন অয় হুম ইটি গরত তুম বেট টার ন অয় অইতো অয়তোখ এখন গেইয়্য যে এখদেখোমানি গেয়া এনে ক্লাস দি
/kaggle/input/regspeech12/test/test_sylhet_0423.wav,এখন ই কিতা খরে দেখো আমার ইিিনো বারো ঘন্টা বারো ঘন্টা দুমি দিন ওফারতো এক লাগানে কিন্তু তারা কিন্তু বইল ওবারি চার কিন্তু ইডিশও যায় না আার তারা আরা বি দেম না কিন্তুগ ওফার লা খরতে ফারেনি
/kaggle/input/regspeech12/test/test_narsingdi_0075.wav,এতো ষাইটটা চান বাই করছ এইন কিয়েরে কই কবে দিছি কা না দেছ নাই ডুস্টি দেছ নাই দেছ না এতে কইলাম দেছ নাই তুই  দেছ নাই তুমি মাইরা দিছে টাকা না না ততিটি ক সত্তি কইলা দিছো ত তুই দিছি নাআ ফরেকবার মিটারদ মন কইরা দিছে বিশাজনা দেটিকটরি কন কতা
/kaggle/input/regspeech12/test/test_narail_0053.wav,একাল্লিশ জমি এাকাল নেই তুমাগে  উদ্ধার কয়া আলে আমাগে অইলে একাল্লিশ জমি ক ওডওডা কত নাম্বার দাগি তুমাগে জানু তা কি জ্যানো  আরওসু চদ্দ না কতজনে  রকম ররসোতার সাতারো টাতারো বা চদ্দম ও ওমকের্তে করির ভি
/kaggle/input/regspeech12/test/test_sandwip_0112.wav,এক বে ক্লাসে দুই বছরে আবার কতা কহিা কলা নিহ আতহিয়া হের ওই কির্তে এক বছর মাত  কুজানু ভাই কুল গেলে ওহলাইনা নি তি নাডানি ওগার তুই যে কুদা তু তু রা গেই্লে বরি যাই ক্োমনে কইলতেন ন
/kaggle/input/regspeech12/test/test_sylhet_0079.wav,তাইর ফড়া আচ্ছে ফড়া উলাসেক ফুড়লো না আমি তো আমার খালুক তেকিঅবে যাওয়ার বকালটে স তে এম্নে অবসর সময়ে কুনু শখ উক আছেনি এখেকজনের তো এখেক ধরনের সব থাকে এনো নাসতে ইতা ফারে নাস্তে ফার না রনি আতন্দেঞন না ক তো বাইল
/kaggle/input/regspeech12/test/test_kishoreganj_0051.wav,বাত কুই কিনতাইন্না গরুর মাঠার কান টেহা ফরছে টেহাটা উডে কয়দুল ভাই ও কয়জজন ফরে দুল ভাই
/kaggle/input/regspeech12/test/test_narsingdi_0004.wav,মহারায় ফইদেছে অহন আফ কটু বটায় দিছে কিন্তু ওরো যহন ঢুকতে দলে তখন থেকে কিন্তু খুব ভালো করি তবে মনো বাংলাদেশের মধ্যে মশশাফিরে খুব মিস করি উঠছো ওরে ক্যাপ্টেনসি
/kaggle/input/regspeech12/test/test_sylhet_0211.wav,বোটার ভোট আকি তো বোটার তালিখা খরার ইগুরটাইম বড় ভয় ওছে তো তাইন হিসময় কি মার ফিরা ফি তো পিনতা খায় তাইনওর যে প্রাইমারি স্কুলের স্যার সারে দিছোইন যে আমার একটু জরি ফোলা তথ্যযলইয়া গ্রাম তেকি আমি আমার টু দ্যাক খর
/kaggle/input/regspeech12/test/test_narail_0032.wav,খাদেযট শুনি চাই না তো ওইটা কির পিছানে দর তপে ইস্কুলের নামে যেইরা দিয়া য় গেছে ওটুক তো ইস্কুলের নামই তুল পাবে স্কুলের নামে এগারো শতক অটুক বাদে ঠিকনবর জমি আছে
/kaggle/input/regspeech12/test/test_barishal_0061.wav,আর দশটা থিকারেট খাইলে এহন হেই দশটা থিকরেটের দাম দেয় একশো টাহা তাই একদিন আমি মনে করেন এক নিজে নিজে চিন্তে করছি বিয়ের পরে ওই সুমায় কিন্তু খাই এহন একদিন চিন্তে করলাম যহন আমার প্রথম পোলাডা অইলো একটা জিনিস চিন্তে করলাম যে দৈনিক মুই দশটা থিকেরেট হেই দশ থিকরেটের দাম দেড়শো
/kaggle/input/regspeech12/test/test_habiganj_0077.wav,আবার কিতা মহিলা কলেজে না লগবি না সচিত্র কলেজ ও আইচ্ছা ইখানে সচুত্র কলেজটা এটা তুন রিয়ার মদ্যে ডে অইলে গিয়া ওইডায়না নবীগঞ্জ মবেগঞ্জ বুলে ওডে তোনা
/kaggle/input/regspeech12/test/test_sylhet_0607.wav,ফাইবব সময় গেছলা উকি মানে অর্দেখনু নাই ফাই াআমার লাগতাছে যখন কৌরো থাইকতা মবেগা েতো ক আমি কৌরো অর্দেক ফাইতা ফাইবোতলা কটু মানে ক্লাস খরাইতা না এমনে আছলা আরফরে গেছ নাি হ ও এরফর ইলে আমি তো ইটা নিয়া বেশ প্রসন্দকি খুব এক্সাইডেড আছলাম তরারে যেভা ক্লোডপারে দিওয়া খলাম তোর দায়িত্ব সবাই ডা যারারে তারারে ব যাতি তো যারা যারা আছছে তরা না বালাদেতো
/kaggle/input/regspeech12/test/test_narsingdi_0104.wav,জাস্ট ফার নিসিদ্ধ ইয়ার কি চার শেষ না ফালুদা না রক বানাইতেলে এদিন কেম্নে এমনে মানাইছে কইন বইন বিশার কর এডা জাস্ট এটটা কী কইতাম এডে আমি আমার মতো কইরা বানাইতি ঠিক াছে ঘুরা দুজের মদ্যে কফিরাইল্লা ব্রেন্ড কইরা আগে কহন
/kaggle/input/regspeech12/test/test_rangpur_0003.wav,যে গোস্তি দিবার নান কয় না কোমরা ক গোস্ত পায় কোটে গোস্তা আছে ওমরায় কয় কয় গোস্তা আছেন কয় গোস্তা আছে েখানগা যে ত
/kaggle/input/regspeech12/test/test_sylhet_0169.wav,সিডিয়া বিডি নিতোন ডিমাইনস ফে তোর বুখে মাইনষে তুছাতোট ফাট ওই গেবাারকিালো তে এখন তে জিনিস পত্রের দাম এখন যেরখম আফফারার সময় কিরখম কিতা দাম আছে ইতো এখবারো খরতা আছেল আমি আড়াইটা খছাবর নাকিকিতা বুজ্জি খার লগে জেগাইছ তারাা
/kaggle/input/regspeech12/test/test_sandwip_0107.wav,আ্নেরে এগাতে ছোডোবেলাত্তে এখনর দি আঁই কোনোদিন ই হে এই কথা কইলো দুদই ফাস্ট অইতে অইবো তঁর রং একইট্টা অইবো এগুবনথাফ আঁই কোনোদিন যিমু তারপরে নব্বই হাইতে অইবো একছেত আঁর  মাফারহও লাইন যদি কম আ
/kaggle/input/regspeech12/test/test_sandwip_0065.wav,বাপে আইছে বেশ কবজ ও মাথা ত্যাল দন দিছে বাপে কন করছে তাইহে তোর বাপের কবছা তোপর কছা জারি নাগে বাপে কিষি কইছে বাপের ওকা আল্লার ঠালা তা কি আলাহালা কইছে তুমা মোবাইলে তো লা রাখি দিলোও মাইনষে আল্লার ঠালা ক কি হইল্লাই আল্লা ঠালাগাকে তো তুই যাইবি কিসন তোর বাফেরে কইবেনিআ মায়া অলা আসন শুটু করছে আঁকি আল্লা হুনিে তোর কোন দিনি যে তর বুদ্ধি অইবে আঁইজো বিখলাম না কৃষলা
/kaggle/input/regspeech12/test/test_narsingdi_0013.wav,লিগ উুরা খেলতাছে রূপগঞ্জের হইয়া যেল খেলতাছে ডি পিএল এ এই ডিপিএলের কতা কইছ না এ বেটা আম্পায়ের আর কি সিদ্ধান্ত তে আউট অইলেও আউট দেয় না আবার যে ডাউট নেওয়াডেও আউট দিয়া দেয়
/kaggle/input/regspeech12/test/test_habiganj_0063.wav,এমন কুনু কাম খাইট করটি না বাদার দত মানে টপ কাজি মা বাবারে কইয়াঅইয়াই পড়ি অহন এরপরেও আছে না নি যদি একদিন এক্কা ভুল গরিনি ফিলো গিয়া টিরা কলেজো ইতুল না কলেজো গিয়া আমার বান্ধবী এরা ত এরা তার যাইতো মার্কেটো যাইতো এরা বলে যামম কিন্তু আমার হাতে ওটে খালতি আমি মারে না খইয়া ওই ইকটা জামাইন্নালাইতাম অখন যে আমাডার দাম আমি আইনালেটি বেটটি দাম দিয়া তে আমারডা
/kaggle/input/regspeech12/test/test_sylhet_0246.wav,যার যার খরতাম বাইয়া একবায় আরেকবাগে দেখাইতা বাই কিউটেনি গরিয়া আমার হুচ্টেলার খরছতা ছালাইতা আমার ইরখম অবস্থাটা আমি ফিল খরতাম যে আমার বাইজততে খুষটা খরিয়া আমারে ফড়ারলি দেখাত দেয় আবকান এখটা দিন আমি খাজ খরলাম আমি এজকে পিতা খরলাম আমার ইটা সবসময় বেস্ট আমিওতো হোস্টেলো তাখাও
/kaggle/input/regspeech12/test/test_sylhet_0680.wav,হুম থর ছাব য়ন ছাড়াও মেগ দেখাাসারা দিস্টুর বন্দো দোগই  মানে অংকের ইচ্ছা কিতা এখন মানে
/kaggle/input/regspeech12/test/test_chittagong_0100.wav,সিরেকা ও ে তিলাম টার নলে পাস ল বেথাহি আর ওডা কুলনা ওই যে বেয়াকদুর মদ্যে মানে মোট বেশি ধাল জানালেও মোটামুটি ভালো অইয়ে একটু ইংলিশের মধ্যে ভাই মানে খারা বইযে হরে ন বুজজে ইংলিশের মদ্যে খ্যা না খারা ভইয়াইয়্ে
/kaggle/input/regspeech12/test/test_barishal_0062.wav,এই দেড়শো টাহা যদি মোর ফ্যামিলিতে বাড়তে মোর কাতামালের বাজার হইয়ে যামুই এই লারমারার খাম হই নে এই ছাইড়ড়ে দিছিএই ছাইড়ড়ে দিছি এই যে বিরি সিকরেটের মইদ্যে যদি কোনো মানুষ কইতে হারে যেন্নে ঠায়াতে ওর লগে আমার চ্যালেনত হইবে ওর দ্যহাইতুই বেছে কোনো জাগা ন্নে খাম আমি মনে করোন এাকটা নাপ
/kaggle/input/regspeech12/test/test_habiganj_0055.wav,মা খবটা দেখাই ওখাই দিতিল এরফরে খইতে বলে বালোই আইছে এরফর তিকা আমরা বাড়ির মযখন আমার আতে টুক্কি তখাই যে বালোইতে অখন মা খয় তুই তুই শুটকি ত খারি রান আমার তিকা তুই বালা খইরা রানতো ফারো এরফরে এরফরে ইতা খরতে খরতে ওই আস্তে আস্তে অন মা মা দেতো যাতা রান্রে অখন আমি দেখা যায় আস্তে আত্তে সবওই ফাড়ি রানতাম এরফরে অখন আর কিতা খইমু অখন ওখন রানতাম রানতাম খইয়া যাইযে অখন আমি এমন ঝামেলাত পড়তি অখন দেখা
/kaggle/input/regspeech12/test/test_sylhet_0529.wav,মানে এই সার সময় তো হেই ক হ্যা তো তখন ভয় লাগে ছে অনেক কততেকইটা অনেককে কিতা খরতো ফার  আব লাগছে না এমনে চাওন্দ অয় বেশি নামাজ টমার নামাজ আমার অতিত্ খতু খানো মাজদ খরি উঠে উটা সময় বেশিতারি
/kaggle/input/regspeech12/test/test_habiganj_0117.wav,ফা গেছলাম এখম
/kaggle/input/regspeech12/test/test_kishoreganj_0029.wav,জাইনে মইদ্তো হেই দুইা না এনে এনে কত কিন দুয়া জাগাইন্না বাড়ি এক মান হ ত একদিকে এ আমার এইে আইসতি দেন ভালা্লাগতেছ না এএক দেশের মানুষে একখানো ভালা্লাগে
/kaggle/input/regspeech12/test/test_sylhet_0451.wav,তে এমনে সারাদিন কেমনে খাটে আন্টি  বাত্ছা খাত খাইতবা মনে খর বরা গুমডা কি এখন উরতি একবা নাতানস্তা খলা এখন আরটু দিরডিশনার পত্র আ গুছাই ফরে গর দোয়ায় এটটু জার উরুদছপাগগ গ আদি
/kaggle/input/regspeech12/test/test_barishal_0043.wav,হেই আডি বেন্সি ও খালি ধরিডা টান্দিয়ে এট্টু জাগায় দিছে এডি ডুপ কাম করছে হেই কাম কইররা যেই সমস্ত ব্যবহার মূল্ল করছে হেই ব্যবহার করা লই াই গেঞ্জাম বার যে বিশ্বা লাখারেমোর লাগে ও মনে করন মোরে কয় য় যার ব্যাডারে কইটি কুডো খেনতে মানা করতি কুন কিন্না গরু পলতাম এেই কুডো হুকম প এইয়ে যে কইছে না মোর তো মিটারগা ্তে গরম হইয়ে দিতি এট্টা চট ক্যান লাগাইয়া
/kaggle/input/regspeech12/test/test_chittagong_0122.wav,বৃষ্টি টৃষ্তি ফরের এহনো খ  ভাই তোরা বেগগুন গারা অর্ধে হিখদনিয় অই গেয়্যে গই আঁরামহালি ভাইয়ে তযেবঁর নানু বাড়িত তঁ মামায় বুদে হ বুলিছে তুন আঁরা ফরীক্কা আছেযে ন যের
/kaggle/input/regspeech12/test/test_sylhet_0296.wav,যেহেতু কথাবার্তা ফাকা ওই গেছে অখন ই জায়গার মাঝে একজনে শ্রম দেওয়া কিংবা ইগুলা সাইকোলজিক্যাল বিকয়গুলা যদি এটজাস্ট খরে না তখন তো স্টার্টিংটাও নেগে টিবল গিবো তা আমি ওউ তখন আমি ভাবলাম যে ওটা তো আসলে
/kaggle/input/regspeech12/test/test_narsingdi_0133.wav,ইনো সাইন লাগদো ঠিক আছে কিন্তু তর চ্যারার মদে একটা দুষ্ট দুষটা বাব আছিল এই যে দুষ্ট বাচ্চা কয় এই জাগা টুল ফড়ে আল্লায় দিলে আল্লায় দিলে আা বড় অইয়া তরতো সুন্দর আছে আএডে আমার কথা না ডামানখের কতা  আমাগে মের চাইলড রুল লেকট্রনিক ইয় অছিলাত বইন
/kaggle/input/regspeech12/test/test_narsingdi_0066.wav,তলে ইতামুটি ভাল্লাগে আনে আমার খুলা বেশি বাল্লা গই মেলি ফ্রেন্ড মজা খরা লইগা  আবার ঠাবার ফ্রেন্ড দিছলাম ওইতো আরবে সবা সবাত ইনিবা েকুন সুময় অইছে ল মার গোরাইয়ো সব অনে বিয়া শাদি কইরা সেকটেল
/kaggle/input/regspeech12/test/test_habiganj_0074.wav,াওদেয় সময় নষ্ট বারে কীিা খইতাম এখেবারে জীবনটা এইডে একবারে অল অসলে সিয়া খাটাইতাছি আজ ইরা লইরা খাটাইতাছি ব
/kaggle/input/regspeech12/test/test_sylhet_0762.wav,াতাই ফর এর বছর বয়স সাকমনে কাছে দেখাখলাতাবনইগ বিয় ই আইা  বা মনে খয় এইটো নাই আরতা ইরমুনট না  ব ছোট বেলাতা
/kaggle/input/regspeech12/test/test_sylhet_0386.wav,ইিদ বিক্লেখি তো খিব বল যাওয়া যায় এদর বাফা দেশিদ যে বাইরিয়া খতোটুক খমা লাগতো নায় খমবলাএমানে লিালি তো নায় না খালি করলিবা খইছে ইপোতে খইরাম যে একবারে দ গাস্তা দিয়া গিয়া শেষ মাএককরে ফ্যাখনি
/kaggle/input/regspeech12/test/test_noakhali_0017.wav,হ্যা হলে সিনা বলবা গুু লইয় একদিন জ্বালা হলাইছা আর নয় কুল ইতে কান জাদ্দা তো আনা তোই গেইনি এক মরানা য়া দিগা তো কবে দলাতি হ কা না
/kaggle/input/regspeech12/test/test_sandwip_0017.wav,বয়র নম াডাইা দসমাগগিনেরে আ কেউরে ডিম ডিমিরাে রবো দেহা  মাইন্নে হাত্তে খ্যলে পকেটেরতে খযলে র কর এ ফাইতারা ক  ক হিসেব কিতা ফাইকতম নাই  বেশ ি একতুম বে হসেকটু  া তাহলি জেমাই এগুনের কুননো রাদুগুন দুদিন লগেলেছি
/kaggle/input/regspeech12/test/test_kishoreganj_0067.wav,তম গ গে গগে তুরই গা গিয়া গিয়া গা খইয়াছতা হরবাইত খ যেম এএলেতা ওইতাম না না
/kaggle/input/regspeech12/test/test_chittagong_0072.wav,আর পাবলিকোর মদ্দ অইয়া অইয়তো বেরি ছুটু আস্তে থাকিত্তারে খর তো তো বেলি খরচ বেশি ফাল্লায় এহন তো খানো  কিন্তু আইরে ফড়াা লেখার মান্দাই বেছি ভালা অ ইয়েনিরি আমি করনা য় গছে
/kaggle/input/regspeech12/test/test_sylhet_0298.wav,ত আমি গিয়ািকিকটর দেখছি দেখি কান তাইনো আমি যতোটুকু জানি তাইন ওতখন টিনিভিরিয়া খরতা গ্রামীণ ব্যাংক থেকি শিক্ষা রীণ লইয়া বাবা আমারে দিতা খরতদি বাবামানু দিতাতে কাজেই ওরখম খরবেন ওইফোইন্না ফুরাফুরি তাইন
/kaggle/input/regspeech12/test/test_rangpur_0127.wav,খেলে ওল মরশা খালি দেলে হযাঁ শালাহ ফানি প তাফলারে
/kaggle/input/regspeech12/test/test_narail_0015.wav,এ তুই বাপ্মারে টাহা দিস নাই তোর কাছে কিউ শুনতি গেছে নে তুই টাহা দিস নাই তুই কতি গেছিস কি জন্নি যে আমি ওরকম টাহা দিছি তাইলি আমরা ছো রইনালি ওই বাবলু চোর  আমি বাবলু রাইভিলি কইছি বাবলু তুই বলে টাহা নিফিস তালি টাহা তো টাকা কই গেলো আমরা তো পাইসি দশ হাজার টাকা আমারলো তো আমি আমার এই কতা কলো যা কাকনা
/kaggle/input/regspeech12/test/test_chittagong_0057.wav,তেম যদি হতায় গিনু উনা কেন ব হচাই তুলি নাডুরিউতো দেড়ি টেক আছে তলে থিয়া এহর যাক তু মাই আসি তুর পাশের দি চাই তাক অ না অ রাগলাক লাগ ভাই বাইয় ভেলাই ফাইয়্যিস অ্যাঁ
/kaggle/input/regspeech12/test/test_sylhet_0088.wav,ইে আর আফনে ওখুলা হলো থাখে নাকিতা না দি ওইদিনে বাছা দ
/kaggle/input/regspeech12/test/test_kishoreganj_0100.wav,মুসকো কী ক গিয়া বাত গিয়া বাত ক
/kaggle/input/regspeech12/test/test_sandwip_0085.wav,ত মারি তো আরফরেতো লন দেখে না দল হ্যা তো এইডাত্তো ইলে আরুগগো করে আতি অইবো হ্যা উুনছা কেল্লা অ একসময় ইয়ার মাথার হিয়ারা তো ভুড়া থাইকতে চুললা আইসতে ইয়ে আই আন্নের রাইত কা মোবাইলের লাইগদিরা বিয়ার মাতার উডে গুফাইলা কটন
/kaggle/input/regspeech12/test/test_tangail_0039.wav,আইচ্ছা তার পরিবার থাকে ইন্ডিয়াতে এই াই প্যাটেলতে ইফানখানির পরিবারথাকে ইন্ডিয়াতে তাদের একটা নিজস্ব সিরিয়াখান আছিলো  পশু পাখির সাতে ইফান খানের একটা স্পিচুয়াল একটা কানেকশন ছিলো অন্যান্য প্শুর সাতে কিন্তু
/kaggle/input/regspeech12/test/test_sylhet_0352.wav,তখন ডিজিও খইছে আইচ্চা ঠিক আছে আমার লগে দেখা গরিও তউ গিয়া দিদির লগে দেখা খরলাম পরে দেখা গরার ফরে অইলো যে সিলেট নন কুনু কোপ পাকা নায় যদি ফাকা ওয়
/kaggle/input/regspeech12/test/test_chittagong_0156.wav,হআরফু অনার্স তোরেন্ট ইক্কিনে পয়েন্ট লইয়ারে যদি যে অনেক্কি চাইয়্যন ত তনদে অনার্সসর যদি পয়েন্ট খর তুর লড সাইন্সওর তুলি নি ক্কিন্নি চাইয়্যেন ত জল
/kaggle/input/regspeech12/test/test_sylhet_0303.wav,আমার যাতে বাড়িত দেওয়া লাগবে তখন তোমার স্যারের লগে আমি মাতলাম যে আমার কিচ্চু লাগতো নায় আমি ইউনিভার্সিটির পড়াটা সেফওই গেলে চাকরির প্রিপারেশন লইতে আমার কিছুটা টাইম লাগবো আমার একটু টাইম দরকার আর ই টাইমটা আমি বাড়িত যাইতাম না আামি জাতেল
/kaggle/input/regspeech12/test/test_sylhet_0416.wav,বাচ্চারার মতো ডায়ভা কন্দি আমি টাকছি প্রতিদিন একপগর ফেব্বাস মনে খরো তুমার সাতছখন চাইত টেখা প্রতিদিন আমার এখদিন এখ রাইতে ফাত্পন্ টেখাটেম বাতলে আসে
/kaggle/input/regspeech12/test/test_chittagong_0171.wav,খই তা হই ত বাফ উসুর বাফার্লা দেশে ওসুসছ ছুর বাফেরেককিনো টক নয় বউত তুর বাফরে খই ছ ম গল আরেক কিন্তু হেইবেু  াি খয়
/kaggle/input/regspeech12/test/test_sylhet_0608.wav,আর যারা যারা আছে এরার লগে ইতো দেখা ওইবো একটা তো হেরখম মেেি যতকুনু ফােগুার জা নাই ফ্রিমাফুওতোলাই এখন আখারকি তো একটা ডে দিলাম নানি ই এখন ইডে দেইখতা এখনদে ফাটায়লাও আমি কিতা ফারাইতাম তোর কিতু নাই দেছো নাি তোর মাথাড়া ফাটাইলা যা
/kaggle/input/regspeech12/test/test_narail_0169.wav,ছুই তিন মাছ তা মার ছা লাগবে খারণ ফচুদবুরো দেখে পাছেি
/kaggle/input/regspeech12/test/test_barishal_0055.wav,মোর  মোরে চালাম কালে খাটতি আ লোক খযান্ডা খিসে এহন যদি এহন এহন আর কষ্ট কিননে যদি ঠ্যাং না থাইয়ে বইয়ে থাকতাম এহন ও তো র ধান তাইছে মুই দশদিন বইয়ে থাকলে মোর কি অইতো মুই কি না খাইয় মরতাম সেদি পোনেরো হাজার টাহা ককাম না খায়া
/kaggle/input/regspeech12/test/test_sylhet_0537.wav,র আমি না আমার ্তো টআমি অনারেস থার্ড ইয়ারে আরেড ইয়ারে মরদািম
/kaggle/input/regspeech12/test/test_tangail_0026.wav,কিন্তু সারা এরকম ভালোবাসায় বিশ্বাসই না সে সোলমেট বা ডেস্টিনিতে বিশ্বাস করে সে মনে করে যে জনাথান যদি তারি হয়ে থাকে তাহলে সে বার বার তার লাইফে বিভিন্ন সময় বিভিন্ন ভাবে আসবো তাই সে বিভিন্ন এক্সপেরিমেন্ট করে যেমন জোনাথান সারারে
/kaggle/input/regspeech12/test/test_rangpur_0036.wav,খালি মা আছেই ডিম টিমেই হ্যা তর ভাইতো ওইরকম তুইনা ভুট তরে দেবু খরির গে দি পুল কাস না কা এত্তরে কর তিপে পতরার মেনে ওটে খাতে কয়টা আলুদে আলুড ডালা ভুটক্যা খায় যায় ভুট হইলো শরীলের এনার দবিজনই তো এট্টা খাবার মানুষের ঈদপেরির সময় ভুট খাওয়া আসলে উপকারে দর তারি খাল
/kaggle/input/regspeech12/test/test_kishoreganj_0073.wav,কজাকি হ্যাঁ গা আজিয়া কিছু বরে  বার বা মনেত ছে আনি কইতাম নে এেতে কইমেন আনি কসতো কবেন্নে দাদাতে দাম মক্কার নামগে হ্যা উরানিা না  হ মে টঙ্গা উখার
/kaggle/input/regspeech12/test/test_kishoreganj_0122.wav,গর বড় মিল ঠটতি অইবা কারকানে এম্মে গেলা তুমি দাঁত দেয়া রা যাইতো না গন্দের লাইজ্ঞা এা কিতা গরাছে তকফার টিফাসিা বিভিন্ন  আ গুজলো না বা বিন্ন  ময়লা আবেদ না কেরে ফালা রায় ডেনি  ডেনিদে ফালা য  সামনে যেব্বা অইলো দিয়া তাইন্না না গন দে দুন্নার গন্দ  হ্যাঁ
/kaggle/input/regspeech12/test/test_sandwip_0028.wav,হইশালা ও য়রে হইশাল্লারগো  হোলাইন আলি হড়ালেখা করি ডাক্তার ইঞ্জিনিয়ারও হইয়ো হেই হো হোলাইন  মারা বিদ্যেশ রমে থাকে মারগোরও চা না আম্নের হোলাইনে আফ্নেরে চাইবার না এই ব্যাফারে হিয়া থাকে হুম আচ্ছা অতিরিক্ত ত হোবার ফোন কইরবে মা কে ছে
/kaggle/input/regspeech12/test/test_sylhet_0102.wav,তিনবেল্লা গিয়া রান্দু তুন ধর রান্দে না খাটা উস্তা খরে কিয়া আইছো তু মাছ তোহাড়িটা খাডা বোছা খরে বুঝমরাবছি তাইনা বিয়া অই গেছেমো নে বিয়াঅনেক কাহিনি্লগা ওইছেকুব করতো
/kaggle/input/regspeech12/test/test_rangpur_0072.wav,সেজেনা না এমার লাউ খির তো কয়টা বাজে লাউফির গরগুলা হয়া যায় সাড়ে চাইরটা বাজে তো আমার কা নি তো ওগুগ এই্লা যাত নাউ ভাই  মাছ ভাই করম না যে কাইলকা মুই লাউ লাউ মাছ ভাই করি লাউ দয়াে োর  তার লাউ  মোর ভাইটাই কয়দিন আগছিন মাত কেনা নাগে না
/kaggle/input/regspeech12/test/test_kishoreganj_0027.wav,আন্নে তো ফসল নি না আন্নাা ই গামরের বাড়ি কুই গরামের নাম কি তামরা তামরাইত তামরা জিয়া ফইরাছিনুইন এতামরাইত্তা মাা পুপুর বাড়ি নজুল আইছে নুইন একসাদরাত ামরা নদুরল আাইছে ই নজুর বলতেএইযে এনো কিনটা গাই না আছে না হ এই কিন্ডা গাইজ্নের লগে বাড়ি আর আরেকজ একটা ইয়া
/kaggle/input/regspeech12/test/test_rangpur_0013.wav,উনেক পাওয়া যা  আমরার জীবনে মাইফেরে বিয হরহর কশইলা তোমরা রা তোমার নাতি কয় কদুমি তো কইদে ওমা দিন তো কই দে
/kaggle/input/regspeech12/test/test_sylhet_0027.wav,গুনা ফারাডা দায়িত্ব নেয় পলুথে  কইটা খরে কুরুই এনে আর দায়িত্ব নিম তো কমিটি আছে সব খুছ থাকববার া টাদা দিয়ে নেওয়া অয় ইফারা মারা তুড আমরা ফাসবার খাছে টাদা নিবো নিয়াস মাকক নায় বোোব
/kaggle/input/regspeech12/test/test_sylhet_0483.wav,ওও এফর এটাপা আমার এখটা উফ্রি লাগাইলোগি মানে ওতে বাচ্চা খচ্চা মারা যায় ন বুঝতা ফার যা াও না ইগু তো বাইচ্তা মারা যায় অন্য কুনু স কিতা ফার িআমরামতাওবাচ্চা এরাা মারা যায়
/kaggle/input/regspeech12/test/test_rangpur_0078.wav,ফিলায় দিবেনন  ইয়্া তোমা গাদও না এইডেন খোন হইবে এডেন খোন হইবে এইডেন খোন হবাননা আর ওই পাইককের ওিপরিরিকরবে নাত  ন করে দিো তারপরে সনে সুখিয়ে করিব ভাদরিসাত ভাল্লাগে
/kaggle/input/regspeech12/test/test_narail_0143.wav,টুকয় দিলাম কন্তে তু মনে করে দেখতো আমি গত বার যখন ইন্ডিয়ায় আসছিলাম তখন তো আরিতহন তোমার আমার কাছে আসার কতা ছেলো হা বুমা
/kaggle/input/regspeech12/test/test_sylhet_0014.wav,উজা করিয়া তারপরে আমরা প্াপটা খাইয়া তারপরে খ্যাাট্টি গাটের আফন্দা সপবনদাবারাচ্চু খরা হয় তার চান্সি া ধর্মীয় ইগমা ধর্মীয়র গান আতে না আমার সস গান চান নিবে নান করান তে ন বড়ের দিন আকি
/kaggle/input/regspeech12/test/test_chittagong_0029.wav,তুরুরানা বিয়া দিবেলান দরখার দেহে লাগে নাকি ন লাগে না কি এছে গরে কী খবর তহরি ন হর মাইনষেনজিক গরে ইতি মা ওগগো কছিন ইয়া ওরি ইতুম মোবাইলেত দুলে দেলিয়্ি
/kaggle/input/regspeech12/test/test_narail_0142.wav,না উডো ওইদের সমান কথাতা তো হবে না তুমি আসোক তমারে দেখি না ম্যলাদিন হে রাততি আমারেদেহে ম্যালা লা বার েটুমে আসতো চার সাথে সব সসাম্পর্ক ওইছে কই দেছিলই তারে দেয়ে লাগতু কুয়া
/kaggle/input/regspeech12/test/test_kishoreganj_0136.wav,ফতালাম অলা কাঠালামসে ফলে হয় এক রকমে ফল পোলারে ক লিক্ছ লইয়া ভাববে পোলা কাটা নকটু তো পলা কাততাম া অমুতেতে আলএ
/kaggle/input/regspeech12/test/test_sylhet_0225.wav,তো আমি পড়া আরম্ভ খরলাম ফড়তে ফড়তে ম্েট্ট্রিক ফরীক্কাও দিলাম তোমেট্টরিক ফরীক্কা দিতাম যে আমরা তো গাওো থাখলি গাও  কি শহরো আইয়া ফরীক্কা দিলে তোমার ওউ টাইমের বিত্রে আইয়া ফরীক্কা দেওয়া যাইতো না তো শহরো থাখতাম খই মনো
/kaggle/input/regspeech12/test/test_habiganj_0097.wav,সিলেটো তো অনেক বালা বালা জায়গা আছে সাতাপাতর দেখলা আমি আমার তো অনেক শখ পামিকেরে দে কুনু সময় যাই ডাইতাম থা বাগানে
/kaggle/input/regspeech12/test/test_narail_0095.wav,ততটুকুই ভালো সম্পর্ক তহন তো ওইরকম কথা বলতি পারিনি তুমার সাথে তুমার কতা কথা ই কথা তো কেউ চানে না এনএই কথা কিনি আমি এখনো কথা শুনি যে আমার সাথে তো তোমার
/kaggle/input/regspeech12/test/test_narsingdi_0102.wav,কিন্তু একটাতে কি দেকবে দিলে ট্যায়া ডিয়া কারে রাইজ্ঞা দিলে ওইযে ছমেরে ওতোমে ও  আমি আবার ই আসলে া  না পাটটা টাডা দিয়া দিবো বর্ত গরাইলে এইডা লবেতাি বারে করাপ কডা দিয় খারা ওয়েত হইয়ে গেছ
/kaggle/input/regspeech12/test/test_rangpur_0109.wav,পাতা কুরি নিয়া যায় খিলাইস খালি গেলে পাত ফায় নাই এালা তোর চট্টারমত থাকতে ইয়ে ভালো আছিল না ইপ্তার ইগুলা মাইনষে ঢাকে টেকা খিলাইছিল খুব নোয়া
/kaggle/input/regspeech12/test/test_kishoreganj_0032.wav,আইন্গা চান বাইক্কা একটা মুতা লাগা যায় মানে বাড়িত না বাড়ই হ্যা এইদেএই পন্দর দা ক বস্ত  া টা ফরাইয়া ছাম্বাদইতা বারে বড়ছ চামদাগ্টা নেগ গ গ্াম কাম কি তাল দাপি
/kaggle/input/regspeech12/test/test_sylhet_0597.wav,সবকান বলা খালকে তুরি বিনার লগে দেখা ওইরা ওতাই া আা ফাসটা পোক্কানাক আসতা তা ইয়ো ইয়া খারকি এক গুতা বান্দারে দেখলাম না আমরার বেটে আমি খালতে খছে শিয়র গেলাম মনে যদি বিয়া টানো ওইতো বিয়াও ওইছেলানি আম্মার থাফাতো বই
/kaggle/input/regspeech12/test/test_sylhet_0081.wav,গ্লাস পড়ি া আমি তো বেশি আগ্রহ যানে সমত বালা লাগে না আমার ডেসিব কড়তে বলা না ইতা টা ব  ইতা তো আরো বেশি র মনুষয় খন ইতায় ফড়া লাখ তাব আমি ফতমে পড়তাম না তো তা এখন টিচার বার আগ্রহ যা বড়া ফর তাকি খই টিচার ইতালে তো ফড়া লাগবো তাতো বাল ফড়তোই খাকা বালা ফড়ো ঠিক বালা
/kaggle/input/regspeech12/test/test_barishal_0078.wav,মোলা মাইক্কা থামু উসি ম মাই খা  যাদা ওগলাগলাা ওগলা লে এ করপি ক ু্তু তুমি বোজো কিুছাত দি হে ভাইন র কম কিরি উল্ড উল্ডেইয়া কোনো করতা না
/kaggle/input/regspeech12/test/test_sylhet_0632.wav,আর িফারকার কুলাম ডেতেন রাইট টেকনোা না ইনো রিতার বুলেজওো মাত্র খয়টা সাব্জেক্ট সাইন্স আর্ভ কমারটিদাদোনা আইয়ো  কিতা পজেটিভ ইমপেক্ট খরবো না নেগেটিভ বুঝাতার না া
/kaggle/input/regspeech12/test/test_sylhet_0074.wav,একটা তার করতি আবার আইো আসিল্লাদ শুরু অইবো আসুখ শুু ওই গন্তা দিয়া শুরু অয় আছি দুর্গা ফুজা দি এফডা তুমরা মিয় ু গাঙনাম আরছিতাম মােআমি তো ইনদ ইতামি বুঝি নামি প্রকচুবর ওইযাও না ফুনরা খইতেবাড়িবারা ফরে দুর্গা কলা দুর্গা বুজা অয় যাযা এরফরে দুর্গা প্রতির ফরে ফরে কিতা কিতা হুল্গা ফুজা ফরে ওইবো লক্ষ্মীপুরজা খালি গুজজা
/kaggle/input/regspeech12/test/test_sylhet_0259.wav,আমার বার্সিটিত টান্সপাইত আর এর মাঝে খই আমি তো আ্ট থিকি পড়তি কন যেই হাই ইস্কুল যেটাত ফড়তি অপাইতাক তোআই তো আকিনা অখন আর্ট থিকি বুর দি কুইতা আমার ও বার্সিটি য়োতাও ডিমিটার ওই গেছে খুকটা কক ে আমি তর সবটাার মাঝে এপ্লাইও খরতে ফারতাম না
/kaggle/input/regspeech12/test/test_kishoreganj_0054.wav,লাহ লজন যেন তুাং কল্লে লজন দিন মােমাহেন ত ফরীক্কা শেষ হ হ্যাঁ হ এ কি ফরীক্কা দিইছে হয়  রাতাদি জাতাতি জাতাদি কি ফরিক্কা কি
/kaggle/input/regspeech12/test/test_sylhet_0587.wav,সাকিবে এআহন কলেজ বেটার গেছে ফরলে তো বেটি এইতাতা বেটায়ও কাম দিছে আখন ঘরো সব সেউ না  মানছোইন না এখন া টিক তা খরাাতেরে বই অতোটাদিন আর চাইর হাজার টাখা  তা দইরা খালি মানে ঘরে ঘরে প্রাইভেট প্রাইবেট পরফরে কিনলা গরে মানে খালি ফান দেয় মানুষ সেই কাকর বইতা খরবো কিন্তু ইচ্ছুতা দোকান ফ্রা ফরে ও খন ফাইম বাইছে
/kaggle/input/regspeech12/test/test_rangpur_0046.wav,সে তু কাহনি করবে না খেলারো  দ্যহনিয় হয়া হয়ে এহনে খোন ভয়া আহে এাই আরকটাম নকাম করে খেলা কততে পত নাই খায়ার ঘ আর লশিষ করতাছেরা  বেরা ঘন্টা
/kaggle/input/regspeech12/test/test_sylhet_0750.wav,আার আফনারা ইখানো দে মানে ফুজা আটতো না কিতা কিতা ওয়  িনি গাওয়া ওয় ওয ডুল িমনওলে ডেল দিমু ফারিনাতা বড় বড় তো অনুষ্ঠান আমরা খরা নতা নতা খদা জুল্লা বুগা খাডি ফুদা
/kaggle/input/regspeech12/test/test_tangail_0027.wav,হনর নাম্বারটা দেয় পাঁচ ডলারের একটা নোটি তহন ছাড়া এডার দিয়া এডা দিয়ে একটা বই কিনা ফেলে বই কিনা ফেলে তহন ওই নোটটা মানে যে দোকানদাররে দেয় এই দোকানদার থিকা আরেকজনের কাজ ছ রেকজনেরে যেরকম হরায় যাইতে থাকে আর ছাড়া বলে গণতানরে বলে যে এই নোট যদিা আবার আমার কাছ আছে তাইলে ভাবমু
/kaggle/input/regspeech12/test/test_kishoreganj_0124.wav,তেলাকিই পাকির্ডি জ্ঞাস কয়দা ইত্তাদি ব্যাবহার কর কয়দা ইত্যাদি দিছ কিি লগত বিশ আরইে উট্নত অইবো হন্টা ছাপ্পান্ন হা ঠিক আছে শর আিসাতান্ন আর অইছে চল্লিশ
/kaggle/input/regspeech12/test/test_narsingdi_0117.wav,বইরে একটা মাস্টার পিছ কানব্যথা করলে ইবো কেমনে ইগুলা পরটগার ক্যার ফর আইচ্ছা যেডকিন এইটিউনডেকুন খান
/kaggle/input/regspeech12/test/test_narsingdi_0058.wav,চোডে কতা কারতারত না এড সত্যি ক দা মামতোম ধরে কয়া কি আরকি আমার তে বালা তারার কা  যে বরতার মাদ্দি কলায় এহোন বলা ই তাগ কাইজ্জাগায় সবাই গেইসা বাইগি মিয়মিও কইরা গত তা অনে এট্টু ধরা কাটাইলে কি করবা অঙগো চাগ গর টাহি না
/kaggle/input/regspeech12/test/test_kishoreganj_0187.wav,আবু লোটা মাটি পয় জন তুমইমটি মটি উডি পানি দুশনে কারণ এ নতা ন নমার নত মার নতবার
/kaggle/input/regspeech12/test/test_kishoreganj_0194.wav,আ্ এই ডিডাউট কলেখদেকি দ কিন্ে েখা কতা ইরান হে পানিদে মিশে দেখা বালি কাদা ইত্তাদি ইত্তাদি ফরান্নুপক্ষে কি বলে কি জান ইত্তারদি ফরান্নর পক্ষে একে কি বলে
/kaggle/input/regspeech12/test/test_sylhet_0591.wav,ই খয়দিন থাইক্কা অক্টুবরর থাকি মুটামুটি বালা যা ফার ছে ইটা তামুটামুটি বিজি তিন তিন ছার আয়ন হুমনেওতো দরো এক ঘন্টা যায় ই গুম তকি উঠলায় দেরতা তার আইলা  ার এর আগে খয়দিন আর
/kaggle/input/regspeech12/test/test_chittagong_0135.wav,ঠিক আছে ফতির খাতে তো যুক্তি আছিল না খরতাবা মাইন্নি কিন্তু ইয়র আগে যে চিটাংগত না এবার লাগে আর ফল ফল বানায় তালো তুরা না খই যে আগে বর  ফুফিফ্রেন্ড উরটাফুরে তুরা আরে লইতো আবি ঠিক আছে না তাতাল বলক ফ্রেন্ড অইছি তুরা হুনা তুরার ইক্কানননাইনতা
/kaggle/input/regspeech12/test/test_narail_0112.wav,তম  মারার পিতসি সংসারে কিন্তু আগুন বেইরে যাবে না মার জি একিত্তু ডিমেট ম চাইতোন ত আমি তোরে আমি একটা কথা কই লিখেরাক ওরার আমার সংসারে কোনোদিন আগুন ধরবে না লিকের হার
/kaggle/input/regspeech12/test/test_chittagong_0052.wav,আরিয়ান খইয়ছ উননি চলা দেছো আর এইদে এক্কা মামা তিতার ইবু থুই তা ভাই জানেছ তুইলিানা আরি ফরি ইয়ানরে থুই তা ভাই কী খইয়্যুম ওই ফায়া না না কি ডাইনিং খয়দে এগিন অইলেও তোরে সারা যাইবো
/kaggle/input/regspeech12/test/test_sylhet_0339.wav,গেলাম বাড়িত রে ওইলো বড়োটা বাড়িত বাচাত আছলাম ফরে আবার ফরীক্কার ডেইট ওইলো ওতআমার তের বয়স ওইা গেছে তিন মাস এখন তিন মাসের বয়স তো বেস্ট ফিডিং টাইম
/kaggle/input/regspeech12/test/test_narail_0166.wav,আরে ছোকার লি তো আরও কত কিত্তক মানে এমন এমন রোগ আছে ধরেই না তোকার হলি ওয় বযাটিক্স থাকলি অন্যান্য ওফুধ খাওয়া নিতো যায়ে না
/kaggle/input/regspeech12/test/test_tangail_0041.wav,কহনোই মানতো না সে বলতো একটা বাগ কহনো মানুষে বন্দু ওইতে পারেনা আইচ্ছা এইরকমভাবে সবকিছু ভালোই তুলতাছিলো কিন্তু প্রশাসন া এনিমেল রাইফের কারণে নাক ই কারণে ই ঝুডা মান বন্দ করতে অইতাছিলো
/kaggle/input/regspeech12/test/test_habiganj_0057.wav,ছি একদিন এমন লগন দিতি একটু বেশিওই দিতি কিন্তু ওতো বেিও নাই কিন্তু লগনডা বেশি অইতে ইতার লাইজ্গা আমার বাবা খয় দেইলি তো তুই খতো বালা খইরা রাম দ তো আরকে পিকেরে ওত লবন দিলে তর মা কিতার লবন দিয়া দিতে আমি খই মাও তোই দিছে লগন আমি তো আর লবন দিতি না আমি আর কুন সময় লবন দিলাম আর আমি ইেনদো পা খে দিয়া একটু লবন দিতলাম বেশিওই আমি খই আরকে একটু লবন যদি বেকটি দেই তাইলে তো আমারে দিয়া আর রান্না দইতো না আমার অখন আর মদে বুইদতা লইছে আমার আর রানতে ওনতে আর বালো লাগে না এরফরে
/kaggle/input/regspeech12/test/test_habiganj_0003.wav,অংক আপনার যযন খইন সাতে জাওনডা তো সম্মানেলই জামাইয়া সাতে ওইরা লইয়া যায় ফর আমরার বজি কই দিলোতর গেলা তো আমটেকা ফড়াইতো রকুলা যেতো ট্যাডাও অহন র্যাডাপোর ফর তিনর্ র্ড করাা অয় পািবারকি
/kaggle/input/regspeech12/test/test_sandwip_0068.wav,াততে না কইলা অইলে এটাচারটান আস্তে রাজ জা্জাতিনে দেতে যা া আক্তারা হিয়াকছ বড় মতো াারেনা হন খনা এইডা একগিন বাত্দে নাম্নে যে তুমকা এরতুন হিয়ান হিসাব কইর্লা লই যায়গই
/kaggle/input/regspeech12/test/test_kishoreganj_0006.wav,গাড়ি তেরে কা কায়েদারি খারো গাড়ি ধরা করো গাড়ি লগপারলে উঠে হে বানায় কি কিলা কি ন তে বে রনে তআর মন লত্যারে তো ন না াবিলগ পা  দে  র
/kaggle/input/regspeech12/test/test_habiganj_0095.wav,তা আমনে যদি সিলেট যায়  কলেজ ফিকা যদি সিলেট পিকনিকও যায় তাইলে যাওয়া ইকটা আতে দূর কুনা না গেলে ফ্যামিলিত থিকা দিতা না আব্বা দিতা না যাইবার লাগি ওতো দৌর যাওয়া আব্বা পবন্দ খরোইন না চক্সবাজারে গেলে যাইতাম না যদি সিলেটের বিতরে কুনানো যায়ন তে ওইলে দেইনিনাওইলে যাইতাম না
/kaggle/input/regspeech12/test/test_sylhet_0562.wav,আর ছ্যারে না ই প্েপার বভাগোর ইনকোটর মার্ক দেখাইছোইন দেখাইয়া অইছোন ইবার ইনপরটা যেহেদ ততো ফাইছছোতা দিু তুনো ছায় দেয়া ওইতোন নায় বালা খরি ফড়ি আয় আর তো টেনশিন র তোটানডাদেল  খরছে
/kaggle/input/regspeech12/test/test_chittagong_0055.wav,অ এচালে তো বইতে কি দুনিয়াত সেকটা চিন্ন বাছন দুনিয়ার গেন্নে খাইন্না বেয়কগিনয়েরে ওবইন হাম হরচ গরিয়েরও বই থা কি দিরের মতো খন না হ কি আর গরির হ ইতা হরে আ বলে গম ঘরের হাম বেয়াকগিন গরিয়ের আম্মারে ইমপ্রেস দিতা
/kaggle/input/regspeech12/test/test_narsingdi_0019.wav,ওই কথা আছে না খুব তাঁতের উইঠা গেলে উপরে উইঠা গেলে মানুষ পরে আর ইঞ্জিনিয়ারাত থাকাইতে চায় না ওয়দ ভুইলা গেছে আরকি যে খইছিলাআম আর কোথায় আরহয় এগুলা হয় ক্রিকেট এগুলা হয়
/kaggle/input/regspeech12/test/test_rangpur_0107.wav,এলা গরু বয়টাগাওর বেটে আইচা চাইরটা ত ইয়া ওই ছাগল আছে নাকি ছাগলও একপা পাতা টা তা খুলাআইস না খাসটাস নিয়া যাগে দেইস না
/kaggle/input/regspeech12/test/test_barishal_0097.wav,হেডু বিবেকয় না যে ব্যাডা করা দা  কাম করছি দেই একি অইলো সমস্থা  দুই ডাঙ কাইটটে দেই হযা  হর কতা কই যেই ডাম কইডা দিয় খাত পরে বাত  আম মনে করে এই এই পানির যেতিও খাওনডা মোর রাতেই এই খাওনডা আতে ভইয়ে কইলা মনে করেন এই যে হারাদিন কাম করছি না মোর কোনো দুঃখ নাই ঘরে গযলে মোট তাল্লের ভিতরে রক্ত উইড্ডে দ্যায় ল পলে রক্ত উ করা কোনো দিক দিয় খাওা কার লে মা তো মাো
/kaggle/input/regspeech12/test/test_chittagong_0007.wav,ইয়া কই ইতে আঁরে খাে ফিয়া ফাওয়া আপনার বলে কি অশুখ অইছে দিকা আহাড্ডে একট অশুখ এ রুতিছ আঁই আজিয়এর আঁই দিতিরে ফল বানাই তে আঁরা অর্দদুরো বাজি হ দাঅনে কিন্লা ইয়্যের তুন ইকটুন খদা অইন্না বারকা অতে এক্কান আলাদা আইয়ের বইয়ন্ত হত আঁকস খরদা আইর জ ব্দা ছলা তা হদে কুল ন খর হরেদে
/kaggle/input/regspeech12/test/test_kishoreganj_0169.wav,সলে  ও ফুনডা মর বা্নালাডলল থাকাহুমে পর্যন্ত রকি  পতিতে ত ফরি ভয়কে কলিমব বলে ব মখুব লাল তর মযয়ী ভিটরটা খুব লাল তর মজায় ভিটরটা খুবলাআ কতে অনুযায়ী ভিতরতা খুব লাভ
/kaggle/input/regspeech12/test/test_chittagong_0070.wav,এগিন লইয়া নাই মাও জানি খালিয়া আ ফরুয়া মেিট লিফতর রেজাল্ট লইয়্া আঁনে দাদা খালিয়া খর আই খালিয়া উইন্নি যায় খালিয়া অলুদফুরা এগিন ফুগাই গেয়য গই হ তন কিরিমি খইরদি
/kaggle/input/regspeech12/test/test_narsingdi_0009.wav,ওরে তো রাগসো মোটামুটি তিন চা আবা দলের সাতে ঢাগতাছে লেক্সপিনারের আবাব করেন খরতে ফারতাছে না এই প্লেয়ার রালেক্সপিনার লেক্সপিন বল খেলাইবো তখন ওরে নিয়া যায়বরই লেক্সপিন্ট বল করে গেয়া গর টু ওর্ড এক্সপিনিয়ার সাতে ওতো বাংলাদেশের লেক্সপিন পোয়ালিটি মিলে না
/kaggle/input/regspeech12/test/test_narsingdi_0048.wav,ঠুতে ফড়িছতাময় কিচ্ছুদিন আগে খোন নাইয় ওই যে রাত্রে বেলা কারেন্ট রতা ফ্যারে ছামি যে ত্যালেরিয়া ত্োলের গ্হানো ত্যালে দেওন আওন লাগযে আমি যে মোক মুত তাম গেছি ডিয়া আমি যা ওই ইরে হেরি দা বার লাইটিং মানটিং গেরে পার্টি নাকি ফরেডবরে তারি দুয়া উঠতাতে
/kaggle/input/regspeech12/test/test_tangail_0052.wav,ফরে রিটার্ট পার্কার যে বাগটা  বনে ছইলা যায়গা নাইমে নানাইমেই বনে ছইলা যায়গা আর ইফানখান ওই বাগটারে চলে যাইতে দেহে কিন্তু বাগটা মানে কখনো পিছনে ফিরার তাকাই না
/kaggle/input/regspeech12/test/test_sylhet_0256.wav,বাদে আনিয়া কোচিংও উরতি ফারি কোচিংো যখন ভর্তি খরাইতে কজিকটন কোচিং ওটা হাওয়া ফরা ঠিকডামে যারেকিছু ওইতে গলাা তো আমরার মতো ওলা প্রান্তিকটা করিবারটা কী এখটা খুটিও না টা কলেজতোচিং উঠতওতাি দখন কোচিংও খরতে গেলে থাখমু খই
/kaggle/input/regspeech12/test/test_sylhet_0029.wav,কইলো ইটা তারপরে নওমি জিনস ওয় েকভাবে পূজা পূজা হইলো টাককুরুতে ুপূজা করলো প্রত্যেকদিন হেতু নতুন কাপড় দেয়া ওয় সব টাকরলা পড় তা সাজাগুজার জিনিস আস্তে না কাকড় রাতে এগুলি দেওয়া অয় দেওয়ার পরে  মাছযে সবাই যে বক্তু ঘরে ঠাকড়কে গিয়া প্রনাম খরে ইটার মাে কি সবাই কিন্তু প্রণামি দেয়
/kaggle/input/regspeech12/test/test_kishoreganj_0059.wav,া আন্নারা গাছ দু গাছ দু আন্নেরা নিগু বাছ নিগবা তগা এইডা া খক পাইন্না ফারিত নাই ফারিত না ফাল থাকতে না
/kaggle/input/regspeech12/test/test_sylhet_0445.wav,সু সুবিদিাইলেখার সুঠিগ সুবিধা বালা বিি খবারে নিরিবিলি কোনো মানুষ তোমুত নায় চন্দ্রনেলেয়ার কিতা খইতাম আমার যে বয় নাকি ইবারোই এখবারি কুনো মানুষ খা বার কিন্তু একটু টামনে গেনে মানুষাছে আমি দুই নাম্বার বারছাত আছলাম ইগু ওইলো ে তোমার ফেততালিক নম্বার বারতা এখন তুমি গুজরাআমি দুই নাম্বার বাছা করতাম গলি একবারে মেনডউগ
/kaggle/input/regspeech12/test/test_chittagong_0120.wav,কিদি আাসছে বার মের গি লাস্ট নে দো আইয়ের খরদে বার আয় না বা বুল অই গি ওডি একটান খতা খই তুই মোবাইল ন দি ছদি দ রিফাত   দা  সামছেগু হ্যাঁ রিফাত বেন ডেইহিলে সমস্চ বেতরলে খুইরদি ও
/kaggle/input/regspeech12/test/test_sandwip_0093.wav,এখনজাগার ার দুখান যুগ্ঞ খরনা দেমিতোবেলা নাই ্তা
/kaggle/input/regspeech12/test/test_kishoreganj_0057.wav,আমনে দোয়াম্বন্দ ন খাওয়াম কেমনে কইছি তো কাওয়াই আমু এইযা এইযে বক কিতা কিতা দোহান কুলা খাওয়াই াম তো কালা  মাছতাছ আছে মানুন যাইবো হ্যাম াততা দিবা বক্কি কাও কুনকাছো কুনকাছ তো
/kaggle/input/regspeech12/test/test_sylhet_0222.wav,চাকরি করিয়া আমোর পেফারটা যাতে থাখে না খও ওয়াইফে পাখা িদরে আরেক্ টারিগে থাখো ফরে আমি ওউ টার্গেট লইয়া মনো য় মনে পড়া শুরু খরছি আর আমোর বাইয়ের আমারে কুজটা খন আ ভাবি গমা
/kaggle/input/regspeech12/test/test_narail_0120.wav,তুমি বলি আমাদেরে থাকলি হলো কিনতা করবা না আমসেডা কলাবিষয় তো কই আমা দেরে না কির এতো খতা কি্ছু দরকার নাই সে তুমিংসর গত লাগানোর দরকার নাই লাগাচ্ছি না কিন্তু আমার সং এটু আলো জেলায় দিয়ে
/kaggle/input/regspeech12/test/test_narsingdi_0068.wav,আমোর ক্লাসের মাইয়ে বলে আগর মডক আগো বযাস্ট টএকেরে এ মায়ে বিগ ফার্থ কইরা লেইগযে যুবককবাজান্ন ওইতে কপক্ষয় এমগের মইদ্যে টিসিরত তো হয় নেও কি করতাম এগেলমন রানি ন আমরা বাবারি রাখবো
/kaggle/input/regspeech12/test/test_kishoreganj_0158.wav,কাডালেমে দে আমরা কইছি কখনে কালে আমার কন সকালে গাসের উপর বিন্দুবিন্দু পানির জমি থাকতে দেখিতে  বিন্দুবিন্দু ফানি জতি কাে দেখতে  দা দেখছো না দেখছি ছাতি নাবু দেখিতা নতিনডা বেশি
/kaggle/input/regspeech12/test/test_sylhet_0584.wav,তা খইতাম ফয়লা ফয়লা তো যাহান তারে ফেড়াইতাম এখন যান তারোর ডিমান্ড এখটা এজানতো বেশি বেটার ফাছ আজারো নিকি মামি না আর টেখা তাইকা বড়া ওইলো গিয়া হে নানি ত বাদ টুেনতবানাটরমর কিত নায় উদ্য তারে বা রাককাত অয় না আয়  মানে আর খতো ওইনগা
/kaggle/input/regspeech12/test/test_narsingdi_0100.wav,এমরারে কী কর সাবচায়ার ও যেডাই বাদ দেও কিতা ফরে দ খছে যাওয়ার যাওয় তা মি বানে মিনা নাহ আর আর কই ঈদের সালামিনিবার নাকি আমাকে ই
/kaggle/input/regspeech12/test/test_narsingdi_0131.wav,ছুডুবেলা আবার ছুডুবলা কতা লাখে পছাইতারকি  বেলাকা ছুডুবেলাতে আম্মার মতো কিউড বাচ্চা নহরে পনে আনতে হ ক আরও উয়ো নানো বা
/kaggle/input/regspeech12/test/test_sylhet_0309.wav,ওউ ওততা খাঙকরি করি বা আসলে তো তে গেছোইল তারা বাড়িত দুইওও ফ্রেন্ড মিলিয়াক বাড়িত গেছোইন তারার বাড়িত আগি গিয়া আব্বা আম্মারে বুঝাইতোই ক তারারে কালকে বুয়া দিলাইতা তারে খয় কালকে বিয়া দিলা ইতা া  নাই হায়নি া ্ছো না ততো খাতে নর বল লাগতেন  কোনুগন ফারা নাই তোমরা খইলো বিয়া কিলা বিয়া অইতো
/kaggle/input/regspeech12/test/test_kishoreganj_0088.wav,রউদা এ হআমিজন জমুন যা ফাইনি খাইতছ হ কেমন লাগে ঙগ ানিা বেছে না কিন্না খাইল্লাগে মক্কা তোমারে কে মাঙনা মক্কা মাংনা  মদিরার মাদ্দে আনি ফানি কওয়া মদিরা মদে ফানি নে মক্কা ত মক্কা ফুনা মান না কয়া হ
/kaggle/input/regspeech12/test/test_narsingdi_0072.wav,করতাও কিদ তারে  খাতার মদ্যে কি লেহা এইবলর সিটোগ্রামো আলাদা খাতা না দায়া কি তা  তার খাতাে কি লেহা কি লেখা আরএছ ডাব্লুই সফরে কিত্তায় খরছে ইদের জামা খয়টাইছে তর বাট
/kaggle/input/regspeech12/test/test_sylhet_0457.wav,আমার যোতা তাইবার না আমার খতাওরা খেউআতি আমেনিনটেউ যাই গেলে তো বাইরবুয়ন উয়ালটা আমার সেইমও ওলা ওউ কাহিন আমার কাইমি মিতো খইবা খন আমরার হুফু আছলা যে নাআমরা দুগুও বেলা ওতার লাইগি আমার আব্বা কুতার আবার উপুরে বুগুডাকতা আমার বাইয়ে ডাম বই নাইতো আমার খাু
/kaggle/input/regspeech12/test/test_chittagong_0123.wav,পরে আাত তুনা মনে কর দাউত দাহা জ্াডান গুরে চাদি আর কিছু ইন্ডিয়ার ফরিক্কার ফরে আই যে হ ত এইদিন ওটি গেইসসি যি টিহনত গরি রাহিপা জ্বালাইতে ঝ্বালেইতে ফল বানাই ফালাইয়্যি
/kaggle/input/regspeech12/test/test_sylhet_0397.wav,ছাইরেরে দূরে খরি লইয়া এইস খ আমি ওইযে এখলে খেলা সবয় তা না আইও বাসাত আর এখন তো বাজার দর উডু দিয়ে  অবস্থা কিলা অবস্থা ফনেডাটামো না বাজার দর্মিয়  র আল্লাহরে বাবা ইতা তো খইয়াল মরা সব তাকতাম বাসা  ুতাম
/kaggle/input/regspeech12/test/test_kishoreganj_0022.wav,সতারে উদ্দিন লচছাতি বো আমরা লক্ষা দান কবি তিন তিন বো ফরদাআমরা ফালা ইছে ল য যাওয়ার কলে নাম কি কি ফুরো তোলা বসা আছে দুতা বাা রাছি না ব আাবন না তুইন্না কইতাছছ এর লাইগিতো খাতা কমো মে বেছ লাগে অহন এইয এইলা আমার তিনছে না ন আমনে কইইলা লক্কা হ্যা হঠাৎ এ কিন সামনে ফাইলে
/kaggle/input/regspeech12/test/test_sylhet_0190.wav,মোটামুটি বাইর সেইজডেম ফ্ডক্ক আছিেমাে অয়নেক ফ্যামিলি অয়েন ফ্যামিলি আ ইতা ফ্যামিলির মাঝে ইমনে আনন্দ আছিল এননে দুঃখ আছিল মাঝে মাঝে ইস্কুল থিকা আইয়া ফাইতাম ফাতুক্কে তেই  লইয়া একটু একটু তাখতো
/kaggle/input/regspeech12/test/test_narail_0118.wav,সকুলমা আসো খুললা যি থাককো তাহলে কি োগোদিয় আমার ওই কয়দিনির ভিতরে আমার একটা যদি এক্টা প্জিশন তৈরি হয় আমার ব্যবসা বাণিজ্যের আমার একটা অফিস নিয়ার পরিকল্পনা আছে মানে এহনও দাড় করাই নাই পরিকল্পনা আততে ভবিষ্যতে ওই কোম্পানিত একটা অফিস নেবেতে
/kaggle/input/regspeech12/test/test_narsingdi_0033.wav,তারকে কিছু করার নাই বাদ দে থাক ম্যাচ দেখ এহন আইযে গুজরাত ব্যাটিংয়এর নামবে দেক এহন গুজরাট জিতবে বেঠা লাক্ষ্ণৌ বোলিং ইউনিট দেকসতস কেমনে জিতবো এক মার্কোটে দিতবো সব উইকেট নিয়া নিবো দেখ এন দেক
/kaggle/input/regspeech12/test/test_barishal_0001.wav,আর বিশটা টাহা দিছি এর পোলার বিষটা টাহা দিছি পোলার বিষ টাা খাইয়ে অর বিষ্টেহার নিতে অইছে তাহা বাওয়াতে লইয়া এমন পাপে হিরিমিরি দি ডাই্নির যে ধর থোরে চাইতপেআর  মিতে হতে অই বানেন তো ফ্যারে এই নারও ছুইড্ডে যাওয়ার চেষ্টা করে পারেরা ঘোরতে করতে দৌড়োডা পরতে দ্যাপোর আইয়ে
/kaggle/input/regspeech12/test/test_narail_0037.wav,ক ও ময়নিগে তো তালে ওই পারপে  খলি মন এগে তো কলে ওই পাশে পিতিতে কটে শিট ওকা রয়ছিলাম নাও কইয়াও  ফাদ াে আমি ওই টুকুর খবর কতু বাক ওই যে এইযা
/kaggle/input/regspeech12/test/test_sylhet_0411.wav,আরম্বার আর তার মা কেউ বিলম্বা তারার বাতাও মেডিকেল ওইয়া তারা ওতমানু মেডিকেলোর খাম কিন্তু তাই তাই বাবির বাড়ি গামির বাড়ি আর নানির বাড়ি এখবা বুদ্বি না তারা বাতাদি ইকানো ইতা খন তা ইতো গেছে গি ভিন্ন অখন আমি তাইরে ফাইয়ে খবায় দাখি লইয়া
/kaggle/input/regspeech12/test/test_narsingdi_0101.wav,ত খুবসালামি ইছালাআমি কেউ থালামি দেয় না ভাই ফেরছা তোধরি ধইরার মদ্যে দিয়েস দিছে ত হেইডা তোর শপিংয়ের টাকা দিয়া হয় রয়েরপার টযাও দিছে তিরিএকটা ট্যাও আমারাতোভাইতোটপিংপেনিআমার খ্যাসো আমারে দিয়ে দিছে আমি হেন্দু ভাব ভদ্রর ভাগ মারা তো দিয়ালাছে হেদি নাই আবার ডাতেছে ভাই চুক ফছছা কেউ
/kaggle/input/regspeech12/test/test_chittagong_0134.wav,আর ল যাবেলার  রাজি আছিল আঁই কি কোতলাতে  লতুন হতর ফনতে ফরগি যেবু সম যদি হতা কিন হর ভালা লাগে না এ নে এেকা কলগে ল্লে মানা ইয়া যায় কেললে মানা করযে বলতে খবদে ইতারার এন্যে দাহাত মাত্র অইছে ডুকতিমতি রাইন্দে হর দেছি তাহক না তারফ্রে আন্ডা আইবু
/kaggle/input/regspeech12/test/test_chittagong_0038.wav,একছি পয়া লাহা চাই চাইদি হর চয়লের না ফাইয়োর হ এ িাব এবার আন্ডা বদে অইছে দিব আরা দরে নিছের্টে অরা যে আমি কি বাত্তে চাইতো চাই আর কিন্দা অইছেলাম নাই বেট ন চাই চাডি কুর দিস না হ এডে এইচেহর তু থাা চলে হেত
/kaggle/input/regspeech12/test/test_chittagong_0153.wav,আর ফআন্রবী রায় রাইয়ে হও আইচ্ছা অন্য বান্ধবী অগো বেরেন্ডে শাহিন্নারে দেন শাহি না পরগ ফনডা আবাজ ঁ মামার বাড়েত গের যে যেখমু বিরাত গেওয়াইযতুর আরুখেলে যেদি
/kaggle/input/regspeech12/test/test_narsingdi_0053.wav,তলে তো বড়া হুনলাইগগা লাগি এইজন্য ইতে আমরা ইউজ তরি গুট গুট গ্ুট গুট গুড নাইট গুডনাইট এমার স্পন্সার করা উচিৎ দেই আমি গুডনাইট একটা কিনতারি ইয় মেগের ভিত লগে বাদা গবির খ্ষেত দেই মহার মহা লাগনা
/kaggle/input/regspeech12/test/test_chittagong_0088.wav,ফইলইয়ি মানে ফেই লগছে এটি তারফরেই তো জিনি মানে কম্পিউটার শিখায় মানে কম্পিউটার ফরীক্কা দিয় ছালা ফরে এইতে ফাস্ট ব্াস ইলাইছি সেকেন্ড বারের মদ্যে পাছ স শি দাওিছিখাস তোরর মানে মানায় নাই এন কি মানে তুই যদি ফরিক্কা ফরছি বস তোরে এব্ডারে ফিরিছুই কম পরি বুঝে
/kaggle/input/regspeech12/test/test_rangpur_0051.wav,এডয়া তাই তাআগে কয় ডা ওইতে াকন যে খাইতো মেপতারি আছে বিশি করতেছো হ আে কযলা খাম আ মাই আগো ওর কি করতো নো
/kaggle/input/regspeech12/test/test_narail_0125.wav,এখানে মানুষজন আমার মতো মানুষজন খুইরে বেড়ায় আমাগে তারা আবার পরবর্তীত যে ডাকে আ চাদির কাছে যাই তোর তোর ছবিতিতি পশা রাখিস ভালোয় তো হ্যা তো সারণ পড়িস না প্রিপার সারে তো ঠিকই সরণ করি গানের করি দিছি আমার গানডা অনেক প্রিয়ে
/kaggle/input/regspeech12/test/test_narail_0086.wav,তুমি তো বুলেই আমরি বুলে যাইনি আমার এই বুলে গেছে আমারে ওই সবাই বুলে গেছে আমি ঘরো বুলে যাই নি তার কত্তো ক্যাদিখোন  কতা কছো আমার
/kaggle/input/regspeech12/test/test_sylhet_0544.wav,আইছে বালা ওই তারেনিকছো তো বতেনডা রিকানা  আম্মার তো পড়ার ফতেওইতা করার কিতা কা কছে তর প্রাইবেট পড়স মন এমরা জুথা আরাতে িা
/kaggle/input/regspeech12/test/test_kishoreganj_0056.wav,হ্যাঁ  অংক খালো অনক বরিক্কা সবাইরে  আরকা  তন কইলা খাওয়ার এননে
/kaggle/input/regspeech12/test/test_rangpur_0088.wav,সমস্যা হইবে সমস্যা কী সেটা মশা সেইটায় তো এটা নাম তোর নাম কী বেলোয়ার মণ্ডল তোর বয়স কত চলবার লাগতে এলা
/kaggle/input/regspeech12/test/test_sylhet_0009.wav,এনকিতা  ঘুমন্ পরছে মানে কিরকম ছালন খরোইন না খরোইন আর কিটা আরকিগ প্রতম নায় না আম আগের দিন এমরা নিয় আমি সাই ামি খাইতে ওন আমি স বুচছে আোর প্রতম দিন আমরা যদি আমি শাই খাইয়া কি প্রতমে ফরের দিন ঘুম থেইক্কা উঠিয়া
/kaggle/input/regspeech12/test/test_sandwip_0091.wav,এবের মাইয়া যান্নি গেছে আঁই তো আর মুঠটা আঁরার চোখের ফাইন্না ইা ডুননা দাা না মি ানে কাজটু দুয়ানে কাা য়া না  বেক বেকনবেলা তো ইয়া মনে অয় এক্কেরে রাইতে রাত্টার নয়টা অইজজন্ত ফাঁজ আর কিছু কুনগুগা খাওয়া অনা মইন্না কান সবাইকদা
/kaggle/input/regspeech12/test/test_sylhet_0370.wav,এই স্বপনো নিয়া বাদটা খরয়া তোমরা বিলিফ খরবায় কিন্তু আমি জানি না আমার ফার্স্ট ভ্যাবে যখন ফ্যাটোয় আইতে আমি জানতাম অনো যে হেয় আরকি উইদাউডেনি ফিনটিন মানে একটা বাবটা আইবো তার লাগি তো একটা মেন্টাল প্রিপারেশন লাগে তোমরা তো দেখলায় যে আমি ডিসিএসএর লাগি যুদ্ধ খরিয়ার কাজ আমার কিন্তু কুনু ধরনের ইন্টেনশন আতিল না তখন বেবিনেও না তা আল্লায় দিলাইছোইন আমি
/kaggle/input/regspeech12/test/test_sandwip_0023.wav,অনেরে গকা হিসাব কিতাব নাই উজ্গা হোলানেরও সংসারিকবা একটা ইয়া আছে না এাকেরে উজগারে নাই যিইয়ান আছমা ফারইছে একদম কতারও হেতের মাপ কাঠি চল আরও হেতের মাপ কাঠি হেতেরে উজগারেও হোলো আন্নেরওও চলারও বপ কাটি হয়ান মানে বিন্দাছ জীবন কাডাইতেছে    খায়বের তো হাইপো তো হোনারে ছাই তা গা  না এমনে ইয়ান খা এরুজি কইর্ল ইয়া কইর্লোও হাডা দিবা আন্নে মার কাটছি
/kaggle/input/regspeech12/test/test_narail_0161.wav,প্তিদিন কয়  সমস্ত উনার ব্যাথা শুলো উনা চর সমস্যা উনার মাঝায় সমস্যা তল আরো গত রোগ আছে তা ঠিক আছে চোখ দে জল পড়ে আর ডায়বিটিক্স তো আছে মোটামুটি বারি একারে
/kaggle/input/regspeech12/test/test_sylhet_0356.wav,ম আমা কবা পারলা কামানে গর্পগুলা এখন কি মানে রাগ পতে যোমকটুকি সামনে ডেখতাছি নাটা কাহিনী
/kaggle/input/regspeech12/test/test_sylhet_0066.wav,বরতি ফারমে তো আমার টম নায় বা টেখা নাই বা তে তান খইছে ন আমি দিমু টেখা  বর্তি অইলে আমারে খও আমি খই না কতো হেলফ নাই তা মানুষটার ওছ তাকি মান যেছে খরবো বাফোতোন বাড়ি তাকি অবস্থা মানুষটে খেতাকিা হেলপি মনে খনে খতা মনে খরবো আর নিচে না গ্রামোর বাড়ি তোর মানুষ টেএক কতা খইতো মুখে দিতে ওইবো  নিজোরো মানষে খতা খই না রুছর
/kaggle/input/regspeech12/test/test_sylhet_0110.wav,আফনায় আব্বায় কিতা খরতা আমরা ফেরা টিক ইয়য় ঠিক্কাজা রাখলো ঠিককাজা রাখলো খদা খরবা খা বছর দরে খরতো ওতানা রাস্তা বাবার ফিরিও ঘর আইতো আছলো গায় থাখে বাড়ি মাইয়া মাইয়া আইছো আন থাখবে না তাতে বাকি কেউ নাই না আমার গুসতে কেউ নাই ইবার
/kaggle/input/regspeech12/test/test_chittagong_0068.wav,আঁই ন হই ইয়্যান ন ফরা ওডি হ্যাঁ তইলি একা খাছ ঘর াখাতু আইলি হুম আঁ  বাচ্চা আইস না আঁর এট ঘুরা ধুর আছলে দুনো লাহদ দলের কা আঁয় লইয়া হোগগে টুলেইন তারফরে তোর বাসাত যাইতেছিলগা আরে
/kaggle/input/regspeech12/test/test_comilla_0029.wav,ইখানে ওইখানেই ওইদিনই ঘটনাটা ওইখানেই সমাপ্ত ওইয়া গেছে যদি একটা পুলিশকে এইছে তো তালে অবশ্যই তদন্ত হইতো া ছ যদি তারন্েতো িজ
/kaggle/input/regspeech12/test/test_barishal_0013.wav,কান্টিরি কমন কোনো ডিস্টিকের লোক নাই সেটা আছলে নামায় মানেএই খইসে ডাক্তার আয় সামী তো ওই করি না আমার মায়া হেরা খইপে এতোকায় শিকালোই আার ভাই আমার উল্লা আমা
/kaggle/input/regspeech12/test/test_noakhali_0026.wav,নট লাইকবুস টিউট লাইক দুমই যেত দে বড় আমাগেন জিজ্ঞা কয়দিন অরে রাতে না আইবো নাই দেগি দিয়া খততে হইবো লে খইলা তো মগার গাড়ি দেয়
/kaggle/input/regspeech12/test/test_noakhali_0018.wav,না  নো খ টাকা রুমারে দিতি অন নিকা কে দিবোনিগার বাফে যায়
/kaggle/input/regspeech12/test/test_narsingdi_0135.wav,তোডু থাকতো আমারের সবাই অনেক ভালো ভাগতি যেমন আমির লগে চিন্তা খরতা বাসতা আমি ড ভালোবাসতা মানেকি ভালো একটা বাখা মনা স্পেসফিকলি ব্যাখ্যা দিয়া ক  আমি ফারি না মি যে বাসায় মানে আগে থাইক্া এ খাা গ্যাস িদ্যুৎ বানি সবকিছু লাইনডাও থাকে সবকিছু সাজেনগ থাকে ওডাকি একটা ভালোবাসা বলে
/kaggle/input/regspeech12/test/test_narsingdi_0069.wav,উন কেমু গুন্ডা মাবলের অভাবা  রেজাল্ট জীমুন বালা তোলের ইয়াওহিমমন কিচ্ছু দাগি এককামি থায়ে না হরইলে কয়দিন আগে থারায় সারাা ছযারা য়ত আত্তে থাড়ায়া  না কলনা
/kaggle/input/regspeech12/test/test_habiganj_0026.wav,আর পুলকী দেওয়ানওই লাগবো না দেওয়ান লাগতো না পুল তো কুল সুন্দর্যের লাইগগা কুলপিলা আইকটা নিজের কুদরাডা দ্বিতীয় ভাল্লাগে সাজাইলে ইটা মনডাও প্রকূণ্ল থাখে কুলটা দিয়া সাজাইলে পার্থনা করতেও বাল্লাগে কুন্দর লাগে মনে একটাশান্তি আয় একটু একটু গভীরভাবে বাব বততি অয়
/kaggle/input/regspeech12/test/test_sylhet_0518.wav,একবযরেজ আর রিনিয়ামে া টান্াে আ কালকা দেখি দেইখ্কে নোআর তাকিবর তো এখন ফরীক্কা দুইটা দিছ তুতাত নানে জাদিছে বইনগি পাশ ফরলে মানটম মানটা বাড়তে
/kaggle/input/regspeech12/test/test_sylhet_0093.wav,ও মানে টাইম সাজে টাইম তাইনটা দারা  টাইম সাতে লদেমন কুই ট্যাট দুরেই কতানি এইটা আর ছলখুলরখমদ অখনও একটান বাসায় আকারেকটা বিকাল থাকে হে া টে
/kaggle/input/regspeech12/test/test_chittagong_0083.wav,আর গপ্পুক ফুফির্লাইছিলান দে আই তো মনে অইছে আর্ডি তারা ও তো গিয়্ে না মুতা নো াআইয় ুর জামাই কান আছে ভালা আকে
/kaggle/input/regspeech12/test/test_sylhet_0626.wav,কবে ছাব্বিশ সালে বিশ তি কেলা হাজির খরতাছে আমিও আমি আমার খানি মাত াতাইতাছে জান ইদান ইমাজে বাইরবো ফরে দি কিনতু জিগাইছলাম খইছলো ছাব্বিশ সাতাইশ ম ছাব্বিশ আাতালে ছাব্বিশ সাতদের কাহিনী এখনো বুদ্দি নুফল রান্নানি তার বইন ফুটো টা ও তাই না তাইর কাজওই না কি জুম্মা মাহদুম্মাওগোর বিয়া ওইটে
/kaggle/input/regspeech12/test/test_sandwip_0103.wav,া না   ছে ি
/kaggle/input/regspeech12/test/test_kishoreganj_0036.wav,এই মুবাইলো আমারে খরতে অবে নাকি অরত যেমুাল ওইডে বাড়িত বইর্তাম মোবাইল দিয়া আগআমিঅল সেভেন থ্রি  ব্বিশ উইনলি িচইংলিশি
/kaggle/input/regspeech12/test/test_chittagong_0114.wav,ক হ এতা কেছুকিউস এেদেকি ইংকির লাব দেয়া ইংকিল ল দা না ই তোরে ফরে ফেসবুক রি মা ফেস গরিয়ারে খইয়্যুম সমরে ছম চীবনও ভারা কন নো যা দে দরু না কিল্লা সমস্যা অছে
/kaggle/input/regspeech12/test/test_sylhet_0744.wav,না   দুতি ওত ফারি তাি অখান খজন ইয়গা তমাখন আবারও নিয়া  ওফান আবার দই নাও গনা
/kaggle/input/regspeech12/test/test_sylhet_0258.wav,বায়ক কুটিংও দি্লা নিভার্সিটিত চান্স ফই না তাইলে তো ওসব পরিশ্রম ভৃদা ওইবো তো ওতক্ষণ ফরকন্তু তত ফরিক্রমব লরকুটা তাইম আমার যেমনেও
/kaggle/input/regspeech12/test/test_habiganj_0104.wav,জা্জি সবারই একটা জার্জু আঞ্চলিক বার্টিও ফালান আরকি আ্ছাও কে এলা বেসট ফাল্লা তা ক
/kaggle/input/regspeech12/test/test_tangail_0116.wav,তো ে তার কাছে লইয়া দেখেে পাঁছ লাখ টাকার কুরাক্যাযে পুরতে তার কাছে নিয়া গেছে হে তারপরে হেরকিতু  হ ে লাইভ আইছে   ববটারো কিন্তু বিজনেসেছে টাকা বাসায় নেয়া তেয় কিন্তু এতো বড় বড় হএই কেনো দোকানে রাখছে আমি যাইি না তবে একটা লোকরে দেখলাম যে সিন্দুকের মধ্যে টাকা
/kaggle/input/regspeech12/test/test_sylhet_0757.wav,ফড়লে কিতা উঠাইবো ভাব লইছো নাই াাজর বড়ামা িলইয়া খোলে ফইয়া ইগু আমরা ফারতাম খারা যেরা ববাহিতো তায
/kaggle/input/regspeech12/test/test_chittagong_0026.wav,বেততগুলা হানত কী অইয়্যি ডাত্তা আছেলো গিন অইয়া অরি হ তো মাইসুনি তারা বেয়াকগুনে কী কী রের আঁছে অডি তারাও হোনওরহম ইতারা অ আড্ডে অইলে এডে ঘুরা ডি মোবাইল অইলে ইলো বই থাহাই দেরি
/kaggle/input/regspeech12/test/test_tangail_0093.wav,সাহায্য করতে যাই ও পরে আস্তে আস্তে কতা রতা হয় পরেরদ ওদের মদ্যে উন্নত হয় রণবির কাপুর আস্তে আস্তে ছোকি নায় প্রেমে পইরা যায় ক কিন্তু ছখি না ওরে ফ্রেন্ড হিসাবেই ভাবতে থাকে ছোখি না ভালোবাসা ওইলো ইমান মানে সালমান খানরি যে  বাসায় আরকি মেহমান হিসবে ছিলো
/kaggle/input/regspeech12/test/test_comilla_0025.wav,এরপরের দুই তিনদিন ফরে ও খুব ভয় পাইছে এবং এই দুই তিনদিন ফরতপরেওর মান ভয়ে থেকে ওইদিন রাতরা বেলায় ওর ঝর চলে আসছে আর পুরা এক সাপ্তা মানি একটা ট্রমার মধ্যে ছিলো মানে সবকিছুতেই ভয় পাইত তো ইয়া করতো আর আমাদের বাসায় ওর বান্ধবী দেয়া একটা গিফট আছে
/kaggle/input/regspeech12/test/test_narail_0047.wav,বলছি এইটুক আমি শুনি ওই সিস্টেম কিন্তুওই কিস্টেমে তো পাওয়া যায় না আর ওই সুময় যদি দখল করতো বাব কালি তো তালিতো এখনও সিস্টেমআমি তাই শুনিছি যে ওই যে ওরা যে ভাদি যেহনে সেই ভাগির
/kaggle/input/regspeech12/test/test_comilla_0003.wav,কি ইনকাম টি বার থকতে  ইনকাম তো গুরতে পর তে ইনকাম দেহিকি  ইনকাম ে বাদ থাকছে ইনকাম তো আর তো আ ভাইরে না এই সেই মেই ইনকামউ
/kaggle/input/regspeech12/test/test_narail_0101.wav,ও ডিপুল বাবু বিদেশে থাকতি তুই আমি খুলনা ছে ডাক্তার দেখাইছিলাম মনে ছে আড়াই সব রেততে আমার থায়ারের ধরা পড়িছিলো ইন্ডিয়ায় যা আমার গা নিয়া খাকুলডিইছে যানো ইন্ডিয়াছে ডাক্তার তরলাম্না ছুলাম আবার ডাক্তার  সিরিনিন্ডিয়া ডাক্তার দেখাইছি আমার থায়ারোরেট নাই
/kaggle/input/regspeech12/test/test_sylhet_0665.wav,খানও তার বউবাইনও আছে টিক্কি তো সো বর টিক্কায় দিইক্কায় আছে আমরার ও বউবাল টিক্কি তো আপে টিক্কায় দিক্কায় সব পায় আরক তো আর অখন তো গুরা সুময় দুঃ্কর ডিনও আইবো শুককর দিন তো ওখান তো এক্টুক্কর দিন গেছে গি অখন তো দুঃ্কর দিন দুক্কার ফিক্কা আছি হক
/kaggle/input/regspeech12/test/test_rangpur_0068.wav,এও তো রাতলি টোযা থাকে না না শোনদেত আর র াত ভা চালে দিছো না সিয়েরি ক থাকে না থাকা একা শিয়েরিত তোমায় গয় াআওক করিম বাইগন ওগলে ভাদ বিলে লাবিরা গেইছেরাই
/kaggle/input/regspeech12/test/test_sylhet_0735.wav,হপারন ব ওইযে পইরা গরগা ই মানে যেচা দল লয় মানে যদি যসমায় ফড়ি যায়া তে একটাও ছাড় না এ ওইসময় তো আফনারা উপবাস থা খয় তাইকন ড়াত পুরা তো আর  ত ৎসবে মানুষযে তা দল
/kaggle/input/regspeech12/test/test_chittagong_0126.wav,চুর ন বইচুর যদি মারুত ন থাহে তাইবচে বালাই লেখাকি কিন্তু ওয মোকালস নেগতো একি আছে কিন্তু এমে মানুষ কিছুক্ষন পর্পোরেস টেশন আর না মারে এনে দেরি ওই দেহ
/kaggle/input/regspeech12/test/test_sylhet_0216.wav,পতুর দিকে প্রায় পাঁচ ছয় গ্রামের মাদ্যে এখটা মুবিয়া ছাখতি যিবি নায় ই জিনিসটা আমারে সবচেয়ে বেশি পেইন দিছে যে ইটা থুভাবোো যেই মন কটা ার মাঝে বড়ো ওইয়া যেখানো কুনু মহিলারা ছাকতি করে না খবা বাবু দোয়াই
/kaggle/input/regspeech12/test/test_sylhet_0691.wav,তর প মাচছ ম বলে দে   বড়া লেখা ফড়া রবাবাকটা টা লা মালা সবা ইলা আমা ক্যা মা সনা আপলা জ আয়া ওরথো
/kaggle/input/regspeech12/test/test_tangail_0033.wav,জগাদেখা ওইছিলো ওই জাগায় যায় তার পাশে যে একটা আইসখির মার্ট ছিলো ওই জাগায় জুনা থান্ডা বার পায় পরে তারা এক অভররে ভালোবাসে আর এডার একটা পূর্ণতা পায় তুরা অসাধারণুবরে যদি না দেখা হয় তালে আরকি বুঝা যাবো না যেমানে
/kaggle/input/regspeech12/test/test_sandwip_0045.wav,হড়ি হাইতো নো হরিরে ট্যানক তুলে দিবের্লাই সুন্দর হরির ঘরে দিলে তুমি নাআনি হইরিরে দিলে দোবাদ ইবো তো আসেি টাস্ দিটি ত আ হাইতো গরেন্নে  ককান আনি দি
/kaggle/input/regspeech12/test/test_sylhet_0161.wav,ই তে বেতের বার ইনো খই না চিবগঞ্জ সারখে ত গই আমি ট্যুরিসটান্ট বন্যে তো আ তো ইখানেো আফনের  সরা করা বামা া আফনের এবা আপনার বাে াবার নাগি মানে কিতা খরতে যদি হুন তাইন যে লিডারি রাজা আর কা তো গাত খুজা আছে যার তলা খাই দিছো
/kaggle/input/regspeech12/test/test_rangpur_0097.wav,গাই গরির গোস্ত যো নরম হয় না গাই গরুর গোস্ত বুড়াগরুর গোস্তে ন য় শক্ত আর ওটা জাল দেওয়া লাগে মেলাক্ষণ তি পারিনি এখানও খাইলটি
/kaggle/input/regspeech12/test/test_barishal_0047.wav,সয্য করতারি না কি করায়ারের পার্টি ওয় হইলো ঝামায় এড্ডা কালার থানেন এই ঝামায় এড্ডা কালার যাত আডি বেষ্টি হা কামড় দিলে যদি ভুলে কেও ফাইয়াও হালা গো আতেরতে থেকতে পা  মর ানে
/kaggle/input/regspeech12/test/test_sandwip_0122.wav,মাইয়ারে হনাতম তিন মাসের বড় যা হম টাদাদি তু তিন মাসের বড় মাইয়া তো এমনে  মানি লম্বা টম্বা নাটা আমি গকি ই করিতাহ মাইয়া যেই মাইয়ারে হর আর লাইএকফার দিবু আঁই ফরার কি
/kaggle/input/regspeech12/test/test_kishoreganj_0079.wav,নান্দএকার লইা মাছথেহি নি যে কিনা ক আশ মাছছে ফাতি আছ াা মাছ কালুম আছে হ খাা নাম আছে কত অইবো কিন্দাইরা
/kaggle/input/regspeech12/test/test_barishal_0101.wav,বরচা বযলবানা আডাই দি হা হেয় যুতি ইটাপ পইরা না খাক বেল দিছে কই কি এহন রা দুই তিন জইন থার রুত বানা হ খাই ওব দু কাম না ছা হ
/kaggle/input/regspeech12/test/test_sylhet_0184.wav,য়দহরা লাগবোা না আমরা পুরি অনার্স ফাইনাল ইয়ার আরকি ওউ ওই গিয়া টিসিকসের কাজে মানে একটু ইটি ইটতা লাগবো এইটা প্যাপারটাপকি না খ্টু গিয়া প্রতিবেতন লেখা লাগবো তো ইখানো রাস্তে আর িপার্সে থাকে দেয়া র খনা মাে
/kaggle/input/regspeech12/test/test_chittagong_0018.wav,হ গইজ্জি তু বইগুস না হ গুইজ্জি তো হ ফায়ারাহাটার কি অবস্থা তুর ও ওডি কালার খতা হ দেনেএ ফরালখাগল গুন যাএইততে বেবি এততে কাক খাতা লিন ভাব দে ও দেরি আর ফরালেখা কইরতো না
/kaggle/input/regspeech12/test/test_sylhet_0655.wav,বাড়ি টাড়ি আফনেরা নিজেরা ইগুলা খরছো আফনের উত্র বদো আইতে নি ফেলেআ কিতা খরোইন মানে তাখরিত তাইন কিতা খরোইন তেন ছাখরিদ
/kaggle/input/regspeech12/test/test_kishoreganj_0084.wav,নিা যাই যা বইলে বাইত্যা আর ট্যারা গা ফরে আতা ত্তা ওইন্না এ আমার আকক লইয়া  আমি ম এইা
/kaggle/input/regspeech12/test/test_narsingdi_0049.wav,আমর মাইন্টে দিল্লাইতাছে খুজে কার না বোইন ডিরেক্ট দিন কিন্তু তারফরে ক দেখতি যা দেইখকা মারে গিয়া রাখ দিছলে মায়া দি উঠতে না বাবায় মায়া গে উঠতো মারে উডায় দেবু ফার বাও হেডা গিসপডারে উটট আত্তো এইকটা বইয়া করতো গরা কি আর ন ওা করন অর্গরফানতি ওয় যায়গা এককাডা আমি অনেক খারাপ জিনিস
/kaggle/input/regspeech12/test/test_tangail_0105.wav,তো আমার মনে হয় এতে একটা মানে এই মুবিগুলা দেখতে দেখতেকলে ভালা লাগবে আশা করি তো ইখানেই আমি রেকর্ডিং স্টপ করছি
/kaggle/input/regspeech12/test/test_narail_0041.wav,তাইন বড় মায়া করছুন সেডা ফোরাক কইলাং কয় না বাক মাথে্কা না ডারা া করদা অতো ওরে কলদা বিডা ওই যে গুজোনি অনে এইসোবকান হিডামন সত্তুররে কিউ দরতি এই যে কই কুজ ফব তিলো না মদাওরা যা তিনরা একটা নিয় ওইতা কি
/kaggle/input/regspeech12/test/test_barishal_0049.wav,রিযাওর বাবায় মরা কর এহনমনে করন আমি চিন্তা করছি যে থাসে তো ধরে নাই কাম কাস কররা খাইলি ভালো আছি কিন্তু কাম ওইবে কি একটা সামসসা পারলে এই মাইয়েডা হইছে সত্তুর হাজার টাহা গেছে মোর বরিচাল হালাইছি ওনরাদা উন ডাহে নাই ক্ত ঝামেলার মইদ্যে মুই পড়ছিলাম
/kaggle/input/regspeech12/test/test_habiganj_0059.wav,ছুটু বাইবো না তুনি আমি ওরতুই বড় আমার চব্বাই বন কুডু ইততা জ্বালায়নি  ইতা তো ইতার খতা কিতা খইমু আমারে তো খালি আমার তুডু থুডুডায় খালি আমারে ডাখে গরদি খইয়া আর আমার পরের দুইওডায় যে ইতা তো আমারে ডাখেওই না ইতা তো তুই তুই খইরা ডাখে দেখা যেয় ইতা ওই বড় আমি আর কিতা খইমু আমার বইনডারে যদি একটা দে আমারে দশটা দেয় আর ছুডু বাই মাইকলা বাই আমার পরেরটা আমার দুই নাম্বার বাইডা আবার কিচ্ছু খরে না ইকটু বদ্র সদ্রি আতে
/kaggle/input/regspeech12/test/test_sylhet_0116.wav,ইমন্দে আইকা এইডা কুনু দিনি খাইতাম ও না একদিন খাইতাম মারিদু নাখাত তাকতাম ও ইমনে তা খরছে ফরতাম ও তারা বাছ লাগা গরের মাইে কেউ দিতো বাদ দিতো ইয়া দিতো চা গিতো আমরা খাইতাম দিরি বাইবোনি খতা অতো  যি আমরা পযয়া নামকী বুঝো ওইছে বাছানি তো খাম খরি
/kaggle/input/regspeech12/test/test_chittagong_0079.wav,ভাইবুনা আছে যে বেয়কগিন তো আরছুনো বড় বড় ইতারা অনার্স লই ফড়ে সন্ধ্যা খনরে  ইতাালে দিগাইয়েরে ু চাইছে না তাইন নি তারার বেদসা কা কেউ ন ফরে ইল্লাইতা তার লাই খারে দিরগুম নজানি
/kaggle/input/regspeech12/test/test_tangail_0113.wav,তারা মাল উঠাইছে দোকানে এখন এই সবগুলা পইরে গেছে একদম মিশি হয়া গেছে ে এইটা খুবই একটা খারাপ হইছেে কিন্তু মারকিতো ব্যবসা করে রোজার ডিমার কিতো ব্যবসা করে মাডা একটুলি যে বর একটা প্রতমে দেখতে অলরেডি কোন অতে ডিপরিকেশন আছে যে দেহিডা ো
/kaggle/input/regspeech12/test/test_noakhali_0019.wav,হ্যাঁ আর এবার কারে খানি মিডারে নি জানি টাকা দিয়ে গেছিলো আরিগা মারে গেছে ময় না ময় নারে ু বইন দুনুগা ভাগ করি টাকা রায় দিতে ক তোর অধ্ধেক আলাদে কি্তি টাকা তল চালে দিয়ে গেছে হারে দরো ওয়নে ভাগ করি অর্ধে কতেকন অইলা আইছে  মাক কিন্তু বেডাগাও
/kaggle/input/regspeech12/test/test_habiganj_0115.wav,ছালা মা লাইকুম ভাই সমস্তা না  নাম ত
/kaggle/input/regspeech12/test/test_chittagong_0048.wav,ওগ বাড়িত খষ্ট নাই অবো বুজ্জুস ওর বাড়িতল দি কর ফরতুন অ না হরতইত ভাই কেন জানাছ ত তুইবিয়ে ওগগা গরিহার লাগবো কোনো ওইদি কেউর বয়া গর বাড়িত য্বা লাম আলা ইন্তর ভাইককান বুঝি গেইয়ি সকু  ঘর না অনেক না বুঝলাম
/kaggle/input/regspeech12/test/test_barishal_0065.wav,এহন আবার দি দিন দিলে দিক খাই না ঠিক অইয়া গেছে না আছে বাতে শিস্যা াতা বিতোনা মানুষও কর ছোটলোক া
/kaggle/input/regspeech12/test/test_narail_0139.wav,ত আমি কইছ কালকে যদি পাঠায় দিতি পারি তা কালকেই পাঠায় যেন আমি হনতাতো পার দে তারো খরচ দশের নিতে যাত ওই তার মানে আর এটালির কথা মাসুদ দুলো বাড়ি বলিছিলো চৌদ্দো লাখ তিশো চ্দ লাখ থাকপে আইচ্ছা
/kaggle/input/regspeech12/test/test_kishoreganj_0176.wav,ায়  ওয়ে গেলে ছা কুনি দিয়ে ছা কুনুডি ছেদেকেই পানি পুড়ির টাপয়া হুলো কুতকা হইলো ছাক মত বনেয়ে ট তো লাল মছ নয় টকত লা
/kaggle/input/regspeech12/test/test_sylhet_0041.wav,এইটা ক্কন দার সবাই আমরা ইখানো যায়াকন্দার ফরে মন্দিরে সবাই যাইবদিয়া স্বা মিত্তি খাওয়া ওইবো আর মন্ত্রুত্রচ্রাণ খরিয়া এইটা সবার হাতে হাতে দিলে ইডা কসবাইর হাতে থাখে ুত করতে ওকুপার পরে া বিশ পুদ্দুর গাজির প্রতিমা বিপরের্জেন করার পরে শান্তি হাটে যাওয়ার ফরে া সমা কয়
/kaggle/input/regspeech12/test/test_kishoreganj_0101.wav,কনে করতা ক হুম আন তএই জাগা কছিন না উদ্বিদ্তা খাইদ্য তৈরি বিদ্দিপরার ও দিবের বিস্তারের জন্য পানির উপর নি্ভসের নির্ভরশীল ঠিকাছে উদ্বিগ কুন্যা আর পানি কনদদে কও
/kaggle/input/regspeech12/test/test_chittagong_0044.wav,ওব্বুর নরমাল বাকির মোবাইল লগের সময় মাইর সম্পত্তু অ না  হেদিমি জুব দেন দিলে এরি এহন আতম করে গুর  ইওন আর্তে নো প্রয়া অই না যার কোনন ওনডি নাবিলে নি ওগজে ন দাখন না ও ইয়ো ইয় আন্ন খইছে কোনু বক্তি আঁরতুনো বড় ফাগিয়েরে জুরেও গেয়ও
/kaggle/input/regspeech12/test/test_barishal_0005.wav,এহেন দিয়া বড় কতা এহেন যে টানতে টানতা আমাগো দরজা খাড়াইয়া নিতে আর পিডা আই আর কান দৌড়ে বাবারে আমারে এরম টানি নাআমার বার টান যাই বেতা ভাই হেইয়া অরতো মিডিএমউডিয়া কতা অইছে বাস্তবের ঘটনায় কিন্তু ওইয়া দেহায় ঠিক ফালো কিছু কাজে দেয়
/kaggle/input/regspeech12/test/test_sylhet_0376.wav,যে তুমরারে আমি রান্দিয়া যেই তুমরা তোমরা যার যার থাউদ ওই লিবায় যার যার বিনা আাটাইলিবায় চার যার রুম যার যার পরিস্কার খরি লিবায় আর তাইলে আমরাকাডের মাংষ লাগতো না আমরা যার যার কাজ খরি দিমু তোমরা আমারে হেল্প খরলে আমি  তোমরারে হেল্প খরমু খরলে আমরা মনো খরবায় যে ইটা এখটা মেয় ইকটা কুনু বাসা না
/kaggle/input/regspeech12/test/test_sylhet_0574.wav,আ ছাড়া কিতা ওকখারে আইছা তো আনা আছে লাগতে গেছো বালা তুই হেদুন কলেন আনি খজিব র বিয়া ওই গেছে িাুরা রা ও তুই খইছনা আমমি আমি খইছেনি আমি কমু আমি টাননাও ফরে খইছনো অনিতা না খইমু আমি আমরার লগে ওইযে ইমরা না আছে না নিতন আছেন তামি তানবি
/kaggle/input/regspeech12/test/test_kishoreganj_0112.wav,আমার আঞ্চলিক ভাশা হে যে কুনডা হেযে ঘাঠেরে কায় কেলা খয় গোছে ঘাছেরে কা খুনগে আবার ইয় ঘাছ কেলা করা ক আবার ঘাছেরে কালা কাা পড়িং
/kaggle/input/regspeech12/test/test_tangail_0068.wav,হিরকম একটা মানে অরনর অড যে ফ্রেন্ড যাও ছিলো অয় অগোক আছে বলছিলো বরুন দাওানের কথা ফরে হাসপাতালে নেওয়া অয় কিন্তু মানে সিউলি মানে হুককম আই তইলা যায় একদম পরে বরুন দাওন যখন জানি যে
/kaggle/input/regspeech12/test/test_kishoreganj_0071.wav,এই যাও না বিটিদেহাতেহনে  পোকেতে আমার তো একটা মার্নাছাা দিতা হাবে নে  নে কি কটামডাটাা একটাটেক একটা মাঙেন হ্যাঁ  গুয়াইল তো ফালারতািন নে না
/kaggle/input/regspeech12/test/test_tangail_0051.wav,দেহে পরে মানে বন্ধত হইয়ে যায় আর কি এসময় পরে ওরা ভাড়তে পারতে এই দুইজনে ম্যাক্রিকর একটা দ্বীপের দ্বীপ নাকি তীরের আসে পরে মানে লোকালোয় আছে এইরকম জায়গায় আবার বনও আছে
/kaggle/input/regspeech12/test/test_habiganj_0039.wav,তো ঝুল দিয়া রাখতো পানি বিষটি দেলাইতো দেয়ার ফরে দেখা যায় পান শাফালটা লাগে এরফরে দিকে আর সবাই কয়ে তো ফান ছাতরখারি ইতা খাইতাম না ন জা না
/kaggle/input/regspeech12/test/test_sylhet_0092.wav,টিন চালাত যাওয়ার ফরে ফরে খইরা আর যাগা ট খরি আবার ফিরি তাই পিট এক ঘন্টা খইরা ফয় আবার উডানো জারু দেই উডানদাও বিয়া খরদে আবার সযরাখামার খাম আবার আতলো আটা টি কি দরো তিনল ষাইটটওা বাদে তিনরো ওবার যে কোনো জিনিস টিটন নাই
/kaggle/input/regspeech12/test/test_sylhet_0524.wav,বিয়া তো খুবই বালা গেছে বাকটা মর্তে অইলো আমরা তো থাকতে ফারতি গেছি আগোর কিন্ডিয়া র ফাকটিসোর লাগবোগ প্লেইননে গেছি ফার্স্ট টাইম লেনি যা আইটে আবার বাস্তে কিলান আছিল রানি
/kaggle/input/regspeech12/test/test_tangail_0044.wav,পাই যে প্যাটেল পাই প্যাও আর কি কহনো এই ইন্ডিয়া ছাড়া যাইতে চাইতেছিলো না পরে কি যাওয়া হয় পরে রাতে জাহাজে একটা সাগরের মধ্যে ঝড় শুরু হয় আর পুরা জাহাজের া আছে সব পুরা ভাষায় নিয়া যায়য়া
/kaggle/input/regspeech12/test/test_sylhet_0731.wav,বিয়াদন যাইত দি   খয়দিনের বাইশজন প্রায় াখল ছয়া লাগিযে তা াতা ই যা া বিয়া বাই রন খালকে ওই যাব খািা তোমার
/kaggle/input/regspeech12/test/test_kishoreganj_0186.wav,গিন তো সবুজ গিন তো সবুজ গিন তর চবুজ গিন অতর শব আপআপ নাততো উদ্ভিরে পশ্চিস  যেন কদি পর্জন্ত মাটি উদবরে পশি নক ইা মাটি
/kaggle/input/regspeech12/test/test_habiganj_0101.wav,তার তিকে কড়ালেখা কেন লাগে আগে াইলে তুলায় দা হুম তাইলে তো তো বার ভালোই লগে আর্স থিকা আয়  তাার লাগি হে মাইংকরো বায়োলজিটা ভাল্লাগে না মাইকর বয়োলজিটা বেটি কটিন লাগে
/kaggle/input/regspeech12/test/test_sandwip_0074.wav,ে কইবো অর্ভেক বৃষ্ট কইয়েরে কিয়এরে আবার মম মনুসতে আর চাকরি করিইন্লা মনুষেরে আবার কি হর  ব্ছি অইচ্ছো চো হডে লইয়া আইছে য যোগায্জোগ এক্কাবাদেি য ফন কও কাদু বেশি  বইজো
/kaggle/input/regspeech12/test/test_chittagong_0168.wav,তুরে  দিখানেবের ন খতো বিগুনে তাইল্লে খইদু  হনে খইয় তো ইয়া খতা আবার েওইটে লান দিয়া ইসজিতা ওইযআলগা আডি কাজজম
/kaggle/input/regspeech12/test/test_sylhet_0466.wav,আব্বানি ওয় মাতুমা  খইয়া আনছে না মান আমার আব্ফায় ফরে তো আমরা বাড়ি ঘুরি গেছে গি বুচ্ছোনি বাড়ি ফরা গদি গ্রামো মানুষ যায় নানি ছুটি ফায়ে নানি হতকযার তো  খওদিতো খরা লাগে ছাকরি বছামরার লাইগি  গ্রামোর বাড়ি তো কফরা ছাগনা খওয়া লাগে
/kaggle/input/regspeech12/test/test_sylhet_0583.wav,আরও খয়েকটা দেফটি রাইত আছছে সব গেলে ছাড়াদিন থাখরে ছনা ছবি বরা তদরইয়া তুলা গেলা তে আর তাকেেরারে কুন থার ফড়ায় নে কিবতারে বউন
/kaggle/input/regspeech12/test/test_sylhet_0564.wav,চাইরটানা নয়া ওইতা ম্যাথটে কিটাক ম্যো মেয়ে কলকুলা না ক্যালকুলাস নাই ওইযে হাইয়ার ম্যাথর কিছু অংক আছিল আমরার একটা আছে বিজনেস ম্যাত সেকেন্ড ইতারো আমার আমি খাইনমে তো এমনে আমার থেগেনিয়ার ব্্তিকতার লা বালা লগ
/kaggle/input/regspeech12/test/test_barishal_0083.wav,এমনতাম ঘরযাম না ইনিংদে ঘরের নাতি মোল্লা বাড়ি যাইতাম এেইসম সাবাদবেই বারিরদিয় খাওয়া     ঘর থুইয়ে বাইর ইতাম ঘরের দি হাইতে রতাম না এতো কয়ডা ভাদ খাইতাম নে এ কনিংের পরটা ফোটেনদিা লইয়া দিতাম ঘরে নতিতে
/kaggle/input/regspeech12/test/test_sylhet_0650.wav,এরাজকে এট্টি অখন ঢুকাইছি হন  কেলাযাই থাকা ও বুদ্দ লাগতে নতো মারামারি কোররা কবে বরে মাররে ইো লে রাজাকার অহোলাতন রাজাকারে মারের নাম হই গিাড়ি য়া কি আে রে ত কিলা নৌকাদিা যাইথাকি না এমনে এমনে ফারর হইয়া যাই থাকছে এমনে ওমনে দিাি গাড়িরিজাব করে  কতি পা  সবাই মানে তো হ অার া বোডার খুদা
/kaggle/input/regspeech12/test/test_sylhet_0299.wav,কিন্তু তখন তাইনোর লাগি একটা ঋণ দেওয়া আছলে এখটা বড় ব্যাফার আছিল তো তাইন একটা রেইম দিছোইন ওউ ই দিনটা এখনো আছে তাইনারে দেওয়া ইন বলতে ইয়া রাতো ই ই দিনটা ওইলো গিয়া বিয়াজিং
/kaggle/input/regspeech12/test/test_sylhet_0550.wav,আমিও খাদা খালি ফির খারাম তো ভবটিক ফেব্রুয়ারতি ব্রাট আমরারে দিলাইও আম্নেতো বছান ফেব্রুয়ারিত  আমরারে তো গিো আমি তো খইয়ার কিতাত বাদ দিলাইতো খইছলাম নি তর খয়জন খরিয়া আটুেনরো ও ইটা কিতা ওইছি  ওত সন্ধ্যা টাইমওই যায় নানি আইতাইসখালে যা বাখর
/kaggle/input/regspeech12/test/test_sandwip_0010.wav,হিনে পানির মিডি দি যা যা বল মেডি ফরি লিখতে অইবো এক বদেন খই বেনে ইয়ে ন যাখাইান আই হাইবে কি রা বিনি ইঙ এলাদি   কিইয়
/kaggle/input/regspeech12/test/test_sylhet_0336.wav,পনা আউট অইলে না আউট  িতো হকয়ছা  নাউট ওইয় গুা ই তো মহাকারণ বায় মপি একটুপেইতামি লাস্ট মুমিলটি আইজকি ফার্স্ট ডেফি অইবো
/kaggle/input/regspeech12/test/test_narsingdi_0130.wav,দুই এডা এক কই আমার বলে মজকিনবলে ইট্টু এট্টু বালা অইতাছিল ফারি না তুই আম্মা তোর জন্ম গতে বনআত জন্ম কতা ই দেখতানি  ফরে আয়ডা কেতরেয়া
/kaggle/input/regspeech12/test/test_narsingdi_0017.wav,চল্লিশ প্লাস বসেস দা অয়ন টেস্টের মধ্যে বল করে পঞ্চাশ অভার ষাইট অভার বল করে আরা আমনের দেফটে প্লেয়ারগুলি অহনওই নাকি টেস্ট তে ছাইডা দিছে টেস্ট খেলার ছাইড়া দিছে টেস্ট খেলবো না
/kaggle/input/regspeech12/test/test_narsingdi_0070.wav,ছাড়ারা ধর আর উকা আর একটা ডার ছাররা আমগে টু মনা ওতো একটা ডাইফে দে আঙগো ক বা কি এছিলে কু ইিইযে মোবাইল ফোন ইউজ করতে ইর লাইজগা অদায় কন লিছে ফরে আমগা বইড আংগোর যে ন্নে মোবাইল তললি  দূরো তুক মোবাইল ফোন ইউজ করার লাইগগা যে ঠেছে দেয়
/kaggle/input/regspeech12/test/test_sylhet_0058.wav,রান্না করার ফরে বাত খাওয়ার মতো না অলাখান নরম করতে বাবা গাইলাগ ফখা দিতা দোয়া ফরে তাও বারে তাইলে মার খাওয়াইতা তাইতো দুদের লাগি তো  খান্দিতো ফরে বায়ারে নি লাগি মামা তরা বার তালে ন ফরে অনো টিকিৎসা তলছে
/kaggle/input/regspeech12/test/test_sandwip_0088.wav,বাও লাখে কান খ  যেহসব মাছডি বাহার আইয়ারবার দে লাস কামাশনা বছা ন অখন বাড়িত চানতি তো নানি গেইতে বইনা বাড়ি মন দে খন দিয়াছ ফতি
/kaggle/input/regspeech12/test/test_sylhet_0510.wav,নজ তখন তো েইতা কননা ও পিএইনজি তা খছ তাক না তেন লাখ টেখা যি থিএনজি ফারমুজরারিলনিতুই অখন আট লাখ ত বুঝলানা তখন তো আমরার কিন্তু খ দের লাখ টেখা যিগা লাইবায় দুই লাখ টেখা দিলেনা খ পাঁশশো টেখা নিনতো কিন্তু এখনো খ আক লাখ টেখা বেডাইবার ফা া
/kaggle/input/regspeech12/test/test_sylhet_0522.wav,া পাস করা ন  ভালো ফড়ানটা একটু কতি লাগি এইখান্তু পাশ খরিন কিতা খয় ফােি হয় তার ফর্যন্ত রিক্কা বারো তারিক পরি বাংলাদেশে উচ্ছে ফরক্কা ফরছে রোমজার থাকে বেরা বই কিতা ট্রেন টিসটা না তারা চেন দিছি না ওউ এহন নাই না জারা এরাত
/kaggle/input/regspeech12/test/test_narail_0011.wav,আমি বাবুরে চিকিৎসা তা ও কইছেলো কি যে বাবুরে চিকিৎসকে টাহা দেইছে তা বৌদি তো দশ হাজার টাকা পাইতে আর আমরা তো তানি দশ হাজার টাকা বল দি ভাই দশ হাজার টাকা তা কছে কি যে না আমার মাইনষে তো বাইত খাছে আমিও অনেক টাকা দে ওর নিদি কইছে আ যদি কইয়া যদি কয় যে আমি কইমি
/kaggle/input/regspeech12/test/test_habiganj_0020.wav,হুমাডা কিজিনস কুনোতা তামিকাইনরে তো আমি আমার আস টিন ভান ফাইতাম না তে আর আমারকনাানা    তাই কুনো বইল খরো না এরা এরা ফর আমুর এক্টা খইরা আমন আমার জীন ফেবাইরে কিন ইডা কি দেওু
/kaggle/input/regspeech12/test/test_sylhet_0362.wav,নিজের আইডেন্টিটি রাখা ইকটা আমার মধ্যে কাজ খরতো যার কারণে আমি কুনুদিন এই ওরো ক্যাডারখুন দাই না আমার ফাসটা অয়া জছিল ব্যাশার্ ক্যাডার আমি এ ক্যাডার ওইছিও তারফরে বয়স থআকছিল আরো এপ্লাই করার আমি আর পরীক্কাও দি লা চব্বিশ তম দিছিলাম তখন ওইলো গিয়া
/kaggle/input/regspeech12/test/test_sylhet_0220.wav,পয়েন্ট আউট খরবা আফনের ওই যে এখন আরানীফ লখো ওটা অইলো গিয়া দুই হজার চাল বুটতালিখ বিটো বিশ বছর আগেওতালিকাটা যখন আমার খাছে আইতে তখন আমি মনে মনে ইটা ভাবছি যে তিন্তা ধাড়া একটা ফরিমাণ খলা ফায় টিক ফাট ফরি লিলা আমার বিয়ও খইছে  আমি তো খরতাম ফারতাম না আমরা তো ওবার্টিসটাইসেন ফ্যামিলি
/kaggle/input/regspeech12/test/test_tangail_0127.wav,কিন্তু সেটা আর হইলো না মানে এখন তো মনে হয় দাবান ওলে একটু ওলতেছে না হেয় দাবান ল এক লাফ দিছে এই দাবান লেগা ইরকম হইতে পারি আমাদের সুন্দর বনায় আগুন লাইগগা যাইতে পারি এা হইতাকায় না আমি তো দেখতি বড় বড় কান্ত্রীতে এইরকম হয় ওদির তু গরমের কারণ ই বিবিন্ন জাগায়
/kaggle/input/regspeech12/test/test_kishoreganj_0126.wav,ওখানে তেল গেস কয়লা তেল গেস কয়রে ইত্যাদি ব্যবহার করে বযবার কর এই জিবসলানি হিসেবে ব্যবহরে দুশুনিের প্রধান উৎসব কথাননি উৎসব এইয়া গাছ কোলা কাইট্টে কেরে আইচ্ছা
/kaggle/input/regspeech12/test/test_sylhet_0154.wav,ওতো বউত উয়াও া তা পাইতে তাতো ফুরা খরবে না  উতে খালের ভাই বই না তুি ওতা লাগে হ্যাওয়
/kaggle/input/regspeech12/test/test_chittagong_0078.wav,ত সাইকোলজিল ফড়ি অই যিে না সাইকোলজিলে ফরলে আঁই আর কুই খরিত চাই চাই কী রিত্তারি ইমনিযে ভাবিক ঠিন্তি নও চাই আঁই তোরার গর মতো বড় বাইবোর নাই
/kaggle/input/regspeech12/test/test_habiganj_0116.wav,বাজারে টাজারো তাইননি যায় বাজারে আটটি যাইয়যা বাজার টটা  তর দাম কিতা ভাই মানে জিনিস ফত্রর ইগুলাত মুটামুটি বল ্যঅনেকিাম
/kaggle/input/regspeech12/test/test_sylhet_0604.wav,ওইরখম রতাে তো ইতা মাইতে  ত াম অনেখদম উডরা ওইছ  আমি ম্যাডাম এবি ইটাই লাস্টে আর মোলন মনেেষাকিতা খারাপ লামডা বাবতাছি যে মানে লাবনি ম্যাডামম লি ম্যাডামেরাছাড়াও হাদি জতুর আলি ছব মনে সব তে অবাক লাগে আচ্ছা ভাই
/kaggle/input/regspeech12/test/test_sylhet_0396.wav,এাখলাতা কিনা মানুষ থাখে ওই সব রইকা ছুইড্ডি একলা খদা আনছি কতে মানে রে বইন জি একটারে নিয়া রাখবা মানি যারে ফাই আকিল ওরখম আনি আনি আঁরে আককি গোরো  ছোট মানুষ স্যারে আনছে এইগুরে আমি খুঁজতাম খরিবার ওইছে  মানেতানা এা য় আমি আনছি দির গেছিলাম বাড়িত হু
/kaggle/input/regspeech12/test/test_sylhet_0736.wav,আস্তে আস্তে তো আর তুম মনা মুমরা টুলা বাড়ি দিল নি আড্ডা ম টাখাাই ব বা দন এটা জবা বা বা  জামাইয়ে ইয় সাক্কর দিবো আমি তাফা ছোক কর দিবো হু সাব্ক্রাইপ্কর বাদে তোমার জামাইর বাড়ি গেলাই জাতা খ ি আমের বাড়ি কয় খাইততে করতে অইবে আমার ও বউ ছোট বেলাত তো আফনারার বেশ কিরিয়াল ট্রিয়াল দেখতে খমে কিছু না আমামু খইছেওইছে ওই যে কিতা
/kaggle/input/regspeech12/test/test_rangpur_0048.wav,াি দেছে মিলো না আর কায়মেে আর দ্যকক মাই ফনতিটানি আছেত আমার বুইদ খালি ে গরিব ভব সবাই দরে না  মুই তোবা নাক  হ যে মুই আগেরথেয় মেলা খারাপ হয়ছে
/kaggle/input/regspeech12/test/test_sylhet_0629.wav,া পিনাল যে  পিনারত পিনারো না হলরর জামা ইযে নানি আমার ওইযে বড় ইচ্চা টেল দেখতাম আমিবাইল তো পিকনিকও যাইবা দেখমু আল্লা এখনওনি তারা ফাটাত গেছোইনন পিএনের আয়টাগ এটা না ও খয়দিন আগে আইতো
/kaggle/input/regspeech12/test/test_habiganj_0004.wav,খারে ুদে খরে রাখলো না   চন্দআইডা ত্যারের জিগানি ইডা আরকি ঠিক নিয়া ওইছে তারে ঘরে না বেডাওতো
/kaggle/input/regspeech12/test/test_sylhet_0374.wav,অনে আমরা খুব হুতাই লাইগদা ম্যাডামরে দিককি প্যালেন্ট আসলে আামার সার খুব কপারেকি কতাডি বলতে ধরো সাইন যে কুনু সময় যে একেবারে খাবার রেডি করিয়া টেবিলও লইয়া বাড়িয়া খাওয়ানি লাগবো সার্ভ খরা লাগবো ইটাই ফর নায়
/kaggle/input/regspeech12/test/test_sylhet_0468.wav,েনিনা বউ যে বাখে এখাা  ন না মাই তাও তা িয় আইগা
/kaggle/input/regspeech12/test/test_sylhet_0620.wav,আর যখন তো মেগোর দিন নায় তান আর বুজরা নাইনো ফানি টানিছতো ফারি তান তার নরমালিও আরকি আইরা যায়া খইয়া ফড়িয়া আর ফাও বুলে ফাও দি াইছলা আখাই ইতার ফাও গুরা খালচায় পাওর যে গিয়োর গুরালীর হারদিতখন কিনা ছলো মানে আাম কিনা দেখাততো নাতাম টিউনিন
/kaggle/input/regspeech12/test/test_chittagong_0022.wav,অয় অরে আরেকটা খর দা না তুই হুম মোবাইল লেভেল অইলে এ হইদি ফাঁচ মিনি টিবে লাহই দিম সাড়ে ফাঁচ ঘন্টা ইয়া লাইগতো মামা আমার মোবাইল অইলে ইয়েনে ওডি বউত নেশা নেশা অয় অরে মোবাইলে লইকছে মো ননা আছে খানো বামে কা ছুদিন চিটাংঅত কী কী করবো থোস না
/kaggle/input/regspeech12/test/test_sylhet_0284.wav,তো ওসময় বাড়িত গেচ্ছি ভোট দেওয়ার লাইগগা ভোট দেওয়ার কিয়াককি খরে ভুটার ওনোর মাঝে আমার ভাড়পুর আমারে দেখছি দেখিয়া
/kaggle/input/regspeech12/test/test_sylhet_0439.wav,মানে খজানল জ্বালায় খান্দারে বালো ফরে আল্লারি খইলে তো বাল্লা ওইয়গিনা ম ফরে একটু একটু ভাইনপা তা মানে আটলে একটু ফড়ি যায় এখটপরযে ওরখম ফরে আবার ম্যাডামে একটা তিন মাস ফরে এখটু আআল্লা দুই বছর ওইগিয়া তান শিস গেছে
/kaggle/input/regspeech12/test/test_sylhet_0427.wav,আল্লা বানফা আললার লাখ তো তো আর কুম্বাইর ইনজেকশন দিতে নাম তোজানিন কুম্বাই গিয়া লইছিনা ইতা খইতো ফারনা ফরে তো আমার বাড়ি মানুষ তো ফার গর গেছো নে বাড়ি নায়
/kaggle/input/regspeech12/test/test_chittagong_0040.wav,বিেনে রিবেক্কা কান্দি রাইখছি কি আর কইরবি কদি কিয়েনজিতে আমছযিগিলি ইতারা আইর যদি ফে নাইম মানা ইকি তুরিই না আরিছেলই ু টু ফারিলে  এল্লা তাম নায় বুজ্দুস না মোকো হমযা হতা বেয়াকগিন
/kaggle/input/regspeech12/test/test_sylhet_0521.wav,তা দেখকা রাইতা তা যাও হ অন্তত আরকে খালকে আমি যেতাওদা জুরাা ফড়াইতে খালি বাব নাম প্সার না আর সারাংস অতন পাইতব লা ইরা ফড়া লেখাত নাই ওই  বয় ককে ফারে তা একটু বাত মিয়া দি কুনুমতে ফাশ টাকল দিলায় তারকিছে কিতা
/kaggle/input/regspeech12/test/test_narail_0117.wav,াতা ্ুডে্দি স্টুডেন্ট ন এ স্টুডেন্ট তোর মতো কত স্টুডেন্ট মানুষ কইরে ছারিলাম তুমি মনে করো যদি
/kaggle/input/regspeech12/test/test_sylhet_0407.wav,আমরা তার লাগি ওখর রমজান বাছে খারতা ফারবে ই মাগ তো ফেব্রুয়ারি মাসজা আরগে মহার খুল্ারত বুো  টা কি নতুন বাচ্চাবালটা টিক পরবাব  কে আর ছড়মু তারার লাগি নো গুমাল যায় না তেখও
/kaggle/input/regspeech12/test/test_sylhet_0290.wav,ওখো চাওয়া পাওয়া তাখতো নায় সামাজিক যে প্রপ্তাছা ওগলা তাখতো নায় তারাও মেয়ে তাইবো আর আমরার তো কুনু টাওয়াও নাই যাই ওোক তো তখন গিয়া এনগেজমেন্ট উইো তারা বাড়ি তাকি মানুষ দাইতে আইয়া হইন্না দেখলো
/kaggle/input/regspeech12/test/test_tangail_0124.wav,জিতেছে যে যত ফারে দিতেছে কিন্তু তাদের লস এতো পরিমাণে বেশি হইছে য তাদেরে ওই টাকায় হচ্ছে নায় এখন ইিন দেকলি না নিউজস্প্িডে তো দেখছিস যে সাকিব সাকিব আলা হালতান নাকি দিলেও বিশ হজার জাস্ট ইফতারি করার জন্য ওর পাউন্ডেখন পিছন দিয়ে আরও অনেক টাকা দিতে কিন্তু ইসামনে দিয়ে হচ্ছি ইফতারির জন্য বিশ হাজার টাকা দইছি এইজন্য এরে ডালেটেড বেিতে
/kaggle/input/regspeech12/test/test_barishal_0074.wav,হয় ওইছে বউরের আর বড় বদ নাম খয় না বদ নাম কইলাম তো লবটি বানাইলেও খাও   ব হরা খেতি বানাইলে তা বালাি বাই  জা  কিকষনে
/kaggle/input/regspeech12/test/test_sandwip_0095.wav,ল্লা ন নাই বিচ যাইতু বেযগ আানে রাতের না জমাদি হিগু খইন্দে দিনকো বাজি গা রেএক্কানা জনিয়া মিক্কা লয় ইয়ের না
/kaggle/input/regspeech12/test/test_sylhet_0580.wav,বাড়তিক খি ফনতা খরে ইবাতুনু  তা ির জানি না তাইবান দেইখতি আমার যাওয়ার ইচ্ছা নায় আমার বিপপুরে যাইতা আমআর বাল্লাগে ও এখজাগাছরোজ আর সবতাইকা বেচে বরিং লাগা উপধনশিল্পি আনা যে গান যেসময় গাওয়ান
/kaggle/input/regspeech12/test/test_kishoreganj_0128.wav,এই আল্লাহর বাই হুম্মজ ত লাগলে এইডা কননা ত ইয়া ফলা লেহা দিতাম হ এই জাগাাজলা তমুত কুনডিি কাইতলে লাল ভাই কি করম
/kaggle/input/regspeech12/test/test_habiganj_0019.wav,এরা আমির উনটা ইয়ানো বিয়াতিতো আছিল দলিরাা আশাদুলেরাত বনদু না এরা কেমনে কেমনে বেকটু এরোআছে ইলার অইছে গিয়া এরসাদে সম্পর্ক সম্ভব অতো দুই আাজার দশ স থেককা মটা মামান লা বিয়া অইছে দুই আাজার বাইশশো বারো বছরের রিলেশন েএরা
/kaggle/input/regspeech12/test/test_sandwip_0117.wav,অথতো লেব খরোমানের মাস্টার কিন্তু মাইজ্জে ক দেহুনেন না বেশি গেছে তাইলে অকল্লা ঝোরে হয় না এয তো রকে আল্লা কর না হ্যান হরেডি এইতাআই ফাঁজ করিবারে বয় হওয়ার যাতো তে তো বল্লা গি আমনে
/kaggle/input/regspeech12/test/test_sylhet_0233.wav,তু ওতো গুড়াউটা খরতে মিয়া দিতাম না আর ওতা খরতে খরতে ডিটিশন লইতেলইতে রেজাল্ট বাড়ি গে তখন তো বাইয়েরতে ডরিয়া তাকিরা
/kaggle/input/regspeech12/test/test_habiganj_0001.wav,বিষ্টি খদিন ফরে খইললেও লইয়াইবোনি না তি না না তিনতুা দোষ টইয়া দেুছা লাগতো নালেখ কিআছালা গিছাতা ুকা
/kaggle/input/regspeech12/test/test_comilla_0023.wav,তো এই আরকি এই মেয়েটার এই ঘটনাটা আসলে রুহিও অনেক শখ খাইতে ও তোন বাশায় কান্না করতে করতে আসছে আমি তো অনেক ভয় ভইয়ে গেছে ভাবছিবাড়ি কোথায় ব্যাতা রাইছে সভাপতি আমি যে ওর হাপ্পা দেখতেছে কি অইছে তোমার কি অইছে বলতেছি পরে ও বলতেছে আমার কিছু হয় নাই তুমি নুসায় বাগ্কে বাঁচ্চাও
/kaggle/input/regspeech12/test/test_sylhet_0269.wav,ফরে থাখলা যেলো পসমাকলা মাটে যি তাই হুটছেলো থাখতো ফারবো তাইত মিয়ারক বালা আমরা প্রথম বড়ত অলকে থিন এক করছিলার না যে তাই আছে তাইরে দিয়া যানগি আফনারা হুছ ও মি হুঝকেলো উঠলাম
/kaggle/input/regspeech12/test/test_rangpur_0071.wav,্টচছম  া রইনে বনাই লাগো আমি তা আচ্ছা দিলা মুই ওমারটা নিরে আসলো না তাক
/kaggle/input/regspeech12/test/test_sylhet_0618.wav,তা তো আঙকেররে বড় না বড় ড়আংকে তো একটা বড় মানে দেখতে যে আঙকিলে লাখানো আছলা না তাইন না তাইন অইলো টানি মার আব্বা তান বড়ো কিলা মারা গেলা তন সুস্থও আছলা  হঠাৎ মারা গেছোই না ওয়াইফ আবারো ক্যান্সার অই গেছি অনেখদিন ধরা অসুস্থ
/kaggle/input/regspeech12/test/test_sylhet_0023.wav,তারফরে ও যে অস্ট অস্টম ওইলো মেইন আমরার দ্বিতীয় দিন ইটালে বড়  অষ্টমিতিদিন অর্টমিতিতি দিন আমরা ইয়ো খরাম ও নাকে থাকবো তাকে গা ইটি বেশি সময়নে দশটায় এগারোটান নাছমতআমরা ওখাস থাকে
/kaggle/input/regspeech12/test/test_tangail_0013.wav,ানি ফ্েডি তখন পুরা ভাইঙ্গা পড়ে আর ফ্রেডির সাথে আরো কিছু মানুষের পরিচয় হয় যে যারা আসলে ওই যারা এলবা রিলিস্ট দেয় ওই কোম্পানিগুলার আরকি যারা আসলে ফেডিড এই জনপ্রিয় তারা আসলে তারা পছন্দ করে নাই তারা তে হেলো ফেডি জানি
/kaggle/input/regspeech12/test/test_narsingdi_0114.wav,কিম্মেক্সু নো ইয়ারর ওপেনিং তো কী অইতেচাস প্রফেশনালি িডামন স্লেয়ার ডেমন ফ্লেয়ার ওডা প্রফেশন আি হাসিরার এনকান প্লেয়ারে তা যাও ইনশাআল্লাহ এ যডামন্ হ  ক মাতা যকেমনে ওই থাকে মাইড দিবো এডিমেন্ট নামে কিতু কবি করা কিপদা মাইরা দামু
/kaggle/input/regspeech12/test/test_rangpur_0115.wav,ভান য় এনশা শযাষ মুরে দেখলু ভালোয় আতে সোহাগের ঘরে সোহাগের বউর সাথে যে খাতির মনে কর কালাই টালাই দেয় শাক সকজি দেয় ওুই যে একবার কেনু মাজাতে গেসনু তাতে এইরকম অনেক উপকার করতে এরকম
/kaggle/input/regspeech12/test/test_kishoreganj_0038.wav,আা লেখা যা দাগা ওই যাইতো না্বার আপতে কিও আনকি খানি একটা
/kaggle/input/regspeech12/test/test_sylhet_0181.wav,তারার দুই বোইনের সাথেও মাত অইছে তারারে রাস্তাত ফাইছলাম ই এখলানি কবা হুমআবলি গেছোইনতান্দরআরোতাইনদ খ
/kaggle/input/regspeech12/test/test_barishal_0023.wav,এডা আমি কয অন্তারা খাম া গোলাাালো টা এই যে উডে এইদি খাডা িিয়র জীবনে ও ভুল কইরে শিের পার না এইডা ই মানুষ আম  কদ নামের কোনো কথা না ডা এা কদ নাম কি একবেলা ওসুক মিচগি অছে সব  লয়া যাো
/kaggle/input/regspeech12/test/test_rangpur_0069.wav,কাইলকে মাল চান্দি মার লাউত লাউ কোনান কতা আককে ওই ফিরদুস তুইর মাও লাও কইয়াছো কুনান কু হেরাই ফির দুসতিন মা আয় কাইলকে নিয়া যাইমনা আসকে লাউ থাকলে নাা নি আা
/kaggle/input/regspeech12/test/test_sylhet_0602.wav,আর অখন দেইখ্কা খেে আমি মনো রাখতাম থারিনামনে আমি তো অখন তোনুতো আমার মেমরি এততো মানে কিতা ওই খুই ফুইটে আমি তো নামতাম ফরি না নি সবতা বুলি যা আর ম্যাডামই জাগাত কেমনে মনো কিনতা একটুলাবনে  মানে টিচারের একটা দেহা ফরে বাল্লাগছে কুহিনোর ম্যাডাম এরাও যেসময় চিনছুন মাস্টর
/kaggle/input/regspeech12/test/test_sylhet_0247.wav,আমি কিতা খাইরাম খই থাখরাম কীভাবে থাখরাম ওটার যাইতো আমার মাঝে বেশি কাজ খরতে যে আমরে যেই খারণে বিয়া বাঙ্গাইয়া আনিয়া হুততেলও দিলা আমি যদি বালা রেতর খরি না আমার বাইরারমানমততই যাখো যারা বিয়ার মারতোছেন তারা মুখের উপ্রে মাব্বার
/kaggle/input/regspeech12/test/test_narail_0182.wav,ককাাটো খাও ঠিকও না ভালো না অইনে কিয়ে কিল কতা কইরে খাতো
/kaggle/input/regspeech12/test/test_tangail_0006.wav,কিন্তু ঘুইরে যাওয়ার পরেও আবার আইসা যারাও যর ব্যন্ডের যারা ইয়া থাকে ওরা বইসা আছে ওগো সামনে একটা গানের দুইডা লাইন শুনায়া যায় ফরে অরা তো পুরা অভাক হইয়া যায় ওরা ভাবতেও পারে নাই তো এরকম একটা ভয়েস পড়া পাবু
/kaggle/input/regspeech12/test/test_sylhet_0520.wav,ো কিতাতারার ইনে ফর মাহদির ফের ওচ্তো ন করিয়া গেছে না  টাকিবরে জূড়ে যারে আমিরচ্ছো না খয়টা ফড়াইছি এর মাঝ থাকি এটা আইত্তে মাদকা শক্তি রকতা মি হে খরে ইতা জীবনেও আইকো নে আমি খর পড়োর আমি দেখছি আরকি বউডেও আইছে হুম ফরে ইজো
/kaggle/input/regspeech12/test/test_tangail_0053.wav,এতে মনে খরো কিন্তু ই ফানখান ভাবছিলো যে একবার হয়তো অর কাছে আইসা রাবার চলে যাবু মানে আমরা অনেক সময় কুকুর বিড়ালে যেরকম আদর খরি ওইরকম একটা আদর দিতে ছাইতু ই ফানখান
/kaggle/input/regspeech12/test/test_sylhet_0137.wav,আমি কানট্যাট খইরার ফরা তাইলে বইনডা খইলাম দিতামগি তারার খবর আইবোনি খাওয়া আইবো খন দুই রান হয় গুর বর্তে আইচ্ছাতে বাক্কার সময় মাতাইলাম কিতা খাম খরাতে আস্পান্ খরিলাই আফনার মটুবা আইলাম না একপুরা ছার খাইতে ফারলাম নে মনে খ খাইতে ফারলা আ আমরা দুপুরে খাইয়াইছি তোর এমটাানগিতারলা
/kaggle/input/regspeech12/test/test_narail_0151.wav,ত তুমি ফোন দিছিল্লে ফোন দিলি থাইি ব্যবস্ততা বলাম যে আইজকেডু ফোন দি কতা কই মার টকে শুনতেছেলো তোমার কতা যে ফোন টন দেছেলো নেকি
/kaggle/input/regspeech12/test/test_tangail_0073.wav,চাকরির মানে একদিন যাই তো আরেকদিন যাই না অর যে বন্দুর আছে অরে সায্য গরে ধার যানা কইরা চলতাছে আরকি কিন্তু অর যে ফ্যামিলি আছে ভুরুন ধরনের ফ্যামিলি অ ফ্যামিলি তো আরটা  লারেট খরতাছে ফরেওয়ার ফ্যামিলি
/kaggle/input/regspeech12/test/test_kishoreganj_0081.wav,পক্কিদি দেবুইল লাইগবো আমা যি া কত কিন নাংবো এনে এবি এম্নে আবইন একা খেলুলাহে খেদুইলা নাইকটা খা এম্নে
/kaggle/input/regspeech12/test/test_sylhet_0197.wav,ফিফাখাছিল আগে উঠিলো তো আব্বায় আমরারে অংক ফড়া কিতা ইংরেজি ফড়াইতা আব্বায় ফড়াইতা বলতে আমারেই খরার করি আব্বায় করাইতোইন না আব্বায় করাইতোন দো মনে বড় তাইনরে  তাইন তালে ছুটো দনদে তে এরফরে তাইনদে ওর ছুটো দন আমরা  ভাই আরেক বাইরে ফরাইতা
/kaggle/input/regspeech12/test/test_sylhet_0561.wav,ওই হায়েরে খপা একবারে তো দশটা ফর্যন্ত এগারোটা ফুনত গুম আর এখনও ইনকউদয়া ইটা তার এটু তরের মাঝে কিতা ইটায় ফরম পিলাপরদে মরা ডিপার্টমেন্টোর হেড দে ও স্যারে ফাইলে কি সামনা সা ই ব্যাফারে স্যারো রুমো ফরমপিলা ফর আমা আমি আরতো আলিন আসাম সুরা লাস্টে
/kaggle/input/regspeech12/test/test_kishoreganj_0151.wav,নাগি  হয় বাঙ্গি  ববছ া কেল করা দইছে কি মোরা কে কি ক বাঙগি মে হয় জাঙ্গির জ গি  া
/kaggle/input/regspeech12/test/test_sylhet_0129.wav,আমা মা অইছে সাবনে তাখে ওই যে রুমটাত বয় ই  পা দেক সমস্যা তাইনকে অন্য একটা বাতা নামে এরা থাও তারা তাখরে ইয়োত তরে তিন জালো থাখে
/kaggle/input/regspeech12/test/test_sylhet_0711.wav,ও তো খালাপ ফড়া লেখা খরতো ইননি ফড়া ওইছেনি খরছিল খইতা তো ুআর খয় বছর অইছে বিয়ার তো আমার তেরাতেরাবতা হুম আফনার আর খয়দে আড্ডা আছে
/kaggle/input/regspeech12/test/test_sylhet_0365.wav,বেলা মত্তালে বলি
/kaggle/input/regspeech12/test/test_comilla_0030.wav,টে িয়ে তোবুঝিাকিন্তু তারটা হইছে যে টা ওইছে কথা কারণ ওদের ইস্কুলের স্কুলের  দোলনাটার পিছনে যে বিল্ডিংটা এই বিল্ডিংরা হইছে থাকে ওইযে ইউনো ম্যাডামের যে গার্ডগুলা থাকে বর্ডার গার্ডের যে সদস্যরা ওরা থাকে তো ওদের জন্য নাকি লাইন দেওয়া হইছে এই ইস্কুল থেকে
/kaggle/input/regspeech12/test/test_rangpur_0100.wav,দাম বেশি ওয়ার টার দাম বেশির করণে এই সমস্যাটা নোয়া এটার তো সোগ জিনিশের দাম নোয়া বেশি দামের করনেই ঝামেলাটা বেশি আরকি সবাই
/kaggle/input/regspeech12/test/test_sylhet_0631.wav,তটা কুখুনতো তাইলে যাইতে গি না হুমিদা গি সাকিউরে ফরাইতে যায় হ অয় হে বরা তারা ফরতো না সামনে কি রা যা  আমার খালকে না ফরছোদিবে  াআলরা বালা অইবো চিন্তা খরোই না ফাস্ট ফইলা বাইনশে আল্লায় অখন বালাভাবে ফাস ফরানি ছিন্তা
/kaggle/input/regspeech12/test/test_sylhet_0186.wav,দোয়া খইরোইন আত্তা আছিলাম অলাইকুম ফোন দে ওই যার না
/kaggle/input/regspeech12/test/test_narail_0073.wav,উনার কোন কাকার ওই মূলত ই ঘর ওগে ওগে ওগে দুয়ে ওরা পাছে থাকতো ত ওই মায়েরা গে ঘরে থাহে ওগেরে টাহত থাক ওই তো মায়ারা খোব মায়ারে এককপ খইরে দেছেলো ওন থাকতে ওওওই জাগা থাহে ইটে ভরওই দখল কইরে নেছে ওতা মায়া একটা তো ভালো এট্টা খাত আছ ছেলো
/kaggle/input/regspeech12/test/test_chittagong_0103.wav,ন আই তুর দাঁড়া নাই আছে তো অফিসত ন যাই দিয়্যে আই্ছা অইয়্য তইলে তো দি হ
/kaggle/input/regspeech12/test/test_kishoreganj_0170.wav,হাল খুয়বা তর মুখের বিতরটা খুগ লাল টর মুযায়ি বিতরটা খুগ লালট োর মযাে বিতরডারে খুগ লাল তর মদায় বিতক কর খুব ইছ দে ফিটনাস অক এবং রাসায়নিক শাড়ী ব্যবহারি কমিহ্যাঁ
/kaggle/input/regspeech12/test/test_rangpur_0125.wav,ইয়া মোটামুটি ভালোয় হইতেছে ইপ্তারি নোয়া  সমস্যা নাই নাহ তুইি তু মনে হয় টেকা দিছি ওটে ইপ্তারির জন্যে কয় টাকা দিছি দুইশো নে কয় টেকা দিছিদুইশো টাকা দিছিস
/kaggle/input/regspeech12/test/test_rangpur_0096.wav,জবিলার বাড়িত না হানিফ মাজির বাড়িত না ফগুদ্দিন দ্যাটের বাড়িত তার বাড়িত খাওয়া ভালো এইকটে ক থা খাইলি ডরিম আর মা কার বাড়িত খাইপে কার বাড়িত আর গোস্ত খাইদে বাড়িত নাই ফকত কত শক্ত
/kaggle/input/regspeech12/test/test_barishal_0006.wav,াহ্যরো থায় পোলা তিন মাইয়া সবাই বড় বাড়ি পোলাবার তি য়ান শিক্ষিতরা আই ইগকাশি করে আমি ক এ কিন
/kaggle/input/regspeech12/test/test_rangpur_0119.wav,কালাইত ডাইল খান না কালাইর ডাইল খাইব ও ডাইল হ্যা ঠাকরি কালাই ঠাকরি কালাই ঠাকরে কালাইয় আনিস ঠাকরি কালাই আনি ন  ঠাকরি কালাই দিয়ে কী খাইবেন ডাইল
/kaggle/input/regspeech12/test/test_barishal_0024.wav,খাতাপ বাসটা খতাপ বাস না  ওরতে কইলে এ র ভাঙগি খতাপ ্বাস না হলে উনেরে আমি এটটা কতা কয় এইডা খতাপ বাসে দিয়ে এইডা খতাপ্বাস না  এইডা এইডা এট্টা ারো পরিবর্তন হওয়ার প্রয়োজন আছো বুচছি আমক  ভাইবি অরে না টিনডা জিং দ্যাখো
/kaggle/input/regspeech12/test/test_kishoreganj_0143.wav,টিটনাস হইয়া গেয় এইদে বাঙ্গীর এইডে এ বাহঙ্গীর সবুজ রঙ্গে বাহাঙ্গীর সবুর জঙ্গে বাতলে হয়  লুদ বা সুনালি অঙের হয়  পাকলে অলুদ বা টুনানি অঙগের হ বাকলে অলুদ বা ছে কিটনা সব সা বসদাগ চলে মানে এই জামতা বাড়ি আবদনা হ্যা
/kaggle/input/regspeech12/test/test_tangail_0065.wav,যহন নিউ ইয়র্ক মানে রকম সলছবিতে দেখা যায়ে একটা নিউ ইয়ার্কের সময় আইছে মানে হোটেল দুরা পার্টি স্টার্ব দের আলাদা পার্টি যায়গা আবার যারা কর্পোরেট অদের একটা আলাদা পার্টির জায়গা আছে মানে তা পরা তো আর
/kaggle/input/regspeech12/test/test_habiganj_0109.wav,মানে যেমন এবিজ্ঞান ফিনান্ াদক্ষনিত ইংলিশ বাংলা উপর বিজ্ঞান এ খয়েককানডে সাবজেক্ট লিয়া িতা ওইবো আর বাকি কিছু কাপে রাআতলো উই গুলো বাদ গিত্তেমানে আলাত অতো
/kaggle/input/regspeech12/test/test_barishal_0009.wav,পায়েট্টুস্পডি তডি ফিনদে হ্যা পরিচ্চায় দিলে বউর প্োক্টিসতে থাকে না হ্য়সসে কি করবে উনি উনার বাবার ই চেনবে না এইরম অয় কলে করবি নোয়া খোসলা খাইতাম হাইতাম নো হারম  হবাটিনা
/kaggle/input/regspeech12/test/test_narail_0133.wav,বিলতা আমার ওছে ভালা খয় নে রি কইছে আমার ইন্ডিয়া একটা এন্ডিয়া একটা বাড়ি পড়ে দে আা কয়ছে দিবানি
/kaggle/input/regspeech12/test/test_sylhet_0494.wav,টলান গুমাইতে ওদো তার নামাজ খরতাম ফড়ার মাতো আল্লারে খইরাম তো নামাজ বকতো ফড়তম ফ্লার না আল্লা তে আমি দেখতি া তাই নামাজ আমাজ বরিয়া আইছে আইয়া কিতা খরছো নানি এখটা বিরানি লইয়া আইছোইননা খইরা একটু উটবানটি খাইলা খইরাম না না ইতা খাইতাম না ইতা জাও খারাফ খরলে খাইলে খাইতাম রা ওতা খইরাম তাইন আমার কিতা খরছুনা আর্লাগ বিউর খরিয়া যেমন লাগলাম সুস্থ নান তলেন জোর খরি একটু তুলছে নাম্যাক্সমো টরাক খরি ও নাবিন লিতে ্ল্যাকসনর টাস ফর তাইন লুততাম ফারছেন আমার এখরো ট্রাস ফল রলা িতা
/kaggle/input/regspeech12/test/test_comilla_0009.wav,রুহ চাই চাত ছিলো রুহি উঠতে কিন্তু নুসাইবা বলতেছেে না আমি উঠি তুই জা তর তো নাচ্চার িয়ার চালাইছেল তো এক পর্যায়ে রুহ ভাবলো যে হে আমার তো নাচার ইয়ারসেল যেতে হবে আমি চলে যাই তুই দুল না খা দোল খাজল নায় তে রুহি অক্কে ছেড়ে দিয়ে
/kaggle/input/regspeech12/test/test_sylhet_0350.wav,তখন গেলাম ঢাকা একটা ওকরাম আমরা গিয়া পাইছি মুদ্র সতিব ডিজি তারা আছিল পিকছাছ
/kaggle/input/regspeech12/test/test_sylhet_0513.wav,ইগু খন ওপারেশন খর জানতাবা খরিয়া হন আমার ছানদা তোরে আমি আমার কোলা চুট পরছিসো মুজিা
/kaggle/input/regspeech12/test/test_barishal_0004.wav,বাস্তবেইেডিয়া গ্যাছে হেনের মেয়র গ্যাছে হনান প্রশ্ন হেয় মনে করেন এক লোক তালাইলো হেইয়ে দেখলাম পাঁচ পাচজনে অনেক প্রশ্ন পরে হেষে মাফ পাইছো কাসলে আমার ভুলো হইছে আমি মাফ তাইে আমি এরম কামার কোনো দিো ন কই ওইযে দেখছি এক্পারে গায় না আড্ডি নাই ুে মাংস নাই খালি হড্ডি নাই
/kaggle/input/regspeech12/test/test_tangail_0112.wav,তো আমার মনে হয় ওই বিল্ডিং করার জন্যই কেউ চক্রন্ত কইরা আগুন লাগাইয়া দিবু ে আমাদের দেখে ব্যবসা হয় যাস এই দুইটা ইদ দুইটা ইদের হত্ছে দেখি ব্যবসা হয় তারা অনেকে আছে যে লণ টিন করে
/kaggle/input/regspeech12/test/test_kishoreganj_0172.wav,তোর মুগের ভিততলাল তোর মুে ভিতরলাল তোর মুগের ভিতয় কামগে তরলাল এ  তোর মদ্যে ভিকের্টা  হকয়েকটা মরতা
/kaggle/input/regspeech12/test/test_sylhet_0314.wav,গিয়া কিনা গাটা করি একদম প্রাইমারি যেগুলা লাগবো ইপ্যালোগুলা আনি দিনু আরভাবিরা সকালবেলা উঠিয়া মিন্দিনদি বাটিয়া একটু লেখা ফা দিয়া দিয়া ইতেওতোরও ডিজাইন্ট ডিজাইন না খরছে বড় ফরাইয়া লইয়া গেছেন গিয়া কুলামগঞ্জ গিয়াও পার্লারোর মানুষ আনি দিছেন বাসাত
/kaggle/input/regspeech12/test/test_sylhet_0422.wav,ভুল খরছো কিন্তু কুন্তু বিয়ো খরতো ফারতে না বাট তারা কুজি বারন জানেন নামকা যখবু  আমার যেমার কতো করসটো ররে বাবা হে দুমরার লাইগা একটু বুক পড়রা মন মন হালকাইন াবাা খছাাবাপা
/kaggle/input/regspeech12/test/test_sylhet_0382.wav,খইছেন তে তুমি যদি পড়তায় তাও ততো আমরার ইন তেকি শহরো গিয়া ফড়া তোর অখল নায় রাস্তা ঘাট বালা না যোগাযোগ ব্যবস্থা বালা নায় এখলে এখলা যাইতায় আবার তায় না রাস্তার মাঝে মানে আমরার গ্রামবরতো অনেখ মানে ইয়ো আছে সমখটা মেয়েরারে বাইর খরা যেতো তুমা ফেলো থাখা লাগতো কি আমরারে ফালাইয়া থাখতায় ফারবাো গিয়া ফড়লে হুশকেলোতা কিয়া খরবায় যাতে যাতায়াত ব্যবস্থা কিছু ইয়ো অয় সমস্যা অয় না
/kaggle/input/regspeech12/test/test_kishoreganj_0040.wav,দেমনে  হ হে হতারেযা নাম গুরা ছার গুরা এজিবা যাকিবা আমি তু আর কেলা কাজে খেলতাম আআান ুদে খাওয়া যাখাতেবেডা
/kaggle/input/regspeech12/test/test_rangpur_0018.wav,কা্ড দেইত আরফটোকপি আছে না কাডের হ ওরে ফটোকপি গেরি দেইল কয়া মহি মেম্বারোক দিয়্া এটা স্ত ভানায় বয়স্ক ভাতা বা ভিডিও ভাতা একটা চড়ি দেলে একয়ড কইরবার নাইগতে হ হয়
/kaggle/input/regspeech12/test/test_barishal_0058.wav,কলিভিশন তাই হেইরুম যদি ডাটামি করতাম তয় খয়রাত করবে ও মোর ভাদ জরতো না ওনে না সেন্টার ঘিজ দি
/kaggle/input/regspeech12/test/test_narail_0183.wav,
/kaggle/input/regspeech12/test/test_sylhet_0403.wav,দেওোা খইনানা আমিকুন ব্যবখায়ী কিছু জাগা ফাই না আমি নিরাইছিরা ইতাকি এখলা এখলা কিন্তু বিশেষ খরি আমার হাজমেন্ট খুব বালা বুঝছোনি আর লাখেও তাখলে জীবনে ইলাংখে উর আত্মনাটক
/kaggle/input/regspeech12/test/test_kishoreganj_0026.wav,তে ভুল চুলক করে অনলাইবেরা ওবই এককা হাম নায় কম্পিউটার দিে এসব কাজ করে নাম কি কছ  তঅত ফরিচিত অনেক কম্পিউটার দোয়ান তো আসললবা য়া লাগতাযা খাওয়া লাইগদাে
/kaggle/input/regspeech12/test/test_kishoreganj_0005.wav,হ তিন তাও গেবার কলে দাবা ঠত পলার বা  হ্যাঁ এইযে আগে ছুদুইল্লা চান নিজে থুই তুলেনি ভাই আইলো বাল ত আন তুলতাম আর তা ভাইয়ার লগে দনে কিটা থাকবো ওকি গাড়ি তেমেম্ে গাড়ি ধযারা করা থুই তা এই গাড়িত ছাা া
/kaggle/input/regspeech12/test/test_sylhet_0689.wav,তো বাইচ্চা ফাইচ্চা লইয়ায় খুকে খুমখার খরতি খাছিন অখ ফুয়াইলটে লেখা ফড়া খালটেরে বিয়া দিলাম কুাম বিয়া দিলাম নাতিনওছা ফাইলাম নাতিন ছা ফাইলাম নাতিরও বিয়া দিলাম গুয়াইন্তারাপেত বালা গান উন ফারি হুনতাম ুিতেরে বিয়া দিলাম ফুরুরে বিয়া দিলাম নাতিনো শাওরে ফাইলাম
/kaggle/input/regspeech12/test/test_comilla_0018.wav,তো এইখানে কয়েকটা বিষয়য়  আসলে কি কারেন্টের শক লাগলো কিনা কিন্তু ওদের ইস্কুলে কিন্তু ডে শিফটে সকালে মর্নিং শিফটে ক্লাসে ওরা অইছে ডে শিফটে যায় মর্নিং শিফটে সবাই দুলনাতে উঠলো কারও শট লাগলো না এরপরে ও নূসাইবা বর্সার আগ মুহূর্তও কিন্তু ধুলনাতা
/kaggle/input/regspeech12/test/test_barishal_0088.wav,হইলি তো ওইযে আবার উপরে চোকা হলা  রে া পোটা দিতে ডেলি মোরা কান করছি পিমি াপরগরে ঘ্যান তো ে  কবারে লাগে না ও া  যে ব  এরাকায় কোন কাম উপরে ডালাওইলে তোরও খইরিন্না এডা আগে না
/kaggle/input/regspeech12/test/test_tangail_0045.wav,পরে পাইএকটা ভোট পায় মানে এইর পানখানে একটা ভোট পাই ওই ভোট এ কইরা কুনুরকম আরকি ওই রাটটু পাছে পরে সকালে উইটা দেহে যে ও সাথে এই ভাগটা যেহছে রিটার্ট পার্ক আর ও সাতার কাটতাছে পরে
/kaggle/input/regspeech12/test/test_tangail_0032.wav,শহরে আসছিলো পরে যহন সারা যাইতো নাই প্লেনে তখন ওই বিমানের ফ্লাইটে সারা ওই পাচ ডলারের ওই নোরটা দে  সুনা খানের যে নাম্বার দিছিলো ওই নোরটা বারোয়ার কাছে ফিরা আছে ফরে সে বিমান থেকা তাড়াতাড়ি নামওই নিউ ইয়র্ট নিউ ইয়র্ ইভে
/kaggle/input/regspeech12/test/test_sylhet_0742.wav,সারা জীবনে রতেউ মন দে  আমরা খাইতারওদিলান দে কি উকা আইয়া মনো খ আন্ডা কটি মার াতান খাি বানিতায় ছ
/kaggle/input/regspeech12/test/test_chittagong_0112.wav,এই যে কম্পাসেশনের চদুটাদে যা আছে দেগগি নইক্কা তুলডিা  নেতাল্লায় আটছে এহন আপরে তোবে খতা হইয়া আফর তোম্বার লাই এমপি টিমবি নাই আতাল্লায় সম সদ ফরি গেগদে চছা চিটাংগ চিডাং অত গরম ফইরলে
/kaggle/input/regspeech12/test/test_narsingdi_0040.wav,দিনে ছাই পাচ বারগো তোলেই করা লাগে হেবারে ফতা ইিনবার অলরেডি অইয়া যেসা খতো ুজ মি মাকত এন এবার না খেকবার গরসি া কারেন্ট আল্লা কিববো ম
/kaggle/input/regspeech12/test/test_kishoreganj_0024.wav,এ এলাগাতে ভিনন লুকাইছ দে কইছে নাম এডা হইডা  এলাগা  আ দিতাছে ইতান ক বননা বু্ আরেক বেডার সম্পদ না আফ্নে বল লাভ অইতো না অহন হক্টা নাম এই যে লিইখ্যা থইয়া গেছে বুল অনে ওকটা না পাঁচ আজার সাত আজার কছে আজাট্টাহা অইবাএতোম কুন পাহইল মনো অ মনে ক যেসব টযাহা কত অইতাছে
/kaggle/input/regspeech12/test/test_comilla_0001.wav,তোই আমরা থাহে না কেছে কি তালা দ এমনি থাহেন ইটি িনা িনিটি সর্ন পযনািসিটে ফরে নিেইতে হয় স্বর্ণগরে তো ব্রচুর দাম ওইয় জাগা
/kaggle/input/regspeech12/test/test_sylhet_0039.wav,পুকুরে বিপর্জন খরে কিন্তু অনেখ জায়গায় তো পুকুর নায় তারা কি তায়ে বিশ্বজন ররয় ঠাকুরকী তে তারা কি দক্কিচ্চুমার নদী আছে না নদীতে গিয়া সবাই বিশ্বজন আমাদের নদীতে বিসরজন খরেন আমরা ই অত পুকুরে আইছে বিসর্জন খরার পরে আমরা ছ
/kaggle/input/regspeech12/test/test_habiganj_0088.wav,নৌকা প্রমণ বাগমিনি বেশি খয়বার ঘুরাইতো নৌকা প্রমন অনেকবার গেতে অনেক সময় বেটিউড দেইা গেতে ঘুরাইছে ঘুরাউ খরি এমনেতে অন্ যায়গাতে আর খটা জায়াগাতে খরতো কে
/kaggle/input/regspeech12/test/test_habiganj_0056.wav,যায় মা খালি খয় তুইই রান তুইই রান অখন দেখা যায় যদি মোরুগুরু গানে একদিন মোর গান তিলাম আমি আমারে দিয়া মা রান্ডাইতিল মা খাছে থাইক্কা আমি লালাউরা দিতি খন বলে তরখারি ওর্তো মরদা খইছে অখন সবাই খালি খয় তো মারতিগা তর মজাইতে অখন তুইই রানবে অন মোরুগুরু গানলে আমি এমন যন্ত্রনাত করি খালি আমারে দিয়াওই রান্দায় অখন তো আমি এমন বিপদও খরতি আমি খই অখন একদিন আমার এমন বাদি খইরা রান্নো লাগবো যাতে আমারে দিয়ানা রানদায় এরফরে আমি তাখ
/kaggle/input/regspeech12/test/test_sylhet_0652.wav,কুন্তা খরতো পারছেন এইজন এ ওউ গাউটাকি ওগা টাইসে পাঙ্জাবি দৌড়লে হোগা পেে া  ো দেখাইয়া গেয় রাজা খারে দেখাইয়া দে নানি তা ইয়ও করতে ওতাপার কি ইয়ো করিয়া বেশি
/kaggle/input/regspeech12/test/test_sylhet_0112.wav,আর নানার বাড়িতকে খেখে আছোইন ক্যা আমার খালা আছে আমার নানি আছে আ যায় খরোইননি তারা তারো আয় না বিইচলাম তারা অভাবেরোত খরলিন নানি তারাও কিটা আইলা তারার কিতা খরে কযা তারা তারা কলে বালাও খলে বুটু ডিফো আছে সিয়ান
/kaggle/input/regspeech12/test/test_habiganj_0035.wav,আান যে বাল্লা তো খ মনে মনে খইতাম আমি কি দু রানতে ফারতাম কুনদিন দিয়া আমি রানতে ফারমু এরফর ইতা খরতে ওরটে দেখতে দেইখতে এরফরে আমি ওখন আমি গুঝা যায় তে আমি না রাইন দুই দেখা যায় মার দেতে যেতা রান্দে আমি ইতারা রানতো ফারমু এরফরে মারে আমি একদিন খইর মা আমি রান্নুওই কও ইসময় মনে অয় আমি
/kaggle/input/regspeech12/test/test_narail_0085.wav,ও কয়বারি দি দৌরবার গেলাম তাবাজ দাবো যাও আসনি রুবাইসর করন কালে যে থাহনবো তার ঠিক নাই
/kaggle/input/regspeech12/test/test_sylhet_0682.wav,খডারা রাকি বন্ধ নাই শুক্কুন ফানি ইস্কুল বন্ধ থাখলে তারায় হবায় গান্গে াতোমে ন সপ করতে আছনা আর বারে কু ইচ্চা থাখে তাকছা একল নানিস করায় ফড়া লেখা কইরাইয়া কুচ্ছু করা ফরে  এরা বড়ো বড় ি ফর্ব ভালো ছে বালা মা ই
/kaggle/input/regspeech12/test/test_sandwip_0057.wav,রান্দাক আরোক্কোরে ছাড়ি দেওয়া অয় হিয়ান ইছে আকুর বলো গিয়্যে সরোলু
/kaggle/input/regspeech12/test/test_narsingdi_0074.wav,সাল আমে দিবিত লইয়া আমার ছুডুবেলার মাক সাালা মা বা  তা বারে বিশ্কা ছালাম না বিশাস মাত্রাও মানে যদিবিশ্টাহা দিছে তোর মার আরো বেশি দিছি কত দইছছ ষাইট টাকা দিছি কতা পারতা রা বিছালাম না হ্যা তো এইডা ই খুর বেহি ছো
/kaggle/input/regspeech12/test/test_comilla_0021.wav,এযে এইটার জন্য হইতে পারে যে কারেন্টের ইয়া হইছে কিন্তু অন্য কানো বাচ্চা রাইতো কারেন্টে শক করে নাই বা ওর শরীর থাইকা রুহি সবার প্রথমই ফাস্টে রুহি দেখছে রুই ওর মাথায় যায়া স্পর্শ করছে রুহিরও কারেন্টে ধরে নাই তো এই অইছে কতা এহন যে রুইরেওল লাগে না এটা তো একটা লাগ লাখ শুকরে আল্লাহর কাছে কিন্তু
/kaggle/input/regspeech12/test/test_chittagong_0148.wav,ইতো ই অন্যায়ে হ হতাএকতা খান দনু যনো খেনছনা দি কিল্লায় কি দি তো কালাভমু তারা এনে বেকগুনে ক্যান আছে আছা ভালা আছে অননে লয়া বতুর
/kaggle/input/regspeech12/test/test_chittagong_0006.wav,তে এহন আগে তো আটটা বাজে যাইতামকো বরাবর তো এহন যাইরদে সোয়া টটা আটটা বিছাইললে  ডেডি গরিয়ে রইছে বায়র ভলো অইয়ে ত এহান গিয়া গরে আই আইয়েরে আঁরে ন দেখিলি আফা কুজ আফাস কইতে এহন উইজা বলে ইটু প্রি এঙ্কা বলে হই্যে যা খতে উনি একটু সুস্থ সেইজন্য আসা নাই
/kaggle/input/regspeech12/test/test_sylhet_0337.wav,কিতা খরিলাও কিজার খরিয়া তুমি ফড়া লাইগে মমু টিজার গরাত গেলে যে খরছ লাগবো ইটা আর আমার জামাই লইয়া চাকরি ওতো কিছু বিয়ার খরিয়া তাইন আমার টিারে খরচ দিবা কেমনে আমিও নাছি যার না নরমালে ওইলে ওইবো না ওইলে না ইটা আমার ফিজার নিজা না আমি ওলা অবস্থা ফরীক্কা দিমু োও
/kaggle/input/regspeech12/test/test_sylhet_0419.wav,তুমি আমার আও কুছ্ততা বানাই ে তুমি আমার গুস্ততা খরিয়া দিবা আমি ওউরখম আমার কছতা গরছে ফিডবুক আনু জায় না মা নামা জায় নামাে আমার পর্যা আমি নিজেদের না তখম দেখতখন আমি নিজে ওছি আল্লা তুমি যদি আমার গুনািলা কিন্তু মি নামাটারতাম মাইর
/kaggle/input/regspeech12/test/test_sylhet_0640.wav,গানতে গান তনাও তো  করতাছো তা গান যালগইনাও
/kaggle/input/regspeech12/test/test_chittagong_0167.wav,এনদেকিনকাম উটা করলা এইন্নে ন যাইছি ডলরানিবে কী ছড়ে দে লালি তাল্লা ফরীক্ষা দিদি লি একসএসসি আল্লাহ তোইতো একদম চুডো হ ছুডুলে কী অবো বয়সের আগে যদি টুিদিা ইগু তো কী অইবো আয়য়া য লািব ফরে
/kaggle/input/regspeech12/test/test_narsingdi_0080.wav,অনেক ফ্যারাফেটির ফরে মনা রাজি অইছিলো ফরে ব্যাডমিন্টন দেশে দাগা নিছে তারফর আমি খেলতারছি না দীপে শেষ করলাইছে আমারত ফতানলা আমারে ব্যাডম্েন্ব্যাডমিন্টন নষ্ট করা রিছে বাবারে কয় বান্না করছে মা হের মতার টাইপ ইিম না দিনা আমার ডাদুর তো হেই নষ্ট করছে হেয় নষ্ট করা আছে আবার আ হের নামেডা কিন নাি
/kaggle/input/regspeech12/test/test_sylhet_0698.wav,আর তাইন মুরব্বে যাসরে  আফনে খয়ছালে খয়ক বর িনি ফুয়া আর ফুরি ফুড়ি একটা বেল লেইতোমার একটুরি বিয়া দিলেইওয়ার বউ তিড
/kaggle/input/regspeech12/test/test_sylhet_0685.wav,লে তাই ইরে তাই কথা দায়ে ওছি ন মুটামুটি গলে ন হইছি আমি খাআ াা নাএ বাবে ন ছআজ্গারে না গটি
/kaggle/input/regspeech12/test/test_sylhet_0633.wav,আঁমির মাঝে েখাওন লাযেহত  আার হাথ হএকসফুরেন্ট এর আর প্রজুক্টি এরলাগি মিবি কিন্তু অতোটুকু ফলপতা খা বালা অইবোযাইগি অয়টাগি
/kaggle/input/regspeech12/test/test_sylhet_0119.wav,রিটা দুলাখতো ইটা দুরো মাইন থেকা জুড়ে ফড়া রদিতো ইস্কুলো বর্তী খরাইতাম ফড়ছে না ইস্কুলো থাকাছুনা থাকে ইডার মইদে হেই দুছুরগিয়া তার এডার ম পেয়ে ফড়ছে খযে বার পড়লোন না
/kaggle/input/regspeech12/test/test_sylhet_0628.wav,সবতা করা ফরতো না ফ্যামিলি  ফ্যামিলি বিনা ডেইককা পসন্ড খইরা ফরে আরকি ইলারে হইছোইন নও ইাযে আরেকটা কাজই ন আছে টানি আমরার কমার্স তরমনআছেন ও তাইরবি আমরার লগে প্রায় মানসে বিয়া অইছে আপা
/kaggle/input/regspeech12/test/test_sylhet_0144.wav,আ তো ছেলে এআছা বিয়াইল লাই ফুইডিা একটাও মিগা বাইজা আাাা খরো বাকি ছেলে মিখনে ওই হেয়ার ফরেছাইমু বাইক্কা তা
/kaggle/input/regspeech12/test/test_sylhet_0646.wav,হুম তমরা দাদু নানি দাদু গাদুনি নেক্ট খও দাদে তোতা খরোইনটদর গুতাইবা  প্ল্যাক দিবা গানরইব এখটি ওতো খাম খরতা ফারি ওয় ইবা হেল্প খরোনি নাকিনা খ
/kaggle/input/regspeech12/test/test_sylhet_0647.wav,কিতো খুরাই ইস্কুলো যাও ফড়াতবো এই ফরি সেই ফরি খইযায় পাইলে না আমার ব কা করল কি টা একটা ঘান খইলাও েটাগান যা আমনো একটা খলা তারান  ক ো বই নাকিলা খও
/kaggle/input/regspeech12/test/test_sylhet_0324.wav,তাইন খইলা আছে আমি পামমুনি খম যে পারবায় না পারবতাইন আছে পারবায় আমি তো আতি আমি তোমারে হেল্প করবু আমি যেত ফরি তুমি তুমারে লইয়া প্রমু গ্রুপ ওয়ার্ক করমু তা আইচ্ছা তলো ছোলো শুরু করি তো ছলো শুরু করি কইয়া আছে তাইন কিতা করতা আইয়া কায়ডি জিতারা আতপে ঘুমাই দিতা
/kaggle/input/regspeech12/test/test_sylhet_0517.wav,াা তো দাদু নানেখয়দিন বালা দখান খয়দিন অত হালকা দেখি এায় সোমবার এগো তা সোমবারে সখালে ফড়িা
/kaggle/input/regspeech12/test/test_sandwip_0099.wav,য়া মাছে কারণ হিয়ানা হলগাবো কইছিনে মাইকই পতু ব্যাটিংয়ের বউ কিনছি এআন তানিছিনশেল্লা দি খান দেয়া বাতা কক কি থাকি গইরবো এ ফরে জাবাইয়ে ধরি তা কিন  আমি কেই ফাবু নাস্টিং গ না কোনো তাকি ডেপির দরকার নি
/kaggle/input/regspeech12/test/test_sylhet_0595.wav,বালা ওথাজমো আমি আস্তা খতা দেখলে ছোবালা ওয় আলহামদুলিল্লাহ বালাও খাো ফেের বাড়িরা সবাইতো ফাটো খাকবেন
/kaggle/input/regspeech12/test/test_sylhet_0050.wav,ফক লেড আন দই নষ্ট খরতাা খা া খইয়লো প্রথমে নুডুস টিদ্ধ দেইন ফরম পানিপানি রএন্ডু সিদ্ধ দেইন বাদে ফিরাইজ বাজোইন বা যে ডিম তার ডিম বাজিয়া ফজে নুর স্তারোইন হেরে মছলা দিয়া
/kaggle/input/regspeech12/test/test_tangail_0096.wav,পরে আইসা আবার ছাকিনারে বলে যে ইমারে পাই নাই তো এহন কী করবা তোমার তো আমি তুমারে অনেক ভালোবাসি এরকম পরে কিন্তু ওই ছাকিনা যে
/kaggle/input/regspeech12/test/test_sylhet_0371.wav,ওইল কাম গিয়া জানাইছি আপনারে আফাজলা বে আর ওই বয়সটা আসলে বাচ্চাটা হোয়ায় এখন আমি বুঝি যে ত আমার কতোটা সাপোর্ট ওই দে আল্লা অলোই আল্লা ওইলো গিয়া সবিছেয়ে বড় পরিকল্পনা খারি তো এখনো আমি চিন্তা খরি যে
/kaggle/input/regspeech12/test/test_narsingdi_0082.wav,ফাই বা আমিও ফাইছলাম আমি ফাই কোডে ফাইছিলাম দৌড়ে ফাইতি ছাইরবা সেগেন্ড প্রাইব এরা আমার স্কুল লাইফে বাখটা ছিলো কনা খেলার মদ্দে আইবা খেলতো ফাইবে খেলা দেখি যু বাইছিনা তো আমার লগে সবমনে খর আমি তো এক বছরের জুনিয়র আছিলাম
/kaggle/input/regspeech12/test/test_sylhet_0565.wav,াডরো আমরার আরকি কমার্সোটা একাউন্টিং ফাইলাগো তাতোমরার ম্যা কিতা কিলা ইয়োরই নিলাম নি
/kaggle/input/regspeech12/test/test_narail_0164.wav,াওটাহার মতো এটটাহাও যাবেনো ও আচ্ছা কায়যে ডাক্তারদে আছি আজপাও জাক্তানা টাহাত যাবে না কা যো যাবে হছে কায়
/kaggle/input/regspeech12/test/test_chittagong_0102.wav,ি ভাই কুনন নি অ খমের মধ্যে দিয়্যি হুনানি জ দেহি দি তারফরে সেইম তালি নাম্বার নন লহরে চলে সয়া আইচ্ছে তো গুঁকি আর গরগম হয়াল দে নাসিয়ান লইরতে চুত্তে ইয়েরে সাম মদদি আই যাইবোগু
/kaggle/input/regspeech12/test/test_kishoreganj_0096.wav,হ তে না ছাতাছ না না আমার করছ জল গয়লা এমন খরো বইন নাহ বলবেবাইন  গুল জুলা
/kaggle/input/regspeech12/test/test_sylhet_0096.wav,দুইজনো রানা খাতা লাগলো দুই ঘন্টা লা খাতা লাগবো বাজার দরোত্তো খই বেককুনি বাজার দ কিরখম যের দাম খাও লো তুততু ট্যাহা খরি একটা রেসাল টটুক্টুর ট্যাখা খরি তাতো মানে মোটা ছাওতাম যেগুলা আগে ওইগু মোটা ছা ওইলো কতু টেখা দাম ওইকতা ইতা লানতাম মোটা ছাউ বানতাম ত টযেয়া দিয়া ছাইকরি টার বিত্রার বানতাম
/kaggle/input/regspeech12/test/test_sylhet_0068.wav,বাই বিয়া খরতু আাই আর আমার বাই বাইয়ে গিয়া খরতা নায় বাইত ফয়া ওইছলো বাইখা খর নে আমি কিতা তাগল আমি গিয়া খরতানা তনা কিনতায় তুমি যতে মন্ধ ওইবো এরমে দুইটা বইন গরত ইয়া বাইরা
/kaggle/input/regspeech12/test/test_rangpur_0057.wav,কাইলকা বলে তামান আসা হমলের ইয়াও হইবে অনেকে কইছে যে এক মছরের  ছকুত রাখার জন্যে ওয়েব বারে ইা ক পনোরো দিনও তোই ছাটে আাবার কিছু গবি রাখার জন্য এ ুছেরএন তাকি বলে ল ত কইস না সরকার আল নাম
/kaggle/input/regspeech12/test/test_sylhet_0150.wav,পাতক মা তোন নানি বড় কম্মা তাতা াতা আমরারে ফড়ালেখা খর দিতাইলে মেয়েরারে ফড়াইলা ওয় ওতাও কাম খরলাম আফনের মেয়ের দেটিও ওইলো বাও না কিনাত নিয়াছেনিল ওয় বড় ফুরিরে এখ মেয়ে খেলে হুরু হুরিরেখসতা
/kaggle/input/regspeech12/test/test_chittagong_0021.wav,এডা আম্মা ও গড়ি ছুইল্লা দিছিল্লেতরে ফরতিয়্িন হান এককাছ জ্বালা ফালা গরি ফালা র মদে ফরা লেহা কইরগুর জন মজার ফয়া লেহাবেগুর দি আরও কম গরি মোবাইল টিকগো মোবাইল লইবেলে বইত জ্বালাতা আছি তো মোবাইল টিবর কা তুই এযে ছুডানো নি
/kaggle/input/regspeech12/test/test_chittagong_0024.wav,এন হাইয়ে আইয়া অবর্তে তেস এততুন আবার এডা আবার ডাক্তার হাছে গেলাম ওসুগ খয়াতে হেতাম বউত খাচ্ত গরি আগো ওইডি আঁর্মা ওগগোও বইন আঁরে ওশুকুন মির জি মাইত্ছেমে কেউগইন সৃতিও বুনদাোান হইলি্
/kaggle/input/regspeech12/test/test_rangpur_0011.wav,সে না আইসেনে না আইসিবের গ ওলা ইসপার দেয় না  ধরে আইযার বে  তা এলাইপের বেডির এতলা দর এলাইফের আাে নিন আসপে আইকার খবর নিয়েনা বাসতে ফাগলিবে একটা আগো কারে ব মত এহন তো গনা আইফের দে না তু ইবের জকেত ক্যা ত
/kaggle/input/regspeech12/test/test_sandwip_0129.wav,য়ািঅন্গার হোলাইনেরে বাইরে অনকার হো লাইন অইলেও অইবো ন অইলে নাই একার লগে অযে আল্লার রাস্তা ছালাইরো এ হিসাবে শুদু শুদ্দু নিজের টিয়া খরচ করে ইয়া করা আর অনকার হলো না আর যা তো মনে অই যে এগুলাইন নিজের্তে অইত্তো তা না হে হোলাইন হেরা আগু দা ওদি থাকটা হরাযায়ারান অনে দিনককা  দেওা দিতো ও না
/kaggle/input/regspeech12/test/test_sylhet_0490.wav,খারণ তাইনোর দাড়া থাকতে আমি থ্ুক্ত মানুষ আর আককা তাইনোর গারা একটা খুছতো ওইমু আমি আরো আশা খর আল্লা তছি যা আর্লা ওতো বড়ো ম কুছতো দফি তারফরেও মানে আমি নিরাখিন দাবনা আমি দুর্বল ওইলা মনা তারফরে ফাওস খরামকনিজোর ভবিষ্যত কি্ছু  আল্লা নিয়া আমার ববিষ্যতটা সুন্দর খরিয়া দেই আমি ওটাও আশা খরআমার লাগে যে এরফরেও ওতো বড় ুতা একবার ইগুলো বয় খাই না সাহস ফড়া রান লাগবো তো সাওছ ওতো লক কি আল্লা রছিল তো খন যে ফাওত খল যে ফরে হেরে আমি সবসময় আকব
/kaggle/input/regspeech12/test/test_sylhet_0341.wav,তখন দশটা তেকি ফাকটামেরযন্ত ফরীক্কা দেওয়া তিন মাসের বাত্তা রাখিয় আইটা মানে হেমুহাযুদ্ধ আর সেন্টার আছি তোমার সরকারি গল্ট পাখা আছিল রাজমুখে ফরীক্কাত যাইতাম গিয়া তখন আমার বড়ো যাইছতারে আমার ছেলেরে দেখার লাগি আমার বড়ো যাই ফরীক্ষা সম
/kaggle/input/regspeech12/test/test_sylhet_0055.wav,অর মা খচ্তা লাগবে না মা অনে আগে মতাবো  মনে  বুঝছি বইনের খেলে মেয়া  একছাইর খেল ছোট বু  তিন বস্তার ছলো তে আফনেরার ছোটো মেলা লইয়া কিছু খইন মানে বাই বইনরা একসাতে কিরখম মজা অইতো কিতা কিতা খরতাইন আমরা তো ছুটোবেলা অনেক ক্ষত্কা
/kaggle/input/regspeech12/test/test_rangpur_0006.wav,আামার গইলে ঈদোর দিগে আমবার  কাডনয়টা কয়টা বড় হইচে কদ দিছির মাও দুইডা নিবেস চাই া হামাকো দেন তো দুইটা কয়টে কাহায় দেমু এলা ার মুক দুইটি যইসরভাইয়া জমি এ কিন্তুুছিরে করাতা এ্যাকরি মালা কাডি কাটিা এহান কুরে রানদে ন্দে মদ বা নয়টা আছে না এদেলা কাডি
/kaggle/input/regspeech12/test/test_sylhet_0017.wav,দাড়িতে নিয়া আঞ্চলিক ভাষা এদেটা কইন অডাা া  ঠাকুররে লইয়া যায়া বার হ ক সরজন বিশ্বর্জন দেওয়ায় জিনসর জে নাকি আনন্দ ওরার লাগি রস্তরোডের রুডে যায় তারা গাড়ি নি মার নিয়ে যায় নেওয়ার ফরে আইসা বিষয়টি
/kaggle/input/regspeech12/test/test_chittagong_0176.wav,চেকগরে বইয়া এক বড় তনো মানুষে সবসময় কিছু ন থাহে ইয়্যেনও না মাঝে মাঝে তো তাহিযা গু পার্থনাল কিছু এত চেকগলে সমস্যা নোনি িলেট গেন ঠিবিজে এরি তবে রি কিস্ছু নাই আছেইলই মুবেল আর তুন কিছু নাই কিন্তু কিছু কিছু আকিরি
/kaggle/input/regspeech12/test/test_sylhet_0372.wav,তারার লাগি যেটা বালো তারার লাগি যেটা উত্তর নেখি কেট আল্লা দিবা আর আমি যদি আমার বকনের মাে ফ্যানটা দিবায় হ সৎ পখের মাঝে থাকি তারারে যদি আমি ওই ফদটা দেখায় যায় তাইলে ইনশাল্লা তারাওেকুুনাকুনু কুতির মাঝে পড়বো
/kaggle/input/regspeech12/test/test_sylhet_0291.wav,দেখিয়া হুম বলা তখন ওইলো তোমার তা  তোমার থাতাম না তার বাড়ির মানুষের সাতে খইছে খাওয়া দাওয়া ওইতে কথা বার্তা অইছে ডেইট উট খইতো যে েএকটা ডেইট ফড়ে ফিক্স করা ওই বলে এনগেইজমেন্টটা উজ্জাগ
/kaggle/input/regspeech12/test/test_narail_0021.wav,যে বাবা আমি তইলে যাচ্ছে দনুরেরটু আনা নিয়া ওইরো জীবনের ক্ন তোর মারো করিছ না ওইজন্যি যতর মা মারি কথা তর এই মাইট সেই সুম রতেসব আইসছে ওইছে আইস এইছে ভুলোনিগুলো অনি কথা কয় এই বিকটে ম্যালা দিনাই ওই যে তুমার বড় দিদি মা কোটম আমি টমি ওইছে আইতে
/kaggle/input/regspeech12/test/test_chittagong_0086.wav,ও ইয়্যেন্নাল বুলি যেলেগু টিকনোর পরে তান লাইফ আরেনল কুম কিছু লতো ন আরে ওই আিছে তে  স্লোর খরতাম হুম এরে ওগগা পলে মাইয়া আছেল ওয়টটু তুই িন লেছলি তা বেটে খলেলা আমারি ইস্কুলোত আছিয়া বিকি মডা গরি মাইয়া গে
/kaggle/input/regspeech12/test/test_kishoreganj_0200.wav,একবারে টাম্পেত মানা এববএ ফলাবকি
/kaggle/input/regspeech12/test/test_sylhet_0523.wav,বালা ছান্ডা লাগরে মিনা ফাইলাম নাআমি খান ডানা আমিও এখবার ফরতোলাম না ঢাখাত দোখোত ওয় দেখা যায়মোর মামার বান লান গেলায্যা
/kaggle/input/regspeech12/test/test_sylhet_0322.wav,আর তারারাক পড়তাম খুব কম বাইতাম তো তাইন যখন কলেজ থিকা ফিরতা অলরেডি আমার যখন ই এনগেজমেন্ট হইতে ও এনগেজমেন্ট এবং বিয়ার মাঝামাঝি টাইমো তাইন র এমপিও আইছে হুমতাইন একটা কলেজো ঢুকছিলা কিন্তু এমপিও আইছেল এখন যেটা দাফের ওগতি
/kaggle/input/regspeech12/test/test_rangpur_0083.wav,কাম কাজে ধরন সাজানের কুন্তু আলছে ছাতির মাও যেমন চলে হেইজন কিচ্ছু ধরন ধরন খাতির আলতে আরও  কত ওতো নোয়ায় ক্তা টিতে আগের তার মাইলে বইতে ঠিটে  কতাপ মারাপ নোয়য়
/kaggle/input/regspeech12/test/test_habiganj_0011.wav,হেরা দয়তো আর এরে বিদেশ ফাঠাইবো ইতালি ফাডাইতো তে ইটা ফরে তাখবোনিা মুবাইল লাইফ খইয়া আরতি কিতা না আমি আনতাম আছলাম ই বিতকিটই াশিনা আর কি
/kaggle/input/regspeech12/test/test_sylhet_0272.wav,ওখন তু ইগু টুব ফাইবার দারে কাটলেও গেছে না ই্তো শুরু ওইছে আরেক কান্বা ভাইয়ে তো মারে টার্গেট দিলে আমি তো টার্গেট পর্যন্ত পঁছতে ফারলাম না তখন ু ভাইয়া খইলা যেক অবশ্য না ইটা তো অনেক আটটা সেমিস্টার এক সেমিস্টার গেছে পরের সেমিস্টার বালা খরলে তোমার াবালা নাগি
/kaggle/input/regspeech12/test/test_sylhet_0180.wav,শান্তি আছিকরদি নেক্সে শান্তি মাইনষে দেখ কয়াইন লইয়া খতো দুর্গতি ফরের বাড়ি গরবের ছওয়ালাগা গয়ানতগলা এখরাম আরতন খনটাম কন ওউ একটাআন্তি আমার বাইতটা গইন নতাইন রেডিও আবাবতাছেনা আমরা আমরাও তো পড়াশোনা খরি স্টুডেন্ট আমরা এখটা ছুটিবেত লেখতাম আরকি আমরা কোর্সটার লিগায় আর কিচ্ছু না অখন তো দনগার ছড়া হুয়াই না গরইয়
/kaggle/input/regspeech12/test/test_barishal_0032.wav,নেজ পাতর গাছ লাগায় না মবা গি হরো ফরাতা  জায়লা ালা া ইয়াা খালে কা জা গা তা লাগাও জুক করো ো ওনা করা তো বালা মছে তা টিদিনেলা ইকু  তো খাও লাগে ে
/kaggle/input/regspeech12/test/test_narsingdi_0090.wav,শিপ্পু না নাতুা বাড়েত কয়ডা আংরা যদি  কয়ডা স্পিকার খাওবড এই যদি কেন জিগা ছাওন বকতাছে আমার কততে অইবো কয়ডা লাগো খালি কন কডা আইগন লাগেবলাগো এক মিনিট এগুন চাং চাওন া বক্স কয়ডা একটা ওই যে ইয়ার লগে টিভির লগে কানেক্টের দাক
/kaggle/input/regspeech12/test/test_sylhet_0643.wav,ততুমি কুন স্চেজও আতো মানে কিতা কিতা কী খয় খয় গানওত লদিরায় তাকি কী লেখতো গান ফওয়াটা তুল শারমিনমো নাইখানে দেখি ইংলিশ মাহুআফনার  সিলেি সিলেটিম বাচায় মাত পায়
/kaggle/input/regspeech12/test/test_habiganj_0073.wav,আগে ই তোই জানতাম এতো ইত্তা চিখতা খারলামনে হ্যা আমরা কেরে দি আগেমানে গলাসা খইনা ওইলো না আবার গয়াড়িত বইয়া বইয়া গনাইয়া বইয়া বইয়া মাা
/kaggle/input/regspeech12/test/test_sylhet_0312.wav,খনো আমি খইতা কিতাতে  খতা নাগো মেন্দি নিলাম না না রাতলাইয়া খরছোখনি খতাতা ওয়ব বাবিরাউটিয়া খরলাম তো াা ি
/kaggle/input/regspeech12/test/test_sylhet_0317.wav,আর পিছন ফাছিল টিং পাঁচকালা ভিড্ডি ইওনি ছবিগলাাা না পরে তাইন ভাষা বেছোইন ফরে হুটটেলো যে আমার তার কাপ আছিল ফছিন আছিল রানফরয়া আছিল টাল
/kaggle/input/regspeech12/test/test_sylhet_0619.wav,সারিনে মারে কল দিছে দিয়া খইছে আমার ছাচা মারা গইছে আমি খইরে বলুন খাচা খইলো না খাছি তছিআয়কি অনেকদিন তাককি হুনিয়া কেনছা ওইছয়ও মারা যাওয়ার পরার দিন তারা আবার গেছোয় রাত্রে আইরা একটার সময় আরগুলা কুন একটা খাজের মেয়ে নানি ফানি দিলাই তারা বাড়িও একটু গেছিলে না তারার বাড়িত ফেড়ে দিয়া যায় উঠালান খায় ফানি ছাড়িত্তা খাওয় মা
/kaggle/input/regspeech12/test/test_narsingdi_0099.wav,যাগা সুন্দর  বই লইয়া ভাবা যায় আবাদের ভাইগুলো বিয়ের হয়ে গেে তুই করছ নাগির আমি অনে সময় আছে বকসো তেকি একতুস্তি
/kaggle/input/regspeech12/test/test_sylhet_0340.wav,এরে লইয়া অখন রিটেন্ ফরীক্কা দিতাম প্যাটার্ট ভিত্রে থাখলে তো এরেক শান্তি অখন বাইর ওই যে অখন তুই আনা জানানি লাগে অখন বাদে ই ফ্রথম বিসিএসতওইতে কিতা সকালেও ফরীক্কা বিকালে ফরীক্কা বুঝ্ছো  দশটা থিকি একটা আবার দুইটা থিকাই ফাতটা
/kaggle/input/regspeech12/test/test_narail_0051.wav,তোর বাবা আরো তোর কাগরে ডাল দিলাম তোর বাবা এক ফকরবার ওহনে জাগা মাফ হইছিল তোর বাবা জানে যে সব জাগা ওগে তোর বাবা আইছের লাতুই রইছেলো কয়ক্কান আমাগে যা খুমায় নাই তারপরে দ হ খুটোপুতি সেই সময় এড়াত ছাড়িয়ে ফুতিছিলাম অহনে মিনরে কইছিলাম যে তারা যত্কোন আজির নাই
/kaggle/input/regspeech12/test/test_narail_0097.wav,ও তাডি শুনবা না এ বল ুত না মাে হুজারন তো দেহা গেলো ওলে ওন তরোর কতা কয়
/kaggle/input/regspeech12/test/test_barishal_0059.wav,কিিভাবে এনা দি করা না আমনে হনেন বোঝেন আমি কিন্তু আমারে দ্যাহেন এরম বেলেডের দুইদারে ধার্নাম ওর ওইরম দুইদিক চলে নোর একদিক চলে না মোর কাডবে ধনেডি এমন দিন গেছে
/kaggle/input/regspeech12/test/test_barishal_0067.wav,এ একটার সময় মায়ে উটি চা বানাই দিতে হেইয়ে খাইয়ে ঘুমাইছি আর এই যে এহন লোক কি এনছিন ওরে সরসতি পাশে থুইয়া ফুজা দেওয়া লাগে ওগো পায় এহনকর যুগের বউবো পরে যদি দশটার সময় কইনে যেন হেয় এট্টু চা বানা ভাল্লাগে না ত এহন আর চা গেলা লাগবে না ভাত খাইয়ে ঘুমাও
/kaggle/input/regspeech12/test/test_narsingdi_0084.wav,গুমামু এডা এইডা খুব খারাপ একটা জিনিস একটা পোস্ট খরছিলাম ফেসবুকে যদিও খারাপ লাগে যা মাইনসের অন্যান্য দিন নব ফয় এইরা হেইডা যেডি খারাপই মেইনলি অনেকে দরে আরকি তে এডি লইয়া কতো প্ল্যান থায়ে ইদ লইয়া কুনো প্লযান অর আমি
/kaggle/input/regspeech12/test/test_habiganj_0085.wav,আর তোমরা খবাইগুইন আমরা দুই বইন তিন বাই আমি বড়ো আর এরা কিতা খরে নাও লেখাফড়া খরে আর আমার ভাই টোকনিক্াল ফরে আমার বইন অইলো গিয়া নাইনোএবারে মেপটিক দিবো নাহিবারে টেনা ফড়ে
/kaggle/input/regspeech12/test/test_narsingdi_0046.wav,সাবাইতা কি আর  মুরে এট্তা ছের ঠিক করা যদা  আ ম কলাও কি্দা কিরে
/kaggle/input/regspeech12/test/test_barishal_0053.wav,আগে নয়তে না ক  দুই ছোলাস মো গরো ঘোরকের পতি মোগ ঘরে দুইজন পুরুার ত্যারে কোমর কুমায় দেয় মম এহন হোনে এহন এহন আসল কাতায় আহি সাড়ে চাইর হাজার টাহা কুইডো কিনছিস মাত্র ছাড়ে চাইর হাজার টাহা মুই তিন দিন খাড়ছি তিন দিনই মনে করেন মু থয় বদলার কাম করতি একলা
/kaggle/input/regspeech12/test/test_sylhet_0122.wav,াক না না দিওগো হায়া দো আই পরা আরটা কোনু দে একবাবে কুনাই ফড়ে আইচ্ছা আর খেলো সম হিরা খয়দে আবার তোরো যাই খেলার দেয়গি ভাওয়া যায়গি বাগডা কুনা আইয়া যায়গি খালাত
/kaggle/input/regspeech12/test/test_barishal_0086.wav,লতিন মাইনস একটা নি যত বছ থাইক্কা কাম করছি পিটাল বাগান খেলতে  বক লা হততে ভাইরে নিএক তা হা বা দযভাঙ্গে নে এ  বিে করা লা  ওপর ওডলে উপারে উডলে নিতে যে থাকপে ওয়ার পর অনেক কিছু ভালো বন্দু ডিফেন্ট ধরে ও ওই তে এত্তো কুয়লামাইটে লাই ও একগিট টাকয় মসের কাছে থাকায় কো তামানস
/kaggle/input/regspeech12/test/test_narsingdi_0126.wav,হঠাৎ ফড়া অইয়া গেলো গাজ কাড়দে ভালোই লাগনা এইলে কি প্রেগনেন্স তাড়া নাই প্রেগেন্স কেরা থাকবো মস্পেশলিউটিতে পরেগেন্স নশা নাড়া এডা এই জাড়োর মদ্যে অনেক  টা হনান হরে এসেলিয়া যাইমো ঠা গাড়ির বাড়ি
/kaggle/input/regspeech12/test/test_rangpur_0113.wav,এইযে কফি আর হইলো কলি হুম এই দুইটাম ওতার কফি আর কলি লি পলি কলি কলি নাম হ কলি না কলি কলি হুম
/kaggle/input/regspeech12/test/test_barishal_0046.wav,সংসারিও কর না খায়া আমি মনে করেন এই যে যু গাচেরকাম করি মোর এট্টু মোন থায় না জিরাইতে মেরিটনডও পাট হইয়া যায় পোর্তেকদিন মোর ওতুধ খাওয়া লাগে ব্যাথার ট্টু গাবেতার খাইয়া খাইয়া এতো কষ্ট কইরা সংসার করিা খাামু খেনতাম ও ছক করমু ইকটুউনরিস বিষয় অইলে মনে করেন হেই সময়ের
/kaggle/input/regspeech12/test/test_narail_0062.wav,পুকুন পারের রই পারের বিটেকা গেতেলো কি দুবো ওই যে এইট্টু পুগে ছেলো ওয় গ্যাত বাগান ভরা ফিরে প্যদবোগান ছেলো নাই হয় ব্যার দো এখন ভরাকুনা তাই কাটি লায় তোর বাবা মনে কুমি লাগালো আর মুল্লা জালো এ পুকুর রেই বেড়ে না ওই বাড়ে
/kaggle/input/regspeech12/test/test_chittagong_0101.wav,আর ইংলিশিত কাটিরিযি লাম এইবারে এতলা স ইবো এ প্লাস ফুর দূরেত য়াও ন আইয়ি এমাে সাইয়েরে বই থাইক্কি ত আমি আঁই ও ভাইয়া অইলেক করামু ফাব্বিলা তু আঁই খিয়াল দিছি এতো আর মনে অর যে একটা ইংলিশের মতে খনো  ভুল লইয়া টিয়া অইয়্যি
/kaggle/input/regspeech12/test/test_barishal_0056.wav,এরপরও হেদ নগর একজন আর আবার এট্টা টযামা কিনছি এক হাজার টাহা নিয়ে দিয়ে থুইছি অর াআর মোর ছয়ডা ডি হইছে এক হাজার টাার কুডায় তার মোর লোকখান আছে এডা তালে হি বুঝিস যে ঘরু তিকলে পারলাম না পারলে বেচতে দিলে মোট এট টাকা দিয়ে নিতে অইবে যেনওক সংসারি করলেই কষ্ট করতে অইবো বহের একজন আর পার ঢান্না দিয়ে থুইলে জীবনে সংসারে উন্নতিকে কিছে এটায়া লাগবে না
/kaggle/input/regspeech12/test/test_sylhet_0086.wav,আমি আমি কই লইয়া বই আরাম  আচ্ছা মানে আিকল ব ব ি  বুলা  ক ন অনেএকাডেমিক বই নি না আমার বই অবে ফরি অনেক একাডেমিক কলেজের বই া কন রব ফছন্তো বেশি ান ইকোনোমিক ইকোনোমিক ইকোনোমিক্স খানে কছিং আমার ইকনোমিক শুনিব তোমরা আমি জানিলাম আরা যে ফড়তে ফতম বেশি বুজি গলে তা া ওইন লাগলা তে হেগুলা আমার একটা আমার একটা একটু বুজায় দিলে আমি বুঝি নায় আমার আরে ক ইন্লে বুঝানি নামি আর তোমার এইবে তো লাগে না ফড়াশোনা খরতে বাল্লাগে না বাল্লাগে
/kaggle/input/regspeech12/test/test_sylhet_0028.wav,সবাইর খাছে তাদা নিয়ে পুজা টা খরার ই আমাদের মন্ত্রণালাত তাকা যেমমন্ত্রাতিকু যাওয়া অয় ওটা বুচ্ছো তা মিলিইয়া উঠিা ম বড় বড়ো ইয়োসবাই টাখা দে মানে  ফুজা খরতো অনেক টাখা লাগিতো এ অনেকটা গায়ককভাবে  সময় সবাই টাখা দেয় ত খুঁজা খরো লঞ্চটরমি খুজা
/kaggle/input/regspeech12/test/test_sylhet_0201.wav,আ গুমাই গিলে যখন কড়তে বালা লাগতো না আমার আমমার এমনে প্রাতিষ্ঠানিক টিক্ষা নায় আর কিন্তু ফড়ার ফিদনে আতাইনোর অবদান লাগতে তাইন খইতা ও খুদ খডিলাও আর একটু খরিলাও আরেখটু খরিলাও ই স্কুলটা ফাট খরললা র খইতাম না খরার খতা
/kaggle/input/regspeech12/test/test_sylhet_0681.wav,কেমন ডব ফাইবার কি না ফড়ালেখটি অখন তো আর বয়সো তেমন নাই এ রা তাখরিসংা খরিয়া ফড়া লেখা খা ই
/kaggle/input/regspeech12/test/test_habiganj_0045.wav,না গাছ লাগানি আমারও বালোই লাগে ত গাছ লাগানির লাইগগা বখ খাইত না কিন্তু আমি টা খরমু গাত তো আমার আতে ওয়ওই না কুনু গাতওই ওয় না গাত লাগাইলে ওই ইটা বালা খইরা অয় না খয়দিন দেখা যায় কটু বড় ওয় ফড়ই আবার ায় ওইয়া যায়গা আমার ত্তে গাত ওতো ওয় না
/kaggle/input/regspeech12/test/test_narail_0026.wav,হ তো যে ছেলে মেলার খেলার মাট নেয় আমার এইটেকম দাম কতি যাবো আর ওই বযরগার তোক ওই দার দো ওগে বিটে সবাপতি আনে ওই নাইরতিল গাচপাযে ওইবে ওই পর্যন্ত এরে পুর কাদা হইছো ওগগে যাগ টে  আর হয় তোই মাটে
/kaggle/input/regspeech12/test/test_barishal_0080.wav,তন ময় সং হ্যা জীবন আলদা হুবোকত
/kaggle/input/regspeech12/test/test_sylhet_0512.wav,কিন্তু বাসপাটা কিন্তু সুন্দর আ খুলাইলাম ছামটে নিরাইতেরে বামে নিরাইত্রেই বাসাত তাখতে ফারতাম না আমি মারিগির লগে ব্োজসফ খরতাম ওর ওকাও
/kaggle/input/regspeech12/test/test_sylhet_0063.wav,মানে কী লাইফেন্নি না কলেজ যেকোনো  বান্দবী  ব রাা ইটা কতা মন ওইনা এরেক সাতে বা এখন খায় খতা মমন া  অনে কর বুল এবারো ব্যাটফ্যান্ডগেয়া কতা বনা তাইডে লইয়া একটা কি ম বগি হয়া গেইছি বর কলদা কয়েকটা পেকফিল মাছে বেয়া ইটা না ইলো তা
/kaggle/input/regspeech12/test/test_narail_0042.wav,ুগরো থেকে বাড়ির বাগানের ভিতরে ওনি কোনো জমি খেলো নেই তো শুনিছিলাম যে  বিটের সাথে বলে ওই বড় বাড়ে এগু ভিটের সাতে তোগে বলে কন এট্টু পাকো হ ওহনি বললে এট্টু জাগা আতে নাকি ওই যে ইয়ে বাগানের ভিতরে হওনি জাগার কাহিনি জানোক  দখন ভাই আমি তো জীবনে যাহি যাানা  অনি কাম বাড় রেখেনা হইজ জাগার কাহিনী ছোন
/kaggle/input/regspeech12/test/test_tangail_0090.wav,ছবি সুবিতে দেখা যায় যে রানী মুখার্জি থাকে সে একটা কাল্পনিক শহরে থাকে ওই জাতার এক প্রোস্ট ইটিওট আরকি কিন্তু ওই শহর একদিন রনবীর কাপর আছে রনবির কাপুর আহে ওই সিনেমা যাওয়ার নাম থাকে রাজ
/kaggle/input/regspeech12/test/test_sylhet_0167.wav,হ তা মা মাইন্ড গাড়িয়া পিছনেনি ওতা আটার মাে বালো লাগছে মানে বম একটা যাইতোগা
/kaggle/input/regspeech12/test/test_kishoreganj_0198.wav,
/kaggle/input/regspeech12/test/test_rangpur_0086.wav,নাতলে ওনা এপটা  এডা ওইযেককতম রমজানদরা দেখছে ছেসে রমজান বাদু তো মইসে  ি হইছে বাত একটা ফোটা আনেক এ প্রথম রমজান শুক্রবার ম বাপের রমজান আছে না এটা হইলো শুক্রবার  পেলেসল বলে কয়া গেইছিযে পতম রমজান শুক্রবার হবে মাজের রমজানটা শুক্রবার হবে ষোলোাক ছে না ষোলো তারিকও ওে শুক্রবার ক্রবার তব পোটায় আছে হন ওই পোটাছ ওইযেটাখাডা িব
/kaggle/input/regspeech12/test/test_sylhet_0135.wav,কেরানি তুড়ানি দেই না আমরা তো তুইলেট কেউ নাই তা তুই একটু যন কেউ নাই ছান ঘরোর মাটেই খাটে ুম ঘরের মাঝে কুনু যেগ্ড জাগা নাই এমনেই বৃষ্টি দিকেও গুরা গুরি অয় না গিনা ঘুরাঘুরি ওয় না ওই গেলে দরো বছরে ইযের ফরে গেলে বাইত যাই
/kaggle/input/regspeech12/test/test_rangpur_0108.wav,হ্যা হযা ঘাস টাস নিয়া যায়া দেইস না তো মুই বাখ বার কয়দিন যে দেখলু পাতা ঘুড়াইলু পাতা খুড়ি টুরি নিজুক খিলাম কা
/kaggle/input/regspeech12/test/test_sylhet_0361.wav,ইখতাকুনিার একটা ব্যাহেজ বাট ইনোর মধ্যে যদি তুমি হেপিনেস তা রাখতে ছাও ইখানো সাইন দেওয়া লাগ আট ইদ টিচিং প্রকেট সংস ছাড়া আকলরগ তুমি আমি ইতাম যারংকারো টাইম দিতায় খরতে আচ্যে ইদিকেও টাইম দেওয়া হিদিকেও
/kaggle/input/regspeech12/test/test_sylhet_0132.wav,বরতমান নিউরানি ওইছোনানি নামি ফুড়া লি না পুড়ান না ফুড়াইছোইন না টেখা টেহা দগু ইদও দিবোও বোনে ইতা খইছে না যাইতা খইছোনা আগের মায় তালগো ঠিকও ফাইলাম নে আগে মাইে তারে আবার দিলো নাই দর আমরা া মায় তাকরে দিলিয়া একদিন আরা দিয়া একপে দুই প্র
/kaggle/input/regspeech12/test/test_rangpur_0087.wav,কিতাা কেমন আফিস আাসনদুল্লিলিল্লাহ ভালো এতো এহনা গল্পগুতব করিম মোবাইলত রেকর্ড করিম সমস্যা হইবে ক্যা এহনা করিম আর কি গল্প গুজতব করমো আলাপ আলোচনা করমো আরি
/kaggle/input/regspeech12/test/test_rangpur_0063.wav,খাই তে খং আল্লাহর কর্তে আরো নাককাতা কলা হাকী পড়বে নে কেমন আল্লা যানি ইমন আমানিজনি মিথ্যু চড়ায় সাইটি আল্লাহর কি
/kaggle/input/regspeech12/test/test_sylhet_0226.wav,পড়ার একটা টেনশন খবায় না গো মানে আমমার লগে নাই বাইবইন লগে নাই খেউ নাই নতুনএক জায়গা সব মিলাইয়া মানে খান্দি মনে মনে খান্দি আদইবায় কড়ি আমার তো করাওরেজাল্টটো বালা করা লাগবো
/kaggle/input/regspeech12/test/test_sylhet_0714.wav,নিা তাখা ওক্টা বিডা কেমুন বিদা বালা আছি গেসটিল দেওয়া আছেনি নাকিতাাগগুর গ্যাস আছিল না হুনাইত
/kaggle/input/regspeech12/test/test_habiganj_0038.wav,আমার এক বইনে আছিলো আমার বইনে কী করতো এটা একান্ন বুটি ফরিবার এদিক্কা বালো খইরা রান্না করতে পার্থটিকা ফরে সবাই প্রশংসা খরতো পরে দেখা যায় নিজের উপর বল ঝামেলা আইয়া ফুইররে তো এরফরে কিতা খরছে একদিন রএরফর তিকা তরকারিতে ভিটিবিস জুল দিয়া রাখতো দেতে বিি মজা না লাগে
/kaggle/input/regspeech12/test/test_sylhet_0428.wav,রে না ফরেখদিন ফারোইনআরেওজন মানুষ থিরি য় মায়ডাম বার বাছলাম আশার বাড়ি মানুষছে ছিন্তা খমবে না ম্যডায়ামান রিরিওপার হচ্ছে প্রাথির উপরে দুয়া খরোর তোবে আরবাা তাইলে তো আর বিছোই এখনো পারোজন ওইছে গাদিন মিয়ায় তায়া টাখারা ইিই ছন দি ইগ্লাগুরা খদো বড় উার চ্ছে নাগবে
/kaggle/input/regspeech12/test/test_sandwip_0041.wav,না মরছিদ ফিফিন আআই কাইলগালগ কই আমাত দিবাইনআইজ্জা হইলা ভাত লই যাইনু
/kaggle/input/regspeech12/test/test_sylhet_0566.wav,খড়ায় নাথিউরি বেকটি থিউরি দিয়া দেই থিউর ওয় কিতা সব ফড়া ম্যাচ ফড়া লাই ফড়া নাগে আর একবাটাপর থিউর মফুরাআঙগা গুড়াইতো ম্যাত আর থার্ড ইয়ার তো কুনু নন ম্যাচে ভিব নাই
/kaggle/input/regspeech12/test/test_rangpur_0045.wav,বের যে এহন ক টিসচত ফড়র চন্তা করো  ইতা নি কোরবানি তাকনু তুন তো তেবের পাই বারি
/kaggle/input/regspeech12/test/test_sylhet_0579.wav,াকয়েক মাসটু ফোনই আছে নান ছা খাতি বেশি ায় ি কতা খয় পরেতে আবার কই না বাটেন্স ছাড়া মানেনেকে লাগবো নেকে ব্লযবটা ইলাইতা আমার
/kaggle/input/regspeech12/test/test_rangpur_0032.wav,গেছল দাও দেআলনা ওটা দ তাই তালায় খালাইছে   াদে খাওয়া যায় তেরপায় না কেমন করিয়া ওমরা গোসতুই আর আটা এক খাইন করে সা ারি আনে এর বো দুখে নো যায়ি একখানো যায়ী হাডডি যরে গা কথা কা দা
/kaggle/input/regspeech12/test/test_sylhet_0458.wav,খন বুচ্ছেনু আমার ওই ফইন বু তো তাইন া দিানায় আমার তো তুএকবা কুটো এরফরে আরকুম
/kaggle/input/regspeech12/test/test_rangpur_0106.wav,চার পদে খাজাও তো আইসে আমার এক নয়ায় খাজাইত খাজা আইসে খাইলে ওই বক্কর বাদে সবাই আইতে
/kaggle/input/regspeech12/test/test_narail_0070.wav,া ভালো না মসা খাতে বাইতে গেছে তো সমি সটা ছালের সাথে এহনসাতে া বিছি বাড়ি বাদাও তো ম্যালা তুনগি ভাদি েছ রি যে জমি ও জমি ও ঠাউডির ম্লা জমি কেউ ঠাহড়ি ওউ জমিও তো ঠাউড় খাইতে হতি পারবে না
/kaggle/input/regspeech12/test/test_kishoreganj_0114.wav,আবার এই যে পত্তঙ্গ পরকি পানি  দিল আবার ফাকিরা কেলা কা ইগল ফাকিরা কেলাকা ইগর হ্যা ইগর হ্যা কিদ পতঙ্গ কেলা কা ফাকি কিদ পতঙ্গরে খা পাত হ্যা খর গুচ্ছে খায়া কালা বাকি খ গুছে খায়া কালা বাখি খউ গু্ছে খায়া বাকা আর সাফে খায়া কালা ইগল ফাকিতে া এনন লেকা
/kaggle/input/regspeech12/test/test_narail_0081.wav,ইডা যে ক্যান এর তো শুদ্ধ হইয়া গলো হঠাৎ ছিলে ওইতো নিয়ে কোস দিয়েই বার তলেতালি তোর তোর সাথে কথা কতাম না ওইছে  শেষ না না
/kaggle/input/regspeech12/test/test_sylhet_0078.wav,আ তুমি কি তো জানি খরলায়  কলা খা ে    ফারে  গা না মার সেতো তাততে ছুটুকাল তাইকা আমা ফুরিছরে দেখলো আমার যেই বাল্লাগে তাই ওইতে ফারবো আসলে দেখতে অলাই লাগে না জ একটা ভাব আছে ডিফরেন্সে আা াকা আমারে এক বিশটা আসবা আমি ধরে ল লা া দিতাা এখন যমনেঙ্গিয়া কিতা খরলায় না লাখা খন্তো গিয়া
/kaggle/input/regspeech12/test/test_sylhet_0388.wav,এমপি গিোন দু জাগেইতাছে নানি ও একি শুতকা বাবছে দ্যড় বাড়া তা খরলাম না আর কিতা বার কবিতে ফারোনি
/kaggle/input/regspeech12/test/test_sylhet_0310.wav,এতোকনোগ প্রিপারেশশন লাগতো না বিয়া আমরা ওউ ফরগ্বেবস্থা আমরা খরবো আফনারা টাইলটন আফনারা খালি যাইবার ইয়া ফাইবার আর ট্রাভিন ওই যাবো ওউ বিয়া
/kaggle/input/regspeech12/test/test_sylhet_0585.wav,এনারারে আমি দেখছি এরা যারা নাইনটেইন ফর্যন্ত এ একটুবেচিগাফেল থাখে বা ইগুলা মানে পড়া লেখা দুর দুর থাখলে এরা যেসময় একটা টাইমে গিয়া একটা থাক্কা খায় বা বুঝতে এরা ুটা খরতে ফারে এরা বেয়াক কিতা খরতো ফাটায় ঘুইরা দাঁড়াইতো ফারে খুব অয় ও ওজ্জ স্যারে তো আর খয়ন টা খাল খেলা
/kaggle/input/regspeech12/test/test_sylhet_0401.wav,াইরটাকিবডে মারা গেছে তারা তরা ফরে ঠুক তো তাখে নাকদে খ য় রম লাগে নি সেদকে যেি বেগরম লাগে খতদি একটা বাকি এইছে আমার লাগে  খারাপবহ
/kaggle/input/regspeech12/test/test_sylhet_0209.wav,বাবিএসএসসি ফাসেশে ফড়া শুনা আা ইন থাখতো নায় আরকটা নতুন লাইফ টুরু ওইবো ইটা দরো দুই আজারের আগের খুতা খই নাম আমি তখন দুই আজার খেলো ক্লাস নাইওো খরি
/kaggle/input/regspeech12/test/test_narsingdi_0071.wav,ইস্কুলো ফয়ে থাকতো কতনে ভার্সিটিত দিয়া টিচারে দেখন তয় না মোবাইল বাইফ রো ইরা  যাও ফইরা দেও তহন মনে লাইফ থিরিত্তে মোবাইল বাড কলে যদি রটিা ল কলেজ লাইফ ফাইবুন ফাইতিল আল্লা ইতার লেহাফড়া কেমন চলে যাই
/kaggle/input/regspeech12/test/test_sylhet_0228.wav,বড় খরের বাদে তু জিকা কিতা বা রাস্তায় গুরে বড় খররায় দেকি তোমরা কুনু প্ল্যান আছেনি ওয় ওবার বইন বিয়া দিমু গেইটউইট বান্দা লাগবো রাস্তা বড়ো না অইলে গেইট বানমু কিলা অবায় জামাই আইবো গাডি আইবো অতা আইবো খতা আইবো তার মানে আমি ধরি লিখি যে তারা দিয়াইবো আমরে ভিয়া অলরেডি
/kaggle/input/regspeech12/test/test_chittagong_0125.wav,এন্নে ওগগো ফ্যামিলি ফড়গি তিনজন মামে ফোবা  তিনো জনে মিলিয়া রাইন্দে আফুফিওদো সের জন্যনে ে্তর খতা খয়তা খয়ডা দিক গে  আচ্ছাহতক কন ুকি টেগ লম্বা কই
/kaggle/input/regspeech12/test/test_sylhet_0730.wav,বাকি নান বাফে তুমি জাইল াতো বা বাব পও থা খয় দিন জনা লাগে আপারা দাখ া খাইয়া জমা ইরা দিখলা য় বা শি আরবি
/kaggle/input/regspeech12/test/test_narail_0024.wav,মামি আপিনা আমি দেহইছি নাম বউয়া  যেসুময় আইছে যই সুময় বরডা আইছে তামলি আইছে তামুলির মা কামলির বাবা ওই টফন একটা বিষ খাইয়া যে মরিছে কোনরা
/kaggle/input/regspeech12/test/test_chittagong_0074.wav,ইয়ন্তো লরবো কিন্তু সজে্ট টুন বেকশু দা্তা এইখখানে বেশি নয়ান লাইগবে না হ ই নিবি ি লেহা পড়ার মতা ব  আরে দুনোজন না ইলি আরে দুনললে বেশি তসতে ম্দে কতে ইছা বুইছেন আঁরা মনে খতা খই চাই উ মায়াকে
/kaggle/input/regspeech12/test/test_tangail_0055.wav,বাট হোয়ার্ট হার্টস মোস্ট ইজ নট টেকিং এমুমেন্ট টু সেকুড বায় মানে আমার আমি মআমার আমার ে হয় যে আমার জীবনটাই একটা বিধায় দেওয়ার একটা
/kaggle/input/regspeech12/test/test_sylhet_0674.wav,চাখরি করে তইমরা কিতা টাখন যাইবা আন্টি খয় তুই কি য়লা লদন
/kaggle/input/regspeech12/test/test_sylhet_0609.wav,ত দেখতি দেবি  কিতা কিতা  খইলাম ফন খইলোতে ইতায় কিতা খরিয়ারি কুততা তারোর লগে কিতা বুলেই জামেলা ওইয়া খতাইনাক খই মনে ওইযে সব কিন তুয়ার খতা মন্ছে আদলোর খতা
/kaggle/input/regspeech12/test/test_sandwip_0053.wav,আতো আফার আগগেরে ভুইরা আংগুলি বইয়া যাই টানও তো ইয়াসে না ঈদেরও কইলো এগেরে কোদাল খোদাল উডিলে তি্লে বলে কও লাম
/kaggle/input/regspeech12/test/test_sandwip_0119.wav,আর কোয়া আপার লেখা খালি তাই এখ ল্লা ফ নহসুল করে না করা চ য়া া গুল্লা খওয়ার সোন্দর আসাওন ফাল্লা খ হোলানিলাখসন্দোলাইন যা হিতের খান তো আঁইল দেখি নাও
/kaggle/input/regspeech12/test/test_sylhet_0449.wav,গেলে তো বাজারো দূরে উযায় আখার বাজার ফরতো গলাগি রাইখতা খখাত য়া দাকি আাটা ননো বজার ট খআরবেটিভাগ আরো বাজার
/kaggle/input/regspeech12/test/test_tangail_0111.wav,তা আমার যেডা মনে ওইতাছে যে ইটা একটা চফ্ড় ফুরে বুঝতে ফারছিস না আমি আবার আরেকটা কতা খরলাম ওইখানে নাকি ওরা বিল্ডিং খরতেতইফিি বঙ্গবাজের টরায়া হে ইটাদিডিপার্পরেকনকি ফ্যেকটা বত তো ওইটা হইলো ওরা বিল্ডিং কইরা বড় মার্কেট বানাইতে তেইলো কিন্তু এতে ব্যবসায়ীদের অনেক সম্যা খইতো
/kaggle/input/regspeech12/test/test_sylhet_0267.wav,ক দোকান তিকি চালটাখতোইটা দুই হাজার চারএর টেক পাচে চাড়ু ওলা অবস্থা তো ভিত্তির দি আমার ভাইে ফোন দিছোইন দোকানো দোকান থিকি আমরা বাড়িত খবর গেছে লগ ওলা আমারে লইয়া যাইতা কিন্তু হে যে আমারে লইয়া আইতো বাড়ার টেকা নাই হে আইতো লগে ইতা করতে ফরতে আমা প্রতম ক্লাসোর দিন আমি আইতি না আমি ইদিন সারাদিন খানজি
/kaggle/input/regspeech12/test/test_narsingdi_0127.wav,গগইন প্রাইভেট কার শান্তি ফাওয়া যায় না যে এই মশা প্রাইভেট কারও কইরা তরা মরশা লইয়াইতো হ মশাছা বারয়া ক আইলা যাদুক ফরলাম দগাডা চিননা পিনায় বাটে না মশায়ও ইয়াতে গাড়িটা টুর যাইবু বড় অইলা পে মারটা
/kaggle/input/regspeech12/test/test_sylhet_0694.wav,নন দি বাদুম আরো মাখতে ফারবানি তাইনরে যিগান টাইম দিতে ফারবান তাদো তো বালা মাতো  আগের দিন নিয় খন আগে কিলান
/kaggle/input/regspeech12/test/test_sylhet_0229.wav,আরও করতাম বাদের বাক্কা কিতো ফ্যামিলি থাকা র কড়াইবো নিয়া হুম বিয়া অই গেলেও করা বন্ধ অইতো না মেয়ে পড়তে চাইলে কড়াইবো তারা কতা বাদে
/kaggle/input/regspeech12/test/test_sylhet_0630.wav,যে পিকনিকোর খয়দিন আগি আমি তো খইয়া পিকনিকো দেখোই দেখু নি আগানছেনিআমি দেখতেছি মতিনি ত আমি তা ইযমগতো পিকনিকো  এখবার এ আছি কন ওই গেছে আর ইবার আর দেওচ্ছি আর আরো সুন্দর ওইছে
/kaggle/input/regspeech12/test/test_kishoreganj_0089.wav,সবসময় আর আমরা কি ক কি কইরবো হুম কি কইবো আ ফাত নি নেয় না নাসাতা দেয় না হ্যা তপ ন বাঞ্জাইবের লাই রব পাকিতা
/kaggle/input/regspeech12/test/test_sandwip_0021.wav,স ইন্দি  দি নাতিনেরে দি আইছি ইন্দি দরা আন্লা বলে একদি আঙগে েকাআই আ তুম লা ডি আমাই তুমিকম হুনো া এরে ভরা ঠাওর হয় না হুতাউদি জ্বালাইচ্ছা যা উঠি যা আঙ্গা খাইতজান দিছের তো অনবা ন মবা ফিলাত াতরে
/kaggle/input/regspeech12/test/test_sylhet_0060.wav,র কিলা সংসার ফলেন এখন তো আমরা দোইলা বারবানন্দরালেমজা মজা ো ফা মজা অনযে কিতা খরাত গেতলা আফনারা দুতা
/kaggle/input/regspeech12/test/test_sylhet_0141.wav,আননেনা এইযে ফুড়ি পাঙ্গা বই বা ডিা থারা ইয়ে মাত খাই সুজ  ওডাা ব
/kaggle/input/regspeech12/test/test_narsingdi_0120.wav,না হেই গান ভাইট খালতা বর তু ম লাইতিলাছ া দুরে কায়া ফইরে নো কছাগা লাল অইলাছি তো এ হচ্ছে তু কফি যাগ খাওয়াইয় ফারে দিচ্ছি কফি কহন যলে ফিরা এরা আমার দোষ না এইডা কপি ডরনামুনন মায় তো পছন্দ কর  তু উটি তো করম দেছ কিলিগি আমি ধরে কইছিলাম না আমার হাপ খান্না ফানি মিরায়  ে কেরে খান্না ফনি মবান  আমি মিরায় ফাই া আমি তর মত ইয়যানে লেজেন্ট নার লেগেন্ট
/kaggle/input/regspeech12/test/test_kishoreganj_0049.wav,কুইট্টা দেমনে তারে হয়া গে দছা ু আমি ঠাগি দিমমিকি ছাগে নি মেক টার বেডা ছারে দিবো আমারে খাদি তোইম না
/kaggle/input/regspeech12/test/test_habiganj_0084.wav,আরেক কাগার অইলো গিয়া তিন মেয়ে তো তাইনরেরে ন খরি বিয়া ওই িয়া আর তিন বাই একজনে পালেখা খরোইন আর দুএজনে ছাকতে খরোইন আরেকজনে ব্যবসা খর
/kaggle/input/regspeech12/test/test_narsingdi_0056.wav,হুম টেনি প্লেয়ার গমোতো  ফর তো এমনা টেনিস কয় খের এই ব্যাডমিন্টনে প্রায়জ লইয়াইছিছেরি হ্যা ব্যাডমিন্টন খেলয় তো টিচার খর্যন্ত খাফাইলে তো আর ফ দেয়া তামা ইয়া মর না থেরা নে রিগ্লেট করে  দুমি তো আবার চাকরি খাইয়লেডি
/kaggle/input/regspeech12/test/test_sylhet_0353.wav,সে তোমারে আমরা পাটাইনা তো ছোবোয় এখটা প্রমোশন ওইছে ব্যাডাম ইবা সিডিওর ব্যাডাম একজন প্রমোশন ওইছে এমপিতো খুব ফাকা ওইছে আর কেমনে যমনে যনি অধিনয়মিদেকি আবার দিতি যা আমার লগে লগে ইদিকে ম্যাডামের প্রমোশলিতো হিদিকে আমার গুষ্টিন ওইয় গেছে আমার কুনু খরতদেও লাগতে না কুনু টেখা পয়সা লাগসে না মানে
/kaggle/input/regspeech12/test/test_narsingdi_0024.wav,তাইলে অন্য আরেকজনরে টানবে এমনেইতো চোখ একটা ভালো টিম বানাইতে হইলে তো সবাইরে জাজাই বাজা কইরা দেখা লাগে এই গামন গুঞ্জায়ে ভালো খলতাছছে আর সবচেয়ে বড় সমস্যা লাম ও দেশের সিলেক্টরগুলা ওরা যদি ভালো প্লেয়ার
/kaggle/input/regspeech12/test/test_sylhet_0530.wav,জাউল ওযেড্রিমল্যান্ডোর যে স্কাইটরেন আছেন এড ব্রেন্টার ওয়ারল্ডো ও তালানতি  ওত্তোটাও হিলাব বুতায়  তাওত নিছে দি না আমরা ওই সময় গুরা ইছে দে
/kaggle/input/regspeech12/test/test_narsingdi_0098.wav,কুপপি যা দেয় খাবার গুলি হেক দেনন যা কুপে ফানারে লাইগা এবো  কুপি কী দিবো এবা মারা তুমি মনে মনতে বারা কর্তাক দরকার দেয় নারে না দিছে দেয় বাগে খাই অবে বুচছনটি মা  র
/kaggle/input/regspeech12/test/test_tangail_0108.wav,হ্যা একদম খালি ওইে াকী জানি সকালে হচ্ছে সকালের দিকে ছয়টার দিকে আগন লাগছে ইখানে তো টা ভাগ্য ভালো যে হচ্ছে মানুষ কুনু মানুষ মারা যায় না া আমি মারা গেছে আমি মানুষ ম লি কইতু একটা ছেলে হইলো দোকানে নাকি কা্মারি হক খর্মচারি ছিলোক
/kaggle/input/regspeech12/test/test_sylhet_0552.wav,খম নাই হুআর যারাও রাখ যারও ফ্রি টাইম খয় কিরম রাখ যে খয়টান্ ফড়াইগো  তো বালো লাগছে আারার ইয়িনোর পরিবেশে বালা প্লাস টাইমও যাইতো বালা
/kaggle/input/regspeech12/test/test_sylhet_0554.wav,ইইতো দেই নু ওতা শিফট আরকি খয়দিন খালিকিতা খ রিডিং প্যাসেজোর বাংলা ট মিম বুতাইয়া যায় ওতা ক্লা ওও যা খয়দিন আর এক্সামডিউটি  তারবা পেবারউপার্টদ  আর এরফরে
/kaggle/input/regspeech12/test/test_habiganj_0029.wav,ার লাইজ্ঞা আমরা দুধজ্বালাইয়া কবিত্র তার লাইগা গুদ জ্বালাই টার লাইয়া আমরার ডা খরি
/kaggle/input/regspeech12/test/test_sylhet_0709.wav,দাদু বুইতা নানি ত আমরা বইতা কিতা াজ আছে মনো অয় তো খাইয়া গেছেনে ফাখলো আছে না াতা দ রইছে ও রান্না বান্না তে তে আমরার একটু সময় দিলাইবা এফর আফনে বআফনার খর া খয় বাইত্তা আমার ফিনজম এখ মেয়েে আরোও দুই ছেবো
/kaggle/input/regspeech12/test/test_sylhet_0315.wav,আডিয়া খাজাই গেছোই তো তাদা এলজিয়আ বিয়াআর এরফরের দিন আইততিতই ে ফইটা নভেম্বর্মাল ছাছি
/kaggle/input/regspeech12/test/test_sylhet_0057.wav,আ টা রন্না খইতে ছাইলে মানে ইটা ছাড়া স বিষয়টা ছাড়া খইতে ফারবাইন এরফর রান্না রান্না বড় বইনে ফরতাম বড় বইনের করি রান্না ফারতোন রান্না লাগি ববাই অনেক তাইরা বখা দিতোইন মাত তোইনো সবাই টআসলে ববা দিতে রান্না ছো ফরেতোওছে বাত রান্না খরতো ফারতো না বাত এখবারে লয়ামি ফরিন্তো
/kaggle/input/regspeech12/test/test_sylhet_0111.wav,আমর বাফ আম দাদি ঘরে এ ক্লাস লো তে ফাইছাইন্না তাগারে দাদি ডা তা লিখবো আমর বাফ জম রু তিক্ক মারে তোমার দাদি যাতা হ পাস করু থাকতেই মারা গেছে এ আর আপনারা কইত তেকে পাইতায় খতে আমার বাফেরা প্লাচ দিমানে
/kaggle/input/regspeech12/test/test_sylhet_0152.wav,কিন্তু মাই ব্যবসাতো নাই আমরা সান্দুটটা করবি ব্যবসা আছিল আমরা কতা আডোক কর ব্যবামা  েমা্খালের বিয়ার কাহিনি খইনতাম যে কজি আর তো বিয়া জেমা ইটা
/kaggle/input/regspeech12/test/test_rangpur_0077.wav,ইয়া তো হাম আবার যাইয়ে দতো যাওয়ার বাড়িততে না রংপুর যেটা কছা আছে ুরাই করণ এইব একটি লাগেযা  তেপ নাগে দেহ পেছে রস পরে রস পরি পুরিয়ার ইয়া হি
/kaggle/input/regspeech12/test/test_narail_0174.wav,তােট্টা আগে বুঝছি পারি নাই এনে যাইয়ে তো যায় যায়
/kaggle/input/regspeech12/test/test_sylhet_0532.wav,দেড় বছরে সেত ইতে এই গুরা ফার্স্ট ইয়ার সেকেন্ড ইয়ার এখলগে ে তারা সেকেন্ড ইয়ারোর ফার্ট ডেই কিতা খতো পেইসের মানে ওইযে সেমিস্টারগুলারার মসি খারেন
/kaggle/input/regspeech12/test/test_narail_0005.wav,উনি কত্তি অবে সাতা জমি  পিরেসারে জমি থুইয়ে ওইভাবে পিরেসি  টিটি নামেটাবার এক মি তুমার পো তো জানি নাকি তোগে ঘরের খুবার ল কেে যা ভিটে থায়
/kaggle/input/regspeech12/test/test_sandwip_0001.wav,দুতিন দিন বযতাই আাইত ছারের দিন বারাইে ঘয় কইছেনে ব দাওয়াত খাইবো নাকি অনা কাইতো না ও ভালো অইছে আ বাচি গেছে আইবস ভাইয়ে গ মাসলার বনের জানাশসাক মাশ টাদে দামাইগলে আইরি গর
/kaggle/input/regspeech12/test/test_kishoreganj_0175.wav,তলাটা তলা রেটঅত ত লা এটাত ত লা ছাকনি দি ছাকনি দির থেকে পানি পরিথা করায় হলো পাক াকন দিয়া পানি কতে গায়া  কে পরিনাম কী ফাকল
/kaggle/input/regspeech12/test/test_narail_0089.wav,না আমি একটা কথা বলি যে আন্দ ববার তোরে বলেন বুলক কানতা করি ছে সেটা আমি মানলাম হ্যাঁ কুলগি খান তারে একটা আবার বলতে পারি না যে আমার সাথে তোর কী সম্পর্ক সেটা তুই তো কান্তা কটা বুঝাতে পারিস
/kaggle/input/regspeech12/test/test_sylhet_0275.wav,তেতাইনো মানেইডা প্রাইভেট পড়াতআমি কইলাম কুন জাগাত তাইন জাগার কতা খইবা ফরে আমি গুইলাম ডরাইলাম মি ফারমুলইবায় একটু পারবায় তাইআমারে নিয়া টিউশনির বাসাত পরিচয় গরাইয়া দিয়া টিটলি দিছোইন প্রছম কিম্পেনি ুদু খরছি টিউশনি দেড়হাজার টেপা দিতো
/kaggle/input/regspeech12/test/test_narail_0027.wav,ওই মাট ওর বাবা নিয়ে আর ওইননি তাওম এলাকারে যাগা ওর বাবার কাঠির টাহা দেয়ে কি নিয়ে পায় ওনে ্কুল কল  ওকরে বাবা নিয়ে ে ক ওর বাবা নিয়ে গ্যলো  বাবা দাম কইরে দিছে তারতো মনি তাকছনে তালি আমার কাঠির পাশেদ আমি কি নিয়ে তুমাগে দিচছে
/kaggle/input/regspeech12/test/test_sylhet_0434.wav,তন খই এখ আউট দিতো  প্াস্টিক মানে কুডা বালো মানে কতা বার তায় কীরকম কুঁচেঞতে মনো অয় মিনিটার এখবার গুস্তায়বানাই খম ায় ফড়ে তোয়ার কিতা ওইলো ই পেটাটার গোয় না রনার নাযতাকে বা বা তা
/kaggle/input/regspeech12/test/test_sandwip_0011.wav,হ বইছেবাকারর লাইগা লে আর ইয়ান আসলে লাইিলার দরকার ইিয়ান দিয়া আঁর পাইয়া করতাখ একদিন একটু ই বি দিয়া আঁইয়া একদম ফিডার গুন্দি ইয়ান পাইননা নি ধরোও না আন্নে গোর চিন  বইছিতা
/kaggle/input/regspeech12/test/test_sylhet_0323.wav,মাঝামাঝি টাইবো তাইল র এমপি অইছে ি হওয়ার ফরে যে তাইন তো অখন কলেজো মানে কলেজ নিয়া ব্যাস্ত ছাত্রও খরাইন মোটামুটি ভালো তাম খরোইন সারাদিন বেকতি ি কিন্তু আমি আমার বাদে খইলাম তুমি ইটা কিটা ছাকরি খরো আর এই সারাদিন ছাকরি লইয়া তুমি তো আমার লগে ইচ্ছা খরলে করতায় ফারো চাকরির লাগি ভালো ছাকরির লাগি পড়তায় ফারো ইটা একটু গুটাইয়া তুমি আমার লগে ফড়াপ লাগবে
/kaggle/input/regspeech12/test/test_narail_0137.wav,টেস করবো আগে জাইল দেসের পয়েন্ট ভালা অয় তালি ভালো কোনো দেশে খলতি  ওই উত্তাম জামাই বাবু ও বলে ছোটে দাদারে োন একটা দেশে পাঠায় দেবে সেটাও কছে উত্তাম জমা বাবুর ভাইর দেয়া আর দাদারে দুই জানরেস পাঠায় দাবে
/kaggle/input/regspeech12/test/test_rangpur_0090.wav,ভাত মা মাত  খাওয়া দাওয়া ভালোয় হইতেছেকিললা হইতেছে  খালু কী মাছ
/kaggle/input/regspeech12/test/test_sylhet_0412.wav,সব বই নিয়া ছালা ল্লা ওইছিলো মুবায়ল খইছিল সব এখানোও গেছি নাম্দাওয়াত দিয়া নিছিলা বাড়ি তাইরে লইয়া গেছে এখন তো তাইরে নিয়া দিল্লার মিছে আমারনাতর াকতাকেন ডানিজের ভাগ ক তাকি আই নাম কইলতে কি আমার তাইনে তো মতাখ
/kaggle/input/regspeech12/test/test_comilla_0006.wav,এই রিয়ার্সাল থাকে চুললো সোম্বরে যে অনুষ্ঠান হবে ওইখানে যে পারফরম্যান্স করবি ওগুলার উপরে ওদ রিয়ারসাল থাকে ওইখানে আবার দশ পনেরো মিনিটের মতো রিয়ারসাল করে না ছে এই স্কুলের ভিতরেই আলাদা একটা রুম আছে ওই রুমে করে তে  প্রথমেই রুম থেকি বের হইয়ে আবার ওদে স্কুলের মাথরার মধ্যে একটা দূল না আছে
/kaggle/input/regspeech12/test/test_sylhet_0752.wav,এফরেন   আমি গোপাল টিলাগ খরোইন না া আললা দিয়া নি ঘুডিয়া দিয়াই াই যদিওনরা মনে খরোক্কা তো যদি আমরা লান উদি এ তো এটাই মনে খরলো আইজু জাগাত নায মেঙ্গার আছে না নানিইতো তো ফা রজাদ
/kaggle/input/regspeech12/test/test_narail_0082.wav,কহ হ খবর কি তুমার চাই ত আমার খবর ওই বাবুরি ডাক্তার দেখাতি গিইয়্া আমি আর ডাক্তার একটা দেখাতি পারতি কিরে আনে দেখাই তি ওষুধ নিয়া আইসে
/kaggle/input/regspeech12/test/test_narsingdi_0096.wav,বাচ্চা কইরে যে তর এই বি্তিরি ফিয়া ততা গানের ইয়া ই টুব জানরেডা ও আমরা সিয়ার যো তাকলিম হেই কইতাছিগি েহকমেললাম দেহে মাঝে মদ্যে বালোই লাকে ও আইচ্ছা রেলিগয়া জিগাইলাম না আমি ওডা হলে মন থেকা এখানো দুঃধে পত্ত ছুটু
/kaggle/input/regspeech12/test/test_narsingdi_0062.wav,তেকর সাত আশ টাতাই ফারস না আমি অমরাউন্ডার তাইলে আমি সবেই ফারি ফারছ বালা ফারছ না সার এডা বড় খতা ভালা খারাপ খারে আমি যেডি ফারি হে আমিকের ভাবে হই্না লেহা ফড়া ছমক্কার ফাবে অবারটাই
/kaggle/input/regspeech12/test/test_sylhet_0658.wav,িডইনজিনা খ ফার্থক্য খইন কি্তু আফনের কিলান লাগে নফার্থক্য ি খইন মানে কিতা পরিবর্তন  দেখোইন
/kaggle/input/regspeech12/test/test_sylhet_0684.wav,তোর বাফর বাড়ু বাড়ি দাইন টাইননি মানে  কুন সময় যাইন ইস্কুল বনতো ওইলে কতো ইোটেস্টেন্ খরা গিয়া আইছিলাম তারা য ফরীক্কা শে ফিছলো  ইয়া আইছি বজন্ত লাগে যেদিন বনে বাফোর বাড়ি আ
/kaggle/input/regspeech12/test/test_noakhali_0016.wav,আরুমা ুাদি আম মিমারপিনামাবি রোমা তিনটো টাকা আছে ইয়ানে আরও একটা বিশ টাকা হাইবো টিনে দেল লায় না এই খালি ইটা দোয়ারের বাড়ি দিয়ে গি আয় তো গোলা ফে ভাবলে একটা
/kaggle/input/regspeech12/test/test_narail_0147.wav,আগে জার্নি করতি পারতো না ই করতি পারতো না এখন জার্নি টার্মি সব করতে পারতিছে বুঝতিসছে তার মনে বুঝা যাতো ডাক্তার দেখানো করে মনে হয় একটি ইম্পুভমেন্ট ওইযে
/kaggle/input/regspeech12/test/test_habiganj_0068.wav,তাদের খইতা আছলে তারফর ম হটফিটেল আছে তারফর পাইয়ায় যাতি এখন প্রায় সাত আটটা অইবো ছুটে রাখা আরকে তারপর ওই আরেকদাগে ইতা ন ননা তাক বটুননা চাদু
/kaggle/input/regspeech12/test/test_sylhet_0145.wav,ন ওই যে ব নাবয় তো খএেএসটি ডিক মাতোবি না মাত কবি দিয়ে বাড়ি ফা
/kaggle/input/regspeech12/test/test_sylhet_0526.wav,নাই লাইনোর বিত্রে আছে তন অনে খয়টু আম্মাছ না ো ইিয়ারপুরের বিত্রে গিয়া কিতা বোর্ডিং প্লস নেওয়ার ফরে আর খতো সম ওয়েট খরার লাগে খনো গিয়া খরবা হনো আরো বালা হুতাইলে আমারে কটা ঠিক আছে এখন আনি এমন আর কিলাইয়ো য়
/kaggle/input/regspeech12/test/test_chittagong_0020.wav,ফেসেককের তো তুর ফড়া লেখা কি আমি চলে হাঁ তোড়া লেখা নু খই স্যার একু লোক ুজুল খুনু কিছুই নাই  এই যে ত পয়েন্ট খম ইচ্ছি তো মনো মিক্কা নামতাম নোয়ারি টেনশনত আছি কডি খরদা না আরে এক্কে ধরি
/kaggle/input/regspeech12/test/test_sylhet_0264.wav,আে তারফরে তো বার্সিটিত পরীক্কা দিলা ম্যাগমিটান টেস্ট ডরিটেনট টেস্ট দিয়া টিকছি টিকিয়া ভালোউ প্রথম দিকেউ রইছি মেডিকলিস্টো থাখায় তখন
/kaggle/input/regspeech12/test/test_sylhet_0377.wav,পলা খরিয়া তো আমার যেবর দুইটা হেল্প করছা বারে হেল্প করছে বলতে বাদ্টাগুলা যখন ছুটো আছি ইতা তোআমার লগে আছিল আমি কাজের মানুষ রাখলেও মানসটিকভাবে শান্তি টাকটাম না বাতটা থাকতাফারা আে
/kaggle/input/regspeech12/test/test_kishoreganj_0066.wav,আরে না তিনজননে পোক্কের ছোয়াওটন নি কিা ফাররা া
/kaggle/input/regspeech12/test/test_tangail_0101.wav,খুব ফুরা ইমন শনায় কয়েদি বছ লাইনডইছে মানে হিন্দিতে কেউতেখে মিল যায়ে তুমহে তুমারই মোহাব্বদ তো মান লক খুদা তুমপার মেেরবান হ গেয়া অরাগার না মিলে তো ধান লকি খুদা তুনফরে এক জান খগে
/kaggle/input/regspeech12/test/test_narail_0067.wav,সরকারি দাকি নে চাহত ভামটাতিবাবার লই টোকো দেয়ে না ো আর গুনান কিনিদে দেওগে চাল ঘাজ নাকি ঈদার প্যন্ত ওইযে কাতা টাকা দেআর গুনা দি হুনা তার দেয়া কচ্ছে বেি যে করিবারাসকি এই ধর ওইযে আরগুনা ঘুয়ে মলাদিপুকনি টা উুটে দেয়ে বেয়ে
/kaggle/input/regspeech12/test/test_narail_0173.wav,ছাফা ঘত তুরি সারাদিন কাজ কতয়গান খায়ে া দছে
/kaggle/input/regspeech12/test/test_rangpur_0015.wav,কবার পয় ততো মনে কছ তাকন গো না কইলে তোস না চুনলে তো মোলটা খারাপ হয়া যায় গো করপর তুই খানি ধান কি ধরি আসিতকি গননে এই
/kaggle/input/regspeech12/test/test_kishoreganj_0190.wav,ব মথানি বথানিম গ মথানি বড়থানিল মত বানি বট
/kaggle/input/regspeech12/test/test_noakhali_0003.wav,তর ওইডি ডি দি কি হওাতাত া নিয়
/kaggle/input/regspeech12/test/test_chittagong_0139.wav,আরফর দায় এত বছে বিয়ে যায় যখন তাহে রাখালে ইদতি রিত ন যাই তুরে ক্যাঙ গই ফাডাইতাম আরি খালি ইতা আল্লাই বুরির সুময় ভাইয়ার খোন তো কল দিয়ে ওে সময় ভাইয়া তে নমরে ছাইেতু মনে খয়যে না তে বেের খতা তু যাতুই মনে অয় তইলে তুই যাছে না কী অইয়ি ইতারর্লাই বুলে আকরলগুডি তারার ে খতা খইলো
/kaggle/input/regspeech12/test/test_narsingdi_0079.wav,এইছে আল্লা বারেকার করে নায় পিএসসির মজা মাইরা দিছি রা ুম ষোল আমারে পিএসসির ফরীক্ষার সময় আমি আমার অনেক টাকা সালামি লিছে কিন্তু লাস্টে আমি ফাইতে কি জানছ দুইশো টাকা দামের একটা ব্যাডমিন্টন রে মারে গইছিলাম মা আমারা ইটা কাত্তা একটা ব্যাডমিন্টন কিনা দিলা
/kaggle/input/regspeech12/test/test_kishoreganj_0043.wav,ফল মতো কর পুডারে উডেরি উডে কট্টা িয়া দামা কাতাা এন    ছবি দুলতে পাপকা ইয়া যামা কামরা ি কডা হডা আমি তরফামি না ছবি তুলছি না পাপকাডাাযে কামরাই বেসি ফলেরতো ছবি তুলার লাইগ্গা  ঠিক আছে  ছবি তো সুন্দর র বে খষেত নামায় দিছে র লগে মু বন্ধু রমবতলে তো না খ্ষেত নামায় দিছিি ছবি না মাবা    ছবি তুলতাছে এই যে খ্ষেত কামলা অহন ট্ান দিতাছি ওডানির লাইজ্ঞা ও
/kaggle/input/regspeech12/test/test_sylhet_0492.wav,ঢুইতপে না কি তাখালি খরেওতারা কিন্তু খরবেন মনে খরো অনেখ লেইট ওইছে ফারজিনাজ টাম রিজাও রাখছে ম্ডা রোজা রাখিয়া আজান্স ফরতে এখদিগে কিন্তু ইফতার খরবেন না এখটু কটইয়া কিন্তু কি বাদিয়া আমার অর দেখোক আরেজেনা খরার উন আমার ফালেরা গেছেন ন আমরাও সিলেটোর খ ডাক্তার অখল ওইলে খইলেও নায় পেশন থাখোক আমরা উস্তার খরিগা আতাখবা যখ ্ুকন জিনিসে খালি বাত  আল্লায় তেইনজে বানাই ইটান কিন্তু লাম আইননে এনজন ডাক্তার আর সবার ডুয়ায় জ দেখো মন মান
/kaggle/input/regspeech12/test/test_habiganj_0031.wav,যে আমার পডু যে সেল্ট নাই সেলস ছাড়া র সেয়েস থাখলেই কিতা সেলসোর মাইদ্যে যদি আমার তেফিয়াইজরে সুনরা কি ইয়া করে রে খাই যে ইতা যিটাতালবাসতন রা খি তাইলে কিন্তু আমরার পডুগাখর নিয়ম না পডু  টাইন ইতা পবিত্র জায়গাত রামন লাগে এখন আমি কিতা খরমু জানালের তাইডে কোনু মতে রাখতি
/kaggle/input/regspeech12/test/test_sylhet_0525.wav,জারনি তো বালা রাজনিতি মজার খতা ফা্স্ট টযাম প্লেনোর জানি আমিতো এখটু একটু ইটেড নানি হুমকিন্তু এমন তো শারেনি হুচছে ইার উফর যাইতে সময় আমি আমি ঢুইক্কাও খইছামমারেযয়নো ইডো আছে ডিক্চার বা আমার খছে না বি গিা রে নাই
/kaggle/input/regspeech12/test/test_narail_0092.wav,বিদুষটির গাছে শুনতি অবে বউ ছরি শিতিতাই ক তাইল সুনুসকা মির কাকে কা পরে গেছে শুনলি আমার মন খারাপ হয় নিজি মাতুব বড় ওয়ার পিছনে এট্টা আলাদা বাপা কে তাই না নিজ
/kaggle/input/regspeech12/test/test_sandwip_0092.wav,দ তু হদা কয়া গেওগা আই অলা ক নাত দিলে তারপরে অন  দিয়ে দা তার কে নামকন
/kaggle/input/regspeech12/test/test_barishal_0044.wav,হেইয়া তো মনে করেন চেয়ারম্যানের বাড়ি তুরি দিচার গেছে পরিষদের তরি তোগ আছে ওর বাপের বাড়ি যাি ঠ্যাংটা না দিয়া হেদিক দো ওদিক গেতু হুইনদে ওহনে গেছে হেনে চেয়ারম্যানে মোরে মনে করেন থডিয়ে নিচে পরিশদে আমনে কি মনে করছেন  বোজেন ওইয়া দা হয় ওইরম কিছু বোঝে না বিষ্ট শয়তান
/kaggle/input/regspeech12/test/test_sylhet_0569.wav,ওইলে আমনে মানে কিতা ওইছে নছা আর ক অপারেশন আছে নাতকি প তাতেও কিতু নিবাা  খালিও মাতায় একবেলায় এখদারে খছেন মাতায় ঘুরানিও একটা মাতায় গুরাগরা ফরি গেছে বা ফরি
/kaggle/input/regspeech12/test/test_barishal_0031.wav,সুদানবাছোটো ছেপালি ফোলের পাতা তিনডা পাতালওইতোনা এতে ভালো তোইরে দিয়ে যে এটটুক রতার তিটা খাইতো তোক না লাগযে একতু খুনি দিবে তালি বিবিসিরিতোন কতা কছি সব কেযিনিরি তিনশো টাা লল মাইে থিরি ইন্ডিয়া নি হেয় গিয়ে তো কনা ে   হুই পাতাগা ওইছেনানি যাত আইচ্ছা
/kaggle/input/regspeech12/test/test_sylhet_0012.wav,টাকুরে কুঁচা খাবাইঠা ঠাকুরে গতাইতে ফা ঠাকুর আইতাকুচা খরে কুঁচা উুজা খরিয়া া ঠাকুরে তো বিদেশ বিজাননা মনথাওইনো তো আছে তারা তারা কুতা খাবো কুচা ছেশি ওইলে পরে ঠাকুরে অংজুলি দেওয়া ওইবো ওহঞজিলি দেওয়া অইলে
/kaggle/input/regspeech12/test/test_kishoreganj_0103.wav,বিশ্ত ঠিক আছে আত ফান ইয়া অইলো ইয়া ব অইল সাজারন গ্ান্ বইবা  কয়দা ত যে তো ত ফাচ পাত তিন করত আট তারে অইলে কিনারে তাই ঠিকআছে হ্যাই সাজারন গিয়ন ব অইলো
/kaggle/input/regspeech12/test/test_narail_0012.wav,র ভলোমানে এইা পোরোমানে যাচ্ছে ন এইটে কই তে ঠিক পাইি নেয় যে আমারে ধরবেননি আরে মেম কথা হ্ছে যে বাপ মারে বাদ দি বাপরে দেহি নাই তার কথাও বিশ্বাস করা যায় নিই হ্যা কও ত আর এহন এই সমস্ত কথা শুনলি আমার ওইয়ে যায় মেসেজ গরম
/kaggle/input/regspeech12/test/test_narail_0093.wav,ন মাতুব বইরা আইছে তার গল্ফ ইছিনে লাভ আছে তে যাইও এই সমস্তভরেনা আমরা নাই করি তুমি আবার এই সমস্ত কথা আবার কিছু মনে কইরে না দেহা গেলো ভাইবলে যে ভার্টি আমার কিরম ধরনের কথা কচ্ছে
/kaggle/input/regspeech12/test/test_chittagong_0130.wav,মানি রে তো হরি ছিবতার গিয় িফাততে ুলতাইলে হিয়া ফু আরে  হবদে আরেন্ডে আই যা তাই তাকতে ন যাইয়া আঁই মোরগে গি বিয়ে হাই মনে করিয়া যে ম্যাকাত্লাক পরদেল
/kaggle/input/regspeech12/test/test_chittagong_0170.wav,হ আছে ুএবার মামার খটা ফুছন নলর ফুট নলর না ছকী হইয়ুস কী খই্ুম তো খইবারি ভালা আছে বালাছুটো খতা খতুনা ছায়
/kaggle/input/regspeech12/test/test_narail_0105.wav,আর করা হইছে বষ্টি করা অইছে ছয় এবার কয়দিন আগে একজন কজনে নিয়া আসছিলাম ওরও টিউমার ওইছে লো ঘাডে অপারেশন করিছি ঠিক হইয়ে গেছে যা তুমার ওডা অপারেশন  অপারেশন কলেজসটেম আছে কিন্তু
/kaggle/input/regspeech12/test/test_sylhet_0278.wav,তখন আর আমার বাইরাজা তেকও খরছোর টেখাও না লাগতে না কোরটার উতখম গিয়া কুত
/kaggle/input/regspeech12/test/test_narail_0043.wav,যেটুইরে অলব অল্প জানি যা ওই যে ইডা খেললা কী কই দেছতেলো তো আরেশান্তিপুর বাবার নাম কতিতে লোক কি া ক েহ  অলো ওইডা ইকি য দফাদা দফাদার
/kaggle/input/regspeech12/test/test_narsingdi_0112.wav,বাানি চুললঙগো বরা কইনডা এরকম বনআগে বেতন িয়া রতিল্লামব মাডির ঘরো থাকতে হ হে বেতনই রাততালে
/kaggle/input/regspeech12/test/test_sylhet_0479.wav,মানআমি তো খইতে ফেইর নামি দুইনা খাততিম মোরা না দি জানলাইট বাড়তাম বাটতি না মোরতি ওখান খালিয়াদি মনে অর যে কুনদিনও খালছি বাততা কুনদিন ওইতে ওখান খালি যায় আর হিতার একুন দিন ফুনানো তাকতি ইত আমি খইতে খার
/kaggle/input/regspeech12/test/test_rangpur_0121.wav,হ্যা স্বাদ লাইগবের নায় এংকরের ডাইল বলে স্বাদ লাগে না  ভর্তা দিয় খিলাইম ভর্তা ভলো হ্যা ভালো
/kaggle/input/regspeech12/test/test_narail_0052.wav,এক দাড়াত খাইড়ে খাইড়ে ফুটপি যাগা যা তে আমি কোনোদিন না ঠকি মানুষেও হুইছো ত তুই এহনে একপি ভালো বিসরি তাগে বেচে ভালিও মাইসে দিবি আর তুই আরও মাইফি মবি যদি ভাতে খবালি দিবি কবো আমি তোর জাগা বালি দেবি যদি তোর মদ্দি থিহ  আর আ আমি ক্তি কুদ দরকানা আমার আইলে কইয়
/kaggle/input/regspeech12/test/test_rangpur_0022.wav,যার নামে আনম দকার হয়ার দরকার ক্যা কী আনবে কাভাা ভাগ নিবে নাকিরে কিয়বগা মাত তারা মাত না মাত
/kaggle/input/regspeech12/test/test_chittagong_0174.wav,গেই যেই গাহিমে সম বিসমু সুইন্জুন ন কাহিনি নিই বানায়যা খায়সছি দা আরা মু ফল এন্ড্রাক্ ফুরা হইল্লই যারগোর কল দি দ দি তে আঁরে ফুরায় তালার ভালা মালাগে দে এরি ইক্কা হরদে যাগুর যাগু আর আই পর্তু ন তুরা দুনো টাহাইলা হইরযে এল্লাই থালন ফাডি
/kaggle/input/regspeech12/test/test_barishal_0021.wav,কতা না চার নিডা মানে একগুলি পড়বা না রি ছে হুতাওে দাহে আনারা না ল্লা ামানুইল্লা রে মার পিললি না মানে া নিবোতর হয মুল ইল্লা মনে কর ত্যাহ বর বাদ নাম
/kaggle/input/regspeech12/test/test_kishoreganj_0044.wav,টাওয়ার টি দেতলে  পরিচয় কেছে কাব্বার এলাকা আল না লাগনে তো হুমা দে মুজা তবি গেছে বেডার গেছে হ হ্যাঁ হ হেইদামের দিন কি আইচ্ছা আমার বাইজ্যা অস্থা অাতেন নাম ভাইা হ ইচ্ছা টিকের সামনে তোঅস্থাহয় তেন কইরাছে আরেক কে বিট হা ছয়জন গেছছ না বেখনান হ্য গেছে মনো কি  গেছলে মনো  া বাডেনি তদো গতি হে আমান তো হস্থা বইছেনহেদ নাম্মা লইয়া জানি ত  হলা খানে র কইরা হেইডা ছে না হ বানা হেডা া লগে হেদ না কি মুজ
/kaggle/input/regspeech12/test/test_sylhet_0627.wav,তারফ ই ধুমার ড্রেন হুম জুমারকাজনি তা তাই আবর ছে তাই আমেডিক্কা জিতছে আচ্ছা েও তুগো বাইর যে বিয় অইলো গুছরার লগে ইতা কিতা দা ডিকলনি না ইইি না ইব দেশ তাকিও মোটামুটি আর র পছন্দ খরা
/kaggle/input/regspeech12/test/test_sylhet_0073.wav,ফএককা তালে উপাশ বানতে ইচ্ছা খর নতুন তো বাত্তো টেস্ট খরি আর এবাদেত তো  বন্দুতো যাতে আড্ডা দিলাম কুইক্কা খাইলা ন  খাইলাম গাদিিতা সামনে আর কোনো ফূজাউ তা আরতে নে  ই বছর ছেয়ে বছর অন্যকোন
/kaggle/input/regspeech12/test/test_sylhet_0263.wav,তো ইটা নিয়া কুনুদিন ছিন্তাও খরছি না তো যেহেতু ওতা নিয়া ছিন্তা খরছি না ইটা টোটালি সময় আমার এখশো তিন ফইয্জন্ত আরফিলিগু মাতার না দেয় আর যখন ওউ গেইট থাকি আমি বাইর ওই গেইছি এরফর তেকি ইটা টোটালি মাতা তিকিটারিয়া ফেলায় দিতি
/kaggle/input/regspeech12/test/test_narail_0163.wav,মাঝে ফইড়ে তো বিচানাত্তে উঠতেই পারতো না কতোবার অইছি মাসে আমি ডাক্তার দেহে দিচছি কতো মানুষ কাছে দেহে দি
/kaggle/input/regspeech12/test/test_sylhet_0223.wav,তাই তো গরি  ওইবো তে তারাও টামতা খাজের দিকে বাইরা টাউতা ফড়ার দিকে আর আমার বিটলে তো ওইলো গিয়া আমিআমাক নামে বাতে একটা তাকিখরো
/kaggle/input/regspeech12/test/test_sylhet_0601.wav,বালালাগ কি কুন জাগা ফায়ারে নি মেনা আমি চিন্না লাইধারো যাইতু খইতাছ মিমনিরে বদলাইছাছ না তি বদলাইছাছে মারছা    আছতারে আমি মনে ওতো বা কইছি ম্যাডামরে গিয়া জর ইয়া ধরছি এরফরে নে ম্যাডাম কি হালবুল ওইা গেছিলে গয়া মাতছানোস্তান মনো আছে ম্যাডাম কিুছিনতারা কি্ছু ফুতানো এটি কেমন আছলা
/kaggle/input/regspeech12/test/test_sylhet_0045.wav,বইন দিয়াগে তো মেইনলি এ কম্পর্কে টুহুনি কয়দন আগপে আমরা ফামিনেতন বর্তমানে বাই বন তেনজন আমার আব্বাত মা মার ভাা েলেটি বালা তে এম্নে ভাসাত মাত্রন এমনে মাট ফাইয়াইগা আমরা  কন্তু টিলেটি ভাষা বাসাত আমরা বাই বইন থাখে তিনজন বাবামানাই
/kaggle/input/regspeech12/test/test_sylhet_0307.wav,েকটুটির পরে পরীক্ষা চলে দুই পরীক্কার মাখখানো করতি ফারি দুইটা দিলাইছি পরে আরো তিনটা রইপো লা ইদের টেছা বাড়ির আইমু ইচ্ছে ওসময় তাইন তাইলও গেকটুটিত গিয়া তাই আমরা বাড়ির কামরের রাস্তাত লইয়া আড্ডা দিলা
/kaggle/input/regspeech12/test/test_kishoreganj_0155.wav,বাততা য়া যাইব ইা নাক কিমন পাকা বাতালেবু ভিদরটা হালকা গুলা ফিরন গে হালকা গু গুলা ফিরন গে পাকা ডালিম ছুটয় ছুট দানা টুক টুকেলায় পাকা ডালি মে দানা এডে কুক
/kaggle/input/regspeech12/test/test_sylhet_0747.wav,মানেষ চাইরজনরে জলা খরি আমি তাইন দরজা লাগাইয়া ভিদফাও খও নাকি হুমম তাইন যেরা নানি  এর বাদে তাইবা বড় বাত মা আমি কাহিনি ওপিইবা যারতফিকে যতো টুক দিবো
/kaggle/input/regspeech12/test/test_sylhet_0308.wav,তো আড্ডা দিরা ফড়ে আমাক বাই তাইনোক সময় বয়সী ফ্রেন্ড তো তাইন ও আড্ডা দিরা দিতে যিতা খরে আইকটু বিয়া খরছ নাবান  এই বিয়া খরতাম তে তোরা দিলে তো বিয়া খরতাম হ তো তোরা নিয়াে তোরা কাইলকে তোরতে স্পেশাল দিয়াতে বিয়া খরিলা
/kaggle/input/regspeech12/test/test_kishoreganj_0137.wav,কছে কাটাল কাটাল আনাছ কাটাল আনারছ আমডাম প্যারা পেকে ডাঙ্গি তোর মুছ লিতো পচুর বলে আরওে ডাম ডালিম ডাম ডালবাতা বাতাবি বাতাবি
/kaggle/input/regspeech12/test/test_kishoreganj_0012.wav,কিরা বাই ক অইন্য দিকে নাকি কোন দিকে  ক  খা কুয়াইছে হেদে কডাইছে নাকি ও এা য কন্ট কেন্নের কতা কি কি খ্ষুদ্দানি কিছু কুনডি কিদিকে এইলাই
/kaggle/input/regspeech12/test/test_sylhet_0484.wav,ওরখম ফইতো না অমি  কুনুতো ফাইয় র না  ফালম লি আমি থিয়া তাখতাম হকফত ফড়তাম একলা তাইুগে ছাফ নিয়া গেছোইন বাড়ি আর দছ সাত এগারোটা দাইগা খব তো একলা এখলাখ তাইরে আজজাকতো তারার কারে যাইবোগি তারার তো পড়ায় নলক্ষ্য খরিয়া কামান লাবো না এখন পয় যদি তাখোত তে ওখনে বরতি ফারি আলিমতারে মাদ্রাসাত পরতি ফাই কুন ক্লাতে ফরে তাই মনে  খো দ্বিতীয় স্রেলেইট ফড়ে
/kaggle/input/regspeech12/test/test_sylhet_0108.wav,তখা যায় না তে এমনে মানে ছুডু থিকা বড় ওয়া কুন জায়গাত্তে মানে আ প্ল্যান খইরা গে ইই জায়গা ই ছাতা কটা আছাম আমটা ইয়ো নিরাফাড়া পাক্কা দুরা খুইকারা ছামনেও আতনাম
/kaggle/input/regspeech12/test/test_sylhet_0408.wav,এখন তো তাইন পুলপুল বন্দ খরি এন তাইন নানা বাড় তাকি আখান আম্মার বাড়িত তাইর বেডাে গতি ইস্কুল বন্দ আছি খন ফুলছে না এখন তো ইস্কুল ইস্কুলোস্টাল শি অখন যাইতো মায় খালি ফোন গরের বাইরাআ নিয়া দাও ইয়াডাম ফোন খররা এখন আমি লইয়া যা ইরামনামলে আমি একলাম ঢরাই আমি ডখতা লাতাইলা খরি আমার সময় খাটো জিন খাট
/kaggle/input/regspeech12/test/test_sylhet_0124.wav,মালুবেটা দুয়া ওরটি না আছে তারা বিয়াসাইদো ইয়া তারা টিনদু মাছত বিয়াশা দইয়া তারা বাড়ির ঘরো গিততিদি সিলেট নাই তে ইখানো যে খাম খরোইন ফুড়িনতে কিরখম ব্যবহার খরে আদরটাদোর খরেন আছে
/kaggle/input/regspeech12/test/test_chittagong_0142.wav,াদুওই দান খছি ইতা খালি গ যায় বাবা ফিডিওর এড্দা ছবি ন যাখার না ইয়ে সময় ছবি রন্তদাখায়তাা খরদো বাই তা আছু না ইতারা আশিবে খইরলে ইতে খইরতে সুদু ত যা ইতি তারফরে আর মত নষ্ট গইয়া বেল  কিটটাম ত তু ইছিন নাম্বারে এবদাছন ইতালে খতা খয় দেছিন খালি আর কিছু বউত কমাি তইক্কা তোর মাা
/kaggle/input/regspeech12/test/test_chittagong_0063.wav,তুই ডাহাত্তুন খরতে অবি ন বানিত ে আরে কি মরিবা নাই গি উজ্জো না তো এইনা আ খোন অবসন নাই এনো ফকসন ভাই আঁই ন জানি এ মানে খয়দিনগো খতা খইলি তারফ যেদ বার লন্দ অইবু আর আর দাদাও খইয়া দারলেসতাবাল রম্বর অইবো
/kaggle/input/regspeech12/test/test_rangpur_0084.wav,ওই যে এই দিমাত শাহিন আর বিরোুজ ুবিরুজ এখনা এক্কারে গোটাঅলে উয়্যার বাফের মতোন দরন গরো কতা বাত্রা চলা ফিরে মাইনষে ইততো ট্যাও করা ওইটা আতে আর শাহিনটা হইছে দুনিয়ার মুখ মুদা
/kaggle/input/regspeech12/test/test_kishoreganj_0156.wav,টুকেলালছুট ছুটু রানা টুক টুকেলাল পাকাড লিমির ডানা টুরটু ছুডা  টুক টুকেলার ো পাকাডারির মদ্দে রানা টুক টুকেলাল বাক  পা নবুর ভাগ পানি উ্বি যা বা কত ভাগ পানি
/kaggle/input/regspeech12/test/test_kishoreganj_0149.wav,তে  বুচ্ছা পুনটি ফায়ে কিছুননা গাছ ইদে মআইচ্ছা  কুনটি বারো দুশ না গাও  প খাইতে ক  বুঝকুনটি বারো দইনে খাছে কিটনাস কার ব্যবদোয়া  ক গ খা না দুয়া ইছে চ্ছে পুনটি পানি দুষনে ফরে হয়
/kaggle/input/regspeech12/test/test_chittagong_0110.wav,নাইম আফু রিকয়েস্ট পাটাইয়্যিলদা আফুর হিলাম দো নাই মুলাইডিকিল এক্সপ্ট গরগি এতে হইজ্জা চওলছে তো এনদে আপু কিলকি ইয়্যনআপু ফাদদেআত ছাহরি আফু  ইয়ে হোবের সবাই নাইম কে ইগু সুন্দর করিয়ারে গিয়া গরি দি
/kaggle/input/regspeech12/test/test_barishal_0075.wav,হিয়া কন যায়  খাটখয় য়তো খায় না এইয়াএইডা এই পাতা তুতিনি কিন্তু এই প্যাতার যা ই কাম হয় না কার করতাম না শং্কের পোহারে ঠান্ডা  ওইয়া যে খাইছা পালা তোা কলা পাতা আর  মুই এই যুটে ফলি ফুলগা কছা ও বালা পাতার কাততি ফুল ঠান্ডা কা িপিঠকাতার যএলইয়া যন  টটুাতাইয়া ইই মিরকেরে দিয়া খাওয়া ইবি টিকর
/kaggle/input/regspeech12/test/test_sylhet_0743.wav,তাম বাখাইনা খাই খালি মমা বাইরেও খাইতাম না ওটা লেও খাইতাম নায় খলেজো যেরা ছাখরে ওরা ুল গসা াখায় উলা
/kaggle/input/regspeech12/test/test_comilla_0031.wav,আমি দীর্ঘ চব্বিশ বৎছর বাহিরে ছিলাম সৌদীতে আমারতে খুব ভালো লাগছে প্তি বৎসর বসরে আমি দেশে আসার চান্স পাইছি মালিকা আমার খুবই ভালো ছিলো ার খুব মানি নি লাইক করতো
/kaggle/input/regspeech12/test/test_narail_0071.wav,ও জাগার ওই মেয়েরা খষততিীবনে খাইতে অবে না ওই ডেবিটে ে থহে এ থাহে তারপরে ওর ওরি যে বহুত বাগান টাকা না েভারে নিজস্ব বাড়ি থাহি এইবগা সামনেই ও বাড়িওতে এা না ও বাড়িও তো জানো বা কাহিনী যায়নে
/kaggle/input/regspeech12/test/test_sylhet_0250.wav,ও যারা একটিতারাতার ফাযাইয়া থোকছে ইবেন খতকে মুজার ব্যাফার কিতা জানোইন আমরার পাখের ক্রামও খটা টিচার আছি ও টিচারোর বউ ডিএ ফাশ আছি হাউজোয় আর বইনওখু একটা শিক্ষিত
/kaggle/input/regspeech12/test/test_sylhet_0155.wav,ইতা ইত্তাই জানতাম আরকি যে আগের বিনের সাতে এখনের দিন আর কিতা কিতা পার্থক্য আফনেরারও তো এখ সময় আছিলা আমরা ক মানে ছলাইন ইটাই খইতাইন আফনে তো পাপ খতাছ কিদানো দেখছুইন ইদিনো দেখতাছোইন কিতা কিতা পার্থক্য ইতছা া মানুষ মর লেখটামনুু বাখরে গিয়া খবর হুনতে অন্তো ফনদোরোদিন বাবে হনতো
/kaggle/input/regspeech12/test/test_sylhet_0389.wav,হযরনা মাত্তরায় কোন সময় মাত্তরায় তোমরা কড   াসম কিি ছ তুমি ক রুডি চোগ করি পড়ো চককে ফারি
/kaggle/input/regspeech12/test/test_sandwip_0015.wav,ডি ক ডিমেরে দেড় কেজির বেশি গুলা ডিমও ওই গেইছে ডিমডে কি মন ইয়া মাছ কিনছে টেমে আজকা আইপ্পোকই হরে ক মাছেরে কচালিয়েরে ডিমেরে একদিন দি পরা বানাইছে আরেকগিন
/kaggle/input/regspeech12/test/test_sylhet_0325.wav,মাঝের মাঝ্যে যখন ওই কারেন্ট একটির কারেন্ট ওয়া্ল্ড বা নতুন কোনু এখটা বই বাড়িলো বা ওইযে বিষটি আছে কুনু এখটা নতুন া বাড়বে হিডিজ বের খেলি তানটংগইয়া আইতা আমিআর টেল রাখি দিতা আর আমি কাগজ খইরিয়া যখন টেবিলকা নতুন বই ফাইতাম তখন আমার মনে ওইতো যে
/kaggle/input/regspeech12/test/test_sylhet_0725.wav,িনাম ইবো জুবাক অইবো ইয়ান আমরা গায়ন য় ইতা গি হরতালে যায় র করে এম বাড়ি গয়া ন খানি তুমরার যেখানের সাফে দুনরাগপ ত তম্গল খানি সেন্টার অইছে তরা ন না খানি
/kaggle/input/regspeech12/test/test_sylhet_0143.wav,ফরে বারি নিয়া রা কইরাম া একতু দাত কইন তা আমার বাচ্চা ফাইচ্চা ওজন আসোইন কেতা কেতা ছেন আঞ্চলিক ভাজে না তু যেতা এমনে বাগ্ছাত মাতোই ন আকি এম্নেই মাত্তাইন আমরা চেতা
/kaggle/input/regspeech12/test/test_sylhet_0447.wav,ইখানো ওই যায়া এখটা মরতা তালি তাখা দে গিয়ানা াামানে কুনো কোরো থাকবার গে মতো নাই তারা না চানাটিাও জাত দেখি খুব
/kaggle/input/regspeech12/test/test_rangpur_0130.wav,তাইলেেন আরো অন্য কিছু করতে পারো সটা তো কোনো প্রবলেম নাই তো আমরা যে জাগাটা আছি এটা চ্ছছে আমা দে িত সরা এখটা জাগায় ইটা ঠিক আছে এখন তাইলে ইয়াতোর নামতো মুই জানোং তুবেলা তোর নামটা এখনা কত তহন কী নাম তোর
/kaggle/input/regspeech12/test/test_habiganj_0005.wav,বেশি খড়া দেখলে ওই মনে  বেশি উ মরা তো মার মানে া ডায় মানে না সম বাফরা কনো ঢখা বেশি মারে মানে না বাফারনি মতো স্ারোা দেখতে  দেখা গেছা তইবো না তাইলে মেয়ে খতা খইবা আর ইটাও একবারে বেশি ওতো বেশি খরা ওই যখন কুকটা  ঠিকনি নামা মা মাকই ান
/kaggle/input/regspeech12/test/test_sylhet_0062.wav,বান্দবী এরা খারাপ আছলা খয়জন গেছো ত  ছেস নতুন ধরতি কুয়ারেও গটকি তে এখন মিলি বান্ধবী আছ্তেনি কেবল ো দ দেখ তে তাডার েলোই এক ইক্টু কইন
/kaggle/input/regspeech12/test/test_sylhet_0218.wav,মোটামুটি এট নাইন পর্যন্ত ফড়ি লিছি এতো ফ্যামিলি থিকাউ খইরা যে মিনিমাম এসএসসিটা খরিলা আর তখন ওইলো গিয়া প্রাইমারি ইস্কুলো এপ্লাই খরার লাগি যুগ্যতা আছিল মেট্টিক ফার আমি টার্গেট লইগাতু মেট্রিকটা ফাট খরিলিলে
/kaggle/input/regspeech12/test/test_narail_0090.wav,তুমারে একদিন আমি সব খিইলে খবানি এই সংসসটা তো ছা পাটাতে যেদিন শরসটরি কথা কবার সেদিন তুমারে খুইল্লে কবানি অনেক কথা কলি দেহা গযলো তুমি রেকর্ড কইরলে রেকর্ড কিরে বেশি করটা নেই
/kaggle/input/regspeech12/test/test_sylhet_0535.wav,দাখাইয়া ওইদো আমরা সিলেট ই খর কিতা আছেনা এরফরেও টট ফরো  ননলা খুইন্নি ফানানা নাই ননাম কিতা কুনতিন আই ামান ুদআই আগে আইয়া আইতা তরা বাড়িতবেছি
/kaggle/input/regspeech12/test/test_chittagong_0045.wav,এরা আঁই কিন্না শেইক্কুম হ্যঁ এইতুর বড় নন হ ত অইন দিন খাল ক্যান চলের দিনহালে  দে নড চলে দেসবো ঠিঙ্কাল হে হেয় বাসুন উনন ওহুন বাসুন ন উনাম ফরে বিয়া লাছি নাকা এন আরও গাও তোর গাছে ফাললা
/kaggle/input/regspeech12/test/test_sylhet_0182.wav,প্রের কাহিনী কিতা বান্দরেদায় ওইয়া খামড়া ইল্লা আরখন দরে ওতো টেখা লাগার মাইনসে খামোর মালা আইওই ছাখলটা কযা গুনা ইলা ডুনাইলাই খত য় যাই উনো বে
/kaggle/input/regspeech12/test/test_sylhet_0755.wav,রা কেউ যায়া খরোইন না নিক বরোনমখালি ফুজরা খুিন মনে খরো বারে খরে মুছটার আমরা তো যাই রনগামম খরে বাদি মাছি ইকটু খতআফনারার মানে ফুজার মদ্যে আবার বিবাহিত অবিবাহী তারার ম্ে তা ক ে
/kaggle/input/regspeech12/test/test_chittagong_0163.wav,তুরার তো অনার্সের মাইজ্জি কবিত তি না ফাই অনার্সো তহন টিয়া লই আঁই ইড টেনসনস পরিকা বিয়া একতো ন চুট্টগামি আনের ভারতে টুকিল ছি না আর করসলো ফইলা আরা ধালা দানি কিয়া দেরে য দিম বুঝছারা ই বুঝিছা
/kaggle/input/regspeech12/test/test_habiganj_0066.wav,জমার ভালোই লাগে পুলুট বেশিরভাগ কুল গাছ আমার ভাল্লাগে
/kaggle/input/regspeech12/test/test_kishoreganj_0171.wav,আগে  ডাইলকি হই তু মুগের ভিত্রর  রালটা কফে তোর মাজে ভুততা কয়াত মুকির বিত্তথানি না  িতরায়
/kaggle/input/regspeech12/test/test_sandwip_0044.wav,আল্লাহ ভাবি আঁই খাওর হাইযাগে াাঅতো টামালেখা আরে বন্দা ঠাওর ফাইনা বইলেওম ত মাইয়া বুঝাদি রাইখছেলি মাইয়া তোর মাইয়ার মাতা দা হুরি গেছ তা হোকার মাই তিনবা বইহের জাডা একবার আঁকুচ না আঁই দেইবে তিনবার আঁর ছুটি
/kaggle/input/regspeech12/test/test_sylhet_0384.wav,পাত্মীয় খোজনো আছিল নাম  বাবির বাফের বাড়িত থাখতাম বাবির বাফের বাড়ি আছিল শহরটিকি একটু দূয়ে কিন্তু আমরার বাড়িতেকি খাতে
/kaggle/input/regspeech12/test/test_sandwip_0066.wav,আইও আইড্জা আতো আমার এতকুলাইয় যেগনিওকগুলা পাহরি বাইত ভালো লাগে না হরে আছে আমার বইন জি কবারগিলে পক্কা ভালা লাগে না এইক্কা হেডো মা আছে এডো মা আছে ব্োক আছে তাও ভালা লাগে না ক্যা
/kaggle/input/regspeech12/test/test_kishoreganj_0146.wav,আগে কালো তেবাদানি হ নেনো না লান লাগবো সৌজির মইদ্যে কততাম  এইডা করতাছ এএ লাল পুতাছ নে সবু সবুজ ইযা মস্টা অইলো ফরে কইবে এই ফরানি কতা না বাঙ্গির সবুজজন কি বাহঙ্গির সবুজেন মানে কাপলা  তবু ত
/kaggle/input/regspeech12/test/test_rangpur_0123.wav,এই রমজান মাসে যে পাট শাকের যে দাম সেদিন ফিরিজ বের নিয়ে ত্তে তিরিশ টাকার পাট শাক তো হাড়ির তলাতে পোড়ে না হ্যা হ্া আর তুই পাট শাক আনবের কইস
/kaggle/input/regspeech12/test/test_sylhet_0613.wav,িন ওইয়া আইছে আএডএখটা প্রাউন মারিয়া য আস্তে বাটি ু কিতা য় ত্যারে ফাইয়া ফরে খখইরা যে আমি প্রার্থম স্টুডেন্ট তো আছলাম আমি ওত্তো আছলাম এরফরে মাততা ছুরতাছে স্যারে বেকশিতা খজন আনিকটা মেবি আইছলা তাইনের
/kaggle/input/regspeech12/test/test_sylhet_0444.wav,যসুবিধার লাগে মানে ম ছুট্রো বাইত তাখেজাচ ওইয় গেছে খবালখরার সুবিধা বালা মানে বাইচ্চা খাই্তা লইয়া যাইতে ফারবা মায় এখসময় গেলা না এখসময় বাইততাগিলোগি নিজের ইচ্চা ো মানে ওরখম সুবিধার লাগি আরকিলা ওদিকে গেছু তবে নিজের বাশটা কিন্তু বাড়া
/kaggle/input/regspeech12/test/test_narail_0007.wav,তাই কিনতি যেএইযে তর তোখি কিনি কওই যে আরেক মেয়াক নিতে আমরা দেখতিতে জান ওই আলোচনা ওইতে থাকতাম তাই খুও ওইত অনেক কিন্তু খুইলেতারারইনা এ বড় বড় ভাই বলে কইছেম টাহা পাঠাইছে বাবার চিকিৎসার জন্যি
/kaggle/input/regspeech12/test/test_barishal_0010.wav,তরা কতনে মমা রা যে কি কয় হইতান ন হইতামানে আস্তে আস্তে মরি যাবার লাগে আঙ্গো লাগা এট্টা ফোলা আছিল নাম অইলো আরিফ হ্যা ধর ইলে যেটিকরতিকি শুরু করতো
/kaggle/input/regspeech12/test/test_sylhet_0417.wav,মানে আমি পড়তা থাকতিএরফরেবা মনে করো এক ঘন্টার দিনিটা বড় মানুষের ফোড় তাও বুঝরা এরফরে ফোড থাকি ইতা ইতা খাওয়া ফরেরমার গই বইতাপারব এখন থাকতি কিন্তু প্রায় দুই বছর করোনার সময় ডেলিভারি হইরদে করোনা তাকিলা গাইয়া দুইটা বছর কুনু বাংলালেতে কোনু চিকিৎসা নাগো
/kaggle/input/regspeech12/test/test_sylhet_0140.wav,তো কিনো লাগে নি মাত কানাতেই মাতা ওইছে তালা খালারা বাটটা কটা ্থানীয় নিয় হ খতো বিতর ইয়া আফনারা সাবলেটিস ডিটিক থাকি ে মানে আফনারা ফুটি থুলেটি যা মাাফেক্টে
/kaggle/input/regspeech12/test/test_narail_0115.wav,তুমুি কী বলো আমার জগ আমি যখন টিউশনি করাতাম তখন আমার ম্যারাটিক এডমিশনে ফ্রেন্ড তাদের কি পাবলিকেসান্স ফওয়া দেয় কিভাবেই ন বাইনতি ছান্স ফাওয়া তেয় কিভাবে যেলা ইস্কুলি পরীক্ষা দিয়াতে এই সমস্ত জিনিস আমি বারো জানি আমি নিজেদর প্োগ্ামি সমস্থা নাই
/kaggle/input/regspeech12/test/test_habiganj_0112.wav,ক্লাস তো সবসময় ঠিককুনতোই ওয় অনেখ সময় ফোলা তাইন আবার ফুলগাত তো বারোটার তিকা ফাছটা পরযন্ত তো ফুলা তাই অনেকজন আসতে মানে যায় ন আরকি মানে ফাছটা ফইর্যন্ত একটু খষ্ট ওইয় যাইরালগা দিদিন কাজ খরা আবার অনেক জর বাইত তো আনেক দূরে থাখে লগা
/kaggle/input/regspeech12/test/test_narail_0176.wav,ল্ছায়য়ন কোত জাগা মার সিংনি হ্যা থায় ওন কোনে
/kaggle/input/regspeech12/test/test_sylhet_0624.wav,খুব টালান্টাম আরে আরেখজুন আফনা সনিয়া তাইন আবার তোরে ছিন না আমরারে  পিএলোর ফ্রেন্ড ও তাইনসুনিয়রে আরকি দেখাইরা ইনো অনর মেম আফনারার ব্যাছনি ফরেসনিয়া তাইন ফইরা আমারে দেখাইয়া নাও মেম তারার
/kaggle/input/regspeech12/test/test_narail_0123.wav,া সাইন্ট পার্সেন্ট মার্ক তার মা মানমা তার মামারে সবাই ভালো ভয় এই বুড়ুহত্তে শুরু হরি গুরু সবাই ভালো ভায় তোরে আগেরদিন তরে আগেরদিন কান্তারে নিয়ে যাতি দেখেছে আমাগে রাহুল যাইয়েরাই আমারে বলতেছে জানো বইদিহি জন্দনের বিছেনে দেখলাম ফোরকা পড়া এট্টা মেয়েরে নিয়ে ওইদিক যাচ্ছে
/kaggle/input/regspeech12/test/test_barishal_0057.wav,াপর কি খালি পাশিনানা কররিপইন্নাল লাহানইতাম এই তো রিপইন্না কিন্তু অনে কষ্ট কইরা চলে হ্েরপরও বাজারে গেলে মনে হয়ওর ওই বাবা লাখো পেতির ঘরে পোলা চা পাচ সার জোনারে সাতটা অর্ডার দিয়ে রেও এডে বুঝবে না যে আসলো কি মোরপু
/kaggle/input/regspeech12/test/test_kishoreganj_0065.wav,নাতা বাইতা কামাপে কামাযে আমনে আতা খা আছলা দেছুইন দেি কিতা নিবো আনে গন্নে ক বগ পোগে তো অন্নে গা ফআইন্না হ ফালতর কেউ না হ্যাঁ না
/kaggle/input/regspeech12/test/test_sylhet_0477.wav,ইানতের কুনতা অইলে বাইান তে সব তাখ ফালাইয় আরকি খত আমি নিজে জেনে আততা র দবলে রো ততপিটের বারসা ফাড়িতো নগে আর কিতা ওতা মানে ডেক বা নখলে ইলে যটে বিনো বিত্রে বুছিয়া য় না এখবারে ক্রাউল ডাইল মা্স তর খাটি দাক বাক্ষো থাকা মাত তাক মানে জিখন গয়াও খাটিয়াক গিয়া ফ্রেজফন্ট গিয়া এখান থততো
/kaggle/input/regspeech12/test/test_rangpur_0007.wav,ফু তো কুনদিন কইছো হ্যাঁ সেডি ক বুলা কতে  লা বুলাড কর নে ছাগলা মারা ভাই কল যেনতো ডা কন্টিন যে কর কলা আ দবাতআছি
/kaggle/input/regspeech12/test/test_sandwip_0005.wav,আমকাডোলা ধরা ইয়া আছে হলাছুর তারপরে দুগের্ছে এন্নে বেগগিন চোটলো আবর জে চুড়ি বইর্তে ভযগ এু য়ানে ি য়ানও পর টিয়ার দরকার
/kaggle/input/regspeech12/test/test_narail_0077.wav,ওইগুলো তো হয়েই যায় ওইগুলো নিয়ে কোনো াহর বিয়ে ও ততোায়া  থরো বিয়েইডি ওরডার বিয়ে ইথে হলো ভালো জাগা টে বিয়েতে আমরা ছিলাম এ কমাগের সাথে বাড়ি খাতেব বিয়েটি যে খায়ালাম থ্রে মায়ের বিয়ে ডিপোর্ট হয়ে গেছে বড় মেয়েরে
/kaggle/input/regspeech12/test/test_kishoreganj_0119.wav,া হাপে ে কি গাহাপে ঘাছ খা হাপেরে কি ঘাছ খা ঘাছে খা না হাফেরে ঘাসে খায় না আবার এইয ইযে গাছ ফুড়িন কি হাত বিয়া করবি না ম কিলকা েমো মোবাইল লরল
/kaggle/input/regspeech12/test/test_chittagong_0019.wav,আঁর ফড়া লেখা কইরতাম বইলে খইদে আয়বিয়এ গম গরি উখইগুম গম গরি ফইরগু মানে কম গরি হইগুম বই অইবো খুইলিলেইয়া আর কততো মন ন অ মনে খ দো আঁরও খতা ও মোবাইল টিবু এ মোবাইল গো আঁর জীবন নাইন চেইঞ্জ গরি দি তা না খাতা বানাই ফইরিলাি খইযে আমনে খইছ মোবাইলের খতা
/kaggle/input/regspeech12/test/test_narsingdi_0125.wav,নে বা মনে ভাইয়া  হ্যা গুড লাইতা অহন কডত না কেরে অনেত গেড গেড গার্ড গারড ডেড নাা অওন করে দিয়া যা এইডা যে কিমনা এডা গন্দ পার অয় না গন্দডা ভাল্লাগে া প্রতম প্রতম এই প্রেগ্লেমসটা খুব করা লাগে
/kaggle/input/regspeech12/test/test_sylhet_0543.wav,আর তারিনিকা অবস্থা আমনে তারিন তো বেশ শাল্লা ও যাদিন তো ওনো আছে যাই খরি মাহ্দুরে ফড়াইতো আর ইছে আমিও বাড়োইতে ফারলাম নামনে তাটি গেছে তার খারছ এনে তের ওভারোর কিতা অবস্থা সবতামি লইয়া
/kaggle/input/regspeech12/test/test_habiganj_0002.wav,রদশবারে দন তান জায়া ওইয়া আছেগা   না তান দিলা আমিন শহর ওই যে খারণ তান কি তো মাইনা ধরে মানুষআমি খাওইতাছি না খইতা যে থাকতনা ছাড়া আর কোনো ক্লালকা একবারের র এলুকপরা গেরে যায় া
/kaggle/input/regspeech12/test/test_narsingdi_0021.wav,খালেদ আছে তাসকীন আছে সমস্যা নাই প্রেস্ট ইনিউটে খুব ভালো আছে এরদিকে আবার ওই যে হাসান মাহমুদ আছে ইনজয়ি থেকা ওইঠাও খুব ভালো ইযে ইংল্যান্ডের সাথে তিরিশটা খুব ভালো বল করলো একশ হুময়ন ছিলো রুগেল ছিলো চাইর ফোদিন ছিলো
/kaggle/input/regspeech12/test/test_tangail_0008.wav,ফ্রেডিয়ার মেডি একপরের প্রেমে পড়ে আরখ আসলে একটা পোশাক নিয়া কনভার্সেশনইতে থাকে ওইসময় ফ্েডি আর মেডির একটা আরকি কনভার্সেশন থিকাই ওরা ইকাপরি প্রেমে পড়ে এভাবে অনেক দিন যায় এদিকে ফ্েডি নতুন ব্োডড নিয়া আরকি
/kaggle/input/regspeech12/test/test_sandwip_0115.wav,হাটে আর কিরবজ হালে হেহেয়া প্লাকি দতে গরে বুরা বজর গেয়া তো কইয়া তে আর কি একটা আর হেইতে তো এন্নে খাল্নে হাস করি হারে লিতোবো হেই হেরটা আকমা করে ব ছে ভালো স্টুডেন্ট যাগুন এগুরা হিসাব অইছে হয় ভালা কইততে বা না অইলে ছাড়ি যাইতে অইবো এগন হিসাববাগুজে
/kaggle/input/regspeech12/test/test_sylhet_0189.wav,এবং আমি ক্লাস এইটেউপের আগোর বড় ভাই তিন মেয়  কাজেলা গইতাছি  ডুইজওন গরো লাগে তাতো পোকভাবিরফরে সপে্সটেইম আমি এইটমি খও বাগছে
/kaggle/input/regspeech12/test/test_kishoreganj_0205.wav,দুেশ ছিনিস দিছার াক এর লাইজ্ঞা তার মনা ছাইতারগি বাদা
/kaggle/input/regspeech12/test/test_sylhet_0232.wav,তেই িপারের লগে আমার ভয়েফের পার্থক্য আমি মাত্র ম্যট্টরিক পরীক্কা দিতে ইয়ার হুটোল সার অলরেডি টেস্ ফার্সস খরিয়া ফড়ে আমরা শেষ খরিয়া ছাকরি খররা দরই্লা খরো টুল বক্করের গিয়া গইনি খববক্ষে না তেই ইকতার দেখিয়া আমার ভাইআইলতে বড়ো যারা তারা সিদ্ধান্ত লইদিলাইবা হুটো যারা এরা তো দরোর সিদ্ধান্ত দিতা ফারোইন না কিন্তু মতামত্তো দিতা ফারোইন
/kaggle/input/regspeech12/test/test_tangail_0057.wav,যেডা আসলে কেউ আসলে বইলা যায় না অরঠাৎ মানে বুঝাইছে ইরকম যে আপনার প্রিয় জিনিস অথবা প্রিয় মানুষ যাতা তে আপনার অনেকদিনের সম্পর্ক সে হয়তা চইলে যাইতাছে কিন্তু একটা সুন্দর গুডবাইও হয়তো
/kaggle/input/regspeech12/test/test_rangpur_0031.wav,আগে এইলো কুর বাইলে আসতি পারি না এলাগে তো হরিপুরেত গেইনো ওই যে মাডি ফাইল করতো হ চাইল করি আডার ডাইল গইসে এক পরে নাম হ ক হয় যে কা যগুলা র না  দেফের ম্তা ফাটা পাটা তা কযয়ল নাবরে তানচাছে  কা ক্ থোকবে না লোকে থানা তার বাইত টাউন য়া
/kaggle/input/regspeech12/test/test_sylhet_0625.wav,ফরেনা অপিরে দেখাইয়া আরকি খইরা খগুরে ওতো নিয়া রায়া খইরা আফনারার বেচ্চোন নি ফরে ওতো নিয়া খইরা আমাগে দেখাইয়া তারার বেচতো  ফরে আমারে খইরা খুবএ বই বাইর ওইবো মনো আরেকটা
/kaggle/input/regspeech12/test/test_barishal_0063.wav,পঁচিশ বছর হিসেবে পি পচিশ বস্তরের উপ্রে ওগনে ঘিরি খাইছিম হেইরপর আমি হঠাৎ এক দিন একটার ছাকর ই দিতি হেই হইতে আ রাইজ পর্যন্ত একটা বিরিতে আমি টানদিওইনা খালি কইছি আইজ তো হইতে খামন হইয় এই শ্যাট হেই কাইতি আর খাই নেই
/kaggle/input/regspeech12/test/test_tangail_0107.wav,এ ইউরমি তুই কী দেখতোসআতকে নিউটপীড বাতকি পেপার পরতো হ সকালেতো দেখলা বঙ্গবাজারে নাকি কী অইছেরলি যা জানত তিছো তুই জানোস না ওইখানে মোটামুটি তোর সারে  তিন হাজারের মতো দোকান ছিলো সবগুলা ফইরা গেছে একদম থাই কি
/kaggle/input/regspeech12/test/test_chittagong_0146.wav,আছ আই খই ইয়ারফরলডি গরিবে বলে ভাঙ্গি গোয়াই ন হইন গোস্য টুর স অইয় যাইবু গু গুডি এই আর কি অবস্থা আজেও ছবিছবিম বেকগিন দাখার বুঝোস
/kaggle/input/regspeech12/test/test_kishoreganj_0062.wav,তা তোর মাফেন টাকি মনুটিল গেলো  আম্মার আর কগিয়া তর বাড়ে দিহা গেল আব্বার গাছ ফততাম ফুকি তা পাওতাম না আমা তোরে আমার কইছে না মিতারা না  আমি তো ফুরায় দিছি যেদারা কইদিছি না জাদা কইছে জাদা তো কইছে ফুক্কি তা তরদি তুই
/kaggle/input/regspeech12/test/test_sylhet_0313.wav,তুমি এবি পা খইট্তা আইত্তা নিয়া তি তো আর সকাল বেলা উঠিয়া গেছোইন গিয়া তারা বাজারোত ও তখন তহরো আছিল বাই উবারটা তখন সবকিছু আনা ওই গেছে বাইর বাসাত
/kaggle/input/regspeech12/test/test_tangail_0088.wav,বলিংডের অন্যতম একট প্রভাবসালী ডিরেক্টর সন্দ্য় ওলইলা বানসালী তার তৈরি আর রনবিট কাপড় তোন রনবির কাপর এইডা প্রথম ছবি ফারেএ ছবিতে সালমান খান সুনাম কাপুর রানী মুখার্জীও আছে মেইন ক্যানেক্টার আছলে এই চারজনেই
/kaggle/input/regspeech12/test/test_tangail_0110.wav,যছক্রঘুরে যারায় কাপড়ের দাম বারেকতা আমার জানিকার নিউ হেটে বাতটালে আমার মনে হয় যে একটা জাগায় জাস্ট একটু দেখায় যা গুন লাগতে বাখি মার্কেট নর চগ বাজার আমি বঙ্গবাজারের আগুর জাগার ফরে যখন ইউ মার্কেটে গেলাম আমি একটা যদ পেইজ খরলাম যে নিউ মার্কেটে কাপড়েতাম রাতোরাতি বাইরে গেল
/kaggle/input/regspeech12/test/test_sylhet_0437.wav,খই এখটু দরো না এখটা বাতরুমো যাইতাম ফরে তাইন এখটু দরিও না গিয়া ওইফোর এখনে খালি গিয়া ওুইযা াক খরি গু কুইলরা ফড়ি গেছে আইয়া যো বাক্তারে বারছোয় না ইটাদেখফানি আন্দার কি গুদ্রত আর তাইন বুজিন যে খান্দান আমাজে খইয়া গিয়াও মসছিদো
/kaggle/input/regspeech12/test/test_narsingdi_0119.wav,তাবাই কার যে বাবায় তোর খুইজ্জা গেছে দুইতিন মার্ছ এইতে বাুো গন ছিলি নাগান হেইে পিগরেকারে ইতো টপ  আমি প্রতম বাত খুনো তোরা হাইড করতাছিলাম যে বাবা হেই গান গাডা আবার বাবায় যাইতে হলি যেই ফরে আবার কে
/kaggle/input/regspeech12/test/test_barishal_0082.wav,প্রযকটাদা হয় ওইদি পাঁচটা রাজর চয় সেইসম এই আর মডায় তো আন এই গাছের ডাম ওঅরম গরম এই গাছের কামে মুই বিশ বছর তুরির জরইন্না বিশ বছ  এই বিশ বছরের মইদ্যে ধরেন একটা না করতি ক পথ আর দশ বছর পরছি ফায়ে ফায়ে
/kaggle/input/regspeech12/test/test_sylhet_0187.wav,মানে আককি ফবে্তট বেলা থাকি আফনার খন মানে ফ্যামিলি আা সামখে খো কইন ই দেংস খ িতে ঘরে অইয়া নিছি ও ফ্যামিলি ইটু ঘরি ই আসলে মর কারণ ার ছিল
/kaggle/input/regspeech12/test/test_kishoreganj_0105.wav,কাদ্দ  া দিে হুম ান হযাযে পুকা মাকর উদ্বিদকে বেইচে থাকে পুকা মাকর উদ্বিককে বেচে থাকে পুকা মাকর উদ্বিদকে বেঁচে থাকে এইযে আমর এইে আবার
/kaggle/input/regspeech12/test/test_sylhet_0722.wav,া টাপটান জা না তা একসাপ্তা লাগে ব তা আমার একটু া ে খইন কাহিনীখই আফনে বিয়াই থাকদি ক তুইও ও ুিল রে ইতখয়লা ওয়া খলাগবা দে খা াকা তারমদে ঠিকথা এরফরে চিনি া তোও তরো চিনি ফান ওই গেলো না চিনিফান বাদে  কিনি ফাঙে কিতা খরে
/kaggle/input/regspeech12/test/test_narsingdi_0083.wav,বু এডা এডা লাইফে খচ্ছে বেরো ভুল ইছে ছুডুবের আগে ইয়া দেওয়া ফড়ে তো এইলাইয়া আরকি সব আমার লগে বড় বড় বড় বড় বড় বড় মাইয়ারা খরতো দৌড়া আরতারছি না কোনু সময়ে বাদ্দে তোর ঈদের দিনের প্ল্যান কী
/kaggle/input/regspeech12/test/test_chittagong_0165.wav,কিতায়া াদি ছাদি আইয়ে তোর বলে চাদি আর মা ঢাহা গে যেবু হইয়্ি হয় তারবলে পাঁচটা বাজ উটটি েচাগারটা ছাড়ে এগারোটা নাবাল ছাড়ে গোটা বাজি বান্ডে গিয়া থুই যায়ডাই তোর বড় হালা মন্নির অডা যাই বুজাু অ কুফির ভাষাত হ
/kaggle/input/regspeech12/test/test_tangail_0106.wav,আসালামু আলাইকুম আমি ুতা না আইডি টু ওয়ান টু থ্রি ফাইভ সেভেন্ ফটেন আজকে আমরা কারেন্ট এফেয়ার্স নিয়ে কথা বলবো আমার সাতে স্পিকার হিসেবে থাকবে আমার দুইজন বা্ধবী তান যদি আক্তার এবং এলি দা আক্তার তাদের বয়স বাইশ বছর এবং তারা দুইজনই স্টুডেন্ট
/kaggle/input/regspeech12/test/test_narsingdi_0093.wav,যয়া আছে কি কহাতে রাহাতি অইয়া গেছেগা এগুলা রক লা টেন্ট নাততা টেন্ট না কি কয় স্ামি আনা সামি আনাআবার সামি এন আছে আমার মামার বড় বড় ডেগ ডেকসি আছে আর কি লাগে আমায় যত কিতা অইবো তারে বাইজ্জা দিয়া ইয়া ক কেকটান কটি না না ইয়া ছা না  কে সার গুজবিলাগমো গাহাতি ইয়া অইবো নাই লাভ অইববো নিন্টিরা কইতাছ লা  নিয়ান্টিরে কইতাছিলাম
/kaggle/input/regspeech12/test/test_sylhet_0557.wav,আমরা জানতে ওলা আরকি ইলাও নায় তানমেল্লা ও এখটা অপারেশেন খিন ফরে আমরা গ ডরাইছ না আারতে ইয়ো ওোনি তাইন আরকি ফনো তো আরো কতা ইলা খউক না ফরে দেশা ইডা খছেনতানি ইলানখরে এগুলা
/kaggle/input/regspeech12/test/test_kishoreganj_0178.wav,রনে ততো কনকালা জীবন ভত তো নিরাপদ পানির জন্য বিশ মিনিট বেশি সময় ধরে রমিিশর সময় পানি রাখতে হইবি পানি রাখতে হবে
/kaggle/input/regspeech12/test/test_sylhet_0185.wav,তা দুই বাই দুই বোইন বাই এখজন মারায় গছো একা
/kaggle/input/regspeech12/test/test_rangpur_0026.wav,নামার খাছে দেখছি  লৌষের মইদ্দে তরকারি যা এয়্যাডে হ্যাটে হ দুইল্লা ককে এক  ক  লোকের থুকিল তরকারি আরেক লোকের থুকেলআর হা ে হ লকে আর হামার খায়ে
/kaggle/input/regspeech12/test/test_sandwip_0018.wav,পান এি ক্লাস ে ফাওন থাবা খেলে বারি গ বিজেতা কিতাদি বমাথা ইয়াছি হযলাডা কতাক চরে জানি বালা বানা তুনি কও রবন তালি   দায় খাপকটান ফুগার হইলে কা করাইততে পারো না ইতারে ভা েনে া  খাওন হমত নাা
/kaggle/input/regspeech12/test/test_habiganj_0008.wav,আমি বেশি খইরা ছিডি কেমনেয়া আমরা বাসার দারে াো থাককরি বড়ো রয়া হইছে নাা আমি মািন নাগা  টিনুডু লু কড়া রেজা কি কইনুনু না
/kaggle/input/regspeech12/test/test_kishoreganj_0052.wav,হ্যাঁ কয়া কতছেলো মাইজা নার কি ইয়া লাগাইতুন হা হ্যাঁ কয় মুন না শাইমুন ধাে কুমরার এক্কানিন যা দে ক  দশ মুন্দার না
/kaggle/input/regspeech12/test/test_sylhet_0118.wav,মগিচাকেছাড়া আনতো ছাতানি খরতো লাস্ট মাইনসের দরো গাড়ি বাইস গাড়ি ফাম ছুড়া ইইতো লিককা ইয়া ছুড়া ইবো ইতা ছুডা আইটু ইতার বিছ্তার নিয়া আইতো তো দিফ্তার নিয়া আইতো এমন তো আরআমাক ঝল্লাই ফারে না অভিক্য
/kaggle/input/regspeech12/test/test_sylhet_0486.wav,লইয়া আইবোন ইগুলা দেখতা খরা আমি বুছদিন না ওইতো আমিদেখাইতাম নায় খেনখেনে বাবা তুমি আমরে দেখাইতা না আমি কি তুমারে বেতা দেচছি আ খই না বেতা যেখতন আমি তুমারে বয় খাইরাম তুমার হাতের মদ্যে ইতা ি খআরে বাবা ইটা কুমার জন্য আনতি না এডাবার খাতে আতিনি ফরে ম্যাডামি দেখতে গিয়া খরে দেখা দেখতে ফারা না আমি খুব কোস্টি ফাইরাম বামি ডরাইলা  খান্দা শিখছি বয়ের যেলা ফরে ম্োডামি খইতেন যে ওটিক নিয়া নরমাল মানে ইনজেকশন দিয়া ফরে  নরমাল দিয়া তারফরে
/kaggle/input/regspeech12/test/test_sylhet_0699.wav,নন তিনজনবরর নাতিন উততা আরকি হ নাতিন টা আটজন তিনজন তিনজন দুইকজন অইরবোগা আটজখর তাইলি নাতিনওশা ্কুলো যার ফই ফড়োইন তারা
/kaggle/input/regspeech12/test/test_noakhali_0027.wav,কিয়া ওোলালরমরে ফরেও মা এডা কয় দুইদিন ইজ্জন্তো ফোন দেয় না হাতা আতা নানু  কইছে আন না নরে দুইদিন কল না দো এর ফরে আবার কল দিছে
/kaggle/input/regspeech12/test/test_habiganj_0100.wav,সিলেটের বিত্রে যাইন আমা খইবা বারি ারু সিলেট ইতা ফারমু অন্যখানো ওইলে যাইবার লেগি দিতা না
/kaggle/input/regspeech12/test/test_sylhet_0056.wav,ও আগে মা  ইতার সম্পর্কেছেবি কিচ্ছু খইন আরকি যতটা ফরে  একটু খইতে ফারমু কিন্তু আমার তেই নিতান আমি ফাইতানা আচ্ছা তাইততে কইন তাইরকে আতইযে তিন মাকের আছলা সম তায়ে মা তো অতুত্তই গিলা গর বইরটা কি খানি চুনইন না তুকে দেখোই ন তার নিজোর য়ত না আরি ওর বরিচিক্ত ওইয়া গেছে ন ফরে অখন তা আইয়ে খান্না খরতেওগযদ খাওয়া লাগি বইনা কিতা আর্তো
/kaggle/input/regspeech12/test/test_sylhet_0335.wav,তর কুরু করলাম কড়া ফরিয়া যেফর ডিটেন্ ফরীক্কা দিতাম তখন তো মুটামুটি ওস্তা খারাপ বেডিফরীক্কা দিতাম ওউ সময়
/kaggle/input/regspeech12/test/test_sylhet_0549.wav,আমরার মদেনোর  হল অছে ফড়া আছি না তি প্রাইভেট প্রাইবেট বের না ঢুরছে না ইবার ইডা একটি কান ডাকি া ফড়া ওই খায় নান ন্ত খই তা কুনদিন গিলাইবো রুটিন ই কতা খরকবার আগে  জরসি না
/kaggle/input/regspeech12/test/test_sylhet_0046.wav,কিতা খইতাখ তবা  মারা খা মারা গেছো তে কে ফালায়  বা ফাই বাই বড় ফাইয়ে ছেলো নখা ইখানে খ ছিলাবর কয়ন তাখো খেউলানে আর অন্যরা কিতা খরে ফড়া লেখতা
/kaggle/input/regspeech12/test/test_habiganj_0114.wav,এমনে ফড়া লেখা তার আর কিতা কিতা খরন ফড়া লেখা কিতা খরতাম অইন আলছি কিতাম এইচএসসি ফরীক্কা ফর্যন্ত মানে
/kaggle/input/regspeech12/test/test_sylhet_0450.wav,আমারে দিয়ে খবর ট অয় যদি পড়ি উড়ি যায় এরা া বেইস সেই ওকা অসুস্থ মানুষ তখনে যারটি তু কম
/kaggle/input/regspeech12/test/test_sylhet_0292.wav,েতো কাবিনের টেখা উক্কা ওতাও তখন মুহোরানা দাবগি খরা ওই গেছে কিন্তু তারা মানে যে গিফ বা রিংটিং এখটা দেওয়া লাগে ওতা ওতা কিচ্চু দিছোইন না কিন্তু হিক খরডেক ফরে উগো
/kaggle/input/regspeech12/test/test_sandwip_0030.wav,সাত ফুন না কুোন আনে ইয়ের তো নাম বিছে আছাত তোনে আমি চলে আইছো তো আইি কিট তুইবালা আত করুন অনকা কিন্ুক ফোন কর্ছে যে আম্মা কাআইচ্ছে যাইিনা অইগে চল আইছে বাসনা কিন্তু মাল্লা বিছিস্ত লাম এমনে ব আগলা এগলা রাইয়া ফেরেরি তো মানি সাংসারিক
/kaggle/input/regspeech12/test/test_sandwip_0078.wav,চািতা নমনা য়া ান বাড়ি কি বাড়ি সা হুম ইতা  ফোড়াইনকি ই লগে ভাল্লাগন গ্াসইয়া কুোনা ওয়আর কি   কিনচা
/kaggle/input/regspeech12/test/test_chittagong_0124.wav,অ অ পুরগি খতক্ষণ না হলু খতক্ষ না আছছো ুফুকি এঙ গরা খযান ভ্েন ব্রেনড ফেন না গরে আর ফুক্কি তারার চিত্র কিতাও যা মিক্কা ইচ্চাইর্জন এক্কুত্তরে চিট্ন থাহে হই দিগিন সামনার সামনি অ্যা ফুকি চিত্রকি দাক দে
/kaggle/input/regspeech12/test/test_narsingdi_0051.wav,সনডি চুরি অইছে না া না ওম না ফুরাতো না ওত ফাফ ফরা ফরে  গুনা ফরন দরগি ভিডি টানতোন না যে আগুন লাইগা দেনো ব্লাগ আয়ক খয় অনেকের কিন্তা খর খতো ধুক খুপেততার লাইজগা যাগা
/kaggle/input/regspeech12/test/test_sandwip_0106.wav,হেতে রোলাই খইত্তান আরলের সবচেয়ে বড় খারনবো আর আর আর বৃষটিতে ইয়ান কিয়ের্লাই ইয়ান অতিরিক্ত করে হেইতে হিয়ান অই ছে একদম হান্দেইডে হানদে ঠাইতি অইবো আঙ্গোগুনরেরে তো আমরা ছাড়ি দিছি এয়ান খইয়ারে তো একনওর দি হরার্লাই কোনো থাপ নাই
/kaggle/input/regspeech12/test/test_sylhet_0273.wav,ততা খরতে ফরতে আমার টার্গেট অইলো এখন মেইন টার্গেট অই গেইছে যে আমি বাইয়েরারে খুচি করতা যেহেতু বাইয়েরা আমারে খুটি করি আমি া করার দিতোন আমি অখন বাইয়েরা বাইয়েরারে খুলটি করা মানে আমার রেজাল্ট বালা অইলে বাইয়েরা খুটি ওউ বাইয়েরাগা খুলটি করার লাগি অখন করি খরি খরি
/kaggle/input/regspeech12/test/test_sylhet_0673.wav,ও ও আট্টা  ওমার ছুটে ছেলেও ডিটির অফিসা াতে পছে লে নাটে কইলাম ডাক্তার আইতে তারবা ইয়ো হেলতো
/kaggle/input/regspeech12/test/test_narail_0001.wav,ওই যে কি ভালো এট্টা নাম জানাম আমরা তো বারটা মোস্তাখাওর তা ে বিয়ে রখলো এেহনতে ঠিক পালাম যে আলাদা ফড়ি কি ভালো এট্টা নাম জযানু তিন ফরিকে দুনি
/kaggle/input/regspeech12/test/test_sylhet_0756.wav,মানে কুনু নিয়ম নিতে মাদে মরা ফরে য়ার মাজে আি একটু বেরা করে আর মনে খরো  আমরা যোখন আরতি জাবারোন মানে ও ওখাম ওখা মাতি মান ইতা লখ্ষ ব চাতখানেতানরা ব্র মাত নাকুন বিশটাস থাকা খরোইন না
/kaggle/input/regspeech12/test/test_sandwip_0038.wav,বাত কি দেয়খাই আইছে নাকি কি দাতু য়খাাহ্যা লাই খাইয়াইয়ে ছদেইখাইয়া
/kaggle/input/regspeech12/test/test_chittagong_0037.wav,কি আ কি আ তুরালে হাপনারে কুগুজ করছেন গ গোছেন নে দুরাদুরি অয় ওরে কি ক চুন্দর কি দি গেইয় এরে ই্কি দের ভালা ওডে এরে কী ফগালা হও না এডে ইককা চাহতে এ দ ইক্কা চায়াতে ট্যাম বাইক কুনতো ওইবু
/kaggle/input/regspeech12/test/test_narail_0180.wav,উনি কি মানষ কিভাবে কিনে একেক কেদি কেনে নাকি অল্পলফু তো কিনা দেয় না
/kaggle/input/regspeech12/test/test_narail_0148.wav,ফরে ওমিচরকতে চা বুচ্ছিস ওলা বাড়িতাআমি জফেনাইতেক আম তো বিয়ে বরে বসিরাই রইছি  মানি মিয়ে বাড়ি আর যাবো না মেয়ে বাড়ি যাইছে গিরামের ভিতরে বিয়ে আছতে নে
/kaggle/input/regspeech12/test/test_sylhet_0710.wav,আরছা আফনোর বাড়ি খানো বাড়ি তো আমার তিন ছাবর বড়তার যাওয়াআয় ততেেলিছাই হু ইখান সিলেটে বিস্তৃত  লেট নগর বাড়িও টিকা না নয়া লাগে না ঠিকানা বলতে আমরা এমনি গখরার লাগি আরকি খ বছেরো দরকা আন্তলিক শব্দগুলা দরখার ই
/kaggle/input/regspeech12/test/test_chittagong_0053.wav,আবাই আমি ইয়যনো হার মে আল্লা আছো বইন লিতা নাহ তো দিয়াটিএ গরিরে দর টর দিছে বুজ্জুস না এওমিয়া ইয়া চিন্তা গরি দেরে আম্মারে হোম ফরিবিন হুম ভইয়ারে ঠিক গরি ছেলিগিন এই বইনরে ইটে মা ইটে মায় বান য়ইয়্ গরি
/kaggle/input/regspeech12/test/test_sandwip_0090.wav,আঁর তো আর মাইয়া গেছে যে আঁই  দম কিছি রশি হকিতা এদে আঁরে ইয়ারে কমহিনিয়েরে কাম হার আজা করলি দেরো না আঁর তো মানি আঁই কিচ্ছু টিছে আঁই যদি তোগরানি এক্কানা দে হেতে আরও ফেষ অই যাইবেগো  এতে মন একদম ছলচতা করি আইল্লাইছে তো আঁকাওন খরচ কেলা দেতামর কিকে দো একটা
/kaggle/input/regspeech12/test/test_chittagong_0028.wav,কবর বয়সের আগে ফাকি যারলোগু বিয়ে দি ফালননা করিবু না মমা তাতুই গরি ফালা কুনি ওগগো বিয়ে ও মারে যু বিয়ের বয়স অইয়্যে না ওমারে মা বিয়ের বয়স না হইলে তোর তুই ফাগি আইয়্যুইস ফাগিয়েরে তো জুলোও বিয়ে জু
/kaggle/input/regspeech12/test/test_sylhet_0478.wav,যত বিয়্যিন আছলাম মানে হসপিটালো বাসা বাড়ি ফানি এরফরে মেনে বতাতার জন দুই ওজন বাবি আগলোত যান নে দেখলে খইবো তোমরা খতো মাতবারগি খন্দার আর কিন্তু খেউ কুনু খনো থাকের না যারার খাে ইগুর মা আমার হিবইন হি বই সব হসপিটাল ফড়াউড়া ফালাই
/kaggle/input/regspeech12/test/test_sylhet_0746.wav,কিতা খয়লা তবে খাইন আমরা গরম না আততে এখমাকবাদি আর দিন সমনে আমি াাবিয় আকি না এখনা  অবিস্রন না ই ওবিচ এনে নাইতা না এনবা দে খাইবো মানে ফয়লা খাইবার ছাকবা
/kaggle/input/regspeech12/test/test_rangpur_0047.wav,কোরবানি দায়া হক মানে কলাক দাওয়া নাগি হয়  কা ু সবাত দেনা হি এনমু কোলাস কোরবানি  দিবা কইপে না তার না এরসু খাবার ক া  া াপ া সবো কইলা ো পানাই ছালা বিবায় কততা বডা য় া যার হাত পা লো
/kaggle/input/regspeech12/test/test_sylhet_0706.wav,ও ু বারো বছর ই হ ইতা কিতা মোবাইলো তুলালাগে  আফনারা আমরা খালি আফনারার বয় া  রেকর্ডারাম মবা ইবা
/kaggle/input/regspeech12/test/test_sylhet_0538.wav,টিকনিকে আমি জানছ না টিকনিকও আমি তিনটা আমি তো জানি না স্তি আনিছালোর ট্ান্সফার লাখতে আমি দিয়া তি আমিতানখা আরে মনেখ যে ইবার খে না আমি ওতো আনি না তগয়া ইবায়া জানি একসা আমাকি তাইর লাস্ট একতাম  যাইছো খইলা বহ বাইতি যাই হয়যে ওইতা বাই বা ওই বাইজরা যাইতাম মাতাত তাখবো তা যাওয়া আমারেরইছে
/kaggle/input/regspeech12/test/test_sylhet_0659.wav,আপনার একটা মতে একটা ছুটবেলার সময়ে আ া বালা মাতি ইটাও না
/kaggle/input/regspeech12/test/test_kishoreganj_0001.wav,ুকে তো হরে  ্টাত না গিয়া তে
/kaggle/input/regspeech12/test/test_habiganj_0076.wav,একটা এক আইচ্ছা তুমি তো বালো তো উচ্চবিদ্যালয়ে করছো না হুম
/kaggle/input/regspeech12/test/test_barishal_0012.wav,হডা ফাইলেবে না তাাওয়ক এইযে করেদ দিয়ে আমা আমরা যে ভাই করনুদি আমরা দেবো এই যে কুত্তে ডাক্তার ওরা কিন্তু নাও খাইলা সটসের ডাকতা ফরা জন্ম কে তুনুও খাইল্লা কিন্তু ওরাও খব একতার আমাগ ওইযে মানুষ জানেন এই গরু নদি বুকের বাংলাদেশের পর্তেকটা দিলের লোক আছে গরু নদিতে স নুদিতে এমন খইয়া জাগা লোকা খেল নিা
/kaggle/input/regspeech12/test/test_kishoreganj_0166.wav,নানি সব ফরে এা দেও কিষি পাডা কি মানে দুবামাইছা ফানি াকিতাই কালে হা গর মাইক্কা  েতালে িকনিমে ডানা খাে ককালবা ইকাপিতাকি তাকি কিষি অইবো তাকে
/kaggle/input/regspeech12/test/test_tangail_0086.wav,ছবিটা আসলে দেখলে মানে ভালা্লাগবো না তারপরে আমি যেই মবিডা শেয়ার করমো সেডা ওইছে থা বারিা ড দুই হজার সাতেশ ছবি এইা গানগুলা আমি শুনছিলাম কিন্তু এ ছবিডা মানে কহনোইয়া আকি দেহা ওই
/kaggle/input/regspeech12/test/test_chittagong_0025.wav,আ বেশি ভালো অইয়যা একবেরে গরমে পতরি মুত্তু দরকার ফরি মনে খরি দে ইক্কানা ফুততা খাইতাম যে এডে ফুততা খাইয়ার কেমদারডে ভাজি গেইয়্যা অর অ আদাম্মার মেয়েরে হম বইজদিব আরে বেে তো বলে কী হানর সমস্যা অইয়ে হ্যাঁ
/kaggle/input/regspeech12/test/test_sandwip_0120.wav,া মানে হেছের একদম করা হারাই দখলে ইিয়ানে একশো বার চেশটা করতো এ অ কটা প্ল্যান দি া া আঙগো ইয়ারে আগে  আছা খয়ার মলো েরে তো র লেখা ফয়সা দিলে আমগে আরার হুতাই ঘার লাগে থাখে
/kaggle/input/regspeech12/test/test_sylhet_0257.wav,ব্যাচো রানতাম খাইতা বন তুকি আটি আটি নাই ফুল তিকা আাটিয়া টিক কতি দি যাইতাম কতিও ফুতটিং তাকা হাঁটিয়া টিয়া আমার নাই ফুলাইতাম আমার সময় বাজার ফোজার খরিা রানতাম আনি আর  রানতাম বাড়তাম খাইতেম আর করতাম ফার মনে ব বাবতাম আমারে যে
/kaggle/input/regspeech12/test/test_sandwip_0040.wav,কি কুনবেলাও দিছে ওগল  খয়া  দিয়া ওপি লিপতনো ছিআজি ইয়ানের গলো সছলা  বেডিক
/kaggle/input/regspeech12/test/test_noakhali_0012.wav,বেডি কাম করের হবে মাত্র ইয়া খুচটেব বেগগিন আম ডালেত না নুর বান্ধবীও গেছে না আনের লগে দ্েহা কততাছে আমর মনে করছে ব্যাঙগাআ মনে কছেনমা খছের ম্হিয়ানে দি আর তোমার করছে ব্যাঙ্গেই দিনো
/kaggle/input/regspeech12/test/test_habiganj_0094.wav,কুরানিত তো যাই মমাজর লাগি গুরানিত গেলে আমার বালা লাগে একটু কুরোন ইদিক দিয়া রপর ছগি টবি তুলন সামনে পিকনিকে কুতায় যাওয়ার ইচ্ছা আছে
/kaggle/input/regspeech12/test/test_rangpur_0058.wav,সররে দেয় না এই খোনো এখন এই যে বর্তমানে না যে যামরা মজুত রাখে তোামরায় এখোক খাবার এেকে জানি রাে এটা তো ফায় না কিন্তু অনেকেই ি নাই কবার প্রথম রমজান টুকরবা বাজের রমজান কি কবার
/kaggle/input/regspeech12/test/test_sylhet_0147.wav,পার থকর তো বউত টাগমাই আম তো আরতো বুড়া ইউো ফ আমরা দুনের খাম খরতোম ফারি বউ য়আইন আমরা ব্যমারও কিতারা দুর্বল আপনের  ম আব্বায় ছোইননে
/kaggle/input/regspeech12/test/test_sandwip_0051.wav,হা অন গ্লাসিে কি ল তুগেত্তে না কি কীয়ের লগে বায় হরিচন দিছে ক্যামনে ওতো লগে অলেই আমি হেতে গ্লাস হিয়ারে ধইরতে গেছে ঘরি চেজু ক্েমনে বাছ কাড়ি রক্ত ভাসি কিছু কনোরকমও বন্ধ কইরতি পারে না শযাষ অইয় ছে কেকু দ লাক্শারে কা ছেনিত্তে
/kaggle/input/regspeech12/test/test_kishoreganj_0199.wav,ম
/kaggle/input/regspeech12/test/test_sylhet_0409.wav,বাবার বাড়ি কোম্পানি গঞ্জ ওউ যে চারদা ফাতো ইনোনিংুনছি নাাওয় তা তো খরে ঠিক করি আরে আমরারা ওয়ডা ত যাইয়া রদি  াতাম ইকটু  বাবার বাড়ি
/kaggle/input/regspeech12/test/test_sylhet_0506.wav,া তি খইয়া দি বিগনিয়ারা নিতে জেমর বেশি বড় খয় তরেদাে খুব বেটি খ কুদাউজতখরআবানি তাইছি া তাকক নিজে কিতা করছেছেমানে হয় বিদ্রি খইতছোতো ফর আবার তাকাতা আমার আব্বা মানে খেতোর মাঝে দাটা তোমুযে বারাছ
/kaggle/input/regspeech12/test/test_narsingdi_0081.wav,ডাকা আম্মারডাও ভালা তুই তো তাওক খা ক  লগা  আ আমি দো একদিন খেইল্লা ধরার দিন গেততিনি বাআমি য ক ঠিক তে পরিসম মাম টেক মদো তক্কারে খেলার না ইডা আমি দো বড় পোলা ফাইনা লগা খেততাম না  আমার তো হাইড বেশি রাইখ্তা না এলিয়া ক্লা কা খেলার নাম দুতারতি না ফায়বে যারছো দুরডা ফাসপোর্টসলে
/kaggle/input/regspeech12/test/test_chittagong_0035.wav,তা এসবাইন গম ওব এক্কা না অ তু সময়ও খাডিবো হ ওরে আব্বা এইবারে লইয়া হনুম গেছে ইতো ন ফারি সেলিভি লিপদের আম্মা ও দেযাওন ইয়ের দে ক্যান্সিল গইরা দোয় ফুলকলা আব্বারেতু তেবার হতা আছিল হুম ইয়া এননো যেয়াইতু ন অদা আম্মাগো
/kaggle/input/regspeech12/test/test_kishoreganj_0154.wav,গুলা বিলওে মছ ফগ
/kaggle/input/regspeech12/test/test_narsingdi_0014.wav,বাউন্ডারি অয়ে যায় ওরা চোক্কে দেহে না ওরডারেও রান্দেয় আবার বাউন্ডারি না হইলে ওডারে সার্ব দিয়া দেয় ছয় দিয়া দেয় এরকম অবস্থ্থা দেশে একটা সিস্টেম একটা রিভিউ সিস্টেম ওরা ম্যানেজ করতারে না ওরা নষ্ট কটি টাকা দিয়া কী করবো
/kaggle/input/regspeech12/test/test_sylhet_0176.wav,এইতে ফারি না কুলাবাড়ি খাল্লার মেয়ে বিয়া অই্ছে খই তারফর আনি এখজন আরে খয় ন বুঝছি তারার বাড়ি যায়িন না যাই তাদাও আইনতেবা
/kaggle/input/regspeech12/test/test_sandwip_0072.wav,এগেরেযি ইগুলাত চত হবাহিখনা একবার ব্লাড টেস্ট পরা তো দরফার ইক্কা একবার ন কইর্লা বেটিংয়ার বাব ফাইলে যদি কোনো সমইস্যা ধরা ফায়
/kaggle/input/regspeech12/test/test_sylhet_0432.wav,বু রেও আমরার খজি কেউ আমার আমার ভাইয়ে তো বমার বইন কুতোখ আমার তা খাকবোন ট্র্যাফো ইয়া ওইতাম তাহে বুঝরা আমর এখন ইগু কত্পা বলা তা দবি্কা টাটা নিবয়া খায়
/kaggle/input/regspeech12/test/test_narail_0078.wav,ঢাকায় না কোনে বিয় অয় দওদাজ বাড়ি ফরিদফুর খাওয়াল আয়জন রে গিয়েইছেলো আমরার ছিলামম রাতায় বিয়া দ্োয় তে
/kaggle/input/regspeech12/test/test_narsingdi_0095.wav,তাইতো যেইডা জাপানি ইচ্পা করিয়ান করিয়এন গার্টোনা গরু এনিমে এডা আাইচ্ছাজার লে এনিমেলিউল্লাহ হরল্লা কতা কবি না কি কইরমু তোরে কবু তো কুমেলন কোনো কাল্টোন নাগছে ন কেডা এনিম কওকা মেলা কুচছি না
/kaggle/input/regspeech12/test/test_rangpur_0066.wav,এঙকা ইছে একাককু আতো আরওে লাগতাছে ওইযে  জ্যটা তো ভাই ওই আতো অনেকটা ত মকিন নাই ঠিক াছে েে রে
/kaggle/input/regspeech12/test/test_tangail_0047.wav,এই ফানখানরে খাইতে কি পরে এরখমখাইতে নেই পরে ওই ফানখান আবার লাভ দিয়া পানিতে যাই ওটা আবার আলাদা ইয়া আছে আলাদা ভাার ভারছ থাকার জন্য  আরেকটা ই রাখতে যেহেতু বুঝতে পারছেনা যে ভাগ যেহেতু
/kaggle/input/regspeech12/test/test_sylhet_0541.wav,ফাইয়া ওইয়া দুপুরে ফরেরে হেডি অইয়া আফ্তারত থেতাখে লইয়া গেছে আমি আর আপ্বা আচ্ছা  ছাকরি ইবর তার ফরিক্কা হেতা সখালে টা  থেকি বেশিভাগ মানে খমই গেছে না হুম ইরা গেটে নেওা ফরে লটারি আমরা ফাইলছি দুইটা ওবাদো
/kaggle/input/regspeech12/test/test_narail_0019.wav,বাব লুক সাতা বেশি আনে মাসেও তো ভাই অইছে পিঠে তো ভাই ওইছে মামা তো ভাই ওইছে সেইসময় বালকুরে কেউ খেলো শুদো নষ্টে সেই সুমা কেউ খেলো না ও সব কতা আমার শুনতিছ তা না ভাই আইজকে মামুক পুমা শুদু নস্টারে বউ মুয়ার্তো না ওডা সত্যে কতা মরলো তো খালি
/kaggle/input/regspeech12/test/test_sylhet_0090.wav,নাইনও খইলায় বই তো মানে মন অয় পরিলক্ষণ ওইছে অনে পরিবর্তন খরছে আমরা যে বই পড়ছি কিচছু হ
/kaggle/input/regspeech12/test/test_tangail_0095.wav,অনেক বছর কিন্তু ছাকি না মনে ওই আশা নিয়াই থাকে যে ইমান আসবে কিন্তু অনেকদিন যাই ইমান তো আসে না রণবির কাপড় সবকিনার জন্য খোঁজ নিতে যাই ইমানের ওই শহরে কিন্তু মানে কেউ চিনে না এরকম
/kaggle/input/regspeech12/test/test_chittagong_0118.wav,হুম মা পাচল দিস্তরুব ডিলা ওগগো ফাল্লা দিতিছ ইতারা আন কত বুঝা বুঝাইতে আরে আরো থয় আঁই ই ইতেরাডি্তাএএসে ম্ত একবারে ন ঢুকি ইতা আল্লে ফ ফট ন ফরে লাগি টুকিনডা ফারদে
/kaggle/input/regspeech12/test/test_kishoreganj_0184.wav,ফকেলো তোতোএল  তো হলো ইয়ো হইলো এলোতো ওয়াই ইডারে লই এলো লোতোা
/kaggle/input/regspeech12/test/test_habiganj_0041.wav,ইতারে বাই বইনরে পড়া নি দিবনের সম্ভব না অন্যতা কড়াইতে ফারমু অইন্যতারে আমার মাত খইতি দি অইন্যতারে পড়তকি বালা খইরা আর ইতারে পড়াইতে অইলি তর তর জ্ালার যন্ত্র না বাইরা যাগা হুি দার বাই বইনের পুতি একতু কেয়াল নাই ইতারেআমি কিতা পড়াইতাম ইতা কতা হইলে আমার রাগ উইট্তা যাগা ওই একটা বুঝে আরেকটা এমন রাগ উডে
/kaggle/input/regspeech12/test/test_kishoreganj_0030.wav,ডা বড় য়ানা এইডা না কইতাছেরে নিনি বির লাগে আমরা দিকে তো সবসময় হইতো নামাইখ থযাক বাজার এইডা এইডা বিভিন্ন কিছু অ বিভিন্ন ক্যামবাতা মাইখ থ্যাক বাড়াইতাছে বন্ন গাড় ড চব্বিশ ঘন্টা আম  জায়গা আছিল হেদিয়া
/kaggle/input/regspeech12/test/test_barishal_0095.wav,বউ পোলা হ্যা রে হে সংসারে যাবে ছেড়া বেড়ার দিগে ফরাক কা বান া চলুন না চালি অইলে যাইতাম হেইকতো কই আমি তো দেইখ্কা ইডু জি ছেড়া ব্েড়া কইছে কি খালি রা বাড়া তা ক তু কতাম না ভাইবার হেয়া করি মানুাইবে না ত আমিও আমনের্লা হাগ
/kaggle/input/regspeech12/test/test_sylhet_0375.wav,তাইন তাইনোর কাফড় তোপর নিজে নিজে দুই বায় তাইনোর খাবার দাবারদোরাি রান্দিয়া রাখলে তাইন লইয়া খাই লিতো বা ওউ ওকাজটা তাইন খরোইল তো তানোর দুই বাই আছি স্টুডেন্ট  তো তারারে আমি খইছি দেখ তোমরাও ফড়রায় আমিও খররাম তোমরা যেরখম স্টুডেন্ট আমিও স্টুডেন্ট
/kaggle/input/regspeech12/test/test_sylhet_0455.wav,ি মানুষ মিবুমনদিনারে বাবা মানি মানে তারা আামার তো মনে খরো আমার উম্মান খরে ম মান খরে আরক না যেহেতু যে আমার আম্মা তারা আমা আম্মা াকে সব আমার যদি হুপুয়াইটা আমরার বাড়িদি বেড়ানি যাইতামরআগে কুতা রানতা না আরতা বেশি ফুছিলছিগা খওকা ওগে গরে আমার আব্বা মতা আর
/kaggle/input/regspeech12/test/test_narsingdi_0039.wav,বাড়িতো যাওনের আগে কমিউনিটিমডা বানাইতো ইডে কারেন্টডে বাড়ি মাইরে গে তাই এই গড়না মন্দো কারন খায়ে উ্তুই বড়ার ফায়ে যাইতে থাাইতে থাাইতে থায় বিদ্যুৎ অফিসের লোকেরা পাইতো যিমুন করেন আমুরপাতি খারে কারেন্ট লাইুইন
/kaggle/input/regspeech12/test/test_chittagong_0049.wav,ঘরাত হালকা খাম গরিবের লাই অইলদি বউত গেল খাইতে হেই তে আরযঙ্গো ফরে অরু বাড়িতে যানডা ইদে গগিন হামতেয়া দিয় কিনলে গুরতাম টেয়া দিয় বিয়্া দিয়া রাইন্না হাম হলকাম ছেতার না াহতো টুদ জামাই কাইয়াম আছে জামাই কী হবো মার লবো ন ডি া
/kaggle/input/regspeech12/test/test_habiganj_0030.wav,এই খারা দেলাইছো উঠে হোস্টেলিয়ার মাদে তোবার দর্মীয় দর্মীয় খাজ ইতা ফান খরতে ্মীয়জ খরতে এতবার ওতো ও্সুবিধা লাগে না তা তেমন কুনু অট্টুবিধা লাগে নায় এরপরেও তো পুরাপুরিভাবে খড়ি না খরতাম ফারিও না
/kaggle/input/regspeech12/test/test_tangail_0094.wav,কুনু এক্কা পরে ব্যবসার খাতিরে ও অনেক দূরে যায় গাপ ফরে কিন্তু নাম কাপুর আবার ইমানরে প্রথম থেহা তেই পছন্দ ওইয়া ফারলায় আর ওয়রবন্ ও সারাজীবন অপেক্ষা করতেউ রাজি কিন্তু ইমান তো ব্যবসারের কাজে যে যায় অন্য শহরের অরার কুনু খোজ নাই
/kaggle/input/regspeech12/test/test_sylhet_0475.wav,কিনা আমরার জীবনে বাই বইনা ইটা মায়র ফাইছে া ফ্যামিলি ওউ যেমন কততা আছলাা ম একটা মাআমা কতা খছি না মানে কতা খইছি না মদ্যে দিন দুনিয়ায় আমি দেখছি না যেম দুনিয়ায় তাখছি না মরছি তাম জান না মানে এক মাস ফরে জানি আমি দুনিয়াইতে বার
/kaggle/input/regspeech12/test/test_narail_0179.wav,রাত্তিরি জি খাড়াইছে তুমরা পরা  আটতা এগারোটা স্াড়ে এগারোটা কোনের দিন পারখাওায়াইতচায় তা আসপে না রাত এগারোটা কোমা দোকানেতত তওই ঘরটা এইতো ফইসে রইছে  আটটায় কোনডাক থুরা
/kaggle/input/regspeech12/test/test_sylhet_0653.wav,মনে ইডাগগি খুইটার তুলবে ইন্ডিয়ার তো ইতা গর বানাইয়া ইও মানেয়নরতিশিফের্দি কও গ মানুর জাগায় খব গরলাদেওয় তোখাওয়া দাওয়ার তো খতছে  কমছায় নােবাা
/kaggle/input/regspeech12/test/test_chittagong_0002.wav,তা আমার মানুষ আখল এইল্লে এমার মামাছাড়া খারণম এহন নমাতিলো নিজেত্তো খারাপ ল  নগে লিসখোনো ফালা
/kaggle/input/regspeech12/test/test_sylhet_0621.wav,তো আছোল নানি তারা তো তার ইনজিয়ারিং না নিরেন ভর্তি ওই্তে ওইছে নে না েরিলিভার দিতো মেটাইটো আইয়োস ফরে মেডিকেল আবার দিছে ওইছে না হমনো ওচ্ছে ডেন্টাল দিতো নার্সিং হহাইরেনাতো ভর্তি গেছে ও
/kaggle/input/regspeech12/test/test_habiganj_0037.wav,আমি খইনা আমি কই দিলাম লবোন এরফরে খয় যা তোরে দি আর মাংসো রান্দা ইতাম না তুই এক্কে তোর হাইডেই বাদ করতো ইতা ওই
/kaggle/input/regspeech12/test/test_habiganj_0042.wav,বাপ মার সব ফরামর্য বা যেটা বাপ মায় মতামত সবগুলা বালা লাগেনি
/kaggle/input/regspeech12/test/test_sylhet_0015.wav,ুসবা রা পরকও ওততল এলাখা তোমান সবাই ই প্রসব খাওয়ানে অয় হেই কিস্তরিও খাওয়া য় কেউ ধরোন মিটলি যা কেউ জিনিস একটাদ দেজিনি ব্যাবলেট খাওয়ায় উৎসব আনন্দ উৎসব ধরেন টান বাজ নানিজকে জেএলচএ আফারেস আজকা দিরিকিজাঙবর হয়া
/kaggle/input/regspeech12/test/test_rangpur_0049.wav,মযতার সাথে দিলনিতে ওই ছে কিবেরও গেছি োনা  ছ এলা ওমরা  হামরায় খারাপ হি
/kaggle/input/regspeech12/test/test_narail_0121.wav,তাইতে কথা কিনছইনে না ওরে ওই সাইন্সত র বলিছে বুচ্ছিস আর যেউ কথা হলো সাইন্সার গরলো ভিত্তি টাওরে দিয়াও
/kaggle/input/regspeech12/test/test_rangpur_0062.wav,ওই যে একবার ওটায় চাদের মইদ্দে কী ওরে আল্লা ওই যে খাই দিবোত এন তু একবারে না ফার মানে ঝামরা এটা বেশি আসছি এইটাও ভোলা যাওয়া হলটে বুে আরে ওটা একটা া ইয়া র ওটা দি তাকদি দিয়া বুঝছ মর আছিলা ওোর সাথে এই যে কাপি এইখান দিও কয় কী কয় বেলে আখলে ওটরা থায় দিমুন তুই মোরখল মানে নোয়া ইস
/kaggle/input/regspeech12/test/test_sylhet_0712.wav,মানে যা খইনডা নি জান তিনজন তিনজ া তিনজন  ফড়ো আছোইনা একজন আমার া ফুরাততে গেট তুলো আমিমকদম আনার তো খইলে একটা কিতান
/kaggle/input/regspeech12/test/test_noakhali_0014.wav,আ যারা গ্রামীন না না আন নিনে করা বন দা বানা না ারে তারেতো ভালোই না না ব অই্নে ক কয় হযলাব যাখাপলাদাদালা কুনডা বয় হাপনাল আরকো এগিন দিরেই ক আগুন ধইরে দিবো ত ভালো ই মোডা মোরা অলা আারপ য়েনি দেতো হ্যাতা ইয়া লাকুল ল্তা াদ ত আমেকিতামি দেখছালে
/kaggle/input/regspeech12/test/test_kishoreganj_0060.wav,আরে ফালতাত্তে না ফারিছ না ফুইড্ডা উুইড্গা আর ফারো নেইগ্গা া গাছের ছা অনিইজ্ঞা যা নেগাফারিছ
/kaggle/input/regspeech12/test/test_habiganj_0034.wav,তে রান্না টাল্লা খরতে বালা ফাও নি আমি তো ছুড়ু তাকতের তিকিও খালি তাইতাম রানতাম রানতাম অখন আমার মাত বেশি ছুড় তাকতে কিতো না লিপ্ট তাকতে তো আমি তাইতাম খালি রানতাম রানতাম ওখন আমার মা দিতো ন খয় তুই আত ফুইরা ওইরা মোরবে রান্দাত গিয়া আমার লাগি আরো দুইবার ইবে কিন্তু আমি তাইতাম খালি রানতাম রানতাম এরফর ইতা খরতো টেমাদে রান্তা আমি খালি বইয়া খইয়া দেখতাম
/kaggle/input/regspeech12/test/test_sylhet_0453.wav,ছুট  ফুড়ি আমার কুটো আয়ে দুস তাইর মা আমারততো আমার বুঝা যায় না
/kaggle/input/regspeech12/test/test_sylhet_0373.wav,আর এখন কুনটে পরিস্থিতি মানে শিক্ষা দিক্ষার দিকে মাঝে মাঝে আপ্খেত হই তারপরেও আবার মানে আল্লাহর কতি যে বিশ্বেস আমার ফিরাইয় আনি যেনা আপ্কেত খাওয়া যাবে না ওউ ওইয়া আর চেষ্টা খরিয়ার আরকি তারারে লইয়া বেরাক দরলেখা খররা কিলা ম্যাডাম মানে  ফ্যামিলি তারফরে প্থ ফ্যান
/kaggle/input/regspeech12/test/test_tangail_0034.wav,আসলেই যার ভ মানে ভাইগ্য যার সাতে লেখা তাকে তার সাথেই আবার ঘুইরা ফিরায় একটা নুরু হয়্যি আর আইচ্ছা এখন আমি আরেকটা স্টোরি শেয়ার করবোসেরা অইছে লাইফ অপ পাই
/kaggle/input/regspeech12/test/test_chittagong_0113.wav,ফছালার মিচ্ছেওদে ফরে অতিরিক্ত অ এনরা ওডি গরমে ফাটাই ফাল্লার যে গরম পিয়খাদুমতাতা খবদে খরের খতা খারদে আজি না পুরান্দে দুন্নাজ চদি চড়িয়ারে
/kaggle/input/regspeech12/test/test_sylhet_0367.wav,একটা ব্রেক পরবে তো আমার কাছে একটা জিনিস সবসময় মনে অয় আমি ওকটুই মিচ্ছি আমি আল্লা কে বিশ্বাস খরি এবং আমি দেখছি আল্লাপ দিবোযে আমাকে অনেক সহযোগিতা খরছোইন বিশছি আল্লাহ একটা মানুষকে যখন পাঠায় তার রেকিগের ব্যবস্থা করিয়া দেয় এবং আমি আমরা হাসবেন ওকদুজনেই
/kaggle/input/regspeech12/test/test_narsingdi_0137.wav,ইতো যাবি মেডাহাদি আমি ডিআইউহেরি ইতে যাবি হেদিকে বই জমিদার গাড়িডা প্ল্যান আসে অনেক টাকা লাগে তুই যে হেদিকে  ডাঙ্গা টাঙকাহ
/kaggle/input/regspeech12/test/test_tangail_0004.wav,ক্রেডিট সামনের দাঁতগুলা ছলি একটু বড় মাম স্বাভাবিক মানুষই দাঁত মানে দেহা যায় না বাড়ি থেইকা কিন্তু ক্রেডির সামনের উপরের দিকের দাঁতগুলা আছিলো একটু উঁচা আর বড় তাই মানে দেখতে কটো লাগে
/kaggle/input/regspeech12/test/test_sylhet_0297.wav,গুরুত্বপূর্ণ কিচ্ছু না জাস্ট তাইনও হেপি তাখলা তাইন যদি টা পেমেন্ট খরতা ফারোইন প্রপার্লিত তাইন হেপি তাখলা ওদিকে তাইনেরও গিফটও দেওয়া ওইলো বাবা মাও খুশি তাখলে সামাজিক যে সংস্কৃতি ওগো ফালনখরা ওইলো
/kaggle/input/regspeech12/test/test_chittagong_0138.wav,তুরে যুদে আক্কাম হই ইতারা খবু দে ্তুন মানুষ লই যাও তা ফরে ইতারা নিবো ইতারা নতুলা লাগে ইতারা ঘর তো টোয়া আই না ফারে তুরা আা ি ছ খতাম টিক আছে তো দায়েনা খ হরে তুরে খ া  এদফা টাইন কিছু লাইয়াত কিলগুম হ
/kaggle/input/regspeech12/test/test_narsingdi_0016.wav,এই অইলো দেশের পরিস্থিতি গুচছস অন্যান্য দেশগুলাতে যেক অস্ট্রেলিয়া দেখ নিউজিল্যান্ডদেখ এএক মিজাল স্টার্ক অস্ট্রেলিয়ার খেলতাছে ও বোলের কি করতি অহন ইংল্যান্ডে দেখ টিমস্যান্ডারসন
/kaggle/input/regspeech12/test/test_sylhet_0551.wav,আর আমার বাসা সবতার গুছরে া একটু বেশি ওবা এখন য়ন ছাড়াারাখছে ইবার তারারে খইলাম যে ওউ আমার আকে পারলেতিনটা ছাইরটা ফর্যন্ত দরখারে থেলাডিও খুমাইয়া নিউ তে স্যারে খইরা ছেলারি তিন বিটা নায় নিলে সবে খইবো
/kaggle/input/regspeech12/test/test_sylhet_0022.wav,তার ভিডিও অনুসারে কু জাগা খরার পরে মার খাছে যেন যলি টাইমের সময় মাইকে এলাউস খরে আমরা গেঞ্জিলি দি ইগিন পূজা খরা শবতমি পূজা পূজার পরে ইখানো প্রসাব খাওয়ানু হয় মানে ঘরে আমরা খুব বেশি আনাদাওক কিছাব খাওয়ানু ওয় তারপরে ধরোইন ক্িাসিলিটি ছিরি খাওয়া সব কিচ্ছা সবতমই পূজা
/kaggle/input/regspeech12/test/test_narail_0006.wav,মনে কলো তাএটটো কটো তাই পুনতাম মানটিছা তা তোদে ঘরের অতোক্ষবর আমরা কি তোর বাবা তি কইছে নেকি যে এই জমিতি এই ওই জমি তো ওই এসব কামে য় কইছে নাইক্যাপরধান এতো ওই যে এডে জমি জাতিরা খাইতি কিনিতে এই যে মনে কইলো জমি ধান আইনতে একজন কিনটি
/kaggle/input/regspeech12/test/test_tangail_0071.wav,এটা বলুন ধরনের একটা মনে একটা জায়গা করি নাই পরে বরুন দাওয়ান ডেইলি কাকরিস করা হাঁসপাতালে যায় িলিসাতে দেহা করে ওর মানে যে কম ই গেছেগা মানে সন্স যে নাই পরে ওই সেন্সফিরিয়ান আর ট্রাই করতে থাকি
/kaggle/input/regspeech12/test/test_rangpur_0091.wav,কী মা িসমা ইলিশ মাচ দিে খাছিস পোডে পালু ইলিশমা তাই আনছে  তো ইয়া মহরজানি তুলছে তো ভালোয় নাকি হ কোনো ঝুর ঝামেলা নাই জুজ ঝামেলা নাই
/kaggle/input/regspeech12/test/test_sylhet_0151.wav,তারা কিতা খরে গুন মানে পড়া লেখা ফরে বেন আছিি ুরোজন তো বিয়ে ফাইনাল গুলাইছি ইয়ার ফারত দিগুতাছান বড়জন আ নাইম খইন্যতো ছালারার পারিবারিক তুনি বেকটাও ািএছাক
/kaggle/input/regspeech12/test/test_sylhet_0697.wav,মানে আমি ম াআ গেলে তিন বউ তিনপু বিয়ার কইরো নাতিছে সবাই  র তিনটা তিনটা দেই ইগানোর গর আ রো বি
/kaggle/input/regspeech12/test/test_chittagong_0076.wav,ছ বেসরকারি লইয় ওলি টেনশন নাই সরকারি লইয়লে সরকারির মদ্দে তো খাইতাম  সরকারির মধ্যে অইলে তো তুই সাইন্সর লই েরে ফরিবে আর আয়ি দো আসসের সাজেক লইয়ে খইরজুম সরকারইতো মনবিজান আছে তো
/kaggle/input/regspeech12/test/test_sylhet_0230.wav,বাদে অইলো গিয়া ওতা খরতে খরতে খতো মানস দেখে আমার বাই ইনতে না খরিয়া দিতোইন না দেখিা আরেকডু দেখি রেজাল্টটা ক্ষমতা বাড়ো খতা খতা খইয়া খইয়ার বাদ তারাবেগি দাখলয়া অবশ্যে
/kaggle/input/regspeech12/test/test_tangail_0118.wav,সবকিছু মিলেয়ে কিন্তু এখন একটা জিনিস খালো যে শুধু প্রধানমন্ত্রীর ওকর ডিপেন্ড কইরা নাই দেশের সবাই যে যার জাগা তিকা খেলায় আগেয় আসতিছে এখন রিসেন্টলি দেখতেছি থিকে ব্লগাআর রাবতান দািওটা ভাই
/kaggle/input/regspeech12/test/test_habiganj_0048.wav,হি কী গি এফটু ফাইতোক আমি গিফট পাইতেছে চুরি পাইতি খানের পাইতি পরে জামা দিতে এরপরে এই কুতা খরতে না ফুতুল আরতে না কেউ থাকতে আমারে পুতুল দিতো বেশি খাতের পুতুল
/kaggle/input/regspeech12/test/test_kishoreganj_0181.wav,অরেত বালখা ওয়ারন তো হনো গে অইলো তো অনুদ এলোতো অনুতেল অত্তো ুত তল্তো অনু তেল ওতো অনু তেল ততো অনু এল অত্তো অনুত
/kaggle/input/regspeech12/test/test_narail_0080.wav,আমি কি আমি কেতোরে লিথু আমি যদি ও খুশি ফইটাম তা আমি কথা বলতাম না র যে শুদ্ধ বাটার কতা কয় আমি এট্টু কাইলের ব্যাসার লোকজনতেছি আর মুমান বা
/kaggle/input/regspeech12/test/test_habiganj_0082.wav,লির গেন্চারকরে স্নে মারা দাওয়ার আগে ব্লাস মারনকি ওই মারা গেয়তিন তাইন আররা দুই দুই ভাই একবইন আবু ডাক্তারি করা শেষ ইখুম তাইন জরঞ্স্ুটেলআর
/kaggle/input/regspeech12/test/test_chittagong_0065.wav,আইতে আস সিদি মাত্র তিন দিন আঁরে খরদিন ন লাগিবু না বিএস এস নই আই আঁর বিয়এলে ন ইতো তেি িরজা না ওকগা বিয়ে আসে বিয়া হাররিন বিয়ে আছে বিয়ে ন হাইর এ না তু কু কি রাকটা মের শিদি
/kaggle/input/regspeech12/test/test_kishoreganj_0076.wav,কি দিয়া ফাইছো থাইবো কিদ্দা ফরা লনা কি উদ্দে না হুলু বাইদাইয়া কদ্দেনে মাআনা ও কি ডানাা ক াইদা তামা ফা লে না কতোইন না হ্যাঁ উুজজা ন  কথ
/kaggle/input/regspeech12/test/test_sylhet_0294.wav,দেওয়া যায়নাও দরকার আছো রামমেমবার এক্সপ্রেজরে লইয়া আইলাম আওয়ার ফরে তাইন লইয়া গেছোইন গুলডের দোকানো তে তাই সবারে রিম দিবা তো গেলাম গোল্ডের দোকানো দেওয়র পর হ্যা ্গলড দোকানো বম কিনতাম
/kaggle/input/regspeech12/test/test_kishoreganj_0201.wav,কেডা ফানি এখান এ দুইডা মসতই যাইবোগা কাই্টা পরে তা এডে দুইডা কত দন কি ন ন কত ভাবে দেইখ্যা আ  আই এন ি  তারে ভাঙকি যুৎ কন করহয়  বিদ্যুৎ মনেম তারাভাঙ্গ  বিদ্যুৎ মস্ত
/kaggle/input/regspeech12/test/test_rangpur_0076.wav,ভাম গোটা মাইুবো কালানা অহয়ার বলে
/kaggle/input/regspeech12/test/test_sylhet_0663.wav,তাইন খালা লাগবা তে তাএনোত্তো খালা খ লাগবা তা আমরাএইর মনে  কযখন না তাইনির লগে মাতে ারা তা খান্দয়া া তু ইাইয় াগ ম সেলেটে দরকারা দিন
/kaggle/input/regspeech12/test/test_barishal_0003.wav,দেখি না চোখে দেখি না চসমাতারা খালি দেখি বইসবকি দুি উইডা না যে ও আইরে গরুর ঘরে ফ্যান দিতে মাইরে দেয় না ফ্যা তোর ভঙ্গে কাইলকে নিয়ে এইডে দেহাইখি েকেকার রা া া তো
/kaggle/input/regspeech12/test/test_rangpur_0074.wav,সেতুকি্তো দি একটা দেে   বাাার কত ধরি লায়গো  কোটায় না হামরা একদিন একটা কোষনিও এ য একটা দে নো সিমহইয়াও হয়া কয়দি দেয় তে
/kaggle/input/regspeech12/test/test_narail_0036.wav,ভই ওইদ্ারে খালকগুলিক আগে জাগা ওই যে এই যেডি বিরিজ কল ওইতো ওই তো আগে ভিটেস থলো তগ  তোর বাবার কুনিছি নাম নানা আগে ভিটেস থলো তাকে আগের থাকিযে এইটে আমি কচ্ছে পকবো নাি
/kaggle/input/regspeech12/test/test_sylhet_0705.wav,হ বিয়া অইছে এগনখন না জ বািছেবি আফনের মেইন বাড়ি কুনা ন আমরা মি বাড়ি াকছে  না খয়া থাকলি ও রা বিচ্ছুন র ও এখন আফনেরে ধর্ম হিন্দু তন ম আতে ইখান ছানাতন ধর্ম আবলম্বে মানে খতোজন আসতো
/kaggle/input/regspeech12/test/test_sandwip_0100.wav,তাকে মন লইন যাতে অইবো খরচ করছি এগন দি এলোহারে কক্কতো খরচ করতেন হিসাব করেন তাআরকি এরা তো া যো  ই্তাদিকিতা হরামু সরকারি ট্যাকতি করা যাও আমু হলে ঠিকেছে  মজাকরে না এ হরা লেখা দিতো তাকে বু  এক্কান তা ডিবেডা লইয়া তলি আমনেরা হবিষ্কতথা আমনে বলা কিন্ছু লাইতো না কওনো মাইনকে ভাবে মাক্টারের হ
/kaggle/input/regspeech12/test/test_narail_0145.wav,তা তো অবশ্যই কী বলো তুমি এইখানে আসবা সন্ধ্যার সময় আসবার আইত থাকবা পতততপেন করবেল আমনে তু জন ট্রেনে বেনাহুম
/kaggle/input/regspeech12/test/test_sylhet_0217.wav,আমিও দরঠি যে হাউজ ওয়াইফিটা তো আমরার জন্মগতো এখটা ফ্ষ্যাখা আমার মায়া হাউজ লাইফো আমার দাদি আছিল হাউজ লাইফো আমার বাবির খটা দেখিয়া আর হাউজ লাইফ আমার বইনের ছাতা তো বইনাইন খালাতো মামাতো বইনের সব হাউজ লাইফ তে আমিও মনো অয় হাউজ য়আইফে ওইমু তো আমি তো মিনিমাম পড়িলিছি ্কুলখান
/kaggle/input/regspeech12/test/test_chittagong_0169.wav,আই ইশেের কাছে তাচ জিতাম মনে অরটায় ন খাইত্তা হরর লাই যম লাব দতা ন খা ছা খাইদায় না না কি অন্য কিছু টা খাইছি কীডে খাইয়ুস বিসছির দি এ তুর বড় ফুফ বা ভালা আছে নে
/kaggle/input/regspeech12/test/test_narail_0009.wav,আমি গুলাম যে কি রিসেন টাহা পয়সা টাহা পয়সা তো আমরা ভাইছি দশ হাজার টাহা তা শুনলাম যে এতকত টাহা দেছছে আমাগে চিকিৎসা ওতেই টাহা পয়সা খালি কি অলো আপনি খাইছেন নাইলি আমরা খাইছি কছ তালি তুই লাইনই থাক আমার লাইনি থাহে মনিক সাথে কথা কলো মনিক সাথে কথা কয়ে কচ্ছে যে
/kaggle/input/regspeech12/test/test_sandwip_0118.wav,হেতে তো আইএ ফইর্যন্ত সব কিছু মস্তার ফাসপো খরত হেইয়ানে হে অইজ্জন্ত অরছে মানি কোন আদি আর বাকি থোনো ইয়া ফান্দেডেখান্দে হাউন নিয়া স্টুডেন্ট হেতে রই্ছে বুজ্জোনে একসাতে আক টাহা দে আর তো আফার আর গর মাইঙয়ের লইয়া খাইন রাত আফার ক
/kaggle/input/regspeech12/test/test_tangail_0067.wav,মানে বসতে বসতে গেছিলো ওসময়মানে পিছলা যায় নিচে পইড়া গেছিলো আরকি একদম নিচে পড়া যায় কিন্তু মানেমানে পইরে যাওয়ার ঠিক সময় বইলা গেছিলো যে হয়েরিশ দ্যান মানেবরুন ধাওন কুথায় মানে
/kaggle/input/regspeech12/test/test_sylhet_0128.wav,হু তারফরে ফতি মাসে ঘরে মেনা যেরা আমরা বেতনও দিবো ছাবান তুডারে টাইতে লাগে হুম তোর তেও ম্যানা দারে দিবো তোর বেডা ইডে ফাও দেন সমস্তা টাইন্নে না না তাইন না
/kaggle/input/regspeech12/test/test_chittagong_0013.wav,সান্তর আব্বুরে আগে তিন্নো দিতাম এহান দুফাইতব ইতা আরো খদা দুয়ানক উকগো দেও টেসট অইলি ত দূরোতো দেওন খরিগু বেসতরিলাআঙ্গা গর দি আন ন খরিবো না কিউজিখু খতাদিন ছলে ইডিয়া তো নামাস অই যায়্য়া আরো তিন মাস ফাত্তা তিন মাস ফাত খবরে খবন গরি রি
/kaggle/input/regspeech12/test/test_rangpur_0089.wav,আটশো এগারো শো এগারো বছর তলে এলা ইয়া রোজা আছিস তো নাকি হ য় ক ভাত খাতছি ভাত কি দি খাতছিস
/kaggle/input/regspeech12/test/test_sylhet_0617.wav,তো এখন কিতা তারি নিকানোই আছেনি কিন্তু আই যা খালকে শনিবারে আইছে আএন মানে সবকিছু বিছনামছ না আটিরা তাই হাটকা ছহলে তাছি আছে বাড়িত গেছলা তারে ছাতা আছেন মারা কিন
/kaggle/input/regspeech12/test/test_sylhet_0127.wav,আছে ইডার মালেক থাখে মালিকা তারা খডা তাইলে থাখে  তরা আওা যাওয়া খরে খিয়াল টেয়ার খরে আল্লা বুচ্ছি কার এমনে দেখা সুনা কী খরে ডেহা সুলা ম্যানা যারা ছেমে না যারা প্রতিন মাস ক তু ইনচি টিকিট টেহা তুলা যিবো
/kaggle/input/regspeech12/test/test_sandwip_0022.wav,যা অহম চচ্চি কি কামাই গাছেনে যেগিন এক্কা না আ্তে ঘরে একটাইগা নে আাইলে কলা েু  খমত্তে নানি খোমত্তে না কি খইয়ান তিনিার লাগিলা কি   লা বলা ঘর রই গেছে তাইলে আ
/kaggle/input/regspeech12/test/test_comilla_0002.wav,বরি আমনের নব্বুই পাঁচানব্বই হাবারের গইত অ মাইনষে আমরা তো গরি ছন্য একটা রুপেই ভালোছন তিন জান তো না দে অবসতা খন্নর দাম  পাঁচানব্বই  ভইর করে না আমরা কি করমেেরা দয়া দাম খালে বাড়ে খালে বাড়ে খালে বারোই খাইল্লে বাড়ে ষাইট হাজার টাহাথাকি আশি হাজার আশি হাজার টাহা এ নব্বই হাজার নব্বই দাা তে পাঁচতানব্বই হাজার কারণ মনে হছে গি এক লাখ হইয়ে টাকা
/kaggle/input/regspeech12/test/test_kishoreganj_0131.wav,ক রকমের পল এইদের সে ফলে হরক রকমে ফল এ ফলে অনেক রকম পলে দে ব রকম ল এম্নে এইদে কে ফলে অনেক রকম অনেক রকম পল এনুা একানে কি কতাকা বিভিন্ন জাগা ই নান নামির কথা ি পল নাম
/kaggle/input/regspeech12/test/test_barishal_0051.wav,গরুর মাতুন খাডে থা এ ব্যাডারে তো এট্টা জীবন মুই পাঁচ দিনের দশ দিনের মাথায় যদি একদিন ধীরাই না বইয়ে থাহি না হেদনাগ ্দিন মোর ওই মনে করেন রেচ পাশের লাইন কচ কচ কচ কচ কর কি ক আরাদিন খাইয়া তো মুই মনে করেন ভাল ঠাহি না কচছা একদিন তাক
/kaggle/input/regspeech12/test/test_kishoreganj_0141.wav,বিবিন্ন র্মউগে না টানতো হয় কয়দেে আগে কতা কইল কতা কইরে আচ্ছা পিটনা স ক ই্ছা মাটি দুষনয় কি কইছে মাটি দুষণ কি কইছে যযে
/kaggle/input/regspeech12/test/test_narail_0141.wav,আমার সৌতিন বগ্নিপতি কয়নে ভাই আমার সৌতি না তুমি এইযে হাই খে ওল ওই দেসতো এগিন তে হবে না আমার া হাকিতা রায় খিইয় দেবো
/kaggle/input/regspeech12/test/test_sylhet_0156.wav,তেলি কিরামছিল ে কিপ্টাখলি খইতায় অখন বউত বালা একিন্টে গেই ই এলাখায় কিরখম আক কিলুর সময় ই এলাকা যে ততো খালিটি অংক আছিল
/kaggle/input/regspeech12/test/test_tangail_0003.wav,ফড়া তো আর ভোকালেরে তো ইটি মানে বুঝে আরকি কিন্তু ভোকাল তো একটা মেনি থাকে না পরে ওরা ওয়ারে নিতে তাই নাই খারণ ওয়া এরা আগে গান টান করে নাই
/kaggle/input/regspeech12/test/test_rangpur_0009.wav,বসুল পেটা পোনা তটি হ্যাঁ আসবে না কাই কা কয়ডাসযা বেটিফ না ডানতা কয়ডা মরা তো একস না হ খাবার খেইতা পরি নবিন দিন যায় না
/kaggle/input/regspeech12/test/test_sylhet_0358.wav,খইতোনালি আ ফুজলাম ইসতু হইমুই যেতো আমার টার্গেট আছিল পাশাপার কি আমার একটা প্যাচাজলগা ওটা আমি ডাইরেনটিটে কয়া তো সেই কারণে
/kaggle/input/regspeech12/test/test_narail_0186.wav,আমি  তেইশ ছব্বিশ তারিখ যাবু আর াখাও না আছে কাইলকে এই যে সন্দেশ টন্দেশ খাওয়ায় আসলাম কাইলকে মিজজাফুর গেছিলাম আমি আইছি অস্ছে আইজকে সকালে কাইলকে সকালে আরকি প্রশুদিন কি গইছিলাম দেহ
/kaggle/input/regspeech12/test/test_narail_0111.wav,খুমনাকিা মন ক ঠিকনইলে তুমি তুমি কী কইলে কারণ অঙ্কশ সিরি নিয়ে কালিয়ায় তো একটা বছর কালিয়ায় থাকবো  ফাহভিদিকটু দিয়াাবো কারণ শাহিন্সাররে নিয়ে খুব স্বফন বুচছিস
/kaggle/input/regspeech12/test/test_sylhet_0213.wav,নটিংলতই ভুটার খর তে ইতা দেখিয়া নাম দেখি আমরা বাই ফইলা ইতে খুব আসতাবে তফিত ফুটে বিদ ফুটে নাম হয়তো ইতা করিমুন যেস্তা দু কদুরওন্নেস্তা ইতা বা ইতার ম
/kaggle/input/regspeech12/test/test_noakhali_0022.wav,ফর ওয় কনি দাইখপান  আরেক্কারে দুতায়
/kaggle/input/regspeech12/test/test_chittagong_0136.wav,রুমে আফুরে এননেপন তো ন যাইতার খতে উনিয়াদেছ মানেেগিন জানা খইয়রে  জানা খইবে আইচ্ছা আফো খতে তুই আইছু না খরদে আঁই ন যাইয়ুম খয়তে কিল্লাই ন জাবি আঁই খদদি আসনি যাইছুমনে হয় হতে যদি তুই বেশি থাকনামি ন গরিত বেশিএই সেই হট
/kaggle/input/regspeech12/test/test_narail_0114.wav,তুমার সাে না কিতুমি থাক কনে ন তারে থাইভিবেককি পরীক্ষাটা ওরে দিয়াব দিয়া তর কুনরা জিলা ইস্কুল ই বা পনা কি  নৌ বাহিনী তুই যে কোনো একট মানে সবকডা  দ বস দিতামা তাইল তারফরে আমি নিজেই পড়াবো
/kaggle/input/regspeech12/test/test_chittagong_0042.wav,হিনিযে খিয়ার গরিবে পছুন হ মা ওগা আয়েনে আঁর অলে চাইন্নে এহইন্নের ঘরে এহন এইদিন্ আব্বেই আঁর মোবাইলির ওয়েব সাইট গিইডডি বুজজিস না হ তই ন ফয় একটু ফাটি বেইককিন মইউটিউদ গইরে কডাকিন গগিয়াগেউইরে কি বুজ্জিস না
/kaggle/input/regspeech12/test/test_comilla_0007.wav,ও মানে প্রথমে বের হইয়ে গেছে দুললার মধ্যে বসার জন্য দুললা ইটা সবটা কথা আমি রুহইর মুখেই শুনছি যেও দুললাতে যে প্রথমে বসতে গেছে তো তখন ওর সাতে ছিলো ওআরেকটা ফ্রেন্ড ওই ফ্রেন্ডডা আবার ওর মানে একদম ক্লোজ একদম স্কুলের প্রথম দিন থেকে ওরসাতে বন্ধুত্ব গইছে
/kaggle/input/regspeech12/test/test_chittagong_0145.wav,হ্যালো কিেতুরা ফোন দেখাতার খতা নন র হ্যালো না বুলা ছোয়লাছ হাছোছ
/kaggle/input/regspeech12/test/test_narsingdi_0105.wav,তহিবার নাইছি ররমারকা কটু পরপা খইরা মনে অয় ছিড্দনের উডু ছাড়িয়া ছাইরে দছি জেলি ইটা গিছি ডেলিরেততা জেলিতান ছেলিত্তা জাস দয়াগি দা খ জালি আরোই হেইডে কী আছিলো কাপের মতোতো দাা লায়া ফা্স্ট ইয়ারো পোডিং দিয় আছেন না বাচ্চা রাখটায় মযাংগো পলডিং
/kaggle/input/regspeech12/test/test_sylhet_0280.wav,আরআবারটা ওইলো কিয়া তোমার কয়মে লেেদেখ লেবেলের মানুষ তোনান না হয়  একটা পাবলিক ভার্সিটি  পাশ খরয়া এখটা মের লাগি তলাল নেবেলের পুরুষ লাগা যিটা গ্রামের মদ্যে এফেলিবল না আর আরোখটা জিনিস অইলো গিয়া তখন  গ্রাম তো গ্রাম আমার বা
/kaggle/input/regspeech12/test/test_sandwip_0060.wav,আইসে হইরজন্ত শাড়ি খী লু ক মা গাকি হাতো ঢুকইছে অন এইবের যাবিস টুমি ওক্ক বাবাঁয় কেন্নে থাকমু শাহিনি হন্দি আরা কি গরম আরো হিনতি হারে না হরি আন্নে হিন্দু দিলে আবার হেইতে খুলি যাগো কদ্দিন হরেতে কি খামগল খাইল্লে সারি ঠিক্কাতি  শর চইছে
/kaggle/input/regspeech12/test/test_habiganj_0107.wav,তা তান শুরু অইছলো আ তেইশ তারিক তেইশ থারিক্স ফারিক আউনিশ থাকি শুরু অইছলো আর শেষেব এক তারিখ গুজার মদ্যে আবার কিচছুদিন ফরীক্কা তরবো তো আর তালান যে ফরীক্কা অইতাছে ফরীক্কা ননেক্সসময় আগে সাধারনণত ফরীক্কা অইতাখে কিন্তু আ
/kaggle/input/regspeech12/test/test_kishoreganj_0134.wav,দাম হয়ে যাইতে না তাইলে সুদ্দেরফর হ্য কলা কাটা কলা কাটা  কতে সুদ্ধ  দরমু হ্যাঁ তর মু তেপে কলা কা
/kaggle/input/regspeech12/test/test_sandwip_0131.wav,খালি এম্নিয়া বাকি জীবনে খাই সা দিনি দিবেন এবার মেটি খইবা যদি খারাপ রেজাল্ট যদি মশকার আইগে হা র করাডা ন আংগো হয়ারে তো তেলাতে চেরাতে বাফে খবর দ আক তো নরমাল ফুনোরা জালটা এম্নে আম্নেরজাল আ রজন  কাই্াকআনা আ  চেমন্নে যা  দিনে আরে কইতেন যে হুনতি ফরডাঙকাননে কইল্লে বিয়া দিয়া লাইবে ন আসলে মানে হিয়ার লাই করিতিন্তু ইয়া লাবেন যে
/kaggle/input/regspeech12/test/test_rangpur_0102.wav,র সাতেও কতা হয় না হুম ার সাতেও কতা হয় নাই নাহ সোয়াগ সেলিম ওরা আগোত খাইচে আর া হয় না আর কতা নাহ
/kaggle/input/regspeech12/test/test_sandwip_0042.wav,মনে করছি টা হরে আর তুমাকো আইবো অক্কন আঁই তা মন তি তো বাত ফারাইবা বাতেল্লাই বলি হাডাইবো হুনো বলা আইবো নে আবার থাইয়ালাইছে বুচ্ছে আঁহেরনে হইয়া লাইফে হর আইছিলো ক হোটেলেরলে হোটেলে থহেবিলেশ হনাইছি
/kaggle/input/regspeech12/test/test_rangpur_0001.wav,তো আমারর পাওরের ছমকেলো নিবান না কি ক মো কেনো শাকাই পানি খাইবে আগে া লে এয়া গরসম মাই লিবাননে
/kaggle/input/regspeech12/test/test_sylhet_0094.wav,গিয়া থাতিওব দি   এ দাক গাছ দে হইনে তো তুই আজার খাষ্ট টযায়া দেওয়া অয় না বড় বাইরে কি তিন হাজার ফার তারো দোকান বাকি লাগি দুই হাজার আভারে ওইকম ভাই একটা ফিক্টি ডাও খুতরাও
/kaggle/input/regspeech12/test/test_sylhet_0588.wav,য়া তরিয় এমরে রাখে আছেযে এনরে সাতি জানতাম আরও আগে রাখলে ভালা অইনোনে ইতা যে বেটাত খয়া দামছে যেটা করা দেতকি বে আরকি যেছাতাওিগুন ফড়িয়াও ইয়ো খরো আযামিল্লা জানলে আগে দেতেউ রাখলাম না তনা ট্েকনিক ফারময় ক তরা ফ্যালেন্ড লয় নতে ল যে খতো একটু সাইট দু
/kaggle/input/regspeech12/test/test_narail_0175.wav,নয়েনের বউ থাকে কয়নে অনেআরতে বতোহুম
/kaggle/input/regspeech12/test/test_sylhet_0748.wav,রাবজাইয়া রায়ত বানানি লাখ রান্দাইয়া ফাইা তো ওইদিন যগি তান আত্তায় টানি মাছ ফাইবো তাতা ফাইবা আফনে খাইতা না েদিনো খাইতানা য়াানবুখানইয়র খাো লিখছো না
/kaggle/input/regspeech12/test/test_tangail_0056.wav,অভিনয় সবকিছু ছেড়ে দেওয়ার একটা অভিনয় কিন্তু যেটা সবচেয়ে বেশি আরকি পিরা দাই বা যন্ত্রনা দেই সেটা হচ্ছে একটা মোমেন্ট যেটা মানে গুড ভাই বলার একটা সময়
/kaggle/input/regspeech12/test/test_narail_0170.wav,নজামাই কোন জায়গা জামাই কোন জাগা
/kaggle/input/regspeech12/test/test_sylhet_0385.wav,সিলেট ভর্তি খরাইছিল অখিলাফলে তখন ভর্তি ফরীক্কা আরছি আমি ফেখারি খরতোয়
/kaggle/input/regspeech12/test/test_habiganj_0047.wav,বারিসে গিফট দিতে বালা লাগে দে মানুষে গিফট দিতে ভালোই লাগে দেই দিপিও কেমন অ সামর্থ্য অনুযায়ী ডিপি গিফট দিতে অনেক ভাল্লাগে
/kaggle/input/regspeech12/test/test_rangpur_0020.wav,শাক খাওয়া খুব ভালো হ্যা হ্যা রমজান মাছে মজা হইলে শাকে আছো কতা খলি খালি কছ তার মনে আগে কী খার না খা খালিক ফাক তালে খাওয়া দাওয়া করছে কি কিেরি টিম বাজা বাইগুন বাজায় কিআরো ি বাজা ভাইু
/kaggle/input/regspeech12/test/test_chittagong_0161.wav,কইট্টা কলেজ দি প্লাস বায় দিও মারসুত যে আ মানি তোয়ে কী তিন মানি তুই সরকারি কলেজ ুমরা কি বাচতা কাজে টো গ আহেদিন করতে কুনালে যে টেয়া লবো গা  সকারি কত টেয়া লবু অন আজপর টেঁয়া লেবু
/kaggle/input/regspeech12/test/test_sylhet_0472.wav,না তো টেখা জ তাকি যাটা তো জাইন্গা কুন জিনিস বইনে খালি কুন বনের কুন জিনিস ফকন তো কুন জিনিস টাখাই ওখে বাইয়া নতাছিন বাই হযার খুব খম আনতল তানাই আরার বাইয়েন তেখ আর খই বইনে জোর টেখার খারণে আমরার জবতেয় আর বইনাইডি একটুফানতি ফাইরলেবাড়িবর দাখত খর
/kaggle/input/regspeech12/test/test_sylhet_0304.wav,সিলেক্ট থাখতাম ফারি ওউ কনডিশলে বিয়া তাইন পিলানতো ঠিক আছে তো তাইনো তাইনোর মা বাবারে বুঝাইছোইন যে তুমরা যে ই ফুরিরে গিয়া বউ দুখ্টি আইছো ই ফুরির তো রান্দা গন্দা খাইতায় ফারতায় না ইফুরি জীবনো বাদত যাইতো না সিলেট তাখতো তাকরির ফরীক্কা দিতোতা খরতো ওতা খরতো অখন
/kaggle/input/regspeech12/test/test_sylhet_0020.wav,তা ুডুকমা নাইবেজকি দি ছুনুখা এজটি দিন পর কতো  সন্ধ্যার সময় ব্যাল গাছে নিছে গুজা খরা বিল প্যাল গা্ছে নিছি গুজা খরায় পকম বিল যদি সন্ধ্যার াটাইন  পলসকি প্রায়
/kaggle/input/regspeech12/test/test_sylhet_0732.wav,তোমার সাথতে আয় দুইর উটারে বি ন রা একটা আছাাাছেনি তারাতাড়ি ধরোইন বিজে যাইতো েলে আজিন তালে াম ফকটা তাইলি কোন কোন আয়োজন খরে ততো ইরকম আইরজন খরে আমরামনেনা খয়েকটা নাম খইলে আরেকবার কই নাম টাইন
/kaggle/input/regspeech12/test/test_rangpur_0039.wav,তছেটা কম দামি গেতিগুলা ত নতে ভালো এই বেরকারগুলা খুব ভালো কিপ্পিতো কেওন র লগো আসল াওই দেখমো কেমন আগতে দাা আ ল্লা আগে মু
/kaggle/input/regspeech12/test/test_rangpur_0082.wav,হামার মা যেমন অবিনয় ঘেমন করি হামরা মাও ভেরে দেখতি ওইযন করা হামরা এখনা কিচু শেখতি বুজছিস ওই যে শাজানের বাপ ঝেমন শাজানে দেখতে এখনা কিচ্ছু কইছুক
/kaggle/input/regspeech12/test/test_chittagong_0005.wav,াতান না তারা খয়  তোতবিষজু মুর তুন এহন তো আইটের দেয় ন বইে সকালে এক্কানা গরি যাইয়েরে বইলি বই তারফরে তা পিচারে যাই কুইেন্ডে যাই ইয়েরে ক্লাস থাকে ক্লাসে ক্লাসে যাইতু আই আয় খজলা তো আইয়েরে ফইলেদি চারা ঢুকিিটু ফেক প্লা টা্ন ইয়েরে সন দেয় হেদিন নাআইি
/kaggle/input/regspeech12/test/test_tangail_0012.wav,ফোরি মার্কর সলে ছিলো হোমো সেক্টুয়্যাল তার সাথেই অনেক ছেলের সম্পর্ক হয় আর এই বিষয়ডা যারিজে ছিলো অর যে যে ফিলোস আর ওয়ার সাথে আরকি ব্রেক আপ হয়ে যায়
/kaggle/input/regspeech12/test/test_sylhet_0581.wav,ইতা খয় ওইযে হয়ে পামর ভাঙগে নাগছে কিন্তু গিপ্লানট  ইবার যে আমরার শেখ আাছে না পার্ক ওইযে প্লেইসটা একটু ছুটো অইলোই সুন্দরগা দুইটা আর আইডি ছরটে টারেল গাড়ি একটা কাইটাইন সুন্দর লাগছু সবচে
/kaggle/input/regspeech12/test/test_chittagong_0060.wav,ন জানি কী ইরকুম এইতো তা কোনু প্ল্যানট্যর নাই তর টিটি কলেজত তুন রলিছার লই গেছে না হ্যাঁ ডিলিস পেপার লইয়ুন না সিডি কলেজত তুন কিনলাই
/kaggle/input/regspeech12/test/test_sylhet_0239.wav,মুখ না ওফারাছ গল আমরারে খরতো ফাইবো আর আমরারে বদ দোয়া দুইবো যে আব্বা নাই খরিয়া আম খাইছোইন না তারা বাইয়াইন আমারে বু্জা মনো খরিয়া বিয়া দিলাইছোইন এখন তো তাই যেহেতু করতো ছাড় আমরা একটু দেখি লাইম ওউ দেখি লাই ফইয়া ও দেখিলাই দিতিছোনে আমার বাই আমারা নিয়া
/kaggle/input/regspeech12/test/test_narsingdi_0122.wav,বইন প্লিস এওয়ার পরতেই লাগা না ্লিজ কানাইট কইরা লিছি এ দেক ট্রাখযা দেখতে কি সুন্দর না চেপপি দেখ েডিজি ডেমন একইকারেকটার দুই রূপে না এইছে হিউমান থাকতে ফারে মুজানট বুচস জি হেরে ডেমনড বানায় দিছে
/kaggle/input/regspeech12/test/test_tangail_0021.wav,দুই হাজার এক সালে রিলিস পাই সেরএন ডিপিটি আমার অন্যতম একটা ফেবা এক মুভি কারণ এই মুবিটা একটা লাউস্ট রই মুভি আর ছনায়ক থাকে জোনা থানা নায়িকা
/kaggle/input/regspeech12/test/test_sylhet_0394.wav,আচ্া আটারে  সমস্যা আছেনে মি আছ ওখানে দরজন্য লাগে এ আইজটা পডুকিউপি যায়  না ওইযেুরকিছু ইতা ইতা বাসার সামনেই দেযখ কি আড্ডি যদি আগে একটা প্রায় অরট আছে
/kaggle/input/regspeech12/test/test_sandwip_0025.wav,র বল্লায় চার কাইলে জুতি আছন র জাহিদো একসময় এরকম আইছলোম আক বয়স অয়তো তে আছা হরালার হেন্নে ভালো অই যাইবো হেল্লাইগ কই ভালো অই যাইবো হতান ি  আই হিয়ার এক্কারা মানি সবসময় আছ মাফারে যেসম ক জাহদ জাহিদে যেসময় হে গত্তে হয় হেসমগ আছ মাফারে কতা কেন কইছি আইগো আছ মাফা দেইখবেন আম্নের আংগো আরগগা ম্যাডাম আইছলো
/kaggle/input/regspeech12/test/test_sylhet_0040.wav,মা নক্ষির ঘরটা আছে না দুর্গায় সক ঘরটের মইদ্যে পানি নিবো ঘরটায় বটছে নে পানি নিয়া তারা নে রাগবো এই পানি দিয়া পরে আমাদের হাতে একদরেন সত্তি আছে এইদেকে ইটা সবাই কেটার বিত্রে অপরাজি তার ডাল আর তাকি া ইতা পুলের ডাল আরে কি কিটা কইরে মদ্্রউচ্ছারণ খরিয়া
/kaggle/input/regspeech12/test/test_chittagong_0039.wav,খিত্তাম হ দে আড্ডা গো দি ফরাদ্দি লাইগ্া কিন্তু আমি জোরো মুরই য়্যিনদে একটা আড্ডা আগোদি কি আঁর গরবের বইন খাওয়ালা আর কি হ ইয়ো বইন আঁর কিন্তা করবেলম দি পওয়া লেখা অইরি রজজান মাসেত ফোওয়া লেখা ও না হ
/kaggle/input/regspeech12/test/test_noakhali_0024.wav,একজনে কতা ক খইবো তারে ঘরি আর না আন্নে তো ঈদ বাঙ্গেরে ঈদ বাগান দিয়া করো ইয়ার গাছ দিও বিলিয়া গাছ দ বাঙ্গা বিল্লায় গাজ কযাল এডাইডাএগ মনে লাগে অনে ইকি মনে লাগো বুইজ্জি তো অংকা
/kaggle/input/regspeech12/test/test_sylhet_0178.wav,ইন তো এা কিচ্ছু খরোইননি আর সগা বাইনরে মাইলা খাই ফাই কিচ্ছু নায় এখজনে ওতো য়ো খরা ওউ মাদরাসা ছাখরি খরোইন এখজনে ইতা ওতো খয়সা উরতা নাই তপলার মতো কি কুনু দুরোর আর এখজনেপড়রা অন্যদি আছলাইনপড়রা আর আর নননদারোর খাম খরোন ওউ অলে আর কিতা কুনছুরো ফাছা
/kaggle/input/regspeech12/test/test_narail_0185.wav,া
/kaggle/input/regspeech12/test/test_sylhet_0603.wav,আমার লুলো স্কুলো আছে না বল্লা ম্যাডামে খন সিলেকট থাখোন সিলেট সেকেন্ট এইবল প্রবলেম হয় এসময় মেডামের এক্ষেত্রে যখন ছবি টবি তুললাম আমনি ম্যাডামেরে খইতাছে ম্যাডাম যে বালা লাগতে স্যার এন ম্যাডাম আমার তিনিদিছে অনে অয় নি ছিন্তা না নিতে তোমরা তো মানে
/kaggle/input/regspeech12/test/test_narail_0044.wav,দফাদর দফাদর ল নাদা রাখলো কে কু জাগা া হয় দফা দওরের জাগা রাখলো তোর বাবা েনে ও পা খর খুঁজ দেরপিঅ দফা দর গ ওইসুমা শান্থ িবু তুই তো তেনবি ও মানে ত তেনবে না হরশ কিডা  বড় ভেডি গু বংশের ফয়াল
/kaggle/input/regspeech12/test/test_narail_0129.wav,গরমের ভিতরে দাঁড় বার উঠিত কেউ অঠাৎ পরি কচ্ছে চন্দন যথর আছো এহহন্ছি প্রচুর গরম তো ঝাইমে যাবানি থাক পরেক সুভায় আসছিআউ তুমি অন োআমার অডে লিস করতিছি আরএকটা মসুময় দেও
/kaggle/input/regspeech12/test/test_sylhet_0383.wav,ম্যখতো যদি থাকি না তাইলে খুই থাখমু টা এখটা বুছা এখটা ইউোর মতো ডিয়া গেতি আ ে কবা বড়ো টন তিনটা িনতাওতার নজে দিয়া গেতি গিয়া তারফরও আমার বাইয়েনতে আনছোইন আমার একটা কোচিংও দিছোইন দিয়া পাও নাই উ একটা ব্যাখ গেতি না ওকুর মযসে উঠতি ওনো আমার লগের আরো ছাইরজন থাখতো লালিকা খরতো তারা আমরা একলগে
/kaggle/input/regspeech12/test/test_sylhet_0287.wav,পরিবেশ আমাদের যে কষমা তা আমি খয়তো আমার তেটে কোয়ালিফাইড ফাকমেন্ট পাইমু ারনা আমি তখন আমার ফিউটার নিয়া সার্টি যে আর খেয়া ইবো আমি যেই স্ক্রেসের মঝে রানের মাঝে উঠছি আমার একটা ড্উ ওইবো হুম এবং আমি টাইলে এখন আমার যেটে কোয়ালিফাই থাকবেন্ট পাইমু
/kaggle/input/regspeech12/test/test_narail_0107.wav,যাগবার এমনে ওইটা আজতে গিয় যখন ডাক্তার দেখাইছিলো এম ইনফেকশন হয়ে গেছিলো আর এবার দেখালাম তা ইনফেকশনের ইটা কমে গেছে আর ওইটা ভেঙে ছোটো ওইয়ে গেছে ানি খন্ড ফান্ড ওইয়ে গেছে
/kaggle/input/regspeech12/test/test_sylhet_0043.wav,াা মানে মানে চ্াঠিকখা ফড়া লেখা ফরামত করুন আমরা আমরাও বেশি ার একটা া মানে ফড়া লেখা একটা ব্যাপারওই মানে আঞ্চলিক ভাষা নিয়া আমরার একটা রিসার্চ আর কি তা আমরা এমনি একটু গফ করমু  মাা কতাডার কি দাসিলিক ভাষা দরখার আমরার
/kaggle/input/regspeech12/test/test_kishoreganj_0028.wav,আমার ফরাদিন রামডা ভুইল্লা তিগা মানে এইলা মারা গেছে কিনতাছিলে আছে ফাজন কামরাজে উঠতে এইযে এন কটা ইস্কুল আছে কি একটা কিনতার গাড়ে হ ইস্কুলরার লগে ওইডা মারেতে খেলে নামজান কিতা কও ফরকারি গারি বাংলাদিন
/kaggle/input/regspeech12/test/test_barishal_0039.wav,এহন কয় কি কয় ট্টা গরু পালমু বেদি খেয়াল করেন গরু পালতে হইলে এ খাডনি বেটিলা বরতাইেন খাডনে বেরটি না এইযে হামনে দি ক সন্দা কলা তু ইযে গাঁস বোজা কাডলেন কি দরকথুলে রতন তারপর ঠাইল্লে হালাইতে হইতেন চাগলেন কা হ্যামু কইচছে কি িখেপরত মর্লাগে কাম করে আবার ধান থাকতে ওগাতে ধান কাডতে
/kaggle/input/regspeech12/test/test_chittagong_0023.wav,চিডাংঅত কী কী গইর গি ফর্দা না চিরাং অত গেলাম হডে ঘুঝিলাম গাড়ি অইলাম বেয়াককুন লইারে ফুচকটিকাহাইরাম গেলাম ফুসক টুস্তা হায়ে আইয়ও বইন আর ন হইতো বইন যে অবর্থ হই যবো আবেশি গর পইর্জি ত
/kaggle/input/regspeech12/test/test_narsingdi_0030.wav,একটা টিমই যুত্ধে ওই যে কয়দিন আগে ইয়ে দেখলি নারিপোর্ট আর আতার আলি খানরে জিগাইলো যে আপনে বাংলাদেশ কিবালকাপ জিতবে কবে মন বললো যে দুই হাজার তেইশে
/kaggle/input/regspeech12/test/test_habiganj_0111.wav,ফইরা যায় মানে মানে একটু তিরিশ নাম্বার ম উঠা লিবো বাট মানে ফতাশ নাম্বার আগ কিছু না্ উটা লিবো ইরম  ফুইরা যায় মানে ঠিকমনতো ফড়া নাকি আর রোজার মদো ফরীক্কা এর লাগি একটু োর ইটু কিতা মানে ইটু আর্নি দি ফিল খরি আরকি
/kaggle/input/regspeech12/test/test_barishal_0025.wav,এে যে আমনে এই কথা তা ইয়ে না খাইলে আমনে খাইয় ভাজারান ডাক্তার যে ওপুট টক খাওয়ায় না প্লাপানরে ওনার কছওইযে ঘুরি ঘুরি ট্যাবলেটটা ব্যায় সাদা ই ট্যাবলেটটা বার চগোজেন কঠিন উপুগরি জিনিস এই লো এ সে কাসনা করেন তিন দিন খাওয়নের পর যে রোক টার লাইগে আনি ভালো হইয়ে গযলে ওইডযর খায় না এতো কইছি যে এই অফিস চালাবিনা
/kaggle/input/regspeech12/test/test_sylhet_0025.wav,বন্দু ইখান তখন বারে বাকটাতে ওইতে রান্না উন্দি নাই খাই নন্দিবেনা রতান তখন আমরা গি খাইছে া ওয়ার ফরে গুরা গুরিটায় ইখানো শানতিিান আছাকছিরিনা আনদ বহ বড় ইোছ পুজার তো দশস বুজা মার দুগগায় খতো তিরটামি যে ফূজা খরায় মানে অনেকটি পূজাও হয় টাক্কুরি খাইছি
/kaggle/input/regspeech12/test/test_habiganj_0092.wav,কুমডাবোগুরানেত গিয়া বিশরি এক্সাই টোটতে ছএকদম বদ্র সদ্রর মতোন বালা মানুষের মতন বা বা পিথীতে ঘুরো না ঘুরানিদি গেলেইতো একটুমদা নন্দ ফরার লাগি এদি মানুষ ঘুরানিততায়
/kaggle/input/regspeech12/test/test_barishal_0026.wav,এই গমে স্টা থালাবি না এই ম্যাডে ঘুইকাম যা ওবািা পিয়া যে বউতল মনে করেন ি দযহ  কি মাথা নাষ্ট হইয়া যাইবি যে ঘুরো কারারে ওষু তাইন্না এইরম হালাই দেননি এই এটাবওই করে একল করে আর এইগুলা  তুনি ক
/kaggle/input/regspeech12/test/test_narail_0061.wav,তদে টাান হলেকইভাবে তা জামায় লাগায় দাগ হত্তা বি ফইরে ফাইললি ওর কাজ অতো তান কু মালায় ফাতল ছি রাস্তায় াই নাইমলে পলেসিছে কফা তিন ঘন্টা
/kaggle/input/regspeech12/test/test_sylhet_0204.wav,ওতাফাজে দেখতাম যে যেদিন দাখান বিজাইতো অয় ইদিন ইস্কুলের টাইম যদি ওইতো দড়টাছ আমি গিয়া খইতা একটা মাটটা ছয়
/kaggle/input/regspeech12/test/test_habiganj_0040.wav,এরফরে তিকা আরের তেবার দজারদে লাগে দান অ আমা ছাাা  আমি ইখ্তা খরি তরখারি বালা খইরা বাগ মুজ মু টক খরমু খইরা খইরা আমার ইডা একটু একটা ভাবটি কই মা কিন্তু পানিউনি খম দেয় আমি কিন্তু তরখারিত পানি বাচটে দেলায় সব তে খরমু ঠিকালতে লাস্চে দিয়া এমুন খানি দেই পানি দিয়া তরখারি একবারে বারোডা বাইদদে যায়গা আর তরখারি আবিক্টি জাল দিতা দিতে একবারে তরখারি গল য় নাই
/kaggle/input/regspeech12/test/test_tangail_0007.wav,আইচ্ছা তারপরে তো ওউ ব্র্যান্ডের া জব দিলই আর ঠিক এইসময় এই ফ্রেডির সাথে আরেকজনের পরিচয়  মেডি
/kaggle/input/regspeech12/test/test_chittagong_0011.wav,ফয়সাততরে বাইত জরে  করছ দা হনেক স খাম না ঘুরাআইয়া হেই বেডাননি হোনা তো তা না ও দুরে ইয়া বাখালাই আছে দে হালা আসাএইম্নে নদি টো দিয়া য় ই দেনিং
/kaggle/input/regspeech12/test/test_habiganj_0024.wav,তিনবেলায়ই পূজা খরে না অনেকে আছে তিনবার টুরা দে সখালেও ঘুম থেকি উটটা ডিবন নয়টার ভিতরে আড্টার ভিত্রে আবার ইগপরেও দিবো আবার ুনডাফরের বিব
/kaggle/input/regspeech12/test/test_sylhet_0329.wav,খন তিন মাস তখন বইলা যে আমি কই আমি টাতো আমার  ভালা লাগের না তোমার একলা একলা পরিস্টম হয় মি এখলা ওতোদনের ফরসতা দিবি আর করো বেটা বাডা খতা ওতে আমি ছুটোখাটো তাকরি খরি করি কর কিতা চাকরি খরবায়
/kaggle/input/regspeech12/test/test_comilla_0016.wav,বেতন দেওদিয়ে বেতন দিয়ে উনি স্কুল থেকা বের হবে আরউনার মেয়েরে নিয়া ইস্কুল থাকি বের হইতাছে তে উনি কিন্তু জানে না উনার মেয়েরে যেই অবস্থা সবাই বলতেছে কিাকেউ একটাকারেন্টের শক মানে সবাই একটা ধারোনা করতাছে যে কারেন্টের শক খাইছে এইজন্য কেউ একটা বাচ্চা দুর্ঘটনায় ইয়ো হইছে ওরে
/kaggle/input/regspeech12/test/test_sandwip_0004.wav,আট মনিটে নমিহারও যাইবে না এক্কবারে এ উছুল এক্কোবারে তিন চাইর বার কোস হইছেলুকগে কন না হিটে হাককো মিিডে আর ভাএকবার কোসলইলে তাইরে দরকছ বেরাই লইতে অইবো পরে ফারি
/kaggle/input/regspeech12/test/test_habiganj_0025.wav,আইচ্ছা প্রসাদের মধ্যে কখাবার মানে থাকতেই হবে বাইদ্যতামূলক প্রসাদের মদ্যে দুধ জাতীয় খাবারটা বাদ্যতামূলকই থাখে আবার পলটল বার তুলশি পাতা তো আমরা বাধ্যতামূলক তুলশি পাতার সব যেকোনু প্রসাদে মর্দে তুলশি পাতা দেই মানে যেডা দিয়া পলটার চাত যাইমু যেডা দিয়া ভুগ দিমু ইডার উপরে ি ফাতা দেম
/kaggle/input/regspeech12/test/test_noakhali_0021.wav,রুকি থা না ওটাইবাই ফল অইছে না হুইনছিলাম  না
/kaggle/input/regspeech12/test/test_chittagong_0154.wav,ফরে এটটে অইলে খনা হানা তার হারে সয় কি্না আনু কর রন দে ওই যেমনে খেলা মুনরা এন্নে কিন হোন দে কত নাই তাওন যে ফারে ডেকেই এর্তুন বান্ধবী রাইয়েরে গেইয় বান্ধবীরের তুন আনশি ফুঙ গরছি দাও বড়াআন্টির লইতে যাবেললে
/kaggle/input/regspeech12/test/test_sylhet_0005.wav,সব ক ফা োমানি আাল খাম বানি গুলাতান ইা
/kaggle/input/regspeech12/test/test_chittagong_0175.wav,আজ্জা কুতুর ভাইয়া ই যে জুর গোর জি আন্তিরে থাহিবাল্লে ন থাহে কুতু ভাগি থাখে নাকিদা ফুতুর ভতা সামনে যান গল্লাইগে তোর মাঝে মাজে কয়া ুলবায় ইটে ত যে মোবাইল সাক ঘরে দই রাখসিরি ফুত
/kaggle/input/regspeech12/test/test_narail_0113.wav,ওওরে কয় ফানিএই তো দিলে চরম একটা ব্যাথা কেনো জানিস কারম তই আস থেকি আমার বোন ডিলাই চামলাতি ব্যস্ত চুপিমুটি বাদ বাল্লা
/kaggle/input/regspeech12/test/test_sandwip_0047.wav,ের লগে কি ল্লায় ইচ্ছো তাঁই একটু মুর ফাইরাইল্লাই াকক কলা বেশি তাইনা এলো ফাতার তলো এগিন  ফবে না না না এগিন ভালা খামাইহেগিন
/kaggle/input/regspeech12/test/test_narail_0131.wav,দি কো কি তুমি খুননাসপা কবে তাই কোও যাবানি দেখিহয় তবি খুলনাসতা আমার সত্যেই কথা বলতে কি আমার এখন এই জাগায় আমার থাকতি ভাল্লাগে না
/kaggle/input/regspeech12/test/test_sylhet_0539.wav,াতাখি আর গেছে না আর টারিনে  তাইয় আগে তাকি খইছে তারা বলে এনো গিয়াই যে টারিন গেি ন তাইর বাড়িতে দিন তাই ফাসবেন্ডরেস্রেন্ডাইরে এখন আমি নামি খইসটি টেআর যাইতাম না কেউ যাইরানা আর ফরে যতো
/kaggle/input/regspeech12/test/test_kishoreganj_0048.wav,কা লাস লাইলছুইন লাস খা লাস খারি দেই আা লাস কে গুম আগে তো বেইত্তেল ভালোন আয়া
/kaggle/input/regspeech12/test/test_barishal_0076.wav,আর এক বেলা যদি মনে না থাহেএ
/kaggle/input/regspeech12/test/test_narail_0178.wav,ও বলে কি কাচ বাজ কত্তো
/kaggle/input/regspeech12/test/test_sandwip_0087.wav,চুলতা মাইজ জাগাত স্কুল ধরতেও তান হুজালি উগগাআইছি মাইজ্জা গর মাইজ জাগা হাতো দিতোন মাজা মাই দিতোকযে
/kaggle/input/regspeech12/test/test_tangail_0061.wav,বরুনদাবানি ছবিতে মানে বনু ধনের নাম দোন আর অইছে বানিতায়র নাম অইছে শিউলি ওই অক্টোবরে যে শিউরিহুল আছে না ওই শিউলি ফোলের নাম এই আরকি নাম শুড়ি
/kaggle/input/regspeech12/test/test_kishoreganj_0047.wav,এ অইছে   কনো বিলে আবিলে অইছে অনেকে কহান্দিয়া কাছা না ফান না কাটা া
/kaggle/input/regspeech12/test/test_sylhet_0076.wav,আইচ্ছা মানে ইতা কিতার লাগি খরোন ইগু আরি বাই একটু আইয়ে বাড়াল লাগে ইয় খইয়ো খরি আয় না তরলান কাম নতে এহন ফড়া লেখা খরো দুইজনে মানে ইচ্ছা কিতা কিতা খরতায় আমি না আমি তো মাা অবিজ্যত আছে ইিতারার ইতা তাইফ কিতা ইং্লিশ ওইা
/kaggle/input/regspeech12/test/test_sandwip_0059.wav,তা চা আইতেছি তো দইর্জো এক্কারও নাই গোনান দিয়া আঁইতো দেহনাগি আইতে ফরি খুচ্ছে শাড়ি নিততে থুইয়া বেজি হিনতেনে
/kaggle/input/regspeech12/test/test_sylhet_0271.wav,ইটা গ্র্যাজ ফাইতে গেলে আর ফাইি সাবজেক্ট ইংলি অখন ইংলিশ সাবজেক্ট থেকি ইটা পাওয়া অনেক কঠি ইটা তো আমি ফয়লা বুচ্ছি না ফারস্ট ইয়ার তো পরীক্কা দিয়া ফার্স্ট সেমিস্টার তো কুনু রেজল্ট দিখতেনি খন থ্রি পয়েন্ট জিরো এইটফাইব
/kaggle/input/regspeech12/test/test_habiganj_0086.wav,আর ছুডু বাই এগগুলা মাদ্রাসাক খরে আরেকটা ওগলোগিয়া জুকর নারচনি এরা কেমন দুষ্টআমি খরে বার তোমার খতা য় স্বাত্মশিষ্ট না আদুষ্ট নাকি তুমার খতা খতা শুনি নি এনার এনের খতা খইয়লা বানবে রে তো সটান খরে
/kaggle/input/regspeech12/test/test_sylhet_0733.wav,কইলাম মননি তার ওদে বিয়াতাররে  নাবিয় গ্লাসেরন বাদে ফানার কিলা ওইবো ব া বদিই না বাদি না তালাত কি বালাান  তার বাদে পির ওইবো বিয়া বারি তো বাচি বার কসবিয়াক কিতা সি বিয়ান বিয়ার বুন্দু ইটা তানফানি ফরাইন্জা মান নি িনিাতরবাদারি রাতকে বাকি বা া ক ফডা
