path,transcription
/kaggle/input/regspeech12/test/test_sylhet_0070.wav,ইগুর তো বেচতো আমি স্টাডি ফরছি খরি আর দক্ষিণ সময় কলেজো তে আমার বইন সা তো মা মুগুর বইন তরে মাংগ্ন বলতে আমার ব্যাক ফ্রেন্ড বলতে ফারো কলেজ লাইফে তোই বেস্ট ফরে তাই আমি হাফ বলে দিন দিতি আর তাই আস্তা তাই দিছি
/kaggle/input/regspeech12/test/test_narsingdi_0002.wav,তারা তো ওই খারাপ খেলাইয়া আসে না তারা ভালো ওই লিগগুলাতে ভালো খেলে ডমেস্টিক এ ভালো খেলে পরেই তো ওদেরকে জাতীয় কইরা ঢাকা হ হ কিন্তু কী করবে ক প্লেয়ার তো আরে একটা দিলো না প্লেয়ার তো অনেক
/kaggle/input/regspeech12/test/test_sylhet_0637.wav,তারাও কিতা দেওনি তারাও কিতা যৌথ একলগে থাখোইন তখন এখলগে আর এখজন বড়ো আগায়া ডাখতর
/kaggle/input/regspeech12/test/test_sylhet_0227.wav,তো খান্দি খান্দি ফরীক্কা দিলাম টিয়া অইয়া আইতে অখন তো টেখার করা ওউ বাড়িত রাস্তা একটা বুঝছোনি বাড়িত ঢুকবার একটা রাস্তা কত্তে ফরীক্কা দিয়া আইতে বাদে দেখি আমার বাইয়ের আর রাস্তা মাটি নিলায় মাটি ফালাইয়া আইবা বড় খরে
/kaggle/input/regspeech12/test/test_tangail_0035.wav,লাইফ পাই দুই হাজার সালে রিলিজ ওয় কিন্তু আর এইডে ডিরেক্ট ছিলো এনডিএই ছবিটা যহন অস্কার পায় তারপরে আমি প্রথম এইডার নাম শুনছি যে লাইফত পাই প্রথম ভাব ছিলাম যেহেতু ম্যাথমেটিকদে কুনু টিকিট নিয়া হবো যেহেতু লাইফ পায় আছে আমরা প্রাইবেট
/kaggle/input/regspeech12/test/test_narail_0103.wav,আর বুকে এট্টু উন্নত ধরা পরে গেলো মানে বুকে বলতি ভিতরে ইতা অপারেশন করিছো না অপারেশন করার কথা কয় নি না না টুকরা আপন জায়গায় সেটা দর
/kaggle/input/regspeech12/test/test_rangpur_0053.wav,আর আগে টেকা আলা আসিল খা খাই যাই বাজার নিয়া হাটত গেসিল আর আচ্ছিল আছে আল্লাহর কাছে হাজার শুকুর মোর কোনো জিনিসের ঠ্যাকা নাই হ সেইটায় কি টা কর ট্যাকা বাজার তো শুকুর
/kaggle/input/regspeech12/test/test_sylhet_0067.wav,খতা খরছে আমি নিজেরে বুঝতে খরলাম আমার ফরে খরলাম কিছু নাই সামনে তাইক্কা আমি বইতাছি ফরে তারা মনে খর তো আমি বর্তি অইতো না অনেখদিন গেছি কি আমি বর্তি ওইছি মারে দশ তারিখ নাই তার বিয়া ইতারার বিয়া ওই গেছে ফেব্রুয়ারি
/kaggle/input/regspeech12/test/test_comilla_0032.wav,অর পুরা ফ্যামিলি আমাকে খুব লাইক করতো তো ইখান তাইকা আমি চব্বিশ বৎসর ছিলাম ইখানে আমার ওই দেশের চলা ফ্যারা খুব ভালো লাগছে কিন্তু অনেকে বিদেশ কষ্ট এই সেই কিন্তু আমার কাছে খুবই ভালো লাগছে
/kaggle/input/regspeech12/test/test_narail_0018.wav,তা আমরা তো খাই নাই তা আমরা খালি খালি সে কাডা আমরা খাই নাই যদি ওর মাইনসে তো টাকা দিসে দিয়ে তা তালি তোর মাইনসে তো ভাই খাইছে তোর মাইনসে তো বাইছুর অবে আমরা খাই না আমরা আমরা দশ হাজার টাকা পাইছে তা তো তোর মাও জানে সেইডে সবাই যে না সবাইরে কাটাইছি তো মেলাদিন আগে আমরা সবাই যায়
/kaggle/input/regspeech12/test/test_sylhet_0047.wav,আফনার কিলা টাইম ন যায় না মানে কিতা খরোইন বাসাত আন্নে তো কলেজ খম যা রেগুলার গুলা যে যাওয়া লাগে খাওয়াইবে আর কিন্তু বাসাত বইন ফঞ্চাইস খরি রান্না বাড়া তাইন আর খরোইন খরোইন কিতা কিতা খরোইন না একটু পাখি এক বেটারি বিটা লাইন আমরারে
/kaggle/input/regspeech12/test/test_sylhet_0203.wav,ই হে যে দাম কাটা খুব কষ্ট রাজি ইতা খয় ইটা লইয়া মুরুক আর তেখে দানি আর চাকরি গিয়া আনি আছিলাম তো কুনু আমার আত্মীয়তা চাকরি এখেলা যদি একটা দাও দিতাম না
/kaggle/input/regspeech12/test/test_chittagong_0166.wav,আছি রাজি ফিরান ফরে ইয়া আছিল ন যায় দি যে না রান্দা খার বিয়ে দলুনরে তো আনে ন তিন বাইর দে না তারা ছতো বইন খাতি তাল দা ফরে দে ডল্লন র বিয়্যা নাম ওইন্না তো দলনের বিয়ে আর কি
/kaggle/input/regspeech12/test/test_narail_0155.wav,টাকা দা তে এখন তা তা দা দে যাতাম করে দুইডে দিয়ে যাবার ছা লাগে দিতে যাবে তাই
/kaggle/input/regspeech12/test/test_habiganj_0060.wav,কিন্তু ছুডু দুই এডে ও খষ্ট অয় তান ইতারে একটা দিলে ধরতে দিবো আর আমার ছুডু বাইরে তো আমারে
/kaggle/input/regspeech12/test/test_habiganj_0033.wav,আইচ্ছা তোমার রান্না টান্না নিয়া এখন খওছান কিতা খরতে ফারো
/kaggle/input/regspeech12/test/test_rangpur_0065.wav,ও ওই তো হ্যাঁ টিপো হুনতে যাবে কতা ক ওই কক্ষ করে না কি করে না ইতা করতে টিপো
/kaggle/input/regspeech12/test/test_sylhet_0113.wav,আমার তো খালায় জামাইও আমি তাইলে কি মানুষ থাকতেও তারা তো আল্লায় যাইবা দিন বালা আছে না তা কষ্ট দেখলে আমরা আস্তে একটা করতে হবে বুচ্ছি ওয় আল্লায় দি পানে কষ্ট করতাছে কল পাইম
/kaggle/input/regspeech12/test/test_kishoreganj_0185.wav,এলো বালা বানাইবা অলো তেলো বা ইটা বাফ আর কি তুল এত দিয়া হলো হ
/kaggle/input/regspeech12/test/test_sylhet_0248.wav,না বিয়া তখন খরিয়া কিতা অইলো হুম ও তারারে এখটা জবাব দেওয়া তো অখন দায়িত্বের মাঝে ফরি গেছে বাইরা মান রক্ষা গর ওউ খরতাম ফড়তে ফড়তে আমার টার্গেট আছিল যাই ও মিনিমাম ক্লাসটা যেনো তাখে
/kaggle/input/regspeech12/test/test_sylhet_0482.wav,ভালো তোর রাখে ইখানো আমার খারণ তো রাখি আমার আমি একটা টান বাচ্চা না মা তো আমার খাইছো দিবি অওয়ার ফরে গামছা বেশি অইছে ও খারণে একটু জাগা ফাল্টা নে নিজের বাসা তাকি এখটু দূরে থাখা তারফরেও তো বুঝরাম না কিচ্ছুর বাবা নিজের তো ভবিষ্যত দুই খরার লাইগা আইছি একটু নিজের বাসা রাইখা কিন্তু বালা তাখা আমি ক্যান বুঝরানি আমার সময় লাগবো খয়জন বাচ্চা হে এখজন ও নাই
/kaggle/input/regspeech12/test/test_sylhet_0236.wav,তরে তো আমরা বিয়া দিলাইতাম তোর কিতা ইচ্ছা তো আমি খইলাম রেজাল্ট তো ফর্তি অখন আফনারার ইচ্ছা আফনারা দিলাইলে তো দিলাইবা কিন্তু আমি ফড়তাম মা খরার ইচ্ছা আছে
/kaggle/input/regspeech12/test/test_sylhet_0391.wav,সিলেটি না তে আমার তো না আইচ্ছা তো তা তা নেও আই তো আমরা যে ভাড়া টিয়া নি আর কি
/kaggle/input/regspeech12/test/test_narail_0136.wav,আমার মা দুই বছর ইন্ডিয়া দেয় বেড়াবে আর দুই বছর আমি যাবু দুই বছর যাই আমি কাগজ পত্র রে তারপরে মারে নিয়ে যাবো কোন দেশে যাবো ইটালি ইউরোপ যে কোনো দেশে ঢুকার তা ইতালি জার্মানি
/kaggle/input/regspeech12/test/test_sylhet_0097.wav,ইতা লই থাকতি হয় তিন সব দিন কিরখম এইডা কি হুম আর সবজি আইছি সবজি অইছে আমার মায়াটা তো খাইবো হারি জানে মাত তোতা মা খাম খর এর মাতরাম
/kaggle/input/regspeech12/test/test_habiganj_0103.wav,ইখানে হোস্টেল বাদে বিবিন্ন মানুষের যে আঞ্চলিক ভাষা খতা খয় এরার কের চোখে দেখো কত হিসেবে তো বালোই লাগে এরার খুলা আমার খাছে তো আমার বাড়ে বালা লাগে আর কেউর বেটা বাল লাগে না আর সিলেটের বাসায় বাল লাগে আর কেউর বাসা ওক্কা বালা লাগে না
/kaggle/input/regspeech12/test/test_sylhet_0576.wav,বিটা পাকা আর বা গত ইদ কিলান গেলো আমি তো হতিগত ইদার দি ইদোর তো মানে ফিনরাম আমার দেখ ওইরা
/kaggle/input/regspeech12/test/test_sylhet_0481.wav,বইলে আমরার লগে মাতিয়া ঝুইন্না তিন টি কারণ লাখ তারার অবস্থা খারাপ মানে শক্তিশালী কোম্পানি গঞ্জে মালটা বুজরায়
/kaggle/input/regspeech12/test/test_narail_0083.wav,মানে দেহা আইতো দায়িত্ব দেহাইছি খাইলে আসপো কবে তাইলে বললাম না তিন চার দিন এই জাগা থাকবা নি মানে
/kaggle/input/regspeech12/test/test_sylhet_0042.wav,বস্তার অলাও খরা আবার কি আইসে ফরে অনেক টাকা লাগে দুগা যাওয়ার ডাক্তার রাখি অনেক টাকা নাগে না আমার বিজি সমস্যা তাই না
/kaggle/input/regspeech12/test/test_sylhet_0148.wav,পাস ছুটবেলা তো কি মানে আপনারা কিতা এই ইখানে নি টিকা করো নি আপনার ও বাবার বাড়ি না বাবার বাড়ি ফ্রি পয়েন্ট কলা শিবগঞ্জ তে খায় তে বাপের বাড়িত কে কে
/kaggle/input/regspeech12/test/test_sylhet_0622.wav,এখানে প্রায় ছিল আই আছোনি একটা ওই যে ব্লক গঞ্জ হুম খই আছলে বালা এখন আর দিন না আমি খয় আর দেখি সেকেন্ড ইয়ার থার্ড ইয়ার ফরে কিতা খরমু অনলাইনে আমরা অইলে অন্তত লাই চান্সটা ইটা খরা যায়
/kaggle/input/regspeech12/test/test_sylhet_0208.wav,তার গুতা ফারো নাইগা হুতা ফারে নাইগো আর বাবি রা খইতো না আগে তো মা কেউ লাগবো তাইর বাই যে ডাইরেক ফড়াইতো তাই একটা খরলে ফরে দিয়া দিবো গতো মানুষ আইতো ও একতা অলা ওটা আছিল টার্গেট এসএসসি ফার্স্ট টার্গেট খরি লাইলি মোটামুটি একটা ভাল
/kaggle/input/regspeech12/test/test_habiganj_0028.wav,নির্মল থাখে ফুজা ফুজা দিতেও ভালোয় নিয়ম কিন্তু নিরা মিস খাইয়াই দেওন ইরা মিস খাইয়া দিলেই বালা আমরা তো মাসের মাইদ্যে দুইটা একাদশি খরি ইটার মইদ্যে একদিন তো উফাস থাকি সারাদিন ফল উল ফাইয়া করি এরফরে পরের দিন নিরা মিস খায় এরফরে আবার এম্নেও হুডা উজা অইলে আরও কতো কুডাউজাআততি না নি ইতা তো উফাস থাইক্কা নিরা মিস খাইয়া পূজা দেওন লাগে
/kaggle/input/regspeech12/test/test_sylhet_0559.wav,আমিও এগিন খুব আওয়া কইছি হঠাৎ দেইখে ওইটা তো নতুন দেখতাছিলাম আর কি তো সব সময় গেছে তো উপজেলার ও থাকে তার ইয়ো দেইখছে উপজেলাত কুনু অনুষ্ঠান অইলে ওইদিক দিয়া সাউন্ড আইবু কিন্তু কি ওই পুরা বুজা যায় না অইলে আরকি উপর
/kaggle/input/regspeech12/test/test_sylhet_0514.wav,ইগু কুন গানে আমার ফরতা খরদে বার ফরে না আমি ঠিকাছে
/kaggle/input/regspeech12/test/test_narsingdi_0109.wav,হ্যাঁ হ্যাঁ কী জানি কইতাছিলাম আমার না যে কা না হ ফরে মানে হেই সময় তো অহনে যাইতে আতের মধ্যে ত্যাল চিটা কইরা মইরা গেলেগা ট্যার পাই না বুজ্জেন কিন্তু হে সবে দুই এক পরোটা ত্যাল তিতা তা তো খালি পড়তি কেরে এডে এই লাগিয়া করে উডানে গরমে এইডা তুমার কয় মোডা উডা থুইয়া আইয়া করতি
/kaggle/input/regspeech12/test/test_tangail_0078.wav,সে আসলে ধার দে না অনেক হয়ে গেছে ফরে এই সবাই সিদ্ধান্ত নেই যে শিউলি মানে না মানে হাসপাতাল থিকা বাকায় স্থানান্তর করা হবো
/kaggle/input/regspeech12/test/test_kishoreganj_0031.wav,এদিকে সব পুরা দেয়া নিয়ব আফনে কি এই উদ্দার লইগগা না হুম এন্নে এই যে যাইন এই দে যা গেছে গা ইয়া
/kaggle/input/regspeech12/test/test_sylhet_0249.wav,তো মিনিমাম ফাক্কা থাখার তো অনেক ফরে আমি তারফরে ইন্টারো আবার গর কলা টিফাইয়া খা তো না বউত বালা টিফাইয়া রাখতি ফরীক্কা দেওয়ার বাদে বাড়িত গেছি আবার ওলা ধরছি নামছে
/kaggle/input/regspeech12/test/test_sylhet_0545.wav,তোর কিতা অবস্থা তে প্রাইভেট পড়োস নি আমি ন প্রাইভেট বইতারছ না তা খারে আছেন করতেছে ওয়
/kaggle/input/regspeech12/test/test_sylhet_0716.wav,মনে খরো বুঝি লাইবা না ইটা তা খাই লাগে না মেন্দুরে ইটাই
/kaggle/input/regspeech12/test/test_sylhet_0531.wav,একসময় কিতা অবস্থা তো ক্লাস ইয়ারোর ফরীক্কা তাই ফার্স্ট ইয়ারে দি লস্টে আমার তাই গিলা কন থার্ড ইয়ারো আর আমার ভিন্ন মানে মানে তারার অইছে কিতা
/kaggle/input/regspeech12/test/test_barishal_0002.wav,গরম লাগে একটু বেশি ইচ্ছা কি হাতে ও না আলাদা না এতো গরম লাগে তো হাত্তে তো না ওইয়ে যায় রাস্তা তো চুরি পড়ার দেয় না ইতে সুমা কি যে কাজ লায় এই রাত্তিরে বাইটা পলাইছে
/kaggle/input/regspeech12/test/test_narsingdi_0132.wav,খা কি ইকটু ফরে চালা মেসি মানলা ছুডুবেলাতে আমি যেই কি উঠছিলাম আমার মতো একটা বাচ্চা দেখলে আমার নিজেরে মনে হয় আমার বাবা মায় করতারতো কি উট একটা বাচ্চা ফাইমু ইরা যে আর তরে দেখ ছুডুবেলাতে ছোটটার মতো দেহা করি না বইন আমি ছুডুবেলা হয় তো আমার নিজের ছুডুবেলার ছুডু আমি দেখছি না ওকে কিন্তু ছুডুবেলা দইরাই হোক না ছুডুবেলা না করায় করতে হবে কি তরে ইনো চাইন লাগতো কিন্তু
/kaggle/input/regspeech12/test/test_rangpur_0035.wav,খাইয়া দেবো না তা হামার কইলে আবার যে তারা ত্যাল দেয় না তাই মাঝে মদ্যে গেইলে এখন খবর বাড়ি কী করবেন যা হয় তাই খাওয়া লাগে না টিং তাই তাই ক্যা গো এলাও পড়া তো বাড়ি মাছে মা আছে
/kaggle/input/regspeech12/test/test_rangpur_0124.wav,পার থাক তোর মনে কর এলা সার দিয়ে ইউরিয়ে সার কটা করছে এইগলে দিয়ে শাক তোলে ফোলে হে তুই আন্দিবের যাবু যায়া দেকবু হইলো ইয়ের তলাও পোড়ে না বুজছিস এই হল অবস্তা
/kaggle/input/regspeech12/test/test_narsingdi_0060.wav,আর আমার দান্দা আছিল কুনু সময় কলাম গিয়া খেল বইন আমার অন্য মেমরি তো খিলিয়া আস্তে কইরা খুইল্লা গেছে গা আমার জাগা তে তাই থইয়া দেখতো হেয়া থাকতাম আবার অনেক হুম দিয়া বাইত যে হুম টেকা বলে খেলতে যাইয়া দিতাম
/kaggle/input/regspeech12/test/test_barishal_0085.wav,হেইয়া কইররা হেইয়ার পরে মনে করো চা সে এতটা কাম হ্যা ওই যে আপনের তো কন তিকা তাই হে এনে যাইতাম করি নিয়া এই পলাইছে এলা না ছিল যার হে তো দূরে থাকে না
/kaggle/input/regspeech12/test/test_rangpur_0095.wav,ডাইল ভাত তাইলে ইয়া খাওয়া সবচাইতে কার বাড়িত ভালো হইচে
/kaggle/input/regspeech12/test/test_narail_0109.wav,বালা চাই বিপুল বিশ্বাস আমারে বস দিছে দুই মায় ফিছে দুই মার প্রতি খানো টাকা ভাংছে বাংকা আমি শেষ হইয়ে যাচ্ছি থাকপো না কাইলের গিরামে খুব দূর ওইয়ে যায় না বাস চলে যাও নাই যত তো কতনা মা না ছয় মাস দি দেখবে ছয় মাস ফরে বিদেশ
/kaggle/input/regspeech12/test/test_chittagong_0094.wav,আর কলেজো তর আছে টেনশন থাকে বেয়াকগুনে ফাতরে ভাই ফাতর ইয়া অইছে ও শিট কলেজের মদ্যে আইছি ফারতো অয় ইয়া ভত্তি তো টান টান টান ফাইয়ি
/kaggle/input/regspeech12/test/test_sylhet_0283.wav,যেহেতু আমার পরিবেশ বা আমার যে সার্কাস টাসন থেকি মানে ই বয়সের এখটা মেয়ে চব্বিশ পঁচিশ ওইয়ে গেছে প্রায় বয়স ই বয়সের মেয়ে মানে আনেসপেকটেড সমাজ ইভাবে এক্সেপ্ট খরতো নায় যে লেবেলের যেটা একটু নিচে হইলে ইটা আর অর্থ ওইতো নায়
/kaggle/input/regspeech12/test/test_sylhet_0321.wav,বুজার খাই তাইলে ইটা কারণ আমার অখন বাড়িত যাওয়ার হয় কয় দি না আর আমার চাকরির লাগি আমার করা লাগবো তাইন কিতা করতা ওইটা আমার করার যে কাপড়টা দিছো আমি তারা দিয়ে ইয়্যিন কাজ করতাম
/kaggle/input/regspeech12/test/test_narail_0088.wav,তার পরের দিন তোর সেটে আমার কথা হইছে তাই ছাড়া তোর সাথে আমার কথা হই নি তুমার ছান কি ইন্ডিয়াত খাইছে আমার দারে টা তুমি তুমি আমার ক্ষেতে আমি তুমার দরে যাবানি কর্তা আমি করি না রে বাবা
/kaggle/input/regspeech12/test/test_sylhet_0173.wav,হচ্ছে না ভাই কি বালা গ্যাছে ওই লাইনি মারে তো আমরা বেটি আছে ভালা কতা হারি না মা ভালা
/kaggle/input/regspeech12/test/test_sandwip_0104.wav,দিয়া যা কবে উই তো তুন বার দিয়া দেস তুই দুনিয়া সম্পর্কে কর কি থাকলো না ইয়ার আঁর হরিক্কা দিনে শিপন হরিক্কা দিয়া আরও তালাশি দিতে অইবো হিয়া আঁই হেইয়া এল্লা আমি
/kaggle/input/regspeech12/test/test_narsingdi_0001.wav,হান্ড্রেডও করছে দুইডা আসলে বারটা অইছে কী একটা টিমে যহন প্লেয়ারগুলা সিলেক্ট করে ওই রকম ক্যাটাগরি দেইখাই না আরে ভাই যারা জাতীয় দলে আসে
/kaggle/input/regspeech12/test/test_narail_0128.wav,ওরা করতি ওরে নিকাব কাকা যাক লাগে কা যাবো একটা কাকু চলে আছে তো সে সুমা তো সে সুমা রুমা কয় নিয়ে গেছে সুমা বিশ্বাস দুলা ভক্ত শ্যাষে কথা তো কচ্ছি সময় বেশায়া পারছে নাগে
/kaggle/input/regspeech12/test/test_sylhet_0495.wav,ফরে আমি একটা গুরুত্ব অচ্ছে না আমি বিরানি খাই তাইন আমারে একটু ক দি দিয়া বুয়া ইখান বিরানি ওইলো নে খাইছি এখন লাগি আমার তোর প্রাইবেট থাখে দরে কিন্তু ফরে দরলে কিতা ওইবো পর্যাপ্ত আর আমার জমা দিয়া ক্যাটাটারে বিয়ার বেগো মাঝে মানে লাগের ওরখম আমার তখন আমি খই যেমন লাগে একবার টয়লেটের বাব লাগে মানে ও কিন্তু হাছা টয়লেট না আন্তাজি লাগে
/kaggle/input/regspeech12/test/test_chittagong_0087.wav,এ সালাম তুন না আগে খইলে না তো তুমি ফরের ফরে আই আঁরার সাতে ক্লাসের মধ্যে আসলাম স্কুলত গেয়লাম গই হুম এতেই আরে ক্লাস ইতার মধ্যে আসলাম স্কুল আয় গিয়ে তো ইটা দিলে ফরীক্কা দিছাল ইয়া এই ফরিক্কা মাডি
/kaggle/input/regspeech12/test/test_sylhet_0004.wav,খাম খরে না ইগু তলে মেতা যে মানে নিজের টি নাকি করবা যেমন মানুষ কুমাতি ফারবো না তারার গরোর লগে লাড়তে ফার না
/kaggle/input/regspeech12/test/test_barishal_0064.wav,আর আমার লা হয় না আমি যেরকম হঠাৎ ছাইড়ে দিছি এরম কেউ পারেও না হ খাড়ান দিলে দাত খাত এরম ফুইল্লা যায় সেটা হয় সেটা এর বিরি ছাড়ান দিলে ফুইল্লা যায় হে এই কিছুদিন আগে না আমি মনে কর আরো বিশ দিন তুলি দাঁতের মইদ্দে খালি ফুল হয় আমি বাজারো গেলে এমন কোনো দিন নাই পাঁচটা পান কিন্নে না খাইছি
/kaggle/input/regspeech12/test/test_barishal_0036.wav,কার লাগে হ হয় না যে বড় বড় হেইগগা কওয়া হয় লইয়া যান বদনাম না কি কত বার ও শান্তির মইদ্যে যে মুই আছে চুক্তি করতারে তার মাতা টাম না কইতাম কম চাম
/kaggle/input/regspeech12/test/test_rangpur_0002.wav,না মানে পানি টকার কারণ নানে কেউ টাকা দেনা ভাই কেউ না লাগছে এখন তারা আপনি বলেন তো তালা নাই এনা কোরবানের বা অইলে
/kaggle/input/regspeech12/test/test_sylhet_0026.wav,দিন যে পাচজন ঠাকুর আছোইন পাঁচজন দুর্গা লক্ষ্মী লক্ষ্মী তারফরে সত্যি গনেশ কার্তিক প্রতিমার ছয়জনে খা পড়তে দিন কাপড় যাওয়া অয় নতুন কাপড় নতুন ওয় না
/kaggle/input/regspeech12/test/test_chittagong_0141.wav,ফরীক্কা ফাওয়ার তো তা লাইন ফরীক্কা ফাওয়া তো তে ন ফাইলে ফরীক্কা নাই খালি নাই ফুন ফাওয়া দিও নাই এতারলাই তো লাই তরে বল দা অনে ভিডিও কওছি আমরার জু আইচ্ছা তোর লাই দিছি ফারতে ফাওয়া যায় যারগো দে লাইনে
/kaggle/input/regspeech12/test/test_sylhet_0728.wav,সারাদিন বরা না যদি না না না ফান খরছি না ইটা ধরো আমরা বিয়া না বিয়ার দিন গেলো আমরা ধরোইন দুইটা ইটা আমরা ভাঙ্গি আমরা খাজ আছে এগুলা ফড়া বাদে আমরা পানি খালি তো ওইযে পার্থরে নানি ওতা খরে
/kaggle/input/regspeech12/test/test_narail_0016.wav,তুমি তো জানো তোমার কাপড় ব্যাপারে ওই যে নি দশ হাজার টাকা পাঠাইছে লো তা তো তুমার কাকু মারে গালাগালি পারলো তারপরও আমি দশ হাজার টাকা আনলাম তা মনি বলে এই সরে বলে কইছে মনি আমার বাবার জানি মেলা টাকা পাঠাইছে তা ও কলো যে কার কাকা পাঠাইছে তা ও কলো যে আমার মাইসে তো বাইর
/kaggle/input/regspeech12/test/test_barishal_0096.wav,যা ক তাইলে সামনে দাম আছে বিয়ে করা তাই আল্লা ফাইরা করা না কি কম কম না বাজারের দিয়া পাকি আমনে মুখ আত কি দি পাচ কেজি এম যদি মুই না কই মুখ দিয়ে যে মোরে দুইডা আম কাইড্ডা দে তর দিবা পালায় দেবো
/kaggle/input/regspeech12/test/test_sylhet_0198.wav,তাইন কিতা বাফে তো মেন্দি ফুর্তি আর আব্বায় অইলা খা থাখতা ফাকে বই তাখতা কি হালকা কতা আমরা যেতা মারামারি লাগবো না আর আমি খরতাম
/kaggle/input/regspeech12/test/test_narail_0098.wav,রাত্রে কি খাওয়া দাওয়া হইছে না বিয়ে তে পিটাইছে তো খায়া আইছি পিটাইছে এম পিটান দেতো আমি পিটা দিতি যাবো গিরামে বিয়া অইছে তো তারা জানে যে আমি কেমন খাই কী খায় তারা জানে ভালা গরাই
/kaggle/input/regspeech12/test/test_sylhet_0683.wav,আর আফনারার বাফের বাড়ি নিয়া খউক্কা খে খে কোন আমার মা বা তাইলে লা লা খাতা তো খারাপ কা তো খরতা
/kaggle/input/regspeech12/test/test_barishal_0018.wav,যা না কম তো ই খাবার যে ফিরা খাবান তিনডে লই ফিরা কা অইলো একটা একটারে খাওয়াইন না না তো সমস্যা এই বারবার আমি কইছি যে এট্টা টা খাওয়া যাগা আমার খালাই ক না
/kaggle/input/regspeech12/test/test_sandwip_0036.wav,আনতে আমরার ব্যাংকে ব্যাংকে ফারলে জামাই না তে ইখান ইন্ডিয়া একলা বা লইয়া তে তারা না কি
/kaggle/input/regspeech12/test/test_sylhet_0241.wav,এ কি পাটপার বাদে আর একদিন বিয়া তা চব্বিশ বাইশ বর্তি বাড়ির বাইরে ফড়া অবস্থায় বিয়া অইছে ফড়া অবস্থায় চাকরি অইছে ই অবস্থায় সংসার এরফরে তো আর তোমরা দেখছো বিয়া তো আপনার অনেক ঐতিহাসিক অইছে কতটা গোডাউন টাম ফাইন
/kaggle/input/regspeech12/test/test_sandwip_0067.wav,তার এক্কান দিন থাইকতে হইল্লা লয় গরি থুই হেডে আপনি চোখ করি যেন দিন গেছে গা খাইতা আম্মা দেখতে নি হুম তো লাগে ফাগল না কি এক জিনে কি উলাইয়া দিন ছোট্ট ঠিকাছে গন হিয়ারে একদিন ঠুকতেছে একদিন বারাইছে অনারা একদিন থাইকতেছে
/kaggle/input/regspeech12/test/test_narsingdi_0073.wav,আমি গরিব আমার ক প্যার নাই কিন্না দিয়া বা কি বালা আমনে কি বড় সারা আমি তরে নে ফুটবলের মতো কি কইরা ইয়া একটা ফালায়া সমস্যা
/kaggle/input/regspeech12/test/test_sylhet_0121.wav,হুজুরের রাইত যা মারবে হুজুরে সব হুজুরের মিল্লা ফাঞ্জাবি না ঠিক ওই তারফরে মিলাইয়া ইখানো থাইক্কা পরে ও সামনে একটা মারদাসা আছে
/kaggle/input/regspeech12/test/test_sylhet_0368.wav,মানে অল্প তো কোষ্ট অল্প তো সেই থাকি বাচ্চা গুলার ওইভাবে গুরব খরার চেষ্টা খরতেছি যে তারাও জানে খুব বেশি এক্সপেকটেশন থাখে না লাইতো খারণ বেশি এক্সপেকটেশন থাখলে তোমার মানুষ কষ্ট পায় বেশি আর
/kaggle/input/regspeech12/test/test_barishal_0092.wav,কাম করে ভালো থাকপে কাম করা ভালা হানি এই যে কিনছি কার না তো কিল্লাই গাছ কলাম নলাম লইয়া যা পায়
/kaggle/input/regspeech12/test/test_habiganj_0052.wav,যাবি আমরা নিরামিষ আমরা অনেকে আছে যে নিরামিষ খায় নায় কিন্তু অনেকে খায় নিরামিষ ওই নিয়ম নিয়েরে মিতা খাইলে আমরার মাঝে মনে ওয় যে একটা পবিত্র তায় মাত মাংসো তো এগুলা আমরা যে মাংসখায়ে একটা তো জীব রে মাইরা অততা খইরা তারা আমরা মাংসডা খায় ইতার লাইগা আমরার মাংসডা খাওন অতোটা কিতা অয় না কিন্তু যদি টা একটু নি জিনিস খায় ইতা তো ইতা তো উদ্বিদ ইতা ইতার লাইগা একটু পবিত্র মানে ইতা খাইলে
/kaggle/input/regspeech12/test/test_barishal_0071.wav,হেইয়া যদি সহ্য না কের তারে তাইলে হেইরম সমস্যা ন নে খাওয়া মুকে তখনে খাওয়া মত এহন পরিস্থিতিতে বাজারে তো খাওয়াইতে অইব না পরিস্থিতি ওবার রোড কইরতে অইবো হেই জলের মতো হে পারলে তো ভালো না তো ভালো হেই এই তো পারলে হয় না
/kaggle/input/regspeech12/test/test_tangail_0062.wav,শিউর ফুলের একটা ভূমিকা আছে যেডা মানে গল্পের স্টোরি ফিল্ড ওয়ার সাতে সাতেই বুঝা যায় বাত পছন্দের ফুল মানে যে নায়িকা আবার পছন্দের ফুল অইলে শিউরি
/kaggle/input/regspeech12/test/test_sylhet_0234.wav,দিন ফরে ডাকতো খুশি অইয়া আমার দুই নাম্বার ভাই বাজার দেকি রেজাল্ট লইয়া আইছোইন এর লগে চাইলি তো কল তখন অরে বাতা চকলেট আছে ইচ্ছা ইতা লজের ছাইট্টা টাকা ফাওয়ার তা অরে কালার খতা
/kaggle/input/regspeech12/test/test_barishal_0008.wav,এহন অর অরে ঢাকা দিছে ওই ভুলেট কলেজে পর থেকে ও বিশাল বড় ধরনের এট্টা ছাত্র অইছে এহন চাকরি কইবো বাংলাদেশ সরকারে চাকরি দিছে দুই লাখ টাহা বেতন বিয়া করলো পোটখালির এক রুপ সীমাইয়া কই ফোন নি গো পরিচয় দিবেন ওর বাপে তো যাইবে এট্টা শাট গায় দিয়া
/kaggle/input/regspeech12/test/test_sandwip_0098.wav,দুকান না বা গাড়ি তাই দুলায় দে ফরে ইয়া করলে যে কি না ক তাইলে বাড়ি দিন
/kaggle/input/regspeech12/test/test_sylhet_0454.wav,তাইলে তারার মায় তা উততাম তালা মান তা তা গো তারা আমি আমার খুব খুল্লা খানো আমার বালা আমার মতো খাটো গুরো তো আমার আমার মা তারা মনে করো আমার মাছ আছিল তারা আমার উপরে খুব বেশি ভয় ফাইতো না ওরে কলা আমার বাই আনবো আমার বাই বাই
/kaggle/input/regspeech12/test/test_chittagong_0158.wav,পেনতো টিয়া কলেজ দিমু এহন সেকেন্ড মিনিট দিলে অয় হেরি ক্যান গরে বিয়ার ন খাইজ্জা না কিছু ন ফরি কাবিন ফারে তা ফুইট্টা কলেজ না মাইনা কাজ
/kaggle/input/regspeech12/test/test_sylhet_0369.wav,পড়াশোনার দিকে আমি আমার জায়গা থিকা যতটুকু ফারিয়ার চেষ্টা খরিয়া আর বাকি তা ওইলো গিয়া তারার তকদীর যতটুকু আছে আরকি তো তারা মানে ভত্তা আমি তুমারে কই যে মানুষের স্বফনো তাখে যে পাকা বয়স ওই গেলে বুড়া ওই গেলে তারা আমরারে দেখা টু নাম
/kaggle/input/regspeech12/test/test_sylhet_0754.wav,দইরা কুতাতাআখনারা বালা বালা খাইন মানে ন
/kaggle/input/regspeech12/test/test_kishoreganj_0145.wav,বিনা প্রয়োজনীয় হন বাজি উচ্চ সরে গান বাজি এবং লাইফ কার বা মাইক বাজি মানুষ শব্দ কুন রঙের বই আর আগে কি ইতা কালা তে
/kaggle/input/regspeech12/test/test_tangail_0019.wav,এডা ই করতে পারে নাই সঠিক ব্যাখ্যা দিতে পারে নাই আর এই গানডা ইতে রকপেরাপাপন মনে কর মনে করো যে প্রগ্রেসিভ যেগলা থাকি সব মিশে একটা এই গানডা আসলে অন্যরকম একটা গান
/kaggle/input/regspeech12/test/test_sylhet_0560.wav,একটা বেটি থাকি আমার হাত দে আমার জানুয়ারির লগে আমরা তো নামডা কি দিবার সবতাইকা ফার বিষয় অইলো অতিরিক্ত যে জানুয়ারির লাস্টে দি টান্দা আছিল ওইটা মেইন কোর্স আছে
/kaggle/input/regspeech12/test/test_sylhet_0739.wav,ওকে মনে খরো মানে টান মারি জমি লাগি আরকি খাইছি কিনতাম ও বাব্বা আর কি জামাইরে তো বিয়া দিলাই বা টিয়া দিলাই বা আমি দিলাই না মা এখটা আব্বা চিনবো আরকি খানি আইতাম মনে খরো
/kaggle/input/regspeech12/test/test_chittagong_0075.wav,খরিছ না না যাই আইচ্ছা ইয়া সাইকেলে জিলা খরি বানি মন বিজ্ঞান খরদে সাই নি জিরু ফড়ো তাইলে আঁই ও সাইকেলে জেলা একটু বন্দু বাজারে এক হিয়ার মইদ্দে আইয়া যাইতে
/kaggle/input/regspeech12/test/test_tangail_0082.wav,কাস্টমার দের সাথে যেমন ব্যাবহার করতে এহন তার ব্যাবহার চেঞ্জ হইছে পরে একদিন শিউলি মারুন রে ডাকে বাসায় আসতে বলে পরে বরুন যায় পরে দেহে যাইয়ে
/kaggle/input/regspeech12/test/test_sylhet_0168.wav,বউত মানে ই সময় তো মনে হয় সবতাত সমস্যা ওইতো খাবা ফড়া টলা ইনকাম বুদ্দি আছি তে তুমার বুঝায় নাজাত
/kaggle/input/regspeech12/test/test_chittagong_0080.wav,তো মানে এক্কানা ইয়া ফরামর্শ গরি চাইস না আঁই আঁর দাদার রঙ গা করুম আইছি যাইয়ুম আনছে কেন আছে আন্টি কারা ভালা আছে বা যে গরম ফরে মানে অবস্থা খাইয়ালাইলো
/kaggle/input/regspeech12/test/test_narail_0165.wav,না
/kaggle/input/regspeech12/test/test_rangpur_0101.wav,ওইভাবে আর কিচু খাবার পায় না এখন গিয়া সাতে কতা হয় সাতে তা গেইলে আসতে কতা কয়
/kaggle/input/regspeech12/test/test_sylhet_0100.wav,আমার হারা ছুটো না বড় একটা তোমার তাই একটা পরে উডে না একটা পরে আর একটা বাসাত পড়ে আরেকটা আর দোকানো হারা এইটা এইখানে বাত খা খাডা এটা তা ফোন তে আমার বাবা ইডি টা আমি আর মা
/kaggle/input/regspeech12/test/test_habiganj_0010.wav,হুদা সাত বইন না খতো বড় অইবো এরফরে এই কিতা আন্নে আরে ট্রাই বালা খাইছে না ইটা কিতা আইন্না বালা দেখা অখন বাইয়ে টেন দিবো
/kaggle/input/regspeech12/test/test_tangail_0070.wav,হাল্কা একটু সিরিয়াল ছিলো ছুডুরা হইতেছিলো এই সময় ইরখম একটা ঘটনা ঘটেনা ফরে বরুন দাওয়ার প্রত্যেকদিন যেহেতু মানে একটা একটা বড় এক্সিডেন্ট আর লাস্টে ই ছিলো হয়ার স ডাইন মানে ইতা ছিলো
/kaggle/input/regspeech12/test/test_rangpur_0042.wav,সে টাকা টুকে সে পাগলি কডে খাওয়া দাওয়া যাইয়ে টুক রাস্তা আমার কের সেম না খেনে দেখান তো মন আম্মা দিতাছে না দেখান তো কাহিনি না বা ওইলে থাকতে ভাল
/kaggle/input/regspeech12/test/test_sandwip_0123.wav,মানে এতো অনে কি বা তিন ভিত্তে করা আক্তার ফাইয়া যাইবো হুম যাইবো আর পারতে শিখবো দেখি দেখিয়ে শিখবো আটটা দিয়া যেগিন শি গেইম হোলা আছে সবতা
/kaggle/input/regspeech12/test/test_rangpur_0016.wav,কেমন আছেন কী সমাচার আলহামদুলিল্লাহ কি তোমার নাম কী মোছাম্মত উম্মে কুনু না গল্পগুজব করমো সবাই মিলি রেকর্ড করমো সমস্যা হইবে তাতে
/kaggle/input/regspeech12/test/test_rangpur_0040.wav,টেক তো মা চলে না তাইলে গাইল নোয়ায় আগে যদিল মানুষ খুদিও ভাজচিল এক গিরি আরাক গিরি যদিল পানি মুকোত দেওয়ার কিছু না থাকছিল ওই খুদি ভাগ খায়ায় একমুঠ পানি খায়া করি গেছি সেই মানুষগুলা আছে
/kaggle/input/regspeech12/test/test_sylhet_0424.wav,আন্তাজি আরো খুইলা মিলায় বিটা কতা দি আরো খতা খরে ফরে খালি এখ বেদনা খরতাম অয় নাই না না খালি বেগ না আমার খতা আমি মানে লাগে যেমন কুন সময় যে আমার ধান তান গুমাবি না
/kaggle/input/regspeech12/test/test_tangail_0060.wav,এডাই অভিনয় করছে বুন দাওয়ার আর বানি সাধু এই ছবি আমার পছন্দ এডা একটা কারণ আছে আর এডা অইছে আমার মানে আমি যেই মাসে হইছি ওইডা অক্টোবর মাসে ছিলো অক্টোবর মাস তা ভালোই লাগে একটু সিটিত থাকে
/kaggle/input/regspeech12/test/test_sylhet_0261.wav,চিন্তা খরতাম আল্লা সবসময় দোয়া খরতাম নামাজ খরিয়া যেলা তিনশো জন নিবা ও তিরিশ জনের মতো তিনশো নাম্বার স্টুডেন্টটা ওইবো ওও স্টুডেন্টটা যেনো আমি আমার এক নাম্বার দুই নাম্বার ওয়া লাগতো না আমি মেডিকো তাখতে যাই না কিন্তু আমি
/kaggle/input/regspeech12/test/test_sylhet_0610.wav,আলার আলা আর না মুই একটু ইয়ো খরতা যেইডা খাইয়া আনতা আমরা সিলেট অখলোর যে ফ্রেন্ড আরকি ফরে আব্বায় দিবারলাই
/kaggle/input/regspeech12/test/test_sylhet_0546.wav,ওয় আমরা দুইটা ওইছে ও খয়দিন আগে ওয় আর অতোডিক অইছে রাখবা ওইছে তো গানোয়ারি লাই জানুয়ারি আমরার বিশ আর আটাইশ তারিখ না বিচার আটাইশ
/kaggle/input/regspeech12/test/test_barishal_0052.wav,তর ই চাকরি করে নিতে পারি কর ন গরু পাড়াইতে রা যদি ওডো মাইয়া ছোডো না এট্টু বড় হইলে হেই কই ঢাকা বলতে কি পাও তার গরু বলতে কি ওই হেয় দশ পারতে মানুষ পালতে যারা পারে হোনেন একটা কতা জানবেন যারা পারে হেরা নয় তে নয় দিক পারে আর যারা না পারে নব্বই তে নয় দিকও পারে না
/kaggle/input/regspeech12/test/test_sylhet_0019.wav,কি আগের দিন ধরা খাই নিয়া আমি খায় অনেকে খায় অনেকে খাই ইটা যার ডিলিট আমরা আমি খাই তিন দিন আমরা নিয়া দেয় দিন আমরা ইদিন দিয়া আমি ফাও সেদিন সবাই ভালো খায় মাতিছে আসা মানে হে
/kaggle/input/regspeech12/test/test_sylhet_0281.wav,তখন আমারে নিয়া খুব ছিন্তা খরতা মারে প্রতি বেশি রাও খুটা দিতাম মাত্তা ফুরি বগুড়া বানাই দি রায় ফড়াইতা বাড়াইতে ইলা বিয়া ওইতো না ইতা হে নিতো ইগুলা খরতে খরতে করা বয়স যা গিয়া ইতা নিয়া মায়ো খুরাকবাড়িত যাইতাম না খালি মার ওতা খতা কুনু লাগবো দেখিয়া
/kaggle/input/regspeech12/test/test_sylhet_0462.wav,তো তো আস্তে এখটু তা বালা আছে বেটায় তো বানাই ওরো রান্দা বালা বড়ো খাও আইচ্চা ই বাইচ্চা খাইচ্চা দিলে রান্দা এখ ছেলে আর দুই
/kaggle/input/regspeech12/test/test_sylhet_0071.wav,হুম তর ইস্কুল তাই না আছে তাই শাড়ি ফরি গেছি আমি কতি হলুদ শাড়ি ফরি তো শাড়ি কিনতিছি খুব মজা ওইছে বাদে আওয়া ফরে তো আর তারা গুরছি আমি গুরছিলে বালা লাগছে তারে লাগতো কিতা কিতা খরা লাগে ফতম নিরামিত খাওয়া লাগে আগের দিন হুম নিরামিতদিন তোগো বাগ ছালায় অঞ্জলি দিলা অঞ্জলি দেওয়া ফরে তুমি কথা কইছে খয় এরফরে তে যাতাম তা তো
/kaggle/input/regspeech12/test/test_habiganj_0050.wav,সন্ধ্যার পর ইতে আমরা প্রথম তো প্রদীপ জ্বালায় দূর জ্বালায় জ্বালাইয়া প্রথম আর জানের পরই প্রতিবার ডুপজ্বালাইা দুগগা তিকা খয় দুব্বা তি দে খয় দেখাইয়া করে আবার ওই দুফোরের মতোই আগে তো দুপরে একটু পূজা দিলে আমরা একটু অন্য ধরনের প্রসার্থরসা দেই গুগদেই আর টোন্দপরে ওইছে হালকা সন্ধ্যার পরে আমরা যেমন হালকা মাপ টাখা মন আমরা পুজা দিলেও হালকা টিপি দিয়া গাদা দেই তারপরে কি
/kaggle/input/regspeech12/test/test_sylhet_0435.wav,এখন খইছে না আবার পালকি একবার না আমি আল্লা তে তো খাবো না আমার লাগা না আমার কতা বলে না হেই জানি ইতার লাগি আমরা খাই চা খাইজ্জা দিলাম না খইতাম ফারতাম না ওয় তো আমার কুনু দেখা বুঝতি ও ফারো না আমি জানি না আমি যে কি না কিন্তু না খরতাম
/kaggle/input/regspeech12/test/test_rangpur_0034.wav,দুইবার কে কে খাডাই না লাই কেমন টেল দেন কিছু নাই নুনের দেওয়া দেয় কি কয় দেন তরকবাপের জন্য কি না মুই কোনো বর্তি দেখম নাই ওইলো মুই তাপে খায়া ক
/kaggle/input/regspeech12/test/test_rangpur_0055.wav,এই বাড়ির যদি অসহায় হনু হয় বাবা কাইয়ো কিছু দিলে না কে কর্মফল দিবের মালিক আল্লা যা কর্ম যেমন তাক ফল তেমন কেমন দে ক্যারে
/kaggle/input/regspeech12/test/test_noakhali_0028.wav,আন্নের ভাইয়ে আরও ট্যারা বালা কার আঁই কইলে কি কিতা কম তারে কাদিরা মুখের তো বড় বড় নদি
/kaggle/input/regspeech12/test/test_kishoreganj_0162.wav,এডে শইল্লো নব্বই বালা কতা হাই থাকা সত্যি হুনলে ডান না বেশি নব্বই বেশি জন দে
/kaggle/input/regspeech12/test/test_rangpur_0075.wav,দেও খাবার বই তো কল দেই নাই
/kaggle/input/regspeech12/test/test_sandwip_0024.wav,এন্নে ইয়ান মার কাছে থাইকলে মা বা ইয়া ছলে না খরোইন এমনে হিয়ারা মানি খুব ইয়া করি চলে এমনে হরা গর চলে হরাকত চলে ঠিকাছে এন্নে ওর মানি স্যার খার ঘর অইলে এনে হা আছে হ রে স্যার কার
/kaggle/input/regspeech12/test/test_comilla_0005.wav,আমি গিয়ে ছিলাম যে হিক স্কুলে দিয়ে আমি আর দেরি কুরানের সাথে সাথে চলে আসছি ও রোহিত স্কুলে যাওয়ার পরে ও বেগ রাখার পরে ও রাবার দেখা যায় যে যে ষোলো ডিসেম্বরের ইয়া থাকে দের
/kaggle/input/regspeech12/test/test_narsingdi_0028.wav,চাই বাংলাদেশ টিম থাইক ভালো টিম হোক ভালো খেলুক যেহেতু এহন সব দলের সাতেই ভালো খেলতেছে একটা ট্রফি জিতা উচিত অন তো সাকিব ল হাসান এর জন্য অইলো ট্রফি জিতা উচিত আরে আল্লা বরসা
/kaggle/input/regspeech12/test/test_sylhet_0667.wav,বর্তি আছে তিন ওলা ইতি ভাত ইয়া কুনু মন তুন আর বাড়ির কতা ফিরিয়া এই মতো আরকি ইগু মার গরো না ইগু
/kaggle/input/regspeech12/test/test_kishoreganj_0140.wav,ডাইরিয়া ডাইরিয়া মতো ফানির বাড়িত রোগ এবং বিভিন্ন চরের আক্কান্ত এনো কিতা এনতে কিচ্ছু না এইডা তো ডাইরিয়া মতো পানি বাড়িত রোগ এবং বিভিন্ন আক্কান্তপানির মানে কিছু যুগ অ
/kaggle/input/regspeech12/test/test_narsingdi_0042.wav,কিন্তু ওগু বাড়িত আই পাইতাছে তেইক্কা না তো বুঝা যায় না মোবাইল কাম জালা দেহা যাক কারন ফাই না ওই আর বড়ো কি ক ক মা জিগাইতাছে মায় বাবা কারেন্ট নে ডিস্টাব পরে অয়না খারাপ থাকে
/kaggle/input/regspeech12/test/test_sylhet_0429.wav,প্যাট খাটা এক খাটা মানে অনেক কিতা বড়ো ধরনের পারি না নেওয়ার ফরে তুন থাকতে ফুরান একটু লাগে
/kaggle/input/regspeech12/test/test_habiganj_0018.wav,এরারে বিয়া বিয়া খরা না খরে না তে তিনজনরে খরাইতে ফরাইলো না বিয়া দাড়াইতে ইয়ারা তো তিন না খুব চেষ্টা খরছি বা বিয়া দিতো
/kaggle/input/regspeech12/test/test_narsingdi_0086.wav,আঙ্গো মার তা তো আর তাকতা ফারি দে ড্রিম মরি যে যাইতে দিবে একলা দি লাইক আমি এইটে ফড়ি তুই তুই ফড়ছ না সেকেন্ডের না ফড়া ফুইল্লা যাইগা আমি তো অনকা ফড়িয়া গো আব্বার দেখলাম মানে আর আমি অহনে ক্লাস নাইন টেন করি
/kaggle/input/regspeech12/test/test_sylhet_0099.wav,রুল দি তো ইনকাম খর ন খইবা না আমরা টিন বিটি খরি এক বেটি প্রায় সাড়ে ফাঁচ হাজার আরেক বেডি পায় টানা তিন বইন না না আমি এখলা মার গরো আর আমার বাই বিটা
/kaggle/input/regspeech12/test/test_habiganj_0022.wav,ও ম্যাডাম এখটা মাইজে বুঝি দিলাইতাইন এখটা পিরিয়ড দেলাইতানি
/kaggle/input/regspeech12/test/test_narsingdi_0121.wav,পরে আমার লেহা খাও না অন মোবাইলেই তরে খাইতে ওই মোবাইলেই তরে খাইতে কন তো আবার মোবাইল চালানি হাইড দিমু
/kaggle/input/regspeech12/test/test_sylhet_0051.wav,তে কুনু প্রবলেম অয় না মানে এখন ফড়াইতো না প্রবলেম অয় নি তুলে লাগে মানে মনে অয় নি যে মানে প্রাইভেট ডিফরেন্স লাগে নি নিজেরা নিজেরা খ ইস্কুলো আমরারে নিছে দি এইটো তাকতে যখন না তারা ধরতি না এখন খনো আবাদ তো আরে আমি করেন হাই ইস্কুল তাকি নিষেদ দিছেন প্রাইভেট ফড়তাম
/kaggle/input/regspeech12/test/test_narsingdi_0094.wav,মানে এডি বাবার না ইতা তো সব আতার খালি এলাকা একটার সার বি দেওর ফালাম কে মানে না শুরু করে দে শুরু কইরা দে এক সাই বাবার তো প্ল্যান আছিল খালি প্লেয়ার মতো আবার কাম করতাছে কি কার্টুন তোর না ওই যে ওই যে যেডা চিয়ারা করতাছিল
/kaggle/input/regspeech12/test/test_sylhet_0461.wav,ওদ্দিন তা মনে খরো আমার এখান বাইর আর আমার খাআর বাকি ই বাদ বাকি তাইর আম্মায় লেখা ফড়া কচু কলেজ ইবাত ফড়িয়া মনে খরো মাসটা বা খাছে বালা খুলতা ফারি কিন্তু কোনো ছাখরি বাখরি নাই এমন জামাই তো বিয়া ওয় তারা কতাটা ইতা
/kaggle/input/regspeech12/test/test_sylhet_0567.wav,তাইন যেনো মাটের প্রতি যে বালা লাগে আছিল এরফরে ইন্টার টা খরতে গেলো যে ফরতাছে খইরা আমরার ইটা থিরি ছাইরটা আমি মেয়ে তোর মাঝে সব কিন্তু আবার আলাদা থিয়রি
/kaggle/input/regspeech12/test/test_rangpur_0017.wav,না এইটা বয়স কত তুলবার লাগছে চল্লিশ পার পার হয়া গেইছে এর মদ্যে ষাইট বৎসরের বেশি হইছে ষাইট বৎসরের বেশি হয়া গেইছে কি তাইলে তো ভাতা পাবু তাইলে তুই কই ভাতা দেয় পাবু ভাতা পাবু হে ভাতা
/kaggle/input/regspeech12/test/test_sylhet_0672.wav,থামির ফ্যাং ওতোদিন তো আর খাম ফাইতো ছামি বাডি ফারবো আর ভাই না কাজ করতে আইবো না আফনে কতা কইছি ও আমার ছুটো ছেলের বউ তাই প্লেট নি আফনের বাফের বালা ভাইয়া
/kaggle/input/regspeech12/test/test_narail_0033.wav,শিল্প তুল জমি তো শান্তি শান্তি ধারে না না ইস্কুল অইলে পুতা ওই তো ওই জাগা টুক কবানি ওই জাগা টুক মিস পাবে না এনো ইস্কুলি পুতা ওইছে আর দৌড়োদৌড়ি করলে আরে পাওয়া যাবেনে কিন্তু আমি তো আর দৌড়োদৌড়ি করতিছি না গুদ্দি অচ্ছে লোকরে তেলে মিশি বুঝছো
/kaggle/input/regspeech12/test/test_tangail_0102.wav,মানে বলা হয় যে যদি তুমি তুমার ভালোবাসা পেয়ে যাও তাহলে এটা মনে নি কুদা তুমার তুমারে মোহাম্মদ খরছে আর যদি না মিলে তাইলে এডা জাইন যে কুমার সাথে জান হয়ে গেছে ফুরা
/kaggle/input/regspeech12/test/test_sylhet_0719.wav,আর জামাই মোর ওই তোর পাওয়ার পাওয়ার মোরা দি কোফালে হুতি আর না হ দা মোরা দিমু শালায় দেয় এর আগে পার তোমার থানা তো নিয়ম ইগু তো মনো খরো কল খইয়া আমার
/kaggle/input/regspeech12/test/test_narail_0074.wav,ফাউরি ওই মায়ারে এট্টু দাম জাগা তো ছলে থাকতে একটা রুম তনি মায়া থাকপো তারপরেও মনে হয় ওই ভাবে ভাবে কোন ভাবে নি নিলো তো থাহে আনে নিজের জাগা না আমি দুলাল সরকার কথা অনকা কত নো দুলাল ওয় গুলা
/kaggle/input/regspeech12/test/test_narail_0099.wav,আর যে ডি ছিলো সে আমার দাদা সে তারা সে আমারে হিসাব কুড়াই দিছে আমি এট্টু খারি দিতি ফারলাম না তুমারে দি তো খাওয়াইছি ডিব্বা আলু সের দো
/kaggle/input/regspeech12/test/test_sylhet_0660.wav,তে ব্যানানা
/kaggle/input/regspeech12/test/test_kishoreganj_0086.wav,হেইযে খেতে হে মনে খেলা গা হেইডি হেমন খেলা কি হে মিষ্টি এই যে কাটা কাডা আছে না হ কাডা ঘুরার মতো মিষ্টি হেদিন কেমন বড় বড় ফায়ার কেল্লাইগা ই এমন খেলা গা হ্যাঁ কইয়াম এইযে আলি হেই ডিম বড় বাজা আলি নায়
/kaggle/input/regspeech12/test/test_sylhet_0668.wav,ফইর মা কলা হুম ই মা আফনেরা যে যুদ্ধের সময় ইন্ডিয়াত আছে এই সময় আফনের বয়স কতো আছে এতো এতো বয়স অইবো মাতা ঠিক তো বয়স ঠিক
/kaggle/input/regspeech12/test/test_habiganj_0075.wav,ছাওয়া ব্যাটে বালো খরচ লাগে একটা কতা ফেলাতে ভাই লামু একটু বালা তে তো ইতাতো বালা অইলা হ্যা
/kaggle/input/regspeech12/test/test_tangail_0001.wav,বেন্ড আর কি পারফম করতাছে কিন্তু মানে কেউ তেমন ই নাই উৎসাহিত না মানে গানডা তেমন কারো আছে ভাল লাগতাছে না এরকম কিন্তু আবার ফেড মার্ক খুব গান পছন্দ করতো পরে যেহেতু ক্যাডার একটা চুজ খরতে অইবো
/kaggle/input/regspeech12/test/test_kishoreganj_0107.wav,চুরের অল ব্যবহার করেন মানে আমার নিজের খাদ্য নিজে ইতা এরকম বা ফুকা মা কর উদ্দির দিতে বেচ্চে থাকে আবার ব্যাংক কাম করে কার দা খাবে উরা অহন করে এভাবে সব ব্যাংক হয় খানে দুটাএবংইগল সাব
/kaggle/input/regspeech12/test/test_sandwip_0027.wav,তই মাঝে মদ্যে একটা খুব মানি দুঃখ করি কইতে হরি হোলাইন কুন দে হরালেখা করে না মানে আঁই তো কোনোদিন এক্কান বেজ উচ্চতা তুন আঁর হোলাইন যা হরে না আইয়া আগে বাফা শুধু হোলাইন হড়ালেখা কইরলে যে মানুষ ওই যে এমনটা কিন্তু ন আনে ইয়ান মনে রাইক্কা আন্নের হোলাইনে লাম দেইখবেন
/kaggle/input/regspeech12/test/test_sylhet_0670.wav,আর ফাও কাম করি দে ঠাকরি করতো আশি টাকা বেটি কলেজো কি আর এই যে তুফান চান তিন আজার দুই কুয়েটে পেন্সিল ভাতা আমি বলতে খাইলাম চাকরি জীবন থাকি পেনশন ভাতার
/kaggle/input/regspeech12/test/test_chittagong_0047.wav,হুম গুরা দিন ঘরের হামরা কিনছে না আর তে গরম ফরে বলে বারাইতাছে বাট গিয়া শান্তি কিলা তার খাম গর হামলা তর বাইরা দুই লাইন খাম দিন দে ইনিংগো তই বাইরা থাকলে অই যা না না না ই না না এগিন ফারে বুজ্জস না হাম গরির লাউদি
/kaggle/input/regspeech12/test/test_sylhet_0331.wav,নিজের থাক আছে মানে আমার মনো অয় যে আমি বারডা ওখান ফিল তখন আমি কিছু খরিয়া খরতাম তাইন খইলা ঠিক আছে তোমার চিন্তা ভাবনা ভালো আমি থাকতো জানাই কিন্তু ছুটোখাল খরতে গিয়া আমার ও
/kaggle/input/regspeech12/test/test_narail_0104.wav,আমি যে ডাক্তার দেখাইছি ওষুধ খাওয়ার পরে অনেকটা টিউমার ভেঙ্গেছোট হইয়ে গেছে বুঝছিস না অনেক সময় আছে যে ছালাছি মিয়া অয় মানে মাংস ফিন্দো আরেট্টা এক বেডার জায়গায় আমার ছয় বার রে
/kaggle/input/regspeech12/test/test_sylhet_0103.wav,তো তর মায় গা নিয়া খরতো আর বাসার মালিক বাসার মালিক দাম মা আছে গোছাই দি মানে মাট তো হুম মাই গো ফড়তো আটানি ইতা জা সালে খতো
/kaggle/input/regspeech12/test/test_sylhet_0013.wav,দেওয়া গিয়া দেওয়ার পরে তারফরে আমরা প্রসাদ টেখা টাইমের ভিতরে করতে হবে পঞ্চম টা আমরা বারোটা পর্যন্ত আছে বারোটা পর্যন্ত বারোটার বিতরে করতে অইবো বুজা আর যদি একটা টাইম থাকে পঞ্চম তিতি তাইলে একটা যে সময় যে টাইমটার যেদিন যেসময় যে টাইম থাখে এই টাইমে খুব যে এটা করতে হয়
/kaggle/input/regspeech12/test/test_sylhet_0219.wav,অন্তত প্রাইমারি স্কুলো একটা পরীক্ষা দিয়া চাকরির ঢুকমু যাতে আমার পরিচয় খালি হাউজ ওয়াই খয় না লগে এখটা পেশার থাখে চাকরি জিবি ওক ইটা স্কুল মুমেন্ট র খনে
/kaggle/input/regspeech12/test/test_narail_0110.wav,বিদেশ যাবে কিডা উনি বেডা কচ্ছে এ বেডার বাড়ি আসবো না আমি কি ঠিক আছে মনে থাকে জানো বাড়ি আছে তে ঘরে উইঠতি দিবো না তুমি থাকতে নেই বাংলাদেশে না ইন্ডিয়া
/kaggle/input/regspeech12/test/test_kishoreganj_0196.wav,বিল জান করা হয় মসজিদ মানি এইডা মরসন হামার শুকানুর্জ না শুক্রান্দির জন্য হে আড্ডা এই বাড়ি পাবা হবে কি শুক্র দিন হে আড্ডা বে বাড়ি পাবা এইডা
/kaggle/input/regspeech12/test/test_chittagong_0069.wav,ওমার তুই আঁর ন হবেনে এ ইয়্যানর ব এখন সেটা খাতা আইলে আঁরা ঘরেতেআই ছুক্তি অইলো গি আর গাই লই আঁই আম্মারে খই না বি
/kaggle/input/regspeech12/test/test_chittagong_0010.wav,কোনো যে ছাব্বিশ তারিখ না ফরে তুমি লিস্ট দিয়া থাকি লিটার কানে ডিমের তো
/kaggle/input/regspeech12/test/test_barishal_0014.wav,তারপরে দেহি কাডের কামে থার্ড ইয়া অনেক সময় আইছে নি বারি গরি খয় দিলাম বাদ
/kaggle/input/regspeech12/test/test_sylhet_0048.wav,কিতা বেশি মজা অয় তাই ও পারে তাইরে শিখাইছে না না তে অখন তো আমি কলেজো গেলাগি বাসাত তো আলা বাই বাইর লাইগা তো রান্দিয়া দেয়া লাব তাই রান্দি আমার বয়স তা তো ওইবো তে নাইনো ফরে এবা তাও ফরে আমরা না খারে বালা তে ফারবে না ফারি আমি ফারি না বাদ দিয়া সবই আলা
/kaggle/input/regspeech12/test/test_sylhet_0708.wav,হ দুইটা গেলি নাই আরো বড়ো আতে আর ইয়া আইটকা আমরা আর
/kaggle/input/regspeech12/test/test_noakhali_0007.wav,কি এক্কোদিন এতক্ষন দে কিলা কি না বাইর লগে মোটা লগে জানি থাকলে বাইর লগে নেয়ার হলি ছিনে গা দেহি
/kaggle/input/regspeech12/test/test_sandwip_0003.wav,তোমরা সংসার তো উঠছে বেকারি বেশি না করে না কি নিবেন রাখলেই সংখ্যা আইচ্ছা আর ঘর বুজা আত্তে ডাইল গেছে
/kaggle/input/regspeech12/test/test_sylhet_0347.wav,কি ওই তুমার দিবার তো বাড়া আমার ফাগল তাকি কিলা টারা মার থাকলি ডি বাড়া আমার বাচ্চার বয়স তহন দুই বছর খাছাখাছি গেছে এখন ছুটো বাচ্চা লইয়া কেমনে মানে আমি
/kaggle/input/regspeech12/test/test_sylhet_0035.wav,দি সেইম আবার কয় দিন একটা খুইজা হয় কুটাটাইমের ভিতরে পৌঁছাইবো ইদিন সবাই জলি দেয় না সবাই আনন্দ যে পারে তে দেয় না তারপরে শেষ অইলো তর সবাই বুঝা পরে
/kaggle/input/regspeech12/test/test_barishal_0022.wav,একটা কডে কতটুক রস থাহে কয় বালা খাওয়াইলে কতটুক যায় ওগুলা মনে সানগ্লা যা ভালো একটা না আনতে না থাকলে তো না না না নামে কাল বালা এমনে আমরা ও থাহে ঘুমান নের
/kaggle/input/regspeech12/test/test_narail_0159.wav,ওই মেশিনি নষ্ট হইয়ে যাবে উনার এত রোগ প্রথম অর্থে ডায়বেটিস বুঝছো পরে অচ্ছে উনার চোখে তে নালি ওইছে
/kaggle/input/regspeech12/test/test_tangail_0029.wav,তার মানে আমরা দিন চলে কিন্তু ঘটনাগুলা এমনভাবে হয় না তান সবসময় ঠিকই করে কিন্তু মানে পুরা অন্যান্য পারিবারিক যে ঘটনা আছে এডা মানে সারা বুঝতে পারে না এই জিনিসটা মানে
/kaggle/input/regspeech12/test/test_narsingdi_0067.wav,কেডা আমি করি না নি বই না আমার লগে আরেকটা তো বিয়া করি লাইছে যে পোলা মা এ পোলা কি নাম করছে হয় না কয় না আপনে একটা দিগ তা মাইয়া বলে গুন্ডা ভাড়া গলিছে আমরা তো ফির দা
/kaggle/input/regspeech12/test/test_sylhet_0493.wav,লাগছে না তার শুক্রবার নামাজ মাত প্রাকটিস মানে হসপিটালে সব কিছু টাকা নাম তো তার বাড়ে মগ বাজার কাকু তো হুম পিটার খুব বড় হসপিটাল ঢাখার ঢাখা মেডিকেলোর মেডিকেল আন্ডার আগে ওইছে গিয়া যে মানে ইয়ো আকি প্রাইভেট আর ঢাখা ইগু কিতা ইগু আয় না না তাইন কিতা খরছি নানি আমি
/kaggle/input/regspeech12/test/test_sandwip_0020.wav,ছুটু গা যেগুলা রাস্তা রাস্তা হুন্ডা তারা তো আই দিয়া কইলো আই করি দে খাইয়া তোর বাইর খালি বিয়া ছাত্তোই হ্যাঁ কি কাবু খাইতামনি তাকি আইচ্ছা যা হারে সমস্যা কি বালা দেয়াইবো করে না কইলে তো তোরে কি দি দরো জি
/kaggle/input/regspeech12/test/test_sylhet_0634.wav,ও অনে বালা খইরায় ফয়লা ফালাই তাই আফনের বড় বইন্যা দাদো হ আচ্ছা তে আফনে আইন আমরাও ভাই নাতি যে মেয়ে যে তাই তাই ইদ ফালাইতা
/kaggle/input/regspeech12/test/test_narail_0157.wav,ওই ব্যাংকের টা আমারে কচ্ছে কি আমারে কি পাগলের কামড়াইছে আমি গাছ টাকা ভাইয়ে ডাক্তার দেহা জানি তাই কয় আমি কইছি মান পাগল ছাগল আসলে পৃথিবীতে কতো তা তোমার না একটু বুঝা যায় না
/kaggle/input/regspeech12/test/test_narail_0156.wav,ইন্ডিয়া ডাক্তার দিতে যাবে না তুমার দি দি বাংলাদেশেরতে তলায় পায় দারে পারতিছে না ব্যাংকে টাকা রইছে ওই টাকা ভাইঙ্গা ডাক্তার দেখাবেন আসে
/kaggle/input/regspeech12/test/test_chittagong_0097.wav,তা ভাই মাতা মুটি কিন্তু ইবার আসি তুই ইয়া অহন ন আঁই দিছিলা আঁরা ফিছত রাষ্ট্র মন্ত্রী ইয়া গইরজুম আরে গরু আর মধ্যি আইলে আনা দুনুগা এক অংক খইরজুম ক্যান
/kaggle/input/regspeech12/test/test_sandwip_0056.wav,বেডার বেশি করে ন আঁরে মহিলারা যখন সবকিছু লে দান্দা করন লাগে এসব মহিলার গো আসলে বিধান দা কার মানে ই তোর মাথাত হইরবো
/kaggle/input/regspeech12/test/test_narsingdi_0106.wav,দাদা তুই কিন্তু ট্রাই করলে আবার বাবায় খুব খুশি অয় করতাম পাগলা লাই আর এইডে ওয়েট কো কবের আর নার্সারি রিদা আর ইয়া ওই আমি কিছু ট্রাই করলা দাদু খুশি হইতো না আমার প্রতম রান্দার তে মনে আছে যে ডিম বাজি গেছিলাম
/kaggle/input/regspeech12/test/test_kishoreganj_0204.wav,তিরিশটা মিনি দে ন থাকে হ্যাঁ বাদ দে অহন কিতা আইচ্ছা যে বদ্দ কলি ফিলি হ্যাঁ তুমি এইটা কিতা আবার তো এই কয় ঘর এইডা তো ইয়া আমি কে জানি না ক এইডা বেগুনির করবি কই
/kaggle/input/regspeech12/test/test_narsingdi_0123.wav,এ মশা মানে আইচ্ছা এমন ক্লাস ঠিক আছে অহনে জাপানে সবচেয়ে হায়েস্ট বাজেটের ইয়া এহন মাস সিরিজ না দেখলাম আমি আনি রিকুয়েমেলি সাফে শেষ কি সরি
/kaggle/input/regspeech12/test/test_narail_0030.wav,কিডা নিতে কিতারা না কতা তো নিজে আমি তো কাগজে কতি পারি ওই কাগজ দেখলাম ওই যে কাটা কাছতে লইয়া এই যে খাল কুলি যাইতে হবে ওই এগে জমি হয় তারপরে আসাদ মিয়া যে ক্যাম্পেইন সেডা তো আমরা যাই
/kaggle/input/regspeech12/test/test_sylhet_0578.wav,ইদ আর কিলা দে টিকনিক ফানি এক বছর পর তুই তো মনে মানে অর থাপ ছালাইতে মানে এন্ট্রি আছিল নায় বাট বেডিস না তো ফরে অভ্যাস ইটা খরবা নে দুইদিন ফরে
/kaggle/input/regspeech12/test/test_barishal_0034.wav,না বিষ্টি দিয়া লা খানেরে দুই এক এট্টু বাটিতে লইয়া এট্টু ওই করবেন কই মিডাও লাগে না হেই দেক ওইয়া তিতা ওইয়া খাইতে খাইবেন তো দি ফালি ফুরা নিছে না একটা তিরিতে
/kaggle/input/regspeech12/test/test_sandwip_0108.wav,থাকতি বানাইলে খালি আমরা লেখা তো কলাই মাস কেরা না নিলে আবার হচ্ছে হেতে কুত্তারে কোনো সম্পর্ক নাই এই ব্যাফারে আঁই কইলে আঁই হইলো গেলে হেতে মানি ফানিডা ভুত বেশি হরালেখা খাবার তে খাইতে খরবো
/kaggle/input/regspeech12/test/test_noakhali_0020.wav,ভাই তরে এই কতা লইয়া করছেন তো নি খেলা দেখতে বুজান
/kaggle/input/regspeech12/test/test_sylhet_0036.wav,কয়দিন আমরার মন্দির খাইট্টে আনন্দ উৎসব করে সন্ধ্যার ফরে ঘুরাই খা দিন আমরা সবাই আমরা আমি শিখাইছে দিন ভালো মাছ মাংস সবাই ফায়ে টা বানায় বানাই তারফরে হইলো আমরা না
/kaggle/input/regspeech12/test/test_rangpur_0059.wav,একটা চিনন দেখা গেলো আকাশত এইটা হইলো দুগার একটা লক্ষণ যত মোহাম্মদ সালাম নিজে বলে তাহে গেইছে এলা বিত্রে হততে তারিক আই
/kaggle/input/regspeech12/test/test_habiganj_0016.wav,ছেলেডা নিতে বিয়া খরি সেরা বালা দেখতো নি রে অখন খতো ছারা তো ইটা একটু বন্দ ফরে ইলা চা ফাচ ছেলে দুই লাই যাতে বিয়া খরতে তিন টাইম মনোয় বিয়া খরছে সব মত এটারে মনে অয় বেড়াইছি আরকি
/kaggle/input/regspeech12/test/test_sylhet_0459.wav,খান না বাফেরে বুলে তো আর ইগু বাসায় না খরছে না আমার মাচা তাই মারা যাইতো ন নাতিন না বুঝে না নি তাই না দেখছে না আই ফির লগে তো ফায়ার লগে আরকি খতা আইয়া খয় আমি বিল
/kaggle/input/regspeech12/test/test_kishoreganj_0037.wav,গা আইতে গুরা চব্বিশ চব্বিশ উনি নেই মনে হয় রে টি ডবল জিরো গুড়াগাড়ি
/kaggle/input/regspeech12/test/test_barishal_0073.wav,দেখতি এডা নিজের চোখে বাস্তব পরমাণে দেখতি এই জিনিসগুলা ঘডে সংসারে নিজে দেখতি সংসারে ঘডে এরা এরা তামরা সামনে না পরে প্লিজ দিয়া প্লিজ দিয়া বহুত কিছু করতারে
/kaggle/input/regspeech12/test/test_sylhet_0276.wav,মানে তো ওইলো গিয়া দরো আমার মাটের খাওয়া খরচ থাকি ভাগ খরতো দিকটা অবস্থা তো ইতা কিলি একটা খরার ফরে শাহ ওইয়া গেছে খারণ ভার্সিটির বাসে আওয়া যাওয়া খরি তোমার বাড়ার টেখাও লাগে না না মারতাছে টেখা একটা পাইলে
/kaggle/input/regspeech12/test/test_kishoreganj_0160.wav,টুকটুক কেলা নালি মেইন ডান টুক তো কেরা ডালিম কাকা ছুট ছুট দান টুক টুক কলাম দান ছুটু দান টুক তো কেডা ছুডু না টুকটুক কেলা জানিনা ডানা টুক টুর খেলা নানি মা
/kaggle/input/regspeech12/test/test_sylhet_0751.wav,তো বাত মিল্লা দিছি নাই আর গেলা ইগুলা মানে ইগুলা খরার কিতা মানে ঘরে নিজেরা পরিবার ফরিবারো খরে আবার মিল্লা মিথ্যা খরতো তারা যদি জাগা
/kaggle/input/regspeech12/test/test_sylhet_0593.wav,পাপ্পার সাতে মাত তে লাস্ট টাইম টান হাসবেন্ড আইছে এর আগে কবে জানি মাছ লইছলো একরের হাসবেন্ড যাওয়ার সময় আবার কয় হাজবেন্ড বিয়া আড়াই অইছে হয় পাইনে প্রবাত খাও আছলো না
/kaggle/input/regspeech12/test/test_sandwip_0032.wav,দুই তিন রকমের মাছ লই আইবো কি তোর মা অইছে চাকরি করইন্না খন এগুরে আগে হ্যাঁ হে কারেন্ট কার কারেন্ট সিরিজ থাইকলে না এক্কান কতা ক ছে গইরা গইরি গিয়া করে হ্যা হ্যা তো মানে হে তুই খয়
/kaggle/input/regspeech12/test/test_kishoreganj_0159.wav,কিতা ফুল গাছ তা তা দান ফানি জমা দেখতো ডানিয়াল হ দুবে মদে গেলাগি কুয়াশা অইছে কুয়াশা আইচ্ছা ডলি মেইড ডা না টুক টুক লাল টুক টুক লাগে
/kaggle/input/regspeech12/test/test_sylhet_0157.wav,মাটও কম ডিসেবল সাইডো বাই কন্তে একনা যুদ্ধের সময় ফাইছোইন নি খতো বড় আছলো একটা আছলাম কিচ্ছু মনে জিনিস সব কাম না তে আমরারে খইন না আমরা তো ইটা খালি বইও খরি কিচ্ছু তো জানিনা
/kaggle/input/regspeech12/test/test_narsingdi_0023.wav,এ দেয় আসলে জাতীয় দলের প্লেয়ার আসবে যাবে যাবে আসবে এরকমই তুই আজকে তুই খারাপ খাতাত তোর জাগা আরেকজনরে নিবে যদিও আবার তোর জাগায় যায় নি তো যদি খারাপ খালে
/kaggle/input/regspeech12/test/test_chittagong_0014.wav,রাহি তাইলি দোয়া গইরগু আই আইচ্ছা তো ন লইছে এলা এনো
/kaggle/input/regspeech12/test/test_tangail_0121.wav,তোই টাকাগুলা কতগুলা মানুষের কাছে পৌঁছাইতে পারবো যতটুকু আমি হিসাব করি তোর যদি ক্যালকুলেশন নরমালি করি তাইলে তো হইতাছে অনেক টাকা হয়া যায় কিন্তু দেখ দিতাছে কত লাখ টাহা বেডা কেউ ব্যাবসায়ীরা হারে গরি দুই থেকে আড়াই লাখ টাকা কইরে দেছে কিন্তু এলাকার এলা কি পাচটা একেকজন ব্যবসায়ী এডাও তো কথা তাছে তাদের লস অইছে এক কুটি দেড় কুটি
/kaggle/input/regspeech12/test/test_barishal_0028.wav,ওমরা ন খইস না হয় খালি আছে মাইয়ে ভরতাম ক কিরা না তারা খাওয়া টিকির করে খাইলা কয় না এই যদি আগে থিরি দিয়ে এট্টা জিনিস কয়ডা ছিলাম একটা না দিদায় হ
/kaggle/input/regspeech12/test/test_narail_0102.wav,জাকাল হামদুলিল্লাহ যুক্তি কিন্তু কঠিন রোগ বইয়ে নিয়া বেড়াছি এ আর কওয়ার মতো না কী একটা কুন থাকতে হবে থায়ে যাইতে হবে ঠিক কি ইবে না
/kaggle/input/regspeech12/test/test_sylhet_0614.wav,ফোয়ারে লইয়া হ্যালো আইছোস নাই তোই আইছোস না না তা খরিয়া জিয়ো খরো পরের বার খরো আমি আইয়া তারা
/kaggle/input/regspeech12/test/test_sandwip_0052.wav,তুমি ফিল ই করছে তলার মা আছে আমার ফরে হাতে দেখলাম যে হুয়া গেছে কিন্তু গিলিপদাতো কইছে এক ধরনের আঙ্গুলের ইয়া করতি পারে না হ তে এক দাম কিতা কয়দিন টেন দিতা কষ্ট তো আই গেছি না
/kaggle/input/regspeech12/test/test_sandwip_0127.wav,আর বাইয়া বাইয়া একটা স্লো এমনে এই লাইন আংগোরে পেশার দিয়া টিক করার লাইজ্ঞা আংগো মারা সাফের করে টি ঠিক করছো আমরা মানষি আংগো হোলা ভাইয়া আংগোরে মাইন্ড এই পেশার দিলে হরা লেখা তার জীবনের গিয়া রাইনতি
/kaggle/input/regspeech12/test/test_sylhet_0438.wav,মানে ইগুর টা খরিয়া বা কাজ কইরা কি কুরিয়া না আব্বা মোটোর মাঝে ফড়ছে এমন টিক মারা আমি মানে আমি খইছি সবতা মনো ছিডা আইচ্ছা মা মানে মাংসর তোমার তো ছিড়িয়া আইয়া ফরি গেছে আর এমন টিক লাহান টিক তা খন দোর ছোট আর হোলা খার আমি উবা তা খরাম না
/kaggle/input/regspeech12/test/test_sylhet_0547.wav,আর ফরম ফিলাপ তাছে হঠাৎ এক্সামোর রুটিন দিবে না রমজান তা তো ওইতো না আমরার হেদিন এখজন মেয়ে খইছোইন ক্লাস তো যে রমজানও ওইতো
/kaggle/input/regspeech12/test/test_tangail_0066.wav,কর্পোরেট পার্টি ঢুইকা পার্টি করতে পারবো না ওদের তো আলাদা একটা ইডার স্টার্প আছে ওই তো আর যেমন স্টার্প ওইরকমই তো এই পার্টির মদ্যেই মানে শিউলি একদম মানে রেলিংয়ের কাছে
/kaggle/input/regspeech12/test/test_barishal_0060.wav,অনেক পোলাপানের লগে চলতি এই পোলা নেশা হইতে শুরু কইরা এমন কোনো তাওরে সিন এই যে মুই পোলা করি নাই আর এহন সব ছাইড়ে ভালোই সংসারি করি মনে করেন আমি যহন পোলাপানের লগে চইলছি দৈনিক পঞ্চাশ টাহা একশো টাহা কাজা লাগবো আমার তামাক খার আমার জীবন চলতো না
/kaggle/input/regspeech12/test/test_barishal_0091.wav,গত বছর এরা তো গাছ এই যে এই বাড়ি করলাম এই গাছ তো বড় গাছ
/kaggle/input/regspeech12/test/test_habiganj_0032.wav,সেইডা রাখছি অখন ইখানোই ইকটু ইয়ো খরি আবার মাল টাল কি কিন্তু পুরাপুরি ভাবে খরা ওয় না বাড়িত থাকতে যেমন খরতাম এমনভাবে কিন্তু খরতাম ফারতাম
/kaggle/input/regspeech12/test/test_barishal_0045.wav,হেইয়ার পর মনে কর নে না আমার মাথা গেছে গরম হইয়ে ডাকাইয়া গাম এইয়া সহ্য অইলো না এইয়াতে ইয়া করছো গরু কইল্লে কি ক ক ক না তে হালাম বেচ্চি ও হালামু আর ওই মোর ওই গাছ কাটা কা চাইলেই গেলে মুই ঢাকা চইলে যামু এই বাড়ির সংসারি
/kaggle/input/regspeech12/test/test_sandwip_0037.wav,তা খাইজ্জা কট টাইম আর কি ইয়া বাশা ইয়া করলে হের বাস না বেশি হে যে তলায় ফাঁশটা দেহা ব্যাকে জানে না এক্কানা কামা ইখান তো হেইনি চান তো ভাবি
/kaggle/input/regspeech12/test/test_narail_0017.wav,তালি সেই সর দে খাইছে আবার কইছে যে মাসেও তো বাইত কাছে বলে ম্যালা টাকা পাঠাইছে দাদা দাদার হচ্ছে বিত্তি তাই তো মনি কলো তারে মাইটে তো তালি কচ্ছে যে তালি ভালো কথা গরু পদ ছলের কাছে পাঠাইছে তালি আমি গরু পদ ছলের কচ্ছে শুনবো যে গরু পদ ছল তালি টাকা তো খাইছি আবার দেহি নাই
/kaggle/input/regspeech12/test/test_sandwip_0125.wav,আত তাকি ইলা সাতটা ফারে খোলা ওমা যমন তো না কলা আঁর বাড়ি যাইলে আসে ইতের হোলাও হে কিলা আইসা এলা জনতা মাসে খইতে আইলো না নাইনি জনতা খরি ফোলা ঠুলি গেছে
/kaggle/input/regspeech12/test/test_comilla_0027.wav,ছিলো আর ওর বাবাও তো একজন সরকারি কর্মকর্তা উপজেলার অধীনে ইঞ্জিনিয়ার সহকারি ইঞ্জিনিয়ার তো উনারা ওরকম ভাবে যে মানে একটা তদন্ত করতে হবে বা এখানে কাউকে দোষা রুপ করার মতো উনি কুনু ইয়া করে নাই
/kaggle/input/regspeech12/test/test_narsingdi_0065.wav,ইটা আমি দইয়া এরফরে অনে ইঞ্জিনিয়ারিং ফরতাছে কতা থকা তুই হার্ট সফটওয়্যার ক কি কি তালি খালা ফরে কি লগে
/kaggle/input/regspeech12/test/test_tangail_0115.wav,কী অনেকেই কাহারা ক না ওইলে তো দেখাইছে পেপারেও দেখাইছে আর এখজন নেতা না সবাইকে ই করে চট্টগ্রামের রাও জানের নেতা
/kaggle/input/regspeech12/test/test_narsingdi_0031.wav,দেহস না তুই এইরকমই স্বপ্ন সবারই দেখতে হবে ওইটাই স্বপ্ন সবাই দেখবো উল্লাহ না দেখলে কি চলে এই যে টি টোয়েন্টি ওয়াল কাপ গুলো দেখলি না সাকিব আল হাসান বললো যে
/kaggle/input/regspeech12/test/test_sylhet_0398.wav,খয় আফনারা না তা না খাইছো বালা কতা তোমার একটি আলা না ছুটি না তার বা না তা না কা দেখা যা
/kaggle/input/regspeech12/test/test_rangpur_0126.wav,তোরা খালি করে দাম কুন দিন ইয়া মোট টেকা দিয়ে দেতো ওটে দিছে হ কতাওই দুইশো দিছে মাফ হ তাতো আরও তিনশো দেইম আরকি টোটাল পাশশো টাকা আম্মু করি দেন
/kaggle/input/regspeech12/test/test_sylhet_0677.wav,বাচ্চা খাটা লইয়া ইয়ো খরছে কনেক ফরে মাস্টার্স আমার আইছে ইয়ো খরতে ফারছি না ফড়ার গুচ্ছ বর্তি ওইছে মাস্টার্স স্টার্ট মানে খরা রাখতো কন্টিনিউ খালা
/kaggle/input/regspeech12/test/test_sylhet_0695.wav,তাইলে তো আফনারা ব্যস্ত আছোইন এরে তে রান্দা বান্দা খইরা লাইন দাদু তে আমরা উঠি আফনারা আফনারা বউত সময় দিলা যে ওই গুলা খরা খরলা
/kaggle/input/regspeech12/test/test_sylhet_0442.wav,আমার খয় তো এমনে বিকি বাড়িত কে ক্যান্টি এক্কেবারে তো আবার তো অয় তা তা খইন নি অয় ও তো বালো তোমার বাদোর পয়েন্ট আছে না নি পয়েন্ট পড়াইলে গিয়া যে আর হাম্বার আম্বা
/kaggle/input/regspeech12/test/test_sandwip_0111.wav,হ্যা কেমনে জীবন তো আর না ফরে দেম্নে যেখান মানুষ জন্য হ্যা কী যে লাইন নাই তুই সবাই গরাইয়ারে লাই যে কেউ কেউ দে
/kaggle/input/regspeech12/test/test_noakhali_0006.wav,ও কি গেছে দে কি না না না
/kaggle/input/regspeech12/test/test_sylhet_0301.wav,আর বিয়া অইলো ওখন একটা করা লাগবো খরতাম আর সত্য বড়ো যে জিনিসটা আমার মাতায় ওখন এটাক খরছে যে আমি তখন ইউনিভার্সিটি ফাশ খরি লিমু ফাস খরিয়া যেকুনু আমি বাড়িত ফিরিয়া যাই যেই পারি আমার আম্মা টোয়েন্টি ফোর আওয়ার স টেনশন তাখোইন আমার আব্বা নাই আম্মা ট্যানশন খররা তাইন ঘুমাইতে ফারোইন না
/kaggle/input/regspeech12/test/test_sylhet_0243.wav,আমার স্বপ্ন গুলা খুব ছুটো ছুটো থাখে যেরখম আমি আমার টারি কিতা খইতাম মিনিমাম প্রাইমারি স্কুলে চাকরি খরিয়া আমার একটা পেশা লাগাইয়া যে আমার ইন্টারো দিতো তখন আমার টার্গেট ওইছে ইটা
/kaggle/input/regspeech12/test/test_sylhet_0590.wav,ম্যাট টেপ যে তাই তো তো এরে ফরে অইলো আর করতো পড়াইলানি আসিলাম যায় এখন দিন প্রতিদিন ফতিদিন তো যাই ডিবি
/kaggle/input/regspeech12/test/test_sylhet_0589.wav,আর ফরে থাকি দেইক্কা বাক্কা পড়া তো আর টেস্টের খয়দিন আগে দেকি ফড়াইয়া তো স্যারে বাতি ফাকি ফড়াই
/kaggle/input/regspeech12/test/test_sandwip_0002.wav,না খালি খাইবো না তো না খরতো না নি চাকরি হলি বাইত আইছি তো ইয়ানে অয় খর খরতে তা বাদে থেকে
/kaggle/input/regspeech12/test/test_sylhet_0480.wav,আমার আম্মা তারা খম ইতারা খা কিতা ওইবো খালি তোমার উটবো দরখার মাইয়া খার ঘর তো আচ্ছা বাইয়ে ওলা নিয়া বড়ো বড়ো টেখার বান্ডি না বেদনা ডাক্তারের ইটা আমার বইনে মাত দিয়া অর্থ অইবো এরকম
/kaggle/input/regspeech12/test/test_barishal_0050.wav,এহিনদা হেই রাত্রে এম্বুলেন্স বাড়া নায় মোর দেয় দিয়া আট টা হাজার টাহা কয় গ্যালে যান না গালে বাদ দেন ঠ্যাহাইন্না হেই ঝড় তুপানের মদ্যে দিয়া এট্টা বিপদে আকদ কলে থাকে ঝড় তুফান ডাঙ্গায় এতো কিছু কইররা হেইয়া মনে করেন কোনো যদি এট্টা ঘোনানা থাহে মানুষের কিতা দেওয়া আরকি ও এইডা বোঝে না যে মোর ব্যাডা যে হারাদিন এই গাছের কামডা করে
/kaggle/input/regspeech12/test/test_kishoreganj_0039.wav,মা কি আলাপ কালা এইডা জানো না তা তামাত বুলে এইডা হ আচ্ছা আমার একটা তো ফুয়া নাম কইতে না তামরা দি না কি জামেলা না ডা
/kaggle/input/regspeech12/test/test_narail_0022.wav,আগে তুমার বড়ো মামি কতো ওই বড় দি দি না তো তুমার ফোটা মুই বাড়ি খাও পাই না যে আনে যদি তা ওই যে পিরিত ওইছে সুজন মাস্টরের পিটাইছে মরিছে ছোট মানুষ সুজন ছোট মানি ছোট মানুষ তো খাতের ছেলো না লাল বড্ডা সত্য গা টোকন ইলা
/kaggle/input/regspeech12/test/test_narail_0003.wav,নেতে আনে তার তো ছেলেরে ওহানে ভয়তে আছে আমি যে জমি যাতি ধরিছি ওগে কানে গেছে এবার আমারে ডাইয়ে কচ্ছে কি এরকম বাড়ি জমি তো আমরা খাত ছিলাম
/kaggle/input/regspeech12/test/test_kishoreganj_0164.wav,ছুটুখালা মানুষের মাছ দিলাই ফালা দেই সাদিন বাবা কতা বিবাদ না টুকু কেলা
/kaggle/input/regspeech12/test/test_sylhet_0489.wav,আমার এখলা ম্যাডামে ফাও তাকি তো না না তুমি তুমি তাইনরে বালা রা
/kaggle/input/regspeech12/test/test_sylhet_0740.wav,ফরে ধরবা টান মারে নিবাগি জামাইয়ে যে বাফোর তো ইটার মাইনা খারা দিন তাইন মনো তাই দেখতা ফারবা খাই খানতে ফাতা তারা টাই পরিচিত ওই যাই যেমন আম্মা তার বিয়া
/kaggle/input/regspeech12/test/test_kishoreganj_0021.wav,বাটা বরছে গিয়া বাইচ্চা কুন নতি চাইর মসিদ নাকি কয়ডা গতি বইয়া মসজিদ বইয়া মসিদ বইয়া বইয়া মসজিদে আর এই জাগা লক্যা হাই ইস্কুল আছে না হাই ইস্কুল ছাত্তি আছিন বাড়ি হে সময় না অনে ঠিক নাই
/kaggle/input/regspeech12/test/test_sylhet_0149.wav,আছোইন বাইর বউ এখন বাই তাইন বাই খেলার করলে খতা আইছি লেখা না তো মাইয়া এলা কিছু মাত্তেও ফাররাম না ফড়া দেখা লাগবে
/kaggle/input/regspeech12/test/test_barishal_0042.wav,হেই কোডে কুন দুই দি মনে করেন কাঁচি দে টাইন্না আডি বানছি মুই রাস্তার লোক বিয়ে জাগাতে হেইয়া নিয়ে খাতে হালাইছি হেই কুডাটি এক লাক লা লা হেই এদ্দুরের মদ্যে একটা মিনিট থায় বই তারি না হেইয়া ঘুরে ঠুলি হুগাইছি বিয়াইল্লা কালা হে আবার এক লাক লাক কাছাইছে
/kaggle/input/regspeech12/test/test_chittagong_0093.wav,নাই ফাল্লা অনলাইন আইছে টেনশনে আছি তুই খোনোমিক্কে নাম ন আইতো না কেউর খোনোমিক্কে নাম ন আইয়ে গুচ্ছ সি ই ডি ই
/kaggle/input/regspeech12/test/test_sylhet_0001.wav,আর খয় ডেগ বেগ না তারা তো
/kaggle/input/regspeech12/test/test_narail_0063.wav,না পরে ওর ভাইর বিশ্বাসে পুকুর তা ফরের ওয় তাইলে কি তা না তে মাইদে কোন দিন মাইদ্দে তো পুহরের পালকির
/kaggle/input/regspeech12/test/test_sylhet_0075.wav,লক্ষ্মী ফুজা লক্ষ্মী হুনমু খালি বুজা কার্তিক পূজা তোমার বেটা গনেশ টিপ আরেখটা আছে টিপ চ তো দরছে ফাগল মার তোমার তো লাশ ভাই ফোটা কুন সময় ভাই ফুডাই খাছে ওখন তো ফড়া লেখা খরে না তাইলে চা ভাই কুটাদে কিতা খরোইন ভাই ফুটার মদ্যে তারা ভাই বাইরে পা
/kaggle/input/regspeech12/test/test_tangail_0022.wav,ছাড়া দেক দুইজনের দেখায় একটা নিউ ইয়ার্কি বেগুন একটা মল অরা যায় ওরা দুইজন এই যায় মানে এই লাভ কিনতে খারণ বাইরে তখন মানে শীত কানাডা ওইদিকে মানে ওই
/kaggle/input/regspeech12/test/test_narsingdi_0063.wav,তে ফরে তোরা পনরো দিন লাগা শিখতি আমি আগে শি না ঠিক অই কিন্তু লাস্টের তিন জন ঠিকই শিক্কা এসি ফরীক্ষার আগে দি ভাবে আমি দুই তিন অধ্যায় ফরে কয় তরে ফরাত গেলে
/kaggle/input/regspeech12/test/test_kishoreganj_0095.wav,কিচ্ছা বিরাইতি মসিদ না বেডা তুরা নিবোগা না দিলি ক্যামেরা বিদ করে আর কি ফরেদা ন করে না ফরে একলগে নাছে এর ফরে আনোন কে না এরফরে কালাম আর না এর ফরে দে কেউ আইয়ে ফরে নামাজ ফরতাম দেও একটা টান দেওয়া
/kaggle/input/regspeech12/test/test_sylhet_0606.wav,এখন আলহামদুল্লা মনে খরো কিতা ওইছে এখন ম্যাডাম খুব দেখতে বালা লাগে মানে দেইখ্যি রাখছি যে মানে আমি ঠিক ঠাক আছে সুস্ত কান এ দেখা বেকটি দুকান খারণ তো আমরা যে সুমা করতাম ওইলো আমি যে সময় ফাইবো আছে আমি ফাই আমি তো ছাত্রকে আসলানা আস্তে তো আছি
/kaggle/input/regspeech12/test/test_narail_0057.wav,বাদ দিয়ে আছে তোগে দে জমি দেবো না নি যদি কোনো ভালো কাডি পরে বড় সাতি থাহে আমাগে তো মনে কর অভাব নাই আমরা দুই মাস পরে তো আমরা ম্যালা ভালো আছে হেই করি বাবা চইলে গেছে চাকরির ভিতরে কয় তারপরে যদি তোর ভাইগ্যে থাহে টাহা পয়সা হলি আবার তো
/kaggle/input/regspeech12/test/test_sylhet_0338.wav,মানে আমার মানে ফরীক্কা দিতা ন অয় থাকতির কুনু অভাব নাই কি না ক তো তাও আছিল বাদে ফরীক্কা যখন স্থগিত অইলো ওয়ার ফরে
/kaggle/input/regspeech12/test/test_chittagong_0081.wav,কম্পিউটার কিরতাম দিয়ার তো ভাই এরা যায় মানে এন অসুস্থ ওই যায় ইগুর মাথা ও তুলিত ন ফারি ওই যে হিট সলো সমতা ওই যায় বুজে ভাই যে গরম ফরে মুই টু আইও গরম জাল এখন মুকে গুরতাম যাই ন ফারি
/kaggle/input/regspeech12/test/test_sylhet_0164.wav,কতক্ষন থাকতে না আফনেরা যতক্ষণ তারাও খাওয়ার এখ টাইম না তে উঠাই না নিরব ওইতো দে তারা রাজা ফারা খাই ইডা ফানি ফাইট্টা খইবার নাই এখন ফারি খাইছোইন মাইনষে কারা আফনার একটা ইতিহাস থাকছি তা
/kaggle/input/regspeech12/test/test_chittagong_0150.wav,কিরকুম এট্টা ছবিটা বিনি ফাডাইতেন না আন উরা একবার খইলাম দে আইডি ওকগা এক সেট ন গরিবার লাই ন হই দে এক্কান সমস্যা আল্লায় কী অইয়ে ওই আই দিবো দি অনে মেসেজ ডিরেক্ট কনভারসেশন ওগে এগু ছবি টবি বেকগিন যতি
/kaggle/input/regspeech12/test/test_kishoreganj_0106.wav,এ টু বা খান সমান টিফানি এই সকল প্রাণী প্রত্যক্ষ বাপরক্ষবাবেত তুতিদের উপর নির্ভর নাইগা
/kaggle/input/regspeech12/test/test_sylhet_0114.wav,তে এম্নে আমরা একটা তে ইয়া লইয়া মাতোইন আফনের ছুডুবেলা গুলা লইয়া কিচ্ছু খইন কেমনে বড় টরন পড়াশোনা খরছি লাইনি না কিলা একবারেই না খরছি না ছুটু থিকা বড় কিরখম অইলো দুইটা কাহিনী কিনি খই
/kaggle/input/regspeech12/test/test_narsingdi_0128.wav,রেট খেলাও এই আল্লায় দিলে তো মাশরাতোর মুহের দাপতকইবাগেথে কী দিছছ হ্যাঁ কি দিছস বইন আমি ন্যাচারেলি খাবার না না ওই যে বাবায় কি একটা ওষুদ দিছে না আমিও কিনমু ওই যে আমার চান্সপট ইতাতো এডা যে সান্স পর যাইতো না এডা বরন অইছে ব্লক বনের একনা ফ্রন্সকিনার লাইজ্ঞা এডা
/kaggle/input/regspeech12/test/test_sylhet_0037.wav,না টাইম তো অনেক মজা খর সবাই রং খেলে নামাই দে সবাই খুব আনন্দ খরা খরা খরা মাটে ইয়োত নিয়ে গাড়িতে করলে ইটারে খয় প্রস্তুতি নিয়া যায় গাড়িতে নিয়া আনন্দ খাটছে রাকা উঠে মাজারে নিয়া কিন্তু খরিয়া
/kaggle/input/regspeech12/test/test_sylhet_0418.wav,মানে আমি তো সারাজীবন তাখতাম আর বালা ওইডা নে এখন বুচ্ছো তারফরে আমি আন্না মানুষে দি যে বাত কি হুনতে বালা না রে বাবা বুঝো না নি বালা দেখতো ফারে আমি আবার আনা তুমি দেখো তো তাও খুব কতা মামি তুমি
/kaggle/input/regspeech12/test/test_kishoreganj_0078.wav,ফাকা ফাকা ফাকা যা ফাওয়া যা দেয় তো অনুমতি দিছে টিয়া লাগে আমি তো কইছে টিয়া লাগবো কই যে ডাঙ্গায় দিবি না নিজের আছে তো রাঙ্গা বাঙ্গা লাইজ্ঞা যা গা
/kaggle/input/regspeech12/test/test_sylhet_0351.wav,এই আবার কি গার্ড তো তারারে ফাইয়া খইলাম যে আমার বাড়িত ছিলেটর আমি থাকলি গরি ব্রাহ্মণবাড়িয়া আমার বাচ্চা ছুটো অখন আমার বাচ্চা আছিল পুরো নূরুল ইসলাম না হিডা তা খরতো তাইর লগে লাক খইছোইন যে না ই মরে এই ছোট বাচ্চা লইয়া জামাইর ছাকরি যেহেতু সিলেট তাইন যে সিলেট ট্রান্সফার খরে ছাগল
/kaggle/input/regspeech12/test/test_sylhet_0635.wav,ওই যে নাতনি দেখলাম তাই মাতি আনি না করন ফাইবো দিক্কা ইটা প্রেশারে প্রেশারের দি আইছে আর প্রেশার বাড়ির
/kaggle/input/regspeech12/test/test_sandwip_0054.wav,না কের কত কিনি ন ফার্টি
/kaggle/input/regspeech12/test/test_chittagong_0149.wav,বড় ফির ভাষাত হ বড় ফির বাসাত বই থাইক্কি অনে কিতা লাইগগু নে বেয়াকগিন কান আছে বেয়াকগুন ভালা আছে আঁই নাস্তা তাতে কিলা দে আঁই ও বউ আঁই বউ বউ দুল নাচি আর হতা হইর
/kaggle/input/regspeech12/test/test_narail_0126.wav,কমেন্টে গিয়া তো ঠিক ইবে অনেক দেখে কি হ্যা আমি দেখে কি আর না আমি দেখাছি এ আমার সাথে এট্টু কথা করতি হবে উনার একটা থাকে না কনতে থাকে ওই তো বড় থাহে না দাড়ি
/kaggle/input/regspeech12/test/test_tangail_0020.wav,তারপরে আমি যেই মুভিটা নষ্ট অইছে এর কমেন্টে সেইডা অইছে সেগেন্ড ডিপিটি এই মুভিডা অনেক দেখে নাই কিন্তু এডা একটা সুন্দর মুভি ঘুম আসতে সে
/kaggle/input/regspeech12/test/test_habiganj_0096.wav,আমার তো ইচ্ছা কাগা দাওয়াটা বাদার যাইতাম ইতা যাইমু যেসময় নিজে চাকরি একটা করমু বেশি টেখা ওই সময় যাইমু ইতা এখন দিতা না এহন তো ছুডু রইছে এখন প্রতম জীবনের ফতম ইটা নাই দুধ বেশি দূর তা না ফিলাট ইতে অইলে দিবো না ওইলে দিতা না যে লাগি
/kaggle/input/regspeech12/test/test_rangpur_0044.wav,ধান তো কবার নায় হ পান এমনও দিন এমন আগে ফাইদা এমনও দিন এমন নেশা হয় না থাকলে নাই নে দিবারে পাই কিন তো কয়া লাভ নে
/kaggle/input/regspeech12/test/test_habiganj_0053.wav,এরপর একটু পবিত্র কওয়া যায় মন প্রাণ ও বালা তাখে
/kaggle/input/regspeech12/test/test_barishal_0100.wav,মোর হাত লাম্বা এই ঈদের দিন পছন্দ এক খালি ঠিক না দিবে না কিন্তু পোলা মাইয়া ডিবি সামি কাছে এবার তো ঈদ গাছে কিন্তু একবার দিন পর থিকা শনিবার বিয়ালে বাজারে গেছি পাঁচটা বেলা যে পাঁচটা বালির দুইডে জাল হালায় দিছে
/kaggle/input/regspeech12/test/test_sylhet_0130.wav,এলাকা ব্যাক খা হুম না ইসলাম লাগে একটা বেডা লিল্লা লাম্বা বেটা আর ইদ উদাই না তারা আইলে একা কিতা গতবার খারোই গেলি
/kaggle/input/regspeech12/test/test_kishoreganj_0192.wav,উদ্ভিরে পুষ্টি সুজন কুটি পইজন মানে দিরে পুষ্টি কুনু ফরন মাটি কোনটে পানি দশের কারণ মার বর্জন ন তোমার বর্জন ন ব্য ই পানিতে মিশে থাকা পানিতে মিশে থাকা বালি কাঁদায় ইতালি নুর
/kaggle/input/regspeech12/test/test_rangpur_0023.wav,আমি তাই মাছে চলিল মাছ দিয়ে রমজান মাসে খাওয়া যায় ভাত বেশি কাইলকে এখনা ওই যে দাওয়াত গেছলো গা খায়া তাই না পাগলি তে তখন দুইদিন খালি খালি মাছ দুই না তোরা ওই রহমানের মা
/kaggle/input/regspeech12/test/test_sylhet_0456.wav,মানে ওলাখান খইতাম আর উপরে ওখান তারা মানটা আমার আব্বার আমার উফ্রে খইছে মনে তো ওতো টেখা দেওয়া লাগবে কিন্তু আমার আব্বার খরি তারা তাইন মানি ওলা তা কি বড় বইতা আমি তো আর কেউরে ছাতাই কি নাই
/kaggle/input/regspeech12/test/test_tangail_0099.wav,এক পরে কি নবীর কাপড় এইডার লা অনেক কষ্ট পায় যে একসময় সবাই দেখা যায় তো আজকে মানে ওই সবচেয়ে বেশি কষ্টে আছে সব ইতা পুরাডা দেখলে আসলে বুঝা তাই ওয়ান সাইডে লাভের যে একটা ফিল
/kaggle/input/regspeech12/test/test_habiganj_0071.wav,ওর ও না আবার একবারে ছোটো না মেইন ইডা কিতা কিতা তাদের টি তাদের টি তারপর দিকে ওইলো গিয়া তিন জি টান থিকা পেনিস টেনে আর কি দারো মানে একবারে তিন জিসটোন থিকা আরকি
/kaggle/input/regspeech12/test/test_sylhet_0011.wav,ফড়া লাগে না দিন প্রজা ওয় দিন খাই ফরে ন আমি আমরা টাইম যাই খরা সারাদিন তাইনের সব যারা তার কাজ তো ফার আর ওইলো গিয়া তে পরচা খাওয়ায় খাওয়া ফরের দিন তো কুজার পদ্দা কি
/kaggle/input/regspeech12/test/test_sylhet_0175.wav,ইয়া আল্লা মনে অয় সরকারি সম্ভব ফালার এমনে গুরানির গরাইন টাইন না গুরানি কুনানো ওই এমনে পরিবার মিল্লা বা বাপরে কান্তি জিনা কি করছে বাইত কোমার বাফের বাড়ি যা
/kaggle/input/regspeech12/test/test_narail_0171.wav,না বে বিদেশ বলতি কোন জাগা আছে
/kaggle/input/regspeech12/test/test_tangail_0084.wav,চলি পছন্দ ফুল গাছ দি লই শুলি আমি এই গাছটা আসলে তোমার কাছে রাইখা যাইতে তাই ফরে বরুন দাওয়া এই গাছটা নিয়ে দেখা যায় যে একটা এই ভেন বরুন যাওয়া নয় এই গাছটা নিয়ে চইলে যাইতাছে
/kaggle/input/regspeech12/test/test_kishoreganj_0121.wav,দিলে আমার ফরে আগে ফাচটা বইরা ফড়রাম ফরে তা গায়েত্তে পরিবেশ দুষ ন অন্যতা কারন অইলো কি শিল্পর বা কারন অইলো শিল্প ক
/kaggle/input/regspeech12/test/test_sylhet_0464.wav,এখনা কিছু বিজনেস ফরে আমি বন্দ খরে ইতা আনেরতে তা খরতায় মানি তো মানে ও বিষয় ঠিক বেচছি একটা করলো না আমি করছি তারা ভাবা লাগে ওউ উরা বা তাকি মানে জাগায় জাগায় আগে মানে আগে আমরা না আমরা তাখতাম
/kaggle/input/regspeech12/test/test_narail_0154.wav,ছয় নের সাথে কথা টা তে হয়
/kaggle/input/regspeech12/test/test_kishoreganj_0139.wav,বাঙ্গি সবুজ করা মত বাঙ্গি সব রঙ গিয়া বা বাঙ্গি সবুজ রঙ গি মত পাঙ্গিররকন কোনা তো রি সবুজ বাঙ্গা রিম্পা যা
/kaggle/input/regspeech12/test/test_sylhet_0316.wav,এগারো এগারো এগারো তোমার চাইর বাকা হইছে তো বাটা থুকলাম তোমার ছা বাটা মানে ন দে ডাল তরে এর কিতা খয়
/kaggle/input/regspeech12/test/test_chittagong_0098.wav,হুম না আমার মাথাত রাখি দি না ফারলে দিক দিলো অইলে করি ফালাই ইন্দি দি হয় তো কিছু ফারের নাই হ আর তো কিছু গরিবার নাই যে পয়েন্ট ফাই আঁরা তো তোর তুন দাগ আরো কিছু বাজাইয়্যে
/kaggle/input/regspeech12/test/test_sylhet_0656.wav,বউত না বাবা তে না আর দাদুর কিলা তে যাই ইতা কিতা খরোইন আফনে নিয়া কই আফনেরা নিয়া খইন কিলার আপনের দিন যাই
/kaggle/input/regspeech12/test/test_comilla_0010.wav,হি গেলো না নিয়া রিয়া সালে রিয়ারসালের রুমে যাওয়ার পরে টিচাররা বলতেছে আজকে ব্লু টুতে চার্জ নাই আজকে তোমাদের রিয়ারসাল হবে না চলে যাও রহিত অনেক খুশি অয় খুশি অইয়া আবার ইয়াতে ইস্কুলের মাঠে আবার যেইখানে ধুলা ওইখানে ফিরছে
/kaggle/input/regspeech12/test/test_sylhet_0319.wav,তো তাইন তখন তাইনোর দুই বাই থাখতা লগে তো ওউ ওইলো গিয়া আমার বিয়া বিয়া নিয়া কুনু স্বপ্ন দেখি নাই বিয়ে নিয়া ওইরকম মানে আমার বিয়া টাক একটা ঐতিহাসিক বিয়া ওইছে সাধারণ মাঝে অসাধারণ কার আমার বিয়ার
/kaggle/input/regspeech12/test/test_chittagong_0107.wav,কিন্তু ন হরেদি না তুন এক ঘন্টা অইলদে রাতিয়ে বই থাহন ফুরি খরি বেল্লাই কার আছে নিছি গরম ফরিবু তা এক ঘন্টা বই তে গেলাম যে সময় দা অনে মেয়ের ছবি দেহা ইতের তার মোবাইল চাস না আছে লাগায়া রাহি গেলাম
/kaggle/input/regspeech12/test/test_habiganj_0054.wav,তোরে যে পূজা দেওয়া সুময় তুই দুধ কেরে জ্বালা লইয়া ওয় দুঃখের জ্বালাও দুধ ইটা একটা শুকনো ইডার মইদ্দে একটা চুবাশ থাখে না একটু বাসে একটা নির্মল একটা পরিবেশ সৃষ্টি ওয় যাতে আমরার যে পার্থক্যরা করি পরিবেশটা দেতেন কোনো বালা সুবাস ফাইলে দেইকুন মনডা ও বালোইয়া যায় গা নুপুলের একটা কুনটারে আপনার মনডা যেমন ভালো অয় এমন একটা আগরবাতি বা কোনো দুপা একটা শুবা জোর মনডা ভালো পবিজ্র
/kaggle/input/regspeech12/test/test_narail_0069.wav,ওই জাগা আছে মানে এট্টু তো ভাবে হেন্দু ওহনি আছে যা জমি সে বাড়া জানে না কিন্তু ও জানে যে কোন থাকে তোর জমি কোন থাকে আমি কই দিতি ফারি এরম মাননি উনি কিন্তু ভারি বুঝবো যে ওই যে মামার যে
/kaggle/input/regspeech12/test/test_sandwip_0062.wav,বিয়ার মনো হইলো বৃদ্ধি নাইগা দে গা আমি কেউ উগগা হাসতে তোনিয়া হানার লাই উগগা আছো যার তুইনা আরে তনে
/kaggle/input/regspeech12/test/test_sylhet_0393.wav,আমি না মাততে ফারে আছে আমরা কিতা সম্পর্কে খয় বেটা আর ক্লাস হলে না কি বাইরের নাম অইছে লেকা মানে আমরার একটা আমরা লাস্ট ইয়ারে স্টুডেন্ট অনার্স তো একটা প্রেফারে লেখা লাগে যে বিয়া লইয়া ইউ
/kaggle/input/regspeech12/test/test_sylhet_0245.wav,ইটা আমার টেডি বাই তাইন কিনি খরি খরি মানে আমরার তো কৃষি বেস্ট ফ্যামিলি আছলা আব্বায় ওরা মানে জমাইয়া রাইক্কা গেছোইন না যেটা থাকি আমরার ফড়া শুনার খরচ পড়তো আমরা আসলে কুনুদিন কুনু প্রাইভেট টিচারের খাছে ফড়ছি না
/kaggle/input/regspeech12/test/test_sylhet_0649.wav,কি আর দাদুরে ঠিকাছে আপনে তো মনে অয় যে সময় আছলা দাদো খই না সময় ওই যে পুতা বন্দ ইটা হয় ওটাত কিতা মানে কাহিনী খইন দেখতা তালি গুলা গুলি গুলা গুলি ওইছে দৌড়া দৌড়ি খরছি
/kaggle/input/regspeech12/test/test_sylhet_0366.wav,তারারে লইয়া আমার ছিন্তা ভাবনা আমরার মতো আছে আমরার বাচ্চার এতো ট্রাগল খরতো নায় বা আমরা পরিবেশ তো জন্মগ্রহণ খরছি তারা তো ইরখম দেখছে না কুনুদিন যে তারারে লইয়া আমার আসলে মাঝে মাঝে ইয়ো অয় কিতা খরবো বা কীভাবে তারা লাইফ
/kaggle/input/regspeech12/test/test_narail_0031.wav,না মেয়েরে দিয়া আইছেলো কিছু বেশি বেচা ওইছেলো তা ওই তেরো বেশি নিয়ে অচ্ছে খায় তা ওই বলে দখলে না টপে আমারে কলো যে ভাই এরকম এরকম ও নিয়ে আমার মাথা ব্যাথা নাই আমি এর পিছনে দৌড়চ্ছে আগে এইটুক দেই
/kaggle/input/regspeech12/test/test_sylhet_0505.wav,আমার দাদা আমার আব্বা ইটা মানে আমার খতা চিন্তা যারা মনে খরে আমি আমার তা আমার একবার মনো খর দে খলানি মানে অটুতে মারা যাওয়ার একটা আর হঠাৎ খরি এখটা মারা যাওয়ার না ফুলা ছিনি ইটা আমরা একটা খুব খারাপ তিনটা ফরি গেছে তা খরি যে আমার একটা যায় কিন্তু রে
/kaggle/input/regspeech12/test/test_sylhet_0688.wav,অবস্তার ধরি তা দি অনো বত আফনারা ফায়ার ফটিয়া গেছে তো আফনারা শ্বশুর তাকিও আফনেরা ফাইছোইন মানে ছুরে এনেকা খরতা ওই ছুরে এনে কাজ খরতা ছুর আফনের
/kaggle/input/regspeech12/test/test_tangail_0043.wav,পশু পাখি সব পশু পাখি আছে সব নিয়া অনেক মানে যা দায়িত্বত অনেক টাইম লাগে এরলাইগা অনেক লুডুস নিয়া উঠে কিন্তু ওই ই ফান খান মানে
/kaggle/input/regspeech12/test/test_kishoreganj_0203.wav,আগুন নিবানির জন্য কার বন্ডা করছে বেতন দে এ মত পাকা বা না কোন আগুন নিবার যেন কি বার কর পানি মতো মতো মতো মতো এনো আমি পান্ডিয়ারে বালা বা দিবানা আনতে এই নিবা যাইবোগা
/kaggle/input/regspeech12/test/test_sylhet_0599.wav,বড় বই নাই তো আন্টি আরো দুইজন ইউকে থাইক্কা মামা আর এখজন সেনরে তবে খালি ফইরা যাই আই খয়টা ইতা না সাড়ে সিস্টেম আমি এর আগে এর আগে অন
/kaggle/input/regspeech12/test/test_kishoreganj_0014.wav,বেচলে টেহা অয় না গেচিলাম বি আর অহন বিটা লাইন কাডা যার রাস্তা না অহন জানি আছে না বেইচ্চালায় না বয়া বেইচ্চালাইন বিলের মারি তো অভাব নায় বেইচ্চালা নিবো কইরা যে টাকা দিতো না এনে তাকি দিতো না ডে না কেলা
/kaggle/input/regspeech12/test/test_narail_0025.wav,সেইডে কিরা তা ওই কয়দিন আইছে কিশোর তো খাছে এই যে মানে তোর মা মরিয়ে যাওয়ার পরে তার ফানিরে সাথে খাতা কিপটা তোর পরে যেরা গেছি সরকার সাথে সম্পর্ক ছেলো
/kaggle/input/regspeech12/test/test_habiganj_0079.wav,তোমার তোমার বাড়িত থিকা খতো দৌড়ে বাড়িত থিকা দূর বলতে এমনে গিয়া রাস্তাডা খরতে খাজে ফড়তাম না বাড়িত আর ইদিকে আরকি মোটামুটি আদা গন্টার মতো তারফরে
/kaggle/input/regspeech12/test/test_sylhet_0446.wav,অখন তাকি বাসায় ফাল্টাইয়া আইছে ওনোও লাগে একটু আমার বাচ্চা একটা মারার দে ফরে মনো খরলাম যে না তো মন খুইল্লা বাদে ফরে তো এখন তাকি আই না মানে এখটু লাগে আমার উপর খররা
/kaggle/input/regspeech12/test/test_barishal_0035.wav,এহন ভাই রান্দে না রান্না রান্দে মারি গেলে রাগ ওই যে নাম লাগে থাকে
/kaggle/input/regspeech12/test/test_sylhet_0519.wav,আসলে ভাই হেরা খরার ক্ষেত্রে মানে মহা দিয়া অইলে ওত্তো মা দিয়ে তো কাইলকে তার এর মাঝে জান সবটিন্তে না নি তারা ছুটো খরছে এখলগে মা দিয়া চাকরি গরে আগে আর মাঝে জিয়ো
/kaggle/input/regspeech12/test/test_sylhet_0575.wav,থাকবে আর মরা না দুইটা তারা খর একদম লাভ কিন্তু নাইম তাখি মনো আছে তোর ছিনার খতা বান তো মনো নাই কিতা তারার হুনছি বিয়া হলি
/kaggle/input/regspeech12/test/test_rangpur_0070.wav,কালকে কোডে মুই কোনো মাত থইতো মনে কর মাইনষের দা তোমাক তলে না খে লাউ লাউ খান তে মাতা তাক নিয়া যা অগনেমুই নিয়া গেছোগা
/kaggle/input/regspeech12/test/test_kishoreganj_0133.wav,জামু ঘর মেলা কয় সুদ বাসা করবে বইয়া বাসা করবো আর মেলা গাড়ি না কাল তা আরও ডালিম মারা এইডা অইছে পানি ফল ইয়া গা গান গান গান মুল ফল গা
/kaggle/input/regspeech12/test/test_kishoreganj_0157.wav,যে কতা ক পানি গা মানুষ দে সাত থেকে সত্তুর ভাগ পানি মনে ত সত্তুর পানি পানি না কত্তি ভাগ পানি সত্তুর ভাগ সাই থেকে সত্তুর ভাগ অইছে পানি অনেক কতা ভাগ পানি শাড়িতে না
/kaggle/input/regspeech12/test/test_narail_0038.wav,রইছে মিয়া দারে তুমি আসল দলিল বাইর করতি পারো তুমি যতই দখলে যায় যায় সব কাটায় যাবে এহন নিয়ম পাইল্টে গেছে যার নামে দলিল সে এহন দখল করতি পারবে এস এ সিস্টেম ওইছেলো এক বাই না আরে না ও না তরা
/kaggle/input/regspeech12/test/test_chittagong_0064.wav,মানে অন্য কলেজের মদ্যে ট্রাই গরম ফরে এহন মনে তো কিরিবা কিন্তু বেয়াকগিন আঁর দাদা এনে ফরিবু হ আইছে এহন তার এন জাগাত কিরকম আঁই তো ন জানি যার তুন খতা দিয়্যন খইয়া
/kaggle/input/regspeech12/test/test_sandwip_0046.wav,যে কচ্ছি নিয়া কি হয় না করে যে মদ্যে এডা হুট আইয়া হের সামনে তুই দেহি দে এনটিক ঘুরি গিলা আইছে বাইদ্দার যে করে বাপ কে কুন বালো একটা বাজে খাইয়া লাইতে কোন যে হ সাতে
/kaggle/input/regspeech12/test/test_narail_0049.wav,কি করছে এই শুনিয়ে যা আমি কচ্ছি ক্যা কি হইছে তোর আলাদা গো আর যদি কি হইছে কচ্ছে কি এই যে ঠিক কচ্ছো না আমি কচ্ছি না আরে ঠিক কচ্ছি না ক কি হইছে কচ্ছে এহনে হয় আই গেছি কচ্ছে এই যে মাটি কাটিছি
/kaggle/input/regspeech12/test/test_sylhet_0666.wav,না বালা ও তো যার আফনের তো এখনো সবচেয়ে সামা আছে না ওই নাতিনেরার কতা তো তারারে খই নাকি অইলো আরকি এই প্রেমের আছলা মান্দা
/kaggle/input/regspeech12/test/test_narsingdi_0022.wav,আসলে রুবেল যদি খারাপ লাগে রে ওও তো হিসাবে সিনিয়র ওরে তেমন এক্সপেক্ট দেওয়া হয় না আর তাহে উদ্দিন কথা বলি তো তাক উদ্দিন তো অইলো মানে নিজেরে নিজে বড় মনে করলে যা হয় আরকি এই আরকি
/kaggle/input/regspeech12/test/test_barishal_0020.wav,আর খার ম্যাস কি কি টু লোক কলেজের প্যারা দেয় খরছে এই লোক যদি এক বেলা ওষুধ মিস দেয় পরে বেলায় দুই বেলা ডাক সেইডা খাওয়ায় এন্টি তুড়ি থাইয়ে খাওয়াইছে
/kaggle/input/regspeech12/test/test_narail_0162.wav,না এহন তিন ছুলিনলাগাতিয়ে ইনুএমন অবস্থা ওইছে বড় ইতি খমতি ছেলো না ইনছুলিন লাগাই কুমাতি অচ্ছে
/kaggle/input/regspeech12/test/test_sylhet_0126.wav,জন আছে নি কোনো তর তো প্রতিদিন তারার মালিক এখন খা কইন না আগে থাকপা আজকে মালিক তো এক মালিক গেছিগা বাড়ি ঢুকতে গেছে গি তারা অখন বর্তমানে আর নয়া মালিক আছে মালিক আর ধরো আওয়া যাওয়া খরে খেয়াল খাওয়া খরে তে তারার দুতালার বাসা আছিল না
/kaggle/input/regspeech12/test/test_chittagong_0067.wav,বাড়িত থাকি লিছে বাড়িত্তন খইতাম তুই তো ন আই অইছো আই কি লেখা আগে থুইয়া আয় তারফরে টাগ তর যে সময় ইসলাম খরলাম তো ন আইয়ে ফান বা আঁই যাই ন গরি না
/kaggle/input/regspeech12/test/test_narail_0087.wav,ওই সেই ক চাই তুই তো বুলে দিচ্ছিস তুই যদি বুলে না যাতে পাঁচ মাস পরে যে আমারে ফোন দিতোসনে পাঁচ মাস গুনে রাহিছে নাই আমি ইন্ডিয়ারতে আসার পরে তোর সাথে আমার একদিন কথা অইছে যদি ইন্ডিয়াত থাকে আইছি
/kaggle/input/regspeech12/test/test_sylhet_0598.wav,তারা বাসাত আইয়া দাও কল দিয়া বার বার খরে গায় লই দেও খইন যাইতাম আমি গায় লই তো আর গেছি না তোর দাদু মা অসুস্থ ওই গেলো নানি দিন গায় অলদি রাত্রে ছালাইন আর ওউ আমরা আর গেছি না এখন খই বিয়াত না গিলার ও সব আইছোইন ইতা তার বিয়া তার নো আর কি হাসবেন্টে কানাডা তার
/kaggle/input/regspeech12/test/test_sylhet_0210.wav,আমার খুব কিনারা দিছে ইটা ওইলো ও এখটা জরি ফাইতে বুটের বুটের যে তালি টা খরোইন ওতা নিন্দ
/kaggle/input/regspeech12/test/test_sylhet_0320.wav,মদ্যে কুনু ফর কাপড় টুক কুনু ধরনের লাগবার ইয়া কুনু কিচ্ছু না যা উন্নতি বিয়া যাইতারে কয় একেবারেই সাধারণ এবং ওই বত আর স্যাঠিকস নাই তাইনরে কুনু প্রত্যাশা নাই আমারও কুনু প্রত্যাশা নাই ও ন হেতে আমার প্রত্যাশা খালি আমি একটু মাথাটা
/kaggle/input/regspeech12/test/test_tangail_0083.wav,হলি ফ্যামিলি আর এই বাসা ছাড়া অন্য জাগায় তুইলা যাইতাছে এই বাসায় আছিলো ছিলো অনেক সিটি আছিলো পরে মারে ভুট অনেকক্ষণ কথা হয় ফরে মানে শুলা বরুন রে বলে যে
/kaggle/input/regspeech12/test/test_rangpur_0117.wav,এলা কি তোর তুন কাডাবু হ নাহ তোর মত তো ছোডোয় আছে মোছগুলে কাডাবু না কই তোর মোছ বড় ইতে তার মোছ তো ছোডোয় আছে দাদা
/kaggle/input/regspeech12/test/test_sylhet_0415.wav,তা তিন মাস আমি বর্তি আছলা ফরে ইখান তাইকা না ঢাখাত ঢাখাত কুনু চিকিৎসার কুন জাগা খে ছা ছিন্তা খরা নি কুনু করছা তোমার আটকাইয়া রাখার মতো তোমার আমার বালা না আমি নিজে আমার মেজর দিয়া খইলা ওতো বালা আমার সব গরি গেছে আমি ওতো মানুষ
/kaggle/input/regspeech12/test/test_narsingdi_0015.wav,নষ্ট কুটি টাকা কি লাগে এনে তো দেড় থাকা দুই কোটি টাকা দিলে একটা মেশিন নাই নাম্বার সেটে ফরে একটা স্পিড মেশিন হেরা ঠিক ঠাক মত চালা যাবার মা বল করে বোলার ভুল গতি ওডে
/kaggle/input/regspeech12/test/test_rangpur_0037.wav,না তরে খাওয়া লাগে তারে খেজুর খেজুরেও করি না কাইলকে এখনা শাক দিয়ে খেজুর তারে শোতা থাকি উঠি একটা চ্যালেন খায়া
/kaggle/input/regspeech12/test/test_sylhet_0707.wav,তো খরার দরখার নাই না না এমনেই মাতি লাই তাইলে আমার আবার আরো টাটা কালেক্ট করা প্রভাব আর কৃষ্ণ ধর্ম লম্বা টিলার
/kaggle/input/regspeech12/test/test_sylhet_0354.wav,ইটা মনো ওইছে যে আল্লায় নি টা নিয়া আমরা ঘর খায় দিছে ওয় আমি দুই আজার চৌদ্দ সালের নভেম্বর ওয় ওটাই নভেম্বর ওয় তো নভেম্বর থেকি এখন পর্যায় তো আছি
/kaggle/input/regspeech12/test/test_sylhet_0568.wav,তুমরা তো সব ইংলিশ নি না বাংলা আছে বাংলা যে যে ফারে আমি ইংলিশ আমরার মত কিতা সবগুলাও ইংলিশ আর দুইটা সাবজেক্টোর মের মাঝে তিওরি ইংলিশ আর পিওর কিওর বাতাসটা ফরতাছে আমার লাগে ইংলিশ টু
/kaggle/input/regspeech12/test/test_tangail_0002.wav,ডিউটি ওই ব্যান্ডের দলে যুগ ইচ্ছা করে পরে ওই ব্যান্ডের দি ভোকাল মানে ও আর কি একটু আগে মানে ব্যান্ড ব্যান্ড থিকা বাইর অইয়া গেছে ওয়ার গান করবো না পরে ব্যান্ডের যে ভাগ সদস্য
/kaggle/input/regspeech12/test/test_sandwip_0116.wav,হেতে নাকি আন্নেরগো খাইছে মষ্ট হেতে সব তো ইয়া মানি সবচেয়ে ভালো স্টুডেন্ট আইছো আইয়া ফাশ কইরবার হরে ভালোভাবে খইত্তারো না হ
/kaggle/input/regspeech12/test/test_noakhali_0010.wav,ওজন না তা কি ফাতা কি কায় দেই খাবো দুইটা জিগাইছি তো এট্টা ইয়ে তো কামারিয়া তোমরা যারা কইছে তো
/kaggle/input/regspeech12/test/test_habiganj_0046.wav,বই কিনলাম না ওই কিতা ওইছে না খই কিতা আছে কিন্না একটা আমারে গিফট করতি আমার ভাই এরা ইতা ওই করি নিতে কিনছি না আর লাইব্রেরিত থিকা আইন্না খরতাম ইতা ওই নিজে কিনলাম না বেশি ফড়াইতা
/kaggle/input/regspeech12/test/test_tangail_0038.wav,তই মেইন কার একটা এপ্লাই করছে ইরফান খান আর একটা একটা আছে বাঘের নাম অইছে রিচার্ট পার্কার ছবি তো ইর পান খানের নাম থেকে পাই প্যাটের ওই যেহেতু ভাই আর এই ছবিটা কিছু অংশ ভারতে করা অইছে আর কিছু অংশ অন্যান্য জাগায় করা অইছে সমুদ্রেরও ছিনআছে ম্যাক্সিান ডিপেন্ড সিন আছে
/kaggle/input/regspeech12/test/test_narsingdi_0078.wav,সেদিন আমি বড় মু না আমি ও সালামি ফোন না বড় হইয়া যে এই ছোফর কতা আমার কোনো সালামি নাই ইয়া মজুরে পিএসসি ইসময় হেরে তো কতা দিছে হকলতে আবার আবার লোক দেহে কয় তুই একে ব্যবস্থার ইয়াডা রেজাল্ট ভাড়া করি দেখবি তরে আরে রে কি দিবো
/kaggle/input/regspeech12/test/test_sylhet_0571.wav,আস্তা যুদ্ধ তা তো ইকটা খাইয়া আজকে না সময় ফড়লা আমি দেখা খরছে ওলা উটিয়া নানি বুচ্ছোসনি সুপার বাদ উটিয়া গালাই জালানিতে হেদিন ওলা সাদা আইছে না নি ফানোর লগে খাইন বাছাইছোইন লুকাইয়া রাখতে আব্বা তাইদে এখন খইন আর ওলা আন্দারে মাঝে ফাইছোইন লাইফ এখটা অন খরিলতা সখালে
/kaggle/input/regspeech12/test/test_chittagong_0095.wav,পয়েন্ট মুটি হুম দিতাম গরের মুলাইছি গতি অহন তোর ছোট নাই ইতে বলে তার পরে ঘুরতে ফারবো পয়েন্ট হতো শীতের পার্থর সরি ফগগাম টা শিশু ইয়ত বুঝন বুঝি
/kaggle/input/regspeech12/test/test_sylhet_0160.wav,এমবি আইছিল নি মিলিটারি ও মাই গি তারা যা ফাইল আছে আমনে তো কিতা খরছিলাম আমি দুই যাইয়া ফাইতাছে খাইয়া আমার বালা তাইলে আট বছর
/kaggle/input/regspeech12/test/test_sylhet_0065.wav,মানে কারক করে মানে আমি আমার কি দিছি আইতা তাঅক্করে তা আমি মাইরা ইয়া খইতেন তো মা তেকি বর্তি অইবে আমি খই আমি তো বর্তি ওইতাম ছাইতাম অখন কিন্তু আমরার অনেক প্রবলেম দেখা দিতাম ন আমি বর্তি ওইতে তা
/kaggle/input/regspeech12/test/test_kishoreganj_0072.wav,বা না তো অন বৃষ্টি আছে তার চাল যারা বৃষ্টি আছে দে বিশ টিহা তো বিশ টিহা তে কইল্লে বাঙ্গা জেলা একটা ফারে নিগা
/kaggle/input/regspeech12/test/test_rangpur_0085.wav,হ হ্যাঁ হ হাইরা ইতে আর বার মতো আর রাইতে আর বাফের মতো ফারে মানে কি আইলো
/kaggle/input/regspeech12/test/test_tangail_0114.wav,ওরা দোকান খোলে হচ্ছে তোর ছয়টা এমন আগুন আরও আগেই লাগে তখন ফরে ছিলো না সবতা আমারে ছিলো কিন্তু আমি একটা জিনিস ভারি না ওরা ক্যাশটা তো কেনো দোকানে রাখি তাদের কি ধার না ইটা রাতে চলে না আমার তো মনে করো টাকা ফুরা না না না করছে ওই যে
/kaggle/input/regspeech12/test/test_sylhet_0104.wav,কিতা না ই বিল্ডিংয়ের ঘরের মধ্যে বউত ফারে ফারে কয় না ইটা বালা কিচ্ছু তর বালা তিনজন তুমি আরকি বেটার ছেলেরা তা তাখে
/kaggle/input/regspeech12/test/test_sylhet_0282.wav,যাই ওউক বাদে ফোউর্থ ইয়ারো উঠা খরতে ওলা ছিন্তা খররাম যে এখন বিয়া খরা দরখার ও সময় ইট্টু একটু ছিন্তা খরিয়া দেখলাম যে না এখন আমি আমার লেবেলের মানুষ যদি বুঝাত যাই আরো খম লাগবো
/kaggle/input/regspeech12/test/test_narail_0167.wav,কই
/kaggle/input/regspeech12/test/test_sylhet_0098.wav,তেল দি লাগি বেছতাম রা কিনবে লাগতে ভাত খাই আমরা তো তারডা কম খাই এডি লাগি বিত্রে ছাওলা তেলা বেশি লাইবু তাইলে ইরখম মানে কিরখম যাইতাছে দি বাত কিতা মনো অয় ইগুলা নিয়া খুব তো দিন যায় রাইত ফাইতাছে দিন যাইতা রাইত তোয়াই বাল্লায় হান
/kaggle/input/regspeech12/test/test_sylhet_0195.wav,ফ্যামিলি ফারে ফড়িয়া খরতা ফারছে তারা বিয়া খরতাম তারা একটা টুত লাগছে ও তা লাগিয়া
/kaggle/input/regspeech12/test/test_sylhet_0460.wav,ফ্রি টাইম এই ইতার লাইগা ওতো গেছে গিয়া কতোদিন রান জোর খরিয়া আচ্ছি আনে ফড়া লেখা কতো আমার কতা টি করে বাবা আমি আইতাছি দিছি না
/kaggle/input/regspeech12/test/test_rangpur_0081.wav,ওই যে আগেরকার মাইনসে কইছে গাছ গুণনে হয় গোটা বাপ গুণনে হয় বেটা না হয় ছাও ফুটে গুণনে হয় নাও এইল্লে এলা বইলে বিক্ষা হয় এইরকম হয় না মানে অবশ্যই হয় হ্যা
/kaggle/input/regspeech12/test/test_sandwip_0126.wav,আঁর ভাই লাগলে ইয়াত করি হ্যাঁ পেশার দিলে হয় প্রেশারে কোনো হোলা আসলে অইলে হেলান বউত ভাবে হোলাল্লগে আংগো পরিবারের মইদ্দে আই আঁরার ভাই মাইর জাগা আমরা প্যাটার্ন
/kaggle/input/regspeech12/test/test_sandwip_0016.wav,কেন্নে কইলো পিস পিস করি গাড়ি ভাজি করছে আমার পাছা একদিন ফোন করে অন এড ডা মাছ হিয়ারে মানে হাতে ভাই নাই ভাই এডা আমার দরকার গেসস কইত্তোনো ঈদ বুজিয়া
/kaggle/input/regspeech12/test/test_tangail_0126.wav,লুকাই থাকবে এতো বড় একটা কথা বলতে ভাই একে তো গরম তার উপরে আগুন ধরতে সব জাগা মানে এখন গরমের দাম শুরু হয়ে গেছে কি গরম টা করতে দেখতো কতা অইলো গরটা রোজার মধ্যে পড়তে ফাকির দিকে যে রোজার ছিলো আমরা তো ভাবছিলাম খুব বৃষ্টি তে ঠান্ডা ঠান্ডা রোজা টা শেষ অবে
/kaggle/input/regspeech12/test/test_tangail_0016.wav,আবার গান খওয়া শুরু করে ফরে তার বিখ্যাত কি মেন গ্যাপ্তডিব ফুরা মনি একা সালে মন টেল পোডাকটা দিয়া আমি সবার সামনে আর
/kaggle/input/regspeech12/test/test_narail_0058.wav,তুমি কই দে না এই যে কয় যে যাও তো মাজে বাজার এই কাকা টাউট বাটপারি কইরে তো বিয়ে থাহা যায় না জমি তো ভালো ভাবে নি নাই ও জমি ভালোভাবে থাকপে না ও দেহো সিস্টেম এট্টা কইরে ফ্যালবা মা এই যে কিতা কুদা ভাতা
/kaggle/input/regspeech12/test/test_sylhet_0720.wav,তার বাদেও মনো খরো যে মারি মরি গেলে তো তুমার না খর খুলতা আছে ওগু ফালাই দিবা খুশি না ইতা খুব একটা নাই ইটা ইটা খুলি লাইন দেখছি আর কিতা খয় যে ইটার কিতা খরা লাগে ইটা খুলা লাগে
/kaggle/input/regspeech12/test/test_sylhet_0515.wav,নাই না খরতে বালা লাগে মানে
/kaggle/input/regspeech12/test/test_sylhet_0266.wav,টান ফাইলে তো যেদিন আমার ক্লাস শুরু ওদিন বৃষ্টি আছিল আমার খুব মনে আছে বৃষ্টি আছিল আর ক্লাস শুরু ওইছে আমি জানি না আর আমার বাই তখন বার্সিটিত ফড়া যারা বাড়তি ইটা আমার বাই অর্থনৈতিক ফড়তাম তো তখন মুবাইল কোনো আছে
/kaggle/input/regspeech12/test/test_sylhet_0288.wav,কিন্তু আমার যে অতি আমার যে স্ট্রাগল আমার যে স্ক্রিইটা সাতে এডজাস্টেড না হইলে পরবর্তী লাইফটা ও মোর নাম ওইতো ফারে ওক্কা আমি চিন্তা না খরিয়া আমারে জিগাইতো নি ব্যাফারে যে ওউ বাড়ি থাকি প্রস্তাব যেহেতু মার্কেটেই
/kaggle/input/regspeech12/test/test_sylhet_0235.wav,চকলেট আমার ভাইয়ে মনে তর টেখা দিয়া চল্লিশটা আনছোইন আমি আর তো ফুরুত্তাইনরে খেলা টানের মাঝে তারারে এখটু বাড়ি পাঠাইয়া দিছোইন আমার রেজাল্টো মিষ্টি তো দেখাইয়া অইয়া রাত্রে বইতাইন পারিবারিক মিটিং মিটিংও ডাখলা ইলা তুই তো বালা রেজাল্ট খরছো তখন
/kaggle/input/regspeech12/test/test_barishal_0084.wav,নিয়া মনে করেন কামের দার হেইনে লোকের পাহারা ঘুমায় না টাকা খারাপ মনে কর আটটা নয়টা কেরা হইবে না হ পরে মুই বই থাকতাম কাটা বাজি যা ইয়া পুরো মুর দাড়াইতে বাইর করে তারা ইয়া ঘোরা কান নিয়া শুরু কইরা দিতাম
/kaggle/input/regspeech12/test/test_sylhet_0255.wav,তার মন খারাপ খরিয়া গেছি ওলা বিয়ার প্রতা লইয়া আয় কিন্তু ওতে ন তারা করি করব যাইগা অখন বাই এনতে একটু মুভ চেইঞ্জ খরি লিটন আগের দিয়া খইতা যে যিটা ফাত খরলা অখন আর ইয়া খইয়া না ইলা খতা যেদিন চাইবো ওলা তাই যেদিন তাই বিন বিয়া অখন আর আমরা বিয়া দিয়া না
/kaggle/input/regspeech12/test/test_sylhet_0399.wav,মানে এক দুর মাটি
/kaggle/input/regspeech12/test/test_rangpur_0030.wav,অতি সারারাইত চাক্করে না দুপুরেরটা হইলো অতি ফির আটা আর ডাইল ছাড়া আর আটা আর ডাইল আর অতি হইতে আর বিকাল একুইশে
/kaggle/input/regspeech12/test/test_kishoreganj_0035.wav,আমি তো এই ভারি ভিডিও করি জাগাত করি আরকি এই দিকে আইয়া আমার গা আইয়া ভিডিও করবা না তা না মোর লগে কতা অই না এমনে হে কয় কিতা এক ন দে নাম ডাকে জাগা দি ন দেও জিরো সেবেন থ্রি চব্বিশ এও দিতা তর
/kaggle/input/regspeech12/test/test_chittagong_0106.wav,হ্যাঁ আইচ্ছা আর তোরে খই ওই ওইদিন অইলদি ফোয়া খতা ন হয় না তো ই কী দি খান আপুর খতা যে তারা ফুললি তো মানুষ ইবা শান্তার দিন সাইতা খরেন তান গেলাম দে
/kaggle/input/regspeech12/test/test_sylhet_0033.wav,মানে কাজটা বাঙ্গা আমরা যেহেতু যাও না ইটা দশটা একটা টাইমে যে টাইমটা পল টন খাইলাম কথা খাওয়ার ফরে তার ফরে দেওয়া হয় ইয়ো কি ছুরি দুইটা উটার কাছে তাও আবার দি উফর বাচ্চা ইগু খয় কিতা পাট খরা হয় ফত্তেকদিন নিছ ডিপার্টমেন্ট ডিপার্টম
/kaggle/input/regspeech12/test/test_narail_0100.wav,কবে তো অনেক দিন আগে খা ওইছি দর একটা গুড নিতি চেক কইছি চৌদ্দ ভাষায় কতা কবা না না শোনসোন
/kaggle/input/regspeech12/test/test_rangpur_0105.wav,ওডে যায় কোনটাত বাজারেরটাত না ওইটা ওই কোনটাত ঠিকভাবে যায় না না অতো বেশি না পুতিদিনে যায় না পুতিদিনে যায় না না মাঝে মদ্যে যায় যায় না
/kaggle/input/regspeech12/test/test_tangail_0014.wav,মার্কেট থিকা আউট হইয়ে যায় পরে ওরা আসলে ইরকম সরতন্ত্র করতে থাকে পরে ফেডে আসলে ওরা একসময় পুলিশ থিকা আরকি আলাদা কইরে ফালায় আর এদিকে পেটি মনে কর রেডিও এ
/kaggle/input/regspeech12/test/test_sylhet_0265.wav,জীবনের বুর ঘুরানোর মতো একটা অবস্থা ত ইয়া করছি তো বার্সিটিত বর্তি অইয়া আর যেহেতু মেরিট আছলাম তুমার টেস্টের প্রথম থেকেও উটলে উঠার লাগি তারা আমি বেডারে ব্যাক খরছোইপ্রথম দিন থেকে উঠতে লাও
/kaggle/input/regspeech12/test/test_sylhet_0474.wav,ফুটাইয়া বলে মানে ছাউল খরিয়া আরকি নতুন দান বাঙ্গাইয়া পরে ফরলেও বার দি না ফাশ খরিয়া সব কিতা তুরা খাইয়া কি ইনো তো আর খাইয়াও ফাইলে না কলেজো গিয়া খাইন লইয়া
/kaggle/input/regspeech12/test/test_tangail_0064.wav,ফরে কখনো সেব খও মানে যে অখন যে যাইতো পরে কখনো সেইব কন ওয়েট আর নো ক্লিন কোডায়ার কন আসাদ কন আবার দেখা গেছে ম্যানেজার কুন এক ফ্রুট তো ইরকম
/kaggle/input/regspeech12/test/test_chittagong_0030.wav,হুম কী রিফোট সামনে ফরিক্কা ন উনি মোবাইল দুলা সেলিম তাইলে মা ওডে তো মোবাইল দেহাইলি করতি আমার মা ইতিরে ইয়্যান আঁরা একশো দেহাই দিবু খয়দে মাইনষে নি দে অইলে মেয়ে কই মোবাইলে গেলে আর কুন কী
/kaggle/input/regspeech12/test/test_comilla_0024.wav,তখন আমি জিজ্ঞেস করলাম কী অইছে তখন ওই ঘটনাটা বললো আর কি এরফরে আমি রুহান রেডি ওই যাইতে যাইতে শুনি যে মানে বাচ্চা তা মারা গেছে ওর লাশট নিয়া আসছে উপজেলার মইদ্যে ওদের বাসা এই আর কি মানে এই ঘটনাটা রোহিঅনেক ভয় পাইছে আর আমার জীবনে মানে একটা স্মরণীয় গটনা রুগির
/kaggle/input/regspeech12/test/test_rangpur_0114.wav,ওমার বাড়িতো খাওয়া দাওয়া করছিলু হ গালি বাড়িত খাওয়া দাওয়া করছি নীলা আছে ওই দেনাজপুরি যে বুড়া আছে যে দেনাজপুরি ওই খিলেয় নাই তোক নাহ খুব ইয়াহ্যা
/kaggle/input/regspeech12/test/test_chittagong_0082.wav,তাই তো নাই ইয়া এরি এহন আঁই নাই যে তাইলে বেয়াকগুনে তো আইয়্যি দে তে তারার মতে কেউ ন যায় তুই কি একলা গিয়া কুনডা ফাছ
/kaggle/input/regspeech12/test/test_sylhet_0577.wav,না তো ইদের কতা ওই তো আমি ইদো দেখা ওইছে যে রাত্রে কার হইছলো কি ওলা না ইদোর ফরে পিকনিকো গেলাম মানি কি কইরে দেখো আর ইদো আর দেখা ওইসনি
/kaggle/input/regspeech12/test/test_kishoreganj_0188.wav,কুনডি পানি দিছে না কার মাছ বলে না না বল বানা মা মা যা ফরে তো বানাই আইচ্ছা আইচ্ছা তুমি না দি
/kaggle/input/regspeech12/test/test_kishoreganj_0123.wav,ডলতে তো বালা দেলতো ফরিষ্কার কিন্তু বড় বড় মিল ফেক্টরিত শিল্প না সাতে বিবিন্ন দরনের জীবন যেমন জিবনের মধ্যে তেল প্রাকৃতিক গ্যাছ প্রাকৃতিক
/kaggle/input/regspeech12/test/test_sylhet_0473.wav,ছয় তিনি দে গেট দাম একটা ফুয়া জালা অক্কল কতা কইলা শীত উতা খইন
/kaggle/input/regspeech12/test/test_kishoreganj_0108.wav,খয় এভাবে এভাবেই শক্তি থেকে প্রাণে প্রবাহিত হয় বাপু সংস্থা উদ্বীদ থেকে প্রাণে টি প্রাহ এই দারাবাহিক প
/kaggle/input/regspeech12/test/test_chittagong_0017.wav,আইচ্ছা তো খবর বাড়তি নাই কা ওইডে আলারা অবস্থা অইলে তার কি গরমের জুল অই খতক্ষণ আবার ফুয়াই আবার গাম অইত অডিদিনের ফাঁচ বছর গুগলে না অডি হুম না তারা তাহে না আরও দশ বাস গরি ফান
/kaggle/input/regspeech12/test/test_kishoreganj_0111.wav,সব ইদ ফানিরে কতি অন্যান্য এক অদিক খাদ্য শখ একত্র খাদ্য কাকি করে খাইজ্জা যাইগা পানিতে কতি পরবাহের একই দারা বাহি পুকা হলো খাদ্য জাল লিংক খাদ্য টিকলেকুনডা কোন টাকা দেও আমরার
/kaggle/input/regspeech12/test/test_kishoreganj_0085.wav,না হ্যাঁ কি এই ইতা নে না নি নাই না না হ্যাঁ সব পাক্কা পাক্কা এসব পাক্কা
/kaggle/input/regspeech12/test/test_sandwip_0128.wav,না বিয়া করে ন আই কে ওকগো বিয়া করছে আর কে না করেন তহন অইলে তো আর থাইকতে ইতে বলে দেখলাম আইচ্ছা খাইছে না এন্নে অবো না মনে অয় বিয়াল্লাই সখালে মানে ইয়া কইরা
/kaggle/input/regspeech12/test/test_sylhet_0359.wav,আমি তাও ঠিক ফাইবা তো সেন্টার খরিয়া আমার ব্যাচা থাকা অখন আমার প্যাটার লাগি যদি এইদিকে কেও ওয় আমি ক সিনিয়ররা তো দেখছি যেহেতু
/kaggle/input/regspeech12/test/test_narsingdi_0010.wav,ওরা তো আরো হাই লেভেলে সেজন্যেই তো তারারে এক্স খেলতে গেলে সমস্যা খতা ঠিক আছে তবে তবে ইদানিং গলে ভালোই উন্নতি অইবো
/kaggle/input/regspeech12/test/test_habiganj_0102.wav,আর ফিলি আমি মুটামুটি আগে জীব বিজ্ঞানে সাতে কিছুডা মিলে তারফর ইগুলা সহজ লাগে এখন খরতে খরতে আর বিবির ফান্ডামেন্টালর সাবজেক্ট গুলা সহজেই লাগে আবার মাইক্রোকঠিন লাগে তার মাক্তার নাম গুলা কটিন লাগে ইতা কিতা আয় না উচ্চারণ খরা যায় না
/kaggle/input/regspeech12/test/test_narail_0020.wav,ওগে জলে গরু পাতার কইয়া গেলো এরে কইয়ে গ্যালো ওরে কলো আইতে গরু পদ চলবার লাইতে বাড়া বা কইছে যে সে জনের ছওয়াল ভালো অইছে বারো মাততা কোনোদিন তোর মা রে এট্টু নিয়া বলি ওই যে বিটা যে দলেরে পিলান দলের এট্টা আনি তো এট্টু নি তোগে এই দিয়া যাচ্ছি গরু ফাতারে হাত দিয়া গা
/kaggle/input/regspeech12/test/test_chittagong_0043.wav,হ এইডা কি ভাত দেয় তুই যে বাইত ইতে যে দর হইয়া আঁই বেয়ক্কিন ইয়া টিয়া গরি দি অ গরি দি বুইজ্জি না এরকুম করি খই দে গুমাইছে তে আইছে জন কোচ খইল্লে চালাক তুলাত সময় ফারলে রাজা
/kaggle/input/regspeech12/test/test_narail_0010.wav,নি কচ্ছে না আমি এরকম তো কোনো কথা কই নাই আমি তো এরকম কোনো কথা বলি নাই আমি এরকম টাকা পয়সার ব্যাপারে কোনো কথা বলি নাই বলবো আমি শুনতিছিলাম আমি শুনিছি ও কচ্ছে যে তালি তুই শোন তালি আমি চোর যাচ্ছি তালি তুই শোন এডার পারতে কতা ও কচ্ছে আমি তো চোর হয়ে যাচ্ছে না তুই তো কইছে এই রোযার তার পাশে কতা কলি কি যে
/kaggle/input/regspeech12/test/test_narsingdi_0115.wav,অ্যানিমেশন ট্িয়েটারো না আমি প্লের মতো সফটওয়্যার আইতো চাই না হে আমি সফটওয়্যার না আমি সফটওয়্যার ইঞ্জিনিয়ার সফটওয়্যার খইতে তোমার একটা সফটওয়্যার সুজি হিছ না দেই ইটা টিচার তেইতোছনো বিশ না
/kaggle/input/regspeech12/test/test_rangpur_0019.wav,কী করবু কতা কয় এমনি ভালো মন্দ ক্যা সারাদিন ওইদিক বুঝছেন শাগ নিয়ে আইলো দেহেন ন
/kaggle/input/regspeech12/test/test_barishal_0038.wav,কয় কি না কয় কতোগু থাক কয় কতগুন আর কী ওই যে ভাতার কতাডা কয় না এক বছরের মইদ্দে দেহি দে দুই থাক দি নি ওরে এট্টা লাডি ডেফিনেশন দি ওই লোক
/kaggle/input/regspeech12/test/test_sylhet_0363.wav,খন দিছি তখন আমি এডুকেশন ফাস্ট ইয়া যারা যেহেতু আমার তে ঠিক ওই গেছে কুনু বিয়ার তো দুদে না ওউ ওইলো গিয়া আমার লাইফটা আমি প্রোটেক্ট চাঙ্গা এখন তারা ইলা আফনে মানে এখন তো কুনু গেম দেখা নি না বা আরো টাইম দেও
/kaggle/input/regspeech12/test/test_sylhet_0054.wav,ফরে আমার বাইর পরে বই না বই না তাইরে ফা তো আমার আর আমার তাইরে বই আমি তো ক্লাস ওয়ান বাবা আমার এট্টু পাও না কান দুই হাজার বিশ খাল ডিসেম্বরের বাইরা
/kaggle/input/regspeech12/test/test_sylhet_0516.wav,আর তার বউ ফুরা মানে না আজার টেখা কই নাই তাইলি না আমার ওটে আমি ইডা গলা কয় টেখা খয় কিন্তু যারা তারা করে বই আছে
/kaggle/input/regspeech12/test/test_sylhet_0724.wav,বিয়া মোটামুটি তাইলে ইদিন ই পার্মানেন্ট অই গেছে ইদিন বিয়া টিক মানে তুমার চিনি মোটামুটি ওই দুর করা লেখতো এরফরে এরফরে তো হরে ফতম তা
/kaggle/input/regspeech12/test/test_sylhet_0311.wav,কিন্তু খালকে খরা না আব্বা আম্মায় মদ্দে ন কে তোমরা সমস্যা না অইলে আমরার এখটা কে নাই করা ই দুই বন্দু আইছি না আবার আমরা বাড়িত আমরা বাড়িত আইয়া ওলা আমরা সবাই কালকেও বিয়া
/kaggle/input/regspeech12/test/test_comilla_0013.wav,আর রুগি ভাবতাছে যে আকাশে তো মানে সূর্য ইটা রইছে রোদ্রো এত রোদের মদ্যে তো কেউ তাকায় থাকতে পারে না ও ইটা ভাই বাও দৌড়াইয়া কাছে গেছে যাওয়ার পরে দেখে যে ওর চোখ মানে চোখ দেখে যে তো আর বুঝতে পারতাছে না চোখ উলটা থাকলে যেরকুম আমার ছয় না সূর্য গরার একদিন চোখটা ওইছে
/kaggle/input/regspeech12/test/test_sylhet_0165.wav,দিন খরা লাগতো প্রত্যেকদিন ফতমে ডরডর তাকতা না নি আমি বাইচ্চা খাইচ্চা তো বা আরো খরছোইন না তা না ভাই খতো বড় আস্তা তারা বড়ো লাইন
/kaggle/input/regspeech12/test/test_habiganj_0044.wav,বাল্লাগে না তুমারে এমন কুনু খাজ আছেনি কুন বাদে কুন বাদে অন্য কুনু খাজের মধ্যে বা বাতা দিতে বা বাইগুন বাতা দেয় আর ইসময় বাদে দিলে বা কেমন লাগে বা কিতা খরো
/kaggle/input/regspeech12/test/test_narail_0168.wav,ও চালায় না
/kaggle/input/regspeech12/test/test_chittagong_0056.wav,গরম না হতা না ওডি খামারতে পারছে বেশি মাছ জমা যা হার অইয়া যাইগি এনে গরম ফড়ার দেছে আনি খাতি ইটা এডে আঁরারে শালা অইয়া যাইগি হ তুর মা খতা দিনে কেন বই এনে হতায় কী
/kaggle/input/regspeech12/test/test_sylhet_0202.wav,কতা খরি খরি যখন ফাট করি লেখি তখন আর আম্মা ফড়ার কতা খওয়া লাগে না তখন আমি নিবো দুরাই আর দান রইদো দিতো গো দান রইদো দিলে
/kaggle/input/regspeech12/test/test_narsingdi_0103.wav,আল্লাহু আকবার এনো বা হুম আলু দা রান্দা শিখতা তে কী কী রানতারোস আমি হুম আলু গরম পানি খরতে ফারি আ
/kaggle/input/regspeech12/test/test_sylhet_0293.wav,ওলা অবস্থা আমি আইছি বার ছিলে আওয়ার পরে মনে হয় আমার সেলারি আমার হালান্ডরে খইরজে তখন দিলে যে তাখে তো আমরা কি বিতির তারে কিচ্চু এখটা দিও তে তাইন আমারে ফোন দিছোইন আমার ফোন দিয়া খইলা যে তুমি তোমার একজন ফ্রেন্ড লইয়া
/kaggle/input/regspeech12/test/test_sylhet_0193.wav,আর অইলে বাইর থাকি খাফড় টুক গরো আনিয়া কুতায়া রাখা মুরুগুরুক গরো আইলে ইতা জাপানে ওউ ওউ যাতে কাছগুলা ছিল মা ততো ওতো খরিয়া ফরে পানি বলতে মন অয় অয় মুরুগ খাচার বিত্রে নল দিয়া রাখলা
/kaggle/input/regspeech12/test/test_habiganj_0070.wav,গিয়া খওয়ার না না ও নামেক আর দারো ও নামে কা ফার অইয়া ইকটু অইছে যে একটা বাসের মতোই বেশি বড় না না তিন তালা ফিডা তিন তালা
/kaggle/input/regspeech12/test/test_kishoreganj_0182.wav,কি ফরে এই অইলো তোলন এইডা অইলো অইলো এলো অতো ওয়াই তা অলো এলো তা অলো এলো অরতাল পচিশ এর জন্য কোনটি পয়জন না এলো
/kaggle/input/regspeech12/test/test_barishal_0037.wav,তারডা আমনে আমনে জানেন না ও মোরে কয় সেডের খরলে যা না কি বেশি অতো চালাক না এর মইদ্দে কি করছে ক ক কতা কই মানে তোর লগে চালা খাইলা ইবে তাইলে দে দাম ইতে যা তোরা তো মানে না কতাডা খাইয়া কইরবেন যদি আমার দো কইয়েন বলে তোর দোষ ও মোরে হঠাৎ কইরা কয় কি
/kaggle/input/regspeech12/test/test_chittagong_0127.wav,সময়ডা হয় ডা গম গেছে তো আইচ্ছা ইয়া সা ফালা তিন ভাই আছে কি চারটা পছন্দ কেমনে তারপর সাত গাছে তোরা আঁরা দি যাইলে গেলে আমি লই গেছে ফাল্লা মহানগর পরে
/kaggle/input/regspeech12/test/test_tangail_0104.wav,তো আমি আবারও মানে নাম গুলা উল্লেখ খরতাছি প্রথম প্রথমডা অইছে বইন রেপ্তরি তারপরে অইছে সেরে ডি পিটি তারপরে অইছে লাইফ অব পাই তারপর হইছে অক্টোবার তারপরে হইছে সাবার
/kaggle/input/regspeech12/test/test_rangpur_0005.wav,তারার দাম বলে ঢাকাত একটা করি না আইছে তুড়ি বাড়ি গা জানো দাম মেডাম বেককুনে যায় আয় আয় আরে আপনিও যাইবে না কি
/kaggle/input/regspeech12/test/test_rangpur_0073.wav,করে দিকে দিয়ে গেছে না ওই যে চেয়ারম্যানের পিছে ফারছে একবারে এক মণ করি আনছিল আমরা দিছে না হইলো কয়টা বার হারা যা না ওই না তো আগের খাটা রাহুলে দ্যাহো কতগুলা
/kaggle/input/regspeech12/test/test_sylhet_0343.wav,সকালে এক ফরিক্কা বিকেলে এক ফরিক্কা ওলা খরিয়া রিটেন ফরিক্কা দি দি দিয়া যাই ওক রিটেনে রেজাল্ট আলহামদুলিল্লাহ কদি টি বাইতে যখন রিটেনে রেজাল্ট কদি টি ফাইছে তখন তো বাই বাদ ওয়ার যাইতাম
/kaggle/input/regspeech12/test/test_sylhet_0749.wav,লবিং ই আরে যদি না খরোইন না বইসা টা বইস না বা খরিয়া তো তাইন হ বউত নয়
/kaggle/input/regspeech12/test/test_narail_0135.wav,কোনোদিন পারবে না না আমার তা তো না খুব খারাপ তো সেইডা খুব খারাপ তো আমার মাছ যাওয়ার আমার মা কইছে কি পাসপোর্ট কইরে আমার মা রে ইন্ডিয়া ফজাতি
/kaggle/input/regspeech12/test/test_sylhet_0390.wav,তোমার করতে ভালো লাগে হ খাইছো নি তে আজকে খাইছো না খালি যে তুমি ইখানে ফার না তাই যে স্থানীয় না ইখানে ভাড়া তালা তা কি টানে আর আমরা থাকি ওইযে রাখা
/kaggle/input/regspeech12/test/test_sylhet_0645.wav,হ্যা আর মায় মায় তারা খরোইননি কিতা খরো সারাদিন তোমরা কিতা খেলা দুলা খরো কিলান সময় যায় তো লেখা ফড়া
/kaggle/input/regspeech12/test/test_narail_0028.wav,এনি করি কতা বিটি বি কিতা বা খান কত্তি তো নি গেছে তা কিতা কান্দা কইরা থায়ে তা আমি ফার না তো দে না এইডা ওই খাল কলি মেয়ের কোনো জমি খায় নাই
/kaggle/input/regspeech12/test/test_kishoreganj_0019.wav,খাওয়া যারা এক্কানে বুট্টা বাইরে বাড়ি অইয়া গেছে রাস্তা সুবিদা না এইযে কুন বন হ্যা বিলাইতে আটটা বা এইযে এই বাত বিলাইতে আইট্টা যা না কুন বাড়ি এ জাগা গেছলা বাড়ি ইতা
/kaggle/input/regspeech12/test/test_sylhet_0488.wav,আমার তো বাইর মা আমার বাই থাকি ই তাইলে কেউ তারা টানবেনে খরা দেখা নিয়া ওতো ক্ষমা দেখে নিতেন এগারোটার সময় এগারোটা বারোটা আই একটা চা তিনটা বাজি যায় এখন আমার পেশা বা ফরিয়া দেই না কিতা বিতরে যায় ফরে আশা তারার জোর খরিয়া না ইদ মানে ওর কম মানে যেমন ম্যাডামে আত খরে ইতা আমার দুইটা গেট বছরের বিতরে আবার ফরে মা ম্যাডাম অনো ভিতর না আর এইন্না যে ডর পরের বাবা ইনোর বিতরে আমার লে
/kaggle/input/regspeech12/test/test_sylhet_0548.wav,ইউটিউবো একটা ভিডিও দেখতি যে রমজান রমজানো মাস্টার্সে ফরিক্কা মানে আস্তে যে একটা গ্যাপ দিলাইছে টক খাই তাখি আর রমজানো ওইলে পড়া তো খরছি যাওয়াও একটা খচ্চা এমপির হলো আতো
/kaggle/input/regspeech12/test/test_sandwip_0043.wav,বরসা ছা জান দিছিলো হিয়ানে বর্ষা ছাড়া নইছি আছে বাবা তো আঁই আগে বাইত গাইছে আইছে মানে অনেক অছে অইছে নি কোনো রান্দা খাইল্লা এলা বলে আগে বাইত গেছি
/kaggle/input/regspeech12/test/test_sylhet_0678.wav,বা না দেহো তাই তো তুমি অনেক বালা মানে ফটো আর কি খুব আফনারা মায়ের টিষ্টি অইলে আখের বার্তার আগে দে সোমবার কিতা দেওয়া যায় আর কিলা আফনার মানে সময় দিন কিলা যায় সারাদিন থিকা কিতা খরোইন তো বা জাইনতে লাগি যায় বরতো অখনো ফাইছি না মানে খরছিলাম চেষ্টা খরছি ইতা ফাইরাম না
/kaggle/input/regspeech12/test/test_rangpur_0033.wav,গাইবান্দার ওতি ওইটায় গাইবান্দার দিয়া খাই দাই কোনোদিন মুই আইজ সকালে ফরে ফরি যা গুতি মরি গেছে ত্যাল যাবার ক্যা খালি বন্দু বেডের বাড়ির তরকারি আমরা আগে তো কী খাবার পাই না ত্যাল ফ্যান
/kaggle/input/regspeech12/test/test_sylhet_0332.wav,অখন যে কাজ গুলা ফ্যামিলিত ফড়রায় ই কাজ গুলা করার লাগি আরেকজন মানুষ লাগ তো তার ও তো বেতন দেওয়ার লাগবো তোমার হি টেখা দিয়া তুই বেতন ওইতো না চুলাডা চাকরি করি না তুমি কাজের বুয়ার বেতন তায় ফারতায় না তে না তুমি চাকরি সামলাইতে ফারবায় না তুমি বুয়া খাইতায় ফারবায় তার চেয়ে
/kaggle/input/regspeech12/test/test_sylhet_0641.wav,ইডা লইয়া গুলা বইনে খাইলাও কিতা গাও দিয়া বই নি টুলি করা কিতা গান তো মানে এখন ছলি পিছে ছিনি মুখে খ মুকা খরলে খইমুনে অগু করি তা না হা
/kaggle/input/regspeech12/test/test_chittagong_0131.wav,খারাপ ওই বি ও দর ন হেই ন যায় তো এরম না ভাই দিও বড় বিতর যা ফরেদা খালি বড় বেশি মাছ দিয়ে হ্যা সময় আইয়েরে সা সাতটা বাজে খালা গিয়া ইগু
/kaggle/input/regspeech12/test/test_narsingdi_0087.wav,ফিরি টা সব তো খানি দিতো না না রে অনেক সবতারে আমার ই ফাতা ফইরা খালি যিবা খুইল্লা দাও ইতে দিন মনে অয় বৃষ্টি অইবো যেই গরম ফরতারে আল্লা আল্লা বৃষ্টি অইলে আমি বৃষ্টির লাইজ্ঞা ছায় বাগান ন ফরেনার
/kaggle/input/regspeech12/test/test_sylhet_0196.wav,বাকি আমরা খুটা ফাদ আছলাম ফড়াত তো পাঁচ জনের মইদ্যে সিরিয়ালি আমি আছলাম চাইর নাম্বার আমার খুটা আরোখটা ভাই আছি তো আমরার আসলে কুনু টিচার লাগতো না আব্বায় ফড়াইতা আমার আম্মা স্কুলো গিয়া খইন না আব্বায়
/kaggle/input/regspeech12/test/test_noakhali_0013.wav,আছে আমি চাইরও না স্যারে ব্যাংকে দিতাম
/kaggle/input/regspeech12/test/test_narsingdi_0006.wav,আরে বাংলাদেশ দলো বেডা ধনী দি এ ফড়া এই এক বাপ কম ডা দেখ অগো পানি না কিন্তু ন এতো কুটি টাকা আছে এই এত্ত টাকা দিয়া কি করবো কিছু টাকা পয়সা খরচ কুলেতো ভালো
/kaggle/input/regspeech12/test/test_barishal_0070.wav,মাতার দারে থুইবে এক দার দিয়া এই পোলায় তো দি না হইয়ে দ্যাক না খায় কাগ আগে খাই হ্যাগো সব থিকা আছে হেরা জুতো থাহে এমনে দ্যান না পারলে কিছু মাজে না গান পারলে কি এট্টু দেই না বাজে দেই না কিয়া দেওয়া বাজে কি যদি আপনে দ্যান বউ হইয়া কথা ক জ্বালা তাই না চাইয়ে থাকতে হইবে দেইক্কা খাওয়াইতে অইবে
/kaggle/input/regspeech12/test/test_sylhet_0420.wav,তাখি লাগে না কিন্তু টাট খরি এখজন ডাক্তার তাকি মানে আমার খাজ ফরিছিত তাই তর লগে যুগাযুগ করছুন তাইন খইছোইন ঢাখা তুমি মতবাদ লইয়া তাইনোর অনো একটা চেম্বার সিমের লইয়া তাই লইয়া ফরে তাই বালা উইগা
/kaggle/input/regspeech12/test/test_sylhet_0605.wav,ইলি ম্যাডাম আত লাগে যদি ম্যাডাম লাডি ম্যাডাম মুন্না যে ম্যাডামোর মেয়ের না ঘটনা নিয়া আর আবার মেয়ে ঠিকটাক ওই গেছে খাটা ওত্তো সারা ম্যাডাম একটা তো অনে কিছু কতি তাইরে মেয়েরে নিয়ে মেইনলি বিয়া দিছলা ফরে অনেক কাহিনি
/kaggle/input/regspeech12/test/test_narsingdi_0113.wav,মতো অইয়া গেছে গা খুলছে পেশা কী কে ক সিঙ্গারতিছে গরু
/kaggle/input/regspeech12/test/test_sylhet_0430.wav,এখন এখটু রই গেছে মানে এর ফরে যেন বালা খরছোইন ওখান খও একটু দেনা বালা খরছে এতো অনেক খুজি উইট্টা আর এরফরে ফরা রাস্তায় যে কাডাল লাগাইছে ওগু আটকি গেছে ইগু আরো না মানে ইগু আনতে ফাররা নায়
/kaggle/input/regspeech12/test/test_comilla_0022.wav,কীভাবে হইলে এটাও বুঝতে ফারতাছি না আর ওই যে মেয়েটা মারা গেছে ওই মেয়েটা হইছে মানে আর বাবা মাইয়ের ছোট সুন্তান অনেক আদরের একটা ভাই হচ্ছে ইঞ্জিনিয়ার আরেকটা বন হচ্ছে ইয়াতে পরে কলেজে পরে আর মার সাথে মেয়েটা থাকে
/kaggle/input/regspeech12/test/test_narsingdi_0097.wav,তো মেইন দেন ওয়ে ওয়া দে কি সুন্দর ঈদের দিন মায় কী রানবো স্টামআইনডেলস ফাস্ট ইয়া অইয়া যায় গা
/kaggle/input/regspeech12/test/test_habiganj_0113.wav,এমনে ক্লাস টেন খরতে অয় ক্লাস অইলো বাট ক্লাসে তো একটা ফোলাফাইন গুরুত্ব দে না এরা বিশেষ খইরা স্যার গো খরছে বা কোচিং টোচিং ফরে ওসব অনুযায়ী এরা গুরুত্ব দে সব কয় যা আছে সব গান শেষ ফরে ফাওয়া লেখা
/kaggle/input/regspeech12/test/test_narsingdi_0045.wav,গুলা ফাইন বা কালকা কলিং টা দেখি অহন এইডা কি কোয়ালিংটা না কি ওই যে ইয়া আতকা দুই মানে নাই মনে ইত্তা বুজা তি না ওই বুঝা বাচানের মাতিছে নিজের এক সেন্টার কথা বলতে না এর কতা কই
/kaggle/input/regspeech12/test/test_sylhet_0679.wav,আছি আর তার বাইচ্চা আমি তর মা রে বার আছিন না ও কামলাগো বাইরে একটু অক্করে আরকি শিকানি লাগে তো ক্লাস টুরিস্ট তারফরেও চার যায় তারার ফড়া লেখা আপনি ফরে
/kaggle/input/regspeech12/test/test_tangail_0119.wav,তারপর বিদ্যা্থীর না মেম তাহা সান সবাই যার যার পক্ষ তিকা একটা কাপড় কিনতাছে পড়া কাপড় এবং তে এক লাখ টাকা কইরা দিতাছে ইটা খুবই ভালো উদ্যোগ মানে সবার কন্ট্রিবিউশন দেখা যাইতেছে ব্যাবসায়ীরা আবার নতুন কইরা দাঁড়াইতে পারি ইন্দি হা মিমের
/kaggle/input/regspeech12/test/test_chittagong_0164.wav,এহন নিয়ে ন আঁর আম্মু রাজ অইবো না কি নে না হতা খরছি দি আরি ছাইন্না আঁরা মুরা বুঝরাম ফরি গম গরি আরে আঁরা আমরা তো তো হালা কাল্লা খতা হইছ না তো হেলাল খতা খই নি তুই খতা খইবা মাঝখান অরদে ন দে গিয়্যে
/kaggle/input/regspeech12/test/test_sylhet_0729.wav,ওই আশে পাশে না যা না তো যে নামে খই তুমি গাটি দান গাটি ন বাজি আমরা গাটি নিয়া যারা না তাই বিছেন গিয়া মনে
/kaggle/input/regspeech12/test/test_rangpur_0116.wav,মনে কর কালাই না থাকে এহন ডাইল এহনা দেয় শাগ দেয় যখন যেটা লাগে বুজছিস যখন যা লাগে তখনে তা দিছিল
/kaggle/input/regspeech12/test/test_sylhet_0191.wav,খাওয়া আবার কোন দা আনে পাবলিক খাইতাম না নি হুতা লাগছে দেখা যাইতো খরা লাগে তাখলায় যাইতাম দিয়া তে গিয়া মজা ইয়ো লাইক্কা নি বেডি উক্কা উচছা খাইতাম খাইয়া খরা তুইলতাম
/kaggle/input/regspeech12/test/test_sylhet_0702.wav,কাছতে খই দশ মিনিট ইটা ইটা বেকার কিলা ইটা তো অনে আচ্ছা এহন কইন আফনারে কয় ভাবো বাইচ্চা টাচ্চা আছেনি আফনার বিয়া না
/kaggle/input/regspeech12/test/test_sylhet_0364.wav,বলতে আমরা যেভাবে পাগল করিয়া আইছে আমরার বাত তারা তো ওটা করতো নায়
/kaggle/input/regspeech12/test/test_sylhet_0224.wav,জন্মগত ছেষ্টা ইটা তো আর পাইবো ওউ আমি ফড়া শুরু খরছি টা ইটা তে কি বালা রেজাল্ট খরিয়া বাইর ছিল ওলা উদাহরণ নাই আমার বাইয়ের ফড়া বালা করবু কিন্তু আমার ছুটো বালা আছি মামি না ইতা আরকি কুনুরখম কুনু স্কুলত ফড়া
/kaggle/input/regspeech12/test/test_sylhet_0146.wav,সারাদিন কিতা কিতা খরোইন আমরারে খইন আমি আমি তারা আমার কিতা কিতা খরোইন আরকি তো আফনেরার মানে জীবন লইয়া ওতো বেশি জানা দরকার আমরা ছাত্র ছাত্রীরা কিতা খরে ওতা তো আমরা এমনেই তান আফনেরা কিতা খরোইন কেমনে দিন যায় তুই আফনেরার জানার সাতে আমরার জামা কিতা কিতা ফার্থক্য একটু খইন
/kaggle/input/regspeech12/test/test_narail_0075.wav,আমার আমার যা গাইল তো মানে দো দে ন কতা ও পাও না তে আমার খাতাত ভালো এ কান্তি দেশের দিন আছে এই কয়টা দিন না আমার থামাইছে আম গুছে টাহা গুইনা গুন ইক্কা ন একটা জামাল
/kaggle/input/regspeech12/test/test_habiganj_0061.wav,তুলো দইরা বইয়া থাহে যদি কুত্তা কুত্তা খই তাখা দেই তো না তুইলা দইরা লইক্কা থাহে এমন অবস্থা এমন ফরে কতা তুন কিতা খরতায় এরা ওই দেখা যায় বড় এরারে এখটা খতা খইয়া খরন দেয় না এরারে ফড়াত বয়তে নিয়া গেলে ফরে কেন মানে আর ফড়াত বইলে তো আমি টের আমার তো তো পিডা খাইতে ইতে টেস ফড়াত বইলে আবার মা তাখে খাতে আমারে আবার ও তো আমার ক্লাসত তুলে না কিন্তু এম্নে ডঙ্গেডাএমনের সময় আমরা ডং না করি যদি
/kaggle/input/regspeech12/test/test_sylhet_0638.wav,বালা এখন তুমি নাম কিতা তুই বইন কিতা খরো তুমি মরা লেখা খরোনি
/kaggle/input/regspeech12/test/test_narail_0056.wav,সিটির দারে নাকি কার দারে নটি আইছেলো আমাগে আমাগে নামে সিটির আমাগে ম্যালাদিন পরে দেছেলো ওর ভিতরে ওরা দলিল কইরে নেছে আমাগে যে বাদায় রাহিছেলো না জমির কথা কইয়ে কে বিটা টুক আমাগে দেবে ওই ভিটা ওগে নামে দলিল লড়তে না এই জন্যি ম্যালা যেই রেকর্ড হইয়ে গেছে সে আমাগে দিতি হবে
/kaggle/input/regspeech12/test/test_rangpur_0092.wav,ও তাইলে খাওয়া দাওয়া মানুষে করায় ভালোভাবে হ খাওয়া দাওয়া করায় তো এই কার বাড়িত খাইচেন আর পুলিশ বছর বার তার আগের দিন আনবের বাড়িত
/kaggle/input/regspeech12/test/test_sandwip_0079.wav,হ্যাঁ আইচ্ছা আমরা কিন্তু হুম ফারে না ওই যে ইটা উগগা দেখলে ফোন করা হ্যাঁ কয়দিন উগগা যাইতে আইবো মা কার দেও না
/kaggle/input/regspeech12/test/test_sylhet_0142.wav,না খেলে রাখি না মানে আই না তা দিগ্রি ডি ভালা পরিবার নিয়া একটু দনি দাদো পরিবার নিয়া
/kaggle/input/regspeech12/test/test_chittagong_0116.wav,বিল খেলাইছি আবার বিকালে অইছি এটি তো ফার্লার মোবাইল টোবাইল আছে ন দেয় দে তারা ন না না ন দিবো নদী পরে ফরা দিবো যে ইন্টার খইয়্যেদে বাদে কেউ ন ওইরে তুই লাল বুজা ফার আছে
/kaggle/input/regspeech12/test/test_sandwip_0069.wav,আঁর মতন হেই যে উনি অনকা হেরা মাইজ্জা দুগগারে খ খাই বাদ দুগা খাই যার চাই ফরি গেছে মনো কোন জন হইলে ইস্কুল এডে নিয়া কইছে য ফইলা হইলে ভাবি আঁই
/kaggle/input/regspeech12/test/test_sylhet_0661.wav,তে আমরা গরো আরেকবার নিতায়
/kaggle/input/regspeech12/test/test_noakhali_0002.wav,বা বা মে টুকে ওটি সিজন নৌকা তো মতো দাম কবে না কিল্লাই তাইলে আংগো হুর গাং হুন্ডি নে ওকগা হারাইবেন আরেকটা টিবি ও তো না আমরা টিকছি ভাই এরা আমার এইযে হবে জানো দাম কম না না নি
/kaggle/input/regspeech12/test/test_chittagong_0090.wav,ইতা যাই এরে কম্পিউটারে ইন্ডিয়া আদায় উন দি আর এহন যদি সার লই থাকে তার লই থাকে তাইলে না ফারি হওয়ার ইচ্ছা তো এহন তো সেকেন্ড মিনিট ন আইয়্যে না মানে
/kaggle/input/regspeech12/test/test_sylhet_0214.wav,তো আমারও মনে মনে টার্গেট যে আমারে তো একটা মার নাম ওতো ইতার মাঝে শাক করতে করতে এখটা গিয়া আমি আমার জিনিস মানে ব্রেংোর মাঝে খুব হেমার্রিং দিলো ওটা অইলো গিয়া
/kaggle/input/regspeech12/test/test_chittagong_0109.wav,সুন্দর আছে ছুট বাই সুন্দর শুনা গরু কি ভাত যে গাছ খালা মুই তা তো হয়রে ওকগো ভালা ফোয়া ফাইলে দিতো তহন আর সৌদি খতা খই যে নাই নাই মা সৌদি আঁরা আইডি পাচার আছিল
/kaggle/input/regspeech12/test/test_sylhet_0024.wav,তারফরে আমরা অঞ্জলি দেওয়া ওইলো মার খাছে দিয়া গিয়া আমরা সার দেওয়া ওয় শাড়ি গুলার ইগুলো খাওয়ার ফরে দুপুরে যে ফাত খাওয়ার টাইম ওইলো তখন করি মন্দির আমরা খাই
/kaggle/input/regspeech12/test/test_narail_0127.wav,মানে ব্যাক বড় দি থাকে তা এগার পড়ে থাহে বড় থাহে বাড়ি থাহে বলে সুমায় থাহা কচ্ছে ও থাকে না থাকার মতো একদিন ফোন দে ছেলো তা অনেক সুকে তোমাকে আমি অনেক মিস করতি এহন কচ্ছে যা দুই ভাই চইলে যা দুই ভাই যাবো ক্যা
/kaggle/input/regspeech12/test/test_sylhet_0379.wav,ফরে আমার জালেরারে কিন্তু আমি সম্পূর্ণ দিয়ে দিয়ে তে তারার মাঝে কুনু ধরনের অতিতি বা না পাওয়ার ইতিহাস থাখে নাই আমার শ্বশুর চাকরি দিবে তারা দিছে লামিয়া ফড়াইতে খানে তারার লাগি
/kaggle/input/regspeech12/test/test_sandwip_0055.wav,তো আছে আবার শান্তি নিমু এমনে বারো মাস কান্দি এলা টেনশন বেশি ঘরের ইয়ের তো ন হোলা ধান দে রান্দা ন থাকোন কেন খেলো
/kaggle/input/regspeech12/test/test_sylhet_0016.wav,নিয়ে যা শেষ হওয়ার পরের দিন যকন যদি দেওয়া ওইলো না রাত্রে তারা সবাই আমি পর্যন্ত খরলো খরার ফরে ফরের দিন মার্ক আজকে আওয়ার আমরা ইয়ো খরা ইটা ঠিক করা ওয় যে চাকরিতি নিয়ে
/kaggle/input/regspeech12/test/test_chittagong_0041.wav,ওডে তুলি না আডি বেলা তো মনে অয় ইতা দারি কাইতারে আঁই ফেস্টিভ্যাল আইতে ইদ দি ওয়া ইচ্ছে তুর জামাই টামাই ভালা আছে না অবে আঁর জামাই খতা খাওয়া দেয় না আঁই বিয়া গইরজে নি আইজু ইবের জামাই মানি লর না না এডে খইতারি
/kaggle/input/regspeech12/test/test_chittagong_0003.wav,আর সাজিদে মাত দে টা তো দে ইবার তো পানে চিনে আছে এরা শুরু তো আবার দিয়া গেয়া তে ইয়ানে উইবের কেউ না ছিনি তো ইবার কেউ দেহি লা আর ওয়ারে দেহি গেছে ও বা তো কাইলদি দিহাতি মাইনষের সালাম টালাম দিন না না না না না না কেউ ছিনে না ভালা গরিয়েরে
/kaggle/input/regspeech12/test/test_chittagong_0108.wav,দি বউত খতা খইয়া আর কী বলে ব্যাংকার লইছে বিদেশে আছে আর ওকগো বাড়িত কা বলি খালায় দে বাড়ি বলি খালা লইয়েরে দি খই ন রে গম নাকি আছে বাড়ি ঘর ইবের খতা খই
/kaggle/input/regspeech12/test/test_sylhet_0133.wav,আইচ্ছা না ওই যে তো টিনকাম খাম খরো বাকি দুইজনে কিতা খরোইন দুইজনও আমি জিতা খরি খাম ফারি খিয়াল গর বারিচার হরে তারাও ইতা খরে
/kaggle/input/regspeech12/test/test_barishal_0016.wav,হেইয়া দুইজনে সম্পর্ক এট্টু আপার আইসে টাকরি এইটা সেই চাকরি কইরা হেই খঞ্চি ডাক্তার পড়াইয়া ডাক্তার বানাইছি এহন আর তারে ভালো লাগে না না পারে একটা মাইয়া দে খাইছে ইভাবে পরে আরেক লাখানো কী করে খতা টের ভিটা জব আস্তে মাত দিছে
/kaggle/input/regspeech12/test/test_sylhet_0134.wav,আইচ্ছা মেয়েরা তো নিজে রাইন্দা খায় যা বাজারে রাইন্দা খাইতে খইতাইন ইদের দিন কিতা খরোইন মানে এম্নে গরোর মাজে কিতা খরো গরোর মনে লুন গরাই আর তোমার আইলে ফিডা মারাই আছে আমার আর কিছু না
/kaggle/input/regspeech12/test/test_sylhet_0615.wav,খালি ছাকরি বা না কিবা নোয়া তাইমা খরছে হুম খয় গু দিরাই আরকি তো আছে বাক্কা সামি না মাতেনি মাস মানি সাকিবরে টানি তিনি
/kaggle/input/regspeech12/test/test_narail_0152.wav,নয়ন কও নে
/kaggle/input/regspeech12/test/test_kishoreganj_0020.wav,কি মামা খা না তাতে না না হ বি এইডা সব বিদিতে হ বা আমরা দিয়ে খেত আছে এইডা দে একটা খাম বাদে করছুইন না হ এ আমার খেত আছে থাডাহান্দা বুজ্জুইন খাডা আন্দার বিল আমরা ফুরান বাড়ি আর আমরা বাড়ি অইছে বা ফরছে
/kaggle/input/regspeech12/test/test_kishoreganj_0135.wav,আগে নামডি ক ছেন যাবো আমার রিডিং তো
/kaggle/input/regspeech12/test/test_narail_0132.wav,আমি দিন ঘরে একা একা ঘরের ভিতরে কি থাকি আমার বাল্লাগে না সি থাহি মুবাইল চাপি ঘুমাই আর এই জাগা এই মাজন আমার বাল্লাগে না আচ্ছা ইন্ডিয়া আমার খুব ইন্ডিয়া আমার খুব আপন হইয়ে গেছে বুচ্ছিস ইন্ডিয়া আমি একা জ্বলা জল গরি
/kaggle/input/regspeech12/test/test_narsingdi_0032.wav,স্বপ্ন তো সবাই আমরা দুইটা ম্যাচ জিতবো বাইবায় আছলাম পাকেগুলা জিততে পারলে আমাদের জন্যে প্লাস পয়েন্ট আমরা ভালো কিছু করতে পারতো ইন্ডিয়ার সাথে লিটন দাস না উটা না হইলে তো বেটা জিততে যা কোনো জানে
/kaggle/input/regspeech12/test/test_sylhet_0511.wav,হালাইতে থাহো আইটেন মনে যে বিল্ডিং গরি মানে করতারবা সরকারি সরকারি কন্টাক্ট দার
/kaggle/input/regspeech12/test/test_sylhet_0470.wav,মায়া বিছি মায়া বেশি আরও তো আমরা ইতা একটা কানছি বিল্ডিাম ফারি তে আশি লাখ টেখা খইবায় ইতা খইছোইন তুমার যদি বালা লাগে আমরা তো ছড়াই দেয় না আমি তার তো
/kaggle/input/regspeech12/test/test_sylhet_0030.wav,অনেক টাখা উঠে পর নাম খানের মদ্যে বা প্রমি বাসে উঠে তে ওখন ই টেখাগুলা খায় নেয় ই টেখাগুলা পুরুত নি অনেক আছে করি দেয় না কমিটি দে দে গরি কিন্তু তারফরেও তারা মনে মনে খরে পুরুত নেওয়ার কমিটি উপর নির্ভর খরে
/kaggle/input/regspeech12/test/test_rangpur_0054.wav,আল্লাহ আল্লাহ যে জমিন নাই হাত পায়ের উপর দিয়া এই শুকুর চালায় এইটায় আল্লাহর কাছে লাখো শুকু লাখো শুকুর টা বা
/kaggle/input/regspeech12/test/test_chittagong_0160.wav,কি দে অর তো গুরো কিরে টেয়া লাগে কেও লাগবে লাগি দুইল্লা ছবি তাকলে দি টাকা দিবি দি আরি ঠিক ইয়া এহন কইতাছে দিবি আইচ্ছা তার ছুটু বুজি মন হর
/kaggle/input/regspeech12/test/test_sylhet_0553.wav,সবার লগে ফ্রেন্ড মানে ফড়ানির আগে প্রিপারেমেন্টে কিলা নিতো এরা কেউ আলাদা তরে তরারে প্র্যাক্টিস খরাইতো না কি কি তো তিন মাস আমি খালি পেট ইন্টার তার অইলো গিয়া আই ওইছে রিডিং আছে না নি হ্যাঁ রিডিং খরছি
/kaggle/input/regspeech12/test/test_chittagong_0129.wav,তলে হ একটা দুইটা হুম মহানগর ফারলা দুইটা গো বলে মন দি মনে হয় দাগ বাদ্দে কি গরম ইয়ায় হ রেডি একটু ফইগিল দুই হ্যা
/kaggle/input/regspeech12/test/test_tangail_0017.wav,ফারিস করে যা ফরি কার্ড যারা দরিদ্র আছে অসুস্থ এইড থাকপেন তো তাদের জন্নি ফুরা এডা পুরা অনেক একটা হ ফুরা হয়ে যায় সারা দেশে এবং ইন্টারন্যাশনাল
/kaggle/input/regspeech12/test/test_sylhet_0087.wav,সার পড়াশোনা খরতে বালা লাগে না হ্যাঁ বারো লাইনো ভর্তি অইছে তাইরে জুর খরে খালি আমি ভাইয়া জোর খরি না ভর্তি কিচ্ছু করতে ভাল্লাগে না একটা সাব্জেক্ট গনিত ভাল্লাগে না ওরে বাবা বাল্লাগে বা লাগে না বুঝাইয়া দিয়া দেখছেন আমি দেখতে পারি না আছলাম লাগে না বুজো বালা না
/kaggle/input/regspeech12/test/test_kishoreganj_0117.wav,গাছ গাছ ফড়িং সাপ ব্যাং সাপ গাছ ফড়িং গাছ বেঙ গাছ গাছ ফড়িং ব্যাং সাম কুনডা গাছ গাছ গাছ ফুড়ি গান গাছের এক এলাকা গাছ ফুরিয়ে গাছের এক্কা হরি গেছে না এডিক্কা লাগে গাছেরে এই গাছ ফুরির কা আবার এই গাছ ফুড়িন কেলা কা ব্যাডা
/kaggle/input/regspeech12/test/test_narail_0160.wav,এরফরে উনার হচ্ছে পাইএলসির সমস্যা তা ও মেলা পুরণ সমস্যা এরফরে আছে উনার হচ্ছে মাজা সমস্যা এগুলো হচ্ছে উনি উনি পতিদিন ক উপলব্ধি করে
/kaggle/input/regspeech12/test/test_chittagong_0173.wav,রান্না তা আঁর খরতাইন খরতায় তাইন অন বেকার গরি তুই খতা ফিল তুই আঁর খরতে অইছে না কেন খই মার তো তাইনের সুযোগ বুজারে যাইন বলি
/kaggle/input/regspeech12/test/test_narsingdi_0091.wav,দুইডা অইছে এক্কারে বড় স্পিডে আরা দুইডা অইছে ছুডো তিন জোরা নিরা আছে এই প্রলিরমতো এক্কা হ হ হ ওইডা কেরে আছে যে প্রলিরমতলি একটা আছে আবার মাইক আছে ইস্কুলো না অইলে দুই থেইকা তিনডা আছে না ফুরান আছে
/kaggle/input/regspeech12/test/test_rangpur_0080.wav,হ তে নিয়া যায় না ক্যাম্বা এই করবে না মা ক গায়ের উপর দি যাইবো জোরে কও না ওই যে যদি কাটি ন
/kaggle/input/regspeech12/test/test_narsingdi_0116.wav,এডা কইলি না এডা কইলি না খালি না না না মাইদ্দে বারি বদ্দ দিলে না আমার লাইফে যেইডা ওইছে আমি এইডা কোনোদিন অইতাম না কোনো দিন করতাম না লাইফে নাদিম আর এইডা অপ্পারাই তোমার কান বেরা করি অলো কা এরকুম থাকা
/kaggle/input/regspeech12/test/test_sylhet_0089.wav,তো নাই তো আমার বড় বাইন আর বি ওই ইডা ইতা কোলা ফড়া বি কুলা আর
/kaggle/input/regspeech12/test/test_chittagong_0059.wav,কলেজের খবরটা বর কী কলেজর ভাই সেকেন্ড মেয়িটোতো আঁর নাম ন আই এহন কী যুদু বুঝি ন ফারি তা কোন খতা আঁই আছি
/kaggle/input/regspeech12/test/test_chittagong_0046.wav,হ শেখ হাসিনা হাঁচা আর দেহা করতে কমে করলে অ ইয়ো ডি মায় বেরাইলে অবো ঠেক্কা চিনি এই দিনে বাইরাইতাম যেতা হ দিও বইন ন ফালার আঁরা মারি ছেলে আর ন মিক্কে বাইরাইতাম যে তো হলে এডে বুজ্জি না নাম লইলে আরি
/kaggle/input/regspeech12/test/test_chittagong_0151.wav,আর ছবি তো কাটা না অনো আছে কাডাল অবো তো দিন কান হ্যাঁ দিন কান আইচ্ছা আসার কই তাও কিতা তো সার কতো ক্যান কেন লাগে নিজের তার নাই
/kaggle/input/regspeech12/test/test_sylhet_0231.wav,অর বিয়া ঠিক ওই গেছে গো বিয়া যার লগে ঠিক অইছে এই হইলা দিয়া একটা ইস্কুলে গুডুর তাইলে আমরা ম্যাডামে ইবার খাই তো অনেক ওইতে আর টিকা আমরা জানি ই খতা খই হু
/kaggle/input/regspeech12/test/test_sandwip_0058.wav,ফ্যান বদ্দা ফাইতো নাই হ্যা না ওরে বার দি থায়ে না এক ফা
/kaggle/input/regspeech12/test/test_tangail_0054.wav,এই ছবি লাস্টের দিকে যে লাইনডা আছে এই লাইনডা মানে আমার সবচেয়ে খুব টাচ একটা লাইন যে বলা অইছে আই সাপোজ ইন দা ইন দা হোল অফ লাইফ বিকালেটিংগো
/kaggle/input/regspeech12/test/test_sylhet_0413.wav,ফরে বাড়ি তো বাচ্চা খাচ্চা অর না ডাক্তার দেখাইতে দেখাইতে দেখাইতে দেখাই যা ফরে বাসা লইতে আইয়া ওউ এখবারে মেইন ভির লগে খন আত্তি লইছে এরফরে আর অইছে এখজন মেয়ে খেয়াল আল্লা ওইছে খুশি ওইলাম এখন তাইনও মারা গেছিল
/kaggle/input/regspeech12/test/test_sandwip_0029.wav,লাইন যত ইয়া অইবো সর্ব শেষ কথা একেরে যত কতা কইবো যত কিছু করবি সর্বশেষ কথা মা ইয়ান কইবো হিয়া খুব ইয়ার ছুডুগা অল জুল ইয়া জল ইদের বিয়ার দুই দিন হরে মন অয় মাত শরীল বেচি অশান্তি লাগি যে ফোন করছে যে কানা হিয়ার হরের দিন
/kaggle/input/regspeech12/test/test_sandwip_0026.wav,তো হেতের হোলাইন আবার হড়া লেখা করছে বউত আছে আফার হোলাইন ফড়া লেখা বেশি করতো না যে আছে ফর মনে খুব কষ্ট আইছলো তাই সবসময় কইছে আর কইছে আন্নে মানে আন্নের দিক থাকি আছে আফা সব সময় খুবই সহ আইছলো হেতে কোনোদিন মানি কোনো কাম কোনো দিন হেতে স্কিল হোলাইন এরা হরাইতে কোনো কার ফন্য কইত্তো না হিয়া কত
/kaggle/input/regspeech12/test/test_narsingdi_0052.wav,কারণ খন কাডা ম্যাক্সিমাম হিন্দু হেরা দুধ জ্বালাইলো হেই দুলালে কি রঞ্জি কাক টাপর লাইগযে ফরে বারে কার লাগবো কিন্তু করা করা তোর দা বাই টাইপের কিচ্ছু থাহে না মানে জন্য কয়লা তো ন লাইজ্ঞা যায়গা
/kaggle/input/regspeech12/test/test_habiganj_0089.wav,আর এর আগে সিলেট গান থিকা সিলেট তো বেশিরভাগ আমরার বিভাগ সিলেট সিলেট দিতি কয়েকবার একটা বেশি আর কুনানো ওইতো না খরো চা ছা বাগানো ঘুরাইছো না চা বাগান গেছে সিলেট গেছি তারফর আমরার হবিগঞ্জের চা বাগান তে ইখানো তো ঘুরাইছে
/kaggle/input/regspeech12/test/test_chittagong_0117.wav,ইন্টার ফরে এহন ন হইয়ো ফরিক্কার ফরে তুললে দিবু তো বুঝা বালা আছে খই দে ইতি আর অইলদি আঁর মোবাইলর তুন কল গরিবার লাই ফল অই যাইবু কিছু অইলে মাঝখান দি আর বাজি ন যাইয়্যুম ইতে আয়ে তো বুঝা বুঝাই তারফরে ইতা খতা
/kaggle/input/regspeech12/test/test_barishal_0041.wav,মুই তো অহন পারি না তা হাতে অরে কইলাম কি গরু যদি পালো কষ্ট করতে অইবে কিন্তু ভাই হ্যারপর আম তা শাল্লা দিবি হইয়ে পারবি না কয় যা করমু আই তা ও গেলো আর ধান ধাইতে মুই করছি উত্তর পাড়ায় তিনজনের কিনছি ইল্লা ঘুরোয় ফরছে
/kaggle/input/regspeech12/test/test_sylhet_0300.wav,সাতে থাকে আর বিয়ার ডেইট ওইলো গিয়া ফরে কিতা খরছি যে আমার সামনে তখন আমি ফড়া ফরীক্কার লাগি পড়িয়া বিসিএস খরতাম ওদিকে চাকরি ফরীক্কা দিতাম ওদিকে এই বার্সিটির ও মাস্টার্সের ফরীক্কা আইয়ো ফরীক্কার লাগি ফড়তাম আমি তখন আছিলি বিয়ার তিকি ফড়া মুঠি
/kaggle/input/regspeech12/test/test_narsingdi_0011.wav,দা বলতে হবে হ এইডা আমি ও মা উন্নতি করতে আসতে আরও উন্নতি করবে নতুন নতুন প্লেয়ার আসবে তবে আমাদের যে পঞ্চমন্ডব ছিলো ওইরকম পাওয়া যাবো না আর
/kaggle/input/regspeech12/test/test_sylhet_0101.wav,আব্বা নাই না আমার বাফ মরতে আর তিন চাইর বছর অইয়া যায় মায় যেতা খরোইন মা ফুটলা খাম খরে বুচ্ছো দেও ইয়ো পুতস্টুডেন্ট দেখি এইডা কি অইবো তাইলে মনে অয় ইতা ইতারাই তুই ফায় না নি অখন ইবা একগা খরবো খইরা আছে যাবার যাইবো
/kaggle/input/regspeech12/test/test_sylhet_0555.wav,আর কি তর স্টার্ট ওইলোনি ফরে আর আর কিতা খতা ও আচ্ছা না তারা তো আগে ওটা আইয়া আগে
/kaggle/input/regspeech12/test/test_sylhet_0644.wav,খালি মাথা দিয়া তখনে মায়া লাগে না সবাই নাই না
/kaggle/input/regspeech12/test/test_sylhet_0348.wav,আমরা চাকরি করতাম আমার বড় তোমার ফার থাকতো না আমি বাতরা লইয়া তো আরেক দত্ত আর মেয়ে তারে লই লগে আমার বাই আইছোইন বাড়ি তাকি তো বাড়ি থাকছোইন কাজের মেয়ে গেছে বাচ্চা রাখিয়া
/kaggle/input/regspeech12/test/test_narsingdi_0061.wav,বল্লা সুদ বউছি দা ফির হুম মার্ক এইচ ডাব্লিউ হইয়া খরবো চৈতে টাছ পোলা সুদ বউছি দইরা অবশ্যই বল্লা ব্যাফার তে খেলা বাগান
/kaggle/input/regspeech12/test/test_kishoreganj_0011.wav,বিশাল নাঙ্গার এলাকা তারা যাই ক
/kaggle/input/regspeech12/test/test_kishoreganj_0023.wav,দুই ভাই হেইযে বাড়ি দে ক লক্ষ্যা কাগজ পত্র কোন লক কইরে লেইক্কা সমস্যা আমার ইতা ইতা গামিয়া আছে এইডা লেখতা অইবো এর লাইজ্ঞা তো ফুরু সবার মইদ্দে আর ইউনিয়নের মইদ্যে অত তো বিয়ে নাম টাম লইয়া বাফের নাম এই যে এই যে লইয়া এই উল্ডাফাল্ডা দেখছে এর এন্তে হুইন্না হুইন্না
/kaggle/input/regspeech12/test/test_chittagong_0034.wav,ঠিক আছে না গাছে বেডা আঁরা বিয়া দে তরে বিয়া যাও ইতারে খোনোমিক্কে যে কাম হলি তালি বিল খোনো মিক্কে যাইতো ন ফারি আম্মা ও গরে দিছে ন যাইলে আইয়েনে দিও ঠিক আছে তুইল্লা গা নিস মিক্কে লই ইসময় নাইকা
/kaggle/input/regspeech12/test/test_sylhet_0357.wav,তাইনে মেডাম এখন কইন যে আফনে তো বালা বালা রেজার খরিয়া ইটা করতারতো ওই সময় কিতা আফনের করি মানে ইটা লইয়া যাছ আমি যখন বিসিএস এর সাবজেক্ট ইউজ ইয়ো খরা লাগে না কাটার তো ক্যাডার তো আমি কুনু সময় এক মিনিট কাটার দেই নাই ফার্স্ট অইয়া যাবো কখনোই এক মিনিটে
/kaggle/input/regspeech12/test/test_sylhet_0500.wav,দুইটা উটা খাওয়া দাওয়া তে ফরে এখটু ঘুমাইলাম চাইরটা যা না মামা খরলাম যে এখটা উটি খরলাম বাসার বিতরে আমার মনে অয় খালা এখটু বার অইয়া গেলে আমার তো তো ফরিছিত মানুষ বালা যেদিন লাগে না এখটু গেলাম না খাতা আফনে আমার পরিচিত আমার এখটু গেলাম বইয়া গিয়া আইলাম মাগরিবোর আগে আইলাম মানে আমার ফড়া বালা লাগলে একটু টিবি জি দেখো মুবাইল টু ঠিক সব ফালাও দি যায় আখতা বালা না
/kaggle/input/regspeech12/test/test_kishoreganj_0191.wav,ত নি নি অত নিল তনি তো নীল আইচ্ছা আউ কালকে তো নিল আমি নীল দে তো নিয়া বানাইলে নি কইছি দিবো মার আফনারে ক দি
/kaggle/input/regspeech12/test/test_kishoreganj_0034.wav,কইতে মা রা হ্যা আজ্জা কি ক এরার লগে আনি না বলত অইয়া গেলো অইলে উলনা কইতাম ক
/kaggle/input/regspeech12/test/test_rangpur_0104.wav,ওই ইয়্যা আইসে না না অক্কর হামার এটে মসজিদোত নামাজ পড়ে না তা করে না না করার পড়ে না ক্যা কাহিনী কী য়্যা
/kaggle/input/regspeech12/test/test_rangpur_0050.wav,দে ফিল খাবার পাবার নয় এমনি অলরেডি খারাপ হয়া যাইতো কতা কতা ক বইয়া ভারি টিয়া দেয় গাড়ি তোঁয়ার কতা হয় নাই গো আচ্ছা আবার কতা কয়
/kaggle/input/regspeech12/test/test_sylhet_0404.wav,আফনারা আমার বিয়া অইলে দশ বছরের কিন্তু আমার এখটা অসুস্ত অইলে এখনো বাতাসের মধ্যে আমি ওলা খরি কিন্তু কুনুদিন বিরক্ত অয় না
/kaggle/input/regspeech12/test/test_kishoreganj_0002.wav,এইডা তো এইডা দে না না এক আছে মারি চুদ মারে না না ইয়া ক আছে ভিডিও কাছে ভিডিও ওতা না
/kaggle/input/regspeech12/test/test_sylhet_0205.wav,তো ওতা খরি খরি রখম এইট নাইন ফর্যন্ত করি ইতা গাও গ্রামো তো ইটা উটা মানে কুড়ি ইখানো ওইলো বিয়ার খতো
/kaggle/input/regspeech12/test/test_narsingdi_0025.wav,সিলেক্ট করতে পারতো বা তারা তো আগে যায় তাদের খেলা দেখতে হবে যে কোন প্লেয়ার টা ভালো খেলতাছে কার বেলুকোন জাগায় বেশি ওইটা তো দেখতে হবে হেরা তো মাঠে যায় না এরা এই ড্রেসিংরুমে বইসা থাকে মন চাইলে দেহে না অইলে না দেখে
/kaggle/input/regspeech12/test/test_narsingdi_0037.wav,আল্লা তা কি যদি আমার দাম হয় তাই না খাও মুখা মিন শ আল্লা বাড়ির ফিরা খা না বা দা তো ফুকে আর কুকারে খরা হ্য
/kaggle/input/regspeech12/test/test_chittagong_0105.wav,আসসালামু আলাইকুম আসলাম আলাইকুম না কেন আছো আলহামদুলিল্লা টিকা আছো হ এলা কাম আছি তোর আম্মু তালি বেকগুন কেন ছে
/kaggle/input/regspeech12/test/test_sylhet_0221.wav,ওতো মানে ফরার ও নাই আমার তো গমের নে অন্যাইন্য বই লাইনের ফড়াইছে দিয়া ইতা ও ও লেবেলেই নাইন উটছে বাদ দিলাইছি আর আমারে তো যে এসএসসি তে ফাস খরাইবা তে যদি ফাক খরিলায় তা আমি ট্রাই খরমু একবার দেখি ফারি না
/kaggle/input/regspeech12/test/test_chittagong_0054.wav,ই প্ল্যান দিকি অকান আঁরও লাইবো লাউ আরও তিন ছয় বছর অইও হ আম্মায় দিন আরে বয়া থাহিবু না বয়া থাহিবি দেরি খোনোমতে মান্নান গরিয়েরে
/kaggle/input/regspeech12/test/test_chittagong_0119.wav,না না না আর আর দু থাহিলি খালি না ফর হিসাব গরে ও নাম্বার না কি গিনতো হইছে কি পাছে মাতলা কিন্তু আম্বার কোনডার গরে কি বুজ্জি না নাম্বার নাম বাবুল গরে কিনারে পাশ ঘুরি
/kaggle/input/regspeech12/test/test_sandwip_0101.wav,এই হেগুনের এম্নে কইলে এম্নে ঘুরা এম্নে কইলা এম্নে ক এত তুলে না
/kaggle/input/regspeech12/test/test_sylhet_0700.wav,আনতি আরা মাতলে ফাও একটু হেজিটেইশন ইচ্ছা একটু মাত্তে ফারবো আমরা একটু একটু টাইম নিলি মাততা ফারবা আয় না
/kaggle/input/regspeech12/test/test_tangail_0125.wav,হ্যা দেন ওই লোকটা ওই যে ওইটা তো বাইরাল হয়া গেলো কতা ক বলে খুইজা পাওয়া যায় না এখন এরকম বলতেছে কে বলতে কী বলতে ইয়োটা নাকি খুইজা পাওয়া যায় না কি লোকটায় খেলায় তো ভাইরাল হইয়া গেছে এখন তো খেলাত থাকার কথা
/kaggle/input/regspeech12/test/test_sylhet_0003.wav,বাট অখন দুদ দেয় না কিচ্চু নাই উরে ফালতে ফালতে হে তারা তো নে ভাই এই যে মারা ইতা বান বালা লাগ না খাও লাখান
/kaggle/input/regspeech12/test/test_narsingdi_0059.wav,এমনে অখলের আওয়াজ বুঝা যাইতো না মোর মদ্যে তে দেড় মোর লইয়া কতা কইতাছছ আমার ফ্যাছ না কুডুবেলাত থাকলে খেলাদুলার প্রতি বিখ্যাত নাই কি দে ইস্কুলেত্তে আইয়া মায় তো ঘুম ফারেনা ধান দারি থাকতো
/kaggle/input/regspeech12/test/test_sylhet_0117.wav,তরে তো বাত নয় করতে ফারি না তো খম অকাইবোএককা খাইতাছি চিন্তা না খরি একবার হইতদি বা আল্লাহ বুঝতি খেল তাইনও তাইনে ছুটু তাকতে কিরখম একটু স্টার্ট লাইনি তালি আছে না সতান ডা আমার ভাই গেলে রাখলো এইডা তার অর্থ
/kaggle/input/regspeech12/test/test_habiganj_0108.wav,অখন ফঞ্চাশ তামাত ফরীক্কা লইতাছে আরকি ইতা কি কি সাবজেক্ট নয়ডা সাব্জেক্টে ফরীক্কা অইতাছে অয় কিছু সাবজেক্ট বাদ দিতে ইটা অন্তর মানে ধরছে না কিন্তু কেউ সাবজেক্টটা আমরা মেইন সাইবের দরকার কি
/kaggle/input/regspeech12/test/test_kishoreganj_0064.wav,ফুরা তাই না হ বুট লইয়া ক গেছে একটা বাতে খাছলাম বাই জাগা মা
/kaggle/input/regspeech12/test/test_rangpur_0012.wav,আইসপে দেয় না না ম্যাডামরা যাওয়া কয়দিন থাকে আইলো দিন সারা না কেমন যাবি না কওয়া যায় না না আমাগে পড়তো কতা কওয়া যায়
/kaggle/input/regspeech12/test/test_rangpur_0021.wav,ডিম ভাজি বাইগোন ভাজি আবার মুসুরির ডাইল মুসুরির ডাইল ইটা ইটা আইটেম আইটেম তো ভালোয় আচে হামারে তো আইটেম নাই খালি একটা আইটেম দিয়ায় খাই হামরা
/kaggle/input/regspeech12/test/test_sandwip_0075.wav,তাফরে করা যে বালা কানি আর ওষুদ ওষুধ দাবাই ভাবি ওই লইলে থাকে ফারি না বেডা যেডা ট্যাবলেট টুরা দি না না না
/kaggle/input/regspeech12/test/test_noakhali_0011.wav,বাব্বো তরকারি কি নিয়া এনটিক মাগো বেডি কতা কয় না
/kaggle/input/regspeech12/test/test_sylhet_0172.wav,ইলা তো আফনেরে ফরে যাই বই আমরার সাতে মাত ঘটনা তাইলে আরো আমরা আপনি দেখলি করেন ব
/kaggle/input/regspeech12/test/test_sylhet_0378.wav,তো পরে একটার পড়া খে ওইলো তে ইটারে বিয়া সাদি দিলাম আমি যদিও তোমার স্যারের কাছ থেইকা ছোট সবচেয়ে ছোট একটা রিং দিয়া আরকি তো ফরে আমি আমার ছাকরি টেখা দিয়া গল্ডুল বানাইছি কিনছি বা এখন বিক্ষা করলে আমি ফারি
/kaggle/input/regspeech12/test/test_sylhet_0558.wav,ফাইরা ফরে আমরা ইখানো বালো একটা ফুক ওইছে না অয় আরেকদিন আমরা ওন থিকা আরকি আর কার দেখি আমি খইরা না কিতা ফরে হুনছি একটা ইয়ো খরছে
/kaggle/input/regspeech12/test/test_tangail_0010.wav,আর কনফার্যে করে এক দেশ থিকা আরেক্টদেশ বিবিন্ন দেশে এইডাই মানে গো মেইন যে খেতে এইডাই মানে যেহেতু তো বেশি কান্ট্রি বার দিতে পারবো ফিট করতে পারবো তার ক্ষেতো বেশি এই সময় তার ক্যারিয়ার আর লাভ দুইডা একসাথেই তুলতে থাকে
/kaggle/input/regspeech12/test/test_kishoreganj_0138.wav,লেবু বাতারি লেবু জামরুল তাল কমলা কালা কালা পেঁপে প্যারা বাঙ্গি সবুজ জন কে বাঙ্গি কোন ন কি সবুজ না ফানি দি তিন দিন ভাঙ্গি সবুজে পাকা পরে এগুলো রং হলুদ বা সোনালি হয়
/kaggle/input/regspeech12/test/test_sandwip_0071.wav,আর অনকা তো এক্কারে মোট ইবারা কোরবাইন্না যাইন বউত চাইছে আঁর বা হলাম আইছে নিবেরলাই আঁর মা আব্বা ন অক্কল ফিলার ফিক গোন বেতাইল্লা গেছি তাইক্কা কানতি
/kaggle/input/regspeech12/test/test_kishoreganj_0050.wav,বাতাস বেশি না না কম বেশি হ বল কিনতেন না
/kaggle/input/regspeech12/test/test_sylhet_0753.wav,অনেক না এক আমরা কমু তারফরে মনে খরো না কিতা ঘরের মাইদে একটা নিয়ম টিয়ম খরোইন তো আমরা না সব কিছু না আমি
/kaggle/input/regspeech12/test/test_sylhet_0573.wav,বাইটা বাড়িত আমরা তো কি মাত গেছলাম অকটু বড় মাত গেছলাম আমার ও আইচ্ছা তারার ছাছাতো বাইয়ের কি তো এখ বাড়ি ওগে আয়ি
/kaggle/input/regspeech12/test/test_kishoreganj_0007.wav,হেই ওইডে নামে ও নিতে কার খানা লাগবে না তে লইয়া বা তো কুনু সব উঠো ব্যাডা ওর ভিতর অইলো না আর এহন তেলায়া বা না মা কি কোন করাইতে না না এহন তেল তো তার কাবাব কিতার এহন হেই লাগাইছে না তরে সামনে আনন নিছে না
/kaggle/input/regspeech12/test/test_sylhet_0654.wav,কতদিন আছলা ইন্ডিয়া কতদিন আছলা ইন্ডিয়ার ইন্ডিয়াত কতদিন আছলা বিয়া রাখলাম না দেও গ্যাস না
/kaggle/input/regspeech12/test/test_barishal_0098.wav,নে দা মারবে কি কাম করে আইবেন হানা এই সামনে কি করলো না কমনে কর ওই টুনি কাইড্ডা থুইয়ে দিছি কইছে পোলা ভালা রাইত বারোটা বারটা তর ফিটা ওই পরে ওই এই পাইবে না যদি স্যারে একটা নয়টার মইদ্দে যদি বাড়ি যাই যাই দেখমু সব ঘুমায় মরি
/kaggle/input/regspeech12/test/test_sylhet_0199.wav,যায় বইন বলতে পাচজন আছলাম আমরা ছুটো ফাচজন খরাত আছলা তো পাচজন খরলে ইসময় আলাদা আলাদা চেয়ার টেবিল অতো কিছু মনে খরে আব্বার পক্ষে সম্ভব আছিল না এখটা টেবিল আছিল হিটা চেয়ার আছিল
/kaggle/input/regspeech12/test/test_sylhet_0277.wav,খাওয়া খরচ তো বাইর কাছে ছাও লাগের না আর বইও আগে ওইলো গিয়া বাই তাইন ফ্রেন্ডরার থাকা ছাইয়া টাইয়া আনিয়া দিতা অখন আমি নিজে নিজে কিছু বই কিনতাম ফারি নিজের টেখা ওইতে এরফর তিকা আস্তে আস্তে টিকার একটা বাড়াই ওরখম খরতে খরতে খরতে চাইরটা টিপি ফর্যন্ত ইউনিভার্সিটিত খরছি
/kaggle/input/regspeech12/test/test_sylhet_0487.wav,দেখিয়া ফরে অপারেশন খরলে একটু পাওয়ার মানে ফাই না ওগু দাও
/kaggle/input/regspeech12/test/test_kishoreganj_0163.wav,এই পানি বেশি থাকা যেডা পানি যে পানি পানি যে পানি থাকি বইন মানুষের না মানে ষাইট টাকা সত্তুর ভাগ পানি ষাইট টেকা সত্তর ভাগ মা কি মাইকু
/kaggle/input/regspeech12/test/test_sylhet_0328.wav,তে তাই তো কিতা খরছে পক্ষে তো তাইন অলা প্যাট লাগে তো
/kaggle/input/regspeech12/test/test_narsingdi_0050.wav,এ কারা অনেক খারাপ জিনিস আর কিন্তু ইয়া এরা তো এক জাগাত লাগবে হিন ফেড ত্যালের দোয়ানে লাগবো হ্যানো করা লাগবে আর সব ন রাখেওই বানাইলাম বঙ্গবাজার মতি জল আর কোন কোন জাগাত তো না থাকলে মাটটা কম দোকান আফুন লাগবে
/kaggle/input/regspeech12/test/test_comilla_0015.wav,আসার পরে এরপরে ওরে দুল্লা থেইকা যেভাবে আছে পুরা শরীর নাকি একদম শক্ত অইয়া গেছে ঠান্ডা ওইয়ে গেছে পরে ওরে ওকে ধুলা থেইক্কা নাম আইছে না মানে পর স্যাররা আবার সাথে সাথেই ওরে হাসপাতালে নিয়া গেছে মানে কি রকম একটা অবস্থা ও মা কিন তো ওরে নিয়া আসছি স্কুলে নিয়া আইছে ওর মায় কিন্তু এই সময়টা ইস্কুলে বেতন দিত্ছিলো
/kaggle/input/regspeech12/test/test_sylhet_0018.wav,ওটা দুইডা পুতা খরোইন নানি না তো ফরে তো তবু যে কাটছে বড় দরো আমরা আছে দূর্গা ফূজা লইয়া কিছু কইন আগে তো আমরা তিন দুগা ফুরা ষষ্ঠী
/kaggle/input/regspeech12/test/test_sylhet_0052.wav,বড় মানে হেল্প খরোইন কয় অখন নতুন সিস্টেম ওতো প্রাইভেট নাই পাইবে না বিয়া না আরকি বই কিলা খরোইন কিন্তু ইলা তো কারেন্ট আমি তারা টেনিং না তারা ফারে আমি বুজো না যা বুঝি চারা মোবাইল তো আবার মুবাইলো আগে না ক্লাস দে খরিয়া ফরে দো
/kaggle/input/regspeech12/test/test_kishoreganj_0161.wav,লাল না মানবে ষাইট থাকে সত্তুর ভাগ পানি মালদার সারা থিকা সত্তুর ভাব পরে আর মামু দে সাতটা বদলে খাটতে গেলাম বাগ পানি মানু দিনে সে ঘুরব খনে মানে শতানি নামে থাকে সত্তুর ভাগ পানি মানে কল ফারে না না ক
/kaggle/input/regspeech12/test/test_comilla_0008.wav,মেটার নাম হচ্ছে নুসাইবা এই নুসাইবার সাথে নুসাইবা আর রহীওরা দুইজনেই খেলা করতে করতে দুলার কাছে যায় যাওয়ার পর নুসাইবা বলতেছে তো তো মাতিয়ার সাল আছে তুই এখানে খেলা দুলা করিস না তুই এরিয়া সালে চলে যা আমি ইখানে দুলা নাতে দুল খাই
/kaggle/input/regspeech12/test/test_chittagong_0012.wav,খারণ চান্দুর আব্বা আগে অফিসের ডিম গেয়া গরি তারারে তিন ইসাবে এহন তো ইয়্যিন নানে তো ডিম দি দাম বাড়ি যাই আরি ডিমের দাম বাড়ি গেইয়্যে বিয়্যা কতা ন ফাইর তে আবার ইয়া ফাতে অইলো যে কি আর চোর ফারে দেহে
/kaggle/input/regspeech12/test/test_narsingdi_0034.wav,আইছি আইসে যে দাম কিডা খাইতে বাল্লাগে না বইন বইন আইসে আমার খেয়াল আছলে আমি খাইতাম ফালি টারা খামোর কতা তুই নব্বই টাকা
/kaggle/input/regspeech12/test/test_rangpur_0060.wav,ষোলো তারিক ষোলো হ এতি পোতম রমজান শুক্রবার হইলো না তাইলে মাজের রমজানও শুক্রবার আইসে তো আর বাদে আফনে রমজানের কতা কইচে মাজের বলতে পনরো পার হইলে হ হ ষোলো রোজা কিতা হ হ হ হ হ
/kaggle/input/regspeech12/test/test_narsingdi_0111.wav,ফরে দাদুরে ইয়া কইরা লইয়া এইটি আইয়া দেহি কি এই কার মোরা এম্নে গইল্লা এইডা দে লাইতাছে গরম খাডাইতে এই দুইডার অবস্থা দেইক্কা মোর আর অর্দেক গইলে এডা লাগা মা মোরা তুই গোল্লা কাডা পাকা অইয়া যায় এইডা একনা না না এইডা তো তা দুইডা হ হ না না বেতন মোরা ফারতায় না
/kaggle/input/regspeech12/test/test_kishoreganj_0113.wav,গাছ কেলা কা গাছ হরি হরি আবার ইন্দু গাস খাবার ইদে ইন্দু গাস খা আবার কাট বিয়ালে কি কা গাছটা বাছতে ফাতা খেলাত কাট বাক্কা কা দে ফালা গাছের পাতা খা আবার গাছে পাতা খা কেলা গাছের পাতা কাকা হরি নে হরি গাছের পাতা কা হরি নে হরি না কেলা কা বাগের খরাইন না কা বা গিয়া ঠিকাছে
/kaggle/input/regspeech12/test/test_narsingdi_0118.wav,তখন দে মায় মাই কোনে কইবো এডে কী বুট খান আমি তো ডরাইতাম রে হোনরে
/kaggle/input/regspeech12/test/test_rangpur_0098.wav,এহন ইপতারি তো মসচিদেতে করা হয় নাকি হুম ইপতারি কেমন হয় কী সমাচার ভালো কয় টাকার করি ইপতারি করে কতোদিন পাচশো পাচশো
/kaggle/input/regspeech12/test/test_habiganj_0093.wav,গুরানিত গেলে তো ছবি ওবি তুলা ইদিক দিয়া গুরা গুরি খরেন তুই আমার ভালা লাগে
/kaggle/input/regspeech12/test/test_sylhet_0400.wav,ফান খাইন নায় ফান খাইন দেয় না ওই আফনের বয়স তো কম লাগে ফাইন রাখেন ওয় ইটা মানে অক্ত থাইবো বাড়াইয়া রাখে এ
/kaggle/input/regspeech12/test/test_rangpur_0041.wav,কা কী হইলো যে অনেক ঝুলাই ফান দেখতি একটু বয়স নি দেখলো আমার বাবা এই হারে গেছে তা মুক্তি ঈদের দেকতে দেকতে মোর ট্যাঙা হয়া গেইচে বাবা মুই আর দেয় ওরে গতিটা আসুক
/kaggle/input/regspeech12/test/test_sylhet_0469.wav,বুচ্ছোনি মামা তাড়াতাড়ি আইয়্যের বা আম্মারে পুরান নেওয়া লাগবো বা আমি মানি কুনানো চিকিৎসা করাবো টিকা করতে পারবা আমি ফিটতো অইবো বইন কিছু যাতে নি না দুঃখে সকলের হচ্ছে সবসময় হি
/kaggle/input/regspeech12/test/test_sylhet_0177.wav,ফুরি গুম সুখি অনে এক লোক অখন আমি কচ্ছি না তারা বউত সুখি ফরে চাইর দোকান আরও খইয়ে চাইর দুকান দিনডা বালা আছে আর কিতা
/kaggle/input/regspeech12/test/test_narail_0150.wav,আমি তো খুলনায় মাসি তোমার করে বাড়ি মা বাড়ি ফায় ভুসি ওইছে পরীক্ষার ছে তো আমার এই জন্যি
/kaggle/input/regspeech12/test/test_sylhet_0302.wav,বাড়িত যাই এখ মাসো যদি আমার বাড়িত থাখা লাগে গেই সমাজ আর যেই পরিবেশ যে গ্রাম মানে আমার সাত আট বছর যেটুকু অর্জন খরছি ইটা টুকু নামাই দিবা মানুষ
/kaggle/input/regspeech12/test/test_kishoreganj_0104.wav,আর তো আইচ্ছা জিবে জিবে বিজা নতুন উদ্বিদেশ নতুন উদ্ভিদে আবার ঘরে তুলতে সাহায্য করে এভাবে পরিবেশে উদ্বিদেপানি একে পরিমানে কউদি একের পর
/kaggle/input/regspeech12/test/test_tangail_0091.wav,ওই ডা মানে রনির অইলো এক ফুলা যে ওই সব সময় খুব হাসি খুশি থাকে মানে কখনো দুঃখ পায় না ইরখম একটা সবাইরে হাসায়া নিয়া ঘুইরা বেড়ায় মানুষরে হেল্প করে আস্তে আস্তে রানি মুখা যে ভালো বন্ধু হইয়া যায়
/kaggle/input/regspeech12/test/test_rangpur_0103.wav,নিজে আর সোয়াগ আর আউট সোয়াগের কাচে টাকা সোয়াগের কাচে দিতো সোয়াগের সাতে কতা কবু আর তো কতা কইস এলা সমস্যা নাই কয়া যাইবে এল্লা তে এখন
/kaggle/input/regspeech12/test/test_rangpur_0010.wav,গাভিন এ হয় না এখনা বা কুন না তাইলে আমরা তবু যেরা আইসবার নায় তবু দেরি আসে বাবা আসি কি করবে
/kaggle/input/regspeech12/test/test_sylhet_0170.wav,বল যে ফাইন তে তিন দেখা তিন টাকা আর মাছ মাংস ছবি এখটা অবস্থা আর অইলো বন্ডা ভান্ডার খতা ওইলো কি দে
/kaggle/input/regspeech12/test/test_sylhet_0138.wav,আগে যাইবে তো দিন ডিরেট ঘরে আইলাম নে না নি তাই যায়া দে না ওই তে বেচি খাওয়ানি লাগতো নায় লাগে না তা ওই আর কিতাও নাই খয়টা বাজে সাড়ে তিনটা উইকেট তা
/kaggle/input/regspeech12/test/test_narsingdi_0041.wav,সকালে ঘুমের ছোটটা দেহি নাই মারা উছিত দুফুর বেলা যায় বিকালে যায় রাত্রে যা ইপতারি তো ওনো হেই টাইমে যায় পেরি টাইমে যায় কী একটা যে অবস্থা ফাছার কারেন্ট ডা বের তো খারাপ টাকা না ফান খাও না ফাও দি ফাচটা দিন
/kaggle/input/regspeech12/test/test_tangail_0085.wav,মানে এইল্লিগাই ছবিডা আসলে বেশি ভাল্লাগতাছে যে আপনি তারে ভালোবাসে তার পছন্দের জিনিসগুলা আপনার একসময় ভালোবাসা ওইয়া যায় তার পছন্দের জিনিসগুলা সাথে সাথে এই জাগাত তো আসলে ভালোবাসা ওরুক ছে অন্যতম মানে নিজের মধ্যে খাইছে তরটা অন্যতম একটা ই
/kaggle/input/regspeech12/test/test_barishal_0068.wav,এই যে কইছি যে শরিক ভাই ফুলের দেওয়া লাগে কথা রাইতে একটার সময় কইছে হেই সময় নাই ওইডে ছাবা নাই খাইছি হেইয়া মাঝে মাঝে ভাবি হ্যারা বা কি আর এইয়ার বা কি কইত্তা
/kaggle/input/regspeech12/test/test_sylhet_0533.wav,বিয়াত কিরন রাখতে বিয়া খরা আমার ছোট মামা ছোট মামার বিয়া তো বালা ওই যে বিয়া ঢাকার বিয়া তো ঢাখার বিয়া আর মামি ডাকাইয়া অন্যরখম জানি আমরা কি ভিন্ন লাগি আইচ্ছা তো সিলেট যেলাও তো রেওয়াজ তারার ইতা নাই সিমা
/kaggle/input/regspeech12/test/test_kishoreganj_0055.wav,বাংলা ফরি কাইড্ডা কালকে নে বাদ গা কাকা মি মনির মেথি চাচাগে জন যা এইডা এইডা তবে কি কতা ক মাইয়া কালি কাছে না
/kaggle/input/regspeech12/test/test_kishoreganj_0046.wav,না মাইয়া আমনে বিত্রে দিন আমি হ্যাঁ
/kaggle/input/regspeech12/test/test_narail_0158.wav,আমি খরচ কি কি কর মানে সুমায় মতো কত্তিছে না ও সময় যায় করবানি ওডে যদি উনারে যদি চ্যাক আপ করায়
/kaggle/input/regspeech12/test/test_narail_0039.wav,কান্তি ভালোবাসা ও দিদি মাধ্যমই অলো ওই জমি আমরা করতাম রে নিয়া যায় বাইরে ফিরে নি না কি করে করছিল না না বলে ওমরা পায় এই জাগা
/kaggle/input/regspeech12/test/test_habiganj_0106.wav,বাবু তোর সাথে আমি মাত্তা দি ওরকম খতাডা রেকর্ড করমু হ্যাঁ ফরে কিচ্ছু কসনদিগাইমু আর তুই ইগুলা আল তার দে কাছে কি তাইলে কিতা এখন আর কি কি স্কুলের কিতা খরতা স্কুল কিতা খইতাম ফরীক্কা দিতাছে কতদিন ধইরা
/kaggle/input/regspeech12/test/test_narsingdi_0020.wav,ইয়া করবি ক দেশের মানুষ হ তবে ওয়ানডে টি টোয়েন্টি খেলতে তো ইটা তো ভালো করো উপ তাইলে তো আর কিছু লাগে না টেস্টে তো আছে এহন ইবাদাত ভালো বল করতেছে
/kaggle/input/regspeech12/test/test_sylhet_0441.wav,ফারবাইন খরতায় কিন্তু খরলে খইবো আমার বাসাত তারা কিতা খরে ইটা কিন্তু আমরা নিজের বাসা ফালাইয়া আমরা ইখানো তাখা তাখরাম ইতার লাগি সুবিধার লাগি দেখি আর লাইনে এখটু ইয়ো খরো না ইখানো এখটু ফ্রি আনোইন আমার বাড়িত থাকি মানে বুইজা না তবু তাখি নি দে তো খতি খরে না খরে আমার
/kaggle/input/regspeech12/test/test_tangail_0117.wav,রাখছিলো ওই লোকটার টাকা পয়সা একটু মানে বাইত সবাই দেখি রে রাখি কতা অইলো ডরে রাইতে এত কেস যদি চুরি হয় তখন কি কি এই সবার অসাবধানতা
/kaggle/input/regspeech12/test/test_sylhet_0381.wav,বাবির র বাড়ি ওতো ফাইনাল খরি ওতো বালা আছিল না কোনবেন্ট আছিল না তাইন একটু গরি আছি তো আমার আম্মায় চাউল ডাউল টিম যতো সিজি আছে খেত ওতার ফত্তা মিলাইয়া বত্তা গরি গরি গরি গরি তারফর বাড়িত ফাটাইছোইন আর ফরীক্কার দিন আছে আমি তাই বাড়িত থাকিয়া করমু ওউ জীবনের প্রথম বাড়ি তাকি বাইর অইছি আর খেউর বার্তার থাকিয়া ফরীক্কাটা গেছি এখ তো অইলো গিয়া মাইর ফরীক্কা দেওয়াত
/kaggle/input/regspeech12/test/test_noakhali_0005.wav,এ ওই তো ছাতানি ক
/kaggle/input/regspeech12/test/test_sylhet_0758.wav,দিন খায় খরা যায় যেমন দরো জমাইতাম বাই গাইতো খরাইবো ড্র খরে মানে খরতা না খাই না খরলে কিতা ওইবো আফনারারে খওয়া ওয়
/kaggle/input/regspeech12/test/test_narail_0055.wav,এই জন্যে লাভ হইছে জানি এই জন্যে লাভ হইছে এহন যদি ভালো কোনো মিয়া মানুষ তো তালি ওগে সব জমি বাইর করি নিয়ে করতো কারণ ওই সব সব জমিরই বাবা সব জমি ঝামেলা আছে ম্যালা জমি আছে সব জাগা খালি টাহা দি থুইছে হয় কাগজ ফরায়ে দিছে কুনু নাম পত্তি পিটি মিটেতো খালি টাহা জন্যি ওরা কিছু করতি পারতিছে না ও আমাগে মাঝে ফইড়ে
/kaggle/input/regspeech12/test/test_barishal_0094.wav,চা মিটারে কি ফারি তো মাটা যহন না যে টিয়া বইলে অনেক যাও বিদেশ যে আবার বিকালে এই কাজ কাম অইলো এক বিদেশ নি হেই
/kaggle/input/regspeech12/test/test_tangail_0123.wav,আর একটা ভালো ব্যাপার দেখতে যে হিজরা সম্প্রদায় আছে তারা ও তাদেরকে মানুষ কত ছোট করে কিন্তু তারাও এইখানে বিপ্লযাকের মতো টাকা দিতে তারা তাদের হজের টাকাটা দিয়ে দিতি তো ইটা খুবই একটা ভালো উদ্যোগ আমি দেখতিছি দেশোর সব মানুষ যেখানে কন্ট্রিবিউশন
/kaggle/input/regspeech12/test/test_kishoreganj_0053.wav,আনে কয় মুন দিবো নাকি দি কতা কি দে কি ফঞ্চাইশ হাজার টেহা তো ফঞ্চাইশ হাজার টেহা ফঞ্চাশ আর দে দেম্নে দোয়ান খুজে দান দোয়ান ফিলে তো দে দেম্নে হ্যাঁ তে দেহান তো কইছি ল দেন দেন
/kaggle/input/regspeech12/test/test_rangpur_0111.wav,বাড়িত নিয়া নিয়া যায়া ইপতারি খিলাইছিল ভাত খিলাইছিল হুম ওটে যে আগে যে ছোবাইন্না আছিল ছোবাইন্নযার বাসাত আইছি তো বাইন্না ব্যাটা তো খুব করছি
/kaggle/input/regspeech12/test/test_chittagong_0009.wav,ইয়্যানর ফাওন আসন দে ন সিটা গইরতাম দে গিয়া কইত্তাম দে ছাড়া খাবার মরিরে দুই ফাতেহার নাম কাজখান মরুক ডেইলি টিকতা না ফঞ্চাশ তারিখের
/kaggle/input/regspeech12/test/test_barishal_0030.wav,বিত্তি রে আরা দিন কাম চলে অর্থে আমার মাইয়ে ভালো সুমা তারে লইয়া বাড়ি যা
/kaggle/input/regspeech12/test/test_kishoreganj_0042.wav,বাফরে আমনে কি মেলি আরকি না আমার বাইত্তা আনছি আমি সুন্দর না আমার অইলেই তো করবান্নেকি না হে
/kaggle/input/regspeech12/test/test_narsingdi_0047.wav,এবার কোনো আগুন লাগে যে খাবার বসি তাই হাডে এই বঙ্গবাজার এরফরে সিরিয়াল খেলা আগুন লাগছে তুমি নাই ছাগল লাগায় দিতাছি মুন লাগে খেলা বারো খন যায় না বই যেমনে যে থাকপো না লাগে না
/kaggle/input/regspeech12/test/test_barishal_0033.wav,না না আমি কই দেখছি দে তাকে ফরে বা কি আর থাকতাম না বিটা বা মানে না না না নি না কী করবি
/kaggle/input/regspeech12/test/test_sylhet_0542.wav,প্রায় তো আর কিচ্ছু ফাই না ফাইলটা তো তো দেখনু আচার গেছি মানে কি দুইটা ফাই কিতা রাখছে ছাদর দুইটা এক জনের বালা আছে আমি আমরার ভাইগ্য দেখি ফুলি গেলো আগে যে বাল লাগছে
/kaggle/input/regspeech12/test/test_narsingdi_0007.wav,প্লেয়ারগুলা ইকটু ভালোভাবে তৈরি করা যায় একটা এক্সপাট না দেশে ব্যাথা অন্যান্য দেশে দেখ দুইটা তিনটা কইরা লেকপা থাকে অস্ট্রলিয়া তে দেখ দাম জাম্পা তারপরে হচ্ছে মাইকেল পেস্ট এরবাদে খুব ভালো লেকপা আফগানিস্তানের তো আছে ইলেক্িনারের কয়েকটা
/kaggle/input/regspeech12/test/test_sandwip_0013.wav,কেমন আমার বাজার টাজার করে ন মনয় মাসিক ভেজালো যে তরে ডাকে না আর হিয়ার হরে তার মোবাইল কন্যা তা ব্যাটসম্যান কি কতা কতা ক না রে দিছে ই কুটি দিন দেরিং বা দিন মন
/kaggle/input/regspeech12/test/test_sylhet_0414.wav,ব্রেক পরের বাবা ইতা রাকিব রা বিয়ার বর্তি আছিলাম দ্যা তো সিলেটি রিফাত রাকিব রা ব্যাক ভোট দিয়া তো ফরে এখজন মেয়ে ওইছোইন ওয়ার ফরেও তাইনও মাইরা গেলি পরে আমার ফিলে খুব খারাপ
/kaggle/input/regspeech12/test/test_kishoreganj_0129.wav,ফার না এই নানা অঙ্গে ফুলফল নানা অংগে ফুল ফল আমার খেলা কইছে খেলাইছি না খেলাইবে ফল কুডি দে আইচ্ছা আমরা
/kaggle/input/regspeech12/test/test_narail_0124.wav,আই তোর কোনো সমস্যা করছেন না ওরে সব সময় দেখি ওর পিছনে আমি তা তো সমস্যা নে না আমি তো যেখানে যাই সেখানে মায়া বাড়ায় আছে সেখানে মানুষকে বলতে পারে না
/kaggle/input/regspeech12/test/test_sylhet_0007.wav,যা আফন খুব যত্ন দিয়া খরো না আগে তো মনো থাকলি দুইটা খতা খরো না
/kaggle/input/regspeech12/test/test_habiganj_0087.wav,মারলে খতা না না ই খতা চিনোনা করা লাগবো না ফরে তোর কেমন লাগে কুন ভ্রমণ ভাল্লাগে
/kaggle/input/regspeech12/test/test_sylhet_0360.wav,আলাদা আমার জার্নি টা অনেক মানে বড় মানুষের লগে মিশছি মিটার ফরে আমি যেটা দেখছি আসলে পেশা খও আর টেখা খও যাই খও না খেনে অংকার সুখের জন্য সংসার
/kaggle/input/regspeech12/test/test_sylhet_0279.wav,তো ওউসময় আগের মতো কিন্তু আর পোলা তাগো আয় না অখন গ্র্যাজুয়েট একটা মেয়ের লাগি নের লাইগা তার তো বাড়তে আমরা
/kaggle/input/regspeech12/test/test_narail_0184.wav,ও
/kaggle/input/regspeech12/test/test_narsingdi_0136.wav,অভিয়াসলি ভাড়া কম অইতে অইবো এই ছুডুবেলা আমি খাইবো করিছি বুজ্জস প্রধান ন হইলে পার্কে গেছি হেইবার আমি প্রথম জানছি যে পাইতাম দুলা ফাউন্ডেশন আইচ্ছা বাদে হেই সময় আমি প্রথম দানি পাচজন পারতাম না একটা পার্থক্য আমি জন্মগত বাদে
/kaggle/input/regspeech12/test/test_chittagong_0121.wav,পার্ট ভাই তুল আরে আরে লইয়ারে হা খইতে দুইবারে না বাসবো হ কি করি তো আটি ফাঁচ বাই তারা বাড়িত যাই দেন যারা তা তো বাই তাইন নি তান আস্তা কইবো তান আস্তে ওতো গইরগি
/kaggle/input/regspeech12/test/test_comilla_0014.wav,আর পুরা শরীর মানে কেমন একটা অবস্থা মুখটা ঠোটটা নাকি ফুলা বাকা অইয়া আছে তো ও যে মাথায় টাচ করছে ফড়াতে দেখে যে ওয়ার কথা বলতেছেন বান্দবী আর কথা বলতেছে ও জোরে চিলাম দিছে যে কী হইলো নুসাইবা কী হইলো করন সবে আবার আসছে
/kaggle/input/regspeech12/test/test_tangail_0049.wav,বাঘ রে খাইতে দেয় ফরে আস্তে আস্তে বাগ টারে বসে আনি বাগ তারে বসে আনি ফরে বাগ ও বুঝতে পারে যে আমার মানে বাইচে থাকার জন্য ওই মানুষের দরকার আছে
/kaggle/input/regspeech12/test/test_sylhet_0123.wav,টেস্ট আইচ্ছা আপনেও খেলতে ইনো তই না তে থাকতে ওই জাগা খেলা তা করতি তোমার বুঝতে মনো নাই দরো তুমার দশ বছর বইছি তুই তুমার দরো বাটন খা খরন লাগবো আমার একটু বুঝাইতে দরো খামার দর আমি ঢুকি গেছি কান্দে তো কেও নাই
/kaggle/input/regspeech12/test/test_narail_0177.wav,ক আগে যাবা
/kaggle/input/regspeech12/test/test_sylhet_0592.wav,না না বা দাদা ও মা ফাই জা র যে ব্যাটিং টিডান ও অয় হইছে
/kaggle/input/regspeech12/test/test_chittagong_0099.wav,তুই তো ইডা আসতাছে তারফরে তগো সমস্যা নাই এহন আঁই সাইন্সেত থাহে আল্লা পয়েন্ট অইবে বউত খামরনি তাই নেই কী অইতারে এবারে ভাবলাম সাইন্সেত বউত খম ফাইয়্যি এতারলাই না আঁই আরো
/kaggle/input/regspeech12/test/test_barishal_0077.wav,দলা পাতা আমি জায়গায় না বাত খায় না
/kaggle/input/regspeech12/test/test_narsingdi_0044.wav,ওরা বান্দা বাজ্জি ফুরাইতাছে তর বা তিন দিনের ফর চাইর দিন ফরে ই ব্যাংক দিতে ইয়া গিয়া কারেন্ট তারপরে করলে একটা আম লইয়া দে ফরে ফরি ইতা বাজি ইয়া দিয়া করলে তার তর করে তার আগুন লাইজ্ঞা যা না বা তারা যা গুনার কতা কইছি না আমার হরি দে নো মোর বইতা ইয়া ম্যায়া না কিলা
/kaggle/input/regspeech12/test/test_sandwip_0019.wav,বারোনি বইলে দিয়া গরে মেয়ে বাইত্তে পারে ন মানুষ তোমরা হরে বেশি হিয়া অতিরিক্ত অইরে দুনিয়া দারির খবর নাই একেরে আস্তে আফার আংরা বানাই খানের একটা রাস্তা বুজ্জেন সংসারে রান্দা নাই সংসারে জঙ্গল আস্তে আর ফাশে বলে সংসারে জোঙ্গালখান হোলাইনের গান দে তুলি দিন আইছলো মা হোলাইনে আছলো আবার রুজি ইরা কোনে হোলাইনের কোনো হিসাব কতা ক ছুডু কারে
/kaggle/input/regspeech12/test/test_kishoreganj_0017.wav,না বালু ডা লইয়া ফালাইল লাগে নিছে বালডা বলে লাগে একটা দিয়া কালকা বালু দিয়া বিড বালু যা আর কি বিড বালু দিয়া খালি যে খানা থুইয়া জায়গা এর লাইজ্ঞা এর লাইগা তো দেশের সব রাস্তার অবস্থা
/kaggle/input/regspeech12/test/test_tangail_0042.wav,নাকি ইক্কনোমিক একটা ক্রাস থাই হোক বন্ধ হইতেছিলো পরে তার বাবা সিদ্ধান্ত নেই যে তার ফ্যামিলি মানে এই যু সহ অন্য একটা দেশে চইলে যাবো মানে ওয়েস্ট টান কাটি হয়তো বা কুন ক জায়গায় ফরে তারা জাহাজে একটা এইসব জু
/kaggle/input/regspeech12/test/test_sandwip_0124.wav,আইয়েন আইবো পি খারে বউত কিছু শিখাইছে বিটি আমাদের বয় বিছি এক পাট কল অনকা কি কি তিকা আঁর ভাই এগুনে হরা লেখা কইত্তে তো এগিন এক্কান হড়া লেখা ফড়া লেখার মতন হড়া লেখা ন অইলে সুন্দর তাই না আমার ছেলে যে আমি আদর্শবান বানামু আমার ছেলে একের উপরে থাকি
/kaggle/input/regspeech12/test/test_kishoreganj_0045.wav,আচ্ছা তে যাইত পলা হ্যা আমার লগে দিয়া আমার লগে হ দিয়া অইবো মজার ইবে দাইরদা লইবো
/kaggle/input/regspeech12/test/test_sylhet_0034.wav,খরা অইলো করা উরা হওয়ার ফরে ছিল সন্ধ্যা একটা মানে প্রত্যেকদিন তিন দিন সন্ধ্যার সময় আর তুই খরায় সন্ধ্যা রতি তন দারাতে ফরে সন্ধ্যা রাতে প্রসাদ খাওয়া অয় আওয়ার পরে তারপরে আই শেষ অই যা
/kaggle/input/regspeech12/test/test_sylhet_0163.wav,আড়াইটা ডা এখনা দিলে তা খতো খয় বাততো আর পিরে একবার দিন হইছে
/kaggle/input/regspeech12/test/test_kishoreganj_0180.wav,কমলা বালা কলা এহন তো অলা কমলা কালা অত কমলা কালা যত কম লাগে লাগে নিরাপদ পানির জন্য বিশ মিটারে বেশি সময় লাগে বিশ মিনিটের বিশ সময় কি
/kaggle/input/regspeech12/test/test_sylhet_0721.wav,মানে তো অনেক মানুষ তো তো মাটি দেহি আমরা কষ্ট করি কষ্ট কইরা ইয়া হুম আমরার সাবে খইছি মনে খর বা ওলান না আফনারার বিয়াত তো বউত ইটা মানে নিয়ম ও মাতে তার তা ইতা
/kaggle/input/regspeech12/test/test_chittagong_0133.wav,তারফরে দেওয়াই টা হেতে নাস্তা গর গুরা খরদে ইয়ো আগে তে আল্লা তালা দে কুম রাখি দি ইতারা খই রে দুই তিন দিন টাকা কয়দিন পর তুই যেত্তে আস্তে মনে ওতি কিরে কল দিবি খুব জানি এহন আবার ফরে দে খালি বড় বেলা ন যাইগা আর যারা যাইতো হিতা খালি আল্লা খাম টাম ন ঘুইরে দে মিস্তিয়েরে
/kaggle/input/regspeech12/test/test_narsingdi_0110.wav,কিয়া করাই পাইবেন ছুডুডা সুন্দর ডান দিবা এদদুর একটা টাইপের না কলা হুতাত্তে এইটা ফরি আমি আছিলাম কিতা আমি ইটা পলিত আছোস না আফনার তার ও আচ্ছা কি আছে এইটা খরতাম ই
/kaggle/input/regspeech12/test/test_noakhali_0004.wav,ওই কি মানি দাইতাম খতাগো
/kaggle/input/regspeech12/test/test_tangail_0040.wav,বুঝ সে মানে বুঝতে ফারতো যে মানে পশু পাখি গুলার মনের অবস্থা সে ভাব তো ভাগ ও তার বন্দু হইতে পারি যদিও অনেক পশু পাখির সাতে তার একটা ছিলো কিন্তু তার বাবা এইডা
/kaggle/input/regspeech12/test/test_kishoreganj_0110.wav,অনেক গুলোশৃংখল খাদ্য শৃঙখল থাকে বাস্তব টনুষ্ঠান সকল সকল উডি ও প্রাণী কোনো ন অর্থ যে দূর ঘরর নিয়ে থাকে ব
/kaggle/input/regspeech12/test/test_sylhet_0159.wav,ইতা গো আগোর মানুষ মাইজ্জা গু মারলেও ডরাইয়া খইছোইন না বান মেইন তো আমার হউরে নিজের আছে ফাইরা ফিনচস টাইলে ইতা হি সময় আর না মুটা ইতা আর ইতা ইতা ডরাইয়া ইতা তো আছে লাগে
/kaggle/input/regspeech12/test/test_habiganj_0083.wav,দুই ভাইয়ে একজনে ব্যবসা খরোইন আর কান ফরা তাখতো না আর দা ছাড়া কিতা খরে আছোইন বালাই আর একটু আছোইন আরেকজন আমার ছাছার তাইন ওইলো গিয়া তিন বাই টাকা নাই মারা গেছোইন আর তিন বাই তিনজনই ব্যবসা খরোইন
/kaggle/input/regspeech12/test/test_sandwip_0061.wav,ও যাইবার লাই তালা গা আরকি কুতুবর খিলাইচে অইবার খাইলি কজে তিন ছোট ঠিলাইছে আরেক ছুডের কাপড় অবো গা রানি কি অইছে অনে কইরে আরে কাম্বািঠিলা লইয়া
/kaggle/input/regspeech12/test/test_sylhet_0268.wav,প্রথম ক্লাসটা ইউনিভার্সিটির প্রথম ক্লাসো আমি মিস খরি লিছি বাড়ার টেখা নাই আমার ভাই বি নায় তখন তারা করে ক্যাপ লাগা বৃষ্টি ওতা একটা অনিক্কা যে যাই ওক করে আমারে লইয়া আইছোইন আমার কান্দার লাগি ফরে লইয়া আইছোইন আইয়া
/kaggle/input/regspeech12/test/test_narail_0068.wav,চারি কিন্তু জেলা কই জেলার ভিতরে সবচেয়ে ভালো বুদ্ধিমাণ লোক আছে কেটে ঠাউর কি যায় না একটু ফরে হালিম ফারি তাই কচ্ছে যে হেলবা উনাগে ক্ষেতে ঘুরতো তো আমি কচ্ছি কি কায়দার না সে কচ্ছে ওরে বাবা ও যে কি মাল
/kaggle/input/regspeech12/test/test_narail_0153.wav,দোকানে তার বিষ্টি চরে নাই বিকেল বেলা দোকান না অনের বউ খানে বাড়ি নাই বাড়ি ও তারফরে আর শরীর ভালো আছে ন নের বর
/kaggle/input/regspeech12/test/test_sandwip_0102.wav,কুলা বাড়ি কি লাগবে কি ক অইছে যদি দেখি যারা বিকি সমস্যা দিয়া আছে যে না না অইছে না
/kaggle/input/regspeech12/test/test_tangail_0092.wav,ওই শহরে আর সবার সাথে ওয়ার একটা ভালো সম্পর্ক অইয়া যায় সবার ভালো ফুলা হিসাবে দিনে ওই শহরে একদিন রনির কাপড় হাটতেছিলো রাইতে ওই সময় দেহে যে একটা মেয়ে তাকি না মানে সুনাম কাপড় তে লুকায় লুকায় হারতাছে পরে র বিড়ি কাপড় মনে করে যে মেয়েডার আসলে বিপদ একটু সাহায্য করা
/kaggle/input/regspeech12/test/test_sylhet_0745.wav,তো গাড়ি এখ মাস ফইরা আন্দে আমরা খাই না বা
/kaggle/input/regspeech12/test/test_narail_0046.wav,সেই জাগা আইছে তোর বাবা ওই যে ওই পাশে ওই জাগা সাতে ওরা বাগি ছেলো ওই জাগার মাধ্যমে ওহনে জাগা তোগে পাবি ও ওরা ওই জাগা কিনে রাহিছে না ওই জমি সেই জমির বদলে সেহেনি পাবে
/kaggle/input/regspeech12/test/test_sandwip_0084.wav,বিশ বার্তা ইয়ার এক্কারে বিরক্ত লাগবো যেন তুলে দাও সুন্দর আজকু স্কুলে যত্ন করে ন যাইয়ে অনকা গেলে নষ্ট অইয়া বোগগা জালা আছে গরম জি
/kaggle/input/regspeech12/test/test_kishoreganj_0130.wav,নিজে কোনডা ফড়া কুনডা কিন্না ফরে যে কুনডা ফরে দি দি এই দেছে ফলে হরেকরকমে ফল এই যে হরে ক যেটে ফলে
/kaggle/input/regspeech12/test/test_sylhet_0109.wav,যে এনো বিল্ডিং ও ঠিক আছে হুম আমরা ইখানো কত বছর অইলো এনো তিন বছর যদি থাহে কানতো রাহে ইখানে মালিক কই থাহে গা এহনের মালিক দিক আছলাম সাতে
/kaggle/input/regspeech12/test/test_sylhet_0286.wav,কিন্তু তখনো চাকরি নায় এলা বাইরা খইলাম না আরেকটু কোয়ালিফাই দরকার ইতা দিয়া বুজো না তো আমি আমার মনে অইলো যে আখল আমি যে ফ্যামিলি ব্যাকগ্রাউন্ড থাকি বড়ো ওইছি আমাদের যে
/kaggle/input/regspeech12/test/test_sylhet_0527.wav,গোর্ডিং আমরা লেইট অই গেছে এখন গেছি যাইতাম ও এখন তারা হয় যে প্লেইন আছে আপনারা চলে যান এখন তারা সময় না এখন গিয়া বইছি মাত্র পঁচিশ মিনিটের রাস্তা ফরা রাস্তা তে ঢাখার ইয়ারর গিয়া খরমু হুম পঁচিশ মিনিটের যাইবে
/kaggle/input/regspeech12/test/test_chittagong_0157.wav,ও যেত্তে যাইবে না তার কি ফাঁচ মিনিট অত নাম ন আইয়া এহন আরেকজনে খরদে নাম ন আইবু খার নাম ন আইবু ওইল্লা থর তাইন নাইন পয়েন্ট খালি নাই ফারে তো দিকোই সুজিয়া সিক্সে ফতম ইয়্যান সিভি
/kaggle/input/regspeech12/test/test_sylhet_0139.wav,না কিলা ওইবো নাই এখন আফনে আফনের বাইত থাহে আরকি আফনেরা দিকাইমু আফনার আমরার দি খাইয়া যদি মাত খইন আমরার লগে বাফ খরি নাই তে আমরার লাগি সুবিদা গল্প করবা না
/kaggle/input/regspeech12/test/test_habiganj_0058.wav,টেকা মা খয় ফরে আমি তো লবন টিক ওই দিলা আমি ই লবনে তো তুই মনে মাইজে লবন দিতো তরে দিয়া দিক্কা এখন লেখতি রান্দা ই
/kaggle/input/regspeech12/test/test_sylhet_0326.wav,আকাশের জাল ফাইলে এখন জীবনে বই ফাইরতা ফায় না বই ফাইছি না না লাগতাছে আফনার প্রায় একটা কিচ্ছু লাগতো না বই কি নিয়া খরতাম ফারছি না করিয়া জীবনে আসলে আমার ফড়ার মনে অয় অর্দেকে বেশি ও থাকার ওই গেছে এখন বই কিনতাম ফারতি
/kaggle/input/regspeech12/test/test_narsingdi_0076.wav,যা আছে দে টিকটিক খাইয়ে দেছে লাগা ইয়া দিছে টিকটিক কইতে চুপ কর চিক্কর খান নাই ধরছে সত্যি বালা দিছি তো না এইডা মেয়ে তিনডা ওটা তো দুডো বেলা দুজাত
/kaggle/input/regspeech12/test/test_sandwip_0031.wav,ধান দা জিনিসটা নে না তুলনামূলক ধরো জাহিদের অনকা বউত অইছে আরও অই যাইবো বয়স হইত্তে হইত্তে বয়স হইত্তে হইত্তে আরো সংসারি ধান বা হান দি যাইবো ভিতরে বেশি করছি ইয়া বাজারে গেলে আইয়া করছিল গিয়া থাম
/kaggle/input/regspeech12/test/test_sylhet_0636.wav,বয়স টিয়া করি দে অখন তো তিনজন বিয়া দিয়া
/kaggle/input/regspeech12/test/test_sylhet_0010.wav,না টান খরিয়া কিচ্ছু না আমরা প্রধান বাড়ি কাম দর চাং বা প্রধান প্রসাদ খয় বাসে আমি দুই দিন খাওয়া অয় আরকি বই খাতা ওই ঠাকুরের খাছে বই নিবেদন দেওয়া খাতা কলম যেলা আমরা পড়াশোনা ফরা ফারে পাল
/kaggle/input/regspeech12/test/test_narail_0014.wav,তার তো জমি জাতি ভাগ আছে না সে যদি কয় যে আমার জমি জাতি ভাগ দাও সে যদি নিতি হাসে আমি তারা তো কোনো কবো না যে তুই জমি যাতির ভাগ পাবে না সে আসুক সে আসুক সে সে কোমার এনি জমি দেয় আমার ওনি জমি দেয় আমি ভাগ হ তুই তুই পারলে নিয়ে যা তোর হক আছে তুই নিয়া যাবি কিন্তু তুই এই সমস্ত কথা বলবি ক্যান
/kaggle/input/regspeech12/test/test_sandwip_0012.wav,আসতি আমরা বা না মাইয়া কী অবস্থা মাইয়া তো হেডে তাইলে গেলো কা বাতা অইছে কিছু পোলা আরে না রাইত ক এক্কানা কতা দুই সবজি অইছে মনে আতকা ফরে দিলামনা কও বাদে যাবেনে একবার যা দিছি যাইয়া বইয়া তো আইছলো বাদে না
/kaggle/input/regspeech12/test/test_narsingdi_0108.wav,হয় আমার তো এইডা ওই তাইলে সুন্দর কইরা খায় কতো মেলে বেইন্না ই নাই নাই আমার এইডারে কি বালা
/kaggle/input/regspeech12/test/test_narail_0008.wav,তা সে টাহা তো তোর মা ছাল দেই নি তা পাশে তো ছাল দিতি কলাম মাইনসে তো ছালি সরাসরি গদি কইছি মাইনসের ছওয়ালরে তো কই দেছে আমি টাহা পয়সা বাবার তিরিশ খাতা সুমন বলে এরকম কিছু কই নেই হুম নিজি কইছে আমি শুনিছি তুমি মাইনসে তো বাইরে ফোন দিছিলাম
/kaggle/input/regspeech12/test/test_sylhet_0032.wav,তো সেইম এভাবে টাক করে পূজা টাইমের ভিতরে কিন্তু আমরা পূজা খয় টিকতি বিত্রে খরতে অইবো কি তর ধরোইন দশটা টিম এখটা পঞ্জিকাত লেখা তাখে টাইম কিন্তু যায় খরতে অইবো তা শেষ ওইলে ফোন দিলি দেওয়া হুম অখন ঝুলি দেওয়ার ফরেও আমরা আবার প্রজেক্টটা খাইয়া ফোন দিলি খরি
/kaggle/input/regspeech12/test/test_sylhet_0038.wav,সবাই একসাতে যায় ওই যেন চারটা ক্যানে গিয়া সব সব হুতি একসাতে মিলিতাচোহারটা আছে না চোয়ার দক্কিণ উটের মাঝে না ফানি খরা আছে না আংগো খান অনেকে আমরা ফড়ায় টুকুর আছে
/kaggle/input/regspeech12/test/test_tangail_0077.wav,বুঝতে পারে ফরে আস্তে আস্তে হালকা হালকা নাড়া চাড়া করা শুরু করে মানে সেন্স কাজ করা শুরু করে পরে সেলিম কলেজে তারার ফর তার পক্ষের হাসপাতালের খরচ চালানো আসলে সম্ভব হইতাছে না
/kaggle/input/regspeech12/test/test_sylhet_0717.wav,মানে ইদোর কিতা মানে অর এদ্দুর বিয়া ইয়া আমরা আমরা না অনেক বারে অনেক মতো মুকটা যাই মানে ইলান ওইতো ফারতো না না কিতা ইরম কিচ্ছু কিতা তো আমরা ছান খই কুন খাই আর তো দা ইয়া আমরা
/kaggle/input/regspeech12/test/test_narsingdi_0043.wav,ধর্ম মনে ফরে তো যায় না ফরে মায় কইতাছে বাবা কারেন্ট থায়ে ওই না তো আইপিএল শান্তি এইডা কি এনা বুঝো না বাকি মাই মিশতা অনেক ঠান্ডা উফ্রে গরম দ্যাখে
/kaggle/input/regspeech12/test/test_kishoreganj_0197.wav,জুতা দে তো বাই খয় ফরে দে তো খয় খয় দে তো
/kaggle/input/regspeech12/test/test_rangpur_0024.wav,স্যারে এইরকম এর করে কাইলের বউ যেমনে এ ওপাকে যে সবাই গেইছে হয় হয় না কাছাগলডা পা দিলবো টিশি কার তা ওরে না কার কে বউয়ের আইয়া হয় না
/kaggle/input/regspeech12/test/test_sylhet_0240.wav,করি কতা ওনো নিয়া আমার বাই বর্তি ফরীক্কা দেওয়াইছে আমি বর্তি ফরীক্কা ঠিক তারফরে অনু ফর্তি খরাইতে ভর্তি খরাইয়া হের বাদে আগে ওউ যে ভাবি আইছি আমি বুঝছি ও ফিল না আমি অখনো বাইরেউ আরকি আর যাওয়া ওইছে না ওউ আমার জীবনের লাস্ট বাড়ি থাকি বাইরে আইছিলাম দুই আজার দুই সালো ফরীক্কার বাদে
/kaggle/input/regspeech12/test/test_tangail_0023.wav,কান্ট্রি গুলা অনেক শিক থাকে ওই ক্রিসমাসের সময় অনেক মানে তারার শপিং মলো যায় গলা কিনা কিন্তু কেউ কারো তখন ছিন্তো না দুইজন ই তুরা কেউ কাউরে ছিন্তো নায়
/kaggle/input/regspeech12/test/test_barishal_0089.wav,লম্বা খয় যাইবে ও ও যে খরি আর না আদা ঘন্টা হ থাকমু হেইও তিন ঘন্টা হেই দিন তুই তা খায় খায় খাবি হেনো ভাই খাইলে দিমু হুম ক
/kaggle/input/regspeech12/test/test_rangpur_0067.wav,না গো যাই দাও কিতা দা ডিম ডাইল আবার ফির ভত্তা কর্তা মাছ আতে ফোন দিয়া তো ওই ডিম ডাইল
/kaggle/input/regspeech12/test/test_sylhet_0207.wav,আর কাম পারি ওতা দেখা আর বাবি আপনি গরো তাই ফারতো আমার ইতা কাজ করা লাগতো না তো জীবনে বাবতো যেই ফুরি ইগু বাবি রাগবো বয়া বয়া খাওয়া কাজ ফারতো নায় মানে অনেখে ওতা করতা
/kaggle/input/regspeech12/test/test_narail_0144.wav,খয় মানে চা বানি শুননু যাও বানি আমার গাছে আমারে আমি ওরে ইন্ডিয়া যাওয়ার সুময় আমারে গানডা ওই যে কি
/kaggle/input/regspeech12/test/test_sylhet_0059.wav,তলা দল মারা অর ন মারে আনতো অইলে তো গাড়ি লাগে বাই তো উত্তুর ফাই ও যাইতা ফারবা এর খারণে ফরে তাই যে ফাইনা বইনে গাইরা মার খাওয়াইতো খাছে বাই দকখিনা তাকতো আমরা অনে খষ্টে রাখি গুলা খওয়ার মতো নাই আর ইতা খওয়াত লাইগলে তাই খান্দা
/kaggle/input/regspeech12/test/test_sylhet_0274.wav,তো এক্স সেমিস্টার যাওয়ার ফরে সেকেন্ড সেমিস্টারো আমার ভাই আইয়া কিলা যে প্রাইভেট পড়ায় তাইনে দেয়ার অর্থ ওইলো গিয়া ভাইনির বই কি নিয়া বা আমার চেয়ে খরছর দিয়া বাই ওটাত নিজেও তা স্টুডেন্ট
/kaggle/input/regspeech12/test/test_sylhet_0254.wav,আফনারার বইনের সুবিধার লাগি আমার বইনের অসুবিধা আমরা তৈরি না তাই যেহেতু ও আইয়ে ফরীক্কা তো বালা রেজাল্ট খরিলিছে আমরা দেখি তাই আরেকটু খরতো ফারে কি না আমরা আরেকটু দেখিলায় মানে ই ধরনের বুক দিয়া আমার বইলে লাইফটা কালা ইটা ইটা তাই টিকলে তাই ফর একটা বন্ধ অই যা
/kaggle/input/regspeech12/test/test_narail_0065.wav,ওই জমির সেই তো ওই জমি দাগে এই হেনে এট্টু পাবে ভাগে ফুতুলি ব্যাফারে সাইরা বোঝে না বোঝে আমি আগে দেখি পারবেনা পাম দাগে ওই ইট্টু ওই জমি দাগে পাঁচটা কুনডা দেই ও তালি তো ওই দাগের জমি ওই জাগা
/kaggle/input/regspeech12/test/test_sylhet_0006.wav,লাখ মানে ইটা তো আলাদা না ও দেওয়া আমরা ওটাই বন্দ তে
/kaggle/input/regspeech12/test/test_sylhet_0044.wav,তাক কলাম বার খরিলাম ইডা ফরে এমনে গরমোর বাই না আমরা এমপি নি আফনে ব্যাটির এন্ট্রি হ্যা খই তা খইন বস আছে বাসাত নি তাই
/kaggle/input/regspeech12/test/test_chittagong_0036.wav,বলি ফরিক্কার ক্লাস অইবো না খেল উঠবি ওডি আম্মা অতা আঁরে ফরিক্কা ভালা ওকগো ফোন কইল্লে আই ফোন লই দিবু খেলে আই ফোন নাই ফোনের ট্যাঙ্গাঠু কোন তাই নিয়ে সন্ধ্যা হ গোই
/kaggle/input/regspeech12/test/test_sylhet_0443.wav,নিজের বাসা নিজের বাসাত কিন্তু বাড়া টি ঢুকাইয়া আমি আমার যে তিন রুম আমিও আমার বাঁশটা বাড়া দিছি খন খন নয় আজার টেখা বাড়া নিয়া উন্নত আরো টেখা ফরাইতু নিজোর বাসোত থাকে নিজের বাস থাকি মনোর বড়ো জাল আমার জামাইর বাই বোন তাইনো বাসা বাড়া তখন তাকলাম
/kaggle/input/regspeech12/test/test_rangpur_0029.wav,কাই কিডা তোমার দাঁত একটা তো ঠিকো দিছিন হ আগে তো আগে ওটা আছিল আলাদা সকাল বেলা ভোরে মুখ ঘসতে দাঁত ঘসতে করতে বলতে বলতে যাওয়া পথে একবার সকাল বেলায়
/kaggle/input/regspeech12/test/test_narail_0096.wav,সাতে যতটা কথা হইছে তা আমার সাথে তোমার তো টা কথা কোনোদিন হয় নাই একটা উদাহরণ মনে উদাহরণডা খুবই বিসসি এবং বাজে বাজে থাকতারি তো দিতাম অহন না অইলে দিতি ঠিক আছে তাইলে দরকার নাই
/kaggle/input/regspeech12/test/test_rangpur_0122.wav,কর্তা খান না ভর্তা ডাইল শাগ পাঠা শাগ হ্যা আর শাগ হ্যা নেইস পাট শাগ আনিম হ পাট শাগের যে দাম হু হু
/kaggle/input/regspeech12/test/test_sylhet_0166.wav,আর বাড়িত কম অলো না না ছাছি মিলি ও কম ফড়িয়া ওইল্লা ফারে না ফাড়ার কুটা ইডা কম ফড়িয়া আর না ফরি কাম মোর ফন তাই
/kaggle/input/regspeech12/test/test_narsingdi_0026.wav,টানতাছে এক শান্তর দেখ কতো সুযোগ দিলো এহন যায়া ওই প্রমাণ করতে যে না ওয় পারে লিটন দাসরে দেখ কত ট্রল করলো কিন্তু এই কত এক দেড় বছরে সবচেয়ে বেশি রান লিটন দাসের বাইরের দেশে দের সাতে ফরে এহন তুলনা করাইতাছে
/kaggle/input/regspeech12/test/test_sylhet_0410.wav,বাফোর বাড়ি আত্তে বাই বোইন মা বাফ তো বাফ মারা গেছো আজকে তার বছর রইছে আর বই নাইনো তারা এখন তাখায় ও তারার ছলে ফরি গেছে তারা যাইতে গরন সবের সবাই বড়মার এখজন আছে বই বাইরে তাখো
/kaggle/input/regspeech12/test/test_narail_0040.wav,সংবাদ পাবু না না আমি ওলা একটু ক্যান মাতা বাড়ি সহকারি কাছে উরা দুই দখলের রে আরকি বিয়া দে
/kaggle/input/regspeech12/test/test_rangpur_0027.wav,ওই সত্তর খার আইছে নাকারি ঘর আছে না আমার নাকারি বলতে আরো তো থাকায় সে তো যদি ভাই আগে না আগে মরার আছিল ফির ঘরে ছাড়া যা না খালি ঘর বা অনে ক্যা ক না না দিন পর কিলা না ঢাইক্কা এগুলা
/kaggle/input/regspeech12/test/test_sylhet_0738.wav,আচ্ছা তে আফনে খইন সম্প্রতি আন কন্যা মতো দান খরোইননি ইডা মানে আত্তি অনে
/kaggle/input/regspeech12/test/test_narail_0172.wav,আছেন আছে বালো
/kaggle/input/regspeech12/test/test_tangail_0103.wav,ফির একটা লাইন আমার অন্যতম একটা ফেবারিট মুভি ওর খালি লাইন ডাড দিলেই গাই যায় সাত সালে মুভি আমি মাত্র দেশ কয়েকদিন আগে তো তো আমি যেই মুবিগুলা মানে ফরির করলাম এ মুবিনরে দেখতে পারেন
/kaggle/input/regspeech12/test/test_sandwip_0113.wav,আর হিয়া তো তুই ক মাইয়া অইয়েরে তুন কিনাই কইতাম হারি ন তো হিয়া গোল আর বিলাইয়া হোলা ইয়া না খাই না কতা অইবো হোলা দেহায় যাতে আই গেলে নতুন শান্তি লই যাইতে বাই ফুজাতে নতুন সাইটের লই বাড়ির মইদ্দে আরও বাড়ছে ব হোলা তো বেগুন লোন হে টেকা নিকি ফুডে কয় দিন বেইজ্জা কয়দিন হাইরবি বাইজ্জা আরেকদিন ওই বাইজ্জা এবার ডেঙা দিতে মাতা কতা
/kaggle/input/regspeech12/test/test_narsingdi_0003.wav,কার রাখে কারে সুযোগ দিবো এটা তো ইন্ডিয়ার মতো হয়া গেলো আর ইন্ডিয়াতে যেমন একটা প্লেয়ার একবার বসলে আর সে দলে ঢুকতেই কষ্ট হয় সব এরকম তো বাংলাদেশ ইদানিং তো ভালো কাটা না সবাই ভালো ভাবে মাঝখানে শুধু ওই আফিফ
/kaggle/input/regspeech12/test/test_tangail_0011.wav,এই সময়টা আসলে আমরা সবাই তো ইরখম একটা সময় যে আমাদের ক্যারিয়ারো ঠিক ঠাক ঠিক থাকুক আবার বাদে লাভ লাইফটা বিখ্যাত লুক যাই হোক কইন তখন একবারে জনপ্রিয়তার তুন গে কিন্তু ক্রেডিমার্কি নিজে বুঝতে পারলো মানে
/kaggle/input/regspeech12/test/test_narail_0076.wav,ওইছে তা ওনার কি ওরা তো কোনো কিছুই তো ঠিক নিছে না তল এট্টা ছল এট্টা ফাতা গাফাঘামিকুটো মাইয়ে দিয়ে মাইয়ে গেছে ছুটো হয় ছোটো মাইয়ের ওই যে ক্যান্সার ওই তো বুকি
/kaggle/input/regspeech12/test/test_kishoreganj_0165.wav,বলে না না গাছ হচ্ছে গাছ পালায় গাছপালা ইত্যাদি উপর বিন্দুবিন্দু জমি থাকা পানি বা কৃষি পানি বা কি কি বালা সকাল হুনছি মেতা না দি
/kaggle/input/regspeech12/test/test_tangail_0048.wav,ওই তো মানে ইয়ো করতে পারি হিংস্র হইয়ে যাইতে পারি ফরে এরকম করতে করতে পীরফানখান রাইতে থাকা অনেক টেকনিক দিকে ওউ মার্ক নিয়ে সাগর থিকা মাছ ধরে ওই মার্ক নিয়ে
/kaggle/input/regspeech12/test/test_narsingdi_0085.wav,আমি সব কোটের মদ্যে বাইত বাবা ঘুমায় হুনছ না ফরে একচুয়ালি মনে অইলো ইদের দিন কেনো প্ল্যান কেমনে ইদের দিন তো বাপ মায় কোনো ফাই লইয়া যাইতো ছান আবার আমরা দুইডা কুনু যাবি বাই ফাঁচজন আর কই জাগা
/kaggle/input/regspeech12/test/test_chittagong_0001.wav,বাড়িত তো এইরকম খইর দি ইটা আইলে ন মাছ হিয়ার ফারে না তো গিয়া গরিয়েরে এক্কানা একশন থিকা এগারো তো অনেকে দেহিলি মাতন ফরের এক্কানা বেরাই দরন ফরের খারণ
/kaggle/input/regspeech12/test/test_sylhet_0448.wav,তো তারার ফ্যাক না করে না না খালি ই বেডি তারা কিতা না আমার আমার মাত মানে আমি তাখোই টা কিতা না তারফরে আমার একটু টাইম না আর আমি এক লাখ না মানে না খেলা দেখতাম নায়
/kaggle/input/regspeech12/test/test_tangail_0109.wav,তার বোনের লেহেঙ্গা যাই গা যায় না কিন্তু ওইটা খবর দেখি নাই এখন ফেসবুকে দেখতে মা কতটুক বিশ্বাস যোগ ওটা বলতে ফারি কি দে কি মনে হয় যে ইদের আগে ইখানো আগুন লাগে সবসময় কতা পারে
/kaggle/input/regspeech12/test/test_sylhet_0306.wav,বাদে ওউ তাইন সিলেট রাখার ইয়ো দিলা আমি তো উচ্চ আছি আমার এখন টার্গেট ওইলো গিয়া খরি হোস্টেল থেকি তাইনোর বার্তাত যাইমু ইসময় অইলো কুরবানির ইডা গেছি বাড়িত বাড়িত যাওয়ার ফরে
/kaggle/input/regspeech12/test/test_narsingdi_0089.wav,দরজা লাগা বি বাড়ি প্রচুর কও বেশি দরলাম না দরজা বানলে লাগায় জানলে লাগাইয়া উপকার ফাওয়া যায় কিছু কবি থাকি দে জানলা বইন জানে লাগাইছি এই জামা ফাডাইয়া চিল্লাইবো না অইলাম অনেক ডরে কইরা কইরা কইরা করে যে না যে ইয়া গার্ড মানি শুরু করবে
/kaggle/input/regspeech12/test/test_tangail_0097.wav,কি না ক কি না ওই রবি কাপড় হওয়ার ফ্রেন্ড হিসাবে দেয় সবসময় কিনা তা আশা তারে না হতাত একদিন ইমান আসে তো কিনারে ইমানে কতা দিছিলো যে বীজ দে ইখানেই আসবো ওইখানে একটা বীজ আছে
/kaggle/input/regspeech12/test/test_sandwip_0049.wav,আইচ্ছা ওই ইন্দি তা হরে না তোমার কাছের বুট আমার ইতা
/kaggle/input/regspeech12/test/test_kishoreganj_0177.wav,তোর লাল রেট ওয়ান তো কল মজা খালা অরে যত কম না কার অরে যত্তো কম না খালা যত কম না তরে কমে না খালা ওত্তো ককলা খালা
/kaggle/input/regspeech12/test/test_narail_0138.wav,আগে তো ইউরোপ ইউরোপের কোনো একটা হিসাব পাঠাবে সেডা বলে ইউরোপে না যাতি পারি শান্তি নাই দুবাই গিয়া তে মাস গেলে ওই দুই লাখ টাকা বেতন আসবে থাক থেকে আট লাখ টাকা খরচ হবে যেতে
/kaggle/input/regspeech12/test/test_comilla_0019.wav,কেউ না কেউ ছিলো কারণ ধুল নাতা আমরা যখনই যাইর মানে এক মিনিটের জন্য ফ্রি থাকে না বাচ্চারা সবাই কারা কার করি কের পর কেউ উঠবে এহন কারেন্টের সবটা কোন মুহূর্তে লাগে আবার রোহিত যখন যাইয়া ওরা স্পর্শ করলো যদি ওরা কারেন্টের ইয়া থাকতো তাইলে তো রুহিরেও কারেন্টের শর্ট করতে কারেন্টের শট করায় নাই
/kaggle/input/regspeech12/test/test_sandwip_0008.wav,হ্যা তাইলে তালি হাটতে জিরো কত্তো ভাবি আ দে মিমা ভাবি আমার গান এট্টু কথা কবো ভাই মোবাইল ইল্লা আইছে লাগছে গেছেগা আছোইন একবার লই গেছে ক ক চা সন ওইরে গেছে বা
/kaggle/input/regspeech12/test/test_habiganj_0014.wav,বড়ডা মিলার তো বদ্র ওই দেয় আগে থাকো কি ইডা মাত্তো মাইত্তে নাই থাকে তান যদি করার ফরে এইডা আমরা দো হিন্দারে মানি
/kaggle/input/regspeech12/test/test_sandwip_0081.wav,মাইয়া আর কি ইকটু না ভাবি আরেকজন অইছে আর খাওন লাইগবে ন অর ভাই কইরা ফরি গেছে চা নাই বিত্তি কিচ্ছু দেখবো চা না আমার দিন নাম
/kaggle/input/regspeech12/test/test_kishoreganj_0195.wav,কিতা নো টিতা নো এতো অনেক বাত খুলো গালি ফরিক্কা দিলাম দে ক বা তা আর বান ঘুইরে বিল ক ক বা তা আর মাস গুরা কি অন ক
/kaggle/input/regspeech12/test/test_habiganj_0017.wav,কেডা যে তো ছাইন বেডা বেডা ফন্ডো দিন ফর ফর তিন ফুলার হি আল্লায় ইটা অয় রেকর্ড গ্রামো মা মাইনষে ব্যাংকো টেখা তো ফড়া বেডা দি পোলাতো বাড়িত লাইছে বাসাত
/kaggle/input/regspeech12/test/test_sylhet_0215.wav,যে প্রায় ফার্মোর মাঝে প্রচুর ও পুরুষ্নুক আছিল যারা চাকরি খরতো বিবিন্ন লেবেলের চাকরি তারা আর ধরো ফুট চাকরি খরতা ইস্কুলো চাখরি খরতো বা বাড়ি কিন্তু মহিলারা দেখলাম যে কি চাকরি জিরায় ভাউ কও ভাজা আমার
/kaggle/input/regspeech12/test/test_chittagong_0066.wav,হ ফাইয়ুস না কিছু হ খাই তো তি হাইয়ুস ইদের টি বৃষ্টি ফরের না বৃষ্টি আইয়েরে ন এগলা গরি আছে ও
/kaggle/input/regspeech12/test/test_barishal_0027.wav,এই এক ফির ওইতাম করছে মোর পোলারে তুমার মাথায় মুই মনে কর মাথা আর দিছি পোলা যে বাইত্তে আছে এহন দুই ফিরে এক ফির মি গেছে এই দুই ফিরি ডা একশো ডে ছাড়াই দিছে না খাওয়াইছে ওই ম্যাডামে দিছি ওরা দিছে মাছছে
/kaggle/input/regspeech12/test/test_comilla_0028.wav,যেদিন মারা গেছে ওইদিনে ইউনি ম্যাডামের সাথে উনি বলতে যে আমার মেয়ে তো চলে গেছে এখন এটা আমি আরো উপরে কোনও অভিযোগ রাখতে চাই না এরকম বইলা উনি আর কোনো একটা তদন্তের জন্য বা অভিযোগ খাতিরে বা কোনো কিছু ইয়া করেন রাখে নাই
/kaggle/input/regspeech12/test/test_tangail_0072.wav,এরম চলতে তে প্রায় এক বছর করুন দা আর চাকরির প্রতি অর ঘুষ নাই মানে সব সময়ই কেমনে ওই শিউলিরে যাবো কেমনে সাথে কথা কবো কেমনে সিনিয়াস এরকম ভাবে আরকি অনলাইন চলতাছি
/kaggle/input/regspeech12/test/test_tangail_0009.wav,আগায় যাইতে থাকে তারা বড় বড় ডিল করতে থাকে নতুন নতুন নাম্বার করতে থাকে কইনে একেক পৃথিবীর বেঞ্চ যেটা থাকে একেক পৃথিবীর বিবিন্ন দেশে কনসার্ট করতে থাকে
/kaggle/input/regspeech12/test/test_chittagong_0058.wav,হ্যালো কেন আছু এইতো ভালা আছি কান ছয় এই তো ভালা কি অবে এহন আঁই এখন বই আছি তুই কী রয় আইয়া বই আছি
/kaggle/input/regspeech12/test/test_barishal_0017.wav,এহন আপনে গুলা খায় না হেই খায় কি ওইটুক বসে খাইবে কী কন তাইলে মাই আর হে পাহে খাওয়ানের চেষ্টা করতে হইবে আর আমার ওই হোম মিনিস্টার খুব চালো তে আজকের বেলায় না খাবে ভাত খাওয়া বাই না
/kaggle/input/regspeech12/test/test_sylhet_0106.wav,বুইত্তা লাইজ্ঞা যাই কুনু বাইতো আমার কুছতা নাই এর কাম করি খেত কইরা খরতা অহন বেক্কান থাহে দে না আমি গরো বার আরকি দেকবি ঘর বাড়া দোকান বা কি দুইডা জিনিসের লাইজ্ঞা মার্কেট আই ফারতাছি না
/kaggle/input/regspeech12/test/test_sylhet_0616.wav,আর আর নু হা ওতো মজনু আংকেলে মেয়া টুটা হুম মন আঙ্কেলের বলে ফরে গেলো হুনছি বিয়ানি বাজার বলে আমরা ঢাখাত আছে তা আঙ্কেলের যে পাও বানছি জানছি ও অয় এহন প্যান্ট কিতা খরছে না কেলা কেলা মানি
/kaggle/input/regspeech12/test/test_sylhet_0503.wav,ইগু দুনিয়া ফালাইয়া না আমি জুন খালি দাইয়া তরে আর এগুন তো বাসাত লইয়া যে ইরাম না মা তুইল্লাও না পরে বাবা থাকবো তা না তাইলে আমি এখন তো ইয়া গান মায়া খরে ফানি ইয়া কি তে ইয়ো বিটা হাইবো তুমি বালা লাই খরিয়া খরলাম আর
/kaggle/input/regspeech12/test/test_sylhet_0421.wav,মানে মানে আমি বড়ো থাকি মানে যে আমি ফারমু লইয়া আর এর আগে দুইবার ভুলবা ফর খরছে আমারে ডাকাতি বারো ঘন্টা বারো ঘন্টা পান খরছে কিন্তু ভুলবা তা
/kaggle/input/regspeech12/test/test_tangail_0100.wav,ইটা বুঝা যায় মানে এডা কি এইডা এখলে অনেক সুন্দর একটা লাভ ওয়ান তো এই ছবি থাকবা লাস্টের দুইটা লাইন মানে লাস্টের ধইরা লাইন আছে খুব
/kaggle/input/regspeech12/test/test_sylhet_0082.wav,বেরি আরা কিলা না ওতো দিন ধরি আরকি করি বানা না এমনে ইলা কইরা এমনে ঠিক ঠাক বালা এম্নে বালা লাগছে আমনে যাতির খতা না তবে আইতে ওইলো এখন অলা আছে বাড়ি খই জান খইছলা বাড়ি অইলো খেলাইলে আমি ওইলে তো আমার এক বান্ধবী আছে
/kaggle/input/regspeech12/test/test_sandwip_0109.wav,হেতে হোলা সাতে দেখতে দেয় তাই ওগুনের দেই ন শাহেদ বিয়া দেখতি না হেইতে অন্য অন্য মাস্টার গাইল এরকম চা হোলারে দেখের বইয়া কি হেতে লাই আর করাইতে অইবো একদম মানি চা র ভিডিও ইয়া হরে ক
/kaggle/input/regspeech12/test/test_kishoreganj_0152.wav,বা বিয়ে দেহা বাই মতো পরে দেহে প্রায় ন বাগ পানির গা দেহে প্রায় বানায়
/kaggle/input/regspeech12/test/test_narsingdi_0035.wav,অন অইছে একশো চল্লিশ টাকা অনের দাম বাইরা গেছেগা তক বারো দাম বাড়ছে কাপের দাম বাড়তি ইনো একবারে দাম পাঁচটা এবার তু ফাচটা অনেক কিছু মনে একবার আনতাম গেলে অনেক
/kaggle/input/regspeech12/test/test_sylhet_0476.wav,মার নানি ডাইভার তো সাস্ক্রিপ্ট ঠিক নাই সারাটা দিন খয় টেখা ফায় না খয় টেখা রুজি খরি ধন খইয়া একদিন আগে ই টেখা ফাওয়ার বিজে ইলা নাই যে বাইরে আমরা ওলা খইয়া না বালা খইয়া না আমরা ওখানো না মোহাম্মদ বেশি
/kaggle/input/regspeech12/test/test_sylhet_0084.wav,তাইর লগে মা তো বেশি তাইন আমার অনেক কষ্টে কিন্তু আমার খারণে তাইর ফড়াডা নষ্ট আমি মানি খারণ তাইর মা এমন বিশ্বাস আছে আমার উপ্রে আমি যেদিন বর্তি ওইতে তাই বর্তি ওই আমি যদি না ওইতে তাই ফড়তো তাই আমার বাবার একটু পাও ভাঙ্গি গেছে এখন আমার ভাইয়ে মাত্র মার বইনের বিয়া ওইছে আমার বর্তি সময় বাবারো পাও ভাঙে কতা ফারে নে বাই আর কুনু খেইয়া খরতা ফারোইন এখলা তো ভাই ইতা আমারে পড়া বন্ধ খরে কাগে পরে করবা ফড়ার খাম নাই
/kaggle/input/regspeech12/test/test_habiganj_0069.wav,হায়ার আলী বদ্র না যে দুইটা বদ্র নাছা কোন দিগে ওইডা অইলো গিয়া কিতা করে ইডা অনকা সেন্টার তে না অনে সেন্টারে পারো ও একটা নামতে না দেখি দে ওই যে
/kaggle/input/regspeech12/test/test_sandwip_0089.wav,না ও না কি অবস্তা অহন আবার কয় যে বাইত কি সুস্ত কি লেগে অন পাইছে তাইলে দুইটা অইলো কিবা পেন্ট
/kaggle/input/regspeech12/test/test_sylhet_0318.wav,কলা টসুখ আমার নিজের যেগুলা বারবার ওতা আছিল সিঙ্গেল লাইফে সিঙ্গেল লাইফের ওতা আনিয়া কোন জাগা লাইফ শুরু খরছি মানে বাফের বাড়ি তে কেও কিচ্চু দেওয়া ওই খেলা ক্লকের বাড়ি তাকিও কিচ্চু দেওয়া ওইছে না দুইজনও মানে ছাত্রর মতো অবস্থা
/kaggle/input/regspeech12/test/test_barishal_0029.wav,না না কয় না দেখা আরেকবার আরলাম না টান পিসা ঠিক অইছিলাম ধানের ফ্যারার একদিন গা আমারে কবি দিন সাব যে আরো তিকা আমার কথা আর আমি খেয়াল করি আমি না আবার কাইলকে আনছি পর
/kaggle/input/regspeech12/test/test_kishoreganj_0041.wav,হেয়া উঠি না হ্যা এই নিয়া আমার ছা
/kaggle/input/regspeech12/test/test_kishoreganj_0168.wav,বাপ থেকে বলে বাসা থেকে বললে পরিনত ওয়া কে বনবন উন্নত হকে কে গিব মতো আমি না না লিমা ডাক পালা ওকে গরি বাসে লাগে তে পর্যন্ত অকে বাসা থিকা পর্যন্ত হ কে গরি
/kaggle/input/regspeech12/test/test_kishoreganj_0061.wav,ফরে বাত গেছে আর হুদাতে না হইবে বড্ডা গা খুইড্ডা এই তর তর বা তোর বারা আমার বরা দিয়া হইয়া দিয়ে তর ফিরে তর বাপ তো বিতর বা তর বাফে তর ফারে না আগে মন উটি অইলে
/kaggle/input/regspeech12/test/test_kishoreganj_0016.wav,ও এরফরে হেই রাস্তা যেন যেটা মনো এইডা ওইতাছে চলতাছে মানে করতা আমি কইছি যে ইদ বারেত্তে আড্ডা যাতে এই রাস্তা কইরা লাবডা কি তরে ইয়া হাইট্টা লাগা দুই তিন না ভালো দে ভালো অইলে অইবো বেটার দুই লাম বাই হরে দুইলা ইলা কত কত দিছে না বালো হ্যাঁ তানাত ভালো দিছে না
/kaggle/input/regspeech12/test/test_habiganj_0067.wav,ধান থাইকলে টিকই বাসাত চেঞ্জ অয় না যেমন টিকেটে আলাদা একটা বাসা একটা টান কিতা আইচ্ছা আমাদের হবিগঞ্জ হবিগঞ্জোর দা প্রাইভেট হসপিটাল খয়টা আছে যেনো
/kaggle/input/regspeech12/test/test_kishoreganj_0118.wav,ব্যাংকে দেহা যা ফাল মারে দে জালা ফারি এমনে গাছ একবার ধান খাইবো ব্যাংক কালা দে ফালা ফালা জালা ভাঙে দি না কি ব্যাংকের ফাল মালা ফাল মারা কি কা এই গাছ ফুরিন কা গাছ ফাংকা ই কা গাছ কা আগে আবার এই গাছ সুরিয়া কেলা ব্যাক ভাঙ্গে ব্যাঙের কা কেলা পাছে বেঙ্গাকা কেলা তারফরে এভাবে খাইদ্য সিঙ্গেল এইভাবে খাদ্য শিবা নিতে কোন খাদ্য শিকলে স্টিকার যে যে বুইজ্জা পাবা
/kaggle/input/regspeech12/test/test_sandwip_0009.wav,এদিক কেলার কবানি তার বুজান তো কি কইতে হাইরবো ভালা কী অবস্থা ভালা নি তা তোর ব্যাকে যায়াই টান দিলি খর দে দিব
/kaggle/input/regspeech12/test/test_sylhet_0206.wav,তেরো চৌদ্দ বছর অই গেলে তারার গ্রামোর মানুষ তারও বিয়ার লাগি তো মানুষ খইন্না দেখা তাই খইন্না দেখাত আইলে তে খইন্না ফিটিয়া হাডি তাই মান যাইতা ফারোইননি তে গোর লেখতা ফারোইন নি তে
/kaggle/input/regspeech12/test/test_sylhet_0692.wav,খেলা দুলা কিতা বড় খতা কাহিনী দেখা দান খরতাম ওইতো না বাইত কি জাগা দুইটা অখন তো ফাইতাম কে বাই বিটা তখন তো অন ফার্টি আছে তো বাবা অইলো খম আছিল আমরা তো খেলা দুলাও খরতাম দেখি লয় যাওয়ার সময় তো গিছি তো খেলা দুলা খরতায় খাইতাছি মতো বা
/kaggle/input/regspeech12/test/test_kishoreganj_0179.wav,যে মিনি দিস না অতা কমলা অলে কমলা গাল তে কমলা কালা কমলা কালা তুমি যে বিতরে বিচ বিচার আল্লাহ
/kaggle/input/regspeech12/test/test_tangail_0089.wav,কমপ্লিট বা কেউ নাই এই ছবিতো আরেকটা বিষয় অইছে এই ছবিটা আসলে মানুষ তেমন নাই খুব অল্প মানুষ নিয়ে সুবিধা মানে মেগ করাইছে আপনি পুরা ছবি দেখলেও মানে হাতে গুন মানে দশ জনের মনে হয় কম মানুষরে নিয়ে সুবিধা মানুষ
/kaggle/input/regspeech12/test/test_kishoreganj_0087.wav,ছুডু না আলি খাইয়া থাকে না হেডি খাইতে মিষ্টি লাগে কেমুন লাগে খাইতে তই যাইবে খেলায় লাগে অহন বিশ ইয়া কি না কয়
/kaggle/input/regspeech12/test/test_kishoreganj_0025.wav,ঘুরতে করতে হয় জানি আর আমার তো একটা আইডি কাডের লাইজ্ঞা তো অনে ঘুরতাছি সংসদের লাইজ্ঞা পুষ্টি বিশেষ লক্ষ্য তে ফান দিয়া এমুন ভুলি কয় আমি সব কইরে সুন্দর যা এইডা বুলে এই জাগাত ব্যবসার বুজ্জুইন
/kaggle/input/regspeech12/test/test_chittagong_0062.wav,রবি এহন দে তোমার অইলে দিছে ফার ন দিতা তুমি লম্বা অইবু যে না অইলে তুই কলেজের মদ্যে তে ন ফারি ভিতর ও আই তো ঘন্টা হাট ক্যাং
/kaggle/input/regspeech12/test/test_chittagong_0152.wav,আনিয়া দিবো রানছি রে হর তো অনে কেমনে তো মানে আঁর বালা না তার দা ঢুইক্কা ছিনে অনে গিয়ে না ক্যানরে হ চান্দা ফরায়দে গেই এরতুন ধইরাদে গেই
/kaggle/input/regspeech12/test/test_tangail_0024.wav,তারপর দুইজনে আবার একই সাথে গলা পছন্দ করে যেডার আর কুনু কপি নাই মানে জান বলতেছে ছাড়া সারাদিন সারা বলতেছে যে অ্যা তান যেনি কথা তুলতে ছলতে এস
/kaggle/input/regspeech12/test/test_sylhet_0713.wav,কুন আলাদা তে এমপি কইরা দিতো মানে না আফনারা করছিন করাইয়া আমরা আমরা আমরা লাগব
/kaggle/input/regspeech12/test/test_narail_0034.wav,উনি যদি নি পারে পাট্টি কতা ক আর পরে এলা ফারিআমার ফাওয়ার দরকার নাই ওরা না তালি তাই না হ কেউ চাকরিডা পাইস না কি তো আই দরদি হা উরা দলিল কত্তি না তার বেটিরে
/kaggle/input/regspeech12/test/test_habiganj_0012.wav,আমি আজকে মানুষের মাঝে একটা খামড় দিয়া সেইডা বেটা অবস্থা এলা গেছে বাই খামু লাগে না
/kaggle/input/regspeech12/test/test_barishal_0081.wav,চলরে সবার তো এই কি করছে ইয়া দি কষ্টের লই গেছে না তারা কষ্ট জিরা হেগো আবার ঠান্ডা কানে পাও অইবো হেই মোর কথা কইয়া হইলে গ্যালে হেইয়া আরা দিন দুই দিন থেকে ওই তো বাজান দিলে হেগো না
/kaggle/input/regspeech12/test/test_sylhet_0179.wav,ফর তো রকম টাকা আছে কিতা উঠি আসি খয় ইতা বউত সমে কতা ক বড়ো ইনকামও বড় বুচ্ছে আল্লাহর রহমত কয় কেমনে চালাইন আরকি
/kaggle/input/regspeech12/test/test_kishoreganj_0008.wav,হ তা আমি প্যাক ক দমল্যাক
/kaggle/input/regspeech12/test/test_sylhet_0509.wav,আমার বাই ইয়ে খারো তো আমার বেগ মানে ই টেখা না ফাওয়ার আগেও কতো আমরা টেখা আমরা বাফে টেহা ফাইতে ইখান বুঝরায়নি আব্বা খইয়ার আগে আমার আব্বু খইছি না ইতা খতো টি ফাইতাছে ইনো ট্যাহা খান না খইরা আফনারা সাতে কি মিল আছে আমরাও ভাই গর বউত আমার ফরে গো আমার আব্বা তখন ছাখরি থাখা খরতেও টিন
/kaggle/input/regspeech12/test/test_sylhet_0491.wav,তখন যে বাবা ইনো দেইখ্যা মেডামে মাতার মাঝে আত ইয়া দিয়া সুন্দর খর বাবা তুমার কিচ্ছু ওইতো না তুমি তো
/kaggle/input/regspeech12/test/test_habiganj_0081.wav,তুরা মারা গেছোইন খয়েকদিন আকে খালি তাইনের গুম না ওইতে মারা যাওয়ার আগে এরফর তাইনের কিতা প্যাটের মইদ্দে কিতা খালি ঘুম ওইতো খাইতে বাবা ফনেরো দিন ফরে দা তাইনের লবার গান কার
/kaggle/input/regspeech12/test/test_narsingdi_0029.wav,দেখা যাক কী অয় স্বপ্ন তো ভাই সবাই দেখে বুঝছো এহন সবাই স্বপ্ন তো সত্যি অয় না টিম আছে বারোটা চতুটা টিম আছে সবাই তো যাইবে যে বিশ্বকাপ জিতু কিন্তু ওই তো জিতবে তো যাইয়া একজন দুইটা টিম ফাইনাল খেলবে
/kaggle/input/regspeech12/test/test_rangpur_0079.wav,এক কিন দিবাইন বি থাকপে না মাত বেগুন আলু কালাইর বরা ভাজমো দুইটা
/kaggle/input/regspeech12/test/test_narsingdi_0008.wav,ইন্ডিয়াতে দেখ এই চাহালরবিবিষ্নয় রাহুল তে তো ওরেও তো আছে ওরা ভালো লক্ষ্মী নয় বাংলাদেশে একটা অলক ফরে না কয়দিন আগে পিসা নিল কিন্তু
/kaggle/input/regspeech12/test/test_sylhet_0349.wav,ওখনো তাখে খরছি ব্রাহ্মণবাড়িয়া মহিলা কলেজো তিন মাস তখন আমার লাখ খুব বালা জনি আল্লায় আমারে প্রতিটা দাফে থাকে খুব সহযোগিতা খরছোইন আল্লার খাছে তাইতি পাই
/kaggle/input/regspeech12/test/test_sylhet_0664.wav,ছেলের ঘরো নাতি ডাক্তার ফরছে ডাক পাড়াইছে এখন আরও পরে খারি ও বড় মেয়ের ঘরো না তে এগু প্রায় স্যার পড়ি না পরে স্যার অইছোইন খানা ঘাট খেলা কত
/kaggle/input/regspeech12/test/test_sylhet_0395.wav,আনতে খতো বছর ধইরা আছলা আমি এনো সাদির বলতে আমরা নিজের বাসা বাণিজ্য ঢুইকছি আমি এইনো বালা তাখরাম আর ইনো কিতা আর তুন আমার সাদি ফরো তেরো বছর আর ওউ দুই মাসের ইতা এই জাগাত আইছি এটা কেমন বাল্লাগতো
/kaggle/input/regspeech12/test/test_narail_0048.wav,বাক সে আনি পাবে তোর বাবা হইছো আনে বড় বড় খইয়ার ইস্কুল পাবেনে আনছো খইয়া তো অন্যরকম আমাগে দিপু মাঠে খাটিছে আমাগে রাস্তার কলেরতে আনে আমার কতা কুমোদিনি আমি কিচ্ছু কি ইয়া তো চাইর পাচ দিন আগে
/kaggle/input/regspeech12/test/test_rangpur_0028.wav,এর আমার একটা কপি মনে অর দে কি এই পাশ দিয়ে গেছি গেইসে ঢেলবাড়ি ন বু ভুই দিয়া দিয়া বেতা তে তোমার নানির ফতেয়া অদ্ধেক খাইসে আর অদ্ধেক গুলার হোলা করি আইসে এখনা গরি পরে ফির পাতি এখনা গুরি
/kaggle/input/regspeech12/test/test_narsingdi_0057.wav,ফায়ার দিলে আমি অনেক বালা তে দ্বীপ দ্বীপ বরাবর আমিও ছিলো ফরে কাকা কেমনে জানি উঠলো হেয় দিপন হদ্দে কতা কইবো আমার তে বালা যার একটা না রিস্তা
/kaggle/input/regspeech12/test/test_narail_0072.wav,ও বাড়ির কাহিনী জানো না ওই বাড়িও গে না ওর বাপ ওই দখল কইরে নিয়ে নেছে ওই বাড়ি হচ্ছে তা থাকলে আমার মনে ওই যে লাইট মার খারে দিলি টিলিফাছে না আর মায়া টাহা থাহে না ই করে
/kaggle/input/regspeech12/test/test_habiganj_0027.wav,তারফরে যে আমি আমি কেরে হয় কুন সপ্তা লাগে
/kaggle/input/regspeech12/test/test_comilla_0004.wav,প্রতিদিনের মতো ওইদিনও রুহিকি নিয়া আমি ইস্কুলে গিয়ে ছিলাম ও সবসময় আমি বাসা থাইকা ইস্কুলটা দশ মিনিটের দূরুত্ব দশ মিনিট না ছয় সাত মিনিট আমার বাসা থেইকা রসুল দূরুত্ব তাও আমি ওরে দিয়া যাই আমার মতো সব মায়েরে তাদের ছেলে মেয়ে দেকে দেখা যায় গেইট পর্যন্ত দিয়া আসে
/kaggle/input/regspeech12/test/test_sylhet_0120.wav,ও দোকানো হারায় বাইয়ের ন আপনে ইখানো দোকানো খাম খডে ই বললো বন্দ এখন তাইতানি খমতেনিন না বলতে তনি ফরে না একটা বুঝে অখন বুঝো বাইরে মাদে ঠাক দিলায় কিলা কি জাগা ছার লায় ওমাগো একটা হুজুর রাখলো
/kaggle/input/regspeech12/test/test_narsingdi_0018.wav,ইয়া বলমু বল আসলে যারা চৌদ্দ কোনো বছর দইরা টিমডা ছাবি দিতাছে হেরা এহনে খেলতে চায় আর হেরা আহমদ নতুন পাঁচ ছয় বছর ধইরা খেইল্লা এই কয় অবস্থ
/kaggle/input/regspeech12/test/test_sandwip_0034.wav,আই কই এগিন হিয়ার রাতে উডান ক হিয়া গিয়া হেগিন কুইটবেল্লাই কি বয় রইছইন হিয়া বাইছাব হেগিন হালাইতে আনি দিয়ার ফেরা হ্যা আনি দিয়া খেলাইছে নি বাইছে হিয়া অবস্থা করিয়া গই তাইলে
/kaggle/input/regspeech12/test/test_narsingdi_0129.wav,তো ওই যে আমার যেটা কিন্না দিছে গা ওইডা ইয়ার ইতা কি বইন এডার হেইডা সেইম জিনিস কিন্তু আমি কমু মাসেত্তে মাই তিনডা বেশি ভালো কম কারন হেডে প্রেগ্রেন্স ফরিকমারতো আমার তো মানে কী কয় তর তো মানে এতো পার করলে কারনে
/kaggle/input/regspeech12/test/test_rangpur_0056.wav,হে কত বলে দেছে বলে কাইটে বলে কি রকম না হ হ হ ফেসবুকে জনে দিছে এটা কি ওই যে তারার এই জন্য পাওয়া হইছে না এইটাই আপনারে এটা হইলো সামনে দুর্ভোগ দেখা দিবে তার এট্টা লক্ষণ করি ক
/kaggle/input/regspeech12/test/test_kishoreganj_0097.wav,দিমু না পরিবারটা বাত্তা আছে আও বাতা হ্যাঁ গাছ গালা নাই গাছ নানি না গাছ তান যদি না না গাইল যে ফানি কইরা যা ইতা নি না হ্যাঁ আমারে হে দুকনা আমার টেকা অইলো গি আমরা গ্যাদা
/kaggle/input/regspeech12/test/test_barishal_0099.wav,হয় মোর অইলো জীবনে কতো বুদা এ আর ভিডিও খাও দু হ হে পর কাবার পাঁচ কেজি আমার দশ কেজি আমার কাইট্টা কি জানো কাম তা রাহে
/kaggle/input/regspeech12/test/test_sylhet_0238.wav,আর বড় ভাই তো খই খইলা এর আগে আমার আব্বাও মারা গেছোইন বড় ভাই তো খই খইলা যে যেহেতু আব্বা নাই আর এখন যদি আমরা তাইরে বিয়া দিলাই আর তাই যুদি
/kaggle/input/regspeech12/test/test_kishoreganj_0109.wav,হলো খাদ্য ছিনাল সবুর ওই ভীর থেকে এই প্রতিটি খাদ্য খাদ্য জাত যে কোনো বাস্তব সংসার অনেকগুলো অনেকগুলা
/kaggle/input/regspeech12/test/test_kishoreganj_0193.wav,বউকে কি প্লে কিতা লেখছি তা ও তো নি হুম ইন্দিও এইডা অত অন যে কিতা আর সে লন্ডনো
/kaggle/input/regspeech12/test/test_narail_0013.wav,আমি তোর তোর ওর কোনো কোনো খারাপ কথা কইয়ে বেডায় আমি কিরাম জানি আমি কোনো টাকা যে আমি কোনো সুমায় তুলি না আমি তোর আমি তুলি না যে ভাই তুই ভালো থাকলি ভালো থাক খারাপ দিলে যার জন্যি টাহা পাঠানোর কতা সে গেছে মইরে টাহা তো আমি কি বাড়া হারবো আর এহন
/kaggle/input/regspeech12/test/test_sylhet_0600.wav,দারে চাইট্টা ভাই আমার কিতা লাগছে ওইদিক মানে আমরার বলে ব্যাচের ছেলে গুলা যেতা ইতা বলে কিতা মানে ঝগড়া খাতি ফরে আই স্যাররা সাতে মানে যে স্যারের সাতে আমি কুনু কিচ্ছু না আমি কান্ড ইতা তো তিন বিল তা ওই যে স্টুডেন্ট এরা কিতা খরে না আয়োজন খরে স্যারেরা করতে চাই তো ফুরা টাই হেন্ডেল খরতে ছাইতো বাট স্যার কি কেমন খালো না বালা লাগে
/kaggle/input/regspeech12/test/test_sandwip_0014.wav,সে টিয়া দিয়া একটা আমার মিলে কোনো বেফার আছে ইয়া হরি নাই বা হরি ফুল গেছে রাক্কলহাডা না কি হরে দি উগগা ধান দরকার পথ ফাইয়া হুনি না জামাই তো রশি টিয়া দি মাছ গোলা যা দি কুডি গাড়ি ইয়া মলি দুনুগা বলে হিয়া করতে ফন গিয়া রাইনছে আন্দনের কোন আগায়া অনে গরন
/kaggle/input/regspeech12/test/test_tangail_0098.wav,সুন্দর কতা ছবি তে দেখলে দেখবেন ওই ব্রীজ আছে ব্রিজের কাছে আছে তহন আর কি গরাত তহন ছকিনারেছকিনারি নিয়া ও আস্তে আস্তে চইলা যায় না দিকে আর এদিকে রনবির কাপড়
/kaggle/input/regspeech12/test/test_sylhet_0726.wav,হুম ও যাইমুনানি সখালে জামাইরে আমরা নাস্তা জামাইরে লইয়া আইবো আরকি কে আরাইয়া তো বউ জামাইরে লইয়া ফিরায় ফিরায় তো ওই যে কিতা খয় এই যে আফনারা তো উকো পাশে থাখা লাগে মনে অয়
/kaggle/input/regspeech12/test/test_kishoreganj_0102.wav,উদ্দ গাছ তালা প্রাণী গরু ছাগল মানি গাছ তলা পানি আইছে মা উঠে হ্যাঁ মাতি উঠবি থেকে বিবিন্ন স্থানে ছড়াই জিবে ছড়ি পড়ায় হলো বীজের বিস্তর বীজের বিস্তর বিজে
/kaggle/input/regspeech12/test/test_sylhet_0153.wav,খাতা ওখনের তো তো দি ইটা আরও কি কই গো আঙ্গোর তো ইটা মনে করো গরি ভাঙ্গা তোর ইয়া ওই ওখান খুল্লা খান না অখন তো যে ওই তো বিয়া মদ্যে আফনে ঠিকই
/kaggle/input/regspeech12/test/test_kishoreganj_0132.wav,পলা কাডে কাডল তর মুর হ্যাঁ ফাডা লে তুর ডা এইডা যায় কী বাঙ্গি আর হ্যাঁ জানো কি
/kaggle/input/regspeech12/test/test_sylhet_0651.wav,না কিতা আছিল তে রাস্তায় রাস্তায় ইন্না তে বার খরছে কাছে ইয়াও গিয়া কেমন আফনারা কুনু সময় ইগুলার টিকার অইছোইনি মানে এরার কোনো আক্রমণ খরছে না আফনারার উফ্রে করতে এখন
/kaggle/input/regspeech12/test/test_narail_0149.wav,আমাগে বাড়ি তো একটু ভিতরের দিকি মানে ভিতরের দিকি পরে বেশি ভিতরে ও না ও তো ভাই আমার বড় ঠাকুর মা আসতে অদ্ভুত মরার কথা বুঝছিস এখন এই জন্যে যে বাড়ি মানে নাতি বউ থাকবে তাই বাইরের বিয়া দিয়া লাগেছে উনি পছন্দ করে এই মেয়ে আনতিছে গিরাম
/kaggle/input/regspeech12/test/test_tangail_0080.wav,এই শিউলি মারা গেছে বরুন ধানের ফোনে পরে বরুন দাওয়া তোরা ভাইঙ্গা পরে পরে আবার শিউলির বাসায় যায় যাইয়া শিউলিরে দেহি দেই খাছে
/kaggle/input/regspeech12/test/test_narail_0066.wav,এইতো এই ভাবে দে না ওরা সঠিক না খালি সরি তো তুমি রাহিছে তালি এইডা তো তো বাবা মা না ওইছে বাসা বাদশা কততে দিন লোকরা ছাকরি ওই
/kaggle/input/regspeech12/test/test_chittagong_0071.wav,ডিগ লাই আবার গরম ফরিবুদে অনার্স অত ন অইবো হনিককা খেনে আইবু অনার্স যদি অনার্স মানে বইলে আইচ্ছেন ডিগ্রি ছাড়া
/kaggle/input/regspeech12/test/test_rangpur_0099.wav,কেরে আগেরবার ভালো হইচিল না এইবার ভালো হবার লাগছে কোনবার ভালো হবার লাগছে আগের ভালা হও কিনছিল আপেল টাপেল মাল টাল টা কি আবার তো ইগুলা
/kaggle/input/regspeech12/test/test_sylhet_0342.wav,তে আমি যাই ফরীক্কা দেওয়াত সখালে গিয়া ফরীক্কা দিয়া মাত টালের যে এক ঘন্টা টাইম সাদা দুইটা কলেজ থিকা একটা দৌড় দেই একটা দৌড়ে ভাতাত আই আইয়া ওয়া যাই তারে খাওয়ায় খাওয়াইয়া আমি একটু পানি খাইয়া আবার দৌড়িয়া দেয় মা এক ঘন্টার বিতরে আবার সেটার যাওয়া লাগবে
/kaggle/input/regspeech12/test/test_chittagong_0004.wav,না থাইয়েরে মাথা গিয়া এগারোডা হিয়ার তুন যে খাম খাইয়া কেয়ার ত তুন ইয়ান খাইয়া দু তাইলে মাইরতে ছিনে না তো তে যাই গছে আঁরতে টরি লইয়েরে আত্তে সমান ইতা
/kaggle/input/regspeech12/test/test_sylhet_0715.wav,বালাই তাইনেরো বিয়া ওই গেছেনি আমি খই ফড়ে
/kaggle/input/regspeech12/test/test_chittagong_0033.wav,না এহন ঘরোত আগে এগু বলে খামার যায় না ও লাবিবা ওকগোর লাই বলি এরে খোনো মিক্কে যাইতো না ফারে ইতারে সাথে কিমনে দিয়ার দে না হ ফাল্লা খোনোমিক্কে নও যাই টাও যাই হুল্লা এরিম্মা করতারে ভুল লাই
/kaggle/input/regspeech12/test/test_sylhet_0504.wav,বাইয়ে খালি আব্বা খরে ইটা দিনের আগে বৃষ্টি আর আবার চেঞ্জ অনেকটা খুজা
/kaggle/input/regspeech12/test/test_sylhet_0260.wav,তোমার সাইডি আরও একশো কম বোমার টিকে আরো একটা ওলা ফড়িয়া এখন তো আমার কতা খুবই মিইয়া গেছে কি তো ওয় আমি
/kaggle/input/regspeech12/test/test_kishoreganj_0090.wav,ন ফরে পাকিস্তানের লগে আছলে হুম মুডা বুলে বট ফাক্কা না হ্যাঁ হুগনা পাকিস্তানের হুগনা
/kaggle/input/regspeech12/test/test_narail_0181.wav,সবাই ভালো আসে
/kaggle/input/regspeech12/test/test_rangpur_0120.wav,ঠাকরি কালাই এলা পাওয়া যায় পাওয়া যায় না এংকর খান না এংকর কাইলকে তো ঠাকরি কালের ডাইল খাছি এংকর খান না এংকর ক্যা এংকর কি ডাইল নোয়ায় ডাইল হইলেও স্বাদ লাগে না
/kaggle/input/regspeech12/test/test_chittagong_0031.wav,তুই ও দিবা না মোবাইল বুইজ্জোস না তো ন তো ওডি ওডি দিয়া মোবাইল চান বের কি তই ইচ্ছায় ওডি মারে গেইয়্যে আবার টিক টাক গরাইন নি করতাছে ফরে
/kaggle/input/regspeech12/test/test_chittagong_0140.wav,ওই বেশি খুব সালে কি দাঁত তরে আমি গুশা লাগে তো ভাই ইয়্যিন খইল্লা এন্নে তো ওস্তা মাতার ছাড়াপ অয় না যেহেতু বাই তুরে এনো আঁই কন দিতাম আর তো ট্যাঙা ফেট ফুরের দে আঁই অলে
/kaggle/input/regspeech12/test/test_narail_0045.wav,ইন্ডিয়া চইলে গিয়া ফরে চা আমরা তো নি পারা আছে আর আর তুই তো কচ্ছে এই ছলের কথা আমি যে প্যাটার্নে ছিনি তার কতা ক না না এলো বড় বাড়ি কি বংশের লোক বুঝছিস কিনতি নি বংশের লোক কুদি বাবু কি বংশের লোক
/kaggle/input/regspeech12/test/test_sandwip_0077.wav,তোরা আফা খরে থাহে ইয়া তোমরা কয় কইয়ে তোরা বানাইবে কি কোন টেনশনে তুমি কইছে ক গা তো খামা কাম হইলো চরকা হাতে লাগা হয় না কাম আস্তে আসপে কাইল তো কাম যাইতে করে ইয়ান কি এক করতে করতে অনে দেইক্কি
/kaggle/input/regspeech12/test/test_sylhet_0406.wav,আল্লা আফনার মুসলমান মুসলিম ও মুসলিম তার লাগি আমরা এদিকে যাইতাম গি তো মনে খরো আজান করলে তারার আমরা ওজন ফুরা আগে তারার তে ওই যায় হেছাখতামফরত সব সবতা খর এরফরে আজকে তিন চাইর দিন থাকি তারার উনি উঠতো অঞ্চলে মানে ঘুমায় যায় না
/kaggle/input/regspeech12/test/test_narsingdi_0027.wav,রেডিকেটেড পার্সেন খুব ভালো আইপিএলে ডাক পাইলো এই বা তোর চেষ্টা কইরা যাইতে হবে পরিশ্রম করতে নিজেরে প্রমাণ করতে অইবো যে না আমি ভালো খেলি তাইলে তো অইলো হ্যাঁ তবে
/kaggle/input/regspeech12/test/test_narail_0004.wav,মেলা আগেত্তে কাকা আমাগে দিয়ে গেছেলো এই জমি নিয়ে কি ঝামেলা টামেলা করবান্নেকি আমি ভাই ঝামেলা আমি তো কিছু বুঝি টুজি না আমি দেহি জায়গা জমি কি অবস্থা আছে তারপরে খাচ্ছে খান আমি তাই কই তারপরে দেখপা না আর আমি কচ্ছি আমি তো এগুলো করতিছে না করতিছে এক কাগা কাগারে দিছি
/kaggle/input/regspeech12/test/test_noakhali_0001.wav,কি তারফরে এই নব্বই না কি দি হ্যা একশো আশি নব্বই বেশি নট ঠিক আছে কি কি তিনশো হাট যে নব্বই টাকা নব্বই এক কেজি হক মিল হ্যাঁ ইয়া হাইট একবার
/kaggle/input/regspeech12/test/test_kishoreganj_0004.wav,না গাডি অন গাড়া তুমি তারে না যে আরা বাদ এনে জরা তাল গেল থুইয়া আর লগে
/kaggle/input/regspeech12/test/test_sylhet_0760.wav,বা ডং খরি একটা ফানি দিতাম তো ই ফানি তারা আমরা উরা না খইরা ফারে না ফারে না উড়িও না উইতারা দুইখান সম্পর্কটা কিতা খরছি না আফনারা দুইজন
/kaggle/input/regspeech12/test/test_rangpur_0110.wav,তাকি নিয়া নিয়া যায় কিলা গ্রাম আরে ভাই চট্টত ভালো হইতে মানুষজনও বেশি তোক ইয়া করছিল নোয়ায় ও
/kaggle/input/regspeech12/test/test_kishoreganj_0015.wav,নতুন রাস্তা অইছে না কি অইবো সরকারি আছে ডাক দিয়া না নতুন রাস্তা ডাবা ডাবায় তো না এই সরকার তাইতে না সরকার তো বিতর না বড়রা রাস্তা তো তারা না মানে দিলাম মানে নতুন রাস্তা ক ডাবায় বাই বিয়ে
/kaggle/input/regspeech12/test/test_barishal_0069.wav,খাওন এলা ফার বউরে থাহে না বউ যদি না দেয় তো মোরা দিমু ক্যামন তারা ক্যা আমের দিনে বউর কি চা কতা এত বড় তা বিচের ফুলডা মানবে এতো বড় বালি ঠেলি ঢুকাইবো দুইডা না ছাওয়া বা একবার দিয়া
/kaggle/input/regspeech12/test/test_kishoreganj_0183.wav,ফরিক্কা থাকবো বাইতাম না ফরে বানাই ফরিক্কার ফরে আগে বড়
/kaggle/input/regspeech12/test/test_chittagong_0155.wav,হুম তা বারে না এডে গিয়্যে ওই ও আইচ্ছা আইচ্ছা তো আর কী অবস্থা কলেজের তোলার জন্য আইচ্ছা বেগগুন কলেজ সুন্দর খালি ক্লাস ন বু বন্ধ ইন্টার ফরিক্কা চলের দে
/kaggle/input/regspeech12/test/test_kishoreganj_0098.wav,সবাই মাইন্না করবো হ তুমি গেলে খাইতারবা ওক্কা ওই লাগে হুম কি কল লাগবো আমি বাসাত আর ও আসে করন লাগে না তুমারে ইয়া অই যা যে এবার কানি দিয়া মক্কার কানি দিয়া নল দিয়া থুইয়া দিছে নল লাগানি ও মনে ইয়া বার তালু দিবা ফানি বাইরাইবো এই দিয়া মুক্তি দিয়া মতো আছে নাই তা করা হয় এই গেলে সাতে গেলায় সাতে গেলা দিয়া তইয়া দিছে ও মনে খাইতারতাম
/kaggle/input/regspeech12/test/test_barishal_0011.wav,মাঝে কতা মারি পানি বানাম করতো পানি তয় পারি ওই দিন হ্যা কয়া কা ন রশি হানি খালা ওইছে পানি পানি পানি পাইয়া কার রে পেটের প্যাডে বিরিক আমাগো বাড়ির আশে পাশে পেটি গিয়া দাদাই তো লাগারে
/kaggle/input/regspeech12/test/test_sylhet_0507.wav,তারা টেখা তারা টেখা লাগি আমগো খয় টেখা খইরা মালিকরে খয় ঠিক আমি খয়দিন ফরে খই খয়জন খইলা ভাই বাই বাবায় তিনজন একজন মারা গেছলাম আর বারা কুন তো আরি জন ওতা থাকি গ্যালো আর আমরা তো তা তা নাই তা আমরা উনি ফাই না সবার উল্টা খইবা খত ফাখাল গিয়া আমরা টেকা খুল বিল রে বা আমি নে মাতিয়া যে হদদে
/kaggle/input/regspeech12/test/test_rangpur_0043.wav,কি কিছু মরা চান না ঘর ছিংলা যদি একদিন একনা ঘুরে চান বাড়ায় না তাইলে মুই কোটে থাকি মুই আগের তে একদম খারাপ হয়া গেছোং মুই এলা থাকা
/kaggle/input/regspeech12/test/test_kishoreganj_0202.wav,মানে খাতা না আইচ্ছা বেডার শুকনে জন্য কি হেড আইচ্ছা হেডা হেডা ব্যবহার করে বা বা করে হেইডা কি বার কইরে ভাইয়া পাবার করি অগ্নিনির্ভাব নে কার বন্ডা অক্সাইড ব্যবহার করা হে অগ্নিননির্ভাগ মানে আগুন নিবার কি ব্যবহার করা হয় কারন ডা অক্সাইড মতা
/kaggle/input/regspeech12/test/test_habiganj_0023.wav,চক জা দিমু এরফরে গান উন গাইমু এরফরে আমরা একটু পারতো না খইরা এরফরে একটা আমরা জাতা বাড়ি আর যারা ওই যে
/kaggle/input/regspeech12/test/test_sylhet_0077.wav,খান বা নিতাম ইচ্ছা খরে আমার একটু খুব ইচ্ছা আমি টিচার যাইতাম ফরে আমারে যে টিকা ফড়ায় তাই দেইখা আমার আগ্রহ তাইতো বাড়ি ইতে প্রতমে আছলো না কুনু কিচ্ছু ইতা আছে না তখন কিতা দেকতো আমার আগ্রহ বারো মারামারি
/kaggle/input/regspeech12/test/test_sylhet_0686.wav,তা না বাংলা ইংলিশ বাংলা ফরি তোমার ইউনিভার্সিটি তে খরা যায় না তে দাদিরে অনেক সময় না
/kaggle/input/regspeech12/test/test_chittagong_0104.wav,তা তোরে আছে ঠিক আছে রাহি ত অইলে ভাই ভাই টাটা আই বালা থাহে আটটা বালা থাকি আইচ্ছে আইচ্ছে কাটা
/kaggle/input/regspeech12/test/test_narsingdi_0012.wav,হ এডির ও তো কাহিনী আনি কইরা আস্তে আস্তে রিটারমেন্ট খরার লাগি পেস্ট মাসটা ফিরে দেয় একটু সম্মানের সহিত কিন্তু ও রিটার্ন নিতো বাট কিন্তু এডি করে না তা এহন ওই বিপিএল খেলতাছে
/kaggle/input/regspeech12/test/test_sylhet_0463.wav,বড়োর মনো খরো খাম তাইন আবার তাই মানে দি খাজ খরছে করার ফরে বিয়া বেশি কলেজো যা খরছে তারফরে এখজন অখনো এখজন আরেখজন ছেলে
/kaggle/input/regspeech12/test/test_kishoreganj_0033.wav,ইবারে আল্লাহ দিছে মানষে বৃষ্টি লাগে শাক সবজি অয় না কিন্তু মানে ধান তুমডা লইছে হ ধান ইয়া হে সুন্দর অয় লইছে না
/kaggle/input/regspeech12/test/test_rangpur_0128.wav,মুই মোক ক মরি মেলা ইয়া করি দিবে মরিয়ম আতে না
/kaggle/input/regspeech12/test/test_tangail_0025.wav,লোক আইছা বলতে যে দামি নিবো ফরে জনতা বাদ্দে ওরে ফাড়ার জন্য দিয়া দেয় না তান আসলে প্রথম দেখা তে এই সারা প্রেম পইরা যায়
/kaggle/input/regspeech12/test/test_sylhet_0125.wav,সব মুডা আল্লা দিলে ভালাও আছো খতা খুব খবর নাই আর মুডাযে বালা পরিবারের মতো ই গেছুইন না বালা তো ভালা
/kaggle/input/regspeech12/test/test_narail_0029.wav,কিডা আসাদ মিয়া আমাগে আসাদ মিয়া তোরে বলে কয় আনে ছেলো ইডা মিনি কি ওর কিছু জানো মামি সব কিছু জানি না আগে তো শুনি ছিলাম তোগে তোগে আমাগে ফরে আসাদ মিয়া ক্যাম্বা নো কি অলো জাইন্নে আসাদ মিয়া অলো খাতো এন্তে সেন্তে আসাদ মিয়া ম্যালা খায়
/kaggle/input/regspeech12/test/test_chittagong_0085.wav,কম্পিউটারের মধ্যে ফরতে ফরতে দেরি কেউর গড কম্পিউটার নাই বরতে কি ক্যা ওই পিছে আঁরা যেনি কি এহানো লিরিক্কাদন ফরে মানে গরিতাতক্ষণ ইতে ততক্ষণ গরি তারে
/kaggle/input/regspeech12/test/test_chittagong_0050.wav,জামাই টামাই আঁর হালকা হুনি কিছু নাই আপাতত আফা তই এহন ওগগা এখালা মানুষ বুজ্জো না ওগগা হে না অয় না ছারিদিতে তোরা ওরে তো ফারিবে হতে গরিবি তোর আর দলা সম্ভব পেরি
/kaggle/input/regspeech12/test/test_rangpur_0038.wav,তারপর না মারা এবার খায় খেজুরা যে এত বড় বড় আরে মইদে কার মোটা আল্লা বিটি না সে খুলি ভাবে বাড়ি তার ব্যাক এহনা ভাত উঠছে না হে খান খাওয়া
/kaggle/input/regspeech12/test/test_narsingdi_0134.wav,এইল্লা টেন ফুডে তোর যাইল গুড়া ছিলো অবশ্যই চাইল ফুরা টাইম এডার নাম তো আমার চাইল গুরতো আর ছিলো হমানে
/kaggle/input/regspeech12/test/test_chittagong_0008.wav,তোমার বোয়াই দিছে হেতাল্লাই তো আস্তে তোমার ফল বানাইবো মানে সারা আল্লার সম্পর্কে এরি খতা খইলে সমস্যা
/kaggle/input/regspeech12/test/test_chittagong_0162.wav,অন তো তো তুমি টেঁয়া দি ফরম ফরে হুদা ফরে রে মত মনে ফরার দে ডিগ্রি ফালিয়া ডিগ্রি খাইজু অনে কিছু মনে মনে অয় ন লয় তোর না ডিগ্রি তো বিষ্টি ফাই
/kaggle/input/regspeech12/test/test_narail_0054.wav,আমাগে এই জাগা অচ্ছে ওই যে কি শিপ ভবন নামে যেডা ওইডে মানে তেরোশো ছাপ্পান্ন সাতান্ন থাকে মনে অয় রানতে তেরো কতো জন মেলাতা রানি উডে আছে ঢুকির তেতো বাড়ির ওই জাগার কথা কচ্ছে না ওই জমিডা তে আর কি মেহাদ এই সেই জমির ভাত
/kaggle/input/regspeech12/test/test_sylhet_0426.wav,ফরে ম্যাডামে ওউ নর্মারটা দেওয়ার গিয়া কিন্তু ও মা আর টাইম যদি না কি বয় আতো অখন করি কী করবেন
/kaggle/input/regspeech12/test/test_sylhet_0671.wav,পেনশন তো সারা জীবনে ফাইবা নানি গেতো দি নাছি বাছিয়া গতদিন পুরান আছে ওতোদিন ফাইনা পুরান নাই নাই তর কিতা মানে আফনে না তাইলে কিতা পেনশন বন্ধু ওই দিবোনি না তাইলে গেলে আর খেউ খইতো না আমরার বাদে আর কেউ না কাছে
/kaggle/input/regspeech12/test/test_sylhet_0049.wav,পাইনে না না বেশি ন ফরে বানাইতা কিলা বানাইয়া তর বাই আছে আমার কিলা ও বইনের মতো ভাবো
/kaggle/input/regspeech12/test/test_tangail_0018.wav,বই মানের প্রতি গানডা মানে জনপ্রিয়তা কারণ এই গানডা আসলে একভাবে অন্যদাপন করছে কেউ মানে কারোর সাথে কারো মিল না ইরখমভাবে আর কি বুঝতে ফারছে এই গানডার একটা অর্থ মানে কেউ এহন
/kaggle/input/regspeech12/test/test_narail_0140.wav,তাও মাসুদ দুলা ভাই মনে হয় আপন এর বাবার সাথে কথা বলবে এটা কই আমার কাছে কই গেলে তো টাকা ফিরি নিয়ে যাবো কি তালি না তরে ফিরি নিয়া যাবে না তো তাকি কাকা আমার অগ্নিপতির এট্টু ফিরি নিয়া তেলো
/kaggle/input/regspeech12/test/test_habiganj_0009.wav,না তান জলি গেছে তান যদি লোকরার ফুলা সাত লোকরার আইজকা বেডা সাতটা ফুরি না আমগুলাডা ওইছে সবার ছুটু ওই ফুলা শা দেহি অয় ফুলাও ছুডু ছুরি ছুডু
/kaggle/input/regspeech12/test/test_kishoreganj_0150.wav,কুনডি পানি না ফরে হয় ডরাইয়া কুনডি পারে তুন ফরে হয় কর কোন পানি্যদসনে পাহামাটি দুইনের প্রধান কারণ কি সব কি হয় যায় মাটি নষ্ট অইয়া দিয়া মাটি নষ্ট হয় পরিবেশ কের উপায়কুনকি কের উপায় কুন কি
/kaggle/input/regspeech12/test/test_barishal_0087.wav,পরে নাই দে আর নাম তো কর ভুল তোর কি পালাইবে হেই কমে সমস্যা বাদে তিলরে ও হুইয়া খইরা ই না খইরা খইরা ও মোর ও খইরা কী
/kaggle/input/regspeech12/test/test_narsingdi_0036.wav,জিনিসের দাম বাড়তি মায় কইতাছি কি যানি মুরগি তো এক্কারে খুড়া আর জানা অইয়া গ্যাছে গা সব কিছুর অহনে মনে অয় আশপাশ তে কম তখন রান্দাবারা নিয়া মুরগি দে গিয়া দোকানো গিয়া যেইডা ধরি খালি বলে দাম বেশি খালি বেলা দাম বেশি
/kaggle/input/regspeech12/test/test_sylhet_0064.wav,ফরে ভাই কইছে না আমার দারে তো সম্ভব না তোমারে মেডিকেলো তুমি বর্তি অইতে না তুমারে বাসা খাইয়া দেখি দেখি যে ডাক্তারে সাপ্তা তাই থাকতো তাইলে ডাক্তারের কিছু দেওয়া লাগে পাশো যার আবার তোমার উটলে তিন আজার অহন আমি কুনু বাইদি মানরাম মাত্র বিয়া গাইয়া উইটতে টেখা তা ন খরি দিছে আমার ভাই নতুন দোকান খ
/kaggle/input/regspeech12/test/test_sylhet_0582.wav,আমি তো টেকা কেনা সব সময় দেখি আমার একটার আগে বাইরে থাইকা কার্তিকে মানে আমরা বড়রা গিয়া আমরা না না কিন্তু বড়রা বেশির ভাগ রাইড একটা নৌকার মতো আছে ইগু তো আমার চাকরি ভাগ তুমি লেহা দিতা ভাই বিলে
/kaggle/input/regspeech12/test/test_sylhet_0327.wav,আর এখন তাইন যখন বই নিয়া দিন তখন আমার খাছে মনো অয় মানুষ একটা ফ্যারাসতা সারাদিন কাজ করি কাজ আর আমার টায়ার্ড লাগে না যেহেতু আমি বাই তে আমার বই করি ফড়িয়া আবার গিয়া তাইন আর গানের খাছে ফেলবা গরি যান আজকে সারাদিন আগে ওটা ত
/kaggle/input/regspeech12/test/test_tangail_0081.wav,তারপরে আবার কাজে ফিরা আছে যেহেতু সে অনেক এহন সিরিয়াস বেশি এহন আরও অনেক বেশি সিরিয়াস ফুরা সেই স্ট্রং ম্যানেজারের দায়িত্ব পালন খরে কুনু কিছু এহন আর টলারে করে না
/kaggle/input/regspeech12/test/test_sylhet_0270.wav,উটার ফরে তো ফড়া শুরু খরলাম তো তখন তো ইতা কিচ্ছু বুঝি না ইউনিভার্সিটির গ্রেডিং বা পয়েন্ট পড়ার রেজাল ইতা কিচ্ছু খিসতাম না তো আমার বাইয়া আমরা টার্গেট দিছে যে তোমারে ডি প্লাস পাওয়া দাগ ডি প্লাস কিতা টি প্লাস অইলো থ্রি পয় এন্ড টু ফাইভ অখন কি পয়েন্ট টু ফাইভ
/kaggle/input/regspeech12/test/test_sandwip_0086.wav,আর অংকা ঘুরার মাথা আছিলো আমার গুরা জালা তুন দারে কিছু দেহি না ওই আটা আর কারে ব্রা ছিলাম টান টান কই
/kaggle/input/regspeech12/test/test_sylhet_0471.wav,ইতা তো না কিন্তু আফনারা মায়া ফাইরা না খইরা ইতা নিয়া আমরা লাগলে আমরা খইমু আমরারে আছে ওতো টেখা নি গেলে কোনো বইন যে গাড়ি বাড়া দিয়া যাইতায় না রুজার যাইয়া বাড়িত থাকি বালা টেখা দিবা আবার এই জাব গাড়ি বাড়া টি
/kaggle/input/regspeech12/test/test_sylhet_0502.wav,লগে যোগাযোগ খরার এখটু আইয়া খইবু খইলাম তা যাইতাম তো তাকি লাগতো ও তাই আমার ছিটি
/kaggle/input/regspeech12/test/test_narail_0106.wav,এখন দাদা আগের দিন বলতেছিলো যে যদি অপারেশন করতে হয় তাইলে ব্যালট চলে যাবে অপারেশন করতি কিন্তু অপারেশন আপাতত করা লাগতিছে না ওইটা ভেঙ্গাইছি ছোট হইয়ে গেছে তা আর আগে যেমন জ্বালা জানলা টি করতে না সেরকম করে না বুঝছিস
/kaggle/input/regspeech12/test/test_chittagong_0143.wav,দা ভাত করি না বেডা মার বেতন নাই না তালা না ওই যে তুইল্লা খতা খইবা লাগি ই গরি সাই যদি দেখতি তুই কতা একটা আদার যাইতেগি
/kaggle/input/regspeech12/test/test_habiganj_0072.wav,মুন হসপিটাল এখন বর্তমানে বালা তারফরে অইলো গিয়া ফায়ার বাটা তুমরা সেন তারপর ফাইয়া যার ফরে ওইলো গিয়া আরেকটা আছে নামডা দেহি ফালাইয়া তাখে
/kaggle/input/regspeech12/test/test_sylhet_0158.wav,ও মা বলে হামলা গুলা দি দুঃখ দুই এক আমরা আমরা কিতা কিতা ওইবো মনে খরো কি থুইয়া যাইতারছিনা সব দিয়া সব মতো আফনের ফরিবার কেডা গেছিলো নি
/kaggle/input/regspeech12/test/test_sylhet_0072.wav,মজা প্রচুর যাওয়া অয় দুর্গা কিতা খরা অয় বা দা যে তো পার দে ফতম দিন এ তো তা বেশি মজা অয় না তো ফল তিন তাকি ফরে তিন দিন আমি তিন দিন খাইনি যা চাইর দিন তাকিয়া ফারি না ফুচকা দিলে লাভ গরি
/kaggle/input/regspeech12/test/test_narail_0059.wav,না বে বানছিযে ভাবে পারবেনা ওইতেছে যেটুক গাইর মতোন জমি সেইটুক পেটের বেচতিছে টুক আর কিছু নাই ও জানো যেটুক কিছু নাই সেটুক দলিল করেন দিতি ওইছে না
/kaggle/input/regspeech12/test/test_sylhet_0237.wav,আমরা ঠিক সময় গিয়া গিয়া আমি তুমারে যাইবা কুনু থাকবা আমি খইছি কুনু সময় ফায় না আমার দিনো দিন ওনো গিয়া আমি খরতাম ফারমু আমার এখটা রুম আর আমার খালি বই গুন তাখলে ওইবো আমার আর কিচ্চু লাগতো না তো তারা দেখছোইন যে আমার ফুলা খরার ইচ্ছা আছে
/kaggle/input/regspeech12/test/test_habiganj_0007.wav,আমরা যেনি কিতা ইলা মাঝে কতো খালো মেম্বার ও তা বানু ও আইচ্ছা ইবে ফুরি বুজি আমি সারা
/kaggle/input/regspeech12/test/test_narsingdi_0088.wav,ফরে যে ফরছি মাল কেরে রিসেন্টলি বালা না দেইক্কা না হরি না আইচ্ছা বড় হইয়া ফুড়ি এরা কতা কতা তুই বাই বাইত থাহস না তুই যেইডা জান্নাতেরা কতা কবে হেই যে দিন সকালে সুরাব বার গজল
/kaggle/input/regspeech12/test/test_sylhet_0251.wav,কিন্তু ইতায় খেউ জব খরতো না বাট ওউ সময় দি লাইফ ফাগলা প্রাইমারি স্কুলে তখন আইতে আমরা বাড়িত আইয়া খয় বইন তুমার কাগজপত্র খালি সার্টিফিকেটটা দেওয়ার এখটা ছবি দেও আমরা এপ্লাই খরিয়া দিমু তুমি খালি পরীক্ষা সমতা দিবায়
/kaggle/input/regspeech12/test/test_sylhet_0642.wav,বে দিবা এখন কি ভাবে খালি দিলাই না কালাই আমার দাদা ঠিক আছোস ভাই
/kaggle/input/regspeech12/test/test_chittagong_0061.wav,তো সিটি কলেজ সিরিজ না ফারলা নাকি সমাজ কলেজ ডিউটি না না কী হলে জানি দিলি সিটি কলেজ আমার মানে সিটি বলে তো রিস্ক ন লগি লম পরে ওই ফরে এডিস পেপার লইলে না কি হ কলেজের মধ্যে অইছি
/kaggle/input/regspeech12/test/test_noakhali_0025.wav,তার খইতা যে কিচ্ছু কিচ্ছু খইতো ন খালি বালা আন্দা কইরবো আমনে কাজে আগান নাই আর লাই এক্কানা কাম অইলে লোক লাইগবো সামার লাইফ ছাওন নাই
/kaggle/input/regspeech12/test/test_sylhet_0662.wav,তে কাম তুন ধর্ম তো তাইলে দেখা যায় বেক কয়েকটা বাড়ি আছে আফনেরে খইলা আরেকটা ফাচটা বাড়ি ও টিলার উফরে একটা ব্যাডা তো বাড়ি না
/kaggle/input/regspeech12/test/test_sylhet_0596.wav,বাট আগে খা না আর কি সবার সাথে যোগাযোগ নাই হরতা হে তো বিজি বিজি সেরা আমার লাগে না তো আমি ওত্তো নিজে যে বিজি বিজি খইতা ফারতাম মাতা আঁই ইলান তো দারে টাইম কিন্তু এই যে আগে মানে ক্যানে জানি অর না না মানে ওইয়া উটে না
/kaggle/input/regspeech12/test/test_sylhet_0252.wav,আমার বইনাইন দিগে তারার লগে ফরীক্ষার খান তো দিবায় আর তারার এখটু সহযোগিতা খরবায় দেখাইবায় যাতে তারার এখটা পরে ওই যায় তুমি তো অনেক ট্যালেন্ট তুমি ওতা চাকরি খরতায় না কিন্তু আমরার একটু কার খরবো তুমি যদি দেও
/kaggle/input/regspeech12/test/test_sandwip_0110.wav,না আর না কি আঁই হেই গুল্লা গুলার আই দরকার নাই কিন্তু
/kaggle/input/regspeech12/test/test_noakhali_0015.wav,কচ্ছে যা না এক আত্তি উচ্ছা কা থাক বর্তা ওই তো ডা এগিন দেখলা কি দলা মারে কে বিয়া কবার আঁই আঁই এবার আঁর কায় মরছে তোর হন আইসে দুইডা না তো আম্নে কুচা কুচা ব্যাট কান আঁই আগা মুতা মোরা তুই বিননি না আই গেই
/kaggle/input/regspeech12/test/test_sylhet_0194.wav,তারফরে ওইয়ো গিয়া না তার ফানি তে করতাম তনি মানে ওয় তো
/kaggle/input/regspeech12/test/test_sylhet_0611.wav,বালা ভিতরে লইয়া কিতা খইতা আফনে ওয় মনো তাখে আর আমি বুলি ফাই ই করো গুলা দুইটা জিনিসটার এখটা আছে কিতা
/kaggle/input/regspeech12/test/test_sylhet_0085.wav,খতা খইরা বাদে বাবা বাইরে বা দিলে আমার ডাক্তারের কুনু দরখার নাই আগে আমার খরি দেবো
/kaggle/input/regspeech12/test/test_sylhet_0289.wav,মানে কুনু সব না যখন হিয়া যদি বুঝোইন তা ঠিক আছে আমার কুনু প্রমান না এখন তারার লগে আমরার পারিবারিক ট্যাথা নি আছে তারাও ফেন ফ্যামিলিত অনকা আমরার মতো তারা আমরার পরিশ্রম খরিয়া খরে বা
/kaggle/input/regspeech12/test/test_sylhet_0703.wav,এক সারে বুইন একটু আগে একজনরে ফাইছি আনে দেখতি আমরা তাইন তো ফড়া লেখা খরোইন তাইন সারের দুই বাবু মনে ঠিকাছে বুঝা যায় না আসলে
/kaggle/input/regspeech12/test/test_sylhet_0696.wav,ফালা খইয়া খই দুঃখ ওইয়া গায় না বই না আফনেরার টাইম এমনি নিমু আর আফনে মানে ই বাড়িত না ই বার নানি তে আফনারা খয়জন মানে সদস্য
/kaggle/input/regspeech12/test/test_chittagong_0015.wav,সালাম অলে কম ওলাইকুম আসসালাম ওডি কেন সত্যি খবর ট্যুর গন খবর পাততি নাই দে তুত্তে গম আছি গম আছি তই ভালা আছোস আর তুই ওডি ভালা আছি কি না অন করা কম আছে দেরি হ ওই কিতার গুইসনা
/kaggle/input/regspeech12/test/test_chittagong_0159.wav,আইচ্ছা ফার নি একটা টেনশন ও থাকছি টেয়ার ফরে ওডে আঁরার বাঙ্গা কলেজের খরদে কি বলে আইছে না চট্টগ্রাম ইউনিভার্সিটির ইঞ্জিনিয়ার লইয়ারে ফইরলে টেয়া দিয়েরে ফৌছিছে বিরাট ছারা টেয়া লাগে দে খয়
/kaggle/input/regspeech12/test/test_sandwip_0007.wav,ঠাকুর ইডার মাইদে ই কি লাইগবো কতা কিন লাইগবো একবার গাছের লগে তাও তো লাগে দেড় কেজি দিতারি নিগা হবো এক কেরে ফরিক্কা লাইগবো তো বলে ডাইলে ফাচ কেজি কও না
/kaggle/input/regspeech12/test/test_sandwip_0063.wav,লইয়া বাবা এইল্লা কই না আই কই আত্তে লগে যাবি গেছে হেনে তো হরিক খেল্লে সিলাই সে কতা হ্যা বাপে ফোন করছে বাফে রাইক্কা আইছে যে বাফের হেতে ওদ্দুরা খেয়াল নাই যাইবো কইছে ইয়া দিতাম না না অহন যাইবার আগে তাখে কিতা বাড়ি মাতা তুই সালের মামা মাতা দে না গেলা
/kaggle/input/regspeech12/test/test_sylhet_0687.wav,তো এরফরে আইয়া আফনারা খইতা কুন দেছো আইয়া চাকরি কর আরে কালা
/kaggle/input/regspeech12/test/test_chittagong_0128.wav,উত্তর খইরারে নাই মইজ্জে এনে এট্টা সততা না না যা দের এমনি তোর খাট্টা যাও দুতো এগিন তো মনে ফরে নাম বিটা একটা বিদা
/kaggle/input/regspeech12/test/test_sylhet_0095.wav,আমার ফাশশো টেখা দেওয়ান লাগে বাই কিতা খরা একটা অতো বড় মাদ্রাসাত খওয়ার ফরে ইডা ফাঁচশো টেখা দেওন লাগে ফতি মাসো ইয়োত বেতন আর বেতন ভাব দিয়াও বর্তমানে কলম খাতা ইতা তো লাগবে
/kaggle/input/regspeech12/test/test_narsingdi_0107.wav,না মোরা যাবা মোরা যা পুরা ও মারা ইয়া কি করছে ইগু আমি ইসে হেইদিন ফার্স্ট টাইম আমি রান্না করতাম গেছি তারপরে ডিম ভাজি ঠিক আছে চুলাত বাইছি যে আমরা ছুডু প্রাইভেন্ড আছে না হুম এডার মইদ্যে দিছি হে ডিম ফরাশুনা দেখন ইডা
/kaggle/input/regspeech12/test/test_narail_0050.wav,সেই কন্তে মাটি কাটে তে আমি কই কি ক্যা মাটি তো আমি কাটি নিয়া কাটি দিছে আমার আবার অনে মেশার আমার বউ না তা কি ইতা কতা আমার জাগার মদ্যে পড়ি আমি কচ্ছি দৌড় থাকার মদ্যে তে খুব বড় আমি তোর বাবারে যে মা টাকা মা ফা ফুয়া অয়
/kaggle/input/regspeech12/test/test_habiganj_0099.wav,ছাই তারা লইয়া যাইবো জীবনে তারে তো খইছোইন কক্সবাজার লইয়া যাইবো কক্সবাজার তো আমরা যাইতাম না কক্সবাজার তো অর্থ টেখা তারফর তিনদিন তাখা লাগবো বাড়িত টেকা দিতা না তো তো দল যাইবার লাইগবো তো দরজা ওর না
/kaggle/input/regspeech12/test/test_sylhet_0498.wav,কা খানতে খানতে তুলে আর তসবি ফররাম খান্দা ছুটি আমরা যে আল্লা বারো বয়স আমার সবতা খাতার যা
/kaggle/input/regspeech12/test/test_barishal_0015.wav,কইরা এক ইস্কুল নাচপেরটারের মাইয়া হেরে যেমন খতাডা আমার কোয়ার্টার অইলে দি দিক না থাকে হেইডা আর ওতা কোয়ার্টার বুলি হেইয়ার এমন তালা ভালো থাহে না করে
/kaggle/input/regspeech12/test/test_chittagong_0089.wav,লইতো না তুই যাই যাই এরে এক ঘন্টা এক ঘন্টা করি শিকেইলে তখন দুইটা তে যে থাকি যাইবু গই সুট্টু ফালা কম্পিউটার হাতে ঘর ন আর তুই কম্পিউটার আস্তে কিন্তু কম এন ভাই বাঙালিরা কি ভাষা মনত বাবু ই না আস্তে যে
/kaggle/input/regspeech12/test/test_barishal_0066.wav,মিছা আছে অনেক তে চা তোর উডার লগে লগে আর সারাদিন ভালো আমি আমি আমার ছিড়িয়া তা আন্নে টা যহন বিয়ে শাদি করি নেই রাত্তির একটা সময় কইছে মা বেতাল দি ঠাই চা না থাইলেতো ঘুমাইতে আছে না
/kaggle/input/regspeech12/test/test_kishoreganj_0167.wav,শিশু বলে বায়ু যখন ঠান্ডা কোন গোস্ত সংস্কৃতি আরকি তখন বাইতে থাকা লীয় বাস ঠান্ডা হয় পানির পুতা হিসেবে পানি পুতা হিসেবে জমা হয় ঠিক আছে না টুকরা
/kaggle/input/regspeech12/test/test_narail_0091.wav,তুমার না তো বাড়ি বাড়ি পিনিক তো আমি তো আমারে কি তোর বিডা মানুষ মনে হচ্ছে নাই তা তো আমি চ্যাক কইরা দেই নাই
/kaggle/input/regspeech12/test/test_chittagong_0016.wav,হ অহন ইরখম কা ফরি খই যাইন জালারে না এডে কি জ্বালা অবাইন খরদে না এডে দুনিয়াত জালার এক কিনারে যে গরম ফরের বইন ঘুম তো কেনছে ইতে ন ফারির ক্যান
/kaggle/input/regspeech12/test/test_sylhet_0253.wav,মোট একটা খরচ লাগতো নায় ইবারে ইবারে আমরা নিমু তুমারে আমরা আর্মি ওটা তখন তাইন টিচার মানুষ তাইনরে আমি কিচ্ছু খইতাম ফাররাম না বাদে ঘর তে কি আমার বাই একজন বাড়ি তো বাড়ি খইতোই টাই ছিডিও ফরীক্কাটা দেয় আফনার বইনোর থাকতি উগগা না তাইন আর তাইন যদি চাকরি কাম তো ওইডা তে তাই আর খাম নে আগাইতে ফারতো না ওগু তাই লাস্ট টার্গেট ক্লাস বড় আর ওই যে তে
/kaggle/input/regspeech12/test/test_sylhet_0091.wav,খাম ফাক না খও কিতা তো ফালে যাইমু ধরো তো সমায় একবার চাপ করি খাবা থাকতে খরা কি সে গুন এইডা সব করি ফরে দা ই ডু তালা তালা গরো আষ্ট অইছে সব কিছু খরি ফড়া ফরে যাই আবার কিনলা
/kaggle/input/regspeech12/test/test_rangpur_0052.wav,বইয়া লাগা নেও মাইনষে এলা নাই সব এ কেমন ইনকাম আছিল আগে কেমন তো টেকা আছিল কেমন নাড়াচাড়া কচ্ছে এলা দাম কবে টেকা এলা শাহিনও শাহিনের মাও ফিরোজের বউ ওই ফিরোজের ব্যাটে ফিরুজ ও
/kaggle/input/regspeech12/test/test_sylhet_0387.wav,আর তো ডাইনে বাম যাওয়া লাগতো না আর এই এম্নে গিয়া এম্নে অক্কর সিধা যাইবা এরে টোয়েন্টি করছি
/kaggle/input/regspeech12/test/test_chittagong_0027.wav,কি মা ওকগো তিন হেন্নে নে গরিব ইতেরে বলে বিয়া দিছে যে ইগু খর ইয়া হ আইচ্ছা আন্নে বিয়্যা দিয়ে খেলুন দরখার হামার এই কুনু যে বেশি হ না হ হ তে বিয়া দিবার দেয় ওরে এই যে ঘুরেন
/kaggle/input/regspeech12/test/test_kishoreganj_0013.wav,কতা হ হ ফুরাডা কুতায় না নামাজ নামাজ মানে এই যে এই কি কেক নামাজ তুলবো মানে দাম ফরছে লো না মারি দি মা টা রইছে আবার একটা দিছলাম নিতে ই যে মাতাডা কি তে মানে বেইচ্চালায়
/kaggle/input/regspeech12/test/test_tangail_0122.wav,তো দুই তিন লাগে কী হবে কিন্তু তারা ওইটা উঠার চেষ্টা করতে তারা দেখলাম খাটিয়া সবাই খুলে ব্যবসা করার ময়লা কাপড় গুলা সরায়া তো ইটাও একটা ভালো অতো কিন্তু আদর আসলে অনেক বাফে
/kaggle/input/regspeech12/test/test_sylhet_0174.wav,ই এডিয়াটা অনেক বেশি নিরিবিলি মানে হয় এডি কিতা মাঠ মদে তো এডি ইস্কুলের মাটি অয় অয় ওডো কলেজ অর ইয়া গুদ্দি কলেজ হাতে খালি ইডা হয় না
/kaggle/input/regspeech12/test/test_sylhet_0572.wav,আর কিলা বেডা খাইয়া আই সবাই দিরা যাইতো না খাইবা না তো নাই না ফরে তো
/kaggle/input/regspeech12/test/test_rangpur_0008.wav,তোর মা শুনবেন নদির ইয়া কইছে হারা বান্ধবী তো আর কি অইছে নাই বোজা আছিল মেলা হাস আছিল নাই লোক মোর কি অইছে সেটা
/kaggle/input/regspeech12/test/test_sylhet_0452.wav,বৃষ্টি বা মনো টিনা খন্ড বিত্তি ওতা আবার মনে লইতাম কি এক সাপ্তা ওইছে না আবার খতা খালি ক্যা আমি আমার জামাইরে খইরাম যে আমার এখন টেখা দিলাও একটু বাড়ি যায় গি গিরালা তুমি হবে আইতো একটা আবার ফনরো একটা টেখা এখন যাওয়া যাইতো না যাওয়াও দিন
/kaggle/input/regspeech12/test/test_sylhet_0701.wav,ইয়া দেখা লইয়া খ কি না না ইখানোই থাকতে খারোইয়া খারোইয়া মাতি আফনেরার লগে একেকজনের লাইগগা খতা আফনের না খই আফনে কিতা খরোইন মানে বড় দেখা
/kaggle/input/regspeech12/test/test_narail_0060.wav,তুই তো সে টুকরি এইটুক দি কি দিতি ফারে না এ ভাই প্লেয়ার ভাত চাকরি তে আর তারপরে পয়সা কড়ি হলি তারফরে যে সুমায় বুঝবিনি সেই সুমা হাত দি কেনে
/kaggle/input/regspeech12/test/test_sandwip_0121.wav,কইলাম না আন্নে যে খালি বেশি খাইতে চাইলে অল্প লগে পোলা হেফিলা অতিরিক্ত কছ অনকা নাতি উগগা আছে যে নাতিন ব্যাফার কিতা আরেক্কানা দুর্বল আছে হইতে মাইন্না ও এক্কারে মানি আংগো
/kaggle/input/regspeech12/test/test_sandwip_0073.wav,তো অতো বাত করিয়ালা পিডা দিবো আগে বাট হেরার জিনিস আগের লাগে চিকিৎসা করে না না হেইয়াই তো এক্কানা দেকপার না এই কোনো অফিস বিশ্বে আর কি করা এক ট্যারা অ পছন্দ করে বিরক্ত অই কোনাল
/kaggle/input/regspeech12/test/test_kishoreganj_0092.wav,কি ক পাকিস্তানের বাষা যে কি পাকিস্তানের বাষা কোনো কুজার ভাষা ক হিন্দু ভাষা ক হিন্দি তুমকর নাম ক্যা হ্যা তুম ক নাম কয় মুক তুম কি কি করো তো মুক নাম ক্যা
/kaggle/input/regspeech12/test/test_narail_0002.wav,বাগানে বাসার কিলিয়ার সার নিড়ি প্যান বাখর আর ওই জ্যাগা কি নাম জানো পুলিশ হারে বাইর বেটা কী জানো না বেসে জমি তা তোর বাবায় টাহা পয়সা দিয়ে
/kaggle/input/regspeech12/test/test_kishoreganj_0099.wav,দে খেতি কছ কি মন না অন্য কেলা মন
/kaggle/input/regspeech12/test/test_narsingdi_0092.wav,এডি এডি বইন বইন এইডা অনুষ্ঠানে বাড়া দিলা বনাদি না বাবার কি মাইক আছে ঠিক আছে তারফরে ফান ক্ষেত হইলা বাড়ি ঢাহাত আন্দি তা তোর বাড়ি ঢাহাত ন মিথ্যা কইরা
/kaggle/input/regspeech12/test/test_sandwip_0097.wav,মানে হিয়ান দে আঁই এম্নে ফিনদি লো কাইল গেলে আমনে অত লোক নিয়ে তো একদিন যাই এন টিয়া ডিউটি ন আই ফরে আমনে এনি আঙ্গোর স্তাল্লা কি দিছে হে রিস্তা ততো জামাইটা ইকটা না
/kaggle/input/regspeech12/test/test_sylhet_0330.wav,আমগো ওই যে স্কলার্সতাকরি খরতাম ফারমু ওউ আদা বা ছাকরি খরতাম ফারমু ইংলিশ মিডিয়াম বিবিন্ন স্কুলো ছাকরিমার খরচটা তার খতা আমার তো ওই যে ইউনিভার্সিটিতে যাওয়ার ফর তাকি সেল ডিপেন্ডেন্ হওয়ার কি একটা টেন্ডেন্সি নিজে নিজে খরচ খরিয়া আই উটটু
/kaggle/input/regspeech12/test/test_kishoreganj_0063.wav,ছলচি কুলা নি বেছে ফুরানা নাম না না না ঘাপাতুলাফাম দৌড়ে কেলা এইডা
/kaggle/input/regspeech12/test/test_sylhet_0295.wav,তাইর বিয়া ওই গেছে তাই জামাই তালি তাখে তো তাই গিয়া বড়ো বড়ো রং দেখ আমি গিয়া ছুটো ছুটো নেই দেখি অখন তাই আমারে খয় তে কিতা দেখো তুই একটা বালা দেখিয়া দেখস না খানা ইতা ছুটো ছুটো রিং দিয়া খরি তখন আমার মাঝে খাজ খরে যে আমি যদি একটা বড় রি অখন পজ ফড়ি আর ইটা যদি তাইন যদি ইটা পেমেন্ট খরতা ফারোইন না তাইন একটা ফরম ফাইবা আর একটা
/kaggle/input/regspeech12/test/test_sylhet_0200.wav,কেউ দাঁড়াইতাম খুব ওইতো তলা বইয়া দাঁড়াইয়া কুনুরখম ফড়া আর যখন দেখছি যে না টেবিলো দাঁড়াইয়া ফড়তে ফড়তে মানে ফাও বেদনা ওই যাইতো তখন আমরা টেবিলের তলে বই থাখতাম আমরা খরা লাগতো না কুমাইছে
/kaggle/input/regspeech12/test/test_sylhet_0496.wav,ন বাজের মদ্যে ওর যাও খুলি আসি দাম ফান্না মানুষ হসপিটালো তিন রে নায় এখন এখন আমার খা বন্দু ন না কিতা খয় আমি বাতরুমো এমন খা ছুরে আমার লাগে কবিতুখুলিা আমার ফরার জাগা মানে তে রিয়া ফরে যাইয়া আমি এদিকে তাই না বলা দেখলাম না বয়স বালা খালি ইটা যাই ট্রাক করি করতাইন আমি একবার তাইকা দেখতে আমার তো বিয়াগগিন দরা কিডা তো ধরা নাই ইডা গরতোদি
/kaggle/input/regspeech12/test/test_sandwip_0039.wav,আরে ক মাতুক গা লই গেছি একুইশ টিয়ার গর দেড় ঘন্টা যুগটা লাই কি মের জিজ্ঞাইছি না মোর কোনোরকম আরও কুনগা হুনা ছুইয়া এক্কান ক অইয়া এক্কান তো কোনো রকম থুইয়া যে কি মের তিন কইতে হারে না মনে অয় আত ফারা কইতারে হুম
/kaggle/input/regspeech12/test/test_barishal_0048.wav,আচ্ছা আমনের এট্টা কথা কই দিছি আমার এট্টা জিনিস লগে কোনো মানুষ কি চায় যে গর একটা না মানুষ তরে না আমরা কি সাত জন লোক হ্যারপর কওয়া লাগে কা দুঃখ চোটে কওয়া লাগে এই কামগুলা তরে মানুষে গর পাইছি
/kaggle/input/regspeech12/test/test_barishal_0007.wav,মনে ব্যাক ফেন না ভাত আমাগে মতোন দিন মজুরি রিলে ব্যানার বদলা কামলা জীবনে মা বাপ পালাইবে না আগে যু মায়েও হেই বিচ নে পোলাপানে পরিক্ষা করে তম হালাই দেয় না আর এই যত ওই দুই এট্টা বড় ধরনের ঘটনা দেহি বড় লোকের ভিত্রে হয় মান সন্মান প্যাটতে পার যে মা বাপ পরিচয় দে পারে না
/kaggle/input/regspeech12/test/test_tangail_0036.wav,একটা মানে হিস্টরি টাকা সবই অইবো ফরে দেখলাম যে না যদি আমি অনেক পরে দেখছি ছবিডা অসম্ভব কিছু সুন্দর ছবি যদি এটা যারা প্রথম ছবিডা শুরু করছি তাদের পক্ষে
/kaggle/input/regspeech12/test/test_narail_0079.wav,না খরতে যে হ আমার ফোন অবস্থা ভালো না তুই কথা বলতি হইছে সবার গুন্ডি লাগালাগি করবের নাই তো বুন্ডি লাগা রাকি করবে
/kaggle/input/regspeech12/test/test_sylhet_0131.wav,এইডার ই তো আর কিতা তোর বাইর দুই কুনুটারে কাপড় ত নিয়া দিয়াই আর আমি তো বাসাত খাম খরতাম না দেয়নি এর তো আমি আর বুক খামু ঢুকছি আয় কুন তো খই ইটা ছয়মাস দূরে খরতাছে ফড়তাম খরতো না না ফড়তা না আইতাছে সামনে
/kaggle/input/regspeech12/test/test_kishoreganj_0083.wav,লইয়া হ্যাঁ লইরা আমরা তে খাতাম না তা আন্নে কি আটটা লাগে তা হ্যা কি আইছে না না গাড়ি ছেলো না ন কতকান লাগে আর টিকা লইয়া আইলে এক ঘন্টা হ
/kaggle/input/regspeech12/test/test_sylhet_0344.wav,বাইবা দিতাম তখন আমি খইলাম যে এখন তো চাকরি করতে অবস্থা নাই বাচ্চা আইজকা দুনিয়াত মোটামুটি ডিসি তো থার্ড ইট তে এখন টিকিবার কি চাকরি করি দিলো তাই খইলে এখন তুমি খরতায় বোকটা অবস্থা নাই
/kaggle/input/regspeech12/test/test_noakhali_0009.wav,হ কবে কিলা কমেডি কি আগো চাইরশো টাকার বাজার টোক দাও কারে কিনছে আন্নে উচিত আরে কিছু টান না কি গো
/kaggle/input/regspeech12/test/test_sandwip_0130.wav,আর একদম আঁর তো একদম আঙ্গো ইয়ার খইলাম না যদি আঁই আন্নের ফেশার দি দামের আংগো ই হরা লেখা ফুতাইনেতো যদি কইতে যে তুই এত ইয়া করা লাইগবো
/kaggle/input/regspeech12/test/test_sylhet_0727.wav,বিয়ার দিন তাখে আর দিন টাখা লাগে আর কি আমরা আরেকটা থাখা লাগে তা নাও কাইত না তা না একটা ইটা কিতা খাইয়া গাছ কিলা দুইদিন থাখে মানে রুজা না দুইদিন ধরে আইন্নে রাতে তো বাত খাওয়া যাইবো সখাল তাকি উপায় নাকি
/kaggle/input/regspeech12/test/test_sylhet_0675.wav,আনতে আগে নি দিইক্কাই ওই না ইডা আইয়া ছা না তে এখন আফনে দিয়া পাবিই আমনের ভাই তোমার এলাখার দিকি কম কতা না
/kaggle/input/regspeech12/test/test_sylhet_0499.wav,বাম আর আমার অহন ফাছ তালা বে নাই আমার ছুটু বেডা দাওয়া দেওয়া তা ও প্রতি শুক্রবারে সখালে ফোন দিছে না বা হিনো গেলে দেখ তুমার সব প্রতি শুক্রবারে আমার ন ন খরি মানে জামাইর বইন বড় জন গ্রামে নো খরি আমার টু যেরা তারা নন খইয়া কি ওরখম সব দলো ইবে আমরা সব জাল অল আছে আমার বড় জেলা বারো তাইন বাতায়
/kaggle/input/regspeech12/test/test_sylhet_0080.wav,একবার বুজি আগে আমি কই আমার মতে আমার বুঝে আমি যে নাই লাই নাই তা না ডিফ্রেন্ট খতো অনেক তো তাই অনেক আমার তাইর অইলো দুই যা তা তো কান টান করে না
/kaggle/input/regspeech12/test/test_kishoreganj_0116.wav,কুটি জন্য পানের উদ্ভেদের উপরে নিবি খা দ কোন টি জন্য পানের উদ্বিদউপর খাদ্য কুটি জন্য পানির উদ্বিদেরউপর নিব ছিল খাদ্য নিছে কোটি সঠিক খাদ্য সিংক ছাইরাম গাছ পড়ি গাছ চাপ বেন
/kaggle/input/regspeech12/test/test_tangail_0037.wav,রোজা একটু কঠিন হইতে পারে তবে একটু লম্বা মনে হইতে পারে কিন্তু সব ভিজিয়ালথিম সব সুন্দর দেহা ভাল লাগবো ফুরা লাস্টের দিকে যাই আপনি এডার ইডা
/kaggle/input/regspeech12/test/test_sylhet_0183.wav,হয় হয় না আচ্ছা তে আপনেরার অনেক সময় নষ্ট করলাম কিছু মনে করবাইন না ফিরা যাতে নষ্ট
/kaggle/input/regspeech12/test/test_sandwip_0114.wav,কম আর ফরে একটি স্কুল আইছে বেতন টেতন দিবার লাই ন কত দিকে না দিছে ফ্যামিলি মা সাজে হেতে তো কোনো দিন নাই দুই মারতে গেছে কোনো উপস্থিতি নাই ফরে জিজ্ঞাইলে অবস্থা কয় না হোলারে তো দেখি যে কি
/kaggle/input/regspeech12/test/test_tangail_0015.wav,এইট সে আক্রান্ত ওইয়া যায় পরে একদিন মেডির সাথে দেহা অয় মরিরে ওরে বুঝাই সব মানে ওর সাথে অনেক কথা হয় পরে ও নিজেরে চেঞ্জ কইরা ফালাবো বলে সিদ্ধান্ত নেয় পরে আবার যাই কোইন বেঞ্চের সব সদস্যরা সাথে কথা কইয়া
/kaggle/input/regspeech12/test/test_chittagong_0073.wav,সিরি আছিল তারপর আরো মানে আঁরার পরিচিত এন কে আর মামা তো বইন মানে খইরদি ইতারা ফর্যন্ত ফরতো ডিজিটাল ভোট দেওয়ার কিন্তু ফিয়া ইখানো বেশি ল বেসরকারি ত ওডি অন ছেলো ফেলাইবু কিন্তু টেঁয়া না হ সরকারি তো টেহা লগে বলে
/kaggle/input/regspeech12/test/test_comilla_0020.wav,তাইলে বিষয়টার মধ্যে কিন্তু অনেক ইয়া ছিল আবার কারেন্টের তার একটা আমরা যখন যাই পরে আর কারেন্টের তার দেখি নাই এখন কারেন্টের তো একটা ছিড়া সবাই ধারণা করতেছে যে এই যে ধরনা যে এলোমিনিয়ামের যে ইয়া গুলা থাকে না সম্ভবত এই ধুলনারশিটাতে যাগারেন্টে তো আটটা ছিড়া করছে এরকুম মানি একটা ধারণা করতেছে
/kaggle/input/regspeech12/test/test_kishoreganj_0074.wav,দাদা তো আমি যাতাম আর তুন ফায় একটা লই গাতার একটা না গারা একটা কার দুইডা ই ফরে দুইডা ফারেনি তুমি তুমি নি লাইগা আমি নিতাম না তুমারে দেও আইচ্ছা নাগো তুইলা নি নি বেতন চলে না ইডা তুইলা না করছে নি
/kaggle/input/regspeech12/test/test_sylhet_0759.wav,ফারে না ফারে না হুনছি এখন ফারে না কুনুখানো তারা ফারে না ওখানউ বলতে মানে ফানির কিতা খরলে আরকি ইন্ডিয়া অয় না ওখানোর খাই তো বিয়া তো আছে
/kaggle/input/regspeech12/test/test_habiganj_0065.wav,কিতা ওই ছিক পেন ইটো থাকে আগে খালি টুকা তো বাইর খরতাম আনন্দ ফান ফরে বাংলা ইতা ইতা কোন বইয়ের মইদ্দে গল্প আছে যেতটুক ইতা একটা পরতাম আর এমনেও করি গল্পের বই আর অখন তো মোবাইল আইতে পর তিকা মুবাইলির মাইটে খতো গল্প দেয় মোবাইলের গল্প বাল্লাগে করি খয়দিন আগে আমরার পরিক্ষার আগে মোবাইলের গল্প এমন ইটা ওইতি খালি গল্ফের বই কিনা বাল্লাগে দে
/kaggle/input/regspeech12/test/test_sylhet_0639.wav,প্লাস স্কিপ খরো খই খরা ফুল আর তুমি মারা লাগে আর মানে দামটা ঠিক খরো আমরা খরি কিতা খরতে বালা লাগে বিক্রি খও নানি ইখানে যাও
/kaggle/input/regspeech12/test/test_sylhet_0244.wav,এর আগে খইলাই আমি তো এখ কিতা যেহেতু জেলার মদ্যে ফার্স্ট ওইছি তো বোট ফেলার শিপ পাত্রি বোট ফোলা পার খারণে আমি ইন্টার ফর্যন্ত ফ্রি ফি খরি দিছি অলো কিন্তু ওউ যে ইও লাগতে আমি হুসকেলো থাখতাম হোস্টেলে তারা দিতা হুরা
/kaggle/input/regspeech12/test/test_sandwip_0080.wav,ইডা যে আছে দিতে অইবো যা ফুল কও গা খইরা ইয়া বো আমার বইন তো গোল মনি না না হ ইয়ানতে ল হে আবার চারা করি ইলা বুজো আফুর কও গা হইয়া আমারে দিয়া গাড়ি অইলো যা কাটতি অইলে কাডি তাকাইতে ইলা গাড়ি দা আফু তো ক ক
/kaggle/input/regspeech12/test/test_kishoreganj_0069.wav,ফারবা আমি কেউ কি ফারি না নিব্বারারে নাহ রাজা ফাল ভাই রা আফন ইয়া কি তা ভাই রাইগগা দি না আমার একটা টেকাতে
/kaggle/input/regspeech12/test/test_sandwip_0035.wav,না ওইডা নিয়া কিচ্ছু কইছে যে কুনান দিলা না গেডি খাইতে না কি রানছে না আইজ্জা আন্নেরা
/kaggle/input/regspeech12/test/test_sandwip_0048.wav,না একটু ঘুরছে হুম তো তারা ভাই রা গুনে মাথার আরা হু সরস নিছো না হরি জেলা গইরগুন
/kaggle/input/regspeech12/test/test_chittagong_0137.wav,কিছু লইয়া আর হে থাখে না গর ফাডাববাইয়রে আরও খরদে চিতে হাতে না কি আর খন বাস তুলি দিতোনা আর বলে বাসত ঘুরিয়েরে হেরা না মনে যাইতাম ইয়ারে কিছু আগা আমার তো ছিনেনি তো আইলে গুইনা ফাডি মাইয়া না পার হয়া খরদে ইতারা রান ডোল দি
/kaggle/input/regspeech12/test/test_sylhet_0069.wav,তে আফনেরার ধর্মীয় আচার অনুষ্ঠান লইয়া যদি কিচ্ছু খইন মানে তো ওই যে হিন্দু নানি আফনে লইয়া বা কিতা খরোইন কি কিতা কিতা খরছো তে তারা
/kaggle/input/regspeech12/test/test_kishoreganj_0148.wav,কিন্তু হে গান বাজি এবং লাইট পিকার এবং মাইক বাজি এ শব্দ দোষ বলছে ওরে শব্দ দেশোর মানুষের মানসিক ও শারীণিক সমস্যা সৃষ্টি কে সাদিক
/kaggle/input/regspeech12/test/test_kishoreganj_0009.wav,ব্যালা আরি কই কারো বহুত জাগা কোনডা ভালা
/kaggle/input/regspeech12/test/test_sylhet_0083.wav,দাম ওইটা হচ্ছে বাসা লইয়া হ্যাঁ শেষ করি ই যে মা একটু একটু কোনো বাসাই সাইডে নি তরে তাই না বাসাত নাই একটু হাটতে হাতে মাতি
/kaggle/input/regspeech12/test/test_sylhet_0570.wav,দুর্বলতা নায় স্যালাইন ট্যালেন্ট করছে বিটা ডাক্তারের কাছে ইটা একটা রুপ কন্টিনিউ টার ওষুধ ফরে আর ও মাতায় গুরায় না নি আমরা ফান একটু আছে যুক্ত থাকলে আছে আর কি খেয়াল হেল্প করোইন না
/kaggle/input/regspeech12/test/test_tangail_0076.wav,ওই শিউলির যে বেড মানে বানি তার যে বেড নাই কার যে বেড ওই বেডের পাশে রাইখা আছে ফরে এই ফুল অর তো আবার ওয়ার পছন্দ আছিলো আগে থিকাই এই ফুলের বাঁসনা তো মানে কথা না বলতে ফারলে অনেক সময় আছে সেন্স কাজ খইরা ওইত্তো ইসময় এই সেন্সটা মানে
/kaggle/input/regspeech12/test/test_sylhet_0669.wav,আফনে মানে হাউজো আইছ নু আমার ছুটো বেলা বিয়া ওইছে কের বাইত কর ইয়া অইছে কম বইছে তেরো বাইত কের বা
/kaggle/input/regspeech12/test/test_kishoreganj_0173.wav,নিরাপদ পানি নিরাপদ পানি হুম পুকুরে পানি নিরাপদ না অ নিরাপদ নিরাপদ পুকুরে পানি নিরাপদে অ নিরাপদ ভাই যে
/kaggle/input/regspeech12/test/test_sylhet_0741.wav,স্বামি কর যে তার ইয়ো ওইয়া যাইবো তার মানে ই যাইমু আগে সম্পূর্ণ ভাবে তারা মানে টাই নামের খাতা আফনারা ওই করলা যাই তারার ইখানোর লগে সম্পর্কে
/kaggle/input/regspeech12/test/test_sylhet_0433.wav,খারে ছাইন না হয় তো যদি খারাপ অই যা রে বাবা তো আমি এখটু পরে খালি ফরে এখটু ফায় তো আমরা ম্যাডামরা তো খাতা ইতা খরা নিয়া কিন্তু খাইলা না ফরে আমি কই জানতে কিতা আফনার খরি না উক্কা কইছে না বাবা বাজে ছেলো মারিবা খান্দা তার তিকা দিয়া খই যায় বাবা তুমি খান না খরবে না তুমি বালা নায়
/kaggle/input/regspeech12/test/test_sylhet_0737.wav,থাকে ফরে বিয়া লাগবে রাত্রে বউ একটা পুরা না না আপনে ফুজা না ইটা ভাবো না নিয়া আমার জিজ্ঞা আইয়া ইয়া নাই নাহ
/kaggle/input/regspeech12/test/test_kishoreganj_0068.wav,দেন তোর দোকান খুইল্লা লো কয় যে তোমার অহন তো বা খুলছি মামা দুইডা ছাও ফাইছি কুক আর ভাত লেইক্কা বাতা লইয়া ছা পাইছো হ ও আইচ্ছা
/kaggle/input/regspeech12/test/test_sylhet_0346.wav,নিউজ ফড়বো আর এখন তখন লাইক দিয়া ডিস নেস অইলো অইলো ওইয়া
/kaggle/input/regspeech12/test/test_sylhet_0162.wav,গাছে গা তো বড় বড় তো না এবার দিমু রাকি হেল্প সাইড ফরি দাম একটা ইয়া ক সবাইর বা আমার পলি এরা কিতা খাইতাম না না ইলা তো বন্দুর খালি তার নগর নবী জান যা আর বা যাওয়ার খবর ই
/kaggle/input/regspeech12/test/test_kishoreganj_0189.wav,গিলি ন তো ইস্কুলে গুলো নি না কি কি গত ত নি বলো তো ফরে মামা অন ক তে ফানি দলিল হ্যা
/kaggle/input/regspeech12/test/test_sylhet_0540.wav,টাইম যাই সারাদিন আওয়া লাগে খালি আস্তে কুনু সময় তো আমরা এলা না মিস দেই না আরেখটা তাখে না আলাদা এখটা গেলি বড়ো ফরে লাস্টে তিনটা সময় খানি বানাইছোইন কিছু ফালে বড়ো
/kaggle/input/regspeech12/test/test_narail_0108.wav,আর আছে শুধু ফ্যাক্টিস টা ইটার খোনো কোনো পরিবর্তন হয় নি ফ্যাক্টিস ওটা ওটা দেখি এবার যে আবার দেখাইতে হবে কী হয় না হয়
/kaggle/input/regspeech12/test/test_kishoreganj_0058.wav,এইযে এইল্লা জিগা এইলা জীবন উইড্ডা উইড্ডা ওই কি দিবানি নিতো কা হেই কে কা টানা তাও কে রক্ষা ফরে চা বলে হে বেডা দেইখা
/kaggle/input/regspeech12/test/test_kishoreganj_0080.wav,দুইটা দুইটা না যাইতা বেছে না খাইয়ালা এরা তো খায়ালা দাদা ফাতাল বেছুবেছেলা
/kaggle/input/regspeech12/test/test_rangpur_0064.wav,আর কিতা আর তার বিয়া করছে হ তার বিয়া করছে ছাওয়া হইচে তোরে জাগা তো বইনের বিয়া নাই তার নামওই যে মার বাইদ্দা আছি হয় হ
/kaggle/input/regspeech12/test/test_sylhet_0497.wav,খইন বাবা ইটা কিভাবে আছলো তুমি ইকটু টানতেই মাজাইয়া তুমি ইটা চাপ দেইকুন ব্যতা লাগে নিয়া ইলিশ মানে মিডিয়া উঠিয়া আইচ্ছা ইয়া বার বারো মাতা অখন কিতা টা দেখা আমার খতা মানে একটু তুমি ফেইস না আর এনু আমার টার্জ খরলো একটু লাগছে লাগার খনে মানে মনো খরো যে তারা টানে একটু ডিলা যার অলা জানি বইলতে উঠিয়া আর হু তাখতা খায়া গেলে তখন বউত না মানে কচ্ছি ছুকা গেছে আল্লাহর রহমত না নিয়া খানতা
/kaggle/input/regspeech12/test/test_sylhet_0188.wav,বড় অনো আব্বা আম্মা আর জন ক্লাস ওয়ান খরি বড় বাই বরিয়া ওইছি তারপর তিকি বড় ভাই বড় ভাবি
/kaggle/input/regspeech12/test/test_rangpur_0025.wav,গরু ভাবে ছাওয়া গেছে খালি যাইয়েই নাকি তাও যায় হামার বউ আগে যে এই বাড়ির মানুষ এই যে নীলিপুর ঘরো খুঁচকরি সর্ব পোরথম ফতেয়া খানু এই যে তোমার নানির ন বু ওমার নানার খাছে
/kaggle/input/regspeech12/test/test_sylhet_0612.wav,আপ্পায় দিয়া বা আইচ্ছা আব্বা টানে নিলা আছেন গোফনে তে কছে আই নানি ওই যে সাকিবোর জান রাও বাদ ও
/kaggle/input/regspeech12/test/test_habiganj_0051.wav,আমরার ধর্মীয় বই টই আছে ইতা করি এরফরে পার্থ না করি গান অন গাই গাইয়া তে
/kaggle/input/regspeech12/test/test_sylhet_0648.wav,আর আমার থাও আর তুই কী বলদ
/kaggle/input/regspeech12/test/test_comilla_0011.wav,হয়তো এই দুলনার কাছ থেইকা ওদের রিয়ারসালরমে দূরুত্ব অয় তো তিন চার মিনিট হবে ওখানে যাওয়ার পর স্যার যখন বলছে যে রিয়ারসাল হবে না তো তখন আবার ফিরা আবার দুলার কাছে আসছে আইসা দেখে যে ওর বান্ধবী ওজন চাইবা সে দুলনার মধ্যে একদম অদ্ভুতবে বইসা রাখছে মানে একদম
/kaggle/input/regspeech12/test/test_sylhet_0107.wav,তো না দিতো ছাত্র রাইতে একটু ফুতলো নাই মাইল কে খইলাম ডা ফুটলা খরো না ফুটে দেও ফারে আমরা খইলাম সাত আজার টেখা দিলাও আফনার লাগি আমারও খুছতা ইতার লাগি ফাছটা টেখা বাজার এক রিটেন টেখা আমার দরো দা
/kaggle/input/regspeech12/test/test_tangail_0069.wav,মানে জানে তহন ওই যায় হাসপাতালে আর আর দুইজন দুইজন যে পছন্দ করতো মানে কিন্তু বরুন তো সিরিয়াস ছিলো না আর মেয়েডা মানে যে নাইকা কেউ দুইজনেই কেউ কাউরে বলে নাই বরুন দান সিরিয়াস ছিলো না মেয়েডায়
/kaggle/input/regspeech12/test/test_tangail_0063.wav,আর বরুন দারা বানি ইতা দুইজনই অইছে হোটেল ম্যানেজমেন্ট আর ট্যুর মানে স্টুডেন্ট মানে অরা হোটেলে এহন আর জব খরে সম্ভবত মুম্বাই কুনু একটা ফাইবার হোটেলে ম্যানেজমেন্টের কাজ করে মানে কখনো
/kaggle/input/regspeech12/test/test_sylhet_0761.wav,বইন ব্যাটার গরো বইন না নি বইন গরোর বইন জীবনে তা কিতা দাদু তুমার খালা না এর ভিতে খাতা
/kaggle/input/regspeech12/test/test_sylhet_0402.wav,মানে ঠিকটাক না তাখে ওই বার সাতে তারা মারা যায় তো এখন আর তো ডাক্তার যে খাইয়া জাগা জাগায় ওবা ইতা খইলাম না সখালে যাইতাম বিমান দিয়া ডাখাত আবার বিকালে আইতাম ওউরখম ছলা ফিরা খরছোইন এরে বাচ্চা দিলাইতা
/kaggle/input/regspeech12/test/test_kishoreganj_0091.wav,না লুডি কা খালি রুডি রুডি কয় হুম হ কুন গাছে না বালা বালা কুনডা ওতি করছি
/kaggle/input/regspeech12/test/test_sandwip_0094.wav,দি বিকালে তোর কাইলের না কইবেন না কি না কি দেখা দুলায়ে বুজি ফান
/kaggle/input/regspeech12/test/test_sylhet_0436.wav,আমি খইতে ফারি না বুল ফুলডা তো আল্লায় আমারে বুঝিয়া দিতাম যে ও ভুলডা তুমি খররায় আবার আমার যে আমি গুল কিতা খয় না আমি বুঝতারবা না আমি নিজে কি কি পিটার ইতা মনো খয় আমি কুনু বুলন তোর মতো ওরখম ফরে হে বাগান
/kaggle/input/regspeech12/test/test_narail_0134.wav,তোমরা দুইজন কর ইন্ডিয়া তো বা ইন্ডিয়া যে ন গরি বলি কিলা তুই যেরকম বাড়ি থুইয়া মারে থুইয়া কোনো জাগায় যাতি পারবি না
/kaggle/input/regspeech12/test/test_narail_0094.wav,আমি যদি মনে কর কাম তাল তোর সাথে কথা বলতাম না ক্যা গিফট তুমি জানো ভাল ইবে একসময় তোর সাথে আমার কথা হইছে তা কান তার সাথে দক
/kaggle/input/regspeech12/test/test_narsingdi_0055.wav,ন আইচ্ছা জাগা খাতি তুই দো মশারে ইমুন ভাবে মারো যিমুন ইয়া কোট এক্কারে মানে অয় না ছালা দুলা মিস
/kaggle/input/regspeech12/test/test_sylhet_0425.wav,ও ফড়ায় ডাক মা তাকি মেডামে এখ করি কিন্তু এখন বইন তারা অখন তাকি ডাক্তার বিনা রতন তাইন আবার ডাখাত গিয়া বই মাঝে বাংলাদেশ যাই ফরে তাইন খইছোইন আইচ্ছা আমার খাছে লই গিয়া আমগো ফরে আমার লগে ম্যাডাম মারে খামার বিডিও দিয়া এক্সিম
/kaggle/input/regspeech12/test/test_chittagong_0111.wav,মেসে কি বানছিন গরি দি তো আঁর কিরগি আর ফরে খই দি আঁই হুদা খা গনি খরছে আইডি ইতের গিয়া ডিরেক্ট নাই নাই আইডি দি আই আই ফ্রেন্ড গরি দলমতের ব্লক মারি দেই ন ন খই তাতারি কিরগি মেসেজ কেরে তো ডিরেক্ট করন বাসিটিত
/kaggle/input/regspeech12/test/test_narail_0084.wav,বুঝেনি চায় সব মানে বলে জানি আজকে দেখ এট্টা গতি অংক অংক কলাম না ওর বাবার ঘাটে রইছি
/kaggle/input/regspeech12/test/test_sylhet_0021.wav,টাইমের বুজা খরতায় বেলা মা প্রতি মার খাছে না তারফরে প্রথম দিন পূজাটা অয় সপ্তমে পূজা সপ্তমে বুজার দিন সবাই আমরার তিন দিন বুজা সবে দিন অবে না কে মার খাছে গিয়া অঞ্জলি প্রধান পূজা টা করি খরবে
/kaggle/input/regspeech12/test/test_tangail_0028.wav,তুমি আমার সমে ডেস্টিনি তুমি আমার মানে তুমি আমার ভাইগ্যে লেখা ছিলাম তারফরে ইরখম অয় ফরে আবার জনতা আর ছাড়া দুইজন দুইটা ভিন্ন লিফটেউঠা বলে যে আমরা যদি একরে আবার পরে খরি আমরা যদি আবার একই আসি
/kaggle/input/regspeech12/test/test_chittagong_0091.wav,দাদাই নাই আরও তো নো আইয়ে কেউরে ন আইয়ে আঁরা কলেজের মেলা কিরকুম কোনো জানে বা টেনশন
/kaggle/input/regspeech12/test/test_kishoreganj_0147.wav,করছে সবুজ আর চাকরি এই যে হলুদ করা এর বালিশ বাঙ্গি সবুজ রঙের বাঙ্গি সবুজ অনে বাঙ্গি সবুজের বাকি সবুজের ভাঙ্গি সবুজ রঙের ভাঙ্গি সবুজ দরবার কতা ভাঙ্গি সবুজের বাত সজন কি কয় না হন বাই যে সব জন্যে কি করে নয়
/kaggle/input/regspeech12/test/test_habiganj_0064.wav,আরও কম না আমি তার লইয়া মা মারি একটু ভক্ত খয় তো আর অতো বড় টাউট অইয়া গেছেগা আমরার না খইয়া ওই যাছগা মার্কেটও বান্দবি রাত গিয়া ছেরা খাফড় পড়ি দে নি যে কি নাম নাই না লা আমি তো ওই যে গাছ লাগানি বই ফুল ওই কিনা গাছ কিনা ওইগুলার লাইগা অনেক গা খাইছি বই ফুল গাছ লাগাইলা বাড়িত দেখো তো কথা খাইছি খালি কইতো ইতা কেরলাইগা আজাইরা গাছ লাগায় ইটা ইখানো লাগাইছে রে ইখানে লাগাছে ইটা লাগাইন লাগতো না ইটা লাগাইন লাগতো না আর ইটা কেরে কি নাইছস
/kaggle/input/regspeech12/test/test_barishal_0072.wav,অর কানে হেন্দে ঢুকাইতে বাই কইরা দিবি ন টাউট মায়েরে খাওয়াইতে ইরম যদি হয় তয় তো ভালো ইয়া কি আমরা কত কতা ক না দেখা আমি মনে করেন মানুষ এরম হইতে পারি সাদা কাগজ ইলা কি দিমু এর একটা কথা যদি কও ঘুরাই হালাইতে হারে যে না রে এট্টা কতা মিথ্যা
/kaggle/input/regspeech12/test/test_tangail_0058.wav,বোলার টাইম নিয়া নায় না আর কি এরকম অথচ তো আপনি আপনার সারাডা জীবন মানে তার হাতে খুবই রাখছে কিন্তু সে বিদায় সময় সেই একটা গুড বাই আর কি বললো না এরকম আই সাপোট ইন দা দ্যা হোল অফ লাইফ বিকামসআনক্ট অফ লিডিং গো
/kaggle/input/regspeech12/test/test_kishoreganj_0094.wav,মসজিদ কি আমরা যেরা বইয়া থাহে বাজে বইয়া থাহে মাজে মানছে না হুম হ্যাঁ নামডা ফরে ইতা লিগা হ্যাঁ না মারে দিতা আমার কতা হয় না
/kaggle/input/regspeech12/test/test_barishal_0090.wav,কিন্তু অভাব নাই খই যদি না এই বার তো নি খাবি না বানাইছিলাম নাই আরেকজন
/kaggle/input/regspeech12/test/test_kishoreganj_0093.wav,হের লগে তুমি ন থাকছোস না ন অতা ফাতা ক ফাক না ফরস না ন ন কি মাঝে মধ্যে হে গুলা ফাছ না না কেরে এমনে মসজিদ ফরে মাঝে মাঝে মসিদো
/kaggle/input/regspeech12/test/test_habiganj_0043.wav,ব্যক্তির ভাগ ওই বালা লাগে কিন্তু এর মাইদ্দেও আছে এখটা দুইডা বাল্লাগে না বাল্লাগে বেশতির বাগ ওই কিন্তু ওই যে মোবাইল লইয়া যে বইয়া থাকে ইতা লইয়া যে খেউ খে ইতা দেওনে ও খালি মনে অয় যে না বালা না
/kaggle/input/regspeech12/test/test_sylhet_0431.wav,মানে এক দিন না চৌদ্দ দিন ও দলিল খুনি ইতা আমার ছিট খাটিয়া দিলো ইতা খইছোইন যে তিন মাস ফরে আরেকটা অপারেশন লাগছে ফরে ঠিক ওইবো মানে এক উপারে না ঠিক অর না আরেখটা অপারেশন সাড়ে তিন লাখে
/kaggle/input/regspeech12/test/test_tangail_0075.wav,শিউলির যা হওয়ার টা তো অইছে আমরা আশা করি অসুস্থ হইয়া পড়বো এইরকম পরে বরুন দাওয়া যহন মানে আইসা পড়বো ওই সময় আবার অক্টোবরিলো ও শিউলি ফুল নিয়া
/kaggle/input/regspeech12/test/test_chittagong_0077.wav,ইয়্যান ন হ ওই হ্যাঁ বিকালের মধ্যে আঁই করতে আইতো না আঁই তো না খাইতারলে হ ইয়্যান ফইরজি সাইন্সের আলাদা আঁরা রাক খার আলাদা সকাল আই গেলে তোর ফরা কিন্তু বাসের ঘরের মতো ফরম বড়
/kaggle/input/regspeech12/test/test_sylhet_0031.wav,অনেক টাখা উঠে না সবাই দশ বারো আজার মানুষ থাহে সবাই দশ টেখা খই দশ টেখা নিছে দিতো না আরে বেকটি দিবে হেই পঞ্চাশ টাকা দেয় খে একশো টেখা দেয় দে মনের উফরে নির্ভর খে দিলো নিলো ও পুজা শুরু ওইলো নি পুজা
/kaggle/input/regspeech12/test/test_sylhet_0734.wav,পাশটার দিন আবার অয় আফনারা সাত ফা ইদিন জামাই বেরা জামাই আছে জামাই বউ দুইজনের মিয়া সাত তা আর রাত্রে তো এখলা বহু যায় বা একটা জিনিস ফাওয়া খেলি না রাত্রে ওত্তো দেলাম জামাই বেতনে
/kaggle/input/regspeech12/test/test_sylhet_0345.wav,তখন অইলো গিয়া ভাইবা বিলাইডি বাইবা দিয়া কুনদিন তাইবো আর কুনদিন ইকটা গ্যাজেট অইবো কুনদিন নিউজ ফাইমু ফাকে গিয়া আরেখটা চাকরি ইয়া গিয়া এপ্লাই খরছিলাম বাংলাদেশ তখন ইটা ফালাবো ঠিক আছে এগারো হাজার টকা ওউ চাকরি করছি
/kaggle/input/regspeech12/test/test_narail_0122.wav,পরে ওরে খুলনায় নিয়া এডমিশন করে যে তোমারে কালিয়ার ইস্কুলে ওরে পড়তে হবে না সেটা বলো আচ্ছা ঠিক আছে সাইন্স জানি সংকোষ্ট ইয়া তো ভালোবাসা সাইন্সের কান সব চারা ওডা খুব ভালোবাসা তুই বলতে যে মাস্টার ভিতরে এক মাস ক্লাস করিছে এক মাস প্রাইভেট করিছে ছয় মাসের ভিতরে
/kaggle/input/regspeech12/test/test_narail_0023.wav,টিলা ওই ওই আইছে গেছে খাইছে নিয়ে একটা এডে একটাতে এই আগে কোনোদিন পরচা ওই দেহি না ওই ছোটোডা তার শেষ কালে তো ওই যে এইডে সাথে সেইডে টাতা ছুইটা যায় খাতের ভাইঙ্গা এইডের সাথে খাতার ওই ছোটো ছোটো দিকি কনতে ছোট দাদু ছোট মামা
/kaggle/input/regspeech12/test/test_sylhet_0657.wav,আছে দিন যায় তাইলে চাকরি খেটা কেনবা টা ভাই এই যেটা ফড়ি আর কি পোলা খাটায় খরা এই সেই যা না তিনো খেয়াল গুরার খরি খাইজ্জা খরিলতা কন খাখার লগে খাইজ্জা করি মাইর ছাকরি খ না
/kaggle/input/regspeech12/test/test_sylhet_0723.wav,নে তো তো মরা জেলা ছিনি বান্না টাকা ঠিক টাহা অইয়া ইয়া
/kaggle/input/regspeech12/test/test_noakhali_0008.wav,অসুস্থ ফরে তো বিয়া অইলে ঘুম বা টিপতি ঘটনা কালকে তাইন তো না আবার কাইলকা আইনতো ন এগিন কাইলে মনে হয় এতো ঘুইরতু আইজ্জা একদিন কেয়ার ব্যস্ত নি হরলে আমি দুই দিন হরে অনে তিনদিন হরে অনে কুইটনাই
/kaggle/input/regspeech12/test/test_rangpur_0129.wav,রিংকু কেমন আছিস আলহামদুলিল্লাহ ভালো কী অবস্থা তো আখ মুই একরকম আরকি কিছুক্ষণ গল্পগুজব করিম মোবাইলোত এখনা রেকর্ডও করিম তাতে কোনও সমস্যা হইবে তোর না সমস্যার কী আর তুমি বন্দু মানুষ
/kaggle/input/regspeech12/test/test_habiganj_0006.wav,আরে গেছে হ ব্যাডা বেশি একদিনে তিন জন গেছে আব্বু ব্যাডা ওই বাজারো যারা দি দারা বেডা তে
/kaggle/input/regspeech12/test/test_sylhet_0586.wav,ফড়লে তো টেস্ট ফাস্ট বাই ফরে কয়দিনের মইদ্দে স্যারে ফিরা অখন স্যারে ফড়াইবা তারফরে টেস্টের ফরে তাকি রে রাখি স্যার হুম আমরা তো বুজি খরছি না আমরা এখদিন বাড়ি আমরা তো দেখতেই ফারি না
/kaggle/input/regspeech12/test/test_chittagong_0084.wav,বেশি ভালা আছে না আর ইয়া গালে অইলে জানছ না তো কিল্লাই বেছে খইন না ইতা খই খই সারাদিন খালকে ন চলের
/kaggle/input/regspeech12/test/test_chittagong_0096.wav,খতম টেস্টি দে কিত্তো টিটাং কলেজ খইরজি এইচ এস সি টা কলেজত ইতারা সেকেন্ড মিনিটের সেকেন্ড মিনিটের মদ্দি চলাইছি এহন আঁরা কিরজুম দে ইতে টেনশন তাখছি
/kaggle/input/regspeech12/test/test_barishal_0093.wav,একটা হিসাব কি না আর কাজ আছে অনেক কিছু এই গাছের কাজ কি বাজি না হেরা কেউ কাজ তে কতাম প্রত্যেক কিছু করার কি অর তোমার করে হ্যা কিন্তু যোগ কাতলা হে তে আর কি না বে কিছু ক না ওই লাভ এট্টা হাডাই ক
/kaggle/input/regspeech12/test/test_barishal_0079.wav,ফা দি কম দে তা কিনা তা এই চাকরি বাকরি তাই তো মোবাইলডা গরম ফিরে আবার কি গরম কইরা হালাইছে
/kaggle/input/regspeech12/test/test_habiganj_0036.wav,সেবেনো মনোয় ফড়ি আমি খইমু আমি আজকে রানমু এরফরে আমি ইতা জানি আমি রানছিলাম ডিম বাজি খরছিলাম ফুটকি দরখারি রানছিলাম
/kaggle/input/regspeech12/test/test_kishoreganj_0070.wav,আমি তো আমরা আমি টেহা লাগবো কিতা খাইনতে বিটা লাগে না আমি টেহা লাগবো কতা ক দি টেহা লাগবো আমার তো বালা ফাই না আমনে আমনে তো টেহা নিবাইন টেহা দিয়া তে আমার
/kaggle/input/regspeech12/test/test_narail_0130.wav,আমি অনেক কিউট না আমারে মিস করবে কান্তারে বলিছিস সোনারে বলতিছে মোরে কলি তো শান্তি বাদবেনে ওই তো কি
/kaggle/input/regspeech12/test/test_tangail_0030.wav,জোনাথাননের ওই লিফটেযপেক করা ঠিকই ছিলো কিন্তু আবার দেখা গেছে যে হঠাৎ অন্য লোক আইছে প্রেসকইরা মানে একটু এলোমেলো ও যে তাইন আরকি এদিকে আবার জোনাথানের আবার আরেক জনের সাতে ইগেজমেন্ট ছিলো আর
/kaggle/input/regspeech12/test/test_barishal_0040.wav,এহন মুই পর থু একলা লোক বিশ্রি কোনো আনে লোক পাই না গাছের কামের লোক কিন্তু এবেলা বলে একজন দুইজন পাওন যায় না জ্বালা আছিল হ পাঁচজন পাচজনে কাম করে দুইজন মুই পাম খই ভাই গরের পাকা সামার ফাই কামের এহন আমি তো ভায়রা কামে গেলে এই তো হাসান ভাই হেগো আমার অনেক রিকুয়েস্ট করছে ভাই মোর একটা সাপ্তা কাম কইরে দে তুই হাজিরে যায়া চাক দিমু
/kaggle/input/regspeech12/test/test_sylhet_0594.wav,কিতা অইছে মানে তাই কিতা জানি হঠাৎ খরাত এমনে চান্স ফ্রিতে তারফরে মানে ইতার তিকা ওইছিল ডিমেন ফড়া তাখছিলো নায় এরফরে তে কিতা খরে হাজবেন্ড আইছে এরফরে আবার শ্বাশুড়ি এরারে লইয়া ইতা মনে কর আইছিন তিনবার ইয়ার
/kaggle/input/regspeech12/test/test_narsingdi_0005.wav,খুব ভালো কি এহন তো আছে সাকিব আছে তামিম আছে ওয়ানডে তে ইটা হিয়ার তবে যাই গত মাশাফির মতো ক্যাপ্টেন পাওয়া খুব কষ্ট হরে
/kaggle/input/regspeech12/test/test_rangpur_0093.wav,হামার বাড়িত হুম তারপরে জল যাবার বাড়ি তো খাইসেন জলের বাড়িত কার বাড়িত কেমন খাওয়া দাওয়া খিলান ভালোই খেলা কার বাড়িত কেমন সকালে বাড়িত দি ভালো খেলা
/kaggle/input/regspeech12/test/test_sandwip_0006.wav,এই তো গোসল করতি না হিয়ার হরে কই বুরি গোসল ন করে কি খানা ন ইয়্যানও ভর্তি অই তোর কত ডাইল ছিন্ন তো লাইবু
/kaggle/input/regspeech12/test/test_kishoreganj_0082.wav,চুক্কা দাম বাড়াই তো
/kaggle/input/regspeech12/test/test_sandwip_0096.wav,কি যে একটা নাই মাইড্ডা লইয়া একটু কানি তো কি তাই মাইন্ডের চিটাং বিয়া যেলা বিয়া হে সব আছে যে গই মাইন্ড করমে অইছে গালাত জায়গায় সত্তর দিন একবারে একবার চা হিয়ানে দুরিছমরলা আছে কান দেকি কত তোরে যে হিসেবে আর দিবার যা যা জাইননি
/kaggle/input/regspeech12/test/test_sylhet_0334.wav,ইটা তুমার বড়ো থাকি তুমি টার্গেট বড় রাখ টার্গেট জীবনের ছুটো খরবায় না আর তো তো ফাইনাল ফিল ফাইব লাগে ই ব্যাফারে আর ফিছনে চাইও না আমি আছি তো অখন ওউ আমি আছি আমার কিনন আরতে ইটা হচ্ছে আমার সবচেয়ে বড় টাখর
/kaggle/input/regspeech12/test/test_tangail_0079.wav,ফরে বাষা স্থানান্তর করা হয় তরুন ধাওয়ান এদিকে তার ফিউচার ক্যারিয়ার নিয়া ব্যস্ত অইয়া পরে সে এখন আগে ঠিক অনেক বেশি সিরিয়াস অইয়া গেছে তারপরে হঠাৎ এক সময় ফোন আসে যে
/kaggle/input/regspeech12/test/test_sylhet_0105.wav,বড়ো কিতা খাম খরবায় কাপড় দিমু খরমু না বাদে যাই বয় খাত একশো টেহা ফায় ইডা আর ন গিয়া খালু খাম খইরা গেছলা তো বেটার বাসাত যাই কিতার লাগি দরো একপাতা ফঞ্চাশ টেহা দিয়া আমার ফান ঘর টেহাডা আমার উঠবে
/kaggle/input/regspeech12/test/test_sylhet_0305.wav,ওও তোমরা বিয়া খরতাম নি না তোমরা কইলে ওকে তখন তারা খইলে আইচ্ছা ঠিক আছে বেটি ফড়তে বার্সিটিতে কিয়া বেটি ছাকরি খরতে যাইলে তো করানি লাগবো তো আমরা টেকা উকা দিলেও করবো আমরার রান্দা বাঙ্গা লাগাতোমরা টেকা উকা দিলেও তইবো সমস্যা নাই থাকুক বেটি সিলেট
/kaggle/input/regspeech12/test/test_chittagong_0144.wav,জি জনি ভাই তুরে ওকগো হ দে কি কি কি কিছু ন হ্যালো হ্যালো
/kaggle/input/regspeech12/test/test_sandwip_0064.wav,থুইছে হিয়ার আগের দিন হ্যাঁ আইচ্ছা যা খাওয়া কইছি হয় আমনে লাগায় থুইবা দরজা থাকায় থুইবে ঠিক আছে কি
/kaggle/input/regspeech12/test/test_sylhet_0704.wav,ফড়া লেখা খরছোইন না আফনে ছার না ইখানো খয় বছর দেরি আছে কিন্তু তো ওই যায় মানে খন ইবা দিকে আছে মানে আফনের জন্ম জন্ম থাকি না এমপি তারে খরো সখালে ছাড়ি ফাইয়া তারার গরানি ফিটা আছে বানাইয়া ইন্ডিয়ারে আমার জন্ম
/kaggle/input/regspeech12/test/test_kishoreganj_0075.wav,তারে ফারি নাইলে এম দুমু তাতে না ফ্যান কইল্লে ফ্যান কইলে তর মেহেদি দেও মেয়েডা মেয়েডা তুলবেন মেডা তুলবেনেদমু
/kaggle/input/regspeech12/test/test_sylhet_0485.wav,বাগান তে ফোন লইয়া আর আমি তো টামার আল্লা ইয়া যেদিন যেখটা দিমু আমারে ও যেদিন মানে না দেখছোইন দেখতো তাও বইয়ে খাছে খাটে যে মেডাম যদি দুই আরটু আমার ওখানে বয়া নাই কিতা ডাক্তারো দেখলে আমার যে বই লাগে আরেকটু বাইটা ইটা দেখার তো খুলি মরিস ইটা দেখছেন যায় মানে বড়ো
/kaggle/input/regspeech12/test/test_rangpur_0061.wav,এটা যাই তো আগে বলা উচিত এটা সবাই দেখতে সবাই বলে দেকপে এটাও কইছে সবাই তো কে পড়বে তো সবাই আমরা ও করে আছে তে তাতে দেখি ওটে আর ওগে এগলা কিছু কওয়া যাবি না যার কারণ
/kaggle/input/regspeech12/test/test_sandwip_0033.wav,খাওইন্না কে ফারতো বেক অইছে আদা আমাগে খাওইন্না তাইলে অনকা হেই সময় আগো এরকম কতো আছে মা ফাওনা গিয়া একদিন আল্লা ছিরে আঁই ফোন করছে ইয়া খাওয়ার দিছে বড় গেমস আইনছে কইলেও লটকা মাছ আইনছে আবার ইছামাছ বুকটা কতটা না আছলা ফাকছে এ
/kaggle/input/regspeech12/test/test_sandwip_0105.wav,ফরে তো ছুটো আত মামা হমাথা বেশি ভাগনা হেতে বা ইস্কুলের ফা যারা তো কি তো হেতের এগু মাইনষের ফড়াত বালা মাইফে এবো ইয়ের চা তার পরিমানে বেশি ভাইরা
/kaggle/input/regspeech12/test/test_sylhet_0002.wav,তো একটা ফালতেন মানে অনেক বাচ্চা কী বুজে ফালে তারফরে ওত্তো সময় ভুদা ছলতা
/kaggle/input/regspeech12/test/test_kishoreganj_0127.wav,এইতে আমরারে ই করে না ফুরা কয়লা যে ফুরা আর অহন বত্তমানে ইয়া কেউ যায় গাছ থুয়া যেলা ফরে তো সরকারে ইয়া যে টেকা টা মানতাম আল্লা সরকারে টেক সরকারের টিয়া দিছে ফরে তো আমনের ইতা না অইলাম বেটার প্যারা তারে
/kaggle/input/regspeech12/test/test_sandwip_0076.wav,এমনে তো আলা তো খাইনা ডাক্তারে গেছে ঢাখাতে যখন কিছুক্কন দুঃখ আর বিবেক দক্ষতা জিরা দুঃখ
/kaggle/input/regspeech12/test/test_sylhet_0262.wav,পাই আমি যেনু ফ্যাক নাম্বারটা খই যেতা আমারে আল্লায় যেনো নিরা ফরোইন না আমি ওখান খালি আল্লা খেত ছাইতাম আর খরতাম ইরখম একটা অবস্থার মদ্যে দিয়া যেহেতু গেছি বিয়া খাদি প্রেম বালো ওতা নিয়া ছিন্তা খরার কুনু ফুশতো আমার আছিন না
/kaggle/input/regspeech12/test/test_narail_0119.wav,বাসা প্লাস অফিস নিয়ার একটা ইয়া আছে মনে করো তুমি থাইকলে এট্টু রান্না বান্না কইরলে বানা গেছে এই বেডা আমি এট্টা ভাজা কই আমি কুলা আইলে তো তোর আর বুন্ডি সংসার অশান্তি তুইলে যাবে না তারপরে
/kaggle/input/regspeech12/test/test_chittagong_0132.wav,যে না ফরে কল দিয়া নয়টা বাজে খরদে মাসুদ ভাইয়া গেছে না কি মাসুদ ভাইয়া লে তুই আই যা তো না খইরদি মাসুদ ভাইয়া তো তা আসি গেইয়্যে ক হরে তুই তুই মাসুদ বাই লা আছে ন ফারে মাসুদ বালাই দিতাম হরে তো কিল্লা নো আরি আর দে কিল্লাই হ
/kaggle/input/regspeech12/test/test_narsingdi_0038.wav,ফলাফল কালা ফালাইলে বাইরে মতো দিবো না কি খাইতাছে হুম এইয়ার লগে মল লাগলে কি পায় হ্যা মাইয়ের লগে না তো খামার দু
/kaggle/input/regspeech12/test/test_sylhet_0440.wav,বাবা আছে জীবনোর যুগে খইরা যে নিজের বাসা তো এখন খাছা খতা নিজোর বাসাত যাই খারাফ লাগে ওউ যে ফড়ার বাসাত তাখরাম ফরার বাড়িত তাখলে ফড়ার তে এক কতা অয় খয় মানি আমরা আঞ্চলিক ভাষায় এখটা খতা খইরাম মানে গ্রামোর মানুষ যেরখম খয় ইটা তার ফড়ার বার্তা তুমি এখটা খারাফ খরতে ফারতায় না তার বাসা
/kaggle/input/regspeech12/test/test_narsingdi_0077.wav,মায় মনে অইছে বেক ওইন্না দিছে সালামি ঠুমানের লাইজ্ঞা মা মার এট্টা মার একটা বয় না বা গাছোর নাম মা জাগা তো সালামি যাইতাম বাই হারে না আমার ট্যারা ছুডুবেলা তাইক্কা ছিন্তা খরতাম বড় গরে বড়ডা তো সালামি ফায়
/kaggle/input/regspeech12/test/test_sandwip_0082.wav,যেগিন দি আছি বলে ইয়া মাইয়ার মাতারে বাইন্তো অনু টিকমতে বাইত দে না ইয়া অনকা কি ষোলো থাক মাথা মুখে খরচ অলা গুরাগুরা
/kaggle/input/regspeech12/test/test_habiganj_0013.wav,এই অবস্থা খরছে আমি বুইজ্জা ফাই না কেরে লোকরা কিতা খাইছে এরা কতা তাইলে কেউরে খালি এরা লোকরা যায় করার বাদে খরা তারা দি
/kaggle/input/regspeech12/test/test_tangail_0005.wav,মানে ভালো দেখা যায় না তাই ওরা দিতি চাইছেলো না কিন্তু এডা ফরে মানে ফ্রেডিরেড একটু আবার লাগে মানে একটু মন খারাপ খরে পরে সে বুচ্ছে যে নিবো না ও ঘুইরা যায় গা
/kaggle/input/regspeech12/test/test_sylhet_0501.wav,ওর যাইবা রুজার আগে যাইবা রুজার বেড়ানি বেড়াইয়া আরকি রুজা গুলা রোজার আগে একবার আর ইদো এখবার তে আমি এখন যাই গিয়া আমি রুজার যাইতাম রোজার আগে যাইতাম না আমি আগিয়া মানে আমার আরেক বইন যাইতো দুইবার বইন যাইতো বাই ফাইতে রোজার রুজার আগে আমরা একবার ফুরিন বিয়া ওয়া দিলে রোজার আগে মনে খরো বা তোর খরে এখবার আনলে নাই ফরাইয়া দিলাম যে রুজার মাতা খেউ বউ দিতো নায় আমারও যদি তাইলে বাইতো নায় রুজার তো খেউ যাইতো না বাবা হ
/kaggle/input/regspeech12/test/test_sandwip_0083.wav,বিরক্ত লাগে আরেক্কানে আর ঘুরা যেন গা চুল আইছে মেলাদিন তো অনে এট্টু হইসালা তো আবার কার আছে গাতাডা কান খাইতে আছে না ফুরা মাইনষেরে ছোট কার ফুরা লইয়া গেছে কারে ভালা দিছে যে টিকমতে ত্যাল তুকাও দেয় না
/kaggle/input/regspeech12/test/test_sandwip_0050.wav,আজ্জা না আছে নে না দে না গিয়া তো হিয়া হিয়ার আগের দিন গেছে বিশ জামাই এক্সিডেন্ট ই টিয়া জামাইর আবার ওরম হিয়ার জামাই গলা থুবো হি বুলে হে গিয়া হচ্ছে আবার করছে না কিয়ের হচ্ছে হেগুনে খাটি দিছি
/kaggle/input/regspeech12/test/test_tangail_0087.wav,পরে ইদানিং আমার কেমনে যদি মনে অইলো যে এই ছবিডা দেখি গেই ছবিদা দেহো নাই পরে এই ছবিডা মানে ডাউন করে দে এক দেহা শুরু খরলাম দুই আজার সাত সালের ছবি এডা অইছে দেবদাসের যে ডিরেক্টর আছে পদ্দা ওয়াতে যে ডিরেক্ট আস
/kaggle/input/regspeech12/test/test_sylhet_0061.wav,কালকের পিকনিক যাইতাম অহন তাই মজা যে জল মজা বলা দিয়া আমরা সালাম গঞ্জ কুন জাগা ছা আর কুনু খানো যায় ওইছেনি তালি ফিক্স তো থাকে তো গেছলাম আর আমি চুরি যাই না কি গ্যালে একবার খইতাম কিলা লাগছে ইটা একটু তারফরে এক্সপেরিয়েন্স
/kaggle/input/regspeech12/test/test_kishoreganj_0174.wav,হে যে ফরা ফানি হেডে তো কি লাল মত এর তলে এডে তো লা
/kaggle/input/regspeech12/test/test_narail_0064.wav,যা আসতো না এ বালা একটা তেলো কেমন করি যায় না কি জানি বালা গন্টা দা রান্দা ফাতা আর দিনের মইদ্যে মানসি তোর তারা তো
/kaggle/input/regspeech12/test/test_habiganj_0098.wav,পাবারে কেউ লইয়া যায় না সিলেট সাদা ফাতর সুন্দর টপার জাফলং পর আরো অনেক জায়গা তে সিলেটের তো বালা পিকনিক অনেক সুন্দর না ই জায়গা ঘুরা যাইবো
/kaggle/input/regspeech12/test/test_narail_0035.wav,বাকরি ফালি এহন আছে তারফর ওই যে পরে ফারি নাই বসতি পারবে না কোনো বেচান যাই না তা দলিলি দলিল নাই মিক্কা রইছে না হে আমি ওই জাগা ফুরা বেচতি ফারছি না হয় তো আমি গুলা ওই যে ন
/kaggle/input/regspeech12/test/test_barishal_0019.wav,মানে অনো মানে ক্যা বাড়া তো খায় ভাত খাইয়া টু টাইম তাকি টিডা ইন্না খাওয়া একটা ক্যানে ইডা যাইবে একুশ দিন সেইডা ক একটা খাওয়া ইয়া কাম হইবে সকাল দা সকাল আট চাইর হাবা বা হে আর এই
/kaggle/input/regspeech12/test/test_comilla_0026.wav,এই গিফটা অয় অনেক যত্ন কইরা রাখতে দেয়ালে ঝুলাই রাখছে আর বাদ দিতে এই গিফটা দিছিলো এনু সাইবা ফরে তালি তদন্ত হয়নি যে ঘটনা ইলা আসলে কি এডা তো উপজেলার উপজেলার আমার এই
/kaggle/input/regspeech12/test/test_sylhet_0053.wav,আর বাবা মা খইলা না ইতা নিয়া যা আমার মা মারা আমি তো আমি কলা আমি ক্লাস তাই তিন শেষ তুমি একটু বড় বইন আমার বড় বইন আর ওই না আমার করো তোমরা বড় বড় ভাই এরফরে বইনের ফরে আমি
/kaggle/input/regspeech12/test/test_tangail_0059.wav,বাট হোয়াট হার্টস মোস্ট ইজ নট টেকিং এ মুমেন্ট টু সে গুড বাই আচ্ছা এরপরে ছবিটা হচ্ছে বলিউডের তার অইছে অক্টোবর এই ছবি দিলি দুই আজার আঠারো সালে আর আই এম ডিরেট সেবেন পয়েন্ট ফাইভ
/kaggle/input/regspeech12/test/test_kishoreganj_0125.wav,সাদারন নব্বই ঠিক আছে লক্ষ কঠিন লগে আর কঠিন লগ দিতে আন্তাজি এই যে তুমি তো তুমি লক্ষ তান
/kaggle/input/regspeech12/test/test_tangail_0120.wav,না না না বিদ্যা কিন্তু তো একটা পান ইখটা থেকে হইতাছে সব হেলথ আর করা হয় আমার কাছে আসলে ব্যাপারটা কিন্তু কথা ইতা ইতা ছে
/kaggle/input/regspeech12/test/test_sandwip_0070.wav,টুকরি আসি যাইতাম গুল্লা ওই যে বাকি কুলা শক্তি লাগে গাড়ি হইলে থাকে ফরে তো বাড়ি বাবা না কতারে হেই মানুষ অন যান আরে ভাই যে অইলেও আর মনে কোনানদি কাল যদি আচ্ছারাপ যার যা দিয়ে তার তার তে যা
/kaggle/input/regspeech12/test/test_sylhet_0467.wav,আমার আব্বা নাইলে তো আমরা আর মনো খরো না আর তাখে তাইকানি ভাই একটু পেনশন ফাইছোইন আমার আব্বা মরার ফরে কুনু গর ডাবল ফাইছোইন খরা খরতো তারা গাড়ি দিলোইলে তারা সব বাড়ি বই না রাখতো যতো টেখা খইছইন আমরা বই না টেখা দিছি আমরা বাইয়ে
/kaggle/input/regspeech12/test/test_habiganj_0015.wav,ইডা তো বেছো না আছে না বারা তো তারা না কি বেডা মনো অয় বেডা না বেডা ইডারে যে তাড়াতাড়ি বেতালে
/kaggle/input/regspeech12/test/test_habiganj_0080.wav,উরাও খয় ভাইবো আমরা দুই বোইন তিন বাই আর তোমার সিলেটের কাক্কা কী অবস্থা সিলেটের ছাড়ি ছেমা তো মারা দিতিরা ফারো
/kaggle/input/regspeech12/test/test_habiganj_0110.wav,ফরে ইটা তো মেইন ফরীক্কা না ফতি ফরীক্কার এরলাইগা আর অর্ধ খিক ফরীক্কার সময় মেইন সার ইলা ফরীক্কা লইবো আর ন কিতা প্রিপারেশন বালাই মানে প্রতা বাই ফরীক্কা এখন হোলা ফাইয়ো একটা গুরুত্ব দেয় না বাট
/kaggle/input/regspeech12/test/test_narail_0116.wav,এটা মজা ফতি কে না নাম তো জানি সেটা তো দাদা আমারে বলছে না সবকিছু তোর আমি একটা কথা বলি তো দাদা আমার সব সম্পর্কে বলি যায় তো সম্পর্কে যেমন থিরি তো দাদা আমারে বলছে বুঝছি
/kaggle/input/regspeech12/test/test_sylhet_0008.wav,আর তো অনেক মজা ওই ওস্তা দিকে তামাইত ও
/kaggle/input/regspeech12/test/test_sylhet_0623.wav,ইনো তো আর কিতা অইলো আবার বাইন খরিয়া আইতো আবার স্টুডেন্ট হিসাবে গিয়া যাইতাম আর স্যারে উইদ্দো স্যারে বারবার খইছোইন ছিনে স্যারে মায়া খরতাম তার কান আছলাম স্যারের ক্যানে অয় স্যারে এখদিন খইছোইন অ
/kaggle/input/regspeech12/test/test_tangail_0046.wav,যেহেতু আরেকটা আগে স্পিক একটা ই ছিলো পশু পাখির প্রতি ফরে ও ওই ভাগ টারে এই বইটা সাহায্যে যেম্নে করি নৌকায় উঠায় কিন্তু ভাগ তো হিনসপ্রাণী অর্থ কিরা মানে ও এহন চাইতাছে যে ইয়ে খাইতে
/kaggle/input/regspeech12/test/test_sylhet_0718.wav,তে আফনারা কুন বিত্তে আছে মানে এই জিনিসগুলা আফনারা রাখা ওই লাগে মানে ইটা টিক কাহিনি আমরা দিন ফান ওইবো ফানোর দিন আমরা যেটা হ অসিন
/kaggle/input/regspeech12/test/test_sylhet_0192.wav,তো ইসময় কারেন্ট থাকি না আমরা তো গো রইছিলো কারেন্ট আরকি না আমরা হারিকেন দিয়া খুবি টিয়া ইয়া দিয়া ফড়তাম তা খরসি খরা লাগতো ফাইনাল তার মদ্যে তেল বড়া
/kaggle/input/regspeech12/test/test_habiganj_0078.wav,কলেজের এরিয়া কতা খাছি সাইটে ফাইটে এলাখার নাম কিতা বালা তারফর আনমপুর আলম পর
/kaggle/input/regspeech12/test/test_tangail_0031.wav,অল্প কয়দিন ফরে বিয়ে কিন্তু না খান তো সারাডা অনেক ভালোবাসে ফরে এই ছাড়া আবার অন অন্য মানে দেশ থিকা না খানের
/kaggle/input/regspeech12/test/test_sylhet_0563.wav,তো ইখান থিকা যাওয়াও বেশ দূরক্কার বাবা আর কিতা খয় ইনকোর্স কিরখম ওইতা না অইছে আর করছেস নে না না একটা সাব্জেক্ট হইয়ে নে
/kaggle/input/regspeech12/test/test_habiganj_0105.wav,না এমনি তো করছি না আর গুলা কিছি না আমার জীবনে পাতাম ইখান ওই ইতি লাখটা
/kaggle/input/regspeech12/test/test_narail_0146.wav,আমার ভিসা রে তে আমরা চা আসল আগে আসা যায় আমি কাইলকে চইলে যাবো ভিসারে বেশি আনতি মোটা কর অসুধ শেষ ওইয়া গেছে আমার মানে টেনশন এক
/kaggle/input/regspeech12/test/test_rangpur_0118.wav,তাইলে আইজকে কার বাড়িত খাওয়া দাওয়া গেলে তোরে বাড়িত হ্যা কী খাইবেন বয়লার বয়লার খান না আই তো বয়লার বয়লার দিয়
/kaggle/input/regspeech12/test/test_sylhet_0690.wav,ছুটোবেলা কিতা ইচ্ছা আছিল কিতা খইতা আছলা টেখা খরছ বাগায় জব খরার ইচ্ছা আছে আমি তো ইচ্ছা তারা কিতা ইচ্ছা সব ক্লাসো যায় টুকু মা বাবার যাই চেষ্টা খরের ওতোটুকু বাদ বাকি তাইন তাইন কিতা খইতা ফরাও যা বালা ফড়া লেখা খরি মায় বা তে খরবো
/kaggle/input/regspeech12/test/test_habiganj_0021.wav,তারা তো ওরা বেশি বেশি তোর বাপ করা জানি ছেড়া বেড়া না মা ছেরা কই না বা
/kaggle/input/regspeech12/test/test_tangail_0050.wav,ফরে এরকম দুইজনে অনেক সময় পারি দেয় দীর্ঘ সময় পারি দেয় এই সময় তারা সাগরের বিভিন্ন দেখে পশু পাখি দেখে তারা বিভিন্ন পশু পাখি
/kaggle/input/regspeech12/test/test_sylhet_0528.wav,অর লাই এখন প্লেইন থাখছে এক ঘন্টা লেইখে আর বেল্ট না আমি যে আরো বেশি এনজয় কিতা খরতাম আনে তো লাস্টের দিকি আব্বার মনে খয় দরখার তাইন গেছে মাঝে আব্বার খরার ফরে আমি ওই গেছে রে দেওয়ার সময় যাই এই যে ইবার খওয়ার সময় কি কন কন ড্রেইন
/kaggle/input/regspeech12/test/test_sylhet_0556.wav,হ ভাই তাও মামি খাবার দোয়া মাস তিন মাস মাঝখানো আন্টির যে অপারেশন হইছে না নি ফুরো
/kaggle/input/regspeech12/test/test_sylhet_0534.wav,আর যে প্লেইস ওইছে প্লেইস মুটামুটি সুন্দর আছে ফড়া গেছে মামানি কিরখম মামানি তো খুবই বালা ফুরান ওইলো জাগা মানে আরকি মিটুর আমরার লগে মিলতো ওইনি
/kaggle/input/regspeech12/test/test_kishoreganj_0120.wav,লক লাগাইতো মনত আমার ফরে নিজে কোন খাইদ্য শঙ্কর মত গাছ হেয়া খাইয়া খালা আমরা গাছে আবার গাছ ফুন খায় কালা ভেঙ্গা বেঙ্গা একেক লাগে না
/kaggle/input/regspeech12/test/test_habiganj_0091.wav,গুরানিত গেলে তোমার ছবি তুল তা বেশি বালা লাগে না এমনে তে দেখতে বেশি বালা লাগে ছবি তুলে বালা লাগে না মোবাইলের ক্যামেরা বালা থাকলে তোর ছবি তুলি বালা লাগে বা
/kaggle/input/regspeech12/test/test_sylhet_0380.wav,ফ্যামিলি থেকে আমার তারারে ইস্কুলো ফাটাইছে খেত না ফাটায় ইস্কুলো ফাটাইতে ওটার লাগিও তারারে পুরষ্কিত খরাও ফরে তো আর আমি যখন আইয়া ধরতি আ
/kaggle/input/regspeech12/test/test_chittagong_0032.wav,হালাও হ্যাঁ ওডি হ তর কি হাওয়া তোমার কেন আছে আছে আছে গম আছে আলামু তারা তো ঘুরে হরে ঘুরের দে খালি হালা রাইন্দে গিয়্যে বলে খালামনি রাইন্দে
/kaggle/input/regspeech12/test/test_chittagong_0092.wav,ফোন বাইয়া কল লাই বুঝে না কী আইন ও বুজি ওই যে সুমায় দে না সুমাইয়া তার অল খাইল্লা ন অয় খালি সুমায়ের খবার কল দি খোনোমতে কল ন ধরের মেসিরে দিলাম দি ন শায়
/kaggle/input/regspeech12/test/test_narsingdi_0124.wav,এই এই ঠ্যাং দা কী কইতাম এরারে সিট বুঝছি আর এ পিছনডা সিক্সো বার করেন না সিজন টুও দেয় না মাছ থাকে কার আমার মন প্রথম দিকে কয় বলে একটু ইন্টারেস্টিং আছে তা তর লগে আমি একদিন এগারো হাতে তো দেইক্কা চাষ করছেন
/kaggle/input/regspeech12/test/test_kishoreganj_0003.wav,বেডা এই দুই কয়া দিবে ঠিক আছে তিন হে তো দেওয়া দিবে তুই আমি ওয় দেও ঠিক আছে যায় না না হ হ আমি নাম ক্যা ক
/kaggle/input/regspeech12/test/test_narsingdi_0054.wav,তাইলে মশা ব্যাট দা মারতে বিশাল করতে আর ফেমিলি অনেক সময় মশা খা আমরা থুইয়া যায় গা সেই জায়গা মানে আমার তো মারতে মদ্যে ইলা যে বেটা ভালা আছে যদিও কুনতা আমারে কিনারা ওটা ব্যাটটা এডাও
/kaggle/input/regspeech12/test/test_sylhet_0285.wav,বাড়িত প্রস্তাব ফাটাইতে প্রস্তাব কাটানি ফরে বাইয়ের লাগছোইন ফিফটি ফিফটি টানা বালা তারা খন পাম ওইতো ফারে না খারণ যার লাগি প্রস্তাব আইছে ওইলো গিয়া টান্ডার একটা কলেজ থাকি ফাছ আর তা চাকরি ও অলা ওলব্যান্ড অইছে না কোনো চাকরি অইবো
/kaggle/input/regspeech12/test/test_sylhet_0465.wav,বা দেখছি দেখছে না যে আছলা তা তা তখন তো তুমার মনে খরো আশি পাঁচ আশি আজার টেখা ফয়লা খে
/kaggle/input/regspeech12/test/test_kishoreganj_0077.wav,দেন তো তো কুলা আগা আঙ্গাইয়া তর বাইরা দিন হা দেছ না ফরাইতারতাম না আর কিপ্টা কইরতাম না আগে আরে এই যে দেখতাম ফুলা ফানে কত কিনি বিদেশি ই না
/kaggle/input/regspeech12/test/test_habiganj_0049.wav,ইতা ওই ফাইতি মোক মোক প্লেট উডো ফাইতি কত্ত বই টই ও পাইছি দুই তিনডা বই ফাইছি আমার ভাইয়ে দিতি
/kaggle/input/regspeech12/test/test_sylhet_0508.wav,ইতা আমরার টেখা দিয়া করে ওরা লেখতি পাওয়া হিরাও ইনি তুমার বাই বালা না আমার ফাছ লাখ টেখা দেওয়া দরখার নেও খাই বা তুমি আজকে তাখো খাইতে যাইবা তুমার কিতা কিতা লাগে মানে ইন্ডিয়াত তাকি এক বস্তা ফিরি না সব বইনরার হাছা উডে খম ওয় না তা না
/kaggle/input/regspeech12/test/test_rangpur_0094.wav,তারপর যে কার কার বাড়িত খাওয়া ভালো হইচে কোন রান্নাটা কেমন হইচে কী সমাচার ক দেখন কোন রান্নাটা কেমন হইচে জলের বাড়িত কি কী কী খিলাইচে মা গোছ
/kaggle/input/regspeech12/test/test_kishoreganj_0142.wav,কিটনাসঅগিয়তালি ও হাসপাতালে কয় কয় না বিভিন্ন রাসায়নিক যার তে ইত্যাদি মাতি ইত্যাদি মাধ্যমে মাটি দূষিত হয় ইটা মাধ্যমে কি মাটি দুরি তা মাটি দশ না কি কি ক মাতি দুর ক মাটি না না কি বাইয়া
/kaggle/input/regspeech12/test/test_habiganj_0090.wav,ছা বাগানো ইক্কা রাখে দা কে দেখে দে খাটতে গেছো আমি গেছি আমার আম্মা গেছলাম আমার আব্বা গেছোইন আমার ছুডু বাই গেছে আর অইলো গিয়া আমার তাতো বইনের গেছলো
/kaggle/input/regspeech12/test/test_kishoreganj_0144.wav,করে দিছে কয় কা না বন্যা রাসায়নিক বিভিন্ন রাসায়নিক তেল চলে মাজি নাকি হ বাদে
/kaggle/input/regspeech12/test/test_chittagong_0051.wav,আল্লা না হোন মরা মরা তত বাজিরে কী করিম হোয়া লা কি হোয়া দিবারে ছাড়ি ইবার খাছে আবার ঘুরি ফিরি টং করে হ অরি তুই তো আবার যাইতে কিল্লাই আই অইছে কুল্লুরে সামা চাইয়া আঁই কিছু ন গরি ওডি ন গুলো না ইটা খাইবু দেয় না
/kaggle/input/regspeech12/test/test_comilla_0012.wav,আকাশের দিকে তাকায় রইছে চোখ গুলা উল্টা রইছে উপর দিকে সূর্যের দিকে তাকায় আছে আর হাপ্পা একদম ছেড়ে দিছে এহন পাশেই মাথার মধ্যে যে অন্যান্য ছেলে মেয়েরা খেলা করতেছে না ওরা ভাবতেছে যে এই নুসাইবা মজা করতেছে ওরা ছেলে গুলা হাসা সে কচ্ছে দ্যাখ দ্যাখ ও ধুলার মদ্যে বইসা কীভাবে আকাশের দিকে থাকা রইছে এইভাবে কেউ ধোরনায় বসে
/kaggle/input/regspeech12/test/test_chittagong_0147.wav,সালাম আরে সালাম হারি গেইয়্যি এক্কান সমস্যা ওইডা তার লাই এতক্ষণ ন খইদে কিনা রেকর্ড টাক কি না কি রেকর্ড নোয়ায় না তার লাই তো আবার সমস্যা সাতে আরেখ হাম বাজার দিলো আল্লা
/kaggle/input/regspeech12/test/test_kishoreganj_0115.wav,ফাগারের খায় কালা ইগু হ্যাঁ এইগলে তে কিলা শক্তি মূল উৎসব কুনডা সূর্য শক্তি মূল উৎস সূর্য হে তো আগে আগে মত হরিক্কা তাইলে কাজ লইক্কা বা
/kaggle/input/regspeech12/test/test_sylhet_0392.wav,না কি প্লে আমরা আনতি আমরা অইছে আফনের ই এন্তে কলেজের স্টুডেন্ট আর বুঝছো এই রাস্তা দিয়ে তুমি তো মাইয়া অইছে না ভাবছিলাম যে কি বন্দ যাইতাম হক কাটে যাইতাম কি রাস্তা হুতি তো এখন দুই কাটি সুন্দর লাগে ভাবি কলি হয় তো এখন দেকি আর শেষ ও বুঝছি
/kaggle/input/regspeech12/test/test_tangail_0074.wav,ওই হাসপাতালে আম্মার কাছে বলে যে বরুন বুঝায় যে এরকম তো আমার আর চলতাছে না পরে ওই শিল যে আম্মা থাকে সে বরুন ধাওয়ানরে বুঝায় এখন তুমি ক্যারিয়ারের সময় দাও
/kaggle/input/regspeech12/test/test_habiganj_0062.wav,করা যে তাইলে আমারে আইয়া উল্ডা দরে কিন্তু পরাত বইলে ফরে আমি ইত্তা মদ্যে ফিরতে ফারি মা থাখে কামে কিন্তু ইতারে ইটা ফড়াইতাম আমার তর আগ উইট্টা জেলা
/kaggle/input/regspeech12/test/test_barishal_0054.wav,আমনে বউ তো এট্টা সেকেন্ড খাড়াইছিল না হেই কুটু একলা টাইন্না নামান না আর হেইয়া ঘাডা হেইয়া ঘুরান না তে হেরা কালা হইয়ে গেছে মোর কাল্লা পাকনা লাইন তিন চাইড্ডা দিনে হেই কিডা আইন্না এহন থুইতে কাকা হেই কুডাআইন্না থুইছি মোর ক্যা লোসখানাইছে পনেরো হাজার টাহা বেচতাম এট্টা কর যে খুরম দিছি
/kaggle/input/regspeech12/test/test_rangpur_0004.wav,আকারে কি ঢাকাত মামা
/kaggle/input/regspeech12/test/test_sylhet_0676.wav,কিতা জীবনে একটু খইন খই কিতা খরছোইন আফনার তোমার একটু পিটি না বিয়ার ফরে অনে ইয়া দেখতাছি আমরা দিয়া আর এখ মাস খরে আরকি
/kaggle/input/regspeech12/test/test_sylhet_0333.wav,তুমি ফড়ো তোমার খরচ আমি দেই জুটি কুনুদিন স্বাবলম্বী ও তো কার দিলাই আমি খরত নেও আমার কাছে পেটি বিয়া চাকরি করে বড় চাকরি করবা চাকরি কড়াও লাগতো না তোটাল চাকরি করার যাইতে সংসার চালা আমি বড় চাকরি
/kaggle/input/regspeech12/test/test_sylhet_0171.wav,তো মনে হয় না মারিয়া আনি দিতা না কিতা না খাইয়া খাইছো বাজার অবস্থা খা আইচ্ছা আছে ওই যে কিতা ওইবো কিনা ওই বেলা খারা বউত কষ্ট আছে
/kaggle/input/regspeech12/test/test_kishoreganj_0153.wav,পাকা বাতালি লেবু ভিতর তা হালকা গুলা পিরঙগে বিতর হালকা গুলা পর পাতা বিতর টারাপ বাতাস লেবু পাকা পাতালি লেবুর ভিতরে হালকা গুলা পিরঙগে বিতরাহালকা
/kaggle/input/regspeech12/test/test_narsingdi_0064.wav,মনে অয় আমার কিছু স্টুডেন্ট ফড়ানি আর যদি গণিতের কতা ক গেল ইন প্রেডিক্ট প্রায় ওভার বয়স তে প্রায় ওভার ম্যাথ ম্যাত আমি আর অনেক ভালো ফারতাম ফাইরা কেত থাকতো মানে ফরীক্কা মনো থাকে এই যে এটা আমি
/kaggle/input/regspeech12/test/test_sylhet_0115.wav,কিমুন কাহিনী তুমি ঠিক কি তর মায় যে ইকটু কি ফালাইয়া আস্তা দিনের লাগি কামো হুম আর ভাই বড়ডা একটা থাখতাম খুলবার যাইতো কইরা তুমি খরমু আইতো আস্তা দিন ধরে দুই ভাই বোইন আমরা ঘরো থাকতাম
/kaggle/input/regspeech12/test/test_sylhet_0693.wav,আমরা খতা আফনার লেখা খয় দিন সময় না আমরা কেজি ফড়ি আর ইটা হচ্ছে একটা আঞ্চলিক ভাষা নাই একটা রিসার্চ আর কি গবেষণা তো এরলাইগা আমরা বিক্কাত খইতো আফনেরা আঞ্চলিক ভাষা মাছ সিলেটি ভাষার ফিটা আমার বাড়ি ইসকি যাইবো কতাগুলা আবার লেখা ও আর থাকতো না মানে একবারে পরে থাকতো তখন সমস্যা না তো আমরা গল্প খরছে এখন কুনু ইনফরমেশন দরখার নাই যেকালে আমরার শব্দ গুলা দরখার ভাষাগুলার ভাষা
/kaggle/input/regspeech12/test/test_sylhet_0212.wav,তে বাই অলা তোত্তো লইতোই তিনটা গ্রাম প্রতিদিন গিয়া প্রত্যেকের খাছ তাকি নাম উন লইয়া আর আইয়া ফাইন্যা বলে ইয়া ইত্তা দেখি গ্রামো খতজনে লিস্ট আইছে কুন কুন গ্রাম তে একটু তেখে খে আছে লিস্টে
/kaggle/input/regspeech12/test/test_chittagong_0172.wav,ন খুলের খইতাইন নে হয় এরি থাহন এবার হাগু তুন ভালা ন লাগে তো খালামনি রাইখতু মার না দেয় অনে ও গাইয়ের ঘুরি দওন তো হাইলা আছে মাইসা তুর কালা মানি ন দা
/kaggle/input/regspeech12/test/test_sylhet_0136.wav,বাড়িত বা কি জুগা থাইক্কা আর কুনু দাও ফরে না ওই তো তেমন দে দে আমরা যে আইলাম এখন হঠাৎ কইরা কামও বেড়া দিলাইছি নাগবে রাইতের না
/kaggle/input/regspeech12/test/test_comilla_0017.wav,ডাক্তারের কাছে নিয়া যাইতাছে ওর মাও দৌড়াইয়া গেছে যাওয়ার পরে ওর মায়ে মার যাইয়া দেখে যে উনার মেয়ে ফরে সাতে সাতে মানে স্যাররা সবাই মিলা ওরে হাসপাতালে নিয়া যায় কিন্তু হাসপাতালে যাওয়ার পরে ডাক্তাররা কি ঘোষণা করে আরকি
/kaggle/input/regspeech12/test/test_rangpur_0112.wav,মানে বেডা তো মানে বেডা কইতার মুইন্না দেখতাম বেটি খালি দেইকা দিয়ে বেডা তে বেটারা যা বেডা বড় সব বড় ও বেটি দিগে থাকি বড়
/kaggle/input/regspeech12/test/test_kishoreganj_0010.wav,মানুষ গুরা গাড়ির মদ্দে আর তে বেশি না কই হেইডা মাজারে ছবি ইয়ান
/kaggle/input/regspeech12/test/test_sylhet_0355.wav,তো একবারে তো আমার বাত্তি কতোটা ওইলো আলহামদুলিল্লাহ অনেক যে আমরা আর কেলা করিবার লাই ফুন দিয়া শুরু খরছি গুদ্দা বারায় মানে তাইনোর দিক থিকাও কুনু প্রত্যাআছিল না আমার দিক ঠিক না আমরা মানে
/kaggle/input/regspeech12/test/test_rangpur_0014.wav,নাম না কি গো কন গো কন গো ফ্যামিলি বলে কী কন গো ও সবুজের বাপ ও সবুজের বাপ মাতেনি আনো গো
/kaggle/input/regspeech12/test/test_kishoreganj_0018.wav,আচ্ছা আমরার দিকে রাস্তা বাড়ার মদ্যে আনুইন যান না তুই বল আমরার ফাহুন্দিয়া ফরস বইলে তো আমরা রাস্তার বালা লাগে ফাক্কা আছলা টিক্কা কিন্তু ন ফাক্কা আস্তা হান অইলে না অহন ফাক্কা আস্তা নষ্ট অইলে আর বেশি খারাপ হুম হান জুন যা না এই যে এক্কান গাতা অইছে এক্কান টান
/kaggle/input/regspeech12/test/test_sylhet_0405.wav,আল্লাহ আমি বাই টাকা না খরে ওতা খরে আমি কিছু মাতি না তাই মনে ওই যে তা যায় ওতা খরে মানে ওখান বারোই নাই কিন্তু মানে খুব ভালো
/kaggle/input/regspeech12/test/test_sylhet_0242.wav,টিয়া না ইটা আমরা দেখা একবার ইটা আসলে বিয়া তো করে না
/kaggle/input/regspeech12/test/test_noakhali_0023.wav,মামা আইজ্জা একজনে কাজ করেছেন
/kaggle/input/regspeech12/test/test_sylhet_0536.wav,তো এখবার আই নাই তো আমরা বা আব্দুস সাত্তার সে দিয়া সাত্তারের মদ্যে তোমরা দি বইন না দে
/kaggle/input/regspeech12/test/test_chittagong_0115.wav,কিছু খইতো নাই মাইসা তারা মাইসা কি রে মাই ফাই ছাড়া বারোত কিচ্ছু তো কোনো খবরটা বর নাই ইতি ব্যাট টার ন অয় হুম ইতি ঘরের তুন বেটার ন অয় অইতো অইতো ন গেইয়্যে যে খানি গেয়া এনে ক্লাস দি
/kaggle/input/regspeech12/test/test_sylhet_0423.wav,এখন কিতা খরে দেখো আমার হিনো বারো ঘন্টা বারো ঘন্টা দুই দিন ফারতো এক লাগান কিন্তু তারা কিন্তু বই বার চার কিন্তু ডিশ যায় না তারা আরও বদানা কিন্তু ফারলা খরতো ফারে
/kaggle/input/regspeech12/test/test_narsingdi_0075.wav,এ চাইরটা চা বাইত কিয়ের কই কবে দিছি এক না দেছ নাই টিদেশ নাই দেছ না এতে কইলাম দেছ নাই তুই দেছ না তুমি মাইরা দিছে টাকা না না ত্তিকা সত্যি কইরা দিছে না তুই দিছি না করেকবার মিটার কইরা দিছে বিছনা দে করি কন কতা
/kaggle/input/regspeech12/test/test_narail_0053.wav,একাল্লিশ জমি কার নাই তুমাগে উদ্ধার কয় অলো আমাগে অইলে একাল্লিশ জমি ওই কত নাম্বার দাগে তুমাগে জানু তা কি জানো আর সু চোইদ্দ না কত জনে রকম তা সাতারো টা তার বাদে কেরে করি ত
/kaggle/input/regspeech12/test/test_sandwip_0112.wav,এক বি ক্লাসে দুই বছরের আবার কতা ক হিয়া পানি হিয়ানে ওই কিত্তে এক বছর মাত খুলানি ভাই কুল গেলে ওলান না নি ওবার তুই যে কুদা তো তুই যে গেইলে গরি যাই কেমনে কইতেন না
/kaggle/input/regspeech12/test/test_sylhet_0079.wav,তাই ফড়া হচ্ছে ফড়া লাশ ফড়লো না আমি তো আমার খালেক থাকিবে যাওয়ার কাটতে অবসর সময়ে কুনু শখ উক আছেনি একেকজনের তো একেক ধরনের সব থাকে এনো নাস্তা ইতা ফারে নাস্তা ফানি ন দে ন না ক তো বাল
/kaggle/input/regspeech12/test/test_kishoreganj_0051.wav,বাত কই কিনতাইন না গরুর মাথা কান টেহা ফরে টেহা টা উডে কয় দুল ভাই ও কয়জন ফরে দুল ভাই ক
/kaggle/input/regspeech12/test/test_narsingdi_0004.wav,হারায় দিছে অহন ইকটু বাসায় দিছে কিন্তু ও যহন ঢুকতে দলে তখন থেকে কিন্তু খুব ভালো করি তবে মানে বাংলাদেশের মধ্যে মশা ফিরে খুব মিস করি উটছো ওরে ক্যাপ্টেন্সি
/kaggle/input/regspeech12/test/test_sylhet_0211.wav,ভোটার ভোট আরকি তো ভোটার তালিকাখরার ইগুর টাইম বড়ো ওয় আছে তো তাইন ই সময় আমার ফিরা ফি তো ফিতা খায় তাইন ওর যে প্রাইমারি স্কুলের স্যার সারে দিছোইন যে আমার একটু জরি ফোলা তথ্য লইয়া গ্রাম তেকি আমি আমার টু দা ফর
/kaggle/input/regspeech12/test/test_narail_0032.wav,খা শুনি পাই না তো ওইটা কি পিছনে তর ইস্কুলের নাম যেইডা দিয়া গেছে ওটুক তো ইস্কুলের নাম তুল পাবে ইস্কুলের নামে এগারো শতক ওটুক বাদে টিক জমি আছে
/kaggle/input/regspeech12/test/test_barishal_0061.wav,আর দশটা সিক্রেট খাইলে এহন হেই দশটা থিকরেটের দাম দেয় একশো টাহা তাই একদিন আমি মনে করেন এক নিজে নিজে চিন্তা করছি বিয়ের পরে ওই সুমায় কিন্তু খাই এহন একদিন চিন্তা করলাম যহন আমার প্রথম পোলাডা অইলো একটা জিনিস চিন্তা করলাম যে দৈনিক মুই দশটা থিকে হেই দশ থিকেটের দাম দেড়শো
/kaggle/input/regspeech12/test/test_habiganj_0077.wav,আবার কিতা মহিলা কলেজে না কি না চিত্র কলেজ ওহ আইচ্ছা ইখানে সচুত্র কলেজটা এটা তুন ইয়ার মদ্যে ডে অইলো গিয়া ওইডা না নবীগঞ্জ হবিগঞ্জ বলে ওডা তো না
/kaggle/input/regspeech12/test/test_sylhet_0607.wav,ই সময় গেছলা ও কি মানে অর্ধেখ নু নাই বাই আমার লাগতাছে যখন করো থাইকতাম বেগে ক আমি করো অর্দেক ফাইতা ফাইবো একটু মানে ক্লাস খরাইতা না এমনে আছলা ফরে না হ ও এরফরে আমি তো ইটা নিয়া বেশ প্রসঙ্গ খুব এক্সাইটেড আছলাম তরারে যে ক্লোজ পারে দিয়া লাম তোর দায়িত্ব সবাই তারারে তারারে যাতি তো যারা যারা আছে তোরা না বালা দিতো
/kaggle/input/regspeech12/test/test_narsingdi_0104.wav,জাস্ট ফার নিসিদ্ধ ইয়ার কি চার শেষ না ফা লুদা না বানাইতে এইদিন কেমনে এমনে বানাইছে কইন বইন বিশ কর এডা জাস্ট একটা কি কইতাম এডে আমি আমার মতো কইরা বানাইছি ঠিক আছে ঘুরাদুজের মদ্যে কফি রাইর ব্রেন কইরা আগে ক না
/kaggle/input/regspeech12/test/test_rangpur_0003.wav,যে গোস্ত দিবার না কয় না ওমরা কয় গোস্ত পায় কোটে গোস্ত আছে ওমরায় কয় কয় গোস্ত আছে কয় গোস্ত আছে না যে
/kaggle/input/regspeech12/test/test_sylhet_0169.wav,পিডিয়া বেডি নিতি মানে তোর বুকে মাইনষে তা তো পাট ওই যে বাকি তে এখন যে জিনিস ফত্রের দাম এখন যেরখম আফনারা সময় কিরখম কিতা দাম আছে ইতা এখবারে খরতা আছে আমি আড়াইটা খানি কিতা বুজ্জি না লগে জিগাইছ তারা
/kaggle/input/regspeech12/test/test_sandwip_0107.wav,আন্নেরে গেতে ছোডোবেলাত্তে এখন র দি আঁই কোনোদিন হে এই কতা কইলে দুই ফাস্ট অইতে অইবো তঁর রং একটা অইবো এগুন তা আঁই কোনোদিন দিমু তারপরে নব্বই খাইতে অইবো এক আঁর মা ফার হ লাইন যদি কম আঁর
/kaggle/input/regspeech12/test/test_sandwip_0065.wav,বাপের আছে বেশি ও মাথা ত্যাল দওন দিছে বাপে কোন করছে তাই হে তোর বাপের করছা তোর করা যার না বাপে কিষি কইছে বাপের ওকে আল্লার খালা তা কি আলারা কইছে তুমি মোবাইলে তো যা রাখি দিলে মাইনষে আল্লার শালা ক কি হইল্লা আল্লা ঠালি তো তুই যাবি কি সান তোর বাপেরও কইবেন মায়া অলা আসন শুরু করছে আঁকি আল্লাহ হুনিয়া তোর কোন দিন যে তোর বুদ্ধি অইবো আইতো নিলাম না কৃষনা
/kaggle/input/regspeech12/test/test_narsingdi_0013.wav,গা খেলতাছে রূপগঞ্জর খইয়া খেলতাছে ডিপিএল এই এই ডিপিএল কতা কইছ না এ বেটা আম্বার আর কি সিদ্ধান্ত তে আউট অইলেও আউট দেয় না আবার যে ডাউট নেওয়া ডেও আউট দিয়া দেয়
/kaggle/input/regspeech12/test/test_habiganj_0063.wav,কুনু কাম কাজ করতি না বাদার মানে টক কাজি মা বাবারে কইয়া অইয়াই পড়ি অহন এরপরেও আছে না নি যদি একদিন এক্কা ভুল গরি নিলো গিয়া তারা কলেজো তুল না কলেজো গিয়া আমার বান্ধবী এরা এরা তার যাইতো মার্কেটো যাইতো এরা বলে যা কিন্তু আমার হাতে ওটে খাতি আমি মারে না খইয়া ওই একটা জামাই লাইতাম অখন যে মাডার দাম আমি আইনতি বেকটি দাম দিয়া তে আমারডা
/kaggle/input/regspeech12/test/test_sylhet_0246.wav,যার যার খরতাম বাইয়া একবার আরেক বাগে দেখাইতাম বাই কিউট খরিয়া আমার হুস্টেলো খরতা ছালাইতাম আমার ইরখম অবস্থাটা আমি ফিল খরতাম যে আমার বাইত্তে খষ্ট খরিয়া আমারে ফড়ার দেখা দেয় আবার এখটা দিন আমি খাজ খরলাম আমি আজকে কিতা খরলাম আমার ইটা সব সময় বেস্ট আমি ওতো হোস্টেলো তাখা ও
/kaggle/input/regspeech12/test/test_sylhet_0680.wav,হুম ছা ছাড়াও দেখা যায় সারা বেস্ট বন্দো মানে অমকের ইচ্ছা কিতা এখন মানে
/kaggle/input/regspeech12/test/test_chittagong_0100.wav,সিরে যে দিলাম টার নইলে পাসটা আর ওডা কুলা ওই যে বেয়াকের মদ্যে মানে মোট বেশি ভালো জানে মোটামুটি ভালো অইয়া একটা ইংলিশের মধ্যে ভাই মানে খারাইয়া হারে ন বুজি ইংলিশের মদ্যে ক্যা না খায়া বইয়া
/kaggle/input/regspeech12/test/test_barishal_0062.wav,এই দেড়শ টাহা যদি মোর ফ্যামিলিতে বাড়তে মোর কাঁচামালের বাজার হইয়ে যামু এই মারার খাম হয় না এই ছাইড়ড়া দিছি এই ছাইড়ড়া দিছি এই যে বিড়ি সিকেটের মইদ্যে যদি কোনো মানুষ কইতে হারে যেন টাওয়াত তর লগে আমার চ্যালেঞ্বে ওর দ্যাহাই তুই বেছে কোন জাগা ন টা আমি মনে করো একটা না
/kaggle/input/regspeech12/test/test_habiganj_0055.wav,মা কতা দেখাই খাই দিতি এরফরে খইতে বলে বালোই আইছে এরফর তিকা আমরা বাড়ির যখন আমার তে টুক্কা তো খাই যে ভালো ইতে অখন মা খয় তুই তুই শুটকি তো খারি রান আমার তিকা তুই বালা খইরা রানতে ফারো এরফরে এরফরে ইতা খরতে খরতে ওই আস্তে আস্তে মা মা দেতো যাইতা রান্দে অখন আমি দেখা যায় আস্তে আস্তে সবওই ফারি রানতাম এরফরে অখন আর কিতা খইমু অখন অখন রানতাম রানতাম খইয়া যাই যে অখন আমি এমন জামেলাত পড়তি অখন দেখা
/kaggle/input/regspeech12/test/test_sylhet_0529.wav,মানে এই সময় তো হেই ক হ্যা তো তখন ভয় লাগে তে অনেক করতে ইটা অনেকে কিতা খরতে ফারি লাগছে না এমনে চাওন অয় বেশি নামাজ টামাজ নামাজ আমার অতীত খানো মাজে খরি উঠে উটার সময় বেশি তার
/kaggle/input/regspeech12/test/test_habiganj_0117.wav,পা গেছলাম কম ক
/kaggle/input/regspeech12/test/test_kishoreganj_0029.wav,জাইনা মতো হেই দুইডা না এনে এনে কত কিন দুয়া লাগাইন্না বাড়ি এক মান একদিকে আমার আইতে দিন ভাল্লাগে না এক দেশের মানুষ একখানো ভালা লাগে
/kaggle/input/regspeech12/test/test_sylhet_0451.wav,তে এম্নে সারাদিন কেমনে খাটে আন্টি বাইচ্চা খাইবা গুমটা কি এখন উরতি একবার নাস্তা খলা এখন আরটু ডিনার পত্র গুছাই ফরে গর দোয়ায় একটু জার ছাগল
/kaggle/input/regspeech12/test/test_barishal_0043.wav,হেই আডি বেঞ্চেও খালি ধরি না টান দিয়ে এট্টু জাগায় দিছে এই টুক কাম করছে হেই কাম কইররা যেই সমস্ত ব্যবহার মূল করছে হেই ব্যবহার করা লই গেঞ্জাম বার যে বিশাল খারে মোর লাগে ও মনে কর মোরে কয় যার ব্যাডারে কইছি কুখনে মানা করছি কুন কিন্না গরু বলতাম এই কুটুম এই যে কইছে না মোর তো মিটার গাত্তে গরম হইয়ে দিছি এট্টা চরকা লাগাইয়া
/kaggle/input/regspeech12/test/test_chittagong_0122.wav,বৃষ্টি টিষ্টি ফরে এহন ভাই তোরা বেগগুন গারা অর্ধেখ অই গিয়্যে গই আঁরা হালি ভাইয়ে তর নানু বাড়িত আঁর মা মা বুদে হ বুলু আঁরা ফরীক্কা আছে যে ন যে
/kaggle/input/regspeech12/test/test_sylhet_0296.wav,যেহেতু কথা বার্তা ফাকা ওই গেছে অখন ই জাগার মাঝে একজনে শরম দেওয়া কিংবা ইগুলা সাইকোলজিকাল বিষয়গুলা যদি এডজাস্ট খরে না তখন তো স্টার্টিং টাও নেগেটিভ দিবো তো আমি ওউ তখন আমি ভাবলাম যে ওটা তো আসলে
/kaggle/input/regspeech12/test/test_narsingdi_0133.wav,ইনো সাইন লাগদো ঠিক আছে কিন্তু তর স্যারে মদে একটা দুষ্ট দোষটা বাব আছিল এই যে দুষ্ট বাচ্চা কয় এই জাগা টুল ফড়ে আল্লায় দিলে আল্লায় দিলে বড় অইয়া ততো সুন্দর আছে আর আমার কথা না মানের কতা আমাগে চাইল রুললেকট্রনিক ইয়া আছিল বইন
/kaggle/input/regspeech12/test/test_narsingdi_0066.wav,তরে ইতা মুটি ভাল্লাগে আনে আমার খুলা বেশি ভাল্লাগে মেলি ফ্রেন্ড মজা খরার লাইগা আবার খাবার ফ্রেন্ড দিছিলাম ওইতো বা স্বাদ স্বাদ কুন সময় অইছে মার গোরাই সব অনে বিয়া শাদি কইরা সেকাল
/kaggle/input/regspeech12/test/test_habiganj_0074.wav,দেয় সময় নষ্ট বা কিতা খইতাম এখেবারে জীবনটা এইডে একবারে অল আসলে সয়া খাটাইতেছি আজাইরা ইলা খাটাইতেছি আ
/kaggle/input/regspeech12/test/test_sylhet_0762.wav,তাই খালি এক বছর বয়স থাকি না তে লেখা খরা তাখবোনি বিয়া ওইরে মেয়া মনে খয় এইটা নাই তা ছোট বেলা
/kaggle/input/regspeech12/test/test_sylhet_0386.wav,পিপল যাওয়া যায় বা বেশি যে বাইরইয়া কতোটুক সময় লাগতো নায় খম এ মানে কলি তো নাই না খালি করলে খইছে ইতে খইরাম যে একবারে রাস্তা দিয়া গিয়া শেষ না করে ফ্যান
/kaggle/input/regspeech12/test/test_noakhali_0017.wav,হলে চিনা বা গুলা একদিন জ্বালা হালাইছে আর নয় কুলা ইতে ক্যান জাত দা তো না তাই গাইনি ওয়া দিয়া কবে হইছেন
/kaggle/input/regspeech12/test/test_sandwip_0017.wav,না দশ লাক দিনারে আর কেউরে ডিম ডিম রে দেহা মানে হাতে খেলে পকেটেরতে খেলে ফাতা হিসেব কিতা ফাক নাই বেশি একটু বেটা হলি জামাই এগুনের কোনো রান দুদিন লগে লইছি
/kaggle/input/regspeech12/test/test_kishoreganj_0067.wav,তো গেয়া গে তুই যা গিয়া গিয়া খইয়া ছ তা হরবাইন যে তা ওইতাম না না
/kaggle/input/regspeech12/test/test_chittagong_0072.wav,আর পাবলিকের মদ্দে ইয়া ওইতো বেশি ছুটো আস্তে থাইত্যারে তো বেডি খরচ বেশি ফাল্লা এহন তো ইখানো কিন্তু আরে ফড়া লেখার মান্দা বেশি ভালা অ ইয়ানের আমি করছি
/kaggle/input/regspeech12/test/test_sylhet_0298.wav,আমি গিয়া কিকেট দেখছি দেখি গান তাইনো আমি যতটুকু জানি তাইন তখন চিনি খরতা গ্রামীণ ব্যাংক থাকি শিক্ষাথীণ লইয়া বাবা মারে দিতা খরি বাবা মানে দিততাজেই ওরখম খরবেন ওইছোইন না ফুরাফুরি তাইন
/kaggle/input/regspeech12/test/test_rangpur_0127.wav,খেলে ও মা খালি দিলে হ্যাঁ শালা ফানি পালে
/kaggle/input/regspeech12/test/test_narail_0015.wav,তুই বাপ মার টাহা দিস না তোর কাছে কেউ শুনতি গেছে নে তুই টাহা দিস না তুই কতি গেছিস কি জন্নি যে আমি ওরকম টাহা দিছি তাইলে আমরা তো রই বাবলু চোর আমি বাবলু লাভলি কইছি বাবলু তুই বলে টাহা নিছিস তালি টাহা তো টাকা কই গেলো আমরা তো পাইছি দশ হাজার টাকা আমার তো আমি আমার কতা কলো যে কাক না
/kaggle/input/regspeech12/test/test_chittagong_0057.wav,তো যদি খতায় গেনু না কেন হ চাই তুলি না ডি দেরি টিক আছে তে তা এহন যাক তুই মাই আসি তো পাশের দি চাই থাক অ না অ রাগা ভাই বায় ভালাই ফাইয়্যি অ্যাঁ
/kaggle/input/regspeech12/test/test_sylhet_0088.wav,আর আফনে খুলা হলো থাখে না কিতা না ওইদিন বাসা
/kaggle/input/regspeech12/test/test_kishoreganj_0100.wav,মুসকো কি ক গিয়া বাত গিয়া বাত ক
/kaggle/input/regspeech12/test/test_sandwip_0085.wav,মারি তো আর ফরে তো ন দেখে না হ্যাঁ তো এইডা তো আইলে আরুগগো করে আতি অইবো হ্যা হুনছে একসময় ইয়ার মাথার হিয়ারা তো বুড়া থাইকতে চুলা আইসতে ইয়ে আঁই আন্নের রাইতকা মোবাইলের লাইগা বিয়ার মাতার মডেল ন
/kaggle/input/regspeech12/test/test_tangail_0039.wav,আইচ্ছা তার পরিবার থাকে ইন্ডিয়াতে এই প্যাটে ফান খানির পরিবার থাকে ইন্ডিয়াতে তাদের একটা নিজস্ব সরিয়া খান আছিলো পশু পাখির সাতে ফান খানের একটা স্পিচুয়াল একটা কানেকশন ছিলো অন্যান্য প্রচুর সাতে কিন্তু
/kaggle/input/regspeech12/test/test_sylhet_0352.wav,তখন ডি জিও খইছে আইচ্ছা ঠিক আছে আমার লগে দেখা খরি তউ গিয়া দিদির লগে দেখা খরলাম ফরে দেখা করার ফরে অইলো যে সিলেট কুনু ক পাকা নায় যদি ফাকা ওয়
/kaggle/input/regspeech12/test/test_chittagong_0156.wav,আফু অনার্স তোরে এক্কানা পয়েন্ট লইয়েরে যদি যে নেকি চাইয়েন ত তরে অনার্স যদি পয়েন্ট খরে লট সাইন্সেত নি এক্কিনি চাইয়েন তা
/kaggle/input/regspeech12/test/test_sylhet_0303.wav,আমার যাতে বাড়িত দেওয়া লাগে না তখন তোমার স্যারের লগে আমি মানলাম যে আমার কিচ্ছু লাগতো নায় আমি ইউনিভার্সিটির ফড়াটা সেই গেলে চাকরির প্রিপারেশন লইতে আমার কিছুটা টাইম লাগবো আমার একটু টাইম দরকার আর ই টাইমটা আমি বাড়িত যাইতাম না আমি জাতে
/kaggle/input/regspeech12/test/test_sylhet_0416.wav,বাচ্চারার মতো ডাবা ইন্দি আমি থাকছি প্রতিদিন এক ব্যাস মনে খরো তোমার সাত চাইর টেখা প্রতিদিন আমার এখদিন এখ রাইতে ফাত্তা বালা আছে
/kaggle/input/regspeech12/test/test_chittagong_0171.wav,খাই তর বাপ সুর বাফের লা দেশে সুস্ত ছুর বাফেরে ন টক না বউত তোর বাফরে খইছে আরে কিন্তু হইবে খায়
/kaggle/input/regspeech12/test/test_sylhet_0608.wav,আর যারা যারা আছে এরার লগে তো দেখা ওইবো একটা তো হের মেয়ে কুনু ফাগার জা নাই ফিমা এখন আরকি তো একটা ডে দিলাম নানি এখন ইডা দেইখা এখন ফাটায় লাও আমি কিতা ফাটাতাম তোর তো নাই দেছে না তোর মা তারা ফাডাইলায়
/kaggle/input/regspeech12/test/test_narail_0169.wav,দুই তিন মাস তা আমার ছায় লাগবে কারণ ফচুর দেখে পাছি
/kaggle/input/regspeech12/test/test_barishal_0055.wav,মোর মোর সালাম কালে কাটতি লোক ঠান্ডা কিসে এহন যদি এহন এহন আর কষ্ট কিনে যদি ঠ্যাং না থাইয়ে বইয়া থাকতাম এহন ও তো আর ধান দাইছে মুই দশ দিন বইয়া থাকলে মোর কি অইতো মুই কি না খাই মরতামসেদি পনেরো হাজার টাহা কাম না খাইয়া
/kaggle/input/regspeech12/test/test_sylhet_0537.wav,আমি না আমার তো আমি অনার থার্ড ইয়ারে আরে ইয়ারে মরা
/kaggle/input/regspeech12/test/test_tangail_0026.wav,কিন্তু সারা এরকম ভালোবাসা বিশ্বাস না সে সোল মেট বা ডেস্টিনি বিশ্বাস করে সে মনে করে যে জনতা যদি তারি হয়ে থাকে তাহলে সে বার বার তার লাইফে বিভিন্ন সময় বিভিন্ন ভাবে আসবো তাই সে বিভিন্ন এক্সপেরিমেন্ট করে যেমন জনতা সারে
/kaggle/input/regspeech12/test/test_rangpur_0036.wav,খালি মা আছে ডিম টিম এই হ্যাঁ তর ভাই তো ওইরকম তুই না বুট তরে দিবু খড়ি রাগে দি পোকা এ তরে কত দিবে তার মানে ওই সাতে কয়টা আলু দে আলুর ডাইল বুট ক্যা খায় যে বুট হইলো শরীলে না দিন তো এট্টা খাবার মানুষের ঈদ পারি সময় ভুট খাওয়া আসলে উপকার তর তারে খালা
/kaggle/input/regspeech12/test/test_kishoreganj_0073.wav,কি হ্যাঁ আজিয়া কিছু রে বা মানে তে আমি কইতাম না এইযে কইবে আনে কইতে কেন্নে দাদা দাম কার না না হ্যাঁ না না হে টাঙ্গাইল কার
/kaggle/input/regspeech12/test/test_kishoreganj_0122.wav,গর বড় মিল থাইকতে অইবো কারখানা এম্নে গেলে তুমি দাঁত দেয়ার যাইতো না বন্দের লাইজ্ঞা কিতা গরাই তার টিফা বিভিন্ন আর বুজলো না বা বিন্ন ময়লা বেদনা কেরে ফালা যায় ডেন যেনে ফালাই সামনে যে বা অইলো দিয়া ছাইন্না না গন দে দুনিয়ার গন্দ হ্যাঁ
/kaggle/input/regspeech12/test/test_sandwip_0028.wav,হইসালা ও এর হইসালারগো হোলাইন আলি হড়ালেখা করি ডাক্তার ইঞ্জিনিয়ার হইয়া হেই হোলাইন মারা বিদ্যাশ রম থাকে মারগোরেও চা না আমনের হোলাইনে আম্নেরে চাইরবার না এই ব্যাফারে হিয়া থাকে হুম আইচ্ছা অতিরিক্ত বার ফোন করবে মার্কেটে
/kaggle/input/regspeech12/test/test_sylhet_0102.wav,তিন বেলা গিয়া রান্দি তুন ধর রান্দে না খাটা ওতা খরে কইয়া আইছো মাছ তো হাড়ি টা খাডা বোচা খরে মরছে তাইন বিয়া অই গেছে মনে বিয়া অনেক কাহিনি অইছে খরতো
/kaggle/input/regspeech12/test/test_rangpur_0072.wav,না না এবার লাউ ফির তো কয়টা বাজে লাউ ফির গুলগুলে হয়া যায় সাড়ে চাইরটে বাজে তো আমার কা তো এলা যা না ভাই মাছ ভাই করোম না যে কাইলকে মুই লাউ লাউ মাছ বাইর করি লাউ দিয়া কার লাউ মোর ভাইটে এই কয়দিন আছিল মাছ কেনা নাগে নে
/kaggle/input/regspeech12/test/test_kishoreganj_0027.wav,আন্নের তো ফসল নি না আইন্না এই গামের বাড়ি কই গ্রামের নাম কি তামরা তামাইত তামরা দিয়া ফইরাছে নুন তামাইত মারা ফুফুর বাড়ি জুল আইছে নুন এরা মরা দুল আইছে নদির বলতে এইযে এনো কিন্টাগাট না আছে না হ এই কিন্টাগাট না লগে বাড়ি আর আরেকজনের একটা ইয়া
/kaggle/input/regspeech12/test/test_rangpur_0013.wav,উনে পাওয়া যায় আমরার জীবনে মাইরা নিজে হ হ না তোমরা তোমার নাতি কয় তো কইবে ওমা দিন তো কই দে
/kaggle/input/regspeech12/test/test_sylhet_0027.wav,লেগুনা দায়িত্ব নিয়া পরে কিতা খরে করো এনে আর দায়িত্ব নিম তো কমিটি আছে সব কি থাকবার সাদা দিয়া নেওয়া অয় ফারাত আমরা সবার খাছে সাদা নিবো নিয়া ক না বা
/kaggle/input/regspeech12/test/test_sylhet_0483.wav,আমার একটা ফ্রি লাগাইলে তো বাচ্চা খাচ্চা মারা যায় বুঝতা না ইগু তো বাইত্তা মারা যায় অন্য কুনু কিতা মামা বাত্তা মারা যায়
/kaggle/input/regspeech12/test/test_rangpur_0078.wav,ফেলায় দিবেন ইয়া তোমার গানও না এডে খোন হইবে এইদেন ফুন হইবে এইদেন ফুন বানা আর ওই পাইকে করবার দিবো তারপরে সুখি করি বাদে সাত ভাল্লাগে
/kaggle/input/regspeech12/test/test_narail_0143.wav,টুক দিলাম কন্তে তো মনে করে দেখতো আমি গতবার যখন ইন্ডিয়ায় আসছিলাম তখন তো আর তখন তোমার আমার কাছে আসার কথা ছেলো বা
/kaggle/input/regspeech12/test/test_sylhet_0014.wav,উজা করিয়া তারপরে আমরা তাপটা খাইয়া তারপরে ফ্যাকেট আফনার সন্দার করা হয় তার চান্স ধর্মীয় মা ধর্মীয় গান আছে না আমার সব গান টান নিবে না রানতে বড়োর দিন আকি
/kaggle/input/regspeech12/test/test_chittagong_0029.wav,তুরা না বিয়া দিবেন দরখার দেহে লাগে না কি ন লাগে না কি এইছে গরে কী খবর হরি ন হয় মাইনষেরে ইতি মা ওকগো কইছিন ইয়া ওরিছি মোবাইলত দুলা দেলায়
/kaggle/input/regspeech12/test/test_narail_0142.wav,না ওডা ওই যে সমান কথা তা তো হবে না তুমি আসো আমারে দেহি না ম্যালা দিন হে লাগি আমারে দেহে ম্যালা না আবার সুমা আসতো তার সাথে সব সম্পর্ক ওইছে কই দিছি তারে দিয়ে লাগি কয়া
/kaggle/input/regspeech12/test/test_kishoreganj_0136.wav,তালা অলা খালা ফলে হয় এক রকমে ফল পোলারে লক্ষ লইয়া ভাবে কলা কাটা নিতু তো কলা খাইতাম না অতে তে আই
/kaggle/input/regspeech12/test/test_sylhet_0225.wav,তো আমি ফড়া আরম্ভ খরলাম ফড়তে ফড়তে মেট্রিক ফরীক্কাও দিলাম মেট্টিক ফরীক্কা দিতাম যে আমরা তো গাও থাকলি গাও কি শহরো আইয়া ফরীক্কা দিলে তোমার ওউ টাইমের বিত্রে আইয়া ফরীক্কা দেওয়া যাইতো না তো শহরো থাখতাম খই মনো
/kaggle/input/regspeech12/test/test_habiganj_0097.wav,সিলেটো তো অনেক বালা বালা জায়গা আছে সাদা ফাতর দেখা আমি আমার তো অনেক শখ পাকেরেই কুনু সময় যাই যাইতাম তা বাগানে
/kaggle/input/regspeech12/test/test_narail_0095.wav,ততোটুকু ভালো সম্পর্ক তহন তো ওইরকম কথা বলতি পারি না তুমার সাথে তুমার তো কথা ই কথা তো কেউ জানে না এই কথা কি আমি এখনো কথা শুনি যে আমার সাথে তো তোমার
/kaggle/input/regspeech12/test/test_narsingdi_0102.wav,কিন্তু একটা তে কি দেখবে দিলে ট্যাহা দিয়া কারে যাইজ্ঞা দিলো অইলে মারে তো ও আমি আবার ইয়া আসলে না পাকা টাকা দিয়া দিবো বরতে গরা ইলা এইডা লাব বারা কইরা তারা ওয়ে হইয়ে গেছে
/kaggle/input/regspeech12/test/test_rangpur_0109.wav,পাতা কুড়ি নিয়া যায় খিলাইস খালি গেলে পাতায় নাই এলা তোর চট্টমত থাকতে ইয়ে ভালো আছিল না ইপতারি ইগুলা মাইনষে টাকা দেয়া খিলাইছিল খুব নোয়া
/kaggle/input/regspeech12/test/test_kishoreganj_0032.wav,আই কি চান বাক্কা একটা মুতা লাগা যায় মানে বাড়িত না বা হ্যাঁ এই ফন্ত বস্তা ফাইয়া কামাই বড় চানরাইত গ্রাম কাম কি তাল দি ও
/kaggle/input/regspeech12/test/test_sylhet_0597.wav,সবতা খালকে তো না লগে দেখা ওইরা ফাসটা পোকা না আখতা তা ইয়া খালকে গুতা বান্দরে দেখলাম না আমরার বেটা আমি খাতি খাতি শিওর গেলাম মানে যদি বিয়া টান ওই তো বিয়া ওইছে আমার ফতো বই
/kaggle/input/regspeech12/test/test_sylhet_0081.wav,পরে আমি তো বেশি আগ্রহ যাবে সাত বালা লাগে না আমার ডিসি করতে বালা না ইতা ইতা তো আরো বেশি মানুষ ইতায় ফড়া লাখান আমি ফতমে ফড়তাম না তো তা এখন টিচার বার আগ্রহ যা বাড়া ফর তাকি খই টিচার তাইলে তো ফড়া লাগবো ইতা তো বল ফরতো টাকা বালা ঠিক বালা
/kaggle/input/regspeech12/test/test_barishal_0078.wav,না মাইক্কা খামু সিমাই খাইয়া যাগা ওগলা গেলে এ করি তো তুমি বোঝো কি দি হে বাইন কাম করি উল্ডা উলাইয়া কোনো কতা নাই
/kaggle/input/regspeech12/test/test_sylhet_0632.wav,আর কি কাম নাই টেকা না ইনো ইতার বলে মাত্র ছয়টা সাব্জেক্ট সাইন্স আর মার্টিন আইয়ো কিতা পজিটিভ ইমপেক্ট খরবো না নেগেটিভ বুঝা তার না
/kaggle/input/regspeech12/test/test_sylhet_0074.wav,একটা তা কতি আবার আইবো আসিল লা শুরু অইবো আসুক শুরু ওয় গন্টা দিয়া শুরু অয় আছি দুর্গাপূজা দি তুমরা মিয়া গান নাম আর খিতা মানে আমি তো ইন্দু খানি বুঝি না প্রচুর ওই যাও না তোমরা খইতে বাড়ি বা ফরে দুর্গা দুর্গা বুজা যা এরফরে দুর্গা প্রতি ফরে ফরে কিতা কিতা মুরগা ফুজা ফরে অইবো লক্ষ্মী পুজা খালি গুজা
/kaggle/input/regspeech12/test/test_sylhet_0259.wav,আমার বার্সিটিত টান পাই আর এর মাঝে খই আমি তো আট তিকি পড়তি যেই হাই ইস্কুল যেটাত ফড়তি ইতা তো আই তো আরকি অখন আট তিকি বুদা আমার বার্সিটি তাও ডিমিটার ওই গেছে ফুকা খওকা মাঝে এপ্লাই খরতা ফারতাম না
/kaggle/input/regspeech12/test/test_kishoreganj_0054.wav,লাল জন যেন তুমার কইল্লে লজেন দিন মেমান তো ফরিক্কা শেষ হ হ্যাঁ হ কি ফরীক্কা অইছে হ যাতি যাতি যাতি কি ফরিক্কা কি
/kaggle/input/regspeech12/test/test_sylhet_0587.wav,সাকিবে এহন কলেজ বেটার গেছে ফড়লে তো বেটি তা বেটায় কাম দিছে আর ঘরো কেউ না বানছিন না এখন ঠিক তা অতোটা দিন আর চাইর আজার টেখা তারা খালি মানে ঘরে ঘরে প্রাইবেট প্রাইবেট পরে কিলা খরে মানে খালি ফান দেয় মানুষ সেই টাকা খরবো কিন্তু ইচ্ছা দোকান ফরা ফরে এখন ফাম বাইছে
/kaggle/input/regspeech12/test/test_rangpur_0046.wav,সেটা তো কাহিনি করে না খেলার দ্যান হয় হয় এহনে খোন হয়া আহে আর কাম ইনকাম করে খেলা করতে কত নাই খার আর শেষ করতে ছেড়া বেড়া ঘন্টা
/kaggle/input/regspeech12/test/test_sylhet_0750.wav,আর আফনারা ইখানো দে মানে পূজা আতো না কিতা কিতা ওয় কিনি গাওয়া ওয় দুলালে ডেলি দিমু ফারি না বড় বড় তো অনুষ্ঠান আমরা খরা তা তো খা দুল্লা বুজা খালি ফুদা
/kaggle/input/regspeech12/test/test_tangail_0027.wav,যহন ওর নাম্বারটা দেয় পাঁচ ডলারের একটা নোটে তহন ছাড়া এইডা দিয়া এইডা দিয়া একটা বই কিনা ফেলে বই কিনা ফেলে তহন ওই না মানে যে দোকানদাররে দেয় এই দোকানদার থিকা আরেকজনের কাজ আরেকজনেরে যেরকম হরায় যাইতে থাকে আর ছাড়া বলে তানরে বলে যে এই নোট যদি আবার আমার কাছে আছে তাইলে ভাবমু
/kaggle/input/regspeech12/test/test_kishoreganj_0124.wav,কেলা কি ফাকি জিজ্ঞেস কয়ডা ইত্যাদি ব্যাবহার কর কয়ডা ইত্যাদি কি লগ বিশ আর উন্নত অইবো হুন্টার ছাপ্পান্ন ঠিক আছে সাতান্ন আর অইছে চল্লিশ
/kaggle/input/regspeech12/test/test_narsingdi_0117.wav,ভইরে একটা মাস্টার পিছ কান ব্যথা করলে ইবা কেমনে ইগুলা পট কার কার ফর আইচ্ছা যে কি এই টিন কুন খানা
/kaggle/input/regspeech12/test/test_narsingdi_0058.wav,কতা বার্তা না এই কত্তি ক যে মামতো ধইরে কয় কি আরকি আমার তে বালা তারার কি যে করতে মইদ্দে কলা এহন বলা কাইজ্জা গা সবাই গিয়া বাকি নিয়া নিও কইরা কতা তো অনে এট্টু জরা কাটাইলে কি করবা আঙ্গো চা গর টাহা নাহ
/kaggle/input/regspeech12/test/test_kishoreganj_0187.wav,লা মাটি পয়জন উডি পানি দিন কারণ না ন মার নট মার না
/kaggle/input/regspeech12/test/test_kishoreganj_0194.wav,ডিলা কেডিক্কা রান হেয় পানি দে মিশি দেখা বালি কাডা ইত্তা ইত্তা দি ফরান পক্ষে কি বলে কি জানো ইত্তা দি ফরানর পক্ষে ক কি বলে
/kaggle/input/regspeech12/test/test_sylhet_0591.wav,ই খয়দিন থাইক্কা অক্টোবর থাকি মুটামুটি বালা যা ফারে ইটা মুটামুটি বিজি তিন তিন চার আয় হুম ধরো এক ঘন্টা যায় গুম তাকি উটলায় তো তার আইলা আর এর আগে খয়দিন আরি
/kaggle/input/regspeech12/test/test_chittagong_0135.wav,ঠিক আছে ফতির খাছে তো যুক্তি আছিল না খরাইবা মাইন্না কিন্তু ইয়ার আগে যে চিটাং গত না এবার লাগে আর ফল ফল বানায় তাল তুরা না ওই যে আগে বড় ফুফি ফ্রেন্ড উটার তোরা আরে লইতো আবি ঠিক আছে না তা বল ফ্রেন্ড অইছি তুরা হুনা তোরার ইকান নাইনতা
/kaggle/input/regspeech12/test/test_narail_0112.wav,তুমি মারার পিসি সংসারে কিন্তু আগুন বাইরে যাবে না আমার জন্যি কিন্তু মেমান আমি তোরে আমি একটা কথা কই লিখে রাক ওরা আর আমার সংসারে কোনোদিন আগুন ধরবে না কের হাত
/kaggle/input/regspeech12/test/test_chittagong_0052.wav,আরিয়ান খইয়া উনি চলা দে তো আর এই দে এক্কান মামা দিতা ইগু তুই তো ভাই জানে তুলিয়েনে আরি ফরিয়ানে থুই তো ভাই কী খইয়্যুম ওই ফাইয়া না না কি ডাইনি খয়দে এগিন অইলেও তোরে সারা যাইবো
/kaggle/input/regspeech12/test/test_sylhet_0339.wav,গেলাম বাড়িত আর ওইলো বড়ো টা বাড়িত বাসাত আছলাম ফরে আবার ফরিক্কার ডেইট ওইলো আমার বয়স অই গেছে তিন মাস এখন তিন মাসের বয়স তো বেস্ট ফিটিং টাইম
/kaggle/input/regspeech12/test/test_narail_0166.wav,আরে ছুকা হলি তো আরও কতো কিত্তো মানে এমন এমন রোগ আছে ধরে না তোকারহলি ওই ব্যাটিং থাকলি অন্যান্য ওষুদ খাওয়া নিতো যায় না
/kaggle/input/regspeech12/test/test_tangail_0041.wav,কহোনোই মানতো না সে বলতো একটা বাগ কহনো মানুষে বন্দু হইতে পারে না আইচ্ছা এরকম ভাবে সবকিছু ভালোই তুলতাছিলো কিন্তু প্রশাসন এনিমেল রাইতের কারণে না ই খারণেই ঝুডা মানে বন্দ করতে হইতাছিলো অ
/kaggle/input/regspeech12/test/test_habiganj_0057.wav,চি একদিন এমন লবন দিতি একটু বেশি ওই দিতি কিন্তু ওতো বেশিও নাই কিন্তু লবনডা বেশি অইতে ইতার লাইগা আমার বাবা খয় ডেইলি তো তুই খতো বালা খইরা রাম দা তো আজকে পিকেরে অত লবন দিলে তর মা কিতা লবন দিয়া দিতে আমি খই মাওত্তে দিছে লবন আমি তো আর লবন দিতি না আমি আর কুনু সময় লবন দিলাম আর আমি ইয়ানতে পা খে দিয়া একটু লবন দিতলাম বেশি ওই আমি খই আর কে একটু লবন যদি বেকটি দেই তাইলে তো আমারে দিয়া আর রান্না দিতো না আমার অখন আর যে বুইজা খইছে আমার আর রানতে ওনতে আর ভালো লাগে না এরফরে
/kaggle/input/regspeech12/test/test_habiganj_0003.wav,অংক আপনে যেন খইন সাথে যাওনডা তো সম্মানেরওই জামাইয়ে সাথে খইরা লইয়া যায় ফরে আমরার বইছি কই দিলে তো গেলা তো আমি টেকা ফড়াইতো কুলা যাতো ট্যাডা অহন র্যাডাপোর ফিরা করা অয় পারি
/kaggle/input/regspeech12/test/test_sandwip_0068.wav,তে না কইলে টাকার টান আস্তে রাজা জাতিরে দেতে যা আক্তার হিয়া বড় মতো না না এইডা এগিন বাদ দে না আমনে যে তুমি কা এরতুন হিয়ান হিসাব কইল্লা যাইবো
/kaggle/input/regspeech12/test/test_kishoreganj_0006.wav,গাড়ি তারে কা কায়দার খারো গাড়ি ধরা করে গাড়ি পারলে উঠে হে বানায় কি কিলা কিনতে বের ক্যারে তো ন না তা
/kaggle/input/regspeech12/test/test_habiganj_0095.wav,তা আমনে যদি সিলেট যায় কলেজ তিকা যদি সিলেট পিকনিক যায় তাইলে যাওয়া ইকটা আছে দূর কুনানো গেলে ফ্যামিলিত তিকা দিতা না আব্বা দিতা না যাইবার লাগি ওতো দূর যাওয়া আব্বা বন্দ খরোইন না কক্সবাজার গেলে যাইতাম না যদি সিলেটের বিত্রে কুনানো যায় তে অইলে দেইলে যাইতাম না
/kaggle/input/regspeech12/test/test_sylhet_0562.wav,আর স্যারে নাই বিভাগের ইন্টার মার্ক দেখাইছোইন দেখাইয়া খইছোইন ইবার ইনতে দতো ফাইছো দিমু তুন ছায় দিয়া ওইতো নায় বালা খরি ফড়ি আয় আর তো টেনশন তো টান্ডা খরছে
/kaggle/input/regspeech12/test/test_chittagong_0055.wav,অ আসলে তো বইতে কি দুনিয়াত চেকটা কিন্না বাছন দুনিয়ার কেন্নে কেন্নে বেয়াকগুনেরে ও বইন হাম খরচ গরিয়ারে বই থাকি দিনের মতো খন না হ কি আর গরির হ ইতা খরে আর বলে ঘরের খাম বেয়াকগিন গরিয়েরে আম্মারে ইমপ্েসদিতাম
/kaggle/input/regspeech12/test/test_narsingdi_0019.wav,ওই কথা আছে না খুব তাঁতের উইঠা গেলে উপরে উইঠা গেলে মানুষ পরে আর ইঞ্জিনিয়ার থাকাতে চায় না অয় ভুইলা গেছে আরকি যে খইছিলাম আর কোথায় আর হ এগুলা হয় ক্রিকেট এগুলা হয়
/kaggle/input/regspeech12/test/test_rangpur_0107.wav,এলা গরু কয়টা গাওর পেটে আইচ্ছা চাইরটা ইয়্যা ওই ছাগল আচে নাকি ছাগলও আটটা পাতা টাতা খিলাইস না খাস টাস নিয়া যায়া দেইস না
/kaggle/input/regspeech12/test/test_barishal_0097.wav,হেডু বিবেক না যে ব্যাডা না তে কাম করি দে এই অইলো সমস্ত দুই ডাং কাইটা দেই হ হ কতা কই যে ডাম কইরা দেয় খাও পরে বাত আমি মনে কর এই এই পানি যাতিও খাওন ডা মোর রাতেই এই খাওনডা আতে ভইয়ে কইলাম মনে করেন এই যে হারাদিন কাম করছি না মোর কোনো দুঃখ নাই ঘরে গেলে মোট তালার ভিতরে রক্ত উইড্ডা দ্যায় ল ল রক্ত করা কোনো দিক দিয়া খাওয়া বালা মা তো মা
/kaggle/input/regspeech12/test/test_chittagong_0007.wav,ইয়া কই ইতে আঁরে খর কিয়া ফাওয়া আপনার বলে কি অসুখ অইছে দিকে হাড্ডি একটা অসুখ এরি আঁই আজিয়ে আঁই দিতি রে ফল বানাই তে আঁরা অদ্দুরা বাজি হ দে নে কিনলা ইয়্যের তুন ইকটু দা অইন্না এক্কান আলাদা আইয়ের বইন ত আঁই ন দে আঁই জব্দ ছলা তার খরদে কুল ন ফাইর হরে দে
/kaggle/input/regspeech12/test/test_kishoreganj_0169.wav,আসলে ফুনডা বা না থাকা পর্যন্ত কি পতি কে কি বলে খুব লাল তর মায় ভিটা খুব লাল তর মায় ভিটা খুব লাকতো অনুযায়ী ভিতর তা খুব লাভ
/kaggle/input/regspeech12/test/test_chittagong_0070.wav,এগিন লইয়া নাই না জানি খালিয়ে ফরুয়া মেরিট লিপ্তর রেজাল্ট লইয়া আঁরে দাদা খালিয়া খর আঁই খালিয়া উইন্নি যায় খালিয়া লুৎফা এগিন শুগা গেইয়্যেগই হ কিরিবি খইর দি
/kaggle/input/regspeech12/test/test_narsingdi_0009.wav,ওরে তো রাগ সো মোটামুটি তিন চাইর বার দলের সাথে লাগতাছে ইলেক্সপিনারের ভাব করেন খরতে পারতাছে না এই প্লেয়ার রেক্সিন লেক্সপিন বল খেলাইবো তখন ওরে নিয়া যায় বইলেক্সপিন্ট বল করে গার্ড এক্সপিরসাতে তো বাংলাদেশের লেক্সপিনর কোয়ালিটি মিলে না
/kaggle/input/regspeech12/test/test_narsingdi_0048.wav,টুতে ফড়ে সময় কিচ্ছু দিন আগে খেয়াল নাই ওই যে রাত্রে বেলা কারেন্ট তা ফ্যারা আমি যে ত্যালের ত্যালের গান ত্যালের যে ন আওন লাগছে আমি যে মোক মত খাম গেছি দিয়া আমি ওইরে ফেরি দা বা লাইট মাটি গরে পার্টি না কি ফরে ফরে দুয়া উঠতাছে
/kaggle/input/regspeech12/test/test_tangail_0052.wav,ফরে রিটার্টপার্কার যে বারটা বনে চইলা যায়গা নাইমে নাইমে বনে চইলে যায়গা আর ই ফান খান ওই বাবারে চলে যাইতে দেহে কিন্তু বাটা মানে কখনো পিছনে ফিরার তাকায় না
/kaggle/input/regspeech12/test/test_sylhet_0256.wav,বাদে আনিয়া কোচিংও উঠতে ফারি কোচিংয়ো যখন ভর্তি খরাইতে জিনি কোচিং ওটা হাওয়া ফরা ডাম যার ইতা তো আমরার মতো ওলা প্রান্তি টা পরিবারটা কী একটা কুটি না তা কলেজ তো তো তখন কোচিংও খরতে গেলে থাখমু খই
/kaggle/input/regspeech12/test/test_sylhet_0029.wav,ওইলো ইটা তারপরে নি জিনিস হয় কিভাবে পূজা পূজা হইলো ঠাকুরেূজা করলো প্রত্যেকদিন সেতু নতুন কাপড় দেয়া অয় সব টাকা পর তাজা গুজা জিনিস আছে না কাক রাতে এগুলি দেওয়া অয় দেওয়ার পরে মাঝে সবাই যে বক্ত ঘরে ঠাকুরে গিয়া পর নাম খরে ইটার মাজে সবাই কিন্তু করনি দেয়
/kaggle/input/regspeech12/test/test_kishoreganj_0059.wav,আইন্না গাছ দু গাছ দু আন্নেরা নিগা নিবা গা এইডা খা বাইন্না ফারি নাই ফারি না ফাল থাকতে না
/kaggle/input/regspeech12/test/test_sylhet_0445.wav,নাই লেখা সুযোগ সুবিধা বালা এখবারে নিরিবিলি কোনো মানুষ তো মুখ নাই চন্দ্র নেয় আর কিতা খইতাম আমার যে বয় নাকি বারোই একবারে কুনু মানুষ খায় আবার কিন্তু একটু সামনে গেলে মানুষ আছে আমি দুই নাম্বার বাসাত আছলাম ইগু ওইলো যে তোমার ফেরার বাতা এখন তুমি গুরা আমি দুই নাম্বার বাসা খরতাম কি একবারে মেন
/kaggle/input/regspeech12/test/test_chittagong_0120.wav,কি দি আইসসে বার মের গি লাস্ট না তো আইয়েরে খরদে বার আয় না বা ভুল অই গি ওডি একটা খতা খই তুই মোবাইল ন দে দি রিফাত কছে হ্যাঁ রিফাত বেন দেহিলে সমস্ত বেতালে খইরদি ও
/kaggle/input/regspeech12/test/test_sandwip_0093.wav,দুম টুক্ঞ খরাইলে আর ফাল্লা নাই
/kaggle/input/regspeech12/test/test_kishoreganj_0057.wav,অহনে দোয়ান বন্দ ন খায়াম কেমনে কইছি তো খাওয়াই আমু এইযে এইযে কিতা কিতা দোহান কুলা খাওয়াই আম তো কালা মারতাছে আছে মারুন যাইবো হ্যা দিবা কি কুন গাছো কুন গাছ ত
/kaggle/input/regspeech12/test/test_sylhet_0222.wav,চাকরি খরিয়া আমার ফেবারটা যাতে থাখে না ও ওয়াইফ পাখারে আরেকটারে থাখো ফরে আমি ওউ টার্গেট লইয়া মনে মনে পড়া শুরু খরছি আর আমার বাইয়ের আমার কুন ভাবি গা
/kaggle/input/regspeech12/test/test_narail_0120.wav,তুমি বুলি আমাদের থাকলি অলো কিতা খরবা না আমি সেডাবিষয় তো ওই আমাদের না কি এতো কথা কিছু দরকার নাই সে তুমি লাগানোর দরকার নাই লাগাচ্ছি না কিন্তু আমার টু আলো জেলায় দিয়ে
/kaggle/input/regspeech12/test/test_narsingdi_0068.wav,আর ক্লাসের মাইয়ে বলে আর আগো বেস্ট কেরে এই মায়ে বিগা কইরা লাইছে যুবক বাজার ওইতে ক অবক্ষয় এগে মইদ্দে ডিসি হয় না কি করতাম এমরান আমরা বাবার রাখবো
/kaggle/input/regspeech12/test/test_kishoreganj_0158.wav,কাডালে মে দে আমরা কইছি কখন কালে আমার ক সকালে গাসের উপর বিন্দুবিন্দু পানির জমি থাকতে দেখতে বন্দু বিন্দু ফানি কি করে দেখতা দেখছো না দেখছি ছা না দেখতি বেশি
/kaggle/input/regspeech12/test/test_sylhet_0584.wav,ইতা খইতাম ফয়লা ফয়লা তো যেহান তারে ফড়াইতাম এখন যান তারার ডিমান্ড এখটা জানতো বেশি বেটার ফাছ আজার নিকি না না আর টেখা তাকি বড়ো ওইলো গিয়া হে নানি বাদ কেন্নে কি না দো তারে রাকাত অয় না মানে আর খতো ইডা
/kaggle/input/regspeech12/test/test_narsingdi_0100.wav,আমরারে কী করি সাবার যেইডাই বাদ দেও কিতা ফরে দেখছে যাওয়ার যায় কাম মানে আমি না নাহ আর আর কই ঈদের সালামি নিবার নাকি আমাকে
/kaggle/input/regspeech12/test/test_narsingdi_0131.wav,ছুডুবেলা আবার ছুডুবালা ফছাইতে কি বালা না ছুডুবেলা তে আমার মতো কি উড বাচ্চা না হরে না তে তো আরও নানো বা
/kaggle/input/regspeech12/test/test_sylhet_0309.wav,ওউ ওতা খান করি করি বা আসলে তো তে গেছোইন তারা বাড়িত দুইও ফ্রেন্ড মিলিয়া বাড়িত গেছোইন তারার বাড়িত আগে গিয়া আব্বা আম্মারে বুঝাইতো তারারে কালকে বিয়া দিলাইতা তারে খই কালকে বিয়া দিলা ইতা নাই হয়নি না তো খইতে ন বল লাগছে কুনু নাই তোমরা খইলো বিয়া কিলা বিয়া অইতো
/kaggle/input/regspeech12/test/test_kishoreganj_0088.wav,দা আমি জমি যা ফাইন খাইছছ হ কেমন লাগে বেছে না কি না খাইল্লা গে মক্কা তোমারে কে মাংনা মক্কা মাংনা মোদির মদ্যে আমি ফানি কওয়া মোদির দে ফানি না মক্কা মক্কা ফুনা মান না কয়া হ
/kaggle/input/regspeech12/test/test_narsingdi_0072.wav,খরতা তারে খাতার মদ্যে কী লেখা এই বল সি টোগ্রাম আলাদা খাতা না তারা কিতা তার খাতা কি লেখা কি লেখা আরে ডাব্লু ই ফরে কিত্তা খরছে ঈদের জামা খরাইছে তর বাট
/kaggle/input/regspeech12/test/test_sylhet_0457.wav,আমার কতা খাইবার না আমার খতা ওরা খেউ আছে আমি নিতে যাই গেলে তো ভাই বুন ওয়ালা আমার সেইম ওলা ওউ কাহিনি আমার টাইমমতো খইবা ওখন আমরার হু আছলা যে না আমরা দুগু বালা ওতার লাগি আমার আব্বা তারা আবার উপুরে বগুড়া কতা আমার ভাইয়ে ইডা বই নাইতো আমার
/kaggle/input/regspeech12/test/test_chittagong_0123.wav,পরে আর তুরা মনে কর দাত টাহা জাগা গুরে সাদি আর কিছু ইন্ডিয়ার ফরিক্কার ফরে আই যে হ এইদিন ওটি গেইসি দি টি গরি রাহি পা জ্বালাইছে জ্বালাইছে ফল বানাই ফালাইয়্যে
/kaggle/input/regspeech12/test/test_sylhet_0397.wav,ছাইডের দূরে খরি লইয়া এই খমি ওইযে এখলা খেলা সব না আইও বাসাত আর এখন তো বাজার দর উরদি অবস্থা কিলা অবস্থা আনতাম না বাজার দর মিয়া আল্লারে বাবা ইতা তো খইয়া সব তাকতাম বাসা দাম
/kaggle/input/regspeech12/test/test_kishoreganj_0022.wav,সার দে না আমরা লক্ষ দান কবি তিন তিন বো ফরেদা ফাইছে যাওয়ার কলে নাম কি কি কুড়াতলা বসা আছে বা রানছি না না তুইন না কইতাছছ এর লাইগা তো খাতা কম মনে বেছলাগে অহন এই এইলা আমার তিন তে না আমনে কইলা লইক্কা হ্যা হঠাৎ দিন সামনে ফাইলে
/kaggle/input/regspeech12/test/test_sylhet_0190.wav,মোটামুটি বাইর সেইডে ফক্ক আছি মাজে অনেক ফ্যামিলি অন ফ্যামিলি ইতা ফ্যামিলির মাঝে এমনে আনন্দ আছিল এমনে দুঃখ আছিল মাঝে মাঝে ইস্কুল তিকা আইয়া ফাইতাম ফাক্কা তে লইয়া একটু একটু তাখতো
/kaggle/input/regspeech12/test/test_narail_0118.wav,খুলনা আসো খুলনা যদি থাকতো তাহলে কি কি আমার ওই কয়দিনির ভিতরে আমার একটা যদি একটা পজিশন তৈরি হয় আমার ব্যবসা বাণিজ্যের আমার একটা অফিস নিয়ার পরিকল্পনা আছে মানে এহনো দার করাই নাই পরিকল্পনা আত্তে ভবিষ্যতে ওই কোম্পানিত একটা অফিস নেবে তা
/kaggle/input/regspeech12/test/test_narsingdi_0033.wav,আর কিছু করার নাই বাদ দে থাক ম্যাচ দেখ এহন আই যে গুজরাট ব্যাটিংয়ের নামবে দেক এহন গুজরাট জিতবে বেটা লাক্ষ্ণৌ বোলিং ইউনিট দেখসস কেমনে জিতবো এক মার্কেটে দিতো সব উইকেট নিয়া নিবো দেখ এহন দেখ
/kaggle/input/regspeech12/test/test_barishal_0001.wav,আর বিশটা টাহা দিছি আর পোলার বিশটা টাহা দিছিস পোলার বিষ টা খাইয়ে অর বিষ টেহা নিতে অইছে তাহা বাবা তে লইয়া এমন বাপে হিরি মারি দি ডাইনি যে ধরছে হারে চাইর পিআর তে তে ই বার তো স্যারে এই না ও ছুডে যাওয়ার চেষ্টা করে পারে না ঘোরতে করতে দৌড় ডা পড়তে দ্যা ফোর আইয়ে
/kaggle/input/regspeech12/test/test_narail_0037.wav,ও মনি এগে তো তাইলে ওই পারতে এগে তো কইলে ওই পাশে টিকে করে ওই রইছিলাম না ইয়া আমি ওই টুকুর খবর বা ওই যে এই
/kaggle/input/regspeech12/test/test_sylhet_0411.wav,আর নাম্বার আর তার মা কেউ লম্বা তারার বাতাও মেডিকেল ওইয়া তারা ওমান মেডিকেলোর খাম কিন্তু তাই তাই বাবির বাড়ি জমির বাড়ি আর নানির বাড়ি একবার বুজবি না তারা বাছাইয়া ইতা এখন তাই তো গেছে গি ভিন্ন অখন আমি তাইরে ফাইয়া হবায়দি ইয়া
/kaggle/input/regspeech12/test/test_narsingdi_0101.wav,খুব সালামি সালামি কেউ সালামি দেয় না ভাই ফেরা তো যদি ধরার মদ্যে দিয়ে দিছে তো হেইডা তো শপিং য়ে টাকা দিয়া অয় রেবা দ্যাও দিছে তিন একটা ট্যাহাও আমার তাই তো পিটার ক্লাসো আমারে দিয়ে দিছে আমি হিন্দু ভাই ভদ্র ভাগ মারা তো দিয়ালাইছে হেদিন না আবার ডাত ছে ভাই চুক্কা কেউ
/kaggle/input/regspeech12/test/test_chittagong_0134.wav,আর যাবার রাজি আছে আঁই কি কোতলা হ ফতে ফইরগি যে সময় যদি হতাগিন হরে বালা লাগে না না এই কাগা ইয়া যায় কেলা মনে কর যে বলতে খরদে ইতারার এন্নে ঢাহাত মাত্র অইছে ঢুকতি রাইন্দে খরদে থাহোক না তারফরে এন্ডে আইবু
/kaggle/input/regspeech12/test/test_chittagong_0038.wav,এ কি পড়া লেহা চাই চাইরি হ চলের না ফাইয়ার হ এবার আন্ডার বাদে অইছে দি আঁরার নিছে তারা যে আমি কি বাত্তি চাই তো চাই আর কিন্তু হইছেলাম নাই বেতন চাই চালি ফির দিস না হ এডে এই চা তা চলে হের
/kaggle/input/regspeech12/test/test_chittagong_0153.wav,আর বান্দবী রায় রইয়ে হ আইচ্ছা অন্য বান্ধবী অগো ব্রেন্ডে শাহিন না রে দে শাহিন পরানডা আবার মামার বাড়িত গেই যে দেখ বিয়াত গেই তোর আর খেলে যে দি
/kaggle/input/regspeech12/test/test_narsingdi_0053.wav,তলে তো বড় হুন লাইগা লাগি এই জন্য ইতে আমরা ইউজ করি গুড গুড গেট গুড গুড নাই গুড নাইট মার স্পন্সার করা উচিত দেই আমি গুড নাইট একটা কিন তারি ইয়া মেগের ভিতর লগে বাদা কবির ক্ষেত দেই মার মহা লাগা
/kaggle/input/regspeech12/test/test_chittagong_0088.wav,লইয়া মানে ই লাগছে এটি তারফরে এই তো জিনিস মানে কম্পিউটার শিখায় মানে কম্পিউটার ফরিক্কা দি ফালার ফরে ইতে ফার্স্ট বাস আইলে কি সেকেন্ড বারের মদ্যে পারশদা শিখা তোর মানে মানায় না এহন কি মানে তুই যদি ফরীক্কা ফরে চিপস তোরে এব্বারে ফিরি তুই কম পরে বুঝে
/kaggle/input/regspeech12/test/test_rangpur_0051.wav,তা তারে কয় না এডা ওইযে বেটা কন যে খাই তো মেতা আছে বেশি কচ্ছে আর কালা খা আর মুই আগোত কী করছো নো
/kaggle/input/regspeech12/test/test_narail_0125.wav,এখানে মানুষজন আমার মতো মানুষজন খুইজে বেডায় আমাগে তারা আবার পরবর্তী যে ডাকে তাদের কাছে যাই তোর তোর ছবি তিতি পয়সা রাখি ভালো তো হ্যা তো কারণ পড়িস না পিপারসারে তো ঠিকই সার করি গানের করি দিছি আমার গানডা অনেক প্রিয়
/kaggle/input/regspeech12/test/test_narail_0086.wav,তুমি তো বুলে আমি বুলে যাইনি আমার এই বুলে গেছে আমারে ওই সবাই বুলে গেছে আমি ঘরো বুলে যাই নি তার কতো ক্যা দিন কতা কতো আমার
/kaggle/input/regspeech12/test/test_sylhet_0544.wav,আছে বালা ওই তার নিছে তো বউত না আমার তো পড়ার তে ওই করার কিতা কাছে তো প্রাইভেট পড়ি এমরা জুতা আর কি
/kaggle/input/regspeech12/test/test_kishoreganj_0056.wav,হ্যাঁ অংক খালা অংক ফরিক্কা সবাইরে আর ন কইলো খাওয়ার এম্নে
/kaggle/input/regspeech12/test/test_rangpur_0088.wav,সমস্যা হইবে সমস্যা কী মশা সেটায় তো একটা নাম তোর নাম কী দেলোয়র মণ্ডল তোর বয়স কত চইলবের লাগছে এলা
/kaggle/input/regspeech12/test/test_sylhet_0009.wav,কিতা ঘুম করছে মানে কিরকম ফালন খরোইন না খরোইন আর কিতা আর কি প্রতম যায় না আর আগের দিন আমরা না আমি খাইতাম খাইতে অ ন আমি বুচ্ছি আছে প্রথম দিন আমরা যদি আমি শায় খাইয়া কি প্রথমে ফরের দিন ঘুম থেইক্কা উঠিয়া
/kaggle/input/regspeech12/test/test_sandwip_0091.wav,এবার মাইয়া জন্নি গেছে আঁই তো আর মোরা আঁরার চোখের ফাইন্নাই ডন দে না না কাজটা ইয়া না বালা তো ইয়া মনে অয় এক্কেরে রাইতে রাত্তার নয়টা হইজ্জান্ত খাজ আর কিছু কুনুগা খাওয়া না মইন্নারার
/kaggle/input/regspeech12/test/test_sylhet_0370.wav,এই স্বপ্ন নিয়া বাদ টা করি তোমরা বিলিফ খরবায় কিন্তু আমি জানি না আমার ফার্স্ট ব্যাটে যখন প্যাটে আইছে আমি জানতাম মনো যে হে আরকি ওই দানি ফিটিং মানে একটা বাপটা আইবো তার লাগি তো একটা মেন্টাল প্রিপারেশন লাগে তোমরা তো দেখলায় যে আমি বিসিএসের লাগি যুদ্ধ খরিয়ার কাজ আমার কিন্তু কুনু ধরনের ইন্টেনশন আছিল না তখন বেবি নেও না তো আল্লায় দিলাইছোইন আমি
/kaggle/input/regspeech12/test/test_sandwip_0023.wav,অনের কা হিসাব কিতাব নাই উগগা হোলাইনের সংসারি একটা ইয়া আছে না এ কেরে উগগারে নাই যে ইয়ান আছে মা ফাইছে একদম কতার হেতের মাপ কাঠি চল আরও হেতের মাপ কাঠি হেতেরে উগগারে হলো আন্নের চলার কি হিয়ান মানে বিন্দা জীবন কাডাইতে খাইবে তো হাই তো হোলারে যাইতেইগা না এমনে ইয়ান খা রুজি কইরলে ইয়া করলে হাডা দিবা আন্নে মার কাছে
/kaggle/input/regspeech12/test/test_narail_0161.wav,প্রতিদিন কয় সমস্ত উনার ব্যাথা সুলো না চোর সমস্যা উনার মাজার সমস্যা আরও কতো রোগ আছে তা ঠিক আছে চোখ দে জল পড়ে আর ডায়বিটিস তো আছে মোটামুটি বারি আকারে
/kaggle/input/regspeech12/test/test_sylhet_0356.wav,আমি ফারলামনে গল্ফগুলা এখন কি মানে না তে যেটুক সামনে দেখতাছি বাটা কাহিনী
/kaggle/input/regspeech12/test/test_sylhet_0066.wav,খরতে ফারমু তো আমার কাম নাই বা টেখা নাই বা তে তাইন খইছে না আমি দিমু টেখা বর্তি অইলাম আমার খও আমি খই না কতো হেল্প নাই তা মানুষটার ওই থাকি যে খরবো বাফে তো বাড়ি তাকি অবস্থা মানুষটা খাকি হেল্প মানে খতা মনে খরবো আর নিছে গ্রামোর বাড়ি তো মানুষেক খতা খই তো মুখে দিতে অইবো নিজোরও মানে খতা খই না তর
/kaggle/input/regspeech12/test/test_sylhet_0110.wav,আফনে আব্বায় কিতা খরতে আমরা ফেরা ঠিক ঠিকানা রাখলো টিক্কাডা রাখলো খতা খরবা খা বছর খরতো টানা রাস্তা বাবার ফিরেও ঘর আইতো আছলো গায় থাখে বাড়ি মাইয়া মাইয়া আইছে থাকে না তাতে বাকি কেউ নাই না আমার গুস্তের কেউ নাই ইবার
/kaggle/input/regspeech12/test/test_chittagong_0068.wav,আঁই ন হই ইয়্যান ন ফরে ওডি হ্যাঁ তাইলে একটা খাজ ঘর খাতো আইলি হুম আঁই বাচ্চা আইস না আর এ ঘুরাধুর আছে দুনোউয়া হোগা তুলের তারফরে তোর বাসাত যাইতাছেগা আইয়ে
/kaggle/input/regspeech12/test/test_comilla_0029.wav,ইখানে ওইখানে ওইদিন ই ঘটনাটা ওইখানেই সমাপ্ত ওইয়ে গেছে যদি একটা পুলিশ কে ওইছে তো তাইলে অবশ্যই তদন্ত হইতো যদি তার তো
/kaggle/input/regspeech12/test/test_barishal_0013.wav,কান্ট্রি কেমন কোনো ডিস্টিকের লোক নাই সেটা আছলে না মা মানে এই খইসে ডাক্তার আয় সামি তো ওই করি না আমার মায় হেরা খইতে তো তা শিকালোই আমার ভাই আমার উল্লাহ আমার
/kaggle/input/regspeech12/test/test_noakhali_0026.wav,নট লাইক বুস্টিউটলাইক দুই যেত্তে বড় আমার গান জিজ্ঞা কয়দিন অরে রাতে না আইবো নাই দেকি দিয়া খরতে অইবো নে খইলে তো মের গাড়ি দেয়
/kaggle/input/regspeech12/test/test_noakhali_0018.wav,না নো খ টাকা রুমারে দিতি অয় নিকি দিবো নিগের বাফে যায়
/kaggle/input/regspeech12/test/test_narsingdi_0135.wav,তো তারা আমারে সবাই অনেক ভালো লাগি যেমন আমি লগে চিন্তা করতা বাসা আমি ভালোবাসা মানে কি ভালো একটা বাকা না স্পেসিফিক লি ব্যাখ্যা দিয়া ক আমি ফারি না আমি যে বাসায় মানে আগে থেইকা গ্যাস বিদ্যুৎ বানি সব কিছু লাইনডা থাকে সব কিছু সাজে থাকে ডা কি একটা ভালোবাসা বলে
/kaggle/input/regspeech12/test/test_narsingdi_0069.wav,কেমন গুন্ডা মালের অভাব রেজাল্ট যিমুন বালা তোলার ইয়া হুম কিচ্ছু দাগে একটা নি থায়ে না অইলে কয়দিন আগে ফাড়ায় তারা ছযারা আত্তে খাড়াইয়া
/kaggle/input/regspeech12/test/test_habiganj_0026.wav,আর ফুল কী দেওয়ান ই লাগবো না দেওয়ান লাগতো না পুল তো কুল সুন্দর্যের লাইগগা কুলপিলইকটা নিজের কুদাডা দ্বিতীয় ভাল্লাগে সাজাইলে ইটা মনডা প্র কল্লো থাখে কলটা দিয়া সাজাইলে পার্থনা খরতেও বাল্লাগে সুন্দর লাগে মনে একটাশান্তি আয় একটু একটু গভীরভাবে ভাব বত্তি অয়
/kaggle/input/regspeech12/test/test_sylhet_0518.wav,একবারে আর নিয়া না কালকে দেখি দেইক্কা আর তাকি বর তো এখন ফরীক্কা দুইটা দিছে তুতা না দিছে বইন গি ফাশ ফরলে মানসম্মান বাড়ছে
/kaggle/input/regspeech12/test/test_sylhet_0093.wav,ও মানে টাইম সাতে টাইম টাইম টা দারা টাইম সাতে কই ট্যার খতানি এইটা আর ছলের অখন একটা বাসায় কার একটা বিকাল থাকে হে যে
/kaggle/input/regspeech12/test/test_chittagong_0083.wav,আর গু ফির লাইছিলাম দে আঁই তো মনে অইছে আরডি তারা ও তো গিয়্যে না তা নো আইয়ে জামাই কান আছে ভালা আছে
/kaggle/input/regspeech12/test/test_sylhet_0626.wav,কবে ছাব্বিশ সাল বিশ তে কেলা হাজির খরতাছে আমি আমি আমার খানি মাতাত আইতাছে জানি ইদান মাজে বাইরবো ফরে দি কিন্তু জিগাইছিলাম খইছলো ছাব্বিশ সাতাইশ ছাব্বিশ তাইলে ছাব্বিশ সাতের কাহিনী এখন বুদ্দি রান্না নি তার বইন ছুটোটা তাই না তাই কাজওই না কি জুমা মামা অগোর বিয়া ওই গেছে
/kaggle/input/regspeech12/test/test_sandwip_0103.wav,ক ছে
/kaggle/input/regspeech12/test/test_kishoreganj_0036.wav,এই মুবাইল আমারে খরতে অবে নাকি খরতে যে মাল ওইডা বাড়িত বইতাম মোবাইল দিয়া আমি অল সেভেন থ্রি বিশ উইননি
/kaggle/input/regspeech12/test/test_chittagong_0114.wav,হ তো গেছে কি দে কি কি লাব দেয়া এংকর লাল নাই তোরে ফরে ফেসবুক রিমা ফেস গরিয়ারে খইয়্যুম সমাজে বন ভালা কন না যা দে দরো না কিল্লাই সমস্যা আছে
/kaggle/input/regspeech12/test/test_sylhet_0744.wav,দিতে ফারি না অখন ইয়া তা আমার নিয়া ওখন আবার ই না না
/kaggle/input/regspeech12/test/test_sylhet_0258.wav,কিংও দিলা ইউনিবার্সিটিত চান্স ফাই না তাইলে তো ও সব পরিশ্রম বৃথা ওইবো তো ওতোক্ষণ ফরযন্ত ফরির কুটা তাই আমার যেমনে
/kaggle/input/regspeech12/test/test_habiganj_0104.wav,সাজি সবারই একটা জাত জুর আঞ্চলিক পার্টি ও বালা আরকি ও কে এলা বেস্ট ফাল্লা তা ক
/kaggle/input/regspeech12/test/test_tangail_0116.wav,তো তার কাছে লইয়া দেখে পাঁচ লাখ টাকার পুরা ক্যা যে পড়তে তার কাছে নিয়া গেছে হে তারপরে হের কি লাভ আছে বারো কিন্তু বিজনেসে টাকা বাসায় নিয়া দেয় কিন্তু এতো বড় বড় এই কেনো দোকানে রাখছে আমি যাই না তবে একটা লোকরে দেখলাম যে সিন্দুর মধ্যে টাকা
/kaggle/input/regspeech12/test/test_sylhet_0757.wav,ফড়লে কিতা উনাইবো ভালো ওইছে না জর বা লইয়া ইয়া ইগু আমরা ফারতাম তারা যেরা বাড়িতো
/kaggle/input/regspeech12/test/test_chittagong_0026.wav,বেত গুলা খানত কী অইয়্যি ডাক্তার আছিলো গিন অইয়া অরি হ তো মাইনে তারা বেয়াকগুনে কী কী যে আছে ওডি তারাও খোনোরখম ইতারা অ আড্ডা অইলে এডে গুরা দি মোবাইল অইলো অইলে বই থাহাই দে এরি
/kaggle/input/regspeech12/test/test_tangail_0093.wav,সাহায্য করতে যাই ও ফরে আস্তে আস্তে কতা টতা হয় পরে ওদের মদ্যে উন্নত হয় রনবির কাফুর আস্তে আস্তে সখি না প্রেম পরে যায় কিন্তু সখি না ওরে ফ্রেন্ড হিসাবে ভাবতে থাকে ছোখিনা ভালোবাসা ওইলো ইমান মানে সালমান খানরে যে বাসায় আরকি মেহমান হিসবে ছিলো
/kaggle/input/regspeech12/test/test_comilla_0025.wav,এরপরে দুই তিন দিন পরে ও খুব ভয় পাইছে এবং এই দুই তিনদিন পর পরে ওর মা ভয়ে থেকে ওইদিন রাত্রে বেলা ওর ঝর চলে আসছে আর পুরা এক সপ্তা মানি একটা ট্রমার মধ্যে ছিলো মানে সবকিছুতেই ভয় পাই তো ইয়া করতো আর আমাদের বাসা ওর বান্ধবী দে একটা গিফট আছে
/kaggle/input/regspeech12/test/test_narail_0047.wav,বলছি এইটুক আমি শুনি ওই সিস্টেম কিন্তু ওই সিস্টেম তো পাওয়া যায় না আর ওই সুময় যদি দখল করতো বা তো তালি তো এখনও সিস্টেম আমি তাই শুনিছি যে ওই যে ওরা যে বাগি যেহানে সেই বাগি
/kaggle/input/regspeech12/test/test_comilla_0003.wav,ইনকাম টি বার থাকতে ইনকাম তো গুরতে ফারো তে ইনকাম দেহি ইনকাম বাদ থাকতে ইনকাম তো আর তো আর বাইরে না এই সেই মেইন ইনকামও
/kaggle/input/regspeech12/test/test_narail_0101.wav,ওই বিপুল বাবু বিদেশে থাকতি তুই আমি খুলনা তে ডাক্তার দেখাই ছিলাম মনে হইছে আড়াই সব যাতে আমার থাইয়েরে ধরা পড়ছিলো ইন্ডিয়া যা আমার নিয়া খাইলিছে জানো ইন্ডিয়া ডাক্তার দরলাম না ছুলা আবার ডাক্তার সিরি ইন্ডিয়া ডাক্তার দেখাইছি আমার থায়ে নাই
/kaggle/input/regspeech12/test/test_sylhet_0665.wav,খান ও তার বইনও আছে টিক কি তো বড় টিক্কা দেইক্কা আছে আমরার ও বাল ঠিক কি তো আছে টিক্কা দিক্ষায় সব পায় আর তো আর অখন তো গুরা সময় দুক্ক দিনও আইবো শুক্র দিন তো ওখন তো এট্টুক কয় দিন গেছে গি অখন তো দুক্কোর দিন দুক্কের টিক্কা আছি আর
/kaggle/input/regspeech12/test/test_rangpur_0068.wav,ও তো রাতরে রোযা থাকে না না শোন দেক আর চা দিছে না ফিরি থাকে না থাকে একটা শিয়ের তোমার ও করিম বাইগোন ওইগলা ভাত বলে লাগি গেছে
/kaggle/input/regspeech12/test/test_sylhet_0735.wav,পার পরে মানে যে দল লাগি মানে যদি সময় পড়ি যায় তো একটা ছারনা ওই সময় তো আফনারা উপকার তা খয় তারা ফুরা তো আর সব মানুষ তা দল
/kaggle/input/regspeech12/test/test_chittagong_0126.wav,চুর চুর যদি মারত ন থাহে তাইরে বালাই লেখা কিন্তু ও কাল নেতো কি আছে কিন্তু মানুষ কিছুক্ষণ পরে সেশন আর না মারে না দেরি অই দে
/kaggle/input/regspeech12/test/test_sylhet_0216.wav,তোর দিকে প্রায় ফাঁচ ছয় গ্রামের মদ্যে এখটা মিয়া ছাখরি যাবি নাই ই জিনিসটা আমার সবচেয়ে বেশি পেইন দিছে যে ইটা থুইবা যে এমন একটা কার মাঝে বড়ো ওইয়া যেখানো কুনু মহিলারা ছাকরি করে না খবা বাবু দোয়াই
/kaggle/input/regspeech12/test/test_sylhet_0691.wav,তো তোর ছেলো ফড়া লেখা ফড়া বাবা ফরে তো আর সাইলাম আছে না আয়া তো
/kaggle/input/regspeech12/test/test_tangail_0033.wav,জাগা দেখা অইছিলো ওই জাগায় যায় তার পাশে যে একটা আই সখি মার্ক ছিলো ওই জাগায় জুন ঠান্ডা বার পায় ফরে তারা এক অভারে ভালোবাসে আর এডার একটা পূর্ণতা পায় তুরা অসাধারণ রে যদি না দেখা হয় তাইলে আরকি বুঝা যাবো না যে মানে
/kaggle/input/regspeech12/test/test_sandwip_0045.wav,হরি হাইতো ন হরিরা ট্যান তুলে দিবার লাই সুন্দর হরির ঘরে দিলে তুমি না নি হরে দিলে দিয়া বাদ বো তো আর টেস্ট দিতি হইতো গরেনে কানি দি
/kaggle/input/regspeech12/test/test_sylhet_0161.wav,তে বেতের বার ইনো খই না শিবগঞ্জ সারে তো ওই আমি ট্যুরিস্ট বন্দো তো ইখানো আফনেরার করে বা আফনের আফনার তার লাগি মানে কিতা খরতে যদি হুন তাইন যে লিটারি রাজা তো গা খুজা আছে তার তা খাই দিছে
/kaggle/input/regspeech12/test/test_rangpur_0097.wav,গাই গরুর গোস্ত যোন নরম হয় না গাই গরুর গোস্ত বুড়া গরুর গোস্ত নয় শক্ত আর ওটা জাল দেওয়া লাগে মেলাক্ষণ তে পারি এখানও খাইতে
/kaggle/input/regspeech12/test/test_barishal_0047.wav,সহ্য করতারি না কি তারার পার্টি ওই হইলো ঝামায় এড্ডা কালার তাইনে এই জামা এড্ডা কালার যাক আডি বিষ্টি হা কামড় দিলে যদি ভুইলে কেউ খাইয়াও হালা গো আতেরে থেকে কি জানে
/kaggle/input/regspeech12/test/test_sandwip_0122.wav,মাইয়ারে হয় না তিন মাসের বড় দি দুই তিন মাসের বড় মাইয়া তো এমনে মানি লম্বা টম্বা না তো আমি ই করি মাইয়া মাইয়ারে হর আর ইফার দিবু আঁই ফারি
/kaggle/input/regspeech12/test/test_kishoreganj_0079.wav,না কার লইয়া মাছ থাহি না যে কি না ক আস মাছছে ফাতি মাছ কাল আছে হ নাম আছে কত অইবো দইরা
/kaggle/input/regspeech12/test/test_barishal_0101.wav,বা বালা না ডাই হেয় যদি ইটা কইরা না খাক বেল দিছে কই কি এহন রাজুই তিন জন থাররবানা খাই কাম না হ
/kaggle/input/regspeech12/test/test_sylhet_0184.wav,খরা লাগবো না না আমরা ফুরি অনার্স ফাইনাল ইয়ার আরকি ও ওই গিয়া থিসিসের কাজে মানে একটু ই ইতা লাগবো ইটা ব্যাপারটা কি না ইটা গিয়া প্রতি বেতন লেখা লাগবো তো ইখানো রাস্তা আর পারে থাকে না না
/kaggle/input/regspeech12/test/test_chittagong_0018.wav,হ গইজ্জি তুই গইরগুস না হ গইজ্জি তো হ ফায়ার খাটা কি অবস্থা তোর ও ওডি কালার খতা হ দে ফরালেখা গুন যাইতে ভাবি এত্তে কা খাতা লিমা দেও দেরি আর ফরালেখা কইরতো না
/kaggle/input/regspeech12/test/test_sylhet_0655.wav,বাড়ি টারি আফনেরা নিজেরা ইগুলা খরছো আফনের উত্র দো আইছেনি কিতা খরোইন মানে তাখি তাইন কিতা খরোইন যেন ছাখরির
/kaggle/input/regspeech12/test/test_kishoreganj_0084.wav,নিয়া যা যা বইলে বাইদ্দা আর ক্যারা গা ফরে আর তাইন না এ আমার এক লইয়া আমি এইডা
/kaggle/input/regspeech12/test/test_narsingdi_0049.wav,আমার মাইন্ডি দিলাইতাছে খুজে কার না বইন ডিরেক্ট দিন কিন্তু তারফরে দেখি যে দেইখা মারে গিয়া রাখ দিছে মায়া দি উঠছে না বাবায় মায়া গে উঠতো মারে উডাই দিবো ফরে বা হেরা কি উট্টু আর তো একটা বইয়া করতো গরা ন অর ফানি যায় গা কারা আমি অনেক খারাপ জিনিস
/kaggle/input/regspeech12/test/test_tangail_0105.wav,তো আমার মনে হয় এতে একটা মানে এই মুবিগুলা দেখতে দেখতে কলে ভালা লাগবে আশা করি তো ইখানেই আমি রেকর্ডিং স্টপ করছি
/kaggle/input/regspeech12/test/test_narail_0041.wav,তাইন বড় মায়া করছুইন সেডা খরা কাকা বা মাইতা না দারা কান তো ওরে কলডা বিটা ওই যে কুজি অনে সবখানে সত্তুর কি দি এই যে কই খুজখবর দিলো না ওরা যা তিনডা একটা নিয়া ওইটা ক
/kaggle/input/regspeech12/test/test_barishal_0049.wav,ওর বাবায় মরা করে এহন মনে কর আমি চিন্তা করছি যে সে তো ধরে নাই কাম কাজ কইররা খাইলে ভালো আছি কিন্তু কাম হইবে কী একটা খামারে ওই মাইয়েডা হইছে সত্তুর হাজার টাহা গেছে মোর বরিশাল হালাইছে ওনরা উন ডাহে নাই কত ঝামেলার মইদ্যে মুই পড়ছিলাম
/kaggle/input/regspeech12/test/test_habiganj_0059.wav,ছুটু ভাই না তিনি আমি তুই বড় আমার চব্বাইবনকুডু ইতা জ্বালায় নি ইতা তো তার খতা কিতা খইমু আমার তো খালি আমার ছুডু ছুডু ডা খালি আমারে ডাখে গর দি খইরা আর আমার পরে দুইওডা যে ইতা তো আমারে ডাখে ওই না ইতা তো তুই তুই খইরা ডাখে দেখা যায় ইতা ওই বড় আমি আর কিতা খইমু আমার বইন ডারে যদি একটা দেয় আমারে দশটা দেয় আর ছুডু বাই মায়লা বাই আমার ফরেরটা আমার দুই নাম্বার বাইরে আবার কিচ্ছু খরে না একটু বদ্র সদরে আছে
/kaggle/input/regspeech12/test/test_sylhet_0116.wav,ই মদ্দে আই এইডা কুনু দিনি খাইতাম না একদিন খাইতাম মারিদি না তাখতাম ইমন খরছে খরতাম ও তারা বালা গা গরের মানে কেউ দিতো বাদ দিতো ইয়া দিতো চা দিতো আমরা খাইতাম দি ভাইবোন খতা তো যে আমরা ট্যায়া নাম কি বুঝইছে বাছাইন তো খাম খরি
/kaggle/input/regspeech12/test/test_chittagong_0079.wav,ভাইবো না আছে যে বেয়াকগিন তো আর তুনো বড় বড় ইতারা অনার্স লই ফরে সন্ধ্যা খানরে ইতা দি গইয়েরে চাইছে না তাইন তারার বেকে কেউ ন ফরে এইল্লা তার লাই খারে দুরু জানি
/kaggle/input/regspeech12/test/test_tangail_0113.wav,তারা মাল উঠাইছে দোকানে এখন এই সবগুলা পইড়ে গেছে একদম মিষ্টি অইয়া গেছে ইটা খুবই একটা খারাপ হইছে কিন্তু মার কি তো ব্যবসা করে রোজার ডিম কিতা ব্যবসা করে না একটু যে বড় একটা প্রথমে দেখতে অলরেডি তে ডিপ্রেশন আছে যে দেহি ডা তো
/kaggle/input/regspeech12/test/test_noakhali_0019.wav,হ্যাঁ আর এবার কারেন মিডারেনি জানি টাকা দিয়ে গেছিলো আর ইয়া মারে গেছে ময়না ময়নারে বইন দুনুগা ভাগ করি টাকা রায় দিতে ক তোর অদ্দেক আর দে কি টাকা চালে দিয়ে গেছে হারে দরো ওনে ভাগ করি অর্ধেক দেকলে আইছে আমার কিন্তু বেডা গাও
/kaggle/input/regspeech12/test/test_habiganj_0115.wav,সালামালাইকুম ভাই না নাম
/kaggle/input/regspeech12/test/test_chittagong_0048.wav,ও বাড়িত খষ্ট নাই অবো বুজ্জস ওর বাড়িত তো করা তুন অ না হ ভাই কেন জানছ তে তুই বিয়ে ওগগা গরিয়ার লাগবো কোনো ওই দি কেউর বাড়িত যা লাম লাইন তর বাইক্কা বুঝি গেইয়্যি ঘর না অনেক না বুঝলাম
/kaggle/input/regspeech12/test/test_barishal_0065.wav,এহন আবার দি দিন দিলে দিক খাই না ঠিক অইয়া গেছে না আছে ভাতে শিষ্য তা দিতো না মানুষ কর ছোট
/kaggle/input/regspeech12/test/test_narail_0139.wav,আমি কইছি কালকে যদি পাঠায় দিতি পারে তা কালকেই পাঠায় যে আমি তো পারি তারও খরচ দশের নিতে যার ওই তার মানে আর ইটালির কথা মাসুদ দুলা বাড়ি বলিছেলো চৌদ্দ লাখ তিনশো চলা থাকপে আইচ্ছা
/kaggle/input/regspeech12/test/test_kishoreganj_0176.wav,অইয়া গেলে ছা খুনি দিয়ে ছা কুনু দি দে এই পানি কমি পায় হলো কুতায় হইলো চাক মত মেয়ে ততো লাল মনে টলা
/kaggle/input/regspeech12/test/test_sylhet_0041.wav,এইটা কন দা সবাই আমরা ইখানো যায় কান্দার ফরে মন্দির সবাই যাই দিয়া সব মিত্তা খাওয়া ওইবো আর মন্ত্রত্ররাণ খরিয়া এইডা সবার হাতে হাতে দিলে এইডা সবার হাতে থাকে করতে কুক পরে বিশপদ গাজির প্রতিমার যেন করার ফরে শান্তি হাটে যাওয়ার ফরে সময় কয়
/kaggle/input/regspeech12/test/test_kishoreganj_0101.wav,করি কতা ক হুম এই জাগা কইছি না উদ্দির তা খাইদ্য তৈরি বদ্দ দিবের বিস্তারের জন্য পানির উপর নির্ভর নির্ভরশীল ঠিকাছে উদ্বিগকুন্যা আর পানি কুনদিক
/kaggle/input/regspeech12/test/test_chittagong_0044.wav,ওগুর নরমাল বাকি মোবাইল লগের সময় মাইর সম্পত্তি না হে দিবি দুবে দিলে এরি এহন আতঙ্কে গুরা ন আছে নো প্রা অই না তার কোনো নদি না বিলে নি ওগে ন দে খন না ইয়ো ইয়া আন্নে খইছে কুনু ব্যক্তি আঁরতুন বড় ফাকি এরে জোরে গিয়ে
/kaggle/input/regspeech12/test/test_barishal_0005.wav,এহিন দিয়া বড় কতা এহন যে টান তে টান্তা আমাগো দরজা খাড়াইয়া নিতে আর পিডা আই আর কান দৌড়ে বাবারে আমারে এরম টানি আমার বার টান যা বেতা ভাই হেইয়া অতো মিডিয়াম উরিয়া কতা অইছে বাস্তবে ঘটনা কিন্তু ওইয়া দেহায় ঠিক খরলো কিছু কাজে দেয়
/kaggle/input/regspeech12/test/test_sylhet_0376.wav,তুমরারে আমি রান্দিয়া যে তোমরা তোমরা যার যার থাও ওই দিবায় যার যার বিনা ফাইলিবায় যার যার রুম যার যার ফরিস্কার খরিলিবায় আর তাইলে আমার কাডের মানুষ লাগতো না আমরা যার যার কাজ খরি দিমু তোমরা আমারে হেল্প খরলে আমি তোমরারে হেল্প খরমু আমরা মনো খরবায় যে ইটা এখটা মেয়া ইটা কুনু বাসা না
/kaggle/input/regspeech12/test/test_sylhet_0574.wav,আ ছাড়া কিতা ও ফারে আইছোত না আছে লাগতে গেছে বালা তুই হেদিন কইলেন আনি খবর বিয়া ওই গেছে না ও তুই খইছ না আমি আমি খইছেনি আমি কমু আমি টানা ফরে খইছে অন খইমু আমি আমরার লগে ওই যে ইনরা না আছে না নি না আছে না আমি রানবি
/kaggle/input/regspeech12/test/test_kishoreganj_0112.wav,আমার আঞ্চলিক ভাষা হে যে কুনডা হে যে গাছেরে কা কেলা খয় গুছে গাছেরে কা কুন আবার ইয়া গাছ কেলা করা আবার ঘাসের কেলা কা ফড়িং
/kaggle/input/regspeech12/test/test_tangail_0068.wav,হেরকম একটা মানে অর অর যে ফ্রেন্ড যা ছিলো অগো আছে বলছিলো বরুন ধানের কথা ফরে হাসপাতালে নেওয়া অয় কিন্তু মানে শিউলি মানে হুকুম আই ফইলা যায় একদম ফরে বরুন দাওন যখন জানি যে
/kaggle/input/regspeech12/test/test_kishoreganj_0071.wav,এই যাও না বিটা দেতে নে পোকা আমার তো একটা মানে নাছা দিতে হারে ন নে কি একটা একটা মানে হ্যাঁ গোয়াইল তো ফালার তান না না
/kaggle/input/regspeech12/test/test_tangail_0051.wav,দেহে পরে মানে বন্ধ হইয়ে যায় আর কি এই সময় পরে ওরা ভারতে পারতে এই দুইজনে ম্যাক্নিকর একটা দ্বীপ র দ্বীপ নাকি তীরে আসে পরে মানে লোকাল আছে এরকম জায়গায় আবার বন ও আছে
/kaggle/input/regspeech12/test/test_habiganj_0039.wav,তো ঝুল দিয়া রাখতো ফানি বিষ্টি দেলাইতো দেওয়ার ফরে দেখা যায় পান শাপলা লাগে এরফরে দিকে আর সবাই কয় তো ফান ছারখার ইতা খাইতাম না ন জানা
/kaggle/input/regspeech12/test/test_sylhet_0092.wav,টিন তালাত যাওয়ার ফরে ফরে খইরা আর যা খরে আবার ফির তাই ফিট এক ঘন্টা খইরা খয় আবার উডানো জারু দেই উডাও বিয়া খরদে আবার স্যার খামার খাম আবার আতল আটা টিক দরো তিন ষাইট টা বাজে তিনডে আবার যে কোনো জিনিস পিছন নাই
/kaggle/input/regspeech12/test/test_sylhet_0524.wav,প্রিয়া তো খুবই বালা গেছে বাটা মরতে অইলো আমরা তো থাকতে ফারতি গেছি আগের কিনিয়া ফাকির লাগবো প্লেইন গেছি ফার্স্ট টাইম যার আইতে আবার বারছে কিলা ছিনরানি
/kaggle/input/regspeech12/test/test_tangail_0044.wav,পাই যে প্যাটে পাই ও আর কি কহনো এই ইন্ডিয়া ছাড়া যাইতে যাইতেছি না পরে কি যাওয়া হয় পরে রাতে জাহাজে একটা সাগরের মধ্যে ঝড় শুরু হয় আর পুরা জাহাজের যা আছে সব পুরা ভাষায় নিয়া যায়া
/kaggle/input/regspeech12/test/test_sylhet_0731.wav,বিয়া যাই দি ন খয় দিনের বাইশ জন প্রায় ছয় লাগে তা ওই যে বিয়া বাই কালকে ওই যাবি তোমার
/kaggle/input/regspeech12/test/test_kishoreganj_0186.wav,গিন তো সবুজ গিন তো সবুজ গিন তর সবুজ গিন অত আই না উদ্দ পুষ্টি দি পর্যন্ত মাটি বেশি না কি মাছ
/kaggle/input/regspeech12/test/test_habiganj_0101.wav,তার তিকা কড়া লেখা কে লাগে আগে তাইলে তুইলা দা হুম তাইলে তো আবার ভালোই লাগে আর থিকা আয় তার লাগি মাইকো বায়োলজিডা ভাল্লাগে না মাইর বায়োলজিডা বেশি কটিন লাগে
/kaggle/input/regspeech12/test/test_sandwip_0074.wav,অইবো অর্দেক বৃষ্টি কইরে কিয়েরে আবার মনে আর চাকরি করি না মানুষের আবার কি হরে বিষ্টি হচ্ছে তো এডে লইয়া আইছে যোগাযোগ এক্কানা আফনার ও কাদো বেশি ইজ
/kaggle/input/regspeech12/test/test_chittagong_0168.wav,তুরে দি খানা ইবে ন তো বেগুন তাইলে খইত হনে ওই তো ইয়া খতা আবার ওটে লস দিয়া ইজি তা ওই আলগা আডা কাজ
/kaggle/input/regspeech12/test/test_sylhet_0466.wav,আব্বা নি ও মা তুমার খইয়া আনছি না মানে আমার আব্বায় ফরে তো আমরা বাড়ি ঘরে গেছে গি বুচ্ছোনি বাড়ি ফরে গেছি গ্রামোর মানুষ যায় নানি ছুটি ফারে না নি হতে খও দিতো খরা লাগে চাকরি ওমার লাইগা গ্রামোর বাড়ি তো করা লাইগা খয় লগে
/kaggle/input/regspeech12/test/test_sylhet_0583.wav,আরও খয়েকটা দেখি রাইত আছে সব গেলে ছাড়া দিন থাখতে না না ছবি ব্রাদার তুলা গেলা তে আর থাকার রে কুন তার ফড়ায় না ইতারে বন
/kaggle/input/regspeech12/test/test_sylhet_0564.wav,চাইরটা না নি ইতা ম্যাথ তে কিতা মা মেয়ে কুলা না ক্যালকুলাস না ওই যে হায়ার ম্যাথোর কিছু অংক আছিল আমরার একটা আছে বিজনেস ম্যাত সেগেন্ড ইয়ারো আমার আমি খানে তো এমনে আমার থেকে নিয়ার ব্যস্ততার লাগে বালা লগে
/kaggle/input/regspeech12/test/test_barishal_0083.wav,এই ঘর যামু না নি দে ঘরের নাতি মোল্লা বাড়ি যাইতাম এই সুমা বাদে বারেরদি খাওয়া খাইয়া বাইরইতাম ঘরের দে খাইতারতাম না এতো কয়ডা ভাত খাইতাম না নি পরোটা খোনদি লইয়া দিতাম ঘরে নিতে
/kaggle/input/regspeech12/test/test_sylhet_0650.wav,রে এট্টু অন ঢুকাইছি হ কেলা যা থাকা ও গুদ্দা তে তো মারা মারি কররা কবে করে মারে রাজাকার হোলা রাজা কারে মারের না হে গিয়া কি আছে কিলা নৌকা দিয়া যাই থাকি না এমনে এমনে ফার ওইয়া যাই থাকছে এমনে এমনে গাড়ির জাব করে বা সবাই মানে তো হ গোডার খুলা
/kaggle/input/regspeech12/test/test_sylhet_0299.wav,কিন্তু তখন তাইনোর লাগি একটা ঋণ দেওয়া আছে একটা বড় ব্যাফার আছিল তো তাইন একটা রেই দিছোইন ওউ ই দিনটা এখনো আছে তাইনরে দেওয়া বলতে ইয়া তো ই দিনটা ওইলো গিয়া বিয়া জইন
/kaggle/input/regspeech12/test/test_sylhet_0550.wav,আমি খালি ফির ফারাম তো ভাবি ফেব্রুয়ারি বাট আমরারে দিলাইও আম্নে তো ফেব্রুয়ারিত আমরারে তো যে আমি তো খইয়ার কিতা বাদ দিলাইতো খইছলাম নি খয়জন খরিয়া আরো ও ইটা কিতা ওইছে তো সন্ধ্যা টাইমই যায় নানি আইতাখালে যাবার
/kaggle/input/regspeech12/test/test_sandwip_0010.wav,যে ফানির মিডি দি যা যা মেডি করি লিখতে অইবো এক দিন খই বানাইয়া ইন আই হাইবা বিন এলা কি
/kaggle/input/regspeech12/test/test_sylhet_0336.wav,না আউট অইলে না ও তো কয় না ওই ই তো মহা কারণ মুবি একটু ইতা লাস্ট মুমেন্ট আইজ কি ফার্স্ট ডেফি অইবো
/kaggle/input/regspeech12/test/test_narsingdi_0130.wav,দুই এডা এক কই আমার কি বলে ইট্টু ইট্টু বালা হইতাছিলো ফারি না তুই আম্মা তোর জন্ম কতা জন্ম কতা এই দেখানি ফরে ডাকতরে
/kaggle/input/regspeech12/test/test_narsingdi_0017.wav,চল্লিশ প্লাস বয়স দা ওয়ান টেস্টের মধ্যে বল করে পঞ্চাশ ওভার ষাইট ওভার বল করে আর আমনের দে প্লেয়ারগুলা অহনই নাকি টেস্ট তে ছাইড়া দিছে টেস্ট খেলার ছাইড়া দিছে টেস্ট খেলবো না
/kaggle/input/regspeech12/test/test_narsingdi_0070.wav,ছাড়া রে ধর আর কি আর একটা ডাক তারা আগে তো মানে ওতো একটা ডাইফেদে আংগো কি কি থাকলে যে মোবাইল ফোন ইউজ করতে এর লাইগা অবায় করলে ফরে আমরা আংগোর যে এন্নে মোবাইল তলি দূরে তো মোবাইল ফোন ইউজ করার লাইগা যে টিচারে
/kaggle/input/regspeech12/test/test_sylhet_0058.wav,রান্না করার ফরে বাত খাওয়ার মতো না অলাখান নরম করতে বাবা গাইলান ফগা দিতা দোয়া ফরে তাও বারাইলো মার খাওয়াইতা তাই তো দুধের লাগি তো খান্দি তো ফরে মায়ারে নি লাগি মামা তারা বার তারে ন ফরে অনো টিকিৎসা করছে
/kaggle/input/regspeech12/test/test_sandwip_0088.wav,বাও লাখে যেটুক মাসি বাহার বাদ দে লাই খাও না না অখন বাড়িত চানতো নানি গেছে না বাড়ি ন দে দিয়া ফতি
/kaggle/input/regspeech12/test/test_sylhet_0510.wav,তখন তো ইতা না পিএইচডি তা খতা না তে লাখ টেখা দি থেনজিফাররতুই অখন আট লাখ বুঝানি তখন তো আমরা কিন্তু খও দেড় লাখ টেখা দিয়া লাইবায় দুই লাখ টেখা দিলে না খও ফাঁশশো টেখা দিতো কিন্তু এখন খও এক লাখ টেখা বেড়াইবার
/kaggle/input/regspeech12/test/test_sylhet_0522.wav,না পাস করা ভালো ফরান টা একটু কি লাগে এই কান্ত ফাশ খরি কিতা খয় তার হয় তার ফর্যন্ত রক্কা বারো তারিক বাংলাদেশের হচ্ছে ফরীক্কা খরছে রোজার থাকে বেরাই কিতা ট্রেনে না তারা চেন দিছি না ও এহন নাই না যারা এরা
/kaggle/input/regspeech12/test/test_narail_0011.wav,আমি বাবুরে চিকিৎসা তা ও কইছেলো কি যে বাবুরে চিকিতসকের টাহা দেছে তা বৌদি তো দশ হাজার টাকা পাইছে আর আমরা তো জানি দশ হাজার টাকা বল দি ভাই দশ হাজার টাকা তা কচ্ছে কি যে না আমার মাইনষে তো বাইত কাছে আমি অনেক টাকা দে ও নিতি কইছে আর যদি কইয়া যদি কয় যে আমি কইবি
/kaggle/input/regspeech12/test/test_habiganj_0020.wav,হুম কি জানো না আমি কারে তো আমি আমার আছিন ফাইতাম না তে আর আমার না না তাই কুনো বইলে খরো না এরা এরা ফরে আমার একটা খইরা আমনে আমার বাইরে কি না ইডা কি দেও
/kaggle/input/regspeech12/test/test_sylhet_0362.wav,নিজের আইডেন্টিটি রাখা ইকটা আমার মদ্যে কাজ করছে যার খারণে আমি কুনুদিন এই ক্যান যাই না আমার ফাচটা ব্যাফার ক্যাডার আমি ক্যাডার কইছিও তারফরে বয়স আছিল আরো এপ্লাই করা আমি আর ফরীক্কাও দিলা চব্বিশ তম দিছিলাম তখন ওইলো গিয়া
/kaggle/input/regspeech12/test/test_sylhet_0220.wav,পয়েন্ট আউট খরবা আফনার ওই যে এখন আগনির ওটা ওইলো গিয়া দুই হাজার চাল বুট বিশ বিশ বছর আগে তালিকাডা যখন আমার খাছে আইতে তখন আমি মনে মনে ইটা ভাবছি যে ছিন্তা ধারা একটা ফরিমাণ খাই প্রায় ঠিক পাট খরিললা আমার বিয়ে হইছে আমি তো খরতাম ফারতাম না আমরা তো অবারটাইম ফ্যামিলি
/kaggle/input/regspeech12/test/test_tangail_0127.wav,কিন্তু সেটা আর হইলো না মানে এখন তো মনে হয় দা বানলে একটু ওইতেছে না হেয় দাবা এক লাভ দিছে এই দাবার গা ইরখম হইতে পারি আমাদের সুন্দর বানায় আগুন লাইগগা যাইতে পারি হতা না আমি তো দেখতি বড় বড় কান্ট্রিত এইরকম হয় দিতু গরমের কারণ ওই বিবিন্ন জায়গায়
/kaggle/input/regspeech12/test/test_kishoreganj_0126.wav,ওখানে তেল গ্যাস কয়লা তেল গাছ করে ইত্যাদি ব্যবহার করে বাবার করে এই জীবন হিসেবে ব্যবহার দুইনের পধান উৎসব কানি উৎসব ইয়া গাছ কলা কাইট্টা করে আইচ্ছা
/kaggle/input/regspeech12/test/test_sylhet_0154.wav,তো বউত উয়াও তা পাইতে তা তো ফুরা খরে না তে খালের ভাই বই না তুই কতা লাগে যাও
/kaggle/input/regspeech12/test/test_chittagong_0078.wav,সাইকোলজিকাল না সাইকোলজিে আঁই আর কি করি চাই চাই কী দিত্তারি এমনি যে ভাবির শান্তি ন চাই আঁই তোরার ঘর তো বড় ভাই বুন নাই
/kaggle/input/regspeech12/test/test_habiganj_0116.wav,বাজার টাজার তাইন নি যায় বাজার আটি যাইয়া বাজার এট্টা দর দাম কিতা ভাই মানে জিনিস ফত্র ইগুলা তো মুটামুটি অনে দাম
/kaggle/input/regspeech12/test/test_sylhet_0604.wav,ইরখম তা তো ইতা মাত উরা ওই আমি ম্যাডাম ইটা লাস্টে আর মানে কিতা খারাপ না ভাবতাছি যে মানে লাবি ম্যাডাম ইলি ম্যাডামেরা ছাড়াও খাদি জির আলি ছলে সবতা অবাক লাগে আচ্ছা ভাই
/kaggle/input/regspeech12/test/test_sylhet_0396.wav,আমি বাসাত থাকে এলাকা কি না মানুষ থাখে ইতা ছুডি একলা খতা আছে তে মানে যে বইন যে একটারে নিয়া রাখবা মানি যারে ফাই কি ওরকম আনি আনি আঁরা কি গরো ছোট মানুষ স্যারে আনছে ইগুরে আমি খুঁজতাম খরিবার ওইছে মানে না আমি আনছি দিন গেছিলাম বাড়িত হুম
/kaggle/input/regspeech12/test/test_sylhet_0736.wav,আস্তে আস্তে তো আর তুই না মোরা টুলা বাড়ি দিলি আড্ডা বা বা জামাইয়ের ইয়া সক্কর দিবো আমি তার চোক কর দিবো হুম সাস্ক্রাইব কর বাদে তোমার জামাইর বাড়ি গেলে তার মার বাড়ি কয় খাইতে করতে অইবে আমার ছোট বেলা তো আফনারার বেশ করিয়া টিয়া দেখতে কিছু না মামু খইছে ওইছে ওই যে কিতা
/kaggle/input/regspeech12/test/test_rangpur_0048.wav,দেছে মিলে না আর খাই মানে আর দ্যাক নিবানি আছে আমার খালি গরিব সবাই দরে না মুই তো বা না যে মুই আগের তে মেলা খারাপ হইছে
/kaggle/input/regspeech12/test/test_sylhet_0629.wav,পিন যে মিনার ত পিন জামাই না নি আমার ওই যে বড় ইচ্ছা দেখতাম মোবাইল তো পিকনিকো যাইবা দেখমু আল্লা এখন ওনি তারা ফাটা গেছোইন পিন আট টা না ও খয়দিন আগে আইতো
/kaggle/input/regspeech12/test/test_habiganj_0004.wav,খারে ফরে রাখলে স্যারের জিগানি ইডা আরকি ঠিক নিয়া ওইছে তারে ঘরে না বেডা তো
/kaggle/input/regspeech12/test/test_sylhet_0374.wav,অনে আমরা খুব হুতা লাইগগা ম্যাডামরে দেকি প্যালেন্ট আসলে আমার স্যার খুব পারে কি কাডি বলতে ধরো তাইন যে কুনু সময় যে একেবারে খাবার রেডি করিয়া টেবিলও লইয়া বারিয়াখাওয়ানি লাগবো সার্ভখরা লাগবো ইটাই যায়
/kaggle/input/regspeech12/test/test_sylhet_0468.wav,না বাফে না মাই তাও আইগা
/kaggle/input/regspeech12/test/test_sylhet_0620.wav,আর যখন তো মেগের দিন নায় তান আর বুজরা না ইনো ফানিটা নিতো ফারে তান তার নরমালি আরকি আইরা যায়া খইয়া ফড়িয়া আর ফাও বলে ফাও দি আইছলা খাই তার ফাও গুরা খাইলায় পারে গুরালীর হাডি কিনা ছলো মানে আম কিনা দেখা তো না তা টিনি
/kaggle/input/regspeech12/test/test_chittagong_0022.wav,অয় অরে আরেকটা খতা না তুই হুম মোবাইল লেভেল অইলে খইদি ফাঁচ মিনিট দিবে লাই দি সাড়ে ফাঁচ ঘন্টা ইয়া লাগতো মামা আমার মোবাইল অইলে ইয়ানে ওডি বউত নেশা নেশা অয় অরে মোবাইলে লইছি মোরা আছে খালাম ছুদি চিটাং অত কী কী করবো থছ না
/kaggle/input/regspeech12/test/test_sylhet_0284.wav,ওউ সময় বাড়িত গেছি ভুট দেওয়ার লাইগগা ভোট দেওয়ার গিয়া কি করে ভুটার নের মাঝে আমার ভাত আমারে দেখছি দেখিয়া
/kaggle/input/regspeech12/test/test_sylhet_0439.wav,মানে জান ল জ্বালায় খান্দারো বালা ফরে আল্লার খইলে তো বালা ওই গিলাম ফরে একটু একটু ভাইনা মানে আলা একটু পড়ি যায় একটা ওরখম ফরে আবার ম্যাডামে একটা তিন মাস ফরে একটা আল্লা দুই বছর ওই গিয়া তান শিকলে
/kaggle/input/regspeech12/test/test_sylhet_0427.wav,আল্লা বালা আল্লার লাখ তো তো আর কুম্বায় ইনজেকশন দিতো নাম তো জানি না কুম্বালা ইতা খইতো ফারা ফরে তো আমার বাড়ির মানুষ তো ফার গেছে বাড়ি না
/kaggle/input/regspeech12/test/test_chittagong_0040.wav,বইয়েনে বিবেকে কান্দি রাইখছি কি আর কইরবি করি কি ন জিতে আমি গিলি ইতারা আই যদি ফেট নাই মা না কি তুমি না আইছে এট্টু ফারি এইল্লা দাম নাই বুজ্জস না মোক যে খতা বেয়াকগিন
/kaggle/input/regspeech12/test/test_sylhet_0521.wav,তো দেখা রাইত যাও অন্তত আরে খালকে আমি যেতা জুর ফড়াইতে খালি বাবার না আর সারা অত পাইলার ফড়া লেখাত নাই ওই কে ফারে একটু বাইত নিয়া যদি কুনুমতে ফাশ টাক দিলায় তার কছে কিতা
/kaggle/input/regspeech12/test/test_narail_0117.wav,দি স্টুডেন্ট ন স্টুডেন্ট তোর মতো কতা স্টুডেন্ট মানুষ কইরে ছারিলাম তুমি মনে করো যদি
/kaggle/input/regspeech12/test/test_sylhet_0407.wav,আমরা তার লাগি ওখন রমজান মাসে খরতা ফারবে ই মাস তো ফেব্রুয়ারি মাজা আগে মহা খুলা বুঝো তা কি নতুন বাচ্চা বালা টিক পরিবারের ফড়মু তারার লাগি গুমাই যায় না ও
/kaggle/input/regspeech12/test/test_sylhet_0290.wav,ও চাওয়া পাওয়া তাখতো নায় সামাজিক যে প্রত্যাশা গলা তাখতো নায় তারাও মেয়ে যাইবো আর আমরার তো কুনু চায়াও নাই যাই ওউক তো তখন গিয়া এনগেইজমেন্ট উই তারা বাড়ি তাকি মানুষ যাইতে আইয়া হুইন্না দেখলো
/kaggle/input/regspeech12/test/test_tangail_0124.wav,তে যে যত ফারে দিতে ছে কিন্তু তাদের লস এতো পরিমাণে বেশি হইছে তাদের ওই টাকায় হচ্ছে না এখন ই দেখলি না নিউজ পিডে তো দেখছি যে সাকিব সাকিব আল হাসান নাকি দিলেও বিশ হাজার জাস্ট ইফতারি করার জন্য ওর ফাউন্ডেশন পিছন দিয়ে আরও অনেক টাকা দিতে কিন্তু সামনে দিয়ে হচ্ছে ইপতারির জন্য বিশ হাজার টাকা দিছে এইজন্য ডালে বেছে
/kaggle/input/regspeech12/test/test_barishal_0074.wav,হয় ওইছে বউরে আর বড় বদনাম খয় না বদনাম কইলাম তো কি বানাইলে খাও না হরা খাতি বানাইলে তো বালা ইডা না
/kaggle/input/regspeech12/test/test_sandwip_0095.wav,লাই নাই বিশ যাই তো ব্যাক আনে রাতের না জামাতে খইন্দি বাড়ি গা আরেক্কানা জানিয়া মিক্কা লইয়েনা
/kaggle/input/regspeech12/test/test_sylhet_0580.wav,বাড়তি কি না খরে বা তা জানি না তাই বা দেখতি আমার যাওয়ার ইচ্ছা নাই আমার বিক্রি যাইতাম আমার বাল্লাগে ও এখটা গাছ রোজ আর সব তাইকা বেচে বোরিং লাগা শিল্পী আনিয়া যে গান যে সময় গাওন
/kaggle/input/regspeech12/test/test_kishoreganj_0128.wav,এই আল্লাহ ভাই হুম লাগলে এইডা কন তো ইয়া ফয়লা লেহা দিতাম হ এই জাগা মত কুনডি কাইছলে লাল ভাই কি করমু
/kaggle/input/regspeech12/test/test_habiganj_0019.wav,এর আমি উনরা ইয়ানো বিয়া দিতো আছিল দিরা আসাদুল রাত বন্দু না এরা কেমনে কেমনে বেক আছে ইলার অইছে গিয়া এর সাথে সম্পর্ক সম্ভব তো দুই আজার দশ থাকা না মামা না বিয়া অইছে দুই হাজার বাইশশো বারো বছরের রিলেশন এরা
/kaggle/input/regspeech12/test/test_sandwip_0117.wav,অত লেখো মানে মাস্টার কিন্তু মাইজ্জে ক দেহেন না বেশি গেছে তাইলে অতল্লা জোরে হয় না তো তে আল্লার করেনা হ্যাঁ হরেদি তাই খাজর বার বার হয় না তো তা তো বলে কি মনে
/kaggle/input/regspeech12/test/test_sylhet_0233.wav,ওতো ফুরা উটার খরতে বিয়া দিতাম না আর ওতা খরতে খরতে ডিসিশন লইতে লইতে রেজাল্ট বাড়ি গে তখন তো বাইয়ে টিয়া তারা
/kaggle/input/regspeech12/test/test_habiganj_0001.wav,মিষ্টি খদিন ফরে ফইল্লেও লইয়া আইবোনে না তো না না তিনটা দোষ ইয়া দে ছা লাগতো না লেখা কি আছে লাগিছে তারা
/kaggle/input/regspeech12/test/test_comilla_0023.wav,তো এই আরকি এই মেয়েটারে এই ঘটনাটা আসলে রুগি অনেক শখ খাইতে ও তো বাসায় কান্না করতে করতে আসছে আমি তো অনেক ভয় পাইয়া গেছি ভাবছি কোথায় বাতাসে সভাপতি আমি যে ওর হাপ্পাদেখতেছে কি অইছে তোমার কি অইছে বলতেছি পরে ও বলতেছে আমার কিছু হয় নাই তুমি নুসাইবারে বাচ্চাও
/kaggle/input/regspeech12/test/test_sylhet_0269.wav,ফরে থাকলে মাতলা মাটি যে তাই হুটেলো থাখতো ফারবো তাই মিয়ার বালা আমরা প্রথম বড় তলে তিন এক খরছিলাম না যে তাই আছে তাইরে দিয়া যাইনগি আফনারা হুম ও আমি হুটেলো উঠলাম
/kaggle/input/regspeech12/test/test_rangpur_0071.wav,না না না লাগে আমি আইচ্ছা দিলে মুই ওমার না নিয়ে আসলে না তা
/kaggle/input/regspeech12/test/test_sylhet_0618.wav,তো আঙ্কেলরে বড় না বড় আংকেল তো একটা বড় মানে দেখতে যে কিলা লাখানো আছলা না তাইন না তাইন অইলো টানি মার আব্বা তান বড়ো কিলা মারা গেলো সুস্থ আছলা হঠাৎ মারা গেছোইন ওয়াইফ আবার ক্যান্সার অই গেছি অনেখদিন ধরা অসুস্থ
/kaggle/input/regspeech12/test/test_sylhet_0023.wav,তারফরে যে অ অষ্টম ওইলো মেইন আমরার দ্বিতীয় দিন ইটা বড় অষ্টমিতিদিন অষ্টমিতিতি দিন আমরা ইয়ো খরা না কে থাকবো তাখে গা ইটা বেশি সময় দশটা এগারোটা না আমরা খাস থাকে
/kaggle/input/regspeech12/test/test_tangail_0013.wav,ফেডত অখন পুরা ভাইঙ্গা পড়ে আর ফ্রেডির সাথে আরো কিছু মানুষের পরিচয় হয় যে যারা আসলে ওই যারা এলবা মরিলিস্ট দেয় ওই কোম্পানি গুলার আরকি যারা আসলে ফেডর এই জনপ্রিয় তারা আসলে তারা পছন্দ করে নাই তারা তো ফেড জানি
/kaggle/input/regspeech12/test/test_narsingdi_0114.wav,কিম্মেক্সুনো ইয়ার ওপেনিং তো কি অইতেছে প্রফেশনালি ডান ফ্লেয়ার দেম প্লেয়ার ওডা প্রেশার এক্কান প্লেয়ার যাই ইনশাআল্লাহ এইডা হ মা যে কেমনে ওই থাকে মাইর দিবো ডিমেন নামে কিছু কবি করা কিপদামাইরা দাম
/kaggle/input/regspeech12/test/test_rangpur_0115.wav,খায় না শ্যাষ মইরে দেখলুং ভালোয় আছে সোহাগের ঘরে সোহাগের বউর সাতে যে খাতির মনে কর কালাই টালাই দেয় শাক সবজি দেয় ওই যে একবার গেনু মাজোতে গেছনু তাতে এইরকম অনেক উপকার করছে এইরকম
/kaggle/input/regspeech12/test/test_kishoreganj_0038.wav,দেখা যায় যে গা ওই যাইতো না বাল আতে কি আর কি খানি একটা
/kaggle/input/regspeech12/test/test_sylhet_0181.wav,তারার দুই বোইনের সাতে মাত অইছে তারারে রাস্তাত ফাইছলাম ই এখলা নি কবা হুম আলাদা বলি গেছোইন বন্দর তাইন
/kaggle/input/regspeech12/test/test_barishal_0023.wav,আমি কি আন্তারে খাম গোলাপটা এই যে উডে দি খাডা জীবনে ও ভুল কইরে শিয়ের পার না এইডা এই মানুষ আমরা পদ নামের কোনো কথা না এইডা কর নাম কি এক বেলা ওসুক মিচ্ছি সব লইয়া যাও
/kaggle/input/regspeech12/test/test_rangpur_0069.wav,কাইলকে মাল চান্দে মার লাউ লাউ কোনান কতা একটা ওই ফিরদুসির মাও লাউ কইয়া কুনান হেরাই ফিরদুসির মা কাইলকে নিয়া যাইম না লাউ থাকলে না নি
/kaggle/input/regspeech12/test/test_sylhet_0602.wav,আর এখন দেইক্কা খেনে আমি মনো রাখতাম ফারি না মানে আমি তো অখন তো তো আমার মেমরি তো মানে কিতা ওই খই ফুইটে আমি তো না না ফারি না নি সবতা বুলি যাই আর ম্যাডাম ই জাগাত কেমনে মনো চিন্তা একটা মানে টিচারের একটা দেহা ফরে বালা লাগছে কুহিনোর ম্যাডাম এরাও যেসময় চিনচোন মাস্টর
/kaggle/input/regspeech12/test/test_sylhet_0247.wav,আমি কিতা খাইরাম খই তাখরাম কীভাবে তাখরাম ওটার যাইতো আমার মাঝে বেশি খাজ খরতে যে আমারে যে খারণে গিয়া বাঙ্গাইয়া আনিয়া ঘুরতেও দিয়া আমি যদি বালা রেদার খরি না আমার বাইর আরমান যে যারা বিয়ার মারতে তারা মুখের উফ্রে মাগার
/kaggle/input/regspeech12/test/test_narail_0182.wav,ক তো খাও ঠিক না ভালো না অনে কি কি কতা কইরে তো
/kaggle/input/regspeech12/test/test_tangail_0006.wav,কিন্তু ঘুইরে যাওয়ার পরে আবার আইসা যারা ব্যান্ডের যারা ইয়া থাকে ওরা বইসা আছে ওগে সামনে একটা গানের দুইডা লাইন শুনা যায় ফরে অরা তো ফুরা অবাক ওইয়ে যায় ওরা ভাবতে পারে নাই তো এরকম একটা ভয়েস পড়া পাবু
/kaggle/input/regspeech12/test/test_sylhet_0520.wav,কিতা তারা নে মাহদি ফেরত ন খরিয়া গেছে না সাকিবরে জুড়ে যারে আমিতো না খয়টা ফড়াইছি এর মাঝে থাকি এখটা আইতে মাদকাশক্তি রকমের ইতা জীবনেও আইতো না আমি খর ফড়ো আমি দেখছি আরকি বউডা আইছে হুম ফরে জো
/kaggle/input/regspeech12/test/test_tangail_0053.wav,এতে মনে খরো কিন্তু ই ফান খান ভাবছিলো যে একবার হয়তো অর কাছে আইসা রাবার চলে যাবু মানে আমরা অনেক সময় কুকুর বিড়াল যেরকম আদর খরি ওইরকম একটা আদর দিতে ছাই তো ই ফান খান
/kaggle/input/regspeech12/test/test_sylhet_0137.wav,আমি কাম প্যাট খইরা ফরা তাইলে বইন ডা খইলাম দিতাম তারার খবর আইবো নি খাওয়া আইবো এখন দুই রান গুরতে আইচ্ছা তে বাক্কা সময় মাতাইলাম কিতা খাম খরাত আপন খরিলাই আফনার টিফাইলা না করা ছার খাইতে ফারলাম না খাইতে ফারলে আমরা দুফুরে খাইয়া আইছি তো টাইনগুলা
/kaggle/input/regspeech12/test/test_narail_0151.wav,তো তুমি ফোন দিছিলে ফোন দিলি থাহি ব্যবস্তা বললাম যে আইজকে টু ফোন দি কতা কই মার কে শুনতি ছেলো তুমার কতা যে ফোন টোন দেছেলো নেকি
/kaggle/input/regspeech12/test/test_tangail_0073.wav,চাকরির মানে একদিন যাই তো আরেকদিন যাই না অর যে বন্দু আছে অরে সাহায্য গরে ধার জানা কইরা ছলতাছে আরকি কিন্তু অর যে ফ্যামিলি আছে বরুন ধরনের ফ্যামিলি ফ্যামিলি তো আর ন লার করতাছে ফরে ওয়ার ফ্যামিলি
/kaggle/input/regspeech12/test/test_kishoreganj_0081.wav,ফক্কি দি দেই লাগবো মা যে কত কি নাগো এনে বিনে বই একটা খেলা খেলা না কতা খাই এমনে
/kaggle/input/regspeech12/test/test_sylhet_0197.wav,ফিফ খাছিল আগে ছিলো তো আব্বা আমরারে অংক ফড়া কিতা ইংরেজি ফড়াইতা আব্বায় ফড়াইতা বলতে আমারে খরার করি আব্বায় করাইতোইন না আব্বায় করাইতো দো বড় তাইনরে তাইন তালি ছুটো জনে এরফরে তাইন দে আর ছোট জন আমরা ভাই আরেক বাইরে ফড়াইতা
/kaggle/input/regspeech12/test/test_sylhet_0561.wav,ওই খাইয়েরে খা একবারে তো দশটা ফর্যন্ত এগারোটা ফুন গুম আর এখনও ইন ইটা তার একটু তারের মাঝে কিতা ইটা ফরম ফিলাপ দে আমরা ডিপার্টমেন্টোর হেড দে ও স্যারে ফাইলে কি সামনা ই ব্যাফারে স্যারো রুমো ফরম ফিলাপ আমরা আমি আর তো আলি না আছলাম সব লাস্টে
/kaggle/input/regspeech12/test/test_kishoreganj_0151.wav,না হয় ভাঙ্গি বা খেয়াল কইরা দিছে কি মোরা কি কয় বাঙ্গি হয় বাঙ্গি গি
/kaggle/input/regspeech12/test/test_sylhet_0129.wav,আমার অইছে সামনে তাখে ওই যে রুম টাত বয় পায় দে সমস্যা তাইন কে অন্য একটা নামে এরা ও তারা তাখলে ইয়ো তে তিন জেলো থাহে
/kaggle/input/regspeech12/test/test_sylhet_0711.wav,তো খালা ফড়া লেখা খরতে নিয়া ফড়া ওইছে না খরছি ইতা তো আর খয় বছর অইছে বিয়া তো আমার তারারে হুম আফনার আর খয় যে আড্ডা আছে
/kaggle/input/regspeech12/test/test_sylhet_0365.wav,বেডা ইত্তা
/kaggle/input/regspeech12/test/test_comilla_0030.wav,ইটা নিয়া কিন্তু তারটা হইছে যে ইটা ওইছে কথা কারণ ওদের ইস্কুলের ইস্কুলের নাটার পিছনে যে বিল্ডিংডা এই বিল্ডিংডা হইছে থাকে ওইযে ইউনি ম্যাডামের যে গার্ড গুলা থাকে বর্ডার গার্ডের যে সদস্যরা ওরা থাকে তো ওদের জন্য নাকি লাইন দেওয়া হইছে এই ইস্কুল থেকে
/kaggle/input/regspeech12/test/test_rangpur_0100.wav,দাম বেশি ওয়ার ইটার দাম বেশি করে এই সমস্যাটা না এইবার তো সোগ জিনিসের দাম নোয়ায় বেশি দামের কারণে ঝামেলাটা বেশি আরকি সবাই
/kaggle/input/regspeech12/test/test_sylhet_0631.wav,তা খুকন তো তাইলে যাইতে কি না কি সাকিবে ফরাইতে যা অয় হে বা তারা ফরতো না সামনে কি আমার খালকে না করছে আর বালা অইবো ছিন্তা খরি না ফাস্ট ইলা বাইশ আল্লা অখন বালা ভাবে ফাশ ফড়ানি চিন্তা
/kaggle/input/regspeech12/test/test_sylhet_0186.wav,দোয়া খইরোইন আচ্ছা আসসালামু আলাইকুম ফোন দে ওই যার নাই
/kaggle/input/regspeech12/test/test_narail_0073.wav,উনার কোন কাকার ওই মূলত এই ঘর ওগে ওগে ওগে দিয়ে ওরা পাশে থাকতো ওই মায়ের ওগে ঘরে থাহে ওগে টাথা ওই তো মাইয়ারা মায়ারে এক কাপ কইরে দেছে থাকতে ওই জাগা থাহে ইটা ভাই দখল কইরে নেছে মায়া একটা তো ভালো এট্টা খাত আর ছেলো
/kaggle/input/regspeech12/test/test_chittagong_0103.wav,ন আই তোর দাঁড়া নাই আছে তো অফিসত ন যাই দিয়্যে আইচ্ছা অইয়্যে তইলে তো দি হ
/kaggle/input/regspeech12/test/test_kishoreganj_0170.wav,আল খুব তর মুখের বিতরা খুব লাল তোর মায় ভিতর টা খুব লাটোর মজা বিতরে খুব লাল তর মায় বিতর কইরা খুব ইতে ফিটনাসঅক এবং রাসায়নিক শাড়ি ব্যবহার কমি হ্যাঁ হ
/kaggle/input/regspeech12/test/test_rangpur_0125.wav,ইয়া মোটামুটি ভালোয় হইতেছে ইপতারি না সমস্যা নাই না তুই তো মনে হয় টাকা দিচিস ওটে ইপতারির জন্যে কয় টাকা দিচিস দুইশো না কয় টাকা দিচিস দুইশো টাকা দিছি
/kaggle/input/regspeech12/test/test_rangpur_0096.wav,জলিলের বাড়িত না হানিফ মাজির বাড়িত না ফকরুদ্দিন জ্যাটোর বাড়িত কার বাড়িত খাওয়া ভালো একটা দা খালি ডিম আর মা কার বাড়িত খাইতে কার বাড়িত আর গোস্ত খাইদে বাড়িত নাই অকতো এক শক্ত ও
/kaggle/input/regspeech12/test/test_barishal_0006.wav,হ্যা রো হাই পোলা তিন মাইয়া সবাই বড় বাড়ি পোলার তিকা শিক্ষিত রা আই কি করে আমি কই কি
/kaggle/input/regspeech12/test/test_rangpur_0119.wav,কালাইর ডাইল খান না কালাইয়ের ডাইল খাই ডাইল হ্যা ঠাকরি কালাই ঠাকরি কালাই ঠাকরি কালাই আনিস ঠাকরি কালাই আনিস ঠাকরি কালাই দিয়ে কী খাইবেন ডাইল
/kaggle/input/regspeech12/test/test_barishal_0024.wav,খাতা বাসা খতাপ্বাস না তে কইলে ভাঙ্গি খতা বাস না উনার আমি একটা কতা কই এইডা খতা বাসে দিয়া এইডা খতাপ্বাস না এইডা এইডা একটা পরিবর্তন হওয়ার প্রয়োজন আছো বুচ্ছি ভাবি অরে না তিনডা জি দ্যাখা
/kaggle/input/regspeech12/test/test_kishoreganj_0143.wav,টিটনাস হইয়া যায় যে বাঙ্গি এইডা এই বাঙ্গি সবুজ রঙের বাঙ্গি সবুজ রঙের বালের হয় লুদা শুনালি রঙের হয় পাকলে অলুদ বা টুনি রঙের হ পাকলে অলুদ বা পিটা সব চলে মানে এই জামা বাড়ি আবাদ না হ্যাঁ
/kaggle/input/regspeech12/test/test_tangail_0065.wav,যহন নিউ ইয়র্ক মানে কম ছবিতে দেখা যায় একটা নিউ ইয়ারের সময় আইছে মানে হোটেল দুরা পার্টি স্টার্বদের আলাদা পার্টি যায়গা আবার যারা কর্পোরেট ওদের একটা আলাদা পার্টির জায়গা আছে মা রা তো আর
/kaggle/input/regspeech12/test/test_habiganj_0109.wav,মানে যেমন বিজ্ঞান ফিনান্স দক্ষণিত ই বাংলা উপর বিজ্ঞান খয়েকটা সাবজেক্ট লইয়া তো অইবো আর বাকি কিছু কাপে রাখলো ওই গুলো বাদ গিত্তে আলাদা তো
/kaggle/input/regspeech12/test/test_barishal_0009.wav,পায় এট্টু ডি ফিন্দে হ্যা পরিচয় দিলে বউর প্রেক্টিস তে থাকে না হইসে কি করবে উনি উনার বাবারে ই চেনবে না এরম অয় কি নোয়া খোলা খাইতাম খাইতাম ন হারাদিন
/kaggle/input/regspeech12/test/test_narail_0133.wav,বিটা আমার ওইছে ভালা খয় না কি কইছে আমার ইন্ডিয়া একটা ইন্ডিয়া একটা বাড়ি পড়ে দেয় হে কইছে দিবানি
/kaggle/input/regspeech12/test/test_sylhet_0494.wav,গুমাইতে ওতো তার নামাজ খরতাম ফড়ার মতো আল্লারে খইরাম তো নামাজ বখতো ফড়তাম না আল্লায় তে আমি দেখতি তাই নামাজ মা খরিয়া আইছে আইয়া কিতা খরছে নানি এখটা বিরানি লইয়া আইছোইন খইরা একটু উটবায় খাইলা খইরাম না না ইতা খাইতাম না ইতা যাও খারাফ খরলে খাইলে খাইতাম না ওতা খইরাম তাইন আমার কিতা খরোইন লাগে বউর খরিয়া যেমন লাগলো সুস্থ না তলে জোর খরি একটা তুলছিলাম টাক খরিও না বিনা টাস খরি তাইন লতা ফারছে আমার খরো টাস কিতা যে
/kaggle/input/regspeech12/test/test_comilla_0009.wav,দুই চার ছিলো রুগি উঠতে কিন্তু নুসাইবা বলতেছে যে না আমি উঠি তুই যা তর তো নাচের ইয়ার চালাইছে তো এক পর্যায়ে রুই ভাবলো যে হে আমার তো নাচের ইয়ার সেল যেতে হবে আমি চলে যাই তুই দুল না খা দুল খাজল নায় তো রুহিঅক্কে ছেড়ে দিয়ে
/kaggle/input/regspeech12/test/test_sylhet_0350.wav,তখন গেলাম ঢাকা একটা কাম আমরা গিয়া পাইছি মুদ্রীসতিব ডিসি তারা আছিল পিকা
/kaggle/input/regspeech12/test/test_sylhet_0513.wav,ইগু খন পারে খরদে আনতা খরিয়া মোটা আমার খান্দা ফরে আমি আমার পোলা ফিসো মজি
/kaggle/input/regspeech12/test/test_barishal_0004.wav,বাস্তবে দিয়া গেছে হেনের মেয়র গ্যাছে না ন প্রশ্ন হে মনে করেন এক লোক তালা ইলো হেইয়া দ্যাখলাম পাঁচ পাঁচজনে অনেক প্রশ্ন পরে হেসে মাফ পাইছে কা আসলে আমার ভুল হইছে আমি মাফ চাই আমি এরম কামারকুনা ওই যে দেখছি একবারে গায় না আড্ডি নাই মাংস নাই খালি আড্ডি নাই
/kaggle/input/regspeech12/test/test_tangail_0112.wav,তো আমার মনে হয় ওই বিল্ডিং করার জন্য ই কেউ চক্র ন তো কইরা আগুন লাগাইয়া দিবো আমাদের দেখে ব্যবসা হয় এই দুইটা ইদ দুইটা ইদের হচ্ছে দেখি ব্যবসা হয় তারা অনেকে আছে যে লন টিন করে
/kaggle/input/regspeech12/test/test_kishoreganj_0172.wav,তোর মুগে ভিতর লাল তোর মে ভিতর লাল তোর মনের বিয়া মাজে তর লাল তোর মদ্যে বিটারা কয়েকটা মাতা
/kaggle/input/regspeech12/test/test_sylhet_0314.wav,গিয়া কিনাকাটা করি একদম প্রাইমারি যেগুলা লাগবো প্যানগুলা আনি দিনু আর ভাবিরে সকাল বেলা উঠিয়া মেন্দি বাটিয়া একটু লেখা দিয়া দিয়া ইতে তো ডিজাইন ডিজাইন না করছে ফরাইয়া লইয়া গেছিন গিয়া সুনামগঞ্জ গিয়া পার্লারো মানুষ আনি দিছেন বাসাত
/kaggle/input/regspeech12/test/test_sylhet_0422.wav,বুল খরছি কিন্তু কিন্তু জিয়ো খরতে ফারতে না বাট তারা রুজি বার জানেন না মামা মার কতো কতো রে বাবা হ তুমরার লাইগা একটু বুক ফড়া মন আমার হালকা বা
/kaggle/input/regspeech12/test/test_sylhet_0382.wav,খইছে যে তুমি যদি ফড়তায় তাও তো আমরার ইন তাকি শহরো গিয়া ফড়া তোর অখল নায় রাস্তা ঘাট বালা না যোগাযোগ ব্যবস্থা বালা নায় এখলা এখলা যাইতায় আবার তায় না রাস্তার মাঝে মানে আমরার গ্রামর তো অনেক মানে ইয়ো আছে মুখটা মেয়েরারে বাইর খরা তো তুমার ফেলো তাখা লাগতো কি আমরারে ফালাইয়া থাখতায় ফারবা গিয়া ফড়লে মুশকেল তাকিয়া খরবায় যাতে যাতায়াত ব্যবস্থা কিছু ইয়ো অয় সমস্যা অয় না
/kaggle/input/regspeech12/test/test_kishoreganj_0040.wav,দেমনে হ হ যা নাম গুরা ছার গুরা যিবা সাকিবরে আমি তো আর কেলা কাজে খেলতাম না খাওয়া যায় বেডা
/kaggle/input/regspeech12/test/test_rangpur_0018.wav,কার্ড দেই আর ফটোকপি আছে না কার্ডের হ ওরে ফটোকপি করি দেই হ মেম্বারোক দিয়ে এটা না বয়স্ক ভাতা বা ভিডিও ভাতা একটা করি দিলে এক কইরবের নাইগছে হ হ
/kaggle/input/regspeech12/test/test_barishal_0058.wav,কলি ভিশন তাই হেরুম যদি ডাটা আমি করতাম তয় খরাত করবে ও মোর ভাত জরতোনা ওনে না সেন্টার ভিজি
/kaggle/input/regspeech12/test/test_narail_0183.wav,ই
/kaggle/input/regspeech12/test/test_sylhet_0403.wav,খই না আমি কুন ব্যবসায়ী কিছু জাগা ফাই না আমি নিরাছিরাইতাক এখলা এখলা কিন্তু বিশেষ খরি আমার হাজবেন্ড খুব বালা বুঝছোনি আর লাখেও তাখলে জীবনে ইলা খেউর আত্মনাটক
/kaggle/input/regspeech12/test/test_kishoreganj_0026.wav,তে ভুল চুল করে নাই বেডা একা হাম না কম্পিউটার দি এসব কাজ করে নাম কি কছ ওতো ফরিচিত অনেক কম্পিউটার দোয়ান তো সব লাগা যা খাওয়া লাগতাছে
/kaggle/input/regspeech12/test/test_kishoreganj_0005.wav,তিন তাও যা তা পালার বা হ্যাঁ এই যে আগে ছুইলা চান নিজে তুই তুলি ভাই আইলো বালা ন তুলতাম আর তা ভাইয়ার লগে ন কিতা থাকবো ও কি গাড়ি তে গাড়ি যারা করে তুই তা এই গাড়ি তারা
/kaggle/input/regspeech12/test/test_sylhet_0689.wav,তো বাইচ্চা খাইচ্চা লইয়া ফুকে খার খরছি খাছে খরি ফুয়াইলে লেখা ফড়া খরে বিয়া দিলাম দিয়া দিলাম নাতিন ছা ফাইলাম নাতিন ছা ফাইলাম নাতিরে বিয়া দিলাম ফুয়াইন্তরে বালা গান উন ফারি হুনতাম তে বিয়া দিলাম ফুরিরে বিয়া দিলাম নাতিন সারে ফাইলাম
/kaggle/input/regspeech12/test/test_comilla_0018.wav,তো এইখানে কয়েকটা বিষয় আসলে কি কারেন্টের সব লাগলো কি না কিন্তু ওদের ইস্কুলে কিন্তু ডে শিফট সকালে মর্নিং শিফট এর ক্লাসে ওরা অইছে ডে শিফটে যায় মর্নিং শিফটে সবাই দুলনাতে উঠলো কারো শট লাগলো না এরফরে ও নুসাইবা বর্ষার আগ মুহূর্ত কিন্তু দুলা তা
/kaggle/input/regspeech12/test/test_barishal_0088.wav,হইলি তো ওই যে আবার উপরে তো হালা কোটা দিতে ডেলি মোরা কান করছি কি করে যা তো করা লাগে না ওই যে এরা কোন কাম উপরে ডালাইলে তোর ওই খইরেনি এইডা আগে না
/kaggle/input/regspeech12/test/test_tangail_0045.wav,পরে পাই একটা ভোট পায় মানে এই পান খানে একটা ভোট পাই ওই ভোট এ কইরা কোনো রকম আরকি ওই রাইট পাছে পরে সকালে উইঠা দেহে যে ওর সাথে এই ভাটা যে আছে রিটার্ট পার্ক আর ও সাতার কাটতাছে পরে
/kaggle/input/regspeech12/test/test_tangail_0032.wav,শহরে আসছিলো পরে যহন সারা যাইতো নাই প্লেন তখন ওই বিনে ফ্লাইটে সারা ওই পাঁচ ডলারের ওই না দেয় না খানের যে নাম্বার দিছিলো ওই নোট বারোর কাছে ফিরা আছে ফরে সে বিমান থিকা তাড়াতাড়ি নাম ওই নিউ ইয়র্টনিউইয়র্ ইবে
/kaggle/input/regspeech12/test/test_sylhet_0742.wav,সারা জীবনে কেউ মন দে আমরা খাই ও দিলাম দে কি উকাইয়া মনো খয় আন্ডা কুরান খালি মানি তাই
/kaggle/input/regspeech12/test/test_chittagong_0112.wav,এই যে কম্পাস নে ছৌদি টা দি যা আছে দে কি ইক্কে তুলিয়া হেতাল্লাই আছে এহন আফরে তবে খতা খইয়া আপর তোমার লাই এমপি নাই এতাল্লাই সংসদ ফরিদে চিটাং চিটাং অত গরম ফইরলে
/kaggle/input/regspeech12/test/test_narsingdi_0040.wav,দিনে সাই পাঁচ বারগো তলে করা লাগে সেবার তা তিনবার অলরেডি অইয়া গেছে খতো মাত এই এবার না খেতার গরি কারেন্ট আল্লা কি
/kaggle/input/regspeech12/test/test_kishoreganj_0024.wav,এই এলাকাতে ভিন্ন লুকাই দে কইছে না এইডা হেইডা লাগা দিতাছে জানি না আরেক বেডার সম্পদ না আফনে লাভ অইতো না অহন ওক্কা নাম এই যে লেইখ্যা থইয়া গেছে বুল অনে ওকটা না পাঁচ আজার সাত আজার কছে আজার টেহা অইতো ন পাইল মনে মনে কর যে সব টেহা কত অইতাছে
/kaggle/input/regspeech12/test/test_comilla_0001.wav,তো আমরা থাহে না কি কি তালা এমনি থাহেন টি সিটি স্বর্ণ পানি ফরে ইতে হয় স্বর্ণ গরে তো প্রচুর দাম ওই যাগা
/kaggle/input/regspeech12/test/test_sylhet_0039.wav,পুকুরে বিপর্জন খরে কিন্তু অনেক জাগায় তো পুকুর নায় তারা কিতা বিশজন খয় ঠাকরি তে তারা কি দক্ষিণ নদী আছে না নদীতে গিয়া সবাই বিশ্ব জন আমাদের নদীতে বিশজন খরোইন আমরা তো পুকুরে আইছে বিসর্জন খরার ফরে আমরা
/kaggle/input/regspeech12/test/test_habiganj_0088.wav,নৌকা প্রমাণ ভাঙ্গিনি বেশি খয়বার ঘুরাইছো নৌকা প্রান অনেকবার গেছে অনেক সময় বেটি দেইকা গেছে ঘুরাইছে ঘুরা খরি এমনে জায়গাতে আর খতা জায়গাতে খরতো কে
/kaggle/input/regspeech12/test/test_habiganj_0056.wav,মা খালি খয় তুই ওই রান তুই ওই রান অখন দেখা যায় যদি মোরুগুরুগানে একদিন মোর গান ছিলাম আমি আমারে দিয়া মা রান্দাতিল মা খাছে থাইক্কা আমি লারাওরা দিতি ন বলে তরখারি খরতো মজা হইছে অখন সবাই খালি খয় তো মারতি গা তর মজা ইতে অখন তুই রানবে অন মোরুগরুগানলে আমি এমন যন্ত্রনা করি খালি আমারে দিয়া ওই রান্দা অখন তো আমি এমন বিপদ করতি আমি খই অখন একদিন আমার এমন বাদে খইরা রান্না লাগবো যাতে আমারে দিয়া না রান্দা এরফরে আমি তার
/kaggle/input/regspeech12/test/test_sylhet_0652.wav,কুনতা খরতো ফারছে না এই জন ওউ গাও টাকি ওগা টাইছে ফাঞ্জাবি দৌড়ে হোগা দেখাইয়া দেয় রাজা খারে দেখাইয়া দে না নি তা ইয়ো করতে থাপা ইয়ো করিয়া বেশি
/kaggle/input/regspeech12/test/test_sylhet_0112.wav,আর নানার বাড়িত কে খাখা আছোইন ক্যা আমার খালা আছে আমার নানি আছে আর যায় খরোইননি তারা তারা আয় না বেছলাম তারা অভাবের করলি নানি তারাও ইটা আই না তারা কিতা খরে কা তারা তারা কলে বালাও তলে বুট ডিপ আছে শিয়ান
/kaggle/input/regspeech12/test/test_habiganj_0035.wav,আমার যে বালা তো খও মনে মনে খইতাম আমি কী দি রানতে ফারতাম কুনদিন দিয়া আমি রানতে ফারমু এরফরে ইতা খরে ওতা দেখতে দেইখতে এরফরে আমি অখন আমি বুঝা যায় তে আমি না রাইন্দু দেখা যায় মার দেতো যেতা রান্দে আমি ইতারা রানতো ফারমু এরফরে মারে আমি একদিন খই মা আমি রান্না কও সময় মনো অয় আমি
/kaggle/input/regspeech12/test/test_narail_0085.wav,কয়বার দরবার গেলাম তাবা যাবো যাও আসলে রইছে আর কোন কালে যে খানবো তার ঠিক নাই
/kaggle/input/regspeech12/test/test_sylhet_0682.wav,খরার লাগি বন্ধ নাই শুক্কুর ফানি ইস্কুল বন্দ থাখলে তারা হবায় জানে না আমি সব করতে আছলা আর বার ক ইচ্চা থাখে তাইকা কল নানি করার ফড়া লেখা কইরা ইয়া কিচ্চু খরা ফরে এরা বড় বড় ফরব ভালো বালা ওই
/kaggle/input/regspeech12/test/test_sandwip_0057.wav,রান্দা আরো করে ছাড়ি দেওয়া অয় হিয়ান অইছে ক বল গিয়্যে সে
/kaggle/input/regspeech12/test/test_narsingdi_0074.wav,সালামি দিবি লইয়া আমার ছুডুবেলা মা সালাম বা তারার বিশটা ছালাম না বিশ্বাস মাতরা মানে যদি বিশ টেহা দিছে তো তার আরো বেশি দিছি তো দিছছ ষাইট টাকা দিছে কতা ফারতোনা কি ছালাম না হ্যা তো এইডা খুব বেশি আছে
/kaggle/input/regspeech12/test/test_comilla_0021.wav,যে এইটার জন্য হইতে পারে যে কারেন্টের ইয়া হইছে কিন্তু অন্য কান বাচ্চা রাইত কারেন্টের শখ করে নাই বা ওর শরীর থাইকা রহিম ফাস্টে রুগি দেখছে রুই ওর মাথায় যাইয়ে স্পর্শ করছে রুই কারেন্টে ধরে নাই তো এই অইছে কতা এহন যে রুইলে লাগে না এটা তো একটা লাখ লাখ শুকরিয়া আল্লার কাছে কিন্তু
/kaggle/input/regspeech12/test/test_chittagong_0148.wav,তো অন্যায় হ হ এক খান না অনে খাইন না দে কিল্লাই কি দি তো কালাম তারা এন বেকগুনে ক্যান আছে আছে ভালা আছে অনে লইয়া তর
/kaggle/input/regspeech12/test/test_chittagong_0006.wav,তো এখন আগে তো আটটা বাজে যাইতাম গো বরাবর তো এহন যাইরদি সাট্টা আটটা বিছাইরা দেরি গরি রইছে বাইর ভালো ইয়ে তো এহন গেয়া গরে আই আইয়েরে আঁরে ন দেহিলি আফা ক আফা কইছে এহন উইগা বলে ইটা ফ্রি অনকা বলে খইয়্যেদে খরদে উনি একটু সুস্ত সেই জন্য আসে নাই
/kaggle/input/regspeech12/test/test_sylhet_0337.wav,কিতা খরি না কিতার খরিয়া তুমি ফড়া লাগবো টিচার গরাত গেলে যে খরছ লাগবো ইটা আর আমার জামাই লইয়া চাকরি ওতো কিছু বিয়া খরিয়া তাইন আমার কিতার খরচ দিবা কেমনে আমি নাছি যার না নরমালি ওইলে ওইবো না অইলে না ইটা আমার কি জানি জা না আমি ওলা অবস্থা ফরীক্কা দিমু ছাও
/kaggle/input/regspeech12/test/test_sylhet_0419.wav,তুমি আমার কুছতা বা নাই যে তুমি আমার গুস্ত তা খরিয়া দিয়া আমি ওউরখম আমার কতা গরতে ফিডবুক আনু যায় না মা না মা যায়ামানে আমার পর্যাআমি নিজেদেরকে তখন আমি নিজে ছে আল্লা তুমি যদি আমার গুনার
/kaggle/input/regspeech12/test/test_sylhet_0640.wav,তে গান তাও তো করতাছো তা গান নাও
/kaggle/input/regspeech12/test/test_chittagong_0167.wav,এন্ডে কি ইনকাম করে এন্নে ন যাই না নিবে কি ফরে দে লাল তা আল্লা ফরীক্ষা দিতে দি এক এস সি আল্লাহ তো ই তো একদম চুরাচুরি কি অবো বয়সের আগে যদি টু ইগু তো কি অইবো আইয়া ফরে
/kaggle/input/regspeech12/test/test_narsingdi_0080.wav,মানে ফ্যারা ফারির ফরে না রাজি অইছে ফরে ব্যাডমিন্টন দেশে জাগা নিছে তারফরে আমি খেলতারছে না দীপে শেষ কইরা লাইছে আমার তারা আমারে ব্যাডা ব্যাডমিন্টন নষ্ট কইরা দিছে বাবারে কয় বান্না করছে হে তার টাইপ না দিয়া আমার দাদু তো হেই নষ্ট করছে হে নষ্ট কইরা আছে আবার হের নামডা কি না
/kaggle/input/regspeech12/test/test_sylhet_0698.wav,আর তাইন মুরব্বি ফরে আফনে খয় খালে খয় বর কিনি ফুয়া আর ফুরি ফড়ি একটা বেইল্লা একটু দিয়া দিলেই ওয়ার বউত
/kaggle/input/regspeech12/test/test_sylhet_0685.wav,তাইরে তাই কথা দেয় মুটামুটি দিলে ত হইছি আমি খা না ভাবে আবার না গরি
/kaggle/input/regspeech12/test/test_sylhet_0633.wav,আঁর মাঝে খালা যেহেতু হাত একসপুরেন্ট এর আর প্রযুক্তি এর লাগি মেবি কিন্তু অতটুকুই বালা অইবো যাইগি নয়টা
/kaggle/input/regspeech12/test/test_sylhet_0119.wav,টা দুলা তো ইটা দরো মানে থেকে জুড়ে ফড়া দিতো ইস্কুলো বর্তি খরাইতাম ফড়ছে না ইস্কুলো থাকচুনা থাকে ইডার মাইদে হেই দু গা তার ইডার পেয়ে ফড়ছে খরে বা পড়লো না
/kaggle/input/regspeech12/test/test_sylhet_0628.wav,সবতা ফরতো না ফ্যামিলি ফ্যামিলি বি দেইক্কা পছন্দ কইরা ফরে আরকি ইলারে ওইছোইন ও আরেকটা কাজই ন আছে টানি আমরার কমার্স তরে ও তাইর আমরার লগে প্রায় মাইনসে বিয়া অইছে আফা
/kaggle/input/regspeech12/test/test_sylhet_0144.wav,আমার তো তো ওই ছেলে বিয়াইল্লা ইডা একটা ও মিরাবাজার খরো বা কি ছেলে মেখে ওই হেয়ার ফরে ছাইমু বাইক্কা তা
/kaggle/input/regspeech12/test/test_sylhet_0646.wav,হুম আমরা দাদু নানি দু গা নি নেক্সট খও বাদে তো তা খরোইন ধর গুরাইবার ফ্ল্যাট দিবা গাইব একটা ওতো খাম খরতা ফারি ওয় ইবা হেল্প খরোনি না
/kaggle/input/regspeech12/test/test_sylhet_0647.wav,কি তো ফুরাই ইস্কুলো যাও ফড়াত এই খরি সেই খরি খই যায় তাইলে না আমার কতা ক কি একটা গান খইলাও টাগান যে আমি একটা খইলাও তারা ওই না কি খও
/kaggle/input/regspeech12/test/test_sylhet_0324.wav,তাইন খইলা আছে আমি পামু নি যে ফারবায় না ফারতাইন আছে ফারবায় আমি তো আত্তি আমি তোমারে হেল্প করবু আমি যে ফরি তুমি তুমারে লইয়া ফরমু গ্রুপ ওয়ার্ক করমু তা আইচ্ছা লো ছলো শুরু করি তো চলো শুরু করি কইয়া আছে তাইন কিতা করতা আইয়া কাডি দিতারতে ঘুমাই দিতা
/kaggle/input/regspeech12/test/test_sylhet_0517.wav,তো দাদু না কয়দিন বালা খান খয়দিন হালকা দেখি সোমবার এগো তে সোমবারে সখালে ফড়ি
/kaggle/input/regspeech12/test/test_sandwip_0099.wav,মারছে কারণ হিয়া না হ কইছে না কতো ব্যাটিংয়ের বউ কিনছি আর তাকছি মসল্লা দি খান দেয়া বালা ক কি থাকি কইরবো ফরে জামাইয়ে ধরি তা কিনা আমি কি ফাইবু লাস্টির নাই কোনো তাকি দেকি দরকার নি
/kaggle/input/regspeech12/test/test_sylhet_0595.wav,বালা আমি আস্তা আস্তা দেখতেছো বালা ওয় আলহামদুলিল্লাহ বালা বাড়ির সবাই তো ফাটা থাকবেন
/kaggle/input/regspeech12/test/test_sylhet_0050.wav,হ লেড নষ্ট খরতে খইলো প্রথমে নুডুস সিদ্ধ দেইন ফরম পানি এন্ড সিদ্ধ দেইন বাদে ফিয়াইজ বাজো বা যে ডিম তার ডিম ভাজা নুর সতরোই হেরে মসলা দিয়া
/kaggle/input/regspeech12/test/test_tangail_0096.wav,পরে আইসা আবার ছাকি নারে বলে যে মারে পাই নাই তো এহন কী করবা তোমার তো আমি তুমারে অনেক ভালোবাসি এরকম পরে কিন্তু ওই ছাকি না যে
/kaggle/input/regspeech12/test/test_sylhet_0371.wav,ওই কাম গিয়া জানাইছে আফনার আফনে আর ওই বয়সটা আসলে বাচ্চাটা হোয়া এখন আমি বুঝি যে আমার কতোটা সাপোর্ট ওই যে আল্লা ওই আল্লা ওইলো গিয়া সবচেয়ে বড় পরিকল্পনা খালি তো এখনো আমি চিন্তা করি যে
/kaggle/input/regspeech12/test/test_narsingdi_0082.wav,ফাইবা আমিও ফাইছলাম আমি কোডে ফাইছিলাম দৌড়ে ফাইতি ছাইরটা সেকেন্ড ফ্রাই এইডা আমার স্কুল লাইফে বাটা ছিলো না খেলার মদ্যে আইবা খেলতো ফাইবে খেলা দেখি ইলা তো আমার লগে মনে খর আমি তো এক বছরের জুনিয়র আছিলাম
/kaggle/input/regspeech12/test/test_sylhet_0565.wav,আর আমরার আরকি কমার্সর একাউন্টিং ফাইলাম তোমরার মে কিতা কিতা ইয়রে নিলাম না
/kaggle/input/regspeech12/test/test_narail_0164.wav,টাহার মতো টাহাও যাবে না ও আচ্ছা যে ডাক্তার দে আছি আর পাও ডাক্তার টাহা যাবে না তা তো যাবে আছে কায়
/kaggle/input/regspeech12/test/test_chittagong_0102.wav,ভাই কুন মার মদ্যে দিয়্যি কোনানদি দি তারফরে সেইম তালি নাম্বার ন লহরে চলে হ আইচ্ছা তো কুক আর গরম হয়া যে নিয়া লইতে চুতরা আইয়েরে সা মদ্দি আই যাইবো গু
/kaggle/input/regspeech12/test/test_kishoreganj_0096.wav,হ না ছাতা না না আমার জালা এমন খরো বইন নাহ বলবেন গুল দুলা
/kaggle/input/regspeech12/test/test_sylhet_0096.wav,না খাতা লাগলো দুই ঘন্টা না খাতা লাগবো বাজার দরোর তো খই বেক বাজার দো কিরখম যে দাম খালো তুই ট্যাহা খরি একটা রেজাল টুকটুক ট্যাহা খরি তা তো মানে মোটা ছা ওতা যেগুলা আগে ও ইগু মোটা ছা ওইবো কত টেহা দাম ওইতা ইতা জানতাম মোটা তাও জানতাম তো টেয়া দিয়া ছাকরি টার বিত্রে জানতাম
/kaggle/input/regspeech12/test/test_sylhet_0068.wav,বাই বিয়া খরমু আই আর আমার বাই বাইয়ে গিয়া খরতো নায় বাইত ফুয়া ওইছলো বাইয়ে খয় না আমি কিতা ফাগল আমি গিয়া খরতা না না না তুমি তো মন্দ ওইবো আর দুইটা বইন ঘরত ইয়া বাইরা
/kaggle/input/regspeech12/test/test_rangpur_0057.wav,কাইলকা বলে তামান আকাশ বলে ইয়া হইবে অনেকে কইছে যে এক বছরের কত রাখার জন্যে ওয়েব বলে ইয়া পনরো দিন তো ই খাটে খাবার কিছু কবি রাখার জন্যে তাকি বলে কইস না সরকার আর নাম
/kaggle/input/regspeech12/test/test_sylhet_0150.wav,তর নানি বড় কম মাতাত আমরারে ফড়ালেখা খরা দিতে মেয়েরারে ফড়াইলায় ওয় ওতাও কাম খরলাম আফনের মেয়ের যেডি ওইলো বাও মা কিনা নিয়া ছেনি হয় বড় ফুরিরে এখ মেয়ে খেলে হুরু ফুরির খেলা
/kaggle/input/regspeech12/test/test_chittagong_0021.wav,এডা আম্মা ও গরি তুইল্লা দিছিলা তিন খান এক্কান জ্বালা ফালা গরি ফালা দে ফড়া লেখা গইরগু জন মজার ফড়া লেখা বের গুদা আরো কম গরি মোবাইল টিকগো মোবাইল লইবার বউত জ্বালা তা আছে তো মোবাইল টি বর কা তুই এই যে ছুডানি নি
/kaggle/input/regspeech12/test/test_chittagong_0024.wav,এহন খাইয়ে আইয়া অবস্তা তে এর তুন আবার এডে আবার ডাক্তার খাছে গেলাম ওষুধ খাতি হেতাম বউত খাচ্ছো গরি আগে ওইডে আঁর মা ওকগো বোইন আঁরে অসুখ নিজে মাইরতাম সৃতি বুনি
/kaggle/input/regspeech12/test/test_rangpur_0011.wav,আসে না আইসে না না আইসে ওলা সার দেয় না ঘরে যা বেতা এলায় বের বেডির এলা এলা ফির না নি আসপে আইসার খবর নিয়ে না বাজেভাবে একটা আম কারে এহন তো গনা আফার দেয় না তো ইবের আজকের ক্যা
/kaggle/input/regspeech12/test/test_sandwip_0129.wav,অনকার হোলাইনরে বাইরে অনকা হোলাইন অইলেও অইবো ন অইলে নাই একের লগে যে আল্লাহর রাস্তা ছালাইতো এ হিসাবে শুধু শুদ্ধু নিজের টিয়া খরচ করে ইয়া করে আর অনকার অইলো না আর যা তো মনে অয় যে এগুলাই নিজেত্তে অইত্তো না হে হোলাইন হেরা আবুদা হালাবার অনেক দিন করে দেওয়া দিতো না
/kaggle/input/regspeech12/test/test_sylhet_0490.wav,খারণ তাইনোর দাড়া থাকতে আমি তুপ্ত মানুষ আর আজকে তাইনোর গার একটা কুছতা ওইবো আমি আরো আশা খর আল্লা যা আর না ওতো বড়ো খ কুছতা দিছি তারফরে মানে আমি নিরা আমি দুর্বল অইলা না তারফরে ফাও খরার ভবিষ্যত আল্লা নিয়া আমার ববিষ্যতা সুন্দর খরিয়া দেই আমি ওটাও আশা খরি আমার লাগে যে এরফরেও ওতো বড়ো একবার ইগুলা বয় খাই না সাহস ফড়া রান লাগবো তো সাহস তো লোক কি আল্লা ছিলো খইন যে ফাও যে ফরে হেরে আমি সবসময় আগা
/kaggle/input/regspeech12/test/test_sylhet_0341.wav,তখন দশটা তাকি ফাকা ফরিক্কা দেওয়া তিন মাসের বাত্তা রাখি আইতা মানে হে মহা যুদ্ধ আর সেন্টার আছি তোমার সরকারি গল্প পাখা আছিল রাজু ফরীক্কাত যাইতাম গিয়া তখন আমার বড় যাইতারে আমার ছেলেরে দেখার লাগি আমার বড়ো যাই ফরীক্ষা
/kaggle/input/regspeech12/test/test_sylhet_0055.wav,আর মা খতা লাগবে না মা অনে আগে মানে বুঝছি বইনের খেলে মেয়া একা খেলা ছোট তিন বস্তার ছলো তে আফনেরার ছোট বেলা লইয়া কিছু খইন মানে ভাই বইনরার একসাতে কিরখম মজা অইতো কিতা কিতা খরতায় আমরা তো ছুটো বেলা অনেক কতা
/kaggle/input/regspeech12/test/test_rangpur_0006.wav,হামার গুলা ঈদর দিগে আমার নয়টা কয়টা বড় হইচে দিছিন মাও দুইটা নিবার চায় তা হামাকো দেন তো দুইটা কয় টাকা হয় দেমো এলা মোক দুইটা যাইয়া জমি কিন্তু তে করি মেলা কাডি কাডি এহান কইরে রান্দে ন দে মা নয়টা আছে না এলা কি
/kaggle/input/regspeech12/test/test_sylhet_0017.wav,গাড়িতে নিয়া আঞ্চলিক ভাষা যেটা কইন না যে ঠাকুরে লইয়া যায় বা করজ বিশজন দেওয়া জিনিস যে না আনন্দ খরার লাগি রস্রোডেরউডে যায় তারা গাড়ি নিয়ে মারে নিয়ে যায় নেওয়ার ফরে আইসা বিষয়টা
/kaggle/input/regspeech12/test/test_chittagong_0176.wav,আর এক ঘরে বইয়া এক বড় তো মানুষে সব সময় কিছু ন থাহে ইয়্যেন না মাঝে মাঝে তো থাহি যাইগুই পার্সোনাল কিছু এত চেক বলে সমস্যা ন নি বলে গেছি বিজি এরি আর কিচ্ছু নাই আছে ই মুবাইল আঁর তুন কিছু নাই কিন্তু কিছু কিছু আকি গি
/kaggle/input/regspeech12/test/test_sylhet_0372.wav,তারার লাগি যেটা ভালো তারার লাগি যেটা উত্তর দেখি কেটা আল্লা দিবা আর আমি যদি আমার ফ্যানডা দিবায় ত ককে মাঝে থাকি তারারে যদি আমি ওই ফদটাদেখায় যায় তাইলে ইনশাআল্লাহ তারাও না কুনু কুতির মাঝে পড়বো
/kaggle/input/regspeech12/test/test_sylhet_0291.wav,দেখিয়া হুম এলা তখন ওইলো তোমার তা তোমার তা না তার বাড়ির মানুষের সাতে খইছে খাওয়া দাওয়া ওইতে কথা বার্তা অইছে ডেইট উট খইতো যে একটা ডেইট ফরে ফিক্স করা ওই বলে এনডেজমেন্টটা হজজে
/kaggle/input/regspeech12/test/test_narail_0021.wav,যে বাবা আমি তইলে যাচ্ছে দুরের টু আনা নিয়া অর জীবনের কন তোর মারে করিছ না ওই জন্নি তর মা মারি কথা তর এই মাই সেই সুমা আইসে ওইছে আইছে আইছে বুলবুল অনে কতা কয় এই বিশটা ম্যালা দি নাই ওই যে তুমার বড় দিদি মা কোট আমি আমি ওই যে আইছে
/kaggle/input/regspeech12/test/test_chittagong_0086.wav,ও ইয়্যেন না বুলি যে লেবু টিক নের ফরে তান লাইফ আর না কম কিছু অইতো ন আরে ওই আছে তে স্লো খরতাম হুম আরে উগগা ফলে মাইয়া আছে ইট্টু তুই লেখি তা বেটি খেলা আমার ইস্কুলোত আছি বিটি মা গরি মাইয়া বে
/kaggle/input/regspeech12/test/test_kishoreganj_0200.wav,একবারে টাম পেক না পাকি
/kaggle/input/regspeech12/test/test_sylhet_0523.wav,বালা ছানডা লাগবে না ফাইলাম না আমি না আমি এখবার ফরতো লাম না ঢাখাত দেখো ওয় দেখা যায় মোর মামার ন গেলা
/kaggle/input/regspeech12/test/test_sylhet_0322.wav,আর তারা রাইত ফড়তাম খুব কম বাইতাম তো তাইন যখন কলেজ থিকা ফইরতাম অলরেডি আমার যখন ইএনগেজমেন্ট হইতে এনগেজমেন্ট এবং বিয়ার মাজামাজি টাইমো তাইনের এমপিও আইছে হুম তাইন এখটা কলেজো ঢুকছিলা কিন্তু এমপিও আইছেলো এখন যেটা বাফেরে
/kaggle/input/regspeech12/test/test_rangpur_0083.wav,কাম কাজের ধরন শাজানের কিন্তু আলচে সাতির মাও যেমন চলে হেই জন কিচু ধরন ধরন সাতির আনতে আরও অতো নোয়ায় কতা ঠিকে আগের তার মানে ইতে ঠিকে কতা খারাপ নোয়ায়
/kaggle/input/regspeech12/test/test_habiganj_0011.wav,এরা বয়স ওইতো আর এরে বিদেশ ফাডাইবো ইতালি ফাডাইতো তো ইটা ফরে তাখবোনি মোবাইল লই খইয়া আর তে কিতা না আমি আনতাম আছলাম ই বিতান আর কি
/kaggle/input/regspeech12/test/test_sylhet_0272.wav,অখন তো ইগু টু ফাইবার দারে খাছেও গেছে না ইতো শুরু ওইছে আরেক কান্দা ভাইয়ে তো মারে টার্গেট দিলে আমি তো টার্গেট পর্যন্ত কছতে ফারলাম না তখন ভাইয়া খইলা যে অবশ্য না ইটা তো অনেক আটটা সেমিস্টার এক সেমিস্টার গেছে ফরে সেমিস্টার বালা খরলে তোমার বালা লাগে
/kaggle/input/regspeech12/test/test_sylhet_0180.wav,শান্তি আছি নেক্সটে শান্তি মাইনষে কান লইয়া তো দূর্গ ফরের বাড়ি করবার ছওয়ালগে গান গা খরা আর না ওউ একটা আনতি আমার বাইত টাইন্না রেডিও ভাবতাছে না আমরা আমরা তো ফড়াশুনা খরি স্টুডেন্ট আমরা একটা ছুটি বেতন লেখতাম আরকি আমরা কোর্স টার লেখায় আর কিচ্ছু না অখন তো না ছাড়া হুইনাই
/kaggle/input/regspeech12/test/test_barishal_0032.wav,চ্যাক পাতের গাছ লাগায় না রাজালা না ইয়া খালি যা গা তা লাগা চুপ করে না করা লাগছে তা কি দিন লাই ইগু তো খাওন লাগে
/kaggle/input/regspeech12/test/test_narsingdi_0090.wav,টিপু না না বাড়িত কয়ডা আমরা যদি কয়ডা স্পিক খাও এই যদি কেউ জিগা খাওন বকতাছে আমার কইত্তে অইবো কয়ডা লাগো খালি কন ক না আই লাগে লাগো এক মিনিট চাং চাওন বক্স কয়ডা একটা ওই যে ইয়ার লগে টিভির লগে কানেক্টর দাম
/kaggle/input/regspeech12/test/test_sylhet_0643.wav,তুমি কুন সেজো আতো মানে কিতা কিতা খয় খয় গানও দিরায় কি কি দেখগা হওয়াটা তো শামিম ইখানে দে ইংলিশ আফনারে সিলেটি সিলেটি বাষায় মাত পায়
/kaggle/input/regspeech12/test/test_habiganj_0073.wav,আগে ই তো জানতাম তো ইতা টিকতা ফারলামনে হ্যা আমরা কেরে দি আগে মানে গা খই না ওইলো না আবার গাড়িত বইয়া বইয়া আইয়া বইয়া বইয়া মা
/kaggle/input/regspeech12/test/test_sylhet_0312.wav,এখন আমি খইতা কিতাতে মেন্দি হুনলাম না না রাত খাইয়া খরছো খানি বাবির দিয়া খরলাম তো
/kaggle/input/regspeech12/test/test_sylhet_0317.wav,আর পিছন পাছিল টি পাঁচ কালা ভিডিও ইনি ছবিগান পরে তাইন বাসা বেছুইন ফরে হুটেল যে আমার কাপ আছিল আছিন আছিল বানাছিল টান
/kaggle/input/regspeech12/test/test_sylhet_0619.wav,সারি না আমারে কল দিছে দিয়া খইছে আমার ছাছা মারা গেছে আমি খইরে বলোন খাচা খইলো না খাছি সেই কি অনেক দিন থাকি হুনিয়া না ও মারা যাওয়ার পর দিন তারা আবার গেছো রাত্রে আইরা একটার সময় আর গুলা কুন একটা খাজের মেয়ে নানি ফানি দিলাই তারা বাড়ি একটু গেছলে না তারার বাড়িত খেলে দিয়া যায় উঠান খায় ফানি ছাড়িত খাওয়া মা
/kaggle/input/regspeech12/test/test_narsingdi_0099.wav,যাগা সুন্দর বই লইয়া ভাবা যায় আমাদের ভাই গুলো বিয়ের হয়ে গেছে তুই করছ নাগে আমি অনেক সময় আছে বস দেখি কত্তি
/kaggle/input/regspeech12/test/test_sylhet_0340.wav,এরে লইয়া অখন রিটেন ফরিক্কা দিতাম প্যাটার্ন ভিতরে তাখলে তো এরে শান্তি অখন বাইর অই যে এখন তুই আনা জানানি লাগে অখন বাদে ই প্রথম বিসিএস ওইছে কিতা সকালে ফরীক্কা বিকালে ফরীক্কা বুঝছো দশটা থিকা একটা আবার দুইটা থিকাই ফারতা
/kaggle/input/regspeech12/test/test_narail_0051.wav,তোর বাবা আরো তোর কাগারে ডাইল দিলাম তোর বাবা এক করবার ওহনে জাগা মাপ হইছিল তোর বাবা জানে যে সব জাগা ওগে তোর বাবা আইছে লা তুই রইছিলো কয়েকটা আমাগে যা সুমায় নাই তারপরে খুটপুতি সেই সময় ছাড়ে ফুতিছিলাম অহনে মিনি কইছিলাম যে তারা যখন আছিন নাই
/kaggle/input/regspeech12/test/test_narail_0097.wav,ও যেডি শুনবা না এ বল না হজার তো দেহা গেলো অইলে অন তরো কতা কয়
/kaggle/input/regspeech12/test/test_barishal_0059.wav,কিভাবে এ দি করে না আমনে হোনেন বোঝে আমি কিন্তু আমারে দ্যাহে এরম বেলেট দুইধারে ধান নাম ওর ওইরম দুইদিক চলে নো একদিক চলে না মোর কাটবে দি এমন দিন গেছে
/kaggle/input/regspeech12/test/test_barishal_0067.wav,একটার সময় মায়ে উটি চা বানাই দিতে হেইয়া খাইয়ে ঘুমাইছি আর এই যে এহন লোক কি আনছি পরে সরস্বতী পাশে থুইয়া ফুজা দেওয়া লাগে ওগো পায় এহন কর যুগের বউ পরে যদি দশটার সময় কই না যে হে এট্টু চা বানা ভাল্লাগে না এহন আর চা গেলা লাগবে না ভাত খাইয়ে ঘুমাও
/kaggle/input/regspeech12/test/test_narsingdi_0084.wav,ঘোমামু এইডা এইডা খুব খারাপ একটা জিনিস একটা পোস্ট খরছিলাম ফেসবুকে যদিও খারাপ লাগে যে মাইনষের অন্যান্য দিন ন এইডা হেইডা যেডি খারাপ মেইনলি অনেকে ধরে আরকি তে এডি লইয়া কতো প্ল্যান থায়ে ইদ লইয়া কুনু প্ল্যান আমি
/kaggle/input/regspeech12/test/test_habiganj_0085.wav,আর তোমরা খ বাইগুন আমরা দুই বইন তিন বাই আমি বড়ো আর এরা কিতা খরে না লেখা ফড়া খরে আর আমার ভাই ট্যাকনিক্যাল ফরে আমার বইন অইলো গিয়া নাইনো এবার মেট্টিক দিবো না বারে টেনো ফড়ে
/kaggle/input/regspeech12/test/test_narsingdi_0046.wav,সবাই তা কি আর মরে একটা ছেরি ঠিক করা কতা আর যাও কিতা কিরে
/kaggle/input/regspeech12/test/test_barishal_0053.wav,আগে না না দুই পোলা মোর ঘরের পতি মোক ঘরে দুইজন পুরুষরে কোম কুমায় দেয় এহন হোনেন এহন এহন আসল খাতায় আহি সাড়ে চাইর হাজার টাহা কুইটে কিনছি মাত্র সাড়ে চাইর হাজার টাহা মুই তিন দিন ফারছি তিন দিনই মনে করেন মুছ বলার কাম করি একলা
/kaggle/input/regspeech12/test/test_sylhet_0122.wav,না না দিয়া খাওয়া তো আই ফরে আর টা কোনো দে একভাবে কুনায় ফরে আইচ্ছা আর খেলা মইরা খয়দে আবার তোর যাই খেলার দেয় খাওয়া যায় গি বাগডা কুনু আইয়া যায় গি খেলাত
/kaggle/input/regspeech12/test/test_barishal_0086.wav,তিন মাস একটা নি যত বছর থাইক্কা কাম করছি বিশাল বাগান খেলতে বালা তে বাইরে না এক টাহা ভাঙ্গে না বিয়ে করার নাই পরে ওডলে উপরে উঠলে নিতে যে থাকপে ওয়ার পর অনেক কিছু ভালো বন্দু ডিফেন্ড ধরে ও ওই তে এত্তো কুলা মাইটে লাই ও একটা কয় মাসের কাছে থাকা ক ক মানে
/kaggle/input/regspeech12/test/test_narsingdi_0126.wav,হঠাৎ ফড়া অইয়া গেলো গা তারে ভালোই লাগে এইডা কি প্রেগনেন্ট তারা নাই প্রেগনেন্ট করা থাকবে প্রেজেন্টটা নাড়া এডা এই জাগার মদ্যে অনেক না ফরে আসিয়া যাইমু টা গাড়ির বাড়া
/kaggle/input/regspeech12/test/test_rangpur_0113.wav,এই হইলো কফি আর হইলো পলি হুম এই দুইটা তার কফি আর কলি পলি পলি কলি কলি নাম হা কলি না পলি কলি হু
/kaggle/input/regspeech12/test/test_barishal_0046.wav,সংসারী করে না খাইয়া আমি মনে করেন এই যে মুই গাছের কাম করি মোর এট্টু মন চায় না জুরতে মেরিন পাট হইয়া যায় পরে দিন মোর দুধ খাওয়া লাগে ব্যথার এট্টু গা বাত খাইয়া খাইয়া এতো কষ্ট কইরা সংসার করা খাওয়ামু খেন তা ও ছক করমু ইকটু উনিশ বিষয় অইলে মনে করেন হেই সময় আর
/kaggle/input/regspeech12/test/test_narail_0062.wav,পুকুর পারে ওই পাড়ের বিটা কা গেছেলো কি দুগো ওই যে এট্টু বুকে ছেলো গ্যাস বাগান ভরা ফিরে প্রদান ছেলো না হয় গ্যাতো এখন ভরা কোনা তাই কাটি লায় তোর বাবা মানে কমি লাগানো মুল্লা জানো এই পুকুর রেই বেড়ে না ওই বাড়ে
/kaggle/input/regspeech12/test/test_chittagong_0101.wav,ইংলিশে কাটি ছিলাম এবার এপ্লাস আইবো এ প্লাস ফর দূরে ন আই মানে সাইয়েরে বই থাইক্কি তো আমি আঁই ও যাইয়া অইলো করমু ভাবলা তো আঁই খিয়াল দিছি তো আর মনে কর যে একটা ইংলিশের মতে খোনো ভুল লইয়া দিয়া অইয়্যি
/kaggle/input/regspeech12/test/test_barishal_0056.wav,এরপরে হেত ন গরে একজন আর আবার এট্টা টামা কিনছি এক হাজার টাহা নিয়ে দিয়ে থুইছি অর আর মোর ছয়ডা ডি হইছে এক হাজার টাহার কডায় তারপর লোক খান আছে এডা তে ই বুঝি যে গরু দিলে পারলাম না পারলে বেচতে দিলে মোট এক টাকা দিয়ে নিতে হইবে যেন সংসারি করলেই কষ্ট করতে অইবো বের একজন আর পার ধানডা দিয়ে থুইলে জীবনে সংসারের উন্নতি কে গেছে টাহা লাগবে না
/kaggle/input/regspeech12/test/test_sylhet_0086.wav,আমি আমি কই লইয়া বই আর আইচ্ছা মানে বেশি না অনে একাডেমিক বই না না আমার বই অবে ফরে অনেক একাডেমিক কলেজের বই কোন ফছন্দ বেশি ইকোনোমিকিক ইকোনোমিকস খানে কসির ইকোনোমিকস শুনি তোমরা আমি জানলাম আমরা যে ফড়তে বেশি বুজি তা ওই লাগলে তো হিগু আমার একটা আমার একটা একটু বুঝায় দিলে আমি বুঝি না আমার আর কইন্না নি না আমি আর তোমার তে তো লাগে না ফড়া শুনা খরতে বাল্লাগে না বাল্লাগে
/kaggle/input/regspeech12/test/test_sylhet_0028.wav,সবার খাছে দাদা নিয়া পূজা এখটা খরার আমাদের মন্ত্রণালয় থাইক্কা যে তরা যাওয়া অয় ইটা বুচ্ছো মিলিয়া উঠবো বড়ো ইয়ো সবাই টাখা দে মানে ফুজা খরতো অনেক টাখা লাগতো এই অনেকটা গায়ক ভাবে সময় সবাই টাকা দেয় খুজা খরো লঞ্চ টমি খুজা
/kaggle/input/regspeech12/test/test_sylhet_0201.wav,গুমাই দিলে যখন ফড়তে বালা লাগতো না আমার আম্মার এমনে প্রতিষ্ঠানে টিক্কা নায় আর কিন্তু ফড়ার ফিছনে তাইনোর অবদান তে তাইন খইতা ও খুব খরিলাও আর একটু খরিলাও আরেকটু খরিলাও ই স্কুলটা কলার খইতাম না খরার খতা
/kaggle/input/regspeech12/test/test_sylhet_0681.wav,কেমন জব ফাইবার কি না ফড়া লেখা অখন তো আর বয়সো তেমন নাই তাখি খরিয়া ফড়া লেখা ওই
/kaggle/input/regspeech12/test/test_habiganj_0045.wav,না গাছ লাগানি আমারও বালোই লাগে তো গাছ লাগানির লাইগা খাইছ না কিন্তু আমি ইটা খরমু গাত তো আমার তে ওই না কুনু গাত ই অয় না গাত লাগাইলে ওই ইটা বালা খইরা অয় না খয়দিন দেখা যায় একটু বড় ফড়েই আবার ইয়া অইয়া যায়গা আমার তে গাত ওইতো অয় না
/kaggle/input/regspeech12/test/test_narail_0026.wav,ওই তো যে ছেলে মেলার খেলার মাট নেয় আমার এই দাম কি লাব আর ওই বার্গার তোক ওই দার দে ওগে ভিটে সবাপতি আনে ওই নাইরকেল গাচটার ওইবে ওই পর্যন্ত এরে পুর কাজা হইতেও গে যাগা আর হয় তোই মাটে
/kaggle/input/regspeech12/test/test_barishal_0080.wav,তন বয়স হ্যা জীবন আলদা হ বাক
/kaggle/input/regspeech12/test/test_sylhet_0512.wav,কিন্তু বাসাটা কিন্তু সুন্দর খিলাইলাম তানরে নিড়াইতে ভাবে নি রাত্রে বাসাত তাখতে ফারতাম না আমি মারির লগে বরফ খরতাম ওর ওতা
/kaggle/input/regspeech12/test/test_sylhet_0063.wav,মানে কি লাইফে নি না কলেজ যে কোনো বান্ধবী না ইটা কিতা মনো অয় না এরে সাতে বা এখন খায় খতা মানে মনে কর বারো ব্যাটসম্যান গিয়া কতা কন তাইরে লইয়া একটা মানে কি হয়া গেইছে কলা কয়েকটা পেলে বিয়া ইটা না ইলা তা
/kaggle/input/regspeech12/test/test_narail_0042.wav,গরো থেকে বাড়ির বাগানের ভিতরে ওনি কোনো জমি ছেলো নেই শুনি ছিলাম যে ভিটের সাথে বলে ওই বড় বাড়ি ভিটের সাথে তোগে বলে কন এট্টু পাক হ ওহনি বলে এট্টু জাগা আছে নাকি ওই যে ইয়ে বাগানের ভিতরে ওহনি জাগার কাহিনি জানো না আমি তো জীবনে যা যা না অনেক বড় না ওই জাগা কাহিনী জন
/kaggle/input/regspeech12/test/test_tangail_0090.wav,ছবি সুবিধা দেখা যায় যে রানি মুখার্জি থাকে সে একটা কাল্পনিক শহরে থাকে জাতা এক প্রস্টইটিওট আরকি কিন্তু ওই শহর একদিন রনবীরকাপর আছে রনবিরকাপুর আহে ওই সিনেমাওয়ার নাম থাকে রাজ
/kaggle/input/regspeech12/test/test_sylhet_0167.wav,গুরতাছি মানে ওটা মাইন্ড গাড়িয়াপিছন আনি ওতা টামেলা মানে একটা যাইতো গা
/kaggle/input/regspeech12/test/test_kishoreganj_0198.wav,য
/kaggle/input/regspeech12/test/test_rangpur_0086.wav,না না এইডা এই যে কম রমজান না দেখছে রমজান মাসে কি হইছে বাত একটা ফোটা আনে পোথম রমজান শুক্রবার বাপের রমজান আছে না এটা হইলো শুক্রবার কেলা বলে কয়া গেইসে পথম রমজান শুক্রবার হবে মাজের রমজানটাও শুক্রবার হইবে ষোলো আছে না ষোলো তারিকও শুক্রবার বার তো ফুটায় আছে হ ওই ফোটা ওই যে খা
/kaggle/input/regspeech12/test/test_sylhet_0135.wav,কেরানি তোর আনি দেই না আমরা তো তুইলে কেউ নাই তা তুই একটু জন কেউ নাই ঘরোর মাটে খাটে ঘরের মাঝে কুনু যে জাগা নাই এমনে ই বৃষ্টি দিকেও গুরা গুরি ওয় না না গুরা গুরি ওয় না ওই গেলে দরো বছরে ঈদের ফরে গেলে বাইত যাই
/kaggle/input/regspeech12/test/test_rangpur_0108.wav,হ্যাঁ হ্যাঁ ঘাস টাস নিয়া যায়া দেইস না তো মুই বা বারো কয়দিন যে দেকনু পাতা কুড়াইলু পাতা কুড়ি টুড়ি নিজে ছিলাম তো
/kaggle/input/regspeech12/test/test_sylhet_0361.wav,ইখানো দুনিয়ার একটা দ্যাহে বাট ইনোর মধ্যে যদি তুমি হেপিনেসতা রাখতে ছাও ইখানো সাইন দেওয়া লাগে বাট ই টিচিং প্রকট টং ছাড়া আর তুমি আমি ইতা তারার টাইম দিতায় খরতে আর যে দিকেও টাইম দেওয়া হিদিকে
/kaggle/input/regspeech12/test/test_sylhet_0132.wav,বর্তমানে নিড়ানি ওইছে নানি না আমি ফুরা লই না ফুরান না ফুড়াইছোইন না টেখা টেহা ইদো দিবো বনে ইতা খইছে না যাইতা খইছলাম আগের মাইয়ারগো ঠিকো ফাইলাম আগে মাইতা আবার দিলো না দর আমরা মা তাকতে দিলা একদিন আরা দিয়া একে দুই পর
/kaggle/input/regspeech12/test/test_rangpur_0087.wav,কতাডা কেমন আছিস কেমন আছিস আর হামদুলিল্লাহ ভালো তো এহনা গল্প গুজব করিম মোবাইলোত রেকর্ড করিম সমস্যা হইবে ক্যা এনা করিম আর কী গল্প গুজব করমো আলাপ আলোচনা করমু আরকি
/kaggle/input/regspeech12/test/test_rangpur_0063.wav,খাই তে খও আল্লাহর করতে আরো না তা না কী করবে না কেমন আল্লায় যদি ঈমান আমানে জানি মিত্তু চড়ায় সে আল্লার কি
/kaggle/input/regspeech12/test/test_sylhet_0226.wav,ফড়ার একটা টেনশন খবা না মানে আমার লগে নাই বাই বইন লগে নাই খেউ নাই নতুন এক জায়গা সব মিলাইয়া মানে খান্দি মনে মনে খান্দি দিবায় করি আমার তো কাওরেজাল্টটো বালা করা লাগবো
/kaggle/input/regspeech12/test/test_sylhet_0714.wav,না তাখা ওক্কা বেডা কিমুন বিদা বালা আছি গেসিলদেওয়া আছেনি না কিতা ইগুর গ্যাস আছিল না হুনাই
/kaggle/input/regspeech12/test/test_habiganj_0038.wav,আমার এক বইনে আছিলো আমার বইনে কী করতো এটা একান্ন বি ফরিবার এদিক্কা বালো কইরা রান্না করতে পার্টি ফরে সবাই প্রশংসা করতো ফরে দেখা যায় নিজের উপরে বল ঝামেলা আইয়া ফরে তো এরফরে কিতা খরছে একদিন এরফর তিকা তরকারি তে বিটি জুল দিয়া রাখতো তে বিটি মজা না লাগে
/kaggle/input/regspeech12/test/test_sylhet_0428.wav,না ফরে দিন ফারোইন আর জন মানুষ থিরি মেডাম বালা আর বাড়ি মানুষে ছিন্তা খরে না ম্যাডামরে ওপার হচ্ছে প্রার্থী উপরে দুয়া খরের তবে বালা তাইলে তো আর বিশো এখনো পারোছ অইছে গান মিয়া খাওয়া খারাইছি গলার বড় পারে নাই
/kaggle/input/regspeech12/test/test_sandwip_0041.wav,টিফিন আই কাইলকা লগে কই আমার দিবাইন আইজ্জা হইলে ভাত লই যাইনো
/kaggle/input/regspeech12/test/test_sylhet_0566.wav,ফড়ায় না থিউরি বাকি থিউরি দিয়া দেই থিউরি কিতা সব ফড়া ম্যাচ ফড়া লাই ফড়া লাগে আর একবার উরা আগা গরাইতো ম্যাথ আর থার্ড ইয়ার তো কুনু নন ম্যাচের ভি নাই
/kaggle/input/regspeech12/test/test_rangpur_0045.wav,বের যে এহন কি ই ফড়া চিন্তা করো ইডা কোরবানি তা তো তেবের পায় বারি
/kaggle/input/regspeech12/test/test_sylhet_0579.wav,কয়েক মাস তো কোন ই আছে না না খাতি বেশি কতা হয় পরে তে আবার কই না বাটন ছাড়া মানে অনেকে লাগবো কে ব্যালা আমার
/kaggle/input/regspeech12/test/test_rangpur_0032.wav,গেছে না তাই তালায় ফালাইছে খাওয়া যায় তে পায় না কেমন করিয়ে ওমরা গোস্ত আর আটা এক ঠাই করে আমনে এর তো দুখেনও যায় এখানও যায় হাড্ডিও কথা না
/kaggle/input/regspeech12/test/test_sylhet_0458.wav,ফোন কচ্ছে আমার ওই খইন তো তাইন না আমার তো তাইন বা ফুটো এরফরে আর
/kaggle/input/regspeech12/test/test_rangpur_0106.wav,তারপরে খাজাও তো আইসে আমার এক নোয়ায় খাজা খাজা আইসে তাইলে ওই বক্কর বাদে সবাই আইসে
/kaggle/input/regspeech12/test/test_narail_0070.wav,ভালো না তে বাইত গেছে তো জমিটা চালের সাথে এহন সাতে দিছি বাড়ি বাদা তো ম্যালা দিন বাদে যে জমি ও জমি ঠাউর মেলা জমি কেউ ঠারি ও জমি তো ঠাউর খাইতে হতি পারবে না
/kaggle/input/regspeech12/test/test_kishoreganj_0114.wav,আবার এই যে ফত্তঙ্গা পানি দি আবার পাখিরা কেলা কা ই গল পাখিরা কেলা কা ই গর হ্যাঁ ই গর হ্যাঁ কি পতম কেলা কা ফাকি কি পঙ্কজের খা পাহা খর গুরতে খায়া কেলা বাকি খ গুরে খায়া কালা বাকি খউক্কা বাগের সাফে খায়া কালা ইগা কি এ লেইক্কা
/kaggle/input/regspeech12/test/test_narail_0081.wav,ইডা যে ক্যান এর তো শুদ্ধ হইয়ে গেলো হঠাৎ ছিলে ওই তো নিয়ে কস দিয়ে ই বার তালি তোর তোর সাথে কথা কতাম না ওইছে শেষ না না
/kaggle/input/regspeech12/test/test_sylhet_0078.wav,তুমি কিতা জানি খরলায় খে খার না আমার তো তাতে ছুডুকাল থাইকা আমার ফুরিরে দেখলে আমার যে বালা লাগে তাই ওইতে ফারবো আসলে দেখতে অলা লাগে না একটা ভাব আছে ডিফরেন্সে আমারে এক বিশটা আসা আমি ধরে এখন মনে গিয়া কিতা খরলায় না লেখা ফন্তো গিয়া
/kaggle/input/regspeech12/test/test_sylhet_0388.wav,এমপি গিয়া যা গেতাছে নানি এক ফুটকা বাবা দ্যাখ বাড়া খরলাম না আর কিতা বাই কবিতা ফারোনি
/kaggle/input/regspeech12/test/test_sylhet_0310.wav,তো কোনো প্রিপারেশন লাগতো না বিয়া আমরা ওউ ফর্সা আমরা খরবো আফনারা টাইট আফনারা খালি যাইবার ইয়া ফাইবা আর কাবিন ওইয়া যাইবো ওউ বিয়া
/kaggle/input/regspeech12/test/test_sylhet_0585.wav,এরারে আমি দেখছি এরা যারা নাইন টেন ফর্যন্ত একটু গাছের থাখে বা ইগুলা মানে পড়া লেখা দূর দূর থাকে এরা যেসময় একটা টাইমে গিয়া একটা থাক্কা খায় বা বুঝতে এরা ইটা খরতো ফারে এরা বেয়াক কিতা খরতো ফাটায় ঘুইরা দাঁড়াইতে ফারে খুব অয় ও স্যারে তো আর না খালা
/kaggle/input/regspeech12/test/test_sylhet_0401.wav,কি বাবা মারা গেছে তারা তারার কুলো তাখে না লাগে নি কে যে বেগম লাগে খতদিন একটা বাকি আছে আমার লাগে খারাপ হ
/kaggle/input/regspeech12/test/test_sylhet_0209.wav,এসএসসি ফাশ ফড়া শুনা আশা ই থাখতো নায় আরেকটা নতুন লাইফ শুরু ওইবো ইটা দরো দুই আজার আগের খতা খই নাম আমি তখন দুই আজার খেলা ক্লাস নাই ও খরি
/kaggle/input/regspeech12/test/test_narsingdi_0071.wav,ইস্কুলো ফরে থাকতো মানে ভার্সিটিত দিয়া টিচারে দেখন তয় না মোবাইল বাইরোর যাও খইরা দেও তহন মনে লাইফ থিরিতে মোবাইল বা কলেজ যদি কলেজ লাইফ পাইবেন ফাইল আল্লা তা লেহাফড়া কেমন চলে যাই
/kaggle/input/regspeech12/test/test_sylhet_0228.wav,বড় খরের বাদে তিকা কিতা বা রাস্তায় গুরে বড় খররায় দেকি তোমরা কুনু প্ল্যান আছে নি অয় আবার বইন বিয়া দিমু গেইট উই বান্দা লাগবো রাস্তা বড়ো না অইলে গেইট বানমু কিলা অবায় জামাই আইবো গাড়ি আইবো ওতা আইবো খতা আইবো তার মানে আমি ধরি দিছি যে তারা দেয়াইবো আমারে বিয়া অলরেডি
/kaggle/input/regspeech12/test/test_chittagong_0125.wav,এন্নে ওকগো ফ্যামিলি ফড় গি তিনজন মামি পবাতে তিন জনে মিলিয়া রাইন্দে ফিসের জন্য নে খতা খয়টা খয়টা দিক দে আচ্ছা কন কি টেক লম্বা কইরে
/kaggle/input/regspeech12/test/test_sylhet_0730.wav,বাকি নাম বাফে তুমি যাইলে তো না বা না খয় দিন না লাগে আমি পারাতায় শুর বি
/kaggle/input/regspeech12/test/test_narail_0024.wav,মামি আমি না আমি দেহাইছি নাম বউ যে সময় আইছে ইসময় বড়ডা আইছে তালি আইছে চালির মা কালি বাবা ওই ফন একটা বিষ খাইয়া যে মরিছে কোনডা
/kaggle/input/regspeech12/test/test_chittagong_0074.wav,ইয়্যন তো লইবো কিন্তু সবে বেশি দে এখানে বেশি না লাইগবো না হ ই নিবি লেহাপড়ার কতারে দুনোজন না অইলে আরে দু বেশি তারে মদ্দে কত ইছা বইছেনআঁরা মনে খতা খই চাই মাইয়া কে
/kaggle/input/regspeech12/test/test_tangail_0055.wav,হার্ট হার্ট স মোস্ট ইজ নট টেকিং এ মুমেন্ট টু সে ভাই মানে আমার আমি আমার আমার মনে হয় যে আমার জীবনটাই একটা বিদায় দেওয়ার একটা
/kaggle/input/regspeech12/test/test_sylhet_0674.wav,চাখরি করে আমরা কিতা তাখন যাইবা আন্টি খয় তুই কি লাব
/kaggle/input/regspeech12/test/test_sylhet_0609.wav,দেখি দিবি কিতা কিতা খইলাম দে ইতা কিতা খরিয়ার কতা তার লগে কিতা বুলে জামেলা ওইয়া খতা খই মনে ওই যে সব কিতা খতা খইছে আমার খতা
/kaggle/input/regspeech12/test/test_sandwip_0053.wav,আর তো আফার এগগেরে ভইরা আঙ্গুলে বইয়া যাই টান তো ইয়া না এদেরও কইলো এগগেরে কোদাল কোদাল উডিলে তে বলে কও নাম
/kaggle/input/regspeech12/test/test_sandwip_0119.wav,আর কয় পার লেখা খালি তাই ক্লাস করে না করে গুল্লা খওয়ার সুন্দর আসন ফাল্লা হোলাইনেরলাই যা হুতের খান তো আঁই দেখি না
/kaggle/input/regspeech12/test/test_sylhet_0449.wav,গেলে তো বাজারো দূরে ওইযায় আমার বাজার তো গেলাগি রাইখপার খতা ন বাজার আর বেশির ভাগ আরো বাজার
/kaggle/input/regspeech12/test/test_tangail_0111.wav,তা আমার যেটা মনে হইতাছে যে ইটা একটা চক্র ফুরে বুঝতে ফারছি না আমি আবার আরেকটা কতা খরলাম ওইখানে না কি ওরা বিল্ডিং খরতে তার বঙ্গবাজার ফরাইয়া হে ইডির ফাকা বউত তো ওইটা হইলো ওরা বিল্ডিং কইরা বড় মার্কেট বানাইতে তো কিন্তু এতে ব্যবসায়ী দের অনেক সমস্যা ওইতো
/kaggle/input/regspeech12/test/test_sylhet_0267.wav,দুকান থাকি চালটা ইটা দুই হাজার চার এক টেক পাঁচ ছাড়া অবস্থা তো ভিত্তিতে আমার ভাইয়ে ফোন দিছোইন দোকানো দোকান থিকা আমরা বাড়িত খবর গেছে গা ওলা আমারে লইয়া যাইতাম কিন্তু হে যে আমারে লইয়া আইতো বাড়ার টেকা নাই হে আইতো লগে ইতা করতে করতে আমার প্রতম ক্লাসোর দিন আমি আইছি না আমি ইদিন সারাদিন খানছি
/kaggle/input/regspeech12/test/test_narsingdi_0127.wav,বইন প্রাইভেট কার শান্তি ফাওয়া যায় না যে এই মশা প্রাইভেট কার কইরা তারা মশা লইয়াইতো হ মশায় আইলা যা দুই ফড়লাম কাডা চিনি না বাট না মশায় ও ইয়াতে গাড়িতে যাইবু বড় অইলা কি মারা
/kaggle/input/regspeech12/test/test_sylhet_0694.wav,দিবা আরও মাততে ফারবানি তাইনরে যে গান টাইম দিতা ফারবা দাদু তো বালা মাতো আগের দিন নি অখন আগে কিলা
/kaggle/input/regspeech12/test/test_sylhet_0229.wav,আরও করতাম বাদে বাক্কা কি তো ফ্যামিলি থিকা আর করাইবো নিয়া হুম বিয়া অই গেলেও করা বন্ধ অইতো না মেয়ে পড়তে চাইলে করাইবো তারা কতা বাদে
/kaggle/input/regspeech12/test/test_sylhet_0630.wav,পিকনিকো খয়দিন আগে আমি তো খইয়া পিকনিকো দেখোই দেখো না নি আমি দেখতে কি আমি তা তো পিকনিকো এখবার এই আছি কন ওই গেছে আর ইবার আর দেখছি আর আরো সুন্দর ওইছে
/kaggle/input/regspeech12/test/test_kishoreganj_0089.wav,সবসময় আর আমরা কি ক কি কইরবো হুম কি করবো আর সাত নি না না না সাত দেয় না তর পাঞ্জাবের না রাকিব
/kaggle/input/regspeech12/test/test_sandwip_0021.wav,ইন্দি দি নাতিনরে দি আইছি ইন্দি আল্লা বলে এক দিন আগে আঁই আঁর তুন মাই তুমি কুন এরে ভরা ঠা ওর হয় না হুদাহুদি জ্বালা ইচ্ছা যা উঠি যা আমগা খাই জান দিছে তো আবার ফাতারে
/kaggle/input/regspeech12/test/test_sylhet_0060.wav,কিলা সংসার ফলে এখন তো আমরা দো বারান্দা মজা মজা মজা অনে কিতা খইরা গেছলা আফনারা না
/kaggle/input/regspeech12/test/test_sylhet_0141.wav,আন্নে না এই যে ফুরি ভাইঙ্গা বা তারা আইয়া মাত খাই সুজা
/kaggle/input/regspeech12/test/test_narsingdi_0120.wav,না হেই গান গাই খাতা লাইলা দুরে খাওয়া ফরে জাগা লাল অইলে তো এই হচ্ছে তুই কফি যা খাওয়ায় ফরে দিচ্ছি কফি কল ফরে এইডা আমার দোষ না এইডা কি ডর যেমন মায় তো পছন্দ করে উটিতো গরম দেছ কিলিগা আমি ধরে কইছিলাম না আমার হাত খান্না ফানি মিরার খান্না না মানে আমি মিরা ফাই আমি তর মা ইয়ানে লেজেন্ট না লেগে
/kaggle/input/regspeech12/test/test_kishoreganj_0049.wav,কুইট্টা দেম নে তারে হয় আমাগে নিমকি কাগে নাম টা বেডা ছাড়ি দিবো আমারে খাদি তাইন না
/kaggle/input/regspeech12/test/test_habiganj_0084.wav,আরেক কাকার অইলো গিয়া তিন মেয়ে তো তাইনরে ন খরি বিয়া ওইয়া আর তিন ভাই একজনে ফরালেখা খরোইন আর দুইজনে তাকতে খরোইন আরেকজনে ব্যবসা খর
/kaggle/input/regspeech12/test/test_narsingdi_0056.wav,হুম টেনিস প্লেয়ার গম তো ফর তো আমরা টেনিস কয় খার এই ব্যাডমিন্টন প্রাইজ লইয়াইছে রি হ্যা ব্যাডমিন্টন খেলা তো টিচার ফর্যন্ত খা ফাইলে তো আর ইয়া ইয়া না ছেরা নে রিগুলার তুমি তো আবার চাকরি খাইয়েরে
/kaggle/input/regspeech12/test/test_sylhet_0353.wav,তোমারে আমরা পাঠাই না তো ইসময় একটা প্রশন ওইছে ম্যাডাম ইবা সিডও ম্যাডাম একজন প্রশন ওইছে এমপি খুব ফাকা ওইছে আর কেমনে মনে জানি অধীনে কি আবার দিতি যা আমার লগে লগে ইদিকে ম্যাডামের প্রমি তো ইদিকে আমার গুষ্টি ওই গেছে আমার কুনু খরতে লাগছে না কুনু টেখা ফয়সা লাগছে না মানে
/kaggle/input/regspeech12/test/test_narsingdi_0024.wav,তাইলে অন্য আরেকজনরে টানবে এমনেই তো একটা ভালো টিম বানাইতে হইলে তো সবাইরে যাচাই বাজি কইরা দেখা লাগে এই গান বুঞ্জাইয়া ভালো খেলতাছে আর সবচেয়ে বড় সমস্যা লাম ও দেশের সিলেক্ট গুলা ওরা যদি ভালো প্লেয়ার
/kaggle/input/regspeech12/test/test_sylhet_0530.wav,ড্রিম ল্যান্ডোর যে কাইটে আছে এড ব্রেন্টার ওয়ার্ডো ও তালি ওতোটাও হিলা বা তাত নিছে দি না আমরা ওই সময় গুরাইছে দে
/kaggle/input/regspeech12/test/test_narsingdi_0098.wav,কপি যা দেয় খাবার গুলি দেন কপি থানার লাইগা এ কপি কি দিবো বা মারা তুমি মনে তে পারে করতা দরকার দেয় না রে না দিছে দেয় বাগে খাই অবে বুঝছোনি মাইর
/kaggle/input/regspeech12/test/test_tangail_0108.wav,হ্যাঁ একদম খালি ওই কী জানি সকালে হচ্ছে সকালের দিকে ছয়টার দিকে আগুন লাগছে ইখানে তো ইটা ভাগ্য ভালো যে হচ্ছে মানুষ কুনু মানুষ মারা যায় না আমি মারা গেছে আমি মানুষ তুই একটা ছেলে হইলো দোকানে নাকি কার হ কর্মচারী ছিলো ক
/kaggle/input/regspeech12/test/test_sylhet_0552.wav,খাম নাই হুম আর যারা ওরা তার ফ্রি টাইম কিরম রাখে খয়টা ফাই তো বালা লাগছে তারার ইয়ানের পরিবেশে বালা প্লাস টাইমও যাইতো বালা
/kaggle/input/regspeech12/test/test_sylhet_0554.wav,তো দেই নো ওতা শিফট আর কি খয়দিন খালি কিতা রিডিং প্যাসেজোর বাংলা হুতায়া যায় তা কলা ও যা খয়দিন আর এক্সাম ডিউটি তারা ফেবারটা আর এরফরে
/kaggle/input/regspeech12/test/test_habiganj_0029.wav,তার লাইজ্ঞা আমরা দুধ জ্বালাইয়া পবিত্র তার লাইগা গুদ জ্বালাই তার লাইয়া আমরার দা খরি
/kaggle/input/regspeech12/test/test_sylhet_0709.wav,দাদু বইতা না নি তো আমরা বইয়া কিতা আছে মনো অয় তো খাইয়া গেছে না ফাখালো আছে না তা রইছে ও রান্না বান্না তে তো আমরা একটু সময় দিলাইবা এর আফনেরা আফনার খরা খয় বাইত্তে আমার তিন জন এখ মেয়ে আরো দুই ছেলে
/kaggle/input/regspeech12/test/test_sylhet_0315.wav,আটিয়া খাদায় গেছো তো তারা এলা বিয়ার এরফরের দিন আইতাছে ফরটা নভেম্বর মাল খাতি
/kaggle/input/regspeech12/test/test_sylhet_0057.wav,ইটা রান্না খইতে চাইলে মানে ইটা ছাড়া বিষয়টা ছাড়া খইতে ফারবাইন এরফরে রান্না রান্না বড় বইনে খরতাম বড় বইনের করি রান্না ফারতো রান্না লাগি বাই অনেক তাইর বখা দিতোই মাতছোইন সবাই আসলে বাবা দিতে রান্না ফরে ভাত রান্না খরতো ফারতো না বাত এখবারে লামি ফুরিন্তো
/kaggle/input/regspeech12/test/test_sylhet_0111.wav,আমার বাফ মা দাদু ঘরে এক ক্লাস লো তে ফাইছোইন না তারারে দাদি ডাক লাগবো আমার বাফ জমি থিক্যা মারে তোমার দাদি যা তা হ পাস করি থাকতেই মারা গেছে আর আপনারা খইত্তিকা ফাইতায় তে আমার বাফের পাচদিন
/kaggle/input/regspeech12/test/test_sylhet_0152.wav,কিন্তু তো নাই আমরা সাদা করে ব্যবসা আছিল আমরা কতা আরো কর ব্যবসা খালের বিয়ার কাহিনি খইন দাম যে আর তো বিয়া মা ইটা
/kaggle/input/regspeech12/test/test_rangpur_0077.wav,কি যে তো আবার যাইয়া কি তো যাওয়ার বাড়িতে না রংপুর যেটা কছে আছে ই করন লাগে তে নাগে দেখপে রস পড়ে রস পড়ি পড়িয়ে ইয়া হ
/kaggle/input/regspeech12/test/test_narail_0174.wav,এট্টা আগে বুঝতি ফারি নাই এনে যাইয়ে তো যা যা
/kaggle/input/regspeech12/test/test_sylhet_0532.wav,দেড় বছরে সে অইছে এই গুরা ফার্স্ট ইয়ার সেগেন্ড ইয়ার এখলগে তারা সেকেন্ড ইয়ারোর ফার্ট দেই কিতা তো পেইস মানে ওইযে সেমিস্টার গুলার খরে
/kaggle/input/regspeech12/test/test_narail_0005.wav,উনি কত্তি অবে তা জমি ফিরার জমি থুইয়ে ওইভাবে পিডাস কি না বা নি তুমার তো তো জানি নাকি তোগে ঘরের খাবার কি যা ভিটেয়
/kaggle/input/regspeech12/test/test_sandwip_0001.wav,দিন বাই আর চাইর দিন বারায় কইছে দাওয়াত খাইবো নাকি অন তো না ও ভালো অইছে বাচি গেছেন আই ভাইয়ে মার ন জানস মাসে দা নাইগা আরে গর
/kaggle/input/regspeech12/test/test_kishoreganj_0175.wav,তা তা রেট অত তো লা টত্তা কি দি ছাকরি দি থেকে পানি পরচা করায় হলো কাক দিয়া পানি তে গা কি পরিনাম কী ফাক
/kaggle/input/regspeech12/test/test_narail_0089.wav,না আমি একটা কথা বলি আন্দার তোরে বলেন বুল কানতাকরিছে সেটা আমি মানলাম হ্যাঁ কুল কি খান তরে একটা আবার বলতে পারি না যে আমার সাথে তোর কী সম্পর্ক সেটা তুই তো কান্তারে বুঝতে ফারিস
/kaggle/input/regspeech12/test/test_sylhet_0275.wav,তাইলে মানে ইটা প্রাইভেট পড়া আমি কইলাম কুন জাগাত তাইন জাগার কতা কইবা ফরে আমি কইলাম ডরাইরাম ফারমু বাই একটু ফারবায় তাই আমারে নিয়া টিউশনির বাসাত পরিচয় করাইয়া দিয়া টিটনি দিছোইন প্রথম কম্পানি দু খরছি টিউশনি দেড়াজার টেকা দিতো
/kaggle/input/regspeech12/test/test_narail_0027.wav,ওই মাট ওর বাবা নিয়ে আর ওই নিতাম এলাকার জাগা ওর বাবার গাঠির টাহা দিয়ে কি নিয়ে পায় অনেক কল ওরে বাবা নিয়ে ওর বাবা নিয়ে গ্যালো বাবা দাম কইরে দেছে তা তো মানে থাকে তাইলে আমার কাঠের পাশে আমি কি নিয়ে তুমাগে দিচ্ছি
/kaggle/input/regspeech12/test/test_sylhet_0434.wav,খই এক আউট দিতো পাস্ট মানে ফুরা বালো মানে কতা বার্তা কিরকম খুঁচাচ্ছে মনে অয় মিনিটের এখবার গুস্ত বানাই খায় ফরে তোমার কিতা ওইলো ই পাটটা গায় না না না থাকে বা বা কিতা
/kaggle/input/regspeech12/test/test_sandwip_0011.wav,এমনি কইছে কার লগে ফরে আর ইয়ান আসলে লাইলের দরকার ইয়ান দিয়া আঁর পাইয়া করতা ক একদিন একটা বি দিয়া আইয়া একদম হিডার গুন্ডি ইয়ান পাইনা ন ধরে না আন্নে গর কি বইতা
/kaggle/input/regspeech12/test/test_sylhet_0323.wav,মাজামাজি তাইবো তাইন এমপি অইছে হওয়ার ফরে যে তাইন তো অখন কলেজো মানে কলেজ নিয়া ব্যাস্ত ছাত্র খরাইন মোটামুটি ভালো কাম খরোইন সারাদিন বেককুন আমি আমার বাদে খইলাম তুমি ইটা চাকরি করো আর এই সারাদিন ছাকরি লইয়া তুমি তো আমার লগে ইচ্ছা করলে খরতায় ফারো চাকরির লাগি ভালো চাকরির লাগি ফড়তায় ফারো ইটা একটু গুটা তুমি আমার লগে ফড়াত লাগবে
/kaggle/input/regspeech12/test/test_narail_0137.wav,আইনে করবো আগে যাই গেসের পয়েন্ট ভালো হয় তালি ভালো কোনো দেশে খয় দিয়া ওই উততাম জামাই বাবু ও বলে ছোটো দাদারে একটা দেশে পাঠায় দেবে সেটাও কছে উততাম জমা বাবুর ভাইর দেয় আর দাদারে দুইজন পাঠায় দাবে
/kaggle/input/regspeech12/test/test_rangpur_0090.wav,ভাত মা মা খাওয়া দাওয়া ভালোয় হইতেছে কিলা অইতাছে খালু কী মাছ
/kaggle/input/regspeech12/test/test_sylhet_0412.wav,সব বই নিয়া ছালা দলা ওইছিলো মুবাইল ওইছিল সব খানো গেছি না দাওয়াত দিয়া নিছিলা বাড়ি তাইরে লইয়া গেছে এখন তো তাইরে নিয়া দিলাম আমার না তা না নিজের ভাগ কি আই নাম কইতে কি আমার তাইনোর
/kaggle/input/regspeech12/test/test_comilla_0006.wav,এই রিয়ার্সাল থাকে চুল সোমবারে যে অনুষ্ঠান হবে ওইখানে যে পারফরম্যান্স করবি গুলার উপরে রিয়ারসাল থাকে ওইখানে আবার দশ পনেরো মিনিটের মতো রিয়া সাল করে না আছে এই স্কুলের ভিতরেই আলাদা একটা রুম আছে ওই রুমে করে প্রথমে এই রুম থাকি বের হইয়ে আবার স্কুলের মাথার মধ্যে একটা দোলনা আছে
/kaggle/input/regspeech12/test/test_sylhet_0752.wav,ফরে আমি গোপাল টিলা খরোইন না আল্লা দিয়া নি গিয়া দিয়াই দিওনা মনে খরো কা তো যদি আমরা লইদি তো টাই মনে খরো জাগা না না আছে না নি ইতা তো রাজা
/kaggle/input/regspeech12/test/test_narail_0082.wav,না কি হ হ খবর কি তুমার তাই তো আমার খবর ওই বাবুরে ডাক্তার দেখাইতে গিয়া আমি আর ডাক্তার একটা দেখাইতে পারতে কিরে আনে দেখাই তে ওষুধ নিয়া আইসো
/kaggle/input/regspeech12/test/test_narsingdi_0096.wav,বাচ্চা করে যে তর এই মিস্তিরি কিতা গানের ইয়া টু জানে না ও আমরা চিয়ার তো তাকলাম হেই কইতাছি কম লাম দেহে মাঝে মদ্যে ভালোই লাগে ও আইচ্ছা রেডি গিয়া জিগাইলাম না আমি তাহলে মন থেকে এখানো দুধ তো
/kaggle/input/regspeech12/test/test_narsingdi_0062.wav,না তে সাত আট টা তাই ফারস না আমি রাউন্ডার তাইলে আমি সব ফারি ফারছ বালা ফারছ না স্যার এডা বড় খতা বালা খারাপ খরে আমি যেডি ফারি হেই আমার ভাবে ইন লেহা পড়া মক্কার ভাববা
/kaggle/input/regspeech12/test/test_sylhet_0658.wav,কেবল ইঞ্জিনিয়ার এখজন এখন ফার্থক্য খইন কিন্তু আফনের কিলান লাগে ফার্থক্য খইন মানে কিতা ফরিবর্তন দেখোইন
/kaggle/input/regspeech12/test/test_sylhet_0684.wav,তোর বাফোর বারো বাড়ি তাইন তাইন নি মানে কুন সময় যাইন ইস্কুল বলতে অইলে কতো টেস্ট খরা গিয়া আইছিলাম তারা ফরীক্কা সে ফিছলা আইছি জন্ত লাগে যেদিন বাফোর বাড়ি আর
/kaggle/input/regspeech12/test/test_noakhali_0016.wav,আর আর মিমা মাতি রুমা তিনশো টাকা আছে ইয়ানে আরও একটা বিশ টাকা খাইবো টিবেদে লায় না এই খালি ইটা দোয়ানের বাড়ি দিয়ে কি কয় তো গোলাফের একটা
/kaggle/input/regspeech12/test/test_narail_0147.wav,আগে জার্নি করতি পারতো না ই করতি পারতো না এখন জার্নি টামি সব করতে পারতিছে বুঝছিস তার মানে বুঝা যা তো ডাক্তার দেখানো পরে মনে হয় একটু ইম্প্রুভমেন্ট ওই যে
/kaggle/input/regspeech12/test/test_habiganj_0068.wav,তাদের খইতা আছে তারপর হসপিটাল আছে তারফর পাইয়া যাতি এখন প্রায় সাত আটটা অইবো ছুটো আসে আছে তারপর ওই আরেকটা ইতা না চা না চা দুই
/kaggle/input/regspeech12/test/test_sylhet_0145.wav,ওই যে না তো এস এস সি ডি মা তো বিনা না কি দিয়ে বাড়ি না
/kaggle/input/regspeech12/test/test_sylhet_0526.wav,লাইনের বিত্রে আছে ত অনে খয় আম্মা না ইয়া ফুরের বিত্রে গিয়া কিতা বর্ডিং প্লাস নেওয়ার ফরে আর খতো সময় ওয়েট খরা লাগে খনো গিয়া খরবা এনো আরো বালা হুম তাইলে আমার খতা ঠিক আছে এখন আনি এমন আর কি ইয়ো হয়
/kaggle/input/regspeech12/test/test_chittagong_0020.wav,কি তো তুর ফড়া লেখা কি আমি চলে হাঁ তোরা লেখা ন খই স্যারে কুলু কোনো কিছুই নাই এই যে পয়েন্ট খম হচ্ছি তো মনো মিক্কা নামটা নোয়ায় টেনশন ত আছি করি খরদে না আরে এক্কে ধরি
/kaggle/input/regspeech12/test/test_sylhet_0264.wav,আর তারফরে তো বার্সিটিত ফরীক্কা দিলাম ম্যাগমিটান টেস্ট রিসেন্ট টেস্ট দিয়া টিকছি টিকা ভালো প্রথম দিকে রইছি মেডিকলিস্টো তাখায় তখন
/kaggle/input/regspeech12/test/test_sylhet_0377.wav,কলা খরিয়া তো আমার যেমন দুইটা হেল্প করছে ফরে হেল্প করছে বলতে বাত্তা গুলা যখন ছুটো আছি ইতা তো আমার লগে আছিল আমি কাজের মানুষ থাখলেও মানসিক ভাবে শান্তি থাকতাম না বাটা কতা ফারা আছে
/kaggle/input/regspeech12/test/test_kishoreganj_0066.wav,আরে না তিনজন ফক্কে ছাও না কি ফারা যা
/kaggle/input/regspeech12/test/test_tangail_0101.wav,খুব ফুরা ইমুন না কয় বছর লাইন রইছে মানে হিন্দি তে কেউ তেখে মিল যায় তো তুমার মহব্বত তো মান লোক কুদা তুমার মেলা হ গেয়া রাগা না মিলে তো ধান ল কি কুদা তুন এক জান খরে
/kaggle/input/regspeech12/test/test_narail_0067.wav,সরকারি দেহি না চাই বাবার লইবো দেয় না তো আর গুনার কিনি দেবে চাল গা নাকি ঈদার পর্যন্ত ওই যে কতা টাকা দে আর গুনেছি হোলা তার যে কচ্ছে বেটি যে কি বাড়াতি এই ধারে ওই যে গুনে মানি ইটা উটে দেয় দে
/kaggle/input/regspeech12/test/test_narail_0173.wav,থাকা তুড়ি সারাদিন কাজ কয় গান খায়ে দেছে
/kaggle/input/regspeech12/test/test_rangpur_0015.wav,কবার পাই তো কন গো না কইলে তো না শুনলে তো মনটা খারাপ হয়া যায় গো এরপর তুই খানি ধান কি ধরি আসি কি কন্নে এই
/kaggle/input/regspeech12/test/test_kishoreganj_0190.wav,মাথা নি মত নি গ মাথা নি বড় টানি মত বানি বট
/kaggle/input/regspeech12/test/test_noakhali_0003.wav,ওইডি দি দি কি ও তা না
/kaggle/input/regspeech12/test/test_chittagong_0139.wav,আর ফরে এত বছর বিয়ে যায় যখন থাহে রাখার ইতি ন যাই তুরে ক্যান ফাটাতাম আরি খালি ইতা আল্লা বুলি ভাইয়া এখন তো কল দিয়া সময় ভাইয়া তো নামডা যাইতু মনে হয় যে না তে বের খতা যাইতু মনে অয় তইলে তুই যাছ না কি অইয়ে ইতার লাই বলি আঁর গুডি তারার লগে খতা খইলো
/kaggle/input/regspeech12/test/test_narsingdi_0079.wav,আইছে আল্লা কার করে না পিএসসি মজা মাইরা দিছি হুম ষোল আমারে পিএসসি ফরীক্ষার সময় আমি আমার অনেক টাকা সালামি দিছে কিন্তু লাস্টে আমি ফাইতে কি জানছ দুইশো টাকা দামের একটা ব্যাডমিন্টন রে মারে গেইছিলাম মা আমার ইটা খাতা একটা ব্যাডমিন্টন কিনা দিলা
/kaggle/input/regspeech12/test/test_kishoreganj_0043.wav,তো পারে উডার উডে টেহা দাম কাকা এমন ছবি তুলে পাবাইয়া যা কামলা এইডা আমি ফানি না ছবি তুলছি না পাপ কাডা কামড়াইবে কি ফরে তো ছবি তুলার লাইগগা ঠিক আছে ছবি তো সুন্দর খেত নামায়া দিছে তর লগে মু বন্ধুর বদলে তো না খেত নামাই দিছি ছবি না বা ছবি তুলতাছে এই যে ক্ষেত কামলা অহন টান দিতাছি উডানর লাইজ্ঞা
/kaggle/input/regspeech12/test/test_sylhet_0492.wav,ঢুকবে না কি খালি খরে তারা কিন্তু খরবেন মনে খরো অনেখ লেইট ওইছে ফারি টান রুজা রাখছে রোজা রাখিয়া আজান ফরতে একদিগে কিন্তু ইফতার খরবেন না একটু কইয়া কিন্তু বা দিয়া আমার অর দেখো আর না খরার না আমার ফালে গেছে না আমরা সিলেটোর ডাক্তার অখল ওইলে খইলে না পশ থাখো আমরা ইস্তারিও জিনিস খালি বাত আল্লায় কেনে বানাই ইটা কিন্তু ইলা আনন ডাক্তার আর সবার দোয়ানে মন মান
/kaggle/input/regspeech12/test/test_habiganj_0031.wav,ওই যে আমার ফডু যে সেল নাই সেলস ছাড়া সেলস থাকলেই কিতা সেলসোর মাইদ্যে যদি আমার তে ফিয়াইজ রে সুনা কি ইয়া করে খাই যে ইতা যেটা বাসন রাখি তাইলে কিন্তু আমরার ফডু এখন নিয়ম না ফডু টাইন ইতা পবিত্র জায়গাত রান লাগে এখন আমি কিতা খরমু জানালার তাইলে কোনো মতে রাখতি
/kaggle/input/regspeech12/test/test_sylhet_0525.wav,জানি তো বালা রাজনিতি মজার খতা ফার্স্ট টাইম প্লেন জানি আমি তো একটু একটু ইটে নানি হুম কিন্তু এমন তো সানি হচ্ছে ইয়ার পর যাইতে সময় আমি আমি ঢুইক্কা খইছে আমার ইডো আছে টিক্কার বা আমার খাছে না কি রে নাই
/kaggle/input/regspeech12/test/test_narail_0092.wav,বিদিশির কাছে শুনতি অবে বউ চলি শুনছি তাই তাইলে শুনুক মিয়ার কাকে পরে গেছে শুনতি আমার মন খারাপ হয় নিজি মাতুব্বর ওয়ার পিছনে এট্টা আলাদা বাবা কি তাই না নিজ
/kaggle/input/regspeech12/test/test_sandwip_0092.wav,তর কতা কয় যে আই অলা ক না দিলে তারফরে দিয়া দেও তাকে না না
/kaggle/input/regspeech12/test/test_barishal_0044.wav,হেইয়া তো মনে করেন চেয়ারম্যানের বাড়ি তুড়ি বিচার গেছে পরিষদের তরি তোগে আছে ওর বাপের বাড়ি যায়ে ঠ্যাংটা না দিয়া হেদিক দেদে গেছে হুইনতে ওহনে গেছে হেনে চেয়ারম্যান মোরে মনে করেন দিয়ে নিছে পরিষদে আমনে কি মনে করছেন বোজেন ওইয়া দা হয় ওইরম কিছু বোঝে না বিষ্ঠা
/kaggle/input/regspeech12/test/test_sylhet_0569.wav,ওইলে আমনে মানে কিতা ওইছে না আর অপারেশন আছে না কি সাতে কিতা বা খালিও মাতায় এক বেলা দারে খইছে মাতায় ঘুরানি একটা মাতায় গুরা গুরা ফরি গেছে না ফরে
/kaggle/input/regspeech12/test/test_barishal_0031.wav,সুদা ছোটো সে পালি ফোলে পাতা তিনডা পাতাল ওইতো না এ তো ভালো কইরে দিয়ে যে এট্টু তার কিতা খাই তো তো না লাগে তু খুনি দিবে তাইলে সিরিয়াল কথা কচ্ছি কি তর তিনশো টাহা থ্রি ইন্ডিয়া না হে কি তো না হু পাতা না ওই ছিনচে
/kaggle/input/regspeech12/test/test_sylhet_0012.wav,ঠাকুরে কুচা খাবাই খা ঠাকুরে ঠাকুর ইতা কুচা খরে কুচা গুজা খরিয়া ঠাকুরের তো বিদেশ বিধান মন তাইন তো আছে তারা তারা কুচা খাবো কুচা আছে কি ওইলে ফরে চাকরি অজু দেওয়া ওইবো অঞ্জলি দেওয়া অইলে
/kaggle/input/regspeech12/test/test_kishoreganj_0103.wav,বিশ ঠিক আছে ফানি ইয়া অইলো ইয়া অইলো সাদারন গান ইবা কয়দা তো ফাছার তিন করতো আট তারে অইলে কিনারে তার ঠিক আছে হ্যাঁ সাদারন গিন অইলো
/kaggle/input/regspeech12/test/test_narail_0012.wav,মানে এইটা পর মানে যাচ্ছে এইটে কই তে ঠিক পাই নেই যে আমার ধরবেন আরে কথা হচ্ছে যে বাপ মারে বাদ দি বাপরে দেহি নাই তার কথা বিশ্বাস করা যায় না হ্যা ও তো আর এহন এই সমস্ত কথা শুনলি আমার ওইয়ে যায় মেসেজ গরম
/kaggle/input/regspeech12/test/test_narail_0093.wav,ন মাতুব্বর আইছে তার গল্ফ ছিনে লাভ আছে তে যাই ও এই সমস্ত না আমরা নাই করি তুমি আবার এই সমস্ত কথা আবার কিছু মনে কইরা না দেহা গেলো ভাবলে যে ভাডি আমার কি ধরনের কথা কচ্ছে
/kaggle/input/regspeech12/test/test_chittagong_0130.wav,বালি তো হরি ছিল গিয়া ফারতে তাইলে হিয়া ফু আরে হদদে আর ন দে আই যা তাই তাকতে ন যাই আঁই মোরে কি বিয়ে হাই মনে করিয়া যে ম্যাককলাম
/kaggle/input/regspeech12/test/test_chittagong_0170.wav,হ আছে এবার মামার খতা ফুছর ন লর ফুট লর না কী হয় কী খইয়্যুম তো ইবারে ভালা আছে বালা ছুটো তা তো না ছয়
/kaggle/input/regspeech12/test/test_narail_0105.wav,আর করা হইছে করা অইছে ছয় এবার কয়দিন আগে একজন একজন নিয়া আসছিলাম ওরও টিউমার হইছেলো ঘাডে অপারেশন করিছি ঠিক হইয়ে গেছে তা তুমার ওইডা অপারেশন অপারেশন কলেজ সিস্টেম আছে কিন্তু
/kaggle/input/regspeech12/test/test_sylhet_0278.wav,তখন আর আমার বাইর তে খরছো টেখা না লাগছে না করার তখন গিয়া তার
/kaggle/input/regspeech12/test/test_narail_0043.wav,যেটারে অল্প অল্প জানি যা ওই যে ইডা খেলা কি কই দেছেলো তো আর শান্তি পুর বাবার নাম কি ছেলো কি কি অলো ওই যে কি দফাদার দফাদার
/kaggle/input/regspeech12/test/test_narsingdi_0112.wav,ছিলো না এর নষ্ট বেতন আছিল না মাডির ঘরো থাকতে হ হে বেতন রাতে
/kaggle/input/regspeech12/test/test_sylhet_0479.wav,মানে আমি তো খইতা ফারি না আমি দুই না খাতি মোরা না যে জানবার তা বাড়তি না মরতি ওখান খালি দি মনে খর যে কুন দিন খাছি বাত্তা কুনদিন ওইতে ওখান খালি যায় আর তার কুন দিন ফুন তাকি আমি খইতা
/kaggle/input/regspeech12/test/test_rangpur_0121.wav,হ্যা স্বাদ লাইগবের নয় এংকরের ডাইল বলে স্বাদ লাগে না হ ভর্তা দিয়ে খিলেইম ভর্তা ভাল হ্যা ভালো
/kaggle/input/regspeech12/test/test_narail_0052.wav,এক দাড়া খাই ছাইড়ে ফুতনি যাগা যাতে আমি কোনোদিন না টুকি মানুষে হইছো তা তুই এহনে একরে ভালো বিতরে তাগে বেচে ফাইলেও মাইসে দিবি আর তুই আর মাফি যদি বাদে বালি দিবি কবো আমি তোর জাগা বালি দিবি যদি তোর মদ্দি থাহে আর আমি কতি কুরার কালা আমার আইলে কই
/kaggle/input/regspeech12/test/test_rangpur_0022.wav,যার নামে দরকার হওয়ার দরকার ক্যা কী আনবে ভাগ ভাগ নিবে নাকিরে কি বা মাত তারা মাত না মাত
/kaggle/input/regspeech12/test/test_chittagong_0174.wav,গেই যে রাহিমে দিছুইন কাহিনি না বানাইয়া খাইছি দে আঁরা মু ফল এন্ডে ফুরা হইল্লা যার গর কল দি দি দি তো আঁরে ফুরা বালা বালা না লাগে দে এরি ইক্কা খরদে যাগোর যা গু আর আমি ফরতো তোরা দুনো তাহাইলে খইরদে এইল্লা তাইন ফারি
/kaggle/input/regspeech12/test/test_barishal_0021.wav,কতা না চার নিনা মানে এগুলি পড়বা না রইছে তা থাহে আনা না লাল মার ফিরলি না মানে নিবো হ্যা মুল ইল্লা মনে কর ত্যাহা বর বাদ নাম ক
/kaggle/input/regspeech12/test/test_kishoreganj_0044.wav,টাওয়ার টি দেকলে পরিচয় গেছে আবার এলাকা না লাগলে তো হুম দে মজা তবে গেছে বেডার গেছে হ হ্যাঁ হ হেই দামের দিন কি আইচ্ছা আমার বাইক্কা অস্তা অইতো না ভাই হ ইচ্ছা টিকের সামনে তো অস্তা দেন কইছে আর কি বিটা ছয়জন গেছছ না বেক্কান হ্যা গেছে মনো কি গেছে মনো বেডা তো কি হবে আমার তো হস্তা বাহে নামার লইয়া জানি তো হে লাখান কইরা হেইডা আছে না হ বানা হেডা লগে হে না কি মুজুরি
/kaggle/input/regspeech12/test/test_sylhet_0627.wav,তার ধুমার দেন হুম জুমা কাজ না তাই বইছে তাই মেডিকো দিছে আইচ্ছা তে থুবোবাইর যে বিয়া অইলো বুশরার লগে ইতা কিতা বা কিনি না ই না ই দেশ তাকি মোটামুটি আর আর ফছন্দ খরি
/kaggle/input/regspeech12/test/test_sylhet_0073.wav,একটা তালে পাশ বালতি ইচ্ছা খর নতুন তো বাত তো টেস্ট খরি আর বাদে তো বন্দু তো যাতে আড্ডা দিলাম ইক্কা খাইলে ন খাইলাম দিতা সামনে আর কোনো ফূজা ও তা আছে নে ই বছর চেয়ে বছর অন্যতম
/kaggle/input/regspeech12/test/test_sylhet_0263.wav,তো ইটা নিয়া কুনুদিন ছিন্তাও খরছি না তো যেহেতু ওতা নিয়া ছিন্তা খরছি না ইটা টোটালি সময় আমার একশো তিন ফইয্যন্ত আর ফিলি গু মাতার না দেয় আর যখন ওউ গেইট থাকি আমি বাইর অই গেছি এরফর তেকি ইটা টোটালি মাতা তাকি টারা ফেলায় দিছি
/kaggle/input/regspeech12/test/test_narail_0163.wav,মাঝে ফইড়ে তো বিছানাত তে উঠতে পারতো না কতোবার অইছি মাসে আমি ডাক্তার দেহে দিচ্ছি কতো মানুষ কাছে দেহে দি
/kaggle/input/regspeech12/test/test_sylhet_0223.wav,তারা মনে খরছোইন যে তাই তো ঘুরি ফিরি আমরার লাখান ওইবো তে তারাও টান্তা খাজের দিকে বাইরা টা তা ফড়ার দিকে আর আমার বিতরে তো ওইলো গিয়া যে আমি আমার নাম ফাশে একটা তাকি
/kaggle/input/regspeech12/test/test_sylhet_0601.wav,বালা লাগে কি কুন জাগা ফায়ার নি মানে আমি ছিন্না নাই ধারো যাইত খইতা মি মনির বদলাইতে না তুই বদলাইতে মাতার আমি মানে ওতো বা কইছে ম্যাডামরে গিয়া ইয়া ধরছি এরফরে ম্যাডাম কি হাল বুল ওই গেছিল গা মাতছে না কারন আছে ম্যাডাম কুনতার কিচ্ছু তান একটা কেমন আছলা
/kaggle/input/regspeech12/test/test_sylhet_0045.wav,বইন দিয়া তো মেইনলি সম্পর্কে টু হুনি কয়জন আগে আমরা ফমান বর্তমানে বাই বইন তিনজন আমার আব্বা আমার বাসা বেটি বালা তে এম্নে বাসাত মাত্র ন এমনে মাত ফাইয়া আমরা কিন্তু সিলেটি ভাষা বাসাত আমরা বাই বইন থাকে তিনজন বাবা মানায়
/kaggle/input/regspeech12/test/test_sylhet_0307.wav,টুটি পরে পরীক্ষা চলে দুই পরীক্ষার মাঝখানো করতে পারি দুইটা দিলাইছি ফরে আরো তিনটা রইবো না ঈদের টা বাড়ির আইমু ইচ্ছা ও সময় তাইন তাইও গেইটির গিয়া তাইন আমরা বাড়ির কামের রাস্তাত লইয়া আড্ডা দিলা
/kaggle/input/regspeech12/test/test_kishoreganj_0155.wav,বাতা ইয়া যাইবো না কিমন পাকা বাত বিটা হালকা গুলা ফির গে হালকা গুলা ফির গে পাকা ডালিম ছুটো ছুটো দানা টুক টুক লায় পাকা ডালিম দানা এইডা ক
/kaggle/input/regspeech12/test/test_sylhet_0747.wav,মানে চাইরজনরে দলা খরি আমি তাইন দরজা লাগাইয়া বিদায় খও নাকি হুম তাইন যেরা নানি এর বাদে খাইবা বড় বা আমি কাহিনি ও ইবা যার টফিক যতোটুক দিবো
/kaggle/input/regspeech12/test/test_sylhet_0308.wav,তো আড্ডা দিরা ফরে আমার বাই তাইন সময় বয়সী ফ্রেন্ড তো তাইন ও আড্ডা দিরা দিতে দিতে ফরে একটা বিয়া খরছ না বা এই বিয়া খরতাম তে তোরা দিলে তো বিয়া খরতাম হ তো তোরা নিয়ে তোরা কাইলকে তোরতে স্পেশাল দিয়া তে বিয়া খরলা
/kaggle/input/regspeech12/test/test_kishoreganj_0137.wav,কাঠাল কাঠাল আনা কাঁঠাল আনারস আমরা প্যারা পেক বাঙ্গি তোর মুছ লি পচুর বলে আর ডাম ডালিম ডাম ডাম বাতাস বাতারি বাতারি
/kaggle/input/regspeech12/test/test_kishoreganj_0012.wav,এইডা বাই কি অন্য দিকে নাকি কোন দিকে করাইছে দে কাছে নাকি ও এই যে কন কেনে কতা কি কি কুদানি কিছু কুনডি কি দিকে এই লাই
/kaggle/input/regspeech12/test/test_sylhet_0484.wav,ওইরখম ওইতো না আমি কুনু ফাইয়ার না আর ফালি আমি দিয়া তাখতাম হোক ফড়তাম একলা তাই সব নিয়া গেছোইন বাড়ি আর সাত এগারোটা দেই না ও তো একলা একলা তাইরে আইজ্জা তো তারার কারে যাইবোগি তারার তো পড়া লক্ষ্য খরিয়া কাম লাগে না এখন পরে যদি থাখো তে ওখন গরতি ফারি আমারে মাদ্রাসাত পতিবা কুন ক্লাসে ফরে তাই মনে খরো দ্বিতীয় শ্রেণিত ফরে
/kaggle/input/regspeech12/test/test_sylhet_0108.wav,যায় না তে এম্নে মানে ছুডু থিকা বড় ওয়া কুন জায়গাত্তে মানে আর প্ল্যান খইরা গে এই জাগা ই ছাতা আরাম আমরা ইয়ো নিরাফা পাক্কা দু কুকারে সামনেও নাম
/kaggle/input/regspeech12/test/test_sylhet_0408.wav,এখন তো তাইন পুকুর বন্ধ খরি এখন তাইন নানা বাড়ি তাকি আমার আম্মার বাড়িত তাই বেডা ইস্কুল বন্দ আছিন ফরছে না এখন তো ইস্কুল ইস্কুল স্টার আছি অখন যাইতো মায় খালি ফোন গরের বাইরে নিয়া দেও ইয়া ফোন খরা এখন আমি লইয়া যে ইরামে আমি এখলা ডরাই আমি তালা তাইলে খরি আমার সময় খাটাই দিন খাট
/kaggle/input/regspeech12/test/test_sylhet_0124.wav,মানে তা দিয়া ও না আছে তারা বিয়া সাইতা তারা টিন দুলা বিয়া সাদা তারা বাড়ি ঘরো কিত্তি সিলেট নাই তে ইখানো যে খাম খরোইন ফুরিন্তে কিরখম ব্যবহার খরে আদরটাতো খরেন আছে
/kaggle/input/regspeech12/test/test_chittagong_0142.wav,ওই যে ওই ইতা খালি যায় বাবা বিডিও এডা ছবি ন যা খার না সময় ছবি রাখতা খরদে বাই তা আছুনা ইতারা আশি খরলে ইতা খইতে শুদু যা তারফরে আর মত নষ্ট অইয়া বালা কিতা তিন নাম্বার দে ইতে খতা খয় দিছিন খালি আর কিছু বউত মাইরা
/kaggle/input/regspeech12/test/test_chittagong_0063.wav,তুই ডাখাত তুন খরতে অবে ন জানি আর কি মরবা নাই গি উইজ্জা না তো এই না কোন অবসর নাই এনে কন ভাই আঁই ন জানি এ মানে খয়দিন খতা খইলি তারফরে নন্দবু আর আর দাদাও খইয়া দালাল নম্বর অইবো
/kaggle/input/regspeech12/test/test_rangpur_0084.wav,ওই যে এই দিনোত শাহিন আর ফিরুজ হুম ফিরুজ একনা এক্কেরে গোটালে উয়্যার বাপের মতোন ধরন গরো কতা বাতরা চলা ফিরা মাইনষের তো ট্যায়া করা ওইটা আতে আর শাহিনটা হইচে দুনিয়ার মুক মোন্দা
/kaggle/input/regspeech12/test/test_kishoreganj_0156.wav,টুক লাল ছুট ছুটু রানা টুক টুকে লাল পাকা লিমিট ডানা টু টু ছুডা টুক টুক কেলা পা কাডাল মদ্দে রানা টুক টু কেলা বা বুর ভাগ পানি যাবার কত ভাগ পানি হ
/kaggle/input/regspeech12/test/test_kishoreganj_0149.wav,আচ্ছা ফুনি ফারে কিছু না গাছ যে আইচ্ছা কুনডি বারো দিছে না কাওয়াইছে ক কুনডি বারো দিন কাছে কিনারে ব্যব দোয়া ক ক খা না দুয়া কুনডি পানি দুষে ফরে হয়
/kaggle/input/regspeech12/test/test_chittagong_0110.wav,নাইম আপু রিকোয়েস্ট পাটায় দা আফুর ছিলাম তো নাই মাইডি এক্সপার্ট গরি এত্তে হইজজা চলছে তো এনে আপু কিল কি ইয়আপুফাদদেত ছারি আফু ইয়ে হবে সবাই নাই কি ইগু সুন্দর গরিয়ারে গিয়া গরি দি
/kaggle/input/regspeech12/test/test_barishal_0075.wav,না হিয়া কওন যায় ইটা তো খায় না ইয়া এই পাতা তো তিনি কিন্তু এই প্যার যে এই কাম হয় না করতাম না শঙ্কর কুকারে ঠান্ডা ওইয়ে যে খাইছে পাতলা পাতা আর মুই ওই যে টেলু গা কালা পাতার কাতি ফুল ঠান্ডা কি কার যাইয়া ইয়া করে দিয়া খাওয়াইবে ক
/kaggle/input/regspeech12/test/test_sylhet_0743.wav,খানা খাই খালি বাইরে খাইতাম না ওটা লাও খাইতাম নায় খলেজো যেরা তারে ওরা গা
/kaggle/input/regspeech12/test/test_comilla_0031.wav,আমি দীর্ঘ চব্বিশ বছর বাহিরে ছিলাম সৌদিতে আমারতে খুব ভালো লাগছে প্রতি বৎসর বছরে আমি দেশে আসার চান্স পাইছি মালিক আমার খুবই ভালো ছিলো আমার খুব মানি লাইক করতো
/kaggle/input/regspeech12/test/test_narail_0071.wav,ও জাগা ওই মেয়েরা খতজনে খাইতে অবে না ওই ডেবিথাহে তারপরে ওর ওর যে বহুত বাগান টাকা না নিজস্ব বাড়ি থাহি গা সামনে ও বাড়িতে না ও বাড়ি তো জানো বা কাহিনী জানে
/kaggle/input/regspeech12/test/test_sylhet_0250.wav,ও যারা এক তীর বাদে আইয়া ধরছিল তারা আটারোর বাদে আইয়া খরতে ইবেন সবচেয়ে মজার ব্যাফার কিতা জানোইন আমরার পাটের গ্রামো এখটা টিচার আছি ও টিচারোর বউ ডি ফাশ আছি হাউজওই আর বইনও এখটা শিক্ষিত
/kaggle/input/regspeech12/test/test_sylhet_0155.wav,ইতা ইত্তা জানতাম আরকি যে আগের দিনের সাতে এখনের দিন আর কিতা কিতা পার্থক্য আফনারারও তো এখ সময় আছিলাম আমরা মানে আছলাইন ইটাই খইতাইন আফনে তো খতা কি জানো দেখছুইন ইদিনো দেকতাছুইন কিতা কিতা পার্থক্য ইতা মানুষ লেখা ফরে গিয়া খবর হুনতে ফনেরো দিন বাদে তো
/kaggle/input/regspeech12/test/test_sylhet_0389.wav,না মাতরায় কোন সময় মাতরায় তোমরা কর কি তুমি রুডি চোখ করি পড়ো চকে ফারি
/kaggle/input/regspeech12/test/test_sandwip_0015.wav,ক ডিমেরে দেড় কেজির বেশি গুলা ডিমও অই গেছে ডিম ডে কি মনে ইয়া মাছ কিনছে টিমে আজকে আপ্পু ফরে ক মাছেরে কচা লইয়েরে ডিমেরে একদিন দি পরা বানাইছে আরেকদিন
/kaggle/input/regspeech12/test/test_sylhet_0325.wav,মাঝে মধ্যে যখন ওই কারেন্ট একটা কারেন্ট ওয়ার্ল্ড বা নতুন কুনু এখটা বই বাড়িলো বা ওই যে বিষ্টি আছে কুনু এখটা নতুন বাড়বে হিডি বের খেলি তাইন ইতা আমি আর রাখি দিতা আর আমি কাগজ খরিয়া যখন টেবিল নতুন বই ফাইতাম তখন আমার মনো ওইতো যে
/kaggle/input/regspeech12/test/test_sylhet_0725.wav,নাম আইবো বাত অইবো ইয়ান আমরা গায় খয় ইতা কি হরতাল যায় ফরে বাড়ি গিয়া খানি তুমরার যেখানে দামখান সেন্টার অইছে না খানি
/kaggle/input/regspeech12/test/test_sylhet_0143.wav,ফরে বাড়ি না কইরা তো তাইন তো আমার বাচ্চা কাচ্চা ওজন খইন কিতা কিতা আছে আঞ্চলিক বাজে না তুই যেতা এমনে বাদাত মাতোইন কি এম্নেই মাত্তেই আমরার যেতা
/kaggle/input/regspeech12/test/test_sylhet_0447.wav,ইখানো ওই যে এখটা খতা তাকি তাখা যে গিয়া না মানে কুনু করো থাকবার যে মতো নাই তারা না তা না যা দেখি খুবই
/kaggle/input/regspeech12/test/test_rangpur_0130.wav,তাইলে আরো অন্য কিছু করতে পারো সেটাতে কোনো প্রবলেম নাই তো আমরা যে জায়গাটায় আচি এটা হচ্চে আমাদের সেরা একটা জায়গা ইটা ঠিক আছে এখন তাইলে ইয়া তোর নাম তো মুই জানোং তুই বেলা তোর নামটা এখনা কতো তহন কী নাম তোর
/kaggle/input/regspeech12/test/test_habiganj_0005.wav,বেশি খরা দেখলেই মনে বেশি মারা তো মানে মানে না বাফরে মনো ঢকা বেশি মারে মানে না বারিতো সারদে দেখা গেছে তইবো না তাইলে মেয়ে খতা খইবা আর ইটাও একবারে বেশি ওতো বেশি খরা ওই যে কা ঠিক না মা মা মা ন
/kaggle/input/regspeech12/test/test_sylhet_0062.wav,বান্দবী এরা খারাপ আছলা কয়জন গেছোইন তো সে নতুন ধরতি কয়ারা তে এখন মিলি বান্ধবী আস্তে নি কেবল দেখতে তারা লোক ইট্টু কইন
/kaggle/input/regspeech12/test/test_sylhet_0218.wav,মোটামুটি এইট নাইন পর্যন্ত ফড়ি দিছি তো ফ্যামিলি থিকা খইরা যে মিনিমাম এসএসসি টা খরিলায় আর তখন ওইলো গিয়া প্রাইমারি ইস্কুলো এপ্লাই খরার লাগি যোগ্যতা আছিল মেট্টিক ফার আমি টার্গেট লইতু মেট্রিক টা ফাট খরিলিলে
/kaggle/input/regspeech12/test/test_narail_0090.wav,তুমারে একদিন আমি সব খইলে কবানি এই সংসার তো সাপ্তাত যেদিন সরাসরি কথা কবার সেদিন তুমারে খুইলে কবানি অনেক কথা কলি দেহা গেলো তুমি রেকর্ড কইরলে রেকর্ড করে কটা নেই
/kaggle/input/regspeech12/test/test_sylhet_0535.wav,দেখাইয়া ওইতো আমরার সিলেট খর কিতা আছে না এরফরেও খরো না ফুইন্না না না না না না কিতা কুন দিন আই আই আগে আইয়া আইতা তারা বাড়ি বেশি
/kaggle/input/regspeech12/test/test_chittagong_0045.wav,এরা আঁই কিন্না থাইক্কুম হ্যাঁ ইতের বড় ন হ তো ওই দিন খাল ক্যান চলের দিনকাল দিন চলে দেবো ফিঙ্গার হেয় হেয় বাসুন উন অহন বাসুন নাম ফরে বিয়া লাগছি না কা ন আরও গাও তোর গাছে ফাল্লা
/kaggle/input/regspeech12/test/test_sylhet_0182.wav,পরে কাহিনী কিতা বান্দরে ইয়া খামাইল্লার দরে খতো টেখা লাগে মাইনষে খামোর মাল ই চালটা টেহা না ইয়া বুনাইলাই যাই উনো দে
/kaggle/input/regspeech12/test/test_sylhet_0755.wav,আর কেউ যায় খরোইন না নি গরু খালি ফুরা খ মনে খরো বারে খরে না আমরা তো যাই না খরে বা মাছ ইকটু আফনারার মানে ফুজা মধ্যে আবার বিবাহিত বিবাহ তারার মাঝে তে
/kaggle/input/regspeech12/test/test_chittagong_0163.wav,তোরার তো অনার্সে মাইজ্জি কবির কি না ফাই অনার্সে তহন টিয়া লই আঁই টেনশন পরিবার না চোট্টামি আনে বারতাছে না আর করছে ফইলা আরা দালান নি টিয়া যেরে যদি বুঝছে বুঝি ছা
/kaggle/input/regspeech12/test/test_habiganj_0066.wav,মা বালোই লাগে পুলুট বেশিরভাগ কুল গাছ আমার ভাল্লাগে
/kaggle/input/regspeech12/test/test_kishoreganj_0171.wav,ডাইল কি এই তো মুগে ভিতর রাতকে তোর মাঝে তা কাকির বিত্তি
/kaggle/input/regspeech12/test/test_sandwip_0044.wav,আল্লাহ ভাবি আঁই খা ওর হাই লাগে অত টামাল আরে বন্দ খাও ফাইনা বইলে ও তো মাইয়া বুঝাইদে রাইফেলি মাইয়া তো মাইয়ার মাতা দা ফুরি গেছি হোক মাই তিন বা বেজার একবার আ কুচ না আঁই দুইবার তিনবার আঁর ছুটি
/kaggle/input/regspeech12/test/test_sylhet_0384.wav,পাত্মীয়খোজনো আছিল না বাবির বাফের বাড়িত থাখতাম বাবির বাফের বাড়ি আছিল শহর টিকি এখটু দূরে কিন্তু আমরার বাড়ি তেকি খাতে
/kaggle/input/regspeech12/test/test_sandwip_0066.wav,আইও আইজ্জা আতো আমার পোলায় যেগুলা পাহিবাত ভালো লাগে না হরে আছে আমার বইন জি করিলাক্কা ভালা লাগে না এইতা হেড মা আছে এডে মা আছে ব্যাক আছে তো ভালা লাগে না ক্যা
/kaggle/input/regspeech12/test/test_kishoreganj_0146.wav,আগে কালো তে বাদা নি হ নে না লাল লাগবো সৌদির মইদ্যে করতাম এইডা করতাছো লাল ফাছ সবুজ সবুজ মজা অইলো ফরে কবে এই ফড়ানি কতা না বাঙ্গি সুজন কি বাঙ্গি সবুজ মানে তবু তা
/kaggle/input/regspeech12/test/test_rangpur_0123.wav,এই রমজান মাসে যে পাট শাগের যে দাম সেদিন ফিরোজ বেয়ান নিয়ে এত্তে তিরিশ টেকার পাট শাক তোর হাড়ির তলাতে পোড়ে না হ্যা হ্যা আর তুই পাট শাগ আনবের কস
/kaggle/input/regspeech12/test/test_sylhet_0613.wav,ওয়া আইছে আর এখটা প্রাউড মারিয়া আস্তে বাটি কিতা স্যারে ফাইয়া ফরে খইরা যে আমি প্রাপ্ত স্টুডেন্ট তো আছলাম আমি ওত্তো আছলাম এরফরে মাততা ছাছি স্যারে বেশি আরেকটা মেবি আইছলা তাইনের
/kaggle/input/regspeech12/test/test_sylhet_0444.wav,সুবিধার লাগে মানে ছুটো বাইত তাখে ওই গেছে বাড়া সুবিধা বালা মানে বাইচ্চা খাইচ্চা লইয়া যাইতে ফারবা মায় এখসময় গেলা না এখসময় বাইত তাকি নিজের ইচ্ছা মানে ওউরখম সুবিধার লাগি আরকি দিকে গেছি তবে নিজের বাসা কিন্তু বাড়া
/kaggle/input/regspeech12/test/test_narail_0007.wav,তাই কি এই যে তর তোক কিনি কই যে আরেক মিয়াক নিতে আমরা দেখতি তো জান ওই আলোচনা ওইতে থাকতাম তাই খও ওই অনেক কিন্তু খইলাইন এ বড় বড় ভাই বলে কইছে টাকা পাঠাইছে বাবা চিকিৎসার জন্যি
/kaggle/input/regspeech12/test/test_barishal_0010.wav,না কত নে মা রা যে কি কয় ইতা ইতা মানে আস্তে আস্তে মরি যাবার লাগে আঙ্গো লগে এট্টা ফোলা আছিল নাম অইলো আরিফ হ্যা ধর আইলে টিক কি শুরু করতো
/kaggle/input/regspeech12/test/test_sylhet_0417.wav,তে থাকি মনে করো এক ঘন্টা বড় মানুষের ফর তাও বুঝরা এরফরে ফুড থাকি ইতা ইতা খাওয়া ফরের তোমার গই বইতা পারবো এখন থাকতি কিন্তু প্রায় দুই বছর করোনার সময় ডেলিভারি ওইদে করোনা থাকলে যাইয়া দুইটা বছর কুনু বাংলারে কোনো চিকিৎসা নাগবো
/kaggle/input/regspeech12/test/test_sylhet_0140.wav,তো কিনা লাগে নি মাত তানাত মাতা ওইছে তালা খালারা টা স্থানীয় নিয়ে খতো বিতর ইয়া আফনারা সালিশি টিক থাকি মানে আফনারা ছুটি থুলাটি যে ক
/kaggle/input/regspeech12/test/test_narail_0115.wav,তুমি কী বলো আমার আমি যখন টিউশনি করতাম তখন আমার ম্যালাডিক এডমিশন ফ্রেন্ড তাদের কি পাবলিকে সেন্স ফাওয়া দেয় কিভাবে নানি চান্স ফাওয়া দেয় কিভাবে যেলা ইস্কুল পরীক্ষা দিয়া তে এই সমস্ত জিনিস আমি বারো জানি আমি নিজের প্রোগ্রাম সমস্যা নাই
/kaggle/input/regspeech12/test/test_habiganj_0112.wav,ক্লাস তো সব সময় ঠিক মতো ই অয় অনেক সময় ফোলা ফাইন আবার ফুল গাত তো বারোটার তিকা ফাছটা ফর্যন্ত তো ফুলা তাই অনেক জন আছে মানে যায় না আরকি মানে ফাছটা ফর্যন্ত একটু খষ্ট অই যায় দিন কাজ করে আবার অনেক জর বাইত তো অনেক দূরে থাখে গা
/kaggle/input/regspeech12/test/test_narail_0176.wav,ছয় ন কোন জায়গা মার সিং হ্যা হয় অন কনে
/kaggle/input/regspeech12/test/test_sylhet_0624.wav,খুব ট্যালেন্ট আর আরেখজন না নিয়া তাইন আবার তোরে ছিনা আমরারে পিএল র ফ্রেন্ড ইসির আরকি দেখাইরাম আফনারার ব্যান ফরে নিয়া তাইন ফইরা আমারে দেখাইয়া না মেম তারার
/kaggle/input/regspeech12/test/test_narail_0123.wav,সাইন্স পার্সেন্ট মার্ক তার মা মা মা তার মামারে সবাই ভালো ভয় এই বুড়ো হত্তে শুরু হরে গুরু সবাই ভালো যায় তোরে আগের দিন তোরে আগেরদিন কান্তারে নিয়ে যাতি দেখে সে আমাগে রাহুল যাইয়ে তাই আমারে বলতেছে জানো বই দি জন্নি বিছেন দেখলাম ফুরা পড়া এট্টা মেয়েরে নিয়া ওইদিক যাচ্ছে
/kaggle/input/regspeech12/test/test_barishal_0057.wav,তার কি খালি পেশা রিপইন্নার হাইতাম এই তো রিপনে কিন্তু অনেক কষ্ট কইরা চলে হেয়ারপরও বাজারে গেলে মনে হয় ওই বাবা লাখো পাতির ঘরে পোলা চা পাঁচ সাত জন রে সাতটা অর্ডার দিয়ে রে এডে বোঝবে না যে আসলো কি মোর
/kaggle/input/regspeech12/test/test_kishoreganj_0065.wav,না তা ফাইতা কামে কামাই আমনে তাখা আছলা দেখছুইন দেখি কিতা নিবো মনে গুনে ক তোগে তো অন নে গা আইন্না হ ফালতারে কেউ নাহ হ্যাঁ না
/kaggle/input/regspeech12/test/test_sylhet_0477.wav,ইতের কুনতা অইলে বাইত সব তাখলায় আরকি তো আমি নিজে জানে আত্না ফতির বাসা বাড়িতে আর কিতা মানে ডেগ বা খেলে যে বিনো বিত্রে বুয়ায় না এখবারে কাল ডাইল মাস তোর খাটি যাক বাক্কা থাকা মাত তাক মানে জিনখাটিয়া গিয়া ফ্রেন্ড গিয়া এখন তো
/kaggle/input/regspeech12/test/test_rangpur_0007.wav,তো কুনদিন কইছো হ্যাঁ সে ডি ক গুলা আলা বলা কর না ছাগলা বালা ভাই কই যেতা কন্টেন যে করে আছে
/kaggle/input/regspeech12/test/test_sandwip_0005.wav,আম কাডল ধরা ইয়া আছে ছলাছল তারপরে দুগে ছে এন্নে বেগগিন চোটলো আর যে চুরি বইত্তে ভাগ নানে ফরটা দরকার
/kaggle/input/regspeech12/test/test_narail_0077.wav,ওইগুলো তো হইয়েই যায় ওইগুলো নিয়ে কোনো বিয়া তো ইয়া তো বিয়ে দি ওর্ডার বিয়া ইতে হলো ভালো জাগা সে বিয়েতে আমরা ছিলাম কাগে সাথে বাড়ি খাতের বিয়ে টি যে খালাম থে মায়ের বিয়ে ডিপ হয়ে গেছে বড় মেয়েরা
/kaggle/input/regspeech12/test/test_kishoreganj_0119.wav,হাপের কি হাপের গাছ খা হাপের কি গাছ খা গাছে খা না হাপের ঘাটে খায় না আবার ওই যে গাছ ফুড়িন কি বিয়া করি না কি মোবাইল ল ল
/kaggle/input/regspeech12/test/test_chittagong_0019.wav,আঁর ফড়া লেখা কইরতাম বইলে খইদে আই দিয়া গম গরি খইবু গম গরি ফইরগুম মানে গম গরি অইবু বই অইবো খুলি লইয়া আর কতো মন ন অয় মনে হয় তো আঁর খতা ও মোবাইল দিবু এ মোবাইল তো আঁর জীবন না চেইঞ্জ গরি দি তা না খাতা বানাই ফরি ওইযে আমনে খই মোবাইলের খতা
/kaggle/input/regspeech12/test/test_narsingdi_0125.wav,বা ভাইয়া হ্যা গুড নাই তা অহন কত না কেরে অনে গড গার্ড গা না অন করে দিয়া যা এইডা যে কিমনে এডা গন্দ বার অয় না গন্ধডা ভাল্লাগে প্রতম প্রতম এই প্রেগ্লেমসটা খুব করা লাগে
/kaggle/input/regspeech12/test/test_sylhet_0543.wav,আর তার নিগা অবস্থা আমনে তার ন তো বেশ শাল্লা যেদিন তো ওনো আছে যাই খরি মাহ্দুরে ফড়াইতো আর আইছে আমিও বারোইতে ফারলাম না মনে তাকি গেছে তার তার অভারের কিতা অবস্থা সবতা লইয়া
/kaggle/input/regspeech12/test/test_habiganj_0002.wav,দশ বারো দিন তান দিয়া ওইয়া আছে গা না তান দিলে আমি শহর ওই যে খারন তানজি তো মাইনর মানুষ আমি খাইতাছি না খইতা থাকা ছাড়া আর কোনো ক্লাস একবারে লোকরা কেরে যায় না
/kaggle/input/regspeech12/test/test_narsingdi_0021.wav,খালেদ আছে তাসকিন আছে সমস্যা নাই প্রেসটইনিউটে খুব ভালো আছে এর দিকে আবার ওই যে হাসান মাহমুদ আছে ইনজুরি থাকা ওই ঠাও খুব ভালো যে ইংল্যান্ডের সাথে তিরিশটা খুব ভালো বল করলো একশো সুমন ছিলো রুবেল ছিলো চাইর ফরদিন ছিলো
/kaggle/input/regspeech12/test/test_tangail_0008.wav,ফ্রেডিয়ারমেডি এক পরের প্রেম পড়ে আর আসলে একটা পোশাক নিয়া কনভার্সেশন থাকে ওই সময় ফ্রেডি আর মেডির একটা আরকি কনভার্সেশন থিকাই ওরা ই ফ্রেম পড়ে এভাবে অনেক দিন যায় এদিকে ফেড নতুন বেড নিয়া আরকি
/kaggle/input/regspeech12/test/test_sandwip_0115.wav,হে আর কিরবো হে হেইয়া পাকিতে পুরা বছর গেয়া তো কইয়া তে আর কি একটা আর হেইতা তো এন্নে খেল্লে হাস করি হারে লইবো হেই হেরা কম করে ভালো স্টুডেন্ট যেগুন এগুরে হিসাব অইছে হয় ভালা কইতে বা না অইলে ছাড়ি যাইতে অইবো এগুন হিসেবে বুজে
/kaggle/input/regspeech12/test/test_sylhet_0189.wav,এবং আমি ক্লাস এইটে উপার আগে বড় ভাই তিন মেয়ে কাজের কইতাছি দুইজন গরো লাগে তো কবি ফরে সে টাইম আমি এইটা খও বাগছে
/kaggle/input/regspeech12/test/test_kishoreganj_0205.wav,দুই ছাইর এর লাইজ্ঞা তারা না খাইতারবি বাদে
/kaggle/input/regspeech12/test/test_sylhet_0232.wav,তে ফারের লগে আমার বউয়ের পার্থক্য আমি মাত্র মেট্টিক ফরীক্ষা দিতে ইয়ার হুট স্যার অলরেডি টেস্ট ফাস খরিয়া ফরে আমরা শেষ খরিয়া ছাখরি খরা দলা খরো বক্করের গিয়া বইন খমপক্ষে না তে ইতা দেখিয়া আমার ভাই আইতে বড়ো যারা তারা সিদ্ধান্ত দিলাই বা হুট যারা এরা তো দরো সিদ্ধান্ত দিতা ফারোইন না কিন্তু মতামত তো দিতা ফারোইন
/kaggle/input/regspeech12/test/test_tangail_0057.wav,যেডা আসলে কেউ আসলে বলা যায় না অর্থাৎ মানে বুঝাইছে এরকম যে আপনার প্রিয় জিনিস অথবা প্রিয় মানুষ যারা তো আপনার অনেক দিনের সম্পর্ক সে হয়তো চইলে যাইতাছে কিন্তু একটা সুন্দর গুডা হয়তো
/kaggle/input/regspeech12/test/test_rangpur_0031.wav,আগে অইলো পুর বইলে আসতি পারে না এ লাগে হরিপুরত গেইনো ওই যে মাটি ফাইল করতো চাইল করি আডা ডাইল কইছে পরে নাম হ হ যে গুলা না দেশের ফাটা তেল নাইরে তাকতে ক্যা থাকবে না লোকে কথা না তার বাইত টাউনে
/kaggle/input/regspeech12/test/test_sylhet_0625.wav,ফরে না অপিরে দেখাইয়া আরকি খইরা গরে তো নিয়া যায়া খইরা আফনারার বেছন নি ফরে তো নিয়া খইরা আমাগে দেখাইয়া তারার বেচতো ফরে আমারে খইরা খুব বই বাইর ওইবো মানে আরেকটা
/kaggle/input/regspeech12/test/test_barishal_0063.wav,পঁচিশ বছর হিসেবে পঁচিশ বছরের উপ্রে নে ঘুরি খাইছি হেইরপর আমি হঠাৎ একদিন একটা ছাকরি ই দিতি হেই হইতে রাইত পর্যন্ত একটা বিরতি আমি টান দিনা খালি কইছি আই তো হইতে খাম হয় এই শ্যাষ হেই আইতি আর খাই নাই
/kaggle/input/regspeech12/test/test_tangail_0107.wav,এ উরম তুই কী দেখতো আজকে নিউ ফিড বাকি পেপার পড়তো হ সকালে তো দেখলাম বঙ্গবাজার নাকি কী অইছে জানছ পিছ তুই জানোস না ওইখানে মোটামুটি তোর সাড়ে তিন হাজারের মতো দোকান ছিলো সবগুলা ফইড়া গেছে একদম থাই কি
/kaggle/input/regspeech12/test/test_chittagong_0146.wav,আইচ্ছা আর খই ইয়ার ফরে দি গরি গেলে ভাঙ্গি গোয়াইন খইন গোস্ট অই যাইবুগু গুলি এই আর কি অবস্থা আজও ছবি ছবি বেগগিন দেখার বুঝো
/kaggle/input/regspeech12/test/test_kishoreganj_0062.wav,তা তোর বাফে টাকা অনু গেলো আম্মার আর গিয়া তোর বাড়ি দেহা গেলো আব্বা গাছ ফরতাম ফুকে তা পাতাম না আমার আমার কইছে না মিতা না আমি তো ফুরায়া দিছি যেডা কইছি না জাগা কইছে জাগা তো কইছে ফক্কি তা তর তুই
/kaggle/input/regspeech12/test/test_sylhet_0313.wav,এ বেডা তুমি এবি কাইট্টা ইতা নিয়া আসলে পানি তাকাতি তো আর সকাল বেলা উঠিয়া গেছোইন গিয়া তারা বাজারো দিয়া ও তখন শহরো আছিল বাই বারটা তখন সব কিছু আনা ওইয়া গেছে বাইর বাসাত
/kaggle/input/regspeech12/test/test_tangail_0088.wav,বলিউডের অন্যতম একটা প্রভাবশালী ডিরেক্টর সন্দেহ ইলা বানালি তার তৈরি আর রবি কাপড় তো রনবিরকাপর এইডা প্রথম ছবি ফরে ছবিতে সালমান খান সুনাম কাপড় রানী মুখার্জীও আছে মেইন ক্যারেক্টার আছে এই চাইরজনের
/kaggle/input/regspeech12/test/test_tangail_0110.wav,চকরা ঘুরে যারায় কাপড়ের দাম বাড়াইতে আমার জানি কার নিউ হেডে পাতালি আমার মনে হয় যে একটা জাগায় জাস্ট একটু দেখায় যা গুরাতে বাকি মার্কেট চকবাজার আমি বঙ্গবাজার আগুন লাগার ফরে যখন ইউ মার্কেটে গেলাম আমি একটা পেইজ খরলাম যে নিউ মার্কেটে কাপড়ের বাইরে গেলে
/kaggle/input/regspeech12/test/test_sylhet_0437.wav,খই এখটু দরো না এখটা বাতরুমো যাইতাম ফরে তাইন এখটু দরিই না গিয়া ওই ফর এখন খালি গিয়া যে ক খরি কইরা ফরি গেছে আইয়া ডাক্তারে বারছ না ইটা দেখানি আন্দার কি গুদ্রত আর তাইন বুঝিছে খান্দা মাজে হইয়া গিয়া ও মসজিদো
/kaggle/input/regspeech12/test/test_narsingdi_0119.wav,বাই কার বাবায় তোর খুইজ্জা গেছে দুই তিন মার্চ ইতে বা কি না গান এই কি রে তো আমি প্রথম বা থুমু তোরে হাইড খরতাছিলাম যে বাবা হেই গান গান আবার বাবায় যাইতে বলে ফরে আবার কি
/kaggle/input/regspeech12/test/test_barishal_0082.wav,প্রকট হয় ওই দিন পাঁচটা রায় সেই সময় এই আর মায় তো আর এই গাছের ডাম অর গরম এই গাছের কামে মুই বিশ বছর তৈরি জরাই না বিশ বছর এই বিশ বছরের মদ্যে ধরেন একটা না করতি দশ বছর পড়ছি ফায়ে ফায়ে
/kaggle/input/regspeech12/test/test_sylhet_0187.wav,বেস্ট বেলা থাকি আফনার অখন মানে ফ্যামিলি আছে যা খে খে কইন দে তে ঘরে অইয়া দিছি ও ফ্যামিলি ইকটু ঘরে আসলে কারণ আছিল
/kaggle/input/regspeech12/test/test_kishoreganj_0105.wav,কাইদ্দ হুম হে যে পুকা মার উদ্বিদকে বেইচে থাকে পুকা মাক উদ্বিগে বেচে থাকে পুকা মাকর উদ্বিগকে বেইচে থাকে এই যে আমরা এই আমার
/kaggle/input/regspeech12/test/test_sylhet_0722.wav,তা জানি না তা একসাপ্তা লাগে না আমার একটু খইন কাহিনী খই আফনে বিয়া থাক দি ক তুই ফরে ফয়লা ওয়া লাগবো দেখা তার মানে ঠিক ঠাক এরফরে তো চিনি ফান ওই গেলো না চিনি ফান বাদে কিনি ফান কিতা খরে
/kaggle/input/regspeech12/test/test_narsingdi_0083.wav,এইডা এইডা লাইফে হচ্ছে বের বুলে ছুডু বের আগে ইয়া দেওয়া ফরে তো এই লাইগা আরকি সব আমার লগে বড় বড় বড় বড় বড় বড় মাইয়ারা খরতো দৌড়ে আনতারছি না কুনু সময় বাদে তোর ইদের দিনের প্ল্যান কি
/kaggle/input/regspeech12/test/test_chittagong_0165.wav,কিতা দি ছারি আইয়ে তোর বলে সাদিয়ার মা ঢাহা গেই যে খইয়্যি হয় তার বলে পাঁচটা বাজি উটি চা এগারোটা সাড়ে এগারোটা না বা ছাড়া গোটা বাজি বান্ডা গিয়া থুই যেডা তোর বড় হালা মনির অডে যাই বুজে হ কফির ভাষা
/kaggle/input/regspeech12/test/test_tangail_0106.wav,আসসালামু আলাইকুম আমি তা না আইডি টু ওয়ান টু থ্রি ফাইভ সেভেন আজকে আমরা কারেন্ট এফেয়ার্স নিয়ে কথা বলবো আমার সাথে স্পিকার হিসেবে থাকবে আমার দুইজন বান্ধবী তান যদি আক্তার এবং এলা আক্তার তাদের বয়স বাইশ বছর এবং তারা দুইজনই স্টুডেন্ট
/kaggle/input/regspeech12/test/test_narsingdi_0093.wav,আছে কি হাতে হাতি অইয়া গেছে গা এগুলা টেন না পেন্ট না কি কয় সামি না সামি না আবার সামি ন আছে আমার মামার বড় বড় ডেক ডেকচি আছে আর কি লাগে আমার কিতা অইবো তারে বাইজ্জা দিয়া ইয়া কেটা না না ইয়া কি না ক না গেলাম গা ইয়া অইবো নাই লাভ অইবো না নি ইতা না নানিরে কইতাছিলাম
/kaggle/input/regspeech12/test/test_sylhet_0557.wav,আমরা রানতে ওলা আরকি ইলা নায় তালা এখটা অপারেশন ফরে আমরা ডরাই না আর তে তাইন আরকি ফন তো আরো কতা ইলা খউক না ফরে দে ইয়া নানান এগুলা
/kaggle/input/regspeech12/test/test_kishoreganj_0178.wav,তো কালা জীবন তো নিরাপদ পানির জন্য বিশ মিনিট বেশি সময় সময় পানি রাকতে অইবে পানি রাকতে হবে
/kaggle/input/regspeech12/test/test_sylhet_0185.wav,না দুই ভাই দুই বোইন বাই এখজন মারা গেছোইন একটা
/kaggle/input/regspeech12/test/test_rangpur_0026.wav,নানার কাছে দেখছি লৌকের মইদ্যে তরকারি যা এয়্যা ডে হ্যাডে হ দুইল্লা এক লোকের থুছিল তরকারি আরেক লোকের থুকে হ হ লোকে আর হামার খায়
/kaggle/input/regspeech12/test/test_sandwip_0018.wav,কিলা খাওন থামা খেলে বুজি তা কিতা দি পাঠাইছে হালা ক ক চে জানি বালা বালা তুমি না চা খাবা হুকাই রাইতে পারো না ইতারে ন থাও হাত না
/kaggle/input/regspeech12/test/test_habiganj_0008.wav,আমি বেশি খইরা ছিডি কেমনে আমরা বাসার বাড়ি তাকি বড়ো গিয়া হইছে না আমি মা না টেনো লোকড়া রেজা কি কই নাই
/kaggle/input/regspeech12/test/test_kishoreganj_0052.wav,হ্যাঁ ইয়া করছে মারে না কি ইয়া লাগাইছুইন হ্যাঁ কয় মুই না ছাইমু ধান কুমার এক্কান না দশ সুন্দর না
/kaggle/input/regspeech12/test/test_sylhet_0118.wav,গিতা কি ছাড়া আনতো ছাতানি খরতো লাস্ট মাইনসের দরো গাড়ি বাই গাড়ি ফান ছুডাইতো লিখা ইয়া ছুডাইতো ইতা ছুডা আইতো ইতার বিস্তার নিয়া আইতো তো দিরার নিয়া আইতো এমন তো আর আমাক ঝাই ফারে না অভিজ্ঞ
/kaggle/input/regspeech12/test/test_sylhet_0486.wav,লইয়া আইবো ইগুলা দেখতা খরে আমি বুঝি না ওই তো আমি দেখাইতাম না খেনে বাবা তুমি আমারে দেখাইতাম না আমি তুমারে বেতা দেখছি আর খই না বেতা যখন আমি তুমারে বয় খাইরাম তুমার হাতের মদ্যে ইতা রে বাবা ইটা কুমার জন্য আনতে না এডা হাতে আছিন ফরে ম্যাডামে দেখতে গিয়া ফরে দেখা দেখতে ফারা না আমি খুব স্টিকার বা আমি ডরাইয়া খান্দা শিখছি বের যেলা ফরে মেডাম খইতা যে ওটিক নিয়া নরমাল মানে ইনজেকশন দিয়া ফরে নরমাল দিয়া তারফরে
/kaggle/input/regspeech12/test/test_sylhet_0699.wav,তিন নাতিন তো আর কি হ নাতিন আটজন তিনজন তিনজন দুইজন গরো আর এখজন তাইলে নাতিন শা ইস্কুলো যার খই ফড়োইন তারা
/kaggle/input/regspeech12/test/test_noakhali_0027.wav,হিয়া পোলারে ফরে ও মা ইডা কয় দুইদিন জ্যেন্ত ফোন দেয় না খাতা তা নানু কইছে আর না আনলে দুইদিন কল না তো এর ফরে আবার কল দিছে
/kaggle/input/regspeech12/test/test_habiganj_0100.wav,সিলেটের বিত্রে যাইন আমি খইবা বারির ধার সিলেট ইতা ফারমু অন্যখানে অইলে যাইবার লাগি দিত না
/kaggle/input/regspeech12/test/test_sylhet_0056.wav,অয় মাছ ইতার সম্পর্কে ছবি কিচ্ছু খইন আরকি যতটা ফরে একটু খইতে ফারমু কিন্তু আমার তাই নিতাম আমি ফাইতা না আইচ্ছা বাইত্তে কইন তাইর কি যে তিন মাসের আছিল সময় তায় মা তো অত গেলা গর বইটা কি খানি তুনান না টুকে দেখোইন তার নিজের ইয়ত না আরে ওর বর টিক ওইয়া গেছে ন ফরে অখন তাই খান্না খরতে খাওয়া লাগে বই না কিতা খরতো
/kaggle/input/regspeech12/test/test_sylhet_0335.wav,তো শুরু খরলাম কড়া ফড়িয়া যার ডিটেন্ ফরীক্কা দিতাম তখন তো মুটামুটি বস্তা খারাপ ফরীক্কা দিতাম ওউ সময়
/kaggle/input/regspeech12/test/test_sylhet_0549.wav,আমরার মনো ওইছে ফড়া আছি না তে প্রাইবেট প্রাইবেট বার না দুরি না ইবার ইডা এককান নাকি ফড়া ওই খায় না না খই তা কুনদিন দিলাইবো রুটিন খতা খর বার আগে করছি না
/kaggle/input/regspeech12/test/test_sylhet_0046.wav,কিতা খইতাম মা মারা গেছে তেকে ফালায় ফাই বাই বড় ভাইয়ে ছেলো না ইখানে ছিলা কোন থাখো খেলা আর অন্যরা কিতা খরে ফড়া লেখতা
/kaggle/input/regspeech12/test/test_habiganj_0114.wav,এমনে ফড়া লেখা তার আর কিতা কিতা খরছ ফড়া লেখা কিতা খরতাম অন আছি কিতা এইচএসসি ফরীক্কা ফর্যন্ত মান
/kaggle/input/regspeech12/test/test_sylhet_0450.wav,আমার দিয়ে খবর অয় যদি পড়ি উড়ি যায় এরা না দেই সেই ওখান অসুস্থ মানুষ তো যাতি
/kaggle/input/regspeech12/test/test_sylhet_0292.wav,তো কাবিন টেখা উক্কা ওতাও তখন মোরা না দাম খরা ওই গেছে কিন্তু তারা মানে যে গিফট বা রিংটিং এখটা দেওয়া লাগে ওতা ওতা কিচ্চু দিছোইন না কিন্তু হিক ফরে ফরে ও
/kaggle/input/regspeech12/test/test_sandwip_0030.wav,সাত ফুন না কোন আনে ইয়ের তো নাম দিছে আছে তো না আমি চইলে আইছো তো আই কিট দুইবেলা আত করন অনকা কিন্তু ফোন করছে যে আম্মা ক আইচ্ছা যাই না গো চল আইছে বাজনা কিন্তু মাল্লাই বিস্তর এমনে গলা এগলা রায় ফেরি তো মানি সংসারি
/kaggle/input/regspeech12/test/test_sandwip_0078.wav,না তা না না না বাড়ি কি বাড়ি হুম ইতা ফড়াইন কি লগে ভাল্লাগে গাইয়া কোনা আর কি কিনচে
/kaggle/input/regspeech12/test/test_chittagong_0124.wav,ফুরি খতক্ষণ না হ খতক্ষণ না আছে কি ন গরে খান বেন ফ্রেন্ড ফেন না করে আর ফুরি তারার চিত্র কিতা মিক্কা চাইর জন এক কুত্তর চিনন থাহে খই দে কি সামনা সামনি অ্যা ফুফি চিত্র কি দাগ দে
/kaggle/input/regspeech12/test/test_narsingdi_0051.wav,নি চুরি অইছে না না না না ফুরা তো না ও তো ফাক খইরা ফরে গুন বিডি টান তো না যে আগুন লাইগা দেতো ব্লগ আর খয় অনেকের কিন্না খইরা খতো ধুপ তার লাইগা যাগা
/kaggle/input/regspeech12/test/test_sandwip_0106.wav,হেতে হোলাইন কইত্তান আর সবচেয়ে বড় খানবো আর আর আর বৃষ্টিতে ইয়ান কিয়েল্লাই ইয়ান অতিরিক্ত করে হেতে হিয়ান অইছে একদম হান্ডেড হান্ডে খাইতে অইবো আঙ্গোগুনেরে তো আমরা ছাড়ি দিছি ইয়ান খইয়ারে তো এখন দি হরার লাই কোনো থাপ নাই
/kaggle/input/regspeech12/test/test_sylhet_0273.wav,তো তা খরতে খরতে আমার টার্গেট অইলো এখন মেইন টার্গেট অই গেছে যে আমি বাইয়েরার খুশি করতা যেহেতু বাইয়েরা আমারে খুশি করি আমি করার দিতো আমি অখন বাইয়েরা বাইয়েরারে খুটি করা মানে আমার রেজাল্ট বালা অইলে বাইয়েরা খুটি ওউ বাইয়েরার খুটি করার লাগি অখন করি করি করি
/kaggle/input/regspeech12/test/test_sylhet_0673.wav,ও এট্টা আমার ছুটো ছেলেও ডি অফিসার না টে কইলাম ডাক্তার আইতে পারবা ইয়ো হে তো
/kaggle/input/regspeech12/test/test_narail_0001.wav,ওই যে কি ভালো এট্টা নাম জানে আমরা তো বাবা মুস্তাক তা বিয়ে রাখলো এনতে ঠিক ফালাম যে আলাদা ফড়ি কি ভালো এট্টা নাম জ্যানু তিন ফরি দুরি
/kaggle/input/regspeech12/test/test_sylhet_0756.wav,মানে কুনু নিয়ম নিতে মাজে আমরা ফরে মাঝে একটু বেলা করে আর মনে খরো আমরা যে আরি যাবেনে ও ও খাম খা না ইতা খানে না বা মাত না কুন বিশ্বাস থাকা খরোইন না
/kaggle/input/regspeech12/test/test_sandwip_0038.wav,ভাত কি দেখাই আইছে নাকি তা খাই হ্যাঁ লাই খাইয়া ইয়ে দেখাইয়া
/kaggle/input/regspeech12/test/test_chittagong_0037.wav,কি কি তুরা লেহাপড়ার খুব করছেন কবেনানে দরাদরি অয় ওইডে কি ক সুন্দর কি দি গেয়া রে ইদের ভালা ওডে এরে কী ফগা খয় না এডে ইককা চা তে দর ইক্কা চায় তে ট্যানবাইক কুনতাইবু
/kaggle/input/regspeech12/test/test_narail_0180.wav,উনি কি মানুষ কিভাবে কি না একেক কেজি কেনে নাকি অল্প তে কিনা দেয় না
/kaggle/input/regspeech12/test/test_narail_0148.wav,ফরে আমি তো চা বুচ্ছিস বাড়ি ফেলাইতো আম তো বিয়া করি বসর রইছি মানে মেয়ে বাড়ি আর যাবো না মেয়ে বাড়ি যাইসেন গিরামের ভিতরে বিয়ে আসতে নে
/kaggle/input/regspeech12/test/test_sylhet_0710.wav,আর ছা আফনের বাড়ি খানো বাড়ি তো আমার তিন সাবের বাড়তে যাওয়া তেলাই ইখান সিলেটের বিস্তৃত নগর বাড়িও টিকা না না লাগে না ঠিকানা বলতে আমরা এমনি খরার লাগি আরকি ছেলো দরকার আন্তরিক শব্দ গুলা দরখার ওই
/kaggle/input/regspeech12/test/test_chittagong_0053.wav,বাই আমি ইন হারে আল্লা আছে বইন তো না হ তো দিয়া টি এ গরিলে দর টর দিছি বুজ্জস না এই মিয়া ইয়া চিন্তা গরির দি রে আম্মারে হোম ফরিবি হুম খইয়ারে ঠিক গরি ছলি এই বইনরে ইটা ইটা মায় বানাই গরি
/kaggle/input/regspeech12/test/test_sandwip_0090.wav,আর তো আর মাইয়া গেছে যে আঁই দম কিছি রশি কিতা দে আর ইয়ারে কিনিয়েরে কাম হার আশা করি দারো না আঁর তো মানি আঁই কিচ্ছু আঁই যদি তোরা এক্কানা দে হেতে আরও শেষ অই যাইবো গো এতে মন একদম ছলচে করি লাইছে তো কাওন খরচ কিলা দিতাম আর কিতা দিয়া একটা
/kaggle/input/regspeech12/test/test_chittagong_0028.wav,বয়সের আগে ফাকি যাইলো গো বিয়ে দি ফালন ফরিবু না মা তুই গরি ফালা কুনু ওকগো বিয়ে ও মারে যু বিয়ের বয়স অইয়্যে না ওমারে মা বিয়ের বয়স না হইলে তো তুই ফাকি আইয়্যুন ফাগার তো চুলা বিয়ে জু
/kaggle/input/regspeech12/test/test_sylhet_0478.wav,যত দিন আছলাম মানে হসপিটালে বাসা বাড়ি ফানি এরফরে মনে তাকতাইন দুই একজন বাড়ি আগানো দেখলে খইবো তোমরা তো মারি খার আর কিন্তু খেউ কুনু এখন থাকে না যারা খা ইগুর মা আমার জীবন হি বই সব হসপিটাল ফড়া উরা ফালান
/kaggle/input/regspeech12/test/test_sylhet_0746.wav,কিতা খয় না তবে খাই আমরা গরম না আরে মাত বাজি আর সব আমি আর কি না না অবস্তা ই বিচ এনে না ইতা না এন বাদে খাইবো মানে ফয়লা খাইবার থাকবার
/kaggle/input/regspeech12/test/test_rangpur_0047.wav,কোরবানি দাওয়া মানে পাক দাওয়া লাগি হয় না না এনু ক্লাস কোরবানি দিবার কইচে না তা না এর খাবার কইরা পাইছি কতা বা যার হাত ভালো
/kaggle/input/regspeech12/test/test_sylhet_0706.wav,বারো বছর ই হ ইতা কিতা মোবাইলো তুলা লাগি আফনারা আমরা খালি আফনারার বয়স রেকর্ড করা বা
/kaggle/input/regspeech12/test/test_sylhet_0538.wav,টিকনিকে আমি জানছ না টিকনিক আমি তিনটা আমি তো জানি না তে নিছেলো ট্রান্সফার খতা আমি দিয়া আমি কানা আরে মনে যে ইবার খা না আমি ওতো আনি না গিয়া ইবা জানি একটা আমি তাইর লাস্ট একটা যাইতো খইলা বউ বাইত যাই যে বাই বা ওই বাইরা যাইতাম মাতাত তাখবো তা যাওয়া আমার রইছে
/kaggle/input/regspeech12/test/test_sylhet_0659.wav,আফনার একটা মতো একটা ছুটবেলার সময় বা মাত ইটা না
/kaggle/input/regspeech12/test/test_kishoreganj_0001.wav,তো হরে টাত না গিয়া তে
/kaggle/input/regspeech12/test/test_habiganj_0076.wav,একটা এক আইচ্ছা তুমি তো ভালো তো উচ্চ বিদ্যালয়ে করছো না হুম
/kaggle/input/regspeech12/test/test_barishal_0012.wav,ফাইলে না এই যে করে দিয়া আমার আমরা যে ভাই করতি আমরা দেবো এই যে কত্তি ডাক্তার ওরা কিন্তু না খাইলে সে ডাক্তার ফরা জন্ম কতো ন খাইল্লা কিন্তু ওরা খুব একবার আমার ওই যে মানুষ জানেন এই গরু নদি বুকের বাংলাদেশের পত্তেকটা দিলে লোক আছে গরু নদি তে ন দিতে এমন আইয়া জাগা লোকাল না
/kaggle/input/regspeech12/test/test_kishoreganj_0166.wav,নানি সব ফরে দে কিষি বেডা কি মানে দুবাই না ফানি কিতা কালে মাইক্কা তালে কেমন খাওক্কা ইতা তাকি তাকি কৃষি অইবো তাকে
/kaggle/input/regspeech12/test/test_tangail_0086.wav,ছবিটা আসলে দেখলে মানে ভালা লাগবো না তারপরে আমি যেই মিডা শেয়ার করমু সেটা হইছে তা ফারি দুই হাজার সাতের ছবি এই গানগুলা আমি শুনছিলাম কিন্তু এই ছবিডা মানে কহন কি দেহা ওই
/kaggle/input/regspeech12/test/test_chittagong_0025.wav,বেশি ভালা অইয়্যে একবারে গরমে পতি মুততি দরকার ফরে মনে খর দে এক্কানা ফুরতা খাইতাম যে এডে কুত্তা খাইয়েরে কমরেড বাজি গেইয়্যে অর আম্মার মেয়েরে বুইজ্জি আরে বেডা তো বলে কী খান সমস্যা অইয়ে হ্যাঁ
/kaggle/input/regspeech12/test/test_sandwip_0120.wav,চাহিদা মানে হইছে একদম করা হারাই দখলে ইয়ানে একশো বার দেশটা করতো একটা প্ল্যান আংগো ইয়ারে আগে আসা খার মতো তো আর লেখা ফয়সা দিলে আমগো আবার হুতা কার লাগে থাকে
/kaggle/input/regspeech12/test/test_sylhet_0257.wav,ব্যাচো রানতাম খাইতাম বন তেকি আটি আরকি না ফুল তিকা আটিয়া টিক কি দি যাইতাম কতি ফুটিং তিকা হাটিয়া টিয়া আমার নাই ফেলাইতাম আমার সময় বাজার বুজার খরিয়া রানতাম আনি আর রানতাম বাড়তা খাইতে আর করতাম ফার মনে ভাবতাম আমারে যে
/kaggle/input/regspeech12/test/test_sandwip_0040.wav,কি কুন বেলাও দিছে এগুলা দিয়া ওতি লিপটন সিজি ইয়ানের বালো আছলা বেডি
/kaggle/input/regspeech12/test/test_noakhali_0012.wav,বেডি কাম করার হবে মাত্র ইয়া কুচতা বেগগিন আমি ডালে নানুর বান্দবীও গেছে না আনের লগে দেহা করতাছে আর মনে কর যে ব্যাঙ মনে কর আমার কছে হিয়ানে দি আর তোমার কছে ব্যাঙে দিনো
/kaggle/input/regspeech12/test/test_habiganj_0094.wav,গুরানিত তো যাই মাজার লাগি ঘুরানিত গেলে আমার বালা লাগে একটু কুরান ইদিক দিয়া তারপর ছবি টবি তুলন সামনে পিকনিকের কুতায় যাওয়ার ইচ্ছা আছে
/kaggle/input/regspeech12/test/test_rangpur_0058.wav,রে দেয় না এই খোনো এখন এই যে বর্তমানে না যে যামরা মজুত রাখে তামরায় এক খাবার সেটা জানি রে এইটা তো পায় না কিন্তু অনেকেই নাই বার প্রথম রমজান করবা মাজের রমজান কি কবার
/kaggle/input/regspeech12/test/test_sylhet_0147.wav,পার তোর তো বউত টা গো মাই আমি তো আর তো বুড়া আমরা জুনের খাম খরতাম ফারি বউ আইন আমরা মার তারা দুর্বল আপনের আব্বায় আছোইননি
/kaggle/input/regspeech12/test/test_sandwip_0051.wav,হ অহন গ্লাস কি ল তুই গেছে না কি কিয়ের লগে বাই ফরিচন দিছে ক্যামনে তোর লগে অইলে আমি হেডে ক্লাস হিয়ারে ধরতে গেছে গরি চাচু কেমনে বাস কাডি রক্ত ভাসি কিছু কোনো রকম বন্ধ করতে পারে না শেষ অই যে কেক ডাক্তার কাছে নিছে
/kaggle/input/regspeech12/test/test_kishoreganj_0199.wav,রে
/kaggle/input/regspeech12/test/test_sylhet_0409.wav,বাবার বাড়ি কোম্পানি গজ ওউ যে চারা ফারতো নিছি তো করে ঠিক করি আরে আমরার কয়ডা যাইয়া দি ভাত ইকটু বাবার বাড়ি
/kaggle/input/regspeech12/test/test_sylhet_0506.wav,কি খইয়া বিগনিয়ারা নিতে যার বেশি বড় খয় ফরেদা খুব বেটি হুদা বানাইছে তা নিজে কিতা খরছে মানে হয় বিদ্রি খইতো ফর আবার তাকতো আমার আব্বা মানে খেতোর মাঝে তারা তো বাড়া
/kaggle/input/regspeech12/test/test_narsingdi_0081.wav,ঢাকা আমারডা বালা তুই তো তাও খালা আমি তো একদিন খেলা ধর দিন গেছিন বমি ঠিক করি সময় মা টেমোতক্কারে খেলার না ইডা আমি তো বড় পোলা ফাইনাল লগে খেলতাম না আমার তো হাইড বেশি দেইক্কা না এলা ক্লাস খেলার নাম দিতারি না ফাইবে যার দুরা পাসপোর্ট লে
/kaggle/input/regspeech12/test/test_chittagong_0035.wav,তো সবাই গরম এক্কানা তো সময় খাডিবো হ ওরে আব্বা ইবারে লইয়া হরি গেছে আইতো ন ফারি সেলিভিলিপদের আম্মা ও দিনের দে ক্যান্সেল গইরা দেয় ফুললবারেততবা খতা আছিল হুম ইয়া এনো যেহেতু ন দে আম্মা গো
/kaggle/input/regspeech12/test/test_kishoreganj_0154.wav,গুলা বিল মগ
/kaggle/input/regspeech12/test/test_narsingdi_0014.wav,বাউন্ডারি ওইয়ে যায় ওরা চোক কে দেহে না ওডার রান্দে আবার বাউন্ডারি না অইলে ওডার সার্বিক ছয় দিয়া দেয় এরকম অবস্থা দেশের একটা সিস্টেম একটা রিভিউ সিস্টেম ওরা ম্যানেজ করতারে না ওরা নষ্ট করি টাকা দিয়া কী করবো
/kaggle/input/regspeech12/test/test_sylhet_0176.wav,এইতো ফারি না কুল বাড়ি খালার মেয়ে বিয়া অইছে খই তারফর আনে এখজন আরে বুঝছি তারার বাড়ি যাইয়েন না যাই তারাও আইনতেবা
/kaggle/input/regspeech12/test/test_sandwip_0072.wav,এগে জি ইগুলা যত বেইননা একবার ব্লাড টেস্ট করা দরকার ইক্কা একবার ন কইল্লা বেটিয়ে বা ফাইলে যদি কোনো সমইস্যা ধরা ফায়
/kaggle/input/regspeech12/test/test_sylhet_0432.wav,বুঝছেন আমরা জি কেউ আমার আমার ভাই তোমার বইন কতা আমার তা খাবেন ট্র্যাক ইয়া ওইতাম তাহে বুঝরা আমার এখন ইগু ফস্তায় তো দি কা টাকা নিয়া খায়
/kaggle/input/regspeech12/test/test_narail_0078.wav,ঢাকায় না কোহানে বিয়ে অয় দাঁত বাড়ি ফরিদফুর খাওয়া ল আয়োজন গিয়া ই ছেলো আমরার ছিলাম খাতায় বিয়া দেয়
/kaggle/input/regspeech12/test/test_narsingdi_0095.wav,তাই তো যেইডা জাপান কা করিয়েন করি ন কার্টুন গরু এনিমে ইডা আইচ্ছা এনিমেল উল্লাহ হলা কতা কবি না কি করমু তোরে কবু কো মেলেন কোনো কার্টুন নাগছে না কেডা এনিমি কামলা কচ্ছি না
/kaggle/input/regspeech12/test/test_rangpur_0066.wav,একা ইসে কাক্কু তো আর লাগতাছে ওই জ্যাটাতো ভাই ওই তো অনেক দিন নাই ঠিক আছে ক
/kaggle/input/regspeech12/test/test_tangail_0047.wav,ই ফান খানরে খাইতে কি পরে এরকম খাইতে নেই পরে ওই ফান খান আবার লাভ দিয়া পানিতে যাই আবার আলাদা ইয়া আছে আলাদা ভাগ ভাত থাকার জন্য আরেকটা ই রাখতে যেহেতু বুঝতে ফারছে না যে ভাগ যেহেতু
/kaggle/input/regspeech12/test/test_sylhet_0541.wav,খাইয়া ইয়া দুপুরে ফরের রেডি অইয়া আস্তা তারে লইয়া গেছে আমি আর আব্বা আচ্ছা ছাকরি ইবার তার ফরিক্কা হে তার সখালে কি বেশিভাগ মানে কমই গেছে না হুম ইতা গেছে নেও ফরে লটারি আমরা ফাইছি দুইটা দাদো
/kaggle/input/regspeech12/test/test_narail_0019.wav,বাব লুক সাতে বেশি আনে মাসে তো ভাই অইছে পিছে ভাই অইছে মামা তো ভাই ওইছে সেই সময় বা ফরে কেউ খেলো শুদু নষ্ট সেই সুমা কেউ ছেলো না ওই সব কতা আমার শুনতিছে না ভাই আইজকে মামু ফুলা শুদু নষ্ট বউ ময়না ওডে সত্যি কতা মরলো খালি
/kaggle/input/regspeech12/test/test_sylhet_0090.wav,নাইনো খইলায় বই তো মানে মনে অয় পরিক্ষা অইছে অন পরিবর্তন করছে আমরা যে বই ফড়ছে কিচ্ছু হ
/kaggle/input/regspeech12/test/test_tangail_0095.wav,অনেক বছর কিন্তু থাকি না মনে ওই আশা নিয়াই থাকে যে ইমান আসবে কিন্তু অনেক দিন যাই ইমান তো আসে না রণবির কাপড় সবকিনার জন্য খোঁজ নিতে যাই মানে ওই শহরে কিন্তু মানে কেউ চিনে না এরকম
/kaggle/input/regspeech12/test/test_chittagong_0118.wav,হুম মাতাত দিতু দিলা ওকগো ফাল্লা দিতি ইতারা আঁর কত বুঝা বুঝাইতে আরে আরো হয় আঁই ইতেরে তা সে তো একবারে ন ঢুকি ইতে আইলে ফট ন গরে লাগি ঢুকি ডা ফারবে
/kaggle/input/regspeech12/test/test_kishoreganj_0184.wav,ফেলো তো তো এল তো হইলো ইয়ো হইলো এলো তো ওয়াই ইডারে লই এলো তো ন
/kaggle/input/regspeech12/test/test_habiganj_0041.wav,ইতারে বাই বইনরে পড়া নি দিন সম্ভব না অন্যতা করাইতে ফারমু অইন্য তারে আমার মা খইতি অন্যতারে পড়তি বালা খইরা আর ইতারে পড়াইতো তর তর জ্বালার যন্ত্র না বাইরা যায়গা হুম দের ভাই বইনের ফতি একটু খেয়াল নাই ইতারে আমি কিতা ফড়াইতাম ইতা কতা হইলে আমার রাগ উইট্টা যায়গা ওই একটা বুঝে আরেকটা এমন রাগ উডে
/kaggle/input/regspeech12/test/test_kishoreganj_0030.wav,বড় না এইডা না কইতাছে নিবি লাগে আমরা দিকে তো সব সময় হইতো না মাইক থাক বাজার এইডা এইডা বিভিন্ন কিছু বিভিন্ন ক্যামবা তা মাইক থাক বারাইতাছে বিভিন্ন গাড়ি চব্বিশ ঘন্টা আমরা জাগা আছিল হে দিয়া
/kaggle/input/regspeech12/test/test_barishal_0095.wav,বউ পোলা হ্যা এরে হেই সংসার যাবে ছেড়া বেড়া দিগে ফরা বানা চালু না চালি অইলে যাইতাম হেই তো কই আমি তো দেইক্কা ইডি ছেড়া বেড়া কইছে কি খালি বেড়া তো কতা না ভাই হিয়ারা মানি ইবে না আমিও আমনের লা হা
/kaggle/input/regspeech12/test/test_sylhet_0375.wav,তাইন তাইনোর কাপড় তো নিজে নিজে দুই বায় তাইনোর খাবার দাবার রান্দিয়া রাখলে তাইন লইয়া খাই দিতো ওউ ওকটা তাইন খরোইন তো তানোর দুই বাই আছি স্টুডেন্ট তো তারারে আমি খইছি দেখ তোমরাও ফড়রায় আমি খররাম তোমরা যেরখম স্টুডেন্ট আমিও স্টুডেন্ট
/kaggle/input/regspeech12/test/test_sylhet_0455.wav,মানুষ না রে বাবা মানে মানে তারা আমার তো মনে খরো আমার মন খরে মান খরে আরকি না যেহেতু যে আমার আম্মা তারা আমার আম্মা সব আমার যদি রুপা ইটা আমরার বাড়ি দি বেড়ানি যাইতাম আগে কতা রানতা না আর তো বেশি ছিল খওকা খরে আমার আব্বা না আমার
/kaggle/input/regspeech12/test/test_narsingdi_0039.wav,বাড়িত যাওনের আগে কমিউনিটি মুডা বানাইতো দে কারেন্টে বাড়ি মাইরে তাই এই গরন কারন খায়ে তুই ফড়ার ফরে যাইতে থাইত খাইতে খায় বিদ্যুৎ অফিসের লোকেরা পাইতো যিমুন করেন আমু পাতি খারে কারেন্ট লাইন
/kaggle/input/regspeech12/test/test_chittagong_0049.wav,ঘরত হালকা খাম গরিবের লাই অইলদি বউত গেল খাইতে হেই তে আর রঙ্গো ফরে ওগু বাড়িতে জানাতি খাম টেয়া দেয় কিনলে গুরতাম টেঁয়া দি বিয়া দিয়া রান্না হাম লইতাম দিতাম না তো জামাই খাইয়া আছে জামাই কী হবো মার লইবো
/kaggle/input/regspeech12/test/test_habiganj_0030.wav,এই খাড়া দেলাইছো উঠে হোস্টেলিয়ার বাদে তোর দর্মীয় দর্মীয় খাজ ইতা ফান খরতে ময় খরতে এবার তো সুবিধা লাগে না তা তেমন কুনু অসুবিদা লাগে না এরফরে তো পুরাপুরি ভাবে খরি না খরতাম ফারি না
/kaggle/input/regspeech12/test/test_tangail_0094.wav,কুনু এক্কা পরে ব্যবসার খাতিরে ও অনেক দূরে যায় গা ফরে কিন্তু নাম কাপড় আবার ইমনরে প্রথম দেখা তাই পছন্দ ওইয়া ফারলায় আর ওয়ান সারাজীবন অপেক্ষা খরতে রাজি কিন্তু ইমান তো ব্যবসার কাজে যে যায় অন্য শহরের অরার কুনু খোঁজ নাই
/kaggle/input/regspeech12/test/test_sylhet_0475.wav,কিতা আমরা জীবনে বাই বইন ইটা মায় ফাইছে ফ্যামিলি ওউ যেমন কতা আছলাম একটা কতা কইছি না মানে কতা কইছি না মদ্যে দিন দুনিয়া আমি দেখছি না যে দুনিয়ায় তাখছি না খরছি ইতা জানি না মানে এক মাস ফরে জানি আমি দুনিয়াতে বার
/kaggle/input/regspeech12/test/test_narail_0179.wav,রাস্তাডা কি খাইছে তোমরা
/kaggle/input/regspeech12/test/test_sylhet_0653.wav,ওইটা তুলবে ইন্ডিয়ার তো ইতা গর বানাইয়া ইও মানাইয়া দি কও মানে জাগায় তো ওয় তো খাওয়া দাওয়া তো খতা না বা তা
/kaggle/input/regspeech12/test/test_chittagong_0002.wav,তা আমার মানুষ অখল এইল্লে মা মা মা খারণ এহন মাতলো নিজেত্তে খারাপ লাগে খোনো ফালাই
/kaggle/input/regspeech12/test/test_sylhet_0621.wav,তো আছে নানি তারা তো তার ইনজিনারিং দিন বর্তি ওইতে ওইছে না না রবার দিতো মতো আইয়ো ফরে মেডিকেল আবার দিছে ওইছে না মনে হচ্ছে ডেন্টাল দিতো নার্সিং হাইরা ভর্তি গেছে ও
/kaggle/input/regspeech12/test/test_habiganj_0037.wav,আমি খই না আমি কই দিলাম লবন এরফরে খয় যা তোরে দি আর মাংসো রান্দা অইতাম না তুই এক্কে তোর হাইড বাদ করতো কতা ওই
/kaggle/input/regspeech12/test/test_habiganj_0042.wav,বাপ মা সব ফরামর্শ বা যেটা বাপ মায় মতামত সবগুলা ভালা লাগেনি
/kaggle/input/regspeech12/test/test_sylhet_0015.wav,সবাইরে পরে তো এলাখা মানে সবাই পোরসাব খাওয়ানি অয় হেই কিস্তরিও খাওয়া অয় কেউ ধরো মিলি যায় কেউ জিনিস একটা জিনিস ব্যানে খাওয়ায় উৎসব আনন্দ উৎসব ধরেন টান বাজ না নিজে যেএএ আফার আজকে দিরাই
/kaggle/input/regspeech12/test/test_rangpur_0049.wav,ম্যাটার সাথে দিয়ে ওই গেছে কিরে গেছে না এলা ওমরা হামরায় খারাপ কি
/kaggle/input/regspeech12/test/test_narail_0121.wav,তাইলে কথা কিনে না ওরে ওই সাইন্স আর বলিছে বুচ্ছিস আর যে কথা হলো সাইন্সের করলো ভিত্তি টা ওরে দিয়াও
/kaggle/input/regspeech12/test/test_rangpur_0062.wav,ওই যে একবার ওরা চাঁদের মদ্দে কী ওরে আল্লা ওই যে খাই দিবো কিন্তু একবারে না ফার মানে জামলা এটা বেশি আছে এইটা বলা যায় ইটা আরে ওটা একটা ইয়া ওটা কি দিয়া বুঝছি আছিল মোর সাথে এই যে কাপে এখান দি ও কয় কী কয় বলে কলে ওটা খায় দিমু তুই মোসলমানে নোয়াইস
/kaggle/input/regspeech12/test/test_sylhet_0712.wav,মানে যা খইন না নি তিনজন তিন তিনজন ফড়ো আছোইন একজন আমার রাতে গেট তুলো আমি আফনার তো খইলে একটা তিতা
/kaggle/input/regspeech12/test/test_noakhali_0014.wav,যারা গ্রামীণ না না না না না না না না না তার তো ভালো না না বই আইনে ক ক এলা যা খালা দাদা লা কুনডা কয় হাতলা ল আরকি এগিন দি দে আগুন ধইরে দিবো তো ভালো ই মোরা মোরা অলা আর ইয়া দে তো হ্যাতারলাই আমি কিতা দেখলে
/kaggle/input/regspeech12/test/test_kishoreganj_0060.wav,আরে ফাল তাতে না ফারিস না উইড্ডা উইড্ডা আর ফারি নাইগা গাছের ছা নেইগগা যা নেগা
/kaggle/input/regspeech12/test/test_habiganj_0034.wav,রান্না টান্না খরতে বালা ফাও নি আমি তো ছুডু তাকতে তিকাই খালি ফাইতাম রানতাম রানতাম অখন আমার মাত বেশি ফুল তাকতে দিতো না টিফট থাকতে তো আমি ফাইতাম খালি রানতাম রানতাম অখন আমার মা দিতো ন খয় তুই আত ফইরা ওইরা মরবে রান্দাত গিয়া আমার লাগি আরও দুইবার ইবে কিন্তু আমি ছাইতাম খালি রানতাম রানতাম এরফরে ইতা খরতো টেমা রানতা আমি খালি বইয়া বইয়া দেখতাম
/kaggle/input/regspeech12/test/test_sylhet_0453.wav,ছুটো তাই ফুরি আমার কুটা আয়ে দুইদিন তো তাইর মামা তো তো আমার বুঝা যায় না
/kaggle/input/regspeech12/test/test_sylhet_0373.wav,আর এখন তোর যে পরিস্থিতি মানে শিক্ষা দীক্ষার দিকে মাঝে মাঝে আপেত হই তারপরেও আবার মানে আল্লার কি যে বিশ্বেস আমার ফিরায় আনে যে না আপে খাওয়া যাবে না ওউ ওইয়া আর চেষ্টা খরিয়ার আরকি তারারে লইয়া বেডা দাররা কিলা ম্যাডাম মানে ফ্যামিলি তারফরে ফ্যান
/kaggle/input/regspeech12/test/test_tangail_0034.wav,আসলেই যার মানে ভাইগ্য যার সাতে লেখা থাকে তার সাথেই আবার ঘুইরা ফিরা একটা নুরু হয় আর আইচ্ছা এখন আমি আরেকটা স্টোরি শেয়ার করবো সেরা অইছে লাইফ অব পায়
/kaggle/input/regspeech12/test/test_chittagong_0113.wav,ছালার নিচ্ছে দে ফরে অতিরিক্ত অনরা ওডি গরমে ফাটাই ফার্লার যে গরম পিয়ার মা খরদে খরার খতা খরদে আজি না ফুরান দে দুল্লা চে ছড়িয়েরে
/kaggle/input/regspeech12/test/test_sylhet_0367.wav,একটা ব্রেক ফরে তো আমার কাছে একটা জিনিস সবসময় মনে অয় আমি ওকটু মিচ্ছি আমি আল্লাহ কি বিশ্বাস খরি এবং আমি দেখছি আল্লা পদে যে আমাকে অনেক সহযোগিতা খরছোইন দিছি আল্লাহ একটা মানুষকে যখন পাঠায় তার রিজিকে ব্যবস্থা খরিয়া দেয় এবং আমি আমরা হাসবে দুইজনেই
/kaggle/input/regspeech12/test/test_narsingdi_0137.wav,ইতে যাবি মেডা দি আমি ডি আইও হের ইতে যাবি হেদিকে ই জমিদার বাড়িডা প্ল্যান আছে অনেক টাকা লাগে তুই যে হেদিকে ডাঙ্গা টাকা হ
/kaggle/input/regspeech12/test/test_tangail_0004.wav,ক্রেডিট সামনের দাঁতগুলা তইলে একটু বড় মানে স্বাভাবিক মানুষ দাঁত মানে দেহা যায় না বাড়ি থেইকা কিন্তু ফেডর সামনের উপরে দিকে দাঁতগুলা আছিলো একটু উঁচা আর বড় তাই মানে দেখতে কতো লাগে
/kaggle/input/regspeech12/test/test_sylhet_0297.wav,গুরুত্বপূর্ণ কিচ্ছু না জাস্ট তাইনও হেপি তাখলা তাইন যদি ইটা পেমেন্ট খরতা ফারোইন প্রোপারলি তাইন হেপি তাখলা ওইদিকে তাইনেরো গিফট দেওয়া ওইলো বাবা মা ও খুশি তাখলে সামাজিক যে সংস্কৃতি অগো ফারা ওইলো
/kaggle/input/regspeech12/test/test_chittagong_0138.wav,তোরে যে এক্কান হয় ইতারা হবু দে তুই মানুষ লইয়া যাও তার ফরে ইতারা নিবো ইতারা তুরা লাগে ইতারা ঘর তো টোয়াই ন ফারে তুরা খতা ঠিক আছে তো দানা হরে তোরে ফাডাইন কিছু লইয়া কিইরগুম হ
/kaggle/input/regspeech12/test/test_narsingdi_0016.wav,এই অইলো দেশের পরিস্থিতি বুঝছস অন্যান্য দেশগুলোতে দেক অস্ট্রেলিয়া দেখ নিউজিল্যান্ড দেখ এ এক মিজার স্টার্ক অস্ট্রেলিয়ার খেলতাছে ও বলে কি করতি পারে ইংল্যান্ডে দেখ টিম স্ট্যান্ডারসন
/kaggle/input/regspeech12/test/test_sylhet_0551.wav,আর আমার বাসা সবার গুছে একটু বেশি বা এখন ছাড়া রাখছে ইবার তারারে খইলাম যে ওউ আমার আছে পারেতিনটা ছাইরটা ফর্যন্ত দরখারে খেলাডি খমাইয়া নিও তে স্যারে খইরা সেলারি তিন বিটা না নিলে সব খইবো
/kaggle/input/regspeech12/test/test_sylhet_0022.wav,তার ভিডিও অনুসারে জাগা খরার ফরে মার খাছে যেন যদি টাইমের সময় মাইক এল আউস খরে আমরা গেঞ্জি দি এগিন পূজা সব তুমি পূজা পূজা পরে ইখানো প্রসাদ খাওয়ানু হয় মানে ঘরে আমরা খুব বেশি আনন্দ কিতা খাওয়ানু অয় তারপরে ধরোইন ক্যাসিলিটি সরি খাওয়া সব কিচ্ছা সব সময় পূজা
/kaggle/input/regspeech12/test/test_narail_0006.wav,মনে করো তা কতো কতো তাই কুনতা মানি তা তোদের ঘরের অত্র আমরা কি তোর বাবা কি কইছে না কি যে এই জমিতি এই ওই জমি তো ওই সব কামে কইছে না ক্যা ধান তো ওই যে এডে জমি যাতির খাইছি কিনতে এই যে মনে কইলো জমি ধান আইনছে একজন কিনি
/kaggle/input/regspeech12/test/test_tangail_0071.wav,এটা বরুন ধরনের একটা মনে একটা জায়গা করি নাই পরে বরুন দা ওয়ান ডেইলি কাকি কইরা হাসপাতালে যায় লতে দেহা করে মানে যে কম গেছেগা মানে সেন্স যে নাই পরে ওই সেন্স ফিরিয়া আর ট্রাই খরতে থাকি
/kaggle/input/regspeech12/test/test_rangpur_0091.wav,কী মা মা ইলিশ মাছ দিয়ে খাছিস কোডে পালু ইলিশ মাছ কায় আনছে তো ইয়া মানি চলছে তো ভালোয় নাকি হ কোনও ঝুট ঝামেলা নাই ঝুট ঝামেলা নাই
/kaggle/input/regspeech12/test/test_sylhet_0151.wav,তারা কিতা খরে মানে ফড়া লেখা ফড়া বা আছিন তো বিয়ে ফাইনাল গলাইছে ইয়ার ফারিবান বড় জনের নাম খইন্যার পারিবারিক তুমি বেকার
/kaggle/input/regspeech12/test/test_sylhet_0697.wav,মানে আমি না ফাও গেলে তিন বউ তিন কইরো না সব তিনটা তিনটা দেই গান আরো
/kaggle/input/regspeech12/test/test_chittagong_0076.wav,বেসরকারি লই ওইলে টেনশন নাই সরকারি লইলে সরকারি মদ্যে তো খাইতাম সরকারের মধ্যে অইলে তো তুই সাইন্স লই এরে ফরবে আর আমি তো আর সাজেক লইয়া খইরজুম সরকার তো মনো বিজ্ঞান আছে তো
/kaggle/input/regspeech12/test/test_sylhet_0230.wav,বাদে অইলো গিয়া ওতা খরতে খরতে খতো মাস দেখে আমার বাই ইতে না খরিয়া দিছোইন না দেখি আরেকটু দেখি রেজাল্টটা ক্ষমতা বারো খতা খতা খইয়া খইয়ার বাদ তারা দেখিয়া অবশ্য
/kaggle/input/regspeech12/test/test_tangail_0118.wav,সবকিছু মিলে কিন্তু এখন একটা জিনিস ভালো যে শুধু প্রধানমন্ত্রীর ওক ডিপেন্ড কইরা নাই দেশের সবাই যে যার জাগা তিকা খেলা আগে আসতিছে এখন রিসেন্টলি দেখতেছি থিকা ব্লগার রাফা দি ভাই
/kaggle/input/regspeech12/test/test_habiganj_0048.wav,কী কী গি একটু ফাইতো আমি গিফট পাইতেছে চুরি ফাইতি খানের ফাইতি পরে জামা দিতে এরফরে এই কিতা খরছে না পুতুল আতে না কেউ থাকতে আমারে পুতুল দিতো বেশি খাতের পুতুল
/kaggle/input/regspeech12/test/test_kishoreganj_0181.wav,অরে তো অলো গে অইলো তো অনু এল তো অনু তেল অত্তো তো তো অনু তেল অতো অনু তেল তো অনু এল অত্তো অনু
/kaggle/input/regspeech12/test/test_narail_0080.wav,আমি কি আমি কি তোরে কি তুই আমি যদি খুশি খইতাম তো আমি কথা বলতাম না যে শুদ্ধ বাষায় কতা কয় আমি এট্টু কাইলের বাসার লোকজন তে আর মান বা
/kaggle/input/regspeech12/test/test_habiganj_0082.wav,বেঞ্চার করে মারা যাওয়ার আগে প্লাস মানি ওই মারা গে তিন তাইন আরা দুই দুই ভাই এক বইন আপু ডাক্তারি করা শেষ এখন তাইন যে
/kaggle/input/regspeech12/test/test_chittagong_0065.wav,আইসসি দি মাত্র তিন দিন আঁরে খর দিন ন লাগিবু না বিএসএস নাই আঁই আঁর বিয়ালে ন আই তো তে যা না ওকগা বিয়ে আছে বিয়া খালি বিয়া আছে বিয়ে ন খাইর এ না কি কামাই সিজি
/kaggle/input/regspeech12/test/test_kishoreganj_0076.wav,কি দিয়া খাইছো খাইবো কিদ্দা না কি উইদ্দে না হলি বাইবায় দে বালা কি না ইডা দাম না কোইন না হ্যাঁ কা ন খর
/kaggle/input/regspeech12/test/test_sylhet_0294.wav,দেওয়া যায় না দরকার আছে মেম্বার এক্সরে লইয়া আইলাম আওয়ার ফরে তাইন লইয়া গেছোইন গুলের দোকানো তাই সবারে দিবা তো গেলাম গোল্ডের দোকানো দেওয়ার ফর হ্যাঁ দোকানো বউ কিনতাম ত
/kaggle/input/regspeech12/test/test_kishoreganj_0201.wav,কেডা ফানি এখান এই দুইডা মরতে যাইবোগা কাইটা পরে তা এই দুইডা কতদিন কি ন কত ভাবে দেইখ্যা আই আই এন তারা ভাগ্য বিদ্যুৎ মানে তার ভাঙ্গা বিদ্যুৎ মতো
/kaggle/input/regspeech12/test/test_rangpur_0076.wav,খাম গোটা মাইয়া না ইয়ার বলে
/kaggle/input/regspeech12/test/test_sylhet_0663.wav,তাইন খালা লাগবাতেতাএনো তো খালা লাগবো আমার মনে অয় এখন না তাইনের লগে মাতে বা কান্দা তুই ইয়া সিলেটে দরকার দিন
/kaggle/input/regspeech12/test/test_barishal_0003.wav,দেখি না চোখে দেখি না চশমা তারা খালি দেখি বই সব কি দুইডা না যে আইরে গরুর ঘরে ফ্যান দিতে মাইরে দেয় না ফ্যান তোর ভাঙ্গে কাইলকে নিয়ে এইডা দেইখা তো
/kaggle/input/regspeech12/test/test_rangpur_0074.wav,তুমি তো দুই একটা দেয় না কত ধরি লায় গো পায় না হামরা একদিন একটা কোনি একটা দে ন সময় হয় কয় দি দেয়
/kaggle/input/regspeech12/test/test_narail_0036.wav,ওই ওই ধারে খালি আগে জাগা ওই যে এই যে বিরিজ কল ওইছে ওই তো আগে ভিটে ছেলো তোর বাবার শুনিছি না না না আগে ভিটে ছেলো তাগে আগে থাকি এইটা আমি কচ্ছি পারবানি
/kaggle/input/regspeech12/test/test_sylhet_0705.wav,বিয়া ওইছে না বার্সিটি মেইন বাড়ি কুন আমরা বাড়ি আছে না তাকলেও না কিচ্ছু এখন আফনের ধর্ম হিন্দু ন তে ইখান সনাতন ধর্মী অবলম্বন খতোজন আছে
/kaggle/input/regspeech12/test/test_sandwip_0100.wav,তাকে লাইন যাইতে অইবো খরচ করছি এখন দি এলারে কককে খরচ করতে হিসাব করেন তা আর কি এরা তো এই যে না ইতা টিতা হরাম সরকারি ট্যাকনিক করা যাও আমি হে ঠিক আছে মজা করে না হরালেখা দি তো থাকিবু এক্কান তা টিডা লইয়া তে আমনের অবস্তা আমনে বালা কিছু লইতো না কনো মানে ভাবে মাস্টরের
/kaggle/input/regspeech12/test/test_narail_0145.wav,তা তো অবশ্যই কী বলো তুমি এইখানে আসবার সন্ধ্যার সময় আবার আইত থাকবা তে করবে আমনে তো জানে ট্রেনে বানাই হু
/kaggle/input/regspeech12/test/test_sylhet_0217.wav,আমিও দি যে হাউজ লাই ইতা তো আমরার জন্মগত এখটা ফ্ল্যাট আমার মায়া হাউজ লাইফো আমার দাদি আছিল হাউজ লাইফো আমার বাবিরে খিয়া হাউজ লাইফ আমার বইনের ছাতা তো বইনাইন খালা তো মামা তো বইনের সব হাউজ লাইফ তে আমিও মনো অয় হাউজ আই ফড়মু তো আমি তো মিনিমাম ফড়ি লিছি স্কুল খান
/kaggle/input/regspeech12/test/test_chittagong_0169.wav,ইসের কাছে তাপজিতাম মনে অরটা ন খাইতা খরলা দিতা না চা খাই দেয় না না কি অন্য কিছু টা খাইছি কী দে হাইয়ো বিসিবি এ তুর ফুফা বালা আছে নে
/kaggle/input/regspeech12/test/test_narail_0009.wav,আমি কলাম যে কি রিটেন টাহা পয়সা টাহা পয়সা তো আমরা পাইছি দশ হাজার টাহা তা শুনলাম যে এতো টাহা দেছে আমাগে চিকিৎসা তে ই টাহা পয়সা খালি কি অলো আপনি খাইছে নালি আমরা খাইছি তালি তুই লাইনে থাক আমার লাইনে থাহে মনির সাথে কথা কলো মনির সাথে কথা কইয়ে কচ্ছে যে
/kaggle/input/regspeech12/test/test_sandwip_0118.wav,হেতে তো আই ফইর্যন্ত সব কিছু মাতার ফাস হেয়ানে হে হইয্যন্ত আছে মানে কোন আদি আর বাকি থোন ইয়া ফান্ডে খান্দের হানি স্টুডেন্ট হেতে অইছে বুজ্জোনে একসাথে এক টাহা দে আর তো আবার আর মাইয়ের লইয়া খারাপ আফার ক
/kaggle/input/regspeech12/test/test_tangail_0067.wav,মানে সে বসতে গেছিলো সময় মানে পিছলা যায় নিচে পইড়া গেছিলো আরকি একদম নিচে ফড়া যায় কিন্তু মানে মানে পরে যাওয়ার ঠিক সময় বইলা গেছিলো যে হরিস দ্যান মানে বরুন ধান কুথায় মানে
/kaggle/input/regspeech12/test/test_sylhet_0128.wav,হুম তারফরে ফতি মাসে ঘর না যারা আমরা বেতনও দিবো সাবান ফুটার খাইতে লাগে হুম তোর তেও ম্যানাজারে দিবো তোর বেডা ইতে ফায় দে সমস্যা টাইন্না না না তাইন না
/kaggle/input/regspeech12/test/test_chittagong_0013.wav,শান্তর আব্বুরে আগে তিননো দিতাম এহন ফাইবো ইতা আরো দান ওকগো দেও টেস্ট অইলি দূরোত দেওন ফরিবু বেলা আঙ্গাইয়া দে ন ন খরবো না কেউ জি খতা ছলে ইডা তো না মাস অই যায় আরো তিন মাস ফাত্তা তিন মাস ফাত খরে খাম গরি খরি
/kaggle/input/regspeech12/test/test_rangpur_0089.wav,আটশো এগারো শো এগারো বছর তলে এলা ইয়া রোজা আছিস তো নেকি হ হ ভাত খাছিস ভাত কী দি খাচিস
/kaggle/input/regspeech12/test/test_sylhet_0617.wav,তো এখন কিতা তার ইখানোই আছেনি কিন্তু আই যা কাইলকে শনিবারে আইছে মানে সব কিছু না না টিডা আটকা ছলে তা বাড়িত গেছলা তারে ছাছা আছে মা কি
/kaggle/input/regspeech12/test/test_sylhet_0127.wav,আছে ইডা মালিক থাখে মালিকে তারা খরাইলে থাখে তারার আওয়া যাওয়া খরে খিয়াল কেয়ার খরে আল্লা বুচ্ছি এমনে দেখা শুনা কী করে দেহা খুলা ম্যান যারা ছেলে না যারা প্রতি মাস তো ইনচি টিকিট টেহা তুইলা দিবো
/kaggle/input/regspeech12/test/test_sandwip_0022.wav,যা চাচি কি কামাই গেছে না যেগিন এক্কানা আস্তে ঘরে একটা ইয়া না আইলে মতো না নি খমতে না কি ইয়ান তিন লাগা কি বালা ঘর রই গেছে তাইলে আর
/kaggle/input/regspeech12/test/test_comilla_0002.wav,আমনের নব্বই পাঁচ নব্বই হাবারের কইছে মাইনষে আমরা তো করি ছন্ন একটা রুপ ই ভালো ন তিন জানতো না যে অবস্থা খন্ডর দাম পাঁচ নব্বই ভইরা করে না আমরা কি করে হেরা দেওয়া দাম খাইলে পারে খেলে বাড়ে খেলে বারোই খাইল্লা বাড়ে ষাইট হাজার টাহা থাকি আশি হাজার আশি হাজার টাহা নব্বই হাজার নব্বই তাতে পাঁচটা নব্বই হাজার কারণ মনে হইছে কি এক লাখ হইয়ে টাকা
/kaggle/input/regspeech12/test/test_kishoreganj_0131.wav,রকমের পল এদের সে ফলে হয় রকমের ফলে ফলে অনেক রকম ফলে দে রকম এম্নে এইডে কি ফলে অনেক রকম অনেক রকম পল না এক্কানা কি কতা বিভিন্ন জাগা না নামের কথা নাম
/kaggle/input/regspeech12/test/test_barishal_0051.wav,গরুর মাতন খাডে থা এই ব্যাডারে তো এট্টা জীবন মুই পাঁচ দিনের দশ দিনের মাথায় যদি একদিন ধীরাই না বইয়া থাহি না হেদনাগ্দিন মোর ওই মনে করেন রেসপশের লাইন কচ কচ কচ কস কর কি আরাদিন খাইয়া তো মুই মনে করেন ভাল ঠেহে না কচ্ছে একদিন তাকি
/kaggle/input/regspeech12/test/test_kishoreganj_0141.wav,বিভিন্ন টর্ম ওগে না টানতো হয় হয় আগের কতা কইলে কতা কইলে আচ্ছা ফিট না কচ্ছে মাটি দুষ কি কইছে মাটি দুষণকি কইছে যে
/kaggle/input/regspeech12/test/test_narail_0141.wav,আমার সৌতিনবগ্নিপতি কনে ভাই আমার তিন না তুমি এইযে হাই তে বল দরতো এগিন তো হবে না আমার কিতা রায় খাইয়া দেবো
/kaggle/input/regspeech12/test/test_sylhet_0156.wav,কাম কিতা খইতায় অখন বউত বালা এগিনেরে ই এলাখা কিরখম আছিলো সময় ই এলাকা যে তো খালি অংক আছিল
/kaggle/input/regspeech12/test/test_tangail_0003.wav,ফড়া তো আর কালের তো ই মানে বুঝে আর কি কিন্তু ভোকালতো একটা মেইন থাকে না পরে ওরা ওয়ারে নিতে চাই নাই কারণ ওয়া এর আগে গান টান করে নাই
/kaggle/input/regspeech12/test/test_rangpur_0009.wav,গরুর পাটা কেলা কি হ্যাঁ আসে না কি না কয় ক্যা বেটি না ডাকা কয়ডা আমরা তো এক না খাবার খাইতে পারি না দিন যায় না
/kaggle/input/regspeech12/test/test_sylhet_0358.wav,না আমার খইতো না ওগলি খাজল ইকটু খইমু ইটা তো আমার টার্গেট আছিল পাশারা আমার একটা প্যারা ওটা আমি কারেন্ট ইয়া তো সেই কারণে
/kaggle/input/regspeech12/test/test_narail_0186.wav,আমি তেইশ চব্বিশ তারিখ যাবু আর খাও না আছে কাইলকে এই যে সন্দেশ টান্দেশ খাওয়ায় আসলাম কাইলকে মিজ্জাফুর গেছিলাম আমি আইছি অচ্ছে আইজকে সকালে কাইলকে সকালে আরকি পরশুদিন কি গেছিলাম দি
/kaggle/input/regspeech12/test/test_narail_0111.wav,খুব না অইলে তুমি তুমি কি কইলে কারণ অঙ্ক সিরি নিয়ে কালিয়ায় তো একটা বছর কালিয়ায় থাকবো ফাবি দিক টু দিবো কারণ শাহিনরে নিয়ে খুব স্বফন বুচ্ছিস
/kaggle/input/regspeech12/test/test_sylhet_0213.wav,ন তই ভুটার খর তে ইতা দেখিয়া নাম দেখি আমরা বাই ফইলা ইতে খুব আসামে তো ফি ফুটে বিদ ফুটে না হয়তো ইতা করি মুন যেতা কদুর ন নেতা ইতা বা ইতা
/kaggle/input/regspeech12/test/test_noakhali_0022.wav,পর ওই কানি রাইখপার আরেক কারে তা
/kaggle/input/regspeech12/test/test_chittagong_0136.wav,রুমে আফুর এন্নে তো ন যাইতের খতা উনিয়ারে মানে জানা খইরে জানা ইবে আইচ্ছা আফু খরতে তুই আইছো না খরদে আঁই ন যাইয়্যুম খরতে কিল্লাই ন যাবি আঁই খইরদি আনি যাইতে হরে যদি তুই বেশি থাক নামি ন গরি বেশি এই সেই
/kaggle/input/regspeech12/test/test_narail_0114.wav,তুমার না তুমি থাকে না তারে থাইক্কি ফরীক্ষাটা রে দিয়া দিয়া তর কুনডা জেলা ইস্কুল ইবা পাকি ন বাহিনী তুই যে কোনো একটা মানে সব কডা দিতাম তাই তারফরে আমি নিজেই পড়া বু
/kaggle/input/regspeech12/test/test_chittagong_0042.wav,হয় না যে খিয়াল গরিব ফরছে হ মা ওগো আইয়েরে আঁর ফাইন্নে হেন্নে গরে এহন এই দিন আব্বা আঁর মোবাইল ওয়েব সাইট গুড্ডি বুইজ্জোস না হ তই ন হয় একটু ফাটি বেকগিন উটি গরে ডাকি গেয়া গরে কি বুজ্জস না
/kaggle/input/regspeech12/test/test_comilla_0007.wav,ও মানে প্রথমে বের হয়ে গেছে দুল্লা মদ্যে বসার জন্য দুল্লা ইটা সবটা কথা আমি রইরমুখেই শুনছি যে দুলা তে যে প্রথমে বসতে গেছে তো তখন ওর সাতে ছিলো ও আরেকটা ফ্রেন্ড ওই ফ্রেন্ডটা আবার মানে একদম ক্লোজ একদম স্কুলের প্রথম দিন থেকে ওর সাতে বন্ধুত্ব অইছে
/kaggle/input/regspeech12/test/test_chittagong_0145.wav,হ্যালো কি তুরা ফোন দেখা তার খতা ন ন অয় হ্যালো না বুলে ছোলা হাস
/kaggle/input/regspeech12/test/test_narsingdi_0105.wav,বানাইছি মোরা একটু পড়বা খইরা মনে অয় ছিনে উডে ছাড়িয়া ছাড়াতি জলি ইটা গিছি জেলির ছিল ইত্তা যাস দিগি ডা তালি আর ই হেডে কী আছিলো কাপের মতো তো দিয়া ফার্স্ট ইয়ারো পুডিং দি আছে না বাচ্চা রাখতায় মাগো
/kaggle/input/regspeech12/test/test_sylhet_0280.wav,আর অইলো গিয়া তুমার লেখা লেবেলের মানুষ তো নান না হয় একটা পাবলিক ভার্সিটিত কি ফাশ খরা একটা মের লাগি তলা লেবেলের পুরুষ লাগা যেটা গ্রামের মধ্যে এভেলেবল না আর আরোখটা জিনিস ওইলো গিয়া তখন গ্রাম তো গ্রাম আমার মা
/kaggle/input/regspeech12/test/test_sandwip_0060.wav,আইসে ফইরজন্ত শাড়ি খিলি ক মা গা কি হাত ঢুকছে অন এইবার যে বিশ টমি ক বাবা কেন্নে থাকমু শাহিন ইন্দি আঁরা কি গরম আরে কিনতে পারে না হরি আন্নে হিন্দু দিলে আবার হেতে খুলি যা গো কদ্দিন হেতে কি খাম খাইল্লা সাড়ে টিক্কাতা
/kaggle/input/regspeech12/test/test_habiganj_0107.wav,তাইন শুরু অইছিলো আর তেইশ তারিক তেইশ তারিক ফারি উনিশ থাকি শুরু অইছলো আর শেষে এক তারিখ রুজার মদ্দে আবার কিছুদিন ফরীক্কা তো তো আর কালান যে ফরীক্কা অইতাছে ফরীক্কা অনেকসময় আগে সাধারণত ফরীক্কা অই তাখে কিন্তু আ
/kaggle/input/regspeech12/test/test_kishoreganj_0134.wav,দাম হয়া যাইতো না তাইলে সুদ্দা ফর কলা কাটা কলা কাটা তে সুদ্ধ ধরমু হ্যাঁ তর মু পেঁপে কলা কা
/kaggle/input/regspeech12/test/test_sandwip_0131.wav,খালি এমনি বাকি জীবনে খাই সাত দিন দিবেন এবার মাটি খইবা যদি খারাপ রেজাল্ট যদি মশকারি করাডা ইয়ারে তো তলাতে চালাইতে বাফে খরদে আর তো নরমাল ফনেরোটা আম্নে আম্নে আর জন কাইটা নে দিন আঁরে কইতেন যে হুনতে ফান কইল্লে বিয়া দিয়া লাইবেন আসলে মানে হিয়ার লাই করি কিন্তু ইয়া লাইবেন যে
/kaggle/input/regspeech12/test/test_rangpur_0102.wav,সাতে কতা হয় না হুম সাতেও কতা হয় নাই নাহ সোয়াগ সেলিম ওরা আগোত খাইচে আর এলা হয় না আর কতা নাহ
/kaggle/input/regspeech12/test/test_sandwip_0042.wav,মনে করছি হরে আর তোমাগো আইবো অক্কনে আঁই তো মনে তো বাত ফারবা বাতের লাই বলি হাডাইবার হুনো বলে আইবো না আবার খাইয়ালাইছে বুচ্ছে আহে না হইয়া লাইফে আর আইছিলো হোটেলের হোটেলে রিলেশন হারাইছি
/kaggle/input/regspeech12/test/test_rangpur_0001.wav,তো আমরার পারে তা গেলো নিবেন না কি কয় কেনো সাগাই পানি খাইবে আগে গেলে এ গরম নাই নিবেন
/kaggle/input/regspeech12/test/test_sylhet_0094.wav,গিয়া থাকতি দে হুম যাতে খইরা খয় দে গাছ দেয় হেনো তুই আজার খষ্ট টেয়া দেওয়া অয় না বড় বাইরে কি তিন হাজার ফার তার দোকান বাকি লাগে দুই হাজার আবার ওই রকম ভাই একটা ফিকটডাও খতাও
/kaggle/input/regspeech12/test/test_sylhet_0588.wav,তর এনরে রাখে আছে যে এনরে সাতে জানতাম আরও আগে রাখলে ভালো ওইলোনে ইতা যে বেটা ইয়া দামে যেটা করা দেবে আরকি যেছাতা গুন ফড়িয়া ইয়ো খরে আর মিল্লা জানলে আগে দি রাখলাম না টেকনিক ফারা তোর ট্যালেন্ট লইয়া তে তো একটু দে
/kaggle/input/regspeech12/test/test_narail_0175.wav,নয়েনের বউ থাকে কয় নে অনে তে তো হুম
/kaggle/input/regspeech12/test/test_sylhet_0748.wav,রা যাইয়া রায় বানা রান্দা ইয়া তো ওইদিন যে কি তার আতায় টানি মাছ ফাইবো খাতা ফাইবা আফনে খাইতানি খাইতাম না ইয়া লিখছো না
/kaggle/input/regspeech12/test/test_tangail_0056.wav,অভিনয় সব কিছু ছেড়ে দেওয়ার একটা অভিনয় কিন্তু যেটা সবচেয়ে বেশি আরকি পড়া দেই বা যন্ত্রনা দেই সেটা হচ্ছে একটা মুমেন্ট যেটা মানে গুড বাই বোলার একটা সময়
/kaggle/input/regspeech12/test/test_narail_0170.wav,জামাই কোন জাগা জামাই কোন জাগা
/kaggle/input/regspeech12/test/test_sylhet_0385.wav,সিলেট ভর্তি খরাইছি কিলা তখন ভর্তি ফরীক্কা আরকি আমি ফারি খতোয়
/kaggle/input/regspeech12/test/test_habiganj_0047.wav,বারি সে গিফট দিতে বালা লাগে দে মানুষে গিফট দিতে ভালোই লাগে দেই দিপিও কেমন সামর্থ্য অনুযায়ী ডিপি গিফট দিতে অনেক ভাল্লাগে
/kaggle/input/regspeech12/test/test_rangpur_0020.wav,শাক খাওয়া খুব ভালো হ্যা হ্যা রমজান মাসে মজা হইলে কি আছে খালি খালি তার আগে কী খান না খা খালি ফাই তাইলে খাওয়া দাওয়া করছেন কি করি ডিম ভাজা বাইগোন ভাজা কী আরও বাজা ভাই
/kaggle/input/regspeech12/test/test_chittagong_0161.wav,কইত্তা কলেজ দে ক্লাস বাই দেও মারসুনা তোরে কি তিন মানি তুই সরকারি কলেজ তুমরা কি বাইত কাজে টেহা হেদিন করতে কোনানে যে টেয়া লবার কত টেঁয়া লাইবু অহন আজার টেঁয়া লেবু
/kaggle/input/regspeech12/test/test_sylhet_0472.wav,না তো টেখা তাকি টা তো জাইঙ্গা কুন জিনিস বইনে খালি কুন বনের কুন জিনিস ফন তো কুন জিনিসটা খাই ওখে বাই তা ছিল বাই খুব কম আত বানাই আমার বাইয়ে তাখে আর খই বইনের টেখার খারনে আমরা আর বইন ইডি একটুখানি ফাইলে তাখতা
/kaggle/input/regspeech12/test/test_sylhet_0304.wav,সিলেক্ট থাখতাম ফারি ওউ কন্ডিশন বিয়া তাইন পলাতো ঠিক আছে তো তাইনো তাইনোর মা বাবার বুঝাইছোইন যে তোমরা যে ই ফুরিরে গিয়া বউ দেইক্কি আইছো ই ফুরির তো রান্দা বান্দা খাইতায় ফারতায় না ফুরি জীবনো বাদ যাইতো না সিলেট তাখতো তাকরির ফরিক্কা দিতো তা খরতো তা খরতো অখন
/kaggle/input/regspeech12/test/test_sylhet_0020.wav,মা নাই কি দি টি দিন পর তো সন্ধ্যার সময় ব্যালগাছে নিছে গুজা খরা বিল পাল গাছে নিছি গুজা খরা পতম বিল যদি সন্ধ্যার টাইলস প্রায়
/kaggle/input/regspeech12/test/test_sylhet_0732.wav,তুমার সাথে আই দুইটা একটা আছে তাড়াতাড়ি ধরো বিজে যাইতো আনতাম ফক্কাতাইলি কোন কোন আয়োজন খরে তো এরকম আইজ খরে আমরা না কয়েকটা নাম খইলে আরেকবার কই নাম টাম
/kaggle/input/regspeech12/test/test_rangpur_0039.wav,করছে টার কম দামি গেছিলা তে ভালো এই বেকার গুলা খুব ভালো কিতাত কেমন লগো আসলেই দেখমো কেমন আজকে আল্লাহ আগে মুই
/kaggle/input/regspeech12/test/test_rangpur_0082.wav,হামার মা যেমন অভিনয় ঝেমন করি হামরা মাওক ঘরে দেখছি ওই দান করি হামরা একনা কিছু শিকছি বুজছিস ওই যে শাজানের বাপ ঝেমন শাজানের দেখছে এখনা কিছু কিছু
/kaggle/input/regspeech12/test/test_chittagong_0005.wav,তা না তারা খয় তো বিশ মুন এহন তো এইটা দে ন বইয়ে সকালে এক্কানা গরি যাইয়েরে বইলে বই তারফরে তা পিটার যাই কুন্ড যাইয়েরে ক্লাস থাকে ক্লাসে ক্লাসে যাই তো আই আই খালা তো আইয়েরে ফইলা তারা ঢুকি কলা টান ইয়ারে ন দেয় হেদিন না আই
/kaggle/input/regspeech12/test/test_tangail_0012.wav,ফেরি মার্ক আসলে ছিলো হোমোসেক্টুয়্যাল তার সাথে অনেক ছেলের সম্পর্ক হয় আর এই বিষয়ডা মাজে ছিলো অর যে যে ফিল আর ওয়ার সাথে আর কি ব্রেক আপ হইয়া যায়
/kaggle/input/regspeech12/test/test_sylhet_0581.wav,ইতা খয় ওই যে হে তার ভাঙে লাগছে কিন্তু গলাটা ইবার যে আমরার শেখ আছে না পার্ক ওই যে প্লেট এখটু ছুটো অইলো সুন্দর দুইটা আর আইডি ছটা টা রেল গাড়ি একটা কাই টাইন সুন্দর লাগছে
/kaggle/input/regspeech12/test/test_chittagong_0060.wav,ন জানি কী এরকুম এই তো তা কোনো প্ল্যান ট্যার নাই তোর সিটি কলেজত তুন লই গেছে না হ্যাঁ ডিলিট পেপার লইন না সিটি কলেজত তুন কিনলা
/kaggle/input/regspeech12/test/test_sylhet_0239.wav,মুখ না ও ফারা গোল আমরারে খরতো ফাইবো আর আমরারে বর দোয়া দিবো যে আব্বা নাই খরিয়া আমার খাইছোইন না তারা বাইয়াইন আমারে বুজা মনে খরিয়া বিয়া দিলাইছোইন এখন তো তাই যেহেতু খরতো ছায় আমরা একটু দেখি লাই ওউ দেখি লাই ইয়া ও দেখিলায় দিতি নে আমার বাই আমরা নিয়া
/kaggle/input/regspeech12/test/test_narsingdi_0122.wav,বইন প্লিজ এয়ার পর তাই লাগা নালি কানা কইরা লইছি এ দেখ টাখা দেখতে কি সুন্দর না চেকে দিছি ডেম একই কার একটার দুই রূপে না এইযে হিউম্যান থাকতে ফারে মুজাহিহেরে ডেমনড বানায় দিছে
/kaggle/input/regspeech12/test/test_tangail_0021.wav,দুই হাজার এক সালে রিলিজ পাই সে রিপিট আমার অন্যতম একটা হেবা এক মুভি কারণ এই মুবিডা একটা লাস্ট রই মুভি আর নায়ক থাকে না থানা নায়িকা
/kaggle/input/regspeech12/test/test_sylhet_0394.wav,আচ্ছা পাতার সমস্যা আছে না ওখানে দর জন্য লাগে আইজকা ডুকি যায় না ওই যে কিছু ইতা ইতা বাসার সামনেই দেখ কি আড্ডি যদি আগে একটা প্রায় আছে
/kaggle/input/regspeech12/test/test_sandwip_0025.wav,বলা যার কাইলে না জাহিদ একসময় এরকম আইছলো আমার বয়স অই তো তো আছার হেন্নে ভালো অই যাইবো হেলা কই ভালো অই যাইবো কতা আই হিয়ার এক্কারে মানি সব সময় আছে মা ফারে যেসমকা জাহিদ জাহিদ যেসময় করতে হয় হেসমকা ফারে কতা কন কইছে আগে আছ মাফে দেইখবেন আমনের আংগো আরুগগা ম্যাডাম আইছলো
/kaggle/input/regspeech12/test/test_sylhet_0040.wav,লক্ষীর ঘরটা আছে না দুর্গা সব ঘরের মইধ্যে পানি নিবো ঘরটা উটছে না পানি নিয়া তারা লাগবো এই পানি দিয়া পরে আমাদের হাতে ধরি আছে এই যে ইটা সবাই কাটার বিত্রে অপরাদ তার ডাল আর তাকি ইতা ফুলের ডাল আরে কি কি কইরে ত্রাণ খরিয়া
/kaggle/input/regspeech12/test/test_chittagong_0039.wav,কিত্তাম হ দে আড্ডা গো দি ফরাদ দি লাইগা কিন্তু আমি জোর মুইয়ে একটা আড্ডা গদি কি আঁর গরমের বইন খায়ালা আর কি হ ইয়ো বইন আঁর চিন্তা করবে দি ওয়া লেখা করি রমজান মাসের ফোয়া লেখা ও না হ
/kaggle/input/regspeech12/test/test_noakhali_0024.wav,একজনে কতা কয় কইবো তারে গরি আর না আন্নে তো ঈদ বাগের ঈদ বাগান বিয়া করো ইয়ার গাছ দিও বিলিয়ার্সে কা এডাই মনে লাগে না কি মনে লাগে বুইজ্জি তো অংকা
/kaggle/input/regspeech12/test/test_sylhet_0178.wav,ন তো কিচ্ছু খরোইন নি আর বাইরে মালা খাই ফাই কিচ্ছু নায় এখজনের অতো খরা ওউ মাদ্রাসা চাখরি খরোইন এখজনে ইতা ওতো খয়টা উরা নাই লার মতো কি কুনু ফুরো আর এখজন পড়া অন্যদিন পরা আর আর দারো খাম খরোইন ওউ বলে আর কিতা কুনু ফাছা
/kaggle/input/regspeech12/test/test_narail_0185.wav,আই
/kaggle/input/regspeech12/test/test_sylhet_0603.wav,আমার বা কুনু স্কুলো আছে না বলে ম্যাডামে সিলেট তাখন সিলেট সেকেন্ড এই প্রবলেম ওয় এরফরে ম্যাডামের একসাতে যখন ছবি টবি তুললাম আমি ম্যাডামের খইতাছে ম্যাডাম যে বালা লাগছে স্যার ম্যাডাম আমার চিনি দিছে মনে অয় নি ছিন্তা নানি তে তোমরা তো মানে
/kaggle/input/regspeech12/test/test_narail_0044.wav,দফাদার দফাদার না রাখলো কে কুন জাগা হয় দফাদারের জাগা রাখলো তোর বাবা খুঁজ দেরি দফাদারগে ওই সুমা শান্ত বু তুই তো তিনি ও মানে তবে না কিডা বড় বেডি বংশের ফাল
/kaggle/input/regspeech12/test/test_narail_0129.wav,গরমের ভিতরে দাঁড় আবার উঠি কেউ হঠাৎ করি কচ্ছে চন্দন যার আতো এহন যে প্রচুর গরম তো ঘাইমে যাবানি থাক পরে সুমায় আছে তুমি আমার অডে ইলিশ করতিছি আর একটা সুময় দেও
/kaggle/input/regspeech12/test/test_sylhet_0383.wav,মতো যদি থাকি না তাইলে খই থাখমু তে এখটা বছর এখটা ইয়োর মতো দিয়া গেতে বা বড়ো তিনটা তার মজে দিয়া গেছি গিয়া তারফরেও আমার বাইন্দে আনছোইন আমার একটা কোচিংও দিছোইন দিয়া পাও নাই একটা ব্যাক গেছি না ওর মেস উঠতে ওনো আমার লগে আরো ছাইরজন থাখতো কা খরতো তারা আমরা এখলগে
/kaggle/input/regspeech12/test/test_sylhet_0287.wav,পরিবেশ আমাদের যে সময় তো আমি হয়তো আমার তে ইটা কোয়ালিফাই থাকবেন পাই না আমি তখন আমার ফিউচার নিয়া সার্টিযে আর খাইবো আমি যে স্ক্রেসের মাঝে রানের মাঝে উঠছি আমার একটা জব ওইবো হুম এবং আমি তাইলে এখন আমার যেটা কোয়ালিফাই থাকবেন পাইম
/kaggle/input/regspeech12/test/test_narail_0107.wav,যাবার ওইটা আজি গিয়া যখন ডাক্তার দেখাইছিল না ইনফেকশন হয়ে গেছিলো আর এবার দেখলাম ইনফেকশন ইটা কম গেছে আর ওটা ভেঙে ছোটো ওইয়ে গেছে নি খন্ড ফান্ড ওইয়ে গেছে
/kaggle/input/regspeech12/test/test_sylhet_0043.wav,না মানে মানে ঠিক খা ফড়া লেখা ফড়া করুন আমরা আমরা বেশি একটা মানে ফড়া লেখা একটা ব্যাপার ওই মানে আঞ্চলিক ভাষা নিয়া আমরার একটা রিসার্চ আর কি তা আমরা এমনি একটু গফ করমু না কতাডা কি আসিল ভাষা দরখার আমরার
/kaggle/input/regspeech12/test/test_kishoreganj_0028.wav,আমার ফরা দিন নামডা ভুইল্লা তিকা মানে এইলা মারা গেছে কিনছিলে আছে ফান সামাজে উঠতে এই যে একটা ইস্কুল আছে কি একটা কিনার গাড়ে হ ইস্কুলের লগে ওইডা মারে নাম কিতা সরকারি গাড়ি বাংলাদিন
/kaggle/input/regspeech12/test/test_barishal_0039.wav,এহন কয় কি কয় এট্টা গরু পালু বিজি খেয়াল করেন গরু পাল তে হইলে খাটনি বেলা রাইখা নে বেশি না এই যে আমনে দি ক সন্দা কালা তুই গাস বোজা কাডলে কি দরকার থুইলে রতন তারপর খাইল্লা হালাইতে হইতে চালান কা হ্যা কইছে কি কেরলাগি কাম করে আর ধান থাকতে ওগে তে ধান কাটতে
/kaggle/input/regspeech12/test/test_chittagong_0023.wav,চিটাং অত কী কী গইরগি ফর্দা না চিটাং অত গেলাম হেডে ঘুরলাম গাড়ি অইলাম বেয়াক্কুন লইয়েরে ফুচকা হাইলাম গেলাম ফুসকা টিক্কা হায় আয়ও বইন আর ন খইতো যে অর্থ হইবো বেশি গরম ফইরগে তো
/kaggle/input/regspeech12/test/test_narsingdi_0030.wav,একটা টিম যুত্ধে ওই যে কয়দিন আগে ইয়ে দেখলি না রিপোর্ট আর আতার আলি খানরে জিগাইলো যে আপনে বাংলাদেশ কি বাল কাপ জিতবে কবে বললো যে দুই হাজার তেইশে
/kaggle/input/regspeech12/test/test_habiganj_0111.wav,ফইরা যায় মানে মানে একটু তিরিশ নাম্বার উঠা লিবো বাট মানে ফাশ নাম্বার আর কিছু না ওটা লিবো ইরম ফইরা যায় মানে ঠিকমতো ফড়া নাকি আর রোজার মতো ফরীক্কা এর লাগি একটু ইকটু কিতা মানে ইটা আনি দি ফিল খরি আরকি
/kaggle/input/regspeech12/test/test_barishal_0025.wav,এ আমনে এই কথা না ইয়া না খাইলে আমনে খাইয়া হাজার ডাক্তার যে পুট খাওয়ায় না পোলাপানরে উনার কই যে ঘুরি ঘুরি ট্যাবলেট টা ব্যয় সাদা ট্যাবলেট টা বাচ্চা কঠিন উপগার জিনিস এই লোক এই না না করেন তিন দিন খাওনের পর যে লোক তার লাগি আনি ভালো হইয়ে গ্যালে ওইডার খায় না এতো কইছি যে এই অফিস চালাবি না
/kaggle/input/regspeech12/test/test_sylhet_0025.wav,বন্দু ইখান তখন বারে বাসাত ওইছে রান্না বন্দি নাই খাই নন্দের তখন আমরা গি খাইছে ওয়ার ফরে গুরা গুরি টায় ইখানো শান্তি চাছিনু পূজা তো দশ বুজা মার দুগা খতো তিন টাইম যে ফূজা খরা মানে অনেক পূজাও হয় টাকরি খাইছি
/kaggle/input/regspeech12/test/test_habiganj_0092.wav,তুমরা বাড়ি গুরানিত গিয়া বিক্রি এক্সাইটেড একদম বদ্র সদরের মতোন বালা মানুষের মতন বা বা পিছে গুরো না ঘুরানি গেলে তো একটু মানন্দ ফরার লাগি মানুষ ঘুরানিত তায়
/kaggle/input/regspeech12/test/test_barishal_0026.wav,এই মাসটা থালা বি না এই ম্যাডাম যা ও বিয়া যে বোতল মনে করেন দ্যাহা মাথা নষ্ট হইয়া যাইবে যে ঘুরো কারার সুনা এইরম হালাই দে নি এইটা ই করে বল করে আর এইগুলা
/kaggle/input/regspeech12/test/test_narail_0061.wav,ইভাবে না মাইয়া লাগায় দাগ তা কইরে ফেইললি ওর কাজ তো অন এক লাফা আছে রাস্তায় নাইলে বলে কার তিন ঘন্টা
/kaggle/input/regspeech12/test/test_sylhet_0204.wav,ওতা বাজে দেখতাম যে যেদিন দা খান বুজাইতে অয় ইদিন ইস্কুলের টাইম যদি ওইতো দরা আমি গিয়া খইতো একটা মাটটা
/kaggle/input/regspeech12/test/test_habiganj_0040.wav,এরফরে থিকা আর বাজার দর লাগে দান আমার আমি ইত্তা খরি তরখারি বালা খইরা বাগ মুছ মু টক খরমু খইরা খইরা আমার ইডা একটু একটা ভাবতি কই মা কিন্তু পানি উনি খম দেয় আমি কিন্তু তরখারিত পানি বেইট্টে দেলায় সব তো খরমু ঠিকাছে লাস্টে দিয়া এমন খানি দেই পানি দিয়া তরখারি একবারে বারোডা বাইত্তে যায়গা আর তরখারি আর বিটি জাল দিতে দিতে একবারে তরখারি গলায় নাই
/kaggle/input/regspeech12/test/test_tangail_0007.wav,আইচ্ছা তারপরে তো ও ব্র্যান্ডের জব দি লই আর ঠিক এই সময় এই ফ্রেডির সাথে আরেকজনের পরিচয় হই মেডি
/kaggle/input/regspeech12/test/test_chittagong_0011.wav,হয় রে বাই করছ অনেক খাম না ঘুরা ইয়া হেই বেড়ানি হ না তো তা না ও দুরা বালা আছে দে হালা সামনে নদি তো দিয়া আয় ইদানিং
/kaggle/input/regspeech12/test/test_habiganj_0024.wav,তিন বেলা পূজা খরে না অনেকে আছে তিনবার টুরা দে সখালে গুম থাকি উইট্টা দিবো নয়টার ভিতরে আড্ডার ভিতরে আবার পরে দিবো আবার না ফরে দিব
/kaggle/input/regspeech12/test/test_sylhet_0329.wav,অন তিন মাস তখন বইলা যে আমি কই আমি একটা তো আমার বালা লাগের না তোমার একলা একলা ফরিস্রম হয় আমি এখলা তে ফড়তা দিবি আর করো বেটা বাডা খতা তে আমি ছুটো খাটো চাকরি করি করি কর কিতা চাকরি খরবায়
/kaggle/input/regspeech12/test/test_comilla_0016.wav,বেতন দেও দিয়ে বেতন দিয়ে উনি ইস্কুল থেকে বের হবে উনার মেয়েরে নিয়া স্কুল থাকি বের হইতাছে তে উনি কিন্তু জানে না উনার মেয়েরে যে অবস্থা সবাই বলতেছে কেউ একটা কারেন্টের শখ মানে সবাই একটা দারোণা করতাছে যে কারেন্টের শখ খাইছে এইজন্য কেউ একটা বাচ্চা দুর্ঘটনা ইয়ো হইছে ওরে
/kaggle/input/regspeech12/test/test_sandwip_0004.wav,আট মিনিট নি হার যাইবে না এক্কবারে এই চুল এক্কবারে তিন চাইর বার কস হইছেলো কন না হিতা হাবিরে আর একবার গোসল অইলে চাইর দরকার বেরাই লইতে অইবো ফরে ফারি
/kaggle/input/regspeech12/test/test_habiganj_0025.wav,আইচ্ছা প্রসাদের মধ্যে খাবার মানে থাকতেই হবে বাধ্যতামূলক প্রসাদের মদ্যে দুধ জাতীয় খাবারটা বাধ্যতামূলক ওই থাখে আবার পল টল বা তুলসি পাতা তো আমরা বাধ্যতামূলক তুলসি পাতা সব যে কোনো প্রসাদ মদ্দে তুলসি পাতা দেই মানে যেডা দিয়া পড়তা চার যাইমু যেডা দিয়া ভোগ দিমু ইডার উপরে ফাতা দে
/kaggle/input/regspeech12/test/test_noakhali_0021.wav,রুকি থা না ওটা বাই ফল অইছে না হুনছিলাম না
/kaggle/input/regspeech12/test/test_chittagong_0154.wav,ফরে একটা অইলে না তার হারে ছয় কিনা আনু করে ওই যে মানে খেলা মুন্না কি হোন দে কত না তান যে ফারে টেকেই এরতুন বান্ধবীরারে গেই বান্ধবীরার তুন আন্টি ফুন গইরজি দে বর্তি অইতে যাবেনে
/kaggle/input/regspeech12/test/test_sylhet_0005.wav,সব মানি খাম গুলা ই
/kaggle/input/regspeech12/test/test_chittagong_0175.wav,আজ্জা কুটুর ভাইয়া যে জুর গর যে আন্টিরে থাহিবার লাই ন থাহে কুতুবরে থাখে না কি ফুত বা সামনে যা জল লাগে তোর মাঝে মাঝে ইয়া ইটা তো যে মোবাইল সারে যাই রাখসি
/kaggle/input/regspeech12/test/test_narail_0113.wav,ওরে কয় ফানি এই তো দিলে চরম একটা ব্যাথা কেনো জানিস কার তই আস্তে কি আমার বোন টিরাই চামলা তে ব্যাস্ত ছুপি মুটি বাদ বাল্লা
/kaggle/input/regspeech12/test/test_sandwip_0047.wav,তার লগে কি এইল্লা ইচ্ছা তাই একটু মোর বাইর ইলা বেশি তাইন লো ফাতা তো এগিন ফরে না না না এগিন ভালা কামাই হেগিন
/kaggle/input/regspeech12/test/test_narail_0131.wav,দি তো কি তুমি খুন না কবে তাই কও যাবানি দেখি হয় তো বি খুলনা আমার সত্যি কথা বলতে কি আমার এখন এই জাগায় আমার থাকতি ভাল্লাগে না
/kaggle/input/regspeech12/test/test_sylhet_0539.wav,তাখি আর গেছে না আর টারি যাই আগে তাকি খইছে তারা বলে এনো গিয়া ই টারি গেছি তাইর বাড়িতে দিন তাই ফেন্ডরে এখন আমি নামি খার যাইতাম না কেউ যাইরা না আর ফরে যতো
/kaggle/input/regspeech12/test/test_kishoreganj_0048.wav,লাশ গাইছোইন লাস খা লাস খারি দেই লাস কে কুন আগে তো বইত্তে ভালো আইয়া
/kaggle/input/regspeech12/test/test_barishal_0076.wav,আর এক বেলা যুদি মনে না থাহে এই
/kaggle/input/regspeech12/test/test_narail_0178.wav,অ বলে কি কাজ বাস কত্তো
/kaggle/input/regspeech12/test/test_sandwip_0087.wav,মাইজ্জাগা স্কুল ধরতে তা হুরা উগগা আইছে মাইজ্জাগা মাইর জাগা হাতো দিতো মা মা দিতো যে
/kaggle/input/regspeech12/test/test_tangail_0061.wav,বরুন দা বানি ছবিতে মানে বন ধানের নাম দেন আর অইছে বানি তার নাম অইছে শিউলি ওই অক্টোবরে যে শিউলি ফুল আছে না ওই শিউলি ফুলের নাম এই আর কি নাম শুড়ি
/kaggle/input/regspeech12/test/test_kishoreganj_0047.wav,এ অইছে কনো বিল বিল অইছে অনেকে কান্দা কাছা না ফান না কাটা
/kaggle/input/regspeech12/test/test_sylhet_0076.wav,আইচ্ছা মানে ইতা কিতার লাগি খরোইন ইগু আমি বাই একটু আইয়ে বালা লাগে ইয়ো খরি না তাইন কাম তে এহন ফড়া লেখা খরো দুইজনে মানে ইচ্ছা কিতা কিতা খরতায় আমি না আমি তো মানে অবিজ্ঞতা আছে ইতা তো তাইন কিতা ইংলিশ ওই
/kaggle/input/regspeech12/test/test_sandwip_0059.wav,চা আইতেছি তো দইরজো এক্কানো নাই না দিয়া আঁই তো দে না ইতে ফরি কচ্ছে শাড়ি নিতে থুইয়া ইবে খাতে
/kaggle/input/regspeech12/test/test_sylhet_0271.wav,ইটা গ্র্যাজফাইতে গেলে আর ফাই সাবজেক্ট ইংলিশ অখন ইংলিশ সাবজেক্ট থাকি ইটা পাওয়া অনেক কঠিন ইটা তো আমি ফয়লা বুচ্ছি না ফার্স্ট ইয়ার তো ফরীক্কা দিয়া ফার্স্ট সেমিস্টার তো কুনু রেজাল্ট দেখতেনি এখন থ্রি পয়েন্ট জিরো এইট ফাই
/kaggle/input/regspeech12/test/test_habiganj_0086.wav,আর ছুডু ভাই এগুলা মাদ্রাসাত খরে আর একটা ওইলো গিয়া যুগ না এরা কেমন দুষ্ট আমি খরে বা তোমার খতা স্বান্শিষ্ট না দুষ্ট নাকি তোমার খতা খতা শুনি নি এরার এনের খতা খইলাম রে তো টান খরে
/kaggle/input/regspeech12/test/test_sylhet_0733.wav,কইলাম যাতি নি তার ওদের বিয়া তারফরে না গ্লাস ন বাদে ফান আর কিলা ওইবো বাজি না বা না তালা কি বালা না তার বাদে কি অইবো বিয়া করি তো বাচিবার বিয়া কিতা আসি বিয়া বিয়া কুন দুইটা তান ফানি ফড়াইন চা মানে না বা রাতকে বা কি করা
