path,transcription
/kaggle/input/regspeech12/test/test_sylhet_0070.wav,এগুত্বব্যচত আমি সারি পরে পরে দক্ষিণ সময কলা যোকে চাম বইন মঙ্গল বন বলতে আমার বেস্ট মানে কলা বলাকা ব্যস্ত তাই আমি গেছি তাই আস্তা থাকি
/kaggle/input/regspeech12/test/test_narsingdi_0002.wav,ই খারাপ ফেলাই আছে না তারা ওই লিগগুলোতে ভালো খেলে ডমেস্টিকে ভালো ফেলে পরেই তোদেরকে জাতীয়দরে ডাকা হ প্লেয়ারত়র একটা দিতেনা প্লের
/kaggle/input/regspeech12/test/test_sylhet_0637.wav,তার তা যৌথ নে তারা কিতা যৌথ নি একলগে তাহি হা
/kaggle/input/regspeech12/test/test_sylhet_0227.wav,তো কান্দি কান্দি পরীক্ষা দিলাম পিয়াউইয়ার আইসি কত সেরা সামার পরা ও বাড়ির রাস্তা একটা উছ নে বাড়ির ঢুকবার একটা রাস্তার সিকলাত্রি পরীক্ষা দি আইসি বাদে দেখি আমার বায়েনা রাস্তায় গুটমাটিল মামাটি ফালাইয়া আগে বল করে
/kaggle/input/regspeech12/test/test_tangail_0035.wav,২০০০ সালে রিলিজয়কিন রেডিমেট ছিল অ্যানডি এই ছবিটা যখন অস্কার পায় তার পরে আমি প্রথম এডার নাম শুনছি লাই ফোর্ট পাই প্রথমে বাবছিলাম যেটা ম্যাটম্যাটিকসের কোনো ঠিকিটিকনিয়া হব যেহেতু লাইফ পাই আছে অ্যাম্বপা়এর
/kaggle/input/regspeech12/test/test_narail_0103.wav,করে মানে বুকে বলতি ভিতরে অপারেশন করিছো নবারেশন করার কথা কহনিটুমারটা এমন জায়গায় সেটা দল
/kaggle/input/regspeech12/test/test_rangpur_0053.wav,আগে টেকা আলা খাই ঝাই বাগানে হাট ছিল রাত্রে ভরে রা আল্লাহর কাছে হাজার শুকুর মোর কোনো দিকে টেকা যার বাজার না
/kaggle/input/regspeech12/test/test_sylhet_0067.wav,তে আমি নিজেরে বুঝলে লামার ফরা বস খরলাম নে পরে তারা মনে সেম বর্তি তো নলেদিন গেছি কি আমি মার্চের ১০তারিবিআয় গেছে ফেব্রুয়ারির
/kaggle/input/regspeech12/test/test_comilla_0032.wav,অর পুরা ফেমিলি আমাকে খুব লাইক করত এখান থেকে আমি ২৪ বৎসর ছিলাম এইখানে আমার ওই দেশের চলাফেরা খুব ভালো লাগছে কিন্তু অনেকে বিদেশ কষ্ট এই সেই কিন্তু আমার কাছে খুবই ভালো লাগছে
/kaggle/input/regspeech12/test/test_narail_0018.wav,তা আমরা তো খাই নেতা আমরা খানে খানে রা খাই না যদি ওর মাসে তে টাকা দেশে দিয়োতামাসে তোবা খাইছি তো মাসে তো বাইছুমরা খাই মরা১০হাার টাকা পাইছে তা তর মা ও জানে সেটা সবাই যেন সবার এতো সব মেলাদিন আগে আমরা সবাই
/kaggle/input/regspeech12/test/test_sylhet_0047.wav,খোলা যে বাজারগুলা গুলো যে যা লাগে পাইবে বাসার দই নেট টানি পিটি পিসি
/kaggle/input/regspeech12/test/test_sylhet_0203.wav,রুজের মাঝে দানগাঁটা দান কাটা খুব কষ্ট আছে কুটালইয়ামুরুব আর টেখা দানেই আর চাকরি ফুরু আমার শিলতাচাকরি কাকা যদি একবার তা বিদা আর
/kaggle/input/regspeech12/test/test_chittagong_0166.wav,আজ রাজ ফিরা ইয়াসনিলা় সাই দেনাদলনরতনা নতুন বার দেনা তাল কত দন বিএম আমন্নিতদলনো বের কে
/kaggle/input/regspeech12/test/test_narail_0155.wav,ডাক্তার দেতে দিন কোনদিন মধ্যে পুলিশ পুনারোদিন ডাক্তারে কি
/kaggle/input/regspeech12/test/test_habiganj_0060.wav,ুটোদুয়েডআউতা শয়তানিতারে একটা দিলে দশ চা দিব আর আমার সুডু বাই ডেত আমারে
/kaggle/input/regspeech12/test/test_habiganj_0033.wav,ছা তুমার গাঙ্গাটন্না নিয়া এহন গোসা দিতা
/kaggle/input/regspeech12/test/test_rangpur_0065.wav,মামা যাআর কন আতার কথা ক হ সেই কার কথা কান্না বেটি ইবা কারণে
/kaggle/input/regspeech12/test/test_sylhet_0113.wav,খালা জামাইও আছে তাই রুজি হবার মানুষ আছে তারা লাস্ট নারাই দিবানে কষ্ট করতাছে ফল
/kaggle/input/regspeech12/test/test_kishoreganj_0185.wav,কাবাব এ লতি
/kaggle/input/regspeech12/test/test_sylhet_0248.wav,তখন পরিয়াকৃত হইল তারারে একটা জবাব দেওয়া তখন দায়িত্বর মাজে ফরে গেছে বাইরা মানসম্মান রক্ষা করা ও ফরতাম পরে পড়তে আমার টার্গেট আছি যে সাইর মিনিমাম ফাস্ট ক্লাসটা জন্য থাকে
/kaggle/input/regspeech12/test/test_sylhet_0482.wav,রে রাখেয়াইখানা যার কারণে তাকে আর সুস্থ মানুষ সমস্যা নি নে সমস্যা বেশি জাফর টা নিজের বাসা থাকে দূরোই পরে বুঝলাম না খানিত ভবিষ্যৎ জল করা লাগিয়া ইস নিজের বাসা ক কি বা আমার সমস্যা লাচ্চা এর জন্য অনেক
/kaggle/input/regspeech12/test/test_sylhet_0236.wav,তোমরা বিয়াদিলাইতা হত্তি তা ইচ্ছা কইলাম রেজাল্টো ফরসি এখন আপনারা ইচ্ছা আপনারা দিলাইলে তো দিলাই বা দামি পরতাম মামা করার ইচ্ছা আছে
/kaggle/input/regspeech12/test/test_sylhet_0391.wav,ভাড়াটেনিআটি
/kaggle/input/regspeech12/test/test_narail_0136.wav,না দুই বছর ইন্ডিয়াদে বেড়াবে আর দুই বছর আমি যাব দুই বছর যাই আমি কাগজপত্র রেডি করবো মারে নিয়ে যাও কোন বিতাল ইউরোপের যে কোনো দেশে ডুকার স্থাইতালি জার্মানি
/kaggle/input/regspeech12/test/test_sylhet_0097.wav,সালো সাই টিহা সব জিনিসের সবজি যুদ্ধর কা হই পরে টান মামারে হর আর বিশাল
/kaggle/input/regspeech12/test/test_habiganj_0103.wav,হুস্টেলো বাদের বিভিন্ন মানুষেরা যে আঞ্চলিক ভাষা কেবলসোকেদেহ খেত হিসেবে ভালো লাগে উমার হাসে আমার বাসা আরে সিলেটের বাসার কেউর বাসা তা না
/kaggle/input/regspeech12/test/test_sylhet_0576.wav,আলটিবাগতইদ কিলান গেল এনতে ঈদ্দমানাফিলো আমার দেখইন
/kaggle/input/regspeech12/test/test_sylhet_0481.wav,বইনে আমরা লগে মা পিয়ানেতার অবস্থা শক্তিশালী কোম্পানি তে মারা বুরা শক্তিশালী খুব বেশি ক্তিশালী
/kaggle/input/regspeech12/test/test_narail_0083.wav,হাসপাতালে বলা না তিন চার দিনের জায়গা থাকবানা
/kaggle/input/regspeech12/test/test_sylhet_0042.wav,প্রতিবছর অলা লাতিঅনেক টাকা লাগে অনেক টাকা লাগে আমার গিনি সব
/kaggle/input/regspeech12/test/test_sylhet_0148.wav,কেবাবে থেকি বাবা বারি শিবগঞ্জ কাক বাবার বারিত দেখে
/kaggle/input/regspeech12/test/test_sylhet_0622.wav,গুলা হই আসলে কার দেখতে শাগে নি হাঁডির পরে নে নে অন্তত নাই ডাক হি
/kaggle/input/regspeech12/test/test_sylhet_0208.wav,বাবিরা হইত না গত মাতি নাগো তার বারি নিতে তাইরে পড়াযইতো তাই একটি ফাঁস করলে পরে দিয়া দিব যত মানুষ হয়তো ও এসএসসি ফাসলাওটাসিল টার্গেট এসএসসি ফার্স্ট টার্গেট পরে লেনি মোট একটা ঢাল
/kaggle/input/regspeech12/test/test_habiganj_0028.wav,নির্মল তাহে পূজা তিজাদৃতীয়বালত নিয়মকিনদুনিরা মি্কা়যইতেওন না মিকাইয়াদিলির বালা আমরা তো মাসের মার যে দুইটা একাদশী করে ডারমাই যে একদিন তো উপাস্থাকেই সারা দিন ফলুলভাইয়া করি এখনো পরেরদিন নিরা মিসা ফরে আবার এমনিও ফুজগযাওইলে আরো কত পূজো যা আছে না নিতা তো পাস্তা ক্যানিরা মিশকাইয়া ফুজাতে লাগে
/kaggle/input/regspeech12/test/test_sylhet_0559.wav,খুব হইছে হঠাৎ দেখি নতুন সবসময জেলা সম্ভবত উপজেলা আরো খিক দে উপজেলা কোনো অনুষ্ঠানে লজিক দিয়াসাউন্েই ফুরা বুঝা যা
/kaggle/input/regspeech12/test/test_sylhet_0514.wav,ইবলা ই টি দুনেমারফর্সা মোজা ফোন এমডি কেচি
/kaggle/input/regspeech12/test/test_narsingdi_0109.wav,মা মানে এইযে তেল সিটা ফইরোমুরাগেলা করার ফাইনি কিন্তু এসবে২১োটাতেল সিটে আসতাতখাল ফোরে কেরে এরা এলেগেগারহু়া যে গরমে রসুন মোরে সি
/kaggle/input/regspeech12/test/test_tangail_0078.wav,সেও আসলে ধারদে না অনেক হয়ে গেছে পরে এই সবাই সিদ্ধান্ত নেই যে শিউলি মানে নাইকা মানে বানি তাকে হাসপাতাল থেকে বাসায় স্থানান্তর করা হবে
/kaggle/input/regspeech12/test/test_kishoreganj_0031.wav,এদিকে সব পুরা দের নিলো এই এই উদ্ধার লাগে না এইডা তা কথা
/kaggle/input/regspeech12/test/test_sylhet_0249.wav,মিনিমাম ফার্লার খাটার তোলে পরে বিষ আমি তারফর ইন্টারো বা গরস কলা শিকাইবরস্কলা শিবা ফরীক্ষা দেও বাদে বারিত কে তে আবার লা ধরসে মানুষে
/kaggle/input/regspeech12/test/test_sylhet_0545.wav,রহিত অবস্থা প্রাইভেট ফরছি প্রাইভেট দেখতে পরে মেরিন কোর্স
/kaggle/input/regspeech12/test/test_sylhet_0716.wav,ন দিলে ম্যান থাহাই লাগে না ম্যান্ডাটোরিটা
/kaggle/input/regspeech12/test/test_sylhet_0531.wav,এক সময ব্যবস্থা রাশি রাইকা দি লক্যা মালের তারার তারার থেকি তা
/kaggle/input/regspeech12/test/test_barishal_0002.wav,ওই না দেহি কি মা নাই এত গরম লাগে বেশি ভাবে টাকা রাকা
/kaggle/input/regspeech12/test/test_narsingdi_0132.wav,সুর বালা তুমি জেই কি উঠা ছিলাম আমার তাকা বার্তা দেখলা মার নিজের এমন আবার বাবার কতা লাগে কি হুট একটা বাচ্চা হে শুরু বেলা তো সফর তারার বোইন আমি ছুটবেলা হয়তসুানিের শুরু বেলার সুবেেলাভেরা না সরবোরইনোসান লাগে কিন্তু
/kaggle/input/regspeech12/test/test_rangpur_0035.wav,আমরা চাই মাঝে মধ্যে গেলে এখন ধুর বারি কি করবে তা হয়তাইখাওয়া লাগে নাগালা সরাই সবতার মাঝে মা আছে
/kaggle/input/regspeech12/test/test_rangpur_0124.wav,তর মনে কর এলা সাত দিয়ে ইউরিয়েশার পরাজপস্রেট এগলে দিয়ে শাক তোলে ফোলে গান দিবে যা বুজারে পইল লই তলা পরে না অবস্থা
/kaggle/input/regspeech12/test/test_narsingdi_0060.wav,না সেল কোন না কলাম যে বইন আমার মেমোরিয়াসার দা ফিডা ফিলি আস্তা রসুন হুমারদেয়াবয় তাদের হুম শাসন কলে খেলতে দিতে দিতে
/kaggle/input/regspeech12/test/test_barishal_0085.wav,হেইযে করিয়াহেইয়ের পরে মনে করে মিছি এত সোজা কাম নিত কন চিতে কেনে যাইতে মাল লাবারিমিয়া এই পালা ট্রানশিল বাজার হ্যা দূরের আঙ্কশিত
/kaggle/input/regspeech12/test/test_rangpur_0095.wav,জাইফাগইয়া খাওয়াসবচাইতে কার্বন ভালো হইছে
/kaggle/input/regspeech12/test/test_narail_0109.wav,তাই বিপুল বিশ্বাস আমারে বলতেছে দুই মার পিছন প্রেমের পুতির পিছনে টাকা বাং পরিমানে আমরা আনিসের হেরে গেছি থাকবো না কালের গ্রামের কিছু দূর হয়ে ও না যে চলে যাও মোটা বউ বাই সাত কপালে না ছ মাস দি ডাকে ছ মাস পরে বিদেশ
/kaggle/input/regspeech12/test/test_chittagong_0094.wav,কলেজও তলাত টেনশন ফাতরা রঙের বাই পাতরিয়ািত ওই চিঙ্গলাদের মধ্যে সি তিতা ্যাপটা
/kaggle/input/regspeech12/test/test_sylhet_0283.wav,যেহেতু আমার পরিবেশ বামার্জের সারকান্স্টেসন থেকেই মনে ইবয়েসের একটা মেচ৪িশ পঁচিশ হয়ে গেছে প্রায়বয়স ই বয়সের মেয়েঅ্যানেসপ্যাকটেড সমাজ ইভাবে অ্যাটাক করতো না কাজে লেবেলের চিটা একটু নিচে হইলে এটা আর সমস্যা হইতে নায়
/kaggle/input/regspeech12/test/test_sylhet_0321.wav,বুজার থাইকাই দুই যে কারণ আমার অখন বাড়িত যাওয়া হ পরিবেশ পরিস্থিতি নাই আমার তাকি লেগে পরা লাগব তাইন কি তাকতা ওই সময় আমারে পরার যে সফর টা দিশ ই আমি সারাদিন কাজ করতাম
/kaggle/input/regspeech12/test/test_narail_0088.wav,তার পরের দিন তো সে টামার কথা যে তাই তো সেখানে কথা হইনি জি ইন্দি তাই সে আমারটা আমার বরচুমি আমরা বুলক করেছি দেছে ওরম তোমার দলের চাবানি সামি করি নাই রে বাবা
/kaggle/input/regspeech12/test/test_sylhet_0173.wav,আবার
/kaggle/input/regspeech12/test/test_sandwip_0104.wav,তো তুই নিবার দি যস্তুদুনিয় সম্পর্কে তুর কি দারাতে দিনে কিছুত হরিক দিই আর কানি
/kaggle/input/regspeech12/test/test_narsingdi_0001.wav,হান্ডেড ও করছে দা আসলে ব্যাপারটা সে কি একটা টিমে যখন ব্লগার সিলেট করে ওই রকম ক্যাটাগরি ভাই যারা জাতীয় দলে আসে
/kaggle/input/regspeech12/test/test_narail_0128.wav,রনি কার কাকা লাগার সুমা তো শেষ সুমা রুমা বানি গেছে সুমা বিশ্বাস দোলাভক্ত বাসের কথা কি
/kaggle/input/regspeech12/test/test_sylhet_0495.wav,রা আমি একটা গুলি নানে আমার একটা বালিশ পিছনে দিছে দেবেন বা তুর চাবে কের দলে পর্যান্ত দল লিখিত পর্যাপ্ত তরা মারা উজ্জমুকারিয়া খাটা টানে দিয়ারবেগর মাজে লাগেররহমান যে লাগিবার লেট বার লাগে কিতা হাচাটয়লেট নে তাজুললাগ
/kaggle/input/regspeech12/test/test_chittagong_0087.wav,না আগে খোলে না তুন ফোর করা আনা জাতা চাকরির মধ্যে আছে লোজিলাঙ্গুই এই টি রাঙা চা এদের মধ্যে আছে চগিয়ে তো এটে ফরিক্ষা দিছে কাম দিতে
/kaggle/input/regspeech12/test/test_sylhet_0004.wav,গোট ম্যান যে নিজের টিন নাকি ক্যারে বা যেমন মানুষ গুম ইতারলাই
/kaggle/input/regspeech12/test/test_barishal_0064.wav,আল্লাহ নামি হঠাৎ ছাড়ি দিছে এরুম কেউ পারেও এতানে প্রান খাওয়া হারান দিলে ডাক খাতার ফুললে যাই এবার বেরি ছারান দিলে ফুললে যাই এই কিছুদিন আগে তে বাজারে গেলে এমন কোনো দিন নাই পাঁচটা পান কিনে না
/kaggle/input/regspeech12/test/test_barishal_0036.wav,কা লাগের কি তারে শান্তির মিটেতি চার তার মাতা
/kaggle/input/regspeech12/test/test_rangpur_0002.wav,বাজার টেকা দিবনে কি নিয়েএলামুখো রমনের বা হইলে
/kaggle/input/regspeech12/test/test_sylhet_0026.wav,দশ দিন যে পাঁচজন ঠাকুর আছেন পাঁচজন দুর্গা শি লক্ষ্মী না না লক্ষ্মী তা পরে সরস্বতী গণেশ কার্তিক প্রতিমা সবাই ছ জনের খাপড়তেকদিন কাপড়দেয়য় নতুন কাপড় নতুন গয় না
/kaggle/input/regspeech12/test/test_chittagong_0141.wav,লাই তুল নে ভিডিও কল ঠাইল ভিসি পাতা পাট
/kaggle/input/regspeech12/test/test_sylhet_0728.wav,না আমরা বি নিজে আমরা দুটাই চেরাএগুলো অখন তে যাক পাথরেই নানি অতার
/kaggle/input/regspeech12/test/test_narail_0016.wav,তুমি তো জানো তোমার কাকুর ব্যাপারে যে মানি দশ হাজার টাকা পা পাইছেলো তা তো তোমার কাকু মারা গালাগালি পারলো তারপরও আমি সে ১০ হাজার টাকা আনলাম তা মনি বলে শর্ত্রে বলে কইচে মন মেলা টাকা ফাটাইছি তাও কালো তে কার কাকা পাটা আইছে তাও কলো জানা আর মা শুক্রবার
/kaggle/input/regspeech12/test/test_barishal_0096.wav,আমরা হারে বাজারেতে পাছে আমনে মুকেনিজিয়াম যদি মুই না কই মুখ দে যে হা মরে দুই ডাম খাইতে
/kaggle/input/regspeech12/test/test_sylhet_0198.wav,আমার টিচার সরাসরি আসলাম ভাই ডি অফিস দি বাইসা সো মেন্দি ফোরসি আব্বাউলা সজাগ থাক তার পাশে বই তার তা খেয়ালগাখতা না আর আমরা এক টেবিলও হইয়া সবাই করতাম
/kaggle/input/regspeech12/test/test_narail_0098.wav,রাত্রে কি খাইছে না বিবাড়িতে পিরে বিবাহিত পেইজ টেগরা গ্রামে বিরে হইছে ত তারা গানে জাম কেমন খাই কি খাই তারা জানে বল করে
/kaggle/input/regspeech12/test/test_sylhet_0683.wav,আর আফনার বাফর বাড়িনেয়া হোক খে সে আছে তাইলে খেলা দুলা খারা হারা সাত করতা
/kaggle/input/regspeech12/test/test_barishal_0018.wav,যেটে ডেটে দে দে কি
/kaggle/input/regspeech12/test/test_sandwip_0036.wav,নামায
/kaggle/input/regspeech12/test/test_sylhet_0241.wav,কবাদ২০২৪২২ বছরউপরাঅবস্থায় বিয়া হইছে পরা অবস্থা চাকরি দিছে ই অবস্থা সংসারের ফরে তার বিহা তাকনো অনেক ঐতিহাসিক গপটাসটাউনতম পাই
/kaggle/input/regspeech12/test/test_sandwip_0067.wav,করেন দিন গেছিলেন হাল না কি এক জিনে কি দিন ছ গেছে গি একদিন থাকতে একদিন বাড়াইছে অনার একদিন থাকতে ছা
/kaggle/input/regspeech12/test/test_narsingdi_0073.wav,আমি গরি বা নাইওআমি তারা হারে ফুটবলার মতো ঠিক কইরাই একটা খালা
/kaggle/input/regspeech12/test/test_sylhet_0121.wav,মারা ঝুরে সবে মিল্লা ফাঞ্জাবি মিলে ইখানো ঠেক্কা পরে ও না মধ্যে
/kaggle/input/regspeech12/test/test_sylhet_0368.wav,অল্পতে তুষ্ট অল্পতে সেটিসফাইক থাকি বাচ্চাগুলার ওইভাবেই গর্ব করার চেষ্টা করতেছি যে তারাও জানে খুব বেশি এক্সপেক্টেশন থাকে না লাইজ বেশি অক্সফাক্টেশন থাকলে তোমার মানুষ কষ্ট পার বেশি
/kaggle/input/regspeech12/test/test_barishal_0092.wav,বালো কিনছি এর
/kaggle/input/regspeech12/test/test_habiganj_0052.wav,নিরামিষ আমরার অনেকেই আছে যে নিরামিষ খায় না কিন্তু অনেকেই খা না মিখারণদৈনিয় নিরা মিসা খাইলে আমরার মাঝে মনও যে একটা পবিত্র তার মাছ মাংস তো এগুলা আমরা যে মাংস হাই এটা তো জীব়ে মাইরা অত্যাখইরিয়া সেরে আমরা মানসটা খাই তা লেগে আমরার মাংসডা খাওন অতটা কিতা য না কিন্তু যদি শাক সব জিনি না মজি নিস খাইটা তো ইটা তো উদভিদিতাইতালেগে একটু পবিত্র মনে
/kaggle/input/regspeech12/test/test_barishal_0071.wav,হেই যদি সহ্য না কার তারে তে হে মুখে পরিস্থিতিতে আদালত খাবাই না পরিস্থিতি ও বার রুল পালো
/kaggle/input/regspeech12/test/test_tangail_0062.wav,এই ছবিতে সিরি ফুলের একটা ভূমিকা আছে যেটা মানে গল্পের স্টোরি বিল্ড সাথে সাথে বোঝবে বানি তার পছন্দের ফুল মানে যে নায়িকাআর পছন্দের ফুল হ শিউলি
/kaggle/input/regspeech12/test/test_sylhet_0234.wav,খুশি হইয়া আমার বাবা দিকি কল চাইরানি সখলে তখন ওরেঞ্জবাতা চকলোজেস্যাকটেক যাগা ফালার ওরেন্টকালার তা
/kaggle/input/regspeech12/test/test_barishal_0008.wav,অরে ঢাকা দিছে বুলেট কলেজে পড়তে ও বিশাল বড় ধরনের একটা ছাত্র হেছে চাকরি ভেবে বাংলাদেশ সরকার চাকরি দিচ্ছে দুই লেখ টা বেতন বিয়েকালো ফটো খালি এক রুপুসীমাইয়া কই বই খুনি গো পরিচয় দেবে র বাপে তো যাইবে একটা শাট গাই দিয়া
/kaggle/input/regspeech12/test/test_sandwip_0098.wav,দোকানে বাইরে বাই
/kaggle/input/regspeech12/test/test_sylhet_0454.wav,মাইতা উসলউসাাানুআার মতো খাটলো আর আমার মা কারা মনো কর আমার মা সাজিন তার আমার তরে খুব বেশি বাদুর ফলে আমার বাডি
/kaggle/input/regspeech12/test/test_chittagong_0158.wav,সূর্য ফতমত ক্যা করি ম্যান সকাল মিডিট দিলে বের নর্তে থাকবে না কিছু ক বেতন মাইরা
/kaggle/input/regspeech12/test/test_sylhet_0369.wav,পরাশোনার দিকে আমি আমার জায়গা থেকে কতটুকু ফাডরিয়ার চেষ্টা করিয়া বাকি তাহি লগে তারা তখদিরততটুকু আছে তো তারা এক মানে সত্যি কতাম তোমারে বই যে মানুষের স্বপ্ন তা খাজে বাচ্চাকাচ্চা বয়শ হয়ে গেলে বুরা ওই গেলে তারা আমরারে দেখা শুনা
/kaggle/input/regspeech12/test/test_sylhet_0754.wav,তালে দুর্ভাপুততাখনার বালা বালা ফাইন মানে
/kaggle/input/regspeech12/test/test_kishoreganj_0145.wav,শব্দ শব্দ শব্দ বিনা প্রয়োজনে হন বাজে উচ্চ সরে গান বাজি এবং লাই পিকা বা মাইক বাজি মানুষ শব্দ আগে গিতাকালাতে
/kaggle/input/regspeech12/test/test_tangail_0019.wav,এটা রি করতে পারে না সঠিক ব্যাখ্যা দিতে পারেনি আর গানডা এক সাথে ক পেরা পপ সহ মনে কর মনে করে যে প্রগ্রেসিভ ড্রপ জিতলে থাকি সব মিল মিছিলে একটাই গানডা আসলে অন্যরকম
/kaggle/input/regspeech12/test/test_sylhet_0560.wav,না তে হলরবিষয় হলো অতিরিক্ত জানুয়ারি লাস্টে দি ঠান্ডা সময
/kaggle/input/regspeech12/test/test_sylhet_0739.wav,নারে বাবা কি যা মাইরা তো সুবিয়ােইাপিযা দিলেই ফেল এরা তমার দিলাইন
/kaggle/input/regspeech12/test/test_chittagong_0075.wav,না ও সাইকোলজিকরিবেনি বিজ্ঞান তাইনের তালা আই সাইকেল জেলের চাইর যে
/kaggle/input/regspeech12/test/test_tangail_0082.wav,আগে কাস্টমারের সাথে যেমন ব্যবহার করতে হন তার ব্যবহার চেন দেছে পরে একদিন শিউলির মা বরুন রে ডাকে বাসা আসতে বলে পরে বরুন যায় পরে দেখে যে
/kaggle/input/regspeech12/test/test_sylhet_0168.wav,তমার মধ্যে তো মনে সবতাত সমস্ত খাওয়াফরালা ইনকাম তোমার গা না দিতাম
/kaggle/input/regspeech12/test/test_chittagong_0080.wav,মানে একনা যা পরামর্শ করি সাই না আনা দাদার রঙ্গাহরুম আন্দিবার বালা বাইদে গরম ফরে অস্তা হাল গো
/kaggle/input/regspeech12/test/test_narail_0165.wav,কোন নি কোনো দাক্কা তারা থেকে তুমারে কাপ খাওয়ারউপতে বেলে বি তুমার সারে পারবেন সমস্যা চাইস করবে না পরীক্ষাগুলো উপস্থিতি
/kaggle/input/regspeech12/test/test_rangpur_0101.wav,িুবিয়াযথাসরে কথা হয়তাগেঝিয়া আরতে কজ
/kaggle/input/regspeech12/test/test_sylhet_0100.wav,তারা ছুটু না ড়এটাপরেও়েনা এরে পরে যা দুকান হারাইতে ইখানে বাসা ছেরা বাটা আমি
/kaggle/input/regspeech12/test/test_habiganj_0010.wav,পরে ক্ষুদা এ সাত বইনের চুটু এরি না জানিছেন বাই টেন দিব
/kaggle/input/regspeech12/test/test_tangail_0070.wav,শুরু বাহিতে ছিল এই সময়এনমত্যার ঘটনা ঘটে পরে বরুণ ধান প্রত্যেকদিন যেহেতু মানে একটা অক্টোবর এক্সিডেন্টার লাস্টের ই ফিল মানে হয়ারিসডাইন মানে অরেইখুচ্তা ছিল
/kaggle/input/regspeech12/test/test_rangpur_0042.wav,সুখে গলিরে মুসলিম দি বেশি দেশের তো এমবি দেখতে
/kaggle/input/regspeech12/test/test_sandwip_0123.wav,এত যারা দিনে নিতে হরা আর হাসি দেখি দে দিছি আসাদরা ইঞ্চি নে
/kaggle/input/regspeech12/test/test_rangpur_0016.wav,আছে কি সমাচার নাম কী দার কত গল্প কিছু পূর্ণ সবাই মিলি রেকোর্ড করমো সমস্যা হইবে তাতে
/kaggle/input/regspeech12/test/test_rangpur_0040.wav,চলে পাইলে গাইল আগে যদিল মানুষ খুদিও ভাজতি লেখগিরি আরা গিরি জুর পানি মুকোত দেওয়ার কিছু না থাকি ওই খুদি ভাজা খায়া় এখন পানি তা সে মানুষ গুলে আছে
/kaggle/input/regspeech12/test/test_sylhet_0424.wav,মেলা বিতরে ফোরে হারি এক বেদনফরসাবয়নাইনা সেই না আলি বেদনা পাশাপানমানির লাগের যেমন পুরসময় যে আমার জান জাল বুবাই জ
/kaggle/input/regspeech12/test/test_tangail_0060.wav,এটাই অভিনয় করছে বরুন ধওয়ার আর বানি তা সাধু এই ছবি আমার পছন্দ এর একটা কারণ আছে তার আর যে আমার মানে আমি যেই মাসের জন হইছি ওইডা অক্টোবর মাসে ছিল অক্টোবর মাস তা ভালোই লাগে পরিচিত থাকে
/kaggle/input/regspeech12/test/test_sylhet_0261.wav,সবসমে দু বর্তা নামা নিয়াগেল৩০০ জন নিবার তিনশ জনের মধে ত০০ নম্বর যে স্টুডেন্টটা উব ও স্টুডেন্টটা ওজন মিল আমার এক নাম্বার দুই নাম্বার ওয়ালাগতো না আমি মেরিট কৃষ্ণ থাকতে চাইনা কিন্তু আমি
/kaggle/input/regspeech12/test/test_sylhet_0610.wav,আলা দি ইবে আমরা সিলেট ফ্রেন্ড বা
/kaggle/input/regspeech12/test/test_sylhet_0546.wav,আমরা ২টাসেউপদিন আগে গুরা আমরা২৪ আর ২৮তারিখা২৬
/kaggle/input/regspeech12/test/test_barishal_0052.wav,আর গরুপাড়াইপালতে যারা পারে হোনেন একটা কথা জানবেন যারা পারে হেরা ন তে ন দিক ফেরি যারা না পারে নব্বই তে ন দিকও ফারে
/kaggle/input/regspeech12/test/test_sylhet_0019.wav,আগের দিন ধর সবাই নিনা মিশেমিসখায় অনেকে খার অনেকে খান তে যা দি তো আমরা বেশি মেকসময় খাই না বিশ কারে তিন দিন আমরা নি ব্যবসা ৬০দশমিকদিন আমরা এদিন সেদিন সবাই ভালো হয়মাপিছআ
/kaggle/input/regspeech12/test/test_sylhet_0281.wav,ন আমার নিয়া খুব দুশ্চিন্তাপত্তা মা রে প্রতিবেশী তা ও কুঠাটা মাতা ফুরি গুরা বানাইতে রা ফরাইতে ফরাইতে রাবিয়েউইত না রে কলে নিতো করতে করতে ফরা বয়রসদাঘিয়া ইনি মায়ও খুব বারিত যাই টানা খালি মা র তাকতা শোনা লাগব দেখি
/kaggle/input/regspeech12/test/test_sylhet_0462.wav,ফোর আছে একটু জামাল রানারা ডর দিলে একছেলে আর
/kaggle/input/regspeech12/test/test_sylhet_0071.wav,রিস্ক দা অনুষ্ঠান তাই সারি পরিবেশ আমি গেছি অলুদশারীকরি নতুন সারে ইঞ্চি ইন জর্জ কুম জ সাবাদের এক যা ফরে গুরাত নিরামেসযলাগা দিন রামের করার জন্ত বু বালা অঞ্জলি দিলা অঞ্জলি দারতে পর সাথে এরপর তে যাও মঞ্চে
/kaggle/input/regspeech12/test/test_habiganj_0050.wav,সন্ধ্যা ফর আছে আমরার প্রথতোপ্রদীপ জ্বালায় দুরজ্বলায় জ্বালাই সেরা প্রথম আজানের পরই প্রতিবার সিজযালয়ে দুপাটিজেটা বা দুপাদেহয় দেহাইয়া পরে আবার ওই দুফোরের মতোই আগেতো দুফোরে একটু সুজা দলে আমরা একটু না ধরনের পসরা তার সাথে সন্ধ্যা পরে সে হালকা সন্ধ্যা পরে এস আমরা যে হালকা নাস্তা হাই এমন আমরা পর জাতি কেও দি আপাও যাতে
/kaggle/input/regspeech12/test/test_sylhet_0435.wav,আমি আল্লা যত হাইব না আমার আল্লাহর সব সীমানার কোন জাগা দুটি তো কি রাখতে পারি
/kaggle/input/regspeech12/test/test_rangpur_0034.wav,মুঠ গুলা লাগে সেনরে যে দুইবার কিসকরা মরা বোরার বরুন বাজার খাটে নেলে কেমন দা কোনো পরে দেখা
/kaggle/input/regspeech12/test/test_rangpur_0055.wav,যদি অসহায় অনু বাবা কাইও কিছু দি নাই নু কথা কে র্মকলদিবসের মাল আল্লা ঘাডর কর্ম যেমন তাক বলতে
/kaggle/input/regspeech12/test/test_noakhali_0028.wav,আনের বারে আরও পেরা আর ফলে কানিতে কলকাতারে কাটবে মুখে সুবরবডরমাদি
/kaggle/input/regspeech12/test/test_kishoreganj_0162.wav,বললো সা থেকে শত বা পানি বেশি থাকার জন্য ই জাগার জন্য
/kaggle/input/regspeech12/test/test_rangpur_0075.wav,চল উদারন মগ নে না বা
/kaggle/input/regspeech12/test/test_sandwip_0024.wav,মাখা না মনের সাদসন্দে চলে হেরা মানি খুব ইয়াখরি চলে হর গত চলে খরা ছলে লিমিটে কেরে সারা
/kaggle/input/regspeech12/test/test_comilla_0005.wav,দিন আমিও গিয়েছিলাম যে রুহিকে স্কুলে দিয়ে আমি আর দেরি করেনা সাথে সাথেই চলে আসছি ও রুহি তখন স্কুলে যাওয়ার পরই ও ব্যাগ রাখার পরে রাবার দেখা যায় যে যে ছা ১৬ ডিসেম্বরের যে ইয়াথাকযাতদের
/kaggle/input/regspeech12/test/test_narsingdi_0028.wav,াংলাদেশিা১২টি মুখ বালো ফেলো যেতে হনলসব দলের সাথে ভালো খেলতেছে একটা ট্রফি যেতা উচিত ন সাকিব হোসেনের জন্য এ যেতা উচিত আরে আল্লারে
/kaggle/input/regspeech12/test/test_sylhet_0667.wav,বাসা তারা একবার কমই মতো আছে
/kaggle/input/regspeech12/test/test_kishoreganj_0140.wav,দারে মতো দারিয়ারমত পানি বাহিতরূপ এবং বিভিন্ন চরমরোগে আক্রান্ত এন কিতা দারিয়রমতো পানি বারিত রূপ এবং বিভিন্ন চরম আক্রান্তজেপানি মা কি দিবা
/kaggle/input/regspeech12/test/test_narsingdi_0042.wav,বারি তাই পে দাস্ত কা না কবু তালা না মোবাইল দি কান্দাত আলা কারন থাই সামি এই এতা কারেন নাডি চাপার না খারাপ থাকে
/kaggle/input/regspeech12/test/test_sylhet_0429.wav,ফেট হাঁটা এরফরে নিজ খাটার মানে অনেক কিছু বড়দরপা়িওয়াড বেতন সাকসেস বলছেন একটুর হচিশ
/kaggle/input/regspeech12/test/test_habiganj_0018.wav,এরা ব্যা ব্য হরান হরানি একসাথে তিনজনরে পানি দিতি খুব চেষ্টা করছে
/kaggle/input/regspeech12/test/test_narsingdi_0086.wav,সার কাশেডিইমরিটে দায়িত্বে দিবে লাইক আমি রি সেকেন্ড ইলা সাবাদ দেখলে মনে না ক্লাস নাইনে
/kaggle/input/regspeech12/test/test_sylhet_0099.wav,মনে তিন কাম করেন কতজনে টিন বিডির ফরি এক বিটি প্রা সারে বিটি পা সাজিন তিন বইন আমি
/kaggle/input/regspeech12/test/test_habiganj_0022.wav,মারা মারি বুজি দেলাই তাইন টা বিডিও ওটা তেলাইতেন
/kaggle/input/regspeech12/test/test_narsingdi_0121.wav,দিকে না সে মোবাইলের তরা খাইসে মোবাইলের তরে খাইবার মোবাইল চালানি
/kaggle/input/regspeech12/test/test_sylhet_0051.wav,কোনো প্রবলেম যন না মানে এখন ফরাশোনা প্রবলেম হয়নিয়নি যে প্রাইভেট টিফে লােিাইি়দে আগে সাইটে থাকতে আসলে আছে না তরে আবে স্কুল থেকে নিষেদ দিছেন
/kaggle/input/regspeech12/test/test_narsingdi_0094.wav,বাবার নায়িত্যাতা সব সা খালে এলা ক্যাটারিং সার বি দের খালা যা মনে নেকা শুরু করতে শুরু করে এক্টাই বাবার তো ব্ল্যানাসিলও খালি মত কামে কি কার্টুন কুনডা পযজজেরাচিয রাকা ওসি
/kaggle/input/regspeech12/test/test_sylhet_0461.wav,অন চিনতা ন আমার স্টামপাইনেন আমার কিন্তু পরা আর বাকি বাদ বাকি তারা য় লেখার করছে কলেজে করিয়া মাস্টার বালাউ সৌদমারে কিন্তু পুরো থাহি বাহিনী নাই এমন জামাই গেছে বিরে তারা পছন্দ
/kaggle/input/regspeech12/test/test_sylhet_0567.wav,লাব নাই কেন ম্যাচে পুঁটি যে বালা লাগা ইন্টার ওটা ঘরে আমরা সাইট ফির সাইটে মাজে সব বিন্দা থিউরি
/kaggle/input/regspeech12/test/test_rangpur_0017.wav,চলা এর মধ্যে ৬০ বছরের বেশি বালা বাউ দেলে তা না বাদে
/kaggle/input/regspeech12/test/test_sylhet_0672.wav,স্বামীর ফ্যাংশন অতদিন আছে খানি খাইতে আগে খে হাই আরও কাজ আমার ছোটরা ছেলে লেট ন
/kaggle/input/regspeech12/test/test_narail_0033.wav,শিবু মিতা শিকে শান্তি কে দারে না না ওই জায়গাদৌরদরি গলার পাওয়া যাবে নি কিন্তু আমি তার দরাদরি করতিছি না সেলিম
/kaggle/input/regspeech12/test/test_tangail_0102.wav,বলা হয় যে যদি তুমি তোমার ভালোবাসা পেয়ে যাও তাহলে এটা মেনে নিয়ো ক্ষুধা তোমার তোমারে মহাব্বত করছে আর যদি না মিলে তাইলে এটা যাইন যে ক্ষুধা তোমার সাথে জান হয়ে গেছে ওয়া
/kaggle/input/regspeech12/test/test_sylhet_0719.wav,মানে কা জামাই মরিয়ালেনিই আসর পাওর পারোস মুরা দি মোশা লাগে এ কেনা নিয়মেগোতম কল হয়া
/kaggle/input/regspeech12/test/test_narail_0074.wav,যারা প্রধান জাগাতে ফলে থাকতে একটা রুম সেনেমায়া থাকত ভাবে এইভাবে কোন ভাবে জাগা না
/kaggle/input/regspeech12/test/test_narail_0099.wav,আর যে দিক ছিল সে আমার দাদা তে রং আমারে হিসাব পুরাই দেছে মিটু খারে দিতে লাম না তুমারে দিত খাবার আলু সেদ্দ
/kaggle/input/regspeech12/test/test_sylhet_0660.wav,এই চেষ্টা না হ দিলা
/kaggle/input/regspeech12/test/test_kishoreganj_0086.wav,মুনে লাগে এমন বল ফাইজি এমন আলিমে তো বল আলনা
/kaggle/input/regspeech12/test/test_sylhet_0668.wav,মা কাইল আপনারা যে ওমর মানে যুদ্ধ সম ইন্ডিয়াতাস্লেশ না আপনি এত বয়সরইবখিসকি শেষ হছিবয়সছি ফারে
/kaggle/input/regspeech12/test/test_habiganj_0075.wav,বাদে ভ্যান দি
/kaggle/input/regspeech12/test/test_tangail_0001.wav,ব্যান্ডার কি পার হুম করতে আছে কিন্তু মানে কেউ তেমন নাই উৎসাহিত না গানডা তেমন কারো কাছে ভালো লাগতে কিন্তু আবার ফেরি মার কি কি খুব গান পছন্দ করতে পরে যেহেতু ক্যাডিয়ার একটা চুজ করতে
/kaggle/input/regspeech12/test/test_kishoreganj_0107.wav,বি সূর্যের অলা ব্যবহার করে নি জামাতের খাদ্য নিজের বা উকা মা কর উদ্ভিদের উদ্বিযে খে বেচে থাকে আয়ারবেনোকামা করে খা হিসাবে রং করে ভাবে সব বং ঘরে এবং গোল সাপ
/kaggle/input/regspeech12/test/test_sandwip_0027.wav,মা জমি থেকে খুব মানি দুঃখ করি তে এক এক আখ বাবা শুধু বলেন হরা লেহা কলেজে মানুষই যে মনটা কিন্তু ন মনের কেন আনার হোলা মেলেন দেখবেন
/kaggle/input/regspeech12/test/test_sylhet_0670.wav,ধার দারে সাকরি কথা আসি থাকার কাকি়া়িয়া যা ন আইন ৩২১ে়প্যংশন মাতা আমি ছাকরি জীবন তাকি ফ্যাংশনবাতা
/kaggle/input/regspeech12/test/test_chittagong_0047.wav,হামরা কি কেন না গুলা প্যারা গিরা হামি ওর বাল আঙ্গুলে তো বারমার ইনি বেরা না এগিন তামার দে না হামি
/kaggle/input/regspeech12/test/test_sylhet_0331.wav,আমার নিজের তাকা চেকটা মানে আমার মনো যা আমি বারে কখন ভিলা তখন আমি কিছু করিয়া করতাম তোমার চিন্তাভাবনা ভালো আমি স্বাগত জানাই কিন্তু সুটগাশ করতে গিয়া আমার
/kaggle/input/regspeech12/test/test_narail_0104.wav,আমি যে ডাক্তার দেখা কি ওষুধ করার পর অনেকটাই টিউমার ভেঙে ছোট হয়ে গেছে অনেক সময সেজে থালা স্মিয়া মানে মাংসবিন্ড আলা আর এক বেলা জায়গায় আমার ছ ভারে
/kaggle/input/regspeech12/test/test_sylhet_0103.wav,উত্তর মারে নি বাসার মালিক ভাষার মালিকে প্রধান মাসা গোছাই তো কিছু নিশা যা লেখে
/kaggle/input/regspeech12/test/test_sylhet_0013.wav,দে দেওযার পরে তারপরে আমরা প্রসাদ করে ক্রাইমেরভৃত্র করতে পঞ্চম দিতে রানা ১২টা পর্যন্ত হবে বারটা পর্যন্ত টা বিতরে আর্ন চা যদি একটার টাইম টাকা পর্যমিতিতেই তাইলে একটা যে সময যে টাইমটার যেদিন যেসমে যে টাইম কার এই টাইমে বিক্রি পরচাটা
/kaggle/input/regspeech12/test/test_sylhet_0219.wav,প্রাইমারি স্কুলে পরীক্ষা দিয়া চাকরির ডুকমুচাতে আমার পরিচালখালী হাউজওই বাটা ফেশাও থাকে চাকরিজীবি ও পিটার সুরাুইমোমেন্টা রাখ নে
/kaggle/input/regspeech12/test/test_narail_0110.wav,বিদেশ যাবে কেডা উনি কছে বারা বারি আসন মিষ্টি আছে মনে থাকে যেন বারি আসতে ঘরে তুমি থাকতে এই বাংলাদেশে না
/kaggle/input/regspeech12/test/test_kishoreganj_0196.wav,সুকানুর্জনে সুকান্দের জন্য হ্যা দেবে বাই পাবা হবে শুকি
/kaggle/input/regspeech12/test/test_chittagong_0069.wav,ওমার ইতেরা কোন হবে নি ইনো এখন সুদ হাত আইলে আর গর তাই সুগন্লোগে আর গাই লই আমার তাহা খন্ড কি
/kaggle/input/regspeech12/test/test_chittagong_0010.wav,মিলি যা গা নাকি
/kaggle/input/regspeech12/test/test_barishal_0014.wav,তারপর বেশি রডের গ্রামে ক সারে অনেক সময়ছনিঠেন বারি দিলে বার
/kaggle/input/regspeech12/test/test_sylhet_0048.wav,রাইতে শিখাইছে নতুন অন জানুক লা জাগা লাগি বাসা তালা বাই বাই লাগে তো রানদে দাদা
/kaggle/input/regspeech12/test/test_sylhet_0708.wav,আর বড়আসএরিয়াা
/kaggle/input/regspeech12/test/test_noakhali_0007.wav,এক দিনে এক দে খেলে কেনে বা নভেম্বর কালাই লগে জেন্ডার সিরাজের ও হোল মিক্যা দেই
/kaggle/input/regspeech12/test/test_sandwip_0003.wav,কিনবেন রামেগেলের সংখ্যা
/kaggle/input/regspeech12/test/test_sylhet_0347.wav,পোষ্টিংহয়ে গেছে তোমার বিবাড়িয়া ববাড়িয়ার তোমার ফারর ফাকি সিলেট নামার সাকরি বিবাড়িয়ে আমার বাচ্চার বয়স্ত হন দুই বছর কাছাকাছি দেছে এখনই ছোট বাচ্চা লুইয়াছেমনে নামি
/kaggle/input/regspeech12/test/test_sylhet_0035.wav,দশ সেই মামার পূজা দশমিক দিন একটা পূজা পূজাও এ মাস টাইমে বেতের পুজইবএটি সবাই অঞ্জলি দেয়নসবায় আনন্দ যে যে পারে দে জলি দয়না তারপরে শেষ হইল দশমী পূজা পরে
/kaggle/input/regspeech12/test/test_barishal_0022.wav,করবে কতটুকু অসুধ থাহেই কই বেলা খাইলে কতটুক যে এগুলো করি খাল নামে সকালবেলা তে ই আমি সময়েওথায় ঘুমেই না
/kaggle/input/regspeech12/test/test_narail_0159.wav,ও মেশিনই নষ্ট হয়ে যাবে রোগ প্রথম আছে ডায়বেটিক বস পরে অচ্ছে উনার চোখে তে নালি হইছে
/kaggle/input/regspeech12/test/test_tangail_0029.wav,কিন্তু ঘটনাগুলা এমনভাবে হয়যানেজোনাথান সব সময় ঠিকই করে কিন্তু মানে পুরা অন্যান্য পারিবার্ষিক যে ঘটনা সেডার মানে সারা বুঝতে পারে না
/kaggle/input/regspeech12/test/test_narsingdi_0067.wav,তুই আমার লাগা টদবিয়াকরেযে বইলা গিনা করে
/kaggle/input/regspeech12/test/test_sylhet_0493.wav,ছে অভিযোগ না তাইন শুক্রবার এক নামাজ গঞ্জ ফোলা হসপিটালে ঠাকুর হসপিটাল পিটা বরো হসপিটাল ঢাকা মেডিকেল মেডিকেল আড্ডা আসিবে ন এগো কিতা গাই তাফর ছিনেনি
/kaggle/input/regspeech12/test/test_sandwip_0020.wav,কি কাবু খা ছেনি সংসার
/kaggle/input/regspeech12/test/test_sylhet_0634.wav,খইরা বডর বইন দাদু আতে আপনি আইন আমরা হাই
/kaggle/input/regspeech12/test/test_narail_0157.wav,ওই ব্যাংকের তা আমার কাছে কি তামার কে পাগুলে কামরাইছে আমি গাছ টাকা বাহিনী ডাক্তার দেহান পৃথিবীত
/kaggle/input/regspeech12/test/test_narail_0156.wav,তে তোমার দেতে পেলায়ফায়দেরি ফারতেছি না ব্যাংকে টাকা রইছে ওই টাকা ভেঙে ডাক্তার দেখা
/kaggle/input/regspeech12/test/test_chittagong_0097.wav,মতামত কিন্তু বেলা কি দিকে আরবে আরবি রাষ্ট্র মন্ত্রী রাগ য আলগযুএমদাইলা আনা দুলা এক্ক জি
/kaggle/input/regspeech12/test/test_sandwip_0056.wav,হিলা যখন সবকিছুলে দান্দা খরন লাগে এসব মহিলার আসলে বান্ধা কার ওমাক মাতা থইবো
/kaggle/input/regspeech12/test/test_narsingdi_0106.wav,অবা ফি কিছু ট্রাইকলা বা বাবা খুব খুশি এডা ওয়েডককোবেরার নার্সারি রেদানসরিয়াআমিকে স্ট্রাইক করলে দাদু খুশি টেক আমার ফতন না বারিতে সলমোনাসানদেডিম বা দমে ছিলাম
/kaggle/input/regspeech12/test/test_kishoreganj_0204.wav,তেমন দিলি ফিরিয়েছিতুরি একটা কিতা বস্তা সাতে আবার লাইক
/kaggle/input/regspeech12/test/test_narsingdi_0123.wav,ম বোইন ডোমনস্ল্ের ঠিক আছে ওহানে এই জাপান সেটা হায়েস্ট বাজেটরিয়ােআনি রিকুস্পাইফে
/kaggle/input/regspeech12/test/test_narail_0030.wav,আমি তো কাগজে কতি পারি কাগজ দেখলাম ওই যে এরি জাগা কাটার কাছে লাগে খাল কুলি যাতে ই এগে জমি তারপরে সাদ মিজাকাম্বা
/kaggle/input/regspeech12/test/test_sylhet_0578.wav,টেকনিক প্রা যা লিটন মানার সাপ্লাই অ্যান্ডারসন টু ভুত করে অভ্যাস কর
/kaggle/input/regspeech12/test/test_barishal_0034.wav,বিশ্ববিদ্যালয লাগে ইটো বাটিতে লই এই করে লাগে দে লাগে না ইবে দেন কি যে
/kaggle/input/regspeech12/test/test_sandwip_0108.wav,কামাই মাস খেলানো হেতের অত্তার মনের কোন সম্পর্ক নাই এই যার আইলে কেলা এতা মানি সামিরা বুদ্দি কাকা বা
/kaggle/input/regspeech12/test/test_noakhali_0020.wav,তবে এই গোসল নি কলাসেরতন গেলে অক্সি
/kaggle/input/regspeech12/test/test_sylhet_0036.wav,মন্দির পাশের আনন্দ সব পরে সন্ধ্যার পরে ঘোড়া়শা়দিন আমরা সবাই কত জানানির আবিষ্কার কি এনি ভালো মা মাংস সবাই হাই ফিচার তারপরে হিলা বিসর্জবিসর্জনের প্রাইমারি
/kaggle/input/regspeech12/test/test_rangpur_0059.wav,একটা চিহ্ন দেখা খেলো আকাশ ইটা ইন্দির যুগের একটা লক্ষ্য মাল মিছিল বিচার কর বাসাত পরছে তো তারে রা
/kaggle/input/regspeech12/test/test_habiganj_0016.wav,তারা সেলা টা নিতে বেয়ামরেশিরে বেলা মরতি হরছে দেকছুনিয়েরা অন হতে উডে উঠছে এত শ্বশুর সার পেলে দুই লাই যাতে ব্যা হরছে তিন টাইম যা মন বেডা
/kaggle/input/regspeech12/test/test_sylhet_0459.wav,কি হন মা বাফে হলে তো আর ই না যে গে মা তাই নাকি নাথি পুস্কুনি যা
/kaggle/input/regspeech12/test/test_kishoreganj_0037.wav,গাইতে মিডা ২৪১১৯শিল্যন নবিনের থিরি
/kaggle/input/regspeech12/test/test_barishal_0073.wav,দেখছি এরা নিজের চোখে বাস্তব পরমাণে দেখছি এই জিনিসগুলো গরি নিজে দেখছি সংসারের ঘাডে সামনা সামনি নেপাল কি দিয়ািজদিয়ে বহুত কিছু করা
/kaggle/input/regspeech12/test/test_sylhet_0276.wav,ডেল হাজার টাকা টিশুনিমানে তৈলগেয়াদড় আমার মাসের খাওয়া খরচ সারি হাত খরো সিজি বোল অবস্থা ইতা ঠিসলি একটা করার পরে সাহস ইগার সিটি বাসে আওয়াদাওয়া করে বারা টাকাও লাগে না মাশরাসে টেখা একটা পাইলে
/kaggle/input/regspeech12/test/test_kishoreganj_0160.wav,মেডা কেলা ঠিক ঠুট ধাতু দানা টুকটুক না দল না টলারে ডানা
/kaggle/input/regspeech12/test/test_sylhet_0751.wav,মানে এগুলো করার কিতারে ঘরে নিজেরা পরিবার পরিবার করে আবার মিল্লা মি সত্য
/kaggle/input/regspeech12/test/test_sylhet_0593.wav,হা রবার সাথে মা থেকে লাফটাইম পাই থাকবেনা গানিমাংসল এরা যাবার বি আলেদা ওখানে প্রবাত
/kaggle/input/regspeech12/test/test_sandwip_0032.wav,মাও ছাকরি করে ফিরিজ নাই বাদ কারেন কেন কারণ ফিরিজ থাকলে ন এখন কতা
/kaggle/input/regspeech12/test/test_kishoreganj_0159.wav,গাছাইকুয়া কুয়াদালিমেডদানা টুক টু কেলা লা ডাইল জাগা টুক টুকিল
/kaggle/input/regspeech12/test/test_sylhet_0157.wav,তখন যুদ্ধের সময় পাইছে ডর কিছু মনে আছে তে আমরার কইন যে আমরা তো ইতা খালি বইও করে কিছু তো জানি না
/kaggle/input/regspeech12/test/test_narsingdi_0023.wav,এডাই আসলে জাতীয় দলের প্লেয়ার আসবে যাবে যাবে আসবে এরকমই তুই আসে দুই খারাপ খালতাদস্তরজায়গা আর একজন নিবে যদিও আবার তোর জাগা যায়নিসহ যদি খারাপ ফেলে
/kaggle/input/regspeech12/test/test_chittagong_0014.wav,দে রাহি তা লেদ আবু
/kaggle/input/regspeech12/test/test_tangail_0121.wav,ই টাকাগুলো কতগুলা মানুষের কাছে পৌঁছাইতে পার যতটুকু আমি হিসাব করে যদি ক্যালকুলেশন নরমালি করি তাইলেও তো হইতেছে অনেক টাকা হয়াযায় দেখা নিতেছে কত লাগতে ব্র্যাক জন ব্যবসায়ীরা হাইসগার দুই থেকে আড়েলাকারা করে দিতা দুই লাখ আরাই লাখ কি পাচ্ছে একজন ব্যবসায়ী এডাও তো সবার ত গুন আছে তাদের লস হইছে এক কোটি দেড় কোটি
/kaggle/input/regspeech12/test/test_barishal_0028.wav,বাইরে বা টিবির যে দিন সিরি করা ছিলেন
/kaggle/input/regspeech12/test/test_narail_0102.wav,জাকালহামদবিো কিন্তু কঠিন রোগ বইলে নে বেরা সি এর কত না তে দেবে
/kaggle/input/regspeech12/test/test_sylhet_0614.wav,আইনে আইনে নাতাফরিয়াজহর পারে গ্রাফ বার মে
/kaggle/input/regspeech12/test/test_sandwip_0052.wav,মা ভালা হতা দেখলাম যে কেহুওইগেছে কিন্তু গিলি বেটি একধরনের আঙুল তেলে না
/kaggle/input/regspeech12/test/test_sandwip_0127.wav,আর পানির এস এ্যামনিলাই আঙ্গরে পেশার আমরা মানছিমলমেংোমাইন এই বাসার দিলে আলাদা তাগিদে
/kaggle/input/regspeech12/test/test_sylhet_0438.wav,রিয়ায়াবাশ করে কি খুলিয়ে মোটোর মাঝে পরছে সিট মা র চিনিও পরে সবতানের মাংস ক সমন্ত সিরিয়াইয়া পিংকিক লাগাইসি তার গো ছোট আর
/kaggle/input/regspeech12/test/test_sylhet_0547.wav,আরফরমপিলঅব্দশেষ কাম রুটি ্যা রমজানডা তৈতনযঅ্াম্রার হেদিন জন মেমেক়ছে মজা
/kaggle/input/regspeech12/test/test_tangail_0066.wav,কর্পোরেট পার্টিতে ঢুইকা পার্টি করতে পারবে দের তা আলাদা একটা আর যেমন স্টাডি তই পার্টির মধ্যেই মানে শিউলি একদম মানে রেলিংয়ের কাছা যে
/kaggle/input/regspeech12/test/test_barishal_0060.wav,অন ফোলাফানের লাগে চলছি এই পোলা নেশা হইতে শুরু করি এমন কোনো তাওরে সি নেই যেন মুইপোলা করি নাই আর সব সাররে ভালোই সংসার করি মনে করেন আমি যখন ফোলাফানের লাগে চলছি দৈনিক ৫০টাহার১০০ টার গাঁজা লাগব আমার তা মাচ্ছা়া আমার জীবন চলতো না
/kaggle/input/regspeech12/test/test_barishal_0091.wav,গত বছর এত এ গাছ এই যে হে নিবের কালাম গাছ কাছে
/kaggle/input/regspeech12/test/test_habiganj_0032.wav,ইকানোই একটু ও পরে আবার মালা টালা জুপি কিন্তু ফুরা পুরিভাবে করা হয়না বাড়িত তাকতে যেমন কতা এমন কি এমনভাবে কিন্তু করতাম পারি
/kaggle/input/regspeech12/test/test_barishal_0045.wav,আর পরে মনে কারনে মামার মাথা কাছে গরম যে তাই না মাই সজল নেই তই এইযে করার করলে বেশি লামাই মরে গাছ কাটা কাছা নেই গেলে
/kaggle/input/regspeech12/test/test_sandwip_0037.wav,না খা বা দেখা কমেন্ট হ্যান সাত
/kaggle/input/regspeech12/test/test_narail_0017.wav,তালি ফরতে তা সে বার কইছে যে মাইতা বাইর কাছে বলে মেলা টাকা ফাটাইছি বাতাইতমনিকল টানা মাসের তার তালি কাছে তো কালি ভালো কথা গুরু বদ্ধ সালের কেচা ফাটাইছি তালে আমি গুরু পদলের কাছে শনবো যে গরু বাদ সলতালি টাকা তো খাইচি আবার নাই
/kaggle/input/regspeech12/test/test_sandwip_0125.wav,দৌনজনাএকলাস আর্ভাইজারক্লাসা ইদের হলো লাশট চিন্তা লামেটিফযাসে তেল না নানি জানতা হরে সোল
/kaggle/input/regspeech12/test/test_comilla_0027.wav,আর বাবাও তো একজন সরকারি কর্মকর্তাই উপজেলার অধীনেই ইঞ্জিনিয়ার সহকারী ইঞ্জিনিয়ার ওনা উনারা ওরকমভাবে যে মানে এটা তদন্ত করতে হবে বা এখানে কাউকে দুসারূভ করার মতো নি কোন যা করে নাই
/kaggle/input/regspeech12/test/test_narsingdi_0065.wav,আমি যা হ্যা অন ইঞ্জিনিযারিং দ্যসফটওয়্যার তো হার্ট সফটওয়্যার রেজার খ্যালা
/kaggle/input/regspeech12/test/test_tangail_0115.wav,কি আমি তো দেখাইছে পেপারেও দেখাইছে আর একজন নেতা আসেনা সবাইকে করে চট্টগ্রামের রাউজানের নেতা পারা স্ফারাজকার
/kaggle/input/regspeech12/test/test_narsingdi_0031.wav,এরকমই স্বপ্ন সবারই দেখতে হবে বাই স্বপ্ন সবাই নদেটিটোয়েন্টি অল কাপ গেলো দেখলি না সাকিবাল হাসান বলল যে
/kaggle/input/regspeech12/test/test_sylhet_0398.wav,আফগানিসারাবাসা ্যকেশবিআলানা ফন্ডো শিকানি মাসে
/kaggle/input/regspeech12/test/test_rangpur_0126.wav,লাগি করে মুটি কাদিয়ে রিসমটে২ডিসেমা আর
/kaggle/input/regspeech12/test/test_sylhet_0677.wav,মার মানে আইছে এখন স্টার্ট মানে কররা খটিন তালা
/kaggle/input/regspeech12/test/test_sylhet_0695.wav,তে আন্দা না ফরেন দাদু আমরা উঠি আপনার আপনার বুতসময় দিলা কষ্ট হল
/kaggle/input/regspeech12/test/test_sylhet_0442.wav,শিশির বারবার অ বা সর তোমার বাল পোয়্যান্টপয়েন্ট ফরাইয়েওগেয় যে মা
/kaggle/input/regspeech12/test/test_sandwip_0111.wav,আর পরে বস নারে আই ভাজি সকলে এরে
/kaggle/input/regspeech12/test/test_noakhali_0006.wav,বের হের নাম
/kaggle/input/regspeech12/test/test_sylhet_0301.wav,বিয়াহলেখন একটা করা লাগব পরতাম সবচে পডর যে জিনিস আমার মাতা তখন ইউনিভার্সিটি ফাস করিলিবফাস করিয়া যখন আমি বাড়ির ফিরিযে যাই যেই বাড়ি তামার আম্মা টোর্ট ফোর ওযার স্টেনশনতাখন আমার আব্বা নাই আম্মার টেনশন ঘুরি রা তাইন গুমাইতাপারেননা
/kaggle/input/regspeech12/test/test_sylhet_0243.wav,স্বপ্ন গুলা খুব ছুট ছুট থাকে জেন খমামিয়েছে ত্রিপুরা মোটা মাট একজাম মিনিমাম প্রাইমারি স্কুলে চাকরি হরিয়াআরমরেকটা পেশা লাগাইন যখন আমি আমার ইন্টারোত সোল তখন আমার টার্গেট বিচি
/kaggle/input/regspeech12/test/test_sylhet_0590.wav,যা বাকি না এহন প্রতিদিন
/kaggle/input/regspeech12/test/test_sylhet_0589.wav,যের ফরে থেকে দিকে বারা চেষ্টা দিন আগে স্যারের
/kaggle/input/regspeech12/test/test_sandwip_0002.wav,টাকা বাবা থেকে কি এ কলেরা
/kaggle/input/regspeech12/test/test_sylhet_0480.wav,আমাদের বই তারা আবার দুনিয়ার মৃত্যু মানষি খালি তুমার সদর বাই যেলা নেই বডর টেকার বান্ডি বইনে মাতি
/kaggle/input/regspeech12/test/test_barishal_0050.wav,হিন দেই রাত্রে অ্যাম্বুলেন্স বারা নার মধ্যে দে আষ্ট দেখা গেলে যান নাগালে বাদ দেন ঠেহাই নে ই ঝর্তুফানের মদু একটা বিপদে দে ঘরতুফান্ডাঙ গাইরা এত কিছু করা হেইযে মনে কর কোন দুধটা গনা না থাক ও এইডে বোজে না যে মোর বেডা যে হারা দিন এই গাছের কামডা করে
/kaggle/input/regspeech12/test/test_kishoreganj_0039.wav,আই আমারে সা আত্মা নাতি
/kaggle/input/regspeech12/test/test_narail_0022.wav,তুমার মামি আর দিদিমা আস্ত মা ছোট মা মা মারা সস পাইনে জানে যে দেশটা যে পিঠিরতে সুজন মাস্টর পিরিত শেস মরিছে ছোট মানি সুজন ছোট মানি ছোট মা বিশ্ব খাতা ছিল না লাল বার্তা তাকা প্রকনিলা
/kaggle/input/regspeech12/test/test_narail_0003.wav,রে ভয়তে আছে আমি যে জমিতে ধরিছি ওটে কানে গেছে মারে ডাহে কছ কের জমি তোমরা খাস ছিলাম
/kaggle/input/regspeech12/test/test_kishoreganj_0164.wav,দা মানুষের মারা পানি দাম
/kaggle/input/regspeech12/test/test_sylhet_0489.wav,আমার ওলা বাড়ি লইতে দে নি আমার হারাইছি খান্দা মেডাম শাওন সবসময তুমি তানডে বালার
/kaggle/input/regspeech12/test/test_sylhet_0740.wav,মিটার বাদে রাখি নানি চা টা ইটে তারা মন আবার পরে আর
/kaggle/input/regspeech12/test/test_kishoreganj_0021.wav,বয়ামসিবয়ামসিতে আবেগে লোকে হাইস্কুল না হাই
/kaggle/input/regspeech12/test/test_sylhet_0149.wav,বাইর মা যাইবে
/kaggle/input/regspeech12/test/test_barishal_0042.wav,হই কুডোগুন্দুটি মনে কারণ কাছতে টাইন নে আডিবেন্চিমুল রাস্তার লোকদিয়ে জাগা হেইযে নিজে খেতে হে কুটা টি একলাক লা লাডি রদ্দুরে মধ্যে একটা মিড ছাও যা বই ত্রি হে ঘুরে ঠুরেহুবেছি বিলে কেলা হের এক লাখ লাখ কাছে
/kaggle/input/regspeech12/test/test_chittagong_0093.wav,আইসো টেনশন দিতে হনুমীকে নাম নই তোইরি নমিকে না নই গুচ্চসিইউডিউ
/kaggle/input/regspeech12/test/test_sylhet_0001.wav,যেখোনো না এ সন্দেহ তিকি কিসকরা মানে এনতে জবে হয়ায়মহজাহি রতগৌ্ুবাদবিন না তালাক তখন আর মুখর
/kaggle/input/regspeech12/test/test_narail_0063.wav,ফরিবি শেষে পুকুরির আমার বাবা মেলা গাছ
/kaggle/input/regspeech12/test/test_sylhet_0075.wav,মজা খালি ক্ষমা তি পূজা আরেকটা আছে শিপ চতুর্থ চি ফালগুন ই ফোটাটা কিতা যে বাইরে
/kaggle/input/regspeech12/test/test_tangail_0022.wav,অদের দুজনের দেখা একটা নিউ ইয়র্কই বেকুন একটা মলে করা যায় করা দুইজনেই যায় মানে ঘ্লাবসকিনদেখান বাইরে ধন মানে শীত কানাডা দিকে
/kaggle/input/regspeech12/test/test_narsingdi_0063.wav,বের পর তরা অন্যদিন রাগা শিখতি আমি আগে সেই না ঠিক গন্দ লাস্ট তিন না ঠিক পরীক্ষার আগে দিন বা দিতি ন দ্যা তরারে
/kaggle/input/regspeech12/test/test_kishoreganj_0095.wav,ফয়দানোসন কেনছে এফ
/kaggle/input/regspeech12/test/test_sylhet_0606.wav,সবটি থিকা খুব দেখতি বালা লাগে মানে দেখছি লেখা দেবেন ঠিকে বেটি বেশি দামতো আমরা যেছা পড়তাআমিত
/kaggle/input/regspeech12/test/test_narail_0057.wav,কোনো ভালো বানা বর বর সাথে থাই আমাকে দেশের অভাব না আমরা দুই মা ভিত্তিতে আমরা মেলা ভালো আছে খাই তাই ছলি গেছে চাকরি বিতকোয়া তালাত ভাগ্যের থাকা বাসা অলে এর তথ্য দে
/kaggle/input/regspeech12/test/test_sylhet_0338.wav,পরীক্ষা দিতা মন সাহস এর কুন ভাবনা শেষ দর নাতীনতালম্বনে দুর্দান্ত সাহস আছিল বাদে পরীক্ষা যখন স্থগিত হইল ওয়ারপরে
/kaggle/input/regspeech12/test/test_chittagong_0081.wav,কম্পিউটার শিকতামরাজিয়ার তারা দা নে না বস্তা যাবে জানা মাথা ও তুলি হারি ধারে রাহিস ক্ষমতা যাগুই মে কুচ মার পচুর আই ন গড়মোগাল এখন থেকে গুপ্তামজানি না পারি
/kaggle/input/regspeech12/test/test_sylhet_0164.wav,থাকে না হে তো ওযার টাইম আছে উঠানির যে তারা দাম কাটা করি ন দোকান ইতিহাস
/kaggle/input/regspeech12/test/test_chittagong_0150.wav,এতে ছবি টবি কি ফারা আমরা বা হলাম দে আইডি যাক সেট ন গলি বেলা ন হই কান সমস্যা কেউই আইডি দি অন মেসেজ দের কম্পাসেশনগে গুছে উইঠে
/kaggle/input/regspeech12/test/test_kishoreganj_0106.wav,নিট বা সকল প্রাণী সতিপ্রত্যক্ষ বা প্রৎপরোক্ষভাবে উদ্ভিদের উপর নির্ভর শি
/kaggle/input/regspeech12/test/test_sylhet_0114.wav,তেমনি আমরার সাথে ই়েলুয়ে মাত ছুটো বেলা ওলা লই এক কিছু কইন কেমনে বড়টরস্রনপড়াশোনা খরছিলে ছুটু থেকে বড়আখিরকমদুটা কাহিনি
/kaggle/input/regspeech12/test/test_narsingdi_0128.wav,রেট খেও এ আলা দির তো মালাত মুহের ডাক তাগে কিডিসসকিডিসস বেরাম ন্যাচারেলি সুন্দর তা কি একটু সদলের ছেন আমি কি না এরার সান্স পর্যা১ব্ল্াক ব্রনইসে ব্লগার ন্যা ফরমস্কিনার লেগে
/kaggle/input/regspeech12/test/test_sylhet_0037.wav,বিশেষ তা এক অনেক মজা রঙ খেলে খামাইলে সবাই খুব আনন্দ করার পরে মাটা ওত নিয়ে গাড়িতে করে নিতারবসর্জনের প্রস্তনারযে যায়গাড়িতে নি আনন্দ করে সব টাকে উচিত মা ধুর বাগানে আনন্দ করিয়া
/kaggle/input/regspeech12/test/test_sylhet_0418.wav,আমি অসুস্থ সারা বুজছ তা সব মানুষের জি যে বা তাকি হুনছে মানুষ তো সব বালা না বুঝানি উপর বালা দেখতে পারে না আমি আবার আল্লাহও সুস্থ তা অসুস্থতা মালিক
/kaggle/input/regspeech12/test/test_kishoreganj_0078.wav,দাত অনুমতি দিছে তিলাউঁটিয়া লাগে বাহিনি গান আঙ্গাজ
/kaggle/input/regspeech12/test/test_sylhet_0351.wav,তারারে ফাইয়ানুখইলাম যেমন বারি ছিলে টারি তাকে ব্রাহ্মণবাচ্চার সূত্র ধন মান বাচ্াসিনুরুল ইসলাম নাহিদা সেতুনি তাইন লগালোক হোসেন জিনা ই মেডামরে এই ছুটো বাচ্চা লইয়াজামায়ানট চাকরি যে তো সিলেট টান্ডা সিলেট ট্রান্সফর্মার ব্যবস্থা
/kaggle/input/regspeech12/test/test_sylhet_0635.wav,যে নাতনি দেখলাম তাই মাতেনি না সরল ভাইব নি খারে সারে পেশা
/kaggle/input/regspeech12/test/test_sandwip_0054.wav,নাচুরকজনমভসা সর
/kaggle/input/regspeech12/test/test_chittagong_0149.wav,হের বাসা অনে কিতা গো অনুদান ব্যাগ টানা কুমবালা কাইও বা বুল না সরি আহা
/kaggle/input/regspeech12/test/test_narail_0126.wav,কমেন্টে গিয়েতোিরেখেছি দেখেছিআদেখেছি মাতেনি কথা কতি ওনার একটা থাকে কা কন্তে থাকে ওইতো বডর থাকে না ধারে
/kaggle/input/regspeech12/test/test_tangail_0020.wav,তারপরে আমি যেই মুভি লার স্টোরি স্যার কোন স্যারে সেরেনডিপিটি এই মুভিটা অনেক দেখে নাই কিন্তু এইডা সুন্দর মুভি
/kaggle/input/regspeech12/test/test_habiganj_0096.wav,আমার তো ইচ্ছা কাগড়াছরিরা কাটি বান্দব যত ইতারাই মিরা সেম নিজে সাকরি বেশি হ সময যাইমু ইতা তেমন দিতা না এখন তো ছুডু রয়েছি প্রথম এসি আমি জীবনে বেশি ফিলটা লেদা না দিতে
/kaggle/input/regspeech12/test/test_rangpur_0044.wav,যাই জীবনেও খারাপ হবার করবার জীবনে কি শোনো এমনও দিন এমন খাই এমনও দিন এমন নেশা না নাই
/kaggle/input/regspeech12/test/test_habiganj_0053.wav,পর একটি পবিত্র ওযাযায় মন প্রান ও বালা তাখে
/kaggle/input/regspeech12/test/test_barishal_0100.wav,ঈদের দিন রাজা পছন্দ ঈদের দিন পাসটা বেলকেঞ্ছি এবা শীত গেছে কিন্তু মুখ বিহালে বাজারে গেছি পাচটা বেলাঞ্জে পাসটা বালের দুইডে দল হালা
/kaggle/input/regspeech12/test/test_sylhet_0130.wav,সালাম লাগে হুনি
/kaggle/input/regspeech12/test/test_kishoreganj_0192.wav,উদ্ভিদে পুষ্টি সুর টি ন টক কুনডি পানি দুজনের কারণ ন মা মা মা পানিতে মিশে থাকার মামি থাকা বালিকাঁদা ইত্যাদি সুর
/kaggle/input/regspeech12/test/test_rangpur_0023.wav,না রমজান বাসা খাও দাস্ত খাওয়াযা়না রই সময এক প্লেটের ভাগ বেশি দুই প্লেট খা দুই দিন খাজে খালি মাছ কেমন প্রতিদিন দি রমা মাও ও মা
/kaggle/input/regspeech12/test/test_sylhet_0456.wav,যেখান খইতে আমারে মন আজকের মানে তই ও কত টেখা দে লাগে তে আছিল ডর বমি তার ছেলে থাকা ইবা কিচ্ছু নাই
/kaggle/input/regspeech12/test/test_tangail_0099.wav,কাপড়েকরণবীর কাপুর এইডার লিগা অনেক কষ্ট পায় যে একসময় সবাই দেহাযা তো আজকে মানে ওই সবচে বেশি কষ্টে আছে ছবিটা পুরাটা দেখলে আসলে বুঝা যাই ্যওয়ানসাইটে লাভের যে একটা ফিল
/kaggle/input/regspeech12/test/test_habiganj_0071.wav,বর অনামরিক বলে ছুটু বেলাটা হাজার আসি সূর্য না চাঁদের আসি দিকে লগে আছেন স্ট্যান দিকে আরো সিন্ডিস্টেনে দার মানে একবারে সিস্টেম দিকে আর
/kaggle/input/regspeech12/test/test_sylhet_0011.wav,টুযাওয়া দে কেউ করেন রানা টাইপটা মনে বিশ আইনে সব বই খাতা বাল কালকা সল্প আর বুগি পূজা শত প্রশাসন খাওয়া হাওয়ার পরের তে তো পূজারপদ্ধতি বলবোনা করি
/kaggle/input/regspeech12/test/test_sylhet_0175.wav,মুনে জাইনাই ওই এমনি পরিবার মিলা বারাইতে জিনে
/kaggle/input/regspeech12/test/test_narail_0171.wav,কাম তারে জামাই বিবাদের বলতি কুন জামাইটা সামনে উমান গেছে না
/kaggle/input/regspeech12/test/test_tangail_0084.wav,শুলি পছন্দের ফুল গাছ ছিল এই শুলি আমি গাছটা আসলে তোমার কাছে রাইখা যাইতে চাই পরে বরুনধাওয়ান এই গাছটা নিয়ে দেখা যার যে একটা এই ভ্যানে বরুনধাওয়ানের গাছটারে নিয়ে চলে যেতে
/kaggle/input/regspeech12/test/test_kishoreganj_0121.wav,ফরে আগে ফার্স্টে বোঝা যপরিবেরদুষণে অন্যতম পা কান হলো কি শিল শিল্পায়
/kaggle/input/regspeech12/test/test_sylhet_0464.wav,সাতে বিজনেস বলা বেশি পছন্দ তে বেশি বিষ এক বেশি এটা পছন্দ আমি বিশ করিও রাজ ভালা তাকি জাগা জাগা আগে মানে
/kaggle/input/regspeech12/test/test_narail_0154.wav,সরানি সাথে কথা রাত হ কবে গান গরম
/kaggle/input/regspeech12/test/test_kishoreganj_0139.wav,বাঙি সকাল এ মতো বারঙ বাহি সবুজ রঙের কোন মতো
/kaggle/input/regspeech12/test/test_sylhet_0316.wav,জানুয়ারির এ তারিখ টিকে তুমার সারে বাসা হইছে ওএমসি কলেজের সামনে এই কলেজের সামনে দা বিল্ডিং কিতা
/kaggle/input/regspeech12/test/test_chittagong_0098.wav,না আমার মাতাত থাকিবি না ফারিলের দিক নিলো এল করি ফেল ইন যে পেন্ট পাই আরাততু আর কি
/kaggle/input/regspeech12/test/test_sylhet_0656.wav,যে ওর দাদুর কিলা সময যাই একটা করে না না নি আপনারা নেয়াহয়নতিলার আপনার দিন যাই
/kaggle/input/regspeech12/test/test_comilla_0010.wav,রি গেল নাচেরিয়য়সরুমে যাওয়ার করে টিচাররা বলতে সে আজকে বলুটোতে চার্জ নাই আজকে তোমাদের রিয়ারসাল হবে না চলে যাও রোহিত অনেক খুশি ও খুশি হয়ে আবার যা স্কুলের মাঠে আবার যেখানে ধোলানাটাওইখানে ফিরছে
/kaggle/input/regspeech12/test/test_sylhet_0319.wav,ই তখন তাইন দুই বাই ঠাস লোকে বিয়ানিয়ে কোনো স্বপ্ন দেখি নাই বিয়ে নিয়ে ওরকম আমার বিরাট আসলে একটা ঐতিহাসিক বরা এইট হইতে হাসোধারণ মাঝে অসাধারণ আমার বার
/kaggle/input/regspeech12/test/test_chittagong_0107.wav,কিন্তু হরতাল হরার দিন নাতন এক ঘন্টা উলের তে বই তাহা পলি হরিেলার কারণ সেদিন স্ত্রী গরম পলি তা এক ঘন্টা বইতে কলাম দের সময দাও নে বে ছবিতে তা তা মোবাইল শাসন তুলা গার আহে গেলে
/kaggle/input/regspeech12/test/test_habiganj_0054.wav,য়পজাদেয়াস দুস কেরে জ্বালালির দুফুরে জাল দুপ ত এটা একটা সবন্দইধানে দেকটা সুবাস তা খানা শুব আসে একটা নির্মল একটা পরিবেশ সৃষ্টি হয় যাতে আমরা যে পার্থনটা পরি পরিবেশটা যাতে নেকমানে কোনো কিছু বাংলার সভাসফাইলে দিক মন ডাও ভাবে যা ফুলের একটা সুন্দর শুভাসি আপনার মন ডা জীবন বালো এমন একটা আগরবাতি বা দুফা একটা সুবাস ও মন বা ভালো পবিত্র
/kaggle/input/regspeech12/test/test_narail_0069.wav,ওই তেকা আছে তা ওনি আছে যাস জমি সে বারা জানে না কিন্তু জানে যে কোন থাকে তসজমিকোন্ধাকে আমি
/kaggle/input/regspeech12/test/test_sandwip_0062.wav,মন দিন গাদা গান ছি জন হাসি গান
/kaggle/input/regspeech12/test/test_sylhet_0393.wav,মাতা না খেটা সম্পর্ক গবেষণাাসনা যে বাইরা মেটা রাফির স্টুডেন্ট অনার তো একটা পেপার লেখা লাগে
/kaggle/input/regspeech12/test/test_sylhet_0245.wav,আমারে অদিক বাই তাইন কিশোর করি করি মানে সত্য তো কৃষি বেস্ট ফ্যামিলি আসলা আব্বারা দমসম্পদ মানে জমাইয়ার একটা গে সুনা যেটা থেকি আমরা পড়াশোনার খরচ চলত আমরা আসলে কোনোদিন কোনো প্রাইভেট টিচারের কাছে ফুরছিনা
/kaggle/input/regspeech12/test/test_sylhet_0649.wav,বিরোধিতা আপনি তম ন যে যুদ্ধের সময আস্তা দাদো হইলা কিতা মানে কাহিনী হনেক থেকে যে তাইলি লাগালাগি সে দৌরা দল করছি
/kaggle/input/regspeech12/test/test_sylhet_0366.wav,কারানুলিয়া আমার চিন্তা ভাবনা আমরার মতো আসলে আমরার বাচ্চার এত শ্রাগণ করতো না বা ইতা তা আমরা যে পরিবেশের জন্মগ্রহণ করে তারা তই রকম দেখছে না নদি যে তারার লইয়া আমার আসলে মাঝে মাঝে কিতা করবো বা কিভাবে তারা লাইফ
/kaggle/input/regspeech12/test/test_narail_0031.wav,নাসাদমের দিয়াইছল কিছু বেশি বেশাইছলোকতা ওত্তের বেশি নি আছে খায়তাওদখলেনা টফি আমার কলম তাও নি আমার মাথাবাথানায় আমি এর পিছনে দর চে আগেই ঢুকে
/kaggle/input/regspeech12/test/test_sylhet_0505.wav,এটাই মামা ফরাশুনা ওইছে না আমার আবার টাইমে মারা আমারতা চিন্তাধারা মার বারিত তে মানুষ অসুস্থ ইয়ে মারা যাওয়ায একটা টা করি মারা যাও আমরা ফুফি ছিন্তা খরে গেছি যে হঠাৎ করে যে আমার মেইবসনোপুচু হেতে
/kaggle/input/regspeech12/test/test_sylhet_0688.wav,কত বছর ধরে দাবি বা দিকে আমার মিরার শশুর থেকে আপনারা পাইছেন মানুষ সর খাজ করতা শ্বশুর এনতে কাজ করতা জামাই থাকবেন
/kaggle/input/regspeech12/test/test_tangail_0043.wav,পশু পাখি জুর শব্দ তো পশু পাখি তে সব নিয়ে অনেক মানে জাহাজ দায়িততে অনেক টাইম লাগে লিগা অনেক ফ্রুটসট্রুটস নিয়ে ওঠে কিন্তু ওই ইরফান খান মানে
/kaggle/input/regspeech12/test/test_kishoreganj_0203.wav,আগুন নিবার জন্য কার বন্ডা আগুনি মানি কি মমআনতেইনিবিদ গা
/kaggle/input/regspeech12/test/test_sylhet_0599.wav,বই না উইকেট কাইছে মা মারা আই৫চানাসােির এর আগে অনুষ্ঠান
/kaggle/input/regspeech12/test/test_kishoreganj_0014.wav,নাইনি আছে নি টেলা না যাবে তেলা বিলে মারি ভাবনা ডেনা কালা
/kaggle/input/regspeech12/test/test_narail_0025.wav,রাত কয়েদিন আছে কিশোর না তো খাছেই যে মানে তর মা মরি যার পরে তাকান কিশোর সাথে কিশোর কের সাথে সম্পর্ক
/kaggle/input/regspeech12/test/test_habiganj_0079.wav,তার বাড়িথেকেফত দে ন জিগা রাস্তাটা উলটা থাকে মোটামুটি বিশ
/kaggle/input/regspeech12/test/test_sylhet_0446.wav,না আক্রমণ খুলা নিতারে মাত তাকে আইওনে একটু লাগে আমার পুরি সমস্যা করে
/kaggle/input/regspeech12/test/test_barishal_0035.wav,কাজে রান্দে না
/kaggle/input/regspeech12/test/test_sylhet_0519.wav,ভাই এরা ধরার ক্ষেত্রে মাহদি না দিয়েলর্দা জানো বন্দু ইমরান তারা মিট কচ্ছে এক মাথা কি বার আগে আর মাজার জিও
/kaggle/input/regspeech12/test/test_sylhet_0575.wav,সাংবিরারিমরানা দুইটা তাকো বেল মরা নাই থেকে মোনা ছিনার হোতা তা তারার হুনছি
/kaggle/input/regspeech12/test/test_rangpur_0070.wav,কারা করমো কোন মাছ ফচমে কার মাইকু দা নি
/kaggle/input/regspeech12/test/test_kishoreganj_0133.wav,শুদ্ধ ভাষা বই বাসা ইনি
/kaggle/input/regspeech12/test/test_kishoreganj_0157.wav,ভুতের ব্যাপক পানি না মানবদের সা থেকে সভাগ পানি ঘাটে বেলা পান
/kaggle/input/regspeech12/test/test_narail_0038.wav,খন খন এখন যদি তুমি আসল দলিল বারি করি বারও তুমি যতই দখলে চলেযায় সব কাটা জান নামে দলই সে এমন দখল করতে পারে এটাও
/kaggle/input/regspeech12/test/test_chittagong_0064.wav,লিমন অন্য গলা জমা ট্রাই গরম বলে এখন ন গিরি বলেন তো বেগে না দাদা যে অ্যানান্জাগাড বেডা কি গুমাইতারে হ্যা
/kaggle/input/regspeech12/test/test_sandwip_0046.wav,বিটিরে মাতা ঢুকে গুরলে
/kaggle/input/regspeech12/test/test_narail_0049.wav,না কি আই কাইটে পাছা না আর এই জেমাটিকাঠেছি
/kaggle/input/regspeech12/test/test_sylhet_0666.wav,বাল যার আপনি তে এখনও শক্ত সামর্থ্য নাকি না লইযা সুখের আরি পলিত রাহা কেলা দে ব্যা মারা মান
/kaggle/input/regspeech12/test/test_narsingdi_0022.wav,বিতর জন্য খারাপ লাগের পয়ত হিসাবে সিনিয়র রে তেমন রেসপেক্ট দেয়া হয়সাইবউদ্দীনের কথা বলি ত উদ্দিন নিজের নিজে বডর মনে করলে যাহ
/kaggle/input/regspeech12/test/test_barishal_0020.wav,খারনে আশা কি টু ফাস লোক কলের না করছে এই লোক জুটি এক বেলা ওষুধ নিচ দে পড়েরবেলায় দুই বেলা ডাক দে নিবে তুলি থেকে খাইছি
/kaggle/input/regspeech12/test/test_narail_0162.wav,এমনি ট্যাবলেট করতে পাও এ অবস্থা
/kaggle/input/regspeech12/test/test_sylhet_0126.wav,দিনু তারা মালিক এখ আগে মালিক আছে এক মালিক গেছিগি বারি বুজতে চিবি তারা নর্তের আর নয়ামালিকআদ আলদা হরে তারারে দুতালা বাসা
/kaggle/input/regspeech12/test/test_chittagong_0067.wav,তাখে নি বা তত ন আই আইলে কি আগে ফিরা তার তর সমস্ত হল হরা বালা লাই যাই
/kaggle/input/regspeech12/test/test_narail_0087.wav,কথাই তুইতো বুলে তুই যদি বুলে নাতেস্থা়ী পাঁচ মাস পরে দে মারে বন দিতে মাগনরামি ইন্ডিয়াতটা আসর পরে তরচে তামার একদিন কথা হয়েছেযুদিন ইন্ডিস থেকে আইসে
/kaggle/input/regspeech12/test/test_sylhet_0598.wav,তারা বাসাত দা খোল দিবার যাইলো দরি দু মা অসুস্থ গেলে তারা সব আইফোন সার্বিয়া তার নাতি হাসবেনতখনকাা
/kaggle/input/regspeech12/test/test_sylhet_0210.wav,ডুও পরীক্ষা দিসি এসএসসি পরীক্ষা তো এর আগে একটা জিনিস আমার খুব বেশি না রাতে এইটা হইলো এটা জরি পাইছে বুটের বুটের যে তালিক করন ও তার নিবন্ধন
/kaggle/input/regspeech12/test/test_sylhet_0320.wav,মধ্যে কুনো স্বর্ণড্ণর কাপড়চুকর কোন ধরনের লাগদারিয়াস কোনো কিছু না চা সন্নতিবিয়া দিতারে কম একেবারেই সাধারণ এবং পূর্ব তার সেটিসফেতাইনোর কোন প্রত্যাশা নায় আমারও কোন প্রত্যাশা নাই দিওজনে তা আমার প্রত্যাশা খালি আমি একটু মা
/kaggle/input/regspeech12/test/test_tangail_0083.wav,শিউলির ফ্যামিলি আসলে এই বাসা ছেড়া অন্য দা চলে যিতেছে এই বাসায় আছিল শুলি অনেক সিটি আছিল পরে শুলি শুলিরে মার সাথে ভোরে অনেক কন কথা য পরে মানে শুলি রাম মা বরুন ডে বলে যে
/kaggle/input/regspeech12/test/test_rangpur_0117.wav,চুল কাডাবু রাতোর মহস্ত ছুড়োই আছে
/kaggle/input/regspeech12/test/test_sylhet_0415.wav,প্রাচীন মা স্বামী বর্তি ইসলাম ফরে ইখান থাকে না ঢাকার ডাকাত কুনু চিকিৎসার কোনোজাগা বলে পোসাগথলিফাটু কেস তোমার আটকে রাখার মতো তোমার কিছু আমার নাজমুল তো একজন বালা মানুষ আমি নিজে মুখ আমার ২৪ ঘন্টা পোরসাব জড়িগেছা মুক্ত ও সুস্থ মানুষ
/kaggle/input/regspeech12/test/test_narsingdi_0015.wav,টাকা কি লাগে নেতো দেড় থেকে দ কোটি টাকা দিলের একটা মেশিনই না চার একটা স্পিড মেশিনে হেরা ঠিকঠাক মতো চালাইতে পারে না বল করে বলার বুল গতি উডে
/kaggle/input/regspeech12/test/test_rangpur_0037.wav,যা খেজুর হেতির পচুর আমার সারদে জুর খাবে খেজুরো শক্তি যোগায়েজুর শোতা থাকি উটি একটা সেলেনখায়া
/kaggle/input/regspeech12/test/test_sylhet_0707.wav,স্পষ্ট করার দরকার নাই মা তেলাই তে আমরার আরো তারা কালে আর খ্রীষ্টধর্মম বলে বলে
/kaggle/input/regspeech12/test/test_sylhet_0354.wav,লানিঝাঁটামি আমরা বোসায়েওয়াইলা মেমরি করছো ২০১৪ সালের নভেম্বর ও সেই নভেম্বর মাস তো নভেম্বর থেকে এখন পর্যন্ত মাসি
/kaggle/input/regspeech12/test/test_sylhet_0568.wav,দূরত্ব সব ইংলিশ না যে আমার ম্যাথ সবগুলো ইংলিশ দুইটা সাবজেট র মেলা থি়রিওইংতিপিরফি হাস কাডি রাগে ইংলিশে
/kaggle/input/regspeech12/test/test_tangail_0002.wav,পরে ফিরডিউমার কিউটিভ ওই ব্যান্ডের দলে যোগ দার ইচ্ছা করে পরে ওই ব্যান্ডের যে ভোকাল মানে ও আর কি একটু আগে মানে ব্যান্ড থে ব্যান্ড থেকে বাইরে গেছে ওযার গার গান করব না পরে ব্যান্ডের যে বাকি সদস্য
/kaggle/input/regspeech12/test/test_sandwip_0116.wav,গোরা হরাতে সার এতেকি আনের আগ হাট সারে সবসময ইয়ামানিসবচেয়ে ভালো স্টুডেন্ট আইরে ভালোভাবে হত্তে
/kaggle/input/regspeech12/test/test_noakhali_0010.wav,ওদল্যিপাতাকপি গাই দুই ভিজিটি হামলা
/kaggle/input/regspeech12/test/test_habiganj_0046.wav,কিনা মরা বেশি ঘর বই কেডা যেছে নাই কেডা আছে কিনচি না একটা আমার গিফট করছি আমার বাহা ইতাওই পরসি নিজে ঘিনছিনা আর লাইব্রতিকে আইনের না পর্দা আমি তাই নিজে কিন্না বেশি পর রয়েছে
/kaggle/input/regspeech12/test/test_tangail_0038.wav,মেইন ক্যারেক্টার প্লে কোর্স ই ফান খান আর একটা ক্যারেক্টার আছে বাঘের নাম যেছে রিচার্ট পার্কার ছবিতে ফান খানের নাম থেকে পাই প্যাটেল ওই যেহেতু পাইপ পাইপের এ ছবিদা কিছু অংশ ভারতে কর যেছে আর কিছু অংশ অন্যান্য জাগা করা হেছে সমুদ্রের ছিনে আছে মেক্সিকান দ্বীপের ছিনে
/kaggle/input/regspeech12/test/test_narsingdi_0078.wav,হয়ামধুরা পিএসসি দেই সময়ভেরদতকা সেল আমার রাউন্ডার রাউন্ড আবার লোক দা দিবার যা ডার থাকবা বালা করে দেখি তরা আরও বেশি দিব
/kaggle/input/regspeech12/test/test_sylhet_0571.wav,আজকে সন্তাউটিয়া নানি বুচ্ছস সুপার বাদ টিয়াগেদিনোলা সাদা ফান তাইন দুকানদারের
/kaggle/input/regspeech12/test/test_chittagong_0095.wav,মন চলে সাগতলযেনতর্য নাই ইতে বলে কাব গুপ্ত যেন শীতের সরি ফগগাম সিসি ইউ নি
/kaggle/input/regspeech12/test/test_sylhet_0160.wav,ইমডিআইসিললিমিলিটারি বোমার ফাই
/kaggle/input/regspeech12/test/test_sylhet_0065.wav,করে নামে আমার গেছে আইসতা তারা অফার মা ছলা হেন সমত বেকে বর্তি বাম অন্তর্ভুক্ত তর সাই রঙ গন কিন্তু অনেক প্রবলেম দেখা দিছে নামে বর্তি
/kaggle/input/regspeech12/test/test_kishoreganj_0072.wav,দাম বৃষ্টি আসা বেটা বা বাঙা নিগা
/kaggle/input/regspeech12/test/test_rangpur_0085.wav,আন্ডার মার মতো ফিরুজ বাবুর তুমারে গাছ তুলি
/kaggle/input/regspeech12/test/test_tangail_0114.wav,ওরা দোকান খোলে হচ্ছে তোর ছা এবং আগুন আরো আগেই লেগে গেছে তখন ওরা ছিল না সব তালা মারা ছিল কিন্তু আমি একটা জিনিস বাছি না অরা ক্যাশ টাকা গেলো দোকানে রাখি তদরকেশুবে্র ধারণা ই রাতে চলে তর গর ক্যাশ টাকা করে না না ঘুরছে
/kaggle/input/regspeech12/test/test_sylhet_0104.wav,বিল্ডিং এর ঘরের মধ্যে বোধ ফরে কিনতে সেলে
/kaggle/input/regspeech12/test/test_sylhet_0282.wav,যাইবাদে ফরতি উটার পরিম মেলা চিন্তা করলাম যখন বে়া করা দরকার ওসময় একটু একটু চিন্তা করিয়া দেখলাম যে না এখন আমি আমার চেকে উপরে লেবেলের মানুষ যদি গুজা যাই আরও সময় লাগব
/kaggle/input/regspeech12/test/test_narail_0167.wav,কালি বারি না বেশি মারাত্মক কিছু করা পাকা না যা
/kaggle/input/regspeech12/test/test_sylhet_0098.wav,লাগে বিশ্বনাথিনেবে লাগা বাষার এমরা সাফোমখাইলা কেলা বেশি লাগে কম মানে কী রকম যাইক তো সবতা দিন জায়গায় গেছে দিন জিতলা চইলা
/kaggle/input/regspeech12/test/test_sylhet_0195.wav,সজন সামেলির কারণে এইট নাইন পরিয়ার করতা করছেন না তারা বিয়াগ়াকরিয়া কৃষি পেস্ট ফ্যামেলি আছিল রাখে তুতলাগাইতা গরু রাস্তা ও না যে শিখালহীন শ্বষ্যতালাগাইতা
/kaggle/input/regspeech12/test/test_sylhet_0460.wav,মায়াহলকার বর্কি টাইমে স্পিন জি কবিতা লগে তো গেছে গা কতদিন গিয়েছেনজুর করি আমার কথা ঢুকে বাবা আমি এসেসি বিসি না
/kaggle/input/regspeech12/test/test_rangpur_0081.wav,করছে গোটালে বিচে হ হই না মানে অবশ্যই হ
/kaggle/input/regspeech12/test/test_sandwip_0126.wav,হই প্রেশারে কোন হোলা নানা লেবু আঙ্গ পরিবারের মধ্যে আই আবার
/kaggle/input/regspeech12/test/test_sandwip_0016.wav,মাসে নাই বাই ডেম
/kaggle/input/regspeech12/test/test_tangail_0126.wav,লুকাইয়েই থাকবে এত বড় একটা কথা বলছে ভাই একে তো গরম তারো পরে আগুন ধরছে সব জায়গায় মানে এখন গরমের কাপ শুরু হয়ে গেছে কি গরমটা কোর্সে রেক্সস কথা হলো গরম টা রোজার মধ্যে পড়ছে ফাস্টের দিকে রুজা ছিল আমরা থে ভাব ছিলাম খুব বৃষ্টিতে ঠান্ডা ঠান্ডা আরোজাটা শেষ হবে
/kaggle/input/regspeech12/test/test_tangail_0016.wav,আর গান শুরু পয়োতার বিখ্যাত গান বুহি মেন গ্যাপ ছডি পুরা১৯৮১ সালে মন ফেলে পুরা স্টেডিয়ামে সবার সামনে গায়ার
/kaggle/input/regspeech12/test/test_narail_0058.wav,আজার মেন কালা থেকেই ওই টাউট বাটফারি করে তার কি দি তারা যা জমিত ভালোভাবে নি নাই ও জমি ভাবে থাকবে সিস্টেম
/kaggle/input/regspeech12/test/test_sylhet_0720.wav,খুব একটা নাই টা এটা খুলি লাআর হ যে ইটার কিতা করা লাগে
/kaggle/input/regspeech12/test/test_sylhet_0515.wav,নেক শাক যে পাপনে যে বস্তা করতে বালা লাগে না
/kaggle/input/regspeech12/test/test_sylhet_0266.wav,যেদিন আমার ক্লাস শুরু দিন বৃষ্টি আছে মনে আছে বৃষ্টি আছিল আর ক্লাস রইছে আমি জানি না আমার বাই খমবা সিটিত ফরে শাজালাল বার্ষিক তে আমার ভাই অর্থনীতির ফরা তখন মোবাইল ফোনও আছিল না
/kaggle/input/regspeech12/test/test_sylhet_0288.wav,কিন্তু আমার যে অতি আমার যে ট্রাগল আমার যে হিস্ট্রি ইটার সাথে অ্যাডজাস্টেড না হইলে পরবর্তী লাইফটা ও স্মোভনাওইতো পারে তখন আমি চিন্তা ঘোষণা করিয়া আমার জিগাই শুনে ব্যাপারে বারি থেকে প্রস্তাবছি তোমার কেটা
/kaggle/input/regspeech12/test/test_sylhet_0235.wav,চকলেট আমার বাইরে মূলত টেখা দিয়াছল্লিষ্টা মছআনিয়ারসহ ফুরানা ফেলা উঠানোর মাঝে তারারে সবারে পাটাইয়া দিছে আমার রেজাল্ট ওর মিষ্টি প্রত্যাখাই হইয়া রাখতে বৈশুন পারিবারিক মিটিং মিটিংও টাকলা তিতুবালার গল্ফো যখন
/kaggle/input/regspeech12/test/test_barishal_0084.wav,না মনে করেন কাম কামের দারে হেনের লোকবাখারা গুমাই আ মনে করে তা ন টার আগে হের আইবে না মুরগির বই থাকাতাইা গুরলমুড়োল তারাই রানে শুরু করি দিছেন
/kaggle/input/regspeech12/test/test_sylhet_0255.wav,একটি মন খারাপ করিয়া গেছি বেয়ার প্রস্তাব লইয়া আইসেন বহুতে তারা করি সব জায়গায় অখন বাযেদিমুঠচেন্জ ফরে নিছিন আগের যে একই তা যে তিতা ফাস করিলার তখন আর ইলা কইলা না কার ইতে দিন চাইবো লাও তাই যেদিন তাই বদিনবিয়া কখনার আমরা বিয়াদিরামনা
/kaggle/input/regspeech12/test/test_sylhet_0399.wav,একজন মানুষ ওর
/kaggle/input/regspeech12/test/test_rangpur_0030.wav,খাবার দেলদুবরেটাই অতিথিরার আট ডাইলার অতি সিআর বিনা
/kaggle/input/regspeech12/test/test_kishoreganj_0035.wav,করিছ না বা গাম মিমেরার
/kaggle/input/regspeech12/test/test_chittagong_0106.wav,সে আর তুরে হই ওই ঐদিন দি ছুয়াইবী হতা ন হয়নাতইকি শামসুর হতাত আর তো মানসি বে সান জাফর রেডি সাইতে সাই লাই হরেন টামেলা
/kaggle/input/regspeech12/test/test_sylhet_0033.wav,উপাস্টামা ক্যা পর থেকে যাবানে যেটা বালা দশ টাকা করামিডেটাইনটা শেষ বেশে পোয়ালটল খাইলা পোশাক খাওয়ার করে খার করে দেওয়া হয়িকিছির দুইটা ওটা শখ আবেদন উৎসবাতেগুলো হয়গিতাপাঠ করা হয় প্রতিদিন চন্ডিবাটগিতা না দুর্গা বুজের চন্ডিপাট
/kaggle/input/regspeech12/test/test_narail_0100.wav,অনেকদিন আগেরটা গুড নিউইলিচযকমাট কইছি কিছুই সুদ্ধ বাসা কথা কবো না না সন্ন
/kaggle/input/regspeech12/test/test_rangpur_0105.wav,যার ঠিকভাবে না যা যা
/kaggle/input/regspeech12/test/test_tangail_0014.wav,মার্কেট থেকে আউট হয়ে যা পরে অরা সলে রকম ষ়তন্ত্র করতে থাকে পরে ফেরি এঁরে আসলে রাসময় কুইচ থে আর কি আলাদা বেড়ে ফেলায় আরে দিকে ফেডিও মনে কর ফেডিও একসময়
/kaggle/input/regspeech12/test/test_sylhet_0265.wav,জীবনের মুর ঘুরানোর মতো একটা অবস্থা তাইয়া পরছি বার্সিটিত তই যেহেতু মের কৃষ্ণ আসলাম তুমারে কষ্টের প্রথম থেকেও স্টল উঠা বেডা টিকে প্রথম দিন থেকে
/kaggle/input/regspeech12/test/test_sylhet_0474.wav,ফলকুটাইয়ার সবে সাউন কুরিয়াকে নতুন দান মানা না সবরে চলিত হেছে তাসকিনরেও বাড়িথেকে না কেচা ফাসটা করযে নেতা থাকে লগে
/kaggle/input/regspeech12/test/test_tangail_0064.wav,সে কন মানে যে যখন যাই দায়িত্ব পরে কখনো সে কহনও এটার কহন ক্লিনাকনো ডায়ডায়ার কন আসাদ কহন আবার দেখা গেছে ম্যানেজার কুন এক ফুডে তৈ রকম
/kaggle/input/regspeech12/test/test_chittagong_0030.wav,সামনে মালি সিনেমাত মুবাইল দা খালি করতি আমার আমাইতিনিয়ে আরা এতাহাদিবহৌদে মাইখানিড্দলে মেগ মোবাইলে এল আখি
/kaggle/input/regspeech12/test/test_comilla_0024.wav,তখন আমি জিজ্ঞাসলাম কি হইছে তখন ও ঘটনাটা বল আর কি এরপরে আমি রুহিরিনিয়া রেডিও যাইতে চাইতে শুনি যে মানি বাচ্চাটা মারা গেছে লাশ নিয়ে আসছি উপজেলার মধ্যেই দের বাসা এই ঘটনাটা রুহিরিও অনেক ভয় পাইছে আর আমার জীবনও মানে একটা স্মরণীয় ঘটনা রুহির
/kaggle/input/regspeech12/test/test_rangpur_0114.wav,মাত খাবা বাঘু ছিল গাদা আছে দিনাজপুরই যে উড়ে আছে দিনাজপুর
/kaggle/input/regspeech12/test/test_chittagong_0082.wav,লগে এহন আইনা যাতে বেগগুনের বেডাতো ইতা রানতে কেনবা
/kaggle/input/regspeech12/test/test_sylhet_0577.wav,আগর দে রাত্রে এইলা না ইদর ফরে পিকনিকো গেলাম ঈদ আর দে
/kaggle/input/regspeech12/test/test_kishoreganj_0188.wav,কুডি পানি দোষনি কার নরমাল না
/kaggle/input/regspeech12/test/test_kishoreganj_0123.wav,ডেল তাঁত পরিষ্কার মিল ফ্যাক্টরি শিল্প কারখানা সচল রাখতে বিভিন্ন দরনের জিব চলা নি যেমন জিব সজন তেল প্রাকৃতিক গ্যাস প্রাকৃতিক
/kaggle/input/regspeech12/test/test_sylhet_0473.wav,মিতা গ্যালে দ্য ওয়াজলসনাল্প গরের সামনে এসি পানিত হেও
/kaggle/input/regspeech12/test/test_kishoreganj_0108.wav,এভাবে এভাবেই শক্তি থেকে প্রাণীে প্রবাহিত হয়বাস্তবসংস্থান উদ্বিদ থেকে ্রাণীটেসক্টির প্রবাহের এই ধারাবাহিক প্রকার
/kaggle/input/regspeech12/test/test_chittagong_0017.wav,বাতি নেকা আলারা অবস্থা হলে তার কি গরমে জুল হতক্ষন আবার ফুয়াইদআবার গামুরঅরেক দিনের ফাসসুটে ল র
/kaggle/input/regspeech12/test/test_kishoreganj_0111.wav,পানির দি অনকা পানিতে শক্তি প্রবাহের একই দাদা বাহি পদে হলো খাদ্য কুন এখন টাকা
/kaggle/input/regspeech12/test/test_kishoreganj_0085.wav,না
/kaggle/input/regspeech12/test/test_sandwip_0128.wav,মামা টুরা বি ন কেনা এন্নে অব না বিল আই সুজুগে
/kaggle/input/regspeech12/test/test_sylhet_0359.wav,মি আমার বাচ্চা ফ্যামিলি আছে ই এইজে হেভেন এই হ্যাবেন্টাকে সেন্টার করিয়া আমার পেশা মামা ফাশান লাগে যদি এইদিকে ক্যালসবট আমি অনেক সিনিয়রারা তো দেখছি যেহেতু
/kaggle/input/regspeech12/test/test_narsingdi_0010.wav,ওরা তো আরও হাই লেভেলে সেজন্য তো তারা লেক্সমিন খেলতে গেলে সমস্যা হয়েযাথেইগে আছে তবে তবে ইদানিং গালে ভালো উন্নতি
/kaggle/input/regspeech12/test/test_habiganj_0102.wav,ফিোলজিআনার্টা মুনি টাম ডাগে জীববিজ্ঞানের সাথে কিছুডা মিলে তারপর ভুলা সহজ লাগে এমন করতে করতে আর বিহিবির ফান্ডামেন্টালের সাবজেট গুলো সহজেই লাগে আবার মাইক্রোবযালো জিডাহালিকটে লাগে তার মাইক্রোভসের নাম গোলা কটিন লাগে দাম কি দা আইনা উচ্চারণ করা যায় না
/kaggle/input/regspeech12/test/test_narail_0020.wav,ুরাারাকইয়াগেল এক আছে গুরু কত চলবা লেকে পরা কইছে কন চলবা লেকে পারা কোনো দিন তোর মা আরেকটু নি বলি িয়াাচ্ছেগুর তা
/kaggle/input/regspeech12/test/test_chittagong_0043.wav,পিডাইতে ইতে যাচ্ছে ধরি ব হই যা অগ্রন দেখুন ঘুমে ছলে তালা দুরাসময় ফালাবা
/kaggle/input/regspeech12/test/test_narail_0010.wav,মনি করছে না আমি এরকম তো কোন কথা কি আমি তো রকম কোন কথা বলি নাই আমি এরকম টাকাপয়সা কোন আমি সর শুনতে ছিলাম আমি শুনিছি প্রকাশিত তালি তুই সন তাইলি আমি শহরে যাচ্ছি তালি মিশন কাছে আমি তো সরে যাই তা কই বাত্রা তা টশা কা তাকলে কাকি যে
/kaggle/input/regspeech12/test/test_narsingdi_0115.wav,অ্যানিমেশন টির আমি পারবানা সফটওয়্ার ইতা চাই না আমি সফটওয়যার নাম সফটওয়্ার নি নি সফটওয়যেরে সটওয়্যার সুজামাহিনচাসনা করেই বিটার টিচার তে সাজিস না
/kaggle/input/regspeech12/test/test_rangpur_0019.wav,কাকা এমনি দিন যে গেসল দিছেন
/kaggle/input/regspeech12/test/test_barishal_0038.wav,কতগুন গুণ কিতা টাকার না এক বছরের মধ্যেই দিদিরে খাবে দিনি রাওই লোক
/kaggle/input/regspeech12/test/test_sylhet_0363.wav,রেজাল্ট যখন বৃষ্টি তখন আমি এ এ এডুকেশন বক্সে যে তো আমার তে ওইগে গুন বের ওইলাম ফ্রটেকশন তারাই লাখান মানে এখন কিতা এখন কোন ড্রিম দেখানি না ভাবরাযা আরো টাইম দেও
/kaggle/input/regspeech12/test/test_sylhet_0054.wav,বাই ফরে বইন বাবা মসুর ব্লাড ভিসার পাওবাঙিরম২০২০ সালের ডিসেম্বরের
/kaggle/input/regspeech12/test/test_sylhet_0516.wav,বলতে আমি জাগা কর ডেরেন সারা তারা
/kaggle/input/regspeech12/test/test_sylhet_0724.wav,মোটা মোটে তালি দিনি পার্মানেন্ট যে গেছে দিন আরি রান ওই গেছে লাই এর এর
/kaggle/input/regspeech12/test/test_sylhet_0311.wav,কালকেও আব্বা মারবেনকে তোমরা সমস্যা নাই সমস্যা নাই করে ইদ দুই বন্ধু আইছি না করা না বারিত আমদাবাড়িতাইয়াও লা আমরা সবাইরে কালকবিয়া
/kaggle/input/regspeech12/test/test_comilla_0013.wav,রুহিভ্রাপ্তাসে যে আকাশে ত বানি সূর্যইটা রইছে রৌদ্র এত রোদের মধ্যে তো কেউ তাকাই থাকতে পারে না ও এটা ভাইবা ও দৌড়ের কাছে গেছে যাওয়ার পরে দেখে যে ওর চোখ মানি চোখ দেখা যে ও তো আর বুঝতে পারতেছে না চোখ উল্টাই থাকলে যেরকম অবস্থা না সূর্য বরাবর একদম চোখটা ভাবে আছে
/kaggle/input/regspeech12/test/test_sylhet_0165.wav,নিজস্ব কি লেখন রাজা আনাইবা কতা
/kaggle/input/regspeech12/test/test_habiganj_0044.wav,তুমারে এমন কোনো হায়রাজফুনবাদে সুনবারদে অন্য কোনো হাজার বাদে বাবা মা বাদা দিছে বা বাইগুনেবাধা দেয় আর এ সময বাধা দিলে বা কেমন লাগে বা কিতা
/kaggle/input/regspeech12/test/test_narail_0168.wav,লাইন দেলে করা যাবে না নি
/kaggle/input/regspeech12/test/test_chittagong_0056.wav,নি হাত বাত্তা বেশি বাংলা বাহি এন গরম বাঙ্গা তারা তুরমাহতাধুননিলে কেন বান হ তাই
/kaggle/input/regspeech12/test/test_sylhet_0202.wav,মানে প্রাইমারি স্কুল ফাশ করি যা করার কতা কইতাম না প্রাইমারি সফূলতাকরিম করি যমন ফাস করি দিছি তখন রাম মার ফরার কোতাকোঁয়া লাগে না অ না জুলাই আর বিশ্বাস করিয়া যখন দান রইদ দিত দান রদ দিলে
/kaggle/input/regspeech12/test/test_narsingdi_0103.wav,আল্লাহুআকবার এনা কালু রানা সি কামিগারমবানি
/kaggle/input/regspeech12/test/test_sylhet_0293.wav,অবস্থা আমি আর আমার ছিলে আওয়ার পরে ন়বস্রসশ্াশুড়ি মার হাসনানরাফইসে তখন যে তারে তোমরা কিছু দিছি না তারা কি চেষ্টা ভিউ তে তাই নামরে ফোন দিছ ফোন দিয়া হইলা যে তুমি তোমার একজন ফ্রেন্ড হইয়া
/kaggle/input/regspeech12/test/test_sylhet_0193.wav,বাই থেকে খাফর সফর করো নিয়াকুচাইয়া রাখা মুরগরুকবড় আইলে তার পাপানি ও ওদ্যাতর কাজগুলো আছিল আমার তততাকরিয়া দা ফানি হতা মূল অর মুরগার সাতার বিত্রে জুলাই নানি টামলাদিয়া রাখা
/kaggle/input/regspeech12/test/test_habiganj_0070.wav,অনামিকার দার নামেক ফারা একটু সেডে পাশের মতো বেশি বল লারা তিনতালা ছি
/kaggle/input/regspeech12/test/test_kishoreganj_0182.wav,এর দিরে পুষ্টি শোষনের জন্য কুনডিপইবিমা
/kaggle/input/regspeech12/test/test_barishal_0037.wav,মানে জানেন ইসের সারের সরল সোজা নিবে বালালাগে চালা ফেলে দে মাইসে যাই এ কতাটা খেয়াল করি যদি আমার দোষা কইযেন বলে ও মোরে
/kaggle/input/regspeech12/test/test_chittagong_0127.wav,তিন তালা বাস্তবতা দারেত্তে গে সারা কাবাবে মহানগর পরে
/kaggle/input/regspeech12/test/test_tangail_0104.wav,সামি আবার মানে নামগুলায় উল্লেখ করতেছি প্রথম প্রথম রইছে বোহিমিয়ান গ্রেপসডি তারপর ছে সেরে ডি পিটি তারপরে যেছে লাই অ পাই তারপর অক্টোবার তারপরে হয়েছে সাবারিয়া
/kaggle/input/regspeech12/test/test_rangpur_0005.wav,দাম বলে ভারা হাসি দাম গম হুটকুরিবাড়িে দা মেডাম কন যা
/kaggle/input/regspeech12/test/test_rangpur_0073.wav,দেশ লাগযে বাছিল শাগ দেও পাতা কত খোলা ডাটাগুলে দেহ করতে
/kaggle/input/regspeech12/test/test_sylhet_0343.wav,ওতা দৌড়িয়ার সকালে এক শরিকে বিকেলে ওলা করিয়া রিটেন ফরিক্কা দিছি ভিলা যাইও কুরটেনের রেজাল্ট আঠানদলিলা পজিটিভাইসে যখন রিটেনে রেজাল্ট প্রতিটি ভাইসে তখন তো বাইবা দেওযার যাইতাম
/kaggle/input/regspeech12/test/test_sylhet_0749.wav,ছা সিজন বিষ্ণবৈষ্ণসবা করিয়ালেতথাই বোধ নিয়ম
/kaggle/input/regspeech12/test/test_narail_0135.wav,দিন পারবে না তামান নুসরা খুব খারাপ ইটা খুব খারাপ তর মারার মা করছি কি পাসপোর্ট করে আমার মা রে ইন্ডিয়ায় ফেরত
/kaggle/input/regspeech12/test/test_sylhet_0390.wav,করতে বালো গাই শুনি তে খাই যে তালা থাকে যে
/kaggle/input/regspeech12/test/test_sylhet_0645.wav,খরা সারাদিন তোমরা কিতা খেলা দুলা করছিলেন সময়যায়
/kaggle/input/regspeech12/test/test_narail_0028.wav,বটতলার বাবা সম্পততিত নিজস্ব এডিয়ামোইসে খালকুলি আসাদ মিয়ার কোন জমি খাইনি
/kaggle/input/regspeech12/test/test_kishoreganj_0019.wav,এখানে বর্তি বাডি বারি বিলাতি ইবাত বিলাইতে তারা
/kaggle/input/regspeech12/test/test_sylhet_0488.wav,তারা টেরা দে সব নিহতসময় লাগে নিউ১১১১ট২িতা বিষ আসে ফরে তারা যুরি মাইদ্যমে গেট এর পরে বিতর আবার গ্লাস পরিমান মেডা নবিনের পরের বাবা বিত্রে আর
/kaggle/input/regspeech12/test/test_sylhet_0548.wav,ইউটিউবে এক রমজান মাস্টার্সের মজা নইলে পড়াতযাওয়াও দেখন মিছিল হলো
/kaggle/input/regspeech12/test/test_sandwip_0043.wav,বসা সাদা মিসির হে বা আমাগে বার দেতাছে অর না
/kaggle/input/regspeech12/test/test_sylhet_0678.wav,না বাইও তাই নে অনেক বালা মানে কোটার কি খুব আপনার মায়ারাশিক কিতা বা দেয়াযায় আর কিন আফনের মানে সময় দিন কিলা যায় সারা দিনকে তহন
/kaggle/input/regspeech12/test/test_rangpur_0033.wav,ইমানদার দি আমি খাই না কোনো দিন হরিপুরের রাখা যায় আমার অতি যা রুজি মরি গেছে মনজুরানেরবাড়ি তরকারি আমরা আগে থেকে কে অবেনে তলে
/kaggle/input/regspeech12/test/test_sylhet_0332.wav,কাগু ই কাজগুলো করা লাগে আরেকজন মানুষ তার তো বেতন দেওয়া লাগব তোমার হিটা খাতিরে তুই বেতন মসুটলাকাল চাকরি করিয়া তুমি কাজের পুয়ারবেতন তাই না না তুমি সাকরি সামলাইতে পারবে না তুমি বুয়াসমলাইতাার চেয়ে
/kaggle/input/regspeech12/test/test_sylhet_0641.wav,গাউ কি কে এখন সরলিপিশেষ নি ব্য হ হ করন কইতারি
/kaggle/input/regspeech12/test/test_chittagong_0131.wav,খালাদা বিভিন সিমাইর সাতটা খাল গেই
/kaggle/input/regspeech12/test/test_narsingdi_0087.wav,শক্ত থাকে তারা তারা ইতে দিনের জমুনা বৃষ্টি সেই গরম করতাছে লাতিক আল্লা বৃষ্টি লামি বৃষ্টি লেগে ছা এলাকার
/kaggle/input/regspeech12/test/test_sylhet_0196.wav,বাকী আমরা ছুটো পাঁচজন ইসলাম পরা পাঁচ জনের মধ্যে সিরিয়ালি আমিয়াইসলাম ফাইনা বার আমার ছুটু আরকটা বাই আছি আমরার আসলে কোনো টিচার লাগতো না আব্বার করাইতে আমার মা স্কুল স্কুলো গেছুইন
/kaggle/input/regspeech12/test/test_noakhali_0013.wav,আসা আমি সাইর না সারে বাঙ্গা দিতা
/kaggle/input/regspeech12/test/test_narsingdi_0006.wav,বাংলাদেশ ছিলো বেটা দুর্নীতি পাপন্দােঅবফান নটি টাকা এত টাকা দিয়া কি করবো কিছু টাকা পয়সা খরচ করে তো ভালো
/kaggle/input/regspeech12/test/test_barishal_0070.wav,মাথার দ্বারা ঠিক এদের দেয়ালাইদেন না পারলা কিছু মাজামাজি আপনার দেন বৌ বই যে দেখ
/kaggle/input/regspeech12/test/test_sylhet_0420.wav,কিন্তু খা ফরি একজন ডাক্তার না বে যোগাযোগ করছেন তা জন ডাহা তুমি মোখ বাজার লইয়াফোরেকান জি কুশি মন অবস্থা দি এখন বালা বিজা
/kaggle/input/regspeech12/test/test_sylhet_0605.wav,এলিম্যাডাম ম্যাডাম বলি ম্যাডামডা মিমের আবার মে ঠিকটাক সারা নে মানা বাসা তো অনেক কিছু একসপ্ানেমেযর নি মেন নি বা চেষ্টা করে অনেক কাহিনি
/kaggle/input/regspeech12/test/test_narsingdi_0113.wav,গরু
/kaggle/input/regspeech12/test/test_sylhet_0430.wav,লি একটা রই গেছে এর পর জন বালা হরছে রোহন একটু জিনে বালা হস এতো অনেক খুশি হইছি আমি এর পরে পর সব রাস্তা জিকে টাটা লাগাইছে গে
/kaggle/input/regspeech12/test/test_comilla_0022.wav,কিভাবে হইল এটাও আর ওই যে মেটা মারা গেছে ও মিটার সিরে মানি ওর বাবাময়ের ছোট সন্তান অনেক আদরের একটা বাই হচ্ছে ইঞ্জিনিয়ার আরেকটা বোন ওচ্ছে ইয়াতে পড়ে কলেজে পড়ে আর মার সাথে মেয়েটা থাকে
/kaggle/input/regspeech12/test/test_narsingdi_0097.wav,থোথুমেল্দ্য নিলা ব্যাগে জেলে দিকি না ঈদের দিন মাই কি রান স্যামাইনুডিস
/kaggle/input/regspeech12/test/test_habiganj_0113.wav,নে কাটি মত হইলো বাট ক্লাসে তো একটা ফ্লাক গুরুত্ব দে না এরা বিশেষ বেলা সার্কাসের বা কোচিং টোচিং ফরে উস অনে এরা পরে যাবি কান শেষ
/kaggle/input/regspeech12/test/test_narsingdi_0045.wav,গুলা কালকা কলিং স্টার দেশি অনের এ কলিং সার নাকি ইউদোইয়া আকবাদিমার নেমনতাবুল গাছ জেরা যে মাতিনিের এক সেন্টার খাবা কলিজার এনের কথা ও
/kaggle/input/regspeech12/test/test_sylhet_0679.wav,স্কুল তরা সারা কিতা হলেও সংসার যা তারা ফলা ফানি
/kaggle/input/regspeech12/test/test_tangail_0119.wav,তারপর বিদ্যা সিন্না মিম তা হাসান সবাই যার যার পক্ষ থেকে এক একটা কাপল কিনতেসটে পোড়াকাপড় এবং টাকা করে এলা টাকা করে দিতে এটা খুবই ভালো উদ্যোগ পালে সবার কন্টিভিউশনে দেখা যাইতেছে ব্যবসায়ীরা আবার নতুন করে দাঁড়াইতে পার ক বিদ্যা
/kaggle/input/regspeech12/test/test_chittagong_0164.wav,না মরা নাই মুজুরি হাছা সোহাাল্লা হতা হই নি তে হতা হবে মাঝখান দেক সন্দে
/kaggle/input/regspeech12/test/test_sylhet_0729.wav,পাশে সি বি মা গাঠি না নি কি গাটি না এ মা মানে
/kaggle/input/regspeech12/test/test_rangpur_0116.wav,কালাই না থাকে এ ডাইল শাক দেয় যখন যেটা লাগে যখন যা লাগে তখনে তা বিজি
/kaggle/input/regspeech12/test/test_sylhet_0191.wav,টুকু খাওয়া বা সন্তান আগে পাবি গতবার কুদা লাগছে দেখা যাতে রান্দার আগেও আমরা রাখি চেষ্টা বানা নিতা দবিয়ারতেলুনদিয়া মোজাবরিয়া ইউরোপ নং লাগান গাঙ্গিয়ারি তা মকরা করি পরে ছিলেটি বাসা মুটা মুটা হাইতাম খাইয়াগেয় পরাত বইতাম
/kaggle/input/regspeech12/test/test_sylhet_0702.wav,ইটা ইটা বেকার কেলা কই ন আসার পর বাবু
/kaggle/input/regspeech12/test/test_sylhet_0364.wav,বাচ্চারা দের লুইয়া আসলে আমার ড্রিম বলতে আমরা যেভাবে স্ট্যাবল করিয়াই যে আমরা বাচ্চার ত্রিশটা অলা ছলে গর করতো না
/kaggle/input/regspeech12/test/test_sylhet_0224.wav,তই মুইটা তোর আমরার জন্মগত ফাশটা এটা তো পাইবো ও আমি পরা শুরু করছি যে স্কুলো করতা ইত্যাদি কি বালা রেজাল্ট করিয়া বাইদি ছিল ওলা উদাহরণে আমার বাইরের পত্যাবালা স্কুল কিন্তু আমার স্কুলটা তো বালা এতা কি কোনরকম কুসুরতফ়া
/kaggle/input/regspeech12/test/test_sylhet_0146.wav,সারাদিন কিতা কিতা খরোইন আমরা ই কিতা কিতা করে আফনেরার মানে জীবন লই অত বেশি জানা দরকার আমরা ছাত্র ছাত্রীরা কিতা করে অত আমরা নানি কেরা কিতা খরো এমনে দিন যাই আপনারা জামানার সাথে আমরা জামানার কিতা কিতা ফার্তক্য একটু কই
/kaggle/input/regspeech12/test/test_narail_0075.wav,গালিও তোমারে সবটা মারা তাইতে সাদ্দিন আছে এই যে যে আমার মাতা
/kaggle/input/regspeech12/test/test_habiganj_0061.wav,দইরা বুইয়েতাহে যদি কুস্তা কুচা খই তাখে অবস্থা এমন রেশাসমকিতা কর তাই এড়াউদে হাজার বড় এলা একটা কতা ফরাইতে ফরাত বলে তো আমি শেষ আমার এত ফিরে আই তাইতে ছে ফরাত বইলে আবার মা তাহে হাতে আমারে আবার তো আমার ফ্লাট তুলে না কিন্তু এমনে ডঙ্গেনা এমনে দেশে আমরা ডোন্নাঙ করি যদি
/kaggle/input/regspeech12/test/test_sylhet_0638.wav,না না আহরণ
/kaggle/input/regspeech12/test/test_narail_0056.wav,শিশির ধারে নাকি কাঁদদারে নোটিসাইআমােআমাকে নামে আমাকে মেলা দিন ওই ভিতরে ওরা দলিল করে আমাগে যে বাধাই রা ছিলোনা জমির কথা কয়েকে তই বিটা ঢুকা আমাকে দেবে ওই বিটা ও ইকানে মে তলি লস ছেলো না এদেন মেলা যেই রেকর্ড গেছে সে আমাকে
/kaggle/input/regspeech12/test/test_rangpur_0092.wav,খাওয়াদা মানুষে করাই ভালো ভাবে খাওয়াযও়করা় তো ফলাআেহির
/kaggle/input/regspeech12/test/test_sandwip_0079.wav,আমি দুহান অদিক দেখলঅদিন়গ দেখা
/kaggle/input/regspeech12/test/test_sylhet_0142.wav,না টরবত পরিবার না যে তিনি
/kaggle/input/regspeech12/test/test_chittagong_0116.wav,বেলা ফিরে আবা বিকালে সি এটি তফাল্লার মুবারটুবালে ধন অদে বে তাঁড়ানো মাদিনদীবহইদে জ্ঞান রতির লাল বুঝা
/kaggle/input/regspeech12/test/test_sandwip_0069.wav,ই যা উনি রমা যে দুর হইবার দুগা খাইতে সালে স্কুল বসত হইলে ওইলে ভাবি আই ছা
/kaggle/input/regspeech12/test/test_sylhet_0661.wav,তাও আমরা আরেকবার নি তা
/kaggle/input/regspeech12/test/test_noakhali_0002.wav,বা টমেটোকে টওবাটিসি জন্য কাত অমরার দাম কমে না
/kaggle/input/regspeech12/test/test_chittagong_0090.wav,যারা কম্পিউটারের ইন্দি আবদার উন্দা এখন ব্যবসা কারালয় থাকে থাকে তে না তো সেকেন্ড নাই না মানে
/kaggle/input/regspeech12/test/test_sylhet_0214.wav,নাম দেখি সময আমি খালি একটু কি নাইনি সি তো আমার মনে মনে টার্গেট জামারততো কমলা না মুব তার মাজে এল্লা চেক করতে চোক করতে একটা কামের জিনিস মানে ব্রেন মাজে খুব হে মারেন দিলে ওটা হইলো গা
/kaggle/input/regspeech12/test/test_chittagong_0109.wav,হে মে সুন্দর রাসুল লম্বা না গরো কাদির আবার জাগা খালাম তা হইরা আর ছবি হতাশ হইবে নাই নাই আই
/kaggle/input/regspeech12/test/test_sylhet_0024.wav,কার পরে আমরা খাই রঞ্জুলিদঅহিল মার কাছে দিলাম দেয়াগি আমরা জিদ প্রসাদ পোশাপর্পসারি থাকা বা এগুলো এগুলো খাওয়ার পরে দুপুরে যক্ষাপাত করতাইগুলো তখন ছিনির
/kaggle/input/regspeech12/test/test_narail_0127.wav,বর থা বাড়িথায় বলে বেশির ভাগ সময়তা কথাও থাকে না থাকার মতো একদিন বন্ধ ছল তা অনেক কাছে তো মা সামি অনেক মিস করি বাই জাজা
/kaggle/input/regspeech12/test/test_sylhet_0379.wav,পরে আমার জালেরা একজনে সম্পূর্ণ দিয়ে দিয়েও তারার মাঝে কোনো ধরনের অতিতি বা না পাওয়ার ইতিহাস থাকে না আমার শ্বশুর শাশুরি ভিজে রাজি সেলেমের পড়াইসিই কেন তারা লাগে
/kaggle/input/regspeech12/test/test_sandwip_0055.wav,নে মাস টেনশান বেশি দান্দা নানান ও ঠাকুনের সংকট ফেল
/kaggle/input/regspeech12/test/test_sylhet_0016.wav,তার পরোজননিয়তে খুজা শেষ হওয়ার পরের দিন দিনি তাহলে না রে রাকতারে সবে আলগতন্তফর্ন করার পরে পরের দিন মা র তে ওয়ার আমরা রিটেনে
/kaggle/input/regspeech12/test/test_chittagong_0041.wav,না ঢলে তো মনো হর তাতারি ফাইতা না ফেস্টিভ্যাল ইদিন হইছে কিবা মাইটা মা ভালা সোনা আবে আজ আমি আইবি মানি লন্ডন যারা হ্যা নি
/kaggle/input/regspeech12/test/test_chittagong_0003.wav,সাদা মাতা টাতা দেই বেরা পেনছে রাখব আর কেউ না সিনির কে দেহিলে আনোয়ার দেহিতে বার কে দে তো কাইল দিতি হাতে মাসে সালাম টালাম তালে
/kaggle/input/regspeech12/test/test_chittagong_0108.wav,বোধ আরাম কি বলে ব্যাংকার উচার বিদেশে আছে আর বাড়িকে বলে কালা দে় বালিকা বলিকালালয়েরবি অ্যান্ড লগ নাকি আছে ইবা হতা হই
/kaggle/input/regspeech12/test/test_sylhet_0133.wav,চিনি বিলে তিন তিনজন কাম কর বাকি দুইজনে কিতা করেন জিতা হরি খান ফানি পরিষ্কার তারা
/kaggle/input/regspeech12/test/test_barishal_0016.wav,কি এই বাসাটা ফাই বা
/kaggle/input/regspeech12/test/test_sylhet_0134.wav,নিজের আইসা ন ইদের দিন কিতা ফরে বরর মাঝে
/kaggle/input/regspeech12/test/test_sylhet_0615.wav,কিবা না দিরাই
/kaggle/input/regspeech12/test/test_narail_0152.wav,না দিলামনয়নঘনে
/kaggle/input/regspeech12/test/test_kishoreganj_0020.wav,ই খাত মাসি আছে সমিতি তে আংাদিকসাজেী দেই দেখা একটা খাম বাদশা নামা খাত আছে থা আনা খাই মুফান
/kaggle/input/regspeech12/test/test_kishoreganj_0135.wav,বা নিবে টাল আমি
/kaggle/input/regspeech12/test/test_narail_0132.wav,আমি দিন ঘরে একা একা ঘরের ভিতরে সিরে থাকি লাগে না সিরে থাইমওয়েইল সাপের গুমাই আরেক জায়গায় মাজো ইন্দি আমার খুব ইন্ডিয়া আমার খুব আপন হয়ে গেছে ইন্ডি়ারামি কাকা চলাচল
/kaggle/input/regspeech12/test/test_narsingdi_0032.wav,স্বপ্ন তো সবাই আমরা দুইটা ম্যাচ জিতব বাবায়আসছিলাম পাকেগুলা জিততে পারলে আমাদের জন্যে প্লাস পান্ট আমরা ভালো কিছু করতে পারতাইন্ডিয়ার সাথে লিটন দাস সানাউডটা না হলে ত বেটা জিততে হে কো নাগছে
/kaggle/input/regspeech12/test/test_sylhet_0511.wav,আসলে নৌকে বিল্ডিং গরি বিলের মালিক পর তার বা সরকারি সরকারে কন্নার
/kaggle/input/regspeech12/test/test_sylhet_0470.wav,বিসি মায়াবেশী আর তারা টামিলা ন পাইছে ৮৫আ৮াখতাইতা চুরি করি দিতে পড়াইদেয়নি ব্যবসা বাণিজ্য ল্যাব বাণিজ্যের দামটা
/kaggle/input/regspeech12/test/test_sylhet_0030.wav,অনেক টাকা খালের মধ্যে বা প্রণামি ব্যবসা তখন ইজাহাগুলো খেনে জাহাগুলো পুরো তিনি অনেকাজে পুরুত দেয় না কমিটি জ্যাক কিন্তু তারপরেও তারা যে যে মান্মনা করে পুরুত নেয়াকমিটি ওটে নির্ভর
/kaggle/input/regspeech12/test/test_rangpur_0054.wav,আললাআলাজে জমিন নাই হাটপায়ের ওপরদিয়েই শুকুর চলা এটে আল্লার কাছে
/kaggle/input/regspeech12/test/test_chittagong_0160.wav,অরা কতগুলো কিনে তি আগে ফরে বারি দুটি গরগর যখন ন মারি
/kaggle/input/regspeech12/test/test_sylhet_0553.wav,পরানের আগে প্রিপারেশন টে খিলান তারা খে আলাদা তরে তরারে প্র্যাক্টিস করায়োানত মাত্র তিন মাস স্পিকিনআইওস রিডিং রেটিং যার শিট
/kaggle/input/regspeech12/test/test_chittagong_0129.wav,একটা মহানগর ফাল্লা কিতা মনো চুপ
/kaggle/input/regspeech12/test/test_tangail_0017.wav,ফান রেক করে জা আফ্রিকার তারা দরিদ্র আছে অসুস্থ এইডসথাকরান্ত তাদের জন্য পুরা এডা পুরা অনেক একটা হিট পুরা হয়ে যায় সারা দেশে এবং ইন্টারন্যাশনালই
/kaggle/input/regspeech12/test/test_sylhet_0087.wav,ফরাশোনা হে বারে লাইনে ভরতিছু ফরতে পার লাগে না দাগে গেলে বুজা
/kaggle/input/regspeech12/test/test_kishoreganj_0117.wav,গাস গাসফরিশাপব্য শাপগাফু়িং গাস ব্য গাছগাশ়ি ব্যংশাকুাগাছ গাছ গাছের এক এলাকা গাছ ফুরি যে গাছের কা উজুর হুরি গাছে না গাছেরে গাছটা গারি এলাকা ব্যাঙে
/kaggle/input/regspeech12/test/test_narail_0160.wav,এরপরে ওনারাছে পাই লতি সমস্যা তা ও মেলা পুরনো সমস্যা এরপরে আছে ওনারস্ে মাজায় সমস্যা এগুলো আছে উনি উনি উপতিদিনকয় উপলব্ধি করে
/kaggle/input/regspeech12/test/test_chittagong_0173.wav,আমনেরা তুন দে এ হতার সমান হ্যাবেন হ না কেন হাত সাইন সুযোগ বুকের
/kaggle/input/regspeech12/test/test_narsingdi_0091.wav,দা ক বডর সিকারে আরা দুই ডা শুরু দিনরাত হইর লই একটা মরোনা দুই থেকে তিন
/kaggle/input/regspeech12/test/test_rangpur_0080.wav,এ নিয়ে জায়নাকাম্বাই পুল বিনি সার মশা গানের বুজি যে আর যে দে মিলার সর
/kaggle/input/regspeech12/test/test_narsingdi_0116.wav,না কি না খালি মামারে ফারি বদ্ধ দিলে আমার লাই ভিজে এই জমিডা কোনো দিন ইতা না কোন দিন করি দে আর অ কা
/kaggle/input/regspeech12/test/test_sylhet_0089.wav,মার বডর বইন কোলাও
/kaggle/input/regspeech12/test/test_chittagong_0059.wav,কলেজের খবর টবর কি কলার বাই সেকেন্ড তার নাম নই জুতা অবস্থা আই আসি
/kaggle/input/regspeech12/test/test_chittagong_0046.wav,শেখ হাসিনা হাসাদ ধারগত্সম্পত রিং যে তার রে এর দিনে বেরাইতাম যাতাম দেও না তারা মা এ থিকে বেরা দে হলের বিজি নন আমি
/kaggle/input/regspeech12/test/test_chittagong_0151.wav,বে তা আশার ভিতরে তবে ষার গত ক্যানে লাগে
/kaggle/input/regspeech12/test/test_sylhet_0231.wav,বিটি বাজার লোকে ঠিক ওইছে এই নিলে ইস্কুলে হুজু মরা ম্যাডামের বিবাহ ফরাই অনেক হইতে আছে ক আমরা জানি সগল হটা
/kaggle/input/regspeech12/test/test_sandwip_0058.wav,
/kaggle/input/regspeech12/test/test_tangail_0054.wav,এই ছবির লাশটের দিকে যে লাইনডা আছে ইট লাইনডা মানে আমার সবচেয়ে খুব কাচে একটা লাইন জনে বলা হয়েছে আই সাপোজ ইন্দাইন দ্য হোল অব লাইফ বিকামসএ্যাকটফ রেটিং গো
/kaggle/input/regspeech12/test/test_sylhet_0413.wav,ফরের বারিচা সে মশা বাচ্চাকাচ্চা না ডাক্তারের রাতে দেহাইতে তাই দে দে পরে বাসা লইছে এইযা ও এফরে মি বিল যখন আ লইছে পরে আল্লা দিলে ও সজন মেয়েেলাাুুফুশ হইল এখন তাইনো মারা গেছে
/kaggle/input/regspeech12/test/test_sandwip_0029.wav,যত বোক সর্বশেষ কথা একেরে যত কথা কবে যত কিছু সর্বশেষ কথা মাজএখুবিসটুগা এ উলজুলইয়জুল ইদের বিদিমাত্র শরীর বেশি অশান্তি লাগিযে ফোন করছে কান
/kaggle/input/regspeech12/test/test_sandwip_0026.wav,হেতের হোলাইন এবার হরালাএগস্টে ঢর লেখা বেশি করতে ন আছে মন কষ্ট তো তার সবসময জানে আনে মানে আনের দিক থেকে আসফা সব সময় খুব ইসব ত্যাল এতে কোনোদিন মানি কোনো কাম কোনো দিন হেতে স্কুল বলারের হরাইতে কোন কারফুন্য ঘরত না
/kaggle/input/regspeech12/test/test_narsingdi_0052.wav,সন্ন কাটা মেক সমান হিন্দু তারা দুগালায় লোক দুরি ফরে গাল গান দিলে তে না ডুকার কাফর লাগে কাফর করে ভাগ দোকানে পর্দা পর্দা বাইতে বেরিছুথায় না পয়লাতাউননে তালা
/kaggle/input/regspeech12/test/test_habiganj_0089.wav,এর আগে সিলেট অ ভিন্ন ফিলে সিলেট ওটে বেশিরভাগ আমরা বিবাগ সিলেট সিলেট গেছকয়েকবার এরচেয়ে বেশি একনা নিছে না কোনো সা সা বাগান গুরাইছে দা সো গেসি সিলেট গেছি অভি ভান্ডার হিসেবে সা বাগান আছে কেনতে গুরাইছি
/kaggle/input/regspeech12/test/test_chittagong_0117.wav,পরীক্ষা করে তে ইতি আরো দি আর মোবাইল তন কল গরে বেলা পর জার কি চইলে মাঝখান ডে বা জিনাবাইুমিটে আর তো বুঝা বুঝে তা হইতে হ
/kaggle/input/regspeech12/test/test_barishal_0041.wav,মৃত্যু পারি না তাহা সে অনেক কইলাম কিজান গরু যুদি পালো স্পষ্ট কর তৈবিকিন্তুাই আমাদের খেলনা দিবি হইতে পারবি না দা কম ওগে ধান্দা ইতে মুক্ত তেকে উত্তর পালা তিনজন ফুড কিনি মল ঘুরে থেকে
/kaggle/input/regspeech12/test/test_sylhet_0300.wav,এটা সবসময় সাথে থাকে বিআরডেইটুই লইগ্যা পরে কিতাগরসী জামার সামনে তখন আমি পড়া পরীক্ষার লাগি পোরিয়ার বিসিএস পরতাম দিকে চাকরির পরীক্ষা দিতাম বার্সিটির মাস্টার্সদের পরীক্ষা আইও পরীক্ষা লাগি ফরতাম আমি তখন আসলে বিআরতিকি বেশি ফরা মুখী
/kaggle/input/regspeech12/test/test_narsingdi_0011.wav,যিতি করতেছে আরও উন্নতি করবে নতুন নতুন ব্লেয়ার আসবে তবে আমলাদেশ যে পঞ্চমণ্ডব ছিল এরকম পাওয়া যাবে না
/kaggle/input/regspeech12/test/test_sylhet_0101.wav,যেন তার না ইতা তারা তুই ওখন ই গুস্ত খরবেন
/kaggle/input/regspeech12/test/test_sylhet_0555.wav,সাইলে জমা ছা কিতা অবস্থা আগস্ট
/kaggle/input/regspeech12/test/test_sylhet_0644.wav,খালি মাতা দিমা বাকিতা করে মা কিতা করেন
/kaggle/input/regspeech12/test/test_sylhet_0348.wav,সিলেট তে কি হনো জ্ঞান চাকরি করতে মা বোন গেলে তোমার শাট টাস্তা নামি ক্লাব এক বাচ্চা লইয়ায়ত তো আরেক যুদ্ধ ও যুদ্ধর সময় কাদির মিরার তাদের লি লগে আমার বার সিন বাড়ি থেকে একজন বারি থাকছোইন কাজের মেয়ের গেছে বাচ্চা লাগিয়া
/kaggle/input/regspeech12/test/test_narsingdi_0061.wav,সার হের হোমভার্গ এড্লিচতেখার চুলা সুবিধা
/kaggle/input/regspeech12/test/test_kishoreganj_0011.wav,বাকুম
/kaggle/input/regspeech12/test/test_kishoreganj_0023.wav,সেলাই লোক কাগজ তখন লকেকে সমস্যা বাটিতে তার কানিতে আছে এর একটি লাগে তফু বা মিদে আর ইউনি নামে তথ্য বিজ নাম চামলেয়বাফেন্দা মিদে বল্লা দেখছে গরতে
/kaggle/input/regspeech12/test/test_chittagong_0034.wav,টিকার গাছে লাব আরবি আবি ইতের হনিমিকে যেতা মিটার লিবিলহনিমুখে ফেইচানো হ আগা দিতে না বেলা আইনা জি টেকাতুল্লা় গা মিশি খেল সীমা নাইকা
/kaggle/input/regspeech12/test/test_sylhet_0357.wav,মান এখন পনে যে আহমেদ বালা বালা রাগা ঘর ট্যান ওসময়কেতা আপনার ট্রি মানে এদিকে টিচি টিচি চিন্তা ও লে যে আমি যখন বিসিএসের সাবজেক্ট জুস কি করা লাগে ক্যাডার চুজ তো ক্যাডার আমি পুরো সব অ্যাড ফাশ যাবে ফুলোই অ্যাডে
/kaggle/input/regspeech12/test/test_sylhet_0500.wav,দা খা বা তোবা শেষ ফরে টু গুমাইলা না পডরটাউটে পরলাম বাসার বিতরেও ত পরিচিত মানুষ বালা যেদিন লাগে না পরিচিত মানুষ একটু গেলাম বেলা লাগলে একটু টিভি ভি দেহ মুবাইল ওইলে টুটি বালা
/kaggle/input/regspeech12/test/test_kishoreganj_0191.wav,লিগাল আই পাবনা বিজিত
/kaggle/input/regspeech12/test/test_kishoreganj_0034.wav,গোলব্তহয়ে গেলে
/kaggle/input/regspeech12/test/test_rangpur_0104.wav,যা আইছি না না বক্কর হামার মসজিদ নামাজ পরে না না রে
/kaggle/input/regspeech12/test/test_rangpur_0050.wav,আর না তারা দর্মের ফিলিয়াই দেবে খাবার বাবা ও এমনি অলরেডি খারাপ হ
/kaggle/input/regspeech12/test/test_sylhet_0404.wav,আমার বি এম দশ বছর কিন্তু আমার একটা অসুস্থই লেখন বাচ্চা মানসের মতো আনলা কিন্তু কোনোদিন বিরক্ত আইনা
/kaggle/input/regspeech12/test/test_kishoreganj_0002.wav,কাছে নাই ইয়াবাছে ভিডিও কাছে কোতামাটে
/kaggle/input/regspeech12/test/test_sylhet_0205.wav,বা বিল না আমরা না পাতা করি ঘরে কোনরকম ইটনা পর্যন্ত পরে এটা গাও গ্রামত এইটুকটা মানে ফুরিন ইসেমৈলবিয়ার হ
/kaggle/input/regspeech12/test/test_narsingdi_0025.wav,সিলেট করতে পারতো বা তারা তো আগে যায় তাদের খেলা দেখতে হবে যে কোন ক্ল্য়াটটা ভালো খেলতাছে কার বেলুকুনজায়গায় বেশি বেটা তত ত দেখতে হে তো মাঠেই যায়না এই ড্রেসিংরামে বইসা থাকে মঞ্চালেদোদেখে
/kaggle/input/regspeech12/test/test_narsingdi_0037.wav,দ্য রাইট বিল দেম এর দামের লক্ষ য়তিনেখনা খান খামারে ফিরাদামুগেআরফ করা যা
/kaggle/input/regspeech12/test/test_chittagong_0105.wav,আলাইকুম আমি ক্যান তোরার বেগম কাছা
/kaggle/input/regspeech12/test/test_sylhet_0221.wav,পরারিও নাই আমার তো বংশের মজা অন্যান্য বইলানেরওপড়াইতে না দিলাইছে পিয়াতাওও লেভেলে ইটনা রসের বাদ দিলাইছি আমার তো করচে ছেচি টাকা করাইবা ফাশ খরিলাই আমি ট্রাই করমু একবার যে
/kaggle/input/regspeech12/test/test_chittagong_0054.wav,লাকি মাত দিন বলা এ বুয়া়তাহিবি দেরি হন মত ম্যানেজ গরি
/kaggle/input/regspeech12/test/test_chittagong_0119.wav,ফাইনি হারি না পর ও নাম বানা কে গুমত সিরে পা কেলা খন্ড বলবা বাবাকে নে পাকা গরে
/kaggle/input/regspeech12/test/test_sandwip_0101.wav,গুলেন ঘুরে আমনে কই
/kaggle/input/regspeech12/test/test_sylhet_0700.wav,আতের ডু হেভিটেশনার মাত্র আর বাটুল একটু টাইম নিলি
/kaggle/input/regspeech12/test/test_tangail_0125.wav,দেনই লোকটা ওই যে ওটা তো ভাইরাল হয়ে গেল কত কি বললখুইজেই পাওয়া যায় না এখন এরকম বলতে ছে কে লোকটা না খুঁইজা পাওয়াায় ভাইরাল হয়ে গেছে এখন তো সেই পলাতকই থাকার কথা
/kaggle/input/regspeech12/test/test_sylhet_0003.wav,উদো দে না কিছু নাই গুরে ফালতে হবে তারা যার ন লন তনে পাই বানলাম
/kaggle/input/regspeech12/test/test_narsingdi_0059.wav,গলা অবে দের মন লিয়াাকাসাুরু বেলা তালে খেলাধুলার প্রতি বিশ স্কুলে তাইয়া মাই তখন ধারা নার দামদাড়ি থাকে
/kaggle/input/regspeech12/test/test_sylhet_0117.wav,বানি কষ্ট হলে না খম মারবে তিনদনরেলপেন টেনিসেতে থাকতে কী রকম দুষ্ট লাইনে তানিম আছে না শতান বাই বর মেলা
/kaggle/input/regspeech12/test/test_habiganj_0108.wav,স্থান রিকনরাসাবের কিছু সাব্জেট বাদ্দি সেভিটা অন্তর মানে মনত ধরছে না কিন্তু খ্রিসাবজেট ডেমরা মিন
/kaggle/input/regspeech12/test/test_kishoreganj_0064.wav,না না গাছটা পা থেকা বাদে গরে কাম আছে
/kaggle/input/regspeech12/test/test_rangpur_0012.wav,মেডাম রাজা কদিন থাকে এই আলনা করলাম
/kaggle/input/regspeech12/test/test_rangpur_0021.wav,রম বাজি বাইগুনবাজি লাগে সুদি দল ইটা আছে আমার তাই টিম নাই খালি একটা আইটেম দিয়ে খাই আমরা
/kaggle/input/regspeech12/test/test_sandwip_0075.wav,অসুদ্ধাবায়ভাবে লইলে থাকে পারিনে বলদ ট্যাবলেট
/kaggle/input/regspeech12/test/test_noakhali_0011.wav,ব তরকারি কিনি অ্যান্সিগামাগা বেডি কতা কন
/kaggle/input/regspeech12/test/test_sylhet_0172.wav,এলাকাও আপনারা ফরে ফাই বই আমরার সাথে মা মা লাগে হেই সময়ের ঘটনা সিবি
/kaggle/input/regspeech12/test/test_sylhet_0378.wav,পরে একটার পর আ শেষ হইল টিটারে বাশা দি দিলাম আমি যদিও তোমার সারের কাছ থেকে ছুটো সবচেয়ে সুকে হ্যারাই দিয়ে আছি তো পরে আমি আমার ফাঁকি টেখা গেহে গল্ডুনবানাই চিকিতসা করলেন ফাঁরি
/kaggle/input/regspeech12/test/test_sylhet_0558.wav,যে দিন আমরা ন তিকা যারা দেখি আমার ন একটি তার
/kaggle/input/regspeech12/test/test_tangail_0010.wav,কনসার্ট যে করের এক দেশ টিক আরেক দেশ বিভিন্ন দেশে এরাই মানে অগো মেইন যে খেতে এটাই মানে যেহেতত বেশি কান ফি কবার দিতে পারবো হিজ করতে পারবো তার খেরে তথ্য বিশ এই সময় তার ক্যাটিয়ার আর লাভ দূরে একসাথেই চলতে থাকে
/kaggle/input/regspeech12/test/test_kishoreganj_0138.wav,জারু তার কমলেপেপেয়বাহাঙীর সবুজ যাঙ সবুর সঙ্গে পাকায় পরে এগুলো রং হলুদ বা শুনালি হয়
/kaggle/input/regspeech12/test/test_sandwip_0071.wav,কাতা কেরে মোট টই ব্যাডাই করবে না চারা লিমা চিনি
/kaggle/input/regspeech12/test/test_kishoreganj_0050.wav,বাতাসে তার বেশি না না ক বেশি বল কিনতো না
/kaggle/input/regspeech12/test/test_sylhet_0753.wav,অনেক স্বফন না কি তাই সময়মযানের গরের মাদি কতা নিয়মটয়মপড়েন পুরা
/kaggle/input/regspeech12/test/test_sylhet_0573.wav,পাই জাফসমিিাখুন মাসিগে অক্টোবর ইসলামও আশা তারা তা তাই এক বারি
/kaggle/input/regspeech12/test/test_kishoreganj_0007.wav,নেবে খুলানি এত তাকা রাগ বাবে
/kaggle/input/regspeech12/test/test_sylhet_0654.wav,কতদিন আস্তা নি কতদিন আস্তা নি না কতদিন আসলা বি
/kaggle/input/regspeech12/test/test_barishal_0098.wav,আই ল মনে করেন মটুনিকেে ধুয়ে দিছি কিলা পোলা রাত বারোটা আমই বারটা তরিত পিরে এটার নার মধ্যে দুটি বাড়িযেই যাই
/kaggle/input/regspeech12/test/test_sylhet_0199.wav,আনন্দ বিশ্বাস সব বাই বোইন বলতে পাঁচজন আসলাম ছুটো পাঁচজন পরাত পাঁচজন করলেও ই সময আলাদা আলাদা চেয়ারটেবিল ওত কিছু মেলা ছোড়া আবার খুবে সম্ভব ছিল একটা টেবিল আসি বিটা চেয়ারাসিল
/kaggle/input/regspeech12/test/test_sylhet_0277.wav,খাবা খরচ ভাইর কাছে চানা লাগেননা বইও আগেও লুগিয়াবায়ে তাইন ফ্রেন রাগ থেকে সাইয়াটাইয় আনিয়া দিতা তখন আমি নিজে নিজে কিছু বই কিনতামনি একটা খামচা এফোর্ড টিকে আসতে আসতে টিশি আর একটা বারা এসি রকম করতে করতে শেষ পর্যন্ত মিটাই টিউশনি পর্যন্ত ইউনিভার্সিটি খুশি
/kaggle/input/regspeech12/test/test_sylhet_0487.wav,দেখিয়া ফোডরেয়মপারাশন বললে একটু পাওয়ারইমানি স্পেনঅবুদমবন
/kaggle/input/regspeech12/test/test_kishoreganj_0163.wav,পানি বেশি তাকালি পানিত পানি পানি দে পানি বোঝে কি মাংসের মানবে সা থেকে সতান মানে সা থেকে সা
/kaggle/input/regspeech12/test/test_sylhet_0328.wav,শুনি শুনি দিলা পরীক্ষা ফিলি পরীক্ষা দিয়া তাইন টিকি গেছিনাটিকিয়া কান অলরেডি বেবি রেশম কাট হ্যাঁ
/kaggle/input/regspeech12/test/test_narsingdi_0050.wav,অনেক খারাপ দিন ডইয়েএনাত হলো তেল এ জাগা নিশের দলা গুহা ন করা লাগবে সব দন রাখে ফরিমান বঙ্গবাজার মরতি জেলা কুন কুন দারা কোন তাকলে মাটা স্বর্ণ দোকান আবুল লাগবে
/kaggle/input/regspeech12/test/test_comilla_0015.wav,আসার পরে এরপর ওর দুল্লা থেকে ও যেভাবে আছে পুরো শরীর নাক একদম শক্ত হয়ে গেছে ঠান্ডা গেছে ফরে ওডে ধুলা থেকে বের নাম আইছে নামামের পর রাবার সাথে সাথেই পরে হাসপাতালে নিয়ে গেছে মনে কিরগটা অবস্থাও মার্কিন তরে নিয়ে আসছে স্কুলে নিয়া এসে ওর মা কিন্তু এই সময়টা স্কুলে বেতন দিচ্ছিল
/kaggle/input/regspeech12/test/test_sylhet_0018.wav,দুর্গাপূজা করি নানি না যাও যাতে পরে বুজা টাম সবচেয়ে বড়দলদুর্গা ফুজা কি আসলে আগাত আমরা তিন দিলে দুগা বুজে শাশটি
/kaggle/input/regspeech12/test/test_sylhet_0052.wav,খন নতুন সিস্টেম প্রাইভেট না নারাই মের আগে টেনিজিয়াচে ইঞ্জিয়ারকে বই কিলা ফর লা তো টামেলা মি তারা যাবি মোবাইল ত বা মোবাইলে আগে টালা দেখে
/kaggle/input/regspeech12/test/test_kishoreganj_0161.wav,মানবে সার থেকে মুবির দে দে দে সাথে ন
/kaggle/input/regspeech12/test/test_comilla_0008.wav,এই নুসাইবার সাথে নুসাইবা আর রুহি ওরা দুইজনেই খেলা করতে করতে ধুলনার কাছে যায় যাওয়ারপর নুসাইবা বলতেছে তো তো নাচের ইয়ারসাল আছে তুই এখানে খেলা খেলা দুলা করিস না তুই রিয়ারসলে চলে যা আমি এখানে ধুলনাতে দুল খাই
/kaggle/input/regspeech12/test/test_chittagong_0012.wav,চান্দরা লাগা উনসত্তর দিন গেয়াতিএদীতা বারের লিমদামবাড়িকে বিন একতালা তারা তেকি হত হলেও থাকে আর তোর হার যা
/kaggle/input/regspeech12/test/test_narsingdi_0034.wav,আই মাইসিমেরদের দাম আমের াখেলালিটাডশন কতা ৯০ টাকা
/kaggle/input/regspeech12/test/test_rangpur_0060.wav,এতি প্রথম রান্দার শুক্রবার হল না মাজের রমজানও শুক্রবার আইসে পর্যন্ত করতে হাজির রমজানের কথা কইছে মাজার পাতা ও পাঠাই
/kaggle/input/regspeech12/test/test_narsingdi_0111.wav,দাদুরে ইয়াকরালয়েছি আইযে শিট কার মোর এমনে গইলে বেলা বর ন দুইডার অবস্থা দিক্কা মোর আর দেখাইলে ডালামু রাত বোলা কারা ফাক না তো তা দুদ দা নানা বেতন মোডা আছে না
/kaggle/input/regspeech12/test/test_kishoreganj_0113.wav,ইন্দু ইদে ইন্দুদের গাকাদবিয়ালিকিকা গাঠির গাছ ভাত তাকা কেলা না তা রিদালাকারাা বাগ
/kaggle/input/regspeech12/test/test_narsingdi_0118.wav,মা মা কুন নকল বেরি তে সিআর কুন ডরাইতাম
/kaggle/input/regspeech12/test/test_rangpur_0098.wav,তরিত মসচিদেতে করা হয়নি কি তির কেমন য কি সমাচার আল ওডার গুলি তৈরি করে ৮০৬০
/kaggle/input/regspeech12/test/test_habiganj_0093.wav,গরানে গেলে টোসোগুবিতুলনি তৈরি দে এরি ও গুরাগুরি বলে দুই আমি বা রানলে
/kaggle/input/regspeech12/test/test_sylhet_0400.wav,ওই আপনার বয়স্ত কম লাগে মানে অসুস্থতা বেশ
/kaggle/input/regspeech12/test/test_rangpur_0041.wav,আমরা দেখছি পাগলি কত মাছে পয়লানিয়েগিয়েি ভাত খিলি কত পাগলি লাই আছে মনটা মোর নিজের থাকে হারা গেছে দেখতে দেখতে মরতে হারা গেছে যে হিলা ছাইরা
/kaggle/input/regspeech12/test/test_sylhet_0469.wav,মামানকাআতাড়িয়া ইয়া বাংলারে পুরাননেওয়ালা গো বাহিরে খুন মানি কুনানো চিকিৎসা করাইন লাগব কিতা ফলে মা আমি সুস্থ হইব বইনোর শুগা সেনি বা দুঃখে চলে সুবিনার সব শুনি
/kaggle/input/regspeech12/test/test_sylhet_0177.wav,করি গুন তো কি ওনে নামে খুশি জাগা বেডি খরের তাইর দোকান আর করে তা দুকান দেওরা
/kaggle/input/regspeech12/test/test_narail_0150.wav,মত খুলা মা মা বারি হয়কাকাথুয়ে তে পরীক্ষা কম আরেজনে
/kaggle/input/regspeech12/test/test_sylhet_0302.wav,আমি যদি হোস্টেল থেকেই বাড়ির যাই গিয়া এক মাসও যদি আমার বাড়ির থাহা লাগে যেই সমাজ আর যেই পরিবেশ যে গ্রাম আমার এই সা বছরে যেটুকু অর্জন করছি এটা সুন্দর কোটাত নামাই দিবা মানুষে
/kaggle/input/regspeech12/test/test_kishoreganj_0104.wav,জিবে জিবে বিসা নতুন উদ্ভিদে নতুন উদ্ভিজের আবাস গড়ে তুলতে সাহায্য করি এভাবে পরিবেশে উদ্বিত পানি এক
/kaggle/input/regspeech12/test/test_tangail_0091.wav,গাস মানে রাণী হইল এমন এক পোলা যে ওই সবসময় খুব হাসি খুশি থাকে মানে কহনও দুঃখ পাই না এরকম একটা সবাইরে হাসায় গীতারনিয়ে ঘুরা বেড়ায় মানুষকে হেল্প করে মস্তাস্তে রাণী মুখার্জির ভালো বন্ধু হয়ে যায়
/kaggle/input/regspeech12/test/test_rangpur_0103.wav,রেজা আর সল দির কাছা আউস পর সোহাগের কাছে দুস
/kaggle/input/regspeech12/test/test_rangpur_0010.wav,গাভিনিয়েহয়না এমরা সবুজেরা আসবে না
/kaggle/input/regspeech12/test/test_sylhet_0170.wav,আর মাচ মাংস সব দা সকল
/kaggle/input/regspeech12/test/test_sylhet_0138.wav,সময়যদিথন সময়ের দামই সবচে বেশি খাওয়ানিাআর কিতা অনে খটা বাজে সাড়ে তিনটা উই কেছে
/kaggle/input/regspeech12/test/test_narsingdi_0041.wav,সকালে ঘুমে টা দিনই নাই মারা দুপুরবেলা বিকালে দা রাত্রাদায় কি তারিক হেঁটে এমেদা সে রিটেনে দা কি একটা অবস্থা রাজধানী কারেনডা ব্য চুপাদনাহয়ন ফাখ করি
/kaggle/input/regspeech12/test/test_tangail_0085.wav,মানে লিগা ছবির আসলে বেশি ভাল লাগে যে আপনি তাকে ভালোবাসেন তার পছন্দের জিনিসগুলা আপনার একসময় ভালোবাসা হে তার পছন্দের তিনি গুলার সাথে সাথে এডা একটা আসলে ভালোবাসা প্রকাশের অন্যতম মানে নিজের মধ্যেখা়খাতর একটা অন্যতম একটা
/kaggle/input/regspeech12/test/test_barishal_0068.wav,কইছি যে সরসতিকোপায় ফুটোর দেওযার কথা রাইতে একটা সময় করছি এই সময় মাইডে সাবান খইছে হেই মাঝে মাঝে ভাবি যে হেরা বা কি আর এই এরাভাকেনেক আন্ডা না আনন্দ মু করতে
/kaggle/input/regspeech12/test/test_sylhet_0533.wav,বালা ডাহার বি আর মামি ও অন্য রকম ধানি কি তসিলেটজেলাওতডেওয়াজ তারা
/kaggle/input/regspeech12/test/test_kishoreganj_0055.wav,নাইগা টাকা মৃতকাল্লবের কাছে
/kaggle/input/regspeech12/test/test_kishoreganj_0046.wav,বাবা আলি খাঁ
/kaggle/input/regspeech12/test/test_narail_0158.wav,দেও দি ওনা যদি চেক আপ করায়
/kaggle/input/regspeech12/test/test_narail_0039.wav,শান্তির বাদ বা বিধি মাধ্যমই তো ওই এই বলি আমরা করতাম না বেশি দিছে দিলো পারেন
/kaggle/input/regspeech12/test/test_habiganj_0106.wav,সাদা মাতরা খতাটা রেকর্ড করমু কিছু স্কুলের কিতা অবস্থা ইতা পরীক্ষা রিতা সেই পতিদিন দইরা এ
/kaggle/input/regspeech12/test/test_narsingdi_0020.wav,দেশের মানুষ তবেওয়ানডেডি২য়েন্টি হেলথ সেটাতে ভালো ঘর তে তো আর কিছু লাগে না টেস্টে ত আছে নিবাদত ভালো বল করতেছে
/kaggle/input/regspeech12/test/test_sylhet_0441.wav,কিন্তু খোলে যে করব আমার বাসাত তাহরে ডাহি তাহরে যাই কিন্ত মরা নিজের বাসা ফালে মা তাহার নিতা লেখে সুবিদার লাগি দেখি এললাইনে খুঁজি ও কর না টু ফানি গুইজা তো কাহিনী দুঃখের তো ক্ষতিপূরণ করে আমার
/kaggle/input/regspeech12/test/test_tangail_0117.wav,রাখছি ওই লোকটা টাকা পয়সা একটু সবাই দেখি ডয়ারেটরে রাখে গো রে দেখা এতো ক্যাশ যদি চুরি হয় তখন কি কি সবার অসাবধানতা
/kaggle/input/regspeech12/test/test_sylhet_0381.wav,বারিও তো ফাইনান্সের ত বালা আছিন না চলবে দা ছিল না তাল মটু গরিবি তমার আম্মা সাউলডাউশিম যত সবুজির আসে দরতা সপ্তা মিলাইর বোস্তা গরি গর গরি করে তালুবাড়িক ফাটাইছে ফরীক্ষার চতুর্দিন আতরমিতালমবাড়ি থাকি পর ও জীবনের প্রথম বাড়িথেকে বাইরেি র বাসাত থাকিয়া ফরীক্ষার উদ্দেশ্যে গেছি এক তৈলগিয়াগেশি গুমাই ফরীক্ষা দেওয়া
/kaggle/input/regspeech12/test/test_noakhali_0005.wav,ই সাজার
/kaggle/input/regspeech12/test/test_sylhet_0758.wav,ুাইগয়ডঙ্গিএলত ডং নে খরতা না খাই না কল লিখিত হইব আপনারা রাখবা
/kaggle/input/regspeech12/test/test_narail_0055.wav,মাল কোনো মেয়ামানুষযত তালি ওগে সব জমি বার কারণ ওই সব সব জমিরই বাবা শব্দ বিলি তা মেলা আছে মেলা জমি আছে সেসব জায়গা খালি টা থুইছে কাগজ রে কোনো নামপত্ত নে এই এই জন্যে ওরা কিছু কত্রিওযাতেছে না ও আমাকে মাঝে ভরে
/kaggle/input/regspeech12/test/test_barishal_0094.wav,দোকানপাট দিয়ে বলে এক বিদেশ গালাই
/kaggle/input/regspeech12/test/test_tangail_0123.wav,আরেকটা ভালো ব্যাপার দেখছি যে হিজড়া সম্পাদায় আছে তারাও তাদেরকে মানুষ কত ছোট ঘরে কিন্তু তারাও এখানে বিশ লাখের মতো টাকা দিছে তারা তাদের হজের টাকাটা দিয়ে দিছে তো ইটা খুবই একটা ভালো উদ্বোগআমী দেখতেছি যে দেশের সব মানুষ সেখানে কন্টিবিউশন
/kaggle/input/regspeech12/test/test_kishoreganj_0053.wav,কমেন্ট তারা যে তোমার দোকান পিলার তোত্তে আন্টি ন দে
/kaggle/input/regspeech12/test/test_rangpur_0111.wav,যে যাই দিন কি যাগে যে সুমা না সোমানে বা দেখলে ফাইনাল বেলাজা খুব
/kaggle/input/regspeech12/test/test_chittagong_0009.wav,সিজারের চান্দা যাবার মেরুনেরদুাা নেরে ডেলি তিতা
/kaggle/input/regspeech12/test/test_barishal_0030.wav,বাইরে হারাদিন কাম করে ওর সামার মাইরে ভালো সংসারে মাতের
/kaggle/input/regspeech12/test/test_kishoreganj_0042.wav,নানা আমালে তো করুন
/kaggle/input/regspeech12/test/test_narsingdi_0047.wav,বঙ্গবাজার সিরিয়ালিখাল লাগজিন না শাবু লাগাই দিতা সমানে দেখে না লেড
/kaggle/input/regspeech12/test/test_barishal_0033.wav,না না যাবে নাকি কি
/kaggle/input/regspeech12/test/test_sylhet_0542.wav,কিছু বাই না ফাইলা তারে তে আইতারি বেরাম বাইগ্যের দিকে কে
/kaggle/input/regspeech12/test/test_narsingdi_0007.wav,ক্লেয়ারগুলা একটু ভালোভাবে তৈরি করা যায় একটা লেক্সবিয়অন যান দেশে বেটা অন্যান্য দেশে দে দুইটা তিনটা ক লাক্স বিনা থাকে অস্ট্রলিয়াতে দে জাদমজাম্পা তার বলছে মাইকেল সেশন এরা খুব ভালো লেক্সপিনা আফগানিস্তানের তো আছে লেক্সপিনারকয়েকটা
/kaggle/input/regspeech12/test/test_sandwip_0013.wav,সরকার করে মাসিক আরে তান মোবাইল বন্দ সাতে কথা না সালে দিছে দিদার
/kaggle/input/regspeech12/test/test_sylhet_0414.wav,কি সমস্যা ফরে নেবা বাইতা রাকিবরাবে়বর থিয়াছিাম সিলেটি মা রাকিব বেলাবর দিছি পরে একজন মেয়েওইজনোয়ার ফরেও তাই মারা গেছে পরে আমার ছুটি শ খুব হারা
/kaggle/input/regspeech12/test/test_kishoreganj_0129.wav,নানা সঙ্গে ফুলফল নানা রঙের ফুলফল আমাদের দেশের আই খেলে ফল সাইফুল আমাদের
/kaggle/input/regspeech12/test/test_narail_0124.wav,কোনো সমস্যা সবরে সবসময় দেখিবার পিছনে আমরা তো সমস্যা গনে তা আমি তো যেখানে যাই সেখানে মায়াবাড়ায়ের সেখানে মানুষ আমাকে বলতে পারে না
/kaggle/input/regspeech12/test/test_sylhet_0007.wav,এমনি তো সাভার বন্ধু তর বন্দু এমনে কি যাই তা এখন খুব যত্ন দেয়ােমংষাি
/kaggle/input/regspeech12/test/test_habiganj_0087.wav,শুনে নাই তা শুনে না তার কেমন লাগে কুন বাল্লাগে
/kaggle/input/regspeech12/test/test_sylhet_0360.wav,জার্নিটা অনেক মানে বড় অনেক শ্রেণীর মানুষের লোক মিশতি মিশন করে আমি যেটা দেখছি আসলে পেশা হ আর টেহা কো জাই হ না খানে সংসারের সুখের জন্য সংসার
/kaggle/input/regspeech12/test/test_sylhet_0279.wav,ওসময় আগের মত কিন্তু আর কলা প্রস্তাবওআয়না গ্রাজুয়েট এস্টা মের লাগি ঘরে লাগে বার উপনির্স্ত বাটছে
/kaggle/input/regspeech12/test/test_narail_0184.wav,সাধারণ শুনি নাই ওই রবিন বাজে কুটি
/kaggle/input/regspeech12/test/test_narsingdi_0136.wav,অলে ভারা কমতেশুরুবেলা আমি ফাইবে ফরিস প্রথম দিন ধরলে পারতেছি সেবার আমি প্রথম কানিতে পালন রানা ফাউন্ডেশন সেই সময আমি প্রথম নানি পাঁজ না কাছে এমনে টা পাকা জন্মগত ভাব
/kaggle/input/regspeech12/test/test_chittagong_0121.wav,টিলা তুরার আদর হতা হইতে দুইবার না আডাস বেটারা বার যে ডেঞ্জারাস তানাত গইরগি
/kaggle/input/regspeech12/test/test_comilla_0014.wav,আর পুরা শরীর মানে কেমন একটা অবস্থা মুখটা ঠোটটা নাকি ফুলা বাকা হয়ে আছে ত যা মাথা টাচ করছে করাতে দেখে যে ওয়ার কথা বলতেছেন বান্দুবি এর কথা বলছেন ও জুরেচিলামিে কি হলো নুসাইবার কি হইল করন সবে আবার আসছে
/kaggle/input/regspeech12/test/test_tangail_0049.wav,ঘরে খাইতে দা পরে পাস্তাস্তে বাঘ টারে বসে আনি বাঘতারে বসে আনে পরে বাগ বুঝতে পারে যে আমার মানে বাইচে থাকার জন্য ওই মানুষেরও দরকার আছে
/kaggle/input/regspeech12/test/test_sylhet_0123.wav,আপনেও খেলতেন তে না চলে থাকতে রে দল করছি মিশি দশ বছর বেশি বয়স৮বুইকাম ন ঢুকি গেছি কানবে ভাঙ্গে
/kaggle/input/regspeech12/test/test_narail_0177.wav,স্টেশন আরা ফেলা বর ক্লাসের পরীক্ষা বিতাল না নিতে পাইরা বছরের দেকবার বলতে রানা চা এতে পরীক্ষা দেবে বা
/kaggle/input/regspeech12/test/test_sylhet_0592.wav,বানানি বা ইউজ ও যদি ও মা কাই যার যে ব্যাকে তা য মি
/kaggle/input/regspeech12/test/test_chittagong_0099.wav,দরে আস্ত তা সুদ্ধ তার তুবসমস্যা নাই না খাইতো তাহে আল পাঞ্চিবেবোথাম নি সাই নে কিউট এবারের বাব বিরাম সাইন্স বোধ সম পাই
/kaggle/input/regspeech12/test/test_barishal_0077.wav,এবি না ভাই না বাত হ না
/kaggle/input/regspeech12/test/test_narsingdi_0044.wav,বাজি পলাইতেছে বর্তি সাইদে মারলে লাগে রে তূতাবাজইি়া দখলে তরখারি দে মর বইতা দি বোমার অনেকে লিগা
/kaggle/input/regspeech12/test/test_sandwip_0019.wav,বেশি অতিরিক্ত দুই নেতার খাই এরা রাস্তা সংসার তানা না সংসারের রুমাল এ আসফা আসলে সংসারের চুঙ্গলখান লাইনের গাধা তুলে দেন পোলার কোন হিসেবে কার শুরু করে
/kaggle/input/regspeech12/test/test_kishoreganj_0017.wav,বালুদা বললি কালে হালকা সার হাসানুল বালুদিয়া বিডবালুরাওকি বিরালোদিয়া কালি এবং কালীন সাতা এত্ত
/kaggle/input/regspeech12/test/test_tangail_0042.wav,কি ইকনমিক একটা ক্রাইম আচ্ছে চাহ বন্ধ হতে ছিল পরে তার বাবা সিদ্ধান্ত নেই যে তার ফ্যামিলির মানে এই জল সহ অন্য একটা দেশে চলে যাবো মে ওয়েস্টানগানটি হইত বা কোনো এক জায়গায় পরে তারা জাহাজে করে এইসব জু
/kaggle/input/regspeech12/test/test_sandwip_0124.wav,আই আরো বিকেলে বোধ কি খুশি গেছি বিটি আমাদের বয়সে থাক ফাইছিন একনা পর লেখার মতো ধরা লাগার ছেলে গ্রামে আলু করে থাকবে
/kaggle/input/regspeech12/test/test_kishoreganj_0045.wav,আরা ফলে হামার
/kaggle/input/regspeech12/test/test_sylhet_0034.wav,চলিবার খরাইলে করা ওড়াওয়ার পরে শেষ ল ন সন্ধ্যা সমে নিতে প্রত্যেকদিন তিনদিন সন্ধ্যা সময আরাত ও হরা সন্ধ্যা রতি সন্ধ্যা রাতে পরে সন্ধ্যা রাতে প্রসাদ খাওয়ায় খাওয়ার পরে তারপরে শেষ নি ক দেওযার সালে পরে সাফ বাজে
/kaggle/input/regspeech12/test/test_sylhet_0163.wav,ওর বর খানা দিয়াসারবিয়া
/kaggle/input/regspeech12/test/test_kishoreganj_0180.wav,জীবাণুমুক্তি নিরাপদ পানির জন্য বিশ মিটারে বেশি সময় লাগে বিষ্ণুদেবীরসময়
/kaggle/input/regspeech12/test/test_sylhet_0721.wav,ওরা লেখা আপনারা বৃয়ত্তবহতিচুয়া মানে নিয়মমাফেকয় দিন থাকে চা শুরু ইতা
/kaggle/input/regspeech12/test/test_chittagong_0133.wav,যাইতারতা না সব না হ মামার হবি এতারা হইরা দুটি দিন তাহকবহঅদিনপত যুগে করমু ফির কল দেবে ফানি হানা বা হতা খালি বড়বেলারনজারকা আর জলসাত রসিপাতা হাতে আল্লা হাম তানরে ওদের মিষ্টির
/kaggle/input/regspeech12/test/test_narsingdi_0110.wav,কটাইপ্যান সুন্দর একটা খাইবে না জিন্স থাকতে এটারে দাম তুতা আমি এটেফুলিতে আসে তাবাইটাখনমা যাতে
/kaggle/input/regspeech12/test/test_noakhali_0004.wav,
/kaggle/input/regspeech12/test/test_tangail_0040.wav,শেখ বুট বুঝাইতে সে মানে বুঝতে পারতো যে পশু পাখি গুলার মনের অবস্থা সে ভাবতো ভাগ তার বন্ধু হইতে পারে যদিও অনেক সম পশুপাখির সাথে তার একটাই ছিল কিন্তু তার বাবা এডা
/kaggle/input/regspeech12/test/test_kishoreganj_0110.wav,লো শৃংখলখাদ্যশৃঙ্খল থাকে বাস্তব সংস্থান সকল সকল উদ্বিধ ও প্রাণী কোন গণশৃঙ্খলঅর্তর্ভুক্ত যেমন ই গরস দূর করব ব্যাঙ ওনননপ্রণিধ থাকে ওসব
/kaggle/input/regspeech12/test/test_sylhet_0159.wav,ইতারগো আগর মানুষ মানা বে গুম আল্লে ডরাইয়াফুমেইনত আমার হরে নিজর তা সময নামটা ইতানেই মুক্তিযুদ্ধর
/kaggle/input/regspeech12/test/test_habiganj_0083.wav,একজনে ব্যবসা করেন আরেকজন করা তা চলে না দোকানডা সা সারা কে তাহলে আসুইন আরেকজন আমার সার সাটির প্যানেলেকে বাতাই সারসানাই মারা গেছে নাই তিনজনই ব্যবসা করে
/kaggle/input/regspeech12/test/test_sandwip_0061.wav,বেলাই তালা গাছে কতুগিলেসইবের খালি কডে তিন ছুটছিলেছি আরেক ছুডের কাফর বাবা
/kaggle/input/regspeech12/test/test_sylhet_0268.wav,প্রথম ক্লাসটা ইউনিভার্সিটির প্রথম ক্লাস গরমে বিস্ফোরিলসি বারা টেখা নাই আবার পাই ফ্রি না তখন তারা কাজ করে খেত লাগা বৃষ্টি অতা অবস্থা যে যাইওক ফরে আমারে লইয়া আইস নামার কাম দাম দা সামল্যান্ের লেগে দুইদিন পরে লই
/kaggle/input/regspeech12/test/test_narail_0068.wav,গেই অত্র দেছে জেলা কই জেলার ভিতর সবচেয়ে ভালো বুদ্ধিমান লোকরা খেশএরওপরেএর উপরে আলিম শরিফ তাই কছে যে সেলিম সোনার সাথে
/kaggle/input/regspeech12/test/test_narail_0153.wav,মন দোকানে বৃষ্টি দিকে বউ বাড়িনাইা়
/kaggle/input/regspeech12/test/test_sandwip_0102.wav,কি কি দিতি কি কাইবে কিছু
/kaggle/input/regspeech12/test/test_tangail_0092.wav,ঐ শহরে আর সবার সাথে অরোর একটা ভালো সম্পর্ক হয়েযায় সবার ভালো পুলা হিসেবে চিনে ওই ঝার একদিন ডনমীরকাপুর হাটতে ছি লরাইতে ওই সময় দেহা মের ছাকি মানে সুনাম কাপুড় সে লুকায়লুকা হারতাছে পরে ভানবিডরি কাপুর মনে করে যে মেয়েডারাআসলে বিপদ কত সাহায্য করা
/kaggle/input/regspeech12/test/test_sylhet_0745.wav,মাস ফুরিয়ে আনলে তোমরা না মেন গতি ফিন্দা হাসা
/kaggle/input/regspeech12/test/test_narail_0046.wav,সেই জায়গারাইযতর বাবা ওই জবাই ভাসে ওই জাগার সাথে ওরা বাকি ছেলো ওই জাগার মাধ্যমে ওই ওহনি জাগার ওই জাগা কিনে রাইছেন ওই জমি সেই জমির বদলে
/kaggle/input/regspeech12/test/test_sandwip_0084.wav,বিকাশের ই একাডেমি রক্ত লাগে স্কুলে জাত সম্রাট যত্ন করা যা রেল
/kaggle/input/regspeech12/test/test_kishoreganj_0130.wav,বা কুন্তা এদেশে ফলে হয়েকটকমেই নেকা দেশে ফলে
/kaggle/input/regspeech12/test/test_sylhet_0109.wav,উডি গেছে এখানে কত বছর হইল ইখানের মালিক কইতে এলা
/kaggle/input/regspeech12/test/test_sylhet_0286.wav,তখনো চাকরি না এলা বাইরাল না রটুকোয়ালিফাইড দরকার তা দি়াউঠেনা তো আমি আমার মন ল যে আসলে আমি যে ফ্যামিলি ব্যাগ্রাউন্ড থেকে ধরো ইসি আমাদের যে
/kaggle/input/regspeech12/test/test_sylhet_0527.wav,টিন মাটি এখন বেসিক যাইতাম চরম এমন তারা হয়জপ্লিনে আছে আপনারা চলে ঝারসময় না এহন ভাবসি মাত্র ২৫ মিনিটের রাস্তা ঘরে রাস্তা রাস্তার ডাহার যার প্রি২৫ মিনিট
/kaggle/input/regspeech12/test/test_chittagong_0157.wav,দেখতে চা বেলা তাকি পা মেডির নাম না যান আরেকজনে হরে নাম ন আইবু খানা ন বুলে ছন্ন যা পার দি জিনিসে ফতমে
/kaggle/input/regspeech12/test/test_sylhet_0139.wav,বাসা একে আপনারা কিছু আমরা দিকে নানা আমরা বিষয়টিদি মাফন আমাগে লটকল
/kaggle/input/regspeech12/test/test_habiganj_0058.wav,আমার য আমি তো লবন টি কই দিলা আমি লবনে তৈরি দুইমন মাইজের লবন বিসস্তরেদিয়া দিকে হন বেশি বেশি রান দাই
/kaggle/input/regspeech12/test/test_sylhet_0326.wav,কারণ জীবনে বই ফাইবো না খন হতে থাকিবিইকিনিয়া করতাম পার চিনা করিয়া জীবনে আসলে আমার পড়ার মন অর্ধেকের বেশি অংশ থাকার বই কিনতাম
/kaggle/input/regspeech12/test/test_narsingdi_0076.wav,বেসাসতিকটিকা় খারিদাসামায় টিপেরি খানা সত্যি কিডা মি সিনডা
/kaggle/input/regspeech12/test/test_sandwip_0031.wav,ধান দা নে না তুলনামূলক জাহিদ বোধ সে আরওবয়সরতৈত আর সংসারি যানবাহানুিয় বাজারে গেলা যাগে
/kaggle/input/regspeech12/test/test_sylhet_0636.wav,গারসেন করবে হ
/kaggle/input/regspeech12/test/test_sylhet_0010.wav,নানান করিয়া কিচ্ছু না হাইরা আমরা প্রধান নি প্রধান সা দি মানি আমি আমি বই হাত ওই কাকুরার কাছে বইনিবেদন দেওযার বই কাকা কলমে দি নামটা পড়াশোনাড়
/kaggle/input/regspeech12/test/test_narail_0014.wav,কার জমি জাতি বাগ আছে না সে যদি কয়দামাজম দিতি বাগদাও সেদিন ইতিহাসে আমি তারে তো কোনো ক বনা যে তুই জমি জাতি ভাগ পাবে সে আসুক সে আসুক সে আইসে কোক জামারেনি জমিতে আমার ওনি জমি দামি বাকতৈতুইপালে নিয়েহকআুনিয়ে যাবে কিন্তু তুই আই সমস্ত কথা বলবি কেন
/kaggle/input/regspeech12/test/test_sandwip_0012.wav,মাইয়ােস্থামা ধারে কালে রাতকে একা না কা দাদু সব যাচ্ছি মা না সাগরে চিনমুএকার চাঁদ দিছি দারি দি
/kaggle/input/regspeech12/test/test_narsingdi_0108.wav,তম্যলং্যাংনাং না আমডারে হিবার
/kaggle/input/regspeech12/test/test_narail_0008.wav,মাশি তো সালে তে কলাম সে তো সালে সরাসরি কতি কইছ করতাছিডা সুমন বলে রকম কিছু কনে সুমন নিজি কইছি আমি শুনিছি সুমন আমি মাসে তো বাইরে ফোন দিছিলাম
/kaggle/input/regspeech12/test/test_sylhet_0032.wav,বিরো তেই মেয়েভাবে ঠাকুরে পূজা টাইমের বিতর তামরা পূজা টা হয় এটা কৃতিয়াঅতৃতির বিতর করতি করতি দরেন দরন দশ টা কি মাটা পঞ্জিকা লেখা টাকে ও টাইমে ভিতে বোজা করতে তার পঁচা শেষে হলে অঞ্জলি ত হয় অঞ্জলি দে রপর আমরা আবারো পোশাক টাকা অঞ্জলি হর
/kaggle/input/regspeech12/test/test_sylhet_0038.wav,সবাই একসাথে ওদিন ৭৪টাখানেে সময একসাতে সব মরতে একসাথে মরবা গাডি চা দক্ষিণ সুরমা জায়গানাগো নাতন গেছে অনেকে আমরা পড়া়ততলপুখুর আছে
/kaggle/input/regspeech12/test/test_tangail_0077.wav,বুঝতে পারে পরে রাস্তা আস্তে হালকা হালকা নারাচড়া করা শুরু করে মানে সেন্স কাজ করা শুরু করে পরে শিউলিমা কলেজের লেকতারার আর তার পক্ষের হাসপাতালের খরচ চালানো আসলে সম্ভব হইতাছে না
/kaggle/input/regspeech12/test/test_sylhet_0717.wav,সিডুর ন খেলা মানে অলওয়েজঅনেমত মুখি টুতে যাই মানে ইলান হইতে পারবা না
/kaggle/input/regspeech12/test/test_narsingdi_0043.wav,বর্মঅনেধহারের দে তো গায়নানইকদে বাবা কারেন থাই না তাই পেরে কান ছেদি কেনা বুঝ না খরা কি মান মিস অনেক ঠান্ডা করার
/kaggle/input/regspeech12/test/test_kishoreganj_0197.wav,জুবাফয়ফতে তোবা হতে ত
/kaggle/input/regspeech12/test/test_rangpur_0024.wav,পাতে সবাই গিছির ছা উলটা পা দিল
/kaggle/input/regspeech12/test/test_sylhet_0240.wav,সরকারি মহিলা কলেজও অননিয়ামাপায় ভর্তি পরীক্ষা দেওযার ভর্তি পরীক্ষা ঠিক সি টিকার পরে অনু ভর্তি করাইছে ভর্তি করা যা হোস্টেল দেয়া গেছে যে বাড়িয়া আইসি এমএ োষ্টেলও ওস্টিলনাওমি ও কোনো বাইরেও যাওয়া হইছে না ও আমার জীবনের লাশ বাড়িথেকে বাইরি ছিলাম ২০০২ সালে পরীক্ষার বাদে
/kaggle/input/regspeech12/test/test_tangail_0023.wav,কানটিগুলো অনেক শিট থাকে ওই ক্রিসমাসের সময় অনেক মনে তারা ই শপিংমলে যায় গ্লাবস কিনার জন্য কিন্তু কেউ কারো দান ও চি্তনা দুইজনেই পুরা কেউ কার্ডের চিন্তনা
/kaggle/input/regspeech12/test/test_barishal_0089.wav,রুম ও অন্য গরিবা মিনার আদাগন্টা মুইও তিন ঘন্টা খাবি ইদিন
/kaggle/input/regspeech12/test/test_rangpur_0067.wav,নাগজাইদাোদাডিম ডাইল আবার ভির ভাটারতা মাছ আছে সন্ধ্যা ত ডিম
/kaggle/input/regspeech12/test/test_sylhet_0207.wav,সাজরাম পারিনি অতা দেশটা বা বিন আসত বডর সাইরা জু লামাইতা কাগজ করা লাগতে না এত মনো মনে প্রাপ্ত যে ফুরি গু বাকিরা বয়াবয়াহাওয়া শাস্বাত্য না মনে মনে কর অতাকরশণতাত
/kaggle/input/regspeech12/test/test_narail_0144.wav,আমার কাছে আসার কথা ছিল তিনি আমার কাছে না আই বাড়িচলিআমরা আমরা নিদর্শন হারা যা গন্টা দে দেশে
/kaggle/input/regspeech12/test/test_sylhet_0059.wav,লালন ত মারা অন মারে আন্তরিক গাড়ি লাগে অত সূত্র ডেক একারণে ফরে মাতা বইন তারা মাখা হইত দি নি আনতার ন্দলনেরস্পষ্ট রাগ লা খার মতো যা লাগে তা
/kaggle/input/regspeech12/test/test_sylhet_0274.wav,এক সেমির জাওয়ারফোরা সেকেন্ডসে মি রমা বাইয়াফুলা প্রাইভেট ফরাইতাহনী ইটার অর্থ হইল গ্যা ভাই নিশি আমার বৈকিনিয়া বা আমার যা ফরস রুলদিয়াভায় টায়ার তার নিজেও তা স্টুডেট
/kaggle/input/regspeech12/test/test_sylhet_0254.wav,আপনারা বইনের সুবিধা লাগে আমার বুন অসুবিধা আমরা তৈরি যেহেতু আযপরীক্টাত বালা রবার খরিলিছে আমরা দেখি তাই আরেকটু করতে পারে কিনা আরেকটু দেখি লাই ই দরনোর রুপ দিলে আমার বুলে লাইটটা নষ্ট এটা ইটা তাই টিকলে ত্যাগ পরাটা বন্দ
/kaggle/input/regspeech12/test/test_narail_0065.wav,জনে রশি তো ওই জমি দাগাই এহেনে টু পাবে জমির তাতারি তো ওই দাগের জমি
/kaggle/input/regspeech12/test/test_sylhet_0006.wav,গুরি সানি যাই বর করে এটা তলে আলা লাইনে উঠবে যাই লক অভ্যাস গেছি বন্ধ তে মনে লাগেনি
/kaggle/input/regspeech12/test/test_sylhet_0044.wav,কাজ কলম পার এমনই গর বা এমপি
/kaggle/input/regspeech12/test/test_chittagong_0036.wav,কাকা হবেনে উডি রিমারে পিকে বা লজ ফোন করি লাইন দি ন ন ট্যাঙ্গনপায় নি সন্দেহ
/kaggle/input/regspeech12/test/test_sylhet_0443.wav,নিজের সাথী বাড়াটেডুবাইয়া আমি আমার যে তিন্ডু আমি ওমার বাবাশাকরা দেখন ন হাজার টাকা পাড়ানিয়ে অন্য নিজের বাসা থাকে নিজের বাসা থাকে না পডর জামাইরো থাহন বাসা
/kaggle/input/regspeech12/test/test_rangpur_0029.wav,আগের ওডা মোটস্টিয়া ছিল সকাল বেলা ভোরে মুখ ঘোষ থেকে দাঁত ঘসতে করতে ডলতে ডলতে যাওয়া ফতে বিরতি সকােলায়
/kaggle/input/regspeech12/test/test_narail_0096.wav,পর্বত যতটা কথা হয়ছে তা মাসে গৌতম ততোটা কথা কোনো দিন হইনি উদাহরণ মনে হ উদাহরণটা খুবই বিচ্ছিরি এবং বাজে বাজে ও তো দিতাম
/kaggle/input/regspeech12/test/test_rangpur_0122.wav,ডাল গার হাগা যে দা
/kaggle/input/regspeech12/test/test_sylhet_0166.wav,আবার ওবালা সিমা জন মন
/kaggle/input/regspeech12/test/test_narsingdi_0026.wav,শান্তর কত সুযোগ দিল গ্রহণ করতে লিটন দাসরে দে কত ট্রল করল কিন্তু এই কত এক দে বছরে সবচে়ে বেশি রান লিটন দ্যাশের বাইরের দেশের প্রয়াদের সাথে হরে তোলনা করাইতে
/kaggle/input/regspeech12/test/test_sylhet_0410.wav,হলবাড়িরসবু়া যে বাই বোইন মা বাপ বাপ মারা গেছে আসবেনে তারা এখন বাগান তারা স্কুকলত দিবে তার মিশোর বা রাজন আছে
/kaggle/input/regspeech12/test/test_narail_0040.wav,সব সংগঠন আমি টুকি
/kaggle/input/regspeech12/test/test_rangpur_0027.wav,রাইতে নাকারি ঘর আছে মন না খারি বলতে কত শালা সততা আগে মুবির আসিল সাফের যাতে হাবাই যখন আমরা আমরা আগে তো আগাত খাছিল যে পরুয়াতকলার ফাতার কলার ঢাইসকা গুলে
/kaggle/input/regspeech12/test/test_sylhet_0738.wav,তে সব সম্প্রদানকন্যাসম প্রধান করেনা
/kaggle/input/regspeech12/test/test_narail_0172.wav,চলের বরং থাকাতে আছে তর তনে মাসে রোডের কাজ রে
/kaggle/input/regspeech12/test/test_tangail_0103.wav,আমার অন্যতম একটা ফেবারিট মুভি অর খালি লাইনডা জিনে ২০০৭ সালে মুভি আমি মাত্র দেশ হঙ্কয়েকদিন আগে আনাই মুকিলার রিবিডিবি মানে স্টোরি শ্যার কুলাম মিরআপনি চাইলে দেখতে পারে
/kaggle/input/regspeech12/test/test_sandwip_0113.wav,আনি অভিক মাইর তর গিনা দে মানি দিনে বুল আর দিনে পোলারে মানে বহুল আতা হারে তাই নিছে নতুন সাইকেল ওই পারিনে তার বারতাছে ফুডে দিবের যা ক দিনে হা দিনের বে যা দিনে যে এদিন কেটা যাচ্ছে মাতা প্রতি
/kaggle/input/regspeech12/test/test_narsingdi_0003.wav,কারা সুযোগ ইন্ডিয়ার মতো নেতা যেমন একটা প্লের একবার বসলে আর খুব সহজে দলে ঢুকতে কষ্ট হয় শরীরকমেইদানিং তো ভালো খেলতাছে না সবাই আসখানে শুধু ই আসিফ
/kaggle/input/regspeech12/test/test_tangail_0011.wav,এই সময় ডালে আমরা সবাই তা এই রকম একটা সময় যা আমাদের ক্যারিয়ারও ঠিক ঠাক ঠিক ঠাক তল কাবার লাভ লাইপটাও ঠিক ঠাক যাহ কুইচ তখন একবারে জনপ্রিয়তার তুঙ্গে কিন্তু ফ্রেডিমার্কি নিজে বুঝতে পারলো সে
/kaggle/input/regspeech12/test/test_narail_0076.wav,তা ওনার কি না কোনো কিছুই তো ঠিক দিছে ফাগাভাগাভী কুটু ক্যান্সারেছে বুক
/kaggle/input/regspeech12/test/test_kishoreganj_0165.wav,গাছ হচ্ছে গাছপালা গাছপালা ইত্যাদি উপর বিন্দুবিন্দু জমে টাকা পানি বা শিশি পানি কি
/kaggle/input/regspeech12/test/test_tangail_0048.wav,ইও করতে পারে হিংসা হে যেতে পার পরে এইরকম করতে করতে পিরফানখান বাতা থাকা অনেক টেকনিক শিখে ও মাছ নিয়ে মানে সাগর থেকে মাস ধরে ও মারছ নিয়ে
/kaggle/input/regspeech12/test/test_narsingdi_0085.wav,প্ল্যান ঘরের নাম সব ছুটির মধ্যে বাইধবারভুমায় খুন করে এক টেলিমনেলো ইতে দিন কোনো প্ল্যান গনকে নিতে দিন্দবাপমায় কোন ফেল রেখেছে নানা
/kaggle/input/regspeech12/test/test_chittagong_0001.wav,তাইর দিই টাইলে না মাতের ফারানাতোই এই অনেকে দেহিলি মাতন রানা বেড়ায়দরম পড়ারাণ
/kaggle/input/regspeech12/test/test_sylhet_0448.wav,মিজান জান নৌকা লোকেরা আমার খুব এগুলোর আরামে কাটি
/kaggle/input/regspeech12/test/test_tangail_0109.wav,বোনের লেহেঙ্গা চাইছিল তাদের কাছে যাই না কিন্তু এটা খবরে দেখিনা ওটা ফেসবুকে দেছে কতটুক বিশ্বাসযোগ্য বলতে পারে তদেরকি বোলা যে ঈদের আগেই কেন আগুন লাগে সব সময় প্রতি চর
/kaggle/input/regspeech12/test/test_sylhet_0306.wav,বাদে ও তাইন সিলেট রাখা ইউ দিলা আমি তুল আছি আমার এখন টারকেটলুগযা সরাসরি হোস্টেল থেকে তানোর বাসাত যাইবু এসময় লকবাণীলিটাফিলার গেছি বাড়িত বাড়িত্যাওয়ার ফরে
/kaggle/input/regspeech12/test/test_narsingdi_0089.wav,দরন দরজা মেলা যা জান লাব জানা কবা যার অনেক জোরে বেশি ইঁয়াগানবাজানি শুরু করে
/kaggle/input/regspeech12/test/test_tangail_0097.wav,ছক না কোন সখি না ভনবিডকাপুড়ে কহনো ফ্রেন হিসাবে দেহে সবসময় ছোকিনা তাও আশা ফেরেনা হতাৎ একদিন ইমান আসে ছকিনারে বিমান কথা দিছিল যে এই বীজের এইখানেই আসবে এইখানে একটা বীজ আছে
/kaggle/input/regspeech12/test/test_sandwip_0049.wav,এতো মা কা
/kaggle/input/regspeech12/test/test_kishoreganj_0177.wav,রড উত্তর লাল রে চল চল অনকা কার রে যতবার তরা কা
/kaggle/input/regspeech12/test/test_narail_0138.wav,তর পর সারে খানি থানা আগে যে ইউরোপ ইউরোপের কোনো একটা সে পাঠাবে ইউরোপের না তা তৃপালির শান্তি না দুবাই মাস মাস গেলে দে দুই লাখ টাকা বেচনে আসবে সাথে আ লাখ টাকা খরচ হবে যেতে
/kaggle/input/regspeech12/test/test_comilla_0019.wav,কেউ না কেউ ছিল কারণ দুলনাটা আমরা যখনই যাই এক মিনিটের জন্য ফ্রি থাকে না বাচ্চারা সবাই কারাকারি করে কার পর কেউ উঠবে কারেন্টে সব কুন মুহুর্তে লাগল আবার রুহী যখন যে ওর স্পর্শ করলো যদি ও শরীরে কারেন্টের ইরা থাকতে তলে তো রুহিরওকার্ডেস শট করতে কারেন্টে শট করে না
/kaggle/input/regspeech12/test/test_sandwip_0008.wav,ফাল্লি মাসকে জি একবার কা দি
/kaggle/input/regspeech12/test/test_habiganj_0014.wav,মিলার ত্রিশ ফুল রাজা না চ্যাতানজুদধে সোনার ফরে আমরা দোহিন্দারেমে্
/kaggle/input/regspeech12/test/test_sandwip_0081.wav,চার সংলগ্ন অই যা টানা মাতি নাম
/kaggle/input/regspeech12/test/test_kishoreganj_0195.wav,টকা বা তার বান গুরি বিধবা দে কি উত
/kaggle/input/regspeech12/test/test_habiganj_0017.wav,কেরা জান উত্তর থন বেডা ছে বেটার ফন্ডি ভর্তি ন যাই রেকর্ড বাগান দি গ্রাম হ মামা ইবারে আজম বাদে প্লাদভা়তছে
/kaggle/input/regspeech12/test/test_sylhet_0215.wav,প্রায় পাঁচশ গ্রাম ও মাঝে প্রচুর পুরুষ কাছে যারা চাকরি হরত বিভিন্ন লেবেলের চাকরি তারা পুষ্টি কিন্তু মহিলারা আছে দেখলাম যে ফিল চাকরিজীবি রা সব হাউহয় সব হাউজ আমার
/kaggle/input/regspeech12/test/test_chittagong_0066.wav,হারস না কিছু ফ হাইত তিহাইওিৃষ্টি করেন না বিটারা যার অ্যানে এগলা করি আছে
/kaggle/input/regspeech12/test/test_barishal_0027.wav,এই করি কাম পাঠানো পোলারে মা তাই মনে তার মাতা বিসিবি খোলা যে বাসিয়েছেদুই ফিরে ফির মিচগেছে দুই থিরি ডাকছে
/kaggle/input/regspeech12/test/test_comilla_0028.wav,যেদিন মারা গেছে ওইদিনে ইউনিমারামের সাথে উনি বলতে যা আমার মেয়েতো চলেই গেছে এখন এটা আমি কারো ওপর কোনও অভিযোগ রাখতে চাই না আরো তদন্তের জন্য বা অভিযোগের খাতিরে বা কোনো কিছুর করেন রাখে
/kaggle/input/regspeech12/test/test_tangail_0072.wav,চলতে চলতে প্রায় এক বছর বরুণ ধানের নানার চাকরির প্রতি আর হুশ নাই মানে ও সব সময় কেমনে ওই শিউলির কাছে যাবো কেমনে র সাথে কথা কবো কেমনে ছিনস পিরান এরকম ভাবে আর কি অনলাইন চলতে থাকে
/kaggle/input/regspeech12/test/test_tangail_0009.wav,আগা যাইতে থাকে তারা বড় বড় ডিল করতে থাকে নতুন নতুন ন্যান লম্বানি করতে থাকে কুইচে এক এক পৃথিবীর কইন ব্যান জেডা থাকে এক এক পৃথিবী বিভিন্ন দেশে কনসার্ট করতে থাকে
/kaggle/input/regspeech12/test/test_chittagong_0058.wav,এইত ভালা আছি এত ভালা কি র দ্যাহা যা
/kaggle/input/regspeech12/test/test_barishal_0017.wav,ফাহে ফাহে খাওয়ানের চেষ্টা করতে বের মাই হোম মিনিস্টার খুব চালু লোক আসে বেলা না খাবে তার যাতে না
/kaggle/input/regspeech12/test/test_sylhet_0106.wav,দকনবাতমাুসেনা খান খরি ঠেহে মিফতা আসন সাইদে বর গর বারা দোকান পাখি দিরাই দুই দূরে নিছে লেগে মার্কেটেই সাতটা আছিন
/kaggle/input/regspeech12/test/test_sylhet_0616.wav,নুন নি ৪২াঙকেলজ্জাা অবা স্যান্ট ব্যবস্থার
/kaggle/input/regspeech12/test/test_sylhet_0503.wav,না খালা জুলাই ধরি পরে করি মা আসন সংখ্যা ভিটা হাই পুরস্কার যাবি না পর দোষা আবিদ নানা মানি আর গবির
/kaggle/input/regspeech12/test/test_sylhet_0421.wav,মেনানাওলান বরসা দিছেন জামিফারলইয়ার এর আগে দুইবার ভুলবা সা করছে মাডা১২ো ঘন্টা বর ঘন্টা অপারেশন
/kaggle/input/regspeech12/test/test_tangail_0100.wav,এডা কি ভুল মইরা আসলে অনেক সুন্দর একটা লাতি ছবির কে লাষ্টে দুরা লাইন মানে লাস্টের ধরে লাইন আছে খুব
/kaggle/input/regspeech12/test/test_sylhet_0082.wav,ফাস্ট করি তে ওই
/kaggle/input/regspeech12/test/test_sandwip_0109.wav,সাই সাই সি জইন অগলতা দেইন তে অন্যান্য মাসের তাক
/kaggle/input/regspeech12/test/test_kishoreganj_0152.wav,উদ্ভিদের দেহে না নব্বই বাবু পানি মত দে প্রায় পাশাপাকায়পড়ে এগুলো রং লুৎবাসুনানিয়
/kaggle/input/regspeech12/test/test_narsingdi_0035.wav,হেছে ১৪০টাকাফুনের দাম বাইরে সাফ বারা দাম বারছে কাপ পা স্ট্রিমেরদাম বাড়ছে টি অনেক কিছু নে খুলে একবার তান গেলে অনেক
/kaggle/input/regspeech12/test/test_sylhet_0476.wav,বলিস মানানি ডাইভার নপতা সৃষ্টি টিক না সারাটা দিন ফরে ডাহা উজ্জধনকইয়া জেরে টেহা কানি জামিলা নাই বাইরে এমন
/kaggle/input/regspeech12/test/test_sylhet_0084.wav,অনেক কষ্টে কিন্তু আমার খারে না তাই ফরান কারণ তাই মা এমন বিশ্বাস আসা আমার পরে আমি যেদিন ভর্তি হইতে তাই ভরতি আমি যদি নাই তে তাইর আমার বাবারের সময পাবাঙ্গে গেছে বাইরে মাত্র মা বইনর বি যে বর্তি সময বার পাও বাংছে তাবারণেবায়ার কোন বলেই করতা বাসা আমার পরাবন্ধ বর কর ব্যস্ত করা
/kaggle/input/regspeech12/test/test_habiganj_0069.wav,উকবদরলাচাকন দিকে ওইডের লগে কতা ফরে যে নামিেন্ট্রালে ছা
/kaggle/input/regspeech12/test/test_sandwip_0089.wav,কিনারা থেকে শুরু অনকাইসেদটি
/kaggle/input/regspeech12/test/test_sylhet_0318.wav,নিজের যেগুলা মশারি বাশা ওতা আছি সিঙ্গেল লাইফের ও সিঙ্গেল লাই ফেরতাআনিয়েও কলদোগার লাইট শুরু করছি বাকারবাড়িতে কেউ কিছু দেয়াহয়ছেনা শ্বশুর বাড়িথেকেও কিচ্ছু দেয়া হেছে ন দুইজনও মানে ছাত্রোর মতো অবস্থা
/kaggle/input/regspeech12/test/test_barishal_0029.wav,কিছু ছিলেন যে ধানের শেষ লাই দিলে গা আমার কবি বিশ্বাস তিন আর কালকে
/kaggle/input/regspeech12/test/test_kishoreganj_0041.wav,অ্যাউডে
/kaggle/input/regspeech12/test/test_kishoreganj_0168.wav,বাস পর থেকে বল বাসা দেকে বললে পরিচিত ওয়াকে বুনির কে রে বাসবো থেকে তলে পর্ত হওয়াকে গণির বাসা লাগে তলে পরে যাকে নি পর্যন্ত
/kaggle/input/regspeech12/test/test_kishoreganj_0061.wav,আইবু তাতে পরবে তলা তার অবাদ হি ত ফিতা ভাগ মিটি
/kaggle/input/regspeech12/test/test_kishoreganj_0016.wav,আমরা খুশিতে ইদ বেতের তা গা যাতে না দেই রাস্তা করে আড্ডা কি দে তলে যা ফার্টি এলাকার দুটি না বাদে বালে বে
/kaggle/input/regspeech12/test/test_habiganj_0067.wav,আ আমার হ রবীন্দ্রপ্রাইভেট হসপিটাল যা
/kaggle/input/regspeech12/test/test_kishoreganj_0118.wav,মা জালা মারে মা গাছ শিকেইকাগাসকা আর এই গাছ শরিরে কালা ব্যাঙে ব্যাঙে এখালা এভাবে খাদ্যশৃঙ্খলাবে খাদ্য নিচে কুন খাদ্যশিঙ্খল ছুটি
/kaggle/input/regspeech12/test/test_sandwip_0009.wav,অবস্থা মানে সত্র
/kaggle/input/regspeech12/test/test_sylhet_0206.wav,১৩চ৪বছরইগিলে তারা গ্রামোর মানুষ আইও বিয়াল লাগি প্রমান কন্যা দেখা তাই কন্যা দেখা তাইলে তখন না বিটি হাডি বাতিল মানে পানি গুরলে খতা পারিনি তে
/kaggle/input/regspeech12/test/test_sylhet_0692.wav,কাহিনি আছে মিটেলের বার চিন্তা মামা খেলা মারা যার
/kaggle/input/regspeech12/test/test_kishoreganj_0179.wav,আলচ২শকিলোমি লাতিক বুজে বিশ কিলোমিটার ব দশ কিলোমিটার বেশ
/kaggle/input/regspeech12/test/test_tangail_0089.wav,কেউ নেই এই ছবিতে আরেকটার বিষয়িছে এই ছবিতে আসলে মানুষ তেমন নাই খুব অল্প মানুষ নি সুবিধা আপনি পুরা ছবি দেখলে ওমনে হাতে গোনাবমানে দশ জনের মন কম মানুষ
/kaggle/input/regspeech12/test/test_kishoreganj_0087.wav,আলি তিকা থাকেন দি কাইটে মিষ্টি লাগে কিলা খাইতে
/kaggle/input/regspeech12/test/test_kishoreganj_0025.wav,গুরতে তে যা জানি আর আমার নাক আইডি কাইটে লাগে তো অন গোত আছি ফুষ্টভিরসের লোক ক্যারা তে যে ফান এমন বুলনি করে আমি সব করে দুন্ধযা ব্যবসা
/kaggle/input/regspeech12/test/test_chittagong_0062.wav,পারি এ তো রিসাব নদী এছাড়াযরম্বরি বুজে নেই একটু কলা মাধ্যম প্রত্যেক করি বত হটা হাড্ডা হাট ক্যাঙ্গুগুং
/kaggle/input/regspeech12/test/test_chittagong_0152.wav,তাই আসাম হোলা সাতে দা অনেকে তাজা ভারা গেই বেডা রেগে
/kaggle/input/regspeech12/test/test_tangail_0024.wav,দুইজনই আবার একসাথে ক গ্লাস পছন্দ করে যেডার আর কোনো কপি নাই জোনাথানবলতাছে সারা সারা রেনি তার সারা বলতে না ধানে নিতে কথা চলতে চলতে একসময়
/kaggle/input/regspeech12/test/test_sylhet_0713.wav,এমসি করে দিছি না ফেরা করি রাইতে জানি
/kaggle/input/regspeech12/test/test_narail_0034.wav,নি যদি আমার হাত দরকার নাই ও চাকরিডা ভাসনাকে তাহিত দিন
/kaggle/input/regspeech12/test/test_habiganj_0012.wav,আমি আজকে মাংসর মারি একটা হামু দে সেরে পেসাব অবস্থা সে গেছে
/kaggle/input/regspeech12/test/test_barishal_0081.wav,কি গেছে হ বিল আর আজান দিলে
/kaggle/input/regspeech12/test/test_sylhet_0179.wav,কিতা হলে উঠি হ একটা কালাই
/kaggle/input/regspeech12/test/test_kishoreganj_0008.wav,বলা
/kaggle/input/regspeech12/test/test_sylhet_0509.wav,আমার ভাই ঠিক খান তোমর বিগ মানি ইটেক না হওয়ার আগে ঘিরে বে খতা মিলা রাজ মামা সাকরি জীবন জীবন ছাকরি
/kaggle/input/regspeech12/test/test_sylhet_0491.wav,তোরে বাবা ইনো দেখিযে মেডামে মাতার মাজা আঁতাইয়াদিয়ে সুন্দর তোমার কিচ্ছুই না তম সুস্ত ওই দিবে
/kaggle/input/regspeech12/test/test_habiganj_0081.wav,ঠাকুরে মারা গেছে যে দিন আগে হানি তেন বুন যেছে মারা যাওয়ার আগে তার ত্যান তাফরে বালি বুন যেতো জেলা দিন পরে রাকতানা বার কেন সার
/kaggle/input/regspeech12/test/test_narsingdi_0029.wav,দে স্বপ্ন তো বাই সবাই দে স্বপ্ন তা সে টিম আছে ১২টা১৪টা টিম আছে সবাই তো চাবে যে বিশ্বকাপ জিতু কিন্তু অত্ত জিত বেত জাগা একজন দুইটা টিম ফাইনাল খেলবে
/kaggle/input/regspeech12/test/test_rangpur_0079.wav,্যাকিয়ান দিবেন বেডি মামার বেগুন আলু করা ভাগ
/kaggle/input/regspeech12/test/test_narsingdi_0008.wav,ইন্ডেতে দেখ এই চা হাল রবি বিষ্ণু রাহুল দেহে বাংলাদেশ একটা যেদিন আগে পিশার নিল কিন্তু
/kaggle/input/regspeech12/test/test_sylhet_0349.wav,সাকরি ব্রাহ্মণবাড়িয়া মহিলা বলে যাও তিন মাস তখন আমার লাখ খুব বালা আছে লা আমারে প্রতিটা ডাকে তাপে খুব সহযোগিতা করছে আল্লার হাতে ফাইসি ও ফাইসি
/kaggle/input/regspeech12/test/test_sylhet_0664.wav,ছেলের ঘর নাতি ডার পরিকাওবড়মেয়ের গর নাতি গোপর বা
/kaggle/input/regspeech12/test/test_sylhet_0395.wav,বছর দূরে আমি শাদী পুর বলতে নিজের বাসা বাণিজ্য আকি সাতের অবস্থা আর ও দুই মাস ইতে এরিয়াটা কেমন না আছে
/kaggle/input/regspeech12/test/test_narail_0048.wav,বাক সেনি ভাবে তোর আনার সাঅন্যরকম আমাদের দে মাতে কাটিছে আমাকে রাস্তার পেকমাধুনি কি ইযাত কাই
/kaggle/input/regspeech12/test/test_rangpur_0028.wav,বর মার একটা ছুটি মনে দিকি এই বাল দিয়ে গেছে গেছে ঢেলবাড়িনবু ই দি তাতে তোমার নানির খতে দেখাই তারই সে এ রে
/kaggle/input/regspeech12/test/test_narsingdi_0057.wav,খায়ালামে়নে বালা আছে দীপদ্বীপে বরাবর আনুয়া ছিল কেন তান একটা সত্য কতা মাতা বরাবর সত্যি কতা
/kaggle/input/regspeech12/test/test_narail_0072.wav,কহনও ওই বাড়িওেবাপৈসমা দখল করে নি না ওই বাড়িলাইটমাইট সারে দিলি টিলিপ হাসে না মায়াটাথায়
/kaggle/input/regspeech12/test/test_habiganj_0027.wav,ফরে বা আমি আবিষ্কার হয়কুপা
/kaggle/input/regspeech12/test/test_comilla_0004.wav,প্রতিদিনের মতো ওইদিনও রুহিকেনিয়ে আমি স্কুলে গিয়েছিলাম সব সময়ে আমি বাসা থেকে স্কুলটা ১০ মিনিটে দূরত্ব ১০ মিনিট না ছ সাত মিনিট আমার বাসা থেকে আরো স্কুলের দূরত্ব তাও আমি ওরে দিয়া যাই আমার মতো সব মায়েরাই তাদের ছেলেমেয়েদেরকে দেখা যায় গেইট পর্যন্ত দিয়ে আসে
/kaggle/input/regspeech12/test/test_sylhet_0120.wav,খানা দুকান পরে এখন সযৈতানেকোমফে মন নাহুলসোতানে সি
/kaggle/input/regspeech12/test/test_narsingdi_0018.wav,কি আর বলমু ল আসলে যারা যে যৌবন বছর দরা টিম রা ছাবি দিতাছে রানা খেলতে চায় রাম নতুন পাচ বছর দইরা খেলে এই কই অস্
/kaggle/input/regspeech12/test/test_sandwip_0034.wav,আগে ইনি রাত কুটাহিয়াগিয়া কুট বেলা কি
/kaggle/input/regspeech12/test/test_narsingdi_0129.wav,আমার যদি না ছিল ওরা আর ইটা সি বোইন এডার হেডা সেন জিনিশ দাম কম এডাম্াসনের তে মাই সিন দ্য বেশি আলো কার হেরা ফ্রেগ্রেন্স ফেটাআমার তো এমার তো মানে খিকতর্মরত মানে এত পার ফুল দোকানে
/kaggle/input/regspeech12/test/test_rangpur_0056.wav,বুলি ফেইসবুকো তো অনেক জনে দেছে এটা কি ওই যে তারার ন্যা আসলে টাইলে সামনে দুর্ভোগ দেখা দিবে তার লক্ষ লক্ষ মধ্যে দিকে
/kaggle/input/regspeech12/test/test_kishoreganj_0097.wav,যা ফানি এলাকা লোকে কাম
/kaggle/input/regspeech12/test/test_barishal_0099.wav,জীবনে প্রবল৫কেজি়াম দি জামা কারেন
/kaggle/input/regspeech12/test/test_sylhet_0238.wav,বড়বায়িতহই হইলা এর আগে মালা বউ মারা গেছে বড়বায়তখন হইলা যে যেত আব্বার নাই আর এখন যদি আমরা তাই ভিবিয়া দিলা তাই যদি
/kaggle/input/regspeech12/test/test_kishoreganj_0109.wav,হলো খাদ্যাশরৃণখল সর বৃদ্ধি কেই প্রতিটি খাদ্য কিল পারে খাদ্য যত যে কোনো বাচ্চু সংসার অনেকগুলো অনেকগুলো
/kaggle/input/regspeech12/test/test_kishoreganj_0193.wav,বুকে কি বলে কিতা হইলে ইন্দি যে বরণ দেখি
/kaggle/input/regspeech12/test/test_narail_0013.wav,আমি তর তোষা তরে ওর কোনো কোনো খারাপ কথা করে বারা আমি গিরাম জানি আমি কন বাদে আমি কোনো সম উতলি আমি তুলি না যা বাই তুই ভালো থাকলি ভালো থাক খারাপ দেরিতে যাজধনি টা পাঠানোর কথা সে গেছে মরি টা দামি কি বারা আর আর হন
/kaggle/input/regspeech12/test/test_sylhet_0600.wav,মানে আমরার বলে বেচের ছেলে গুলা যা তা তাল কিতারে গ্যাস মানে ঝগরা ঘাটে ফরে কোন কিছু নাম কাডাইতো তো সংজরানজুগগুলি প্রবিলিতা় যে স্টুডেন্ট র কিতা খরে না আয়োজন করে করতে পাইছে ইলা কেমন এলো অনিক
/kaggle/input/regspeech12/test/test_sandwip_0014.wav,আর নাই দে মাছ গলিরে দিতি গারি মলি দূর্বল বস্তা পান যার আইছে আনোন না
/kaggle/input/regspeech12/test/test_tangail_0098.wav,ছবিতে দেখলে দেখবেন ওই ব্রিজের আসে ব্রিজের কাছে আসে তহনে কি গরাত তহন ছক নারে থকিনারিনিয়া ও রাস্তাতে চলাযায় আরে দিকে রনবীরকাপুর
/kaggle/input/regspeech12/test/test_sylhet_0726.wav,তো ওই কিতা হয় আফনার তো উপবাসে থাখা লাগে ম
/kaggle/input/regspeech12/test/test_kishoreganj_0102.wav,পা্রামাতিউদবিত থেকে বিভিন্ন স্থানে ছড়িয়ে জিবে ছড়িয়ে পড়াই হল বিজে বিস্তনবিদে বিস্তর
/kaggle/input/regspeech12/test/test_sylhet_0153.wav,গরবিয়ার কাহিনী তিতা মোহনের তদদিিওই তারও বেশি সুন্দর
/kaggle/input/regspeech12/test/test_kishoreganj_0132.wav,লা কাডল দালে সুদা কিবা
/kaggle/input/regspeech12/test/test_sylhet_0651.wav,রাস্তা রস্তায়ওকঠন্যায় করতে বিচার করছে টা খেলাও গেছে আপনারা কোন সময় গোলার শিকার ওইছিননি মানে এরা কোন আক্রমণ করছেন আপনার
/kaggle/input/regspeech12/test/test_narail_0149.wav,আমাকে বাড়িতে একটু বিত্রের দিকে মানে বিতরে দিকে বলতে বেশি বিত্রেও না কি আমার বর খাক মা আসতে অসুস্থ মরার পথে এখন এই জন্যে কি বাইরের নাতি বই দেখবে তাই বাই ডেটে বিয়েদিয়ে লাগেছে উনি পছন্দ করে মিয়ে
/kaggle/input/regspeech12/test/test_tangail_0080.wav,শিউলি মারা গেছে বরুণ ধরনের ফনি পরে বরুনধাওয়ান পুরাভেঙাপড়ে পড়ে আবার শিউলির বাসার জায়দায়া শিউলিরে দেহি দেইখা আসে
/kaggle/input/regspeech12/test/test_narail_0066.wav,রে না শরিকে জমি দাইছে তবে গা কতো বাবা
/kaggle/input/regspeech12/test/test_chittagong_0071.wav,ন বারির ডিগ্রি লাই আঙ্গর পরবেন অনাস মরবো থেকে কাগু অনাস যদি আনাস সরকার গরে হইলে একজনও ডিগ্রি তারা
/kaggle/input/regspeech12/test/test_rangpur_0099.wav,আগেরবার ভালো হইচিল নে এবার ভালো লাগে আগের বালা ব্যাট কেনছে মা
/kaggle/input/regspeech12/test/test_sylhet_0342.wav,নানি জানন পরীক্ষা দেও আজ সকালে গিয়া পরীক্ষা দিয়া মাসরালের যে এক ঘন্টা কাই মেটা দিকে দিতে কলেজ টিকে একটা দৌর দেই একটা দৌরে বাসা তাই আইয়াওঅশুভে যাই তারা খাওয়ায় খাওয়াইয়া আমি একটু পানি খাই আবার দৌড়িয়াযায় ন এক ঘন্টা ভিক্ষা বার সেন্ট
/kaggle/input/regspeech12/test/test_chittagong_0004.wav,তা তা তাই না ইতে মানে সিনেমাটাত সমস্যা
/kaggle/input/regspeech12/test/test_sylhet_0715.wav,ফানের বি়য়ে গেছে আর
/kaggle/input/regspeech12/test/test_chittagong_0033.wav,হঙ্গরগা়গেব লাগাই বলে অনুমুতি বেতন তে তুমি দি দে অপাকে নাই মনের ইতিরে মিছ কতা ভুল
/kaggle/input/regspeech12/test/test_sylhet_0504.wav,বার চেঞ্জ লেগে আমার মানুষ না সারাদিন দুলা বা তাই খেলা দরে ধরি
/kaggle/input/regspeech12/test/test_sylhet_0260.wav,খালি একটা ইউনিট অ্যাপ্লাই র ও ইউনিট সর্বোচ্চ তিনশ জন নিব তিন শ জনোর মাঝে আর তিকি নিব তোমার এ সাইন্স থেকেই আরো একশ বোমার শরিকে আর ওলা করিয়া এখন তো আমার স্কোরটা খুবই সীমিত যে গেছে সীমিত যা আমি
/kaggle/input/regspeech12/test/test_kishoreganj_0090.wav,পাকিস্তান কাতলিমুদাউলে
/kaggle/input/regspeech12/test/test_narail_0181.wav,সোনা গুসা পানে আইছে পর তিন জনের খা বারিতে মাংস তারা ভারতে তামা কালেমা কথা পরিচিত ফাই না দেশে মাংস মার
/kaggle/input/regspeech12/test/test_rangpur_0120.wav,না পাওয়া যায় জানা রানা কালচার সাগরিকাদের জার খান র কি ডাইল ভাল হইছে স্বাদ লাল
/kaggle/input/regspeech12/test/test_chittagong_0031.wav,নদি অরি দিলা মুবি আসামের দিতি মাইরের যা তিতা গাড়াননস্টেবিল
/kaggle/input/regspeech12/test/test_chittagong_0140.wav,বেশি সালে কি বাই হলে নাইম্যা সারা বের এন আর
/kaggle/input/regspeech12/test/test_narail_0045.wav,তারা আছে তুমি তো প্রত্তচারীরাএল বড়বাড়িকে বংশের লোক শেষে কিনবি মাংসের লোক দিবাবুগিবংশের লোক
/kaggle/input/regspeech12/test/test_sandwip_0077.wav,পারে সাথে ব্যাপারে নে মিটি বন্ধের সমকা যাইতে করে
/kaggle/input/regspeech12/test/test_sylhet_0406.wav,লহরে ওদিক দেহিদে আমরা হারবি রাস্তা তিন চার দিন তাকে তারাবি উষ্টা গুমাই
/kaggle/input/regspeech12/test/test_narsingdi_0027.wav,ডেডিকেটড আই পেলে ঢাকা এই তর চেষ্টা করে যেতে হবে পরিশ্রম করতে নিজের প্রমাণ করতে বলে না আমি ভালো খেলি তাই
/kaggle/input/regspeech12/test/test_narail_0004.wav,মেলা গেতে কাকা আমাকে দিয়ে গেছেলো এই জমি কি ঝামেলাটা মেলা করবান নি জামেলা মি তো কিছু বুঝি টু জি না আমি দেহি জায়গাজমি কি অবস্থা আছে খাচ্ছেন খান আতাইরাংবিছে আমি তে গুলো করতিছে না করতিছে কাগা কাগারদিশি
/kaggle/input/regspeech12/test/test_noakhali_0001.wav,টাকা
/kaggle/input/regspeech12/test/test_kishoreganj_0004.wav,না
/kaggle/input/regspeech12/test/test_sylhet_0760.wav,পরে দুলাবাই ডং করে একটা কানে দিরাই ফানি তারার দা ফারা না করা সম্পর্ক টাকাটা হচ্ছে আপনারা দুইজন
/kaggle/input/regspeech12/test/test_rangpur_0110.wav,কাহিনি নিয়ে দাখিলে চট্টগ্রাম লাভার মানুষজনও বেশি তোক ইয়াকচিল
/kaggle/input/regspeech12/test/test_kishoreganj_0015.wav,নতুন গা সব থাকে আছে থাকে না গুতা সরকার তেজ না কা দিবি
/kaggle/input/regspeech12/test/test_barishal_0069.wav,বেটার বৌত থাকে না বহুদিন দামের আমীনে বৌর কিতা এক এত বড় তাবিসের পল্লা মানবে এত বড় বালিশের তলে ঢুকুইবে দুইটা নালি হাওয়াইবে গদার দেয়া
/kaggle/input/regspeech12/test/test_kishoreganj_0183.wav,এবা মানে অন্যান্য আলি পুইটে গেলে ইটা পরে এই আগে
/kaggle/input/regspeech12/test/test_chittagong_0155.wav,কিনারে না কি অবস্থা করা চলা জন্য স্কুল পর ধারা বলতে ক্লাস নো মাহবুব ইন্টারফেস লাগে
/kaggle/input/regspeech12/test/test_kishoreganj_0098.wav,তুমি গেলা আরি আশা করা তরে যা ও জাতের যে বা কানি দা মক্কার খানি দা মাল দাত দিছি না কানি মনে ন কা চালু দিবা হা নিবার বর্তি মতো আছে না ই গ্যালা আছে গ্যালা দে দে না কাইটা
/kaggle/input/regspeech12/test/test_barishal_0011.wav,মানে মাদে কে কে মারি পানি বানাম করতে পারে তা ফারি পারবি পয়াকানরশি হালা যা
/kaggle/input/regspeech12/test/test_sylhet_0507.wav,লগে কি ই নাই তাজর তিন জনের মারা গেছে তাজা টানাটানি টা পাকা টেকা বিরেনি এমনে মা
/kaggle/input/regspeech12/test/test_rangpur_0043.wav,গুলো কল মেদি আব্দিনের না গুরে তান বাড়ায়না তলে মূল পুরো থাকে মি আগে চা একদম খারাপ পইয়া গেছে
/kaggle/input/regspeech12/test/test_kishoreganj_0202.wav,বাজার শুকনোর জন্য কি ব্যাডা হ্যাডে দেখি বাই হে অগ্নিনিবারজনতে কার্বন ডাই অক্সাইড ব্যবহার আগুন নিম জন কি বাবা করা কার্বন ডাই অক্সাইড মা
/kaggle/input/regspeech12/test/test_habiganj_0023.wav,জাতি মনে করে গান গাই ন রে আমারে একটু পারতেন ত না কইরা করে তে আমরা আর যারা যে
/kaggle/input/regspeech12/test/test_sylhet_0077.wav,আমার জ কবি স্বামী টিচার মার যে টিচার ফরা তাদের দিকে মারা আগ্রহর দায়িত্ব বারি ছে প্রথমে আসলে না কোনোকিছুর আছে না দিখি থেকে তোমার আগ্রহ বা জানি চালা
/kaggle/input/regspeech12/test/test_sylhet_0686.wav,ইংলিশে বাং আনবি ভাষা দে হাতে বাংলাদেশ এক লাগে ও করা না তাদের আর অনেক সমযই
/kaggle/input/regspeech12/test/test_chittagong_0104.wav,চাতি গাছও বাহিতে লে বাই বাই কাটাই বাতা তা হোটেলে হততে আকাশে
/kaggle/input/regspeech12/test/test_narsingdi_0012.wav,নিত কাহিনি ইনি বাইরে সারের টামান বলে এক মাশা ফিরে দে একটু সম্মানের সহিত কিন্তু ওইটার ম্যান্টারনিতে তাও এখনও বিপিএল খেলতে আছে
/kaggle/input/regspeech12/test/test_sylhet_0463.wav,রামনগর কত কিছু দুইটা মে তাইন ওভার এসেসি ফাস্ট পরচা করার ফরে দিও বসলে চলে যায়োরেএজন হ অহন কুন টেলনা চলে
/kaggle/input/regspeech12/test/test_kishoreganj_0033.wav,ইবা আল্লা দিছি বিশি শাক সব জন কিন্তু ধাদানয়া সে সুন্দর
/kaggle/input/regspeech12/test/test_rangpur_0128.wav,মু়মুখম়িমালা যা করি দি
/kaggle/input/regspeech12/test/test_tangail_0025.wav,লো কাইছে বলে যে দা মিন পরে জোনাথানবাধ্য় করে সারার জন্য দিয়া দেয় জোনাথানাসুলে প্রথম দেখাতেই সারার প্রেমে পড়েয়াযায়
/kaggle/input/regspeech12/test/test_sylhet_0125.wav,খুঁজ খবর পরিবারের মতোই
/kaggle/input/regspeech12/test/test_narail_0029.wav,ওই জমিনে কি এর কিছু জান আগাত শুনে ছিলাম তোগে তোগে আমারে আসাদ নিযকেম্বাইনুল কি আসাদ মিয়া অল্ফ খাতে এনে সেনতে আসাদ ম্যাম এলাখায়
/kaggle/input/regspeech12/test/test_chittagong_0085.wav,কম্পিউটার মধ্যে হরে হ দেকি টা গড কম্পিউটার লাই বত্তি ওই পতিবার জানি কি এ দলের তৈরি ফরকাদ ফরন গরিত্তারিবি তো যতক্ষণ তে কতখন করি ছারি
/kaggle/input/regspeech12/test/test_chittagong_0050.wav,জামাইটামায়াহা ক হুনি কিছু নাই আবাত আফা তা এখন উজ্ঞা হালা মানুষ বুদ্ধ না রাহন ন ফারিদি দি হ তোরারে হত ফারিবে হত গরিবি তোরার বালা সম্ভব হরি
/kaggle/input/regspeech12/test/test_rangpur_0038.wav,ভাটে বাসা মনে কর বৃষ্টি আছে বাজার ভালো না তা জুতা জোর দেকি না
/kaggle/input/regspeech12/test/test_narsingdi_0134.wav,টেন তর ডাইল ঢুলি অবশ্য অডা আমার চাইলা
/kaggle/input/regspeech12/test/test_chittagong_0008.wav,তোমার বাই দিতে হাতি তাকতা তোমার সুন্দর হালি
/kaggle/input/regspeech12/test/test_chittagong_0162.wav,অনাটততুতুনটি আদি গরম বলে তারা মক্ত মন হরাতে ডিগ্রি রাজু অনকিক্তুমনি মন যা ডিগ্রিতি
/kaggle/input/regspeech12/test/test_narail_0054.wav,আমা গাদা কাছ থেকে শিবু শিবু না ১৩৫৬৭ওয়জে এই সদলথতবাড়ি রে জাগার কথা থাকোন ওই জমির পিআর কুমার রইদ সেমির
/kaggle/input/regspeech12/test/test_sylhet_0426.wav,উনামাটাদেওয়াগিা এখন এ স্ফুদমানিতান সাহস ফালি মের বইয়রসমাতখন করে লেটিকুইজি
/kaggle/input/regspeech12/test/test_sylhet_0671.wav,সারা জীবন ভই বানানি যতদিন নাসিাসিয়া যতদিন প্রাণ আছে কতদিন বাগু প্রাণ নাই নাই ফর কিতা মানে আপনে আপাতালেখিতা পেনশন বন্ধু জীবন না মারা গেলে আর খেউ হ বাদে
/kaggle/input/regspeech12/test/test_sylhet_0049.wav,সমান মাতিলাইন মুকি ভাব
/kaggle/input/regspeech12/test/test_tangail_0018.wav,বই মানের তৈরি গানডা মানে জনপ্রিয়তা কারণ এর গানডা আসলে একেকজনে কিভাবে অনুধাপণ করছে কেউ মানে কারো সাথে কারো মিল না এ রকম ভাবে কি বুঝতে পারছে গানডার একটা অর্থ মানে কেউ অ্যাহন
/kaggle/input/regspeech12/test/test_narail_0140.wav,তাও মাসুদ দুলাবাই মোনা আপনের বাবার সাথে আমার পোস টাকা করছি তই কুলি তর্ক ফিরিযে নিয়ে যাবে সেনি তালি না তোরে ফিরে নিয়ে যাবে না তোতা কর্মী কাকা আমার অগ্নিভাথেরভট বিপিরি নিয়ে
/kaggle/input/regspeech12/test/test_habiganj_0009.wav,তানজুজেই গেছে তান লুক না গ্রামে একা বেটা সাতটা খুলি নে লাই যে সবার ছুট বিলাফুলাওয়া সুডু ফুরিও
/kaggle/input/regspeech12/test/test_kishoreganj_0150.wav,পানি দিনি বলে দাইর খুজবার য রমিম মাটি ডিফেনের প্রধান কারণ কি মাটি উতা হাসিনার ব্যব টিকা সব ওষুদ দিলে কি মা কি নষ্ট হয় পরিবেশ কোনে উপায়পয়কুনকি ওসিম কোনো উপায়কোনট
/kaggle/input/regspeech12/test/test_barishal_0087.wav,সময যেডা উপরে লা লা লা যে কুকারে হালাইলে এই সময় সমস্যা বা দে যা না হরে ইরা ওমরা খরিছি
/kaggle/input/regspeech12/test/test_narsingdi_0036.wav,ফুলিশের দাম বাড়তেমাইকোদদা শিল্পের মুরগি পযকারখুরা খেলা না সবকিছু রেসঢোকানোগেয়া যেইডা দরি খালি বলে দাম বেশি খালি বলা দাম বেশি
/kaggle/input/regspeech12/test/test_sylhet_0064.wav,বছর আমাদের ত সম্ভব না তো মেডিকেল তুন বলি নামার পাশাতাইয়া দেখে দেখে যায়দা্তাে সাপ্তা তাই সাপ্তা তাইলে ডাক্তার কিছু দাগে যা আবার তোমার ওইসব লাগে তিন হাজার খুন বাইদি চাম মাত্র বিয়াগাইয়া উমার বাহি নতুন দোকানো
/kaggle/input/regspeech12/test/test_sylhet_0582.wav,আমি সেখানে সমে দেখি আমার লাগে বাইরে কাঠন কাঠন মানে আরও বড় আগে আমরা নাবড়রালৈকেও বেশিরভাগ রাইট তা নৌকার মতো আস্তে দ্রুত আমার থাকি কত নিকি জুটলাহাৎপর বেশি বল স্পিড
/kaggle/input/regspeech12/test/test_sylhet_0327.wav,এখন তাইন যখন বইয়ানিয়াদেন তো না মন কাছে মনো মানুষটা ফেরেশতা সারাদিন কাজ করি কা তার আমার টায়ারড লাগে না ভূমি পানি বই ফরি ফরিয়া আবার গে তাইনের গানের কাছে মানি জানি আছে সারাদিন ওটা করছি বা কি টা করছি
/kaggle/input/regspeech12/test/test_tangail_0081.wav,তারপরে আবার কাজে ফিরে আসে যেহেত সে অনেক এহন সরিয়াস বেশি এমন আরও অনেক বেশি সিরিয়াস পুরা সেই স্ট্রং ম্যানেজারের দায়িত্ব পালন করে কোনো কিছু না টলার করে না
/kaggle/input/regspeech12/test/test_sylhet_0270.wav,উটার ফরে তো করা শুরু করলাম তখন তই তারা কিছু বুঝিলে ইউনিভার্সিটির ওগ্রেডিং বা পয়েন্টপড়াবে কালি তা কিছু কিস্তা না তো আমার বায়েময়ে টার্গেট দিতে তোমারে বিপ্লাসলাক বিপ্লাসকিতার পিপ্লাথ্রিপ২ু৫ বিথি৫
/kaggle/input/regspeech12/test/test_sandwip_0086.wav,রেদার মাতা গুরাও আতাই এতারা ছিল টানে
/kaggle/input/regspeech12/test/test_sylhet_0471.wav,তো আপনার গেলে আমার লাগলে আমরা কই মন্ডলে রাস্তা ওতা টাকা দি গেলে কোনো বইন জীবনে গাড়িবা়াদিয়া যাইতা জাগার বাবা তা বাডি টেখা দি
/kaggle/input/regspeech12/test/test_sylhet_0502.wav,যোগাযোগ করে করাই বাবু তো তাই না করন তাই আমার চিত্র
/kaggle/input/regspeech12/test/test_narail_0106.wav,এখন তো দাদা আগেরদিন বলতেছিল যে যদি অপরেশন করতে হ তালে ব্যালট চলে যাবে করে কিন্তু অপারেশন আপাতত করা লাগতেছে না ওটে ভেঙে আস ছোট হয়েগেেতোঁর আগে যেমন জ্বালা যন্ত্রণা এটি করতে না সে রকম করে
/kaggle/input/regspeech12/test/test_chittagong_0143.wav,না চালানোর তুলা হতা হবে এক গরি সাই যদি ব্যক্তিটা আবার
/kaggle/input/regspeech12/test/test_habiganj_0072.wav,মূল হসপিটাল টা মানে বালা অ্যাপলেযাফাইয়াজ বা স্ট্যান তমাস্ট্যান তারপর ফাইয়াজের ঘরে লেগে আরেকটা আছে গন্টা কাইয়াজ
/kaggle/input/regspeech12/test/test_sylhet_0158.wav,নেই হান লাল লেখিত তারিকে
/kaggle/input/regspeech12/test/test_sylhet_0072.wav,শ্রমযাওয়ায় দুর ব্যবসা প্রথম দিন এততা বেশি মজা না সেই ফরার তিনটা করে তিন দিন আগে তিনদিন হইককা দে
/kaggle/input/regspeech12/test/test_narail_0059.wav,যেভাবে দে খান্দে হরে না ওতি ইমান স্বামী সে যেটুকা কিছু নাই অন যেটুক কিছু নাই সেটুক দলে
/kaggle/input/regspeech12/test/test_sylhet_0237.wav,িকসময়গিয়া জ্ঞান রুট মারে আমি বা কোনো সমস্যা না আমার জিনোদেগনোগে অনবরত কার আমার একটা রুমা রা মারাও খালি বই গুন থাকে ওই মরা কিছু লাগতো না তারা দেখস জামা আসলে পরার ইচ্ছা আছে
/kaggle/input/regspeech12/test/test_habiganj_0007.wav,ক্লাসে না না তে না ফিল আমার মেম্বার এলা না রুটি ফুরি বিরানি
/kaggle/input/regspeech12/test/test_narsingdi_0088.wav,ইগুলো মিস বালা দেকেন হরাকত কার সাথে বাইটবাইট হাউজ নাথি দরা জানা স্নান এলাকা তা কেনে দিন সকালে শুরু
/kaggle/input/regspeech12/test/test_sylhet_0251.wav,বিটা সুযোগ করতো না ও সময দিলাইছে সার্কুলার প্রাইমারি স্কুলে তখন আই বই তুমার কাগজপত্র খালি সার্টিফিকেটটা দেওয়া একটা ছবি দেয়াও আমরা এপ্লাই করিয়াদিমতুমি খালি পরীক্ষা চাম্পা দিবার
/kaggle/input/regspeech12/test/test_sylhet_0642.wav,এমন বালা বাংলার দাগে টেকা
/kaggle/input/regspeech12/test/test_chittagong_0061.wav,ফিরিজে না ফাল্লা নাকি সমাজ হেতানে দিলে সিটি কল বলে কম্পারিজন যে
/kaggle/input/regspeech12/test/test_noakhali_0025.wav,তা যে কিত্রকিত্রকর তো খালি বাবে কাজে আগান নেই না সামান ই
/kaggle/input/regspeech12/test/test_sylhet_0662.wav,যে সনাতন ধর্মত তাইলে দেহাযা বেশ কয়েকটাবাড়ি একটি
/kaggle/input/regspeech12/test/test_sylhet_0596.wav,না কি যোগাযোগ নাই বিসি যা ফরে আমার লাগে না তা তো নিজেরে বিবিবিিইহআ ইলানে তো টার্গেট কিন্তু এই যে আগে মান কেনা কানে অরা যে উঠে
/kaggle/input/regspeech12/test/test_sylhet_0252.wav,আমার বইনাইন দিক তুমি তারার লগে পরীক্ষার ক্ষমতা দিবা আর তারা একটু সহযোগিতা করবার দেখাই বার যাতে তারা চাকরি টারি যা তুমি তো অনেক কেলা মে দুমতাসাক্ী হরতায়না মলারেরটুপোকার তুমি যদি দেও
/kaggle/input/regspeech12/test/test_sandwip_0110.wav,আর আই আর যেগিন
/kaggle/input/regspeech12/test/test_noakhali_0015.wav,পরিষদে দিতাছি কা মততর ন আনিবি যেমন তো মামা কুঠা বেচছেন
/kaggle/input/regspeech12/test/test_sylhet_0194.wav,লিটারি তা পানি ল্যামপুংসব রুমতলাইয়া দেওয়া পরে প্রশ্ন মুক্তই পরতাম এখন একজন সদস্য কলা ফরা হইত নি পরালেখা বলতে বড় তারা তারা
/kaggle/input/regspeech12/test/test_sylhet_0611.wav,বলি মন থাকে আর বুলে কিরা দুইটা জিনিস তা আছে
/kaggle/input/regspeech12/test/test_sylhet_0085.wav,হতা করে বাদে বাবা বাইরে বাদে সহজ মা দা খারোর কোন দরকার নাই যাক মা খরি রে বা
/kaggle/input/regspeech12/test/test_sylhet_0289.wav,আমার সমস্যা নাই আপনারা দেখন দেখিয়াযেতু দুজনযে ঠিক আছে আমার কোন সময না তারা লগে আমরা পারিবারিক স্ট্যাটাস মিল আছে তারাও সি ফেমিলির কন্থনৈতিক অবস্থা আমরার মতো তারা আমরা মধ্যে পরিশ্রম করিয়া পরে বা
/kaggle/input/regspeech12/test/test_sylhet_0703.wav,রাগে একজন ফাইসিং না বক্তিয়া রাইত ফরালাকরণাব ভুদা যে
/kaggle/input/regspeech12/test/test_sylhet_0696.wav,না বই না আফনার টাইম নি নিমু মানে ই বারি নান ইবারে নানি জন সদস্য
/kaggle/input/regspeech12/test/test_chittagong_0015.wav,লাই কুমার মরি কেন সত্যি হব তুর গণকবর পাতিল এর দেতে গমাসিগমাসৃতি ভালো পরে বাবা কিনার আসবের দিত বিনা
/kaggle/input/regspeech12/test/test_chittagong_0159.wav,তারারে এহন আরা যাবা মুরব্বিরা হবে কি বাচত্যাগােবা সিকি ইঞ্জিনিয়াররে হলে তেয়ারবিয়রে পৌছোতি তে হ জেরা দশটা লাগে
/kaggle/input/regspeech12/test/test_sandwip_0007.wav,তা জি ডিশাালকেিনিের ও এ কে কেলা নে দালে ফাস কি
/kaggle/input/regspeech12/test/test_sandwip_0063.wav,না এখন তা লাগা যা বিজে হেতে কা খেলে সিলেটে বাবা নাবে আগে
/kaggle/input/regspeech12/test/test_sylhet_0687.wav,যার করছে না লোক নিট জোবানে যোগান সেই বানা যার মালিকে এরফর না কই তান দেশ ই
/kaggle/input/regspeech12/test/test_chittagong_0128.wav,রাজা জানান তা বিডা একটা
/kaggle/input/regspeech12/test/test_sylhet_0095.wav,মাসি ভাস্তি খাতা টক বর মেসে রা ফাস্টে হাতে কি রে বোকা বি বর্তমান কলম খাতা ইতাত আইবে
/kaggle/input/regspeech12/test/test_narsingdi_0107.wav,মামু জাফর হ ও মা ইয়ামিসদিন ফাস্টাইম তারপর ডিম বাবু ফ্রাইবেডওডবেড বেড দে ফরার না দেখন
/kaggle/input/regspeech12/test/test_narail_0050.wav,না কে মাঠে তো আমি কাটানি কাটানি বা আইতা আমার জাগান মধ্যে পরে তাখার মধ্যে পরে আমি তোর বাবার জমা জাগা মামা ভুই
/kaggle/input/regspeech12/test/test_habiganj_0099.wav,র সারা জীবনে সারে তো হুম কক্সবাজার যা দেবে কক্সবাজার দমে ইতান না তিন দিন তাহা লাগব বারিত তিকা দি টানা দূর টেবিল দূর যাওন না
/kaggle/input/regspeech12/test/test_sylhet_0498.wav,আর তসবি ফরাম খান্দারছুটি আমরা যা লাবা বর্ষার শক্ত খাতার চা
/kaggle/input/regspeech12/test/test_barishal_0015.wav,সেটাই সেটা যারে থাকে যার এবং তালা ফরে
/kaggle/input/regspeech12/test/test_chittagong_0089.wav,জায়ায়রা এক ঘন্টা এক ঘন্টা করি শিখলে তো কম্পিউটার তথ্য থাকি দে টু ফালা কম্পিউটার আত গর্দন টু কম্পিউটার আস্তা কিন্তু কম্পিউটার ইনারে বাদে কি ওর বাসামধ বাবু সুদের
/kaggle/input/regspeech12/test/test_barishal_0066.wav,সূর্য ডালা গলা গেলে বা আমি ই আমি আমার সিরিয়াস ছান নেশা যখন বিরেশাদি করিনি রাত্রের একটা সময়কিছিনা বেতাল দি ঠেইচানাখাই দেতে ঘুমাই পেয়েছিন
/kaggle/input/regspeech12/test/test_kishoreganj_0167.wav,চিিবায়ু যখন ঠান্ডা কুনুগু সংস্কৃতি আসি তখন বায়ুতে থাকা দলীয়বাস্প ঠান্ডা হই পানির পুতা হিসেবে জানি পুট সে
/kaggle/input/regspeech12/test/test_narail_0091.wav,তুমরা তো ভারি বারিত আমারে কেত বিডা মানুষ মনে আছে নাই তাতারি চেক করে
/kaggle/input/regspeech12/test/test_chittagong_0016.wav,কম অরলহজবনজ্ালা সেশনেয়ারা কিউগলা বেন হদদে না এডা দুনিয়ার জালা কিনে রে যে গরম ফরের বইন গুমত ক্যান সেই তনবাদীরকে
/kaggle/input/regspeech12/test/test_sylhet_0253.wav,মোট একটা সহ খরচ লাগত তখন তাই টিচার মানুষ তাইনরে আমি কিছু হইতাম পারলাম না গরতি কি আমার বাই একজন বারি ন তাই যদি ও পরিক্ষাটা দে আপনার বুনোর সাকরি হন তাই তাই চুদি সাত্রিকান্তা ওইজা তাই আর সামনে আগাইতে ওগু তাই লাশ টার্গেট লাশ বডার জিব
/kaggle/input/regspeech12/test/test_sylhet_0091.wav,দে রাখি মিসেব তে জেলার গোডা অস্তে সাবি করা করে যাবার চিনতা
/kaggle/input/regspeech12/test/test_rangpur_0052.wav,আগে কেমন ইনকাম তেকতেকা দে কেমন জিনিশ বাজি তার টেগরা শাহিনও শাহীনের মাও ফিরুজের বহু ওই ফিরুজের বেটিও ফি
/kaggle/input/regspeech12/test/test_sylhet_0387.wav,তো ব্রাইনেবামি রেইেগিয়ামনি
/kaggle/input/regspeech12/test/test_chittagong_0027.wav,মগ তিন হে না নে গরিব ইতে বলে বিদেশের বা কি বিরোধী বালা বায়রেইু়মে
/kaggle/input/regspeech12/test/test_kishoreganj_0013.wav,মাতা এই যে লেকছে কছু ফসল নামাই বাটলা
/kaggle/input/regspeech12/test/test_tangail_0122.wav,তো দুই দিন নাকি কি হবে কিন্তু তারা উইঠা উঠার চেষ্টা করতে তারা দিন দেখলাম খাঁটি বিছার সবাই তাকান খুলছে ব্যবসা করা শুরু করছে ময়লাকাপড় ইটা মাটটা ভালো দক্ষিণ তাদের আসল অনেক বেশি
/kaggle/input/regspeech12/test/test_sylhet_0174.wav,টা অনেক বেশি নিরিবিঠইদিকে ইস্কুলের মাটি ডকলেরহাতিমালি উ
/kaggle/input/regspeech12/test/test_sylhet_0572.wav,আলা বেরাহাইয়ার সবাই দীরে দেখেন না সবাই ক্রিকেট চক দে পরে তো যে
/kaggle/input/regspeech12/test/test_rangpur_0008.wav,শুনেন কেলা বেডা
/kaggle/input/regspeech12/test/test_sylhet_0452.wav,বেশি বাসা তাকি না বেশিদিন ওতা আবার মনে এ মন এক ছিনা হালকা মিমা জামাইর এখন দশ টাকা দিলে রানি হবে ইতারা আবার পাবি
/kaggle/input/regspeech12/test/test_sylhet_0701.wav,এখান থাকে নাইলে যে থাকে হারি হারি মাতে আপনার গ্যাস একজনে সাফতা করেন মানে
/kaggle/input/regspeech12/test/test_narail_0060.wav,একটুক বিকি দিতে রাফি চাকরিত ও আর তার সাকরি লই তার ভরা বুঝবিনি হেই মাতিস কেনে
/kaggle/input/regspeech12/test/test_sandwip_0121.wav,বানাতে তারা এক কারে মানি ও আগো
/kaggle/input/regspeech12/test/test_sandwip_0073.wav,ফিরা হে কোন অসুধ বিশ আশি ক্যা পছন্দ বিরক্ত
/kaggle/input/regspeech12/test/test_kishoreganj_0092.wav,পাকিস্তান বাংলাদেশে পাকিস্তানি ভাষা কোনো সুজা বাসা ক হিন্দি ভাষা হিন্দি তুমকোনামকযা না বুস্কোয়টুককি কি করুক নাম কে
/kaggle/input/regspeech12/test/test_narail_0002.wav,বানি ফুলিশ নীরিবেনবাসার আর ওই জ্যাটটাকি নামান ফুলে সারা বাইর বেটা টাপয়সদিয়ে
/kaggle/input/regspeech12/test/test_kishoreganj_0099.wav,দিবস কি মন অন্য কালা
/kaggle/input/regspeech12/test/test_narsingdi_0092.wav,রেডি বোড যে অন সোনা ভাই ডা হাতা নিবার ডা হাত মিথ্যা
/kaggle/input/regspeech12/test/test_sandwip_0097.wav,আর নিজে আঙ্গুর স্টলে কি যে সাতে দাম
/kaggle/input/regspeech12/test/test_sylhet_0330.wav,কলার সুম ও চাকরি করতাম ও খাদার শি বারিত ছাত্রী বরতাম ইংলিশ মিডিয়াম বিভিন্ন স্কুলও চাকরি করলে ত আমার খরচ স্বামী আমার তোদের অনুযায়া ইউনিভার্সিটিতে যাওয়ার পর তেকিও ফেলক ডিপেন্ডেন্সোয়ার্ড চ্যাপ্টা টেন্ডেন্সি নিজে নিজে খরচ করিয়া ইউসটু
/kaggle/input/regspeech12/test/test_kishoreganj_0063.wav,ুুুচাতুরসুটানা না না না না কাপ তাছে আবাদ কালাইর
/kaggle/input/regspeech12/test/test_sylhet_0295.wav,ফেন বিটা তাই তাইর বিগ গেছে তাই জামাই তালি তা যে তাই গিয়া বড়বড় ঋণ থেকে তাই আমরা যে টুতে খিতা দেখ স্কিলটা ও বালা দিকে দে ঘোষনা খানি তার ছুটো ছুটো ডিঙতাকোস্কি তখন আমার মাঝে কাজ করে জানি দিদি একটা বড়রিএখন চুল করি আর টার যদি তাই দি টা পেমেন্ট করতে পারে না তাইন একটা শরম ফাইবা
/kaggle/input/regspeech12/test/test_sylhet_0200.wav,দাঁড়াইতাম খুব বইত লাবইয়াদাঁড়াইয়া কুন র ফুন পরা আর যখন দেখছি যে না টেবিলও দাঁড়াইয়া করতে করতে মনে ফাউ বেদনা দিত তখন আমরা টেবিলের তেল বইতে কতাম মায়াকরিয়া মানে তার চা পরা লাক্তনাহকুম ইতা
/kaggle/input/regspeech12/test/test_sylhet_0496.wav,এবং বাবদ যা কুলিয়ারিদামপামি না সোহাগ মানুষ হসপিটাল রইছে দি শিক জাল এখন তাইন এখন আমার ফ্রান্স বন্দু ন না কি টাকা বা ত্রময়মন খার ছুড়ছে আমার লাগসে সব কিছু খুলি মারা চে পরচা বরযাগোগমলসিডি আমি দিকে ফাইরা গোলা দেখান না হালি দে কাশ করি পরে চান নামি এক পার্সেন এ দস্থামতবিয়ে গুনে ধরা
/kaggle/input/regspeech12/test/test_sandwip_0039.wav,গেছি কি মেজজিজ্ঞেসিনাম কোনরকম আরকঙ্গহুঙ্গা ছবিয়াএকান্ক হইযে একান্ত কোনো রকম মাসি যে কি মেশিন কইছে
/kaggle/input/regspeech12/test/test_barishal_0048.wav,আমদানি টাকা তা কই দিলি আমার একটা দিন দিছে কোনও মানুষ কি চাই যে দর একটা ন্যা মানুষের আমরা কি অস্বাত্তছেন লোক লাগে কে দুঃখ চোটে খা এই কামগুলা করে মানুষে
/kaggle/input/regspeech12/test/test_barishal_0007.wav,ব্যাকে মার মতন দিন মজুরি দিক ছেলেরা ভ্যান্ডালারা বদলাখানলেরা জীবনে মাবা ফেলাইবে না আগে জুতি মাহেওহইদিস্নে পোলা পানি পরিষ্কার করে তোমা হালাইবে আর এই যতই দুই একটা বড় ধরনের ঘটনাদেহী বড়লোকের ভিত্রে হয় মান সন্মান প্যাট টিচি বাজে না বা পরিচয়এইদেই তারে না
/kaggle/input/regspeech12/test/test_tangail_0036.wav,হিস্টইটোকাল ছবিও পরে দেখলাম যে না যদি আম অনেক পরে দেখছি ছবির অসম্ভব সুন সুন্দর ছবি যদি এটা যারা প্রথম সুবিধা শুরু করছে তাদের পক্ষে
/kaggle/input/regspeech12/test/test_narail_0079.wav,তা আমার ফোন অবস্থা পাল না এই কথা বলতে যে সবার বুন্ডি লাগালাগি করবে না বুন্ডি রাগারাগি রে
/kaggle/input/regspeech12/test/test_sylhet_0131.wav,কাকি নি দি খাম এনতেন খাম ঢুকছি আইছি সেই ছা এক তাছে সা
/kaggle/input/regspeech12/test/test_kishoreganj_0083.wav,আট্টাই লাগে কতা লাগা হাতে গেলে আইলে
/kaggle/input/regspeech12/test/test_sylhet_0344.wav,তহন কইলাম যে এখন তো চাকরি করতে সমস্যা নাই বাচ্চা আইচ্ছে দুনিয়া মোটামুটি ডিসি আর সসার্টেই তখন টুকি বাকি চাকরি করি দেল কতাগুলে এখন দম কর্তা সমস্যা নাই
/kaggle/input/regspeech12/test/test_noakhali_0009.wav,নাগো সারা বালা কিছু তার নাকি
/kaggle/input/regspeech12/test/test_sandwip_0130.wav,এক একদম আঙ্গুর হইলে না যুদি আইনের ফ্যাসাদ দিতে মের আই কইরা যদি কইতে যা দ এ যা না লাগব
/kaggle/input/regspeech12/test/test_sylhet_0727.wav,বিডি তাগে টানা পানের দুইদিন ধরনর সকাল থেকে পানি দিন না ফাইলে
/kaggle/input/regspeech12/test/test_sylhet_0675.wav,আল্টিয়াগেন এদিকে ই বার এখন দে কবরলরকরালেখা আপনার
/kaggle/input/regspeech12/test/test_sylhet_0499.wav,আতুর বা মেম্বার ও হন সাযাওয়াআশাও তর আমি যাই প্রতি শুক্রবার তো সকালেও বন্দু জন আই উপবাষাদ হিনো গেলে দফা তোমার সব প্রতি শুক্রবারে আমার ন ন হরি মানি জামা বইন বর্জন এই ছুট জেরা তারা নন খই এক রকম সব দলই বাংলা সব জানো আমার
/kaggle/input/regspeech12/test/test_sylhet_0080.wav,আমার মেতা আবার আমি ইডা লাইক২০০৭াকানটান কর না
/kaggle/input/regspeech12/test/test_kishoreganj_0116.wav,কুনটির জন্য পানি ও উদ্ভিদেরউপনি বসে খাদ্য কুনডি জন্য পানি উদ্ভিদওপ নি নিজে পানি উদ্ভিদপনিবসীর খাদ্য নিচে কুনডি শোরটিক খাদ্য সিঙ্কল সাইট টামি গাস ফরি গা সাপ ব্য
/kaggle/input/regspeech12/test/test_tangail_0037.wav,একটু কঠিন হইতে পারে বের একটু লম্বা স্লো মন ইতে পারে কিন্তু ছবি ভিজুয়ালথিম সব সুন্দর ছবি দেহা ভালো লাগব পুরা লাষ্টের দিকে যায় আপনি এর ঈদাবুঝেমর্মরা বুজবে
/kaggle/input/regspeech12/test/test_sylhet_0183.wav,আতে হ আপনারা অনেক সময় নষ্ট করলাম মনে করেন না
/kaggle/input/regspeech12/test/test_sandwip_0114.wav,কমা ঘরে একদিন ছুডাইছে বেগম দিবে লাই মনত ন নাই রাজি গেলে
/kaggle/input/regspeech12/test/test_tangail_0015.wav,এইডসে আক্রান্ত হয়েযায় পরে একদিন ম্যারির সাতে দেখা য় মারি পরে বুঝাই সব মানে মারি সাথে অনেক কথা পরে ও নিজে চেনস করে ফেলা বলে সিদ্ধান্ত নে পরে আবার যায় কুইন্ব্যান্ডসের সব সদস্যদের কাছে সাথে কথা টথা কই
/kaggle/input/regspeech12/test/test_chittagong_0073.wav,তাগর আমার পরিচিত আইনের মাতবো মানার তিকাই তা বুজলে ডিজিটাল ভোট ধরা কিন্তু ফানি ছিল বেসরকারি দরি অনাস লোকের বুকিনতুটিয় না হতাশা কার তোটাল
/kaggle/input/regspeech12/test/test_comilla_0020.wav,বিষয়টার মধ্যে কিন্তু অনেক ইয়াছিল আবার কাটে তার একটা আমরা যখন যাই পড়ে আর কান্ড তার দেখি নাই এনকান্টের তারটা ছিইরা সবাই ধারণা করতেছে যে ধোলনার যে অ্যালুমিনিয়ামের যে ইয়াগুলা থাকে না সম্ভবত এই ধুলনা রশি তাতে তাকা নটা তাপটা ছেরা পরছে এরকুম মানি একটা ধারণা করতেছে
/kaggle/input/regspeech12/test/test_kishoreganj_0074.wav,ত গাদা তামিাতামাতুন ভাই একলগে ন নিবেন
/kaggle/input/regspeech12/test/test_sylhet_0759.wav,না না গ্রহণ রানা ওহানে অনেক ফানির ফিটা ফরে খানি যেটা গ্রাম যারা বিশ
/kaggle/input/regspeech12/test/test_habiganj_0065.wav,ওইসিসেভেনেইটো তাকে আগে হালি তু ক তোগে বাইর তা আনন্দ পান পরে বাংলাই তাই তা কুন বের মাঝে গল্প আছে যতটুক এতুকপরেকতাম রেমনেওফরই গল্পের বই আরখষনতমোবাইল আইসে বর্দিকামোবাইলি মাচে ফত গল্প দে মোবাইলের গল্প বার লাগিযে করি ওই দিন আগে আমরা ফরীক্ষার আগে মোবাইলের গল্প এমন নিশা ওসি গোয়েলভরগই কিনা গলা যেরা
/kaggle/input/regspeech12/test/test_sylhet_0639.wav,স্ক্রিপ্ট তিতা করতে ভালো লাগে বেশি দরকার খা গা যাও
/kaggle/input/regspeech12/test/test_sylhet_0244.wav,আমি টাইসেসিতে যেহেতু জেলার মধ্যে ফার্স্ট হইছি তো ভোট স্কলারশিপ পাইছি ভোট স্কলারশিপের কারণে আমি ইন্টার পর্যন্ত ফুরি ফিও করি ডিসি মোস্ট কিন্তু জাও লাগে হুস্টেলতা তানরে হোস্টেলে তাজা
/kaggle/input/regspeech12/test/test_sandwip_0080.wav,বা নতুগলঅমনেতে
/kaggle/input/regspeech12/test/test_kishoreganj_0069.wav,নিলে রাজা ভালো আই দা কিতা টাকা
/kaggle/input/regspeech12/test/test_sandwip_0035.wav,নি কিছু করছে কিরেনসেনার জানরা
/kaggle/input/regspeech12/test/test_sandwip_0048.wav,মাতা সরস নিচোনাহলী জেলা
/kaggle/input/regspeech12/test/test_chittagong_0137.wav,আরও মধ্যে শিবা হাতে নাকি আর খন বাসে থুলিদিতুনেই বলে বাসাত ঘুরা মিতা মানে কিছু মাতা ছিনেনি ন আইলে গুনে মায়নাপা়া হার হবেই তালা ডল দি
/kaggle/input/regspeech12/test/test_sylhet_0069.wav,আনা ধর্মীয় আচার অনুষ্ঠান যা যে কোনও যে হিন্দু না পূজা পার বন লইয়া বা কিতা করি কুন্তুজাকি দাও সেটাতে যাতে
/kaggle/input/regspeech12/test/test_kishoreganj_0148.wav,হওনবাদালহা উচ্চ হলে গান বাজি এবং লাইট স্পিকার এবং মাইক বাজিয়ে মানুব্দদুস লছশব্যদুের মানুষের মানুষিক ও সাহনিক সমস্যা সৃষ্টি ক
/kaggle/input/regspeech12/test/test_kishoreganj_0009.wav,বহু জাগা
/kaggle/input/regspeech12/test/test_sylhet_0083.wav,একটু তুমরার বাসা ই না বানাই টু হাটে হাতে
/kaggle/input/regspeech12/test/test_sylhet_0570.wav,দুর্বলতা নাই স্যান্ডেল যন্তসবিডাক্তারাই নিতা কন্টিনিউ ও মাতা গুরা নানি আন্দারে পাহা স্পট আছে অসুস্থ থাকলে আকি তাখি ল্যাল করে না
/kaggle/input/regspeech12/test/test_tangail_0076.wav,ওই শিউলির যে বেড মানে বানি তার যে নাইকা যে ওই বিডের বাসে রাইখা পরেই ফুল অতো আবার অর পছন্দ এই ফুলের বাস না তো কথা না বলতে পারলে অনেক সময়সনা সেন্স কাজ করে সময় এই সেন্স্টামানের
/kaggle/input/regspeech12/test/test_sylhet_0669.wav,নি এমনে হাল গাইনি আমার ছুটবেলা বি বচর বিই১৩বচর
/kaggle/input/regspeech12/test/test_kishoreganj_0173.wav,নিরাপদ পান নিরাপদ পুকুর না নিব
/kaggle/input/regspeech12/test/test_sylhet_0741.wav,তার রহমানের টাইপের নামের সাথে আপনার ওহ ক্লাবো তারা দকান সম্পর্ক শেষ হানি মা
/kaggle/input/regspeech12/test/test_sylhet_0433.wav,ইয়ারহোসেং না হ তো দিদি খারাপ খারাপ ইবেরে বাবা তান পরেও গিয়ে হাই ফরে একটা ফলে দেইন মেডাম বা করসেন দিসিল এটা জমে এটা হালকা ফরে আমরা পরিচিত জানি আপনি কে তার পরে হোসেন না বাবা বাদের সালো মারি বারিতে খান্দা যা ফরে পানি নিচে ওছে দেয়াববাবাদ থেকে সার না করবে
/kaggle/input/regspeech12/test/test_sylhet_0737.wav,অগ্নিসাক্ষীলে থাকে আপনারা গনি যতজসমিয়যজ্ঞবত পূজা পূজা না এটা বাবনা
/kaggle/input/regspeech12/test/test_kishoreganj_0068.wav,দুরান্ত দোকান খুলেলুাতালিয়া ছাফাই সা
/kaggle/input/regspeech12/test/test_sylhet_0346.wav,বিসিএসর নিউগরআকফোর্স তারে দশ মার্চ যখন তখন বাইদি বিখ্যাত হইল তাকি হইল কইরা
/kaggle/input/regspeech12/test/test_sylhet_0162.wav,না কেরে ট্রাই অবে না বাইক্ষমতাবন দুরি কোন
/kaggle/input/regspeech12/test/test_kishoreganj_0189.wav,বলত না নি লোন তে
/kaggle/input/regspeech12/test/test_sylhet_0540.wav,সারাদিন লাগের হালে আসোনো সময মরা ইলা ফিকনিক মিতা আলাদা লাগছে তিনটা খানি আবার ফন কিছু
/kaggle/input/regspeech12/test/test_narail_0108.wav,আর আছে শুধু ফ্যাটটিসুটা ইটার এখনো কোনো পরিবর্তন হয়নি ফ্যাটটিসুটাও এটা দেখি এবার যে আবার দেখা হবে কি যা
/kaggle/input/regspeech12/test/test_kishoreganj_0058.wav,গি এইলা এলাউ না কি দিবা তা লা কেটা ডাটা বা কেরা কনা ফেরা দে
/kaggle/input/regspeech12/test/test_kishoreganj_0080.wav,দুইতিন তা বেছে না খালা এত খা আলাদা যা হাত ফাহাদে খাবে
/kaggle/input/regspeech12/test/test_rangpur_0064.wav,বাধাবি বছরে ছাওয়াহিছেে বি আসবের মোরে হলে আধা মার বারা আছে
/kaggle/input/regspeech12/test/test_sylhet_0497.wav,টা কি বাবি আসল তুমি একটি টান চবাতরমেলাই এত নিকি চাপ বালা নিইনি ফোনে মিডি ওডিয়াছারমাতা জিতিলে এই শান্ত জানি না কইছে তাইন আমারে একটু দলীয় ঠেইলে আর মটালাারহনামালি মনসা থাকা হচ্ছে নে বইটা আর সিলেই আলি ফোসিটছুটদাঙলি ও পারসন ডরাই
/kaggle/input/regspeech12/test/test_sylhet_0188.wav,পরে আামমারাআকবাই আমি ন জন আমি যখন ক্লাসওয়ানও করি তখন বল বড়বাইদিয়া ছি তারপর দিকে বড়বাইবড় ভাবি
/kaggle/input/regspeech12/test/test_rangpur_0025.wav,রা গুরুপভাবে সবাই আগে যে এই বাড়ির মানুষ এই যে লিলিবুর ঘর ফুস করে সর্ব প্রথম পতা গেনু এই যে তোমার নানি নব
/kaggle/input/regspeech12/test/test_sylhet_0612.wav,আ গোন ওবো ফরা আনানি যে কাকিরার দাঙ্গা বাদ
/kaggle/input/regspeech12/test/test_habiganj_0051.wav,ধর্মীয় বইটই আছে ইতা করি প্রার্থনাতনা করি গানওনগায় গাইয়া তে
/kaggle/input/regspeech12/test/test_sylhet_0648.wav,ট্টা হর গাইতে মতো প্রশ্নের তে কথা পাছ বু তাখা তাও পােতাকেনিরতোহি তলেদাখিনিতহি দইরা আছে মা দেশের মতোন মরি দেশ টি কোথাও বাছে দুইককটুমে পাখি করে মাথা
/kaggle/input/regspeech12/test/test_comilla_0011.wav,হয়ত এই দুলনার কাছ থেকে ওদের রিয়ার্সালরুমের দূরুত্ব হয়ত ত চা মিনিট হবে ওখানে যাওয়ার পর সারা যখন বলছে যে রিয়ারসাল হবে না তো তখন আবার ফিরা আবার দুলার কাছে আসছে আইসা দেখে যে ওর বান্ধুবি যে নুসাইবা সে দুলনার মধ্যে একদম অদ্ভুতভাবে বইসা আছে এক
/kaggle/input/regspeech12/test/test_sylhet_0107.wav,থেকে দিত ছাত্ররা ফুনি মালেকে কুশল খর না হুটেল সার টেহা খুশি রাজনিতি হার নিতি হাচের দা
/kaggle/input/regspeech12/test/test_tangail_0069.wav,ওই যায় হাসপাতালে দুইজন দুজনে পছন্দ করতো মানে কিন্তু বরুন ধরাত সিরি চাছিল না আর মেয়েডাউনাইকাকেউ দুজনে কেউ কাঠে বলে নাই পূরন ধরন সিরিজ ছিলাম
/kaggle/input/regspeech12/test/test_tangail_0063.wav,বরুন ধরা বানি তা দুইজনে ছে হোটেল ম্যানেজম্যান আর টুরিজমের মানে স্টুডেন্ট মানে না কিরি হোটেলে এখনা জব করে সম্ভবত মুম্বাই কোনো একটা ফাই স্টার হোটেলে ম্যানেজমেন্টের কাজ কখন
/kaggle/input/regspeech12/test/test_sylhet_0761.wav,না মা বন্দি যেটার গর বন্দি বলতে থাকিতে দা খালা না নিজের বিধবা
/kaggle/input/regspeech12/test/test_sylhet_0402.wav,বসর ছাইর জন ঠিকঠাক ফুরা তাকেওই বাসন তা এখন আর্থ ডাক্তারি দেখাইয়া যাগা তাই আনে সহালে টা বিমান দিয়াডাহাক আবার বিকালে ওর হুম ছলা ফিরা এর পুরা
/kaggle/input/regspeech12/test/test_kishoreganj_0091.wav,লুজিকারুডিকা গাছে না বালা
/kaggle/input/regspeech12/test/test_sandwip_0094.wav,একে এইদিকে বিজি
/kaggle/input/regspeech12/test/test_sylhet_0436.wav,তো আল্লা আমার বুঝি গাদি তা ও বুল ডা তুবার এমার যান ভুল কিতা আমি নিজের মুকে খুশি কার ইতা মনো ভা আমি কোন ভুল সম্ভবত ফরে বাবা হ য
/kaggle/input/regspeech12/test/test_narail_0134.wav,মুল ইন্ডিয়ান বা ইন্টারনেট সংসার গাইনি বলিস যেরকম বাড়িথিয়ে মা রে থেকে কোনো জায়গা যাতে পারবি নাই
/kaggle/input/regspeech12/test/test_narail_0094.wav,যদি মনোরবদথন্তলতের সাথে কথা বলা মাইখা কতা আমি কিনতে মি কথা কি তুমি জানো একসময় তোর সাথে আমার যে পরিমাণে কথা হয়ছে তা কান্তারে তে দর
/kaggle/input/regspeech12/test/test_narsingdi_0055.wav,যমশারইমুলভাবে মা র জইয়াস্ফোর্স চারা মানে না খেলা মিস
/kaggle/input/regspeech12/test/test_sylhet_0425.wav,ওর ফরা ডাক লোম তাকি মেডামের জন তা পরিচিত তার বোইন তারা টাকে ডানা কোষনতাই নাবার ডাখাত গা বই ফরে তাইন ফরনের চামারি ফোন মারছে ভিডিও
/kaggle/input/regspeech12/test/test_chittagong_0111.wav,মেসি না তারা আ দেখো আনে হচ্ছে ইতের জ্যামির নাইউমনইরআইডিব যে আনফরানগোলদন মতো ব্লক মাইদেন হে তা তা রেখে গে মেসেজ ফেস বিরাজ করণ বা
/kaggle/input/regspeech12/test/test_narail_0084.wav,বাছাই সেনে জাবাঅং্কশফলন ওর বাবার কাছে রইছে
/kaggle/input/regspeech12/test/test_sylhet_0021.wav,টাইমে বেলা মা প্রতিমার তারপরে প্রথম দিন পজাটাওয় সপ্তমে পূজা সপ্তম পূজা দিন সবাই আমরা যত তিনি তিন দিন পূজা সব ততদিন না কে মার কাছে অঞ্জলি প্রধান পূজা ঠাকুরে করবে
/kaggle/input/regspeech12/test/test_tangail_0028.wav,তুমি আমার সমে দেশটিনি তুমি আমার মানে তুমি আমার ভাগ্যেই লোতারপরে এরকম হয়পরে আবার জোনাথানরছাড়া দুই জন দুইটা ভিন্ন লিপটে উঠা বলে যে আমরা যদি একই ফোরে আবার অপ্রেস করি আমরা যদি আবার একই ফ্লোরে আসি
/kaggle/input/regspeech12/test/test_chittagong_0091.wav,আর কেউরে নাই আরা কলমের কিরম বানা
/kaggle/input/regspeech12/test/test_kishoreganj_0147.wav,যে সব থাকলে যে লুদা শুনি বাংসবজঙ্গে বাহি সবাই জগে বাঙ্গি সবার বাদে বাঙি সবার বাবদ দোষ শব্দ সজন ঠিকানা হন বা কি ক ন
/kaggle/input/regspeech12/test/test_habiganj_0064.wav,আরও কম দামি তা যা মা মারি একটি বক্সে পারতো বরসা অসিছোবি়মরা না হইযে ওই জাগা মার্কেডবান্দবিয়র সাথে গাছের আপুর পরি যেনি যে কি নাই না লাস দাবি তো যে গাছ লাগানি বই বই কিনা গাছ গুলার লেগে অনেক হইছে বই ফুল গাছ লাগা লেগে বাড়িাল দেখে লগে আজাইরা গাছ লাইতোাছেোা কে ইটা লাগা লাগাতেলাান কেটে কিডনাইটজস
/kaggle/input/regspeech12/test/test_barishal_0072.wav,র কানে হিন্দু কিন্তু বাইন অযলাউটাওয়াইতে রং যদি অত তো তে কতা করা কইলা আমি মনে করেন মানুষ এই রমাইতে পারি সাদা কা কুটি লেখিত দিমু একটা কথা যদি কেউ ঘুরাই হেলা ছেরাযে না রেই একটা কাতা মিথ্যা
/kaggle/input/regspeech12/test/test_tangail_0058.wav,বলার টাইম নিয়া নেয়নাি এরকম অথচ আপনি আপনার সারাটা জীবন মানে তার সাথে খুবই রাখছে কিন্তু সে বিদায়সময় সে একটা গুড বালোয়ার কি বলল না এরকম আই সাপোজ ইন্দ্াইনদ্যহোল অফ লাইফ বিকামসারন্যাকটাফ লেটিং গো
/kaggle/input/regspeech12/test/test_kishoreganj_0094.wav,আমাই আমাদের বই তে কেবইল তা না ডাব এই নরি
/kaggle/input/regspeech12/test/test_barishal_0090.wav,তার বাজার অবাক না বাদে নি ভাবি নে সাহারা কারে বা
/kaggle/input/regspeech12/test/test_kishoreganj_0093.wav,হ্যা থাকতো জানি
/kaggle/input/regspeech12/test/test_habiganj_0043.wav,বেশিরভাগই বালা লাগে কিন্তু এয়ারমাইডো আছে একটা দুইটা বাল লাগে না বাংলা যে বেশিরভাগই কিন্তু ওইডে মুবাইল লুইয়া যে বয়েতাহেতালাইয়া যে বোরখায়ুহে ইতা ইডাইনউংলেওই খালি মন য যে না বালা না
/kaggle/input/regspeech12/test/test_sylhet_0431.wav,মানে ২১দিন১৪দি দিনের পর এক নিকি মুখ নিলি তা আমার সিট কাটা দিলে তা পরছে যা তিন মাসর আরেকটা অ ফরে টিপে এক পারসন টিক ওন আরেকটা অপরাসেসাড়ে রা
/kaggle/input/regspeech12/test/test_tangail_0075.wav,শিউলির যা হওয়ার তা তই ই আমরা আশা করি অসুস্থ হয়ে এরকম পরে বরুন্দায়ানজন আই মানে অকে আইসা বলব ওই সময় আবার অক্টোবর ছিল ও শিউলি ফুল নিয়া
/kaggle/input/regspeech12/test/test_chittagong_0077.wav,বিগা মধ্যে আর হইতে তুন আলাদা সকালে তারা কিন্তু বাসার মতো খম বরে
/kaggle/input/regspeech12/test/test_sylhet_0031.wav,বাহিনী দল এই দশ১২ হাজার মানুষ সবাই ১০টাকর১০টা রান কিতা দিত ন বেশি টাকা থাকে ১০০টাখােয় জাজ মনে বিধি হার নি তার নবাবি পূজা শুরু হইল নবমীপূজা
/kaggle/input/regspeech12/test/test_sylhet_0734.wav,পাবে আর দিন বারো আনা বদিন্জাবুজেরা লারার অত্ত তালা আম জামাই বুদ্ধ জনের
/kaggle/input/regspeech12/test/test_sylhet_0345.wav,তখন নৈলগিয়া ভাইবা বিলাই ফিডিসিএসের ভাইবার দিয়াবুকন্দিন রেজাল তাই গল্পন্দিলিটা গেলে বইবো বন্দি নিউ ফাইমু ফাঁকে গেয়া আর টাকা বাংলাদেশ তখন এটা ফাস্ট ক্লাস ১১ হাজার স্কেল ও চাকরি করছি
/kaggle/input/regspeech12/test/test_narail_0122.wav,পরে ওরে খুলনায় নিয়াডমিশন করে তুমারে কালিয়ার স্কুলে পড়াতেবে না না ধান কষ্ট এত ভালো সাইন্সের গা সব চারা ওর খুব ভালোবাসা ছ মাসের ভিতরেই এক মাস ক্লাস করছে এক মাস প্রাইভেট করিছে ছ মাসের ভিতরে
/kaggle/input/regspeech12/test/test_narail_0023.wav,ওই আইসি গ্যাসের খাই চিনে আসে সেইদের সাথে এই রাগা কোনোদিন পরিচয় দে ছোশেষকালেত যে এই ডেসাথেসাইদের সাত ছুটি দেখাতে বা এই যেসাতা খাতা ছোট দিকে কোন কোন তর ছোট মা বাদ ছোট মামা
/kaggle/input/regspeech12/test/test_sylhet_0657.wav,আমার তো দিন যা তো তার লাগিযে চাকরি টা পেনশন বা তা ভাই এই তা পরিবারটা তিন জাতের ব্যবহার করে কাজ্জা করি নাতিনের কালকে ব্যবহার করে কার্যকর বা দি শাসন
/kaggle/input/regspeech12/test/test_sylhet_0723.wav,এত তা তুমরা লাস নিবানি মা ওগে সাহা ও শাহা ও ঠিক টা হ
/kaggle/input/regspeech12/test/test_noakhali_0008.wav,না নে না দেবে সিলেবা হে হালকা দান না কাইলও ঘোলা তবু যান হরা দুদিন
/kaggle/input/regspeech12/test/test_rangpur_0129.wav,কামলা সি আলহামদুলিল্লা আম কিছু ন যা গল্প কিছু কই মালি থাকা রেকর্ড তা কো সমস্যার ভি না সমস্যা কি বন্ধু মানুষ
/kaggle/input/regspeech12/test/test_habiganj_0006.wav,না টাকা দে না একদিনে তিন জন গেছে ওই বাজার তারা দিতে রেবা
/kaggle/input/regspeech12/test/test_sylhet_0586.wav,প্লেট চেষ্টা ফাস পাইরে দিনে দ্য তারফর এখন উচ্চতর ফরা উঠার ফরে আমরা তো বুজি ন আমরা রাখত
/kaggle/input/regspeech12/test/test_chittagong_0084.wav,বেশি না আবারা যা গা না লাই তোরা ক্যান চলের
/kaggle/input/regspeech12/test/test_chittagong_0096.wav,হতম তে ছিলে ফিউদমতচিটাঙগল সবজি এ সিটাং কলেজও সেকেন্ড সেকেন্ড মাডের মধ্যে চলে আছি না কি টানতি
/kaggle/input/regspeech12/test/test_barishal_0093.wav,না কাজ অনেকে গত বাইরি অন্য কিছু বিমা করে কিছু গাছ ক্যান আন্দোলন বেবিনির
/kaggle/input/regspeech12/test/test_barishal_0079.wav,এই আকি কি এই আকি বাকি কাইদা মোবাইলে গরম কিরে আছে গর করি
/kaggle/input/regspeech12/test/test_habiganj_0036.wav,সেবেনও মন ফরি মোহলমা আমি আজকে রান মনে করে আমি কিতা জানি রানছি আমি রানছিলাম ডিম বা জিবর্সিলামার শুটকি তরহারি রানছিলাম
/kaggle/input/regspeech12/test/test_kishoreganj_0070.wav,আমি অতি বালা বহু কিছু নিতে আমিন ইতি়াদাবু আমার তো বালা হ না আমার দিদিমা
/kaggle/input/regspeech12/test/test_narail_0130.wav,আমি অনেক কিউট আমারে মিস করে তারা বলছি সেশন আমারে বলতেছে সমস্ত কলিতাও অশান্তি বাদবেনে ওইতো কি
/kaggle/input/regspeech12/test/test_tangail_0030.wav,জোনাথানকুনের ওই লিফটেপেস করা ঠিকই ছিল কিন্তু আবার দেখা হযেছে যে মা হঠাৎ অন্য লোক আইসা প্রেশ করে মানে একটু এলোমেলো যাই এদিকে আবার জোনাধানের আবার আরেক জনের সাথে ইঙ্গেজমেন্ট ছিল
/kaggle/input/regspeech12/test/test_barishal_0040.wav,লোক বিশ্রি কুনার গাছ কামের লক্ষিণ্তু এবেলা বেল একজন দুইজন পাওন জানালা আছে পাঁচজন সাজানে কাম করে দুই জন মিপামখই ই গজেন কা সমস্যাই কামের আমিতো বাইরা কামে গেলে এই তো হাসান বা যহেদনাগু আমার অনেক রিক্স করছে ভাই মোরে একটা সাতা কা
/kaggle/input/regspeech12/test/test_sylhet_0594.wav,ই কিতা জন হটাৎ টা তামিমিসেন্সে চরিত্র কিতাব থেকে লিমা করা দেখছি এর ফরে আবার শাশুরি লিয়াআইফিং কিনারা আরে
/kaggle/input/regspeech12/test/test_narsingdi_0005.wav,আছে সাকিব আছে দামি মাসে ওয়ানডেতে তবে জায়গা মাশরাফি মত ক্যাপ্টেন
/kaggle/input/regspeech12/test/test_rangpur_0093.wav,জুল লগে রহিত হইছে যদি বারি করবার কেমন খাওয়াদাওয়া খেলেন ভালা খেলার কেমন সকালে বারি যে ভালো
/kaggle/input/regspeech12/test/test_sandwip_0006.wav,গভীরে গোসল নগরে টিকেনা টরারদ্যলসিনি তে
/kaggle/input/regspeech12/test/test_kishoreganj_0082.wav,আমচুকাদামছোমে গা থাকে বাইত
/kaggle/input/regspeech12/test/test_sandwip_0096.wav,কালার জানি দরজা যেমন সুজা নাই হ প্রতি একবার একবার জাতি ম্যালা সকালে গাইবা
/kaggle/input/regspeech12/test/test_sylhet_0334.wav,বোড়তাকে তুমি টার্গেট বডর র টার্গেট জীবনের শ্যুটোকোরবায়না ফাইনানশিয়াল হ্যাল্প লাগে ব্যাপারে একশন চাই না আমি আছি ও আমি আছি আমার কিসুনএকজন আসছে ইতে হচ্ছে আমার সবচেয়ে বড় সাহস
/kaggle/input/regspeech12/test/test_tangail_0079.wav,পরে বাষা স্থানান্তর করা হয় পরুনধাওয়ান এদিকে তার ফিউচার ক্যারিয়ার নিয়ে ব্যস্ত হয়ে পড়ে সে হন আগের থেকে অনেক বেশি সিরি নে গেছে তারপরে হঠাৎ এক সময় ফোন আসে যে
/kaggle/input/regspeech12/test/test_sylhet_0105.wav,কাফর দিনে অসুখ আশ্রনদবাবে যাও বেডি বাসা যাইতে তা লিখিত তখন চেষ্টা হাজে ফান্ড গরটা হামার উচিত
/kaggle/input/regspeech12/test/test_sylhet_0305.wav,তোমরা গিরা করতাম নি না তোমরা কইলে ওকে তো তারা হইলে আছে ঠিক আছে পেটিয়া ফরসে বার্সিটিতে কিয়া বেটি থাকতে হরতে হইলে তো করানি লাগব আমরা একটা সরকার দিলে জল তোমরা টেকলকা দিলেও চল সমস্যা নাই টিছিল
/kaggle/input/regspeech12/test/test_chittagong_0144.wav,কুরবানি হল বিকি একা কিছু ন
/kaggle/input/regspeech12/test/test_sandwip_0064.wav,তবে থাকা
/kaggle/input/regspeech12/test/test_sylhet_0704.wav,এখন অবস্থা খানে আফনার জন্ম জন্ম থেকে জন্য তিন জন করছে
/kaggle/input/regspeech12/test/test_kishoreganj_0075.wav,গা যাইলে ধুমা ফ্যান কেমেরা তুলবে নে
/kaggle/input/regspeech12/test/test_sylhet_0485.wav,যেদিন যে ও দিদি মানি না দে দেশ না তাও বই হাটতে হাটতে দে মেডামে দেদে আবার ননসে বলছে বা দেখলে আমার মেলা মানে বয়ে
/kaggle/input/regspeech12/test/test_rangpur_0061.wav,এরা সবাই দেখছে সবাই বলে দেখবে এটা কইছে সবাই চোখে করবে সবাই আমরা কালা দেছে তাতে দেখি মুসলমানগে কিছু
/kaggle/input/regspeech12/test/test_sandwip_0033.wav,কাউন্টার কেষ্ট ব্যাগ সে আতামাগাখাউননে তাইলে অঙ্কা হে একদিন ফোন মা
/kaggle/input/regspeech12/test/test_sandwip_0105.wav,বেশি বালা মানুষ হেডে স্কুলের ফাস্ট হেতের এগু মান্সের ট্রেনত বালা মেচে ইযেসাহিদার পরিমাণে বেশি
/kaggle/input/regspeech12/test/test_sylhet_0002.wav,এ একটা কর পাচ মানে বিতিবু রিমন এ অস্তভুক্ত সেসময় দুদ ছেলে
/kaggle/input/regspeech12/test/test_kishoreganj_0127.wav,আমাদের ই কুনা ইনো কিতা পলা যে নর্তে যা কে গাছ বা যারে চেক সেট
/kaggle/input/regspeech12/test/test_sandwip_0076.wav,ট্যাবলেটরগাঁল সে দোকান না ডাক্তারে জল কি দুকান দে আরি বিটিরে ঘিরে উদ্দ
/kaggle/input/regspeech12/test/test_sylhet_0262.wav,লাশটের দিকে ওইলো আমার যেন আমি ঋীশিমদ্রান্স পাই আমি যেন শেষ নাম্বারটা হয়েও যেন তা আমারে আল্লাহ যেন নিরাশ করেন না আমি ওখান খালি আলা সাইতামার ফরতাম ই রকম একটা অবস্থান মধ্য দিয়া যেহেতু গেছি বিয়াসাঁধী প্রেম ভালোবাসা অতানিয়া চিন্তা গরার কোন ফুশশ্রতইআমা রাফি না
/kaggle/input/regspeech12/test/test_narail_0119.wav,বাসা প্লাস অফিস নেরা ইয়া আ তুমি থাকলে একটু রান্না বান্না কইলে এবেলা মেটরা কতাম কুরোর আর ভিতে তোর আর বুন্ডি সংসার অশান্তি যাবে না তারপরে
/kaggle/input/regspeech12/test/test_chittagong_0132.wav,বানাবো আরে কল দের না যে মাফুবেগেসনাকে মাসুদ বারতি হি মাসুদা ত বত কে গেই গো কি মাসের আজার না বেল দিতাম হঠাত টিলা ন বাত কিল্লাই
/kaggle/input/regspeech12/test/test_narsingdi_0038.wav,না কালা জীবনে যে লাগে নানু তার সাই দোষ
/kaggle/input/regspeech12/test/test_sylhet_0440.wav,নিজর বাসার যাই খারাপ লাগে না মালিক থাকলে ফরার ফুতাৎগরফরত্যাগ কোতায়ওমানি আমরা আঞ্চলিক বাশা একটা কথা কইলাম গ্রামর মানুষের যিরকম খোজ ইটা তার ফরার বাসা তুমি একটা খারাপ করতে পারে
/kaggle/input/regspeech12/test/test_narsingdi_0077.wav,ইমুন ব্যাকারি সে সালামি ঠুমানেলেগেমারা টা মারা না গান না শুরু বেলা থেকে ছিনি বডর বডর নাকত সালামি ফ্যাক
/kaggle/input/regspeech12/test/test_sandwip_0082.wav,ইয়া মাতারে পানিতে নো ঠিকমত বাইতে আলদা না এডাই কাকি এগুলো
/kaggle/input/regspeech12/test/test_habiganj_0013.wav,আমি বুঝে না লুখাইতে পাই না সরো থাকে কেরা হালে এড়ালুকাযায় দেখছেন বাদে বেশি করা
/kaggle/input/regspeech12/test/test_tangail_0005.wav,ভালো দেখা যায় না তাই অরা নিতে চাইছিল না কিন্তু এডা ফ্রেডিটমান মানে ফ্যডিরেড্যাক টু আবার লাগে মানে সে একটু মন খারাপ করে পরে সে বুঝছে যে নিবো না ও ঘুইরা জায়গা
/kaggle/input/regspeech12/test/test_sylhet_0501.wav,রুজার আগে বেগে নিজেরার আগে একবার দামি এখন তাই না না না এক বই দারা আমরা কার মে ফুরিন বিয়াওয়াদিলে রুজার মনে করো শুভরা করে একবারে জমা শতক পিন্দি দা নিত জাত সবুজ এটা শিবম
/kaggle/input/regspeech12/test/test_sandwip_0083.wav,িরক্তাআরগরা নাস্তা টিমে তেল তুলি দে না
/kaggle/input/regspeech12/test/test_sandwip_0050.wav,আজানা আছেনি জামা এলা
/kaggle/input/regspeech12/test/test_tangail_0087.wav,পরে ইদানিং আমার কিন যদি মনে ছবির দেখি পরে ছবিটা মানে গান করে দেখতে দেহা শুরু করলাম ২০০৭ সালের সুবিডাইসে ই দেবদাসের যে ডিরেক্টর আছে পদ্দাওয়াতের যে ডিরেক্ট
/kaggle/input/regspeech12/test/test_sylhet_0061.wav,লগের ফিটনি করে তাই মজা ওই সিক্সো তারফর ইসলাম আনাম চুর যাই জানু শেয়ার
/kaggle/input/regspeech12/test/test_kishoreganj_0174.wav,নানি হাজতে কিলা মতের তলেরতরতললেড
/kaggle/input/regspeech12/test/test_narail_0064.wav,যদি এটু মানে গারবাধায় সব মাইকখে দখলে রাখতো না নি
/kaggle/input/regspeech12/test/test_habiganj_0098.wav,েউলিয়াজয়না সিলেটে সাদাফাতর সুন্দর ট্যাফের জাফলং ব্যাপার আরও অনেক জায়গা আছে সিলেটের তো বালা বিগনি অনেক সুন্দর অনেক জায়গা ঘুরা যাইব
/kaggle/input/regspeech12/test/test_narail_0035.wav,আনগলিলিদদলির নাই মিশা রইছে না সেই পরি
/kaggle/input/regspeech12/test/test_barishal_0019.wav,না বালা তো বলা বা খেতে চান টেবিলো ক২১দিনসা১০ালল
/kaggle/input/regspeech12/test/test_comilla_0026.wav,এই গিফটাওয়া় অনেক যত্ন কেরা রাখছে দেয়ালে ধুলার সর বাড্ডে তে গিফট আসলে কি বল এটাতো উপজেলার ও উপজেলার আমডারে
/kaggle/input/regspeech12/test/test_sylhet_0053.wav,বেসন ক্লাস আমার বড়বইনালোমন কর সবর বড়বাইএরপরে বইনের ফরে আমি
/kaggle/input/regspeech12/test/test_tangail_0059.wav,বাট হোয়াটহাডসমোস্ট ইজ নট টেকিং এ মুমেন টু এর পরের ছবিটা হচ্ছে বলিউডের তা অক্টোবর এছবিরিলিজয় ২০১৮ সালে আর আইম ডিবি রেটিং ৭৫
/kaggle/input/regspeech12/test/test_kishoreganj_0125.wav,কোটি লোকের অ্যাপটি তুমি বই পাতে ছেন লক্ষ তা
/kaggle/input/regspeech12/test/test_tangail_0120.wav,বিদ্যা নিন্দ তো একটা ফাউন্ডেশন ফাউন্ডেশন পেইস ওখান থেকে হইতেছে সবই বা হেল সাহায্য করা হয় আমার কাছে আসলে ব্যাপার পথ দেছে যে আ
/kaggle/input/regspeech12/test/test_sandwip_0070.wav,করি নিজে কেমেরা গারি হালে থাকেন নারিহেইমানৌষো অনকা জন আর বালা মনো
/kaggle/input/regspeech12/test/test_sylhet_0467.wav,নাইলে দাঙ্গা মনর বিষ্টি উজ্জ্বল তাকি পার মারবাম পড়ে কিন্তু ডাবল ডাবলের এনে তাকলে তো তারা গারি গরিলে তারা ভবিষ্যৎ বিচত টেখা গরি নেটে
/kaggle/input/regspeech12/test/test_habiganj_0015.wav,ইবে সুন্দর না বেডা ইটারে তারাতারি ব্যাতা লাইছে
/kaggle/input/regspeech12/test/test_habiganj_0080.wav,আমরা২বইন৩বাই আর তোর সিলেটর লাকি অবস্থা সিলেটের সাথি এসেসি মাত মারা গেছে যানেলিবার কেন্দ্র
/kaggle/input/regspeech12/test/test_habiganj_0110.wav,আফ্রিকান প্রদর্শন পিকা অর্দশিক পরীক্ষা সময় মেছাবেরার তো বাই মানে প্রেসার ফরিকামফ্লাবায় তবে গুরুত্ব দে না বাট
/kaggle/input/regspeech12/test/test_narail_0116.wav,মজা হামু জানে সেটা কথা আমার বলছেন কত ন তারা তোলে মে একটা কথা বলতে দাদা আমার এসব সম্পর্কে বলি যায়তরুপ সম্পর্কে যাতি কেমনকিছিলি তত দাদা মারে বলি
/kaggle/input/regspeech12/test/test_sylhet_0008.wav,ওপাকে খালি টাহাই
/kaggle/input/regspeech12/test/test_sylhet_0623.wav,ইত দর কিতা বা ওজয়নহরিয়া স্টুডেন্ট হাউজ্জা বেডে কান সারে হইছে
/kaggle/input/regspeech12/test/test_tangail_0046.wav,যেহেতু আর একটা আগে স্পিচ্লএকটাই ছিল পশুবাকীদের প্রতি পরে ওই ওই বাঘটারে বৈঠা সাহায্যে যেমনে কই নৌকায় উঠায় কিন্তু ভাগ তো হিংসপ্রাণী অর্ধক্ষিরা লাইও চাইতাছে জেগিয়েরই খাইতে
/kaggle/input/regspeech12/test/test_sylhet_0718.wav,এটা আপনারা খুন বিশ্বাসে মানা জ্ঞানী গুল আপনারা রা হাই লাগে মানে ইটা না কাহিনী রে নিবার
/kaggle/input/regspeech12/test/test_sylhet_0192.wav,তো সময কারেন টরি জাতি নামাত গ্রাম কাগক রইছিল কারেন্ট ছিল না আমরা হারিকেন দিয়াকুফিদিয়া ল্যাম্পদিয়া ফরতাম তাকে রশি করা লাগতো মালা তার মধ্যে তেল গরার
/kaggle/input/regspeech12/test/test_habiganj_0078.wav,সুজা কলেজে এরিয়ার কাছাকাছি এরে সাইটেফাইডে এলা কিতা
/kaggle/input/regspeech12/test/test_tangail_0031.wav,অল্প কালি পরিবিয়ে কিন্তু জনার খান তো সারা আরো অনেক ভালোবাসে পরে এই ছারা আবার অন্য অন্য মানে দেশ থেকে জোনাথানের
/kaggle/input/regspeech12/test/test_sylhet_0563.wav,এখানে যাওয়াওবেশ দূর্নফুস্কির হুম একটা সাবজেক্ট
/kaggle/input/regspeech12/test/test_habiganj_0105.wav,না এমনিতে ফরসি না কোনান টা বেচে না আমার জীবনে ফাঁসটা মিডা মেয়েচিলাখসাম
/kaggle/input/regspeech12/test/test_narail_0146.wav,ভিসার এসএমএস টা আসলেই যেতে আজগা আসার কারণ কারগাইচবলা যাবে বিচারে বেশি আন্তরিক ঘটনা খুশি অশিক্ষা যে গেছে আমার
/kaggle/input/regspeech12/test/test_rangpur_0118.wav,কারবারিত খাজ চলে বালি দি
/kaggle/input/regspeech12/test/test_sylhet_0690.wav,ছোট বেলা কিতা ইচ্ছা আছে কিতা ইতা আছলা জব্দ করার চাবার বাইরাতারে বার দা চেষ্টা বিচার ফরালেহা হরিরা না বাসা জোতার খেলার তখন করব
/kaggle/input/regspeech12/test/test_habiganj_0021.wav,তার আগে ইবার তির না প্রেম করা তানরে
/kaggle/input/regspeech12/test/test_tangail_0050.wav,পরে এরকম দুজনে অনেক সময় পালি দেয় দীর্ঘ সময় পালি রা এ সময় তারা সাগরের বিভিন্ন দেখে পশু পাখি দেখে তারা বিভিন্ন পশু পাখি
/kaggle/input/regspeech12/test/test_sylhet_0528.wav,লই আসে একজনেক ব্যরস্নাহীন কি জেলা আরও বেশি ইনজ়ডিতাহত্যা ঠিক হর লাতিক আবার মনে কর তাগে আর গ্রামের হরে দেও টিক কসমেটিক কখনো টিক কন্ঠ
/kaggle/input/regspeech12/test/test_sylhet_0556.wav,মানি আর মামা আংটির যে অপারেশন মুর
/kaggle/input/regspeech12/test/test_sylhet_0534.wav,হর্জেপলেইসো ইসে প্লেস সুন্দর আছে করা গে মামানি রকম মামানি তো কবি বালা তানোর বস পুরাণ ল মিশিন
/kaggle/input/regspeech12/test/test_kishoreganj_0120.wav,নিজে কুন কার্তিক মতামত গাছে কাকা গাসটা গাসুনখাকেলা ভেঙ়েভেঙে এক এলাকা সাফে
/kaggle/input/regspeech12/test/test_habiganj_0091.wav,গেলে তোর ছবি তুল দা বেশি বালা লাগে অ্যালেটের দেহ দে বেশি বালা লাগে না মোবাইলের ক্যামেরা
/kaggle/input/regspeech12/test/test_sylhet_0380.wav,কি আবার সস্তা দিনিতে তারার স্কুলও ফাটাইছে সাত না ফাটা স্কুলো ফাটাইতে ওটাল লাগে তারারে পুরস্কৃত করা উপরে দল আমি যখন আইয়াদগোরশি
/kaggle/input/regspeech12/test/test_chittagong_0032.wav,তর তর কি হামার কেনে আছে আছে গম আছে আলাম তারাত গুরে রুডে হালি হালারা
/kaggle/input/regspeech12/test/test_chittagong_0092.wav,বিতরে সুমারতে হুমানতাল্লাহ থাইলে ন আলী সুমা হবার করলে মনোমতে কল ন দলের মেচে দিলাম মেসিরে উদ্দিন আশা
/kaggle/input/regspeech12/test/test_narsingdi_0124.wav,এই এইঢ্যাংডা কইতারেন সিআর এস সি বেন্ডি সিক্সো বার করেনা সিজন টু দে না মাছ পতাকা়ার্েমিলের প্রথম দিকে ফর্মে একটু ইন্ট্রাস্টিনের দা তলগ্রােকদিন১১টি সুদি কেস ছিল
/kaggle/input/regspeech12/test/test_kishoreganj_0003.wav,মাতি হাওয়াদিেি আর গান যা
/kaggle/input/regspeech12/test/test_narsingdi_0054.wav,গরম বার দা মাথা বিশাল কষ্ট তার সা মিলে গোনসম্মাশা খামরাখুলা জাগা তাই দে মা আমাদের মারতাম তাইলে বেটা লাস যদিও কিনার স্যাম সারা
/kaggle/input/regspeech12/test/test_sylhet_0285.wav,প্রস্তাব পাঠাইছে প্রস্তাব খাটানোর ফরে ভাইরাল ছিন্তা করছেন ফিফটি ফিফটি এ দিবা কিতি তানা মানে তারা কোন পানিতে পারে না লাগি প্রস্তাব আইছে লোকে মনে টিরান্ডারের একটা কলের ক্রিকেপাস আতার চাকরি ওলাসঅলভেনডইছে না কোনো চাকরি বইবু
/kaggle/input/regspeech12/test/test_sylhet_0465.wav,টেস্ট নুর মেরিনা পার্কের বর্ণনা যারা এলাকা প্রাহ হে মনে কর আশা
/kaggle/input/regspeech12/test/test_kishoreganj_0077.wav,দেনতআঙাইার তাদের যা যা আর দেখ ফুলা অনেক পুত্র দেখি
/kaggle/input/regspeech12/test/test_habiganj_0049.wav,ইতাউইফাইসিমোখ মক্লেইডউডোফাইসি অত বইটই ও ফাইসি দুই দিন বলসি আমার বাই এ ভিসি
/kaggle/input/regspeech12/test/test_sylhet_0508.wav,এই আমরা টাকা দুলা তলে লারার বেশি পাওয়ারেক মাহমাতাভিরা হিজাব ইতা মানে খান লাগলে আমার ফালা টাকা তুমি আজকে তাহার বেলাই যেমন নডির তাকি এক বছর কি নিস বইডা সরি
/kaggle/input/regspeech12/test/test_rangpur_0094.wav,কার মদ কারবারির খাওয়া ভালো হইছে অন্যান্যা কেমন কিছু মান্যাটা কেমন চে জলের কি কি ঘিরেছে মাস গোস
/kaggle/input/regspeech12/test/test_kishoreganj_0142.wav,কিটনাসক গৃহস্থলী ও হাসপাতালে বজকয়কয়কানা নিনু আসা নিপদার্থবটেয়ার ইত্যাদি মাটি ইত্যাদি মাধ্যমে মাটি দূষিত কি মাকি তুমারে কি কি
/kaggle/input/regspeech12/test/test_habiganj_0090.wav,সাাকেদাহেদকেদা খেদা গেছে হাসো গেছে আমি গেছি আমার আম্মারেলা আমার আব্বা রসুন আমার শুকু বাই গেছে করার চাচাতো বোইন এরা গেছে
/kaggle/input/regspeech12/test/test_kishoreganj_0144.wav,কল কারখানা বিভিন্ন লাখান বিভিন্ন আমি রাতে কেজি মাদে মাজি
/kaggle/input/regspeech12/test/test_chittagong_0051.wav,হন মরা মরা তা বাজি কি হরিমহুয়ালাকে হুয়ার দে বেরা সাই এবার হাসা গুনিজর জফ কিলা আইসে তুললে তোরারে আসামের ন না আগে আগে স্টেপটা হবি দানা
/kaggle/input/regspeech12/test/test_comilla_0012.wav,আকাশের দিকে তাকায় রশি চোখ গুলো উল্টাই রে উপর দিকে সূর্যের দিকে তাকে আছে আর হাত পা একদম ছেড়ে দিছে পাশে মাঠের মধ্যে যে অন্যান্য ছেলে মেলা খেলা করতে ছানা ওরা ভাবতেছে যে ই নুসাইবা মজা করতেছে ওরা ছেলেগুলা হসা সে কাছে দ্যাক দ্যাক ও ধুলার মধ্যে বৈশাখ কী ভাবে আকাশের দিকে তার এইভাবে কেউ ধুলনায় বসে
/kaggle/input/regspeech12/test/test_chittagong_0147.wav,সমস্যা এতক্ষণ দিক কিনর একটা ক কি ফুন করি যাইতাম সাজে আরা হন হামু বগবিলোয়াল্া
/kaggle/input/regspeech12/test/test_kishoreganj_0115.wav,শক্তি মূল উবকুণ্ডা স্ক্তিমূলস সূর্য তাগে আযাতি মস্তহুইকাতা লেক ছাতা
/kaggle/input/regspeech12/test/test_sylhet_0392.wav,আমরা আনতে টেহা মন শুতে ছোট্ট গলি হইতো এখন দেখি
/kaggle/input/regspeech12/test/test_tangail_0074.wav,ওই হাসপাতালে সিলিং আমার কাছে বলে যে আপনি বর মানে বরুনডেবোঝা়েন যে এরকম ত চলতেছে না পরে ও সিলেট যে আম্মা থাকে সে বরুন দন্ড বুঝায় এখন তুমি ক্যারিয়ারের সময় দাউ
/kaggle/input/regspeech12/test/test_habiganj_0062.wav,আমারে আইয়াউল্যাহ দরে কিন্তু ফরাত বইলে ভরে মিচ্চা মধ্যে ফিরতে পারি মা তাহে সামনে কিন্তু ইতারে কিতা ফরাইতা অমার তর গুজা জালা
/kaggle/input/regspeech12/test/test_barishal_0054.wav,আমনে বলতে একটা সেকেন্ড খারাই তে নেই কুটোগুলেন একলা কাইন্ড নামান নিয়ারহেইয়ে গাড্ডা হাই ঘুরে নিয়া চেহারা কালা ওইযে গেছে কাউকে পাখনালান সাইডে তিনি ই কডে হন খুশি হাই কুটাইনে থুইস কাঁলস্থানাইছে পারা জাতা ব্যস্তারমহন ঠাকুর যে খুরম দেশি
/kaggle/input/regspeech12/test/test_rangpur_0004.wav,ওর বেটার পুতে নেকি ঢাইলে
/kaggle/input/regspeech12/test/test_sylhet_0676.wav,শিখা জীবন একটু কোন ফরি কিতা করছেন আপনার মিসময়ে কিছু স্মৃতিটিতি ফ্যান টান দে করে না
/kaggle/input/regspeech12/test/test_sylhet_0333.wav,ফর অথবা ফর আমি দেই মুজিবুর উদ্দীন সাবলম্বি ও তে তখনকার দিলাইও শিশুত করক ন্যাও আমার কাছে বেটি মিমা কর চাকরি বলে বড় চাকরি করার চাকরি করার যেতে সংসার সালামি বর্ণা
/kaggle/input/regspeech12/test/test_sylhet_0171.wav,মনসা মারিও না যা খাই
/kaggle/input/regspeech12/test/test_kishoreganj_0153.wav,পাকা পাতালি লেবু বিতর তা হালকা গুলাপীড়ঙ্গে বিতর্তা হালকা গুলা পাকা পাকা বাতালীলিু পাকা বা তালি লেবুর বিতর তা হালকা গুলা বী়ঙ্গে তা হালকা
/kaggle/input/regspeech12/test/test_narsingdi_0064.wav,কিছু সু আর যদি গণিত কতা গাস গার্লস ইউনোর ফ্রিটিক্ালস জন ড্রাইভার বয়স এ গ্রায়ওভার ম্যাথ সুমন ভাবি এই জাতা আমি
/kaggle/input/regspeech12/test/test_sylhet_0115.wav,মানে ছুটি কি মারি টুকি ফেলাই আস্তা দিনে লেগে খাম বাই বর্ডার তাহিত এক ছোট শুনাই আস্তা দিন দে দুই ভাই বোলান দে থাকতাম
/kaggle/input/regspeech12/test/test_sylhet_0693.wav,মা ঘটনা আপনার এখন ছ দিন আর নিজির এটা হচ্ছে একটা আঞ্চলিক ভাষা ন একটা রিসার্চ গবেষণা ফেনাক আমরা বেশি বেশি ইতে আপনারা আঞ্চলিক ভাষা ফেলেটিভাশা আর থাকতো না এনতে আমরা গল্প করতে এমন কোনো ইনফরমেশন দরখার নাই যার খালে আমরা শব্দ গুলা দরকার ভাষাগুলার বৈচিত্রলতা মোবাইল
/kaggle/input/regspeech12/test/test_sylhet_0212.wav,তে বাই অলাতত্বলৈশন যা দুই তিন চার গ্রাম প্রতিদিন যাগিয়া প্রত্যেকে হাত থেকি না মুন ডইয়ারালিয়া আইলা আমরা বুইয়া ইতা দেখি গ্রাম কতজন লিস্ট ইতে কুনখুন গ্রাম শেষে শেষে আছে লিস্ট
/kaggle/input/regspeech12/test/test_chittagong_0172.wav,বালা লাগে খালামনি রেখে ন অন দাইর গুরি সাইর কালা না
/kaggle/input/regspeech12/test/test_sylhet_0136.wav,নিজেরা যাইলাম এখন হঠাৎ করা সাবেড়াদিলেই
/kaggle/input/regspeech12/test/test_comilla_0017.wav,মাও দূরে গেছে যাওয়ার পরে ও মায়জ মা জায় দেখেছে উনার মে পরে সাথে সাথে মানে সারা সবাই মিলা ওরে হাসপাতালে নিয়া যায় কিন্তু হাসপাতালে যাওয়ার পরই ডাক্তারক মৃত্যু ঘোষণা
/kaggle/input/regspeech12/test/test_rangpur_0112.wav,লাইতারে বেরাছেরা বোঝা বডর সব বল বেরি জিরে থাকি বডর
/kaggle/input/regspeech12/test/test_kishoreganj_0010.wav,গুরাগারি মেলা আসক্তি বেশি না কোই মাদার
/kaggle/input/regspeech12/test/test_sylhet_0355.wav,পরে তো আমার বাচ্চা শুক্র বইল আলহামদুলিল্লাহ অনেক হেঁতি আছে আমরা আসলে কনযুগাল্ায়কে শূন্য দিয়া শুরু করছি বুধ বারা মানে তাইনোর দিক থেকেও কোন প্রত্যাশা আছে না আমার দিক থেকে না আমরা অনেক
/kaggle/input/regspeech12/test/test_rangpur_0014.wav,ধুল মধ্যে বন্দী বলে কি বন্দ সবুজের বা সবুজের সেমাই চিনি আনো
/kaggle/input/regspeech12/test/test_kishoreganj_0018.wav,পাকা দিক না নি না কাম কার আনুন জানাই যে এখন গাত তা যেছার এখন স্থান
/kaggle/input/regspeech12/test/test_sylhet_0405.wav,ইতা সমস্যার আক্রমণ যদি আলহমনরয়ছে ট্যাকা তার মনে যে কাজ হয়েওাওনেওখান বা বলে কি খুব বাল
/kaggle/input/regspeech12/test/test_sylhet_0242.wav,বা আসলে জিদে ইতে ইটা আসলে বিয়ের ব্যাপারে আমি খুব উৎস বিলাশ না
/kaggle/input/regspeech12/test/test_noakhali_0023.wav,মামা আজা জন
/kaggle/input/regspeech12/test/test_sylhet_0536.wav,একবার আই আব্দুস তার ক্যা বনা যে
/kaggle/input/regspeech12/test/test_chittagong_0115.wav,মাইখা তারা মাইসা কিরে কিছুত হুন হরতা ইতি ব্যাট ন ইটেক বেটার ন
/kaggle/input/regspeech12/test/test_sylhet_0423.wav,তা ফরে দেখ আমার হিনো১২ ঘন্টা বারো ঘন্টা দুই দিন পাশ লাগি তারা বুলই বিষয়ও জানে তারা আর বিশ্ব জানি কিন্তু ও
/kaggle/input/regspeech12/test/test_narsingdi_0075.wav,কবানেসনাই্যসনাই বস নাই দেস না মারা দিসে টাকা সত্য
/kaggle/input/regspeech12/test/test_narail_0053.wav,জমি উদ্ধার দেওয়ালমা যাইলে একা জি কত নাম্বার দাগে
/kaggle/input/regspeech12/test/test_sandwip_0112.wav,আইনে আত্মবিয়ানেরও কিসে এক বছর মাত স্কুলে হাইস্কুলে ওহেনজিজারান যে সুদানির রিশকা
/kaggle/input/regspeech12/test/test_sylhet_0079.wav,তাই এমন অবসর সময়ে কুনু সও কোক আছেনি একজনের তো এক ধরনের শখ থাকে মা
/kaggle/input/regspeech12/test/test_kishoreganj_0051.wav,গরু বাসুকিন্তানিয়া বাজবোয়ায়
/kaggle/input/regspeech12/test/test_narsingdi_0004.wav,হারা ফিসে না হইতে বাসা দিছে কিন্তু আর যখন ঢুকছে দলে তখন থেকে কিন্তু খুব তবে বাংলাদেশের মধ্যে মাসা ফিরা খুব মিস করি উচ্চ ওরে ক্যাপ্টেন সিং
/kaggle/input/regspeech12/test/test_sylhet_0211.wav,ইউনিউনোরভুটাি তো ভোটার তালিকাকরা গুরতায়িত্ব প্রসাড়তাইন হিসেবে এসেসি বা ফুরে ফিরি ফিরি তাখার তাইনোর যে প্রাইমারি স্কুলে সার সারে দিছে যে তথ্য মইয়া গ্রাম থেকে আমি
/kaggle/input/regspeech12/test/test_narail_0032.wav,নি তাইনে চৈটুকেবিছানা তরচে স্কুলের নামে জেরা দিয়া গেছে টুক স্কুলে নামে স্কুল পাবে স্কুলে নামে ১১ শতক ও খুব বাদে শিববাবু জমি আছে
/kaggle/input/regspeech12/test/test_barishal_0061.wav,এক ১০টা সিকারেট খালি এখন হাই দশটা সিক্রেটের দাম দেশটা তাই একদিন আমি মনে কর এক নিজে নিজে চিন্তে করছি বির পরে ওই সময়ও কিন্তু খাই এহন একদিন চিন্তা কলাম যখন আমার প্রথম পোলাডা হইলো এটা ছিনি চিন্তে গেলাম যে দৈনিক দশটা সিসিকরেটের দাম দ্যাশ
/kaggle/input/regspeech12/test/test_habiganj_0077.wav,কবিতা মহিলা কলেজে সচিত্র কলেজ আছে ইকানে স্বচুত্রকলে স্টাটকুনেরিয়ার মধ্যে ডেলি নবীগঞ্জ হবিগঞ্জ
/kaggle/input/regspeech12/test/test_sylhet_0607.wav,আমাক লাখ টাকা জন ফুরো থাকে নে বে গেছে ফুট আমি ফৌরো ও এ ফরলে আমি তো ইটানিয়া বেশ প্রসঙ্গ খুব এক্সাইটেড আসলাম তরারে জাভা দিতেসবাইরে জানার জানা যারা যারা আম তলা নাই বলা দেশ
/kaggle/input/regspeech12/test/test_narsingdi_0104.wav,খালা ফিলি দিন কেমনে মনে বোইন বোইন বিশাজার এরা জাস্ট টা কি কই দেও দে আমি আমার ত কেরা বানা গেছে গুরাধুদের মধ্যে কফির এল্লা ব্যানার আগে
/kaggle/input/regspeech12/test/test_rangpur_0003.wav,যে বস্তি বেলার বেডা উডাগাোসতে মা কেগসতাকবস্তু আছি
/kaggle/input/regspeech12/test/test_sylhet_0169.wav,বুকে তে এখন যে জিনিসপত্রের দাম এখন যে ফেরাসাহয় ফির ক্ষমতা দাম কিতাব আই
/kaggle/input/regspeech12/test/test_sandwip_0107.wav,আনে সুরমা রাখতে এখন দি আই কোনোদিন হেরাই গতা কইন দুই ফাস্ট পূর্ব তরুণ রং এক এবং গোন সাভার তারপরে নব্বই হ্যাতে পেরেছেন আসমা ফার হ লাইন যে বিকম হাস
/kaggle/input/regspeech12/test/test_sandwip_0065.wav,কি মোবাইল তো তার রাখে দিল মা চালাকি লা আলা তুই যাবি গরিত বাফের কবি নিয়ামায় অলা আসন ছুটানি তর পূণ্য বুদ্ধি
/kaggle/input/regspeech12/test/test_narsingdi_0013.wav,প্রিমিার লিগগুলো খেলতেছে রূপগঞ্জের হ খেলতাছে ডিপিএল এই ডিপিএল কথা আম পাইরা কি সিদ্ধান্ত তে আউট হইলে উঠেনউটন়ডাও আউট দিতে
/kaggle/input/regspeech12/test/test_habiganj_0063.wav,এমন কোনো খাম ঘাস করছি না দাদো মানে সব কাজে মা বাবার ফরয়েওইপরি এয়ারফোরেও আছে নানি যদি একদিন একটা বুলবুলি ইসলাম স্কুলো গিয়াসিরা কলেজও স্কুলনা কলেজও গিয়া আমার বান্ধবীরা এরার যাইতো মার কে বাজাই তো এরা বলে যা মোহাম্মদ কিন্তু আমার হাতে হাজির আমি মা রে না হইযে ওই এটা জামাই না সাম মোজা মা ডার দা আমি আর নালি বেশি দাম দিয়াচামাডা
/kaggle/input/regspeech12/test/test_sylhet_0246.wav,চার্জার করতাম বাইরে একবার আরেক বাগে দেখাই তা ইবাই টিউশনি করি আমার হুটেল ফরস কাতাই ইরকম অবস্থা নাম ফিল করতাম জামান বাইত তে কষ্ট করি আমারে পার নি টেখাত দে রাতকে একটা দি নামি কাজ করলাম আমি কিতা ফলা আম এটা সব সময় বেস্ট নি মতু হুস্টেলতা হবে
/kaggle/input/regspeech12/test/test_sylhet_0680.wav,লাগে আন্টির ইচ্ছা কিতা এখন মানে
/kaggle/input/regspeech12/test/test_chittagong_0100.wav,দে বাই আর সুনা ওসব বেডির মধ্যে মানে মোট বেশি তান আলো মত ভালো কি বিং ইংলিশের মধ্যে মনে ফারবানি মধ্যে কেরা হ
/kaggle/input/regspeech12/test/test_barishal_0062.wav,দশশো টাহা যুদি মোর ফ্যামিলিতে বাসে মোর কাঁচামালের বাজার জামাই লারার খাম এই ছারি দেশি এই যে বিরি সিক্রেটের মধ্যে যদি কোনো মানুষ কইতে রতের নেশা আছে আল্লা আমার চ্যালেঞ্জ অর্ধাহাইতই বেত কুন্তা কার নেশা আমি মনে করেন অ্যাকটনা
/kaggle/input/regspeech12/test/test_habiganj_0055.wav,মা সপ্তা দেহাই হই দিচি কইসে বলে বালোইছে এরর দিকে আমরা বারি যন মারতে শুটকি তো হার যে ভালো ইসে অহন মা কতই৬িদহারি রান মার্তিকাতুই বালা হজার আন এরফরে ইতা হরতে হরতে ওই আস্তে আছে না মা যে তাতে তার আনে না নিলে হাজার আস্তে তে সবই ফারি রানতাম খন আর কিতা খই মুন অখন রানতাম রান তাও কইয়াছেই যখন আমি এমন জামেলা ফরসি এহন দেহা
/kaggle/input/regspeech12/test/test_sylhet_0529.wav,সময এই তখন ভয় লাগে তে অনেক অনেক কিতাত যার লাকোউন্ডবেশি না আমার সময মার অবা সমে
/kaggle/input/regspeech12/test/test_habiganj_0117.wav,ও আগে সস্তা আছে লেখন মুটামুটি দাম আছে একলা ইসলাম এবং তোমার যে দাম সি দা পরিমাণে আমরা মুটামুটি ফাইতে শীত সিজন আছিল তো সস্তা
/kaggle/input/regspeech12/test/test_kishoreganj_0029.wav,দু অ্যান্ড কিন্তু আনি এক দি আমার আসি তে বাল্লাগে
/kaggle/input/regspeech12/test/test_sylhet_0451.wav,মলি সারাদিন কেমনে খাটে বেগুন তাকি এখন মা এখন আস্তেধীরে বিষ্ণু পত্র গুসাই ফরে গরডোয়ারে টোজা যা
/kaggle/input/regspeech12/test/test_barishal_0043.wav,আডিবেন্সি ও খালি ধরি টানি জাগা এই ডুট কাম করছে হেই কাম করা যেই সমস্ত ব্যবহার মূলা করছে হেই ব্যবহার করা লই গেঞ্জাম বাদে ও মনে কর মোরে কয়দারিরডার কইসি কুডখিনতে মানা করছে কুরকির্নি গরু কল তা ই কুরো হুকুম পাইছে কইছি না মর ত মিটার গেছে গরমের দিছি একটা সরখার লাগাই
/kaggle/input/regspeech12/test/test_chittagong_0122.wav,বৃষ্টি বৃষ্টি পরের এহন দুনিয়োগগই আরামে মুদের অলা পরিক্ষা ছেলেদের
/kaggle/input/regspeech12/test/test_sylhet_0296.wav,হু কথাবার্তা ফাঁকা উইকেট তখন ই জায়গার মজার জনের শরম দেওয়া কিংবা গলা সাইকোলজিকাল বিষয়গুলো যদি অ্যাডচাস্ট করে না তখন তো স্টার্টিং টেও নেগেটিভ জিব আমি ওখন আমি ভাবলাম যে আসলে
/kaggle/input/regspeech12/test/test_narsingdi_0133.wav,ইন সান লাগব ঠিক আছে কিন্তু তর সার আমরা কে দুষ্ট দুষটা বাবা যে দুষ্ট পাত্তা করতা টু আল্লাহ দিলে আল্লা দিলে বইন বুরা বড়এধরাারাআমা গা থানার নামান সেরের চাইল ঢুকলে ট্রনিকদিয়াি বইন
/kaggle/input/regspeech12/test/test_narsingdi_0066.wav,আমার ছুলা বেশি বালা মেলি ফ্রেন্ড গাবা ফ্রেন্ড ইসলাম ৭৭১৯নএডিয় সাদিক
/kaggle/input/regspeech12/test/test_habiganj_0074.wav,ায়উদায় সময় নষ্ট বায়াককির কইকিতাকৈতা একেবারে জীবনটা এই যে একবারে অল সলে সে হারাইতেছি আইতেছি
/kaggle/input/regspeech12/test/test_sylhet_0762.wav,দাদু নাতি মানে দেড়বছরবয়স থাকে বেলাত
/kaggle/input/regspeech12/test/test_sylhet_0386.wav,লাগের খতটুক সময়লাগবএকার নে মিটালি কমাইনা লই খতা কইলাম যে একবারে ইদ গ্রাফতাদে়া গি়াশেএষমত
/kaggle/input/regspeech12/test/test_noakhali_0017.wav,দিন লই এক জ্বালা লাগে না তুলে থেকে বাদ্দাও আনা তে
/kaggle/input/regspeech12/test/test_sandwip_0017.wav,হিসেব কিতেব একদম নাই বেশি একদম ব্যা অলি জামা এগুনের কোন
/kaggle/input/regspeech12/test/test_kishoreganj_0067.wav,মুখি আগে আগে আগে তুলগা যা যা গা কইত্তা হর বাই জমির এল এলেততৈতাম
/kaggle/input/regspeech12/test/test_chittagong_0072.wav,পাবলিক মা দেওযার তো বস্তা ইত্তারে রাত বেলে হ তার ফরা লাগার মামলা কিছু ভালা
/kaggle/input/regspeech12/test/test_sylhet_0298.wav,তাইনু আমি যতটুকু জানি তাইন তখন টিউশনি গুরিয়াপত্তা গ্রামীণ ব্যাংক থেকে শিক্ষা ঋণ লইয়া বাবা মারে দিতা বাবামানবদিতাতে কাজেই ওরহম সোলবেন্ঐশীন্যা পুরাপুরি তাইন
/kaggle/input/regspeech12/test/test_rangpur_0127.wav,কল মশা গালি জেলের হালা কানি বা
/kaggle/input/regspeech12/test/test_narail_0015.wav,তুই আমারে টাহা দিস না তর কা থেকেও শুনতি গেছেনি তুই টা দিস না তুই ক্ষতি কিছু কিনে নিজে আমি এরকম ঢা জিতা আমরা সহ রহম আলি ই বাবলু সরা বাবলু রেভিলি কি বাবলু তুই বলে টাহা নি ফিস তালি টাত টাকা কই গেল আমরা তো মাসে ১০ হাজার টাকা আমার কথা ক
/kaggle/input/regspeech12/test/test_chittagong_0057.wav,তরমুজ হতা ন না কেন হাই টেকা চলতে হ রাতু মাইনের শিশু পাশদে চাই তারা লাগা বাবা
/kaggle/input/regspeech12/test/test_sylhet_0088.wav,আর আপনি ফলে হলো দিন বাদ
/kaggle/input/regspeech12/test/test_kishoreganj_0100.wav,মুস্কোকিকেয়াবাত কি
/kaggle/input/regspeech12/test/test_sandwip_0085.wav,এক সমের মাথা মিলতো পুরো দেখতে ছুলইআনেররাগকে মোবাইলে লাই
/kaggle/input/regspeech12/test/test_tangail_0039.wav,তার পরিবার থাকে ইন্ডিয়াতেই পাই প্যাটে দেই ফান খানের পরিবার থাকতে ইন্ডিয়াতে তাদের একটা নিজস্ব চিরিয়াখানা আছিল ও পশুপাখির সাথে রিফানখানের একটা স্পিচুয়াল একটা কানেকশন ছিল
/kaggle/input/regspeech12/test/test_sylhet_0352.wav,তখন দিজিয়াগোজে চা টিকা তামাকের দেখা হলিও গাদি দিল্লকে দেখা করলা নাটকের পরে দেখা গরার পরে ওইলো যে সিলেট সুনাম কুন পোস্ট ফাকা না যদি টাকা হা
/kaggle/input/regspeech12/test/test_chittagong_0156.wav,অনার্স রান কিনে পয়েন্টলোএর জিবি জন কি সাইন অনার যদি পয়েন্ট হ সাইন্স তুল নিকি সাইন
/kaggle/input/regspeech12/test/test_sylhet_0303.wav,মার যত বাড়িত যাওয়া লাগে না তখন তো মা সারে গামি মাতলাম যে আমার কিছু লাগতো না আমি ইউনিভার্সিটির পরাটা শেষই গেলে চাকরির প্রিপারেশন হইতে আমার কিছুটা টাইম লাগব আমার একটু টাইম দরকার ইনটানটামি বারির যাইতাম
/kaggle/input/regspeech12/test/test_sylhet_0416.wav,বাচ্চারার মতো ডাইবার ফিন্দি আমি তাকি প্রতিদিন এক বেগে ফেমপাজ মনে করে তোমার ৭৫০টাকা প্রতিদিন আমার এক বিনে করাইতে ৭৫০টাকা পরে
/kaggle/input/regspeech12/test/test_chittagong_0171.wav,বাল্লা দেশে কিতা তখন তো আগ্রহ সমে লারকি
/kaggle/input/regspeech12/test/test_sylhet_0608.wav,এরা তো মেবি যার সবগুলা জানাই মা হালকা তো একটা ডে দিলাম নানি এখন মিডা দেখা সন্দে হাঁটা এলাও কিতা হরে টাম তবে কিন্তু নাই তে না মাথার
/kaggle/input/regspeech12/test/test_narail_0169.wav,নে সিং বাংলাদেশে তাকতে তাহার কোন আসিন ধর আবার আসে দেহান একসাতে কোন রকি পারে
/kaggle/input/regspeech12/test/test_barishal_0055.wav,সালাম গেলে ফারি ত লস খান্ডাখিসে দুদিন এহন কষ্টেরজিনে যদি ঠ্যাং না চাইয়ে বইয়ে থাকতাম হান ও তো আর ধান দাইছে মুহিদশদিন বলে থাকলে মর কি তো মুখি না খাই মরতাম থাকতাম না খাই়া
/kaggle/input/regspeech12/test/test_sylhet_0537.wav,আমি আমার মার সাদিয়ারে
/kaggle/input/regspeech12/test/test_tangail_0026.wav,কিন্তু সারা এই রকম ভালোবাসার বিশ্বাসীনয় সে সোলমেট বা ডেস্টিনিতে বিশ্বাস করে সে মনে করেন যজনাথান যদি তারি হয়ে থাকে তাহলে সে বারবার তার লাইফে বিভিন্ন সময় বিভিন্ন ভাবে আসবো তাই সে বিভিন্ন এক্সপিরিমেন্ট করে যেমন জোনাথান ছারা দে
/kaggle/input/regspeech12/test/test_rangpur_0036.wav,ডিম লেবুর চর দে বু খরের আগে দি গরদর দারা তার করা নে নিষেধ কাটা আলু দে আলু ডেলি বুটকেখায়জা পইল শরীরে কিছু এনার্জি মানুষের ইতের সময বুট খাওয়া আসি
/kaggle/input/regspeech12/test/test_kishoreganj_0073.wav,দাদা জানে পদান কোনানে পরে
/kaggle/input/regspeech12/test/test_kishoreganj_0122.wav,মিল ফ্যাক্টরি বা কারখানা ম্যাগের তুমি দাদারা তানা গন্দ লাগা বিভিন্ন জনে আবর্জনা ইলা আবেদন করে গন্ধে
/kaggle/input/regspeech12/test/test_sandwip_0028.wav,হালাও এরা হইসালা লাল ফরালাকরি ডাক্তার ইঞ্জিনমারা বিদ্যাশ্রমে থাকে মা এই ব্যাপারে
/kaggle/input/regspeech12/test/test_sylhet_0102.wav,তিন বেলা গাদুর রান্দে না খা ব্যবস্থা মাস্টারি তা অব সি তাইনের বি গেছে বি সি এস বি হইছে ক
/kaggle/input/regspeech12/test/test_rangpur_0072.wav,মা মাসি বানা হলিও গুলগুলে এক পা মুই মাছই লাউ জলে মাছবাহিকরম না যে কাইলকে মুই লাউ লাউ বাইতেই দিন
/kaggle/input/regspeech12/test/test_kishoreganj_0027.wav,গা কি মরা সামলাজিয়া রেনু ফুপুর নুনু নজর বলতে যে এন এক এই ই কিন্টাগাট আরেকজনের একটা
/kaggle/input/regspeech12/test/test_rangpur_0013.wav,না গান নাতি করি দে ওমা হিন্দু করা
/kaggle/input/regspeech12/test/test_sylhet_0027.wav,াায়িত্বনে় পুরুত খোঁজ কই দায়িত্বনিমতো কমিটি সব খুশি নিরা সার্বিক মা কাকিতা আদাদিয়ে নেয়ায়এ সবার খাতে চালা নিব নিয়ামেএকক না
/kaggle/input/regspeech12/test/test_sylhet_0483.wav,বুজা তারা নাই তো বাচ্চা মারা যাই ফন্য পুলিশ মারা আমরা বিশেষ বাচ্চা আগে যাইস কৃষকের
/kaggle/input/regspeech12/test/test_rangpur_0078.wav,এদেন খুন হইবে দেন খুন হইবে এদেন খুন ওই পাশের জমা দেশত ভালো লাগে
/kaggle/input/regspeech12/test/test_narail_0143.wav,সুকে দিলাম কন্তে তো মনে করে থাখতো আমি গতবার যখন ইন্দি আসছিলাম তখন গতবার গাইছিল তহন তোমার আমার কাছে আসার কথা ছিল
/kaggle/input/regspeech12/test/test_sylhet_0014.wav,পূজা করিয়া তার পরে আমলা প্রসাদ টা খাই তাঁতের শেষ বুজারে সন্ধ্যা সংকর নি সন্দাড়াজ্জ করা হয় তার শান্তি তন সে ধর্মী উজিমে ধর্মী গান আছে না মার শ্বশুর গান টান নিবেদন করে না পরের দিন নাকি
/kaggle/input/regspeech12/test/test_chittagong_0029.wav,না না বলে কি হর হরিনহর মাননি গরে ইতি তিন যাও মোবাতে
/kaggle/input/regspeech12/test/test_narail_0142.wav,না উর এদের সামাল কথা তা তো হবে না তুমি আসো মারে দেখি না মেলাদিন হে তার সাথে সব সম্পর্ক সুক দেছে লই তারা দে লাখ কিপা
/kaggle/input/regspeech12/test/test_kishoreganj_0136.wav,এ দেশে ফলে হক রকমে ফল আধুনিক সূত্র কলা
/kaggle/input/regspeech12/test/test_sylhet_0225.wav,তো আমি পরে আরম্ভ করলাম করতে করতে মেট্রিক পরীক্ষা ও দিলাম মেট্রিক পরীক্ষা দিতাম যে আমরা তো গা তা কি গাওত কি শহর হাইয়া পরীক্ষা দিলে তোমার ও টাইমে পিচটা যা পরীক্ষা দেওয়া যাইত না শহরে থাকতাম কইন
/kaggle/input/regspeech12/test/test_habiganj_0097.wav,সিলেট তোনেকবালাবালা জায়গা আছে সাদা ফাতর দেহাআমি আবার তো অনেক শ্রমিকরে যে এককসময় যে যাই তা সাবাগানে
/kaggle/input/regspeech12/test/test_narail_0095.wav,মালো সম্পর্কে রকম কথা বলতে ােমানমিতদেরে ফেলাইছে এই মাসে আমার সম্পর্ক ধুমার কত কথা কেউ জানে না থা নি আমি এখনো কথা শুনি জামা সাততো তোমার
/kaggle/input/regspeech12/test/test_narsingdi_0102.wav,বিকি দি টেডি এটা লাইগা নামে বারি সুমা ফাশা টাকা দে ট্রাই লেখা
/kaggle/input/regspeech12/test/test_rangpur_0109.wav,পাথাকুরিনিয়ে দেখলে গেলো ভাই চোট্টামি থাকতেই ভালো ছিনে উতলা মানে ঢাকা নেয় খিলেছিল খুবল না
/kaggle/input/regspeech12/test/test_kishoreganj_0032.wav,না মালা কালার নাই
/kaggle/input/regspeech12/test/test_sylhet_0597.wav,ভি নানে সহিংসতা অ্যাস ফারস কেক আহাহা গোটাভাণ্ডারায দেখাআমি হালকা সত্তুর গেলা বিটা বি
/kaggle/input/regspeech12/test/test_sylhet_0081.wav,আমি তো বেশি আগ্রহ তে তো আরও বেশি পর মানুষ পতম পরতাম ন তত এখন টিচার বার আগ্রহ তা বালা পরাটিচারেেলেত ফরা
/kaggle/input/regspeech12/test/test_barishal_0078.wav,ধরি উল্ডা বলে
/kaggle/input/regspeech12/test/test_sylhet_0632.wav,ষার কারিকুলাম ইতার বুলে জ মাত্র হয়টাসাবজেকট সাইন্সার্স কোমার পজিটিভ ইন ইমপেক্ট করবা নি গেট
/kaggle/input/regspeech12/test/test_sylhet_0074.wav,গনতাদিয়া শুরু য আসি দুর্গাপূজা আমি দিন বুজে নেন তুন দুর্বলা দুর্গাপূজা এরপরে দুর্গাপূজা পরে পরে কিতা দুর্গাপূজা
/kaggle/input/regspeech12/test/test_sylhet_0259.wav,এর মাঝে খই আমি তো আর সিটি পরসি যেই প্রাইআগে হাইস্কুল ডেটা ফোর্সিওাইসুি বিজ্ঞপ্তি দিতা আমার পারবিিজিওটো লিমিটে গেছে স্কোকটাচামিত শক্তির মাঝে আযাপলায়ও করতে পারতাম না
/kaggle/input/regspeech12/test/test_kishoreganj_0054.wav,জনে দো কুলে লামাইন তাফর কা শেষ বকছে তবে কি কিছি
/kaggle/input/regspeech12/test/test_sylhet_0587.wav,তাকি বের হন কলেজ বেটার কে রে বা পাম দিছে সে সেও না নারচি কিতা করে দাতের যতটা দি না সাইরা যা জেরা হাতে এমন ঘরে ঘরে প্রাইভেট প্রাইভেট প্রহারে ন গরে মাখা খানদে মানুষে কিছু টা ধোকারে এখন সাই
/kaggle/input/regspeech12/test/test_rangpur_0046.wav,জনি হরে না হে আসে এটা হিতারা
/kaggle/input/regspeech12/test/test_sylhet_0750.wav,আপনারা এখানো জোবানে পূজা আর্চনা কে তাকে তাও
/kaggle/input/regspeech12/test/test_tangail_0027.wav,নাম বারটা দেয় পাচ ডলারের একটা নোটে তহন ছারা এটা দিয়ে এটা যে একটা বই কিনা ফেলে বই কিনা ফেলে তহন নটা যে দোকানদারেরা এই দোকানদার থেকে ও আরেক জনের কাছে আরেক জনের যে রকম ছড়ায় দেতে থাকে আর ছাড়া বলে জোনথানডে বলে যে এই নোট যুদি আবার আমার কাছা আছে তাইলে ভাবমু
/kaggle/input/regspeech12/test/test_kishoreganj_0124.wav,লাকি পাকৃদিগ্যাস কয়লা ইত্যাদি ব্যাবকয়লা ইত্যাদি বা সুপ৫৭আলচে৪০
/kaggle/input/regspeech12/test/test_narsingdi_0117.wav,ভই টা মাস্টার বিস্কানব্যথা করলে মাই ইনটিউলেশন ঠিক
/kaggle/input/regspeech12/test/test_narsingdi_0058.wav,এর সত্যি গলা যে মাতাত দি এ বছর কার্যকর বাকি সাবেক নি উগার কইতারিনা
/kaggle/input/regspeech12/test/test_kishoreganj_0187.wav,পরে চিনে মাটি বাগি বল পুঁটি পানি দোষনি কারণ মা নদমানদবা
/kaggle/input/regspeech12/test/test_kishoreganj_0194.wav,বাইদে মি দেখা বালিকা দা ইত্যাদি ইত্যাদি সরানুপক্ষে কি বলে কিতা সংবকেকিবে
/kaggle/input/regspeech12/test/test_sylhet_0591.wav,দিন থেকে অক্টোবর থেকে মোটামুটি মোটামুটি তিনদিন তারা এর আগে
/kaggle/input/regspeech12/test/test_chittagong_0135.wav,ফুকে হতাত যুক্তি আছে হাবা মাননি কিন্তু এর আগে যা আসি টানার বেলা গার পর পর বানা মরা যা বর ফরহিড্যান্ডে উর তারে তুরা লৈ তো আবি ফ্রেন্ডরা হুল তারিকে নিতা
/kaggle/input/regspeech12/test/test_narail_0112.wav,মারার পি তুশি সংসারে কিন্তু আগুন বেডে যে আল্টিমেট অন্তরে আমি তোরে মেটা কথা কই লিখে রাখ ওরা রমা সংসারে গন দিন আগুন ধরবে না
/kaggle/input/regspeech12/test/test_chittagong_0052.wav,তিতা ভাই কি হুম ওই হায়ানা না কি ডাইনি হইবে এগে নেও তুলে সারা জব
/kaggle/input/regspeech12/test/test_sylhet_0339.wav,ছেলে ওই বড়োটা বাসা আসলাম পরে আবার পরীক্ষা ডেল ডুইল সমো আমার তের বয়সই গেছে তিন মাস এখন তিন মাসের বয়স্তব্রেস্ট ফিটিং টাইম
/kaggle/input/regspeech12/test/test_narail_0166.wav,গালি ত আরো কতকানে এমন মন্ডগাছে করে
/kaggle/input/regspeech12/test/test_tangail_0041.wav,একটা বাগ কহনো মানুষের বন্ধ হইতে পারে সেইরকমভাবে সবকিছু ভালো চুলতাছিল কিন্তু প্রশাসন এনিমেল রাইটসের কারণে নাকি কি কারণেই ঝুডা মানে বন্ধ করতে হইতাছি
/kaggle/input/regspeech12/test/test_habiganj_0057.wav,একদিন এমন লন দিসি একটু বেশি ওই ডিসি কিন্তু অত বেশি ও না কিন্তু লবন ডা বেশি সে ইতালি আমার বাবা হয়ডেললিতো তুই কত বালা হইরের আমার আজকে তুই কেরে অত লবন দিলে তর মা কি তে লবন দিয়াদিছেই আমি হই মাত দি সে লবন আমি তো আল লবন দিসি না আমি আর কুন সংলন দিলাম আর আমি হেন্দা ফাহে দি একটু লবন ইসলাম বেশি ওই হই আজকে একটু লবণ যদি বেশি দেই তালিতো আমার দি রান্দাত না আমার ওহ মজা উইজ্জা হইসে আমারা রানতনতেআরএর ফলে
/kaggle/input/regspeech12/test/test_habiganj_0003.wav,আবেদন যেন সাত এ জামান ডাত সম্মানের রে জামা সাতে ওলা লইযা যাতে কই দিলে তরা নজর হাতের হনে
/kaggle/input/regspeech12/test/test_sandwip_0068.wav,গা না নেছে গেছে নি হিসেবে
/kaggle/input/regspeech12/test/test_kishoreganj_0006.wav,গাড়িতেরাকা কায়দারিখারগাড়ি যা গা
/kaggle/input/regspeech12/test/test_habiganj_0095.wav,সামনে যে সিলেট যা কলেজ টি যদি সিলেট পিটনি গ যা তাইলে যাওয়াজাআসেদূর ঘোনো না বিলে টেহা দিতা না আব্বা দিতা দেবে লেগে এতদূর যাওয়া বা পছন্দ করে ন কক্সবাজার গেলে দাইতাম না সিলেটের বিতরে গুনানোজায়ন তে
/kaggle/input/regspeech12/test/test_sylhet_0562.wav,না পেপার জাগার ন পোস মার্ক দেখাইছে দেহা শনিবার ইন পোস দে দত্ত ফাই সারদে তালা হরে ফরে আর তে
/kaggle/input/regspeech12/test/test_chittagong_0055.wav,এত বৈ কি দুনিয়ের চেকটা কিনে বাসন দু নিয়েবেননেকে নেবে কিনির বা হ গড়িয়ারও বতি না এতা হ আবলা গরা হাম বাকি গরি মারি প্রেশার
/kaggle/input/regspeech12/test/test_narsingdi_0019.wav,কথা আছে না তাদের উইঠা গেল উপরে ওঠ গেলে মানুষ পরে তাকাতি জানা বিলাগেসার কইছিলা আমার কথা হ
/kaggle/input/regspeech12/test/test_rangpur_0107.wav,গুরু বেটা গাও রুটি ছাগল আসে গা পাতাটা নেশা
/kaggle/input/regspeech12/test/test_barishal_0097.wav,হডুবিবেকনাজে দে করেই এইল সমস্যা ই মেদি দেখা পরে মনে কারণেই এই পানির যাতিও খাওন ডা ও রাতেই এই খাওন্ডাআতমে বের রানদাম কর ছিনে মোর ন দুঃখে মোট কালুর ভিতরে রক্ত অন দিক দেখা বারবার
/kaggle/input/regspeech12/test/test_chittagong_0007.wav,আপনার কিসু পরিস্থিতি কা হান্দি একটু দিতি পল বানাইতে আরা অদ্দুরা বেহদনখিললেই কিছু ন ইটনা আলাদা আগের পর্যন্ত হতা আড্ডা গেলি ব্যাতা হবে ফুল
/kaggle/input/regspeech12/test/test_kishoreganj_0169.wav,পরিনত কে তর মধে বিটার তা খুব লাল তে বিটারটা খুব লা তুলিত র্যঅনুযায়ী বিতর তা খুটা
/kaggle/input/regspeech12/test/test_chittagong_0070.wav,মানি হালি আ রোয়ামেরিটলিফটর রেজাল যে আনে দাদা হালির হাল গনি যা হালির তাহা কি দেবে হি
/kaggle/input/regspeech12/test/test_narsingdi_0009.wav,তো রাখসে মোটামন্টি তিন চার বছর দে দলের সাথে থাকতাছে লেকসপিনারের অভাব পূরণ করতে পারে ফ্লেভারক্সপিনার প্লেক্সফিন বল খেলাইবো তখন রে নিযিনবল করে ওল্স্পিনের সাথে তো বাংলাদেশে লেসপিনাপরটি মিলেনা
/kaggle/input/regspeech12/test/test_narsingdi_0048.wav,টুতে বার সময় কিছুদিন আরি খাল নাই যা রাত্রে বেলা কারেনডা খারা তলারিয়াততেলেজন আমনের আমি তা মোখমুসামগেশি ডিােিরেফেরিদা বা লাইটিংমাটিংের পার্টি না কি অর্ধ পরে সাইডি দুয়াউঠতাছে
/kaggle/input/regspeech12/test/test_tangail_0052.wav,রিসার্টপার্কার যে বাঘটা ও বে চলে যায়নাইমেনা নাই মাই বনে আর ইফার খান বাঘটারে চলে যাইতে দেহে কিন্তু বাঘটা মানে কখনো পিছনে ফিরা আর তাকাই না
/kaggle/input/regspeech12/test/test_sylhet_0256.wav,আনিয়া কোচিং ও বর্তি করেছে কোচিংও যখন বর্তি করেছে পজিট্রণকুচি টাহা দিতি হাওয়ারাদমরানুত বলা প্রান্তিক একটা পরিবার তে কি একটা কুচিংও রাখা কলে যত পরিসিউষ্টিল তা কিযে ধলকোচিংও করতে গেলে থাকবই
/kaggle/input/regspeech12/test/test_sylhet_0029.wav,শেষ তারপরে নওমিরিনষ্ট হয় সেই সে হলো টাকুলুতে পুরো পূজা করলো প্রত্যেকদিন নতুন নতুন কাপড়দা়সব টাক তা সাদা গুজা দিন যাছনা ঠাকুরে দেওয়ার পরে মানে সবাই যে বক্তিঘরে ঠাকুর কে গ্রেপ্রানাম করে ইটার মাদে কি সবাই দিন প্রণামিদেয়
/kaggle/input/regspeech12/test/test_kishoreganj_0059.wav,না ভাজিত নাই ভাজিত নেফাল পাচ্ছে না
/kaggle/input/regspeech12/test/test_sylhet_0445.wav,একবারে নিরিবিলি কোন মানুষ গুশ নাই সন্দরইয়ারলেয়া আর কি দা হজার যে গুলাক বারে কোনো মানুষ এবার কত একটু সামনে গেলে মানুষের আমি দুই লম্বার বাসা তোমার সা এখন তুমি বুজান দনম্বারাসামে
/kaggle/input/regspeech12/test/test_chittagong_0120.wav,দা একটা হতা হই তুই মোবাইল ন দি দি ভাবি দাহিভাববেরন দেহিলে সম্মোবাতালি
/kaggle/input/regspeech12/test/test_sandwip_0093.wav,মেজর জানে যোগ্যতা
/kaggle/input/regspeech12/test/test_kishoreganj_0057.wav,না পরচিত কাল এম কিছা
/kaggle/input/regspeech12/test/test_sylhet_0222.wav,করি করিয়া পেশার টা যাতে থাকে না হইতে পাশাপাশি দে আরেকটা ফরে আমি ও টার্গেট লইয়া মনে বলে ফরা শুরু করছি বাইর আমরা খুব সুবিধা বাবি রা
/kaggle/input/regspeech12/test/test_narail_0120.wav,খনে আমাদের থাকলেই এল সাত্তার বা না আমি নানি সংকর সেটা কোন বিষয়াআাএসে দুফি সংসার আগ গালাগাচ্ছে না কিন্তু আমার সংসার টালো জেলায় দি
/kaggle/input/regspeech12/test/test_narsingdi_0068.wav,আলুর ক্লাসের বাইরে আর মরার আগ ব্যাস্ত একেরে মা বিখ্যাত বালা যুগ সমাধান নৈতিক অপেক্ষা
/kaggle/input/regspeech12/test/test_kishoreganj_0158.wav,আমরাদি কখনো সহকাল আমার পরে সকালে গাছে উপবিন্দবিন্দু পানি জমি তাকতেই দিতেসি না বিন্দুবেন্ধ হানি বলে দেখে দে
/kaggle/input/regspeech12/test/test_sylhet_0584.wav,জাহান জাহান তারার ডিমান্ড টেহা থেকে বল বাদ সালাম উজ্জ্বল চারে দশবার একটা
/kaggle/input/regspeech12/test/test_narsingdi_0100.wav,দের করত মসলা একনা ঈদের সালামি নিবার নাকি আমাকে ঘি
/kaggle/input/regspeech12/test/test_narsingdi_0131.wav,ফুরা আমার মত কিউট বাচ্চা মনে আর অ না
/kaggle/input/regspeech12/test/test_sylhet_0309.wav,ও অতা খাংকুরি করি আসন তো গেছে তারা বাড়িওফ্র্যান্ড মিলিয়াাডিত গেছে তারার বাড়িতাকে দি বাম্মারে বুজা শিকি কিতা কোনো প্রিপারেশন কোনো প্রিপারেশন নাই যাত্রবাচে নরবললাগতেন কানাকোনো প্রকারের সেলাই তোমরা কইল বিয়াকিযলা বিগত
/kaggle/input/regspeech12/test/test_kishoreganj_0088.wav,রোজা আবি জমিন খানা কি বেছে না কি কতা মোদি মেমান না
/kaggle/input/regspeech12/test/test_narsingdi_0072.wav,করতা তারা সেন খাতার মন্দে কি লেহা বলসি গ্রাম আলাদা খাতা লা তা খাতা কি লেহা বিতরে করা জামা করে
/kaggle/input/regspeech12/test/test_sylhet_0457.wav,কথা পাইবে নামা শা তাবা যেও যাই গেলে তো বাই বুনয়াল্টামর সেইম ওলা থা লেখে আমার আকবার বস্তার এমন আমার বা
/kaggle/input/regspeech12/test/test_chittagong_0123.wav,হুন্ডা পরীক্ষা করে এদিন টেক শি দের কেন করে রাহিবা চালাইতে
/kaggle/input/regspeech12/test/test_sylhet_0397.wav,দূরে করে লেগেই আইও এখন বাজার দর যে অবস্থা ছিল স্থান সবার দামা
/kaggle/input/regspeech12/test/test_kishoreganj_0022.wav,লোক কেনে কবি তিন চিনা না কুনডা কতা এল্লাগি তো কাতা কর্ম মেলা লাগে এজ এইলা আমার ছিনচে না এ আনকা লোকে হঠাৎ একদিন সামনে আফা যা়
/kaggle/input/regspeech12/test/test_sylhet_0190.wav,টি ২২র২৩শজন সদস্য জইন ফেমিলি ইতা বেবিনির মাঝে যেমনে আনন্দ ছিলেন দুকি মাজেমাজে স্কুল থেকে আরা মাতা বাত শেষ দেই তুন তই এক টকটক থাকত
/kaggle/input/regspeech12/test/test_narail_0118.wav,আসো খুলা যে থাকতো তাহলে কি ক্রো গদি আমার কয়দিনের ভিতরে আমার একটা যুদিটা প্রতিশন তৈরি হয় আমার ব্যবসা বাণিজ্যের আমারটা অফিস নিয়ের পরিকল্পনা আছে মানে মনো দার করাই নাই পরিকল্পনা তে ভবিষ্যতে ওই কোম্পানি কেটা অফিস নেবে
/kaggle/input/regspeech12/test/test_narsingdi_0033.wav,ম্যাচ ব্যা গুজরাট ব্যাটিং না বে গুজরাট জিতবে লাখন় বলিং ইউনি ডেক্সো কেনো জিতব এক মা গরে সব উইকেট নিয়েদ্য
/kaggle/input/regspeech12/test/test_barishal_0001.wav,দিছে বৃষ্লারবষ্টিে খাই ও বৃষ্টিতহাবাওয়াতে লইয়া এমনে হিরিমিটিডাই নিতে ধরছারে সাইদ পিও ছাড়েই নার ছুডে যাওয়ার চেষ্টা কারে পারে না ঘরতে করতে তৌরুডাপাড়ছে
/kaggle/input/regspeech12/test/test_narail_0037.wav,ওমনি গাত সালে ভাষা গাত সালে ঐভাটুকুর খবর
/kaggle/input/regspeech12/test/test_sylhet_0411.wav,বাসা ও তাই তাই দাদির বারি কিছু দানির বাল আর মানিক বারি তার ভাষা দেখে মাএখনতায়ইতো গেছে গি ভিন্ন মনামেতাইরেফালি হবার দেখি
/kaggle/input/regspeech12/test/test_narsingdi_0101.wav,মিসা কেউ মিলেনা যদি দের দি দিছে হেরা শপিং এর টাকা দে এডে মামার শ্যাস আমার দে দিসে আবি হেন্দে বদ্র মারতে দিলে ভেরি নেবা ডাকা
/kaggle/input/regspeech12/test/test_chittagong_0134.wav,রায়ঙকেকুতলাত গেনু বন্ধ ফরি দেবসামদ্রত হরতাল ধর বা লাগে না না লরামানাগনধু বলতে হবে এই তারা রান্দা দাহামাত্র সে দুকি বিরান হ তা না তাফরে ডাব
/kaggle/input/regspeech12/test/test_chittagong_0038.wav,সানি এবার আন্ডা ১৯১৩ামখি২ বানাইতে তার
/kaggle/input/regspeech12/test/test_chittagong_0153.wav,গে যা অন্য বান্ধবী ব্যান্ড শাহিন তাইন প্রগ্রহণডাবাদ যা বার্গ যে দেখন বিরাট গেই তুরার ফেলবার
/kaggle/input/regspeech12/test/test_narsingdi_0053.wav,রা এজেন্ট তামরা ইউস করি গুড গুড গুডনাডামাসমন্সর করা উচিত দেই আমি গুড না তা ম্যাগের ভেতর স্টরলগা বাদাততের খ্যাঁত দেইম হার ম হ্যাঁ
/kaggle/input/regspeech12/test/test_chittagong_0088.wav,সিলেটির বাল ফরেই চলি এমনে কম্পিউটার শিকার ন কম্পিউটার ফরিষদ ফেলা ফর তে ফালা ফালি সেকেন্ডবার মধ্যে পাতা দিসি তোরার মানে মানা অংকে ন তুই যুদু ফরিক্ষা ফরশি বস তোরা বেলা ফিরিছিওম্বরে বুলে
/kaggle/input/regspeech12/test/test_rangpur_0051.wav,সবাই সবাই হাতে সার কিনিও কার ই নাই আগে খাইসি
/kaggle/input/regspeech12/test/test_narail_0125.wav,সেখানে মানুষজন আমার মত মানুষজন খুঁজে বেড়ায় আমাকে তারা আবার পরবর্তী দিতে ডাকে আবিচার কাছে যাই তোরতর ছবিতে টিপাশারাখিস মারতসারণপরিশ্নে পিপারসারেতে ঠিকি গানের কলি দিছে আমার গানডা অনেক প্রি
/kaggle/input/regspeech12/test/test_narail_0086.wav,আমি বুলে যাইনি আমারেই বুলে গেছে আমারই সবাই বুলে গেছে আমি কারো বুলে যাইনি দিছি কথা
/kaggle/input/regspeech12/test/test_sylhet_0544.wav,মাতো পরার রাখতা ব্যবস্থা প্রাইভেট কথা আরা
/kaggle/input/regspeech12/test/test_kishoreganj_0056.wav,আলঅংগমিকাসবারে দোকানগুলা কা যার নে
/kaggle/input/regspeech12/test/test_rangpur_0088.wav,সমস্যা কি িবেলোয়ালমণ্ডল
/kaggle/input/regspeech12/test/test_sylhet_0009.wav,গতকাল কিনি কা মানে কী রকম কাল করেন না করেন কি ক প্রথম দিন আমরা আগের দিন রানীর আগে আই সিলেটি ভাষা যার প্রথম দি নালি বিশ কাই হাটের প্রথমে পরের দিন গুনতেকে উঠিয়া
/kaggle/input/regspeech12/test/test_sandwip_0091.wav,এ বেমান জানে গেছে ইতার মাসত যেমন কেরে রাতে না
/kaggle/input/regspeech12/test/test_sylhet_0370.wav,এই স্বপ্ন নিয়াা্তোমরা বিলিফ করবা কিনা আমি জানি না আমার ফার্স্ট ব্যাপী যখন ফেট পাইছে আমি জানতাম না দেহে আরি উইদাউডএনি মানে একটা বাচ্চা এগো তার লাগি তো তা মেন্টাল প্রিপারেশন লাগে তোমরা তো দেখা আমি বিসিএস এল লাক যুদ্ধ করিয়া কাজে আমার কিন্তু কোন ধরনের ইন্টেনশন আছে না তখন বেবিনেওয়ার আল্লাহ বিলাই শুন আমি
/kaggle/input/regspeech12/test/test_sandwip_0023.wav,হিসাব কিতাব না উগ্ঞহোলানেরও সংসার ইয়ারসনািআসমা ফরসে এম কতার হেতের মাপ কাঠি ছলের মা রুজ গুলো যা কইল হারা দিবেন
/kaggle/input/regspeech12/test/test_narail_0161.wav,প্রতিদিন যে সমস্ত ওনার ব্যথা সুলো স্যার মাদা সমস্যা নাই আরও গত রোগ আছে তা ঠিক আছে চোখ দে জলে ডায়েটি্সাই শক্ত আমাকে
/kaggle/input/regspeech12/test/test_sylhet_0356.wav,কিছু নাই কিন্তু তার নজর দেখে অইলো জমা ঐতিহাসিক নামান প্রশ্ন খরা লাগছে না আহে জেলা মানে গল্ফগুলা সন্দে মানে আখতা জানস চোখের সামনে দেখতা পরাটা কাহিনী
/kaggle/input/regspeech12/test/test_sylhet_0066.wav,তোমার সমান ন আমি দি মদ্যে বর্তি আমান কত হলনেদারাযেতে খুব বাপরে বাড়ি থাকে অবস্থা মানুষের থেকে এনে অনেক অন্যতম ন কর গ্রামোর বাড়িতমানষ কতা হইতো মুখিনিজনো মানষে কথা হইলা কোনো কিছু
/kaggle/input/regspeech12/test/test_sylhet_0110.wav,কিতা আমার ঠিক খোটা কা সদর করতেন রাস্তা ওভার থেকে ওভার ইতো আছলা তাহে বাড়িময়াউ নাম গুস্ত কেউ নাই
/kaggle/input/regspeech12/test/test_chittagong_0068.wav,ইনো ইডি পেলে একা হাত গত হাত রে আর বাসা না আর গুরা গুরা সো দুনোয়ালা উদ্দলেরও গালে হ তুলন তা
/kaggle/input/regspeech12/test/test_comilla_0029.wav,ওই দিনই ঘটনাটা ওইখানেই সমাপ্ত হয়ে গেছে যদি একটা পুলিশকে সেতু তালে অবশ্যই তদন্ত হইতো
/kaggle/input/regspeech12/test/test_barishal_0013.wav,কানি কেমন কুনু দৃষ্টিতে লোগনেখোষের দাক্তার সামি করে না আমার মা হারা তে বাই আমার
/kaggle/input/regspeech12/test/test_noakhali_0026.wav,বড়আমাদন জিজ্ঞা করবেন রাইখলে তো কাগার গরিদে
/kaggle/input/regspeech12/test/test_noakhali_0018.wav,না হ তাখা রুমারে দ্বিতীয়নিগেকে দিবনি গাবা
/kaggle/input/regspeech12/test/test_narsingdi_0135.wav,আমরা সবাই অনেক ভালোবাসা আমি ভালোবাসা মানে কি স্পেসফিকলি ব্যাখ্যা দেয়াযেবাসায় আগে থেকেই গাস বিদ্যুৎ গ্যাস বিদ্যুৎ বানি সার্ভিসের লাইনডা থাকে হাজার থাকে ভালোবাসা
/kaggle/input/regspeech12/test/test_narsingdi_0069.wav,ইডে গুন্ডা মালের অবাব ডর রেজাল জীমনবালাস্কুলে দিয়াহিমকিছু দাখি়াসমিথ
/kaggle/input/regspeech12/test/test_habiganj_0026.wav,ফুলকেদনলাগড় লাক্তদা ফুল ত ফুল সুন্দর জেলাইয়া ফুল দিলে একটা নিজের পূজাটা দ্বিতীয় বাল্লাগে সা জাইলে একটা মন ডাও প্রফুল্য তা হে ফুলটা দিয়া সাজাইলে প্রার্থনা করতে বাল্লাগে সুন্দর লাগে মনে একটা প্রশান্তি আ একটু একটু গভীরভাবে বাপ পড়তেহয়
/kaggle/input/regspeech12/test/test_sylhet_0518.wav,নদিতে আসসালা দে নাকি ভারতে অন পরীক্ষা টানে পাশ করলে মান সম্মান টা বাজে
/kaggle/input/regspeech12/test/test_sylhet_0093.wav,তাই তারা আমার দেশটা আত হলো হুরহুর খাম বাসা কারতা কাঠে দিলে
/kaggle/input/regspeech12/test/test_chittagong_0083.wav,গোপ বিল্লা ছিলাম মনে আগে তার ওতো গি নাই জামাই কানা বালা দে
/kaggle/input/regspeech12/test/test_sylhet_0626.wav,বেডার হরতাল আমি আমি আমাখানে মাতা তাই তাখে জানে দান নিমা ফরে দি কিনি জিগাইলাম সাবাদের কাহিনি এখন বুদ্ধি নাই
/kaggle/input/regspeech12/test/test_sandwip_0103.wav,হ্যালা
/kaggle/input/regspeech12/test/test_kishoreganj_0036.wav,এই মহলমাভর্ছবি নাই ঘর সবে মরের বাড়িতে
/kaggle/input/regspeech12/test/test_chittagong_0114.wav,সিকিউরিটি যেরা কিলা নাই তোর ফরা ফেসবুকে কোন কোন আরা কন বলবাবে দর না কিনলে সমস্যা
/kaggle/input/regspeech12/test/test_sylhet_0744.wav,ধুতি়াাফিনবা চে ইবা না
/kaggle/input/regspeech12/test/test_sylhet_0258.wav,ইরাকুচিহদিয়া ইউনিভার্সিটির চান্স না তাইলে তো ওসব্পরিশ্রম বিধি ওইবতৎঅতক্ষণ পর্যন্ত ততো পরিষক যে সব সুন্দর কোটা তাইন আমার যেমনে
/kaggle/input/regspeech12/test/test_habiganj_0104.wav,জি সবারই একটা জার জিরা আঞ্চলিক বাস বেলেস ফালাত
/kaggle/input/regspeech12/test/test_tangail_0116.wav,তো সে তার কাছে নিয়ে দেখাইছে পাঁচ লাখ টাকার পুরা গ্যাস যে পুর তার কাছে নিয়ে গেছে সে তারপরে লাইসে দোকান ব্যবসায়ীরা কিন্তু বিজনেসে সে টাকা বাসা়নেয়াযায় কিন্তু এত বড় বড় এই কেন দোকানে রাখসামে জাইনা তবে একটা লোকরা দেখলাম যে সিন্দুকের মধ্যে টাকা
/kaggle/input/regspeech12/test/test_sylhet_0757.wav,নো গেছেন না জগরা দেশের নিগা ভোট নি ফল স্যার ইগু আমরা যারা বিবাহিত ইগুলোকে
/kaggle/input/regspeech12/test/test_chittagong_0026.wav,বেল হান কি ডিবি তো মাইনে তারা বেজ্ঞুনে কি কিরের আসর ইতারা হন রহম এ ছালাও আদেলেরগুড়াদি মুঘোল লেল বইটা হাইবেরি
/kaggle/input/regspeech12/test/test_tangail_0093.wav,সাহায্য করতে পরে আস্তে আস্তে কথা রত হয় পরে অদের মধ্যে বন্ধুতহয় গণ্বীর কাপুর আস্তে আস্তে ছ কি না প্রেমে পড়ে যায় কি কিন্তু সখি নারে ফেন হিসেবেই ভাবতে থাকে সখি না ভালোবাসা এল ইমান মানে সালমান খানে যে বাসায়ারকি মেহমান হিসেবে ছিল
/kaggle/input/regspeech12/test/test_comilla_0025.wav,এর পরের দুই তিন দিন পরে ও খুব ভয় পাইতে এবং এই দুই তিন দিন পরে পরে মানি ভয়ে থেকে ওইদিন রাত্রেবেলা ওর জড় চলে আসছে আর পুরো এক সাপ্তাহ মানি একটা ট্রমার মধ্যে ছিল মনে সবকিছুতেই ভয়পাই তৈয়া করতো আর আমাদের বাসা ওর বান্দবী দেয়াংটা গিফট আছে
/kaggle/input/regspeech12/test/test_narail_0047.wav,এইটুকামিশঐ সিস্টেমে তা পাওয়াযায় না আর সময় যদি দখল কর আমি তাই শুনি জিত ওডে রাজা বাগি যেহানে সেই বাকির
/kaggle/input/regspeech12/test/test_comilla_0003.wav,ইনকাম তো করতে পারতে ইনকাম দইছি বাতাসে ইনকাম তার তার ভারা না এই সেই মেইক
/kaggle/input/regspeech12/test/test_narail_0101.wav,বিপুল ভাব বিদেশে থাকতে তুরা লামি পুল নাতে ডাক্তার দেখাইছিল আমার থায়ারোেড দরা পরছিলো আর গলাই ডি ডাকে ডল্লন আবার ডাক্তারে ছিনি ডাক্তার দেখাইছি আমার থাই
/kaggle/input/regspeech12/test/test_sylhet_0665.wav,তাও তার বইন আছে শিকৃতব়শিক্ার দিক্ষার আছে আমরার বুবাই রক্ত গুরা সময দুক্ক দিন আইব শুক্র দিন মাথা শুক্রবার দিন গেছে জনতদুক্করদিন দুক্কের শিক্কা আছে
/kaggle/input/regspeech12/test/test_rangpur_0068.wav,থাকে না না শুন দে আর রাত পাকিতে না থাকা ফিরি সময গোয়াও কর
/kaggle/input/regspeech12/test/test_sylhet_0735.wav,সমাজ আছে নানি মামা করি যা তার পাস পুরা না মারে মানে যেছা
/kaggle/input/regspeech12/test/test_chittagong_0126.wav,কন বসর যদি মানুষ না বাহার কেন্নে মুকার্জনের পর অফিস কিন্তু এনে মানুষ কিন পরবে স্টেশনা না মারা বেই দেখা
/kaggle/input/regspeech12/test/test_sylhet_0216.wav,চতুর দিকে প্রায় পাঁচছয় গ্রামও মজা একটা মহিলা চাকরিজীবি নাই ই জিনিসটা আমারে সবচেয়ে বেশি পেন দিছে চেমটা কিভাবে সমযআমরা এমন একটা এলাকার মাঝে বড়োইয়ার যেখানে অকন মহিলারা চাকরি করে না সবাই
/kaggle/input/regspeech12/test/test_sylhet_0691.wav,মনোযুগ তারা লেখা পরে তার ভালাই
/kaggle/input/regspeech12/test/test_tangail_0033.wav,দেখা হয়ছিলইতাকায় যায় তার পাশে যে একটা আই শকের মাঠ ছিল পরতাকায়দুনা থান্ডা বার পায় পরে তারা একবারে ভালোবাসে আর রেদার একটা পূর্ণতা পায় পুরা অসাধারন তে ছবিদা যদি না দেখা হয় তালি আর কি বুঝা দবনের্জেমনে
/kaggle/input/regspeech12/test/test_sandwip_0045.wav,নরি হা কেন হরে ট্যান তুলে দিবেনে সন্দেহ গরে দিলে না নিহি দিলে দে যা দিব
/kaggle/input/regspeech12/test/test_sylhet_0161.wav,ছুটো বাসার বা এনো হইলে শিবগঞ্জ সাফের না না না না না মানে কিতা হ দুদ ঘুম পানিতে লিটারি রাজা
/kaggle/input/regspeech12/test/test_rangpur_0097.wav,গাইজ গোসল নরম হ পুর ক জাল দাওয়া লাগে বেলা
/kaggle/input/regspeech12/test/test_barishal_0047.wav,হ্যকিলেয়ারের পার্টি অইলো মাডেকালাসেনন জামাই ডেকালারযাজ আডিবেশিহা কাওর দিলে যদি গুলি তেও ভাই ভালা গোয়াফেড়তে যে
/kaggle/input/regspeech12/test/test_sandwip_0122.wav,ম্যাচ তিন মাসের বর মাই এতানে মানি মামা
/kaggle/input/regspeech12/test/test_kishoreganj_0079.wav,না কালা মাসি কিনা আশ মাসি
/kaggle/input/regspeech12/test/test_barishal_0101.wav,একটা পরে না ঘাটে আমি কই ও দুই তিনদিন সারতবানা
/kaggle/input/regspeech12/test/test_sylhet_0184.wav,আমরা পুরি নার্স ফাইনালি ওই গা থিসিসের কাজে ইটার নানি
/kaggle/input/regspeech12/test/test_chittagong_0018.wav,না সবজি ফারতা কি অবস্থা তুর অরে কলা হতা হদানে ফরা হাগ বুন যাচ্ছে ব্যব এতে মা কাজ ফাতা লিংবাদেয়া বেরি রা করলা হা হইত না
/kaggle/input/regspeech12/test/test_sylhet_0655.wav,আর বাড়িটারি আপনারা নিজেরা আপনার বুধ আই শুনি তার মানে পাকিস্তান কিতা করে জেন সাকরি
/kaggle/input/regspeech12/test/test_kishoreganj_0084.wav,বা রাগা আলাগে
/kaggle/input/regspeech12/test/test_narsingdi_0049.wav,মানি লাইতা পরে কানবে বিবেক তারপর দেখছিলে দেকা মা যারা মা মায়াদুর সেনাবাাগ্রোড মার ওডা দিন পার বাহা রাগিসরের তরা বই অবস্তা মশা কার বর্গ সন্তান কারা আগুন অনেক খারাপ জিনিস
/kaggle/input/regspeech12/test/test_tangail_0105.wav,আর মনে হয় এটা একটা এই মুভিগুলা দেখতে দেখ দেখলে ভালো লাগবে আশা করি সো এখানেই আমি রেকর্ডিং স্টপ করছি
/kaggle/input/regspeech12/test/test_narail_0041.wav,এ ওই যে ইসি
/kaggle/input/regspeech12/test/test_barishal_0049.wav,ই এমন মনে কারণ আমি জমিতে করছি যে দরা নেই কামকাজ করি যা খাইলি ভালো আছে কিন্তু কাম একটা সমস্যা ফালে ওই মাইরটা ওইছে ৭০হাজর টাকা গাছের বরিশাল হালা ইসিবন্ধাডেহা নাই কত জামেলার মধ্যে মিফরছিলেম
/kaggle/input/regspeech12/test/test_habiganj_0059.wav,আমি বডর আমার সবাই বনিুটুএাাইশ ইতা তল তাখতা কিতা ই মারে তো খালি আমার ছুটো সুডোডাখালি আমার ডাহা বরদি হইযে আর আমার ফরে দু ওডায় যাই তা তো আমারে ডাহেও নি তেত তুইতো হইরা ডাহে দেহা যাইতা ওই বড় মেয়ারিতামার বোইন্ডারে যদি একটা দে আমার দশটা দে আর সুডোমাইজলাবাই আমার ফরে আমার দুই নাম্বার বাইটা আমার কিছু করে না একটু বদ্র স্যদরিয়াতে
/kaggle/input/regspeech12/test/test_sylhet_0116.wav,সাইতা একদিন খাইতে মারে ইতে কষ্ট ঘরতও তারা বালা একমাস দিবা দিত যত সাদা বছর ডিসেম্বর চিনো ইসি বুঝইছে বা সিন্দ খান খরি
/kaggle/input/regspeech12/test/test_chittagong_0079.wav,ফুরা বেকগিন তো আছনবড়বরে তারা অনাস লই পরে সন্ধ্যা খন্ডে জিজ্ঞা হেরা সানি তারার বেশ কাছে না পরে লাই হদের ঘুমা
/kaggle/input/regspeech12/test/test_tangail_0113.wav,তারা মাল উঠাইছে দোকানে এখন এই সব গুলা পরে গেছে একদম নিশময়েটা খুবই একটা খারাপ হঁজি কিন তুই মাসত ব্যবসা করে রোজার দুই মাসেতো ব্যবসা ্যাক চলি যে মানুষটার প্রথমে দেখছে বটটি কোনো অথেনটিফরিকেশন আছে
/kaggle/input/regspeech12/test/test_noakhali_0019.wav,আরে বা কার খান মিনারে নিতি টাকা দিকে মা মা যে দা বইন দুনুগা বাগ করেই টাকা বাই দিতারে কিতা দি ধোরবেন বাগ করে অ্যাতে মারি ব্যাডা
/kaggle/input/regspeech12/test/test_habiganj_0115.wav,না যারা
/kaggle/input/regspeech12/test/test_chittagong_0048.wav,ওরা খষ্ট নৌবুজ্যুওর বাইত না পত্র পরিচিত কি নাম প্রতি বিগ গরি হালাবো কোন পদে কেউর বের বারে জালা মালাই ঝগরা
/kaggle/input/regspeech12/test/test_barishal_0065.wav,এমন আবার বিধি দি খাই না বেসিবার থাকুক কোনো মানুষও
/kaggle/input/regspeech12/test/test_narail_0139.wav,কালকে যদি পাঠাই দিতে পারে তা কাই পাঠান তারো খরচ বেশি দশের নিছেও তার মানে আর এই টালের কথা মাসুদ দুলাবাই বলেছিল ১৪ লাখ
/kaggle/input/regspeech12/test/test_kishoreganj_0176.wav,নি দিয়েশাকুনদী চলি তে কি পানি কল গেল
/kaggle/input/regspeech12/test/test_sylhet_0041.wav,এটা সন্ধ্যার সবাই সবাই আমরা এখানে যায় সন্ধ্যা করে মন্দিরের সবাই যাইব কিরা সা মিষ্টি খা হইব আর মন্ত্রত্র উচ্চারণ করিয়া এইটা সবার হাতে এটা সবাই হাতে থাকে পত্তর পরে মা বিস্বাদ দূর গাজী প্রতিমাবিসর্জন করার পরে শান্তি হাতে দেয়ার পরে পূজা সামার
/kaggle/input/regspeech12/test/test_kishoreganj_0101.wav,উদ্বিত্তা খাদ্য তৈরি বৃদ্ধি পোয়াগায়নজীবের বিস্তারের জন্য পানির উপর নির্ভীউদ্বিতু না খ
/kaggle/input/regspeech12/test/test_chittagong_0044.wav,নরমাল পাঠিম্যবল্লবের সম মাই সম্পত্তি বি বান্ডিলের এখন আতুর গরো ন ন প্রাহ না তার কোনো অন্ডে বিলে নিবেন হন না হইছে কোন ব্যক্তি আন বডর ভাগের
/kaggle/input/regspeech12/test/test_barishal_0005.wav,দেহেন দিকে বোরকতাহিনদের টান তে টান তা আমাগো দরজা সারাইয়া নিছে আর পিডা যার কান্দরে বাবারে আমার এবং টানি নামার পারলমিডিয়ে মরি এ যে বাস্তবের ঘটনায় কিন্তু ওইদেহায় শিক্ষার জন্য
/kaggle/input/regspeech12/test/test_sylhet_0376.wav,তুমরারে আমি যা দেই তুমরা তোমরা যার যার হালার দর বিষ্ণআটাইলি চার্জার রুম যার জল পরিষ্কার করে তাইলে আমরা কাডের মানুষ লাগত না তুমরা আমরা হ্যালা করলে আমনে কন বা যেটা একটা মেস এটা কোনো বাসা না নি না
/kaggle/input/regspeech12/test/test_sylhet_0574.wav,তেলা গেছি হদুন তলে নানি সজিবির গেছে সব হো আমি আমার ইমরান
/kaggle/input/regspeech12/test/test_kishoreganj_0112.wav,গাছের কালা খই বসে গাছে রাকা আবার যা গাছ কে এলাকা এলাকা বা গাছের খালাক ফরি
/kaggle/input/regspeech12/test/test_tangail_0068.wav,এরকম একটা অর্নার অড্জেরফ্রিন্ড দা ছিল বরুন ধরন কথা পরে হাসপাতালে নেওয়ায় কিন্তু মনে শিউলি মানে কুম আই ফেলাযায় পরে বরুন ধন ধন জানিয়ে যে
/kaggle/input/regspeech12/test/test_kishoreganj_0071.wav,বিত্তি দিন আমা তাকে মা না দিতা একা
/kaggle/input/regspeech12/test/test_tangail_0051.wav,রে মানে বন্ধুত হয়েযায় এসময় পরে আরা ভাসতে বাঁচতে দুজনে ম্যাক্সিকর একটা দ্বীপের দ্বীপ নাকি তীরে আসে বলে মনে লোকাল আছে এই রকম জায়গায় আবার বন আছে
/kaggle/input/regspeech12/test/test_habiganj_0039.wav,জুলদিয়ারা পানি বেশি দেলাইতো করে পাসিল আগে এরপর দিকে আর সবাই করে এত ফানসা কারে দেখাইতে মজা
/kaggle/input/regspeech12/test/test_sylhet_0092.wav,তা করে করে খইরা আদালত করে আবার সিবিতায় সিতেগণ্তা খইরা খর আবার উডানোধারধেই গানডা উজিয়া খরদে বাদ শরম আটটা টিকি কেন্দ্র ফ্যাক্ট বারে হিন্দু ওবার যে কোন জিনিস টিশন নাই
/kaggle/input/regspeech12/test/test_sylhet_0524.wav,ত কবি বালা গেছে শইল আমরা তো থাকতে পারছি ক্লিন আইসি আবার বাস
/kaggle/input/regspeech12/test/test_tangail_0044.wav,ই যে প্যাটের পাই পেটে ও আর কি কন এই ইন্ডিয়াছাড়াও গাইতে চাইতে ছিলেন পরে নাকি যাওয়া হয় পরে রাতে জাহাজে একটা সাগরের মধ্যে ঝড় শুরুহয়ে আর পুরা জাহাজের যাহা কিছু আছে সব পুরা ভাষায় নেয়া যায়গা
/kaggle/input/regspeech12/test/test_sylhet_0731.wav,যেদিন ২২জনপ্রাযুদি জাতের আর যে না তে দরন খালকে
/kaggle/input/regspeech12/test/test_kishoreganj_0186.wav,জনতা সবুজ গিনতসবুজনতসব গিনউদভিদে পুষ্টি শুনেন কদ্দুরি মাটি উবি তা মাটি মত
/kaggle/input/regspeech12/test/test_habiganj_0101.wav,ছিলা তাইলে তা তো বার বাল লাগে আর থেকে আই মাইক্রোবাইল মাইক্রোগালে ডিটেবেশি ঘটেনাগে
/kaggle/input/regspeech12/test/test_sandwip_0074.wav,কেরে কি এরা ইসি যোগ
/kaggle/input/regspeech12/test/test_chittagong_0168.wav,জানে না হাতে বেগুনের তালা ফর হই তার টেলা তে দিত হর আর একজন
/kaggle/input/regspeech12/test/test_sylhet_0466.wav,গ্রাম মানুষ ছুটি ফা নানি ত ক্ষেত দিকও করা লাগে সাদীও সামনে লাগে মনের আমার
/kaggle/input/regspeech12/test/test_sylhet_0583.wav,একটা দি রাইডার সব গেলে সিবি সুন্দরে চাক গিবরেরযাবন
/kaggle/input/regspeech12/test/test_sylhet_0564.wav,ক্যালকুলাসনায়জে হায়ার মত কিছু অঙ্ক আছে বিজনেস আমার মনের মতো নাগে নি আর বেশ
/kaggle/input/regspeech12/test/test_barishal_0083.wav,যখন এই পাবদা না ইতে দুর্নীতি মূল্য বারি যাইতাম সাক্ষাবাদবে বারিতে ল্যাবের তারপর সে বাই দিতে করা বার পরতটেলদেলইয়ে দিচ্ছে
/kaggle/input/regspeech12/test/test_sylhet_0650.wav,না গেছি অনুলকাইসনও যুদ্ধ লাগে মুক্তাামারিরা সবে মারা আছেনা মারন না এই যারা খেলা নৌকা দেবে তাকি ন ফারে মনে মনে গেছে গাড়িালাখুলা
/kaggle/input/regspeech12/test/test_sylhet_0299.wav,হইতো হইবা কিন্তু তখন তাইনোল্লাগে একটা ঋণদেওয়া আসলেই একটা বড় ব্যাপার আছি টা এখনও আছে হ্যা এই এই ঋনতেগইলগিয়া বিহা রিন
/kaggle/input/regspeech12/test/test_sylhet_0550.wav,তাকতে ফরে তো না তো আমি তো আর খেতা বাদ দিলাইছি যাআর কিতা সন্ধ্যা টাইমে
/kaggle/input/regspeech12/test/test_sandwip_0010.wav,আইন
/kaggle/input/regspeech12/test/test_sylhet_0336.wav,প্রশ্ন লিটনের প্রশ্ন উঠে যেদিন পরীক্ষার আগের দিন সুন্রাম যে পরীক্ষা স্থগিত প্রশ্ন তো মহা খুশি পিপারেশন কি তলে কানি মুমেন লাভার পেইন শুরু একদম লাস্ট মুমেন টা কি ফার্স্ট ব্যাপী হইব
/kaggle/input/regspeech12/test/test_narsingdi_0130.wav,দু র ্যাগ মাতার জন্মগত ইতা
/kaggle/input/regspeech12/test/test_narsingdi_0017.wav,চল্লিশ প্লাস বসে দাওয়নটেস্টের মধ্যে বল করে পশ অভার সারে রামের দে এপ্লিয়ারগুলি নি নাকি টেস্ট টেস্ট সাইরা টেস্ট খেলা টেস্ট খেলবো না
/kaggle/input/regspeech12/test/test_narsingdi_0070.wav,সা ছিল খুব মোবাইল ফোন উসো অ্যা জন্য মোবাইল ফোন নিউজ মোবাইল ফোন ইউজ করান লাগে দে টেস দে
/kaggle/input/regspeech12/test/test_sylhet_0058.wav,রান্না করার ফরে পাঠ খাওয়ার মতো নে লাহান নরম কর্তা বা গাইলান বগাধিতার দফরে তাও বারা মা খাবা হিতা এত দুতায়তকস্খান দিত ফরে মায়ারানি লাগে মা মালেকারে অন চিকিৎসা চলছে
/kaggle/input/regspeech12/test/test_sandwip_0088.wav,গরে কান মানে গেছে কি
/kaggle/input/regspeech12/test/test_sylhet_0510.wav,নিতে হস্তা তে সিজি ফারতো আমরা যু হ দে লাখ টাকা দি হাই বা দুলা শুধু এখনো হ আ লাখ টাকা দি গাড়িলইয়া দিলে লাই
/kaggle/input/regspeech12/test/test_sylhet_0522.wav,এই ভালো পরাটা পরীক্ষা ভাটা বাাংলাদেশে বিশ্ব পরিচয় করছে রমজান সাথে বেলার ভূমিকা তা ফিনচে না তারা চেঞ্জ ও এহন নাই না
/kaggle/input/regspeech12/test/test_narail_0011.wav,আমি বাবুর স্মৃতি চিকিৎসা দেওয়াকয়চলকে যে বাবুরে চিকিৎসা তে তারা দেছে তা বৌদি তো দশ হাজার টাকা পাইচে আমরা তো জানি ১০ হাজার টাকা বৌদি পাইছি দশ হাজার টাকা তা কছতে যেন আমার বাইত বাইর কাছে আমি অনেক টাকা ওর নি দিক চাদে কয়াদতে করে তা আমি কই
/kaggle/input/regspeech12/test/test_habiganj_0020.wav,নাইনে তো আমি আমার আর তিন খাইতাম না তে কোনো বল ধরনের এরা শা করে বাইরে দানার ভাবি
/kaggle/input/regspeech12/test/test_sylhet_0362.wav,নিজের আইডেন্টিটি রাখা ইটা আমার মধ্যে কাজ কোর্সে যার কারণে আমি কোনোদিন এই অন্য ক্যাডা প্রথম দিন আমার ফাস্ট এবসেন এজুকেশন ক্যাডা নামি এজুকেশন ক্যাডার কইছিও তারপরে বয়স আছিল আরও অ্যাপ্লাই করে পরীক্ষা ও দিলে ২৪তম দিছিলাম তখন লইগা
/kaggle/input/regspeech12/test/test_sylhet_0220.wav,পয়েন্টআউট হর বা আপনার এখন আগানের ওটাও লগে ২০০৭ভুতালিকা ক্রিস বছর আগেও তাও তালিকাটা যখন আমার কাছে আইছে তখন আমি মনে মনে একটা ভাবছি যে চিন্তাধারা একটা পরিমাণ ফ্যাচ করে দিলে মেট্রিক ফাঁস করে দিলে আমার ভিউ লাগবে আমি তর পরতাম পারতাম না আআমরাতোপরবারটি স্টাইক ন ফেমিলি
/kaggle/input/regspeech12/test/test_tangail_0127.wav,কিন্তু সেটা আর হইল রে এখন তোমার হয় দাবা নো লাখ চলতেছে এই দাবানলেকে এরকম হইতে পারে আমাদের সুন্দর বনে আগুন লেগে যেতে পারে হানা আমি তো দেখছি বড় বড় কান জিতে এরকম হয়অতিগরমের কারণে বিভিন্ন জায়গায়
/kaggle/input/regspeech12/test/test_kishoreganj_0126.wav,তেলগ্যাসকয়লা তেল গাস করে ইত্যাদি ব্যব বাগ এই জিবজলান হিসেবে ব্যবহার দূষনের প্রধান উনি উৎস
/kaggle/input/regspeech12/test/test_sylhet_0154.wav,তা লাগে
/kaggle/input/regspeech12/test/test_chittagong_0078.wav,সালো জুল ফরে গে না জুলাই খরলে আইসাইসাইকির ইত্তা বাবি সিন্তি নাই তোরা ঘুর মত বাইবোইন
/kaggle/input/regspeech12/test/test_habiganj_0116.wav,বাজার টাজার তাইন ইবার দা দরদাম কি জিনিসপত্র গরু কি রকম
/kaggle/input/regspeech12/test/test_sylhet_0604.wav,আমরা তুমার ভেবে এটে লাশটে আর হাসি যে মানে নাবলিমাডেমে লিমারার বেড়াছাড়াও হাজী দতালিফপেআয়াক লাগে
/kaggle/input/regspeech12/test/test_sylhet_0396.wav,না মানুষ আস সবকিছু ফাই কি রানা খুজা আর দিদির কে ছিলাম বারি
/kaggle/input/regspeech12/test/test_sylhet_0736.wav,জানি রাতুল বারাই ছোট বেলা তারার সকাল টিমে কিছু না মামা কিস্তি দে কিতা
/kaggle/input/regspeech12/test/test_rangpur_0048.wav,ইটা নি গরিবা বলে রেবা রে মুই আছে মেলা
/kaggle/input/regspeech12/test/test_sylhet_0629.wav,ফিনলে পিনারপনালায়ইড় ইচ্চা দেখতাম মাল ত পিকনিকো চাই বিলের নাও দিন
/kaggle/input/regspeech12/test/test_habiganj_0004.wav,সারা জিগানি ডাকি ঠিক ন
/kaggle/input/regspeech12/test/test_sylhet_0374.wav,খুব গুছাই লাগবে ম্যাডামের দিকে বেলেস আসলে আমার সার পারে কোপারেটিভ বলতে ধর তাইন যে কোনো সময় যে একেবারে খাবার রেডি করিয়া টেবিলও লইয়া বাড়িয়া খাবানি লাগব সার্চ করা লাগবে এইটাই পর্যা
/kaggle/input/regspeech12/test/test_sylhet_0468.wav,এম বি সি ন্যান ও যে যা যদি একটা বাচ্চ অফিসত বাফের মামা কবার গরের
/kaggle/input/regspeech12/test/test_sylhet_0620.wav,নতবমেযাগর্দিন না তানার বুজরা নাই পানিটা মুলেফাউদিসা ইলা খাইতা ফালগুরাাযেজির গুড আলীর হাটিকিনাসলমানে আঙ্কেলের দেহা শোনা টাহিনটিইনিয়ন
/kaggle/input/regspeech12/test/test_chittagong_0022.wav,আরাদনা বোলে বলে হইতে পারে লাই সারা গন্ডা যা একটা ই এনে হরি বোধ নেশা নেশা অইরে মোবাইলের একটি মালাত টাল্টা হতি কিগু বুনা
/kaggle/input/regspeech12/test/test_sylhet_0284.wav,ওসময় বাড়ির কেছি বুট দেওয়ার লাইগ্যা ভোট দেওয়া কেচি করে ভুটারণুর মাঝে আমার ভার সুরামারি দেখছে দেখিয়া
/kaggle/input/regspeech12/test/test_sylhet_0439.wav,নর জালা হান দারে বাবা ফরে আল্লার হইলে তো বালা পরে একটু একটু ভেন্ডি আল্লাই দিলাই মিল বালা দুই বছরের গেছে শিশু
/kaggle/input/regspeech12/test/test_sylhet_0427.wav,তো তার মুম্বাই ইনডেক্স বিছনাত জানিনা কুম্বা গ্যাছি ফরে তমার বাহি মাস্তা
/kaggle/input/regspeech12/test/test_chittagong_0040.wav,কান্দি কি আর গরম করি কিন দিতা বিজিত আই ভিতে ফেলছে মানা কি তুমি না সুফালিলেওইল্লা দানা মুখ হতাগিন
/kaggle/input/regspeech12/test/test_sylhet_0521.wav,হালকা মতো গাদা জুড়েপড়ায় বা না ফরা হাত নাই হই তে লা সাকিবে তা
/kaggle/input/regspeech12/test/test_narail_0117.wav,ছোট স্টুডেন্ট নয়াস্টুডেন্টপমত কত স্টুডেন্টে মানুষ করে ছেরিলাম তুমি মনে করা যদি
/kaggle/input/regspeech12/test/test_sylhet_0407.wav,টিনা আমরা ওতার লাগি ফেব্রুয়ারি এপ্রিল তাকি নতুন বাসাতে করি বাজে সরমে হিনে সমস্যা
/kaggle/input/regspeech12/test/test_sylhet_0290.wav,অত চাওয়াপাওয়া থাকতো না সামাজিক যে প্রত্যাশা ওগলা থাকতো না তারা মিলে যাইব আর আমরা তো চাও়াউ নাই যাইও তো তখন গিয়া এন্গেজমেন্ট উটো তারা বাড়িথেকে মানুষ ইতে আইয়ানাদেখল
/kaggle/input/regspeech12/test/test_tangail_0124.wav,দিতে সেকেন্ড তাদের লস এতো পরিমাণে বেশি হইছে যে তাদের ওই টাকাই হচ্ছে না এখন ওইদিন দেখলি না নিউজ ফেডে তো টেক্সি সাকিব সাকিব আল হাসান নাকি দিলেও বিশ হাজার জাস্ট ইফতারি করার জন্য ওর ফাউন্ডেশন পিছন দি আরো অনেক টাকা দিছে কিন্তু ইফসামনে দিয়ে হচ্ছে ইফতারির জন্য বিশাজতা গেছে এজন্য যারে ডায়লেইটর বেশ
/kaggle/input/regspeech12/test/test_barishal_0074.wav,বলার বরবদনামকয় না কারে সরাসতিবেলাইলে কোনে দে
/kaggle/input/regspeech12/test/test_sandwip_0095.wav,রাখে না আম্মা লিখি দে শিখবার কি
/kaggle/input/regspeech12/test/test_sylhet_0580.wav,শিওর জানে না আমার যা অচ্ছা সবাইকে বেশি বোরিং লাগে ওপাধনশিল্পী নিজের গা আন জাম গাওয়া
/kaggle/input/regspeech12/test/test_kishoreganj_0128.wav,তোরা লর করে দইয়াবলালেহা দিশাঁদলাতৈমুখ কুনদিন কাটলে লাল কি
/kaggle/input/regspeech12/test/test_habiganj_0019.wav,মনে জলির আসাদুল এরা ইলার জিকে সাথে সঙ্কর পর সভাত ২১০বিয়াহে২২১২ বছরের রিলেশনে
/kaggle/input/regspeech12/test/test_sandwip_0117.wav,অথচ যে ভালো মানে মাস্টার কিন্তু মাঝে কজ মনে না বেশি গেছে সারে এটাই
/kaggle/input/regspeech12/test/test_sylhet_0233.wav,মতো পুরাটা আর ওতা করতে করতে ডিসিশন নিতে নিতে রেজাল বারে রেদলবাড়িসে সারা জেলার মাঝে যখন ফার্স্ট হই গেছি তহন তো বাই সেন্টোরিয়া
/kaggle/input/regspeech12/test/test_habiganj_0001.wav,কদিন ফরে ফলে লইবোনে না তিন নাতিনি
/kaggle/input/regspeech12/test/test_comilla_0023.wav,এই মেয়েটার এই ঘটনাটা আসলে রুহীও অনেক শক খাইছে ওজন বাসা কান্না কর্তকর্তা আসছে আমি তো অনেক ভয়যেছিকোথায় বাতা আছে সভাপতি আমি যে ওর হাত পা দেখতেছি কিছে তোমার কি ইসে বলতেছি পরে ও বলতেছে আমার কিছু হয়না তুমি নুসাইবাকে বাচাও
/kaggle/input/regspeech12/test/test_sylhet_0269.wav,ইউনিভার্সিটির টিচার লতা মাতা মাতি মাজে তাই হুস্টেলো থাকত পারব বালা প্রথম দশজনকে সিলেক্ট খুশি রানতে তাই আসে দিয়াাাওমি হুস্টেলো উঠলাম
/kaggle/input/regspeech12/test/test_rangpur_0071.wav,গা মিমাল্লািেসেজে না
/kaggle/input/regspeech12/test/test_sylhet_0618.wav,আংকেল বডর না মানে দেখতে জানা খেলে লাখান টাই নি তাইনে লেখা নসুস্থওৎওয়াই ফার ক্যান্সারএকদিন ধর অসুস্থ
/kaggle/input/regspeech12/test/test_sylhet_0023.wav,করে অষ্টমেষ্টমিল মেইন দ্বীয়দিনবড় পর্শঅস্মীতিতির দিন আমরা নাখে থাকব তাকে একই বেশি সমান ১০টা ১১া
/kaggle/input/regspeech12/test/test_tangail_0013.wav,ফেরি তখন পুরা ভাঙা পড়ে আর ফেডের সাথে আরো কিছু মানুষের পরিচয় হয় যে যারা আসলে ওই যারা অ্যালবামমিলিস্ট দেয় ওই কোম পানি গুলা কার কি যারা আসলে ফেডির এই জনপ্রিয়তাররা ছলে তারা পছন্দ করেনি তারা চাইছিল ফেড জানি
/kaggle/input/regspeech12/test/test_narsingdi_0114.wav,কিমাক্সুনোইয়ার ওপেনিং কিতি শাস্ত্রেমনস্র ডেমনসলেখিরার একগাস্লেয়ারে তার ইনশাল্লা ডাম দিবো মার নামে গেছে কবি করা জিবদামে
/kaggle/input/regspeech12/test/test_rangpur_0115.wav,এগু ভালোই আছে সোহাগের ঘরে সোহাগের বসা তে যে খাতির মনেকর কালাই টালাই দে শাকসব্জি দে মরি আকবার গেনু মাজোতে গেছনু তাতে এইরকম অনেক উপকার
/kaggle/input/regspeech12/test/test_kishoreganj_0038.wav,হাউজোজনবাআপেকি বা
/kaggle/input/regspeech12/test/test_sylhet_0181.wav,তারা দুই বইনের সাথে তারা রাস্তা বান্দ
/kaggle/input/regspeech12/test/test_barishal_0023.wav,কেলা রি আর বাইর দারে জীবনেও ঘুরি নাই বদনামের কোনো কথা একবেলা অসুখ নিচ গেছে সামিরা
/kaggle/input/regspeech12/test/test_rangpur_0069.wav,কালকে মা সান রিমা উখনা করাই ফিমা আর কালকে নিয়েনেমনেমাজ নিয়েযাফিে
/kaggle/input/regspeech12/test/test_sylhet_0602.wav,র এখন দিকে কেমনে আমি মনো রাখতাম পারি আমি তখন জন সর মেমোরি কোলো মানে কিতা সি কুইটে আমি তো না মন বেডা সপ্তা বুলি দের বেরা মি জাগাত কেমনে মনো কিনবা আবির মানে টিচারের আশা ব্যাফারে বালা কুহিনুর ম্যাডাম এরা উদ্যাসময় তিন্চুন মাত্র
/kaggle/input/regspeech12/test/test_sylhet_0247.wav,আমি কিতা খাইরা খই থাকলাম কিভাবে থাকলাম উঠার চাইতো আমার মাঝে বেশি কাজ করতে যা মানের সেই কারণে বিয়াবাঙ্গাইয়া নিয়া হোস্টেলও দিলা আমি যদি বালা বোতল করি না বা বাইরের মানুষ জব যারা মেয়ানমার হোসেন তারা মুখের প্রেম আকবার
/kaggle/input/regspeech12/test/test_narail_0182.wav,কি করছে পথে শুনি না মাজা তা
/kaggle/input/regspeech12/test/test_tangail_0006.wav,কিন্তু ঘুইরে যাওয়ার পরেও আবার আইসা যারা ও জরা ব্যান্ডের যারা ইয়া থাকে আরা পৈশা আছে অক সামনে একটা গানের দূরে লাইন শুনা যায় পরার আতো পুরা অবাক হয়ে যায় পরা ভাবতে ও পারে নাই তে এ রকম একটা ভয়েজপড়া পাব
/kaggle/input/regspeech12/test/test_sylhet_0520.wav,তারিনার মাহদি ফেরচনরশাকিবদের জুড়েযারে আমি রচনা হটা ফরাইছি এর মাপাতাছে মাদকাশক্তি রক্ষা রিতা জীবন কনাসিক বউ ডো আইতে
/kaggle/input/regspeech12/test/test_tangail_0053.wav,তে মনে কিন্তু ইফান খান ভাবছিল যে একবার হয়তো অরকাচাইশা আবার চলে যাব মানে আমরা অনেক সময় কুকুরবিড়ালে যে রকম আদর করি ওই রকম একটা আদর দিতে চাইছি
/kaggle/input/regspeech12/test/test_sylhet_0137.wav,ছি পাকাসময় মা পাইলাম কিতা খাম খরা তা স্যান কিলে বাইলে না আমরা দুপুরে খাই ইনিতো
/kaggle/input/regspeech12/test/test_narail_0151.wav,তুমি ফোন দিছিল ফোন দিল্লিথাই ব্যস্ত তা বান্দা আজকে ন কথাই মা আনে ফেল তোমার কথা ফোনটনদেছেল অনেকে লামার
/kaggle/input/regspeech12/test/test_tangail_0073.wav,করির মানে একদিন যাইতো আরেকদিন যায় না অর্ধ বন্দু রাসওয়রের সাহায্য করে ধারদে না করে চলতেছে কিন্তু অরদে ফ্যামিলি আছে বুলন ধরনের ফ্যামিলি ও ফ্যামিলি তো আর মানে মানে টলা করতেছে যার ফ্যামিলি
/kaggle/input/regspeech12/test/test_kishoreganj_0081.wav,অ্যানেবিয়া নাবেদুলিংরজকা দলে টাইম
/kaggle/input/regspeech12/test/test_sylhet_0197.wav,দি বা আম অঙ্কড়াইটা ইংরেজি ডরাই আবার ফরাইতা বলতে আমারে সরাসরি আব্বা করাইছি না আব্বার করছুন দ্য মণ্ডল পডর যে জন তান যেতে তাইন তালি ও ছুটো জন দেতে এর ফরে তাইন দওসুটোজদ আমরা একবারেই আরকবাইরে পড়াইতা
/kaggle/input/regspeech12/test/test_sylhet_0561.wav,পা একবারে তো দশটা পর্যন্ত টু অন ইনকোর্স রাইতের মাঝে তে পেইছা ফ্ফেলা পর্যন্ত ডিপার্টমেন্টের হ্যার দে গোসা রেখা লেখি সামনা সার রুমো ফর্মা আমি তালি আসাম সব আসকে
/kaggle/input/regspeech12/test/test_kishoreganj_0151.wav,সকাল
/kaggle/input/regspeech12/test/test_sylhet_0129.wav,তেরোটা পাওয়াযাবে সমস্যা ব্যাংকে তে শহীদ হিন্দি
/kaggle/input/regspeech12/test/test_sylhet_0711.wav,হালা ফরালেহার হ বছর হিসেবিয়ার জা আডা ফার
/kaggle/input/regspeech12/test/test_sylhet_0365.wav,মালিক
/kaggle/input/regspeech12/test/test_comilla_0030.wav,কিন্তু তা আটা হেছে যে হাইসে কথা কারণ ওদের স্কুলের যে ই স্কুলের দুলনাটার পিছনে যে বিল্ডিংটা এ বিল্ডিং হেতে থাকেও যে ইউনিমাডামের যে গাটগুলা থাকে বর্ডার গার্ডের যে সদস্যরা ওরা থাকে তো ওদের জন্য নাকি লাইন দেওয়া হইছে এই স্কুল থেকে
/kaggle/input/regspeech12/test/test_rangpur_0100.wav,দাম দাম বেশি ধরণের এই সমস্যাটা এত সব জিনিসের দাম না বেশি দামের কারণে ঝামেলাটা বেশি আর কি সবাই
/kaggle/input/regspeech12/test/test_sylhet_0631.wav,শান্ত কালী কা ইতি দিন কিরে ফরাইতারতাম আটেনা রে ফাঁস করি ভালোভাবে ফাঁস করে
/kaggle/input/regspeech12/test/test_sylhet_0186.wav,
/kaggle/input/regspeech12/test/test_narail_0073.wav,কুন কাকার মূলগেউঠওগেধুয়ে ওরা পাশে থাকতো মা যারা ঘরে মায়ারা ফরি ও ওই জায়গাথাইায়া চালটা খাতা
/kaggle/input/regspeech12/test/test_chittagong_0103.wav,নাই অফিসমজাইগিয়ে চলি
/kaggle/input/regspeech12/test/test_kishoreganj_0170.wav,তার তা খুব লাল ডর্ম জমিটা টা কুলাম ডেটার দা তম দা বত বিজিটনাসক এবং রাসায়নিক সাজি ব্যবহার কমি
/kaggle/input/regspeech12/test/test_rangpur_0125.wav,ই মোটামুটি ভালো হইতেছে সমস্যা নাই শুধু মনে টাকা দিসি ওটে জন্য করা আদি দশ করে
/kaggle/input/regspeech12/test/test_rangpur_0096.wav,হানিফ মাজির বারি দিন যার তারা ডি মাল মাস আর গোস্ত খাজে বাড়িলে
/kaggle/input/regspeech12/test/test_barishal_0006.wav,হ্যার ছয়পোলাতিনমাইয়া সবাই বডর করলেন শিক্ষিত রা এগিয়ে আমি দেখছি
/kaggle/input/regspeech12/test/test_rangpur_0119.wav,গনিকাাআগনিগালা যা নি ঠাক গেলে নে থাকে গেলে দিকি যাইবে ই
/kaggle/input/regspeech12/test/test_barishal_0024.wav,হতা বাস না তে কইলেই না বাসা খনে বেটা কথা তা বাস না এইডা এইডার সরব পরিবর্তন নার প্রযোজন আ
/kaggle/input/regspeech12/test/test_kishoreganj_0143.wav,বাহাঙ্গীবাহাঙ্গী সবুজ বঙ্গের বাহাঙ্গীর সবঙ্াকলেহরুদবা শুনালি রঙ শুনালি প্রথম সে কিটনাসবস্তলি আবদ্ধ
/kaggle/input/regspeech12/test/test_tangail_0065.wav,খন নিউইয়র্ক মানে কম চলতে চলতে ছবিতে দেখা যে একটা নিউ ইয়রকের সময় এসে মানে হোটেল জোরা পার্টি স্টাবদের আলাদা পার্টি জায়গা আবার যারা কর্পোরেট অদের একটা আলাদা পার্টির জায়গা আছে নে যারা স্টার পরাত আর
/kaggle/input/regspeech12/test/test_habiganj_0109.wav,যেমন হিসাববিজ্ঞান ফিনান্স বেসাদ্যকণিত ইংলিশ বাংলা পর বিজ্ঞান ইনকাকনডেস বিটি বাকি কিছু চাপের আসল উই বাধিছে
/kaggle/input/regspeech12/test/test_barishal_0009.wav,টু সডিক ছডি ফিন্দা পরিচয় দিলেই বোরপ্যাটিসে থাকে না হাসে কি করবে উনি ওনার বাবা রইছে নে না এরম
/kaggle/input/regspeech12/test/test_narail_0133.wav,বিনা আমার ওছ পারি বশমরইন্িরট এনডিটা বারি করে দিবা
/kaggle/input/regspeech12/test/test_sylhet_0494.wav,মারি না রাস্তা বরা তারার নামাজ বক্ত থা না ফরি আছে আই বিরানির নাই তা হাইতা ইতা তাইন অনেক দাদুর ঘরে দোকান লাখান সুস্থ মন রঞ্জন করি একটু তুলনা একজন টাবি বসতাম জন আমার টাস ফোর
/kaggle/input/regspeech12/test/test_comilla_0009.wav,রুহিচেচাচছিল রুহি উঠতে কিন্তু নুসাইবা বলতেছে না আমি উঠি তুই যা তর তো নাচের ইয়ারসাল আছে তো এক পর্যায়েরহ ভাবলো যে হ্যায় আমার তো মাচার িয়ারসেল যেতে হবে আমি চলে যাই তুই দুল না খা দোলখাজুলনায় তো রুহিওকে ছেড়ে দিয়ে
/kaggle/input/regspeech12/test/test_sylhet_0350.wav,তখন গেলাম ঢাকা টা ওরিয়েন্টেশন প্রোগ্রাম গি ফাইসি মন্ত্রী সচিব ডি দি যারা আছে শিক্ষামন্ত্রী নে
/kaggle/input/regspeech12/test/test_sylhet_0513.wav,এগুন অপারেশন পর জানতা আমার পরে আমি মার পুরা শুরু করছি মুজিয়া
/kaggle/input/regspeech12/test/test_barishal_0004.wav,মিলিয়ে গেছে হেনের মেয়র গেছে নানান প্রশ্ন হে মনে করেন এক লোক চালাইলে হইযে দেখলাম পাঁচ জনে অনেক প্রশ্ন করা শেষে মাফ চাই ক আমি
/kaggle/input/regspeech12/test/test_tangail_0112.wav,তার মার মনে হয়ওই বিল্ডিং করার জন্যই কেউ চক্রান্ত করে আগুন লাগা দিছি দেখ আমাদের দেশে ব্যবসা হয় জাস্ট এই দুইটা ইদ দুইটা ঈদে হচ্ছে দেশে ব্যবসাময় তারা অনেকে আছে যে রিন টিন করে
/kaggle/input/regspeech12/test/test_kishoreganj_0172.wav,তলে তলে তোমাদের বিটা মত
/kaggle/input/regspeech12/test/test_sylhet_0314.wav,একদম প্রাইমারি জিবলা লাগব এদের চিল গুলা আনি লিসেন আরগারবাভিরা সকালবেলা উটিয়ামিনদিনটি বাটিয়ারলেফা বা দিলা বিলাইসে নতুন ও ডিজাইন ডিজাইন না ঘোষণা সল করা শুরু করা ইয়ালইয়া গেছেন কে সুনামগঞ্জ গিয়াওপার্লারোর মানুষ আনি দিছেন বাসাত
/kaggle/input/regspeech12/test/test_sylhet_0422.wav,দিবার জানেন আমি কষ্ট করি আমরা
/kaggle/input/regspeech12/test/test_sylhet_0382.wav,তুমি দু ফোরতায় তাও ধুত আমরা ঋণ তেকে শোহরোগিয়া করা তো সহজ না রাস্তাঘাট বালা না যোগাযোগ ব্যবস্থা বালা না একলা কলা তাই টা এবার তা না রাস্তার মাঝে গ্রামর টোনে ইও আছে সমস্যা মেয়েরাবা় করা বিষ্ঠলতা খালা কারে পালা পড়লেহুষ্ঠলতা কিয়াপরবা যাতে যাতায়াত ব্যবস্থাটা সুহে সমস্যা হয় না
/kaggle/input/regspeech12/test/test_kishoreganj_0040.wav,যা নাম গুলা সারগুয়াএেলিবা রাকিবের আমি তুল আকে লাক লাক
/kaggle/input/regspeech12/test/test_rangpur_0018.wav,দেশ রবি আছেনা কাডের দে মাগির মোর কিছু আবার না ব্যাতা লাকরি দিকে করবেন
/kaggle/input/regspeech12/test/test_barishal_0058.wav,হেরুম যদি ডা টামি করতাম খরা করি ওমর বাদ ধরতে না নে না সেন্টার ঝির দিন বলে যে
/kaggle/input/regspeech12/test/test_narail_0183.wav,পানি ছিলেএকমাশেই জানাই মামা সস
/kaggle/input/regspeech12/test/test_sylhet_0403.wav,যে অসুস্থ মানুষ আমি তাই এলা বিশেষ শনিবার হাসবে আলি লাখেও তাহলে জীবনেই লাগাতার
/kaggle/input/regspeech12/test/test_kishoreganj_0026.wav,তা ভুলটুল করে খান নাহি হ বেলা খুবই একে হানা কম বিডা দি এসব কাজ করে নাম কি ক তত পরিচিত অনেক কম বিটা দেও তা হা
/kaggle/input/regspeech12/test/test_kishoreganj_0005.wav,এনে আগাত দিলে সান নি বাইরে বালা
/kaggle/input/regspeech12/test/test_sylhet_0689.wav,গতবার চাবার চালা সুখে সংসার সেনরে ফোর্ট পয়েন্টে লেখা হরা ন জেরে বিতির বিগা র‍্যাম্বে বালা গান পারে হচ্ছে আনতে বা দিলাম ফুরিরে বিল তিন সারা ফাইলাম
/kaggle/input/regspeech12/test/test_comilla_0018.wav,এখানে কয়েকটা বিষয় আসলে কি কারেন্টের শক লাগল কি না কিন্তু ওদের স্কুলে কিন্তু দেশ শিটের সকালে মনে শিটের ক্লাসে ওরে ডে সিটে যায়মনিং শিতে সবাই ধুলনাতে উঠলো কারো শট লাগল না এরপরে ও নুসাইবা বসের আকমুহূর্তও কিন্তু ধুলাতা
/kaggle/input/regspeech12/test/test_barishal_0088.wav,তুই কাবার উপরে চোখর হেইর পর দান্দানু চিতে এলাকা নামাইলে
/kaggle/input/regspeech12/test/test_tangail_0045.wav,রে পাই একটা ভোট পাই মানি ফান খানে একটা ভোট পাই ওই ভোটে করে কোনো রকম আর কেউ রা টু বাসে পরে সকালে উঠে তে যে ওর সাথে এই ই বাঘটাযা়ছে রিচাটপার্কার ও সাতার কাটতেছে পরে
/kaggle/input/regspeech12/test/test_tangail_0032.wav,সারা যাইতে নাই প্লেনে তহন বিমানের ফ্লাইটে সারা ওই পাচ ডলারের ই নোটটা দেখে নাম বাডি নোটটাবারোযার কাছে ফিরে আসে পরে সে বিমান থেয়াতাড়াতাড়ি নাই না ওই নিউার্নিউার ই বেজ
/kaggle/input/regspeech12/test/test_sylhet_0742.wav,নাই মা সার বিমা ভিন্ন বিছনা থান্ডা ও দোলে
/kaggle/input/regspeech12/test/test_chittagong_0112.wav,মানে ছবি টবি জাহাজে ব্যাজ্ঞানিকেএন আফরে ছবি হতা যে আপতমলািোতা সটাঙগসিডাংগরম ফুললে
/kaggle/input/regspeech12/test/test_narsingdi_0040.wav,দিনের সকালকার গোসল নাগে ক্যা অবস্থা কিনবার অলরেডি এলেখাত ট্রামের নে সবার কার ডালা বিকম
/kaggle/input/regspeech12/test/test_kishoreganj_0024.wav,বিকাশে এন দামডা যা যেতা আছে ইতান নে গর এক বেলা সম্পদ নেন সাইলযেসবটিা কতাছে
/kaggle/input/regspeech12/test/test_comilla_0001.wav,আমরা স্বর্ণ গত পুচুর দামে যে
/kaggle/input/regspeech12/test/test_sylhet_0039.wav,পুকুরে বিসর্জন হ কিন্তু অনেক জায়গায়তো পুকুর নাই তারা খুঁজে বিশজন ঠাকুরে তারাকে দক্ষিণ সীমান ন দিয়াছে না নদীতে গিয়ে সবাই বিশ তে বিবরবিসর্জন করার পরে আমরা ইউস
/kaggle/input/regspeech12/test/test_habiganj_0088.wav,যার ঘুরাইছো নৌকা ভ্রমণ অনেকবার গেছি অনেক গুরাগুরি নেতাকর্ডার জায়গাতে আর কোনো জায়গাতম
/kaggle/input/regspeech12/test/test_habiganj_0056.wav,মা খালি হয় তৈরি রান তৈরি রান অহন দেহাযায় যদি মুরুগুরুগানে একদিন মুর গান ছিলাম আমি আমার দি মার আন্ডা চিল মাসে থেকে আমি লারাও বা দিতি ন বলে তরখারি অত মজা হইছে এহন সবাই খালি হয় তোমার দিকে তর মজাই ছে ন তৈরি রানবে অন মর গুরো গালে আমি এমন যন্ত্রনাত করি হালি আমার দে ওই রান্দার তহন ত আমি এমন বিপদ করছি আমি কই অহন একদিন আমার এমন বাজে হইরা রান্না লাগব যাতে মরদফভরে আমি কিতা খর
/kaggle/input/regspeech12/test/test_sylhet_0652.wav,ওলাও টাকা কাইটে খান্দানি উনাকে তো দেখা গেছে রাজা খারে দেখা যাবে লাই কথা পাখি যোকরিয়া বেশি
/kaggle/input/regspeech12/test/test_sylhet_0112.wav,নানার বাড়িকেখেখে আছে ও করে নিতা তারা আইনা বিসা নাস্তারাকিাাা তারা ফলে লিখসোসিয়ান
/kaggle/input/regspeech12/test/test_habiganj_0035.wav,লা মনে মনে হইতো আমি চুদির আনতাম ন দিন যে আমি আন্দোলন এরফরে তা হরতাল তে দেখতে দেখতে এরফরে আমি আমি বুঝা যায় যে আমি নারাইন দুই দেহা যাই মা র যাতে যে তার আন্দে আমি তার আনতার ফরে মারে আমি একদিন কই মা আমিরাননইগব সমান আমি
/kaggle/input/regspeech12/test/test_narail_0085.wav,দুইবার গেলাম তাবার দা আমারে দাওয়া শুরু হইসার করনকালে যে থাম তা ঠিক নাই
/kaggle/input/regspeech12/test/test_sylhet_0682.wav,খেলার আগে বন্ধ নাই সুহানে স্কুল বন্ধ থাকতে তারা হবার জানে না ফোনে জানি
/kaggle/input/regspeech12/test/test_sandwip_0057.wav,রান্না কার পরে ছাড়িদেওয়া ন্যা
/kaggle/input/regspeech12/test/test_narsingdi_0074.wav,সালামি দিবি আমার তা বিষ্টি সালামি বিশ্বাস গান আর বেশি
/kaggle/input/regspeech12/test/test_comilla_0021.wav,এইটার জন্য হইতে পারে যে কারেন্টের কিন্তু অন্য কাউন বাচ্চারা ত কাটা শক করে নাই বা ওর শরীর থেকে রুহী সবার প্রথমে ফাঁসটি রুগি দেখছে রিওর মাথায় যে স্পর্শ করছে রুহিরোকা়নটরে ধরে নাই এই সবতা এহন রুইরেল লাগে না এডা দো একটা লাগলাক সুকরিয়া আলার কাছে কিন্তু
/kaggle/input/regspeech12/test/test_chittagong_0148.wav,অন্য ন ন সেন সিকি ইআইবিতোকালামতা রানা ব্যানে কেন আছে
/kaggle/input/regspeech12/test/test_chittagong_0006.wav,তার আটা আটা বিশাল ডেডের আরা দেহিলি আফা এখান ব্যালা ইতি প্রিয়াঙ্কা ভালো হই যা হু নি এক প্রশস্ত চারজন
/kaggle/input/regspeech12/test/test_sylhet_0337.wav,তখন আমার বাই আইয়া কইরা আই সবতার খরিলাম সীতানকরিয়াদু পড়ালেসিজর গরাত গেলে যে ফরস লাগব সাকরি অত কিছু বার করিয়াতাইনেমার সিজারের রস দিবানে নরমাল ইলা আমার সিজার নিজে না মহল্লা অবস্থা পরীক্ষা
/kaggle/input/regspeech12/test/test_sylhet_0419.wav,তুমি আর অসুস্থ দোকান তুমি অসুস্থতা করিয়া দিবে আমি ওরকম আমার পোরসাব দরছে কিন্তু কি তখন দেবে সোহানে দিমুনি
/kaggle/input/regspeech12/test/test_sylhet_0640.wav,যা ড্রিংাানভারও দুইজন গান মুকাররম লে গাইল
/kaggle/input/regspeech12/test/test_chittagong_0167.wav,কি সমুদ্র ল্যান্ড আন্দোলন কি করে লাল তারা ক্রিকেট দেরি সরল কেউ বয়সারআগেদু দে থাকে
/kaggle/input/regspeech12/test/test_narsingdi_0080.wav,ফোর সে তারফর আমি খাল কার্সিনাদ্বীপে শেষ বলে মত হোতা নষ্ট করেছে বাবার ওবা না হা মাত্যাগ ইনজিও না আমার ডাদুদ্বহ্যায়ই নষ্ট করছে হাই নষ্ট করে সবার আহা নামে লেখে নেন
/kaggle/input/regspeech12/test/test_sylhet_0698.wav,না ফয়সালেফটবল আর ফুরি তুই
/kaggle/input/regspeech12/test/test_sylhet_0685.wav,বা বেরা সম্ভব শেষ নে
/kaggle/input/regspeech12/test/test_sylhet_0633.wav,লা লা যেহেত সবার হাতে রেস্টুরেন্টের প্রযুক্তি লাগি মেবি কিন্তু কতটুকু ফল কই টা বদ্ধ
/kaggle/input/regspeech12/test/test_sylhet_0119.wav,আবুল আর তর ইরাম ফরেনার ছারা খনে ইডা যে
/kaggle/input/regspeech12/test/test_sylhet_0628.wav,যে পছন্দ হইলে ফেরার কেলা বুশরা যে আরেকটা কাজিন তা নি আমরা কমার্স আতাই রবি প্রায়
/kaggle/input/regspeech12/test/test_sylhet_0144.wav,বাকি না কিতা খরে ফরন বাকি ছেলে মানে হে
/kaggle/input/regspeech12/test/test_sylhet_0646.wav,ধান না কিছু ইবে তক মতন নি
/kaggle/input/regspeech12/test/test_sylhet_0647.wav,পুরাই স্কুলো গাও রাতরে সেই হরি খইতারলে ধান কইলা টাকা না লবন
/kaggle/input/regspeech12/test/test_sylhet_0324.wav,মারে হ্যা আমি যত পরি তুমি তোমারে লইয়া্রুপয়সল শুরু করি শুরু করি কইয়া আছে তাইন কিতা লতা আইয়াকায়
/kaggle/input/regspeech12/test/test_sylhet_0517.wav,দাঁদুনা বালা হালকা গেলা সোমবার গত সোমবারে সকালে ফরি
/kaggle/input/regspeech12/test/test_sandwip_0099.wav,কি সাকিব যা তাই সাকিব
/kaggle/input/regspeech12/test/test_sylhet_0595.wav,থাই জাম মি আসা বারির সবাইকে
/kaggle/input/regspeech12/test/test_sylhet_0050.wav,প্রথমে নুডুস সিদ্ধ দে রাম পানি ওরা সিদ্ধ দে ইবা ডিম তা ডিমািয়াজনুর কারণ সারা মসলা দিয়া
/kaggle/input/regspeech12/test/test_tangail_0096.wav,পরে আশা আবার থাকি নারে বলে যে মারে পাই নাই তো এহন কি করবা তোমার তো আমি তোমাকে অনেক ভালোবাসি এরকম পরে কিন্তু ওই থাকিনা যে
/kaggle/input/regspeech12/test/test_sylhet_0371.wav,অবে শাসনে বাচ্চাটা হোয়া এখন আমি বুঝি যেতে আমার কতটা সাফর রইছে আল্লাহ অলয়ের আল্লাহ লোকে সবচেয়ে বড় পরিকল্পনা এখনো আমি চিন্তা করি যে
/kaggle/input/regspeech12/test/test_narsingdi_0082.wav,খাইবা আমি উফাই ইসলাম ফরে ফাইছিলাম দৌরা মেসি গ্যান পাই ওইরে আমার স্কুল লাইফে ফাসটা ছিল না খেলার মদায়াাইবে কেলা দে কি শিং তমাল লগে না আমি তো এক বছরের জুনিয়র আছিল
/kaggle/input/regspeech12/test/test_sylhet_0565.wav,হাডি রমা কমার্স ্যাাউ্িায়াল মিডিট তোমরার মেয়ে কিতা লাহিওরিনিনআ
/kaggle/input/regspeech12/test/test_narail_0164.wav,জেনু ও আছে তার দাদা কেরে
/kaggle/input/regspeech12/test/test_chittagong_0102.wav,দিবার খুননীয়ঘরমধ দি নি না ন লহরে কুশি আর গরম হুয়ালোকদে নাফিয়ান লোকে শুতে এরা সাম্যদায়দৈ বগু
/kaggle/input/regspeech12/test/test_kishoreganj_0096.wav,না বইলে
/kaggle/input/regspeech12/test/test_sylhet_0096.wav,বিতাল সেরা হরি কিতা ওই মুটা ওইলো সুতি দা অনেকে ই সালমান তা মুটা সমান তান কন্টিহাদিাতাই কৃষ্ণের বিষ্টি
/kaggle/input/regspeech12/test/test_sylhet_0068.wav,বাইরে তারারে পাহা এস বাবাকে তা ফান্ধিত দুইটা বইন্যা
/kaggle/input/regspeech12/test/test_rangpur_0057.wav,যেনে অনেকে কইছে যে এক বছর খাবার মজুত রাখার জন্যে যা ১৫দিনেতইিমজু রানলে আল্লা
/kaggle/input/regspeech12/test/test_sylhet_0150.wav,বা নাবিল মানি ও রকম বা থাকি হারে আমরার করা লেখা মা ফরাই মেহেদি হইল বডর ফরে
/kaggle/input/regspeech12/test/test_chittagong_0021.wav,গরি সিলেটের লেটার ভর্তি হল হাগ জন মরা লাগজে আর গম গরি মোবাইল টিক মোবাইলের বলে বরা মোবাইল টি বরা তে সুডনো নেই
/kaggle/input/regspeech12/test/test_chittagong_0024.wav,অবস্থা চ্যাক তুন আবার বা ডাকাত গেলাম অশিক্ষা টেহার কাম বোধ কষ্ট করি আরম্ব না অসুখ নি জিমে সিমের কেউই সিটির বুলন মানলি
/kaggle/input/regspeech12/test/test_rangpur_0011.wav,ইবের বেডির তো আদাই ফিরে নিসে তোমরা আসবে দেন তি
/kaggle/input/regspeech12/test/test_sandwip_0129.wav,অঙ্গানুলারেরের বাইরে কারো ইন অল বন অলে না কাকা লাই হিসেবে শুধু শুধু নিজের টিনা খরচকরহইয়া করা আর অংকার না কাসেম ন দি গুলাই নি যেততে হইতো না হউরের আগুন
/kaggle/input/regspeech12/test/test_sylhet_0490.wav,দারাতে আমি সুস্থ মানুষ আর আজকের কারণ তারটা সুস্থ নি আমি আরও আশা যত সুস্থ ইসি তারফরে হনে আমি নিরাশ দুর্বল ইলা তারপর সাহস কর আমি যদি কি নিজের ভবিষ্যতে কিছু আল্লাহ নে আমার ভবিষ্যতটা সুন্দর হরিয়াদে মৌ টা আশা এরও কত বডর অসুস্থ তরিক ন বই হই সাহস তো শাহ ত লোক আলার চুল তখন যে সাহস ক যে পরে হেরে আমি সব সময় আকবর
/kaggle/input/regspeech12/test/test_sylhet_0341.wav,তখন ১০টা থেকেই পা০টাবার্যন্ত পরীক্ষার দেওয়া তিন মাসের বাচ্চা রাখি ইতা মানে মুহান যুদ্ধ আর সেন্টার তিন তোমার সরকারি কলেজও বাসা সিরাজ মুহে পরীক্ষার যাইতাম গি না তখন আমরা বড়জাআইতে পারে আমার ছেলেরে দেখার লাগে কার
/kaggle/input/regspeech12/test/test_sylhet_0055.wav,বইনের ছেলে তে আফনেরার ছোট বেলালে কিছু খইন মানে বাড়ুপিন্ডা একসাথে কি রকম মজা ওইতো ত সুটবুলাও অনেক কষ্টে
/kaggle/input/regspeech12/test/test_rangpur_0006.wav,যাবি মারে মা দেন গরি মেলা কালি গাডি হানে রানা দাগে
/kaggle/input/regspeech12/test/test_sylhet_0017.wav,গাড়িতেনিয়ে আঞ্চলিক পোকা গোটা করেন ওর্ডার না হ যে ঠাকুরের গেছে বারা বিসর্জন বিসর্জন দেওয়া় দশ দিন কি নের আনন্দ মালেক রাস্তার গা রুডি যায় তারা গাড়িনিয়ে মানে যায় পরে আইসে বিষ্টি
/kaggle/input/regspeech12/test/test_chittagong_0176.wav,বর বর এডা সবসময কিছু ন তাহা ইযে না মাঝে মাঝে তারা কিছু সমস্যা আছে না কিছু না কিন্তু কিছু কিছু আঁকি কই
/kaggle/input/regspeech12/test/test_sylhet_0372.wav,তারার লাগে যেটা ভালো তারা লাগে যেটা উত্তর নিচ্ছে সে টালা দিবা আর আমি যদি র পথে মানে সেটা দিবা সৎ পথের মাঝে থাকে দেড়াবে যদি আমি ওই পত্যা দেখাই যায় তাইলে শাল্লা তারাও কোনো না কোনো প্রতি মাঝে
/kaggle/input/regspeech12/test/test_sylhet_0291.wav,দেখি তোমার সার তোমার সারের সাথে আমার মিটনায় তার বাড়ির মানুষের সাথে খাওয়াদাও হইছে কথাবার্তা ও ডেট কে যে ডিড ফোরে ফিক্স করা ওই বলে এনগেজমেন্টটা উই জাক
/kaggle/input/regspeech12/test/test_narail_0021.wav,জীবন কতার পরি মামারে কথা তরে ই মাইসে সাই সুবাস থেকে সব আসিয়াএসে এস এসে বুলন গুলো কথা এ বিশ মেল আদি নাই ও তোমার বড়দিরিমা ছোট মামি প্রমি আইসেন
/kaggle/input/regspeech12/test/test_chittagong_0086.wav,যান বুলি দিলে হু সিগনাল আর না এরকম চলত ন আরার আনাত স্কুল হ্যা এরগাপলিমায় আছে অত তুল না ক্লিতাইবিত খোলার হ করে তাখলে বেশি মোটা ঘুরি মানে
/kaggle/input/regspeech12/test/test_kishoreganj_0200.wav,থাকি
/kaggle/input/regspeech12/test/test_sylhet_0523.wav,ঠান্ডা লাগে লইলাম না ঠান্ডা নাই আমি কার পাতা মামলা
/kaggle/input/regspeech12/test/test_sylhet_0322.wav,তা খুব কম মাইক তাইন যখন কলেজ থিকা খুর্তা অলরেডি আমার যখন ইউস এনগেজমেন্ট হইছে ইনগেজমেন্ট এবং বি আর মাজামাজি টাই মোতায়নের এমপিআইসি তাই নটা কলেজও ডুকফিলা কিন্তু এমপি আইসে এখন যেটা বাসে
/kaggle/input/regspeech12/test/test_rangpur_0083.wav,কাজের ধরন ফালানের কিন্তু আছে হাতিরমাযেমন চলে একজন কিষি ধরন ধরন হাতিরা আছে আরও বাপ ন
/kaggle/input/regspeech12/test/test_habiganj_0011.wav,বয়সহ়তো আর এরাই বিদেশ বারাইবইতািাাত রিতা না আমি আন্তামাসলম উইবিসকিজিনার কি
/kaggle/input/regspeech12/test/test_sylhet_0272.wav,তই গুটু ফাইবার ডারে গাছও গেছে না ই শুরু সে আরেক কান্দা বা তোমারে টার্গেট দিলে আমি তো টার্গেট পর্যন্ত পৌঁচতে পারলাম না ন সস না ইটা তো অনেক আনাছ মি এক্স মিস গেসে ফরিস মি বালা
/kaggle/input/regspeech12/test/test_sylhet_0180.wav,বিডিও হা আমরা আমরা তো ফরাশোনা ফরি স্টুডে একটা প্রতিবেদন লেকাকোরসার লিগা আর কিছু না
/kaggle/input/regspeech12/test/test_barishal_0032.wav,
/kaggle/input/regspeech12/test/test_narsingdi_0090.wav,বারে করা বা যদি সারা স্পিকারখাকাখাি সারা
/kaggle/input/regspeech12/test/test_sylhet_0643.wav,জমি কুন সেজো আত মানে কি তাকি তাই যা সহালে বিশেষ পুরস্কার মালিক সে ফিরা হাত পারে থাকছিল টি বস্তি এটি বাচা মারা
/kaggle/input/regspeech12/test/test_habiganj_0073.wav,কিন্তু জানতা দিতে শিখা হ্যাঁ আমরা কলেজের আগে গ্লাস ছিক
/kaggle/input/regspeech12/test/test_sylhet_0312.wav,কথা হইবে মেন্দি নলাম না শাজুগুজুগল্লাম না কোনো দি শুকি না বাটা হইল না রাত্রাই এখন সকালে বিয়াইতাকিহাসাওিয়া পরেরদিন বাবিরাদিয়া এনে এনে
/kaggle/input/regspeech12/test/test_sylhet_0317.wav,রাজমোহলতাে ফরে তাইন বাসা লিসেন করে হুস্টেলো যে আমার সায়েরকাফাসিল শাহ সার ফাতিল ছিল রান্দার যে ছুটোখাটো মেটেরিয়াল চাছিল টাল বাসন
/kaggle/input/regspeech12/test/test_sylhet_0619.wav,নারিনে মারে কল দেয়া হইছে আমার সামা আমি হরে বুলন থাফা হলে না কেনে দিন থাকে ও মারার ফরার দিন তারা আবার রাত্রে ইটার য্যাকোনেটা খাজরমেয়ে নানি ফানি দিলাই তারা বারিওগেসলে না ফানি
/kaggle/input/regspeech12/test/test_narsingdi_0099.wav,সারা সুন্দর ইলা ভাবা যাই আমাদের ভাইগুলো বিয়ের হয়ে গেছে গা ক্যা
/kaggle/input/regspeech12/test/test_sylhet_0340.wav,রেল এখন রিটেন পরীক্ষা দিতে ফেটের ভিতরে তাকলে তে আর এক শান্তি থেকে বাইরে যখন তুল আলাদা এলাকা অবমানবাদে ই প্রথম বিসিএস সস্গিতার সকালেও পরীক্ষা বিকালেও পরীক্ষা সাল ১০টার থেকেই একটা আবার দুইটা থেকেই পাসটা
/kaggle/input/regspeech12/test/test_narail_0051.wav,একবার হনে টাকা মা ফত্তর বাবা জানে যে সব তাকা ওগে তোর বাবা আইসলা ফিছে কা না তা শুনাই তারফর হ কুটু বত সে সময়একদেরা ফারি ভুতেছিলাম অনিকরে ছিলাম তো তারা যত নাজির নাই
/kaggle/input/regspeech12/test/test_narail_0097.wav,বানা না দান ত দেহা গেল লেওন তাকা
/kaggle/input/regspeech12/test/test_barishal_0059.wav,মা আমনে হোনেন বোঝে আমি কিন্তু আমার দেহে নেইরও বেলেডের দুই দারে দান না মর রুম দুই দিক চলে নো একদিন চলে না মোর কাটবে এমন দিন গেছে
/kaggle/input/regspeech12/test/test_barishal_0067.wav,একটা সময়মাইুটি চা বানাকষিয়ানসি সরস্বতি পাশে থেকে ফুজা দেওয়া লাগে পাই এহনর যুগের বৌ পরে যদি দশটার সময়কইনে যেনে হার টু চা বা না ভাল লাগে না ্যহনার চা গেলা লাগবে না বাধাই ঘুমাও
/kaggle/input/regspeech12/test/test_narsingdi_0084.wav,এডা এডা খুব খারাপ এটা জিনিস একটা পোস্ট করছিলেম ফেসবুক যদিও খারাপ লাগে দে মান্সের অন্যান্য দিন নগর সইরা হেডা জেডি হারাম ভেন্ডি অনেকে দলে আঁখে এই দি লইযা কত প্ল্যানটা ইদ এখন মিতা
/kaggle/input/regspeech12/test/test_habiganj_0085.wav,হবা২বইনতিনাই আর এলা কে কে তে হরে নেরা করে আমার বাই টেকনিকাল রে আমার বইন ডেনা পরে
/kaggle/input/regspeech12/test/test_narsingdi_0046.wav,ও আল ভাবার টেহা তামরা তে সার টিকার আরে
/kaggle/input/regspeech12/test/test_barishal_0053.wav,ডর করে চার বিতিবু করে দুহান হলে না এহন আসল কাতা সার ছেলে যা ঠাকুর কিনচি মাত্র সার সারি টাইম তিন দিন খার ছি তিন দিনে মনে করমে ছাদ লার কাম করছি কা
/kaggle/input/regspeech12/test/test_sylhet_0122.wav,বিসার যারা আত্মা দে যাই খেলা যা হাগি
/kaggle/input/regspeech12/test/test_barishal_0086.wav,তিন মার্চ আকি কাম করছি বিশাল বাগান দিন বরা মনে করে নৌপারোডলে উপরে উঠলে মিছিলতে থাকবে আর পর অনেক কিছু ভালো বন্দু ডিফেন্ড করে ও ওইছে একটু আলা মাইসের লাইন যেদিক টাকা তা
/kaggle/input/regspeech12/test/test_narsingdi_0126.wav,সেলকিফ্র্যাগ ন্যান সারা নাই এক অনেক রেডি জাই মশা গাড়িাড়ে নেই দিতে
/kaggle/input/regspeech12/test/test_rangpur_0113.wav,যে কফি এই দুই জমি তাও ফির কলি পলি পলি কলি কলি না হ লিগাল
/kaggle/input/regspeech12/test/test_barishal_0046.wav,মশারী কার মনে কারণ একজনের গা তেরখাম করি মোর টু মোন সা না দিরাইতে মেরুডন্ডও পাক হইযে যা পডর তে দিন মরে অশুদ লাগে বাবা খাইয়া খাইয়াে এত কষ্ট করি সংসার করিরা খামু ফেনদামও কর মুখ ইকটু উনিশ বিষইলে মনে করেন এই সময়ের
/kaggle/input/regspeech12/test/test_narail_0062.wav,পুকুর পারে রইবারের বিটে কাকে ফেল ওদের শিবু কুকুর রেই বেরাও
/kaggle/input/regspeech12/test/test_chittagong_0101.wav,ইংরেজি তাদের গেলাম সাইবু এ প্লাস দূর তা যা নাই এ মানে সাইরে বইতে কি তো আমি আবার বিলাস আসি তর মনত নিমু বুলি যাতি
/kaggle/input/regspeech12/test/test_barishal_0056.wav,এর পর ও হেদনাগরে একজন এরা বারে টা ঠাইমাকিঞ্চি কাজা টা নিয়েদিয়ে দিছি অরার মোর ৬য়ডাডিহইছে এহাজার ঠাকুরে তার লুসখান আছে এটা তে বুঝি যে গরু পারলে পারলাম না পারলে বেচতে দিলে মোটা টাকা দিয়েনিতইভি যেনে সংসারিকালে কষ্ট কার তৈ বুর একজনর পার ঢান্ডাদিয়ে তুলি জীবনেও সংসারে উন্নতি কি নি তই
/kaggle/input/regspeech12/test/test_sylhet_0086.wav,ইলেইআউলিরপর বেতন একাডেমিক বইনে না আমার বইনে একাডেমি কলেজের কোন পছন্দ বেশি মিক্কে বেশি বুঝি একটা আমাদের একটু বুজি দিলা পরাশোনা করতে পারে না
/kaggle/input/regspeech12/test/test_sylhet_0028.wav,সবার সাথে সাদা নি এই আমাদের মন্ত্রণালয় থেকে দে তর মন্ত্রণালয় তুলে যাতাম উলি আমি পূজা তো অনেক টাকা লাগতো এই অনুষ্ঠান এককভাবেদোসময় সবাই পরে ফোঁজা করেন অষ্টমীভূঁজা
/kaggle/input/regspeech12/test/test_sylhet_0201.wav,গুমাই গেলে সমো যখন করতে বালা লাগত না আমার না দেমনে প্রাতিষ্ঠানিক শিক্ষা না কিন্তু পড়ার পিছনে তানোর অবদান তে তাই ইতা ও ফুত পড়িলেঅরেকটু কড়িলাও আরেকটু ক়িলাও ইস্কুলটা কালি লার হইতাম না করার কথা
/kaggle/input/regspeech12/test/test_sylhet_0681.wav,কেমন দক ফাইবার ফরা নিচ্ছে প্তরবয়সও তেমন নাই বছর আছে রাফা এলাকা
/kaggle/input/regspeech12/test/test_habiganj_0045.wav,গাছ লাগানি আমারও বালোই লাগে গাছ লাগানির লেগে বহ আইছে না তো আমি তাখমু গাছ তো মারা তে ওই না কোনো গাছই হয়না গাছ লাগাইলে ওই এটা ভালো হইরা ওইদিন দে হাজার একটু বডর ফরোই আবার যারে
/kaggle/input/regspeech12/test/test_narail_0026.wav,খেলা মাঠে আর এই ব্যবস্তা সরদার তৌজিটিফরিয়ালে নারকেল গাতাও ভুত এরে হুর কান্দা হিতার হয় তই মাঠে
/kaggle/input/regspeech12/test/test_barishal_0080.wav,না জীবন হাল দার
/kaggle/input/regspeech12/test/test_sylhet_0512.wav,কিন্তু সেরা সেই মাশা পাতের মা দেশের লগে ব্র ফারো
/kaggle/input/regspeech12/test/test_sylhet_0063.wav,না যে কোনো বান্ধবি বা না তে বা এখন খ তখন স্কুলের বেস্ট বাইরে মনের গৃহগেছি গরের আছে তিন মাসে এক বেচলাইন
/kaggle/input/regspeech12/test/test_narail_0042.wav,বাগানের ভিতে ও নি কোনো জমি ছেলো না নি বলে তো জাগা আছে বাগানের িঅনিতাার কাহিনি তা আমি তো জীবনে চাহিদা ল্যাব মজাদার কাহিনি
/kaggle/input/regspeech12/test/test_tangail_0090.wav,সব বিশ্ববিদ্যালেয়া যায় যে রানী মুখার্জি থাকে সে কাল্পুনিক শহরে থাকে সে ওই ঢাকার এক প্রশ্নটিও তাকি কিন্তু ঐ শহর একদিন রণবিরকাপুর আসে রনবীরকাপড়াহে ওই সিনেমায় না অর্নান থাকে রাজ
/kaggle/input/regspeech12/test/test_sylhet_0167.wav,তার পরে কি রকম অবস্থা আছিন দজ্জন জল বাতা মাইনা রিয়াতুচওতাকার মাঝে
/kaggle/input/regspeech12/test/test_kishoreganj_0198.wav,
/kaggle/input/regspeech12/test/test_rangpur_0086.wav,নিজের প্রথম রমজান তারা দেখছে প্রথম রম রমা হে প্রথম রমজান শুক্রবার মাজের রমজান আছে না এরা ওরে শুক্রবার নবি ছেলে শাল বাল পয়াগেেশুপ্রথম রমজান শুক্রবার হবে মাজের রমজান না থনে কাছে না ষোল তারিখে ও শুক্রবার ফটাই আছে দুর্ভিক্ষ দেখা দিবে দেশে
/kaggle/input/regspeech12/test/test_sylhet_0135.wav,ানিতুরানি দেং আন্দা সিলেট কেউ ন নে ডরার মাঝে খাটে না তেমনি বিকশেবিগগড়ারি ওই গেলে দুর বছরে ঈদের করে গেলে
/kaggle/input/regspeech12/test/test_rangpur_0108.wav,ঘাস টাস নিয়েদেরা দেশনে মিস্তিরি পা ঘুড়েলুপাঁচা ঘুরি টুরি নিবে উঠি
/kaggle/input/regspeech12/test/test_sylhet_0361.wav,এইটা কোনো দুনিয়ার একটা দেহে ইনোর মাঝে যদি তুমি হেপিনেস্তা রাখতে এখানে তাইন দেওয়ালাইদটিচিং প্রকেশন ছাড়া আগ্রাফিশনের গা তুমি স্বামী সন্তান সংসার টাইম দিতে করতে যে ইদিক টাইম দেওয়াহিদিকেও
/kaggle/input/regspeech12/test/test_sylhet_0132.wav,রানি ওরা পুরা না ফুরা শুইন্না টেখা ঈদওদিববনেইতা করছে না আগে পরে
/kaggle/input/regspeech12/test/test_rangpur_0087.wav,চে আল হান্দের যা ভালো গল্পগুচু করি মোবাইলত রেকর্ড করিম সমস্যা করিমের কি গল্প গুছ আলাপ আলোচনা
/kaggle/input/regspeech12/test/test_rangpur_0063.wav,সাতে কম আর কেউ ন আলা জানি না না মানে জনি মিশন করার তেলে
/kaggle/input/regspeech12/test/test_sylhet_0226.wav,পরার একটা টেনশন হোবা নাইগমানে আম্মা লগে নাই বাইবুনলোগেনাই খেউ নাই নতুন এক জায়গা সব মিলাইয়াখানদী মনে মনে খান্দিয়া দি বাই ফরি আমার তো করাও কাল বালা করা লাগবো
/kaggle/input/regspeech12/test/test_sylhet_0714.wav,নাকি রেখে গ্যাসের দেওয়াফ্েনে নাকি তা পুর
/kaggle/input/regspeech12/test/test_habiganj_0038.wav,আর এক বই ন আছিল বিকি করতা যে একান্ন গতি পরিবারের দিকে বালো ঘরে রান্না করতো কষ্টের দিকে পরে সবাই পশংসা করতে করে দেখা যা নিজেদের অগল জামেলা আয়াবৈরে এরপরে গীতা করছে একদিন তর কারে এরপর থেকে দরকারিতে বেশি বেশি জুল দিয়ারাতম যাতে বেশি মজা না লাগে
/kaggle/input/regspeech12/test/test_sylhet_0428.wav,ফরে আর কলেজ আর জন মানে সিনিয়র মেলা মারি দে দে আশা বারি মানুষে রিল পাশারা ভিসা এখনো পরাশোনা রাইত দিন পরে রাইতে শেষ নেছে বলাকা তো বড়পরশনে
/kaggle/input/regspeech12/test/test_sandwip_0041.wav,অবস্থিত বিকাল গেলে মাদিবায়নহলে বা যেন
/kaggle/input/regspeech12/test/test_sylhet_0566.wav,খুবই বেশি থিউরি দিয়াদেইথিউরি যাইস করন রইতা আগা গরাইতো মেদা থার্ড়ার তো কোনো নন ম্যাচে সব ভোট নাই
/kaggle/input/regspeech12/test/test_rangpur_0045.wav,তাখলে আন্ন কমে যে জন্ত যেতে
/kaggle/input/regspeech12/test/test_sylhet_0579.wav,কয়েকমাসকফোন তারা বেশি তে বার করা বাটন সালমান নেকা লাগি পে বিরক্ত
/kaggle/input/regspeech12/test/test_rangpur_0032.wav,সেই বাবারে কালারটা আর বলেন ভাই দিকে আর কান্দার পাই না কেমন করিয়ে আমরা গোস্ত আর আটা এক ঠাই রে দুঃখে নো যাই এখনো যা হাড্ডি কারে দে
/kaggle/input/regspeech12/test/test_sylhet_0458.wav,মার
/kaggle/input/regspeech12/test/test_rangpur_0106.wav,খাজাও তো আশি আইলে বকুরবাদে সবাই আছে
/kaggle/input/regspeech12/test/test_narail_0070.wav,আরাওঢাউরিজে জমি ও জমি সাউড মেলা জমি ও জমতো ঠাউর খাইতে পেরে না
/kaggle/input/regspeech12/test/test_kishoreganj_0114.wav,পত্তঙ্গপয়োগি ফাঁকি এক এলাকা ইগু বাকিরা এলাকা কিত্তঙগািখগুসতা খা কালা খালা সব
/kaggle/input/regspeech12/test/test_narail_0081.wav,শুদ্ধ টিকো বিআই গালি তর দর্শকে কথা কথা শিহা কমিশনার সেই সুমা
/kaggle/input/regspeech12/test/test_sylhet_0078.wav,কবে জানি কে তাই ওই দেখতে অলা লাগে না বাবারে দৃশ্য আসাম দে যা
/kaggle/input/regspeech12/test/test_sylhet_0388.wav,খেলা আর কিতা কবিতা ফারোনি
/kaggle/input/regspeech12/test/test_sylhet_0310.wav,প্রিপারেশন লাগতো না বা আমরা শক্দগস্থা আমরা করব না ট্যানশনে আপনারা খালি যাইবা গা হাইবা আর কাবীনয়জিব ওবিয়া
/kaggle/input/regspeech12/test/test_sylhet_0585.wav,দেখতি এরা যারা নাইন টেন পন্ত এক রোগ বেশি গা কাকের থাকে বা গুলা মানে পরানের দুর্দুধ এরা সময একটা টাইমে গে একা ঢাকা খাইবা বুঝে এরা চিকিৎসা করতে পারে এরা কিতা হে পারে ঘুইরা দাঁড়িত জব সালে তার ফর বাসা
/kaggle/input/regspeech12/test/test_sylhet_0401.wav,তারার সুস্থ থাকে সিজারিং লাগে অতা খে জামা লাগে
/kaggle/input/regspeech12/test/test_sylhet_0209.wav,সিস্টাম মনে মনে বাবি নি প্রকাশ করে দিলে শেষ পড়াশোনা আর ই লাইফ টানা একটা নতুন লাইফ শুরু হইব ইটার দর দা আগের কতা হইলা মামি তখন ২০০০সালেও ক্লাস নাই করি
/kaggle/input/regspeech12/test/test_narsingdi_0071.wav,নে ভার্সিটিত দা টিচার তহন কনা মোবাইল অকরইডানমনেলাইট সিডিয়াসটি মোবাইল কাডলে যদি টেগরা স্কুল খলা লাগে ল্যাব কেমনে
/kaggle/input/regspeech12/test/test_sylhet_0228.wav,ডর করে বাদে এখন জিগা কিতা বা রাস্তাগুলোর পডর করার দিকে তুমরা প্লেন সেনি ফযওয়াডবোইন বিয়াদিমুখ গেইটির বান্দা লাগব রাস্তা পডর নামলে গিটবানমুখিলা অবায়জমাাইব কাঁটা তাই তাই তার মানে আমি ধরে লিখছি যে তারা বাই যা অলরেডি
/kaggle/input/regspeech12/test/test_chittagong_0125.wav,ফ্যামিলি বর্গ তিনজন মাজন মিলিয়ারা দা খুব দাতার জন্য নে হতা হতা হতা দি দে পুর হচ্ছে হতক্কন কি ট্যাগ লম্বা গু
/kaggle/input/regspeech12/test/test_sylhet_0730.wav,দিন তার তা কি
/kaggle/input/regspeech12/test/test_narail_0024.wav,বড্ডা বলি আইছে কালি মা আসামী বাবা ওই টোকন একটা বিষ্কারিত মরিচে কুনডা
/kaggle/input/regspeech12/test/test_chittagong_0074.wav,কান্তর বগি দুগা বেসিবার খানে বেছন লেহাফরা ন আরা নাইলে এরা বেতা মন্তব্য আরা বলে হতাশ সাইউমায়ে
/kaggle/input/regspeech12/test/test_tangail_0055.wav,হাটসমোস্টনট টেকিং এ মুমেন্ট টু আর আমি মনে আমার মনে মাঝ আমার মনে হয় যে আমার জীবনটাই একটা বিদায় দেওয়ার একটা
/kaggle/input/regspeech12/test/test_sylhet_0674.wav,বান্ডা টাকা তাখতে বানে
/kaggle/input/regspeech12/test/test_sylhet_0609.wav,এরপরে দেখি দিলে কি মেলা জিতা ধারণ করবা সব কি দম জাহাজ দলোর কথা
/kaggle/input/regspeech12/test/test_sandwip_0053.wav,সাইদে বলে একের কোদাল কোদাল দি কি
/kaggle/input/regspeech12/test/test_sandwip_0119.wav,আপা লিল্লা সুন্দর আ ওলা নিলাম সুন্দর তাই দেখি
/kaggle/input/regspeech12/test/test_sylhet_0449.wav,তো বাদার ও দূরে যত গেলা বেশি বালা
/kaggle/input/regspeech12/test/test_tangail_0111.wav,আমার যেটা মনো হইতাছে যে এটা একটা চক্র করে না আমি আবার আরেকটা কথা শুনলাম ওইখানে নাকি ওরা বিল্ডিং করতে চাইছি বঙ্গবাজার সরা সিটি কর্পোরেশনের কিছু একটা বস্তা বিল্ডিং করা বড় মার্কেট বানাতে চাইছিল কিন্তু এতে ব্যবসায়ীদের অনেক সমস্যা হইতো
/kaggle/input/regspeech12/test/test_sylhet_0267.wav,দুকান থেকি শাল্টাপথরমানা মিস এটা ২০০৪র শেষ পাছে শুরু অলা অবস্থা বৃষ্টির দিন আমার বাই ফোন দিসেন দুকানো দোকান থেকেই আমরা বাড়িত খবর গেছে যে অলা লইয়া যাই তাখে জামাল লইয়াই তো বারা টাকা নাই সে আইতো লগে ইতা করতে করতে আমরা প্রথম ক্লাস অরবি নামে আইছি না আমি এদিন সারা দিন আনচি
/kaggle/input/regspeech12/test/test_narsingdi_0127.wav,প্রাইভেট কার শান্তি হা জানা জি মশা প্রাইভেট কার করে তারা মশা হ মহা বার আইলা জা দুপুরের বললাম দাও ছিনে নেন মশায়ও যে গারিত দে
/kaggle/input/regspeech12/test/test_sylhet_0694.wav,দাদু আর আক্তার বারি তানডে যেখানে টাইম দিতে হর বারি তা দতো বালা মাতে আগের দিন নি হোন আগে ছিলান
/kaggle/input/regspeech12/test/test_sylhet_0229.wav,আরও প্রস্তাববাদের বাক্কা শিক্ষিত পরে মিলি তিকি ওযার ক়াইবনিয়া বেয়াউই গেল পরা বন্ধ হইতো না মেয়েপড়তে চাইলে করাইব তারা তা বাদে
/kaggle/input/regspeech12/test/test_sylhet_0630.wav,নি সঙ্গ তপিকনিারিিকনই সুন্দর
/kaggle/input/regspeech12/test/test_kishoreganj_0089.wav,অ্যা মেকনিকোসাখমেনা সমান র পাকিস্তান
/kaggle/input/regspeech12/test/test_sandwip_0021.wav,না এরা যারা ঠাও়ায়নেহত দি চালাচ্ছে যা উঠিজায
/kaggle/input/regspeech12/test/test_sylhet_0060.wav,এন্ত
/kaggle/input/regspeech12/test/test_sylhet_0141.wav,পরিবারে বইবার শুধু কি করতে পারি
/kaggle/input/regspeech12/test/test_narsingdi_0120.wav,গানের খাবার বা ছিলে তারে কফি যা যা বিস্টি এরা আমার দোষ না কফির মাই তা দু দ্রুত ইসলাম না মা ফির যে নামিরা আমি কর্ম তালি কি জেন্যে
/kaggle/input/regspeech12/test/test_kishoreganj_0049.wav,রামের চারি জামা বরগা গ্রামের পারে জামলা সারা দিছাইদনেয়া
/kaggle/input/regspeech12/test/test_habiganj_0084.wav,অ্লেক্সাচায়ু লেগে দিন মেয়েদোতানেরা একদিন গরি বিদিশিরা আর ন বাই একজনে এবারে গরন দুই একজন চাকরির রে আরেকজনের ব্যবসা হ
/kaggle/input/regspeech12/test/test_narsingdi_0056.wav,মত পাতানা টেন স্যারেরে এবার বিনা প্রাইজ লেইসব্যানমিন্টন খেলা দুটি চার পর্যন্ত বার চাকরির খেলবে
/kaggle/input/regspeech12/test/test_sylhet_0353.wav,ওই সময় একটা প্রমোশনহয়েছে ম্যাম সিডি়র বেটা এর তর তর হইছে এমসি কলেজো পোস্ট ফাকা ছে আখেমনেজমগে যদি অভিনমিকে কি আপারে চাওয়ালগাগে দিকে ম্যাডামে প্রমোশনেতে হিদিকে মার পুষ্টি যে গেছে আমার কোনো খরতা দেও লাগছে না কোনো টাকা পয়সা লাগছে না মানে
/kaggle/input/regspeech12/test/test_narsingdi_0024.wav,অন্য আরেকজনে টানে এমনি তো একটা ভালো টিম বানাইতে হইলে তো সবাইরে যাচাই বাদে গামনবুনজায় আর সবচে়েবড় সমস্যা লাম দেশে ওরা যদি ভালো প্লেয়ার
/kaggle/input/regspeech12/test/test_sylhet_0530.wav,ড্রিমল্যান্ডরজে স্কাইট্রেনআ হেডেও নি
/kaggle/input/regspeech12/test/test_narsingdi_0098.wav,পিজে দে খাবার গুলি সেন মদখুর খানা লাগে দিলা তুমারে না সিমা কতা গোসা না দিছে ব্যাক বা দেখাই বাচ্চা সীমান্তোর ফ্যান
/kaggle/input/regspeech12/test/test_tangail_0108.wav,একদম কি জানি সকালে হচ্ছে সকালের দিকে ছয়টার দিকে আগুন এটা ভাগ্য ভালো যে হচ্ছে মানুষ কোনো মানুষ মারা যায়নি আদুম জানে মানুষ মারা আমি আলছি একটা ছেলে হইলো দোকানে নাকি কারবারিরমে এরে ছিল
/kaggle/input/regspeech12/test/test_sylhet_0552.wav,করা যা রাস্টপরিবেশে বলা প্লাস টাইম
/kaggle/input/regspeech12/test/test_sylhet_0554.wav,তা শিট যেদিন রিডিং ফ্যাসেজর বাংলা মিনারে
/kaggle/input/regspeech12/test/test_habiganj_0029.wav,আমরা দুর জ্বালাইয়া পবিত্র তাল লাইগা ধুপ জ্বালাই চালাইয়া আমরা
/kaggle/input/regspeech12/test/test_sylhet_0709.wav,দাদু বুইধানানিতে আমরা বুঝি রান্না বান্না কে তামরা একটু সময দিলাইবা আপনার কর একটা
/kaggle/input/regspeech12/test/test_sylhet_0315.wav,াজাএউজিএবিআা এরপরে দিনা চিমনি পরের দিন ইতি উশতে ল ফসল ওয়ার পরে টা নভেম্বর মা
/kaggle/input/regspeech12/test/test_sylhet_0057.wav,টা এটা না কইতে ফেলে বইনে বাট রান্না ফারন বাই বালের কাইরে হাদিস বাসে বাচাবাচ
/kaggle/input/regspeech12/test/test_sylhet_0111.wav,দাদি জন লিমারার সরু থাকতে ফেরা তা বাপরে পালি মাছ
/kaggle/input/regspeech12/test/test_sylhet_0152.wav,বিয়ার কাহিনি হই আমি
/kaggle/input/regspeech12/test/test_rangpur_0077.wav,ই়াা়িথিিত যারাড়চেপনাগে দেউ পাশে রস পরে রস পর
/kaggle/input/regspeech12/test/test_narail_0174.wav,মন লাগাইছে আগে মুসতিবারিনায় আনা যা যা যা
/kaggle/input/regspeech12/test/test_sylhet_0532.wav,দেড় বছরের শেষে ইবে ফারির থেকে সেকেন যার হা বেসে ইতে সেমিস্টার গুলার মে
/kaggle/input/regspeech12/test/test_narail_0005.wav,ইযাত জানি লেকতে পরে কিতা
/kaggle/input/regspeech12/test/test_sandwip_0001.wav,বা অত খাই বলে কি বাঁচে গেছে নিজাম
/kaggle/input/regspeech12/test/test_kishoreganj_0175.wav,ঠাকুর গি ঠাকুর দে থেকে পানি পরীক্ষা করা হলো থাকতে পাকুপ়নাম কি
/kaggle/input/regspeech12/test/test_narail_0089.wav,আমি এটা কথা বলে বন্দদেবত্তরে বোলককান্তা করিছে সেটা আমি মানলাম কুলগিকান তরে একটা বার বলতে পারি না যে আমার সাতে তর কী সম্পর্ক সেটা তুতা কান তারা বুঝাতে পারি
/kaggle/input/regspeech12/test/test_sylhet_0275.wav,প্রাইভেট পরা ই জাগার কথা হইবে পরে লা লা তাই নিজে আমারে লিয়া টিশি নির বাসাত পরিচয়গরাইয়ার দি়াটিশুনিতি সন প্রথম টিউশন শুরু করছি চিনে দে হাজার টাহা দিত
/kaggle/input/regspeech12/test/test_narail_0027.wav,ওই মাঠ ওর বাবা নিয়ে আরি তান এলাকার যা ঘর বাবার গাঠির টাহা দেখি ন পায়নস্ুরাাবা দমকতাতোন ফাকি লামার গাঠির বাসাত আমি কি নি তোমাকে দিচ্ছি
/kaggle/input/regspeech12/test/test_sylhet_0434.wav,সাহসে কি মনে খুশি কতা বার্তা কিন্তু খুশি ফরে চরকিত হইল ইটটা
/kaggle/input/regspeech12/test/test_sandwip_0011.wav,দি আবার পতা একদিন দে আয়াএকভিরাধুনা কী অবস্থা
/kaggle/input/regspeech12/test/test_sylhet_0323.wav,মাতাত টাই বেতালের এমপি হইছে বিএনপিও হার পরে তাই তখন কলেজও মানে কলেজ নিয়া ব্যস্ত ছাত্র টি ভালো কাম করেন সারাদিন ব্যস্ততা কিন্তু আমি আমানপাদে কইলাম তুমি তা কিতা চাকরি আর এই সারাদিন ছাত্রলিয়া়া তুমি তমাল লগে ইচ্ছা করলে পর্তায় চাকরি লেগ ভালো চাকরি লাগে পরাভুটাইয়াত বেগে
/kaggle/input/regspeech12/test/test_narail_0137.wav,আইলটেসকর্বগে জাইলটেসের ফয়ন্ডবালতালি বাল মদ্যে উত্তম জামাই বাবুও বলেছে তে দাদারে ন একটা দেশে পাঠাই দেবে সেটা বলছে উত্তেজনা
/kaggle/input/regspeech12/test/test_rangpur_0090.wav,হরিবার আইতে যে বেলা গেল কার
/kaggle/input/regspeech12/test/test_sylhet_0412.wav,সব বইনে বেলা দল ছিল মাসে খানাও গেছি কাহিনী নিজিরা শেষ আমার কলা বালা যে কষ্ট করে থাকে নিজের মাস থেকে আই দাম পর কি আমার কতাহানি সমস্যা করে
/kaggle/input/regspeech12/test/test_comilla_0006.wav,রিয়ারসল থাকে ১৬ ডিসেম্বরে যে অনুষ্ঠান হবে ওইখানে যে পারফর্মেন্স করবে ওগুলার ওপরে দা রিয়ারসাল থাকে ওইখানে আবার দশ ১৫ মিনিটের মত রিয়ারসাল করে নাচের স্কুলের ভিতরেই আলাদা একটা রোমাসেও রুমে করে প্রথমে রুম থেকে বের হয়ে আবার ওদের স্কুলের মাথার মধ্যে একটা দুল না আছে
/kaggle/input/regspeech12/test/test_sylhet_0752.wav,করেন না সানি আমি গোপাল টিলা করন না ই যদি আমরা কা শোদরে আমরা
/kaggle/input/regspeech12/test/test_narail_0082.wav,নিবাদাাখবরকি তোমার আমার খবরওই বাবুরে দাক্তার দেখাতে গিয়ে আমি ডাকতে ডাকতে দেখা তে পারে আর দেখাইছে ওষুধ নিগা এসি
/kaggle/input/regspeech12/test/test_narsingdi_0096.wav,বাচ্চা করাতে তারা এবিসিরিশিয়া একটা গানারিয়া জুটি জানার ডালে হের মন থেকে এখনো দুক্ধপশাশিশু
/kaggle/input/regspeech12/test/test_narsingdi_0062.wav,আমি রাউন্ডার বালা জানি ফারি সেবে চমৎকার অবশ্যই
/kaggle/input/regspeech12/test/test_sylhet_0658.wav,আগের আমলা এখন আমলে মাঝে পার্থ যেন কি দেখিলাম লা যুগে পার্থ মানে কিতা পরিবর্তন তোক দেই
/kaggle/input/regspeech12/test/test_sylhet_0684.wav,বাফরবারুবাড়ি জাইন টাইন নিমানেঅনকোন সময় যান ডিসেম্বরে গেছি
/kaggle/input/regspeech12/test/test_noakhali_0016.wav,দিলামরোমা৩০ টাকা আছে নে আর ১২০ টাকা হাইব
/kaggle/input/regspeech12/test/test_narail_0147.wav,আগে জানি করতে পারতো না এই করতি বাত না এখন জানটা মিস তা মানে বিলাল আছে ডাক্তার দেখানোর পরে এক মনে হয় একটি ইম্প্রুভমেন্ট ওজা
/kaggle/input/regspeech12/test/test_habiganj_0068.wav,তখন হসপিটাল আছে তাকে পাইয়াযাছে এখন প্রায়৭৭গসটে আসে তা খরি আর কাছে তাসকিনের আছে
/kaggle/input/regspeech12/test/test_sylhet_0145.wav,এসি মাত এখ
/kaggle/input/regspeech12/test/test_sylhet_0526.wav,লাইন বিতরে আছে ত টি আমার জইয়াদপুরের বিত্রে যা কিতা বর্ডিংপাস নেওয়ার পরে আর হে সমে খরা লাগে না আরও বালা টিক আছে এখন এমন কিনা
/kaggle/input/regspeech12/test/test_chittagong_0020.wav,লাহান তার লোকজন কিছুই নাই পয়েন্ট হও মিচিতঅনুমিকে না লা মারি টানতি রেদার
/kaggle/input/regspeech12/test/test_sylhet_0264.wav,আর আপাতত ইববূথজেনমারে না ধরে তার ফলে তো বার্সিটিতে পরীক্ষা দিলাম এ্াডমিশন টেস্ট এডমিশন টেস্ট দেয়া ফিক্সি টিটিয়া ভালো প্রথম দিকেও রইছি মেরেকলিষ্ঠতা হায় ত
/kaggle/input/regspeech12/test/test_sylhet_0377.wav,মার দেব দুইটা হেল্প করহযাল্পপরসে বলতে বাচ্চা গুলো যখন ছুটো আছে ইতা তোমার লগে আছে আমি কাজের মানুষ রাখলেও মানসিকভাবে শান্তি আছে
/kaggle/input/regspeech12/test/test_kishoreganj_0066.wav,ফোকেসরাউটে নেকেভারিা
/kaggle/input/regspeech12/test/test_tangail_0101.wav,খুব পুরাই মসুনয়কয়িস লাইন সে মানে হিন্দীতে ক্যাঁতেখে মিল চাইযে তুমে তুমারই মুহাব্বৎ তো মানল ক্ষুধা তুম পার মের বান হো বে অডাগার না মিলে তো জানলো কি ক্ষুধা ধুমছে এক জান হবে
/kaggle/input/regspeech12/test/test_narail_0067.wav,জমি যাতির বাহারে
/kaggle/input/regspeech12/test/test_narail_0173.wav,ফিরে আসে না কালা নতুন সারাদিন জানা দিতি বডর তাতের মধ্যে খাই
/kaggle/input/regspeech12/test/test_rangpur_0015.wav,না কইলে তো না শুনলে তো মনটা খারাপ হয়া যা কের পাততখানে দানকি ধরি আসিস একই দের নে
/kaggle/input/regspeech12/test/test_kishoreganj_0190.wav,তালি মতিন তালি নিবানি মত
/kaggle/input/regspeech12/test/test_noakhali_0003.wav,পোয়া গা
/kaggle/input/regspeech12/test/test_chittagong_0139.wav,দা এত বছর বিরে তা যখন তা হারা হালে তিন নজর খালিদ বুর সবার অত কল বিসম্বাইয়ে আত্তে তো মনো হয়ছেননা তবে হতো তুত্তে মনে হয়তলতিজাএতা বুলে কর কডে তা
/kaggle/input/regspeech12/test/test_narsingdi_0079.wav,সালারেকারকরনার পিসি মালা মাইরা দিসআমারা কিউসি না আমার অনেক টাকা সালামি লিছিকিন্তু লাশটে আমি ফাই শিকিজানদুসের কাডা মের একটা ব্যাডমিন্টন মারে গেছে মা মারি টাকা বাবা ব্যাডমিন্টন
/kaggle/input/regspeech12/test/test_kishoreganj_0043.wav,বাল্লাগে মু বন্ধ তো না খাতা না আই দিছি নাই মাই বাটা
/kaggle/input/regspeech12/test/test_sylhet_0492.wav,থানা কালি করি অপারেশন পর্যন্ত উনি ফিরিযে উঠছে রুজার কিয়া আজান সোর্স জির দিকে কিন্তু ইফতার করেকবার আমার দেহ পারা সিলেটে ফেশনতাহাধনি হালবা যে পানি আল্লাহ কেনে বানাইছেন কিন্তু গন্য মানন ডাক্তার আর সবার ডুয়ারকিযুকদের মন
/kaggle/input/regspeech12/test/test_habiganj_0031.wav,আর পবুযেফতেলফনাই সেলসাররসেয়াস থাকলেও কিতা সেলফেরমিজের যদি আমার টেপিআইজরশুন রাকি এরে হাই যেইটা জুটাতালবাসনা কিতা লি হিন তো আমরা ফডুরাহননিয়ম না ফডু টাইন এটা পবিত্র জায়গাতামন লাগে এখন আমি কিতা জানালা সাইটে কোনো মতে রাখছি
/kaggle/input/regspeech12/test/test_sylhet_0525.wav,হসিল ত্যান প্লেইন জানি এক সাইটে মনে যার ফর সাতে সময আমি আনলে অফিসারে যা পরে ন ইন্দারা
/kaggle/input/regspeech12/test/test_narail_0092.wav,ুনতেএেএলসুরুসকে নের কাছে পরে গেছে শুনলে মার মন খারাপ নিজি মাতুব্বরর পিছনে টা আলাদা বাবা
/kaggle/input/regspeech12/test/test_sandwip_0092.wav,কোনো এই
/kaggle/input/regspeech12/test/test_barishal_0044.wav,হইয়াতে মনে করেন চেয়ারম্যানের বাড়িতু়িত বিচের গেছে পরিষদের তরিত তোকে আছে আর বাফের বাড়িতেই ঠাংটানাদিয়া হেদিক দদিগ্গেসুহিন্দু হনে গেছে হেনে চেয়ারম্যানে মরে মনে করেন দে নিচে আনা কি মনে করে গজেন দা হাই রুম কিছু বোঝে না বিশ্ব সতান
/kaggle/input/regspeech12/test/test_sylhet_0569.wav,তুই মনে মনে কিতা তিন আপন পরাশোনা অপরাশন যাতে উঠে তা নি খালি ও মাতা গুডা টাহারে হোসেন মাথার গোরামাথায় ঘুরে গ্রেড ফরি গেছে বাঙ্গা
/kaggle/input/regspeech12/test/test_barishal_0031.wav,তিনি মিসিরিয়াছানা এই মেসিরিয়ানটি সার তিনটা মিসির ইন্ডিয়াহইত না তা পরে দা
/kaggle/input/regspeech12/test/test_sylhet_0012.wav,তা ঠাকুরে জাকার পাইসা টাকুর ই চাচাগে পূজা ওজা করিয়াদাচাকুরে ত বিদ্যা বিদ্যা তা আছে তারা তারা প্রজা সে শইল পরে চাকরি অঙজলিদেয়া হইব অঞ্জলি দেহে
/kaggle/input/regspeech12/test/test_kishoreganj_0103.wav,খানি বইল এক মাস আ আ সালারে
/kaggle/input/regspeech12/test/test_narail_0012.wav,রানা গাছে এইটা কইতা ঠিক পাই নে আমার ধরবেন বেকতা খে যে বাপ মারে বাদ দি বাপরে দেখি নে তার কথা বিশ্বাস করা যায়এহনে এই সমস্ত কথা শুনলে আমারয়েযায় মেরাজ গরম
/kaggle/input/regspeech12/test/test_narail_0093.wav,আরেকজন মাতুব্বর এসে তার গল হোসেনের লাভ আছে সে যাই এই সমস্ত গভীরে আলোচনা আমরা নাই করি তুমি বার ই সমস্ত কথা আবার কিছু মনে করে না নাগলো ভাবলে যে বাডি আমার কিরম ধরনের কথা কচ্ছে
/kaggle/input/regspeech12/test/test_chittagong_0130.wav,কিতা হা আর আসে বাই আর মরে বি হাই ন গরি রে মেকাপ বদ্দ
/kaggle/input/regspeech12/test/test_chittagong_0170.wav,নাকি হ অ্যানে হইবাতো হাতাত না
/kaggle/input/regspeech12/test/test_narail_0105.wav,রেস্টি যদি নাগে একজন একজন নি আসছিলাম ওর টিউমার ছিল ঘাডে অপরেশন করছি ঠিক গেছে তা তোমার অপারেশন করার সিস্টেম আছে কিন্তু
/kaggle/input/regspeech12/test/test_sylhet_0278.wav,তখন আর আমার বাইরা কাছ থেকে পরচা টেখা না লাগছে না ফুটতিাখুশি তখন গিয়াাটান্টো এখন ই বিষ চিন্তা
/kaggle/input/regspeech12/test/test_narail_0043.wav,অল গল্প কি শাংসেবূরবা নিবার
/kaggle/input/regspeech12/test/test_narsingdi_0112.wav,বেতন সুজুগে বেতন ওরা ছিলেন মাটির গরা থাকতে
/kaggle/input/regspeech12/test/test_sylhet_0479.wav,অমৃত হইতে বেন বাজছে নামোর ওহাহারিয়ালী মনোর যে কুনদিক বাচ্চা জোর বুনা
/kaggle/input/regspeech12/test/test_rangpur_0121.wav,বতাদিঘিলে গতা
/kaggle/input/regspeech12/test/test_narail_0052.wav,এক দ্বারা ছারি করি জাগা যাতাম কোনোদিন না আটকে মানুষোই এনে আসবে বলবিসবে বেছে ভাল মা কি দেবে তুই আমার যদি বাদে তুই তলে দিক পোদ্দার গাই না মারা লেয়াকাই
/kaggle/input/regspeech12/test/test_rangpur_0022.wav,রানা মা বাজা ক্যানে ফেনি গিরি
/kaggle/input/regspeech12/test/test_chittagong_0174.wav,বিভিন্ন কাহিনী আই সিদা অ্যান্ড ফুরা লেজর কল দির দি তারার একটা অগু গু আলাইন পত্র তরা তুনটা হেলে হইবে এলা থাক
/kaggle/input/regspeech12/test/test_barishal_0021.wav,তা মানে এ বাই আমনের মার্সিলিনে নিব মিল মনে করছে বর বাদ না
/kaggle/input/regspeech12/test/test_kishoreganj_0044.wav,ধুমা কি আমাগে যে
/kaggle/input/regspeech12/test/test_sylhet_0627.wav,শুভ বারিতে বিল বুশরার লগে তা পরিচিত নি নাই না ই দেশ তাকি উমম টরার
/kaggle/input/regspeech12/test/test_sylhet_0073.wav,কবার সাত আলো পাশ বান তেতো মাত্র শেষ যে আড্ডা দিলাম না আর কোনো খোঁজে ওটা
/kaggle/input/regspeech12/test/test_sylhet_0263.wav,ইতালিয়া কোনোদিন চিন্তাও করি না জিত্তা নিয়াচিন্তা করসিনা ইটা টুটালি সময় আমার এ্যাসোসি পর্যন্ত আসে লিগ মাতার মাঝে যখন ও ব্যক্তি কে আমি বাইরে গেছি এরপর তিকেট টুটালি মাতা থেকে চারিয়া ফেলাই দিছি
/kaggle/input/regspeech12/test/test_narail_0163.wav,তোরারে তো বিছানাতে উঠতে ওই
/kaggle/input/regspeech12/test/test_sylhet_0223.wav,তারা মনে করেন যে তাই তো গুরিফিরি আমরা লাখান ইব তারাও টান্তা কাজের দিকে পাইরা টত্তা করার দিকে আর আমার বিতরে তো গুলোগিয়া যে আমি জবাব মামার মামার পাশে একটা চাকরি
/kaggle/input/regspeech12/test/test_sylhet_0601.wav,না ফয়ারানিমামিি মিম মিডে বদলাই খাজনা ফিরিযে আমি বাফ ফইসানিকে চড়াইয়ে ধর এর পরে ম্যামে আলসি হই গেছে গা মাঝখানে আমরা কিছু তিন তারা কিছু না কে কেমন আলা
/kaggle/input/regspeech12/test/test_sylhet_0045.wav,মিলি সম্পর্কে শুনি যে মেরিট বর্তমানে বাই বলে তিন আনি বাসাত মাত্র নামাই আমরা কার যুক্তি বেশি ভাষা বা বাই বোইন থাকি তিন জন বা
/kaggle/input/regspeech12/test/test_sylhet_0307.wav,দের ছুটির পরে পরীক্ষা চলে দুই পরীক্ষার মাছ কালো বেসিবার দুইটা দিলাই কি পরে আরো তিনটা রইছলা ঈদের শেষে বাড়িদেয়াইমুঃ ইদ শেষ অসম্যয় তাইন তাইনো হেসুমকার ছুটি গিয়াতামরা বাড়ির সামনের রাস্তার বই আড্ডা দিলা
/kaggle/input/regspeech12/test/test_kishoreganj_0155.wav,নখ কিনন পাকা বাতারি লেবুর বিতর্তা হালকা গোলাফীরঙ্গে গুলা পাকা ডালিম ছুট ছুট দানা টুক টুকে লাল কাকা নিলে দানা যা
/kaggle/input/regspeech12/test/test_sylhet_0747.wav,মানুষ কার জান্ডাদবিধফা তারা রাখাইবাবড়াে মার ছবিতে যতটুকু যুবক
/kaggle/input/regspeech12/test/test_sylhet_0308.wav,কাডা দিরা পরে বাই ফ্রেন্ড আমরা একটি বা প্রশ্ন নে এই বিয়াকরতামতে তোরা দিলে তো ব্যবসা তো তরা না তরা কালকে তক্তা স্পেশাল লে়াতবিয়া করিল
/kaggle/input/regspeech12/test/test_kishoreganj_0137.wav,কাটা কাটার আনা কাটার আনস আমদা পেরা পেট বাঙ্গি তরমুথলিসওপচুর বলে ডা ডাল ডা ডালাাবাতাবি বাতারি
/kaggle/input/regspeech12/test/test_kishoreganj_0012.wav,দিকে না কি কু আইসি ও কন্ট কেন কথা কি কি ক্ষুদান কিছু লাই
/kaggle/input/regspeech12/test/test_sylhet_0484.wav,মিশি তা যান রিবিয়ামিশিয় তা এলা থাইমে একটানে সারি গেছে পাইরা জাকার টরজায়ীবোগী প্রান্ত ফরা নষ্ট করি কাম লাব রে যদি তা হত্যাঅনকরতে পারি এরে মাদ্রাসারতে করে তাই অন দ্বিতীয় সি
/kaggle/input/regspeech12/test/test_sylhet_0108.wav,তে এমনে শুরু থেকে বডর অখন জায়গানাটল্যান্ না ইতারা
/kaggle/input/regspeech12/test/test_sylhet_0408.wav,স্কুল স্কুল বন্ধ করে না না না বার থাকে মামার বারি তাই আছিল বেরা গিছি স্কুল বন্ধ আছে খুলছে না এত স্কুল স্ক্লুস্টালেজ যহন যাইত মাহিন আমি লিগালে আমি লামাই আমি সন্ধ্যার এলাকা লেগ হোরফারি আমার সময হাটের দিন হাটে
/kaggle/input/regspeech12/test/test_sylhet_0124.wav,বান্ধবি তো ঝিনা আছে তারা বিসা ধরয়া তারা তিনদিন বাসে ধরিয়াদা়া বাড়িিতেইখানা যে খামফরনুরিনতে কি রকম ব্যবহার করে আদরটাতো করেন
/kaggle/input/regspeech12/test/test_chittagong_0142.wav,বিডিও রান্দা ছবি দান না দাদা নাই তারা সেবে হইলেতো হইতে তারপরে নষ্ট হেলা কিতা নারে নিতে হতা হালি আর কি বোধ কুমার তেকে তুল
/kaggle/input/regspeech12/test/test_chittagong_0063.wav,যে দের এক মহা গিনতো অ্যানাগুনব সন্যাইঅকসম় আইনা হ হতা হে তার হরে যে রিস্তা পর নম্বর ব আর আর দাদা যে কতাবলম্বরিব
/kaggle/input/regspeech12/test/test_rangpur_0084.wav,ও এইদিন শাহিন আর ফিরুজ ফিরুজ এখনা করে ভোটালে ওর বাপের মতোন ধরন গরন কথা বার্তা চলা ফিরে মা হিতা ঐটা ফাইলটা হইছে দুনিরমুখম্ডা
/kaggle/input/regspeech12/test/test_kishoreganj_0156.wav,পাকা তালি মিটুটেশিটো রানা টুকটুক লাল পালের দুধির যে হে পাই নব্বই বা পানি দে তাবে কতা পানি
/kaggle/input/regspeech12/test/test_kishoreganj_0149.wav,কুটি পায়েতুসনে বালা পণ্ডিবারোে কিনা সেবেনটি পানি দুষ ফলে হয়
/kaggle/input/regspeech12/test/test_chittagong_0110.wav,ফু কোচ পাতাল দা আগ্রহ ন্দ না এ আফু কিরে ইহান আবার আত রই আফুরে হবে সব নাকি কুলা
/kaggle/input/regspeech12/test/test_barishal_0075.wav,তে যার কুলাবার বা
/kaggle/input/regspeech12/test/test_sylhet_0743.wav,ফি দু রসুন মা আমান মিতা রজতের ওরা বুল বসাত খাইলেন
/kaggle/input/regspeech12/test/test_comilla_0031.wav,দীর্ঘ২৪ বছর বাইরে ছিলাম সৌদিতে আমারে খুব ভালো লাগছে প্রতি বছর বছর আমি দেশে আসার চান্স পাইছি মালিক আমার খুবই ভালো ছিল আমআমারখুবমানি উনি লাইক করত
/kaggle/input/regspeech12/test/test_narail_0071.wav,ওজার মিয়ারাখা জীবন কার দেবেন টেকা এই তাই তাহররিরা বহুত বাগান নিজেরার তাই এই সমাজের সামনে বারিও থেকে না ওভারে তোরা নো বাডগাহিনী জানে
/kaggle/input/regspeech12/test/test_sylhet_0250.wav,এসসিরবাদেইয়া দুর চিল তারা আবার ইন্টারো গা দাইয়াতরছে ইবেন সবচেয়ে মজার ব্যাপার কিতা জলের ফাশের গ্রাম টিচার আছি ও টিচারর বউ বিএ ফাতার বইন ক একটা শিক্ষিত
/kaggle/input/regspeech12/test/test_sylhet_0155.wav,ইতে ইচ্ছাই জানতা মার কি যে আগের দিনের সাথে এখনের দিন একটি তেকে তা পার্সময় আছি আমরা ওমা নালাতেই খইতা খনে নো দেখছো নি দিনো দেখতাছে কিতা কিতা পার্থর মানুষ লেখা
/kaggle/input/regspeech12/test/test_sylhet_0389.wav,মাত্র একন সমান আস্তা আয়তনডা দরনি শরিপ
/kaggle/input/regspeech12/test/test_sandwip_0015.wav,ডিমেরে দ্যান কেজির বেশি গুলো টিম কিনুক মামা সারে ক সালে ডিমেরে দি পরা বানাইছে আর
/kaggle/input/regspeech12/test/test_sylhet_0325.wav,মাঝে যে যখন কারেন্ট ফিয়ার্স কারেন্ট ওয়ার্ড বা নতুন কোনো একটা বই বাটুল ভিসি আছে না নতুন যে বাহিরেই সিরিজ বেরহিলিতাই ওটা লইযাইটাআনিয়া আমি কালে কডিন তে বিরুদ্ধে নতুন বই ফাইতা তখন আমার মনে হইতো যে
/kaggle/input/regspeech12/test/test_sylhet_0725.wav,করে জাইবাড়িগ়া ওজন খানি তিনবার জেলার খানির কাছে গুলাত সতরঙ্গলখান
/kaggle/input/regspeech12/test/test_sylhet_0143.wav,ঈদের উপর জন আসন কেটা কেটা আছে আঞ্চলিক ভাষা মাতে যে যেমনে বাসাদ মাতি
/kaggle/input/regspeech12/test/test_sylhet_0447.wav,নে ফুটবলেরতে ডিম মিছিল শুরু বারে
/kaggle/input/regspeech12/test/test_rangpur_0130.wav,কে আরও অন্য কিছু করতে পারো কোন প্রবলেম নাই তো আমরা যে জায়গাটা আছি সিটির একটা জায়গায় এটা ঠিক আছে এখন না তুমি জান তুবার তে নাম টাকা
/kaggle/input/regspeech12/test/test_habiganj_0005.wav,বলা দে কেউ বেশি রান ডলা বেশি মানে না যা থাকত না ছেলে মেইকারের বেশি অত বেশি বড়াহয়ে যা
/kaggle/input/regspeech12/test/test_sylhet_0062.wav,নতুন তবে নতুন গরি পুরা এখন বান্ধবি এমন তো তারা গেল কিচুই
/kaggle/input/regspeech12/test/test_sylhet_0218.wav,মোটি একনাইন পর্যন্ত পড়ে গিছি ত ফ্যামিলিতে কেউ হইরা যে মিনিমাম এসেসি টা করিলার তখনো লগে প্রাইমারি স্কুলো এপ্লাই করা লাগি যুগ্যতা আছিল মেট্রিক ফাশ আমি টার্গেট লুক মেট্রিকটা ফাশ করি দিলে
/kaggle/input/regspeech12/test/test_narail_0090.wav,মারে একদিন আমি সব ফিলে বানি সরাসরি কথা কবার সে দিন তুমারে খুলে কবানি থাকলে দেখা গেল তুমি রেকর্ড করলে লেখারও সবকটা নেই
/kaggle/input/regspeech12/test/test_sylhet_0535.wav,দেহাই হইল আমরা সেইটা নাম কি তাকতে আইছেন অনেক প্রশ্ন দিছে আইগাইতারাবাড়ি
/kaggle/input/regspeech12/test/test_chittagong_0045.wav,ল দিনখাল ক্যান্সলের বিহালে এন্ডে চলেরদে থিং গা হা হা বা অনবাসনিনউনামফলে দিনে কান আর গা দ্যা
/kaggle/input/regspeech12/test/test_sylhet_0182.wav,কাহিনি কি টাকা বারা আরকি ওইছে না হইতে
/kaggle/input/regspeech12/test/test_sylhet_0755.wav,থিকা আলুর বারে হরে আপনারা মানে ফুজা মা যাবার বিবাহিত অভিবাহিতরানস কানি
/kaggle/input/regspeech12/test/test_chittagong_0163.wav,মা যুগ বিত্তীর্ণহয় অনাসতাহনটি আলে আইতারবি তুন চুতরা নির্বাচন দিনে আর প্রশ্ন ফোলার ভালা সঙ্গে যাদের যাম বুধবার ই বুজি তা
/kaggle/input/regspeech12/test/test_habiganj_0066.wav,তোমার ভালোই লাগে ফুলুর বেশিরভাগ ফুল গাছ আমার বাল লাগে
/kaggle/input/regspeech12/test/test_kishoreganj_0171.wav,মতো মজে বিতরেরালচকে
/kaggle/input/regspeech12/test/test_sandwip_0044.wav,বিনা আরে বন্ডা খাম ভাইনা বইলতমাইয়া বুঝেনি দেখলি মা
/kaggle/input/regspeech12/test/test_sylhet_0384.wav,পাত্মীয়স্বোজনও আছিল না বাবির বাসের বাড়িাবিবাসর বাড়ি আছি শহরটিটি একটু দূরে কিন্তু আমডার বাড়িতেকি খাছে
/kaggle/input/regspeech12/test/test_sandwip_0066.wav,যার স্কুলে নাহি কুলবালালাগে নাখে হ্যাডোমাসএাডোমাসে ব্যাকাসে তাও বালা লাগে না
/kaggle/input/regspeech12/test/test_kishoreganj_0146.wav,ধান সমিতির যে নিরাপদ লাল তো সবে যা মস্বাহাঙ্গীর সবুজজঙ্গি বাঙি সবুজ কাছা
/kaggle/input/regspeech12/test/test_rangpur_0123.wav,রমজান মাসে যে পার্শাগেজে দাম ফ্রিসবেন নিয়েছে ৩০টাকার পাটশাকহারিরত লা পরে না তি পাটশাকানবের ঘুষ
/kaggle/input/regspeech12/test/test_sylhet_0613.wav,যমন সারেফাইয়ার হ হইরা যা আমি প্রাক্তন স্টুডেন্ট আসলাম আমি রে মাতাত সারে বেশি আনিসার মিভি আইসলা তাইনের
/kaggle/input/regspeech12/test/test_sylhet_0444.wav,জাগা সুবিধা রুম স প্রবাসি সুবিধা যালা বাবার চারা চালু যে যাইতে ফারবা মা এক সমে গেলা না সবার জাগে লগে নি জরি চাইল মানে উরম সুবিধার লেগে কেলিগি সব নিজের বাসা কিন্তু বারা
/kaggle/input/regspeech12/test/test_narail_0007.wav,তবে কি আমরা দেখতেছি আলোচনা রইছে থাকতাম তাই শুনে কিন্তু পরে এবড়বড়বাই বলে কইছে তা হইছে বাবা চিকিৎসার জন্নি
/kaggle/input/regspeech12/test/test_barishal_0010.wav,এর রাজা কি কই সাহেব মানে আসতাসে মরিচ বালা গানগুলা একটা ফোলা আছিল না আরিফ জরাইলেদেচিকরেচি করি শুরু করতে
/kaggle/input/regspeech12/test/test_sylhet_0417.wav,আমি পরিয়া তাকি এর পরেও ক্যাম্পাস মনে করে এক ঘন্টা দিগি না বড় মানুষের পরচা বুজরা করে ফুট খাই ইটালি তা হাওয়াঅপরের দতোমারি গুল বরসা কর এহন তাকি শুধু প্রা দুই বছর করুনার সোনা ডেলিবারি চি করুনার তা খেলে বাইয়া দুইটা বছর কোন বাংলাদেশের কোন চিকিৎসা নাই
/kaggle/input/regspeech12/test/test_sylhet_0140.wav,তারা বাসা তার থানীয়নিয়ে কি মানে আফনারা কুটি সিলেটি যে হে
/kaggle/input/regspeech12/test/test_narail_0115.wav,কি বলো আমার চাগামী যখন টিউশনি করতাম তখন আমার ম্যালাডিক ্যাডমিশনের স্টুডেন্ট ছিল তাদের কি ভাবলিকেসান্সপ দ্য়কীভাবেই নৌবায়নটি সহান্সপাতাতে এ কিভাবে জেলা স্কুলে পরীক্ষা দিয়াতে এ সংস্থা জিনিস আমি ভালো জানি আমি নিজে প্রোগ্রামে সমস্যা নেই
/kaggle/input/regspeech12/test/test_habiganj_0112.wav,ক্লাস তো সব সময ঠিক কিন্তু ফোলা ফাইনের ফুলগাস তো বা রাত থেকে ফাঁসটা পর্যন্ত তো ফোলা তাই অনেক জন আছে মানে যায় নাকি পর্যন্ত একটু কষ্ট অনেক জবা অনেক দূরে দেখা
/kaggle/input/regspeech12/test/test_narail_0176.wav,স্য়ন তখন সা
/kaggle/input/regspeech12/test/test_sylhet_0624.wav,আরেকজন নি আমরা পিএল ফ্রেম টাইনসোনিয়ারার কি দেখাই রা এনো রমা আপনারা বেছে করে না তাইন খইরা আমার দেখা
/kaggle/input/regspeech12/test/test_narail_0123.wav,নিট মার্ক তার মা মানা তার মা মারে সবাই ভালোবাসে এই বরতে শুরু করে গুরু সবাই ভালো বারে আগের দিন তরে একের দিন কান্তারে নিয়ে তাখে দেখে যে আমাকে রাহুল যাইগা দা আমারে বলতে চাই জানবি চন্দনের বিভিন্ন দেখলাম পোকাডা মেয়েরানিয়ে অদিক যাচ্ছে
/kaggle/input/regspeech12/test/test_barishal_0057.wav,দি খালি বে শুদু না গরি পিন্ডালহাইনুইতাম এই তো রিপনে কিন্তু অনেক কষ্ট করে চলে হ্যার পরে বাজারে গেলে মনো হরে বাবা লাখ ভত্তি ঘরে ফুলা চাপা সা জনার টারে না আসলো কি মর
/kaggle/input/regspeech12/test/test_kishoreganj_0065.wav,না কাগে তন দাগে
/kaggle/input/regspeech12/test/test_sylhet_0477.wav,গুরতে মানি ডে বাসে থাকলে যাকে বিনি হুমান একবারে ফান ডাইল মাস তর হারি যা পাশাপাশি মাস্টাসমালি জিবি খাটি উঠিয়াফিরে ফরি শোক
/kaggle/input/regspeech12/test/test_rangpur_0007.wav,নির্বাচ ভাইক
/kaggle/input/regspeech12/test/test_sandwip_0005.wav,গিয়াছে হলাই তারপরে দুধেছেনাবেগি আছে বিপদে বেটির নিতি দরকার
/kaggle/input/regspeech12/test/test_narail_0077.wav,ওগুলো তো হয়েই গুলো নিয়ে কো সলভিঅর্ডার বিরে ছিল ভালো জাগা সে বিয়েতে আমরা ছিলাম এ সময়সাথে বাড়িখাতের বি়েতেযে খায়ারলাম রেমায়ের বিএ দিবোরি
/kaggle/input/regspeech12/test/test_kishoreganj_0119.wav,হাপের একটি গাছ হাসে গাছ কা সাফের কি গা কা গাছে খা না হা গাছ কুটি গাছ
/kaggle/input/regspeech12/test/test_chittagong_0019.wav,আর পলা গ্রাম বলে হইতে আই বিএ গঙ্গরেফৈবুম ঙ্গরীবেগ্যমানে তঙ্গরীহৈবুম বই বকুল রিলে আতত মন ন মনো হতা আরো হতা মোবাইল টিএমগলগ্জী অন্য সে বিধি মুবাইলের তা
/kaggle/input/regspeech12/test/test_narsingdi_0125.wav,বা যা হ্যা এক ভুট লাইটটা অন করা না গেলে রড গার্ডের ন্যান করে দে কেমনে বন্ধ বারা না গন্ধডা বাল্লাগে ব্রিজ বাইরেই প্রথম থ্রথম এই ফাগলান্সটা খুব করা লাগে
/kaggle/input/regspeech12/test/test_sylhet_0543.wav,পানিতে ওস্তা আমরা তারিন্তবেশ শালা দিন তো না আছে যাইর মাহদি ফামিও বাড়িতে বারো কিতা অবস্থা
/kaggle/input/regspeech12/test/test_habiganj_0002.wav,দরবার দিন রুটির দেরি আইছে না তানজিরে আনন সহজ কারণ তান যত মাই না আমি যা কতা সবরে পরা
/kaggle/input/regspeech12/test/test_narsingdi_0021.wav,খালেদ আছে তাসকিন আছে সমস্যা নাই প্রেসইউনিউটে খুব ভালো হাসা দিগাবাড়িে হাসান মাহমুদ হাসান ইঞ্জুরি থেকা উইঠা খুব ভালো ইংল্যান্ডের সাথে ত্রিশটা খুব ভালো বল করে এক সহ সমান ছিল রুবেল ছিল সাইফদ্দিন
/kaggle/input/regspeech12/test/test_tangail_0008.wav,ডার ম্যাডিয়াকে পরের প্রেমে পরে গজল একটা পোশাক নি একনবার সেশন ইতে থাকে ওই সময়ে ফেডিআর ম্যারিএকটািকনধার সেশন থেকে প্রেম পড়ে এভাবে অনেকদিন যায় এদিকে ফারির নতুন ব্যাননিয়াআর কি
/kaggle/input/regspeech12/test/test_sandwip_0115.wav,সাকিবে আসে হে হে হে তার পুরো বছর কেছ করে আর কি চাহেল স্টুডেন্টে এগুনে হিসাব ইতে হয়বালাকইতে বা
/kaggle/input/regspeech12/test/test_sylhet_0189.wav,আমি ক্লাস এইটে উটার দো বড়বারতিনমেয়ে কাজে জলসা তে দুই জন গর লাগাতার থাক তো কাজ করে লাগিয়াছিল একজন গরুর বাবি রা করে আস্তে বাবির শখ বাড়ছে
/kaggle/input/regspeech12/test/test_kishoreganj_0205.wav,
/kaggle/input/regspeech12/test/test_sylhet_0232.wav,ঝুসারের লোগে আমার ভৈয়সের পার্থক্ম মাত্র মেট্টিক পরীক্ষা সিজার হু সার উল্টি ফাশশ করিয়াপড়াংড়া শেষ করে সাকরি দিল খন্ডর লবছরেরি়া ভকভক কেরা ই ইতার দেখিয়া আমার বাইতে বড় যারা তারা সিদ্ধান্ত লইছেন দিলাইবা ছুটো তারা এরা তো দল সিদ্ধান্ত দিতামনে না কিন্তু মতামত দিতে আবার
/kaggle/input/regspeech12/test/test_tangail_0057.wav,ফুলে কেউ আসলে বলা যায়ানিবুঝাই সেই রকম যে আপনার প্রি় জিনিস অথবা পিও মানুষ গাছে তে আপনার অনেক দিনের সম্পর্ক সে হ তা চলে যাইতেছে কিন্তু একটা সুন্দর গুটবায় হয়ত
/kaggle/input/regspeech12/test/test_rangpur_0031.wav,লাগছে হরিপুরের গেইনও ওই যে মামা খাই কচ্ছে আইল গরি আঁডা ডাইল মাজে নতুন সুবিধা কেমন চাক করে না ওগলা দেশের গরমে ইডা তেলাই রিতা ইয়াজমেনা লোক
/kaggle/input/regspeech12/test/test_sylhet_0625.wav,না অপিরে দেখাই আর কে খইরা সোনিয়ািয়া খইরা আমার মা র বই বাইর
/kaggle/input/regspeech12/test/test_barishal_0063.wav,২৫ বছর হিসেবে পি প্রতি বছর পর আমি দি রেখেছি বর আমি হঠাৎ এক দিনে কাছে দিছি এই হইতে রাজ পর্যন্ত একটা দেরিতে আমি টা দেই খালি কইছি আইকতে সামনা স্যার আইসি আর খাইনি
/kaggle/input/regspeech12/test/test_tangail_0107.wav,এই রুমির দুইটে দেখছোস আজকের নিউ স্পিড বাসকে পেপার বোস হ্যাঁ সকালে তো দেখলা বঙ্গবাজার কে কেরে লিজাজানসনা ওইখানে মোটামুটি তোর সাড়ে তিন না তিন হাজারের মতো দোকান ছিল সবগুলো পুড়ে গেছে একদম ছাই
/kaggle/input/regspeech12/test/test_chittagong_0146.wav,আই করলি গরি বেলা ভাঙ্গি গোয়ায়নোহন গুসটুসৈজেবগুগুলি এই আর কি অবস্থা
/kaggle/input/regspeech12/test/test_kishoreganj_0062.wav,ফ্যান তাকে নুরু যে তলা দি আবার ফু ইদ হিজা দানা যা কি দা এত কইসিনা তদন্ত
/kaggle/input/regspeech12/test/test_sylhet_0313.wav,এরে মেডামরে মিলান প্রথমে বি কাপে পেটেনেয়া আসলে বাড়ি কাতা কাকি তো সকালবেলা উডিয়া গেছে না তারা বাজার ঘিরা তখন শহর আসিল বাহির বাসা তখন সব কিছু আনা ওই গেছে বাইবা সা
/kaggle/input/regspeech12/test/test_tangail_0088.wav,বলিউডের অন্যতম এ প্রভাবশালী ডিরেক্টর সনদয়লেলাবাংসালি তার তৈরি আরণবীরকাপুর তনরণবীকাপ়েএটা প্রথম ছবি আর ছবিতে সালমান খান সোনাম কাপুর রানি মুখার্জিও আছে মেইন ক্যারেক্টার আসলে এই চার জনের
/kaggle/input/regspeech12/test/test_tangail_0110.wav,চক্র ঘুরে যারা কাফরের দাম পারে যে একটা জায়গা যাস্ট দেখায় যা আগুন লাগছে বাকি মারে চি বঙ্গবাজারের আগুন লাগার পরে যখনই মার্কেটে গেলাম আমি একটা যে ফেইস করলাম যে নিউমার্কেটে কাপড়আতামর আদালতে বাইরে গেছে
/kaggle/input/regspeech12/test/test_sylhet_0437.wav,ন এক পাত্র ফরে ভাইনা টিকরি ইনে গেছে গা উঠার কুলা দেশনিআল্লার কি ক্ষুদ্র তাতাইনগিজিন দি খান্দা নামাজ যে মচ্ছিদ
/kaggle/input/regspeech12/test/test_narsingdi_0119.wav,বাবা তার খুজে সৈদউদ্দিন মার্চ এতি বানা থাকিলি থিকা মেদ ফিরিত হাজ রাগ রেকাভরেনকে রে আমি প্রথম বাত তারা হাইড করতা ছিলাম দা বাবা হেই গান বেরাবার বাবা গা তলি পার আবার ফির
/kaggle/input/regspeech12/test/test_barishal_0082.wav,এই গাছের কাম এই গাছে কামে বিশ বছর বছরের মধ্যে ধরেন এখনা করছে দশ বছর করছি ফাই
/kaggle/input/regspeech12/test/test_sylhet_0187.wav,বাত বলা থাকে আপনার সন্মান খে মেলে না শেখ আসন আমি মিলিতেবুড়োে আছিল
/kaggle/input/regspeech12/test/test_kishoreganj_0105.wav,পুকামাকরউদ্বিদকে বেঁচে থাকে পুকা মোক উদ্ভিদকে বেঁচে থাকে পোকামাক উদ্ভিদকে বেঁচে থাকে আবার
/kaggle/input/regspeech12/test/test_sylhet_0722.wav,আমার কি টেলিফোন কাহিনী ওই তিনি বানান কে তাফরে
/kaggle/input/regspeech12/test/test_narsingdi_0083.wav,হরা লেখা হার্ট বরা বুলে সে শুরু আগেই যাও করে ত্যএলোরকি সবামালকে বড়বড় বড় বড় বড় বড়মেয়ে রা খর তো দৌর আর কারসিনাকোনো সময়বাদ্যাতরি তে দিনের প্ল্যানটি
/kaggle/input/regspeech12/test/test_chittagong_0165.wav,কার তর বল সাজিয়ার মা দাহা গে ব্যব হই অতা বলে পাঁচটা টি একটা চা কতা সারা কথা হালা মন্দির মুখের বাসা
/kaggle/input/regspeech12/test/test_tangail_0106.wav,আমিন সুলতানা আইডি টু৩৫৭৪আজকে আমরা কারেন্ট অ্যাফেয়ার্স নিয়ে কথা বলব আমার সাথে স্পিকার হিসেবে থাকবে আমার দু জন বাধ্যবী সানজিদা আক্তার এবং এলিজা আক্তার তাদের বয়স ব২ বছর এবং তারা দুইজনই স্টুডেন্ট
/kaggle/input/regspeech12/test/test_narsingdi_0093.wav,লারা হাতে ডাহাতি গেছে নেনম়ানামিমিয ডর ডাক ডেক্সি আছে যেদিনকে এক সাথে তিন সার গেলাম নে কইতাছি
/kaggle/input/regspeech12/test/test_sylhet_0557.wav,লাল না লাস্টা অপারেশন ফ্রেম গোডার নেট ফোন তো আরতো চাইলা
/kaggle/input/regspeech12/test/test_kishoreganj_0178.wav,যেজীবাণুমুতজবাণুমুক্ত নিরাপদ পানির জন্য বিশ মিনিট বেশি সময় ধরে আগে বিসিবি সম পানি আঁখে পানি খতে
/kaggle/input/regspeech12/test/test_sylhet_0185.wav,দুইবার দুই বইন এ
/kaggle/input/regspeech12/test/test_rangpur_0026.wav,হানিফ মাঝির মায়েরহয় তোমার নানার কাছে দেখছি লৌকের মধ্যে ই আরি ইলাই যারা লোকে প্রার্থি তরার আরা
/kaggle/input/regspeech12/test/test_sandwip_0018.wav,চিনি বাইত যাইতে খান খাও
/kaggle/input/regspeech12/test/test_habiganj_0008.wav,আমি বেশি করে থিনিকানেয়াম আমরা বাসার দার এই বিডের বাড়িভিরে সেটা থাকছিল কিনিছে তিনটা লোকরা না জমি কুনু
/kaggle/input/regspeech12/test/test_kishoreganj_0052.wav,এলাকা ছু ইমুন দান কুমার একা তে পদ্দা
/kaggle/input/regspeech12/test/test_sylhet_0118.wav,বিছাকেছা়ানত কা মাসের দরকার গারি হামরা এত লস্কার যাসুনা তো ইতা ছুডা এটি তা বিচার নিয়েইত দহি সানি প্রেম আমার ধনি ধারনা ভিতর
/kaggle/input/regspeech12/test/test_sylhet_0486.wav,লাই জনি গুলা দেখ রামিন না উতনে এমন দেখাইতাম ফানসা নেবা কথা মেমান দেখাইতে না আমি কি তোমার বেতা দিবে তান সোনা আমি তোমারে বইলাম তোমার তে বাবা টা তোমার জন্নি ডাল হাতে আছি ফোনে ম্যাডামে দেখতে গিয়েঅমন দেখা দেখতে ফারা আমি খুব খান্দা শুরু করছি বইর জেলা রেমেনাোমাে ইনজেকশন দি
/kaggle/input/regspeech12/test/test_sylhet_0699.wav,নাতিন সা আট জন এর তাইলে নাতিন সা ফুলদার কই ফরেন তারা
/kaggle/input/regspeech12/test/test_noakhali_0027.wav,ওমা টা করে দুইদিনোর জন্ত ফোন দা নানু কইছেন আলি কলা আবার
/kaggle/input/regspeech12/test/test_habiganj_0100.wav,সিলেডরবিড ডিজাইন করবা বারির দারো সিলেট যাইতে পারেন অন্য হান এলিজেবিল লই দিতা না
/kaggle/input/regspeech12/test/test_sylhet_0056.wav,বার সম্পর্কে যদি কিছু ইটা টুক তো তোমার কাই তাই কাই না তাই যে তিন মাসের আসলে সমতা মাত অসুস্থ কিলা গর্ব টিকি খানে শুনেন না চোকে দে না তার নিজের পরিগরবচুকু ন পরে তারে খান্দা মতোন দত্ত
/kaggle/input/regspeech12/test/test_sylhet_0335.wav,শুরু করলাম করা করিয়া যখন রিটেন পরীক্ষা দিতাম মোটামুটিস্থা খারাপ পরীক্ষা দিতাম ওসময়
/kaggle/input/regspeech12/test/test_sylhet_0549.wav,হ রাজনীতি প্রাইভেট প্রাইভেট না ধুর
/kaggle/input/regspeech12/test/test_sylhet_0046.wav,বাই পাই ছেলনা যে
/kaggle/input/regspeech12/test/test_habiganj_0114.wav,যালা কিতা আসি কতাম সিসি পরীক্ষা পর্যন্ত
/kaggle/input/regspeech12/test/test_sylhet_0450.wav,নি সবড্ডলিফরিউরি যাইরা অসুস্থ মানুষ সব সম
/kaggle/input/regspeech12/test/test_sylhet_0292.wav,পাখা ফাকি ই যে কাদিরের টেকা উকা কাও তখন মহ়ানাদার্য করা হই গেছে তারা গিফট বারিনটিং একটা দেওয়ার লাগে অতাতা কিছু দিশ না কিন্তু ফিক্স করি লিখছে
/kaggle/input/regspeech12/test/test_sandwip_0030.wav,সাত ফুন্ডাগোনানে ইতার কি দুইবল আতকা যক্ষফোন করছে জামা সংসারি
/kaggle/input/regspeech12/test/test_sandwip_0078.wav,লাই হোক করা
/kaggle/input/regspeech12/test/test_chittagong_0124.wav,না কি তারার চিত্গিদলা নিতে তে একজন একত্র ছিন্ন তাহা হেগিন সামনা সামনি পিসি সরি ব্যাক দে
/kaggle/input/regspeech12/test/test_narsingdi_0051.wav,সিনারি ছুডি ও সেন ন্না পরাত না ঘরে আগুন ধান্দা ন গরি যার গে বিডি টান্না যা গুনে গেলে লাগাই ফোন অনেকটা সিলভার হতো ধুরু পাতা লাগে লাগা
/kaggle/input/regspeech12/test/test_sandwip_0106.wav,নারানের সবচেয়ে বড় কার নি আর আষ্টিতেঅতিরিক্ত করে হেতের এনে একদম হান বেডে হান্ডেড কি আঙ্গুলের কামলা সারি দিছি মারে তো একলব্দি অরালায় কোন সাপ্লাই
/kaggle/input/regspeech12/test/test_sylhet_0273.wav,তোতা করতে করতে আমার টার্গেট ওইলো এখন মেইন টার্গেটে গেছে বাইরের খুশি কিন্তু বায়ের আমারে খুশি করিয়ানিয়ে পরা বিশ আমি যখন বাইর বাইরাতে খুশি করে মানে আমার রেজাল বালা ওইলে বাইরা খুশি ও বায়েরারা খুশি করার লাগে অখন পরি পরি পরি
/kaggle/input/regspeech12/test/test_sylhet_0673.wav,আমার ছুটো ছেলে ডিসি অফিস আগের নাতিন ডাক্তার রইছে তার বাবে হেলথ
/kaggle/input/regspeech12/test/test_narail_0001.wav,সাইতে টিকলাম যে আলাদা শরিক
/kaggle/input/regspeech12/test/test_sylhet_0756.wav,কোন নিয়মনীতি মাজে মামি ওহানে বেলা বিদ্যমান কুন বিশ্বাস থাকা করেন না
/kaggle/input/regspeech12/test/test_sandwip_0038.wav,বাকি দেখাইছে হ্যাঁ
/kaggle/input/regspeech12/test/test_chittagong_0037.wav,করা কে তালা হাফ ফুস করসেন উসমান দূর দূর অরতি কোচিং এর বিতিরের সিরের ওদের কি কলা হানা এর ইস্তাতেএদদের ইতে সাতে থাম তৈ
/kaggle/input/regspeech12/test/test_narail_0180.wav,মাং মাংস কীভাবে এক কেজি কেনে নাকি অল্পতে নানি
/kaggle/input/regspeech12/test/test_narail_0148.wav,তা আত বিরে সেই মিরেবাড়িয়া যাব না যে যে গিরামের ভিতরে বিয়ে
/kaggle/input/regspeech12/test/test_sylhet_0710.wav,আরে ভিত্তি ঠিকানা বল তামরা এমন গালা গ্যাস আর কি বাসার দরকার আঞ্চলিক শব্দ গুলো দরকার
/kaggle/input/regspeech12/test/test_chittagong_0053.wav,বিটি গরির দত্ত রমিয়ায়ািনরিদের এই আমার মরবি এই বইনরে ইতে ইবে ইতে মানু
/kaggle/input/regspeech12/test/test_sandwip_0090.wav,কম নি কত মানি ক হিসেব চা যুদি চোখটা নিয়েকানাদ্দা হেঁটে আরও সাতে এমন একদম চলস্তরিেে তা গম করছে
/kaggle/input/regspeech12/test/test_chittagong_0028.wav,বরসা আগে ভাগে জেলা খুব নিবি বর্ণ করব না তৈরি ফেলা ওমারে দৌর বিয়ের পরে সরি না আমারে মা বিয়েরবয়স নইলে তো তো ফাগারতে দুরি
/kaggle/input/regspeech12/test/test_sylhet_0478.wav,জোতা বিন আসলা মানে হসপিটাল বাসা বারি মানে অ্যাভরম্যানে কাকা দুই ধন বাবি গজেন দেখলে করব তুমরা তা রোগী হন্ধার কিন্তু খে কুন মনো জানার মা আমার নিবো দিবস হসপিটাল পড়াউডাভালা
/kaggle/input/regspeech12/test/test_sylhet_0746.wav,জমি সামনে নামি আসে জিতিলে না অবিশ্বাস
/kaggle/input/regspeech12/test/test_rangpur_0047.wav,না বা বের বাইরা বা
/kaggle/input/regspeech12/test/test_sylhet_0706.wav,যে আপনারা আমরা খালি আপনার বয়সইংাাা
/kaggle/input/regspeech12/test/test_sylhet_0538.wav,পিকনিক আমি জানি না তিন আমি তো জানি না তা কাংশাআরোসাই না নিতাই লাইলাম বাইবা মাতা তাকব
/kaggle/input/regspeech12/test/test_sylhet_0659.wav,নার মতো একটা ছুটবেলার সময়ে এখন দিনদিন কোচ কঠিন এই তার আগে তখন ত শুকরশুকর দিন গেছে ইয়াজঙতরটাই বিশ
/kaggle/input/regspeech12/test/test_kishoreganj_0001.wav,রাত না গা
/kaggle/input/regspeech12/test/test_habiganj_0076.wav,তুলতে বালিকা উচ্চবিদ্যালয়ের ফোরসরা
/kaggle/input/regspeech12/test/test_barishal_0012.wav,আমারে ডাবা কিন্তু না জন্ম মানুষ জানে নেই গরুর দের বুকে বাংলাদেশের পড়তেকটা জিলের লোক আছে অন্যদিকে এইযে জায়গাজো
/kaggle/input/regspeech12/test/test_kishoreganj_0166.wav,কিবা দু শীতকালে রাতে গাছ তে গাছ গাছপালা ইত্যাদি ও পরদে বিন্দুবিন্দু পানি জমে তাকে তাকি শিশি তাকে
/kaggle/input/regspeech12/test/test_tangail_0086.wav,চোখ ছবিটা আসলে দেখলে মানে ভালো লাগব না তারপরে আমি যে মুহির শহর কর্ম সেটা সাভার২০০৭এর ছবি এই গান গুল আমি শুনছিলাম কিন্তু এই ছবি দামের কখনোই আজকে দেহাই
/kaggle/input/regspeech12/test/test_chittagong_0025.wav,একবার গরম পত্রের মৃত্যু চরকা অরে মনো হরতে কালা ভুক্ত হ ত দের ভুক্ত হই ক্যাম্বা র আমার মের হ্যার বেত বলে কি হাস
/kaggle/input/regspeech12/test/test_sandwip_0120.wav,হেতের একদম করা হারা দখলে নিলে ১৫আগ়েগেরে আমি তা এলা
/kaggle/input/regspeech12/test/test_sylhet_0257.wav,দন থুকে আটিয়াটি নানার ফুল থেকে আঁটিয়াটি প্রতিদিন লাইতাছি কোচিং থেকে হাঁটিয়েটি এবার নাই ফুলাইতাম আবার সহ বা জাবজরকরিয়া তামানিয়াারতা খাইতারবা যে
/kaggle/input/regspeech12/test/test_sandwip_0040.wav,বিচিগুলো গেসি সিতি কি
/kaggle/input/regspeech12/test/test_noakhali_0012.wav,মের কাম করে হবে মাত্র ইয়াখুশছে ডালের নানুর বান্ধবীর গেছে আমরা কাছে ব্যাঙ আআর তোমারে ব্যাঙ
/kaggle/input/regspeech12/test/test_habiganj_0094.wav,নিত্য যাই মানুষ মজা লাগিযে গুরানি দিলে বেল মানে একটু গুরানি দিক দেয়ারসবিউডব্িদ দিলে মনে সামনে পিকনিকেকষোতায় যাওয়ার ইচ্ছা আছে
/kaggle/input/regspeech12/test/test_rangpur_0058.wav,এই শুন এখন এই যে বর্তমানের জীবন যে যামরা মজুত রাখে তামরা লেখা কিন্তু অনেকে দেতেন নাই বাবার প্রথম রান মাজের রমজান শুরু বার
/kaggle/input/regspeech12/test/test_sylhet_0147.wav,গত বউত গো মাই তো নের হামরা দুর্বল নামাবার সিনি
/kaggle/input/regspeech12/test/test_sandwip_0051.wav,গ্লাশিকি লুট গেছে নাকি কি লগে বারি দিছে কেলা গ্লাস রক্ত ভাসে কিছু কোনো ভুম বন্ধের স্যারের কাছে নিচে
/kaggle/input/regspeech12/test/test_kishoreganj_0199.wav,
/kaggle/input/regspeech12/test/test_sylhet_0409.wav,নি সুন্দর আমরা যাইতা বেত হে টি করি আর আমার পাকা সি
/kaggle/input/regspeech12/test/test_sylhet_0506.wav,বৈশাখ বাংলাভাষা কিডা বৈশাখ হইয়াদি জীবন জোর বৃষ্টি বেশি দি নেরা ইতে জল বৃষ্টি দলে খুব বেশি কচা খরি জেবৃজিরর সাথে সাথে চেনে
/kaggle/input/regspeech12/test/test_narsingdi_0081.wav,্যা একদিন তুলে দে দিনে বডর ফল আমার তা হাইড বেশির একতিয়া নারিলিয়াগ্লাজ পর্ব সিদা খেলার নাম নিতারছি না ফাইবে দা দুলা ভাসপে
/kaggle/input/regspeech12/test/test_chittagong_0035.wav,মাসুম হারি ওরে আব্বাই বের ল হিকে বাজনা বারি টেলিবিলে ব্রাহ্মজনএর দে ক্যান্সেল গরের লাবা তে হতা আছে দাগ
/kaggle/input/regspeech12/test/test_kishoreganj_0154.wav,গলাবি লঙমতোভাভ
/kaggle/input/regspeech12/test/test_narsingdi_0014.wav,বাউন্ডারি যে যা চক্ষেোউন্ডারি না হলে ওডার চার যে এর অবস্থা একটা সিস্টেম ট্যালিভিল সিস্টেম রা ম্যানেজ করতারেন রা৯০০ কোটি টাকা দিয়ে কি
/kaggle/input/regspeech12/test/test_sylhet_0176.wav,কালার মের বিস্কুট তারার বার জাইনা
/kaggle/input/regspeech12/test/test_sandwip_0072.wav,গুলা ফাইলে যদি কোনো সমস্যা ধরাত
/kaggle/input/regspeech12/test/test_sylhet_0432.wav,আর আমার তারার ইকোপর্পর্ব রাস্তার দিকে টাটা নি গু না
/kaggle/input/regspeech12/test/test_narail_0078.wav,দাজবাড়ি ফরিদপুর সামাল আয়োজন করে গিয়েছিল আমরা ছিলাম
/kaggle/input/regspeech12/test/test_narsingdi_0095.wav,কারেন গার্ডনাগরু এনিমে এনিমেল উল্লাহ কাতা কিককুমএলনকুন কবা চিনা
/kaggle/input/regspeech12/test/test_rangpur_0066.wav,সে কাকু তোর কেলা কাইও আসলে দিনে
/kaggle/input/regspeech12/test/test_tangail_0047.wav,পিফানখান দেখাইতে কিন্তু পরে এরকম কর খাইতে ন্যায় পরে ফান খান আবার লাফ দেয়া পানিতে যায় অর একটা আবার আলাদা এইযে আছে আলাদা ভাষার ভাষার থাকার জন্য লার আরেকটা ই রাখছে যেহেতু ও বুঝতে পারছেন যে বাঘ যেহেতু
/kaggle/input/regspeech12/test/test_sylhet_0541.wav,দুপুরের তারফর টাহা বেশিভাগ মানে কমই গেছে না লটারি আমরা পাইছি দা
/kaggle/input/regspeech12/test/test_narail_0019.wav,নে মাসে তাই রইছে শিশুত বাই রইছে মামা তো ভাই এই সেই সব আঞ্চলিক ছল সব কতা মা শুনতে সিমা সুদ সারের বৌ মত সত্য মত খালি
/kaggle/input/regspeech12/test/test_sylhet_0090.wav,বৈধঅনেক পরিবর্তন সারা যা বৈ পর চিকিৎসা
/kaggle/input/regspeech12/test/test_tangail_0095.wav,কিন্তু সাহিনামনেই আসা নিয়েই থাকে যেই মান আসবে কিন্তু অনেক দিন যাই ইমান তা আসে না রণবীরকাপড় শু কিনার জন্য খোঁজ নিতে চাই বমানের ও শহরে কিন্তু কার মানে কেউ চিনে না এ রকম
/kaggle/input/regspeech12/test/test_chittagong_0118.wav,মাতা দলের শ্রী লোক ভালা হতি এতের আগত বুঝা বুঝাইতে আরে আর হয়াইইতরাড তেহা এসে মত একবার নৌডুকে এতে লেখা খটনগরের আগেকার দে
/kaggle/input/regspeech12/test/test_kishoreganj_0184.wav,ল হল নাওয়াইইদারে লইলে পরিচালনা
/kaggle/input/regspeech12/test/test_habiganj_0041.wav,বাইবন্ডে ফরা নি জীবন সম্ভব না অন্যতা ফরাই ধর্ম অন্য তারে আমার মাত করতি অন্য তারে ফরাস্কি বালা হারি তারে ফরাইতে লি তর তর জ্বালা যন্ত্রনা বাইরা জাগা নিজের বাইবযুনের ভিতে কি আলনা ইতারেফ আমি কিতা ফরাই দামি তা কতা উনলে আমার রাগ উত্তেজেরা কই একটা বুঝে আরে তা এমন ্রাগুডে
/kaggle/input/regspeech12/test/test_kishoreganj_0030.wav,ইডা করতে ছার কিনি নিবি লাগে আমরা দিগে তো সব সময হইছো মাইক্স্াকবাা দে বিভিন্ন কিছু ঘন্টা মা গাছে
/kaggle/input/regspeech12/test/test_barishal_0095.wav,পাকা বছরে না বাই যা পুরান আমি
/kaggle/input/regspeech12/test/test_sylhet_0375.wav,টাইম টাইন ওর কাপড়সওপর নিজে নিজে দুইলা তাইনোর খাবার দাবার দামি রানবিয়া রাখলে তা না খাই দিতে ও প্রকাশ টা তাই ই তান দুই বাইরা ফি স্টুডেন্ট তারার আমি খুজি ত তুমরা তুমরা রকম ইস্টুডেন্ট আমি ও স্টুডেন্ট
/kaggle/input/regspeech12/test/test_sylhet_0455.wav,নামে কাবাব মানে মানে তারা আমার তো মনোলম্বম্বন করে সম্মান করে এই যেহেতু যে আমার আম্মা তারা মা মা না হু
/kaggle/input/regspeech12/test/test_narsingdi_0039.wav,বারিত দানা আগে ক না প্যারেন্ডরবাড়ি ভারা কারণ এই বর্ণ দোকান হা উটি বরা হ জাতে ধাইতে খাইতে তা বিদ্যুৎ ও বিশ লোকেরা পাইসো জিমুন করে আনুপাতিকহারে কার নলাম
/kaggle/input/regspeech12/test/test_chittagong_0049.wav,হালকা হাম গরিবের লাইয়কদের বোট গা হাইতা হেই তর বঙ্গ ফরে ওরুবাড়িতে যান রাতের হামটেয়াদ গিলে গুরতাম টিঁ়াদি বিয়ে দিলেন হা জামা হ
/kaggle/input/regspeech12/test/test_habiganj_0030.wav,খালা দে আইস উঠে অস্ট্রেলিার বাধে তোমার দৈর্ভয়ওদৈর্ভীয় হাঁস এটা পালন করতে ধৈর্য হাফ হাস করতে এতবার অসুবিধা লাগে না তার তেমন কোনো অসুবিধা লাগে না এরফরও পুরাপুরিধভাবে করি না করতাম পারিও না
/kaggle/input/regspeech12/test/test_tangail_0094.wav,কোন একটা পরে ব্যবসার খাতিরে অনেক দূরে িনকিন্তু সুনাম কাপ আবার রিমান্ডের প্রথম ধে়াতেই পছন্দ আরওয়াডজীবণ্য ও সারাজীবন অপেক্ষা করতে ও রাজি কিন্তু ইমান্ত ব্যবসার কাজে দে যায় অন্য শহরে অরার কোনো খোঁজ নাই
/kaggle/input/regspeech12/test/test_sylhet_0475.wav,নাই আমরা জীবন নির্বাহি ওযাইমসুস্ত আসলা মিতা মা সাবেক তাকি প্রধান মিশিন উদেভিন্ধনিয়ে গেসিলান নে তাখিনমরসিদাম জানি মানি এক মাস বলে জানি আমি নিতে
/kaggle/input/regspeech12/test/test_narail_0179.wav,রাত থেকে আমার বাবা হাতে যাতে ১১টাসাড়া কাটা কল পারা সোনা রাতে টা ফাশের চলে আটটা কন ডাকা
/kaggle/input/regspeech12/test/test_sylhet_0653.wav,রেডি কুইটা ইন্ডিয়া তো ইতা গরিনার কিশি ফিকনিক হাওয়াযাওয়ায় খাদা অর্থ কষ্ট
/kaggle/input/regspeech12/test/test_chittagong_0002.wav,মানুষে লিমার মানু মারা আরে মাছি দেহা মাতি নিজস্ব হারা প্লান
/kaggle/input/regspeech12/test/test_sylhet_0621.wav,তো আসল নেন তারতজেরিলিবার দিতে তাইমেডিকেল আবার দিছে ডে ফাইনার ভর্তি গেছে
/kaggle/input/regspeech12/test/test_habiganj_0037.wav,আমি হই না আমি কই দিলাম লবন রে খয়েজাতরেদিয়ার মাসর মাতা টিয়াসকেতো হাইড বাদ করলেই
/kaggle/input/regspeech12/test/test_habiganj_0042.wav,বাবনা সব পরামর্শ যেটা মতামত সবগুলা বালা লাগেনি
/kaggle/input/regspeech12/test/test_sylhet_0015.wav,সবাই পর অত্র লারা যেত মান সবাই পোশাক সামন একটি শিখা ও কেউ ধরে বৃষ্টি যাতে জিনিস কেউ আনন্দ উৎসব ধরেন গান বাজনা নিত্য যে করে সে কি
/kaggle/input/regspeech12/test/test_rangpur_0049.wav,তাতায়তোমরাখা তৌ তো ফয়াজইলাবনাই তোরা যা ত কিছুরে গেছি এলা ওরা কা হামরা খারাপ
/kaggle/input/regspeech12/test/test_narail_0121.wav,না ওরে এই সাইন্সার বলিছে আগেও কথা হলো সাইন্সর গুলো বিত্তি টারে দিয়াও
/kaggle/input/regspeech12/test/test_rangpur_0062.wav,একবার দের মধ্যে কি ওরে আল্লা ওই সে সাইদি টিও গলাবি সাঈদী পাইরা আছে দে মোর সাতে এসে কাজে আসলে পর সাইদমন্তরই মুসলমানে না
/kaggle/input/regspeech12/test/test_sylhet_0712.wav,যারা হানি না তলে একসাথে তা
/kaggle/input/regspeech12/test/test_noakhali_0014.wav,না দিলে
/kaggle/input/regspeech12/test/test_kishoreganj_0060.wav,আই ফাল তাতে না ভাইস না না যা রাতে চানি
/kaggle/input/regspeech12/test/test_habiganj_0034.wav,তালা নি আমি তো চুরদাকতিকী খালি চাইতাম রানদামরানতা না আমার মাঝ বেশি চুরতাকতেদিত না সিক্স থাকতে তো আমি চাইতাম খালি রানতারতানরমা দিতে না হ তুই আত ফুরে উরা মরবে রান্দাত গি আমার লেগে আরও দুই বাড়াইবে কিন্তু আমি চাইতাম হালি রানতারাদা এরফইতাহ়ত টেমা যে রান তো আমি হালি বয়েহইয়া দেখতাম
/kaggle/input/regspeech12/test/test_sylhet_0453.wav,ফুরি আমার সিট আর দুজনের মামার বুঝা যায় না
/kaggle/input/regspeech12/test/test_sylhet_0373.wav,এখন কর যে পরিস্থিতি মনে শিক্ষা দিক্ষার দিকে মাঝে মাঝে আপসেট বই তারপরও আবার আল্লাহর প্রতিটা বিশ্বাস আমার ফিরাই আনে যেন যে চেষ্টা করয়াায়া বারা হে মেলি তারার প্রফেশন
/kaggle/input/regspeech12/test/test_tangail_0034.wav,আসলেই গাটভাগ্যে মানে ভাইগ্য তার সাতে লেখা থাকে তার সাথেই আবার ঘুরা ফিরা একটা নীল হই আর আছে এখন আমি এক আরেকটা সো স্টোরি শেয়ার কর্ম সেরে হেছে লাইফ অব পাই
/kaggle/input/regspeech12/test/test_chittagong_0113.wav,খালা নিকি পরে অতিরিক্ত অ্যান্ড গরমে ফাটাই ফালার যে গরম কি হার মুথা ব্যতা হবে আজিনাকুরানে দুল্লা দির
/kaggle/input/regspeech12/test/test_sylhet_0367.wav,তো আমার কাছে একটা দিনে সব সময়ই মনোয় আমি অপটি মিষ্টি আমি আল্লাহকে বিশ্বাস করে এবং আমি দেখছি আল্লাহ পরদে পজামাকে অনেক সহযোগিতা করছে মিশি আল্লাহ একটা মানুষকে যখন পাটায় তাদের জিকের ব্যবস্থা করিয়াদেয় এবংআমি আমরা হাসবে ন এক বুজ নেই
/kaggle/input/regspeech12/test/test_narsingdi_0137.wav,মিডিয়া ই দাবি দিকে জমিদার গারি দেওযার গান নে টাকা লাগে দি
/kaggle/input/regspeech12/test/test_tangail_0004.wav,ফরেডির সামনে দাঁতগুলা ছিল একটু বড়ো মানে আমরা যে স্বাভাবিক মানুষ দাত দেহা যায়না বাড়ি থেকে কিন্তু ফেডির সামনের ওপরের দিকে দাঁত গোলা চুলতোউঁচা আর বড় তাই মানে দেখতে কুটু লাগে
/kaggle/input/regspeech12/test/test_sylhet_0297.wav,গুরুত্বপূর্ণ কিফছু না যাস তাইনও হেপি টাকলা তাইন যদিটা পেমেন্ট করতা পারেন প্রপাল্লিত তাইনো হেপি থাকলা তাইনোর গিফট দেওযাইল বাবা মা ও খুশি থাকলে সামাজিক যে সংস্কৃতি গ পালন করা হইল
/kaggle/input/regspeech12/test/test_chittagong_0138.wav,দের একটাই তার হবে মাসা তাকতা তুলা লাগে তার গত তো এক দফা হরতারি লইয়াতকিরগুম
/kaggle/input/regspeech12/test/test_narsingdi_0016.wav,দেশের পরিস্থিতি অন্যান্য দেশগুলোতে যাক অস্ট্রেলিয়াদে নিউজিল্যান্ডে এক মিচেল স্টার্ট অস্ট্রেলিয়ার খেলতে ও বলে কি গতি ইংল্যান্ডের দে জিমস্যান্ডারসন
/kaggle/input/regspeech12/test/test_sylhet_0551.wav,সা সবতা তারা খইলাম যে সে লাডি হুমাইয়ানি রাইফেল নিলে তো সবে
/kaggle/input/regspeech12/test/test_sylhet_0022.wav,বিধি অনুসারে গু জালা করার পরে মার খাছে জঞ্জুলি টাইমের সময় মাইকেলাউন্স করে আমরা গঞ্জুলিদিয় এবং পূজা করা স্বপ্নে পূজা পূজার পরে এখান প্রসাদ খাওয়ানো হয় মানে ঘরে আমরা খুব বেশি আনন্দ পুশ কা মানো হয় তারপর এ ধরেন কিছু লিটু চুরি পাওয়া সব কিছু সপ্তমে পূজা
/kaggle/input/regspeech12/test/test_narail_0006.wav,মনে যত পাই রে রক্ত খবর আমরা কি তো বা বা কি কইছে নিকি যেই জমিতি এই ওই জমি তো এ সব তামরা কইছে এই যে যে জমি জাতীরা খাইসি কে নিছে এই জমানকেলে জমি ডা নাইনটি একজন কি
/kaggle/input/regspeech12/test/test_tangail_0071.wav,এটা বরুন ধরনের একটা মনে একটা জায়গা করে নেই পরে বরুনদাওয়ান ডেইলি কাজ শেষ করে হাসপাতালে যায় ছুলের সাথে দেহা ঘরে রমনের যে কুমারে গেছে গা মানে সেন্স যে নাই পরে ও সেন্স ফিরে আনা ট্রাই করতে থাকে
/kaggle/input/regspeech12/test/test_rangpur_0091.wav,গরম দেখছি ফুটবল লিমা কায়েমসে মধ্যানি চলছে তো ভাল ্যা মেলা নাই ই
/kaggle/input/regspeech12/test/test_sylhet_0151.wav,তারা কিতা করা রোজনতবিয়ফাইনাল গিলে দি ভাবি প্রোজননাইাা ফারি পারছি ব্যবসা ব্যবসা
/kaggle/input/regspeech12/test/test_sylhet_0697.wav,মহিন ছেলে তিন না টা তিনটা দি
/kaggle/input/regspeech12/test/test_chittagong_0076.wav,ই বেসরকারি রোডে টেনশন না সরকার যে সরকারি মত কররকারেরমধদৈলিত তুই তাই ছলের করিবে আলাদা আর কাজে সরখারিত মন বিজ্ঞান
/kaggle/input/regspeech12/test/test_sylhet_0230.wav,বাদেই লক্যা কতা হরতে হরতে পরতমানুষ্যকে আমার পাই এনতে না করিয়া দিছোইন না দেখি আর দু দেখি রেজাল্ট ঘন্টা বারো পাতা উইযে হে বাদইয়া অবশেষে
/kaggle/input/regspeech12/test/test_tangail_0118.wav,কিন্তু এখন একটা জিনিস ভালো যে শুধু প্রধানমন্ত্রীর উপর ডিফেন্ড কইরা নাই দেশের সবাই যে চার জায়গা থেকে হেলে করার জন্য আগে আসতেছে এখন রিসেন্টলি দেখতেছি কিছু ব্লগার রাফসান্দা ছোটভাই
/kaggle/input/regspeech12/test/test_habiganj_0048.wav,কি কি গিফট ভাইস আমি গিফট ফাইসি সে সুরি ফাইসি খানের ফাইসি জামা দিতে এরেফুতুলআসেনা সি তাকে আমারে পুতুল দিত বেশি খাজের পুতুল
/kaggle/input/regspeech12/test/test_kishoreganj_0181.wav,অনেক চাকমা অত হলে দিলো এ লতলতেলতহলএলত হলুতেলতহলতলত হলুদত
/kaggle/input/regspeech12/test/test_narail_0080.wav,আমি কি আম কে তোরা বলছি আমি যদি খুশি হইতাম তান কথা বলতাম না আমি টু কালের বাসার লোকজন
/kaggle/input/regspeech12/test/test_habiganj_0082.wav,ক্যা মারাযাওয়ার আগে লাস্টে মারা গেছে দুবাই বইন ডাক্তারি মারা সে সমন্ত ন্যা করেন মসিদের
/kaggle/input/regspeech12/test/test_chittagong_0065.wav,আর সিবি মাত্র তিন দিন আরো হ দিন্না লাগিবনা বিএসএস নাই আবিএলেনয়তো জন বিএসএফইয়াহা বিন বিএসএবিয়এনহাই এনু গামের সিবি
/kaggle/input/regspeech12/test/test_kishoreganj_0076.wav,লাল অফিসে যেন করি
/kaggle/input/regspeech12/test/test_sylhet_0294.wav,এক প্রেসার লই ইলা মাওয়ারপরেগেলাম গোল্ডের দোকানো দা দি লাগে থেকে ভাসতাছে গেলাম গোল্ডের দোকানও গোল কিনতাম
/kaggle/input/regspeech12/test/test_kishoreganj_0201.wav,এতা বিদ্যুৎ
/kaggle/input/regspeech12/test/test_rangpur_0076.wav,মাই স্যার বলে
/kaggle/input/regspeech12/test/test_sylhet_0663.wav,তাইন খালা লাগবে তত খালা যাই এখন না পানি না হিন্দু কি না
/kaggle/input/regspeech12/test/test_barishal_0003.wav,যাতা আর কথা কইলেন যে বাইরে গরুর রান্দিছে মারে দেনা পাই উত্তরবঙ্গে কালকে নি দেহা আতেকনারের কারণে বাস্তব
/kaggle/input/regspeech12/test/test_rangpur_0074.wav,বা বা গত ধরি লাইগা
/kaggle/input/regspeech12/test/test_narail_0036.wav,দারে খালগুলিক আগে জাগা যিনি বিরিজ ফল হইছে বিটা বা
/kaggle/input/regspeech12/test/test_sylhet_0705.wav,এ আফনের ধর্ম হিন্দু সনাতন সনাতন ধরাবলম্বে মানে কত
/kaggle/input/regspeech12/test/test_sandwip_0100.wav,ই খরচ করছে এ দি কলা খরচ করছে নিশ্চেপ করেন কাচে জি গেছে হরান সরকারি চাকরি করি রে সামনে নিশের ছামছুলের ন ন মাটি হবে মা
/kaggle/input/regspeech12/test/test_narail_0145.wav,এতো অবশ্যই কী বলো তুমি এইখানে আসবা সন্দ্যা স মা সবার আগে থাকবা প্রতি করবে মনা দিলেন টেনে বে না
/kaggle/input/regspeech12/test/test_sylhet_0217.wav,আমি ধরি যে হাউজুয়ায় ফিটা তমার জন্ম গতরটা ফেশার আমান মা র তাদিয়াছিলা উম বাগিদার দেখিযে হাউজইআমাত বইনের সাতাত্তদৈনেন খালা তমা মত বলেন সব হউ তাই আমিও মনে হাউজ ফরব কানিত মিনিমাম পরিলিতি স্কুল খান
/kaggle/input/regspeech12/test/test_chittagong_0169.wav,রাস্তা তেমন অতা ন থাহাই জানা নাকি অন্য কিছু ফুফি বা বালা খানা
/kaggle/input/regspeech12/test/test_narail_0009.wav,গুলা কি রিসেন্টাপয়সা টাকাপয়সা তো আমরা ভাসি দশ হাজার ছা তা শুনলাম যে কত ঠা দেচ্চামাগে চিকিৎসা তে টাবসাতআলে কি আলো আপনি খাইছে নালি আমরা খাইছি কালি তই লাইনি থাক আমার লাইনি থে এমনি সাথে কথা কলো মনের সাথে কথা করছে যে
/kaggle/input/regspeech12/test/test_sandwip_0118.wav,হেতে পাওয়াআয়এ পর্যন্ত সব কিছু মাস্তা হানি সের দুদে কোনানে পাখি থুনও ধান আমনের লেখা গরা
/kaggle/input/regspeech12/test/test_tangail_0067.wav,সে সময় মানে পিছলা যা নিচে পড়াগছিিড়েযায কিন্তু মানে কত মানে পড়ে যাওয়ার ঠিক সময বল বলে গেছিল যে হয়রিসড্যান মেকবরুনধনকোথায়
/kaggle/input/regspeech12/test/test_sylhet_0128.wav,সেবেনের দিব সাবান সরকারতে লাগে পাউজেন সমস্যাটা না
/kaggle/input/regspeech12/test/test_chittagong_0013.wav,শান্তর বরা আগে তিন নদী তামান দুবাই যত আর দূরতদম্পরি বস্তি লামাইতা সবতা ফাস্ট বের হবো
/kaggle/input/regspeech12/test/test_rangpur_0089.wav,সা গালাত কি দি খাছিস
/kaggle/input/regspeech12/test/test_sylhet_0617.wav,ওখন কিতা তার নি খানে আছেনি তাইলে শনিবার তুমি সবকিছু স্নেহ বারি তারা সারা
/kaggle/input/regspeech12/test/test_sylhet_0127.wav,এডা মালিক টাকে মালিকের টা তাইলে আযাওয়াকরে খেলা মাদে হাসিনা কে রে দেহান ম্যানাজারে সেমিনাজারে ফতি মাসেক ইঞ্চি টিকিটেহাতুলে নি
/kaggle/input/regspeech12/test/test_sandwip_0022.wav,কাম হে গেছে
/kaggle/input/regspeech12/test/test_comilla_0002.wav,বুরি আমরা ন০৫মযাটে আমরা দুরি স্বর্ণ একটা রুপ বালা কদ্দিন যত যে অস্তা দাম ৯৫রগিকরমোর রাজা দাম খালে পারে সাই থেকে ৮০ হাজার ৮০হার৯০৯০থ৯ মনে থাকে এলা যে
/kaggle/input/regspeech12/test/test_kishoreganj_0131.wav,হক রকমের ফল সে ফলে কমে ফল কেসে ফলের এক রকম বা বিভিন্ন নানান কথা জিবন
/kaggle/input/regspeech12/test/test_barishal_0051.wav,গরুর মাতন খাডে তা এ বেড়ারচটটা জীবন মূল পাঁচ দিনের দশ দিনের মাথা জুতি একদিন জিরে নে বে থাইলে হেদনাকউদ্দিন মরি মনে করেন রেসপাশেলায়ন কস কস কস কস করে হাইয়েত মুই মনে করেন ভাল ঠই না
/kaggle/input/regspeech12/test/test_kishoreganj_0141.wav,দাদিরা মত বিভিন্ন টর্মযোগে আক্রান্ত কতাককিটনা সকালে মাটি দুষে যুগ মাটি দোষনি
/kaggle/input/regspeech12/test/test_narail_0141.wav,আমার তিন ভগ্নিভর্তিকণে না তুমি তে হাইসে ওর দোস্ত এগিন তবে নাকিতা রা
/kaggle/input/regspeech12/test/test_sylhet_0156.wav,টেলিগ্রামাসি জেলিরামকিটালি জুতা অতবালািনদিগেই ক এলাকা কিরকম আর ছিলাকাতহাইজঙগল আছি
/kaggle/input/regspeech12/test/test_tangail_0003.wav,পরাতর ভোকালের এতই টি মানে বুজে আর কি কিন্তু ভোকালতো একটা মে নি থাকে না পরে ওরা নিতে চাই নাই কারণ ওরা এর আগে গান টান করে নাই
/kaggle/input/regspeech12/test/test_rangpur_0009.wav,কই না
/kaggle/input/regspeech12/test/test_sylhet_0358.wav,মার ওজা আমি কই তুমার আমি যখন ড্রিম ট্যাকার সল্ট করছি তখন কিন্তু অল আর হাউজওই হাউজ যাক তু হুইমু ইটা তোমার টার্গেট আসি পাশাপাশি আমার একটা পেশাওটা আমি কি ডাইনত এই কারণে
/kaggle/input/regspeech12/test/test_narail_0186.wav,২৩২৪তারিখেবরআছে কালকে যে সন্দেশ চান্দে খাওয়ায় আসলাম কালকে মিরজাফুর আমি আইসা
/kaggle/input/regspeech12/test/test_narail_0111.wav,শুনলে তুমি তুমি কি কে কারণ অঙ্কুরশিরি নিয়ে কারিত একটা বছর কালিয়ায় থাকব সাহেবে বিক্রি দে়াব কারণ সাইন্সর রোডের নিয়োগ খুব স্বপ্ন শেষ
/kaggle/input/regspeech12/test/test_sylhet_0213.wav,টার বর দেখি নাম দেখি আমরা পাইবে না তো সুভাষ করে তফিসুটেভিঘুটে নাই তো তা করিমুন্যেসা যদুকদুরন্লেসা কিতার বা কিতামমামধা সাহা
/kaggle/input/regspeech12/test/test_noakhali_0022.wav,কিলাস
/kaggle/input/regspeech12/test/test_chittagong_0136.wav,রুমি ফুরান পন্ত নাতা হতা আ ফদ্দা তুই নাই না হি লাগবে আই হতি আপনে মন রাজনিতি বেশি থাক নামে নগরীজ বেশি এই সেই ঘটক
/kaggle/input/regspeech12/test/test_narail_0114.wav,মারে ফাইভে ব্যক্তি পরীক্ষা টালো দেয়াব্দিয়ায়তর কোন না জেলা স্কুলে বা পাবলিক বা নৌবাহিনীতে যে কোনো একটা মানে সব করা ওই তামাত রে কোথায় ভর্তি করাতে বে সেটাই তা ওরে আমি নিজে পড়াবো
/kaggle/input/regspeech12/test/test_chittagong_0042.wav,আগে মাগনা আরো সেনের গরা বে আমি দিত ন হ টি ব্যাটিং নিউটিউট গরে বাকি যারেখি
/kaggle/input/regspeech12/test/test_comilla_0007.wav,ও মানে প্রথমে বের হয়ে গেছে দুল্লার মধ্যে বসার জন্য সবটা কথা আমি হীর মুখেই শুনছি যে ও দুলাতে যে প্রথমে বসতে গেছে তখন সাথে ছিল ওই ফ্রেনটা আবার মানে একদম ক্লোজ এক স্কুলের প্রথম দিন থেকে ওরে
/kaggle/input/regspeech12/test/test_chittagong_0145.wav,কেরে তুরা খন্ডে হতাত নুন
/kaggle/input/regspeech12/test/test_narsingdi_0105.wav,হি বানাইসি বারমার গুগল ফেরেম লাই ফিরে সারি জেলা জলাইতানছেলিতা ডালে আরো হেডে কিয়েিল়া ফাস্টে ফুরিন দি সেনাবাচারাখা় যাঙ
/kaggle/input/regspeech12/test/test_sylhet_0280.wav,করা মরে লেবেলে লেভেলের মানুষ স্থাপনা একটা পাবলিক বার্সিটিতে কই পাস করু একটা মেল লাগি তো লা লেবেলের পুরুষ লাগবো যিটা গ্রামের মধ্যে এভেইলেবল না আর আরেকটা জিনিস ইলোগিয়া তখন গ্রামত গ্রাম মা
/kaggle/input/regspeech12/test/test_sandwip_0060.wav,সার মাগাখিহতঅনেবে তা শমকা বাবা কেনে থাক শাহরমারোহীন পেরে না হরানি দিতে আবার তে খুলি যাগোর কে নিতে কী খাম ন খালে শারীরিক দুষ্কর
/kaggle/input/regspeech12/test/test_habiganj_0107.wav,ন শুরু অন থাকে শুরু ইসলো আর সে সবে এ তারিখ বুঝার মধ্যে আবার কিছুদিন পরীক্ষা চল আজকা যে ফরীক্ষা হইতাছে ফরীক্ষা সমাকে সাধান্ত পরীক্ষা ওই তা কিন্তু
/kaggle/input/regspeech12/test/test_kishoreganj_0134.wav,কলা কাটা কলা কালা কাটা কাম জমতরমুতেপি
/kaggle/input/regspeech12/test/test_sandwip_0131.wav,নেই এক বাঙি জীবনের ফ্যাশান তিন দিবেন এবার মিটেক যদি খারাপ রেস্টি মশকারামালপুনা রানছে দিন আরো হোসেন জানি বি চুল রহমান হে রে
/kaggle/input/regspeech12/test/test_rangpur_0102.wav,কিন্তু সাথে কথা য়নাগিসের সাথে কথা হয় নাই ও আগকহইতে আর
/kaggle/input/regspeech12/test/test_sandwip_0042.wav,জমা হইবো ক আইতে মন বেবি হাসি
/kaggle/input/regspeech12/test/test_rangpur_0001.wav,আর নিজে মকেরোসাকাই পানি খাইবে
/kaggle/input/regspeech12/test/test_sylhet_0094.wav,না খইরা বা রেখে কিলা দোকান বাকি লাগে বাট ফিরি দেওযার খতা
/kaggle/input/regspeech12/test/test_sylhet_0588.wav,অ্যান্ড রাহা আসে জানা আগে ব্যাটা দে দেডারা কি নরিয়াওজনে আসলানা একটু
/kaggle/input/regspeech12/test/test_narail_0175.wav,নয়নেরবৌধথায়
/kaggle/input/regspeech12/test/test_sylhet_0748.wav,রা বা শীত দিন যদি তার আখতা টানে মানে এর বা দিন
/kaggle/input/regspeech12/test/test_tangail_0056.wav,অভি সব কিছু ছেড়ে দেয়ার একটা অভিনয় কিন্তু যেটা সবচে বেশি আর কি পীরাদাইস বা যন্ত্রণা দেয় সেটা হচ্ছে একটা মোমেন্ট যেটা গুড বাই বলার একটা সময়
/kaggle/input/regspeech12/test/test_narail_0170.wav,জামাই কোন জাগা জামাই কোন
/kaggle/input/regspeech12/test/test_sylhet_0385.wav,সিলেট ভর্তি হরাইছি মহিলা তখন ভর্তি পরীক্ষা আছে আমি সরকার প্রস্থের
/kaggle/input/regspeech12/test/test_habiganj_0047.wav,বারিষে গিফট দিতে বালা লাগে দে মানুষের গিফট দিতে বালোই লাগে দে ডিসি ও যেমন ও সামর্থ্য অনুযায়ী বিচি গিফদিতে অনেক বাল লাগে
/kaggle/input/regspeech12/test/test_rangpur_0020.wav,খুব ভালো না রমজান মাসে মোজাহলেরসাগের মনে যাওয়াদাডিমবাজা বাইগুন বাজার কি আরও
/kaggle/input/regspeech12/test/test_chittagong_0161.wav,আইবু হল গরু কচা করিম বাস বাস তিন মানি সরকারি কার কার কার হুদা কি বাসা তাদেরকে আবার দিন পরকালে দেতে তুশতুসরকারে কতটি আলো না করি আও
/kaggle/input/regspeech12/test/test_sylhet_0472.wav,যে জাইগা কুন জিনিস বইনে খই কুন বনের ন জিনিস ফছন্দ কুন জিনিসটা হাই বহে তা নি শুনতে পারি
/kaggle/input/regspeech12/test/test_sylhet_0304.wav,তামার ও কন্ডিশন বিয়াভেনচফিকারসে তাইন কাটুন মা বাপরে বুঝাইছেন যে দুরা দে পরিতেগিয়া বর্তি কি আইছে ফুরির তো রান্দার দেখাই তারি জীবনে বারির যাইত নাই বস সিলেট তাকতো চাকরির পরীক্ষা দিতে তারা
/kaggle/input/regspeech12/test/test_sylhet_0020.wav,গত মানা ইতে ষষ্ঠ গরিস সৃষ্টি দিন পর প্রথমে সন্ধ্যার সময় বেল গাছের নিচে ভোঁজাকরা দিন বেল গাছের নিচে পূজা করার প্রথম দিন সন্ধ্যা সন্দার টাইম তো সি ট্রাই
/kaggle/input/regspeech12/test/test_sylhet_0732.wav,মিডি বিদেশ বিদেশ গেলে আর্জেনখকটাতালে কোন কোন একজন করে না না কয়েকটা নাম হইল
/kaggle/input/regspeech12/test/test_rangpur_0039.wav,অন দান গেছি দুরান্তে ভালোই ব্যাপার গুলো খুব ভালো মিতগেমুই
/kaggle/input/regspeech12/test/test_rangpur_0082.wav,আমার মা যেমন অভিনয়ে যেমন করি হামরা মা ঘরে দেখছি নতুন করি হামরা আলা কিছু শিখছি ওইদে হাজানেরা বা যেমন শাজানের দেখছে এখনা কিছু কিছু
/kaggle/input/regspeech12/test/test_chittagong_0005.wav,অফিস বিশ মুন এত আটা দে না বে সকালে কানা গরি তাইর বলি বই তারিকের চাই লাস যাইরা হইলে দিতা ঢুকি ফিচলা ই
/kaggle/input/regspeech12/test/test_tangail_0012.wav,ফেরি মার ক রাসেলের ছিল হোমোসেক্ুয়াল তার সাথে অনেক ছেলে সম্পর্ক হয় আর এই বিষয়টাই যে ম্যারিজে ছিল ম্যারিড যে ছিল আর ওযার সাথে আর কি ব্রেকআপ হয়ে যায়
/kaggle/input/regspeech12/test/test_sylhet_0581.wav,ইবার যে আমরা শেখ হাসিনা পার্ক যে প্লেইস টা একটা ছোট্ট এল সুন্দর দুইটা রাইড সোর্সে লাডি কাইটে সুন
/kaggle/input/regspeech12/test/test_chittagong_0060.wav,নানি কি প্ল্যান টান নাই তোর দিদি গত রিলস দিল্লির পেপার লস না সিটি কর কিলাই
/kaggle/input/regspeech12/test/test_sylhet_0239.wav,সারাজীবন আমরা কষ্ট ফাইবার আমরারে পদ্ধতি করছে আব্বা নাই করি মনে করাইছে তারা বইনেরে জনরা বিলাই তাই জিতু ফর্তো স্যার আমরা একটু দেখিলে ও দেখি লাই হয়েও দেখিলাই ডিসি সিনেমাত বাই মরানিয়া
/kaggle/input/regspeech12/test/test_narsingdi_0122.wav,বইন প্লিজ পাইলি দেখ রাখা যা দেখতে কে সন্দ্যা চাতি দেখ দিখি এই দরে না এসে হিউমান থাকতে হরে মুজানকিহুতস ঘেরে ড্যামনানারিস
/kaggle/input/regspeech12/test/test_tangail_0021.wav,২০০১ সালে রিলিজ পাই সেরেনডিপিটি আমার অন্যতম একটা ফেলক মুভি কারণে এই মুভিটা একটা লাল স্টোরি মি আর ছবির নায়কথাকেজোনা থানার নায়িকা
/kaggle/input/regspeech12/test/test_sylhet_0394.wav,এ সমস্যা সিজনে সামনে নিলে
/kaggle/input/regspeech12/test/test_sandwip_0025.wav,দুগা সরকারি জাহিদ এই এলাকার মানি সব সম আসফে সা জাহিদ দের সঙ্গে একত্র আসে সংগ আসন ফরা কথা মাপ দেখবেন আংগো মেডাম
/kaggle/input/regspeech12/test/test_sylhet_0040.wav,লক্ষ্মী ঘর টাকা না দু গা সব গটন পানি নি কটা বিষোতে পানি নিয়ে তারা রাগ এই পানি বাপরেও আমাদের হাতে যে এটা সবাই কেটে দিতে অপরাজিতর ডালা রাতাপুলের ডাল আরেকটই চেষ্টা করে মন্ত্রউচ্চারণ করিয়া
/kaggle/input/regspeech12/test/test_chittagong_0039.wav,কিতা আড্ডা দে বরাদ্দ একদিন দামি দুমু দেখেন দাদি কা গরি বৈয়ালাকি বন্দর রাহার রমজান মাসে ফল হা না
/kaggle/input/regspeech12/test/test_noakhali_0024.wav,একজন আলাদা ইবারে ইবালা দি রাকা বিলি বুজ্জি তা
/kaggle/input/regspeech12/test/test_sylhet_0178.wav,কান্ত রা কিছু ন আইরে মাইলা হাইপাই কিরজে ও মাদ্রাসা চা টা অটো যা হার জনরা ওলা
/kaggle/input/regspeech12/test/test_narail_0185.wav,পারি না বে
/kaggle/input/regspeech12/test/test_sylhet_0603.wav,মুক্তি লেখা থেকে বি প্র এর ফরে ম্যাডামের সাথে যখন ছবি টবি তুললাম মানে ফতমে নাম যে বালা রাখতে ছারে ন না আমার কিনি দিতে নয়নিচিন্তানা নিতে ম্যার তুমরা তা মানে
/kaggle/input/regspeech12/test/test_narail_0044.wav,ভারি দাদা দাদারা জাগা রাখলো তাও জর ভাষা ফোর কুলাবার সান শিবু সেভে ও মা কি রিং
/kaggle/input/regspeech12/test/test_narail_0129.wav,গরমের ভিতরে দাঁড়ায়ার উঠিছে এ আর কাছে চন্দন দা সরা প্রচুর গরম নেতা বানি কি তুমি অ্যানে মিস করতেছি আশা একটা দাও
/kaggle/input/regspeech12/test/test_sylhet_0383.wav,ওইলোগি মেসো যদি থাকি না তাইলে কই থাকমু বিশাল একটা বউর মধ্য দিয়া গেছি আরকি বন টন চিন্তা দুশ্চিন্াতার মধ্যে দিয়া গেছি গেয়া তারপরও আমার বাইতে আন্নে মার একটা কোচিং দিসিন দিয়া পাশে ও নাইরকেল একা নাই ফুল মেসমুর্সি অন আমার লগের আলো সাইজ টামিলা গলিতে পরছে তারা
/kaggle/input/regspeech12/test/test_sylhet_0287.wav,শ আমাদের যে সমাজ আমি হইতো আমার চিতে কোয়ালিফাই থাকবেন পাই আমি তখন আমার ফিউচার নিয়া সার্টিং আর যাইব আমি যে স্ক্রেসের মধ্যে রানের মাঝে উশি আমার একটা জইনে এবং আমি চাইলে এখন আমার চেতে োয়ালিফাযই থাকবেন পাই
/kaggle/input/regspeech12/test/test_narail_0107.wav,ওটা থেকে যখন ডাক্তার দেখাইছিল আম ইনফেকশন হয়ে গেছিল আর এবার দেখলাম তা ইনফেকশন ইটা কমে গেছে আর এটা ভেঙে ছোট হয়ে গেছে
/kaggle/input/regspeech12/test/test_sylhet_0043.wav,কি নি দে এ ব্যাপারে আঞ্চলিক ভাষা নি টর্ম তারার ভিতর ফাসির দরকার
/kaggle/input/regspeech12/test/test_kishoreganj_0028.wav,অফরাদ নানা ভুলে চিকা এলা মারা গেছে সামাজে উঠতে স্কুল আছে কি একটা কিন্টাগাট
/kaggle/input/regspeech12/test/test_barishal_0039.wav,কি যে একটা গরু লইলে নিজেরও খাটনি বেশি নে খানি বেশি না এই যে আমনে দিকে সন্ধ্যা কালা তে গাবো তা কাটলেন কি দের করা ছিল রতন তার পা ঠেলি হালা তিন গেছিগিনি প্রতম লাগে কাম করে আর পাকছে ও গাছে ধান কারতে
/kaggle/input/regspeech12/test/test_chittagong_0023.wav,সিরাঙতখিগিগরগে হানা সিরাঙত গেলাম এর গুরি লঙ্কা লাম্বা কুনু লুক কাহারা গেলাম হুত হাই আই বই ন হৈতযেঅতবেশি গরেদি
/kaggle/input/regspeech12/test/test_narsingdi_0030.wav,একটা টিম জিতবে হ কদিন আগে দেখলি না রিপোর্টার আতার আলি খানের জিগাইল যে আপনি বাংলাদেশ কিল কাপ জিতবে কবে যে ২০২৩এ
/kaggle/input/regspeech12/test/test_habiganj_0111.wav,ফুরা যাই মানে এত নাম্বার মোটা লিবো বাট মানে ফোসকা বাডা কিছু হারজামদফুরীকে লেটুনোর্
/kaggle/input/regspeech12/test/test_barishal_0025.wav,নাই লাখাই জানা তার দেও শিক্ষক খাওয়ায়না পোলা ফান্ডে ওনার কুন তরে গুরি গুরি ট্যাবলেট টা দেখা দাই ট্যাবলেটটা বাচ্চাকজিনে কঠিন ফু গরে জিনিস এই লোক এই লৌমনে করেন তিন দিন খাওনের পর যে রোকতাল্লাগ্ানি ভালোই গেলে ওইডের হয়না এত কিশিজিবি ওষুধ মাল বিনা
/kaggle/input/regspeech12/test/test_sylhet_0025.wav,এখানে তখন বারে বাসা প্রেসিডেন্টের মন্দির তখন আমরা দেখাইসি কিছু সংখ্যা ওযার পরে ঘুরা গরিস কাই খানে সাংস্কৃতিক অনুষ্ঠান সাংস্কৃতি অনুষ্ঠান আনন্দ বহু আর কুজার দশ বুজা মায়দুরগাঁয় কত বা সিস্টেমে তে ফূজা করা মানে অনেক কিছু যাও হয়
/kaggle/input/regspeech12/test/test_habiganj_0092.wav,গোরানেরদিয়া বেশি এক্সাইটেড তে এক বদ্র সদরোর মত বালা বারির মত বা বা ভিসি ভিজে গুলো ঘুরানি দিলে ত্রমজিােুরানে যায়
/kaggle/input/regspeech12/test/test_barishal_0026.wav,এই থালা মিনারে যে বোতল মনে করেন নামে দে মানি মাথা নষ্ট হেতেরে দুর তারারে ওষুদের হালাইতে এই কা ভালই গারি বলারের এদিকে আসামাওষত
/kaggle/input/regspeech12/test/test_narail_0061.wav,না এলাকার কালা
/kaggle/input/regspeech12/test/test_sylhet_0204.wav,হাত দিলে আরেকবার যা লাওথাআসের ফিছনে দৌরাইতেদূরাইতে তারার নিজিরা দেখতাম যে যে দিন দান হিজাই স্কুলের টাইম জুতি তো দশ টা আমি কা বইতা মারা
/kaggle/input/regspeech12/test/test_habiganj_0040.wav,আমি তাহি তরখারি বালা ইডা বাজমুজমুসক করমো কইররা আমার ইডা একটা সবটিই মা কিন্তু ফানি নি কম দে আমি কিন্তু তো হাই পানি বেশি জেলা সবতা হর মদি গাছে লাস্টে দি এমন কানি দেই পানি দিয়েতরহর একবারে যার বেশি জাল দিতে দিতে একবারে
/kaggle/input/regspeech12/test/test_tangail_0007.wav,তারপরে তো ব্র্যান্ডের ক দি লই ঠিক এই সময়েই ফেরি সাথে আরেক ধরনের পরিচয় ম্যারি
/kaggle/input/regspeech12/test/test_chittagong_0011.wav,তলে হ তর বাবারে ঘুরি তগর অতিষ্ট করন নেকি অনেকে না রে হাত না না ও দুরের খালাই আসবে হালা আছেনি
/kaggle/input/regspeech12/test/test_habiganj_0024.wav,দিন বেলাই পূজা ঘরে অনেকে আছে তিনবার ফুজাতে সকালে গুনতে দুইটা দিক না দিকে আটা দিতে আবার পরে আবার
/kaggle/input/regspeech12/test/test_sylhet_0329.wav,তখন খইলা যে আমি গই আম তা তমা ভালা লাগে না তোমার একলা একলা পরিশ্রম হয় তুমি এখলা ওস জনের পরস্থাদিপি আর কোনো ভাষা বারা আমি ছোটখাটো চাকরি ঘুরি ঘুরি পর কিতা চাকরি করবার
/kaggle/input/regspeech12/test/test_comilla_0016.wav,বেতন দেয়াদিয়ে বেতন দিয়ে১নস্কুল থেকে বের হবে আর অর ময়েরের নিয়া স্কুল থেকে বের হইতেছে উনি কিন্তু জানে না উনার মেয়ের যে অবস্থা সবাই বলতে থেকে কেউ একটা আগুন কান্ড শক মানে সবাইর ধারনগতস্থতের কারটে শক খাইছে এজন্য কেউ একটা বাচ্চা দুর্ঘটনা হইছে ও
/kaggle/input/regspeech12/test/test_sandwip_0004.wav,নিহান যাবে না বারা তের ব্যবসা নিজে লুপকন্যা হদে থাক নিতে একাকার লে সারা দরকার বেলাই
/kaggle/input/regspeech12/test/test_habiganj_0025.wav,সাদের মতে কি খাবার থাকতেই হবে বাধ্যতামূলক প্রসাদের মধ্যে দুর্জাতীয় খাবারটা বাধ্যতামূলক হই তাকে আবার ফলটলতুনশবাতা তো আমরা বাধ্যতামূলক তুলশবাতার সব যে কোনো প্রসাদ মদ্দে তুশি বা তাদের যে রাধিয়া প্রসাদ চা চাই মজারাদিয়া বুদ্দি মুখ ইডারুফে খুশি
/kaggle/input/regspeech12/test/test_noakhali_0021.wav,রকি ধান অংকা ভালোনা উনছি
/kaggle/input/regspeech12/test/test_chittagong_0154.wav,বালা ডেউরোনুকলেন দেউললামুদ্রার লগে হবে ঘটনা চান্দা ফারা থেকে কুন বান্ধবীরারে বান্ধবীরার আংটি ভুঙ্গো ছিল রে
/kaggle/input/regspeech12/test/test_sylhet_0005.wav,অন্য জাগা লিলাযাওয়াাই একটা বানামিটফিউান় তলে মেন কিতা ডবল খানি তর
/kaggle/input/regspeech12/test/test_chittagong_0175.wav,আগে কুটু বাই বের দুর যে কেরে তাহি বলেন তাহে না তার সামনে তে বালা গরের বেরা
/kaggle/input/regspeech12/test/test_narail_0113.wav,রে হইত দিলে চরম এটা ব্যথা ন জানি কারণ পইয়াছাকে আমার বন্ডিরেসামলাতে ব্যস্ত মুন্ডিমন্ডিবাদ বাল্লা
/kaggle/input/regspeech12/test/test_sandwip_0047.wav,কিনা এগিন বালা কা
/kaggle/input/regspeech12/test/test_narail_0131.wav,ওইতি তুমি খুন ফাক বে তাই জানি দেখি আমার সত্য কথা বলতে কি আমার এখন এই জাগা আমার থাকতে পার লাগে না
/kaggle/input/regspeech12/test/test_sylhet_0539.wav,তাই আগে থেকে যেছে তাগিইবাড়িতে ন আমি নানি কসি তার যাইতারে যত
/kaggle/input/regspeech12/test/test_kishoreganj_0048.wav,লাজাচুনলাসকাই দালাবএনকেগো না গেয়া
/kaggle/input/regspeech12/test/test_barishal_0076.wav,একবেলা যদি মনে না খইও
/kaggle/input/regspeech12/test/test_narail_0178.wav,কান বাস করত চালা
/kaggle/input/regspeech12/test/test_sandwip_0087.wav,মারার সুলার সমাজের দিত
/kaggle/input/regspeech12/test/test_tangail_0061.wav,বরুন দা বানি ছবিতে মানে বোন ধরনের নাম ড্যানরয়েছে বানি তা এর নাম আছে শিউলি ও অক্টোবরে যে শিউলি ফুললাসেনা ও শুলি হলের নামেই আরকি নাম শুলি
/kaggle/input/regspeech12/test/test_kishoreganj_0047.wav,যে বিল জন কে কোয়ান্দিয়া
/kaggle/input/regspeech12/test/test_sylhet_0076.wav,ইতা কিতা কে খর এউ আর বাইর একটু আইবেন দুজনের মানে ইচ্ছা মতো আমার এক জাগা ভবিষ্যৎ আছে চাচ্ছে তাই ফিটা
/kaggle/input/regspeech12/test/test_sandwip_0059.wav,আইতেছিতদৈর্য কারণে খুজে সারি নিতে
/kaggle/input/regspeech12/test/test_sylhet_0271.wav,গ্র্যাডভাইটা গেলে আসি সাবজেক্ট ইংলিশ এখন ইংলিশ সাবজেক্ট টিকে ইটা পাওয়া অনেক কঠিন দিতাম পয়লা বুঝছি না ফাঁসটিয়ার্ম পরীক্ষা দিয়া ফার্সেমিস্া তখন যাতে তখন থ্রি জিরো
/kaggle/input/regspeech12/test/test_habiganj_0086.wav,এরা কেমন দুষ্টামি ঘরে তগর খতার সাত শিষ্ঠ না দুষ্ট না তাও
/kaggle/input/regspeech12/test/test_sylhet_0733.wav,বিয়েি়াুলচরণ বাদে ফালার কিলা এত বাসদি হিন্দু হালার জেলা
