path,transcription
/kaggle/input/regspeech12/test/test_sylhet_0070.wav,ইগুর তো বেস্ট তো আমি শাড়ি ফড়ছি ফড়িয়া দক্ষিণ সময় কলেজো গেছি আমার বইন সাতি মামুর বইন সে মামুর বইন বলতে আমার বেস্ট ফ্রেন্ড বলতে আমার কলেজ লাইফের তাই বেস্টফ্রেন্ড বলতে আমার তাই আমি আফা আমরা দরবোনি গেছি আর তাই আস্তা তার ইস্কুল
/kaggle/input/regspeech12/test/test_narsingdi_0002.wav,তারা তো ওই খারাপ খেলাইয়া আসে না তারা ভালো ওই লিগগুলাতে ভালো খেলে ডমেস্টিক এ ভালো খেলে পরেই তো ওদেরকে রাতিয়া কইরা ঢাকা হ হ কিন্তু কি করবি ক প্লেয়ার তো আরে একটা দিলো না প্লেয়ার তো অনেক
/kaggle/input/regspeech12/test/test_sylhet_0637.wav,তারা কিতা যৌথ নি তারা কিতা যৌথ এক লগে থাখোইন না থাখে এখলগে আর এখজন বড়ো জন আলা বাসা ফুয়া ডাক্তর আইচ্ছা
/kaggle/input/regspeech12/test/test_sylhet_0227.wav,তো খান্দি খান্দি ফরীক্কা দিলাম দিয়া অইয়া আইছি অখন তো শেষ আমার ফড়া ওউ বাড়ির রাস্তা এখটা বুচ্ছোনি বাড়িত ঢুকবার এখটা রাস্তা ছিনি ফরীক্কা দিয়া আইছি বাদে দেখি আমার বাইয়ের রাস্তায় গু মাটি ফালায় মাটি ফালাইয়া আয় গুরে বড়ো ফরের
/kaggle/input/regspeech12/test/test_tangail_0035.wav,লাইফত পাই দুই আজার সালে রিলিজ অয় কিন্তু আর এইডে ডিরেক্ট ছিলো এনদি এই ছবিডা যহন অস্কার পায় তারপরে আমি প্রথম এইডার নাম শুনছি যে লাইফত পাই প্রথমে ভাবছিলাম যে হেটা ম্যাথ মেটিক্সের কুনু টিরিট নিয়া হবো যেহেতু লাইফ পাই আছে আমি ভাবছি পাইয়ে
/kaggle/input/regspeech12/test/test_narail_0103.wav,আর বুকে টু উনার ধরা পরে গেলো মানে বুকে বলতি ভিতরে ইটা অপারেশন করিছো মানে অপারেশন করার কতা কয় নি না না তুমারটা আপন জায়গায় সেটা দর
/kaggle/input/regspeech12/test/test_rangpur_0053.wav,আর আগে টেকা আলা আসিল খা কায় যায় বাজার নিয়া হাটত গেসিল আর আচ্ছিল আসিল আল্লাহর কাছে হাজার শুকুর মোর কোনো জিনিসের ঠ্যাকা নাই হ সেইটায় বউ নোয়ায় পোয়া
/kaggle/input/regspeech12/test/test_sylhet_0067.wav,খতা আবার তে আমি নিজেরে বুঝি খরলাম আমার ফরে এক বছর খরলাম কিচ্ছু খা না সামনে দি তে ক্ষেত আমি বই আছে ফরে তারা মনো খরছে আমি বর্তি ওইতো না অনেখদিন গেছি কি আমি বর্তি ওইছি মার্চের দশ তারিখ নাই নাকি বুঝছিস আর বিয়া বিয়া ওই গেছে ফেব্রুয়ারীর বিশ তার
/kaggle/input/regspeech12/test/test_comilla_0032.wav,অর ফুরা ফ্যামিলি আমাকে খুব লাইট করতো তো ইখান থাকি আমি চব্বিশ বৎসর ছিলাম ইখানে আমার ওই দেশের চলা ফ্যারা খুব ভালো লাগছে কিন্তু অনেকে বিদেশ কষ্ট এই সেই কিন্তু আমার কাছে খুবই ভালো লাগছে
/kaggle/input/regspeech12/test/test_narail_0018.wav,তা আমরা তো খাই নাই তো আমরা খালি খালি সে কাডা আমরা খাই নাই যদি ওর মাইনসে তো টাকা ওদি সে দিয়ে তা তাইলে তোর মাইনসে তো ভাই খাইছি তোর মাইনসে তো বাইছে ওর হবে আমরা খাই না আমরা চলছে আমরা দশ হাজার টাকা পাইছে তা তো তোর মাও জানে সে সেইডা সবাই যে না আমি সবাইর পাঠাইছে তো মেলাদিন আগে আমরা সবাই জানে
/kaggle/input/regspeech12/test/test_sylhet_0047.wav,আমার কিলা টাইমিং যারে কিতা খরোইন বাসাত এম্নে তো কলেজ যে সময় যা রেগুলার গুলা যাওয়া লাগে ফাইবে আর এন্নে তো বাসাত বইনে ফ্রন্ট বাই গফ খরি রান্না বাড়া খরা না বাড়ি ফারোইন খরোইন কিতা কিতা খরোইন রান্না ফারি কিচ্ছু ফাকি এক বেটারি সিসি পিসি খেলাইন আমার
/kaggle/input/regspeech12/test/test_sylhet_0203.wav,ই যে রইদের মাইঝে ধান ঘাটা ধান খাটা খুব কষ্ট আছে ই সময় ফোটা লইয়া মুরুর ইটা সাজাই আর চাকরি আর আমি আছিলাম তো ফুরু আমার আছিল তার চাকরি বা আসেরে যদি একবার দাও দিতাম আরেকবার না
/kaggle/input/regspeech12/test/test_chittagong_0166.wav,আজি রাজি ফুফুর না বা ইয়া আছিল ন যাই দি যায়েন বান্ডা হার বিয়া লুন রে তো আনে ন চিনি বাইর দেন আগে তারা ছতো বইন থাকে তা আল্লা ফরে থাকি ডল্লন র বিয়্যা নাম ইন্না তো দলনরভিয় আর কি
/kaggle/input/regspeech12/test/test_narail_0155.wav,আছিলো ডাক্তার দেয় তে এস তায় বলে ঢাকাত পুনারো দিন পুনারো দিনের মদ্যে ঘুইরে আসি পুনারো দিন ডাক্তার দেয় দে ডাক্তার দিয়া কইরে দুইডে তিনডে বাস তা লাগবে টাকা দিয়া তে যাবে তাই
/kaggle/input/regspeech12/test/test_habiganj_0060.wav,কিন্তু ছুডু দুই এডে ওয় তান ইতারে একটা দিলে দশটা দিবো আর আমার ছুডু বাইরে তো আমারে
/kaggle/input/regspeech12/test/test_habiganj_0033.wav,আইচ্ছা তোমার রান্না টান্না নিয়া এখন খওছান কিতা খরতো ফারো
/kaggle/input/regspeech12/test/test_rangpur_0065.wav,ওর ওই তো এই মারবায় হয় হ্যা কি বোজতে বলে আরে কওন তোয়ার কতা কন এটা তো খারাপ তাছে হ সেই কের কতা কন না বেডি খারাপ না আর ওই ইচ্ছা করবার ও না সুরিয়া করাডা ও বিয়ে কয় না বিয়ে কচ্ছে এটা কে হইছে আবার
/kaggle/input/regspeech12/test/test_sylhet_0113.wav,আইচ্ছা আমার খালায় জামাইও আছি তা লো জি বাই মানুষ আছে তারা তো আল্লায় দুলা দিন বল আছে না আচ্ছা কা কষ্ট তাহলে আমরা আসলে একটু কষ্ট ফরে না বুঝছি অয় আল্লায় দিবানে কষ্ট করতাছে ফল পাইনা
/kaggle/input/regspeech12/test/test_kishoreganj_0185.wav,এলো না মানে বা তে লোক বা এলা এলা বাফ আর কইতাছিলো তো এ অলো তল দিয়া হলো হুম
/kaggle/input/regspeech12/test/test_sylhet_0248.wav,লয় না বিয়া যখন ফড়িয়া কিতা অইলো হুম ও তারারে এখটা জবাব দেওয়া তো অখন দায়িত্বের মাঝে ফড়ি গেছে বাইরা মানুষ মান রক্ষা খরা ওউ ফড়তাম ফড়তে ফড়তে আমার টার্গেট আছিল যে সাই ও মিনিমাম ফার্স্ট ক্লাসটা যেনো তাখে
/kaggle/input/regspeech12/test/test_sylhet_0482.wav,ভালো চোর রাখিয়া ইখানে আওয়ার খারণ মানে রাখি আমার আমি একটু অসুস্থ মানুষ হচ্ছে না আমার একটু সমস্যা অইছিলো ফরে এগুলা সমস্যা বেশি ওইছে ওই কারণে একটু জাগা ফাল্টা নে নিজের বাসা তাকি এখটু দূরোই থাখা তারফরেও তো বুঝরাম না কিচ্ছু বাবা নিজের তো ভবিষ্যতে করার লাইগা আইছি একটু নিজের বাসা রাখা কিন্তু বালা তাখা আমি খান বুঝরানি আমার সমস্যার লাগি তান খয়জন বাচ্চা হে এখজন ও নাই
/kaggle/input/regspeech12/test/test_sylhet_0236.wav,তোরে তো আমরা বিয়া দিলাইতাম অখন তো কিতা ইচ্ছা তো আমি খইলাম রেজাল্ট তো খরছি অখন আফনারার ইচ্ছা আফনারা দিলাইলে তো দিলাইবা কিন্তু আমি ফড়তাম আমার খরার ইচ্ছা আছে
/kaggle/input/regspeech12/test/test_sylhet_0391.wav,সিলেটি না মারে মা সিলেটি ভাষা আমার তো আইচ্ছা তো তাই তো নিবো ও আর ভার্সিটি ইখানো নাই হ ও তো ওই আমরা যে কতো না ভাড়া টিয়া নি আনতি যে
/kaggle/input/regspeech12/test/test_narail_0136.wav,আমার মা দুই বছর ইন্ডিয়া দেয় বেড়াবে আর দুই বছর আমি যাবু দুই বছর যাই আমি কাগজ পত্র রেডি করবো তারপরে মারে নিয়ে যাবো কোন দেশে যাবো ইটালি ইউরোপ যে কোনো দেশে ঢুকার ইচ্ছা আছে ইতালি জার্মানি
/kaggle/input/regspeech12/test/test_sylhet_0097.wav,এই চালো ওই খাইট্টি খায়া সত্তুর টেহা সব জিনিস ইরখম দাম হুম আর সবজি আইছি সব্য অইছে আমার মায় টা তো খাইবো হরি ইটা আমি মাছ তো ইতা আমার কাম করে আমার মায়ে পাহাড় আর বেশি ছাড়া
/kaggle/input/regspeech12/test/test_habiganj_0103.wav,ইখানে হোস্টেলে বাদে বিবিন্ন মানুষের যে আঞ্চলিক ভাষা খতা খয় এরার কের চোখে দেখো কেত হিসেবে তো বালোই লাগে এরার খতা গুলা আমার খাছে আমার বাসে বালা লাগে আর কেউ বাসা বালা লাগে না আর সিলেটের বাসা বাল্লাগে আর কেউর বাসা ওতো বালা লাগে না
/kaggle/input/regspeech12/test/test_sylhet_0576.wav,দাম সব বিয়া বেশ কয়েকটা চারটা আর কিবা গত ইদ কিলান গেলো আমি তো অতিথি ছাতা গত ইদিন রা যে ইদো অরতো মানে ফিল্ডো আছলো আমার দেখা ইলা
/kaggle/input/regspeech12/test/test_sylhet_0481.wav,বইনে আমরার লগে মাতিয়া দুইন্নার তিন জাগাত কারণ ডাখতার অবস্থা খারাপ মানে শক্তিশালী কোম্পানি যে মানুষ ইখান বুজরাম শক্তিশালী খুব বেশি শক্তিশালি
/kaggle/input/regspeech12/test/test_narail_0083.wav,মানে দেহাইছো তাইতো দেহাইছি তুমি খাইলে আসপো কবে কাইলে বললাম না তিন চাইর দিন এই জাগায় থাকবা নে আইসে মানে মানে
/kaggle/input/regspeech12/test/test_sylhet_0042.wav,প্রতিবছর অলাও খাওয়া কি অইবো করে অনেক টাকা লাগে দুগা যাবার ডাক্তার রাহি করছে অনেক টাকা লাগে আমার আমার বিডি সমস্যা
/kaggle/input/regspeech12/test/test_sylhet_0148.wav,নাই তে কিতা ছুটুবেলা তে কি মানে আফনেরা কিতা এই ইখানো আমি টিকা করো নি আফনারার ও বাপের বাড়ি না বাবার বাড়ি শিবগঞ্জ শিবগঞ্জ শিবগঞ্জ খাছাখাছি তে বাপের বাড়িত কে কিছুই
/kaggle/input/regspeech12/test/test_sylhet_0622.wav,না আইসে ওই যে গুলগঞ্জে হুম আইচ্ছা বালা খই আসলে বালা এখনা আসে ডিমান্ড বালা আমি খয় আর দেখলি সেগেন্ড ইয়ার থার্ড ইয়ার ফরে কিতা খরমু অনলাইনে আমার লাইন অন্তত নাই ডক্টর হিসেবে তো খরা যায়
/kaggle/input/regspeech12/test/test_sylhet_0208.wav,খতা ফারো লাইবো হুতা ফার লাইগবো হুতা ফারো নাইগো আর বাবি রা খইতো না আগে তো আমার কেউ লাগবো তাইর বাইতে তাইরে ফড়াইতো তাই এস সি ফাশ খরলে ফরে বিয়া দিবো যতো মানুষ আইতো ও এসএসসি ফাশ অলা ওটা আছিল টার্গেট এসএসসি ফার্স্ট টার্গেট ফরে রানি মোটামুটি একটা ডাল
/kaggle/input/regspeech12/test/test_habiganj_0028.wav,নির্মল তাখে ফূজা টুজাত দিতেও ভালোয় নিয়ম কিন্তু নিরা মিস খাইয়াই দেওন ইরা মিস খাইয়া দিলেই বালা আমরা তো মাসের মাইঝে দুইটা একাদশি খরি ইটার মাঝে একদিন তো উফাস থাকি সারাদিন ফল উল খাইয়া করি এরফরে ফরের দিন নিরা মিশকাইআসফরে আবার এম্নেও ফুজা উজা অইলে আরো খতো খুজা উজা আছে না নি ইতা তো উফাস থাইক্কা নিয়া মিস খাইয়া পূজা দেওন লাগে
/kaggle/input/regspeech12/test/test_sylhet_0559.wav,অইছে আমিও এগিন খুব আবা কইছি হঠাৎ দেখি ওইটা তো নতুন দেখতাছে আর একি সব সময় ইটা সম্ভবত ওই যে উপজেলার কি কে আর দেখা আছে উপজেলাত কুনু অনুষ্ঠান অইলে ওইদিক দিয়া সাউন্ড না কিন্তু কেউ ফুরা বুঝা যায় না ওইলে সুনার কিতা উপজেলার কি
/kaggle/input/regspeech12/test/test_sylhet_0514.wav,ইগু কিলা যদি আমার ফড়ছা ফইসা আবার ফড়েন আমি টিকাছে
/kaggle/input/regspeech12/test/test_narsingdi_0109.wav,হ্যাঁ হ্যাঁ কী জানি কইতাছিলাম মরার মন না যে কা না হ তরে মানে হেই সময় তো অহনে কইছে আতের মধ্যে তেল চিটা ফুইড়া মইরা গেলে গর ট্যার পাই না বুজ্জস কিন্তু হেইসব আছে দুই একশোডা তেল চিট্যার তা তো খালি পড়ছি কেরে এডা এইলাগা করে উডাই গরমে এডা সুন্দর কইরা মোডা উফরে থুইয়া আইয়া ফরছি
/kaggle/input/regspeech12/test/test_tangail_0078.wav,সে আসলে ধার দে না অনেক হয়ে গেছে পরে এই সবাই সিদ্ধান্ত নেই যে শিউলি না মানে তে হাসপাতাল থিকা বাসায় স্থানান্তর করা হবে
/kaggle/input/regspeech12/test/test_kishoreganj_0031.wav,এদিকে সব পুরা দিয়া নিয়গ আফনে কি উদ্দার লাইজ্ঞা না হুম এন্নে এই ইডা যাইন এইডা গেছে গা ইয়া করে
/kaggle/input/regspeech12/test/test_sylhet_0249.wav,তো মিনিমাম ফাস্ট ক্লাস খাখার তো অনেক পরের বিষয় আমি তারফরে ইন্টারো আবার গোর স্কলারশিপ আইয়া ফাশ খরছি তো স্কলারশিপ আইয়া পাশ করছি ফরীক্কা দেওয়ার বাদে বাড়িত গেছি আবার ওলা ধরছোইন মানুষে
/kaggle/input/regspeech12/test/test_sylhet_0545.wav,তোর কিতা অবস্থা তে প্রাইভেট পড়ছি প্রাইভেট বসছি না কয়টা কিতা আমরা কাকারে আছে আমার ইনকোর্স অইছে না হয় ইনকোর্স অইছে তোরা
/kaggle/input/regspeech12/test/test_sylhet_0716.wav,তো আমার আসাম দিলাইলে সব রকম মনে খরো বুঝিলাইবা ও আর হুদা দেখলে বাবা শুয়ার গরোর নাতি নিবা তো জাত থাখা লাগে না মন্ডা সারা জিবো আমরা ওই
/kaggle/input/regspeech12/test/test_sylhet_0531.wav,আর একসময় কিতা অবস্থা মেয়ার তো ক্লাস ইয়ারোর ফরীক্কা দিলো তাই ফাস্ট ইয়ার দি লাস্টে আমার কয় তাই দিলাম তো আডিয়ার বাইর আমার যদি বলি মানে মানে তারার কি কিতা
/kaggle/input/regspeech12/test/test_barishal_0002.wav,গরম লাগে দেছে কচ্ছে ও হে না দেইক্কা মনে হয় না ইতে ঘরর লাগে তো হাত তেকে নিয়ে যায় রাস্তাত চুরি করা দেয় না ঈদের সবাই কি দে যে কাজ পোলায় এই রাত্রে বাইরে নে পলায় নিছে ওই এতে
/kaggle/input/regspeech12/test/test_narsingdi_0132.wav,হুম ও খা গিয়ে ইকটু ফরে চালা মেসি মালা ছুডুবেলাতে আমি যে কি উটা ছিলাম আমার মতো একটা বাচ্চা দেখলে আমার নিজেরে মনে হয় আমার বাবা মায় কর্তা এত্তো কিউট একটা বাচ্চা ফাইছি ইরা যে আর তরে দেখ ছুডুবেলাত্তে ছোটটার মতো দেহা যায় না বইন আমি ছুডুবেলা হয় তো আমার নিজের ছুডুবেলার ছুডু আমি দেখছি না ওকে কিন্তু ছুডুবেলা যেইডাই হোক না ছুডুবেলা কি রে করতাম কি তরে ইনো চাইন লাগতো কিন্তু
/kaggle/input/regspeech12/test/test_rangpur_0035.wav,খাইয়া দেবো না যা হামার কইল্লে আবার যে কার ত্যাল দেয় না এহন হামরা চাই মাঝে মদ্যে গেইলে এখন সবুর বাড়ি কী করবেন ওই দেখে যা হয় তাই খাওয়া লাগে না না ক্যা গো এলাও চড়াইস আগে তো খালি মাছে মা আছে
/kaggle/input/regspeech12/test/test_rangpur_0124.wav,পাট শাক তোর মনে কর এলা সার দিয়ে ইউরিয়ে সার পটাশ ফেট এইগলে দিয়ে শাক তোলে ফোলে হে তুই আন্দিবের যাবু যায়া দেকপো হইলো লইয়া তলাও পোড়ে না বুজছিস এই হলো অবস্থা
/kaggle/input/regspeech12/test/test_narsingdi_0060.wav,আর আমার দান্দা আছিল কুনু সময় কলাম ইয়া খেল বইন আমার অন্য মেমরি আছে দরজা তবে খিলা আস্তে কইরা খুইল্লা গেছিগা আমার জাগা না না মাই ছাইয়া দেখতো হেয়া থাকতাম আবার অনেক সময় হুম দিয়া বইতো যে হুম শেষ না বলে খেলতে যাইলে যাইতাম ন
/kaggle/input/regspeech12/test/test_barishal_0085.wav,হ্যা হেইয়া কইররা হেইয়ার পরে মনে কর এহন কাম শিখছি এতো সোজা কাম ওই যে আমনের তো কন চিতে যদি কত দূর এ হে হে যাইতাম আল্লা বাড়ি নিয়া এই পয়সা এলা রান শিল বাজার হে তো দূরে তা করছে
/kaggle/input/regspeech12/test/test_rangpur_0095.wav,ডাইল ভাগ তাইলে ইয়া খাওয়া সবচাইতে কার বাড়িত ভালো হইচে
/kaggle/input/regspeech12/test/test_narail_0109.wav,বায় দি মাতায় বিপুল বিশ্বাস আমারে কল দিছে দুই মাস ফিছে দুই মাস পুতির পিছনে টাকা ভাংছে বাংকা আমি শেষ হইয়ে যাচ্ছি থাকপো না কাইলের গিরামের আম কিছু দূর ওইয়ে যায় নে যায় বাস চলে যাও তমা বউ পাইছে তো তো কপালের ভাইগ্না ছয় মাস দি দেখবে ছয় মাস পরে বিদেশ
/kaggle/input/regspeech12/test/test_chittagong_0094.wav,আর কলেজো তর আছে টেনশন থাকে বেকগুনে ফাতারে ভাই ফাতর ইয়া ওই চিটাং কলেজের মদ্যে আইছি পারতো অয় ইয়া ইতে তো অচ্ছে স্যান ট্যান সেন ফাহি
/kaggle/input/regspeech12/test/test_sylhet_0283.wav,যেহেতু আমার পরিবেশ বা আমার যে সার্কনসটেন্সন তাকি মানে ই বয়সের এখটা মেয়ে চব্বিশ পঁচিশ ওইয়ে গেছে প্রায় বয়স ই বয়সের মেয়ে মানে আনেস্পেক্টেড সমাজ ওইভাবে এক্সেপ্ট খরতো নায় যে লেবেলের যেটা একটু নিচে হইলে ইটা আর সমস্যা ওইতো নায়
/kaggle/input/regspeech12/test/test_sylhet_0321.wav,বুঝা থাই ফাইলে ওইছে কারণ আমার অখন বাড়িত যাওয়া হয় পরিবেশ পরিস্থিতি নায় আর আমার চাকরির লাগি আমার ফড়া লাগবো তাইন কিতা করতা ওই সময় আমার পড়ার যে সাপোর্টটা দিছোইন আমি সারাদিন কাজ করতাম
/kaggle/input/regspeech12/test/test_narail_0088.wav,তার পরের দিন তোর সেটে আমার কথা হইছে তাই ছাড়া তোর সেখানে কথা হই নি তুমারে কইছিলাম যে ইন্ডিয়া তা আইসে আমার দারে এট্টু আইসো তুমি আমারে তুমি আমারে লক কইরে থুয়া দেছো আমি তুমার দারে যাবানি তা আমি করি না রে বাবা
/kaggle/input/regspeech12/test/test_sylhet_0173.wav,খা না তে নাই তারা না ব্যালা গ্যাছে আল্লায় শান্তি বন্দু এই সময় দে বার তো আল্লা বেটি আছে বাল্লা কতা হাচ্চি না এই জন্নি কি না কি দাদো সে দিলো নাইতে ভালা
/kaggle/input/regspeech12/test/test_sandwip_0104.wav,যেতা বোঝে তুই তো দুইনএকবার দিয়া সস তুই দুনিয়া সম্পর্কে কি ধান আছে ছাই আর হানা না হরিক্কা দিনে কিছু যে ন হরিক্কা দি আরো তালাশি নিতে অইবো গিয়া আঁই হেইল্লা আমরা কিছু করি
/kaggle/input/regspeech12/test/test_narsingdi_0001.wav,হান্ড্রেডও করছে দুইডা আসলে ব্যাপারটা অইছে কী একটা টিমে যহন প্লেয়ারগুলা সিলেক্ট করে ওই রকম ক্যাটাগরি দেইখাই নেয় আরে ভাই যারা জাতীয় দলে আসে
/kaggle/input/regspeech12/test/test_narail_0128.wav,ওরা বুকের তি ওরে নিকাব আমি এক কা যাক লাগে কা যাবো একটা ক্যা চলে না তো সে সুমা তো সে সুমা রুমা কয় নিয়ে গেছে সুমা বিশ্বাস দুলা ভক্ত আরে সুমা বিশ্বাসের কতা তো কচ্ছি সুমা বিশ্বাস আবার পারছিন গি
/kaggle/input/regspeech12/test/test_sylhet_0495.wav,টাস খরি উঠলো কিতা ফরে আমি এখটা গুরুত্ব ওইছি না বিরানি রানে খাইছি তাইন আমারে একটু বালিশ ফিছনে দিছোইন দিয়া বুয়াইছোইন বিরানি ওরে নে খাইছি এখন লাগে আমার তো ফোর চাইবের সাতে দরে কিন্তু ফরে দরলে কিতা ওইবো পর্যাপ্ত আর আমার মুকা দিয়া কাটাটা দিয়ার বেগো মাঝে মানে লাগের রখম আমার এখন আমি খই যেমন লাগে আমার টয়লেটের বালো লাগে মানে ওরখম লাগে কিন্তু হাছা টয়লেট না আন্তাজি ন লাগে
/kaggle/input/regspeech12/test/test_chittagong_0087.wav,সালাম তুন না আগে খইলে না তো তুমি ফরের ফরে আয় আঁরা যাতে ক্লাসের মধ্যে আসলাম স্কুলত গেইলাম গই হুম এতে ইটা আর ক্লাস এইডার মদ্যে এস এম স্কুল আয় গিয়ে তো ইটা দি ফরিক্কা দি ছালাইয়া এই ফরিক্কা মা দিতে
/kaggle/input/regspeech12/test/test_sylhet_0004.wav,খাম খরে না ইগুর দল মনত যে মানে নিজের টি না কি করে যেমন মানুষ গুমাইতে ফারবো গর না তারার গরোর লগে আগে আছে মানে যেসময় ছাছা তার জাগা আলাদা অইছে না অখন ও খাজ অখন বাড়ির বিত্তে ফারো না যে চাইলে খম্লা
/kaggle/input/regspeech12/test/test_barishal_0064.wav,আর আমার লা হয় না আমি যে এরম হঠাৎ ছাইড়ে দিছি এরম কেউ পারে না এক জন দি পান খাওয়া ছারান দিলে দাত খাতের ফুইল্লা যায় সেইডা হয় হেইডা এর বিড়ি ছাড়ান দিলে খুইল্লা যায় এহনে এই কিছুদিন আগে আমি মনে কর না আরো বিশ দিন তরে দাঁতের মইদ্দে খালি ফুল হয় আমি বাজারো গেলে এমন কোনো দিন নাই পাঁচটা পান কিনলে না খাইছি
/kaggle/input/regspeech12/test/test_barishal_0036.wav,কার লাগে হয় বড় বড় না যাইয়া আরেকবার বেয়াক হয় লইয়া গান বদনাম না এইডি কত বার ও শান্তির মইদ্যে যে মুই আছো করতারে স্যার আমি কি চা ডাম না কম সম
/kaggle/input/regspeech12/test/test_rangpur_0002.wav,তোর অলো পনরো হাজার টাকা দিয়ে বলে কি নিয়া আনে এখান দি হইলা এলা দিলে পানি আটার কারণ দি জানে কেউ টেকা দেয় না ভাই কেউ না এলা এখন তাইলে আপনি বলেন করবেন যাই নাই আমার যে যখন মোট তো চালায় এলা রহমানের বাপ হইলে
/kaggle/input/regspeech12/test/test_sylhet_0026.wav,দশ দিন যে পাঁচজন ঠাকুর আছোইন পাঁচজন দুর্গা লক্ষ্মী লক্ষ্মী তারফরে সরস্বতী গনেশ কার্তিক প্রতিমার সবাই ছয়জনে কাপড়েদিন কাপড় যাওয়া অয় নতুন কাপড় নতুন গয় না
/kaggle/input/regspeech12/test/test_chittagong_0141.wav,ফরীক্কা ছাওয়ারতে তা লাই না না ফরীক্কা ফাওয়া তো টেম ন ফাইলে আর ফরীক্কা নাই খালি নাই করুন ফাওয়া দিও নাই এটা লাই তো লাই তরে বলে অনে ভিডিও কওছি আমরা জুস আইচ্ছা অত লাই দিছি ফারতে ফাওয়া যা যার গুড লাইন
/kaggle/input/regspeech12/test/test_sylhet_0728.wav,রে সারাদিন বরা একজন না যদি জানা না জীবন ফালন করা দিন না ইটা ধরো আমরা বিয়া বিয়ার দিন যেলা আমরা ধরোইন দুইটা ইটা আমরা ফাশ ভাঙ্গিলে আমরা একটা খাজ আছে বিয়ার খাজ এগুলা খরার বাদে আমরা বাত খানি খালি তো ওই যে পাত্র নানি ওতা খরে
/kaggle/input/regspeech12/test/test_narail_0016.wav,তুমি তো জানো তোমার কাপড় ব্যাপারে ওই যে মানি দশ হাজার টাকা পাঠাইছেলো তা তো তুমার কাকু মারে গালাগালি পারলো তারপরও আমি সে দশ হাজার টাকা আনলাম তা মনি বলে এই সর বলে কইছে মনি আমার বাবার জন্নি মেলা টাকা পাঠাইছে তা ও কলো যে কার কাছে পাঠাইছি তা ও কলো যে আমার মাসে তো বাইর
/kaggle/input/regspeech12/test/test_barishal_0096.wav,কালে সামনে সামনে বিয়ে তো যে এট্টা খাই না হইয়া পারে না কি কম গুছাইয়া হে কম না বাজারের দিয়া পাঁচ কেজি আমনে মুই পাঁচ কেজি পাঁচ কেজি আম যদি মুই না কই মুখ দিয়ে যে মোরে দুইডা আম খাইতে তে তর দেবে হালাই দেবে
/kaggle/input/regspeech12/test/test_sylhet_0198.wav,তো আমার টিচার সরাসরি আছলা আমার বড়ো বাই তাইন ওডি অফিসার বাই খাতো মেইনলি ফড়ছি আর আব্বা অইলা সজাগ থাখতা ফাশে বই থাখতাম খেয়াল রাখতা আমরা যে মারামারি লাগি না আর আমরা এখ টেবিলো খইয়া সবাই ফড়তাম
/kaggle/input/regspeech12/test/test_narail_0098.wav,রাত্রে কি খাওয়া দাওয়া আইছে না বিয়ে বাড়িতে পিটা আইছো বিয়াডা কইত্ত খায়া আইছি পিটেইছি পিটান দেছো না আমি এম পিটান দিতি যায় না না গিরামে বিয়া ওইছে তো তারা জানে যে আমি কেমন খাই কী খাই তারা জানে ভালা করি
/kaggle/input/regspeech12/test/test_sylhet_0683.wav,আর আফনারার বাফের বাড়ি নিয়া খউক্কা খে খে আছোইন কিলা আমার তাইলে ফুটবল খেলা দুলা খার সাতে খারা সাতে খরতা আমি আমার তো ছাইর করা বাইগুন
/kaggle/input/regspeech12/test/test_barishal_0018.wav,নি যারা ই খাবার জিনছিরাপ খাবার তিন ডেলি সিরাপ কা অইলো একটা আনছি একটারে খাওয়াই না সেটা কি সমস্যা ওইলো তো বারবার আমি কইছি যে এটা সাবাশ আবার হাই খাওয়াই যে না
/kaggle/input/regspeech12/test/test_sandwip_0036.wav,কি আমরা না জানি কান কি দুলা কি তে ফারলে কামাই আনছে হিন্দি আছলা খতা লইয়া তে ছাড়া আর ইতা
/kaggle/input/regspeech12/test/test_sylhet_0241.wav,এসএসসি ফাশ খরার বাদে আর এখন দুই আজার ছব্বিশ বাইশ বছর অই গেছে আম বাড়ির বাইরে ফড়া অবস্থায় বিয়া ওইছে ফড়া অবস্থায় চাকরি ওইছে ই অবস্থায় সংসার এরফরে তো আর তোমরা দেখছো বিয়া তো আপনার অনেক ঐতিহাসিক অইছে গফট দশটা হুনতাম চাই
/kaggle/input/regspeech12/test/test_sandwip_0067.wav,কন যাবে তারে এক্কানদি থাইকতে হইল্লা ভাগছে আইছে ছোত করি যন দিন গেছে অইবো জামাই তো আম্মা দেখছি তে হুনি তে লাগে কি হা ঘর না কি আঁই খুঁজি না কি উলাইয়া দিন ছোত করি গেছে গন হিয়ারে একদিন থাইকতছে একদিন বারাইছে অনারা একদিন থাইকতেছে
/kaggle/input/regspeech12/test/test_narsingdi_0073.wav,আমি গরি বই আমার তো ফর নাইগা কিন্না দিয়া যাও চুল বালা আমনে করি তো আমি তরা না ফুটবলের মতো কি কইরা ইত্তা খালা লস তার
/kaggle/input/regspeech12/test/test_sylhet_0121.wav,হুজুরের দুধ বতর রাখছে আর মাদ্রাসা হুজুরে সব ফুদরের মিল্লা ফাঞ্জাবি কিনা ভর্তি টাহা দিছে তারা সবাই মিলাইয়া হচ্ছে ইখানো থাইক্কা পরে ও অইলো সামনে এক মাদ্রাসা আছে
/kaggle/input/regspeech12/test/test_sylhet_0368.wav,মানে অল্প তো তুষ্ট অল্প তো স্যাটে থাকি বাচ্চা গুলার ওইভাবে গুরব করার চেষ্টা খরতেছি যে তারাও জানে খুব বেশি এক্সপেকটেশন থাখে না লাইবো খারণ বেশি এক্সপেকটেশন থাখলে তোমার মানুষ কষ্ট ফায় বেশি আর
/kaggle/input/regspeech12/test/test_barishal_0092.wav,মারা মুই বাইরে দে এক হাজার টাকা তাইলে জামা কাম করা ভালো এহন এই যে কিনছি এর কারণ আছে কিলা দিছে চলা মাল লইয়া যা পায়
/kaggle/input/regspeech12/test/test_habiganj_0052.wav,যেলা বেশ আমরা নিরামিষ আমরার অনেকে আছে যে নিরামিষ খায় নায় কিন্তু অনেকেই খায় নিয়া মিস খাওন ডা ওই নি নিয়েরে মিষ্ট খাইলে আমরার মাঝে মনে ওয় যে একটা ফবিত্রতায় মাছ মাংস তো ইগুলা আমরা যে মাংস খাই একটা তো জীবনে মাইরা অততা খইরা সেইডা আমরা মাংসডা খায় ইতার লাইগা আমরার মাংসডা খাওন অতোটা কিতা অয় না কিন্তু যদি শাকসবজিনিন আমি জিনিস খায় ইতা তো ইতা তো উদ্বিদ ইতা ইতার লাইগা একটু ফবিত্র মানে ইতা খাইলে
/kaggle/input/regspeech12/test/test_barishal_0071.wav,হেয় যদি সহ্য না কার তারে তাইলে হেইরম সমস্যা না অনে খাওয়ামু ক্যান গোফনে খাওয়ামু ক্যা এহন পরিস্থিতিতে বাজে তো খাওয়াইতা না পরিস্থিতি ওবার রোল করতে অইবো হেই জলের মাথা হে পারলে তো ভালো না তো ভালো হেই এই তো পারলে হয় না
/kaggle/input/regspeech12/test/test_tangail_0062.wav,আর এই ছবিতে শিউলি ফুলের একটা ভূমিকা আছে যেডা মানে গল্পের স্টোরি ফিল ওয়ার সাতে সাতেই বুঝা যায় বাতাছন্দের ফুল মানে যে নায়িকা আবার পছন্দের ফুল অইলো শিউলি
/kaggle/input/regspeech12/test/test_sylhet_0234.wav,তুন মারে থাকছোইন খুশি অইয়া আমার দুই নাম্বার ভাই বাজার দেকি রেজাল্ট লইয়া আইছোইন আর লগে চাইলির চোখে তখন অরেঞ্জমাতা চকলেট আছে বুচ্ছোইন ইতা লজের ছাইরটা একটা গাছে ফাওয়া লিতা লেখার খইছোইন রেঞ্জের ওতা
/kaggle/input/regspeech12/test/test_barishal_0008.wav,এহন অর অরে ঢাকা দিছে ওই ভুলেট কলেজে পর থে ও বিশাল বড় ধরনের এট্টা ছাত্র অইছে এহন চাকরি পাবে বাংলাদেশ সরকারে চাকরি দিছে দুই লাখ টাহা বেতন বিয়ে করলো ফটো খালি এক রুপ সিমাইয়া কই ফকিন্নি গো পরিচয় দিবেন ওর বাপে তো যাইবে এট্টা শাট গায় দিয়া
/kaggle/input/regspeech12/test/test_sandwip_0098.wav,তা না একশো নাই দরকার নাই না না হয় ছিলো ই দিছি যে ইয়ারে কোনো কইলে ওই যাই কিছু না উটে দিছে লাইছে খালি বাড়ি খতো দিন ইয়া আছে না কি
/kaggle/input/regspeech12/test/test_sylhet_0454.wav,তাইল তারার মায় তা সালাম মানুষ তোমার ছাগল তারা আমি আমার খুব খুল্লা বানাইছি আমারে উফর আছলাম আমার মতো খাটো গুড তো আমার আমার মা তারা মনে খরো আমার মাছ আছিল তারা আমার উফরে খুব বেশি বয় ফাইতাম কিন্তু ওদের ফলে আমার বাই আনতো আমার বাইর বান বাই আইনতো আমার বই
/kaggle/input/regspeech12/test/test_chittagong_0158.wav,পিয়ন তো টিয়া কলেজ দিমু এহন সেকেন্ড মিনিট দিলে অয় হেরি ক্যান গরে বিয়ার খাইতে না কিছু টিয়া কলেজো বর্তি অন ফারে না কইত্তা কলেজ না মাইর না কাজ তো
/kaggle/input/regspeech12/test/test_sylhet_0369.wav,ফড়া শুনার দিকে আমি আমার জায়গা থিকা যতটুকু ফারিয়ার চেষ্টা খরিয়া আর বাকিতা ওইলো গিয়া তারার তকদীর যতটুকু আছি আরকি তো তারা মানে সত্যি কথা আমি তোমারে বই যে মানুষের স্বফনো তাখে যে বাচ্চা কাচ্চা বয়স অই গেলে বুড়া ওই গেলে তারা আমরারে দেখা শুনা ন
/kaggle/input/regspeech12/test/test_sylhet_0754.wav,আনন্দ খর না এর বাদে ওইলো কেউ গা আমরা নিলাম শানু এর বাদে খালি উজানির সাই না মানে খালি মন্দির যাই না গিয়া গান বাজনা খাইবা বাদে তালে দুগা পুতা থাকনা বালা বালা ফাইন মানে মাফন
/kaggle/input/regspeech12/test/test_kishoreganj_0145.wav,শব্দ দোষ শব্দ দশ শব্দ দুইশ বিনা প্রয়োজনীয় হন বাজি উচ্চ সরে গান বাজি এবং লাই স্টিকার বা মাইক বাজি মানুষ শব্দ করা আইলে সুন্দার হয় আর আগে কিতা কালা তে
/kaggle/input/regspeech12/test/test_tangail_0019.wav,এডা ই করতে পারে নাই সঠিক ব্যাখ্যা দিতে পারে নাই আর এই গানডা একই সাথে রকপেরাপপপসহ মনে কর মনে করো যে প্রগ্রেসিং ড্রপ যেগলা থাকি সব মিশে একটা এই গানডা আসলে অন্যরকম একটা গান
/kaggle/input/regspeech12/test/test_sylhet_0560.wav,বুচ্ছি আর কি আমার হাত দে আমার জানুয়ারির লগে গেছে আমরা তো ফরছে না আমরা গেলো ইবার সবতাকি হোস্টে বিষয় অইলো অতিরিক্ত যে জানুয়ারির লাস্টে দি রান্দা আছিলো ওই সময় এইন কোর্স আছি
/kaggle/input/regspeech12/test/test_sylhet_0739.wav,ওউ মনো খরো মানে টান মারি জমাইয়া নি লাগি আরকি খাসি আছে না ছিনতাম ওব্বাবা আরকি জামাইর তো বিয়া দিলাইলা সব ফিয়া দিলাইলা সব ফিয়া দিলাইলা তোমার দিলাইলাম মার এম্বা সিং আছে তে ফানি আছে না ই মনো খরো জমাইয়া
/kaggle/input/regspeech12/test/test_chittagong_0075.wav,আছে খই না জাগা বউত করা যায় আর ইয়া সাইকোলজিকরি বানি মনবিজ্ঞান ফরবি শাইনী যদি ফর তাইলে আঁই ও সাইকেল জেলা একটা বন্দু বাজারে এক হিয়ার মদ্যে আইয়া যাইতে
/kaggle/input/regspeech12/test/test_tangail_0082.wav,কাস্টমার দের সাথে যেমন ব্যাবহার করতে এহন তার ব্যাবহার চেঞ্জ হইছে পরে একদিন শিউলি মারে ডাকে বাসায় আসতে বলে পরে বরুন যায় পরে দেহে যে
/kaggle/input/regspeech12/test/test_sylhet_0168.wav,মাই বাটিছে বউত মানুষ তো ভালো ই সময় তো মনে হয় সবতাত সমস্যা ওইতো খাবা ফড়া চলা ইনকাম খুব দুকি তে ফরে তুমার দুগা না যাইতাম
/kaggle/input/regspeech12/test/test_chittagong_0080.wav,তো মানে এক্কানা ইয়া ফরামর্শ গরি সাইস না আঁই আঁর দাদার রঙ গা করুম আইচ্ছা যাইয়ুম আন্টি কারা কেন আছে আন্টি কারা বালা আছে বাই যে গরম ফরে মানে অবস্থা খাইয়ালা গর
/kaggle/input/regspeech12/test/test_narail_0165.wav,আইচ্ছা কোনো না কোনো দিন কোনো ডাক্তার যান যাবে না ডাক্তার চাইয়া তে তুমার এক সপ্তা প্রথম ছাওয়ার সেবেন ছাড়া দেহা আছেনি কি তুমার সে ছাড়া করবেন না তোমার কী কী সমেস্যা আছে সব শোনবে আর ওই পরীক্ষা গুলো করতি যাবে না
/kaggle/input/regspeech12/test/test_rangpur_0101.wav,ওইভাবে আর কিছু খাবার পায় না না তো এহন ইয়া যার সাতে কতা হয় হ মানুষের সাতে না গেইসে আছি কোক
/kaggle/input/regspeech12/test/test_sylhet_0100.wav,আর তারা ছুটো না বড় একটা তোমার আই একটা আচ্ছা পরে উডে না একটা ফরে আর একটা কতাত পরে একটা আর দোকানো হাড়াইটা দিছি তে এইখানে বাসাত সেডা হটাত হুনতে আমার বাবা আইডিডা আমি আমার মা
/kaggle/input/regspeech12/test/test_habiganj_0010.wav,ইয়া মনে আরা ইস্কুলো ফরে ইরখম সম্পর্কে হুদা খরি যে ছুডু ছুডু অইলে তো ছুডু রাগা সম্পর্ক এই সাত বইনে ছুটু ইয়া আর খতো বড় অইবো এরফরে সরখারি থাকলে কি আনি অনে রাইখা খাইছে না সেম্নি দিয়া বালা জাগাত অখন বাইয়ে টেন দিবো
/kaggle/input/regspeech12/test/test_tangail_0070.wav,হাল্কা একটু সিরিয়াস ছিলো মানে শুরু হইতেছিলো গিয়া এই সময় এইরকম একটা ঘটনা ঘটের বরুন দা প্রত্যেকদিন যেহেতু মানে একটা একটা বড় এক্সিডেন্ট আর লাস্টের ই ছিলো মানে হয়ার ইস ডান মানে অর ই খুছতা ছিলো
/kaggle/input/regspeech12/test/test_rangpur_0042.wav,এইটা নোয়ায় কচ্ছে না সুখে কয় পাগলির ওডে খাওয়া যায় তাইয়ে সুক মরছিন টি বেশি হয় ওটা হয় খালি মুই যে করছে হয় সরকারি মনে মোক দেখান তো এমন আমরা দিছে দেখান তো তা বাফের বাইত তো সুখে খালি আসে
/kaggle/input/regspeech12/test/test_sandwip_0123.wav,এত ফারডা তারা হেত্তে ফরে আস্তে আরা ফায় যাইবো যাইবো আস্তে আস্তে শিহাব দেখি দেখি সো আস্তা দিয়া দেখি শিখাইব হোলা নাতো সহজ
/kaggle/input/regspeech12/test/test_rangpur_0016.wav,চাচি কেমন আচেন কী সমাচার কেমন আছেন আলহামদুলিল্লাহ তো চাচি তোমার নাম কী মোছাম্মত উম্মে কুলসুম এনা গল্প গুজব করমো সবাই মিলি রেকর্ড করমো সমস্যা হইবে তাতে
/kaggle/input/regspeech12/test/test_rangpur_0040.wav,দেকতো মাস চলে না তাইলে গাইল নোয়ায় আগে যদিল মানুষ খুদিও ভাজচিল এক গিরি আরাক গিরি যদিল পানি মুকোত দেওয়ার কিছু না থাকছিল ওই খুদি ভাগায় খায়ায় এক মুট পানি খায়া সরি গেছি সেই মানুষগুলা আছে
/kaggle/input/regspeech12/test/test_sylhet_0424.wav,আন্তাজি আরো সিলাই মেলা বিতরে কিতা তে দিয়ে আরো টাল্টা খরা ফরে খালি এখ বেদনা ফড়া বয় নাই না সেই না খালি বেদনা বাসাত আমি মানে লাগে যেমন কুন সময় যে আমার জান যাইবো বাম নিজেও জানতাম
/kaggle/input/regspeech12/test/test_tangail_0060.wav,এডাই অভিনয় করছে বুন দাওয়ার আর বানিতা সাধু এই ছবি আমার পছন্দ এডা একটা কারণ আছে আর এডা অইছে আমার মানে আমি যে মাসে হইছি ওইডা অক্টোবর মাস ছিলো অক্টোবর মাস তা ভালোই লাগে পুষি ঠিক থাকে
/kaggle/input/regspeech12/test/test_sylhet_0261.wav,চিন্তা খরতাম আল্লা সবসময় দোয়া খরতাম নামাজ ফরিয়া যেলা তিনশো জন জন নিবা ও তিনশ জনের মতো তিনশো নাম্বার যে স্টুডেন্টটা ওইবো ওউ স্টুডেন্টটা যেনো আমি ওই আমার এক নাম্বার দুই নাম্বার ওয়া লাগতো না আমি মেডিক্লিস্টো তাখতে যাই না কিন্তু আমি
/kaggle/input/regspeech12/test/test_sylhet_0610.wav,আলার আলা ক দি আর না তুই এখটু ইয়ো খরা যে ডাখাইয়া আনা আমরা সিলেটি অখলোর যে ফ্রেন্ড আর কি ফরে আব্বায় বুজাইছে
/kaggle/input/regspeech12/test/test_sylhet_0546.wav,ওয় আমরা দুইটা ওইছে ও খয়দিন আগে ওইছে আর কোন বিটি ওইছে আমরা আব্বা ওইছে আর আমরা তো জানুয়ারি লাস্ট জানুয়ারি আমরার ছব্বিশ আর আটাইশ তারিখ না ছাব্বিশ আর আটাইশ
/kaggle/input/regspeech12/test/test_barishal_0052.wav,সরকারি চাকরি ফারে নিছে খালি ক আরে এহন গরু পাড়াইতে না ছোডো মাইয়া ছোডো না এট্টু বড় হইলে গেইছে গরু পাল তে কি ও পাল তার পারু পাল তে কি ওই হে দশটা অচ্ছে মানুষ পালতে যারা পারে হোনেন এট্টা কথা জানবেন যারা পারে হেরা নে নয় দিক পারে আর যারা না পারে নব্বই তে নয় দিকও পারবে না
/kaggle/input/regspeech12/test/test_sylhet_0019.wav,আগের দিন ধরে সবাই নিয়ে আমি সে আমি খায় অনেকে খায় অনেকে খাই না ইটা যা দিলে কিন্তু আমরা বেশিরভাগ সময় খাই আমি তিন দিন আমরা নিয়া আমি খাই দশ মিনিট দিন আমরা এইদিন নিয়া আমি সও সেদিন সবাই ভালো খায় মাছ মাংস পিঠা চিটা বাড়া সবাই ক
/kaggle/input/regspeech12/test/test_sylhet_0281.wav,তখন আমারে নিয়া খুব চিন্তা খরতা তোমারে প্রতি বেশির খতা কিতা মাত্তা ফুরি হুগড়া বানাই লিরায় ফড়াইতাম রাইতে গুরা বিয়া ওইতো না ইগুরে খে নিতো ইগুর খরতে খরতে ফুরা বয়স যার গিয়া ইটা নিয়া মায়ো খুটা বাড়িত যাইতাম না খালি মার খতা খতা শুনা লাগবো দেখিয়া
/kaggle/input/regspeech12/test/test_sylhet_0462.wav,বালা খয় না বা যতো আছে একটু মুতা বালা আছে বেটায় তো বা গরো রান্দা বালা বড়ো খাও রো বাইচ্চা বাইচ্চা খাচ্চা দিলাইছে না আমরা এখ ছেলে আর দুই মিয়ে আগে
/kaggle/input/regspeech12/test/test_sylhet_0071.wav,হুম তর ইস্কুলো তাই অনুষ্ঠান খরছি তাইয়ে শাড়ি ফরি গেছি আমি গেছি হলুদ শাড়ি ফড়িয়া তুন শাড়ি কিনছি ইঞ্জোরি খুব মজা ওইছে বাদে আওয়ার ফরে তো তারা গুরছি আমি গুরছি লামার বালা লাগছে টাক লাগছে জান কিতা কিতা খরা লাগে ফতম নিরামিষ লাগে আগের দিন নিরামিসলায় ফররদিন তো বাস ফলায় অঞ্জলি দিলায় অন জলি দেওয়া ফরে তুমি পাশারা তুমি যাও তোমার মঞ্চে থাখতো ফারে
/kaggle/input/regspeech12/test/test_habiganj_0050.wav,সন্ধ্যার ফরে অইছে আমরা প্রথমত প্রদীর জ্বালায় দূর জ্বালায় জ্বালাই সেডা প্রথম আজানের ফরোই ইটা সজিব দুর জ্বালায় দুপা তি যেডা ওয় দুপা দি দে খাই দেখাইয়া ফরে আবার ওই দুফোরের মতোই আগে তো দুফোরে একটু সুজা দিলে আমরা একটু অন্য ধরনের প্রসাদ সা দেই দোরদেই আর সন্ধ্যার ফরে ওইছে হালকা সন্ধ্যার ফরে আয় সব আমরা যেমন হালকা মাছ থাখা এমন আমরা পূজা দিলেও হালকা কিছু কিছু দিয়া পূজা ওজা দে তারফরে কি
/kaggle/input/regspeech12/test/test_sylhet_0435.wav,না খরছে আবার আরো পালন খরে বা ছিন্তা খরো না আমি আল্লা অইছে ওত্তো খানবো না আমার আল্লায় সব সময় আর তাখলো না খই জানি কিতার লাগি আমরা লেখাত সাহায্য দিলাম নিজে জানি খইতাম ফারতাম না ওয় তো আমার কুনু জাগাত বুল উঠি খুব ফারো না আমি জানি না আমি যদি কিছু খইরা আছে না তা না
/kaggle/input/regspeech12/test/test_rangpur_0034.wav,জানি ওই তো মুলা লাইগলে সেদ্দ করে ওরা দুইবার লেকে মোরে বাত যার খাটো নেলে কেমন তেল টেল কিছু নাই আর নুন যে করি দেওয়া যায় ঠিক ওই দেন তর খাই আমার বাপের জন্যে কি নাই মুই কোনো অবশ্যই দেখন নাই ওই মুই তার ফায় আছে
/kaggle/input/regspeech12/test/test_rangpur_0055.wav,এই বাড়ির যদি অসহায় হনু হয় বাবা কাইয়ো কিছু দিলে না কয় ফইল্লা নোয়ায় কতা কই যে কর্মফল দিবের মালিক আলা যার কর্ম যেমন তাক ফল তেমন তেমন দেবে ক্যারে
/kaggle/input/regspeech12/test/test_noakhali_0028.wav,আন্নের ভাই আরও প্যারা আঁই কইলে খাবি দা কলগা দারে খাবি দা মুখে রে সো বড় মামা বড় মামা আরি ই
/kaggle/input/regspeech12/test/test_kishoreganj_0162.wav,ষোল্লর ছয়ডা না যহন সুল্য নব্বই বালা মাল সত্তুর বালা সাই থিকা সত্তর ভাগ পানি হুম নেমে ডানা বেশি যা কার জন্য ই জাগার জন্য
/kaggle/input/regspeech12/test/test_rangpur_0075.wav,হয় সবার দুর গো খাবার কইছোম মোর দেয় নাই অর মনে মোক দে ওই যে কি
/kaggle/input/regspeech12/test/test_sandwip_0024.wav,এন্নে ইয়ান মার কাছে থাইকলে মা বা ইয়া চলে মনে কর এম্নে না এমনে না না এমনে স্বাচ্ছন্দ চলে হিয়ারা মানি খুব ইয়া করি চলে এমনে হরা গত চলে হরা গত চলে ঠিক আছে এন্নে ওরকম মানে স্যার খার ঘর অইলে এনে বা দি চলে আছে হোলা নিলি মশাডা স্যার খাইয়া
/kaggle/input/regspeech12/test/test_comilla_0005.wav,তো ওইদিন আমি গেছিলাম যে রুহুল দিয়ে আমি আর দেরি কুরানের সাথে সাথে চলে আসছি ও রোহিত স্কুলে যাওয়ার পরে ও বেগ রাখার পরে ও রাবার দেখা যায় যে যে ষোলো ডিসেম্বরের ইয়া থাকে দের
/kaggle/input/regspeech12/test/test_narsingdi_0028.wav,চাই বাংলাদেশ টিম থাক বারো টিম হোক ভালো খেলুক যেহেতু এহন সব দলের সাথে ভালো খেলতেছে একটা ট্রফি জিতা উচিত অন তো সাকিব আল হাসান এর জন্য অইলো ট্রফি জিতা উচিত আরে আল্লাহ ভরসা
/kaggle/input/regspeech12/test/test_sylhet_0667.wav,মা তো ব্যবসা তা বতি আছিলাম ওলা ইসি কুনু মনত আবার ফিরিয়া এই মতো আছি ইগু মা বল নাই যে মাত ফলে দি
/kaggle/input/regspeech12/test/test_kishoreganj_0140.wav,ডাইরিয়া ডাইরিয়া মতো পানি বাড়িত রোগ এবং বিভিন্ন চরের আক্কান্ত এনো কিতা ইতা কিচ্ছু না এইডা ডাইরিয়া মতো পানি বাড়িত রোগ এবং বিভিন্ন চর আক্কান্তরপানি মানে কি যুগ অ
/kaggle/input/regspeech12/test/test_narsingdi_0042.wav,বাড়িত আই পাইছস তাইক্কা না তো বুঝা যায় না মোবাইল জি জানবার দেওয়া যাক কারন থাই ওই ন হিয়ার বড় লোক ছিল হুম কল ক চাম জিগাইতা সময় তো কারেন্ট অহনে ডিস্টাব অয় অয় না খারাপ থাকে
/kaggle/input/regspeech12/test/test_sylhet_0429.wav,প্যাট খাটা এরফরে নিজ খাটা মানে অনেক কিছু বড়ো ধরনের অপারেশন ওইছে আমার দুই তিনটা হওয়ার ফরে তো সাকসেস ফুল ওইছে না একটা ওইয়ে গেছে সমস্যা
/kaggle/input/regspeech12/test/test_habiganj_0018.wav,এরারে বিয়া বিয়া খরা না খরে একসাতে তিনজনরে খরাইছে ফরাইলো না না বিয়া দেলাইতো সম্পর্ক বা ভালো ইয়ারা তো দিতো আছিল না খুব চেষ্টা খরছে না খরিয়া দিতো
/kaggle/input/regspeech12/test/test_narsingdi_0086.wav,আঙ্গো মার কাছ আর চাপ্টারে ড্রিম হরি দে ডিম ওর ডে যাইতে দিবে ক্লাস লাইক আমি এইতা ফরি তুই কই ফড়া অনার্সে গরি সেকেন্ডের না সারা ফরা তে বুইল্লা যাইগা আমি অনার্সে করিয়া হেগো খাব বাদ দেখলে মনে অয় আমি অহনে ক্লাস নাইন টেনে ফরি
/kaggle/input/regspeech12/test/test_sylhet_0099.wav,যাইলে তিন কাম করেন কত জনে আমরা টিন বিটি খরি এক বেডি পায় সাড়ে পাঁচ আজার আরেক বেডি পায় সাড়ে টি না তিন বইন না না আমি এখলা মার গরো আচ্ছা আর আমার বাই ডেটা
/kaggle/input/regspeech12/test/test_habiganj_0022.wav,ও ম্যাডাম এখটা মাঝে বুঝা তেলাই তাইন এখটা ভিডিওডা দেলাইতো নে
/kaggle/input/regspeech12/test/test_narsingdi_0121.wav,ডি পারে বালা কালাম যে তো এই মোবাইলেই তরে খাইছে এই মোবাইলেই তরে খাইছে অন তো আবার মোবাইল চালানি রাইট দিমু
/kaggle/input/regspeech12/test/test_sylhet_0051.wav,তে কুনু প্রবলেম অয় না মানে এখন ফড়া শুনার প্রবলেম অয় না ও তুলে লাগে মানে মনে অয় নি যে মানে প্রাইভেট ডিফেন্স লাগে না নিজেরা নিজেরা ফরে ইস্কুলো আমরা প্রাইভেট বা আগে আসলে এইটো তাকতে আসলে অখন নাই দরছি না এখন খনো আবাদ আর করেন হাই ইস্কুল তাকি নিষেদ দিছোইন প্রাইভেট ফড়তাম না
/kaggle/input/regspeech12/test/test_narsingdi_0094.wav,মানে আন্টি বাবার না ইতা তো সব আছে খালি এলা কাটিং সার্ভিস দেওয়ার ফালা ইয়া এই মনে মনে কয় শুরু কইরা দিয়া শুরু কইরা দে এক্সটা বাবার তো প্ল্যান আছিল খালি প্লের তো কাম করতাছে কি কার্টুন তুলনা ওই যে ওই যে যেডা চিয়ার প করতাছে দিছি না ক
/kaggle/input/regspeech12/test/test_sylhet_0461.wav,বুচ্ছোনি ও ছিন্তা মনে খরো আমার এখটা বাইরে না আমার কিন্তু ফড়াটা নষ্ট ওইয়া গেছে আর বাকি বাদ বাকি তারা লেখা ফড়া প্রচুর কলেজ ফড়িয়া মনে খরো মাস্টার পাশ করছি বালা ছলতাফারি কিন্তু কুনু ছাখরি বাখরি নাই এমন জামাই গেছে বিয়া তারা ফছন্দ বাকি মাইতা খরে
/kaggle/input/regspeech12/test/test_sylhet_0567.wav,খারাপ তো ক্লাস নাইন টেনো ম্যাথ ফতি যে বালা লাগে আছিল এরফরে ইন্টার ওটা খরতে গেলো ওইছে গিয়া এখনো আমি ম্যাথ যে ফড়তা সিস্টেম আমরার যে চাইরটা থিরি ছাইরটা মামি ম্যাথোর মাঝে সব কিন্তু আবার আলাদা থিউরি
/kaggle/input/regspeech12/test/test_rangpur_0017.wav,না সেইটায় বয়স কত চইলবের লাগছে চল্লিশ পার চল্লিশ পার হয়া গেইসে এ মদ্যে ষাইট বৎসরের বেশি হইছে ষাইট বৎসরের বেশি হয়া গেইসে তাইলে তো ভাতা পাবু তাইলে তুই কই ভাতা দেয় পাবু ভাতা পাবু হুম দেয় ভাতা
/kaggle/input/regspeech12/test/test_sylhet_0672.wav,মিলে ও তো স্বামীর প্যানশন ওতোদিন তো আসির স্বামী ফাইছে স্বামী বাগি বা ওয়াইফ ফাইবো আরও আই বাজে তো আর না কাজ করতে আইবো না আফনি কতা কই ও আমার ছুটো ছেলের বউ সিলেটি নি আফনের বাফের সিলেটি
/kaggle/input/regspeech12/test/test_narail_0033.wav,শিবপুর জমি তো তিকা শান্তি কে ধারে না মা স্কুল হলি পুতা ওই তো ওই জাগা টুক পাবানি ও জাগা টুক মিস হবে না নি ইস্কুলি পুতা ওই যে আর দৌড়োদৌড়ি করলে এরা পাওয়া যাবেনে কিন্তু আমি তো আর দৌড়োদৌড়ি করতিছি না করতিছে অচ্ছে লোকরে দে সেলিম শরিক বুঝছো
/kaggle/input/regspeech12/test/test_tangail_0102.wav,মানে বলা হয় যে যদি তুমি তুমার ভালোবাসা পেয়ে যাও তাহলে এটা মেন নি কুদা তুমার তুমারে মোহাম্মদ করছে আর যদি না মিলে তাইলে এডা জানো যে কুদা তুমার সাথে জান হয়ে গেছে সা
/kaggle/input/regspeech12/test/test_sylhet_0719.wav,আর ইয়ো নাই আইচ্ছা আইচ্ছা মানে আইজ্জা মাই মরিয়ে জামাই অইলে আসর পাওর পাওয়ার মোরা দি কপাল তো খুঁছিানিব কি সিন্দুর দেওয়ার দি তাও মোরা দিমু ছালা গে এর আগে পার তোমার থানার তো নিয়ম ইগু তো মনো খরো কল খইয়া আমরার
/kaggle/input/regspeech12/test/test_narail_0074.wav,কেষ্ট ঠাউর ওই মায়ার এট্টু দাম জাগা তো ছলে থাকতে এট্টা রুম সেহেনি মায়া থাকতো তারপরেও মনে হয় ওইভাবে ওইভাবে কোন ভাবে নি নি লইছে কিন্তু থাহে আমি নিজের সো জাগা না আমি নিছে দুলাল সরকার কথা অন কাজ করতো না দুলাল বলে
/kaggle/input/regspeech12/test/test_narail_0099.wav,আর যে বিচ ছিলো সে আমার দাদা সে তার সে আমারে হিসাব কুড়াই দেছে আমি এট্টু খারি দিতি ফারলাম না তুমারে দি তো খাওয়া ওইছিস বাজি আলু সের দো
/kaggle/input/regspeech12/test/test_sylhet_0660.wav,ন তো রান্না ইয়া করছে কান তো রান্না না সবাই যে আছি তো মোটামুটি হেইলার একটা গান খাইতা এই গান গাইনি ন চেষ্টা না ও মিসির দি পারো না না একটা হইতে পারে না বালা
/kaggle/input/regspeech12/test/test_kishoreganj_0086.wav,হেই দে কেউ হেমন কেলা গা হেইডি হেমন কেল্লাইজ্ঞা হেইডা কেউর বৃষ্টি এই যে কাচাডা না হ্যা কাডা ঘুরের মতো মিষ্টি হেইদিন কেমন বড় ফাশ কের লাইগা ইদে এমুন কেলা গা হ্যাঁ কি কইরা ইলি হেইডি বড় বাজার আলি নাই
/kaggle/input/regspeech12/test/test_sylhet_0668.wav,ফইর মা কল লাইবেরির ন ফাইর মা আফনেরা যে সময় ইন্ডিয়াত আসলে এই সময় আফনের বয়স খতো আছিল একটু এতো বয়স অইবো খালি তাই কি কি বয়স টি টি
/kaggle/input/regspeech12/test/test_habiganj_0075.wav,যে বেতন কম খরচ মাটটা কিতা খুইলা তো ফাই না গান আছে কতো ফারলে ইটা তো অইলে তো বালা অয় না হ্যাঁ
/kaggle/input/regspeech12/test/test_tangail_0001.wav,ব্যান্ড আর কি পারফম করতাছে কিন্তু মানে কেউ তেমন ই নাই উৎসাহিত না মানে গানডা তেমন কারো আছে ভাল লাগতাছে না এইরকম কিন্তু আবার ফেড মারি খুব গান পছন্দ করতো পরে যেহেতু ক্যাডিয়ার একটা চুজ খরতে অইবো
/kaggle/input/regspeech12/test/test_kishoreganj_0107.wav,বি চুরের অল ব্যবহার করেন মানে আমরা তো কার খাদ্য নি যাইতা যে বাকা মা র উডির বিজে খে বেচ্চে থাকে আবার পোকা মাক রে খাদ্য হিসাবে গ্রহণ করে এভাবে সব বায় মানে দুটাস্বর্ণএবং ইদোর সাব
/kaggle/input/regspeech12/test/test_sandwip_0027.wav,তই মাঝে মদ্যে এতে খুব মানি দুঃখ করি কইতে হরি হোলাইন কুনু হরালেখা করে না মানে আঁই তো কোনোদিন এক্কান বেজ উচ্ছা চলা যকন আঁর হোলাইন গা হরে না আইগা আছে আফা শুধু হোলাইন হড়ালেখা করলে যে মানুষ অই যে এমনটা কিন্তু ন আনে ইয়ান মনে রাইক্কা আন্নের হোলাইনে লাম দেইখবেন
/kaggle/input/regspeech12/test/test_sylhet_0670.wav,আর চাকরি করছো আশি টাকা বেতনে কলেজো এর কি আর আইয়া তো পেনশন আইন তিন হাজার দুইশো এক টেহা পেনশন ভাতা আমি বলতো খাইরাম চাকরি জীবন থাকি ফেনশন ভাতা বু
/kaggle/input/regspeech12/test/test_chittagong_0047.wav,হুম গুরা দিন গরের হামরা কিন কান তে গরম ফরের বলে বেরাইতু যে বাট গিয়া আমি কি বা তা আঙ্গর হঙ্গে তো বেডা তুই যাইন হাম দিন দে ইনিংগো তই বাইরে থাকলে অই যা না গুলাত ইনি না খাতা এগিন ফারে বুজ্জস না হাম গরির লাউদি
/kaggle/input/regspeech12/test/test_sylhet_0331.wav,অখন আমার নিজের তার খাছে এখটা মানে আমার মনো অয় যে আমি বার্ড ন কার উফ্রে ওখান ফলায় তো খান আমি কিছু খরিয়া খরতাম তাইন খইলা ঠিক আছে তোমার চিন্তা ভাবনা ভালো আমি স্বাগত জানাই কিন্তু ছুটো কাছ করতি গিয়া আমার
/kaggle/input/regspeech12/test/test_narail_0104.wav,আমি যে ডাক্তার দেখাইছি ওষুধ খাওয়ার পরে অনেকটা টিউমার ভেঙ্গেছোট হইয়ে গেছে বুচ্ছিস না অনেক সময় আছে যে থ্যালাস মিয়া অয় মানে মাংস ফিন্দো আরেট্টা নাম কি না আমার এক বেডার জায়গায় আমার ছয় বার লইয়া
/kaggle/input/regspeech12/test/test_sylhet_0103.wav,দিন যাই উত্তর ছাড়া খই তর মায় গা নিয়া করছে আর বাসার মালিক বাসার মালিক দাম মা আছে গো ছায় ফিরাইছে মানে মাট তো মাইধ্যম কিছু নিশা জরা শালা কিছু
/kaggle/input/regspeech12/test/test_sylhet_0013.wav,চলি দেওয়া দেওয়ার পরে তারফরে আমরা প্রসাদ টাকা প্রসাদ টাইমের ভিতরে করতো তখন পঞ্চম টিতা আমরা বারোটা পর্যন্ত আছে বারোটা পর্যন্ত বারোটার বিতরে করতে হবে বুজা আর যদি একটা টাইম থাকে পঞ্চম তাইলে একটা সময় যে সময় যে টাইমটার যেদিন যে সময় যে টাইম এই টাইমের ভিতরে বুজা করতো
/kaggle/input/regspeech12/test/test_sylhet_0219.wav,অন্তত প্রাইমারি ইস্কুলো এখটা ফরীক্কা দিয়া চাকরির ঢুকমু যাতে আমার ফরিচয় খালি হাউজ ওয়াইফ অয় না লগে এখটা ফাশও থাখে চাকরি জিবি ওইটা ছোট লাই মুমেন্ট র খনে
/kaggle/input/regspeech12/test/test_narail_0110.wav,বিদেশ যাবে কিডা উনি উনি কইছে বেডা কচ্ছে এ বেডার বাড়ি আসবো না আমি কইছে ঠিক হচ্ছে মনে থাকে জানো বাড়ি আছে তোরে ঘরে উটটি দেবো না তুমি থাকে কন এই বাংলাদেশে না ইন্ডিয়ায়
/kaggle/input/regspeech12/test/test_kishoreganj_0196.wav,বিল বান করা হয় মসজিদ গাল জানি এইডা মৌসুন হামার শুকাননুর্জ না শুকান্দির জন্য হে আড্ডা বাড়ি পাবা বা কি শুক্র দিন হে আড্ডা বের বাড়ি পাবা করে মন এইযে মদ
/kaggle/input/regspeech12/test/test_chittagong_0069.wav,ওমার তুই আঁর জন হবেনে এ ইয়্যানের এহন ছোটকালে আঁরা ঘরে তাইন শোকর তে অইলো গিয়া আর গান লইয়া আঁই আম্মারে খ আইচ্ছা আইচ্ছা তো এহন খন্ডে ফরে অবে
/kaggle/input/regspeech12/test/test_chittagong_0010.wav,কুনু যে ছাব্বিশ ফারি না খয় তার ফ্যামিলি গিয়া দেখা ফ্রি গাছ কইরা লা ডিমের খতা তো
/kaggle/input/regspeech12/test/test_barishal_0014.wav,তারপর রডের কাম আর খাডে অনেক সময় ছেনি টান বাড়ি গরি খাইয়ে দিলাম বাদ
/kaggle/input/regspeech12/test/test_sylhet_0048.wav,কিতা বেশি মজা অয় তাইও ফারে তাই তো শিখাইছে না তো নাম অখন তো আমি কলেজো গেলাগি বাসাত লাব বাই বাইর লাগি তো রান্দিয়া দেওয়া লাগে তাই রান্দিয়া হুম তোমার বয়স কত অইবো তে নাইনো ফরে এবা আচ্ছা তে আন্নে না ফারে বালা ফারে সব রান্না ফাকি মাংস বাদ মাংস বাদ দিয়া সব আমার
/kaggle/input/regspeech12/test/test_sylhet_0708.wav,হ কা দু করে দুইটে গেলে ফাইবা আরও বলো আছে এরিয়া এদিকে সারা ফাইবা গরে সারা আছে না আর আমরা ফানি
/kaggle/input/regspeech12/test/test_noakhali_0007.wav,আবার তো হিয়ারা এক দিনে এক সবজি কিলা কি না বাড়ির লগে হুম কাগজে জানি থাহে বাড়ির লগে এগিন বেছিয়া হলি ছিনে গ্যাদা কই না
/kaggle/input/regspeech12/test/test_sandwip_0003.wav,মনে বিয়ে সবে ছুডাইছে ঘরোর সংসার চলছে বেশি থেকে বেশি খরচ করে না কি নিবেন রামের সন তো আচ্ছা করার ঘর খুজিছি যাইতো না
/kaggle/input/regspeech12/test/test_sylhet_0347.wav,পোস্টিং ওই গেছে তুমার বিবাড়িয়া তো বি বাড়ি আমার খারোর চাকরি সিলেট আর আমার চাকরি দি বাড়িয়া আমার বাচ্চার বয়স তখন দুই বছর কাছাকাছি গেছে এখন ছুটো বাচ্চা লইয়া কেমনে মানে আমি
/kaggle/input/regspeech12/test/test_sylhet_0035.wav,দশ দিন সেইম আবার ফোঁজা ওয় দশদিন একটা বুজা অয় যাও টাইমের বিতর খুঁচা ওইবো ইদিন সবাই অঞ্জলি দেয় নাই সবাই আনন্দ করে যে পারে দেয় অঞ্জলি দেয় না তারফরে শেষ ওইলো সমে বুজা পরে
/kaggle/input/regspeech12/test/test_barishal_0022.wav,এট্টা কডে কতটুক রস থাহে কয় বেলা খাওয়াইলে কতটুক যা ওগুলা মাহায়া না না কি না ইট্টু আগে কইছেন বউরা না রে ওমরা ভালো না বা মানে শান্তি থাকলে তো এই কথা না ভাবি খাওয়ান লাগবে না আমার সেই খাবে এহন ধরো নামে সকাল বেলা যে খাওয়াই মন সময় ও থাহে ঘুমের না
/kaggle/input/regspeech12/test/test_narail_0159.wav,ওই মেশিনি নষ্ট হইয়ে যাবে উনার এত রোগ প্রথম অচ্ছে ডায়বেটিস বুঝছো পরে অচ্ছে উনার চোখে তে নালি ওইছে
/kaggle/input/regspeech12/test/test_tangail_0029.wav,তার মানে আমরা জীবন ছলে কিন্তু ঘটনাগুলা এমনভাবে হয় না তান সবসময় ঠিকই করে কিন্তু মানে তো অন্যান্য পারিবার্শিক যে ঘটনা আছে এডা মানে সারা বুঝতে পারে না এই জিনিসটা মানে
/kaggle/input/regspeech12/test/test_narsingdi_0067.wav,কেডা আমি আর তো আবার জানি না নি তুর ভাই না আমার লগে আরেকটা তে বিয়া করি লাইছে যে ফোলা ফোলা কিন্না করছে শায় না শ না তো দিক তা মায়ে বলে গুনতে বাড়া করলে আমরা তো রুইন্দা
/kaggle/input/regspeech12/test/test_sylhet_0493.wav,খরছি না নি এখন লাগছে এমন নানি ওই জাগা না আমার হাসবেন্ড তাইন শুক্রবার আকি নামাজ মাঝ ফড়াত গেছোইন মানে হসপিটালে সব কিছু আছে থাকো হসপিটাল নাম হুনছো আর ফুল বায় মোগবাজার তাকোহসপিটালে খুব বড় হসপিটাল দিতো ঢাখার মাঝে ঢাকা মেডিকেলোর মেডিকেল আড্ডা গো মানি ওর কলা ইগু ওইছে গিয়া যে মানে ইয়ো আরকি প্রাইবেট আর ঢাকা মেডিত মা সবার এখন ইগু ওইছে কিতা ইগু আয় জানে না খায়ন কিতা খরছি না নি আমি
/kaggle/input/regspeech12/test/test_sandwip_0020.wav,ছুটু গা যেগুলা রাস্তা রাস্তা হইছে ওতা আইসে বাড়ি ইয়া কইলো আইছি কি দেখাইয়া তোর বাইর খালি বিয়া চাচা চাচতো হ্যা কি কাফুর খাইসেননি কাটা তে আইচ্ছা তার হরে সমস্যা কি দাদা যা করে না করে রোজার তোর তোর জানটা
/kaggle/input/regspeech12/test/test_sylhet_0634.wav,বালা খইরাই বড় না মহিলা ফালাই তাইন ফালাইয়া আফনের বড় বইন না দাদু বড় বইন হ আচ্ছা তে আফনে আইন আমরাও ভাই নাতিরে মেয়ে যে তাই তাই হইলো বালা
/kaggle/input/regspeech12/test/test_narail_0157.wav,কাটা ওই ব্যাংকের টা আমারে কচ্ছে কি আমারে কি পাগলের কামড়াইছে আমি গাছ টাকা ভাইগে ডাক্তার দ্যাহা পানি তাই কচ্ছে আমি ছ মা পাগল সেগলআছে পৃথিবী টি কতো তো তুমার না রে কি বুঝা যায় না
/kaggle/input/regspeech12/test/test_narail_0156.wav,হয় কচ্ছে ডাক্তার ইন্ডিয়ায় ডাক্তার দিয়াইতে যাবেনে তুমার দি দি বাংলাদেশে তে পেলায় পায় ধরে পারতিছি না ব্যাংকে টাকা রইছে ওই টাকা ভাইঙ্গা ডাক্তার দেখলে ন আসে
/kaggle/input/regspeech12/test/test_chittagong_0097.wav,আঁই এনে নাম দিয়্যেনে ভাই মাথার মত কিন্তু ইবা কি ইয়া অহন ন আঁই দিছি লাগে আঁরা দিছি রাষ্ট্র মন্ত্রী ইয়া গইরজুম আর গরু এরার মধ্যে আইলে আনা দুনুগা এক অংক ফইরজুম ক্যান
/kaggle/input/regspeech12/test/test_sandwip_0056.wav,নিজের আইসা বেশি ঘরে মন আঁরে মহিলারা যখন সবকিছু লই দান্দা করন লাগে হেইসব মহিলার গো আসলে বউত দিন ধান্দা কার মানে তোর মাথাত হইরবো
/kaggle/input/regspeech12/test/test_narsingdi_0106.wav,বাবা মজা আছে তুই কিছু ট্রাই করলে বার বাবায় খুব খুশি অয় কতা ফারলা লাইক আর এই যে ওয়েট কোক বের আর নার্সারি রিতা আর ইয়া ওই আমি কিছু ট্রাই করলে দাদু খুশি অইতো অনেক আমার ফতম রান্দার তার মনো আছে আমি যে ডিম বাজি গেছিলাম
/kaggle/input/regspeech12/test/test_kishoreganj_0204.wav,তিরিশটা মিনি দা চলতাছে হ্যাঁ বদ্দা এইতা বদ্দা যে অহন কিতা আরে বদ্দ কইলে ফিলি হ্যাঁ তুমি এইটা কিতা বারতাছে ঘর খর ঘুরা এই যে ইয়া রাতে ইয়া আমি যে জানি না নি ক ইদের করে বুনির ভিতরে কি করবে কইছে
/kaggle/input/regspeech12/test/test_narsingdi_0123.wav,এ মানে যেমন সলে ঠিক আছে অহনে জাপান একটা হায়েস্ট বাজেটের ইয়া এনি মেন সিরিজ না দেখলে নি আমি আনি রে কুছতা ফেমিলি স্পাই ফেমিলি শেষ কি সরি
/kaggle/input/regspeech12/test/test_narail_0030.wav,মনে গেছে নিছে হচ্ছে বিছার না তো কচ্ছে নি আমি তো কাগজে কতি পারি ওই কাগজ দেখলাম ওই যে কাঁঠাল কচ্ছে লইয়া আইছে খাল কুলি যাইতে হবে ওই এগে জমি হয় তারফরে আসাদ মিয়া যে ক্যাম্বা নেছে হিডা তো আমরা যাইনা
/kaggle/input/regspeech12/test/test_sylhet_0578.wav,দা আর কিলাস টিকনিক প্রায় একটু নিয়া এক বছর বছর তো ইটা মনে কোনো ওয়ার সাপোর্ট হালাইতে না মাঝখানে এন্ডারেডি আছিল না বাট বেডিস না তো ফরে অভ্যাস টেকা করবা না দুইদিন ফরে
/kaggle/input/regspeech12/test/test_barishal_0034.wav,না বিশ দিয়া ধুইয়া লইয়া আলা আছে খাল দুইয়া এট্টু বাটিতে লইয়া এট্টু ই করবেন কই নিশা লাগে না মিডাও লাগে না বন্দ ওইয়া কিতা ওইয়া খাইতে চাইবে না তো সে পালি ফুরাডা নিছে না এট্টা চিকনা
/kaggle/input/regspeech12/test/test_sandwip_0108.wav,ছাড়তি বা না লাইবো মেয়ে হড়ালেখা তো নাই মাস খারা না হি না বা হচ্ছে না তা ওত্তি ফাই মেয়েরে কোনো সম্পর্ক নাই এই ব্যাফারে আঁই কই হইলে লাই আঁই হইলো গেলে হেতে মানি চাহিদা বউত বেশি হড়া লেখা খাবার ইতের চাহিদা বউত
/kaggle/input/regspeech12/test/test_noakhali_0020.wav,ভাই তরে কি কি গোসল লি খরচের তো নি খেলে দেখছি বুজার
/kaggle/input/regspeech12/test/test_sylhet_0036.wav,দিন আমরার মন্দিরের খাজ শেষ আনন্দ সন্ধ্যার ফরে ঘরো আইসা ইদিন আমরা সবাই তো আমরা নিরামিষ খাইছি দিন ভালো মাছ মাংস সবাই খায় আরকি খায় ফিটা সেটা বানায় বানাইয়া শেষ তারফরে ওইলো আমরার বিস্বিসর্জনের টাইম আছে
/kaggle/input/regspeech12/test/test_rangpur_0059.wav,একটা চিন্না দেখা গেলো আকাশত এইটা হইলো দুইরগের একটা লক্ষ্য হজ চালা কালা মিতা শুক্রবার শুক্রবার তো পরবে বাজত জীবনে রমজান শুক্রবার করছে তো কচ্ছে করো তারিক পনেরো তারিক পড়বের নাই শুক্রবার
/kaggle/input/regspeech12/test/test_habiganj_0016.wav,আরে ছেলেডা নিতে বিয়া খরি সেরা বালা আমি খরছে দেখছো নিয়া অখন খতো উফরে উঠছে আর তো শ্বশুর বন্দ খাছ ফরে ফাচ ছেলে দুই লাই যাতে বিয়া খরছে তিন টাই মনো বিয়া খরছে সমত রে মনে অয় বেডা ফড়াইছি আরকি
/kaggle/input/regspeech12/test/test_sylhet_0459.wav,আই খই দিবো অখন মা বাফে রে বলে তো আর নইলে ইগুর বাসায় না খরছে যাই যাইয়েনে আমার আর মাইটা তাইর মারা যায় তা খোন নাতি না খে বুঝে না নি তাইলে ফান দিছোইন আইয়া দি আমার লগে তো তো খুলিস ফিন্দি আমার লগে আরকি এখন ইয়ো খয় দিতি লাগে
/kaggle/input/regspeech12/test/test_kishoreganj_0037.wav,আইতে কি চব্বিশ চব্বিশ উনিশ তিন জন এমনে গরে থ্রি ডাবল জিরো হ্যা ঘুরা গাড়ি
/kaggle/input/regspeech12/test/test_barishal_0073.wav,দেখছি এডা নিজের চোখে বাস্তব পরমাণে দেখছি এই জিনিসগুলা কডে সংসারে নিজে দেখছি সংসারের ঘডে কারন এরা এরা সামনে সামনে না পালকি দিয়া পিচ দিয়া বহুত কিছু করতারে
/kaggle/input/regspeech12/test/test_sylhet_0276.wav,দেড় হাজার টেখার টিউশনি মানে তো ওইলো গিয়া দরো আমার মাসের খাওয়া খরচ সাড়ে হাত খরছো চলে যাবো ওলা অবস্থা তো ইতা টিউশনি এখটা খরার ফরে সাহস ওই গেছে খারণ ভার্সিটির বাসে আওয়া যাওয়া খরি তোমার বাড়ার টেখাও লাগে না না মাস শেষে টেখা একটা পাইলে
/kaggle/input/regspeech12/test/test_kishoreganj_0160.wav,টুক টুক কেলা ডালে মেইন ডানা টুক্কা কেলা ডালিম ডাইল ছুটু জানা ছুট ছুট দানা টুক টুক দানা ছুটু দান টুকু কেডা ছুডু জানা টুকটুক জানি মেইন ডানা শুকুর কেলা জানে মা
/kaggle/input/regspeech12/test/test_sylhet_0751.wav,হুম কিন্তু মন্দির মন্দিরি গেলে আমি সাত ফাইলাম সব জেলা তিন তান কিনা কিন্না গেলো ইগুলা আমরা মানে ইগুলা খরার কিতা মানে ঘরে নিজেরা পরিবার ফরিবারো খরে আবার মিল্লা মিত্তা মারি আমরা আল্লা যদি ভাবনার জিতাইয়া
/kaggle/input/regspeech12/test/test_sylhet_0593.wav,আবার লগে মাত হারবার সাথে মাত অইছে লাস্ট টাইম তাইন হাসবেন্ড তো এর আগে কবে গান মাংস আছলো এরফরে আর হাসবে যাওয়ার সময় আবার কইছে দাড়াই অইছে কয়েক বাড়াইছে গেছে মাখানি পরবে অসুস্থ আছলো
/kaggle/input/regspeech12/test/test_sandwip_0032.wav,দুই তিন রকমের মাছ লই আইবো কিরে তোর মা অইছে চাকরি করুইন না ন কা গুরা গা না হ্যা হে তো কন ফিরিজো না বাইত কারেন্ট কেনো কারেন্ট ফিরিজ থাইকলে না এক্কান কতা ক আইছে মাছ আর গইরা গরের কইরাইছিনা করে যাইতো না কোনো দরকার আছে মানুষে আর হে তিকা খয় ইয়ান
/kaggle/input/regspeech12/test/test_kishoreganj_0159.wav,কিতা বুলে এই গাছের তার মা দান ফানি জমিদার দেখছো দানির কারে হ দুবে মত গেলাগি কুয়াশা অইছে কুয়াশা ফড়া ডালিমেডডানা টুকটুক লা ডালিম টুক টু কেলা ডালিমেডডানা
/kaggle/input/regspeech12/test/test_sylhet_0157.wav,সময় ও মাটো গেম ছাইলে ইতে যুদ্ধের সময় ফাইছোইন নি ফাইকতো বড় আছলা সময় আর আছলাম কিছু মনে জিনিস সব সময় না তে আমরারে কইন্নেই আমরা তো ইতা খালি বইও খরি কিচ্ছু তো জানি না না আচ্ছা
/kaggle/input/regspeech12/test/test_narsingdi_0023.wav,এডে আসলে জাতীয় দলের প্লেয়ার আসবে যাবে যাবে আসবে এরকমই তুই আসলে তুই খারাপ খেলতাছে তোর জাগা আরেকজনরে নিবে যদি আবার তোর জাগায় যায় নিছে ওই যদি খারাপ খেলে
/kaggle/input/regspeech12/test/test_chittagong_0014.wav,আচ্ছা আসি তালি দোয়া গইরগো আর আইচ্ছা ঠিক আছে আইচ্ছা আছলো না লাইছে দা খেলা হেনো
/kaggle/input/regspeech12/test/test_tangail_0121.wav,তোই টাকাগুলা কতগুলা মানুষের কাছে পৌছাইতে পারতাছে যতটুকু আমি হিসাব করে তোর যদি ক্যালকুলেশন নরমালি করি তাইলে তো হইতাছে অনেক টাকা হয়া যায় কিন্তু দেখ দিতাছে কত লাখ টেকা কইরা একেকজন ব্যাবসায়ীরা হাইস গরে দুই থেকে আড়াই লাখ টাকা কইরে দিতাছে কিন্তু ইলা কার কি পাতা একেকজন ব্যবসায়ী এডাও তো কথা কি সবাই প্রতম তাছে তাদের লস অইছে এক কুটি দেড় কুটি
/kaggle/input/regspeech12/test/test_barishal_0028.wav,না বড় নাম কি হয় খালি আছে বাইয়ে বরতাম ক দিন তারে খাইয়া আমারে খায় না না ওই যে ক এই যে আগের টরির যে এট্টা জিনিসির কয়ডা ছিলাম একটা না দিদায় এই
/kaggle/input/regspeech12/test/test_narail_0102.wav,এখন জাকাল হামদুলিল্লাহ কঠিন রোগ কিন্তু কঠিন রোগ বইয়ে নিয়া বেড়াছি এ আর কওয়ার মতো না কী একটা যাতে দিন থাকতে হবে ওষুধ খাইয়া যাইতে হবে কি কি হবে না
/kaggle/input/regspeech12/test/test_sylhet_0614.wav,ফোয়ারে লইয়া হ্যালো আইচ্ছস না তুই আইচ্ছসনি নাস্তা ফরিয়া জিয়ো খরো প্যারাগ্রাফ বার খরো আমি আইয়া হাছা ছুডুরা হুম
/kaggle/input/regspeech12/test/test_sandwip_0052.wav,দি কিলা কচ্ছে আমার মা আছে আমার ফরে হাতে দেখলাম যে কেউ হুয়া গেছে কিন্তু গিলিপডা তো টিচারেরে আঙ্গুলেরে ইয়া কইত্তে হারে না যা কতো এককানা কাডাতে কয়দিন টেন্ডিযা কষ্ট আর তো আর আইলো না
/kaggle/input/regspeech12/test/test_sandwip_0127.wav,আর বাইরাইয়া মনে ছলো এমনে এই লাইনে আংগোরে পেশার দিয়া ঠিক প্রবলেম ছে আমরা মারা সাফের করে রাখি না ঠিক আছে আমরা মানষি হোলা ভাইয়া আংগোরে মাইন্ড এই পেশার দিলে হড়া লেখা চাক বিভিন্ন গাড়ি খালা দিকি
/kaggle/input/regspeech12/test/test_sylhet_0438.wav,মানে ইগু টাস খরি আইয়া গিয়া বাট টাস খরিয়া কি খুলিয়া আব্বা মোটোর মাঝে ফড়ছে এমন ছিক মারছে আমি মানে আমি খইছি সবতা মানে ছিড়িয়া আইচ্ছা আমার মানে মাংস কিমন তো ছিড়িয়া আইয়া ফরি গেছে আর এমন কি লাগাইছি কিতা খন দরো ছোট আর হোলা খাস আমি বাইতাম ফারাম না বাজো
/kaggle/input/regspeech12/test/test_sylhet_0547.wav,আর ফরম ফিলাপ তো শেষ হঠাৎ এক্সামোর রুটিন দির ন আসলে ন দামের কাছে প্রায় রমজানডা ওইতো না আমরার হেদিন এখজন মেয়ে খইছোইন ক্লাসো যে রমজানো ওইতো
/kaggle/input/regspeech12/test/test_tangail_0066.wav,কর্পোরেট পার্টি দুইটা পার্টি করতে পারবো না আমাদের তো আলাদা একটা সাইড যার স্টার্প আছে ওই তো আর যেমন স্টার্প ওইরকমই তো এই পার্টির মদ্যেই মানে শিউলি একদম মানে রেলিংয়এর কাছে যে
/kaggle/input/regspeech12/test/test_barishal_0060.wav,অনেক পোলাপানের লগে চলছে এই পোলা নেশা হইতে শুরু কইররা এমন কোনো তাওরে এই যে মুই পোলা করি নাই আর এহন সব ছাইড়ে ভালোই সংসার করি মনে করেন আমি যহন ফোলাফানের লগে চলি দৈনিক পঞ্চাশ টাহা একশো টাহা গাঁজা লাগদো আমার তামাক ছাড়া আমার জীবন চলতো না
/kaggle/input/regspeech12/test/test_barishal_0091.wav,তো বাছুর এতো গাছ এই যে হেনে এই বাড়ি কাটলাম এই গাছ বড় বড় গাছ যতো বড় গাছ টা মা মা হুম এই গাছে ও
/kaggle/input/regspeech12/test/test_habiganj_0032.wav,সেইডা জেলা না যে রাখছি অখন ইখানোই ইকটু ইও খরি আবার মাল টাল ফি কিন্তু ফুরাফুরি ভাবে খরা ওয় না বাড়িত তাকতে যেমন খরতাম এমনভাবে কিন্তু খরতাম ফারি নাই
/kaggle/input/regspeech12/test/test_barishal_0045.wav,হেইয়ার পরে মনে করো হোনে না আমার মাথা গেছে গরম হইয়ে পুরো দে যে গাম এইয়া সহ্য অইলে না ইয়েতেই ইয়া করছো তা গরু কইল্লে কি করলো হ্যা বেইচ্চাই হালাম বেচ্চে ও হালামু আর এই মোর এই গাছ কয়ডা কাঁচা নাই কলে মুই ঢাকা চইলে যামু এই বাড়ির সংসার গাছ কাটি
/kaggle/input/regspeech12/test/test_sandwip_0037.wav,মাথা খাইজ্জা যদি করে মনে আয় খাও খাই না খাইল্লা তো কইলাম স্যার ইয়া হুল্লা হার বাঁশ না আমি সিহানে যে তোলা ফাঁসটা নি ব্যাকে জানে নে এক্কানা কামাই ইখান তো হেইনি চান তো ভাবি
/kaggle/input/regspeech12/test/test_narail_0017.wav,তালি সেই সর দিতাসে আবার কইছে যে মাইনসে তো বাড়ির কাছে বলে ম্যালা টাকা পাঠাইছে দাদা দাদারে চিকিৎসা আত্তি তাই তো মনে করো তারে মাইনসে তো তালি কচ্ছে যে তালি ভালো কথা গরু পদ ছলের কাছে পাঠাইছে তালি আমি গরু পদে ছলের কচ্ছে শুনবো যে গরু পদে ছওয়াল তালি টাকা তো খাইছি আমারে দেহি নাই
/kaggle/input/regspeech12/test/test_sandwip_0125.wav,আইচ্ছা আছে আছি উগগা আছে আস্তা একবারে উগগা হোলা উগগা মানি দওন না ক্লাস আঁর বাড়ি যা কলে আসে হাতের হোলাও হে কিলা আসে লাস্ট অর্জন তো হেতের হোলা মেটা কইত্তে আইলো না নানির জানতা খরি সেলা ঠুস অই গেছে
/kaggle/input/regspeech12/test/test_comilla_0027.wav,ছিলো আর ওর বাবাও তো একজন সরকারি কর্মকর্তা উপজেলার অধীনে ইঞ্জিনিয়ার সহকারি ইঞ্জিনিয়ার তো উনারা ওরকম ভাবে যে মানে একটা তদন্ত করতে হবে বা এখানে কাউকে দোষারুপ করার মতো উনি কুনু ইয়া করে নাই
/kaggle/input/regspeech12/test/test_narsingdi_0065.wav,ইটা আমি কি দইয়া একবারে অনে ইঞ্জিনিয়ারিং খরতাছে ইতা সফ ডা তুই হার্ড টইস তুই সফটওয়্যার হুম হে কত তাইলে এইডা খাতলা ফরা কুম লাগে
/kaggle/input/regspeech12/test/test_tangail_0115.wav,কি অনেকে কানা খাটি খরছে না ইটা তো দেখাইছে পেপারেও দেখাইছে আর এখজন নেতা আছে না সবাইকে ই করে চট্টগ্রামের রাজনের নেতা না ভাই ফারি
/kaggle/input/regspeech12/test/test_narsingdi_0031.wav,ওইটা দেহস না তুই এইরকমই স্বপ্ন সবারই দেখতে হবে ওইটাই স্বপ্ন সবাই দেখ লা না দেখলে কি চলে না এই যে টি টোয়েন্টি ওয়াল কাপ গুলো দেখলি না সাকিব আল হাসান বললো যে
/kaggle/input/regspeech12/test/test_sylhet_0398.wav,খয় আফনারা না বাসা এখন আবার ভাড়া বাসা লইছে পাশ চৌদ্দ আজার টেখা বাসায় বাড়া এ দ্বিতীয় কবি আলা না পনরোশো টেখা কারেন বিল মা এখন বুজরায় না খতো টেখা যার
/kaggle/input/regspeech12/test/test_rangpur_0126.wav,সেইটায় তোমরা ইটা দি করে দাম কোন দিন আইয়া মোট টেকা দিয়ে দিছো মোটে দিছে হ ক ওই দুইশো দিছে মাপ পাতা তো আরও তিনশো দেইম আরকি টোটাল পাশশো টাকা মিল করি দেইম
/kaggle/input/regspeech12/test/test_sylhet_0677.wav,বাচ্চা একটা লইয়া আমি ইয়ো খরছে বুক কমপ্লিট করছে মাস্টার্সের আমার ছোট নেয়া ওইছে ইয়ো খরতে ফারছি না ফরে বর্তি ওইছি মাস্টার্স স্টার্ট আছে এখন স্টার্ট মানে খররা আছে কন্টিনিউ খালা
/kaggle/input/regspeech12/test/test_sylhet_0695.wav,তাইলে তো আফনারা ব্যস্ত আছে না সে তো রান্দা বান্দা খইরা লাইন দাদু তে আমরা উঠি আফনারা আফনারা বউত সময় দিলা যে ওই সময় দুলা খষ্ট খরলা
/kaggle/input/regspeech12/test/test_sylhet_0442.wav,আমার ফরে তো এমনে শ্বশুর বাড়িত কে কে ছুলানি শ্বশুর বাড়িত সব আছোইন তারা তাখোইন না ওই হয় ও তো বালুছর তোমার বালুছর পয়েন্ট আছে না নি পয়েন্ট ফড়াইয়া ও গিয়া যে আরামবাগ বিল্ডিং আরামবাগ
/kaggle/input/regspeech12/test/test_sandwip_0111.wav,কেমনে দিবো তো চলে না আর সমায় ফরে যাই লাগাইছে মানুষজন হ্যাঁ হি যে লাইনি খাইছলে যে সবাই গরাইয়ারে লাইছি খাছে কেউ কেউ কি দে
/kaggle/input/regspeech12/test/test_noakhali_0006.wav,জানি না মানে ও আছে বেগুন ছিলো না নো
/kaggle/input/regspeech12/test/test_sylhet_0301.wav,আর বিয়া অইলে অখন একটা করা লাগবো খরতাম আর সবচেয়ে বড় যে জিনিসটা আমার মাতায় ওখন একটা করছে যে আমি তখন ইউনিভার্সিটি ফাশ খরি লিমু ফাশ খরিয়া যখন আমি বাড়িত ফিরিয়া যাই যেই ফারি আমার আম্মা টোয়েন্টি ফোর আওয়ার স টেনশন তাখোইন আমার আব্বা নাই আম্মায় টেনশন খররা তাইন ঘুমাইতে ফারোইন না
/kaggle/input/regspeech12/test/test_sylhet_0243.wav,আমার স্বপ্ন গুলা খুব ছুটো ছুটো থাখে যেরখম আমি এসএসসির ফরে আমার টার্গেট খইরা আমি মিনিমাম প্রাইমারি স্কুলে চাকরি খরিয়া আমার এখটা পেশা লাগাইলো আমি আমার ইন্টারো দিছোইন তখন আমার টার্গেট ওইছে যে
/kaggle/input/regspeech12/test/test_sylhet_0590.wav,যে তাই তো তো এরা ফরে অইলো আর করা তো তাই লেখতায় না আর কি নাম যায় এখন দিন প্রতিদিন কতো কি দিন তো যাইগি
/kaggle/input/regspeech12/test/test_sylhet_0589.wav,হুম আর ফরে থাকি দেইক্কা বাক্কা ফড়া তো আগ্রহ আইছে টেস্টের খয়দিন আগে থাকি ফাইরা ন ফড়াই আর বুজ্জো স্যারের বাদ দিলাইন সব ফড়াই
/kaggle/input/regspeech12/test/test_sandwip_0002.wav,হাই তো কি তো যাই টাকা খরচ কত কালা বাইত লুটি না খরচ করে ম্যালা বাদ গেছে কইছে
/kaggle/input/regspeech12/test/test_sylhet_0480.wav,না আমার আম্মা তারা বইন তারা খয় না এখন তুমি আবার দুনিয়া তো মানুষ যেতা ইয়া আইছে খালি তোমার উসদরখারনে আর টেখা আর ঘুরতাছি না তাই না বাইয়ে ওলা নিয়া বড়ো বড়ো টেখার বান্ডিল না বে নিয়া ডাক্তারের ইটা আমার বইনে মাতিয়া অর্থ অইবো এর আগে মরতে মরতে না তো
/kaggle/input/regspeech12/test/test_barishal_0050.wav,এহিনদা হেই রাত্রে এম্বুলেন্স বাড়া নাই মোর দার দিয়া আষ্ট হাজার টাহা কয় কালে যান না গালে বাদ দেন ঠ্যাকা না ঠ্যাহাইন্না তা হেই ঝড় তুফানে মদ্যে যে এট্টা বিপদ পদে পরে থাকে ঝড় তুফান ডাঙ্গাইয়া এতো কিছু কইররা হেইয়া মনে করেন কোনো যদি এট্টা ঘোনানা থাহে মানুষের নিতারে হয় ও এইডা বোজে না যে মোর ব্যাডা যে হারাদিন এই গাছের কামডা করে
/kaggle/input/regspeech12/test/test_kishoreganj_0039.wav,না কি আলাপ কালা বলে ইডা বিশ জানো না কি ছামড়ার বুলে ইডা হ আচ্ছা আমার ছাফ নাম কইতাইন সামাদ কি জামেলা না
/kaggle/input/regspeech12/test/test_narail_0022.wav,আগে তুমার বড়ো মামি আসতো ওই বড় দি দিন আসতো তুমার ছোট মামু বাড়ি সাহস পাই না যে আনে দিদার তো ওই যে পিরিত ওইছে সুজন মাস্টারের পিরে ওইছে মরিছে ছোট মানুষ সুজা নিছে ছোট মামি ছোট মানুষ তো খাতের ছেলো না ছেলো বড়ডা সত্য গা কন ইলা
/kaggle/input/regspeech12/test/test_narail_0003.wav,নেছে না তা তো সাড়ে সেদিন উহানে ভয়তে আছে আমি যে জমি যাতি ধরিছি ওগে কানে গেছে এবার আমারে ডাইয়ে কচ্ছে কি যে এরকম বাড়ি জমি তো আমরা খাচ্ছিলাম
/kaggle/input/regspeech12/test/test_kishoreganj_0164.wav,মানি পুকা মানুষের দিন সাজার মানে কত ভাগ পানি সাদিন কত ভাগ রাজ্য সেতু কবানি ডান সুকু কেলা
/kaggle/input/regspeech12/test/test_sylhet_0489.wav,মানে আমার ওলা বাড়ি লইতে যে ফুনি আমার হারাইছি না খান্দা ম্যাডামে সাহস যে যার আমি তো না কি সব সময় না ফড়িয়া দেওয়া খরা যার না সব সময় তুমি তাইনরে বালা রাখ
/kaggle/input/regspeech12/test/test_sylhet_0740.wav,খরে ধরবা তর টান মারে নিবাগি মাইয়া বাফোর তো টান মা মারি তাইন লাগি সারাদিন তাইন মনো যায় না তুই মোরে তাইন আইয়া দেখতা ফারবা খাইতাম খরতা আমরা নিরাশ না নি এখটা মাস আমি সাই মাছ ছাই না কিতা না মানে ইটার বাদে আকি তাই না মানুষ ওই গেলো আর আমার যেটা ইটা তারা তাই পরিণত ওই যাইবো যেমন আম্মা লার বিয়ার ফরে আমার
/kaggle/input/regspeech12/test/test_kishoreganj_0021.wav,বাটা বরসা থাকি লোক দিয়া আচ্ছা কুন মসজিদ চাইর মসজিদ না কি কয়ডা গোল মসিদ বইয়া মসজিদ বইয়া মি বইয়া মসজিদে আর এই জাগা লক্ষ্যা হাইস্কুল আছে না হাই ইস্কুল ছাত্তি হাগছে না ভাই হাত শেষ সময় নাছে হরে একটা ইটা না
/kaggle/input/regspeech12/test/test_sylhet_0149.wav,বাই আছোইন বাইর বউ আছোইন বাই ফোটা আছোইন বাই আছোইন আসোনো খালার ফরালেখা আলা ফরে লেখা না তো মাইয়া লাগি তো মাত্তেও ফাররাম না আমি ফরছি আমরা দেখা লাগে তা
/kaggle/input/regspeech12/test/test_barishal_0042.wav,হেই কোডে কুনডি দি মনে করেন কাছেরতে টাইন্না আডি বানছি মুই রাস্তার লোক দিয়ে জাগাইছি হেইয়া নিয়ে ক্ষ্যাতে ফ্যালাইছি হেই কুডাটি এক লাক লা লাড়ছে হেই রদ্দুরে মদ্যে একটা মিনিট ছাওয়া বই তারি না হেইয়া ঘুরে ঠুলি ফুগাইছে বিয়াইল্লা কালা হেই আবার এক লাখ লাখ কাচারি
/kaggle/input/regspeech12/test/test_chittagong_0093.wav,নাই ফার্লার অনলাইন আর আইছে টেনশন ত আছিল দি খোনোমিক্কে নাম ন আইতো লাই কেউর ইকোনোমিকে নাম ন আইয়ে গুচ্ছ সি ই ডি ই
/kaggle/input/regspeech12/test/test_sylhet_0001.wav,আরে আর যে সব আমরা ও দেখি কিচ্ছু টা বানাইয়া যে জোরে খাওয়ায় এখন বালা লাগে মানে খাটা আরকি না গরু তো গরু বাদ দেই না যারা খইতে খইতে তো অখন আর লুক না গরু ফালার
/kaggle/input/regspeech12/test/test_narail_0063.wav,ফরে ফুরু ঘর বিশ শেষে পুকুরের ইতারে হ এইডার ঘরের তে আর দেক বাইর দিয়ে দেছে মেলা ঘরে তা আমার বাবা ম্যালা গা ফিলে দিয়ে দিছে মা
/kaggle/input/regspeech12/test/test_sylhet_0075.wav,লক্ষ্মী ফুজা লক্ষ্মী ফুরি মা খালি বুজা কার্তিক পূজা গনেশ শি আরেখটা আছে শিবচর ছি ফালগুন মাস মাসোর লাস্টে ভাই ফোটা কুন সময় ভাই ফুরা গেছি এখন তো ফড়া লেখা খরে না তাইলে দি আইচ্ছা ভাই ফুটার খে কিতা খরোইন ভাই ফুটার মদ্যে তারা ভাই যে বাইরে ফোটা দে
/kaggle/input/regspeech12/test/test_tangail_0022.wav,ছাড়া ওদের দুইজনের দেখায় একটা নিউ ইয়ার্কি বেগগুন একটা মল অরা যায় ওরা দুইজন এই যায় মানে লাভ কিনতে খারণ বাইরে তখন মানে শীত কানাডা ওইদিকে মানে ওই
/kaggle/input/regspeech12/test/test_narsingdi_0063.wav,যে পরে তরা ফনরো দিন লাগা শিখতি আমি আগে আশি না ঠিক অই কিন্তু লাস্টের তিনজনে ঠিক অই শিক্কা যে জমি এসি ফরীক্ষার আগে দিন ভাবে আমি দুই তিন অদ্দে ফরে শেসতরে ফরেরতে গেলে
/kaggle/input/regspeech12/test/test_kishoreganj_0095.wav,বিয়াই পি মসজিদ না বেডা চুরি নিবোগা টুডে নিয়া যা দে না তাইলে ক্যামেরা বিড করা আছে কি ফরেদা ন ফরে না সবাই একলগে ন চলে এর ফরে ন তো না ক না এরফরে তালা মারি না এর ফরে দে কেউ আইয়ে এরফরে দাওয়াত তান মসজিদ একটা টান দেওয়া
/kaggle/input/regspeech12/test/test_sylhet_0606.wav,তে আফনে আলহামদুল্লাহ মনো অয় সব তেকে ঠিকটা বইছে অখন মানে খুব দেখতে বালা লাগে মানে দেখি লাগছে তে মানে আমি ঠিক টাকা সুস্ত সব থাকি দেখতে বেশি দূরা ইটা আমি তো আমরা যে সময় ফড়তাম না আমি যে সময় ফাইবা না আমি খাইছি আমি তো তা তো যেমন আসলা নামে আছলা আছনা
/kaggle/input/regspeech12/test/test_narail_0057.wav,বাদ দিয়ে গেছে তোগে দে জমি দেবো না নি যদি কোনো ভালো কি বা বড় সি থাহে ওই আর কি আমাগে তো কোনো কিছুর অভাব নাই আমরা দুই মাস পতি আমরা ম্যালা ভালো আছে খাইয়ে না কাকা আছি না বাবা চইলে গেছে চাকরির ভিতরে কয় তারপরে যদি তোর ভাইগ্যে থাহে কারা পয়সা হলি আর তোর কি
/kaggle/input/regspeech12/test/test_sylhet_0338.wav,মানে আমার মানে ফরীক্কার কিতা আর সাহসের কুনু অভাব নাই কি না থাকলাম অনে দুর্দান্ত সাহস আছিল বাদে ফরীক্কা যেকুনু স্থগিত অইলো অওয়ার ফরে
/kaggle/input/regspeech12/test/test_chittagong_0081.wav,কম্পিউটার শিখতাম দিয়ার তো ভাই এরা যায় মানে এন অসুস্থ ওই যে ইগু যে মাথা ও তুলিত ন ফারি ওই যে হিট সলো সমতা ওই যায় বুঝে ভাই যে গরম ফরে গরমে পচুর গরম বায় পচুর আইও ন গরম ও জাল এখন দিকে গুরতাম যাই ন ফারি
/kaggle/input/regspeech12/test/test_sylhet_0164.wav,কতো থাকতে না আফনে যতক্ষণ তারাও খাওয়ার এক টাইম আছে ও টাইনা নিরব ওইতো যে তারা রাজা তাও ফারা খাই ইডা পানি বাইট্টা খইবা সিলেট বাট করি খাইছো মাইনষের দুকান আফনারা তো ইতিহাসে থাকতি ফাই না
/kaggle/input/regspeech12/test/test_chittagong_0150.wav,আর কি রকম এট্টা ছবিটা বিনি ফাডাইতে না আনের একবার খইলাম দে আইডি ওকগা এক্সেপ ন গরিবারলাই ন হই তখন দে এক্কান সমস্যা লাই কী অইয়ে আই দিবো দি ন মেসেজ ডিরেক্ট কনভারসেশন ওগে ইগু ছবি টবি বেগগিন যাইতেগি
/kaggle/input/regspeech12/test/test_kishoreganj_0106.wav,এ টু যাইন সংসার নি টা কোনে এইট খরছে সকল প্রাণি ছি প্রত্যক্ষ বা ্পরক্ষবাবেত তুতিদের উপর নির্ভর অইছে কাছে সাদারন
/kaggle/input/regspeech12/test/test_sylhet_0114.wav,তো এমনে আমরার সাতে ইয়া লইয়া মাতোইন আফনার ছুটুবেলা গুলা লইয়া কিচ্ছু খইন কেম্নে বড় টর ওইছোইন পড়াশোনা করছিলাইননি না কিতা একবারে ই নার্স খরছি না তো ছুটু থিকা বড় কিরখম অইলো দুইটা কাহিনী ফনে খই
/kaggle/input/regspeech12/test/test_narsingdi_0128.wav,রেট খেলাও এই এলা দিলে তো মাশলাতোর মুহের ডাকতো কইবা গেছে গা কি দিছছ হ্যাঁ কি দিছস বইন ম্যাচ রেল সুন্দর না না ওই যে বাবায় কি একটা সুদানির রইছে না আমি ও কিনমু যে আমার ডাক সান্স ফট অইতাছে না এডা যে সান্স পর্যান্ন অইছে ব্লক একনা ফ্রন্সকিনাের লাইজ্ঞা এডা
/kaggle/input/regspeech12/test/test_sylhet_0037.wav,বিশ্বস্ত টাইম তো অনেক মজা আওয়ার সবাই রঙ খেলে গামাইল দেয় সবাই খুব আনন্দ খরার ফরে মা ইয়োত নিয়ে গাড়িতে করেন ইটারে সজনর প্রস্তুতি নেওয়ার যে যায় গা তে নিয়া আনন্দ করে সবাই ট্রাক উঠি মাদার নিয়া আনন্দ খরিয়া
/kaggle/input/regspeech12/test/test_sylhet_0418.wav,মানে আমি অসুস্থ ছাড়া জীবন তাকতাম আর বালা ওইতাম না এখন এখন বুচ্ছো তারফরেও আমি আল্লারে খরে বয়স খরছি সব মানুষের যে যে বা তাকি হুনছে মানুষ তো সব বালা না রে বাবা বুঝো না নি আর খেউ বালা দেখতো ফারি না আমি আমার আল্লার গেছে সব সময় খইছে আল্লাহ তুমি দেখিও সুস্থ তা অসুস্থতা মালিক তুমি
/kaggle/input/regspeech12/test/test_kishoreganj_0078.wav,ফাকা ফাকা ফাকা যা ফায় যা দেয় তো অনুমতি দিছে টেয়া লাগে পাকা আমি তো কইছে টিয়া লাগবো আমার আঙ্গাইয়া দি কই যে রোডের উপর ডাঙ্গায় দিছি না নিজে তো রাঙ্গা না হেইবা আগা লাইজ্ঞা যা তো রাঙ্গা
/kaggle/input/regspeech12/test/test_sylhet_0351.wav,ইও আরকি গার্ড ইয়া তো তারারে ফাইয়া আমি খইলাম যে আমার বাড়িত ছিলেট আর আমি চাকরি করিম ব্রাহ্মণবাড়িয়া আমার বাচ্চা ছুটো তখন আমার বাচ্চা আছিল ফুলো নূরুল ইসলাম নাহিদ আছিল তখন কি তো তাইন লগে ল খইছোইন যে না ই মারে এই ছোট বাচ্চা লইয়া জামাই ছাকরি যেহেতু সিলেট টাইম যে সিলেট ট্রান্সফার খরার ব্যবস্থা করেন যে
/kaggle/input/regspeech12/test/test_sylhet_0635.wav,যে নাতনি দেখলাম তাই মাতেনি না সর ফাইবো প্রেশারে প্রেশারের ভাই দিন আইছে আর প্রেশার বাড়ি আছে
/kaggle/input/regspeech12/test/test_sandwip_0054.wav,না চুর ক চিনি মজার দিছে নতুন কি সা
/kaggle/input/regspeech12/test/test_chittagong_0149.wav,বড় ফির ভাষাত হ বড় ফির বাসাত বই থাইক্কি অনে কিতা লাইগগুন অনে জান দে বেয়াকগিন টান আছে বেয়াকগুন ভালা আছে আঁই রাস্তা তঁত্তে কিলা দে আঁই ও আঁই বউ বদ্দ না ছুরির আর হতা হইর
/kaggle/input/regspeech12/test/test_narail_0126.wav,কমেন্টে গিয়া তো কি জীবনে পাশে রেখেছি হ্যা আমি দেখাছি আর না আমি দেখে ছি এরে উনার সাথে এট্টু কথা করতি হবে উনার একটা থাকে কাকা কনতে থাকে ওই তো বড় থাহে না দাড়ি
/kaggle/input/regspeech12/test/test_tangail_0020.wav,তারপরে আমি যেই মুভিটা স্টোরি সে রকমের সেইডা অইছে সেগেন্ড ডিপিটি এই মুভিডা অনেক দেখে নাই কিন্তু এডা একটা সুন্দর মুভি ঘুম আসতেছে
/kaggle/input/regspeech12/test/test_habiganj_0096.wav,আমার তো ইচ্ছা কাকড়া ছুরি ওয়াট বান্দর বাত যাইতাম ইতার যাইমু যেসময় নিজে চাকরি করে করমু বেশি টেখা ওই সময় যাইমু ইতা তো এহন দিতা না এখন তো ছুডু রইছি এহন ফতম ওইছে আমি জীবনের ফতম ইটা নাই দুরু বেশি দূর দিতা না সিলেট ইতা অইলে দিবা নাইলে দিতা না যাইবার লাগি
/kaggle/input/regspeech12/test/test_rangpur_0044.wav,ভাই যেমন তায় জেবনেও খারাপ হবার পাবান্নায় জেবনেও ও আন্টি শোনো এমনও দিন এমন হয় খাই ছাপ এমনও দিন এমন নেশা হয় না থাকলে নাই য়ে দিবারে পাই না ওটা কয়া লাভ নাই যা
/kaggle/input/regspeech12/test/test_habiganj_0053.wav,এরফরে একটু ফবিত্র ওয়া যায় মন প্রেম বালা তাখে
/kaggle/input/regspeech12/test/test_barishal_0100.wav,মোর হাত লাম ভাই ঈদের দিন বালা হ্যা পছন্দ এক খালি ঠি পাঁচটা দিয়ে কিন্নো পোলা মাইয়া ডিবি স্বামি ঈদের দিন পাঁচটা বেল কিনছি এবার ঈদ গেছে কিন্তু মোগো আডার আবার দিন ফরছি না শনিবার বিয়ালে বাজারে গেছি পাঁচটা ব্যালা যে পাঁচটা বেলে দুইডে বল হালায় দিছে
/kaggle/input/regspeech12/test/test_sylhet_0130.wav,এলাকা বাসা হুম শহীদ মুঞ্জ দিছিলাম লাগে একদম বেডা হুন না লাম ফা বেটা আইচ্ছা আর ইদ উত আইলে এখন কি তারপরে কিরন যায় দিন কাল কিতা কার পাই
/kaggle/input/regspeech12/test/test_kishoreganj_0192.wav,হউদ্ভিরে পুষ্টি সুজন কুনডি পয়জন মাঝে উবি পুষ্টি কুটি ফরান মাটি কুনডি পানি দুজনের কারণ ন মার বর্জন ন দো মার বর্জন ন মা ব্য ওই যে পানিতে মিশতা পানিতে মিশা থাকা বালি কাঁদায় ইতালি সহানুর
/kaggle/input/regspeech12/test/test_rangpur_0023.wav,ওজা খাই নাই আমি চাইর চাইর রমজান গেল প্রায় মাছে চলিল দিয়ে মাছ দিয়ে রমজান মাসে খাওয়া যায় ভাত বেশি না কাইলকে এখনা ওই যে দাওয়াতোত গেছনু আগা ইতে খায়া আছে গোস্ত তো খাওয়া যায় না পাগলের তখন সিহেরির সময় এক প্লেটের বেশি দুই প্লেট আর খাওয়া দে দুই দিন খাছি খালি মাছ কেমন করি দি হইছে মোটামুটি ভালো খাওয়া যে রহমানের মাও গেছিল খাবার ওরে ওই রহমানের মাও
/kaggle/input/regspeech12/test/test_sylhet_0456.wav,মানে ও যেখান খইতা আমার উফরে খান তারা মানতো আমার আব্বা তা আমার উফ্রে খইছে না আজকে আমার তো ওতো টেখা দেওয়া লাগবে কিন্তু আমার আব্বা খরছি তারা তাইরে দিবো মানি ওলা মানে আর বড় বোইন হিসাবে তো আমি তো আর খেউরে ফাতাইবার কিচ্ছু নায়
/kaggle/input/regspeech12/test/test_tangail_0099.wav,এক পরে থাকে ফরন বিল কাপড় এইডার অনেক কষ্ট পায় যে একসময় সবাই দেখা যায় তো আজকে মানে ওই সবচেয়ে বেশি কষ্টে আছে ছবিটা পুরাডা দেখলে আসলে বুঝা যায় যে ওয়ান সাইডে লাভের যে একটা ফিল
/kaggle/input/regspeech12/test/test_habiganj_0071.wav,বড় না আবার একবারে ছুটো না মেইন ইডা কিতা কিতা চাঁদের আসি না চাঁদের আশি তারফর দিকে ওইলো গিয়া সিএনজি স্ট্যান থিকা আর সিন্ডিসটেনে আরেকটু ই দারো মানে একবারে চিনিস ট্যান থিকা সাইডে আরকি বালা
/kaggle/input/regspeech12/test/test_sylhet_0011.wav,ফড়া লাগে না এইযে কি টজাও দিন খাই ফরে না আমি ছয় সাত কাজে দিন আমরা টাইমটা জানাইতাইন সব ওই খাটা বালা কান কাজ অল্প খরা আর ওইলো গিয়া ফুজা সাতে প্রশাসন খাওয়ায় খাওয়ার ফরে কিন্তু পূজা পদ্ধতি বলো না কী
/kaggle/input/regspeech12/test/test_sylhet_0175.wav,বলে মনে খয় সরকারি ওই তো সম্ভব না খালারা এমনে গুরানিত যাইন টাইন না গুরানি কুনানো ওই এমনে ফরিবার মিল্লা বা বাফের বা শান্তি দিন জাগি গেছে বাইতা আমার বাফের বাড়ি যা
/kaggle/input/regspeech12/test/test_narail_0171.wav,জামাই তারে আছে না তো জামাই তো বিদেশ বিদেশ বলতি কোন জাগা তো জামাই আসপে আর সামনে দশ টি মাসে উমান গেছে না
/kaggle/input/regspeech12/test/test_tangail_0084.wav,শিউলির পছন্দের ফুল গাছ ছিলো এই শুলি আমি এই গাছটা আসলে তুমার কাছে রাইখা যাইতে ছাই ফরে বরুন দাওয়া এই গাছটা নিয়ে দেখা যায় যে একটা এই বেয়ানে বরুন ধাওয়া নয় এই গাছটারে নিয়ে চইলে যাইতাছে
/kaggle/input/regspeech12/test/test_kishoreganj_0121.wav,নামাজ তরে হ্যাঁ ফরে আগে ফাচটা বইডা ফর ফরে তাই গায়েত্তে নি টিক অইছে পরিবেশ দোষনি অন্যতম না কারন অইলো কি শিল্প বা অন্য কারন অইলো শিল্পর
/kaggle/input/regspeech12/test/test_sylhet_0464.wav,তো বিজনেস ফলা বেশি ফছন্দ খরে ই ছেলে মানুষের মদ্যে তা তো বা আমার তো বেশি মানে ও বিষয়টা বেশি একটা ফছন্দ যেমন আমি বস ফরছি উফর আগে উরা জমি মানে জাগায় জাগায় আগে মানে আগে আমরা আমার আব্বা তাখছি মন আমরা ফুয়া তাখতাম
/kaggle/input/regspeech12/test/test_narail_0154.wav,আচ্ছা সোহানের সাথে কথা টা তো অয় তা কবে জানে তোর বড় মাসি ফন পাইছেলো দুই তিন দিন আগে ফরে
/kaggle/input/regspeech12/test/test_kishoreganj_0139.wav,বাঙ্গি সবুজ করা না মাছ বাঙ্গি বাঙ্গি সবুজ রঙ রে বা বাঙ্গি সবুজ রঙ গি মাছ বাঙ্গি কোনো কুন আছে এই এনো যে জাম্প অইয়া যায়
/kaggle/input/regspeech12/test/test_sylhet_0316.wav,এগারো এগারো এগারো জানুয়ারির এক তারিখ থাকি তোমার স্যারের ভাষা লইছোন লইয়া তো বাসাত উঠলাম তো তোমার স্যারের বাসাত বাসন নিছোইন ওউ এমসি কলেজের সামনে আর কলেজের মেজাজ বিল্ডিং ইয়োরে কিতা কয়
/kaggle/input/regspeech12/test/test_chittagong_0098.wav,হুম ন ফারি না আমার মাথাত রাখি দি না ফারলে দিক দিলো অইলে খরি ফারলায় ইন্দি দি ওয় খরতো কিছু খরার নাই হ আর তো কিছু গরিবার না যে পয়েন্ট ফায় আঁরা তো তোর তুন রাগ আর কি বাজাইয়্যে
/kaggle/input/regspeech12/test/test_sylhet_0656.wav,বউত লই বালা বালা কিছু আর দাদুর কিলা সময় যায় ইতা কিতা খরোইন আফনে না খইন আফনেরে নিয়া খইন কিলার আফনের দিন যায়
/kaggle/input/regspeech12/test/test_comilla_0010.wav,হি গেলো না চা নিয়া রিয়ারসালে রিয়ারসালের রুমে যাওয়ার পরে টিচাররা বলতেছে আজকে ব্লুটোতে চার্জ নাই আজকে তোমাদের রিয়ারসাল হবে না চলে যাও তো রহিত অনেক খুশি অয় খুশি অইয়া আবার ইয়াতে ইস্কুলের মাঠে আবার যেইখানে ধুলা টা ওইখানে ফিরছে
/kaggle/input/regspeech12/test/test_sylhet_0319.wav,তো তাইন তখন তাইনোর দুই বাড়ি থাখতা লগে তো ওউ ওইলো গিয়া আমার বিয়া বিয়া নিয়া কুনু স্বপ্ন দেখি নাই বিয়া নিয়া ওইরকম মানে আমার বিয়াটা আসলে এখটা ঐতিহাসিক বিয়া ঐতিহাসিক সাধারণ মাঝে অসাধারণ ওইছে আমার বিয়ার
/kaggle/input/regspeech12/test/test_chittagong_0107.wav,কিন্তু হরানি হরে দি না তুন এক ঘন্টা অইলদে রাতিয়ে বই তহন ফুরি খরি বেল্লাই কারণ আছে লিছি গরম ফরিবু তা এক ঘন্টা বই তা গিলাম যে সময় দা অনে মেয়ের ছবি দেহা ইতের তার মোবাইল ছাস না আছে গুয়া রাহি গেলাম
/kaggle/input/regspeech12/test/test_habiganj_0054.wav,তাদের যে ফূজা দেওয়া সব তুর দু কেরে জ্বালা লইয়া দুধ কেরে জ্বালা দুখ তো ইটা একটা সুবন্দ ইটার মধ্যে একটা সুবাস থাখে না এই সুভাসে একটা নির্মল একটা পরিবেশ সৃষ্টি ওয় যাতে আমরার যে পার্থক্য ফরি পরিবেশটা যাতে মানে কোনো কিচ্ছু বালা সুবাস ফাইলে দেইকুন মনডা ও ভালো ওইয়া যায়গা ন ফুলের একটা সুন্দর সুবাস আফনার মনডা যেমন ভালো অয় এমন একটা আগরবাতি বা কোনো দুফা একটা সুভাষ মনডা ভালো অয় পবিত্র
/kaggle/input/regspeech12/test/test_narail_0069.wav,ওই জাগা আছে যেন এট্টু ছুটো ভাবে হিন্দু ওহনি আছে যার জমি সে বাড়া জানে না কিন্তু ও জানে যে কোন থাকে তোর জমি কোন ডাকে আমি কইরে ফারি এরম মালি উনি কিন্তু ভারি বুঝবো যে যাগে তে হে সমে উঠোয় দেছে মামলা তে ছয় না কি
/kaggle/input/regspeech12/test/test_sandwip_0062.wav,বিয়ার মনো খরো বিশ দিন আগে দেহা গা আনছে উগগা হাসি কিনি দি যা হাজার লাই খরছি চিতি উগগা আছে গাত দইন্না আছে টান
/kaggle/input/regspeech12/test/test_sylhet_0393.wav,শান্তিতে মাততে ফারে আছে আমরা কেটা সম্পর্কে খ গবেষণা টাকা আর আসলে কি বাইর জাম অইছে ইয়া লিখা মানে আমরার একটা আমরা লাস ইয়ারে স্টুডেন্ট ও অনার্স তো একটা প্যাপারে লেখা লাগে এইযে ইয়া লইয়া ইউ
/kaggle/input/regspeech12/test/test_sylhet_0245.wav,ইটা আমার যে অধিত বাই তাইন টিউশনি গরি রি ম্যানেজ খরতায় আমরার তো কৃষি বেস্ট ফ্যামিলি আছলা আব্বায় ওরা দর্মানজমাইয়া রাইক্কা গেছোইন না যেটা তাকি আমরার ফড়া শুনার ফর্যন্ত আমরা আসলে কুনুদিন কুনু প্রাইভেট টিচারের খাছে ফড়ছি না
/kaggle/input/regspeech12/test/test_sylhet_0649.wav,কিতা লাগা কি আর এখটা কিতা ওই গেলো আমরার আছে দাদুরে জিগাইয়া আফনে তো মনে অয় যুদ্ধের সময় আছলা দাদু খইলা যুদ্ধের সময় ওই যে চিকিৎসা বৃদ্ধ ওইছিল হয় ওটাৎ কিতা মানে কাহিনী খইন দেখতা কিছু তো কাহিনী গুলা গুলি গুলা গুলি ওই সব দৌড়াদৌড়ি খরছি
/kaggle/input/regspeech12/test/test_sylhet_0366.wav,তারারে লইয়া আমার ছিন্তা ভাবনা আমরার মতো আসলে আমরার বাচ্চার তো স্ট্রাগল খরতো নায় বা আমরা যেই পরিবেশে জন্মগ্রহণ খরছি তারা তো ইরখম দেখছে না কুনুদিন তারারে লইয়া আমার আসলে মাঝে মাঝে ইয়ো অয় কিতা খরবো বা কীভাবে তারা লাইফ
/kaggle/input/regspeech12/test/test_narail_0031.wav,নাদ মেয়েরে দিয়া আইছেলো কিছু বেশি বেচা ওইছেলো তা ওদের বেশি নিয়ে অচ্ছে খায় তা ওই দখলে না টফি আমারে কলো যে ভাই এরকম রকম তা আমি নিয়ে আমার মাথা ব্যাথা নাই আমি এর পিছনে দৌড়চ্ছি আগে এইটুক দেই
/kaggle/input/regspeech12/test/test_sylhet_0505.wav,তোমার আব্বা মারা গেছোইন আমি এসএসসি ফরীক্কাও দিছি না ই টাইমে আমার ফড়া শুনা এখটু বালা ওইছে না আমার আব্বা ই টাইমে মারা গেছোইন আমার খতা ছিন্তা যারা মনে খরে আর মামা নেতা খারাপ অই গেছে হঠাৎ খরি আমার আব্বা বনা খরিলে আরে মানে মানুষ অসুস্থ অইয়া মারা যাওয়া এখটা আর হঠাৎ খরি এখটা মারা যাও আমরা ফুলা ফ্যামিলি টা আমরা এখটা এখদম খুব খারাপ অই গেছি চিন্তাত ফড়ি গেছি যে হঠাৎ খরি যে আমার খরা ওইছে ই বৎসর মনো খরো প্রচুর হেত ওইছে না আছে
/kaggle/input/regspeech12/test/test_sylhet_0688.wav,বানাইলাম খতো বছর ধরি ইতা দি মনে বউত বছর বউত শ্বশুর দি আফনারা খাটি আমার শ্বশুর ফাটি আগে তো আফনারা শ্বশুর তেকি আফনেরা ফাইছোইন মানে শ্বশুর এমসি খাজ খরতা ওই শ্বশুর এমসি কাজ করতা শ্বশুর আফনেরা
/kaggle/input/regspeech12/test/test_tangail_0043.wav,পশু পাখি যত পশু পাখি আছে সব নিয়া অনেক মানে যা যাইতো তো অনেক টাইম লাগে এর লাইজ্ঞা অনেক ফুড স্টোর নিয়া উঠে কিন্তু ওই ই ফানখান মানে
/kaggle/input/regspeech12/test/test_kishoreganj_0203.wav,আগুন নিবানির জন্য কার বন্ডা আছিল ফানি দিবো মত ফাকা বারন লাগছে আগুন নিবার যে না কি বাবা কর পানি না মন মাছ মত মরো এনো ফান্ডিয়া লেহা বা দিবা না আনতে এই নিবা যাইবোগা
/kaggle/input/regspeech12/test/test_sylhet_0599.wav,বড় বই নাই তো আন্টি আরো দুইজন ইউকে থাইকা আইছোইন মামা আরেখজনরে তিকা সব খালি খইরা যাইতাম আইছি খয়টা আইছি চাইটা না সাড়ে তিতা আমি এর আগে এর আগে অনুষ্ঠান শেষ
/kaggle/input/regspeech12/test/test_kishoreganj_0014.wav,বেচলে তে না বেচ্ছিলা বেচা বাট আর অহন বেচ্চেলান কার রাস্তা লাইগা বেচা না অহন জানা আছে না বেইচ্চালায় না বা বেইচ্চালায় বিলের মারি তো অভাব নাই বেইচ্চালা কইরা হ্যাঁ যে টাকা দিতো না এনে টাকা দিতো না ডেনা কেলা
/kaggle/input/regspeech12/test/test_narail_0025.wav,সেইডে পইরা তো ওই কয়দিন আইছে কিশোর তো খাছে এই যে মানে তোর মা মরিয়ে যাওয়ার পরে তার খান কিশোর সাতে খাতাই কিশোর রা তোর পরে যে লাগে কিশোর গের সাথে সম্পর্ক ছিলো
/kaggle/input/regspeech12/test/test_habiganj_0079.wav,মার তোমার বাড়িত থিকা খতো দরে বাড়িত তিকা দু বলতে এমনে জমি রাস্তাডা উঠতাছে ফইসা আমরার বাড়ি ইদিকে আরকি মোটামুটি আধা ঘন্টার মতো তারফরে
/kaggle/input/regspeech12/test/test_sylhet_0446.wav,খন তাকি বাসা ফাল্টাই আইছি খোনো লাগে এখটু আমার বাচ্চা একটা মারা গেছে ফরে মনো খরলাম যে না না মাতা না মন খুইল্লা বান্দা মাতা ফরে মামা ও তো অখন তাকি আইরা মনে এখটু লাগে আমার উফরে সমস্যা করে ফরে তাকি খই না দেখি আবার ফরটা ও আবার আর ফাল্টাই আইলাম এরফর ইখান তাখতাম নায়
/kaggle/input/regspeech12/test/test_barishal_0035.wav,এহন যাইতে কুকারে রান্দে না রান্দা রান্দে বাড়ি খালের সে গু ভাত নাম কি কালা না লাগে না
/kaggle/input/regspeech12/test/test_sylhet_0519.wav,ফর আসলে ভাই হেরা তরার ক্ষেত্রে মানে মহা দিলে ওত্তো মা দিয়ে তো খালকে তারা এর মাঝে দিয়া জানছ সব কিন্তু ফেম না নি তারা সিট খরছে এখলগে মা দিয়া সাকিবোর আগে আর মাঝে ইয়ো
/kaggle/input/regspeech12/test/test_sylhet_0575.wav,ছাবি আর মরা না দুইটা তারা কবে এখদম লাব আমরা নাইন তাকি মনো আছেনি তোর ছিনার খতা বাট এখনো তো মন নাই ওউ কিতা তারার হুনছি বিয়া খরে আরকি
/kaggle/input/regspeech12/test/test_rangpur_0070.wav,আও কাইলকে মুই কোনো মাছ থুইছে মুই কয় মাইনসের দাম মারছিলো না ক্যা লাউ লাউ খান লাউ নাই তো ওকটু মাছ না না ওগে মুই নিয়ে গেছে
/kaggle/input/regspeech12/test/test_kishoreganj_0133.wav,জামু সুদ বাসা করবে বইয়া বাসা করবে এলা গাড়ি হ্যা তাল তাল আরও ডালিম আবার ডালিম এ এই যে পানি ফল ইয়া গর পানি ফল না জাল জাম জান মুল ফল জামু
/kaggle/input/regspeech12/test/test_kishoreganj_0157.wav,বা কত ক পানি গা মানুষ দে ষাইট থাকে সত্তুর ভাগ পানি মানে সত্তুর সত্তুর ভাগ চার পানি কত র পানি ষাইট থিকা সত্তুর ভাগ ষাইট থেকে সত্তুর ভাগ অচ্ছে পানি কত লগ পানি ষাইট থেকে সত্তুর ভাগ হইচ্ছে পানি
/kaggle/input/regspeech12/test/test_narail_0038.wav,ও এখন এখন এখন যদি তুমি আসল দলিল বাইর করতি পারো তুমি যতই দখলে যায় যায় সব কাটায় দেবে এহন নিয়ম পাইল্টে গেছে যার নামে দলিল সে এহন দখল করতি পারবে এস এ সিস্টেম ওইছিস তরে এক বাই না না
/kaggle/input/regspeech12/test/test_chittagong_0064.wav,মানে অন্য কলেজের মদ্যে ট্রাই গরম ফরে এহন মনে দু কিরি গরন তো বেয়াকগিন আঁর দাদা নে ফরিবু অওয়া ইচ্ছে এহন তার এক জাগাত কিরখম আঁই তো ন জানি কী যাহা তুন খরতা দিয়্যন ইয়া
/kaggle/input/regspeech12/test/test_sandwip_0046.wav,বাইন্দা চিনি না কি কম না যে মা যে এডা হুট আইয়া হের শাগ মরি বিরিক তুই যাবি না অনকা কি ঘুরি গিলে একটা বাইজ্জা যাই পারবা বা ক কোন বালো একটা বাজে খাইয়া লাইছে কোন যা হ সাতে আল্লা
/kaggle/input/regspeech12/test/test_narail_0049.wav,আমি কচ্ছে কি কচ্ছে শুনি দার আমি কচ্ছি ক্যা কি অইছে সুর আলাদা দেছে দি কি হইছে কচ্ছে কি এই যে ঠিক পাচ্ছো না আমি কচ্ছি না আরে ঠিক কচ্ছি নে ক কি হইছে কচ্ছে এনে আয় আইছি গেছি কচ্ছে এই যে মাটি কাটেছিস
/kaggle/input/regspeech12/test/test_sylhet_0666.wav,অয় না বালাও তো যার আফনের তো এখনো সবতা সময় একটা আছে না ওয় না না লইয়া আছি সুখে শান্তি ওই রাকাতওই তো তারারে ও খইতে প্যার আছলাম মান্ডবর্তি আছলাম আমার নাতি তাখে ওনো সেলে না
/kaggle/input/regspeech12/test/test_narsingdi_0022.wav,আসলে রুবেল যে খারাপ লাগে রে ওইও তো হিসাবে সিনিয়র প্লেয়ার ইয়া আমারে ওরে তেমন এক্সপেক্ট দেওয়া হয় না আর সাবুদ্দিনের কথা বলি তো সাইফ উদ্দিন তো হইলো মানে নিজেরে নিজে বড় মনে করলে যা হয় আরকি এই আরকি
/kaggle/input/regspeech12/test/test_barishal_0020.wav,করে একটা খালা বা এবার সব খালি দোষ আইলো তার খারা কমি টু ফাস লোক কলেজের পারে বার খরছে এই লোক যদি এক বেলা ওষুধ মিস দেয় পরের বেলায় দুই বেলা ডাকছে খাওয়ায় আগে এটি চুরির থাকে খাওয়াইছে
/kaggle/input/regspeech12/test/test_narail_0162.wav,দিছে না এখন তিন ছুল লাগাতি তা তো বাড়ি এমনে ট্যাবলেট কাডা নিতে দেয় সমাসএমন অবস্থা ওইছে বড়ি তে কোমতে ছেলো না ইনসুলিন লাগায় কাতি আছে
/kaggle/input/regspeech12/test/test_sylhet_0126.wav,খতোজন আছোইন ইখানো সত্ত ফঁচিশ দিন খান ওইবো তারার মালিক এখন তা খইন না আগে থাকতাম আগে মালিক আছিলো এক মালিক গেছি গি বাড়ি বাচ্চা গেছে গি তারা অখন বর্তমানে আর নয়া মালিক আছে মালিক দরো আওয়া যাওয়া খরে খেয়াল সয়া খরে তে তারার যে দুতালার বাসা আছিল না
/kaggle/input/regspeech12/test/test_chittagong_0067.wav,বাড়িত থাকি লিছে বাড়ি বাসা খইতাম তুই তো ন আই অইছো আই কি লেখা আগে থুইয়া আয় তারফরে টাইম তর যে সময় ইসলাম খরলে তো ন আইয়ে ন খর না বা যাই আনগই ন
/kaggle/input/regspeech12/test/test_narail_0087.wav,ওই সেই কথাই তুই তো বুলে দিচ্ছিস তুই যদি বুলে না যাতি পাঁচ মাস পরে যে আমারে ফোন দিছিস না পাঁচ মাস গুনে রাহিছে নাই আমি ইন্ডিয়ারতে আসার পরে তোর সাথে আমার একদিন কথা হইছে যেদিন ইন্ডিয়াত থাকে আইছি
/kaggle/input/regspeech12/test/test_sylhet_0598.wav,তারা বাসাত আইয়া দাওয়াত দিছোইন খোল দিয়া বার বার খরে গায় অইলো দেও খইছিন যাইতাম অখন গায় লই তো আর গেছি না তোর দাদু ওউ অসুস্থ ওই গেলো নানি হঠাৎ যেদিন গায় লই দিন গাছেরে সেলাইন দিছি আর ওউ আমরা আর কিছু না এখন খই বিয়াত না গেলে ছলা তারা সব আইছোইন কিতা যার বিয়া তার নো আর কি হাসবেন্টে কানাডা তার
/kaggle/input/regspeech12/test/test_sylhet_0210.wav,দুইও ফরীক্কা দিছি এসএসসি ফরীক্কা তো এর আগে এখটা জিনিস আমার খুব বেশি নাড়া দিছে ইটা ওইলো ও এখটা জরি ফাইছে বুটের বুটের যে তালি টা খরোইন ওতা নিন্দ
/kaggle/input/regspeech12/test/test_sylhet_0320.wav,মদ্যে কুনু স্বর্ণ ডর কাপড় চুপ কুনু ধরনের লাগবার ইয়া কুনু কিচ্ছু না জাস্ট সুন্নত বিয়া যেটারে খয় একেবারেই সাধারণ এবং হইবো ত আর স্যাটিসফেতাইনোর ও কুনু প্রত্যাশা নাই আমারও কুনু প্রত্যাশা নাই যে নি হেতে আমার প্রত্যাশা খালি আমি এখটু মাথাটা
/kaggle/input/regspeech12/test/test_tangail_0083.wav,শিউলির ফ্যামিলি আর এই বাসা ছাড়া অন্য জাগায় চইলে যাইতাছে এই বাসায় আছিলো শিউলি অনেক সিটি আছিলো পরে মার সাতে ভোট অনেকক্ষণ কথা হয় পরে মানে শিউলির আম্মা বরুন রে বলে যে
/kaggle/input/regspeech12/test/test_rangpur_0117.wav,এলা কি তোর চুল কাডাবু হ নাহ তোর মোছ তো ছোডোয় আছে মোছগুলে কাডাবু না কই তোর মোছ বড় হইছে তার মোছ তো ছোডোয় আসে দাদা
/kaggle/input/regspeech12/test/test_sylhet_0415.wav,ফ্রায় তিন মাস আমি বর্তি আছলাম ফরে ইখান তাইকা না ঢাখাত ঢাখাত কুনু চিকিৎসার কুনু জাগাত নাই ফরছি ছিন্তা খরা নি কুনু ফড়া তোমার আটকাইয়া রাখার মতো নাই তোমার ইগুলা গুছ আমার হাসবেন্ড তো এখজন বালা মানুষ আমি নিজে আমার নিজের মুখ দিয়া খইলাম শিখায় আইলাম যতো বাল্লা আমার চব্বিশ গন্টা ফরা জরি গেছে আমি ওতো অসুস্থ মানুষ
/kaggle/input/regspeech12/test/test_narsingdi_0015.wav,নষ্ট কুটি টাকা কি লাগে এন্নে তো দেড় থাকা দুই কোটি টাকা দিলে একটা মেশিন ই নাম্বার সাতে পরে একটা স্পিড মেশিন হেরা ঠিক ঠাক মতো চালাইত যে পারে মা বল করে বোলার ভুল গতি ওডে
/kaggle/input/regspeech12/test/test_rangpur_0037.wav,না না কি ভাই খাওয়া লাগে আছে তারে খেজুর খেজুরেও চুরি করন আছে জুকার গেলো কাইলকা এখনা শাক দিয়া খেজুর খাইবে স্যারে খেজুরো শক্তি যোগায় কি বেটি খেজুর এই যে পোলা বেশি শোতা থাকি উঠিয়া একটা ছেলেন খাইয়া
/kaggle/input/regspeech12/test/test_sylhet_0707.wav,খষ্ট খরার দরখার নাই রে দিয়া বালা না না এমনেই মাতি লাই তাইলে আমরার আবার আরো টাটা কালেক্ট করা দরকার ও মা আর কৃষ্ণ দর্ম বলে বলে কি করছে টিলার
/kaggle/input/regspeech12/test/test_sylhet_0354.wav,ইটা মনো ওইছে যে আল্লা নি হাটা নিয়া আমরা বসায় দিছোইন ওইলাম এমপি কলেজো দুই আজার চৌদ্দ সালের নভেম্বর আইছি ওউ সেই নভেম্বর মাস তো নভেম্বর থেকি এখন ফর্যন্ত আছি
/kaggle/input/regspeech12/test/test_sylhet_0568.wav,তুমরার তো সব ইংলিশ নি না বাংলা ইংলিশ বাংলা যে ফারে আমি ইংলিশ বইয়া খরছি আমরার যে মাত কিতা সবগুলাও ইংলিশ আর দুইটা সাবজেক্টোর মোর মাঝে থিউরি ইংলিশ আর যে ওর কিওর যেকুনু বাংলা তো হায়ার স্টাডি ফরতাছে আমার লাগি ইংলিশ টারে
/kaggle/input/regspeech12/test/test_tangail_0002.wav,পরে কি উডি ওই ব্যান্ডের দলে যুগ ইচ্ছা করে পরে ওই ব্যান্ডের যে ভোকাল মানে ও আর কি একটু আগে মানে ব্যান্ড ব্যান্ড থিকা বাইর অইয়া গেছে ওয়ার গার গান করবো না পরে ব্যান্ডের যে ভাগ সদস্য
/kaggle/input/regspeech12/test/test_sandwip_0116.wav,এগুনেরে হরে হের জানো আছে হেতে না কি আন্নের আংগো হের স্যারে ক আচ্ছা কের মষ্ট রে হেতে সবসময় কতা তো ইয়া মানি সবচেয়ে ভালো স্টুডেন্ট আইছলো আইয়া ফাশ কইরবার হরে ভালোভাবে খইত্তারেনা যার হরেন
/kaggle/input/regspeech12/test/test_noakhali_0010.wav,ওজন না সেটা কতি দে খাতা কতি গায় দুই কেজি দি দাদি কা দি ফালার তো থাকে তো সামনে কি হুনরা কারে
/kaggle/input/regspeech12/test/test_habiganj_0046.wav,বই কিন নাম না বেশি কিডা ওইছে না ওই কিতা আছে কিনছি না একটা আমারে গিফট করছি আমার ভাই এরা ইটা ওই ফরছি নিজে কিনছি না আর লাইব্রেরিত তিকা আইন্না ইন্না খরতাম ইতা ওই নিজে কিন্না না বেশি বড় রয়েছে
/kaggle/input/regspeech12/test/test_tangail_0038.wav,ছবি মেইন কার একটা এপ্লাই খরছি ইরফান খান আরেকটা কয়েকটা আছে বাঘের নাম অইছে ই চার্টপার্কার ছবি তাইর পান খানের নাম থাকে পাই প্যাটেল ওই যেহেতু প্যাটে আর এই ছবি তার কিছু অংশ ভারতে করা অইছে আর কিছু অংশ অন্যান্য জাগায় খরা ওইছে সমুদ্রের সিন আছে ম্যাক্সিমড্বিপের সিন আছে
/kaggle/input/regspeech12/test/test_narsingdi_0078.wav,যেদিন আমি বড় মু হিসময় আমি ও সালামি ফর না বড় হইয়া এই ছুডুরা তো সালামি কয় আমার কোনো সালামি নাই ইয়া মধুরে পিএসসি তো ই সময় হেরে তো কতা দিছে হকলতে আবার মাসটা আবার লোক দেহায় কয় বা দুই একে ব্যবসার ইয়াডা রেজাল্টটা বালা করি দেখছি তরে আরো বেশি দিবো
/kaggle/input/regspeech12/test/test_sylhet_0571.wav,আখতা সাদা তো ইটা খাইয়া আজকে সন্ধ্যার সময় ফড়লা আমি পরে মাইয়া দেখা ওলা উটিয়া না নি বুচ্ছোসনি সুপার বাদে উটিয়া গিয়া লাইক জ্বালা নি তার হেদিন ওলা সাদা আছে না নি যে ফানোর লগে খাইন বাছাইছোইন লুকাইয়া রাখতে আব্বা তাই দেলাইন আর ওলা আন্দারে মাঝে ফাইছোইন লাইফ এখটা অন খরি তা সখালে
/kaggle/input/regspeech12/test/test_chittagong_0095.wav,পয়েন্ট মুটি হুম ইতে শীত গরে মুলাইছি এই গতি অহন তো সুখ নাই ইতে বলে ফাইভেট অত ঘুরতে হরবো পয়েন্ট হ তো শীতের সাতছসরি সব গাম একটা শিশু বুঝন বুঝি
/kaggle/input/regspeech12/test/test_sylhet_0160.wav,বড় আল্লা এম দি আইছে লিমিলিটারি ও মায় কিতা আমরা যে ফাইল আছিল আফনে তো কিতা খরছিলো আমি দুইডা শুনেন যে আইতাছে আমি তো জানি না আমি আমার মত বাই বিশ করো না তাইলে আট বছর
/kaggle/input/regspeech12/test/test_sylhet_0065.wav,মানে দিগের ফরে আমি আমার গেছে আইসলা তার ফরে তো আমি মাইসা ইয়া খইছোইন সমত আমি কি বর্তি অইবে আমি খই আমি তো বর্তি ওইতাম ছাইছলাম এখন কিন্তু আমরার অনেক প্রবলেম দেখা দিছেন আমি বর্তি ওইতে ফারি
/kaggle/input/regspeech12/test/test_kishoreganj_0072.wav,না আমার তো আমরা বৃষ্টি আছে আমি লিকার চা দা বৃষ্টি আছে যে বৃষ্টি আছে বৃষ্টি আছে কইলে বালা একটা ফারিনি গাই
/kaggle/input/regspeech12/test/test_rangpur_0085.wav,হ্যা হ্যা হ খাইন টা আইছে আর মার মতো আর ফির চাইছে ওর বাছের মতো কার কাছে তোমারে গাছ তুলি নিয়া আইলো
/kaggle/input/regspeech12/test/test_tangail_0114.wav,ওরা দোকান খোলে হচ্ছে তোর ছয়টার দিকে এবং আগুন আরও আগেই লাগে গেছে তখন ওরা ছিলো না সব তাল আমারে ছিল কিন্তু আমি একটা জিনিস বাজি না ওরা ক্যাশটা তো কেনো দোকানে রাখি তাদের কিসু ধার না কতারাতে চলে না বার তো মনে করো ক্যাশটা করে না না না করছে ওই যে
/kaggle/input/regspeech12/test/test_sylhet_0104.wav,কিতা না ই বিল্ডিংয়ের ঘরের মধ্যে বউত ফ্যামিলি ভাড়া থাকো না বেছলা কিছু সব বেছা তিনজন তুমি কি বালো বালুর ছেলেরা আচ্ছা তা তাখে
/kaggle/input/regspeech12/test/test_sylhet_0282.wav,যাই ওউক বাদে ফোউর্থ ইয়ারো উঠার যখন অলা ছিন্তা খররাম যে এখন বিয়া খরা দরখার তো ওউসময় এখটু এখটু ছিন্তা খরিয়া দেখলাম যে না এখন আমি আমার লেবেলের মানুষ যদি বুজার যাই আরো সময় লাগবো
/kaggle/input/regspeech12/test/test_narail_0167.wav,সুতার উলি বাড়ি চালা এহন খায় যা না বেশি মারাত্মক অনেক কিছু করা যায় না তাই তো পাকা সারে না খাওয়া কচ্ছে
/kaggle/input/regspeech12/test/test_sylhet_0098.wav,তেল এডি লাগি বেশি আমরা কিনো বেলা কিতা বাত খাই আমরা তো চা ডা কম খাই এডি লাগি বেশি চালডা তেরডা বেশি লাগে তাইলে ইরখম মানে কিরখম যাইতাছে দিন খাল কিতা মনে অয় ইগুলা নিয়া ওইতো তাকি দিন যায় রাইত ফাইতাছে দিন যাইতা রাইত ফুয়াই তো আল্লায় এখন টাউনি
/kaggle/input/regspeech12/test/test_sylhet_0195.wav,চাইর পাঁচ জন ফ্যামিলির খারণে ওই ইট নাইন ফড়ি খরতাম ফারছোইন না তারা বিয়া গুয়া খরিয়া কৃষি বেস্ট ফ্যামিলি আছিল তারা সেতুত লাগাইতাম গরু রাস্তা ওউ অন্যান্য যে শীত খালি তা লাগাইতাম
/kaggle/input/regspeech12/test/test_sylhet_0460.wav,মায় তোর বর্তি টাইমে যাইতোগি কিতার লাগি ওতো গেছে গিয়া কতোদিন রইয়া আইছে আমি জোর খরিয়া আর জিতে খালকে ফড়া লেখা কতো টুক আমার কোটে টুকরা বাবা আমি এসএসসি দিছি না
/kaggle/input/regspeech12/test/test_rangpur_0081.wav,ওই যে আগেরকার মাইনসে কইছে গাছ গুণলে হয় গোটা বাপ গুণনে হয় বেটা মাও গুণনে হয় ছাও ফুটে গুণনে হয় নাও এইল্লা এলা বইলে মিথ্যে হ্যা হয় এইরকম হয় না মানে অবশ্যই হয় হ্যা
/kaggle/input/regspeech12/test/test_sandwip_0126.wav,আঁর ভাই এলা বালা ফাশ গরি দিলাইছি ছুট্টুগা আইন্নে ফেশার দিলে হয় প্রেশারে কোনো হোলাইন আসলে অইলে হেলাইন বউত বাদ দে খোলাই লাগে আংগো ফরিবারের মইদ্দে আঁই আঁরার ভাই মাইর জাগা আমরা ফেশার অইছে
/kaggle/input/regspeech12/test/test_sandwip_0016.wav,কেন্নে কইলে পিস পিস করি গাড়ি ভাজি করছে হাচ মাপপো এগিন হুনা গা করে অন এড্ডা মাছ হিয়ারে মা মানি হেতে ভাই নাই ভাই এড্ডা মাছের দরকার কি আইছলো বিশ কইত্তে অইবো না ই বিয়া
/kaggle/input/regspeech12/test/test_tangail_0126.wav,লুকাই থাকবে এতো বড় একটা কতা বলছে ভাই একে তো গরম তার উফরে আগুন ধরছে সব জায়গায় মানে এখন গরমের দাম শুরু হয়া গেছে কি গরটা করছে দেখছস কতা অইলো গরম খটা রোজার মদ্যে করছে ফার্স্টের দিকে যে রোজা ছিলো আমরা তো ভাবছিলাম খুব বৃষ্টিতে ঠান্ডা ঠান্ডা রোজা শেষ অবে
/kaggle/input/regspeech12/test/test_tangail_0016.wav,আবার গান খাওয়া শুরু করি ফরে তার বিখ্যাত কি মেন গাপ সডিব পুরা মনো একা সালে মন ঠেলে পুডাই স্টেডিয়াম সবার সামনে আর
/kaggle/input/regspeech12/test/test_narail_0058.wav,কইছে এই যে যা যা যাবে তো কালে বাজা আসপে এই আজকা মেইন কথা হচ্ছে কি ওই টাউট বাট ফারি কইরে তো টিয়া থাহা যায় না জমি তো ভালো ভাবে নি নাই ও জমি ভালোভাবে থাকপে না ও দেহো সিস্টেম এট্টা কইরে ফালাবা না এই যে কিছু কিছু সিস্টাম বা
/kaggle/input/regspeech12/test/test_sylhet_0720.wav,তার বাদেও মনো খরো যে মাই মরি গেলে তো তুমার না খর ফুল তো আর মানে ওগু ফারা দিলো কতো শেষ না ইলা কিচ্ছু খুব একটা নাই তখন যেটা ইটা খুলি লাইন দেখছি আর কিতা খয় যে ইটার কিতা খরা লাগে ইটা খুলা লাগে
/kaggle/input/regspeech12/test/test_sylhet_0515.wav,এমনে কোনো সত্য পাছে না যে ই জিনিসটা করতে বালা লাগে মানে
/kaggle/input/regspeech12/test/test_sylhet_0266.wav,চান্স ফাই দিছি তো যেদিন আমার ক্লাস শুরু ওদিন বৃষ্টি আছিল আমার খুব মনে আছে বৃষ্টি আছিল আর ক্লাস শুরু ওইছে আমি জানি না আর আমার বাই তখন বার্সিটিত ফড়োইন শাহজালাল বার্সিটিত আমার বাই অর্থনীতি ফড়তাম তো তখন মোবাইল ফোনো আছিল না
/kaggle/input/regspeech12/test/test_sylhet_0288.wav,কিন্তু আমার যে অতি আমার যে স্ট্রাগল আমার যে করি ইটার সাতে এডজাস্টেড না হইলে পরবর্তী লাইফটা স্মনাও ওইতো ফারে ওখন আমি ছিন্তা খরি শুনা খরিয়া আমারে জিগাইছোইন ই ব্যাফারে যে ওউ বাড়ি তাকি প্রস্তাব ওইছে তুমার কিতা ইচ্ছা
/kaggle/input/regspeech12/test/test_sylhet_0235.wav,চকলেট আমার ভাইয়ে মনো দশ টেখা দিয়া চল্লিশটা আনছোইন আমি আর সব ফুরুত্তাইনরে খেলা উঠানোর মাঝে তারারে সবারে ফাটাইয়া দিছোইন আমার রেজাল্টো মিষ্টি তো দেখাইয়া ওইয়া রাত্রে বইছোইন ফারিবারিক মিটিং মিটিংও ডাখলা ইলা তুই তো বালা রেজাল্ট খরছো অখন
/kaggle/input/regspeech12/test/test_barishal_0084.wav,নিয়া মনে করেন কামের দার হেইনে লোকের পাহারা ঘুমায় না খারাপ না মনে কর আটটা নয়টা আগে হেরা আইবে না হ পরে মুগে বই থাকতাম সাক্ষাবাজে ইয়ার মোর না রাইতে বাইর কইররা যারাই ওরকমে নিয়া শুরু কইরা দিতাম
/kaggle/input/regspeech12/test/test_sylhet_0255.wav,বাদে স্যার একটু মন খারাফ খরিয়া গেছি ওলা বিয়ার প্রস্তাব লইয়া আইছোইন বহুতে ওলা মন খারাফ করি করি সব যাইগা অখন বাই এনতে একটু মুভ চেঞ্জ খরি লিছোইন আগের যে খইতা যে সিটা ফাশ খরিলায় অখন আর ইয়া খইয়া না ইলা খতা আমি একটা আই যেদিন চাইবো অলাউ তাই যেদিন ছাইবিন বিয়া অখন আর আমরা বিয়া দিলাম না
/kaggle/input/regspeech12/test/test_sylhet_0399.wav,মানে একজন মানুষ তও কিচ্ছু বইছি নাই বাবা
/kaggle/input/regspeech12/test/test_rangpur_0030.wav,ওই কান্দির ওতি আছে সারারাইত কাক্কারে হলো খাবার হইলো দুপুরে টাইমে দিন দুপুরেরটা হইলো অতিথি আটার ডাইল ছাড়া আর কিছু নাই তো আর নাই আর ওই আটার ডাইল আর অতি হইছে এর বিনা একটা
/kaggle/input/regspeech12/test/test_kishoreganj_0035.wav,আমি তো এই ভারি ভিডিও করি জাগা এদিকে আর আমার গায় ভিডিও করবা ছানা নামের লগে কতা অই না এমনে হটস্যাপে যা কারে বিচার এ ক ন দে আর নামডা কি আমার মা জাগা দি হ ন দেও জিরো সেবেন থ্রি চব্বিশ নিছি এও দিতা হস
/kaggle/input/regspeech12/test/test_chittagong_0106.wav,হ্যাঁ সে আর তোরে খই ওই ওইদিন যদি শুয়াইবির হতা ন হয় না তো ই কী এন্দি খান আফুর খতা যে তারা ফুললি তো মানুষ অইবা শান্তার রে সাই তো লায় খরেন তান গেলাম দে
/kaggle/input/regspeech12/test/test_sylhet_0033.wav,মানে ফাশটা বাঙ্গা আমরা যে যাও নে যেটা বাঙ্গা দশ টেকা টাইম যে টাইমটা শেষে বেশি কল টল খাইলাম পোশাক খাওয়ার ফরে তারফরে দেওয়া হয় ইয়ো কিছুড়ি দুইটা ওটা কিছু খাও আবার উৎসব আছে ইগুলা হয় কিতা পাট করা হয় প্রত্যেকদিন ন পার্টি দুর্গা বুজি ন রিপোর্ট খরা ও
/kaggle/input/regspeech12/test/test_narail_0100.wav,কবে আছে তো অনেক দিন আগে ভালা ওইছিস ও তোর একটা গুড নি ইতি যে কইছি শুদ্ধ বাষায় কতা কবা না না শুনছো
/kaggle/input/regspeech12/test/test_rangpur_0105.wav,ওডে যায় কোনটাত বাজারেরটাত না ওই তা ও কোনটা ঠিকভাবে যায় না না অতো বেশি না পুতিদিনে যায় না পতিদিনই যায় না না মাঝে মধ্যে যায় যায় না
/kaggle/input/regspeech12/test/test_tangail_0014.wav,মার্কেট থিকা আউট হইয়ে যায় পরে ওরা আসলে ইরকম শরতন্ত্র করতে থাকে পরে ফেডে আসলে ওরা সময় কুইচ থিকা আরকি আলাদা কইরা ফালায় আর এদিকে ফেডিও মনে কর রেডিও একসময়
/kaggle/input/regspeech12/test/test_sylhet_0265.wav,জীবনের মোর ঘুরানোর মতো একটা অবস্থা ত ইয়া ফড়ছি তো বার্সিটিত বর্তি ওইলাম আর যেহেতু চিষ্টা আছলাম তুমার কি প্রথম থেকেও হোস্টেলো উঠার লাগি তারা আমি মেদি তে ইয়ো দিছোইন সিলেক্ট খরছোইন তো প্রথম দিন থেকে হোস্টেলো
/kaggle/input/regspeech12/test/test_sylhet_0474.wav,এরফরে ছাল ফুটাইয়া সবরে মানে চাউলের ঘুরি আরকি নতুন দান বাঙ্গাইয়া সবরে গুলি দেওয়া ওইছে ফাস্তা গরি ফরে নেও বাড়ি তাকি না আর কেউ চাইরটা পাঁচটা খইয়া সবরে নেও কিতা তুরা খাইয়া ইনো তো আর খাইয়াও যাইরা বাড়ি দিয়া খাইয়া লইয়া যায়
/kaggle/input/regspeech12/test/test_tangail_0064.wav,ফরে কখনো সেইব মানে যে অখন যে যাইতো পরে কখনো সেইব কেটা কখনো কলি না কনোডায়ার্ কন আসাদ কখন আবার দেখা গেছে ম্যানেজার কুনু এক ফ্লোরের তো এইরকম
/kaggle/input/regspeech12/test/test_chittagong_0030.wav,কিরিবু সামনের ফরিক্কা ন উনি মোবাইল অত দুলা সেলিম সেলিম মা ওডে তুই মোবাইল দেখাইলে ফড়ছি মাইরিয়া আঁরা একশো বাদ দে দেহাই দিবু খয়দে মাইনষে নি দেইলে মেয়ে কর মোবাইলে অইলে আছেন কী
/kaggle/input/regspeech12/test/test_comilla_0024.wav,তখন আমি জিজ্ঞেস করলাম কি হইছে তখন ওই ঘটনাটা বললো আর কি এরফরে আমি রুগির না রেডি ওই যাইতে যাইতে শুনি যে মানে বাচ্চাটা মারা গেছে ওর লাস্ট নিয়া আসছে উপজেলার মইদ্যে ওদের বাসা এই আর কি মানে এই ঘটনাটা রোহিঅনেক ভয় পাইছে আর আমার জীবনে মানে একটা স্মরণীয় গটনা রোহি
/kaggle/input/regspeech12/test/test_rangpur_0114.wav,ওমার বাড়িতো খাওয়া দাওয়া করছিলু হ সগাইরে বাড়িত খাওয়া দাওয়া করছি বলে জিলা আছে ওই দেনাজপুরি যে বুড়া আছে যে দেনাজপুরি ওই খিলেয় নাই তোক নাহ খুব ইয়া সাহ্যা
/kaggle/input/regspeech12/test/test_chittagong_0082.wav,কিছু নাই ইয়া এরি এহন আঁই নাই যে তাইলে বেয়াকগুনে বেড়া তো আই দেয় তে তারার মতে কেউ ন যায় তুই কি এক লগে অইছে না ফাছ
/kaggle/input/regspeech12/test/test_sylhet_0577.wav,না গর তো কথা ওইতো আমি আগর ইদো দেখা অইছি মনে অয় যে রাত্রে বাইর অইছে এক ওলা না ইদোর ফরে পিকনিকো গেলাম নানি পিকনিকের দেখা অইছে আর ইদো আর দেখা অইছিন
/kaggle/input/regspeech12/test/test_kishoreganj_0188.wav,কুনডি পানি দুষ না কার দ মাছ বলে দ বা ন বা বা আমার মা আছে আইচ্ছা ঘৃণা ফাল্লা বালা দে হ্যাঁ
/kaggle/input/regspeech12/test/test_kishoreganj_0123.wav,ডেলতা তো বালা ডেল পরিষ্কার কিন্তু বড় বড় মিল ফেক্টরিশিল্প সচছে বিভিন্ন ধরনের জিব সানি যেমন জিব স্বজনের তেল প্রাকৃতিক গ্যাছ প্রাকৃতিক
/kaggle/input/regspeech12/test/test_sylhet_0473.wav,ছয় ফাইজি ফরে চিনি দেওয়া খইছে গেছলাম যে ওয়াজ ছলা কিলা হক্কল জর খাজ খরে সে ঠিক আছে না আসি তুমি তো ফাইয়ু
/kaggle/input/regspeech12/test/test_kishoreganj_0108.wav,খায় এভাবে এভাবেই শক্তি থেকে প্রাণে প্রবাহিত হয় বাস্তব সংস্থা নুদভীদ থেকে প্রাণী সবটির প্রবাহের এই দারাবাহিক পরে
/kaggle/input/regspeech12/test/test_chittagong_0017.wav,আইচ্ছা তার খবর বাড়তি নাই গা ওইডা আলারা অবস্থা অইলে তার কী গরমের জুল অই খতক্ষণ আবার ফুয়াই আবার গাম ইর অডিকদিনের ফাঁচ বছর গুছল অইলে না অডি হুম না তারা খতা ন আরও দশ বাস গরি ফান
/kaggle/input/regspeech12/test/test_kishoreganj_0111.wav,সব তারফরে ইদ ফানিরে শক্তি যা ও অন্যান্য খয় এক ঠিক খাদ্য শখ একটা খাদ্য শক্তি কি করে খাইচ্চা যে পানিতে শক্তি প্রবাহের একই যারা বাড়ি করি আই হলো খাদ্য জল সিংক খাদ্য সিংরে ফাশে কুনডা কোন টাকা দেও আমরার
/kaggle/input/regspeech12/test/test_kishoreganj_0085.wav,না হ্যাঁ এই বইতাইন না মারি নাই মারি নাই হ্যাঁ সব ফাক্কা ফাক্কা সব ফাক্কা
/kaggle/input/regspeech12/test/test_sandwip_0128.wav,তো আমার মা মানষে টুকা বিয়া করে ন আই কাগো বিয়া করছে আর কে না করেন কহন অইলে তো আর থাকে অইলে কইলে দেখা আইচ্ছা খাই কেনো এন্নে অবো না মনে অয় বিয়াল্লাই সুযুগ লে মানে ইয়া কইরবা
/kaggle/input/regspeech12/test/test_sylhet_0359.wav,যে আমি আমার বাচ্চা আছে আমার হাসবেন্ড আছে আমার একটা ফ্যামিলি আছে ই এইচ এ হেভেন এই হেভেন তাকে সেন্টার করিয়া আমার পেশা থাকতো অখন আমার পেশার লাগি যদি এইদিকে কেউ হয় আমি অনেক সিনিয়ররা তো দেখছি যেহেতু
/kaggle/input/regspeech12/test/test_narsingdi_0010.wav,ওরে তো আরো হাই লেভেলে সেজন্যেই তো তারারে এক্সপেন খেলতে গেলে সমস্যা হইয়ে যায় ঠিক আছে তবে তবে ইদানিং গলে ভালোই উন্নতি অইবো
/kaggle/input/regspeech12/test/test_habiganj_0102.wav,আর ফিলিন টামি মুটামুটি আগে জীব বিজ্ঞানের সাথে কিছুডা মিলে তারফর ইগুলা সহজ লাগে এখন খরতে খরতে আর বিবির ফান্ডামেন্টালের সাবজেক্ট গুলা সহজেই লাগে আবার মাইক্রোফোন কঠিন লাগে তার মাইক্রোসর নাম গুলা কটিন লাগে ইতা কিতা আয়ে না উচ্চারণ করা যায় না
/kaggle/input/regspeech12/test/test_narail_0020.wav,ওগে জন গরু পাদারে কইয়ে গেলো এরে কইয়ে গ্যালো ওরে কলো আইচ্ছে গরু পদে চলবার লইছে বড় মামার বাপ কইছে তো সে জনের ছওয়াল ভালো অইছে বারো মাততাকোনোদিন তোর মা রে এট্টু নিয়া বুলে ওই যে বিটা যে দলেরে ফিয়া দলোর এট্টা আনিস এট্টু নিস তোগে এই দিয়া যাচ্ছি গরু পাদে হাত দিয়া গেছে
/kaggle/input/regspeech12/test/test_chittagong_0043.wav,হ এইডা কি ফার দে তুই বাইত ইতে ইতে দিবো হইয়া আঁই বাইত খান ইয়া টিয়া গরি দি অক্করে বুইজ্জি না এরকুম করি খই দে গুমাইতে তে আইছে জন কোচ খইল্লে চালা তুরার সময় ফারলে আরা
/kaggle/input/regspeech12/test/test_narail_0010.wav,নি কচ্ছে না আমি এরকম তো কোনো কথা কই নাই আমি তো এরকম কোনো কথা বলি নাই আমি এরকম টাকা পয়সার ব্যাপারে কোনো কথা বলি নাই বলি নাই আমি শুনতিছিলাম আমি শুনিছি ও কচ্ছে যে তালি তুই শোন তালি আমি চোর যাচ্ছি তালি টিশন এইডা ফাতে কথা ও কচ্ছে আমি তো চোর যাচ্ছে না কিতা কইছে রাত্রে তার পয়সা কতা কলি ক্যা কি যে
/kaggle/input/regspeech12/test/test_narsingdi_0115.wav,অ্যানিমেশন ইটারও না আমি বলার মতো সফটওয়্যার আইতো চাই না হ আমি সফটওয়্যার না আমি সফটওয়্যার ইঞ্জিনিয়ার সফটওয়্যার খইছে তোমার একটি সফটওয়্যার সুজি মাহিন না দেই টিচার কাইছছ নু বিশ না
/kaggle/input/regspeech12/test/test_rangpur_0019.wav,কী করবো একটা দাম আছে কতা ক এমনি ভালো বন্দ ক্যা যেনে গেছিলো ওইদিক বুচ্ছেন শাগ নিয়ে আইলো ন হ না
/kaggle/input/regspeech12/test/test_barishal_0038.wav,কয় বা লাগবো ইলা কয় কতগুন কতগুন আর কি ওই যে ছাছার কতাডা কয় না এক বছরের মইদ্দে দেহি যদি দে ফাগল দি নি ওরে এট্টা লাডি দেকবাওই লোক
/kaggle/input/regspeech12/test/test_sylhet_0363.wav,তেত্রিশের রেজাল্ট আরি যায় চৌত্রিশ যখন দিছি তখন আমি এই এডুকেশন ফাস্ট রেজাল কি যেহেতু আমার তেত্রিশ ওই গেছে তো কুনু আমি আর চৌত্রিশ দি নাই ওউ ওইলো গিয়া আমার টার্গেট আফনার লাইফ ফ্রটেকশন এখন তারা আইলে আফনের মানে এখন কিতা আফনে কুনু ড্রিম দেখা নি না বাবা যে আরো টাইম যাও
/kaggle/input/regspeech12/test/test_sylhet_0054.wav,ফরে আমার বাই ফরে বই না বই না তাইরে ফাইছে আমার আর আমার তাইরে বই আমি তো ক্লাস ফরে আমি ফারে বাবা আমার বাবার পাও কি না মাছ দুই আজার বিশ সালের ডিসেম্বরের বাইশ তার
/kaggle/input/regspeech12/test/test_sylhet_0516.wav,আর যদি বউ কুনতা নে নি তার টেখা খই নাই তোর মা আমারও টেখা নায় আমি শাল্লা কয় টেখা ফায় কিন্তু সারা তারা বই ওটে
/kaggle/input/regspeech12/test/test_sylhet_0724.wav,বিয়া মোটামুটি তাইলে ইদিন ই পার্মানেন্ট অই গেছে দি এইদিন বিয়া ঠিক মানে তুমার চিনি মোটামুটি ওই গেয়া তো কদুর পড়াই লিছোইন এরফরে এরফরে তো বাদে আরো খতোতা ওইবো
/kaggle/input/regspeech12/test/test_sylhet_0311.wav,কিন্তু খালকে খরা লাগবো আব্বা আম্মা খইছোইন ওকে তোমরা সমস্যা না অইলে আমরার সমস্যা নাই ফরে ই দুই বন্ধু আইছো না ফার আমরা বাড়িত আমরা বাড়িত আইয়া ওলা আমরা সবাইরে খাইছোইন তে কালকেও বিয়া
/kaggle/input/regspeech12/test/test_comilla_0013.wav,আর রুহী ভাবতাছে যে আকাশে তো মানে সূর্য ইটা রইছে রোদরো এতো রোদের মধ্যে তো কেউ তাকায় থাকতে পারে না ওইটা ভাই বাও দৌড়ায়া কাছে গেছে যাওয়ার পরে দেখে যে ও চোখ মানে চোখ দেখে যে ও তো আর বুঝতে পারতাছে না চোখ উল্টা থাকলে যেরকুম আমার চায় না সূর্য গরার একদিন চোখটা ওইভাবে আছে
/kaggle/input/regspeech12/test/test_sylhet_0165.wav,অয় আসলে নিজস্ব করে পত্তেক দিন কি করা লাগতো হুম ফরতেক দিনে সময় সব সময় ডরডর তাকতা না নি আমি ইগু বাইচ্চা খাইচ্চা তো বা আরো খরছি না তাতো তাখে সময় আফনার ভাই বড় খতো বড় আছলা খারাপ আছলা নিবে
/kaggle/input/regspeech12/test/test_habiganj_0044.wav,বাল্লাগে না তুমার এমন কুনু খাজ আছেনি দরো ফুন বাদে ফুন বাদে অন্য কুনু খাজের মদে বাবা মা বাতা দিছে বা বাই গুনে বাদা দেয় আর ইসময় বাদে দিলে বা কেমন লাগে বা কিতা খরো
/kaggle/input/regspeech12/test/test_narail_0168.wav,ও জালায় খা যাবে হবে টাহা দিয়ে আর না সো টাকার মত দেহা আইয়ে না দ্যাহালি আর করা যাবে কি জিতছি না যায় ওই আমারে কোচ্ছে চাচা কচ্ছে তাকান চাচা আছে আছে করো দিন অবে না পুনারো দিন কোনো কাচা দে যায় না
/kaggle/input/regspeech12/test/test_chittagong_0056.wav,গরম না খতা না ডি ক দি খাম গরতে ফারছে বেশি মাছ দা দা খালা অইয়া যারগি এনে গরম ফড়ার দিছি আনি খাতি ইটা এডে আঁরারে শালা অইয়া যাইগি অ তুর মা খতা দিলে কেন বই এনে হঁচাই কী তোর
/kaggle/input/regspeech12/test/test_sylhet_0202.wav,তো মানে প্রাইমারি ইস্কুল ফাশ খরিলিলে ফড়ার খতা খইতাম না প্রাইমারি ইস্কুল তা খরি খরি যখন ফাশ খরি লিছি তখন আর আম্মার ফড়ার কতা খওয়া লাগে না তখন আমি নিজো দুরাই আর বিশেষ খরিয়া যেকুনু দান রইদো দিতো গো দান রইদো দিলে
/kaggle/input/regspeech12/test/test_narsingdi_0103.wav,আল্লা হ একবার এনো বা হুম আর লুদা আমরা শিখছস তে কি কি রান তার আমি হুম গরম পানি খরতে হরি আর
/kaggle/input/regspeech12/test/test_sylhet_0293.wav,ওলা অবস্থা আমি আইছি আবার সিলেট আওয়ার ফরে মনে অয় আমার শ্বশুর শ্বাশুড়ি আমার হাজব্যান্ড রে খইছে তখন যে তে তারে তো আমরা কিচ্চু দিছি না তারে কিচ্চু এখটা দিও তে তাইন আমারে ফোন দিছোইন আমার ফোন দিয়া খইলা যে তুমি তোমার একজন ফ্রেন্ড লইয়া
/kaggle/input/regspeech12/test/test_sylhet_0193.wav,আর অইলো বাড়িত থাকি খাফড় ছুফড় গরো আনিয়া গুছাইয়া রাখা মুরুগ গুরু বড়ো আইলে ইতা জাপানি ওউ ওউ যতো খাজগুলা ছিলাম তো ওতো খরিয়া ফরে যা ফানি বলতে মনো ওয় ওয় মুরুগ খাছার বিত্রে জায়গা দিয়া রাখা
/kaggle/input/regspeech12/test/test_habiganj_0070.wav,গা ফার না আর ওই যে অহন আমি কি আর ধার অন আমি গিয়া ফার অইয়া একটু অইছে যে একটা বাসার মতো কি বেশি বড় না না তিন তালা সিজার আরকি যে তিন তালা
/kaggle/input/regspeech12/test/test_kishoreganj_0182.wav,কি ফরে এই অইলো তো অইলো অইলো এলো অতো অলো ওয়াই অলো এলো এ অলো এলো অত দে পুষ্টি শ্বশুর এর জন্য কুনডি পয়জন না
/kaggle/input/regspeech12/test/test_barishal_0037.wav,চা ডাম না আমনে জানেন না ও মোরে পিশার চাটা সরল যা না এট্টু বেশি অতো চালা হনে না এর মইদ্দে কি করছে চালা কতাডা হনে না হ চালাক লগে চালা খাইলে তবে বাদাম ইসে জাল চড়ার জমা এই এর মদ্যে করছে কি মানে এই চারাডা খেয়াল কইরবেন যদি আমার দোষ কইয়েন বলে তোর দোষ ও মোরে হঠাৎ কইরে তা কি
/kaggle/input/regspeech12/test/test_chittagong_0127.wav,সময়ডা হয় ডা গম কেডা তো আইচ্ছা ইয়া শালা সাড়ে পাঁচটা বাজারে আইছে কি সারা সাবাদ লামি তারপর সেশন গাছে তোরা আঁরা দি দলে গেলে আমি গেছি ফাল্লা মহানগর পরে
/kaggle/input/regspeech12/test/test_tangail_0104.wav,সো আমি আবারো মানে নাম গুলা উল্লেখ করতাছি প্রথমে প্রথমডা অইছে বইন রেডি তারপরে অইছে সেরেরিপিটি তারপরে হইছে লাইফ অফ পাই তারপর অইছে অক্টোবার তারপরে হইছে সাবার
/kaggle/input/regspeech12/test/test_rangpur_0005.wav,ও হাঁসের দাম বলে ঢাকাত একটা করি না আছে ঘাসের দাম কম হুট করি বাড়ি গেল জানো দাম ম্যাডাম ডাকে যায় আয় আয় আর যেমন কইরে হাট নিয়া যাইবে না কি
/kaggle/input/regspeech12/test/test_rangpur_0073.wav,হ্যা পরে দিকি দে তে কি কি না রে আছে আছে একবারে এক মণ করি আনছিল আগ মেয়ে করি আনি যে এখনা হইলো ছয়টা বার করা যায় না ওই না তো আগের ছয়টা ফরে পাসটা এই যে শাগ যে বাছিল শাগ দেও পাতা কতকোনা ডাটাগুলে দ্যাহো কতগুলা
/kaggle/input/regspeech12/test/test_sylhet_0343.wav,ওতা দৌড়িয়া সখালে এক ফরিক্কা বিকালে এক ফরীক্কা ওলা করিয়া রিটেন ফরিক্কা দিছি দিয়া যাই ওক রিটেনে রেজাল্ট আলহামদুলিল্লাহ কজিটিব আইছে যখন রিটেনে রেজাল্ট পজিটিভ আইছে তখন তো বাইবা দেওয়াত যাইতাম
/kaggle/input/regspeech12/test/test_sylhet_0749.wav,চল্লিশ দিন কল দে যদি না ছোটটা খরোইন না যদি আমরা চল্লিশ যদি বইস মাসের ভাগ বইস মাসের বা ফরিলে তো চাইর মাস তাইন চল্লিশ দিন এখ মাস চল্লিশ দিন বাদে বউত নিয়ম
/kaggle/input/regspeech12/test/test_narail_0135.wav,কোনোদিন পারবে না না আমার চা আমার অবশ্য না খুব খারাপ সেটা খুব খারাপ তো আমার মা যে যাওয়ার আমার মা কইছে কি পাসপোর্ট কইরে আমার মা রে ইন্ডিয়া থুয়ে যাতে
/kaggle/input/regspeech12/test/test_sylhet_0390.wav,সব তুমার করতে ভালো লাগে হ হ খাইছো নি তে আজকে ফাইছো না না খাইলি যে তুমি ইখানে স্থানীয় না তাই যে স্থানীয় না এখানে ভাড়া কালা থাকি টানে আর আমরা থাকি ওই ভালা খা
/kaggle/input/regspeech12/test/test_sylhet_0645.wav,হুম আর মায় মায় আমি মা ওক চাকরি খরোইন নাই আমার মায় কি বেশি কিতা খরো সারাদিন তোমরা কিতা খেলা দুলা খরো কিলান সময় যায় ওটা লেখা অইলো লেখা ফড়া খরে না
/kaggle/input/regspeech12/test/test_narail_0028.wav,এনি করতে মিটিং মনে ওইটুক বাবার সম্পত্তি তো নিজস্ব টাকা হতা না ইকানো এইডে আমি শুনা নাই তো দে না ওই জাগা আচ্ছা এই ইসে ওই যে হাল কলি আসাদ মিয়ার কোনো জমি খায় নাকি
/kaggle/input/regspeech12/test/test_kishoreganj_0019.wav,খাওয়া যারা এক্কানা কুইট্টা বাড়ি বাড়ি ইয়া দিছি না ইয়া রাস্তা সুবিদা না এই যে কুন বন আরেকদিন আম হ্যা জিলা যায় বিলাই দে আটটা বা এইযে এই বাত বিলাই দে আইট্টা যা না এক কাম জিলা গেছলাম দি হাবা
/kaggle/input/regspeech12/test/test_sylhet_0488.wav,আমার তো বাড়ির মানুষে আমার খাজ দিন আমার বাই লন্ডন তাকি আইছোইন তাই হয়া গেছোইন লগে সব তারা টেনশন খরা দে সব নিয়া তো সময় লাগে নি ই নিছেন এগারোটার সময় এগারোটা বারোটা এখটা দুইটা তিনটা বাজি যায় এখন আমার পেশার বা খরিয়া দেই না কিতা বিষয় আসে ফরে আসলা তারার বাড়ি জোর খরিয়া মাইর ফিট মানে ওগো মানে যেন ম্যাডামে কি তার মানে দুইটা গেট বুঝছো এরফরে বিত্রে আবার ফরে মানে ম্যাডাম অনো বিত্রে না আর ইন্না যে ফরের বাবা ইনোর বিতরে আমার লিগ
/kaggle/input/regspeech12/test/test_sylhet_0548.wav,ইউটিউবো একটা ভিডিও দেখছি যে রমজান রমজানো ওইলো মাস্টার্সের ফরিক্কা মানে আস্তে যে এখটা গ্যাপ দিলাইছে কাইতাছে আবার রমজানো ওইলে পড়া তো খরছিলে যাওয়াও একটা খষ্ট তো এখন আমার হলো আছো
/kaggle/input/regspeech12/test/test_sandwip_0043.wav,বরসা ছার জান দিছিলো হিয়ানে বসা ছাড়া তো আর আনাইছে আছে বাবা গো আঁই আগে বাইত গাইছে আছি নি অনেক ছেরি নি কুনু রান্দা হেগিনেল্লাই বলি আগে বাইত গেছি
/kaggle/input/regspeech12/test/test_sylhet_0678.wav,না এডাও তাই তো তুমি অনেক বালা মানে ফটো আর কি খুব আফনারা মায়েরা শিক্ষিত ওইলে আসে বার্তার আগে যে সুন্দর কিতা দেওয়া যায় আর কিলা আফনার মানে সময় দিন কিলা যায় সারাদিন কিতা কিতা খরোইন তো বা কি জানতো লাগি যা জব টব তো অখনো খাইছি না মানে ইয়ো খরছিলাম চেষ্টা খরছি ইতা বট ওইরাম না
/kaggle/input/regspeech12/test/test_rangpur_0033.wav,গাইবান্দার ওই ওইটায় গাইবান্দার ওতি আমি খাই নাই কোনোদিন মুই আমার হইলো আল্লাহ ওই হরিপুরের ওডা খায় যায়া আমার ওতি যাওয়ার রুচিই মরি গেইছে ওই ফতেয়ার দেওয়ার আর কি লাব মঞ্জুর নের বাড়ির তরকারি হামরা আগে থাকি খাবার পাইনে ত্যাল দেয় নাই
/kaggle/input/regspeech12/test/test_sylhet_0332.wav,অখন যে কাজ গুলা ফ্যামিলিত খররায় ই কাজ গুলা খরার লাগি আরেকজন মানুষ লাখ তো তারও তো বেতন দেওয়া লাগবো তোমার হি টেখা দিয়া তো ই বেতন ওইতো না ছুটোখাটো চাকরি করিয়া তুমি কাজের বুয়ার বেতনও কিতা ফারতায় না তে না তুমি চাকরি সামলাইতে ফারবায় না তুমি বুয়া সামলাইতে ফারবায় তার চেয়ে
/kaggle/input/regspeech12/test/test_sylhet_0641.wav,বই না খইলাও ইতা যাও গা ও দিয়া বই নি না কিতা গান তো মানে এখন সরল বিশেস নি কে খরলে করলে ওইবোনি তারা অগু ফিটা ছলে আর না
/kaggle/input/regspeech12/test/test_chittagong_0131.wav,খারাপ ওইডা বি ও দর ন হাই ন যাই দো এরম না না ভাই বড় বিতর দা খালি বড় বেশি মাছ দিয়ে হ্যাঁ মা সময় আইয়েরে সহালে সাতটা বাজে ফালে গিয়া ইগু
/kaggle/input/regspeech12/test/test_narsingdi_0087.wav,টে সবতা খানি দিতো না আন্নে আরে গুন অনেক সবতারে আমার এই ফাতা ফিরা খালি যিবা ছইল্লা যায় ইতে দিন মনে অয় বৃষ্টি অইবো যেই গরম করতাছে আল্লা দিন কি আল্লা বৃষ্টি অইলে আমি বৃষ্টির লাইজ্ঞা চাইয়া জাগা নগর নামাজ ফরি
/kaggle/input/regspeech12/test/test_sylhet_0196.wav,বাকি আমরা ছুটো ফাচজন আছলাম ফড়াত ফাচজনের মাঝে সিরিয়াল আমি আছলাম ছাইর নাম্বার আমার ছুটো আরোখটা বাই আছি তো আমরার আসলে কুনু টিচার লাগতো না আব্বায় ফড়াইতা আমার আম্মা ইস্কুলো ইস্কুলো গেছোইন না আব্বায়
/kaggle/input/regspeech12/test/test_noakhali_0013.wav,আছে আমি চাইরও না স্যারের ব্যঙ্গাদিতাম
/kaggle/input/regspeech12/test/test_narsingdi_0006.wav,আরে বাংলাদেশ লো বেটা ধনী দি পড়া এক পাপ কম ডা দেখ অগো ফানি না কিন্তু নয়শো কুটি টাকা আছে এই এত্ত টাকা দিয়া কি করবো কিছু টাকা পয়সা খরচ কলে তো ভালো
/kaggle/input/regspeech12/test/test_barishal_0070.wav,মাতার দারে থুইবে এক দের দে এই পোলায় পুরো মুদি হইয়া দানা খায় কাগো লগে খায় হ্যাগো সবতিকআছে হারা যতো খায় এমনে দেন না পারলে কিছু মাঝে না পারলে কিছু দেই না বাজে দেই না কিয়া দেওয়া না বাজে কি যদি আপনে দ্যান বউ হইয়া যাইয়া থাক জ্বালা আছে চাইয়ে না চাইয়া থাকতে হইবে দেইক্কা খাওয়াইতে অইবে
/kaggle/input/regspeech12/test/test_sylhet_0420.wav,আমি তাখি লাগে ইয়ান মাস ফরছে আল্লা কিছু খরছি কিন্তু হঠাৎ খরি এখজন ডাক্তার না তাকি মানে আমার খাজ খইন তারার ফরিচিত তো তাইনোর লগে যোগাযোগ খরছোইন তাইন খইছোইন ঢাখা তুমি মখবাজার লইয়া তাইন না এখটা চাম্পা আছে ম্যাডাম লইয়া তাই লইয়া ফরে তাইন যে খুশি মনো খরছো যে খোন বালা ওই যায়
/kaggle/input/regspeech12/test/test_sylhet_0605.wav,হলি ম্যাডাম আছলা হে দি ম্যাডাম লাভলি ম্যাডাম ম্যাডাম নি মানা যে ম্যাডামোর মেয়ের একটা গটনা নিয়া হয় আবার মেয়ে ঠিকটাক অই গেছে খাটা অতো সারা ম্যাডামের সাতে তো অনেক কিছু কি তাইনে মেয়েরে নিয়ে মেইনলি বিয়া দিছলা ফরে অনেক কাহিনী খরলো
/kaggle/input/regspeech12/test/test_narsingdi_0113.wav,মতো হইয়ে গেছে হু হু তো সব কিতা প্রফেশনাল কি কে পক সিঙ্গার অইতেছে এই গরু
/kaggle/input/regspeech12/test/test_sylhet_0430.wav,এখন কি এখটু রই গেছে মানে এর ফরে বালা খরছেন ওখান খও একটু জনে বালা খরছোইন এ তো অনেক খুশি ওইছে আমি এরফরে ফরা রাস্তা জিকেডা ডাল লাগাইছেন ওগু আটকি গেছে ইগু বারো না মানে ইগু আনতে ফারে নায়
/kaggle/input/regspeech12/test/test_comilla_0022.wav,কীভাবে হইলো এটা অবস্থা করতাছি না আর ওই যে মেয়েটা মারা গেছে ওই মেয়েটা হইছে মানে আমার বাবা মাইয়ের ছোট সন্তান অনেক আদরের একটা ভাই হচ্ছে ইঞ্জিনিয়ার আরেকটা বন হচ্ছে ইয়াতে পরে কলেজে পরে আর মার সাথে মেয়েটা থাকে
/kaggle/input/regspeech12/test/test_narsingdi_0097.wav,তো তুমি লেনদেন নাম দে হ ও ন দে তোঁয়ার দেখি যে এডে কি সুন্দর ঈদের দিন মাই কি রানবো কি সে মানুস মানে রুলসটা ইয়া অয়া যাগা
/kaggle/input/regspeech12/test/test_habiganj_0113.wav,এমনে ক্লাস টিম তো অয় ক্লাস অইলো বাট ক্লাসে এতো একটা ফোলা ফাইন গুরুত্ব দে না এরা বিশেষ খইরা স্যার গো খরছে বা কোচিং টোচিং ফরে সব অনুযায়ী এরা গুরুত্ব দে সব কয়ালা যা আছে সব গান শেষ খরি খয় লেখা
/kaggle/input/regspeech12/test/test_narsingdi_0045.wav,মুলা ফাইন কালকে ফলিংস্টার্ অইছি অহন এইডা কি ফয়লিংসচা না কি অই যে ইয়া আতর বাজি মানে নাই মনে তো বুঝতাছি না ওই যে বাসায় কতা যে মাতৃবাষা নিজের এক সেন্টটা কথা বলতে আমি নিজে এরফরের কতা অই
/kaggle/input/regspeech12/test/test_sylhet_0679.wav,আছি আর বর্তমানে বাইচ্চা না তর তো আমি শুক্র স্কুলো বর্তি খরা আছিন না সন্দে ফরে আমি তাইরে কন্টাক্টর আরকি শিকানি লাগে তো ক্লাস থ্রির মানে আমি কি অইছে না তারফরেও সংসার যায় তারার ফড়া লেখা আপনে খয়
/kaggle/input/regspeech12/test/test_tangail_0119.wav,তারপর বিদ্যা সি না মেম তাহসান সবাই যার যার পক্ষ তিকা একেকটা কাপড় কিনতে পড়া কাপড় এবং অনেক লাখ টাকা করে তে এক লাখ টাকা কইরে দিতাছে ইটা খুবই ভালো উতো মানে সবার কন্ট্রিবিউশন দেখা যাইতেছে ব্যাবসায়ীরা আবার নতুন কইরা দাঁড়াইতে পার জানামো বিদ্নাসিামিমের
/kaggle/input/regspeech12/test/test_chittagong_0164.wav,এহন নিয়ে ন আঁর আম্মুর যাবো না কি না না তা খরি ওই দে এরি ছাইন্না আঁরা আমরা বুঝরাম ফরি গম গরি আরে আঁরা আমরা তো তোর হালা কালা খতা হইছ না সোহেল লা খতা খই নি তুই খতা হবে মাঝখান অরদে কছনা গিয়্যে
/kaggle/input/regspeech12/test/test_sylhet_0729.wav,আশে পাশে স্বজন মারা যায় খালি যার আর বিয়া ওইবো এরা মনে মিলে এর বাদে তুমার গাটি নান একটা বছর তো তো যে নানি খই বাদে গাটি নানি গাটি নান বাদে আমরার গাটি না দিন তাই বুচ্ছেন বিয়া ইসময় মানে
/kaggle/input/regspeech12/test/test_rangpur_0116.wav,মনে কর কালাই না থাকলে এহন ডাইল এহনা দেয় শাগ দেয় যখন যেটা লাগে বুজছিস যখন যা লাগে তখনে তা দিছিল
/kaggle/input/regspeech12/test/test_sylhet_0191.wav,তো এইটুকু খাওয়া আবার সন্ধ্যার আগে বাবলে খইতাম বা আমি হুতা লাগছে দেখা যাইতো রান্দার আগেও আমরারে কি চেষ্টা বানায় দিতাম দিয়া তেল দিয়া মজা গিয়া ইলাখান জান দিয়া কিতা ইচ্ছা খইলা সিলেটি ভাষা দিক্কা ইটা খাইতাম খাইয়া গিয়া ফড়াত বইতাম
/kaggle/input/regspeech12/test/test_sylhet_0702.wav,ঘরোর কাছে খরার ওইটা ইটা ইটা বেকার কিলা ইটা তো অনেক আচ্ছা এহন খইন আফনারা খয় ভাবো বাইত্তা টাচ্চা আছেনি আফনার বা না
/kaggle/input/regspeech12/test/test_sylhet_0364.wav,বাচ্চাডারে লইয়া আসলে আমার ড্রিম বলতে আমরা যেভাবে স্ট্রাগল খরিয়া আইছি আমরার বাচ্চারা তো বেশি ওলা স্ট্রাগল খরতো নায়
/kaggle/input/regspeech12/test/test_sylhet_0224.wav,ওইতো ওইমু ইটা তো আর আমরার জন্মগত ফ্যারা ইটা তো আর পাইবো ও আমি ফড়া শুরু খরছি যে ইস্কুলো ফড়তাম ইটা তে কি বালা রেজাল্ট খরিয়া বাইর অইছিলো ওলা উদাহরন নাই আমার বাইয়ের ফড়তা বালা ইস্কুলো কিন্তু আমার স্কুলটা তো বালা আছি মামি না ইতা আরকি কুনুরখম কুনু সুরত ফড়া
/kaggle/input/regspeech12/test/test_sylhet_0146.wav,সারাদিন কিতা কিতা খরোইন আমরারে খইন আমি আইলাম সারাদিন মা কি বাবা খরতাম ওই সময় কিতা কিতা খরোইন আরকি আমার হিতা আফনেরার মানে জীবন লইয়া ওতো বেশি জানা দরকার আমরা ছাত্র ছাত্রীরা কিতা খরে ওতা তো আমরা এমনেই জানি আফনেরা কিতা খরোইন যেমনে দিন যায় ও আফনেরার জমানা সাতে আমরার জামান কিতা কিতা ফার্তক্য একটু কইন
/kaggle/input/regspeech12/test/test_narail_0075.wav,আমার তো উনারে চোখ বলে খাইলা এই যে সব টাও না মাতে আমার খাম ব্যাকে কেসের দিন আছে এই কয়টা দিন বেশি টাহা নিয়ে আমার খামার সাথে আমি দিছে টাগুন কেটা সবাই তো অনেক ছেলে দামা ওইছে
/kaggle/input/regspeech12/test/test_habiganj_0061.wav,সুলো দইরা বইয়া তাখে যদি কুছতা কুছতা খই তাখা দেয় তো ছুলা দইরা লই টিয়া তাখে এমন অবস্থা এমন ফরে শাসন কিতা খরতায় এরা ওই দেখা যায় বড় এরারে একটা খতা খইয়া ইয়ো খরোইন যায় না এরারে ফড়াত বুয়েটে নিয়া গেলে ফরে ক মানে আর ফড়াত বইলে তো আমি শেষ আমার তো তো ফিডা খাইতে আইতে শেষ ফড়াত বইলে আবার মা তাখে খাছে আমারে আবার ও তো আমার উফ্রে আত ত তুলে না কিন্তু এম্নে ডঙ্গের এমনে যেসময় আমরা ডং ডাং করি যদি
/kaggle/input/regspeech12/test/test_sylhet_0638.wav,বালা খালি তুমি মনে আম কিতা তুমরা দুই বোইন না তো ওই কিতা খরো তুমি ফড়া লেখা খরোনি
/kaggle/input/regspeech12/test/test_narail_0056.wav,শিশির দারে নাকি কার দারে নুটিশ আইছেলো আমাগে আমাগে নামে এই শিশির আমাগে ম্যালাদিন পরে দেছেলো ওর ভিতরে ওরা দলিল কইরে নেছে আমাগে যে বাদায় রাহিছেলো না জমির কথা কইয়ে কে ভিটা টুক আমাগে দেবে ওই ভিটা ওগে নামে দলিল লস ছেলো না এই জন্যি মেলা যেই রেকর্ড হইয়ে গেছে সে আমাগে দেছে
/kaggle/input/regspeech12/test/test_rangpur_0092.wav,ও তাইলে খাওয়া দাওয়া মানুষে করায় ভালোভাবে হ হুম খাওয়া দাওয়া করায় তো কাইল কার বাড়িত খাইচেন কাইল ফুলু চাচার বাড়িত ও তার আগের দিন হানিপের বাড়িত
/kaggle/input/regspeech12/test/test_sandwip_0079.wav,ইয়ান কম আইচ্ছা আমরা কিন্তু হ ক না ওই যে লাগের দেখলে কন ক হ্যাঁ হদিন উগগা দেখছি আরকি যা কামা কার দেওনা
/kaggle/input/regspeech12/test/test_sylhet_0142.wav,না ছেলে যাতি মারা না খালার পরিবার নিয়া দিয়া গুনি তর লগে যাতি ছাদো পরিবার নিয়া
/kaggle/input/regspeech12/test/test_chittagong_0116.wav,বল বেলা অইছি আবার বিকালে অইছি এটি তো পার্লার মোবাইল টুবাইল আছে ন দেয় দে ইতারা ন না না ন দিবু নদী ফুড়ায় ফরা দিবো যে ইন্টারের ফরে খইয়্যেদে এডে কেউ ন ওইরে তুই লাল বুঝা ফার আছে
/kaggle/input/regspeech12/test/test_sandwip_0069.wav,আঁর মতন হেই যে উনি অনকা হেরা মাইজ্জা দুগগারে ক আই বাদ দুগা খাই যার চাই ফরি আছে না মনে কোন জন হইলে ইস্কুল হেডে নিয়া অইছে য হইলা হইলে ভাবি আঁই ছা
/kaggle/input/regspeech12/test/test_sylhet_0661.wav,হইলো তে ও আমরা করো আরেকবার নি তায় হয় আমার
/kaggle/input/regspeech12/test/test_noakhali_0002.wav,বাপ বা টমেটু ওটি সিজন নৌকা তো আমার তো দাম কমে না কিল্লাই এনি কাইল আংগো হরা মুনি নেওগগা হারায় গেইয়ে বিএনপি আর কি হবে তো দাম দিছি আমার এই যে ইন্টার এডা দাম কমে না আছি
/kaggle/input/regspeech12/test/test_chittagong_0090.wav,ইতা আর ওই যাই এরে কম্পিউটারের ইন্ডিয়া আদায় উইন্দি আদর এহন মদি কারেন লই থাকে কারেন্ট লই থাকে তাইলে না ফারি আওয়ার ইচ্ছা তো অনার্স সেকেন্ড মেইট ন আইয়্যে না মানে
/kaggle/input/regspeech12/test/test_sylhet_0214.wav,তো তার নাম দেখি ইসময় আমি তো খালি একটা কি নাইনো উঠছি তো আমার মনে মনে টার্গেট যে আমার তো এখ সময় ওলা নাম উটবো ইতার মাঝে ইলা চ্যাক করতে চ্যাক খরতে এখটা গিয়া আমি আমার জিনিস মানে ব্রেইনোর মাঝে খুব হ্যামার্ডিং দিলো ওটা ওইলো গিয়া
/kaggle/input/regspeech12/test/test_chittagong_0109.wav,আঁই সুন্দর আছে ছুডু ল বা আইও সুন্দর শুনা গরস কি আঁর খতা বাত্তা গা খালাম তা তো খইরা ভালা ফোয়া ছা ফাইলে দিতো তহন আর খতা খই যে নাই নাইম আছে দে আঁরা আইডি পাতার আছিল
/kaggle/input/regspeech12/test/test_sylhet_0024.wav,তারফরে আমরা খাম অঞ্জলি দেওয়া ওইলো মার কাছে দিলাম দিয়া গিয়া আমরা সাদ নায় শাড়ি আশেপাশে ইগুলা দেওয়া আরকি ইগুলো খাওয়ার ফরে দুপুরে বাত খাওয়ার টাইম ওইলো তখন কিছু খাওয়া না ইদিকে মন্দিরি আমরা খাই
/kaggle/input/regspeech12/test/test_narail_0127.wav,মানে ব্যাক বল দিছে এক মানে থাহে বড় থাহে বাড়ি থাহে বলে বেশিরভাগ সময় তা কচ্ছে ও থাকে না থাকার মতো একদিন ফোন দেছেলো তা অনেক কচ্ছে তুমাকে আমি অনেক মিস করতিছি এহন কচ্ছে ও দুই ভাই চইলে যা দুই ভাই যাবো ক্যা
/kaggle/input/regspeech12/test/test_sylhet_0379.wav,ফরে আমার জালেরারে কিন্তু আমি সম্পূর্ণ দিয়ে দিয়ে তে তারার মাঝে কুনু ধরনের অতিতি বা না পাওয়ার ইতিহাস থাখে না মানে আমার শ্বশুর শ্বাশুড়ি দিবে তারা যে ছেলে মেয়েরে ফড়াইছি ইখানো তারার লাগি বেশি
/kaggle/input/regspeech12/test/test_sandwip_0055.wav,হ তো আছো বারো শান্তি না এমনে বারো মাস শাদি এলা টেনশন বেশি করে ইয়োত তো নো হোলা নি ধান দে রান্দা ন থাকমুনে সংসার টংসার লয় টেনশন
/kaggle/input/regspeech12/test/test_sylhet_0016.wav,তারফরে নিয়ে খুজা শেষ হওয়ার পরের দিন যকন যদি দেওয়া ওইলো না রাত্রে তারা সবাই আনন্দ পর্যন্ত ফড়লো করার ফরে ফরের দিন মার্ক আছে আবার আমরা ইয়ো খরা ইটা কী করা ওয় যে কি মেয়ে
/kaggle/input/regspeech12/test/test_chittagong_0041.wav,ওডে ফুলি না আরি বেলা তো মনে অয় ইতার যার খাইতারে আঁই ফেস্টিভ্যাল আইতে ইদ দি ওয়া ইচ্ছে তোর জামাই টামাই ভালা আছে না আগে আঁর জামাই খতা খাওয়া দেয় না আঁই বিয়া গইরজে ন আইজু ইবের জামাই মানি লর না রে এডে খইতারি নি
/kaggle/input/regspeech12/test/test_chittagong_0003.wav,আঁর সাজিদে মাত দে টা তো দে ইবার তো বেয়াককুনে চিনে আছে এরা শুরু তো আবার গেয়া তে ইয়ানে উইবের কেউ ন ছিনি তো ইবার কেউ দেহি লা আর ওয়ারে দেহি যাইতে বা তো গাইল দি দি হাতে মাইনষের সালাম টালাম দিন না ফরে তো না সালাম আঁর বড় জুন উয়ার না নি কেউ চিনে না ভালা করিয়েরে আর গুরা জিকাইলো তো
/kaggle/input/regspeech12/test/test_chittagong_0108.wav,দি বউত খতা খইয়া আর কী বলে ব্যাংকার আছে বিদেশে আছে আর ওকগো বাড়িত কা বলি খালায় দে বাড়ি বলি কালা লইয়ারে দি খই ন রে অ নাকি আছে বাড়ি ঘর ইবের খতা খই
/kaggle/input/regspeech12/test/test_sylhet_0133.wav,দিছে আইচ্ছা তিন বিটিরে দিছে কি চিনছো ছাছা ওই আছে তিনজন কাম করো বাকি দুইজনে কিতা খরোইন দুইজনও আমি জিতা খরি খাম ফারিছি আর ঘর বা পরিষ্কার হরে তারাও ইতা হরে
/kaggle/input/regspeech12/test/test_barishal_0016.wav,হেইয়া যেনো সম্পর্ক করছে আপার আগে চাকরি আইছে হেই চাকরি কইরা হেই খস ডাক্তার করাইয়া ডাক্তার বানাইছি এহন আর তাইলে ভালো লাগে নাকি টা লাইগা একটা মাইয়া না বাত খাইতে এইভাবে পরে আরেক হ্যা কী করে খাই চার বা দেরি বিয়া ওইছে একটা বা খাওয়াইতে জব আগে এট্টু নুডুস দিছে খ
/kaggle/input/regspeech12/test/test_sylhet_0134.wav,আইচ্ছা মেয়েরা তো নিজে রাইন্দা খাই যারে রাইন্দা তে খইছোইন ইদের দিন কিতা খরোইন মানে এম্নে ঘরের মাঝে কিতা খয় ঘরের মাঝে এট্টু নুন গরা মারাই আর ইয়ো তোমার আইলে ফিডা মারাই আসে আমার কিচ্ছু না
/kaggle/input/regspeech12/test/test_sylhet_0615.wav,খালি চাকরি চাকরি বা নোয়াইস ওউ ছাইর ফাছ হুম খয় গো দিরাই বা রে বা আছে বাক্কা সামি না সামনে নিয়া মারি চাকরি বরা আইচ্ছা তান ছিন্নি
/kaggle/input/regspeech12/test/test_narail_0152.wav,এনরে দিছি কি ওই বলতে সিদা দিফা যাইরে দিলাম কি তুই যে নয়ন কনে
/kaggle/input/regspeech12/test/test_kishoreganj_0020.wav,ইবা মামা খাত মাসি আছে না না হ বুচ্ছে এইডি সব দিছে হ বা আমরা দে কিছে এইডা এইযে একটা খাম বাদে করছুইন না হ এ নাম্বার খেত আছে থাডাহান্দা বুজ্জুইন খাডা আন্দার আমরা অইছে ফুরান বাড়ি আর আমরা বাড়ি অইছে বয়া
/kaggle/input/regspeech12/test/test_kishoreganj_0135.wav,আগে নাম দিবা না যা ওলা কা টাল আম ওলা কাটা আম হুম ওলা কা লিডিং আসতে টু
/kaggle/input/regspeech12/test/test_narail_0132.wav,আমি দিন ঘরে একা একা ঘরের ভিতরে সেই থাকি আমার বাল্লাগে না সি থাহি মোবাইল সাপ গুমাই আর এই জাগা এই মাংস জন টোন আমার বাল্লাগে না হ ভাই ইন্ডিয়া আমার খুব ইন্ডিয়া আমার খুব আপন হইয়ে গেছে বুচ্ছিস ইন্ডিয়া আমি এক জ্বাল করিছি
/kaggle/input/regspeech12/test/test_narsingdi_0032.wav,স্বপ্ন তো সবাই আমরা দুইটা ম্যাচ জিতবো এইডা বাইবায় আছিলাম পাকেগুলা জিততে পারলে আমাদের জন্যে ক্লাস পয়েন্ট আমরা ভালো কিছু করতে পারতো ইন্ডিয়ার সাথে লিটন দাস রান আটটা না হইলে তবে একটা জিততে যায় কুনু জামা আছে
/kaggle/input/regspeech12/test/test_sylhet_0511.wav,না খাইতে তাহো আছে ন ন যে বিল্ডিং করি গুলার মানে করতাম বা সরকারি সরকারি কন টানার
/kaggle/input/regspeech12/test/test_sylhet_0470.wav,মায়া বিছি মায়া বেশি আগে তো আর ভাই তা টেখা আছিল হুম মা মনে করো বিল্ডিং সময় ফাইছোইন পাঁচশ সাতাশি লাখ টেখা ফাইছি না বুচ্ছি ফাইতো খইছে তুমার যদি বালা লাগে তোমার জামা তোরে বিজনেস ফড়াইতা নি ব্যবসা বাণিজ্যের লাগি টেখা নিতো ইয়ান এরকম তাইন খাইতা
/kaggle/input/regspeech12/test/test_sylhet_0030.wav,অনেক টাখা উঠে পর নাম খালের মদ্যে বা প্রমি বাসার মদ্যে উঠে তে ওখন ই টেখাগুলা খেয় নেয় ই টেখাগুলা ফুরোতো না অনেক আছে খরে তুই দেয় না কমিটি যে কে দেয় কি কিন্তু তারফরেও তারা মনে খরে পুরুত নেওয়ার নেয় কমিটি উটে নির্ভর খরে
/kaggle/input/regspeech12/test/test_rangpur_0054.wav,আল্লাহ আল্লাহ যে জমিন নাই হাত পায়ের উপর দিয়া এই শুকুর চালায় এইটায় আল্লাহর কাচছে লাখো শুকি লাখ শুকরিয়া
/kaggle/input/regspeech12/test/test_chittagong_0160.wav,কি যে অনেক তো গুরো কিরে টেয়া লাগে না কে লাগি লাগি ভুইল্লা ছবি ইত্তা কলেজ দি ইতা কলেজ দিবি দি আরি সিটি পইরা কলেজত দিবি আইচ্ছা তে করতো না বুঝি মন হর
/kaggle/input/regspeech12/test/test_sylhet_0553.wav,সবার লগে ফ্রেন্ড মানে ফড়ানির আগে প্রিপারেশন তে কিলা নিতো আর কেউ আলাদা তরে তরারে প্র্যাক্টিস খরাইতো না আমি তো আমি তো মাত্র তিন মাস আমি খালি স্পিক ইন্টেস্ট নিছি আর ওইলো গিয়া আইছো রিডিং আছে নানি রিডিং ওর শিট
/kaggle/input/regspeech12/test/test_chittagong_0129.wav,অ একটা দুইটা হুম মহানগর ফারলা দুইটা বলে মনের উরদি মনে হয় তাকবো বাদে হা কি সালাম ই হ রেডি একটু ফান গেয়া দে হ্যাঁ
/kaggle/input/regspeech12/test/test_tangail_0017.wav,ফানরে করে যা আফ্রিকার যারা দরিদ্র আছে অসুস্থ এইট থাকপেন তো তাদের জন্য পুরা এডা পুরা অনেক একটা হিট ফুরা হয়ে যায় সারা দেশে এবং ইন্টারন্যাশনাল
/kaggle/input/regspeech12/test/test_sylhet_0087.wav,না তাই ফড়া শুনা খরতে বালা লাগে না বারো লাইনো বরকি অইছে তাইরে জোর খরি খালি আমি ভাইয়া জোর খরি না ফরে কিচ্ছু করতে ভাল্লাগে না একটা সাব্জেক্ট গনিত ভাল্লাগে না ওরে বাবা ভাল্লাগে না মানে বুঝা তে সময় আমি যেটা লাইন আছলা তো বালা লাগে আমি বাল্লাগে না বুজো বালা বুইজে
/kaggle/input/regspeech12/test/test_kishoreganj_0117.wav,গাছ গাছ ফড়িং সাপ ব্যাং সাপ গাছ ফড়িং গাছ বেঙ গাছ গাছ ফড়িং ব্যাং সাপ কুনডা গাছ গাছ গাছ ফুড়িন গাছের এক লাক গাছ ফুড়িন গাছের একটা সুদ হরি গেছে না এডিক্কা গাছেরে এই গাছ ফুরির কা আবার এই গাছ ফুড়িঙ্গা কেলা কা বাঙ্গা হিঙ্গে
/kaggle/input/regspeech12/test/test_narail_0160.wav,এরফরে উনার অচ্ছে পাইএলসির সমস্যা তা ও মেলা পূরণ সমস্যা এরফরে আছে উনার হচ্ছে মাজা সমস্যা এগুলা অচ্ছে উনি উনি ফতিদিন কয় উপলব্ধি করে
/kaggle/input/regspeech12/test/test_chittagong_0173.wav,তাইলে তুর কালা মানি যাচ্ছে যে চুরন্দেয় আঁর খতা তুই না খইরা গেছে রান্না যাইয়ে ই আঁর বাইর খরতা বান অন বেয়াকগুন গরি তুই আঁর খতা ফিরত আঁর খরতাম কেন খই মা তো চাই নি সুযোগ বুঝিরে যাইন দে
/kaggle/input/regspeech12/test/test_narsingdi_0091.wav,দুইডা অইছে এক্কারে বড় সি কাডি আরা দুইডা অইছে ছুডো দিন যারা আর কতা নির কটা আছে ওই প্রলির মতো একটা হ হ ওইডা কয় এরে আছে যেনুই প্রলির মতো লই একটা আছে সবার মাইক আছে ইস্কুলে সাউন বছ না অইলে দুই থেইকা দিনডা আছেন না ইস্কুল মানি আছে
/kaggle/input/regspeech12/test/test_rangpur_0080.wav,হ এই নিয়ে যায় না ক্যামবা এই জানে তি যে শয়তান ঢোকে নেশার মনসা কী খই যদি খেল কই গায়ের উপর দিয়ে যাইবে বলে বই জোড়ে ক ক না বুজছিস হুম আর ওই যে কয় যে মিলি বেটি শোন
/kaggle/input/regspeech12/test/test_narsingdi_0116.wav,এডা কইলে না এডা কইলে না খালি না না না মাইদে ফেরি বদ্দ দিলে না আমার লাইফে যে রইছে আমি এইডা কোনো দিন অইতাম না কোনো দিন করতাম না আমার লাইফে ইতা না আমি আর এইডা এরারে আমার কান দেখা করতাছে না বুঝা না তো এরকম বা
/kaggle/input/regspeech12/test/test_sylhet_0089.wav,নাই তো আমার বড় বইনের বিয়া কুলা বুড়া কি কুলা আর
/kaggle/input/regspeech12/test/test_chittagong_0059.wav,কলেজের খবরটা বর কী কলেজর ভাই সেকেন্ড মেয়িটোতো আঁর নাম ন আই এহন কী যদি বুঝন ফারি তা খতা কি অবস্থা আঁই আছি
/kaggle/input/regspeech12/test/test_chittagong_0046.wav,শেখ হাসিনা হাসাদ দেহা করতে ফইরতু না অ ইয়ো ডি আম্মায় বেরাইলে অগু শেক ছিনা এই দিনে বাইরাইতাম যেতা দিয়া বইন ন ফারে তো আঁরা মারি জেলাত আর খন মিক্কে বাইরাইতাম যেতে এডে বিজ্জি না নাম লইলে
/kaggle/input/regspeech12/test/test_chittagong_0151.wav,আছো বিটা কি না অনো আছে কাডাল অবো তো দিন কান হ্যাঁ দিন কান আইচ্ছা আসি আর কইতাম কিতা তো শেয়ার কতো ক্যান কান লাগে নিজের তার নাই
/kaggle/input/regspeech12/test/test_sylhet_0231.wav,অল মোস্ট বিয়া ঠিক অই গেছে গো বিয়া যার লগে ঠিক অইছে এইন অইলা দিয়া একটা হাই ইস্কুলের হুজুর তাইলে আমরা ম্যাডামের দিবা ফরাইছি হে অনেক খইতে আছে আমরা জানি অইগলটাখই হুজুর স্যার
/kaggle/input/regspeech12/test/test_sandwip_0058.wav,ফ্যান বদ্দা খইতা নাই ফ্যানডা ফরে হুম ফরে ছারা
/kaggle/input/regspeech12/test/test_tangail_0054.wav,এই ছবি লাস্টের দিকে যে লাইনডা আছে লাইনডা মানে আমার সবচেয়ে খুব টাচ একটা লাইন যে বলা অইছে আই সাপোজ ইন দা দা হোল অফ লাইফ বিকম এক অফ রেটিং গো
/kaggle/input/regspeech12/test/test_sylhet_0413.wav,ফরে বাড়ি চলা সমস্যা বাচ্চা খাচ্চা অর না ডাক্তার দেখাইতে দেখাইতে দেখাইতে দেখাইতে যে সব ফরে বাসা লইছে আইয়া ওউ এখবারে মেইন বিলোর লগে খনো আর লইছে এরফরে আল্লায় দিলে ওইছে এখজন মেয়ে খেয়াল আল্লার হুকুম ওইছে খুশি ওইলাম এখন তাইনও মারা গেছে
/kaggle/input/regspeech12/test/test_sandwip_0029.wav,লাইন যত ইয়া অইবো সর্ব শেষ কথা একেরে যত কতা কইবো যত কিছু করি সর্ব শেষ কথা মাছ ইয়ান কইবো হিয়ান খুব ইয়া ছুডুগা অল জুল ইয়া জল ইদের বিয়ার দুই দিন হরে মনে অয় মাত্শরিল বেশি অশান্তি লাইগযে ফোন করছে যে কাইনছেযে হিয়ার হরের দিন
/kaggle/input/regspeech12/test/test_sandwip_0026.wav,তো হেতের হোলাইন আবার হড়া লেখা করছে বউত তো আছে আফার হোলাইন হরা লেখা বেশি কইত্তো না যে আছে ফর মনে খুব কষ্ট আইছলো তো আই সবসময় কইছে আই কইছি আন্নে মানে আন্নের দিক থাকি আছে আফা সব সময় খুবই সহ আইছলো হেতে কোনোদিন মানি কোনো কাম কোনো দিন হেতে ইস্কেল হোলাইন এরা হরাইতে কোনো কার ফন্য কইত্তো না হিয়া কত
/kaggle/input/regspeech12/test/test_narsingdi_0052.wav,কারণ স্বর্ণ কাডা ম্যাক্সিমাম হিন্দু হেরা দুধ জ্বালাইলোই সে দুধ ফিন্নে লাইগলে কি জন দুল্লা যাইবো না দুধ কাফ টাপর লাইগযে ফরে বারে কাফর কর রাখবো ওই দুকানে ফর্দা টর দা বা ই টাইপের কিছু থাহে না হ্যাঁ হ্যাঁ না তোর গান জন্য ফয়লা তো আগুন লাইজ্ঞা জাগা
/kaggle/input/regspeech12/test/test_habiganj_0089.wav,আর এর আগে সিলেট অবিগঞ্জ থিকা সিলেট তুই বেশিরভাগ আমরার বিভাগ সিলেট সিলেট গেছি কয়েকবার এর চেয়ে বেশি আর কুনানো গেছি না খুচা ছা বাগানো ঘুরাইছো না ছা বাগানো গেছি সিলেট গেছি তারফর আমরা হবিগঞ্জের ছাইড়া দি চা বাগান আছে ইখানে তো গুরাইছি
/kaggle/input/regspeech12/test/test_chittagong_0117.wav,ইন্টার ফরে এহন ন হইয়ো ফরিক্কার ফরে তুললে দিবু তো বুঝা বালা আছে ওই যে ইতি আরও অইলদি আঁর মোবাইলর তুন কল গরিবার লাই ফল অই যা কিছু অইলে মাঝখান যে আর বাজি ন যাইয়্যুম ইতে আয়ে তো বুঝা বুঝাই তারফরে ইতা খতা
/kaggle/input/regspeech12/test/test_barishal_0041.wav,মুই তো অহন পারি না তা সে অরে কইলাম কি গরু যদি পালো কষ্ট করতে অইবে কিন্তু ভাই হ্যারপর আমরা চলে খেলনা দিবি হেইয়া পারবি না কয় যাও করমু ও গ্যালো আর ধান যাইতে মুখে সুকু উত্তর পাড়ায় তিন চেষ্টা ছুডো কিনছে ইল্লা ঘুরোয় দেছে
/kaggle/input/regspeech12/test/test_sylhet_0300.wav,ইটা সবসময় সাতে থাখে আর বিয়ার ডেইট ওইলো গিয়া ফরে কিতা খরছি যে আমার সামনে তখন আমি ফড়া ফরীক্কার লাগি ফড়িয়ার বিসিএস ফড়তাম ওইদিকে চাকরির ফরীক্কা দিতাম দিকে বার্সিটির ও মাস্টার্সের ফরীক্কা আইয়ো ফরীক্কার লাগি ফড়তাম আমি তখন আসলে বিয়ার তিকি বেশি ফড়া মুখি
/kaggle/input/regspeech12/test/test_narsingdi_0011.wav,এডা বলতে হবে হ এডা আমিও মানি বাংলাদেশ উন্নতি করতেছে আরও উন্নতি করবে নতুন নতুন প্লেয়ার আসবে এয়েতবে আমাদের এই যে পঞ্চমন্ডব ছিলো এইরকম পাওয়া যাবো না রে আ
/kaggle/input/regspeech12/test/test_sylhet_0101.wav,আব্বা নাই না আমার বাপ মরছে আর তিন চাইর বছর অই যা মাইর তা করবাইন মা ফোস্ট খাম খরে ই পুতা স্টুডেন্ট যানি এইডা কইছে তাইরে মনে অয় ইতা ইতারাই তুই যায় না নি ওখন ইবা গোসসা খরবো খই ডা সোনার ফরে আবার যাইবো
/kaggle/input/regspeech12/test/test_sylhet_0555.wav,আর কি ধরো স্টার্ট ওইলো এরফরে তার আমি বা হুম আর কিতা সোগ বা খরার কিতা অবস্থা মাও আছে না আইতা না না তারা তো আগস্ট আইয়া গেছি
/kaggle/input/regspeech12/test/test_sylhet_0644.wav,ওটা খালি মাথা দিমা তখনে মায়া লাগে না মাতা মাতি মায়া লাগে কিলা হুম দে যে তুমার বাবা কিতা খরোইন ইয়ো মায়ে কিতা খরোইন হ ওলা খেলা যাও বাই দেখিয়া কি কি মায়া ছিলাম
/kaggle/input/regspeech12/test/test_sylhet_0348.wav,সিলেট তাকি হনো গিয়া চাকরি করতাম আমার হনো গেলে তোমার সার থাকতো না আমি এখলা এক বাচ্চা লইয়া তো আরেক যুদ্ধ ওউ যুদ্ধের সময় কাজের লইয়া টারে লইছি লগে আমার বাই আইছোইন বাড়ি তাকি একজন বাড়ি থাকছোইন কাজের মেয়ে গেছে বাচ্চা রাখিয়া
/kaggle/input/regspeech12/test/test_narsingdi_0061.wav,দু গোল্লা সুদ বলছি দা হিয়ার হোম বার্গ এইচ ডাব্লিউ হুম যিয়া খর ফোন জানি তুই ইত্তা খান গুলাছু বউছি দাইরা অবশ্যই লুদা ফরাইতা খেলা বানানো
/kaggle/input/regspeech12/test/test_kishoreganj_0011.wav,নিশাল নাগান বড়িডা এলাকা ছিনাজানা নাই ক
/kaggle/input/regspeech12/test/test_kishoreganj_0023.wav,দুই ভাই সে বাড়িডা ক লুক ক্যা কাগজ পত্র কোন লক্ক লেইক্কা সমস্যা আমার ইতা যাইতাছে গা মরি যা আছে এইডা লেখতি অইবো এর লাইজ্ঞা তো ফুরু সবার মইদ্দে আর ইউনিয়নের মইদ্যে অত বি এ নাম চাম লইয়া বাফের নাম এইযে এইযে এইযে উল্ডাফাল্ডা দেখছে এন্তে ফুন্দাফুনা
/kaggle/input/regspeech12/test/test_chittagong_0034.wav,ঠিক আছে না গাছ বেডা আঁরা বিয়া দে তারে বিয়া যাও ইতেরে খোনো মিক্কে যাইতাম হলি ইতালি বিল খোন মিক্কে যাইতো ন ফারি আম্মা ও গরে দিছে ন যাইলে আইয়েনে দি ঠিক আছে তুইল্লা গান মিক্কে লই এই সুময় নাই খালি
/kaggle/input/regspeech12/test/test_sylhet_0357.wav,তাইলে ম্যাডাম এখন খইন যে আফনে তো বালা বালা রেজাল্ট খরিয়া আইছে স্ট্যান খরছোইন তো ওই সময় কিতা আফনের মানে ইদিকে আছিলো টিচিং প্রফেশনালি নাই টিচিং টিচিং টা উলাইয়া যাছ না আমি যখন বিসিএসের সাবজেক্ট চুজ ইয়ো খরা লাগে না কেডার চুজ তো ক্যাডার চুজ আমি কুনু সময় এডমিট কেডার দেই নাই ফার্স্ট অইয়া যাবো কলো এডমিনটদেইনা
/kaggle/input/regspeech12/test/test_sylhet_0500.wav,দুইটা উঠায়া খাওয়া দাওয়া শেষ ফরে এখটু ঘুমাইলাম ছাইরটা বাজি টিয়া নামাজ মাছ ফড়লাম মাঝে এখটা টাউট খরলাম বাসার বিতরে আর মনে খাইলে এখটু বার ওইয়া গেলাম আছে তো ফরিছিত মানুষ বালা জীবন লাগে না এখটু গেলাম তারার বাসাত বাড়াও না আছে খানা আছে আমার ফরিছিত মানুষ এখটু গেলাম বইয়া ওইয়া আইলাম মাগরিবোর আগে আইলাম নামাজ মাছ ফড়িয়া বালা লাগলে এখটু টিভি জি দেখবা এখটু টিপ শেষ সময় খাটি যায় বালাও দি যায় এখন আখতা বালা না
/kaggle/input/regspeech12/test/test_kishoreganj_0191.wav,ত নি বা নি বোট নিল ত নিল তো নিলি আইছে আউ ক কি বাইছে তো নিল আমি নীল দেছে তো নিয়ম আই বানানু কইছি তো গ্রাম
/kaggle/input/regspeech12/test/test_kishoreganj_0034.wav,কইতে মা রে হ্যা হ কি ক এর লগে ভুল তো অইয়া গেলো অইলে না কইলাম তো
/kaggle/input/regspeech12/test/test_rangpur_0104.wav,ওই ইয়্যা আইসে না না কেডা ওই যে বক্কর হামার একটা মসজিদোত নামাজ পড়ে না নাহ বক্কর পড়ে না না ক্যা পড়ে না ক্যা কাহিনী কী অ্যা
/kaggle/input/regspeech12/test/test_rangpur_0050.wav,কি হয় তো হামার মতো করবে না সারা দখলে যাইবে খাবার পাবার নয় এমনি অলরেডি খারাপ হয়া যাইবে না তো তো তা না বিয়া ঢালি দিয়া যায় ঢালি থোয়ার কথা হয় নাই গো আবার কতা কয়
/kaggle/input/regspeech12/test/test_sylhet_0404.wav,খতো বছর অইছে না আমার বিয়া দশ বছর অইছে কিন্তু আমার এখটা অসুস্থ অইলে এখনো বাচ্চা মানুষের মতো ছলার ফরে কিন্তু কুনুদিন বিরক্ত আর না
/kaggle/input/regspeech12/test/test_kishoreganj_0002.wav,এইডা দে না হে ইয়া কাছে মাজার এই জুত মারা না শিয়ানা ইয়া ক আছে ভিডিও কাছে কি আই কতা না টেল
/kaggle/input/regspeech12/test/test_sylhet_0205.wav,বা আমি আল্লা তো বানা আমার ই না ফায় আসবানি লাগি দা বাবির লাগি তো ওতা খরি গরি কুনুরখম এইট নাইন ফর্যন্ত ফড়ি লিছি ইতা গাও গ্রামো তো এইটাটামানে ফুরি ইসময় অইলো বিয়ার খুজি
/kaggle/input/regspeech12/test/test_narsingdi_0025.wav,সিলেক্ট করতে পারতো বা তারা তো আগে যায় তাদের খেলা দেখতে হবে যে কোন প্লেয়ার টা ভালো খেলতাছে কার বেলুকোন জায়গায় বেশি ওইটা তো তো তো দেখতি অবে এরা তো মাঠে যায় না এরা এই ড্রেসিংরুমে বইসা থাকে মন চাইলে দেহে না হইলে না দেখে
/kaggle/input/regspeech12/test/test_narsingdi_0037.wav,তাইলে আইজকে ম্যাডাম খয় তিন না তোমরা খামু খামু ন শালা এট্টা বাড়ির ফিরা খান না বাছে দাদো মুকে আর ওতো করার খরা
/kaggle/input/regspeech12/test/test_chittagong_0105.wav,আসসালামু আলাইকুম আসলাম আলাইকুম না কেন আছো আলহামদুলিল্লা ঠিক ন আছোস আলহামদুলিল্লা কাম কি তুর আম্মু তালি বেয়াকগুন কেন আছে
/kaggle/input/regspeech12/test/test_sylhet_0221.wav,ওতো মানে ফড়ার ও নাই আমার তো বংশের মাঝে অন্যাইন্য বই লাইনের ফড়াইছে না দিলাইছে বিয়া ইতা ওউ লেবেলেই নাইন উটছে বাদ দিলাইছি আর আমারে তো যে এসএসসি টা ফাশ খরাইবা যদি ফাশ খরিলাই তা আমি ট্রাই খরমু একবার যে দেখি ফারি না
/kaggle/input/regspeech12/test/test_chittagong_0054.wav,প্ল্যান দিকি ওকে না আরও লাইবো কলা আরো তিন ছয় বছর অইয়ো আম্মায় তো আরে বয়া থাহিবু বয়াই থাহিবি দি দি খোনোমতে ম্যানেস গরিয়েরে
/kaggle/input/regspeech12/test/test_chittagong_0119.wav,না না না আর আর দুখটা চান নি হাজি না ফর সাব গরে ও নাম বা না কি গুম করতেছে তো খইছে ফাছ মাতলা তো আব্বার কোনডার গরে কি বুজ্জি না নাম্বার নাম বাবুল গর কিনারে ফাশ ঘুর অইগে
/kaggle/input/regspeech12/test/test_sandwip_0101.wav,কষ্ট কি কবে হেগুনের এম্নে কইলে এম্নে ঘুরা এম্নে কইলে এমনে মাসিরে কি জাত তো ছুডু আমরা কা
/kaggle/input/regspeech12/test/test_sylhet_0700.wav,হুম আমার মেয়ে আছে এমসি ভাঙ্গি আছে আমি আঙ্কেল আনতে আরা মাতলে হামার মারা আফনারা মানি সব দিলে এরা তো গুছাইয়া মাততে ফারতো নায় মাত তো লগ মাতে ওয় তো হঠাৎ করি তো কারণে একটু হেজিটেশনা ইচ্ছা আরকি মাততে ফারবো আমরা একটু একটু টাইম নিলিই মাততে ফারবো মনে যা
/kaggle/input/regspeech12/test/test_tangail_0125.wav,হ্যাঁ দেন ওই লোকটা ওই যে ওটা তো বাইরাল হয়া গেলো ওইরে কতো কি বুজাই পাওয়া যায় না এখন এরকম বলতেছে যে কেউ বসে কি বলছে লোকটা নাকি খুইজা পাওয়া যায় না কি লোকটায় তো বাইরাল হইয়া গেছে এখন তো সে পলাতো কি থাকার কথা
/kaggle/input/regspeech12/test/test_sylhet_0003.wav,বাট অখন দুদ দেয় না কিচ্ছু নাই উরে ফালতে ফালতে তারা আরকি অখন লন্ডন তনে ভাই এইনলা খয় বালা ইতা বান বালা লাগে না না খালা ছালা লাস্টে দি গেছি খালি ফড়ছে ই যাবো লাব
/kaggle/input/regspeech12/test/test_narsingdi_0059.wav,এম্নে অখলের আওয়াজ বুঝা যাইতো না মুহের মধ্যে দেড় মোর লইয়া কতা কইতাছছ তোমার খেফা না ছুডুবেলাত্তে আসলে খেলা দুলার প্রতি বিশাল টান ছাকি যে স্কুলেরতে আইয়া মায় তো ঘুম খারনে দান দাড়ি থাকতো
/kaggle/input/regspeech12/test/test_sylhet_0117.wav,তোরে তো বাত নয় অতো খষ্ট ফারি না তো খম খাইবো খাইতাছি টিন তা না ফরে একবার খইতাছি বাত আল্লা বুচ্ছি তে খেলতা ইনো তাইনে ছুটু থাকতে কিরখম দুষ্ট আছলাইন শতানি আছোন না শতানর আমার ভাই বড় মাইকেল আছলো এইডা সরানি খরতো
/kaggle/input/regspeech12/test/test_habiganj_0108.wav,তখন ফঞ্চাশ টান্দা ফরীক্কা লইতাছে আরকি আইচ্ছা কি কি সাবজেক্ট নয়ডা সাব্জেক্টে ফরীক্কা অইতাছে অয় কিছু সাবজেক্ট বাদ দিছে ইটা অন্তরে মানে মেইন খেত্রে ধরছে না কিন্তু কেউ সাবজেক্টটা আমরা মেইন সাইবের দে কিতা খরছি আরকি
/kaggle/input/regspeech12/test/test_kishoreganj_0064.wav,ফাইছলাম না তাই না হ বটগাছ একটা বাতে গেছলাম বাদে গা কাম আছে
/kaggle/input/regspeech12/test/test_rangpur_0012.wav,আইসলে দেয় না না ম্যাডামরা যায়া কয়দিন থাকে আইলো দি আরো না কয় না মানে তো কেমন চাকরি পাওয়া যায় না না আগে তো পাওয়া যা
/kaggle/input/regspeech12/test/test_rangpur_0021.wav,ডিম ভাজি বাইগোন ভাজি আর ভাজি হইলো ভাজা পড়া ছাড়া গ্যাস হইবে মুসুরির ডাইল ও চাইরটা আইটেম আইটেম তো ভালোয় আচে হামারে তো আইটেম নাই খালি একটা আইটেম দিয়ায় খাই হামরা
/kaggle/input/regspeech12/test/test_sandwip_0075.wav,তো কাডি খাও গা এন্নে চারকি জি বাংলা কাট দি আর অসুধ অসুধ দা বাইও বাড়ি ওই লইলে থাকে ফারি না য্যাডা ট্যাবলেট টুরা দি নামে নাই
/kaggle/input/regspeech12/test/test_noakhali_0011.wav,বাপ ব তরকারি কি নিয়া আনছি গো মা গো বেডি কতা কয় না
/kaggle/input/regspeech12/test/test_sylhet_0172.wav,ইলা তো আফনেরে পরে চাই বই আমরার সাতে মাত সময় জায়গা সেই সময়ের ঘটনা তাইলে আর বা আমরা
/kaggle/input/regspeech12/test/test_sylhet_0378.wav,তো ফরে এখটার ফড়া শেষ ওইলো তে ইটারে বিয়া শাদি দিলাম আমি যদিও তোমার স্যারের কাছ থেইকা ছোট সবচেয়ে ছোট একটা রং দিয়া আছি তো ফরে আমি আমার ছাকরি টেখা দিয়া গোল্ডেন বানাইছি কিনছি বা এখন কিচ্ছা খরলে আমি ফারি
/kaggle/input/regspeech12/test/test_sylhet_0558.wav,সাইডোর আছিল ফরে আমরা ইখানো আমার এখটা ফুক অইছলা আছে অয় ওই আরেকদিন আমরা ন তিকা আরকি আর ফাটা অরদে কি আমি খরোইন কিতা ফরে হুনছি ওনো এখটা ইয়ো খরছে
/kaggle/input/regspeech12/test/test_tangail_0010.wav,এই আর কনসার্ট যে করে এক দেশ থিকা আরেক্টদেশ বিবিন্ন দেশে এইডাই মানে গো মেইন যে খেতে এইডাই মানে যেহেতু তো বেশি কান্ট্রি ভার দিতে পারবো হিজ করতে পারবো তার খেত তো বেশি এই সময় তার ক্যারিয়ার আর লাভ দুইডা একসাথেই চলতে থাকে
/kaggle/input/regspeech12/test/test_kishoreganj_0138.wav,লেবু বাতারি লেবু জামরুল তাল কমলা কাচা কাচা পেঁপে প্যারা বাঙ্গি সবুজ জন কি বাঙ্গি কোন নয়ন দিয়া সবুজ হয় এইডি বাঙ্গি সবুজে পাকা পরে এগুলো রং হলুদ বা সোনালি হয়
/kaggle/input/regspeech12/test/test_sandwip_0071.wav,আর অনকা তো এক্কেরে মোট এবারা কোরবান নিতেন যাই ন বউত চাইছে আঁর ভাই এলিম চাইছে নিবেরলাই আঁর মা আব্বা লক্কন বন আর বিলের ফিক বেতাইল্লা গেছে যেইক্কা শান্তি অশান্তি অশান্তি
/kaggle/input/regspeech12/test/test_kishoreganj_0050.wav,বাতাস আজার বেশি না না কম বেশি ও বল কিনতো নে
/kaggle/input/regspeech12/test/test_sylhet_0753.wav,অনেক খরচ খরচ যায় গি আমরা খরোইন না হুম তারফরে মনে খরো স্বফনের কিতা ইসময় ঘরের মাইদ্যে কিতা নিয়ম টিয়ম খরোইন গরমের লগে আমরা মা মাংস খাইনি খইদি সব নষ্ট মনে অয় দশ ফর্যন্ত খাই না ইদিন আমরা বালা মন্দ সব কিছু খাম ফাবি
/kaggle/input/regspeech12/test/test_sylhet_0573.wav,বাড়িত আছোস নি বাড়িত আমরা তো কুন মাস গেছে আমরা অক্টোবর গেছলাম আমার ওউ যে আইসা তারার খাতো বাইয়া কুন মাস গেছি আমরা তো এখবার গেছিলো আর যায়গা
/kaggle/input/regspeech12/test/test_kishoreganj_0007.wav,এই ওডে নামে ও নিছে না লাগদো না তে লইয়া বা নিজে তো সুন্দর ছবি উটটু বেডা নিছে অইলে না আর এহেনতেই বা দিছে আমার সুন্দর দে না ছবি না এহন তে এত তার গাইবান্দার লাগাইছে না তবে সামনে দি নিছে না না লাগবো
/kaggle/input/regspeech12/test/test_sylhet_0654.wav,কতদিন আছে ইন্ডিয়া খতোদিন আছলা ইন্ডিয়াত কিন্তু ইন্ডিয়াত কতোদিন আছলা দিয়া রাখলাম নয় মাস নয়
/kaggle/input/regspeech12/test/test_barishal_0098.wav,হরে দা মারবে কি কাম করে না যা এই স্বামী কী করলো না ক আর অইলো মনে করেন মুই টুনি কাইড্ডা থুইয়া দিছি কইছিলা পোলা ভালো রাইত বারোটা বারোটা তরিত পিটার ওই পরে ওই এই পড়া ইবে না যদি সাড়ে একটা নয়টার মদ্দে যদি বাড়ি যাই যাই যামু সব ঘুমায় সে
/kaggle/input/regspeech12/test/test_sylhet_0199.wav,ওটা আছিল আনন্দ বিসা সব বাই বইন না সব বাই বইন বলতে পাচজন আছলাম আমরা ছুটো ফাচজন ফড়াত আছলাম তো পাচজন ফরলে ইসময় আলাদা আলাদা চেয়ার টেবিল ওতো কিছু ম্যালা খরা আব্বার ফক্কে সম্ভব আছিল না এখটা টেবিল আছিল দুইটা চেয়ার আছিল
/kaggle/input/regspeech12/test/test_sylhet_0277.wav,খাওয়া খরছো বাইর কাছে ছাওয়া লাগের না বইও আগে ওইলো গিয়া তাইন ফ্রেন্ড রাগ তাইকা ছাইয়া টাইয়া আনিয়া দিতা অখন আমি নিজে নিজে কিছু বই কিনতাম ফারি নিজের টেখা ওইছে এরফর তিকা আস্তে আস্তে টিউশনি আর এখটা বানাইছি ওরখম খরতে খরতে শেষ ফর্যন্ত আমি চাইরটা টিউশনি ফর্যন্ত ইউনিভার্সিটিত খরছি
/kaggle/input/regspeech12/test/test_sylhet_0487.wav,দেখা লাগবো দেখিয়া ফরে অপারেশন খরলে এখটু পাওয়ার মানি ফাইন ওগু দাও ফারবো
/kaggle/input/regspeech12/test/test_kishoreganj_0163.wav,এই পানি বেশি থাকা যে না পানি দে পানি পয়জন পানি যেহেতু পানি চাইলে কি বই জন পানি পয়জন মানুষের পানি বাজে মানবে ষাইট থিকা সত্তুর ভাগ পানি ষাইট টেকা সত্তর ভাগ না মা মানবে ষাইট থিকা সত্তুর ভাগ কচ্ছে পানি মানুষ নাই ষোল হলো সাতে সংগ পানি মানষে ষোল্ল
/kaggle/input/regspeech12/test/test_sylhet_0328.wav,তে তাইন শুনি শুনি তো দিলা ফরিক্কা ফিলি ফরীক্কা দিয়া তাইনও টিকই গেছি না ওর লগে ঠিকিয়া খারন অলরেডি আমার বেবি খাইছুইন প্যাট হে তো
/kaggle/input/regspeech12/test/test_narsingdi_0050.wav,এক্কারে অনেক খারাপ জিনিস আছে কিন্তু ইয়া এনে তো ফরে এক জাগাত দিন সার ত্যালের দোয়ানে লাগবে হ্যা ন করা লাগবে এনে সব দওন গাছে সে হইল বানাইলামনে বঙ্গবাজার মতি আর কোন কোন জাগা তন থাকলাম একটা স্মরণ দোকান আগুন লাগবে
/kaggle/input/regspeech12/test/test_comilla_0015.wav,আসার পরে এরফরে ওর ধুলনা থেকা যেভাবে আছে পুরা সরি নাকি একদম শক্ত অইয়া গেছে ঠান্ডা ওইয়ে গেছে ফরে ওরে ওকে ধুলা থেকাইছে না মানে পর স্যাররা আবার সাথে সাথেই ওরে হাসপাতালে নিয়া গেছে মানে কি রকম একটা অবস্থা ও মা কিন তো ওরে নিয়া আসছি ইস্কুলে নিয়া আইছে ওর মায় কিন্তু এই সময়টা ইস্কুলে বেতন দিচ্ছিলো
/kaggle/input/regspeech12/test/test_sylhet_0018.wav,ওটা দুইডা পূজা খরোইন নানি না তো ফরে সাতে বুজা তো ফারে দুর্গা বুজা কাম সবচেয়ে বড় দলো আমরা আইচ্ছা তে দূর্গা ফূজা লইয়া কিছু খইন আগে আসলে গা ফুজা তো আমরা তিন দিন মোট অইলো দুগা বুজা সি
/kaggle/input/regspeech12/test/test_sylhet_0052.wav,বড় মানি হেল্প খরোইন অখন নতুন সিস্টেম ওতো প্রাইভেট নাই প্রাইভেট না ছোট আগে ট্রেনিং দিয়া চিনচি আরকি বই কিলা ফরে কিন্তু ইলা তো ফাইম্মার ট্রেনিং দিছে না তারা ফারে আমি বুঝো না যা বুঝি মোবাইলো তো আবার মোবাইল আগে আমার ক্লাস দেখি খরিয়া ফরে দে
/kaggle/input/regspeech12/test/test_kishoreganj_0161.wav,লাল এই মানবে ষাইট টেকা সত্তর ভাগ পানি বাংলাদেশে সাহিত্যিক সত্তুর লাক পরে মাহমুদ দে সাহিত্যিক সত্তুর মানে হে ষাইট টেকা লাম ভাগ পানি মান দেহে দে সুট্টুম্ব ফানি মানে সাড়ে নি না দে ষাইট টেকা সত্রো ভাগ পানি মাইনষে শইল সাড়ে তো সত্তুর বা ফানি মানে সাড়ে না বা
/kaggle/input/regspeech12/test/test_comilla_0008.wav,মিটার নাম হচ্ছে নুসাইবা এই নুসাইবার সাথে নুসাইবা আর রুহিওরা দুইজনেই খেলা করতে করতে দুলার কাছে যায় যাওয়ার পর নুসাইবা বলতেছে তোর তো নাচের য়া সাল আছে তুই এখন খেলা দুলা করিস না তুই রিয়া সালে চলে যা আমি ইখানে দুলা দুল খাই
/kaggle/input/regspeech12/test/test_chittagong_0012.wav,খারণ চান্দুর আব্বা আগে অফিসের গেয়া গরি তারারে কি জিনিস এহন তো ইয়্যিন নানে তো দিবের দাম বাড়ি অইল দে আরি ডিমের দাম বাড়ি গেইয়্যে বিয়্যা তাইলে ন ফাইর তো আবার আছি কিয়া ফাতে অইলো যে কি আর চোর খরে দে
/kaggle/input/regspeech12/test/test_narsingdi_0034.wav,অফ ক আই ডিম খম আইসসি আইসসি মের যদি দাম কিডা খানদে বাল্লাগে না বইন বইন আইরাম আমার খেয়াল আছে আমি খাইতাম হাপলিটারডা সময় কতা আছিল নব্বই টাকা
/kaggle/input/regspeech12/test/test_rangpur_0060.wav,ষোলো তারিক ষোলো ষোলো তারিক করবেন হ এতি পোতম রমজান শুক্রবার হইলো না হ তাইলে মাজের রমজানও শুক্রবার আইসে মাজের পুতিদিন তো করতে আচি শুক্রবার তো আরে মাজের রমজানের কতা কইচে মাজের বলতে পনোরো পার হইলে হ হ ষোলো রোজা আশি টাকা হওয়ার পরে হ হ হ
/kaggle/input/regspeech12/test/test_narsingdi_0111.wav,ফরে দাদুরে ইয়া কইরা লই আইছি আইয়া দেহি শিট এ কারে মোরা এমনে গইল্লা এইডার মদ্যে লাইতাছে গরম লার মইদ্দে এই দুইডার অবস্থা দেইক্কা মোর আর অর্দেক গইলে এডা লাগা মা মোরা তো ন গুলা কাডা ফাকা অইয়া গেছে এইডা এডে কোন না ইডা তো দাদুরা হ না না বেতন মোরা আছে না
/kaggle/input/regspeech12/test/test_kishoreganj_0113.wav,গাছে কেডা কার গা হরি আবার ইন্দু গাছ খাবার ইদে ইন্দু গাছ খা আবার কাট বিয়ালে কি কা গাছ কা পাছে ফাতা খেলাত গাছ কাইটবার কা গা গাছের পাতা খা আবার গাছের পাতা খা কেলা গাছের পাতা কাছে হরি নে হরি গাছের পাতা কা হরি হরি না কেলা কা বাগের খরান না কা বা গিয়া ঠিকাছে
/kaggle/input/regspeech12/test/test_narsingdi_0118.wav,তখনে মায় মায় ফুন কইবে দেখি মুতে খাওন আমি কি ডরাইতাম হুনলে
/kaggle/input/regspeech12/test/test_rangpur_0098.wav,এহন ইপতারি তো মসচিদেতে করা হয় নাকি হুম ইপতারি কেমন হয় কী সমাচার ভালো কয় টাকার করি ইপতারি করে কতদিন পাঁচশো ছয়শ
/kaggle/input/regspeech12/test/test_habiganj_0093.wav,গুরানিত গেলে বি তুলা অন ইকটু ইদিক দিয়া ওইদিগুরাগুরি খরেনি আমার বালা লাগে
/kaggle/input/regspeech12/test/test_sylhet_0400.wav,পান খাইনমো নায় ফান খাইন না ওই আফনের বয়স তো কম লাগে ফান খাইন লাগে না বয়স কম তা মানে অসুস্থ তাই বয়স বাড়াইয়া রাখি বালা ওইছে অসুস্থ ওইলে এখন লাগে
/kaggle/input/regspeech12/test/test_rangpur_0041.wav,মোন দেন নাই অনকা কি হইলো এই মানুষগুলা আছে আর ও আমরা দেখছি পাগলি কতো মাইনষোক বয়লার নিয়ে আসি আসি ভাত খিলাইল কতো দেখলো আমার না কালা এলা পাগলিই নাই হারে গেইচে মনটা মোর নিজের থাকি হারে ট্যাকা হইছে না দেখছি দেখছি মোর ট্যাঙা হয়া গেইচে বাবা মুই হাত দে করে গেইছে এই হরের না ওনেকগুলা সেইটায় আছে কার
/kaggle/input/regspeech12/test/test_sylhet_0469.wav,বুচ্ছোনি মামা তাড়াতাড়ি আইয়া বাঙির কুনানো নেওয়া লাগবো বারে মানে কুনান চিকিৎসা করাই লাগবো কিতা খরলে আমার বাবি অসুস্থ অইবো বইনের সুখ আছেনি না দুঃখে চলে আর সুখে চলে সব সময় চায়া
/kaggle/input/regspeech12/test/test_sylhet_0177.wav,কা ফরে এগুন সখি অনেক সখি ওখানে আমি খুশি চ্যালা তারা বড় সুখি এ ফরে চাইর দোকান আরও ফরে চাইর দুকান দিনডা বাইয়া এরা বুগতেছে আর কিতা
/kaggle/input/regspeech12/test/test_narail_0150.wav,আমি তো খুলনায় মাসি তো মা খরে বাড়ি মা বাড়ি হয় একা একা বা বাড়ি একা থুইয়া আসতি ওইছে পরীক্ষা হচ্ছে তো আমার এই জন্যি
/kaggle/input/regspeech12/test/test_sylhet_0302.wav,আর আমি যদি হোস্টেল তাকি বাড়িত যাই গিয়া এখ মাসো যদি আমার বাড়িত থাখা লাগে যেই সমাজ আর যে ফরিবেশ যে গ্রাম মানে আমার সাত আট বছর যেটুকু অর্জন খরছি ইটা সুন্দর কোটাত নামাই দিবা মানুষে
/kaggle/input/regspeech12/test/test_kishoreganj_0104.wav,আগে আর কি আচ্ছা জিবে জিবে বিসা নতুন উদ্ভিদে নতুন উদ্ভিদে আবার ঘরে তুলতে সাহায্য করে এভাবে পরিবেশে উদ্বিপানি একে পরিবেশ উদভিদে পানি একের ফর ন
/kaggle/input/regspeech12/test/test_tangail_0091.wav,ওই ডা মানে রনির অইলো ক পুলা যে ওই সব সময় খুব হাসি খুশি থাকে মানে কখনো দুঃখ পায় না এরকম একটা সবাইরে হায় জিতার নিয়া ঘুইরা বেড়ায় মানুষরে হেল্প করে আস্তে আস্তে রানি মুখা যে ভালো বন্ধু হইয়া যায়
/kaggle/input/regspeech12/test/test_rangpur_0103.wav,দেছে আর সোয়াগ সবের কাছে আর সোয়াগের কাচে টাকা সোয়াগের কাচে দেচো সোয়াগের সাতে কতা কবু আর তো কতা কইস এলা সমস্যা নাই কয়া যাইব আল্লা তো এখন
/kaggle/input/regspeech12/test/test_rangpur_0010.wav,গাভিন হয় না এখনা বাছুর নোয়া নোয়া তাইলে এমরা সবুজেরা আইসবের নয় সবুজ দেরি আসে বাবা আসি কি করবে
/kaggle/input/regspeech12/test/test_sylhet_0170.wav,বেশ সুন্দর যেগু ফায় যে না কি টেখা তিন টাকা হ আর মাছ মাংস সবজি তো দেখা অবস্থা আছে তিরিশ টেখা অইলো বান্ডা ভান্ডার খতা ওইছি বিশ টেকা দিয়ে তো দেখা যা না
/kaggle/input/regspeech12/test/test_sylhet_0138.wav,আগে লাইগা দিন ফরে ঘরে আইলাম না বারা সময় যদি তোরে সময়ের দাম ওই সবচেয়ে বেশি খাওয়ানি লাগতো নায় খা না আফনারা তো ওয় আর কিতাও নাই খয়টা বাজে সাড়ে তিনটা অই গেছে
/kaggle/input/regspeech12/test/test_narsingdi_0041.wav,সকালে ঘুমের দুইট্টা দেহি নাই মারা অইছে দুফুর বেলা যাই বিকালে যাই রাত্রে যাই ইপতারি করমু হেই টাইমে যায় ছেরি টাইমে যাই কি একটা যে অবস্থা পাচ জামা কারেন্টে বেড়া তো খারাপ না ক্যা পাতো না ফারেন ফাও না ফাও দি ফাচটা দিন
/kaggle/input/regspeech12/test/test_tangail_0085.wav,মানে এইল্লিগাই ছবিডা আসলে বেশি ভাল্লাগতাছে যে আপনি যারে ভালোবাসে তার পছন্দের জিনিসগুলা আপনার একসময় ভালোবাসা ওয় তার পছন্দের জিনিসগুলা সাথে সাথে এইডা একটা আসলে ভালোবাসা ওগু কাছে অন্যতম মানে নিজের মধ্যে খাইছে তর একটা অন্যতম একটা ই
/kaggle/input/regspeech12/test/test_barishal_0068.wav,এই যে কইছি যে সরস্বতিকোপায় ফুজা দেওয়া লাগে কতা রাইতে একটা সময় কইছি হেই সময় নাই ওইডে চা বানাই খাইছে হেইয়া মাঝে মাঝে ভাবি যে হ্যারা বা কি আর এই হ্যার বা কি মারে খাওন দেন দিমু কইতাছে
/kaggle/input/regspeech12/test/test_sylhet_0533.wav,বিয়াত কিরন লাগছে বিয়া হাডি আছি ছুটুখার ছোট মামা ছোট মামা বিয়া তো খুব বেশি বালা ওই ঢাখার বিয়া তো ঢাখার বিয়া আর মামি ডাকাইয়া অন্যরখম নানি আমরা থিকা ভিন্ন নানি আমরার তো সিলেট যেলাও তো রেওয়াজ তারার ই টান আইনতে
/kaggle/input/regspeech12/test/test_kishoreganj_0055.wav,বাংলা ফরি কাজ্জা কালকে কাকা মেথি মেথি মে কাকা দে ন না এবার তো হিয়ান তাতে যা এইডা এইডা তবে কি কাকা মাহিন কাল্লফরির কাছে না
/kaggle/input/regspeech12/test/test_kishoreganj_0046.wav,আমনে কি তো জিবন আমার আলি হ্যাঁ
/kaggle/input/regspeech12/test/test_narail_0158.wav,আমি খরচ টি কি করমু নে সুময় মতো কত্তিছে না ও সময় যায় করবানি বা ব্যা আছে না তা কি কি ছুর আর কি অইছে ওডে যদি উনারে যদি চ্যাক আপ করায়
/kaggle/input/regspeech12/test/test_narail_0039.wav,বিয়ে ছেলো যে শান্তির ভালোবাসা ও দিদি মা তুমি অলো ওই ওই যে আমরা করতাম না বেশি তুই দিয়ে যায় কমানি নিয়া বেশি তার বলে ছেলনা না বলা তোমরা ফায় এই জাগায়
/kaggle/input/regspeech12/test/test_habiganj_0106.wav,বাবু তোর সাথে আমি মাততাছি তারার খতাডা রেকর্ড করমু অ্যা তোরা কিছু ক জিগাইমু আর তুই গুলা আনসার দেয় ঠিকাছে আইচ্চা তাইলে কিতা এখন আজকে কি তুই ইস্কুলের কিতা অবস্থা ইতা ওই যে ফরীক্কা দিতাছি কিছু দিন ধইরা
/kaggle/input/regspeech12/test/test_narsingdi_0020.wav,কি আর করবি ক দেশের মানুষ হ তবে ওয়ানরে টি টোয়েন্টি খেলতাছে এটা তো ভালো করুক তাইলে তো আর কিছু লাগে না টেস্টে তো আছে এহন ইবাদাত ভালো বল করতেছে
/kaggle/input/regspeech12/test/test_sylhet_0441.wav,ফারবাইন খতায় কিন্তু খরলে যে খইবো আমার বাসাত ইতা খরলা কিতা খরা যায় কিন্তু আমরা নিজের বাসা ফালাইয়া আমরা ইখানো তাখরাম তাখরাম কিতার লাগি সুবিধার লাগি দেখি আর লাইনে এখটু জিয়ো খরো না আমি ইখানো এখটু ফিল আনোইন আমার হবিগঞ্জোর বাড়িত থাকি মানে গুইজা না আমার তো তাখে কিন্তু কে তো ক্ষতি খরে না খরে আমার
/kaggle/input/regspeech12/test/test_tangail_0117.wav,রাখছিলো ওই লোকটার টাকা পয়সা একটু মানে বাঁইচা গেছে সেই মানে সবাই দেখি রে রাখি কতা অইলো ডরে রাইখা করা বাসায় না এতো গ্যাস যদি চুরি হয় তখন কি অবে ইটাই সবার অসাবধানতা
/kaggle/input/regspeech12/test/test_sylhet_0381.wav,বাবির র বাড়ি তো ফাইনান্স ওতো বালা আছিল না ছলের ছিল না তাই এখটু গরিব আছি তো আমার আম্মায় চাউল ডাউল শিম যত সবজি জি আছে তো অতা সবতা মিলাইয়া বস্তা গরি গরি গরি গরি তারফর বাড়িত ফাটাইছোইন আর ফরীক্কার যতদিন আছে আমি তাই বাড়িত থাকিয়া ফড়মু ওউ জীবনের প্রথম বাড়ি তাকি বাইর অইছি আর খেউর বাসাত থাকিয়া ফরীক্কার উদ্দেশ্য গেছি এখ তো অইলো গিয়া গেছি মাই ফরীক্কা দেওয়াত
/kaggle/input/regspeech12/test/test_noakhali_0005.wav,ক্যা হইয়া গেছে সার দে নি কি আছে
/kaggle/input/regspeech12/test/test_sylhet_0758.wav,ইগু খায় ফড়তাম না না ইগু খরা যায় যেমন দরো জামাই ছা ইগু বাই গুয়া তো ফড়াইবো ডঙ্গিয়াএলা তো ড্রং খরাইরাম মানে খরতো না খাই না খরলে কিতা ওইবো আফনার আরে খওয়া ওয়
/kaggle/input/regspeech12/test/test_narail_0055.wav,এই জন্যে লাভ হইছে জানিস এই জন্যে লাভ হইছে এহন যদি ভালো কোনো মেয়া মানুষ তো তালি ওগে সব জমি বাইর করি নিয়ে আসতি পারতো কারণ ওই সব সব জমিরই বাবা সব জমি ঝামেলা আছে ম্যালা জমি আছে সে সব জাগা খালি টাহা দি থুইছে কাগজ রাহে দিছে না কোনো নাম পত্তি না এহন যদি পিটি এইটে তো খালি টা এই জন্যি ওরা কিছু করতি পারতিছে না ওগে আমাগে মাঝে ফইড়ে
/kaggle/input/regspeech12/test/test_barishal_0094.wav,মায় করে না বিদেশ যা মনে দা অন্য না না একটা দোকানপাট দিয়া বইলে অনেক বিদেশ যে পারবো কা গাছের সময় অইলো এক বিদেশ গেলে
/kaggle/input/regspeech12/test/test_tangail_0123.wav,আরেকটা ভালো ব্যাপার দেখছিস যে হিজরা সম্প্রদায় আছে তারাও তাদেরকে মানুষ কতো ছোট ঘরে কিন্তু তারাও ইখানে বিশ লাখের মতো টাকা দিছে তারা তাদের হজের টাকাটা দিয়া দিছে তো ইটা খুবই একটা ভালো উদ্যোগ আমি দেখতিছি যে দেশের সব মানুষ সেখানে কন্ট্রিবিউশন
/kaggle/input/regspeech12/test/test_kishoreganj_0053.wav,আমনে কয় মুন দিবো ছা দিতে কতা কি মা দি কত দিছো ফঞ্চাইশ হাজার টা তো ফঞ্চাইশ হাজার টেহা ফঞ্চাশ আছে দে মনে দোয়ান খুলা যেমন দোয়ান ফিলে তো যারা দে দেম্নে হ্যা তর দেন তো কইছিলেন দেন
/kaggle/input/regspeech12/test/test_rangpur_0111.wav,বাড়িত নিয়া নিয়া যায়া ইপতারি খিলাইছিল ভাত খিলাইছিল হুম ওটে যে আগে যে ওই ছোবাইন্নযা আছিল ছোবাইন্নযার ব্যাটা যাইসনে ছোবাইন্নযার ব্যাটা তো খুব বাদ খরছিল
/kaggle/input/regspeech12/test/test_chittagong_0009.wav,বউত দিয়া কি গার্ডিয়ান রা ফাও না আন্দে অনেক বান সিটা গইরতাম দে গিয়া গইরতাম দিয়া তার খাবার মেয়রের দুই ফান্তা নাম কাজখান নের কে ডেইলি টিকতা না এ ফঞ্চাইশ তারিখের
/kaggle/input/regspeech12/test/test_barishal_0030.wav,না বৃষ্টি অইরে হারাদিন কাম করে অরছে আমার মাইয়ে ভালো সংসার সারের মন ভালো আরোকটা জামা দে না ভালো এই লগে বাড়ি যা দি আইছে
/kaggle/input/regspeech12/test/test_kishoreganj_0042.wav,লিফি ফরে আমনে কি তুমি হলি ফরে না আমি আমার বাইত্তে কা কাছে আমি হদ্দার বাবা কইছি না না আমার অইলেই তো করবেন না কি আমেরিকা হে যে
/kaggle/input/regspeech12/test/test_narsingdi_0047.wav,আবার কোনো আগুন লাগে যে হে আবার গোস্ট দিছে আঁই হাডে এই বঙ্গবাজার এরফরে সিরিয়াল খালি আগুন লাগে যেমন নাই গুল লাগায় দিতাছে ইগুন লাগে কাতারে খন না যে না কি দি দেখলে মনে অয় যে ভাল তো না বাজারো যা আগুন লাগছে যে ডর
/kaggle/input/regspeech12/test/test_barishal_0033.wav,না ভালো না না আমি যে ডা আয় করে না বৃষ্টি না মানে না খাইয়া থানা না খাবি না কি কইবে
/kaggle/input/regspeech12/test/test_sylhet_0542.wav,কর নি ফ্রায় আর কিচ্চু ফাই না ফাইলে অন তো তো দেখমো ও আশাগে বায়দি দুইটা ফাই কিতা রাখছে ছাদর দুইটা আকর্ষণীয় আদর বালা সজিবরা আমি আমরা ভাইগ্যে চলি গেলো আগে যে দিন লাগতো না
/kaggle/input/regspeech12/test/test_narsingdi_0007.wav,প্লেয়ারগুলা ইকটু ভালোভাবে তৈরি করা যায় একটা লেকপা না দেশে বেতা অন্যান্য দেশে দেখ দুইটা তিনটা কইরা লেক্সপিনা্ থাকে অস্ট্রলিয়া তে দেখ দাম জাম্পা তারপরে হচ্ছে মাইকেল সেন হেরা তো খুব ভালো লেকপা আফগানিস্তানের তো আছে ই লেকপা কয়েকটা
/kaggle/input/regspeech12/test/test_sandwip_0013.wav,আইজ্জা কনে মামা বাদে হাজার করে গোল মানে মাসিক বাজারে যে করে ডাক আর হিয়ার হরে তার মোবাইল গঞ্জে ম্যালা সকালে একজন কেউ কতা অব না কোন চাইরে নিয়ে আইছে ই কুটি আইবো দেড় ঘন্টা দিবো
/kaggle/input/regspeech12/test/test_sylhet_0414.wav,দেখছো কি সমস্যা ফরে বাবা ইতা রাকিব রা বিয়াত বর্তি আছিলাম ছিন্তা তো সিলেটি নিতো মরা কয় না আমরা হচ্ছে সিলেটি মা তো রাকিব বিয়া এক বর্তি ওইছি ফরে এখজন মেয়ে ওইছোইন ওয়ার ফরেও তাইনও মারা গেছোইন ফরে আমার সিটি খুব খারাপ
/kaggle/input/regspeech12/test/test_kishoreganj_0129.wav,তো কুছতা না নানান অঙগে ফুল ফল নান অংগে ফুল ফল আমারে দেশে বইছে না খেলা ওইতো না আরে খেলা ফল গুডি দে কাছে আইচ্ছা আমারে
/kaggle/input/regspeech12/test/test_narail_0124.wav,আই তোর কোনো সমস্যা কইছে পরে সবসময় দেখি ওর পিছনে আমি তোর সমস্যা নে না আমি তো যেখানে যাই সেখানে মায়া বাড়ায় হুম সেখানে মানুষ আমাকে বলতে পারে না
/kaggle/input/regspeech12/test/test_sylhet_0007.wav,এমনে তো স্বাভাবিক বন্ধু তো আর বন্ধু বাট এমনে কি আমরা যে আইয়া ই কি মাসে গরু গুরুত্ব ফারি লাগি যায় এখন খুব যত্ন দিয়া খরে ইটা আগে তো মানুষ আছি দুইটা তিনটা আছে খরছে এখন তার একটা যে খরো না তা মানে
/kaggle/input/regspeech12/test/test_habiganj_0087.wav,মারলে অইলে খতা শুনে না ইলা খতা শুনে না গরাত বয় না অনুষ্ঠান খরে তোমার কেমন লাগে কোন কন বাল লাগে
/kaggle/input/regspeech12/test/test_sylhet_0360.wav,দেখলায় আমার জার্নি টা অনেক মানে বড় অনেক শ্রেণির মানুষের লগে মিশছি মশার ফরে আমি যেটা দেখছি আসলে পেশা খও আর টেখা কও যাই খউ না খেনে সংসারের সুখের জন্য সংসার
/kaggle/input/regspeech12/test/test_sylhet_0279.wav,সময় আগের মতো কিন্তু আর গোলা প্রস্তাবো আয় না কারণ অখন গ্র্যাজুয়েট এখটা মেয়ের লাগি লাইগা বসত বাড়ছে একটা
/kaggle/input/regspeech12/test/test_narail_0184.wav,এট্টু বাড়ি মনে দা আমি শুনি নায় কতা কই আছে তো এমনি কনো যে এট্টা মা ওই নেছে একশো আশি কি আছে কাইজ্জা কুইটে দেয় কাচা
/kaggle/input/regspeech12/test/test_narsingdi_0136.wav,অভিয়াসলি ভাড়া কম অইতে অইবো এই ছুডুবেলা আমি ফাইবো ফরি সময় বুজছস প্রথম দিন হইলা পার্কে গেছি হেইবার আমি ফ্রতম জানছি যে পাচজন সিরিয়াস আইচ্ছা না হেই সময় আমি ফ্রতম জানছি যে পাঁচজন কাছে এমন একটা পার্ক আছে আমি জন্মগত বাবা আছে
/kaggle/input/regspeech12/test/test_chittagong_0121.wav,ডিপার্টমেন্ট যে তুর আরে আরে লইয়ারে হটা খইতে দুইবারও না বাসবো ও কি করি আটি ফাস বারিত্তা বাইত যা দেন যারা চা খতো বাই আইচ্ছা ছাইন্না শান্তা কইবো তান আস্তা তো গইরগি
/kaggle/input/regspeech12/test/test_comilla_0014.wav,আর পুরা শরীর মানে কেমন একটা অবস্থা মুখটা ঠোট টা নাকি ফুলা বাকা অইয়া আছে তো ওউ যে মাথায় টাচ করছে ফড়াতে দেখে যে ওয়ার কথা বলতেছে নো বান্দবী আর কথা বলতেছে না ও জোরে চিল্লান দিছে যে কী হইলো নুসাইবা কী হইলো তখন সবে আবার আসছে
/kaggle/input/regspeech12/test/test_tangail_0049.wav,ওই বাঘ রে খাইতে দেয় পরে আস্তে আস্তে বাগ টারে বসে আনি বাগ টারে বসে আনি ফরে বাগ বুঝতে পারে যে আমার মানে বাইচে থাখার জন্য ওই মানুষেরো দরকার আছে
/kaggle/input/regspeech12/test/test_sylhet_0123.wav,আইচ্ছা তে কি আফনেও খেলতেন তাই না ছুডু থাকতে তুই জাগা খেলা ধরা খরছি তো মোর বেশি মনো নাই দরো তোমার দশ বছর অইছে বয়স ওই সময় দরো বাম খাজ খরন লাগবো ও আমার একটা বুঝইছে তোরা খামার আমি ঢুকি গেছি টান্ধবী দুকি নাই
/kaggle/input/regspeech12/test/test_narail_0177.wav,তা সেই ওই যে রেজিষ্ট্রেশন আর ওয় ফেলাইয়ে বারো কিলাসে ফরীক্ষা দিতে হলো না এইদিনকে পাইছে কচকচা এট্টা বছর ওই যে জ্যানো এহন আবার ভর্তি অই ইতা তো পড়াশোনা যা কও গেছে ফরিক্ষা দিবে আবার
/kaggle/input/regspeech12/test/test_sylhet_0592.wav,বউত আমি এখন তো বেড়ানি বালা বালোই যার দে না ও ও খয়দিন ও মা বিয়া কি না খাইছে আর কর যে ব্যাটিং ছিলান অয় সি
/kaggle/input/regspeech12/test/test_chittagong_0099.wav,তুই তো ইডা আস্ত আছে তারফরে তুই সমস্যা নাই এহন আঁর সাইন্সেত থাহে আল্লা পয়েন্ট ইবে বউত খামরনিছাই নাই কী তারে এবারে ভাবলাম সাইন্সেত বউত খম ফাইয়্যি তার লাই না আঁই আরো
/kaggle/input/regspeech12/test/test_barishal_0077.wav,ফলা কতা আমি যে নাই জানা কিনতাম না এই বিনে খায় না ভাত খায় না
/kaggle/input/regspeech12/test/test_narsingdi_0044.wav,তোরা বান্দা বাজ্জি ফুরাইতাছে বার বছর আবার তিন দিন ফর চাইর দিন ফরে এই যে বিয়া দিয়া হিয়া কারেন্ট তার তোরে ফরলে যে একটা আগুন লাগে ফরে ফরি ইতা বাজি দিয়া গিয়া করলে তার তোর ফরে আর আগুন লাইজ্ঞা যা বা রিক্তার কতা দিয়া আগের কতা কস করে আমার ফরীক্ষা দের না মোর বইতা না ইয়া মাত যায় না কিলা
/kaggle/input/regspeech12/test/test_sandwip_0019.wav,বারি কইলে দিয়া ঘরে মেয়ে বাইততে পারে না মানুষের লগে উইট্টা বেশি হয়া অতিরিক্ত অইরে দুনিয়া দারির খবর নাই একেরে আত আফারে আংরা বানাই খানের একটা রাস্তা বুজ্জেন্নে সংসারে ধান দা নাই তো সংসারে জঙ্গল আফা আসলে সংসারে জঙ্গল খান হোলাইনের গান দে তুলি দিন আইছলো আমার হোলাইনে আছলো আবার রুজি রা গোনে হোলাইনের কোনো হিসাব কতা ক ছুডু কারে
/kaggle/input/regspeech12/test/test_kishoreganj_0017.wav,না বালু ডা বলে ওইডা ফালাইল লাগে নিছে বালডা বলে লাগে এক বা দেহা কারফুল বালু দিয়া বিড বালু ইডা আর কি বিড বালু দিয়া খালি এই যে কি বিছার থুইয়া জায়গা এর লাইজ্ঞা এরলাজ্ঞি দেশের সব রাস্তার অবস্থা
/kaggle/input/regspeech12/test/test_tangail_0042.wav,নাকি ইকোনোমিক একটা ক্রাইসচ্ছে যাই হোক বন্ধ হইতে ছিলো পরে তার বাবা সিদ্ধান্ত নেই যে তার ফ্যামিলির মানে এই যু সহ অন্য একটা দেশে চইলে যাবো মানে ওয়েস্টার্ন কন্ট হইতো বা কনেক জায়গায় পরে তোরা জাহাজে কইরা এইসব জু
/kaggle/input/regspeech12/test/test_sandwip_0124.wav,আঁই ন আই গো বিকেলে বউত কিছু শিখাইছি বিটি আঁই মুরাদ র বয়সে বিটি এক্সপার্ট আছিলো অনকা কি কি ছান আঁর ভাই মনে করো লেখা কইত্তে যেতোএগিন একগা হড়া লেখা হড়া লেখার মতোন হড়া লেখা ন অইলে সুন্দর আছে না আমার ছেলেরে আমি আদর্শবান বানামু আমার ছেলে একের উফরে থাইকবো
/kaggle/input/regspeech12/test/test_kishoreganj_0045.wav,বছর আর আচ্ছা রাইত ফলে হ্যাঁ আমার লগে দিয়া আমার লগে দিয়া অইবো তে তো মজার বে দারে দরাইলে অইবো
/kaggle/input/regspeech12/test/test_sylhet_0034.wav,বাট খরা অইলো ফড়া ওরা অওয়ার ফরে শেষ ওইলো সন্ধ্যার সময় কিচ্ছু প্রত্যেকদিন তিনদিন সন্ধ্যার সময় আর ইয়ো খরায় সন্ধ্যার তি সন্ধ্যা রাতে পরে সন্ধ্যা রাতে প্রসাদ খাওয়া অয় খাওয়ার ফরে তারফরে শেষ অইলে সা
/kaggle/input/regspeech12/test/test_sylhet_0163.wav,খাড়াই চাই যে আর ডাক না দিয়া ও তো কয় বড় বাস দি আছে আর কি আর একবার দিন মুক্তা
/kaggle/input/regspeech12/test/test_kishoreganj_0180.wav,আর অত কমলা কালা মানে যত কম লাগে লাগে এই জীবনে মুক্তি নিরাপদ পানির জন্য বিশ মিটারে বেশি সময় লাগে বিশ মিনিটের বিশ সময়
/kaggle/input/regspeech12/test/test_sylhet_0721.wav,মানে আমরা ওই যাবা না খরলে তো তো মাটি দেইন আমরা খষ্ট খরে খষ্ট খরিয়া ইয়া হুম আমরার সাবে খইছো মনে খর বালা ও তো না আফনারার বিয়াত তো বউত রিচ মানে নিয়ম আফে বউত কিছু নিয়ম কয়দিন থাকি শুরু অয় তা
/kaggle/input/regspeech12/test/test_chittagong_0133.wav,তারফরে দেওয়াই তা তো নাস্তা গর গুরা খতা ইয়ো আগে তে আল্লা ফালাম কুম রাহি দি ইতারা কইরে দুই তিন দিন ঢাকা খয়দিন ফর তো যাইতে আছে মানে ওতি ফুফিরে কল দিবি নি এহন আবার ফরে দেখাইলে বড় বেলা ন যাইগা আর যারা যাইতো হরছি পাতা খালি আল্লা হাম টাম ন ঘুরেদে মিস্তির
/kaggle/input/regspeech12/test/test_narsingdi_0110.wav,ইয়া করাই খাইবেন ছুডুডা সুন্দর ডা ছলা এদদুর একটা টাইপের ন আছে ক্লাসো থাকতে এইটা ফড়াশুনা খরে আমি আছিলাম তুই আমি ইটা ফলি তো আসলাম আফনে তার বছর ও আইচ্ছা ঠিক আছে এইটা খরতাম বাক্কা
/kaggle/input/regspeech12/test/test_noakhali_0004.wav,বালা লই ছিলাম না যাইতাম ছাছার দা র
/kaggle/input/regspeech12/test/test_tangail_0040.wav,বুঝে সে মানে বুঝতে ফারতো যে মানে পশু পাখি গুলার মনের অবস্থা সে ভাব তো ভাগ ও তার বন্ধু হইতে পারে যদিও অনেক পশুপাখির সাতে তার একটা ছিলো কিন্তু তার বাবা এইডা
/kaggle/input/regspeech12/test/test_kishoreganj_0110.wav,অনেকগুলো শৃংখলখাদ্যশৃঙখল থাকে বাস্তসংস্থান সকল সকল বিদ ও প্রাণী কোনো না অন শখ অন্তর্ভুক্ত যেমন ইগু সব দূর ঘটনা প্রি থুইয়ে থাকে
/kaggle/input/regspeech12/test/test_sylhet_0159.wav,ইতা গো আগোর মানুষ ফাঞ্জাবি গু মারলেও ডরাইয়া খইছোইন না বান্দা মুক মেইন তো আমার হউরে নিজের আতে ফাইঞ্জাবির তোর ছালাইলে ইতা হি সময় আর না মুটা ইতা আর মুক্তি গন্টা ই ডরাইয়া মেইন মুক্তি যে জাগা খাওয়া তো আছি লাগে
/kaggle/input/regspeech12/test/test_habiganj_0083.wav,ওইলো গিয়া দুই ভাইয়ে একজনে ব্যবসা খরুইন আরেকজন ফড়াত আছিন এখনো আর দুরা ছাড়া কিতা খরে আছোইন বালাই আছোইন আরেকজনে আমার ছাছার তাইন ওইলো গিয়া তিন বাই ছাছা নাই মারা গেছোইন আর তিন বাই তিনজনই ব্যবসা খরোইন
/kaggle/input/regspeech12/test/test_sandwip_0061.wav,ও যাইবার লাই তারা গা আটছে কুতুবে শিলাইছে অইবার খালি এইযে তিন ছোট ছিলাইছে আরেক ছুডের কাপড় অবো গারা আনি থুইছে অনে কেরে আরে গম্মাগুন্দে আনি শিলাই লাইয়া
/kaggle/input/regspeech12/test/test_sylhet_0268.wav,আমি প্রথম ক্লাসটা ইউনিভার্সিটিত প্রথম ক্লাসো আমি মিস খরি লিছি বাড়ার টেখা নাই আমার বাই ফ্রি নায় তখন তারা ক্ষেত লাগা বৃষ্টি ওতা এখটা অনুষ্ঠান যে যাই ওক ফরে আমারে লইয়া আইছোইন আমার কান্দা সামনের লাগি দুইদিন ফরে লইয়া আইছোইন আইয়া
/kaggle/input/regspeech12/test/test_narail_0068.wav,বাড়িত আমাগে এই অত্র দেছে জেলা কই জেলার ভিত্রে সবচেয়ে ভালো বুদ্ধিমান লোক আছে ক্যাশ ঠাউর এর উপরে কারেন এর উফরে হালিম শরীফ তাই কচ্ছে সেলিম শরিফির বাব্বা উনাগে সাথে ঘুরতো তো তো আমি কচ্ছি কি ঠাউর কায়দার নিছে কচ্ছে ওরে পাও ও যে কি মাল
/kaggle/input/regspeech12/test/test_narail_0153.wav,নয়ন দুকানে তারফর বৃষ্টি চলে নাই বিকেল বেলা দুকান নয়নে বউ খানে বাড়ি নাই বাড়ি রয়েছে তারফরে শরীর ভালো আছে নয়নেরবর
/kaggle/input/regspeech12/test/test_sandwip_0102.wav,বাড়ি কেউর লাগবে কি কইছি বি তে কি কেউ যাইবে কি সমস্যা ইয়া অই আছে যে ইয়া দেওয়া তো দাম
/kaggle/input/regspeech12/test/test_tangail_0092.wav,ওই শহরে আর সবার সাথে ওয়ার একটা ভালো সম্পর্ক ওইয়ে যায় সবারে ভালো পোলা হিসাবে ছিনে ওই শহরে একদিন রনির কাপড় হাটতেছিলো রাইতে ওই সময় দেহে যে একটা মেয়ে ছাকি না মানে সুনাম কাপড় সে লুকায় লুকায় হারতাছে পরে নবির কাপড় মনে করে যে মেয়েডার আসলে বিপদ একটু সাহায্য করা
/kaggle/input/regspeech12/test/test_sylhet_0745.wav,হুম তো তো ওই বাড়ি এখ মাস ফুয়া আনলে তো আমরা খাই না বা সব যে মনে মনে খরো জুতি ফিন্দো সারা এইনো খাইতা না এন মনে খরো খাইবা ফয়লা খাইবা শাগ ফরে খাইবা কাহিনি
/kaggle/input/regspeech12/test/test_narail_0046.wav,সেই জাগা রাহিছে তোর বাবা ওই যে ওই পাশে ওই জাগার সাথে ওরা বাগি ছেলো ওই জাগার মাধ্যমে ওই অহনের জাগা তোগে পাবি ওরা ওই জাগা কিনে রাহিছে না ওই জমি সেই জমির বদলে সেনি পাবে
/kaggle/input/regspeech12/test/test_sandwip_0084.wav,আগুনের বিয়া কইত্তে সে আছে ইয়ার এক্কারে বিরক্ত লাগবো যেন ইয়া চলে যা সুন্দর আইছলা গেছিলে যত্ন করে ন যাইয়ে শ্রিলঙ্কা গেলে নষ্ট অইয়া যাবো দৌড়া জালা ইচ্ছে গরম ঝি
/kaggle/input/regspeech12/test/test_kishoreganj_0130.wav,কুনডা কুনডা কুনডা ফরছে কুনডা ফড়াইছে এদেশে ফলে হরেকরকমেইফল এই দেশের হরে ক এই দেশের অনেক রকম এদেশে ফলে
/kaggle/input/regspeech12/test/test_sylhet_0109.wav,ফরে এনো বিল্ডিং উডি গেছে হুম আমরা ই করছি আর ইখানো কত বছর অইলো এনো তিন বছর যদি থাহি আইচ্ছা আগে শিশু চিনতা থাহে না ইখানে মালিক কই থাহে দে এনে মালিক বিচইছলামআচ্ছা তে
/kaggle/input/regspeech12/test/test_sylhet_0286.wav,কিন্তু তখনো ছাকরি না এলা বাইরা খইলাম না আরেখটু কোয়ালিফাই দরকার ইতা দিয়া ওইতো না তো আমি আমার মনে অইলো যে আসলে আমি যে ফ্যামিলি ব্যাগ্রাউন্ড থাকি বড়ো ওইছি আমাদের যে
/kaggle/input/regspeech12/test/test_sylhet_0527.wav,ও বোডিং পাস না আর আমরা লেইট অই গেছে এখন গেসি যাইতাম সময় এখন তারা হয় যে প্লেন আছে আপনারা চলে যান তার সময় না এখন গিয়া বইছি মাত্র পঁচিশ মিনিটের রাস্তা ফরা রাস্তা ঢাখার ইয়ারফরগয়া খরমু মানে পঁচিশ মিনিট যাইবোগি
/kaggle/input/regspeech12/test/test_chittagong_0157.wav,ও যেত্তে যাইবে না কি আর কি ফাস্ট মিনিট ক নাম ন আইয়া এহন আরেকজন খরদে নাম ন আইবু নাম ন আইবু ইল্লা তাইন নাইন পয়েন্ট তুই মালিবাইত ফারে শুই জিয়ান সিক্সে ফতম ইয়ান সিভি
/kaggle/input/regspeech12/test/test_sylhet_0139.wav,আমরা এডে গুমাই এখন আফনে আফনের বাসায় আরকি আফনেরা কিছু আমরা জিগাইমু আর আমার বিষয় যদি মাতোইন আমরার লগে গফ করি না তা আমরার লাগি সুবিধা না এল্লা গল্প গল্প করবা না না গো মা
/kaggle/input/regspeech12/test/test_habiganj_0058.wav,টেকা মা কয় খয় আমি তো লবন টি কই দিলা আমি ই লবনে তো অইছি তুই মনয় মাইজের লবন দিছস তরে দিয়া দিক্কা অখন বেশি বেশি রান্দাই
/kaggle/input/regspeech12/test/test_sylhet_0326.wav,আকাশের চার ফাই না কারণ জীবনে বই ফাইতো ফায় না বই ফাইছি না অখনো খরতেছে আফনার ফরে একটা আমার কিচ্ছু লাগতো না কিতা বই কি নিয়া ফড়তাম ফারছি না করিয়া জীবনে আসলে আমার ফড়ার মনে অয় অর্দেকে বেশি অংশ থাকার ওই গেছে এখন বই কিনতাম ফারছি না
/kaggle/input/regspeech12/test/test_narsingdi_0076.wav,কইরা ফাইতে যা দেছে টিকটিক হাইতাছে না লাগা দিছে টি টি কইতেছি করছি কানা ধরছে সত্যি বালা দি দিছোস না রে এইডা মেয়েও ছিন্তা করতাছে হুম ছুডুবেলা তো জা
/kaggle/input/regspeech12/test/test_sandwip_0031.wav,ধান দা জিনিসটা নে না তুলনামূলক ধরো জাহিদের অনকা বউত অইছে আরও অই যাইবো বয়স হইত্তে হইত্তে বয়স হইত্তে হইত্তে আরো সংসারি ধান দা হান দি যাইবো ভিতরে বেশি কচ্ছি ইয়া বাজারে গেলে আইয়া গেছিল গিয়া থাম
/kaggle/input/regspeech12/test/test_sylhet_0636.wav,করিছি বিয়া যা ফরছিন বাম বয়স সেটা অইলে অখন তো তিন জন কান সবের বিয়া ফরতেছে সব বিয়া কর লিছি
/kaggle/input/regspeech12/test/test_sylhet_0010.wav,না টান খরিয়া কিচ্ছু না খাইয়া আমরা প্রধান নিয়া কিতা কাম চাং বাড়ি প্রধান না প্রসাদ খাওয়ায় দিন দিন মানি আমি আমি খাই না দুই দিন খাওয়া অয় আইচ্ছা আর কি বই খাতা ওই ঠাকুরের খাছে বই নিবেদন দেওয়া অয় বই খাতা কলম এইযে আমরা পড়াশোনা ফড়া খরার ফড়া ওয় না
/kaggle/input/regspeech12/test/test_narail_0014.wav,তার তো জমি যাতির ভাগ আছে না সে যদি কয় যে আমার জমি জাতি ভাগ দেও সে যদি নিতি হাসে আমি তারা তো কোনো কবো না যে তুই জমি যাতির ভাগ পাবে না সে আসুক সে আসুক সে সে ক যে আমার এনি জমি দেয় আমার ওনি জমি দেয় আমি ভাগ তুই তুই পালি নিয়ে যা তোর হক আছে তুই নিয়া যাবি কিন্তু তুই এই সমস্ত কথা বলবি ক্যান
/kaggle/input/regspeech12/test/test_sandwip_0012.wav,আছি আমরা বা না মাইয়া কি অবস্থা মাইয়া তো হানি কাইলে গেলো কে ফাতা অইছে কিনন আরে না হলাইতকি এক্কানা কতা দুইলবজাঅইছে মানে আশা কলেজো মোবাইলে কলেজ ইতি হারি না একবার যা দিছি যাই দিয়া তাইলো বা জানে
/kaggle/input/regspeech12/test/test_narsingdi_0108.wav,হ আমার তে এইডা ওই এইডা সুন্দর কইরা কয় ওত্তো মেলে দেহি দারে এহন নাই নাই আমার এইডা দেহি বালা
/kaggle/input/regspeech12/test/test_narail_0008.wav,তা সেটা তো তোর মা ছওয়াল দেহিনি মাসে তো ছাল দে তো কলাম মাইনসে তো ছালি সরাসরি গদি কইছি না মাইনসে ছওয়ালরে তো কইয়ে দেছে আমি টাহা পয়সা বাবার চিকেন সুমন বলে এরকম কিছু কই নাই সুমন নিজি কইছে আমি শুনিছি সুমন আমি মাইনসে তো বাইরে ফোন দিছিলাম
/kaggle/input/regspeech12/test/test_sylhet_0032.wav,দির সেইম এইভাবে টাকরি পূজা টাইমের ভিতরে কন্তু আমরা পূজাটা হয় একটা তৃতীয় আছি অতিতি বিতরে খরতে অইবো তিতি ধরোইন ধরোইন দশটা কেমুন একটা পুঞ্জি লেখা তাখে ওই টাইমে বুজা খরতে অইবো তার পূজা শেষ বলে অঞ্জলি দেওয়া ওয় মঞ্জুরি দেওয়ার ফরেও আমরা আবার প্রসাদ খাইয়া অঞ্জলি খরে
/kaggle/input/regspeech12/test/test_sylhet_0038.wav,ক্লাস তো সবাই একসাতে যায় খান ওই যহন চুয়ান্ন টেখা না গিয়া সবাই একসাতে সব মুটি একসাতে মিলিত মিলি রাবার ওই যে সিলেটি সিলেটের চোট্টা আছে না চৌহাট্টার নাই দক্ষিণ সুর মাঝে খান একটা জায়গা না গো খান একটা নদী আছে অনেকে আমরা ফড়া টুকুর আছে
/kaggle/input/regspeech12/test/test_tangail_0077.wav,বুঝতে পারে পরে আস্তে আস্তে হালকা হালকা নাড়া চাড়া করা শুরু করে মানে সেন্স কাজ করা শুরু করে পরে শিউলি কলেজে তারার অর তার পক্ষের হাসপাতালের খরচ চালানো আসলে সম্ভব হইতাছে না
/kaggle/input/regspeech12/test/test_sylhet_0717.wav,আর মানে ইদোর অখন কিতা মানে অল রাজ সব দুরো বিয়া ইয়া আন্দার দুর দে অনেখ বারে অনেখ সময় তো মুছিটুছি যাই মানে ইলান ওইতো ফারতো না না কিতা ইরম কিচ্চু কিতা তো আমরা ছান খরি আছে আবার দিলাইছি না অখন গিয়া তোর দাইয়া আমরা
/kaggle/input/regspeech12/test/test_narsingdi_0043.wav,ধর্ম অনে তো কারেন্ট তো যাই না বারে মায় কতাছে বাবা কারেন্ট থায়ে ওই না আই পি চান সেইডা কি এন্নে বুঝো না কি মানে মিস অনেক ঠান্ডা উফ্রে গরম খা
/kaggle/input/regspeech12/test/test_kishoreganj_0197.wav,ডু ফদে তো বাই খই ফরে দে তো খয়দে তো
/kaggle/input/regspeech12/test/test_rangpur_0024.wav,স্যারে এইরকম করে যে ওই আর হইলো বসে এ ওপাকে যে সবাই গেইছে ছাগলডা পাদিল গো পাদিল চা আর কতো আর কের বয় থাকে হ
/kaggle/input/regspeech12/test/test_sylhet_0240.wav,মহিলা সরকারি মহিলা কলেজো ওনো নিয়া আমার বাই বর্তি ফরীক্কা দেওয়াইছেন বর্তি ফরিক্কা টিকছি টিকার ফরে অনু বর্তি খরাইছইন ভর্তি খরাইয়া হোস্টেলো দিয়া গেছে ওউ যে বাড়িয়ে আইছি আমি হোস্টেলো ও স্টিল না আমি অখনো বাইরেই আছি আর যাওয়া ওইছে না ওউ আমার জীবনের লাস্ট বাড়ি তাকি বাইরে আইছিলাম দুই আজার দুই সালো ফরীক্কার বাদে
/kaggle/input/regspeech12/test/test_tangail_0023.wav,কান্ট্রি গুলা অনেক থাকে ওই ক্রিসমাসের সময় অনেক মানে তারা শপিং মলো যায় গ্লাভস কিনার জন্য কিন্তু কেউ কারো তখন চিনতো না দুইজনেই তুরা কেউ কাউরে চিনতো না
/kaggle/input/regspeech12/test/test_barishal_0089.wav,রুম বা খয় যাইবে ও ও করবার আদা ঘন্টা কয় চাচু হেইও তিন ঘন্টা হেই দি করি না তুই চা খাজ খাজ খাবি হেনো খালি তিন নাস কর
/kaggle/input/regspeech12/test/test_rangpur_0067.wav,না গো যাই আইচ্ছা কি খাওয়া দাওয়া কি আইজকা দা ডিম ডাইল আবার ফির ভত্তা কতা মাছ আছে এইযে সন্ধ্যা তো ওই ডিম ডাইল
/kaggle/input/regspeech12/test/test_sylhet_0207.wav,খাজ খাম ফারোইননি ওতা দেখতা আর বাবির আছি তো গরো ছাইর ফাছ আমার ইতা খাজ খরা লাগতো না তো মনো মানে ভাবতো যেই ফুরি ইগু বাবির বইয়া বইয়া খাওয়া খাজ ফারতো নায় মানে অনেখে ওতা কম তাখতো
/kaggle/input/regspeech12/test/test_narail_0144.wav,কি কয় না চাবানি শুনো যাবানি আমার কাছে আসার কতা ছিলো তুমি আমার কাছে না আইসে তুমি বাড়ি চলি গেছিলো এই জন্যি আমার রাগ ওইছেরে আমি ওরে ইন্ডিয়া যাওয়ার সময় আমার ব্যান্ড দে ওই দেশে সেডে
/kaggle/input/regspeech12/test/test_sylhet_0059.wav,আছলা তো মারা ওর না মারে আনতি গাড়ি লাগে বাই তো ছুটো বাই ও যাইতো ফারে কি এর খারণে ফরে তাই যে বাইয়ে বইনে যাইরে মার খাওয়াইতো বাইত কি নিয়া তো আমরার অনেক খষ্ট রাখি ইগুলা খওয়ার মতো নায় ইগুলা খওয়াত লাইগলে তাই সন্তান
/kaggle/input/regspeech12/test/test_sylhet_0274.wav,তো এক সেমিস্টার যাওয়ার ফরে সেকেন্ড সেমিস্টারো আমার বাই আইয়া খইলা যে প্রাইভেট ফড়াইতা নি তো ইটার অর্থ ওইলো গিয়া বাই নিছে আমার বই কিনিয়া বা আমার যে খরছ রুজ দিয়া বাইয়ার ফিল খরোইন তার তাই নিজেও তোর যে স্টুডেন্ট
/kaggle/input/regspeech12/test/test_sylhet_0254.wav,আফনারার বইনের সুবিধার লাগি আমার বইনোর অসুবিধা আমরা তৈরি খরতাম নায় তাই যেহেতু আইয়ে ফরীক্কা তো বালা রেজাল্ট খরিলিছে আমরা দেখি তাই আরেখটু ফড়তো ফারে কি না আমরা আরেখটু দেখিলায় মানে ই দরনোর লুপ দিয়া আমার বইলে লাইফটা নষ্ট খরলা যেনো ইটা ইটা তাই টিকলে তাই ফরটা বন্ধ ওই
/kaggle/input/regspeech12/test/test_narail_0065.wav,ওই জমির ইসি তো ওই জমি দাগে এই হেনে এট্টু পাবে ভাগে জলির ব্যাফারে বাইরা বুঝে না বুঝে আমাকে দিতি অবে তো যাই না জমির দাগে ওই ওই জমি দাগে পাশ দি ওই শিউলি তো ওই দাগের জমি এই জায়গা
/kaggle/input/regspeech12/test/test_sylhet_0006.wav,উটি ইগুরে খানি দোয়াই ইয়ো খরা কিন্তু বই ফড়ি মানে ইটা তোরে আলাদা আমরা বুঝি যাই না তো দরো অভ্যাস অই গেছি বন্ধ তেমন একটা লাগে ন
/kaggle/input/regspeech12/test/test_sylhet_0044.wav,কাগজ কলাম বার খরি লাইছে তা বলে না এমনেই কও আমার বাই না আমরা এমসি টিম এমপি এমসি আচ্ছা খইতা খই বাসাত নাই তা
/kaggle/input/regspeech12/test/test_chittagong_0036.wav,খেলা বুলি ফরিক্কার ক্লাস অইবো না খেল উঠবি ওডি আম্মা অত আঁরে ফরিক্কা ভালা ওকগো ফোন করলে আইফোন লই দিবু এরে আইফোন নাই ফোনের ট্যাঙা তুমি কোন কি টু কোইন তাই নিয়ে সন্ধ্যা হবোই
/kaggle/input/regspeech12/test/test_sylhet_0443.wav,নিজের বাসা রাখিয়া নিজের বাসাত কিন্তু বাড়া টি ঢুকাইয়া আমি আমার যে তিন রুম আমিও আমার বাসা বাড়া দিছি খন খন নয় আজার টেখা বাড়া নিয়া অন তো আর টেখা ফুরাইয়া ফরে কিন্তু নিজের বাসাত থাকে নিজের বাসা তাকি ইমুন আমার বড়ো জাল আমার জামাইর বাই বোন তাইনো বাসা বাড়া তাখন শাপলা
/kaggle/input/regspeech12/test/test_rangpur_0029.wav,কাই সেটা তোমার দাঁত আগে তো ঢোকা তে দিছিন হ আগে তো আগে ওটা ও টেস্টে আসিল আলাদা সকাল বেলা ভোরে মুখ ঘসতে দাঁত ঘসতে করতেছে বলতে ডলতে যাওয়া পথে নিতি এলা ওই যে সকাল বেলায় হামার দিয়ে এলা সকাল বেলায়
/kaggle/input/regspeech12/test/test_narail_0096.wav,ওর সাথে যতটা কথা হয়েছে তা আমার সাথে তোমার তো কথা কোনোদিন অয় নাই একটা উদাহরণ মনে ফরে গেলো তে উদাহরণডা মানে খুবই বিসসি এবং বাজে বাজে উদারন নানি তো দিতাম না অইলে দিতি ঠিক আছে তাইলে সরকার নাই
/kaggle/input/regspeech12/test/test_rangpur_0122.wav,ভর্তা খান না ভর্তা ডাইল শাগ পাঠা শাগ হ্যা আর শাগ হ্যা নেইস পাট শাগ আনিম হ পাট শাগের যে দাম হেহ
/kaggle/input/regspeech12/test/test_sylhet_0166.wav,আমার বাড়িত কম আছে না না চাচি নুন চাচার মিটার ও কম ফড়িয়া ওলা সির মাইদ্দে ফাতর আছে আর ইডা কম আছে মা দুইজন মরোনা
/kaggle/input/regspeech12/test/test_narsingdi_0026.wav,টানতাছে এক শান্তর দেখ কতো সুযোগ দিলো এহন যায়া ওই ভ্রমণ করতে যে না অয় আরে লিটন দাসরে দেখ কত ট্রল করলো কিন্তু এই কত এক দেড় বছরে সবচেয়ে বেশি রান লিটন দাশের বাইরের দেশে দের সাতে ওরে এহন তুলনা করাইতাছে
/kaggle/input/regspeech12/test/test_sylhet_0410.wav,বাফোর বাড়ি সবউ আছে বাই বোইন মা বাফ সব বাফ মারা গেছোইন আজকে ছাইর বছর অইছে আর সব বই মানে তারা এখন তাখো তারার কলি খুলি গেছে তারা যা গেছি হুম আফনার বড়োনি সবার না সবার বড়ো না আমার এখজন আছোইন বই বাইরে তাখোইন
/kaggle/input/regspeech12/test/test_narail_0040.wav,সব সংবাদ পাবো না না আমি ওইটুক সংবাদ সহকারে উরা দখলে কি
/kaggle/input/regspeech12/test/test_rangpur_0027.wav,ওই যে সত্তর খারা এই যে নাকারি ঘর আছে না আমার নাকারি বলতে আর যত সাগাই সদর যতো ভাই আগে আগে আছিল ফিররা নাকারি ঘর বানে ক্যা করছি যাই না না না নি আমরা আগে তো দিন করি করি আগে তো খাচনো ওই যে টুয়া কলারপাতার কলার ঢাইসকা গুলাত খাছিনো
/kaggle/input/regspeech12/test/test_sylhet_0738.wav,আচ্ছা তে আফনে খই খই যে কিতা তে সম্প্রতি আন কন্যা সম্প্রদান খরোইন না ইলা মানে আছেনি অন টাকুর নি খরবো রাত্রে গুরে ফাশটা জন্য দেখবো মাইরা কইন্দা হাতে এখানো দিয়া জামাই বাবা
/kaggle/input/regspeech12/test/test_narail_0172.wav,আছে এর আছে ভালো ওরে বাবা নাই যে গরম গরমে খারাপ হয় যে নাগে দাগ সাতে হইছে আর এতো রোজ দরনি এরে রোডের কাজ পড়িছে
/kaggle/input/regspeech12/test/test_tangail_0103.wav,সাথীর একটা লাইন আমার অন্যতম একটা ফেবারিট মুভি ওর খালি লাইনডা জিনা গাই যা সাত সালে মুভি আমি মাত্র দেম কয়েকদিন আগে তো তো আমি যেই মুবির শেয়ার করলাম এ মুবি গুলা আফনে চাইলে দেখতে ফারে
/kaggle/input/regspeech12/test/test_sandwip_0113.wav,আর হিয়া তো তুই ক মাইয়া অইরে তোর কিনাই কইতাম হারি ন তো হিয়া গোল আর কি নাইকা হোলার মা গান কতা আইবো হোলা দেহায় যেত্তে আইয়া কোচের নতুন সাইডে লই যাইতে বার ইস্কুল দিছে নতুন সাইকেল লই বাড়ির মইদ্দে আরও বাতরা লদে হুনাইছে হেগুন লই হেতে কাডি খালি ফুডে কয় দিন বেইজ্জা কয়দিন হাইকে বেইজ্জা একদিন বেইজ্জা এভাবে দিন কাডা দিছে মাতার ফ্রটেকশন ই
/kaggle/input/regspeech12/test/test_narsingdi_0003.wav,তার রেখা কারে সুযোগ দিবো এটা তো ইন্ডিয়ার মতো হয়া গেলো ইন্ডিয়াতে যেমন একটা প্লেয়ার একবার বোস লেয়ার খুব সে দলে ঢুকতেই কষ্ট হয় ও বাংলাদেশের এরকম তো বাংলাদেশ ইদানিং তো ভালো খেলতাছে না সবাই ভালো ভাবে মাঝখানে শুধু ওই আসিফ
/kaggle/input/regspeech12/test/test_tangail_0011.wav,এই সময়টা আসলে আমরা সবাই যা ইরখম একটা সময় যে আমাদের ক্যারিয়ারো ঠিক ঠাক ঠিক থাকুক আবার বাদে লাভ লাইফটা ঠিক থাকুক যাই হোক কইন তখন একবারে জনপ্রিয়তার তুন দে কিন্তু ফেরি মার্ক নিজে বুঝতে পারলো সে মানে
/kaggle/input/regspeech12/test/test_narail_0076.wav,তা উনার কি উনার তো কোনো কিছুই তো ঠিক দিছে না ছওয়াল এট্টা ছওয়াল এট্টা ফা টা গাফাঘাপি কুটু মাইয়ে বিয়ে মাইয়ে গেছে ছোট ছোট মাইয়ের ওই যে ক্যান্সার অইছে বুকি
/kaggle/input/regspeech12/test/test_kishoreganj_0165.wav,না না গাছ হচ্ছে গাছ পালায় গাছপালা ইত্যাদি উপর বিন্দুবিন্দুর জমে থাকা পানি বা শিশি পানি বা শিশি পানি করা যায় এইডা শিশি বালা সকাল কুনডা হ
/kaggle/input/regspeech12/test/test_tangail_0048.wav,ওই তো মানে ইয়ো করতে পারি হিংস্র ওইয়ে যাইতে পারে ফরে এইরকম করতে করতে মিরফানখান বাইছা অনেক টেকনিক শিখে ও মাস্ক নিয়ে সাগর থিকা মাছ ধরে ওই মাছ নিয়ে
/kaggle/input/regspeech12/test/test_narsingdi_0085.wav,তো তলায় প্ল্যান গরির না আমি সব ছুটির মধ্যে বাইত ভাবে ঘুমাই হুনছ না ফরে একচুয়ালি মনে অইলো ঈদের দিন কোনো প্ল্যান করমু কেমনে ইদের দিন তো বাপ মায় কোনো ফাই লইয়া ওই যাইতো ছায় না এবার আমরা দুইডা আছে কোনো জানি বাই ফাস্ট দান আর এই জাগা
/kaggle/input/regspeech12/test/test_chittagong_0001.wav,বাড়িত তো এইরকম ওই দি ইটা আইলে ন মাছ হিয়ার ফারে না তো গেয়া গরিয়েরে একন কি গরে দে তই আই দেহিলি মাতন ফরে এক্কানা বেরাই দরন ফরের খারণ
/kaggle/input/regspeech12/test/test_sylhet_0448.wav,তারা সব ইটা তারার ফাইয়া আইছে ইটা তো আর আমরা না না আমি জালার জানো না ও খালি লুকাই লগে এদিকি তারা কিতা খরে না আবার আমার নিয়ে বাসাত মাঝে মাঝে তাখে লইয়া এখন যাইবা দুই রুম বেটি বালা খাম যে মা তাকি দাও ফাঁচ আজার টেখা দিলে তারফরে আমার একটু সেইম অইলো টেখা আর আমি এক লাখ ই বেটির ফাছ তো না বেশি খালাম অনে দেখতাম নায়
/kaggle/input/regspeech12/test/test_tangail_0109.wav,তার বোনের লেহেঙ্গা চাইছিলো তার গাছ যায় না কিন্তু ওইটা খবরে দেখি নাই এখন ওটা ফেসবুকে দেখছি এখন ওইটা কতটুক বিশ্বাস যোগ্যওটা বলতে পারি না আচ্ছা তোদের কি মনে হয় যে ইদের আগে ইকানো আগুন লাগে সব সময় দরি
/kaggle/input/regspeech12/test/test_sylhet_0306.wav,বাদে ও তাইন সিলেট রাখার ইয়ো দিলা আমি তো হুস্টেলো আছি আমার এখন টার্গেট ওইলো গিয়া সরাসরি হোস্টেল থাকি তাইনোর বাসাত যাইমু ইসময় অইলো কুরবানির ইট আছিল গেছি বাড়িত বাড়িত যাওয়ার ফরে
/kaggle/input/regspeech12/test/test_narsingdi_0089.wav,দরজা লাগায় দিমু বাড়ি প্রসেস দরজা না দরজা বাংলা লাগায় জানলে লাগায় ও প্রকার ফাওয়া যায় কিছু ইমন সাইডে জান লাগোইন জাইন্না লাগাই কবো না এই জানে থাকবে চিল্লাইবো হাইলাম অনেক জোরে জোরে জোরে যারা করে যেমন বেশি ইয়া গান বাজান শুরু করবো
/kaggle/input/regspeech12/test/test_tangail_0097.wav,ছি না কন সখি না ওই নিগারে কহন ওয়ার ফ্রেন্ড হিসাবে দেয় সবসময় সখি না তাও আশা ফারে না হতাত একদিন ইমান আসে কিনারে ইমানে কতা দিছিলো যে বীজের ইখানেই আসবো ইখানে একটা বীজ আছে
/kaggle/input/regspeech12/test/test_sandwip_0049.wav,তই ছো ওই ইয়িন দিতা করে আইয়ে তোমার কাথরভুড আমাগে তা তুই
/kaggle/input/regspeech12/test/test_kishoreganj_0177.wav,আর রেট অত্ত লাল রেট অয় তো না ওয়ান তো কল লাখান অরে যত্ত কম না কার অরে যত্তে কম না খালার অনে তো কম না অনে যত কম লাগে লার হেরে অনে কতা কম না খালা
/kaggle/input/regspeech12/test/test_narail_0138.wav,ও তর প্র সারি খাইনতে হবে না আগে এই যে আগে আছে ইউরোপ ইউরোপের কোনো একটা হইসে পাঠাবে সেটা বুঝেইউরোপে না যাতি পারলি শান্তি নাই দুবাই সৌদি এখনো বাংলাদেশ ছেমা মাস গেলে ওই দে দুই লাখ টাকা বেতন আসবে সাত থেকে আট লাখ টাকা খরচ হবে যেতে
/kaggle/input/regspeech12/test/test_comilla_0019.wav,কেউ না কেউ ছিলো কারণ ধুল নাতা আমরা যখনই যাইর মানে এক মিনিটের জন্য থ্রি থাকে না বাচ্চারা সবাই কারা কার করি কার পর কেউ উঠবে এহন কারেন্টের সবটা কোন মুহূর্তে লাগলো আবার রুই যখন যাইয়া ওরা স্পর্শকরলো যদি ও শরীরে কারেন্টের ইয়া থাকতো তাইলে তো রুহিরেওকারেন্ট শর্ট করে তুমি কারেন্টের শট করায় নাই
/kaggle/input/regspeech12/test/test_sandwip_0008.wav,হ্যা ফালে বালি হাচকেজিবু কতো ভাবি বেগগিন না ভাবি আমি জানি তো কথা বজো ভারি মুবাইলির লাই চালা গেছে আছে বুজিছো যে একবার লই গেছে গো পরচা অনের দি গেছি
/kaggle/input/regspeech12/test/test_habiganj_0014.wav,বড়ডা বালা না সুন্দর আছে বড় মিলার তো বদ্র ইতা বাদ দে গেলে না ইলা বললা বেশি বড়রা আছলা ইলা কিলা ইস্কুলো না মাত বাইচ্চা না ইচ্চা আছে তান যদি ছোডো ফরে এইডা আমরা দো হিন্দুরার মাইনশের
/kaggle/input/regspeech12/test/test_sandwip_0081.wav,এলা ভাইয়া আঁই কিছুটা হরো না ভাবি আঁই ন অইছে আর চাওন লাইগদো ন নে যা হ কষ্ট করি গেছে কান ই গেছিগা কিচ্ছু দেহি না টান মা তিননো
/kaggle/input/regspeech12/test/test_kishoreganj_0195.wav,কিতা টি টান একসময় কতা ক ছে একটু বালো ফরিক্কা দিলাম দে ক বা আরে বান ঘুইরা ভিজি জন বা তা আর মাছ গুরা কি তুন ক
/kaggle/input/regspeech12/test/test_habiganj_0017.wav,কেডা যে উত্তর ছান বেডা আছে বেডার ফনরো দিন ফর ফর তিন ফুলার আফনে হি আল্লায় ইটা রে কর বাগান দি গ্রামো হয় মার মাইনষে প্ল্যান করে টেখা জমাইয়া বেডা দি ফোলা জমাত রইছে বাড়ি ফোলা সাক্ষাত রাতুল
/kaggle/input/regspeech12/test/test_sylhet_0215.wav,যে প্রায় ফাচশো গ্রামোর মাঝে প্রচুর ও পুরুষ লুক আছিল যারা চাকরি খরতো বিবিন্ন লেবেলের চাকরি তারা দলো পুষ্টি চাকরি খরতা ইস্কুলো চাখরি খরতো তো ব্যবসা বাণিজ্য করতো কিন্তু মহিলারা দেখলাম যে খেল চাকরি জীবন সব ভালয় সব হাজার আমার
/kaggle/input/regspeech12/test/test_chittagong_0066.wav,হ তা খাইস না কিছু হ খাই তো তুই খাইয়্যুস হু বৃষ্টি বৃষ্টি ফরের না বৃষ্টি আইয়েরে এমন এগলা গরি আছে ও
/kaggle/input/regspeech12/test/test_barishal_0027.wav,এই এক ফির এই কাম করছে মোর পোলারে মোর মাথায় মুই মনে কর মাথায় দিছি যে পোলা যে বাইচ্চে আছে এহন দুই ফিরে এক ফির মিস গেছে এই দুই ঠারিডা একশো টেয়া খাওয়ায় দেছে ওরে
/kaggle/input/regspeech12/test/test_comilla_0028.wav,যেদিন মারা গেছে ওইদিনে ইনো ম্যাডামের সাথে উনি বলছে যে আমার মেয়ে তো চলে গেছে এখন এডা আমি আরো উপরে কোনও অভিযোগ রাখতে চাই না এইরকম বইলা উনি আর কোনো এডা তদন্তের জন্য বা অভিযোগ আর খাতিরে বা কোনো কিছুর ইয়া করেন রাখে নাই
/kaggle/input/regspeech12/test/test_tangail_0072.wav,এরম চলতে তে প্রায় এক বছর পর ধানের আর চাকরির প্রতি অর হুষ নাই মানে সব সময় কেম্নে ওই শিউলির কাছে যাবো কেমনে সাথে কথা কবো কেমনে সিনিয়ান্টবো এরকম ভাবে আরকি অর লাইট চলতেছে কি
/kaggle/input/regspeech12/test/test_tangail_0009.wav,আগে যাইতে থাকে তারা বড় বড় ডিল করতে থাকে নতুন নতুন নাম্বার করতে থাকে কইন একেক পৃথিবীর বেঞ্চ যেটা থাকে একেক পৃথিবীর বিবিন্ন দেশে কনসার্ট করতে থাকে
/kaggle/input/regspeech12/test/test_chittagong_0058.wav,হেলু কেন ছু এইতো ভালা আছি কেন এই তো ভালা কি অবদান আঁই এখন বই আছি রয় আইয়া বই আছি
/kaggle/input/regspeech12/test/test_barishal_0017.wav,এহন আপনে গুলা খায় না হেই খায় ওরুক খাইবে কি তাইলে নাই আর যারা আরো হয়ে পাহে খাওয়ানের চেষ্টা করতে হইবে আর আমার ওই হোম মিনিস্টার খুব চাল লোক আস্তে বেলায় না খাবে রাত্রে খা হাবো না
/kaggle/input/regspeech12/test/test_sylhet_0106.wav,বই ইতার লাইগা যাই তো কুনু বাইতো আমার খুঁজে না এরা খাম খরি ঠিক খইরা খরতাছি অখন বিফদে আছে অন সাইডে খারন আমি গড়বা রাখতি যাবি বড় বড় আর দোকান বা খিদা দুই জিনিসের লাইজ্ঞা মার্কেট আই চারটা ছিয়া
/kaggle/input/regspeech12/test/test_sylhet_0616.wav,আর হে আর নুয়া ওতো মজনু আংকেলে মেটা হুম তে মজনু আংকেলে বলে ট্রান্সফার গেলো ও হুনছি বিয়ানি বাজার বলে আমরা ঢাখাত না ইয়া হুনছি আঙ্কেলের যে পাও বানছি জানোনি অয় হুনছি আনলে কিতা অবস্থা না আঙ্কেলে গরো
/kaggle/input/regspeech12/test/test_sylhet_0503.wav,ইগু দুনিয়ায় খালা অইয়া আইতো কিতা জানোনি অতো দি আইছি ফারি আমি জুড়ে দিয়া যাইগা যে দরিয়া আসছি খইছে তোরে তো ডি মা বাসাত লইয়া যাইরাম না মায় খামু তুলি তুল ফরে বাবা কিতা না তাইলে আছে এখন তো তার ছলিয়া যে ইখানো মায় খরছি খালি ইয়া আইবো সখলোই মন দুইটা খাইবো তুমি বালা অইল্লা ফরিস্কার খরলো তুমার লগে এমন বিয়া দিলাম না মায় খুইল্লা আইবো হিনো ওই তো সারাদিন নানা বাড়ি আর দাদির
/kaggle/input/regspeech12/test/test_sylhet_0421.wav,মানে ম্যাডাম আমি বরসা দিছোইন যে আমি ফারমু লইয়া আর এর আগে দুইবার ভুল বাসা খরছে আমারে ঢাখাত নিয়া বারো ঘন্টা বারো ঘন্টা অপারেশন খরছে কিন্তু ভুল পারোস খরছে আর তার
/kaggle/input/regspeech12/test/test_tangail_0100.wav,তোরা বুঝা যায় মানে এডা কি ভরমু এডা আসলে অনেক সুন্দর একটা লাভ ওয়ান সার এটা তো এই ছবি টাকা লাস্টের দুইটা লাইন মানে লাস্টের দুইটা লাইন আছে খুব
/kaggle/input/regspeech12/test/test_sylhet_0082.wav,এরি আর কলাম না অতদিন ধরি আছে আমরা নিয়া আইছি চাইর পাঁচ বছর পরে গেছি দে বিশাল বিশাল উনিশ অইছে এমনেই না তো ইরা এম্নে ঠিকটাক বালা এম্নে বালা আছে আমলে যাছ না তে আইছে অলা আছি তুমার বাড়ি কই জান কইছ না ন বাড়ি অইলো খানাইদা আমি না আমারে বান্ধবী আছে
/kaggle/input/regspeech12/test/test_sandwip_0109.wav,হেতে হোলা বাক্কা শাহিন শাহ তরে দেখছি যে ওগুনের তো দেই শাহেদ ইয়া দেখছি না হেইতে অন্য অন্য মাস্টাররা যেরকুম চা হোলানি দেখের বইয়া একটা হেতে লেক আরে লেখা ফালাইতে অইবো একদম মানি হরে দি
/kaggle/input/regspeech12/test/test_kishoreganj_0152.wav,মাঙউদভিদের দেহে নব্বই ভাগ ওই পানি মতো উদভিদের দেহে পাই নব্বই ভাগই পানি মরছে দেহে প্রায় নব্বই ভাগ প্রাণি পানি পানি উদ্ভিদের দে না সমস্যা অইছে ভাগ পানির অবে দেহে প্রায় পাকা পরে এগুলো হলুদ বা সোনা নিয়া
/kaggle/input/regspeech12/test/test_narsingdi_0035.wav,ডা অহন অইছে একশো চল্লিশ টাকা ফোনের দাম বাইড়া গেছেগা সো আফবারা দাম বাড়ছে কাপ স্ট্রিমেরও দাম বাড়ছে বইন একবারে দাম পাঁচ টাহা বাড় ছিলো না ফাস্ট ইয়া অনেক কিছু অনে বুলে একবার রাখতাম গেলেও অনেক
/kaggle/input/regspeech12/test/test_sylhet_0476.wav,বুড়া সময় নানি ডাইভার বতর চাপ ছিলিস টেখা ঠিক নাই সারাডাদিনে খয় টেখা খাওয়া আর বেডা খয় টেখা রুজ্জি খরে তুমারে দিতো ধন খাইয়া একদিন তোমারে ওউ ই টেখা ফাওয়া দি যাইয়া না যে বাইরে আমরা ওলান খইয়া বালা খইরা না না আমি ওরা তো ওইবো না মাঝে মিল মোহাম্মদ বেশি
/kaggle/input/regspeech12/test/test_sylhet_0084.wav,তাইর লগে মা তো বেশি তাই আমার অনেক কষ্টের কিন্তু আমার খারণে তাইর ফড়াডা নষ্ট ওইয়া আমি মানি খারণ তাইর মা এমন বিশ্বাস আছলা আমার উফ্রে আমি যদি বর্তি ওইতে তাই বর্তি ওইতো আমি যদি না ওইতে তাই বর্তি খরতা তাই আমার বাবারে সময় ফাও বাঙ্গি গেছে এখন আমার ভাইয়ে মাত্র মাত বইনের বিয়া ওইছে আমার বর্তি সময় বাবারো ফাও ভাঙছে ওতা খরে বাই আর কুনু খাইয়া খরতা ফারবেন না এখলা তো বাই আইছলা আমারে ফড়া বন্ধ ফরে সামনে করাইছে ফড়ার খাম নাই
/kaggle/input/regspeech12/test/test_habiganj_0069.wav,ইডা হায়দারাআলী বদরুল্লাছে দুইটা বদল চা কোন দিকে ওইডা অইলো গিয়া কিতা খরছে ওই যে ওনাকেও সেন্টার আছে না অন মিক্কা সেন্টারে ই সাইডের ও আচ্ছা ও নামি কে না ওই যে
/kaggle/input/regspeech12/test/test_sandwip_0089.wav,যাইতো না হ কি অবস্থা আছে অন আবার আইছে যে ইতা কিসু কচ্ছে কি রে কই কি অহন কাইছে কাইলে দুই লাক না
/kaggle/input/regspeech12/test/test_sylhet_0318.wav,টসুখ আমার নিজের যেগুলা মশারি বাশার ওতা আছিল সিঙ্গেল লাইফের ও সিঙ্গেল লাইফের ওতো আনিয়া ও কোন জাগার লাইফ শুরু খরছি মানে বাফের বাড়ি তেকিও কিচ্ছু দেওয়া ওইছে না শ্বশুর বাড়ি তাকিও কিচ্চু দেওয়া ওইছে না দুইজনও মানে ছাত্রর মতো অবস্থা
/kaggle/input/regspeech12/test/test_barishal_0029.wav,এই না না কয় না বা একবার হলাম না একটা আছি তা ঠিক অইছিলাম যে এ ঘামান শ্যাষ হওয়ার এক দিনে গা আমারে কবি শ্যাষ আর কি আমার কথা আমি খেয়াল করি আমি মনো আবার কাইলকে তো তর কতা কয় না
/kaggle/input/regspeech12/test/test_kishoreganj_0041.wav,হে উঠি না যে নিয়া মা
/kaggle/input/regspeech12/test/test_kishoreganj_0168.wav,বাপ তেকে বলে বাসা থেকে বললে পরিণত ওয়াকেবনপণত হকে গিব বাস পর থিকা ওকে গি জালিমের ডা বাস তেকি তো হলে পত হওয়া কে গি বাস লাগে তে পন্ত ওকে নিবাস থাকি চলে পর্যন্ত হ কে
/kaggle/input/regspeech12/test/test_kishoreganj_0061.wav,বাড়িতে বাদ গেছে আরে হাতে না ফরিবা আমরা কাটা উইড্ডা এ তর তর তর বারা আমার বরা দিয়ে ই দিয়ে তো ফিরে তো ভাবতা দি তোর বাবা তর বারে না বা আগে মন উটি লাইগা
/kaggle/input/regspeech12/test/test_kishoreganj_0016.wav,ও এরফরে হেই রাস্তা যে যে না দে এইডা অইতাছে হ ছলতাছে মানে করতাছে আমি কইছি যে ই বার দেতে আড্ডা যাতো না যে এই রাস্তা কইরা লাবডা কি তরে ইয়া হাইট্টা লাগা দুইটা না ভালো দে ভালো অইলে অইবো বেশায়া অহন দুই লাম ভাই হরে দুইলা এই কত কত দিছে না ভালো হ্যাঁ তা তো ভালো দিছে ন
/kaggle/input/regspeech12/test/test_habiganj_0067.wav,টান থাকলে টিক বাসাত চেঞ্জ অয় না যেমন সিলেটের আলাদা একটা বাসা একটা টান আছে আইচ্ছা আমাদের হবিগঞ্জ হবিগঞ্জের মদ্যে প্রাইভেট হসপিটাল খয়টা আছে যেনো
/kaggle/input/regspeech12/test/test_kishoreganj_0118.wav,ব্যাংকে দেহা যা ফাল মারে হুম জালা ফারে না গাছ একবার দান খাইবো ব্যাংকের যে ফাল ফালা জালা রে দি না ব্যাংকের ফাল মারে ফাল মারে কি কা এই গাছ করি কা গাছ ফাকা ই কা গাছ কা আগে আবার এই গাছ কুরিঙ্গাা কা কেলা ব্যাঙে ব্যাঙের কা কেলা সাফের ব্যঙ্গাকা কেলা এভাবে খাইদ্য সিঙ্গেল এইভাবে খাদ্য সিঙ্গারা নিচে কোন খাদ্য সিঙ্গেল সবটি কাছে নিজের যে বুইড্ডা পাবা
/kaggle/input/regspeech12/test/test_sandwip_0009.wav,এদিক খালারে ক না বুড়া ভালা ফালানি তারা বুঝা না তো কইতে হাইরবো কি থানা কী অবস্থা বালানি তোর ব্যাটে যাবার জান দিলে খরচ করি যে বিয়া করি বা
/kaggle/input/regspeech12/test/test_sylhet_0206.wav,তেরো চৌদ্দ বছর অই গেলে তারার গ্রামোর মানুষ আইও বিয়ার লাগি তো মানুষ খইন্না দেখা তাই খইন্না দেখাত আইলে তে খইন্না ফিটিয়া হাডি খাই মান যাইতা ফারোইননি তে গর লেখতা ফারোইন নি তে
/kaggle/input/regspeech12/test/test_sylhet_0692.wav,খেলা দুলা খরছি তা বড় ওই নো কাহিনী আছে টা বেলা বেশি আমি সবতা খরতাম না ওইতো নায় বেশ ভাগ সময় অখন তো বাইচ্চাইন তে যেরা দিছলাম আর আমার খাইলে একজন জুয়ার গেছিন তো বাইচ্চা নি এখন খায় অখন তো আমরার ছুটবেলা তো কতা আছিল ইটা ওইলো খম আছিল আমরা তো খেলা দুলা খরতাম বেশি স্কুল যাওয়ার সময় তো গেসিস টাকা একটু খেলা দুলা খরছি ফাইবো বাচ্চা
/kaggle/input/regspeech12/test/test_kishoreganj_0179.wav,খতো মিনিট বিশ মিনিট আত কামলা অলে কমলা কালা অন যত কম না কালা এই বিশ কিলোমিটার বিশ লা কালা ওই যে বিশ কিলোমিটার বিশ কিলোমিটার বিশ কিলোমিটার বেশ সমত
/kaggle/input/regspeech12/test/test_tangail_0089.wav,মোটামুটি চাইরজন বাজার কেউ নাই এই ছবিতে আরেকটা বিষয় অইছে এই ছবিতে আসলে মানুষ তেমন নাই খুব অল্প মানুষ নিয়া সুবিধা মেগ করাইছে আপনি পুরা ছবি দেখলেও মানে হাতে গুন মানে দশ জনের মনে হয় মানুষের নিয়ে সুবিধা মানে
/kaggle/input/regspeech12/test/test_kishoreganj_0087.wav,আলি খাই আছে কিন্তু এই দি খাইতে মিষ্টি লাগে কিমুন লাগে খাইতে হুম সৌদি আরবে কাছে ভালাই রাহিছে খেলে অহন ফি ইয়া ওই যে কি না কয়
/kaggle/input/regspeech12/test/test_kishoreganj_0025.wav,ঘুরতে করতে হয় জানি লক্ষ্য আর আমার তো একটা আইডি কাডের লাইজ্ঞা তো অন ঘুরতাছি হুম সংশোধন লাইজ্ঞা ফুষ্টবিশেষে লক্ষ্য যে ফান দিয়া এমুন বুলি কয় আমি সব কইরা যে সুন্দর যা এইডা ভুল কলেজ এ জাগা তো ব্যবসা বুজ্জুইন
/kaggle/input/regspeech12/test/test_chittagong_0062.wav,ওই কী হয় ভর্তি হইতে ফরিবি এন্নে তো মারি সেফার ন দি ইতারে তুন লম্বা অইবু যে না অইলে তুই কলেজের মদ্যে ভর্তি অই না ফারিবি তো আইতা ঘন্টা হাট ক্যাং
/kaggle/input/regspeech12/test/test_chittagong_0152.wav,আনিয়া আদিব আর আন্টিরে ফর তো অনে কেমনে ছলা যা তো মাইদে আর গাতা ঢুইক্কা ছিনে অনে গেইল না ক্যানরে হ চান্দা ফরায়দে গে এট্টু ধইরাদে গেই হুম
/kaggle/input/regspeech12/test/test_tangail_0024.wav,তারপর দুইজনে আবার একই সাতে গলা পছন্দ করে যেডার আর কুনু কপি নাই মানে জান বলতেছে ছাড়া সারা সারা বলতেছে যে না থাকে নিতে তে ছলে একসময়
/kaggle/input/regspeech12/test/test_sylhet_0713.wav,হুম কুন আলাদা নাই আচ্ছা তা এমসি কইরা দিছি মানে না আফনারা করছুইন করাইয়া আমরা আমরা আমরা মানে গাছ কে জানি সব কিছু ইতা আমরা লাগা
/kaggle/input/regspeech12/test/test_narail_0034.wav,উনি যদি করে না আর ফুরি শতান বাইশ না ম্যালা আমার হওয়ার দরকার নেই ওরা না চলি অলো হয় তাই না না তুই চাকরিডা পাইস না কি তাই তো এক দিন হ উরা দলিল কত্তি না দিয়া
/kaggle/input/regspeech12/test/test_habiganj_0012.wav,আমি আজকে মাংসের মাঝে একটা খামড় দিয়া সেরা বেশে অবস্থায় আছে এল্লাইগা ছাবাই দেখছি আমি দেখা তুমি সামনের খামের মাইঝে এখনা খাইলে
/kaggle/input/regspeech12/test/test_barishal_0081.wav,চলবে তো কাছে কষ্ট হয় যে তা কি কষ্টে চইলে গেছে অর যে না ওডা না সব হয় কষ্ট হইছে ডিড হেই যে আবার ঠান্ডা খানে পাওয়া গিয়া হেই মোর কতা হয় এই কই হেইয়া বোজেন না এই যে না হারা দিন ওই আছো আজান দিলে হ্যাগো কান খায় হ
/kaggle/input/regspeech12/test/test_sylhet_0179.wav,বড় সর কম তা না ছেলে কিতা মনে উঠি তারা আজকে অয় আইচ্ছা বউত সময় বড় বড় অসুখ অয় অয় বড় ইনকামও বড় না বুচ্ছি আল্লাহর রহমত থাকে ছুটো ইনকাম লুক অয় কেমনে চালাই না
/kaggle/input/regspeech12/test/test_kishoreganj_0008.wav,বিষ্টি হইছে হ না ব্যাকের ডবল্যাক
/kaggle/input/regspeech12/test/test_sylhet_0509.wav,মানে না আমার ভাইয়ে টেখা তোমার বেগ মানে ই টেখা না ফাওয়ার আগেও কুনু আমরার টেখা আমরা বাফের খতো টেখা বাইদে বুজরা ওটা আব্বা আমার না আমি খইয়া রাখি আমার আব্বু খইলা ছলা খইলা ছিল খরছে না ঠিক আছে বুচ্ছি এখন তালা ই জন খতো টেখা ইতা টেনশন না খতো টেখা খান না খইয়া আফনারার সাতে ছাকরি টেকা মিল আছে আমরা বাইগুন ব হ সবাই হিসাবে আমার আবুদা ফরে দেহো এমনে আমার আব্বা চাখরি জীবন জীবন চাখরি তাখতা সত্বেও ফিলটা ছা
/kaggle/input/regspeech12/test/test_sylhet_0491.wav,ওই তখনে বাবা ইয়্যিন দেইখ্যা নামে মাতার মাঝে আত ইয়া দিয়া সুন্দর করি বাবা তোমার কিচ্ছু ওইতো না তুমি সুস্থ ওই যিবা
/kaggle/input/regspeech12/test/test_habiganj_0081.wav,হঠাৎ খইরা মারা গেছোইন কয়েকদিন আগে খালি তাইনে গুম ওইছে মারা যাওয়ার আগে তারফর তাইনের কিতা প্যাডে মদ্যে কিতা খালি গুম ওইতো কিচ্চু খইতো কইবেন তো ফনেরো দিন ফরে ধরাত ফরছে তাইনে আর লুব কান স্যার
/kaggle/input/regspeech12/test/test_narsingdi_0029.wav,দেখা যায় কী অয় স্বপ্ন তো ভাই সবাই দেখে বুচ্ছস এহন সবাই স্বপ্ন তো সত্যি অয় না টিম আছে বারোটা চতুটা টিম আছে সবাই তো যাইবে যে বিশ্বকাপ জিতু কিন্তু ওই তো জিতবে তো যাইয়া একজন দুইটা টিম ফাইনাল খেলবে
/kaggle/input/regspeech12/test/test_rangpur_0079.wav,খাতি না বাবা যাই এ কি আন্দিবেন বেটি পাকশাক খানা মাছ পা মাছ বেগুন আলু কালাইর বরা ভাজমো
/kaggle/input/regspeech12/test/test_narsingdi_0008.wav,ইন্ডিয়াতে দেখ এই চাহাল রবি কৃষ্ণ রাহুল তে তো ওরেও তো আছে ওরা ভালো লক্ষ্মী নয় বাংলাদেশের একটা অলেক্সপরেন্ট না এই কয়দিন আগে কিষাদরে নিলো কিন্তু
/kaggle/input/regspeech12/test/test_sylhet_0349.wav,ওউ মনো ছাকরি খরছি ব্রাহ্মণবাড়িয়া মহিলা কলেজো তিন মাস তখন আমার লাগ খুব বালা বুচ্ছোনি আল্লা আমারে পতিটা ডাকে থাকে খুব সহযোগিতা খরছোইন আল্লার খাছে চাইছি ফাইছি
/kaggle/input/regspeech12/test/test_sylhet_0664.wav,বড় ছেলের ঘরো না তুই ডাক্তার খইছোইন ডাক্তার ওইছে তুন আরও পরে বা সাকরি ও বড় মেয়ের ঘরো না তে এগু প্রবেচ্যার পড়ি শুনবে স্যার অইছোইন খানা যার খেলে ঘর পরবে স্যার
/kaggle/input/regspeech12/test/test_sylhet_0395.wav,আর তুই খতো বছর দইরা আছলা আমি ইনো সাদীপুর বলতে আমরা নিজের বাসা বাণিজ্য বুচ্ছোনি আমরা এনো বাড়া তাখরাম আর ইনো কিতা আছিলাম ওই সাদির বারো তেরো বছর আর ওউ দুই মাস অইছে এই জাগাত আইছি সেরাটা কেমন বালা আছে
/kaggle/input/regspeech12/test/test_narail_0048.wav,বাক সে আনি ভাবে তোর বাবা ওইছো আনে বড় বড় এই ফয়সাল পাবেনে আইছো ফহির ছলতো অন্যরকম আমাগে দিবু মাটে কাটিছে আমাগে রাস্তার কলেরতে আনে আমার কচ্ছে এই তোমার দিনি আমি কচ্ছি কি এই তো চাইর পাঁচ দিন আগে
/kaggle/input/regspeech12/test/test_rangpur_0028.wav,বড় আমার একটা সৃতি মনে আসে কি এইপাশ দিয়া গেইসে ঢেল বাড়ি ন বু ভুই দিয়া দিয়া বেবি ছোট আসি তাতে তোমার নানির ফতেয়া অদ্ধেক খাইসে আর অদ্ধেক গুলার হোলা করি আইসে এখনা গরি করে ফির চাই
/kaggle/input/regspeech12/test/test_narsingdi_0057.wav,খাইয়া লা যদি আমি অনেক বালা আছলাম দি দ্বীপ বরাবর আমিও আছিলো তর শ্যাষে কেম্নে জানু উঠলো হেয় দিবানি সত্যি কতা কই আমার তে বালা যারা কেউ কি সত্যি কতা
/kaggle/input/regspeech12/test/test_narail_0072.wav,ও বাড়ির কাহিনি ও জানো না ওই বাড়িও না ওর বাপ ওই সুমায় দখল কইরে নিয়ে নে ওই বাড়ি অচ্ছে না ছোট থাকলো মনি কি কবো ওই যে লাইট মাইর স্যারে দিলি টিলিপ সে না আর মায়া টাহা থাহে না বারে
/kaggle/input/regspeech12/test/test_habiganj_0027.wav,তারফরে যে আমি আমি কেরে হয় কুন সপ্তা লাগে
/kaggle/input/regspeech12/test/test_comilla_0004.wav,প্রতিদিনের মতো ওইদিনও রুহিকি নিয়া আমি ইস্কুলে গিয়ে ছিলাম ওডে সবসময় আমি বাসা থাইক্কুলটা দশ মিনিটের দূরুত্ব দশ মিনিট না ছয় সাত মিনিট আমার বাসা থেইকা রই ইস্কুলে দূরুত্ব তাও আমি ওরে দিয়া যাই আমার মতো সব মায়েরে তাদের ছেলে মেয়ে দে দেখা যায় গেইট পর্যন্ত দিয়া আসে
/kaggle/input/regspeech12/test/test_sylhet_0120.wav,তো দোকানো হরায় দি আরো খান আফনে ইখানো দোকানো খাম খরে ই ইয়ো বন্দ এখন শয়তানি খম ছেনি না না ববিষ্যতও ফরে না ইয়া বুঝে অখন বুঝবো আর বাইরে মাদ্রেসাত দিলায় কিলা কিতা অবস্থা খরলায় মরার গো একটা হুজুর আছলো
/kaggle/input/regspeech12/test/test_narsingdi_0018.wav,কি আর বলমু বল আসলে যারা চৌদ্দ কোনো বছর ধইরা টিমের ছাবি দিতাছে হেরা এহনো খেলতে চায় আর হেরা আহমদ নতুন পাঁচ ছয় বছর ধইরা খেইল্লা এক অবস্থা
/kaggle/input/regspeech12/test/test_sandwip_0034.wav,আই কই এগিন হিয়ার রাতে উডান ক হিয়া গিয়া হেগিন কুইডবাল্লাই কি বই রইছে নিয়া বাইস অইবো হেগিন হালাই আনি দিয়া খারাইছি হ্যা আনি দিয়া ফালাইছে নিয়া আইছে গোসল খরিয়া গই আমরা রাইত বা
/kaggle/input/regspeech12/test/test_narsingdi_0129.wav,তো ওই যে আমার রেজাল্ট রে কিনা রইছে গা এইডা হিয়ার হইতাছি বইন এডার হেডে সেইম জিনিসে কিন্তু আমি কমু এমনেত্তে এম আই সিনডা বেশি ভালো কোনো কারন হেডে প্রেগ্রেন্স পর কান আমার তো আমার তো মানে কী কয় করতো মানে এতো পারো দরকার না
/kaggle/input/regspeech12/test/test_rangpur_0056.wav,ফেসবুকত বলে দিসে বলে কাইলকা বলে না হ হ হ খালি ফেসবুকত অনেকজনে দিসে এটা নাই কি ওই যে তারার বা হসিল না এই হইলো এটা হইলো সামনে দুরভক দেখা দিবে তার এট্টা লক্ষ যেকোন একটা লক্ষন মুই কই
/kaggle/input/regspeech12/test/test_kishoreganj_0097.wav,চুদি বাত দিমু না পরিবেশটা বাতাস আছে আও বাতাস আছে হ্যাঁ গাছ বালা নাই গাছ গাছালি নাই গাছে ছালাছি নাই মেহাদ ফানি করি যাইতাম না হ্যাঁ রাস্তা মইদ্দে সে দে কি নাই আমার টেকা অইলো গেছে আমার গ্যাদা
/kaggle/input/regspeech12/test/test_barishal_0099.wav,হয় কর সত্তুর মইদ্দে মোর যে হইলো জীবনে কত বিলাইসে দুইডা ফাইবো হে করবার পাকেরশ কেজি মানি কাইড্ডা মানে ভাবে ক্যামন তারা হে
/kaggle/input/regspeech12/test/test_sylhet_0238.wav,আর বড় ভাই তো খই খইলা এর আগে আমার আব্বাও মারা গেছোইন বড় ভাই তো খই খইলা যে যেহেতু আব্বা নাই আর এখন যদি আমরা তাই যে বিয়া দিলাই আর তাই যদি
/kaggle/input/regspeech12/test/test_kishoreganj_0109.wav,হলো খাদ্য সখাল সবুর ওরবি থেকে এই প্রতিটি খাদ্য খাদ্য জাত যে কোনো বাঁচো সংসার অনেকগুলা অনেকগুলো
/kaggle/input/regspeech12/test/test_kishoreganj_0193.wav,বউকে কি বলে কিতা কি বলে কি তো নি হুম ইন্দিও এইডা অত অন্যের কিতা আর সে লন্ডন
/kaggle/input/regspeech12/test/test_narail_0013.wav,আমি তোর তোর সাথে তো ওর কোনো কোনো খারাপ কথা কইয়ে বেড়াই আমি কিরাম জানছ আমি কোনো সময় বা যে কতা আমি কোনো সময় তুলি না আমি তর আমি তুলি না যে ভাই তুই ভালো থাকলি ভালো থাক খারাপ তাইলে তা যার জন্যি টাহা পাঠানোর কতা সে গেছে মইরে টাহা তো আমি কি বাড়া পারবো আর এহন
/kaggle/input/regspeech12/test/test_sylhet_0600.wav,স্যারে চাইরটা ধরি বই আমার কতা লাগছে ওইলো গিয়া মানে আমরার বলে ব্যাচের ছেলে গুলা যেতা ইতা বলে কিতার মানে ঝগড়া ঘাটে ফরে আইছোইন না স্যারেরার সাতে মানে স্যার সাতে আমি কুনু কিছু না আমি কান্ড সটিক ওইছে ইটা তো সেঞ্চুলেন্ট বিল তা ওই যে স্টুডেন্ট এরা কিতা খরে না আয়োজন খরে স্যারেরা খরতে চাইছো ফুরাটা হ্যান্ডেল খরতে ফাইছোইন বাট জিনিসটা আর কি কেমন একটা অবা বিচি খরলাম বালা লাগছে যায়
/kaggle/input/regspeech12/test/test_sandwip_0014.wav,ষোলো শ টিয়া দিয়া আড্ডা মাছ লাগি মিলে কোনো ব্যাফার আছে হ হরি না ই হরি ইস্কুল গেছে হেরা আক্কলহাডা না কচ্ছে দরিগা ধান দরকার বউত টিচার ফাই হুনি না জামাই ষোলশো টিয়া দা মাছ গোলা অই যা টিকমতো হ হুডি গাড়ি ইয়া মলি দুনুগা বলে হিয়া করছে ফন গিয়া রাইনছে আন্দনের কোনো আগায়া অনো গরো
/kaggle/input/regspeech12/test/test_tangail_0098.wav,সুন্দর একটা ছবিতে দেখলে দেখবেন ব্রিজের আসে ব্রিজের কাছে আসে তহন আর কি রাত তহন কিনারে কিনারে নিয়া ও আস্তে আস্তে চইলা যায় এমনে দিকে আর এইদিকে রনবির কাপড়
/kaggle/input/regspeech12/test/test_sylhet_0726.wav,ওউ গিয়া শেষ ওই জমি উরে নাতা নিয়া যাও না নি সখালে জামাইরে আমরা নান্দে জামাইরে আইবো আরকি হে আরাইয়া তো বউ জামাইরে লইয়া ফুরায় তো ওই যে কিতা খয় এই যে আফনারা তো উপবাসো থাখা লাগে মনে অয়
/kaggle/input/regspeech12/test/test_kishoreganj_0102.wav,উদ্ভিদ গাছপালা প্রাণী গরু ছাগলের মাছ বি ইতে গাছপালা পানি অইছে গরু ছাগল মাছ হ্যাঁ মাতি উর ভিত্তে কে বিভিন্ন স্থানের ছড়ি জিবে ছড়ি পড়ায় হলো বীজের বিস্তর বিজে বিস্তর বিজে
/kaggle/input/regspeech12/test/test_sylhet_0153.wav,সুন্দর আর বিয়ার কাহিনী তুই জানতাম ওখন তো যদি কী ইতা আরো বেশি সুন্দর আছে আগে তো ইতা মনে করো গরিবান ছোডো ইয়া অইছে ওখান খুল্লা খানা অখন থাকে তাইলে কিতা ওই তো বিয়ার মইদ্যে গান খার অনে কি
/kaggle/input/regspeech12/test/test_kishoreganj_0132.wav,কলা কা নাম কাডল তর মুছ হ্যাঁ ফাডা লেচুর ডাক এডা যায়া কী বান্দি আমার অছ হ্যাঁ না ফরে কি
/kaggle/input/regspeech12/test/test_sylhet_0651.wav,বা কিলা আছিল বেডা ফিলার গেছে যে কি কি রাস্তায় রাস্তায় ন্যায় কে অবিচার করছে ওটা খেলিয়া গেসে মানুষ আফনারা কুনু সময় ইগুলার স্বীকার অইছোইন নি মানে এরার কুনু আক্রমণ খরছে না আফনারার উফ্রে ফরছে আক্রমণ আক্রমণ খরিয়া
/kaggle/input/regspeech12/test/test_narail_0149.wav,হ্যা আমাগে বাড়ি তো একটু ভিতরের দিকি মানে ভিতরের দিকি বলতি বেশি ভিতরে ও না ওই ছুটু ভাই আমার বড় খাক মা আছে অসুস্থ মরার কথা বুঝছিস এখন এই জন্যে যদি বাইরে মানে নাতি বউ থাকবে তাই বাইরের বিয়া দিয়া লাগিছে উনি পছন্দ করে এই মেয়ে আনতিছে গিরা
/kaggle/input/regspeech12/test/test_tangail_0080.wav,এই শিউলি মারা গেছে বরুন দাওনের ফোনে পরে বরুন দাওয়া তোরা ভাইঙ্গা পরে পরে আবার শিউলির বাসায় যায় যাইয়া শিউলিরে দেহি দেইখা আছে
/kaggle/input/regspeech12/test/test_narail_0066.wav,এই তো এই ভাবে দান আছে তোরা শরিক না তালি শরিকির জমি রাহিছে তাইলে সেইডা কতো বাবা হেতের মাইর বালা দিছি বাসা ছা বাসা কত কেজি লোম ছেলো লেহাফড়া জানে সে
/kaggle/input/regspeech12/test/test_chittagong_0071.wav,চায় না বাই এহন মালিক ডিগ্রিডা আবোল ফরিবুদে অনার্স ত না আইবো হনে ক্যানে আইবু অনার্স যদি আনারস মানে সে যদি না গরি অইলে আইসতুনো ডিগ্রি ছাড়া
/kaggle/input/regspeech12/test/test_rangpur_0099.wav,হিয়ার আগেরবার ভালো হইচিল না এইবার ভালো হবার নাগচে কোনবার ভালো হবার লাগছে আগের ভালা বা ওটাও কিনছিল আপেল তবে মাল টাল টা কিনছি আর এগুলা লাই
/kaggle/input/regspeech12/test/test_sylhet_0342.wav,আমি যাই ফরীক্কা দেওয়াত সখালে গিয়া ফরীক্কা দিয়া মাঝখানের যে এক ঘন্টা টাইম টা দেখি দুইটা কলেজ থিকা একটা দৌড় দেই এখটা দৌড়ে বাসাত আই আইয়া ওয়ার সময় যাই তারে খাওয়াই খাওয়াইয়া আমি একটু পানি খাইয়া আবার দৌড়িয়া যায় মানে এক ঘন্টার বিতরে আবার সেন্টারো যাওয়া লাগবে
/kaggle/input/regspeech12/test/test_chittagong_0004.wav,ইয়্যিন থাইয়েরে মাথা গিয়া এগারোডা কেয়ার তুন যাই কাম খাইয়া কেয়ার তুন ইয়ান খাইয়া না আছিলে মাইদ্দে চিনে না বাদে তুই যাইগা আছি ডিউটির লইয়েরে আত্তে সমস্যা না
/kaggle/input/regspeech12/test/test_sylhet_0715.wav,ফালাই সাত বন্দু তাইনেরো বিয়া ওই গেছেনি লাইগা খরি খই ফরোই
/kaggle/input/regspeech12/test/test_chittagong_0033.wav,অন এহন ঘরোত আগে এগু বলে খামার যা না লাবিবা ওকগোর লাই বলি এরে খোনো মিক্কে যাইতো না ফারবে কি আই তারার সাথে কিনি দিয়ার দে না হ ফাল্লা খোনোমিক্কে নও যাই দাও যাই হইল্লা ফুয়া জামেয়ার আর তার ঘুল্লা
/kaggle/input/regspeech12/test/test_sylhet_0504.wav,বাড়ি খালি আড্ডা খরছে দিনে রাইতে বিশটা আবার চেঞ্জ অইলো গিয়া আমার মানুষ বাইচ্চাইন বুঝে না নি সারাদিন দুলায় বাড়বে তাই ফালাই কিতা ই দূরে ধরি বুলিগেছি
/kaggle/input/regspeech12/test/test_sylhet_0260.wav,খালি একটা ইউনিট এপ্লাই খরতাম ফারমু আর ওই ইউনিটটো সর্বোচ্চ তিনশো জন নিবো তিনশো জনের মাঝে আর্টস থেকি নিবো দরো তুমার একশো একশো সাইন্স থেকি আরো একশো আব্বা মার্স থেকি আরো একশো ওলা খরিয়া এখন তো আমার স্কোরটা খুবই সীমিত অই গেছে তো সীমিত ওয় আমি
/kaggle/input/regspeech12/test/test_kishoreganj_0090.wav,রে ন পাকিস্তানের লগে আছলি হুম মুডা বুলে বট কাক্কা না হ্যাঁ হুগনা পাকিস্তানের হুগনা
/kaggle/input/regspeech12/test/test_narail_0181.wav,তুমি তো দুইশো না দুইশো দেয় পাঁচশো নিয়া ওইছে ওরা তিনজনের খাবে আমি তো মাংস খায় না আমার ওই যে তার একটা আছে মাংস খালি আমার কথা আবার ওই জানে মাংস খাই না কোনো পলিটিক্স তো খাই না যে মাসে একটু মাংস খায় আমার
/kaggle/input/regspeech12/test/test_rangpur_0120.wav,ঠাকরি কালাই এলা পাওয়া যায় পাওয়া যায় না এংকর খান না এংকর কাইলকে তো ঠাকরি কালের ডাইল খাছি এংকর খান না এংকর ক্যা এংকর কি ডাইল নোয়ায় ডাইল হইলেও স্বাদ লাগে না
/kaggle/input/regspeech12/test/test_chittagong_0031.wav,তুই ওর ইতারা মোবাইল বুইজ্জোস না তো ন দো ওডি ওডি দিয়া মোবাইল আসার মিরগিতোই চায় ওডি মারে গেইয়্যে আবার টিক টাক গরাইন গাসটা করি দিলা ন
/kaggle/input/regspeech12/test/test_chittagong_0140.wav,ফাই বেশি গুসা দে কি দাত আ তোরে আমি গুসা লাগে তো ভাই ইয়্যিন খইরদে এন্নে তো ই মাতার ছাড়া অয় না যেহেতু রিজিব করে এনো আঁই কন দিতাম আর তুই ট্যাঙ্গাফেত পুরে আঁই
/kaggle/input/regspeech12/test/test_narail_0045.wav,ইন্ডিয়া চইলে গেছে না তো চিনি তারা আছে আর তারা তো কচ্ছে সে ইডা ছলের কথা আমি যে শ্বাস তার কথা ক মাসে তো কচ্ছে সস না এলো বড় বাড়ি কি বংসের লোক বুঝছিস কিনিদি মাংসের লোক সুদি বাবু কি বংসের লোক
/kaggle/input/regspeech12/test/test_sandwip_0077.wav,তোরা ফা কতারে চাকরি ক যে মনে কোনেকার দে পত দাম দিবা এগিন কি দি কিন্নি তুমি কিছু ক ক ক তো কা আমার কাম করি যে তন কা হতে লাগে না না কাম আস্তে আস্তে করে তো কাম যাইতে করে ইয়ান ক্যা কইতে পারতেন হেডিক্কা
/kaggle/input/regspeech12/test/test_sylhet_0406.wav,আশা আল্লাহ আল্লাহ আফনার মুসলিম নানি মুসলিম না ও মুসলিম আছলাম আমরা ওইদিক দিলে সারা কিন্তু আমার লাগি আমরার এদিকে যাইতাম গি তো মনে খরো আজান ফড়লে তারার আমরা আজান ফড়ার লাগি তারা শুরু ওই যায় হাছা খতা আমার গুম ফড়তি রে অসুবিধা খরে এরফরে আজকে তিন চাইর দিন লাগি তারা যদি উষ্টা ছলে মানে গুমাইযায় না গো
/kaggle/input/regspeech12/test/test_narsingdi_0027.wav,রেডিকেটেড পার্সেন খুব ভালো আইপিএলে ডাক পালো এই বা তোর চেষ্টা কইরা যাইতে হবে পরিশ্রম করতে হবে নিজেরে প্রমাণ করতে অইবো যে না আমি ভালো খেলি তাইলে তো অইলো হ্যাঁ তবে
/kaggle/input/regspeech12/test/test_narail_0004.wav,ম্যালা আগেত্তে কাকা আমাগে দিয়ে গেছেলো এই জমি নিয়ে কি ঝামেলা টামেলা করবান্নেকি আমি ভাই ঝামেলা আমি তো কিছু বুঝি টুজি না আমি দেহি জায়গা জমি কি অবস্থা আছে তারপরে খাচ্ছে খান আমি তাই কইছি তারপরে দেখপানি আর আমি কইছি আমি তো এগুলো করতিছে না করতিছে এক কাগা কাগারে দিছি
/kaggle/input/regspeech12/test/test_noakhali_0001.wav,একশো আশি তারফরে এই ইয়া নব্বই দে কেজি হ্যাঁ একশো আশি নব্বই দুইশো সত্তর ঠিক আছে নি আর আশি ঠিকাছে না আছে না তিনশো হাট মোট তো আমারে নব্বই টাকা নব্বই এক কেজি আছিল ইয়া হাট দেড় হা ন
/kaggle/input/regspeech12/test/test_kishoreganj_0004.wav,না ওয় গাড়ি মনে আর বাগুমারা তুমি তো বারে না কি আরা বাড়ি এন্নে জর কিডা কালকে তুই আছি ভাই যে হাঞ্জা তো ই
/kaggle/input/regspeech12/test/test_sylhet_0760.wav,ওর না আমি তো দুলা বাই আছোইন ডং কইরা একটা পানি দিলাম তো ই ফানি তারা আমরা উরা নানি খইরা ফারে না ফারে না উড়িও না উড়ি তো তারা দুইজনের সম্পর্কটা কিতা বুচ্ছি না আফনারা দুইজন
/kaggle/input/regspeech12/test/test_rangpur_0110.wav,তাকি নিয়া নিয়া যায় কিলা চট্টগ্রাম আরে খাই তো চট্ট ভালো হইছিল মানুষজনও বেশি তোক ইয়া করছিল নোয়ায় তো
/kaggle/input/regspeech12/test/test_kishoreganj_0015.wav,নতুন রাস্তা কাছে ডাক দিবো সরকার আছে যাক দে না নতুন রাস্তা তারফরে তো না সরকার তাইলে না সরকার তো দিবো তো বড়ডা রাস্তা তো গাড়ি চালা লাগা মাইরা দিলো মানে নতুন রাস্তা তো ডাবায় বা ই বেছাইবেন
/kaggle/input/regspeech12/test/test_barishal_0069.wav,খাওন কইরা পেলেট আবার বরতে থাহে না বউ যদি না দেয় তো মোরা দিমু ক্যামন তারা ক্যা আমের দিনে বড়ো কি করছে দেখছো এত বড় তা বিচের ফুলডা মানে এতো বড় বালিশের তলে ঢুকাইবো দুইডা নারে ছাওয়া বা এক দাইর দ
/kaggle/input/regspeech12/test/test_kishoreganj_0183.wav,ভাই কি এ আমার মাতা যেমন বাইতাম না ফরে বানাই আর এই ফরিক্কা খেলে ফরে আমরা হে ফরিক্কার ফরে আগে ফড়ো কইরা গেছে
/kaggle/input/regspeech12/test/test_chittagong_0155.wav,অ্যা তা বারে না এরে গেইয়্যে ওই ও আইচ্ছা আইচ্ছা তো আর কী অবস্থা কলেজের টলার জন্য আইচ্ছা লেগ কলেজ সুন্দর তাতে ক্লাস নমবন্দওনটারোর ফরিক্কা চলের দে
/kaggle/input/regspeech12/test/test_kishoreganj_0098.wav,সবাই মাইন্না খাইবো হ তুমি গেলে খাইতারবা মক্কা ওই লাগে হুম হুম কি করা লাগবো আমি বাসাত ছা আরি আসে করো লাগজে না তোমার ইয়া অই যা যা দিছে এবা কানি দিয়া মক্কার খানি দিয়া নল দিয়া তর দিছে নলানিওমনে মারবার চালু দিবা ফানি বাই অইবো এই যে মসজিদের মতো আছে না এই সিস্টেম করা গেলে খাছে গেলা সাবে গেলা দিয়া ধরা দিছে ও মনে খাইতাছো
/kaggle/input/regspeech12/test/test_barishal_0011.wav,মাঝে মাঝে কিতা মারি পানি বানাম করতে পারি তায় পারি ওই দিছে কয়া কা ন রশি হানি শালা ওইছে পানি বানা ফানি পায়া কা ন বেশি আমাগে লগে অনেক বাড়া রইছে এরপরে এমেরিকা আমাগো বাড়ির আশেপাশে বেশির ভাগ দিন হিলা দাদাই তো না কালি করে
/kaggle/input/regspeech12/test/test_sylhet_0507.wav,তারা এট্টা কথা আবার টেখা লাগি আমি খয় টেখা ফাইরাম সময় সখালো দিকে আরে খঠিন আমি খই দি ফরা ভাই খয়জন খইলাই ভাই ই ছাইর জন কচ্ছে ভাই তিনজন একজন মারা গেছোইন আর বানায় গেছোইন তো আর জন তো আর কিচ্ছু নায় মানে দিন গ্যালা উডে আর আমরা বইন তো ছয়জন তে এখন একটু আমরার ওইছে গিয়া কিতা হেন তো ইতা না তাইন তাইন ইতা নাই ইতা আমরা উনি ই না তাই না আর আমার উল্টা খইবা খছান দিয়া লা আমরা টেকা গুল বিল রেকর্ড আমি এমনে মাঝে মাঝে দি যাই
/kaggle/input/regspeech12/test/test_rangpur_0043.wav,কিসের তোমরা কন না গুয়া পান বুলে তো হ্যা যদি একদিন একনা গুয়া পান বারায় না তালে মুই কোটে থাকি মুই আগের চে এক জম খারাপ হয়া গেছোং মুই আবার না
/kaggle/input/regspeech12/test/test_kishoreganj_0202.wav,মানে খাতা না আইচ্ছা বেডার শুকনে জন্য কি ইবার হেড ইচ্ছা হেডা হেডা ব্যবহার করে বা বের হেইডার কিবা কইরা পাবার করি অগনিনির্ভাব জনে কার্বন ডাই অক্সাইড ব্যবহার করা হে অগিনির্ভাগ মানে আগুন নিবার জন কি পার করা হয় কার্বন ডাই অক্সাইড মজা
/kaggle/input/regspeech12/test/test_habiganj_0023.wav,ফরে ফুজা দিমু এরফরে গান গাইমু এরফরে আমরা একটু পার্থ তো না খইরা এরফরে তে আমরা যাতাম আর যারা ওই যে
/kaggle/input/regspeech12/test/test_sylhet_0077.wav,এখন তো খান ইচ্ছা খরে আমার খুব ইচ্ছা আমি টিচার ওইতাম ফড়া না আমার যে টিচাররা ফড়ায় তাইলে দেখি আমার আগ্রহ যাইতো বাড়ি অইছে ফতমে আছলো না কুনু কিচ্ছু ইচ্ছা আছে না এখন কি স্যার দেখা তারা দেখে তো আমার আগ্রহ বাড়ে আমার কেমটা
/kaggle/input/regspeech12/test/test_sylhet_0686.wav,আমরা দিতাম না বাংলা ইংলিশে বাংলা খরি মানে আঞ্চলিক ভাষা দেখা যায় বাংলাদেশে গিয়া খরা যায় না তে রাত্রে অনেক সময় বা অইলো
/kaggle/input/regspeech12/test/test_chittagong_0104.wav,আর তো মা রাখে তোরে অনেক আইচ্ছা ঠিক আছে রাহি ত অইলে রাহি অইলে ভাই ভাই কাটাই বালা থাহে আরতা বালা থাহি আইচ্ছে আইচ্ছে কাটা
/kaggle/input/regspeech12/test/test_narsingdi_0012.wav,হ এডির ও তো কাহিনী টাহিনী কইরাই আস্তে আস্তে রিটারমেন্ট করার লাইগা ফ্রেশ দিতাছে এক মাশরাফিরে দেয় একটু সম্মানের সহিত কিন্তু ওই রিটারমেন্টা নিতে পারতো কিন্তু এডি করেন তাও এহন ওই বিপিএল খেলতাছে
/kaggle/input/regspeech12/test/test_sylhet_0463.wav,আর গরোর মনো খরো বইন খইছি দুইটা মেয়ে তাইন আবার তাই আবার এসএসসি ফাশ খরছে খরার ফরেও বিয়া ওই গেছে কলেজো যা আছে খরছোস খরে এখজন অখন অখন মজার খজন যাইবে
/kaggle/input/regspeech12/test/test_kishoreganj_0033.wav,মানে কি করছে ইবারে আল্লাহ দিছে মাইনষে বিষ্টি লাগে শাক সবজি অয় না কিন্তু মানে ধান সুন্দর হইরা লইছে হ ধান ইয়া শেষ সুন্দর ইয়া লইছে হু
/kaggle/input/regspeech12/test/test_rangpur_0128.wav,মুই ওমোক ক মরিয়ম এলা ইয়া করি দিবে মরিয়ম আছে না
/kaggle/input/regspeech12/test/test_tangail_0025.wav,লোক আইসা বলতে যে দামী নিবো ফরে জান বাদ দে ফরে সারার জন্য দিয়া দেয় না তান আসলে প্রথম দেখা তে ই সারার প্রেম পইরা যায়
/kaggle/input/regspeech12/test/test_sylhet_0125.wav,সবাই মুডা আল্লা দিলে ভালা আছে আচ্ছা খুঁজ খবর নাই হ হ তো মুডানরে ভালো আছি ফরিবারের মতোই কিছুই না ইবার মতো গুছ ভালোয় আছে আমি কই সব বা বালা
/kaggle/input/regspeech12/test/test_narail_0029.wav,কিডা আসাদ মিয়া আমার আসাদ মিয়া কি ওই তো রে বলে তো অনেক ছেলো ওই জমি নি কি ওর কিছু জানো মাডি আমি সব কিছু জানেন আগে তো শুনি ছিলাম তোগে তোগে আমাগে এখন ফরে আসাদ মিয়া ক্যাম্বা লো কি অলো জাইন্নে আসাদ মিয়া অলফ টু খাতো এনতে সেন্তে আসাদ মিয়া ম্যালা খায়
/kaggle/input/regspeech12/test/test_chittagong_0085.wav,ওই কম্পিউটারের মধ্যে ফরতে ফরতে দরো কেউর গর কম্পিউটার নাই বরতে কি ক্যা ওই পথম আঁরা জানছি কী হুম ইখানো যে তুই ফরীক্কা দন ফরে মানে গরি যতক্ষণ এক কতক্ষণ গরি ফারিবি
/kaggle/input/regspeech12/test/test_chittagong_0050.wav,জামাই টা মাইয়ার খাজ হুনি কিছু নাই আফাতত আফা তা এহন ওগগা এখালা মানুষ বুজ্জস না ওগগা হে না অয় নাই স্যারে দি যে তোরা ওরে তো ফারিবে খতে গরিবি তোরার দলা সম্ভব ফরি
/kaggle/input/regspeech12/test/test_rangpur_0038.wav,তারপর না মারা উরি এবার কা খেজুরা যে এত বড় বড় আর দিয়ে একনা ভাত খাবার আল্লাহ তো বৃষ্টি না বে হ মরি কিছু করি আছে বাড়ি তার চুলার না ভালো না না চইল্লা দরজা গেলে নাই আর আর খাওয়া
/kaggle/input/regspeech12/test/test_narsingdi_0134.wav,এইল্লা টেন ফুডে তর যাইল হুডা আছিলো অবশ্যই আইছে যাইল ফুড আম ডাল নাম সো আমার চাইল কুত্তা আছিলো খাইবা আছে মানে
/kaggle/input/regspeech12/test/test_chittagong_0008.wav,আঁই দি বইয়্যি বইয়্যি দি তোঁয়ার বয়াই দিতে হেতাল্লাই তুমি আসতাছে তোঁয়ার ফল বানাইবো অনে ইতারার লগে সুন্দর করি খতা বলি সমে বাবা
/kaggle/input/regspeech12/test/test_chittagong_0162.wav,টেঁয়া অনাস তো তো তুমি টেঁয়া দি ফরম ফরমু দি এরে মত মনে ফালার দে ডিগ্রি ফালায়া লয় ডিগ্রি খাইবু অনো কিছু ন মনে অয় ন লয় তোর না ডিগ্রি তো বেশি ফাই
/kaggle/input/regspeech12/test/test_narail_0054.wav,আমাগে এই জাগা অচ্ছে এই যে শিপ ভবন নামে যেইডা ওইডে মানে তেরোশো ছাপ্পান্ন সাতান্ন থাকে মনে হয় তুই তো রানি মিস করতে তেরোশো কতো জন ম্যালা জমি কাছে ওই যে এই সুখের না তো বাড়ির ওই জাগার কথা ক ছে না ওই জমি সব আর কি মে আছে সেই সেই জমির ভাগ থাকতে ফারে
/kaggle/input/regspeech12/test/test_sylhet_0426.wav,ফরে ম্যাডামে ওউ নর্মারটা দেওয়ার গিয়া কিন্তু বাস খরছে ফেট খাটি এখন আবার তো ভালো একটা হ স্মানেইতাইন সাহস ফাইলিছোইন যে জিনিসটা আমি ফারমু আর তাইন বুজরা যায় না এখন যদি না খরি ম্যাটার বয়স কম আছে এখন খরিলে ঠিক অই যাইবো
/kaggle/input/regspeech12/test/test_sylhet_0671.wav,ফেনশন তো সারা জীবনে ফাইবা নানি তো দি আছি বাছিয়া হুম তো দিন ফুরান আছে ওতোদিন ফাইমু প্রান নাই নাই কিতা মানে আফনে আফনে না তাইলে কিতা পেনশন বন্দু ওই দিবোনি না মারা গেলে আর খেউ খইতো নায় আমরা বাদে আছে না বাইচ্ছা তাখলে
/kaggle/input/regspeech12/test/test_sylhet_0049.wav,মানে না বেশি পছন্দ বানাইতে মিলি কিনা বানাই একটা সব মানে আমার টিলা বইনের মতি ভাবো
/kaggle/input/regspeech12/test/test_tangail_0018.wav,বই মানে গানডা জনপ্রিয়তা কারণ এই গানডা আসলে একেকজন ভাবে অন্যুদাপন করছে কেউ মানে কারো সাথে কারো মিল না এইরকম ভাবে আর কি বুঝতে ফারছে এই গানডার একটা অর্থ মানে কেউ এহন
/kaggle/input/regspeech12/test/test_narail_0140.wav,তাও মাসুদ দুলা ভাই মনে হয় আপনের বাবার সাথে কথা বলবে টা করিছিলাম কাকা আমার কাকা কইছি তুই গুলি তো টাকা ফিরি নিয়ে যাবে কিনি তালি না তোরে ফিরি নিয়া যাবে না তো করেনি কাকা আমার অগ্নিপতিরও এট্টু ফিরি নিয়ে ছেলো
/kaggle/input/regspeech12/test/test_habiganj_0009.wav,না ফুলা তান যুদি গেছে তান যদি লোকরা ফেরার ফুলা সাতে লোকরার আইজকা বেডা সাতটা ফুরি না পোলাডা ওইছে সবার ছুটু ওই ফুলা সাতে আছে তে অয় ফুলাও ছুডু ফুরিও ছুডু না
/kaggle/input/regspeech12/test/test_kishoreganj_0150.wav,কুটি পানি হয় ডাড কুনু পারি ব্যাপার হয় ডি ক ক কুটি পানি যেনে পায় মাটি দুইনের প্রধান কারণ কি মাটির উরা হাস এইযে কিনা ব্যবহার কটা ওষুধ দিলে কি হয়া যায় মাজে ওষুধ গাছ সব করি জাগা ওষুদ দিয়ে মাটি নষ্ট হয় পরিবেশ ক্ষের উপায় কোনটে অশিবেশকষনে উপায় কোনটি
/kaggle/input/regspeech12/test/test_barishal_0087.wav,আলা মোর সময় যে এডা উপরে যা কলা কইরা হালায় ধরি গেছি আম ভুল করে না ওইডা ভুল কইররা হালাইলে হেই সুময় সমস্যা বা দেখছিলাম করে ও বইয়া খইরা না খইরা খইরা ও মোর ও ও খইরা ছিল
/kaggle/input/regspeech12/test/test_narsingdi_0036.wav,সব জিনিসের দাম বাড়তি মায় কই দেশে কি জানি মুরগি তো এক্কারে ফুরা খাজা না অইয়া গেছে গা সব কিছু হে মনে অয় আস্তে আস্তে করতাছে না কিন্তু আবার রান্দা বারো ন মুরগি কান গাজি দোকানো গিয়া যেইডা ধরি খালি বলে দাম বেশি খালি বেলে দাম বেশি
/kaggle/input/regspeech12/test/test_sylhet_0064.wav,তরে ভাইয়া বছর আমার দারে তো সম্ভব না তুমারে মেডিকেলো তুমি বর্তি ওইছি না তুমারে বাসা তইয়া দেখি দেখি যে ডাক্তারে সাপ্তা তাই সাপ্তাহ তাইলে ডাক্তারের কিছু দেওয়া লাগে পাচাজার আবার তুমার ওসব লাগে তিন আজার অখন আমি কুনু বাই দিছে মানরাম মাত্র বিয়া গাইয়া উঠছে অনেক টেখা চা ন খরি গেছে আমার ভাই নতুন দোকানো খরছি
/kaggle/input/regspeech12/test/test_sylhet_0582.wav,আমি তো খাছে না সবসময় দেখি আমার লগে বাইরে থাইকা কাঠন কাঠন না মানে আমরা বড়রা গি আমরা না কিন্তু বড়রা লগে বেশিরভাগ ইডা একটা নৌকার মতো আছে ইগু তো আমার চাকরি ভাগ তুমি কি লেহা যাইতাছে বেশি ভালো স্পিডে যে
/kaggle/input/regspeech12/test/test_sylhet_0327.wav,আর এখন তাইন যখন বই নিয়া দিন তখন আমার খাছে মনো অয় মানুষটা এখটা ফ্যারেস্তা সারাদিন কাজ করি কাজ আর আমার টায়ার্ড লাগে না যেহেতু আমি বই ফাইনা তো বই ফড়ি ফড়িয়া আবার গিয়া তাইন আর গানের খাছে ফেন ফাইন গরি জানি আজকে সারাদিন আগে ওটা ফরছি ওটা খরছি ওটা খরছি
/kaggle/input/regspeech12/test/test_tangail_0081.wav,তারপরে আবার কাজে ফিরা আছে যেহেতু সে অনেক এহন সিরিয়াস বেশি এহন আরও অনেক বেশি সিরিয়াস পুরা সেই স্ট্রং ম্যানেজারের দায়িত্ব পালন করে কুনু কিছু এহন আর টলারে করে না
/kaggle/input/regspeech12/test/test_sylhet_0270.wav,উঠার ফরে তো ফড়া শুরু খরলাম তো তখন তো ইতা কিচ্ছু বুঝি না ইউনিভার্সিটির গ্রেডিং বা পয়েন্ট পড়ার রেজাল্ট ইতা কিচ্চু বুঝতাম না তো আমার বাইয়া ওরে টার্গেট দিছে যে তুমারে বি প্লাস অলা বি প্লাস কিতা বি প্লাস অইলো থ্রি পয়েন্ট টু ফাইভ অখন থ্রি পয়েন্ট টু ফাইভ
/kaggle/input/regspeech12/test/test_sandwip_0086.wav,আর অনকা ঘুরার মাথা আছিলো অংকা গুরা জামা তুন দারে না দেহি না ওই আতায়া কেরে ইয়্যিন করি টিক্কা বাছিলাম টানাটানি গই
/kaggle/input/regspeech12/test/test_sylhet_0471.wav,ইতা তো না রিটার্ন দিন তো আফনারা মা ফাইরা মায়া খাইরা আমরা ইতা না আমরা গেলে আমরার লাগলে আমরা খইমু আমরারে আজকে ওতো টেখা দিয়া না দরখার গেলে কোনো বইন জীবনে গাড়ি বাড়া দিয়া যাইতায় না ইতা রুজার যাইবা বাড়ি তাকি বাইয়ে টেখা দিবা আবার এই যাব গাড়ি বাড়া তে ফারে
/kaggle/input/regspeech12/test/test_sylhet_0502.wav,লগে যোগাযোগ খরার এখটু আইয়া বুবু খইলাম কাম যাইতাম এখন তো ছাইর না খরোইন হওয়া যাই আমার ছোটো
/kaggle/input/regspeech12/test/test_narail_0106.wav,এখন দাদা আগের দিন বলতেছিলো যে যদি অপারেশন করতি হয় তাইলে ব্যালেন্স চইলে যাবে অপারেশন করতি কিন্তু অপারেশন করা লাগতিছে না ওইটা বেঙ ছোট হইয়ে গেছে আর আগে যেমন জ্বালা যন্ত্রনা ই টি করতে না সেরকম করে না বুঝছিস
/kaggle/input/regspeech12/test/test_chittagong_0143.wav,হ্যাঁ দা ভাত না লাগা বেতন নাই না তালা না ওই যে তুইল্লা খতা খইবা না কি কি গরি সাই যদি দেখতি কতা একটা ধারণ ইয়াতে ইগু
/kaggle/input/regspeech12/test/test_habiganj_0072.wav,মুন হসপিটাল এখন বর্তমানে বালা এরফর ওইলো গিয়া ফায়াজ ভাস্ট ফাস্টে তারফর ফাইয়া যার ফরে ওইলো গিয়া আরেকটা আছে নামটা ফলছিল ফাইয়া এটা
/kaggle/input/regspeech12/test/test_sylhet_0158.wav,তো মায় সাথে খানে বলে হামরার ছুলা বন্ধ দু ক দরকার তা আমরা আর আমরা আমরা কিতা করলে কিতা ওইবো মনে করো কি তুলি তা ফাছ সব মজা সব মজা আফনার পরিবারের কেউ দুদ গেছিলো নাই
/kaggle/input/regspeech12/test/test_sylhet_0072.wav,মজা ফচুর যাওয়া অয় দুর্গা ফুজা খরা ওয় দুর্গা দুর্গা বুজায় তো ফাস দেয় ফতম দিন তো তো বেশি মজা অয় না ফরে তিনটা কিতা যাওয়া শেষে ফরে তিন দিন আমি তিন দিন ফাইনি যা এরফরে চাইর দিন তাকি আর ফারি না ফুসকা দিলে লাভ শেষ ওই
/kaggle/input/regspeech12/test/test_narail_0059.wav,বেশি যে ভাবে খান্দে পারবেনা ওইতে বেশি ফালে যেটুক বাইর মতন জানি সেইটুক সঠিক বেচতিছে আর যেটুক আর কিছু নাই পছন্দ যেটুক কিছু নাই সেটুক দলিলি পারতিছে না বিশ দিতি পারতিছে না
/kaggle/input/regspeech12/test/test_sylhet_0237.wav,আমরা ছুটির সময় গিয়া গিয়া আমি তুমারে তউ যাইবা অনুষ্ঠান থাকবা আমি খইছি কুনু সমস্যা নাই আমার দিনো দেইন ওনো গিয়া আমি খরতাম ফারমু আমার এখটা রুম আর আমার খালি বই গুন তাখলে ওইবো আমার আর কিচ্চু লাগতো না তো তারা দেখছোস যে আমার আসলে ফড়ার ইচ্ছা আছে
/kaggle/input/regspeech12/test/test_habiganj_0007.wav,তারে বেফার ডাটা দিতাছে এখন নাম না কি না কিতা ফিলার মাঝে কতা সালো মেম্বার ও না আছে এরা বেডা নাই আছে খাম অইছে রব্বার ওইটা ফরি বুজি বা আমরা
/kaggle/input/regspeech12/test/test_narsingdi_0088.wav,ফর ইগুর আছলা ন ফল কেরে রিসেন্টলি শইল বালা ন দে এক্কানা হরি না আইচ্ছা বড় হইয়া ভালো এরা কতা কই না তুই ভাই বাইত হাস না তুই যারা জান্নাতেরা কতা কবে এই যে দিন সকালে শুরু অইবো আবার বোজলাম
/kaggle/input/regspeech12/test/test_sylhet_0251.wav,কিন্তু ইতায় খেউ জব খরতো না আর ওউ সময় দিলাই সার্কুলার প্রাইমারি স্কুলে তখন আইছি আমরা বাড়িত আইয়া খয় বই তুমার খাগজফত্র খালি সার্টিফিকেটটা দেওয়ার এখটা ছবি দেওয়াও আমরা এপ্লাই খরিয়া দিমু তুমি খালি ফরীক্ষা সমতা দিবায়
/kaggle/input/regspeech12/test/test_sylhet_0642.wav,দিবা এখন কিতা খালি খিলাইস না ভালো মাতা দিলাই আমার বাংলার দাদা তো ঠিক আছে মা দি
/kaggle/input/regspeech12/test/test_chittagong_0061.wav,তো সিটি কলেজ সিরিজ না ফারলা না কি সমাজ কলেজ নিউজ না না কী হলে জানি দিলি সিটি কলেজ আমার মনে অয় কী দি বলে তুমরা রিলেক্স খারন লগি লম ফরে অয় হরে রেডি পেপার লইলে না কি কলেজের মদ্যে অইলদি
/kaggle/input/regspeech12/test/test_noakhali_0025.wav,আর খইতা যে কিচ্ছু কিচ্ছু কইতো নো খালি বালা আন্দা কইরবো খালি কিছু কিলা আমনে কাজে আগান নাই আল্লা কইয়া যাইতো না ইক্কিনি ইক্কিনি কাম মাতো অইলে লোক লাগবো সামার লাইগবো ছাওয়ার নাই
/kaggle/input/regspeech12/test/test_sylhet_0662.wav,তে যে সনাতন ধর্ম তো তাইলে দেহা যায় বেশ কয়েকটা বাড়ি আছে আফনে কইলা আরে পাঁচটা অইছে পাঁচটা বাড়ি অটিলারউফরে অলা সেটা তো বাড়ি না
/kaggle/input/regspeech12/test/test_sylhet_0596.wav,বাট আগে লেখা না আর কি সবার সাথে যোগাযোগ নাই ওকটা তো বিজি বিজি সেরে আমার লাগে না তো আমি ওতো নিজে যে বিজি বিজি খইতা ফারতাম না তো আই ইলান তো দারে টাইম কিন্তু এই যে আগে মানে কেমনে জানি অর না না হুম মানে ওইয়া উটে না কতা
/kaggle/input/regspeech12/test/test_sylhet_0252.wav,আমার বইনাইন দিবো তুমি তারার লগে ফরীক্কার খানতা দিবায় আর তারার এখটু সহযোগিতা খরবায় দেখাইবায় যাতে তারার চাকরিটা ওই যায় তুমি তো অনেক ট্যালেন্ট মেয়ে তুমি ওতা সাকরি খরতায় না কিন্তু আমরার এখটু কার ওইবো তুমি যদি দেও
/kaggle/input/regspeech12/test/test_sandwip_0110.wav,আই ফড়ে না হরেদি আঁই আর ইয়া করি ন আঁই হেইল্লা গুলা আর আঁই কি আঁর দরকার নাই কিন্তু মাইয়া কি ইয়া
/kaggle/input/regspeech12/test/test_noakhali_0015.wav,বেশি রইছে যা না এক্কান আঁর কুচা টাচার বস্তা ওর কি বেগগিন দেছে রইছে গোলা মাইদে তো কি এবার আঁই আঁই এবার আর কা মরছে তুলন আই ন বিরাম না তো আমনে কুচকুচা বেকখান কি আঁই আমগা আমার কি করছে আমি রাজি
/kaggle/input/regspeech12/test/test_sylhet_0194.wav,তারফরে ওইলো গিয়া সিলেটি ফানি যা ফানি হয় ল্যাম্ফো সব রুমো জ্বালাইয়া দেওয়া তারফরে গিয়া ফড়াইতাম তোরা সাম্যে ফড়তাম ফুড়ি উড়িয়া ফরে এখন এতো জন সদস্য আছলা ফড়া লেখা অইতো নি মানে ফড়ালেখা বলতে বড় যেরা তারা
/kaggle/input/regspeech12/test/test_sylhet_0611.wav,সব রাজি গেছি ভালো মনে বালা কইরে লইয়া কিতা খইতাছে অয় মা চাকমা থাকবে আর আমি বুলি যাই ই কিরবো ই দুইটা জিনিস আর একটা আছে কিতা ছার
/kaggle/input/regspeech12/test/test_sylhet_0085.wav,খতা খইরা বাদে বাবা বাইরে বখা দিছো আমার ডাক্তারের কুনু দরখার নাই আগে আমার করিরে বড় তো
/kaggle/input/regspeech12/test/test_sylhet_0289.wav,খইছে আমার মানে কুনু সমস্যা নাই আফনারা দেখোইন দেখিয়া যদি বুঝোইন যে ঠিক আছে আমার কুনু সমস্যা নায় এখন তারার লগে আমরার পারিবারিক স্ট্যাটাস মিল আছে তারাও সেইম ফ্যামিলিত অন্থনৈতিক অবস্থা আমরার তো তারা আমরার তো পরিশ্রম খরিয়া ফরে বা
/kaggle/input/regspeech12/test/test_sylhet_0703.wav,গরি মেয়ে এইযে একটু আগে বুইন মেয়ে একটু আগে একজনরে ফাইছি মানে দেখতি আমরা তাইন তো ফরালেখা খরোইন তাই তারে দুই বাবু এইল্লা বা বলে কি খাই দিছি বুঝা যায় না আসলে
/kaggle/input/regspeech12/test/test_sylhet_0696.wav,খালা খইয়া খই না বই না আফনেরার টাইম এমনি নিমু আর আফনে মানে ই বাড়িত না ই বার ই না নি আর আফনার খয়জন মানে সদস্য ওই দল তো ফরা
/kaggle/input/regspeech12/test/test_chittagong_0015.wav,সালাম লাইক কম ওলাইকুম আসসালাম ওডি কান সি খবর তুর গন খবর ফাত্তি নাই দে তুত্তে গম আছি গম আছি তই ভালা আছোস আর তুই ওডি ভালা আছি কি না অন কম আছে যেডি হ ওই কি তুল গুস না
/kaggle/input/regspeech12/test/test_chittagong_0159.wav,আইছে ফার নি এইটা টেনশন অত আছি টেয়ার ফরে দি এহন আঁরা যার বাদু দুগো কল দিয়েরে খরদে কী বলতে আইছে চট্টগ্রাম ইউনিভার্সিটিত ইঞ্জিনিয়ার লইয়ারে কইরলে টেয়া দিয়েরে ফৌছিছে তো খই গিয়া সারা টেয়া লাগে দে খয়
/kaggle/input/regspeech12/test/test_sandwip_0007.wav,ঠাকুর ইডার মাইদে কিছু লাইছো কতা গিন লাইগবো একবার ফাশের লগে তাও তো লাগে যন দে কেজি দিবা তা হি নিগা হবে এক কেজি তে এডিক্কা লাইগগিতলে যারা হালে যাইলে ফাচ কেজি ক না
/kaggle/input/regspeech12/test/test_sandwip_0063.wav,অকল ফোন তো কোনো খবর ফুরা খবর কাইল্লা কই নাই কুনতা লগে যাইবে গি যে হেন্নেত্তে হরিক্কা খেল্লে শিলাই কতা হুম বাপে ফোন করছে বাফে রাইক্কা আইছে যে বাফের আসেদে ওদ্দুরা খেল নাই যাইবো কইছে হিয়ান অনেক অন যাইবার আগে মাথা টাকা হেতে বাড়ি মাথা দুই সকালে কম মাতা থাকনা দুইলা
/kaggle/input/regspeech12/test/test_sylhet_0687.wav,শাগের আমরা আছে ওই জাগায় বাড়ি আছে ইতা তো বানা আর ইতা নয়া ইয়ো খরা আর একটা রেশ খরছোইন না আগে তো আমি জানি জবাই আই সেটা মইছে মানে হুদায় অখন তার না যার মালিকে এরফরে আইয়া আফনারা খইতা দেশো আইয়া ওই সব বাড়ি কয়ডার ছাতা সারা জাগায় চাকরি খরছে কার রইলাম
/kaggle/input/regspeech12/test/test_chittagong_0128.wav,উত্তরে খাইরা দে না বুইজ্জা নে আটটা সাতটা না না যা দের এমনি তোরা খাইতা খাইতাম তা তো ইয়্যিন তো মন না ফরে না না ভিডিও অয়া লাইফটা দিতা
/kaggle/input/regspeech12/test/test_sylhet_0095.wav,মাসে ফাশশো টেখা দেওন লাগে বাই কিতা খরে একটা অতো বড়ো মা দিছে ফর ফরে এডা ফাঁচশো টেখা দেওন লাগে ফতি মাসো ইয়োর বেতন আর বেতন বাপ দিয়া আবার তোমার ফরম খাতা ইতা তো লাগবে
/kaggle/input/regspeech12/test/test_narsingdi_0107.wav,না এ মোরা যা না মোরা যা ফুরা মারা ইয়া ফালায় কি করছিন তো আমি ইসি হেইদিন ফার্স্ট টাইম আমি রান্না করতা আমি গেছি তারপরে ডিম বাজি ঠিক আছে চুলাত বেশি জামা ছুডু প্রাইভেন্ড আছে না হুম এডার মধ্যে দিছি তো ডিম ফাই ফড়া শুনা দে খনে ডা
/kaggle/input/regspeech12/test/test_narail_0050.wav,এই কন তো মাটি খাটিছিস আমি কচ্ছি ক্যা মাটি তো আমি কাটি নিয়া কাটিছে আমার আবার নেশার আমার বউ না কি হইছে কচ্ছে তা আমার জাগার মদ্যে পড়ছে আমি কচ্ছি দৌড় জাগার মদ্যে যদি পরে আমি তোর বাবারে যে জাগা মাফ ফুয়া অয়
/kaggle/input/regspeech12/test/test_habiganj_0099.wav,যে স্যার স্যারে লইয়া যাইবো জীবনে স্যারে তো খইছোইন কক্সবাজার লইয়া যাইবো কক্সবাজার তো আমরা যাইতাম না তো কক্সবাজার তো অতো টেখা তেরবার তিনদিন তাখা লাগবো বাড়িত থিকা দিতা না তো দু তো দর যাইবার লাইগবো গো তো দরজা ওর না
/kaggle/input/regspeech12/test/test_sylhet_0498.wav,সুতা খানতে এখানে চোখ ফুলের আর তসবি ফররাম খান্দা ছুটি আমরার যা লা বারো বড় সাতে দিন আমার সবতা খাছার অইছে আবার
/kaggle/input/regspeech12/test/test_barishal_0015.wav,বুক ইডা একটা ইস্কুল রেসপেক্ট এর মাইয়া হেরে যেমন সে ডাক্তার হয় আমার লাইগা কোয়ার্টার উরি এইয়ানো থাকে হেইডা আর ওলা কোয়ার্টার না ফুতুলি সম্পর্ক আছে মুরাল ভালো গান না ফরে
/kaggle/input/regspeech12/test/test_chittagong_0089.wav,লইছে না তুই যাই যাই এরে এক ঘন্টা এক ঘন্টা করি শিখলে তো খম দুইটা তে যে থাকি যাইবু গই তোর তো ফালা কম্পিউটার আছে ঘর ন আঁর তুন কম্পিউটার আছে কিন্তু কম্পিউটার ভাই বাঙালির কি ভাষা মনো বাবু ই না আছে যে
/kaggle/input/regspeech12/test/test_barishal_0066.wav,বইসা আছে অনে খালি ভাত এবার তে চা সূর্য উটার লগে লগে সারাদিন ভালো না টাকা আমি আমি আমার সিরিয়াস চা র নেশা যহন বিয়ে শাদি করি নেই রাত্তির একটা সময় কইছে মা বেতাল দি ঠাই চা না খাইলে তো ঘুমাইতে আছে না
/kaggle/input/regspeech12/test/test_kishoreganj_0167.wav,শিশু বলে বায়ু যখন ঠান্ডা কোনো গোস্ত সংস্কৃতি আসি তখন বাহুতে থাকা দলীয় বাসবো ঠান্ডা হয় পানির পুতা হিসেবে জানি ফুটাসেবে জমা হয় জমা হয় ঠিক আছে ফরেদা না তা
/kaggle/input/regspeech12/test/test_narail_0091.wav,আরে আমি এমনে মজা করতিছি মানে তুমরা তো বাড়ি বাড়ি পিটি সমস্ত তো আমারে কি তোর বিডা মানুষ মানে অচ্ছে নাই তা তো আমি চেক কইরা দেই নাই
/kaggle/input/regspeech12/test/test_chittagong_0016.wav,ও অহন ইরখম কা অর খই বইন জ্বালা শেষ নাই এডে কি জ্বালা অবাইন খরদে না এডে দুনিয়াত জ্বালা রাইক্কি ন এডে যে গরম ফরের বইন ঘুম তো কেনছে তো ন ফারির ক্যান
/kaggle/input/regspeech12/test/test_sylhet_0253.wav,তুমার একটা খও খরচ লাগতো নায় তুমারে তুমারে আমরা নিমু তুমারে আমরা আন্দি ওস্তা অখন তাই টিচার মানুষ তাইরে আমি কিচ্ছু খইতাম ফাররাম না বাদে ঘর তাকি আমার বাই একজন মানুষ ওই বাড়ি খইছোইন তাই যদিও ফরীক্কাটা দেয় আফনার বইনোর ছাকরি বানাও তাই ওই যাইবো আর তাই যদি চাকরি খান তা ওই যায় তে তাই আর সামনে আগাইতে ফারতো না ওগু তাই লাস্ট টার্গেট ক্লাস বর্ডার অই যাইবো তে
/kaggle/input/regspeech12/test/test_sylhet_0091.wav,খাম ফাক না খও কিছু সকালে যাইনি দরো পাবার কাজ করি থাকবার খাছে দ্যাহা যা কি সেগুলা ছাপ খরি ফরে যাই দুতালা তালা গরো আষ্ট তে সব কিছু খরি খরার ফরে যাই আবার চিন্তা লার
/kaggle/input/regspeech12/test/test_rangpur_0052.wav,মুই জেলা হোলা নিয়ে মাইনষের সব আগের কতা বাদ দা এলা নাই আগের দিন কি দাও আগে কেমন ইনকাম আছে হাতে কেমন হাতো টেকা আছিল কেমন নাড়াচাড়া কচ্ছে যে তোমার জিনিস পাতির দাম করো টেকা না শাহিনও শাহিনের মাও ফিরুজ র বউ ওই ফিরুজ এর বেটিও ফিরুজ
/kaggle/input/regspeech12/test/test_sylhet_0387.wav,আর আর তো ডাইনে বমি যাওয়া লাগতো না এমনে গিয়া এম্নে অক্কর সিদা যাইবাগা বুঝছো টোয়েন্টি বুঝছি
/kaggle/input/regspeech12/test/test_chittagong_0027.wav,ইতা মা ওকগো তিন হেন্নে ন গরিবু ইতে বলে বিয়া দিছে যে ইগু খরিয়া অয় আইচ্ছা আন্নে বিয়েতে খেলুন দরখার হারার কুনু যে বেশি হ না হ তে বিয়া দিবার দেয় উরাইয়া এই যে গুরে নেবো
/kaggle/input/regspeech12/test/test_kishoreganj_0013.wav,কতা হ এই ফুরাডা কুদাই না না নামাজ মানে এই যে এই কছুর নামাজ করবো ফসলো না যে মারি দিয়া আইছে মাটা রইছে মা একটা দিছলাম কিছু নিছে ই যে মাতাডা কিছু নিছে মানি বেইচ্চালাইন
/kaggle/input/regspeech12/test/test_tangail_0122.wav,তো দুইদিন লাগে কী হবে কিন্তু তারা ওইটা উটার চেষ্টা করতেছে তারা দেখলাম খাটিয়া বিয়া সবাই তো কান খুলছে ব্যবসা করা শুরু করছে ময়লা কাপড় গুলা সে তো ইটা একটা ভালো উদ্যোগ কিন্তু তাদের আসলে অনেক বেশি লজ ওইয়া গেছে
/kaggle/input/regspeech12/test/test_sylhet_0174.wav,ই এডিয়াটা অনেক বেশি নিলি জানি নানি অয় ইডা কিতা মাঠ মনে হুম তো ইদিকে ইস্কুলের মাঠে অয় অয় ওডা তো কলেজর ন ইয়া ফুতনি কলেজ হাতি মালি না
/kaggle/input/regspeech12/test/test_sylhet_0572.wav,আর কিলা বেডা খাইয়া ফরে আই সবাই দিলা যাইতাইন না খারাইয়া না ইলা সময় যাইতে তোর একটা জব দিয়া ফরে তো ওই বেশি
/kaggle/input/regspeech12/test/test_rangpur_0008.wav,এতো টাহা শুনবেন বাবু কুনদিন একটু কিতা হাস বান্ধুবি তোর কি অইছে কয়টা হাস হাস নাই গো বা আছিল মেলা কলা আছে নাই তো গরু কয়টা
/kaggle/input/regspeech12/test/test_sylhet_0452.wav,ও এখটা সমস্যা আমি বেশিরভাগ মনো খরো বাসাত তাখি না ফনরো বিশ দিন ওতা আবার মনে কর যাইতাম কি এগু ওইছে মানে এক সপ্তা ওইছে না বাসাত আইছি খালি কি আমি আমার জামাইরে খইরাম যে আমারে পনরোশো টেখা দিলাও এখটু বাড়ি যাই খেউ গুরাবি হবে আইছো ফায় এখ সাপ্তা ওই আবার পনরোশো টেখা এখন দেওয়া যাইতো না আর যাওয়া ওইতো
/kaggle/input/regspeech12/test/test_sylhet_0701.wav,আইচ্ছা বা বাইয়া দেইখা লগে তা কি না অইলে ইখানোই থাকে খারোইয়া খারোইয়া মাতি আফনেরার লগে একেকজনের লাইগগা খতা আফনের করি নিয়া খই আফনে কিতা খরোইন কি খুচা খরি না ও মানে এমনে বড় দেখার
/kaggle/input/regspeech12/test/test_narail_0060.wav,আইছো সেটুক টুক বিক্রি দিতি পারতেছে না না আমি কই ভাই লেহা ভাড়া করতিছে চাকরি দিতে ওর তারফরে পয়সা কড়ি হলি তারফরে যে সুমা বুঝবিনি সেই সুমা হাত দিস কেনে
/kaggle/input/regspeech12/test/test_sandwip_0121.wav,অইলে আমনে আমনে যে বালি বেশি খেতে চইলে অল্প না ফাশা টিশি ফরালেখা অতিরিক্ত ফেশার অনকা নাতি উগগা আছে যে নাতিনের ব্যাফার হেতে আরেক্কানা দূর্বল আছে হেতের মাইয়া হ এক্কারে মানি আগো
/kaggle/input/regspeech12/test/test_sandwip_0073.wav,তো অতো পাট করি এলা ফিরা দিবো আগে পারে হেরাও জিনিস না আগে ভাগে চিকিৎসা করেন হাইতো এক্কানে দেখতে হারে না এই কোনো অসুধ বিশ আর কী করে বোএক্কারে অ পছন্দ করে বিরক্ত আইতে এডে ইয়াল্লাগো
/kaggle/input/regspeech12/test/test_kishoreganj_0092.wav,কি ক পাকিস্তানের বাষা দিছে পাকিস্তানের ভাষা কোনো সৌদির ভাষা ক হিন্দু ভাষা কয় হিন্দি তুম ক নাম ক্যা হ হ্যাঁ তুমক নাম ক বুক তুমি কি কি করো হ তুম ক নাম ক্যা
/kaggle/input/regspeech12/test/test_narail_0002.wav,বাগানে বাসার ফুলার সার নিড়ি পেন বাসার আর ওই যে এট্টা কি নাম জানু ফুলিশে বাইর বেটা আইছি কি ভালো না সে দের রে জমি তাতে তোর বাবায় টাহা পয়সা দিয়ে
/kaggle/input/regspeech12/test/test_kishoreganj_0099.wav,আর হেই জিনিসে খেদুকছ কি মন না অন্য কালা না এমনে
/kaggle/input/regspeech12/test/test_narsingdi_0092.wav,জরা এডি এডি বইন বইন এইডা কুনু অনুষ্ঠান বাড়া দিলা বইন এল্লা আমি কইছি না আমি কইছি নাম বাবার কি আছে মাইক আছে ঠিক আছে তারফরে ফান বসে এত্তো গুলি বাড়ি ঢাহাত আনবি মুছে তুই বাড়ি ঢাহাত আনবি ইত্তা কইয়া
/kaggle/input/regspeech12/test/test_sandwip_0097.wav,আনে হিয়ানতে আঁই এম্নে সিএনজি ল কার গেলে আফনে অটো ক হিয়ান তো একদিন যাই ন জিনিস নিয়া ডিউটি করিস হিয়ান আর আরে আমনে এনি আঙ্গোর ইস্তারলা কি দিছে হে রিস্তা তে যা না সমান কি কি
/kaggle/input/regspeech12/test/test_sylhet_0330.wav,আমরা ওই যে স্কলার্সহোমো ছাখরি খরতাম ফারমু ওউ খাদার ছাখরি খরতাম ফারমু ইংলিশ মিডিয়াম বিভিন্ন স্কুলো ছাকরি খরলে তো আমার খরচটা আমি বিয়া খরতে ফারমু আর আমার তো ওউ যে ইউনিভার্সিটিতে যাওয়ার ফর তাকি সেল ডিপেন্ডেন্স হওয়ার যে একটা টেন্ডেন্সি নিজে নিজে খরচ খরিয়া ইউজ টু
/kaggle/input/regspeech12/test/test_kishoreganj_0063.wav,ফুল চিল ছুল চুলা ছুডু নি জাগা ছুল টানা নাম না না না ঘাপাইছুলাফাম এই দৌড়ে কেলা এইডা
/kaggle/input/regspeech12/test/test_sylhet_0295.wav,আমার ফ্রেন্ড যেটা তাই তাইর বিয়া ওই গেছে তাই জামাই তাখে তো তাই গিয়া বড়ো বড়ো রিং দেখে আমি গিয়া ছুটো ছুটো রিং দেখি অখন তাই আমারে খয় তুই ইতা কিতা দেখস তুই এখটা বালা দেখিয়া দেখস না খানা ইতা ছুটো ছুটো রিং দেখোসকি তখন আমার মাঝে খাজ খরে যে আমি যদি এখটা বড়ো রি অখন চুজ খরি আর ইটা যদি তাইন যদি ইটা পেমেন্ট খরতা ফারোইন না তাইন এখটা শরম ফাইবা আর এখটা
/kaggle/input/regspeech12/test/test_sylhet_0200.wav,খেউ দাঁড়াইতাম তুই বইতো অলা বইয়া দাঁড়াইয়া কুনুরখম ফড়া আর যখন দেখছি যে না টেবিলো দাঁড়াইয়া খরতে খরতে মানে ফাও বেদনা ওই যাইতো তখন আমরা টেবিলের তলে বই থাখতাম মায়া খরি আর মাইয়া খইতো আইচ্ছা খরা লাগতো না হুকুম আই যা
/kaggle/input/regspeech12/test/test_sylhet_0496.wav,এখন বাদের মদ্যে ওর যাও বলে আসি দাম ফারি না সব মানুষ হসপিটালো আইছে দৌড়িয়া সি কর যার নায় এখন তাইন এখন আমার ফরা বন্দু ন না কিতা খয় বাতরুমো এমন খা ছুটছে আমার লাগছে সবকিছু খুলিয়া আমার আছে পরচার জাগা ওগা মানে ছিডি ফরে গেছে আইয়া আমি এদিকে ফাইরা বলা দেখলাম না বয়স জালারে বাবা খালি ইটা যে টাস খরি ফরছে আমি দেখছি এখন আমি একবার ছাইয়া দেখছি আমার তো বিয়া যেনে দরা আছে ইতা তো ধরা নাই বাগতায় গেছে বা
/kaggle/input/regspeech12/test/test_sandwip_0039.wav,আরে ক মাসুদা লই গেছি একুইশ টিয়ার গো দেড় ঘন্টা জানটা লাইগবো কি মেত জিজ্ঞাইছি না মোর কোনোরকম আরও কুনগা হুম গাছ বইয়া এক্কান ক হইয়া এক্কান ক কোনোরকম আছি ইয়া যে কি মা চিয়ন কইতারে না কোনো আছো আফারে কইতারে হুম
/kaggle/input/regspeech12/test/test_barishal_0048.wav,আমনের এট্টা কথা কই দিছি আমনে এই এট্টা জিনিস যে কোনো মানুষ কি চাই যে গরু এট্টা না মানুষের পর আমরা কি সাত যেন লোক হ্যারপর কওয়া লাগে সে দুঃখের চোটে কওয়া লাগে এই কামগুলা করে মানুষে গরু করলে সংসারী
/kaggle/input/regspeech12/test/test_barishal_0007.wav,আমনে ব্যাক পেন যাবো ভাত আমাগে মতোন দিন মজুরি রিকশা লারা ভ্যান লারা বদলা কামলা জীবনে মা বা পালাইবে না আগগে যদি মায়েও হেই বিচ নিয়ে পোলাপানে পরিষ্কার করে তমো হালাই দেয় না আর এই যত ওই দুই এট্টা বড় ধরনের ঘটনা দেহি বড় লোকের ভিত্রে হয় মান সন্মান প্রাকটিস বা যে মা বা পরিচয় দে পারে না
/kaggle/input/regspeech12/test/test_tangail_0036.wav,একটা মানে হিস্টরি টিকা ছবি পরে দেখলাম যে না যদি আমি অনেক পরে দেখছি ছবিডা অসম্ভব কিছু সুন্দর ছবি যদি ইটা যারা প্রথম ছবিডা শুরু করছি তাদের পক্ষে
/kaggle/input/regspeech12/test/test_narail_0079.wav,না করতে যে আমার ফোন অবস্থা ভালো না তুই কথা বলতি হইছে সবার গুন্ডি লাগালাগি করবে নাই তো বুন্ডি লাগা রা কি করবে
/kaggle/input/regspeech12/test/test_sylhet_0131.wav,এইডার ই তো আর কিতা তোর বাইর দুই ছুডা কাপড় কিনা দিয়াই আর আমি তো আই বাসাত খাম খরতাম না যেন ই সময় কিতা এইতো আমি খামু ঢুকছি আইছি মনো খ সোফা ছয় মাস ধইরে ফরতাছে ই ফড়ছে ফরছে না না ফড়ছে না আইতাছে সামনে
/kaggle/input/regspeech12/test/test_kishoreganj_0083.wav,লইয়া হ্যাঁ লইয়া রা আমরা তো গাতা যারা আন্নে কি আটটা লাগে হ্যাঁ কি তে আইছে হবে না গাই করে না না কতকান লাগে আটকাইয়া আইলে বেডিক লাগে না এ গন্টা
/kaggle/input/regspeech12/test/test_sylhet_0344.wav,বাইবা দিতাম তখন আমি খইলাম যে এখন তো চাকরি করতে সমস্যা নাই বাচ্চা আইচ্ছা দুনিয়া আর মুটামুটি ডিসি আর তো সারে তো এখন টুকের কি চাকরি করি দেলো তো তাই খইলে এখন তুমি খরতায় ফারো সমস্যা নাই
/kaggle/input/regspeech12/test/test_noakhali_0009.wav,ও কি না ক না গো চাইরশো টাকার বাজারত চোখ সাদা কারে কিনছে আন্নে কি এইডা আমার কাছে আরে কিছু টান না কি ক
/kaggle/input/regspeech12/test/test_sandwip_0130.wav,আর একদম আর আঁর তো একদম আঙ্গো ইয়ার খইলাম না যদি আঁই আন্নের ফেশার দি দে আমি এরকুম আংগো ই হরা লেখা কতা গেছেলো ইতে যদি কইতে যে তুই এত ইয়া করা লাইগবো
/kaggle/input/regspeech12/test/test_sylhet_0727.wav,বিয়ার ডিম তাখার লগে একদিনও থাখা লাগে আর বিয়া বাদে আরেকটা কটিন লাগে দুইদিন থাখা লাগে টা না পাস না তা না তা কিচ্ছু না ইচ্ছা কিচ্ছু খাই না যা কিলা দুইদিন থাখে মানে রোজা না দুইদিন ধরে না তে তো বেতা অবে সখাল তাকি পারবানি তুমি মনে খরো ফানি খাইলা রোজার খরা সারাদিন খতা সময় খাইলায় শুইনা
/kaggle/input/regspeech12/test/test_sylhet_0675.wav,তো আল টি আগে না দিক ই ই দিয়া মানে দাড়াইছে হুম আর সাতে আফনে দিয়া কয় বছর অইলো দশ বছর দশ বছর আর মানে ফড়া লেখা আফনার লেখা ডিগ্রি কমপ্লিট করছে না
/kaggle/input/regspeech12/test/test_sylhet_0499.wav,বুচ্ছে তোর মামি আর আমার অহন ফাস্তা বেনি আমার সব বালা হ্যাঁ যাওয়া আসা যাওয়া আসা অয় আমি যাই প্রতি শুক্রবারে তো সকালে ফোন দিছোইন আই অফ বাসাত হিনো গেলে যখন তুমার সব প্রতি শুক্রবারে আমার ন ন খরি মানে জামাইর বইন বড় জন গ্রামে ন খরি খই আর মার ছুটো যেরা তারা নন খই আরকি ওরখম সব দলো অইবে আমরা সব জাল অল আছে আমার বড় জেলা বারো তাইন বাসা বালো তা
/kaggle/input/regspeech12/test/test_sylhet_0080.wav,একবার বুঝা বা আমি কই আমার মেতা আমার বুঝাইয়া আমি যে নাই নাই নাই জানে ডিফ্রেন্ট তো অনেক তো তাই অনেক তাইর অইলো দুই হাজার সাত তো আর আমি তো আর বাজনা তোমরা কান টান ফারো না
/kaggle/input/regspeech12/test/test_kishoreganj_0116.wav,নটি জন্য পানের উদ্ভেদের উপরে নি বসি খা দে নটি জন্য পানের উদ্বিবসি খাদ্য কুনডি জন্য পানের উদ্বেদে উপর নি বসি খাদ্য নিচে কোটি সঠিক খাদ্য শংকর চাইরটা আমি কই গাস ফড়ি গাস সাপ বেন
/kaggle/input/regspeech12/test/test_tangail_0037.wav,বুদা একটু কঠিন হইতে পারে ছবির একটু লম্বা লো মনে হইতে পারি কিন্তু সব ভিজিয়ালথিম সব সুন্দর দেহা ভাল লাগবো পুরা লাস্টের দিকে যাই আপনি এডার ইডা বুজবে রমা বুজবে
/kaggle/input/regspeech12/test/test_sylhet_0183.wav,হয় আচ্ছা তে আফনেরার অনেক সময় নষ্ট করলাম কিছু মনডা করোইন না সিরা যইতে
/kaggle/input/regspeech12/test/test_sandwip_0114.wav,ক মাস হরে একদিন ইস্কুল আইছে বেতন টেতন দিবার লাই মনো ফতম ফ্যামিলর না দ্বিতীয় সি কইরা ছেমা স্যার যে হেতে তো কোনোদিন নাই দুই মাসের গেছে কোনো উপস্থিতি নাই খরে জিজ্ঞাইলে অবস্থা কানের হোলারে তো দেখছি যে বদ্দিনে
/kaggle/input/regspeech12/test/test_tangail_0015.wav,এইটে আক্রান্ত ওইয়া যায় পরে একদিন মেডির সাথে দেখা অয় মরিরে ওরে বুঝাই সব মানে ওর সাতে অনেক কথা হয় পরে ও নিজের চেঞ্জ কইরা ফালাবো বলে সিদ্ধান্ত নেয় পরে আবার যায় কোইন বেঞ্চের সব সদস্যরা সাথে কথা কইয়া
/kaggle/input/regspeech12/test/test_chittagong_0073.wav,সিটি আছিল তারপর আরো মানে আঁরার পরিচিত এন কে আঁর মামতো বইন মামারে খই দিছে ইতারা ফর্যন্ত খরছে ডিজিটাল ভোট দেওয়া যায় কিন্তু নিয়া এক্কানা বেশি ল বেসরকারি ত ওডি অনাস ফেলাইবু কিন্তু টেঁয়া না খতো সরকারি তো টিয়া লই বলে
/kaggle/input/regspeech12/test/test_comilla_0020.wav,তাইলে বিষয়টা মধ্যে কিন্তু অনেক ইয়া ছিল আবার কারেন্টের তার একটা আমরা যখন যাই পরে আর কারেন্টের তার দেখি নাই এহন কারেন্টের তো একটা ছিড়া সবাই ধারণা করতেছে যে এই যে দোলনার যে অ্যালোমিনিয়ামের যে ইয়া গুলা থাকে না সম্ভবত এই দুলনারশিটাতে কারেন্টের তো আটটা ছিড়া পড়ছে এরকুম মানি একটা ধারণা করতেছে
/kaggle/input/regspeech12/test/test_kishoreganj_0074.wav,দাদা না তো আমি যাতাম তুমি ফার একটা লইয়া গা তুমি বার একটা না গারা একটা ফার দুইডা ইফার তে দুইডা ফারেনা তে তুমি তুমি নি লাইগা আমি নিতাম না তোমারে দেও তে তুমি তুন বাগো তুইল্লা নি নি বেতন তুইল্লা ইডা না তুইল্লা দিছি না কতো নি ফর
/kaggle/input/regspeech12/test/test_sylhet_0759.wav,ফারে না হুম আর কিতা খইতা ফারে না হুনছি অখন ফারে না কুনুখানো তারাও খইতো নায় ফারে না ওখানো বলতে মানে ফানির চিটা খরলে আরকি বিয়া অয় না ওখানো নি তে আমরা খানি যেটা উডাম ফাই খরতো বিয়া তো আর তো ওর
/kaggle/input/regspeech12/test/test_habiganj_0065.wav,ইতা ওই সিক্স সেভেন এইটো তাখে আগে খালি টুকা তুকায় বাইর খরতাম আনন্দ ফরে বাংলা ইতা ইতা কোন বইয়ের মাইঝে গল্ফো আছে যেতটুক তুকায় সব ফরি লইতাম আর এমনেও ফড়ি গল্ফের বই আর অখন তো মোবাইল আইছে ফর দিক্কা মুবাইলির মাইজে খতো গল্ফ দে মোবাইলের গল্ফো বাল্লাগে খরি খয়দিন আগে আমরার ফরীক্কার আগে মোবাইলের গল্ফ এমন নিশা অইছি খালি গল্ফের বই কিনা বাল্লাগে দে
/kaggle/input/regspeech12/test/test_sylhet_0639.wav,প্লাস টি স্ক্রিপ্ট ফড়ো খই ফড়ো আমি যে মায়া লাগে না ফড়া কিতা খরতে বালা লাগে বেশি তা ফরে ওতা খরে না খয় না না লেখা গান ও যাও
/kaggle/input/regspeech12/test/test_sylhet_0244.wav,ও এর আগে খইলাই আমি তো এসএসসি তে যেহেতু জেলার মদ্যে ফার্স্ট ওইছি তো বোট স্কলারশিপ ফাইছি বোট স্কলারশিফের খারণে আমি ইন্টার ফর্যন্ত ফ্রি ফি খরি দিছি অলমোস্ট কিন্তু যে ইয়ো লাগতো আমি হোস্টেলো তাখতাম হোস্টেলো ছালাইরা দিতা হোস্টেলে বস্তা
/kaggle/input/regspeech12/test/test_sandwip_0080.wav,যা যা আছে কম নিতো অইলো যা ফুল ক গা হ আছে ইয়া বো আমার বই এন্তে গোল মনি না না হলাইতে লইয়া বা চাকরি করি ইলা বুজো আফুর ক গা ইয়া আমার অইছে এ কাডি যে গাতি অইলে কাডি সাদা খাইতে অইলে গাড়ি তো আফুর কমে
/kaggle/input/regspeech12/test/test_kishoreganj_0069.wav,নিতে চোক ফারবা আমি চোখে ফারি না নিবা এলা নাহ রাজা ফাল ভাই বুন আফনে কিতা ভাই হ রাইগগা না কি না ফারে আমার একটা টেকা দে
/kaggle/input/regspeech12/test/test_sandwip_0035.wav,হইজ্জি নিয়া কিছু কইছে যে দ্বিতীয় কুনান দিলে না মা গেডি খাইতে কি থাকিল কি রানছে না আইজ্জা আন্নেরা
/kaggle/input/regspeech12/test/test_sandwip_0048.wav,তুই কুন অচ্ছে হুম বেশি আছে সুন্দর করি না কারা খোয়াই হ না হে বুচ্ছে ভরা গুনে মাথা আরা হুর হচ্ছে নিছো না হরি জেলা গইরগুম
/kaggle/input/regspeech12/test/test_chittagong_0137.wav,কিছু খইলে ইয়া আঁরে হেরে দেখি না ওই ফাডা গুদা না ভাইয়রে আরও খরদে সিফাতে হাতে না কি আর এখন বাস তুলি দিতোনা আর বলে বাস ত ঘুরিয়েরে হালা না মনে যাইতাম আইয়া রে কিছু গা মাতা ছিনেনি না দে ইয়্যান আইলে গুইনা ফাডাই মাইয়ারা ফার হওয়ার খরদে ইতারার ন ডোল দি
/kaggle/input/regspeech12/test/test_sylhet_0069.wav,তে আফনেরার ধর্মীয় আচার অনুষ্ঠান লইয়া যদি কিছু খইন খুল অনুষ্টান মানে যে কোনো ওই যে হিন্দু নানি আফনের বার বন লইয়া বা কিতা খরোইন কি কুনু যাওয়া মানে সরস্বতী কিতা অয় না সে সাতে আমার দার বুজা
/kaggle/input/regspeech12/test/test_kishoreganj_0148.wav,হন বাইলে হ্যাঁ উচ্চ গান বাজি এবং লাইফ স্পিকার এবং মাইক বাজি মানুষ শব্দ দশ বলছে ওয় তে কিছু শব্দ দেশোর মানুষের মানসিক ও সাদিক সমস্যা সৃষ্টি করে সব দশ মানুষের শান্ত মানসিক
/kaggle/input/regspeech12/test/test_kishoreganj_0009.wav,গাড়ি কই কান বহুত জাগা আছে দুই কুনডা এক ভাজা
/kaggle/input/regspeech12/test/test_sylhet_0083.wav,বালা আছিল আমি বুচ্ছি এইটা হচ্ছে বাসা লইয়া মুক্তি মূলত মানে ছেলে হ্যাঁ শেষ করি না যে মা একটু একটু তুমরার বাসা এই সাইডে নি না বাসাত নাই একটু হারে হাতে মাতি
/kaggle/input/regspeech12/test/test_sylhet_0570.wav,দুর্বলতা নায় স্যালাইন ট্যালেন্ট ভিটামিন মারা নি অয় ডাক্তারের কাছে ইকটার কন্টিনিউ ইকটার ওষুধ ছেলো আর ও মাতায় গুরায় নানি আর আমার পানি আছে একটা শরীলসুস্থ তাখলে আরকি ইতা খিয়াল খরোইন না
/kaggle/input/regspeech12/test/test_tangail_0076.wav,ওই শিউলির যে বেড মানে বানি তার যে বেড নায়িকার যে বেড ওই বেডের বাশের রাইখা আছে ফরে এই ফুল অর তো আবার ওয়ার পছন্দ আছিলো আগে থিকাই এই ফুলের বাঁসনা তো মানে কথা না বলতে পারলে অনেক সময় সেন্স কাজ কইরা ওইতো সময় এই সেন্সটা মানে
/kaggle/input/regspeech12/test/test_sylhet_0669.wav,আফনে মানে হাউজ আইছ নে আমার ছুটো বেলা বিয়া ওইছে কের বারো ইয়ো ওইছে কম বয়সে অয় তেরো বা কের মইয়া ওইছে তেরো বয়সটা
/kaggle/input/regspeech12/test/test_kishoreganj_0173.wav,নিরাপদ পানি নিরাপদ পানি হুম টুকরা পানি নিরাপদ না অ নিরাপদ নিরাপদ পুকুরে পানি নিরাপদে কইছে অ নিরাপদ হারে
/kaggle/input/regspeech12/test/test_sylhet_0741.wav,স্বামী কর সার ইয়ো অই যাইবো তার মানুষ ওই যাই আগে সম্পূর্ণ ভাবে তারা মানে নামের সাতে আফনারা করলা অই যাইবু তারার ইকানোর লগে সম্পর্ক শেষ ইনো বা এখবারে খান দিয়া একটু যাই না মাছ বা তো স্থান খরি কিতা আমার আমরা কিন্তু না
/kaggle/input/regspeech12/test/test_sylhet_0433.wav,তো ইয়া গেছোইন না খয় তো যদি খারাপ খারাপ অই যায় রে বাবা তো আমি এখটু ফরে গিয়া খাই ফরে এখটু ফরে দেয় অন্য ম্যাডামরা খইছোইন ছিলো ইটা তো আমি এখটা হালকা ইফতার খরি আমি হুনিয়া তা খইরা দি কিন্তু খাইয়া না ফরে আমার ওইছে যে আন্টি তে আফনে গিয়া ইতা খরি লউক্কা খইছোইন না বাবা বাজে শালায় মালিবাইত ইয়া ফরে তার মুছিস দিয়া খইয়া বাবা তুমি খান না খরে না তুমি বালা ওই যায়
/kaggle/input/regspeech12/test/test_sylhet_0737.wav,ওগ নি শাক খিলাই রাইখ্যা আফনারা হুম ইটা ইটা গনি শাক না তো গা সময় বিয়া বাগে রাত্রে জগত পূজা না না তো ইটা মানে পূজা না ইটা ভাবো না নিয়া জিজ্ঞাইবার মনে কর কি না না ও তুমার বইনে
/kaggle/input/regspeech12/test/test_kishoreganj_0068.wav,দেন তো দোকান খুইল্লা লো ফরে যে তোমার অহন দা তো না কুসুম দুইডা চাও ফাইছে ছুডু ক্যা ভাতার লেইক্কা বাতা লইয়া চা ফাইছছ হ ও আইচ্ছা
/kaggle/input/regspeech12/test/test_sylhet_0346.wav,ও বিসিএস এর মানে নিগের আগ ফর্যন্ত আর তারে দশ মাস যখন তখন ইয়ো ফরীক্কা দিছি দি আর বিসিএস অইলো চাকরি অইলো ওইয়া
/kaggle/input/regspeech12/test/test_sylhet_0162.wav,গাছে গাছ গাছ তো তো গা তা একবার দিছে তাকে হেল্প ট্রাই করি এক না দেহা সবাই সবাইর বাস্তবে আমার ইতা অইবো এরা কিতা পাইছেনা না গাছো তো আছে না যে বন্দু গো ফুললি ইতা কোনো বেজান যে আরো কয়া আরো বয়া
/kaggle/input/regspeech12/test/test_kishoreganj_0189.wav,গিন তো সব থাকি ইস্কুলের নি না গো নি বলো তো ফরে ফড়াতে ফাছ নি দনি হ
/kaggle/input/regspeech12/test/test_sylhet_0540.wav,সেইম যে সারাদিন আওয়ার লাগে খালি আফসোস কুনু সময় তো আমরা এলা পিকনিক মিস দেই না আরেখটা থাখে না আলাদা এখটা আমি গলার পিকনিক বরো ফরে লাগছে তিনটা সময় খানি আব্বা নিছোইনগি সখালে গরো
/kaggle/input/regspeech12/test/test_narail_0108.wav,আলা তার সংবাদ আর আছে শুধু ফারিস টা ইটা এখনো কোনো পরিবর্তন হয় নিছেরটসুটা ওইটা দেখি এবার যে আবার দেখাতি হবে কী হয় না হয়
/kaggle/input/regspeech12/test/test_kishoreganj_0058.wav,এই এইল্লা জিগা এই লাইন জীবন উইড্ডা উইড্ডা উইতি দিবানি নিতো কা হেই কি রক্কা টান্ডা তা হে কে রক্ষা ফুকে যা বলে আছে কিছু টান্ডা হে বেডা দেইখা
/kaggle/input/regspeech12/test/test_kishoreganj_0080.wav,দুইতি না যাইতা বেছে না খাইয়া লা এই তো খাইয়ালা দাদা ফাতা খায় বেচর না বেছলা হ
/kaggle/input/regspeech12/test/test_rangpur_0064.wav,আসে আর তোর বিয়া থাকতে হ মাজার বিয়া করছে ছাওয়া হইচে মা তোর বিয়া করচে ফির মোরে হইলে এও থা মোরে জাগা তো বইনের বিয়া হয় নাই তারে তো বিয়া ওই যে আমার বাইজ্জা আছে হ
/kaggle/input/regspeech12/test/test_sylhet_0497.wav,খইন বাবা ইটা কিভাবে আসলো তুমি একটা টান বাতরুমে যাইয়া তুমি কি চাপ দিছো তুমি কুনু বেতা লাগে নাইলে সেই এখবারে মিডিয়া উঠিয়া আইচ্ছা ইয়া বা বারো মাতা যেগু কিলা আইছে অখন কিলা ইটা আমি তো জানি না আমি খইছি তাইন আমারে একটু দরিয়া উটাইছলা আর ইনু আমার টার্জ খরিয়া একটু লাগছে লাগার খারণে মানে ওউ মনে খর যে তারা টানছে একটু ডিলা ওইছে আর ওলা জানে বইছে উঠিয়া আর ওগু চাপ খাই আগে তো সম্ভব তো সামনে ফরছি সিট ছুটি আগে আল্লাহর রহমত আল্লাহ রাখতাম অপারেশন ডরাইয়া খান্দাত
/kaggle/input/regspeech12/test/test_sylhet_0188.wav,তোমার বড়ো ফ্যামিলির অনো আব্বা আম্মা আমরা আর বাই আমি সব নয়জন আমি যখন ক্লাস ওয়ানো ফড়ি তখন আমার বড় বাই বিয়া অইছে তারফর তাকি বড় ভাই বড় ভাবি
/kaggle/input/regspeech12/test/test_rangpur_0025.wav,ওমরায় গুরুপভাবে সবাই গেইছে দর আর হামাক তো না ডাকাইলে হামার যাইয়ে নে সাথে তাও যায় হামার বউ আগে যে এই বাড়ির মানুষ এই যে লিলিবুর ঘরোক পুছ করিস সর্ব প্রথম ফতে খান এই যে তোমার নানির ন বু ওমার নানার খাছি
/kaggle/input/regspeech12/test/test_sylhet_0612.wav,আমার খাইলে আইছে বাত না আব্বা জানি আছিন গফ ছা মানে কে গছে আই নানি ওই যে সাকিবোর ওত্তো আর জানাও বাদে হ
/kaggle/input/regspeech12/test/test_habiganj_0051.wav,আমরার ধর্মীয় বইটই আছে ইতা ফুড়ি এরফরে পার্থ না ফড়ি গান ন গাই গাইয়া তে
/kaggle/input/regspeech12/test/test_sylhet_0648.wav,এই দেহো চটপটাইয়া করে গাড়ি দা দি মতো না মিস্টি কুথাও বাছি মুকা খা কাও পাখি ডাকি নীল তো হি জ্বলে গাঠি মি তো হি জ্বলে গাছে আমার দিসি মতো না নি দি টি কুথাও বাছি দুই কই কুটুম পাখি বড় বাগান দে
/kaggle/input/regspeech12/test/test_comilla_0011.wav,হয়তো এই দুলনার কাছ থেইকা ওদের রিয়ারসালরমের দূরুত্ব অয় তো তিন চার মিনিট হবে ওখানে যাওয়ার পর স্যার যখন বলছে যে রিয়া সাল হবে না তো তখন আবার ফিরা আবার দুলার কাছে আসছি আইসা দেখে যে ওর বান্ধবী ওজন চাইবা সে তুলনা মধ্যে একদম অদ্ভুতবে বইসা আছে মানে একদম
/kaggle/input/regspeech12/test/test_sylhet_0107.wav,তো সাত সাত আই আজার টেখা দি তো সাত হাজার কালি ইকটু ফুছলো নাই মাইল কে খইছি আমরা ফসলো খরো না ফুলা দেওয়া দি ফরে আমরা খইলাম সাত আজার টেখা দিলাও আফনার লাগি আমারও খুশি ইতার লাইগা ফা টেখা রাহা যা আছে যে টেখা নি টেখা আমার দা বেশি শেষ ওই যায়
/kaggle/input/regspeech12/test/test_tangail_0069.wav,তহন মানে জানে তহন যায় হাসপাতালে আর আর দুইজন দুইজন যে পছন্দ করতো মানে কিন্তু বরুন সিরিয়াস ছিলো না আর মেয়েডা মানে যে নাইকা কেউ দুইজনেই কেউ কাউরে বলে নাই বরুন সিরিয়াস ছিলো না মেয়েডা
/kaggle/input/regspeech12/test/test_tangail_0063.wav,আর বরুন দারার বানা দুইজনই অইছে হোটেল ম্যানেজমেন্ট আর ট্যুর মানে স্টুডেন্ট মানে অরা হোটেলে এহন আর জব খরে সম্ভবত মুম্বাই কোনো একটা ফাইটার হোটেল ম্যানেজমেন্টের কাজ করে মানে কহনো
/kaggle/input/regspeech12/test/test_sylhet_0761.wav,মাসিক আমি ওইলাম বইন যে জ্যাঠার গরো বইন নানি বইন গরো বইন বইন কি বলতে তা কিতা দাদুর খালা তোমার খালা না নি না নি যে বিদ খাইয়া আমার তাই খালা
/kaggle/input/regspeech12/test/test_sylhet_0402.wav,ছাইর বৎসরে ছাইর জন মানে ঠিকটাক ফুরা তাখে ওই বার সময় তারা মারা যায় ও সমস্যা এখন আর তো ডাক্তারি দেখাইয়া জাগা জাগায় ওবা ইটা খইলাম না সখালে ইটা বিমান দিয়া ঢাখাত আবার বিকালে আইতাম ওউরখম ছলা ফিরা খরছি এরফরে বাচ্চা দিলাইতাম আ
/kaggle/input/regspeech12/test/test_kishoreganj_0091.wav,না লুডি কা খালি রুডি কালুরুডি কা হুম জুন গাছে না ভালা ভালা কুনডা আছে
/kaggle/input/regspeech12/test/test_sandwip_0094.wav,যে কইলে না রাইত কার বেইন্না কি মা ছালাক ইয়া খুজি বাদ গরি বারি না
/kaggle/input/regspeech12/test/test_sylhet_0436.wav,আমি খইতে ফারি না বল ফুললে তো আল্লায় আমারে বুঝাইয়া দিতা যে ও ভুলডা তুমি ফড়রায় আবার আমার যে আমি বুল কিতা খরা আমি বুঝতাম লাগি আমি আমি নিজের মুখে কুস্তা ইরা মনে খয় আমি কুনু বুল ফড়া ভাল্লাগছে সম্ভবত খম ফরে মায়া যায় না এখন
/kaggle/input/regspeech12/test/test_narail_0134.wav,তোমরা দুইজন বলে ইন্ডিয়া যাবা ইন্ডিয়া যে এট্টু সংসার কচ্ছে মাতা দুই ভাই বুলি বলছিস না তুই যেরকম বাড়ি থুইয়া মারে থুয়াোনো জাগা যাতি পারবি নাই
/kaggle/input/regspeech12/test/test_narail_0094.wav,আমি যদি মনে কর চান তাল তোর সাথে কথা বলতাম না বদমাইশ না কথা কচ্ছে আমি কিন্তু এরমই কথা কি মানে যদি কি ফরে তো তুমি জানো ভালো কইরে একসময় তোর সাথে আমার যে পরিমানে কথা হয় সে তা কান তার সাথে দর
/kaggle/input/regspeech12/test/test_narsingdi_0055.wav,মানে জানি কী হইছে যা শেষ জাগা খেলে তুই তো মশারে ইমুন ভাবে মারো যিমুন ইয়া স্পোর্টস এক্কারে মানে অয় না তুমি খেলা দুলা মিস
/kaggle/input/regspeech12/test/test_sylhet_0425.wav,ওউরখম আছে ফড়ায় যাক নরমাল তাকি মেডাম এখজন করিছিলো তা বইন তারা অখন তাকি ডাক্তার ম্যানেজ খরছোইন তাইন আবার ডাখাত ইয়া বইন মাঝে মাঝে আই বাংলাদেশো আই ফরে তাইন খইছোইন আইচ্ছা আমার খাছে লইয়া আইয়ো ফরে আমার লগে মেডামে মারছোনা মাতছোইন ভিডিও কল দিয়া খেতে মারছ
/kaggle/input/regspeech12/test/test_chittagong_0111.wav,এসএসসি বানছিন গরি দি তো আঁকি কি আর ফরে খই দি আঁই খইদে খা গনি হচ্ছে আইডি ইতের গিয়া ডিরেক্ট নাই নাই আইডি দি আইয়ে আমি ফ্রেন্ড গরি দেম্নে ব্লক মারি দি ন ন হই তাতারি কিরগি মেসেজ কাছে তো ডিরেক্ট করন বারেরদি
/kaggle/input/regspeech12/test/test_narail_0084.wav,বুঝেনি কচ্ছে কি বাসায় সেনে মানে দলোর পুড়াইছে নে যাবানি আর সে দে এক সুমায় একটু ঘুত্তি অংক ফারে অংকশ কলাম না ওর বাবার কাছে রইছে
/kaggle/input/regspeech12/test/test_sylhet_0021.wav,টাইমের পূজা টা খরতে ব্যালা নিছে মা প্রতিমার খাছে না তারফরে প্রতম দিন পূজাটা অয় সবতে পূজা সবতে বুজার দিন সবাই আমরা যদি তিন দিন পূজা দিন আরে না কে মার খাছে গিয়া অঞ্জলি প্রধান পূজা টা করে খরবে
/kaggle/input/regspeech12/test/test_tangail_0028.wav,তুমি আমার সমে ডেস্টিনি তুমি আমার মানে তুমি আমার ভাইগ্যে লেখাছিলাম তারপরে ইরখম ওয় পরে আবার নাতা আর ছাড়া দুইজন দুইটা ভিন্ন লিফটিউঠা বলে যে আমরা যদি একই ফোরে আবার পরে খরি আমরা যদি আবার একই ফ্লোর আসি
/kaggle/input/regspeech12/test/test_chittagong_0091.wav,না তাই না আঁই আরও তো ন আইয়ে কেউরে ন আইয়া আঁরা কলেজের মেয়ে ক ফল ন কিরকুম মনে জানে বা টেনশন না
/kaggle/input/regspeech12/test/test_kishoreganj_0147.wav,কলে যে সবুজ আর থাকলে ওই যে হলুদ দা শুনানি করা এই বালিশের বাঙ্গি সবুজ রঙের বাঙ্গি সবুজ জনে বাঙ্গি সবুজের বাঙি সবুজের ভাঙ্গি সবুজ রঙের ভাঙ্গি সবুজ জাদুর বাঙ্গা রঙের ভাঙ্গি সবুজ রঙের ভাঙ্গি সব দু সব দ দুইশো সাতজন কি করে ন হন ভাই সব জনে কি করা নয়
/kaggle/input/regspeech12/test/test_habiganj_0064.wav,আরও খম না আমি তার লইয়া মা মারি একটু বক্সে খয় তোর অতো বড় সাহস অইয়া গেছেগা তুই আমরা না খইয়া ওই যাছগা মার্কেটও বান্দবিরার সাথে গিয়া সিরা খাফড় ফরি দে নি যে কিন্না না আইন্না লাস আমি তো ওই যে গাছ লাগানি ওই কিনা গাছ কিনা ওইগুলার লাইগা অনেক গা খাইছি বই ফুল গাছ লাগানির লাইগগা বাড়িত যে তখন খাইছি খালি খইতো ইতা কের লাইগা আজাইরা গাছ লাগাছ ইতা ইখানো লাগাছ কেরে ইখানের গাছ কইরা ইটা লাগাইন লাগতো না ইটা লাগাইন লাগতো না ইটা কেরে কি নাইছস
/kaggle/input/regspeech12/test/test_barishal_0072.wav,অর কানে হেন্দে ঢুকাইতে বাই কইরা দিবি নট ডাউট মায়েরে খাওয়াইতা এরম যদি হয় তয় তো ভালো হয় কি আমনে মানা কাছে কতা কয়ডা খইলাম কইতাছে আমি মনে করেন মানুষ এরম হইতে পারি সাদা কাগজে লেখিত এর একটা কতা যদি ক ঘুরাই হালাইতে যে না ওর এট্টা কতা মিথ্যা
/kaggle/input/regspeech12/test/test_tangail_0058.wav,বোলার টাইম নিয়া নায় না আর কি এরকম অথচ আপনি আপনার সারাডা জীবন মানে তার সাথে খুবই রাখছে কিন্তু সে বিদায় সময় সে একটা গুড বাই ও আর কি বললো না এরকম আই সাপোজ ইন দা না হোল অফ লাইফ বিকামসআনক্ট অফ লিডিং গো
/kaggle/input/regspeech12/test/test_kishoreganj_0094.wav,মসজিদ আমরা যে বইয়া থাহে বাক্কা বইয়া থাহে বেডা মানছে না হুম হ্যাঁ নামাজ ডা ফরে এই চালা জিরা হ্যাঁ নামাজ ফরি মসজিদ তো আমারে যে মসজিদ কুলায় ন
/kaggle/input/regspeech12/test/test_barishal_0090.wav,স্যার বান্দের অভাব নাই খই ভগবানেরাতনি খাবি না বানাইছিলাম হেই আরেকজন গাছের মা
/kaggle/input/regspeech12/test/test_kishoreganj_0093.wav,হের লগে তুমি ন থাকছোস না নমাজ সারা ফাছ ক মুক্ত ন দে তার ফরস না ন ন কি মাজে মাজে তে হে গুলা ফারছ না না কেরে এমনি মসজিদ ফচমে মাঝে মসজিদ
/kaggle/input/regspeech12/test/test_habiganj_0043.wav,বেশিরভাগ ওই বালা লাগে কিন্তু এর মাইঝেও আছে এখটা দুইডা বাল্লাগে না বাল্লাগে বেশিরভাগ ওই কিন্তু ওই যে মুবাইল লইয়া যে বইয়া তাখে ইতা লইয়া যে খেউ খে ইতা ইডা উনলে ওই খালি মনে অয় যে না ভালা না
/kaggle/input/regspeech12/test/test_sylhet_0431.wav,মানে একুশ দিন না চৌদ্দ দিন চৌদ্দ দিন ফরে আমি আছি তুমি ফুলি যাইতো আমার সিট খাটিয়া দিলা ইতা খইছোইন যে তিন মাস ফরে আরেকটা অপারেশন খরা লাগবো ফরে ঠিক অইবো মানে এক অপারেশন ঠিক অর আর একটা অপারেশন সাড়ে তিন লাখ টেখা
/kaggle/input/regspeech12/test/test_tangail_0075.wav,শিউলির যা হওয়ার তা তো ওইছে আমরা আশা করি অসুস্থ হইয়া পড়বো এরকম পরে বরুন দাওয়া যহন আইয়া মানে আইসা পড়বো ওই সময় আবার অক্টোবর ছিলো ও শিউলি ফুল নিয়া
/kaggle/input/regspeech12/test/test_chittagong_0077.wav,ইয়্যান ন হই হ্যাঁ বিকালের মধ্যে আঁই ফরি তে আইতো না আঁই তো ন খাই ফালায় হ ইয়্যান ফইরজি তে সাইন্সের আলাদা আঁরা রাক তর আলাদা সকাল আই গেলে তর খরা কিন্তু বাসের কওয়ার মতো খম বড়
/kaggle/input/regspeech12/test/test_sylhet_0031.wav,হে নি অনেক টাখা উঠে প্রমির টা সব সবাই যদি দশ বারো আজার মানুষ আর সবাই দশ টেখা খইরা দশ টেখা নিছে তা দিতো না আরো বেশি দিবো খে পঞ্চাশ টাকা দেখে একশো টেখা দেয় মনের উফরে নির্ভর দিলো নিলো ওম পূজা শুরু ওইলো নমমিপূজা
/kaggle/input/regspeech12/test/test_sylhet_0734.wav,পাশ বা আর দিন আবার অয় আফনারা সাপ্তা দিন জামাই যেরা জামাই আছে জামাই বু দুইজনের মিয়া সাত তো আছে আর রাত্রে তো এখলা গুমাবা সাপ্তা না রাত্রে ও তো যাইলাম জামাই বউ দুজনের দে না তারে ধরিয়া নানি আর বাসাত
/kaggle/input/regspeech12/test/test_sylhet_0345.wav,তখন অইলো গিয়া ভাইবা দিলায় সিডিসিএসএ বাইবা দিয়া আমি কুনদিন রেজাল্ট আইবো আর কুনদিন ইকটা গ্যাজেট অইবো কুনদিন নিউজ ফাইমু ফাকে গিয়া আরেখটা চাকরির লাগি এপ্লাই করছিলাম বাংলাদেশ তখন ইটা ফার্স্ট ক্লাস এগারো বাজার সকালে ওউ চাকরি করছি
/kaggle/input/regspeech12/test/test_narail_0122.wav,পরে ওরে খুলনায় নিয়া এডমিশন করে যে তোমারে কালিয়ার ইস্কুলে ওরে পড়তে হবে না সেটা বলো আচ্ছা ঠিক আছে সাইন্স জানি সংকট তো ভালোবাসা সাইন্সের কান সব চার যা ওডা খুব ভালোবাসা বুঝছি ছয় মাসের ভিতরে এক মাস ক্লাস করিছে এক মাস প্রাইভেট করিছে ছয় মাসের ভিতরে
/kaggle/input/regspeech12/test/test_narail_0023.wav,শিল ওই ওই আইছে গেছে খাইছে নিয়ে সেইডে সাথে এই আগে কোনোদিন পরিচয় দেই নাই ওই ছোটোডা তর শেষ কালে তো ওই যে এইডের সাথে সেডের সাথে ছুইটা যায় খাতের ভাইঙ্গা এইডের সাথে খাতার ওই ছোটোডা ওছোটোদিকি কোনো ছোট মা দাদু ছোট মামা
/kaggle/input/regspeech12/test/test_sylhet_0657.wav,আমার তো দিন যায় তো তার বায় চাখরি খরতাম টেনশন বাটা ভাই এইটা খরি আর কি কাম আটা ছড়ায় এই সেই না তিনোটার লগে দরবার খরি খাইজ্জা খরি তে শাসন করে ন উটি নাতিনের লগে ব্যবহার খরি খাইজ্জা খরি বাইর শাসন খরি
/kaggle/input/regspeech12/test/test_sylhet_0723.wav,মানে তো তো তোমরা জেলা ছিনি বা আমনে বিস্টি ব্যাফার গা বেশি টিষ্টি অই যা খানা ওগে শাখা ও শাখা ও সিং ফরে ইয়া যিবা তোমার ওই গেলো ঠিক টাকা ওই গেছে
/kaggle/input/regspeech12/test/test_noakhali_0008.wav,কার ফরে এখন দি দুদিন মা রে তবে চিয়ার অইলে বাবা কি ঘটনা কাইলকা তাইন তো না আবার কাইলকে আইনতো ন আর এগিন কাইলে মনে হয় তো শুয়াই যা একশো দিন কি আর ব্যস্ত কি হরা হলে আমি দুই দিন হরে নে তিনদিন হরে আনে কি
/kaggle/input/regspeech12/test/test_rangpur_0129.wav,রিংকু কেমন আছিস আলহামদুলিল্লাহ ভালো কী অবস্থা এইতো আছো মুই এক রকম আর কি তোর সাতে কিছুক্ষণ গল্প গুজব করিম মোবাইলোত এখনা রেকর্ডও করিম তো তাতে কোনও সমস্যা হইবে তোর না সমস্যার কী আছে তুমি বন্ধু মানুষ
/kaggle/input/regspeech12/test/test_habiganj_0006.wav,আমরা আরেকটা গেছে হ ব্যাডা একদিনে তিনজন গেছে আর ব্যাডা ওই বাজারো যারা দি দারা বেডা আফনে
/kaggle/input/regspeech12/test/test_sylhet_0586.wav,ফড়লে তো টেস্ট পাশ পাইছে ফরে খয়দিন স্যারে ফিরা অখন তো স্যারে ফড়াইতো আর ফরে টেস্টের ফরে তাকি আমরা তো বুজি খরছি না আমরা এখদিন বাইর অইছি না বেটার সামনে আমরা তো দেখতেই ফারি না
/kaggle/input/regspeech12/test/test_chittagong_0084.wav,বেশি ভালো আছে না আর দিন বালা আছে গালে অইলে যে আনছি না তুই হিল্লা মেসেজ মত খানা ইতা খই খই তো আর দিন খাল কেন চলের
/kaggle/input/regspeech12/test/test_chittagong_0096.wav,কি খতা মেসিরে সি উন্নত টিটাং কলেজ হইছি এইচএসসি টা কলেজত অয় ইতারা সেকেন্ড মিনিটের সেকেন্ড মিনিটের মধ্যি চইলে আইছি এহন আঁরা কিইরজুম দে ইতে টেনশন তাখছি
/kaggle/input/regspeech12/test/test_barishal_0093.wav,মোর এট্টা হিসেব কি কাজে অনেক কিছু বউত কি এই গাছের কাজ থাকতে বাইরে ও না কাজ করার চিন্তা আছে হেরা না গাছের কাম করে এই জগতে তে বাইরইয়া অন্য কিছু করার চিটির কত কি সময় করে হেরা কিছু যোগ আইতো লেহা যায় এই জন্য এই গাছ কিনছি এহন ধরেন বেইচ্ছা আছে না ইলা বেটা কিছু করি
/kaggle/input/regspeech12/test/test_barishal_0079.wav,হোলা দি কি গই আকি বা আকি বাকি এই আকরি বাকরি চাই দো মোবাইলডা গরম কইরা হইছে মোবাইল গরম কইরা হালাইছে
/kaggle/input/regspeech12/test/test_habiganj_0036.wav,সেবেনো মনোয় ফড়ি আমি খুলা আমি আজকে রানমু এরফরে আমি ইতা জানি রানছি আমি রানছিলাম ডিম বাজি খরছিলাম আর শুটকি দরখারি রানছিলাম
/kaggle/input/regspeech12/test/test_kishoreganj_0070.wav,আমি তো আছে গা আমি টেহা লাগবো কিছু না তে কি বিটা লাগে আমি নিলি টেহা লাগবো আচ্ছা কি দশ টেহা লাগবো আমার তো বালা ফাই না আন্নে বৃষ্টি হবে আমার তো টেহা নিবা টেহা দিছে আমরা বৃষ্টি আছে
/kaggle/input/regspeech12/test/test_narail_0130.wav,আমি অনেক কিউট না আমারে মিস করে সবার বুঝো না কান্তারে বলিছিস সে সময় আমারে বলতিছে না এই সোর্সে কলি তো অশান্তি পারছেন ওইটা অনেক করি নাই ওই তো কি
/kaggle/input/regspeech12/test/test_tangail_0030.wav,জোনের ওই লিফটে পেইস করা ঠিকই ছিলো কিন্তু আবার দেখা গেছে যে হঠাৎ অন্য লোক আইসে প্রেশ কইরা মানে একটু এলোমেলো ও যে টাইম আর কি এদিকে আবার জোনের আবার আরেক জনের সাথে ইগেজমেন্ট ছিলো আর
/kaggle/input/regspeech12/test/test_barishal_0040.wav,এহন মুই পড়ছি একলা লোক বিশ্রি কোনো নে লোক পাই না গাছের কামের লোক কিন্তু অবে বলে একজন দুইজন পাওন যায় না জ্বালা আছে হ পাঁচজন ছয়জনে কাম করে দুইজন মুই পাম খই সবাই বুঝছেন এরম এট্টা সমস্যা কামের এহন আমি তো ভাইরা কামে গেলে এই তো হাসান ভাই হেনো আমার অনেক রিকোয়েস্ট করছে ভাই মোরা একটা সপ্তাহ কাম কইরে দে তুই হাজিরে যাইয়া সব দিমু
/kaggle/input/regspeech12/test/test_sylhet_0594.wav,কিতা অইছে মানে তাই কিতা যেন হঠাৎ খরাত এমনে মিশনে সিটি তো তারফরে কিতা তিকা ওইছিল রিকবনাইজ খরা যাইতাছিলারে তে সুদা খসায় হাজব্যান্ড আইছে এরফরে আবার শ্বাশুড়ি এরারে লইয়া মানে একবার আই খান তিন বাড়াইয়া আছে
/kaggle/input/regspeech12/test/test_narsingdi_0005.wav,খুব ভালো চুল এহন তো আছে সাকিব আছে তামিম আছে ওয়ানডে তে এই আর তবে যাই কস মাশশাফির মতো ক্যাপ্টেন পাওয়া খুব কষ্ট কম হরে
/kaggle/input/regspeech12/test/test_rangpur_0093.wav,আমার বাড়িত হুম তারপরে জল দাবার বাড়ি তো খাইচেন জলিলের বাড়িত খাচু কার বাড়িত কেমন খাওয়া দাওয়া খিলান ভালোই খেলাইছে কার বাড়িত কেমন সকালে বাড়িত যে ভালো খেলাইছে
/kaggle/input/regspeech12/test/test_sandwip_0006.wav,তো গোসল করতি না হিয়ার হরে গরুরে গোসল ন করে কি খান জানো ইয়ানে ভর্তি অইয়েরে দরকার ডাল চিনি লগিন তো লাইগবো
/kaggle/input/regspeech12/test/test_kishoreganj_0082.wav,আম চুক্কা দাম থাকে বেড়াই তো
/kaggle/input/regspeech12/test/test_sandwip_0096.wav,আরেকটা নাই মানটা লইয়া তো কাছে লইয়া তো আই মাইনষে চিটাং বিয়া দেয় রাগা দিয়া মানে যাগোই মাইনষে কটা মানে সব না আমি আছে না না হত্তদিন একবারে একবার যা হিয়ানে দূরে ফুডে দূর কিসমত দলা আছে কাছে কি না না তোরে যে হিসেবে গা আইবা যাইবা যায় জানি না
/kaggle/input/regspeech12/test/test_sylhet_0334.wav,ইটাও তুমার বড় থাকলি তুমি টার্গেট বড়ো রাখো টার্গেট জীবনের ছুটো করবায় না আর যত ফাইনান্শিয়াল হেল্প লাগে ই ব্যাফারে আর ফিছনে চাইও না আমি আছি তো অখন ওউ আমি আছি আমার কিছু আছে ইটা হচ্ছে আমার সবচেয়ে বড় সাহস
/kaggle/input/regspeech12/test/test_tangail_0079.wav,পরে বাসা স্থানান্তর করা হয় তরুন ধাওয়ান এদিকে তার ফিউচার ক্যারিয়ার নিয়া ব্যস্ত অইয়া পরে সে এখন আগে ঠিক অনেক বেশি সিরিয়াস হইয়ে গেছে তারপরে হঠাৎ এক সময় ফোন আসে যে
/kaggle/input/regspeech12/test/test_sylhet_0105.wav,গরো কিতা খাম খরবায় ফান কাপড় দিমু মোর ছাইরা আর বাদে যাইমু বাসাত একশো টা টেহা ফায় এইডা আর ন বিয়া তার খাম কইরা গেছিলাম ও তো বেডের বাসাত যাই কিতার লাগি দরো একশো টেহা ফঞ্চাশ টেহা যে আমার ফান ঘর টেহা টামার উঠে
/kaggle/input/regspeech12/test/test_sylhet_0305.wav,খও তোমরা বিয়া খরতাম নি না তোমরা খইলে ওকে তখন তারা খইলে আইচ্ছা ঠিক আছে বেটি ফরছে বার্সিটিতে গিয়া বেটি ছাকরি খরতে যাইলে তো ফড়ানি লাগবো আমরার টেখা উখা দিলেও চইলবো আমরার রান্দা বান্দা লাগতো নায় আমরা তোমরা টেখা উখা দিলেও চইলবো সমস্যা নাই তাখুক বেটি সিলেট
/kaggle/input/regspeech12/test/test_chittagong_0144.wav,যা জি উনি ভাই তুলি হ কি কিছু ন হ্যালো হ্যালো
/kaggle/input/regspeech12/test/test_sandwip_0064.wav,দুইশো হেয়ার আগের দিন হ্যাঁ আইচ্ছা যা খাওয়া কইছে হ আম না লেখা থুইবা দরজা থাকা থুইবা ঠিক আছে কি
/kaggle/input/regspeech12/test/test_sylhet_0704.wav,ফরালেখা খরছোইন আফনে মাই না সারা ইখান খয় বছর দইরা আছোইন কিন্তু তো ওই জাগা উনে যখন ইবা এদিকে ই আছে মানে আফনার জন্ম জন্ম থাকি না তো কি আমরা এমসি ছাইর খরোইন সরখারি খারি ফাইয়া তারার ঘর বানাইছি সরখারে কয় বানাইয়া বা যেরা অখন তিনজনের গর চাইবা ওইছেনি এরা জন্ম
/kaggle/input/regspeech12/test/test_kishoreganj_0075.wav,আঙ্গায়তারেডা না আমি আমার আমি লাগা ফানি এই গাছ যাইলে এ দুমু তাতে না ফেন কইল্লে ফেন কইলে তর মেহেদি থাহ মেয়েডা মেয়েডা তুলবেন মেডা তুলবেনেত
/kaggle/input/regspeech12/test/test_sylhet_0485.wav,বাগান ফন লইয়া আইয়া হুদিন আইলে মারা তাইরে লইয়া যেদিন দেখছো ওউ ভিম আমারে ওঠছে যেদিন মানে নিয়া দেখছোইন দেখছো গেলে তাও বইয়ে খাটছে খাটছে মেডামরে দুই আট আমার ওউরখম শুরু ওইছে মানে বয় হামাই গেছে ডাক্তারো দেখলে আমার যে বই লাগে আর তো বিটিরা তো ইতা ইতা দেখছি মেডামর আর তো ছুরি খরিয়া দেখছি বাবা লাগে ন জানি মানে বয়ে
/kaggle/input/regspeech12/test/test_rangpur_0061.wav,এটা জানি তো আগে বলে আইছে দেখপা না ওর আল্লা এটা সবাই দেকচে সবাই বলে দেকপে এটাও কইচে সবার চোকে পড়বে এহন তো সবাই আমরা চুরি আসে দে তে দেখি মোসরমানোক এইগলা কিচু কওয়া যাবে না যার কারণ
/kaggle/input/regspeech12/test/test_sandwip_0033.wav,খাওইন্না কেও কষ্ট বেক অইছে আদা আমাগে খাইন না তাইলে অনকা হেই সময় আগো এরকুম কইত্ত আসমাফাউইনা গিয়া একদিন আল্লা কইছিলি আঁই ফোন করছি ইয়া খরান দিছে বড় কি মাছ আইনছে গইলে লটকা মাছ আইনছে আবার ইছা মাছ এ তো কল কুইট্টা কষ্ট অয় না আমার ফাকি এ
/kaggle/input/regspeech12/test/test_sandwip_0105.wav,তো আসমা আমরা হচ্ছে রাখাত বেশি ভালা মানুষ হেতে ক্লাস ইস্কুলের ফাস্ট জাল তো হেতের এগু মাইনষের যে হাত ভালা মাইনসের ইয়ারা ইতার পরিমানে বেশি ভাগে
/kaggle/input/regspeech12/test/test_sylhet_0002.wav,এক কতা ও একটা গরু খালচোইন মানে গরু খইন না নি গা বিনয় যে বাচ্চা যে অয় খালি নষ্ট ওইতো খালি নষ্ট ওইতো যে গরি খানছোইন তারফরে মানে লস তো বুকত যেসময় দুধ আছিল তেই ফরছে দুধ সেই খতা
/kaggle/input/regspeech12/test/test_kishoreganj_0127.wav,এইযে আমরার ই ফুরা না ফয়লা যে ফুরা আর অহন বত্তমানে ইয়া কেরা যাগা গাছ বাজে না ফরে তো সরকারে ইয়া দে টেকা মানতাম আল্লা সরকারে চেক আজার টেহা দিছে ফরে তো আমি তার ইতারা ব্যাটারি কেরা আছি না
/kaggle/input/regspeech12/test/test_sandwip_0076.wav,বড় বড় ট্যাবলেট র জালা ওষুধ দো খাইনা ডাক্তারের গেছে যে দাঁতে যহন কি তুক্কান দুঃখ আর দেখবি দুঃখ ঘিরে কিরা দুঃখ ইয়ান
/kaggle/input/regspeech12/test/test_sylhet_0262.wav,লাস্টের দিকে ওইলো আমার যেনো আমি ইসময় চান্স পাই আমি যেন শেষ নাম্বারটা খইয়াও যেনো আমার আল্লায় যেনো নিরাশ খরোইন না আমি ওখান খালি আল্লার খাছে ছাইতাম আর ফড়তাম ইরখম একটা অবস্থার মধ্যে দিয়া যেহেতু গেছি বিয়া সাদি প্রেম ভালোবাসা ওতা নিয়া ছিন্তা খরার কুনু ফুস্রতই আমার আছিল না
/kaggle/input/regspeech12/test/test_narail_0119.wav,অব্বাসা প্লাস অফিস নিয়ার একটা ইয়া আছে মনে করো তুমি থাইকলে এট্টু রান্না বান্না কইরলে গমের বাড়া গেছে এই বেডা আমি এট্টা কথা কই আমি খুলা আইলে তো তোর আর বুন্ডি সংসারে অশান্তি চইলে যাবে না তারপরে
/kaggle/input/regspeech12/test/test_chittagong_0132.wav,যে না আরে কল দিয়া নয়টা বাজে খরদে মাসুদ ভাইয়া গেছে না কি মাসুদ ভাইলে তুই আই যা তো আর খইরদি মাসুদ ভাইয়া তো বউত আসি গেইয়্যে গই হরে তো তুই মাসুদ ভাই লাইসেন ন ফারে কিল্লা মাসুদ বইল্লা দিতাম হরে তো কিল্লা ন আরি আর তে কিল্লাই
/kaggle/input/regspeech12/test/test_narsingdi_0038.wav,গুরা আফনে না আর তো ফালা ফালাই দিলি ফাল্লা আমার তাবার যাবো না ফিরান মতো জীবনেই খাইছেসনা হুম ইয়ারের লগে মনে লাগলে কী যাই সামাল লাগে না মেলা তোর সেমাই দো
/kaggle/input/regspeech12/test/test_sylhet_0440.wav,বুচ্ছোনি সবার দোয়ায় বাবা আর যে জীবনোর যুগে খইরা যে নিজের বাসা তো এখন হাছা খতা নিজোর বাসাত যাই খারাফ লাগে ওউ যে ফড়ার বাসাত তাখরাম ফড়ার বাড়িত তাখলে ফড়ার ফরতেক কতায় অয়ো খয় মানে আমরা আঞ্চলিক ভাষায় এখটা খতা খইরাম মানে গ্রামোর মানুষে যেরখম খয় ইটা তার ফড়ার বাসা তুমি একটা খারাপ খরতে ফারতায় না তার বাসা
/kaggle/input/regspeech12/test/test_narsingdi_0077.wav,মায়ে মনে অইছে ব্যাগ ওইন্না দিছে সালামি থুবের লাইজ্ঞা মার এট্টা মার একটা বয় না ভাই গাছের নাম মা জাগা লাগতো মামি সালামি যাইতাম মাই সুনা ফারে না আমার কতা ছুটুবেলা থেইক্কা ছিন্তা খরতাম বড় বড়ো বড়ো না তো সালামি ফাই
/kaggle/input/regspeech12/test/test_sandwip_0082.wav,এগিন দি আছি বলে ইয়া অয় না ফরে আরকি মাইয়ার মাতারে বাইত্তে অনু টিকমতে বাইত দে না ইয়া অনকা কি চলতাম বড় চল ন গুরা গুরা
/kaggle/input/regspeech12/test/test_habiganj_0013.wav,কী অবস্থা খরছে আমি বুজ্জে ফাই না কেরে লোকরা কিতা ফাইছে এরা ছুটো থাখতে কেউরে খালি এরা লোকরা যায় শীতো দেখছে না করার বাদ দে বেশি খরা তারা জামা ব
/kaggle/input/regspeech12/test/test_tangail_0005.wav,মানে ভালো দেখা যায় না তাই ওরা দিতি চাইছেলো না কিন্তু এডা ফরে মানে ক্রেডিট একটু আবার লাগে মানে একটু মন খারাপ খরে পরে সে বুচ্ছে যে নিবো না ও ঘুইরা যায় গা
/kaggle/input/regspeech12/test/test_sylhet_0501.wav,আবার যাইবায় রোজার আগে যাইবা রোজার বেড়ানি বেড়াইয়া বাগা রোজা গুলা রোজার আগে একবার আর ইদো এখবার তে আমি এখন যাই গা আমি রোজাত যাইতাম নায় রোজার আগে যাইতাম না আমি আসিয়া মানে আমার আরেক বইন যাইতো দুই নাম্বার বইন যাইতো বা মাইতা রোজার রোজার আগে আমরা এখবার ফরি বিয়া ওয়া দিলে রোজার আগে মনে খরো শহর তোর ফরে এখবার নিয়া নাই রে খরাইয়া দিলায় যে রোজা আমার তো খেউ জিনিস দিতো নায় হুম আমারও যদি তাই এখন বইন যাইতো নায় রোজার তো সব যাইতো নায় বাক্কা বারে হবো যাইতে ওইবো মা
/kaggle/input/regspeech12/test/test_sandwip_0083.wav,বিরক্ত লাগে আর এক্কালে আর ঘুরা যেন গা চুলা ছুলানি না কি না তো অনে একটা ছেলে ন তো আবার সার আছে কাছে না কি খাইতে আছে না গুরা মাইনষের চুপ ঘর ডা গেছে কারে ভালা দিছে যান ঠিক মদ্দে ত্যাল তুলি দেয় না
/kaggle/input/regspeech12/test/test_sandwip_0050.wav,আজ্জা না আছে নে না আজ্জা না গেছে থুইয়া হিয়ার আগের দিন গেছে জমি জামাই এক্সিডেন্ট আছে কি থিকা জামাইর আবার ওরা মাছ না হিয়ার জামাই গ্লাস উগা কি বলে টেহা ইয়া দেছে আবার ড্র অছেনা কি অইছে হেগুনে খাডি দিছি
/kaggle/input/regspeech12/test/test_tangail_0087.wav,পরে ইদানিং আমার কেম্নে যদি মনে অইলো যে এই ছবিডা দেখি এই ছবিদা দেহো নাই পরে এই ছবিডা মানে ডাউন কয় দেখতে দেহা শুরু খরলাম দুই আজার সাত সালের ছবি এডা অইছে দেবদাসের যে ডিরেক্টর আছে পর দাওয়াতের যে ডিরেক্ট আসে
/kaggle/input/regspeech12/test/test_sylhet_0061.wav,কালকের পিকনিক যেডা অখন তাই মজা মজা গুলা দিয়া যে যাইতা কালকে আমরা সুনামগঞ্জ কুন জাগা কেমন আচ্ছা আর কুনু খানো দিয়া ওইছেনি তালি শিখসত থাকে তো গেছলাম আর আমি চুরি যাই না ফার্স্ট সিক্সে গেছলা একবার দিলাম কিলা লাগছে ইটা একটু শেয়ার ফরে এক্সপেরিয়েন্স
/kaggle/input/regspeech12/test/test_kishoreganj_0174.wav,হয় যে মোরা ফানি আইচ্ছা অন ফানি নি হে যে তো কি লাল দি মা গুলা তো লাল এডে তলে হেডে তো লা লেড
/kaggle/input/regspeech12/test/test_narail_0064.wav,যদি এট্টু মানে ঘাড় বাদায় সব মাইফে দখল রাখতো না তো বাবা তো না না রাত উরে টাহা দে তো দলিল থাকতো দলিল ছেলো কি করে রাহি নি গেছে প্রয়োজনের আগে না না আর জির দিলে খাছে তোর লয় তারা আছে
/kaggle/input/regspeech12/test/test_habiganj_0098.wav,আমারে কেউ লইয়া যায় না সিলেটি সাদা ফাতর সুন্দর তারফরে জাফলং তারফর আরো অনেক জায়গা আছে সিলেটের তো বালা পিকনিক অনেক সুন্দর নাই জায়গা ঘুরা যাইবো
/kaggle/input/regspeech12/test/test_narail_0035.wav,চাকরি পালি এহন হচ্ছে তারফর ওই যে জি বেচি পারি নাই বুঝতি পারবে না না কোনো বেচান খাই না ও জাগা তো দি লগে নাই দলিলি দলিল নাই সব মিসা ওই রইছে না সেই ভাবে করি না আমি ওই শুনিছি যে ওই জাগা তো উরা বেশি পান হ তো আমি শুনলাম ওই যে না
/kaggle/input/regspeech12/test/test_barishal_0019.wav,মানে কোনো মানে যা না না তোমার পোলা ভাত খাইতাছে দুটাই না তিন মাস কি তিনটা আইন্না খাওয়ায় একটা ক্যা তিনডা অইলে ক না যাইবে একুশ দিন তিনডা কোর্স একটা খাওয়া খাওয়া সকাল দশ যায় সকাল আটটায় খাওয়া বা আর এই
/kaggle/input/regspeech12/test/test_comilla_0026.wav,এই গিফটা অয় অনেক যত্ন কইরা রাখছে দেয়ালে ঝুইলে রাখছে আর বাদ দে তে এই গিফটা দিছিলো এনু সাইবা পরে যে তদন্ত হয় না যে ঘটনা কি কি হইলো আসলে কী বলো এডা তো উপজেলার উপজেলার আমরার এই
/kaggle/input/regspeech12/test/test_sylhet_0053.wav,না আর বাবা মা খইলা না ই তো নিয়া দিছে মা মা আমার মা মারা গেছোইন আমি ক্লাস ওয়ানে তো আমি ক্লাস অনো তা তাই তিন মাস তুমি সবচেয়ে বড় বইন আমার বড় বইন আর আমার বড়ো আমরা সবোর বড় ভাই এরফরেও বইন এরফরে আমি
/kaggle/input/regspeech12/test/test_tangail_0059.wav,বাট হোয়ার্টহার্টস মোস্ট ইজ নট টেকিং এ মুমেন্ট টু সিক্স বাই আচ্ছা এরফরের ছবিটা হচ্ছে বলিউডের তার অইছে অক্টোবর এই ছবি দিলি দুই আজার আঠারো সালে আর আই এম ডিরেট সেভেন পয়েন্ট ফাইভ
/kaggle/input/regspeech12/test/test_kishoreganj_0125.wav,সাদারন নব্বই ঠিক আছে লক্ষ তে কঠিন লগ দিছে আর কঠিন লগ দিছে এই আন্তাজি এই যে তুমি তো তুমি বইয়ে ফরতা অইছে না লক্ষলতা
/kaggle/input/regspeech12/test/test_tangail_0120.wav,না না না না না বিদ্যা কিন্তু তো একটা ফাউন্ডেশন খারন সময় চারকি পেইস ওইখান থিকা হইতাছে সব হে সাহায্য করা হয় তো ইটা আমার কাছে আসলে ব্যাপারটা লাগলো কিন্তু কথা ওইতাছে যে
/kaggle/input/regspeech12/test/test_sandwip_0070.wav,গরি আসি যাইতাম গুলা যারা যা বাকি চলি আইতে শক্তিও লাইগবো যন গাড়ি হইলে থাকে সব সময় তো গাড়ি হাবা যা না গুরা তারে হেই মানুষ অন তান আরে ভাই যাইলে আর মনে কোনো যাইতো দিনকাল অই যে নি আচ্ছা যার যা যাইয়া তার তাতে যাই
/kaggle/input/regspeech12/test/test_sylhet_0467.wav,আমার আব্বা নাইলে তো আর তো আর মনো খরো বিটা ইরখম দেখা যায় বা আঁরা উজ্জ্বল তাখলে তে বইটা বুচ্ছো পাইছেন ভাইয়ের তো ফেনশন জন ফাইছি আমার আব্বা মরার ফরে কিন্তু ডাবল ডাবলেশন ফাইছি খাওয়া ফরে তো তারা গাড়ি ঘিরে তারা ববিষ্যত করছে তো সব বাই বোইনে রাখছে যতো টেখা ফাইছিন আমরা কুনু বই না টেখা খইছি না আমরা ভাই ওই ছেলে না
/kaggle/input/regspeech12/test/test_habiganj_0015.wav,ভাই বড় লাওয়া ইতা ছুলা আছে ইটা তো সুন্দর সুন্দর বালা ছেরাডা ফারলো বেডা বিয়া করাইতাছে তারা দারি বেডা মনো অয় না বেডা ইটারে যে তাড়াতাড়ি বেতাইছে ছেলে
/kaggle/input/regspeech12/test/test_habiganj_0080.wav,রাও খয় ভাইবো আমরা দুই বোইন তিন বাই আর তোমার সিলেটের ছাছা ছাছা ছাছি কী অবস্থা সিলেটের শাসিত মারা গেছোইন টালবা কিনছো
/kaggle/input/regspeech12/test/test_habiganj_0110.wav,ফরে ইটা তো মেইন ফরীক্কা না ফতি ফরীক্কা এরলাইগা আর অর্ধ বসি ফরীক্কার সময় মেইন সার ওইবো লইয়া ফরীক্কা লইবো আর মারেন কিতা প্রিপারেশন তো বালাই মানে ফাশ না বাই ফরীক্কা এখন ফোলা ফাই তো একটা গুরুত্ব দেয় না বাট
/kaggle/input/regspeech12/test/test_narail_0116.wav,এটা মজা ফড়তিছি না নাম তো জানি সেটা দাদা আমারে বলছে না সব কিন্তু করতিছে আমি তো আমি একটা কথা বলি তো দাদা আমার সব সম্পর্কে বলি ছায় তোর সম্পর্কে যে তুই কেমন কী ছিলিস তো দাদা আমারে বলিছে বুচ্ছিস
/kaggle/input/regspeech12/test/test_sylhet_0008.wav,আর তো অনেক মোডা খইতা তে কেই গাড়ি খালি আটা বাখাতা না খাইতে সবটাউ কিছি গাছ তুমি আমার দি পিস করতায়
/kaggle/input/regspeech12/test/test_sylhet_0623.wav,ইনো তো তোর কিতা অইলো এখবার জয়েন খরিয়া আইছে আবার স্টুডেন্ট হিসেবে গিয়া যাইতাম দিলা আর স্যারে উটছো স্যারে বারবার খইছোইন জিনিসেরে ইটা স্যারে মায়া খরতাম ইতার ফ্যান আছলাম আর স্যার স্যারের ফ্যান আছিল অয় স্যারে এখদিন খইছোইন অপুর
/kaggle/input/regspeech12/test/test_tangail_0046.wav,যেহেতু আরেকটা আগে পিচ একটা ই ছিলো পশু পাখির প্রতি পরে ও ওই বাগটারে এই বইটার সাহায্যে যেমনে করি নৌকায় উঠায় কিন্তু ভাগ তো হিংসপ্রাণী রকির মানে ওই হানে চাইতাছে যে ইয়ে খাইতে
/kaggle/input/regspeech12/test/test_sylhet_0718.wav,ইটা আফনারা কুন বিশ্বাসে মানে এই জিনিসগুলা আফনারা রাখা ওই লাগে মানে ইটা কিছু ন কাহিনী টাকা আমরা সংখ্যা সুদি আমরা চিনি ফান ওইবো আমরার চিনি ফানোর দিন আমরা দিবা ও
/kaggle/input/regspeech12/test/test_sylhet_0192.wav,তো ইসময় কারেন্ট আছিল না আমরা তো গ্রাম মোগো রইছিলো কারেন্ট আছিল না আমরা হাড়ি গান দিয়া খুবই দিয়া লাম দিয়া ফড়তাম তা খে রোন গরা লাগতো তো খাইজ্জা বালা ওতার মধ্যে তেল বড়া
/kaggle/input/regspeech12/test/test_habiganj_0078.wav,সুজন কলেজের এড়িয়ার কাছাকাছি এরে সাইডে ফাইটে এলাখার নাম কিতা বালি কারণ তারফর ইলা ওইলে আলমপুর আলম ফির
/kaggle/input/regspeech12/test/test_tangail_0031.wav,অল্প কি পরে বিয়ে কিন্তু জান তো সারাডা অনেক ভালোবাসে ফরে এই ছাড়া আবার অ অন্য মানে দেশ থিকা না খানের
/kaggle/input/regspeech12/test/test_sylhet_0563.wav,তো ইখান থিকা যাওয়াও বেশ দূরের বাবা আর কিতা খয় ইনকোর্স কিরখম ওইছে না ওইছে আর কর শেষ নে না শেষ না এখটা সাবজেক্ট শেষ অইছে মেয়ে
/kaggle/input/regspeech12/test/test_habiganj_0105.wav,না এমনি তো করছি না ঘুরান জাত গেছি না আমার জীবনে ফার্স্ট আমি ইটা মেয়া আইছি লাগামু
/kaggle/input/regspeech12/test/test_narail_0146.wav,আমার বসাবে সেমিস্টার আসলে যদি আগে আসা যায় আমি কাইলকে চইলে যাবো বিসারে বেশি আনতি মোটা কর অসুধ শেষ ওইয়া গেছে আমার মাঝে টেনশন একশো একশো
/kaggle/input/regspeech12/test/test_rangpur_0118.wav,তাইলে আইজকে কার বাড়িত খাওয়া দাওয়া আইজকে তোরে বাড়িত মোরে বাড়িত খাওয়া দাওয়া হ হ্যা কী খাইবেন বয়লার বয়লার খান না খাই তো তাইলে বয়লারের বয়লার দিয়াও
/kaggle/input/regspeech12/test/test_sylhet_0690.wav,ছুটবেলা কিতা ইচ্ছা আছে কিতা খইতা আছলা ছোট বেলায় তো ফড়া লেখা ফুলা জব খরার ইচ্ছা আছে আমি তো বাইর যা কিছু খরতাম কিতা মানুষ তারা না কিতা স্বফনো ফরে তো ফড়া ফড়া কাজ না আর তো ক্লাস ওই যায় টু মা বাবার যাই তো চেষ্টা খরা টুক আর বাদ বাকি তাইন কিতা তারা যে বালা যদি ইচ্ছা তাখে ফড়া লেখা খরি মায়ে বাসা যা সার তখন তো খরবো
/kaggle/input/regspeech12/test/test_habiganj_0021.wav,দানির মামা ফড়া বেশি কিন্তু কান্দির বাপ তানজু বাপ খর কেমনে মজা বেডা কিরন আর মা বইটা বেশি বা তানজু বাপ পড়া দানির মাও ছাড়া বেডা ইদিকে মানুষের মন তুমার মাছের বেশি ছেড়া বেড়া বেডা তো অনে বাপ মানে ই
/kaggle/input/regspeech12/test/test_tangail_0050.wav,পরে এরকম দুইজনে অনেক সময় পারি দেয় দীর্ঘ সময় পারি দেয় এই সময় তারা সাগরের বিভিন্ন দেখে পশু পাখি দেখে তারা বিভিন্ন পশু পাখি
/kaggle/input/regspeech12/test/test_sylhet_0528.wav,অর লাইন প্লেইন্স আছে এক ঘন্টা লেইখে আর বেস্ট না আমি যে আরো বেশি এনজয় কিতা খরতাম মনে হয় লাস্টে দিকি আব্বার মনে খয় দরখার তো তাইন গেছে মার সময় দেকি আব্বার খরে ফরে আমি ওই সে খরে দেওয়ার সময় আই ওই যে ইবার টিক খওয়ার সময় টিক পেটি কন ড্রেইন
/kaggle/input/regspeech12/test/test_sylhet_0556.wav,আছিলাম তো মামুনি খাবার প্রেগনেন্ট দোয়া খরি মা তিন মাস মাঝখানো আন্টির যে অপারেশন ওইছে নানি
/kaggle/input/regspeech12/test/test_sylhet_0534.wav,আর যে প্লেইস ওইছে প্লেইস মুটামুটি সুন্দর আছে ছোটো ছুটু তো খরা গেছোইন মামা কিরখম মামানি তো খুবই বালা তারা ফুরান ওইলো যে মানে আর মিশুক আর তো আমরার লগে নিছোইন
/kaggle/input/regspeech12/test/test_kishoreganj_0120.wav,লক লাগাইছে মনে খর ফরে এই মাছ নিজে কোন খাইদ্য শিন্খলমতদ গাসের কা কালা গাছ শুনা খা গাসের গাছ টুডে আবার এই গাছ শুন খায় কালা বেঙ্গা বেঙ্গাল
/kaggle/input/regspeech12/test/test_habiganj_0091.wav,গুরান্নিত গেলে তোমার ছবি তুল তা বেশি বালা লাগে না এমনে তে দেখতে বেশি বালা লাগে ছবিও তো তুলতে ভাল্লাগে না মোবাইলের ক্যামেরা বালা থাকলে ফর ছবি তুলি বালা লাগে বালা
/kaggle/input/regspeech12/test/test_sylhet_0380.wav,ফ্যামিলি থেকে আমার সবতা দিয়া যায় তারারে ইস্কুলো ফাটাইছে খেত না ফাটায় ইস্কুলো ফাটাইছে ওটার লাগিও তারারে পুরস্কৃত খরা উচিত আর ফরে একটা তো আর আমি যখন আইয়া ধরছি আগাই বিয়া খরা
/kaggle/input/regspeech12/test/test_chittagong_0032.wav,এলা হ্যাঁ ওডি হ তর কি হাওয়া তোমার কেন আছে আছে আছে গম আছে আর মু তারা তো ঘুরে হরে গুরাত দে খালি হালা রাইন্দে গিয়া বলে আঁর খালামনি রানদে
/kaggle/input/regspeech12/test/test_chittagong_0092.wav,ফোন বাইয়া কর লাই বুঝে না কী আঁই ন বুঝি ওই যেই সুমায় দে খতা না সুমাইয়া তা লয় খতা ইল্লা ন অয় খালি সুমায়ের খবার কল দি খোনোমতে কল ন ধরের মেসেজ দিলাম মেসেজ সবজি নায়
/kaggle/input/regspeech12/test/test_narsingdi_0124.wav,এই ই ঠ্যাংডা কী কইতাম না সি পিছ সেভেন্টি সিক্সো বার করে না সিজন টুও দেয় না মাছ পতা কাক্কা আমার মরি প্রথম দিকে ফর বুলে এট্টু ইন্ট্রাস্টিং আছিলো দশ তর লগে আমি একদিন এগারো পিছন দেইক্কা শেষ করছিলাম মে
/kaggle/input/regspeech12/test/test_kishoreganj_0003.wav,ভোট এই কিন্তু কবা দিকে টিকা যে মারা তিন যে কিছু নিছে তোমার দিকে তুই আমি তো ঠিকানা যে না সোনা হ তো বা দিলাম না না আর ক্যা
/kaggle/input/regspeech12/test/test_narsingdi_0054.wav,মশা ব্যাট দা মারতে বিশাল কষ্ট আর ফ্যামিলি অনেক মশা আমরা থুইয়া যায় গা তে আর সেই জাগা না আমরা তো মারতে মধ্যে আইলা যা বেটা ভালা আছে যদিও চিন্তা আমারে কিনার ইসলাম সবকটা ইডা
/kaggle/input/regspeech12/test/test_sylhet_0285.wav,বাড়িত প্রস্তাব ফাটাইছে প্রস্তাব ফাটানি ফরে বাইয়েরা ছিন্তা খরছোইন ফিফটি ফিফটি আরকি দিবা কি দিতা না বালা মানে তারা কনফার্ম ওইতো ফারে না খারণ যার লাগি প্রস্তাব আইছে ওইলো গিয়া বার্সিটির আন্ডারে একটা কলেজ থাকি ফা আর তার চাকরি ও লাস অল বেন্ড অইছে না এখনো চাকরি অইবো
/kaggle/input/regspeech12/test/test_sylhet_0465.wav,আসা দিয়া আর বেশ সুন্দর আছলাম না গেছে অবে বেশ ওই মানে মা বাকির বড় নানার আছলা তাই গেছিলো প্রায় তখন তো ওই সময় মনে খরো আশি পাঁচ আশি হাজার টাকা ছেলেরা
/kaggle/input/regspeech12/test/test_kishoreganj_0077.wav,কোনো দিন তো না আঙ্গর আঙ্গাইয়া তর বাইরা দে দিতি জিহাদ দেছ না ফরাইতারতাম না না আমরা আর এইযে দেখছো ফুলা ফানে পত্রে কি নিবি দেখছে না
/kaggle/input/regspeech12/test/test_habiganj_0049.wav,ইতাওই ফাইছি মোখ মোক প্লেট উডো ফাইছি কত্তো তোই বই টই ও ফাইছি দুই তিনটা বই ফাইছি আমার ভাইয়ে দিছি
/kaggle/input/regspeech12/test/test_sylhet_0508.wav,এই আমরার টেখা দল চলরে ওলা আর বেশি পাওয়ার মা মাত্র হিরা ওই যে আমার বাইর বাড়ি তা খালা মাতি দিলা কিতা ইতা মানে আমরা খাজ লাগলে আমার ফাছ আজার টেখা দেওয়া দরখার আছে নেই আম্মা বউরে ফাছ আজার টেখা দিয়া দিও বা তুমি আজকে তাখো খালকে যাইবায় তুমার কিতা কিতা লাগে যে মানে ইন্ডিয়া থাকি এক বছর ছিনি না ফাইছি সব বই মরা ছয় ফিরিয়া হিসাব খরিয়া দিতাসে উরে খম নায় বেশ নায় সব
/kaggle/input/regspeech12/test/test_rangpur_0094.wav,তার মদ্যে কার কার বাড়িত খাওয়া ভালো হইচে কোন রান্নাটা কেমন হইচে কী সমাচার কও দেখন কোন রান্নাটা কেমন হইচে জলের বাড়িত কি কী কী খিলাইচে মাচ গোস
/kaggle/input/regspeech12/test/test_kishoreganj_0142.wav,কিটনাসকগিহস তালি ও হাসপাতালে বরজ কয় কয় খানা বিবিন্ন রাসায়নিক যাতে ইত্যাদি মাতি যে ইত্যাদি মাধ্যমে মাটি দূষিত হয় যে মাধ্যমে কি মাটি দূষিত মাটি দশ না কি কি মা দূষিত হয় ক মানি মাটি তা না তা
/kaggle/input/regspeech12/test/test_habiganj_0090.wav,ছা বাগানো কেডা কেডা কেডা কেডা গেছো হাসলো গেছো আমি গেছি আমার আম্মা গেছলাম আমার আব্বা গেছোইন আমার ছুটো বাই গেছে আর ওইলো গিয়া আর আমার ছাছার তো বইনেরা গেছলো
/kaggle/input/regspeech12/test/test_kishoreganj_0144.wav,ফরে দিছে কয় কয় কা না শুধু কি শোন বিভিন্ন জানি বিভিন্ন আসে মি জাত তেল কাজই মাতে মাজির মা মা কি তাইলে সেটা হে দে
/kaggle/input/regspeech12/test/test_chittagong_0051.wav,আল্লা না হোন মরা মরা তত বাজিরে কী করিম হোয়া লাকি হোয়া যেবার ছাড়ি ইবার খাছে আবার ঘুরি ছিলি ছং ফরে অয় অরি তুত্তে আবার যাইতে কিল্লাই আই অইছে তুলাত রাত্রে সমায় আঁই কিছু ন ওডি ন বুঝস না ইস্টারট খাইবু যায় না
/kaggle/input/regspeech12/test/test_comilla_0012.wav,আকাশের দিকে তাকায় রইছে চোখ গুলা উল্টাই রইছে কোনদিকে সূর্যের দিকে তাকায় আছে আর হাপ্পা একদম ছেড়ে দিছে এহন পাশেই মাঠের মধ্যে যে অন্যান্য ছেলে মেয়েরা খেলা করতেছে না ওরা ভাবতেছে যে এই নুসাইবা মজা করতেছে ওরা ছেলে গুলা হাসা সে কচ্ছে দ্যাক দ্যাক ও ধুলার মদ্যে বইসা কীভাবে আকাশের দিকে থাকা রইছে এইভাবে কেউ দোলনায় বসে
/kaggle/input/regspeech12/test/test_chittagong_0147.wav,সালাম আর আর সালাম হারি গেইয়্যি এক্কান সমস্যা অইয়্যে তার লাই হতক্কন দে কিনো রেকর্ড টেক কি ফুন করি রেকর্ড নাই না এ তার লাই তো আবার সমস্যা অইয়্যি সাজিদে আরেখ হামদবাজারি দিলো আল্লা
/kaggle/input/regspeech12/test/test_kishoreganj_0115.wav,শানাকা কেলা ইগু হ্যাঁ এইগলে ঠিকাছে কি লেখছি দো শক্তি মূল উৎসব কুনডা সূর্য শক্তি মূল উৎস সূর্য তো আগে আগে তে মহস্ত হরিক্কা তাইলে কয় টাজার লিখলা
/kaggle/input/regspeech12/test/test_sylhet_0392.wav,না কয় গেছলা আমরা আনতি আমরা অইছে এখনের ইয়া এমসি কলেজো স্টুডেন্ট আর কি বুঝতে রাস্তা দি সব সময় আওয়া অইছে না ছাত্ররা যদি কি বন যাইতাম সকালে যাইতাম কি কি তো এখন দুই খালি কি মনে অইছে যে ছোট্ট গরম কলি হয় তো এখন দেখি যে কিছু অয় না বুঝছি
/kaggle/input/regspeech12/test/test_tangail_0074.wav,ওই হাসপাতালে আম্মার কাছে বলে যে আপনি বুরে একটু বুঝায় যে এরকম তো আমার আর চলতাছে না পরে ওই লতে আম্মা থাকে সে বরুন দারে বুঝায় এখন তুমি ক্যারিয়ারের সময় দাউ
/kaggle/input/regspeech12/test/test_habiganj_0062.wav,কিডা দিতে ওইলে আমারে আইয়া উল্ডা ধরে কিন্তু ফড়াত বইলে ফরে আমি ইচ্ছা মদ্যে ফিরতে ফারি মা থাহে সামনে কিন্তু ইতারে কিতা ফড়াইতাম আমার তোর আগ উইট্টা যাগা
/kaggle/input/regspeech12/test/test_barishal_0054.wav,আমনে বউ যেন একটা সেকেন্ড খারাইতা না হেই কুটু একলা টাইন্না নামান না আর হেইয়া ঘাডা হেইয়া ঘুরান না সে হারা কালা হইয়ে গেছে মোর কাউয়া পাকনালাইন তিন চাইড্ডা দিনে হেই কুটা আইন্না এহন থুইছে সে কতা ক না হেই কুটা আইন্না থুইছি মোর ক্যা লুসকান অইছে পনেরো হাজার টাহা ব্যাতার মনে এট্টা কর যে করমো দিছি
/kaggle/input/regspeech12/test/test_rangpur_0004.wav,জানছে আটকা আছে ওয়ার ব্যাটার পোকা চেনে কী ঢাকাত দিয়ে বা তাইলে
/kaggle/input/regspeech12/test/test_sylhet_0676.wav,শিক্ষা জীবনে একটু খইন খই কিতা খরছোইন আফনার ওই সময় কি স্মৃতি দিছি ফ্রেন্ড খরি ইন্টার ফরীক্ষার আগে তোমার বিতর গেছে দিয়া ফরে তো ইন্টার ফরিক্কা কাছে ইয়া করে অনে ইয়া দিলে ইটা খরছে মানে আমার দিয়া আরেক মাস ফরে আরকি ইন্টার ফিতা দিছে
/kaggle/input/regspeech12/test/test_sylhet_0333.wav,তুমি ফড়ো তোমার খরচ আমি দেই যদি কুনুদিন স্বাবলম্বী ও তে তখন ফারোত দিলাইও তো মানে ফরত না আমার কাছে কী নিয়া ফড়ো চাকরি করলে বড় চাকরি করবো আর নাইলে চাকরি করাও লাগতো নায় খারণ ছোট চাকরি করার যাইতে সংসার ছালামি বড় চাকরি
/kaggle/input/regspeech12/test/test_sylhet_0171.wav,তো মনে হয় মনে সময় মারিয়া আনি নাকি না মারবো খইতাছে ইয়া খাইছোইন তো বাজারোর খতা খইবা সস্তা আছে ওই যে কিতা কিনচে ও বেলা খারা বউত খষ্ট অয়
/kaggle/input/regspeech12/test/test_kishoreganj_0153.wav,হ্যাঁ পাকা বাতি লেবু ভিতর তা হালকা গুলা পিরঙগে বিতর হালকা গুলা ফির পাতা কিতা ভিতর তারা পি গু গুলা ফির পাকা বাতালি লেবু পাকা পাতালি লেবু ভিতর হালকা গুলা পিরঙগে বিতরাহালকা
/kaggle/input/regspeech12/test/test_narsingdi_0064.wav,মনো অয় আমার কিছু স্টুডেন্ট ফড়ানি দা আর যদি গণিতের কতা কস ইনো প্রিটিকালস প্রায় ওভার বয়স তে ক্রাইওভার ম্যাথ কতা ম্যাথ আমি আর অনেক ভালো ফড়তাম তো তারা কাত্তাছে না ফরীক্কাটা মনো খা সা ভাবি এই যে এইটা আমি
/kaggle/input/regspeech12/test/test_sylhet_0115.wav,তো কুনু কাহিনী ছুটি কি ধরো মায়া যা ইট্টু কই ফালাইয়া আস্তা গিনের লাইগগা খামো হুম আর ভাই বড়ডা একটা রাখতাম খুল্লা তো দরো সকাল যাইতো ছডা সময় রাইত ছয়ডা সুমা আইতো আস্তা দিন ধরে দুই ভাইবো না আমরা ঘরে থাকতাম
/kaggle/input/regspeech12/test/test_sylhet_0693.wav,না আমরা না আফনারার কিছু দিন আর ইটা সময় নাকি এমসি কি আমরা কলেজো ফড়ি আর ইটা হচ্ছে একটা আঞ্চলিক ভাষা নাই একটা রিসার্চ আর কি গবেষণা তো এরলাইগা আমরা বেশি বেশি খইছে আফনেরা আঞ্চলিক ভাষায় মাতো সিলেটি ভাষা আর কি ফড়াটা আমার আবার লেখা অয় কতাগুলা আবার লেখা উচিত আর থাকতো না মানে রেকর্ড কর থাখতো তে কুনু সমস্যা নাই এমনে তো আমরা গল্ফো খরছে এখন কুনু ইনফরমেশন দরখার নাই জাস্ট খালি আমরার শব্দগুলা দরখার ভাষাগুলার বৈচিত্রগুলা তো ইটা মুবাইলো যে
/kaggle/input/regspeech12/test/test_sylhet_0212.wav,তে বাই ওলা তথ্য লইছোইন গিয়া দুই তিন চাইর গ্রাম ফ্রতিদিন যা গিয়া প্রত্যেকের খাছ তাকি নাম লইয়া আর ইয়া না গলা আমরা বইয়া ইতা দেখি গ্রামো খতজনে লিস্ট আইছে কোনকুন গ্রাম শেষ অইছে খে খে আছে লিস্টে
/kaggle/input/regspeech12/test/test_chittagong_0172.wav,দিনের খইতাইন না হয় এরি থাহন এবার হাগু তুন ভালা ন লাগে তো খালামনি রাইখছে আমার না যে অনে দাইয়েরে ঘুরি দওন সুহালে আছে মাইসা তুর কালা মানি ন দার
/kaggle/input/regspeech12/test/test_sylhet_0136.wav,বাইদ্দা দুই টি গুলা থাইক্কা আইচ্ছা আর কুনু দাও ফরে না বুচ্ছি ওই তো তেমনি যে দেছে আমরা যে আইলাম এখন হঠাৎ কইরা কামও বেড়া দিলাইছি না নাগবে রাইজ্জার না
/kaggle/input/regspeech12/test/test_comilla_0017.wav,ডাক্তারের কাছে নিয়া যাইতাছে ও মা ও দৌড়াইয়া গেছে যাওয়ার পরে ওর মায়ে মা যাইয়া দেখে যে উনার মেয়ে ফরে সাতে সাতে মানে স্যাররা সবাই মিলা হাসপাতালে নিয়া যায় কিন্তু হাসপাতালে যাওয়ার পরে ডাক্তাররা কিনতো ঘোষণা খরে আরকি
/kaggle/input/regspeech12/test/test_rangpur_0112.wav,ছোবাইন্নযার বেডা সোমানে বেডা কই তার মুইন্না দেম পেটি খালি দুইটা বেডিয়ে বেটা আছে বেটারা যায় বেডা বড় সব বড় ও বেটি দিরা থাকি বড়
/kaggle/input/regspeech12/test/test_kishoreganj_0010.wav,মানুষের ঘুরা গাড়ির মদ্দে আস্তে বেশি নাই কই হেইযে মাজারের ছবি ইয়া দিয়া যে না কি
/kaggle/input/regspeech12/test/test_sylhet_0355.wav,তো এরফরে তো আমার বাচ্চা ছোটো টাম ওইলো আলহামদুলিল্লাহ অনেক হেপি আছি আমরা আসলে কন জোগার লায় শূন্য দিয়া শুরু খরছি বুঝতেও বাড়ায় মানে তাইনের দিক থিকাও কুনু প্রত্যাশা আছিল না আমার দিক থিকাও না আমরা অনেক হ্যাপি
/kaggle/input/regspeech12/test/test_rangpur_0014.wav,না না গো কন গো কন গো শ্যামলী বলে কী কন গো ও সবুজের বাপ ও সবুজের বাপ সেমাই চিনি আনো গো
/kaggle/input/regspeech12/test/test_kishoreganj_0018.wav,আচ্ছা আমরার দিকে রাস্তা বাসার মদ্যে আনুইন যান না তুই ন বলো আমার ফাহুন্দিয়ার বলে তো আমরা রাস্তার বালা লাগে ফাক্কা আছে টিক্কা কিন্তু আমি ফাক্কা আস্তা হানলে না অহন ফাক্কা আছলা নষ্ট অইলে আর বেশি খারাপ হুম আম দুনজনে এই যে এক্কানো গাতা অই ছারান চান
/kaggle/input/regspeech12/test/test_sylhet_0405.wav,তাইন খইবা তাইলে আমার বাফের বাড়ি গিয়া খইবা খইবা ইতা সমস্যা একটু ওখন যদি আল্লায় এগে বাচ্চা খাচ্চা ইলা তো মন ঠিক ওই গেলো না অখন খও মন রইছে উলটা ফাল্টা খরে এখ সবতা খরে আমি কিচ্ছু মাতি না বাবা তাই মনে ওয় যে কাজ হয় তাও খরে খও মানে ওখান বারোই নাই কি মানে খুব বালা অলো
/kaggle/input/regspeech12/test/test_sylhet_0242.wav,বিয়া আসলে ডেইটে আমরা দিয়া বা যা ইটা আসলে বিয়ে তো ফরে আসলে আমি উৎসব ইলা কী নায়
/kaggle/input/regspeech12/test/test_noakhali_0023.wav,মামা আইজ্জা একজনের কাজ করেছেন
/kaggle/input/regspeech12/test/test_sylhet_0536.wav,তো এখবার আইছিন তোমরা বাসা সালামি আছিলো তোমরা কি টামি আব্দুস সাত্তার ও তুমি মাহমুদ গ্যাছে হ্যাঁ গ্যাসের দি দি আর তারার মানে তুমরা দুই বোইন না যে
/kaggle/input/regspeech12/test/test_chittagong_0115.wav,কিছু খইতো নাই মাইসা তারা মাইসা কি রে মাই ছাই তারা বারোত কিচ্ছু তো কোনো খবরটা বর নাই ইতি ব্যাট টার ন অয় হুম ইতি গর তুন বেটার ন অয় ওইতো তো এখন গেইয়্যে যে এখন মানে গেয়া এনে ক্লাস
/kaggle/input/regspeech12/test/test_sylhet_0423.wav,এখন ওইছে কিতা ফরে দেখো আমার হিনো বারো ঘন্টা বারো ঘন্টা দুই দিন অপারেশন খরছে এখ লাগা লাগে কিন্তু তারা কিন্তু বল বা তারা কিন্তু ই বিষয়ে জানে তারা আরো বিষয় জানা কিন্তু অপারেশন খরতো ফারে না
/kaggle/input/regspeech12/test/test_narsingdi_0075.wav,এনো ষাইট খানো একশো একশো ষাইট টেহা চা ফাইছছ একশয় কিয়ারে কই কবে দিছি একটা না দেছ নাই বেশি দেছ নাই দেস না যে কইলাম দেছ নাই তুই তুই দেছ না তুমি মাইরা দিছে টাকা না না সত্যি দি কাটা সত্যি বালা দিছস না তুই দিছি না কতার মিস্তিরি বিশ আজার দে ঠিক এবার কতা ক
/kaggle/input/regspeech12/test/test_narail_0053.wav,একাল্লিশ জমি কি এক নাই তুমাগে হুদ্দা গা অইলে আমাগে অইলে একাল্লিশ জমি তো ও ও কত নাম্বার দাগে তুমাগে জমি তা কি জানো তেরোশো চৌদ্দ না কত জনে এইরকম তেরোশো তেরোশো সাতারো টাকার বা চৌদ্দ মইদ্দে দশের তে করি ভিতর
/kaggle/input/regspeech12/test/test_sandwip_0112.wav,এক দিন ক্লাসে দুই বছর আইসতু দুই বছর টাকার কাম আছে ইয়া দে কি আবার কতা ক না কি দিবানি ইয়া করি কা বা ইয়া হিয়ানে ওই গেছে এক বছর মাত ইস্কুল জানো হাই ইস্কুল গেলে হোলা না ফিছে জানে অবা তুই কুদা ছুটু যাই গেইলে বরি ক্যামনে কইতাম ন
/kaggle/input/regspeech12/test/test_sylhet_0079.wav,তাইর ফড়া আছে ফড়া ফুলা শেষ কল্লো না আমি তো আমার খালেক ফিটাইয়া যাওয়ার যাইতা শেষ তে এম্নে অবসর সময়ে কুনু কউক আছে নি একেকজনের তো একেক ধরনের শখ থাকে মনো নাস্তা ফারে নাতে ফারোনি দে না ক তো বা
/kaggle/input/regspeech12/test/test_kishoreganj_0051.wav,গরু বাছুর কিনতাইন না গরুর মাথা টান টেহা পয়সা টেহা টা উডায় আগে কয় দুল ভাই টেহা কয়দিন ফরে দিবায়
/kaggle/input/regspeech12/test/test_narsingdi_0004.wav,হারায় কইতেছে অহন ফরে বাসায় দিছে কিন্তু ও যহন ঢুকছে দলে তখন থেকে কিন্তু খুব ভালো করি তবে মামা বাংলাদেশের মধ্যে মাশরাফিরে খুব মিস করি বুচ্ছোস ওর ক্যাপ্টেন্সিং
/kaggle/input/regspeech12/test/test_sylhet_0211.wav,আমরার ইউনিয়নের ভোট আরকি তো ভোটোর তালিখাখরার ইগুর টাইত্ব খরছে আমার বড় বাই দিছে তো তাইন হিসময় এসএসসি ফাশ খরিয়া ফরি তো ফরি তাখায় তাইনোর যে প্রাইমারি স্কুলোর সার সাড়ে দিছোইন যে আমার একটু জরিফলাতথ্যয লইয়া গ্রাম তেকি আমি আমার একটু হেল্প খরার
/kaggle/input/regspeech12/test/test_narail_0032.wav,খায় দিয়া যেটুক আমি কাম নি আছে ওইটুক পিছনে ধরচে ইস্কুলের নামে যেইডা দিয়া গেছে ওটুক তো ইস্কুলের নাম ইস্কুল পাবে ইস্কুলের নামে এগারো শতক ওটুক বাদে নিলে তোরা ওনো মানা শিপ বাবুর জমি আছে
/kaggle/input/regspeech12/test/test_barishal_0061.wav,আর দশটা সিক্রেট খাইলে এহন হেই দশটা সিক্রেটের দাম দেড়শ টাহা তাই একদিন আমি মনে করেন এক নিজে নিজে চিন্তা করছি বিয়ের পরে ওই সুমায় কিন্তু খাই এহন একদিন চিন্তা করলাম যহন আমার প্রথম পোলাডা অইলো একটা জিনিস চিন্তা করলাম যে দৈনিক মুই দশটা সিক্রেট খালি দশটা সিক্রেটের দাম দেড়শো
/kaggle/input/regspeech12/test/test_habiganj_0077.wav,আবার কিতা মহিলা কলেজে না করছিলাম কিতা স্বচুন্দ্র কলেজ করে সচিত্র কলেজ ও আইচ্ছা ইখানে সচিত্র কলেজটা এটা কুন এরিয়ার মধ্যে ড্যা অইলো গিয়া যে না নবীগঞ্জ হবিগঞ্জ রোড আছি না
/kaggle/input/regspeech12/test/test_sylhet_0607.wav,ফাইবো সময় গেছলা ও কি মানে অর্ধেখ মনে অয় ফাইছলাম আচ্ছা আমার লাগতাছে যখন ফুরো থাকতে আমি বিগা লাগে তো ফুরা আমি ফৌরো অর্দেক ফাইছি আর ফাইবো টুকটাক মানে ক্লাস খরাইতা না এমনে আছলা আবার দিছোইন ও এরফরে আমি তো ইটা নিয়া বেশ প্রথম দিকি খুব এক্সাইটেড আছলাম তরারে যেভাবে দে সুন্দর দায়িত্ব সবাইরে যারারে যারারে খারণ জানাইছে তো যারা যারা আছে তোরা নাই বালা দেশো
/kaggle/input/regspeech12/test/test_narsingdi_0104.wav,জাস্ট বা নিসিদ্ধ ইয়ার টিচার শেষ না ফা লুদা না বানাইছিলো হেদিন কেম্নে এম্নে বানাইছি বইন বইন বিশেষ কর এডা জাস্ট একটা কি কইতাম ওরে আমি আমার মতো কইরা বানাইছি ঠিক আছে ঘুরা দুদের মদ্যে কফির ব্রেন কইরা আগে কম
/kaggle/input/regspeech12/test/test_rangpur_0003.wav,যে গোস্ত দিবার না না ওমরা কয় গোস্ত পায় কোটে গোস্ত আছে ওমরায় কয় কয় গোস্ত আছে কয় গোস্ত আছে তো খানা
/kaggle/input/regspeech12/test/test_sylhet_0169.wav,ছিড়িয়া বিড়িয়া নিছোইন দি মাইনষে সে তোর বুকে মাইনষে কিতা লোড ফার অইছে বেশি বা তারার কিতা ফলে তে এখন যে জিনিস ফত্রের দাম এখন যেরকম আফনারা সবাই কিরখম কিতা দাম আছে এই তো একবারে বস্তা আছে আমি আড়াইটা হ কিতা বুচ্ছি না ইটা যে জিগাইছে তারা আচ্ছা
/kaggle/input/regspeech12/test/test_sandwip_0107.wav,আন্নেরে একেরে ছোডোবেলাত্তে এখন দি আঁই কোনোদিন হিয়ারে এই কতা কইলে দুই ফাস্ট অইতে অইবো তঁর রং এক অইতে অইবো এরকুম কোনো ছাড়া আঁই কোনোদিন দিমু তারফরে নব্বই খাইতে অইবো একশ আজ মা ফার লাইন যদি কম আছ
/kaggle/input/regspeech12/test/test_sandwip_0065.wav,বাপের আছে ও মাথার দ্যান দওন দিছে বাপে ফোন করছে তাখে তোর বাপের করছা তোরে কচ্ছি না বাপে কিষি কইছে বাপের উকা আল্লার হালা তাকি কি আলার হালা কিছু তুমি মোবাইলে তলা রাখি দিলেও মাইনষে আল্লার হালা ক কি এইল্লাই আল্লার হালা কইছে তো তুই যাবি কি সান তোর বাপেরে কইবেন অলা আসন ছুটু করছে আগে আল্লাহ হুনিয়া তোর কোন দিন নি যে তোর বুদ্ধি অইবে আইছে বুঝলাম না কিছু
/kaggle/input/regspeech12/test/test_narsingdi_0013.wav,প্রিমিয়ার লিগ গুলা খেলতাছে এরুপগঞ্জের হইয়া খেলতাছে ডিপিএল এই এ এই ডিপিএল কতা কইস না এ বেটা আম পায়রা কি সিদ্ধান্ত দে আউট অইলে আউট দেয় না আবার যে ডাউট না এডাও আউট দিয়া দেয়
/kaggle/input/regspeech12/test/test_habiganj_0063.wav,এমন কুনু খাম খাজ করছি না যে বাদার মানে সব কাজই মা বাবার খইয়া ইয়াই ফড়ি অহন এরফরেও আছে না নি যদি একদিন একটা ভুল গরি আছে আমি ইস্কুলো গিয়া সাইরা কলেজো ইস্কুলো না কলেজো গিয়া আমার বান্ধবী এরা খইছে এরা ইতার যাইতো মার্কেটো যাইতো এরা বলে জামা কিন্তু আমার খাছে টেখা আছিল আমি মারে না খইয়া ওই ইকটা জামাই লাইছলাম অখন জামাডার দাম আমি আইন্না লাইছি বেশি দাম দিয়া জামাডা
/kaggle/input/regspeech12/test/test_sylhet_0246.wav,যার যার খরতাম বাইয়ে একবার আরেক বাগে দেখাইতাম ইবায় টিউশনি খরিয়া আমার হোস্টেলো খরছটা ছালাইতাম আর ইরখম অবস্থা তো আমি ফিল খরতাম যে আমার বাজতে খষ্ট খরিয়া আমারে ফড়ার নি টেখা দে আবার এখটা দিন আমি খাজ খরলাম আমি আজকে কিতা খরলাম আমার ইটা সবসময় বেস্ট ও হোস্টেলো তাখা অবস্থা
/kaggle/input/regspeech12/test/test_sylhet_0680.wav,হুম তর স্যারো ছাড়াও সারা স্যার আপনি ইস্কুল দে তার ফরিবার লাগি তে মানে আন্টির ইচ্ছা কিতা এখন মানে
/kaggle/input/regspeech12/test/test_chittagong_0100.wav,সিরি যে দিলাম টার নইলে পাশ ভাই আঁই ওডা কুনা ওই যে বেয়াকগুনর মদ্যে মানে মোট বেশি দালান যা মোটামুটি ভালো অইয়া ইংলিশের মধ্যে ভাই মানে খারাপ অইয়ে ন অবশ্য ইংলিশের মধ্যে খা না খারাপ অইয়ে
/kaggle/input/regspeech12/test/test_barishal_0062.wav,এই দেড়শ টাহা যদি মোর ফ্যামিলিতে বাছে মোর কাঁচামালের বাজার হইয়ে যামু এই লামার খাম ওই না এই ছাইড়ড়া দিছি এই ছাইড়ড়া দিছি এই যে বিড়ি সিক্রেটের মইদ্যে যদি কোনো মানুষ কইতে হারে যে নেশা আছে তর লগে আমার চ্যালেঞ্জ হইবে আর দেহাইতে ইবে কোনজাগা নেশা আমি মনে করেন একটা না
/kaggle/input/regspeech12/test/test_habiganj_0055.wav,মা সবতা দেখা উখা দিছি এরফরে খইছে বলে বালোই ওইছে এরফর তিকা আমরার বাড়ির মদ্যে খন আমার রাতে শুটকি তাই যে ভালো ওইছে ওখন মা খয় তুই তুই শুটকি তো খালি রান আমার তিকা তুই বালা খইরা রানতো ফার এরফরে এরফরে ইতা খরতে খরতে ওই আস্তে আস্তে খ মা মা যাতে যেতা রান্দে অখন আমি দেখা যায় আস্তে আস্তে সবই ফারি রানতাম এরফরে অখন আর কিতা খইমু অখন খন রানতাম রানতাম খইয়া সেই যে অখন আমি এমন জামেলাত ফড়ছি অখন দেখা
/kaggle/input/regspeech12/test/test_sylhet_0529.wav,মানে এই খার সময় তো এই ক তো তখন ভয় লাগে তো অনেকের টেকা অনেকে কিতা খরতো ফারে লাগছে না এমনে সাউন্ড অয় বেশি নামার সময় নামার সময় অতিরিক্ত এখটু খানো মাঝে ফরে উঠে উটার সময় বেশি তারে
/kaggle/input/regspeech12/test/test_habiganj_0117.wav,ও আগে সস্তা আছিল এখন মোটামুটি দাম আছে আছে গেলায় গেছলাম এখন তুমার যে দাম গুলা আছিল দাম পরে মানে আমরার মুটামুটি ফায়দা হুম আর আগে তো সিতিজন আছিলো তোমারে সস্তা আছে
/kaggle/input/regspeech12/test/test_kishoreganj_0029.wav,জইনে বই তো হেই দুইডা না না না কত কিন্তু জাগা না বাড়ি এক মান হ একদিকে আমার এই আইছি তে ভাল লাগতেছে না এ দেশের মানুষ একখানো ভালা লাগে হ
/kaggle/input/regspeech12/test/test_sylhet_0451.wav,তে এম্নে সারাদিন কেমনে খাটে আন্টি বা বাসা খাটাতো এখন মনে খরো আমরা গুমটা কি এখন উটছি এখটু আগে ওটা আছে না নাস্তা খরলাম এখন আস্তে দীরে বিশনাত আর গুছানো ফরে গর দুয়ার একটু জার রুজি জিয়া ফরে পাগারই
/kaggle/input/regspeech12/test/test_barishal_0043.wav,হেই আডি বেঞ্চেও খালি ধরি টান দিয়ে এট্টু জাগায় দিছে এই টুক কাম করছে হেই কাম কইররা যেই সমস্ত ব্যবহার মূল করছে হেই ব্যবহার করা লই গেঞ্জাম বার যে বিশ এলাকার মোর লাগে ও মনে কর মোরে কয় যার এডার কইছি কুডখিনতে মানা করছি কুন কিন্না গরু কলাম এই কুডাহুকম কয় এই যে কইছে না মোর তো মিটার গাছে গরমে দিছি এট্টা চকটা লাগাইয়া
/kaggle/input/regspeech12/test/test_chittagong_0122.wav,বৃষ্টি টিষ্টি ফরে এহন ভাই তোরা বেগগুন দারা অর্ধেখ নি অই গিয়্যে গই আঁর মা খালি ভাইয়া তো যে আঁর নানু বাড়িত মামায় বু দে হ বুঝি তুন আঁরা ফরীক্কা আছে যে ন যে
/kaggle/input/regspeech12/test/test_sylhet_0296.wav,যেহেতু খতা বার্তা ফাঁকা ওই গেছে অখন ই জাগার মাঝে এখন স্মরণ দেওয়া কিংবা ইগুলা সাইকোলজিকাল বিষয়গুলা যদি এডজাস্ট খরে না তখন তো স্টার্টিং টাও নেগেটিভ দিবো তো আমি ওউ তখন আমি ভাবলাম যে ওটা তো আসলে
/kaggle/input/regspeech12/test/test_narsingdi_0133.wav,ইনো সাইন লাগদো ঠিক আছে কিন্তু তর স্যার মদে একটা দুষ্ট দোষটা ভাব আছিল এই যে দুষ্ট বাচ্চা কয় এই জাগা টুল ফড়ে আল্লায় দিলে আল্লায় দিলে না বড় অইয়া কতো সুন্দর আছে আর এডে আমার কথা না এডা মানুষের কতা আমাগে আমার চাইল রুলেকট্রনিক শিল বইন
/kaggle/input/regspeech12/test/test_narsingdi_0066.wav,স্যারের মামি তার লাগে না আমার ছুলা বেশি ভাল্লাগে মেলি ফ্রেন্ড মজা খরার লাইগা ওই ক সবাই ফ্রেন্ড ইসলাম ওই তো এডা স্বাদ স্বাদ সবাই কুন সময় ইস্কুল মারবো আইবো সব অনে বিয়া শাদি কইরা সেটেল
/kaggle/input/regspeech12/test/test_habiganj_0074.wav,দেয় দেয় সময় নষ্ট বারে কী কিতা খইতাম একেবারে জীবনটা এই যে একবারে অল সলে সয়া খাটাইতেছি আজাইরা লইরা খাটাইতাছি বাইত
/kaggle/input/regspeech12/test/test_sylhet_0762.wav,বাই বইন না কি দেড় বছর বয়স থাকি তাখে লেখা ফড়া খরছি তা বইন ইগু বিয়া ওই দিছে ফড়াশুনা তাইকা খরছে ভাই মনে খয় ইটা ফরে নাই না তাই নাকি ছুডুবেলাতে কিনি ছোট বেলা তে
/kaggle/input/regspeech12/test/test_sylhet_0386.wav,ইদিকে যা ছিল যাওয়া যায় কাজ করে যে বাইরইয়া কতটুক সময় লাগতো না সময় গেছিলাম তো একবারে মানে বলি তো নায় না খালি গল্লি রইছে ই খতা খইরাম যে একবারে রাস্তা দিয়া গিয়া শেষ না তা তো এরফরে শেষ
/kaggle/input/regspeech12/test/test_noakhali_0017.wav,হরে দি না বা বা দুমু লই একদিন জ্বালা নাই আর নয় তুলতে ক্যান জাত দেয় তো না তাই কেনে বাদে কাছে কবি দিবা হ মাইর ক্যা না
/kaggle/input/regspeech12/test/test_sandwip_0017.wav,বিয়ার নাইসদশলাখদিনেরে কেউরে দিনির হলো দেহা আছে খাইলে ফকেটে তে খালা খরচ করে জামাই হিসাব কিতা ফাক নাই কি বেশি একদম হিসেবে এই টিক আছে আর নাহলি জামাই এগুনের কুম না তো রাজু দুইদিন লাগা গেছে
/kaggle/input/regspeech12/test/test_kishoreganj_0067.wav,মা গিয়া গিয়া গে তুমি গিয়া গিয়া গিয়া গিয়া কই রাস্তা খর বাইত যে এই তা ওইতাম না
/kaggle/input/regspeech12/test/test_chittagong_0072.wav,আর পাবলিক মত ইটা বিছরাই তারে ফালকিত বেডি খরচ বেশি ফাল্লা এহন তো এখানো ও কিন্তু আরে ফড়া লেখার মান্দা বেশি ভালা ও ইয়ানের
/kaggle/input/regspeech12/test/test_sylhet_0298.wav,আমি গিয়া ছোট ছোট ডিম দেখছি দেখিয়া কারণ তাইনো আমি যতটুকু জানি তাইন তখন টিউশনি গুরিয়া খরতা গ্রামীণ ব্যাংক থাকি শিক্ষা লইয়া বাবা মারে দিতা খরচ আদি বাবা মানুষ দিতা তে কাজেই ওরখম ছলবেন ওইছোইন না ফুরাফুরি তাইন
/kaggle/input/regspeech12/test/test_rangpur_0127.wav,আইলে ও মা খালি দিলে না আল্লাহ কানি পাস করে এলা আরে
/kaggle/input/regspeech12/test/test_narail_0015.wav,তুই বাপ মার টাহা দিস না তোর কাছে কেউ শুনতি গেছে না তুই টাহা দিস নাই তুই কতি গেছিস কি জন্নি যে আমি ওরকম টাহা দিছি তাইলে আমরা চোর না ওই বাবলু চোর আমি বাবলু রে বুলি কইছি বাবলু তুই বলে টাহা নিছিস তাইলে টাহা তো টাকা কই গেলো আমরা তো পাইছি দশ হাজার টাকা আমার গালো তো আমি আমার এই কতা কলো জাগা একনা
/kaggle/input/regspeech12/test/test_chittagong_0057.wav,তেমন যদি খতায় গিনা কেন হ চাই ছুলানি দেরি ঠিক আছে চলিয়া এহন যাগুই মাই আইসসি তোর পাশে দি চাই থাকি না ও রাগা বালা ফাইয়্যি অ্যাঁ
/kaggle/input/regspeech12/test/test_sylhet_0088.wav,আর আফনে চুলা হলো থাকে না কিতা না ওইদিন বাসা বলো
/kaggle/input/regspeech12/test/test_kishoreganj_0100.wav,মুসকো কী কয় কী আবার কয়া আবার কি
/kaggle/input/regspeech12/test/test_sandwip_0085.wav,মানি তো আর ফরে মন রাখে না বা অ্যা তো এই বেতের ফাইলে আরুকগো করাতি অইবো উনাইবায় একসময় ইয়ার মাথার হিয়ারা তো বুড়া থাইকতে চুল আইছে ইয়া আঁই আন্নের রাইক্কা মোবাইলের লাইগগা বিয়ার মাথার লোক চাইলে বড় থাইকতাম
/kaggle/input/regspeech12/test/test_tangail_0039.wav,আইচ্ছা তার পরিবার থাকে ইন্ডিয়াতে এই প্যাটে যে ফান খানির পরিবারে ইন্ডিয়াতে তাদের একটা নিজস্ব সরিয়া খান আছিলো পশু পাখির সাতে ফান খানের একটা স্পিচুয়াল একটা কানেকশন ছিলো অন্যান্য প্রশুর সাতে কিন্তু
/kaggle/input/regspeech12/test/test_sylhet_0352.wav,তখন ডি জিও খইছে আইচ্ছা ঠিক আছে আমার লগে দেখা খরি ওয় তউ গিয়া দিদির লগে দেখা খরলাম করার ফরে দেখা করার ফরে অইলো যে সিলেট সুনামগঞ্জ কুনু কোস্টফাগা নাই যদি ফাকা অয়
/kaggle/input/regspeech12/test/test_chittagong_0156.wav,আফু অনার্স রান এক্কান পয়েন্ট লইয়েরে যদি যে নেকি সাই নে অনার্সে যদি পয়েন্ট খরছ ল সাইন্সের তুলি নি ইক্কিনি চাইয়েন ত জল
/kaggle/input/regspeech12/test/test_sylhet_0303.wav,আমার যাতে বাড়িত যাওয়া লাগে না তখন তোমার স্যারের লগে আমি মাতলাম যে আমার কিচ্ছু লাগতো নায় আমি ইউনিভার্সিটির ফড়াটা শেষ ওই গেলে চাকরির প্রিপারেশন লইতে আমার কিছুটা টাইম লাগবো আমার একটু টাইম দরকার আর ই টাইমটা আমি বাড়িত যাইতাম না আমি যাতে
/kaggle/input/regspeech12/test/test_sylhet_0416.wav,বাচ্চারার মতো ডাইভার ফিন্দি আমি তাখছি প্রতিদিন এক পেকেট ফেমাস মনে খরো তুমার সাতশো ফঞ্চাশ টেখা প্রতিদিন আমার এখদিন এখ রাইতে সাতশো ফঞ্চাশ টেখার প্রেম পাস লাগছে
/kaggle/input/regspeech12/test/test_chittagong_0171.wav,চাইল তোর বাফ ওর বাপ ফাল্লা দেশে অসুস্থ তুর বাফের কি ন বুঝ তুর বাফের খই সময় ইলা আরি কিন্তু হে বেশি আঁই কই হ
/kaggle/input/regspeech12/test/test_sylhet_0608.wav,আর যারা যারা আছে এরার লগে দেখা ওইবো একটা তো হে মে যতটুকু ফারছে সবগুলা জানাইছে মা তো কুছো এখন আরকি তো একটা দিলাম না নি হুম এখন ইডা দেইখা এখ খাতায় লাও আমি কিতা ফারতাম তোর কিন্তু নাই দেছে না তর মা ছাড়া ফালাইলাম নাই
/kaggle/input/regspeech12/test/test_narail_0169.wav,দুই তিন মাস খায় না খাওয়া লাগবে কারণ ওষুধগুলা তুমি বাংলাদেশে নাকি যে আজকে টাহায় কোন আছিন ফর আবার আসে দ্যাহা নো এক স্বাদ সে কোনো রকি পরে
/kaggle/input/regspeech12/test/test_barishal_0055.wav,ক্যা লাম কালে কাটছি তাই লো খান ডা হিসেব এহন যদি এহন এহন কষ্টের জন্যে যদি ঠ্যাং না চাইয়া বইয়া থাকতাম এহন ও তো আর ধান পাইছে মুই দশ দিন বইয়া থাকলে মোর কি অইতো মুই কি না খাই মরতাম সরি পোলাডা যে থাকতাম না খাইয়া না না
/kaggle/input/regspeech12/test/test_sylhet_0537.wav,তুমি বড় তুমি মেডিকেল এখনা ফটো আমি আমার অচ্ছে টিন ফরে হ আমু চোখের লেখা ফড়া আমি অনার্স থার্ড ইয়ারে থার্ড ইয়ারে কোন কলেজো মদনমোহন
/kaggle/input/regspeech12/test/test_tangail_0026.wav,কিন্তু সারা এইরকম ভালোবাসা বিশ্বাস না সে সোল মেট বা ডেস্টিনি বিশ্বাস করে সে মনে করে যে জান দিতারি হয়ে থাকে তাহলে সে বার বার তার লাইফে বিভিন্ন সময় বিভিন্ন ভাবে আসবো তাই সে বিভিন্ন এক্সপেরিমেন্ট করে যেমন জন থানার
/kaggle/input/regspeech12/test/test_rangpur_0036.wav,খালি মা আছেই ডিম টিম এই হ্যাঁ কর বাই তো ওইরকম তুই না বুট চড়ে দিবু খড়ি আগে দি ভুল করে দাড়া এপতারি করা নাগবে এপতারের মানে ওই সাতে কয়টা আলু দে আলুর ডাইল বুট ক্যা খায় যে বুট হইলো শরীলে পচুর এনার্জিজনিত একটা খাবার হেরে মানুষের মানুষের ইপতারির সমায় বুট খাওয়া আসলে উপকার আচে মুই ইপতারি খালা
/kaggle/input/regspeech12/test/test_kishoreganj_0073.wav,হ্যাঁ আজিয়া কিছু ফরে বগা বগা আছলা আমি তে আমি কইতাম যে কোন আনি কইছেনা আর না বেইন্না দাদা তো দাম বেক্কার নাম হ্যাঁ না হ আমারে কাডা উঠার
/kaggle/input/regspeech12/test/test_kishoreganj_0122.wav,গর বড় মিল ফেরি অইবা কাকা নামে গেলে তুমি দাঁত দের যাইতো না গন্ধে লাইজ্ঞা এইডা করা অইছে পাপা শিখাইছে বিভিন্ন ধরনের আবর্জনা বা বিন্ন নে ময়লা আবর্জনা কেরে ফালার ডেরেনের ফালাই সামনে বা অইলো যায়া ছাইন্না না গনে দুনিয়ার গন্দ কার দেলো হ্যাঁ
/kaggle/input/regspeech12/test/test_sandwip_0028.wav,হইসালা ওইরে হইসালারগো হোলাইন আলি হরা লেখা করি ডাক্তার ইঞ্জিনিয়ার হইয়ো হেই হোলাইনেরে মারা বিদ্যাশ রম থাকে মারগোরেও চা না হুম আম্নের হোলাইনে আন্নেরে চাইবা এই ব্যাফারে হিয়া থাকে হুম অতিরিক্ত হবার ফোন করবে মার কাছে
/kaggle/input/regspeech12/test/test_sylhet_0102.wav,তিন বেলা গিয়া রান্দে তিনবার রান্দে না খাটা চা হরে হিয়া আইছোস মাছ তো হারি টাকাডা বোচা হরে বুঝছি আমরা বসি তাইন বিয়া অই গেছে মনে বিয়া ওইছে অনেক কাহিনি বিয়া ওইছে খষ্ট
/kaggle/input/regspeech12/test/test_rangpur_0072.wav,না এবার লাউ ফির না তো কয়টা বাজে বিচির মার লাউ ফির গুলগুলে হয়া যায় সাড়ে চাইরটে বাজে একটা মাতি বানা হইলেও গুলগুলে এককে পচা হইলেও আরো গুলগুলে এইলা জাত না মুই মাছ ওই লাউয়ের জন্যে মাছ বাইর করোম না যে কাইলকে মুই লাউ লাউ মাছ বাইর করি লাউ দিয়া কর হয় লাউ এ কার লাউ মোর ভাই টাই কয়দিন আছিল মাছ কেনা নাগে নাই
/kaggle/input/regspeech12/test/test_kishoreganj_0027.wav,আন্নের তো ফসল নি না আইন্না এই গ্রামের বাড়ি কই গ্রামের নাম কি চামড়া চামড়াইত ছারা জিয়াররা আইছে নুন ছামড়ার তা মা ফুফুর বাড়ি নজরুল অইছে নই এরা ছারা নজরুল আইছে জুর বলতে এইযে এনো কিন্টাগাট না আছে না হ এই কিন্টাগাট লগে বাড়ি আর আরেকটা ইয়া
/kaggle/input/regspeech12/test/test_rangpur_0013.wav,লোক কওয়া যায় না হামরার জীবনে মাইসে আর যে হওয়ার হাতে কই না তোমরা তোমার নাতি করে দানি তো কইবে ওমা দুদিন তো কয় দে
/kaggle/input/regspeech12/test/test_sylhet_0027.wav,গুলা খারাপ হারে না ইটা দায়িত্ব নিয়া পুরুত পুজা খরা ফুরুইন সবগুলা আর দায়িত্ব নিম তো কমিটি আছে সব কিছু নিয়া সবার দা দিয়ে নেওয়া অয় ফারে আমরা ফাওয়া সবার খাছে সাদা নিবো নিয়া একক নায় বুজা সার্জন পরচার
/kaggle/input/regspeech12/test/test_sylhet_0483.wav,মানে ওর খতা এরফরে আমার অসুস্থ মানুষ এরফরে ইতা যে ছলা ফিরা ইগুর লাগি আমার এখটা ফিল লাগে লগে মানে ওই যে বাচ্চা বাচ্চা মারা যায় ন বুঝের বা যে ডাক্তাররা খইলে ইগু বুঝে না তারা না ডাক্তারের রাম না ইগু তো বাচ্চা মারা যায় অন্য কুনু সমস্যা ওইছে যে কিন্তু কিতা মারা যায় আমরা বিশেষ খরি বুঝলাম যে আমার লগে এখটা সমস্যা ও খারণ নাইলে বাচ্চা এখজন না আগে যাই সবকিছু খরি কিন্তু ইবার সময় তারা মারা যায় না
/kaggle/input/regspeech12/test/test_rangpur_0078.wav,সেলাই দিবেন তো না গাজ ও না এডে খোন হইবে এইদেন খোন হইবে এইদেন খোন বানাও পাশের অস্র গরি করি ভাল লাগে না হ্যাঁ ন করি দিবে তারপরে কিরিবা মাদ্রাসাত ভাল লাগে
/kaggle/input/regspeech12/test/test_narail_0143.wav,সুক ওয় দিলাম কন্তে তো মনে করে দেখতো আমি গতবার যখন ইন্ডিয়া আসছিলাম তখন তোমার ইন্ডিয়া আছিলো তখন তোমার আমার কাছে আসার কতা ছেলো বা
/kaggle/input/regspeech12/test/test_sylhet_0014.wav,পূজা করিয়া তারপরে আমরা প্রসাদ খাইয়া তারফরে শেষ পূজা টা আর সন্ধ্যার সময় সন্ধ্যার করা হয় তার আজকে যে অনুষ্ঠান ধর্মীয় যে ধর্মীয় গান আছে না আমার শ্বশুর গান চার নিবেদন খরো নাকি তা ফরের দি নাকি
/kaggle/input/regspeech12/test/test_chittagong_0029.wav,তুরা না বিয়া দিবেন দরখার দেখা লাগে না কি ন লাগে না কি উগগরে কী খবর হরি ন হয় মাইনষের গরে ইতি মা ওকগো কইছিন ইয়া অরি তুমি মোবাইলোত দুলা দিলি
/kaggle/input/regspeech12/test/test_narail_0142.wav,না ওডা ওই যে সমান কথা তা তো হবে না তুমি আসো মারে দেহি না মেলাদিন দেহে লাতি আমারে দেহে ম্যালা লাভ আছে তুমি আসো তার সাথে সব সম্পর্ক ওইছে কই দিছি তারে দেবে লাগি কয়া
/kaggle/input/regspeech12/test/test_kishoreganj_0136.wav,কলা এইযে কালা এই দেশে ফলে হয় এক রকমে ফল আছে কলা গাছে শিক্কা লইয়া ভাবে কলা গা দে শিখতো কলা খাইতাম সে তে আই
/kaggle/input/regspeech12/test/test_sylhet_0225.wav,তো আমি ফড়া আরম্ভ খরলাম ফড়তে ফড়তে মেট্টিক ফরীক্কা দিলাম মেট্রিক ফরীক্কা দিতাম যে আমরার তো গাও তাখি গাও তো কী শহরো আইয়া ফরীক্কা দিলে তোমার ওউ টাইমের বিত্রে আইয়া ফরীক্কা দেওয়া যাইতো না তো শহরো থাখতাম খই মনো
/kaggle/input/regspeech12/test/test_habiganj_0097.wav,সিলেটো তো অনেক বালা বালা জাগা আছে সাতে ফাতর দেহা কি আমি আমার তো অনেক শখ আমি কেরে যে কুনু সময় যাই যাইতাম ছা বাগানে
/kaggle/input/regspeech12/test/test_narail_0095.wav,কতটুকু ভালো সম্পর্ক না তো ওইরকম কথা বলছি পারি জানে মান তুমি তো ধইরে ফালাইছোইতুমার সাথে আমার সম্পর্ক তুমার তো কথা হইছে ই কথা তো কেউ জানে না এই কথা টু জানো না এইডা কি একটু কানি আমি এখনো কথা শুনি আমার সাথে তো তোমার
/kaggle/input/regspeech12/test/test_narsingdi_0102.wav,কিন্তু একটা ফ্যাক কি দিবের দিলে টেয়া দিয়া এক্কারে রাইক্কা দিলো ওইলো মারা ওতো তো ও মা অবশ্য আমি আবার ইয়া আসলে যে সময় তা না পাঁশশো টাকা দিয়া দিবো সানগ্লা এইডা লাব অইতো তো পাশশো টাকা না দিয়া যাইবো ছাড়া ওয়েট হইয়ে গেছে
/kaggle/input/regspeech12/test/test_rangpur_0109.wav,পাতা কুড়ি নিয়ে যায়া খিলেইস আইলে গেলে পাতায় নাই তাইলে তোর চট্টগ্রামোত থাকতে ইয়ে ভালো আছিল নে ইফতেরিগুলে মানুষে ডাকে ডাকে খিলেছিল খুব নোয়ায়
/kaggle/input/regspeech12/test/test_kishoreganj_0032.wav,আর কি চাম বা কি একটা মুছা লাগা যায় মানে বাড়িত না বা হ্যাঁ এইডা এই যেই চামারির তারা ফরা চামড়াইত না বা বড় ছামড়ার লাগি একটা গ্রামের নাম না চাল দি
/kaggle/input/regspeech12/test/test_sylhet_0597.wav,সবতা মিলাইয়া খালকে তো রিনার লগে দেখা ওইলো লাগছে ভিতে আস ফরছে পোকা ক আতা তা ইয়া খালকে গুতা বান্দার দেখলাম না আমাগে বেচে আমি খালকে সবতে শিওর গেলাম মনে যদি বিয়া টান ওই তো বিয়া ওইছে নানি আমার ছাছাতো বইন
/kaggle/input/regspeech12/test/test_sylhet_0081.wav,ফরে আমি তো বেশি আগ্রহ যায় না আমাক বালা লাগে না আমার বেশি ফড়তে বালা না ইতা তো বুঝছি ইতা তো আরো বেশি তার মানুষ ইতা ফড়া লেখা তা আমি ফতমে ফড়তাম না তো তা এখন টিচার বার আগ্রহ যা বাড়া ফর তাকি খই টিচার ওইছিল তো ফড়া লাগবো ইতা তোমার ফড়তে জানারখুব ভালা
/kaggle/input/regspeech12/test/test_barishal_0078.wav,না মাইক্কা খামু কিবা বাই তে তারা জাগা আগে ভালা এ করছি কি তো তুমি বোঝো কিছু উলডা দি দি সে ভাই ধরি উল্ডা উল্ডা কোনো কতা নাই
/kaggle/input/regspeech12/test/test_sylhet_0632.wav,আর শিক্ষা কার চা না ইনো ইতার বলে মাত্র খয়টা সাব্জেক্ট সাইন্স আর্সকমার্সি দাদো না ইও কিতা পজিটিভ ইমপেক্ট খরবো না নেগেটিভ বুঝা বার না আসলে
/kaggle/input/regspeech12/test/test_sylhet_0074.wav,আইচ্ছা আগে তো আবার আইবো আসিল লাল শুরু অইবো শুরু শুরু ওয় গন্টা দিয়া শুরু ওয় আসি দুর্গাপূজা দি এরফরে তুমরা আমি দান না মাছ হিসাব ফরে না আমি তো সাইন বুঝি না তো কুকান যা খইছে এইল্লা দি এরফরে দুগা আসিল না দূর্গা ফূজা খান এরফরে দুর্গাপূজা ফরে ফরে কিতা কিতা মুরগা ফুজা ফরে ওইবো লক্ষ্মী ফূজা খালি ফূজা
/kaggle/input/regspeech12/test/test_sylhet_0259.wav,আমার বার্সিটিত চান্স ফাইতে ওইবো আর এর মাঝে খই আমি তো আর থেকে ফড়ছি যেই হাই ইস্কুল যেটাত ফড়ছি কিন্তু সাইন্সো আছিল না এখন আর্টস তিকি বর্তি যা আমার বার্সিটি ইয়োটা লিমিটেড ওই গেছে স্কোকটাকযে আমি তো আর সবার মাঝে এপ্লাই খরতা ফারতাম না
/kaggle/input/regspeech12/test/test_kishoreganj_0054.wav,না হ জন যে তুমার কইলে লজেন দিন মাহিন তর ফরীক্ষা শেষ হ হ্যাঁ হ কি ফরীক্কা অইছে হ যাতি যাতি তর যে কি ফরিক্কা অইছে
/kaggle/input/regspeech12/test/test_sylhet_0587.wav,সাকিবে এহন কলেজ বেটার কিছু করলে তো তা বেটায় পাম দিছে এহন ঘরো সবে খেউ না খরোইন মানোন না এখন স্যার যে কিতা খরে ইতা খরে তে এরে বই অতোটা দিন আর চাইর আজার টেখা আছে খালি মানে ঘরে ঘরে প্রাইবেট প্রাইবেট ব্যাফারে কিতা খরে খালি কাম দেয় মানুষ ইতা কিতা খরবো কিন্তু কিচ্চু দুকান প্রা ফরে এখন সাই বাইরে
/kaggle/input/regspeech12/test/test_rangpur_0046.wav,এইডে তো কাহিনি করে না এলা তো নি হয়া হয়া একনা কর হয়া আহে সেই আর কি মন যেমন করে এলা কার পাচ নাই সবারে পরে আর পার করা ছেরা যার এখন কার
/kaggle/input/regspeech12/test/test_sylhet_0750.wav,আর আফনারা ইখানো যে মানে পূজা আরো না কিতা কিতা ওয় আমরা তো ফারিবারিক সেতু ফুজা অয় কি দুগা অয় কি আগেদি ভুল অইলে ওয় ফারিবারিক তা বড় বড় তো অনুষ্ঠান আমরা ফড়া টানা গা দূর্গা ফূজা খালি ফূজা
/kaggle/input/regspeech12/test/test_tangail_0027.wav,যহন ওর নাম্বারটা দেয় পাঁচ ডলারের একটা নোটে তহন ছাড়া এইডা দিয়া এইডা দিয়া একটা বই কিনা ফেলে বই কিনা ফেলে তহন ওই না মানে দোকানদাররে দেয় এই দোকানদার থিকা আরেকজনের কাছে আরেকজনেরে যেরকম ছড়ায় যাইতে থাকে আর ছাড়া বলে তানরে বলে যে এই নোট যদি আবার আমার কাছে আছে তাইলে ভাবমু
/kaggle/input/regspeech12/test/test_kishoreganj_0124.wav,তেলা কি পাকি গ্যাস কয়ডা ইত্যাদি ব্যাবহার কর কয়ডা ইত্যাদি দিছে কি লাগছছ বিশ আর অইছে ছত্রিশ কত্ত অইবো ফঞ্চাশ ছাপ্পান্ন ঠিক আছে দশ আর আশি নব্বই সাতান্ন আর অইছে চল্লিশ
/kaggle/input/regspeech12/test/test_narsingdi_0117.wav,ভইরে একটা মাস্টার পিস কান বেচা করলে কমে ইগুলা পর গার্ড এয়ারফর আইচ্ছা যে ডিশ এই ইনসিডেন্টরে
/kaggle/input/regspeech12/test/test_narsingdi_0058.wav,ওইডে কতা কইতারছ না এর সত্যি কলা মাত্তে যেরে কইয়া করবেন আমার তে বালা তারার কাইজ্জা করছে মইদ্দে কলা এহন বারি যা কাইজ্জা গা সব গিন সব নিয়ম কইরা তো আমনে এট্টু জরা কাটাই কি অইতাম অঙ্গো টা হি না
/kaggle/input/regspeech12/test/test_kishoreganj_0187.wav,লা মাটি পরে যা না কা মাটি মাটি পানি দুষে কারণ ন মার ত মার না না
/kaggle/input/regspeech12/test/test_kishoreganj_0194.wav,এডি দাও দেখা গেলে লেইক্কা এনে তো লেখা করান হ পানি দে মিশতা বালি কাডা ইত্তা ইত্তা দিয়ে স্মরনক্ষে কি বলে কি তান ইত্তারে সরানির পক্ষে কে কি বলে
/kaggle/input/regspeech12/test/test_sylhet_0591.wav,ই খয়দিন থাইক্কা অক্টোবর তাকি মোটামুটি বালা যায় ফার যে ইটা তো মোটামুটি বিজি তিন তিন চার আয় হুম অনে তো দরো এক ঘন্টা যায় ই গুম তাকি উটলায় দশটা স্যার আইলা এগারোটা যাই কি আর এর আগে খয়দিন আছে
/kaggle/input/regspeech12/test/test_chittagong_0135.wav,ঠিক আছে ফুফি হাতে ঢুকতি আছিল না খরতা বা মাইন্না কিন্তু ইয়ার আগে যে চিটাং গত না এবার লাগে আর ফল ফল বানায় তাল তুরা না ওই যে আগে বড় ফুফি ফ্রেন্ড উঠতা ফরে তোরা আরে লইতো আমি ঠিক আছে না তা তা বল ফ্রেন্ড অইছি তুরা হুনা তোরার ইকান নাইনতা
/kaggle/input/regspeech12/test/test_narail_0112.wav,তুমি তো তুমার আর কি তুষি সংসারে কিন্তু আগুন বাইরে যাবে না বাজান কিন্তু আল্টিমেট দিয়ে রাখতো তাইলে আমি তোরে আমি একটা কথা কই লিখে রাক ওরা আর আমার সংসারে কোনোদিন আগুন ধরবে না লিখে রাক
/kaggle/input/regspeech12/test/test_chittagong_0052.wav,আঁর ইয়ান খইয়া উনি চলা তে তো আর এই দে এক্কান মামা দিতা ইগু তুই তো ভাই জানে তুলি না আরি ফরিয়ানে থুই তো ভাই কী খইয়্যুম ওই ফাইয়া না না কি ডাইনি খয়দে এগিন অইলেও তোরে সারা যাইবো
/kaggle/input/regspeech12/test/test_sylhet_0339.wav,গেলাম বাড়ির আমার ছেলে ওইলো বড়ো টা আমার বাইর বাসাত আছলাম ফরে আবার ফরিক্কার ডেইট অইলো ওই সময় আমার তে বয়স অই গেছে তিন মাস এখন তিন মাসের বয়স তো বেস্ট ফিটিং টাইম
/kaggle/input/regspeech12/test/test_narail_0166.wav,আরও ছুকা হলি তো আরও কতো রোগ মানে এমন এমন রোগ আছে ধরে না ছোকার হলি সব সো ছুকা আর বেডিস থাকলি অন্যান্য ওষুদ খাওয়া নিতো যায় না
/kaggle/input/regspeech12/test/test_tangail_0041.wav,কহোনোই মানতো না সে বলতো একটা বাগ কহনো মানুষে বন্দু হইতে পারে না আইচ্ছা ইরখমভাবে সবকিছু ভালোই চলতাছিলো কিন্তু প্রশাসন এনিমেল রাইটসের কারণে না কী কারণে এই ঝুডা মানে বন্দ করতে হইতাছিলো ক
/kaggle/input/regspeech12/test/test_habiganj_0057.wav,একদিন এমন লবন দিছি একটু বেশি ওই দিছি কিন্তু ওতো বেশিও না কিন্তু লবনডা বেশি অইছে ইতার লাইগা আমার বাবা খয় ডেইলি তো তুই খতো বালা খইরা রান্দছ আজকে তুই কেরে ওতো লবন দিলে তর মা কিতা লবন দিয়া দিছে আমি খই মাও তোই দিছে লবন আমি তো আর লবন দিছি না আমি আর কুনু সময় লবন দিলাম আর আমি ইয়ানতো ফা খে দিয়া একটু লবন দিছলাম বেশি ওই আমি খই আজকে একটু লবন যদি বেশি দেই তাইলে তো আমারে দিয়া আর রান্না ইতো না আমার অখন আর মজা গুইজ্জা লইছি আমার আর রানতে ন দে আর বাল্লাগে না এরফরে
/kaggle/input/regspeech12/test/test_habiganj_0003.wav,অংক আফনার যেন খইন সাথে যাওনডা তো সম্মানেরওই জামাইয়ে সাথে খইরা লইয়া যায় আমার বুজি কই দিলো ইগুলা তো আম জোরা ফড়াইতো সবাপতিযেডাও অখন র্যাডাারা অয় না
/kaggle/input/regspeech12/test/test_sandwip_0068.wav,দিমু না তারা লাফের বালা থাক তার তা আচ্ছা রাজা আর যার দিন দে এত্তে যা না আচ্ছা আর এইডা এগিন বাদ্দে না মনে যেরকুম গেছিন হিয়ান হিসাব কইরলা লই যাইবো
/kaggle/input/regspeech12/test/test_kishoreganj_0006.wav,গাড়িত তো হরে খা খাইয়ে যার খারো গাড়িত যারা করো গাড়ি জাগা ছলে এবার আর কি অইছে দিতি যাইবে আরও সামনে এলা হেরে তো না এর লাইগা তে এরা বা
/kaggle/input/regspeech12/test/test_habiganj_0095.wav,সামনে যদি সিলেট যা কলেজ তিকা যদি সিলেট পিকনিক যায় তাইলে যাওয়ার ইচ্চা আছে দূর কুনা না গইলে ফ্যামিলিত তিকা দিতা না আব্বা দিতা না যাইবার লাগি তো দূর যাওয়া আব্বা ফছন্দ খরোইন না কক্সবাজার গেলে যাইতাম না যদি সিলেটের বিত্রে কুনানো যায় তে অইলে যাইমু নাইলে যাইতাম না
/kaggle/input/regspeech12/test/test_sylhet_0562.wav,আর সাড়ে না এই ব্যাপার আগোর ইনকোর্স আর মার্ক দেখাইছোইন দেখাইয়া অইছোইন ইবার ইনকোর্সে যে তো ফাইছো তা তো ছায় দেওয়া ওইতো নায় বালা খরি ফরে আর তো টেনশন আর তো ফান্ডা দে খরিয়া খরছি
/kaggle/input/regspeech12/test/test_chittagong_0055.wav,আসলে তো বউ তা কি দুনিয়ার চেকটা কিন্না বাছন দুনিয়ার কেন্নে কেন্নে বেয়াকগুনেরে ও বইন হাম খরচ গরিয়ারে বই থাকি দিনের মতো খন না হ কি আর গরির হ ইতা খরে বা ঘরের খাম বেয়াকগিন গরিয়ারে আম্মারে ইমপ্রেশ দিতাম
/kaggle/input/regspeech12/test/test_narsingdi_0019.wav,ওই কতা আছে না খুব তাঁতের উইঠা গেলে উপরে উইঠা গেলে মানুষ পরে আর থাকাতে চায় না অয় ভুইলা গেছে আর কি যে কইছিলাম আর কোথায় আছি হয় এইগুলা হয় ক্রিকেট এগুলা হয়
/kaggle/input/regspeech12/test/test_rangpur_0107.wav,এলা গরু কয়টা গাওর বলি চাইরটা চাইরটা ইয়্যা ওই ছাগল আসে নাকি ছাগলও আটটা পাতা টাতা খিলাইস না ঘাস টাস নিয়া যা দেইস না
/kaggle/input/regspeech12/test/test_barishal_0097.wav,হেডু বিবেক না যে বেডা সারাদিন কাম করি দে এই হইলো সমস্যা নাই এহন দুই ডাং কাইড্ডা দেই হ্যা তো কতা কই যে ডাম কইরা দেয় খায় পরে বাত মনে করেন এই এই পানি যাতি খাওন ডা মোর রাতেই এই খাওনডাহতে ভইয়ে কইলাম মনে করেন এই যে হারাদিন কাম করছি না মোর কোনো দুঃখ নাই ঘরে গালে মোর তাল্লর ভিতরে রক্ত উইড্ডা যায় লাগে এইরম কল রক্ত বার কোন দিক দিয়া খাল বারো বারো
/kaggle/input/regspeech12/test/test_chittagong_0007.wav,তো ইয়া খই তে আঁরে খারে কিয়া ফাও আপনার বলে কি অসুখ অইছে দিক হাইড্ডা একটা অসুখ এরি আঁই আজিয়ের কি আঁই দিতি রে ফল বানাই তে আঁরা খদ্দুর বাজি হ দে অনে কিল্লা ইয়্যের তুন ইট্টু খতা অইন্না ফারি হ এক্কান আলাদা আইয়ের বইন ত তো আড্ডা কইলিই হলি থাইকতো ন খয়দে আঁই ব্যাচতে তার হরে ফুল ন ফাইর ফরে
/kaggle/input/regspeech12/test/test_kishoreganj_0169.wav,বাসে গরমের বাস না থাকবা পর্যন্ত কি বাসে তে কি ক বলে তর মায় ভিতর টা খুব লাল তোর মায় ভিটা খুব লাল তোর মা বিটা খুলা আচ্ছা অনুযায়ী ভিতর টা খুব লাভ
/kaggle/input/regspeech12/test/test_chittagong_0070.wav,এগিন লইয়া নাই মা জানি খালিয়ে ফরুয়া মেরিট লিফটর রেজাল্ট লইয়া আঁরে দাদা খালিয়া খর আঁই খালিয়া উন্নি যায় খালিয়া অইলু ফুরা একদিন শুগাইয়া গই অ তখন কিরিবি খইরদি
/kaggle/input/regspeech12/test/test_narsingdi_0009.wav,ওরে তো রাগ সো মোটামুটি তিন চাইর বছর দলের সাথে থাকতাছে লেকসপিনারের অভাব পূরণ খরতে পারতাছে না এই প্লেয়ার কালেক্সপিনার লেক্সপিন বল খেলাইবো তখন ওরে নিয়া যায় ওরে লেক্সপিন্ট বল করে গেয়া গরি কিন্তু ওর এক্সপিরসাথে তো বাংলাদেশের লেক্সপকোয়ালিটি মিলে না
/kaggle/input/regspeech12/test/test_narsingdi_0048.wav,দুদে ফর সময় কিছুদিন আগে খেয়াল নাই ওই যে রাত্রে বেলা কারেন্ট ফায়ার খেয়াল ছামি যে ত্যালের বিয়া ত্যালের গানো ত্যালের যওন আওন লাগযে আমি যে মোক মুলাম গেছি গিয়া আমি যে কিরে ফেরি দা বা লাইটিংম্যাটিং কেরে পার্টি না কি ফরে যার দুয়া উঠতাছে
/kaggle/input/regspeech12/test/test_tangail_0052.wav,ফরে রিসার্চ পার্ক আর যে বাটা ও বনে ছলে যায়গা নাইমে না নাইমে বনে ছলে যায়গা আর ই ফান খান ওই বাবারে ছলে যাইতে দেহে কিন্তু বাটা মানে কখনো পিছনে ফিরার তাকায় না
/kaggle/input/regspeech12/test/test_sylhet_0256.wav,বাদে আমিয়া কোচিংও ভর্তি করাইছে কোচিংয়ো যখন ভর্তি করাইছে পজিশন কোচিং ওটা খাওয়া ফড়া চিনা বাজার কিন্তু ওই দিকে খাওয়া ফড়া তো আমরার মতো ওলা প্রান্তিক এখটা ফরিবার থাকি একটা কোচিংও রাখা কলেজ তো ফরি দিছি হুস্টেলো থাকিয়া কুচিংও খরতে গেলে থাখবো খই
/kaggle/input/regspeech12/test/test_sylhet_0029.wav,শেষ অইলো ওইটা তারপরে নিজি নষ্ট হয় সেই সেভাবে ফুজা ফুজা ওইলো ঠাকুরে পুর পূজা করো প্রত্যেকদিন কিন্তু নতুন কাপড় দেওয়া হয় সব টাকুর টাপর তা সাহা গুজা জিনিস আছে না টাকুর আছে এগুলি দেওয়া অয় দেওয়ার ফরে সবাই যে ভক্তি করে ঠাকুরে গিয়া পরলাম করে ইটার মাদে সবাই কিন্তু প্রনামি দেয়
/kaggle/input/regspeech12/test/test_kishoreganj_0059.wav,আইন্না গাছ দু গাছ দু আন্নেরা নি গাছ নিগা এইডা মাইন্না ফানিত নাই ফারি না ফাল তাকতে না
/kaggle/input/regspeech12/test/test_sylhet_0445.wav,ওই এলাখা সুযোগ সুবিধা কিলা ই এলাখার সুযোগ সুবিধা বালা আছে একবারে নিরিবিলি কোনো মানুষ উনুষ নাই সন্ধ্যা ওইলে আর কিতা খইতাম আমার যে বয় লাগে বার একবারে কুনু মানুষ আবার কিন্তু একটু সামনে গেলে মানুষ আছে আমি দুই নাম্বার বাসাত আছলাম ইগু অইলো যে তুমার ফেরতেলিশ নাম্বার বাসা এখন তুমি গুজা আমি দুই নাম্বার বাসাত আছে আমি কলি একবারে মেইন রোডো
/kaggle/input/regspeech12/test/test_chittagong_0120.wav,দি হেসে বার মার গি লাস্ট না তো আইয়েরে খরদে বার আয় না বা বুল অই ওডি একটা খতা খই তুই মোবাইল ন দে সৌদি রিফাত বা দে সমস্যা ক হ্যাঁ রিফাত বেন দেহিলে সমস্যা বেতালে খইরদি ও
/kaggle/input/regspeech12/test/test_sandwip_0093.wav,সামনে খাইলে একটা কি বালা একটা করবাইন না আমার এসের খতা কতা কি অইছে না জানতে আর কার দোখান যুগ্ঞ খরাইলে ছান না না ওইডা খাল যা
/kaggle/input/regspeech12/test/test_kishoreganj_0057.wav,অহন দাম মন দান কারেন কেমনে কইছি তো কাওয়াই আমু এইযে এইযে ফক্কি চা নিজের ফক্কি চা দোহান কুলা খাওয়াই আম চা বিল মাতা আছে মারুন যাইবো হ্যাঁ কামে গাছে দিবা ফক্কি কুন গাছ কুন গাছো
/kaggle/input/regspeech12/test/test_sylhet_0222.wav,চাকরি খরিয়া আমার প্রেশারটা যাতে থাখে না খওস লাইফে ফাশা করি যাইলে আরেকটা বিল থাখে ফরে আমি ওউ টার্গেট লইয়া মনে মনে ফড়া শুরু খরছি আর আমার বাইয়ের আমারে খুব সংযোগিতা খরছোইন ই ক্ষেত্রে আর ভাবির
/kaggle/input/regspeech12/test/test_narail_0120.wav,তুমি খালি আমাদের থাকলি অলো সংসার করবা না আমি নি সংসার সেটা কোনো বিষয় না বিষয় তো ওই আমাদের না কি এতো কথা দরকার নাই সে তুমার সংসার আগে লাগানোর দরকার নাই লাগাচ্ছি না কিন্তু আমার সংসার টু আলো জেলায় দিয়ে
/kaggle/input/regspeech12/test/test_narsingdi_0068.wav,কই আমিও ক্লাসের মাইয়ে বলে আগে মনে ক আগে বেস্ট একের মায়ে বিখ্যাত কইরা লাইছে যুগ সমাজ আর নৈতিক অবক্ষয় এগে মইদ্যে টিসিস দিছে হইলে কি অবস্থা এই গেলো বার রানারা বাবার রাখবো
/kaggle/input/regspeech12/test/test_kishoreganj_0158.wav,পা কাডালে মেয়েডা আমার কি কখন সকালে আমরা কন সকালে ঘাসের উপর বিদ্যুৎ বিন্দু পানি জমি থাকতে দেখছি আর সালে না বন্দু বিন্দুফানির মদ্যে দেখছে হ দেখছো না দেখছি সানি দেখছে না বন্দু বেশি
/kaggle/input/regspeech12/test/test_sylhet_0584.wav,তা খইতাম ফয়লা ফয়লা তো জাহান সারে ফড়াইতাম এখন যান তারার ডিমান্ড তো জানছ বেশি বেটার ফাছ আজার নিছি মানে না আর টেখা তেকি বলা ওইলো গিয়া হে নানি তো বাদ স্টুডেন্ট তা সবার কিচ্চু নাই উজা ধরছে আর একসাতে অয় না মানে আর খতো ইগা
/kaggle/input/regspeech12/test/test_narsingdi_0100.wav,এডে কী করমু সাজার ওই যেইডাই বাদ দে ঈদের ফরে তো বুনছে যাওয়ার চালাক নানু বানি ওয় না না আর আর কই ঈদের সালামি নিবার নাকি আমাকে সালামি
/kaggle/input/regspeech12/test/test_narsingdi_0131.wav,ছুডুবেলা আবার বাতা লাগাইছছ তো ইতা কি ছুডুবেলা ছুডুবেলাতে আম্মার মতো কিওর বাচ্চা মিস নেতারও না বা
/kaggle/input/regspeech12/test/test_sylhet_0309.wav,ওউ ওতা ফান করি করি বা আসলে তো তে গেছোইন তারা বাড়িত দুইও ফ্রেন্ড মিলিয়া বাড়িত গেছোইন তারার বাড়িত আগে গিয়া আব্বা আম্মারে বুঝাইছোইন যে তারারে কালকে বিয়া দিলাইতো তারা খয় কালকে বিয়া দিলাইতো কী কিতা কুনু প্রিপারেশন নাই আয়নি কুনু প্রিপারেশন নাই যত ফাশ ওর বর লাগতো না কুনু প্রিপারেশন নাই তোমরা খইলো বিয়া কিলা বিয়া অইতো
/kaggle/input/regspeech12/test/test_kishoreganj_0088.wav,উজা হে হেইদিন আবি না জমিন যা ফানি খাইছছ হ কেমুন লাগে হ ফানি লাগে বেচে না কি নিয়া লাগে মক্কা তোমারে কে মাংনা মক্কা মাংনা মোদির মদ্যে আমি ফানি কওয়া মদিরেমদ্দে ফানি নাই মক্কা তে মক্কা মানে মানে না কাহ
/kaggle/input/regspeech12/test/test_narsingdi_0072.wav,করতা ছিলো তারে এইডার খাতার মদ্যে কি লেহা এই ডব্লু সিরাম আলাদা খাতা ন যায় কিলা তার খাতার মদ্দে কি লেখা লেখা রে ডাব্লু ই করে কিত্তা করছে ইডা জামা খরে আইছে দরবার
/kaggle/input/regspeech12/test/test_sylhet_0457.wav,আমার তো ছাতা ইবা না আমার ছাতা ওরা সব আছেনি আমি নিজেও যাই গেলে তো বাইর বুয়ালো আমার সেইম ও অলা ও কাহিনী আমার বাইয়ে খইবা ওখন আমরার হু আছলা যে না আমরা রুজা ওতার লাগি আমার আব্বা তো তার আমার উফরে ভুগুল আমার বাইয়াইন
/kaggle/input/regspeech12/test/test_chittagong_0123.wav,ফরে না তুন মনে কর দাত টাহাইদ্দা দাম গু সাদিয়া আর কিছুই ইন্ডিয়ার ফরিক্কার ফরে আই যাই হ এইদিন ওটি গেইসি দি টুত গরি রাহি পা জ্বালাত জ্বালাইছে সাল বানাই ফালাইয়্যে
/kaggle/input/regspeech12/test/test_sylhet_0397.wav,চাইরের দূরে ফরে লইয়া ইসময় আমি যে এখলা খেলা সময় নাই ও বাসাত আর এখন তো বাজার দৌড় যে অবস্থা কিলা অবস্থা ডা সেটাও না বাজার দর নিয়া খেলার দৌড় আল্লারে বাবা এইতা তো খইয়া লাগা সব কাক দাম বাসা বেলা ক
/kaggle/input/regspeech12/test/test_kishoreganj_0022.wav,চাইর দিন মক্কা লক্ষ কি চিলক কা দাম কবি তিন চিনবো ফরে আমরা ফেরা অইছে এই যে যাওয়ার তলে নাম কি ক কি কুড়াতলা বসা বুজাইতাম চিনা ফায়ালছে না তা তো সবচেয়ে ওক ভাসতাছে না তুইন না কইতাছস এর লাইগা তো খাতা কম মনে বে লাগে অহন এইলা আমার চিনছে না আমি কই ইলা লইক্কা হ্যা হঠাৎ একদিন সামনে ফাইলে
/kaggle/input/regspeech12/test/test_sylhet_0190.wav,মোটামুটি বাইশ তেইশ জন সদস্য আছিল ফ্যামিলি জয়েন ফ্যামিলি জয়েন ফ্যামিলি ইতা ফ্যামিলির মাঝে যেমনে আনন্দ আছিল এমনে দুঃখ আছিল মাঝে মাঝে ইস্কুল তিকা আইয়া ফাইতাম বাত শেষ তে ইয়া একটু একটু তাখতো
/kaggle/input/regspeech12/test/test_narail_0118.wav,খুলনা আসো খুলনা যদি থাকতো তাহলে কি আমার ওই কয়দিনির ভিতরে আমার একটা যদি একটা পজিশন তৈরি হয় আমার ব্যবসা বাণিজ্যের আমার একটা অফিস নিয়ার পরিকল্পনা আছে মানে এহনো দার করায় নাই পরিকল্পনা আছে ভবিষ্যতে ওই কোম্পানিত একটা অফিস নেবে তা
/kaggle/input/regspeech12/test/test_narsingdi_0033.wav,আর কিছু করার নাই বান্দে থাক ম্যাচ দেখ এহন এই যে গুজরাট ব্যাটিংয়ে নামবে দেখ এহন গুজরাট জিতবে বেটা লাক্ষ্ণৌ বোলিং ইউনিট দেকছস কেমনে জিতবো এক মার্কেটে সব উইকেট নিয়া নিবো দেখ এহন দেখ
/kaggle/input/regspeech12/test/test_barishal_0001.wav,আর বিশটা টাহা দিছি এর পোলার বিষ্টে টাহা দিছি পোলার বিষ টা খাইয়ে অর বিষ্টি হা নিতে অইছে টাহা বাওয়াতে লইয়া এমন বাপে হিরি দি ডাইনি যে ধরছে আরে চাইর পা ও স্যারে এই না রো ছুডে যাওয়ার চেষ্টা করে পারে না ঘোরতে করতে দৌড় ডা পড়ছে দ্যা ফর আইয়ে
/kaggle/input/regspeech12/test/test_narail_0037.wav,মনে অয় ও মনি গে তো চলে ওই ফাশে দি মনে তো ছেলো ওই ফাশে তুই তো স্টিলের রইছিলাম না মাছ আমি ওই টুকুর খবর কতি পারবো ওই যে
/kaggle/input/regspeech12/test/test_sylhet_0411.wav,আর লাম্বার আর তারা মা তে লম্বা তারার ভাষাও মেডিকেল ওই তারা ওসমানি মেডিকেলোর খাম কিন্তু তাই তাই দাদির বাড়ি গেছি দানির বাড়ি আর নানির বাড়ি এক জাগা বুচ্ছো না তারার বাসা দেখেন আইছে এখন তাই তো গেছে গি ভিন্ন এখন আমি তাইরে ফাইয়া হবায়দি লইয়া আইচ্ছি
/kaggle/input/regspeech12/test/test_narsingdi_0101.wav,সালামি সালামি কেউ সালামি দেয় না ভাই মশলা চৌধুরী দইরার মইদ্যে দিয়ে দিছে তো হেইডা তোর শপিং টাকা দিয়া দুই হাজার টিয়া দিছে সিনিয়াস একটা টেয়াও আমার তো ভাই তো টামার ছা আমারে যে দিছে আমি হেন্দু ভাই ভদ্র ভাগ মারা তুলিয়া লাইছে হেরি না আবার ডাত ছে ভাই আস্তে কও
/kaggle/input/regspeech12/test/test_chittagong_0134.wav,আর যাবার রাজি আছে আঁই কি গোল আছে নতুন হল ফতে ফইরগি যে সময় যদি খতা কি হরে বালা লাগে না না দেখি তুইল্লা বা ইয়া যায় কইলাম না করছে বলতে খরদে ইতারার এনে ঢাহাত মাত্র অইছে দুই তিন দিন ন দে খরদে তাক না তারফরে আন্ডা আইবু
/kaggle/input/regspeech12/test/test_chittagong_0038.wav,এডা কি ফড়া লেখা চাই চাইরি হ ফলের ন অয় না আড্ডা বাদে এবার আন্ডা বাদে অইছে দি আঁরা দিসে কেডা যে আমি কি বাত্তি চাই তো চাই আর কিন্তু হইছেলাম নাই বেতন কাই চাডি কি দিস না হ এডে এই সেতুর চলে হের
/kaggle/input/regspeech12/test/test_chittagong_0153.wav,আঁর বান্ধবীর অই রইয়্যে অ আইচ্ছা অন্য বান্ধবী বেরেন রে শাহিন না রে টাহা পরানডা আবার মামার বাড়িত গেছে যে সময় বিয়াত গেই ছুর আর কে যে দি
/kaggle/input/regspeech12/test/test_narsingdi_0053.wav,তলে তো বড় আগুন লাইজ্ঞা লাগি এই যেন নাই তো আমরা ইউজ করি গুড গুড গুড গুড গুড নাই গুড নাইট আমার মন সার করা উচিত দেই আমি গুড নাইট একটা তিন তারিখ ইয়া মেগের ভিতরের লগে বাদা গবির ক্ষেত দেই মহা মহা লা
/kaggle/input/regspeech12/test/test_chittagong_0088.wav,ফল ই মানে সেই সেইট তারফরে এই তো জিনিস মানে কম্পিউটার শিখা মানে কম্পিউটার ফরিক্কা দিছি ফালার ফরে ইতে ফার্স্ট গ্লাস আইলে কি সেকেন্ড বারের মদ্যে পাশশা ইতি শিখা তোরার মাঝে মানা নাই এহন কি মানে তুই যদি ফরিক্কার ফরে শুব তোরা এব্বারে ফিরি শিবম পরে বুঝে
/kaggle/input/regspeech12/test/test_rangpur_0051.wav,হুম হয় সবাই মানে নিয়া সবাই সবাইর হাতে সার কি না হ কাছে কেউ কারো ইয়া নাই এলা ওই যে ক যে খাইছো মেটার আছে ফরে যতো আইজকা এলা খাইম আর মুই আগোত ঠিক করছে নো
/kaggle/input/regspeech12/test/test_narail_0125.wav,সেখানে মানুষজন হামার মতো মানুষজন খুইজে বেডায় আমাগে তারা আবার পরবর্তী যে ডাকে আর তাদের কাছে যাই গা তোমার তোর তোর ছবি টি টি ফাশা রাখিস ভালো তো আমারে তো সার করিস না প্রিপারেশন গানের কলি দিছে আমার গানডা অনেক প্রিয়
/kaggle/input/regspeech12/test/test_narail_0086.wav,না তুমি তো বুলে ওই গেছে আমি বুলে যাই নি আমার এই বুলে গেছে আমার ওই সবাই বুলে গেছে আমি ঘরো বুলে যাই নি তা কচ্ছো কি দি ফোন দিছি কতা কচ্ছো আমার সাথে আবার সবাই কতা ক
/kaggle/input/regspeech12/test/test_sylhet_0544.wav,আটা বালা ওয় তার হে তো বুদ্দি কি না আমার তো ফড়া ওইছে ফড়া ফড়া কিতা কিতা খরছে তোর প্রাইবেট ফড়া রায় না কি লইয়া গেছে
/kaggle/input/regspeech12/test/test_kishoreganj_0056.wav,হ্যাঁ খালি অংক ফরিক্কা সবাইরে হ ও আইচ্চা দোয়ান কইলে কাওয়ার এমনে
/kaggle/input/regspeech12/test/test_rangpur_0088.wav,সমস্যা হইবে সমস্যা কী হ সেইটায় তো সমস্যা সেইটায় তো একটা নাম তোর নাম কী দেলোয়র মণ্ডল ও তোর বয়স কত চইলবের লাগছে এলা
/kaggle/input/regspeech12/test/test_sylhet_0009.wav,কেমনে কিতা গতখালকে নিয়া কি না ক দিন মানে কিরখম ফালন খরোইন না খরোইন আর কুচা আর কি বুজার প্রথম দিন আমরা আগের দিন রানি মার মিস খাইতে অয় না আমি বাচ্চা আর সিলেটি ভাষায় বুজার প্রথম দিন আমরা আমি খাই খাইয়া প্রথমে ফরের দিন ঘুম থেইক্কা উঠিয়া
/kaggle/input/regspeech12/test/test_sandwip_0091.wav,এবার মাইয়া জাইননি গেছে আঁই তো আর মোরা আঁরার চোখের খাইন না ইয়া দুনিয়া দে না মানে কাজ করে মানে কাজ করে না না না বা না তো ইয়া মনে অয় এক্কেরে রাইতে রাতটা নয়টা ফইরজন্ত খাজ আর কিছু কুনগা খাওয়া না মইন্নার কইরা কিছু
/kaggle/input/regspeech12/test/test_sylhet_0370.wav,এই স্বফনো নিয়া বাচ্চা বালা তোমরা বিলিফ খরবায় কিন্তু আমি জানি না আমার ফার্স্ট ব্যাপী যখন প্যাটে আইছে আমি জানতাম মনো যে হে আইছি হই দা ওডে নি ফিংকি মানে এখটা বাচ্চা আইবো তার লাগি তো এখটা মেন্টাল প্রিপারেশন লাগে তোমরা তো দেখলায় যে আমি বিসিএস এর লাগি যুদ্ধ খরিয়া আমার কিন্তু কুনু ধরনের ইন্টেনশন আছিল না তখন বেবি নেওয়ার তো আল্লায় দিলাইছোইন আমি
/kaggle/input/regspeech12/test/test_sandwip_0023.wav,অনের কি ক হিসাব কিতাব নাই উগগা হোলাইনের সংসারি বা একটা ইয়া আছে না ইয়া কেরে উগগারে নাই যিয়ান আছে মা ফার অইছে একদম কতার হেতের মাপ কাঠি চল আরে হেতের মাফ কাঠি হেতেরে উগগারে হলো আন্নের চলার মাপ কাঠি হেয়ান তো মানে বিন্দা জীবন কাডাইতে ইবে তো খাইবে তো হাইবো তো হোলাইনে খাইবে হ না এমনে ইয়ান খা রুজি কইল্লে ইয়া কইল্লে হাডা দিবা আন্নে মার কাটছি
/kaggle/input/regspeech12/test/test_narail_0161.wav,প্রতিদিন কয় এই সমস্ত উনার ব্যাথা অলো উনার চোর সমস্যা উনার মাজার সমস্যা তাইলে এমনে আরও কতো রোগ আছে তা ঠিক আছে চোখ দে জল পড়ে আর ডায়বিটিস তো আছে মোটামুটি বাড়ি করে ডায়বিটিস ওইছে ডায়বেটিসঅসুস্থ আমাকেকারের তে দায়
/kaggle/input/regspeech12/test/test_sylhet_0356.wav,কিচ্ছু নাই কিন্তু তার মজে না কিতা ওইলো গিয়া আমরার মানে বিয়া ঐতিহাসিক কাহিনী আফনারা প্রশ্ন খরা লাগছে না আফনে যেলা মানে গল্ফগুলা মানে লাগতাছে যে চোখের সামনে দেখতাছি ফুরাটা কাহিনী আর
/kaggle/input/regspeech12/test/test_sylhet_0066.wav,খরতে ফারমু তো আমার সময় নাই বা টেখা নাই বা তে তাইন খইছে না আমি দিমু টেখা বর্তি অইলে আমার আমি খই না খতো হেল্প নাই তা মানুষের গাছ থাকি দিছে খরবো বাফ আছে বাড়ি তাকি অবস্থা মানুষের কাছ থাকি হেল্প না অনে খতা মনো খরবো আর নিছে না গ্রামোর বাড়িত মানুষে খতা খই তো মুখে দিছে ওইবো নিজেরও মাইনষে খতা খই না কোনো কিচ্ছু না
/kaggle/input/regspeech12/test/test_sylhet_0110.wav,আফনে আব্বায় কিতা খরতা আমরা খে এট্টু গিয়া ঠিক কাজা রাখলো আইচ্ছা ঠিক আজা রাখলো খতা খরবা কা বছর খরতো না রাস্তা আবার তিকাও ঘর ইতো আছলো গা তাহে বাই মাইয়া মাইয়া আইছে তাখে কাকি কেউ নাই না আমার গুষ্টির কেউ নাই ইবার
/kaggle/input/regspeech12/test/test_chittagong_0068.wav,আঁই ন হই ইয়্যান ন ফরে উডি হ্যাঁ তাইলে একটা খাছ ঘর দেখা তো আইলে হুম বাচ্চা আইস না আর ঘুরা ধুয়া আছে দুনো লাউ দলের গায় লইয়া হোকগা টুলই তারফরে তোর বাসাত দিছিলা আইয়ে
/kaggle/input/regspeech12/test/test_comilla_0029.wav,ইখানে ওইখানে ওইদিন ই ঘটনাটা ওইখানেই সমাপ্ত ওইয়া গেছে যদি একটা পুলিশ কে ওইছে তো তাইলে অবশ্যই তদন্ত হইতো একটা আইছি যদি থাকে সুন্দর তো
/kaggle/input/regspeech12/test/test_barishal_0013.wav,কান্ট্রি এমন কোনো ডিস্টিকের লোক নাই না আসে মামা মানে এই খোসের ডাক্তার আইছে আমি তো ই করি না আমার মায় হেরা কইছে আর কি কালকা ই অর ভাই আমার উল্লাহ আবার
/kaggle/input/regspeech12/test/test_noakhali_0026.wav,রড লাইক বুজ টিম লাইগবো মুই যে তে আছে বড় আমার যেন জিজ্ঞা কয়দিন অরে রাতে না আইবো নাই দে দে চান কইরা তো মগা গাড়ি দেয়
/kaggle/input/regspeech12/test/test_noakhali_0018.wav,না নো হ টাকা রুমারে দিছি অন হিগা কে দিবো নি কার বাপের
/kaggle/input/regspeech12/test/test_narsingdi_0135.wav,ছুডু তারা আমারে সবাই অনেক ভালোবাসা যেমন আমি লগে চিন্তা করতা আছে আমি ভালোবাসা মানে কি ভালো একটা বাসা না স্পেসিফিকলি ব্যাখ্যা দিয়া ক আমি ফারি না আমি যে বাসায় মানে আগে থেইক্কা গ্যাস বিদ্যুৎ বানি সব কিছু লাইনডা থাকে সব কিছু সাজে কইছে কি থাকে এইডা কি একটা ভালোবাসা বলে
/kaggle/input/regspeech12/test/test_narsingdi_0069.wav,ইয়ান কেমন গুন্ডা মালির অভাব আছে রেজাল্ট যিমুন ভালা স্কুলের ইয়াও হিমুকিছুদা গিয়া সমে থাহে না অইলে কয়দিন আগে স্যার আয় স্যারে বা স্যার আই আস্তে স্যার উনসুনা
/kaggle/input/regspeech12/test/test_habiganj_0026.wav,আর ফুল কী দেওন লাগবো না দেওন লাগতো না ফুল তো ফুল সুন্দর্যের লাইগগা ফুল দিলে একটা নিজের ফূজাডা দ্বিতীয় বাল্লাগে সাজাইলে ইটা মনডা উপর ফুল থাখে ফুলডা দিয়া সাজাইলে পার্থনা খরতেও বাল্লাগে সুন্দর লাগে মনে একটা প্র শান্তি আয় একটু একটু গভীরভাবে ভাব ভরতি অয়
/kaggle/input/regspeech12/test/test_sylhet_0518.wav,গাড়ি জালা আর দিন দরি দরি নিয়া না বালা খালকে দেখি দেখি কেমনে নিজে আর সাকিবের তো আমার ফরিক্কা দুইটা দিতো জুতা না দিয়া ফড়িছে ন কি তো আশা খরি মান সম্মান ভাবছে
/kaggle/input/regspeech12/test/test_sylhet_0093.wav,ও মানে টাইম কাজে টাইম টাইম ছাড়া টাইম ছাড়া টাইম কত দে মানে আমার দেয় রে নি এইটা আসলে নরম তো অখন একটা বাসায় কাটা বিকাল থাকে হেই ও সাতশো দিলে ধরো একশো টেহা ও দেয় দে দে
/kaggle/input/regspeech12/test/test_chittagong_0083.wav,আঁর গো ফু বিলাই ছিলাম দে আঁই তো মনে কর যে আরডি তারা ও তো গিয়্যে না তা নো আইয়ে জামাই কান আছে বালা কি
/kaggle/input/regspeech12/test/test_sylhet_0626.wav,খবে ছাব্বিশ বিশ থিকা জর খরতাছে আমি আমি আমার খানে মাতাত আইতাছে জানি ইদান মাঝে বাইরবো ফরে দি কি জিগাইছিলাম খইছলো ছাব্বিশ সাতাইশ ছাব্বিশ সাতে তো ছাব্বিশ সাতাইশ কাহিনী এখন বুদ্দি না তারা এক বছর রান না নি তার বইন ছুটো টা তাই না তাইর কাজওই না কি জমা মামা ওগোর বিয়া ওই গেছে
/kaggle/input/regspeech12/test/test_sandwip_0103.wav,হ্যাঁ কিনা বা নাম দে কি অইছে না যা
/kaggle/input/regspeech12/test/test_kishoreganj_0036.wav,এই মুবাইল আমার হরছে হবে নাকি ফরছে অই যে মুর এইডা বাড়িত বইতাম মোবাইল দিয়া আর না আমার জির সামনে তবিশউল্লিশ মোবাইল সবে থ্রি থ্রি চব্বিশ উল্লিশিছো বিশ উনিশ
/kaggle/input/regspeech12/test/test_chittagong_0114.wav,হ তো গেছে কি কইকি লাব দেয়া ইংকিললনাই তোরে ফরে ফেসবুকর মেসেজ গরিয়ারে খইয়্যুম না জীবনে ভালা কন্না দেয় দরো না কিল্লাই সমস্যা অরদে
/kaggle/input/regspeech12/test/test_sylhet_0744.wav,কিতা না আমরা খষ্ট আছি আবার আসন সাদা দুটি আছে না নি ফিন বা মনে খরো না ছিন্তা নাই ইখান খাসি অখন খইয়া লইয়া আচ্ছা দেচ্ছে আরো খইবা অখন আমার লইয়া আইবো ওখন আবার দুই
/kaggle/input/regspeech12/test/test_sylhet_0258.wav,বাইয়েরা কোচিংও দিলা আমি যদি বার্সিটিত চান্স ফাই না তাইলে তো ও সব ফরিশ্রম বিদা ওইবো তো ওতোক্ষণ ফর্যন্ত ফরিশ্রম যেসব সুন্দর কুটাত আইবু আমার যেমনে
/kaggle/input/regspeech12/test/test_habiganj_0104.wav,সাজি সব বাড়ি একটা জার জিরা আঞ্চলিক ভাষায় বালা লাগে আইছে ও কি লা মেস বালা তা ক
/kaggle/input/regspeech12/test/test_tangail_0116.wav,তো তার কাছে লইয়া দেখাইছে পাঁচ লাখ টাকার ফুরা ক্যাশ যে করছে তার কাছে নিয়া গেছে সে তারপরে হের কিছু সেলাই দোকান ব্যবসার কিন্তু বিজনেস শেষে টাকা বাসায় নিয়া যায় কিন্তু এতো বড় বড় এই কেনো দোকানে রাখছে আমি যাই না তবে একটা লোকরে দেখলাম যে সিন্দুর মধ্যে টাকা
/kaggle/input/regspeech12/test/test_sylhet_0757.wav,ফড়লে কিতা ওইবো বালো অইছে না যে মনো খরো আর উফরে বরতো আমরা খতা তা নায় না ফান গেছোইন নানি আমরা ফারমু আবার বা জল ফড়া যেসময় যা ফট লইয়া ফলস লইয়া ইগু আমরা ফারতাম নায় তারা যেরা বিবাহিত যাইমু লগে
/kaggle/input/regspeech12/test/test_chittagong_0026.wav,বেত গুলা খানত কী অইয়্যি ডাক্তার আছিলো গিয়্যন অইয়া অরি হ তো মাইনে তারা বেয়াকগুনে কী কী যে আছে ওডি তারা খোনোরখম ইতারা অ আর ডে অইলে এডে গুরা দি মোবাইল অইলে অইলো বই থাহাই দেরি
/kaggle/input/regspeech12/test/test_tangail_0093.wav,সাহায্য করতে যায় ও ফরে আস্তে আস্তে কতা টতা হয় পরে ওদের মধ্যে উন্নত হয় রন্বীর কাপড় আস্তে আস্তে সখি না প্রেম পইরা যায় কিন্তু ছোখ না ওরে ফ্রেন্ড হিসাবে ভাবতে থাকে সখি না ভালোবাসা ওইলো ইমান মানে সালমান খান যে বাসায় আরকি মেহমান হিসবে ছিলো
/kaggle/input/regspeech12/test/test_comilla_0025.wav,এরপরে দুই তিন দিন ফরে ও খুব ভয় পাইছে এবং এই দুই তিনদিন পর পরে ওর মা ভয় থেকে ওইদিন রাত্রে বেলা ওর ঝর চলে আসছে আর পুরা এক সাপ্তা মানে একটা ট্রমার মধ্যে ছিলো মানে সবকিছুতেই ভয় পাই তো ইয়া করতো আর আমাদের বাসা ওর বান্ধবী দে একটা গিফট আছে
/kaggle/input/regspeech12/test/test_narail_0047.wav,বুঝছিস এইটুক আমি শুনিছি ওই সিস্টেম কিন্তু ওই সিস্টেমে তো পাওয়া যায় না আর ওই সুময় যদি দখল করতো বালি তো তালি তো এখন ও সিস্টেম আমি তাই শুনিছি যে ওই যে উরা যে বাগি যেহানে সেই বাগি
/kaggle/input/regspeech12/test/test_comilla_0003.wav,ইনকাম কি বারতাছে ইনকাম তো গুরতে পারছে ইনকাম দেছে ইনকাম দে বারতাছে ইনকাম তো আর তো আর বারে না এই সেই ই ইনকাম ও
/kaggle/input/regspeech12/test/test_narail_0101.wav,ওই বিপুল বাবু বিদেশে থাকতি তুই আমি খুলনা ইচ্ছা ডাক্তার দেখাই ছিলাম মনে হইছে আড়াই সব যেত্তে আমার থাইয়েরে ধরা পড়ছিলো নিয়া আমার কি অইছে যার নিয়া দেখছি দরলাম না ছিলাম আবার ডাক্তার কাছে নিয়া ডাক্তার দেখাইছি আমার থায়ে নাই
/kaggle/input/regspeech12/test/test_sylhet_0665.wav,তান তার বউ এইনো আছে শিক্ষিত সব বড় শিক্ষায় দিক্ষায় আছে আমরার ও বউ শিক্ষিত আছে শিক্ষায় দিক্ষায় সব পায় আছে আর অখন তো গুরা সময় দুক্কোর দিনও আইবো শুক্র দিন তো গেছে ওখান তো শিক্ষার দিন গেছে অখন তো দুঃখের দিন দুক্কে শিক্ষা আছে এক
/kaggle/input/regspeech12/test/test_rangpur_0068.wav,ইয়া ওতো সিলেট যা থাকে না না শোনবে আর চিয়ারের সুমা সি দিলি কতা থাকে না হুম থাকে তা থাকপে না অয় সিহেরির সময় গা ও করিম বাইগোন ওইগলা ভাজিম ওইডার গেছেগা
/kaggle/input/regspeech12/test/test_sylhet_0735.wav,হ এই সময় আছে না নি একটা জিনিস মি লাগলে খা ফারবায় তুমার যে চায় দল লাগে মানে যদি সময় পড়ি যায় তো এখটা সব না ওই সময় তো আফনার উপকারটা খয় তা পুরা তো আর তাই ফিতা সময় মানে যে চায় দল আগে
/kaggle/input/regspeech12/test/test_chittagong_0126.wav,সুর ন সুর যদি মানুষ না থাহে সবচেয়ে বালাই লেখছি কিন্তু ও কালচার একই আছে কিন্তু এমনে মানুষ স্টেশন আর না মারে অনে বেরি ওই দেখছি
/kaggle/input/regspeech12/test/test_sylhet_0216.wav,ছতুর দিকে প্রায় পাঁচ ছয় গ্রামোর মাঝে এখটা মহিলা চাকরি জিবি নায় ই জিনিসটা আমার সবচেয়ে বেশি পেইন দিছে যে ইটা ভাবে যে আমরা এমন এখটা এলাখার মাঝে বড়ো ওইয়া যেখানো কুনু মহিলারা ছাকরি খরে না সবাই বিহা ওই
/kaggle/input/regspeech12/test/test_sylhet_0691.wav,বাই তো তো ইচ্ছা আছে আর তুমি আমার মনো কিতা আছে পড়া লেখা ফড়া তো বাবা ফরে তো আর ইতা তো পড়াইলানি না তো
/kaggle/input/regspeech12/test/test_tangail_0033.wav,যে জাগায় দেখা অইছিলো ওই জাগায় যায় তার পাশে যে একটা আছকের মার্ক ছিলো ওই জাগায় জুন ঠান্ডা বার পায় পরে তারা এক অভারে ভালোবাসে আর এডার একটা পূর্ণতা পায় তোরা অসাধারণ ছবি রে যদি না দেখা হয় তাইলে আরকি বুঝা যাবো না যে মানে
/kaggle/input/regspeech12/test/test_sandwip_0045.wav,কইছি মনে হরি হাইতো ন হরিরা টান তুলে দিবেল্লাই সুন্দর হরির গরে দিলে নানি হরি রে দিলে দিয়া বাজবো তো আঁর ইটা চুরি দিয়া তো আই হইতে না তা নানি দিতে ই
/kaggle/input/regspeech12/test/test_sylhet_0161.wav,ছুটু আছলা তো বাসের বানা খইলে শিবগঞ্জ খাছেইতো শিক আমি তো যে তো বাই কইস না আফনার কিতা খরে না জাগা আফনে না না কি মানে কিতা খরতো যদি হুম তাইন যে রাজা তো গাত কুদা আছিল বাসা বানায় দিছে
/kaggle/input/regspeech12/test/test_rangpur_0097.wav,গাই গরুর গোস্ত যোন নরম হয় না গাই গরুর গোস্ত বুড়া গরুর গোস্ত ন হ শক্ত আর ওটা জাল দেওয়া লাগে মেলাক্ষণ হ খাইতে পারি নাই এখানও খাইতে পারি নাই
/kaggle/input/regspeech12/test/test_barishal_0047.wav,সহ্য করতারে না বা গাড়ি কি মার সম্পর্কে কি হলো মার বাড়ি দারের পার্টি ওই হইলো জামা এড্ডা কালা চেনেন এই জামা এড্ডা কালার যাস আডি বেশি হাগ কামড় দিলে যদি ভুইলে তেও খাইয়াও হালা গাছেরতে ঝামায় এড্ডা আডি কামাই খাওয়া যায় নে
/kaggle/input/regspeech12/test/test_sandwip_0122.wav,শাদির মাইয়ারে দুই মাস তিন মাসের বড় আই অইলে হুম শাহ জাতি তো তিন মাসের বড় মাইয়া তো এমনে মানি লম্বা টম্বা তা আইছে আমি কই হ মাইয়া মাইয়ারে খরার লাইন সার দি আঁই ফাইছে
/kaggle/input/regspeech12/test/test_kishoreganj_0079.wav,না আছিন না আস মাছে ফাতি আছ চা কালাম আছে চাইটার দাম আছে কত অইবো দইরা
/kaggle/input/regspeech12/test/test_barishal_0101.wav,বা দুইটা বেলা দুইডা ওই বেলা না তিনশো টাহা দুইডা বালা ইতা হালায় দিছে না হেই তো ইটা ফরে না খাই বেল দিছে কই কি এহন রাজা আরে আমি কইছি ও দুই তিন জান সার্বজবানা খাই ওই দুই কামে আহে
/kaggle/input/regspeech12/test/test_sylhet_0184.wav,খরা লাগবো না যায় নানি না আমরা ফুরি অনার্স ফাইনাল ইয়ার তো ওই থিসিসের কাজে মানে একটু কি ইতা লাগবো এই যে টাকা টাকার কিনা নিছে গিয়া প্রতি বেতন লেখা লাগবো তো ইখানো রাস্তার পারে থাকিয়া বানা তোমার
/kaggle/input/regspeech12/test/test_chittagong_0018.wav,অ গইজ্জি তুই গইরগুস না হ গইজ্জি তো অ ফায়ার হাটা কি অবস্থা তুর অ ওডি কালার খতা খ দে ফরালেখা গুন যাইতে বাবি এত্তে আকাশ পাতাল বা দেও দেরি আর ফরালেখা করতো না আর
/kaggle/input/regspeech12/test/test_sylhet_0655.wav,আর বাড়ি টারি আফনারা নিজেরা ইগুলা খরছোইন ইগুলা আফনের তর তো আইছোনি নাই শাকিতা খরোইন মানে তাকি তাইন কিতা খরোইন ছাখরি
/kaggle/input/regspeech12/test/test_kishoreganj_0084.wav,যেইডা বইলে বাইদ্দা আটটা রাগা ফরে গাড়ি যাইতা আইন্না আমার আগরা আই এই
/kaggle/input/regspeech12/test/test_narsingdi_0049.wav,আর মাইনষে চিল্লাইতেছে যে গা না বইন বিদা কিন্তু তারফরে কয় দেখছি যা দেইখা মারে গিয়া রাখ দিছে মাঠ মাইয়া দে উঠছে না বাবায় মাইয়া গে উঠছে মারে উডাইছে ফারে বাফ ডা গেছে উফ্রে আত্ম এট্টা বইয়া করছে ফুরা তো কি আর কার বর্গ শান্তি অই যায় গা করে অনেক খারাপ জিনিস
/kaggle/input/regspeech12/test/test_tangail_0105.wav,তো আমার মনে হয় এইতা একটা মানে এই মুবিগুলা দেখতে দেখতে কলে ভালা লাগবে আশা করি সো ইখানেই আমি রেকর্ডিং স্টপ করছি
/kaggle/input/regspeech12/test/test_narail_0041.wav,না না তো ওরে বলডা মিডা এই দুজনে অনেহেই তোরা দুদ কিছু ন দি বলে কাওরা এই দি ওই যে ইসি
/kaggle/input/regspeech12/test/test_barishal_0049.wav,ওর বাবায় মরার করে এহন মনে কর আমি সিলেটো করছি যে ধরেন এই কাম কাজ কইররা খাইয়া লইয়া ভালো আছি কিন্তু কাম হইবে কি একটা সমস্যা পারলে ওই মাইয়েডা হইছে সত্তুর হাজার টাহা গেছে মোর বরিশাল হালাইছি মন উন দেহে নাই কত ঝামেলার মইদ্যে মুই পড়ছিলাম
/kaggle/input/regspeech12/test/test_habiganj_0059.wav,ছুটু ভাই বুন আছেনি আমি তুই বড় আমার সব বাই বোইনে ছুডু ইতা জ্বালায় নি ইস ইতা তো তার খতা কিতা খইমু আমারে তো খালি আমার ছুডু ছুডুডায় খালি আমারে ডাখে বড় দি খইয়া আর আমার ফরে দুইডা যে ইতা তো আমারে ডাখে ওই না ইতা তো তুই তুই খইরা ডাখে দেখা যায় ইতা ওই বড় আমি আর কিতা খইমু আমার বইন ডারে যদি একটা দে আমারে দশটা দেয় আর ছুডু বাই মাজা বাই আমার ফরেরটা আমার দুই নাম্বার বাইরে আবার কিচ্ছু খরে না ইকটু বদ্র সদর আছে
/kaggle/input/regspeech12/test/test_sylhet_0116.wav,ই মদ্দে আইগা আর কুনু দিনো খাইতাম না একদিন খাইতাম আরেকদিন ফাশ থাকতাম ইগুনতো কষ্ট খরতাম ও তারা বালা গরোর মাইনসে দিতো বাদ দিতো চেয়া দিতো চা দিতো আমরা খাইতাম দি ভাইবোন খতা অত বছর দুই আমরা শেয়ান ওইছি বুঝইছে বাছাইন তো খাম খরি
/kaggle/input/regspeech12/test/test_chittagong_0079.wav,ভাই বুন আছে যে বেয়াকগিন তো আর কুনু বড় বড় ইতারা অনার্স লই ফরে সন্ধ্যা খানরে দি গাইয়ের চাইছে না চাইর নি তারার বেশ কা কেউ ন ফরে ইলা তা তোর লাই হারে দির ন জানি
/kaggle/input/regspeech12/test/test_tangail_0113.wav,তারা মাল উঠাইছে দোকানে এখন এই সবগুলা ফরে গেছে একদম মিশ্যা ওইয়া গেছে সি আসলে ইটা খুবই একটা খারাপ হইছে কি তুই মাসে তো ব্যবসা করে রোজার দুই মাস তো ব্যবসা করে না কি যে মানুষোর প্রথমে দেখছে টিক অতডি ফিকশন আছে যে
/kaggle/input/regspeech12/test/test_noakhali_0019.wav,হ্যাঁ আরেকবার কারে খানি মিডারেনি কে জানি টাকা দিয়ে গেছিলো আর হিয়া মারে গেছে ময়না ময়নারে বইন দুনুগা ভাগ করি টাকা রায় দিছে ক তোর অর্ধেক আর দে কিস্তি টাকা কিস্তি আলা আমার স্যারে দিয়ে গেছে আরে দরো মানে ভাগ করি অর্ধেক কতা আইছে মাস কিন্তু বেডা গাও
/kaggle/input/regspeech12/test/test_habiganj_0115.wav,সালামালাইকুম ভাই ভাল লাইকুম আসসালাম ভাই আফনার নাম নাম্মু সাল্লিন আফনের বয়স বয়স তি দিছি অইবো ভাই ভালোই আছে যে ভাই আছি হামলা ভালো তাইলে ভাই বাড়ির সবাই ভালা আছে যে ভালো আ
/kaggle/input/regspeech12/test/test_chittagong_0048.wav,ওরো বাড়িত খষ্ট নাই বা বুজ্জস ওর বাড়িত তো কন ফরতো না ভাই কেন জানছ তে তুই বিয়ে ওগগা গরিবার লাগবো কোনো ওইদে কী গরো বাড়িত জ্বালা মালা ইতা বাইক্কা বুঝি গেয়া কি আর না বুঝলাম ন
/kaggle/input/regspeech12/test/test_barishal_0065.wav,এহন আবার দুই দিন তো যদি খাই না ঠিক অই আইবে ভাতে শেষ সে বিষ্টি হইবে থাকুক কি কোনো মানুষ কষ্ট খারাপ তার
/kaggle/input/regspeech12/test/test_narail_0139.wav,আমি কইছি কালকে যদি পাঠায় দিতি পারে তা কালকেই পাঠায় দিন আমি তো না তো আরো খরচ বেশি দশের নিচে যাওয়া যাবে না এরম ওই তার মানে ইটালির কথা মাসুদ দুলা বাড়ি বলিছেলো চৌদ্দ লাখ হুদ্দা আইচ্ছা
/kaggle/input/regspeech12/test/test_kishoreganj_0176.wav,ছা নি দিয়ে ছা কন দিয়ে সেকেন পানি তা পায় হলো হলো না হ এটা ছোট বলা কইতাছি এটাতো লাল ইট তলা
/kaggle/input/regspeech12/test/test_sylhet_0041.wav,এইটা সন্ধ্যার সবাই সবাই আমরা ইখানো যায় সন্ধ্যার ফরে মন্দির সবাই যাইবো গিয়া শা মিষ্টি খাওয়া ওইবো আর মনত উচ্চারণ খরিয়া এইটা সবার হাতে হাতে দি এইটা সবাইর হাতে থাকে করছি খাওয়ার ফরে বিশুর গান প্রতম বিস্বর্জন করার ফরে শান্তি হাতে দেওয়ার ফরে সময়
/kaggle/input/regspeech12/test/test_kishoreganj_0101.wav,হুম এহন তো এই জাগায় কইছে না এর উদ্বিত্তা খাইদ্য বদ্দা ওই দিবের বিস্তর জন্য পানির উপর নির্ভরশীল নির্ভরশীল ঠিকাছে উদ্বিগকুন্দা আর পানি কুনাল ক
/kaggle/input/regspeech12/test/test_chittagong_0044.wav,ওকগোর নরমাল বাকি মোবাইল লগের সময় মাইর সম্পত্তি না এই জিনিস দুবে দিলে এরি এহন আতঙ্কে গুরো ইন আঁরতোনো প্রা ই না তার কোনো নদি নাবিলা নি ওগে ন দে খনা ইয়ো ইয়া আন্নে খইছে বেটি আঁর তুন বড় ফাকি এরে জোরে গেয়া
/kaggle/input/regspeech12/test/test_barishal_0005.wav,এহিন দিয়া বড় কতা এহেন্দে টান একটা আছে আমাগো দরজা ছাড়া ইয়া নিছে আর পিডা আয় আর কান দৌড়ে বাবারে আমারে এরম টানিছ না আমার বার চাপা ভাই হেইয়া তো মিডিয়াম দিয়া কতা অইছে বাস্তবের ঘটনা কিন্তু ওইয়া দেহায় শিক্ষার জন কিছু কাজে দেয়
/kaggle/input/regspeech12/test/test_sylhet_0376.wav,তুমরারে আমি রান্দিয়া যেই তোমরা তোমরা যার যার থাও ওই লাইবায় যার যার বিছনা ফাইলিবায় যার যার রুম যার যার ফরিস্কার খরিলিবায় আর তাইলে আমার কাডের মানুষ লাগতো না আমরা যার যার কাজ খরি দিমু তোমরা আমারে হেল্প খরলে আমি তোমরারে হেল্ফ খরমু ওলা আমরা মনো খরবায় যে ইটা একটা ম্যাস ইটা কুনু বাসা না ফ্যামিলি না
/kaggle/input/regspeech12/test/test_sylhet_0574.wav,আর সারা কিতা অবস্থা রে আশা তো না আছিলা কি গেছে বালা খইছে হেদিন কইলেন আনি সজীব র বিয়া ওই গেছে সজীবির ও তুই খইছে না আমি খইছি না আমি কমু আমি কিনারে খইছি না নিতা না খইমু আমি আমরার লগে ওই যে ইমরান আছে না নি মনো আছেনি তামিম টান বিয়ে
/kaggle/input/regspeech12/test/test_kishoreganj_0112.wav,আমার আঞ্চলিক বাশা শুদ্ধ ক হে যে কুনডা এইযে গাসের কা কেলা খই গোশে গাছেরে কা খুব আবার ইয়া গাছ কেলা আবার গাছের কাকা ফড়িং
/kaggle/input/regspeech12/test/test_tangail_0068.wav,এরকম একটা মানে অর অর যে ফ্রেন্ড যা আছিলো অগো আছে বলছিলো বরুন ধানের কথা পরে হাসপাতালে নেওয়া অয় কিন্তু মানে শিউলি মানে খুব কম আই চইলা যায় একদম পরে বরুন দাওন যখন জানি যে
/kaggle/input/regspeech12/test/test_kishoreganj_0071.wav,এই যে না বিটা দিয়া তে কাত্তে আমার তাকি মারিছে দিতে ফারোইন আনে না কি একটা মাঙ্গা একটা একটা ভাঙ্গা নে আরকি হ্যাঁ গোয়াইল তো ফালতা না না
/kaggle/input/regspeech12/test/test_tangail_0051.wav,দেখে ফরে মানে বন্ধ হইয়ে যায় আর কি এই সময় পরে ওরা ভাজতি ফারতে এই দুইজনে ম্যাক্সিকোর একটা দ্বীপ দ্বীপ নাকি তীরে আসে পরে মানে লোকাল আছে এইরকম জায়গায় আবার বন আছে
/kaggle/input/regspeech12/test/test_habiganj_0039.wav,তো ঝুল দিয়া রাখতো ফানি বেশি দেলাইতো ফরে দেখা যায় ফানসা ফানসা লাগে এরফরে দিকে আর সবাই কয় তো ফানসাতরখারি তা খাইতাম না মজা না
/kaggle/input/regspeech12/test/test_sylhet_0092.wav,তিন তালা যাওয়ার ফরে ফরে খইরা আর জাগা করে আবার টিভিত আই সিট এক ঘন্টা খইরা খয় আবার উডানো জারু দেই গাতাও দিয়া খরদে আবার শ্যাষ আমার কাম আবার আট নয়টা টি কি দরো তিন চাইর টা বাজে কিন্তু আবার যে কোনো জিনিস টিশন নাই
/kaggle/input/regspeech12/test/test_sylhet_0524.wav,বিয়া তো খুবই বালা গেছে বাট সমস্যা ওইলো আমরা তো থাকতে ফারছি না গেছি আগোর কিন দিয়া দিন আইচ্ছা চাকরি করা লাগে গেছি প্লেইন গেছি ফার্স্ট টাইম যার আইছি আবার ভাস্ট হুম প্ল্যান আছিল টানি
/kaggle/input/regspeech12/test/test_tangail_0044.wav,পাই যে প্যাকেজ ও আর কি কখনো এই ইন্ডিয়া ছাড়া যাইতে যাইতে ছিলো না পরে আর কি যাওয়া হয় পরে রাতে জাহাজে একটা সাগরের মধ্যে ঝড় শুরু হয় আর পুরা জাহাজের যা কিছু আছে সব পুরা ভাষায় নিয়া যায়া
/kaggle/input/regspeech12/test/test_sylhet_0731.wav,বিয়ার দিন রাইত দি চাকমা কষ্ট আফনারা কয়দিনের বাইশ জন করায় খাতাত লাগি যে সাপ্তা লাগে সাপ্তা ওই যে বা বিয়া বাই না তো দরো যদি খেউর আর যে নয় তে ধরেন কালকে ওই যা খালি ওই যায় তুমার
/kaggle/input/regspeech12/test/test_kishoreganj_0186.wav,গিন তো সবুজ গিন তো সবুজ গিন তো সবুজ গিন তো সব না দিরে পশিশ কন দি পয়জন মাটি উবি পশিশ না কিন্তু কিন্তু কইতে মাটি পড়ছে
/kaggle/input/regspeech12/test/test_habiganj_0101.wav,আছি কে ফড়া লেখা কেও লাগে আগে সিলায়া হুম তাইলে তো তোমার ভালোই লাগে আর্থিকা আয় না লাগে খালি মাইকো বায়োলজিডা বাল্লাগে না মাইকো কলেজটা বেশি কটিন লাগে
/kaggle/input/regspeech12/test/test_sandwip_0074.wav,কইবো অসুক বেশি কইরে কিয়ের আবার না অইছে আর চাকরি করি না মানুষের আবার কি আইচ্ছা ইচ্ছা তো এডে লইয়া আইছে বাইজ্জা য য গইজ্জো এক্কালে দেখি আফনের কও কাডি বা না না কাডি
/kaggle/input/regspeech12/test/test_chittagong_0168.wav,তুরে যদি খানা ইবে না তার এগুন তাইলে খইতু খনে ওইদে ইয়া খতা আবার ওটে লাস্ট দিয়া জিতা ওই যে আল্লা কাজ
/kaggle/input/regspeech12/test/test_sylhet_0466.wav,আব্বা নি অয় আমার মা খইলা তোমার যে খইরাম না মানে আমার আব্বায় ফরে তো আমরা বাড়ি ঘরে গেছে গি বুচ্ছোনি বাড়ি খরে গেছি গ্রামো মানুষ যায় নানি ছুটি ফায় না নি ওখন খেতো খও দিকে খরা লাগে ছাকরি সামনের লাইগা করে আমার বাড়ি তো খেলা খরা লাগে নিয়া মারা গেছোইন তায়
/kaggle/input/regspeech12/test/test_sylhet_0583.wav,আরো খয়েখটা দেখি রাইড আছে সব গেলে সারাদিন তাখলে ছড়া মানে ছবি বিয়াও সুন্দর ইয়া শুলা গেলো অনে তো আর এলা চাকমারার কোন স্যার পড়ায় কেরে বউ অনেক
/kaggle/input/regspeech12/test/test_sylhet_0564.wav,রাইত না মেয়ে আমরা এখটা শেষ অইছে তাও ইতা ম্যাথ কি টাকা মেয়ে কুলা না ক্যালকুলনাই ওই যে হাইয়ার ম্যাতোর কিছু অংক আছিল আমরার এখটা আছে বিজনেস ম্যাত সেগেন্ড ইয়ারো আমার সামনের মেয়ে তো এমনে দুই ইতা আমার সেগেন্ড ইয়ারো বেশি বালা বালা লাগছে
/kaggle/input/regspeech12/test/test_barishal_0083.wav,যমন এইতা পর্দা না দিয়া গরু নদি মোল্লা বাড়ি যাইতাম যেই সময় সাতটা বাজে বেই বাড়ির দিয়ে ইয়ে তারপর খাইয়া বাইরইতাম ঘরের দে খাইতারতাম না এতো কয়ডা ভাত খাইতাম করবার পরা হোটেল দি লইয়া যাইতাম গরু নদি দেয়
/kaggle/input/regspeech12/test/test_sylhet_0650.wav,ইন্ডিয়াত গেছি অনো ঢুকাইছি কিলা না টাকা ও যুদ্ধ লাগছে তো মারামারি করা সবরে মারে রাজাকার অখল আছে এরা জাকারে মারের না এই গিয়ার ইন্ডিয়াত কতি আছে ইন্ডিয়াত কিলা নৌকা টিতা কি না এমনে এমনে ফার ইয়া যাই টাকা আছে এমনে এমনে গেছি গাড়ির যাও ফরে তো ইয়ো কতি ফারে সব বাড়ি না ইতা টারফুল ঘডার খুলা আছে
/kaggle/input/regspeech12/test/test_sylhet_0299.wav,হইতো খইবা কিন্তু তখন তাইনোর লাগি একটা রিন টাও আসলেই এখটা বড় ব্যাফার আছিল তো তাইন একটা রেইন দিছোইন ওউ এই দিনটা এখনো আছে না বলতে ইয়া মেজো ফরা হ্যাঁ তো দিনটা অইলো গিয়া বিয়ারিং
/kaggle/input/regspeech12/test/test_sylhet_0550.wav,আমি খালি কি খার আম তো ভাবি ফেব্রুয়ারিতে ব্রেক আমরারে দিলাইবা ও আমনে তো বান ফেব্রুয়ারিত দিলায় আমরারে তো আমি তো খইয়ার কিতা বাদ দিলাইছি খইছলাম নাই তোরে খয়জন খরিয়া আজকার ও ইটা কিতা ওইছে বান্দি সন্ধ্যা টাইম যায় নানি আইতেই সখালে যাওয়া আর
/kaggle/input/regspeech12/test/test_sandwip_0010.wav,কিলা পানি ঘুরি দি যে দেবো ন হেডে করি দিতে অইবো এক্কবারে ফারি বই দে ন বেন ইনো যে আই হাইবা কইছে না মিনি ইয়ো
/kaggle/input/regspeech12/test/test_sylhet_0336.wav,প্রশ্ন আউট অইয়া গেছে বুচ্ছোনি রিটেনে প্রশ্ন আউট অই গেছে যেদিন ফরীক্কার আগের দিন শুনরাম যে ফরীক্কা স্থগিত হুম ওইখানে প্রশ্ন আউট অই গেছে আমি তো মহা খুশি অইছি কারণ এখন প্রিপারেশন কি একটু না মানে এনি মুমেন্ট লবার পেইন শুরু খরি একদম লাস্ট মুমেন্ট আইচ্ছি ফার্স্ট বেবি অইবো
/kaggle/input/regspeech12/test/test_narsingdi_0130.wav,দুই এডা এক কই আমার কি না কি বলে ইট্টু ইট্টু ভালা হইতাছিলো জানি না তুই আম্মা তোর জন্মগত জন্মগত এই দেখতে ফারে হুম ফরে ডাকতরে
/kaggle/input/regspeech12/test/test_narsingdi_0017.wav,চল্লিশ প্লাস বস তাও অহন টেস্টের মধ্যে বল করে পঞ্চাশ অভার ষাইট অভার বল করে আর আমনের উদ্দেশ্যে প্লেয়ার গুলি অহনই নাকি টেস্ট তে ছাইড়া দিছে টেস্ট খেলা ছাইরা দিছি টেস্ট খেলবো না
/kaggle/input/regspeech12/test/test_narsingdi_0070.wav,ছযারারা ধরার উফ আর এক্সের ছারা আমরার সময় তো একটা রাইত কইছে না কি আর ওই সময় কেস আছিলো খুব ইজি যে মোবাইল ফোন ইউজ করতে এর লাইগা লাগবে ফরে আমরা বইন আমরার দিনে মোবাইল করলি দৌরতি কই মোবাইল ফোন ইউজ করার লাইগা যদি টিচি দা
/kaggle/input/regspeech12/test/test_sylhet_0058.wav,রান্না খরার ফরে বাট খাওয়ার মতো না অলাখান নরম খরতো বাবা গাইলান বখা দিতা দেওয়ার ফরে তাও বা তাইলে মার খাওয়াইতা তাই তো দুদের লাগি তো খান দিতো ফরে মায়ারে নি লাগি মামা তারা বাড়িত মামা তারার ফরে অখন চিকিৎসা ছলছে
/kaggle/input/regspeech12/test/test_sandwip_0088.wav,বেছে কানি কার লগে ইট মানষি মাইয়া বা মাস না মশা একবারে বাড়িতে শান্তি লগে তো মানে গেছে গা ন ফরি গেছে
/kaggle/input/regspeech12/test/test_sylhet_0510.wav,মানে সিএনজি আরকি তখন তো সিএনজি তা না ও সিএনজি তো হস্তা লাগি দেড় লাখ টেখা দি সিএনজি খাগজো গাড়ি লাগিছে অখন আট লাখ টেখা গাড়ি বুঝেন তখন তো আমরা কিন্তু খও দেড় লাখ টেখা দিয়া বাড়ি বায় দুই লাখ টেখা দিলে খও ফাঁচশো টেখা দিতো শুধু এখনো খ আট লাখ টেখা দি গাড়ি লইয়া দিলে যাইবার ফাশশো টেখা দেয়
/kaggle/input/regspeech12/test/test_sylhet_0522.wav,এ না পাশ করে এখন কি না ভালো ফানিটা একটু কঠিন লগে এই কিন্তু ফাশ করি দিছে আল্লা কিতা হয় পরীক্ষা হয় তার পর্যন্ত ফরিক্কা বাতারি ফরিছিত আছে বাংলাদেশ বিষয় পরিক্ষা খরছে রমজানো ছাত্রের বই কিতা চেঞ্জ হইছে না তারা চেঞ্জ অইছে না ও এহন নাই ন যারা এরার
/kaggle/input/regspeech12/test/test_narail_0011.wav,আমি বাবুরে চিকিৎসা তা ও কইছেলো কি যে বাবুরে চিকিৎসা তা টাহা দেছে তা বৌদি তো দশ হাজার টাকা পাইছি আর আমরা তো জানি দশ হাজার টাকা বৌদি ফাইছে দশ হাজার টাকা তা কচ্ছে কি যে না আমার মাইনসে বাইর কাছে আমি অনেক টাকা দিছি ও নিজেই কইছে আর যদি কইয়া যদি কয় যে আমি কইছি
/kaggle/input/regspeech12/test/test_habiganj_0020.wav,হুম শিশু আইচ্ছা আমি তো আইরে তো আমি আবার আরও তিনদিন ফাইতাম না তে দরকার না সা শুরু খইরা তাইরে কোনো খইলে খরো না এর এরার ফরে আমরসা খইরা এখন আমার মাইরে কি সামনে বস্তা কি দে না না
/kaggle/input/regspeech12/test/test_sylhet_0362.wav,নিজের আইডেন্টিটি রাখা ইটা আমার মদ্যে কাজ করছি যার কারণে আমি কুনুদিন এই অন্য ক্যাডার প্রতম দেই না আমার ফাস্ট ওইয়া যাছ এডুকেশন ক্যাডার আমি এডুকেশন ক্যাডার হইছি তারফরে বয়স আছিল আরো এপ্লাই গরানি আর ফরীক্কা দেই নাই চব্বিশ তম দিছিলাম তখন ওইলো গিয়া
/kaggle/input/regspeech12/test/test_sylhet_0220.wav,পয়েন্ট আউট খরবা আফনার এই যে এখন আরানীর লিখি অয় যে ওটা অইলো গিয়া দুই আজার সাল ভুটার বিশ চব্বিশ বছর আগে তালিকাডা যখন আমার খাছে আইছে তখন আমি মনে মনে ইটা ভাবছি যে তারা একটা ফরিমান ফাশ খরি দিলাম টিক ফাশ খরি লাইলাম আমার বিয়া করি লাইবা আমি তো আর ফড়তাম ফারতাম না আমরা তো পার্টি টান ফ্যামিলি
/kaggle/input/regspeech12/test/test_tangail_0127.wav,কিন্তু সেটা আর হইলো না মানে এখন তো মনে হয় দাবা চলতেছে না হ্যাঁ হে দাবা এক নাম দিছে এই দাবার লাইগা ইরকম হইতে পারে আমাদের সুন্দর বানায় আগুন লাইগগা যাইতে পারে সেটাই হইতাম ফারে না আমি তো দেখছি বড় বড় কান্ট্রিত এইরকম হয় অতিরিক্ত গরমের কারণে বিবিন্ন জায়গায়
/kaggle/input/regspeech12/test/test_kishoreganj_0126.wav,কইছে তেল গ্যাস কয়লা তেল গাছ করে ইত্যাদি ব্যবহার করে যাবার করে এই জীবন হিসেবে ব্যবহার দুইনের প্রধান উৎসব কানি উৎসব ইয়া গাছ পোলা খাইতে করে আইচ্ছা
/kaggle/input/regspeech12/test/test_sylhet_0154.wav,আমরার বি অইছে গরু ও বাবা গেছোইন তে খালা ভাই না তো তা লাগে হুম ও আমার
/kaggle/input/regspeech12/test/test_chittagong_0078.wav,তো ওই সাইকোলজি ফরি অই গিয়ে না সাইকোলজিকালে আঁই আর তুই কিতা চাই চাই কী দিত্তারি যে ভাবি শান্তি ন চাই আঁই তো ঘরের মতো বড় ভাই বুন নাই
/kaggle/input/regspeech12/test/test_habiganj_0116.wav,বাজার টাজার জাইন্নে যাই যাই বাজার এটি যাইয়া বাজার এটা দর দাম কিতা ভয় মানে জিনিসপত্র ইগুলা ব্যবসা করি তো আমি মোটামুটি বলে হ্যামনে গরু কিরকম দাম ও
/kaggle/input/regspeech12/test/test_sylhet_0604.wav,আমরা তো তোমরার চিনমু ইরখম খরতা না তো ইতা ইতা ম্যাডাম কি অনেক আমি ম্যাডাম ইটা লাস্টে আর মানে শেষ আর কি তার আর খারাপ না ম্যাডাম ভাবতাছি যে মানে নালি ম্যাডাম লিডার ছাড়াও খাদি সির আলি সমানে সবতা অভাব লাগে আছে ভাই
/kaggle/input/regspeech12/test/test_sylhet_0396.wav,পাসটা একলা তাখি এখলা দেখি না মানুষ আছে সব বাড়ি কিছুডা একলায় খোলা আছে তোমারে তাইলে বইন যে একটারে নিয়া রাখবাম মানি যারে ফাই আকি ওরকম আনি আনি আঁরা কি গরো ছুটো মানুষ তারে আইছে ইগুরে আমি খুঁজতাম খরি বার ওইছে এখন মানে থাকে আপনার আমি আনছি দির গেছিলাম বাড়িত
/kaggle/input/regspeech12/test/test_sylhet_0736.wav,আস্তে আস্তে তো আর তুই এমনে আমরা টুলা বাড়ি না নি আমরা আমরা ভিতরে খায় ফাই না বাবা দিলাম বা জামাইয়ে লইয়া চক্কর দিবো আমি চার পাচ ছক্কর দিবো হুম সাত চিক্কর বাদে তোমার গামের বাড়ি গেলে জামা ফারি গামের বাড়ি গিয়া সা ইচ্ছা করতে অইবে আমার ছোট বেলা তো আফনারা সিরিয়াল টিয়া দেখছি সময় কিছু না মামু খইছে ওইছে ওই যে কিতা
/kaggle/input/regspeech12/test/test_rangpur_0048.wav,মিল এবার কবানি খালি দেছে মিলে না কাই বলে আর দ্যাকপা ওই বানানি আমার নিয়ে তো দিছে ওইডা নে গরিব না সবাইরে না মুই কবা না হ যে মুই আগের চে ম্যালা খারাপ হয়েছে
/kaggle/input/regspeech12/test/test_sylhet_0629.wav,পিনালদেপিনারোত ফিনলে কারোর জামাই না আমার ওই যে বড় ইচ্ছা আছে দেখতাম আমরা তো পিকনিকো যাইবা দেখমু আল্লা এখন তারা হঠাৎ গেছো নাকি কিনের আয়া আরকি ইটা না ও খয়দিন আগে আইতে অইবো
/kaggle/input/regspeech12/test/test_habiganj_0004.wav,ইডা স্যারের জিগানি ইডা আরকি ঠিক নায় ওই ফরে না বেডা ওতো ফড়া দিয়ে
/kaggle/input/regspeech12/test/test_sylhet_0374.wav,মানে আমরা তো খুব গুছাই লাইগগা ম্যাডামরে দেখি ব্যালেন্স আসলে আমার সার খুব পারেটি ফোয়া পার্টি বলতে ধরো তাইন যে কুনু সময় যে একেবারে খাবার রেডি খরিয়া টেবিলো লইয়া বাড়ায়া খাওয়ানি লাগবো সার খরা লাগবো ইটা নায়
/kaggle/input/regspeech12/test/test_sylhet_0468.wav,খেল দিছি জানোনি ওউ যে তাই আম যদি একটা বাচ্চা অসুস্ত অয় কিন্তু বাফে একটা টাকা খরচ চলে যে মামায় খাওয়া তার দিয়া ইবা
/kaggle/input/regspeech12/test/test_sylhet_0620.wav,আর যখন তো মেগের দিন নায় তান আর বুজরা না ইনো ফানি টানি খতো ফারি তান তার নরমালি আরকি আইরা যা খাইয়া ফড়িয়া আর ছাও বুলে ফাও দি আইছলা খাইতা ফাও ঘুরা খালছে ফারে গুরালীরহাদ ফানি গেছে তে অখন কিলা ছলে মানে আমি দেখা শুনা কিতা টিন
/kaggle/input/regspeech12/test/test_chittagong_0022.wav,অয় অরে আরেকটা খর দা না তুই হুম মোবাইল লেভেল অইলে খইদি ফাঁচ মিনিট দিবে লাই দিম সাড়ে ফাঁচ ঘন্টা ইয়া লাগতো মামা আমার মোবাইল অইলে ইয়ানে ওডি বউত নেশা নেশা অয় অরে মোবাইলেই কিমুন আছে খানে দিন চিটাং অত কী কী করবো তো না
/kaggle/input/regspeech12/test/test_sylhet_0284.wav,তো ওউ সময় বাড়িত গেছি ভোট দেওয়ার লাইগগা ভোট দেওয়ার গেছি ফরে ভুটার অনের মাঝে আমার ভাসি আমার দেখছি দেখিয়া
/kaggle/input/regspeech12/test/test_sylhet_0439.wav,মানে একটা জানোর জ্বালায় খান্দারো বাবা ফরে আল্লার ক অইলে তো বালা ওইগিন আমি ফরে একটু একটু খানা মানে আলে এখটু ফড়ি যায় একটু ফড়ায় ওরখম ফরে আবার ম্যাডামে একটা তিন মাস ফরে একটা বার খরছে আল্লায় দিলে আমি ভালা দুই বছর অই গেছে আমি সুস্থ ওই গেছি
/kaggle/input/regspeech12/test/test_sylhet_0427.wav,আল্লা বরসা আল্লার লাখ তো তো আর কুম্বায় ইনজেকশন দিছে না তা জানি না কুম্বায় ও গিয়া লইছি জানি না ইতা খইতা ফারবা না ফরে তো আমার বাড়ির মানুষ তো ফাগল ওই গেছে বারোই না বা
/kaggle/input/regspeech12/test/test_chittagong_0040.wav,কিনি ওডিক্কা কান্দি রাইকখি কি আর করবি করি কি নদিতে আমি গরে ইতারা আই যদি ফেরা না কি তুমি না আছে একটু ফারি লই এইল্লা দাম নায় বুজ্জোস না মোক যা খতা বেকগিন
/kaggle/input/regspeech12/test/test_sylhet_0521.wav,তে কারা আইছে তো যাও অন্তত খালকে আমি যেতা জুড়ে ফড়াইছে খালি ভবন কার না সারা না তারা ফড়া লেখাত নাই ওই ওরে বন এক্কেবারে একটু বা যদি কোনো মতে ফাশটা খুশি লায় স্যার কি যে কিতা
/kaggle/input/regspeech12/test/test_narail_0117.wav,দাদা কোন দে ও তো ছোট মন যদি স্টুডেন্ট ন স্টুডেন্ট তোর মতো কত স্টুডেন্ট মানুষ কইরা ছারা তুমি মনে করো যদি
/kaggle/input/regspeech12/test/test_sylhet_0407.wav,তো একটা তো টিক না তে আমরা ওতার লাগি রমজান মাসো বাসা খারাইলে মানে ই মাস তো আর ফেব্রুয়ারি মাস যারগি মাছ লাস্ট কে বুচ্ছি এপ্রিল তাকি নতুন বাসা বাসা চেইঞ্জ খরা বাসা কাজ ফড়মু তারার লাগি নু গুমাই না না আর বাবা যে সমস্যা খরে তারা
/kaggle/input/regspeech12/test/test_sylhet_0290.wav,ওতো চাওয়া ফাওয়া তাখতো নায় সামাজিক যে প্রত্যাশা ওগুলা তাখতো নায় তারা মেয়ে যাইবো আর আমরার তো কুনু চায়াও নাই যাই ওউক তো তখন গিয়া এনগেজমেন্ট ওইতো তারা বাড়ি তাকি মানুষ আইছে আইয়া না দেখলো
/kaggle/input/regspeech12/test/test_tangail_0124.wav,যে যত ফারোইন দিতেছে কিন্তু তাদের লস এতো পরিমাণে বেশি হইছে যে তাদের ওই টাকায় হচ্ছে না এখন ওইদিন দেখলি না নিউজফিড তো দেখছি যে সাকিব সাকিব আল হাসান নাকি দিলেও বিশ আজার জাস্ট ইফতারি করার জন্য ওর ফাউন্ডেশন পিছন দি আরও অনেক টাকা দিছে কিন্তু ই সামনে দিয়ে হচ্ছে ইফতারির জন্য বিশ হাজার টাকা ওইছে এই জন্য ডেটে বেশি অইছে
/kaggle/input/regspeech12/test/test_barishal_0074.wav,হয় অইছে বউরে আর বড় বদনাম খয় না বদনাম খইলাম লক কী বানাইলো সব কি বানাইলে সরস্বতী বানাইলে এই যে মানে খোনা
/kaggle/input/regspeech12/test/test_sandwip_0095.wav,দিনের লাই ন দি তো বেক আন্নে রইছে না মামারে কি দিন বাড়ি গা আর এক্কানা নিয়া মিক্কা লই আইয়েননা
/kaggle/input/regspeech12/test/test_sylhet_0580.wav,বার্ষিক টিয়া তো খরে ইবে কুনু অয় আমার শিওর জানি না যাইবে দেখি আমার যাওয়ার ইচ্ছা নাই পরে যাইতাম আর বাল্লাগে না ওই এক জাগা ছরো আর সবতাকি বেশি বোরিং লাগা অয় শিল্পী আনিয়া যে গান যেসময় গাওন
/kaggle/input/regspeech12/test/test_kishoreganj_0128.wav,হ রে বা হুম কুন দিন চাক তো ভালো এইডা কইরা তো ইয়া কলা লেহা দিছে আম এই জাগা মুছ কুন দিন কাটলে লাল অয়া কি মা
/kaggle/input/regspeech12/test/test_habiganj_0019.wav,এর আমি না ইয়ানো বিয়া দিতো আছে বিয়া দিলে তা এরা জলির জানে সম্পর্কে দেখেন তো জলির আর আসাদুল রা বন্দু না এরা কেমনে কেমনে বিশ ইটা তো ঠিক আছে এমনে ইলার অইছে গিয়া এর সাথে সম্পর্ক সম্ভবত দুই আজার দশ উস তাখে এখটা মানে বিয়া অইছে দুই আজার বাইশো বারো বছরের রিলেশন এরা
/kaggle/input/regspeech12/test/test_sandwip_0117.wav,হে চাইছে অথচ যে হারুনের মাস্টার কিন্তু মাইনষে কয় যেন না বেশি গেতে চাইলে অতল্লা ঘুরা হয় না এই অবস্থা বালা না হ্যাঁ ফরে দি তাই ফাশ কইরবার হয় না তো তাই তো বলে কেমনে যে
/kaggle/input/regspeech12/test/test_sylhet_0233.wav,খইছি ওতো পুরাটা খরতে বিয়া দিতাম নায় আর ওতা খরতে খরতে ডিসিশন লইতে লইতে রেজাল্ট বাড়ি গেছে যে রেজাল্ট বারোইছে সারা জেলার মাঝে যখন ফার্স্ট ওই গেছি তখন তো বাইরি ওরা
/kaggle/input/regspeech12/test/test_habiganj_0001.wav,আলম বলে বিস্টি খদিন ফরে ফইল্লেও লইয়া আইবোনে না তো না না তিনটা দুষ্ট ইয়া দে টা লাগতো না এখবার আছে তা গেছে গা লোক
/kaggle/input/regspeech12/test/test_comilla_0023.wav,তো এই আরকি এই মেয়েটারে এই ঘটনাটা আসলে রুগি ও অনেক শখ খাইছে ও তো বাসায় কান্না করতে করতে আসছে আমি তো অনেক ভয় পাইয়া গেছি ভাবি বার কোথায় ব্যাতা রইছে সভাপতি আমি যে ওর হাতা দেখতেছি কি অইছে তোমার কি অইছে বলতেছি ফরে ও বলতেছে আমার কিছু হয় নাই তুমি নুসাইবা ক্যা বাচ্চাও
/kaggle/input/regspeech12/test/test_sylhet_0269.wav,ফরে দেখলা যে স্যারের লগে ইউনিভার্সিটির টিচারের লগে মাতলা মাতিয়া অইলা যে তাই হোস্টেলো থাখতো ফারবো তাই মের বালা আমরা প্রথম দশজনে সিলেক্ট খরছি যার না যে তাই আছে তে তাইরে দিয়া যান গিয়া আফনারা হোস্টেলো ওউ আমি হোস্টেলো উঠলাম
/kaggle/input/regspeech12/test/test_rangpur_0071.wav,লাগা তোরা খায় না আমি তো আমাক রহমে লাগবে না আমি ছাগল লাল মিমরা ছা দিলে মুই ওমার মার লাউ সেজে না নাহ
/kaggle/input/regspeech12/test/test_sylhet_0618.wav,তা তো আঙ্কেলরে বড় না ছলো বড় বড় আছে আংকেল তো সব গ্যাছে মানে দেখতে যে আংকেলে লাখানো আছলা না তাইন না তাইন অইলো টানি মার আব্বা তান বড় জানচ্ছা কিলা মারা গেলো গা তাইন সুস্থ আছলা বা হঠাৎ মারা গেছে না ওয়াইফ আবারো ক্যান্সার ওই গেছে অনেকদিন ধইরা অসুস্থ
/kaggle/input/regspeech12/test/test_sylhet_0023.wav,তারফরে যে কষ্ট মিলি অষ্টম অইলো মেইন আমরা জি তো দ্বিতীয় দিন ইটা অইলো বড় স্মৃতি অষ্টমিতিতির দিন আমরা ইয়ো খরা ওয় না খে থাকবো তাকে যে ইটা বেশি সময় না দশটা এগারোটা সম ফর্যন্ত আমরা প্রকাশ থাকে
/kaggle/input/regspeech12/test/test_tangail_0013.wav,ফরে ফেরি তখন পুরা ভাইঙ্গা পড়ে আর ফেডির সাতে আরো কিছু মানুষের পরিচয় হয় যে যারা আসলে ওই যারা এলবা মিলি দেয় ওই কোম্পানি গুলার আরকি যারা আসলে ফেডর এই জনপ্রিয় তারা আসলে তারা পছন্দ করে নাই তারা চায় ছেলো ফেড জানি
/kaggle/input/regspeech12/test/test_narsingdi_0114.wav,কিম্মযাক্সুনো ইয়ার ওপেনিং তো কি অইতে চা প্রফেশনালি যেমন স্লেয়ারডেমন চলের ওইডা প্রফেশনাল প্লেয়ার ওইতাম চাই ইনশাআল্লাহ না তর মা যে কেমনে অইতাছসমাইট দিবো নে না কিছু ক কি দা মাইরা দাম
/kaggle/input/regspeech12/test/test_rangpur_0115.wav,সে শ্যাষ মনে দেখলুং ভালোয় আছে সোহাগের ঘরে সোহাগের বউর সাতে যে খাতির মনে কর কালাই টালাই দেয় শাক সবজি দেয় ওই যে একবার গেনু মাজোতে গেছনু তাতে এইরকম অনেক উপকার করছে এইরকম
/kaggle/input/regspeech12/test/test_kishoreganj_0038.wav,হরালেখা যাছগা ওইছে তো ন আবার তাইলে আপনে কি বানছি আর
/kaggle/input/regspeech12/test/test_sylhet_0181.wav,তারার দুই বোইনের সাতে মাত অইছে তারার রাস্তাত ফাইছলাম কই এখলা নি ক গা হুম আল্লাহ বলে গেছোইন তাই বান্দরের কথা বান্ধবোন্দ
/kaggle/input/regspeech12/test/test_barishal_0023.wav,তা নি ক্যান তারা খাম হালা খাওয়াইতে লাখান আর হে এক বেলা ইডা দি না এক বেলা এর পরের বালা দিন করি এইডা খাওয়া যায় আমনে নাচে করি আরো কইছে মনে করো ও শিয়ের তো না জীবনেও ভুল করি শিয়ের পান না এইডা মানুষ না কার কতা মনে কর না ক্যা তর দামের কোনো কথা না এইডা এইডা বদনাম কি এক বেলা ওষুধ মিস গাছে স্বাভাবিক হলো যা
/kaggle/input/regspeech12/test/test_rangpur_0069.wav,কাইলকে মাছ আন্দিম লাউ দিয়া লাও কোনান কতা আছে ওই ফিরদুসির মাও লাউ দিয়া কোনান দিয়া কাকের ফিরদুসির মা কাইলকে নিয়া যাইম না মাছ না মাছ না লাও থাকলে না মাছ নিয়া সব কি দিয়া
/kaggle/input/regspeech12/test/test_sylhet_0602.wav,আর এখন দেইক্কা কেমনে আমি মনো রাখতাম ফারি না আমি তো অখন জানো আমার মেমরি তো মানে কিতা ওই সুই ওইছে আমি কেউ না ম্যাডাম আমি সবতা বুলি যাই আর ম্যাডাম জাগাত কেমনে ছিন্তা এরফরে টিচারের সাথে দেখা ফরে বালা লাগছে কুহনুর ম্যাডাম এরাও যেসময় চিনচোন মাত্রই
/kaggle/input/regspeech12/test/test_sylhet_0247.wav,আমি কিতা খাইরাম খই তাখরাম কীভাবে তাখরাম ওটার চাইতে আমার মাঝে বেশি খাজ খরতো যে আমরা যে খারণে বিয়া বাঙ্গাইয়া আনিয়া হোস্টেলো দিলা আমি যদি বালা রেজাল্ট খরি না বা বাইরের মান সম্মান তো কিলা খুব ছুটো ওই যাইবো যারা বিয়ার মার দিছোইন তারা মুখের উফ্রে মারবা
/kaggle/input/regspeech12/test/test_narail_0182.wav,না সো বারো মাস খাও ঠিক ও না ভালো না ওনে কি কি কতা কইরে রে কতো নাছে শুনি নায় মাঝে তো ওইছেলো টাকা হইছেলো আর জব
/kaggle/input/regspeech12/test/test_tangail_0006.wav,কিন্তু ঘুইরে যাওয়ার পরে আবার আইসা যারা যারা ব্যান্ডের যারা ইয়া থাকে ওরা বইসা আছে অগো সামনে একটা গানের দুইডা লাইন শুনা যায় পরে ওরা তো ফুরা অবাক ওইয়ে যায় ওরা ভাবতে পারে নাই যে এইরকম একটা ভয়েস ফড়া পাবু
/kaggle/input/regspeech12/test/test_sylhet_0520.wav,আমি ইয়ো কিতা তারা নে মাহদি ফার হচ্ছে না ফড়িয়া গেছে না সাকিবরে জুড়ে যারে আমি রচনা খয়টা ফড়াইছি এর মাঝ ফাকি এখটা আইচ্ছে মাদকাশক্তি রখমে খরে ইতা জীবনে আইতো না আমি খই ফড়ো আমি দেখছি আরকি বউটা আইছে ফরে ইয়ো
/kaggle/input/regspeech12/test/test_tangail_0053.wav,তে মনে খরো কিন্তু ই ফান খান ভাবছিলে একবার হয়তো ওর কাছে আইসা রাবার চলে যাবো মানে আমরা অনেক সময় কুকুর বিড়াল যেরকম আদর খরি ওইরকম একটা আদর দিতে ছাইছি ই ফান খান
/kaggle/input/regspeech12/test/test_sylhet_0137.wav,আমি কাম শেষ খইরা আমরা তাইলে বইনরে খইলাম দিতাম গি ছাড়া আইবো নি খাওয়া আইবো ফোন দিরাম ওয় বুচ্ছি বাক্কা সময় মাথাইলাম কিতা খাম খরাত আছলাইন খরিলাই আফনার ইউটুব আইলাম না একটা ছা খাইতে ফারলাম না কিচ্ছু খইতে ফারলানে আমরা দুফুরে খাইয়া আইছি তো ইটা আইছে না কিতা আল্লাহ
/kaggle/input/regspeech12/test/test_narail_0151.wav,তো তুমি ফোন দিছিলো ফোন দিলি থাহি ব্যস্ততা বললাম যে আজকে এট্টু ফোন দি কতা কই মার টক শুনতিছে লো তোমার কথা যে ফোন টোন দেছেলো নাকি কিলা আমাগে একদিন ফরে
/kaggle/input/regspeech12/test/test_tangail_0073.wav,চাকরির মানে একদিন যাই তো আরেকদিন যাই না অর যে বন্ধুর আছে অরে সাহায্য গরে ধার দেনা কইরা ছলতাছে আরকি কিন্তু অর যে ফ্যামিলি আছে বরন ধরনের ফ্যামিলি ও ফ্যামিলি তো আর টলারে করতাছে না ফরে আবার ফ্যামিলি
/kaggle/input/regspeech12/test/test_kishoreganj_0081.wav,হোক কি দিয়া ইলা মা দি কত কিন নাং এনে বি এম্নে বুইন খেলা খে দুলা ন একটা কা এম্নে
/kaggle/input/regspeech12/test/test_sylhet_0197.wav,এসএসসি ফাশ আছিল আগর দিলো তো আব্বা আমরারে অংক ফড়াইতা ইংরেজি ফড়াইতা আব্বায় ফড়াইতা বলতে আমারে সরাসরি আব্বায় ফড়াইছোইন না আব্বায় খরাইছইন তো আমরার বড় যেন তাইনরে তো তাইন তাইন ওর ছোটজন দে তে এরফরে তাইন দের ছোটজন দে আমরা এক বাই আরোখ বাইরে ফড়াইতাম
/kaggle/input/regspeech12/test/test_sylhet_0561.wav,ওই হায়রে খা একবারে তো দশটা পর্যন্ত এগারোটা ফন্ত গুম আর এখন ইনকোর্সের ইয়া আইছে তার সারের মাঝে কিতা ওইছে ফরম ফিলাপ দিছি আর আমরা ডিপার্টমেন্টোর হেড দে ওউ স্যারে পাইলাইছি সামনা সামনি বাবারে স্যারো রুমো ফরম ফিলাপ আমরা আমি তো লিছি সবার লাস্টে
/kaggle/input/regspeech12/test/test_kishoreganj_0151.wav,ভাঙ্গি বলা হয় বা কি কি করা অইছে নিছে গা কি কয়া বাঙ্গি হয় ভাঙ্গি গম বাঙ্গি কয় গাছের সন্দা
/kaggle/input/regspeech12/test/test_sylhet_0129.wav,অইছে সামনে থাহে ওই যে রুম টাত বয় উম যে পাওয়া যাইবো সমস্যা তাইন কে অন্য একটা বাসা এরা থাকছি ও তারা থাহে ইয়ো ছয়দিন জেলো থাহে
/kaggle/input/regspeech12/test/test_sylhet_0711.wav,তো খালা ফড়া লেখা খরছোইন খরা ওইছে নি খরছিল হুম আর খয় বছর অইছে বিয়ার তো আমার চাইর বছর অই যা ডা আছে
/kaggle/input/regspeech12/test/test_sylhet_0365.wav,বেডা আমার সালামি বলি কি কষ্ট
/kaggle/input/regspeech12/test/test_comilla_0030.wav,সেটা নিয়ে তো বুঝি যায় কি কিন্তু তারটা হইছে যে ইটা ওইছে কথা কারণ ওদের ইস্কুলের ইস্কুলের দোলনাটার পিছনে যে বিল্ডিংডা এই বিল্ডিংয়ে হইছে থাকে ওইযে ইউনি ম্যাডামের যে গার্ড গুলা থাকে বর্ডার গার্ডের যে সদস্যরা ওরা থাকে তো ওদের জন্য নাকি লাইন দেওয়া হইছে এই ইস্কুল থেকে
/kaggle/input/regspeech12/test/test_rangpur_0100.wav,এবার দাম বেশি না এইবার দাম বেশি করে এই সমস্যাটা না এইবার তো সোগ জিনিসের দাম নোয়ায় বেশি হুম ওই দামের কারণে ঝামেলাটা বেশি আর কী সবাই
/kaggle/input/regspeech12/test/test_sylhet_0631.wav,আইচ্ছা যাই অক কিন্তু তাইলে যাইতে গি না হুম যে কাকিরে ফড়াইতো নায় অয় হে বাইত যারা ফড়তো না আফনে কিতা বা আমার খালকে না ফতিদিন ইংলিশ সব কিতা দুয়া খরবা সমস্যা ফর আল্লার বালা অইবো ছিন্তা খরি না ফাশ খইলে ফাইনসে আল্লাহ এখন বালোভাবে কাশ করানি ছিন্তা খর
/kaggle/input/regspeech12/test/test_sylhet_0186.wav,দোয়া খইরোইন আচ্ছা আছিলাম আলাইকুম সন্দ্যা ওই যান না
/kaggle/input/regspeech12/test/test_narail_0073.wav,উনার কোন কাকার ওই মূলত এই ঘর তোগে ওগে ওগে থুইয়ে ওরা পাশে থাকতো ছোট ওই মাইয়েরা যে ঘরে থাহে ওগে টাত থাকে ওই তো মাইয়ারা খুব মায়ারে এক খইরে দেছেলো ও থাকতো ও ওই জাগা থাহে ইটা ভাই দখল করে নিছে মায়ের সাতে ভালো এট্টা খাতার ছেলো
/kaggle/input/regspeech12/test/test_chittagong_0103.wav,ন আই তো দাঁড়া নাই আছে তো অফিসত ন যাই গিয়্যে আইচ্ছা অইয়্যি তইলে ওদি হ
/kaggle/input/regspeech12/test/test_kishoreganj_0170.wav,ল খুব তর মজা বেতরটা খুজ লাল ওর মায় ভিতর টা খুব লাল ওর মা ইতার দারে খুব লাল তর মা ভিতর না খুব কি ফিটনেস ক এবং রাসায়নিক শাড়ি ব্যবহার কমি হ্যাঁ
/kaggle/input/regspeech12/test/test_rangpur_0125.wav,লইয়া মোটামুটি ভালোয় হইতেচে ইপতারি না সমস্যা নাই নাহ তুমি তো মনে হয় টাকা দিচিস ওটে ইপতারির জন্যে কয় টাকা দিচিস দুইশো না কয় টাকা দিচিস কি দিছে দুইশো টাকা দিসিস
/kaggle/input/regspeech12/test/test_rangpur_0096.wav,রেজার বাড়িত না হানিফ মাজির বাড়িত না ফকরুদ্দিন জ্যাটোর বাড়িত কার বাড়িত খাওয়া ভালো হইচে কও দে খালি ডিম আর মাচ কার বাড়িত খাইসি কার বাড়িত আর গোস্ত খাইতে বাড়ি নাই শক্ত গোস্ত শক্ত ওও
/kaggle/input/regspeech12/test/test_barishal_0006.wav,হ্যার ছয় পোলা তিন মাইয়া সবাই বড় ভাই করবা সাবান শিক্ষিত রা এই কি শ্যাষ আমি দেকছি
/kaggle/input/regspeech12/test/test_rangpur_0119.wav,কালাইয়ের ডাইল খান না কালাইয়ের ডাইল খাই তো হ্যা ঠাকরি কালাই ঠাকরি কালাই ঠাকরি কালাই আনিস ঠাকরি কালাই আনিস ঠাকরি কালাই দিয়ে কী খাইবেন ডাইল
/kaggle/input/regspeech12/test/test_barishal_0024.wav,খাতা খাতা বাস না কইলে না তার বাস না জনের আমি এট্টা কথা কই এইডা খাতা বাস এইডা খাতাপ্বাস না এইডা এইডা এইডা এট্টা সরব পরিবর্তন হওয়ার প্রয়োজন আছে ভাবিরে না তিনডে জিনি
/kaggle/input/regspeech12/test/test_kishoreganj_0143.wav,কিটনাস হইয়া যে এইযে বাঙ্গি এইডে বাঙ্গি সবুজ রঙের বাঙ্গি সবুজ রঙের পাকলে হয় হলুদ বা সোনালি রঙের হয় থাকলে হলুদ শুনালি অংগে হ কলে হলুদ বা ফতম অইছে কিটনা সব কিনা সব হ্যাঁ তে বস গি চলে মানে এই জামা বাড়ি বদনা হ্যা
/kaggle/input/regspeech12/test/test_tangail_0065.wav,যহন নিউ ইয়র্ক মানে কম সালে ছবিতে দেখা যায় একটা নিউ ইয়ারের সময় আইছে মানে হোটেল দুরা পার্টি স্টার্ব দের আলাদা পার্টি যায়গা আবার যারা কর্পোরেট ওদের একটা আলাদা পার্টির জায়গা আছে মানে যারা স্টার্ট খরা তো আর
/kaggle/input/regspeech12/test/test_habiganj_0109.wav,মানে যেমন সে বিজ্ঞান ফিনান্স ব্যবসা দক গণিত ইংলিশ বাংলা এরফর বিজ্ঞান কয়েকখান ডে সাবজেক্ট লইয়া ফরি যাইবো আর বাকি কিছু কাপের আছলো ওইগলে বাদ দিছে কিছু মানে আলাদদ
/kaggle/input/regspeech12/test/test_barishal_0009.wav,পায় এট্টু ছোড ছুডি ফিন্দা হেয় পরিচয় দিলে বড় প্রাকটিস থাকে না হ্যা সে কি করবে উনি উনার বাবার এই চেনবে না এরম হয় বিয়া করলে কি লোয়া খাইল্লা খাইতাম না খাইতাম ন দিন কছে হ্যা বা বাড়ি
/kaggle/input/regspeech12/test/test_narail_0133.wav,না আমার ও তো ভালো লাগে না কইছে আমার ইন্ডিয়া একটা ইন্ডিয়া একটা বাড়ি পড়ে দেয় আ কইছে দিবানি
/kaggle/input/regspeech12/test/test_sylhet_0494.wav,এলা গুমাইছি ওদো আমি তো নামাজ ফরতাম ফড়ার নাম তো আল্লারে খইরাম তো নামাজ বখতো ফড়তাম ফরান আল্লা তুমি দেখি তাই নামাজ মাছ ফরিয়া আইছে আইয়া কিতা খরছে না নি এখটা বিরানি লইয়া আইছোইন মানে খইরা এখটু উটবায় উটি খাইলা খইরাম না না ইতা খাইতাম না ইতা জাম খারাফ খরলে খাইলে খাইতাম না ওতা খইরাম তাইন আমারে কিতা খরছি না আল্লা জোর খরি যেমন লাগলে সুস্থ মানুষ অইলে জোর খরি এখটা তুলছিলাম টাশ খরি উঠছে না বিন দিছি ব্ল্যাক আমার টাশ খরি উটছে আমি বুঝতাম ফারছি না আমার এখটু টাশ খরি উরছে না আল্লা কিতা যে
/kaggle/input/regspeech12/test/test_comilla_0009.wav,রুই চা ছিলো রুহি উঠতে কিন্তু নুসাইবা বলতেছে যে না আমি উঠি তুই যা তর তো নাচের ইয়ার চালাইছে তো এক পর্যায়ে রুই ভাবলো যে হে আমার তো নাচের ইয়ার সেল যিতে হবে আমি চলে যাই তুই দুল না খা দুল খাজল নায় তে রুহিঅক্কে ছেড়ে দিয়ে
/kaggle/input/regspeech12/test/test_sylhet_0350.wav,তো তখন গেলাম ঢাকা এখটা ওরিয়েন্টেশন প্রোগ্রাম আমরা গিয়া ফাইছি মন্ত্রী সচিব ডিসি যারা আছি শিক্ষামন্ত্রী লন আমার
/kaggle/input/regspeech12/test/test_sylhet_0513.wav,ইগু ওখন অপারেশন উপরে আনতা বা খরিয়া এখন আমার খান্দা ফরে আমি আমার ফড়া শুরু খরছি সো মজি
/kaggle/input/regspeech12/test/test_barishal_0004.wav,বাস্তবে মিডিয়া গেছে হেনের মেয়র গেছে নানান প্রশ্ন হে মনে করেন এক লোক চালাইলো হেয়া দেখলাম পাঁচ ছয় জনের অনেক প্রশ্ন পরে হেসে মাপ চাইছে কালো আমার ভুল ওইছে আমি মাফ চাই আমি এরম কামা কোনোদিন ওরম কই ওই যে করে গায় না আড্ডি নাই হ হ মাংস নাই খালি হাড্ডি
/kaggle/input/regspeech12/test/test_tangail_0112.wav,তো আমার মনে হয় ওই বিল্ডিং করার জন্য কেউ চক্র ন ত করে আগুন লাগাইয়া দিছে দেখ আমাদের দেশে ব্যবসা হয় জাস্ট এই দুইটা ইদ দুইটা ইদের হচ্ছে দেশের ব্যবসা হয় তারা অনেকে আছে যে লন টিন করে
/kaggle/input/regspeech12/test/test_kishoreganj_0172.wav,তোর মাজের ভিতর লাল মরের ভিতর লাল তো মরের বিটা তার মাজে তর লাল তোর মাজে বিটারা লাল হুম কয়েকটা মাচে
/kaggle/input/regspeech12/test/test_sylhet_0314.wav,গিয়া কিনাকাটা করি একদম প্রাইমারি যেগুলা লাগবো শিয়াল ওগুলা আনি দিছোইন ভাবিরে সকাল বেলা উঠিয়া মিনি বাটিয়া একটু লেখা দিয়া দিয়া আইছিলো তো ডিজাইন ডিজাইন না গোসল গোসল করাইছি গুরাইয়া লইয়া গেছোইন গিয়া সুনামগঞ্জ গিয়া পার্লারো মানুষ আনি দিছোইন বাসাত
/kaggle/input/regspeech12/test/test_sylhet_0422.wav,ভুল খরছি কিন্তু কিন্তু ইয়ো খরতো ফারছে না বাট তারা কি অপারেশন জানেন না তা আমি বুঝলাম আমার যে আমার কতো কষ্ট রে বাবা দুলার লাইগা একটু গফ খরা মন আমার হালকা না না আমরা সমস্যা না বালা লাগে না
/kaggle/input/regspeech12/test/test_sylhet_0382.wav,খইছোইন যে তুমি যদি ফড়তায় ছাও তে তো আমরার ইন তাকি শহরো গিয়া ফড়া তোর সহজ নায় রাস্তা ঘাট বালা না যোগাযোগ ব্যবস্থা বালা নায় এখলা এখলা যাইতায় আবার তায় না রাস্তার মাঝে মানে আমরা গ্রামোর তো অনেক মানে ইয়ো আছে সমস্যা মেয়েরারে বাইর খরা তো তুমার হোস্টেলো তাখা লাগবো তে আমরারে ফালাইয়া থাখতায় ফারবানি হুস্টেলো গিয়া ফড়লে হুস্টেলো তাকিয়া খরবায় যাতে যাতায়াত ব্যবস্থাটা ইয়ো অয় সমস্যা অয় না
/kaggle/input/regspeech12/test/test_kishoreganj_0040.wav,মনে যা নাম গুরা ছার গুরা এইবা যা কিবা আমি তুই আর কেলা কাজে খেলতাম এনি আছে বেডা
/kaggle/input/regspeech12/test/test_rangpur_0018.wav,কার্ড দেইস আর ফটোকপি আছে না কাটের হ ওটে ফটোকপি করি দেইস এয়া মহিলা মেম্বারোক দিয়ে এটা আর মোর কিছু হবার নয় বয়স্ক ভাতা বা বিধি ভাতা একটা করি দিলে এলা কি দিয়া ক কইরবের নাইগছে হ হয় না আমার
/kaggle/input/regspeech12/test/test_barishal_0058.wav,কলি বিশ যাই হেইরম যদি ডাটা করতাম তয় খয়টা কইরবার ও মোর ভাত জড়ো না হোনে না সেন্টার ঝিরঝির যে
/kaggle/input/regspeech12/test/test_narail_0183.wav,সাথে সুমা তো নিছিলাম এক এক মাস হইয়ে গেছে আর আমার বাইরে খুব ওই সুময় আবার কষ্টে ছেলে না তো হে
/kaggle/input/regspeech12/test/test_sylhet_0403.wav,যে অসুস্থ মানুষ আমি ইতা খইয়া লাব নাই আমি খইবার খায় কিছু জাগা ফাই না আমি নিড়াইতে তাকি এখলা এখলা কিন্তু বিশেষ খরি আমার হাজবেন্ড খুব বালা বুঝছোনি আর লাখেও তাখলে জীবনে ই লাগছে ওর আত্তে
/kaggle/input/regspeech12/test/test_kishoreganj_0026.wav,তে ভুল টুল করে খওয়ার নাই বেডা বাক্কা হাম না কম্পিউটার দিয়ে এসব কাজ করে নাম কি কছ তো ফরিচিত অনেক কম্পিউটার দেওয়ান তো আসলা এলা যাই খাওয়া লাগে
/kaggle/input/regspeech12/test/test_kishoreganj_0005.wav,তিন তালা তা লার বা হ্যা আগে তুইল্লা চান দিছেন ছবি তুল নি ভাই আইলো বালা ন তুলতাম আর ভাইয়ার লগে দিছে ও কে গাড়ি তে এম্নে গাড়ি ভাড়া করে তুই তে তুই গাড়ি দা র
/kaggle/input/regspeech12/test/test_sylhet_0689.wav,তো তো বাচ্চা খাচ্চা লইয়া সুখে সংসার খরছি সাতে খরি ফুয়াইন্তে লেখা ফড়া খইছোইন ইন্টারে বিয়া দিলাম ফুয়াইন বিয়া দিলাম নাতিন সা ফাইলাম নাতিন সা ফাইলাম নাতিরে বিয়া দিলাম ফুয়া বালা গান ন ফারি হুনছি আমরা ফুয়াইন্তরে বিয়া দিলাম ফুরিরে বিয়া দিলাম নাতিন সারে ফাইলাম
/kaggle/input/regspeech12/test/test_comilla_0018.wav,তো এইখানে কয়েকটা বিষয় আসলে কি কারেন্টের শখ লাগলো কি না কিন্তু ওদের ইস্কুলে কিন্তু ডে শিফটে সকালে মর্নিং শিফট ক্লাসে ওরা অইছে ডে শিফটে যাক মর্নিং শিফটে সবাই দুল্লাতে উঠলো কারো শর্ট লাগলো না এরফরে ও নুসাইবা বর্ষার আগ মুহূর্ত কিন্তু দুলা তা
/kaggle/input/regspeech12/test/test_barishal_0088.wav,খরি তো ওই যে আবার উপরে চোখ করে হ করে হেকালে পাঁচশো টাহা দিছে ডেলি মোর কাম করছি যে ও হেইয়ার পর গরে দাম করছি যে এরা তো কাম ফরে ডালা ওইলে তোর ওই খইরেনি এডা আগে না
/kaggle/input/regspeech12/test/test_tangail_0045.wav,পরে পাই একটা ভোট পায় মানে ফান খান একটা ভোট পাই ওই ভোট এ কইরা কোনো রকম আরকি ওই রাকছে পরে সকালে উইটা দেহে যে ওর সাথে এই বাগটা যে আছে রিচার্ট পার্ক আর ও সাতার কাটতাছে পরে
/kaggle/input/regspeech12/test/test_tangail_0032.wav,শহরে আছিলো পরে যহন সারা যাইতো নাই প্লেন তখন ওই বিমান ফ্লাইটে সারা ওই পাঁচ ডলারের ওই নটা দেখছিনা খানের যে নাম্বার দিছিলো ওই না বারোর কাছে ফিরা আছে ফরে সে বিমান থিকা তাড়াতাড়ি নাওয়ার উর
/kaggle/input/regspeech12/test/test_sylhet_0742.wav,ওইছে না আমরা খাইমু সারাজীবনে মনে খরো এখ মাস খায় আর দুই মাস খায় খাইমু যতদিন ওইছে না ও খাইমু তাইন যাইবাগি আর খাইতাম আর তাইন জামাইর বাড়িত খেউ মোর উডে আমরা খাইতাম আছে আমরা ও দুলা দেখি উকাইয়া মনো খর খাজ একটা খাই না তা মাত তাইন খাইবানি তা
/kaggle/input/regspeech12/test/test_chittagong_0112.wav,এই যে কম্পাসেশনের চৌ্দুটবি যা আছে বেগগিন ইক্কা তুন দিয়া এতাল্লাই আছে এহন আপুরে ছবি খতা খই আপর তোমার লাই এমপি টিম বি নাই এতাল্লাই গরে ইচ্ছা চিটাং চিটাং অত গরম খইল্লে
/kaggle/input/regspeech12/test/test_narsingdi_0040.wav,দিনে চাই তা বার গোসল লই কোনো লাগে কবারো অবস্থা তিনবার অলরেডি অইয়া গ্যাছে বছর তর মাত্র আমি এই বারন সাতার বেশি কারেন্ট আল্লা কি কমুন
/kaggle/input/regspeech12/test/test_kishoreganj_0024.wav,এ এলাকাতে লুকাইছে কইছে যে মানে নামে এইডা হেইডা জাগা যা দিতাছে জানিনা বা আরেক বেডা সম্পদ না আন্নে লাভ অইতো না অনে ওক্কা নাম এই যে লেইখ্যা থইয়া গেছে বুল অনে ওকটা না পাঁচ হাজার সাত হাজার দশ হাজার টেহা গেছে আর তো কুনু চাইল মনে হয় মনে কর যে সব টেহা কতাছে
/kaggle/input/regspeech12/test/test_comilla_0001.wav,কিন্তু আমরা হে ন কাছে কি আইচ্ছা ঠিক আইচ্ছা এমনি ধরেন ইসি আগে যে কি স্বর্ণ কানা দিছি ফরে এই স্বর্ণ করে তো প্রচুর দাম অইছে গা
/kaggle/input/regspeech12/test/test_sylhet_0039.wav,পুকুরে বিসর্জন খরে কিন্তু অনেক জাগায় তো পুকুর নায় তারা খুজা বিস্বর্জনরয় ঠাকুরে তে তারা কি দক্ষিণ সুমা নদী আছে না নদীতে গিয়া সবাই বিস্জন আমাদের নদীতে বিস্বর্জন খরে না আমরা তো পুকুরে আইসে জন আছে বিসর্জন খরার ফরে আমরা ইয়ো আছিল
/kaggle/input/regspeech12/test/test_habiganj_0088.wav,নৌকা প্রমাণ বাল্লাগে বেশি খয়বার ঘুরাইছো নৌকা ভ্রমণ অনেকবার গেছি অনেক সময় বেশি দেইক্কা গেছি ঘুরাইছি ঘুরা ঘুরি এমনে তো অন জায়গাতে আর কোনো জায়গা তো খরছোনি
/kaggle/input/regspeech12/test/test_habiganj_0056.wav,যায় মা খালি খয় তুই ওই রান তুই ওই রান অখন দেখা যায় যদি মোরুগুরুগানে একদিন মোর গান ছিলাম আমি আমারে দিয়া মা রান্দাইছিল মা খাছে তাইক্কা আমি লাল উরা দিছি অন বলে তরখারি খত্তো মজা হইছে অখন সবাই খালি খয় তো মার তিকা তর মজা ইসি অখন তুই রানবে অখন মোরুগরুগানলে আমি এমন যন্ত্রনাথ ফড়ি খালি আমারে দিয়াই রান্দা অখন তো আমি এমন বিফদো ফরছি আমি খই অখন একদিন আমার এমন বাজি খইরা রান্না লাগবো যাতে আমারে দিয়া না খান্দা এরফরে আমি কিতা খরি
/kaggle/input/regspeech12/test/test_sylhet_0652.wav,কুনতা খরতো পারছেন এই জন এ ওউ ওটা উগগা টাইছে ফাঞ্জাবিরে হোক বানান অন্য মাইনষে তো দেখাইয়া ডে রাজা খারে দেখাইবে না কি অয় ওলা ইয়ো করছে ওতা পার কি ইয়ো করিয়া বেশি
/kaggle/input/regspeech12/test/test_sylhet_0112.wav,আইচ্ছা নানার বাড়িত কে খাখা আছোইন তা আমার খালা আছে আমার নানি আছে আওয়া যাওয়া খরোইননি তারা তারা আয় না বেশি আমরা না ভাবে চলি নানি তারা বসে আয় না তারা কিতা খরে তে তারা তারা চলে বালাও চলে দুতো আছে শিয়ান
/kaggle/input/regspeech12/test/test_habiganj_0035.wav,আমার যে বালা তো খ মনে মনে খইতাম আমি যদি রানতে ফারতাম কুনদিন যে আমি রানতে ফারমু এরফরে ইতা খরে তে দেখতে দেইখতে এরফরে আমি অখন আমি বুঝা যায় যে আমি না রাইন্দু দেখা যায় মার যাতে যেতা রান্দে আমি ইতা রানতে ফারমু এরফরে মারে আমি একদিন খই মা আমি রান্না ই কও ইসময় মনে অয় আমি
/kaggle/input/regspeech12/test/test_narail_0085.wav,কয়বার কি দরবার গেলে তাবে যাবো আমারে যাওয়া শুরু বয়সখালে যে খানবো তার ঠিক নাই
/kaggle/input/regspeech12/test/test_sylhet_0682.wav,আকি বন্ধ নাই শুক্কুর সানি ইস্কুল বন্দ থাকলে তারা হবায় জানবে আর না তে জানে না না সব মার বারে ইচ্ছা থাইকা কিচ্চু করা আর বড় কিছু করবো হুম
/kaggle/input/regspeech12/test/test_sandwip_0057.wav,ধান ডা কার উপরে ছাড়ি দেওয়া অয় হিয়ান ই সাইকেল কোনো ইয়া রান তা দে হুম
/kaggle/input/regspeech12/test/test_narsingdi_0074.wav,স্যার আমি দি বিট লইয়া আমার ছুডুবেলা না না তো তারে বিশ টেহা সালাম দিছে ছ মাতরা এক মাস বিশ টেহা দিছি গতবার আরো বেশি দিছি কত দিছছ ষাইট টাকা দিছে কতা বার্তা পরে কি সালাম না তো এডা ই খুব বেশি আছে না
/kaggle/input/regspeech12/test/test_comilla_0021.wav,এই যে এইটার জন্য হইতে পারে যে কারেন্টের ইয়া হইছে কিন্তু অন্য কান বাচ্চা রাইত কারেন্টের শখ করে নাই বা ওর শরীর থাইকা রোহিত ফাস্টে রুহদেখছে রুই ওর মাথায় যাইয়ে স্পর্শ করছে রুহিরেও কারেন্টে ধরে নাই তো এই অইছে কতা এহন যে রুইলে লাগে না এটা তো একটা লাখ লাখ শুকরিয়া আল্লার কাছে কিন্তু
/kaggle/input/regspeech12/test/test_chittagong_0148.wav,তো অন্যায় হ এ সুন্দর না অনে খাইছে না দে কিল্লাই ইয়া দি তো কালা তারা না বেয়াকগুনে ক্যান আছে আছে ভালা আছে অনে তা কি তর
/kaggle/input/regspeech12/test/test_chittagong_0006.wav,তো এখন আগে তো আটটা বাজে যাইতাম গো পরে আবার তো এহন যাইরদি সাতটা আটটা বিশাল রেডি গরিয়েরে বাইরে বালা ইয়ে তো এহন গেয়া গরে আই আইয়েরে আঁরে ন দেহিলি আফা কই আফা কইতে এহন উইগা বলে ইতি এনকা ভালো খইয়্যে দে তে উনি একটু অসুস্থ সেই জন্য আসে নাই
/kaggle/input/regspeech12/test/test_sylhet_0337.wav,অখন আমার বাই আইয়া খইরা আইয়ো খর সিজার খরিলাও সিজার খরিয়া তুমি ফড়া লাগে আমি মুই সিজার গরাত গেলে যে খরছ লাগবো ইতা আর আমার জামাই লইয়া চাকরি ওতো কিছু বিয়া খরিয়া তাইন আমার সিজারের খরচ দিবা খেমনে আমি না সিজার না নরমালি ওইলে ওইবো না অইলে না ইটা আমার সিজার নিজে না আমি ওলা অবস্থা ফরীক্কা দিমু যে ছাও
/kaggle/input/regspeech12/test/test_sylhet_0419.wav,তুমি আমারে অসুস্থতা বানাই ওইছে তুমি আমার অসুস্থতা খরিয়া দিলে আমি ওউরখম আমার পরচা জোরসে কিন্তুক আমি যায় নামাজ নামাজ ফড়ছি যা না মাঝে আমার পরচা খরছে আমি নিজে দেখ না তখন হয় তখন আমি নিজে ভাবছি আল্লাহ তুমি যদি আমার গুনাদেওদিলাও কিন্তু আমি নামাজ ছাড়তাম নায়
/kaggle/input/regspeech12/test/test_sylhet_0640.wav,আত গানও শিখন জানো যায় না পড়ো খাও না বলে গানো যাই ড্রয়িং বা ইকবাল লাগে গান ফারো দুইজনই তো গান শুনা ও তো মুখ দিয়া তারা রেকর্ড সবতা তা গান কাকি দুদের মাইল্লে গেইলেও
/kaggle/input/regspeech12/test/test_chittagong_0167.wav,এন্ডে কিন সমস্যা করলে এন্নে ন যাই ল রানিরে কি ফরে দে লাল তা আল্লা ফরীক্ষা দিতে দি এসএসসি আল্লাহ তো তো একদম ছুডু ছুডু লেখি অবো বয়সের আগে যদি ফাকি যে ইগু তো কী বইয়া যে ক
/kaggle/input/regspeech12/test/test_narsingdi_0080.wav,অনেক ফ্যারা প্যাডের ফর রাজি অইছিলো ফরে ব্যাডমিন্টন দুইশো টাকা নিছে তারফরে আমি খেলতারছে না দীপে শেষ কইরা লাইছে না আমার তো তারা আমারে ব্যাডা ব্যাডমিন্টন নষ্ট কইরা দিছে বাবারে কয় বান্না কইছে হের মজার টাই ইন্না দিয়া না আমার দাদু তো হেই নষ্ট করছে না হে নষ্ট করে সবার হেরা মিডা কিনা
/kaggle/input/regspeech12/test/test_sylhet_0698.wav,তাইন মুরুব্বি অইলো তাইন স্যাররে আফনে খয় ছেলে খয় ফর কিনি ফোয়া আর ফুরি ফুড়ি একটা অলা মা মা সিলেটি খাদা বাড়িন ফুড়ি তিন ফুড়ি তিন ফাই এক ফুরি ফু ছুড়ি বিয়া দিলে উয়ার বউ তিনটার তিনজন
/kaggle/input/regspeech12/test/test_sylhet_0685.wav,জেলারে ইস্কুলো তালা ভর্তি খরাইলে বর্তি খরাই আমার তো বাবে এরার খাম খাছিস নি না আর কেরা রান্না
/kaggle/input/regspeech12/test/test_sylhet_0633.wav,আমি মাঝে খালা যেহেতু সবার হাতে স্টুডেন্টের আর প্রযুক্তি এর লাগি মেবি কিন্তু ওতোটুকু টাকা বদ্দা বালা অইবো আইচ্ছা যাইগি আর
/kaggle/input/regspeech12/test/test_sylhet_0119.wav,বিটা আর দুলা খরতো ইটা দুরো মাইনষেরে জুগা ফড়া দিতো ইস্কুলো বর্তি হরাইছাম ফড়ছে না ইস্কুলো স্যার ক আছে না কি স্যারে ইডার মারে ফরার মা ফুয়া ফড়ছি যে বা ফড়লো
/kaggle/input/regspeech12/test/test_sylhet_0628.wav,সবতা চুরি করি তো না ফ্যামিলি ফ্যামিলি দেখিয়া পছন্দ কইরা ফরে আরকি ইলারে ওইছোইন নেয় ইখান আর বুশরা আরেকটা কাজই না তো টানিয়া আমরার কমার্সে তাইর আমরার লগে প্রায় মাইনষের বিয়া অই গেছে
/kaggle/input/regspeech12/test/test_sylhet_0144.wav,আমার তো কতো ছেলে কি আমি দুই এটা বিয়া আইছে আর কি একটা ও মিরাবাজার একটা না বাকিরা কিতা খরোইন ফড়োইন উরনা হ্যা বা কি ছেলে মেয়ে ও হে ফরে ফাইন্নে বাইজ্জা তার
/kaggle/input/regspeech12/test/test_sylhet_0646.wav,তোমরা দাদু নানি দাদু দাদু নিয়া কিচ্ছু খও দাদু কিতা খরোইন সকালে একটা গর গুছাই বা কাক দিবা বাগান ই বয়সে ওতো খাম খরতা ফারি ওয় আমরা হেল্প খরোনি
/kaggle/input/regspeech12/test/test_sylhet_0647.wav,ফুডাই ইস্কুলো যাও ফড়া তো না করি সেই খরি খইতায় তইলে না আমার কতা ক না নাম খইলাও টাগান জানো একটা খইলো তারা আমি শুনো বই না খইলা খও
/kaggle/input/regspeech12/test/test_sylhet_0324.wav,তো তাইন মিল্লা আছে আমি ফারমু নি আমি যে ফারবায় না ফারো তাইন আর ফারবায় আমি তো আছি আমি তোমারে হেল্প করমু আমি যেত ফরি তুমি তুমারে লইয়া ফড়মু গ্রুপো আর কমু তে আইচ্ছা ছলো ছলো শুরু করি তো চলো শুরু করি কইয়া আছে তাইন কিতা খরতা আইয়া কাডি জিতে রাত্রে ঘুমায় যাইতা
/kaggle/input/regspeech12/test/test_sylhet_0517.wav,তো দাদু না নিয়া কি গেছে খয়দিন বালা তাখন কয়দিন দিতো লইয়া নি হালকা তাকি এখটু বালা সোমবার এগো তো সোমবারে সখালে ফড়ি গেছলা
/kaggle/input/regspeech12/test/test_sandwip_0099.wav,ইয়া মারছে কারণ হিয়া না খরবো কইছে না কে কতুগুন বই কিনছি আর চান্সের লাই ইয়া কি খান দেওয়া বা ক কি চাকরি কইরবো আর হরি যা ফাইয়া করি চাকরি দাম কেউ ফাইবু লাস্ট কি কোনো চাকরি করি দরকার নাই
/kaggle/input/regspeech12/test/test_sylhet_0595.wav,তার মা বালা থাকো আমি আখতা আখতা দেখে স্টোন কি বালা অই গেছে না আলহামদুলিল্লাহ বালাও আছে শ্বশুর বাড়ির সবাই তো ভালো আছে তো ফারো
/kaggle/input/regspeech12/test/test_sylhet_0050.wav,হ কিলা বই নষ্ট খরতাম হইলো ফতমে নুডুস সিদ্ধ দেই গরম পানি পানি ন সিদ্ধ দেইন বাদে ফিয়াইজ বাজো বা যে ডিম ছাড়ন ডিম ভাজা নুরু ছাইন সাড়ে মসলা দিয়া বা
/kaggle/input/regspeech12/test/test_tangail_0096.wav,পরে আইসে আবার ছাকি নারে বলে যে ইমারে পাই নাই তো এহন কী করবা তোমার তো আমি তুমারে অনেক ভালোবাসি এরকম পরে কিন্তু ওই ছাকি না যে
/kaggle/input/regspeech12/test/test_sylhet_0371.wav,ওই কাম শুকরিয়া জানাইছি আল্লারে মিল্লা কি আর ওই বয়স আসলে বাচ্চাটা হয়া এখন আমি বুঝি যে আমার কতোটা সাপোর্ট ওইছে আল্লা অলো আল্লাহ ওইলো গিয়া সবচেয়ে বড় পরিকল্পনা খালি তো এখনো আমি ছিন্তা খরি যে
/kaggle/input/regspeech12/test/test_narsingdi_0082.wav,তা ইবা আমিও ফাইছলাম আমি ফাই ফোরে ফাইছিলাম দৌড়া ফাইছি একবার সেকেন্ড প্রাইস ইটা আমার স্কুল লাইফে ফার্স্ট আছিলো উখনা খেলার মদ্যে আয় যাই খেলছে ফাইবা খেলা দিয়া কিছু বাছিলাম তো আমার লগে সব মনে খর আমি তো এক বছরের জুনিয়র আছিলো
/kaggle/input/regspeech12/test/test_sylhet_0565.wav,আর থার্ড ইয়ারো আমরার আরকি কমার্স যেটা একাউন্টিং ফাইনান্স আরো হায়ার ডেভেলপার ইন্টারমিডিয়েট তোমরার মেয়ে কিতা কিলা হউরিনি না মা সব মেয়ে
/kaggle/input/regspeech12/test/test_narail_0164.wav,আমার দিয়ে টাহার মতো টাহাও যাবে না ক আচ্ছা তা ও যে ডাক্তারটা আছি আস্তা বা যাত্তে আর যাবেনে যে যাবে আছে কায়
/kaggle/input/regspeech12/test/test_chittagong_0102.wav,আবার জি ভাই কুন দিকে আমার মধ্যে দিয়্যি হুনি দেহি দি তারফরে সেইম নাম্বার ন লরে চরে ও আইচ্ছা তো কুক আর গরম হয়া দে নিয়া লইতে চুদাইয়ে সামমে আই যাইবোগই
/kaggle/input/regspeech12/test/test_kishoreganj_0096.wav,হ তে না না ছা আছস না নি জলিল মুশারফ বইন নাহ বললে বাইন গুল দুলা
/kaggle/input/regspeech12/test/test_sylhet_0096.wav,দুইজনে রানা খাতা লাগে দুইজন যা না খাতা লাগে বাজার দরোর তো অখন বেশি বাজার দো কিরখম যে দাম চালো সত্তুইর ট্যাহা খরি একটু চাল সত্তুর টাহা খরি তো মানে মুটা ছারতাম যেগুলা আগে ওইবো মুটা ছাড়া অইলো সত্তুর টেহা দাম ওইছে এই চালা আনতাম মোটা ছালানতাম চলি টেহা দিয়া তাই ক্রিটিবিশ টেখাত আনতাম
/kaggle/input/regspeech12/test/test_sylhet_0068.wav,হুম বাই বিয়া খরছি বা তারার বাই বাইয়ে গিয়া খরতো নায় বাইরে ফড়া ওইছলো বাইরে খয়দে আমি কিতা ছাগল আমি বিয়া খরতাম তুমরা কিতা দিছে মন্দ ওইবো দুইটা বইন গর তো ইয়া বাই গিয়া ও
/kaggle/input/regspeech12/test/test_rangpur_0057.wav,কাইলকা বলে তামান আকাশ বলে ইয়া হইবে এই জন্যে অনেকে কইচে যে এক বছরের খাবার মজুত রাখার জন্যে এখন সে না আল্লা পনরো দিন তো সারে খাবার কিচু মজুত রাখার জন্যে এখন থাকি বলে কার না বিভিন্ন জনে বলতেচে আর কতা কইস না সরকার আর নাম
/kaggle/input/regspeech12/test/test_sylhet_0150.wav,মাতোইন নানি ওরকম না আমরার ফড়ালেখা খরা হেইযে ছেলে মেয়েরারে ফড়াইলায় কতাও খাম করলাম আফনের মেয়ে যে বিয়া ওইলো না কি না ত নিয়া আছেনি ওয় বড় ফুরিরে মেয়ে ছেলে হুরু ফুরিরে ছেলে
/kaggle/input/regspeech12/test/test_chittagong_0021.wav,এডা আম্মা ও গরি চিল্লা দি ছিল্লা তিন খান এক্কান জ্বালা ফালা গরি ফালার দে হরা লেখা ইগুর জন মজার হওয়া লাগবে গু দি আরো কম গরি মোবাইল টিকগো মোবাইল লই বেলে বউত জ্বালাত আছে তো মোবাইল টি বর কা তুই এই যে ছুডা নো নি
/kaggle/input/regspeech12/test/test_chittagong_0024.wav,এন খাইয়া আইয়া অবশ্য টেস্ট এর তুন আবার এডে আবার ডাক্তার খাছে গেলাম অসুখ খাতি হেতাম বউত খষ্ট গরি আগে ওইডে আঁর মা ওকগো বইন আঁরা অসুখ নিজে মাইরা কেউ বইন ফিরি বুন হইলি
/kaggle/input/regspeech12/test/test_rangpur_0011.wav,না আইসে না না আইসবার পোলা আইসবার দেয় না এলা কী ঘরে আবার বই আছে ও জানে এলা বার বেটির এত আদর এলায় ফির নি আসপে মাইনষের খবর নিয়ে না বাচবে একটা হ কার এই তো গলা আইসবার দেয় না তুই বা রাখছিস ক্যা
/kaggle/input/regspeech12/test/test_sandwip_0129.wav,ইয়া কি অনকার হোলাইনরে বাইরে অক্কর হোলাইন অইলে অইবো ন অইলে নাই এগার লগে যে আল্লাহর রাস্তা ছালাই দো এ হিসাবে শুধু শুদ্ধু নিজের টিয়া খরচ করে ইয়া করে আর অনকার না আঁর কাছে মনে অয় যে গুলাই নিজেত্তে অইততোচানা হে হোলাইন এরা গুদ চেষ্টা লাই যায়ামানে অনেক দিন টিয়া অইলে তো না
/kaggle/input/regspeech12/test/test_sylhet_0490.wav,খারণ তাইনোর দাড়া তাকি আমি অসুস্থ মানুষ আর আইজকে তাইনোর জাগাটা সুস্থ ওইয়া আমি আরো আশা খররাম আল্লা যা আল্লা ওতো বড়ো অসুস্থ ওইছি তারফরে ওখন আমি নিশা ওইরাম না আমি দুর্বল ওইলাম না তারফরে সাহস খররাম যে নিজের ভবিষ্যৎ কিছু আল্লা নিয়া আমার ববিষ্যত সুন্দর খরিয়া দেই আমি ওটাও আশা খরা লাগে যে এরফরেও ওতো বড়ো অসুস্থতা তারফর ইগুলো বয় খাইলাম না সাহস খরার লাগি তো সাহস তো লোক কি আল্লা ছিলো খন যে সাহস যে খরে হেরে আমি সবসময় আকবর
/kaggle/input/regspeech12/test/test_sylhet_0341.wav,তখন দশটা তাকি ফাছটা ফর্যন্ত ফরীক্কা দেওয়া তিন মাসের বাচ্চা রাখিয়া আইতা মানে মহা যুদ্ধ আর সেন্টার আছিল তোমার সরখারি কলেজো বাসা আছিল রাজি ফরীক্কাত যাইতাম গিয়া তখন আমার বড় যা আইছে তারে আমার ছেলেরে দেখার লাগি আমার বড়ো যা আইছে ফরীক্কার সময়টা সাপোর্ট দেওয়ার লাগে
/kaggle/input/regspeech12/test/test_sylhet_0055.wav,আর মা খতা লাগে না মা অনে আর খরছোইন তো মনয় বুঝছি বইনে ছেলে মেয়ে ফেনি এক সার খেলা ছোটো ছোটো তা তিন বছর ছলো তে আফনেরার ছুটবেলা লইয়া কিছু খইন মানে বাই বইনরার একসাতে কিরখম মজা অইতো কিতা কিতা খরতায় আমরা তো ছুটোবেলা অনেক কষ্টে
/kaggle/input/regspeech12/test/test_rangpur_0006.wav,হামার গুলা ইদোর দিগে তারা কয়টা নয়টা নয়টা বড় হইচে কি দিছি মা দুইডা নিজের চাই তা হামাকো দেন তো দুইটা কয় টাকা হয় দেমো এলা ওই লোক জুটি যারা আছে ভাই তোর কয় আছে করি মেলা কাডি খাটিয়া এহানো জোরে রান্দেন দে এলা নয়টা আছে সবাই চায় দে না কারে
/kaggle/input/regspeech12/test/test_sylhet_0017.wav,গাড়িতে নিয়া ইয়ো খরা আছে আঞ্চলিক ভাষায় যেটা খইন ওডা যা ঠাকুরে লইয়া যায় বাড়ায় বিস্বর্জন বিস্বর্জন দেওয়ায় বিস্বর্জন না কি আনন্দ বাড়ার লাগি রাখরোডে উডে যায় তারা গাড়ি নিয়ে মারে নিয়ে যায় নেওয়ার আইলা বিস্বর্জন
/kaggle/input/regspeech12/test/test_chittagong_0176.wav,সবাই অইছে এক গরে বইয়া এক বড় তা মানুষে সব সময় কিছু ন থাহে ইয়্যেন না মাঝে মাঝে তো থাহি যাইগুই পার্সন কিছু এত চাইলে সমস্যা নি বলে গেছি বিজি এরি আর কিচ্ছু নাই আছে লই মুবাইল আঁর তুন কিছু নাই কিন্তু কিছু কিছু আকি গি
/kaggle/input/regspeech12/test/test_sylhet_0372.wav,তারার লাগি যেটা ভালো তারার লাগি যেটা উত্তর নিছে সেটা আল্লা দিবা আর আমি যদি আমার বাফের টা দিবা সৎ পথে মাঝে থাকি তারারে যদি আমি ওই ফদটাদেখায় যায় তাইলে ইনশাআল্লাহ তারাও বগু তিন মাঝে ফড়বো
/kaggle/input/regspeech12/test/test_sylhet_0291.wav,দেখিয়া গেলা তখন অইলো তোমার স্যার মানে তোমার স্যারের সাথে আমার মিট নায় তার বাড়িত মানুষের সাতে ওইছে খাওয়া দেওয়া ওইছে কথা বার্তা অইছে ডেইট উট কইছে যে আইচ্চা ডেইট ফরে ফিক্স করা অইবো নে এনেজমেন্টটা ওই জাক
/kaggle/input/regspeech12/test/test_narail_0021.wav,যে বাবা আমি চইলে যাচ্ছে দলোর এট্টু আনা নিয়া অর জীবনের কন তো মারে করিছে ওইদিনে যে তোর মা মরি গেছে তর এই মা আইছে সেই সুমা যে সব আসিয়া ওইসে আইসে সে বুলবুল কতা কয় এই বিষয়ে ম্যালা দিন আইছি ওই যে তুমার বড় দিদি মা ছোট মামি আমি ওই যে আইছে
/kaggle/input/regspeech12/test/test_chittagong_0086.wav,ও ইয়্যেন না বুলি যে লেবু শিখনের ফরে তার লাইন আরে না এইরকম কিছু অইতো ন আঁরার ওই আছে তে ইস্কুলো ফড়তাম হুম আরে গা ফলে মাইয়া আসলে ওইটা তুই ললিতা ইতে কলেজ আমার ইস্কুলোত আসিয়া বেশি মোটা করি মাইয়া বে
/kaggle/input/regspeech12/test/test_kishoreganj_0200.wav,একবারে ছামছা মা না আমি কবো বুজে না এই ফরে দেহো কি
/kaggle/input/regspeech12/test/test_sylhet_0523.wav,বালো ঠান্ডা লাগে না না না ইলা না আমি তো ঠান্ডা নাই আমি এখবার ফরতো আছলাম না ঢাখাত গেছছ ওয় দেখা যায় মোর মামার কিলান গেলা ব্যাক
/kaggle/input/regspeech12/test/test_sylhet_0322.wav,আর সারারাইত ফড়তাম খুব খম ঘুমাইতাম তো তাইন যখন কলেজ থিকা খইরতাম অলরেডি আমার যখন ইয়ো ওইছে এনগেজমেন্ট হইছে ওনগেজমেন্ট এবং বিয়ার মাজামাজি টাইমো তাইনের এমপিও আইছে তাইন এখটা কলেজো ঢুকছিলা কিন্তু এমপিও আইছেলো এখন যেটা আছে ওগুতো
/kaggle/input/regspeech12/test/test_rangpur_0083.wav,কাম কাজের ধরন শাজানের কিন্তু আলচে সাতির মাও যেমন চলে সেইজন্য কিছু ধরন ধরন সাতির আলচে আরও পুরে আকি অতো নোয়ায় কতা ঠিকে আগেকার মাইনষে যে কইচে ঠিকে কতা খারাপ নোয়ায়
/kaggle/input/regspeech12/test/test_habiganj_0011.wav,না এরা বয়স ওইতো আর এরে বিদেশ ফাডাইবো ইতালি বাড়াইতো তো ইটা ফরে তাখবোনি মোবাইল লাইফ ইস্কিল আন্না খষ্ট ফাইয়া না আমি খই আর তে কিতা তা আমি আনতাম আছলাম ই বিস্কিট ওই কারা আনছিন আরকি
/kaggle/input/regspeech12/test/test_sylhet_0272.wav,ওখন তো ইগু টু ফাইবার দারে গাছো গেছে না ইতো শুরু অইছে আরেক কান্দা বাইয়ে তোমারে টার্গেট দিলাম তো টার্গেট ফর্যন্ত কছতে ফারলাম না তখন ভাইয়া ইয়া খইলা যে অবশ্য না ইটা তো অনেক আটটা সেমিস্টার এক সেমিস্টার গেছে ফরে সেমিস্টার বালা খরলে তোমার রেজাল বালা অইবো তুই আর একটু ফরে
/kaggle/input/regspeech12/test/test_sylhet_0180.wav,নাই শান্তি আছে না শান্তি মাইনষের ফুয়াইন লইয়া তো দূর্গতি ফরের বাড়ি গর্বের চা লাগে ফাতলা আর খান্দা কিন্তু ওউ এক শান্তি আমার বাইচ্চা কুনতা তাইন রেডিও ভাবতাছে আমরা আমরা আমরা তো ফড়া শুনা খরি স্টুডেন্ট আমরা একটা প্রতিবাদ লেখতাম আরকি আমরা কোর্সের লেখাই আর কিচ্ছু না অখন তো সন্দার সারা ফুয়াইন নাই ঘরে অরে
/kaggle/input/regspeech12/test/test_barishal_0032.wav,নাগে গাছ লাগায় না না রাজালা দা দা টুক্কা আছে অহন চুরাচুরি বেলা ওইছে দি
/kaggle/input/regspeech12/test/test_narsingdi_0090.wav,ঠিক না করো না বাড়ি কয়ডা আমরা বাইত যদি অরডা স্পিক থা বা কেউ জিগায় সাউন বক্স আছে আমার কইত্তে অইবো কয়ডা লাগবো খালি ক ক আজার লাগে আইস লাগবো এক মিনিট এগুনে আমরা থা সান্স কয়ডা একটা ওই যে ইয়ার লগে টিভির লগে কানেক্টর দাম
/kaggle/input/regspeech12/test/test_sylhet_0643.wav,তুমি কুন সেজো আতো মানে কিতা কিতা শি খয় খয় জানো সহালে বিশেষ কইরা কা শেষ খইরদি রায় কতা শিখলে তো গান খয়টা তুল শামিম একটা গান দিছে হুম আপনার একটা সিলেটি সিলেটি ভাষায় মাত পায়
/kaggle/input/regspeech12/test/test_habiganj_0073.wav,আমি যদি জানতাম তাই তো ইতা শিখতা ফারলামনে হ্যা আমরা কেরে যে আগে মানে গাছে না ওইলো না আবার বাড়িত বইয়া বইয়া সময় গান আইয়া বইয়া বইয়া সময় খলাগাছে
/kaggle/input/regspeech12/test/test_sylhet_0312.wav,আমি খইতা কিতা তে কথা ওইলে মেইন দি কিনলাম না সাজুগুজু খরলাম না কুনুদিন সুখি না বাটা অইলো না রাত্রে আইয়া খয় সখালে বিয়া ইতা কিতা অয় বিয়া হাসাও বিয়া ফরেরদিন বাবির বিয়া খরা মা ওইছে
/kaggle/input/regspeech12/test/test_sylhet_0317.wav,তারা রাজমোখলতা যে আর কি চলে আছিল বিল্ডিং পাঁচতালা বিল্ডিং ও চলি যাবার ভাগ ছাড়ছে না ঠিকাছে বাড়ি না ফরে তাইন বাসা লইছেন ফরে হোস্টেলো যে আমার চায়ের কাপ আছিল চা চায়ের ফাতিল আছিল রান্দার যে ছুটোখাটো ম্যাটেরিয়াল আছিল টাল বাসন
/kaggle/input/regspeech12/test/test_sylhet_0619.wav,তার না আমারে কল দিছে দিয়া খইছে আমার ছাছা মারা অইছে আমি খইরা বুলন ছাছা খইলো না খাছি ছিয়া কি অনেক দিন তাইক্কা হুনিয়া ক্যান্সার অইছে আর ওউ মারা যাওয়ার ফরের দিন তারা আবার গেছোইন রাত্রে আইরা একটা সময় আর গুলে কুনু একটা খাজের মেয়ে আনি ফানি দিলাই তারা বাড়ি একটু গেছলে না তারার বাড়িত ছিড়ে দিয়া যায় উঠার ন খাই ফানি ছাড়ি দিছি খাওয়া মা
/kaggle/input/regspeech12/test/test_narsingdi_0099.wav,জাগা সুন্দর ইয়া বই লইয়া ভাবা যা আমাদের ভাই গুলো বিয়ের হয়ে গেছে তুই করছ নাগে আমি অনে ই সময় আছে বস দেকি এক্সেস দি
/kaggle/input/regspeech12/test/test_sylhet_0340.wav,এরে লইয়া অখন রিটেন ফরীক্কা দিতাম প্যাটের ভিতরে তাখলে তো আরেক শান্তি থেকি বাইর অইছে অখন তুন জানানি লাগে অখন বাদে ই প্রথম বিসিএস ওইছে কিতা সখালে ফরীক্কা বিকালে ফরীক্কা বুঝছো সখাল দশটা থিকা এখটা আবার দুইটা থিকা ফাচটা
/kaggle/input/regspeech12/test/test_narail_0051.wav,তোর বাবা আরো তোর কাগারে ডাল ছিলাম তোর বাবা এক করবার ওহনে জাগা মাফ হইছিল তোর বাবা জানে যে সব জাগা ওগে তোর বাবা আইছে রাজি রইছে কয়খান আমাগে যা সুমায় নাই তারপরে কুট পুতি সেই সময় বেডা ছাড়ে ফুতিছিলাম অহনে মিশে কইছিলাম যে তারা যতকোনাজির নাই
/kaggle/input/regspeech12/test/test_narail_0097.wav,ও যেডি শুনবা না বলে না মা মাল বাজি হজার তো দেহা গেলো অইলে এই কোন তোরা কতা কয়
/kaggle/input/regspeech12/test/test_barishal_0059.wav,এমনে না কি কি কই না আমনে হোনেন বোঝেন আমি কিন্তু আমারে দেহেন এরম বেলেট দুইধারে ধান নাম ওর ওইরম দুইদিক চলে নো একদিক চলে না মোর কাটবে দিন এমন দিন গেছে
/kaggle/input/regspeech12/test/test_barishal_0067.wav,এই একটা সময় মায়ে উইঠে চা বানাই দিছে হেইয়া খাইয়ে ঘুমাইছি আর এই যে এহন লোক কি আনছি ওরে সরস্বতী পাশে থুইয়া ফুজা দেওয়া লাগে ওগে পায় এহন কর যুগের বউ পরে যদি দশটার সময় কই না যে না হে এট্টু চা বানা ভাল্লাগে না কয় এহন আর চা গেলা লাগবে না ভাত খাইয়ে ঘুমাও
/kaggle/input/regspeech12/test/test_narsingdi_0084.wav,ঘোমামু এইডা এইডা খুব খারাপ একটা জিনিস একটা পোস্ট খরছিলাম ফেসবুকে যদিও খারাপ লাগে মাইনষের অন্যান্য দিন নগর শহরে হেইডা যেডি খারাপ মেইনলি অনেকে দরে আর কি এডি লইয়া কত প্ল্যান থাকে ইদ লইয়া কুনু প্ল্যান অরে আমি
/kaggle/input/regspeech12/test/test_habiganj_0085.wav,আর তোমরা খ বাইগুন আমরা দুই বোইন তিন বাই আমি বড়ো আর এরা কিতা খরে না লেখা ফড়া খরে আমার বাই টেকনিকাল ফরে আমার বইন ওইলো গিয়া নাইনো ইবার মেট্টিক দিবো না হেরে টেনো ফড়ে
/kaggle/input/regspeech12/test/test_narsingdi_0046.wav,না কইছি খাটাইতেছি ক আর খাবারে তাছে আর ঠিক করার কতা কবি আমি আর মনে কইরা কিদ্দা কিডা
/kaggle/input/regspeech12/test/test_barishal_0053.wav,আগে না আইসে না মোগো গরু কইছে পাইছি মোক ঘরে দুইজন পুরো যার যার কোনো সুমায় দেয় করে যা এহন হোনেন এহন এহন আসল কতায় আহি সাড়ে চাইর হাজার টাহা কিডা কিনছি মাত্র সাড়ে চাইর হাজার টাহা মুই তিন দিন কাটছি তিনদিনে মনে করেন মুই ছয় বাদার কাম করছি একলা
/kaggle/input/regspeech12/test/test_sylhet_0122.wav,থাইক্কা না না হ যা তর আতটা সময় যায় এগারোডার সময় আই কোট্ছা আর কেলা সময় আইয়া খয় দে আবার তোর যাই গা খেলার যায় গি সকাল যায় গি বারোডা সময় আইয়া যায় গি খেলার
/kaggle/input/regspeech12/test/test_barishal_0086.wav,তিন মাস একটা না যত বছর আইজকে কাম করছি বিশাল বাগান কেনছে হচ্ছে বারো লাখ টাহা ভাঙ্গে নাই না তা মনে কর নৌকার ওডলে উপার ওডলে নিচের যে থাকপে ওয়ার পারবানে কিছু ভালো মন্দ ডিফেন্ড করে ও ওইছে একশো কুলা মাইনসের লাইন ও এক দিকটা মানে তা মনে হইছে
/kaggle/input/regspeech12/test/test_narsingdi_0126.wav,কয়ডা ছড়ায় গেলো গাছটা আসতে ভালোই না যে মামা আসলে কি প্রেগনেন্ট ছাড়া নাই প্রেগনেন্ট ছাড়া থাকবে তুমারে স্পেশালি টি তো ফেছাল মশা না হেরা এই জাগার মদ্যে অনেক মশা হয় না কি অরে আলিয়া যাই মশা গাড়ি বাড়া ঘুরাইয়া যা আছে
/kaggle/input/regspeech12/test/test_rangpur_0113.wav,মুই দেখছো হইলো এই যে কফি আর হইলো পলি হুম এই দুই টামার কফি আর কলি পলি পলি কলি কলি নাম হ কলি না পলি কলি হুম
/kaggle/input/regspeech12/test/test_barishal_0046.wav,সংসারী করবা কয় আমনে মনে করেন এই যে মুই গাছের কাম করি মোর এট্টু মন চায় না জরাইতো মেরিট পাক হইয়া যায় ফরতেক দিন মোর ওষুধ খাওয়া লাগে ব্যথার ওষুধ গাব তার খাইয়া খাইয়া এত কষ্ট করি সংসার করা খামু ফেনদামো সব করমু ইকটু উনিশ বিষয় অইলে মনে করেন হেই সময় আর
/kaggle/input/regspeech12/test/test_narail_0062.wav,পুকুর পাড়ের ওই পাড়ের বিটা কা গেছেলো চিকা ওই যে শুভ গেছেলো গ্যাস বাগান ভরা আছে বেদব ন ছেলো না হ ব্যান ভরা ছেলো তাই কাইটে হেলায় তোর বাবা অনে কমি লাগানো গুলা জানো এই পুকুর রেই বাড়ে না ওই বাড়ে
/kaggle/input/regspeech12/test/test_chittagong_0101.wav,আর ইংলিশ থার্টি লাইগা করে এ প্লাস আইবো এ প্লাস ফুরুতা ন আইয়্যি মানে সাইয়েরে বই থাইক্কি তো আমি আঁই ও ভাইয়া করমু ফার বিল না খা তুই আঁই শিয়াল দিছি তো আর মনে কর যে একটা ইংলিশের মদ্দে খোনো ভুল লইয়া দিয়া অইয়্যি
/kaggle/input/regspeech12/test/test_barishal_0056.wav,এরপরে হেত ন গরে একজন আর আবার এট্টা টামা কিনছি এক হাজার টাহা নিয়ে দিয়ে থুইছি অর আর মোর ছয়ডা আডি হইছে এক হাজার টার্কোর তার মোর লোজখান আছে এডা তো মুই বুঝি যে গরু করলে পারলাম না পারলে বেচ্চে দিলাম মোট এক টাকা দিয়ে নিতে হইবে যে না সংসারি করলেই কষ্ট করতে অইবো হের একজন আর পার ঢান্ডা দিয়ে থুইলে জীবনেও সংসারের উন্নতি কইরে করে দেওয়া লাগবে না
/kaggle/input/regspeech12/test/test_sylhet_0086.wav,আমার একটু কোন আমি আমি কই লইয়া বই আর কি আইচ্ছা মানে আর ফরে বেশি বালা না অনে একাডেমিক বই নাই না আমার বই অবে ফরে অনেক একাডেমিক কলেজের বই আচ্ছা কুন সাবজেক্ট পছন্দ বেশি হানে ইকোনোমিকস ইকোনোমিকইকোনোমিক্স খানে ফছন্দ আমার ইকোনোমিকস নি ফছন্দ আমি জানি না যে বেশি বুজি তা অন লাগলে তে হগল আমার একটা আমার এখটা একটু বুঝায় দিলে আমি বুঝি নাই আমার আর অন্য বুঝা নিলাম আর তোমার বাট লাগে না পড়াশোনা খরতে বাল্লাগে না বাল্লাগে
/kaggle/input/regspeech12/test/test_sylhet_0028.wav,সবার খাছে সাদা নিয়া পূজা টা খরায় আমাদের মন্ত্রণালয় থেকে যে মন্ত্রণালয় থিকা যাওয়া অয় টাখা বুচ্ছো মিয়া উলের বড় সবাই টাকা দে মানে পূজা করতো অনেক টাখা লাগিতো অনেকটা ভাবে যে সময় সবাই টাকা দে তারফরে ফুজা খরা নষ্ট ফুজা
/kaggle/input/regspeech12/test/test_sylhet_0201.wav,আর গুমাই গেলে ওই সময় যখন ফড়তে বালা লাগতো না আমার আম্মার এমনে প্রাতিষ্ঠানিক শিক্ষা নায় কিন্তু ফড়ার ফিছনে তাইনোর অবদান আছে তাইন খইতা ও ফুত ফড়ি লাও আরেখটু ফড়িলাও আরেখটু খরিলাও ই ইস্কুলটা ফাশ খরলা আর খইতাম না ফড়ার খতা
/kaggle/input/regspeech12/test/test_sylhet_0681.wav,কেমন জব ফাইবার ইচ্ছা খরার ইচ্ছা অখন তো আর বয়স তেমন নাই এক বছর আছে তুমি তো না তো সংসার করা ফড়া লেখা করে জাগা দিয়া অইলো হয়া যায় তোমার তো সময় ওই সংসার করা বাইচ্চা রাতে লইয়া অতো সময় কোনো সময় যতো রাইতে বা
/kaggle/input/regspeech12/test/test_habiganj_0045.wav,না গাছ লাগানি আমারও বালোই লাগে তো গাছ লাগানির লাইগা খাইছি না কিন্তু আমি কিতা খরমু গাছ তো আমার তে অয় না কুনু গাছ ই অয় না গাছ লাগাইলে ওই ইতা বালা খইরা অয় না খয়দিন দেখা যায় একটু বড় রই আবার ইতা ইয়ো ওইয়া যায়গা আমার তে গাছ ওইছে অয় না আছে
/kaggle/input/regspeech12/test/test_narail_0026.wav,ওই যে ছেলে পেলের খেলার মাট নেয় আমার এক দাম করিছিলাম আর ওই ব্যালগাছটা দারে ওগে ভিটে সব ওরে অলে ওই নাইরকেল গাছটা ওই যে ওই পর্যন্ত এরে পুর কাজা হইছে ওগে যা না তার হয় তোই মাঠে
/kaggle/input/regspeech12/test/test_barishal_0080.wav,তন্ময় সম জীবন হাল দা দেখ
/kaggle/input/regspeech12/test/test_sylhet_0512.wav,কিন্তু বাসাটা কিন্তু সুন্দর আছিলো আইলাম শান্তি ফিরাইছে আমি নিরাইছিড়াই বাসাত তাখতে ফারতাম না আমি মানুষের লগে ব্লক খরতাম ওর ওক
/kaggle/input/regspeech12/test/test_sylhet_0063.wav,মানে কি লাই ফ্রেন্ডে না কলেজো যে কোনো বান্দবী কিতা ইতা কিতা খরোইন এরার সাতে বা এখন খার খতা ন না বা স্কুলে ইবার বেস্ট ফ্রেন্ড যে খতা মনো বাইরে লইয়া অনের কী হয় গেছি বন্দর কয়েকটা আছে তিন মাসে বিয়া অইছে না ইনো থাখতা
/kaggle/input/regspeech12/test/test_narail_0042.wav,সুব্রতরা বাড়ির বাগানের ভিতরে ওনি কোনো জমি ছেলো নেই তো তো শুনি ছিলাম যে ভিটের সাথে বলে ওই বড় বাড়ি ভিটের সাথে তোগে বলে কান এট্টু ফাকে হ ওহনি বলে এট্টু জাগা আছে নাকি ওই যে ইয়ে বাগানের ভিতরে হয় ওনি জাগার কাহিনী জানো কি ভাই আমি তো জীবনে যা হে জানা আমি জানি কাবাবে না ওই জাগা কাহিনি শোন
/kaggle/input/regspeech12/test/test_tangail_0090.wav,ছবি সুবিধা দেখা যায় যে রানী মুখার্জী থাকে সে একটা কাল্পনিক শহরে থাকে ওই জাগা এক প্রশ্ন টিও আর কি কিন্তু ওই শহর একদিন রনবিরকাপর আছে রনবিরকাপর আহে ওই সিনেমাওয়ার নাম থাকে রাজ
/kaggle/input/regspeech12/test/test_sylhet_0167.wav,যুদ্ধের ফরে কিরকম অবস্থা আছিল মানে যদ্দুর ফরে কতা মানুষ অস্তে ওই যে একটা মাইল গাড়ি তুলছো না ও তা আটার মাঝে তো মানে লেইখ্যা যাইতো গা
/kaggle/input/regspeech12/test/test_kishoreganj_0198.wav,এই যে ভাত
/kaggle/input/regspeech12/test/test_rangpur_0086.wav,বলে না এইডা যে প্রথম রমজান তারা দেখছে পোথম রমজান কম হইছে রে দিন হইছে বাত একটা ফোটা নেছোত পোথম রমজান শুক্রবার মাজের রমজান আছে না এইটা হইলো শুক্রবার সেটা নিছেলো সালাম বলে কয়া গেইসে এই যে পথম রমজান শুক্রবার হবে মাজের রমজান টা শুক্রবার হবে ওই ষোলো তারিক আছে না ষোলো তারিকও হইলো শুক্রবার এই যে বাবার ত ফুটায় আছে হ ওই ফোটা আছে এই যে এডে দুর্ভিক্ষ দেখা দিবে দেশে
/kaggle/input/regspeech12/test/test_sylhet_0135.wav,ফালানি তোর নি যাই না আমরা তো সিলেট কেউ নাই তা তুই সুজন কেউ নাই আইচ্ছা গরোর মাঝেই খাটে হুম ঘরের মাঝে কুনু যাইবার জাগা নাই এমনেই বিসসি কেও গুরা গুরি অয় না জি না ঘুরা ঘুরি ওয় না ওই গেলে দে বছরে ঈদের ফরে গেলে বাইত যাই
/kaggle/input/regspeech12/test/test_rangpur_0108.wav,হা ঘাস টাস নিয়া যায়া দেইস না হ মুই বাছো না আরও কয়দিন যে দেকনু পাতা কুড়াইলু পাতা কুড়ি টুড়ি নিজেও খিলাম তো
/kaggle/input/regspeech12/test/test_sylhet_0361.wav,এটা বলো দুনিয়ার একটা ব্যাহেজ আর ইনোর মাঝে যদি তুমি হ্যাপিনেস্তা রাখতে ছাও ইখানো টাইম দেওয়া লাগে আর ই টিচিং প্রফেশন ছাড়া আর গো ব্রেন ড্রা তুমি স্বামী সন্তান সংসারো টাইম দিতায় ফারতায় না তার যে ইদিকে টাইম দেওয়া হিদিকে
/kaggle/input/regspeech12/test/test_sylhet_0132.wav,ফুড়ানি উড়ানি ওইছে নানি না আমি ফুরা লইছি না ফুরান না ফুড়াইছোইন না টেখা ইদো দিবো বনে ইতা খইছে না না ইতা খইছে না আগের মাইয়ে তাইলে তো ঠিকো ফাইলাম আগে মাইয়ে চাইর আবার দিলো নে ধর আমরা ফুরান মাই তাকতে দিলে একদিন আরা দিয়া একশো দুইশো
/kaggle/input/regspeech12/test/test_rangpur_0087.wav,তারা কেমন আছিস কেমন আছিস আলহামদুলিল্লাহ ভালো তোর সাতে একনা গল্প গুজব করিম মোবাইলোত রেকর্ড করিম সমস্যা হইবে ক্যা এনা করিম আর কী গল্প গুজব করমো আলাপ আলোচনা করমু আরকি
/kaggle/input/regspeech12/test/test_rangpur_0063.wav,সাইজে কম আল্লাহর কাছে আরো একটা কী করবে আচে ওডে বাইরে কেমন আল্লায় যদি মানে জানি মিস করায় টিল্লা একটা জিনিস
/kaggle/input/regspeech12/test/test_sylhet_0226.wav,ফড়ার একটা টেনশন খবা নাই মানে আম্মার লগে নাই বাই বইন লগে নাই খেউ নাই নতুন এক জাগা সব মিলাইয়া মানে খান্দি মনে মনে খান্দি আর ইবায় ফড়ি আমার তো ফড়া রেজাল্টও বালা খরা লাগবো
/kaggle/input/regspeech12/test/test_sylhet_0714.wav,নিয়া তাখা বিডা কেমন সুবিধা বালা আছি গেস্ট দেওয়া আছে নি না কিতা আমরা গর গ্যাস আছিল না এখন আইনছি ই তো আমার ফুরি বিয়া দেশি মেয়ের গরে নাকি তা দিছে শীমঙ্গল
/kaggle/input/regspeech12/test/test_habiganj_0038.wav,আমার এক বইনে আছিলো আর মনে কী করতো একান্ন ভুটি ফরিবারের দিক্কা বালো খইরা রান্না খরতে ফাস্টে দিকে ফরে সবাই প্রশংসা করতো ফরে দেখা যায় নিজের উফ্রে অখল ঝামেলা আইয়া ফরে তো এরফরে কিতা খরছে একদিন তর এরফর তিকা দরকার তে বেশি বেশি ঝুল দিয়া রাখতো যাতে বেশি মজা না লাগে
/kaggle/input/regspeech12/test/test_sylhet_0428.wav,না ফরে এখজন বারোইছে আরে ওজন মানে সিনিয়র ম্যাডাম বাড়ি খইছোইন বুইছো আইসা বাড়ির মানুষরে ছিন্তা খরবো না ম্যাডাম মানে রিয়েলিপরোশনা খরা শুরু খরি দিছে দোয়া খরচ অবে আর বালা তইলে তো আর দিছোইন এখনও পরাশুনা অইছে গা দিন একটা ফড়াইছোইন প্রায় দশ শাসন ওইছে ইলা বিরখতো বড় অপরেশন ওইছে
/kaggle/input/regspeech12/test/test_sandwip_0041.wav,না আর সি টিফিন আই কাইলকা লগে তুই মাছ দি বাইরাইছি আইজ্জা হইলে ভাত লই যাইন
/kaggle/input/regspeech12/test/test_sylhet_0566.wav,থিউরি ফড়ায় না তো আছে থিউরি বেশি থিউরি দিয়া দেই ওই যে থিউরি ওয়াই কিতা সলভ খরো ম্যাথ করা এপ্লাই খানা আরকি একবার টাইপ আছে থিউরি নেই ফুরা আগা গুড়া তো মেত আর থার্ড ইয়ার তো কুনু নন ম্যাচের সানসেট নাই
/kaggle/input/regspeech12/test/test_rangpur_0045.wav,এই জাগা লাগি করো মনো করো এই মক্কা দেহায় যে কতা তো কুরবানি ব্যাগ নিয়া অল কোরবানি দ্যান তুই কার হয় নাই এই তো সকাল তুলে এক ছিন্তা যে দশ দিন করতে এবার পায় বাড়ি
/kaggle/input/regspeech12/test/test_sylhet_0579.wav,কয়েক মাস তো ফোন ই আছে না খালি বেশি দেখার বা না সায়ডে কিতা খয় ফরে তে আবার খই না বাট ছাড়া মানে না লাগবোই তোমার বাই লাই তা ফারি
/kaggle/input/regspeech12/test/test_rangpur_0032.wav,গেছে দি ওরে আল্লাহ ওই সে দো সাই চালাই খানে হেই লোক গান লাগাইতারবে ক্যা কান্দার পায় না কেমন করিয়ে ওমরা গোস্ত আর আটা এক ঠাই করে করে আনে তো দুখেনও যায় এখানও যায় হাড্ডিও যারে গরে কা সেরা কতা
/kaggle/input/regspeech12/test/test_sylhet_0458.wav,এখন বুচ্ছোনি এখন আমার এক মন বড়ো তাইন কানাডা তখন জুয়া নায় আমার ছুটো না তাইন মা ছুটো এরফরে আর গো আছি
/kaggle/input/regspeech12/test/test_rangpur_0106.wav,তারপরে খাজাও তো আইসে আমার এক নোয়ায় খাবাই খাজা আইসে তাইলে ওই বক্কর বাদে সবাই আইসে হ
/kaggle/input/regspeech12/test/test_narail_0070.wav,বাইরে গেছে ভালো সমিস্যার সাথে বাইতে গেছে সমিস্যা তালে সাথে এহন মেলা দে না বা দিছি বাড়ি ব্যাডা দিছে ভালো ম্যালা তো নাগবে তার আইছে আমাগে কোন জেলা আরে ও ঠাহুরির যে জমি ও জমি ঠাউর মেলা জমি কেউ ঠাহুরির ও জমি তো ঠাউর খাই যাতি পারবেনা
/kaggle/input/regspeech12/test/test_kishoreganj_0114.wav,আবার এই যে ফত্তঙ্গা পানি আবার পাখিরা কেলা কা ই গর পাখিরা কেলা কা ই গর হ্যাঁ ই গর হ্যাঁ কি পতম কেলা কা ফাকি কি পত্রে কা পাখি হ্যাঁ খর গোস্ত খায়া কেলা বাকি খউকা খায়া কেলা বাঘে খ গুস্ত খালা বা আর সাফে খায়া কেলা ই গর সাবের এ লেইখ্যা
/kaggle/input/regspeech12/test/test_narail_0081.wav,ইডা যে ক্যান এ তো শুদ্ধ হইয়ে অলো হঠাৎ ছিলো ওইতো নিয়ে কি এই বার তালি তালি তোর তোর সাথে কথা কতাম না ওইছে এই তো তুমার জমি তো আমার সুনাম শুনা সে সুনা না বুঝছো
/kaggle/input/regspeech12/test/test_sylhet_0078.wav,তুমি কিতা জানি খইলায় ফুল পুলিশে ওইছে পুলিশ পুলিশ বাড়ি লাগে না আমার ছুটো তাতে ছুডুকাল থাইকা পুলিশরে দেখলাম গেই বালা লাগে না তাই ওইতে ফারবো আসলে দেখতে অলা লাগে না পুতা ভাব আছে ডিফেন্স তে আমারে করি আসামী ধরে কুলাইতারি এমনে গিয়া কিতা খরলায় না বাসা ওতো গিয়া
/kaggle/input/regspeech12/test/test_sylhet_0388.wav,এমপি গিয়া টা গেতাছে নানি ফুটকা বাবা সুদ একবারা আলু খাইয়া গিয়া সব সময় কিতা খরলাম না আর কিতা বাড়ি কবিতা ফারোনি
/kaggle/input/regspeech12/test/test_sylhet_0310.wav,কুনু প্রিপারেশন লাগতো না বিয়া আমরা ওউ শব্দ অবস্থা আমরা খরমু আফনারা টেনশন আফনারা খালি যাইবা গিয়া খাইবা আর কাবিন ওই যাইবো ওউ বিয়া
/kaggle/input/regspeech12/test/test_sylhet_0585.wav,ছেলেরারে আমি দেখছি এরা যারা নাইন টেন ফর্যন্ত বেশি গাছের থাখে বা ইগুলা মানে ফড়া লেখা দূর দু থাকে এরা যেসময় একটা টাইমে গিয়া একটা ঠাক্কা খায় বা বুঝে এরা চিকিৎসা খরতো ফারে এরা বেয়াক কিতা খরতে ফারি আরকি ঘুইরা দাঁড়াইতে ফার কি দিছে উজ্জ্বল স্যারে তার ছলা
/kaggle/input/regspeech12/test/test_sylhet_0401.wav,চাইরটা বেডি মানে চাইর বছরে মারা অইতেছে তখন আমি আর ঠিক থাকলাম দিলা কিভাবে মারা গেছে তারা মানে তারা পরে সুস্থ থাখে ওই না না বাবা গুরু লাগে নি গেছে সেদিকে যে কি যে গরম লাগে না যদি একটা পাখি হইছে আমার লাগে ন জানো খারাপ কি কি তো বিসা
/kaggle/input/regspeech12/test/test_sylhet_0209.wav,ও এসএসসি ফাশ আগে তো আমি মনে মনে ভাবি লইছি এসএসসি ফাশ খরি যে শেষ ফড়া শুনা আর ই লাইফ তাখতো না আরেকটা নতুন লাইফ শুরু ওইবো তো ইটা দরো দুই আজার আগের খতা খইরাম আমি তখন দুই আজার সালো ক্লাস নাই ও ফড়ি
/kaggle/input/regspeech12/test/test_narsingdi_0071.wav,ইস্কুলো খরে থাকতো না মানে ভার্সিটিত দিয়া টিচারে যখন কয় না মোবাইল বাফরে ওরাও ফইরা দাও তহন মনে লাইফ সিরিয়াসলি মোবাইল বার কলেজ যদি দেই স্কুল কলেজ লাইফ ন আছিলো আল্লাহ তে লেহাফড়া কেমন চলে দেহি
/kaggle/input/regspeech12/test/test_sylhet_0228.wav,বড় খরার বাদে জিগা কিতা বা রাস্তায় ঘুরে বড় খররায় দেকি তোমরা কুনু প্ল্যান আছে নি খয় বইন বিয়া দিমু গেইট উট বান্দা লাগবো রাস্তা বড়ো না অইলে গেইট বানমু কিলা অবায় জামাই আইবো গাড়ি আইবো ওতা আইবো খতা আইবো তার মানে আমি দরি লিছি যে তারা দিলাইবো আমারে বিয়া অলরেডি
/kaggle/input/regspeech12/test/test_chittagong_0125.wav,এন্নে ওকগো ফ্যামিলি ফড় গি তিনজন মামি ফো বা এই তিন জনে মিলিয়া রাইন্দে ফুফি সের জন্য নে হরে যে খতা খয় তা খয়টা দিক গেছে হতক্কন ফুফি টেক লম্বা ক
/kaggle/input/regspeech12/test/test_sylhet_0730.wav,দিন বাদে তুমি যা টাকা ফরে বাত খা অনে তো কতা আরে না দিন তো না লাগে আমি আমার মা আর কি তো ওরে তারে দাইয়া জমা ইরা দেখলা আর
/kaggle/input/regspeech12/test/test_narail_0024.wav,মামি আসো না আমি দেহাইছি না আমরা বউ বার যে সুমায় আইছে সেই সুমায় বড়ডা আইছে চালি আইছে কালি মা আছলি বাবা ওই খন একটা বিশ খাইয়া যে মরিছে কুনডা
/kaggle/input/regspeech12/test/test_chittagong_0074.wav,ইয়্যান তো লইবো কিন্তু সাবজেক্ট বেশি এক্কানা বেশি নেওয়া লাগবে না হ কী নিজি কি লেখা ফড়ার ফরে না আরে দুনোজন না আইলে আঁরে দুনুজনিতো তে আইছে বুঝে আঁরা মনে খতা খই চাই মাইয়া আরে
/kaggle/input/regspeech12/test/test_tangail_0055.wav,বাট হোয়াট হার্ট স মোস্ট ইজ নট টেকিং এমুমেন্ট টু সে গুড বাই মানে আমার আমি আমার আমার মনে হয় যে আমার জীবনটাই একটা বিধায় দেওয়ার একটা
/kaggle/input/regspeech12/test/test_sylhet_0674.wav,তারা কিতা দেখোইন যাইবে আনে না গান কইসি সুন্দর রাতে বালা লাগে না তার বলা লাগে না আর বালা লাগে খালি
/kaggle/input/regspeech12/test/test_sylhet_0609.wav,এরফরে দেখি বেশি কাছে কিতা কিতা তো খইলাম আফনি কলেজো কিতা কিতা খরিয়া গেছে না স্যারোর লগে ওই কিতা গুলাই ঝামেলা ওইয়া গেছে বা খই মনো ওইছে সব কিন্তু খতা আমি চাজ ওইছেলো খতা
/kaggle/input/regspeech12/test/test_sandwip_0053.wav,আচ্ছা বাফের এগগেরে ভইরা আঙ্গুলে বইয়া যাই তো ইয়া শাহিন দের ও কইলো এগগেরে কোদাল খোদা লুডি করছিল বলে ক মানে
/kaggle/input/regspeech12/test/test_sandwip_0119.wav,আর ফোয়া ফার লেখা খালি তাই এত ইয়া গুল্লা খও সুন্দর গোসল না করা চাইল হিয়া গুল্লা খাওয়া সুন্দর আখল হ হোলাইনে লাখ সুন্দর অইবো হোলাইন জাহিদ র খান তো আঁই দেখি না
/kaggle/input/regspeech12/test/test_sylhet_0449.wav,এর আর যে সমস্যা সমস্যার লাগে আমি কাছে তো বাজারো দূরে অই যায় আমার বাজার দর না তো গেলা গি রিকশা লইয়া আইয়া দিয়া লাগা আটা অইলো বাজার ইয়া অইলো আর বেশিরভাগ আরো বাজার দর বাগান
/kaggle/input/regspeech12/test/test_tangail_0111.wav,তা আমার যেটা মনে হইতাছে যে ইটা একটা চক্র করে বুঝতে ফারছিস না আমি আবার আরেকটা কথা শুনলাম ওইখানে নাকি ওরা বিল্ডিং খরতে চাইছিলো বঙ্গবাজার সরাইয়া হে ইটা সিটি কর্ফোরেশনের কিছু একটা বলছি তো ওইটা হইলো ওরা বিল্ডিং কইরা বড় মার্কেট বানাইতে চাইছিলো কিন্তু এতে ব্যবসায়ী দের অনেক সমস্যা ওইতো
/kaggle/input/regspeech12/test/test_sylhet_0267.wav,তখন দোকান তাকি শালা খতো সময় ইটা দুই হাজার যারে শেষ পাছে শুরু ওলা অবস্থা তো বৃষ্টির দিন আমার ভাইয়ে ফোন দিছোইন দোকানো দোকান তাকি আমরা বাড়িত খবর গেছে যে ওলা আমারে লইয়া যাইতা কিন্তু হে যে আমারে লইয়া আইতো বাড়ার টেখা নাই খে আইতো লগে ইতা খরতে খরতে আমার প্রতম ক্লাসোর দিন আমি আইছি না আমি ইদিন সারাদিন খানছি
/kaggle/input/regspeech12/test/test_narsingdi_0127.wav,মানে আংগোরে বইন প্রাইভেট কার শান্তি ফাওয়া যায় না যে মশা প্রাইভেট কার কইরা তারা মশা লাইছস হ মশা চা বা আইলা যা দু কই ফড়লাম জাগাডা চিনা চিনা লাগে না মশায় ইয়াতে গাড়িতে ট্যুর দেই মিস বর অইলো কি মশা
/kaggle/input/regspeech12/test/test_sylhet_0694.wav,এখন খইরা দিন দাদু মারো মারতে ফারবানি তাইনরে যেখানি টাইম দিতা ফারবানি দাদু তো বালা মাতে আগের দিন ন খন আগে খিলান
/kaggle/input/regspeech12/test/test_sylhet_0229.wav,আরও বস্তা বাদে বাক্কা শিক্ষিত ফ্যামিলি থিকা আর যে পড়াইবো নিয়া বিয়া ওই গেলেও পড়া বন্দ অইতো না মেয়ে পড়তে চাইলে পড়াইবো তারা ওতা বাদে আর
/kaggle/input/regspeech12/test/test_sylhet_0630.wav,যে পিকনিকো খয়দিন আগে আমি তো খইয়া পিকনিকো দেখা ওইবো দেখি ইগু আছেনি মানে দেখছো পিকনিক আমি তে ই মতো পিকনিকো এখবার আছি কোন ওই গেছে আর ইবার আর দেখছিনা আর আরো সুন্দর অইছে
/kaggle/input/regspeech12/test/test_kishoreganj_0089.wav,সবসময় এর এমনে কি ক কি কইবো হুম ক কইবো সাত নি না না সাত দেয় না সবসময় পাঞ্জাইব্বা কি
/kaggle/input/regspeech12/test/test_sandwip_0021.wav,ইন্দি আর যদি নাতিন রে দি হইছে ইন্দি তোর আল্লা বলে আর কি দেইক্কা আই আছলে ডে মাই তুমি কুন দাম এরে মরা ঠাউর হয় না হুদাহুদি জ্বালা ইচ্ছা যা উঠি যায় আঙ্গাখাইতজেন দিছে ততো আলগা নকিব ফিলে ছলে
/kaggle/input/regspeech12/test/test_sylhet_0060.wav,আর সাতে কিলা সংসার নে এখন তো আমরা দো অইলে বারো আনন্দর আলি মজা না যা বারো অনে কিতা খরাত গেছলা আফনারা দুকনা
/kaggle/input/regspeech12/test/test_sylhet_0141.wav,না না এই যে পরিবার নিয়া ইবার খাড়াইয়া মাছ খাই সুজা তো দিছে না করতি পারি না বা
/kaggle/input/regspeech12/test/test_narsingdi_0120.wav,না হেই গান খাইতাছে আবার তুই লাই চালাইছি রে তা ফরে জবাই গেছেগা হ্যাঁ লাল অই লাইছে তো এ অচ্ছে তুই কফি যা খাওয়ায় হা বিস্টি কফি কিনলা কইরা এইডা আমার দোষ না এইডা কি ডর যেমুন মায় তো পছন্দ করে তুই তুই তো গরম স্কিল গা আমি বারে কইছলাম না আমার হাফ ঠান্ডা ফানি মিলাইয়া কফির মদ্যে কেডা ঠান্ডা ফানি মানে আমি মিরা খাই বা আমি তর মা ইয়ানের লেজেন্ডার
/kaggle/input/regspeech12/test/test_kishoreganj_0049.wav,না দারে ছাড়ি না ছাড়ি মারে বেডা ছাড়ি দিবো আমারে ছাড়ি দিন না
/kaggle/input/regspeech12/test/test_habiganj_0084.wav,আরেক চাচার অইলো গিয়া তিন মেয়ে তো তাইন ন গরি বিয়া অই গেছিগা আর তিন ভাই একজনে ফড়া লেখা খরোইন আর দুইজন একজনে ছাত্র আরেকজনে ব্যবসা খরলো
/kaggle/input/regspeech12/test/test_narsingdi_0056.wav,হুম টেনিস প্লেয়ার গো মতো বার দরকার টেনিস লাগে যে ব্যাডমিন্টন প্রাইজ লইয়া আইছি ছেরি হ্যা ব্যাডমিন্টন খেলি তো টিচার ফর্যন্ত একা ফাই লাইছস সে দিয়া তা না ইয়া মুসলিম ছাড়া অনে রিগ্লেট করে কয় দুই মিতা আবার চাকরি খাইলাসে
/kaggle/input/regspeech12/test/test_sylhet_0353.wav,তে তুমারে আমরা ফাটাই না তো ওই সময় একটা প্রমোশন ওইছে ম্যাডাম আমরা সিনিয়র ম্যাডাম একজন প্রমোশন ওইছে এমসি কলেজো পোস্ট ফাকা ওইছে আর কেমনে যে নি অধীনে আমি গেছি আবার টিকি যাওয়ার লগে লগে ইদিকে ম্যাডামে প্রমোশন নিছে হিদিকে আমার পোস্ট ওই গেছলে আমার কুনু খরচ দিয়া লাগছে না কুনু টেখা ফয়সা লাগছে না মানে
/kaggle/input/regspeech12/test/test_narsingdi_0024.wav,তাইলে অন্য আরেকজনরে টানবে এমনেই তো চলবে একটা ভালো টিম বানাইতে হইলে তো সবাইরে যাচাই বাজি কইরা দেখা লাগে এই গান বুঞ্জাইয়া ভালো খেলতাছে আর সবচেয়ে বড় সমস্যা লাম দেশের সিলেক্ট গুলা ওরা যদি ভালো প্লেয়ার
/kaggle/input/regspeech12/test/test_sylhet_0530.wav,মজা উলো যে ড্রিম ল্যান্ডোর যে সাই ট্রেন আছেনা হেড ব্রেঞ্চ বার্ডোর ও তালি ওতোটাও হিলা বুঝায় আর হাট নিছে দিন আমরা ওই সময় বুঝা যায় আর ঘুরাইছে যে সুমা সময় লা কিছু জাগা
/kaggle/input/regspeech12/test/test_narsingdi_0098.wav,ফুত পি যে দেয় খাবার গুলি একুশে মজা ফুপা খানেরে লাইগা এগু আর উটি কি দিবো বা মারা তুমার নাই ফরে ফরতেক বছর দেয় না রে না দিছে দেয় বাগে খাই বেশি বেশি বুচ্ছো সীমানার
/kaggle/input/regspeech12/test/test_tangail_0108.wav,হ্যা একদম খালি ওই ইবার অইছে কি জানি সকালে হচ্ছে সকালের দিকে ছয়টার দিকে আগুন লাগছে ওইখানে তো ইটা ভাগ্য ভালো যে হচ্ছে মানুষ কুনু মানুষ মারা যায় না আচ্ছা আমি মানুষ মারা গেছে আমি মানুষ হইছে একটা ছেলে হইলো দোকানে নাকি কার ছেলো
/kaggle/input/regspeech12/test/test_sylhet_0552.wav,খাম নাই হুম আর যারা রাখে তারা ফ্রি টাইম কিরম রাখছে যে খয়দিন ফরাইছস ইগা কি তো বালা লাগছে ই ফরিবেশের বালা প্লাস টাইমও যাইতো বালা
/kaggle/input/regspeech12/test/test_sylhet_0554.wav,কি তো দেই না ওতা শিফট আরকি খয়দিন খালি কিতা রিডিং ফ্যাসেজোর বাংলা আর কেউ মন বুঝাইয়া যায় ওতা ক্লাস অউ যে খয়দিন লাআর এক্সামোর ডিউটি তার ফেবারটা আর এরফরে
/kaggle/input/regspeech12/test/test_habiganj_0029.wav,তার লাইজ্ঞা আমরার দুধ জ্বালাইয়া পবিত্র তার লাইগা দুধ জ্বালাই তার লাইয়া আমরার জ্বালাই
/kaggle/input/regspeech12/test/test_sylhet_0709.wav,দাদু বইতা না নি তো আমরা বইরা কিলা মামা কেমনে আফনার কাজ আছে মনো অয় কছু খাইয়া গেছোইন ফাখালো আছে না না বাইচ্ছা রান্না বান্না কিতা আমরারে একটু সময় দিলাইবা ফরে আফনার না ওইলো আফনার খয় খয় বাইচ্চা আমার কি জানি এখ মেয়ে আরো দুই ছেলে
/kaggle/input/regspeech12/test/test_sylhet_0315.wav,আনিয়া সাজাই গেছো তো সাজাইয়া বুজাইয়া বিয়া এরফরের দিন আইছি উটছে লাল ফরের দিদিমা ফরের দিন আইছি হোস্টেলো হোস্টেলো আওয়ার পরে ইটা নভেম্বর মাস আছিল
/kaggle/input/regspeech12/test/test_sylhet_0057.wav,আর ইটা না খইতে চাইলে মানে ইটা ছাড়া বিষয়টা ছাড়া খইতে ফারবাইন এরফরে রান্না রান্না বড় বইনে ফড়তাম বড় বইনের রান্না ফারছোইন রান্না লাগি বাবা অনেক বাইরা বখা দিছোইন মারছো নো বাবা সরাইছ লাই বাবার গেছে রান্না অনেক সময় ওইছে বাত রান্না খরতো ফারতো না বাত একবারে নাম ফরতো
/kaggle/input/regspeech12/test/test_sylhet_0111.wav,আমার বাপ দাদির ঘরে আসলা আছলো তে ফাইলাইন না তারারে দাদি দাদির আমার বাফ জম ছুডু থিক্যা মারা গেছে আমার দাদি যাতা পাট ছুডু থাকতেই মারা গেছে তর আপনারা কইত্তে ফাইতাম হয়তো আমার বাফের ফায়ালছে মাইনষে
/kaggle/input/regspeech12/test/test_sylhet_0152.wav,তো নাই ব্যবসা তো নাই আমরা খালি কিতা খরো ব্যবসা আছিল আমরা কথা আর মা মা খালের বিয়ার কাহিনি খইন না আমরা আর সব নিয়া জামা ইতা
/kaggle/input/regspeech12/test/test_rangpur_0077.wav,না ইয়ার বাড়িত থুইছে তো আবার যায় যায় যাওয়ার বাড়িত থুইছে রাখছে রং কোনো যেটা বাসা সিলেই করে নাই বলে টেপ লাগে যাও টেপ নাগে দেও পাশে রস পড়ে রস পড়ি পড়িয়ে ইয়া কি
/kaggle/input/regspeech12/test/test_narail_0174.wav,ন গরি চোর অবে থাইক্কা ওই বই লাগাইছে আগে বুঝতি ফারি নাই আনে যাইয়ে তো যাইয়া যায় সাতটা আবার বেতন কম
/kaggle/input/regspeech12/test/test_sylhet_0532.wav,দেড় বছরে শেষ অইছে এগুলা ফার্স্ট ইয়ার সেগেন্ড ইয়ার এখলগে বলে তারা সেকেন্ড ইয়ারোর থার্ড পেইজ কিতা খরলো অবা ফেইজ ফেরা ওই যে সেমিস্টার গুলার মিস কারেন্ট না
/kaggle/input/regspeech12/test/test_narail_0005.wav,উনি কত্তিছে এরে জমি ফেশারে জমি তুই ভাবে ফরে কি তো বড় রানছে ওয়া তো তো জানি নাকি তোগে ঘরের কথা কি হরে যাতি তিকা
/kaggle/input/regspeech12/test/test_sandwip_0001.wav,কইছে না দাওয়াত খাইবো নাকি অলা থাকপো না ও ভালো অইছে কি হ্যাঁ বাচি গেছে আইবো ভাই ছয় মাসে অরে গণিত জামাই আইবো ছ সাত মাস হরে জামাই গান
/kaggle/input/regspeech12/test/test_kishoreganj_0175.wav,তলা মেটা তলা টা তো লা এটা তো লা ছা নি দি ছাকরি অইছে কি পানি পরিস করায় হইলো ছাছা ইডা পানিতে তো পরিনাম কী থাকা
/kaggle/input/regspeech12/test/test_narail_0089.wav,না আমি একটা কথা বলি চন্দন বা তোরে বলেন বুক কান্তাকরিছে সেটা আমি মানলাম হ্যাঁ কুল কি কান্তারে একটা আবার বলতে পারি না যে আমার সাথে তোর কী সম্পর্ক সেটা তুই তো কান্তারে বুঝতে পারিস
/kaggle/input/regspeech12/test/test_sylhet_0275.wav,তাইন মানে খইলা প্রাইভেট পড়ায় তাই আমি খইলাম কুন জাগাত তো তাইন জাগার খতা খইলে ফরে আমি খইলাম ডরাই আমি ফারুল বাই ইটা তুমি ফারবায় তাই নিজে আমারে লইয়া টিউশনির বাসাত পরিচয় গরাইয়া দিয়া টিউশনি দিছোইন প্রথম টিউশনি শুরু খরছি টিউশনি দেড় হাজার টেখা দিতো
/kaggle/input/regspeech12/test/test_narail_0027.wav,ওই মাট ওর বাবা নিয়ে আর ওইনি তহন এলাকার জাগা ওর বাবার গাঠির টাহা দিয়ে কি নিয়ে পায় ওনে ইস্কুল কল স্কুল বাবা নিয়ে গেলে ওর বাবা নিয়া গেলো বাবা দাম কইরে দেছে তাই তো মানে চাচ্ছে না তাইলে আমার কাটের পাশে দে আমি কি নিয়ে তুমাগে দিচ্ছি
/kaggle/input/regspeech12/test/test_sylhet_0434.wav,খইয়া সাহস দিছোইন সাহস ইতি আমি অনেক খুশি অই কি যে মনে খইছেনি মনে অয় খালি কি ফুরা বার্তায় হে মনে মনে বাছি খালি ফুরা বালা অইছে মানে খতা বার্তায় কিরখম খুশি আইছে মনে অয় বিতরে আমার বুঝতায় ফালাই কম ফরে তো আর কিতা ওইলো ইটা টাটা ইয়ো অয় না না অয় না আমার যে সমস্যার বাবা কিতা
/kaggle/input/regspeech12/test/test_sandwip_0011.wav,বিদি কইছে না লাগে আর ইয়ান আসলে লাইলা দরকার ইয়ান দিয়া আর ফাইয়া করতা ক একদিন আকি ভি দিয়া আইয়া একদম হিডার গুনে তো হ্যা নি ধরেও না আন্নে গর কি অবস্থা
/kaggle/input/regspeech12/test/test_sylhet_0323.wav,মাঝে মাঝে টাইমো তাইন এমপি অইছে যে এমপিও হওয়ার ফরে তে তাইন তো অখন কলেজো মানে কলেজ নিয়া ব্যস্ত ছাত্র খরাইন মোটামুটি ভালো খাম খরোইন সারাদিন ব্যস্ত তো কিন্তু আমি আমার বাদে খইলাম তুমি ইটা কিতা ছাকরি খরো আর এই সারাদিন ছাত্র লইয়া ফড়া তুমি তো আমার লগে ইচ্ছা করলে ফড়তায় ফারো ছাখরির লাগি ভালো ছাখরির লাগি ফড়তায় ফারো ইটা একটু গুটাইয়া তুমি আমার লগে ফড়াত লাগে
/kaggle/input/regspeech12/test/test_narail_0137.wav,আইল টেস্ট করবো আগে যাই দেসে পয়েন্ট ভালো হয় তালি ভালো কোনো দেশে যাতি পারবানা উঠতাম জামাই বাবু ও বলে ছোটো দাদারে একটা দেশে পাঠায় যাবে সেটা বলছে উততাম জমি বাবুর বাইরে আর দাদারে দুইজনে পাঠায় দেয় না
/kaggle/input/regspeech12/test/test_rangpur_0090.wav,ভাত মাছ মাছ হ একটা খাওয়া দাওয়া ভালোয় হইতেছে হ কি খালু কী মাছ
/kaggle/input/regspeech12/test/test_sylhet_0412.wav,ও যে সব বই নিয়া জাগা দলা ওইছিলো ওয়াজ ওইছিল সব এখানে গেছিলাম তাওয়া দিয়া নিছিলাম বাড়ি তাইরে লইয়া যখন তো তাইরে নিয়া দিছে আমি শেষ এখলা আমার আরে এখলা বালা লাগে না মা যে খষ্ট খরি তাকি তো তাকি আইলাম না আফনারা নিজের বাসা নিজের বাসা তাকি আইলাম ওই তুই কি আমার তাইন সমস্যা খরের
/kaggle/input/regspeech12/test/test_comilla_0006.wav,এই রিয়ার্সাল থাকে ষোলো সোমবারে যে অনুষ্ঠান হবে ওইখানে যে পারফরম্যান্স করবে ওগুলার উপরে ও রিয়ার্সাল থাকে ওইখানে আবার দশ পনেরো মিনিটের মতো রিয়ারসাল্ করে নাসরস্কুলের ভিতরেই আলাদা একটা রুম আছে ওই রুমে করে তো প্রথমেই রুম থাকি বের হইয়ে আবার ওদের স্কুলের মাথার মধ্যে একটা দোলনা আছে
/kaggle/input/regspeech12/test/test_sylhet_0752.wav,সে মনে খরো আমরা মানবো ওখানে আইচ্ছা খরের না হুম কমিটি ইখানো গোপাল টিলা খরোইন না না ফরে আমরা যাই বুঝরা যাই শাবু কাল্লা দিয়া দিয়া দিয়া আর যদি আমরা মনে খরো কা সব যদি আমরা লাখান ওই যাইতো তাই তো এখটা মনো খরো আর জাগা নাম চেয়ারম্যান মেম্বার আছে নানি টেখা ফয়সা দেয় না নি ইতা তো কিন্তু ফার্স্ট ক্লাস ওয় না যা দুর্গা যাই বড়
/kaggle/input/regspeech12/test/test_narail_0082.wav,না বাড়িতে আছি ভালা আছে হ হ খবর কি তুমার তাই কও আমার খবর ওই বাবুরে ডাক্তার দেখাতি গিয়া আমি আর ডাক্তার একটা দেখাতি পারতিছি না মানে দেখাইছি ওষুধ নিয়াইছি আমার
/kaggle/input/regspeech12/test/test_narsingdi_0096.wav,বাচ্চা কইরা যে তর এই দি সিটি শিহায় এত্তা গানের ইয়া ইউটিউব জনেরডা ও আমরা চিয়ার যে তাসনিম হেই কইতাছিলো যে কম লন দেহে মাঝে মদ্যে ভালোই লাগে ও আইচ্ছা রেডি গিয়া জিগাইলাম না আমি তাহলে মন থাকা এখানো দুধে পর শিশু ন
/kaggle/input/regspeech12/test/test_narsingdi_0062.wav,ইলা মনে কর মাছ ইতে আবার সাত আর সাইকেল ফারছ আমি অলরাউন্ডার তাইলে আমি সব ফারি ফারস বালা ফারস না আর এডা বড় খতা ভালা খারতফারে আমি যেডি ফারি হেই আমি চমৎকার ভাবি হুম লেহাপড়কার ভাবে ফারবশ্যই
/kaggle/input/regspeech12/test/test_sylhet_0658.wav,খেলা আগের আমার এখন আমলের মদ্যে ফার্থক্য খইন কিছু আফনের কিলান লাগে যুগের এখটা ফার্থক্য খই মানে কিতা ফরিবর্তন ছোখো দেখোইন
/kaggle/input/regspeech12/test/test_sylhet_0684.wav,তর মনো বাফর বার বাড়ি যাইন টাইন্না মানে কুন সময় যাইন যা ইস্কুল বন্দ লাগে ডিসেম্বরে গিয়া আইছিলাম তারা ফরীক্ষা শেষ ওইছলো আইছি জন্ত লাগে যেদিন বন্দ বয়স বাফর বাড়ি
/kaggle/input/regspeech12/test/test_noakhali_0016.wav,দিলাম দে রুমা তিনশো টাকা আছে ইয়ানে আরও একশো বিশ টাকা হাইবো না দিনে বালা লাগে না খালি ইসাব দোয়ানের বাড়ি দিয়ে কি আই তো একটা
/kaggle/input/regspeech12/test/test_narail_0147.wav,আগে জার্নি করতি পারতো না ই করতি পারতো না এখন জার্নি টামি সব করতে পারতিছে বুচ্ছিস তার মানে বুঝা যাচ্ছে ডাক্তার দেখানোর পরে মনে হয় এক ইম্প্রুভমেন্ট অইছে
/kaggle/input/regspeech12/test/test_habiganj_0068.wav,চাঁদের সে আছে তারফর মন হসপিটাল আছে তারফর ফাইয়া নাছি এখন প্রায় সাত আটটা অইবো ছুটো আসা ছা তারফর ওই আরেকটা আছে কিতা বুনাস আছে বুন না দুই
/kaggle/input/regspeech12/test/test_sylhet_0145.wav,না ওই যে বন্যা আছে তো এস এস সি ডি মা তো বিয়ে নাইলে নিয়ে পাই না এ
/kaggle/input/regspeech12/test/test_sylhet_0526.wav,হ্যাঁ না প্লেইনোর বিতরে আছে অনে খয় আম্মা খইছে না হিয়া ফুরের ভিতরে গিয়া কিতা বর্ডিংপলাস নেওয়ার ফরে আর খতো সময় ওয়েট খরার লাগি হনো গিয়া খরবা অনো আরো বালা সুন্দর আচ্ছা ঠিক আছে এখন আমি এমন আর কি লায়
/kaggle/input/regspeech12/test/test_chittagong_0020.wav,শেষ শেষ শেষ সত্তুর ফড়া লেখা কি আমি চলের আঁর তোরা লেখা ন খই স্যার কুন কুনু কিছুই নাই কি এই যে পয়েন্ট খ মিচ্ছি তো খোনো মিক্কে নাম টাম ন আরি টেনশন ত আছি করি খরদে না আরে এক্কে ধরি
/kaggle/input/regspeech12/test/test_sylhet_0264.wav,আর আপাদত ই বোত যেনো আমারে না দরে তারফরে তো বার্সিটিত ফরীক্কা দিলাম এডমিশন টেস্ট এডমিশন টেস্ট দিয়া টিকছি টিকা ভালো প্রথম দিকে রইছি মেডিকলিস্টো তাখায় তখন
/kaggle/input/regspeech12/test/test_sylhet_0377.wav,ওলা খরিয়া তো আমার যে আবার দুইটা হেল্প করছে ফারে হেল্প করছে বলতে বাচ্চা গুলা যখন ছুটো আছে ইতা তো আমার লগে আছিল আমি কাজের মানুষ রাখলেও মানসিক ভাবে শান্তি রাখতাম বাসার আছে
/kaggle/input/regspeech12/test/test_kishoreganj_0066.wav,আর না তিনজনে ফকে ছালা উনি কি ফারা যারা
/kaggle/input/regspeech12/test/test_tangail_0101.wav,খুব ফুরা ই কয় দিবো লাইন অইছে মানে হিন্দি তে কেউ তেখে মিল যায় তুম তোমার মহব্বত তো মান লো হুদা তুমার মেজবান হ গেয়া রাগা না মিলে তো জানলো কি কুদা তুন এক জান খরে
/kaggle/input/regspeech12/test/test_narail_0067.wav,সরকারি যা না জমি জাতি ভাবে কিছু বোঝে না দ্যাকছো আর জানি যে কে তাল যাছ না কি এই দারে টাকা দেয়া আছে না কি চার যে কচ্ছে সে তো জানি এই জমি যার না কি দিছে কোনো কচ্ছে কি দিয়ে জমি যাতির পারে
/kaggle/input/regspeech12/test/test_narail_0173.wav,না ফরে আসতি না পারতিছে করছি বাড়ি জ্বালায় পড়ি হয় যে কাজ যে কি জানা দুরি সারাদিন কাজ করতি হয় জান থায়ে ওই যে কি গরো পাততি তো এসির মদ্দি থাহে
/kaggle/input/regspeech12/test/test_rangpur_0015.wav,কবার তে কন গো না কইলে তো না শুনলে তো মনটা খারাপ হয়া যায় গো কের তুমি খানি ধান কী ধরি আসিস ক্যা কী জন্যে এই
/kaggle/input/regspeech12/test/test_kishoreganj_0190.wav,ব টানি ব তানিম গটানি বড় টানি মত বলি বোত
/kaggle/input/regspeech12/test/test_noakhali_0003.wav,ওইডে টিবি পোকা
/kaggle/input/regspeech12/test/test_chittagong_0139.wav,আর ফরে এতো বছর বিয়ে যায় যখন টাহা রাখার ইতি নিউজ ন যাই তুরে ক্যান ফাটাতাম আর খালি ইতা আল্লা বুলে সময় ভাইয়া এখন তো কল দিয়া ওই সময় ভাইয়া নামে যে তো মনে হয় যে না তে খতা যেহেতু মনে অয় তইলে তুই যাছ না কী অইয়্যি ইতার লাই বলি আঁর গুডি তারার খতা খইলো
/kaggle/input/regspeech12/test/test_narsingdi_0079.wav,আইছে আল্লা বেকার করে না পিএসসি মজা মাইরা দিছে হুম চল আমারে পিএসসি ফরীক্ষার সময় আমি আমার অনেক টাকা সালামি দিছে কিন্তু লাস্টে আমি ফাইছে কি জানছ দুইশো টাকা দা আমি একটা ব্যাডমিন্টন রে মারে কইছিলাম মা আমার ইটা খাতা একটা ব্যাডমিন্টন কিলা দিবা
/kaggle/input/regspeech12/test/test_kishoreganj_0043.wav,আমরা অনেক দূরে আছে না মা নাম তো উডা উডা উডা পাঁচশো টেহা দা মা ক তো যেমন বার ছবি তুলতে পাঁচশো টেহা না মানে কামলা ছবি বেডা এইডা আমি চা মি না ছবি তুল কি না পাশশো টেহা দেয় কামলা বেশি ফলাইতো ছবি তুলার লাইজ্ঞা ঠিক আছে এহন ছবি তুল সুন্দর খেত নামায়া দিছে তর লগে মু বন্দুরা লইতো না ক্ষেত নামাই দিছি ছবি না বা টেহা ছবি ছবি তুলতাছে এই যে ক্ষেত কামলা আমার টান দিতাছে উঠানির লাইজ্ঞা ও
/kaggle/input/regspeech12/test/test_sylhet_0492.wav,বুচ্ছো না যে তারাতারি খরে তারা শুনা খরছোইন মনে খরো ও নিয়ে ফিরি অইছে পরাশুনা আজান তান রোজা ও রাখছে মেডামে রোজা রাখিয়া আজান খরছি একদিকে কিন্তু ইফতার খরছে না এখটু পানি খাইয়া কিন্তু কি বাইরা আমার অর্দেকে শুনা ফড়ার কুনু আমারে ফালাইয়া তাইন গেছে ন অন্য সিলেটোর এখ ডাক্তার অখল অইলে খাইলোনে প্যাশন থাখো আমরা ইফতার খরিলাই আজকা কুন জিনিসটা খালি বালা যেখান আল্লা কইন্যা বানাইছোইন কিন্তু গনা অন্যজন ডাক্তার আর সবার দোয়া কিন্তু দেখো বেডা মন মানে
/kaggle/input/regspeech12/test/test_habiganj_0031.wav,ওই যে আমার ফডু যে সেলস নাই সেলা সেলস তাখলেও কিতা সেল্ফের মাইঝে যদি আমার টেপ সুনা কি এরফরে ফরে খাই যে ইতা ঝুট তাল বাসন রাখি তাইলে কিন্তু আমরা ফডু এখন নিয়ম না ফডু টাইন ইটা ফবিত্র জায়গাত রান লাগে এখন আমি কিতা খরমু জার্নালের সাইডে কুনু মতে রাখছি
/kaggle/input/regspeech12/test/test_sylhet_0525.wav,যায় নাই তো বালা মজার খতা পাস্ট যাম প্লেইন জানি আমনে তো একটু এক্সাইটেড নানু কিন্তু এমন প্রেশার খরছে ইয়ার ফরে যাইতে সময় আমি আমি ঢুইক্কা খইতাম আমার যে ওয়ানো ইন্ডিয়া আছে ডুইক্কা বা আমার খইছে না বিজারে নাই
/kaggle/input/regspeech12/test/test_narail_0092.wav,বিদেশি কাছে শুনতি অবে বউ তাইলে শুনিস কানি ওর কাছে পরে গেছে শুনলি আমার মন খারাপ হয় নিজি মাতুব্বর ওয়ার পিছনে এট্টা আলাদা বাপ আছে তাই না নিউজ
/kaggle/input/regspeech12/test/test_sandwip_0092.wav,তো শেষ ওইয়া যায় কতো কি আই গেলো না কেনে তা তারা মা আইছে দিবো জিয়া রাজা এই এমনে ক বছর আইছলো জিয়ে গাছ
/kaggle/input/regspeech12/test/test_barishal_0044.wav,হেইয়া তো মনে করেন চেয়ারম্যানের বাড়ি তর বিচার গেছে পরিষদে তর তোক আছে ওর বাপের বাড়ি যে ঠ্যাংটা না দিয়া হেদিক তো ওদিক গেছে হিন্দু ওহনে গেছে হেনে চেয়ারম্যান মোরে মনে করেন দিয়ে নিছে পরিষদে আমনে কি মনে করছেন বোজেন ওইয়া দা হয় ওইরম কিছু বোঝে না বিশ্ব শয়তান
/kaggle/input/regspeech12/test/test_sylhet_0569.wav,দাদু আইলে আমনে মানে কিতা ওইছে না আর কুনু ফড়া শুনা না অপারেশনের জাতীয় কিচ্ছু না তার খালিও মাতায় ঘুরায় দারে হোসেন মাতায় ঘুরানি একটা মাতায় ঘুরা গুরা ফড়ি গেছে গা খরে
/kaggle/input/regspeech12/test/test_barishal_0031.wav,জানে ছোট সে বাড়ি ফুলের পাতা তিনডা পাতা লইছে এই তো ভালো করে যে টুকরা হয় টিচার খাইট্টা চিনি দিয়ে গেছে চিনি মেয়ে সিরি আছে না এক কেজি মে সিরিয়াল দি সাড়ে তিনশো টাহা কুলসুরি ইন্ডিয়া এই তো ওই যে ঘুইরা বাতাস করে
/kaggle/input/regspeech12/test/test_sylhet_0012.wav,সব তো ঠাকুরে ফুচা বাইসা ঠাকুরে সিলেটি পারে ঠাকুরে আইসে কুচা খরে একটু জাজা করিয়া ঠাকুরে তো বিদেশ বিজা মতন তো আছে তারা তারা ফুচা ফুচা শেষ ওইলো পরে ঠাকুরে মজুরি দেওয়া ওইবো অঞ্জলি দেওয়া ইলো
/kaggle/input/regspeech12/test/test_kishoreganj_0103.wav,বিশ ত ঠিক আছে নানি ইয়া অইলো ইয়া অইলো সাধারণ গেন বইলা কয়ডা আমি হেয়া তো কইলেতো ফাছ আর তিন করতো আট চাইর অইলে তিন রেক চাইর ঠিক আছে হ্যাঁ আই সাধারণ গেন অইলো
/kaggle/input/regspeech12/test/test_narail_0012.wav,আর তো ভালো মানে এইটা পরমাণে যাচ্ছে না এইযে কইছে ঠিক পাই নাই যে আমার ধরবে নেই আরে মেন কথা কে যে বাপ মারে বাদ দি বাপরে দেহি নাই তার কথা বিশ্বাস করা যায় না কি হ্যা কও আর এহন এই সমস্ত কথা শুনলি আমার ওইয়ে যায় মেজাজ গরম
/kaggle/input/regspeech12/test/test_narail_0093.wav,আরেকজন মাতুব্বর আইছে তার গল্ফ নে লাভ আছে সে যাই হোক এই সমস্ত গভীরে আলোচনা আমরা নাই করি তুমি আবার এই সমস্ত কথা আবার কিছু মনে কইরা না দেহা গেলো ভাবলে যে ভাডি আমার কিরম ধরনের কথা কচ্ছে
/kaggle/input/regspeech12/test/test_chittagong_0130.wav,মানি তো হরি ছিরে কি পারতে সব তো আল্লা তাইলে হিয়া রে সব দে আর ন যে আই যা আঁই তাফরে ন যাই আর মোরে কি বিয়ে খাই মনে করিয়া যে ম্যাককলাম
/kaggle/input/regspeech12/test/test_chittagong_0170.wav,হ আছে কোনোরকম ইবার মামার খতা ফুছ ন লন ফুলর না তো কী খইয়্যুস এহন কী খইয়্যুম তো এনে ইবে ভালা আছে ভালা আছে তো খতা খইতু না ছায়
/kaggle/input/regspeech12/test/test_narail_0105.wav,আর করা হইছে রেস্টি করা অইছে ছয় বার কয়দিন আগে একজন একজন নিয়া আসছিলাম ওরও টিউমার হইছেলো ঘাডে অপারেশন করিছি ঠিক হইয়ে গেছে তা তুমার ওইডা সিস্টেম নাই অপারেশন করার সিস্টেম আছে কিন্তু
/kaggle/input/regspeech12/test/test_sylhet_0278.wav,তখন আর আমার বাইরের কাছ থিকা খরছ আর টেখা না লাগছে না যখন ফোর্থ ইয়ারো উটছি তখন গিয়া মনো ওইছে যে বিয়া খরা কার মানে এখন এখন ই বিষয়ে ছিন্তা খরা দরকার
/kaggle/input/regspeech12/test/test_narail_0043.wav,যে টুইরে অল্প অল্প জানি যা ওই যে ইডা আছে না কি চয় দেছেলো তো আরে স্বশাংসিপুর বাবার নাম তো কি ছেলো দাদা হয় ওই যে কি দফাদার দাদার
/kaggle/input/regspeech12/test/test_narsingdi_0112.wav,সলে দে বেতন মানে না এরফর ন আগে বেতন মোরা আছিল নাম মাডির ঘরো থাকতে হ হে বেতন এরা ছলে
/kaggle/input/regspeech12/test/test_sylhet_0479.wav,মানে আমি তো খইতে ফারি না আমি দুই না কচ্ছিলাম মোরা না জিতে জানি না ইটা বাড়তা বাচ্ছি না মরছিওখার খালি দিন মনে খর যে কুনদিন ও তার শুনো না বাচ্চা কুনদিন ওইছে ওখান খালি যার আর ইতা কুনদিন ফুনারো তাখছি আমি খইতে ফারি
/kaggle/input/regspeech12/test/test_rangpur_0121.wav,ক্যা স্বাদ লাইগবের নয় এংকরের ডাইল বলে স্বাদ লাগে না হা ভর্তা দিয়ে খিলেইম ভর্তা হলো না হ্যা ভালো
/kaggle/input/regspeech12/test/test_narail_0052.wav,এক দাড়া ছাইড়ে পুতি যাগা যাতে আমি কোনোদিন না টুকি মানুষের কাছে হইছো তুই এহনে আসবে ভালো বসবি তাগে বেচে ফাইলেও মাসে দিবি আর তুই আসলেও মাকি না যদি যাতে তুই বলে দিবি তো আমি তোর জাগা বলে দিবি যদি তোর মদ্দে থাহ এর আমি কচ্ছি ফোদ্দার না আমার আইলে কাইল
/kaggle/input/regspeech12/test/test_rangpur_0022.wav,বাজার দর বাজার নামে যা ও বার যাবার কয় ক্যা কী আনবে মার শাগ নিবে নাকিরে কী নিবা মাছ না মাছ না মাছ খাওয়ার না রুজা থাকতি আর
/kaggle/input/regspeech12/test/test_chittagong_0174.wav,গেই দেইস রাহিমে রিস্ক খইরজন না তাহি দি নি না বানাইয়া আঁই কি দে আঁরা কল তো এন্ডে ফুরা হইল্লা যার গর কল দি দি দি তো আঁরা ফুরা বালা বালা না লাগে দে এরি ও ইক্কা খরদে যাগোর যা গু আর আই ফরতো তোরা দুনো তাইলে খইর এইল্লা তাইন ফারি
/kaggle/input/regspeech12/test/test_barishal_0021.wav,কথা ইয়া কথা না জানি না মানে এগুলা পড়বা না বিয়া তো হে না ওই যে আমি লিল্লা রে মারছিলি না মুই তো মুই ইলা মনে করছে হ্যা বর বদনাম কি
/kaggle/input/regspeech12/test/test_kishoreganj_0044.wav,এটা আবার কি দেখলে পরিচয় সেডা আমার এলাকা না লাগে তো হুম দে মা ছবি গেছে বেডা গেছে হ হ্যাঁ হ তো সেই দামের দিন কি আইচ্ছা আমার বাইজ্যার অচ্ছা ইতা না ভাই হ জেডি সামনে তো হায় দিলাম করাইছছ নি আরে কা বেক হ হ জন গেছে তো না দেখছেন হ্যাঁ গেছে মনো কর না গেছে মনে কর গেছি হবে আমার তো চা বা না হেইদিন না মারে লইয়া জানি দিতো হের লগে আমি করছে এইডা আছে না হ বানা হেইডা না মজা
/kaggle/input/regspeech12/test/test_sylhet_0627.wav,হারে ইটা ঝুমা যে হুম ঝুমা কাজে না তাই এবার ওইছে তাই এমেরিকা জিক্কে আচ্ছা ও শুগবাড়ির যে বিয়া অইলো বুশরার লগে ইতা কিতা বা নি না না ই দেশ তাকি মোটামুটি আর আর পছন্দ খরিয়া ওইয়ে
/kaggle/input/regspeech12/test/test_sylhet_0073.wav,উফাস তে আলে উপাসবানতে ইচ্ছা খইরা কিলা তো ফাশ তো শেষ খরি হুম বা সাতে আড্ডা দিলাম ফুসকা খাইলে ইচ্ছা খাইলাম সামনে আর কোনো পূজাও যা আছে নে ই বছর যে ই বছর অন্য সময় ওত্তো
/kaggle/input/regspeech12/test/test_sylhet_0263.wav,তো ইটা নিয়া কুনুদিন ছিন্তাও খরছি না তো যেহেতু ওতা নিয়া ছিন্তা খরছি না ইটা টোটালি সময় আমার এসএসসি ফর্যন্ত আছিল ইগু মাতার মাঝে আর যখন ওউ গেইট থাকি আমি বাইর অই গেছি এরফর তাকি ইটা টোটালি মাতা তাকি জানিয়া ফালাই দিছি যে
/kaggle/input/regspeech12/test/test_narail_0163.wav,তো আর মা রে মাঝে ফরে তো বিছানাত তে উঠতে ফারতো না কতো বার কইছি মাসে আমি ডাক্তার দেহে দিছি কত মানুষ আছে দেহায় দি ওই তো তা
/kaggle/input/regspeech12/test/test_sylhet_0223.wav,তারা মনে খরছোইন যে তাই তো ঘুরি ফিরি আমরার লাখান ওইবো তে তারাও টান্তা খাজের দিকে বাইরা টান্তা ফড়ার দিকে আর আমার বিতরে তো ওইলো গিয়া চা খরতাম যে আমি যাবার না ফাশে একটা চাকরি খরমু
/kaggle/input/regspeech12/test/test_sylhet_0601.wav,বালা লাগছে কুন জাগা শায়েরে নি মানে আমি ছিন্না লাই ভারত যাই তুই খইতাছো মি মনি রে বদলাইছাস না তুই বদলাইতে মাত্র সিরিয়াস আমি মানে ওতো বাফ লইছে ম্যাডামরে গিয়া জরা ধর এরফরে মানে ম্যাডাম কি আলম ওইয়া গেছে গা মাঝখানো মাঝখানো মনো আছে মেডাম কিচ্চু কিন্তু আর কিচ্চু গুছানো কি কেমন আছলা
/kaggle/input/regspeech12/test/test_sylhet_0045.wav,বইন ইয় গা আচ্ছা ফ্যামিলি সম্পর্ক কিছু হুনি কয়জন আছোইন আমরা ফ্যামিলিত বর্তমানে ভাই বইন তিনজন আমার আব্বা তো বালা আমার বাসা তে বেশি ভালো তো এমনে বাসাত আমার না এমনে মাত ভাইয়া গা আমরা তার সিলেটি ভাষা বাসাত আমরা বাই বইন থাকে তিনজন বাবা বানাই হ
/kaggle/input/regspeech12/test/test_sylhet_0307.wav,আইমু ইদের ছুটির ফরে ফরীক্ষা চলে দুই ফরীক্কার মাঝখানো গেছি বাড়ি দুইটা দিলাইছি ফরে আরো তিনটা রইছে লা ঈদের শেষে বাড়িত আইয়া আইমু ঈদ শেষ ও সময় তাইন তাইনও গেছোইন ইদের ছুটিত গিয়া তাইন আমরা বাড়ির সামনে রাস্তাত লইয়া আড্ডা দিলা
/kaggle/input/regspeech12/test/test_kishoreganj_0155.wav,বাতারি যাইবু কিমন পাকা বাত বিদা হালকা গুলা ফির গে হালকা গুলা ফির গে পাকা ডালিম ছুট ছুট দানা টুকটুক লার পাকা গালি মে দানা
/kaggle/input/regspeech12/test/test_sylhet_0747.wav,মানুষ কার জনরে দলা খরি আমি তাইন দরজা লাগাইয়া বিদা লাগে হুম তাইন যেলা নানি লা লইয়া তাইন খাইবা বা খাইয়া দরজা লাগাইয়া খাইবা এর বাদে খাইবা বড় ভাবে মাছ না আমি ইবা যার কিরে যতোটুক দিবো
/kaggle/input/regspeech12/test/test_sylhet_0308.wav,তো আড্ডা দিরা ফরে আমার বাই তাইন লোক সময় বয়সী ফ্রেন্ড তো তাইন ও আড্ডা দিরা দিতে যারা একটু বিয়া খরোছ না জানে তার এই বিয়া খরতাম তে তোরা দিলে তো বিয়া খরতাম তোরা নিয়ে তোরা কালকে তো এখটা স্পেশাল দিয়া আছে বিয়া খরিলাম
/kaggle/input/regspeech12/test/test_kishoreganj_0137.wav,কইছে কাঠাল কাঠাল আনারস কাটাল আনারস আম ডাম প্যারা পেটে ভাঙ্গি তোর মুখ লিছু প্রচুর বলে আরো ডাম ডালিম ডাম ডালাতাবাতাবি বাতারি
/kaggle/input/regspeech12/test/test_kishoreganj_0012.wav,বা অন্য দিকে নাকি কুন দিকে করাইছে এইযে কুন কি ও এই যে কন কেনে কতা কি কি কুদাইন কিছু কুনডি এই লাই
/kaggle/input/regspeech12/test/test_sylhet_0484.wav,ওউরখম কিন্তু আমি তো ফাইয়ার না ফাইলে মিলিয়া মিশিয়া তাখতাম গফ সফ খরতাম এখলা তা ওই এখটু আগে খইয়া গেছোইন বাড়ি আর দশটা এগারোটা যাইবা ও তো এখলা এখলা তাইরে আইছে তারার কেউরে যাইবোগি তারার তো ফড়া নষ্ট খরিয়া তো আমার লাভ নাই এখন ফড়ছি যদি তাখতে অনে গরতি ফারি দিমু তারে মাদ্রাসাত ফড়তি ফারি বাই কোন ক্লাসো ফড়ে তাই মনে খরো দ্বিতীয় শ্রেণিত ফড়ে
/kaggle/input/regspeech12/test/test_sylhet_0108.wav,দেখা যায় না হুম তে এম্নে মানে ছুডু থিকা বড় ওয়া কুন জায়গাত্তে মানে আর প্ল্যান খইরা গে এই জাগা ই খালা তো আছলাম ওমা ইয়ো না ফাড়া পাশারা সামনেও আছলো না
/kaggle/input/regspeech12/test/test_sylhet_0408.wav,এখন তো তার ইস্কুল ইস্কুল বন্দ খরি আমি তাইন না না বার তাকি আমার আম্মার বাড়িত তাই আছিল বেড়ানিত গেছিল ইস্কুল বন্দ আছিল যখন খুলছে না এখন তো ইস্কুল ইস্কুল স্টাডি অখন যাইতো মায় খালি ফোন খরের তারা নিয়া দাও মেডামে ফোন খরা এখন আমি লইয়া যাইরাম নালি আমি এখলা ডরাই আমি সন্ধ্যা এলাখার আমার সময় খাটে দিন খাটে
/kaggle/input/regspeech12/test/test_sylhet_0124.wav,বান্দবি তো সিরে খরছি না আছে তারা বিয়া সাইতা তারা তিনজন আছে বিয়া সে দইয়া তারা বাড়ি ঘরো গেছিগি সিলেট নাই বুঝছে তে ইখানো যে খাম খরোইন ফুরিন্তে কিরখম ব্যবহার খরে আদরটাতো খরেন আছে
/kaggle/input/regspeech12/test/test_chittagong_0142.wav,ভাই ওই যে ইতা খালি যায় বা ভিডিও এডা ছবি ন যা খার না সময় ছবি রান্দা খতা খরদে বাই তো আছু না ইতারা আসিবে খরলে ইতা খইতে শুদু যাই তারফরে আর নষ্ট অইয়া বালা কিতা নাম্বার দে খতা খাইতাছি না খালি আর কিছু বউত মাতা তোর না
/kaggle/input/regspeech12/test/test_chittagong_0063.wav,তুই ডাখাত তুন খরতে অবে ন জানি আরে কি মরবা নাই গি উইজ্জা না তো এনে কোন অবসর নাই এনো কন ভাই আঁই ন জানি এ মানে খয়েকদিন খতা খইলে তার যে যদি লম্ববু আর আর দাদাও খইয়্যে লম্বা অইবো
/kaggle/input/regspeech12/test/test_rangpur_0084.wav,ওই যে এই দিন আর শাহিন আর ফিরুজ হুম ফিরুজ একনা এক্কেরে গোটালে উয়্যার বাপের মতোন ধরন গরন কতা বার্তা চলা ফিরা মাইনষের সাতে এও করা ওইটা আচে আর শাহিনটা হইচে দুনিয়ার মুক মোন্দা
/kaggle/input/regspeech12/test/test_kishoreganj_0156.wav,টু কেলা পাকা ডালিম ছুটো ছুটো রানা টুক টুকে লাল পাকা ডালিম ডানা ছুটু টুক কেলা পা কাডাল মানা টুকটুকেলাল বা কুকুর যে হে পার বড় ভাগ পানি উড্ডা বা কত বাগ পানি হ
/kaggle/input/regspeech12/test/test_kishoreganj_0149.wav,সমস্যা সৃষ্টি করে কুনটিবায়ে তুন কায়দা মেলা আইচ্ছা কুটি বারো দিছি না কাচাবকুনটি বারোদিনে ফিটনেস দোয়া হুম ক ক কা না দোয়া কুনটি পানি দোষনি ফরে হয়
/kaggle/input/regspeech12/test/test_chittagong_0110.wav,নাইম আফু রিকোয়েস্ট ফাটাইয়্যে আফুর ছিলাম তো নাই মাডি এক্সেপ্ট গরি একটা হইজজা চল তো এনে আফু কিল কি আফু ফারে সরি আফুরে ইয়্যেন হবে সবাই নাই কি ইগু সুন্দর গরিয়ারে গিয়া গরি দি
/kaggle/input/regspeech12/test/test_barishal_0075.wav,কইছে বাড়ি ইয়া কন যা খাইছে তো খায় না ইয়া এই যা এই পাতা তো চিনি কিন্তু এই চ্যাট যে এই ক্যান হয়া ঠান্ডা ধরে ডঙ্গের পুরে ঠান্ডা মামা কি রান্দা যে কাছে কানা বালা বালা পাতা মুই ওই যে সে বলি খুলি ফুল গাছ বালা পাতার কাজ কি ঠান্ডা কাকা কাছে লইয়া যাইলে এট্টু চ্যাট ইয়া এট্টু নিকলি দিয়া খাওয়াই দি ছযাকা লাগে না এট্টু বাকি যে মসলা যাবেন
/kaggle/input/regspeech12/test/test_sylhet_0743.wav,না মাস বলতে কিতা ফির সুর মা মাংসো কিতা আমরা খাই না সবজি খাই খালি সমান মানে খানির সাব তো ঠিক আছে তো আমি কিচ্ছু কিচ্ছু খতা বাইরে খাইতাম না ওটা লও খাইতাম না কলেজো যেরা ছাখরি ওরা বুল বইসা তো খাইলায় না নি
/kaggle/input/regspeech12/test/test_comilla_0031.wav,আমি দীর্ঘ চব্বিশ বছর বাহিরে ছিলাম সৌদিতে আমারতে খুব ভালো লাগছে প্রতি বৎসর বছরে আমি দেশে আসার চান্স পাইছি মালিক আমার খুবই ভালো ছিলো আমার খুব মানি লাইক করতো
/kaggle/input/regspeech12/test/test_narail_0071.wav,ওই জাগা ওই মেয়েরা খর জীবনে খাইত দেবে না ওই যে ভিটে যে গল্প লেহে সেইম থাহে তারপরে ওর ওর যে বহুত বাগান টাকা রে নিজস্ব বাড়ি থাহে এই সামনে আই ও বাড়ি ওতো না ও বাড়ি তো জানো বাড়ি কাহিনি জানো
/kaggle/input/regspeech12/test/test_sylhet_0250.wav,ও যারা এসএসসির বাদে আইয়া ধরছিল তারা আবার ইন্টারোর বাদে আইয়া ধরছে ইবেন সবচেয়ে মজার ব্যাফার কিতা জানোইন আমরার পাশের গ্রামে এখটা টিচার আছি ও টিচারোর বউ বিএ পাশ আছিল হাউজওই আর বইন খয়েখটা শিক্ষিত
/kaggle/input/regspeech12/test/test_sylhet_0155.wav,ইটা ইত্তা জানতাম আরকি যে আগের দিনের সাথে এখনের দিন আর কিতা কিতা পার্থক্য আফনারারও তো এখটা সময় আছিল আমরা সব আছলাইন ইটাই খইতাইন আফনে তো পার্থক্য দিনো দেখছোইন ইদিনও দেখতাছো কিতা কিতা পার্থক্য ওইটুক মানুষ মানুষ দি দেশ তাখলে গিয়া তো তো ফনেরো দিন বাদে তো
/kaggle/input/regspeech12/test/test_sylhet_0389.wav,হারে না মাত্র কোন সময় না করায় তোমরা ঘর লয় কোনডা চাম সুন্দর ওই সময় আর কি কি করে কিনবার বারায় না ও তুমি করি করি ফড়ো সব কি পরে
/kaggle/input/regspeech12/test/test_sandwip_0015.wav,ওই না কি ক ডিমেরে দেড় কেজির বেশি গুলা ডিম অই গেছে ডিম দেখি মনে ইয়া মাছ কিনছে কি মাজে ফুয়া হরে ক মাছেরে কচালিয়েরে ডিমেরে একদিন দি পড়া বানাইছে আরেগগিন
/kaggle/input/regspeech12/test/test_sylhet_0325.wav,আর মাঝে মাঝে যখন ওই কারেন্ট ফিয়ার কারেন্ট ওয়ান বা নতুন কুনু এখটা বই বাড়ি ওইলো বা ওই যে বিসিএসের কুনু এখটা নতুন বাড়ি অইলে সিরিজ বের হইলেই তাইন ওটা লইয়া ইতা আমি আর গুলো রাখি দিতা আর আমি কাজ খরিয়া যখন টেবিলত নতুন বই ফাইতাম তখন আমার মনো ওইতো যে
/kaggle/input/regspeech12/test/test_sylhet_0725.wav,না গো ফান ফিলি ওইবো অদিবাস অইবো আমরা গায় দিবা খাইবো ইয়া অইবো বা ওইবো ইতা কে হরতালের আমরা তারফরে জামাইর বাড়ি গিয়া ওই যেন খানি তুবার যেলা ফানি একটা কুলামানসেন্টার অইবো না নি
/kaggle/input/regspeech12/test/test_sylhet_0143.wav,পরিবারে না কাম হে হে আছোইন জুতো দাদা চইলতে আমার বাইচ্চা আইচ্চা ও এইডা কয় না আঞ্চলিক ভাষা করে কয়জন আছোইন কেডা কেডা আছে না আঞ্চলিক ভাষায় মাতো হুম যেটা যেম্নে বাসাত মাতোইন কি এম্নেই মাতোইন আমরার সাতে
/kaggle/input/regspeech12/test/test_sylhet_0447.wav,ইখানো ওই যে সমস্যার লাগি থাখা যায় গা তুমি খইরা বাতাস শুরু অইছে যদি দেখতায় বাবা মানে কুনু গরো থাকবার সমতা নাই তারার না চা নাছির রাজ থাকবেই ফুরা
/kaggle/input/regspeech12/test/test_rangpur_0130.wav,তুমি চাইলে রেকর্ড কেনো আরও অন্য কিছু করতে পারো সেটাতে কোনো প্রবলেম নাই তো আমরা যে জায়গাটায় আচি এটা হচ্ছে আমাদের সৃতির একটা জায়গায় সেটা ঠিক আছে এখন তাইলে ইয়া তোর নাম তো মুই জানোং তুই না তোর নামটা এখনা কতো হ কী নাম তোর
/kaggle/input/regspeech12/test/test_habiganj_0005.wav,বেশি খরা দেকলে মনে বেশি খরা দিবো নে মা ছালু না মানে না বাফরে কোনো ঢাকা বেশি মারে মানে না বাফ গুলার তাখবে মাও তো ছালু জায়গা তো তুইবো না ছেলে মেয়ে খতা খইবা আর ইটা একবারে বেশি ওতো বেশি খরা ওই যে না ঠিক না তো না মা মা ফাতা বুজ্জে না মা তো সাদিয়া এলাখা তারা ছলা তাখলে
/kaggle/input/regspeech12/test/test_sylhet_0062.wav,বান্দবী এরা খারাপ আছলা খয়জন গেছে নতুন তো ভোট গেছি নতুন বর্তি ফোয়ারেও গেছিগা এখন বান্ধবী আছে নি এমন তো ফ্রেন্ড তারারে লইয়া কিচ্ছু খই
/kaggle/input/regspeech12/test/test_sylhet_0218.wav,মোটামুটি এইট নাইন পর্যন্ত ফড়ি দিছি আর যেহেতু ফ্যামিলি তাকি খইরা যে মিনিমাম এসএসসি টা ফড়িলাম আর তখন ওইলো গিয়া প্রাইমারি ইস্কুলো এপ্লাই খরার লাগি যোগ্যতা আছিল মেট্টিক ফাশ আমি টার্গেট লইছি তো মেট্রিকটা ফাশ খরিলিলে
/kaggle/input/regspeech12/test/test_narail_0090.wav,তুমারে একদিন আমি সব কইলে কবানি এই সংসার কথা না তা সময় আমার সাথে যেদিন সরাসরি কথা কবার সেদিন তুমারে খুইলে কবানি অনেক কথা কলি দেহা গেলো তুমি রেকর্ড কইরলে রেকর্ড কইরে আমার ওই সবকটা নেই
/kaggle/input/regspeech12/test/test_sylhet_0535.wav,দেখাইয়া ওইলো আমরার ছেলে দি কিতা আছে নানি এরফরে এখনও আইসে খরো মামা তিননা না না না না না কিতা কুন দিন আইছোইন না মানে প্রশ্ন দেখছি না আইছে আগে আগে আইতা এখন তারা বাড়িত বেশি
/kaggle/input/regspeech12/test/test_chittagong_0045.wav,এডা আঁই কিন্না দেইক্কু হ্যাঁ ইতের বড় ন হ তো ওই দিন খাল ক্যান চলের দিনখাল দিন চলে দেবো সিঙ্গেল হে হেয় বাসুন উনি অহন বাসুন উরম ফরে না এন আরও গাও তো গাছে বালা
/kaggle/input/regspeech12/test/test_sylhet_0182.wav,রে কাহিনী কিতা বান্দরে তাহে খামরাইয়া রাখে খতো টেখা লাগে মাইনষে খামোর মাল বান্দর ওই চা খইতো ক্যা মাইয়া ইয়া দুলালে হুন যাই উনো
/kaggle/input/regspeech12/test/test_sylhet_0755.wav,আর ই খয়দিন মনে খরো না কেউ যায় খরি না নি বড় নিয়া আমি হুম খালি ফুজা মনে খরো বারে খরে অনুষ্ঠান আমরা তো যা জিনিস ফালন খরে বাদ দি মাফি যায় তে আফনারার মানে ফুটার মাঝে আবার বিবাহিত বিবাহ তারা আমারে ক আছে নাই
/kaggle/input/regspeech12/test/test_chittagong_0163.wav,তোরার তো অনার্সোর মাইজ্জি কবির টি না ফাই হ অনার্স তো এহন টিয়া লই আঁই টেনশন ফরি তাকি তো ন চোট্টামি আর ভাতিজা না আর করছো ফইলা আর দালান দিয়া দিয়েরে তুই দিয়া বুঝছে ই বুঝি ছা
/kaggle/input/regspeech12/test/test_habiganj_0066.wav,কিন্তু আমার ভালোই লাগে ফুল বেশিরভাগ ফুল গাছে আমার ভাল্লাগে
/kaggle/input/regspeech12/test/test_kishoreganj_0171.wav,আগে ডাইল না এই তো মুগে বিতাল তক কে তোর মনের ভিতর গা আমি তোর মুদির ভিতর থাহে না ওই গেছে তা
/kaggle/input/regspeech12/test/test_sandwip_0044.wav,আল্লাহ ভাবি আঁই ঠার হাই না কি আরে বন্ডা ঠার ফাইনা বইলেও তো মাইয়া বুঝেনি আইছেনি আঁই তো মাইয়ার মাথা দা হরি গেইছলো যা ক মাইয়া তো তিনবার বইয়ের যেডা একবার আছে আঁই দিবে তিনবার আছি
/kaggle/input/regspeech12/test/test_sylhet_0384.wav,পাত্মীয়স্বজনো আছিল না বাবির বাফের বাড়িত তাখতাম বাবির বাফের বাড়ি আছিল শহর তিকা এখটু দূরে কিন্তু আমরার বাড়িতে কি খাছে
/kaggle/input/regspeech12/test/test_sandwip_0066.wav,আইও আইজ্জা আছে আমার ইস্কুল আইয়া যেসময় গুলা পাহাড়িকা ভালো লাগে না হরে আছে আমার বইন জি কোক ভালা লাগে না আফা হেড মা আছে হেডে মা আছে ব্রেক আছে তাও ভালা লাগে না কা
/kaggle/input/regspeech12/test/test_kishoreganj_0146.wav,আর অলো তো বাদানি হ না অলো না লাল লাল সবজির মদ্যে কতা এইডা করতাছো লাল ফরতাছো সবুজ সবুজ মস্র অইলো ফরে এই ফড়ানি কতা না বাঙ্গি সব বুজন কি বাঙ্গি সবুজ না কাছাকাছি সবুজ
/kaggle/input/regspeech12/test/test_rangpur_0123.wav,এই রমজান মাসে যে পাট শাগের যে দাম সেদিন ফিরোজ বেয়ান নিয়ে আসছে তিরিশ টেকার পাট শাক তোর হাড়ির তলাতে পোড়ে না হ্যা হাতে মদ্যে হাটের না না হে আর তুই পাট শাগ আনবের কস
/kaggle/input/regspeech12/test/test_sylhet_0613.wav,খাটি ছাকরি না আইচ্ছা আর একটা টান মারিয়া যাইম আস্তে বাটি হুম কিতা খয় সময় স্যারে ফাইয়া ফরে খইরা যে আমি প্রার্থন স্টুডেন্ট তো আছলাম আমি ওতো আছলাম এরফরে মাপাতাছে স্যারে বেশি জন আলিম স্যার মের আইছলা তাইনের
/kaggle/input/regspeech12/test/test_sylhet_0444.wav,জায়গার সুবিধার লাগে মানে গরম ছুটো বাইচ্চা খাইচ্চা বেশি ওই গেছে বালা তুমার সুবিধা বালা মানে বাইচ্চা খাইচ্চা লইয়া যাইতে ফারবা মায় এখসময় গেলা না এখসময় বাইচ্চা গেলোগি নিজের ইচ্চা আইল্লো মানে ওর সুবিধার লাগি আর কিলা ওইদিকে গেছোইন সবে নিজের বাসা কিন্তু বাড়া
/kaggle/input/regspeech12/test/test_narail_0007.wav,ওই জন্নি তাই কিনতিছি ওই যে তার তোকে কিনিছে ওই যে আরেক মেয়া কিনিছে আমরা দেখতিছে জানি ওই আলোচনা ওইছে থাকতাম তাই শুনতাম ওই ওই নি কিন্তু ফুইলেসশরের ওইনে আছে বড় বড় ভাই বলে কইছে টাহা ফড়াইছে বাবা চিকিৎসার জন্যি
/kaggle/input/regspeech12/test/test_barishal_0010.wav,না না পোলা এ আর হরা যে কি কয় খাইতান্ন হইতে মানে আস্তে আস্তে মরি জ্বর লাগে আঙ্গো লাগা এট্টা ফোলা আছিল নাম অইলো আরিফ কইয়া খাও বইয়া খাও হ্যা জ্বর আইলে যে চিকরেচিকরি শুরু করতো
/kaggle/input/regspeech12/test/test_sylhet_0417.wav,মানে আমি ফড়িয়া তাখছি এরফরেও ক্যাম্পাস মনে খরো এক ঘন্টা দিবু না বড় মানুষের ফড়তাম বুঝরা এরফরে ফুট খাই ইতা কিতা খাওয়া ফরের যে তুমার গই বই স্বাভাবিক এখন তাখছি কিন্তু প্রায় দুই বছর করোনার সময় ডেলিভারি অইছে করোনা তাখি লাগাইয়া দুইটা বছর কুনু বাংলাদেশের কুনু চিকিৎসা নাই আবার
/kaggle/input/regspeech12/test/test_sylhet_0140.wav,তো কিনা লাগে নি মাতা না তুই মাথায় ওই যা খালা হালারা ব্যবসা ইখান কিতা খানি নি খতো বছর দরিয়া আফনারা ছাবিডিটিস থাকে তে মানে আফনারা কুটি সিলেটি যে ক
/kaggle/input/regspeech12/test/test_narail_0115.wav,তুমি কী বলো আমার জাগা আমি যখন টিউশনি করতাম তখন আমার ম্যালাডিক এডমিশনোর স্টুডেন্ট ছিলো তাদের কিভাবে পাবলিক চান্স ফাওয়া দেয় কিভাবে ন বানি চান্স ফাওয়া তে কিভাবে যেলা ইস্কুল পরীক্ষা দিয়া তে এই সমস্ত জিনিস আমি বারো জানি আমি নিজেদেরকে সমস্যা নাই
/kaggle/input/regspeech12/test/test_habiganj_0112.wav,আর এমনে ইস্কুলো ক্লাস অরে ঠিক তো সব ক্লাস তো সব সময় ঠিক কিন্তু ই অয় অনেখসময় ফোলা ফাইন আবার ফুল ক্লাস তো বারোটার তিকা ফাছটা ফর্যন্ত তো ফুলা তাই অনেক জন আছে মানে যায় না আরকি মানে ফাছটা ফর্যন্ত একটু খষ্ট ওইয়া যায় গা দিন কাজ করা আবার অনেক জন বাস অনেক দূরে তাখে গা
/kaggle/input/regspeech12/test/test_narail_0176.wav,না বাড়ি খায় না আমার বাবা খায়ার আবার দা একটা শ্বয়ন কোন জাগা হ্যা শ্বয়নকনেশয়ন দেহো না শয়তান ত
/kaggle/input/regspeech12/test/test_sylhet_0624.wav,খুব ট্যালেন্টেড আরেখজন আছে নিয়া তাইন আবার তো আরে ছিনো আমরারে পিএল র ফ্রেন্ড তাইন নিয়ে আরকি দেখাইরায় অন মেম আফনারার প্যাছনে ফরে সিয়াম তাইন খইরা আমারে দেখাইয়া না মেম তারার
/kaggle/input/regspeech12/test/test_narail_0123.wav,নাইন্টি পার্সেন্ট মার্ক তার মা মা তার মামারে সবাই ভালোবাসে এই বড়োততে শুরু করি গুরু সবাই ভালোবাসে দ্যা তোরে আগের দিন তোরে আগেরদিন কান্তারে নিয়ে যাতি দেখে সে আমাগে রাহুল যাইয়ে তাই আমারে বলতেছে জানো দি চন্দনের ফিছনে দেখলাম ফোলাপামেয়েরে নিয়ে ওইদিক যাচ্ছে
/kaggle/input/regspeech12/test/test_barishal_0057.wav,একবারে না এরফরে আর যদি খালি বেশি না রিপইন্নার হাইতাম এই তো রিপনে কিন্তু অনেক কষ্ট কইরা চলে হেয়ারপরও বাজারে গেলে মনে হয় এই বাবা লাখো পাতির ঘরে পোলা চা পাঁচ সাত জন আরে সাতটা অর্ডার দিয়ে যে এডে বুঝবানে আসলে কি মোর
/kaggle/input/regspeech12/test/test_kishoreganj_0065.wav,নাস্তা বাইতা কাম আছিন কামাল নাস্তা খাই আছলো গুনে ওগে তো নে গা আইন্না ফালতা কেউ না হ্যাঁ না
/kaggle/input/regspeech12/test/test_sylhet_0477.wav,বই লাইন তোর কুনতা অইলে বাই যে সব তাখার লাগা আগে বইলাইন তে গেছে তা আমি নিজে যেনে আছলাম আমার তো বলে ফরো হসপিটাল বাসা বাড়ি বানায় গেছি আর কিতা মানে ডেগ বাসা কলে লইয়া কেমনে বিত্রে বুঝতাম এখবারে ফাউল ডাইল মাছ তর খাটিয়া বাসাত ইয়া মাছ টাক মানে ইয়ো খরিয়া খাটিয়া উঠিয়া ফ্রেন্ড খরিয়া এখন সবতা
/kaggle/input/regspeech12/test/test_rangpur_0007.wav,মুই তো কুনদিন কইছোং হ্যাঁ সেডিকবাা আলাপ মুই না ছাগলা ভাই কন দেনতো এটা কন্টেন করে কথা বলে আলাপ বলে কি
/kaggle/input/regspeech12/test/test_sandwip_0005.wav,আম কাডল ধরা ওই গা আছে হল আছে তারপরে দুধ আছে এন্নে বেগগিন চইলবো আর যে সুরি ফইরতে ব্যাগ না হিয়ান পড়িয়া দরকার
/kaggle/input/regspeech12/test/test_narail_0077.wav,ওইগুলো তো হইয়েই যায় ওইগুলো নিয়ে কোনো ওর বিয়া তো চালাক বিয়াই নাই বর্ডার বিয়ে ওই ছেলো ভালো জাগা সে বিয়েতে আমরা ছিলাম যে সময়ের সাথে বাড়ি খাতের বিয়েতে যে খায়ালা মায়ের বিয়ে দি পরে বড় মেয়েরা
/kaggle/input/regspeech12/test/test_kishoreganj_0119.wav,আইচ্ছা হাসে যে কি গাছ হাছে গাছ খা হাপের কি গাছ খা গাছে খা না হাপের গাছে খা না আবার ওই যে গাছ করি কি গাছ মোবাইল মোবাইল ল
/kaggle/input/regspeech12/test/test_chittagong_0019.wav,আঁর ফড়া লেখা কইরতাম বইলে খইদে আইছি গম গরি ইগু গম গরি ফইরগুম মানে গম গরি ইগু বই অইবো খুলি লইয়া আর ফইরতু মন ন অয় মনো খয় তো আঁর খতা ও মোবাইল দিবু এ মোবাইল তো আঁর জীবন নাইন চেইন গরি দি টানা খতা বানায় ফরে ওইযে আমনে খইস মোবাইলের খতা
/kaggle/input/regspeech12/test/test_narsingdi_0125.wav,বা মানে যাইবা হ্যা এই তো গুড লাইটটা অন করছ না কেরে অন তো গেইট গেইট গাট গাড গেট না অন করে দিয়া যা এইডা যে কিমনে একটা গন্দ বার অয় না গন্ধডা ভাল্লাগে প্রাইভেট প্রথম প্রথম এই প্রেকেন্সটা খুব করা লাগে
/kaggle/input/regspeech12/test/test_sylhet_0543.wav,অস্ট্রেলিয়া আর তারি কি অবস্থা আমরা তারি তো বেশ শাল্লা যান তো ওনো আছে যাই খরি মাদে ফড়াইতো আর আইছে আমিও বারোইতে ফারলাম না মনে চাকরি গেছে তার শার্টের অভারের কিতা অবস্থা সবতা মিলাইয়া
/kaggle/input/regspeech12/test/test_habiganj_0002.wav,দশ বারো দিন তান দিয়া ওই আছে গা ন দি আবার ফুরির দিগে লইয়া আইছে না তানজিরে আনন শহর ওই যে খারন তানজি তো মাইনর ওইয়া গেছে আমি ইডা খইতাছি কইতাছিলো থাকলে ছাড়া আর কোনো লাব পরে লোকরা কেরে যায় পর স্যার
/kaggle/input/regspeech12/test/test_narsingdi_0021.wav,খালেদ আছে তাসকিন আছে সমস্যা নাই পরে নিতে খুব ভালো আছে এর দিকে আবার ওই যে হাসান মাহমুদ আছে ইনজয় থাকা ওইটা খুব ভালো যে ইংল্যান্ডের সাথে সিরিজটা খুব ভালো বল করলো একশো সময় ছিলো রুবেল ছিলো চাইর ফরদিন ছিলো
/kaggle/input/regspeech12/test/test_tangail_0008.wav,ফেডর মেডি পরের প্রেম পড়ে না আসলে একটা পোশাক নিয়া কনভার্সেশন থাকে ওই সময় রেডি আর একটা আরকি কনভার্সেশন থিকা ওরা একেরে পড়ে এভাবে অনেক দিন যায় এদিকে ফরে নতুন বেড নিয়া আরকি
/kaggle/input/regspeech12/test/test_sandwip_0115.wav,চাষ আর কি বউত হাসে হে হে ইয়া রাখি দিছে গুরে পুরা বছর গেছে ক ইয়া তে আর কি আইচ্ছা আর হে হেতে তো এন্নে খেল্লে হাস করি হারি লইছে তো হেই হাসে মা ফরে বাইত ভালো স্টুডেন্ট যাইগু এগুরে হিসাব অইছে হয় ভালা কইত্তে বা না অইলে ছাড়ি যাইতে অইবো এই হিসাবে
/kaggle/input/regspeech12/test/test_sylhet_0189.wav,এবং আমি ক্লাস এইটে উটার আগে বড়ো বাই তিন মেয়ে খাজের মানুষ আছিল দুইজন গরো লাগাইতা তাখতো বসতো কাজ খরার লাগি আছিল একজন গুরুর আছলো ভাবি রা ফরে আস্তে আস্তে ভাবির সখ বাড়ছে
/kaggle/input/regspeech12/test/test_kishoreganj_0205.wav,দুইশো দুইশো দুইশো তো বাক্কা তুলতাছে এর লাইজ্ঞা তরে ইতার বাজার
/kaggle/input/regspeech12/test/test_sylhet_0232.wav,তে জোর স্যারের লগে আমার বয়সের পার্থক্য আমি মাত্র মেট্টিক ফরীক্কা দিছি আর হুজুর স্যার অলরেডি ফাশশ খরিয়া ফড়া আমরা শেষ খরিয়া ছাকরি খররা দরাইলে ফনরো ষোলো বছরের গিয়া বই পক্ষে তে ইতা আর দেখিয়া আমার বাই আইতে বড়ো যারা তারা সিদ্ধান্ত লইয়া দিলাইবা আর ছুটো যারা এরা তো দরো সিদ্ধান্ত দিতা ফারোইন না কিন্তু মতামত তো দিতা ফারোইন
/kaggle/input/regspeech12/test/test_tangail_0057.wav,যেডা আসলে কেউ আসলে বলা যায় না অর্থাৎ মানে বুঝাইছে এইরকম যে আপনার প্রিয় জিনিস অথবা প্রিয় মানুষ যার সাথে আপনার অনেক দিনের সম্পর্ক সে হয়তো চইলে যাইতাছে কিন্তু একটা সুন্দর গুটা হয়তো
/kaggle/input/regspeech12/test/test_rangpur_0031.wav,আগে হইলো বুট ফাইলে আসতি পারে না এডা গেছে হরিপুরত গেইনো ওই যে মাটি খাইল করছে খাইল করি আটা ডাইল লেখা ওই যে নদী ভাঙ্গি দেয় কেমন চাক ধরে না আমার হচ্ছে ওইগলে কি হয় না দেশের গুলা এরকম খানে তেল নাই হ তা ইয়া জমে না লোকে চা না তারা বাইত কাউনিয়া
/kaggle/input/regspeech12/test/test_sylhet_0625.wav,ফরে না অপিরে দেখাইয়া আরকি খইরা গুরে হোন নিয়া যায়া খইরা আফনারার বেছন নি ফরে উসো নিয়া খইরা আমাগে দেখাইয়া যে তারার বুচ্ছো হুম ফরে আমার খইরা খুব কেলা বই বাইর ওইবো মানে আরেকটা
/kaggle/input/regspeech12/test/test_barishal_0063.wav,পঁচিশ বছর হিসেবে পঁচিশ বছরের উপ্রে জানি ঘুরি খাইছি হেই এরপর আমি হঠাৎ একদিন একটা ছাইড়ড়া দিছি হেই হইতে রাজ পর্যন্ত এট্টা গরিতে আমি টান দে না খালি কইছি আইসতো হইতে সামন ওই ওই শ্যাষ হেই কইছি আর খাই নাই
/kaggle/input/regspeech12/test/test_tangail_0107.wav,এইরম তুই কি দেখছস আজকে নিউজ স্পিড বা আজকে পেপার করছস হে সকালে তো দেখলাম বঙ্গবাজার নাকি কি অইছে জানছ কি তুই জানোস না ওইখানে মোটামুটি তোর সাড়ে তিন হাজারের মতো দোকান ছিলো সবগুলা ফইরা গেছে একদম ছাই কিছু আসলি
/kaggle/input/regspeech12/test/test_chittagong_0146.wav,আইচ্ছা আর খই ইয়ার ফরে অলদি গরি বে বলে ভাঙ্গি গোয়াইন খই গোস্ট অই যাইবুগু গুলি এই আর কি অবস্থা আজও ছবি টবি বেগগিন দেখার বুজছোস
/kaggle/input/regspeech12/test/test_kishoreganj_0062.wav,তোর বাফে থাকি অনু গা আমার তোর বাড়ি জিগা গিয়া আব্বার গাছ ফরতাম ফুকে চা পাতাম না আম্মা কইছে তোরে আমার কইছে না মুছা না আমরা তো ফুরায়া দিছি যেডা কইয়া দিছে না যারা কইছে যারা তো কইছে ফুকে না তর তুই
/kaggle/input/regspeech12/test/test_sylhet_0313.wav,এরেঞ্জ মেটরা মিলে আসলো তুমি এবি কাপটা নিয়া আসলে বাড়ি খাছা খাছি তো আর সখালবেলা উটিয়া গেছোইন গিয়া তারা বাজারো গিয়া তখন শহরো আছিল বাইর বাসা তখন সবকিছু আনা ওই গেছে বাইর বাসাত
/kaggle/input/regspeech12/test/test_tangail_0088.wav,বলিউডের অন্যতম এক প্রভাবশালী ডিরেক্টর সুন্দর ইলা বাঙালী তার তৈরি আর রণবিত কাপড় তো রবি কাপড় একটা প্রথম ছবি আরে ছবিতে সালমান খান সুনাম কাপড় রানি মুখার্জীও আছে মেইন ক্যারেক্টার আছে এই চাইরজন এই
/kaggle/input/regspeech12/test/test_tangail_0110.wav,করো ঘুরে যারা কাপড়ের দাম বাড়াইতে ছে আমার জানি মার্কেটে পার্সোনালি আমার মনে হয় যে একটা জায়গা জাস্ট একটু দেখায় যে আগুন লাগছে বাকি মার্কেট তর চকবাজার আমি বঙ্গবাজার আগুন লাগার ফরে যখন ইউ মার্কেটে গেলাম আমি একটা জিনিস ফেইস খরলাম যে নিউ মার্কেটে কাপড়ের তারাতো বাইরা গেছে
/kaggle/input/regspeech12/test/test_sylhet_0437.wav,খই এখটু দরো না এখটা বাতরুম যাইতাম ফরে তাইন এখটু দরি না দিয়া ওইছোইন এখন খালি গিয়া যে টাস খরি খুইল্লা ফরি গেছে আইয়া ইটা ডাক্তারে বানা দেখছোনি আল্লার কি ক্ষুদ্র আর তাইন বুঝোন যে খান্দা মাজে খইয়া গিয়া ওউ মসজিদো
/kaggle/input/regspeech12/test/test_narsingdi_0119.wav,বাবা কার যে বাবা তোর খুজে দুই তিন মার্চ ইতে বাতরুমো গান বাছিল না কি গান এই যে ফিল্ম গরে কারে কি কি আমি ফ্রতম বাথরুম তরা হাইড খরতাছিলাম যে বাবা হেই গান গান আবার বাবায় যাইতে লিছিল ফরে আবার আইছে
/kaggle/input/regspeech12/test/test_barishal_0082.wav,আর একটা হয় ওই যে পাঁচটা রেজাল দেয় হেই সময় আর হে এই গাছের কাম গরম এই গাছের কামে মুই বিশ বছর তৈরি ধরোইন না বিশ বছর এই বিশ বছরের মদ্যে ধরেন একটা না করছি আর দশ বছর করছি ফায়ে ফায়ে
/kaggle/input/regspeech12/test/test_sylhet_0187.wav,না আর কি খবর ছোট বেলা তাকি আফনার এখন মানে ফ্যামিলি আফনার ফ্যামিলি খে খে আছোইন কিতা কার খরছুটবিলায় আমি যে ফ্যামিলিতে বড়ো ওইয়া আইছি ওউ ফ্যামিলি খুদলে আমরার ফ্যামিলি আছিল
/kaggle/input/regspeech12/test/test_kishoreganj_0105.wav,খাদ্য হুম হে যে পুকা মার উদ্বিদকে বেচে থাকে পুকা মাক উদ্বিদকে বেচে থাকে পুকা মাকর উদবিদকে বেঁচে থাকে এই যে আম আবার
/kaggle/input/regspeech12/test/test_sylhet_0722.wav,তা সাবান না তো সবতা লাগে আমার একটু ডিটেইল খইন কাহিনীটা অখন খই না আফনে বিয়া কাহিনি ক তুই খইলা ওয়া খই লাগবো দেখা শিক্কা তারফর দেয় ঠিক তা এরফরে চিনি লেহা তো তোর চিনি ফান ওই গেলো না নি চিনি ফান বাদে আমরা চিনি ফান কিতা খরে
/kaggle/input/regspeech12/test/test_narsingdi_0083.wav,এডা এডা লাইফে খাচ্ছে বা ভুল ওইছে ছুডু গর আগে ইয়া দেওয়া ফরে তো এলা আর কি সব আমার লগে বড় বড় বড় বড় বড় বড় মেয়েরা খরতো দৌড়ে আনতারছি না কোনো সময় বাদ্দে তোর ইদের দিনের প্ল্যান কি
/kaggle/input/regspeech12/test/test_chittagong_0165.wav,কিতা ছারি ছারি আইয়ে তোর বলে সাদিয়ার মা ঢাহা গে যে খইয়্যি হয় তার বলে পাঁচটা বাজতি আইতেছে এগারোটা সাড়ে এগারোটা মা বাজে সাড়ে গরটা বাজি বান্ডা ইয়া তুই যেডা তো বড় খালামনি অডে যাই বুজা অ ফুফুর ভাষা হ
/kaggle/input/regspeech12/test/test_tangail_0106.wav,আসসালামু আলাইকুম আমি যেন সুলতান আইডি টু ওয়ান টু থ্রি ফাইভ সেভেন ফোর টু আজকে আমরা কারেন্ট এফেয়ার্স নিয়ে কথা বলবো আমার সাথে স্পিকার হিসেবে থাকবে আমার দুইজন বান্দবী সানজিদা আক্তার এবং এলা আক্তার তাদের বয়স বাইশ বছর এবং তারা দুইজন স্টুডেন্ট
/kaggle/input/regspeech12/test/test_narsingdi_0093.wav,যা আছে কি কই অলরেডি ঢাহা তে ঢাহা দিয়া গেছে গা এবার কইল্লে আর একটু টু টেন ইলা কতা ক পেন্ট না কি কয় সামি আনা সামি আনবার স্বামি এন আছে আমার আমার বড় বড় ডেগ ডেক্সি আছে আর কি লাগে মায়ের কিতা অইবো তারে বাইজ্জা দিয়া ইয়া করে ক্যারা ইউনিট টিক না না ইয়া করছি না আর কি এক সাথে কতা একটা বিন সার্কেল দিলাম হাতে ইয়া অইবো না লাভ অইবো মন্দির কইতাছে ক হুনি নডির কইতাছিলাম
/kaggle/input/regspeech12/test/test_sylhet_0557.wav,তুমরা রানতে ওলা আরকি ইলা নায় তালা এখটা অপারেশন ছিল ফরে আমরা ডরাইছে আমার যে ইয়ো নি তার এখটা ফন তো আরো তো তালা খইছে না ফরে দেশো ইলা খইছোইন নিলনা গুলা
/kaggle/input/regspeech12/test/test_kishoreganj_0178.wav,ফরা না কাল জীবনুমুক্ত জীবনোমুক্ত নিরাপদ পানির জন্য বিশ মিনিট বেশি সময় ধরে রিশ সময় পানি রাখতে হবে পানি রাখতে হবে
/kaggle/input/regspeech12/test/test_sylhet_0185.wav,আমরা দুই ভাই দুই বোইন বাই এখজন নাড়ায় হইছিন আর বাই তিন
/kaggle/input/regspeech12/test/test_rangpur_0026.wav,মুই হানিফ মাঝির মায়ের না তোমার নানার কাছে দেখছি লৌকের মইদ্যে তরকারি কে এডে খায় না ইতি এডে এডে হেইল্লা চইল্লা না জি না করো লোকে লোকের থুছিল তরকারি আরেক লোকের থুছিল লোকে আর হামার খাইয়ে
/kaggle/input/regspeech12/test/test_sandwip_0018.wav,মাইনষের কিনলে যে খাওন খাওয়া না বিদেশ তালি তো মাসে ইয়া ছালা কি দে কি করা যায় না ইটা মানে বালা বালা আরেক শিশু কমদামি জিনিস তখন থাকি কাকা সুদি বাইত্তে বাইট্টা মোবাইল অইলে দামডা বিয়া করছে বাইততে পারে না এইতা না বা রাইতে বালা খাওন খাওয়া হতে গা
/kaggle/input/regspeech12/test/test_habiganj_0008.wav,আমি বেশি কইরা চিনি কেমনে আমরার বাসার দারে এই বিডির বাড়ি বিদেশ থাকি আইছে থাকছিল বড় ফরিয়া খয় আছে না বাড়ি গ্যাঞ্জাম আছলাম দুইটা গ্রাম তো তিনডা গিয়া যুগে টিনি করার আছে আমি যাই
/kaggle/input/regspeech12/test/test_kishoreganj_0052.wav,হ্যাঁ কতা ক মাজে না কি ইয়া লাগাইছুইন হ হ্যাঁ হ কয় মুন দাম চাইন ছাই মুন ধান নিজে কুমার এক্কান কা দশ ফুন্দা না
/kaggle/input/regspeech12/test/test_sylhet_0118.wav,বিসা কে ছাড়া আনতো শতানি খরতো লাস্ট মাইনসের দো গাড়ি ভাই গাড়ি খাম ছুডাই আইতো লিকার ইয়া ছুডাই ইতো ইতা ছুডাইতি ইতা বিচার নিয়া আইতো তো বিচার নিয়া আইতো এমন তো আর আমার জরিপানা না ও দিতো
/kaggle/input/regspeech12/test/test_sylhet_0486.wav,লইয়া আইছোইন ইগুলা দেখতা খরে আমি খইছি না ওইতো না আমি দেখাইতাম নায় ফেনশন বাবা তুমি আমারে দেখাইতে না আমি কি তুমারে বেতা দিছি আর খই না বেতা দিছো না আমি তুমারে বয়স ইরাম তুমার হাতের মদ্যে ইটা খয় আরে বাবা ইটা তুমার জন্য আনছি না এডা আমার হাতে আছিলো ফরে ম্যাডামে দেখতে গিয়া অখন দেখতে ফারা না আমি খুব খষ্ট ফাইয়া বা আমি ডরাইয়া খান্দা শুরু খরছি বইয়ের যেলা ফরে ম্যাডামে খইছোইন যে ওটিক নিয়া নরমাল মানে ইনজেকশন দিয়া ফরে স্টাইল নরমাল দিয়া তারফরে ফর
/kaggle/input/regspeech12/test/test_sylhet_0699.wav,তিনজন তিনজন নাতিন শা আরেকজন নাতিন শা আটজন তিনজন তিনজন দুইজনের গরো আর একজনের গরো বিশজন এরা অর তাইলে নাতিন শা স্কুলো যার খই ফড়োইন তারা যা
/kaggle/input/regspeech12/test/test_noakhali_0027.wav,লাম না আমরা এক ঘর ইয়া করি দিছে আমরা আমার খাওয়া কথা কি কিয়া আল্লারে আমরা এক ঘর ইয়া করি দিছি তালা আমনে এক ঘরে মানে আমনের লগে আমরা মনে ও মাইয়েডা কয় দুইদিনোর জইন তো ফোন দেয় না হাছা আসা নানুর খ কইছে আর না আনলে দুইদিন কল না তো এর ফরে আবার কল দিছিন
/kaggle/input/regspeech12/test/test_habiganj_0100.wav,ওই যে সিলেটের বিত্রে যাইন আমি খইবা বাড়ির দারো আছে সিলেট যাইতো ফারে না অন্যখানে অইলে যাইবের লাই দিতা না
/kaggle/input/regspeech12/test/test_sylhet_0056.wav,অয় মাছ না ইতার সম্পর্কে যদি কিচ্ছু খইন আরকি যতটা কান কাহিনী তো একটু ইতে ফারমু কিন্তু আমার কাহিনী তো আমি খাইতাম তাই তাই ইন তাইর কি যে তিন মাসের আসলে সময় তাই মা তো অসুস্থ ওই কিলা গরো বইটা খানে শুনোননা চোখে দেখো না তার নিজের ইয়োত না আমি গর বরচ ওইয়া গেছে ন ফরে অখন তাই খান্দা খরতো খাওয়া লাগে বই না কিতা আর তো
/kaggle/input/regspeech12/test/test_sylhet_0335.wav,তো শুরু করলাম কড়া করিয়া যেফরডিটেন্ট ফরীক্কা দিতাম তখন তো মুটামুটি মানে অবস্থা খারাপ বেবি ইয়া অই গেছে ফরীক্কা দিতাম ওউ সময়
/kaggle/input/regspeech12/test/test_sylhet_0549.wav,আমরার মনো রুইছি হল অইতো ফড়া আছি না কি প্রাইবেট প্রাইবেট বার না ধরছিন ইবার ওই যে কিতার লাগি ওই ফরীক্কার ফড়া ক্যান আনন্দ খরি তো কুন দিন দিলাইবো রুটিন ই কিতা খরা ইবার থার্ড ইয়ার ধরছি নি
/kaggle/input/regspeech12/test/test_sylhet_0046.wav,কিতা কিতা বা মারা বা মারা গেছে হু তে কে ছালায় বাই ভাই বড় ভাইয়ে সেখান ছিলা বল পয়েন আর অন্যরা কিতা খরে পাওয়া লেখা
/kaggle/input/regspeech12/test/test_habiganj_0114.wav,আর যে ফড়ালেখা ছাড়া আর কিতা কিতা খরছ ফড়া লাছার কিতা খরতাম অন আছি কিতা এইচ এস সি ফরীক্কা ক ফর্যন্ত মানে
/kaggle/input/regspeech12/test/test_sylhet_0450.wav,আমারে নিয়া সব অয় যদি ফড়ি উড়ি যায় রানে ওখান অসুস্থ মানুষ সব সময় মানুষে জাগাটা কে খম
/kaggle/input/regspeech12/test/test_sylhet_0292.wav,মানে খতা ফাকা ফাকি ওই যাও তো কা বিলের টেখা উখা ওতাও তখন মোরা না দার্য খরা ওই গেছে কিন্তু তারা মানে যে গিফট বা রিংটিং এখটা দেওয়া লাগে ওতা ওতা কিচ্চু দিছোইন না কিন্তু ফিক্স খরিলিছে বেক ফরে ও
/kaggle/input/regspeech12/test/test_sandwip_0030.wav,চাত ফুন না কুন আনে ইয়ের তো নাম দিছে আজার তো না আমি চইলে আইছি তো আই হু কিট দুইবেলা আত ন ন অনকা আইচ্ছা ক ফোন কচ্ছি যে আম্মা কাইছে যেগিন অইগে চইলে আইছে বাস না কিন্তু মার লাই বিস্তর হলে না এমনে আর বালা ফাগলা গলার ফেরি তো মানি সাংসারিক
/kaggle/input/regspeech12/test/test_sandwip_0078.wav,জানে দিছে না না ই তো আরে ভাই কি না না ইতা কোরান কি না তো দল লাগলে আর যে না বাকি নিছে কিতা
/kaggle/input/regspeech12/test/test_chittagong_0124.wav,মুরগি খতক্ষণ না খতক্ষণ না আছে আর কচু কি ন গরে ক্যান ভ্যান ভ্যান ফ্যান ন গরে আর পুরি তারার চিত্র কিতা যে মিক্কা চাইর জন এক কত্তে চিনন থাহে খই দে কি সামনা সামনি অ্যা ফুফি চিত্র কি দান দে
/kaggle/input/regspeech12/test/test_narsingdi_0051.wav,রেডি চুরি অইছে না যাই না তো অন্য ফড়া তো না অন তো সাফ কইরা ফরে এগুন খারন দরনের গিয়া বিডি টানতো না যে আগুন লাগে জানো লাগাই অনেকটা ছিন্তা খরা খতো ধুরু পাতার লাইগা যাগা
/kaggle/input/regspeech12/test/test_sandwip_0106.wav,হেতে হোলাইন হইত্তাম আরলে সবচেয়ে বড় খারন ইয়ান আর আর আর দৃষ্টিতে ইয়ান কিয়েল্লাই ইয়ান অতিরিক্ত করে হেতে হিয়ান অইছে একদম হান্ডেড হান্ড্রেড আইতে অইবো আংগো গুনার গো আমরা ছাড়ি দিছি ইয়াং গরিয়ারে তো এখন দিয়া অরার লাই কোনো সাপ নাই
/kaggle/input/regspeech12/test/test_sylhet_0273.wav,তো ওতা খরতে খরতে আমার টার্গেট অইলো এখন মেইন টার্গেট অই গেছে যে আমি বাইয়ের রে খুশি খরতাম যেহেতু বাইয়েরা আমারে খুশি করি আমি করার দিছোইন আমি অখন বাইয়েরা বাইয়েরারে খুশি খরা মানে আমার রেজাল্ট বালা অইলে বাইয়েরা খুশি ওউ বাইয়েরার খুশি করার লাগি অখন ফড়ি খরি খরি
/kaggle/input/regspeech12/test/test_sylhet_0673.wav,খুলা ও আচ্ছা আমার ছুটো ছেলে ডিসি অফিস চাকরি করে না টি খইলাম ডাক্তার ওইছে তার বাফে ইয়ো হেলথ হেলথ ই
/kaggle/input/regspeech12/test/test_narail_0001.wav,ওই যে কি ভালো এট্টা নাম জানু আমরাতো ভাবতাম ওর চা ওতা যে বিয়ের ওঠলো সেহেন্তে ঠিক ফালাম যে আলাদা শরিক কি ভালো এট্টা নাম জ্যানু তিন শরিকির জমি
/kaggle/input/regspeech12/test/test_sylhet_0756.wav,মানে কুনু নিয়ম নিতে মারে না আমরা ছলে বিয়ার মাঝে এক বেলা ছাড়া আর মনো খরো আমরা যেলা আটি আদার মানে ও মা আছে না ইতা খানে আমরা বেছা কুন বিশ্বাস থাকা খরোইন না
/kaggle/input/regspeech12/test/test_sandwip_0038.wav,বাত কি দেখাইছে নাকি তা যায় খাইয়া লা হ্যাঁ লাই খাইয়া ইয়ে দেই খাইয়াই
/kaggle/input/regspeech12/test/test_chittagong_0037.wav,কি আর কি আর তুরা লেহাফরা খুব গোজ করছুইন দোন অনে দরাদরি অয় ওইডে কি করছিন দের কি দি গেইয়ে রশিদের ভালা ওডে এডে কী ফগালাখওনা এডে ইককা চা তে ইক্কা ছাওয়া তে টামবাইককুন তো অইবু
/kaggle/input/regspeech12/test/test_narail_0180.wav,রান্না তো হইয়ে গেছে তা ছোট্টা মাংস ওইছে মাংস জান দিছে তার খবর নাই কোনডা ভালা লেখা দিয়া উনি কি মাংস কিভাবে কিনে একেক কেজি কেনে নাকি অল্প তো কিনা যায় না না না এনে
/kaggle/input/regspeech12/test/test_narail_0148.wav,পরে চড়ক তো চাপ বুচ্ছিস বিয়ে বাড়ি কি আবার যাবানি আম তো বিয়ে বাড়ি বসিয়া রইছি মেয়ে বাড়ি আর যাবো না মেয়ে বাড়ি রইছে গিরামের ভিতরে বিয়ে আসতে নাকি
/kaggle/input/regspeech12/test/test_sylhet_0710.wav,আর আচ্ছা আফনের বাড়ি খানো বাড়ি তো আমার সিং সাবের ফরছে যাওয়া ইতা ছিনে নিশান ইখান সিলেটের বিত্রে তো সিলেটের সিলেটের বিত্রে ফর বাড়িত ঠিকানা না লাগে না ঠিকানা বলতে আমরা এমনি খরার লাগি আর কি কি ভাষা দরকার আঞ্চলিক শব্দ গুলা দরকার হ্যা হুম
/kaggle/input/regspeech12/test/test_chittagong_0053.wav,আমি ইন হার মানে আল্লা আছে বইন চিন্তা না হ তো দিয়া টি এ গরিলে দর টর দিছি বুজ্জোস না এই মিয়া ইয়া চিন্তা গরি দারে আম্মারে খম ফরিবি হুম বই আরে ঠিক গরি ছালি এই বইনেরে ইটা মা ইটা মায় বানাই দরি
/kaggle/input/regspeech12/test/test_sandwip_0090.wav,আর তো আর মাইয়া গেছে যে আঁই দম কিসির রইছি যা দে আর ইয়ারে কিনিয়েরে কাম হার আশা করি দারো না আঁর তো মানি আঁই কিছু অইছে আঁই যদি চোখে রানি এক্কানা দে হেতে আরো শেষ অই যাইবো গো এ তে মনে একদম ছলচে করি এইল্লাই সে তো কাওন খরচ কিলা দি ছেমা ছইল্লা দে আচ্ছা
/kaggle/input/regspeech12/test/test_chittagong_0028.wav,বয়সের আগে ফাকি যাইলো গু বিয়া দি ফান্না ফরিবু না ও মা তা তুই গরি ফালা নি ওকগো বিয়ে ও মারে বিয়ের বয়স অইয়্যে না ও মারে মা বিয়ের বয়স না হইলে তো তুই ফাকি আইয়্যুন ফাকি এরে তো ছেলো বিরিজ
/kaggle/input/regspeech12/test/test_sylhet_0478.wav,যত দিন আছলাম মানে হসপিটালোত বাসা বাড়ি ফাইনাই গেছে এখন মানে তা তাইন দুই ওজন বাড়ি আগোত যাননা যে খইবো তোমরা তো মা রুগীর খান্দাত আর কিন্তু খেউ কুনু খানো পাশের না যারার সাতে ইগুর মা আমার জীবন হি বয় সব হসপিটালে ফড়া উড়া ফালাইয়া
/kaggle/input/regspeech12/test/test_sylhet_0746.wav,কিতা ফয়লা সবে খাইন আমরা গরম না আর তো এখমাস বাদে আর যে মেন সামনে আমি আসলে ন টা লাগে আর কি মনে খরো জুতা এখমাস অবিশ্লনা ইগু অফিস ইতা না এন বাদে খাইবো মানে ফয়লা খাইবা সাবার
/kaggle/input/regspeech12/test/test_rangpur_0047.wav,করা কা কোরবানি দাওয়া মানে কোরবানি না কতা অনেক বই কইল্লে এরা কিরপন কর দেছে না না কোলায় তো কোরবানি দিবার কইচে না তা তো খাবার লাগে না না না ভাই করে যার হাত পা ন
/kaggle/input/regspeech12/test/test_sylhet_0706.wav,ও তে তো কাগা মাতা বারো বছর ন হ ইতা কিতা মোবাইলো তুলা দাগে যে আফনারা আমরা খালি আফনারার বয়স ইয়া রেকর্ড নিয়া মুবাইল তাইন না না না ইবা না
/kaggle/input/regspeech12/test/test_sylhet_0538.wav,পিকনিকো আমি জানছ না টেকনিকাল আমি তিনটা সময় গেছি আমি তো জানি না সত্যি আছিলো ট্রান্সফার খরতো আমি গিয়া তোর না আরে মনে যে এবার খেউ না আমি তো আনিশা নানি এক্সাম আছিল এখন তাইর লাস্ট একটা যাইতো খইলা বায়দি যাইতে ওয় যে বাই বা ওই বাইরা যাইতাম মাতাত তাখবো তা যাওয়া আমার আরো
/kaggle/input/regspeech12/test/test_sylhet_0659.wav,আফনারার সময় তো একটা ছুটবেলার সময়ে এখানদি এখন দিন তো কঠিন ওইয়া দাঁড়া আর আগে তো শুক্র দিন আছিল তো শুক্রবার দিন গেছে গা দিন আইয়া আর অখন যাইবা ই সময়
/kaggle/input/regspeech12/test/test_kishoreganj_0001.wav,এই যে হুম তো হরে রাত না গা যে
/kaggle/input/regspeech12/test/test_habiganj_0076.wav,একটা আইচ্ছা তুমি তো ভালো তো উচ্চ বিদ্যালয়ে ফড়ছো না হুম
/kaggle/input/regspeech12/test/test_barishal_0012.wav,ওডা ফাইলাম না এই কলেজে দিয়া আমার আমরা যে ভাই গরন দিয়া আমরা যাবো এই যে কি ডাক্তার অয় না কিন্তু ন খাইল্লা খরে ডা এট্টু নে ওরা জন্ম কিন্তু ন খাইল্লা কিন্তু ওরাও এই ডাক্তার আমাগে ওই যে কা মানুষ জানেন এই গরু নদীর বুকে বাংলাদেশের পত্তেকটা জিলা লোক আছে গরুনের দিতে গরু নদি তো এমন খাইয়া জাগা যোগ টুনিয়া
/kaggle/input/regspeech12/test/test_kishoreganj_0166.wav,নানি সব শিশু বালা কি মানে বালা হানি জমি শীতের কালে আমরা সেকাল শিন্নি দানা রাতে গাছ এই যে রাতে গাছ গাছ বালা ইত্যাদি কর যে বিন্দুবিন্দু পানি জমি থাকে তাকি শিশি অইবো তাকে
/kaggle/input/regspeech12/test/test_tangail_0086.wav,চোখ ছবিডা আসলে দেখলে মানে বালা লাগবো নে তারপরে আমি যেই মিডা শেয়ার করমু সেডা ওইছে সাভার দুই হাজার সাতের ছবি এই গানগুলা আমি শুনছিলাম কিন্তু এই ছবিডা মানে হইয়া দেহা ওই
/kaggle/input/regspeech12/test/test_chittagong_0025.wav,হ্যাঁ বেশি ভালো ইয়া একবারে গরমে পতি মততর কার ওরে মনে খর দে এক্কানা ফুসকা খাইতাম যে এডে ফুচকা খাইয়া আর কি মারে বাজি গেইয়্যে অরে অ আর আম্মার মেয়েরে বাইজ্জি আরে বেডা তো বলে কী খান সমস্যা অইয়্যে হ্যাঁ
/kaggle/input/regspeech12/test/test_sandwip_0120.wav,শাহ মানে হেতের একদম করা হাডাই দখলে হিয়ানে একশ আবার চেষ্টা করবো এক সময় আমরা বোলান ছাখরি আংগো ইয়ারে আগে আছে খওয়ার মতো তো লেখা ফয়সা দিলে আমি আর কতা করার লাগি জানি
/kaggle/input/regspeech12/test/test_sylhet_0257.wav,বেছো রানতাম খাইতাম ই খরতাম দওন তাকি আটি আটি নাই ফুল তিকা আটিয়া টি ফতিদিন যাইতাম কোচিং কোচিং তিকা হাটিয়া টিয়া আমার নাই ফেলাইতাম আমার সময় বাজার বাজার খরিয়া রানতাম আনি আর ওউ রানতাম বাড়তা খাইতাম আর ফড়তাম আর মনে ভাবতাম যে আমারে যে
/kaggle/input/regspeech12/test/test_sandwip_0040.wav,কুম্বেলা দিছে গো দিছি খরছি হতি রিফত খরছি আছে ইয়ানে জানলাম আ
/kaggle/input/regspeech12/test/test_noakhali_0012.wav,বেশি কাম করার হবে মাত্র ইয়া খুশি বেগগিন আমি ভালো আরকি নানুর বান্ধবী ওই গেছে না আনের লগে দেহা করতো আমার মনে করছে ব্যাংকে আর মনে কর না না আর তোমার কচ্ছি ব্যাংকে নি মার
/kaggle/input/regspeech12/test/test_habiganj_0094.wav,ঘুরানিত তো যাই মানুষ মজার লাগি ঘুরানিত গেলে আমার বালা লাগে একটু গুরোন ইদিক দিয়া তারফর ছুটু তুলনসামনে পিকনিকে কুতায় যাওয়ার ইচ্ছা আছে
/kaggle/input/regspeech12/test/test_rangpur_0058.wav,করে নাই এই শোনো এখন এই যে বর্তমানের জন্য যামরা মজুত রাখে তামরায় এখ খাবার পায় না এগে জানি না সেটা তো পায় না কিন্তু অনেকে নাই শুক্রবার পোথম রমজান শুক্রবার মাজের রমজান শুক্রবার
/kaggle/input/regspeech12/test/test_sylhet_0147.wav,পাতোত তো বউত ছাগ মাই আমরা তো বুড়া আমরা দুনিয়ার খাম খরতাম ফারি বইন আমরা আর তারা দুর্বল আফনার আম্মা আব্বায় আছোইননি
/kaggle/input/regspeech12/test/test_sandwip_0051.wav,হ্যাঁ অন ক্লাসে কি ল তুই গেছে না কি কি লগে বাই পরিচন দিছে কেন্নে তোর লগে লাগি হেডে গ্লাস হিয়ারে ধর তুই গেছে গরি চাচু হেন্নে বাস কাডি রক্ত ভাষা কিছু কোনো রকম ও বন্ধ কইতে হারে না শেষ অই যায় কি বুলে ডাক্তারের কাছে নিচে
/kaggle/input/regspeech12/test/test_kishoreganj_0199.wav,ফইল্লা
/kaggle/input/regspeech12/test/test_sylhet_0409.wav,না আবার বাড়ি বাবার বাড়ি কোম্পানি গঞ্জ দে সাদা ফাতর ছিনোনি শুনছি বারে অনেক সুন্দর সুন্দর জাগা বহুতদিন যাইতাম যাইতাম আমরা যাইতাম যে তো ঠিক করি আরে আমরারে ওয় না যাইয়া এখদিন আল্লা ফাক্কা ইসি আফনারার বাবার বাড়ি ফাইছে আছোইন মানে
/kaggle/input/regspeech12/test/test_sylhet_0506.wav,আর বৈশাখ মানে বাংলা ভাষায় বইলা বৈশাখ মাইয়া দে যেমন জ্বর বৃষ্টি বেশি দিনের আইতে জ্বর বৃষ্টি বড় ফরে দান খে খুব বেশি প্রচুর দাম ওইছে আমার আব্বা দেখা গেছে আর হুট খরি ওই যে কিতা ফড়ছো মানে বিজি খরছো ফড়া আমার সাতে সাতে আমার আব্বা মানে খেতোর মাঝে তো ফাতর মাঝে বাইদে খরছে
/kaggle/input/regspeech12/test/test_narsingdi_0081.wav,তাকা আম্মার ডাও ভালো তুই তো তাও খেলা লাগে আইচ্ছা আমি তো একদিন খেলে ধরার দিন গেছি না অখন আমি যে মনে কর সিক্স তে ফড়ি সময় নাম টেমো অক্করে খেলার না ইতা আমি তো বড় ফোলা ফাইনাল গা খেলতাম না আমার তো হাইড বেশি রাইক্কা না এলা ক্লাস ফোর খেলার নাম দিতারছি না ফাইভে যাতো দূরা ফাস্ট বসলে
/kaggle/input/regspeech12/test/test_chittagong_0035.wav,আসলে বাই গরম এক্কানা অ টু সময়ও খাডিবো হ ওরে আব্বা ইবারে লইয়া হরি গেছি আইতো ন ফারি ছেলে ভি লিপ্ত আম্মা ও দে যাওন ইয়ার দে ক্যান্সেল গরে দে ফুল কলা আব্বারে তে তে বার খতা আছিল হুম ইয়া ইনো দেহাইতো ন দে আম্মা গো
/kaggle/input/regspeech12/test/test_kishoreganj_0154.wav,গুলা বিল গরি মতো
/kaggle/input/regspeech12/test/test_narsingdi_0014.wav,বাউন্ডারি অইয়া যায় ওরা চোক খে দেহে না অর্ডার রান্দে আবার বাউন্ডারি না অইলে ওডার সার্ভিস দিয়া দেয় এরকম অবস্থা দেশে একটা সিস্টেম একটা রিভিউ সিস্টেম ওরা ম্যানেজ করতারে না ওরা নয়টা কোটি টাকা দিয়া কী করবো
/kaggle/input/regspeech12/test/test_sylhet_0176.wav,এইতো ফারি না কুনু বাড়ি কালার মেয়ে বিয়ে অইছে খই সানজন আরে না যাইন গা বুঝছি তারার বাড়ি যাই না যাই তারাও আইনছি
/kaggle/input/regspeech12/test/test_sandwip_0072.wav,বউত জলএগরেজিগুলাত যত্তে একবার ব্লাড টেস্ট করার দরকার সবতিক্কা একবার ন কইল্লে আর দেখিয়ার বাবা ফাইলে যদি কোনো সমইস্যা ধরা খায়
/kaggle/input/regspeech12/test/test_sylhet_0432.wav,বুঝছোনি তারফরেও আমরা কইছি যে আমার আমার বাই আছে আমার বইন গুতা বালা আছে আমার তা খাবেন ট্র্যাক ইরা ওইতাম তার বুঝরা এখন ইগু পরচাটা দিক্কা টাটা রিকুয়ানায়
/kaggle/input/regspeech12/test/test_narail_0078.wav,ডাকায় না তো নে বিয়ে অইছিলো দাজবাড়ি ফরিদপুর বিশাল আয়োজন কইরে দিয়ে ওইছেলো আমরা ছিলাম গাদি তা
/kaggle/input/regspeech12/test/test_narsingdi_0095.wav,তো এইডা ঝাকা নাস্তা করিয়েন করি ন কার্টুন গরু এনিমে ইডা আইচ্ছা যেডা দিলে এনিমেল উল্লাহ হলা কতা কবি না ঠিক করমু তোর গরু কমেন কোনো কার্টুন আছে কেডা এন্ড হয়া কতা ম্যালা ছিনা
/kaggle/input/regspeech12/test/test_rangpur_0066.wav,এই কইছে কাক্কু তো আর ওই যে ওই যে কি থাকে না ইটা তো ভাই ওই আতোয়ারের সাতে ঠিক আছে
/kaggle/input/regspeech12/test/test_tangail_0047.wav,ফান খানি খাইতে কিন্তু পরে এরকম খাইতে নেই পরে ফান খান আবার লাভ দিয়া পানি যায় আবার আলাদা ইয়া আছে আলাদা ভাষার ভাষায় থাকার জন্য আরেকটা রাখছে যেহেতু বুঝতে পারছি যে ভাগ যেহেতু
/kaggle/input/regspeech12/test/test_sylhet_0541.wav,খাইয়া ইয়া দুফুরে ফরের এডি এক ছাদো টাইমে দিছি তাখে লইয়া গেছি আমি আর আম্মা আচ্ছা তার ছাকরি ইবার তার ফরিক্কা তার সকালে উটি গেছে গি বেশিরভাগ মানে কমই গেছে না হুম আর গেছে না ফরে লটারি আমরা ফাইছি দুইটা দাদো
/kaggle/input/regspeech12/test/test_narail_0019.wav,বাব লুক তো বেশি আনে মাসে তো ভাই অইছে ফিসো ভাই অইছে মামা তো ভাই ওইছে সেইসুমা বাল ছুডি কেউ ছেলো না শুধু নষ্ট সেই সুমায় কেউ ছেলো না ও সব কতা আমার শুনতিছে না ভাই আইজকে মা মাত্তো না সুদ নষ্ট বউ মুয়ারে না এডা সত্য কতা মলো খালি
/kaggle/input/regspeech12/test/test_sylhet_0090.wav,নাইনও খইলায় বই তো মানে মনে অয় ফরিবর্তন অইছে অনেক পরিবর্তন ফরে আমরা যে বই ফড়ছি কিচ্ছু ন
/kaggle/input/regspeech12/test/test_tangail_0095.wav,অনেক বছর কিন্তু ছাহি না মনে অয় আশা নিয়াই থাকে যে ইমান আসবে কিন্তু অনেক দিন যাই ইমান তো আসে না রণবির কাপড় কিনার জন্য খোঁজ নিতে যাই মানের ওই শহরে কিন্তু কেউ চিনে না এরকম
/kaggle/input/regspeech12/test/test_chittagong_0118.wav,হুম মা বা তল দিস দিলা ওকগো ফাল্লা দিতি ইতারা আঁর খতা বুঝা বুঝা ইতে আরে আরো হয় আঁই ইতারে তা সে তো একবারে ন ঢুকি ইতে আরে ফট ন গরের আগে তো কিন্না ফারতে
/kaggle/input/regspeech12/test/test_kishoreganj_0184.wav,ন তো তো এল তো হইলো ইয়ো অইলো এতো হেনো না ওয়াই ইডা অনে লই এলো লো আইলে ফরিক্কা বানাম নে
/kaggle/input/regspeech12/test/test_habiganj_0041.wav,ইতারে বাই বইনরে ফড়ানি জীবনে সম্ভব না অন্যতা ফড়াইতে ফারমু অইন্য তারে আমার মাত খয় তুইদি অইন্য তারে ফড়া কি বালা খইরা আর ইতারে ফরাইতে অইলি তর তর জ্বালারন্ত্র না বাইরে জায়গা নিজের বাই বইনের ফ্রতি ইকটু খেয়াল নাই ইতারে আমি কিতা ফড়াইতাম ইতার খতা লই আমার রাগ উইট্টা যায়গা খই একটা বুঝে আর কতা এমন রাগ উডে
/kaggle/input/regspeech12/test/test_kishoreganj_0030.wav,না এইডা না কইতাছে নিবি লাগে আমরা দিকে তো সবসময় হইছে না মাইক চাক বাজার এইডা এইডা বিভিন্ন কিছু বিভিন্ন ক্যাম্পাস আর মাইক চাক বারাইতাছে বিভিন্ন গাড়ি যে ছব্বিশ ঘন্টা গাইছিল হে ইন্ডিয়া
/kaggle/input/regspeech12/test/test_barishal_0095.wav,বউ পোলা হ্যা এরে সংসার দেবে ছেড়া বেড়া দিগে ছেড়া বেড়া করা মানুষ চালু না চালু অইলে যাইতাম হেই তো কই আমি তো দেইক্কাই বুজ্জি ছেড়া বেড়া কইছি কি খালি ছেরা বাড়া তো আছে না দাম না ভাই পোলা মানুষ অইবে না হয় ওই আমিও আমনেরা হ
/kaggle/input/regspeech12/test/test_sylhet_0375.wav,আর তাইন তাইনোর কাফর ছোফর নিজে নিজে দুইলা তাইনোর খাবার দাবার আমি রান্দিয়া রাখলে তাইন লইয়া খাই নিতো ফারে ওউ ফোকাস টা তাইন খরোইন তানোর দুই বাই আছিল স্টুডেন্ট তো তারারে আমি খইছি দেখ তোমরাও ফড়রায় আমি খররাম তুমরা যেরখম স্টুডেন্ট আমিও স্টুডেন্ট
/kaggle/input/regspeech12/test/test_sylhet_0455.wav,মানুষ নি নামে দি না রে বাবা মানে মানে তারা আমার তো মনে খরো সম্মান করে সম্মান খরে আরকি যেহেতু যে আমার আম্মা তারা আমার আম্মা আছিল সব মা যেদিন খুফা ইটা আমরার বাড়িতে বেড়ানি যাইতাম আম্মা তার আগে কিতা রানতা না কিলা খরে আমার আব্বা না আছে তারা ইতার
/kaggle/input/regspeech12/test/test_narsingdi_0039.wav,এবার তো যাওনের আগে কমুনে বানাইতে কারেন্টে বাড়ি মাইরা গে কারেন্ট এই গরম কান থায়ে একটু বড় হয় যাইতে থাকতে থাকতে থাহে বিদ্যুৎ অফিসের লোকেরা পাইছো যিমুন করেন আমু ফাতি খারে কারেন্ট লাইন
/kaggle/input/regspeech12/test/test_chittagong_0049.wav,ঘরত হালকা খাম গরিবের লাই অইলদি বউত গেয়া খাইতে হেই তে আর রঙ্গো ফরে ওর বাড়িতে রান্দে গিন খাম টেঁয়া দি কিনলা গুরতাম টেঁয়া দি বিয়া দিয়া রান্না হাম হালকা দিতাম না তো টু জামাই কাম আছে জামাই কী হবো মা লইবোনে
/kaggle/input/regspeech12/test/test_habiganj_0030.wav,ইখানে দেলাইছো ওটে হোস্টেলে মাঝে তোমার দর্মীয় দর্মীয় খাজ ইতা ফালন খরতে ধর্মীয় খাম খাজ খরতে তোমার ওতো অসুবিধা লাগে না তা তেমন কুনু অসুবিধা লাগে না এরফরে তো ফুরাফুরি ভাবে খরি না খরতাম ফারি না
/kaggle/input/regspeech12/test/test_tangail_0094.wav,কুনু এক্কা পরে ব্যবসার খাতিরে ও অনেক দূরে যায় গা পরে কিন্তু সুনাম কাপড় আবার ইমনরে প্রথম দেখা তাই পছন্দ ওইয়া ফারলায় আর ওয়ান সারাজীবন অপেক্ষা করতে রাজি কিন্তু ইমান তো ব্যবসার কাজে যে যায় অন্য শহরের অরার কুনু খোঁজ নাই
/kaggle/input/regspeech12/test/test_sylhet_0475.wav,আমরা আছে আমার কিন্তু আমার আমরা জীবনে বাই বইন ইতা মায় খাইচ্ছে ইতা ফ্যামিলি ওউ যাইম অসুস্থ আছলা আমার এখটা মাস আমরা খতা খইছি না মানে খতা খইছি না বলতে কি দিন দুনিয়ায় আমি দেখছি না যে দুনিয়াত আছিলাম মরছিন জানি না মানে এখ মাস ফরে জানি আমি দুনিয়াতে বাস
/kaggle/input/regspeech12/test/test_narail_0179.wav,রাত্তিরি কি খাইছে তোমরা রাত্রে যে আমার বা খাতি খাতি এগারোটা সাড়ে এগারোটা কোনোদিন বারোটা বাইত যায় ওইডা পেন রাত্রে এগারোটার সময় দোকানে ছোটটা এই যে বইসে রইছে আটটায় কোন রাত্তির
/kaggle/input/regspeech12/test/test_sylhet_0653.wav,ইন্দি গিয়া খইতাছিন ইন্ডিয়ার তো ইতা ঘর বানাইয়া ইয়ো বানাইয়া টিশি ফিডা যায় ওতো মানুষ জাগা বালা ঘর মাছ কষ্ট ওইছে খাওয়া দাওয়া ওয় তো খাওয়া দাওয়ার তো কষ্ট ওইছে সখালে না সখালে বাত ফাই না
/kaggle/input/regspeech12/test/test_chittagong_0002.wav,গ্রামের মানুষ অখল এইল্লে মানে মাতা আইয়া তারা আরে নি মাতি আইছে এহন মাতলো নিজেত্তে খারাপ লাগে দি ন মাতি হইছে আল্লা কি এডা আল্লা আছে এখনো ফারি
/kaggle/input/regspeech12/test/test_sylhet_0621.wav,ও তো আছোইন নানি তারা তো তার ইঞ্জোরি আছোইন জেরিন বর্তি ওইতে ওইছেনি না জেরিন ইবার দিতো তাই তো আইএলস খরের আর কিতা মেডিকেল আবার দিছে ওইছে না মনে হচ্ছে ডেন্টাল দিতো নার্সিং দিতো ফারে ভর্তি গেছে ও
/kaggle/input/regspeech12/test/test_habiganj_0037.wav,আমি খই না আমি খই দিলাম লবন এরফরে খয় যা তোরে দি আর মাইনষের রান্দা ইতা না তুই আইজকে তোর হাইড ই বাদ খরছোস ইতা ওই
/kaggle/input/regspeech12/test/test_habiganj_0042.wav,বাপ মার সব ফরামর্য বা যেটা বাপ মায় মতামত সবগুলা ভালা লাগে নি
/kaggle/input/regspeech12/test/test_sylhet_0015.wav,হুদা শেষ অইলে সবাইরে পর অত্র এলাখার যে তো মানুষ সবাই পোশাক খাওয়ানি অয় এ কি ছুরি খাওয়া অয় কেউ ধরেন বৃষ্টি জাতীয় জিনিস একটা জিনিস বলি খাওয়ায় উৎসব আনন্দ উৎসব ধরেন গান বাজনা নিত্য গেছে পারে কি না এগুলো খয়
/kaggle/input/regspeech12/test/test_rangpur_0049.wav,কে কয় নাই হ খারাপ সেটা ছিলাম হইছে ওয়া সাতটা কয় তোমরা খয় চোর কয় যে লাভ নাই তোমরা যাও তো কি কইরা গেছি লাকি কি হামার মদ্যে এলা ওমরা হামরায় খারাপ করছি
/kaggle/input/regspeech12/test/test_narail_0121.wav,তালি কথা কন কইরে না ওরে ওই সাইন্স আর বলি যে বুচ্ছিস আর যে কথা হলো সাইন্স আর করলো ভিত্তি টা ওরে দিয়াও
/kaggle/input/regspeech12/test/test_rangpur_0062.wav,ওই যে একবার হইলো চাঁদের মদ্দে কী ওরে আল্লা ওই যে সাঈদী বসি আচে আর পাওয়া যায় না তাই যে একবারে নাফরমানি যামরা এইটা বিশ্বাস কইরবে এইটা বলা যাবে না বিশ্বাস করে আরে ওটা একটা ভুয়া একটা ইয়া এর ওডা বার ওইছে সাঈদী পায়ে দি বা আছিল মোর সাতে এই যে কাজিয়া এইখান নিয়া কয় কী কয় বলে আসলে ওইটা সাঈদী মন তুই মোসলমানে নোয়ায় হ
/kaggle/input/regspeech12/test/test_sylhet_0712.wav,মানে যা খইন না নি যার তিনজন তিনজন আমরা তিনজন হুম আমার বড়ো আছোইন একজন আমার ছুলা গরো নাই আমি গুরা তে কি কলো আমি মাইজে আফনার তো খইলে একসাথেই তাখতো
/kaggle/input/regspeech12/test/test_noakhali_0014.wav,আনুইন না না গ্রামীণ না না বলেন না না কানাডা স্যারের তো মানোন না বউ আইনে করব এলা বই গা খালা দাদা লাফা বা হাতলা লাগতি রে আগুন ধইরে দিবো খালি মোডামুডি অলা আরকি যে তো যে ইয়া আর মাফুইজ্জা গা তো আলো বিহালে
/kaggle/input/regspeech12/test/test_kishoreganj_0060.wav,আর ফাল তাতে না ফারিস না উইড্ডা উইড্ডা আর ফারি নাইগা গাছের ছাও নেইগগা যা মেগ
/kaggle/input/regspeech12/test/test_habiganj_0034.wav,রান্না টান্না খরতে বালা ফাও নি আমি তো ছুডু তাকতে তিকাই খালি ছাইতাম রানতাম রানতাম অখন আমার মাছ বেশি ছুডু তাকতে দিতো না সিক্সো তাকতে তো আমি ছাইতাম খালি রানতাম রানতাম অখন আমার মায় দিতো ন খয় তুই আত ফুইরে ওইরা মরবে রান্দাত গিয়া আমার লাগি আরো দুইবার ইবে কিন্তু আমি ছাইতাম খালি রানতাম রানতাম এরফরে ইতা খরতো তে মাজে রান্তো আমি খালি বইয়া বইয়া দেখতাম
/kaggle/input/regspeech12/test/test_sylhet_0453.wav,ছুটো তাইন তুমি ফুড়ি আমার ছুটো আরো দুইজন বিয়া অইছে তাইর মা মামার ছুটো তো আমার বুঝা যায় না
/kaggle/input/regspeech12/test/test_sylhet_0373.wav,আর এখন তোর যে পরিস্থিতি মানে শিক্ষা দীক্ষার দিকে মানে মাঝে মাঝে আপসেট হই তারফরেও আবার মানে আল্লার প্রতি যে বিশ্বাস আমার ফিরায় আনে যে না আপসেট হওয়া যাবে না ওউ ওই না আর চেষ্টা খরিয়ার আরকি তারারে লইয়া আর ব্যানে খরা কিলা ম্যাডাম মানে সবকিছু ফ্যামিলি তারফরে প্রেশার
/kaggle/input/regspeech12/test/test_tangail_0034.wav,আসলেই দার মানে ভাইগ্য যার সাতে লেখা থাকে তার সাথেই আবার ঘুইরা ফিরা একটা নীল হয় আর আইচ্ছা এখন আমি আরেকটা স্টোরি শেয়ার করবো সেরা ওইছে লাইফ অফ ফাই
/kaggle/input/regspeech12/test/test_chittagong_0113.wav,ছালার নিচ্ছে দে ফরে অতিরিক্ত অনরা উডি গরমে ফাল্টাই ফার্লার যে গরম ফাহাদ মুতা তাখবে খরার খতা খরদে আজি না ফুরান দে দুল্যা ছৌদি ছড়িয়েরে
/kaggle/input/regspeech12/test/test_sylhet_0367.wav,এস্টাবলিশ খরলে তো আমার কাছে একটা জিনিস সব সময় মনো অয় আমি অপটিমিস্টিক আমি আল্লাহ কি বিশ্বাস খরি এবং আমি দেখছি আল্লা দিবু দে আমাকে অনেক সহযোগিতা খরছোইন মিষ্টি আল্লাহ এখটা মানুষকে যখন ফাটায় তার রিজিকে ব্যবস্থা খরিয়া দেয় এবং আমি আমরা হাসবে একজন
/kaggle/input/regspeech12/test/test_narsingdi_0137.wav,ই তো যাবি আমি ভাবি আমি ডি ইয়া উঠতো না তুই ভাবি ইতা যাবি হেদিকে ইসকুজমিদার বাড়িত দেওয়া যায় না অনেক টাকা লাগে উই যে হেদিকে বিদা হ
/kaggle/input/regspeech12/test/test_tangail_0004.wav,আর ফ্রেডির সামনের দাঁতগুলা আছিলো একটু বড় মানে স্বাভাবিক মানুষ এই দাঁত মানে দেহা যায় না বাড়ি থিকা কিন্তু ফেডির সামনের উফরের দিকে দাঁতগুলা আছিলো একটু উঁচা আর বড় তাই মানে দেখতে টু লাগে
/kaggle/input/regspeech12/test/test_sylhet_0297.wav,গুরুত্বপূর্ণ কিচ্ছু না জাস্ট তাইনও হেপি তাখা তাইন যদি ইটা পেমেন্ট খরতা ফারোইন প্রোপারলি তাইনো হেপি তাখলে ওইদিকে তাইনেরো গিফট দেওয়া ওইলো বাবা মা ও খুশি তাখলো সামাজিক যে সংস্কৃতি অগো ফালন খরা ওইলো
/kaggle/input/regspeech12/test/test_chittagong_0138.wav,তুরে যে আইসতাম হয় ইতারা হবু দে তুই মানুষ লই যাও তারফরে ইতারা নিবো ইতারা এহন তুরা লাগে ইতারা ঘর তো টোয়াই না ফারে তুরা তা ঠিক আছে না খরা ঠিক আছে তো দা আইনা হরে তুরা এখন বাদে ফাডাইন কিছু লইয়া কিইরগুম অ
/kaggle/input/regspeech12/test/test_narsingdi_0016.wav,এই অইলো দেশের পরিস্থিতি বুচ্ছস অন্যান্য দেশগুলোতে দেক অস্ট্রেলিয়া দেখ নিউজিল্যান্ড দেখ এই এক মিজার স্টার্ক অস্ট্রেলিয়ার খেলতাছে ও বোলের কি করতি অবে না ইংল্যান্ডে দেখ জিম সান্ডারসন
/kaggle/input/regspeech12/test/test_sylhet_0551.wav,আর আমার বাসার সব তার বছরে সবচেয়ে আমি এখটু বেশি বালা ন সারা লাগে বা তারারে খইলাম যে আমার পারছ তিনটা ছাইরটা ফর্যন্ত দরখার স্যালারি খমাইয়া নিমু ফরে স্যারে খইরা স্যালারি কুনু বিষয় না নিলে তো সবেও খইবো
/kaggle/input/regspeech12/test/test_sylhet_0022.wav,তার ভিডিও অনুসারে খুব জাগা খরার ফরে মার খাছে যেন যদি টাইমের সময় মাইক এলাউ খরে আমরা গেঞ্জি দি এইদিন পূজা সব সময় পূজা পূজা পরে ইখানো প্রসাদ খাওয়ানু হয় মানে ঘরে আমরা খুব বেশি আনন্দ অয় পিসা খাওয়ানু অয় তারফরে ধরোইন সিলেটি সিরি খাওয়া সবকিছু সবসময় পূজা
/kaggle/input/regspeech12/test/test_narail_0006.wav,মনে করো তা আসতো কতো তেইশ মন তা মানষির তো তবে ঘরের অতো খবর আমরা কি তোর বাবা কি কইছে না কি যে এই জমিতি এই ওই জমি তো ওই এসব কামে কইছে না কি আর জানবো এ তো ওই যে এডে জমি যাতির খাইছি কিনিছে এই যে মনে কইলো জমি রান আইনতে একজন কিনতে
/kaggle/input/regspeech12/test/test_tangail_0071.wav,এটা বরুন ধরনের একটা মনে একটা জায়গা করে নাই পরে বরুন দাওয়া ডেইলি কাজ শেষ কইরা হাসপাতালে যায় ছিল সাতে দেহা করে মানে যে কম গেছেগা মানে সেন্স যে নাই পরে ওই সেন্স ফিরিয়া আর ট্রাই করতে থাকি
/kaggle/input/regspeech12/test/test_rangpur_0091.wav,কী মাছ হ্যা ইলিশ মাছ ইলিশ মাছ দিয়ে খাছিস কোডে পালু ইলিশ মাছ কায় আনছে তো ইয়া মার জানি চলছে তো ভালোয় নাকি হ কোনও ঝুট ঝামেলা নাই ঝুট ঝামেলা নাই
/kaggle/input/regspeech12/test/test_sylhet_0151.wav,তারা কিতা খরে মানে ফড়া লেখা খর ছুডু না তো বিয়ে ফাইনাল দিলাইছে বিয়ার বাদে বিয়ে হইছে এলা তান বড় ওই জনে নাইম সন্যা খরছি আলারা পারিবারিক কিন্তু ব্যবসা সাতে ব্যবসা আছে
/kaggle/input/regspeech12/test/test_sylhet_0697.wav,আমরা মহিলা তো মহিলা আছিল ফনরো জন কতা যৌথ ফরিবার ও মা কিলা হবো আনছেলে তিন বউ তিন ইয়ার গরো না তিন রে আছোইন সবাই বড় তিনটা তিনটা দে ইখানোর রোজার গরো দিতা
/kaggle/input/regspeech12/test/test_chittagong_0076.wav,বেসরকারি ওরে টেনশন না সরকারি লইয়ারে সরকারি মদ্দে তো খাইতাম সরকারের মদ্যে অইলে তো তুই সাইন্স লইয়েরে ফরি ইবে আর আমি তো আসে সাবজেক্ট লইয়া ফইরজুম সরকারি তো মনো বিজ্ঞান আছে তো
/kaggle/input/regspeech12/test/test_sylhet_0230.wav,বাদে ওইলো গিয়া ওতা খরতে খরতে খতো মানুষরে আমার বাই ইতা না খরিয়া দিছোইন না দেখি আরেকটু দেখি রেজাল্টটা খমতা বারো খতা ওতা লইয়া ওইয়া বাদ দিছোইন তারারে বিদায় খইয়া অবশ্য
/kaggle/input/regspeech12/test/test_tangail_0118.wav,সবকিছু মিলে কিন্তু এখন একটা জিনিস ভালো যে শুধু প্রধানমন্ত্রীর ওক ডিপেন্ড কইরা নাই দেশের সবাই যে যার জাগা তিকা খালা করার জন্য আগে আসতেছে এখন রিসেন্টলি দেখতেছি কিছু ব্লগার রাবার ছোট ভাই
/kaggle/input/regspeech12/test/test_habiganj_0048.wav,কী কী গিফট ফাইছছ আমি গিফট ফাইছি যে ছুরি ফাইছি খানের ফাইছি ফরে জামা দিছে এরফরে এই কিতা আছে না ফুতুলআছে না তাকতে আমারে ফুতুলদিতো বেশি খাছের ফুতুল
/kaggle/input/regspeech12/test/test_kishoreganj_0181.wav,অরে বালা খাওয়া অইলো তো হলো অইলো তো হলুদ এ ইনোতো হলু তেল অত্তো এইলো হনু তেল অতো হনু তেল তো হনু এল অত্তো হু
/kaggle/input/regspeech12/test/test_narail_0080.wav,চাই ক দি খুশি সেডা আমি কি আমি কি তোরে লিছি আমি যদি খুশি হইতাম তো আমি কথা বলতাম না আমার সেই শুদ্ধ বাষায় কতা কয় আমি এট্টু কাইলের বাসার লোকজনরে আমার মন বা
/kaggle/input/regspeech12/test/test_habiganj_0082.wav,লাগেনা গরে ভাস্ট মারা যাওয়ার আগে লাস্ট নাকি মারা গেছোইন তাইন আর দুই দুই ভাই এক বইন ডাক্তারি করা শেষ এহন তাইন যকন হসপিটাল আর
/kaggle/input/regspeech12/test/test_chittagong_0065.wav,আইছে সিজি মাত্র তিন দিন আঁরে খর দিন ন লাগিবু না বিএসএস নাই আঁই আঁর বিয়ালে ন আই তো বিয়া দরজা না ওক্কা বিয়ে আছে বিয়া খালি বিয়া আছে বিয়ে ন খাইর এ না ইতা ফুকা মার শিদি
/kaggle/input/regspeech12/test/test_kishoreganj_0076.wav,কি দিয়া খাইছো খাইছি দে সহাল নাই দে না বা আমার ফড়া দে না আস্তেই হ্যাঁ হ্যাঁ যে ন করছো
/kaggle/input/regspeech12/test/test_sylhet_0294.wav,একটু জিল্লা বাজার আও একটু দরকার আছে আমার এক্সের লইয়া আইলাম আওয়ার ফরে তাইন লইয়া গেছোইন গোল্ডের দোকানো যে তাইন আমারে ঋণ দিবা তো গেলাম গোল্ডের দোকানো দেও দিও কি ফাতমিেলাম গোল্ডের দোকানো বোল্ড কিনতাম ন
/kaggle/input/regspeech12/test/test_kishoreganj_0201.wav,কেডা চান এই দুইডা মসজিদ যাইবোগা কাইট্টা পরছে এই দুইডা কত না কি না কত বছর দেছে আর এই এ তারা বান দিলে কি বিদ্যুৎ মত মস্র তারা দান করি বিদ্যুৎ মসজিদ
/kaggle/input/regspeech12/test/test_rangpur_0076.wav,নাম গোটা মায় ও হ এলা না হয় এলা তো ওই যে ইয়ার বলে কি দিলে না
/kaggle/input/regspeech12/test/test_sylhet_0663.wav,তাইন খালা লাগব তে তাইলে তো খালা খওন লাগবো তাইলে আমার লগে ইয়া ইতা না সবকিছু এখন না তানোর লগে মাতছে না বুঝতায় না লাগে না খাইছি না আমরা সিলেটি দরখার জামা এখন খইরা আমরা বুঝি না
/kaggle/input/regspeech12/test/test_barishal_0003.wav,দেখি না চোখে দেখি না চশমা ছাড়া খালি দেখি বইসা চোখ কি কি ও কার কতা কইলেন যে ওই মায়রে গরুর ঘরে ফ্যান দিছে মাইরে দেয় না ফ্যান এই উত্তরবঙ্গ কাইলকে নিয়ে এডে দেহাইছে দে দে কার কার না নে এডার কবে না বাস্তব
/kaggle/input/regspeech12/test/test_rangpur_0074.wav,দি একটা দে তো আর বারোডা তো যত ধরি লায় গো মা ছয়টা হামরা একদিন একটা কি একটা দে ন ইতি জাগা দিছে যে ফির এর মিছা কতা সিমা হয় হয় কয়দিন দেয় না
/kaggle/input/regspeech12/test/test_narail_0036.wav,ওই ওই ধারে খালি আগে জাগা ওই যে এই নি বিরিজ ফল ওইছে ওই তো আগে ভিটে ছেলো খেতো তোর বাবার শুনিছি নাম না না আগে ভিটে ছেলো তাগে আগে তাইরে এইডা আমি কতি পারবো না
/kaggle/input/regspeech12/test/test_sylhet_0705.wav,বিয়া অইছে এখজনোর খর না আর দুইজন বেটি থ্রি আফনের মেইন বাড়ি কুন আমরা মেইন বাড়ি খাটা বিশ না খাটলে ফড়া বিশ ধরো না হুম তে এখন আফনের ধর্ম হিন্দু আমরা সনাতন আছে ইখান সনাতন ধর্ম লম্বা মানে খতোজন আছে না কেউ নাই আমরা ও এখবারে আর টিলার
/kaggle/input/regspeech12/test/test_sandwip_0100.wav,তো আগে হইলে আই যাই তোগো খরচ করছে হেগুন দি লোহার ক অক্কলতা খরচ করছে হিসাব করেন তাই না দাম তো শেষে করে না আইচ্চা টিক আছে হরাম সরকারি চাকরি করা যায় আমি হইল্লে ঠিক আছে আম্মা যাবার নাই ফড়া লেখা যে একটা চাকরি করবো এক্কান সাটটার লইয়া তো সামনের ভবিষ্যৎ সামনে ক অনেক কিছু লাগদো না কনো মাইনষে কবে মাস্টার্স
/kaggle/input/regspeech12/test/test_narail_0145.wav,তা তো অবশ্যই কী বলো তুমি এইখানে আসবার সন্ধ্যার সময় আসবার আইত থাকবা পরে দিন করবে আমনে তো জানি ট্রেন দিবে না পরে হুম
/kaggle/input/regspeech12/test/test_sylhet_0217.wav,আমি দরছি যে হাউজ ওয়াইফ ইটা তো আমরার জন্ম গতো এখটা ফ্রেশার আমার মায়া হাউজ ওয়াইফ আমার দাদি আছিল হাউজ ওয়াইফ আমার বাবির রে দেখিয়ার হাউজওই আমার বইনের ছাছাতো বইনাইন খালা তো মামা তো বইনাইন সব হাউজ আই তে আমিও মনো অয় হাউজো আই ফড়মু তো আমি তো মিনিমাম ফড়িলিছি স্কুল খান
/kaggle/input/regspeech12/test/test_chittagong_0169.wav,ইনশাল্লা তো তার জিতা মনে অয় ন খাইতা খরলা জন্যে লাব ছানা ছা খাই যায় না না কি অন্য কিছু টা খাই দি কি রে খাইয়ো বিষ্টির দি তোর বড় ফুফা বালা আছে নে
/kaggle/input/regspeech12/test/test_narail_0009.wav,আমি কলাম যে কি রিসেন্ট টাহা পয়সা টাহা পয়সা তো আমরা পাইছি দশ হাজার টাহা তা শুনলাম যে এতো টাহা দেচ্ছে আমাগে চিকিৎসা তে টাহা পয়সা খালি কি অলো আপনি খাইছে নালি আমরা খাইছি কছ তালি তুই লাইনে থাক আমার লাইনে থাহে মনির সাথে কথা কলো মনির সাথে কথা কইয়ে কচ্ছে যে
/kaggle/input/regspeech12/test/test_sandwip_0118.wav,হেতে তো আই ফইর্যন্ত সবকিছু মস্র ফারে হেইয়া হে ইজ্জত আছে মানে কোন দি আর বাকি থুন এগে হান্ড্রেড হান্ড্রেড হানি স্টুডেন্ট হেতে অইছে বুজ্জোনে একসাথে একশো আজকু আর তো আবার আমার মাইয়ের লইয়া টানা আফার ক
/kaggle/input/regspeech12/test/test_tangail_0067.wav,মানে বসতে গেছিল ওই সময় মানে পিছলা যায় নিচে পইড়া গেছিলো আরকি একদম নিচে পড়া যায় কিন্তু মানে মানে পরে যাওয়ার ঠিক সময় বইলা গেছিলো যে হয়ার দ্যান মানে বরুন ধান কুথায় মানে
/kaggle/input/regspeech12/test/test_sylhet_0128.wav,তারফরে ফতি মাসে ক মনা যেরা আমরার বেতনও দিবো সাবান ছোডো আরে টাই তে লাগে হুম সত্বেও মেন ধারে দিবো বুঝছি তোর বেডা ওই যে পাও যেন সমস্যা টাইন্না না না তাইন না
/kaggle/input/regspeech12/test/test_chittagong_0013.wav,শান্তর আব্বুরে আগে তিননো দিতাম এহন দুই ইতা আরো দুয়া ন ইতে ওকগো দেও দূরোত দেওন ফরিবু বেস্ট খরলে আঙ্গ দে ন ন খরিবো না কি ওষুধ যদি চলে ইয়া তো নামাস অই যায় ইয়া আরো তিন মাস ফাত্তা তিন মাস ফাশ খরার ন ফরি বরি
/kaggle/input/regspeech12/test/test_rangpur_0089.wav,একশো এগারো একশ এগারো বছর চলে হ এলা ইয়া রোজা আছিস তো নেকি হ কী দি ভাত খাছিস ভাত কী দি খাছিস
/kaggle/input/regspeech12/test/test_sylhet_0617.wav,তো এখন কিতা তার ইখানোই আছেনি তাই যা কালকে শনিবারে আইছে আর কিন্তু এখন মানে সবকিছু দি নামাজ ইন হুম না টিডা আজকে সখালে ওইতাছে কিতা বাড়ির মাঝে আরা ছেলো বাড়িত গেছলা তারা ছাছা মারা গেছে নানি
/kaggle/input/regspeech12/test/test_sylhet_0127.wav,আছে ইডার মালেক থাহে মালিকের খতা খডা তাইলে থাখে তোরা আও যাওয়া ফরে খেয়াল শেয়ার খরে আল্লা বুচ্ছি কার এমনে দেখা শুনা কী করে দেহা শুলা ম্যানাজার ছেমা না যারা প্রতি মাসে ফুনি টেহা তুলা দিবো
/kaggle/input/regspeech12/test/test_sandwip_0022.wav,যা আনচে টি কি কাম অই গেছে নেছে যেগিন এক্কানা আছে ঘরে একটা ইয়া না না না ছাছি তে না নি খমতে না কি না ইয়ান চিনার কিলা কি না বালা ঘর রই গেছে তাইলে কি না আরে তো চিনে
/kaggle/input/regspeech12/test/test_comilla_0002.wav,মনে ভুড়ি আমনে নব্বই পাঁচানব্বই হাজারের ভিতর অহন মাইনষে আমরা তো করি স্বর্ণ একটা রুপ ভালা ন টিন না তো না যে অবস্থা স্বর্ণর দাম পাঁচানব্বই হা ঘরে আছে আমরা কি কর মহেরা দাম খেলে পারে খেলে বারে খাইলে বার ওই খাইল্লা বাড়ে ষাইট হাজার টাহা দিকে আশি হাজার আশি হাজার নব্বই হাজার নব্বই দা পাঁচটা নব্বই হাজার অহন মনে অইছে গিয়া এক লাখ হইয়ে যাগা
/kaggle/input/regspeech12/test/test_kishoreganj_0131.wav,হরেক রকমের ফল এই দে সেই ফলে হরেকরকমের ফলে অনেক রকম ফলে ফলে হরে রকম ফল এমনে এই দেশে ফলে অনেক কম রেক রকম পল অরে কি লোক সরকারের বিভিন্ন জাগা না নানি কথা কি
/kaggle/input/regspeech12/test/test_barishal_0051.wav,গরুর মাতন খাডে তা এই ব্যাডারে তো এট্টা জীবন মুই পাঁচ দিনের দশ দিনের মাথায় যদি একদিন জিরা না বইয়া থাহি না হে না দিন মোর ওই মনে করেন রাজ পাশে লাইন কচ কস কস কস কার কিচ্ছু আরাদিন খাইয়া তো মুই মনে করেন ভাল ঠেহে না যে ইটা আছে না সব খাইয়া দিন
/kaggle/input/regspeech12/test/test_kishoreganj_0141.wav,ডাইরিয়া মতো বিভিন্ন মুগে আক্ান্ত হয় হয় দো আগে যে কতা কইছে কতা করো আচ্ছা কিট না সে মাটি দুষ কি কইছে মাটি দুষনকি কইছে যে
/kaggle/input/regspeech12/test/test_narail_0141.wav,আমার সতিন বগ্নিপতিকনে কয় আমার সতিন না তুমি এইযে হাইসে বড়ো ওয় দেখছো এ কিনতে হবে না তোমার হাসি তা রাইখা দেবো
/kaggle/input/regspeech12/test/test_sylhet_0156.wav,সিটি ফাডাইতে তে গ্রাম আছিল না আর যে কিতা খালি খইতা অখন বউত বালা কিনিলাই ই এলাখায় কিরখম আছিলো সময় কি এলাকা যে তা তো খালি জঙ্গল আছিল
/kaggle/input/regspeech12/test/test_tangail_0003.wav,ফড়া তো আর ভোকালেরে তো ই মানে বুঝে আর কি কিন্তু ভোকালতো একটা মেইন থাকে না পরে ওরা ওরে নিতে চাই নাই কারণ ওয়া এর আগে গান টান করে নাই
/kaggle/input/regspeech12/test/test_rangpur_0009.wav,গরু কয়টা চাইর পোলা আমার মা ছাড়ি দে নাকি হ্যাঁ আসবে না কি না ইয়া বেটি না ডানা কয়ডা খাবার গেইচে পড়ি জাবিন তিনোটায় না
/kaggle/input/regspeech12/test/test_sylhet_0358.wav,খারণ আমার ওই যে আমি খই তোমারে আমি যখন ড্রিমটা সল্ট খরছি তখন কিন্তু অল আর হাউজ ওয়াইফ হাউজো ইকটু খইমু ইটা তো আমার টার্গেট আছে পাশাপাশি আমার এখটা পেশা দে না ওটা আমি কিন্তু আরেকটা ইয়া তো এই কারণে
/kaggle/input/regspeech12/test/test_narail_0186.wav,আমি তেইশ চব্বিশ তারিখ যাবো আর তো দিদিমা কেমন আছে আছে কাইলকে এই যে সন্দেশ টন্দেশ খাওয়ায় আসলাম কাইলকে মিজ্জাফুর গেছিলাম আমি আইসসে আইজকে সকালে কাইলকে সকালে আর কি পরশুদিন কি গেছিলাম না খা খা
/kaggle/input/regspeech12/test/test_narail_0111.wav,খুব সম্ভবত খুব নাই ও কি শুনলে তুমি তুমি কি কইলে কারণ অংক সিরি নিয়ে কালিয়ায় তো একটা বছর কালিয়ায় থাকবো সাইবি দি দিবো কারণ সাইন্স আর রে নিয়ে খুব স্বপন বুচ্ছিস
/kaggle/input/regspeech12/test/test_sylhet_0213.wav,নতুন নতুন ভুটার বর তে ইতা দেখিয়া নাম দেখি আমরা বাই বোইন ইতে বাস নামে তো ফু টিভিত বুটে নাম আইতো ইতা করিম ন দেছা কদুর ন যেছা কিতা বা কিতার মা খতা আছে না বুচ্ছোনি
/kaggle/input/regspeech12/test/test_noakhali_0022.wav,বলো কোনি দেইখছো
/kaggle/input/regspeech12/test/test_chittagong_0136.wav,রুমে আফুর আন্নে ফর্যন্ত ন যাইতের খতা উনিয়ারে মানে হেগিন জানা খইরা ও তে জানা হইবে আর যাবো খরতে তুই আইছো না খরদে আঁই ন যাইয়ুম খয়দে কিল্লাই ন যাবি আঁই খইরদি আছে যে তুমি মনে হয় খরে যদি তুই বেশি থাক নামি ন গরি বেশি এই সেই হ
/kaggle/input/regspeech12/test/test_narail_0114.wav,তুমি তুমি থাকলে আমার ধারে ভাই ভিক্কে ফরীক্ষাটা ওরে দিয়া দিয়া তোর কোনডা জেলা ইস্কুল ই বা পাবলিক বা ন বাহিনী তে যে কোনো মানে সব কডা ও এই দা আমার ওরে কোথায় ভর্তি করাতে অবে সেডাত তারপরে আমি নিজে পড়াবো
/kaggle/input/regspeech12/test/test_chittagong_0042.wav,ই যে কয়ার গরিবা ফরছিন আর মা ওগো এনে আঁর চাইন্না হেন্নে গরে এহন এই দিন আব্বা আঁর মোবাইল ওয়েব সাইট গরি বুইজ্জোস না হ তই ন হয় একটু ফাটি বাকি মিউটিউদ গরে কিডা গেয়া গরে কি বুজ্জস না
/kaggle/input/regspeech12/test/test_comilla_0007.wav,ও মানে প্রথমে বের হয়ে গেছে দুল্লা মদ্যে বসার জন্য দুল্লা ইটা সবটা কথা আমি রইরমুখেই শুনছি যে দুলা যে প্রথমে বসতে গেছে তো তখন ওর সাথে ছিলো ও আরেকটা ফ্রেন্ড ওই ফ্রেন্ডটা আবার ওর মানে একদম ক্লোজ একদম স্কুলের প্রথম দিন থেকে ওর সাতে বন্ধুত্ব অইছে
/kaggle/input/regspeech12/test/test_chittagong_0145.wav,হ্যালো কি তুরা খন দেখা তার খতা ন ন হ্যালো না বুলে ছালা আছস
/kaggle/input/regspeech12/test/test_narsingdi_0105.wav,বানাইছি মারা হেরা মনে অয় ফিডের ছাড়িয়া ছাইড়া দিছি জলি ইডা দিছি জেলির তো লিটন সেল তা যাস জানি জাস্ট জলি আর ই হেডে কি আছিলো কাপের মতো ফাস্টে ফুটিং আছে না বাচ্চারা খায় মাগুর
/kaggle/input/regspeech12/test/test_sylhet_0280.wav,আর ইটা ওইলো গিয়া তুমার উপযুক্ত লেবেলের লেবেলের মানুষ তো না না না একটা পাবলিক ভার্সিটিতে কি ফাশ খরা একটা মেয়র লাগি তলা লেবেলের ফুরুষ লাগবো যেটা গ্রামের মধ্যে এভেলেবল না আর আরো একটা জিনিস ওইলো গিয়া তখন গ্রাম তো গ্রাম আমার মা
/kaggle/input/regspeech12/test/test_sandwip_0060.wav,আইসা ফইরজন্ত শাড়ি খুলি ক মা র গা কি হাত লই গেছে অন এইবার যাইবের সময় কয় বাবা আঁই কেন্নে থাকমু শাহিন হিন্দি আরা কি গরো মারে হিনতিহরে না হরি এন্নে হিন্দি দিলে আবার হেতে খুলি যাগে কদ্দিন হেতে কি খাম করমু খাইল্লা সাড়ে ঠিক খাইতে ইচ্ছে
/kaggle/input/regspeech12/test/test_habiganj_0107.wav,তো তাইন শুরু অইছলো তেইশ তারিখ তেইশ তারিক ফরি উনিশ থাকি শুরু অইছলো আর শেষে এক তারিখ রুজার মদ্দে আবার কিছুদিন ফরীক্কা ছলবো তো আজকার যে ফরীক্কা অইতাছে ফরীক্কা নেক্সট মারে সাধারণত ফরীক্কা অই তাখে কিন্তু
/kaggle/input/regspeech12/test/test_kishoreganj_0134.wav,জাম ইয়া না এলা সুদ্দা কলা কাটা কলা কা সুদ্ধ কলা কাম তুর মু হ্যাঁ তর মু তেপিকলাকা
/kaggle/input/regspeech12/test/test_sandwip_0131.wav,খালি এম্নে বাকি জীবনে হয়সা দিন দিবেন এবার মাটি ফরিক্কা যদি খারাপ রেজাল্ট যদি মশকারআইয়ে হরে করা যেমন সে আমারে তো তলাতে তে রাইতে বাফে খবর দে আর তো নরমাল ফোনের জাল টা আম্নে আম্নে রেজাল্ট আর অইতো না হ কালকে মনে করেন মানে স্যার একদিন আঁরে কইছেন যে হুনছি হরা লেখা কইল্লে বিয়া দিয়া লাইবেন আসলে মানে হিয়ার লাই কইছেন বিয়া লাইবেন যে
/kaggle/input/regspeech12/test/test_rangpur_0102.wav,এর সাতে কতা হয় না হুম আর সাতেও কতা হয় নাই নাহ সোয়াগ সেলিম ওরা আগোত খাইচে আর এলা হয় না আর কতা নাহ
/kaggle/input/regspeech12/test/test_sandwip_0042.wav,মনে করছি হরে আছে আমাক হাইকে ওক্কা আঁই তো মনে ছিল বাত খা কাইবে বাত এল্লাই বলি হাডা বা কোনো করে আঁই বইনে আবার খাই হালাইছি বুচ্ছে আঁই না ওই ইয়াল্লাই সহালহোটেলে যে হোটেলে ঠেলা হাইছি
/kaggle/input/regspeech12/test/test_rangpur_0001.wav,বয় আমি তো ওই যে আমাদের পারে সামনে কো কেনো হিয়ান না কি ছে এম ক্যানো সাগাই পানি খাইবে ট্যাহা করছেন বানাস আর
/kaggle/input/regspeech12/test/test_sylhet_0094.wav,গ্যাস সুদ দি খাজ পাও এইডা শেষ খইরা খয় দা গাছ দে হেইনো তো ছয় হাজার ফাঁচশো টেহা যাওয়া অয় না ঘরো বাই কি কিনারা ফাচটা দুকান বাকি লাগি দুই আজার আবার ওই ভাই একটা ফিচ্চি ডেও কুতাও
/kaggle/input/regspeech12/test/test_sylhet_0588.wav,বিয়া সরি এনরে রাখে আসলে এনরে যাতে জানতাম আরও আগে রাখলে ভালো অইলো না কিতা যে বেটা খইয়া দাবি তে যেটা ফড়া দেছে কবে আর কি যেছাতা গুন ফড়িয়া বিয়া খরো আর মিল্লা জানলে আগে দেক রাখলাম না টেকনিক ফাররা কিতা যে তো ক্যালা লয় নো তো এখলগে তো এখটু ছাইরজি দুদ অয়
/kaggle/input/regspeech12/test/test_narail_0175.wav,নয়নের বউ থাকে কয় নে অনে এ ইটা আছে বালো
/kaggle/input/regspeech12/test/test_sylhet_0748.wav,রান্দাইয়া রাইত বা নিয়া রান খাইতাম না রান্দাইয়া সর লইয়া খাইবা খাইয়া অইলে তা শেষ তো ইদিন যদি তান আর তায় টানি মাছ ফাইবা তা তো খাইবো আন্নে খাইতাম না তা দিনও খাইতা নায় কিলা ফুন এবার চল্লিশ দিনের এখটা
/kaggle/input/regspeech12/test/test_tangail_0056.wav,অভিনয় সব কিছু ছেড়ে দেওয়ার একটা অভিনয় কিন্তু যেতা সবচেয়ে বেশি আরকি পিরাই বা যন্ত্রণা দেয় সেটা হচ্ছে একটা মুমেন্ট যেটা মানে গুড বাই বলার একটা সময়
/kaggle/input/regspeech12/test/test_narail_0170.wav,ফারে না জামাই কোন জাগা না জামাই কোন জাগা
/kaggle/input/regspeech12/test/test_sylhet_0385.wav,সিলেট বর্তি খরাইছি মহিলা কলেজো তখন ভর্তি ফরীক্কার্থী আফনার সরখারিত ফড়ছো
/kaggle/input/regspeech12/test/test_habiganj_0047.wav,বালিসে গিফট দিতে ভালা লাগে দে মানুষরে গিফট দিতে ভালোই লাগে দিছি ও যেমন ওয় সামর্থ্য অনুযায়ী দিছি গিফট দিতে অনেক ভাল্লাগে
/kaggle/input/regspeech12/test/test_rangpur_0020.wav,শাক খাওয়া খুব ভালো হ্যা হ্যা রমজান মাসে মজা হইলে শাগে আচে খালি সারা মনে হয় আগে কী খান না খায় খালি খা তাইলে খাওয়া দাওয়া করছেন কি সিরি ডিম ভাজা বাইগোন বাজার কী আরো হইলো ডিম ভাজা বাইগোন ভাজা
/kaggle/input/regspeech12/test/test_chittagong_0161.wav,আইবো না গো লই আইচ্ছা কইছে কলেজ দিয়াম বাবা দিও মাসে তিন মানি তো আর কি তিন মানি তো সরকারি কলেজ সরকারি কলেজ দিন দা কি বা সরকারের টা আর দিন করছে কোনানে যে টিয়া লাব বাচ্চা সরকার কত টেঁয়া লাইবু অহন আইজগো টেঁয়া লেবু
/kaggle/input/regspeech12/test/test_sylhet_0472.wav,যতো টেখা যে কি জানো না সুন্দর সুন্দর খতা এরফরে তো যাইরাম কুন জিনিস বইনে খাইবো কুন কুন জিনিস ফছন্দ কুন জিনিসটা খাইবো খে বাইয়ার তা ছিল বাইর খুব কম অঞ্চলটা নাই আমার বাইয়ে তাখি আর বইন বইনে তোর টেখার খারণে আমরা সব দেশে আর বইনেরে এখটা শান্তি ফাইলের যাতে ফারতা
/kaggle/input/regspeech12/test/test_sylhet_0304.wav,সিলেক্ট থাখতাম ফারি ওউ কন্ডিশন বিয়া তাই না ঠিক আছে তো তাইনো তাইনোর মামা ফারে বুঝাইছোইন যে তোমরা যে ই ফুরির গিয়া বউ দিক্কা আইছো ই ফুরির তো রান্ধা গন্ডা খাইতায় ফারতায় না ফুরি জীবনে বাড়িত যাইতো না সিলেট তাখতো চাকরি ফরিক্কা দিতো তা খরতো ওতা খরতো অখন
/kaggle/input/regspeech12/test/test_sylhet_0020.wav,তমা না ইটা সটিক সৃষ্টি দিন ফর তে সন্ধ্যার সময় ব্যালগাছে নিচে গুজা করা দিন প্যাগাছে নিছি পুজা করার প্রথম দিন যে সন্ধ্যার একটা টাইম আছে সটিক টায়
/kaggle/input/regspeech12/test/test_sylhet_0732.wav,মিডা এখদিন দিয়া বিয়া অই যা মানে চাই দুর বিত্রে বিয়া যায় এরা দরো যে গুলি একটা আছে একটা জিনিস আছে না তাড়াতাড়ি ধরেন বিতরে যাইতো বিদেশ গেলে আর জাত দুই তিন দিনের বিত্রে বিয়া ইন্না সবতা কটা তাইলে কোন কোন আয়োজন খরে ওউততো এরকম আয়োজন খরে আমরার তে না না খয়েকটা নাম খইলে আরেকবার খইন নাম টাম
/kaggle/input/regspeech12/test/test_rangpur_0039.wav,ওয় এডে সব কম দামি গেছিলগা যেসুমি মিয়া পড়াইছে ওমার ওবার নিজির নে ভালো এই বেকার গুলা খুব ভালো মুছি তো কেমন হরবো আমি দেখলো আছে দাম হয়া না আগে মুই
/kaggle/input/regspeech12/test/test_rangpur_0082.wav,হামার মা যেমন অভিনয় ঝেমন করি হামরা মাওক ঘরে দেখছি ওদেন করি হামরা একনা কিছু শিকছি বুজছিস ওই যে শাজানের বাপ যেমন শাজানের দেখছে এখনা কিছু কিছু
/kaggle/input/regspeech12/test/test_chittagong_0005.wav,না ইস্কুল তো অফিস বিশ যুমুন এহন তো আইতে দে ন বইয়ে সকালে এক্কানা গরি যাইয়েরে বইলে বই তারফরে তা বিচার চাই কি ইয়ানে যাইয়েরে ক্লাস থাকে ক্লাসে ক্লাসে চাইর গুড আই আই খালা তো আইয়েরে ফইলা দি তারা ঢুকি অফিসর ফোন কলা টান ইয়েরে চাইবো না দেয় হেদিন না আঁই
/kaggle/input/regspeech12/test/test_tangail_0012.wav,ফেরি মার্ক আসলে ছিলো হোমোসেক্সুয়াল তার সাথে অনেক ছেলের সম্পর্ক হয় আর এই বিষয়ডা মানুষ যে মরিচে ছিলো অর যে যে ছিলো আর ওয়ার সাথে আর কি ব্রেক আপ হইয়া যায়
/kaggle/input/regspeech12/test/test_sylhet_0581.wav,কিতা খয় ওই যে ওরে মোর ভাবি নাই কিন্তু ড্রিমটা শুনো কা যায় ইবার যে আমরার শেষ আছে না পার্ক অইছে প্লেইটা এখটা ছোট অইলো সুন্দর আছে দুইটা আর আইডি ছড়ি তা রেলগাড়ি একটা কাই টাই সুন্দর লাগছে
/kaggle/input/regspeech12/test/test_chittagong_0060.wav,ন জানি কী এরকুম এই তো তা কোনো প্ল্যান ট্যার নাই তোর সিটি কলেজত তুন লই গেছে না হ্যাঁ ডিলিট পেপার লইস না সিটি কলেজত তুন কিন লাইফ
/kaggle/input/regspeech12/test/test_sylhet_0239.wav,সুখ না অয় তে সারা জীবন আমরারে খষ্ট ফাইবো আর আমরারে বদ দোয়া দিবো যে আব্বা নাই খরি আমারে ফড়াইছোইন না তারা বাইয়াইন আমারে বুজা মনো খরিয়া বিয়া দিলাইছোইন তে এখন তো তাই যেহেতু ফড়তো ছা আমরা একটু দেখি লাই ও দেখিলায় ওয়াও দেখিলায় ডিসিশনে আমার বাই আমরা নিয়া
/kaggle/input/regspeech12/test/test_narsingdi_0122.wav,বইন প্লিজ এয়ার ফরটা ইলা দা না পলিশ কানা করা লইছে এ দেক রাজা দেখতে কি সুন্দর না যে কি দেখতে দিছি ডেম এ টিকার একটা দুই রূপে না এইযে হিউম্যান থাকতে ফারে মজা কি বুঝছি গি হেরে ডেমন বানায় দিছে
/kaggle/input/regspeech12/test/test_tangail_0021.wav,দুই হাজার এক সালে রিলিজ পাইছে রিপিট আমার অন্যতম একটা ফেবারেক মুভি কারণ এই মুভিটা একটা লাস্ট মুভি আর ছবি নায়ক থাকে জনার নায়িকা
/kaggle/input/regspeech12/test/test_sylhet_0394.wav,বাসা মাথার সমস্যা আছে নি আর প্রসন লাগে আই ওইযে ডুকি যায় তে বাসার সামনে কিন্তু কেনে না ওই যে ছুরি ইতা বাসার সামনেই দেয় আর কি যদি আইয়া সমস্যা ন
/kaggle/input/regspeech12/test/test_sandwip_0025.wav,তো ছুট্টুগা সরকারে চুতরা আমরা আগে ছুট্টুগা জাহিদ একসময় এরকুম আইছলো বয়স অই তো ইতে আছাল হেন্নে ভালো অই যাইবো কিল্লাই কই ভালো অই যাইবো কতা হাই হিয়ারা এক্কারে মানি সবসময় আছে মা ফারে যেসমকা জাহিদ যেসময় ইয়া কইত্তে অ হেসমকছমাফারে কতা কি কইছি আগে আছ মাফে দেখবেন আমনের আংগো আরুগগা ম্যাডাম আইছলো
/kaggle/input/regspeech12/test/test_sylhet_0040.wav,ওই যে মা লক্ষির ঘরটা আছে না দুগা সব গরম যে পানি নিবে কয়টা বিশ্ব যে পানি নিয়া তারা না রাগবো এই পানি দিয়া পরে আমাদের হাতে দে শান্তি আছে এইযে ইটা ইটা সবাই কাইটা দিতে অপরাধ তার ডাল আছে একটা পরে ইতা ফুলের ডাল আরে কি কি করে মনত উচ্চারণ খরিয়া
/kaggle/input/regspeech12/test/test_chittagong_0039.wav,কিতা দে আড্ডা গো দি ফরে দি লাইগা কিন্তু আমি জোরে মুর অইয়্যে দে একটা আড্ডা গদি কি করবি বইন খায়ালা আর কি অ ইয়ো বইন আঁর চিন্তা কইবেন ফড়া লেখা খরি রমজান মাসে থোয়া লেখা ও না হ
/kaggle/input/regspeech12/test/test_noakhali_0024.wav,একজনে কতা কম কইবো তারে করি এনো আন্নে ইদ বাগের ঈদ বাগান দিয়া করো ইয়া কাজ নি বিলিয়াকাজ নাই এই বাঙ্গা ফইল্লা কাজ কি গা ইডারই কোনে লাগে ফলাইন লাগে বুইজ্জি তো অংকা
/kaggle/input/regspeech12/test/test_sylhet_0178.wav,ন তো এরা কিচ্ছু খরোইননি আই রোজগারে মালাই ফাই কিচ্চু নায় এখজনে ওতো ইয়ো খরা ওউ মাদ্রাসার চাখরি খরোইন এখজনে ইতা ওতো ফয়সা ওউ নাই তো চলার মতো কি কুনু সুরত আর এখজন ফরা অন্য লাইন ফরা আর আর এখজন মানহার খাম খরোইন ওউ বলে আর কিতা কুনু সুরত
/kaggle/input/regspeech12/test/test_narail_0185.wav,তো তাইলে তো তাই না আনে না কম বাড়ি যাবি নাকি হবে আর
/kaggle/input/regspeech12/test/test_sylhet_0603.wav,লাব কুন ইস্কুলো আছে না তুমি ম্যাডাম সিলেট থাখার নায় যে সিলেট থাকা বিভিন্ন প্রোগ্রাম ও হ্যা এরফরে ম্যাডামের সাতে যখন ছবি টবি তুললাম ইলা আমি ম্যাডামের খইতাছে ম্যাডাম যে বালা লাগতো ফ্যান ম্যাডাম আমার কিনিলিছে মনে অয় নি ছিন্তা নানি তে তোমরা তো মানে
/kaggle/input/regspeech12/test/test_narail_0044.wav,দফাদার দফাদার না তা দফাদারগে বিটি কোন জাগা না হয় দফাদারের জাগা থাকলো তোর বাবা ওই যে পাশে ফর খুঁজ যাইতে অ দফাদারগে সান শিবু তুই তো চেনবে ও মানে তাগে চে চেনবে না হসা কিডা ওই তো বড় বেডি বংশের ছোয়াল
/kaggle/input/regspeech12/test/test_narail_0129.wav,গরমের ভিতরে দাঁড় আবার উঠিছে সেই হঠাৎ কইরে কচ্ছে চন্দন যা সরাসরি প্রচুর গরম তো আমি যাবানি থাক পরে সুমায় আছি আমি কিন্তু তুমি আমার তো আমার অনেক মিস করতিছি আসো একটা সময় একটু সুময় দেও
/kaggle/input/regspeech12/test/test_sylhet_0383.wav,এরফরে ওইলো গিয়া মেসো যদি থাকি না তাইলে খই থাখমু তে এখটা বিশাল এখটা ইয়র বন্দ দিয়া গেছি আরকি গুলা মোট চিন্তা দুরন্ত তার তে দিয়া গেছি গিয়া তারফরেও আমার বাইয়ে আনছোইন আমার এখটা কোচিংয়ো দিছোইন দিয়া পাশে নাই ও ফুল এখটা মেসো দিছে না ফুল মেস উঠছি ওনো আমার লগে আর ছাইরজন তাখমু গুলা কলেজো ফড়ছে তারা আমার এখলগে
/kaggle/input/regspeech12/test/test_sylhet_0287.wav,পরিবেশ আমাদের যে সমাজ আমি হয়তো আমার চাইতে কোয়ালিফাই হাসবেন্ড ফাইমু আমি তখন আমার ফিউচার নিয়া সার্টিনযে আর যাইবো আমি যেই স্ক্রেসের মদ্যে রানের মাঝে উঠছি আমার এখটা জব অইবো হুম এবং আমি চাইলে এখন আমার যাইতে কোয়ালিফাই হাসবেন্ড ফাইমু
/kaggle/input/regspeech12/test/test_narail_0107.wav,যাবার ওইটা আছে গিয়া যখন ডাক্তার দেখাইছিল ইনফেকশন হইয়ে গেছিলো আর এবার দেখলাম তা ইনফেকশন ইটা কম গেছে আর ওটা ভেঙে ছোট ওইয়ে গেছে নি খন্ড ফান্ডা ওইয়ে গেছে
/kaggle/input/regspeech12/test/test_sylhet_0043.wav,না ফরে তার মানে মানে হইলে কি নিয়া নিয়া যায় ফড়া লেখা খরি না হে তোমার করনি আমরা এখন আমরা একটা মানে ফড়া লেখা একটা ব্যাপার ওই মানে আঞ্চলিক ভাষা নিয়া আমরার একটা রিসার্চ আর কি আমরা এমনি একটু গফ করমু ভাষা সময় তারার কি দরকার সিলেটি ভাষাটা দরকার আমরা
/kaggle/input/regspeech12/test/test_kishoreganj_0028.wav,আমার ফরেদি নামডা ভুইল্লাছিগা মানে এইলা মারা গেছে ইলা ছেলে আছে চাইরজন সামাজে উঠতে এই যে ইস্কুল আছে কি একটা কিনার গাড়ে হ ইলা লগে ইডা মারছে ছেলে না কিতা আমার বালা দি
/kaggle/input/regspeech12/test/test_barishal_0039.wav,এহন কয় কি কয় এট্টা গরু পারমু বেবি খেয়াল কইরে গরু পালতে হইলে নিজেও খাটনি বেশি না হ খাটনি বেশি না এই যে আমনে দি কল সন্ধ্যা কাল আছে কি গাছ বোজা কাডলেন কি দরকার আছিলো রতন তারপর ঠেইল্লা হালা থুইতে কাডলে ক্যা মি কইছি কি কি প্রথম লাগে কাম করে আবার ধান থাকছে ও গ্যাছে ধান কাটতে
/kaggle/input/regspeech12/test/test_chittagong_0023.wav,চিটাং অত কী কী গইরগি ফর্দা না চিটাং অত গেলাম এডে বুঝিলাম গাড়ি অইলাম বেয়াকগুন লইয়ারে ফুসকা টুকা হাইলাম গেলাম ফুসকা তিকা খায় আয়ও বইন আর ন খইতো যে অর্থ হইবো বেশি গরম ফইরগে তো
/kaggle/input/regspeech12/test/test_narsingdi_0030.wav,একটা টিম জিতবে ওই যে কয়দিন আগে ই দেখলি না রিপোর্ট আর আতার আলি খানরে জিগাইলো যে আপনে বাংলাদেশ কিবা কাপ জিতবে কবে বললো যে দুই হাজার তেইশের
/kaggle/input/regspeech12/test/test_habiganj_0111.wav,ফুইরা যায় মানে মানে একটু তিরিশ নাম্বার উঠা লিবো বাট মানে ফাশ নাম্বার আর কিছু না উরা লিবো ইরম ফরে ফুরা যায় মানে ঠিকমতো ফড়া নাকি আর রোজার মদ্যে ফরীক্কা এর লাগি একটু উনো ইটা কিতা মানে ইটা আনেজি ফিল খরি আরকি
/kaggle/input/regspeech12/test/test_barishal_0025.wav,এ মনে মনে এই কথা ভাইয়া না খাইলে আমনে খাই হাজার ডাক্তার অসুস্থ খাওয়ায় না পোলাপানরে উনার কিন্তু ওই যে ঘুরি ঘুরি ট্যাবলেট টা ব্যয় সাদা ট্যাবলেট টা বাচ্চা গো যেন কঠিন উপুরে জিনিস এই লোক টাকা এই বেশি লাগে না মনে করেন তিন দিন খাওনের পর যে লোকটার লাগে আনি ভালো হইয়ে গ্যালে ওইডার খায় না এতো কইছি যে ওষুধ লালাবিনা
/kaggle/input/regspeech12/test/test_sylhet_0025.wav,ইখান তখন বাসাত বেশি রান্না মানি না ইটা মন্দিরি নিয়ে গেছে তখন আমরা খাইছি কিছু কিছু খাওয়ার ফরে গুরা গুরি সব ইখানো সাংস্কৃতিক অনুষ্ঠান হয় সংস্কিতি অনুষ্ঠান আনন্দ বহুত বড়ো অনুষ্ঠান আর ফূজা তো বুজা মা দুগা খতো সিস্টেমে যে ফূজা খরা মানে অনেক কিছু যাওয়া হয় টা করি থাকি
/kaggle/input/regspeech12/test/test_habiganj_0092.wav,কেমেরা ওইলে কুনবালা লাগি ঘুরানিত গিয়া বেশি এক সাইটে টানে একদম বদ্র সদরের মতোন বালা মানুষের মতো বা ফিছে যে গুরো না ঘুরানিত গেলে তো একটু মজা আনন্দ খরার লাগি দি মানুষ ঘুরানিত যায়
/kaggle/input/regspeech12/test/test_barishal_0026.wav,এই অশুদ থালা বি না এই মাডে বুজান যায় না যে বোতল মনে করেন মনের মইদ্দে তো মানে মাথা নষ্ট হইয়ে যাবে যে ঘুরাঘারার ওষুধ টাইন্না এরম হালাই দে নি এই কাইল করে আর এই জেলার ওষুদ
/kaggle/input/regspeech12/test/test_narail_0061.wav,না কি অনে তো ওইভাবে তে লোন লাগায় লাগায় চাক্কা ঠিক কইরে ফেইললি এবার কাজ অবে অনে তো তোর মাইয়ে যে মালাই খাজ আছি রাস্তায় না বলে করে কার তিন ঘন্টা বই
/kaggle/input/regspeech12/test/test_sylhet_0204.wav,গিয়া লাগতো না কিবায় তাও দিলে আরেক বাইয়া লাগতো তো ওতা আসল ফিছনে দৌড়াইতে দৌড়াইতে টাকা লই যাইতাম বাদে দেখতাম যে যেদিন দান কি যাইসেন ইদিন ইস্কুলের টাইম যদি ওইতো দশটা ত আমি গিয়া বই থাখতাম আটটা
/kaggle/input/regspeech12/test/test_habiganj_0040.wav,এরফরে তিকা বাজার যে লাগে না আমার অয় বা আমি কতা খরি তরখারি বালা খইরা বাঁছমু মুখ খরমু খইরা খইরা আমার ইডা একটা স্বভাব টি কই মা কিন্তু ফানি উনি খম দেয় আমি কিন্তু তর খাইতে ফানি বেশি দেলায় সবতো খরমু ঠিক আছে লাস্টে দিয়া এমন কানি দেই ফানি দিয়া তরখারি একবারে বারোডা বাইজ্জা যায়গা আর তরখারি বেশি জাল দিতে দিতে একবারে তরখারি জল ই লাই
/kaggle/input/regspeech12/test/test_tangail_0007.wav,আইচ্ছা তারপরে তো ওই ব্র্যান্ডের সাথে জব দি লই ঠিক এই সময় এই ফেডির সাতে আরেকজনের পরিচয় মেডি
/kaggle/input/regspeech12/test/test_chittagong_0011.wav,হ তর বাইরে হুই খাব করে তো ইতা করে না এনে কি হনে কে ফান্না ঘুরা আইয়া হেই বেডা নি হোন আছে না না ও দুরে রাখলা আছে দেখলা আইচ্ছা এম্নে নদি টদিয়য়ইদেনিং
/kaggle/input/regspeech12/test/test_habiganj_0024.wav,তিন বেলা ফূজা খরে অনেকে আছে তিনবার ফুজা দে সখালে ঘুম তাকি উইট্টা দিবো নয়টার ভিত্রে আটটার বিতরে আবার ফরেও দিবো আবার সন্ধ্যার ফরেও দিবো
/kaggle/input/regspeech12/test/test_sylhet_0329.wav,অখন তিন মাস পাট তখন বইলা যে আমি খই আমি ইতা তো আমার বালা লাগের না তুমার এখলা এখলা পরিশ্রম অয় তুমি এখলা ওতো জনের খরছাদিবি আর করো বাসা ভাড়া খতা তমছুটোখাটো চাকরি করি করি ফও কিতা চাকরি করবার
/kaggle/input/regspeech12/test/test_comilla_0016.wav,বেতন দেওয়া দিয়ে বেতন দিয়ে উনি স্কুল থাকি বের হবে আর মেয়েরে নিয়া স্কুল থাকি বের হইতাছে তে উনি কিন্তু জানে না উনার মেয়ের যে অবস্থা সবাই বলতেছে কেউ একটা কারেন্টের শখ মানে সবাই একটা দারোণা করতাছে যে কারেন্টের শখ খাইছে এইজন্য কেউ একটা বাচ্চা দুর্ঘটনা ইয়ো হইছে অনে
/kaggle/input/regspeech12/test/test_sandwip_0004.wav,আর কো মিডা ন নি হার যাইবে না এক্কবারে ছলে এক্কবারে তিন চাইর বার কস লই যাইলে কন না হি দে হামিদের আর বাজারে একবার গোসল অইলে চাইরের দর কাছ বেড়াই লইতে অইবো এক্কবারে ছাড়ি যাইবে
/kaggle/input/regspeech12/test/test_habiganj_0025.wav,আইচ্ছা প্রসাদ মধ্যে খাবার মানে তাকতেই হবে বাধ্যতামূলক প্রসাদের মদ্যে দূর জাতীয় খাবারটা বাধ্যতামূলক ওই তাখে আবার ফল টল বার তুলশী ফাতা তো আমরা বাধ্যতামূলক তুলসি পাতা সব যে কোনো প্রসাদের মধ্যে তুশি ফাতা দেই আমার মানে যেডা দিয়া প্রসাদ চা যাইমু যেটা দিয়া ভোগ দিমু ইডার উফ্রে তুশি ফাতা দেম
/kaggle/input/regspeech12/test/test_noakhali_0021.wav,রুকি থা না অনকা বাই ফোলা অইছে না হুনছিলাম হ
/kaggle/input/regspeech12/test/test_chittagong_0154.wav,নানুর বাড়ি এন্ডে অইলে না না তার হরে সয় কিনা আনি করে ওই যে অনেক খেলা মন্দে কি হোন দে কতো না তান যে ফারে ডাকে এত্তুন বান্ধবীরারে বান্ধবীরার তুন আনছি পুঙ্গা করানির অইতে যাইবেল্লাই
/kaggle/input/regspeech12/test/test_sylhet_0005.wav,সব খইলা যে পাবাইয়া অন্য জায়গাত কিছু অন্য জাগা নিলিই আরও ওইদিন তুমি যাওয়া সবতা খষ্ট তে ছাড়া একটা রান জাগাত তাইন ফার না মানে ইটা তো খেউ বালা খাম তান গরু সব খালি এহন আর বয়সের এগুলের ম্যান কিতা টাকফুল খানি তো এমনে উঠোয়
/kaggle/input/regspeech12/test/test_chittagong_0175.wav,আজ্জা কুটুর ভাইয়া দে জুর গর যে আন্টিরে থাহিবার লাই ন থাহে কুতুবে নামায় কুতুবে সামনে যাইলে ডর লাগে আর তোর মাঝে মাঝে কি যা কুটুর ভাইয়া ইতা তো ইটা মোবাইল শাক ঘরে যাই রাখি
/kaggle/input/regspeech12/test/test_narail_0113.wav,ওরে কফাল এই তো দিলে চরম একটা ব্যাথা কেনো জানিস কারণ তুই আছে গিয়া আমার বুনির ইস আমরা তে ব্যস্ত বুন্ডি মুটি বাদ বাল্লা
/kaggle/input/regspeech12/test/test_sandwip_0047.wav,যদি আল্লা ওই কি এইল্লা আইসো তাই আইছি মুবাইল এইল্লা আইজকা কোনো বেশি খাইনা কাকাতো হরে না না না না এগিন ভালা কমা হেগিন
/kaggle/input/regspeech12/test/test_narail_0131.wav,ওই তো কি তুমি খুলনা কবে তাই কও যাবানি দেখি হয় তুমি খুলনা আসা আমার সত্যি কথা বলতে কি আমার এখন এই জাগায় আমার থাকতি ভাল্লাগে না
/kaggle/input/regspeech12/test/test_sylhet_0539.wav,গেছে না আর তারিনার আগে তাকি খইছে সারা বলি এনো গিয়া আইছি যেদিন তারি যায়া গেছোইন তাইর বাড়িতে দিন তাইর হাজবেন্ডের গেছি এখন আমি নানি খইছি তে আর যাইতাম না সাইরা না আর ফরে যতো
/kaggle/input/regspeech12/test/test_kishoreganj_0048.wav,কাচা ও লাশ বাইলছুইন লাস কা দে লাস করি দেই লাক গুন আগে তো বেতাল আয়া
/kaggle/input/regspeech12/test/test_barishal_0076.wav,আর আমনে এক বেলা যদি মনে না থাহে ও না
/kaggle/input/regspeech12/test/test_narail_0178.wav,ও বলে কি কাজ বাজ করতো হ্যা ওই যে টুকি চালায় মাঝে গে চলো যা না তো কানে কয়দিন যায় না কি খেলা তে লায় তানা কোনো কাছে কতা করে না ওরে বাবা
/kaggle/input/regspeech12/test/test_sandwip_0087.wav,চলতে আইছে মাইজ্জাগা তো চল ধইরতো দে ন হোঁজা ডু করাইছে মাইজ্জা গা মাইর জাগা হাত দিতো না মাঝে মইদ্দে আর দিতো দিতো ন কাকে
/kaggle/input/regspeech12/test/test_tangail_0061.wav,বরুন দা বানি ছবিতে মানে বন ধানের নাম দেন আর অইছে বানা এর নাম অইছে শিউলি ওই অক্টোবরে যে শিউলি ফুল আছে না ওই শিউলি ফোলার নাম এই আর কি নাম শুড়ি
/kaggle/input/regspeech12/test/test_kishoreganj_0047.wav,এ অইছে অইছে না কন বিল বিল অইছে অ না কে কহানদিয়া কাছা না না
/kaggle/input/regspeech12/test/test_sylhet_0076.wav,আইচ্ছা মানে ইতা কিতার লাগি খরোইন ইগু আর বাইর একটু আইয়ে বালা লই লাগে জমা গাছ ইয়ো খরি আরি করলান কাম না তে এহন ফড়া লেখা খরো দুইজনে মানে ইচ্ছা কিতা কিতা খরতায় আমি না আমি তো আমার ইচ্ছা ববিষ্যত আছে টিচার ওয়ার ইচ্ছা তাই কিতা ফুলিশ
/kaggle/input/regspeech12/test/test_sandwip_0059.wav,চা আইতেছি তো দইরজো এক্কানো নাই নাই লাগতো ই কোনান দিয়া আঁই তো দেই না কিচ্ছু এইডা আইচ্ছা হরি হচ্ছে শাড়ি নিতে থুইয়া ইবে খানতে অইলে
/kaggle/input/regspeech12/test/test_sylhet_0271.wav,ইটা গ্রেড ফাইতে গেলে আর ফাইছি সাবজেক্ট ইংলিশ অখন ইংলিশ সাবজেক্ট থাকি ইটা পাওয়া অনেক কঠিন তো ইটা তো আমি ফয়লা বুচ্ছি না ফার্স্ট ইয়ার তো ফরীক্কা দিয়া ফার্স্ট সেমিস্টার যকন রেজাল্ট দিছে তখন থ্রি পয়েন্ট জিরো এইট ফাইছি
/kaggle/input/regspeech12/test/test_habiganj_0086.wav,আর ছুডু ভাই এগুলা মাদ্রাসাত খরি আর একটা ওইলো গিয়া ছুডু নার্সারি ফরে এরা কেমন দুষ্ট আমি খরে তোমার খতা শান্ত শিষ্ঠ না দুষ্ট না কি তুমার খতা খতা শুনি নি না এনের খতা খইলাম আছে এরা তো দুষ্টামি খরে
/kaggle/input/regspeech12/test/test_sylhet_0733.wav,কইলাম যাতি না তার ওদের বিয়া তারফরে কুনানো বিয়া গ্লাস বাদে ফান আর কিলা ওইবো দিন বাকি দিয়া জি না নাই আর জন বালা বেশি বালা যাবা খালা বিয়া তার বাদে বিয়া ওইয়া যায় বিয়া বাদে তো বাসি দিয়া বেশি বিয়া কিতা বাসি বিয়া না না কিন্তু ইটা খান ফানি পরাইন্না মানে দিনে বাসা তো বাজার যাচ্ছে মানে না লা
