path,transcription
/kaggle/input/regspeech12/test/test_sylhet_0070.wav,ইগুর তো বেস্ তো আমি শাড়ি ফড়ছি ফড়িয়া দক্ষিণ সময় কলেজো গেছি আমার বইন আসে তো মামুগ্রো বনসে তমা মুগুরু বইন বলতে আমার বেস্ট ফ্রেন্ডও বলতে ফারো কলেজ লাইফের কয় বেস্ট ফ্রেন্ড মার ফবা তাই আমি হখর মমরো দবিনো গেছি আর তাই আসতা তাইর ইস্ক
/kaggle/input/regspeech12/test/test_narsingdi_0002.wav,তারহা তো ওই খারাপ খেইলাইরা সোনা তারা ভালো ওই লিগগুলাতে ভালো খেলে ডমেস্টিকে ভালো খেলে পরেই তো ওদেরকে জাতীয় কইরা ঢাকা হয় হ কিন্তু কী করবে ক প্লেয়ার তো আরে একটা বিধে না প্লেয়ার তো অনেক
/kaggle/input/regspeech12/test/test_sylhet_0637.wav,তারাও কিতা যৌতনি তারাও কিতা যৌথন এক লগে থাখোইনিন নজনাখনাখে এখলগে আর এখজন বড়োজন আডলা তোয়া ডাকতো
/kaggle/input/regspeech12/test/test_sylhet_0227.wav,তোখান্দিখান্দি ফরীক্কা দিলাম দিয়াওয়া আইটি অখন তো শেষ আমোর ফড়া ওউ বাড়ির রাস্তা এখটা বুচ্ছোনি বাড়িত ঢুকবার এখটা রাস্তা ছিখন ি ফরীক্কা দিয়া আইছি বাদে দেখি আমার বাইয়ের আ রাস্তায় গুট মাটি নিলায়  মাটি ফালাইয়া আয়গুরে বড়ো বড়
/kaggle/input/regspeech12/test/test_tangail_0035.wav,লাইফত পাই দুই হআজার সালে রিলিজ অয় কিন্তুআর এইডে ডিরেক্টর ছলো এনডি এই ছবিটা যহন অস্কার পায় তারপরে আমি প্রথম এইডার নাম শুনছি যেে লাইফঅত পাই প্রথমে ভাবছিলাম যেহেটা ম্যাথমেটিক্সের কুনু থিরিটি নিয়া হবো যেহেতু লাইফ পাই আছে আমি ভাবছি প্রাইেট
/kaggle/input/regspeech12/test/test_narail_0103.wav,আর বুকে এটটুউন্নর ধরা পরে যেলো মানে বুকে বলতিও ভিতরে টা অপারেশন করিছো মানে অপারেশন করার কতা কয়নি নানা টুমারটা আপন জায়গায় সেটা দর
/kaggle/input/regspeech12/test/test_rangpur_0053.wav,আর আগে টাকা হল আছিল খা চাই যাই বাজার নিয়া হাটত গেছিল আর আসছিল হম টাাআছি আল্লাহর কাছে হাজায় শুকুল মোর কোনো জিনিসের ঠ্যাকা নাই ও সেইটায় বউ লোয়ায় টেকা প েরা কড়ির পোয়া
/kaggle/input/regspeech12/test/test_sylhet_0067.wav,খতা বরতে আমি নিজেরে বুঝতি খরলাম আমার ফরে এবস খরলাম কিচ্ছুখানাই সামনিদে তর ওক্খে তাম বইত আছি ফরে তারা মনে খরছে আমি বর্তি ওইতো না অনেখদিন গেছি গি আমি বর্তি ওইছি মার্চের দশ তারিখে নাই ওি বতি ফার বিয়া াবিয়ারি না তর বিয়া ওই গেছে ফেব্রুয়ারির বিশ তাি
/kaggle/input/regspeech12/test/test_comilla_0032.wav,অর পুরা ফ্যামিলি আমাকে খুব লাইট করতো তো ইখান তাকিা আম চব্বিশ বৎসর ছিলাম ইখানে আমার ওইদেশের চলাফ্যারা খুব ভালো লাগছে কিন্তু অনেকে বিদেশ কষ্ট এই সেই কিন্তু আমার কাছে খুবই ভালো লাগছে
/kaggle/input/regspeech12/test/test_narail_0018.wav,তা আমরা তো খাই নাই তা আমরা খালি খালি সে জকাডা আমরা খাই নাই যদি ওর মাইসো তো টাকা ওদিসে দিয়ে তা তালি তোর মাইসে তো বাই খাইতে তর মাইনসো তো বাইছেওর অবে আমরা খাইনা আমরা চলছে ব আমরা দশ হাজার টাকা পাওয়াইছে তা তো তোর মাও জানে সেন সেডা সবাই যেনা মি সবাইরকা কাটাইছে এ তো সব মেলা দিন আগে আমরা সবাই যান
/kaggle/input/regspeech12/test/test_sylhet_0047.wav,আমরার কিলা টাইমন যাতি ন কিতা খরোইন বাসাত আননে তো খলেজ যতসময় যা রেগুলার গুলাজে যাওয়া লাগে ফাাইবে আর অইলে খন বাসাত দবোইনে ফন টিবাই গফস খরি রান্না বারা খছাত াইন র খরোইন স ছা খরোইন কিতা কিতা খারোইন সব রান্দা ফারে ইচ্ছুখ আছিনাএক বিটারি সিপিতিপেসি কেলাইন আমরারে
/kaggle/input/regspeech12/test/test_sylhet_0203.wav,ই যে রুইদের মাইদ্ঝে ধান ঘাঁটা ধান গাঁটা খুব কষ্টর আছিল ইসময় উটা লইয়া মুরুম আর ইতা শেদানি আরা চাকরি আর আমি আছিলাম তো কুরু আমার আছিল তা চাকরি বা একআশেরে যদি একবার দাও দিতাম আরেকবা বা
/kaggle/input/regspeech12/test/test_chittagong_0166.wav,আজি রাজি তুফিরা  না বই বইয়া ছিলা ন যাই দি যেেনা বরা ন্ডা খার বিয়্ে দলুনরে তো আনে ন চিন বাইট দে না গ তারা ছত বইন খাদি তাআল্দা ফরেদাছ দল্লনর বিয়্ে নাম অইন্নি ত  দলুনর ভিয়ে আর কি
/kaggle/input/regspeech12/test/test_narail_0155.wav,ক আছলা ডাক্তার দেয়াতে সরতা  া পোনারো দিন পুনারো দিনের মদ্যে ঘুরি আসি পোনারো দিনই ডাক্তার দেয় যে আর ডাক্তার দেয়া থাকগ সতম কইরে দুইডে তিনডা বাস তা লাগবে া দিাতি যাবে তাই
/kaggle/input/regspeech12/test/test_habiganj_0060.wav,কিন্তু ছুডু দুই এডেওতয় তান ইতারে একটা দিলে দশটা দিবো আর আমার ছুডু বাইডে তো আমারে
/kaggle/input/regspeech12/test/test_habiganj_0033.wav,আচ্ছা তোমার রান্লা টন্না নিয়া এখন খওছান কিতা খরতে ফারো
/kaggle/input/regspeech12/test/test_rangpur_0065.wav,ওর ওই তো এ কর পাইস নোয় হ্যা কি পোজ সতে কলে আরে কওন আ তোয়ার কতা কন এটা তো খারাপ হতাছে হ সেই অতরের কতা কন না বেডি  ব র  ওই ইছা নকরবারেরা  ওনা সরয করাডায় ও বিয়ে কয়নু বিয়ে কচ্সেটে কতে উছ আবার
/kaggle/input/regspeech12/test/test_sylhet_0113.wav,আচছাআমার ব খালায় জামাইও আছি তাই লুজি খবার মানুষ আকতির তারা দোর আল্লা দুলা দিনো বালা আছেননা খা কষ্ট ছোটো তাখরে আমরার আসপে একটু কষ্ট হয়রেনু বুঝছি অয় আল্লায় দিবানে কষ্ট করতাছে কল ফাইমু
/kaggle/input/regspeech12/test/test_kishoreganj_0185.wav,এলোড় বনা বানায়বা লোতে লো একরা বানানর এলোএ কব বাা এলো া বাফো এর কতাছিলোতল  এ হলো ওতল দিয়া হলু
/kaggle/input/regspeech12/test/test_sylhet_0248.wav,লায়না বিয়া তখন ফড়িয়া কিতা ওইলো হুম ওউ তারারে এখটা জবাব দেওয়া তো ওখন দায়িত্বের মাঝে ফড়ি গেছে বাইরার মানসমান রক্ষা গরা ওউ ফড়তাম ফড়তে ফড়তে আমার টার্গেট আছিল যে সাইওো মিনিমাম ফার্স্ট ক্লাসটা যেনো তাখে
/kaggle/input/regspeech12/test/test_sylhet_0482.wav,বালো টোর রাখিয়া ইখানা আওয়ার খারণ মালছ রাকি আমার আমি এখলো অসুস্থ মানুক মাত লাবো না তো সময় খছন মা দেবি ওয়ার হরে গলাে সমস্যা বেশি ওইছে ও খারণে একটু জাগা ফালটা নে নিজের বাসাত তাকি এখটু দূরেই থাখা তারফরেও তো বুঝরাম না কিচ্ছুরে বাবা নিজের তো ভবিষ্যত যুরল খরার লাইগগা আইছি একটু নিজের বাসা রাখলা কিন্তু বাড়া থাখে আমি তোন বুঝরাহইন আমার সমস্যার লাগা আ খয়দন বাচ্চা হে খজেনও নাই
/kaggle/input/regspeech12/test/test_sylhet_0236.wav,তরে তো আমরা বিয়া দিলাইতাম নতো কিতা ইচ্ছা তো আমি খইলাম রেজাল্ট তো খরছি অখন আফনারার ইচ্ছা আফনারা দিলাইলে তো দিলাইবা কিন্তু আমি ফড়তাম মাখরার ইচ্ছা আছে
/kaggle/input/regspeech12/test/test_sylhet_0391.wav,সিলেটি না ন মা চ্ছা সিলেটি খাসে মা তোা হ আইচ্ছা তো তা তা নিও আইওো াআতমনা বাদশালি তানেনে হ ওও ক বআস  খই আমরা যে খতো শুনতেন  ভাড়া টিয়ানি আনতিে
/kaggle/input/regspeech12/test/test_narail_0136.wav,আমার মার দুই বছরে ইন্ডিয়া দেয় বেডাবে আর দুইবছর আমি যাবু দুইবছর যাই আমি কাগজপত্র রেটি করবো তারপগে মারে নিয়ে যাবো কোন দেশে যাবো ইটালি ইউরোপে যে কোনো দেশে ঢুকার ইচ্ছা ে ইতালি জার্মানি
/kaggle/input/regspeech12/test/test_sylhet_0097.wav,ই ছালোই শাইটটি খায়া ছতর টাহি সব জিনিস ইরখমি দাম িম মার সবজি ইছে সবজি ওইছে দর আমার মায়েটা তো খাইবো রি ইতা আনে মাছ তো ইতার মানে খাম খরেএমার মায়ে ইছতা খর আর বিশি ছাড়াম
/kaggle/input/regspeech12/test/test_habiganj_0103.wav,এইফারে হোসটেলর বাদে বিবিন্ন মানুষেরে যে আঞ্চলিক ভাষা খতা খয় এরার কের ছোখে দেখো ক্যাত হিসেবে ওতোক বালোই লাগে এরার খগুলা আমার খাছে আমার বাষাই বালা লাগে আর কেউর বাষা বাল লাগে না আর সিলেটের বাষা বাল লাগে আর কেউর বাষা ওতোডা বালা লাগে না
/kaggle/input/regspeech12/test/test_sylhet_0576.wav,াইলজলের দামটি সবস ফিয়া বেস্ট প্েক্টি আক্সাসআর কিতা গত ইদ কিলান গেলো আমি তো পতি থি আছেকাতা গত ইদরনার যে ইদওর তো মানে ফিন্ডোর আছনা আমার দেখো ইলোনা ন্যা
/kaggle/input/regspeech12/test/test_sylhet_0481.wav,বইলে আমরার লগে মাতিয়া জুন্নাতিন যাইতি কন ডাক তারার অবস্থা খরাফ মানে শক্তিশালী কোম্পানি গজে মাইনুষ ইখান বুজরাইতুনি তা শক্তিশালী খুব বেশি শক্তিশালী
/kaggle/input/regspeech12/test/test_narail_0083.wav,মানে দেহাইছো তাইত্ো দেহাইছি তমি খাইলে আসপা কবে কাইলে বললাম না তিন চার দিন এই জাগায় থাকবানি  ইসে মানে  িমান
/kaggle/input/regspeech12/test/test_sylhet_0042.wav,প্রতি বছর অলাও খলা ওয় কি অইসবো করা অনেক টাকা লাগে দুগা বুজা অর  ডাক্তা রাকি ছে অনেক টাগা লাগে  াা মার ফিজি সমস্যা ায়
/kaggle/input/regspeech12/test/test_sylhet_0148.wav,নাই টিপ্লা ছুটুবেলাত থেকি মানে আপনারা কিতা এই ইখানে নি ঠিরা করোই নি আফনারার ও বাবার বাড়ি নি  না বাবার বাড়ি শিবকরিপইন শিবব শিবগঞ্জ ছসহয় তে বাবার বাড়িত কে কেছই
/kaggle/input/regspeech12/test/test_sylhet_0622.wav,খা  প্রা আসগা আইলস গনট ওই যে গ্লগ গঞ্জা হুম ইচ্ছা য়স খই আসলে বালা এখ নার্সে ডিমান খ না হম আমি খয়ার দেখতি সেগেন্ড ইয়ার  থার্ড ইয়ার ফরে কিতা খরমু অনলাইনে আমার রিলাইলেন তুক ইয়দি নাই খরন ডাক্টর হিসেবে  র
/kaggle/input/regspeech12/test/test_sylhet_0208.wav,খতা ফারো নাইবো গুতা ফারো নাইগা হুতা ফারো নাইগো আর বাবিরা খইতো না আগে ওতো মা কেউ লাগবো তাইর বাইন তে তাইরে ফড়াইতো তাই ইএসসসি ফাশ খরলে ফরে দিয়া দিবো যতো মানুষইতো ও এসএসসি ফাশ অলা ওটা আছিল টার্গেট এসএসসি ফার্ট টার্গেট খরি লালি মোটামুটি একটা ঢাল
/kaggle/input/regspeech12/test/test_habiganj_0028.wav,নির্মল থাখে উূজা পুজা দিতেও বালোয় নিয়ম কিন্তু নিরা মিশখাইয়ই দেওন ইরা মিশখাইয়া দিলই বালা আমরা তো মাসের মাইঝে দুইটা এখাদৌশি খরি ইটার মাইজে একদিন তো উফাস থাকি সারাদিন পল উল খাইয়া খরি এরফরে সের দিন নিরা মিশকাআইস রফরে আবার এমনেও ফুজা উজা অইলে আরও খত ফুঁজা উজা আরছি নানি ইতা তো উপাস থাইক্কা নিরা মিশখাইয়া ফূজা দেওন লাগে
/kaggle/input/regspeech12/test/test_sylhet_0559.wav,ক্লান্ট অইছে আমিও এগিন খুব আওয়া কইছি হঠাৎ দেখিয়া ওইটা তো নতুন দেখতালাগে কিতো সবসময় ই টা সম্ভবত ওইযে উপজেলারও তাইকে তার ো দেখা ছ উপজেলাত কুনু অনুষ্ঠান অইলে অদিক দিয়া সাউন্ডারেন কিন্তু কেই ফুরা বুঝা যায় না ইলে সূর্যা আর কিটা উপজেলার শি
/kaggle/input/regspeech12/test/test_sylhet_0514.wav,ইগুক খলিলাইটিদতো আমার ফড়ছা ফইসা আবার ফোরেনি আমি টিকেছি
/kaggle/input/regspeech12/test/test_narsingdi_0109.wav,হ্যাঁ হ্যাঁ কী জানি কইতাছিলাম মার মে না জাকানা ক ফরে মানে হেইসময়তো অখনে তাইছ আতের মধ্যে তেল ছিট্টা খুইড়া মইরা গেলেগোও টযলপাইন বুচ্ছা কিন্তু হেইসেবে আছে দুই একশোডা তেল ছিট্টা এসম তা তো খালি পড়ছিল কেরে এডে এইলাগিয়া করা উডাইমমে গরমে এডা সুন্দর কইরা মোডার উফরে থুইয়া আইয়া ফড়ছি
/kaggle/input/regspeech12/test/test_tangail_0078.wav,সেউ আসলে ধার দেনা অনেক হয়া গেছে পরে এই সবাই সিদ্ধান্ত নেই যে শিউলে মা ামানে বাহাসপাতাল থিকা বাসায় স্থানান্তর খরা হবো
/kaggle/input/regspeech12/test/test_kishoreganj_0031.wav,এদিকে সব ফুরা দেয়া নিয়গ আফনে কি এইউদ দেয়ার লাজ্ঞা না হুম এফনে এই ইদডা যাইন এএড এই উদদে যাই গেছেগা ইয়া ফকরা
/kaggle/input/regspeech12/test/test_sylhet_0249.wav,তো মিনিমাম ফাস্লাস থাখার তো অনেক পড়ের বিষয় আমি তারফরে ইন্টারো আবার গোর স্কলারশিপ াইয়া ফাশ খরছি তো স্কলারশিপ আইয়া ফাশ করছি ফরীক্কা দেওয়ার বাদে বাড়িত গেছি আবার ওলা ধরছোই মাংষে
/kaggle/input/regspeech12/test/test_sylhet_0545.wav,তোর কিতা অবস্থাতে  প্রাইভেট ফড়োছলি ই না প্রাইভেট ডেকে তরছি না  টাকিতাস্তাখারে আছলে মেইন কোর্ষ অইছে আনকি ওয় সটয়
/kaggle/input/regspeech12/test/test_sylhet_0716.wav,ফদো  সেেন্ড  হওলার বচাম দিলাইলে সবরকম মনে খরো বুঝিলাইবা ও হয়আর হুদার দেখলে বাবা ফুয়ার গরোর নাতি নিবু নানে তো ুজা ইটাত ফাখাই লাগে না মন্ডাটোরিটা সারা জিকবো আমরা ওইমসেরি
/kaggle/input/regspeech12/test/test_sylhet_0531.wav,আ এখসময় কিতা অবস্থা র তো ক্লাসইয়ারোর ফরীক্কা দিমো তাই ফাস্ট ইয়ারে দি লস্টে আমার  শয় তাই গিল্লা খন তারেডি য়ারে রাইকবো আআমার বিবন খুবে ন মানে মানে তারারে ঠিক কিতা
/kaggle/input/regspeech12/test/test_barishal_0002.wav,গরম লাগে এইছেবেশ ওইছে কি আছে ওকহনে নাা দেইককা মনে হয় ইরনা এতে গরম লাগে তো হাততেকা হইয়ে যায় যাত্তাকো খুরি পতায় দেয় না ঈদের সুবায় কিন্তে যে কাজ মা কোলায় এই রাত্তিরে বাইছেননি কলায় দিছি ও তে
/kaggle/input/regspeech12/test/test_narsingdi_0132.wav,ওমি ওখা গি ইকটু ফরে চালা মেজি মানল্লা ছুডুবেলাত আমি যে কি উঠাছিলাম আমার মতো একটা বাচ্চা দেখলে আমার নিজেরে মনে হয় আবার বাবা মায়ে কর্তালা কি এতো কি উটা একটা বাচ্চায় ফাইমু ইরা যে আর তরে দেখ ছুডুবেলাততো ছোডটা মতো দেহা যাই না বইন আমি ছুডুবেলা হয় তোছডু আমার নিজের ছুডুবেলারে ছুডু আমিও দেখছি না ওকে কিন্তু ছুডুবেলা যেইডাই হোক  না ছুডুবেলা কাা রে য় রতবি কিন তরে ইনো চাইন লাগতো কিন্তু
/kaggle/input/regspeech12/test/test_rangpur_0035.wav,খাইয়া দেবো  বাড়ে দেয় হামার কইললে আবার যেকারে ত্য়াল দেয় না এহন হামরা চাই মাখ মধলে গেইল  ছোুর বাড়ি কী করবেন ওই দ্যখে চা হয় তাই খাওয়া লাগে  কযউ কো এলাও চড়াইস আগে তো কারি মাছে মাছে
/kaggle/input/regspeech12/test/test_rangpur_0124.wav,পাট শাক তোর মনে কর এলা সাত দিয়ে ইউরিয়ে শার কটাস পসপেট এগলে দিয়ে শাক তোলে ফোলে হা তুই আন্দিবের যাবু যাা দেকপে হইলো লইয়ে তলাও পোড়ে না বুজছিস এই হলো অবস্তা
/kaggle/input/regspeech12/test/test_narsingdi_0060.wav,আর আমার দান্দা আছিল কোনুসময় ফলাম গ্যা খেল বইন আমারই অইন্যা মেমরি আছের দারতা ছুবিবে খিলি আস্তে কইরা ফুইল্লা গেছিগা আমার জাগা  স ব আই ছাইয়া দেখতো হায়া থাকতাম আবার অনা সময় হুমার দিয়া বইতো যে হুমাও শেষ না কলে খেলতে যাইতে যাইতাম না
/kaggle/input/regspeech12/test/test_barishal_0085.wav,হ্ হেইয়া কইররা হেইয়ার পরে মনে করে এহন কাম শেখছি এতো সোজা কাম ওই যে আমনের এতো কন চিকরেসকতো দোর  হে হনে যাইতাম ল্লাবারি গিয়াএই পয়সা এলা রামশিল বাজার হেতো দূরে থাকা কাম করছি
/kaggle/input/regspeech12/test/test_rangpur_0095.wav,ডাইল ভাগ তাইলে ইয়া খাওয়া সবচাইতে কার বাড়িত ভালো হইচে
/kaggle/input/regspeech12/test/test_narail_0109.wav,ল ভায় দু মাতাই বিমুল বিশ্বাস আমারে বছ দিছে দুইমা ফিছেন দুইমার উপুতির পিছনে টাকা ভাংছি বাংকেআম আমি শেষ ওইয়ে যাচ্ছি থাকপো না কাইলের গিরামের আম কচ্ছু দূর ওইয়ে যাও গনে যায় বাসন চলে যাও তহন আমেটা বহ ভাইছে তো তো চাপালের বাইগগো না ছয় মাসবদি দাকবে ছয় মাস ফরে বিদেশ
/kaggle/input/regspeech12/test/test_chittagong_0094.wav,আর কলেজো তন আছে  টেনশন থাছে বেরগুনে ফাতদারে রমগে ভাই পাতর ইয়াইছো ও চিটম কলেজের মদ্যে আইসি পারতো অয়  র ইতে তো অচ্ছে স্যানাসফ ট্যানে স্েন ফাইহি
/kaggle/input/regspeech12/test/test_sylhet_0283.wav,যেহেতু আমার পরিবেশ বা আমার যে সার্কানস্টেনসন তেকি মনে ই বয়সের এখটা মেয়ে চব্বিশ পঁচিশ ওইে গেছে প্রায় বয়স ই বয়সের মেয়ে মনে আনেস্পেকটেড সমাজ ওইভাবে এক্সেপ্ট খরতো নায় া যে লেবেলের যেইটা একটু নিচে হইলে ইটা র সমস্যা ওইতো নায়
/kaggle/input/regspeech12/test/test_sylhet_0321.wav,বুজার থাই ফাইলে ওইছে কারণ আমার অখন বাড়িত যাওয়ার হয় মুগত পরিবেশ পরিস্থিতি না আর আমার চাকরির লাগি আমার ফড়া লাগবো তাইন কিতা করতা ওইসময় আমারে পড়ার যে সাপোর্টটা দিছোইন আমি সারাদিন কাজ করতাম
/kaggle/input/regspeech12/test/test_narail_0088.wav,তারপরেরদিন তোর সেটে আমার কথা হইছে তাই ছাড়া তোর সেখানো কথাও হইনি তুমারে কইছেলাম যে ইন্ডিয়াস তা আইসে আমারদার এট্টু আইসো তুমি আমারে ুমি আমারে ফোলক করে ছুয়ে দেছো আমি তুমার দরে যাবানি লত্তা আমি করি নাইরে বাবা
/kaggle/input/regspeech12/test/test_sylhet_0173.wav,াছো কে না তো হচ্ছে নাই নাব নাই ব বা লাইগতােবারে তো আল্রাসেডে বিশবা জকে বাল্লা খতা হাটছি নািতা বিছা খরলিছে ুামনসে বাল্লা
/kaggle/input/regspeech12/test/test_sandwip_0104.wav,যাতকা তুই তো দুইন একবার দিয়াছস তুই দুইন হে সম্পর্কে কোর কী ধারনা আছে ছাইআল হাননি হ না হরিক্কের দিনে কিছুই তো ন হরিক্কা দিয়ি আরও তালাশান ইতে অইরবো কি গা আঁই হেইয় হেল্লাই বুলে কিছু করি
/kaggle/input/regspeech12/test/test_narsingdi_0001.wav,হান্ড্রেডও করছে দুইটা আসলে ব্যাপারটা অইছে কী একটা টিমে যহন প্লেয়ারগুলা সিলেক্ট করে ওইরকম ক্যাটাগরি দেইখাই না আরে ভাই যারা জাতীয় দলে আসে
/kaggle/input/regspeech12/test/test_narail_0128.wav,ওরাএমিবোগের্তি ওরে নিকার বাকাকা যাগ লাগেকা যাবো একটা ক্যাকট চলে আছা তু চল শের সুমা তো সে সুমা ডুমা কয় নিয়ে গেছে সুমা বিশ্বাস দোলা ভকত আরে সুমা বিশ্বাসের কথা তো কচ্ছি সুমা বিশ্বাস আবার ত পারছি নাঙগি
/kaggle/input/regspeech12/test/test_sylhet_0495.wav,টাসখরিউখলো কিতা ফড়েআমি এখটা গুরুত্ব ওইছি নাম বিরানিওরোনি খাইছি  ফাইন আমারে এখটু বানুষ ফিছনে দিছো দিয়া বুয়া ওইছোইন বিরানিউরোনে খাইছি এখন লাগে আমার তো কুরচাবেক তাখে দরে কিন্তু ফরতফে দরলে কিতা ওইবো পর্যাপ্ত আর আমার ওজজা মুকা দিয়া ক্যাটাটারে দিয়ার বেগোর মাঝে মানে লাগের ওরখম আমা নম খয় যেমন লাগে একমার টয়লেটোর বাবো লাগে মানে ওরখম লাগবেকিন্তু হাছা টয়লেট নায় আন্তাজিওলান লাগে
/kaggle/input/regspeech12/test/test_chittagong_0087.wav,আসাআলামর তুন না আগে খলে নারছু তুনি ফোরের ফরে আয় আনা যেতে ক্লাসেরের মধ্যে আসালাম স্কুলত গেইলাম গুই হুম এতা ইটি আনের ে ক্লাসইডের মদ্যে এসমস্তু আয়গিয়ে তো এতে অলদি ফরীক্ষা দিছালাইয়া এই ফরিক্কা আমাদিতিছ
/kaggle/input/regspeech12/test/test_sylhet_0004.wav,শে সম্বনা নি ইগুর দলের মেহনতা যে মানে নিজের টী ন আকি কেরেবা যেমন মানুষ গুমাইতে ফারবো উ গননা তারার গরোর লগেও আগে আছি মানে যেসময় ফছাতার জাগা আলাদা উছি ম ওও খাজ অখন বাড়ির বিত্তে ফারো না যে চাইলেও খম্বো লাগে
/kaggle/input/regspeech12/test/test_barishal_0064.wav,আর আমার লাহায়ন আমি যেএরম হঠাৎ ছাইড়ে দিছি এরম কেউ পারে ও নো একজতা দি পান খাওয়া থাড়ান দিলে দাক খাতেরম ফুইল্লে যায় সেডা হয় সেটার বিরি ছাড়ান দিলে খুইল্লে যায় এ হনে এই কিছুদিন আগেই  আমি মনে কর রো বিশদিন তরি দাঁতের মইদ্দে খালি ফুল হ আমি বাজারে গেলে এমন কোনো দিন নাই পাঁচটা পান কিননে না খাইছি
/kaggle/input/regspeech12/test/test_barishal_0036.wav,কার লাগবে হ  বড় বতে  কওইযে সনেক ল্যগ ড আছো হয় লইয়া গান বদনাম না দুলি কি কতবার অ শান্তির মইদ্যে যে মুই আছো হ্হ বছ ক কর্তা রে ছ্যারা ম ক ক চরাতা ডাম না  হত চলতাম
/kaggle/input/regspeech12/test/test_rangpur_0002.wav,ওন অনে পনরো হাজার টাকা দি নে কি নিয়ানিবেফান যাদিা হাইলা স এসলাম যুচলে মনে পানি আটকার কারণ দি জানেন কেউ টেকা দে না ভাই কেউ না একার ঠাকন দেলা আপনি বলেন্তি করবেন যায় না আমার যে চ মোট তো চালায় এলা মু রমানের বাক কইলে
/kaggle/input/regspeech12/test/test_sylhet_0026.wav,বাট দশদিন যে পাঁচজন ঠাকুর আছোইন পাঁচজন আ দুর্গা বলক্ষ্ী লক্ষী তারফরে সরস্বি গণেশ কার্তিক প্রতিমা েসবাই ছয়জনরে খাপড়ত্যেকদিন কাপড় যাওয়া অয় নতুন কাপনতন গয় না
/kaggle/input/regspeech12/test/test_chittagong_0141.wav,ফরীক্কা ছাওয়ারতো তা লানানা ফরীক্কা ফাওয়া তো টেম ন ফাইলে আর ফরীক্কা নাই খালিও নাই ফরুনই ফাওয়া দিওও নাই আটালাই তো লাইতুরে বলদা অনে ভিডিও কওয়াদি আমরার জুস আইচ্ছা অটতর লাইল দিছি ফার্তে ফাওয়া দা জার গুর তরে লাইনা
/kaggle/input/regspeech12/test/test_sylhet_0728.wav,রবে সারাদিন বসর রন খনে যদি নানানা জিবন ফালেন স রা দি না ইটা ধরো আমরা বিয়ান জ রা খরা না  বিয়ার দিন যেলো আমরা ধরোন দুইটা ইটা আমরা উফাশ বাঙ্গিলু আমরা এটু খাজ আছে বিয়ার খাজ এগুলা খরা বাদে আমরা বাত খানি খা খালি তো ওইযে পাত্থই নানি ওতা খরে
/kaggle/input/regspeech12/test/test_narail_0016.wav,তুমি তো জানো তোমার কাকড় ব্যাপারে এইযে মনি দশ হাজার টাকা পাটাইছেলো তা তো তুমার কাকু মারে গা লাগালি পারলো তারপরও আমি সে দশ হাজার টাকা আনলাম তা মনি বলে এই সরজতরে বলে কইছে মনি েআমার বাবার জন্যি মেলা টাকা পাঠাইছি তা ওকালো যে কার কাকে পাঠাইছি তা ও কলো যে আমার মাইসু তোবার
/kaggle/input/regspeech12/test/test_barishal_0096.wav,ক মাগ ে লাম না ছাবুছ ে বিয়ে কচছা  যে ্টা খাই রা হইরা পারোয় না কি কম ঘু ই হনান কম না বাজারের দিয়া পাচ ক জিয়ে আমনে মু ব সদে যিব  পাত কেজি এম যদি মুই না কই মুখ দিয়ে য্য হামোরে দুইডা আম কাইটতে হতে তর হর দেইবে আ হালাই দেবো
/kaggle/input/regspeech12/test/test_sylhet_0198.wav,তো আমার টিচার সরাসরি আছলা আমার বড়ো বাইল তাইন ওখন ওডিট অফিসার  বাইফ ছাসো মেলডি ফড়ছি আর আব্বায় অইলা সজাগ থাখতা ফাশে বই থাখতা খিয়াল রাখতা আমরা যেতা মনামারি লান আর আমরা এখ টেবিলো বইয়া সবাই খরতাম
/kaggle/input/regspeech12/test/test_narail_0098.wav,রাত্রি কি খাওয়া দাওয়াইছে না বিয়ে বাড়িতে পিটেআইছো বিয়ে ভািত ত খায়া আইছি পিটাইছোগ ইম পিটান দেছো না আমি ইম পিটান দিতি যায় না আনারেস খা গমে গিরামে বিয়াও হইছে তো তারা জানে যে আমি কেমন খাই কী খাই তারা জানে ভালা করেই
/kaggle/input/regspeech12/test/test_sylhet_0683.wav,আর আফনারার বাফের বাড়ি নিয়া খউক্কা খে খে আছোইন লার আমার মা বাতাইলে খুটা বেলা খালা দিলা খার সাতে খারা সাতে খরতা  মাছ তোছাইর গরা বাইগুনে খছকাখরা
/kaggle/input/regspeech12/test/test_barishal_0018.wav,মেনিজা  খাআ তা ডিন মত র ই খাবার জিনছিরাফ খাবান তিন ডেলিং সিরেপ কা অইলো একটা নছি এত্তারে খু খাওয়াইন্না শেখা  এটে ডগেেট সমস্যা হয় এইলো তো বারবার আনি কইছি যে হনটা শ্যার সাবা কাশে আবার  খাবাই কয়া না
/kaggle/input/regspeech12/test/test_sandwip_0036.wav,আনতে আমরা রান দি ব্যাংকে ন ুফার্লে শা  কামায়া নসাছে ইক হিন্ডিয়া এছলাম া ও ওবা হইয়া ত্তে ছাড়া    া দশ ল তাকা জ  যারনতথাা সাটার না
/kaggle/input/regspeech12/test/test_sylhet_0241.wav,এসএসসি ফাশ খরার বাদে আর ওইছোইন দুই আাজার ছব্বিশ বাইশ বছর ওই গেছে আন বাজির বাইরে ওফড়া অবস্থায় বিয়া অইছে ফড়া অবস্থায় চাকরি অইছে ই অবস্থায় সংসার এরফরে তো আর তোমরা দেখছো  বিয়া তো আপনার অনেক ঐতিহাসিক অইছে ই ঘফটা গশটা উনতাম চাইর
/kaggle/input/regspeech12/test/test_sandwip_0067.wav,কগামে সবক তার একটা মদিন থাইকতে অইল্লা ল গরতে পয়লা আইছে গ চোখ কইরা যেন দিন গেছে ওইগে জান াইতা আম্মা দেখছি আললিম ুইা তো লাগে কি হাগর না কি আঁই কুনু জিনে কিউলাইয়া দিন ছোট্টলি গেছে গন হিয়ারে একদিন ঠুকতেছে একদিন বারাইছে অনারও একদিন থাইকতেছে
/kaggle/input/regspeech12/test/test_narsingdi_0073.wav,আমি গরিব বই  আমা কক্কান নাইগ ফিন্না দিয়া যাও চুই বালা আমনে খারি তো িলিনআমি তরা হে ফুটবলের মতো কিক কইরাইয় এত্তা ফালায় দিা কসতা
/kaggle/input/regspeech12/test/test_sylhet_0121.wav,হজুরে দুধ ভতত রাইগছে আর মাদ্রাসা হুজুরে সব হুদুরের মিল্লা পাঞ্জাইবি কিনা ভউর থাইকতে ফাওয়া দিছে তরা সবে মিলাইয়া হচ্ছে ইখানো থাইক্কা পরে ও অলো সামনে এক মদ্াসাত
/kaggle/input/regspeech12/test/test_sylhet_0368.wav,মানে অল্প তো তুষ্ট অল্প তো স্যাটিসফাইট থাকি  বাচ্চাগুলার ওইভাবেই গ্রব খরার চেষ্টা খরতেছি যে তারাও জানে খুব বেশি এক্সপেকটেশন থাখে না লাইবো খারণ বেশি এক্সপেকটেশন থাখলে তোমার মানুষ খষ্ট পায় বেশি আর
/kaggle/input/regspeech12/test/test_barishal_0092.wav,র াম  মুই বাইরে তো একহাজার কলাম তাইলে এককা পাটার দাম  কাম কারা ভালো এহন এই যে কিনছি এর কারন আছে টিললাগ দিছ হ চলাম নলান লইয়া যাা ফায়
/kaggle/input/regspeech12/test/test_habiganj_0052.wav,রেজামিস আমরা নিরা মিশ খআমরার অনেকে আছে যে নিরামিশ খায় নায় কিন্তু অনেকে খায় নিরা মিশ খাওনডা ওইনিয় নিয়েরে মিশটা খাইলে আমরার মাইঝে মনে ওয় যে একটা পবিত্রতায় মাছ মাংসো তো এগুলা আমরা যে মানস খায় একটা তো জীবরে মাইরা ওত্তা খইরা সেইডা আমরা মানষডা খায় ইতার লাইগগা আমরার মানষটা খাওন ওতোটা কিতা ওয় না কিন্তু যদি শাক সব জিনিন আমি জিনিস খায় ইতা তো ইতা তো উদ্বীদ ইতা ইতার লাইগয়া একটু ফবিত্র মানে ইতা খাইলে
/kaggle/input/regspeech12/test/test_barishal_0071.wav,হেইয়ে যদি সইয্য না কারতারে তাইলে হেরম সমস্যা না অনে খাওয়ামু কযান গোফনে খাওয়ামু ক্যা এমি পরিস্থিতি চে বাজেলে তো খাওয়াইতে ইে না পরিস্থিতি ওবার রোল করতে অইবো হেই জজের মাথামস্াহে পারলে তো ভালো এনালাই তো ভালো হেই এইতো পরালা দযাহায় না
/kaggle/input/regspeech12/test/test_tangail_0062.wav,আর এইসবইতে শিউরি ফুলের একটা ভূমিকা আছে যেডা মানে গল্পের স্টোরির থিল ওয়ার সাথে সাতেই বুঝা যায় পানিতাপছন্দের ফুল মানে যে নায়িকা আবার পছন্দের ফুল ওইলো শিউরি
/kaggle/input/regspeech12/test/test_sylhet_0234.wav,তদিনি বরে ডাকতোইন খুশি অইয়া আমার দুই নাম্বার ভাই বাজার তেকি রেজাল্ট লইয়া আইছোইনার লগে চাইরানি চোখলে তখন অরেঞ্জ বাতা চখলেট আছে বুচ্ছোন ইতা লজের্ সাইরটা একটাখাটাগাজে ফাওয়ার লুাামর খইছে অরেঞ্জকালাসওতা
/kaggle/input/regspeech12/test/test_barishal_0008.wav,এহন অর অরে ঢাকা দিছে ওই ভুলেট কলেজে পরথে ও বিশাল বড় ধরনের একটা ছাত্র অইছে এহন চাকরি পবো বাংলাদেশ সরকারে চাকরি দিছে দুই লাখ টাহা বেতন বিয়ে করলো পটো খালির এক রূপু সীমাইয়া কইবই ফোকুইননিগো পরিচয় দিবিন আওার বাপে তো যাইবে এট্টা শাটগায় দিয়া
/kaggle/input/regspeech12/test/test_sandwip_0098.wav,ছা কদরকার না বা বাই বাে দুলাই দি ছুয়ে ইয়ারে কোলো খই লয় লাই খাইটি না উট দিছিলট ালে ভাড় হরতো দিনা আই
/kaggle/input/regspeech12/test/test_sylhet_0454.wav,তাইল তারার মায় তা উছাম উসালাম্পা মানুষ মাছাগলো তারা আমি আমারে খুব ফুল্লা বানাইছি আমারে উশু বালা আছলাম আমার মতো খাটো গুটো তো আমার আমার মা খারা মনে খরো আমার মাছ আছিন তারা আমার উপরে খুব বেশি বয় ফাই ওদরে ফলে আমার বাইয় আসবো আমার পায় উুগান বাইরি
/kaggle/input/regspeech12/test/test_chittagong_0158.wav,পিয়েনেতন অইতো কুটিয়া কলেজ দিমু এহন সেকেন্ড মিনিট দিলে অয় হেরি স্যেঙ্গরি বিয়রে নর থাই্দে না কিছু তুম ফটিয়া কলেজে বতি অন ফারে তা কই্টা কলস না মাইুর না কাজ নতো
/kaggle/input/regspeech12/test/test_sylhet_0369.wav,পড়াশোনার দিকে আমি আমার জায়গা থেকা যতোটুকু ফারিয়ার চেষ্টা খরিয়ার আর বাকি তা ওইলো গিয়া তারার তখদীরো যতটুকু আছে আরকিতো তারামন সত্যিকতা আমি তোমার আরা বই যে মানুষের স্বফনো তাখে যে বাচ্চা কাচ্চা বয়স ওই গেলে বুড়া ওই গেলে তারা আমরারে দেখা শুনা বন
/kaggle/input/regspeech12/test/test_sylhet_0754.wav,এরফরে ওলো কিউযাইরে মরানিরাম শাইনু এরবাদে ইবো খালে গজানিরামি শাইন  খালি মনে গইরো যাইমু গিয়া গ্রাইম বাজা বায় খাইগাবাদগন রে ফাশে দিবালে দরবা পুতা তাখনারা বালা বালা খাইন মানে মাছ খান
/kaggle/input/regspeech12/test/test_kishoreganj_0145.wav,শব্দ দোছ শবদ পাবদু শব দ দ সয় বিনা প্রয়োজনীয় হন বাজি উচ্চসরে গানবাজি এবং লাইট ে স্পিকার বা মাইগ বাজি মানুষ শবদ ক আকনে তুনানরঙার হয় আর আগে কি তা কালাতে
/kaggle/input/regspeech12/test/test_tangail_0019.wav,এডা রই করতে পারের নাই সঠিক ব্যাখ্যা দিতে পারে নাই আর এই গানডা একইসাথে র কপেরা পপসহ মনে কর মনে করো যে প্রোগ্রেসিং ব্রব জিগলা থাকি সব মিলশ মিশেললে একটা এই গানটা আসলে অন্যরকেম একটা গান
/kaggle/input/regspeech12/test/test_sylhet_0560.wav,চছিক তাকি  আমারা আাত দেয় আমি আমার জানুয়ারির লা আমরা তো ফছন টান্ডা ার গেলো ইর ইবার ন সবতাইকা খষ্টোর বিষয় অইলো অতিরিক্ত যে জানুয়ারির লাস্টে দি ঠান্দা আছিলা ওইসময় ইন কোর্স আছি
/kaggle/input/regspeech12/test/test_sylhet_0739.wav,ওউ মনো খরো  মানে টান মারি জামাইয়নি লাগি আরকি মারে  খাসি আছে মানি াও বাব্বায় আর কি জামাইরা তু ছুবিয়া দিলাইলা সব পিয়া দিলাইলা সব ফিয়া দিলাইলা তোমার ম দিলাইলাম মা এখটা লাম্বা সিংবোল আছে তোমাদের ফানি আছে ওতাই মনে খরো জামাইয়ার
/kaggle/input/regspeech12/test/test_chittagong_0075.wav,ঠি আছে খইিছ না ুনা বততর যাওই  ওন ইয়া সাইকোলেজিল খরিবানি মনভিজ্ঞান খইবি শাইনিত যুরি ফড় তাইলা আঁই ও সাইকোলে জিল একসাল বন্দু বেজারে এক হিয়ার মদ্যে আইয়া যাইতি
/kaggle/input/regspeech12/test/test_tangail_0082.wav,হগিয়ে কাস্টমারদের সাথে যেমন ব্যাবহার করতে এহন তার ব্যাবহারদা চেঞ্জ হইছে পরে একদিন শিউলিত মা বরুনররে ডাকে বাসায় আসতে বলে পরে বরুন যায় পরে দেহে যাইয়
/kaggle/input/regspeech12/test/test_sylhet_0168.wav,ফাটাছোবউত মানুষের মদ্যে বতবার বরের ইসময় তন সবতাত সমস্যা ওইতো খাবা ফড়া সলা ইনকাম খুব দূরতে এহরে তুমার দুজা নাছাইতাম
/kaggle/input/regspeech12/test/test_chittagong_0080.wav,তো মানে এক্কানা ইয়া ফরামর্শ করি শাইস না আঁই আঁর দাদার রঙ্গা হরুম আইসছি কাইয়ুম আন্টিফারা কেন আছে আন্টি কারা ভালা আছে এবার ই যে গরম ফডে মানে অবস্থা খায়াল ইলে গুস
/kaggle/input/regspeech12/test/test_narail_0165.wav,আচ্ছ কুনািনাতে কোন আরোদিনি কোনো ডাক্তাত যান যাবে না ডাক্তার চাইয়া তেকিল তোমার একসাপতা পরতম ছাওয়ার ু ছেবেনে তারা দেহা আেনি কতমই তোমবার একটা সেবেস্সারে করবেন নাি তোমার কী কী সমস্যা চাইস খনবেন আর ওই পরীক্ষাগুলো করতি দেবে না
/kaggle/input/regspeech12/test/test_rangpur_0101.wav,ওইভাবে আর কিছু খাওয়ার পায় না বুিস নাই সে এখন ইয়া যাছার সাতে কতা হয় হ মাুছেসের সাতে না গেইলসে আসছি কছো ক
/kaggle/input/regspeech12/test/test_sylhet_0100.wav,আমি থাগা ছুটু না বড় একটা তোমারো আ একটা কর ফরে উড়ে না একটা ফরে ন আরখাটা আসাত পড়ে আয়েকটা র দোকানো হাড়া ইটা দিছি তে হ এখানে বাচসাক সেডা হেটা একটা শুনতে আমার বা বা আইডিটা আমি আল না
/kaggle/input/regspeech12/test/test_habiganj_0010.wav,হো মনে আরা ইস্কুলো ফরে এর ্ খুদা  রনিযে ছুটুছুটু ইলে তাখিছুল রা কনা সম্পর্কে এইআ সাদ বইনে ছুটু ইয়া র খতো বর অইবো এররসরখারি থাকতি কিয়া জমে  আন্নি অন রাইজ বালা খাইছে না এ ছেমনেআন্নি  খ্দিয়া বালা জাগা  অখন বাইয়া টেন দিবো
/kaggle/input/regspeech12/test/test_tangail_0070.wav,হাল্কায় একটো সিরিয়াস ছিলো মান শুরুরা হইতেছিলো গিয়াএইসময়ে ইরকম একটা ঘটনা ঘটেলি ফরে বরুন দাওার প্রত্যেকদিন যেহেতু মানে একটা একটা বড় এক্সিডেন্ট আর লাস্টের ই ছিলো মান হয়ারইস ডান মাে অরে ই খুঁছতা ছিলো
/kaggle/input/regspeech12/test/test_rangpur_0042.wav,এইসে নুায় চ নায়া সুখে কয় পাগলি লএডে খাওয়া দায় তাইয়ে সু মুস তিনটি তবে সনি েয় খালি মুই যাগত খয় তা  কদগজানই েমোক দেখান তো অমন মা সিদ শাসেনা দেখান তোে মু বােরে া
/kaggle/input/regspeech12/test/test_sandwip_0123.wav,আএতফাদা কি খব তারপ ফুনি না ইততেন বরা আস্তারা ফায়লে এ অর যইবু আর বাত্তে শিরু দেখি দেখি ইসিখছো আগপতিরা যেখি ঠিকেইি হুনাই অততে সহজে না
/kaggle/input/regspeech12/test/test_rangpur_0016.wav,তাসেই কেমন আছেন কী সমাচার কেমন আছেন আলহামদুলিল্লো হতো চাচি তোমার নাম কী মোসাম্মদ উম্বা কুলছ তোমার সাতে এন্নাগল্প গুজজব করমো সবাই মিলি রেকর্ড করমো সমস্যা হইবে তাসে
/kaggle/input/regspeech12/test/test_rangpur_0040.wav,দেখছো মাস চলে লে  না এাইলে গাইল নোায় আগে যদিল মানুষ খুদিও ভাগতিল এক গিরি আরাক গিরি জুল পানি মুকদ দিওয়ার কিছু না থাকছিল ও খুদি ভাগায় খায়ায় একবুর পানি খায়া শরি গেছি সেই মানুষগুলে আছে
/kaggle/input/regspeech12/test/test_sylhet_0424.wav,আন্তাজি আরো শিলাই মিলায় ডিকরে কিতা খুদে দিয়ে আরো উটা খটা খরিস ফরে খালি এখ বেদনা ফোরছাবয় নাইনা সেই না খালি বেগনা বাসাত ঙ আ মানে ইলাগের যেমন কুন সময় যে আমার ঝান যাই গোবারইগয়া আমি নিজেও জান
/kaggle/input/regspeech12/test/test_tangail_0060.wav,এডাই অবিনয় করছে বুরন ধাওয়ার আর বানিত  সাদু এই ছবি আমার পছন্দ এডা একটা কারণ আছে তাআর এডা ওইছে আমার মানে আমি যেই মাসে ধ হইছি ওইডা অক্টোবর মাসে ছিলো অক্টোবর মাস তা ভালোই লাগে কুশি চ্ছিত থাকে
/kaggle/input/regspeech12/test/test_sylhet_0261.wav,চিন্তা খরতাম আরলা সবসময় দোয়াও খরতাম নামাজ ফরিয়া যেলা তিনশো জনজন নিবাও তিনশো জনের মতো তিনশো নাম্বার চেয়ে স্টুডেন্টটা ওইবো ওউ স্টুডেন্টটাও যেনো আমি ওই আমার এখ নাম্বার দুই নাম্বার ওয়া লাগতো নায় আমি মেরিক্রিস্টো তাখতে ছাই না কিন্তু আমি
/kaggle/input/regspeech12/test/test_sylhet_0610.wav,আলাহর আলেককাও দসটত ছম নাননুন এখছে রিওো খরছো যিডাখাইয়া আনতা তআমরা সিলেটি এখলোর যে ফ্রেন্ড আরকি ফরে আব্বায় রুজাইগলাইছে
/kaggle/input/regspeech12/test/test_sylhet_0546.wav,ওয় আমরা দুইটা ওইছে ও খয়দিন আগেও আর ওবতন দিকে ওইছে আমরা খব্বে ওইছে াটো টানোয়ারি লাস্ট দিুচ জানুয়ারি  ওয় আমরার  ছব্বিশ আর আটাইশ তারিখ না ছাব্বিশ আর আটাইশ
/kaggle/input/regspeech12/test/test_barishal_0052.wav,সর নারি চাকমি ফারে নিজে ফালি কর না করম গরু পালাইতারা যাছে ওডো মাইয়া খডো না এটটু বড় হইয় যেস না ইসুম আমার াা গরু পালতে কি ও পাও তার পায়  গরু পাল তেকওই হে দশ চাপ কর মানুষ পালতে যারা পারে হোনেন এটটা কতা জানবেন যারা পারে হেরা নয়তে নয়দিক পারে আর যারা না পারে নব্বইতে নয় দিকও পারে না
/kaggle/input/regspeech12/test/test_sylhet_0019.wav,শটি আগের দিন ধরে সবাই নিয়া আমি সটেমিস খায় অনেকে খায় অনেকে খাই নলি ইটাত যার রিলিভরির একটু আমরা আমি সব সময় থায় দন আমিতিন দিন আমরা নিয়া আমি ায় দশো মিট দিন আমরা এইদিন দিয়া আমি স সেইদিন সবাই ভালো খায় মাছ মাংস পিঠাসবলে সবাইকা
/kaggle/input/regspeech12/test/test_sylhet_0281.wav,তখন আমারে নিয়া খুব দু চিন্তা খরতা তোমারে প্রতিবেশিরাও খুতা দিতাম মাত্তা ফ্রি হুগুড়া বানাইলিরায় ফড়াইতাফড়াইতে ইগুরা বিয়া ওইতো না ইগুরে খে নিতো ইগুরা খরতে খরতে এমুরা বয়স যার গিয়া ই্তা নিয়া মায়ো খুতাবাড়িত যাইতাম না খালি মার ওতা খতা শুনা লাগবো দেখিয়া
/kaggle/input/regspeech12/test/test_sylhet_0462.wav,বালাবো োতোফড়ে আছে এখটু মুসতা বালা আছে বেটায় তোবানা ওরো রান্দা বালা বড়ো খাও রো বাচ্ছাশখইচ্ছা খাচ্ছা দিলাইছি নামনা এখ ছেলে আর
/kaggle/input/regspeech12/test/test_sylhet_0071.wav,হুম তার ইস্কুলো তাই অনুষ্ঠান খছে তাইয়ে শাড়ি ফড়ি গেছি আমি গেছি হলুদ শাড়ি ফড়ি নতুন শাড়ি কিনচি জ অরছি খুব মজা ওইছে বাদেআওয়া ফরে তোআর তারা গুরছি আমি গুরছিলা আমার বালা লাগছি তাক লাগছে জত কিতা কিতা খরা লাগে ফতমত নিরামি সয়া লাগে আগের দিন ুম নিরামি সলা ফরোর দিন তগু বাস ফোলায় ফঞ্জলি দিলা ফঞ্জলি দেওয়া ফরে তুনি প্রশাত ইছ এরফরে তুমে যা তুমার মঞ্চে তা ওতো
/kaggle/input/regspeech12/test/test_habiganj_0050.wav,সন্ধ্যার ফরে অইছে আমরা প্রতম তো প্রদীপ জ্বালাই দূর জ্বালায় জ্বালাই সিরা প্রতম আরজানের পুরোই ইটা প্রতিবার সুবজ্বালাই দুকবাতি যেডাখয় দুকবাতি দেখাই দেখাইয়া পরে আবার ওই দুফুরের মতোই আজলিতো দুফোরে একটু ছুজা দিলে আমরা একটু অইন্য ধরনের প্রসার্থোর সাতেই বুগ দেই আর সন্দ্যা পরে অইছে হালকা সন্ধ্যার পরেসব আমরা যেমন হালকা মাছ থাখা য়েমন আমরা খুঁজা দিলেও হালকা কি চো দিয়া পূজাউজাতেই এরফরে কি
/kaggle/input/regspeech12/test/test_sylhet_0435.wav,আমনা খর খইছে ন বার ওপালসিং খুরি একবার ছিন্তা খবেনি আমি আল্লা ওইছে ওতো খানইগো না আমার আল্লায় সবসময় আর কুতা বলে না খে জানি কিতার লাগি মারা আল্লাই ফাইচচাখাইয্য দের া ন না খইতাম ফারতা না ওয়তো আমার কুনু জাগাত বুলত উঠি খারোন আমি জানো না আরি যদিবখরাক্তা তাম না
/kaggle/input/regspeech12/test/test_rangpur_0034.wav,আর কি ওতো মুরগুলা লাইগলি সেদ্ধ করিল ওরা দুইবের  লেগলে  মোর এককে  বাপে দয়া যাগ খাটোই নেলে কেমন ট্যেল দোল কিছু নাই এ নুন জে গরি দেওয়া যায় ঠিক ওইদেন তর খাই মোর বাপের জন্যে ন কি নাইুই কোনো বশ্য দেখন রাই ওইজন মুই তাকে ফায়া আরছেম
/kaggle/input/regspeech12/test/test_rangpur_0055.wav,এই বাড়িত যদি অসহয় হনহয় বাবা কাইও কিছু দিলে নায় চেষ্টা করে ই কক খুইল্লা নোয়ায় কতা কইযে কর্মফল দিবসের মালিক খললা ঝাড় কর্মো যেমন তাক কলতে বো কেমন দেবো ক্যারে
/kaggle/input/regspeech12/test/test_noakhali_0028.wav,আন্নের ভাইে আরও প্যারাচাছি তালা ট্যায়ার কছে আই ফলে কামবিদা কখান্দা আরে কাবি দা মুখেরোছে সো বড় মমবে বড় মামা রি
/kaggle/input/regspeech12/test/test_kishoreganj_0162.wav,শলা ষোল্লর ঠয়ডেতে া এখটা য টুশো নব্বই বালাই ন  সত্তর ফলা ষাই থিকা সত্র লাগ পানি মননেমে ডানন বেশি যকর জন্যববয় যা এই জাগার জন্যয
/kaggle/input/regspeech12/test/test_rangpur_0075.wav,য়া হয় সবার া  া রুরগো খাবার ওই চোম উুর দেয় নাই কী এলে একা মোগ দে
/kaggle/input/regspeech12/test/test_sandwip_0024.wav,এন্নে ইয়ান মার কাছে থাইকলে মা বাজ  র  াকারা ঘরন নে এম্নে না হয়ানা হুদ্দি  এমনে সান সংতে চলে হিয়ারা মানি খুব ইয়া করি চলে এমনে হরাআগত চলে হরাগত চলে ঠিক আছে এন্নে ঝবওরক মানি স্যারখার ঘরো অইলে এল জব চলে আছে হোলানি অইলি মিশে একেটা স্যার খারয়া
/kaggle/input/regspeech12/test/test_comilla_0005.wav,তো ওইদিন আমিওগিয়েছিলাম যে রুহিক স্কুলে দিয়ে আমি আর দেরি কোরাইনের সাথে সাথেই চলে আসছি ও রুহি তখন স্কুলে যাওয়ার পরেও বেয়াগ রাখার পরে ও রাবারত দেখা যায় যে যেষোল্লই ডিসেম্বরের ইয়া থাকা দের
/kaggle/input/regspeech12/test/test_narsingdi_0028.wav,চাই বাংলাদেশ টিম থাক ভারো টিম হোক ভালো খেলুক যিহেতু এহন সব দলের সাতেই ভালো খেলতেছে একটা ট্রফি জিতা উচিৎ অন তো সাকিব আল হাসান এর জন্য অইলো  ট্রফি জিতা উচিত আরে আল্লাহ বড়সা
/kaggle/input/regspeech12/test/test_sylhet_0667.wav,মা তো ব্যবসা তা বরতি আছিলাম নিও ওলা আইসিবাছি কুনু মন্তন আরবার ফিরিয়া এই মতো আছিস ইগুর মা গলো নাই ইগুর মাত কলো
/kaggle/input/regspeech12/test/test_kishoreganj_0140.wav,ডাইরিয়ার মতো ডাইরিয়ার মতো পানির বাড়িতে রুগ এবং বিভিন্ন চরমর  আক্কানছ এনো কিতা এনাতে কিচ্চু না এইডাযনতো ইদারিয়ার মতো  পানি বাড়িত রুগ এবং বিভিন্ন চর আক্ান্তেপানির মানে কি  রুগ অ
/kaggle/input/regspeech12/test/test_narsingdi_0042.wav,উনতাদ বাড়িত আইপিএস আছে তুই্কানাতো বুঝা যায় না মোবাইলত আয গান গেলা দেওয়া যায় কারন থায়ই না হিয়ার বর অইলো সিহুম কলক নছামরি জিগাইতাছে মাই বাবা কারেন্ তহনে ডিস্টাপ অয়ে ওয় না খারাপ থাকে
/kaggle/input/regspeech12/test/test_sylhet_0429.wav,ফ্যাট খাঁটা এরফরে নিজ খাটা মানে অনেক কিছু বড়ো দরনের অপারো শুনিছে আমার দ ফিন যায় হওয়ার ফরে তোনা সাদসেসফুল ওইছেনো এখটু রইয় গেছে সমসয
/kaggle/input/regspeech12/test/test_habiganj_0018.wav,গএরা এরারে বিয়া বিয়া খরাইনা খরেনা একসাতে তিনজনরে খরাইছে রা ো খরাইলো নাই রান খানা ব্য়া দালাইতো সম্পর্ক বডা বালোহিয়ারা তো দিতো আছিন না খুব ছেষ্টা খরছে ইরা আাে খরবিয়া দিতো
/kaggle/input/regspeech12/test/test_narsingdi_0086.wav,আঙ্গা মার টাছাআর চাপটারছিে ড্রিম ফরি দে ড্রিম ওরিটে যাইততা দিবে এক্লাফিং লাইক আমি এইতে ফরি তুই কই ফড়াছ অর নার্সরে বরি সেকেন্ডডে না ফ ি ফরাছ  দুইল্লা যাগা মি য অনার্সে কড়িয়া হেয়াগো সাব বাত দেখলাম মনে  আমি অহনো ক্লাস নাইন টেনে ফুরি
/kaggle/input/regspeech12/test/test_sylhet_0099.wav,একবটা মইল্লে তিনকাম খরান খতো জনে আমরা টিন বিটুই খরি এক বেটি ফরায় সাড়ে ফাঁছ আজার আরেক বেটি ফা আরটি না তিন বইন নানা আমি এখলাম মায় গরে আচ্ছা আর আমা বাই দিটা
/kaggle/input/regspeech12/test/test_habiganj_0022.wav,ও ম্যাডামএখটটা মাইঝে বুঝাতেলাইতাইনি এখটটা ভ্িরিওডো দেলাইতাইনি
/kaggle/input/regspeech12/test/test_narsingdi_0121.wav,বিপেরে যাও মলো েখেবর খাওন  এই মোবাইলেই তরে খাইছে ওই মোবাইলেই তরে খাইছে অবে খাই ফন্য আবার মোবাইল চালানি ফাইড দিমু
/kaggle/input/regspeech12/test/test_sylhet_0051.wav,তে কুনু প্রবলেম অয় না মানে এখনই পড়াশুনা প্রবলেম অয়নি ও তুলেন লাগে মানে মনো ওয়নি যে মানে প্রাইভেট ডিফেন্সো লাগে নি নিজেরা নিজেরা খরো ইস্কুলো আমরারা ছেদ দ েতে তা আগে েইটো থাখতে আসলে অখন নাই আমা খল লা দরছি না এখন অলো আবাদতোরে আমি খরেন হাই ইস্কুল তাকা নিষেদ দিছিইন প্রাইভেট ফড়তামি
/kaggle/input/regspeech12/test/test_narsingdi_0094.wav,মানেডি বাবার না ইতা তে সব আছা খালি এলাকা এক্টারিং সার্ভি দেওর ফালাম ইয়া মানে ডে ক শুরু খইরা দেয়া শুরু খইরা দে একসাই বাবার তো প্ল্যান আছিলো খালি প্লোর মতো বর কাম করতাছো  কী কার তু তুর না ওই যে ওইযে যেডা চিয়ারাপ করতাছছি না ওক্ক
/kaggle/input/regspeech12/test/test_sylhet_0461.wav,বুচ্ছোনি ও ছিন্তা মনে ফরো আমার এখটা বাইরে ন আমার কিন্তু পড়াটা নষ্ট গছে আর বাকিই বাদ বাকি তাইরা আমময়ো লেখার ফড়া কচু ফোলিং রোজ ফড়িয়া মনে খরো মাস্টা পাশ খরছিবালাও ছতা ফাড়ি কিন্তু কুনু ছাখরি বাখনি নাই এমন জামাই গেছে বিয়ো য় তারা ফছন্দ ছাখাই
/kaggle/input/regspeech12/test/test_sylhet_0567.wav,ও স্তা খারাপ তো ক্লাস নাইন টিনো ম্যাথের ফ্রতি যে বালা লাগা টাফিলা এবা ইন্টার উটা খরতে গেলো ওইছেগি খানো ম্যাথ পড়তাসিস্ট  বইরালা আমরার খাছাইরটা থিয়রি ছাইরটা ি ম্যয়াতোর মাঝে সব কিন্তু আবার লাদা থিয়রিউম
/kaggle/input/regspeech12/test/test_rangpur_0017.wav,না সেইটায় বয়স কত চইলবার লাগছে চল্লিশ পার চল্লিশ পার হয়া গেইসে এর মধ্যে ষাইট বৎসর র বেশি হইছে ষাইট বসরের বেশি হইয়া গেইসে ফে  তো ভাতা পাবু দাইলে তুই কই ভাতা দেয় বাবু হাতা পাবু হুম দেয় ভাতা
/kaggle/input/regspeech12/test/test_sylhet_0672.wav,মিলে াে ওতো স্বামীর ফেনশন ওতোদিন তো আছি না স্বামী ফাইছো শ্ামি বাদি সাম ওয়াইফে ফাইবো আরও আইফ বা দিছো আর নায় হা কুনু ফাস কোরতাইনবো না আো আফনি কতা কইবাি ও আমার ছুটো ছেলের ব তা সিলেটি নি আফনার বাসা বাড়িলেওই সিলেট
/kaggle/input/regspeech12/test/test_narail_0033.wav,শিবযতুর জমিতো ওশন্তিকলে ত শানতি কে ধারে না না সকল লে পুতা ওই তো ওই জাগা টুক পাবানি ও জাগা টুক মিস হবে নানে সকলি পুতা ওই যাবে আর দৌড়োদৌড়ি করলে এরে পাওয়া যাবেনে কিন্তু আমি তোআর দরোদৌরি করতিছি না গুর্দিসে অচ্ছে লোকরেদে ছেলেমিশরি বুচছো
/kaggle/input/regspeech12/test/test_tangail_0102.wav,মানে বলা হয় যে যদি তুমি তুমার ভালোবাসা পেয়ে যাও তাহলে এ টামেনে নিয়ো কুদা তুমার তোমারে মোহাব্বদ খরছে আর যদি না মিলে তাইলে এডা জাইনো যে কুদা তুমার সাথে জান হয়ে গেছে হুরাঅশ
/kaggle/input/regspeech12/test/test_sylhet_0719.wav,আর ইয়ো নাইজা মানে ট জামাই মরিয়াললে জামাই ইয় অইলো আসর পাওর পাওয়ার মুরা দি খোফাল তোন খুঁছিয়া নিবো হসিন্দু দেওয়ার বিচ আয়ার  মোরা দিমু ছালাগে এর আগেপার তোমার তানা তোআর নিয়ম ইগু তম মনো খরো কফল খইয়া আমরার সোস
/kaggle/input/regspeech12/test/test_narail_0074.wav,কেষ্ট ঠাহরে ওই মায়ার এট্টু দাম জাগা তো ছলে থাকতে একটা রোম তেনি মায়া থাকপো তারপরেও মনে য় ওইভাবে হভাবে কোন ভাবে নি নিয় ল থাহে আ নিজস্ব জাগানা আমি ও রুন ইছি দুলাল সরকার কথা অন কাজ খততু না দুলাল অয় বুলা
/kaggle/input/regspeech12/test/test_narail_0099.wav,আর যে ডিচ ছিলো বসে আমার দাদা সেতেরা ংসে আমার হিসাব কুড়াই দেছে হ আমি এইট্টু খারি দিতি হারলাম না তুমারে াদি তো খাওয়াইছিস ডিটাজি আলুসের দো
/kaggle/input/regspeech12/test/test_sylhet_0660.wav,কয়ান তো রান্নাইয়া করছে না পোলান তো রামনা কন সয়াইয় করি দেয়  তলগ মুটামুটিোআনা এইগান নেনি া না চেষটা নাই ও বিশির জল দি পারো যান এা কিনা রা সুন্দর আ না  া হইলি এাবলা
/kaggle/input/regspeech12/test/test_kishoreganj_0086.wav,হেইদের কেউজু হেমন খেল্লা গা হেইডি হেমন কেল্লাগঞা হোছিা কেউযকর বৃষ্টি এই যে কাচাডালছে না হ্যা কাছাডা ঘুরের মতো মিষ্টি হেইদিনে কেবর বড় ম ফায়াশো খেল্লাগঞা এইদি এমুন কেলাগা হ্যাঁ কি কইরাম এইডে আলি হেইডিমা তত বড় বাজা আলি নায়
/kaggle/input/regspeech12/test/test_sylhet_0668.wav,ফইর মা কল াখন াই আফনেরা যে ওয সময় ইন্ডিয়াত আছলে এইসময় আপনের বয়স খতো আছি এতু এতো বয়স ওইবো তালিম তাইখিস কিতোন ি বয়স ঠিস খয়টি ছেব
/kaggle/input/regspeech12/test/test_habiganj_0075.wav,ব্যাটরি  বা ফরছ মাঝে একটা রিন্টেনশনতা ফো ভায়ন লংছলামনতেটি রুটি টুকতাম বালাযে দইলেত্তো বালা অইগো সেে
/kaggle/input/regspeech12/test/test_tangail_0001.wav,বেন্ড আর কি পারফম খরতাছে কিন্তু মানে কেউ তেমন ই নাই উৎসজিত না মানে গানডা তেমন কারোকাছে ভালা্লাগতাছে না ইরকম কিন্তু আবার ফেডি মারকিরি খুব গান পছন্দ গরতো পরে যেহেতু ক্যাডিয়ার একটা চুজ খরতে অবো
/kaggle/input/regspeech12/test/test_kishoreganj_0107.wav,বাটবিচুরযের অল ব্যবহার করেনি মানে আমরা কু ককের খাদ্য নিজেইটা এরকুম বাওুকা মাকর উদ ভীরের লিরজে খে বেচ্চে থাকে আবার বয ওোকা মাকরের খাদ্দ হিসাবে ব্রহণ করে এভাবে সব বাংখ য় খানে দুটা স্বর্ণ চছ এবং ইগোল সাব
/kaggle/input/regspeech12/test/test_sandwip_0027.wav,তই মাঝে মইদ্যে এতে খুব মানি দুঃখ করি কইতে হরি হোলানি কুন্দে হরালেখা করে না মানি আঁই তো কোনোদিন এক্কান বেজ উচ্ছা চলা যুগগুন আঁর হোলাইতগা হরে না আইগা আসে বাফা শুধু হোলাইন হড়ালেখা কইর্লে যে মানুষ অই যে এহনটা কিন্তু ন আনে ইয়ান মনে রাইখ্কান আন্নের হোলাইনে লেম দেইখবেন
/kaggle/input/regspeech12/test/test_sylhet_0670.wav,আর তা দি গে ছাখরি খরছো আশো টাকা বেতনে কলেজো এ কাকি আর আইয়ারতো পেনশন ইন তিন হজার দুইশো এক কো পেনশন ভাতা আমি বলতো খাইরাম ছাকরি জীবন থাকি ফেংশন ভাতা বুঝ
/kaggle/input/regspeech12/test/test_chittagong_0047.wav,হুমগুরাদিন ঘরার হামরা কিনকানা আরতে গনম ফড়ার গন বলে বেরাই থ ছে এবাট গিয়া হামশি কিন র বাডা তা খাম গলল হাঙ্গইল্লেই তোর বেরা তইন যান হাম দিওন দে ইনিংগো তই বেইরা থামলে অই যাম না এগুলে আরা তাকনা ইনি নে খতা না এগিন ফাম্মারডে বুজ্জস না হাম গরির লাউলদি
/kaggle/input/regspeech12/test/test_sylhet_0331.wav,অখন আমার নিজেরে তাখা ছাা মানে আমার মনো অয় যে আমি বার্ডেল খার উপ্রে ওখান ফিলায় তম খানে আমি কিছু খরিয়া খরতাম তাইন খইলা ঠিক আছে তোমার ছিন্তা ভাবনা ভালো আমি স্বাগত জানাই কিন্তু ছুটোকাজ খরতি গিয়া আমার
/kaggle/input/regspeech12/test/test_narail_0104.wav,আমি যে ডাক্তার দেখাইছি ওষুধ খাওয়ার পরে অনেকটাটিউমারটা ভেঙগে ছোট হয়ে গেছে বুচ্ছিস না অনেক সময় অছে যে থযালাস মিয়া অয় মানে মাংস বিন্ডো আরেট্টা জ্যাা না দি ওম  আমার এক বেড়ার জায়গায় আমার ছয়বার রেয়া
/kaggle/input/regspeech12/test/test_sylhet_0103.wav,দিন যাইত উত্তার ছাড়া খই তারা মায় গো নিয়া ফড়ছো আ য বাসার মালিক বাসার মালিককা পাদাম মা আচ্ছে গোছায় দিলাইফো মানে মাটতো হম মাইদ্যে ফড়তো কিছু নিশায় জয়া সালে কিছু
/kaggle/input/regspeech12/test/test_sylhet_0013.wav,মনত্চ্ছ ঞজিলি দেওয়া গিয়া দেওয়ার ফরে তারফরে আমরা প্রসারটারি প্রসাদ টাইমের ভিতরে খরতে হবো  পঞ্চমিতিিটা আমরা বারোটা পর্যন্ত আছে বারোটা পর্যন্ত বারোটার ভিতরে খরতে অইবো বুজজা যদি একটার কাইম থাখে পঞ্চমিতিতি তাইলে একটা শন যেসম যে টাইমটার যেদিন যেসময় যে টাইমে এই টাইমের ভিতরে বুজাটা করতে হয়
/kaggle/input/regspeech12/test/test_sylhet_0219.wav,অন্তত প্রাইমারি ইস্কুলো এখটা ফরীক্কা দিয়া চাকরিত ঢুকমু যাতে আমার ফরিচয়খালি হাউজ ওয়াইফয় নার লগে এখটা প্েশারো থাখে চাকরি জীবি ওক ইটা ছোটেলাই মুমেন্টের আখনেক
/kaggle/input/regspeech12/test/test_narail_0110.wav,বিদেশ যাবে কিডা উনি উনি কইছে বেডা কচ্ছে এ ব্যডার বাড়ি আসবো না আমি কইচ্ছে ঠিক আচ্ছে মনে থাকে জানো বাড়ি আসছে তরে ঘরে ই উট্টি দেবো না তা তুমি থাকছনে কনে এই বাংলাদেশে না  ইন্ডিয়া
/kaggle/input/regspeech12/test/test_kishoreganj_0196.wav,বিল্গুজ বজান করা হয় মসজিদগাল জানি এইডা মরসন হামার শুকরান নুইর্জ না শুক্রান দির জন্য হে আড্ডাবে এই বাহি পাবা হবেবকি শুক্কানের দিন হে আড্ডাবের বায়ি পাবাবা বা যে ম ক এইডে মসুদ
/kaggle/input/regspeech12/test/test_chittagong_0069.wav,ওমার ই তুই আঁরা সেনো খবিনি এই ইয়্যানের ব এখন তোই ঢাকাতু আইলে আঁরা ঘরে তাইন শোগার্তে অইলো গে আর গাই লইয়া আঁই আম্মারে খরুম আইছছ তো এহন খন্দ বরতি বি
/kaggle/input/regspeech12/test/test_chittagong_0010.wav,কোনো যেে ছাব্লিশ ছারির না ফলতা তুমি লি গিয়া দাখা না স্লিকারছে রখানে ্লা হ্যা ডিমওর ছে তো
/kaggle/input/regspeech12/test/test_barishal_0014.wav,এরপরে তো হি রডের কামেথার্ডেয় অনেক সময় আছিলো নিথা বাইরির ঘরি থায়ে দিলাম বাদ
/kaggle/input/regspeech12/test/test_sylhet_0048.wav,কিতা বেশি মজাওয় তাইও পারে তাইতে শিখাইছে না তো নানু তানে অখন তো আমি কলাজো গেলাগি বাসাত তো খলাব বাই বাইির লাইগা তো রান্দিয়া দেওয়া লাবি তাই রান্দিয়া  আমার বয়স কতা ওইবো তে নাই নো ফরে এরবা তা রান্ন ্না খারে বালা খারোসব রন ফর মাংস বাদদি মাংস বার দিয়া সবই আমরা
/kaggle/input/regspeech12/test/test_sylhet_0708.wav,হ া দু কারে দুইটে গেলে ফাইবা আরও বলো আছে এরিয়া এইদিকে সারাগরে সারা এয়া কি া গম আছে না র আমরা ফা খুনি তারের দো ু
/kaggle/input/regspeech12/test/test_noakhali_0007.wav,ক এক্ক দিন এতক্ষণ দেখি লেকি না বাইর লগে হমো তালোরা বাড়ি থাহেছা ত বাইির লগে এগিন বেরছি এর মির হলিছিনে গা দাি
/kaggle/input/regspeech12/test/test_sandwip_0003.wav,ি সবিছু ঘরের সংসার অছে উঠছি বেশি থেকে রেশি খরচ করে আলে কী নিবেন রামাগেলে সংকা আছরঅংক একমাা ফরে আর ঘর বুগু আচছে যা পায়ে লাইয়া
/kaggle/input/regspeech12/test/test_sylhet_0347.wav,পোস্টিং ওই গেছে তুমার বিবাড়িয়া তো বি বাড়িয়ার তোমার ফাওর চাকরি ছিলেট আর আমার চাকরি দি বাড়িয়া আমার বাচ্চার বয়স তখন দুই বছর খাছাকাছি গেছে এখন ইছোটো বাচ্চা লইয়া কেমনেমানে আমি
/kaggle/input/regspeech12/test/test_sylhet_0035.wav,দরসমিতির সেইম আবার কচিংে দসমিদিন একটা গুজা ওয় বুচাও ও মদশ টাইমের বিতরে পৌচাইবো ইদিন সবাই অঞ্চলি দেয় নাই সবাই আনন্দ খরি যে পারে তে হচ্চলি দেয় না তারপরে শেষ ওইলো দরসমি বুঝা পরে
/kaggle/input/regspeech12/test/test_barishal_0022.wav,এট্টা করডে কতুক ক র্ছে থাহে কয় বযলা খাওয়াইলে কতটুক যা ওগুলা মানু শাবলেএগলা কই কাগে কইছেন বর া মা  ও করলা ভালো কটা আল কন্না ক া   মনে শাম তেন্না থাকলে তো ই কছা সনডা তোনা বা অবসতরে আর এড নি খাবে তো আন যলে মামে সকাল বেলা ওযে খাওয়াইয়া ম সমা ও থাহে ঘুমাইন্না
/kaggle/input/regspeech12/test/test_narail_0159.wav,ওই মেশিনি নষ্ট ওইয়ে যাবে উনার এত রোগ প্রথম অচ্ছে ডায়বেটিকস বুঝছো পরে অচ্ছে উনার চোখেতে নালি ওইছে
/kaggle/input/regspeech12/test/test_tangail_0029.wav,তার মানে আমরা জীবন ছলবেন কিন্তু ঘটনাগুলা এমনভাবে হয় জনাথান সবসময় ঠিকই করে কিন্তু মানে তুর অন্যান্য পারিবার্ষিক যে ঘটনা আছে এডা মানে সারায় বুঝতে পারে না এই জিনিসটা মানে
/kaggle/input/regspeech12/test/test_narsingdi_0067.wav,কেডা রামনি   বর জানি না নিতুর ভাইন হাময় আমার লগে এরেকডা ওতো বিয়া করিলাইছে ছেন পোলা মা এ পোলা কিড্নাম করছো হয় না সই না আপনের  ু দিগোতা ি মাইয়া পোলে ঘুনডা বাড়া কলাইছে আমরা তো ফিডডা
/kaggle/input/regspeech12/test/test_sylhet_0493.wav,ফরছিনমখন লাগছে আমার নানি ওউ জাগাত না  আমার হাজবেট তাইন শুক্রবার রাইতকিদি নামাজ মাজ ফড়াত কিছোইন মানে হসপিটাল সবকিছু আছে তাক্যো হসপিটাল নাম হনছো আর কুনবায়ে মগবাজার তাককু হুম হসপিটালে ইগু বড়ো হসপিটাল দিম ঢাখার মাঝে ঢাখা মেডিকেলোর মেডিকেলআন্ডা আগু মানি ওর ওইছি গিয়া বে মানে ো আকি প্রাইআর ঢাখা মেডিকেল ছমা সববায় এইগু ওইছে কিতা ইগু আয় জায়ে না ফাইন কিতা খরছিই না নি আমি
/kaggle/input/regspeech12/test/test_sandwip_0020.wav,ছুটুগা যেগুলা রাস্তা রাস্তা আম হুন টাস তানা ওতোআই আসিদি কি বাড়ি ইয়া কইলো আইসিদে কেউ দেখাইয়া এতোর বাইর খালি বিয়া াাসক ছাস্তো হ্যা কিও কাফু খাইছেননি কাছকা কিআইচ্ছা যাহানে সংস্যা কিবারা দেওয়া যাবে ছুডে না করো আর জর তোরে ইয়ান দিয়া ইলে  ছোরু জিনি উটা
/kaggle/input/regspeech12/test/test_sylhet_0634.wav,বালা খইরায় বড় মনে যাইরাম মহিলা ফালাইতাইন ফালাইানো  আপনের বড় বইন্না দা দো বড় বন হ আচ্ছা তে আপনে আইন আমরাহু ভাই নে না তি যে মেয়ে যে তাই তাই ল লাা
/kaggle/input/regspeech12/test/test_narail_0157.wav,ওই ব্যাংকেরটা আমারে কচ্ছে কি তো আমারে কি পাগলে কামড়াইছে আমি গাছ টাকা ভাই্ে ডাক্তার দ্যাহা যানি তাই কচছেআমি ছুই মাং পাগল সেগল আছে পৃথিবীতি কত তো তুমার নারে কি বুঝা যায় না
/kaggle/input/regspeech12/test/test_narail_0156.wav,হয় কচ্ছেডাক্তার ঙা এন্ডিায় ডাক্তার দিয়াতে যাবেনা তুমার দিয় দি বাংলাদেশেতে পেলায় ফায়ধরে পারতিছি না ব্যাংকে টাকা রইছে ওই টাকা ভাইঙ্গা ডাক্তার দেখাবেন আসে
/kaggle/input/regspeech12/test/test_chittagong_0097.wav,আয়এনরে নাম দিযন ভাই মাথামটি কিন্তু ইবার আখি ইয়া অহন ন আঁই দিছি রাগাতে আঁরা বেজি রাষ্টরমন্ত্রী ইয়া গরজুম আরগ বরজুম এরার মধ্যে আইলে আনা দুনুযা এক অনক খইরজুম চেন
/kaggle/input/regspeech12/test/test_sandwip_0056.wav,এগবেরাইছার বেশি ঘরে মনআঁরে মহিলারা যখন সবকিছু লে দান্দা ফরন লাগে এসব মহিলারগো আসলে বউতধান্দা কার ও মানে এই তোর মাথাত হইরবো
/kaggle/input/regspeech12/test/test_narsingdi_0106.wav,আবা মজা আছে তুই কিছু ট্রাই করলা আবার বাবায় খুব খুশি অয় তগাতা নাগলা লাইফ আর এইযে ওয়েট কোকবের র নার্সারি রিদাংস আর ইয়া কই আমি কিছু ট্রাই করলা দাদু খুশি অইতা নেক  আমার ফতম রান্দারিতেরছন মনো আছে আমি যে ডিম বাজআমি গেছিলাম
/kaggle/input/regspeech12/test/test_kishoreganj_0204.wav,তিরিশটা মিনির দদা চলতাছবেহ্যা আবদ দ ইছি আা বদদয় যে অহন কিতা  আইে বদ্দ কলি ফিলিছির হ্যা ম এইকটা কিতা আমার তোছে গর এখন ঘুরুদ দ হেইযে ইয়া ঘডেতু ইয়া মি যে জানি যাস কনি ক ঘরেগুনিবি ফ করবি কই
/kaggle/input/regspeech12/test/test_narsingdi_0123.wav,এ মশ বই মানে টেমন সলের ঠিক আছে অহনের এ জাপান ম সবে হায়েস্ট বাজেটের ইয়া এন মাশিং সিরিজ না দেখলে মিজ আমি আনিা রিকুস পাইফেমিলি স্পাইফযামলি শেষ কি সরি
/kaggle/input/regspeech12/test/test_narail_0030.wav,ন িডা কুতিদে ঘুছারা না কি কচ্ছে নিতে এইসব আমি তো কাগজে কতি পারি ওইয় কাগজ দেখলাম ও ওইযের কাটাল কাজছেল এইযে খাল কুলি যাইতিহ ত এগে জমি  হয় তারপরেও আসাদ মেয়া যে ক্যাম্পাইনেছস হিরা তো আমরা যাইবি
/kaggle/input/regspeech12/test/test_sylhet_0578.wav,ফ্লিদা আর কিলাস দেক টিকনিকে ফ্রা আয়েকসকনিয় একবছর ফরজিতি  বছর ওইন তো ইতো মন মাতোনো ওয়া্ট সাপপোর্ট চালাইতে ন আ নজখানে এন্ডোরেডি আকছিল না বাটন িডিা তো ফরে অভ্যাস দিয়া খরবছরে না দুইদিন ফরে
/kaggle/input/regspeech12/test/test_barishal_0034.wav,নাো বা বিশার দিয়া    আলা আছে খা চাও দুইয়া এট্টু বাটিতে লইয়া এটটুই করবেন কয় আলা সা কছেনা ইডাও লাগে না বেন্দো  ওইয় কিচা ওইয়া খাইতে কইবেনে তা    সে পালি ফুছাগাগে না এক্টা সিকি নি কা  ামাত
/kaggle/input/regspeech12/test/test_sandwip_0108.wav,শাস্তি বানা লাইবে তাই মেি হড়ালেখা তো ওনোই মাস খারা নো কী অলেবা হচ্ছা হেতা কউত্তারিফ ফাই মিয়েরে কোনো সম্পর্ক নাই এই ব্যাফারে আঁই কইল হইলিনএল্লাই আঁই খইলো গিলে হেইতা মানি চাহিডা বউত বেশি হড়ালেখাখা বার এইতার চাহিদা বউত বড়
/kaggle/input/regspeech12/test/test_noakhali_0020.wav,ামাছ ভাই তরে গেকি গোছান লিা খর আছের তনি খেলে দেখছি বুজার
/kaggle/input/regspeech12/test/test_sylhet_0036.wav,ওইদিন আমরার মন্দিরের খাশ শেষ আনন্দ উৎসব রে সন্ধ্যার ফরে ঘরো আইসা ইদিন আমরা সবাই ওইলে যতদিন আমরা নিরামিশ খাইছি ইদি বালো মা মাংসো সবাই খায়ে খায় পিচা টেটা বানায় বানায়াআর তারফরে ওইলোগ আমরার বিস্বর্জন বিস্বর্জনে
/kaggle/input/regspeech12/test/test_rangpur_0059.wav,একটা চিন্নে দেখা গোলো আকাশোত  এইটা হইলো ডিবোগের একটা লক্ষ্ষণ এডা হজত মহামদ আলা কাল নিজের সতা শোক্রবার শোক্রবার তো করমে বাজোত জীবোনো রমজান শুক্ক্রবার বে ো  করছে তো কচছে শকরো তারিখ এয় পনোরো তারিক পরবের নাই শোক্করবার
/kaggle/input/regspeech12/test/test_habiganj_0016.wav,আরে ছেলেডানিতে বিয়া খরি সেরে বালা আামত্তি খরছে দেখছো নিয়ারা অখন খতো উফরে উঠছে এরে তো শ্বশুর ববন্দ টখাছ ফরে দুইলা ফাচ ছেলে দুই লাই যাতে বিয়া খরছে তিন টাই মনোয় বিয়া খরছে শগমত  এখনটারে মনে অয় বেডা ফড়াইছে আরকি
/kaggle/input/regspeech12/test/test_sylhet_0459.wav,ওমার খয় দিবো অখন মায় বাফেরে খুলে তো আরও লেগুম বাসোয় না খরছে যা ওইয়াইয় নে আমার  মাইজটা তাইল মারা যাইবকাও খিস অন নাফিন আজনি বুঝে না নি তাইরে ফাম দিছিন আইয়েকি আমার লগে তো খসকিল ুুনরি আওয়ার লগে আরকি এখন পারিয়ো খয় দাখাবি লাগে
/kaggle/input/regspeech12/test/test_kishoreganj_0037.wav,গা আইতে গুনা বি া  দি চব্বিশ চব্বিশ উননিশ সিনসত গিানে মনে  গারে থ্রি ডবুল জিরো হ্যা ঘুরা গাড়ি অইবো গাইত
/kaggle/input/regspeech12/test/test_barishal_0073.wav,দেখছি এডা নিজের চোখ বাস্তব পরমাণে দেখছি এই জিনিসগুলো কয়ডে সংসারে নিজে দেখছি সংসারে ঘয়ডে তালো ম্যারা এরার সামনের সামনে নাপপাল তি দিয়া টিচ দিয়া বহুত কিছু করতারে
/kaggle/input/regspeech12/test/test_sylhet_0276.wav,দেড় হাজার টেখার টিউশনি মানেতো ওইলো গিয়া দরো আমার মাসের খাওয়া খরছ সাড়ে হাগ খরছো ছলি যাইবো বলা অবস্থা তো ইতা টিউশলি এখটা খরার ফরে সাহস ওই গেছে খারণ বার্সিটির বাসে আওয়া যাওয়া খরি তোমার বাড়াত টেখাও লাগে না া মাস শেষে টেখা এখটা পাইলে
/kaggle/input/regspeech12/test/test_kishoreganj_0160.wav,আটুকটুগেলাল ডালি মেইন ডানা টুকতো কেরাছে ডালিম ডাইমে ঠিক ছুটবি দানা ছুট ছুট দানা টুক টুকমদানা ছুটযু দানা টুকতু কেডা ছুট দানা টুকটু কেলাম রারিমান ডানা টুকটু কেলা জানে ম
/kaggle/input/regspeech12/test/test_sylhet_0751.wav,মরাা হুম কিন্তো মন্দিরে মন্দিরে গেলে আমি ফসাদ ছাইলাম খবজ যেলা তুন তান কিনাই কগল ইগুলা আমরা মানে ইগুলা খরার কিতা মানে ঘরে নিজেরা পরিবার পরিবারো খরে আবার মিল্লা মিশসা ত্ত ইলে মেশাহুমরাল্লাখাযদিসভ বনারা নিজি তায়া বা
/kaggle/input/regspeech12/test/test_sylhet_0593.wav,রআব্বার লগে মাছখান প্রফা প্রফার সাথে মাত হইছে লাস্সট টাইম টাইম হাছবান ডাইতো এর আগে কবে গানি মাস লিছলো এরফরে আরে হাছবান যাওয়ার সময় আবার ফছ হাজবানে  আ কা আড়াই ওইছিলো কয়েকবাড়াতগেছে মাঝখানে প্রবা অসুস্থ আছলো
/kaggle/input/regspeech12/test/test_sandwip_0032.wav,দুই তিনরকমের মাছ লইয়া আইবো কিরি তোর মা উছে চাকরি করোইন্নি খনত কাগুরা গরে নাই হ্যা হেতক ফিরিজও না  উবাইত কারেন্ট উকেরো কারেন্ট ফিরিজ থাইকলে না একখান কতা ছে ক া আই স  র মাছ আর গইররা গরা ভাঙ্গা ইরিয়া কইরাছে হ্যা কর যাইছো না কোনো দরকার আছে মানষে আর হেতুউগা খ ইয়ান
/kaggle/input/regspeech12/test/test_kishoreganj_0159.wav,বুসলেগাছে লতা ম দান ফানি জমদা দেখছো দানি না সমে খাহে হ ফর দুমংসের মইতে  গেলা গিয়া কোয়াশা অইছে কুয়াশাতদে ফর আইচ্ছা ডালিমেড ডানা টুক টুককেল্লাডালিুা টুক টুকেলা ডালিমেড ডা
/kaggle/input/regspeech12/test/test_sylhet_0157.wav,সময় ও মাটাও কেমগলম গোল ছাইলো বাইগ তে একেয়া যুদ্ধের সময় পাইছোইননি ফাই ওতো বড় আছলায় োডা আসলামো কি্ছু মনে চিনিস সব কামতে আমরারে কইননে আমরা তো ইতা খালি বইও খরি কিচ্ছু তো জানিাা
/kaggle/input/regspeech12/test/test_narsingdi_0023.wav,এদেয় আসলে জাতীয় দলে প্লেয়ার আসবে যাবে যাবে আসবে এরকমই ে তুই আসকে তুই খারাপ খাতাছস তোর জাগা আরেকজনরে নিবেই যদিও আবার তোর জাগায় যায় নিছো ওই যদি খারাপ খারলে
/kaggle/input/regspeech12/test/test_chittagong_0014.wav,আচছা আন তাইলি দোয়া কইরগু আর আইচ্ছা টিক আইচ্ছা আছলা ন লইছে দয়া খেলা খেনো
/kaggle/input/regspeech12/test/test_tangail_0121.wav,তোই টাকাগুলো কতগুলা মানুষের কাছে পৌঁছাইতে ফারতাছে যতটুকু আমি হিসাব করে তোর যদি ক্যালকুলেশন নরমালি করি তালেও তো হইতাছে অনেক টাকা হয়া যায় কিন্তু দেখ দিতেছে কত লাখ টা হা করা একে উজন ব্যবসায়ীরে হারিসগারে দুই থেকে আড়া লাখ ট্োকা করে দিতাছে কিন্তু ইইলাকার লাকি পাতশা একেকজন ব্যবসায়ী এডাও তো কতা কিিন সবাই কত নতেছে তাদের লস অইছে এক কুটি দেড় কুটি
/kaggle/input/regspeech12/test/test_barishal_0028.wav,না হ বদ দাম কছ ভা হয় খালে আছে ইয়ে বরদাম ক  দিন খিরাপ বার তারে রে ও খায়া শুকিগে আফাদে খায় না কা ওইযে  এইটের আগের টিরির যে এট্টা জিনিসিরকয়ডানছিলাম একটানা দিদো হ
/kaggle/input/regspeech12/test/test_narail_0102.wav,এখন জাকাল হামদুলিল্লাহহ  কঠিন রোগ কিন্তু কঠিন রোগ বইয়ে নিয়ে বেড়াতছি এ আর কওয়ার মতোর না কী একটে যাতেদন থাকতে হবে ওষদ খায়ে যাইতি অবে ঠিক কী এইবে না
/kaggle/input/regspeech12/test/test_sylhet_0614.wav,ফোয়ারে লইয়া হ্যালো আইচ্ছস না তোই আইচ্ছস নি নাস্তা ফরিয়া জিয় খরো ্যরেগ্রাফ বার খরো আমি আইয়ার ছা খাছা ছুডোরা হুম
/kaggle/input/regspeech12/test/test_sandwip_0052.wav,বিলা গেরো আললার মা ছে আমার ফরে হাতো দেইখলাম যে কে হুয়াই গেছে কিন্তু গিরিপডা তো টিঅইছে একধরনে আঙ্গুলেরে ইয়া করতি হারে না মা তে কডা কায়েতোি কয়দিন টেন বিদা কষ্ট আ তো আরাইলা বেছো না
/kaggle/input/regspeech12/test/test_sandwip_0127.wav,আর পাইয়া রাইয়া একনু ছ্লো এমনে এই লাইন আংগোরে পেশার দিয়া ঠিক করব লাইগছে মগো মারা ছাফেরার করে রাখিলা বোঝো আমরা মাইনছি আং হোলা ভাইয়া আংগোরের মাইন্গো এই পেশার দিলে হড়ালেখা চাকি বিভিন্নকারি ফযালা নিতি
/kaggle/input/regspeech12/test/test_sylhet_0438.wav,মানে ইগুর টাহস খরিয়া আইয়া গিয়া তমদিি  বাট টাস খরিয়া কি কুরিয়া  অব্বা মোটোর মাঝে ফড়ছে এমন ছিক মারছেমিমানেও আমি খইছি সবতা মনো ছিরিয়া আইজ্জামাক মানে মাংস উসব কিমান তো সিড়িয়া আইয়া ফড়ি গেছে আর এমন শিক লাখাই টিক তাখন  ডোরোর ছোটা আ হোলাখা আমি উবাই তাম খরাম না র বাজজো
/kaggle/input/regspeech12/test/test_sylhet_0547.wav,আর ফরম ফিলাব তো শেষ হঠাৎ  একসামো রুটিন দিবোর আসলে কন দামায় রমজান তাত ওইতো নায় আমরার হেদিন এখজন মেেমে খইছোইন ক্লাসসো যে রমজানো ইপো
/kaggle/input/regspeech12/test/test_tangail_0066.wav,কর্পোরেট পার্টিে দুইকা পার্টি খরতে ফারবো না ওাদের তো আলাদা একটা ফাইডজার স্টার্প আছে ওই তো আরা যেমন স্টরার্প ওইরকমই ত ই পার্টির মদ্যেই মানে শিউলি একদম মানে রেলিংয়এর কাছাজে
/kaggle/input/regspeech12/test/test_barishal_0060.wav,অনেক পোলাফানের লগে চলছি এই পোলা নেশা হইতে শুরু কইররা এমন কোনো তাউরেসিন এইযেনমুইপোলা করি নেই আর এহন সব ছাইড়ড়ে ভালোই সংসারি করি মনে করেন আমি যহন ফোলাফানের লগে চখি দৈনিক পঞ্চাশ টাহার একশো টাহার গাজা লাগদো আমার তামাক ছাড়া আমার জীবন চলতো না
/kaggle/input/regspeech12/test/test_barishal_0091.wav,গত বাছোর  এত এ গাছ এই যে হেনে এই বাড়ি কাডলাম এই গাছ  বড় বড় গাছ যক বড় গাছ একটা মা হতাম গাছা মাইছে এত হুি হুম হে গাছো  শ
/kaggle/input/regspeech12/test/test_habiganj_0032.wav,সেইডা ে মাযে রাখছি অখন ইখানোই ইকটুইয়ও খরি আবার মালাটালঝকি কিন্তু ফুরা ফুরিভাবে খরা ওয় না বাড়িত তাকতে যেমন খরতাম এমু এমনবা কিন্তু খরতাম ফারিনি
/kaggle/input/regspeech12/test/test_barishal_0045.wav,হেইয়ার পরমলে ক হনে এইযাগা না আমার মাথা গেছে গরম হইয়া কুডার পুরো দেযে গাড়ের ায়া গাম এইয়ে সজ্জি অইলো না এইয়েতেই ইয়ে করছো তা করু কল্লে কিপল লাইবো হ্ও করু কই বেচ্চাই হেলাম বেচ্চাও হালামো আর এই মোর এই ঘাছ কয়ডা কাচাইর মুি গলেওই ঢাকা চইল্লে যামু এই বাড়ির সুনছাড়ি আর ঘাজ কাডি
/kaggle/input/regspeech12/test/test_sandwip_0037.wav,ছ হাছা খাইজ্জাযদি কটাডেলা অনে খাই খাও হায় না খালি লা ো ক া াতাত ইয়া কুললা হার বাস না বেশি হনে ে পল্লা ফাসটা নি ব্যাকে জানে নে একানা কামা ইখান তো হেন্নি চানতো তা আমি
/kaggle/input/regspeech12/test/test_narail_0017.wav,তালি সেই সরদি কাইসে আবার কইছে যে মাইনসেওতো বাড়ির কাছে বলে ম্যলা টাকা পাটাইছে দাদা দাদারে চিগিস্বা আত্তি তাই তো মনি কলো তানে মাইনসে তো তালি কছে যে তালি ভালো কতা গরু পদ্দ ছওলের কাছে পাটাইছে তালি আমি গরু পদে ছলের কচ্ছে শোনবো যে গরু পদে ছওল তালি টাকা তো খাইছি আবাগে দেহি নাই
/kaggle/input/regspeech12/test/test_sandwip_0125.wav,আছা আসিব না ছে আস্তা একবারে উজগো হোলা উগগা মাকি ধৌনুজনাইক্লাস আঁর বাড়ি যাকলে আসে হাইতের হোলেও হে কিলা আসে লাস্ট ওজ্জন্তা হইতর খলা মেটটিফাসে খইততে হাইর্লো না নাইনিজ্জন্তা খরি সেওলা ঠুস অই গেছে
/kaggle/input/regspeech12/test/test_comilla_0027.wav,ছিল আর ওর বাবাও তো একজন সরকারি কর্মকর্তাই উপজেলার অধীনেয় ইঞ্জিনিয়ার সহকারি ইঞ্জিনিয়ার তো  নারা ওরকমভাবে যে মানে একটা তদন্ত করতে হবে বা এখানে কাউকে দোষারুপ করার মতো উনি কুনু ইয়া করে নাই
/kaggle/input/regspeech12/test/test_narsingdi_0065.wav,ইটা আমি ওকে দুইয়া এরফরে অনে ইঞ্জিনিয়ারিং ফরতাছিন হুদা সফটওয়্যারতুই হারভ টইস দি সফটওয়্যার হুম এতালে এডাখাতালয়া ফরাকন লগে
/kaggle/input/regspeech12/test/test_tangail_0115.wav,কি অনেকেই কাাগাটি পরছে নাছ আইটা তো দেখাইছে পেপারেও দেখাইছে আর এখজন নেতা আছে না সবাইকে ই করে চট্টগ্রামের রাউজানের নেতা না ফারাারাসগারিফ
/kaggle/input/regspeech12/test/test_narsingdi_0031.wav,ওইটা দেহস নাই তুই এইরকমই স্বপ্ন সবারই দেখতে হবে ওইটাই স্বপ্ন সবাই দেখবু উল্লা না দেখলেকি চলে ন এই যে টি টোয়েন্টি ওয়াল কাপগুলো দেখলি না সাকিব ল হাসান বললো যে
/kaggle/input/regspeech12/test/test_sylhet_0398.wav,খয় আফনারা ছলানি বাায় বাসা এখন আবার বাড়া বাসা লইছোয় পাশছোদ্দআনার টেখা বাসা াি আলানা ফরশো টেখা তারবিরবারসু এখা ছানো এখন বুঝলো না কুতা টেখাজা
/kaggle/input/regspeech12/test/test_rangpur_0126.wav,তোরা ইটাদি করে দা কুন দিন ভাইয়া মুট টেকা দিয়ে দেছোং মোটে দিছে হ কছোওই দুইশো দিসে মাপ পাতাতো আরও তিনশো দেম আরকি টোটাল পাঁচশো টাকা আম্দল করি দেম
/kaggle/input/regspeech12/test/test_sylhet_0677.wav,ছো বাচ্চা একটা লইয়া আমি ওয়ো খরছে ডিকদিক কন্সি্ট খরছে ি মাস্টার্সো র আমার সুকমেয় ইছে ইয়ো খরতে ফারছি না ফড়ার গুচ্ছা বর্তি ওইছে মাস্টার্সো স্টার্টেএখন স্টার্ট মানে ফরে রাখছো কন্টিনিউ খলা
/kaggle/input/regspeech12/test/test_sylhet_0695.wav,তাইলে তো আফনারা ব্যাস্ত আছোইন আকছে তো ন্ডাওান্দা খইরা লাইন দাদু তে আমা উঠি আফনারা আফনরা বউত সময় দিলা আছ ওই সময় দুলা খষ্ট খরলা
/kaggle/input/regspeech12/test/test_sylhet_0442.wav,আমার ফর তো এমনে শ্বিশুর বাড়িত কে কযা শ্রীলন্কে শ্বশুর বাড়িত সব আছোয়ন তার ওশ কতা খইন্নে ওই ওয় ও তো বালুছর তোমার বারুসোর পয়েন্ট আছে না না  পয়েন্ট ফড়াইয়াওগিয়া যে আর হামবা বি আরমবাদ
/kaggle/input/regspeech12/test/test_sandwip_0111.wav,তরকোমনা জীবনেত তোই চল দাা আাকনা ফরে দেইলেমনা ছেকা মানুষ যে্নে হ্যা তি যেলা আকি মার কুই যেই সবাই গিরাইয়ারি বাড়ি জুদি খামনে দেহে কেউ কে দে ছনি ক তা
/kaggle/input/regspeech12/test/test_noakhali_0006.wav,ও দেখুন কিনা না নু
/kaggle/input/regspeech12/test/test_sylhet_0301.wav,আর বিয়া অইলে অখন একটা করা লাগবো খরতাম আর সবচেয়ে বড়ো যে জিনিসটা আমার মাতায় ত অখন এটা করছে যে আমি তখন ইউনিভার্সিটি ফাশ খরি লিমু ফাশ করিয়া যখন আমি বাড়িত ফিরিয়া যাই যেই ফারিত আমার আম্মায় টোয়ার্টিফোর আওয়ার্স টেনশনো তাখোইন আমার আব্বা নাই আম্মায় টেনশন খরিরা তাইন ঘুমাইতা ফারোইন না
/kaggle/input/regspeech12/test/test_sylhet_0243.wav,আমার স্বপ্নগুলা খুব ছুটো ছুটো থাখে যেরখম আমি এসএসসি ফড়ে আমার টার্গেকট বছ যে আমি মিনিমাম প্রাইমারি স্কুলে চাকরি খরিয়া আমার একটা প্েশা লাগাইমু তখন আমি আমার ইন্টারো দিছোই তখন আমার টার্গেট ওইছে যে
/kaggle/input/regspeech12/test/test_sylhet_0590.wav,মযটকেত যাতেইতা তো এরে ফরা ওইলো আর বা কিরা তো তরাইলেখতাফয়  বতেএরা নআর কিনান যায় এখন দিন প্রতিদিন তকিদিন তো যা গিিন
/kaggle/input/regspeech12/test/test_sylhet_0589.wav,যহুম আর র ফরে থাকি দেইখ্যা বয়াক্কা পড়া তো আগ্রয়টেস্টোর খয়দিন আগে থাকি বড়াইরা ন ফরায় আর বুজ্জো স্যারে বাদ দিলাই াগব ফরাই
/kaggle/input/regspeech12/test/test_sandwip_0002.wav,এতা খাইবো হ হয় তো মনোা নাও কইয়েচি া পাসে লাস দিয়ে বাড়িত পাইছে গ য়নাহর া আবাদ ডিচেক টইসছে
/kaggle/input/regspeech12/test/test_sylhet_0480.wav,তার আম্মা তার আগ তারা খয় নাখন তুমিআবার দুনিয়া মু তোমান্িতা ওইলা আইছে খালি তোমার উৎসদরখারওফায় গ্িগিয়েট বাচ্ছি  বাইয়ে ওলা নিয়াই বড়ো বড়ো টেফার পান্টিন বেগ নিয়া ডাখ্তারারে ইটা আবয়ইলে মাত তিয়া র্থ ওইবো এরগেমরত
/kaggle/input/regspeech12/test/test_barishal_0050.wav,ইহিনদে হেই রাত্রে এম্বুলেন্স বাড়া নায় মোর দা দিয়া আষ্ট হাজার টাহা কয় কেয়ালে যান নাগালে বাদ দেন া  ঠ্যাহাইন্না তা হেই ঝড় তুপানের মদ্যে বটা দিপদ আপদে কলে টাকে ঘড় তুফান টাঙ্গাইয়া এত কিছু কইররা হেইয়া মনে করন কোনো যদি এট্টা ঘোনা না থাহে মানুষের বিষায় দেয়া হয় কিও এইটা বোঝে না যে মোর ব্যাডা যে হারারদিন এই গাছের কামডা করে
/kaggle/input/regspeech12/test/test_kishoreganj_0039.wav,কি আলাপ কলায় ইডা জানোলা ছামরাত দুলে ইডা হ আচ্ছা আমার এক ছাত তফুয়াদ নাম কইটাই না ছামরাদি এইযকি জামেলা এা  নামডা
/kaggle/input/regspeech12/test/test_narail_0022.wav,আগা তুমার বড়ো মামি আসলো ওই বড়ো দিদি না আসতো তুমার ছোটো মামু  বাডিআর সাহস পাই নে যে আনে দিদ সত ওই যে পিরিট ওইছে সুদর মাস্টায়ারের পিরি শসে ওইছে মরিছে ছোট মানু সুদর নিছে ছোট মানি ও ছোট মানিষ ওতো খাতের ছেলো না ছেলাল বার্ডা সত্যা গা টোকন ইলা
/kaggle/input/regspeech12/test/test_narail_0003.wav,নেছে আমি সেশুি মিনে উুরহানে ভয়তে আছে আমি যে জমি যাতি ধরিছি ওগি কানে গেছে এবার আমারে ডাইয়ে কচ্ছি কি যে এরকম বাড়ি জমি তো আমরা খাচ্ছিলাম
/kaggle/input/regspeech12/test/test_kishoreganj_0164.wav,া মানি উুসপুকালাং মানুষের মরক দিনাই স সডামা ম দেই সাজিগ মটাওংাদেসা পরয্ত বাবা  মানে কত বা পানি সাদীন সাইতে কা বেতো পাবান দিছে নাে ডানা শুকটু কেলা
/kaggle/input/regspeech12/test/test_sylhet_0489.wav,আমার ওলা বাড়ি লই ইটা যে কুইনি আমারে হারাই ছুডি বাল খান্দা ম্যাডামে সাহসয়ে যারা নুকানটা কি সব সময় না খাছ ফুরা যন্লা সবসময় তুমি তাইনরে বালা রা
/kaggle/input/regspeech12/test/test_sylhet_0740.wav,উরে দরবা রি টানমারে নিবাগিমাইয়া বাফোড়া পিঠান মায় মার ও তাইনি নাগি সারা জীবন তাইান ওনো যায় নর  তুইনু মরি সে তায় নিয়া দেখতা ফারবা খাইতাম তে ারতা আমরা নির আমি শাই না নি এখনা মাছ দির আমি শাই মাছ ছাই না ি উতা না মানে ইটার বাদে আখি তাইনান ছ মানুষ ওই গেলে খার রার যেটাইটা ত টু তারাটা করিনিতো ওই যাইবো যেমন আম্মা লাকার বিয়ার ফরে আমার
/kaggle/input/regspeech12/test/test_kishoreganj_0021.wav,অবরাটা বরছা দেকে লদিয়া ব আচ্চা কুন নছিদ বা ছাইর মছিদ নাকি কয়ডা গুল মছিদ   বইয়া মসছিদ  বইয়া মছিদ বয়াবইয়া মসজিদে আরও এইজাগ লক্ক্া হাইস্কুল আছে না হাই ইস্কুল সাত্তি হা কছি না বা হাশে  আচ্চা শেষ সময় নাফছে সো হর কটা ইটো না
/kaggle/input/regspeech12/test/test_sylhet_0149.wav,বই আছোইন বাইর বউ এছোইন বাই ফোতাছোইন বাইরে আছোন আছোইনখ োশালার কর লেখা তাশষফয়লখাছ না গো মায়া লাগি তোর মাততেও ফাররাম না  ফড়ছোই কিা খষ্ট খরা লেখা নাগি
/kaggle/input/regspeech12/test/test_barishal_0042.wav,হেই কুডো কুন দিটু মনে করেন কাচিরতে টাইন্না আডি বেনচি মুই রাস্তার লোক বিয়ে জাগাইছি হেইয়ে নিয়ে খ্যাতে হ্যালাইছি হেই কুডাটি একলাকলা লাড়ছি হেই রব্দুরের মইদ্যে একটা মিনিট ছায়য় বইতারি নে হেইয়ে ঘুরে ঠুরে হুগাইছি বিয়ে ইল্লা কালা হেই আবার এক লাক লাখ কাচের
/kaggle/input/regspeech12/test/test_chittagong_0093.wav,নাই ফাল্লার অনলাইন আই ইছি টেনশনত আছি তি খোনোমিক্কের নাম ন আইতো হু ফাললাই কেউর ইখোনোমিক্কে নাম ন আইয়ি গুচ্ছ সি ই ডিই
/kaggle/input/regspeech12/test/test_sylhet_0001.wav,আর আর ব যেখুনোরে স আমরাও দেখি যে কিচ্ছুটা বানাইয় যে জোরে খাওয়ায় এখনও জা খইলা  বালা লাগে মানে খাটাও আরকি নাগরু তো গরুু বাদ দেই না যারা ফই্কা কইছু ক অখন আর মুগ রইলোনি গরুল ফালার
/kaggle/input/regspeech12/test/test_narail_0063.wav,করে ওহইর বিশ্বেসে পুকুরে রইতারে হর এইদারে দি রো দ্দে ি হ শাই হরিওতানে আত্দে ক মাইত দিয়ে দেছে না  ব কলয় ন পুরে টামল পাবা ম্যালা ঘাছ অইলে তিয়ে রিছে
/kaggle/input/regspeech12/test/test_sylhet_0075.wav,ব্লগ টু ফুজা খ লগটি ফুনিমু খালি বুজা খার্তিক ফূজা তোমার কিতা গনে শি শিব আরেখটা আছে শিবচতদছিব ফালগন মাসুব মশো লাশ্ট ভাই পোটা কুন সময়ো ভাই ফুটাগে গেছি ওখন তো ফড়ালেখা খরে রায় তাইলে দি আইচ্ছা ভাই ফোটা খছে কিতা খরোইন ভাই পোটার মদ্যে তারা বা বুজে বাইরে ফুটার
/kaggle/input/regspeech12/test/test_tangail_0022.wav,ছাড়া ওদেক দুইজনের দেখোয় একটা নিউ ইয়র্কি বেকগুন একটা মলে ওরা যায় ওরা দুইজন এই যায় মানে ই লাভস কিনতে খারণ বাইরে তখন মানে শীদ কানাডা ওইদিকে মানে ওই
/kaggle/input/regspeech12/test/test_narsingdi_0063.wav,যে ফরে তোরা ফনরো দিন লাগা শিখতি আমি আগে শি ন ঠিক অই কিন্তু লাস্টের তিন জনে ঠিকঅই শিক্কা যেজুলি এসইফ ফরীক্ষার আগে দিন ভব আমি দিতি নর্দেয় ফেরে রসবই তরে ফরে তো গেলে
/kaggle/input/regspeech12/test/test_kishoreganj_0095.wav,আইচ্ছা বিয়াইপি মসসিদ না বেডা চুহে নিবোগা উডেনামাদেনা তলে ক্যামেরার ভিত করাআরছে ক ফরেদা ন ছরে না সবাই একলগে ন চলে এর ফরে ন ছ তোনা কে না এরফরে তালামারি না এর ফরেদে কউ আইয়ে এরফরে নাওয়াজ ফর তাতো ন মছদি দ একডা টান দেওয়া
/kaggle/input/regspeech12/test/test_sylhet_0606.wav,তে আফনা আলহামুদুল্লাহ মনে য় সবতেকে ঠিকটা বুইছে অখন মনে খুব দেখতেই বালা লাগে মানে দেখছি লাগছে তে মানে আমি ঠিক ঠাকা ছসুস্ত মাইকিনা এেটেকটা বেশি দুরকা মযাডা মি তো আমরা যেসময় ফড়তাম লা আমি যেসময় ফাইবা ত কিলা আমি খাইছছু আমি তো  াা তো যেমন আসলা না ম্ডা আছলা আছনা
/kaggle/input/regspeech12/test/test_narail_0057.wav,বাদ দিয়ে ে তোগে দে জমি দেবো না এনে এনি যদি কোনো ভালো কাডি বাপ বড় সাতি থাহে ওই আরকি আমাগে তো কুনো কিছুর অভাব নাই আমরা দুই মাস পিতিরতে আমরা ম্যালা ভালো আছি খাইয়ে লাগ কেছে ওে কাা পছি নে বাবা চইলে গেছে চাকরির ভিত্রু কোহায় তারপরে যদি তোর ভাইগ্যে থাহে কাা পয়সা হলি র তোর যদি
/kaggle/input/regspeech12/test/test_sylhet_0338.wav,মানে আমার মানে ফরীক্কা দিতামন র সাহসের কুনু অভাব না িনা তােদুর দান তো সাহস আছিল বাদে ফরীক্কা যেকন স্থগিত ওইলো ওওয়ার ফরে
/kaggle/input/regspeech12/test/test_chittagong_0081.wav,কম্পিউটার শিখতাম দিয়ার অতো বাই এরা যাহে মানে এন অফুস্থ ওই যা গু জার মাথাও তুলিত ন ফারি  ওই যে হিট সলসমতা ওয় যায় গুজে ভাই হ যে গরম ফড়ে গরমে পুঠুর গরম বায় পুঠুল আইও র গরম ওজাল এখনোমিকে গুরতাম যাইন ন ফারি
/kaggle/input/regspeech12/test/test_sylhet_0164.wav,েমাটে নিয়ে গে ফতোকুন থাকতে না আফনের যতক্ষণো ইখন তারাও খাওয়ার এখ টাইম আছে উঠাইননা নিরোব ওইতো দ দিয়া পারা ইয়া দওমুার রাজ্দেছা ফাররা খাই ইডা আনেই বাইট্টা খবাজারন ওছল ঠফা করফছন মাইনছে ডুকান ফাআফনার ওকটু ইতিহাসি থাকতি ফাইলা
/kaggle/input/regspeech12/test/test_chittagong_0150.wav,আর কি গুমএইট্টা ছবিটা বিনিক্কিলি ফাডাইদেন না আনুরা একবার হইলাম দে আইডি ওকগা একসেড ন গরিবার্লাই ন হই ত খারন দে এক্কান সমস্যা র লাই কী অইয়ে ই আই দিবো দি অন মেসেজ ডিরেক্ট কনভাসেশন অগে এইগু ছবিটরিও বেগিন যেতে যিবো
/kaggle/input/regspeech12/test/test_kishoreganj_0106.wav,এ নই্টু ব জান সমখারি নি টিফ না তুনি এইট খওছেন সকল প্রণী ছখি প্রত্যক্ষ বা ্পরক্ষ বাবেত তুদবিদের উপর নির্ভয় শিশু কছে স্বাত্নি দিনি গা
/kaggle/input/regspeech12/test/test_sylhet_0114.wav,তে এমনে আমরার সাতে ইয়া লইয়া মাতুইন আফনার ছুটুবেলাগুলা লইয়া কিচ্ছু খইন কেম্নে বড় টরো ওইছোইন পড়াশুনা করছিলা এন্নি নাকিলা একবারে ইনার্সট ব খরছিলাম ছুটু তিকা বড়ওআ কিরখম অইলো  দুইটা কাহিনী ওখনি খইন
/kaggle/input/regspeech12/test/test_narsingdi_0128.wav,রেক খেরাও এ আলাই দিলে তো মাশলা তোর মুহের দাপত কইবা গেছেগা কি দিসস হ্যাঁ কি দিসস বইন আমি নযাচরেলিই সুন্বর না না ওই যে বাবায় কি একটা অষুদানে দিছি না আমিও কিনমু অই যে আমার ডক সান্স পট অইতাছে  এডা দে সান্স পর্যাতো না এডা সল র এ ব্রন অইছে ব্ল বয়নে একনে প্রংস্ক্িনাের লাইজঞা এডা
/kaggle/input/regspeech12/test/test_sylhet_0037.wav,বিশ্বসজনি টাইম তো অনেক মজা আওয়র সবাই রঙ কেলে আমাইল দে সবাই খুব আনন্দ খরার ফরে মাটাকুকে য়োত মিয়ে গাড়িতে করেলে ইটারে খয় সর্জনের প্রস্ততি নেয়ার যে যায় গাড়ি দ নেয় আনন্দনে সলা ট্রাকে উঠে মাদুর গাটে দিয়া আনন্দ খরিয়া
/kaggle/input/regspeech12/test/test_sylhet_0418.wav,মানে আমি অসুস্থ সারাজীবন তাখতাম আর বালা ওইতাম নাই এখন বুচ্ছো তারফরেও আমি আল্লার ওখলে সব মানুষের জেছে বা কাকি হুনছে মানুষ তো সব বালা না ইরে বাবা বুঝো না নি আ স তে কর বালা দেখতো ফারে আমি আমার আল্লা গছে সবসময় ফইছে আল্লা তুমি দেখতিও সুস্থতা অসুস্থতার মালিক তুমি
/kaggle/input/regspeech12/test/test_kishoreganj_0078.wav,পাগা পাগা ফাগ যা ফাগো যা দেয় তো কনুমুতি দিছে  টেয়া লাগবো পাা আমি তো কইছে  টিয়া লাগবো না  কইযে নডের উপর জা আঙ্গাইয়া দিছি না  নিজে জা আছেগা ডবা তো রাঙ্গাা সেববান আঙ্গা দাইজ্ঞা যারাঙ্গা
/kaggle/input/regspeech12/test/test_sylhet_0351.wav,ইও আরকি গার্ডিয়া তো তারারে ফাইয়ান খইলাম যে আমার বাড়িত ছিলেট আর আমি চাকরি খরিম ব্রাহ্মণ বাড়ি আমার বাচ্চা ছুটো ার তখন আমার বাচ্চা আছিল পুলো নূরুল ইসলাম নাহিদ আর কত খরকি োতাইন লগা লব খইছোইন যে না ই মেদআমরে ই ছুটো বাচ্চা লইয়া জামাই ছাকরি যেহেতু সিলেট টাইমযে সিলেট ট্রান্সফার খরার ব্যবস্থা লবা যেন
/kaggle/input/regspeech12/test/test_sylhet_0635.wav,যে নাতনি দেখলাম তাই মাতেনি না সমরন ফাইবো ক প্রেশারে প্রেশারে রাইদিন আইছে আর প্রেশার বড়ি
/kaggle/input/regspeech12/test/test_sandwip_0054.wav,না চুর কলছিনিমো গাত্দে স কুদ্দি
/kaggle/input/regspeech12/test/test_chittagong_0149.wav,বড় পুফির ভাষাত হ বড় ফুফির ভাসাত বউত াইক্কি অনে কিত্তা লাইগগুম অন জান রে বেয়াকগিন কাং আছে বেয়াককুম ভালা আছে আঁই লাস্তাতডিত্তে কিরা দে আই ও বউ আঁই বউ বইদ্দুল নাফছদির আ হতা খইর
/kaggle/input/regspeech12/test/test_narail_0126.wav,কমেন্টে গিয়ে তো কি কীবনেছ  ত পাশা রেখেছি হ্যা আমি দেখেছি আর না আমি দেখেছি এরে উনার সাথে এট্টি কথা করতি অবে উনারও এক সাকটা থাকে নি একাএকা কনচে থাকে ওই তো বড় থাহে না দাঁড়ে
/kaggle/input/regspeech12/test/test_tangail_0020.wav,তারপরে আমি যেই মুভিটার ষ্ট রইছে আরকমেন্টের সেডা অইছে সেগেন্ড ডিপিটি এই মুভিডা অনেকে দেখে নাই কিন্তু এডা তকটা সুন্দর মুভি ঘুমষ
/kaggle/input/regspeech12/test/test_habiganj_0096.wav,আমার তো ইচ্ছা কাগড়া ছুড়ি তয়াটি বান্দরবর যাইতাম ইতাত যাইমু যেসময় নিজে চাকরিপড়নু বেশি টেখাও  যইসময় যাইমু ইতাতো এখন দিতা নায় এখন তো ছুডু রইছি এখনর পতম ওইছে আমি জীবনের ফতো ইটা নাই কিআমবরু বেশি দুখ দিতা না সিলেটো ওইতা ওইলে দিবা নাইরে দিতা না যিবরলেগি
/kaggle/input/regspeech12/test/test_rangpur_0044.wav,া যেমন  জেবনেও খারাপ হবার কবান নায় জেবনে ও আনটি শোনো এমনও দিন এমন আয় খাই ছলাক এমনও দিন এমন নেশা হয় না থাকলে নাইয়ে দিবারে পাইনে ওটা কয়া লাভ নাই হ্
/kaggle/input/regspeech12/test/test_habiganj_0053.wav,রর একটু পবিত্র ওওয়া যায় মন প্রানও বালা তাখে
/kaggle/input/regspeech12/test/test_barishal_0100.wav,মোর আাতলাম ভা এই ঈদের দিন সাি  হ্েলযায়া পছন্দ এক খালি ঠিা পাচটিে কিন্তু পোলা মাইয়া ডিভি স্বামি ল ঈদের দিন পাঁচটা ব্যাল কেনছি এবারছর ঈদ গেছে কিনদুম  একবার দিন পরছি  নিদা শনিবার হ বিয়ালে বাজারে গেছি পাঁচটা ব্যালানছে পাঁচটা বেলির দুইডে দ্যাল হালায় দিছে
/kaggle/input/regspeech12/test/test_sylhet_0130.wav,ও আইচ্ছাএলাকাবাসাত হুম নদতাি দেখছিলাম লাগে একখম বেডাহুবননিল্লা লাম্পা  বেটা এচছা আর ইদ উদ আইলে কেউ খন কিতার ফরে কিরখম যায় দেতাত কিবা গজ্জা তাখরোদ
/kaggle/input/regspeech12/test/test_kishoreganj_0192.wav,হউদ্ভিরে পুষ্টি সূজনা যে কুনটি পরিজনর মাঝে উদবিরে পুষ্টি  কুনটি ফরিজন মাটিক কুনটি পানি দুষনের কারণ ননরদো মার বর্জ নর দো মার বর্জ নর দ মা বর্জ ওইযে পানিতে মিশে থাগাএয পানিতে বিশা থাকা বালি কাদা ইত্তালি সহনুর
/kaggle/input/regspeech12/test/test_rangpur_0023.wav,ওজা কসয়তে হনতো খাই নাই আমি চার চাইর রমজানের লোগে খেলো পরায় মাছে চলিল তাদিে মাস দিয়া রমজান মাসে খাওয়া যায় ভাত বেশি না কাইলকে এখনা ওই যে দাওয়াত গেসমু  আগার তে খায়া আছে কোস্ততি খাওয়া যায় না পাগলিটা া দেে তখন সিয়েরির সময় এক প্িলেটের পা বেশি দুই প্লেট আর খাওয়া দিয়ার বলে  দুইদিন খাছি খালি মাছ কেমন খাতদিন ি  হইছে মোটামুটি ভালো খাওয়া যয় রহমানের মাও গেসিল খাবার র ওই রহমানের মা
/kaggle/input/regspeech12/test/test_sylhet_0456.wav,মানে ওলা যেখান খইতা আমার উফ্রে ওখানতার মানতা আমার আব্বা য় েমার উপ্রে খইছেনা আজকা আমারে তোইও ওতো টেখা দেওয়া লাগবে নতু ে আমার আব্বা খরছি তার মানি ওলা মতিল বড়ো বইন হিসাবে তা আমি তো আর খেউলে ছাতাইবার কিচ্ছু নায়
/kaggle/input/regspeech12/test/test_tangail_0099.wav,এক পড়ে থাকে ফরনবির কাপুর এইডার লা অনেক কষ্ট পায় যে একসময় সবাই দেখা যায়তো আজকে মানে ওই সবচেয়ে বেশি কষ্টে আছে ছবিতা পুরানে দেখলে আসলে বুঝা যায় যে ওয়ান সাইডেড লাভের যে একটা ফিল
/kaggle/input/regspeech12/test/test_habiganj_0071.wav,ওরোও না আবার একবারে ছুটো আ না ে টা মেনডা হয়ডা কিতা কিতা  ছাদের আসি া চাদের আসি তারপর ইদিকে ওইলো গিয়া সিঞ্জিস্টযান্ থিকাআো সিঞ্জিস্টোন্নের একটু ইদারো মানে একবারে সিন্জিস্ট্েন্ থিকাআো সেইটে আরকি
/kaggle/input/regspeech12/test/test_sylhet_0011.wav,ফড়া লাগে না ইদেগিন প্রুজা ও ইদিন খেই ফরে না আমরা ছয় সাতে খাজে দিন আমরা টাইমটা ইগুলা বিসরজন য নইিন তাইনে সব বই খাা বালা তার কাছর্পন খা আর অইলো গিয়া খুজা সতে প্রশাসক খাওয়ায় খাওয়ার পরের দিন তো কুঁজার পদ্ধটী বন নাকি
/kaggle/input/regspeech12/test/test_sylhet_0175.wav,উদ্বোদ ইয়ালে মনে য় খরি সরকারিএইটা সম্ভব খওলায়রা এমনে গুরানিত জাইন টাইন নাই গুরানে ক ুনানো ওই এমনে ফরিবার মিল্লা বা বাপর বা মাশান্তি জিনজা কি গেছে বাইততাআমার বাফর বা াা
/kaggle/input/regspeech12/test/test_narail_0171.wav,জামাই তাড়ি আেছে নাস তো জামাই তো বিদেশ বিদেশ বলতি কোন জাগা  তো জামাই আসপে আর সামনে দশটি মাসে ওমান গেছে না ও
/kaggle/input/regspeech12/test/test_tangail_0084.wav,শিউলির পছন্দির ফুল গাছ ছিলো এই শিউলি আমি এই গাছটা আসলে তুমার কাছে রাইখা যাইতে ছাই পরে বরুন দাওয়ান এই গাছটা নিয়ে দেখা যায় যে একটা এই ভেনে বরুন ধাওয়ানিয় এই গাছটার নিয়া চইলে যাইতাছে
/kaggle/input/regspeech12/test/test_kishoreganj_0121.wav,আনমাত ক ্া ফরে আগে ফাসটে বইজা ফড়রা ফরেযন তাইগা গাড়ত্তে নমি টিক অইছেআইচ্চা পরিবেশ দুষণীয়া অন্যতমপ না কারন হইলো কি শিল্প ন বইাঅ্ কারন অইলো শিল্পায়
/kaggle/input/regspeech12/test/test_sylhet_0464.wav,ছ ছে বাতো বিজনেস খরাম বেশি পছন্দ খরি ইছলে মানুষের আরাতে আমার ইতো বেশি মানে ও বিষয় কি বেশি একটা ফছন্দ যেমন আমি ব করছিও  বজফারাম আগে ওউ ওরাজবড়ছি ন জাগায় জাগা থগে মানে আগে আমরা আমর আব্বা তাখতি মন আমরা পবরল কাখটাম
/kaggle/input/regspeech12/test/test_narail_0154.wav,তা আছে তো এনের সাথে কতাটা তো অয় তোআর কবে জাননে তোর ঘরম আসি বলপে চুলে দই তিন দিন আগ
/kaggle/input/regspeech12/test/test_kishoreganj_0139.wav,বাঙ্গি ছবুজ কারা এনা মাছছো বাঙ্গী বাঙ্গি সবজ রঙ ই বা বাঙ্গির সবুজ রঙ্গি ে মছছ বাঙ্গির কুনো কুনা আছে রাঙ্গির ঙ্র া এই এনদ াঙ্গির  াডা রিম্পুটা যা
/kaggle/input/regspeech12/test/test_sylhet_0316.wav,এগারো এগারো এগারো জানুয়ারির এক তারিখ থিকি তুমার স্যারের ভাসা লইছোইন লইয়া তো বাসাত উটলাম তো তোমার স্যারের বাসাত বাসা কন দিকা নিছোন ও এমসি কলেজের সামনে আরএ কলেজের সামনেজাস বিল্ডিং ওইয়োকারে কিতা কয়
/kaggle/input/regspeech12/test/test_chittagong_0098.wav,হুম ন ফারা আমার মাঠাত রাখি ছি না ফারিলে ডিক দিল অইলে খরি ফারলায় ইনদায় দিওয় খর তো কিছু বারার নাই হ আর তো কিছু খরিবার না যে পয়েন্ট ফায় আঁরা ত তুর তুন দাস গো আরকি বাজলইয়্
/kaggle/input/regspeech12/test/test_sylhet_0656.wav,বউত েলইবারি  য দেখছি  ালাাআর দাদুর কিলা সময় যায় ইতা কিতা খরোইন আফনা না খইন তাইলা সমবা আফনেরে নিয়া খইন কিলার আফনের দিন যায়
/kaggle/input/regspeech12/test/test_comilla_0010.wav,রহিগেলোর নাচ্চা নিয়া রিয়ারসালে রিয়ারসালের রমে যাওয়ার পরে টিচাররা বলতেছে আজকে ব্লুটোতে চার্জ নাই আজকে তোমাদের রিয়ারসাল হবে না চলে যাও তে রুহিতো অনেক খুশি অয় খুশি অইয়া আবার ইয়াতে ইস্কুলের মাঠে আবার যেইখানে ধুললাটা ওইখানে ফিরছে
/kaggle/input/regspeech12/test/test_sylhet_0319.wav,তো তাইন তখন তাইনোর দুই বাড় থাখতার লগে তো ওউ ওইলো গিয়া আমার বিয়া বিয়া নিয়া কুনু স্বপনো দেখি নাই বিয়া নিয়া ওইরকম বান আমার বিয়াটা আসলে এখটা ঐতিহাসিক বিয়া ঐতিহাসিক ল সাধারণ মাঝে অসাধারণ ওইছেকারতো আমার বিয়া
/kaggle/input/regspeech12/test/test_chittagong_0107.wav,কিন্তু হরতনি হরাদি না তুন এক ঘন্টা অইলদে রাতিয় বই তাহম ফূরগি হরিবেল্লা কার  ছিডি লিসছি গরম ফরিবু তা এক ঘন্টা বই তা গিলাম যে সময় ছদা ওনে মেয়েপোর ছবি দেহা  তের দ মোবাইল ছাসনো আছে দেগোয়া রাহি গেলাম
/kaggle/input/regspeech12/test/test_habiganj_0054.wav,রেরযে ফূজা দেওাসুবয় তুইন দুফ কেরে জ্বালা লইয়ালেওইল দুফকেরে জ্বালাও দুফ তো এইটা একটা সুবন্দ ইডার মইদ্যে একটা সুবাস থাখে না সুবাষে একটা নীর্মল একটা পরিবেশ সৃষ্টি অয় যাতে আমরার যে পার্থন্যডা করি পরিবেশটা যেতে  মানে কুনু কিচ্ছু বালা সুবাস ফাইলে দেক্কুইন মনডাও বাল ওইয়া যায় কুনফুলের একটা সুন্দর সুবাসে আপনার মনডা যেমন বালো অয় এমন একটা আগর বাতি বা কোনু দুফের একটা সুবাস ওত মনডা ভালোও পবিত্র
/kaggle/input/regspeech12/test/test_narail_0069.wav,ার ও ওই জাগা আছে য্যনি এট্টু ছুতভাবে হেনদু ওহনি আছে যার জমি সে বাড়া জানে না কিন্তু ও জানে যে কোন থাকে তোর জমি কোনটাকে আমি কইরিদি ফারি এরম মালনি উনি কিন্তু ভাড়ি বুঝাবো যে এডে সমগাউই যে চগেেমমলাতি খয়েদি াি
/kaggle/input/regspeech12/test/test_sandwip_0062.wav,বিয়ের মোলো খনর বিছ দিনা আইগা দেয়া গাইনছে উগগা হাসি কিনি দিয়া লা হাত বেসার লাই খরছে ছিতো উগগা আছো গাত দইন্না আছে তমসাউনা ইরখম
/kaggle/input/regspeech12/test/test_sylhet_0393.wav,আন্টিনা মাততে ফারে ছো আমরা কিটা সম্পর্কে খ গবেষণাটা আর সলো যে বাইুর সময় ওইতো ইয়া লিকা মানে আমরার একটা আমরা লাস্ট ইিয়ারের স্টুডেন্ট ও অনেক তো একটা প্যাফারে লেখা লাগে যে ইয়া লইয়া ইউ
/kaggle/input/regspeech12/test/test_sylhet_0245.wav,ইটা আমার যে অধীত বাই তাইন টিউশনি খরি রি ম্যানেজ ফরতা নআমরার তো কৃষিবেস্ট ফ্যামিলি আছলা আব্বায় ওরা দসম্পদ মানে জমাইয়া রাইখকা গেছোইন না যেটা থাকি আমরা ফড়া শুনার খরচ্যন্ত আমরা আসলে কুনুদিন কুনো প্রাইভেট টিচারের খাছে ফড়ছি না
/kaggle/input/regspeech12/test/test_sylhet_0649.wav,মর কিতা খ গেলাফরামশি তারা এখটা কিতা ওই গেলে আমরা দাদুরে ঠিখাইয়া আফনে তো মনে ওই ে যুদ্ধের সময় আছলা দাদু খইলা যুদ্ধ সময় ও বুদ্ধিসুদ্ধার বিদ্দ  গেলে ঠি হয় অঠাৎ কিতা মানে কিছু কাহিনী খইন দেখমনা সলথাকি ছুত কাহিনি গুলা গুলি গুলা গুলি ওইস দৌড়াদৌঁড়ি খরছি
/kaggle/input/regspeech12/test/test_sylhet_0366.wav,তারারে লইয়া আমার ছিন্তা ভাবনা আমরার মতো আসলে আমরার বাচ্চার এতো স্রাগল খরতো নায় বা ইআমরা যে পরিবেশো জন্মগ্রহণ খরছি তারা তো ইরখম দেখছে অনা কুনুদিন কা যে তারারে লইয়া আমার আসলে মাঝে মাঝে মানে ইয়ো ওয় কিতা খরবো বা কীভাবে তারার লাইফ
/kaggle/input/regspeech12/test/test_narail_0031.wav,বউ নাসেদ মিয়েরে দিয়া আইছেলো কিছু বেশি বেচা ওইছেলো তা ওতেরো বেশিনিয়ে অচ্ছে খায় তা ওই পলেন দখলে না টফি আমারে কলোজে ভাই এরকম ওরকম তাও ওনিয়ে আমার মাথা ব্যাথা নাই আমি এর পিছনে দৌরহচ্ছি আগে ইটুক দেই
/kaggle/input/regspeech12/test/test_sylhet_0505.wav,তমার আগ্বায় মারা গেছোই নামি এসএসসি ফরীক্কাও দিছি কায় ই টাইমে আমার ফড়াসুমায় খুব বালা ওইছে না আমার আব্বা ই টাইমে মারা গেছোইন আমার ওতা ছিন্তা যারার মনে খরে আমি আমনা মষে তা খার ই গেছে হঠাৎ ফরিআমার আব্বা মো খরি ইদাআরতোনে মানুষ অসুস্থ ওইয়া মারা যাওয়া এখটা লটাত খরিা এখটামারা যাও আমরা কুলার ফ্যামিলিটা ও আমরা এখটা এখদম খুব খারাফ ওইয়া গেছি ছিন্তাত খরি গেছি যে হঠাৎ খরি যে আমার ইর ওখর ওইছে ইবস মনোখ ফচু সেত ওইছে দাখ
/kaggle/input/regspeech12/test/test_sylhet_0688.wav,র বানাা ছতো বছর দরি ইতাদি অনো বউত বছর  বউত মশি আফনারা রাম ওলো খািগতুই ন আমার শহিরাম লো ফাটিগ ত ত আফনারা শ্বশুরের তিকিও আফনেরা ফাইছোইন মানে শ্বশুরো এমসিপ খাজ খরতা ওই শ্বশুরো এমসিপ কাজ খরতা ও  আ জ
/kaggle/input/regspeech12/test/test_tangail_0043.wav,পশুপাখি সবযত পশু পাখি আছে সব নিয়া অনেক মানে যা দায়ততো অনেক টাইম লাগে এর লাইজগা অনেক ফ্যুড স্টযুরডস্ নিয়া উঠে কিন্তু ওই ইফানখান মানে
/kaggle/input/regspeech12/test/test_kishoreganj_0203.wav,আগুন নিবারি যন্ন কারবনডা অছেল বেকন ফানি দুর এ মসছ ফাকা বারনি লাগছেন নগ আগুন নিবার যে না কি বা করর পানি ক বনডা ছে মছুর মছুর মছছু মছছো এনগমযে আমরি  ফানডিয়া রালাছে মডাাবা দমানা আনতে এই নিব্লা যাইবোগা
/kaggle/input/regspeech12/test/test_sylhet_0599.wav,বড় বই নাই তান মআন্টি আরো দুইজন ইউকে তাইক্কা আইছোইন মামা আরেখজনইেন্নেমতকেসবে খালি খইরা যাইতা আইচছোস খয়টায় আইছি ফাইবটা না সাে ছিসটা  আমি এর আগে এর আগে অনুষ্ঠান শেষ
/kaggle/input/regspeech12/test/test_kishoreganj_0014.wav,বেচলে টে অ না বেচছিলাম বেচ্ছা বাত আর অহন বিচ্চা লাইন  কাডাইয়া যারাএই রাস্তা  ্ানা অহন জাইন নিা আছে এনা বেইচ্চালাই না বড়া বেইচ্চালাইন বিলের মারি তো অভাব নায় বেচ্চালা িব কইডা হ্াঁযে টাক দিতো না এনে টাকা দিতো না ডে্না কেলা
/kaggle/input/regspeech12/test/test_narail_0025.wav,সেইডে কিরা তো ওই কয়দিন আইছে কিশোররা তো খাছে এই যে মানে তোর মা মরিয়ে যাওয়ার পরে তা খন কিশোরগের সাতে খাতাু িতোরবে তোর পরে যে লাগে কিশোরগের সাথতে কন সম্পক্ক ছেল
/kaggle/input/regspeech12/test/test_habiganj_0079.wav,তোমারই তোমারের বাড়িত তিককা খতো দৌরে বাড়িত তাকা দু বলতে মনে যগয়া রাস্তাডা উলতাছ ইটছা বি ইডেকে আরকি  মোটামুটি বিশআদা গন্টার মতোফরে
/kaggle/input/regspeech12/test/test_sylhet_0446.wav,ওখন তাকি বাশা ফাল্টাইয়া আইসছি খনোও লাগে এখটু আমার বাচ্চা এখটা মারা গেছে ফরেন মনে খরলাম যে শাহাও নাি মাতো ওই না ে মন খুইল্লা ফাগতোই ববা লিয়া ফাততা ফরে ইমাময়ও ত খন তাকে আইরা অনে এখটু লাগে আমার উফুরে সমস্যা করে ফরে খতাকিকই না দেখতে আবার ফাল টাইা ও আবার আর ফালটাই না ইলাম এরফর ইকানবর তাখতাম নায়
/kaggle/input/regspeech12/test/test_barishal_0035.wav,তহন যাস তু কছে রান্দে না রাইন্না ক রান্দে আইছ  ওোলা গে খর এ মাড়ি খালের আগো ওই যে কএইরমান সে গুতিও কয়াত নেমচু া তা খালি লাগে না  নি গ খাা লাগে
/kaggle/input/regspeech12/test/test_sylhet_0519.wav,ফর  আসলে ভাই হেরা থরার ক্ষেত্রে মানে মাহাদীয় অইলে ওত্তো মা দিয়ে তো কালকে তারে নএর মাঝে দ জানস সব ক্রিেন্তো ফেইম নানি তারা চিটঅ খরছে এখলগে মাহা দিয়া ছাককিবোর আগে আর মাঝে যিয়ো
/kaggle/input/regspeech12/test/test_sylhet_0575.wav,তানবে আর ইমরা না দুইটা তাররা কবেল এখদম লাব দা আমরা নাইম তেকি মনো আছেনি তর সিনার খতা বাট এখনো তো মন নাই কিতা তারার হুনছি বিয়া খন
/kaggle/input/regspeech12/test/test_rangpur_0070.wav,ও কাল কেম  া কমুই কোনো মাছ ঠুইছোম ্মুই কয় মাইনসির দা আমাক ছেলো না ক্যা লাও লাউ খা লাও নাই তো তকটু মাছলানা তাতে নিয়া তা অগনে মুই নিয়ে যেলু
/kaggle/input/regspeech12/test/test_kishoreganj_0133.wav,জামমুল ফসলা কর সুদ্য বাসা কইবে বইয়ার বাসা কইবে কমলা গাল ডাড়ি হ্যা তাল কাল আরও ডালি মামবা ডালি এ অইছে পানি ফল ইয়ে গারাজানম জা জানমুল ফল  জামু
/kaggle/input/regspeech12/test/test_kishoreganj_0157.wav,দুতভা কত অগ পানি বগা মানুষ দে ষাইট থেকে সত্তুইর ভাগ পানি  মন সছের পানি কত ভাগ পানি ষাইট থিকা সত্তর  ভাগ হাইট থেকে সত্তুর ভাগ বুচছে পানি ে কত লগ পানি ষাইট থেকে   পানি
/kaggle/input/regspeech12/test/test_narail_0038.wav,া জাগাতে ও দয় ওর া মানছে ছন এখনএখন যদি তুমি আসল দলিল বাইর করতি পারো তুমি যত ই দখলে যায়ে যায়ে সব কাটায়ে দাবে এহন নিয়ম পাইল্টে গেছে চার নামে দলিল সে এহন দখল করতি পারবে এস এস সিস্টেম ওইছি নেতো একবাস নাতি  আমি ভাইবে নাঅবেনে
/kaggle/input/regspeech12/test/test_chittagong_0064.wav,রি মানে অন্য কলেজের মাঝ্যে ট্রাই গরম ফরে এহন অনের দু কী রি বয় িন্তু বোগগিন আঁর দাদা য়নে ফরিবু হ আইখছে আমি তার এন জাগাত  যকিরকুম আইতো ন জানি কী দাখাত তুন খরতারিয়্যান খয়া
/kaggle/input/regspeech12/test/test_sandwip_0046.wav,ব দ যার পত্তি নিয়ো কনা কি খময় না করে যেম মাদে এডা হুতদু আইয়া হেডো উখনো শাগ মরে বিডা তুই জাডি দাই থ্যাংকি ও কি ফুরিগিলা ইফার বাইজ্ঞাত যাই পারবো  ডাকছ বাবকে কুন বালো একটা বাছে খাইরা লাইগছে কু উুযান হু আ সরোসরা তে হআলা
/kaggle/input/regspeech12/test/test_narail_0049.wav,আম কেচ্ছে কিনানি কচ্ছে আ শুনিয়া যা আমার কচ্ছু ক্যা কি অইছে সুর আলাদা দো া যদে কি অইছে কচ্ছে কি এইছে ঠিক কচ্ছো না আমি কচ্ছি না রা ঠি কচ্ছি নে ক কি ইছে কচ্ছে এনি আয় আইছি গেছি কচ্ছে এই যে মাটি কাটেছিস
/kaggle/input/regspeech12/test/test_sylhet_0666.wav,য় না বালাও তো যার আফনের তো এখনও সবতোয় সময় একটা আছোনা  ওিন নি ওয় না ি নাখা লইয়া আছি সুখে শান্তি ে এরার  কিললা খতো ওইতো সারারো ও খইত টাকি ল প্েমার আছলাম ও মান্ডরে বর্তি আছলাম আমার নাতি টাখে ওয় ন বড় সেলার করো না
/kaggle/input/regspeech12/test/test_narsingdi_0022.wav,আসলে রুবে যদি ্ন খারাপ লাগেরে ওওতো হিসাবে সিনিয়র প্রেয়ার ইাম ওরে তেমনর এক্সপেক্ট দেওয়া হয় না আর সাহেব উদ্দিনের কথা বলি তো সাহফ উদ্দিন তো হইলো মানে নিজেরে নিজে পড় মনে করলেও যা হয় আরকি এই আরকি
/kaggle/input/regspeech12/test/test_barishal_0020.wav,পরে তে খালা বায় এবার সহ খানি ু দোষ আ  আর খারা ম্যাস  কমনি টু ফস লোক কলেজের বাড়েরদেয় ঘরছে এই লোক যদি একবেলা ওষুধ মিচ দেয় পরের বেলায় দুই বেলার ডেকছুটে খাওয়ায় একবা এনটিপ তুরিত থাইকে খাওয়াইছে
/kaggle/input/regspeech12/test/test_narail_0162.wav,না এহন তিন ছুলিন লাগাতিয়া তায় তো বাড়ি তে আমনে ট্যাবলেট খাইলার দিতে দেয় ইনসশা এমন অবস্থা অইছে বড়িতি কুনতেই চালো না ইনসুলিন লাগায় কমাতিআছে
/kaggle/input/regspeech12/test/test_sylhet_0126.wav,খতোজন আছোন ইকা না সততো পচিশ দন অখন ওই তারার মালিক আ এখন তা খইননা আগে থাকপাম  আগে মালিক আছে এক মালিক গেছি গি বাড়ি বুচতা গেছি গি তারা অখন বর্তমানে আট নয়া মালিক আছো মালিকো আ দরো আওয়ার যাওয়া খরে খেয়াল টায়া খরে তে তারার যে দুতালাত বাসা আছিল না
/kaggle/input/regspeech12/test/test_chittagong_0067.wav,ডে  বাড়িত থাখি লিতরে বাড়িত আসিতন ফইতান তুই তো ন আই অছো আই কি লেখশু আগে থুইরা আয় তারফরে টাইগুম তর ইদে সময় সলাম খরলে তুতো ন আইয়্ে এ খরনা বাননকলআঁয় যাই আনগই না
/kaggle/input/regspeech12/test/test_narail_0087.wav,ওই সেই ক ছাই তুই তো ভুলে গিচছিস তুই যদি ভুরে না যাতিসটা পাঁচ মাস পরে যেয় আমারে ফোন দিতিস নে পাচ মাস গুনে রাইিছে নাই আমি ইন্ডিয়াতটা আসার পরে তোর সাথে আমারে একদিন কথা হইছে যেদিন ইন্ডিয়াত থাকে আইছি
/kaggle/input/regspeech12/test/test_sylhet_0598.wav,তারা বাসাত আইয়া দাওয়াত অইছোইন খোল দিয়া অবারবার খরা গায় ওইলো দা খইছুন যাইতাম আমরায় লই তো আর গেছি না তো দাদু মাছ ওউ অসুস্থ অই গেলো নানি হটা যেদিন গায় লোদুদিন গাছেরে ছেলান র ওউ আমরার গেছি না এখন খই বিয়াত না গেলে লাতারাও সব আইছোনি কিতা তোর বিয়া তা আর নো আরকি হাসবেন্ট তাখন কানাডা তার
/kaggle/input/regspeech12/test/test_sylhet_0210.wav,দুইও ফরীক্কা দিছি এসএসসি ফরীক্কা তো এর আগে এখটা জিনিস আমার খুব বেশি নাড়া দিছে ইটা ওইলো ও এখটা জরি ফাইছে বুটের বুটের যে তালি টাা খরোইন ওতা নিবন্দন িো
/kaggle/input/regspeech12/test/test_sylhet_0320.wav,মদ্যে কুনু স্মর্ণটর্ণর কাপড় চুকর কুনু ধরনের লাগজারিয়া ে কুনু কিচ্ছু না জাস্ট সুন্নতি বিয়া যেটারে খয় একেবারেই সাধারণ এবং উইবত আর স্যাটিসফেন্ট তাইনোরেও কুনু প্রত্যাশা নাই আমারও কুনু প্রত্যাশা নাই যুইওযনি হেতে আমার প্রত্যাশা খালি আমি এখটু মাথাটা
/kaggle/input/regspeech12/test/test_tangail_0083.wav,শিউলি ফ্যামিলি আসে এই বাসা ছাইড়া অন্য জাগায় চইলা যাইতাছে এই বাসায় আছিলো শিউলি অনেক সিটি আছিলো পরে শমারাি ভুট নেয়া অনেক ক্ষণ কথা হয় পরে মানে শুলি রাম্মা বরুনরে বলে যে
/kaggle/input/regspeech12/test/test_rangpur_0117.wav,এলা কি তুর তুল কাডাবু হ নাহ তোর মোছ তো ছোডোয় আছে মোছ গুলে কাডাবু নয় কই তোর মোছ বড় হইছে তারমোছ তো ছোডোয় আছে দাদা
/kaggle/input/regspeech12/test/test_sylhet_0415.wav,প্রাতীন মাস আমি বর্তিও আছলাম ফরে ইখান তাকা ইনা ডাখার ঢাখাত কুনু চিকিৎসার কুনু জাগাখুলায় পরছাউতটিে ছিন্তা খরানি কুনু পরসাব তোমার আটকাইয়া রাখার মতোন নাই তোমার একবলাজ আমার হাজবেন্ড ওতো এখজন বালা মানুষ আমি নিজে আমার নিজোর মুখ দিয়া খইলাম শিখায় ইলামি যতো বালা আমার চব্বিশ ঘন্টা ফোরসাব জড়ি গেছাম ওতো অসুস্থ মানুষ
/kaggle/input/regspeech12/test/test_narsingdi_0015.wav,নশ কুটি টাকা কি লাগে এনে তো দেড় থাকা দুই কোটি টাকা দিলের একটা মেশিন নাই ন ম্বার সেটে ফরে একটা স্পিড মেশিন হারা ঠিক টাক মতর চালাত যাপার ায়মা বল করে বোলার ভুল গতি ওডে
/kaggle/input/regspeech12/test/test_rangpur_0037.wav,নাখর নাতোা ক খাওয়া লাগে য় আছে তাইরে খেজুর খেতুরও কচু কছিটেন আছে খজু   লো কাইলকে এহনা শাক দিয়ে খেজুর খাইবে তারেত  খেজুরো শক্তি জোগায় খিবটে খেজুর এইযে সলাম  ছি ক শোতাত থাকি উঠিয় একটা ছেলেন খায়া
/kaggle/input/regspeech12/test/test_sylhet_0707.wav,খষ্ট খরার দরখার নাই ই গরে দিগামই বালনা না এমনেই মাতিলাই তাইলে আমরার আবার আরো তাটা কালেক্ট খরা দ রহ া আর কৃষ্ণধর্মম বলিম বলে আছ ককবার আছে টিলারর
/kaggle/input/regspeech12/test/test_sylhet_0354.wav,ইটার মনো ওইছে যে আল্লায় নিজহাটা নিয়া আমরা গুসায় দিছোই ওয়াইলাম এমসি কলেজো দুই আজার চোদ্দো সালের নভেম্বরোও আইছি ওউ সেই নভেম্বর মাস  নভেম্বর থেখি এখন ফর্যন্ত আছি
/kaggle/input/regspeech12/test/test_sylhet_0568.wav,তুমরার তো সব ইংলিশ নি না বাংলাছে ইংলিশ বাংলা যে  ফারে আমি ইংলিশ বরছনাআমরার যো মেথ কিতা সবগুলাও ইংলিশ আরমি দুইটা সাব্জেক্টর মেথোর মাঝে থিওরিও ইংলিশ আর যে পিওরকিওরি যে কুনু ইকুন বাংরাা  তো হায়ার্স্কাডি ফরতাছে আমার লাগে ইংলিশ টংা
/kaggle/input/regspeech12/test/test_tangail_0002.wav,রেফডিমারকিউডি ওই ব্রযান্ডেড দলে যোগ দইচ্ছা খরে পরে ওই ব্রযান্ডেড যে ভোকাল মানে ও আর কি একটু আগে মানে ব্রযান্ড ব্যান্ড থিকা বাইর অইয় গেছে ওয়ারগান করবো না ফরে বরেন্ডের যে ভাগ সদস্য
/kaggle/input/regspeech12/test/test_sandwip_0116.wav,হেগুনেরা হরা বানো ছের হেইতে নাকি আন্নের আগবো খাট ছারে কন আদির ছাল পলাসের মস্টডে হেতে সবসময় খতাব তো ইয়া মানি সবচেয়ে ভালো স্টুডেন্ট আইসলো আইয়া ফাশ কইবার হরে ভালোভাবে হইত্তারে ন যার হরেনা
/kaggle/input/regspeech12/test/test_noakhali_0010.wav,ও যন নোচাকি বিা  ফাতা কতি খায়ে দেই গেযো কয়দিটার দিকে বেছানাররাবেনি তোরতার ইয়েতো চামড়ি আর কিয়া খোমরা যারে কই পারতা
/kaggle/input/regspeech12/test/test_habiganj_0046.wav,বই কিননাম না বেসু গ ওই কিনা ওইছে  না খই কিতা আছে কিনছি না একটাও আমারে গিফট খরছিল আমার বাই েলা ইতা ওই করছি নিজে কিনছি না আর লাইভেরিত তিকা আইন্নাইন্য খরতাম ইতাওই নিজে কিননাম না বেশি ফড়ো ওরা ওইছে
/kaggle/input/regspeech12/test/test_tangail_0038.wav,ছবি মেইন কারি একটা এপ্লাই করছে ইরপানখান আরকটাকাকটা আছে বাঘের নাম অইছে রিচার্ট পার্কার ছবি তাইর পানখানের নাম থাকে পাইপ্যাটেল ওই যেহেতু াইভ পাই্যাট আর এই ছবিতার কিছু অংশ ভারতে করা অইছে আর কিছু অংশ অন্যান্য জাগায় ফরা ইছে সমুদ্রের ও ছীন আছে ম্যাক্সিকান ডিপেটশিন আছে
/kaggle/input/regspeech12/test/test_narsingdi_0078.wav,যেদিন আমি বড় মু কৃষ্ণুনা আমিও সালামি ফুল না বর হইয়ার এই ছুফুরা ক ছযা সুমিক তাি আমার কোনো তলামি নাই ইয়া মদুরে পিএসি দা ইসময় হেরে দো কদউতা দিছে হকলতে আবার মাসবডা আবারে লোক দেহায় কয় তর তুই একে ব্যাবসারে  ইয়াডা রেজাল্টটা বালা করি দেখছি তরে আরো বেশি দিবো
/kaggle/input/regspeech12/test/test_sylhet_0571.wav,আখতাযছাতা তোষ্টা খাইয়া ব আজকেউ সন্ধ্যার সময় ফড়লা আমনি  প্রেস মাইয়া দেখা য খরছে ওলা উটিয়ান নি বুচ্ছোস নি সুফারু বাদে উঠিয়া গিয়াছা লাক জবালনি তার হেদিনও ওলা সাদা আছে না নি ওযে ফানোর লগে খাইন খতা ছাইছোইন লুকাইয়া রাখতা আব্বা তাই দেখবো খইন আর ওলা আন্দাইরের মাঝে ছাইছোইন লাইট এখটা অন খরিতা সখালে
/kaggle/input/regspeech12/test/test_chittagong_0095.wav,পয়েন্ট মুটি হুম ইতু শিতম গরেজ মডে চুলাইছিই চাগতি অহনো তোর সুখ নাই ইতে বলে ফারবেটঅত ঘুরতে হরবো পয়েন্ট হ তো শীতের সার্থ সরি ছগগাম এট্টা শিশুইয়ুত ভুঝ ন বুঝি
/kaggle/input/regspeech12/test/test_sylhet_0160.wav,র মাডিাল্লা ইমদি আইছিল নে মিলিটারি ও মায় কিতা আপরাযে আফাইল আছি আমহে তো মতা খরছিলাম দুজো সুনুন যিয়া আইতাছে আনিামিনা আমি আমার পাকুর বাইি  ফরো না তাইলে আট বছর
/kaggle/input/regspeech12/test/test_sylhet_0065.wav,মানে দিগারক করে ন আমি আওারে গেছি আইসলা তার অক্করে তাআমি মাইতলা ইয়া খইছোইন সবাতো বেখি বর্তি অইবা আমি খই আমি তো বর্তি ওইতাম ছাইছলাম অখন কিন্তু আমলাডা অনেক প্রবলেমি দেখা দিছে ওন আমি বর্তি অইতে ফার
/kaggle/input/regspeech12/test/test_kishoreganj_0072.wav,না আমাডা   যোতো আমনা বৃষ্টি আছে আনে  বেলিকা চাল গে বৃষ্টি আছে নে যে যেছ বিষ্টি আ ছো ৌ বিষ্টি আছাল কইললে মাঙ্গা দেলা একটা ফারেনি গা
/kaggle/input/regspeech12/test/test_rangpur_0085.wav,হযাহ্যা হ খাইনটা আইছে ইর মার মতো আর ফিরুচ আইছে ওর বাছের মতো খার খাছেে তোমারে গাছ তুলি নিয়া আইলো
/kaggle/input/regspeech12/test/test_tangail_0114.wav,ওওরা দোকান খোলে হচ্ছে তোর ছয়টার দিকে আমি আগন আরো আগেই লাগে গেছে তখন ওরা ছিল না সবকাল আমারে ছিল কিন্তু আমি একটা জিনিস বাজি না ওরা ক্যাশটা তো কেনো দোকানে রাখি তোদের কিশুরকরা ধারনা কতা রাতে চলে  আবার দোান কোনো কাশটাকা ফরে না না না কুরছে ওই যে
/kaggle/input/regspeech12/test/test_sylhet_0104.wav,িকিতা না ই বিল্ডিংয়ের ই গরের মদ্যেও বউত ফ্যামিলি ফাড়া কখোয় নাই  বোলা কিছু তব বোলা কিনজম ছমিদ ওবিশ্বনোর পলেছেনোর ছেলেরা ই তাকছা টাা থাখেও
/kaggle/input/regspeech12/test/test_sylhet_0282.wav,যাই ওক বাদে ফোর্থ ইয়ারো উটাকর যখন ওলা ছিন্তা খররাম যে এখন বিয়া খরা দরকার ওউসময় এখটু এখটু ছিন্তা খরিয়া দেখলাম যেনা এখন আমি আমার  লেবেলের মানুষ যদি বুজাত যাই আরো সময় লাগবো
/kaggle/input/regspeech12/test/test_narail_0167.wav,চুকার উলি বাড়ি চালা এহন ো খাঙ জা না বেশি মারাত্তক তা অনেক কি্ছু করা লে না তাইগু তো পাকা ি সারে যা খাওয়া গলা ে কাচ্ছে
/kaggle/input/regspeech12/test/test_sylhet_0098.wav,তেল এডি লাগি বেশ রানকা কিননোবেল্লা কতা বাত খাই আমরা তো ছাডা খম খাই এডি লাগি বইছে ছাউডা তেলডা বেশি লাগো তাইলে ইরখম মানে কিরখম যাইতাছে দিন ফাত কিতা মনে অয় ইগুলা দি খুতো ছলতাছি দিন যায় রাইত ফায়াইতাছেদিন যাইটা রাইত ফোয়াই তো আল্লায় হন টাউ নু
/kaggle/input/regspeech12/test/test_sylhet_0195.wav,ছার ফাঁচজন ফ্যামিলির খারণে ওই ইট নাইন ফড়ির খরতা ফারছোইন না তারা বিয়াংগুয়া খরিয়া কীষি বেস্ট ফ্যামিলি আছিল তারা খেতুত লাগাইতা গরু রাখ্তা ওউ অন্যান্য যে শীতখালি তা লাগাইতাম
/kaggle/input/regspeech12/test/test_sylhet_0460.wav,ওই মায় ফয় তোর বর্তীর টাইমে গছিতোখযাতি ইতার লাইগিা ওতো গেতে গিয়া কতোদিন টি ছ আমি জোর খরিয়া আচ্জি খানকে পড়া লেখা কর্ছ টিতাআমার কোছা টুকরে বাবা আমি আইচতেসি দিচছি না
/kaggle/input/regspeech12/test/test_rangpur_0081.wav,ওই যে আগের তার মাইনষে কইছে গাছ গুণনে হয় গোটা বাপ গুণনে হয় বেটা মাও গুননে হয় ছাও ফুটে গোণনে হয় নাও এইল্লা এলা ইললে বিথ্যে হ্যা হয় এইরকম হয় না মানে অবশ্যই ওোহয় হ্যা
/kaggle/input/regspeech12/test/test_sandwip_0126.wav,আঁর ভাই আলাবা থাইলে আইয়া ফাষ গরি লাইছি ছুট্টুগ্রা তাইল্লে পেটার দিলে হয় পারে কোনো খোলাইন আসলে অইলে হেজু খুলাইন বউত বাদ্দ খোলাইর লাগে আম আংগো ফরিবারের মইদ্যে আই আঁরার ভাই মাইর জাগা আমরা পযাকার উসে
/kaggle/input/regspeech12/test/test_sandwip_0016.wav,কেননে কইলো ফিসফিস করি গাড়ি ভাজি করছে আচ মা পাফা একগিনে হোনাগাগরে অন এডডা মাছ ক হিয়ারে ক মানি হেতে ভাই নাই ভাইত এডডা মাছে দরকার গেইছলু হ লিশ কত্তে বনো ই
/kaggle/input/regspeech12/test/test_tangail_0126.wav,লুকাইই থাকবে এতো বড় একটা কতা বলছে ভাই একে তো গরম তার উপরেই আগুন ধরছে সব জায়গায় মানে এখন গরমের তাব শুরু হয়া গেছে কী গরমটা করছে দেখছস কতা ওইলো গরমটা রোজার মধ্যে ফড়ছে ফার্স্টের দিকে যে রোজাত ছিলো আমরা তো ভাবছিলাম খুব বৃষ্টিতে ঠান্ডা ঠান্ডা রোজাটা শেষ আবে
/kaggle/input/regspeech12/test/test_tangail_0016.wav,আবার গান গাওয়া শুরু খরে ফর তার পিখ্যাত ভখিমেন গেপ সডিব ফুরা মুনিশো একাশ সালে মন টেলে পুডাইস্টেডিয়ামে সবার সামনে য়র
/kaggle/input/regspeech12/test/test_narail_0058.wav,উুমি কই ছেল এে খায় যায় খর যায় যাবে তো কে মাযে বাজা এে এই ক াসটাক মেন কথা হচ্ছে কি ওই টাউট ভাট ফারি কইরে ত  তিয়ে থাহা যায় না জমি তো ভালোভাবে নিই নাই ওর জমিও ভালোভাবে থাকপে না ও দেইহো সিস্টেম এটটাও কইরে ফোলাবা ম এই যে কিছুিছভা
/kaggle/input/regspeech12/test/test_sylhet_0720.wav,ইতার বাদেও মনো খরো যে মাই মরি গেলে তো কুমা না খর ফুলোতো আসব মানি উগু ফারাই দিলো একটো শেষ নাকা কিু খুব একটা নাই তন সেটা ইটা খুলি লাইন দেখছি আর কিতা খয় যে ইটার কিতা খরা লাগে ইডাও খুলা লাগে
/kaggle/input/regspeech12/test/test_sylhet_0515.wav,এমনে কুনু খষ্ট তাকপে নাইতো খরতে বাদা লাগে মানে
/kaggle/input/regspeech12/test/test_sylhet_0266.wav,চান্স ফাইদিছি তো যেদিন আমার ক্লাস শুরু ও বৃষ্টি আছিল আমার খুব মনে আছে বৃষ্টি আছিল আর ক্লাস শুরু ওইছে আমি জানি না আর আমার বাই টখম বার্সিটিত ফড়োইন শাহজালাল বার্সিটিত আমার বাই অর্থনীটিত ফড়তাম তো তখন মুবাইলফোনো আছিল না
/kaggle/input/regspeech12/test/test_sylhet_0288.wav,কিন্তু আমার য অতি আমার যে স্ট্রাগল আমার যে হিস্্রি ইটার সাতে এডজাস্টেড না খইলে বড়বর্তী লাইফটাও স্মো নাও ওইতো ফারে ওখন আমি ছিন্তা খরিশুনা খরিয়া আমারে জিগাইছোনি ব্যাফারে যে ওউ বাড়ি তাকি প্রস্তাব ওইছে তুমারকিটা আইচ্ছা
/kaggle/input/regspeech12/test/test_sylhet_0235.wav,চকলেত আমার বাইয়ে মনো দশ টেখা দিয়া ছল্লিশটা আনছোইন আমি আরসব ফুরুদ দাইন যা খেলা উটানোর মাঝে তারারে সবারে বাটাইয়া দিছোইন আমার রেজাল্টোর মিষ্টি তো তেখাইয়া ওইয়া রাত্রে বইছোইন পারিবারিক মিটিং মিটিংো ডাখলা ইলা তুইতো বালা রেজাল্ট খরছোস ওখন
/kaggle/input/regspeech12/test/test_barishal_0084.wav,নিয়া মনে করেন মকামের দারো হেইনে লোকের বাহেরা ঘুমায় নাতি   াা া আস মনে করেন আটটা নয়টার গে হেরা আইবেনা হের পরে মুইগির বয় থাকতাম সাকষাবাজি যাইয়াবুরো মুরল না রাইতাম বাইর কইরবা যারাইয় হ গোরা কমার নিয়া শুরু কইরা দিতান
/kaggle/input/regspeech12/test/test_sylhet_0255.wav,বাদে স্যার একটু মন খারাফ খরিয়া গেছিন ওলা বিয়ার প্রস্তাব লইয়া আইছোইন বহুতে ওলা মন খারাফ খরি গরি সব যাইগা অখন বাই এনতে একটু মুভ চেঞ্জ খরি লিছোইন আগের যে খইতা যেসসিটা ফাশ খরিলাক অখন আর ইয়া খইয়া না এলা খতা ই টার এই যেদিন সাইবো ওলাম তাই যেদিন ছাইবওদিন বিয়া অখন আর আমরা বিয়া দিয়ার না
/kaggle/input/regspeech12/test/test_sylhet_0399.wav,মানে একজন মানুষ ওউি বইছি নাইর ফবা
/kaggle/input/regspeech12/test/test_rangpur_0030.wav,ও কান্দির অতি আছে সরারাইত কক্করেএলো খাবার হইলো দু চাই বে   দিওুন্দ ন দুপুরে্টায় হইলো অতিথির আটার ডাইল ছাড়া র কিছু নেইআতি আর ডাই আ ওইতি আটার ডাইলো আর অতি হইছি এর বিন টাইল ব ব হ একটা টাক
/kaggle/input/regspeech12/test/test_kishoreganj_0035.wav,আম তো এইভারে ভিডিও কর জাা  এইদিকে আয়া আমা িগা আইয়া ভিডিও করবা ল ছানাসছা নামর লগা কতা অই না এমনে হটস্যাপে যা কারে বিছা এট ক আর নামরা কাম ল ইমজাগা আমি দি হ নগ দেও জিরন সেবেন থ্রি চব্বিশ অনি সিক্স অ ও  এয়াও দিতা হসপর
/kaggle/input/regspeech12/test/test_chittagong_0106.wav,মাে হ্যা ছে আর তুরে খই ওই ওইদিন অযদি ছোয়াইবি খরতা ন হয় না তো ই কী এন্দলদি খানজু আপুর খতা ছে তারা ফুললি তো মানুষ ওইবা শান্চাফুর রেদিন সাইতো ছা লায় খরেন তাম গেলাম দে
/kaggle/input/regspeech12/test/test_sylhet_0033.wav,মানেউপাশটা বাঙগি আফরা যেহেতু যাও নে অনযটা নামজা দশ টাামযের টাইমটা শেষো বশ পলটন খাইলা পোশাত ফাওর খরে তারফরে দেওয়া হয় ইয়ো কিছিরি দুইটা উটা সংক্ষিপ্ত খাও আবা দরমীয় উৎসব আছে ইগুলো হয় কিতা পাট খরা হয় প্রত্যেকদিন িছন ডিপার্ট দিতাম না ইদুরগাবুজায় চন্টিপাট খরা
/kaggle/input/regspeech12/test/test_narail_0100.wav,কবে আসছে তো অনেকদিন আগেই খা ওইছিস ও তোর একটা গুড নিইলদি চ্যাককমে কইছি ই চুদ্ধ ভাষায় কতা কবা না না শোনছোন
/kaggle/input/regspeech12/test/test_rangpur_0105.wav,ওডেই যায় কোনটা ত বাজার টাত না ওইটা  ও কোনটাত ও ঠিকভাবে যায় না নাা ওতো বেশি না পতি দিনে যায় না প্রতিদিনে যায় না না মাঝে মধ্যে যায় যায় না
/kaggle/input/regspeech12/test/test_tangail_0014.wav,মার্কেট থিকা আউট হইয়া যাব পরে ওরা আসলে ইরকম সরতন্ত্র করতে থাকে পরে ফেডিেটে আসলে ওরা কসময় পুইস থিকে আরকি আলাদা করে ফালায় আর এদিকে ফেডিও মনে কর ফরেডিও একসময়
/kaggle/input/regspeech12/test/test_sylhet_0265.wav,জীবনের মুর ঘুরানুর মতো এখটা অবস্থা তাইয়ো খরছি তো বার্সিটিত ভর্তি ওইলাম আর যেহেতু মেরে চিষ্ট আছলাম তুমেরইকিষ্ের প্রথম থেকেও হোষ্টেলো উঠার লাগি তারাআমি মেদাটিতে পিয়ো দিছোই লেকট খরছোই তো প্রথম দিন থেকেওউ হোষ্টেলোও
/kaggle/input/regspeech12/test/test_sylhet_0474.wav,এরফরে ছাওল কুটাইয়া সবরে মানে ছাউলর ঘুরিা আরকি নতুন ধান বাঙ্গাইয়া সবরে জড়ি দেওয়া ওইছে বাক্কম ফস ফড়িবতনেও বাড়িত দেগুনআরকছখাশটা খইয়া প্রোগ্লেমে ওকুতা খুদা খাইয়াবু ইনো তোআর খাইয়াও লাইগা বাড়িতোয়াল
/kaggle/input/regspeech12/test/test_tangail_0064.wav,ফরে কখনো সেব খনো মানে যেঅখন যে যাইতো পরে কখনো সেব কন উয়েথ আর কনো ক্লিনা কনো ডায়ার কনো আসাদ কন আবার দেখা গেছে ম্যানেজার কুন এক ফ্োরে তো ইরকম
/kaggle/input/regspeech12/test/test_chittagong_0030.wav,হুকীরিবোর সামনে ফরিক্কান উনি অ মোবাইল ত দুলে ছেলিয়ম তাইলি মা ওডে কতু মোবাইল দাহাইলি ফরতি আামা আইতিরিয়্যান আঁরা একশো বাদ দে দেহাই দিবু হয়ুদে মাইনষে নিদ ড অইলে মেয়ে ফ মোবাইলে গেলেই আছেককুম কী
/kaggle/input/regspeech12/test/test_comilla_0024.wav,তখন আমি জিজ্ঞাস খরলাম কী হইছে তখন ওই গটনাটা বললো আরকি এরফরে আমি রুহিরাই না রেডি ওইয়ে যাইতে যাইতে শুনি যে মানি বাচ্চা তা মারা গেছে ওর লাশ্ট নিয়া আসছে উপজেলার মদ্যেই ওদের বাসা এই আরকি মানে এই ঘটনাটা রুহিরে অনেক ভয় পাইছে আর আমার জীবনও মানে একটা স্মরণীয় গটনা রুহির
/kaggle/input/regspeech12/test/test_rangpur_0114.wav,ওমার বাড়ি তো খাওয়া দাওয়া করছিল হ সগালে বাড়িত খাওয়া দাওয়া করছিল গালে জিলা আছে ওই দিনাজপুরি যে বুড়ে আছে যে দিনাজপুরি ওই খিলায় নাই তোক নাহ খুব ইয়া াহ্যা
/kaggle/input/regspeech12/test/test_chittagong_0082.wav,কলাস জাম কে  াই কিতু নাই ওইয়েনে এরি এহন আয় নাই যে তাইলে বেয়াকগুনের বেড় তো আয়্যিদ দে তে তাছরার ম্তে কেউ ন জাইর ু কি একলা িছলে ডাফাত
/kaggle/input/regspeech12/test/test_sylhet_0577.wav,ন ছে ইদ কতা ইতো আমিআগর ইদো দেখা অইছি মনে অয় ওযে রাত্রে গাড়ি অিছলাম এওলাস্ট  না ইদোর ফরে পিকনিকো গেলাম নানি পিকনিকোরেদেখ খরছি আর তো ইদও আর দেখা ওইছনি
/kaggle/input/regspeech12/test/test_kishoreganj_0188.wav,কুনডি পানি দুষু নিয়ে কারন নদ মাছ বজে নদ বা ে নদ বাু বানা মর মা জাু না আচ্ছা আইচ্ছা তুরি নদ  ফাল্লাই বাযা ব দুগে হ্যাঁ
/kaggle/input/regspeech12/test/test_kishoreganj_0123.wav,ডেলতা তো বালা ডেলতা ফুরিষ্কার কিন্তু বড় ড় মিল ফযক্টরি মি্যাশিল্প ানার সচল রাকতে বিভিন্ন দরনের জীবা সজেলানি যেমন জিব সজ  তেল প্রাকৃতিক গ্যাস পরাকৃতিক
/kaggle/input/regspeech12/test/test_sylhet_0473.wav,তয় খাইজি খরে ছিন্নি দেওয়া খইছে গেনতাম ওয়াজও গেছেছাকলে খক্কল বদ ছয়ে খাজু বরেসছলি খমিআ শিতো আমি তো খাইবো
/kaggle/input/regspeech12/test/test_kishoreganj_0108.wav,খায় এভাবে এভাবেই শক্তি থেকে প্রাণীতে প্রবাহিত হয় বাস্তব সংস্থা নুদভীদ থেকে প্রাণীটে সকটির প্রবাহের এই দারাবাহিক প্রকরে
/kaggle/input/regspeech12/test/test_chittagong_0017.wav,আইচ্ছা তর খবর বাততি না কা ওইডি আলালা অবস্থা অইলে তার কী গরমের জুল অই খতক্ষণ আবার ফোয়াইত আবার গামইর অডিকদিনের ফাঁচ বাছর বুছা গইরলে নমর অডি হুম না্তারা খতে ছে ন আরো দশ বাস গরি ফান
/kaggle/input/regspeech12/test/test_kishoreganj_0111.wav,সবকর কর ইদ  পানিরে শক্তিজা ও অন্যান্য পখ একডিক খাদ্দ শৃংখল এক্তি ইতা খাদ্য শককিকি করে খাইচ্ছা যে  পানিতে শক্তি প্রবাহের একইন ছারা বাহি কক্তিাআয় হলো খাদ্য জল শিংখল খাদ্য সিংখফর ফাশে কুনডা কোন টাকা দেও আমবার
/kaggle/input/regspeech12/test/test_kishoreganj_0085.wav,এছইডা বিনা হ্যাঁ এ ব অইতানছে না ি নাইন হ্য ডনাই হ্যাঁ ছব পাক্কা পাক্কা কি  পাক্কা
/kaggle/input/regspeech12/test/test_sandwip_0128.wav,আতোহের ক আমার মা মাংষে টুরা বিয়া করে নো আই কেওকোও বিয়া করছে আকে না করেন তহন অইলে তো আর থাকে ইলেফলে কইলে দেখাশিা ইচ্ছা আকে নো এন্নে অবনাম অনে অয় বিয়েল্লাই সযুগেআইলে মানে ইয়া করু
/kaggle/input/regspeech12/test/test_sylhet_0359.wav,ে আমি আমার বাচ্চা আছে আমার হাসবেন্ড আছে আমার একটা ফ্যামিলি আছে ফি এইচএ হ্যাবেন এই হেভেন ত্যাকে সেন্টার করিয়া আমার প্েশা থাকপো ওখন আমার প্েশার লাগি যদি এইদিকে কেউস হয় আমি অনেক সিনিয়রাররায় তো দেখছি যেহেতু
/kaggle/input/regspeech12/test/test_narsingdi_0010.wav,ওরা তো আরো হাই লেভেলে সেইজন্যই তো তারালে এক্সপিিন খেলতে গেলে সমস্যা হয়ে যায় ঠিক আছে তবে তবে ইদেনিং গলে ভালোই উন্নতি অইবো
/kaggle/input/regspeech12/test/test_habiganj_0102.wav,আর ফিজ্জোলজিনআরটামি মুটামুটি আগে জীববিজ্ঞানের সাতে কিছুডা মিলে তারফর ইগুলা সহজ লাগে ইখন ফড়তে খরতে আর বিহিবিয়ার ফান্ডামেন্টালের সাবজেক্টগুলা সহজোই লাগে আবার মাইক্রোবায়োলোজিা খালি কঠিন লাগে তার মাইক্রফসের নামগুলা কঠিন লাগে ইতাম কিদা আয়ে না উচ্চারণ খরা যায় না
/kaggle/input/regspeech12/test/test_narail_0020.wav,ওগে জ্লে গরু পাদারে কইয়া গেলো এএরে কইয়ে গ্েলো ওরে কলে আইচ্ছে গরু পদার ছলবার লাইছে বাড়ো মামার বাপ কইছে তো সেক ঘনের ছওলবাল অইছে বাড়ো মারতো প কোনোদিন তোর মা আরে এট্টু নিয়া বলি ও যে বিটেস যে দলুরে থুইয়া গেলাম দলুর এট্টা আনিকস এট্টু নিশ তগে এই দিয়া যাচ্ছি  গরু পাদারে হতো দিয়া গা
/kaggle/input/regspeech12/test/test_chittagong_0043.wav,হ এডা কি ফাত দে তুই যে বাইতে াই্তে য এ্তে দরি ব হইয়া আঁই বেইক্কিন ইয়া টিয়া গরি দিম অক গরিরি বুইজ্দিস না তএরেকুম করে খই দে গুনাইছেছে আছে জন  কোস খইল্লে ছালা ্যাতুরাত সময় ফারলে আজা
/kaggle/input/regspeech12/test/test_narail_0010.wav,মনি কচ্ছে না আমি এরকম তো কোনো কথা কই নাই আমি তোরকম কোনো কথা বলি নাই আমি এরকম টাকা পয়সার ব্যাপারে কোনো কথা বলি নাই বলি নাই আমি  শুনতিছিলাম আমি শুনিছি ও কচ্ছে যে তালি তুই শোন তাইলি আমি চোরে যাচ্ছি তালি তুশোন এডার পারতে কতা  ও কচ্ছে আমি তো চোর েয় যাচ্ছে না কিছিতা কইছে এই সরজাত্রে তার পশা একক তাকলি ককি যে
/kaggle/input/regspeech12/test/test_narsingdi_0115.wav,অ্যানিমেশন ক্রিয়েটারো না আমি তার মঝে সফটওয়্যার আইতা চাই না হ আমি সফটওয়্যার না আমি সফটওয়্যার ইঞ্জিনিয়ার সফটওয়্যায় ই খইছে তোমার একটি সফটওয়্যার কি সুজিমাহিনচাস না রেদেইটা ট্রিচার ইতেইছাআছনো বিশ না
/kaggle/input/regspeech12/test/test_rangpur_0019.wav,কী করবু এটা গাম আছি কতা ক এমনি ভালো বন্দ ক্যা ুা ও চিনলে গেসির ওইদেক বুচ্ছেন শাগ নিয়া আইলো দহন না
/kaggle/input/regspeech12/test/test_barishal_0038.wav,কয় গইলা কয় কতগুণ ছাগলগে কয় কতগুণ আর কি ওই যে ছাঁচার কতাডা কয় না এক বছরের মইদ্দে দেহি ত দুইগা ছাগল দিনি ওরে এট্টা লাডিছে কিতোর ব ও া ওই লোক
/kaggle/input/regspeech12/test/test_sylhet_0363.wav,তেত্রিশের রেজাল্ট আড়ি যায় চৌত্রিশ যখন দিছি তখনও আমি  এডুকেশনটা ফাস্ট ররেসিলেন্স যেহেতু আমার তেত্রিশ ওই গেছে ওতগুনাবি আর চৌত্রিশ দিই নাই ও ওইলো গিয়া আমার টার্গেট আফনার লাইফট আমে ফ্রাটেসট্রাগা এখন তারা লা আফনের মানে এখন কিতা আফনে কুনু ড্রিম দেখা নি না ভাবরা যে আরো টাইম যাও
/kaggle/input/regspeech12/test/test_sylhet_0054.wav,ফর আমার বাই ফরে বই নর বই নান তাইিরে খা চ্ছে আমার আর আমার তাইরে বইলে আমি কন্তু ক্লাস তার ম আমি ফাকতি বইন বাবা আমার ছ ল সলার পাও বাম কিছনার মছন দুইআজার বিশ সালের ডিসেম্বরের বাইশ তার
/kaggle/input/regspeech12/test/test_sylhet_0516.wav,আর যদি বউ কুনতার খলো নে তো টেখা খই নাই তালিন আমারো টেখা  আমি সাখললা কয় টেখা ফই কিন্তু সারা তার এখফাছয় বই ওট
/kaggle/input/regspeech12/test/test_sylhet_0724.wav,বিয়া মোটামুটি তাইলে ইদিনই পার্মানেন্ট ওই গেছে া তি ইদিন বিয়া ঠিক মানে তুমার চিনি বা মোটামুটি ওই গেয়ইদুর পড়াই লিছোই  এরফর এরফরেওতো বাদে আরো খতো তাও
/kaggle/input/regspeech12/test/test_sylhet_0311.wav,কিন্তু খালকেউ খরা লাগবো তো আব্বা আম্মার খছেন ওকে তোমরা সমস্যা না অইলে আমরারও সমস্যা নাই ফরে ই দুই বন্ধু আইছোই না আবার আমরা বাড়িত আমরার বাড়িত আইয়া ওলা আমরা সবাইরে বুঝাছোইন তে কালকেও বিয়া
/kaggle/input/regspeech12/test/test_comilla_0013.wav,আর রুহি ভাবতাছে যে আকাশে তো মানি সূর্য উইটা রইছে রোদ্রো এত রোদের মদ্যে তো কেউ তাকায় থাকতে পারে না ও ইটা ভাইবাও দৌড়ায়া কাছে গেছে যাওয়ার পরে দেখে যে ওর চোখ মানে চোখ দেখে যে তো আর বুঝতে পারতাছে না চোখ উলটায় থাকলে যেরকুম আমার ছয় না সূর্য গরাবর একদম চোখটা ওইভাবে আছে
/kaggle/input/regspeech12/test/test_sylhet_0165.wav,অয় আসলে নিজস্ব কা অযেক দিন  দরা লাগতো ুকতেকদিন স সবসম ডরোডরো তাকতা না নি নিগো বাচ্চা খাইচ্চা তোবা আরও খরছোলি না দসময় আফনের বায়ে বই খতো বড় আছলা খারা বড়ো ক্লানসছেস
/kaggle/input/regspeech12/test/test_habiganj_0044.wav,বাল্লাগে না তোমাড়ে এমন কুনু খাজ আছেনি ো কুন বাদে কুনবাড়ে অন্য কুনু খাজের মদ্দে বাম বাদা দিছে বা বাইফিননে বাদা দেয় আর ইসময় বাদা দিলে বা কেমন লাগে বা কিতা খরো
/kaggle/input/regspeech12/test/test_narail_0168.wav,ও কালায় খা যাব া হবে টাহা দিয়ে আর ন সতর ডাকতার মাস্তার দেহাইয় না দেহালি আর করা যাবে কিনি জিনিসত্থি না যায় ওইর ম রে কোয়াজ তা ও চাকচা ক্ছেকা আয় চাকতাবানি চাকচা দিগে আছে একরো দিনি অবে নাু পুনারো দিনি কোনো কাজ চর দ্যহর না
/kaggle/input/regspeech12/test/test_chittagong_0056.wav,গল্ক ম না হতা না অডি কর দিন খামগরতে পারছে বেশি মাছ জম্গাছ দা হাল অইয় যারগি এনে গরম ফড়ার দেছি আনি খাছি ইটা এডে আঁরারাগ শালা অইয়া যাগেছি হ তুর মা হতা দিননি ইলে কেন বই এনে হচাই কীতরম
/kaggle/input/regspeech12/test/test_sylhet_0202.wav,তোমানে প্রাইমারি ইস্কুল ফাশ খরিললা ফড়ার কতা খইতাম না প্রাইমারি ইস্কুলতা খরি খরি যখন ফাশ খরি লিছি তখন আর আম্মার ফড়ার কতা খওয়া লাগে না তখন আমি নিজো দুঁড়াই আর বিশেষ খরিয়া যখন দান রইদো দিতোগো দান রইদো দিলে
/kaggle/input/regspeech12/test/test_narsingdi_0103.wav,আল্লা  আক্বার এনোবা হুম আর লুদা রনদা শিখছছ তুই কী কি রান তারছ আমি হুম আলগরমপানি খরতি হাবি
/kaggle/input/regspeech12/test/test_sylhet_0293.wav,বলা অবস্থা আমি আইছি বার সিলেট আওয়ার ফরে মনো ওয় আমার শ্বশুর শ্বাশুড়ি আমার হাসব্যান্ডরে খইছে তখন যে যেতারে তো আমরা কিচ্চু দিছি না তারে কিচ্ছু এখটা গিউ তে তাইন আমারে ফোন দিছোইন আমার ফোন দিয়া খইলা যে তুমি তুমারও এখজন ফ্রেন্ড লইয়া
/kaggle/input/regspeech12/test/test_sylhet_0193.wav,আর অইলো বাড়ত থাকি খাফড় চুফর গরো আনিয়া খুছাইয়া রাখা মুরু গুরুক বরো আইলে ইতা জাপানি ও ওউ যতোর কাছগুলা ছিলামা ততো ওতো খরিয়া ফরে জাফানি বলতে মরগবা ওয় অয় মুরুগের সাছার বিত্রে জুরিতাতা দিয়া রাখা
/kaggle/input/regspeech12/test/test_habiganj_0070.wav,গা ফারঅনামি কা আর দারু অ নামেক্কা ফার অইয়া আর একটু অইছে যে একটা পাসের মতোল বেশি বড় না না তিন তালাত ছিজাক  তিন তালাত
/kaggle/input/regspeech12/test/test_kishoreganj_0182.wav,কিফরে এই অইলো তোলুর  অইলো অইলো এলো অতো ওয়াইলোতা অলো এলোতা লো এলো অততা অন এলো বরে পুষ্টিস  এর জন্য কোনটি পয়োজন না
/kaggle/input/regspeech12/test/test_barishal_0037.wav,তাডা আমনা আপনে জানেন এ নে ক মরে পনত কিশের চাটের সমরলসজা নাই তু বেশি হতো চালাক নাহ হনে না এর মইদ্দে কি করছে কত চালা ক কতাডা হনেনাহ চালাতের লোগে চালো খাইলাবে তলে দেদামাইছে জাল চোরারে তোমা এই এমত করছে কি মে এ কতাডা খায়াল কইরবেন যদি আমার দোষায় কইয়েন বলে তোর দোষ ও মোরে হঠাৎ কইরা ক কি
/kaggle/input/regspeech12/test/test_chittagong_0127.wav,ময়ডা হয় ডাগম কেছে তো আইচ্ছা ইয়া শাফালা গাছ সরে পাচটা বাজে দে আইছের কি সারাসা বাছনদি লেমনে তারপর স্টেশনত  গাছে তোরা আঁরা দিছ দইলে গেলে আমিে ল গেজে ভাল্লা মহানগরেক পেস
/kaggle/input/regspeech12/test/test_tangail_0104.wav,তো আমি আবারো মানে নামগুলা উল্লেখ খরতাছি প্রথমে প্রথমডা হইছে বইমান ্রেফসোডি তারপরে অইছে সেরেন ডিপিটি তারপরে হইছে লাইফ অপ পাই তারপর হইছে অক্টোবার তাররে হইছে সাবারিয়া
/kaggle/input/regspeech12/test/test_rangpur_0005.wav,ওহ হাসের দাম বলে ঢাকাত একটা করি ন আইসে া হাসের দাম গমো হুত করি বাড়ি গয কে জযানো দাম  মযডাম ডাককনে যায় আয় আয় আর যিমন কেরে হাট নিয়া যাইবে নাকি
/kaggle/input/regspeech12/test/test_rangpur_0073.wav,হ্যা পরে দিকি দে ছ দে কী কি না রে দিছে এ লাসতে একবারে একমন করি আনছিল আগ নিং করিয়া নিতে যেহমা হইলো ছয়টা বার করা যা না ওই নাস তো আগের ফায়টা ফরা পষ্টা এই যে শাগ যে বাছিল শাক দেও পাতা কতকোনা ডাটা গুলে দ্োহো কতগুলা
/kaggle/input/regspeech12/test/test_sylhet_0343.wav,ওতা দৌঁড়িয়া সখালে এক ফরিক্কা বিকালে এক ফরীক্কা ওলা করিয়া রিটেন ফরীক্কা দিছি দিয়া যাই ওক রিটেনের রেজাল্ট আলহামদুল্লিল্লাহ কজিটিব আইছে যখন রিটেনের রেজাল্ট পজিটিব আইছে তখন তো বাইবাদেওয়াত যাইতাম
/kaggle/input/regspeech12/test/test_sylhet_0749.wav,চল্লিশ দিন কইারল যদি না ছোটটা খরোইন না দআমরাও চল্লিশ দিন বইস মাসে ভাব ওই  বইস মাসে বা খরিয়ালেতোতাইর মাই হ ও চল্লিশ দিনি এখমাস ছল্লিশ দিন বাদে বউত নিয়ম
/kaggle/input/regspeech12/test/test_narail_0135.wav,তও কোনোদিন পারবে না না আমার চাচ আমার অবশ্য লা খুব খারাপতে সেওডা খুব খারাপ তো আমার মাছ রে নমতি দে যাওয়ার আমার মা কইছে কি পাসপো্ড কইরে আমার মারে ইন্ডিয়ায় থুয়ে যাতি
/kaggle/input/regspeech12/test/test_sylhet_0390.wav,সব করতে ভালো লাগে হ হ খাইছোনি ইতে আজকে খাইছো না কন খাইলি যে তুমি ইখনেপাো না তাই যেন না এাডা ভাড়া তারা তি খাইটা নে আর আমরা খাকি হরলেথাক
/kaggle/input/regspeech12/test/test_sylhet_0645.wav,হ্যাআর মায় মায় ও মা ওক ছাকরা খরোইন নাই  আমার মায় গি বেিকিতা খরো সারাদিন তোমরা কিতা খেলা দুলা খরো কিলান সময় যায় ো লেখ ওইল বলে মা ফড়াাু্
/kaggle/input/regspeech12/test/test_narail_0028.wav,এনে ইস্কুল বরি কতে মিটিন পি ওই টুকলার বাবার সম্পত্তিতো নিজেস্সে টাতাবতা হুসতামনা পইটা তো এইডে আমি সুনা কথাবনাই তো দুরে না ও এইজাগাছা এইইসে ওই যে শালকলি আসাদ মেয়ের কোনো জমি খায় নাই
/kaggle/input/regspeech12/test/test_kishoreganj_0019.wav,খাওয়া যার রা এক্কানে বুইট্টা বাড়র  বাড়ি অইয়া দিছি হ ইয়াদ রাস্তা সুবিধা না এে কুন বন আরেকদিন আয়াম হ্যাহবর যে জিলা দেয় হ াবিলাইদি আইটটা বা এইতে এই বাত বিলাইদে আইটটা রা া নাগাতো  নাএক কুরা বা ম জিলা গাছলাম ে দিতে ব
/kaggle/input/regspeech12/test/test_sylhet_0488.wav,আামার তো বাই মানিষে আমার খাজ লানট আমার বাই তাকিা আইসোন তাইলাও গেছোন লগেসব তারা টেনশন খররা যে সব নিয় তো সময় লাগে ওই নিছোন এগারোটার সময় এগারোটার বারোটা য় একটা টা তিনটা বাজি যায় এখন আমার পেশেন্ট বা খরিয়া দেই না কিতা বিষয় আসায় ফরে শোখা তারার মানে জোর খরিয়াও খামা ইদের খস মানে যেনো ম্যাডামে ওতলে খরেি ইতারর মাঝ দুইটা বেট ুচছ এরফরের বিত্রে আবারগ ফরেমা ম্যাডাম অনো বিপিল না আর ইন্না যেলু করের বাবা ইনোর বিত্রেও আমাক বিট
/kaggle/input/regspeech12/test/test_sylhet_0548.wav,ইউটিউবো এখটা ভিডিও দেখতি যে রমজানো রমজানো ওইলো মাস্টার্সে ফরিককা মানে আস্তে যেএখটা গ্যাস দিলাইছে টকগ ফই যাইতাছি রমজানো ওইলে পড়া তো করছিলো নে যাওয়াও একটা খষ্ট ন দেখনো এমসির হলো আছোয়
/kaggle/input/regspeech12/test/test_sandwip_0043.wav,বরসা ছাড় দাম দিছিনি হিহানে বরসা ছাড়া তরা রানাইছিআছে বাবা গোো আঁই আগে বাইত গাইছে আইছে হ হানে অনে অছের অইছেনি কুনু রান্দা হেয়্যিনএর্লাই বুলি আগে বাইত গাছু ক
/kaggle/input/regspeech12/test/test_sylhet_0678.wav,এখবার আফনা এডোইহো তাই ওততো তুমি অনেক বালা মানে ফোটো আরকি খুব আফনারা মায়েরা শিক্ষিত ওইলে আসলে বা গ্তার আগে যে সুন্দর কিতা দেওয়া যায় আর কিলা আফনার মানে সময় দিন কিলা যায় সারাদিন কিলা কিতা খরোইন তো বাটি জাইনতোর লাগিও যা যবটব তো অখনো খাইছি নামো খরছিলাম চেষ্টা খরছি ইতা স খইরাম লাগ
/kaggle/input/regspeech12/test/test_rangpur_0033.wav,গাই বান্দারও ওইটায়  গাইবানদার উদি আমি খাই নাই কোনোদিন মুই  আার হইলো আল্ ওই হরিপুরের ওটা খায়া যায়া আমার তি যাওয়ার রুচি মরি গেছে ও পতোর যাওয়ার রে থাকি খাললা কটা মঞ্জুর এনের বাড়িত তরকারি হামরা আগে থেকি খাবার পাই না ত্যাল থ্য দানা
/kaggle/input/regspeech12/test/test_sylhet_0332.wav,খন যেই কাজগুলা ফ্যামিলিত খররায় ই কাজগুলা করার লাগি আরেকজন মানুষ লাখ তো তার ও তো বেতন দেওয়ার লাগবো তোমার হি টেখা দিয়া তো ইবে তোন ওইতো না তোডলাটা চাকরি করিয়া তুমি কাজের বুয়ার বেতনও টতায় ফারতায় না তে না তুমি চাকরির সামলাইতে ফারবায় না তুমি বুয়া সামলাইতায় ফারবায় তার চেয়ে
/kaggle/input/regspeech12/test/test_sylhet_0641.wav,ডালগাাএগুগা বইনা খাইলাও াও গাও দিয়া বইন   গো নাই কিতা গান কছো মানে এখন সরলিপিশেস নি মুখে খছ  খলেনা খরলে ওইমোনি তারা অগুব  আরো
/kaggle/input/regspeech12/test/test_chittagong_0131.wav,খারাপ ওইডা া বিএপি ও দর ন হেই ন যায় রদো এরং  জারানগা গ  নলাম  ভাই বড় বেছর্জা ফদা খালি বড় বেশি মাসক দেয়ে হ্যা মবো সময় আইয়রে সাল সাতটা বাজে ফানদে গেয় এইগু
/kaggle/input/regspeech12/test/test_narsingdi_0087.wav,ফিরি হিটে ত সবত খান্ি দিতো না নারেবন অনে ফেরি বামার এই ফাতা ফিরা খালি যিব্বা ছিল্লান দা ইতেদিনে মনে অয় বৃষ্টি অইবো যেই গরম ফড়তাছে আল্লা ইদের দিনেকি আল্লা বৃষ্টি অইলে আমি বৃষ্টির লাইজ্ঞা ছাই বাকাত ন খরেন আমার ছনর
/kaggle/input/regspeech12/test/test_sylhet_0196.wav,বাকি আমরা ছুটো ফাচজন আছলাম ফড়া ো ফাঁচজনের মাঝে সিরিয়ালি আমি আছলাম ওছাইর নাম্বার আমার ছুটো আরো খটা ভাই আছি তো আমরার আসলে কুনু টিচার লাগতো না আব্বায় ফড়াইতা আমার আম্মা স্কুল ইস্কুলো গেছোইন না আব্বায়
/kaggle/input/regspeech12/test/test_noakhali_0013.wav,আছে মি চাইরও না স্যারে ব্যাং্কাই দিতাম
/kaggle/input/regspeech12/test/test_narsingdi_0006.wav,আরে বাংলাদেশ লো বেটা দৌনীতি এ পড়া এএক পাপ কনডা দেখ অগো পান না কিন্তু নয়শো কুটি টাকা আছে এই এত্ত টাকা দিয়া কি করবো কিছু টাকা পয়সা খরচগুলে তো ভালো
/kaggle/input/regspeech12/test/test_barishal_0070.wav,মাথার দারে থুইবে একদার দ্িা খাা হ  বোলায় পুনতো মুদি কযা মুদি হইয়া দো তা াছেলাায় খায় কাগল আগে খায় হ্যাগো সব্তিই আছে হরা জুদো থাহ এমনে দেন না পাল্লে কিছু মাজে না কে পারলে কিছু দেখ না বাজলে দেই না কিয়া দেওয়ানা বাজলে কি যদি আপনে দ্যন বউ হইয়ায় ওকথা ক চাইয়া থান নাগ ন জ্বালা আছে চাইয়এনা চাইয়ে থাকতে হইবে দেইক্কা খাওয়াইতে অইবে
/kaggle/input/regspeech12/test/test_sylhet_0420.wav,আমি তাখাইয়ুদ লাগে নামাজ ফরছে আল্লা কিছু খরছ কিন্তু খঠাত ফরি এখজন ডাক্তার লম তাকি মানে আমার খাজা ফরিচিত তো তাইন র লগে যোগাযোগ খরছোন তাইন খইছোইন ঢাখা তুমি মখবাজার লইয়াও তাইনোনো  বাসিম লইয়া তালইয়া ফরে তাইন যে কুশশি মনো খরছো খমন বালা ওই যায়
/kaggle/input/regspeech12/test/test_sylhet_0605.wav,এলি ম্যাডাম আছ লাগে এদি ম্যাডাম লাভলি ম্যাডাম ম্যাডাম নচি মাছফানাল যে ম্যাডামোর মেয়ের াগটনা নিয়া ো  আবার মেয়েওই ঠিকটাক ওই গেছে খাটা ওততো সাড়ানি ম্যাডামের সাতেও তো অনেক কিছুএকতে তাইনে মেয়েরে নিয়ে মেইনলি বিয়া থিছলা ফরে অনেক কাহিনী ফড়ছাও
/kaggle/input/regspeech12/test/test_narsingdi_0113.wav,ন কি ওইতে নাম এতকুতা অইয়া গেছে এি লশফি দ্দা বতো ছালে পো সুজা বছতা কিতা আইচ্ছা অবেসুনাল কী কেপব সিঙ্গার অইতেছে এক গরু
/kaggle/input/regspeech12/test/test_sylhet_0430.wav,এখন তছর ইকি এখটু রই গেছে মানে এ ফরেন বালা খরছেন ওখান খও একপু জেনো বালা বরছোনএ তো অনেখ খুশি ওইছে আমি এরফরে ফরছাবর রাস্তাত জিক্কা টাডাল লাগে ইছেন ওগা আটকে গেছে ইগু বারো না মানে ইগু আনতে ফারবা নায়
/kaggle/input/regspeech12/test/test_comilla_0022.wav,কীভাবে হইলে এটাও অবস্থা পরতাছি না আর ওই যে মেয়েটা মারা গেছে ওই মেয়েটা হইছে মানে ওর বাবা মায়র ছোট সুন্তান অনেক আদরের একটা ভাই হচ্ছে ইঞ্জিনিয়ার আরেকটা বন হচ্ছে ইয়াতে পরে কলেজে পড়ে আর মার সাথেই মেয়েটা থাকে
/kaggle/input/regspeech12/test/test_narsingdi_0097.wav,তুমাক্কু মেলন েদেরননান দেন ও ওয়েড বয়েট ইযেনেবাহাই ওয়া দেগে েএলেডেক্কি সুন্দর ঈদের দিন মায় কী রানবো  সে মাইনোডিলস মানল ডুস্টা আইয়া অয়া যায়
/kaggle/input/regspeech12/test/test_habiganj_0113.wav,এমনে ক্লাস টিমততো ওয় ক্লাস ওইলো বাট ক্লাসে এতো একটা ফোলা ফাইন গুরুত্ব দে না এরা বিশেষ খইরা স্যারগো খরছে বা কোচিং টোচিং ফরে উসব অনুযায়ী এরা গুরুত্ব দে ইসব খওয়ালেখা যা আছে সব ইান শেষ খরি ফাওয়া লেখা
/kaggle/input/regspeech12/test/test_narsingdi_0045.wav,গুলাফান্ে তলকা ফলিং স্টার দেখছি অহন এইডা কি ফলিং ছলা না কি ওই যে ইয়া আতরবাজি মারে নাই মন ইততা বুঝতাছি নামি ওই জর বাছ নিজের মাধ্যেে নিজের এক্সেন্টার কথা বলতে আমি নিজজের এরখানের খতা ওই
/kaggle/input/regspeech12/test/test_sylhet_0679.wav,আছি আরই বর্তমানের বাইচ্চাইন তর এতো মার সুলো বাটর আছিইন না সবলা গসা গতো ওয় আমি তাইরে ক করটেক্কর আর কুচিটানি লাগে তইতো ক্লাস থ্রিদি আমি দু ওইছি া তারফরেও সংসার যায় তারার ফাড়া লেখা আপনাি খয়রনা
/kaggle/input/regspeech12/test/test_tangail_0119.wav,তারপর বিজনাসির নামেম তাহসান সবাই যার যার পক্ষ তিকা একেকটা কাপড় কেনতেছে পড়া কাপড় এবং  আক লাখ টাকা করে দিতেছে এটা খুবই ভালো উত্তোগ মানে সবার কন্ট্রিবিউশনে দেখা যাইতেছে ব্যবসায়ীরা আবার নতুন কইরা দাঁড়াইতে পারি  জেনন দকি বিজনাসির হামিমের
/kaggle/input/regspeech12/test/test_chittagong_0164.wav,এহম নিয়ে নো আঁরাম্মুরা জ যইবো না কিেরা নাম তা খরি চাাবিদিয় রি তছাইন্না আঁরামমুরা বুঝরাম ফরুব গিনি গম গুরি আরে আঁরা মুরা ইছ তোহালা কারাল্লা খতা হইছ না তোহেলা ল্লা খতার খইনি ইতুই খতে খবে মাঝখান অরদে ক ফনডে গিয়্যে গুপ
/kaggle/input/regspeech12/test/test_sylhet_0729.wav,খই া আশেপাশে সদ যায় খালি যারার বিয়ে ওইবো এরা যা খই  রকে এখন এর বাদে তোমার  গাটি নান এখটা খছর তো তো যে নানি খই া বাদে গাটি নানি গাটিনেন বাদেও আমরার গাটিনারজিনফর তাইল বিচছান গিা এইসময় মানে
/kaggle/input/regspeech12/test/test_rangpur_0116.wav,মনে কর কালাই না থাকে এখন ডাইল এখনাদেয় শাগ দেয় যখন যেটা লাগে বুজছিস লা যখন যা লাগে তখনে তা দিছিল
/kaggle/input/regspeech12/test/test_sylhet_0191.wav,ওইটুকু খাওয়া আবার সুন্দ্ার আগে বাবিলে খইতামবা আমি কুতা লাগছে দেখা যাইতো রান্নার আগেও আমরারে কিচ্চুষটা বানায় দিতাম  ইত দিয়া তেল দিয়া মুজা গুরিয়া ই নম লাখান জান্দিয়া কিতা মচ্ছা খনি গুরা সিলেটি বাষা নিক্কা চ্ছা খাইতাম খাইয়া গিয়া ফড়াত দইতাম
/kaggle/input/regspeech12/test/test_sylhet_0702.wav,ঘরোইর কাছছো খইগর া ওইটা  ইটা ইটা বেকার কিলা ানি ইটাতো অনেক আচ্ছা এহন খইন আফনারে ফয় ভাবো বাইত্যা টাইচ্চা আছেনওই আফনার বি ইেন বিতা
/kaggle/input/regspeech12/test/test_sylhet_0364.wav,বাচ্চা টারে লইয়া আসলে আমার ড্রিম বলতে আমরা যেভাবে স্ট্রাগল খরিয়া আইছি আমরার বাচ্চারা তো রেশে ওলা সাগল ফড়তো নায়
/kaggle/input/regspeech12/test/test_sylhet_0224.wav,হওতো ওইততো ওইমু ইটা তো আর আমরার জন্মগত ফ্যাশা ইটা তো আর পাইমু ওউ আমি ফড়া শুরু খরছি তো যে ইস্কুলো ফড়তাম ইটা তেকি বালা রেজাল্ট খরিয়া বাইর ওইছিল ওলা উদাহরণ নাই আমার বাইয়েন ফড়তা বালা ইস্কুলো কিন্তু আমার স্কুলটা তো বালা আছি মানমিও না ইতা আরকি কুনুরখম কুনু ছুড়ত ফড়া
/kaggle/input/regspeech12/test/test_sylhet_0146.wav,সারাদিন কিতা কিতা খরোইন আমরারে খইন আমি ম সারাদিনামা কপি চ্ছা আজ্জা কার্তা া ওইখামুই কিতা কিতা খরোইন আরকি মা হিজত্তো না ফনেরার মাে জীবন লইয়া ওতোই বেশি জানা দরকার আমরার ছাত্র ছাত্রীরা কিতা খরে ওতা তো আমরা এম্নেও জানি আফনেরা কিতা খরোইন তেমনে দিন যায় া আফনেরার জামানার সাতে আমরার জামানআর কিতা কিতা ফার্থক্য কটুক কইন
/kaggle/input/regspeech12/test/test_narail_0075.wav,আমা া গাইলেও তো উমানে জোগদে কাইনবোরতাডা খাও  ফাও   সবটাও নারাতে আমার খাম  দা এ হমক কেছের দিন আছে এই কয়টা দিন ক  বোহ নিে আমার ঠাম্মার সাথে আম গুছে টাহা গুনগা গুন ক্কে প ওই তো অনেক টকটা দামাল
/kaggle/input/regspeech12/test/test_habiganj_0061.wav,তুলো ধইরা বইয়া থাখে যদি কুছতা কুছতা খই তাখা দেই তো ছুলো তইরালই ঠিয়া তাখে এমন অবস্থা এমন ফরে শাসন কিতা খরতায় এরা ওই দেখা যায় বড়  এরারে একসা খতা খইয়া ইো খরোন যান এরারে ফরাত বয়টে নিয়া গেলে ফরে কেন মানে আর ফড়াত বলে তো আমি শেষ আমার আতে তো পিডা খাইতে আইতেশেষ ফড়াত বইলে আবার মা তাখে খাছে আমারে আবারোও দো আমার উফ্রা আত ত তুলে না কিন্তু এমনে ডঙগেডা এমনে যেসময় আমরা ডঙ নাঙ করি যদি
/kaggle/input/regspeech12/test/test_sylhet_0638.wav,বালা আসালে তুমি মার নাম কিতা তুমরা তুই বোইন নি াাতো ওই কিতা খরো তুমি হড়া লেখা খরোনে ইটা য়তো
/kaggle/input/regspeech12/test/test_narail_0056.wav,ুিশিশিরির দারে নাকি কাদ্দারে নুটিস আইছেলো আমাগেআমাগে নামে স শিশির আমাগে ম্যালাদিন পরে দেছেলো  ওইর ভিতরে ওরা দলিল কইরে নেছে আমাগে যে বাদায় রাহিছেলো না জমির কথা কইয়ো কে ই ভিটাটুক আমাগে দেবে ওই ভিটাম ওই গের নামে দলি লস ছেলো না এই জন্যি মেলা যেই রেকর্ড হইয়ে গেছে সে আমাগে দিছে
/kaggle/input/regspeech12/test/test_rangpur_0092.wav,ও তাইলে খাওয়া দাওয়া মানুষে করায় ভালোভাবে হ হুম খাওয়া দাওয়া করায় তো কাইলকাআর বাড়িত খাইসেন কাল ফুলু চোচর বাড়িত ও তার আগের দিন আনপের বাড়িত
/kaggle/input/regspeech12/test/test_sandwip_0079.wav,হয়ান খম  আইচ্ছা আম গা কুন্তু হম ফারো না অদে ই লগ্গার দেখলের মন করা হ্যাকয়দিন ওইগগা দেয় শেষ ুনা যা কামা কার দেও না না
/kaggle/input/regspeech12/test/test_sylhet_0142.wav,না ছেলে রাছি তা মাছবিা াই ওই রাস্তা দিগরি ক ভালা রা পরিবার নিয়া  দুনি া দস পরিবার না
/kaggle/input/regspeech12/test/test_chittagong_0116.wav,বেল গবেলা ইছি আবার বিকাল অইছি এটি তো ফাল্লার মোবাইল টুবালি যছু ন দেয়ে দোইতারা ন না না নও দিবো নদী ফুগায় ফরা ইদিবো যে ইন্টারের ফরে খইয়যেদে এডাবারদে কেউগগা হান ওইরে ইতু লাল বুজা ফারা আছে
/kaggle/input/regspeech12/test/test_sandwip_0069.wav,আঁর মতন হেই যা উনি অনকা হেরা মাইজ্জা দুগগুরে খ খাই বার দুগা খাই যার চাই ফরি অচ্ছে না মনে কোনা যন অইলে ইস্কুল এডে নিয়া গইছে যো ফইলা হইলা ভাবি আই া
/kaggle/input/regspeech12/test/test_sylhet_0661.wav,থাইলো তাও আমরা গরো আরেকবারে এন্নি তায় ওয় আমার
/kaggle/input/regspeech12/test/test_noakhali_0002.wav,বাব্বা টমে টুকে ত ওটি সিজন নৌকা তো আমেতো দাম কমে না কিল্লাই কাইল আঙগো হরিগাং মুলি নে ওগগা খারা ই রায় কতি নস এরেক সাথেই ম্যে খ্তে দাম বেচছে সবা আমার এইরে বত ফুরুর ইকটাবে জানা দাম ছওমেনা খবনাইতইবা
/kaggle/input/regspeech12/test/test_chittagong_0090.wav,ইতা আরাইয যাই এেরা কম্পিউটারে ইন্ডিয় আদ্দায় উন্দি আরদর এহন মযদি কারের লই থাকে কার লই থাকে তাইলি না ফারি আওয়া ইচ্ছা তো এনঅনারসে সেকেন্ড মেইিট ত নো আইয়্যা না মেনে
/kaggle/input/regspeech12/test/test_sylhet_0214.wav,তো তার নাম দেখি ইসময় আমি তো খালি এক তেকি নাইনে উঠছি তো আমারো মনেমনো টার্গেট যে আমারও তো এখসময় ওলা নাম উটতো ইতার মাঝে ইত্লা চ্যাক খরতে চ্যাক খরতে এখটা গিয়া আমি আার জিনিস মানে ব্রেনোর মাঝে খুব হ্যামার্ডিং দিলো ওটা ওইলো গিয়া
/kaggle/input/regspeech12/test/test_chittagong_0109.wav,আ দ মগু সুন্দর আছে ছুডটলব বা আইও সুন্দর শুনা গরুস কদির আর হতা বাততযে গাছ খালা্মু কায়া তো হইয়রা ওগো ভালা ফুয়াস্তা ফাইলে দিতো তাহন আর সৌদি খতা খইযে নাই নাইমুা সৌদি আঁরা আইডির পাসার আছিল
/kaggle/input/regspeech12/test/test_sylhet_0024.wav,তারফরে আমরা খাই ঞজলি দেওয়া ওইলো মার খাছে দ দিয়া গিয়া আমাসটান খাওয়য় ফর পসারি আটা পাশা ইগুলি দেওয়া যাকি ইগুলো খাওয়ার ফরে তার দুপুরে যেেফাত খাওয়র টাইম ওলো তখন কিছু রিফলা ওইলোিমন্দুরি আমরা খা
/kaggle/input/regspeech12/test/test_narail_0127.wav,মানে ব্যা বল দিছেে তা এগ বর মনে থায়ে বড় থাহে বাড়ি থাহে বলে বেশিরভাগ সময় এতা কচ্ছে ও থাকে না থাকার মতো একদিন ফোন দে ছেলো তা অনেক শুকাচ্ছে তুমাকে আমি অনেক মিস করতিছি এহন কইচ্ছে ও যাদুন ভায় ছইলে যা দুই ভাই যাবো ক্যা
/kaggle/input/regspeech12/test/test_sylhet_0379.wav,ফরে আমার জালেরারে কিন্ছু আমি সম্পূর্ণ দিয়ে দিয়েও তে তারার মাঝে কুনু দরনের অচিতটি বা না পাওয়ার ইতিহাস থাখে নাই জালেলা া আমার শ্বশুর শ্বাসুড়ি দুরে তারা যে ছেলে মেয়েরে ফড়াইছি ইখানো তারার লাগি বেশি
/kaggle/input/regspeech12/test/test_sandwip_0055.wav,হয়তো আছো আবারো শান্তি নি এমনে বারো মাস ও শানছ দি অলা  দি টেনশন বেশি গরের ইয়োত্তোনো হোলানি ধন্দে বান্দা ন থাকবোনে সংকেটন খেললোয়
/kaggle/input/regspeech12/test/test_sylhet_0016.wav,তারফরে ধরনীয় তে ফুজা শেষ হওয়ার ফরের দিন এডে ফিজলি দেওয়া ওইলো নারাত্তে তালা সবাই আনন্দ তর্যন্ত ফড়লো খরার ফরে ফরের দিন মার্ক আছে আবার আমরা ইয়ো খরা ইটাখরা  যরতো নিয়ে
/kaggle/input/regspeech12/test/test_chittagong_0041.wav,ওডে চুলি না আডিবেলা ইতো মনে অয় ইতার দারি চাইতালানা আঁই ফেস্টিভযল আইতা ইদ দি ওয় ইচ্ছে তুর জামাইটামাই ভালা আছে না আগে আঁর জামাই খতা খাওয়া দেয় না আঁই বিয়া গইরদো নি আইজুম ইবের জামাই মানি লর না ন জরে এডে খইততারেনি
/kaggle/input/regspeech12/test/test_chittagong_0003.wav,আর চাজিদে মাতদে টাতে দে ইবার তো বিাক ফুনে ফি নাই আছে এরা ছুরুছুবাফর ো গেয়া তে ইয়ানবে উইবার কেউ নছিনি তো ইবআর কেউ দেহিলা আর ওয়ারে দেহি যাইতে ওবা ক তো কাইলদি দি হাটতি মাইনসের সালাম টালাম দিন না ফরতো এনাসাা খ র আর বড় দুন য়ারে ই না কনে কেউ চিনে না ভালা গরিয়েরে আর গুরো সাজিদ কাট টে অইল্লা তো
/kaggle/input/regspeech12/test/test_chittagong_0108.wav,ইনলয়েরদি বউত খারতা খইয়া আর মল কী বলে ব্যাংকারালছে বিদেশে আছে আর কগো বাড়িত কা বলডি কালায় দে বাড়ি কর বলডি কালা লইয়ারে ওদি খই আনরেব লগম নাকি আছে বাড়িত ঘর ইবের খতা খইি
/kaggle/input/regspeech12/test/test_sylhet_0133.wav,আইচ্ছা পিনবিটিরে দিছে ফি চিনছ াছুডা হই গেইয়্যে তো তিনজন খাম খরোন ই বাকি দুইজনে কিতা খরোইন তে দুইজনও আমি জিছা ফরি খাম ফারি টেয়ার ঘর বাছু  ফরিস কার ই হরেও তারাও ওইতা খরে
/kaggle/input/regspeech12/test/test_barishal_0016.wav,হেইয়া দুইজনের সমক্ট দোক আছে আপার আগে চাকরি আইছে খইন চাকলি কইরা হেই খোসের ডাক্তার পরাইয়া ডাক্তার বানাইছিরিস এহন আর পরে ভালো লাগে ডা চুন যামার গ খাইটলা মাইয়া না বা খাা  ভাবে পরে আরেকতে হেনো কী করে খাইতর বা টেরি বিয়া অইছে একটা বা খাাই তন জব আগেত্তা মডুছা দিছে
/kaggle/input/regspeech12/test/test_sylhet_0134.wav,আছা মেেরা তো নিজে রাইন্দা খা  যায়াজরে রনাতে খইছাইন ইদের দিন কিতা খরোইন মানে এম্নে গরোর মাঝে কিতা খর গরোর মঝো লুনগরা মারাই আর ইো তোমার আাইকলর ফিডা মারাই আরসে মার আর কিচ্ছু না
/kaggle/input/regspeech12/test/test_sylhet_0615.wav,া খালি ছাকরি বা কিবা নোয়াছ ওও ছাইমার খাছে হুম খয়গু দিরাইবো ফরবি রতা আছেন বাাসামিউ না ামেনাছাি য়াস মাস দি ছাকরি ইবরা ইতা তানি বিননি
/kaggle/input/regspeech12/test/test_narail_0152.wav,ফুই গন্ত্ ফে দিা দইরে দিলাম কে িতুনয়ন ক নে
/kaggle/input/regspeech12/test/test_kishoreganj_0020.wav,ইা মামা খাত না ছিছারছে না না হ বিচ্ছাছে এইডি সব বিদিলছে হ বিছাআমরার দে খিছা আছে ইদার এইদে খএকটা খামবাদা করছুইন না হ এ নামবার কেত আছে থাডান্দা বুজ্জুইন ছাডান্দার বিলএএ আমগা অইছে  ফুরান বাড়ি আর আমরা বাড়ি অইছে বয়ি ছে
/kaggle/input/regspeech12/test/test_kishoreganj_0135.wav,নাম দিবা জান্যাব কলা কা টাল আম কলা কা পলা কাহিদিং অসতে হইটু
/kaggle/input/regspeech12/test/test_narail_0132.wav,আমি দিন ঘরি একা এক্া ঘরের ভিতরে সিয়য় থাকি আমার ভাল্লাগে না সিয় থাহি মুবাইল সাপি ঘুমাই আর এই জাগায় এইমাম জন টোন আমার বাল্লাগে না ওবে ইন্ডিয়া আমার খুব ইন্ডিয়া আমার খুব আপন ওইয়ে গেছে বুচ্ছিস ইন্ডিয়া আমি আকাক জ্বলাজল করিছি
/kaggle/input/regspeech12/test/test_narsingdi_0032.wav,স্বপ্ন তো সবা আমরা দুইটা ম্যাচ জিতবো ট বাইবায় আসলাম পাকেগুলা জিততে পারলে আমাদের জন্য প্লাস পয়েন্ট আমরা ভালো কিছু খরতে ফারতো ইন্ডিয়ার সাথে লিটনদার রানাউরটা না হইলে তবেটা জিততা যায় কোনু জাম আসেল
/kaggle/input/regspeech12/test/test_sylhet_0511.wav,আানাই টাইতে তাহোন আঞছন মন ওযে বিল্ডিং গরি কিমার মানে করচাক বা সরকারি হেল্ফারি কম জান বার
/kaggle/input/regspeech12/test/test_sylhet_0470.wav,মায়া বিছি মায়া বেশি আরো তো আমরা ইতা টেখা খচ্ছি ুরা  ডিলমশন ফাইছোইন ফাঁচাশ ফাতআশি লাখ টো আইসি বচছি তাইয়ে তো খইছে তোমার বুমালরা ই রেসিরা বিলসাস ফড়াইতানি ব্যবসা বাণিজ্যির লগি জতা আমিছর মেনোননতারিতা
/kaggle/input/regspeech12/test/test_sylhet_0030.wav,অনেক পাখা উঠে কর নামি কালের মইদ্যে বা প্রনামি বাবসের মদ্যে উঠে তে অখন ই টাখাগুলিও খেয় নেয় ই টাখাগুলা উপুরোতি নেয় অনেক আজকরুতি দেয় না কমিটির যেকে দেয়ুব কিন্তু তারফরেও তারা যযে মানমনে খরে পুরুতে নেওয়ারনে কমিটি নির্ভর খরে
/kaggle/input/regspeech12/test/test_rangpur_0054.wav,আল্লাহ আল্লাহ যে জমিন নাই হাত পায়ের উপর দিয়া এই শুকুড় চালায় এইটা আল্লাহর কাছে লাখো শুকু লাখো শুক রইয়া
/kaggle/input/regspeech12/test/test_chittagong_0160.wav,কিছি হবদে অনের কর তো ঘুরু চিরি টিয়া লাগে চনও কে লাগি লাি দুইল্লা ছব্দেদ   ফইত্তা কলেজ দিয়ি পইততাগালার দিবি দিয় রি সিটি ক দহন য়া এহন পইতটা কলেজোত দিবি আইন্ছা ছারি ছত্তু না বগুযি মন হরু
/kaggle/input/regspeech12/test/test_sylhet_0553.wav,সবার লগে ফ্রেন্ডলি মানে ফড়ানের আগে প্রিপারেশন তেকিলা নিতো এরা কেউ আলাদা তরে তরারে প্র্োক্টিস খরাইতো না আমি তোসলা ামিতো মাত্র তিন মাস আমি খালি স্পেক ইন্টাস্ট মিনিছে আর ওইলো গিয়া আইওো ছো রিডিং আছে নামিরিডিং ওর শিট
/kaggle/input/regspeech12/test/test_chittagong_0129.wav,তলি অ একটা দুইতা হুম মহানগর ফারলা দুইটাগু বলে মনর হ উরেদে মনে নয় হয় দাগগো ভাতা হাগা কিয়া গহল সারাম মিয়াই হছ রেডি কসুব ফঙলই গিয়া দই হ্যাঁ
/kaggle/input/regspeech12/test/test_tangail_0017.wav,ফানরিস করে যা পরিকার্ যারা দরিদ্র আছে অসুস্থ এইট থাকপেন্তো তাদের যদি পুরা এডা পুরা অনেক একটা হিট ফুরা হয়ে যায় সারা দেশে এবং ইন্টারন্যাশনালি
/kaggle/input/regspeech12/test/test_sylhet_0087.wav,না তাত ফড়া শুনা খরতে বালা লাগে না এবারো লাইনো বড়কী অইছে তাইরে জুরু খরি খালি আমি ভাইয়া জুর খরি নেয় ফরক কিচ্ছু খরতে ভাল্লাগে না একটা সাব্টেক্ট  খব অনিক বাল্লাগে ন্যা অরে বাবা  বাল লাগে   র   বা বুঝাতে অনেখ সময় আমি যেকতু মাানতছনাতে বালআমিমবাল লাগে কেনে বুজো বালা বুই যাই
/kaggle/input/regspeech12/test/test_kishoreganj_0117.wav,গাছ গাছ ফুড়িং সাপ বেং সাপ গাছ ফুড়িং গাছ বেং গাছ গাছ ফুড়িং বেং শাম কুন্ডা গাছ গাছ গাছ ফুড়িগ্ গাসের এক্ক লাকা গাছ ফুড়িঙয়ের গাছের এক্কা ুদু হরি গাছে না এডিক্কালাে গাসেরে এই গাছ ফুড়িঙএর কা আরবার এই গাছ ফুড়িঙ্গার কেলাকা বযেঙ্গা ুঙ্গে
/kaggle/input/regspeech12/test/test_narail_0160.wav,এরফরে উনার হচ্ছে পাইএলসির সমস্যা তা ও মেলা পূরণও সমস্যা এরফরে আছে উনার হচ্ছে মাজায় সমস্যা এগুলো হচ্ছে উনি উনি পতিদিন কয় উপলব্ধি করে
/kaggle/input/regspeech12/test/test_chittagong_0173.wav,তলে তুর কালামানি যাছে যে চুরোন দেয় কি আঁর খরা তুই নারা খর গছে রান্নাও যাইয়ে এ আঁর খবতাইরসমন খরতায় বেন অন  বেগগন গরি তুই ঁ খতা বিরিতই আঁর খরতা অইছুম  কেন খই মা তো চাইনের সুযোগ বুজেরে যাইন গেলি
/kaggle/input/regspeech12/test/test_narsingdi_0091.wav,দুইডা অইছে এক্কারো বড় সিকারটি আরা দুইডা অইছে ছুডো তিন জরা আরা কা এক্টাা নিরেক্টা আছে ওই প্রলির মতো একটা হ হহ ওইডা কয়এরে আছে যেনই প্রলির মতো লি একটা আছে তবার মাইিক আছে ইস্কুলাসান ব্স না অইলে দুই থেইককা তিনডা আস্তের না সপুরামানম অরতে
/kaggle/input/regspeech12/test/test_rangpur_0080.wav,হ এই নিয়ে যায় না ক্যাম্বায় এই  জনে দী যে শয়তান ঢো পরবের নাসর মতোসা কী কই যদিখেল ফোই গায়ের উপতি যাইবে বলে  ঝোরে ক কনা বুজছিস হুম আর ওই যে কয় যে মিলি বেটি শোন
/kaggle/input/regspeech12/test/test_narsingdi_0116.wav,এডা কইলি না এডা কইলি না খালি নোনা না মমাইড্দে েরি বদ্দও দিলে না আমার লাইফে যেইরা ওইছে আমি এডা কুনোদিন ওইতাম না কোনুদিন খরতাম না আবার লাইফে রেডা ইছা রািজ আর এইডা অপ পর ইরার ইল তোমার কান তেটা খরছা খরছে ালোকা আরকুম বাগছে
/kaggle/input/regspeech12/test/test_sylhet_0089.wav,নাই তো আমার বড় বাইন আর বিা ইনছ হইডা ওইছে কোলা ফুড়া গিস কুলাকুলারে
/kaggle/input/regspeech12/test/test_chittagong_0059.wav,তো কলেজের খবরটা বর কী কলেজর ভাই সেকেন্ড মেয়িটো তো আঁর নাম ন আই এহন কে যদজু বুঝত ন ফারি  তা খোনো দুলাি অবস্থা আঁই আছি
/kaggle/input/regspeech12/test/test_chittagong_0046.wav,হ শেখ হাসিনা হাসাত দেহা করতে জম ফইট কুননা অ ইয়ডিং আআ মায় বারেত ইলে অবু শেক্ক আছিনা এদিনে বাইরাইতাম যেতাম হদিও বইন ন ফালে দা আঁরা মারি ছেলাইত আর হন মিক্কে বাইরাইতাম যেতো হলে এইডে বিজ্জিস ন নাম ললই আরি
/kaggle/input/regspeech12/test/test_chittagong_0151.wav,আ ছোবিতাা ক কনা অনো আর ছেল কাটালে অবু তো আে দিওুন কান হ্যাঁ দিুন কান আইচ্ছা আসি আর কইতাও কিতা অতো সোর করতো ক্যাইন কেন লাগে নিজের অয় তার লাই
/kaggle/input/regspeech12/test/test_sylhet_0231.wav,অলমোস্ট বিয়া টিকও ওই গেছেগো বিয়া সার লগে ঠিক অইছে এইন ওইলা টিয়া একটা ইস্কুলে হুজুর খাইলা আমরা ম্যাডামের গিবা ফরত ছাইছি  অনেক খইতে আচ্ছাকা আমরা জানি হ্যাইগল হটা খই হুজুর সযার
/kaggle/input/regspeech12/test/test_sandwip_0058.wav,ফ্েন বরতা খইদা নাই ফ্যাডা হুরে া খালি এবারে মিডেয় কছ ছায়না
/kaggle/input/regspeech12/test/test_tangail_0054.wav,এই ছবির লাস্টের দিকের যে লাইনডা আছে এ লাইনডা মানে আমার সবচেয়ে খুব কাচি একটা লাইন যেনে বলা হইছে আই সাপোজ ইন দাইন দা হোল অফ লাইফ বিকামস এন একট অপ লেটিংগো
/kaggle/input/regspeech12/test/test_sylhet_0413.wav,ফরে বাড়িছলা সমস্যা বাচ্চাখাচ্চা অর নায় ডাক্তার দেখাইতে দেখাইতে দেখাইতে দেখাইতে যেসবার ফরে বাসা লইছে আইয়া ওউ এখবারে মেইন ভিোর লগবে খনো আতখু লইছে এফরে আল্লায় দলে ওইছে এখজন মেয়েআ খেল আল্লারখ ওইছে খুশি ওইলাম এখন তাইনও মারা গেছে
/kaggle/input/regspeech12/test/test_sandwip_0029.wav,লাইনও যত ইয়ো অইবোক সর্বশেষ কথা একেরে যত কতা কইবোক যত কিছু কইছু সর্বশেষ কথা মাঝ ইয়াল কইবু হিয়া খুব ইয়ার ছুডুগা এউল জুল ইয়াজুল ইদেরে বিয়ার দুই দিন হরে মন অ মাত্ শরীল বেশি অশান্তি লাইগি যে ফোন করছে যে কাইনছে যে হিয়ার হরের দিন
/kaggle/input/regspeech12/test/test_sandwip_0026.wav,তো হেতের হোলাইন আবার হড়ালেখা করছে বউত  আছেম আফার হোলাইন হরা লেখা বেশি কইরতো না যে আছম আফর মনে খুব কষ্ট আইছলো তাই সবসময় ইয়ান কুছে আর কইছে আন্নে মানি আন্নের দিক থাকি আছেম আফা সব সময় খুবই সহত আইছলো হেতে কোনোদিন মানি কোনো কাম কোনোদিন হেতে স্কিউলে হোলান রা হরাইতে কোনো কার ফন্য কইরতো না হিয়া কই
/kaggle/input/regspeech12/test/test_narsingdi_0052.wav,স্বর্ণকাডা ম্যাক্সিমাম হিন্দু হেরে দুদ জ্বালাইদো তজুটকি ফর্ণ লাগলে কিা  রঞ্জু লইয়া যাবো ু প্রাকও টাফর লাইগদে ফরে বারেক প্াফর কই লাগবো  কিন্তু কয়রা ফরদা তরদা বাই টাইবের কিছ্ছু থাহে না মহ ন   অনে জন্য কয়লে তো আগন লাইজ্ঞা যাগা
/kaggle/input/regspeech12/test/test_habiganj_0089.wav,আর এর আগে সিলেট হবিগঞ্জ থিকা সিলেট ও ততু বেশিরভাগ আমরার বিভাগ তিলেট সিলেট গেছি কয়েকবার এর চেয়ে বেশি আর কুনানো গেছে না ফুরো ছা ছা বাগানো ঘুরাইছো না চা বাগানো গেছি সিলেট গেছি তারফর আমরার মবিগঞ্জেছাাদি চা বাগান আছে ইখানো তো ঘুরাইছি
/kaggle/input/regspeech12/test/test_chittagong_0117.wav,ইন্টারও ফরে এহন ন হইয়ো ফরীক্কার ফরে তুললে দরিবু তো ভুঝা বালা আছার খই যেয় ইতি আরও অইলদি আঁর মুবাইলর তুন কল গরিবার লাই ফল লই যাগু কিছু অইলে মাঝখান যে আঁর বাজি ন যাইয়্যুম ই্তা আয়ে তো বুঝা বুঝাই তারফরে ইতা খনতা
/kaggle/input/regspeech12/test/test_barishal_0041.wav,মুই তো ওহন পারি না তাহ সে অরে কইলাম কি য গরু যদি পালস কষ্ট করতে অইবে কিন্তু ভাই হ্যারপরে আমরা সব জেয়ে শেল্না দিবি হইয়ে পারবি না কয় যাপ করমু ওগেলো অর ধান ডাইতে মুখ হইছেগি উত্তর পাড়ায় তিনজসটি ছুডো কেচছি মইল্লা ঘুরোইতেছে
/kaggle/input/regspeech12/test/test_sylhet_0300.wav,ইটা সবসময় সাতে থাখে আর বিয়ার ডেইট ওইলো গিয়া ফড়ে কিতা খরছি যে আমার সামনে তখন আমি ফড়া ফরীক্কার লাগি ফড়িয়ার বিসিএস খরতাম ওদিকে ছাকরির ফরীক্কা দিতাম ওদিকে বার্সিটিরো মাস্টার্সের ফরীক্কা আইয়ো ফরীক্কার লাগি ফড়তাম আমি তখন আছলে বিয়ার তিকি বেশি ফড়া মুখি
/kaggle/input/regspeech12/test/test_narsingdi_0011.wav,এদা বলতেই বে হ এডা আমিও মান না উন্নতি করতেআসছে আরো উন্নতি করবে নতুন নতুন প্লেয়ার আসবে য়েলতবে আমাদের যে পঞ্চ মন্ডব ছিলো ওইরকম পাওয়া যাইবো না রেহাত
/kaggle/input/regspeech12/test/test_sylhet_0101.wav,আপ্ফা নাই া আ বাফ মোরছে আজ কিন চাইর বছর অওইয়া যায় মায় কতা খরোন মা হোস্টুলাও খাম খরে ুত কি ইয়ো পুর স দ য়ো ইা স্টুডেন্ট যালি ওএটা কচছি ইববো তাইনো মনে য় ইতা ইতারাইতুই চায় নানি অখন আইবা একগুছল ুছা খরবো খইডা সইন্দ্যার ফরে আবার যাইবো
/kaggle/input/regspeech12/test/test_sylhet_0555.wav,আচকা তরো স্টার্ট অইলো নফরে তার আমিবা হুম আর কিতাসজে বছার র কিতা অবস্থা বাও আছো নাছারা তো আগজটা আইয়া গেছি
/kaggle/input/regspeech12/test/test_sylhet_0644.wav,ওটা বাতা খারি মাতা দিমা তখনে মায়া লাগের না মাত দ মাতা মায়া লাগে মািলোও হুম দে যেনে তুমার বাবায় কিতা খরোইন ইয়ো মায়ে কিতা খরোইন খও ওলা খেলা যাও  তা বাই দিখিয়া কি  বায় বলাা জুম না
/kaggle/input/regspeech12/test/test_sylhet_0348.wav,সিলেট তাকি এহনো গিয়া চাকরি করতাম আর বনো গেলে তোমার সার থাখতো না আমি এখলাম এক বাচ্চা লইয়া ইতো আরেক যুদ্ধ ওউ যুদ্ধের সময় খাজির মইয়া টারে লইছি লগে আমার বাই আইছোইন বাড়ি তাকা একজন বাড়ি থাখছোইন কাজের মেয়ে গাছে বাচ্চা রাখিয়া
/kaggle/input/regspeech12/test/test_narsingdi_0061.wav,দল বোল্লাছুট বৌছি দাা টের হোম বার্গ এইচ ডাব্লিউ হ ইয়ো খরবোন নতইত্যা খানছস গুলাছুট বৌছি দাইরা অবশ্যই বল্লাছু দ  ফরাই্তা খেলা বানানো
/kaggle/input/regspeech12/test/test_kishoreganj_0011.wav,নিশাল নাগার তে না ছাফরি াা বইযাইস  দের ডা এলাখটা ছিনছনা া এইডা এইযযএইডা বামা লাগিক
/kaggle/input/regspeech12/test/test_kishoreganj_0023.wav,দেকুভা এবসেে বাড়িদা ক লক্ক্ষা ব কাগজ পত্র কোন লক্করে লেইখ্কা লে সমস্যা আমার  য় আইততা ছাইতাছে গামরিযা আছে এডা লেখতা অইবো এর লাইজ্ঞা তো ফুরু সভার মইদ্দে আর ইউনিয়নের মইদ্দে অতত বির এ নাম চাম লইয়া বাফের নাম এদে হেইডের লইা এইযে উল্লাবালা দেখছে এর হনতে হুইন্নামুইন্না
/kaggle/input/regspeech12/test/test_chittagong_0034.wav,ঠিক আছে নাইগও গাছে বেডা আঁরা বিয়া দে ফর তেরে বিয়া যাওত ইতারে খোন মিকে যেগাম হলি ইতা লিবিল খন মিকে যেইতা ন ফারি আম্মাও গা হরে দিছে ন যাইলে আঁইয়ানে দিও ঠিক আছে তুল্লাই গানিস মিক্কে লই এইরসুম নাই খেল
/kaggle/input/regspeech12/test/test_sylhet_0357.wav,আচছাতাইলে ম্যাডাম এখন খইনি যে আফনে তো বালা বালা রেজাল্ট খরিয়া ইছোইন স্ট্যাং খরছোইন তো ওইসময় কিতা আফনে ট্রি মানে ইদিকি আছিনা টিচিং প্রফেশনের দিকি আলফিল না টিচিং টিচিংটা অলাওইয় যাছিন আমি যখন বিসিএসএর সাবজেক্ট চুজ ইয়ো খরা লাগে না কেডার চুজ কযডার্চুজ আমি কুনু সময় এডমিন কেডার দিই নাই ফাস্টট ওইয়া যাবি ফোকটু লইয়া এগমিনটেইনের
/kaggle/input/regspeech12/test/test_sylhet_0500.wav,দুইটা ব্রে খাওয়া দাওয়া শেষ ফরে এখটু গুমাইলাম ফাইতটা বাজে ওটিা নামাজ মাছ ফড়লাম বজা এখটু হটাউটি খরলাম বাসার বিতরেও আর মনেয় খোআলা এখটু বারি ওইয়া গেলাম আমরছে তো ফরিছিত মানুষ বালা যিদিন লাগে না এখটু গেলাম ফারাপাসিত বাও না না আে আমার ফরিচিত মানুষ এখটু গেলাম বইয়া ইয়া আইলাম মাগেরিবোর আগে আইলা মাননামাঝ মাছ ফড়িয়া বালা লাগলে এখটু টিবিউ যি দেখুবালবালা এখটু ঠি শেষ সবার ফাটিনা বালাও দিল যায় ন আখতা বালা
/kaggle/input/regspeech12/test/test_kishoreganj_0191.wav,তনিল া টট নিল ওট নিল োত নিল  োতো নিল আইছলে আউ ক কি বুনাইছে ত নিল আমি নিল দেহছে ল বক তো নিমি এরফর আইপ্পু বানালে নু কুইছি তো পনা ছু গ পরা ম
/kaggle/input/regspeech12/test/test_kishoreganj_0034.wav,কইতেই মডাম কলেয়া দুরা খয হও ছিকি ক হের লগে আছিলবত অইয়া গেলোঅইলে লি না কইছাম তো
/kaggle/input/regspeech12/test/test_rangpur_0104.wav,ওই ইয়্যা আইসে না না সিলা ওই যে বক্কর হামার একটে মসজিদত নামাজ পড়ে না নাহ বক্কর পড়ে না না ক্যা পড়ে না ক্যা তাহিনি কী ক্যা
/kaggle/input/regspeech12/test/test_rangpur_0050.wav,ন কি হয় তো হামার মছো কুু া করবা না খারাদৌর খিলেয় যাইবে খাবার পাবার না ও এমনি অলরেডি খারাপ হয়া যাইবো  কু্বার তোতাএগা দুইয়া ঘালি থিয়া যায় সুচতাাড়ি থোয়ার কতা হয় নাই গো সহকার কতা কয়
/kaggle/input/regspeech12/test/test_sylhet_0404.wav,খতো বছর ওইছে আফনারার  আমার বিয়া নো দশ বছর ওইে কিন্তু আমার এখটা অসুস্থ ওইলে এখনো বাচ্চা মানুষের মদ্যে আমি ওলা ছলাছলোর খরির কিন্তু কুনুদিন বিরফ্ত আইমু
/kaggle/input/regspeech12/test/test_kishoreganj_0002.wav,এডা একশ এইডা দেখ  াহে ইক আছে কি ফরি দে মাদারি এ চুত ফারে না কিফট ওইদে  ওইনাইম ইয়াক আছে ভিডিও কাছে কি ভডছ ওতা না টে লবো
/kaggle/input/regspeech12/test/test_sylhet_0205.wav,বার া আল্লাই তো বিলাতা আমারে না ফায় আসুতবাবানিরলাকি দাবানির লাগি তো ওতা খরি গরি কুনুরখম এট নাইন ফর্যন্ত ফড়ি লিছি ইতা গাও গ্রামো তো এটু উটা মানে ফুরি ই সময় ওইলো বিয়ার উফুজু
/kaggle/input/regspeech12/test/test_narsingdi_0025.wav,সিলেক্ট করতে পারতো বা তারাতো আগে যায় তাদের খেলা দেখতে হবে যে কোন প্লয়ারটা ভালো খেলতাছে কার বেলু কোন জাগায় বেশি ওইটা তততো দেখতে হবে হেরা তো মাঠেই যায় না এরা এই ড্রেসিং রুমে বইসা থাকে মন চালে দেহে না হইলে না দেখে
/kaggle/input/regspeech12/test/test_narsingdi_0037.wav,আল্লা তালে আইজ কিমলে যদি আমার দেম র ল হয় তিন নাম খার মুখা মিন শান এত্তা বাড়ির কিরাখতা লাব আছো দাতো খুকে ল আ ফুক্কারোর ফড়া জুহুর হ্যা
/kaggle/input/regspeech12/test/test_chittagong_0105.wav,আসসালামু আলাইকুম আসালা আলাইকুম ছালাম কেন আছো আলহামদুলিল্লাহ টিকেন আছোছ আলহামদুলিল্লাগামছি তুরাআম্মু তালে বেকগুন কেন আছে
/kaggle/input/regspeech12/test/test_sylhet_0221.wav,ওতো মানে ফরারইও নাই আমার তো ব্ংসের মঝে অন্যাইন্য বইলাইনেরো ফড়াইছে না দিলাইছে বিয়া ইতাও ওউ লেবেলে ইড নাইনে উটসে বাদো দিলাইছি আর আমারে তো  যেএসএসসিটা ফাশ খরাইবা যদি ফাশ খরিলাই তা আমি ট্রাই খরমু একবার যে দেখি ফারি িনা
/kaggle/input/regspeech12/test/test_chittagong_0054.wav,ই এযু প্ল্যান দিখি অকা না আঁরো লাইবো কলাউ আরো তিন ছয়র বছর অইয়ও হ আম্মাই তো দিন ডে বয়া রাহিবো ন বয়য় থাহিবি দিরি হোনুমতে ম্যান্নসট্যানে গরিয়ারে
/kaggle/input/regspeech12/test/test_chittagong_0119.wav,না না তুরা ন ফয় আন র আদুকতু চানি নি খালজি না ফরও িসাব গরে ও নাম বা নায় কিও গুম বরতছেো দো খইছ রি ফাছি মাতলা তো আব্বার খোনডফুল গরে কি বুজ্জিস না নাম্বারলা নাম বাবুল গরে কিন্নারে পাশার ঘুর গইর
/kaggle/input/regspeech12/test/test_sandwip_0101.wav,ুঝছে ক ঠিকবে হেগুনের এম্নে কইলে এম্নে ঘুরে এম্নে কইলে এমনে ক মাসির এমে ব  আমারে নিয়া কইছ লযত হ নাতো ছুরে ারলাা যাইয়া গেছে া
/kaggle/input/regspeech12/test/test_sylhet_0700.wav,হুম ফরে আমার মেয়ে আছে নসি বাঙ্ি আছেয়ওস আঙকে া আনতি আরা মাতলে ফা মাও আফনারা মানিসব দিলেন তা তো ঘুছাইয়া মাততে ফারতে নায় মাসতো লাগ মাতে ওয় তো হঠাৎ করি ট খারণে ও একটু হেজিটেশনা ইচ্ছা আকছি মাততে ফারবো আমরা একটু একটু টাইম নিলেই মাততে ফারবো
/kaggle/input/regspeech12/test/test_tangail_0125.wav,হ্যা দেন ওই লোকটা ওইযে ওইটা তো বাইরাল হইয়া গেলো ওরকতো কী বন্ল রেরাকি খুইজাই পাওয়া যায় না খন এরখম বলতেছে যে কে বলছে গি বলছে লোকটার নাকি খুজাই পাওয়া যায় নাকিলোকটা খ য় তো বাইরাল হইয়া গেছে এখন তো সে পলাতকই থাকার কথা
/kaggle/input/regspeech12/test/test_sylhet_0003.wav,বাট অখন তুমতো দেই না কিচ্ছু নাই উরে খালতে খালতেহে তারা  আরকি খতোনে বাই এইযন মলা খয় বারব ত্রায় তা বান বালা লাগনু না খাওলা ছয়ালাবা লাশ্টে ঋিম বেছিয়া খারি খরছে ওই যান আপলায়া খরছে
/kaggle/input/regspeech12/test/test_narsingdi_0059.wav,এমনে অকলের আবাত বুঝা যাইতো না মহির মধ্যে দেড় মোর লইয়া কিতা খরতাকছস তোমার খেয়াফতাও না ছুডুবেলাত্তে আসলে খেলাদুলার প্রতি বিশবাল টান ছতোকিম দেখ স্কুলেত্তে আইয়া মায় তো গুন ফারেনার দান দাড়ি থাকপো
/kaggle/input/regspeech12/test/test_sylhet_0117.wav,তরো তো বাত নয়া ওতো খষ্ট ফারোই না তো খম ওখাইবো স খাইতাছি কিন্তা না ফরি কবার খইটা দিবা আল্লা বুঝছি ত খেলতাইনো তাইনি ছুটু থাকতে কিরখম দুষ টষ্ট আছলাইননি দুশতা লিইবো আছোন না সোতানরা আমার বাই ব মাগেলরাআছলো এইডা সরখারি খরতো
/kaggle/input/regspeech12/test/test_habiganj_0108.wav,অখন ফঞ্চাশ তাম্বার ফরীক্কা লইতাছে আরকি আইচ্ছা কি কি সাবজেক্ট নয়ডা সাব্জেক্টে ফরীক্কা অইতাছে অ কিছু সাবজেক্ট বাদ দিছে ওইটটা অন্তরি মানে মেইন খেো ধরছে না কিন্তু কিউ সাবজেক্টটা আমরা মেইনস ফাইবর দাে কিতাই খরছি আরকি
/kaggle/input/regspeech12/test/test_kishoreganj_0064.wav,আমারকো তোডালক  নতাইনা া গুট লইয়া  গযাছে একটা বাতে গাছলাম বাতাগাে কম আছে
/kaggle/input/regspeech12/test/test_rangpur_0012.wav,আইসলে দেয় না না ম্যডামরা যায়া কয়দিন থাকে আইলো  ওইজিন আরো না কা নেইককা নে একতে কেমন ছাবরি  পাওয়া যায় নাে আমা না আমাকে ফড়ত বছা কওয়া যা
/kaggle/input/regspeech12/test/test_rangpur_0021.wav,ডিম ভাজি বাইগুন ভাজি আক বজি হইলো জাআজা পড়া শায়  গ্যাস হইবে   সুরির ড  মুসুরির ডাইল আ শা চাইরটা আইটেআইটেম তো ভালোয় আসে হামারে তো আইটেম নাই খালি একটা আইটেম দিয়া খাই হামরা
/kaggle/input/regspeech12/test/test_sandwip_0075.wav,সো কাডি খ এননে চারফের বজি ভাংলা কাটদি আর অরষুদো অষুধ দাবাইও ভাবি ওই লইলে থাকে ফারি নে ব্যাদা যেডা ট্যাবলেক টোঁরা দুনা মেনানিলা
/kaggle/input/regspeech12/test/test_noakhali_0011.wav,বাপ ব এহরকারি কি নিয়া আনসিগা মাগো বেডি কতা ক না
/kaggle/input/regspeech12/test/test_sylhet_0172.wav,ইলা তো আফনেরে পরে চাই বই আমরার সাতে মার সময় ইজাগা হেই সময়ের ঘটোনা াইলে আরও হ আমরা আন া বস া
/kaggle/input/regspeech12/test/test_sylhet_0378.wav,ওতো ফরে এখটার পড়া শেষ ওইলো তে ইটারে বিয়া শাদি দিলাম আমি যদিও তোমার স্যারের কাছ থেইকিকা ছোটো সবচেয়ে ছোটো কারিং দিয়া আছি তো ফরে আমি আমার ছাকরি টেখা দিয়া গর্ডুল বানাইছি কিনচি হয় খন বিচ্ছা খরলে আমি ফারি
/kaggle/input/regspeech12/test/test_sylhet_0558.wav,সাইোডাই ফরে  আমরা ইখানো বালো এখটা খুব ওইছি আছে অয় আরেখদিন আমরা ন তিকা আরকি আইয়ার কফাটা ওর দেকি আমি খইরা ওইন কি তা ফরে বু হুনছিন এখটা ইয়ো খছে
/kaggle/input/regspeech12/test/test_tangail_0010.wav,এআর কনসার্ট যে করেরে এক দেশ থিকি আরেক্ট দেশ বিভিন্ন দেশে এইডাই মানে অগো মেইন যে খেতে এডাই মানে যেহেতু তো বেশি কান্ট্রি কভার দিতে পারবো ফিজ খরতে পারবো তার ক্ষোরিয়ততো বেশি এইসময় তর ক্যারিয়ার আর লাভ দুইরা একসাতেই চলতে থাকে
/kaggle/input/regspeech12/test/test_kishoreganj_0138.wav,লেভু বাতাবি লেবু জামরুল তাল কমললা কাচা কাচা পেপে পারা বাঙ্গীর সবুজজনকে বাঙ্গির কোন নম দিয়া হ সবুজ জন হয় এইডিিন দিছিন দিা বাঙ্গীরে সবুজজনকে পাকায় পলে এগুলু রং হলুদ বা সুনালী হয়
/kaggle/input/regspeech12/test/test_sandwip_0071.wav,আর অনকা তো এক্কারে মোটটো এইবারাই কোরবান কুন যাইনু বউত চাইছে আঁর বা এ্লইম জ আইছে নিবাল্লাই আঁর না আব্বা ন অক্কান আইরবনে শনিলত সহিল ফিকেগন বেতাইর লে গেছি গাইক্কা শান্তি অশান্তি অশান্তি
/kaggle/input/regspeech12/test/test_kishoreganj_0050.wav,বাতাসা যার বেশি না না কম  বেশি ছছ বল কিনতান না
/kaggle/input/regspeech12/test/test_sylhet_0753.wav,অনেক খরচ জন এক খরচ যায় তিগু আমরা ফড়ো না ু তারফরে মনো খরোন সবনেরা কিতা ইসময় ঘরের মাইদ্যে কিতা নিয়ম টিয়ম খরোইন ওরো মালো তো আমরাা আস মাংশ খাইনি খইদি শখতন নষ্ট ওইনো  দশের ফরযন্ত ফাইনা ইদিন আমরা বালা মনদে সবকিছু খামি ফাবজ ন
/kaggle/input/regspeech12/test/test_sylhet_0573.wav,বাইট আছোস নিতা বাড়িত আমরা দতো কুন মাস গেছাআমরে অক্টুবরো  গেছলা ন ওযে আই সে তারা ছখাতো বাইয়া গেছি আমরা তো এখ বাড়ি গছ আরদা
/kaggle/input/regspeech12/test/test_kishoreganj_0007.wav,হে ওডে নাম ওন নিছে কের খানরে কেমন লাগদো না  তেলইয় ালবা নিছে তো খুব ছছগি উঠু ব্যাডা ও বিছে লাইগলো না আর এহন তেল ইয়াল বা বিছে না আম্বা কু দিছে না  সুন্দ করইতো না খদি না এহন তিল য়র বহএতে তারগারবাগ  দিছেরেন এ জান লাগাইছে না তরে সমনে এন দি  নিছে না
/kaggle/input/regspeech12/test/test_sylhet_0654.wav,কতদিন আছটান ইন্ডিয়াকতদিন আছটান ইন্ডিয়াত কিন্তু ইন্ডিয়াত কতোদিন আছলা য়া রাখলাম নয় মাস দে গু্তার মদ্যে নয়
/kaggle/input/regspeech12/test/test_barishal_0098.wav,তহনরে দা মারবে কি তাম করা বোমবান হইডল যা ওই স্বামি কী করলো না ক আর হইলো মনে করেন মুই টুনিক এড্ডে থুইয়ে দিছি কইছি গা পোলা ভলো রাইত বারোটা ম ওই বারোট্টা স্তরিত পিটে পরা টা ক ওই পরে  ওই এই পড়াইবে না যদি সাড়ে এটটার নয়টার মদ্দি যদি বারি যাই যাই যেখমু সব ঘুমায় ম
/kaggle/input/regspeech12/test/test_sylhet_0199.wav,ওটা আছিল আনন্দর বিষয় সব বাইবনা সব বাই বইন বলতে পাচজন আছলাম আমরা ছুটো ফাচজন ফড়াত আছলা ম তু পাচজন খরলে ইসময় আলাদা আলাদা চেয়ার টেবিল ওতো কিছু মযালাইজ ফরা আব্বার ফক্কে সম্ভব আছিল না এখটা টেবিল আছিল হিইটা চেয়ার আছিল
/kaggle/input/regspeech12/test/test_sylhet_0277.wav,খাওয়া খরছো বাইর কাছে ছাওয়া লাগের না আর বইও আগে ওইলো গিয়া বাে তাইনো প্রেদরা্গ তাকা ছাইয়া টাইয়া আনিয়া দিতা অখন আমি নিজে নিজে কিছু বই কিনতাম ফারি নিজের টেখা ওইছে এরফর তিকি আস্তে আস্তে টিউশনিআর এখটা বাড়াইছি ওরখম খরতে খরতে শেষ ফর্যন্ত আমি ছাইরটা টিউশনি ফর্যন্ত ইউনিভার্সিটিত খরছি
/kaggle/input/regspeech12/test/test_sylhet_0487.wav,দেখা লাগবো দেখিয়া ফরে অপারসময় ফরলে একটু পাওয়ারই মানিস ফাইলাগ ওগু দাউ
/kaggle/input/regspeech12/test/test_kishoreganj_0163.wav,এইযে পানি যে বেরি থাগা যানা পানি যে তে পানি পয়জন পানি যেহেতু পানি  বলছা ম কি ব্বই জন পানি পরজন মানুষের পানি বা জন মানবযেে ষাইট থেকা সত্তুর ভাল পানি ষাইট থেকা টুত্তুর ভাগ মব ষাইট থেকা সত্তুর দাজ উচছে পানি মনছপানছসিনা  ষাড়েতি সতংশ্র পানি মানষে ষোল্লসল
/kaggle/input/regspeech12/test/test_sylhet_0328.wav,তে তাইন শুনি শুনি তো দিলা ফরিক্ষা ফিলি ফরীক্কা দিয়া তাইনও টিকই গেছি না ওরলগে টিকইয়া আখারন অলরেডি আমার ব্েবি খাইচছুন প্যাটো হেতো
/kaggle/input/regspeech12/test/test_narsingdi_0050.wav,একতারা অনেক খারাপ জিনিস আগ কিন্তু ইয়া এনা তো ফুেএক জাগাত লাগে হিনসের তেরের দয়ানে লাগবো হে নো কয়রা লাগবে এন সব দন গাথে সে গল বানাইলে দুঝবা মানি বঙ্গবাজার মতিজিল আরও কোন কোন জাগাত পনন থাকলেম একটা স্মর্ণের দোকান আহুন লাগবে
/kaggle/input/regspeech12/test/test_comilla_0015.wav,আসার পরে এরপরে ওর ধুলনা থেকা যেভাবে আছে পুরা শরী নাকি একদম শক্ত অইয়া গেছে ডাউন্ডা ওইয়া গেছে পরে ওরে ওকে ধুলনা থেককা েরনামাআইছে না মানয় পর স্যাররা আবার সাথে সাথেই ওরে হাঁসপাতালে নিয়া গেছে মানে কিরকম একটা অবস্থা ও মা কিন তো ওরে নিয়া আসছি স্কুলে নিয়া আইসে ওর মায় কিন্তু এই সময়টা ইস্কুলে বেতন দিত্ছিলো
/kaggle/input/regspeech12/test/test_sylhet_0018.wav,ওটাদুর্গা পুজাত খরোইন নানি না াুজাতা ফারে সবাসত বুজাতো খারে দুর্গা বুজা কাম সবচেয়ে বড় দৌল ভিশয আমরা তে দুর্গা পুজা লইয়া কিছু খইন আঙগা আল আা গুগা বুজা তো আমরা তিন দিনটি ওইলে দুগা উুরা সসটি
/kaggle/input/regspeech12/test/test_sylhet_0052.wav,বড় মানি হেল্প খরোইন মখয় অখন নতুন সিস্টেম ওতো প্রাইভেট নাই   প্রাইবেট না  ছোটবর মে আগে া টেনিং দিয়া চিনছি আরকি বই কিলা ফরান কিন্তু ইলা তো স্যাইর ম্যাডামে তারা টরেনিং দিছি না তারা ফারে আমি বুজো না যা বুঝি তা খরা মোবাইলো তো আবার মোবাইলো আগে আনতার ক্লাস দেখি খরিয়া ফরে দো
/kaggle/input/regspeech12/test/test_kishoreganj_0161.wav,লাল এইছা মানবযে সাহত থেকা সত্ুর ভাগ পানি মাংনবদেশে সাহিত্যিকা সত্টুর ভাগ পরে ক মান মাহমব দেয়ে সাহিত্যিক শা   মানব দে হে শাত তে কে লাম ভাগ পানি মানবযেহে সরযে রুত্তুবা ফনি মানুন সরেতা ুনন নান মোমম্মব দ সবদেে সাহি থেকা সত্ুর ভাগ পানি মানকে শল  ফাডে নানদু বা পনে  সাড়ে দারোডা ভাগ
/kaggle/input/regspeech12/test/test_comilla_0008.wav,ম একটা নাম হচ্ছে নুসাইবা এই নুসাইবার সাথে নুসাইবা আর রুহী ওরা দুইজনেই খেলা করতে করতে দুলনার কাছে যায় যাওয়ার পর নুসাইবা বলতেছে তোর তো নাচেরিয়ারসাল আছে তুই এখান খেখেলা দুলা করিস না তুই ইডিয়ারসালো চলে যা আমি ইখানে দুলো নাথে দোল খাই
/kaggle/input/regspeech12/test/test_chittagong_0012.wav,খারণ চান্দুল আব্বা আগে অফিসের তন ডিম গয়া গইরছি তারারে তিজিনইাবা এখন তো ইয়্যিন নয়ানের তো ডিম ন দিমর দাম বাড়ি ল দেই আরি িমুর দাম বাড়ি গেইয়্যা অবয়্যানে কতা ইে ন ফাইত তো আবারে আতি ফিয়া ফাতে অইলে যে কিনরই চোর খারে দে
/kaggle/input/regspeech12/test/test_narsingdi_0034.wav,হরপ ফা আইজফিম ফাওমমো আইসরিম আইসিমেট যেদি দাম কিরা খাতে বাল্লাগে না বইন বইন আইসরিমেট আমার চাল আছলে আমি খাইতাম লিটারডা সময় কতাছিল নব্বই টাকা
/kaggle/input/regspeech12/test/test_rangpur_0060.wav,ষোলো তারিক ষোলো ষোলো তারিক চলবে হ এতি পোথম রমজান শুক্রবার হইলো না হ তাইলে মাজের রমজানও শুক্রবার আইসে মাজ পতিদিন তো করতে আছি শুক্রবার তো আর এইডা সর ার আজের রমজানের কতা কইছে মাজের বলতে পনরো পার হইলে হ হ ষোলো রোজা আসি টাকা হয়ার পরবে হহ
/kaggle/input/regspeech12/test/test_narsingdi_0111.wav,া দাদুরে ইয়া কইরা লইয়া আইছি আইয়া দেহি শিপ একারে মোরা এম্নে গইল্লা এডান বেলায় হিম্বুছে গরম নাড ইদেএই দুইডার অবস্তা দেইখ্কা মোরা আর অর্দেক গগইলে এডা লাগা  মোরা তোই হিন্দু গোলায় কাডা ফাকা অইয়া যা এডা এডে তনি লাল নাা ডা তো তা দুডা হ হ দাদ নানা বেতন মোরা আছেয় না
/kaggle/input/regspeech12/test/test_kishoreganj_0113.wav,গাছরা কেলা কা গাহ হরিন আবার য ইন্দুরেও গাছ খা বার  ইদুেও ইন্দুরেও গাছ কা আবার কাট বিয়ালি কি কা গাছ কা বাছের ফাতা কাা ত গাছ া কাইট বির কা গা র ালা   গাছের ফাতা খা আবার গাছে পাতা খা কেলা গাছের পাতা খাকে া হরিনে হরিন গাছের ফাতা কা হ হরিনে হরিন না কেলা কা বাগে খরিন দা কা বাগিয়া ঠিকাছে
/kaggle/input/regspeech12/test/test_narsingdi_0118.wav,ত  মায় মায়ে সুমনে খইবো এইডে থুই বুতে তাম খবো আমি হকমিররাইতাম ডা সুমরে
/kaggle/input/regspeech12/test/test_rangpur_0098.wav,আমি ইপতারি তো মসজিদেততে করা হয় নাকি হুম ইপতারি কেমন হয় কী সমাচার ভালো কয়টাকার করি ইপতারি করে কতদিন পাশশো ছয়শো
/kaggle/input/regspeech12/test/test_habiganj_0093.wav,গুরানিত গেলে তো ছবি উবি তুলা ওনিতু ইদিক দিয়া গুরাগুরি ফরেন ইতুই আম বালা লাগে
/kaggle/input/regspeech12/test/test_sylhet_0400.wav,পান খাইনমো নয় ফান খাইনাই নাই ওই আফনের বয়স তো খম লাগে াখাইনজো লাগে নাবয়স মম ইটা মানে অসুস্থ তায় বয়স ফাড়াইয়া রাখিলি সস্ত ইতো এখ
/kaggle/input/regspeech12/test/test_rangpur_0041.wav,খোন দেন নাই  অনকে কি হইল এই মানুষগুলায় আছে আ  আমরা দেখছি পাগলি কত মাইনসো বয়লা নিয়ে আসি হইছি ভাত খাইললেল কতো দেখলো হামাকা কলাম কলা পাগলি নাই হারে খেতে মোনটা মোর নিজের থাকি হারে টযাকা হ দেখছি দেখছে মোট ট্যাঙকা হয়া গেইসে বাবা মুইআ হাদে হরে গেইছে বো এ হরিপের মায় ওন কিলা সেইটায় আসের কার
/kaggle/input/regspeech12/test/test_sylhet_0469.wav,বুচ্ছোন ক মামান তাড়াতাড়ি আইয়া বাঙ্গিরে পুরানো নেওয়া লাগবো বামিে মানে কুনান চিকিৎসা খরাইর লাগবো কিতা খরলে আমার বামি সুস্থ ওইবো বইনোর সুর আছেনি না দুঃখে চলে পাচস পেছেনো সবতছেয়া বাহি
/kaggle/input/regspeech12/test/test_sylhet_0177.wav,া ফুড়িইগুম ছুপি অনেএক ছবি ওখানে আমি কুরছি  তারা বত তুটি এরফরের াইর বুদান আরা খতইর বুদা ন দিনবাড় য়াইলা রার বুকছু দিতা আর কিতা
/kaggle/input/regspeech12/test/test_narail_0150.wav,আামি তো খুলনায় মাসি তোমা কলে বাড়ি মা বাড়ি হয় একাকাডাইসা বাড়ি এক থুইয়া আসতি ওইছে পরীক্ষা হচ্ছে তোমার এইজন্যি
/kaggle/input/regspeech12/test/test_sylhet_0302.wav,আর আমি যদি হোসটেল তাকি বাড়িত যাই গিা এখমাসো যদি আমার বাড়িত থাখা লাগে যেই সমাজ আর যেই ফরিবেশ যে গ্রাম মানে আমার সাত আট বছরে যেটুকু অর্জন খরছি ইটা সুন্দর কোটাত নামাই দিবা মানুষে
/kaggle/input/regspeech12/test/test_kishoreganj_0104.wav,আগে আরও অনকরযা উ করে সজা এ আইচ্ছা জিবে জিবের বিজতা নতুন উদ্ভিদে নতুন উদ্ভিদে আবাজ ঘরে তুলতে সাহায্য করে এভাবে পরিবেশে উদ্ভিদে পানি একে পরিবান স ক উদবিদে পানি একে পর িচ্
/kaggle/input/regspeech12/test/test_tangail_0091.wav,ওই ডাজ মানে রণনবীর ওইলো নক পুলা যে ওই সবসময় খুব হাসি খুশি থাকে মানে কখনো দুঃখ পায় না ইরকম একটসবাইরে হাসায় জিতার নিয়া ঘুইরা বেড়ায় মানুষরে হেল্প করে আস্তে আস্তে রানি মুখারযে ভালো বন্দু হইয়া যায়
/kaggle/input/regspeech12/test/test_rangpur_0103.wav,দেজে আর সোয়াগ সদ্বের কাছে আও সোোয়াগের কাছে াহসোয়াগের কাছে দেছো সোয়াগের করসাতে কতা কবু আর চো কতা কইস একলা সমস্যা নাই কাদ দাইব আল্লা া এখন
/kaggle/input/regspeech12/test/test_rangpur_0010.wav,গাভিনিয়ে হয় না এনা বাছুড় নোয়া ন তাইলে এমরা সবুজেরা আইসবের নায় সবুজ দেরি আছে বাবা আসি কী করবেন
/kaggle/input/regspeech12/test/test_sylhet_0170.wav,বেশ্ট সুন্দর যেগগু ফাইজ দঅংতাতর ই দেখা ুনটেখা  আর মাছ মাংসো সবজিদে দেখ চ বছা েখ অইলো বা আন্ডা গন্ডার খতা ই া বিশ টাখা দে এনছতেও দেখাইরাম
/kaggle/input/regspeech12/test/test_sylhet_0138.wav,আগে লইবে সদিন ডিফরেশত ধরা আইলামনে না ব্যারাডিফরে ্ সময় যে দি তর সময়ের দাম ওই সবচেয়ে বেশি খাওয়ানি লাগতো নায়  লাগছে ন আফনারা ছন্দ গাছে ওয় আর কিতাও নাই খয়টা বাজে সাড়ে তিনটা অই গেছে
/kaggle/input/regspeech12/test/test_narsingdi_0041.wav,সকালে ঘুমের থুটটা দেহি নাই মারা উছ দুফুরবেলা যায় বিকালে যায় রাত্রে যাই ইফতারি কনো হেই টাইমে যায় সেরি টাইমে যাই কী একটা যে অবস্থা ফাচজনেআর কারেন্টডা বেড়া তো খারাপ খান ুফাদো না ফান ফাও না ফাচচ দি ফাচটায় দিন
/kaggle/input/regspeech12/test/test_tangail_0085.wav,মানে এললিগায়ই ছবিডা আসলে বেশি ভাল্লাগতাছে যে আপনি যারে ভালোবাসেন তার পছন্দের জিনিসগুলা আপনার একসময় ভালোবাসা ওয় য় তার পছন্দের জিনিসগুলার সাথে সাথে এই দাগাত তো আসলে ভালোবাসা ওগগু কাছের অন্যতম মানে নিজের মধ্যে খাইখে দর একটা অন্যতম একটা ই
/kaggle/input/regspeech12/test/test_barishal_0068.wav,এই যে কইছি যে সরস্বতিকো পায় ফুজে দেওয়া লাগি তটা রাইতে একটার সময় কইছি হেই সময় নাই ওইডে চাবানাই ফাইছে হেইয়ে মাঝে মাঝে ভাবি যে হ্যারা আবা কি আর এই য়যর আবা কি এ মামি খাওন দেন না মন দমু কইত্থা
/kaggle/input/regspeech12/test/test_sylhet_0533.wav,গিয়াত কিরন রাগছে বিয়া হারডে আছিসট আমার সেটমমা সেটময় আমার দিয়া তো বালাউ অইছ এ বিয়া ঢাতার বিয়া তো ঢাখার বিয়া আর মামিও ডাখাইয়া অন্যরখম নানি আমরা থেকা ভিন্ন নানি  আমরার তো সিলেট যেলাওতো রেওয়াজ তারার ইতা নায়সিমসামযা
/kaggle/input/regspeech12/test/test_kishoreganj_0055.wav,বাংলা ফরিক কাজ জা কালপইছি নেবাদইঅগাাকা মিথি মিথি মেি চাতারে দন না এবাব দুন হিয়ানো তাতে যা এইডা এইডা তবে বইয়া না মেকি কাাছেন মাহাদিন কাল্লফরি কাছে
/kaggle/input/regspeech12/test/test_kishoreganj_0046.wav,মাা  আমিনে গিতে দিবই না আমু মাবাআলি কত হ্যাঁ া
/kaggle/input/regspeech12/test/test_narail_0158.wav,আমি খরচ টি কি করমানে সুময় মতা কততিছে না ও সময় যায় করলানে তেবা ব্য আচ্ছে নায় তালাওর কী কিস  আর আর কী অইছে ওডা যদি উনারে যদি চযাকআপ করায়
/kaggle/input/regspeech12/test/test_narail_0039.wav,বিয়ে ওইছেলা  শান্তি রি বাদো ফাখা ওর দিদি বাদ দু মি অলো ওই ওই যদি আমরা করতাম    ঠি খাই গিছ আমি বাশিরি ছিটিনি ওরা  লে ের না াকরলা ওনরা য়এ জাগা
/kaggle/input/regspeech12/test/test_habiganj_0106.wav,বাবু তো সাথে আমি মাততাছি তোররে খতাডা রেকর্ড করমু হ্যা তোরে কিছু কন জিগাইমু আর তুইগুলা আনসার দেয় ঠিকাছে চ তাইলে কিতা এখন আজকে কী  স্কুলের কিতা অবস্থা স কিতা ওইযে ফরীক্কা দিতাছি কিছুদিন ধইরা এ
/kaggle/input/regspeech12/test/test_narsingdi_0020.wav,পিয়া করবি ক দেশের মানুষ হ তবে ওয়ানডই টি টোয়েন্টি খেলতাছে এটা তে ভালো করুপ তাইলে তো আর কিছু লাগে না টেস্টে তো আছে এহন ইবাদত ভালো বল করতেছে
/kaggle/input/regspeech12/test/test_sylhet_0441.wav,ফারবাইন খরতায় কিন্তু খরলে যে খইবো আমার বাসাত ইতা খরিললা হিতা খরিলতায় কিন্তু আমরা নিজোর বাসা ফালাইয়া আমরা ইখানো তাখরাম তাখরাম কিতার লাগি সুবিধার লাগি দেখি আর লাইনে এখটুজিয়ো খরো নাম ইখানো এখটু ফ্রি বানোইন আমার আািমাবে বারি দেখি মানি বুঝার নাইতঅনেকা মনুষ তো তাখে কিন্তু খষেপ দো খতি খরনা খরাম
/kaggle/input/regspeech12/test/test_tangail_0117.wav,রাখছিলো ওই লোকটার টাকা পয়সা একটু মানে বাইচা গেছি সেইব হছাা সবাই দেখি ডরটরে রাখি কতা ওইলো ডরে রাইছা যগশাশা াা  াব এখ ক্যাশ যদি চুরি খয় তখন কি অকি এই সবার অসাবধানতা
/kaggle/input/regspeech12/test/test_sylhet_0381.wav,বাবিরার বাড়িও তো ফাইনালসরি ওতো বালা আছিল না ছলবের তাছিল না তালইনোও এখটু গরির আছি তো আমার আম্মায় ছাউলডাউ শিম যতো সবজি ওদজি আছে খেতোর ওতা সবতা মিলাইয়া বস্তা গুরি গরি গরি গরি তার বর বাড়িত ফাটাইছোইন আর ফরীক্কার ছতোদিন আছে আমি তালমই বাড়িত তাইকিয়া ফড়মু ওউ জীবনের প্রথম বাড়ি তাকি বাইর ওইছি আর খেউর বাসাত থাকিয়া ফরীক্ষার উদ্দেশ্য গেছি এখতো অইলো গিয়া গেশি মাই ফরীক্কা দেওয়াত
/kaggle/input/regspeech12/test/test_noakhali_0005.wav,ক্যা ওই গেছে াত দেহানি কুনগা
/kaggle/input/regspeech12/test/test_sylhet_0758.wav,িগু খায়ত খড়তাম না  গু ফড়া যাম যেমন দরো জামাইতাম গু বাই গুয়াইতো ফড়াইবেন খ র ডঙ্গিয়া এলা তো ড্রং খরাহুম মানে খরতা না খাই না খরলে কিতা ওইবো আফনার আরে খওয়া ওয়
/kaggle/input/regspeech12/test/test_narail_0055.wav,াএইজন্যের লাভ হইছে জানিস এইজন্যের লাভ হইছে এহন যদি ভালো কোনো মিয়া মানুষ ওতো তালি ওগে সব জমি বাইর করি নিয়েস্ট করতো কারণ ওই সব সব জমিরই বাবা সব জমিি ঝামেলা আছে ম্োলা জমি আছে সেসব জাগা খালি টাহা দি থুইছে হ পাগজ ফ্রাহে দেছে   কোন নাম পত্ত নে না এহন যদি পিটিএমইটে তো খালি টাা   এইজন্যি ওরা কিছু কত্তিও পারতিছে না ওগে আমাগে মাঝে ফইরে
/kaggle/input/regspeech12/test/test_barishal_0094.wav,ুকা মায় কাছারচাতি কালা য়ছেরি সো তোমাতটা মনে যে  অন্য তোনছো পেক্টা দোকান পার্ট দিয়ে বইজে অনেক দেও বিদেশ যেইয়ে পারবো ক  গারলোক চমা অইলো এহন বিদেশ খেলতি
/kaggle/input/regspeech12/test/test_tangail_0123.wav,আরেকটা ভালো ব্যাপার দেখছিস যে হিজড়া সম্প্রদায় আছে তারাও তাদেরকে মানুষ কত ছোট ঘড়ে কিন্তু তারাও ইখানে বিশ লাখের মতো টাকা দিছে তারা তাদের হজের টাকাটা দিয়া দিছে তো ইটা খুবই একটা ভালো উদ্যোগ আমি দেখতিছি যেদেশের সব মানুষ সখানে কন্ট্রিবিউশন
/kaggle/input/regspeech12/test/test_kishoreganj_0053.wav,আফ্নে কয় মুন দিবো ামুন্নতই কতাকি  দে কত দিছি ফঞ্চাশ হাজার টেহা তো ফঞ্চাশ হাজার টেহা ফঞ্চাশ কিয়া আ ছ দেমনে দুয়ান খুলে   খলিছ দুয়ান পিলে তো জারা দে দে এমনে হ্যা চাচাশ ে দে নতক ত দে দেহান তো কইছিল দেন দেন
/kaggle/input/regspeech12/test/test_rangpur_0111.wav,বাড়িত নিয়া নিয়া যায়া ইপতারি খেলাইছিল ভাত খিলাইছিল হুম ওটে যো আগে যে ওই ছোবাইন্না আছিল ছোবাইন্নার ব্যাটাত যাইসলিম ছোবাইন্নার বযটা তো খুব খবর খরছিল
/kaggle/input/regspeech12/test/test_chittagong_0009.wav,বউত দিয়াি বরজিগডিয়ান রাফাও নেই আছন দে অনেক পাতন কন সিটার গইরতাম দে গিয়া কইরতাম দিয়া তারা হাবার নেেরনিরে দু দুেল ফানতাহজার নামমু সরে চাজখান  নেরুকে ডেলি টিকটা না ক ফঞ্চাইশ তারিখের
/kaggle/input/regspeech12/test/test_barishal_0030.wav,আবেসটিক দেও না  আরা দে কাম পারে অরছে আমার মাইয়ে ভালো সংসারি করে নিা া ঘামাপে হ ন োএয়া লগা বাড়ি দি আনা
/kaggle/input/regspeech12/test/test_kishoreganj_0042.wav,মেহিলি বযা ফর আমনে কিন্তু হককি  মেহেলি বয ফরে আসিনাহ  আমার বাইট্তা কা কছি আমি ককফুন্দার বুবা আ ছি নাা আমার অলোই তো করবা আমনে ক পুরা নামের কাাহেজা
/kaggle/input/regspeech12/test/test_narsingdi_0047.wav,আবার কোনো আগুন লাগে যে দযখ আাবার বোস্ বিছো আাই হেডে এই বঙ্গবাজার এরফরে সিরিয়ালি খেলা আগুন লাগেে যমু নাই ছা গুন লাগায় দিতাছি ইমুন লাগে সেরা গসতারে কন যায় না বেন যেমনা যডি ডিা দেইখলেম মনে ও দতা তো নাবাজারো যা লাছিটুযইর
/kaggle/input/regspeech12/test/test_barishal_0033.wav,এ া পালনা না আমি কেদে পর দিা িক কুবাই ফুলো তাাকিমনক জ্বর উ    বৃষ্টি নাব্বে    ামানে না ভা নাবিনি ভাবি না কি করবি
/kaggle/input/regspeech12/test/test_sylhet_0542.wav,তকর জনি ফ্রায় াআর কিচ্ছু বাই না ফাই লকার ইতো অন্কো তো দেখমো ও আসারে গেছে মানে গিয়া দেকি দুইটা ফাইর ইতা রাকছে চাদর দুইটা আকর্ষণীয় বাট আদর বালা ছুজি বরশা  া আমি বর আমরা বাগ্য দেখি ফুলি গেলো আগেযদি তানেও লাগতে না
/kaggle/input/regspeech12/test/test_narsingdi_0007.wav,প্লেয়ারগুলা ইকটু ভালোভাবে তৈরি করা যায় একটা লেক্সপয়ন্ট না  দেশে ব্েতা অন্যান্য দেশে দেখ দুইটা তিনটা কয়া লেক্সপিনিয়া্ত থাকে অস্ট্রলিয়াতে দেখ যাদম জাম্পা তারপরে হচ্ছে মাইকেল সেরসন এরভাতে খুব ভালো লেক্সপিনিয়ান্স তআফগানিস্টানেন্ট তো আছে ইলে ক্সপিনারির কয়েকটা
/kaggle/input/regspeech12/test/test_sandwip_0013.wav,আইচ্ছা কনে মাআমার বাদাশাকার করে গলুক মানো মাসিক বেজা বগে তরে ডাইকাম না আর হিয়ারে অরে তার মোবাইল ফনদ লানা ব্যাংকা সভাপতি আনটে কতা অ  ছাগলে যে নি আইছে ক ইকু টিয়ারগিল দেরো নিং বাদুম
/kaggle/input/regspeech12/test/test_sylhet_0414.wav,ফি সমসযা পরেে বাবা ইতার রাকিবরাবেয়াত বর্থী আছিলাম ছিন্তা তো সিলেটিরি ফুলরা খয় না লাতা আমরা ুছো তুলেটিবাতে মাদো রাকিবরাবে ক ভর্জি ওইছি ফরে এখজন মেয়ে ওইছোইন ওওয়ার ফরেও তাইনও মাইরা গেছোইন ফরে আমার চেটেকশন খুব খারাপ
/kaggle/input/regspeech12/test/test_kishoreganj_0129.wav,তো ফুছ ফাওনা আগে য় এ নানান অঙ্গে ফুলফল নানান অঙ্গে ফুল ফুল আমারে ে টা কইছে না খেলাইতো না আখেলাইব ফল গুডি দেখ কইটাছে ছ ফলো আইচ্ছা আমারের
/kaggle/input/regspeech12/test/test_narail_0124.wav,আইজ তোর কোনো সমস্যা কছেন নাপরে সবসময় দেখিওর পিছনে আমিততো সমস্যাকনে না আমি তো যেখানে যাই সেখানে মায়া বাড়ায়েস হুম সেখানে মানুষ আমাকে বলতে পারে না
/kaggle/input/regspeech12/test/test_sylhet_0007.wav,বাট এমনে তো স্বাভাবিক বন্ধু  আর বন্দ বাট এম্নে কিন আমরেও যে যইই মাইনষে গরু গরতো ফারি লাকিসবস যার আফরন খুব যত্ন দিয়া খরো ই আগে তো মানুষ আছি বুটাতেইটা মাম খছি ত এখন তার এখটা জে খরো না খুবতাক মানসি খা
/kaggle/input/regspeech12/test/test_habiganj_0087.wav,মারলেলে খতা শুনা না ইলে খতা শুনেয় না গরা বায় না টান খরেতোমার কেমন লাগে কোন ভ্রমণ বাল্লাগে
/kaggle/input/regspeech12/test/test_sylhet_0360.wav,দেখরায় আমার জার্ণিটা অনেক মানে বড় অনেক শ্রেণির মানুষের লগেও মিশছি মিশার ফরে আমি যেটা দেখছি আসলে বেশা খও আর টেখা খও যাই খউ নাখেনে সংসারের সুখের জন্য সংসার
/kaggle/input/regspeech12/test/test_sylhet_0279.wav,ওউসময় আগের মতো কিন্তু আর ওলা প্রস্তাবো আয় না অখন অখন গ্র্যাজুয়েট এখটা মেয়ের লাগি ের লাইা ার ে রস্তো বাড়ছে এখটা
/kaggle/input/regspeech12/test/test_narail_0184.wav,বাড়ি ছামে না সোর কদার আমি ছুড়ি নায় কথা কইবা আনছে তো এমনি পানো ছে একসট্ট টাকা মাস  ওইর ওইনাছে একশো আষত আশত ছে আইজ্জা কুইটে দেয়া এবো কতা আপ্তা
/kaggle/input/regspeech12/test/test_narsingdi_0136.wav,অফেসলি ভাড়া কম অইতে অইবুএ ছুডুবেলা আমি ফাইবো ফরিসময় বুজ্ছস প্রধাম জিমলডে পার্কওই গেছি হেবার আমি প্রথম তো আনছি যে পা তা না  আ সিরেলা খা আমরা সম আইচ্ছা হেই সময়য় আমি প্রতম দানযিযে পাচজনাক ছে এবুন একটা পার্ক আছে ওআমি লনমজন্মগত বাদ া দি
/kaggle/input/regspeech12/test/test_chittagong_0121.wav,রিপ্ ভা তে তুরে আরে আরে লইয়ারে হকটা খইতে দুইবারে না বাসবো হ কিক করিছ তো আটি ফাঁচ বারির তারা বাইত যাি ডেন যারা চাঁর খতো বাই আা চাইন্নি চান আস্তা কইবু তান আস্তা তো গইরগি
/kaggle/input/regspeech12/test/test_comilla_0014.wav,আর পুরা শরীর মানে কেমন একটা অবস্থা মুখটা ঠোরটা নাকি ফুলা বাঁকা অইয়া আছে তো ও যে মাথায় টাচ করছিল পড়াতে দেখে যে ওয়ার কথা বলতেছেননো বান্দবীয় আর কথা বলতেছে ন ওজুরে চিলাম দিছে যে কী হইলো নুসাইবার কী হইলো তরন সবে আবার আসছে
/kaggle/input/regspeech12/test/test_tangail_0049.wav,ওই বাঘড়ে খাইতে দাই ফরে আস্তে আস্তে বাগটারে বসে আনি বাগতারে বসে আনি পরে বাগও বুঝতে পারে যে আমার মানে বাইচা থাখার জন্য ওই মানুষেরও দরকার আছে
/kaggle/input/regspeech12/test/test_sylhet_0123.wav,আচ্ছাতে খেলকি আফনেও খেলতাইন তাইন না ছুডু থাকতে ছুলতাগা ছেলা দড়া খরছি তর মোমার বুছু মনো নাই দরা তোমার দশ বছর ওইছে বয়স ওেইসময় যেরো বাটান খাজ খরন লাইগবো ও আমার একটু বুঝদো ওইছে তরো খামাগো যার আমি ঢুকি গেছি টান্দবেন দো কেও নাই
/kaggle/input/regspeech12/test/test_narail_0177.wav,তানদ সেই ওইযে রেজিস্টিশন আর ওয় ফেলায় এ বারো কিলাসে ফরিক্ষা দিতছে হলো না এই গুমকা পাই্ছে কসতি কচ্ছি এট্টা বছর ওই যে গন  এহন আবার ভর্তি এইাতো পড়াশুনার যা কওগেয়ে এে ফরিক্কা দেবে আবার
/kaggle/input/regspeech12/test/test_sylhet_0592.wav,াবেনানি বারানি বালোই ছার দাাইয়ো  ও হয়তিন ও মাসো জা বিয়া কিয়া ছাই যা খুবযে বিয়া টিনছে জানো অ অয় মিমিনেশ ছে
/kaggle/input/regspeech12/test/test_chittagong_0099.wav,তুই দইডা আস্তুতাছ য তারফরে তুরগো সমস্যা নাই এহন আঁর সাইন্সত তাহিয়র আল্লে পয়ান্টি অইবে বউত খামনোনি তাই নাইয়্য কী অত তারে এবারে ভাবিলাম সাইন্সত বউত খম ফাইয়্যি এতার লাইনা আঁই আরো
/kaggle/input/regspeech12/test/test_barishal_0077.wav,ভলা পচা আমি যবানাস সি চাকরা ভাই কই না না তএবিাক ভাত ফায় না
/kaggle/input/regspeech12/test/test_narsingdi_0044.wav,কোলা বাা দে বা আজ্জিমির বাইতাছে বাবরছর আবা তিন দিনরে ফ ছাইর দিন র ফরে ইদে য় বযা ইয়া িয়া কারেন্ট তারতোরে খরলেি আমির লগে ক দেন ফরএফরিফ ইত্তা বাজিদু ইয়া দিয়া খরলে তার তরও খরে আর আগুন লইজ্ঞা যানা তা  বারিকখার গাযা হতে  গগহার কতা কজকি আমার হরীক্ষা দেরুয়া না ত মোর বইরতানা য়া বম্বেদ যায় না কিল্লিগঞা
/kaggle/input/regspeech12/test/test_sandwip_0019.wav,কনো বারোনি গইলে দিয়া গরার মেয়ে বাইততে পারো ন ও মানুষের লগে উটটে য হততে বেশি হিয়া অতিরিক্ত অইরে দুইনিয়াদারি খবর নাই একেরে আছতো আফার আংরা বানাই খাওনের একটা রাস্তা বুজ্জোইন্নি তাও সংসারে ধান দানাইতো  সংসারে জুঙ্গাল আছে  ফাশে অগলে সংসারে জুঙ্গাল খান হোলাইনের গান দে তুলিদিন আইছলো আমা হোলাইনে আছলো আবার রোজি রা গোনে হোলাইনের কোনো হিসাব কতা কন ছুডুকারে
/kaggle/input/regspeech12/test/test_kishoreganj_0017.wav,নাবালুডা বললি ওরা ফালাল লাগে নিছে যে বালুডা বল লাগে একা বাতাদিয়য়া গ কালি হলকা এছারফাছামুল বালু দিয়া ভিড বালুইরা আর কি ভিড বালু দিয়া খালি এইযা উকা নিড বিছা থুইয়া জাগা এর লাইজ্ঞা এরলাজ্ঞা ত দেশের সব রাস্তা অবস্থা
/kaggle/input/regspeech12/test/test_tangail_0042.wav,নাকি ইকোনোমিক একটা ক্রাইস যচ্ছে তাই হক বন্ধ হইতেছিলো পরে তার বাবা সিদ্ধান্ত নেই যে তার ফ্যামিলিরা মানে এই যু সহ অন্য একটা দেশে চলে যাবো মানে ওয়েস্ট ান্ড কান্টি হইতো বা কুনেক জায়গায় পরে তারা জাহাজে একইটা এইসব জু
/kaggle/input/regspeech12/test/test_sandwip_0124.wav,আঁই য়ান আইগো বিখেরে বউত কিছু শিখাইছি বিথে আই মুসরাদের বয়সে বিথি এক্সপার্ট আছিলো অংকা কি কিছ আছিল গান আর ভাই মুনে হরে লেখা কইরতে যেহেতো কইতি এগিন এগ্গা হড়ালেখান ফড়া লেখার মতেন হড়া লেখা ন অইলে সুন্দর অছাই না আমার ছেলেদে আমি আদর্শবন বানামু আমার ছেলে ব্যাকের উপরে থাইকবো
/kaggle/input/regspeech12/test/test_kishoreganj_0045.wav,ট বছর  আনছে রাইত ফইলে হ্যা আমার লগে দিয়া আমার লগে হল দিয়া অইবো াতেয়া তো মুজারবে দার দোরালাইবো
/kaggle/input/regspeech12/test/test_sylhet_0034.wav,ডিপাশ ফড়া অইলো কড়া উড়া অওয়ার ফরে শেষ অইলো ন সন্ধ্যার সময় নিচ্ছু পইত্যেকদিন তিনোদিন সন্যার সময় আরোতু ইয়ো খরায় সন্ধ্যা আরোতি সন্ধ্যা রাতে পরে সন্ধ্যা আরাতে প্রসাত খাওয়া অয় খাওয়ার ফরে তার পরে শেষ অইলো কজা শাংস পরেস বে
/kaggle/input/regspeech12/test/test_sylhet_0163.wav,খাডাই টায় দিতো যেডা আছনা দিলাইসা ন খ তো খয় বড় খান বাস দিয়াও তো আর পিারে একবার দিুমি হতো না য়া
/kaggle/input/regspeech12/test/test_kishoreganj_0180.wav,পে  আঅ কমেলা কপাল মলাাতোাকমলা চা অত কমলা আছে আলামনে যত কমল লাগে লা এলো জীবনে মুক্তি নিরাপত পানির জন্য বিশ মিটারে বেশি সময় লাগে বিশ মিনিটার বিশ সময় া লাগে
/kaggle/input/regspeech12/test/test_sylhet_0721.wav,মানে আমরা লান ই যাবান া শিয়ো খরা আল্লে তুানো তো মাটি দেগিন আমরা খাষ্ট খরোই খাষ্ট করয়া ইগয়াহু আমরার উসাবে খইছমুও মনে খরবা লানি ওতো না আফনারার বিয়াত তো বহত রিচুয়া মানে নিয়ম ওম আফে সবতো বউত কিছু নিয়ম খর খয়দিন তাকি শুরু অয়তা
/kaggle/input/regspeech12/test/test_chittagong_0133.wav,তারফরে দেওয়াই টাহেতে নাস্তেগুর গুরনা খরতা ইয়ো আগেতে আল্লা ফোরছালার মদে কুম রাহি দি ইতারা খই রে দুই তিনদিন টাকাকবা হয়দিন ফর তু যেততে আসছে মনে ওতি ফুফিরে কওল দিবি ুফিনি এহন আবার ফরে দেখালি বড় বেল্লে ন যায়গা আর যারযাতো হরসি পাতা খালি আল্লা হাম টান ন ঘুইরেরে ওদে মিস্তিয়েরে
/kaggle/input/regspeech12/test/test_narsingdi_0110.wav,ইয়া করাই ফ্রাইপ্যান ছুডুডা সুন্দরডা ছিবা এদদুর একটা ফ্রাইভোন্ ন আছে উম ক্লাসো থাকতে এইটা ফড়িশুনা খরবো ইআমি আছিলাম কুতাত আমি এইটা ফলিতে আসোস না নেতাট বছর ও আইচ্ছা কি এইটা খরতাম  ফা া  াটাপযান
/kaggle/input/regspeech12/test/test_noakhali_0004.wav,বালোতইছিলানি  আর লছাম ু ও  তা আরস খতা গ
/kaggle/input/regspeech12/test/test_tangail_0040.wav,বুঝ সে মানে বুঝতে ফারতো যে মানে পশু পাখি গুলার মনের অবস্থা সে ভাব তো ভাগ ও তার বন্দু হইতে পারে যদিও অনেকসম পশুপাখির সাতে তার একটা ইছিলো কিন্তু তার বাবা এডা
/kaggle/input/regspeech12/test/test_kishoreganj_0110.wav,অনেকগুলোশৃংখল খাদ্য শৃঙখল থাকে বাস্তসংস্থান সকল সকল উবীদ ও প্রাণী কোনো নাক অনশৃংখল অন্থরভুক্ত যেমনইগু সব দূর কট বযং নন প্রণী থুইয়ে থাকে সব
/kaggle/input/regspeech12/test/test_sylhet_0159.wav,ইতা গো আগোর মানুষ ফাইঙ্গাবি গু মারলেও টরাইয়া খইছোইন না বানবন  সমস্যা কা মেইন তো আমার হউরে নিজোরও আে ফাইঙ্গাবিনছর ছটাইয়া লা হিসময় আরনা মুটাইতার  ওইখা ইটরাইয়া া উচ্জো আছি লাডুআগে
/kaggle/input/regspeech12/test/test_habiganj_0083.wav,গা দুে বাইয়ে একজনে ব্যবসা খরুইন আরেখজন ফড়াত আছোইন এখনা আর দুবছাছাড়া কিতা খরে আছোইন বালোই আর এখটু আছোইন আরেকজনে ফামার ছাছাটতাইন ওইলোগিয়া এর তিন বাই ছাছা নাই মারা গেছোইন আর তিন বাই তিনজনওই ব্যবসা খরোইন
/kaggle/input/regspeech12/test/test_sandwip_0061.wav,অ যাইবার লাই এতালাগা আটছে খুতুগে শিলাইছে অইবার খাইল্লি একজে তিন ছোট ঠিলাইছে আরেক ছুডের কাফড় অবোগারা আনিত অইছে মনে করে আরে গাম্মা গুল্দে আল শিলা লাইয়ে
/kaggle/input/regspeech12/test/test_sylhet_0268.wav,আমি প্রথম ক্লাসটা ইউনিভার্সিটিত প্রথম ক্লাসো আমি মিস খরিলিছি বাড়ার টেখা নাই আমার বাইয় ফ্রী নায় তখন তারাকাজ করের খ্ষেত লাগা বৃষ্টি ওতা এখটা অনুষ্কা যে যাই ওক ফরে আমারে লইয়া আইছোইন আমার কাম্দাংন্দা সামলানের লাগি দুইদিন পরে লইয়া আইছোইন আইয়া
/kaggle/input/regspeech12/test/test_narail_0068.wav,পারি আমাগে এই অত্র দেছে  জেলা ক ই জেলার ভিতরে সবচেয়ে ভালো বুদ্ধিমাণ লোক আছে ক্যাশো ঠাউর হ এর উপরে তারি ুাবে না এর উপরে হলিন শরীফ তাই কচ্ছে যহেলিন শরিফ বাব্বা  উনাগে সাথে ঘুরতো তো ত আমি কচ্ছি কি কায়দারে নিছে কচ্ছো ঘোরে পাও যেকি মাল
/kaggle/input/regspeech12/test/test_narail_0153.wav,লয়ন দুকান ই ছারফর বৃষ্টি চরে নাই বিকেল বেলা দোকান  ন নের বউ কখানে বাড়ি নাই বাড়ি রইছে ও তারফরে ও শররটাই ভালো আছে নয়ানের বর
/kaggle/input/regspeech12/test/test_sandwip_0102.wav,টেহারা খুললা বাড়িগু এটের লাইবে কি কইছে দি তে কি খযারা বে এককি সমস্যা ইয় অয় এ আছেযইয়া দেওয়া তেনাা দেরোডা আসিা
/kaggle/input/regspeech12/test/test_tangail_0092.wav,ওই শহরে আর সবার সাথে ওয়রার একটা ভালো সম্পর্ক অইয়া যায় সবরে ভালো পুলা হিসাবে জিনে ওই শহরে একদিন রনমীর কাপুর হাটতেছিলো রাইতে ওই সময় দেহে যে একটা মেয়ে সাকি না মানে সুনাম কাপুর সে লুকায় লুকায় হাটতাছে পরে রনবিরি কাপুর মনে করে যে মেয়েডাডা আসলে বিপদএকটু সাহায্য করা
/kaggle/input/regspeech12/test/test_sylhet_0745.wav,হুম ততো ইগার এখমাস ফুরিয়া আনলে তো আমরা খাইমমা বা সব যে মেজমনে মনে খরো যুতি ফিনদই সার এন খাইতা নায় এন মনে খরো খাইবা কয়লা খাইবা শা ফরে খাইবা খাইমু
/kaggle/input/regspeech12/test/test_narail_0046.wav,তা সেই জাগা াইজে তোর বাবা ওই যে ওই পাশে ওই জাগার সাথে ওরা ভাগি ছেলো ওই জাগার মাধ্যমে ওই ওহনের জাগা তোগে পাবি ও ওরা ওই জাগা কিনে রাইছে না ওই জমি সেই জমির বদলে সেহেনি পাবি
/kaggle/input/regspeech12/test/test_sandwip_0084.wav,আবনেরবিয়ার কইরাত্তাসে রাছে ইয়ার এক্কারে বিরক্ত লাগবো যেন্ন ই চুলে যাব সুন্দর আইছতু ইস্কুলে যত্ন করে ন যাইয়ে ং ফ্রা কিয়ালে নষ্ট অইয়া ব যা দৌড়া জালাই এরছেগা অরম মজি
/kaggle/input/regspeech12/test/test_kishoreganj_0130.wav,ে কুনদা ফরা কুন ডা  সম কুনডা ফরাছে কুনদা ফরাইছে ডি ড এদেশে ফলে হরেক রকমে ফল এদেশে  হরেক কিছুমে  এই দেশেরেে অনেক রকম ফ এদেশে ফলে
/kaggle/input/regspeech12/test/test_sylhet_0109.wav,তদে এমনো বিল্ডিং ওডি গেছে হুম আমরা এইটোরছল ইখানে কতো বছর অইলো ইনো তিন বছর যদি থাহে চ্ছা তাগে সি জিনতা লাহে এ ইখানে মালিক কই থাহে দ্যা এনার মালিক বিচাসলানিআচ্ছা তে
/kaggle/input/regspeech12/test/test_sylhet_0286.wav,কিন্তু তখনো ছাকরি না এলা বাইরা খইলাম না আর েখটু কোয়ালিফাইর দরকার ইতা দিয়া ওইতো নায় তো আমি আমার মনে ওইলো যে আসলে আমি যে ফ্যামিলি ব্যাগগ্রাউন্ড থাকি বড়ো ওইছি আমাদের যে
/kaggle/input/regspeech12/test/test_sylhet_0527.wav,ও বোডিং পাসনার আমরা লেইট ওই গেছে এখন গেসিত যাইতাম ওসম এখন তারা হয় য প্লেন আছে আপনারা চলে যানে যার সময় নায় এখন গিয়া বইছি মাত্র পঁচিশ মিনিটের রাস্তা খয়া রাচ্ছা ছে ডাহার ইয়ারফোর্ট গিয়া খরমু হমমা পঁচিশ মিনিটের যাইবোগি
/kaggle/input/regspeech12/test/test_chittagong_0157.wav,ও দেততে যাইবে না কতা আরকি ফাঁস্ মিনিট ক নাম ন আইয়া এহন আরেকজনে খরদে নাম ন আইবু ফর নাম ন আইবু উইল্লে থস থাইন্সক নাইন পয়েন্টতুমা কলি  নোয়াইত ফারে তদি সুই সু জিয়যান সিসছে ফাতম ইয়ান আছিভি
/kaggle/input/regspeech12/test/test_sylhet_0139.wav,ক আমরা এডো ানে আফনে আফনের বাসায় আরকি আপনেরা কিছু আমরা জিগাইমু ওছাড়া আমনার বিষয় যদি মাথোইন আমরার লগে গস ফড়ি নান ত্যা আমরার লাগি টুবিরাবুঝছিনাটছনল্লা গল লত বলবয়ন
/kaggle/input/regspeech12/test/test_habiganj_0058.wav,ফ্রিকা মা খয় ফর আমি তো লবন টিক অই দিলা আমি ই লবনে তো অইছি তুই মনয় মাইজের লবন দিতোস তরে দিয়া দিক্কা অখন লেসি বেশি রান্দায়
/kaggle/input/regspeech12/test/test_sylhet_0326.wav,আকাশের চাল ফাইনে তরন জীবনেত বই ফাইয়ারাাগতো ফায়না বই ফাইছ না খনা খরতেছা আফনার ফরা একটা  কিচ্ছি লাগতাা কিতা বই কিনিয়া ফড়তাম ফারছি না গরিয়া জীবনে আসলে আমার ফড়ার মনে অয় অর্থেকে বেশি ওংশ ফাকার ওই গেছে এখন বই কিনতাম ফারছি না
/kaggle/input/regspeech12/test/test_narsingdi_0076.wav,তক া দেছো কিক্টিকা শাহয়েদাছাবানলাগে  বুছে  টিটি কইততে ছছি করছিপ করকা নাই ধরছে সত্যি বেলা দি দিছোস নাম এইডা মেয়েও ছিল্তা করতাছে কিছুডুবেলা দুজ্জাছো
/kaggle/input/regspeech12/test/test_sandwip_0031.wav,ধান দা জিনিসটা নে না তোলনামূলক উটটো ধরো জাহীদের মনকা বউত অইছে আরও অই যাইবো বয়স অইত্যে র চেন বয়স অইত্যে অইত্তে আরও সংসারিক ধান বাহান দি যাইবোবিতরে বেশি কচছিয়া বাজারে গিলা আইয়া কছিল কিয়া থেম
/kaggle/input/regspeech12/test/test_sylhet_0636.wav,কানি খাত করলিছি বিয়এল যা ফরছিনা অখন কম বয়স  টাঅইলা খন্যো তিনজন কা  সরকারি ছ সে বিয়া ফরছি সবে দিয়া খছি
/kaggle/input/regspeech12/test/test_sylhet_0010.wav,না টান খরিয়া কিচ্চু না খাইয়া আমরা ঞজল প্রজানবড়িককাকলামনকর চাং বাড়িয়া জন প্রধান মনায় প্রসাদ খাওয়া অয় দিন ইদ মরবানির আমি সয় আমিশ খাই না দুইদিন খাওয়া অয় আচ্ছা আকি বউই খাতা ওই টাকুরের খাছে বই নিবেদন দেওয়ায় ওই খাটা কলম ইযেলামরা পড়াশোনা ফরা খরার পড়া ওয় না
/kaggle/input/regspeech12/test/test_narail_0014.wav,তারও তো জমিজাতির ভাগ আছে না সে যদি কয় যে আমার জমি যাতির ভাগ দাও সে যদি নিতিহাসে আমি তারা তো কোনোকবোনা যে তুই জমিজাতির ভাগ পাবে না সে আসুখ সে আসুখ সে আসে কোকযে আমার এনি জমি দেয়ে আমার ওনি জমি দেয় আমি বাগ হো তুই তুই পালে নিয়ে যা তোর হক আছে দুই নিয়ে যাবি কিন্তু তুই এই সমস্ত কথা বলবি ক্যান
/kaggle/input/regspeech12/test/test_sandwip_0012.wav,আছি আমরাবা না মাইয়া কী অবস্থা মাইয়াতো হাডে তাইলে গেলো কেন বাতা অইছে কিন্তু কোলে আরে না আরাইত কি এক্কানা কতা দুই সবজা অইছে মানে আশা করেদিন্দা মোন্বাইললা কওয়া যাদি যাবিনাই একবার যা দিছি যাইয়া বিয়েতো আইসলা বাজজানিা
/kaggle/input/regspeech12/test/test_narsingdi_0108.wav,ফসএইডা ওই তইডা সুন্দর কইয়া খয় পতো মেলে দেন্দারে এন নাইন নাই আমার এইডা দেহি বালাা
/kaggle/input/regspeech12/test/test_narail_0008.wav,তাসেটাহ তো তোর মাস ছওয়াল দেহনি তাক মাসে তো ছালদে তে কলাম মাইনসে তো ছালি সরাসুরি গদি কইছি ত মাইসেত ছওয়ালরে  তো কইয় দাছে আমি টাহা পয়সা বাবার চিকিৎসা  না সুমন বলে এরকম কিছু কই নে সুময় নিজি কইছে আমি শুনিছি সুমআমি মাইনসে তো বাইরে ফোন দিছিলাম
/kaggle/input/regspeech12/test/test_sylhet_0032.wav,তীরো সেইম এইভাবে টাক্করে পূজা টাইমের বিতরে কিন্তু আমরা পূজাটা খয় তীতি আছি ও তীতির বিতরে খরছেই কুপি ধরোইন ধরোন দশটা কিমটা ফঞ্জিকা লেখা তাখে ও টাইমের বিতরে পুজা খরতে অইবো তারর পুজা শেষে ওলে এঞজুলি দেওয়া য় মঞ্জুরি দেওয়ার ফরেও আমরা আবারও প্রসুকটা খাইয়া মঞ্জুলিও খরি
/kaggle/input/regspeech12/test/test_sylhet_0038.wav,াছ তা সবাই একসাতে ওউ যে চৌয়াটটা ট্যাশনা গিয়া সবাই একসাথে সব মুরতি একসাতে মিলিত মিলতো  আবার েসিট ওইসাতে চৌহাট্টা আছে না চৌয়াটটা নাইও দক্ষিণসুর মাঝে নি ফানে ফরা লাছি েডানা আংগো খানো এটটা নদী আছে  অনেকে আমরা ফড়ায় তোজন পুকুর আছে
/kaggle/input/regspeech12/test/test_tangail_0077.wav,বুঝতে পারে পরে আস্তে আস্তে হালকা হালকা নাডাতাড়াআইয়া করা শুরু করে মানে সেন্স কাজ করা শুরু করে পরে শেউলা কলেজে লেখতারার ফর তার পক্ষের হাসপাতালের খরচ চালানো আসলে সম্ভব হইতাছে না
/kaggle/input/regspeech12/test/test_sylhet_0717.wav,আর মানে ইদোর অন কিতা মানে অলরাইজ হসবসময় দুরাও বিয়া ইয় রান্দা মরা সিদ্দু দে নাশ অনেখবারে অনেখ সময় তো মুসকিট অছি যাই মানে  ইলানো ওইতো ফারতো না নাকিতা ইরম কিচ্ছু কিতা  তততো আমরা ছান খইছা ওইছে আবার দিলাই ফাছি না অখন গিয়া আতুদ দাইয়া আমরা
/kaggle/input/regspeech12/test/test_narsingdi_0043.wav,ধর্ম অনে তো খারেন্টড য়ত তো যায় না বরে মায় কতাছে বাবা কারেন্ট থাহে ওই না তহুদা আইপিএইছ আনসে এইডা কি এন্না বুঝো না পাাতি মাই নিছো অনেক ঠান্ডা উপ্রে গরম
/kaggle/input/regspeech12/test/test_kishoreganj_0197.wav,জুফা দেতা া খয় ফয়া দে তো ফয় ফয়া দে তো
/kaggle/input/regspeech12/test/test_rangpur_0024.wav,স্যারে এরকম  কোনটে কনছে ও ব ইলের বউযেম হইলো বিশে এ ওপাকের যে সবাই গেইছে ওা হয়ন র ছাগলডা পা দিলবো পাদিল কা পা র কতো  সারকের বোবের য়া
/kaggle/input/regspeech12/test/test_sylhet_0240.wav,মহিলাসরকারি মহিলা কলেজো অনো নিয়া আমার বায় বর্তী ফরীক্কা দেওয়াইছোইন ভর্থি ফরীক্কাত ঠিকছি ঠিকারফরে অনু ভর্তি খরাইছোইন হুর্তি খরাইয়া হোস্টেলো দিয়া গেছে ওউ যে বারিয়া আইতি আমি হোস্টেলো ও স্টিল নাও আমি অখনো বাইরেও আছি আর যাওয়া অইছে না ওউ আমার জীবনের লাস্ট বাড়ি থেকি বাইরো আইছিলাম দুই আজার দুই সালো ফরীক্কার বাদে
/kaggle/input/regspeech12/test/test_tangail_0023.wav,কান্ট্রিগুলা অনেক শিখ থাকে ওই ক্রিসমাসর সময় অনেক মানে তারা শপিংমলে যায় গ্লাভস কিনার জন্য কিন্তু কেউ কারো তাখন চিন্তো না দুইজনেই তুরা কেউ কাউরে চিন্তো না
/kaggle/input/regspeech12/test/test_barishal_0089.wav,খন রুম্বাক হইয় রাইবে ও ওযেিসা করিবা আর মনা আদা ঘন্টা করছন হয় আাা  থাকমু হেইও তিন ঘন্টা হেই না পিচা খাস হাত খাবি এহেনোবায় ত হইলে ওইডু নস কুম্মর ত
/kaggle/input/regspeech12/test/test_rangpur_0067.wav,না গো যাই আইচ্ছে কি  কাওয়া দাওয়াত দিআসকে ক  োদাই ডিম ডাইল আবার ফির ভর্তার কত্তা  মাছ আছে হিযে সন্দ্যা তো ওই ডিম ডাইল আ
/kaggle/input/regspeech12/test/test_sylhet_0207.wav,খাজ তাম ফারোইননা ওতা দেখটা আর বাবিন আছলিতো খরো ছাইর ফাজ জুন আমার ইতা খাজজ খরা লাগতো না তো মনো মনো বাবতো যেই ফুরি ইগু  বাবিরা বো বয়া বয়া খাওয়া খাজ ফারতো নায়  মানে অনেখেরও ওতা করশম তাখতো
/kaggle/input/regspeech12/test/test_narail_0144.wav,একি কয়সো না চা বানি শুনো যাবায়নি ম আমার কাছে আসটার কতা ছিলো তুমি আমার কাছে না আইসে তুমি বাড়ি চলি গেছিলো এইজন্যি আমার রা ওইছি আমার আমি ওরে ইন্ডিয়া যাওয়ার সুময় আমারব্যানটাপল দে ওইদেশি সেডি
/kaggle/input/regspeech12/test/test_sylhet_0059.wav,ছোলাফরন্তল মারা অর ন মারে আনত ওইলেদো গাড়ি লাগে অবি বাইতো ছুজ ভাইও যাইতায়া যি এরখারনে ফরে তাইদে বাইয়ে খইনো গাইরে মার খাওয়া ইতো খবাই তককি নিয়ান ছাত দিাতা আমরার অনেক স্খষ্টে রাখি ইগুলা খওয়ার মতো না আ ইগুলা খওয়াত নাইগলে তাই শান্দা
/kaggle/input/regspeech12/test/test_sylhet_0274.wav,তো এক্ সেমিস্টার যাওয়ার ফরেও সেকেন্ড সেমিস্টারো আমার বাই আইয়া খইলা যে প্রাইভেট ফড়াইতাইনি ইটার অর্থ ওইলো গিয়া বাই নিসছু আমার বই কিলিয়া বা আমার যে ফড়ছরু দিয়া বাইওটায়ার ফিল খরোইন তা তাই নিজেও তো ব যে স্টুডেন্ট
/kaggle/input/regspeech12/test/test_sylhet_0254.wav,আফনারার বইনের সুবিধার লাগি আমার বইনোর ওসুবিধা আমরা তৈরি খরতোম নায় তাই যেহেতু আইএ ফরীক্কা তো বালা রেজাল্ট খরি লিছে আমরা দেখি তায় আরেখটু ফরতো ফারে কিনা আমরা আরেখটু দেখিলাই মানে ই ধরনোর লুফ দিয়া আমার বইলে লাইফটা নষ্ট খরিলা যেনো ইটা ইটা তাই টিকলো তাই খরাটা বন্ধ ওইযাউ
/kaggle/input/regspeech12/test/test_narail_0065.wav,ওই জমির ইসি তো ওই জমি দাগে এই হেনি এট্টু পাবে বাগে ফুতলিমর ব্যাফারে সবাইরা বোজে না বোজে আনেআরি দেখি হরবেনি তো যাই না পাচমিাগে ওইসিব ওই জমির দাগে া পারশা কুলডা দি ওইশি উল তালি তো ওই দাগের জমি এই জাগা
/kaggle/input/regspeech12/test/test_sylhet_0006.wav,উটি ইগুরে খানি দোওয়াইবু বিয়ো খরাম কিন্তু বই ফরিস্বীকার খরাম ইগলামানে ইটা তো লে আলাদা খনেওতে  নে আমরা বঝে যাই তা তো দরখ অভ্যাস ওই গেছি বন্দ তেমন একটা লাগেন
/kaggle/input/regspeech12/test/test_sylhet_0044.wav,ছাকজ কলাম বার খরিই্লা মনছোন হ ইটা খওয়া বলে আফনা  র  এমনেই গমোর বাই না আমরা সা র এমপিপিনে না মি  ও আমি গ এমটি এমসিসকেআচ্ছা খইতা খইন আম কচু বসে বাসাত নিই া
/kaggle/input/regspeech12/test/test_chittagong_0036.wav,খলাবুলি ফরিক্কার ক্লাস অইবে না খেল উঠবি অডি আম্মা অরে ঁরে ফরিক্কাত ভালা ওগ্গো ফোন কইরলে আইফোন লই দিবু খেলে আইফোন নাই ফোনের ট্যাঙ্গোল যি কুমি ওন কি টু কইন তাই নিয়ে সন্দ্যা হগোইন
/kaggle/input/regspeech12/test/test_sylhet_0443.wav,নিজোর বাসা রাখি নিজের বাসাত কিন্তু বাড়াটি ঢুকাইয়া আমি আমার যে তিনরুম আমিও আমার বাসা বাড়া দিছি ওখনো খনো নয় আজার টেখা বাড়া নিয়া অন্নত আরো টেখা কুড়াইয়া বকিন্তু নিজোর বাসাত থাকে নিজোর বাসাত তাকি ইমনো আমার বড়ো জাল আমার জামাইর বাই বলোজ তাইনো বাসা বাড়া তাখন সাপলাম
/kaggle/input/regspeech12/test/test_rangpur_0029.wav,কাই কিরা তোমার দাঁত আর কতা ঢোঙা তো দিছিন হ আগে তো ক আগের ওটাও মো টেস্টে আছিল আলাদা সকাল বেলা ভোরে মুখ ঘোসতে দাঁত ঘোসতে করতেছি চলতে টলতে যাওয়া পতে  বাডা নিরতি এলা ওইয়  সকাল বেলায় মাত দিয়ে গে সকাল বেডা
/kaggle/input/regspeech12/test/test_narail_0096.wav,ওর সাথে যতটা কথা হয়ছে তা আমার সাথেও তোম ততোটা কথা কোনোদিন ওয় নিই একটা উদারণ মনেই ফারে গেলো তে উদারণডা  খুবই বিসসিরি এবং বাজে বাজে উদারণ নারি তো দিতাম তোমার না অইলে দিতিস ঠিক আছে তাইলে র সরকার নেই
/kaggle/input/regspeech12/test/test_rangpur_0122.wav,পরতা খান না পর্তা ডাইল শাগ পাঠা শাগ হ্যা আর শাগ হ্যা নেইস পাট শাগ আনিম হ পাট শাগের যে দাম হ
/kaggle/input/regspeech12/test/test_sylhet_0166.wav,আমার বাড়িত পমকয় না না তাছ মশম চাছারমিলি   ও কম ফড়িয়া ওল্লা ক  াসির মাদ্দে ছাস্তর আছিল আর ওডাইডা কন চলেআর ইউস না ফি গান মরছইন
/kaggle/input/regspeech12/test/test_narsingdi_0026.wav,রানতাছে একশান্তর  দেখ কতো সুযোগ দিলো এহন যায়া ওই প্রমণ করতে যে না ওয়কআারে লিটন দাসরে দেখ কত ট্রল করলো কিন্তু এই কত একদেড় বছরে সবচেয়ে বেশি রান লিটন দাশের বাইরে দেশে দের সাতে ওরে এহন তুলনা করাঅইতাছ
/kaggle/input/regspeech12/test/test_sylhet_0410.wav,বারফোর বাড়িত সবওউ আছে বাই বোইন মা বাফ সব বাফ মারা গেছো আজকে ছাইর বছর অইছে আমার ু সবজবই খানো তারা এখন তাখা ও তারার খি গছে তারা যাত গেছে আনা বড়োনি সবে  সবাই বড়ো না আমার এখজন আছোন বই বাইরে তাখোয়
/kaggle/input/regspeech12/test/test_narail_0040.wav,সব সংবাদ ছাগু না আমি ওইটুকবাদ  ি কাটলো না ুর  হহকারে হে তা তাকবে জাগানি চ্ াতায় উটা একটা যুদ্দ অখলের র একগকরা দেখিলেন
/kaggle/input/regspeech12/test/test_rangpur_0027.wav,ওই সপ্তার ঘারা এইযে নাকারি ঘর আছে না আমার নাকারি বলতে এরো যত সাকাই সদর যতনি ভাাই আগে াাি না আগে  পির  আছিল ও সাফির র খালা আছে নাখারি ঘরবা নে ক্যাও করছি ব যাুই নান  আরহামরা আগে তো ন করি করিম আগে তো খাসলো ওইযে পডুয়াত কলার পাতার কলারঢাইসকাগুলাত খাছলো
/kaggle/input/regspeech12/test/test_sylhet_0738.wav,আচ্ছা তে আফনা খয় আ ইযে কিতা শেষ সম্প্রতি আন খন্যা সম্প্রদান খরোইননা ইলা মানে আরছেনি অনা াকুরানি খবু রাত্ে গুরেত ফাশটটার জনযদেখবো  মাইরা ার কুইন জা খাত এখানো বিয়া জমা বাবা
/kaggle/input/regspeech12/test/test_narail_0172.wav,আঁছের আচ্ছে ভালোওরে ভা বালোনাই যম্বের গরম গরমে সলিখারাপ হয়ছে ও মাগে দাক খা দে হইছে আর এতো রোজ দুরোনি এরসে রোডের চাজ ফড়িছে
/kaggle/input/regspeech12/test/test_tangail_0103.wav,থির একটা লাইন আমার অন্যতম একটা প্রেবারিট মুবি ওর খালি ই লাইন্ডার্স জিলাই গাই দুজাজা সাত সালে মুবি আমি মাত্র দেশটম কয়েকদিন আগে সো সো আমি যেই মুবিগুলা মানে ্রিশোর করলাম এই মুবিগুলা আফনে চাইলে দেখতে ফারেন
/kaggle/input/regspeech12/test/test_sandwip_0113.wav,আর হিয়া দো অ তু ইতো মাইা অইয়েরে তোন কিনাই কইরাম হানি ল ত হুয়া গোল আর কিনাইতমে ফোলা গিগি মা খাননা কুতা ইবো হোলা দেহায় যাত্তে আইয়াগুচেআরে নতুন শানতি লই যাতো বা কুতানি বেছি নতুন সাইকের লই বাড়ির মইদ্দে আরও বাতে বদ উোলাছে ভেগুন লোন হেটে কান কেরি ফুদে কয় দিনই বেইজজা কয়দিনই হাইকগুন র বেইজ্জা এেকদিনওই বেইজ্জা এবার দেন কাডাইতিছে মাওতার কতেত কমি
/kaggle/input/regspeech12/test/test_narsingdi_0003.wav,তার রখা কারেন্ট সুযোগ দিবো এটা তো ইন্ডিয়ার মতো হয়া গেলো এখম ইন্ডিয়াতে যেমন একটা প্লেয়ার একবার বসলে র খুবসজের দলে ঢুকতেই কষ্ট হয় বাংলাদেশো এরকম ইতোস হ বাংলাদেশ ইদানিং তো ভালো কলতাছে না সবাই ভালো ভবা এব আজখানে শুধু ই আফিফ
/kaggle/input/regspeech12/test/test_tangail_0011.wav,এই সময়ডা আসলে আমরা সবাই যা ইরকম একটা সময় যে আমাদের ক্যারিয়ারো ঠিক থাকঠিক থাকছলুক আবার বাগদীযে লাভ লাইফটাও ঠিক থাকছলুক যাই হোক কুইন্স তখন একবারে জনপ্রিয়তার তুন্গে কিন্তু ফেডি মার্কিউর নিজে বুঝতে পারলোস সে মানো
/kaggle/input/regspeech12/test/test_narail_0076.wav,াইছ  তা ওনার কি ওরার তো কোনো কিছুই তো ঠিক খুছে না তল এট্টা  বল এট্টা ফাক দু গাপে টা গাফা ঘাপি কুটো মাইয়ের বিয়ে মাইয়ে গেছে ছোট হয় ছোট মায়ের ওইযে ক্যান্সার অইছে বুকি
/kaggle/input/regspeech12/test/test_kishoreganj_0165.wav,ললেে ডা নান এগাছ হচ্ছে গাছ পালায় গাছ পালা ইত্যাদির উপ বিন্দুবিন্দু জমে থাকা পানি বা শিশে পানি বা শে বিশে পানি বল চায় া শিশে পাযা সকাল খুছা  ডমে বাা শিশ হ
/kaggle/input/regspeech12/test/test_tangail_0048.wav,ওইতো মানে ইয়ো খরতে পারি হিংসরো ওইয়ে যাইতে পারে ফরে ইরকম করতে করতে পিরফানখান বরাইছে থাকা অনেক টেকনিক শিখে ওউ মাস্ক নিয়ে মাসাগর তিকা মাছ ধরে ওই মাস নিয়ে
/kaggle/input/regspeech12/test/test_narsingdi_0085.wav,তল্লায় প্ল্যান গরির না আমি সব ছুটির মদ্যে বাইতবাবা ঘুমায় থুনেছ না ফরে একচুয়ালি মনে অইলো ইদের দিন কেউনো প্ল্যান গরমু কেমনে ইতের দিন তো বাপ মাই কোনো ফাই লইয়াই যাইতো ছাইন আওবার আমার দুইডা ইছে কোনো যাবি বাই ফাঁচ দন আরকই লাগা
/kaggle/input/regspeech12/test/test_chittagong_0001.wav,বাড়িততে এইরকম হইর দি ইটা আইলে ন মাছ হিয়ার ফারে না তো গিয়া গরিয়েরে কা একশন থাকা এগারে দ তই য়া আচমন ক দেহিলি মাতন ফরে এক্কানা বেড়াই ধরম ফরে খারণ
/kaggle/input/regspeech12/test/test_sylhet_0448.wav,তো তারার ফাইয়ে আইছি ইটা তন আমি জালাম জানো নাউউ খায় দি লুকাইলবে দেখি তারার কিকলানো খরা আমার আমার নূর্ভাীয় বাসাত মালি আমে বাখোয় আইয়ে এখন যাইবার া বেটির আমর ট াখদেও ফাঁচ আজার টাখা দিলোই তারফরে আমার এখটু সেইম অইলো টেখা আর আমি এখলাখো ওই বেটি ফাখো খরো নান না বতর খমন বাততাম নাই
/kaggle/input/regspeech12/test/test_tangail_0109.wav,তার বোনের লেঙ্গাত চাইছিলো তাের কা  ছায় না কিন্তু ওইটা খবরই দেখি নাই এখন ওটা ফেসবুকে দেখছে ওটা কতটুক বিশ্বাসযোগ্য ওটা বলতে ফারি গি আচ্ছা তদেরকি মনে হয় যে ইদের আগে ইকানো আগুন লাগে সবসময় খলতেচর
/kaggle/input/regspeech12/test/test_sylhet_0306.wav,বাদে ওউ তাইন সিলেট রাখার ইয়ো দিলা আমি তো হোস্টেলো আছি আমার এখন টার্গেট ওইলো গিয়া সরাসরি হোস্টেল থেকি তাইনোর বাসাত যাইমু ইসময় ওইলো কুরবানির রিট আছিল আর গেছি বাড়িত বাড়িত যাওয়ার ফরে
/kaggle/input/regspeech12/test/test_narsingdi_0089.wav,গজা লাগাইবিনয়বালে প্রজুদমকাও দরজম না দরজাও কাননা লাগায় জানলা লাগায় উপকার পাওয়া যায় কিছু ইমিন ছাব্বি দে জানলা বইন জান্না লাগাই কুবনএই জান্নার ফাগদায়া চিল্লাইবু হা অনামেন অনেক জোরে ঘইরে ঝাইরা যারা কাডা যেমন বেশি ইয়া গা্ড বাজানি শুরু করবি
/kaggle/input/regspeech12/test/test_tangail_0097.wav,ছখিনা কখন সখিনা ওইরনবিট গাপর রে কহন ওয়ার ফ্রেন্ড হিসাবেই দেয় সবসময় ছখিনা তা আশা ছারে না হতাত একদিন ইমান আসে ছখিনারে ইমানের কথা দিছিলো যে এই বীজের ইখানেই আসবে ওইখানে একটা বীজ আছে
/kaggle/input/regspeech12/test/test_sandwip_0049.wav,আচ্ছো ওই ইয়িন বিতা হরেন বাগিফুল চ্ছা সমকছ আইয়ে তোমার গাথর বুত আ্মার ল্যাতো তোস
/kaggle/input/regspeech12/test/test_kishoreganj_0177.wav,আর রেট অত্তর লাল রেট অয়েন অয়ান চে ক মলাক খালা অ অরেন যত্তে কম লাগার অরেন্ যত্তে কমো লা খালার অরেন যত কমে লা লাগ অরেন যতে কমে লা গা লার ফেরে অন চতে ককনা খালা
/kaggle/input/regspeech12/test/test_narail_0138.wav,ও সুতর প্রসারি ছিনতে হবেনা আগে এই যে আগে আসছে ইউরোপে ইউরোপের কোনো একটা হিসেব পাঠাবে সেটা বুঝেইউরোপে না যাতি পারলি শান্তি নাই দুবাই সৌদি এখঅনেক লোক বাংলাদেশ বলছে মাস মাস গেলেওদের দুই লাখ টাকা বেতন আসবে সাত থেকা আট লাখ টাকা খরচ হবে যেতে
/kaggle/input/regspeech12/test/test_comilla_0019.wav,কেউ না কেউ ছিলো কারণ ধুলনাটা আমরা যখনই যাইর মানে এক মিনিটের জন্য থ্রি থাকে না বাচ্চারা সবাই কারাকারি করি কারপর কেউ উঠবে এহন কারেন্টের সবটায় কুম মুহূর্তে লাগলো আবার রুহি যখন যাইয়া ওরা স্পর্শ করলো যদি ও শহীরে কারেন্টের ইয়া থাকতো তালে তো রুহিরেও কারেন্টে শর্ট করি তেমু  কারেন্টে শট করায় নাই
/kaggle/input/regspeech12/test/test_sandwip_0008.wav,হ্যা তালেডালি হাচকে জিরো কতো ভাবি আদে মনুম্বার ভাবি আনে গন কথা খজু হই অঙগো বাড়ি মোবাইলুল্লা আচ্ছে লগসা আসরু বেশি ছোগে আছইন  একবার লই গেছে ক কচে আছলা ন ইরিদি গেছে না
/kaggle/input/regspeech12/test/test_habiganj_0014.wav,বরডা  বলা আছেি াা সুন্দর আসল ফর আছে মিলারো ওতো বদ্র ওইতারাে বদ্র দেখা গেলেমদর নাইলা বরলা বেশি বদরা ছো  ইলা ছো বিলাযাএুছোড়লা ইস্কুলো আমরা ইস্কল থাতে কি  ালাখজ নাইলে মাত্র মাইচ্চানাইন্চান ছেিে তান যদি ছোডোর ফরে এইডা আমরা দো হিন্দারে মেনশর
/kaggle/input/regspeech12/test/test_sandwip_0081.wav,তলে মাইয়া আই কিচ্চু খারইনাই ভাবি আঁইজন  অইছে আর ছাওন লাইগদে ন ফরদিনা যা হ নষ্ট করি গেছে টানাই গেছিল না কিচ্চু দেহিনা টান আমাদিল নামো
/kaggle/input/regspeech12/test/test_kishoreganj_0195.wav,ঠিতানু টিটানু একশো পচছ ব তাা অনেকতরা বাচছে বিলাজপুর আরা বাটছিনো াব সুরিক্কা দিলাম  দে টক বাতা আয়ে বান ঘুর বিজজ জন টক বা তা আন বান গুরা কিতন ক
/kaggle/input/regspeech12/test/test_habiganj_0017.wav,কেডা যে মুক্ত রছান বেডাছে বেডার ফনরো দিন ফর ফর তিন ফুলার ছি আফনে হি আল্লায় ইটা খয় রে কর বাগমান্দি গ্রামো খয় মার মাইনষে প্ল্যান গর টেখা জমাড়া বেডা দে ফোলাদুর বাড়িত রইছে বাড়ি ফুলা সাকষাত রাখলা
/kaggle/input/regspeech12/test/test_sylhet_0215.wav,যে প্রায় ফাচছো গ্রামোর মাঝে প্রচুর ওউ পুরুষলুক আছিল যারা ছাকরি খরতো বিবিন্ন লেবেলের ছাকরি তারার দলো পুষ্ট কিশই তাখরি খরতে খ ইস্কুলো ছাকরি খরতো তো ব্যবসা বাড়িজ্য ফুরটো কিন্তু মহিলারাদেখলাম যে খেল ছাকরি জীবিনায় সব ভাল হয় সব ভাওজায় আমার
/kaggle/input/regspeech12/test/test_chittagong_0066.wav,হ তা খাইয়ুস না কিছু হ হাইতো থি হাইয়ুস  বৃষ্টি বৃষ্টি ফরেন না বৃষ্টি আইয়েরে য়রেন এমন এগলা গরি আছে ও
/kaggle/input/regspeech12/test/test_barishal_0027.wav,এই এক ফির এইক্াম পরছে মোর পোলারে মোর মাথায় মুই মনে ক মাথায়ার দিছি যে পোলা যে বাঁইচ্চে আছে এহন দুই ফিরে এক ফির মিস গেছে এই দুই ঠিরির ডাইেক্ট ফাইরে খাওয়াই দিছেখায়াইথা মিাে দিছেি ওরনা
/kaggle/input/regspeech12/test/test_comilla_0028.wav,যেদিন মারা গেছে ওইদিনে ইনি ম্যাডামের সাথে উনি বলছে যে আমার মেয়ে তো চলেই গেছে এখন এটা আম আরো উপরে কোনো অভিযোগ রাখতে চাই না এরকম বইলা উনি আর কোনো এটা তদন্তের জন্য বা অভিযোগের খাতিরে বা কোনো কিছুর ইয়া করেন রাখে নাই
/kaggle/input/regspeech12/test/test_tangail_0072.wav,এরম চলতে চলতে প্রায় এক বছর করুন দানের আর আর চাকরির প্রতি অর হুষ নাই মানে ও সবসময়ওই কেমনে ওই শেউলির কাছে যাবো কেমনের সাথে কথা কবো কেমনে সিনসপেরিয়ান্সবো এরকম ভাবে আরকি অরলাইফ চলতেছে কি
/kaggle/input/regspeech12/test/test_tangail_0009.wav,আাগায় যাইতে থাকে তারা বড় বড় ডিইল করতে থাকে নতুন নতুন এনগলাম্বার করতে থাকে কুইনসে একেকে পৃথিবীর বেঞ্চ যেটা থাকে একেকে পৃথিবীর বিভিন্ন দেশে কনসার্ট করতে থাকে
/kaggle/input/regspeech12/test/test_chittagong_0058.wav,ডাও হেলো কেনাছুস এইতো ভালা আছি কেনশস এইতো ভালা কি অব্দে এহন আঁই এহন বই আছি তুই কীরয় আইয়ও বই আছি
/kaggle/input/regspeech12/test/test_barishal_0017.wav,এহন আপনেগুলা খায় না হেই খা সেখ   দুঠব ওইরুক বেশ ফাইবে কি কে তইলে মাই আ  যাডা আরো হায়ে পাহে খাওয়ানের চেষ্টা করতে অইবে আর আমার ওই হোম মিনিস্টার খুব চাল লোক  আজতে বেলায় না খাবে তা রাত্রে খাওাবে না
/kaggle/input/regspeech12/test/test_sylhet_0106.wav,বই তার লাইজ্ঞা ই যাই ত কুনু বাইতো আমার কুরছে না এরারে খাম খরি খেয়াত ফইয়া খরতাছছি অখন বিফয়তা আছে অন ছাইদে নাখন আমি গরো বার রাখতি যাবি বড় বাড় র দোকান বা খিদুড়াই দুইির জিনিসের লাইজ্গা মাসকি গাইওো ছারতাছিয়া
/kaggle/input/regspeech12/test/test_sylhet_0616.wav,আে আর নুহা ওতে মজনু আংকেলের মো সটোটা হুম মজনু আংকেলেরও বলে ট্রান্সফারোর গেলো ও হুনছি বিহানি বাজার বলে আমরা ডাখাত াহটাআঙ্কেলের যে পাও বাংছি জানো তুনি ও অয় এহন শিা আনকলে কিতা অখস্থা রা কল  মান গরো
/kaggle/input/regspeech12/test/test_sylhet_0503.wav,ইগুই দুনিয়ায় খালা অইয়ায় ইতা জানমনা অতো ভিড আছি বারিত আমি জুরে ট্রিয়যাইরাজুরের দরি ফাজজে খইছি তরে এখতো ডি মা ভাসাত লইয়া যে ইরাম না মায় ফাা তলি লাছনা বরে বাবা খবসাব্ব চ্ছানা খাইবে আজছি একসখন তোনতনছ লইয়া যে ইগানো মায়া খউ যদি দে ফানি ওইয়া ইবো তেক ইয়োম সিটা খাইবো তুনি বালা অল্লা ইরা ফরস্কার খরলেও তুমার লগাএখন বিয়া দিলাম না মায় ছুইল্লা ইবো হিনোর ওই দো সারাদিত নানা বাড়ি আর গাদির
/kaggle/input/regspeech12/test/test_sylhet_0421.wav,মানে ম্যোনামেওল ন বরসা দিছোইন যে আমি ফারমু লইয়া আর এর আগে দুইবার ভুলো বাগসিন খরছে আমারে ঢাখাত নি বারো ঘন্টা বারো গন্টা অপারেশন খরছে কিন্তু ভুলোবাংসিতা
/kaggle/input/regspeech12/test/test_tangail_0100.wav,কুটা বুঝা যায় মানে এডা কি বলু এডা আছলে অনেক সুন্দর একটা লাভ ওয়ান্ার টলা তো এই ছবি থাকবার লাস্টের দুইটা লাইন মানে লাস্টের ধইটা লাইন আছে খুব
/kaggle/input/regspeech12/test/test_sylhet_0082.wav,হি এরি আরের কিলাম তায় না  ওতোদিন ধরি আতো তজানি আ তাফাছ বছরক করি গি  ফিশ ছে বিশবালা সরি উনিশো বছে এমনাই না তো ইরিয় আমনা টিকটাক বালা এম্নে বালা রাগছে আমরে যেছি বছর না তমিও আইছেখন অলা আাচছি ডু বাড়ি কইজান খইছ নে নর বাড়ি অইলো খেলাইছে আম ইতে আমার ক বান্দবী আি
/kaggle/input/regspeech12/test/test_sandwip_0109.wav,হেতে হলাা বলক্ক ম  শাহিত্য শাহি্তেরে দেখছি যেই  ওগুনেরেতো দেই ন শাহিতের ইয়া দেখছি নাম হেইতে অন্যান্যম মাস্টার গায়জেরকুম ছা হুলানি রেখেরে বইয়া তো হেতে লেফু হরালেখাাফেলাহইতে অইবোা  একদ মআনি ছাকিডই হরায় দিাফা
/kaggle/input/regspeech12/test/test_kishoreganj_0152.wav,বাঙেউদভিদের দেহে ন্ পায় নব্বুইর ভাগ ওই পানি মতো উদবিদের দেহে পাই নব্বুর ভাগই পানি মতো দপিরে দেহে প্রায় নব্বুই ভাগপ্রাণি ঙা পানি পানি আঙেদ ছভাগ পানির অগবিবদের দেহে প্রায়পাকার পরে এগুলো রং হলুদভা সুনা নয় অঙ্গায়া হ
/kaggle/input/regspeech12/test/test_narsingdi_0035.wav,ডাওন অইছে একশো চল্লিশ টাকা ওনের দাম বাইড়া গেছেগা চকবারেরও দাম বাড়ছে কাপ ইস্ট্রিমেরও দাম বাড়ছো বইন ছএকবারে দাম ফাঁচ টাহা বাড়ছে বইন ন ফাস্ট ইয়া অনেক কিছু অনে দুল একবার আরতাম গেলে অনেক
/kaggle/input/regspeech12/test/test_sylhet_0476.wav,গুরিয়ে সমান নানি নাইবার ওইবো তর ছাত সিরিশ টেখা টিক নাই সারাটাদিনে খয় টেখা বো খয় টেখা রুজ্জি খরে তুমারে দিধন খাইয়া আরদিন ুমারে ওউ ইটেখটা ফাওয়া দিযাইলা না যে বাইরে আমরা ওলার খইয়ার না ওনা মরওই বনো মা  হাওসত বেশি
/kaggle/input/regspeech12/test/test_sylhet_0084.wav,তাইর লগে মা তো বেশি তমন আমা অনেক কষ্টে কিন্তু আমার খারণা তাইর ফড়ারা খস্ট ওইছে আমি মাননি খারণ তাইর মা এমন বিশ্বাসে আছলা আমার উফ্রে আমি যদিন বর্তি ওইতো তাই বর্তি ওইতো  আমি যদি না ওইতে তাই বরতি খরতা তা তাই আমার বাবারের সময় পাও বাঙ্গি গেছে এখন আমার রই বাইয়ে মাত্মাত বইনোর বিয়া ওইছে আআমার বর্তির সময় বাবারো পাও বাঙগছে ওতা ফারোনে বাই আর কুনু খলেইয়ো খরতা ফারেন এখলার তো বাই সাইছলা আমারে পড়া বন্ধ ফারেন াামনবেস করবাই গছে ফড়ার খাম নাই
/kaggle/input/regspeech12/test/test_habiganj_0069.wav,ফহায়ডার আলী বদরোল না আছে দুইটা ও বদরুর লা আছা কোন দিকে ওইডা অইলো গিয়া কিতা টরছুলে ইটা অনামিকা টন্টা আছে না অনামিকা টেন্টালে ইফাইডা আরো ও আচ্ছা অনামিতে নাম দেথলিডে কছাগাদি গছতেন ওই যে
/kaggle/input/regspeech12/test/test_sandwip_0089.wav,ন ও হা কি  অবোস তা   জা অন আবারে আছে  যে  ক হাইতা কি শুগচ্ছে কিলে কই গে মুনিকঅব অন কাইছের হুতাইন্লে দুই ল কাকদদলা পেন্না
/kaggle/input/regspeech12/test/test_sylhet_0318.wav,কলাএক টুসুখ আমার নিজোর যেগুলা মশারি বশারি ওতা আছিল সিঙ্গেল লাইফের ও সিঙ্গেল লাইফের ওতো আনিয়াও কোন জুগার লাইফ শুরু খরছি মানে বাফের বাড়ি তেকিও কিচ্ছু দেওয়া ওইছে না শ্বশুর বাড়ি তেকিও কিচ্চু দেওয়া ওইছে নে দুইজনো মানে ছাত্রর মতো অবস্থা
/kaggle/input/regspeech12/test/test_barishal_0029.wav,ে  এনাপ না কয়ন্না দাখা একবার আনলাম না সাতটা আছি তে কি কইছিলাম যে এ ঝামানে শ্যাষ হর এেদিনেগে আমারে চবি দিন শ্যাষ ি   আমার কা কর আি খেয়াল করি আমি জনে একবার চাইলছিলামা  ভাতা রতারো ডাক্তারে আর কন
/kaggle/input/regspeech12/test/test_kishoreganj_0041.wav,ডকরি না  হ উটছ না হযএ নিয়া আমার সল
/kaggle/input/regspeech12/test/test_kishoreganj_0168.wav,বাসপ তেকে বলে বাসদেকে বললে পরিজত ওয়াকে গন পরণত হকে দন বাশপুরা থেক কে গি মছ আমি ইমরুডা নালিমের ডা  পুসপুতেলা বাসব তেকি ত হলে পরনত হওয়াকে গনি  বাস লাকি তহলে পর্যন্ত হওাকে গি বাসা থেকা তর হলে পর্যনত হওয়া কে
/kaggle/input/regspeech12/test/test_kishoreganj_0061.wav,স বাতে ফবাত গেছে  আা হুদাতে না ফরবে ফা বকা আমরা কাটা ফইড্ডা এইত তর বার তর বারা আমার বরা দিয়ে খইর দিয়ে ত ফিরে তরর ভাব ছের বরা দিতর বাবা তর বারে না ব আগে মুর উটি ককা
/kaggle/input/regspeech12/test/test_kishoreganj_0016.wav,ও এরফরে হেই রাস্তাছেন যে টা মলা দে এইডা অইতাছে হআল ছলতাছে মনে করতাছে আমি  কইছি যে ইড বারে তেতে আগ্ডা যাতান যে এই রাস্তা কইরা জাবডা কি েতররে ইয়া হাইট্টাগার লাগা দুই টিন না বালো দে ভালো অইলাতেইবো বেশা অহন দ দুই লাম বাই হরে দুইলাম ইগা কত কত দিছে না বালো হ্যাঁ কতানি তো ভালো দিছেই না
/kaggle/input/regspeech12/test/test_habiganj_0067.wav,ধান তাইকলে টিকু বাসায় চেঞ্জ অয় না যেমন সিলেটের আলাদা একটা বাসায় একটা টা নাকি ্ােআইচ্ছা আমাদের হবিগঞ্জ হবিগঞ্জের ম্যে প্রাইভেট হসপিটাল হয়টা আছে যেনো
/kaggle/input/regspeech12/test/test_kishoreganj_0118.wav,ব্যাং্কগে দেবা দয় ফাল মারে হুম েজবালা ফারি এমনা গাছ একবার দাওন কেইবো ব্যাঙকাল ইযে ফাল ফালা জালা রংলে দরই না কালি ব্যাংকগের ফাল মারলে ফাল মারে কি কা এই গাছ কুরিং কা গাস ফুিঙকাই কা গাছ কা আগে আবার এই গাছ কুরিঙ্গে কা কেলা শিঙ ব্যাঙ্গে ব্যাঙ্গারা কা কেলা ছাছের ব্যঙ্গারা কা কেলা সবসাফে এভাবে খাইদ্য শিঙ্গল এইভাবে খাদ্য শিঙ্বারে নিচে কোন খাদ্য শিঙ্কল সট্টি কাা্যে নিজে নযে বুইজ্জা ফাবা
/kaggle/input/regspeech12/test/test_sandwip_0009.wav,এডিক কোল্লারে ক মে বুরা বানখলানি  আএকতরা বুজানাতোডি কইতে ফাইরবো এ ভাছরু কী অবস্থা ভালানি বলা তোরা বেকে যাবাই কান দিলে ছরচট ুষট বিদ্রা করিবে
/kaggle/input/regspeech12/test/test_sylhet_0206.wav,তেরো চৌদ্দ বছর অই গিলে তারার গ্রামোর মানুষ আইও বিয়ার লাগি ফতো মানুষ খইন্যা দেখাতাই খইন্যা দেখাত আইলে তে খইন্যা ফিটিয়ে হাডি ফেতেই মান যাইতা ফারোইননি ত গর লেখতা ফারোইননি তে
/kaggle/input/regspeech12/test/test_sylhet_0692.wav,ব তম খেখনো কাহিনী আছে মিটো খেলা বেশি সআমি রা উস্টা মিতাওর খরতাম ানান ওইতো না তবে বেশিরভাগ সম মনে অখনতো বাইচ্চাইন যে যেরা দুষটা মাা আর আমার খেলে এখজন জুয়ার মারা বেশি অখন তো বাচ্চা ইনতে মুখায় তখন তো আমরার ছুট খেলায় তোকতা আছিল টা ওলো খম আছিল আমরা তো শেলা দুলাও খরতাম বেশি হয় কুলয় যাওয়ার সময় তো গ্সতিএসসি তাকি টু খেলা দিলা খরছা সময় খাকাসর বাই সতো জা
/kaggle/input/regspeech12/test/test_kishoreganj_0179.wav,কত মিনিট বিশ কছ আতা কামালাঅলে কমলাকালা অন চতে কমলাকালা এ বিশ কিলোমিটার বিশ মলাকালান ওইযে বিশ কিলোমিটার বিশ কিলোমিটার  বেস
/kaggle/input/regspeech12/test/test_tangail_0089.wav,মোটামুটি চাইরজন বাদার কেউ নেই রএই ছবিতো আরেকটার বিষয় অইছে এই ছবিতে আসলে মানুষ তেমন নাই খুব অল্প মানুষ নিয়া সুবিধা মাে মেগ খরাইছে আপনি পুরা ছবি দেখলেও মানে হাতেগুনা মানেদশ জনেরও মনো হয় কমমানুষে নিয়ে সুবিধা মান
/kaggle/input/regspeech12/test/test_kishoreganj_0087.wav,ছুডািনা আলিতি খাইয় আছে কিন্তু এইদি খাইতে মিষ্টি লাগে কিমুন লাগে খাইতে হুম চৌইডি বে কছা বালায় লাখি বচছঅহন নি ফিশ ইয়া ওই কিনা ক
/kaggle/input/regspeech12/test/test_kishoreganj_0025.wav,ঘুরতে করতে হয় রানি ক্ষআর আমার তো একটা আইডি কাইজার লাইজ্ঞা তো অনো ঘুরতাছি এই সংশোদনের লাইজঞা ফুষ্ট বিশেষে লক্ষ্ে তযে ফাহহন দিয়া এমুন ভুলোনি কয় আমি সব করা ইযে সুন্দর যা তে এইডা ভুল ক্রেজজ এ যায়াতো ব্যবসায় বুজ্জোই
/kaggle/input/regspeech12/test/test_chittagong_0062.wav,ওই কী হয় ভর্তি অইততে ফারিবি এহননে তোমা অইলিরিছে ফার ন দিএতারে অত্তুম লম্ব রিবু যে না অইলি তুই কলেজের মদ্যে ভরতে অইতখনা ফারি ভিত ও আইতা ঘন্টা হাট ক্যাঙ্গুবুন
/kaggle/input/regspeech12/test/test_chittagong_0152.wav,আনঠিইয়া আলিবো আরানটিরে হর তো অনে ক্েমনে রা কললা যা তো মাই েদে আর াগালাদা আ তার দাত ঢুইক্কা ছিনে অনে গেইেল না কেনরে হ চান্জা ফড়ায় রে গে এটুন  ধইরাইরে গে হু
/kaggle/input/regspeech12/test/test_tangail_0024.wav,তাপর দুইজনেই আবার একই সাতে গ্লাভ পছন্দ করে যেডার আর কুনু কপি নাই মানে জোনাথান বলতেছে ছাড়া সারাদে নিতা র সারা বলতেছে যে অন্যা থাননে জেনিতে কালতে ছালতে একসময়
/kaggle/input/regspeech12/test/test_sylhet_0713.wav,হুম যাকুন আলাদা নায় আচ্ছতা এমসি কইরা দিছি মানে ম আফনা আফনারা করছোইন কইড়াইয়া আমরা আমরাতা আমরা  মরাামগি মানাগাছকে জানি সবকিছু ইতে আমরা লাগা
/kaggle/input/regspeech12/test/test_narail_0034.wav,ওনি   করো ফুরি সতাসি বাইশ তা ম্যালা ফ আমার ফাওয়ার দরকার নাই ওরা না তা গেতা হয় টাই াাতু চাকরিডা ফাইস না কিতু আইস দো একদিনা হ পরা দোয়ালিল ফর্তি না  দট্টি আরকা
/kaggle/input/regspeech12/test/test_habiganj_0012.wav,হআমি আজকে মাংষের মাঝে একটা খামড় দিয়া সেইরা বেশা অবস্থায় আছে এল্লে গাছা বাই দেখব ছিবে আমি দেখতে তুমি সামনের ছেলা মাামামের মাইঝে আমনা খাইলা দা তামর লাগে
/kaggle/input/regspeech12/test/test_barishal_0081.wav,আ চলনে কটুক ছে া কষ্ট হইলে তা কি কষ্টে ছলে গেছে অর জেনা ডা করয় না সর অয় কষ্ট হইছে  ডিডা হেু ওগার ঠান্ডা কানে পাওয়া গিলা হেই মোর কতা হয়া  হেগানে কে হইয়া বোজেন না এইযে মা হরাদিনা কিরলো এই আছোরে আজান দিলে হেগু কান খায় হয় হ
/kaggle/input/regspeech12/test/test_sylhet_0179.wav,বড় সুরকম টালা শে আছেলি কিতা মরে উঠিটারি আসকি অয় তা বউত সম ন হর বর রম ন বড় চুখয় অয় বড় ইনচামও করো না বুচ্ছে আল্লাহর রহমত থাকছে ছেত ইনকাম সুক অয় স্দ কেমনে  চালাই নারছি
/kaggle/input/regspeech12/test/test_kishoreganj_0008.wav,পাওয়ার আসস এ বুদিে ধরে তো বাতিস টা উদায় ডাইলি হ তাওয়াছোট  পাছটা ছ হ তামা ভানো কিছু ইচ্ছাছি োজ ব্ল্যাক এড দফ ল্যাক
/kaggle/input/regspeech12/test/test_sylhet_0509.wav,মন র না আমার ভাই ে ঠিক খাড়ু তোমার বেগ মানে ই টেখাং ন ফাওয়ার আগেও কিতু আমর একটা বাফেররতে হে বাইতা ইখান বুজরাইন খতো মামুর আব্বা মা আ আমি খইয়া রাগে আমার আব্বু খইলাছ না খইলাছিলা বুচছি এখছন ওতাল্লা ইজন খতো টেখাইতা ফেনশ না য় তো ঠাাখান না খইয়া আফনারার সাতে াজিব যি মিলাতো আমরাও ব গন বোজ হ ছা আমার ফরেবোখ নুমামুর আব্বা ছাখরী জীবন জীবিন ো ছাখরি থাকতা সত্যে ও ফিনটাছ
/kaggle/input/regspeech12/test/test_sylhet_0491.wav,আযাও তখন যে বাবা ইয়্যনো দেইখ্কা মেনামে মাতার মাঝে আতাইয়া দিয়া সুন্দর খছুক বাবা তোমার কিচ্ছু ওইতা না তুমি সুস্থ ওই যাইবে
/kaggle/input/regspeech12/test/test_habiganj_0081.wav,হঠাৎ খইরা মারা গেছোইন খয়েকদিন আকে খাি তাইন্নে গুমনে ওইছে মারা যাওয়ার আগে তারফর তাইনের কিতা প্যাটরির মদ্যে তুতা আছলো খালি গুমে ওইতো চ্চুখাইতািবন তাে ফনেরো দিন ফরে দাফছে তাইনের লিবার্গেন্ সার
/kaggle/input/regspeech12/test/test_narsingdi_0029.wav,দেখা যা কী অয় স্বপ্ন তো ভাই সবাই দেখে বুচ্ছস এহন সবা স্বপ্নতো সত্যি অয় না টিম আছে বারোটা চতুরটা টিম আছে সবাই তো যাইবে যে বিশ্বকাপ জিতু কিন্তু ওইততো জিতবে তো যাইয়া একজন দুইটা টিম ফাইনাল খেলবে
/kaggle/input/regspeech12/test/test_rangpur_0079.wav,আত খাটি নাই মাবা যাইএ কি আন্দিবেন বেডি পাচ াত খনো মাছপা মাছ বেগুন আলু কালা পরাফাত বন্দ হইতে  পরা া
/kaggle/input/regspeech12/test/test_narsingdi_0008.wav,ইন্ডিয়াতে দেখ এই চাহাল রবি বিষ্ণয় রাহুল তে তোই ওরেও তো আছে ওর ভালো লক্স্মী নয় বাংলাদেশে একটা অলেক্স ফরন্ না ই কয়দিন আগে পিসাদরে নিলো কিন্তু
/kaggle/input/regspeech12/test/test_sylhet_0349.wav,ওউ মনো ছাখরি উরছি ব্রাহ্মণবাড়িয়া মহিলা খলেজোও তিন মাস তখন আমার লাগ খুব বালা বুচ্ছোনি আল্লায় আমারে প্রতিটা দাকে দাকে খুব সহযোগিতা খরছোইন আল্লাহর খাছে ছাইছি ও ফাইছি
/kaggle/input/regspeech12/test/test_sylhet_0664.wav,বড় ছেলের ঘোরো না তি ডাক্তার আফইছু ডাক্তার ই কু হতোন আরও পড়ে বা সাগারি ও বড় মেয়ের গোরো নাতি এগু প্রবে চ্যার পড়িয়া শুরি অ প্রবে স্যার হইছোইন খানায় ঝাট কেলে কর প্রবে স্যার
/kaggle/input/regspeech12/test/test_sylhet_0395.wav,আন তো কতো বছর ধইরে আছগা আমরি এনো সাদীপুর বলতে আমরা নিগোর বাসা বাননিছবো বুচ্ছোনি আমনা ইনো বাড়াতখরা আর ওইনোযি কিতা আছুল মও সাদীপুর রো তেরো বছর আর ওউ দুই মাস অইছে এই জাগাত আইছি সেরিয়াটা কেমন বাল্লা রাগছে
/kaggle/input/regspeech12/test/test_narail_0048.wav,বাকসে আনি পাবে তোর বাবা ওইছো আন ই বড় ড় এই ফয়রস্থল পাবেন নে আইছো ফয়রুর থাল তো অন্যরকম  আমাগে দিফু মাটে খাটিছে আমাগে রাস্তার কলেরতে আনে আমার কচ্ছে এ কুমা দুনি আমি কচ্ছু কি ইয়াএইতো চাইর পাঁচ দিন আগে
/kaggle/input/regspeech12/test/test_rangpur_0028.wav,এর বড় আমমার একটা চিঠি মনে অরদেকি এই পাশ দিয়া গেিগেইসে ঢেলবাড়ি নবু বুই দিয়া দিয়া বেবি ছোট আসতে তাতে তোমার নানির ফতেয়া অদ্ধেক খাইতা আর অদ্দেকগুলা ঘোলাক কর আইসে একনা গরি পরে ফির সা আই
/kaggle/input/regspeech12/test/test_narsingdi_0057.wav,খায়া আাজুলা আমি অনেক বালা আছিলাম দ্বীপ দ্বীপে বরাবর আমিও ছিলো ফরে শেষেয় কেম্নে যানি উঠলো হেয় দিপনইকটু মদ্যে খতা খইবো আমার তে বালা যার একটা সত্দি কতা
/kaggle/input/regspeech12/test/test_narail_0072.wav,ও বাড়ির কাহিনিও জানো না ওই বাড়িও গেনার বাপ ওই সুমায় দখল কইরে নিয়ে নেসওই বাড়ি হচ্ছে না ছটা দাকলে মার মডিং ইংলিশ  পাবো ওই যে লাইট মাইট স্যারে দিলিপ টিলি ফাছে না আর মায়া টায়া থাহে নাই য বারে
/kaggle/input/regspeech12/test/test_habiganj_0027.wav,তারফরে যে আমি আমিসকেরে হয় কুন সপ্তা হ লাগে
/kaggle/input/regspeech12/test/test_comilla_0004.wav,প্রতিদিনের মতো ওইদিনও রুহিকি নিয়া আমি স্কুলে গিয়ে ছিলাম ওডে সবসময় আমি বাসা থাইকিা ইস্কুলটা দশ মিনিটের দূরুত্ব দশ মিনিট না ছয় সাত মিনিটে আমার বাসা থেইকা রুইর স্কুলে দূরুত্ব তাও আমি ওরে দিয়া যাই আমার মতো সব মায়েরেই তাদের ছেলে মেয়েদেরকে দেখা যায় গেইট পর্যন্ত দিয়া আসে
/kaggle/input/regspeech12/test/test_sylhet_0120.wav,ও দোকানো খরাইয় দইয়রো আখান আফনে ইখানো দোকানো খাম খডে ই  বন্দ এখন শয়তানি খম ছেনিনা না বইসচানিও ফারে না সব বুঝে ন রুবো আর বাইরে মাদে সাত দিলায় কিলা কিতা ব্যবস্থাখরলায় অমরাগলাগোর একটু হুজুর আছলো
/kaggle/input/regspeech12/test/test_narsingdi_0018.wav,কিয়ার বল মু বল আসলে যারা চৌদ্দ পোনোর বছর দইরা টিমরারে ছাবি দিতাছে হেরা এহনো খেলতে চায় আর হেরা আহমদ নতুন পাঁচ ছয় বছর ধইরা খিল্লা ইয়ো কয় অবস্থ
/kaggle/input/regspeech12/test/test_sandwip_0034.wav,আই কই এগিন হিয়ার রাতে উডান কয় হিয়া গিয়া হেগিন কুইটবেল্লাই কি বয়রছইন হিয়াজ বাইছ অইবু হেগিন হালাইত আনি দিয়ার ফেরাইছিন হ্যা আনি দিয়া ফেরাইছেন নি বাইছেবই  হিাগোস করিয়াগইত আমরা ইা রাইত গোসড
/kaggle/input/regspeech12/test/test_narsingdi_0129.wav,তা ওই যে আমার জেলে কিনা লইছেগা স এইডা তুয়ার হইতাছি বইন এডার হেডা সেইম জিনিসে কিন্তু আমি কমু এমাইসনেত্তেমাইসেনডা বেশি ভালো কমু কার্নণ হেডে প্রেগ্রেন্স ফ্রিথা আমার তো আমার তো মানে কিক অয় তর্মো তো মানে এতো পার ফোল লর্কার নে আরে
/kaggle/input/regspeech12/test/test_rangpur_0056.wav,ফেসবুকোট বলে দেছে বলে কাইছে বলে িতা হ হ হ খালি ফেসবুকোত অনেকজনে দিছে এটা কী ওই যে তারার াবাছিল না এইটে লো এটা হইলো সামনে দুর্ভোগ দেখা দিবে তার এট্টা দক্ষ ে ক এটটা লক্ষর মুই তো কয়দিন কইরে
/kaggle/input/regspeech12/test/test_kishoreganj_0097.wav,তাও ছুডি বাত্তাইমু না ফরিবেশটা  বাত্তাছ আছে আও বাত গাছ আছে হ্যাঁ  গাত গালা নাই গাছ দোয়র ছলি নাই া গাছ ত ছান  গছাদিন নাই না গাইল ইতে ফানি করি যাইতা নেরচছ নামে রে হ্যাঁ নাম বারে হে দুয়ি কিমু নাই আমার কে  অইলো গেছে আমাে গযাদা
/kaggle/input/regspeech12/test/test_barishal_0099.wav,নাইহয় কর সুন্তির মইদ্দে  আমোর যে  অইলো জীবনে কতনুদে কিপাভেডিও খাওবু হহযা কর ববল পাত কেজি আমাদশ কিজি আমানিা কাইড্ডা স মান  খাইবো ক্যমন তারাহে
/kaggle/input/regspeech12/test/test_sylhet_0238.wav,আর বড় ভাই তোখই খইলা এর আগে আমার আব্বাও মারা গেছোইন বড় ভাই তোখই খইলা যে যেহেতু আব্বা নাই আর এখন যদি আমরা তাইরে বিয়া দিলাই আর তাই যদি
/kaggle/input/regspeech12/test/test_kishoreganj_0109.wav,হলো খাদ্য ছিংখাল সবুর ওদ ভীধ থেকেএই প্রতিটি খাদ্য ং গ স খাদ্য জত যে কোনো বাঁচু সংার অনেকগুলোঅনেকগুলো
/kaggle/input/regspeech12/test/test_kishoreganj_0193.wav,বোকে কি বলে কিতা টি বলেিতাতো নিনে হুম ইন্ডিকও এইডা অত অন্যে কিতা আর সে এ বলে ন্দুন ম
/kaggle/input/regspeech12/test/test_narail_0013.wav,আমি তোর তোর সােরে ওর কোনোকোনো খারাপ কথা কইয়ে ব্যডাই আমি কিরাম জানছো আমি কোনো সম কাল যে কা আমি কোনো সময় ওতুলি না মি তর আমি তুলি না যা বাই তুই ভালো থাকলি ভালো থাক খারাপ দইলে তে যার জন্যি টাহা পাঠানোর কথা সে গেছে মইরে টাহা তে আমি কি বাড়াফারবো আর এহন
/kaggle/input/regspeech12/test/test_sylhet_0600.wav,স্যারে যাইটটা দরিইছআমার কিটা লাগছে ওইলো গিয়া মানে আমরার বলে ব্যাচের ছেলেগুলা যেতা  ইতা বলে কিতারলামানে ঝগড়াঘাটে ফরে আইছো এরার সাতে মনে া স্ার ছেতামি কুনু কিছু নি আমি চান্ডারসকুি ওইছে ইটা তো সোঞ্চুলেন্ট ুলবিল তা ওই যে স্টুডেন্টেরা কিতা খরে না আয়োদন খরে ও ত স্যারেরা খরতে চাইছোইন ফুরাটাই হযান্ডাল খরতে চাইছোইন বাট বিস আরকি কেমন একটা অছালো বিশ্ৃন্ত না বালা লাগতে যায়
/kaggle/input/regspeech12/test/test_sandwip_0014.wav,ষোলশ টিঁয়া দিয়া এড্ডা মাছলা হজমিমিলে কোনো বেফার আছে  হরিয়া হরি না ইবা হরি ইস্কুল গেইত্তে রাগ্কল হাডানে কচছলহারে দুরি উগগা ধ্ান দনকার বত হ দি সযার ফায়ে হনি না দে জামাই ষোল শুডিয়া দি মাছগোলাওই যাডি  মা কোনোদিতো হকা  হুডি গাড়ি ইয়ামুলি দুনুকা বলি হিয়া করছে ফয়নো গয়া রাইনছে র আন্দনের কোনো আগায় অনো গরো অন
/kaggle/input/regspeech12/test/test_tangail_0098.wav,সুন্দর বইকতা ছবিতে দেখলে দেখবিন ও ব্ীজের আসে ব্রীজের কাছে আসে তহন আরকি গরাত তহন ছকিনারে ছকিনারি নিয়া ও আস্তে আস্তে ছইলা যায় এফনাদিকে আর এইদিকে রনবির কাপুর
/kaggle/input/regspeech12/test/test_sylhet_0726.wav,হুওগ শে ওইয়া জনাউরে আই ছ নাকতা দেয়া যাও নানি সখালে জামাইরে লইয়া আমরা নাকতাগেদ জামাইরে লইয়া আইবো আকি কে আডাইয়া তো ব জামাইরে লইয়া ইবা হুইরায় সিরারয় হুািবান তো ওই যে কিতা খয় এই যে আফনারেতো উপপাসে থাখা লাগে মনে অয়
/kaggle/input/regspeech12/test/test_kishoreganj_0102.wav,উদ্ভিদি গাছপালা প্রাণী গরু ছাগরের মা  বি ইছেে গাছ পালা পানি আইছে গরু ছাগর পাছ মিনি ি ঠিকছে হ্যাঁ মাতি উড়ভিত তেকে বিবিন্ন স্থানে ছড় জীবের ছড়িয়ে পড়াই হলো বীজে বিস্তরন বিজে বিস্তরন বীজে
/kaggle/input/regspeech12/test/test_sylhet_0153.wav,সুন্দর আ বির কাহিনী ওত্ছি না তাম ওখনেরতা যদি কি ইটা আরো বেশি সুন্দর অয়ে আরগো তো ইতা মনো খরো গরি বাঙগা ছোডত্ফর ইয়া ওইছে অখান কুল্লা খান্না অখন তোই ভেজটা া ওইতো তুই আর আপনা টিকস
/kaggle/input/regspeech12/test/test_kishoreganj_0132.wav,পলা কাডম কাডল তর মুছ হ্যাঁ রে চু পাএডা যায়া কী বান্দি আমারছ হ্যাঁ জাম ফরে রবি
/kaggle/input/regspeech12/test/test_sylhet_0651.wav,বরা ফুলা আছিল বেরা ফুলার গেছেগে সিকমতো কছে রাস্তায় রস্তায়ও  অন্যায় কটে অবিছার খরছে ওটা খেলিয়াও গিয়া সে মান যা আফনারা কুনু সময় ইগুলার স্বীকার অইছোইননি মানে এরার কুনু আক্রমণ খরছে না আফনারার উফ্রে ফড়ছে আক্রমণ আক্রমণ ফরয়া
/kaggle/input/regspeech12/test/test_narail_0149.wav,হ্য আমাগে বাড়ি তো একটু ভিতরের দিকি মানে ভিতরের দিকে বঝতি বেশি ভিতরে ও না ওই ছেটু মা আমার বড় খাকর মা আছে অসুস্থ মরার কথে বুঝিলিস এখন এইজন্যে যদি বারি মানে নাতি বউ দাখবে তাই বাইরেদি বিয়া দিয়া লাগেছে উনিই পছন্দ করে এই মিয়ে আনতিছে গিরাম
/kaggle/input/regspeech12/test/test_tangail_0080.wav,এই শিউলি মারা গেছে বরুন দওনের ফোনি পরে বরুন দাওয়ান উরা ভাইঙ্গা পড়ে পরে আবার ছিউলির বাসায় যায় যায়া ছিউলিরে দেহি দেই খা ছে
/kaggle/input/regspeech12/test/test_narail_0066.wav,এইতোই এইভাবে ওডেনা ওরা শরিক না মানি শরিকু কমি রাহিছে তালি ওইডা ততো ববাব হেতের মাইের বালা দিছি আদুলনা রইছেন বারশাত ঝাল বারশা কতটে দিলম পোলো হুতলো ফবা গানে ছে
/kaggle/input/regspeech12/test/test_chittagong_0071.wav,চায়ে নারাইয়া এহন বারিক ডিগ্রিরলাই আবেলম গরম পরিবুজনি অনার্সত ন আইবো হুনুমুকে কে নে আইবু অানার্সল যদি অনার্সল মানে নে যম দরদি না গরি উঠ অইলে আইসছুনো ডিগ্রি ছাড়া
/kaggle/input/regspeech12/test/test_rangpur_0099.wav,এিয়ার আগেরবার ভালো হছিল নাই এবার ভালো হবার লাগছে কোনবার ভালো আবার লাগছে আগের ভালে বাব এও টাও কিনছিল আপেল টবেল মালটাল টা কিনছ আ ো ইগুলে লাই
/kaggle/input/regspeech12/test/test_sylhet_0342.wav,তে আমি যাই ফরীক্কা দেওয়াত সখালে গিয়া পরীক্কা দিয়া মাছরানের যে এক ঘন্টা টাইমেসটা দেখা দুইটা কলেজ থিকা এখটা দৌড় দেই এখটা দৌড়ে বাসাত আই আইয়া ওয়ার সুময় যাই তারে খাওয়াই খাওয়াইয়া আমি একটু ফ্রানি খাইয়া আবার দৌড়িয়া যায় মানে এক ঘন্টার বিতরে আবার সেন্টারো যাওয়া লাগবে
/kaggle/input/regspeech12/test/test_chittagong_0004.wav,া ইিয়্যি না থাইয়েরে মা থা গিয়া এগারোডা হিয়ারেত্তুন যায় খাম খাইয়া আগু কেয়ারেত্তুন ইয়ান খাইয়া আব ইল আ না মা তিল্লে মাইততে চিনে না বদো  ইটুই যাইগো ছে আরতি টিউটিরি লই য়েরা আততা সমিক্যানা
/kaggle/input/regspeech12/test/test_sylhet_0715.wav,ফালাইয়া শাকতা বন্দাও তাইনেরো বিয়া ওই গেছেনিাগয়া খরি খই ফড়োয়
/kaggle/input/regspeech12/test/test_chittagong_0033.wav,অন  এহন ঘরোত আইগে এগু বলেকিরে খামা যা না অ লাভিকবা ওগগোর লাই বলি এরে খোনুর মিকি যাইতো না ফারবেস কি আ ইতারের সাথে কিমনি ডিয়ের দা না হ ফাল্লা হোনু মেকের নও যাই টাও যাই ফুল্লা ফুয়া কনা এজাইমমেন দিয়ামিছে কনর আমর তে দরে ঘুল লাইম
/kaggle/input/regspeech12/test/test_sylhet_0504.wav,বাড়ি খালি আব্ডাও খরছে দিনে রাইতে বিষকা আআবার চেঞ্জ অলে গি আমার মানুষ লক বাইচ্চান বুঝে নানি সারাদিন দুলায় বারবে তাই ফালাই কুটা হি দূরে ধরি আমিনি
/kaggle/input/regspeech12/test/test_sylhet_0260.wav,খালি একটা ইউনিটও এপ্লাই খরতাম ফারমু আর ওই ইউনিটটো সর্বোচ্চ তিনশো জন নিবো তিনশো জনের মাঝে আটস থেকি নিবো দরো তুমার এখশোছাইন তিকি আরো এখশো  আব্বা মারস থিকি আরো একশো ওলা খরিয়া এখন তো আমার স্কোবটা খুবই সীমিত ওই গেইছে তো সীমিত ওয় আমি
/kaggle/input/regspeech12/test/test_kishoreganj_0090.wav,ন অছরে পাকিস্তানের লগ্গে আছলি হুম  মুডা বুলে ভট ক বাককা না হ্যাঁ রুগনা পাকিস্তানের হুগনা
/kaggle/input/regspeech12/test/test_narail_0181.wav,তুমি তো দুইশো না দুইশো দায় পাচশো নিয়া ওইছে পোরা তিনজনএক খাবে আমি তো মাংস খাই না আমার ওইযে থায়রেটটা ছে মাংস খাইলে আমার গথা আবার ওইয় যানে মাংস থাই নার কোনো পলটিক্ত খাই না েমাংস খা আমার
/kaggle/input/regspeech12/test/test_rangpur_0120.wav,ঠাকরি কালাই এলা পাওয়া যায় পাওয়া যায় না এংকর খাননা এংকর কাইলকে তো ঠাকরি কালের ডাইল খাছি এংকর খাননা এংকর ক্যা এংকর কি ডাইল নোয়ায় ডাইল হইলোস্বাদ লাগে না
/kaggle/input/regspeech12/test/test_chittagong_0031.wav,তুই ওর ইবানা মোবাইল বুজ্জিস না তো ন দো ওডি ওডি দিয়এলা মোবাইলি আচান মিরকি তোই শায় ওডি মায়ে গেইয়্া আবার টিক টাগ্গারাইয়ন নিও গরতাইসটা বরি ইো াাগল দিইয়্যেলা ফনি া
/kaggle/input/regspeech12/test/test_chittagong_0140.wav,ফ আই বেশি গুবসালে কি দাত আাও তোরে আমি ঘুইছা লাগে তো ভাই ইয়্যিন খইলদা এন্না তো ওস্তাই ম্যাতার ছাড়াপ অই না যে হকু হরিদ্যড বি্া গর বাই কুরে এনও আঁই কন দিতাম আ তু ট্যাঙ্গা ফেতপুরে দে আঁই
/kaggle/input/regspeech12/test/test_narail_0045.wav,ইন্ডিয়া চইলে গেছো ক সনদে তো চেনি তারা আছে তা ছুি তোখ হচ্ছে সে ই ডাছলের কথা আমি যে শ্বটালিছিনি তার কথা কসে কো কচ্ছে সসার না এলো বড় বাড়িকে বংসের লোক বুঝছিসে কিনুদি বংসের লোক সুদির বাবু কি বংসের লোক
/kaggle/input/regspeech12/test/test_sandwip_0077.wav,তোরাফো আফা খতরো চাতান কোনরা কর গয়ে ফ তবনরব এগিন গি দি কিনজেশনে টুম কিছে  ক নর জিগা থাইক্কা তোমা কাম ফুয়া অইতো জনগা হাতে লাগা হয় নাই কাম আস্তে আস্তে করও তো কাম যাইতে করে ইয়াম ক্যাক কইরতে ফারতি অরনি দেক্কা
/kaggle/input/regspeech12/test/test_sylhet_0406.wav,আশাআল্লাহ আল্লাহ আফনারে তো আমটি লেযা মুসলিম নানি তুম মুসলিম নানি ও মুসলিম ুসলারে আমরা ওইদিক দিলেছিদে সারা কিন্তু নানার লাগি আমরার একদিকই যাইতাম গি তো মানে ফর আজাম ফড়লে তারার আমরা ওজেন্ট ফরার লাগি তারা শুরু ওই যায় হেছা খতা মা ইমস ফরতি  সগুরে অসুবিধা খরে এরফরে আজকে পেনশালিয়ন তাগি তারা উন উসটান ছলে মানে গুমাই যান না গ
/kaggle/input/regspeech12/test/test_narsingdi_0027.wav,টা ডেডিকেটেড পার্সেন খুব ভালো আইপিএলে ডাক পালো এই বা তোর চেষ্টা কইরা যাইতে হবে পরিশ্রম করতেব নিজেরে প্রমাণ করতে অইবো যে না আমি ভালো খেলি তাইলে তো অইলো হ্যাঁ তবে
/kaggle/input/regspeech12/test/test_narail_0004.wav,মেলা আগের্তে কাকা আমাগে দিয়ে গেছেলো এই জমি নিয়ে কি ঝামেলা টাইমেলা করবান নেকি আমি ছি ভাই ঝামেলা আমি তো কিছু বুঝি টুজি না আমি দেহি যায়গা জমি কি অবস্থা আছে তারপরে খাচ্ছেন খান আমি তাই কইস তারপরে দেখপানি তারে আমি কইছি আমি তো এগুলো করতিছে না করতিছে এক কাগা কাগারে দিছি
/kaggle/input/regspeech12/test/test_noakhali_0001.wav,এশো আটি তারফরে এই নয়া নব্বই না কি দি  একশো আকি নব্বই বিশি নব্ত ঠিকাছে হি আর আকি  তিনশো হাট ো মরে নব্বই টাকা নব্বই আইট কেজি হকছিল য়া হাট তো এ কাজি ক  কি   হাট
/kaggle/input/regspeech12/test/test_kishoreganj_0004.wav,না ও গাড়ি অমে গাড়া  ফুয়ায় হ সবিসবটারে আসকে ছিনা ্ছন যে ভালো আরা বাদি এই্নে জরো হিডা কালগেল থুরা আবি বাই দেহান্দার তো না ছনদা  বএইয ছ
/kaggle/input/regspeech12/test/test_sylhet_0760.wav,ফড় নানি হুমওতো দুলা ভাই আছোইন ড্রং কইরা এক্সিটা তানি দিলাম তো ই ফানি তারা দিছা  আমরা উড়রাম নানি  খইরা ফারে না ফারে না উড়িও না উড়ি তছোাখানে সম্পর্কটা কিতা বুচছি না আফনেরা দুইজন
/kaggle/input/regspeech12/test/test_rangpur_0110.wav,হ ডাখি নিয়া নিয়া যা কিলা চট্টগ্রাম আরে খাল ত চট্টমলাত ভালো হইছিল  মানুষজনেও বেশি তোকে ইয়া করছিল নোয়া তো
/kaggle/input/regspeech12/test/test_kishoreganj_0015.wav,নতুন গাছতা কাছে ডাক দিবো সরকের আাস্া চাক দে না নতুন রাস্তা  কতাবাড় তো না  সরকার তাইতে না সরকার তো দিবো ত ন বড়ডা রাস্তা তো স দাড়ি চালার লাগে আমা হডা দিলো মানে নতুন রাস্তা তো ডাবায়ালবোটায়  ইদ বেকাছে এইড বিছ
/kaggle/input/regspeech12/test/test_barishal_0069.wav,খাওন করপেলেটা ফার বউরতে থাহে না বউ যদি না দেয়া তা মোরা দিমু ক্যাওন তারা ক্যা আমের আধিনে বৌরো কি করছা আা ও কাতা কছো এত বাড় তাবিসের ফোলডা মানবে এত বাড়ো বালিশেক তলি ঢুকাইবে দুইডা নারে ছাওয়াইবা একদাইর দেয়া
/kaggle/input/regspeech12/test/test_kishoreganj_0183.wav,ভাই খারেকলত এ আমর মাদনা যখন মাইতাম না ফরে বানাই আর এই ফরীক্কা গেলে  ফড় বারা মনা  হে ফরিক্কার ফরে আগে বড়
/kaggle/input/regspeech12/test/test_chittagong_0155.wav,অ্যা তাবারে তে না এরে গেয়যে ওই ও আইচ্ছে আইচ্ছে তো আর কী অবস্থা কলেজের টোলার যেন্য আইচ্ছে লেগগুন কলেজ সুন্দর থারলতু ক্লাস নমব বন্দ ও ইন্টারোর ফরিক্কা চওলার দে
/kaggle/input/regspeech12/test/test_kishoreganj_0098.wav,সবাইতে মাইন্না কারাইবো হ তুমি গেলে খাইতারবা মক্কা ওইল লাগে হু কি কল লাগবো আবি বাসা  আর বিও আসে করুন লাগজে না তোমারে ইয়া অইযা যেযে এবা কানি দিয়া মক্কার কানি দিয়া নল দিয়া থয়া দিছি নল লাগানি ও মনে  ইয়ারবার চালু দিবা ফানি বাই অইবো এই যে মসজিদের মতো আছে না এই সিস্টেম করা এয় গেলের খাছে গেলা সাবতে গেলারি দিয়া তইয়া দছে ও মনে খাইতাতাম
/kaggle/input/regspeech12/test/test_barishal_0011.wav,খানা মা মাঝে মাঝে কে্তা মারিফ পানি বানাম করতে পারে কয় পাড়ি কদছে পয়া কা ন রেশি হানি এশালা ওইছে পানি বানা পয়া কা ন রশি আমাগে লগে অনেক ভাড়া রইছে এর প্যাডে বিরিকা আমাগো বাড়ির আশেপাশে বেশির ভাদিন হয়া কুলে দাদায় তো নালাগালি করে
/kaggle/input/regspeech12/test/test_sylhet_0507.wav,তারা টেখা তালার টেখা নলাগিয় আমগে খয় টেখা খাইরাম সময় সখালো দিকে আর খঠিন আমি খয়দি  খয়জন খইলাই ভাই খনছন ছাইরজন খুচছোভাই তিনজন এখজন মারা গেছোন আর বারায় গেছোইন তো আরোইজন ওরতার কিচ্ছুনি উনমানকিজন গাল্লার  এমরা বইন তো ছয়তো তে এহন একটু আমরার ওইছি গিয়া কিতা হেন তো কিতা নায় বা তাইন ত ফাই নিতা নাই ইতা আমরা উনি ফাই নার আমারে উল্টা খইবা খছতাখানে জিয়া লে আমরার টেকা গুল বিলা রেপার্ডিং আমি উমলে মাজে মাঝে হজতি ওই যায়
/kaggle/input/regspeech12/test/test_rangpur_0043.wav,িসে তোমড়া চান না এে ঘুরেগলে বেযদি একদিন একনা ঘুরে চান বাড়ায় না তাইলে মুই কতে থাকি মুই আদেরে একদম খারাপ হইয়া গেতোম মুই এলার থাপতা ন
/kaggle/input/regspeech12/test/test_kishoreganj_0202.wav,তালে খাাতা কনা আইচ্ছা বেডারো শুকনের জন্য কি বহার হ হেড এইচ্ছা হেডডা হেডডা ব্যবার কর খ বা পব হববকরে হেইডডার া কি বা করে ভাইয়া পরবার ব্যহার করি ো তে অগ্নিনির্বাবজনতে কারবনডায় অক্ সাইড ব্যবহার করা হহে অগনিন নির্ভাগ মানে  আগুন নিবানন জনন কি ববর করা হয় কারবন ডাই অক্সাইড মচা
/kaggle/input/regspeech12/test/test_habiganj_0023.wav,ফরে ফুজাউজা দিমু এরপরে গান ওন গাইমু এরফরে আমরা একটু পার্তত না খইরা এরপর এটাই আমরা খইমু জাতাবাডি আর যারা ওইযে
/kaggle/input/regspeech12/test/test_sylhet_0077.wav,া নতো খামি ইচ্ছা খরে আমার চছ খুব ইচ্ছা আমি টিচার ওইতাম ফড়া না আমারে যে টিচাররা ফড়ায় তাহে ও দেইখি আমার আগ্রহ রাইিত্ব বাড়ি ওইছে প্রতমে আছলো না কুনো কিচ্ছু ইচ্ছা আছলা না এখন গি স্যারলস দেখা তদেখা তো আমার আগ্রহ বাড়ে তাম টিচার
/kaggle/input/regspeech12/test/test_sylhet_0686.wav,আমা দিতাম না বাংলা ইংলিশে বাংলা খরি তমান আঞ্চলিক ভাষা দেখা যায় বাংলাদেশে ে গলতা গিয়াইও খরা যায় না তে রাত্রে তে অনেক সময় বাফ ওইলো
/kaggle/input/regspeech12/test/test_chittagong_0104.wav,আর তো মা রাখে তোরে অনে আইচ্ছা ঠিক আছে রাহিত অইলে রাহিত অইলে ভাই বাই কাটাআই বালা তাহি আতা েবালা তাহি াে আইচ্ছে আইচ্ছে কাটা
/kaggle/input/regspeech12/test/test_narsingdi_0012.wav,হ এডিরেও তো কাহিনী আনী কইলাই আস্তে আস্তে রিটাইমেন্ট গরার লাইগি পেস্টি এএক মাসরা ফিরে দেয় একটু সম্মানের সহিত কিন্তু ও িটারমেন্টা নিতে বাট কিন্তু এডি করে না তাও এহনও ওই বিপিএল খেলতাছে
/kaggle/input/regspeech12/test/test_sylhet_0463.wav,আর বরোর মনো খরো ফইনজো খইছে দুইটা মেয়ে তাই তোগারতাই রা এইচএসসি ফাসফোর্ট যে করার ফরেও বিয়োর বিছি কলেজয তছে ফরছোস তারফরে এখজন এখো ন খোক খ তে জন আর
/kaggle/input/regspeech12/test/test_kishoreganj_0033.wav,তা মনে কি করছে ইবারে আল্লাহ দিছে মানষে বিষ্টি া লাগে শাগ সবজি অয়ো না কিন্তু মানষে ধান সুন্দর হইয়া লইছে হ ধান ইয়া হে সুন্দর অয়া লইছে হলগ দেগা লাছ
/kaggle/input/regspeech12/test/test_rangpur_0128.wav,মুই ওইমোক ক মরিম এলা ইয়া করি দিবে মরিয়াম আছে না
/kaggle/input/regspeech12/test/test_tangail_0025.wav,লোক আইসা বলতে যেদা মি নিবু ফরে জনাথান বাদ্দ  ফরে সারার জন্য দিয়া দেয় জনাথান আসলে পরথম দেহা তে ই সারার প্রেমে পইরা যায়
/kaggle/input/regspeech12/test/test_sylhet_0125.wav,স মুডানরি এল্লা দিলে ভালাও আছো আচ্ছা খুঁজ খবর না ই আতো মুডাউনরে বালা  পরিবারের মতোই গিছুইন না  হ ো ু বালাআপইনসববইয়া বালা
/kaggle/input/regspeech12/test/test_narail_0029.wav,কিডা আসাদ মিয়া আমাগে আছাদ মিয়া ও  তরে বলে কয় অনেক ছেলোওই জমিনি কি ওর কিছু জানো ে আমি ওস কছু গানিনি আগে তো শুনিছিলাম তোগে তোগে আমা ন পরে আসাদ মিয়া ক্যাম্বাইন নলো কি অর্লো জাইন্নে আসাদ মিয়া অলফট্টু খতো এনতে সেন্তে আসাদ মিয়া ম্যালা খায়
/kaggle/input/regspeech12/test/test_chittagong_0085.wav,এই কম্পিউটারের মধ্যে হরতে ফড়তো রি দেরু কেউর গট কম্পিউটার নাই বরতে অইকিনক্যা ওই পিথব মছে আঁরা যেনছি কী হুএহানো মলজি ফরীক্কা তন ফরে মানি গর ফার যতক্ষণ এছে কতক্ষণ গরি ছারিবি
/kaggle/input/regspeech12/test/test_chittagong_0050.wav,জামাই টামাইয়া আঁর খালকা হুনি কি্ছু নাই আফাতত  আফাওতাআয় এহন ওগগা এহালা মানুষ বুজ্জুস হনআ ওগগা হেনা অয় নই চারিদিত যে হন তোরাওরে খতে ফার িবে খতে গরিবি তোর আর দালা সম্ভব পেরি
/kaggle/input/regspeech12/test/test_rangpur_0038.wav,তারপর নামা মারা উরি এবার কায় খেজুবান যেই এত বড় বড় আবর ম বুংনা ভাক খাবার সম ঠানে আল্লা তই বৃষ্টি নাবে  হ ম তে খিলি আছে বাড়ি তারো    ুতর একনা ভালো নাাতে না জইল্লা দর্জা গেসুন নাই আদুর হ আহ
/kaggle/input/regspeech12/test/test_narsingdi_0134.wav,এইডা ল্টা টেন ফুডে তোর জাইলড গুড়া ছিলো অবশ্যই আইছে চাইল ফুডা আইম এডাল তু নামু সো আমার চাইল ফুরতা আছিলোও সো খাইবমানে
/kaggle/input/regspeech12/test/test_chittagong_0008.wav,আঁই দি বইয়্যি বইয়্যুম  দি তোঁয়ার বয়াই দিতে হেতর লই তুঁমি আতা আস্তে তোঁয়ার ও গি ফল বানাইবো নে দে ইচারার লগে সুন্দর করি খতা গইলি সমইসছি ফফা
/kaggle/input/regspeech12/test/test_chittagong_0162.wav,ো অনাসটা তো তো তুমি টেঁয়া দি ফরম ফরে হুদে থুরি রে মরত মনে ফারবার দেন  ডিগ্রি ফালো টিয়া লয় ডিগ্রি খাইজু খনো কিছু নি মনে অয় ন লয় ফোরলা ডিগ্রি তো ববেশি ফাইক
/kaggle/input/regspeech12/test/test_narail_0054.wav,আমাগে এই জাগা অচ্ছে এইযে শিবুল শিব ভবন নামে যেডা ওইডে মানেয় তেরোশো ছাপ্পান্ন সাতান্ন তাকে মনে রানি মিশ করতে এরমন তেরোশো কতো জন মেলা বাসিক জমি কথা রাটটো তা মি আচছে কওইযে এই ওুেরন ত তো বাড়ির ওই জাগার কতা কচ্ছে না ওই জমির সাপে আর কেউমেয়ে আছি  সেইজ সেই জমির ভাগ থাকত
/kaggle/input/regspeech12/test/test_sylhet_0426.wav,ফরে ম্যাডামে ওউ নর্মারটা দেওয়ার গিয়া কিন্তু ওউফআসল ফড়লছে পেডোট খাটি এখন এখবার তো ভালো এখটাছা হ স্কু মানে ইতান সাহস্যা ই গেইছোইন যে জিনিসটা আমি পারমু আর তাইন উরুজরা যে না এখন যদি না খরি মেয়েটার বয়স সমাছে এখন করিলেটিক ওই যাইবো
/kaggle/input/regspeech12/test/test_sylhet_0671.wav,পেনশন তো সারা জীবনে ফাইবা নানি গতোদিন ছি বাছিয়া হুম তোদিন পুরান আছে ওতোদিন ফাইনু প্রান নাই নাই ফর কিা মানে আফননে আফনে না তাইলে কিতা ফেনশন বন্দু ওই দিবোনি না তে না মারা গেলে আর খেউ খইতো নায় আমরা বাদে আছলে উলা বাইচ্ছা তাখলে
/kaggle/input/regspeech12/test/test_sylhet_0049.wav,বাইংসো ঠিখনা  না তা বেশি পকন লরে বানাইতেল নিবিস ছিলা বানাই ইনাকটা ছ কি খ সবমেনে আমার তিলাও বইনের মুছিই ভাবো
/kaggle/input/regspeech12/test/test_tangail_0018.wav,বইমানের পরি গানডা মা জনপ্রিয়তা কারণ এই গানডা আসলে একেকজনকভাবে অন্যুদাপন করছে কেউ মানে কারো সাথে কারো মিল না ইরকমভাবে আরকি বুঝতে পারছে এই গানডার একটা অর্থ মানে কেউ এহনোর
/kaggle/input/regspeech12/test/test_narail_0140.wav,হ তাও মাসুদ দুলা ভাই মনে হয় আপনের বাবার সাথে কথা বলবে সেটা করিছিলাম তোতাকাপামা কস কাকা কইছি তুইগুলি তোটকো ফিরি নিয়ে যাবে  কস কেনি তালি না তোরে ফিরি নিয়া যাবে না তো তাকরসেনি কাকা আমার অগ্নিপতির ওট্টুপি পিরি নিয়া চলো
/kaggle/input/regspeech12/test/test_habiganj_0009.wav,না ফুলানা তান জুদি গেছে তান যদি লুকরা ফেরেসটার ফুলা সাতলুকরাফে রেশকা বেডা সাতটা ফুরি নে  ফুলাডা ওইছে সবার ছুটু ওই ফুলা শাতে গছে র াতে অয় ফুলাও ছুডু ফুরিও ছুডু া
/kaggle/input/regspeech12/test/test_kishoreganj_0150.wav,কুনটি পানি দুনলে হয় ডাডি  কুনটি পারেতর ব্যপার হয় ডাইডি করম করম কুনটি পানিজ্য স নের পয়া হয় মাটি দুশনের প্রধান কারণ কি াি মাটির উপতা হাস এইযে কিটনাসর ব্যবহার কিটাসঅব অষুধ দিলে কি হয়া যায় মাতে ন অষুদ গাছ সব করি জাগা অষুদ দিয়ে মাটি নষ্ট হয় পরিবেশ সকষণের উপায়কুনটি অশিবেশ সংক্ষনের উপায় কুনটি
/kaggle/input/regspeech12/test/test_barishal_0087.wav,আলা মো সময় যেওডা উপরে লা করা হালায় ধইরে গেছে আমম চাদা ঘুল কররে ননে  ঘুল করগে হালাইলে হেই সুমায় সমস্যাবাদ েখছিললা রকরে ও মইয়া খইরাই না খইরে খইরাক ও মোরাও ও খইরেইছিন
/kaggle/input/regspeech12/test/test_narsingdi_0036.wav,ফ্রব জিনিসের দাম বাড়তি মায় কুদ্দেশিল কি জানি মুরগিতো এক্কার খুরা হাজার না ওইয়া গেছিলিগা সব কিছু রহনে মনে অয় আসতে আস্তে কমতাছানেটিা আর রান্দা বারোত তনে মুরগি দা দকাল গিা ি দোকানো গিয়া যেইরা ধরি খালি বলে দাম বেশি খালি বেলে দাম বেশি
/kaggle/input/regspeech12/test/test_sylhet_0064.wav,আফরে ভাইয়ো বছেন আমার দারে তো সম্ভব না তুমারে মেডিকেলো তুমি বর্তি অইতে না তুমারে বাসা তাইয়া দেখি দেখি যা ডাক্তারে সাপ্তা তাই সাপ্তাহ তাইলেডাক্তারের কিছু দেওয়া লাগে পাশো জায় আবার তুমার উষদ লাগে তিন আজার অখন আমি কুনু বাইদ ইছে মলরা মাত্র বিয়া গাইয়া উঠছে অনেখ চে খাচ্চা ন খরি গেছো আমার ভাই নতুন দোকানো খজ
/kaggle/input/regspeech12/test/test_sylhet_0582.wav,আমি ফব শেখাছানা সবসময় দেখি আমার কনার আগে বাইরে থাইকা কার্ঠিন পার্টন্টে মানে আমরা বড়রা গিা আমরা কুনানাম ফরেলায় কিন্তু বড়রার লকি বেশিরভাগ রাইটা একটা নৌকার মতো আছে ইডু তো আমারে চাকরি ভাগো তুমি কিনতু লেহা যাইতাপর বাইর বেশি ভ্লো স্পিড রাইফলে
/kaggle/input/regspeech12/test/test_sylhet_0327.wav,আর এখন তাইন যখন বইয়া নিয়া দিন তখন আমার ওতাছে মনো অয় মানুষটা এখটা ফ্যারেস্তা সারাদিন কাজ করি কাজ আর আমার টায়ার্ড লাগে না যেহেতু আমি বই ফাইনন তো বই ফড়ি ফড়িয়া আবার গিয়া তাইন আর গানার খাছে বেনফাইন গরি জানোন আজকে সারাদিন আগে ওটা খরছি ওটা খরছি ওটা খরছি
/kaggle/input/regspeech12/test/test_tangail_0081.wav,তারপরে আবার কাজে ফিরা আছে যেহেতু সে অনেক এহন সিরিয়াস বেশি এহন আরও অনেক বেশি সিরিয়াস তোরা সে স্ট্রং ম্যানেজারের দায়িত্ব পালন করে কুনু কিছু এহন আর টলারে করে না
/kaggle/input/regspeech12/test/test_sylhet_0270.wav,উঠার ফরে তো ফড়া শুরু খরলাম তো তখন তো ইতাকিচ্চু বুঝি লা ইউনিভার্সিটির গ্রেডিং বা কয়েন্ট পড়ার রেজাল্ট ইতা কিচ্চু গুছতাম না তো আমার বাইয়া মরে টার্গেট দিছে যে তোমারে বি প্লাস ফাও লাগ বি প্লাস কিতা বি প্লাস অইলো থ্রি পয়েন্ট টু ফাইভ ওখন থ্রি পয়েন্ট টু ফাইভ
/kaggle/input/regspeech12/test/test_sandwip_0086.wav,আরঅংকা ঘুরাগার মাথা আছিল্লো আমগার গুরা জাও লা তুন দারেন সুদা না ওই আতাইয়া কায়েরেনাসফুর কিচ্ছো রাছিলিম টাঙটানি গ
/kaggle/input/regspeech12/test/test_sylhet_0471.wav,রিটার্নি দিন্তু আফনারা মায়াক ফায়রামায়া খাইরা আমরাইতানিা আমরা গেলে আমরার লাগলে আমরা খইমু আমরারে আজতে ওতো টেখা দিয় তা দ গেলে কুনো বইন জীবনে  গাড়ি বাড়া দিয়া যাইতা নাই কিন্ছু জাফ যাইবা বাড়িত তাকি বাি টেখা দিবা আবার এই জাব গাড়ি বাড়তে
/kaggle/input/regspeech12/test/test_sylhet_0502.wav,র লাগে যোগাযোগ করের এখটু আইয়ো গবু  খইলাম পাউয়া যা খুনরো ছারি না খরোন খওয়া তাই আমার ছিটো
/kaggle/input/regspeech12/test/test_narail_0106.wav,এখন  দাদা ওগেরদিন বলতেছিলো যে যদি অপারেশন করতে হয় তাইলে ব্যালেস চলে যাবে অপারেশন করতি কিন্তু অপারেশন আবতত করা লাগতিছে না ওইটা ভেঙ্ায় ছোট হইয়ে গেছে আর আগে যেমন জালা যন্তল না ইটি করতে না সেরকম করে না বুছিস
/kaggle/input/regspeech12/test/test_chittagong_0143.wav,হ্যাাক দাখ তাক ানর বাত তরি না বিলাওগা হঙগ দেতন নাই  না তালা না ওযে তুল্লা খতা খইবালা ককি গরি ছাই যদি দেইখতিতি একতে কটা আধারণ যাতে ইগে
/kaggle/input/regspeech12/test/test_habiganj_0072.wav,মুন হসপিটালটা এখন বর্তমানে বালা তারফা অইলো গিয়া ফাইয়াজ বাস্টান প্রতম ফাস্টোন তারফর ফাইয়া যারফর ওইলো গিয়া আরেকটা আছে নাম  েহল ফাইয়াজ তাখি
/kaggle/input/regspeech12/test/test_sylhet_0158.wav,তো মা ফাকিস্তানে ইয়গগলা হাম্দরা আচছি লা  দুঃখ  সুরা কি তমান আামরা আম কিতা খরলে কিতা উইবো হাম্না খরো গিছিয়াসি ক ফারছোইন্না সব মদিয়া গেছে সব মজফে আফনের পরিবারি কেউ দুধাত গেছিলো নি
/kaggle/input/regspeech12/test/test_sylhet_0072.wav,হুমজাজা  ফ্রচুর মজযাওয়া অয় দর্গা ফোজা া খরা ওয় দুদো ওকবা দর্গা ফু যা এতো ফাস দেয় ফ্তম দিন এতো তা বেশি মজা অয় না সে ফলোর দিন তাইকে অ শ ফরে তিনদিন আমি তিনদিন খাইনি তা এরফর চাইর দিনতে কিয়ার ফারি না উসকা দেলে লাভ শেষ ও
/kaggle/input/regspeech12/test/test_narail_0059.wav,ফেতে বাতিছেসত যেভাবেদ ফরবেনে ওইতেই বাইসে ফেলি  যেটুক ভাইর মতন জামিস সেটুক সটেক বেচছিগে যেটুক আর কিছু নাই পছন্দ যেটুকু কিছু নাই সেটুক দলিলতি পারতিছেনা বিশির দিতি পারতিছে না
/kaggle/input/regspeech12/test/test_sylhet_0237.wav,আমরা ছুঠিক সময় গিয়া গিয়া আমি তুমারে তেউ যাইবা মু তাকবা আমি খইছি কুনু সমস্যা না আমারে জিনো দেইন ওনো গিয়া আমি খড়তাম ফারমু আমার এখটা রুম আর আমার খালি বই গুন তাখলে ওইবো আমার আকিচ্চু লাগছো না তো তারা দেখছোস যে আমার আসলে ফড়ার ইচ্ছা আছে
/kaggle/input/regspeech12/test/test_habiganj_0007.wav,তেরে বেডার খউডারটা কিতাছেবজি নামনা যেনি কিতা কিলার মাঝে কলো ছালো মেম্বারিও নাইছে রফা বেডার বেডারাখম  াইচছোনাই আছে হউ খামা খইছে রুব্বানু খর ও আইচ্ছা বডি সুরি বুজি  আলাা
/kaggle/input/regspeech12/test/test_narsingdi_0088.wav,ফরে যেই গোর আছিলেডিমাককল কেরে পরিসেন্টি চলে বেলানা দে ক্কানা হরি না আইচ্ছা গরো হইয়া ফুডি ত কতা কইছা তুই বা বাইত খাওস না তুই যেইরা জান্নাস ফ্যা্ডেরলাগে কতা কবেই হেই যেঋিন সকালে সুরা বা আবার বজম ম
/kaggle/input/regspeech12/test/test_sylhet_0251.wav,কিন্তু ইতায় খেউজব খরতো না আর ওউ সময় দিলাইফেখ সাকরিলার প্রাইমারি স্কুলের তখন আইতে আমরার বাড়িত আইয়া খয়য় বই তুমার খাগজফত্র খালি সার্টিফিকেটটা দেওয়ার এখটা ছবি দেও আমরা এপ্লাই খরিয়া দিমু তুমি খালি ফরীক্ষা সমতা দিবায়
/kaggle/input/regspeech12/test/test_sylhet_0642.wav,খানিন লাবিস াএখন কিবাা খালি ডিলাইস না মাকা দিলাই আমার আাংরার দাদা ইবে টেকাতোস মাজ গস
/kaggle/input/regspeech12/test/test_chittagong_0061.wav,তসিটিক অলেজ সিরিজি না ফারলা নাকি কমার্জ কলেজ দিউট দল না না কী হলে জানি দিলি সিটি কলেজ মার মলা কি অয় কী টু বলদে তোমনা রিজিক্স থখার ন লগি লম ফরে অয় অরেদম রেডিস পেপার লইলে না কির ন কলেজের মধ্যে অজি
/kaggle/input/regspeech12/test/test_noakhali_0025.wav,তা খতা যে কিচ্ছু কিচ্ছু খইততো ন খালি বালা আনদা কইরবো খালেগামখুলা আামনে কাজে আগান নাই আর্লা ইয়া দেতেছইক্কানাই কবিতালা মগাতে লে লোক লাইগবো সামান লাইফো ছাওান নাই
/kaggle/input/regspeech12/test/test_sylhet_0662.wav,তে যে সনাতন ধর্ম তো তাইলে দেহা যায় বেশ কয়েকটা বাড়ি আছে আফনেনু খইলা রে পাচটা অইছি পাঁচটা বাড়ি  ওটিলার উফরে সেরাতো বাড়িত ন
/kaggle/input/regspeech12/test/test_sylhet_0596.wav,বাট আগে দেখা না আর কিসবার সাছে যোগাযোগ নাই হকতা নতো বিজি বিজি হ সেরে আমার লাগে না তো আমি ওরতো নিজে যে বিজি বিজি খইতে ফারতাম নাতো আই ইলানে তো তারগে টাইম কিন্তু এই যে আগে মানে কেনে জানি অর না না হুম মানে ওইয়া উঠে নায় আক
/kaggle/input/regspeech12/test/test_sylhet_0252.wav,আমার বইনান দিবো তুমি তারার লগে ফরীক্ষার খানতা দিবায় আর তারার এখটু সহযোগিতা খরবায় দেখাইবায় যাতে তারার চাফরিট ওই যায় তুমি তো অনেক ট্যালেন্ড নে তুমি ওতা সাকনি খরতায় না কিন্তু আমরার এখটু উফখার ওইবো তুমি যদি দেও
/kaggle/input/regspeech12/test/test_sandwip_0110.wav,মস্যা কইরা লাগ আই ফা দেনা আমার যাদি আঁই আর ইয়া করি ন আঁই হেগিলা্লাগুলা ত আঁই সন গে আর দরকারওই নাই কিন্তু  কি
/kaggle/input/regspeech12/test/test_noakhali_0015.wav,বযবসে বাইনসে যাও না আর্কার আঁততীয় উচ্ছায় কাচা বরতা বই তোডা একগিন বেশ্শি গরছে দলা মান ত পিয়া ক বর আ ঁই এবার আঁরকাইয় মতো তোর হন আইডেস দুইর্দামেনা তো আম্নে কুছা কুথায় ব্যাটখানতেগো আঁই আঙগা মে কি দু আত্তা নানিরাতি ওবেগনি
/kaggle/input/regspeech12/test/test_sylhet_0194.wav,তারফরে ওইলো গিয়া সিলেটি ফারনি ছাফানি হুময়ওয় ল্যামফুম সব রুমো জ্বালাইয়া দেওয়া তারফরে গিয়া ফড়াতদি ওইতাম তোরাফসটা মদ্যেই ফড়তাম ফুড়িা উড়িয়া ফরে এখন এতোজন সদস্য আখলা ফড়া লেখা অইতোনি মানে ওইওগ ফড়ালেখা বলতে বড়ো যেলা তারা
/kaggle/input/regspeech12/test/test_sylhet_0611.wav,ি আমরে বুছি ম বলা কইবরে লইয়া কিতা খইতাখছনে অয় মাছাখমন্দো তাখবে আর আমি বুলি ফাই ই কিরো বুল ই দুইটা জিনিসের এখটা আছে কিতা ে ছার
/kaggle/input/regspeech12/test/test_sylhet_0085.wav,খতা খইরা বাদে বাবা বাইরে বখা দিছোস আমার ডাক্তারোর কুনু দরখার নাই এাকে আমার খরি রেবোন
/kaggle/input/regspeech12/test/test_sylhet_0289.wav,খইছে আমার মানে কুনু সমস্যা নাই আফনারা দেখোইন দেখিয়া যদি বুঝোইন যে ঠিক আছে আমার কুনু সমস্যা নায় খন তারার লগে আমরার পারিবারিক স্ট্যাটাস মিল আছে তারাও সেইম ফ্যামিলিত অখন হনৈতিক অবস্থা আমরার মতো তারা আমরার মতে ফরিশ্রম খরিয়া ফরে বা
/kaggle/input/regspeech12/test/test_sylhet_0703.wav,বলি গরি মেয়ে এইটে একটাআডে গই মেয়  একটু আগে একজনরে ফাইছি ানে দেখতিয়া আমরাতাইন তো ফড়ালেখা খরোইন তাইন রে তাইরে দুই বাবুর এর লেখা ব ঠিকাদিছি বুঝা যায় না আসলে
/kaggle/input/regspeech12/test/test_sylhet_0696.wav,ফালা খইয়া খই ইয়না বই না আফনেরার টাইম এমনি নিমুআর আফনে মানে ই বাড়িত নান ই বারই নানি তেগরআ েফনের খয়জন মানে সদস্য  ওইদল তো খরিবার
/kaggle/input/regspeech12/test/test_chittagong_0015.wav,সালাইম অলা কম এলাইকুম আস্সাল্লাম ওডি কেন চস্তি হবর তুর গন খবর পাত্তি না দে তুতরে গম আছি গম আছি তি ভালা অতোস আ থুই ওডি ভালা আছি কিত না অনো রকম আছে যেরি হ বই গিতুকের গুইস না
/kaggle/input/regspeech12/test/test_chittagong_0159.wav,আইতে ফারনি ততা তাইনশনও থাছিস টেয়ার ফরে ওদি এহন আঁরা যার বাংদু দুরগো কলজিেরে খরদে কী বলরে আইছো চট্টগ্রাম ইউনিভার্সিটির ইঞ্জিনিয়ার লইয়রে খইরলে টেযায়া দিয়ারে ফৌছিছে তো খইয় গেরার চশারা টেয়া লাগিদো খয়
/kaggle/input/regspeech12/test/test_sandwip_0007.wav,থাকুন ওইডার মাইজে তু দিলাইবো কতাগিন লাইগবো একবার ফাসের লগে তা ওতে লাগেযন দেক গেজি দিশাবালতে হিনিকা হবো এক কেজ বে পেরিক্কা লাইগবো ইর তোল র ালে দাইল ফাচ কেজি কও না
/kaggle/input/regspeech12/test/test_sandwip_0063.wav,ছল ুরাববো তাইল্লা কইনাই ফু আতে লগে যাবি গিছে হেন্নে্তো এেরিকা খেল্লে সিলাইসেত কোতাই হ্বাপে ফোন করছে বাফে রাইক্কে আইছে যে বাফেরাআ হেতে ওদ্দুরে খেের নাই যাইবো কইছে হিয়া লা ন না এখন যাইবের আগে মাতা তাকা হেে কতানি দাবাজি মাতা তুসালে কামা মাতা হন না হা দুয়ালা
/kaggle/input/regspeech12/test/test_sylhet_0687.wav,তউশালিফুর আমরা আছে ও জাগায় ফাড়িয় আছে টা তো ইত নয়াপ্লার খাা ওযরছ ানি তো মুখজবানিও জাবাই এই ছোটা মাইনসো অইবো ই মানে হন্দেয় ওখন তর  খটা নায় যার ে এরফরে আইয়া আফনারা খইতা সুন দে শও আইয়া ওশ ফাস ফুয়াডার খাি ছোট  ারি খরছে সখারি কয়াডারও রইলাম
/kaggle/input/regspeech12/test/test_chittagong_0128.wav,স্তরা খাইরাদে নাই মুইজ্জা আনে আত্তা সারার্তা না নাযাত দেরগ এমনি তোরা খাইত  দ খাইতাম তা দুতো ই্িন তো মন নে ফরে রতে জানাওমন দাা ভিডিও য়া লাইফটা দিদা
/kaggle/input/regspeech12/test/test_sylhet_0095.wav,মাসে ফাশশো টেখা দেওয়ান লাগে বাই কিতা খরান একটা অতো বড়ো মর দিছে ফর হরে ইডার ফাচশো টেখা দেওান লাগি ফরতি মাসো ইয়োর বেতন আর বতুন বাব দিয়াও আবার তোমান ফলম খাতা ইতা তো লাগবে
/kaggle/input/regspeech12/test/test_narsingdi_0107.wav,না এ মোরা যানামোরা যাফুরাও মোরা ইয়া ফারাখার কেমি গুরছু দিবু আমি ইছে হেদিন ফার্স্ট টাইম আমি রান্না করতামি গেছি তারফরে ডিম বাজি ঠিক আছে তেচুলাত বাইছি যে আমগা ছুডুর ফ্রাইফেন্ড আছে না হুম এডার মদ্যে দিছি ে ডিম ফট বট ব ফরাশুনা  দেখোন এইছেডা
/kaggle/input/regspeech12/test/test_narail_0050.wav,এই পঞ্চা মাটে কাটিছি আমি কচ্ছে ক্যা মাটিত আমি কাটি নিয়ে কাটি তে আমার আবার অনে নেসর মার বউ না তা কিয়াইছে কচ্ছে া আমার জাগার মদ্যেই পড়ইছে আমি কচ্ছে দোর চাকার মদ্যে যদি বড়ে আমি তোর বাবারে যে মার জাগা মাফাম ফুইয়া অয় প
/kaggle/input/regspeech12/test/test_habiganj_0099.wav,যে চাল তারে লইয়া যাইবো জীবনে তারে তো খইছোইন কক্সবাজার লইয়া যাইবো কক্সবাজারে তো আমরা যাইতাম না তবাজারে ওতো অত্ত টেখা তারফর তিনদিন তাখা লাগবো বাড়িত টেকা দিতানা তো দতোদরযাইবার লাইগবো গতদর্জাওন না
/kaggle/input/regspeech12/test/test_sylhet_0498.wav,ফুতগা খান্তে এখানতে চোখো পুল চ্ছ আর তসবি কররাম খান্দার ছোটে আমরার যে আল্লা বারো বড় সন আমার সউবতাখাছার ইছা
/kaggle/input/regspeech12/test/test_barishal_0015.wav,রুক ওইডা একট ইস্কুল নেসফেকটারের মাইয়া হেরে  যেমন খোসে ডাক্তার হ  আমার লাইগা ছে কোয়ার্টারো কা টিকনা থাকে হেইডা আর ওডা কোয়ার্টার দুাডা বদুলি হেজা সম্পর্ক আছে এমন তালা ভালো গাহে না ফরে
/kaggle/input/regspeech12/test/test_chittagong_0089.wav,ও েগছু লইছে ন তুই যাই যা এরে এক ঘন্টা এক ঘন্টা করি শিখেছালে সো খন দুইটায় চরতে যা ফাকি যাইবুগই ও ুটটু ফাল্লা কম্পিউটার আতে ঘরদ ন আর তুই কম্পিউটার আছছে কিন্তু কম্পিটা এন ভাই বানালিরা কি  ভাষা মন্ট বাবুই না আছে যে
/kaggle/input/regspeech12/test/test_barishal_0066.wav,ইশা আছে অনেক শেরা  ভাগাত পরে তে চা তোরজুডার লগে লগে ল সারাদিন ভালো  চার তোডা তন না আমি  আমি আমার সিরিয়ার চার নেশা যহন বিয়ে শাদি করি নেই রাত্তির একটা সময় কইছি মাছ বেতালদি ঠেহি চা না খাইলেতো ঘুমাই পায়ছে না
/kaggle/input/regspeech12/test/test_kishoreganj_0167.wav,এডাশিশুই বলে বায়ু যখন ঠান্ডা কোনো গস্তু সংস্কৃতিতে আসিন তখন বায়ুতে থাকা জলীয় বাসপো ঠান্ডা হয় পানির পুটা হিসেবে জ পাি ফুটা িসেবে জমা হরাে জমা হরা ঠিক আছে রেমদানা টুততলা
/kaggle/input/regspeech12/test/test_narail_0091.wav,আরে আমি এমনি মজা করতিছি মানে তুমরা তো বাড়ি বাড়ি পিনি সনস্তো ে তো আমারে কি তোর বিডা মানু সমনে আচ্ছে নাই তা তো আমি চেগ কইরা দেই নাইি
/kaggle/input/regspeech12/test/test_chittagong_0016.wav,অ অহন রকম কা অরিন খই যবাইন জ্বালার শেষ না এডে কিউ জ্বালার ওবাইন হর দে না এডে দুনিয়াত যবালারাইক্কিন  এডে যে গরম ফরের অবইন ঘুম তর কেনছে ইতো ন ফাদির ক্েন
/kaggle/input/regspeech12/test/test_sylhet_0253.wav,মন এখটা খেও খরচ লাগতো নায় তোমারে যারে আমরা নিমু তুমারে আমরা আর্মি ওশাতা অখন তাইন টিচার মানুষ তাইরে আমি কিচ্চু খইতাম ফাররাম না বাদে ঘর তেকি আমার আব্বাই একজন মানিসওই বাড়িয়া খইতোইন তাই যদিও ফরীক্কাটা দেয় আফনার বইনোর ছাকরি উি বানাও তাই ওইছিল আর তাই যদি ছাকরি খানতা ওই যা তে তাই আর সামনে আগাইতো ফারতো না ওগু তাই  লাস্ট টার্গেট ক্লাস্ট বর্ডার ওইা যাইবো তে
/kaggle/input/regspeech12/test/test_sylhet_0091.wav,খাম ফাগ না খক কিছু নাইস না সখালেও যাইমি ধরো ইা পএকবারো কাস করিন স ব্বাগ ছাকছা খয় রা কিরিস খেবুজ টা সাব করি ফরে এইদা ইডি চালা দুতালা গরো অষ্ট অছে সবকিছিতো খবি ফরা ফরে যাই আবার ছিন্তালাত
/kaggle/input/regspeech12/test/test_rangpur_0052.wav,মই য়দুল্লা হোলা নিয়ও মানষেক সত গেছে আগের কথা বাদ দেও  এলা নাই আগের পিরু কু দাও আগে কেমন ইনকাম আছেল আপে কেমন হতো টেকা আছে কেমন নাগা ছাড়া কচ্ছে ক গে তুমার জিনিস পাতির দাম  ব র করো কনা শাহীনও শাহীনের মাও ফিরুজের বউ ওই ফিরুজের বযাটিও ফিলজো
/kaggle/input/regspeech12/test/test_sylhet_0387.wav,ওআ বর তো ডাইন্নে বামাযা অ লাগটো না এইরা এমনে গিয়া এম্নে অক্কর ফিদ্জা যাইবা এগা বুছটো টোয়েন্টি গর্তি ফি
/kaggle/input/regspeech12/test/test_chittagong_0027.wav,ইতে মা ওগগো তিন হেন্নে ন্নে গরি ব ইতেরে বলে বিয়া দিছে লেইগু খর ইয়া হ ইচ্চা আম্নে বিয়্যে দিয়ে খেলুন দরখার ে হারার এইকুনু রে বেশি  হ না হ ব হ তে বিয়া দিবা লার দায়া ওরেইয়্যি এই যে গুরে নাবো
/kaggle/input/regspeech12/test/test_kishoreganj_0013.wav,কতা হকো হ ফুরাইডা  কুদদায় না  নামা নামাদ বানে এই যে এ কি কছুদের  কছু  নামাদ কলবো মনেহেডাম ফসলো না রেহই মারি দিহা আছেমাটা রইছে হামা একটা দিছলাম যারা হি কিছু নিছে ই যেই মাতারডা কিছু নিছে মারি বাইত্তালাই
/kaggle/input/regspeech12/test/test_tangail_0122.wav,তো দুইতিন লাগে কী হবে কিন্তু তারা ওইটা উঠার চেষ্টা খরতেছে তারা  দেখলাম খাটিয়া বিত সবাইতাম কান খুলছে ব্যবসা করা শুরু খরছে ময়লাগাফড়গুলা সরেয়া তো ইটাও একটা ভালো উ কিনতু যাদের আসলো অনেক বেশি লস ফে
/kaggle/input/regspeech12/test/test_sylhet_0174.wav,ই এডিয়াটা অনেক বেশি নিরি দিলে মাগা িঅয় ইডা কিতা মাঠ মনদে ইাু তো ইডিকে ইস্কুলের মার্টি  অয় য় হউডকলেজর ন ইয়া ফুটব দ ইটিক কলেজ হাতে মালি  ইডাইতা হ
/kaggle/input/regspeech12/test/test_sylhet_0572.wav,আর কিলা বেডা খাইয়া ফড়ি সবাই দিরা যাইতোইন না ছাপ খাইবা আর লাখা সময় সযাইতলি তরে জ ফরে তো া বেশি
/kaggle/input/regspeech12/test/test_rangpur_0008.wav,এত জাহাস শুনবেন ও বাবু কুনদিনি এক চং কিতাহাস এর বান্ধবি তোর কি অইছে  কয়টাহাস হহাস হাস নাই গোবা আছিল মেলা হা আসছে কবাই আছে নাই ি তোরু গরু কয়টা
/kaggle/input/regspeech12/test/test_sylhet_0452.wav,ট আমরে সিরবাবে মনে খরো বাসাত তাখি না ফনরো বিশ তি ওতা আবার মনে ওইছ যকাম কি  এগু ওইছে মানে এক সপ্তা ওইছে না বাসা তাকি খালি ক্যামি আমার জামাইরা খইরাম যে আমারে ফনরোশো টেখা দিলাও ইটু বাড়ি যায় গেউ বিরা বুলা তুমিও খবে আইছো  এখশা আবার ফনরোশশো টেখা এখন দেওয়া যাইতো না র বাবা ওবি
/kaggle/input/regspeech12/test/test_sylhet_0701.wav,আইচ্ছা আগগা বাইয়া  দেখা লগা থায় কিনাইনা ইখানোই থাইলে খারোইয়া খারোইয়া মাতি আফনেরা র লগে এখেকজনের লাইগগা খতোন আফনে লা খনি নিয়া খআফনে কিতা খরোইন  কিচ্ছু খরোইন না ওবা মানে মনেএখ বড় বেখা
/kaggle/input/regspeech12/test/test_narail_0060.wav,ুইছো এটুকরি টুক বিক্কিরি দিতি ফাব কুতানা নাতাকই ভাইলেহভড়া করতিছে চাকরু গরতে অর তারফরে ফয়সা কডি হলি তারফরে যে সুমায় বুঝবেনি হেই সুমায় আত দিস কেনে
/kaggle/input/regspeech12/test/test_sandwip_0121.wav,অইলাম নে আম্নে যেককুবালি বেশি খাইতে চইলে অল্প  কি খা ফেশা ফিশিিলকাারে পতিরিক্ত ফ্যাচার এ অনকা নাতি উগগা আছে যে নাতিনের ব্যাফার হিতা আরেক্কানা দুর্বল আছে হইতের মাই্য়া হ এক্কারে মা  আগো
/kaggle/input/regspeech12/test/test_sandwip_0073.wav,তো অতো পাতকরি হালা ফিরা দিবো আরেপারে হেরাওরে জিনিস না  আগের লাগে চিকিৎসা করে নো না হাইতো এক্কানো দেখতেরে নাগ এই কোনো অসুভ বেশিত ফোলে আর কি করা  এক প্যারে অ পছন্দ করে কবিরক্ত অয় কনিয়া লাগো
/kaggle/input/regspeech12/test/test_kishoreganj_0092.wav,কি ক পাকিস্তানের ভাসা যে কি পাকিস্তানের ভাষা কোনো সৌদিয়ার ভাষা ক হিন্দির ভাষা কর হিন্দি তুম ক নাম ক্া  হ্যাঁ তুমক নাম গায়ে মুস কয় তুম কী কী করো তুমক নাম ক্া
/kaggle/input/regspeech12/test/test_narail_0002.wav,বাগায়নে বাসার বুলিয়ার শার নিরি পযান্ড বাছর আর ওই যেএটটা কি নাম জযানো পুইলে স্রে বাইর বেটাম আইছি কী বানো না বেরস্রে জমি তাতে তোর বাবায় টাহা পয়সা দিয়ে
/kaggle/input/regspeech12/test/test_kishoreganj_0099.wav,আগর ম এহে হেইজিনসে খেতু কছ কি মন না অন্যকালা না এমন
/kaggle/input/regspeech12/test/test_narsingdi_0092.wav,ছয়গরা ওু এড এডি বইন ওইন এডা কঅনুষ্ঠান না বাড়া দিলা বইন বহে ল্লা আমি কইছে কা আমি কইছি না বাবার কি আছে আমি মাইিক আছে ঠিক আছে তারফরে ফাউন বক্স এ্তো গইলা  বাড়ি ডাহাত আন্দি তামবু আছে তোর বাড়ি ডাহাত ন বি ইথ্যা কইয়া
/kaggle/input/regspeech12/test/test_sandwip_0097.wav,আনে হিয়ানতে আই এমনে সিএনদি লো কালি গেলে আমনে অটলোকাা হিয়ান তো একদিন যাই এন  জিনিস নিয়া ডিউডি িএমনি আই আরে আমনি হেয়নকি আংগুরিস্তার্লা কি দিছে হে দিস্তাত্তে যা সমনেলে বি বিএছে যছে এটােেঞজ ফটে
/kaggle/input/regspeech12/test/test_sylhet_0330.wav,আমগো ওউ যে স্কলার্সোমো ছাকরি খরতাম ফারমু ওউ খাদা শীবাড়িত ছাখরি খরতাম ফারমু ওউ ইংলিশ মিডিয়াম বিবিন্ন স্কুলো ছাকরি খরলে তো আমার খরচটা আমি বিয়ার খরতা ফারমু আর আমার তো ওউ যে ইউনিভার্সিটিতে যাওয়ার ফর তেকিও সেল্ফ ডিফেন্ডেন্ট ফওয়ার্ যে একটা টেনডেনসি নিজে নিজে খরছ খরিয়া ইউজটু
/kaggle/input/regspeech12/test/test_kishoreganj_0063.wav,ফুলচিেলা ছুলছুল ছুল ছুল চুলটা ছুডো ি ছুটবা ছুডটা নানামাঘাফত আছে ফুলাফাম হেই দৌড়া কেলা এইডা
/kaggle/input/regspeech12/test/test_sylhet_0295.wav,আমার ফ্রেন্ড যেটা তাই তাইরো বিয়া ওই গেছে তাই জামাইতালি তাখে তো তাই গিয়া বড়ো বড়ো রিং দেখে আমি গিয়া ছুটো ছুটো রিং দেখি অখন তাই আমারে খয় তুই ইতা কিতা দেখস তুই এখটা  বালা দেখিয়া দেখোস না খানা ইতা ছুটো ছুটো রিং দেখোসকি তখন আমার মাঝে খাজ খরে যে আমি যদি এখটা বড়ো রি অখন চুজ খরি আর ইটার যদি তাইন যদি ইটা পেমেন্ট খরতা ফারোইন না তাইল এখটা সরম ফাইবা আর এখটা
/kaggle/input/regspeech12/test/test_sylhet_0200.wav,খেউ দাঁড়াইতাম থুব ওইতো অললা বইয়া দাঁড়াইয়া কুনুরখম ফড়া আর যখন দেখছি যে না টেবিলো দাঁড়াইয়া ফড়তে খরতে মানে ফাও বেদনা ওইযাতো তখন আমরা টেবিলের তলে বই থাখতাম মায়া খরি আর মাইয়া খইতো আইচ্ছাআ খরা লাগতো না হুকুম আইযো
/kaggle/input/regspeech12/test/test_sylhet_0496.wav,হেওন বাদের মদ্যে ওর যাও খলি আসি তাম ফারি না সব মানুষ হসপিটালো আইচছে দৌড়িআ সিপর যা লায় এখন তাইন এখন আমার ফ্রাট বন্দুন না কিতা খ বাতরমো এমন খাত টুঠছে আমার লাগছে সবকিছু খুলিয়া আমার আে পরছাবর জাগা ওগা মানে সিডিয়া পড়ে ওইছেইয়া আমি এদিক্ে ছাইয়ে বলা দেখলাম না বয়র বালারে বাবা খালি ইটা যাইয় টাস খরি পড়ছে আমি দেখ তন আমি একবার ছাইয়া দেখছে আমার তো বিয়াগুগ যেনে দরা তিদদা তো দরা নাই ইডে একগু ত ফায় গেছিগ
/kaggle/input/regspeech12/test/test_sandwip_0039.wav,া আরে কো মাসুব জলঅই গেছি এককু ট্রিয়ারগরদে ড় ঘন্টা জুগাইন্তা লাইগ কি মোত জিজ্ঞাইছি নাম মোর কোনোরকম আরও কুঙগা হুঙগা ছু ইয়া এক্কান ক হইয়া এক্কান ক কোনোরকম আছি ইয়া যে কিমে চিন কইছারে না মনে আছা আফারা কইতারেল হুম
/kaggle/input/regspeech12/test/test_barishal_0048.wav,আমনের এট্টা কথা কই দিছি আমনা এই এটটা জিনিস বছু পর কোনো মানুষ কি চায় যে গরু এটটা জনা মানুষর রু  আমরা কি অসাত ছন লোক হ্যারপর কওয়া লাগে সে দুর সরতে ওইডে কওয়া লাগে এই কামগুলন পরে মানুষে গরু কাললে এং খািরা
/kaggle/input/regspeech12/test/test_barishal_0007.wav,আমনে ব্োকপেন মাবু ভাবপা আমাগে মতুন দিন মুজুরি রিকশাল্লারা ভ্যান্নালারা বদলা খামলে রা জীবনে মা বাব ফালাইবে না আইগগে যদু মাহেও হেই বিচনে পোলাপানে পরিষ্কার করে তোমু হালাই দেয় না আর এই যত ওই দুই এট্টা বড় ধরনের ঘটনা দেহি বড় লোকের ভিত্রে হয় মান সনমান প্রযাক্টিসে বা যে মা বা পরিচয় এই দে পারে না
/kaggle/input/regspeech12/test/test_tangail_0036.wav,নএকটা মানে হিস্টরিটাইকাল ছবি অবো পরে দেখলাম যে না যদি আমি অনেক পরি দেখছি ছবিএডা অসম্ভব একাসুন্দর ছবি যদি এটা যারা প্রথম ছবিডা শুরু করছি তাদের পক্ষেটা
/kaggle/input/regspeech12/test/test_narail_0079.wav,ওনে কততে যে আ আমার ফোন  অবস্থা ভালো না ও তুই কথা বলতি হছি সবার গুন্ডি লাগালাগি করবেনাই তো বুন্ডি লাগারা কি করবে
/kaggle/input/regspeech12/test/test_sylhet_0131.wav,ইডা ইতো আর কিতা তোরম বাইর দুইডও সুটার খাবড়া কিনাই দিয়ে আর আমি তো আ বাসাত খাম খরতাম গনার দেয়ন ইসময় আ  এলতা মি  ুখামু ঢুকছি আইছ মনে খ সো ফড়ে ইটাছে ছয় মাস দূরে ফরতাছে ই ফড়ছে ত খরছে না নাই ছড়ছে না আইতাছে সামনে ও
/kaggle/input/regspeech12/test/test_kishoreganj_0083.wav,লইয়ারা হ্যা লইয়ারা আমরা তে কাতানা াাআইন্না কি আত্তেআলা লাগে া হ্যা কেতে আইতে হবে আপনে নাইন্দা গাড়ি ছলে না ন  কত কান লাগে  আততেগা লইয়া আইলে  লাগা এক ঘন্টা
/kaggle/input/regspeech12/test/test_sylhet_0344.wav,বাইবা দিতাম তখন আমি খইলাম যে এখন তো ছাখরি খরতে সমস্যা নাই বাচ্চা আইচ্ছা দুনিয়া আর মুটামুটি ডিসিএরসো স্ারটেই তে এখন টুটকিমারকি ছাখরি করি দেলো  তাই খইলে এখন তুমি খরতায় বারো সমস্যা নাই
/kaggle/input/regspeech12/test/test_noakhali_0009.wav,অ নাই  চমি দ তরকি আইচ্ছাকাগো চাইরশো টাকার বাজারত তোক সদাওকারি কিনসে আন্নে কিতা আলেকটা ফিরা আন্না কি অগো
/kaggle/input/regspeech12/test/test_sandwip_0130.wav,আর একদমে আর আঁরতো একদম আঙ্গো ইয়ার খইলার না যদি আঁই আন্নের ফেশার দি দেম এরবু আং্গো ই হরা লেগা বুতাগে চাইলি দিছে ই একট যদি কইতা যে তুঁই এত ইয়া করা লাইগবো
/kaggle/input/regspeech12/test/test_sylhet_0727.wav,বিয়ার ডিম তাখা লয় আরদিনোও থাখার লাগে আরগা  া বিয়া বাদে আরেখটা াি থাখা লাগি তা নাও কয়াস না তানা তা চছুসটা কিচ্ছু খই নাগা খিলা দুইদিন থাখে মানে রুজা না দুইদিন ধরে ইন রাতরে ওতো বেথাব সখাল তাকি উফার সারাদিন আকি তুমি   ওরো ফানি খাইলা রোজার এখরা সারা দিন খতার সময় খাইলায় ছোইন্তা
/kaggle/input/regspeech12/test/test_sylhet_0675.wav,মর এইয ফাও আল্টিগেনদিক্কাএই দিয়া আইওইনি আফনারনদালছ আচ্ছা তো আফনে বিয়া খয় বছর অইলো িয়া দশ বছর সর আরমন খরা লেখা আফনার  ডিপ্টিক কমপ্লিট করছোমদ্রাসার
/kaggle/input/regspeech12/test/test_sylhet_0499.wav,বুঝ্ছ তর বামে আর আমবার ওহনর খাছতালা বেনিং আমার সব সকনা  ্যা জাওয়া আশা খন যাওয়া আসা অয়আমি যাই প্রতি শুক্রবারে তো সখালেও ফোন দিছোইন আইয় ওবো বাসাত ঠিনো গেলে যখ তোমার সব প্রতি শুক্রবারে আমার ননন নন হড়ি মানে জামাইর বইন বড়জন আগরামে ননো খরি খই আর জামাই ছুটো যেরা তারা ননন খই আকিল ওরখম সব দলো ওই বে আমরা সব জাল অল আছে আমার বড় জেলা বাদো তাইন অ বাসা বাডাত
/kaggle/input/regspeech12/test/test_sylhet_0080.wav,একবার বুঝি আগে আমি তো খই আমার মেথতাই আমার বুঝিআগি আমি যে নাইড নাইত নাই তারজনে ডিফরেন্ট ফতোঅনেক তো তাই অনেক তাইর অইলো দুই হজার সাত ত আর আতআর বারোজন ন তোমরা কান্টান ফরো না
/kaggle/input/regspeech12/test/test_kishoreganj_0116.wav,কুনটির জন্য পানের উদ্ভেদের উপরে নিবসি খা দ কুনটিশ জন্য পানের উদ্ভেদে পর নিবসি খাদ্য কুনটিশ জন্য পানিের উদ্বেদে উপর নিবসি খাদ্য নিচে কোনটি সটিক খাদ্য শিঙখল সারটা আমি কই দাস ফরি দাস সাপ বেং
/kaggle/input/regspeech12/test/test_tangail_0037.wav,তুদা একটু কঠিন হইতে পারে ছবির একটু লম্বা সলো মনে হইতে পারি কিন্তু ছবি ভিজুয়াল থিম সব সুন্দর তুদেইহা ভাল লাগবো ফুরা লাস্টের দিকে যায় আপনি এডার ইডা বুঝবেন
/kaggle/input/regspeech12/test/test_sylhet_0183.wav,ছয়নাগ্যাস য় আচ্ছা তে আপনারার অনেক সময় নষ্ট করলাম মনে করোইন না সিরার অইতাছেগা
/kaggle/input/regspeech12/test/test_sandwip_0114.wav,ক মাস হরে একদিন ইস ফুলাইছে বেতনটাতন দিবার লাই ম অনো ফতম ফ্যামগলির পেশ হবে না দ্বিতীয় সদি কইলাছে কাই মহোমা সাজে হেতে তো বোনোদিন নাই দুশার মাসি গেছে কোনু কসছেতি নাই হরে জিজঞালে অবস্থা কয়ায় না হোলারে তো দেখছি য কুদ্দি
/kaggle/input/regspeech12/test/test_tangail_0015.wav,এইটসে আক্রান্ত ওইয়া যায় পরে একদিন মেরির সাথে দেহা অয় মেরি পরে ওরে বুঝাই সব মানে ওর সাতে অনেক কথা অয় পরে ও নিজেরে চেঞ্জ কইরা ফেলাবো বলে সিদ্ধান্ত নেয় পরে আবার যায় কুইন বেঞ্চের সব সদস্যদের কাজ সাতে কথাতা কইয়া
/kaggle/input/regspeech12/test/test_chittagong_0073.wav,সতিদি আছিল তারপর আরো আমানে আঁরার ফরিচিত এনকে আইর মামাতো বইন মামাতনরেদ হইদিছে ইতারা বুজ্যনত হরছে ডিজিটাল্স বোত দাওয়ালায় কিন্তু ফিয়া ইখানা বেশি ল বেসরকারি তওডি অনাছুল ল ফেলাইবো কিন্তু টেঁয়ায় না খতত সরকারি তো টেয়া লগি বলে
/kaggle/input/regspeech12/test/test_comilla_0020.wav,তাইলে বিষয়টার মধ্যে কিন্তু অনেক ইয়া ছিল আবার কারেন্টের তার একটা আমরা যখন যাই পরে আর কারেন্টের তার দেখি নাই এহন কারেন্টের তো আরটা ছিড়া সবাই ধারনা করতেছে যে এইযে ধুলনার যে  এালোমিনিয়ামের যে ইয়াগুলা থাকে না সম্ভবত এই ধুলনা রশিটাতে যাগারেন্টা তো আরটা ছিড়া পরছে এরকুম মানি একটা ধারনা করতেছে
/kaggle/input/regspeech12/test/test_kishoreganj_0074.wav,দাদা োতো আমি যেতাম া তুমিন ফারা এককাা লইো গিা তুমি বারা এক কা না গোরা একটা চার দুইডা ইফারা তে দুইডা ফারে না দিতা তুইনি তুই নি লাগা আমনি কাম্বাছ হ্না তোমারে যেও তেতুনি তুনি্বাগো তুইলল নিন্নি বেতন তুইললাছে ডা ফগনা তুইলািি না কততো বর
/kaggle/input/regspeech12/test/test_sylhet_0759.wav,া ফারা না হুনছিমুর ব্বস্তাতাখ ফারে না হুনছি অখন ফারে না কুনুখানো তারাও খতো নায় ফারে না ওখানো বলতে মানে ফানির ছিটা ফড়লে আকি বিয়া ওয় না ওখানোনিয়  আমরা ত খানি টা উডরামু যাম ফাই খরতো বিয়া তো আরসতাওর
/kaggle/input/regspeech12/test/test_habiganj_0065.wav,ইতা ওই সিক্স সেভেন এইটো তারকে আগে খালি টুকাইতোগা বাইর খরতাম র আনন্দ টা ফরে বাংলা ইতা ইতা কোন বইয়ের মাইঝে গল্প আছে যেতো তুকাইতুগাসব ফরি ইতাম আর এমনেও পড়ি গল্পের বই আর অখন তো মোবাইল আইছে পর দিকা মোবাইলির মাইজে খতো গল্ফ দেয় মোবাইলের গল্ফ বাল্লাগো কড়ি খয়দিন আগে আমরার ফরীক্ষার আগে মোবাইলের গল্প এমন নিশা অইছি খালি গল্ফের বই কিনা বাল্লাগে দে
/kaggle/input/regspeech12/test/test_sylhet_0639.wav,প্লাস থ্রি ্াসট্রিপ্ট ফড়ো খই খড়ো দর আম তুমি মায়া লাগে   ফড়া বজার মাো কিতা খরতে বালা লাগি দেশিও বালা  ওতা খরে  নাম ফলে ফায় দান ওয় যাও
/kaggle/input/regspeech12/test/test_sylhet_0244.wav,ও এর আগে খইলাই আমি তো এসএসসি তে যেহেতু জেলার মদ্যে ফার্স্ট ওইছি তো বোট স্কলারশিপ ফাইছি বোট স্কলারশিপের খারণে আমি ইন্টার ফর্যন্ত প্রিফিউ খরি লিছি অলমোস্ট কিন্তু ওযে ইয়োও লাগতোকি হোসটেলো থাখছা নগরি হোস্টেলে খ ছেতা হবাহেরা দিতা হোস্টেলের খরসটা
/kaggle/input/regspeech12/test/test_sandwip_0080.wav,লাডাযা আছে কলনিতে অইবো ওযাফুর কগা খইয়া রাছে  ইয়া বোআমার বইয়এন্তুগগো ল বনি না না হ তইয়ান্তে ল ইয়ে আবার সারকারি করি অইলা বুজো আফুল ক গা ফইয়া আমার অইছে এ কাড়ি অবো যাগাততে অইলে কাডি সাকাইততে অাইল্লা কাড়ি দআফুরও কবো
/kaggle/input/regspeech12/test/test_kishoreganj_0069.wav,ক ফলবা মি চোখি ফারিন না নিব্বা জেলা  ফবে নাহ রাজা ফালবাইন রবুর ন আফনি এ ইাা কি তা ভায় া লা রাইগগা দি ন চোখকি ছন টুইনা ফাআমার এক্টা টেকা দে
/kaggle/input/regspeech12/test/test_sandwip_0035.wav,নাহুইজ্জে নিয়া কিছু খইছে যে হডা কত  ত হুনান্দিলালামা গেরি খাইতোদলা কিরেইনছেনাইজ্জা আন্নেরা
/kaggle/input/regspeech12/test/test_sandwip_0048.wav,এতু গুড়ছে হুমআো তনদোক কাপাকুয়াই হর নাম ববরা উনের মাথার  আরা হুত সরস্ছে নিছো নাহরি জেলা গিরেকুন
/kaggle/input/regspeech12/test/test_chittagong_0137.wav,কিছু গলকালেইয়া আরে হেরে দাখে না গই ফাডা গুদাহা বাইয়রে আরও হর্দে চিবাতের হাতে নাকি আরো খন বাসেত তুলি দিতো নে হয়বলে এ বাসত ঘুইরিয়ারে হেলাহ নাম্নে যিতাম মাইয়া নরে কিছু আগা মারতা চিনিনি আনা করদে য়্যে আইয়লে গুয়না ফাডি ই মায়ে না ফার হয়ার খরদে ইতারারান ডোল দি
/kaggle/input/regspeech12/test/test_sylhet_0069.wav,তে আফনারা ধর্মীয় আচার অনুষ্ঠান লইয়া যদি কিছু খইে ফুল অনুষ্ট ওয়স মানে যে কুনু ওইযে হিন্দু নানি আফনে ওয় ত্বার বন লইয়া বা কিতা খরোইন কি ফুলফুরি কি যায়া ব  িতা অয়ফেরি াদার
/kaggle/input/regspeech12/test/test_kishoreganj_0148.wav,কগহওন বাজাইলে হ্যাঁ উচ্চ সুে গান বাঁজি এবং লাইফ পিকার এবং মাইক বাজিে শব্দ দোষর কলছে  কিছু শব্দ দুশর মানষের মানসিক ও সারানিক সমস্যা সৃষ্টিকে সবদমনকে াছি
/kaggle/input/regspeech12/test/test_kishoreganj_0009.wav,া এ গাড়ি কই কানোবহুত জাগা আছে দুই কুনডা এক বাজা দা
/kaggle/input/regspeech12/test/test_sylhet_0083.wav,দরালাতুল ম ইচ্ছে ইটা হচছে বাসা লইয়া ইইংলা আমি শেষ ফিল্ম হ্া শেষ করিনি যে মচা একটু হ একটু তুমরার বাসা এই সাইডা নি ানা বাসাত নাই একটু হাটতে হাতে মাতি
/kaggle/input/regspeech12/test/test_sylhet_0570.wav,দুর্বলতা নায় স্যালাইন ট্যালেন্ড তছলোভিটা ডাক্তারে  কাওছোইন ইক্টা বেখটা রু কন্টিনিউইটার ওষুধ ছেলো আর  হও মাতায় গুরায় নানি আর আম্দারি ফাওনো অস্কুজি আছে একটুফরি সুস্থ তাখলে আর দেছা আরকি ইতা খিয়াল হয়াল ফরোইন না
/kaggle/input/regspeech12/test/test_tangail_0076.wav,ওই শিউলির যে বেট মানে বানিতার যে বেড লাইকার যে বেট ওই বেডের বাশে রাইফা আছে ফরে এই ফুলঅতো আরবার ওয়ার পছন্দ আছিলো আগে থিখাই এই ফুলের বাঁসনা তো মানে কথা না বলতে ফারলে অনেক সময় ছা সেইন্স কাজ খইরা উইততো ইসয়  এই সেন্সটা মানে
/kaggle/input/regspeech12/test/test_sylhet_0669.wav,আফনে মানে হাউজও আইছ নি আমার ছুট বেলা বিয়া ওইছে কের বছেরো মইয়ো হইছে   খম বয়সে অয় তেরো বার কেরো মইয়া ওই দেছে তেরো বইসে বিয়ুট ভাই
/kaggle/input/regspeech12/test/test_kishoreganj_0173.wav,নিরাপদ পানি নিরা পদ পানি হুম পুকুরা পাড়ি নিরা পদ না অয় নিরা পদ নিরাপদ পকুরা পানি নিরাপদেলা কছি অনিরাপদ ভাযে
/kaggle/input/regspeech12/test/test_sylhet_0741.wav,স্বামী কর তে স্যার ও ফিয়ো ওই যাইবো তার মানুষ ওই যাই মাকেসম্পূর্ণভাবে তারা  মানে টাই নামের সাতে আফনারা ওকরলাগ ওই যামু তারার ইকানোর লগে সম্পর্ক শেষ ওই নো খাবা মোরম এখবার খান দিয়া এখটু যাই ফায়ি সমাক বা তো স্থান খরি লাকেতে আবার আমরা কিনতা হম না
/kaggle/input/regspeech12/test/test_sylhet_0433.wav,তো ইয়ারে ছোইন না ওয় তো যদি খারাপ খারাপ ওই যায় রে বাবা তো আমি এখটু ফরেও গিয়া খাই ফরে এখটু ফরেব্েক উন্য ম্যাডামরা খছুইন ফরি শিলো ইটা দোমমু এখটা খালখা ইততা খ মি হুনিয়া খইরাম কিন্তু খাইয়া না ফরে আআবার খইছি ফরযে আন্টি তো আফনে গিয়া ইততা খরি লাগবা খইছেন না বাবা বাজের শালোয় মালিবা দে খান্দা ইয়া ফরে তান লুসি ওছিয়া দিয়া খইয়া বাবা তুবে খান্না খরলো না তুমি বালাওইরো
/kaggle/input/regspeech12/test/test_sylhet_0737.wav,অগ্নিশাক ষিলাইরাইখ্যা আপনারা হইটা ইটাগনিশানাাতা তোর যেগ্ঞা সময় বিয়া বাগে রাত্রে া চগজ বলতে পূজা না না ত ইটা মানে পূজা না ইটা ভাবো না নিয়া আমার ন জেগ্গুই নিশা রিজারে মনো বা িয়া া না র তুমার বইলাম
/kaggle/input/regspeech12/test/test_kishoreganj_0068.wav,দেন তোর দোহান খুইল্না ইলো ফরে যাতমা অন ত ত না খুনসি মামার দুইডা ছাও ফাইছে ছু কে বাতার লিইক্কাছ বাতা লিয়া ছা ফাইছ হ  আচ্ছে
/kaggle/input/regspeech12/test/test_sylhet_0346.wav,ও বিসিএসএর মানিয়োগের আগ ফর্যন্ত আর তারে দশ মাস যখন তখন বাইগ বিক্কা দিছি দিয়া বিসিএস অইলো কসি ওইলো ওইয়া
/kaggle/input/regspeech12/test/test_sylhet_0162.wav,গ দাতা গাছ গরতো বড়তো দাতা াতাএখবার দিন তে রাকা হেল্ফ স্রাইডসর হিসাব কুনাে ে হামলি এফতাইয়া খ সবাইর ভাসটে অইলা মাই প্রিবুর এরা কিতা ফাইতা নালা অপেনাস াইলা ছোখের মতো আছে না  যেরকম দুর্গো ফুললি তাকো নগরনবীজাঞ্জে আরো বয়দেওয়া খবায়া
/kaggle/input/regspeech12/test/test_kishoreganj_0189.wav,গিরিন অতো সম্যা থাকা ইস্কুলের গলো তনি না একগুত ত নি ব্লো ত  মাে তো ফরে বাাে বাটি ম মম ফড়াতে ফাছে ন অতনি ব দনিল হ
/kaggle/input/regspeech12/test/test_sylhet_0540.wav,সাইমজা সারাদিন ওওয়াগ লাগে খালি আফসোস কুনু সময় তো আমরা এলা প্রিকনিক মিস দেই না আরেখটা তাখে না আলাদা এখটা ম গেসলডারকি  সবরো ফরে লাস্টে তিনটা সময় খানি আব্বা নিছোইনগি সখালে বর
/kaggle/input/regspeech12/test/test_narail_0108.wav,খলা তার সংবাদ আর আছে শুধু ফযারটিসুটা টারখনো কোনো পরিবর্তন হয় নি ছেরটিসুটা ওটা দেখি এবার যে আবার দেখাতি হবে কী হয় না অয়
/kaggle/input/regspeech12/test/test_kishoreganj_0058.wav,এএইে এইল্লা জিগা এইলান জীবন উইটডা উইট্ডা উইতো কিছা দিবানি নিতো কা হে কে জক্কা টান্রা তাা হে কে রক্ষাযা কা ফকা া বলে   া টাননা হেই বেডা দেইগা
/kaggle/input/regspeech12/test/test_kishoreganj_0080.wav,দুইদুইটি না দাই্টা  বেছে না খায়ালা এরা তো খায়ালা দাডা ফাফাতিস খায়লা বেচুস না  বেছেলা
/kaggle/input/regspeech12/test/test_rangpur_0064.wav,আসে আততোর বিয়ে কাততে হয়ে হও তার বিয়ে করছে ছাওয়া হইচে মস পিয়া করছে ফির মোরে হইলে এও থা মোরে জাগাতো গইনের বিয়ায় নাই তার কন তয়ে া  ওই যে এমার বাইজ্জা আছে হ
/kaggle/input/regspeech12/test/test_sylhet_0497.wav,খইন বাবা ইটা কিভাবে আসলো তুমি একটু টাঞচবাত রুমে যাইয়া তুমি এইটি চাপ দিছো তুমি কুনু ব্েতা লাগে নিয়া ইলে শেইলি এখবারে ভিডিয়া উডিয়া আইচ্ছা ইয়া বাার বারোমাতা জিবু কিলা আইছে অখন কি লইয়া ইযা আমি তো জানি না আমি খইছি তাইন আমারে এখটু ডড়িয়াও খইছনা আর ইনু আমার টার্স খরিয়া একটু লাগছে লাগার খারনে মানি ওউ মনে খর যে তারা টানছে ন এখটু ডিল্লা ওইছে আর ওলান যানে বইছে উঠিয়া আরওগু চাফতাতে ফারিগেতা সম্ভবত শিলা মানে কছিআসিট ছুটি আগেআল্লা রহমুত আাআল্লা রমুবা খানদা মনি অপারেশন ডরাইয়া খান্দা
/kaggle/input/regspeech12/test/test_sylhet_0188.wav,তমার বড়ো ফ্যামিলি অনো আব্বা আম্মার আমরা আত ভাই আমি সখো নয়জন আমি যখন ও ক্লাস ওয়ানো খরি খনো আমার বড়ো বাইর বিয়া অইছি তারফর তিকি বড় ভাই বড় ভাবি
/kaggle/input/regspeech12/test/test_rangpur_0025.wav,প্রায় গরুভাবে সবাই গেছে ক পা দরহ আর হামাক তো নাডাকাইলে হামার যাইয়েই নে সাথে তাও যায় হামার বউ আগে যে এই বাড়ির মানুষ এই যে লীলিপুর ঘরোক পুচ করিস সর্বপ্রথম ফতে খানু এই যে তোমার নানি নবু তমার নানার খাছি
/kaggle/input/regspeech12/test/test_sylhet_0612.wav,বাচিনাওআব্বা তান আরনিলা আছেন গফফ ুনছা মানে ফেগছে আই নানি ওই যে সাকিবের ওদ্দো আর জানরাও বাদে
/kaggle/input/regspeech12/test/test_habiganj_0051.wav,আমরার ধর্মীয় বইটোই আরতে ইতা করি এরপরে পার্থনযত্য না খরি গান ওন গাই গাইয়া তে
/kaggle/input/regspeech12/test/test_sylhet_0648.wav,ন দেহো চটপটাইয়া খরে গাড় দ িলি মতো নিসটি কুথা মু কখা কাও পাখি গাখি নীল তোহি জ্বলে গাখি মি তোহি জ্বলে গাছি আমা ডিসির মতো উনে মুনি দিস টি কুথাও বাছে দুইল কুই কুটুমে পাখি বউরেবা
/kaggle/input/regspeech12/test/test_comilla_0011.wav,হয়তো এই দুলনার কাছ থেইক্কা ওদের রিয়ারসাল রমে দূরুত্ব ওয় তো তিন চার মিনিট হবে ওখানে যাওয়ার পর স্াআর যখন বলছে যে রিয়ারসাল হবে না তো তখন আবার ফিরা আবার দুল্নার কাছে আসছে আইসা দেখে যে ওর বান্ধবী ওজনু চাইবা সে দুলনার মধ্যে একদম অদ্ভূতভাবে বইসা রাখবে মানে একদম
/kaggle/input/regspeech12/test/test_sylhet_0107.wav,তো াতসাত জার টেখা দিতো সাত হাজার ক্কারালি একটু ফুছলো নাই মাইলকে খইছি আমরা ফুছলো খরো না ফুটে দেওয় দি ফারা আমরা খইলাম সাত আজার টেখা দিলাও আফনার লাইগিও আমারও খুশছে কিতার লাগা া টেখা আরাজা কফো যেটে খানি টেখা আমার দরা শেষওই দাখ
/kaggle/input/regspeech12/test/test_tangail_0069.wav,তহন মানে জানে তহন ওইজায় হাসপাতালে আরাআরা দুইজন দুইজনযে পছন্দ করতো মানে কিন্তু বরুন্দাা নতন সিরিয়াসে ছিলো না আর মেয়েডাও মানে যে নায়কা কেউমানে দুইজনেই কেউ কাউরে বলে নাই বরুনদাওন সিরিয়াস টিলো না মেয়েডাওয়াও
/kaggle/input/regspeech12/test/test_tangail_0063.wav,আর বরুন দা রা বানি ইতা দুইজনই অইছে হোটেল ম্যানেজমেন্ট আর ট্যুরিজমের মানে স্টুডেন্ট মানে অরাহোটেলে এহন আর জব খরে সম্ভবত মুম্বাইর কোনু একটা ফাইব্টার হোটেলই ম্যানেজমেন্টের কাজ খরে মানে কহনো
/kaggle/input/regspeech12/test/test_sylhet_0761.wav,মলাগমু মা আমি অলো মু ড বইন জা জেটার গরো বইন নানি বইন গরো বনু বইন যী বলতে তাম কিতাা দাদুর লাখালা লাগবো তোমার খালা মনা সেনি নানি যে বিদে খয়া অবেন আমার তাই খাললা
/kaggle/input/regspeech12/test/test_sylhet_0402.wav,খুব বেশি  ছাইর বৎসরে ছাইরজন মানে ঠিকটাকতটুরা থাখে ওইবার সম তা মারা যায় ও সমস্যা এখন আর তো ডাক্তারি দেখাইয়া জাগা জাগায় ওবা ইতা খইয়ালাম নে সখালে ইটা বিমান দিয়া ডাখাত আবার বিকালে আইতাম ওউরখম ছলা ফিরা খরতি এরগোরে বাচ্চা খিলাইতাম ছি
/kaggle/input/regspeech12/test/test_kishoreganj_0091.wav,কনা  লুডি কা খাল রুডি কালুডিকো রুডি কা হুম  ত কুনগা আছে না ভালা ভালা কুনডাও আছি ঠ
/kaggle/input/regspeech12/test/test_sandwip_0094.wav,বেগমরে তর কাই্লাই না া ইত্কারবান্না কিউ মা ছালুঠিকেদে দিকায় বলা য়া খুঁজি বাদ দিবাি
/kaggle/input/regspeech12/test/test_sylhet_0436.wav,আমি খইতে ফারি না বড় বুলডে তো আরলে আমারে বুঝিইয়া দিতা যে ওউ বুলটা তুমি খররায় আবার আমার যে আমি বুল কিতা খরা আমি বুঝতাম তািা আমি নিজের মুখে ইকু স্বীকারো ইরা মনে খয় আমি কুনু জোল ফড়রা বাল্লা গিছি সম্ভব ওতা ওরখম ফরেরলেমাগওয়া খয়া যায় না এখন
/kaggle/input/regspeech12/test/test_narail_0134.wav,তুমরা দুইজন গইলো ইন্ডিয়া তে বা ইন্ডিয়া যে একটু সংসার কচছে নাততা  দুইডায় বুনি বলিছিস না তুই যেরকম বাড়ি থুইয়া মারে থুইয়াকোনো জাগায় যাতি পারবি নাই
/kaggle/input/regspeech12/test/test_narail_0094.wav,আমি যদি মনে করচাম তাল তোর সাথে কথা বলতাম তা বদমাইসিফানা কথা কচ্ছে আমি কিন্তু এরমই কথা কি মানে যদি রম ইকিফজলমিরছে তু তুমি জানো ভালো করে একসময় তোর সাথে আমার যে পরিমানে কথা হয় সে তা কান তার সাথে দর
/kaggle/input/regspeech12/test/test_narsingdi_0055.wav,আ্ডাফ নিয়ও কইছে যারশেসজাগা ক তুই দো মশারে ইমুনভাবে মারো যীমুন ইয়া স্পোর্টস এক্কারে মানে অয় না তুমি ফেলা দুলা য় মিস
/kaggle/input/regspeech12/test/test_sylhet_0425.wav,ওরখম আছে ফড়ে যাক লরমা তাকিমেডামের এখজন তারা খরিছিলো া বইন তারা ওখন তাকি ডাক্তার ম্যানেজ ফফন তাইন আবার ডাখাত ইয়া বইন মাঝে মাজে আই বাংলাদেশো আইয় ফরে তাইন ফইছোইন আইচ্ছা আমার খাছে লই গিয়া ওইয়ো ফরে আমার লগে ম্েডামে মারছোন খরনা মাটছোইন ভিডিও পল দিয়া খি এক্সল মাচছান
/kaggle/input/regspeech12/test/test_chittagong_0111.wav,মেসএসসি বানসোন্ন গরি দি তা আঁকির গি আঁরফরে খই দি আঁই হোদা আখো আগনি খচ্ছে আইডি ইতের গিয়া ডিরেন্ট নাইুম নাইয়ুর আইডি ব দি আইয়ে আন ফ্রেন্ড গরি দল্নু ইতে ব্লক মারি দিইন ন হই আতাআতারেখিরগি মেসেজ কোসে তো ডিজাক্ট করন বাশেস গি
/kaggle/input/regspeech12/test/test_narail_0084.wav,বুঝিনি কচছি কি বাসায় সেনে মানে দলর বুড়াইছেনে যা বানি আর সেদে একসমায় একটু গুত্তি অংকশ ফারে অংকশ কলাম না ওর বাবার কাছে রাইছি
/kaggle/input/regspeech12/test/test_sylhet_0021.wav,প্রাইমারিত পুজাটা খরছায় বযলকাছে নিছে মা প্রতিমার খাছেন তারফরে ফ্রতম দিন পূজাটা অয় সবতমে পূজা সবতমে পুজা একদিন সবাই আমরার যেততিন তিন দিন পুজা সবদিন আবে নাখে মার খাছে গিয়া অঞ্জলী প্রধানপূজা টা কুরা খরবে
/kaggle/input/regspeech12/test/test_tangail_0028.wav,তুমি আমার সোলমেট ডেস্টনিট তুমি আমার মানে তুমি আমার ভাইগ্যাই লেখাছিলাম তারফরে ইরখম ওয় পরে আবার জোনাথান আর সাড়া দুইজন দুইটা ভিন্ন লিফটি উঠা বলে যে আমরা যদি একইপ্রে আবার এপরেস খরি আমরা যদি আবার একোই প্লোরে আসি
/kaggle/input/regspeech12/test/test_chittagong_0091.wav,না দাই নই আরও তো নো আইয়ি কেউরে নো আইয়ি আঁরা কলেজের মেয়ে কক কলর নআ কিলকুম মনে জান্নে ভা টেনশন অ না
/kaggle/input/regspeech12/test/test_kishoreganj_0147.wav,যেকলে অইছে সবুদ আর চাকরি অইছে হলুদ দা শুনানি করা এই ই কছে বাংলিশের ইযা বাঙ্গী সবুজ রঙ্গের বাঙ্গীর সবুজনগের দিবিশনি সবউজগে বাকরি সু দাঙে বাঙ্গি সবুজ রঙের ভাঙ্কি সবু জাদুর বাঙ্ দ রঙের বাঙ্গি সবু জঙের বাঙগি সব দ দশ সব দ দুইশো সতজর  কি করা ন হন বাইলযে সব জন্কে কি করানয়
/kaggle/input/regspeech12/test/test_habiganj_0064.wav,আরও খম দামি ইতার লইয়া মা মারি একটু ভক্সে খয় তো র অতো বড় সাহস অইয়া গেছেগা তু আমরার না খইয়া ওই যাতগা মার্কেডও বান্দবইারার সাতে গিয়া সিরা খাপড় পননি দে নি যে কিননাম নাইন না লাছ আমি তো যে গাছ লাগানি বই  ওই কিনা গাছ কিনা ওইগুলার লাইগা অনেক ঘহা খাইছি বই ফুল গাছ লাগাইনরলাইগগা বাড়িত ও যে অতো গখাম খাইছি খালি খইতো ইতা খের লাইগা আজাইরা গাছ লাগাছ ইতা ইখানো লাগাছ করে ইখানে রাগাছ খরা ইটা লাগাইন লাগতো না ইটা লাগাইন লাগতো না  ইটা কেডে কি নানছছ
/kaggle/input/regspeech12/test/test_barishal_0072.wav,ধর্অর কানে হিনদে ডুকো হইনতে বাই কইরা দিবি নটালাউট তুমায়েরে খাওয়াইতে ইরম যদি হয় তায় তো ভালো হইয়া ই আমনে মাা কলা তে সাদতাপায়টা খইলাম দে খান আমি মনে করেন মানুষ এরম হইতে পারি সাদা কাগজে লেখিতদিম ওয়এর একটা কথা যদি কও ঘুরোই ফালাইতেহারে যে নাওর ই এট্টা কতামিথ্ছা
/kaggle/input/regspeech12/test/test_tangail_0058.wav,বোলার টাইম নিয়া নায় না আরকি এরকম অথচ আপনি আপনার সারাডা জীবন মানে তার সাথে খুবই রাখছেনি কিন্তু সে বিদায় সময় সে একটা গুডবায়ও আরকি বললো না এরকম আই সাপোজ ইনদাযা হোল অফ লাইফ বিকামস আনক্ট অপল্যাটিংগো
/kaggle/input/regspeech12/test/test_kishoreganj_0094.wav,মসজিদ কিআআমরা যয়া বইয়া থাহে বাকে বইা থাহে মেডা মানছে না হুম হ্যাঁ নামাজডা ফরে এই চালাম আলিরা হ্যা নামাজ ফরি মসজিদ ও তো আমাযেগা কযে মসজিদ কুলাতায় না
/kaggle/input/regspeech12/test/test_barishal_0090.wav,তার বান্দের অবাব নাই খই ভগব্যটের আওইে অবার তোানি খাবি নে বানাইতলাম হ আরাকজন পা
/kaggle/input/regspeech12/test/test_kishoreganj_0093.wav,হের লগে তুমি ন থাকছস না ন ম্ছরি ফাছাক ক ফাছু তো না  তার ফরছছ না ন নছুরছি মাগে মাজে হে হে গুলা ফাছছ না না কেরে এমনি মসজিদও ফছো  মাঝে মাঝে মসজিদও ফতছ
/kaggle/input/regspeech12/test/test_habiganj_0043.wav,বেশিরভাগওই বালা লাগে কিন্তু এর মাইঝেও আরতে এখটা দুইডা বাল্লাগে না বাল্লাগে বেশিরভাগ ওই কিন্তু ওই যে মুবাইল লইয়া যে বইয়া থাখে ইতার লইয়া যে বখেওখে ইতা ইদান উনলে ওই খালি মনো ওয় যে না বালা না
/kaggle/input/regspeech12/test/test_sylhet_0431.wav,মানে একুশ দিন না োচ্ছা দি ওছাদুলিন ফরে আইল তুলি যাইতা আমার ছেট খাটিয়া দিলা ইতা খইছোইন যে তিন মাস ফর আরেখটা অপারসি ফরে ঠিককঅইবু মানে এখ উপারেশনা ঠিক অন আরেএখটা অপারেশন সাড়ে তিন লাখ
/kaggle/input/regspeech12/test/test_tangail_0075.wav,শিউলিত যা হওয়ার তাতো ওইছেই আমরা আশা করি অসুস্থ হইয়া পড়বো এরকম পরে বরুন দাওয়ান যহন আা মানে আইসা পড়বো ওইসময় আবার অক্টো করছিলো ও শিউলি ফুল নিয়া
/kaggle/input/regspeech12/test/test_chittagong_0077.wav,ইয়্যান ন হই হ্যা বিকারের মধ্যে আঁই ফরততে আইতুছ না আঁই তুত না খাইতি ফালায় হ ইয়্যান ফইরজি তরে সাইন্সের আলাদা আরা রাক ছর আলাদা এ সকাল আয় গেলে তর ভরায় কিন্তু  ধ বেসের গয়ার মতো ফম বড়ে
/kaggle/input/regspeech12/test/test_sylhet_0031.wav,অনেখ টাখা উঠে রনাবিনটা সবয় সবাই যদি অন দশ বারো আজার মানুষ আর সবাই দশ টাখা খইর দশ টাখা নিছে তাখও দিতো না আরো বেশি দিমো সেই পঞ্চাশ টাখা দেয় খে একশো টাখা দেয় যার যমনের উফ্রে নির্ভরফে দিলো দয়া নিলো ত নওমী ফূজা শুরু ওইলো নমমি পূজা
/kaggle/input/regspeech12/test/test_sylhet_0734.wav,ফাশবারদিন আবার অয় আফনারা সাততা ুম ইিদিন জামাই ব দেরা জামাই আছে জামাইব দুইজনের মিলা সাততাখ হ আর রাত্রে তো এখলা গহুজা বেরও একটা গিউ খাততা না রাত্রে ওত্তো দেলাম জামাইব দওজনে দা ন আতরে দরিয়া নানি আর নো খালি খারাপ বাছে  বাছাত
/kaggle/input/regspeech12/test/test_sylhet_0345.wav,তখন অইলো গিয়া ভাইবা বিলাই সিডিসিএসে ভাইবা দিয়া আমি কুনদিন রেজাল্ট আইবো আর কুনদিনি ইকটা গ্যাজেট অইবো কুনুদিন নিউজ ফাইমু ও ফার্কে গিয়া আরোখটা ছাকরির লাগিা এপ্লাই খরছিলাম ইছ বাংলাদেশ তখন ইকটা ফার্স্ট ক্লাসতো ঠিক আছি এগারো বাজার সকেলে ওউ চাকরি করছি
/kaggle/input/regspeech12/test/test_narail_0122.wav,পরে ওরে খুলনায় নিয়া এডমিশন করেয় দেও তোমারে কালিয়ার ইস্কুলে ওরে পড়াতে অবে না সেটা বললো আচ্ছা ঠিকআছে সাইন্সরা জানি সংকুষ্ট হয়া তো ভালোবাস সাইন্সের কানো সব চার যা ওডা খুব ভালোবাসা ত বঝতি নিস া ছয় মাসের ভিতরেই এক মাস ক্লাস করিছে এক মাস ক্রাইভেট করিছে ছয় মাসের ভিতরে
/kaggle/input/regspeech12/test/test_narail_0023.wav,শিলা ওই ওই আইছে গেছে খাইছো নিয়ছে সেইডের সাথে এই আগে কোনোদিন পরিচয়ওই দেহিনি ওই ছোটডাক তার শেষকালে তো ওই যে এইডের সাথে সেইডের সাথে ছুইটে যায় খাতের ভাইঙ্গা এইডের সাথে খাতার অয় ওই ছোটডাসত ও ছোটদিকি কনদেন তোর ছোট মা দাদু ছোটো মামা
/kaggle/input/regspeech12/test/test_sylhet_0657.wav,ওমার কো দিন যায় তো তায়ার বাগলে সাফরে খুটা পেনশন বাটা বাই এই টা খরি আরকিও পোলা খাটা ছড়ায় এই সেইয়যা না তিনো টা যগে দরবার খরি খাইজ্জা খরিকন শাসন খ  উটি া নাছিনেরর লগে দ্যবহার খরি খাইজ্জা খরি মাইর বি শাসন ফরি
/kaggle/input/regspeech12/test/test_sylhet_0723.wav,মনে তো তো তোমরা জেলা ছিনি বানমামিশ্টিষটা াা গাফাইর গের মামা  বেশি টিউস কিও যা ননাগওউ গে ছাখা ওউ শাখা ওসিংবুর ওব্বু ফরে ইিয়া গরবা ও তোমার ওই গেলো বে  ঠিক টাখা ওইগা তলয়া
/kaggle/input/regspeech12/test/test_noakhali_0008.wav,স ফরে এক ারসে কী ম ত কিয়া অইলে দা হুমা বর ছে টিকতি ঘটনা হাল্কায় তাইন তো নো আবার কাইলকে আইনতো নো আর এগিন কাইলেও বেশ ভোনা য় তোতু আইজ্জা এককদিন কিয়আর বেস ক কনি হরা লে আমে দুইদিন হরো নে কিনদিন হরো নে ফুটনায়
/kaggle/input/regspeech12/test/test_rangpur_0129.wav,ক লিংকু কেমন আছিস আলহামদুলিল্লাহ ভালো  কী অবস্থা ই তো আছো মুই একরকম আরকিেসবসাতে কিছুক্ষণ গল্পগুজতব করিম মোবাইলোত একনা রেকর্ডও করিম তো তাতা কোনও সমস্যা হইবে তো না সমস্যার কী আছে তুমি বন্ধু মানুষ
/kaggle/input/regspeech12/test/test_habiganj_0006.wav,আন আরেটা গেছেহ ব্যাডাএকদিনে তিনজন গেছে হআটবো ব্যাডা ওই বাজারো যারা দি দাইরা বেডা ফনে
/kaggle/input/regspeech12/test/test_sylhet_0586.wav,যে ফড়লে তো টেস্টো ফাশ খরবাইছে ফরে খয়দিন উজজো স্যারে ফিজ গরা অখন উজ্জো স্যারে ফড়াইজগ তারফরে ও টেস্টোর ফরে তেকি রর খ হললানা আমরা তো ব্বুজি খরছি না আমরা এখদিন বাড়িছি না বেটার সামনে আমরা তো দেখতেই ফারি না
/kaggle/input/regspeech12/test/test_chittagong_0084.wav,বেশির ভাগ আছে না আরদিন  ইয়া গাল ফে অইতে জে আনস না তু কিলাই মেসেস লুত খজনা না ইস্তা খই খই তো আরারদিনখালকে আন চলের
/kaggle/input/regspeech12/test/test_chittagong_0096.wav,তিউ খততমতেসিদে তি উত্ন তো টিটাং কলেজ হইরজি এইচএস সিটাঙ্ কলেজস অই ইতালা সেকেন্ড মিনিটে সেকেন্ড মিনিটের মদ্দি চলাআইছি এহন আঁরা কি জুম দে আইতে টেনশনঅ থাখছি
/kaggle/input/regspeech12/test/test_barishal_0093.wav,না মোর এট্টা হিসেব কিকনা র খাজা ম অনেক কিছু হেডুক খা বত  ক কানকি ওই গাছের কাজ জ গ থেকতে বাইরই ওনে আমি কাইদু করার চিন্তা আছি হেরা কেনাগাছে কাম কাা এই জগততে কতে বাইরিয়া অন্য কিছু করার চিল   হ কত যি সম করে নিছা কিছু যোগ আইততো লেহে যা এ গ্াজ কেনছি এহন ধরেন বেইচ্ছে কিছুসি বাইডা দোবর আডায় আছে লাপ ওই লাভেট
/kaggle/input/regspeech12/test/test_barishal_0079.wav,ভালা হ দি কী গই আবি দাডয় আকি বাকি ভাইলা কতে বা এই আাকরি বাকরি কি কি চায় দো মোবাইলডা গরম ফিরে আরার ওছে আমি গরম কইরা হালাই
/kaggle/input/regspeech12/test/test_habiganj_0036.wav,সেবেনো মনোয় ফড়ি আমি খইমা আমি আতকে রানমু এরফরে আমি ইতা জানি রানআমি ো রানছিলাম ডিম বাজি খরছিলাম আর শুটকি দরখারি রানছিলাম
/kaggle/input/regspeech12/test/test_kishoreganj_0070.wav,আমি তা আনদেগা  আমিন তো লাগবো কিছু আাইনেনতে  বিচ্ছা লাগাবা আমি নিলেিন টেহা লাগবো াদ টেয়া লাগবো  আমারে তো বালা ফাই না আইম্নে বৃষ্টি হবে আমারে যে টেহা নিবাই পোেমা
/kaggle/input/regspeech12/test/test_narail_0130.wav,আমি অনেক কিউড না আমারে মিস করে সবার এইগুঝো না কান্তারে বলিছিস সেসম আরবারে বলতিছে না এই ছোরছে কলি তো অশান্তি হাচছেনে ওইটা মাক করি নাই ওই তো কি
/kaggle/input/regspeech12/test/test_tangail_0030.wav,জোনাথাননের ওই লিফটে প্েস খরা ঠিকই ছিলো কিন্তু আবার দেহা গেছে যে হঠাৎ অন্য লোক আইসে প্রেস কইরা মানে একটু এলোমেলো যে তাইনর আরকি এদিকে আবার জোনাথানের আবার আরেক জনের সাতে ইংগেজমেন্ট ছিলো আর
/kaggle/input/regspeech12/test/test_barishal_0040.wav,এহন মুই পড়ছি একলা লোক বিশ্রে কোনো আনে লোক পাই না গাছের কামের লোক কিন্তু এবেলবেলে একজন দুইজন পরাওন যায় না জ্বালা আছিল হ পাঁচজন সরজনে কাম করে দুইজন মুই পাম খই সবাই বঝছেন এর এটটা সমস্যাই কামের এহন আমি তো ভায়রা কামে গেলে এইতো হাসান ভাই হেদ নগো আমার অনেক রিকুয়েস্ট করছে ভাই মোরা একটা সপ্তাহ কাম কইরে দে তুই হাজিরে যায় লকদি
/kaggle/input/regspeech12/test/test_sylhet_0594.wav,কিতা অইছি মানে তাই কিতা জেনি হঠাৎ ওরাত এমনেমনি শান্সলস রইটি তো তারফরে মানে কিতা আত্রিকা ওইছিল রিকবনাইজ খরা যাইতেছিলো নায় এরফরে এতটা সুদা খতট্রায় হাজব্েন্ড আইছে এরফরে আবার শ্বাষড়ি এরারে লইয়া ইম মনে একবারে আইখিন তিন বাড়াইয়া আরছে
/kaggle/input/regspeech12/test/test_narsingdi_0005.wav,খুব ভালো সুপ এহন তো আছে সাকিব আছে কামিম আছে ওয়ানডেতে ইটা ইয়ারি তবে যাইগছ মাশশাফির মতো ক্যাপ্টেন পাওয়া খব কষ্টক হরে
/kaggle/input/regspeech12/test/test_rangpur_0093.wav,আটমের বাড়িত হুম তারপরে জইল দাবার বাড়ি তো খাইসেন জজলের বাড়িত ফাপু কার বাড়িত কেমন খাওয়া দাওয়া খিলেন ভালোয় খেলাইনছে তার বাড়িত কেমন সকালে বাড়িত যে ভালোয় খেলাইছে
/kaggle/input/regspeech12/test/test_sandwip_0006.wav,এই তুই গোসল কততি নাস হিয়া হরে গোস বোসন গোস্তল ন করা টি খাইনবা ন ইয়্যানও ভর্তি অইতোর ফ বাল ছিনিতো লগিন তো লাইবো
/kaggle/input/regspeech12/test/test_kishoreganj_0082.wav,আম সুত্তা দাম াকে বেড়াই তো
/kaggle/input/regspeech12/test/test_sandwip_0096.wav,নকি যাছা আরে একটা রাইমাট্টা লইয়া ইছে কাছিলো দাইগা মাইন্ডা চিটাং ভিয়া যেয় লাগা বিয়া  হা মানস হই যেগই মাইনষে কট কান ক লইযাব না মি হন তো া দা সত্তদিন একবারে একবাচা হিয়ানে দূরে ফুডে দূরো পিসমর দালা আছে কাছে কি ছা আনত তরে যে হসেবেগা আট দেবা যাইল যায় জাহিনি
/kaggle/input/regspeech12/test/test_sylhet_0334.wav,ইটাও তুমার বড় থাকলি তুমি টার্গেট বড় রখো টার্গেট জীবনের ছুট করবায় না আর যত ফাইনানশিয়াল হেল্প লাগে ই ব্যাফারে আর কিছলে ছাইও না আমি আছি তো ওখান ও আমি আছি আমার কিছুনকজন আছে ইটা হচ্ছে আমার সবচেয়ে বড় সাহস
/kaggle/input/regspeech12/test/test_tangail_0079.wav,ফরে বাসা স্থানান্তর করা হয় তরুন ধাওয়ান এদিকে তার ফিউচার ট্যারিয়ার নিয়া ব্যস্ত অইয়া পরে সে এখন আগের থিকে অনেক বেশি সিরিয়াস হইয়া গেছে তারপরে হঠাৎ ক সময় ফোন আসে যে
/kaggle/input/regspeech12/test/test_sylhet_0105.wav,যম গরো কিতা খাম খরবা এখফান কাপর দুমি ছমু গুছো খরমু গুছোরা আশরইন যফাদে যাইমু বাসাত একশো টে টেহা তায় ইইডা নমু গিয়া তালত খামটেও গিছলাম তউ তো বেটুর বাসাত যাইয় কিতার লাগি দরো একশো টেখা ফঞ্চাশ টেহা যাইয়া আার ফান ঘর টেহা টাআমার উঠো
/kaggle/input/regspeech12/test/test_sylhet_0305.wav,খও তোমরা বিয়া খরতাম নি না তোমরা খইলে ওকে তখন তারা খইলে আইচ্ছা ঠিক আছে বেটিা ফড়ছে বার্সিটিতে কিয়া বেটি ছাকরি খরতে যাইলে তো ফড়ানি লাগবো ো আমরা টেখা উতা দিলেও ছলবো আমরার বরান্দা বন্তা লাগতো নায় তমরা তোমরা টেখা উকা দিলেও ছলবো সমস্যা লাই থাখুক বেটি সিলে
/kaggle/input/regspeech12/test/test_chittagong_0144.wav,হযালো জি উুনি ভাই তুর তুরে ওকগ ব দয়ি হর দকি  ানি কিছু ন ন হ্যালো হ্যালো
/kaggle/input/regspeech12/test/test_sandwip_0064.wav,লুইছে হিয়ারা আগের দিন হুমহ্যা আইচ্া যার খাওয়া কইছি ফয় আমনা লেগা থুইবা দরজা থাগায় থুইবে ঠিক আছেকি
/kaggle/input/regspeech12/test/test_sylhet_0704.wav,ফরা লেখা খরছোইন নি আফনে  য়না শান্না ইান খয় বছর দরি আছোন কিন্তু তো ওই যায়ান উনে দখন ব দিকেই আছে মানে আফনের জন্ম জন্ম তাকি নাজন্ম তহু লা এমসি ছাখরে খরোই সখালে তারি ফাইয়া তারার বড়বালাইখা সরেককা বানাইয়া সবা াযেরা ননো তিনজনে গর ছেবনজিা খইছোন এরা জন্মর
/kaggle/input/regspeech12/test/test_kishoreganj_0075.wav,তে আমি মে তা মি মি লাবার ফাইনি ডাা   গাছ যাইলে এমগ তুমু কাতে না ফ্যান কইল্লা ফেন কইলা তোর মেহেদেও থাহো মেহডা তমেহেডডা তুলবেনে মেডডা তুলবেনে মু
/kaggle/input/regspeech12/test/test_sylhet_0485.wav,বছাইন ল খছন লইয়া আইয়াহুব্দিন আালসোেব্বত মরিলইয়া যেদিন যেখছোন ওউ ধীমু আমারে ওঠি খর গিছে যেদিন মানে ইনয়া দেখছোইন দেখছোনি আবার তাও বইে খাজটে খাসটে যে মেডামরে দেই দুয় আটু আমার ওরখম শুরু ওইছে মানে বয় আানাই গেছে ডাক্তারও দেখলে আমার যে বইর লাগে আর তো বিউটিরাতু ইতা ইতা দেখছি মেডামর আ তো ছুডি মরিসইতা দেখছোল বাবা লাগে দমখন যান মানে বয়ে
/kaggle/input/regspeech12/test/test_rangpur_0061.wav,হাএটা যানি তো আগে বলে দেছে পব ওর আল্লা এটা সবাই দেখছে সবাই বলে দেখপে এটাও কইছে সবাই চোখে পড়বে আমনে ত সবা আমরা গাও চুরি আসে কছে তাতে দেখি ওটে মোসের মানোক এগলে কিছু কওয়া যাবে না যার কারণ
/kaggle/input/regspeech12/test/test_sandwip_0033.wav,খাওইন্না কে সাকষ্ট বেক অইছে আদা মারগা খাউইন না তাইলে অনকা হেসময় আগো এরকুম কত্তো আছমাফাউইনা গিয়া একদিন আল্লা গছিরি আঁইই ফোন করছি হ ইয়ো খাও দিছে বড় অকি মাছ আইনছেগ অইলেও লটকা মাছ আইনছে আবার এইছা মাস এত  কুটটা কষ্ট অ না আছমা ফাকাক টিকছি  এ
/kaggle/input/regspeech12/test/test_sandwip_0105.wav,কফইবো আছমামরাছে হরলাখাত বেশি ভালা মানুষ হেতে কলাস ইস্কুলের ফা গালেন্ কী ছেলে তো হেতে এরগু মাইনষের যে হাত ভালা মাইনসে এবো ইয়ের চাইতার পরিমানে বেশি ভাগে
/kaggle/input/regspeech12/test/test_sylhet_0002.wav,এক কতা ও একটা ফালচোইন মানে  খইন্নানিগাবাযেমানে বাচ্চা যে অয় খালি নষ্ট ওইতোন ইয়া নষ্ট ওইতো তেবু ওইগরি ফালছোইন তারফরে মন লজ তো বুগতো যেসময় দুদ আছিল তেইর ফরছোইন ডুক সেইল খরতা
/kaggle/input/regspeech12/test/test_kishoreganj_0127.wav,এইলে আমরারে ই কুরা না িদা কয়লা যেফুরা আর অহন বত্তমানে এয়া কেরা যাগা গাছ পুয়াদেলা ফরেতো সরকারে ইয়া দেয় টেল দটা মানতা মারলা সর্কারে টিএকশ আজার টেহা দিছে ফরে দ আর মোর ইতামগা ব রিচেরা আছি না
/kaggle/input/regspeech12/test/test_sandwip_0076.wav,বড় বড় ট্যাবলেটোর জালো ওষুধ দো খাই্না ডাক্তারে গেছো জনি দাাতে যখন কিটুক্কান দুঃখা আর বিকবিিিদ ইদোক খইরা ডিরাকিরাদুঃখাাই
/kaggle/input/regspeech12/test/test_sylhet_0262.wav,লাস্টের দিকে ওইলো আমার যেনো আমি সময় টান্স পাই আমি যেনু শেষ নাম্বারটা খইয়েও যেনুতো আছ আমারে আল্লায় যেনো নিরাস খরোইন না আমি ওখান খালি আল্লার খাছে ছাইতাম আর ফড়তাম ইরখম একটা অবস্থার মধ্যে দিয়া যেহেতু গেছি বিয়া সাদি প্রেম বালোবাসা ওতা নিয়া ছিন্তা খরার কুনু ফুশ স্রতই আমার আছিল না
/kaggle/input/regspeech12/test/test_narail_0119.wav,ব্বাসা প্লাস অফিস নিয়ার এটটা ইয়া আছে মনে করো তুমি থাইকলে এক্টু রান্না বান্না কইরলে গমের বাড়া গেছে উি এই বেড়া আমি এট্টা বাজা কর আমি কুররা আইলসে তো তোর আর বুন্টির সংসারে অশান্তি তইলে যাবে না তারপরে আু
/kaggle/input/regspeech12/test/test_chittagong_0132.wav,যেই ন ফো আরে কল দিয়া নয়টা বাজা খর দে মাসুদ ভাইয়া গেছে নাকি মাসুদ ভাইয়াল্লে তুই আই যা তো আ খইরদি মাসুদ ভাইয়া তো বতা আসি গেইয়্যি গু হরে তুই তুই মাসুদ বাইল লা আইজের ন ফারে তা একু নয়া মাসুদ ভাইল্লাই দেতাম হরে তু কিল্লা নো আবি আখাদি কিল্লাইু
/kaggle/input/regspeech12/test/test_narsingdi_0038.wav,ফুলবেলা ফুলনা রফোপালাত ফালাইলিহি ফলা মােতা বারতাফিরনো মদাজীবনেই খাইছাছ না হুম এই য়লার লগে মলাও লাগলইলে কিতা য় সামাইয়ের লাগো নারমুলাতোর সেমায়িক জোস
/kaggle/input/regspeech12/test/test_sylhet_0440.wav,চছোননি সবার দোয়ায় বাবা আনছেব জীবনযুখে খইরা যে নিজোর বাসাত লইয় খেনে খাছা খতাও নিজোর বাসাত যাই খারাফ লাগে ওউ যে পড়ার বাসাত থাখরাম ফড়ার বাড়িত তাখলে ফড়ার ফরতেক কতায় অয়ো খয় মানি আমরা আঞ্চলিক ভাষায় এখটা খতা খইরাম মানে গ্রামোর মানুষে যেরখম খয় ইটা তার ফড়ার বাসা তুমি এখটা খারাফ খরতে ফারতায় না তার বাসা
/kaggle/input/regspeech12/test/test_narsingdi_0077.wav,মায় মনে অইছে বেগ ওয়াইন্না দিছে সালামি ঠুমানের লাইজ্ঞা  মার এক্টা মার একটা বয় নারবেই গাছোর নাম মা জাগারে দর বতবান্া িালামমিজা মাইতাম মাইনাখা ডেফারে না আমার ট্যারি ছুডুবেলা তাইক্কা ছিন্তা খরতাম বড় গরে বড় রা খতো সালামি ফায়
/kaggle/input/regspeech12/test/test_sandwip_0082.wav,এগিন দি আছু উইল্লে হনর ইয়ো অয় না  মাইয়ার মাতারে বাইত্তো অনু ঠিকমতে বাইতাএলগে না ইছাইয়া অনকা কিয় স্কুলতেমরকর মদ্যে বড়ছনা ঘুরা গুগাসে
/kaggle/input/regspeech12/test/test_habiganj_0013.wav,এই অবস্যা খরছে দেমআআমি বুজ্জা ফাই নাকেরে লোকরা কিতা ফাইছে এরাকে  ছুডো তাকে  কেউরে খালি এরা লুকরা যায় শীলেতো দেখছে না ক্যরার বাত দেশ বেশি খরা তারা জাআমা খাবে
/kaggle/input/regspeech12/test/test_tangail_0005.wav,মানে বালো দেখা যায় না তাই ওরা দিনতে ছাইছিলো না কিন্তু এডা ফ্রেডিড মানে ফ্রেডিরেড একতু আবার লাগে মানে সে একটু মন খারাপ খরে পরে সে বুঝ্ছে যে নিবো না ও ঘুইরা যায়গা
/kaggle/input/regspeech12/test/test_sylhet_0501.wav,আবার যাইবায় রুজার আগে যাইবাগি রোজার বেডানি বেডাইয়া  রোজা গুলে রোজার আগে এখবার আর ইদো এখবারতে আমি এখবন যইগি আমি আরুজার যাইতো রোজার আগে যাইতাম না আমি আহে ইগা ইনে আমার আরেক বইন যাইতো দুই লাম্বার বইন যাইতো বায় ফাইতা রোজার রোজার আগে আমরা এখবার ফুরিন বিয়া ওয়া দিলে রুজার আগে মনে খরো শোহর আতোর খরে এখবার আনলে নাইয়োরিবরে ফরাইয়া দিলায় যে রোজার আমার সতে খেউ বউ বিনিসে দিতো নায় হুম আমারওদেদি তাই এখ রুজানু যাইতো নায় রুজার তো খউ যাইতো নায় বাক্কবার ত হববো যাইতা ওইবো
/kaggle/input/regspeech12/test/test_sandwip_0083.wav,বির অক্ত লাগে আর ইক্কারে আর ঘুরাজন উগা চুলা আইছেলা টা কিনতা  কিনা তো অনে এনট ফির ছালান বল তো আবার সারা আছে কলাস ত সরিক কারাতে আনছে না পুরো মাইনসের  চুল করবোগা ডই গেছে কারশে ঝালা দিছেজান কৃষমদে ত্যাল তুলেও দেয় না
/kaggle/input/regspeech12/test/test_sandwip_0050.wav,হাজ্জা না আছেনে না আজ্জা না গেছে থিয়া হিয়ার আগের দিন গেছে গুমিশ জামাই একসিডেন্ট গেছোন ই থিয়া জামাইর আবার ওরো মাছে ত হিয়ার জামাই গ্লাশুগা হিবলে টে গিয়ালহচ্ছে আবার গ্ কর ছেনা কিয়া যঅছে হিফুলে ফাডি টেশি
/kaggle/input/regspeech12/test/test_tangail_0087.wav,পরে ইদানিং আমার কেম্নে যদি মন অইলো যে ই ছবিডা দেখি গেই ছবিতা দেহোই নাই করে এই ছবিডা মানে ডাউনপদে দেহা শুরু করলাম দুই আজার সাত সালের ছবি এডা ওইছে দেব দাশের যে ডিরেক্টর আছে পদ্দাওয়াতের যে ডিরেক্টর আছেস
/kaggle/input/regspeech12/test/test_sylhet_0061.wav,কালকের প্রিক্ষিক যেটা অন তাই মজা শেষ ওই ছেলো মজাগলা দিয়াআমরা সুলামগঞ্জ  কুন জাগা ুআছা আর কুনু খানো দায়া ওইছেলি তা লো শিক্সতো তাকছে গিছলাম আর আমি চুরো যাই না ফাস্ট ছো গ্যাছলা একবার খইাছো িলা মনা কিলা লাগছে ইটা একটু শেয়ার খরো এক্সপেরিয়েন্স
/kaggle/input/regspeech12/test/test_kishoreganj_0174.wav,হে যেমো না ইর ফানি গ ইচ্ছা ও না ব  হে ডেরে তো কি লাইল দিম এত লা হেডে ত অলে হেডে ত লাল
/kaggle/input/regspeech12/test/test_narail_0064.wav,যদি এট্টু মানে রাড় বাদায় সব মাই ফই নছে দখল রাখতো না তেো না য়ে রাখবু কয়া তা গেতে আসটা একটা দরিল বাত খো  তলিলছেলো কিমজন কইরা রাহি নাকি লনি বাান  ললা াাআ টিরম িযে খতু দর ওয়তারা
/kaggle/input/regspeech12/test/test_habiganj_0098.wav,আবারে কেউ লিয়া যায় না সিলেটের সাদা পাতর সুন্দর টারপার্ট জাপলং পাপর আরও অনেক জায়গা আছে সিলেটের তু বালা পিকনিক অনেক সুন্দর নাই জায়গা ঘুরা যাইবো
/kaggle/input/regspeech12/test/test_narail_0035.wav,জাকরি ফালি এহন আছে তাফর ওইয খ  বেদতি ফারি নাই বঝতি পারবে না কোনো বযতানো গাই না ও জাগা তো দলির লগে নাই জলিলি  দলিল নাই সসমেসযা  রইছে না সেইভাবে করি আমি ত ওই জাগাটু পুরা বেরতি ফারতি না হয়তো আমি কুনলা ইতে
/kaggle/input/regspeech12/test/test_barishal_0019.wav,মানে ওনো মানে ক্যাডা না নাতোমরে বোলাখাদা ত খাটা কা এ্টুর টাইম িননাসময় তিন মাসকি তিনডা আইন্না খাওয়া বায় একটা এট ক্যাপিডা ক তিনরা যাইবে একুশ দিন তিনডা কর একটা খাওয়া য়া খায়া াইছে সকাল দশ ডা যা সকাল আটটায় খাওয়া বা হ আর এইল মনে
/kaggle/input/regspeech12/test/test_comilla_0026.wav,এই গিফটা অয় অনেক যত্ন কইরা রাখছে দেওয়ালে ঝুলা রাখছে বর বাদ দেতে এই গিফটা দিছিলো ইননু সাইবা এপরে দেলি তদন্ত হয়নি যে ঘটনা কি ি খল রছ আসলে কীএডা তো উপজেলার ও উপজেলার আমদারএই
/kaggle/input/regspeech12/test/test_sylhet_0053.wav,করছি আর বাবা আমা খইলা না ইতো নিয়া যাইতছা আমা মা ভাই তোমার মা মারা বেছুইন আমি ক্লাস ওয়ানও তো আমি ক্লাস অন ততাই থুন মাসস তুমি সবচেয়ে বড় বইনা আমার বড়ো বইন আরজন আছে আমার গড়ো  খই মরা সবোর বড় ভাই এরফরে বইনের ফরে আমি
/kaggle/input/regspeech12/test/test_tangail_0059.wav,বাট হোয়ার্ট হার্টস মোস্ট ইজ নট টেকিং এ মুমেন্ট টু সেকুড বায় আচ্ছা এরপরের ছবিটা হচ্ছে বলিউডের তার অইছে অক্টোবর এই ছবি দিলিদ দুই হাজার আঠারো সালে আর আইএম ডিভরিটিং সেভেন পয়েন্ট ফাইভ
/kaggle/input/regspeech12/test/test_kishoreganj_0125.wav,সাদাান নগ্বই ঠিক আছে লক্ষল তাতে ্ষ কঠিন লগ গেছছ আর কঠিন লগ দিছিই আন্তাজি এইযে তুমি তো তুমি  বইয়ে ফততা অইছ ন লক্ষলতা
/kaggle/input/regspeech12/test/test_tangail_0120.wav,পেষটা নাডা না না না বিদ্যু কিন্তু তো একটা পাউডেশ ফাউনডেশ চক পেইজ ওইখান থেকা হইতাছে সবাই খলা হেল সাহায্য করা হয় তো আমার কাছে আসলে ব্যাপারটা ল িগো কিন্তু কথা অইতাছে যে
/kaggle/input/regspeech12/test/test_sandwip_0070.wav,শুরু খরি আসি যাইতাম গুল্লা ইজার যা বাতকেছুলিতো সক্তিও লাইগবো যন গাড়ি হইলে থাকেন সব সময় তো গাড়ি হাবা যানা লগতারে হেই মানুষ অন থাগন আরে বাই যলে আর মনে কনাবে দিনকালও যদি আচ্ছাসাব জার জা থাইয়ে তার তাত্তে যাই
/kaggle/input/regspeech12/test/test_sylhet_0467.wav,আমার আছা আরনা ওইলে তো আরতা আর মনো খরো ববিসযততাই খনব বউ উজ্জলতা বুচছোন পাইছোনি বাই একতো ফেনশন া ফাইছো আর আব্বা মারার ফরে এগুন তোক দাগল লবংশ রাইছি খাওয়া খরে তো তারাগাড়ি বিরোইলা তারা ববস ফরত সব বাই বইলার খছে উচ্চোতা দেখা খরছি আমরা ফুনে বইনা টেখা দিছি আমরা বাই আইছেলে দিনা
/kaggle/input/regspeech12/test/test_habiganj_0015.wav,খাই্াে বড় লাওয়া ক ইতা তবেছুলা ছে ই্টা তো সুন্দর  দালা ছেড়া কিডা ঘুইতা ফারলোগ ব্োডা বিয়া করাইতাছ তো তারাদারি বেডা মনো অয় বেডা না বেডা ইডারে যে ত ড়াদাড়ি ব্যদলাইছে ছেলেওা
/kaggle/input/regspeech12/test/test_habiganj_0080.wav,ফুরা খয়বাইবোক আমরা দুই বইন তিন বাই আর তোমার সিলেটের ছাছার ক্কর ছাছাখা ছাছরে কী অবস্থা সিলেটে সাছি সিম্মা তো মারায় গেছোরেলিবার ক্যানসারইছলো
/kaggle/input/regspeech12/test/test_habiganj_0110.wav,খরে ইটা তো মেইন ফরীক্কা না ফ্ত শালী ফ্রীক্কা এরলাইগগা আর অর্ধ খঠিক ফরীক্কার সময় মেই সার ইদুলিয়া ফরীক্কা লইবো আরররেশন কিতা প্রিফারেশন তো বালাই মানে প্রচাশটা ফাই ফরক্কা এখন ফোলা ফাইে তো একটা গুরুত্ব দেয় না বাট
/kaggle/input/regspeech12/test/test_narail_0116.wav,এটা মজা ফরতিছে না নাম তো জানে সেটা ু দাদা আমারে বলছে না সবকিন্তু ফরতিছে িসনতা তোর আমি একটা কথা বলি তো দাদা আমারে সব সম্পর্কে বলিছেয় তো সম্পর্কে যেতলি কেমনকী ছিরিস ত তো দাদা আমারে বলিছে বুচ্ছিস
/kaggle/input/regspeech12/test/test_sylhet_0008.wav,আর স অনেক মতা খইওচ্ছািটাে জাজাাইলা তেিলে না কেই খারি খালি আটে বাখাইলাু সগুরটাও কেইছি খান তুমি অবল দুরি পিস খরতায়
/kaggle/input/regspeech12/test/test_sylhet_0623.wav,ইনো তো দোর কিতা অইলো এখবার বাজয়নড খরিয়া আইতান আবার স্টুডেন্ট হিসাবে গিয়া যাইতাম গিলা আর স্যা স্যারে উজ্জো স্যারে বারবার খইছোইন জিনসনেরজঅফরে ইটা ছেস্যারে মায়া খরতাম ইতার  ফ্ান আছলাম আা স্যার স্যারেরও ফ্যান আছেল  অয় স্যারে এখদিন খইছোইন অকপিক ফ
/kaggle/input/regspeech12/test/test_tangail_0046.wav,যেহেতু আরেকটা আগেই স্পিচল একটা ইছিলো প্রশু পাফিদের প্রতি ফরে ও ওই ভাগটারে এই বইটার সাহাইয্যে যেম্নেও করি নৌকায় উঠায় কিন্তু ভাগ ত হিংসপ্রাণী অর্ত খিরা লমানে ও এহান চাইতাছে যে ইয়েরেই খাইতে
/kaggle/input/regspeech12/test/test_sylhet_0718.wav,ছি হুম ইটা আফনারা কুন বিশ্বাছে মানে এই জিনিসগুলা আফনারা রাখা ওই লাগে মানে ইটা কিছুন কাহিনী টাক আমরা সংখ্যা সুছি আমরা সিনিফান অইবো আমরার তিনি ও সিনি ফানোর যিন আমরালাইফ দিবা হ ওসিনজু
/kaggle/input/regspeech12/test/test_sylhet_0192.wav,তো ইসময় কারেন্টোরিল আছিল না আমরা তো গ্রামো কামোগো রইছিলো কারেন্ট আছিল না আমরা হাড়িগান দিয়া খুফই দিয়া ল্যাম দিয়া ফড়তাম ওতাত খেরোসিন বরা লাগতো তো খাইন্জা বেলা ওতার মদ্যে তেল বড়া
/kaggle/input/regspeech12/test/test_habiganj_0078.wav,সচুন্দ কলেজের এরিয়ার কাছাখাছি ওের সাইটে ফাইটে এলাখার নাম কিতা বালিার তারফর  আলমপুর আলমপুর খরি
/kaggle/input/regspeech12/test/test_tangail_0031.wav,অল্প কলিন ফরে বিয়ে কিন্তু জনাখান তো সারাডা অনেক ভালোবাসে ফরে এই ছাড়া আবার অনঅন্য মানে দেশ থিকাস জনাথানের
/kaggle/input/regspeech12/test/test_sylhet_0563.wav,খ ইখান থাকা যাওয়াও বেশ দূরত্বার বাবা হ আর কিতা খইনকুস কিরখম ওইছেনা  অইছে আর কোর শেষ নে না শেষ না এখটা সাবজেক্ট শেষ ওইছে মেয়
/kaggle/input/regspeech12/test/test_habiganj_0105.wav,তা এমনিতো ফরছি না আর রা তিছি না আমার জীবনে ফার্স্ট আমি ইখানোওই আইকটি লাগসাম
/kaggle/input/regspeech12/test/test_narail_0146.wav,আমার বিসারে সেমেস্টা আসলই যি আজগেই আসা যায় আমি কাইলকে চইলা যাবা বিসারে বিশি আন্তি মোটানাকশর অসুধ শেষ ওইয়ে গেছে আমার মাঝে টেনশন ন একশো একশো
/kaggle/input/regspeech12/test/test_rangpur_0118.wav,তাইলে আইজকে কার বাড়িত খাওয়া দাওয়া হাইজগালেল তোরে বাড়িত মোরে বাড়িত খাওয়া দাওয়া  হ্যা কী খাইবেন বয়লার খ বে বয়লার খান না খাই তো তাইলে বয়লার বয়লার দিয়া
/kaggle/input/regspeech12/test/test_sylhet_0690.wav,ছুটবেলা কিতা ইচ্ছা আছি কিতা খইতা আছলা ছুটবেলায় তো ফড়া লেখা ফড়তু জাগা জবড খরার ইচ্ছা আছি আমি তোরমনষ পিয়া বালা হয় বাইরলা কিচ্ছু খরতা বা  াছ সেরখম মানুষতারা ইনাকতারানা ারে তো ড়া ফড়াটা নাওশানা আরতার ক্লাসো যায় টুুমা বাবার যাইতো চেষ্টা খরার ককি খইা আর আমি বাদ বাগিতাইনতাম কিতা খইতা ফড়া যাই ম বালায় যদি ইচ্ছা টাখে ফড়া লেখা খড়িয়াার মায়ে বাসালতমার খরারোতখনতে খরবো
/kaggle/input/regspeech12/test/test_habiganj_0021.wav,দানির মামো বড়া বেশি ল টকিন্ু টাউন্ডির বাপ তান্জুর বাপ চর কে মনে  বেডা কিরন রটযামার দলির বাইটার যভাবে ব্যাথাকি া করা থা রনা বেশি বা চাতান্জুর বাপ পড়া তানির মাও ছাড়া বেডা ইদিে মানুষের সময় কিতুমের মার জেরাা   ইমোখর আনা বেশি ছেড়ে বেড়া তে িবেডা ব তো অনে ছেলে া বাপ  মানো যাা বোোবেছি ত ডা বেশি
/kaggle/input/regspeech12/test/test_tangail_0050.wav,ফরে এরকম দুইজনে অনেক সময় পারি দেয় দীর্ঘ সময় পারি দেয় এইসময় তারা সাগরর বিভিন্ন ই দেখে প্শু পাখি দেখে তারা দুবিন্ন পশু পাখি
/kaggle/input/regspeech12/test/test_sylhet_0528.wav,অর লাইহন ফ্লেইন্স আছে এক ঘন্টা লেইকে মার বেস লাম দছেল আরও বেশি এনজয় কিতা খরতা আনে একটুহর লাস্টে দিকি আব্বারও মনে খয় দরখার তাইন গেছে মার সময় তেকি আব্বার খরে ফরে আমি ওইগেসে খরে দেওয়ার সময় আইসছো এইযে ইবারা খ টিক খওয়ার সময় ি কপনেটি কনড্রেন্ড
/kaggle/input/regspeech12/test/test_sylhet_0556.wav,ও আইািাজ নামনি খাবার প্রেগগেন্ট দোয়া খরি ওেই মাাতির মাংসে ওইছে মাজ মানে আন্টিব যে অপারেশন ওইছে নোনি পুরম
/kaggle/input/regspeech12/test/test_sylhet_0534.wav,আর যে প্লেইসো ওইছে প্লেইসটা মুটামুটি সুন্দর আছে ছোটো ছুটিশ ফরা গেছোদেি মামান কিরখম মামানি তো খুবই বালা ন  পুরান ওইলো বাযাইবো মানে আরেক মিশুদ তার দরোআমরার লগে নিলছোইন
/kaggle/input/regspeech12/test/test_kishoreganj_0120.wav,কে লক লাগাইছে মনতাফর  ফ ফরর ফরে খাা বু াএই মরা্বযে নিজে কোনডি খাইদ্য শৃঙ্খে মতবদ গাসের কে কারালাগা াছ শুনা গা ফে গাস টুডিস আবার এইগাছ টুইন খায় কালা বেঙ্য়া বেঙ্গা একেক এলাগা সাফে
/kaggle/input/regspeech12/test/test_habiganj_0091.wav,গুরান্নিত গেলে তোমার ছবি দুলতা বেশি বালা লাগে না এবনেতে দেখতেই বেশি বালা লাগে ছবিওত তুলতে বাল্লাগে না তমন মোবাইলে ক্যামেরা বালা থাইখলা বর ছবি তুলি বালা লাগে বলা
/kaggle/input/regspeech12/test/test_sylhet_0380.wav,ফনলি থেকি আমার স্বশ্সাক দিয়াই যায় তারারে ইস্কুলো ফাটাইছে হেতো না ফাটায়া ইস্কুলো ফাটাইছে ওটার লাগিও তারারে পুরস্কৃত খরা উচিত আ ফরে একটা তো আর আমি যখন আইয়া ধরছি আগাই দিয়া িা
/kaggle/input/regspeech12/test/test_chittagong_0032.wav,হালাও হ্যা ওরি হ আছে ততলকী হওয়া তোমার কেন আছে আছে আসফে গম আছে আরামমু তারা তো ঘুরেজ হডে ঘুরেত দে খালি হাল্লা রান্ডে গিয়্য বলে হালা মুননি রাইনদে
/kaggle/input/regspeech12/test/test_chittagong_0092.wav,ফোন বেয়া কললাই বুঝে নাই কী আইনও বুঝি ওই যে সুমায়নদে খতা অ না সুমায় তার অল্ল খথাইল্লে নঅয় খালি সুমাইয়েরে খবার কল দে হোনুমতে কল ন ধরের মেসিরি দিলাম সুে সরজি নশলায়
/kaggle/input/regspeech12/test/test_narsingdi_0124.wav,এই এই ঠ্যাংডা কী কইতা এনরা সি সএ পিছট সিগরেন্ডি হিক্সো বার করেন না সিজন টুওও দেয় না মাছ কতা কি আক কাাা আমার প মরির প্রথম দিকে ফয় বুলে এত্টু ইন্ট্রেস্টিং আছিলি এইতা ছনা তর লগে আমি সব বিনা এগারো হতে দেইখ্কা শ্েষ করছি
/kaggle/input/regspeech12/test/test_kishoreganj_0003.wav,ওে ি ফোয়া দিবে ঠিকাদে ম কি নেক  ক তর বাইতে তোমার দিবা তুই আমি ওা দেও  ঠিকাছে দেহে না আমা না হ  আমি তলা বলা া  আমি ছুদি দিলাম না এে নামি ওর খ্ষোতো
/kaggle/input/regspeech12/test/test_narsingdi_0054.wav,ই মশা বেটদ মারতে বিশাল কষ্টা আট ফামিলেগে অনেক  মশা কামরা থুইলা যায় গা তায় সেই জায়গা মনান আমাদো মারতে মদ্যে ইলা ে বেটটা বালা আছে যদিও কুনতা আমারে কিনা রিছার মশা বেযটটা এরা
/kaggle/input/regspeech12/test/test_sylhet_0285.wav,বাড়িত প্রস্তাব পাটাইছে প্রস্তাব ফাটানির ফরে বাইয়েরাল ছিন্তা খরছোইন ফিফটি ফিফটি আরকি দিবাকই দিতানা বালা মানে তারা কনফাম ওইতো ফারেন না খারণ যার লাগি প্রস্তাব আইছে ওইলোগিয়া  বার্সিটির আন্ডারে একটা কলেজ থিকি ফাস আর তার ছাকরি ও অলাস অলভোন্ড ওইছে না এখনো চাকরি অইবো
/kaggle/input/regspeech12/test/test_sylhet_0465.wav,আফা দিয়া গ্যাসফুউজোর উডে আকি হ অবটেশ বে শইল্ড গরহরফুর  মানে ইনো আমার খততা আকির বড় ননা জাগা ছলাতায় গ্োসনগর তা তখনগোওই সময় অনে ফরো মাসি ফতো আশি আাজার টাখা ছাইলা
/kaggle/input/regspeech12/test/test_kishoreganj_0077.wav,কন কছোন দেহন ততনা আঙ্গা আঙ্গা যে তর বারদ  হাে দেছনা ফরাইততো তোমা কআর কিচ্ছু করছো না আআরে এইযে দেখছোন ফুলা ফানেক কতলেকি নিবি দেখছেগ
/kaggle/input/regspeech12/test/test_habiganj_0049.wav,ইতা ওই ফাইছি মোখ মোক প্লেটউডও ফাইছি অত্ততোই বইটোই ও ফাইছি দুই তিনডা বই ফাইছি আমার বাইয়ে দিছি
/kaggle/input/regspeech12/test/test_sylhet_0508.wav,এ আমরার টেখা দয়লাছলরে হলা ছলরার বেশি পাওয়ারিক মা খ মাত্রা হিরা ই জি মোর বাই টোবাইজে আালা মাতিা দিলাইতিতার ােইত মবা খাজ লাগলে আমার ফাছ আলজার টেখা দেও দরখারা নেওগই আম্মা বউরে ফাছ আজার টেখা দিাতিও বা তুমি আজকে তাখো খাইলকে যাইবায় তুমার কিতা কিতা লাগে যেমানে এইন্ডিয়াত তাকি এখ বছতার তুনিনাখাইছে সব বইমরা ছয় খজি ফরগা সব ইয়া দিছে তেউরেও খম নায় বেশ ওনা সবরে
/kaggle/input/regspeech12/test/test_rangpur_0094.wav,তার মধ্যে কারকার বাড়িত খাওয়া ভালো হইচে কোন রান্নাটা কেমন কহইসে কী সমাচার কওয়া দেখন ন কোন রান্নাটা কেমন হইচে জলটার বাড়িত কী কী কী খিলাইচে মাছ গোস
/kaggle/input/regspeech12/test/test_kishoreganj_0142.wav,কিটনাস ওক গিহজতলী ও হাসপাতালে বজজ কয় কয়া কা নাবি কিন্তু রাসা নিট ে ত  কদার্থ তেল ইত্যাদি মাতি ই যে ইত্যাদির মাধ্যমে মাটি দূষিত হয়যে মাধ্যমে কি মাটি দূশিত মাটি দৌষিত না কি কি ককে মাতিি দুষিত হয় ক  মাটি দুষিত অয় না গলান
/kaggle/input/regspeech12/test/test_habiganj_0090.wav,ছা বাগাতো কেডা খেডা কেডা খেডে গেছো খারসাতে গেছো আমি গেছি আমার আম্মা গেছলা আমার আব্বা গেছোইন আমার ছুডু বাই গেছে আর ওইলো গিয়া ম্মা ছাছাত তো বইনাা গেছলা
/kaggle/input/regspeech12/test/test_kishoreganj_0144.wav,পরে দেঅইছে ক কয় কয়ে কানা া বিভিন্ন  রাসানির বিভিন্ন রাসে িপরার্ত তেল কেি মাপে মাজি দ  ে মাকি সুত ত হে ময়দা
/kaggle/input/regspeech12/test/test_chittagong_0051.wav,কি আল্লাখন না হন মরা মরালত ত বাজিগে কী খরিম হোয়া লাকি হোয়া জেবেরে ছাড়ি ইবের খাছে আবার ঘুরি ছিলি জং ফরে অ য় রি তুততা আবার যাইতু  জ স খিল্লা আইয় অইছে তিল্লা তু রাত্টা অসামামা সাইয়া আঁই কিছু ন গুদি অডি ন গুলুস না রা তা ইসটেরটা খাইবি দায়ে না
/kaggle/input/regspeech12/test/test_comilla_0012.wav,আকাশের দিকে তাকায় রইছে চোখগুলা উল্টায় রইছে উপন দিকে সূর্যের দিকে তাকায় আছে আর হাপ্পা একদম ছেড়ে দিছে এহন পাশেই মাঠের মধ্যে যে অন্যান্য ছেলে মেরা খেলা করতেছে না ওরা ভাবতেছে যে এই নুসাইবা মজা করতেছে ওরা ছেলেগুলা হাশাসে কর্ছে দ্যাগ দ্যাক ও ধোলনার মদ্যে বৈশা কীভাবে আকাশের দিকে তাকা রইছে এইভাবে কেউ ধোলনায় বসে
/kaggle/input/regspeech12/test/test_chittagong_0147.wav,স  া ত ফরে ন সালাম হারি গেইয়্ি এক্কান সমস্যা অইয়ডা তার লাই হেতক্ষণ স হইদে কিনো রেকর্ড টোকল কিস্কু ন কদি রেকর্ড নোয়াই না এরতার লাই তো আবার সমস্যা অইয়্ সাজিততে আরেখন হামদ বাজার দিলো আল্লা
/kaggle/input/regspeech12/test/test_kishoreganj_0115.wav,শামমেরার কা কেলা ইগো হ্যাঁ ইগোঅলে িকাছে কি লেখছে দো শক্তি মূল উৎস কুন্ডা সূর্য সক্তির মূলুৎস সূর্য  তু আগে আগেতেই মহস্ত হরিক্কা তা আইলে কর ঠাজা লি্কালবা
/kaggle/input/regspeech12/test/test_sylhet_0392.wav,তুইনাম কয় গেছলা আমরা আনতি হ আমরা ওই কি আপনের ইয়ে এনসি কলেজের স্টুডেন্ট এগ বুঝছে ইরাত্তা দি ফুরে সময় আওয়া অইছো না ভাবছলার মদ্যে কী যাইতাম  কাটাইতেইতাম ছা নতা হ বুজছি তো এখন জুষফারি কি মনে অইছে যে ছোট্ট গরমকলই হয় তো এখন দেখি ে আর শেষও অয় না ুি
/kaggle/input/regspeech12/test/test_tangail_0074.wav,ওই হাসপাতালে আম্মার কাছে বলে যে আপনিা বরুনরে একটু বুঝায়েন যে এরকম তো আমার আর চলতাছে না পরে ওই শিলিত যে আম্মা থাকে সে বরুন দাওানরে বুঝায় যে এখন তুমি ক্যারিয়ারের সময় দাউ
/kaggle/input/regspeech12/test/test_habiganj_0062.wav,পিডা দি তাইলে আমারে আইয়া উইল্লা দরে কিন্তু ফরাত বইলে ফরে আমি ইচ্ছা মদ্যে ফিরতে ফারি মা থাহে সামনে কিন্তু ইতারে কিতা ফড়াইতাম আমার তর আগ উইচ্চা জেগা
/kaggle/input/regspeech12/test/test_barishal_0054.wav,আমনে বউতেন একটা সেকেন্ড খাড়াইতরি না হেই কুডোগুলান একলা টাইন্না নামাইন্না আর হেইয়া ঘাডা হেইয়া ঘুরাইন্না সে হেরা কালা অইয়া গেছে মোর কাউগের পাকনা লান ি চাইডডা তিনা হেই কুডো আইন্না এহমন খুইছি সো ছিা কাছা কুডা হেই কুডো আইন্না থুইছি মোর ক্যা লোস্থান ওইছে পনেরো হাজার টাহা ব্যস্তার মহনে এট্টাকুর যেকুরমই দেশি
/kaggle/input/regspeech12/test/test_rangpur_0004.wav,া জানছে আ আক্কা আছে  ওয়ার ব্যটার পু কাচছে নেকী হ ঢাকা দুয়ে বেটান তাইলে
/kaggle/input/regspeech12/test/test_sylhet_0676.wav,শিখ্যাজীবনে একটখইন খই কিতা খরছোইন আফনার সবছইসময় ক স্মৃতি দিতু ্রা া কতা খর ইন্টার ফরীক্ষার আগেমার বিরয় গেছে বিয়া রে চর্জা র বিয়ার খরে অনো ইয়া দিললে া টা তছে মানে আমার দিয়ার এখ মাস ফরা তো া খইতা দিত
/kaggle/input/regspeech12/test/test_sylhet_0333.wav,তুমি ফড়ো তোবার ফরচ আমি দেই যদি কুরুওদিন স্বাবলম্বী ও তেতখনকারত দিলাইুম সমা তোমারকটা সনাও আমার কাছ তেকী নিয়া খড়ো চাকরি করলে বড় চাকরি করবা আর নাইলে ছাকরি করাও লাগতো নায় খারণ ছোট চাকরি করার যাইতে সংসার ছালামী বড় চাকরি
/kaggle/input/regspeech12/test/test_sylhet_0171.wav,তা মনে য় মনের সময় মারিয়াও আনি লিতা নউ মারবো খইতা খইয়া খাইছোইন তো বাজারোর কুতা খইরাসস্তা ছে ওইলা কিতা  পিনছাখাওই বেলা খারা বউত কষ্ত অয়ে
/kaggle/input/regspeech12/test/test_kishoreganj_0153.wav,হ্যা পাকা বাতালি লেবু ভিতরটা হালকা গুলা পিরঙগে বিতরটা হালকা গুলা পির পাতা কিতা বিতর টারাপিগু গুলা পির পাকা বাতালি লিবু পাকা বাতালি লেবু ভিতরটা হালকা গুলা পিরঙগে বিতরটা হালকা
/kaggle/input/regspeech12/test/test_narsingdi_0064.wav,মনো অয়আমার কিছু স্টুডেন্ট ফড়ানি যাকো আর যদি গনিতের কতা কছ গাল ইউনো প্রিটিকালসন প্রায় ওভার বয়স তে প্রায় ওভার ম্যাথ িতা ম্যাত আমি আর অনেক ভালো ফারতাম তো ফরাইরা কেত্তাকছো নে পরীক্কাডা ম মনো খাকছে তাবিক এই যে এটা আমি
/kaggle/input/regspeech12/test/test_sylhet_0115.wav,তকুমু কাহিনী ছুমুটি ক্ষিত্ররে মায়া যাইটটুগি ফালাইয়া আস্তা গিনের লাইগগা খামো হুম আর ভাই বড়ডা খাথখতাম কুললা  দরো সকাল যাইতো ছডা সময় রাইত ছডা সুনা আইতো আস্তা িন ধরে দুই ভাইবোন আমরা ঘরে থাখতাম
/kaggle/input/regspeech12/test/test_sylhet_0693.wav,না আমরা খছনা আফনারারা খ দিনা  ম সময় তাকতি আএমযাস কতি আমরা  কলেজি ফড়ি আর ইইটা হচ্ছে একটা আঞ্চলিক ভাষা নাই একটা রিসার্চ আরকি গবেষণা তো এরলাইগা আমরা বেশি বেশি খইছে আফনেরা আঞ্চলিক ভাষায় মাতফিলেটি ভাষাফড়টা আমর আবার লেট লাইমু আরি খতাগুলা আবার লেখা উচিত আর থাকতো না মানের একবারসারকর থাকতো তা কুনু সমস্যা না  এমনে তো আমরা গল্ফো খরছে এখন কুনু ইনফরমেশন দরখার নাই জা্ খালি আমরার শবদগুলা দরখার ভাষাগুলার বৈচিত্রগুলা দাও ইটা মুবাইলো যেমন
/kaggle/input/regspeech12/test/test_sylhet_0212.wav,তে বাই ওলা তত্য লইছোইন গিয়া দুইতিন চার গ্রাম প্রতিদিন যা গিয়া প্রত্যেকের খাছ থেকি নামুন লইয়া আর আইয়া আইনযা গলা আমরা গইয়া ই্তা দেখি গ্রামো খতোজনোর লিস্ট আইছে কুনফুন গ্রাম শেষ অইছে খেখে আছে লিস্টাও
/kaggle/input/regspeech12/test/test_chittagong_0172.wav,এিকুরের খইতাইননে হয় এরি থাহন হবার খাগুর তুন বালা ন লাগে তোর খালাম মুনি রাইখকে আমার নারা দেয় অনে ওর দাইয়েরে ঘুরি দওন তোহাইলা আছে মাইসা তে  তুর কালা মানি ন দার
/kaggle/input/regspeech12/test/test_sylhet_0136.wav,বাড়িতগা যু কি নুগা থাইক্কায় একসা আর কুনু দাও ফরে না বুঝছো ওইতো তের নিজে দেছে   আমরা যে আইলাম এখন হঠাৎ কইরা কামও বেড়া দিলাইছিনা ন নাগবে রাইজজেন না
/kaggle/input/regspeech12/test/test_comilla_0017.wav,ডাক্তার কাছে নিয়া যাইতাছে ওর মাও দৌড়াইয়া গেছে যাওয়ার পরে ওর মায়েত মার যাইয়া দেখে যে উনার মেয়ে পরে সাতে সাথে মানে স্যাররা সবাই মিলা ওরে হাঁসপাতালে নিয়া যায় কিন্তু হাসপাতালে যাওয়ার পরেই ডাক্তাররা কনত ঘোষণা খরে আরকি
/kaggle/input/regspeech12/test/test_rangpur_0112.wav,সুপাইনযের বেডা সোবাইনের বেডা কইতার মুইননা দেসুম পেটি খালি দুইটা বেডিয়ে বেটা আছে বেটাডা যায় বেডা বড় সব বড় ওবেডি দিগড়া থাঙকি বড়
/kaggle/input/regspeech12/test/test_kishoreganj_0010.wav,মানুষেন ঘুরাগাড়ির মইদ্দে আস উততে বেশি না    কই হেইযে মাজাশে ছবি ইয়া মাজার দহাযা ছবি যে না কি
/kaggle/input/regspeech12/test/test_sylhet_0355.wav,তু এরফরে তো আমার বাচ্চে ছোটোটা ওইলো আলহামদুলিল্লাহ অনেক হোপি আছি আমরা আসলে খন জুগাল্লা কু শূন্য দিয়া শুরু খরছি বুঝদোও পাররায় মানে তাইনের দিক থিকাও কুনু প্রত্যাশা আছিল না আমার দিক থিকাও না আমরা অনেক হ্যাপি
/kaggle/input/regspeech12/test/test_rangpur_0014.wav,ুুদালাম না  গো কন গো কনগো শ্যামুবি বলে কী কন গো গ সবুজের বাপ গ সবুজের বাপ সে মাই তেনি আনো গো
/kaggle/input/regspeech12/test/test_kishoreganj_0018.wav,আইচ্ছা আমগার দিকে রাস্তা  বাইসার মদ্যে আদুইন জান না তু নবল আমবারি ফাহা মান্দি ফশফশ বইলে তোই আমরা রাস্তাতে বালা নাগা ফাক্কা আছতা টিক্কই কিন্তুআমন ফাক্কা আছ্তা হানুন অইলে না অহন ফাক্কা আছলা নষ্ট অইলে আর বেশি খারাপ হু আন দুইন জা না এই যে এক্কানো গাত্তা অইয়ে ছাইর এক্কান সটান
/kaggle/input/regspeech12/test/test_sylhet_0405.wav,তাইন খইবা তাইন আমার বাফোর বাড়ি গয়া খইবা খইবা ইফা সমস্যা এখটু অখন যদি আল্লা এবগে বাইচ্চা খারজা ওইলেও তো মন টিইবোল এখনোও খও মন রইছে খউলটাফালটা খরে এখ সবতা খরে আমি কিচ্ছু মাতি না ে বাবা তা মনে ওয় যে তা যায় ওতাও খরে খও মানে ওখান বাবোই নাই কিলা মানে খুব বালো
/kaggle/input/regspeech12/test/test_sylhet_0242.wav,বিয়া আসলেি ডেইটা আমনা দা বা জা ইটা আসলে বিয়া যো ফরে আসলে আমি খুব উৎসব বইলা খী নায়
/kaggle/input/regspeech12/test/test_noakhali_0023.wav,মামা আইজ্জা একজেনে কাজ করেছেন
/kaggle/input/regspeech12/test/test_sylhet_0536.wav,তো এখবারে আইছ নি তোআমরা বাসা খি গছে তোমরা কী কারমিে আব্দুস সাত্তার ও দুমাহাম্মুদ গ্যাসের হ্যাঁ গ্যাসের দিদিজি সাত্তারের ময়্যে তোমরা দুই বইন না যি
/kaggle/input/regspeech12/test/test_chittagong_0115.wav,কিছু খইতো নাই মাইসা তারা মাইসা কি রেক মাইফাই ছারা বারোত কিচ্ছু তো কোনো খবরটা বর নাই ইতি ব্যাট টার ন অয় হুম ইতি গর তু বেট টার ন অয় অইতো অো এখন গেই্য যে এখনদখমানি গেয়া এনে ক্লাস দি
/kaggle/input/regspeech12/test/test_sylhet_0423.wav,এমখনো ওইছে কিতা খরে দেখো আমার কিনো বারো ঘন্টা বারো ঘন্টা দুইদিন অপারেশন খরছে এএখ লাগা লেখো কিন্তু তারা কিন্তু বুল বাবসিি্ু তারা কিন্তু ই বিষয়েগনি তারা আরো বিষস জাননা কিন্তু গে পারো খরতো নার
/kaggle/input/regspeech12/test/test_narsingdi_0075.wav,ন সাইট হানো একশো একশো ষাইট টেহা চন বাইছছ একশন কিয়ার কই কবে দিছি এককা না দেছ নাই রুশি দেছ নাই দেস না এজি কইলাম দেছ নাই তুই  দেছ নাই তুমি মাইরা দিছে টাকা না না সত্যি রিছে কাট ট সত্যি কলা দিছোস না তুই দিছেনা হরেকতার মিসা একদম  কইরা দিছো দিশ হজনা দে টিকটরি এবার কতা
/kaggle/input/regspeech12/test/test_narail_0053.wav,একাল্লিশ জমি  একাল নেই তুমাগে হ হদ্ধারগা হলে আমাগে অইলে একাল্লিশ জমি তা তোরত ওডাওড কত নাম্বার দাগি তোমাগে জুমি তা কি জ কেরোসো চইদ্দ না কতজনে এ ওরকম দারোশো ারে সাতারো টাতারো বা চৌদ্দ মতে ও দশের্তে করির ভিত
/kaggle/input/regspeech12/test/test_sandwip_0112.wav,এক বেজ ক্লাসে দুই বছরে আইসতু দুইবছর সুম টা দিছে   িদি বার কতা কইকলবা ফিয়া পরিককা বা হ আর তর া  হিয়া মে ই কিছে এক বছর মাতে্কুজেনো ভাই ইস্কুল গেলে ব হলাইনা ফিছি ছে আডানে ওঙগার তুইযিস কুদা তু পুরাগেইলে বরিস ন আঁই ক্যামনে কইতা
/kaggle/input/regspeech12/test/test_sylhet_0079.wav,তাইর ফড়া আছে ফড়া উলাশেষ ষোড়লো নে আমি তো আমার খালুক ফেকলি অরে যাওয়ার যেইকানসা শুরু তে এম্নে অবসর সময়ে কুনু সক উক আছেনি এখেকজনের তো এখেক ধরনের সব থাকে এখনো নাছে ইচ্চা ফারে নাস্তে ফার নি রন নদো না া তা ফাইল
/kaggle/input/regspeech12/test/test_kishoreganj_0051.wav,গরু বাছু কিনতাইন্না গরুর মাঠা টান টেহা পয়সে টেহা টা উডায় আদে কয় দুল ভাই েহওকয়দজন ফরে দুলবায়
/kaggle/input/regspeech12/test/test_narsingdi_0004.wav,মহারায় কইতছে অন আফকরে বসায় দিছে কিন্তু ওরো যহন ঢুকতে দলে তখন থেকে কিন্তু খুব ভালো কবো তবে মনো বাংলাদেশের মধ্যে মশশাফিরে খুব মিস করি উঝছো ওরে ক্যাপ্টেনসি
/kaggle/input/regspeech12/test/test_sylhet_0211.wav,োআমরার ইউনিয়নোর ভোট আরকি তো বোটোর তালিখা খরার ইগুর টাইত্ব খরছে আমা বড় বয় উতে তো তাইন হিসময় আসেজি ফাশ খরিয়া ফ্রি তো ফ্রি থাখায় তাইলোওর যে প্রাইমারি স্কুলের সার ছাড়ে দিছোইন যে আমার একটু জরি ফলা তথ্য্য লইয়া গ্রাম তেকি আমি আমার এখটু হেল্প খরা
/kaggle/input/regspeech12/test/test_narail_0032.wav,চাতেদিন যাটা সম তাই নাছে ওইটেকির পিছনে ধরচ্ছি স্কুলের নামে যেইডা দিয়ায় গেছে ওটুক তো ইস্কুলের নাম স্কুল পাবে ছনে তো ইস্কুলের নামে এগারো শতক ওটুক বাদে তা তো বরা ওনো মেনাশিব বাবুর জমি আছে
/kaggle/input/regspeech12/test/test_barishal_0061.wav,আর এদশটা সিকেরেট খাইলে এহন হেই দশটা সিকেরেটের দাম দেড়শো টাহা তাই একদিন আমি মনে করেন এক নিজে নিজে চিন্তে করছি বিয়ের পরে ওই সুমায় কিন্তু খাই থাল এহন একদিন চিন্তা করলাম যহন আমার প্রথম পোলাডা অইলো একটা জিনিস চিন্তে করলাম যে দৈনিক মুই দশটা সিকেরেটে হেই দশটা সিকেরেটের দাম দেড়শো
/kaggle/input/regspeech12/test/test_habiganj_0077.wav,আবার কিতা মহিলা কলেজে না বিভাগেরা িখরছি না ইটা সচিন্রকগঞজ সচিত্র কলেজ ও আইচ্ছা ইখানে সচিত্র কলেজটা এটাতুনিরিয়ার মদ্যে ডেও অইলো গিয়া যে নবীগঞ্জ মবিগঞ্জ ুলোডে আছিনা
/kaggle/input/regspeech12/test/test_sylhet_0607.wav,াইব  সময় গেছলা ওকি মানে অর্দেখ মনায় ফাইছি তুনআমার লাগতাছে যখন ফুরো থাকতে আমা বেগাছ লাখে নি তো ফুট আমি ফৌরো অর্দেখ ফাইছি আ ফাইবোতলটুট মনে ক্লাস খরাইতা না এমনে আছলা আরযেকুনু হ ও এরফরলে আমি তো ইটা নিয়া বেশ ফ্রছন্দকি খুব এক্সাইডেন্ড আছলাম তরারে যেভাসারি দিয়া খরছন তর দায়িত্ব সবাইর যারারে যারারে ফারো জারাতে তো যারা যারা আছে তরা নাই বালা দেশো
/kaggle/input/regspeech12/test/test_narsingdi_0104.wav,জাস্ট পা নিসিদ্ধ ইয়ার কি চার শেষ যান ফালুদানা বানাইছিল এইদিন কেম্নে এমনে বানাইছি বইন বইন বিশেষ কর এডা জাস্ট এটটা কী কইতাম ওডে আমি আমার মতো খইরা বানাইছি ঠিক াছে  ঘুরা দুজের মইদ্যে কফিরাইল্লা ব্রেন্ড কইরা আগে ক
/kaggle/input/regspeech12/test/test_rangpur_0003.wav,যে গোস্তিরিবান্না এনা উনরা কয় গোসতো পায় কোটে গোস্তা আছে ওমরায় কয় কয় গোসতা আছেকয় গোস্তা আছেতে খানা
/kaggle/input/regspeech12/test/test_sylhet_0169.wav,সিডিয়া বিডিয়া নিছোন দিমাইনস ফ্রেটোর বুখে মাইনসে টিটা লুড ফাট ওইছে বেসাবর ই কুনইক তে এখন যে জিনিস ফত্রের দাম এখন যেরখম আফফেরা সময় কিরখম কটা দাম আছে ই তো এখবারো দস্তা আছিলে আমি আড়াইতাাকি কিতা বুচ্ছিনালুগে জিগাইছি তারা আছা
/kaggle/input/regspeech12/test/test_sandwip_0107.wav,আনে এগাতে ছোডবেলাত্তে এখনর্দি আঁই কোনোদিন ইহে ই কথা  কইলো যুদই ফাস্ট অইতে অইবো তঁর রং এক অইতে অইবো এগুন গোনো ছাবা আঁই কোনোদিন দিমু তারফরে নব্বই হাইতে অইবো একশেত আঁজ মাপারহও লাইন যদি কম আছ
/kaggle/input/regspeech12/test/test_sandwip_0065.wav,বাপে আছলে হ কব ও মাথা ত্যাল দওন দিছে বাপে কন করছে তাই কে তোর বাপের কবছা তোমর পর কসছাতারি বাপে কিষি কইছে বাপের ওকা আল্লার ঠালা তাকি কি আলাহালা কিছু তুমি মোবাইলে তো লা রাখি দিলোও মাইনষে আল্লার ঠালা ক কি হইল্লাই আল্লা রালা কছে তো তুই যাইবি কিসন তোর বাফেরে কইবেনিআ মায়া অলা আসন ছুটু করছে আঁকি আল্লা হুনিয়ে তোর কোন দিনে যে তুর বুদ্ধি অইবে আঁইতো খুশি লাগ না কৃষনা
/kaggle/input/regspeech12/test/test_narsingdi_0013.wav,প্রিমিয়ার লীগগুলা খেলতাছে রূপগঞ্জের খইয়া জ খেলতাছে ডিপিএল  এই ডিপিএলের কতা কইছ না এ বেটা আম্পায়ের আর কি সিদ্ধান্ত তে আউট অইলেও আউট দেয় না আবার যে ডাউট নেওয়াডাও আউট দিয়া দেয়
/kaggle/input/regspeech12/test/test_habiganj_0063.wav,এমন কুনু খাম খাজ খরছি না  বাদার দোস মানে সব কাজে মা বাবারে খইয়াইয়োই ফড়ি অখন এরফরেও আছে নানি যদি একদিন এককা ভুল গরি লইছলা আমি ইস্কুলো গিয়া সইরা কলেজো ইস্কুলো না কলেজো গিয়া আমার বান্ধবী এরা এরা টাত যাইতো মার্কেটো যাইতো এরা বলে জামাওম কিন্তু আমার খাতে টেখা আছি আমি মারে না খইয়া ওই ইকটা জামাইনালাইছাম অখন জামাডার দাম আমি আইনালেতি বেশি দাম দিয়া জামাডা
/kaggle/input/regspeech12/test/test_sylhet_0246.wav,জার জার খরতাম বাইয়ে একবায় আরেখবাগে দেখাইতা ই বায় টিউশনি খরিয়া আমার হোষ্টেলে খরছটা ফালাইতা আর ইরখম অবস্থাটা আমি ফিল খরতাম যে আমার বাইজলতে খষ্ট খরিয়া আমারে ফড়ার লিফ টেখা দের আফকের এখটা দিন আমি খাজ খরলাম আমি এসতে কিতা খরলাম আমার ইটা সবসময় বেইস্ট মতো হোস্টেলো তাখা বে
/kaggle/input/regspeech12/test/test_sylhet_0680.wav,হু থর স্যারো খই ছাড়াও ছারা  নসির মাঝে দেখাইয়ও দেওয়া সারাদিস্তু বন্দো  বন্দে কন্তু ফরিকার লাগিতে মানে আনকির ইচ্ছা কিতা এখন মানে
/kaggle/input/regspeech12/test/test_chittagong_0100.wav,তিরিকাও দে তিলাম টার নলে পাশ না র ভাই আই ওডা কুলনা ওই যে বেয়াকগুর মদ্যে মানে মোটাম বেশি থাল জানা লেও মোটামুটি ভালো অইয়েয কিইংলিশের মধ্যে ভাই মানে খারাপ অইয়য হয় ন বুজঝি ইংলিশের মদ্যে খ্যা না খারাপ অইয়াইয়
/kaggle/input/regspeech12/test/test_barishal_0062.wav,এই দেড়শো টাহা যদি মোর ফ্যামিলিতে বাছে মোর কাঁচামালের বাজার অইয়ে যামুই এইলরমারার খাম ওই নাএই ছাড়রে দিছি এই ছাইড়ড়ে দিছি এই যে বিরি সিকরেটের মইদ্যে যদি কোনো মানুষ কইতে হারে যে নেশা আছে ওর লগে আমার চ্যালেঞ্জ হইবে ওর দেহাইতে ইবেে চনযাগানেশা  আমি মনে করোন একটানাপ
/kaggle/input/regspeech12/test/test_habiganj_0055.wav,মা সবতা দেখাই উখাই দিছিল এরফরে খইছে বলে বালোই আইছে এরফর তিকা আমরা বাড়ির মখন আমার আাতে শুটকি তখারি যে বালোইতে অখন মা খয় তুই তুই শুটকি ত খারি রান আমার তিকা তুই বালা খইরা রানতো ফারোত এরফরে এরফরে ইতা খরতে খরতে ওই আস্তে আস্তে খনমা মাত যাইতো যাতা রানরে অখন আমি দেখা যায় আস্তে আস্তে সবওই ফাটি রানতাম এরফরে অখন আর কিতা খইমু অখন ওখন রানতাম রানতাম খইয়া সেইরা অখন আমি এমন ঝামেলাত ফড়ছি অখন দেখা
/kaggle/input/regspeech12/test/test_sylhet_0529.wav,মানে এইখার সময় তো হেই ক হ্যা তো তখন ভয় লাগে তো অনেকেরেকইটা এহন একে কিতা খরতো ফা  লাগছি না এমনে চাওন্দ অয় বেশি নামার সময় নামার সময় অতীরিক্ত ছাওন এখটু খানো মাজ ফরি উটে দুটা সময় বো
/kaggle/input/regspeech12/test/test_habiganj_0117.wav,ও আগে সস্থ আছিল এখন মুটামুটি দামওই আছে খ এপ্লায় নে গেছলাম এখন তুমার যে দামগুলা আছি দাম পরিমাণে আমরার মুটামুটি ফায়দা অই এর আগে তো শিতাআশিশজন আছিলবো তোমন সস্তা আছতে
/kaggle/input/regspeech12/test/test_kishoreganj_0029.wav,চাইনা বারি তো হেই দুইডা না এন এনে কত কিন দুরা জাগাইন্না আবাড়ি হএক মান হ একদিকে আমার এইে আইছি দেন ভালা্লাগতেছে না এএক ি দেশের মানুষে একখানো ভালা্লাগে হ
/kaggle/input/regspeech12/test/test_sylhet_0451.wav,তে এম্নে সারাদিন কেমনে খাটে আনসি খলা বাইস্যা খাটাতা খর মনে খরো মরা গুমডা কি এখন উটছি একটু আরকে উট আতানাতানত্তা খরলাম এখন আটটু দিরে বিসনা পত্রো আ লুছাইয় ফরে গর দোয়ায় কটু জার উডু দিমু জিয়া ফরে ফাকগরো ইয়া খরি
/kaggle/input/regspeech12/test/test_barishal_0043.wav,হেই আডি বেন্চি ও খালি ধরিলে টান্দিয় এট্টু জাগায় দিছে এইটুক কাম করছে হেই কাম কইররা যেই সমস্ত ব্যবহার মূল্ল করছে হেই ব্যবহার করা লই ই গেঞ্জাম মার যে বিশ লাখারে মোর লাগে না ও মনে করেন মোরে কয়  যার ও কইছি কুডো খেনতে মানা করছি কুন কিন্না গরু পলতাম এেই কুডো হুকম ক এইয়এ যে কইছে না মোর তো মিটার গেছে গর মেয়ে দিছি এট্টা চট ক্যান্ লাগাইয়া আ
/kaggle/input/regspeech12/test/test_chittagong_0122.wav,বৃষ্টি টৃষ্টি ফরের এহনো খ ভাই তোরা বেগগুন দারা অর্দায় হিদনিয় অই গেয়্যে গইত আঁরা মহালি ভাইয়ে তযেবর নানু বাড়িত  মামায় বুদে হ বুঝিছেতুন আঁরা ফরীক্কা আছে যে ন যের
/kaggle/input/regspeech12/test/test_sylhet_0296.wav,যেহেতু খথাবার্তা ফাঁকা ওই গেছে অখন ই জায়গার মাঝে এখজনে স্মরম দেওয়া কিংবা ইগুলা সাইকোলজিক্যাল বিষয়গুলা যদি এটজাস্ট খরে না তখন তো স্টার্টিংটাও নেগে টিবল যিবো তা আমি ওউ তখন আমি বাবলাম যে ওটা তো আসলে
/kaggle/input/regspeech12/test/test_narsingdi_0133.wav,ইনো সাইন লাগদো ঠিক আছে কিন্তু তর চ্যারা মদে একটা দুষ্ট দোষটা ভাব আছিল এই যে দুষ্ট বাচ্চা কয় এই জাগা টুল ফড়ে আল্লায় দিলে আল্লায় দিলে উাত বড় অইয়া যতো সুন্দর আছে আরএ আমার কথা না এডা মানুষের কথা কে আমাগেমের চাইল্ড রুড লেইফটরনি বিয়া শিলাত বইন
/kaggle/input/regspeech12/test/test_narsingdi_0066.wav,ফলেনড হইছা মুবি ফর্লাগা আমার ছুলা বেশি বালা গ মেলি ফ্রেন্ড মজা খরা লইরা তো গ সবা ফ্রেন্ড দইছলাম ওইতো রডা সবাব সাত ন সবাই রেকুনে সময় অইছে খবল মার গোা আইয়ো সবঅনে বিয়া শাদি করা সেকটেল
/kaggle/input/regspeech12/test/test_habiganj_0074.wav,া ুদায় সময় নষ্ট  বারে কীকিতা খইতাম এখেবারে জীবনটা এই যে একবারে অল অসলে সিয়া খাটাইতাছি আজিরা লইরা খাটাইতাছি
/kaggle/input/regspeech12/test/test_sylhet_0762.wav,বইনদাদুনকি আর কিনাই কি দেড় বৎসর বয়স থাকি ম কাখে লেখা ফড়া খমি সিমো  ফাইবন কু বিয়া ওইডে  মেট্িক ফাশা খরছে বাই মনে অইয় এইটো ফরে বা নাই না রও নাকি  ছুডুবেলাতো গাইনি ছোট বেলাততে
/kaggle/input/regspeech12/test/test_sylhet_0386.wav,ইুন জয়াযয় াবাগরদে বাইরিয়া খতো সুখ সময় লাগবো না এখনময়বখলামো এমানে বললুটো নায় না রলিাইযসইফোতে খইরাম যে একবারে  রাস্তা দিয়া দিয়া শেষ া কপরে ফ্রাক্টি
/kaggle/input/regspeech12/test/test_noakhali_0017.wav,হা হলে দিনা কমরা গুল লয় একদিন জ্বালা লাগে আর নয় তুলো অইতে ক্ান যাদ্দা তো আনা তাই গেইনি  দবা দিবো তো কমিটি বাতি হ কেনা
/kaggle/input/regspeech12/test/test_sandwip_0017.wav,বিয়ার নে হরা মাস ফড়দশ লাগ গিনেরে আকেউরে টিমদিনি রে আন্নো দেহা  কহনি নতে ফালে ফকেটেত দে ফালে খর ক হবাদ ক  কত হিসেব কিতা ফাকদম নাই কি বেশি একদম বেহিস অইতো সেই টিক আছে আরে দাহলি জমাই এগুনের কুম ন  চলে গেছে তোসলেচমররাজুগুন দুদিন লগা গেছিল লো
/kaggle/input/regspeech12/test/test_kishoreganj_0067.wav,াম তামু রা গিয়া গিয়াগে তুরি গিয়া গিয়া গিয়া গিয়া ইরাছ্তা হরবাইত  ডেমবে এএলে ত  তোা ওইতাম না না
/kaggle/input/regspeech12/test/test_chittagong_0072.wav,আর পাবলিকো মদঅইয়া অইতো বিরিছ টাস্টতা ইত্তারে ফর কিত বেলি খরচ বেশি ফাল্লায় এহন তো এখানো রবে কিন্তু আইরে ফড়া লেখার মান্দাই বেশি ভালা অ ইয়েনেরি আখাা
/kaggle/input/regspeech12/test/test_sylhet_0298.wav,আমি গিয়া ছোটো ছোট ডিক দেখছি দেখিা কারণ তাইনো আমি যতটুকু জানি তাইন তখন টিউশনি গুরিয়া ফরতা গ্রামীণ ব্যাংক থেকি শিক্ষাীণ লইয়া বাবা মারে দিতা খরছ আদি বাবা মানু দিতা ত কাজেই ওরখম ছলবেন ওইছোইন না ফুরাফুরি তাইন
/kaggle/input/regspeech12/test/test_rangpur_0127.wav,এইযে ওমরশা খালি দিলে হালা কানি প চাস করে লা আরে
/kaggle/input/regspeech12/test/test_narail_0015.wav,এ তুই বাপ্মারে টাহা দিস নাই তোর কাছে কেউ শুনতি গেছে নে তুই টাহা দিস নাই তুই কতি গেছিস কি জন্নি যে আমি ওরকম টাহা দিছি তাইলি আমরা চোরওই নালি ওই বাবলু চোরাই  আমি বাবলু রাইভিলি কইছি বাবলু তুই বলে টাহা নিছিস তাইলি টাহা তো টাকা কই গেলো আমরা তো পাইছি দশ হাজার টাকা আমার গালো তো আমি আমার এই কতা কলো যাকাক না
/kaggle/input/regspeech12/test/test_chittagong_0057.wav,তে আমুর যদি হতায় গিনু উ্না কেন ব হ চাই ছুলে না আডুদিউতো দেড়ি টেক আছে চলেতিয়া এহর যাক তু মাই আসশি তুর পাশে দি চাই তাক অ না অ রাগলাকলাগ ভাই বাইয় ভালাই ফাইয়্যিস অ্যাঁ
/kaggle/input/regspeech12/test/test_sylhet_0088.wav,দাঁড়াইতে আর আফনে ওতলে হলো ছাসের নাগি চা নাদ ওদিনে বাসা বি্লাদ
/kaggle/input/regspeech12/test/test_kishoreganj_0100.wav,মুসক ফি ক কি আবাত ই আবার কি
/kaggle/input/regspeech12/test/test_sandwip_0085.wav,মারিতো আরপুরা ছোলন দেখো না দ হ্যা তো এইলে চো ফাইলে আরু গো করে আতি অইবে হ্যা উুনছাইবাললা  একসম ইয়ার মাথাপ হিয়ারে তো ভুড়া থাইকতে চলে আইসপে ইয়ে আই আন্নের রাইত্কা মোবাইলের লাইগদিরা বিয়ার মাতার উরেক ফাইলা কন ভিকতান
/kaggle/input/regspeech12/test/test_tangail_0039.wav,আইচ্ছা তার পরিবার থাকে ইন্ডিয়াতে এই ভাই প্যাটেলতে ইফানখানির পরিবার থাকলে ইন্ডিয়াতে তাদের একটা নিজস্ব সিরিয়াখান আছিলো  পশু পাখির সাতে রিফান খানের একটা স্পিচুয়াল একটা কানেকশন ছিলো অন্যান্য প্রশুর সাতে কিন্তু
/kaggle/input/regspeech12/test/test_sylhet_0352.wav,তখন ডিজিও খইছোই আইচ্ছা ঠিক আছে আমার লগে দেখা খরিও তউ গিয়া দিদির লগে দেখা খরলাম া গরার ফরে দেখা গরার ফরে ওইলো যে সিলেট সুনামগঞ্জ কুনু কোস্ট ফাকা নাই যদি ফাকা ওয়
/kaggle/input/regspeech12/test/test_chittagong_0156.wav,হ আরফুস অনার্সোরেন্ট ইক্কানে পয়েন্ট লইয়ারে যদি যে অনেক্কি সাইয়যন ত তানদে অনার্সেত যদি পয়েন্ট খরু ন লড ফাইন কো তুলি নিক্কিন্নি সাইয়্যেন ত জল
/kaggle/input/regspeech12/test/test_sylhet_0303.wav,আমার যাতে বাড়িত যাওয়া লাগে না তখন তোমার স্যারের লগে আমি মাতলাম যে আমার কিচ্ছু লাগতো নায় আমি ইউনিভার্সিটির ফড়াটা শেষ ওই গেলে ছাকরির প্রিপারেশন লইতে আমার কিছুটা টাইম লাগবো আমার একটু টাইম দরকার আর ই টাইমটা আমি বাড়িত যাইতাম না আমি যাতে
/kaggle/input/regspeech12/test/test_sylhet_0416.wav,বাচ্চারার মতো ডায়াগ কিন্দি আমিদ টাখছি প্রতিদিন একপেগের ফেব্বাজ মনে খরো তোমার সাতশো পইঞ্চাশ টেখা প্রতিদিন আমার এখদিনে খরাইতে ফাতশো পঞ্চাশ টেখার পযব্বাস লাস
/kaggle/input/regspeech12/test/test_chittagong_0171.wav,চাইিল তর বাফ উসুর বাপ পাল্লা দেশে অসুস্থ কতুর বাফেরিককি ন তফন বছ তুর বাফেরে খই সময় অইলে আরে কিন্তু হে বেশি তা আঁই কম ইও হ
/kaggle/input/regspeech12/test/test_sylhet_0608.wav,আর যারা যারা আছে এরার লগে তো দেখা ওইবো একটা  তো হেরখ মে যতটুক আারছো সবগুলার জা নাই ফ্রেম ফুে ওতো খছরাই ারকি তো একটা ডে দিলাম নানি হুম এখন ইডে দেইখ্য়া এখনদে ফাতায়লাও আমি কিতা ফারিতাম তোর কিনতু নাই দেছো না তোর মা ছাড়া ফালাইলাম না
/kaggle/input/regspeech12/test/test_narail_0169.wav,দুই তিন মাস ছয় মাস খাওয়া লাগবে কারণ তো ওষুধগুলোছে হপাচের টি জ কতো সে বাংলা দেশে ি যা জকে ঢাহায় কোনো আছিন ফর আবার আসসে দযাহা নো া সাক ছে কোনোরকে চারে
/kaggle/input/regspeech12/test/test_barishal_0055.wav,ক্যামোরচালাম কালে পাটছি লোষখা তাইয় লোষ খান্ডা খিসেব এহন যুদি এহন এহন কষ্ট কষ্টের জিন্নে যতি ঠ্যাং না চাইয়ে বইয়ে থাকতাম এহন ও তো র ধানতাইছে মুই দশদিন বইয়ে থাকলে মোর কি অইতো মুই কি না খাই মরতাম সদি পোনারাযা ঠাকতাম না খাইয়া না গনা
/kaggle/input/regspeech12/test/test_sylhet_0537.wav,তুমি বড়যে হআমি মেডিকেল এখনা ফডো আমিন আমার উচ্ছে টবিন ফড়ে হ মু কচ্ছে তু লেখা খরো আমি অনার্স থার্ড ইয়ারে থার্ড ইয়ারে কোন কলেজোই মজানমহন
/kaggle/input/regspeech12/test/test_tangail_0026.wav,কিন্তু সারা এরকম ভালোবাসায় বিশ্বাসই না সে সোলমেট বা ডেস্টিনিতে বিশ্বাস করে তে মনে করে যে জনাান যদি তারি হয়ে থাকে তাহলে সে বার বার তার লাইফে বিভিন্ন সময় বিভিন্ন ভাবে আসবো তাই সে বিভিন্ন এক্সপেরিমেন্ট করে যেমন জোনাথান সারারে
/kaggle/input/regspeech12/test/test_rangpur_0036.wav,খালি মা আছেই ডিম টিমেই হ্যা তর বাই তো এইরকম তুইনা ভোট চড়ে দিবু খোড়ির আগে দি ভট চড়ে দাড়াায় ইপতারে করা লাইগছে ইপতারার মেনে ওইবে সেতো কয়টা আলুদে আলুদ ডালে ভুটকা খায় যায় ভুট হইলো শরীলের পচুর এলার জুজনিত এট্টা খাবার হেরে মানষের মানুষের ইপতারির সময় ভুট খাওয়া আসলে উপকার আছে মুই ইপতারি খাললা
/kaggle/input/regspeech12/test/test_kishoreganj_0073.wav,পাগ হ্যা গা আজিয়া কদু বরে  বার বা আছলাম নাছ মনেতযে আনি কইতাম যে এেতে কোন আনি কইছে না ি  তবেন্নে দাদা দা আমি বেক্কা নামগে হ্যাঁ উডে ামা উঠা
/kaggle/input/regspeech12/test/test_kishoreganj_0122.wav,াগর বড় মিল ফেটটি অইবা কারকানে আম্মে গেলা তুমি দাঁত দেয়ারা যাইতো না গন্দের লাইজ্ঞা না এবা গরা গইছে তাা টিখাইয়া দেছিতা বিভিন্ন দনের আবর্জনা বা বিন্ন ননের মহেলা আবর্জনা কিরা ফালা রা ডেিনির  ডেনিদে ফালাযা সামনে য্বা অইলো দিয়া তাইন্না না গনদে দুন্য়ার গন্দ ে া জন যেলো হ্যাঁ
/kaggle/input/regspeech12/test/test_sandwip_0028.wav,হইশালা ও এরে হইশাল্লাহরগো  হোলাইন আলি হড়ালেখা করি ডাক্তার ইঞ্জিনিয়ারও হইয়ো হেই ো হোলাইনে মারা বিদ্যাশ রমে থাকে মারগোরে চা না আম্নের হোলাইনে আফ্নেরে চাইবারনা এই ব্যাফারে হিয়া থাকে হুম আচ্ছা অতিরিক্ত ত অবার ফোন কররে মার কাছে
/kaggle/input/regspeech12/test/test_sylhet_0102.wav,তিনবেল্লা গিয়া রান্দি তুন ধর রান্দে না খাটা উছছা খরে কিয়া আইছস হুম মাছ তো খারি্টা খাডা বোতা খরে বুঝছি মরা বছি তাইনা বিয়া অই গেছে মনে বিয়াও অইছে  অনেক কাহিনী বিয়াও ওইছে নতে কষ্টছ
/kaggle/input/regspeech12/test/test_rangpur_0072.wav,ক না এমার লাউ  লাত তো কয়টা বাজে  দিছির মার লাউ  গুলগুলে হয়া যায় সাড়ে চাইরটা বাজে একটা মাছি বানা হইলে গুল গুলে একক পচা হইলেও আরো গুলগুলা এইলা যাত নাও মোইই লাউের জন্যে মাছ বাই করম না যে কাইলকে মুই লাউ লাউ মাছ বাই করি লাউত বাাে কোর া লাউ ব কার লাউ মোর ভাইটাই কয়দিন আগছিল মাছ কেনা নাগেনে
/kaggle/input/regspeech12/test/test_kishoreganj_0027.wav,আন্নে তোই ফসল নি না আন্নাা এই গামরের বাড়ি কু গরামের নাম কি ছামড়া ছামরাইত ছামরা জিহা বইরা আইছেনুইন এছামরাইত তা মা ফুফুল বাড়ি নজুল আইছে নইন এদাত ছামরা নদুরুল আইছে ুই নজুর বলতে এইযে এনো এ ইয়কিনটা কাড না আছে না হ এই কিন্ডাগা নের লগে বাড়ি আর আরেকজ একটা ইয়া
/kaggle/input/regspeech12/test/test_rangpur_0013.wav,তলে োয়াচাআমার জীবনে মাইনসে আবিদে হর হতে কই না তোমরা রতোম নাতি কর দুাি তো কইবে ওমা দুমুনদিন তো কদে
/kaggle/input/regspeech12/test/test_sylhet_0027.wav,লানলগুলার খারাপ হয়া  ইটা দায়িত্ব নেয় ফুরুতে  পূইজা খরে কুরু এনে সবছআর দায়িত্ব নিমো তো কমিটি আছে সবকিছু নিয়া আরা সা বাা সবা াছিটা দা দিয়ে নেওয়া ওয় ফারা রা কুজা আমরা ফায়া সবার খাছে চাদা নিবো নিয়া টা একক নায় বুজে টা সার্বজনের পুচা
/kaggle/input/regspeech12/test/test_sylhet_0483.wav,মানেওরখমস্থা এরফরে আমা অসুস্থ মানুষ এরফরে ইতা ইনারে ছলা ফিরায় ইগোর লাগি আমার এখটা ফ্রির লাগে ইোগিাে ওউ যে বাইচ্চা বাচ্চা মারা যায় খন বুঝতা ফারা ছতারা খইলে ইগু বুঝে না তা নাতাফরে  খ তারাও না ইগু তো বাচ্চা খতা যায় খয়নকুনু সমস্যা ওইছে ইয ইতা মারা যাইগু আমরা বিশেষ খরি বুজরাম যে আমার লগে এখটা সমস্যা ও খারণ ওানাইলে বাচ্চা এখখন নে আগে যাই সবকি ছোখে খরি কিন্তু ওইবার সখয় তারা মারা যায়
/kaggle/input/regspeech12/test/test_rangpur_0078.wav,ছেলায় দিবেনক এা তোনা গাজও না এইডেন খোন হইবে এডেন খোন হইবে এইডেন খোনওবানা ওই পাশের অসবরিকি ি ভাল লাগে না পরি হ্যা সান করি দিবে তারপরে নে সুকি কড়িবমাদ্রাসাত ভাল লাগে
/kaggle/input/regspeech12/test/test_narail_0143.wav,সুক ওয় দিলাম কন্তে তু মনে করে দেখতো আমি গতবার যখন ইন্ডিয়ায় আসছিলাম তখন গতবার ইন্ডিয়া নছিলো তখন তোমার আমার কাছে আসার কতা ছেলো হা বুবা
/kaggle/input/regspeech12/test/test_sylhet_0014.wav,পূজা করিয়া তারফরে আমরা প্রসাদটা খাইয়া তারফরে শেষ পূজাটা আ সন্দ্যার সময় প সন্দা আরাতি খরা হয় আস আজকে যে অনুষ্ঠানে ধর্মীয় জম ধর্মীয় গান আছে না আমার শ্বসবতি গান চার নিবেদন খরানাকে বড়ের দিন আকি
/kaggle/input/regspeech12/test/test_chittagong_0029.wav,তুরুরানা বিয়া দিবেলান দরখার মানে বেহে লাগে নাকি ন লাগে না কি উগ গরে কী খবর রি ন হই মাইনষনজিক গরে ইতি মা ওগগো কইছিন ইয়া ওরি ইতুম মোবাইলেত দুলা দেলিইয়্ি
/kaggle/input/regspeech12/test/test_narail_0142.wav,না উডো ওইদের সমা কথাতা তো হবে না তুমি আসোক ওমারে দেখি না ম্যলাদিন দহে রাতকি আমারে দেহে ম্যালা লাব আসে টুমি আসলো চার সাথে সব সম্পর্ক ওইছুকই দেছিলই তালে দেয়ে লাগ কি কুয়া
/kaggle/input/regspeech12/test/test_kishoreganj_0136.wav,আম কলাখাডা এল ক এইযেএনা তালা আমলা কাটালাবা এ এদেশে ফলেহয় একরকমে ফল আইজ্ছে কোলাগাছে মবা শিক্কা লইয়া ভাবে কলা কাটা দে নিকছুতো কলা কাতাম পেতে আইাএ
/kaggle/input/regspeech12/test/test_sylhet_0225.wav,তো আমি পড়া আরম্ভ খরলাম ফড়তে ফড়তে ম্েট্ট্রিক ফরীক্কাও দিলাম তমেট্রিক ফরীক্কা দিতাম যে আমরা তো গাওো তাখি গাও তাকি শহরো আইয়া ফরীক্কা দিলে তোমার ওউ টাইমের বিত্রে আইয়া ফরীক্কা দেওয়া যাইতো না তো শহরো থাখতাম খই মনো
/kaggle/input/regspeech12/test/test_habiganj_0097.wav,সিলেটো তো অনেক বালা বালা জায়গা আছে সাতাফাতর দেখা আমি আমার তো অনেক শখ ফামিকেরে যে কুনু সময় যে যাইতাম ছা বাগানে
/kaggle/input/regspeech12/test/test_narail_0095.wav,ততটুকু ভালো সম্পর্ক নকন তা ওইরকম কথা বলছি পারিন জনে মান তুমি তো ধইরে ফেলাইছো এইযে তুমার সাথে কআমার সম্পর্ক তুমার থমার কতো কথা হইছে ই কথা তো কেউ জানে না এনসই কথা কু জানছা নাই এইটা কিমক টু কঠানি আমি এখনো কথা শুনি যে আমার সাথে তো তোমার
/kaggle/input/regspeech12/test/test_narsingdi_0102.wav,কিন্তু ওরা একটা ফ্যাক্ট কি দেখবে দিলে ট্যাহা ডিয়া কারে রাইজ্ঞা দিলে ওইলা মোরা ওতাফে ও কফতাোআবর টা আমি আবার ই আসলে  করসো সময় যাছোম না পাঁশশো টাকা দিয়া দিবো এসটা  এহন পরছে গরাইলে এইডা লজছে বাত ফাক কলা দিয়া যায় ছ্যারা ওয়েক হয়ে গেছ
/kaggle/input/regspeech12/test/test_rangpur_0109.wav,পাতা কুড়ি নিয়া যায় খিলাইস আইলে গেলা পাফায় নাই তাইলে তোর চট্টগ্রামত থাকতে ইয়ে ভালো আছিল না ইপতার গুলা মানষে টাকে টেখা খিলাইছিল খুব নোয়া
/kaggle/input/regspeech12/test/test_kishoreganj_0032.wav,আইন কি ছামবাককা একটা মতা লাগা যায় মানে বাড়িত না বাড়ই হ্যা এইডাএইযেই ছামরা দাকা বসতি তবা ফরডা ছামবািত  বরা বড় ছামবাইগতা নে গ এা গ্রামের নামগে তাল দছি ও
/kaggle/input/regspeech12/test/test_sylhet_0597.wav,সবতা মিলাইয়া খালকে তুর বিনার লগে দেখা ওইলা ও াইো লােহবিষতে আসস ফরছে পোক্কানাকট  আসতা তা ইইয়া খালকে  গুতা বান্দারে দেখলাম না আমরার বেছে আমি খালিতে সত্তে শিয়র গেলাম মনে যদি বিয়া টানো ওইতো বিয়া ওয়কোনি আমমার তাফাতো বইল
/kaggle/input/regspeech12/test/test_sylhet_0081.wav,আমি তো বেশি আগ্রহ যায় না আমাত বালা লাগে না আমার বেশি কড়তে বলাইতা া ফরছি ইতা তো আরো বেশি তার মানুষ ইতায় ফড়া লেখার তাা আমি কতোবে ফড়তাম নায় তো তা এখন টিচার বার আগ্রহ যা বাড়া ফড় তাো খয় টিচার ওইছিলে তো ফড়া লাগবা ছোটো বাল ফড়তেই তাকালাব িক বালা
/kaggle/input/regspeech12/test/test_barishal_0078.wav,মোরা মাইক্কা থামু উসি াইা তারা এ জাগা অগলাগলা ফেছ ওগলা ভাল এ করছে কি উুত্তু তুমি বজ ুছ উলডা দাত কু দি হে বাইন ফকডা পবলেম ধরি উল্ডা উুল্ডা আইয় কোনো কতা
/kaggle/input/regspeech12/test/test_sylhet_0632.wav,আছা আর শীত ফার কার ককুলামা যে চেঞজ আই না ইনো রিতার বুলেজো মাত্র ছয়টা সাবজেক্ট সাইন্স আর্স তোমার্কিতা দোনা আইয়ও নকিতা পজেটিভ ইমপেক্ট খরবো না নেগেটিভ বুঝাবার না আসলে
/kaggle/input/regspeech12/test/test_sylhet_0074.wav,আচ্ছা আরকাতি আবার আইয়ো আসিল লার শুরু অইবো আসু ুরা ওয় গন্টা দিয়া শুরু অয় আসিদ দুর্গা পূজা দি এফরে তুমরা মিয়  বাননাম আছিসাব ফরনা  আমি তো ইংলিশ আমি বুঝি নামি তো কটুকরইযাও ম সুংরা খইছেবাড়ি এরফরে দুরগা আসিল লালা দুর্গা পূজা অযাযান এরফরে দুর্গা প্রচার ফরে ফরে কিতা কিতা দুর্গা ফুজা ফরে উফলক্ষ্ষী গুজা খালি ফুজা
/kaggle/input/regspeech12/test/test_sylhet_0259.wav,আমার বার্সিটিত চান্স ফাইতোই আর এর মাঝে খই আমি তো আর্স থেকে ফড়ছি  যেই গ হাই ইস্কুল যেটাত ফড়ছি ওকনতু াাসাইসো আপি না খন আর্স থিকি ফরা আমার  বার্সিটি ইয়োটাও লিমিটেড ওই গেছে স্কোকটাক যে আমি তো আর সবটির মাঝে এপ্লাইও খরতে ফারতাম না
/kaggle/input/regspeech12/test/test_kishoreganj_0054.wav,লাহ হলজন যেন দুান কলে লজন দিছ  মােমাহেন ত ফরীক্কা শেষ হ হ্যাঁ হ  কি ফরীক্কা অইছি হ আ জাত্তাদি াি জাতাদি তআইলে কি ফরিক্কা অইছি
/kaggle/input/regspeech12/test/test_sylhet_0587.wav,চাকিবে এহন কলেজ বেটার গেছু ফরলে তো অবিয তা ওতা বেটায়ও পাম দিছে এহন ঘরো সবে খেউ না খরোইন মানছোইন না এখন সযারছি কিতা ফরেইটা সলে তে রে বই অতোটাদিন আর ছাইর আজার টেখা ছেরা খালি মানে ঘরে ঘরি প্রাইবেট প্রাইবেট প্যাফারে কিলা খররে মাখালি ফাম দেয় মানুষ েইতাকর কইতা খরবো কিন্তু কিচ্চু  দুকার ফ্রা ফরে ও এখন সাইম বা ইবে
/kaggle/input/regspeech12/test/test_rangpur_0046.wav,এইডে তো কাহিনি করেন না এলারো ঝনি হয়া হয়ে এগনা কোরো হয়া আহে এাইয়ার চমেন জম করে এলা চার পঁচ নাইন খায়ারে পচ্ছে ে আলি কর কর াতেরা  ধরা ঘন কা
/kaggle/input/regspeech12/test/test_sylhet_0750.wav,আর আফনারা ইখানো যে বানে পূজা আরছো না কিতা কিতা ওয় আমরা ওতো ফারবারি ছর যেতুন যাওয়া ওয় কগা ওয় লোকিমিনম গেলে ডুল গিনমনে ওইলো ডেলগি নিমু ফারিবারিতা বড় বড়ো তো অনুষ্ঠান আমরা খরা মংশা নিমু জাগা জুগা খগা খাডি দুদা
/kaggle/input/regspeech12/test/test_tangail_0027.wav,যহন ওর নাম্বারটা দেয় পাছ ডলারের একটা নোটি তহন ছাড়া এডা দিয়া এডা দিয়ে একটা বই কিনা ফেলে বই কিনা ফেলে তহন ওই নোডটা মানে যে দোকানদাররে দেয় ই দোকানদার থিকা আরেকজনের কাছছ রএকজনেরে যেরকম ছড়ায় যাইতে থাকে আর ছাড়া বলে গণতানরে বলে যে এই নোট যদি আবার আমার কাছে আছে তাইলে ভাবমু
/kaggle/input/regspeech12/test/test_kishoreganj_0124.wav,তেলা কিন ফাকৃতি গ্যাস কয়ডা ইত্তাদি ব্যাবহার কর কয়ডা ইত্যাদি দিছোইন কি লখছস বিশ আর অইছে সত্রিশ ফত্রর অইবো ফঞ্চাশ হ ছাপ্পান্ন হ টিক আছে দশ আর আশি নব্বই হসাতান্ন আর অইছে চল্লিশ
/kaggle/input/regspeech12/test/test_narsingdi_0117.wav,ফইরের একটা মাস্টার পিস কানবেচা করলে ইবো কেমনে ইগুলা পরটগার্ ক্যার ফল আইচ্ছা যেডা হিনতকএই ইনটিউনেশন থু কিে
/kaggle/input/regspeech12/test/test_narsingdi_0058.wav,ওডে কতা কইতামছ নাতু এযি সত্যি ক দা মানতে মকি ধরে কয়া কি আরকি আমার তে বালা তারার কি  যে করাছের মাদ্দি গলা হুন বা ইছে কাইজ্জাগায় সবাগিনসাব গি মিয়মিও কইরা গতা তা অনে এক্টু ঝ্বরা কাটাইলে কি অইতাম অঙগো কা গিা গর টাহি না
/kaggle/input/regspeech12/test/test_kishoreganj_0187.wav,আব ললা সুরাহ মাটি পয়ে যা ু কত না ক ু পচ মাটি নর ট াি  পুডি পানি দুসনে কারণ  ন ন মার নৎ মার নতবা র মার
/kaggle/input/regspeech12/test/test_kishoreganj_0194.wav,হু ইডি দাউ কলে া দেি দা কিে রে লেইখ্কা লেখতা কিরান হে পানিদে মিশে দেখা বালি কাদা ইত্তারি ইট্টা দিয়ে স্রন পক্ষে কি বলে কি তানে ইক্তারি সরানদনর পক্ষে  কি বলে
/kaggle/input/regspeech12/test/test_sylhet_0591.wav,ই খয়দিন থাইক্কা অক্টোবর তাকি মুটামুটি বালা যাব ফার যে ইটা তামুটামুটি বিজি তিন তিন চার আয়ন হুম অনওতো দরো এক ঘন্টা যায় ই গুম তোকি উঠলায় দশটা থর আইলা তএগারো যাইিআর এর আগে খয়দিন আ
/kaggle/input/regspeech12/test/test_chittagong_0135.wav,ঠিক আছে ফুপির খাছে তে দুকতি আছিল না খরতা বা মাইন্নি কিন্তু ইয়র আগে যে চিটাংগত না এবার লাগে আর ফল ফল বানায় তালো তুরা না খই যে আগে বড় ফুফিফ্রেন্ড উরটাফুরে তুরা আরে লইতো আবি ঠিক আছে না তাতাল বলক ফ্রেন্ড অইছি তুরা হুনা তোরার ইক্কানাননাইনতা
/kaggle/input/regspeech12/test/test_narail_0112.wav,তুমি তো  তুমার আরপি তুষি সংসারে কিন্তু আগুন বেইরে যাবে নে ভাজজানি একিন্তু আল্টিমেটাম দিয়ে রাখতো স তলে আমি তোরে আমি একটা কথা কই লিখে রাক ওরার আমার সংসারে কোনোদিন আগুন ধরবে না যু লিখে রাক
/kaggle/input/regspeech12/test/test_chittagong_0052.wav,আর তয়ান হইয়্ছ উননি চলা দেছো আর এইদে এক্কা মামা দিতার ইগু থুই তো ভার জানেছ তুলি না আরি ফরি য়ানরে থুই তা ভাই কী খইয়্যুম ওই ফায়া না না কি ডাইনি খয়দে এগিন অইলেও তোরে সারা যাইবো
/kaggle/input/regspeech12/test/test_sylhet_0339.wav,গেলাম বাড়িত আমার ছেলে ওইলো বড়োটা মবাড়িত বাসাত আছলাম ফরে আবার ফরীক্কার ডেইট ওইলো ওইসময় আমার ফুতের বয়স ওইা গেছে তিন মাস এখন তিন মাসের বয়স তো বেস্ট ফিডিং টাইম
/kaggle/input/regspeech12/test/test_narail_0166.wav,আরে ছোগার অলি তো আরও কতো কিছু ো ুমানে এমন এমন রোগ আছে ধরেই না ছোকার হলি বসওয় ছোগা আর বেটিকস থাকলি অন্যান্য ওষুদ খাওয়া নিতো যায়ে না
/kaggle/input/regspeech12/test/test_tangail_0041.wav,কহন ই মানতো না সে বলতো একটা বাগ কহনো মানুষে বন্দু ওইতে পারেন আইচ্ছা এইরকমভাবে সবকিছু ভালোই তুলতাছিলো কিন্তু প্রশাসন না এনিমেল রাইটসেএর কারণে নাকই কারণে ই ঝুডা মানে বন্দ করতে অইতাছিলো ওকো
/kaggle/input/regspeech12/test/test_habiganj_0057.wav,ছি একদিন এমন লগন দিছি একটু বেশি ওই দিছি কিন্তু ওতো বেশিও নায় কিন্তু লগনডা বেশি ওইতে ইতার লাইজ্গা আমার বাবা খয় ডেইলি তো তুই খতো বালা খইরার হামরাছ আজকে তুইকেরে ওতো লবন দিলে তর মা কিতার লবন দিয়া দিছে আমি খই মাওতোই দিছে লগন আমি তো আর লবন দিছি না আমি আর কুন সময় লবন দিলাম আর আমি ইানদো ফাখে দিয়া একটু লবন দিছলাম বেশি ওই আমি খই আজকে একটু লবন যদি বেশি দেই তাইলে তো আমারে দিয়া আর রান্না ইতো না আমার অখন আর মজা বুইজ্জা লইছি আমার আর রানতে ওন তে আর বালো লাগে না এরফরে
/kaggle/input/regspeech12/test/test_habiganj_0003.wav,অংতো আফনার যেন খন সাতে যাওনডা তো সম্মানেরই জামাইয়ের সাতে ওইরা লইয়া যায়বারো বরজিতই দিলোত দেলাতো আম জুরা ফড়াইতোফরা গেছে যেডাও অখন র্যাডা পেয়ানরা অয়  ফরা
/kaggle/input/regspeech12/test/test_sandwip_0068.wav,যেমুনা তার্জা নাতের বালি চার চারতাম আচ্ছারাবজান্জার দিনএ দেতে যা না আস্ছারা হিমর  র   বেএগগিন বাব্দে নামনে যে কুম গেছেন হিয়ান হিসেব কইররা লই যাগ
/kaggle/input/regspeech12/test/test_kishoreganj_0006.wav,গাড়িত তুয়েরে কা খাইয়েদারি খারছ গাড়ি ধরা করে গাড়িত ধাওয়া গেছেলো সালে হে বানায় কি তুইলা কিানিতে ব নেসট  সােন না হেয়েরে তো লো না  লাইগমন আইছে যতে এদুইডা াা
/kaggle/input/regspeech12/test/test_habiganj_0095.wav,সামনে যদি সিলেট যায় কলেজ থিকা যদি সিলেট টিকনিকও যায় তাঅইলে যাওয়ার ইচ্ছা আছে দূর কুনা না গেলে ফ্যামিলিত থকা দিতা না আব্বা দিতা না যাইবার লাগি ওতো দূর যাওয়া আব্বা পছন্দ গরোইন না কক্সবাজারে গেলে যাইতাম না যদি সিলেটের বিতরে গুনানো যা নতে ওইলে যাইমু নাওইলে যাইতাম না
/kaggle/input/regspeech12/test/test_sylhet_0562.wav,আর স্যারে না এই পেপার আগোর ইন কোর্স আর মার্ক দেখাইছোইন দেখাইয়া অইছোইন ইবার ইনকোর্স যেহেত তো ফাইছছোতো দি ন কোনু ছাড় দেওয়া ওইতোন নায় বালাখরি ফড়ি আয় আর তো টেনশন আর তো ফাইন্ডাউন দযল ফরইয়াক্লোর সিক্স
/kaggle/input/regspeech12/test/test_chittagong_0055.wav,অ এচলে তো বউতে কি দুনিয়াত সেকটা চিনন বাছন দুনিয়ার গেন্নে কেম্নে বেয়কগিনয়েরে ওবইন হাম হরচ গরিয়ারও বইথা কি দিরের মতো খন না হ কি আর গরির হ ইতা হরেআ বলা গম ঘরের হাম বেয়াকগিন গরিয়ের আম্মারে ইমপ্রেশ দেতাম
/kaggle/input/regspeech12/test/test_narsingdi_0019.wav,ওই কথা আছে না খুব তাঁতের ইঠাগেলে উপরে উইঠা গেলে মানুষ পরেআর  থাকাইতে চায় না হয়দ ভুইলা গেছে আরকি যে কইছিলাআমআর কোথায় আসহয় এগুলা হয় ক্রিকেট এগুলা হয়ায়
/kaggle/input/regspeech12/test/test_rangpur_0107.wav,এলা গরু গয়টাগাওর বলে এইককা চাইরটা হেইয়্যা ওই ছাগল আসে ন কি ছাগলও আকটা  পাতাটা কা খিলাইস না খাস টাস নিয়া য যাইস না
/kaggle/input/regspeech12/test/test_barishal_0097.wav,হেডু বিবেকয়নাযে ব্যডা হরা দি কাম করিছি দেই ই অইলো সমস্যা  এহান দুই গাঙ কাইড্ডা দেই হ্া হতু কতা কই যেই ডাম কই্ডা দিয় খাত পরে বাত এ মনে করেন এই এই পানির যাতিও খাওনডা মোর রাতেই এই খাওনডা আতে ভইয়ে কইলা মনে করেন এই যে হারাদিন কাম করছি না মোর কোনো দুঃখ নাই ঘরে গালে মোট তাল্লোর ভিত্রে রক্ত উইড্ডে যাই লাগ এরম কলে রক্ত  বরা কোনো দিক দেয় খাল মারো মারো
/kaggle/input/regspeech12/test/test_chittagong_0007.wav,ত ইয়া খই তে আঁরে খাতে ফিয়া ফা আপনার বলে কি অশুখ অইছে দিগা হাড্ডে একটু অশুখএ রুছিত আঁই আজিয়রকি আঁই দিতিরে ফল বানাই তে আঁরা অর্দদুর বাজি হ দা অনে কিল্লা ইয়্যের তুন উইট্টুন খদা অইন্না ফারি হদে এক্কান আলাদো আইয়ের বইয়ন্ত হদো আন্টা কইদি বই হলি থাইকতু ন খয়রে আঁই জব দেছেতা তার খদে ফুল ন খাইর হরে
/kaggle/input/regspeech12/test/test_kishoreganj_0169.wav,বারওয়া যায়  ুনডা বারসলনাদখ থাকা খনবাসিটা  পর্যন্ত রকি বাটফটিত ফরি ভওয়া কেমল খব বলে ত অমুযায় ভিটরটা খুব লাল তর মযায় ভিটটা খুব লাল তর ম ভিটরটা খুবলা  আচ্ছাতে অনুযায়ী ভিতরতা খুব লাব
/kaggle/input/regspeech12/test/test_chittagong_0070.wav,এগিন লইয়া নাই ুমাও জানি খালিয় আ ফুরুয়া মেিড লিফতর রেজাল্ট লইয়্া আঁরে দাদা খালিয়া খর আই খালিয়া উন্নি যায় খালিয়া অলু ত ফুরা একগিন শুগোঅই গেয়য গই হ তম কিরিমি খইরদি
/kaggle/input/regspeech12/test/test_narsingdi_0009.wav,ওরে তো রাগসো মোটামুটি তিন চাইর বছরদলের সাতে রাগতাছে লেক্সপিনারের আবাব পূরণ খরতে ফারতাছে না এই প্লেয়ার রালেক্সপিনার লেক্সপিন্ বল খেলাইবো তখন ওরে নিয়া যায়বর ইলে এক্সপিন্ট বল করে গেয়াগরক িন্তু ওর্ড এক্সপিনিয়ার সাতে ওতো বাংলাদেশের লেক্সপিনির কর কোয়ালিটি মিলে না
/kaggle/input/regspeech12/test/test_narsingdi_0048.wav,টুতে ফরসময় কিছুদিন আগে খেয়ান নায় ও যে রাত্রে বেলা খারেন্ট বছা ফেরে ছামি যে ত্যোলে রিয়া তেলের দোহানো ত্যালে যেওন আওন লাগযে আমি যে মোখ মুস নাম গেছি গিয়া আমি যাওই কিরে ফেরিদা বা লাইটিং মাইটিং গেরে পার্টি নাকি ফরে ফরে ছায়রি দুয়া উঠতাছে
/kaggle/input/regspeech12/test/test_tangail_0052.wav,ফরে রিসার্চ ফার্কার যে বাগটা ও বনে ছইলা যায়গা নাইমে নানাইমেই বনে ছইলে যায়গা আর ইফানখান ওই বাগটারে ছলে যাইতে দেহে কিন্তু বাগটা মানে কখনো পিছনে ফিরার তাকায় না
/kaggle/input/regspeech12/test/test_sylhet_0256.wav,বাদে আনিয়া কোচিংও বর্তি খরাইছে কোচিংো যখন বর্তি খরাইছে পজিটন কোচিং ওটা খাওয়া ফরা চিন্তা বাজারতুওনদেগে খাওয়া ফরা কিনতু আমরার মতো ওলা ক্রান্তিক এখটা ফরিবার থেকি এখটা কোচিংও রাখা কলেজতো ফরিলিছি হুষ্টিলো থাকিয়া  কোচিংও খরতে গেলে থাখমু খই
/kaggle/input/regspeech12/test/test_sylhet_0029.wav,শেষ অইলো ওইটায় তারপরে নওমি জিনস হয় সেখীভাবে পূজা পূজাও ওইলো টাককুরুতে পুর পুজা করলো প্রত্যেকদিন হেতু নতুন কাপড় দেওয়া য় সব টাকুরযি কর তা সাজাগুজার জিনিস আছে না টাকুরর আছে এগুলো দেওয়া হয় দেওয়ার পরে মাছযে সবাই যে বক্তু ঘরে টাকুরকে গিয়া প্রনাম করে ইটার মাে কি সবাই কিকু প্রনামি দেয়
/kaggle/input/regspeech12/test/test_kishoreganj_0059.wav,া আন্নারা গাছ দু গাছ দু আন্নেরা নগু বাছ নেইগগা তগা এইডা হক কবাইন্না ফারিস নাই ফারিত না ফাল তাকতে না
/kaggle/input/regspeech12/test/test_sylhet_0445.wav,াই এলাখার সুযোগ সুবিধা বালা আছে ি ে  এখবারে নিনিবিলি কুনু মানুষ অনুস নাই সন্দ্যা ইয়ারলে আর কিতা খইতো আমার যে বয় লাগে ববার এখবারি কুনু মানুষ খয় আবার কিন্তু একটু সামনে গেলে মানুষ আছে আমি দুই নাম্বার বাসাত আছলাম ইগু ওইলো তে তোমার ফেরতেলিশ নাম্বার বাসা এখন তুমি গুররামি দুই নাম্বার বাসা খরছামি গল এখবারে মেনরো
/kaggle/input/regspeech12/test/test_chittagong_0120.wav,বিদি হকসা বার মেের গি লাস্ট নে তো আইয়ের খরদে বার আয় না বাবুল অইগিদ ওডি একটান খতা খই তুই মোবাইল নগদি সৌদি  ন রিফারত লেয় দো সমস্যা ক হ্যাঁ রিফাত বেন ডেইহিলে সমস্যা ও বেতার লি খইরদি ও
/kaggle/input/regspeech12/test/test_sandwip_0093.wav,ম সামনে খাইকলে একসটাাইনা নাম এখটা করবাইননা আমমা এখটে খতা ব তা কি অইছেনানি জনতােদাক গুখর যুগ্ঞ খরাইলেও আছার নানে  ওই ঢাকা যে যাছ
/kaggle/input/regspeech12/test/test_kishoreganj_0057.wav,আহনে দোয়াম্মন দন খায়াম কেমনে অঅইছি তো কাওয়ায়া আমো এইযে এইযে ফব কি চাও কিা দহান কুলা কাওয়াই আম তো কাওয়ামযে বিলে মাছছাছ আছে মারুন যাইবো হ্যাকনে গাছি তো কুগা ককও কুন কাছ ছো কুন গাছো
/kaggle/input/regspeech12/test/test_sylhet_0222.wav,ছাকরি খরিয়া আমার ফরেশারটা যাতে থাখে না হাউস লাইফের পাশাখাশি যাদে আরেকটা ডিখে থাখে ফরে আমি ওউ টার্গেট লইয়া মনো বলে ফড়া শুরু খরছি আর আমার বাইয়ের আমারে খুব সংযোগিতা খরছোইন ই খাততে আর ভাবিরা
/kaggle/input/regspeech12/test/test_narail_0120.wav,তমি খালি আমাদেরে থাকলি অলো সংসাকরথাও করবা না আমিননি সংসারর করো সেইটা কোনো বিষয় না বিষয় তো ওই আমাদের না ফির এতো কতা দরকার নাই সে তুমার  সংসার আগলাগানোর দরকার নাই লাগাচ্ছি না কিন্তু আমার সংসার টু আলো জেলায় দিয়ে
/kaggle/input/regspeech12/test/test_narsingdi_0068.wav,কই আমি গ্লাসের মাইয়ে বলে আলম মননো ক আগো বযাস্ট টযকেরে এ মায়ে বিখ্যাত কইরা লাইছে যুব সমা জনয ওইতে কপক কয় এমগের মইদ্দে টিসিরিয়া দিছোং ফাইনা কি অবস্থা এ গেলো বার রাখতো নামরা বায়ারি রাখবো
/kaggle/input/regspeech12/test/test_kishoreganj_0158.wav,কাডালি মেরডা আমার আকি কখনে সহকালে আমার কন সকালে গাসের উপর বিন্দুবিন্দু পানির জমি থাকতে দেখিছে সয়ালের নডা বিন্দুবিন্দু ফানি জমি দু দেখছে ইডা দেখছো না দেখছি ছালি নাবি দেখছেন কিন্দু বেশ্ি
/kaggle/input/regspeech12/test/test_sylhet_0584.wav,তা খইতাম ফয়লা ফয়লাও তো জাহানস্ারে ফড়াইতাম এখন যান স্যারোর ডিমান্ড খতো এখ জানছো বেশি বেটার ফাছ আজারো নিছিল মানি না আর টেখা তাইকি বলা ওইলো গিয়া হে নানি তো বাদ স্টুডেন্ট েতা সববর  না শরমোর কিচ্চু নাই উজ্জ স্ারে দরছো আর একসাতে অয় না মানে আর ফত ওইলগা
/kaggle/input/regspeech12/test/test_narsingdi_0100.wav,এমরারে কী করি সাবচার ওই যেডাই বাদ দে কিতের ফরে তো বুঝছে যাওয়ার যাওয়লানামি ফানি ওয় না না আর আর কই ঈদে সালামিনিবার নাকি আমাতে সালাম
/kaggle/input/regspeech12/test/test_narsingdi_0131.wav,ছুডুবেলা আবার ছুডুবেলাতা লাখাছস্তে ইতার কি ছুডুবেলা ততা ছুডুবেলারতে আম্মার মতো কিউড বাচ্চা না হলে সিনে যনছে কসচ্চা ক আরও ানহুবা
/kaggle/input/regspeech12/test/test_sylhet_0309.wav,ও ওত্তা খাঙকরি করি ফা আসলে তো তে গেছোইন তারা বাড়িত দুইওও ফ্রেন্ড মিলিয়া বাড়িত গেছোইন তারার বাড়িত আগে গিয়া আব্বা আম্মারে বুঝাইছোইন যে তারারে কালকে দুয়া দিলাইতো আফ নারে খই কালকে দিয়া দিলাইতা কী কিতা কুনু প্রিপারেশন নাই আয়নি সম প্রিপারেশন নাই যতো বাশে নর বল লাগতো না খ কুনু প্রিপারেশন নাই তোমরা খইলো বিয়া কিলা বিয়া অইতো
/kaggle/input/regspeech12/test/test_kishoreganj_0088.wav,উজা এহহেদিআবিজনের জমুন জা ফানি খাইছছ হ কেমন লাগে জন ফানি  লাগে বেছে না কিন্না খাইল্লাগে মক্কা তোমার কে মাঙনা মক্কা মাংনা হুতলে মদিরের মদ্যে আনি ফানি কওয়া মদিরের মদ্দেদ ফানি নাই মক্কাততে  মক্কা ফানে মান না কয়া হ
/kaggle/input/regspeech12/test/test_narsingdi_0072.wav,করতা ছিলোন তারে এজডেন্টোর খাতার মদ্যে কী লেখা এলবলে সিরোগ্রামগো আলাদা খাতা নিতা কি তা ও তার খাতার মন্দে কি লেখা কি লেখা সস এস ডাব্লুই সফফরে ইত্তায় ফরছে ইদের জামা খয়রাইছে দরবাট
/kaggle/input/regspeech12/test/test_sylhet_0457.wav,আমার তোছাতাইবার না আমার ছাতাওরা সব আছে আমি নিজেও যাই গেলে তো বাই বুয়ানিয়ালটা আমার সেইমও ওলা ওউ কাহিনী আমার বাইওম তো খইবা এখো আমরার হফুয় আছলা যেনা আমরা বুগু ওলা ওতার লাগি আমার আব্বা াোতার আবার উপুরে বুগু ডাকতা আমার বাইয়েতা বই লাইতি া
/kaggle/input/regspeech12/test/test_chittagong_0123.wav,রপরে নাত তুনা মনে কর দাউত দাহাইজ্জা গান গুরু সাাদিয় আর কিচ্ছুই ইন্ডিয়ার ফরিক্কার ফরে আই রেই হ তই এইদিন ওটি গেইসসি যি টুহনত গরি রাহিপা জ্বালাইতে ঝ্বালাইতে সওয়াল বানাই ফেলাইয়্যি
/kaggle/input/regspeech12/test/test_sylhet_0397.wav,তছাইরের দুরে খরি লইয়া ইসময় আমি ওযে এখলে খলা সবয় া নাইও বাসাত আর  এখন তো বাজার দৌড়োর ও যে অযা অবস্থা কিলা অবস্থা কামোনা বাজার দর্মিয় আছনবসার দৌড়য শাল্লারে বাবা ইতা তো ফরয়ালেমরা সব কাক দাম বাসা বেড়া
/kaggle/input/regspeech12/test/test_kishoreganj_0022.wav,আচছা সাইর উদ্দিন ককা লক্কা কি তছিনব লক্কা দান কবি তিন চিনবো ফরদ আমরা ফাইলা অইছে এ লই যে তযাওয়ারে তলে নাম কি লক কি া কুড়ো তলা বসা তুদুরযা বইতা াচিলা ফাইয়া লাছি না তাতসব খুব আসতাছানে না তুইন্না কইতাছস এর্লাইগিতো খাতা কনমো মনে বেছ লাগে অহন ই এইলা আমার চিনছে না ন আমনে কইইলা লক্কা হ্যা হঠাৎ একদিন সামনে ফাইলে
/kaggle/input/regspeech12/test/test_sylhet_0190.wav,খলকামুটি বাইশ তেইশজন সদস্য আছিল ফ্যামিলিেমান ফ্যামিলিত জয়েন্ট ফ্যামিলি আ ইতা ফ্যামিলির মাঝে যেমনে আনন্দ আছিল এমনে দুঃখ আছিল মাঝে মাঝে ইস্কুল থিকা আইয়া ফাইতাম বাতত শেষ তেই  তইয়া একটা একটু তাখতো
/kaggle/input/regspeech12/test/test_narail_0118.wav,খুলনা আসো খুলরা যিি থাককো তাহলে কিদি আমার ওই কয়দিনির ভিতরে আমার একটা যদি এক্টা প্রজিশন তৈরি হয় আমার ব্যবসা বাণিজ্যের আমার একটা অফিস নিয়ার পরিকল্পনা আছে মানে এহনও দাড় করাই নাই পরিকল্পনা আরতে ভবিষ্যতে ওই কোম্পানিত একটা অফিস নেবেতে
/kaggle/input/regspeech12/test/test_narsingdi_0033.wav,আরে কিছু করান নাই বাদদে থাক ম্যাচ দেখ এহন এইযে গুজরাত ব্যাটিংয়এর নাআমবে দেক এহন গুজরাট জিতবে বেঠা লাক্ষ্ণৌ বোলিং ইউনিট দেকছস কেমনে জিতবো এক মার্কোডে দিতবো সব উইকেট নিয়া নিইবো দেখ যেট এহন দেক
/kaggle/input/regspeech12/test/test_barishal_0001.wav,আর বিশ টা টাহা দিছি এর পোলার বিষ্টা টাহা দিছি পোলার বিষ টযহা খাইয়ে অর বিষ্টেহা নিতে অইছে তাহা বায়াতে লইয়া এমন পাপে হিরিমিরি দিকি ডাই্নির দে দরছে আরে চাইরপেক  িতে হতে রবা ও স্যারে এই না রো ছুইড্ডে যাওয়ার চেষ্টা করে পারেনা ঘোরতে কইরতে দৌড়োডা পরছে দ্যাফোর আইয়ে
/kaggle/input/regspeech12/test/test_narail_0037.wav,পনাদি ও ময়ন এগে তো ছলো ওই পাশে  ময়ন এগে তো ছলো ওই পাশে পিচ্ছিতে ছটে িদওক রহিছিলাম নাও কয়াও াদফর আগে  ইটল আমি ওই টুকির খবর কতুই বারবি কইতে
/kaggle/input/regspeech12/test/test_sylhet_0411.wav,আরমলাম্বার আর তার বাতে দিলাম্বা তারার বাসাও মেডিকি ওইও তারা উসমানি মেডিকেলোর খাম কিন্তু তাই তাই দাবির বাড়ি গেছিন তামির বাড়ি আর নানির বাড়ি এখদাক বুঝ্জি না তারার বাসা দেইখেনো ওইছে এখন তা ই তো গেছে গিবিন্ন মন আমি তাইরে ফাইয়া হবায় দাখি লইয়া আইচ্ছ
/kaggle/input/regspeech12/test/test_narsingdi_0101.wav,ুখ সালামি সালামি কেউ সালামি দেয় না ভাই ফিচতা চৌধুরী ধইরার মদ্যে দিইস দিছে ত হেইরা দোর সব ইিঙয়া টাকা দিয়া হ দুই আজার ডযাও দিছে ি একটা ট্যয়াও মারা তোা ইতো টা ফিংটামার শযাছো আমারে দিয়া দিছে আমি হেন্দু ভাব ভদ্রর ভাবি মারা তো ড়িয়ালাইছে হেরি নাই আবার ডাতেছে ভাই চু রাস্তা কাও
/kaggle/input/regspeech12/test/test_chittagong_0134.wav,আর ল যাবলার  রাজি আছিল আই কি গোছলা তে ক নতুন হসতুল ফনতে ফরগি যেবু সম্র যদি হতা কিন হর ভালা লাগে না এনে াদেখি তল্ে মানা ইয়া যায় কেললে মানা করযে বলতে খবদে ইইতারার এননে দাহাত মাত্র অইছে দুক তিন দিন আইন্দে হর দেি তাহক না তারফ্রে আন্ডা আইবু
/kaggle/input/regspeech12/test/test_chittagong_0038.wav,এ কি ফয়া লাহা চাই চাইদি হর ফয়লের ন ফইয়োর হ উন আন্ডা ব কইছএবার আন্ডা বদি বইছি দিব আরা দরে নিসেদ কারারা যে আমি কি বাত্তে চাইতো চাই আর কিন্ডা অইছেলাম নাই বেট না চাই চাডি কুর দিস না হ এডে এইচেতু ফা চলে হের
/kaggle/input/regspeech12/test/test_chittagong_0153.wav,আন কা আন্র বী রয় রাইয়ে অ আইচ্ছা অন্য বান্ধবী অইগো বেরেন্ডে শাহিন্নারে দে শাহি না পরগফানডা আবাদ  মামার বাড়ুত গের যে যেকু বিরাত গেই তুর আরুককেলে যাদি
/kaggle/input/regspeech12/test/test_narsingdi_0053.wav,ফয়লা তো বড়া হুন লাইগগা জানু এইযাইম্নাইতে আমরা ইউজ করি গটগটগটগগডনা গুডনাইটর এমারেস্পন্সার করা উচিত দেই আমি গুডনাইট একটা কিনতারি ইয়া মেগের ভিতে  গর লগে বাদা গবির ক্ষেত দেই মহার মহা া
/kaggle/input/regspeech12/test/test_chittagong_0088.wav,ফাইল অইয় গেই্য মানে ফেইলসছে এইটি তারফরেই তো জিনি মানে কম্পিউটার শিখায় মানে কম্পিউটার ফরীক্কা দিয় ফালার ফরে এইছে ফাস্ট ব্লাস আইলেসি সেকেন্ড বারের মদ্যে পাছ স শি দাউট শিকাস তোরার মাঝে মানা নাই এহন কি মানে তুই যুদি ফরিক্কার ফর শিবস তোরে এব্ডারে ফিরিছি গম বরে বুঝে
/kaggle/input/regspeech12/test/test_rangpur_0051.wav,হুসায় অ সবাই মান চাথে নিয়াত খাতা  সবাই সবাইর হাতে ার কি নহ  কিউ করো ওইয়ারাই  ছযাডা ওইযে সবার জযাযে খাইছো মেপতারি ছে ফিজি কতক  আজকা লা খান আর মু আগো ঠি করছে নু
/kaggle/input/regspeech12/test/test_narail_0125.wav,সেখানে মানুষজন আমার মতো মানুষজন খুইরে বেডায় আমাগে তারা আবার পরবর্তীত যে ডাকে আ তাদের কাছে যাই গা তমার তোর তোর ছবিতি পিপাশা রাখিস ভালোই তো  আমারে তো সারণ করিস না প্রিপার সারে তো ঠিকই সারনতগানের কলি দিছি আমার গানডা অনেক প্রিয়
/kaggle/input/regspeech12/test/test_narail_0086.wav,না তুমি তো বুলে আইয় গেছে আমরি ভুলে যাইনি আমার এই বুলে গেছে আমার ওই সবাই বুলে গেছে আমি ঘরো বুলে যাই নি ব তার কচ্ছো কি দি ফোন দিছি ই কতা কচ্ছো আমার সাথে আবার সবাই কতা কাম
/kaggle/input/regspeech12/test/test_sylhet_0544.wav,আলটে বালাই তার নসাতা বউত োও আমার তো পড়ার টেওই তায় ফড়ার ফড়া কিতা কিতা করছা তর প্রাইবেট ফড়া  ইংরেি স্যাআর ায়ন আজকেউ ইাগেছ
/kaggle/input/regspeech12/test/test_kishoreganj_0056.wav,হ্যাঁ অংআালো অনক বরইক্কা সবাইরে  আইচ্ছাদোন কইলা খাওয়ার এমনে
/kaggle/input/regspeech12/test/test_rangpur_0088.wav,সমস্যা হইবে সমস্যা কী হসেইা সমস্যা সেইটায় তো এটা নাম তোর নাম কী বেলোয়ার মন্ডল হ তোর বয়স কত চলবার নাগছে এলা
/kaggle/input/regspeech12/test/test_sylhet_0009.wav,ই না কিতা গতখালকে নিয়া কিও না পশু মানে কিরখম ফালন খরোইন না খরোইন আর ফিচা আর কি কুচাগ প্রথম দিন আমরা আগের দিন রা নিরা আমি সাত মার বিশ খাইতে অয়না আমিস বিচ্ছা সিলেটি ভাষাজার প্রতম দিন আমরার যজ আমি শ খায়াটির প্রতমে ফরের দিন ঘুম থেইক্কা উঠিয়া
/kaggle/input/regspeech12/test/test_sandwip_0091.wav,এবের মাইয়া যাইন্নি গেছে আঁই তো আর মোরটাআঁরার চোখের ফাইন্না ইয় ডুমনা দা কাা বারে কাজ করি মনে কাজ ত রাগা ছা  লা  দকা  কা কাজা না তোইয়া মনে অয় এক্কেরে রাইতে রাত্টার নয়টা অইজ্জন দ ফাঁজ আর কিছু তুনগা খাওয়া ন মইন্না    া কসুতু
/kaggle/input/regspeech12/test/test_sylhet_0370.wav,এই স্বপ্নো নিয়া বাচ্চা বাইতোমরা ডিলিফ খরবায় কিন্তু আমি জানি না আমার ফার্স্ট ব্যাপি যখন ফ্যাটো ফআইছে আমি জানতাম মনো যে হে আইছি উই দাওডেনি ফিনকিন মানে এখটা বাচ্চা আইবো তার লাগি তো এখটা মেন্টাল প্রিপারেশন লাগে তোমরা তো দেখলায় যে আমি বিসিএসএর লাগি যুদ্ধ খরিয়া কাজ আমার কিন্তু কুনু দরনের ইন্টেনশন আছিল না তখন ব্েবি নেওয়ার আল্লায় দিলাইছোইন আমি
/kaggle/input/regspeech12/test/test_sandwip_0023.wav,অনেরে ককা হিসাব কিতাব নাই উজ্গা হোলানেরও সংসারিকবা একটা ইয়া আছে না এয়া কেরে উজগারও নাই যিয়ান আছমা ফারইছে একদম কতারো হেতের মাপ কাঠি চল আরও হেতের মাপ কাঠি হেতেরে উজগারে হোলো আন্নেরও চলারো বপ কাঠি ইয়ান মানে বিন্দাছ জীবন কাডাইতেছে ইবা তো খাইবে তো হাইগবো তা হোলানে খাই বা হা গ না এমনে ইয়ান খা এ রুজি কইর্ল ইয়া কইর্লো হাডা দিবা আন্নে মার কাটছি
/kaggle/input/regspeech12/test/test_narail_0161.wav,প্তিদিন কয় ই সমস্ত উনার ব্যাথা আসুলো উনা চইর সমস্যা উনার মাঝায় সমস্যা তালে এমনে আরো কত রোগ আছে তা ঠিক আছে চোখ দে জল পড়ে আর ডায়বিটিক্স তো আছে মোটামুটি বাড়ি একারে ডায়বিটিস হইছে ডায়বেটেছে অসুস্ত আমাগ এনতে সরকারেরতে দায় আ
/kaggle/input/regspeech12/test/test_sylhet_0356.wav,কিচ্ছু নাই কিন্তু তার স্চে নে কিও ওইলো গিয়া আমরার মানে বিয়া ইতিহাসিক কাহিনী আনারেতোমম ফপ্রশ্ন খরা লাগছেই না আফনেে যেলা মানে গল্ফগুলার  মানে লাগতাে জ্যাংচোখে সামনে দেখতাছি ফ্রাটা খাইিনের
/kaggle/input/regspeech12/test/test_sylhet_0066.wav,খরতে ফারবে তো আমার সময় নাই বা টেখা নাই বা তে তাইন খইছে না আমি দিমু টেখাবরতি অইলে আমার খও আম খই না কতো হেল্প নাই তা মানুষের ওইছ থাকি মাইে দেতে খরবো বাফো আছেন বাড়ি তাকিা অবস্থা মানুষের কাছে কি হেল্প না অনে খনে খতা মনে খরবো আর নিছু না গ্রামোর বাড়িতো মানুষে কতা খইতো মুখে দিছে ইবো নিজোরও মাইনষে খতা খই নাফরে বুঝ্ছি ফারমু
/kaggle/input/regspeech12/test/test_sylhet_0110.wav,আফনে আব্বার কিতা খরতা আমরা ফোর ঠিক ইয় ঠিককাজা রাখলো ঠিককাজা রাগছলো খদা খরবা খা বছদর খরতো ওতানা রাস্তা খফার তিকাও ঘারো আইতো আছলো গায় তাখে বাড়ি মাইয়া মাই আইসে তাতে খাখি কেউ নাই ন আমার গুষ্টে কেউ নাই ইবার
/kaggle/input/regspeech12/test/test_chittagong_0068.wav,আঁই ন হই ইয়্যান ন ফর ওডি হ্যাঁ তইলি একটা খাছ ঘর দাখাতু আইলি হুম আঁ  বাসা আইস না আঁর  ঘুরা ধুয়া আছে দুনো লাহদ দলের ওকা আয় লইয়া হোগগে চুলেইন তারফরে তোর বাসাত দিাছিছুনযা আইলে
/kaggle/input/regspeech12/test/test_comilla_0029.wav,ইখানে ওইখানেই ওইদিনই গটনাটা ওইখানেই সমাপ্ত ওইয়া গেছে যদি একটা পুলিশকে এইছে তো তালে অবশ্যই তদন্ত হইতো এপেডিশন আছি যদি তার নছিে
/kaggle/input/regspeech12/test/test_barishal_0013.wav,কান্টিরিকমন কোনু দৃষ্টিকের লোক নে  নাসে মামায় মানে এই খোষের ডাক্তার আইছে আমিতো ইকি না আমার মায় হেরাছইতে আরতি খাই নকা লই ওর ভাই আমান উল্লা আমা
/kaggle/input/regspeech12/test/test_noakhali_0026.wav,অট লাইকবুল টিট লাইগবুবনে বড় আমা যেন জিজ্ঞা কয়দিন অরেরাতে না আইবো নাই দেগি দেখস্তা আইবোলি ফইলা তো মগের গাড়ি দেয়
/kaggle/input/regspeech12/test/test_noakhali_0018.wav,না নো গ টাকা রুমারে দিতি অন হিকা কে দিবো নিগার বাফে নয়
/kaggle/input/regspeech12/test/test_narsingdi_0135.wav,ছুডু থারটা আমারে সবাই অনেক ভালো বাসা যেমন আমির লগে ছিন্তা খরতা আছে আমি  ভালোবাসা মানেকি ভালো একটা ভাসা মনা স্পেসিফিকলি ব্যাখ্যা দিয়া ক  আমি ফারি না বইন যে বাসায় মানে আগে থাইক্া এাগ্াস দ্যুৎ বানি সবকাছে লাইন দাও থাকে মি সব কিছু সাজান থাকে ওডাকি একটা ভালো বাসা বল
/kaggle/input/regspeech12/test/test_narsingdi_0069.wav,ান কেমু গুনডা মাবলির অভাব আছে কন রেজাল্ট জীমুন বালা স্কুলের ইয়াও হিমন কিছু দাঘিয়া সমই থায়ে না আইলো কয়দিন আগে স্যার আয় স্যার রা স্যার আইত আস্তে থ্যারায় নাছতিলা র
/kaggle/input/regspeech12/test/test_habiganj_0026.wav,আর ফুল কী দেওয়ানোই লাগবো না দেওয়ান লাগতো না ফুল তো ফুল সুন্দর্যের লাইগগা ফুল দিলে ইকটা নিজের পূজাডা দ্বিতীয় বাল্লাগে সাজাইলে ইটা মনডাও প্রফূল্ল থাখে পুলটা দিয়া সাজাইলে পার্থনা খরতেও বাল্লাগে সুন্দর লাগে মনো একটা প্রশান্তি আয় ইকটু একটু গভীরভাবে বা ভকতি ওয়
/kaggle/input/regspeech12/test/test_sylhet_0518.wav,দারে জয় আবর ন  ওয়ার সমসম দড়ি দরি নিয়া না বালাান খলাা আর খাইলকা দেখি দেইখ্কানতা যা আর ছাকিবের তো আমন ফরীক্কা দুইটা দিছ  চুতাত নাই দুয়া খড়িছে বনগ পাশ খরলে মান সম্মানটা বাদতে
/kaggle/input/regspeech12/test/test_sylhet_0093.wav,হ মানে টাইম খাজে টাইম তাইম টাদাক নসাস াইমাছোটদেক মানে ফুই টে দে হরে নি এইটা আসলের  তুমরখমে যর অখনো একখান বাসায় খায়টা গুতাল খাইবে হেও সাত চু দিলে জোড়ো একসো টেহাও দিয়ে দে ছো দে
/kaggle/input/regspeech12/test/test_chittagong_0083.wav,আর গোফু ফুফির্লাইসিলাম দে  আই তো মনে অইয় ছি আরডি তারা ও তো গিয়ে না মুতা নো আইয়য় তুর জামাই কান আছে বালা কি
/kaggle/input/regspeech12/test/test_sylhet_0626.wav,খবে ছাব্বিশ  বিশ তিকা লাজর খরতাছে আমিও আমি আমার খেনে মাতাতাইতাছে জানি ইদান ইয় মাজে য়াইরবো ফরে দি কিতু জিগাইছলাম খইছলো ছাব্বিশ সাতাইশ ছাব্বিশ সাতাইছে ছাব্বিশ সাত্তাই জার কাহিনী এখনহ বুদ্দিনা আরা বছল রান না নি তার বইন ছুটো টাজ  তাইর না তাইর কাজওই না কি জুম্মা মাজুম্মা ওগোর বিয়া ওই গেছিল
/kaggle/input/regspeech12/test/test_sandwip_0103.wav,া দি হ্যা ফই তি দেকিও ফরিকতা আঁই ফারে না ন বিয়াসিকলিক না
/kaggle/input/regspeech12/test/test_kishoreganj_0036.wav,এই মুবাইলো আমারে হরছে অবে নাকি খরছে অইব যেমুালে ওইডো বাড়িত বইর তাম মোবাইল দে আগ না আমগার ভাই জিরন থিা মে দিতি ও বিশ অল্লিশ ফিছো রি মোবাইল সাবেন থ্রি শ ্বিশ অল্লিশ ফিছো উনিশ ি
/kaggle/input/regspeech12/test/test_chittagong_0114.wav,কেউ হ এতা কেছুকিস েবেকি ইংকির লাব দেয়া ইংকির ললে না ই তোরে ফরে ফেসবুক রি মেসেস গরিয়ারে হইয়্যুম সমরেছমা জীবনও ভালা কন নো যা দেয় দরু না কিল্লে সমস্যা অত্দে
/kaggle/input/regspeech12/test/test_sylhet_0744.wav,কইতাা  আমরা খষ্ট আছে আবার আস খন আসাজা তু টি আছে নানি টিনবা   ছিনতা নাই ইখান ফাসি অখন খইয়া লইয়া চ্ছা র যছছেআরো বইবা অখান আবার লইয়া আবা অখন আবার দইয়া বইা
/kaggle/input/regspeech12/test/test_sylhet_0258.wav,বাইয়েরা কোচিংও দিয়্া আম যদি বার্সিটিত চান্স ফই না তাইলে তো ওসব ফরিশ্রম বিথা অইবো ত ওতোক্ষণ ফর্যন্ততত রশ্রম যেসব সুন্দর কুটাত আইমু আমার যেমনেও
/kaggle/input/regspeech12/test/test_habiganj_0104.wav,জাজি সবারই একটা জা জিয়া আঞ্চলিক ভাষাই ভালা নাআরকি আ্ওকি এলাফেজ বাল্লা তা ক
/kaggle/input/regspeech12/test/test_tangail_0116.wav,তো ে তার কাছে লইয়া দেখাইছে পাঁছ লাখ টাকার পুরা ক্যাশ যে পড়ছে তার কাছে নিয়া গেছে সে তারপরে হেরক ু দ হ সে লাইব সে তারান কইছে যে দন ব্যবসাইরা কিন্তু বিজনেস শেষে টাকা বাসায় নেয়া যায় কিন্তু এতো বড় বড় হএই কেনো দোকানে রাখছে আমি যানি না তবে একটা লোকরে দেখলাম যে সিন্দুকের মধ্যে টাকা
/kaggle/input/regspeech12/test/test_sylhet_0757.wav,ফড়লে কিতা ওবো বল খইছে না যেম মনে খরর উফস খরতাম আমরা তম না নোরো ফানো গেতেইন নানি আমরা ফারনু আবার বা জল বড়া যেসময ফট লইয়া খোলস লইয়া ইগু আমরা ফারতাম না তারা যেরা বিবাহিত তা যাইমু মাগো
/kaggle/input/regspeech12/test/test_chittagong_0026.wav,বেততগুল খানত কী অইয়্যি ডাত্তা আছেলো গি্যিন অইয়া অরি হ তো মাইসুনি তারা বেয়াকগুনে কী কী যের আছো অডি তারাও অহনওরহম ইতারা অন আড্ডে অইলে এডে গুরা ডি মোবাইল ইঅইলে ইলো বই থাহাই দেরি
/kaggle/input/regspeech12/test/test_tangail_0093.wav,সাহায্য করতে যাই ও পরে আস্তে আস্তে কতা রতা হয় পরে রদওদের মদ্যে উন্নত হয় রণবির কাপুর আস্তে আস্তে ছোখি নায় প্রেমে পইরা যায় ক কিন্তু ছোখি না ওরে ফ্রেইন্ড হিসাবেই ভাবতে থাকে ছোখি না ভালোবাসা ওইলো ইমান মানে সালমান খানরে যে  বাসায় আরকি মেহমান হিসাবে ছিলো
/kaggle/input/regspeech12/test/test_comilla_0025.wav,এরপরের দুই তিনদিন পরে ও খুব ভয় পাইছে এবং এই দুই তিনদিন পর তপরে ওর মান ভয়েথেকে ওইদিন রাত্রা বেলাই ওর ঝর চলে আসছে আর পুরা এক সাপ্তা মানি একটা ট্রমার মধ্যে ছিলো মানে সবকিছুতেই ভয় পাইত তো ইয়া করতো আর আমাদের বাসায় ওর বান্ধবী দে একটা গিফট আছে
/kaggle/input/regspeech12/test/test_narail_0047.wav,বুঝছিস এইটুক আমি শুনিছি ওই সিস্টেম কিন্তুওই সিস্টেমে তো পাওয়া যায় না আর ওই সুময় যদি দখল করতো বাবাকালি অতো তালিওতো এখনও সিস্টেম আমন আমি তাই শুনিছি যে ওই যে ওরা যে ভাদি যেহনে সেই ভাদির
/kaggle/input/regspeech12/test/test_comilla_0003.wav,ন ইনকাম টি বারতাছে ইনকাম তো গুরতে পারছে ইনকাম দেইখি ইন্টার যদি বারতাছে ইনকাম তো আর তো আর ভাইরে না এই সেই মেই ইনকামউ
/kaggle/input/regspeech12/test/test_narail_0101.wav,ও ডিপুল বাপু বিদেশে থাকতি তুই রে আমি কুলনাছে ডাক্তার দেখাইছিলাম মনে ছে আড়াই সবরেততে আমার থায়ারোর দরা বড়িছিলো ন আমার গলকাকডি ইছে যারো ি  দাখছেযে দরলাম্না ছুলাম আবার ডাক্তার কেছেননে ডাক্তার দেখাইছি আমার থায়ারোরেট নাই
/kaggle/input/regspeech12/test/test_sylhet_0665.wav,থান ও তার বউএইনও আছে শিক্ষিত স বড় শিক্ষায় দিক্কায় আছে আমরার ও বউ শিক্ষিত আছে শিক্ষায় দিক্ষায় সব পায়ো আসেআর অখন তো গুরা সময় দুঃ্খর দিনও আইবো শুক্ষর দিন তো েছেয়া অ ওমন তো শুক্ষবার দিন গেছেগি অখন তো দুঃখের দিন বুক্কে শুক্ষা আছি আক
/kaggle/input/regspeech12/test/test_rangpur_0068.wav,ইয়া ওতো সিলিটও যা থাকে না না শুনদেত আর রা পা চিয়েরির সমা সিয়টি লির যা থাকে না থাকে এতা থাকপের না অয় সিয়েরির সময় ঘয়াওক করিম বাই গোন ওগলে ভিিম ভাজি ওইডেরা গেইছেরার
/kaggle/input/regspeech12/test/test_sylhet_0735.wav,হ  মানে এইসময়  আছে না নি একটা ম লগলে খা পারমবও ফুলজাা তুমার ইযে চেদল লাগে মানে যদি সময় করি যায় তো এখটা সরবনা  তো আফনারা উপভাস না খয় তাকন ড়াত বুরা তো আর  াম ন ুসময় মানে যে চায় দল আাগে
/kaggle/input/regspeech12/test/test_chittagong_0126.wav,ুর অর্তএক্ষন বইসীর যদি মানুষ ন থাহে তাবছে বালাই লেখিকি কিন্তু ওয োকাল চেকদো এফি আছে কিন্তু এমরে মানুষ কছুকষণ পপরে স্টেশন আর না মারে অলে বেরি ওই দেহ
/kaggle/input/regspeech12/test/test_sylhet_0216.wav,ছতুরদিকে প্রায় পাঁচ ছয় গ্রামোর মাঝে এখটা মহিলা চাখরি যিবি নায় ই জিনিসটা আমারে সবচেয়ে বেশি বেইন দিছে যে ইটা টুভাবে স যে আমরা এমন এখটা এলাখার মাঝে বড়োওইয়ার যেখানো কুনু মহিলারা ছাকরি খরে না সবাই বিড হাউজ ওয়াই
/kaggle/input/regspeech12/test/test_sylhet_0691.wav,আবাইতো তম চছ ছি কর তুলিও  মনো ো জলিত আছে ফড়া লেখার ফড়া র তা ক ু বাবাফরে তো আর ইবা তায়া দা তা ফড়াইলা ছোনলাা
/kaggle/input/regspeech12/test/test_tangail_0033.wav,যে জাগায় দেখা ওইছিলো ওই জাগায় যায় তার পাশে যে একটা আইছখির মার্ট ছিলো ওই জাগায় জুনা থান্ডা বার পায় পরে তারএক অভররে ভালোবাসে আর এডার একটা পূর্ণতা পায় ফুরা অসাধারণ ছবিরে যদি না দেখা হয় তালে আরকি বুঝা যাবো না যেমানে
/kaggle/input/regspeech12/test/test_sandwip_0045.wav,কলছে মনো হরি হাইতো নো হরিরে ট্যান্ক তুলে দিবেল্লাই সুন্দর হরির ঘরে দিলে তুমি নাআনি হরিদে দিলে দিয়াবাজিবো তো আচসে উইটা ছুডি দিা  তা আক হত রি নাকমার এক্কান আনি দিছো
/kaggle/input/regspeech12/test/test_sylhet_0161.wav,তো ও এছুটু আসলাইফ তে বাতে বাড়ি নো খইলা শিবগঞ্জ ফারফেটো শিককই আমি তোরিশিতে তো ে বাাত ইসম আমদার  কবা নাকি মানে কিতা খবতা যদি হুন তাইন যে  রাজা তোগা পুদা আছি াততখই দিছে
/kaggle/input/regspeech12/test/test_rangpur_0097.wav,গাই গরির গোস্ত যো নরম হয় না গাই গরুর গোস্ত গুড়া গরুর গোস্তে নো হয় শক্ত আর ওটা জাল দেওয়াও লাগে মেলাক্ষণ হ খাইতে পারি নাই এখানও খাইতে পারি নাই
/kaggle/input/regspeech12/test/test_barishal_0047.wav,সহ্য করতা হারবে না তু বাছের গাড়ি তুই মাছতামক কি কী  বাড়ি কিপয়ারের পার্টি ওই হইলো ঝামায় ড্ডা কালা চইনেন এই জামায় এড্ডা কালার গাত আডি বেশিহাগ কামড় দিলে যদি ভুইলে তেও খাইয়েও হালা গো আতে হরতেছে তো সঝামায় এড্ডের আডি কামরাই হাওয় জানে
/kaggle/input/regspeech12/test/test_sandwip_0122.wav,শ মাইয়ারে শ দুই মাস তিন মাসের বড় আই অইলেযহুম শাহদাদি তো তিন মাসের বড় মাইয়া তো এমনে  মানি লম্বা টম্বা াা আনইছো আমি গসটথাকিুই হ মাইয়া  মাইয়ারে খরার লাই  একসার দিবু আঁই ফ্রাই ফরছিলা
/kaggle/input/regspeech12/test/test_kishoreganj_0079.wav,নান্দকালা মাছিন কিা ক আস মাছে ফাতি আছ ছ কাল্লুম আছে হছাই্টার দাম আছে কত অইবো দইলা
/kaggle/input/regspeech12/test/test_barishal_0101.wav,কস দুইটা ব্যলের দুইডা বো ইে বেযলপানা তিছে দশো টাহা দুইডা ব্েল র দাম হালায় দিছে হন হেয় যতি হিসাব কইরা না খা বেল দিছে কই কি এহেন রাজা আরে আমি কইসিও দুই তিনজান সাররত বানা হ খাই ওর ু কা াা থহে
/kaggle/input/regspeech12/test/test_sylhet_0184.wav,য়দো হরা লাগবো ই া খযায়নান না আমরা ফুরি অনার্স ফাইনাল ইয়ার আরকি ওই গিয়া টিসিতের কাজে মানে ইকটু কি ইসতা লাগবো এইাাািজা নি ইকটু গিয়া পতি পেতন লেখা লাগবো ইতো ইখানো রাস্তার  না ল
/kaggle/input/regspeech12/test/test_chittagong_0018.wav,অ গইজ্জি তু বইগুস না হ গুইজ্জি তো হ ফয়ারেহাটার কি অবস্থা তুর ও ওডি কালার খতা হ দেনে ফরালখাগল দুনযাএততে ব্াবি এততে মনআকাশ ফাতা লিন বাব দে ও দেরি আর ফরালেখা কইরতো নার
/kaggle/input/regspeech12/test/test_sylhet_0655.wav,আর বাড়িটারি আফনারা নিজেরা ইগুলা খরছোই  ইগুলাআফনের পত্র বদো আইছোইননি আসলেু নাযবসা খরি কিতা খরোইন মানে তাে তাইন কিতা খরোইন যে ছাখরি
/kaggle/input/regspeech12/test/test_kishoreganj_0084.wav,রাইজা বই্লে বাইত্যা আাত্তে হারা গা গা যাইতা অইন্না এ আমার আকইয়া আমি ম এইডা
/kaggle/input/regspeech12/test/test_narsingdi_0049.wav,আর মাইনষে ছিল্লাইতাছে যেকা না বাইন বিদেক দিবিকিন্তু তো আরফরে ক দেখছি যা দেইখকা  মারে গিয়া রাখ দিছে মায়াদি উঠছে না বাবায় মায়া গে উঠসো মারে উডাইছেনি ফরে বাফয়ডা গিসপডার উফ্রোও আত্তম একটা বইয়া করছো গরা তো কি আর মস কারন দর্গ শান্তি অয় যায়গা এককাডাহু অনেক খারাপ জিনিস
/kaggle/input/regspeech12/test/test_tangail_0105.wav,তো আমার মনে হয় এতে একটা মান এই মুবিগুলা দেখতে দেখতেখলে ভালা লাগবে আশা খরি সো ইখানেই আমি রেকর্ডিং স্টপ করছি
/kaggle/input/regspeech12/test/test_narail_0041.wav,তা   না পাসের ফাইক্কা বাদা রা আছুখাড় দিলামবা তোর কলডা দুইটা সেই গুজোনি অনেছো কটাফত্তে ওটেকতুদটিা ইযে কইসুত ফখ তিলে নে বদাওরা জাদি নাা দি ওই যে ইসি
/kaggle/input/regspeech12/test/test_barishal_0049.wav,রি যাওর বাবায় মরা করে এহন মনে করে আমি সিনেটে করছিন যে আসে তো ধরেনাএই কামকাস কররা খাইলি ভালো আছি কিন্তু কাম ওইবে কি একটা সামরসা পারলে এই মাইয়েডা হইছে সত্তুর হাজার টাহা কেছে মোর বরিশাল হালাইছি মন দরাডা উন দেহে নাই কত ঝামেলার মইদ্যে মুই পরছিলাম
/kaggle/input/regspeech12/test/test_habiganj_0059.wav,ছুটু বাইওুন আছিনি ত আমি তুই বড় আমার সব বাই বনওই ছুডু ইততা জ্বালায়নি ইস ইতা তো ইতার খতা কিতা খইমু আমারে তো খালি আমার ছুডু ছুডুডায় খালি আমারে ডাখে বর দি খইয়া আর  আমার ফরের দুইওডা যে ইতা তো আমারে ডাখেওই না ইতা তো তুই তুই খইরা ডাখে দেখা যায় ইতা ওই বড় আমি আর কিতা খইমু আমার বইন দারে যদি একটা দে আমারে দশটা দেয় আর ছুডু বাইর মাইজলা বাই আমার ফরেরটা আমার দুই নাম্বার বাইডা আবার কিচ্ছু খরে না কটি বদ্র সদরি আতে
/kaggle/input/regspeech12/test/test_sylhet_0116.wav,ই মদ্দে আইগা এইরা কুনু দিনু খাইতামমও নায় একদিন খাইতা মারেদু না অফাস তাখতাম ইমুনেতা খষ্ট খরতাম ও তারা বাছলা আইগরোর মাইনসেও দিতো বাদ দিতো অস্তো ইয়ো দিতো ছা দিতো আমটা খাইতাম দি বাইবোন না খত অস্ত বছর ব দু আমরা শেহানে ওইছি বুঝোইছে বাসের নিতো খাম খরি
/kaggle/input/regspeech12/test/test_chittagong_0079.wav,বাইবুনা আছে যে বেয়াকদিন তো আছুনো বড় বড় ইতারা অনার্স লই ফড়ে সন্ধ্যা খনরে  ইতাালে দিগাইয়েরে টুচাইছে না শাইন্নিই তারার বেশকে কেউ ন ফরে ইলেতাতা লাই হারে দিরগুম নজানি
/kaggle/input/regspeech12/test/test_tangail_0113.wav,তারা মাল উঠাইছে দোকানে এখন এই সবগুলা ফরে গেছে একদম মিশয ওয় গেছে আসলে এইটা খুবই একটা খারাপ হইছে কিন্্তুইমাসই তো ব্যবসা করে রোজার দুইমাসই তো ব্যবসা করে মাটা একসলি যে মানুষটার প্রথমে দেখছে টেডি ক অতে ডিফরিকেশন আছে যেযা
/kaggle/input/regspeech12/test/test_noakhali_0019.wav,হ্যাঁ আর এবা কারেখানি মিডারে নি জানি টাকা দিগে তিলো আরিয়া মারি দিতে ময় না ময় নারে ন্তু বইন দুনুগা ভাত করি টাকা রায় দিতে ক তোর অধ্ধেক আরদে কিস্তি টাকা কিস্তিাল হফালে দি গেছে হারে দরো ওনে ভাগ করি অর্ধে কতেকন অইলা আইছে  মার কিন তু বেডাগাও
/kaggle/input/regspeech12/test/test_habiganj_0115.wav,সালাবো লাইকুম ভাই ভাল্লাইকুম আসসালাম আই আফনার নাম নাহাম্মুদ সাল্লিন আ আফনের বয়স বয়স তিরিছি অইবো া ভালোই আসে শিভাই আছি ভালোতাইলে ভাই বাড়ি সবাই ভালা আছিনবো কি ভালো
/kaggle/input/regspeech12/test/test_chittagong_0048.wav,ওরো বাড়িত খষ্ট নাই ওবো বুজ্জুস ওরু বাড়িত ল তো কল না ফরতুন অ না অরত বাই কেন জানাছ ত তুই বিয়ে ওগগা গরিহার লাগবো কোনো ওইদি কিউর য়া গর বাড়িত য্বালাম আলাইইন্তার বাই এককান বুঝি গেয়া সকু ঘর  আরে এখন না বুঝলাম
/kaggle/input/regspeech12/test/test_barishal_0065.wav,এহন আবার দিদিন তোক হুথাই না ঠিক অইয়া ব আছে ভাতে শিশ ক বিষ্টি বে থাকু া থাকু  মা সোখ  কষ্ট ক ক তা
/kaggle/input/regspeech12/test/test_narail_0139.wav,হ আমি কইছে কালকে যদি পাঠায় দিতি পারি তা কালকেই পাঠায় দেন আমি ন তাতো না ানিতো আরো খরচ বেশি দশের নিচে যাওয়া যাবে না এরপ ওই তার মানে আর ইটালির কথা মাসুদ দুলো বাড়ি বলিছিলো চৌোদ্দো লাখ হুমসদ দতো কতা আচ্ছা
/kaggle/input/regspeech12/test/test_kishoreganj_0176.wav,ছাক মুনি দিয়ে ছাকুনু দিয়ে আইছে হুম এেকে পানি পটি টাকায় হলো ুটক হলো চাক মছ  খডা া বাি জেট অত্ত লাল মছ টচ্ছে অলা
/kaggle/input/regspeech12/test/test_sylhet_0041.wav,এইটা সন্ধ্যার সবা সবাই আমরা ইখানো যায় সন্ধ্যার পরে মন্দিরে সবাই যাইবো গিয়া শা মিষ্টি খাওয়া ওইবো আর মন্তরুত্র উচ্চারণ খরিয়া এইটা সবাইর হাতে আাতে দিবে এইটা সবাইর হাতে থাখে গর্শন ি খাওয়ার পরে মা বিশপদদুর গাজির প্রতিমা বিসবর্জন করার ফরে শান্তি হাতে দেওয়ার ফরে যা সমর পন
/kaggle/input/regspeech12/test/test_kishoreganj_0101.wav,করতাছ হুম আহন তো এই জাগায় কইছুইন না এরফর উদ বিত্তা খাইদ্য ত বিদ্দিপরাগার ওই দীবের বিস্তারের জন্য পানির উপর নির্ভরশীর নির্ভরশীল ঠিকাছে উদ্বিদ টুন্না আর পানি কনদযে কও
/kaggle/input/regspeech12/test/test_chittagong_0044.wav,ওব্বুর নরমাল বাকির মোবাইল লগের সময় মাইর সম্পত্তু আনা হই জিমি দুর দেন দিলে এরি এহন আঁতমকরে ঘুরো ইওন আস্তে নো প্রয়া অই না যার কো ওনডি নাবিলে নি ওগজে নদাখন না ও ইয়ো ইয় আন্নে খইছে কোনু বেকতি আঁরতুনো বড় ফাগিয়েরে জুরে ও গিরিও
/kaggle/input/regspeech12/test/test_barishal_0005.wav,এহেন দিয়া বড় কতা এহিন দে টান্সেটানতা আমাগো দরজা ছাড়া ইয়া নিছে আর পিডা আর কান দৌড়ে বাবারে আমারে এরম টানিস না আমার বার চান যাইম বেকা ভাই হেইয়া ওতো মিডিয়া মউডিয়া কতা অইছে বাস্তবের ঘটনায় কিন্তু ওইয়া দেহায় শিক্ষারখলো কিতু কাজে দেয়
/kaggle/input/regspeech12/test/test_sylhet_0376.wav,যে তুমরারে আমি রান্দিয়া যেই তুমরা তোমরা যার যার থাওত ওই লাইবায় যার যার বিছনা আাটাইলিবায় চার যার রুম যার যার ফরিস্কার খরি লিবায় আর তাইলে আমরাকাডের মানুষ লাগতো না আমরা যার যার কাজ খরি দিমু তোমরা আমারে হেল্ফ খরলে আমিও তোমরারে হেল্ফ খরমু ওলা আমরা মনো খরবা যেটা এখটা ম্যাস ইটা কুনু বাসা না ফ্যামিলি না
/kaggle/input/regspeech12/test/test_sylhet_0574.wav,সকারা কিতা অবস্খারে আইশা তো আনা আছি লাগছি গেছো বাল লাগ তেই হেদুন তোলে নানি সজীব র বিয়া ওই গেছে সজীব আনুরা রা ও তুই খইছে না নকি আমি খইছিনি আমি কইমু আমি কেনছা ও ফরে খইছনি অনিতা না খইমু আমি আমরার লগে ওইযে ইমরা না আছে না নিমনো আছেন ইয়া তামি টান বিত
/kaggle/input/regspeech12/test/test_kishoreganj_0112.wav,আমার আঞ্চলিক ভাসাশুদ্ধ ক হে যে  কুনডা এেযে গাসেরে কা কেলা খই গোসে গাছেরে কা খুড়গোসে আবার ইয়া গাস কেলা কাআবার গাসের একালা কা ফড়িন
/kaggle/input/regspeech12/test/test_tangail_0068.wav,হিরকম একটা মানে অরনর অড যে ফ্রেন্ড যা আছিলো অয় অগোক আছে বলছিলো বরুন ধাওানের কথায় পরে হাসপাতালে নেওয়া অয় কিন্তু মানে শিউলি মানে খুব কম আই ছইলা যায় একদম পরে বরুন দাওন যখন জানি যে
/kaggle/input/regspeech12/test/test_kishoreganj_0071.wav,এইযা ও না পিটি দেহাতেওনে ও পকেে আমার তো একটা মার্না ছায়ো দিতা হারবো ন নে নেকি একটা মাঙগানএকটানতেকা একটা মাঙ্গা নে  হ্যাঁ  গুয়াইল তো ফালাততান নে না
/kaggle/input/regspeech12/test/test_tangail_0051.wav,দেহে ফরে মানে বন্ধুত্ হইয়া তায় আর কি এ সময় পরে ওরা ভাজতে পাস্তে এই দুইজনে ম্যাক্সিকয়র একটা দ্বীপের দ্বীপ নাকি তীরের আসে পরে মানে লোকালোয় আছে এইরকম জায়গায় আবার বনও আছে
/kaggle/input/regspeech12/test/test_habiganj_0039.wav,তো ঝুল দিয়া রাখতো ফানি বেশি দেলাইতো দেয়ার ফরে দেখা যায় পান সা ফানশা লাগে এরফরদিকে আ সবাই খয়ে তো ফান সাতরখারি ইতা খাইতাম না নজা না
/kaggle/input/regspeech12/test/test_sylhet_0092.wav,তিন চালাত যাওয়ার ফরে ফরে খইরা আজালটো খরে আবার টিবি তাই চিত এক ঘন্টা খইরা ফয় আবার উডানো জারু দেই উডানতাও দিয়া খরদে আবার শ্যাষ আমার খাম আবার আট নয় টা টিকি দরো তিনড চাইটটোও বাদে তিনদু আবার যে কোনো জিনি স্টিশন নাই
/kaggle/input/regspeech12/test/test_sylhet_0524.wav,বিয়া তো খুবই বালা গেছে বাক সমস্যা ওইলো আমরা তো থাকতে ফারছি না ডিকআছি আগোর তিন দিয়া বরদিন আছে চাকরিবর লাগিও বেশি প্লেইনই গেছি ফার্স্ট টাইম আল ংস যার আইছি আবার বাস্সে হুমপ্ল্যান আছিল রানি
/kaggle/input/regspeech12/test/test_tangail_0044.wav,পাই যে প্যাটেজাও আর কি কখনো এই ইন্ডিয়া ছাড়া যাইতে যাইতেছিলো না পরে আরকি যাওয়া হয় পরে রাতে জাহাজে একটা সাগরের মধ্যে ঝড় শুরু হয় আর পুরা জাহাজের যাকিছু আছে সব পুরা ভাষায় নিয়া যায়া
/kaggle/input/regspeech12/test/test_sylhet_0731.wav,বিারদিন দাই দি য আমরার খষ্টটা আছ আফনারা খয়দিনের বাইশজন প্রায় খতারস্তা লাগি যে সাপ্তা লাই এর সাপ্তা ওই যে বজগস বিয়া বাতা গা  দরোন যদিখের আর যে নো য় তে দরোন খালকে ওই যবো সাটা খাকদ ও যা তোমার
/kaggle/input/regspeech12/test/test_kishoreganj_0186.wav,গিন তো সবুজ গিন তো সবুজ ইিনতো সহবউজ গিনত সব আপোনতা উদভিরে পশ্টিশ  কি কনদি পরিজন মাটি উদভিরে পশিশ না কিন্ত কিন্তু কইতে আ মাটি পছ
/kaggle/input/regspeech12/test/test_habiganj_0101.wav,ক্লাস থিকে কড়ালেখা কে লাগে আগে ছিলায় দা হুম তাইলে তো ো ওবার ভালোই লাগে আর্স তিকা আয়   বাার লাগি হে মাইংসো বায়োলজিটা বাল্লাগে না মাইকরো গলেজিটা বেশি কটিন লাগে
/kaggle/input/regspeech12/test/test_sandwip_0074.wav,দে ইবো অক বেশগেরে কিয়েরে আবার ন মানছে আর চাকরি করিল্লে মনুষেরে আবার কী হয়া া বচ্ছছ চ আাডে লইয়া আইছে বাইজ্জা যো যোগাইজ্জোগ একখালা দেি য আফনু কউ তাডে দেখি না ইয
/kaggle/input/regspeech12/test/test_chittagong_0168.wav,তুরে যদি খানে বেল ন খতাবি এগুনে তাইল্লে খইতু  হনে ওই দো ইয়া খতা আবার ওইটে লাসর দিয়া ই জিতা ওই রি আলরা ক্যাকজমে
/kaggle/input/regspeech12/test/test_sylhet_0466.wav,আরফ আব্বানি ওয় রাম খইলাতোমার য খইয়াম যানা মানে আমার আব্বায় ফরে তো আমরা বাড়ি ঘরি গেছে গিি বুঝছোনি বাড়ি ওরে গেছিগ্রামো মানুষ যায় নানি ছুটি ফায় নানি ওখন খষেত তো তুখোও দিবিও খরা লাগে টাকরিও সামনের লাইগি গ্রমোর বাড়ি তো খেরমতে না  খরা লাগি নিয়া মারা গেছোইন
/kaggle/input/regspeech12/test/test_sylhet_0583.wav,আরো খয়েখটা দেখতি রাই রাখলে সব গেলে ওইলো সারাদিন তাখলে ছড়ানে ছবিওবিাও সুন্দর ওইয়া শুলা গেলো আনে তে আর তাকেবের রেকশন স্যার ফড়ালে ছা কিবরেরে বউ অনিক
/kaggle/input/regspeech12/test/test_sylhet_0564.wav,তাইত্তানা নি  ডিসটা শেষ অইছি পাও তা ম্যাথতে কিটাকমে মেয়ে ক্যালকুলাটা না ক্যালকুলাস নাই ওইযে হাইয়ার ম্যাথোর কিছু অংক আছিল আমরার এখটা আছে বিজনেস ম্যাথ সেকেন্ড ইতরো আমার হামিনের মেয়েতো এম্নোাআমার সেগেন্ড য় আরো বেশি বতার লা বালা লাগে
/kaggle/input/regspeech12/test/test_barishal_0083.wav,যমন এইতাম বরদানা ইনদিা ঘরে নদি মোল্লাবাড়ি যাইতাম যেই সময় সাতটাবাজে বেই বাড়ির দিয়ে আ   য়ে তারপর সাইয়ে বাইর রইতাম ঘরের দেয় হাইতেরতাম না এতো কয়ডা ভাদ খাইতাম ঘর পরবার পরটা ফোটেনদে লইয়ে যিতাম গরেনতি দে
/kaggle/input/regspeech12/test/test_sylhet_0650.wav,ইন্ডিয়াত গেছি অনো লুকাইছি হনাকলানাইতাকা ও যুদ্ধ লাগছে খনতো মারামারি কররা সবসবরে মাররে ইোরাজাকার অখল আছেএন রাজাকারে মারের নাম এই ওগিয়ারি ইন্ডিয়াত আ ইন্ডিয়াত কিলা নৌকাডি রেইতাকি না এমনে এমনেফার য়া যাতাকাছে এমনে এমনে গেছি গাড়ির াউ করে কতো ইয়ো ি ফারে সব বা ইতা হটার কুলা  বর্ডার খুলা
/kaggle/input/regspeech12/test/test_sylhet_0299.wav,হইতো খইবা কিন্তু তখন তাইনোর লাগি এখটা রিনদেওয়া আসলেই এখটা বড় ব্যাফার আছিল তো তাইন একটা রেম দিছোইন ওউ ই রিংটা এখনো আছে তাই ো রম বলতে ইয়া  রা হ্যা তো   রিংটা অইলো গিয়া বিয়া জিং
/kaggle/input/regspeech12/test/test_sylhet_0550.wav,আমিওাখালি টিক খারম তো ফবিক ফেব্রুয়ািতি ব্রেক আমরারে দিলাইও আম্নেতো বসান ফেব্রুয়ারিত ন দিলায় আমরারে তো যিো আমি তো খইয়ার কিতাত বাদ দিলাইছিও খইছলাম নাই তোরে খয়জন খরিয়া আ নারো ও ইটা কিতা ওইছিওত সন্দ্যা টাইম ওইছা আমি আইতে আইতে সখালে যাবার
/kaggle/input/regspeech12/test/test_sandwip_0010.wav,কিল্লা পানি ঘুইলি দিদে যেবন হেইডে পরি লিখতে অইলো একার াড়ি বইদে ম দুই বানে ইয়ে নিও যা আই হাইবে  কইছেন দিনি য়
/kaggle/input/regspeech12/test/test_sylhet_0336.wav,প্রশ্ন আউট ওইা গেছে বুচ্ছোনি রিটেনের প্রশ্ন আউট ওই গেছে যেদিন ফরীক্ষার আগেরদিন শুনরাম যে পরীক্কা স্থগিত হুম খইছানে প্রশ্ন আউট অই গেছে আমি তো মোহা খুশি ওইছটি খারণ এখে প্রিপারেশন কি একটুনাখমান  ক্যানি মুমেন্ট লেবার পেইন শুরু খরে একদম লাস্ট মুমেন্টটা আইচছি ফার্স্ট বেভি অইবো
/kaggle/input/regspeech12/test/test_narsingdi_0130.wav,দুই এডা এ কই আমার  মকিম্বলো ইট্টু এট্টু বালা অইতাছিলো বানি না তুই আম্মার তোর জন্ম গতে ত জন্ম গতা ই দেখতা গেকি ফরে আয়ডা কেতরে
/kaggle/input/regspeech12/test/test_narsingdi_0017.wav,চল্লিশ প্লাস বসেস তা অয়ন টেস্টের মধ্যে বল করে পঞ্চাশ অভার ষাইট অভার বল করে আরা আমনের উদ্দেশ্যে প্লেয়ারগুলি অহনওই নাকি টেস্ট ছাইডা দিছ টেস্ট খেলা সাইডা দেশে টেস্ট খেলবোনা
/kaggle/input/regspeech12/test/test_narsingdi_0070.wav,ছারারা দর আর উফো আর একসে ডা ছারা মাও কয়েকটা রাইফ আছে আগো ্ কি ওইসুময় কেস আছিলো খুব ইজিযে মোবাইল ফোন ইউজ খরতে র লাইগা অদাক কম গিছে ফরে আম বইডা আংগোর দি মনে মোবাইল স্তললিজ য় দৌর তুপ মোবাইল ফোন ইউজ করার লাইগগা যদি টেচে দেয়
/kaggle/input/regspeech12/test/test_sylhet_0058.wav,রান্না করার ফরে বাত খাওয়ার মতো নাখলাখান নরম খরতো বাবা গাইলাত বখা দিতা দোয়া ফরে সতাও বার তাইলে মার খাওয়াইতা তাইতো দুদোর লাগি তো খ খানদিতো ফরে মায়ারে নি লাগি মামা তরাবারি মা তারে না ফরে অনো চিকিৎসা ছলছে
/kaggle/input/regspeech12/test/test_sandwip_0088.wav,তো কাও লাছে কান খাকাযেসক মানসি বা ও মাইয়া বডমাসনা অশা একলয় খবাাতোনানি গেছে গলা বাড়ি নবরে ছতি
/kaggle/input/regspeech12/test/test_sylhet_0510.wav,মনেসি্জি তখন তো আর তইতাককান না ও সিএনজিতা খস্তা কীলাগে ছেড় লাখ টেখা দি সিএনজি ফারগুজোর গাড়ি লয়ারিযে অখন আট লাখ টখন বুঝেন তখন তো আমরার কিন্তু খও দেড় লাখ টেখা দিগা আরে  বায় দুই লাখ টেখা দিলিলখ ফাচশো টেখা নি কিন্তু এখনো খ আট লাখ টেখা দিগাড়ি লইয়া দিলে ডাইবারে খও ফাচশো টেখা
/kaggle/input/regspeech12/test/test_sylhet_0522.wav,এার না এ ম পাশ করাম টেন ভালো ফড়ানিটা একটু কঠিন ওইগে ওই কিন্তু ফাশ করি নিফ্রেন্ডাকিতা হয় তাপরীক্ষা হয় তার কী জানতো পরিক্কা বারতারিকর বাংলাদেশে বিষয় ফরিচয় করছে রমজারো ছাচিবেলার বই কিতা টরেঞ্জ হইছছে না তারা চেঞ্জ ওইছি না ওউ এহন নাই ন যারা এরাত
/kaggle/input/regspeech12/test/test_narail_0011.wav,আমি বাবুরে চিকিৎসা তা ও কইছেলো কি যে বাবুরে চিকিৎসকে টাহা দেছি তা বৌদি তো দশ হাজার টাকা পাইছি আর আমরা তো জানি দশ হাজার টাকা বল দি ফায়তি দশ হাজার টাকা তা কছে কি যে না আমার মাইনসেও তো বাইত কাছে আমিও অনেক টাকা দিছি ওহর নিজিই কইছে আ যদি কইয়া যদি কয় যে আমি কইি
/kaggle/input/regspeech12/test/test_habiganj_0020.wav,হুম শিষু লবো আচ্ছা া আমি মইতো আইনরে তো আমি আবার আরও তিনদিন ফাইতাম না তে া দা না সরাসুরি  তাইরে কুনো খইলি খরো না এর এরা পরামর্শা খইরা এখন আমার কমাইরে গি সাডা ম তা সাাাবিশা  খমমাে গি দু   ামিি
/kaggle/input/regspeech12/test/test_sylhet_0362.wav,নিজের আইডেন্টিটি রাখা ইটা আমার মদ্যে কাজ খরছে যার খারণে আমি কুনুদিন ইঅন্যো ক্যাডার প্তন দে ন আমার ফাস্টট অইয়ে যা আছিল এজুকেশন ক্যাডার আমি এজুকেশন ক্যাডার হইছিও তারফরে বয়স আছিল আরও এপ্লাই গরার আমিআর ফরীক্কাও দেই নাই চব্বিশ তম দিছিলাম তখন ওইলো গিয়া
/kaggle/input/regspeech12/test/test_sylhet_0220.wav,পয়েন্ট আউট খরবা আফনের এই যে এখন আরানীর লিখ ওয় যয় ওটা অইলো গিয়া দুই আজার সাল ভুটা তালখাা বিশ চব্বিশ বছর আগে ওখালিকাটা যখন আমার খাছে আইছে তখন আমি মনে মনে ইটা ভাবছি যে সারা একটা ফরিমান না  ফাস খরিলিলামেট্িক ফাশ খরি লাইলা আমার বিয়া ওইরি লাইবা আমি তো ফড়তাম ফারতাম না আমরা তো ফোবারটিস টাইতেম ফ্যামিলি
/kaggle/input/regspeech12/test/test_tangail_0127.wav,কিন্তু সেটা আর হইলো না মানে এখন তো মনে হয় দাবান লেক চলতেছে না হ্যা হে দাবান ল এক কাম দিছে এই দাবানোর লাইগগা ইরকম হইতে পারে আমাদের সুন্দর বনায় আগুন লাইগগা যাইতে পারে ন  হইতাও ফার না আমি তো দেখছি বড় বড় কান্ট্রীতে ইরকম হয় ওদিরেতু গরমের কারণে বিবিন্ন জাগায়
/kaggle/input/regspeech12/test/test_kishoreganj_0126.wav,ান কইছে বলা ইচ্ছা তেল গ্যাস কয়লা তেল গ্াস কয়রে ইত্যাদি ব্যবহার করেবযবার কর এই জিবসলান হিসেবে ব্যবহরে দুশুনের প্রধান উসব কদানি উৎসব এইা গাছ পোলা খাইততে করে আইচ্ছা
/kaggle/input/regspeech12/test/test_sylhet_0154.wav,আমরার  অইছে বৌত বাও অনুানতা ব বাপ পায়কাছতান কি দুয়া খারতি না া তে খাল্লার ভায় বইনা ত সন্ ছা লাগে হ্ওয়
/kaggle/input/regspeech12/test/test_chittagong_0078.wav,তোই সাইকোলজিলোই ফড়ি অই যে না সাইকোলজিলো খইলে আঁই আর কুই খরিতা চাই চাই কী দিত্তারি এইযে ভাবিক শিন্তি নও চাই আঁই তোরার গর মতো বড় বাইবুর নাই
/kaggle/input/regspeech12/test/test_habiganj_0116.wav,বাজার টটা জারো তাইন্ন জি যাইয় যাইয় বাজার টি যাইয়যা বাজার এটেরদা দর দাম কিতা ভয় মানে জিনিসফত্র র গুলা কছা করি তো আইম মুটামুটি বলে হ্যা  মানে গরু কিরকম দাম ও
/kaggle/input/regspeech12/test/test_sylhet_0604.wav,আমরা তো তোমরার ছিনমু ইরখম হরতা তব ইতামার ইছে লা বলি ম্াডাম কি অনেক তম রাই লাআমি ম্যাডাম বি ইটা লাছে আর মোলান মানে শেষ আরকিতাআর াা মযডা ভাবতাছি যেমানে লাবলি ম্যাডাম মি এইলিমেডামেরাছাড়াও হাদি জসির আলি ছ মানে সবতেয়ে অভাক লাগে আছেলাই
/kaggle/input/regspeech12/test/test_sylhet_0396.wav,িপাসেটা এখলে থাখিম এখলা গাকিনা মানুষ আছো সব র কিছুডগি একলায় খনা আছি বতমানে তালে বইন দি এখটারে নিয়া রাখো আম মালি জারে ফাই আকিল ওরখম আনি আনিারাখি গোরো কিচছু তো মানুষ তারে আনছে এইগুরে আমি খুঁজতাম খরি বার ওইছি  মানে থাকি আফনার ছা আমি আনছি দির গেছিলাম বাড়ির হুম
/kaggle/input/regspeech12/test/test_sylhet_0736.wav,আস্তে আস্তে তো আর তুই  কতা নিয়া মনে কুমরা টুলাও বাড়ি দিন নি আমরে আতরে খায়া ফইনা বাসিরব দিন বলা দমা  বাি ব জামাইয়া লইয়া চাক্কর দিবো আমি তাফা চোক্কর দিবো হুম সাত চক্ষর বাদে তোমারগামের বাড়ি গেলা ইছকিতা খর গামের বাড়ি গয়া সা ইচ্ছা করতে অইবো আমার   ছোট বেলাত তো আফনারার সিরিয়াল ট্রিয়ল দেখতি সম কিছু না মমু খইছিইছ ওই যে কিতা
/kaggle/input/regspeech12/test/test_rangpur_0048.wav,ছোস সিকাট কানিটাছে মিলে না কাইলে খার দ্যাক পছন্দি মানষনিটানি নছে আমার বাড়ি দে কনি তো ত এরে কোরবানি ম  ম কছে আ ও  গরিব নব সবাই ধইরে না তে মুই কবা না হ হ যে মুই আলেরছে মযলা খারাপ হাইবো
/kaggle/input/regspeech12/test/test_sylhet_0629.wav,পিনাল যে  পিনারোত পিনা লয় ে হয়লারোর জামাই যেনানি আমার ওইযে বড় ইচ্ছা আকেল দেখতাম মোবাইল তো পিকনিকো যাইবা দেখমু আল্লা এখনওনি তারা হঠাৎ গেছোইন ফিয়েনের আয়েটা আগি এটা না ও খয়দিন আগে আইতো
/kaggle/input/regspeech12/test/test_habiganj_0004.wav,স্যা ছলোিগা নিনছে না  ইডা স্যারের জিগান ইডা আরকি ঠিক নিয়া ইে স্যারে বরে না বেডা ওতো ফরা দিহি
/kaggle/input/regspeech12/test/test_sylhet_0374.wav,আর আমরা তো খুব গুছাই লাইগবা ম্যাডামরা দিকতি ব্যালেন্স আসলে আমার সার খুব ক পারেটি প পডি বলতে ধরো তাইন যে কুনু সময় যে একেবারে খাবার রেডি করিয়া টেবিলো লইয়া বাড়িয়া খাওয়ানি লাগবো সার্ফ খরা লাগবো ইটাইফোর নায়
/kaggle/input/regspeech12/test/test_sylhet_0468.wav,িছিলানবি ওউ যে ামএকটা বাচ্চা অসুস্থ য় বাফে এটাামাই তো আবার ি
/kaggle/input/regspeech12/test/test_sylhet_0620.wav,আর যখন তো মেগোর দিন নায় তান আর বুজরা নাইনো ফানিটা নিখতো ফারি তান তার নরমালিও আরকি আইরা যা খাইয়া ফড়িয়া আর ছাও বুলে পাও দিস আইছলা টখাইতার ফাও ঘুরা খাইলছে পাওর যে র গুরালীর হাটদি ফুনি গেছে তেখন কিলা ছলো মানে আম কিল দেখা শুনায় কিতা মটিউনিন
/kaggle/input/regspeech12/test/test_chittagong_0022.wav,অয় অরে আরেকটা খর দা না তুই হুম মোবাইল লেভেল অইলে হইদি ফাঁচ মিনি কিবে লাহই দিম সাড়ে ফাঁচ ঘন্টা আইয়া লাইগতো মামা আমার মোবাইল অইলে িয়েনে ওডি বউত নেশা নেশা অয় অরে মোবাইলে লই কি মোননা আছে খানো বাআমে কা ছুদিন চিটাং অত কী কী করবো থোরছো না
/kaggle/input/regspeech12/test/test_sylhet_0284.wav,তো ওসময় বাড়িত গেখছি ভোট দেওয়ার লাইগগা ভোট দেওয়ার গেছি খড়ে ভুটার ওনোর মাঝে আমার ভাশুর মারি দেখছে দেখিয়া
/kaggle/input/regspeech12/test/test_sylhet_0439.wav,মানে এখজানোল জ্বালায় খান্দারে বাবা ফরে আল্লারি খইলে তো বাল্লা ওইগিনা ম ফরে একটু এখটু ভ্যান পাাক মানে আটলে এখটু ফড়ি যায় এখটুরিযায় ওরখ ফরে আমার ম্যাডামে এখটা তিন মাস ফরে এখটবান খআল্লায় দিলা আমি ওখন বালা দুই বছর ওই গেছে আমি সুস্থ ওই বেছি
/kaggle/input/regspeech12/test/test_sylhet_0427.wav,আল্লা ফরশা আল্লাল লাখ তো তো আর কুম্বাইর ইনজেকশন দিছে নাম তো খানি কুন্বা গিয়া লইছি জ ইতা খইতো ফারি ফরে তো আমার বাড়ি মানুষ তো ফার্গে লয় গেছে আনছে খা খনো বাড়োইন না বা
/kaggle/input/regspeech12/test/test_chittagong_0040.wav,কিেন দি ওরেক্কা কান্দিয় লাইকখি কি আর কইরবি কদি কিএনজিতে আম ছজি গিরি ইতারা আইর যদি ফে নাইম মানাকি চুরিই না আরিছেলই  টু ফারিলে ই ইল্লা তাম নায় বুজ্জোস না মোকো হমনযা হতা বেকগিন
/kaggle/input/regspeech12/test/test_sylhet_0521.wav,ত দেখকা রাইছে খতো যাও  অন্তত আরকে খালকে আমি যেদা দা জুরে ফড়াইছে খালি বাবসম পসারো না রশারানছ    ল খেরা ফড়া লেখাত নাই ওই ফরে বন কটে ফারে তা কটু বার মিয়া যদি কুনুমতে ফাশতা খুশি লায় তারকে ওইছে কিতা
/kaggle/input/regspeech12/test/test_narail_0117.wav,দাদা মনি কোন দলে া ওতো ছোট মন রদি স্টুডেন্ট ন য় স্টুডেন্ট তোর মতো কত স্টুডেন্ট মানুষ কইরা ছারিলাম তুমি মনে করো যদি
/kaggle/input/regspeech12/test/test_sylhet_0407.wav,ততুটকটাকতো টিক না আমরা ওতার লাগি  রমজান বাসো বাসা খ ই মাস তো ফেব্রুয়ারি মাস যারগি মার্চল লাস্টে বুজ্ছি টিল তাকি নতুন বাসা ু বাসা চে্জ খর বাসা যাজ খড়মু তারার লাগি নো গুমাই না ন আরা বাবা যে সমস্যা খরে
/kaggle/input/regspeech12/test/test_sylhet_0290.wav,ওতো চাওয়া ফাওয়া তাখতো নায় সামাজিক যে প্রত্যাশা ওগলা তাখতো নায় তারাও মেয়ে যাইবো আর আমরার তো কুনু ছাওয়াও নাই যাই ওোক তো তখন গিয়া এনগেজমেন্ট ওইতো তারা বাড়ি তাকি মানুষ ওইছে আইয়া ইন্না দেখলো
/kaggle/input/regspeech12/test/test_tangail_0124.wav,জিতেে যে যত ফারে দিতেছে কিন্তু তাদের লস এতো পরিমাণে বেশি হইছে যে তাদেরে ওই টাকায় হচ্ছে না এখন ওইদিন দেখলি না নিউজফ্িডে তো দেখছিস যে সাকিব সাকিব আল হাসেন নাকি দিলেও বিশ আজার জাস্ট ইফতারি করার জন্য ওর ফাউন্ডেশন পিছনদি আরও অনেক টাকা দিছে কিন্তু ইফ সামনে দিয়ে হচ্ছে ইফতারির জন্য বিশ আাজার টাকা দইছে এজন্য এ বেটেড বেশি ওইছে
/kaggle/input/regspeech12/test/test_barishal_0074.wav,হয় ওইছে বউরের আর বড় বদ নাম কয় না বদ নাম কইলাম  নককি বেনাইলো  সারাসত্যি বেনাইলে   খোসনে
/kaggle/input/regspeech12/test/test_sandwip_0095.wav,েুদি এল্লা বইই নাই দিছে অইবো বেগক আন্নে রাখের নাম জমারে কিগি খইল্দে দক্কো বাড়ি গা র এক্কানা জনিয়া মিক্কা লইআইয়ের না
/kaggle/input/regspeech12/test/test_sylhet_0580.wav,বারষিক খিয়া প্রশ্ন খরে ইব কেক দানঅয়তেআ শিয়র জানিন যাইবা দেখি আমার যাওয়ার ইচ্ছা নাই খর যাইতা আমআর বাল্লাগে ও এখজাগা আছরোজ আর সবতাইকি বেশি বোরিং লাগা  খয়জন শিল্পী আন্নিয়া যে গান যেসময় গাওয় আন
/kaggle/input/regspeech12/test/test_kishoreganj_0128.wav,হ এ আল্লার বাহু  ম কোন জিনিস কাকরি করতা লাছলে ওইডা কইনা তো ইয়া কলা লেহা দিছে ম্ম  এই জাগালাা তম কুন জিনিস কাইটলে লাল ভাই কি করমা
/kaggle/input/regspeech12/test/test_habiganj_0019.wav,এরা আমির উনটা ইয়ানো বিয়া দিতো আছো বিয়াদিবলে ইলাতা ছো জলিরা জানে সম্পর্কতে দেখেে ত জলিরারা আসাদুলেরা বন্ধু নায় এরা কেমমে কেমনে বিকছু হলপা াযাইটা তো ঠিকই আছে খাএনে ইলার অইছে গিয়া এর সাথে সম্পর্কস সম্ভবতো দুই আাজার দশ উস থেছে ইলা মামানা বিয়া অইছে দুই আাজার বাইশো বারো বছরের রিলেশনেরা
/kaggle/input/regspeech12/test/test_sandwip_0117.wav,খাছে অথচ যে বহালুমানের মাষ্টর কিন্তু মাইনষে কয়া যেহুনেন না বেশি গেতে চাইলে অফল্লা ঘুরা হয় না  অবস্থা আ বে আল্লাহর ক না হ্যা ফরেদিন এইতাআই ফাশ খরবারাব ফয় নাতো তা তো বলা কেমনে বাা
/kaggle/input/regspeech12/test/test_sylhet_0233.wav,খইছেন ওতো ফুরাউেটা খরতে মিয়া দিতাম নায় আর ওতা খরতে খরতে ডিসিশন লইতেলেইতে রেজাল্ট বাড়িয় গেছে রেম রেজাল্ট বাড়োইছে সারা জেলার মাঝে যখন ফার্স্ট ওই গেছি তখন তো বাইয়েনসেনটু লরিয়া তয় রা
/kaggle/input/regspeech12/test/test_habiganj_0001.wav,সাল্মা বনে বিস্টি খউদিন ফরে ফইল্লেও লইয়াইবোনে না তি না না তিন তো তুষ্ট ইয়া দে রটাছা লাগতো নাখায়ি এখবার সবি ফড় লখাসাতা গেছে গাও লুকা
/kaggle/input/regspeech12/test/test_comilla_0023.wav,তো এই আরকি এই মেয়েটার এই ঘটনাটা আসলে রুহিও অনেক শখ খাইছে ও তন বাসায় কান্না করতে করতে আসছে আমি তো অনেক ভয় ভয়ে গেছে ভাবসিবাড়ে কোথায় ব্যাতা রাইছে সভাপতি আমি যে ওর হাপ্পা দেখতেছে কি অইছে তোমার কি অইছে বলতেছি পরে ও বলতেছে আমার কিছু হয় নাই তুমি নুসায় বাক্কে বাঁচ্চাও
/kaggle/input/regspeech12/test/test_sylhet_0269.wav,ফরে দেখলা যে স্যারের লগে ইউনিভার্সিটির টিচারের লগে মাতলা মাতিয়া উইলা যে তাই হোস্টেলো থাখতো ফারবো তাই মেরিক বালা আমরা প্রথম দরজনকে সিলেক্ট খরছি যার না যে তাই আছে ে তাইরে দিয়া যান গি আফনারা হোস্টেলো ওউ আমি হোস্টেলো উঠলাম
/kaggle/input/regspeech12/test/test_rangpur_0071.wav,লাগান দোরা  খায় না   আামি তো আমাক রইনে বেশি াি লাগানা ছাগর লাল ও মিমার লা ব ছা দিলে মুই ওমারটা  মা লাও সেজে না না
/kaggle/input/regspeech12/test/test_sylhet_0618.wav,আরফা তো আঙকেলরে বড় নাছকো বড়  বড় আছা আংকের তো সব ক্রছে মানে দেখতে যা আঙকিলে লাখানো আছলা না তাইন না তাইন অইলা টানি মারাআব্বা তান বড়ো জিন চকিলা মারা গেলানা ো াইন সুস্থও আছলা বডা হঠাৎ মারা গেছেনা ওয়াইফ আবারো ক্যান্সার ওই গেছি অনেখদিন ধর ইয়া অসুস্থ
/kaggle/input/regspeech12/test/test_sylhet_0023.wav,তারফরে ওযে অষ্টমি অষ্টমি ওইলো মেইন আমরা  ভিটিও দিন ইটা অইলে বড় ষ্টমিতি দি অষ্টমিতিতির দিন আমরা ইয়ো খরাও নাখে তাখবো তাকে গে ইটি বেশি সময় না দশটা এগারো টান্ মন খরছে তো আমরা উপাস তাকে
/kaggle/input/regspeech12/test/test_tangail_0013.wav,ফরে ফেডি তখন পুরা ভাইঙ্গা পড়ে আর ফেডির সাতে আরো কিছু মানুষের পরিচয় হয় যে যারা আসলে ওই যারা এলবা মরিলিস্ট দেয় ওই কোম্পানিগুলার আরকি যারা আসলে ফেডির এই জনপ্রিয় তারা আসলে তারা পছন্দ করে নাই তার চায়ে ছেইলো ফেডি জানি
/kaggle/input/regspeech12/test/test_narsingdi_0114.wav,কিম্মযাক্সুনো ইয়ারর ওপেনিং তো কী অইতেছাস প্রফেশনালি ডেমন স্লেয়ার ডেমনসলেয়ার ওডা প্রফেশন আমি হাসিরার এনকেম প্লেয়ার অইতাগাই ইনশাল্লাহ এেডেমন হ া কম াতা যে কেমনে অইতাছেস মাইড দিবো এনিমেন্ট নামে কিছু কবি করা কিপদামাইরা ডামু
/kaggle/input/regspeech12/test/test_rangpur_0115.wav,ভা নয় হিনসা শযাষ মুইলে দেখলু ভালোয় আছে সোহাগের ঘরে সোহাগের বউর সাতে যে খাতির মনে কর কালাই টালাই দেয় শাক সবজি দেয় মুই যে একবার কেনু মাজাতে গেসলু তাতে এইরকম অনেক উপকার করছে এরকম
/kaggle/input/regspeech12/test/test_kishoreganj_0038.wav,হরেগা ছোছগা ওই যেইতোন আবার আরতে কি বানছুন আনি একখান া
/kaggle/input/regspeech12/test/test_sylhet_0181.wav,তারাএরদুই বইনের সাথেও মাত রইছে তারারে রাস্তাত পাইছ না রছিইী এখলা আনি গগা হুম আল্লা বল গেছোইন তইন তান্দরোবনদরো তানদিন খউ দে তুমি বান্দ
/kaggle/input/regspeech12/test/test_barishal_0023.wav,রা আমি ক্যান তারা খামা য়া বছোলা খায়াত তে বা ইলাম কি হলা নার  একবেলা এদু উডেডি করা  একবেলা আমি এর ে  পরের বেলা কটা খায়া  য়  করি আরো কালে রা মি ও শিয়ার  কনা জীবনেও ভুল কইরি শিয়ের পাননা এইডাই মানুষইপাা   কনা যাা কদ জমের কোনো কথা না এইডা এা পাবর নাম কি একবেলা ওসুগ মিস গেছে স্বাভাবিক হলো যার ক
/kaggle/input/regspeech12/test/test_rangpur_0069.wav,কাইলকে মাছ চআন্দিমালাও দিয়ও লাও কোনান কতা আইসছে ও তিদুছুইর মাও লাউ জিয় আছে কুনান জুয়ার কতো হেরাই ফির দুছিন মা আ কাইলকে নিয়া যাইমনা মছ তা মাছ নালাও থাকলে নকে মাছ নিয়া সব কিছিা
/kaggle/input/regspeech12/test/test_sylhet_0602.wav,আর এখন দেইক্কা খেমনে আমি মনো রাখতাম শারি না ানে আমি তো অখন জানুছ আমার মেমরিাততো মানে কিতা ওইছে ওইপ ওইটে আমি তো নানু াডাম নি সবতা বুলি যায় আর ম্যাডামই জাগাত কেমনেছিনতা এরফরে নমান টিচারেরার সাথে দেখা ফরে বাল্লাগছে কুহিনোর ম্যাডাম এরাও যেসময় ছিনছুন মাত্রইল
/kaggle/input/regspeech12/test/test_sylhet_0247.wav,আমি কিতা খাইরাম ফই থাখরাম কীভাবে থাখরাম ওটার চাহেতু আমার মাঝে বেশি খাজ খরতো যে আমলে যেই খারণে বিয়া বাঙ্গাইয়া আনিয়া হোস্টেলো দিলা আমি যদি বালা রেতল্ট খরি না আমার বাইরার মানষোনিয়  খুলা খুব ছুটো ওই যাইবো যারা বিয়ার মার দিছোইন তারা মুখের উফ্রেম আগ্বার
/kaggle/input/regspeech12/test/test_narail_0182.wav,একলা একশো বারো মাস অকশ খাও ঠিকও না ভালো না ওনে কি কিল কতা কইরে ক রাছে কতে নছে শুনি নায় মাঝে তো ওইসলগে ওইশো টাকা আইছেনো আ
/kaggle/input/regspeech12/test/test_tangail_0006.wav,কিন্তু ঘুইরে যাওয়ার পরেও আবার আইছা যারাও যরা ব্যন্ডের যারা ইয়া থাকে ওরা বইসা আছে ওকো সামনে একটা গানের দুইডা লাইন শুনায়া যায় ফরে অরা তো পুরা অভাক হইয়া যায় ওরা ভাবতেও পারে নাই যে এরকম একটা ভয়েস পড়া পাবু
/kaggle/input/regspeech12/test/test_sylhet_0520.wav,ইো কিাতারানে ফর মাহদি এখফের চ্ছো ন ফড়িয়া গেছে না আর সাকিবরে জুড়ে যারে আমি রচ্ছো না খয়টা ফড়াইছি এর মাঝ তাকি এখটা আইচ্ছে মাদকা শক্তি রখতা আহে খরে ইতা জীবনেও আইতো নে আমি ফর ফড়োর আমি দেখছি আরকি বউডোও আইহুম ফরে যো
/kaggle/input/regspeech12/test/test_tangail_0053.wav,এতে মনে খরো কিন্তু ই ফান খান ভেযবছিলো যে একবার হয়তো অর খাছে আইসা রাবার চলে যাবু মানে আমরা অনেক সময় উুকুল বিড়ালরে যেরকম আদর খরি ওইরকম একটা আদর দিতে ছাইছি ই ফানখান
/kaggle/input/regspeech12/test/test_sylhet_0137.wav,আমি কাম শেষ খইরার ফরা তাইলে বইনডা খইলাম দেতামগিছারার খ আইবোনি ফাওয়া আইবো খন দুই রান য় শুু বুরছি আচ্ছাে বাক্কা সময় মাতাইলাম কিতা খাম খরাত আছলাইন খরিলাই আফনার ইউটিবো আইলাম না এককরা ছার খাইতে ফারলাম না কু্ছু খইতে ফারলা আনে আমরা দুফুরে খাইয়াইছি তো এমটাম আইছো নাগিত আল্লাহমি
/kaggle/input/regspeech12/test/test_narail_0151.wav,তো তুমি ফোন দিছিলো ফোন দিলি থাহি ব্যসস্ততা বলাম যে আজকে এট্টু ফোন দিি কতা কই মা র টগে শুনতিছেলো তোমার কথা যে ফোন টন দেছেলো নাকি কিলাম আরগেকদিন তরেদি
/kaggle/input/regspeech12/test/test_tangail_0073.wav,চাকরির মানে একদিন যাই তো আরেকদিন যাই না অর যে বন্দুর আছে অ অরে সাায্য গরে ধার দেনা কইরা চলতাছে আরকি কিন্তু অর যে ফ্যামিলি আছে ভুরন ধরনের ফ্যামিলি ওর ফ্যামিলি তো আরইটা টলারেট করতাছে না পরে ওয়ার ফ্যামিলি
/kaggle/input/regspeech12/test/test_kishoreganj_0081.wav,হুক্কিদি দেবুইললাগবো আমা দলি লে কত কিন নাংগো এনে এবি এম্নে আবুইন খেদু লা নে আজ খেদুলা নাইকটা খা এম্নে
/kaggle/input/regspeech12/test/test_sylhet_0197.wav,িতি পারক আছিল আগর দিলোন তো আব্বা আমরারে অংক ফড়াইতা ইংরেজি ফড়াইতা আব্বায় ফড়াইতা বলতে আমারে সরাসরি আব্বায় খড়াইছোইন না আব্বায় খরাইছোইন কদো আমরার বড় যেজন তাইনরে  তাইন তাইনে ছুটজনদেতে এরফরে তাইনদে আর ছুটজন দে আমরা একবাই আরেখ বাইরে ফড়াইতা
/kaggle/input/regspeech12/test/test_sylhet_0561.wav,ওয় হাইয়েরে খ্পা এখবারে তো দশটা ফর্যন্ত এগারোটা ফম খবুম আর এখনও ইনকোর্সল য়া ইচ্ছা তার একশো স্যারের মাঝে কিতা ওইছে ফরম ফিলাপরিবুখয়ার বা ডিপার্টমেন্টোর হেড দে ওউ স্যারে ফাইলাইছি সামনার সামনে ই ব্যাফারে স্যারো রুমো ফরমফিলাফর আমা আমি আরতো আলিন আলাম সবার লাস্টে
/kaggle/input/regspeech12/test/test_kishoreganj_0151.wav,মাঙ্গিঙগে হয় বানচ বছনক খেলা খেল করা দইছে কিন নিছে যাক কি কয়া বাঙ্গি অেরহয় বাঙ্গির দমুি হ বাঙ্গিি কাড গা
/kaggle/input/regspeech12/test/test_sylhet_0129.wav,মইল অইছে সামনে থাখে ওই যে রুমটাত বয় ই িশে পাওয় যাক সমস্যা তাইন কে অন্য একটা বাসেত তার নামে এরা থা ও তারা তাহরে ইয়ো ছয় তিন জেলো থাহেও
/kaggle/input/regspeech12/test/test_sylhet_0711.wav,তো খালাফড়া লেখা খরছোইননি খরা ওইছেনি খরছিল ো হুমআর খয় বছর অইছে বিয়ার বিয়া তো আমার তেরা তেরো বৎছর ইের ুম আফনাযাডা আছে
/kaggle/input/regspeech12/test/test_sylhet_0365.wav,মেযডা আমার সালামু আলাকা  অশবিনি পশ
/kaggle/input/regspeech12/test/test_comilla_0030.wav,সেটা নিয়ে তো ঠিক বুঝি না কিন্তু তারটা হইছে যে টা ওইছে কথা কারণ ওদের ইস্কুলের স্কুলের  দোলনাটার পিছনে যে বিল্ডিংটা এই বিল্ডিংরা হইছে থাকে ওইযে ইউনো ম্যাডামের যে গার্ডগুলা থাকে বর্ডার গার্ডের যে সদস্যরা ওরা থাকে তো ওদের জন্য নাকি লাইন দেওয়া হইছে এই ইস্কুল থেকে
/kaggle/input/regspeech12/test/test_rangpur_0100.wav,এবার দাম বেশি ওয়ার এবার দাম বেশিরকরনে এই সমস্যাটা নোয়া এবার তো সউগ জিনিসের দাম নোয়া বেশি হুম এই দামের কারণে ঝামেলাটা বেশি আরকি সবাই
/kaggle/input/regspeech12/test/test_sylhet_0631.wav,আচ্ছা তাই অকতা কিন্তো তাইলে যাইতে গি না হুম কিতাি সাকিউরে ফড়াইতি যায় হ অয় হেবাত যারা ফড়তো না মনে কতা  আমার খালকে না কষ্ট দি ংলেশ ফবছনতা দুয়া াবালা ওইবো ছিন্তা খরি না ফাশ খইলে বাইনশে আল্লা এখন বালাভাবে ক্লাশ ফরানি ছিন্তা রখ
/kaggle/input/regspeech12/test/test_sylhet_0186.wav,দোয়া খইরোইন তাত্তা আছিলাম অলাইকুম বন্দ ওই যার না
/kaggle/input/regspeech12/test/test_narail_0073.wav,ওনার কোন কাকার ওই মূলত ই ঘর ওগে ওগে ওগে থুইয়ে ওরা পাশে থাকতো ছোট ওই মায়েরা ওগে ঘরে থাহে ওগেরে টাত থাক ওই তো মায়ারা খোব মায়ারে এককপ ফইরে দেছেলো ওন থাকপে ওওই জাগা থাহে ইটা ফর দখল করি নিছে মায়ার সাথ তে ভালো এট্টা খাতার ছেলো
/kaggle/input/regspeech12/test/test_chittagong_0103.wav,ন আই খুদ ডাঁড়া নাই আছে তো অফিসত ন যাই গিয়্যে আইচ্ছা অ ইয়্য তইলে ফরদি হ
/kaggle/input/regspeech12/test/test_kishoreganj_0170.wav,আর খুব বাচসর মুকের বিতরতা খজ লালটরমযায় বিতরডা খুব লালটর মযায় বিতার ডারা খুজ লাল নুযায় বিতক খু ফি যে পিটনাস হক এবং রাসায়নিক শাড়ির ব্যবহারি কমিহ্যাঁ
/kaggle/input/regspeech12/test/test_rangpur_0125.wav,তাইলে ইয়া মোটামুটি ভালোয় হইতেছে ইপ্তারি নোয়া সমস্যা নাই নাহ তুইি তো মনে হয় টেকা দিছিস ওটে ইপ্তারির জন্য কয় টাকা দিছি দুইশো ন কয় টাকা দিছিস বিশো দিছে  দুইশো টাকা দিছিস
/kaggle/input/regspeech12/test/test_rangpur_0096.wav,জবজার বাড়িত না হানিফ মাজির বাড়িত না ফগরুদ্দিন জ্যাটের বাড়িত কার বাড়িত খাওয়া ভালো হইছে ক দেখন  খালি ডিম আর মাছ কার বাড়িত খাইসি কার বাড়িত আর গোর্ত খাইতে বাড়িত নাই শক্তগোস্ত শক্ত
/kaggle/input/regspeech12/test/test_barishal_0006.wav,তা দিরে জানতন াহ্েযারো ছয় পোলা তিন মাইয়া সবাই বড় ভাই পরবা শলান শিক্ষিতরা এই কা ন শিক শাষ আমি দেখছি
/kaggle/input/regspeech12/test/test_rangpur_0119.wav,কালাইর ডাইল খান না কালাইর ডাইল খাই তো ডল হ্যা ঠাকরি কালাই ঠাকরি কালাই ঠাকরে কালাই আনিস ঠাকরি কালাই আনি নই ঠাকরি কালাই দিয়ে কী খাইবেন ডাইল
/kaggle/input/regspeech12/test/test_barishal_0024.wav,খাতাব্বাসতা খাতাব্বাস না ও মত কইলে নর বা থতার বাস না কল অহনের আমি এটটা কতা কইয় এইডা খাতাপ বাস ক পাইয়া এইডা খাতাব্বাস না এইডা টা এইডা এইডা একটা সরব পরিবর্তন হওয়ার প্ররোজন আছে  ননা এতদ ভাবি অরে না তিনডা চিং ছিরা
/kaggle/input/regspeech12/test/test_kishoreganj_0143.wav,পিটনেস হইয়া যে এইদে বাঙ্গীর এইডে এবাহঙ্গীর সবুজ রঙ্গে বাঙ্গীর সবজি রঙ্গে পাকলে হয় অলুদ বা সুনালি অঙের হয়  পাকলে অলুদ বা সুনালি অঙগের হ ফাকলে অলুদ বাএ ফতম অইছে কিটনা সব পিটনা সব  হ্যা তলে বজ গস চলি মানে জামটাআব না হা
/kaggle/input/regspeech12/test/test_tangail_0065.wav,যহন নিউ ইয়র্ক মানে ইরকম সলতেছেছবিতে দেখায় যায়ে একটা নিউ ইয়ার্কের সময় আইছে মানে হোটেল দুরা পার্টি স্টার্ব দের আলাদা পার্টি যায়গা আবার যারা কর্পোরেট অদের একটা আলাদা পার্টির জায়গা আছে মান াস্টার্ব হরা তো আর
/kaggle/input/regspeech12/test/test_habiganj_0109.wav,মাে যেমন সেববিজ্ঞান ফিনান্স ব্যবসা দক্ষনিত ইংলিশ বাংলা ফর বিজ্ঞান এখয়েককনডে সাবজেক্ট লিয়া তাাইবো আর বাকি কিছু জাপের আছলো ইই গুলো বাদ গিছে কিছুমানে আলাতাত
/kaggle/input/regspeech12/test/test_barishal_0009.wav,পায়টটুস্কডি ছোডি ফিনডা হেয় পরিচয় দিলে বউত তাএকটিসতে থাকে না হেসসে কি করবে উনি উনার বাবার ওই চেনবে না  এইরম হয় বিয়া কলেখি লোয়া খাইলা খাইতাম খাইতাম নো আর দুমি কছে হেরপ বাড়ি
/kaggle/input/regspeech12/test/test_narail_0133.wav,ব আমার ওচো ভালো হয় না ডি কইছে আমার ইন্ডিয়া একটা এন্ডিয়া একটা বাড়ি পড়ে দে আজা কয়ছে দিবানি
/kaggle/input/regspeech12/test/test_sylhet_0494.wav,টলাম গুমাওছি ওদো তার নামাজ খরতাম ফড়া তো আল্লারে খইরাম তো নামাজ বখতো ফরতম ফারি ওমনু আল্লায়তো আমি দেখি তাই নামাজ মাজ ফরিয়া আইছে আইয়া কিতা খরছোজনে একটা বিরানি লইয়া ওছোইন  খইরা একটু উটবাইনি উটে খাইলাখইরাম না নাইতা খাইতাম না ইতা জাম খারাফ খরলি খাইলে খাইতাম না ওতা খইরাম তাইন আমার কিতা খরছো না ল্লা জোর খরি আ যেমন লাগলাম সুস্থ মানুষ তলেন জোর খরি একটু তুলছে না  ল্যাক্সম টাশ খরে উটছে ও নাবিন লিছি ক্ল্যাকসনমা ট্রাস খরে উরছে আমি বুঝতাম ফারছেনো আমার এখটু ট্াস খরে উঠছে লল্লা কিতা
/kaggle/input/regspeech12/test/test_comilla_0009.wav,রুইচাত ছিলো রুহি উঠতে কিন্তু নুসাইবা বলতেছেযে না আমি উঠি তুই যা তর তো নাচ্চা িয়ার চালাইছেল তো এক পর্যায়ে রুহ ভাবলো যে হে আমার তো নাচার ইয়ারসেল যিতে হবে আমি চলে যাই তুই দুল না খা দুল খাজল নায় তে রুহি অক্কে ছেড়ে দিয়ে
/kaggle/input/regspeech12/test/test_sylhet_0350.wav,খতখন গেলাম ঢাকা এখটা অড়িয়েন্টেশল প্রগলাম আমরা গিয়া ফাইছি মন্ত্রী সচিব টিসি যারা আছি শিক্ষা মন্ত্রালয়ের ে আমরার
/kaggle/input/regspeech12/test/test_sylhet_0513.wav,ইগু ওখন অফারেশন ফরিয়া আনতাবা খরিয়া এখন আমার খানদা ফরে আমি আমার ফোলা শুরু খরছি সোত মুজিয়া
/kaggle/input/regspeech12/test/test_barishal_0004.wav,বাস্তবে মিডিয়া গযাছে হেনের মেয়র গাছে নানান প্রশ্ন হে মনে করেন এক লোক চালাইলো হেয়ে দযখলাম পাঁচ ছয়জনের অনেক প্রশ্ন পরে হেষে মাফ চাইছে কা সলে আমার ভুল হইছে আমি মাফ চাই আমি এরম কামার কোনোদিন এরে কই ওই যে দেখ কর করে গায় না আড্ডি নাই হ হ মাংস নাই খালি হড্ডি
/kaggle/input/regspeech12/test/test_tangail_0112.wav,তো আমার মনে হয় ওই বিল্ডিং করার জন্যই কেউ চক্রন্ত করা আগুন লাগাইয়া দিছি েআমাদের দেশে ব্যবসা হয় জাস্ট এই দুইটা ইদ দুইটা ইদের হচ্ছে দেশে ব্যবসাত হয় তারা অনেকে আছে যে লণ টিন করে
/kaggle/input/regspeech12/test/test_kishoreganj_0172.wav,তোর মুজের বিতলা কুমরে গ পললাল তুমুজের বিটালরাল তার মাজে ি তরলাল এ তোর মজের বিটার্টা লাল ি  মজা
/kaggle/input/regspeech12/test/test_sylhet_0314.wav,গিয়া কিনা গাডা করি একদম প্রাইমারি যেগুলা লাগবো েনশিয়াল ওগুলা আনি লিছছোইন আরভাবিরা সকালবেলা উঠিয়া মিনদন বাটিয়া একলু লেফা ফা দিয়া দিলাইছোলো ওতোরো ডিজাইন্ ডিজাইন না গোসল উসল করাইছোইন গোরাইয়া লইয়া গেছোইন গিয়া সুনামিগঞ্জ গিয়া পার্ডারের মানুষ আনি দিছোইন বাসাত
/kaggle/input/regspeech12/test/test_sylhet_0422.wav,গোল খরছি কিন্তু কিন্তু জিওো খরতো ফারছে না বাট তারা গে্যি ই অপারেশন জানেন না ম্কা যখ  ওই বুঝতা আমার যে আমার কতো কষ্ট খররে বাবা জদুবরার লাইগা এখটু গোফ খররা মন আমার হাল্কা না খই খইি আমরা বা অমস্যা মনাখ বালা লানা এখ
/kaggle/input/regspeech12/test/test_sylhet_0382.wav,খইছোন যে তুমি যদি ফড়তায় ছাও তেতো আমরার ইন তাকি শহরো গিয়া ফড়া তোর সহজ নায় রাস্তা ঘাট বালা না যোগাযোগ ব্যবস্থা বালা নাই এখলা এখলা যাইতায় বার তায় না রাস্তার মাঝে মানে আমরার গ্রামোর তো অনেখ মানে ইয়ো আছে সমস্যা মেয়েরারে বাইর খরার তেতো তুমার হোষ্টেলো তাখা লাগবো তে আমরারে ফালাইয়া তাখতায় ফারবান হুষ্টেলো গিয়া ফড়লে হোষ্টেলো তাকিয়া খরবায় যাতে যাতায়াত ব্যবস্থাটা ইয়ো ওয় সমস্যা ওয় না
/kaggle/input/regspeech12/test/test_kishoreganj_0040.wav,দেমনে যা নাম গুরা ছার গুরা এিবা রাকিববা আমি তু আর কেলা কাজে খেললাম আ আইছো না টিকোতেবডা
/kaggle/input/regspeech12/test/test_rangpur_0018.wav,কাড দিইস আর ফটোকপি আছে না কাটের হ ওটা ফটোকপি কবি দেইস ইয়া মহিলাোমেম্বারোক দিয়ে এটা আর মোর কিছু হবার নায় বয়স্ক ভাতা বা ভিদুও ভাতা একটা করি দিয়ে করি দিয়া কয়র কইরবার নাগছে হ হয় নাতো আমা
/kaggle/input/regspeech12/test/test_barishal_0058.wav,কলিভিশ যাই হেইরুম যদি ডাটামি করতাম তয় খয়রাত কইরবে ও মোর ভাদ জরতো না ওইছাহোনে না সেন্টার ঘিজি  ভলো োটা
/kaggle/input/regspeech12/test/test_narail_0183.wav,তুমার এ সাথে সমা তো আনিছিলাম কসুচাপ র এক মাস হইয়ে গেছি আর আমর পাইপায়রে খুবি ওই সুময় আবার শোষকে ছেল াতে
/kaggle/input/regspeech12/test/test_sylhet_0403.wav,যে অসুস্থ মানুষ আমি তা খইয়ালাম আমি যগ দুঃখ খইবার খেউ কিছু জাগা ফাই না আমি নিরাইতাইতাকি এখলায় কিন্তু বিশেষ খনি আমার হাজমেন্ট খুব বাল বুঝছোনি আর ইলেখেও তাখলে জীবনে ইলামখুর আত্মনাখেউ
/kaggle/input/regspeech12/test/test_kishoreganj_0026.wav,তে ভুল টুল করে খওয়ান নাই বেরা ও বই এককা হাম নায় কম্পিউটার দিে এসব কাজ করে নাম কি কছ া ততো ফরিচিত অনেক কম্পিউটার দোয়ান তো আসবা া লাগদা যায় খাওয়া লাইগদাযা
/kaggle/input/regspeech12/test/test_kishoreganj_0005.wav,তিন দাউ েবার কলে দামা গুডনি পলার বা দিিহ্যা এইযে আগে ছুদুইল্লা চান দিছেন চবি তুল্ল নি বার আইলো বালছে হন তুলতাম আরতা ভাইয়ার লগে দরনে বিতে থাকবো ওকে গাড়ি তেমে এম্মো গাড়ির ধযরা করা তুই দে তিই গাড়িত তারায
/kaggle/input/regspeech12/test/test_sylhet_0689.wav,ে তো তো বাচ্চা খাইচ্চা লইয়া সুখে সংসার খরছি ছাফেই নখরি ফছোন ফুয়াইনছে লেখা ফড় খছোারে বিয়াব ফয়ান বিয়া দিলাম নাতিনো সা ফাইলাম নাতিনো সা ফাইলাম নাতিরো বিয়া দিলাম া ফুয়াইন্ারে বালা গান ওইন ফারি হুনছিফুয়াইন্টারে বিয়া দিলাম ফুড়িরে বিয়া দিলাম নাতিনো সারে ফাইলাম
/kaggle/input/regspeech12/test/test_comilla_0018.wav,তো এইখানে কয়েকটা বিষয়য় আসলে কি কারেন্টের শক লাগলো কি না কিন্তু ওদের ইস্কুলে কিন্তু ডে শিফটে সকালে মর্নিং শিফটে ক্লাসে ওরা ওইছে ডে শিফটে যাক মর্নিং শিফটে সবাই দুলনাতে উঠলো কারও শট লাগলোন এরপরে ও নূসাইবা বর্সার আগ মুহূর্তও কিন্তু ধুোলনাতা
/kaggle/input/regspeech12/test/test_barishal_0088.wav,খইরি তোওই যে আবার উপরে চোখ করা হলাকরেহেকানে পাঁচশো টাহা দিছে ডেলি মোরা কাম করছি খায়ও যে ও হেইয়ের পর গরে   ওদাাু করছি যে এরে কয় কোন কাম ছ এফরে ডালাওইলে তোর ওই খইরিন্না এডা আগে না
/kaggle/input/regspeech12/test/test_tangail_0045.wav,পরে পাইএকটা ভোট পায় মানে ইফানখানে একটা ভোট পাই ওই ভোট একুরা কুনুরকম আরকি ওই রাটু পাছে পরে সকালে উইটা দেহে যে ও সাতে এইই ভাগটা যে আছে রিচার্ট পার্ক র ও সাতার কাটতাছে পরে
/kaggle/input/regspeech12/test/test_tangail_0032.wav,তর আরছিলো পরে যহন সারা যাইতে নাই প্লেনে তখন ওই বিমানের ফ্লাইটে সারা ওই পাচ ডলারের ওই নোডটা দে খেছি সুনা খানের যো নাম্বার দিছিলো ওই নোরটা আবারোয়ার খাছে ফিরা আছে ফরে সে বিমান থেকা তাড়াতাড়ি নামওইনিউইয়ার্ নিউরইে
/kaggle/input/regspeech12/test/test_sylhet_0742.wav,বিওইছে না খাইা সারাজীবনো মনে খরো এখ মাস রায় আর দুইন মাস খায়ে খাইম যতদিন ওগিছোনা গও খাইম  তাইননিন যাইবাগি হআর খাইবা তাইন জে মাইর বাড়িত খেউ মরবে আমরা আমরা ওদে ওলাম দেখি উকায়া লম্ব তি রেএকা খাইনিলামমা তলা তাইন খাইবানিতাম
/kaggle/input/regspeech12/test/test_chittagong_0112.wav,এই যে কম্পাসেসনের চৌদুটদি যা আছে দেগগি ইক্কা তুন ডিয়  এতাল্লায় আনছে এহন আপুরে ছবি খতা খইয় আফর তোম্বার লা এমবি টিমবি নাই এতাল্লাই সমসদ ফরি গেগুদে ইচ্ছা চিটাংগ চিডাং অত গরম হইরলে
/kaggle/input/regspeech12/test/test_narsingdi_0040.wav,দিনে ছাড় পাঁচ বার গোসল ওই কনা লাগে কেবারে ফস্থা তিনবার অলরেডি অইয়া গেছা গছ বুজর মি মাককব আমি এইবার না সাতবার গসি  কারেন্ট আর্লা ইববোমু
/kaggle/input/regspeech12/test/test_kishoreganj_0024.wav,এ এলাকাতে ভিন লুকাইছে কইছেনের নামে এইডা হইডা  এলাগা যাত যিতাআছে ইতানয় ক বন্না বু্া আরেক বেডা সম্পদ না আফনে ক বল লাভ অইতো না নিয়া হক্টা নাম এইযে লেইখ্যা থ ইয়া গেছে বুল অনে ওকটা না পাঁচ আজার সাত আাজার দশ আজার টযহা ইা গেছে আর ইতো মম কুন চাইল মনো হর মনে ক যেসব টেহা কতজাছে
/kaggle/input/regspeech12/test/test_comilla_0001.wav,কিন্তু আমরা  ি হ নকি ফরে তালা দে আচ্ছাআচ্ছা এমনি থারেন সি আটিন র  স্বর্ণ কানা ফরে টিটে হ স্বর্ণকরে তো প্রচুর দাওাম হইছে গা
/kaggle/input/regspeech12/test/test_sylhet_0039.wav,পুকুরে বিসর্জন খয় কিন্তু অনেখ জায়গায় তো পুকুর নায় তারা কুছায় বিস্বর্জন রয় ঠাকরুকে তে তারা কি দক্ষিণ সুমা নদী আছে না নদীতে গিয়া সবাই বিস্বর্জন আমাদের নদীতে বিস্বর্জন খরেন আমরা ইওতে পুকুরে আইস ্জ  বিসর্জন খরার পরে আমরা ইয়ো আছো
/kaggle/input/regspeech12/test/test_habiganj_0088.wav,নৌকা প্রমাণ বাল্লাগে গইশি খয়বার ঘুরাইছো নৌকা প্রমণ অনেকবার গেছি অনেক সময় বেশি দেইক্কা গেছি ঘুরাইছি ঘুরাউ গুরি এমনে তে গন্ডো যায়গাতে আর কনো জায়গাতে খরছোনি
/kaggle/input/regspeech12/test/test_habiganj_0056.wav,যায় মা খালি ফয় তুইই রান তুইই রান অখন দেখা যায় যদি মোরুগুরু গানে একদিন মুরু গান ছিলাম আমি আমারে দিয়া মা রান্দাইছিল মা খাছে থাইক্কা আমি লারাউড়া দিছি ন বলে তর খাডি খত্তা মজা খইতে অখন সবাই খালি ফয় তো মারতিগা তর মজা ইছি অখন তুইই রানবে অখন মরুগুরু গানলে আমি এমন যন্ত্রনাত ফড়ি খালি আমারে দিয়াওই রান্দায় অখন তো আমি এমন বিফদো খরছি আমি খই অখন একদিন আমার এমন বাজি খইরা রান্নো লাগবো যাতে আমারে দি নাানদায় এরফরে আমি তা
/kaggle/input/regspeech12/test/test_sylhet_0652.wav,কুন তা খরচো পারছেনা এইজন এ ওউ গাউটাকে ওগগা টাইছে ফাইনটাবি ড়লে হোক বাতে ফেনো লে হ ন ে ওই নক মাইনষে তো দেখাইয়া গে রাজা খারে দেখাইয়াবে নানি সন্ডাক্ট ওলা ইয়ো করছে ওতা পাকি ইয়ো করিয়া বেশি
/kaggle/input/regspeech12/test/test_sylhet_0112.wav,আচ আর নানার বাড়িতকে খ্যাখে আছোইন ত্যা আমার খালা আছে আমার নানি আছে আওা যায়া খরোইননু তারা তারো আয় না বিশরামতাএরা অভাবে ছলি নানি তারা অবশ্যে আই লা তারার কিতা খরে চ্যা তারা তারা ছলে বালাও ছলের বিটু ডিফুয়া আছে সিয়ান
/kaggle/input/regspeech12/test/test_habiganj_0035.wav,আমার যে বাল্লাগতো খও মনে মনে খইতাম আমি যুদি রানতে ফারতাম কুনদিন যে আমি রানতে ফারনি এরফরে ইতা খরকে রতে দেখতে দেইখতে এরফরে আমি ওখন আমি বুঝা যায় যে আমি না রাইন দুই দেখা যায় মার যেতে যেতা রান্দে আমি ইতারা রআনতো ফারমু এরফরে মারে আমি একদিন খইর মা আমি রান্মু ওই কও সময় মনে অয় আমি
/kaggle/input/regspeech12/test/test_narail_0085.wav,ওকুর কয়বার কিলো দৌরবার গেলাম চাগর যাব আমারে যাওয়া শুরু ভইসার কন কালে যে থাহনবো তা ঠিক নাই
/kaggle/input/regspeech12/test/test_sylhet_0682.wav,ফেরার রাকি বন্ধ নাই শুবকু সানি ইস্কুল বন্ধ থাকলে ছারা হবাই গানগে এে নাসে জামে  নেয় সব  মার বারে তো ইচ্ছাত আসে থাকছা   ুুাব র বড় ফর্ব ভালো ছ
/kaggle/input/regspeech12/test/test_sandwip_0057.wav,ধান দাক আর ওক্পরে ছাড়ি দাওয়া অয় য়্যেইছেকর মনো রয়্য সরাসাপু নাত্তে আদে দ
/kaggle/input/regspeech12/test/test_narsingdi_0074.wav,সাল ম্নে দিভিত লইয়া মারে ছুডুবেলা মাছ ফারা কা  তা বারে বিশ্কা ছালামনা দিছছ মাত্রাও মা য বিষ টাহা দিছি কতবার আরো বেশি দিছি ক ছ ষাইট টাকা দিছি কতা পারতা রে কি ছালামনা  তো এইডা ই খুব বেশি অছে খা
/kaggle/input/regspeech12/test/test_comilla_0021.wav,এযে এইটার জন্য হইতে পারে যে কারেন্টের ইয়া হইছে কিন্তু অন্য কানো বাচ্চা রাকতো কারেন্টে শক করে নাই বা ওর শরীর থাইকা রুহি সবার প্রথমই ফাস্টের রুহি দেখছে রুইি ওর মাথায় যায়া স্পর্শ করছে রুহিরেও কারেন্টে ধরে নাই তো এই অইছে কতা এহন যে রুইরেও লাগে না এটা তো একটা লাগ লাগ শুকরা আল্লাহর কাছে কিন্তু
/kaggle/input/regspeech12/test/test_chittagong_0148.wav,ইতো  অন্যায়ে হ  ন্দ নে খাইনছা না হদি কিল্লাঅয় ইয়া দি তো কালাহমুতারা এনে বেকগুনে ক্যান আছে আছে ভালা আছে অননে দয়া দি তুর
/kaggle/input/regspeech12/test/test_chittagong_0006.wav,তো এহন আগে তো আটটা বাজে যাইতামকু বরে আবার তো এহন যাইরদে সোয়াটটা আটটা ভিশাইললা ডেডি গরিয়ে অইছে বাইরে ভালো অইয়্ে তো এহন গিয়া গরে আই আইয়্েরে আঁরে ন দেখিলি আফা কই আফার কইতে এহন উইগা বলে ইটুপরি এন্কা ভালো ফই্য যা খতে উনি একটু অসুস্থ সেইজন্য আসা নাই
/kaggle/input/regspeech12/test/test_sylhet_0337.wav,অখন আমার বাই আইয়া খইরা আইয়ো খরো সিজার খরিলাম সিজার খরিয়া তুমি ফড়া লাগে আমি মুই সিজার গরাত গেলে যে খরছ লাগবো ইটা আর আমার জামাই লইয়া চাকরি ওতো কিছু বিয়ার খরিয়া তাইন আমার সিজারের খরচ দিবা খেমনে আমি না সি জার না নরমালে ওইলে ওইবো না ওইলে না ইটা আমার সিজার নিজে না আমি ওলা অবস্থা ফরীক্কা দিমু যেছাওু
/kaggle/input/regspeech12/test/test_sylhet_0419.wav,তুমি আমারে অসুস্থতা বানাই ছে তুমি আমার অসুস্থতা খরিয়া দি আমি ওউরখম আমার ফরসাপ জ্ড়ছে কিন্তুক আমি জায় নামাজু নামাজ ফরছি যানামাঝে আমার ফরসাপ ছ আমি নিজে দেখ না তখম দেখদিও তখন আমি নিজে বাবছি আল্লা তুমি যদি আমার গুনা দেও ডিলাও কিন্তু  আম না আমার ছাড়তাম নায়
/kaggle/input/regspeech12/test/test_sylhet_0640.wav,আত ফড় গানও শিখোন  জানো যায় নাআট পড়ো খাও না বালে গানো যাই ড্রয়িং বাতি যি শর ইকবাল লাগে ন কর গান ফারো দুইজনুই তেই গান শুনা ওতো মুক দিমাকো কারাম রেকর্ড কররা তা গান কাি দুজোর মাইল্লা গাইলেও
/kaggle/input/regspeech12/test/test_chittagong_0167.wav,এনদে কিন সম্য করলা এন্নে ন যাইছ ডলরানিবে কী ছড়ে দে লালি তাল্লা ফরীক্ষা দিদি লি এসএসসি আল্লাহ তোইতো একদম চুডো অ ছুডু লে কি অবোর বয়সের আগে যদি ফাকি যা ইগু তো কী রবো আয়া বযে লাািবা পন
/kaggle/input/regspeech12/test/test_narsingdi_0080.wav,অনেক ফ্যারাফেডির ফর আঙনা রাজি অইছে তরে ব্যাডমিন্টন দিইশো থাকা নিছে তারফর আমি খেলতারছি না দীপে শেষ খইরালাইছে আমার ত খেতানলা মারে ব্যাডমেনব্যাটমিন্টন নষ্ট করা দিছে বাবারে কয় বান্না গছা হের মজার টাইব ইনা দিনা আমার ডাদু তো হেই নষ্ট করছে হেয় নষ্ট করলাস বার আ হেরে নামেডাহি নান
/kaggle/input/regspeech12/test/test_sylhet_0698.wav,তাইন মোরুব্দে ও অইলো ছ ছুরি তাইন শার সরেন  আফনে খয়ছেলে খয়ত বর প্লিনি ফুয়া আর ফুড়ি ফুড়ি একটা বেল লিল খলা মাত মিরা সিলেটি খাছা বাড়া তিন ফুড়ি তিন ফুড় তিন ফুাইফুড়িসয়া এক ছুড়ি বিয়া দিলিই ওয়ার বউ তিনটা তিনজন
/kaggle/input/regspeech12/test/test_sylhet_0685.wav,আইচ্ছারারে ইস্কুলো তোমালা বর্তি খরাইলিলে তার বর্তি খরাইল মরে খরা গেলে ইয়ারা ম ামি খারে তে বাবে র আর খাম খত শিস নি নাআমকিয়ারো রান্না গইছি
/kaggle/input/regspeech12/test/test_sylhet_0633.wav,আঁমির মাঝে য়লা যেহেতু সবার হাতে এক্স্টুডেন্টের আর প্রযুক্তি এরলাগি মেবি কিন্তু অতটুকু ল   তা বালা অইবো কেও যাইগি আ
/kaggle/input/regspeech12/test/test_sylhet_0119.wav,লিটা আতদুলা খরতো ইটা দুরো মাইনষেরে জুড়ে ফড়া দিতো ইস্কুলো বর্তি হরাইছাম ফড়ছে না ইস্কুলো ফাক আছে নাি থাকে ইডার মাএটা স্কুল ফরিয়া  ডা ম ফয়া ফড়ছি খযে বাত বরলো না
/kaggle/input/regspeech12/test/test_sylhet_0628.wav,সবতা পছন্দ খরি আ তো না ফ্যামিলি ফ্যামিলি  দেখিয়া পছন্দ খইরা ফরে আরকি ইলারে ওইছোইন মানেও এইখা আর বুসরা যে আরেকটা কাজই না তো তা নিয়া আমরার কমার্স তলমান আছেন ও তাইরোবি আমরার লগে প্রায় মাইনষোর বিয়া অই গেছছে আা
/kaggle/input/regspeech12/test/test_sylhet_0144.wav,আমার তো কছো ও ছেফি ফিছছো না আর হে দুইেটা বিয়ানলাই আর কইদিছ একটা ও মিরা বাজা খরো না বাকিরা কিতা খরোইন ফড়োইন উরিনিমহে বাকি ছেলে মোখনে ও হে ফড়ে র াবাক কাতা
/kaggle/input/regspeech12/test/test_sylhet_0646.wav,হ তমরা দাদু নানি দুদাদুনি নিয়া কিচ্ছু খও দাদু তোতা খরোইনসলএকট গর গুছাইবা তু যদি আমর জাল্ দিবা বাগান ই বয়সে ওতো খাম খরতা ফারো ওয় আমরা হেল্প গরোনি া খ
/kaggle/input/regspeech12/test/test_sylhet_0647.wav,হুডাই ইস্কুলো যাও ফড়াতব এইলা করি সেই খরি খইযায় তো ইলে না আামরাশুববর কিতা খলল কিসে এটা না ুলাও গ টাগান জানো এখটা খইলা তার আমি তো খ গ বইনা খইলাখও
/kaggle/input/regspeech12/test/test_sylhet_0324.wav,তো তাইন মিইল্লা আ্ছে আমি ফামুনি  যে ফারবায় না ফাটবারতাইন রে ফারবায় আমি তো আচ্ছা আমি তোমারে হেল্প করবু আমি যেত ফরি তুমি তুমারে লইয়া ফড়মু গ্রুপ ওয়ার্ক ফরমু তে আইচ্ছা ছলো ছলো শুরু করি তো ছলো শুরু খরি কইয়া আছে তাইন কিতা করতা আইয়া তাইডি জিতা রা ত্রে ঘুমাই যাইতা
/kaggle/input/regspeech12/test/test_sylhet_0517.wav,া তো দাদু নানকয়দিন বালা দাখন খয়দিন দআ গআইডি হালকা তাকি আলো া সোমবার এগো তা খবারে সখালে ফড়িস গেছিলাম
/kaggle/input/regspeech12/test/test_sandwip_0099.wav,য়া ক ফা টামা আইছে কারণ কিয়ানা হলগাবো কইছনর নাই কেউ ই কতুকাঠিনার ব কিনছি এ আর চাইকা চিকিৎসার লাই আইয় ফস কি খাম দায়া বরকি ক কি ছাকরি গইরবো আ ফরি্জা ফাইয়া তাকি চাকি  আমি কেউ ফাইবুন লাশ্টে গদ বানি তোমার চাকরি দা কির দরকার না
/kaggle/input/regspeech12/test/test_sylhet_0595.wav,বালা ও থা জামো আমি আ্তা খতা দেখি ইসতো ি বালা ওইয়া গেছে ওয় আলহামুদুলিল্লাহ বালাও আছে  বাড়িরা সবাইতো বালো খাছবেন
/kaggle/input/regspeech12/test/test_sylhet_0050.wav,খক সিলেট আন্দ ইন খটা খরতাা খয়লা ফথমে নুডুর সিদ্ধ দেইন খরম ফানি পানিরএনডু সিদ্ধ দেইন বাদে ফিরাইজ বাজোইন বা যে ডিইম ছাড়ইল ডিম বাজিয়া ানে নুর ইছ্তারোইন সারে মসলা দিয়া
/kaggle/input/regspeech12/test/test_tangail_0096.wav,পরে আইসা আবার ছাকিনারে বলে যে ইমারে পাই নাই তো এহন কী করবা তোমার তো আমি তুমারে অনেক ভালোবাসি এরকম পরে কিন্তু ওই ছাকিনা যে
/kaggle/input/regspeech12/test/test_sylhet_0371.wav,ওইল কাম্পু সুকরিয়া দালাইছি আল্লারে আখললা িছি আর ওই বয়স আসলে বাচ্চাটা হোয়ায় এখন আমি বুঝি যে আমার কতোটা সাপোর্ট ওইছে আল্লা অলো আল্লাহ ওইলো গিয়া সবচেয়ে বড় পরিকল্পনা খারি তো এখনো আমি ছিন্তা খরি যে
/kaggle/input/regspeech12/test/test_narsingdi_0082.wav,ফা ইবা আমিও ফাইছিলাম আমি  ফোরে ফাইছিলাম দৌড়া ফাইছি একবা সেকেন্ড প্রাইজ ইডা আমার স্কুল লাইফে ফার্স্ট আছিলো উনা খেলার মদ্দে আইভাই খেলছোস ফাইবে খেলা দেয়া িাইছিলাম তো আমার লগে সব মনে খর আমি তো এক বছরের জুনিয়র আছিলাম
/kaggle/input/regspeech12/test/test_sylhet_0565.wav,আর থার্ড ইয়ারো আমরার আরকি কমার্ছো যেটা একাউন্টিং ফাইনালছরতা না না রা হাইয়ালড বেটার ইন্টারমিডিয়েট বুতছিতোমরার মেয়ে টিতা কিলা হরি নি না ম জানি সব মেয়ে
/kaggle/input/regspeech12/test/test_narail_0164.wav,আ ি টাহার মতো টাহাও যাবেনো ক আচ্ছে যে ডাক্তার দে আছি আত্তাগা দাক্তার দেওয়ার যাবেনে টা য জাবেয় আছে কায়
/kaggle/input/regspeech12/test/test_chittagong_0102.wav,আবার লডি ভাইত কুন লি অক আমের মধ্যে দিয়্যি ফুনানি গ দেহি দি তারফর সেইম এলি নাম্বার ন লহরে চলে হওয়া আইচ্ছে তো গুকি আর গরগম হয়াল দে নাসিয়ান লরতে চুত্তে ইয়েরে সাম মদি আই যাইবোগো
/kaggle/input/regspeech12/test/test_kishoreganj_0096.wav,হ  নামছাআছস না হ নাওছ অইছেদুললি লাইয়া মুশার বইন বলদেবাইন  গরুল দুলালাই
/kaggle/input/regspeech12/test/test_sylhet_0096.wav,দুইজনো রানা খাতা লাগলো দুইজন রলা খাতা লাগে বাজার দরোত্তো খ বেচি বাজার দর কিরখকম যে দাম ছালো সত্তুইর ট্যাখা খরি একটু রেছল সত্তুর ট্যখা খরি তাটা মানে মুটা ছাওতাও যেগুলা আগে ওইবো মুটাছাড় ওইলো সত্তুইর টেখা দাম ওইছে এইছালা আনতাম মুটা ছা জানতাম ছনিছ ফেয়া দিয়া ফায় ক্রিশ টোর বিশ টাাতোও আনতাম
/kaggle/input/regspeech12/test/test_sylhet_0068.wav,বাই বিয়া খরছোইন মানতার আবার বাইও  বাইয়ে গিয়া খরতা নায় বাইরে ফুয়া ওইছলো বাইখা খরনে আমি কিতা ছাগল আমি বিয়া খরতা না  কিনতায়  কিছু মন্দ ওইবো রে দুইটা বইন গর তো ইয়া বাইরা
/kaggle/input/regspeech12/test/test_rangpur_0057.wav,কাইলকা বলে তামাম আকাশ বলের ইয়াও হইবেে এইজন্য অনেকে কইছে যে এক বছরের খাবার মচুত রাখার জন্য মানে ইলা করা সেডা লে নাললাপনরো দিনও তই যারে খাবার কিছু মজুত রাখার জন্য এখান থাকি বলে  া বিভিন্ন দরনে বলতেছে ুে ত কস না সরকার আল নাম
/kaggle/input/regspeech12/test/test_sylhet_0150.wav,ববাসাত মা দুইন নানি ওরকম আরতাকি খনা আমরারে ফড়ালেখা খরে হেইযে ছেলে মেয়েরারে ফড়াইলা য় ওতাও সাব খরলাম আফনের মেয়ের যেডিয়া ওইলো বাও না কিনাত নিয়া কতেনি ওয় বড়ো ফুইিরে এখ মেয়ে ছেলে হুরুহুরির খছিনা
/kaggle/input/regspeech12/test/test_chittagong_0021.wav,এডা আম্মা ও গড়ি চিল্লাদি ছিল্লেতরে ফরতিয়্িন খান এক্কাছে জ্বালা ফালা গরি ফালা রমদে ফরা লেহা কইরগুর জন মজার ফওয়া লেহাবেগু দি আরও কম গরি মোবাইল টিকগো মোবাইল লইবেলে বউত জ্বালাতা আছি তো মোবাইল টিবর কা তুই এযে ছুডা নো নি
/kaggle/input/regspeech12/test/test_chittagong_0024.wav,এন হাইয়ে আইয়া অবস্ছে টেস্ট এততুন আবার এডা আবার ডাক্তার হাছে গেলাম ওশুগ খয়াতে হেতাম বউত খাষ্ট গরি আগো ওইডি আঁর্মা ওগগোও বইন আঁরা অশুক নিজি মাইচ্ছামে সেউইন ফৃদিও বুনান হইলি
/kaggle/input/regspeech12/test/test_rangpur_0011.wav,সেনা আইসেনে না আইসবার ব খোলা আইসপার দেয় না লা কি ঘরে আইজার বই আছেও জানে এলায় ববর বেডির এত দর এলাই ফির রাবে নীদ আসপে মাইনষের খবর নিয়ে না বারছে ফারলি বা একটা আগো কারে বএহ তোগনা আইসবার দেয় না তুইবে রাখছেস ক্যা ত
/kaggle/input/regspeech12/test/test_sandwip_0129.wav,য়ার কি অনকার হোলাইনেরে বাইরে অক্কার হোলাইন অইলেও অইবো ন অইলে নাই এগার লগে কযে আল্লার রাস্তা ফালাইরো এ হিসাবে তুদু শুদ্ধু নিজের টিঁয়া খরচ কর ইয়া করে আর অনকার লে না আঁর কাছে মনে অই যে গুলাইন নিজেত্তে অইততো চা না হে হোলাইন হরা আগুদওদি চেষ্টা া খালা যা বা ন অনে দিন টিয়া অলে  দেতো না
/kaggle/input/regspeech12/test/test_sylhet_0490.wav,খারণ তাইনোর ডারা টাকসকে আমি অসুস্থ মানুষ আর আইজকে তাইনোর গারা খটা সুস্থ খর আমি আরো আশা খরা আল্লা ছি জার না ওতো বড়ো অসুস্থ ওইছি তারফরে ওখান আমি নিরাস ওইরাম না আমি দুর্বল ওইলাখমু তারফরে সাহস খররাম যি নিজোর ভবিষ্যৎকিছু আল্লা নিয়া আমার ববিষ্যতটা সুন্দর খরিয়া দেই আমি ওটা আশা খরমার লাগে যে এরফরেও ওতো বড়ো অসুস্থতাব এখবার ইগুলো বয় খাইলাখমা সাহস খরামার লাগছে তো সাহসত লক কি আল্লা রুছিলোতখন যে সাহসখল যে ফরে হেরে আমি সবসময় আগব
/kaggle/input/regspeech12/test/test_sylhet_0341.wav,তখন দশটা তিকি ফাছটা ফর্যন্ত ফরীক্কা দেওয়া তিন মাসের বাচ্চা রাখিয়া আইতা মানে হেমুহাযুদ্ধ আর সেন্টার আছিল তোমার সরখারি কলেজো বাসা আছিল রাজমহলে ফিছন ফরীক্কাত যাইতাম গিয়া তখন আমার বড় যা আইছে তারে আমার ছেলেরে দেখার লাগি আমার বড়ো যা আইছে ফরীক্ষার সময়টা সাপোর্ট দেওয়ার লাগে
/kaggle/input/regspeech12/test/test_sylhet_0055.wav,আর মা খটতি লাগবো না মা অনে আগে খরছনমন বুঝছি বইনে ছেলে মেয়া ফিনি এখসার খেল ছুটো ছুটো তিন বছর ছলো তে আফনেরার ছুটোমেলা লইয়া কিছু খইন মানে বাই বোইনরা একসাতে কিরখম মজা অইতো কতা কিতা খরতায় আমরা তো ছুটোবেলা অনেক খষ্টে
/kaggle/input/regspeech12/test/test_rangpur_0006.wav,হামার গইলে ঈদোর দিগেমর কটা র নয়টা কিছোরভানয়টা বড় হইচে কিদ্দিছির মাও দুইডা নিজেস চাইতা হামাকো দেন তো দুইটা কয় টেকা হায় দেমু এলা ওই মুক জুটি যাইসরা ইছে ভাইয়া এনদকতো দরে কয়া আছা ক্যা করি মালা কাডি কাটিয়া এহান জুরে রানদে আন্দে এলা নয়টা আছে ন সবাই চা দেলো কাগদে
/kaggle/input/regspeech12/test/test_sylhet_0017.wav,গাড়িতে নিয়া খুবে ইয়ো খরা আঞ্চলিক ভাষায় এইতোটা খইন অডাাা  া  ঠাকুরে লইয়া যায় বারায় ও কিা ে বিস্বর্জন বিস্বর্জন দেওয়ায় যায় বিস্বর্জন নাকিআনন্দ খরার লাগি র্রোডে উডে যায় তার গাড়ি নিয়ে মারে নিয়ে যায় দেওয়ার ফরে আইসা বিস্বর্জন
/kaggle/input/regspeech12/test/test_chittagong_0176.wav,ফুবাইছো একগরে বইয়া এক বড় তানো মানুষে সবসময় কিছু ন থাহে ইয়্যেনও না মাঝে মাঝে তো তাহি যা গু পারছনাও কিছু এত চেকগলে সমস্যা এনো নি ডিলেট গে লিবিজি এরি তবে আরনি কিচ্ছু নাই আছেইয়লই মুবেল আর তু কিছু নায় কিন্তু কিছু কিছু আকিরি
/kaggle/input/regspeech12/test/test_sylhet_0372.wav,তারার লাগি যেটা বালো তারার লাগি যেটা উত্তর নিসছে সেটা আল্লা দিবা আর আমি যদি আমার ্ফেরমাে খেনটা দিবা সৎ পথের মাঝে থাকি তারারে যদি আমি ওই ফদটা দেখায় যায় তাইলে ইনশাআল্লা তারাওন পতির মাঝে পড়বো
/kaggle/input/regspeech12/test/test_sylhet_0291.wav,দেখিয়া হমগেলা তখন ওইলো তোমার স্যার মানে তোমার স্যারের সাতে আমার মিট নায় তার বাড়িত মানুষের সাতে ওইছে খাওয়া দেওয়া ওইছে কথা বার্তা অইছে ডেইট উট খইছে যে আইচ্চা ডেইট ফড়ে ফিক্সট খরা ওইবোনে এনগেজমেন্টটা উলজাক
/kaggle/input/regspeech12/test/test_narail_0021.wav,যে বাবা আমি চইলে যাচ্ছে দনুরেত তু আনা নিয়া ওইরো জীবনের কষন তো মারো করিছা ওইদননি যতর মা মারি কতা তরে এই মাআইছে সেই সুমার তযে সব আইসিয়া ওইসে আইসে এইসে ভুলোহানিগুলো অনে কতা কয় এই বিষয়ে ম্যালাধিনাইছে ওই যে তুমার বড় দিদি মা ছোটো মামি মি ওইতে আইছেন
/kaggle/input/regspeech12/test/test_chittagong_0086.wav,ও ইয়্যেন্নাল বুলি যেলেগু শিখনোর ফরে তার লাইন আও না ওইরকম কিছু লইছো ন আরে ওই আিছেতে স্কুলো ফরতাম হুম আরে ওগা ফলে মাইয়া আসলে ওইতা তুই  িননলাছিলি তা এবেইতে খলেল আমারি ইস্কুলেত আছিয়া বেশি মডা করি মাইয়া বে
/kaggle/input/regspeech12/test/test_kishoreganj_0200.wav,বরে ছামছে হা মা খাি আমি ফ এ ফ ফরা কি
/kaggle/input/regspeech12/test/test_sylhet_0523.wav,বালা ছান্ডা লাগরা ামি না ফরইলাম না আমি তো ঠান্ডা নাই আমি এখবার ফরতো মাছলাম না ডাখাত গোছোস ওয় ডেখা যায় মা মামার ছিলান গেলাব্যাক
/kaggle/input/regspeech12/test/test_sylhet_0322.wav,আর সারারাইত ফড়তাম খুব খম খুবাইকাম তো তাইন যখন কলেজ থিকা ফিরতাম অলরেডি আমার যখন ইয়ো ওইছে এনগেজমেন্ট হইছে ওএনগেজমেন্ট এবং বিয়ার মাঝামাঝি টাইমো তাইনের এমপিও আইছে হম তাইন এখটা কলেজো ঢুকছিলা কিন্তু এমপিও আইছেল এখন যেটাত আছেন ওগতি
/kaggle/input/regspeech12/test/test_rangpur_0083.wav,কাম কাজে ধরন শাদানের কিন্তু আলছে খাতির মাও যেমন চলে হেইজন কিছু ধরন ধরন খাতির আলছে আরও ঠুকে এক  ও তো নোয়ায় কতো ঠিটে আগেরকার মানষ ওইযে কইছে ঠিকে টা খারাপ নোয়ায়
/kaggle/input/regspeech12/test/test_habiganj_0011.wav,না এরা বয়স ওইতো আর এরে বিদেশ ফাডাইবো ইতালি বাডাইতো তো ইটা ফরে তাখবোনি রইই মুডাইল লাইফ ইস্কিন ফরে আনলা খষ্ট লাইয়ে নাবা  খইয়া আরতে কিতা  না আমি আনতাম আছলাম ই বিস্কে ট  শিা  ছিনি আরকি
/kaggle/input/regspeech12/test/test_sylhet_0272.wav,অখন তো ইগু টু ফাইবার ডারেকাসো গেছে না ইতো শুরু ওইছে আরেক কান্দা বাইয়ে তোমারে টার্গেট দিলে আম  তো টার্গেট ফর্যন্ত পঁছতে ফারলাম না তখন বাইয়ায়া খইলা যে সবশ্য না ইটা তো অনেক আটটা সেমিস্টার এক্ সেমিস্টার গেছে ফরের সেমিস্টার বালা খরলে তোমারযাই বালা অইবো তুমি আর টু ফরো
/kaggle/input/regspeech12/test/test_sylhet_0180.wav,আই শান্তি আছিকরদি নাইচ্ছো শান্তি মাইনষে দেখো কয়াইন লইয়া খতো দূর্গতি পরের বাড়ি গরবের ছালয়নখইল্লা রাম আরসোন খান্দাওউ এক শান্তি আমার বাইত টা গন নষ্ট তাইন রেডিও বাবতাছেনারো আমরা আমরা তো ফড়া শোনা খরি স্টুডেন্ট আমরা একটা আ প্রতিবেদন লেখতাম আরকি আমরা  কোর্সটার লিগাই আর কিচ্ছু না এখন তো সন্দযার সারাফুয়াইননাই জরেরে
/kaggle/input/regspeech12/test/test_barishal_0032.wav,নাগের গাছ লাগা না  বাড়ি কর া ওরা তম জালা ানা া দশো বা ইয়াটা  দালার ক  চুক্করে   ওমরা চুপুরা তুকলাাততি গেইলেলা ইবু  ে কুনহ
/kaggle/input/regspeech12/test/test_narsingdi_0090.wav,শিম্পু নানা বাড়িত কয়ডা আংবা যদি ইছ রডা স্পিকার খা বাএযেশিখা জিগা সাউন বক্স আছে আমার খততে অইবো কয়ডা লাগো খালি কন ক যা ইবার লাগেলাগ এম এ গুন চংলা থাওন সাউ্ন বক্স ফয়ডা একটা ওই যে ইয়ার লগে টিবির লগে কানেকটের দাক
/kaggle/input/regspeech12/test/test_sylhet_0643.wav,তয়ায় তাতুমি কুন চেজও আরটো মানে কিতা কিতা শিখায় খয় ধানও াই টিচও সখালে বিশেষ করা া মানে কা শেষ খই দিরায় বকতা শিখিলেতো গান খয়াটা তুল ছারমিনমো এখটা জন গা লখলি ইডিসা হুম আফনারে একটা সিলেটি সিলেটি বাসায় মাত তায়
/kaggle/input/regspeech12/test/test_habiganj_0073.wav,খআগেল তো জানতাম ইা তো ইটা শিখতা ফারলামনে হ্যা আমরা কেরে যে আগেমানে গ্লাস দছে না অলো না কয়ারিক বইয়া বয়াগানাইয়া খইয়া বয়া রমিরা
/kaggle/input/regspeech12/test/test_sylhet_0312.wav,আমি খইতা কিতাতে ন কতা খইলে মেইন্দি শিনলাম না সাজু গুজু খরলাম না কুনুদিন চুখি না বাটা অইলো না রাতলাইয়া খ সখালে বিয়া ইতা কিতা ওর বিয়া হছোও বিয়া খরেরদিন বাবিরা বিয়া খ েলামে অইছি
/kaggle/input/regspeech12/test/test_sylhet_0317.wav,তরারাজ মোখলতা যে হ লের কি চলি আছিল বিল্ডিং পাঁচতালা বিল্ডিং ওল চলি যাবা ডানের ভাগো ছাড়ছে না টিকালে বাড়িছ না ফরে তাইন বাসা লইছোইন ফরে হোস্টেলো যে আমার চায়ের কাফ আছিল  চায়ের ফাতিল আছিল রামদার যে ছুটোখাটো ম্যাটেরিয়াজ আছিল টাল বাসন
/kaggle/input/regspeech12/test/test_sylhet_0619.wav,তারি নে মারে কল দিছে দিয়া খইছে আমার ছাচা মারা গইছে আমি খইরে বুলউনলামনি ছাচড়া খইলো না খাছি ছাছিআায়কি অনেখদিন থাইক্কা হুনিয়া ক্যানসার অইছে আফ ওউ মারা যাওয়ার ফরের দিন তারা আবার গেছোয় রাত্রে আইরা একটা সময় আর গুলা কুনু একটা খাজের মেয়েন আনি ফানি দিলাই তারা বাড়িও একটু গেছলে না তারার বাড়িত ছিড়ে দিয়া যায় উঠালা খারণ অ খাই ফানি ছাড়ি দেছি খাওয়া মা
/kaggle/input/regspeech12/test/test_narsingdi_0099.wav,া জায়গা ছন্দর বই লইয়া ভাবা যায় আবাদের ভাই গুলো বিয়ের হয়ে গেচছে তুই করস নাগিরু আমি অনেইসময় আছে বৎস দেক আতছিস তি
/kaggle/input/regspeech12/test/test_sylhet_0340.wav,এরে লইয়া অখন রিটেন্ ফরীক্কা দিতাম ফ্যাটার ভিত্রে থাখলে তো এরেক শান্তি নফস থেকি বাইর ওইছে এখল তুি আনা জালানি লাগে অখন বাদে ই প্রথম বিসিএস ওইছে কিতা সখালে ফরীক্কা বিকালো ফরীক্কা বুঝ্ছো সখাল দশটা তিকা এখটা আবার দুইটা থিকাই ফাঁচটা
/kaggle/input/regspeech12/test/test_narail_0051.wav,তোর বাবাআরো তোর কাগরে ডালছেলাম তোর বাবা একশকসবার ওহনে জাগা মাফ ফইছিল তোর বাবা জানে যে সব জাগা ওগে তোর বাবা আইছের লাজি রইছেলো কয়ক্কান আমাগে যা সুমায় নাই তারপরে যহ খুটোপুতি সেইসময়  েড়াত ছাড়িয়ে ফুতিছিলাম অহনে মিনেরে কইছিলাম যে তারা যতকোন আজির নাই
/kaggle/input/regspeech12/test/test_narail_0097.wav,ও তাডি শুনবা না লনা মেমালে বাজি হুজারন তো দেহা গেলো ওইলেই কোন তোরোর কতা কয়
/kaggle/input/regspeech12/test/test_barishal_0059.wav,র  এনিনা িে না আমনে হনেন বোঝে আমি কিন্তু আমারে দযহেন এরম বেলেডের দুইদারে ধার নাম ওোর ওইরম দুইদিক চলে নর একদিক চলে না মোর কাটবে দনডি এমন দিন গেছে
/kaggle/input/regspeech12/test/test_barishal_0067.wav,আ একটা সময় মায়ে উঠি চা বানাইদিছে হেইয়ে খাইয়ে ঘুমাইছি আর এই যে এহন লোক কি এনসিংস পরে সরসতি পাশে থুইয়া ফুজা দেওয়া লাগে ওগ পায় এহনকর যুগের বউব পরে যদি দশটার সময় কইনে যেনা হেয় এট্টু চা বানা ভাল্লাগে না কয় এহন আর চা গেলা লাগবে না ভাত খাইয়ে ঘুমাও
/kaggle/input/regspeech12/test/test_narsingdi_0084.wav,কুমামমু এডা এইডা খুব খারাপ একটা জিনিস একটা পোস্ট খরছিলাম ফেসবুক যদিও খারাপ লাগে যা মাইনসের অন্যান্য দিন ন বর্ষ এইরা হেইডা যেডি ফারাপ মেইনডলি অনেকে দরে আরকি তে এডি লইয়া কত প্ল্যান খায়ে ইদ লইয়া কুনো প্ল্যান রে
/kaggle/input/regspeech12/test/test_habiganj_0085.wav,আর তোমরা খয়বাইগুইন আমরা দুই বইন তিন বাই আমি বরো আর এরাকিতা খরে নাও লেখাফড়া খরে আমার বাই টেকনিক্যাল ফরে আমার বইন ওইলো গিয়া নাইনোইবারে মেট্িক দিবো না বরে টেনো ফরে
/kaggle/input/regspeech12/test/test_narsingdi_0046.wav,আা বার না া সাবাইত আছি আর মুরেত তোছে আর ঠিক করার কতা কই আ ম খইলাও ই্দে ফিরে
/kaggle/input/regspeech12/test/test_barishal_0053.wav,করনা আইসে না  ু মোগো গরু কইছের পছি মোক ঘরে দুইজন পুরুষ বারা েকমর কুনায় দেয় সমমার  মোগ গা এহন হোনে এহন এহন আসল কাতায় আহি সাড়ে চাইর হাজার টাহা কুডো কিনছি মাত্র সাড়ে চাইর হাজার টাহা মুই তিন দিন খাটছি তিন দিনে মনে করেন মুই ছয় বাদলাআর কাম করছি একলা
/kaggle/input/regspeech12/test/test_sylhet_0122.wav,াককা না না দু সখাল যা আই তরা আতটা সময় দায় এগারোডা সময় আই ফতি আচ্ছা আগ গারডা সময় আইয়া খেদা আবার তোরো যাইগ খেলাত যায়গি সকাল যায়গি বাতটা সুময় আইয়া যায়গি খালাত
/kaggle/input/regspeech12/test/test_barishal_0086.wav,তিন মাস একটা না যত বছর আাইজকা কাম করছি বিশসাল বাগান কেনছে বানছে বারো লাখ টাহা ায় ভাঙ্গে নাই ে করা নাই আর মনে কর নৌকার ওটলে ওপার ওডলে নিচেল যে থাকপে ওয়ার পর অনেক কিছু ভালোবন্দ ডিফেন্ড করে ও ও ইছে একশো কুয়ালা মানসের নাই ও একদিকটা ক মাসে ককা কা কজ তা মনে হইছো
/kaggle/input/regspeech12/test/test_narsingdi_0126.wav,ফঠাৎ ফড়াঅইয়া গেলি গাজটা আছে না ভালো অইলাছে আসলে কি প্রেগনেন্টস ছাড়া নাই প্রেগেন্স ছাড়া থাকবো কমেন্ স্পেশালিটিতা প্রেগরেন্ট ছাল নশা নাড়ায়া রাা  এই জাগার মদ্যে অনেক  মশা হয়নানি ফরে এশলিয়া যাই মশা গাড়ির বাড়িাগ জা গ
/kaggle/input/regspeech12/test/test_rangpur_0113.wav,মুই লেখছন হইলো এই যে কফি আর হইলো পলি হুম এই দুইটামতার কফি আর কলি পলি পলি কলি কলি নাম হ কলি না পলি পলি হুম
/kaggle/input/regspeech12/test/test_barishal_0046.wav,সংসারিয়ও করবো কাআমরা মনে করেন এই যে মুই গাছর কাম করি মোর এট্টু মোন চায় না জুরাইতে মেরিডনডাও পাক হইয়া বা ফেতেকদিন মোর ওষুধ খাওয়া লাগে ব্যাথার ওষুধ গাবেতার খাইয়া খাইয়া এতো কষ্ট কইরা সংসার কর হ মুখ খেনতাম ো শক করমু ইকটু উনলিশ বিষয় অইলে মনে করেন হেই সময়ের
/kaggle/input/regspeech12/test/test_narail_0062.wav,এই পুকুর পারের ওই পারের বিটেকা গে ছেলো ইবুপ ওই যেই সুপুগে ছেলো ওয় গ্যাক বাগান ভরা ছেড় না বেদ বাগা ছেলো না া হ ব্যা দো গন ভজার কুলা তাই কাটিয় ইলায় তোর খদা অনে ফুমি লাগানো আমুলা দানুসএ পুকুর রেই বেড়ে না ওই বাড়ে
/kaggle/input/regspeech12/test/test_chittagong_0101.wav,আর ইংলিশিতো আটিরিযি লাম এবারে এতলা চাইবো প্লাস তুর দূরে আয়া ন আইয়ি এমানাল চাইয়েরে বই থাইক্কি তো আমি আঁই ও তাইয়া অইলাকরামু ফারবিলানাখা তু আইশিয়াল দিছি তো আর মনে কর যে একটা ইংলিশের মদ্দে খনো ে ভুর লইয়া টিয়া অইয়্যি
/kaggle/input/regspeech12/test/test_barishal_0056.wav,এরপরও হেদ নগর একজন আর আবার এট্টা ট্যামা কিনছি এক হাজার টাহা নিয়ে দিয়ে থুইছি অর আর মোর ছয়ডা আডি হইছে এক হাজার টার কুডায় তার মোর লোজখান আছে এটা তু ই বুঝি যে গরু তললে পারলাম না পরলে বেচ্চে দিলে মোট এট টাকা দিয়ে নিতে হইবে যেনেগ সংসারি করলেই কষ্ট করতে হইবো বয়ের একজন আরপার ঢান্ডা দিয়ে থুইলে জীবনে সংসারের উন্নতিকেকায়া লাগবে না
/kaggle/input/regspeech12/test/test_sylhet_0086.wav,আআমার একটুচছি আমি আমি বই লইয়া বই আরান  আইচ্ছা মানে আগরি ফর ব বশি  বালা  ব ই ক নঅনে একাডেমিক বই নাই না আমার বই ভবে ফরে অনেকে একাডেমিক কলেজের বই  কন সাবকক পছন্দ বেশি লানে ইকোনোমিক্স ইকনমি ইকোনোমিক্স খানে ফছন্দ আমার ইকনমিক্স কনি ফছন্দ আমি জানি লা র যেফট বেশি বুজিয়া গি তাক অইন লাগলে তো হেগুলা আমার একটা আমারে খেরা একটু বুজায়া দিলে আমি বুঝি নায় আমার আরে খ ইন্নে বুজানি লাম আর তোমার ইতচলাগেনা পড়াশুনা খরতে বাল্লাগে না বাল্লাগে
/kaggle/input/regspeech12/test/test_sylhet_0028.wav,সবাইর খাছে ছাদা নিয়া পূজা টা খরেন ইো আমাদের মন্ত্রণালয়া তাককা যেদ মমন্ত্রনালয় াকা যাওয়া অয় টা তা মিলিয়া উলিয়া ত মি ো বড়ো ইোসবাই টাখা দে মানে  পূজা খরতো অনেক টাখা লাগেতো  অন এখটা গায়ককভাবে সয় সবাই টাখা দেয় তপুজা খরো নষ্ট মি কুজা
/kaggle/input/regspeech12/test/test_sylhet_0201.wav,আ গুমাই গেলে ওইসময় যখন ফড়তে বালা লাগতো না আমার আমমার এমনে প্রাতিষ্ঠানিক শিক্ষা নায় কিন্তু ফড়ার ফিছনে আতাইনোর অবদান আছে তাইন খইতা অফুত ফড়িলাও আর এখটু ফড়িলাও আরেখটু খড়িলাও ই স্কুলটা ফাশ খরলিলা আর খইতাম না খড়ার খতা
/kaggle/input/regspeech12/test/test_sylhet_0681.wav,কেমন জব ফাইবার ইচ্ছা খন ফড়া লিচ্ছো তখন তো আর বয়সও তেমন নাই এখ বছর আছা ও তাখিছোাঅস লাবোখানসার খরিয়া ফড়া লেখা খা াজগা   তেমান তো সময় অইবো ফিনচার খরিয়া বাইচ্চা খাকতা লইয়া অতো সময় ও ব ানি যত হয় তালি
/kaggle/input/regspeech12/test/test_habiganj_0045.wav,না গাছ লাগানি আমারও বালোই লাগে তোর গাছ লাগানির লাইগগা বখখাইছ না কিন্তু আমি চটা খরমু গাছ তো আমার আতে ওয়ওই না কুনু গাতওই ওয় না গাছ লাগাইলে ওই ইটা বালা খইরা ওয় না খয়দিন দেখা যায় একটু বড় ফড়ওই আবার ইতারয়া ওইয়া যায়গা আমার ত্তে গাছ উছ ওয় না
/kaggle/input/regspeech12/test/test_narail_0026.wav,ওো যে ছেলে মেলের খেলার মাট নেয় আমার এটতম দাম করিছিলাম আর ওই ব্যাল গাছটা চইদারদে ওগে বিটে সব ওবিহনে ওই নাইরফেল গাছপাজ ওই নে ওই পর্যন্ত এরে টুর কাজা হইছো ওগে যা ফা েলে আম   তার পয় তোই মাঠে
/kaggle/input/regspeech12/test/test_barishal_0080.wav,তন্ময় সং অ্যা  া জীবন হালদা অ দেখ নতে তালি াগনে আইছে
/kaggle/input/regspeech12/test/test_sylhet_0512.wav,কিন্তু বাসাটা কিন্তুক সুন্দর আছিল আইলাম শান্তে নিরাইছেরে ভাবে নিরাইছিড়াই বাসাত তাখতে ফারতাম না আমি মানুষের লগি ব্রবসফ খরতাম ওর ওখাও
/kaggle/input/regspeech12/test/test_sylhet_0063.wav,মানে কী লাইফ্রেন্ডি না কলেজো যেকোনো বান্দবী  কিযা ইতা কিতা খরোইন এরার সাতে বা এখন খা খতা কখন া ত অনে বার ইস্কুলে বারো বেস্ট ফ্রেন্ড যে খতা মন বাইডে লা একটা জক মনে র বি হয় গেছি বর কয়েকটা তে তিন মাসে  বেয়া অইছে না ইলা তাখব
/kaggle/input/regspeech12/test/test_narail_0042.wav,সুব্রতকে বাড়িত বাগানের ভিতরে ওনি কোনো জমি ছেলো নেই তো শুনিছিলাম যে  বিটের সাথে বলে ওই বড় বেড়ে এগু বেটের তাতে তোগে বলে কন এট্টু পাতো হ ওহনি বললে এট্টু জাগা আছে নাকি ওই যে ইয়ে বাগানের ভিতরে হওনি জাগার কাহিনী জানো কি খন ভাই  আমি তো জীবনে যাহি জানো ানা আমি কনিকম বা য  দেখেনাওই জাগার কাহিনী শোন
/kaggle/input/regspeech12/test/test_tangail_0090.wav,এছবি সুবিতে দেখা যায় যে রানি মুখার্জী থাকে সে একটা কাল্পনিক শহরে থাকে সে ওই জাতার এক প্রোস্ট ইটিউট আরকি কিন্তু ওই শহর একদিন রনবির কাপুর আছে রনবির কাপুর আহে ওই সিনেমাযাওয়ার নাম থাকে রাজ
/kaggle/input/regspeech12/test/test_sylhet_0167.wav,কিছুতেই পরে কিরকম  অবস্থা আছিল মানে যত অবসরেব কা মানুষ ওই যেওা মাইল গাড়ি আপছিছো নানি হুও তা আটার মাগে তো অসন্দ্ সম মানে বমমলাইখ্কা যাইতো গা
/kaggle/input/regspeech12/test/test_kishoreganj_0198.wav,এছে গাটতার খািন বুচছিেন  ফ ি
/kaggle/input/regspeech12/test/test_rangpur_0086.wav,লে কছে ওনা টা এডাই যে সি প্রথম রমজান উদারনা দেখছে সেছ রমজান মা  ছ  ালে ওকতম ওইছে ব আরে দিন হইছে বাত একটা ফোটানেছোএ প্রথম রমজান শুক্রবার ছে বাপের রমজান আছে না এটা হইলো শুক্রবার সেটে নবীছেলর সলম বল কয়া গেছে টু কয়থম রমজান শুক্রবার হবে মাঝের রমজান টা শুক্রবার হবে ওই ষোলো তারিক আছে না ষোলো তারিখও হইলো শুক্রবার এইো বাপতম ফুটায় হচছে হ ওই ফোটা আছে এই যে এডা দুর্ভিক্ষ দেখা দিবে দেশে
/kaggle/input/regspeech12/test/test_sylhet_0135.wav,কেলানি তুরানিত যাই না আমরা তো সিলেট কেউ নাই ত ক সুজন কেউ নাই আইচ্ছা নী গড়োর মাঝেই খাটে ইম ঘরের মাঝে কুনুগার যাগা নাই মনে ই বিশসিদিকেও গুরা গুরি অয় না দি না ঘুরা ঘুরি ওয় না ওই গেলে দেরো বছরে ইদের ফরে গেলে বাইত যাই
/kaggle/input/regspeech12/test/test_rangpur_0108.wav,হা ঘাস টাস নিয়ে যায়া দেইস না হ মুই বসো না কয়দিন যে দেখলু পাতা খুড়াইলু পাতা খুড়িে টুড়ে নিব খিলাম তো
/kaggle/input/regspeech12/test/test_sylhet_0361.wav,এটা মনে দুনিয়ার একসা ব্যাহেজ আর ইনোর মাঝে যদি তুমি হ্যাপিনেসতা রাখতে ছাও ইখানো টাইম দেওয়া লাগে ইদ টিচিং প্রফেশন ছাড়া আরক বলো ব্রফেশনে গিয়া খে তুমি স্বামী সন্ধ্যান সংসারো টাইম দি তায় ফারত আর যে ইদিকেও টাইম দেওয়া হিদিকেও
/kaggle/input/regspeech12/test/test_sylhet_0132.wav,খরছে ফুরানি উরানি অইছে নানি নামি ফুড়া লইছি না ফুরান না ফুড়াইছোইন না টেখা িছিো ইদো দিবো বোনে ইতা খইছে না না ইতা খইছেনো আগের মাইয় তাল তো ঠিকও ফাইলামনি আগে মাই চাইর আবার দিলোনে দর আমরা ড়ান মাই তাকতে দিলে একদিন আরা দিয় একশো দুইশো
/kaggle/input/regspeech12/test/test_rangpur_0087.wav,কতাতা কেমন আছিস  কেমন আছিস আলহামদুল্লিল্লাহ ভালো এরসাতে এখনা গল্পগুজজব করিম মোবাইলত রেকর্ড করিম সমস্যা হইবে হ্যা এহনা করিম আর কী গল্প গুজজব করমো আলাপ আলোচনা করমো আর
/kaggle/input/regspeech12/test/test_rangpur_0063.wav,সাজেক কম আল্লাহর কাছে আরো া কে এা কটা করা হ কি করবেচওটে বাইরে কেমন আল্লা যদি মান জনি মিট ফান্ট করায়  কি আল্লা এটকটু সিনিসার
/kaggle/input/regspeech12/test/test_sylhet_0226.wav,ফড়ার একটা টেনশন খবায় নাগো মানে আম্মার লগে নাই বাইবইন লগে নাই খেউ নাই নতুন এক জায়গা সব মিলাইয়া মানে খান্দি মনেমনে খান্দি আর ইবায় ফড়ি আমার তো ফড়ারেজাল্টটো বালা করা লাগবো
/kaggle/input/regspeech12/test/test_sylhet_0714.wav,নিয়া তাখা সবিরা কেমন বিদা বালা আছি গযাস্টে দেও আছেনি নাকিতা া গ খানছিগগুর গ্যাস আছিল না খনআইনছরইতো আমার অ ফুরি বিয়া দিছি মেয়েরগরো নাকি ইটা দিছে উসিমঙ্গল
/kaggle/input/regspeech12/test/test_habiganj_0038.wav,আমার এক বইনো আছিলো আার বইনে কী করতো  এক্কান্ন ভর্তী ফরিবারেদিক্কা বালো খইরা রান্না খরতো খস্টা দিকাফরে সবাই প্রশংসা খরতো পরে দেখা যায় নিজের উপর অখল ঝামেলা আইয়া ফুইরে এরফরে কিতা খরছে দিন ত এরফর তিকা তরখারিতে বেশি বেশি ঝুল দিয়া যাতো যাতে বেশি মজা না লাগে
/kaggle/input/regspeech12/test/test_sylhet_0428.wav,ারে া ফরে এখজন বারোইছে আরোজন মানু সিনিয়র ম্যডাম বার অইয়া খইছোইন গ এশা বাড়ি মানুষরে ছিন্তা খরিয়ো না মেডা মানি রিয়েরিও পারোশন ফড়া শুরি খরি দিছে দুয়া খরোসবে আরজারলা ফলে তো আর ডিসোইন্ড এখনো পারোশুনা ওইছে গায় দিন মেয় গর এখটা ফারাঅইছোইন প্রায় দশ ফসন ওইছে বলাবুর এখদো বড় অপারেশন ওইছে
/kaggle/input/regspeech12/test/test_sandwip_0041.wav,আমর ছিদ টিফিন আর কইআই কাইলগাল ক আমাত দিবাইনাইসি আইজ্জা খইলা ভাত লই যাইনু
/kaggle/input/regspeech12/test/test_sylhet_0566.wav,ফিউরি ফড়ায় মায় তো আছে থিউরি বেশি থিউরি দিয়া দেই ইযে থিউরি ওয়ইজ কিতা সল্ভ খরো  এপ্লাই ফড়ানা জারি একবার টাইপো আছে উাআগা গুড়াইতোমেত আর থার্ড ইয়ার তো কুনু নন ম্যাচের সাবজেক্ট নাই
/kaggle/input/regspeech12/test/test_rangpur_0045.wav,টাকালাপ া ে  স্টাস করো ম করো ই মক্কম্মা দেখ পায়া কোরবান  তাাটা কুরবানি বেকবিনিয়অল কোরবানি দ্যাখন তুই কার হয় নায় এেইসব শকা তুলে একদিন চুনান যে যসিং কতে এবের পায় বাড়ি
/kaggle/input/regspeech12/test/test_sylhet_0579.wav,কয়েক মাস তো ফোনই আছে না কয়েক ফ মা ছাা  াাগ ছে খতি বেশি  ডায়ডিে কিতা খয় ফরে যে আবার খই না বাটন ছাড়া মানে নেকটে লাগবোইমন ক ব্রব তাইলাইতার
/kaggle/input/regspeech12/test/test_rangpur_0032.wav,গযছেলে দাওয়া গি খ ে ে আল্লাহ ও সেদেতাই চালাইখানে হে ন াআমো ঘল য় াা ট    দ ক চালান দের পায় না কেমন করিয়া ওমরা গোস্তুই আর আটা এক ঠাইন করে সাই খারি আনদে হর বা তো দুখে নো যায়া একখানো যায় হাডডি যরে গির কশাসেরা কুদা
/kaggle/input/regspeech12/test/test_sylhet_0458.wav,অখন গুচ্ছো নাই এখন আমার এখ মইন বড়ো তাইন াবুজ্জো নায় আমার ছুটো তাইন মা ছুটো এরফরে আর ফাসুম
/kaggle/input/regspeech12/test/test_rangpur_0106.wav,তারপদে খাজাও তো আইসে আমার একা নোয়ায় খাজাই খাজা আইসে তাইলে ওই বক্কর বাদে সবাই আইসে হ
/kaggle/input/regspeech12/test/test_narail_0070.wav,বাদে গেছে ভালো সমিা খাতে বাইদেে গেছে তো সমিা তালের সাথে এহা মেলা দিন গেবা দিছি বাড়ি বাদাওত দেছে ভালো ইছে ম্যালা দি নাজিবদি তর ইতে আমারে কোনদে লাগবে আরে ও ওইঠাউড়ির যে জমি ও জমি ও ঠাউডি মেলা জমি কেউ ঠাহড়ি ও জমিও তো ঠাউর খাইয়তা াতি পারবে না
/kaggle/input/regspeech12/test/test_kishoreganj_0114.wav,েআবার এইযেই পত্যঙ্গ পি পানি এ দিজ আবার ফাখিরা কেলা কা ইগল ফাকিরা কেলাকা ইগর হ্যাঁ ইগর হ্যা কিদ পতঙ্গ কেলা কা ফাকি কিদ পতঙ্করে কা পাখি হ্যা খর গোস্তে খায়া কালা বাকি খউ গুসরে খায়া কালা বাখে খ গুস্রে খাকা বাকা আর সাফে খায়া কালা ইগল সাবেতে া এনন লেকা
/kaggle/input/regspeech12/test/test_narail_0081.wav,ইডা যে ক্যান এর তো শুদ্ধ হইয়ে অলো হঠাৎ ছিলো  ওইতো নিয়ে কসি এই বারতল  ক ততালি তোর তোর সাথে কথা কতাম না ওইছে হেই তো তুমা দুমি তো আামার শুনা  আমার শুাওই শুনা শে সুনা না বুজছো
/kaggle/input/regspeech12/test/test_sylhet_0078.wav,আর সুম কিতা জানি খরলায় ুর কলেশের ই ফুলেশহরিক লাগেনে তমার ছুটো তাকতে ছুটুকাল তাইককা ফুলিশরে দেখলামআরকেই বাল্লাগেতাই ওইতো ফারবো আসলে দেখতে অলাওই লাগে না  একটা ভাব আছে ডিফেন্টতে আ্ছামরে একিশ আসামি ধরে ক লাাছা  এমনে ম গিয়া কিতা খরলায় না বাসা অন তো গিয়া
/kaggle/input/regspeech12/test/test_sylhet_0388.wav,এমপি গে চা গেইতাছে নানি ওই এদি গুত্ত খবস জ্যাগ বাড়া একালতো খাইয়া লিবা টিকু ক্িতা খরলাম না আর কিতা বাই কবিতে ফারোনি
/kaggle/input/regspeech12/test/test_sylhet_0310.wav,োকুনো প্রিপারেশন লাগতো না বিয়া আমরা ওউ সব দ্যবস্থা আমরা খরমু আফনারা টেনশন য় আফনারা খালি যাইবা গিয়া ফাইবাআর কাবিন ওই যাইবো ওউ বিয়া
/kaggle/input/regspeech12/test/test_sylhet_0585.wav,ছেলেরারে আমি দেখছি এরা যারা নাইনটেইন ফর্যন্ত এএকটু বেশিগাখেল থাখে বা ইগুলা মানে পড়া লেখা দুর দু থাখলে এরা যেসময় একটা টাইমে গিয়া একটা থাক্কা খায় বা বুঝে এরা ঠিকসাইন খরতে ফারে এরা বেয়াক কিতা খরতে ফারি আয় ঘুইরা দাঁড়াইতো ফারে কিি ফিরি ওঅয় ও উজ্জ স্যারে তা র খয়জি া খগলা ছলা
/kaggle/input/regspeech12/test/test_sylhet_0401.wav,ছাইরটা বেডি ম ছাইর বছরে মারা ওখ তখন আমি আর ঠিক রাখো কিভাবে মারা গিয়া কিতারা মা তারার পরে সুস্থ তাখে এই বা তুমি  লাগেযে মাবা ার গরুর লাগি এন্নি িস্ট হ সেদিগে যেগি বেরম লাগে রে খযদি একটো আটি নিছে আমার লাগে মর গ্রাম খারাপ টি রো না ইতো বিসযা হ
/kaggle/input/regspeech12/test/test_sylhet_0209.wav,ও এসএসসি ফাসট আগে তে আমি মনে মনেবাবেয়া লইছি  এসএসসি ফাশ খরি দিলে শেষ ফড়া শুনা আর ইি লাইফ থাখতো নায় আরেখটা নতুন লাইফ শুরু ওইবো তো ইকানা দরো দুই আজার আগের খুতা খইরাম আমি তখন দুই আজার সালো ক্লাস নাইওো ফরি
/kaggle/input/regspeech12/test/test_narsingdi_0071.wav,স্কুলো খয়ে থাকতো া তখনে ভার্সিটিত দিয়া টুচারো দেখন তায় না মোবাইল বাইফরো ইরা  যাও ফইরা দাও তহন মনে লাইফ সিরিয়েসলি মোবাইল বাড কলে যদি বরতি অইছিগয় স্কুল কলেজ লাইফ  াছিলো আল্লা তার লেহাফড়া কেমন চলে যেই
/kaggle/input/regspeech12/test/test_sylhet_0228.wav,বড় খরের বাদে নজিকা কিতা বা রাস্তায় ঘুরে বড় খররায় দেকি তোমরা কুনু প্ল্যান আছেনি খয় বার বইন বিয়া দিমু গেইটউড বান্দা লাগবো রাস্তা বড়ো না অইলে গেইট বানমু কিলা অবায় জামাই আইবো গাডি আইবো ওতা আইবো খতা আইবো তার মানে আমি দরি লিছি যে তারা দিলাইবো আমারে বিয়া অলরেডি
/kaggle/input/regspeech12/test/test_chittagong_0125.wav,এন্ডে ওগগো ফ্যামিলি ফড়গি তিনজন মামে ফোবা গ তিনো জনে মিলিয়া রাইন্দে আফুফিদু সেরজন্যনে হেরা যে খতা খয়তা খয়ডা দিক গে গফ আচ্ছা হতক্কন ফুফি টেগ লম্বা ক
/kaggle/input/regspeech12/test/test_sylhet_0730.wav,গয়াকিজন বাদে তুমি যাইলা জিস ফাইকা ফবে বাপ ফও ছা খই দিছো অনেখেও তো বেতা আরে ন বরা দিন তানো লাগ হআমি মার রাময়া আর কি মতাওরে তালারে ান থাইয়া জমা ইরা দেইখলা  বা তি রবি
/kaggle/input/regspeech12/test/test_narail_0024.wav,মামি আসোইনা আমি দেহাইছি নামরা বউ আার যেসুমায় আইছে সেই সুময় বরডা আইছে চামলি আইছে কামুলির মা আছামুলির বাবা ওইটখন একটা বিশ খাইয়া যে মরিছে কুনরা
/kaggle/input/regspeech12/test/test_chittagong_0074.wav,ইয়্যন তো লইবো কিন্তু সকেকতুন বেশি ভাগ ই্ছা এখ্খানে বেশি নোন লাইগবে না হ কী নিবি কিনু লেহা ফড়ার ফরে  না আরে দুনুজন না ইলি আরে দুনুললে বশি তার তুমা তো কুতইযা বুঝছেন আরাপ মনে খতা কই চেই উ মায়া আকে
/kaggle/input/regspeech12/test/test_tangail_0055.wav,বাট হোয়ার্ট হার্ডস মোস্ট ইজ নট টেকিং এমুমেন্ট টু সেকুটবায় মানে আমার আমি মআমার আমার ে হয় যে আমার জীবনটাই একটা বিধায় দেওয়ার একটা
/kaggle/input/regspeech12/test/test_sylhet_0674.wav,পাখড়ি কঠা না  কর তাএমরা খাতা ডাখন যাইবো আনটে  এখন গান রইছো তইসে সুন্দরে রাখতি া নাাবাা কেমনে ফাই তার বয়লা লাগোইন ন তারু বলা লাগে খালি কি
/kaggle/input/regspeech12/test/test_sylhet_0609.wav,এরফরে দেখি দিজিগাতিছে কিতা কিতাতো খইলাম আিকলা যে ইিতায় কিতা খরিয়ারিছোটা স্যারোর লগে কিতা গুনাই ঝামেলা ওইয়া তর গেছে তাা খই মন ওইছে সব কিন্তের খতা আমি চাজ ওইছে লোর খতা
/kaggle/input/regspeech12/test/test_sandwip_0053.wav,আচ্ছা ভাফার আগগেরে ভুড়া আঙগুলে বইয়া যাইটারও যা ইয়া না হদেরও কইলো এগেরে কোদাল খোদাল উডি বলে কও নামু
/kaggle/input/regspeech12/test/test_sandwip_0119.wav,আর ফোয়া ফার লেখা খালি তায়ে এতর া গুল্লা খও সুন্দর ল গ ন করাচ িয়া িয়া গুল্লা খওয়া সুন্দর আখা ফল্লাইখ ফোলানিলা খ সুন্দর অইবো ফোলাইন সা হিদার খান তো আঁইল দেখি নেও
/kaggle/input/regspeech12/test/test_sylhet_0449.wav,এর আর জের সমস্যা সমস্যার লাগিগেলে তো বাজারো দূরে উডে আখার বাজার তো লইয় ওতো গলাগি রিকশা লইয়া আটয়া দিয়াির লাা আটাও অইললো বাজারাও আর বেশিরভাগ আরো বাজারত থাকবো যে
/kaggle/input/regspeech12/test/test_tangail_0111.wav,তা আমার যেডা মনে ওইতাছে যে ইটা একটা চফড় ফুরে বুঝতে ফারছিস না আমি আবার আরেকটা কতা শুনলাম ওইখানে নাকি ওরা বিল্ডিং খরতে চাইছিলো বঙ্গবাজার সরাইয়া হে ইটা সিটি কর্পোরেশনের কিছু একটা বজ তো ওইটা হইলো ওরা বিল্ডিং কইরা বড় মার্কেট বানাইতে চাইছিলো কিন্তু এতে ব্যবসায়ীদের অনেক সমস্যা হইতো
/kaggle/input/regspeech12/test/test_sylhet_0267.wav,তখন দোকান তেকি সালটা খতনমিসময় ইটা দুই হাজার চারের শেষ পাচে শুরু ওলা অবস্থা তো বৃষ্টির দিন আমার বাইয়ে ফোন দিছোইন দোকানো দোকান তাকি আমরা বাড়িত খবর গেছে যে ওলা আমারে লইয়া যাইতা কিন্তু খে যে আমারে লইয়া আইতো বারার টেখা নাই খে আইতো লগে ইতা খরতে ফারতে আমা প্রতম ক্লাসোর দিন আমি আইছি না আমি ইদিন সারাদিন খানজি
/kaggle/input/regspeech12/test/test_narsingdi_0127.wav,নাগড গইন প্রাইভেট কারব শান্তি ফাওয়া যায় না যেন মশা প্রাইভেট কারা কইরা তরা মশা লইয়াআইছস হ মশা ছায় বার ক আইলা যাদুক এফরলাম দগাডা চিন্না চিনা লাগে না মশায় ইয়াতে গাড়িতে টুর দায় বুঝ বড় অইলা তি মারশা
/kaggle/input/regspeech12/test/test_sylhet_0694.wav,এখন বইলে িনন দাদু মআরো মাখতা ফারবানি তাইনরে যেগানিক টাইম দিতে ফারবানি দাদু তো বালা মাতোই তো আগের দিন নিয় খন আগে কিলান
/kaggle/input/regspeech12/test/test_sylhet_0229.wav,আরও কস্তা বাদে বাক্কা শিক্ষিত ফ্যামিলি থাকা ওয়আর যে কড়াইবো নিয়া বিয়া ওই গেলেও কড়া বন্ধ অইতো না মেয়ে পড়তে চাইলে কড়াইবো তারা ওতা বাদে আমার
/kaggle/input/regspeech12/test/test_sylhet_0630.wav,যে পিকনিকোর খয়দিন আগি আমি তো খইয়া পিকনিকো দেখা ওইবো দেখনি ইগ রগলাখানছেনিখানে দেখছোসস নি মাতো িছনি আমিতে ইা মগত পিকনিকো তো এখবার এই অছি কন ওই গেছে আর ইবার আর দেিন্দু আর আরো সুন্দর ওইছে
/kaggle/input/regspeech12/test/test_kishoreganj_0089.wav,সবসময় হ ওআর আমনে কি ক কি কইবো হুম ক কইবো আরে সাত নয় না নাসাতম দয় না সবসময় বাঞ্জাববন্দে রব পাকিতান ওা
/kaggle/input/regspeech12/test/test_sandwip_0021.wav,ইন্দি আলে যদি নাতিন রে দিহাইছে ইন্দি তর আল্লা বলে আক জি আঙগ া আই আছুনলেডি আমাই তুই ঘম হুনো বছল লগে এরে মরা ঠাওর হয় না হুদাউদি জ্বালাইচ্ছা যা উঠি যা আঙ্গা খাইজ্জান দিছে র্তো অঙগা নক লমবা ফিলাত ছরে
/kaggle/input/regspeech12/test/test_sylhet_0060.wav,সাত সাতে কিলা সংসার ছলে এখন তো আমরা দো ওইল ছে বারবানন্দরালায়া কি্ছু মজা না যাবাজাল অনে কিতা খরাত গেছলা আফনারা দুছনতা
/kaggle/input/regspeech12/test/test_sylhet_0141.wav,আননে ডা এইযে ফরিবার নিয়া ে কবার যায় বাকডা খাড়া ইয়া মাস ফাইসুজডারে
/kaggle/input/regspeech12/test/test_narsingdi_0120.wav,না হেই গান ভাইটাল পেবার তলেচিলাছি াুরে কাররে নুজবা কা াতা গেছেগা লাল অইলেসিতাচছ এ অছে তুই কফি যাক ছায় হেল বিসরি কফি তহন যলা ফরা এরা আমার দোষ না ইডা কপিট বরি যেমুন মায় তো পছন্দ কর  কি উটু তো করম দাছকিলিগি আমি দরে কইছলাম না আমার হাপ খান্না ফানি মিরা য়াে কফির মদ্যে করা ান্না ফিনিকিবা আমি মিরায় ফাই বেডা আমি তর মত ইয়ানে লেজেন্ট নার লেগেন্
/kaggle/input/regspeech12/test/test_kishoreganj_0049.wav,কুইন্ডা যামনে দারে াা  মে ছাড়ি দিমমি অছে ছাগিদমেক থারে বেজারে ছাড়ে দিবো আমারে  ছাড়ি তিইন না
/kaggle/input/regspeech12/test/test_habiganj_0084.wav,এলেক্সাছার ওইলো গিয়া তিন মেয়ে তে তাইনরেে ন খরি বিয়া ওই গেছিগা আর তিন বাইএকজনে ফরালেখা খরোইন আর জনে সাপর  আরেজনেই ব্যবসা খর
/kaggle/input/regspeech12/test/test_narsingdi_0056.wav,হুমটেনিস প্লেয়ার গো মতো এআর তো একরা টেনিস ায়া খায়া যেএই ব্যাডমিন্টনে প্রায়জ লইয়াইছি সেরি হা ব্যাডমিন্টন ফরলয় তো টিচার ফর্যন্ত খাফাই লাইছেস আর স দিকা দামইয়া নিস  নাছাড়া নে রিগলে দমিতো আবার চাকরি খায় লেশি
/kaggle/input/regspeech12/test/test_sylhet_0353.wav,তে তুমারে আমরা ফাটাইমু তো ওই সময় এখটা প্রমোশন ওইছে ম্যাডাম ইরা সিডিওর ম্যাডাম একজন প্রমোশন ওইছে এমসি কলেজো পোস্ট ফাক্গা ওইছে  কেমনে যমনে যানি অধিনো আমি গেছি আবার দিতি যাওয়ার লগে লগে ইদিকে ম্যাডামের প্রমোশন ওিছে হিদিকে আমার পোস্টিম ওই গেছলে আমার কুনু ফরছাদিও লাগছে না কুনু টেখা ফয়সা লাগছে না মানেয়
/kaggle/input/regspeech12/test/test_narsingdi_0024.wav,তাইলে অন্য আরেকজনরে টানবে এমনেইতো চলবে একটা ভালো টিম বানাইতে হইলে তো সবাইরে জাজাই বাজা কইরা দেখা লাগে এই গামন গুঞ্জায়ে ভালো খেলতাছে আর সবচেয়ে বড় সমস্যা লাম ও দেশের সিলেক্টারগুলা ওরা যদি ভালো প্লেয়ার
/kaggle/input/regspeech12/test/test_sylhet_0530.wav,জাউল্ফ ওব্রিমল্যান্ডোর যে স্কাইট্রেন আছেন হেড ব্রেন্শার ওয়ার্ডোর ও তার্লািাহ ওতোটাও হিলা বুঝারি আর হঠাট নিছে দিন আমরা ওই সময় পজা যায় আর গুরা ইফে যেসসম হিলা ু
/kaggle/input/regspeech12/test/test_narsingdi_0098.wav,ইসম ফুপপি যে দেয় খাবার গুলি  শের ম ফুপে ফানার লাইগা আইবো অ তুপি কি দিবো এবার মারা তু মানে রিনা ইসতে বারে ফরতেক বছার দায় নারি না দিছে দেয় বাগে খাই অবশ্য বেশে চছা সীমা দই রছেে
/kaggle/input/regspeech12/test/test_tangail_0108.wav,হ্যা একদম খালি ওইো ইভারে অইছে কী জানি সকালে হচ্ছে সকালের দিকে ছয়টার দিকে আগন লাগছে ইখানে তো ইটা ভাগ্য ভালো যে হচ্ছে মানুষ কুনু মানুষ মারা যায় না আচ্ছা আমি চ্ছা মানুষ মারা গেছে আমি মানুষ  হইছি একটা ছেলে হইলো দোকানে নাকি কারস পতরি হক দর্মজারি ছিলো
/kaggle/input/regspeech12/test/test_sylhet_0552.wav,খম টাই হুম আর যারাওরাখতরো লটা য়া কিরম রাখছেসে খয়তিন ফড়াইসোস খরাইছস তই তো বালাই লাগছে সারাইনো ফরিবেশো বালা প্লাস টাইমও যাইতো বালা
/kaggle/input/regspeech12/test/test_sylhet_0554.wav,কিতো দেই না ওতা শীফ আরকি খয়দিন আমি  ইতা রেডিং ফ্যাসেজোর বাংলা আর কেউ মিনিম বুছাইয়া যাব ওতা ক্লাস ওও যা খয়ল কলাস আর একজামোর ডিউটি খ তারবর ফেবারো উপার দে আর এরফরে
/kaggle/input/regspeech12/test/test_habiganj_0029.wav,ইতার লাইজ্গা আমরা দুধ জ্বালাইয়া পবিত্র তার লাইগগা দুধ জ্বালাই চ্বালাইয়া আমরার খর
/kaggle/input/regspeech12/test/test_sylhet_0709.wav,দাদু বুইতা নানি তো আমরা বইতা কিলা মামা কেমনেআফনারে কাজ আছে মনো অয় মেয়া যা খছু খাইয়া গেছোইনে ফাখলো আছে নাখা বচ্ছাদইছে ও রান্না বান্না কিতা আমরার একটু সময় দিলাইবা এফর আফনে বা লোআফনার খর া খয় বাইচ্চাস আমার কিনজনি এখ মেয়েরে আরো দুই ছেলে
/kaggle/input/regspeech12/test/test_sylhet_0315.wav,আনিয়া সাজাই গেছোই তো সাজাইয়া উযায়া বিয়াআ এরপরের দিন আইচছি হস্ছে লালে মফরের রিডিন ফরের দিন আইছি হোস্টেলা হোস্টেলা আওয়ার পরে ইটা নভেম্বর মাস আছিল
/kaggle/input/regspeech12/test/test_sylhet_0057.wav,ইটা রান্না খইতা ছাইলে মানে ইটা ছাড়া রিছয়টা ছাড়া খইতা ফারবোইন এরফর রান্না রান্না বড় বইনে ফটরাম বড় বইনে ফট রান্না ফারছোন দান্না লাগি ববাই অনেক তাইরা বখা দিছোইন মাছছোই নো ববাই উশরাইছলা ববা গেছো রান্না ছড়ছি অনের সময় ওইছে বাত রান্না খরতো ফারতো না বাত এখবারে লয়া মি ফরেনতা
/kaggle/input/regspeech12/test/test_sylhet_0111.wav,আম বাফ দাদির ঘরে আখলা আছলো তা ফাইছলাইন না তারারে দাদি া দাদির আমর বাফ যমত ছুড়ু থিক্কাও মারা গেছে আমার দাদি যাতা হ বাফ ছোডো থাকতেই মারা গেছে  র আপনেরা কইত তিককা ফাইলাই খতে আমার বাফেটা পাওয়া লছে মাইনষে
/kaggle/input/regspeech12/test/test_sylhet_0152.wav,তমাই ব্যবসা তও নাই আমরা শালটা করো ব্যবসা আছিল আমরা কতা আরোামা এক বরো মা আওখালের বিয়ার কাহনি খইন ব্যাবসা  আমার পাবরি আর জামা ইটা
/kaggle/input/regspeech12/test/test_rangpur_0077.wav,এটা ইয়ার বাড়িত থুইচে তোক হ ওরম আবা যাই ক যায়ের যাওয়ার বাড়িত থুইসে ে রাখছে রংকোনো যেটে বাসা  শুলাই করা নাই বলেটিপ লাগে যা  টেপ নাকি দেউপেশে রস পরে রস পরি পড়িয়া ইয়া হরি
/kaggle/input/regspeech12/test/test_narail_0174.wav,ইন বরিচ র অর্তের থাক্কা ওই বয়ে লাগাইছে আগে বুঝতি পারি নাই আনে যায় তা দায় যায় ছা সাতটা আবার বেতন ওম
/kaggle/input/regspeech12/test/test_sylhet_0532.wav,দেড় বছরে শেষ ওইছেগুলে ফার্স্ট ইয়ার সেকেন্ড ইয়ার এখলগে লে তারা লা সেকেন্ড ইয়ারোর থার্ড দেইস কিতা খলোও আ ফেইস ফের মিয়ার মানে ওইটে সেমিস্টারগুলারার মেয়ে ফি খারান অ
/kaggle/input/regspeech12/test/test_narail_0005.wav,উনি কর্তিছে  জমি পগেসারে জন  ওইভাবে পিগেসার ম উয়া তো তো জানি নাকি তোগে ঘরের খুবা কিেগাতুই তাই
/kaggle/input/regspeech12/test/test_sandwip_0001.wav,দ চারেরদিন বেরাকছে নাই দাওয়াত খাইবো নাকি ফলা খাতা না আ ভালো অইছেতু ্যা বাচি গেছে না খ আইবো যাইয়ে  মাসা র বন জানা আইবো শ সাত মা সাদে ঝামাগলা আইরিাদ
/kaggle/input/regspeech12/test/test_kishoreganj_0175.wav,তলাএটা তো লাফরেটাত তো লা এ এটাত তো লা আ পনি দি ছাকনি দেছে কে পানি পমু শা করায় হইলো ছাকড় ছাকর দিয়া পানি দেছেলা আর কি পরিনাম কি া
/kaggle/input/regspeech12/test/test_narail_0089.wav,নাআমি একটা কথা বলি চন্দদেবার তোরে বলেন বুলক কান্তা করিছে সেটা আমি মানলাম হ্যাঁ কুলকি কানতারে একটা আবার বলতে পারিস না যে আমার সাথে তোর কী সম্পর্ক সেটা তু তো কান্তা কটা বুঝাতে পারিস
/kaggle/input/regspeech12/test/test_sylhet_0275.wav,তে তাইন মানে খইলা প্রাইভেট ফড়াইতাই আমি খইলাম কুন জাগাত তো তাইন জাগার খতা খইলে ফরে আমি খইলাম দরাইম ফার্মুলি বাই ইটা তুমি ফারবায় তাই নিজে আমারে লিয়া টিউশলীর বাসাত পরিচয় গরাইয়া দিয়া টিউশনি দিছোইন প্রথম টিউশনি শুরু খরছি টিউশনি দেড় হাজার টেখা দিতো
/kaggle/input/regspeech12/test/test_narail_0027.wav,ওই মাট ওর বাবা নিয়ে আর ওইননি তাহম এলাকারে জাগা ওর বাবার ঘাটের টাহা দেয়ে কি নিয়ে পয় অনে স্কুল কয়াল  বাবা নিয়ে গে ওওর বাবা নিয়ে গেলো ও বাবা দাম কইরে দিছে তা তো মনি চাচছি না তালি আমার কাঠির পাশেদে আমি কি নিয়ে তুমাগে দিচ্ছি
/kaggle/input/regspeech12/test/test_sylhet_0434.wav,াখ এখবার সাহস দিছোইন সাহসইনতি মামি অনেক খুশি অইগি যখনে খইছানে মনে অয় খাল কমনে খলে বাফছিখাখালতো অখন ফুরা বালা খরে মানে খতা বার্তায় কি রখম খুশি আইতো মনো র বিত্রে এখবার বুঝতাইফারাইকম য় ফড়ে তোার কিতা ওইলো ইটো টাটার ইগো আয় নায় না  না আমার যে সমস্যার বাবা ত
/kaggle/input/regspeech12/test/test_sandwip_0011.wav,হে বিদি বুইছে ফাকার ললে নেগি র ইয়ান আসলে লাইিলার দরকার ইিয়ান দিয়া আঁর পাইয়া করতাখ একদিন একসুভি দি আই  একদম ফিডার গুনকো হান াই হ্যা নি দরো না  আন্নেগর কে অবস্থা
/kaggle/input/regspeech12/test/test_sylhet_0323.wav,মাঝামাঝিটাইবো তাইল র এমপি ওইছে দিিন প্রিয় হওয়ার ফরে তে তাইন তো অখন কলেজো মানে কলেজ নিয়া ব্যাস্ত ছাত্র খড়াইন মোটামুটি ভালো ই কাম খরোইন সারাদিন ব্যাস্ত কর কিন্তু আমি ওমার বাদে খইলাম তুমি ইটা কিটা ছাকরি খরো আর এই সারাদিন ছাকরি লইয়া ফ  তুমি তো আমার লগে ইচ্ছা খরলে ফড়তায় ফারো ছাকরির লাগি ভালো ছাকরির লাগি ফড়তায় ফারো ইটা একটু গুটাইয়া তুমি আমার লগে ফড়াত লাগে
/kaggle/input/regspeech12/test/test_narail_0137.wav,আইলটেস করবো আগে জাইল টেসের পয়েন্ট ভালা হয় তালি ভালো কোনো দেশেতো জাতি ারবান ওই উঠতাম জামাই বাবু ও ফলে ছোটে দাদারে ো একটা দেশে পাঠায় দাবে সেটা বলছে উত্তাম জমা বাবুর ভাইররে আর দাদারে দুইজানটেস পাঠায় দা না
/kaggle/input/regspeech12/test/test_rangpur_0090.wav,ভাত মাছ মাছ হহ খাওয়া দাওয়া ভালোয় হইতেছে হ হতাছে  খালু কী মাছ
/kaggle/input/regspeech12/test/test_sylhet_0412.wav,ওযে সব বই নিয়াালা দল্লা ওইছিললা মুবায়জ ওইছিল সব এখখানোও গেছিললাম দাওয়া দিয়া নিছিলা বাড়ি তাইরে লইয়াই যখন তো তাইরে নিয়া যালে আমি শেষ  আমার আডি এখলা বালা লাগে না উমাই যে খষ্ট খরি তাকিছাাছোর তাকি আইলাখনা আফনারালিদ নিজের বাষা তাকি আইলাম খইতুকি আমারতাইনোই সমস্যা খরে
/kaggle/input/regspeech12/test/test_comilla_0006.wav,এই রিয়ারসাল থাকে চোললোই সোম্বরে যে অনুষ্ঠান হবে ওইখানে যে পারফরমোন্স করবি ওগুলার উপরে ও রিয়ার্সাল থাকে ওইখানে আবার দশ পনেরো মিনিটের মতো রিয়ারসাল্ করে নাছের এই স্কুলের ভিতরেই আলাদা একটা রুম আছে ওই রুমে করে ম প্রথমেই রুম থেকি বের হইয়ে আবার ও স্কুলের মাথার মদ্যে একটা দূলনা আছে
/kaggle/input/regspeech12/test/test_sylhet_0752.wav,এ মনে খরো আমরা মানডলো মানে ই মাইনষো খরের না হুম কমুটি ওইখানোগুপাল টিলাত খরোইন না আফনা ফরে আমরা যাই বুঝরো না যাই শারগুখাল্লা দিয়া নগু দিয়া দিয়ায় আর যদিও আমরা মনে খরো ককা সো যদি আমরা লাানদিতা তো এটাই মনো খরো  আজাতদগছে মানি ইা চেয়ারোয়ান নেম্বার আছে নানি খনো ি টেখা ফয়সা দে নানি ইতা তো কিনতু ফার্স্ট ক্লাসয় নাতলা বিভাগ যাই বড়
/kaggle/input/regspeech12/test/test_narail_0082.wav,নিদা বাড়ি যে আইসি ভালো আছে হ হ খবর কি তুমার তাই কও আমার খবর ওই বাবুরি ডাক্তার দেখাতি গিয়া আমি আর ডাক্তার একতা দেখাতি পারতিছি না মানে দেখাইছি ওষুধ নিয়াআইছি আমার
/kaggle/input/regspeech12/test/test_narsingdi_0096.wav,বাচ্চা কইরে যে তর এইদিসিডি শিহাইয়েত্তা গানের ইয়া ইউটিউব জেনরডা ও আমরা ছিার দো তাছনিম হেই কইতাছিলো ে কমেলাম দেহে মাঝে মঝযে ভালোই লাগে ও আইচ্ছা রেলিগিয়া জিগাইলাম না আমি ওদা হলে মন থেকা এখানো দুখদে পড়্য শিশু
/kaggle/input/regspeech12/test/test_narsingdi_0062.wav,ছফি নামনা তাা মে ইছে জক তো বার সাত আশ ফাইতেই কারাততি আমি অন রাউন্ডার তাইলে আমি সবোই ফারি ফারস বালা ফারস না আর এডা বড় খতা বালা খারত ফরে আমি যেডি ফারি হাইসনি চম্ৎকার ভাবি না লেহা ফড়া ছোনতকার ভাবে ফাছ অবশ্যই
/kaggle/input/regspeech12/test/test_sylhet_0658.wav,খেডনদে আরু আগের আমলর এখনো আমলের মঝে ফার্থক্য খইন কিছু আফনের কিলান লাগে রে যদি এখরা ফার্থক্য িলা খইন মানে কিতা ফরিবর্তন ছোকো দেখোইন
/kaggle/input/regspeech12/test/test_sylhet_0684.wav,তর মন নাবাফর বারু বাড়ি যাইন টাইন্নি মানে খিন কুন সময় যাইন য ইস্কুল বন্দ ওইল গডিস্টেম্বরো গিয়া আইছিলাম তারা যে পরীক্কা শেষ ওইছলো ইয় আইছি  বরজান্ত লাগে যেদিন পরেন্ডো ওইবোসন বাফোর বাড়ি
/kaggle/input/regspeech12/test/test_noakhali_0016.wav,আর ন দুইভাবিআমি মু টিক  ডরিনামাি রোমা তিনশো টাকা আছে ইয়ানে আরও একশো বিশ টাকা খাইবো তা উুসতি হয়ে ভালা লায় না এই ফালি দোয়ানের বাড়ি দেগি আয়তো কোলো কেউভাবযে একটা
/kaggle/input/regspeech12/test/test_narail_0147.wav,আগে জার্নি করতি পারতো না ই করতি পারতো না এখন জার্নি টা্মি সব করতে পারতিছে বুচ্ছিস তার মনে বুঝা যা্ছে ডাক্তার দেখানোর পরে মনে হয় একটি ম্পুভমেন্ট ওইযে
/kaggle/input/regspeech12/test/test_habiganj_0068.wav,চাদেরা শেষে তারপরম হসপিটাল আছে তারফর ফাইয়া গাছইয়া ফাওন প্রায় সাত আটটা অইবো ছুটে আশে তাকলছই আরেকলা চেক ইতা দনস আছে ওতুননাছাদু
/kaggle/input/regspeech12/test/test_sylhet_0145.wav,অন্না ওইয় যে বনাছ নাবায় তো নায় এসএসটি ডিক মা ছবি  মাছ  ন বিয়ে ফাই না
/kaggle/input/regspeech12/test/test_sylhet_0526.wav,হযা  নাই প্লেইনোর বিত্রে আছে যন অনে খইু আম্মা খইছোই না  হিয়াফুরের বিত্রে গিয়া কিতা বোর্ডিং প্লাস নেওয়ার ফরে আর খতো সময় উয়েট খরার লাগে খনো গিয়া খরবা খনো আরো বালা সুন্দর তল আম আচ্ছা টিক আছে এখন আনি এমন আরকিলাইয়ো
/kaggle/input/regspeech12/test/test_chittagong_0020.wav,শেষ শেষ শেষ ত ততুর ফড়া লেখা টি আমি চলের হাঁ তোয়া লেখা নু খই স্যার একু লোক ুজুল খুনু কিছুই নাই ি এই যে ক পয়েন্ট খম িচ্ছি তো খনো মিক্কা নামতাম নোয়আরি টেনশনত আছি কডি খরদা না আরে এক্কে ধরি
/kaggle/input/regspeech12/test/test_sylhet_0264.wav,আর আফাদতো ইদ বুত ছেলো আমারে না দৌরে তারফরে তো বার্সিটিত ফরীক্কা দিলাম এডমিশন টেস্ট এডমিশন টেস্ দিয়া টিখছি টিকিয়া ভালোউ প্রথম দিকেউ রইছি মেডিকলিস্টো থাখায় তখন
/kaggle/input/regspeech12/test/test_sylhet_0377.wav,ওলা খরিয়া তো আমার যেবর দুইটা হেল্প খরছে ফারে হেল্প খরছে বলতে বাচ্চাগুলা যখন ছুটো আছি ইতা তোআমার লগে আছিল আমি কাজের মানুষ রাখলেও মানসিকভাবে শান্তি রাখতাম বাাাছার আছে
/kaggle/input/regspeech12/test/test_kishoreganj_0066.wav,আর না তিনজনেফোক্কের ছালাওটি ন্নিয়া কিা ফাররা রা
/kaggle/input/regspeech12/test/test_tangail_0101.wav,খুব ফুরা ইমশনায় কয়দিবছ লাইনড অইছে মানে হিন্দিতে কেউ তেখে মিল যায়ে তুমহে তুমারই মুহাব্বদ তো মান লক হুদা তুমপার মেহেরবান ফ গেয়া অরাগার না মিলে তো ধান লখি খুদা তুনছে এক জান খরেয়া
/kaggle/input/regspeech12/test/test_narail_0067.wav,সরকারি দেখশদিলেশাফমিলতি বার কটটা ওইলে গ দে না আর জিলান্নি উললেওগে তাল গাছ না গিয়া ঈইদার পন্ত কাটা টাকা দোআর কিনা দিনাদি স্যা এটাতোবাছা তোর ইদারা এইধরে গার িনা গুল লায় গে তু কলিং চ্যাকসা দিদেয়া মিজা তিরিবে ফারে
/kaggle/input/regspeech12/test/test_narail_0173.wav,ত ফিরে আসতি না ফাততিছা কত্তি বাড়ি জ্বালায় পরচছয় ওদের কাজ যাকি জালার ওদ্দুরি সারাদিন কাক কততি হয় ত জান খায়ে ও ওই যে কি গর পাত্তিরি তো এচির মদ্দি থায়ে
/kaggle/input/regspeech12/test/test_rangpur_0015.wav,কবার খা সে ক কত তে কন গো না কইলে তো না শুনলে তো মোলটা খারাপ হয়া যায়গো কেরপর তুই খানি ধান কি ধরি আসিস ক্যা কী জন্নে এ
/kaggle/input/regspeech12/test/test_kishoreganj_0190.wav,ব তানি ব থনিম গথানি বড় থানিল নোত বনি বত
/kaggle/input/regspeech12/test/test_noakhali_0003.wav,যানা োখাইছাছা ওর ডিটি বিন্দিতুয়াকা াই গুলালা
/kaggle/input/regspeech12/test/test_chittagong_0139.wav,ফরদা এত বছর বিয়ে যায় যখন তাহে রাখালে ইদতি রিজ ন যাই তুরে ক্যাঙ গই ফাডাইতাম আরি খালি ইতা আল্লাই বুরির সময় ভাইয়া এখন তর কল দিয়ে ওে সময় ভাইয়া তে নমরে ছাইতু মনে হয়যে না তে বেের খতা তু যােতু মনে অয় তইলে তুই যাছে না কী অইয়ি ইতা রর্লাই বুলে আকরলগুডি তারার ে খতা খইলো
/kaggle/input/regspeech12/test/test_narsingdi_0079.wav,ইছে আল্লা বারেকের করে নায় পিএসসির মজা মাইরা দিছবো হুম ছোল আমারে পিএসসির ফরিক্কার সম আম আমার অনেক টাকা সালামি লিছে কিন্তু লাস্টে আমি ফাইছি কি জানছ দুইশো টাখা দামের একটা ব্যাডমিন্টন যর মারে গইছিলাম মা আমর ইটা কাত্তে একটা ব্যাডমিন্টন কিনা দিবো
/kaggle/input/regspeech12/test/test_kishoreganj_0043.wav,আমরা অনেক দুরে আসছি কছেনািমনা ওনে মত তো কাে উডালি উডেইলে উডে পাচশো টেহা দামাকটাসতো যেমন ক  া বার ছবি তুলতে পাচটো টেহা দাম কামরাইলা  ছবি বেডাএইডা আমি চরফামিনা ছবি তুলছি না পাচশো টেহা দায় কামরাই ব হি ফরলেরতো ছবি তুলার লাইগ্গা  ঠিক আছে র ছবি তুল সুন্দর র বু ্ষেত নামায় দিছে র লগে মু বন্দুরাম  তলে তো না খেত নামায় দিছি ছবি না মাইবাত টেহা  ছব ছবি তুলতাছে হই যে ক্েত কামলা অমন টান দিতাছি উডানির লাইজ্ঞা ও
/kaggle/input/regspeech12/test/test_sylhet_0492.wav,বুঝছোনা যে থাখাতারি খরেও তারাশুনা খরছেন মনে খরো অনেখ লিট ওইছে ফারেস না আজানি তযান রোজাও রাখছি মম রুজা রাখিয়া আজান ফরছে এখদিকে কিন্তু ইফতার খরছেন না এখটু পানি খাইয়া কিন্তু য় দি আমার অর্দেখউবারেশুনা করার উনা আমারে ফালেরতান গেছোইন না অন্য সিলেটোর এখ ডাক্তার অখল ওইলে খইলে নে তেশন তাখোক আমরা ইফতার খরি গাই আছাখবাজে ফা ন্য জিনিসটা খালি বার ন আল্লায় কোইনরে বানাই ছোন কিন্তু গইলাম আইন্য এনজন ডাক্তার আর সবার ডোয়ায় কিন্তুদেখ োকি মন মান
/kaggle/input/regspeech12/test/test_habiganj_0031.wav,ওই যেআমার পডু যে সেল নাই চেল ছাড়া ফরছেয়স থাখলেই কিতা চেলফের মইদ্যে যদি আমার তেফিয়াইজরো সুনরা কি এরফরে ফরে খাই যে ইতা জুটা তাল বাসন রাখি তাইলে কিন্তু আমরার পডুগ্রাখোর নিয়ম না পডু টাইন ইতা পবিত্র জায়গাতরানো লাগে এখন আমি কিতা খরমু জার্নালের তাইটে কুনু মতে রাখপি
/kaggle/input/regspeech12/test/test_sylhet_0525.wav,জায় নাই তো বালা বছি মজার খতা ফাস্ট এম প্লেইনোর জানি আমিতো এখটু এক্সাইটেড নানি হুমকিন্তু এমন প্রেশার  ফুরছে ইয়ার উফর যাইতে সময় আমি আমি ঢুইক্কাও খইছাম আমার যে আওয়া েশনো ইন্ডিও আছে ডিইক্কার বাসা তুমার খছে না ব গিা রে নাই
/kaggle/input/regspeech12/test/test_narail_0092.wav,বিদুশির কাছে শুনতি অবে বউ ছনিস যালো তাইলে শুনুসকা মিওর ক ছে  পরে গেছে শুনলি আমার মন খারাপ হয় নিজি মাতব ্বড় ওয়ার পিছনে এট্টা আলাদা বাপ আছে তাই না নিজ
/kaggle/input/regspeech12/test/test_sandwip_0092.wav,গিন থুয়  কতো কনউন আইয় অলো দ নান্দি না তারতাা  আছদদব দিয়া দাছগায়া ক সমনে দিন বছর গা ম আইছল বুদি
/kaggle/input/regspeech12/test/test_barishal_0044.wav,হেইয়া তা মনে করেন চেয়ারম্যানের বাড়ি তুরি বিচার গাছে পরিষদে তরি তোগ আছে ওর বাপের বাড়ি যেি ঠ্যাংটা না দিয়া হেদিক দোওদিক গেছে হুন্দো ওহনে গেছে হেনে চেয়ারম্যানে মোরে মনে করেন খদিয়ে নিছে পরিষদে আমনে কি মনে করছেন বোজেন ওইয়া তো হয় ওইরম কিছু বোঝে না বিশশে শয়তান
/kaggle/input/regspeech12/test/test_sylhet_0569.wav,দাদু শহীল আমনে মানে কিতা ওইছি মছফায় আর কুন অপারেশন রাগছিনা না অপারেশনোর জাতীয় কিচ্ছু নায় তালে নি খালিও মাতায় গুরায় এখদারেখ হছেন মাতায় গুরানিও এখটায় মাথায় গুরাইগুরা ফড়ি গেছেইন গাবারি
/kaggle/input/regspeech12/test/test_barishal_0031.wav,ছা বনছি জানে না ন তোটো সে পাইলে ফোলে পাকা সিনরা পাচানইতো আর এতা ভালো তুরে দিয়ে যে কুসরতয় তিতা খা এটটু কিকনা লাগলে যদি চিনি দিে বেছে এেন এমিে সিরিয়া ছে না টা প কেজি ম সিরিয়ান সি সাড় তিনশো টাহা পুলল ম সিরি ইন্ডিয়ানগসইডা তো ক মান নে কমেগে বলেযে ঘুপাচাগর াবাতাছে পা
/kaggle/input/regspeech12/test/test_sylhet_0012.wav,া তো ঠাকুরে পুঁচা খবাইসা ঠাকুরে ফিলেতে ফ ঠাকুরে আইসে পুচা খরে পুঁচা উুজা খরিয়া  ঠাকুরের তো বিদেয় বিদান ওানার কন খানো তো আছে তারা দ্বারা ফুচাখর পুচা শেষ ওইলো পরে ঠাকরি অমজুলি দেওয়া ওইবো অহনজুলি দেওয়া অইলে
/kaggle/input/regspeech12/test/test_kishoreganj_0103.wav,বিশ ত ঠিক আছে  ছানি ইয়া অলো ইয়া বইলো সাধারণ গেন্ বইল ডার কয়দা  হইা তো কয় যে তো ছ ফাছ আর তিন করত আট চাইর আইলে তিন আরে চাইর ঠিক আছে সন্য সুন্দর হ্যাঁ আইছল ই সাধারণ গেন ব অইলো
/kaggle/input/regspeech12/test/test_narail_0012.wav,আর আলমানে এইটা পরমাণে যাচ্ছেন এইটে কইছে ঠিক পাই নেই যে আমারও ধরবেনে আরে মেল কথা ছে যে বাপ মারে বাদ দি বাপরে দেহি নাই তার কথাও বিশ্বাস করা যায় নিই হ্য কও তুই আর এহন এই সমস্ত কথা শুনলি আমার ওয়ে যায় মেসেজ গরম
/kaggle/input/regspeech12/test/test_narail_0093.wav,আরেকজন মাতুব বইরা আইছে তার গল্ফ সিনে লাভ আছে  সে যাই হোক এই সমস্ত গভীরের অলোসনা আমরা নায়ি করি তুমি আবার এই সমস্ত কথা আবার কিছু মনে কইরে না দেহা গেলো ভাইবলে যে ভাডি আমার কিরম ধরনের কথা কচ্ছে
/kaggle/input/regspeech12/test/test_chittagong_0130.wav,গি মানি রা তো হরিছিকগরগে কী পারতে তা আর তইলে হেয়াপু রে সবদে আরেন দে আই যা তাঁই তাফতে ন যাই আই মোরগে গি বিয়ে হাই মনে করিয়া যে ম্যাকাস্লাক পরদয
/kaggle/input/regspeech12/test/test_chittagong_0170.wav,হ আছে কোনোরখম তোমার মামার খাটা পুছন নলর পুট নলর না তোকী খইয়্ুস একী খইয়্ুম তো এনে খইবেরি ভালা আছে বালা আছে টো খতা খতু না ছায়
/kaggle/input/regspeech12/test/test_narail_0105.wav,আর করা হইছে ব্রেসটি চছি করা অইছে ছয় বার কয়দিন আগে একজন একজনে নিয়া আসছিলাম ওরো টিউমার অইছেলো ঘাডে অপারেশন করিছি ঠিক হইয়ে গেছে যা তুমার ওডা সিস্টেম নাই অপারেশন করলের সিস্টেম আছে কিন্তু
/kaggle/input/regspeech12/test/test_sylhet_0278.wav,ততখন আর আমার বাইরার কাছ তাকিও খরছ আর টেখা না লাগছে না ন ফোর্থ ইয়ারো উশ্টি তখন গিয়া মন ওইছে যেএখ বিয়া ছালা গুরার মানে এখন এখন ই বিষয়ে ছিন্তা খরা দরকার
/kaggle/input/regspeech12/test/test_narail_0043.wav,যেটুরে অলফ অল্প জানি যা ওই যে ইডা আচ্ছেল্লা কিচই দেছতেলো তো আরে স্বশান সেপুর বাবার নাম তো কিছ তেলোগ তহ অলো ওইযে কি যি দফা দা দফাদার
/kaggle/input/regspeech12/test/test_narsingdi_0112.wav,সব   বেতন মোরাছনেকইন্ডা এরকম বইন ন স্ক আগে বেতন রা আছিল্নাম গ মাডির ঘড়ো থাকতে হ হে বেতনই আবার ফল
/kaggle/input/regspeech12/test/test_sylhet_0479.wav,মানে আমি তো খইতে ফাইরি না আমি দুইনা খাততলা মোরা না যেতে ননা বাজতাম বাচছি না মরছি ওখান খালি্লাদি মনে অর যে কুনদিন ওখারসনো বাচ্চা কুনজিন ওইছে ওখান খালি দায় আর হেতার একুন দেনুনানো তা খইত আমি খইতে না
/kaggle/input/regspeech12/test/test_rangpur_0121.wav,হক্যা স্বাদ লাইগবের না এংকরের ডাইল বলে স্বাদ লাগে না হ ভর্তা দিয় খিলাইম ভর্তা খলে হ্যা ভালো
/kaggle/input/regspeech12/test/test_narail_0052.wav,এক দাড়া াড়ছাইড়ে পুতরি যাগা যাতে আমি কোনোদিন না ঠকি মানুষের দরক বুইছো ত তুই এহনে আসবি ভালো বেচবি তাগে বেচে ভালিও মাইফে দিবি আর তুই আসনেও মাইফে দিবি যদি ব ু বালে দেবি ক আমি তোর জাগা বালে দেবি ুদিতোর মদ্যে আর  আমি কচ্ছি কুদদরকা না আমার আই লেয়া কাই
/kaggle/input/regspeech12/test/test_rangpur_0022.wav,ওবাজার দার া বাযার নামে নাম যাবা ও বাার যাওবার কায় ক্যা কী আনবে  কামার শাগ নিবে নাকিরে কি কি নিবা মাছ না মাছ না মাছ খারএনা উতা থাকতি অ
/kaggle/input/regspeech12/test/test_chittagong_0174.wav,গেই দেইস যাহিমইে সম দেু খুইনজুন ন তাহিদিনি নান বানাইয়যাআয়ছিদা আরা মু ফলতো এন্ড্রা্ ফুরা হইল্লই যারগুর কল দি দে দি তা আঁরে ফুরায় বেলার ফর ভালা মালাগে দে এরি হ ইইক্কা হর্দে যাগুর যাগু আর আই পর্তু ন ওতুরা দুনোয় তাহাইলে হইরযে এল্লাই থাইননা পারডি
/kaggle/input/regspeech12/test/test_barishal_0021.wav,তা না চয়দিডা মানে এগুলি পড়বা না বিহাসে করতা বশ্যযহো না  ওইযে আমিদুলিল্লারে মার ছিলি না ম ছে মুইবুত এ মুবিলিইল্লা মনে করছেহ ছর বদ না
/kaggle/input/regspeech12/test/test_kishoreganj_0044.wav,তাআওয়ার টি দেতলে পরিচয় সই যা কা ব্বার এলাকা না লাগনে তো হুমা দে মু তবি গেছেএইডার গেছে হ হ্যাঁ হ তো হেহদেআমের দিন কি আইচ্ছা আমার বাইক্ঞা হচ্চা দাতুইন নাম ভাই হ জেডি গসামনেতো হ্চায় দেছ সব নুলাভিডিুল কুইলালতোছ নে আরেককে বি্ডি হা  হয় জন গেছেছে না বেকছেন হ্যাঁ গেছে মলো কত না গেছে মন   বেডাডি দরে নেতি অবে আমার তো হ্ছা ব নাহেদে নামমার লইয়া জান দিত হ হ লাগে আমনে হর চেরা হেডা আছে না হ বানা হেডাগাস লগে হেদ না কি মুজু
/kaggle/input/regspeech12/test/test_sylhet_0627.wav,হু ফারফো ইা ঝুমার যেন হু ঝুমা কাজে িতা তাই আবার ছে তাই মেিকা হু আচ্ছা েও শুগবাড়ির যে বিয় অইলো বুসরার লগে ইতা কিতা াবার ফডিকনি না ই না ইব দেশ তাকিও মোটামুটি আর র পছন্দ খরিয়া ওইয়ে
/kaggle/input/regspeech12/test/test_sylhet_0073.wav,পাসকাতে আলে উপাশ বানতে ইচ্ছা খইরা কসরা তুফাশ তা শেষ খরি জা বাদেত তো ম বদু যে সাতে আড্ডা দিলাম তুসকা খাইলা খাইলাম সামনে আর কুনু ফূজাও যায় আছেনি ই বছর ছে  অন্য সময়
/kaggle/input/regspeech12/test/test_sylhet_0263.wav,তো ইতা নিয়া কুনুদিন ছিন্তাও খরছি না তো যেহেতু ওতা নিয়া ছিন্তা খরছি না ইটা টোটালি সময় আমার এসএসসি ফর্যন্ত আফিলিগু মাতার মাজে আর যখন ওউ গেইট তাকি আমি বাইর ওই গেছি এরফর তিকি ইটা টোটালি মাতা তিকি জারিয়া ফালাই দিতিযে
/kaggle/input/regspeech12/test/test_narail_0163.wav,তো আর না ওা বেচে ফারে মাঝে ফইরে তো বেচানাত্তে উঠতেই পারতো না কতোবার কইছলে মাসে আমি ডাক্তার দেহে দিচ্ছি কত মানুষ আততে দেহায় দি ওইতাতরা
/kaggle/input/regspeech12/test/test_sylhet_0223.wav,তারা মনে খরছোইন যে তাই তো ঘুরি ফিরা আমরার লাখানো ওইবো তে তারাও টানতা খাজের দিকে বাইরা একটা কতা ফরার দিকে আর আমার বিতরে তো ওইলো গিয়া চ্ছাটা খরতাম যে আমি যেবাগর নমারাা ফাশে একটা চাকতি খখরবু
/kaggle/input/regspeech12/test/test_sylhet_0601.wav,বালা লাগছি কুন জাগা ছায়েলনিন বিছিন না নাইত ভারোত যাইতেই খইতাছো মিমনিরে বদলাইছাছ না তুই বদলাইছাছে না সিরিয়ারে আমি মানে ওতো বাফ অইছে ম্যাডামরে কিয়া জ্বড় ইয়া দস এরপরে নে ম্যাডাম কি হালফুল ওইয়া গেছিলাগা মাঝখানো  আজখালমুনা ছ ম্যাডামি ছুতিনতা রা কিচ্চু বুছানো রকি কেমন আছলা
/kaggle/input/regspeech12/test/test_sylhet_0045.wav,বইন দে গা ফ্যামিলি সম্পর্কে কটু হুনি কয়দন আছোইন আমরা ফ্যামিলি তন বর্তমানে ভাই বইন তিনজন আমার আব্বু  দি া মার বাসারা টেবিশি বা কে এমনে বাসাত মারে ওন এমনে মাত ভায়াগা আমরা দ ুকতিলেটি ভাসা বাসাত আমরা বাই বইন থাকে  টিনজান বাবা মানাই
/kaggle/input/regspeech12/test/test_sylhet_0307.wav,আইু ইদের ছুটির ফরে ফরীক্ষা ছলে দুই ফরীক্কার মাঝখানো গেছি ফারি দুইটা দিলাইছি ফরে আরো তিনটা রইছে অলা ঈদের শেষে বাড়িত আইয়আইমু ঈদ শেষ ওসময় তাইন তাইনও গেছোইন ইদের ছুটিত গিয়া তাইন আমরা বাড়ির সামনের রাস্তাত লইয়া আড্ডা দিলা
/kaggle/input/regspeech12/test/test_kishoreganj_0155.wav,বাতারি যাইবু  নাক কিমনো পাকা বাতা যেববিদরটা হালকা গুলাফিরন গে হালকা গুলা ফিরন গে পাকা ডালিম ছুটয় ছুট দানা টুকটুকেলার পাকা ডালিমে দানা এ ু
/kaggle/input/regspeech12/test/test_sylhet_0747.wav,মানুষ ফাইরজনরে দলা খরইয়া মি তাইন দরজা লাগাইয়া বিদফা ওখ লাগে হুম তাইন যেলা নানি ওয়ার লইয়া তাইন ফাইবোবা তাইয়া দরজা দইালাগাইয়া খালম এর বাদে ওরা খাইবা বড় ভাবে মাছ নবা াহনি ি  খইলবা যার খফিগে যতোটুক দিবো
/kaggle/input/regspeech12/test/test_sylhet_0308.wav,তো আড্ডা দিরা ফড়ে আমার বাই তাইনো ইলোক সম বয়সী ফ্রেন্ড তো তাইন ও আড্ডা দিরা দিতে যতা ফরে এইকটু বিয়া খরস না জালে তারফ এই বিয়া খরতাম তে তোরা দিলে তো বিয়া খসবা লাছিহ তো তোরা নিয়াে তোরা কাইলকে তো এখটা স্পেশাল দইয়া আছে বিয়া খরিলা
/kaggle/input/regspeech12/test/test_kishoreganj_0137.wav,কুছে কাটাল কাটাল আনারস কাটাল আনারস আমডাম পারা পেটে ভাঙ্গি তোর মুঠ লিছো প্রচুর ফলে আরো ডাম ডালিম ডাম ডালিবাতা বাতাবি বাতাবি
/kaggle/input/regspeech12/test/test_kishoreganj_0012.wav,এইডা বাড়ি ক অন্য দিকে নাকি কুন দিকে  কুয়াআইছে এদেু  নাকি ও এ য কন্ট কে্নের কত কি কি খষুদ্দানি কিছু কুনডি এইলাই
/kaggle/input/regspeech12/test/test_sylhet_0484.wav,ওউরখম না ওমিশকুলোতো ফাইয়ার না আরফায় উগো ুলি লিয়া মিশিয়া তাখতাম হফসফ খড়তাম এখলা াইন ওদোখটু মগে ছয়া খাইয়া গেছোইন বাড়ি আই দশটাত এগারোটা দরিবো ও্তো এখলা এখলা তাইরে আইনছাখতা তারার কাউরে যাইবোগি তারার তো পড়ালষকা খরিয়া তা আমার লাবো নো এখন পরিস্থিত যদি তাখছ তেখনে গরতে ফারি আলমু তারে মাদ্রাসাত ফরতি বাই ছোনকলাতে ফড়ে তাই মনে খরো দ্বিতীয় স্রেণিত ফড়ে
/kaggle/input/regspeech12/test/test_sylhet_0108.wav,ত খা যায় না তে এমনে মানে ছুডু থিকা বড় ওয়া কুন জায়গাত্তে মানে আফ্ল্যান খইরা গে এই জায়গা ই খা টা আছামআমটা ইয়ো ঘিরা ফাড়া পাটা ুড়া খুইকারা সামনেও আছলান
/kaggle/input/regspeech12/test/test_sylhet_0408.wav,এখন তো তার ইস্কুল ইস্কুল বন্দ খরি আমি তাইন নানা বার তাকি আখন আম্মার বাড়িত তাইা আচ্ছিল বেডানিত গেছিল ইস্কুল বন্দ আছিল যখন খুলছে না এখন তো ইস্কুল ইস্কুলোস্টাল সি অখন যাইতো মায় খালি ফোন গরের বাইরা নিয়া দাও মদামি ফোন খরা এখন আমি লইয়া যাইরামমনে আমি এখলাম ঢরাই আমি সব্দা লা তাইলে খারিয়া আমার সময় খাটো দিন খায়
/kaggle/input/regspeech12/test/test_sylhet_0124.wav,বান্ধবি তো ছিয়ো হরছি না আছে তারা বিয়া শাইদো ইয়া তারা তিন দু মাছাত বিয়াশাই দইয়া তারা বাড়ির ঘরো গেছিলি সিলেট নাই বুঝছে তে ইখানো যে খাম খরোইন ফুড়িনতে কিরখম ব্যবহার খরে আদরটাদোর খরেন আছে
/kaggle/input/regspeech12/test/test_chittagong_0142.wav,বাদুরওই দেন খছি ইতা খালি গ যায় বাবা ফিডিওর এডদা ছবি ন যাখার না গয়ে সময় ছবি রান্তাখায়তাা খরদো বাই তাআস্তু না ইতারা আশিবে খইরলে ইতে খইরতে সুদাুযা ইতি তারফরে আ মত নষ্ট গইয়া বেলা কিটটাম অত তু ইছিন নাম্বারে এবদাছন তলে খতা খয় দাছিন খালি আর কিছু বউত কমাি তইক্কাউ তোর খনাা ছে
/kaggle/input/regspeech12/test/test_chittagong_0063.wav,তুই ডাহাত তুন খরতে অবি ন বানিত ে আরে কি মরিবা নাই গি উজ্জো না তো এনে আ খোন অবসন নাই এনো ফকসন ভাই আঁই ন জানি এ মানে খয়েকদনগো খতা খইলি তারফ যে বর লন্দ অইবু আর আর দাদাও খইয়ে দালেতাবাল রম্বর অইবো
/kaggle/input/regspeech12/test/test_rangpur_0084.wav,ওই যে এই িন শাহীন আর ফিরুজ হফিরুজ এখনা এক্কারে গোটাহলে কুয়্যর বাফের মতোন ধরন গর কতা বার্তা চলা ফিরে মাইনসের সাথে এাও করা ওইটা আছে আর শাহিনটা হইছে দুনিয়ের মুখ মু্দা
/kaggle/input/regspeech12/test/test_kishoreganj_0156.wav,টুকেলাল পাকাডালিম টুট ছুটু রানা টুক টুকেলাল পাাডালিমি ডানা ছুটটুট ট টুক টুকেলার মছো পাকাডালির মদে ডানা টুক টুকেলাল বা টুুর যে হে পা নবরি ভাগ পানি উদ্দুেযা বার কত ভাগ পানি
/kaggle/input/regspeech12/test/test_kishoreganj_0149.wav,সমস্যা সুষ্টি কর বুজছে  চছা কুনটি নে কাা যে মেলা আইচ্ছা কুনটি বারো দুশি না কাপ ছাতে ক বুঝ কুনটি বারো দন কাা ফিটনেস আকা ব্যবহার  কা দোয়া ন হুম ক ক কানা দোয়াে চ্ছা কুনটি পানি দোষনে ফরে হয়
/kaggle/input/regspeech12/test/test_chittagong_0110.wav,নাইম আফু রিকোয়েস্ট পাটাইয়্যিলদা আফুর হিলাম দো নাইমুলাইডিককিল এক্সপ্ট গরগি এটটা হইজ্জা চলস তো এনদে আপু কিলকি ইয়্যনআপু ফাদদেত সরি আফু ইয় হোবে সবাই নাইম কে ইগু সুন্দর করিয়ারে গিয়া গরি দেি
/kaggle/input/regspeech12/test/test_barishal_0075.wav,কাইচ্ছা বার য়া কন যায় তো খায় না এইয়াএইদা এই পাচা তো চিনি কিন্তু এই চযাতার যেএই ক্াম হয় দাা ক কয় না কংকের পোফারে থান্ডা মামা কেরএন্ডাই ওইয়যে কাস পানাছ টালা কলা পাতামুই এই চুসে ফলগুল ফুলগা  বালা পাচার কালছি ফুল ঠান্ডা কা সেঠছু আছে কাসার যার নায় লইয়া যা এইডা এট্টু থাতাইয়া ইটু কিছু এই নে চিলে দিয়া খাওয়া ইবি এটটু বাতা   া কচ লইয়া গেয় যরব
/kaggle/input/regspeech12/test/test_sylhet_0743.wav,িনামিসবলতে কিতা পিাজ রসুর মা মাংসো কিতা আমরা খাইু সবদি খাইয় খাল  েসমবাসইনা কিছু মানে খানির সাব তো ঠিক আছে তে আমি খিচছুকচ্ছু খাা বাইরেও খাইতাম না ওটালেও খাইতাম নায় কলেজো যেরা ছাখরে ওরা বুল বইসা তে খাইলেয় নানি
/kaggle/input/regspeech12/test/test_comilla_0031.wav,আমি দীর্ঘ চব্বিশ বৎছর বাহিরে ছিলাম সৌদীতে আমারতে খুব ভালো লাগছে প্রতি বৎসর বৎসরে আমি দেশে আসার চান্স পাইছি মালিকা আমার খুবই ভালো ছিলো ার খুব মানি উনি লাইক করতো
/kaggle/input/regspeech12/test/test_narail_0071.wav,ও জাগার ওই মেয়েরা খর জীবনে খাইততে অবে না ওযে বিটে ে  হে কেহিন থাহে তারপরে ওর ওরি যায় বহুত বাগান টাকে  শহরে নিজস্বে বাড়ি থাহি এইা সামনেই ও বাড়িও তেতে না ও বাড়িও তো জানো ইবাড়টির কাহিনি যানো
/kaggle/input/regspeech12/test/test_sylhet_0250.wav,ও যারা এসএসসির বাদে আইয়া দরছিল তারা আবার ইন্টারো বাদে আইয়া ধরছে ইবেন সবচেয়ে মজার ব্যাফার কিতা জানোইন আমরার ফাশের গ্রামো এখটা টিচার আছি ও টিচারোর বউ বিএ ফাশ আছিল হাউজোয়াইভ আর বইনো  খয়েকটা শিক্ষিত
/kaggle/input/regspeech12/test/test_sylhet_0155.wav,ইতা ইত্তাই জানতাম আরকি যে আগের দিনের সাতে এখনের দিন র িটা কিতা পার্থক্য আফনেরারও তো এখটা সময় আছিলা আমরা সমনাছলান ইতাই খইতাইন আফনে তো  পাব ন  ইদিনও দেখছোইন ইদিনও দেখতাছোইন কিতা কিতা পার্খক্য ওইতা া তা মানুষ মরলেখটা মানুষ ওডু বেশটা ফনে গিয়া গর হতোঅনতো ফনোরোদিন বাদে হনতো
/kaggle/input/regspeech12/test/test_sylhet_0389.wav,হর না মাত্তরায় কোন সময় নাষ করায় তোমরা কড ছে সময় ছললা সময় তুমাো ওই সময় অয় ক শিকি ো শিা কবেমা ই তুমি পরুডি সব করি ফড়ো সবকে পরি
/kaggle/input/regspeech12/test/test_sandwip_0015.wav,ইয়ন ডি ক ডিমেরে দেড় কেজির বেশি গুলা ডিমও ওই গেছেডিমডে কি মন ইয়া মাছ কিনছে কেমে আজকে ফু  ক মাছেরে কচালিয়েরে ডিমেরে একদিন দি পরা বানাইছে আরেকগিন
/kaggle/input/regspeech12/test/test_sylhet_0325.wav,আর মাঝে মাঝে যখন ওই কারেন্ট এফিয়াস কারেন্ট ওয়ান্ বা নতুন কুনু এখটা বই বাড়ি ওইলো বাল ওই যে বিসিএসের কুনু এখটা নতুন ইয়া বাড়ি অইলে সিরিজ বের খইলেই তাইন ওটা লইয়া আইতা আমি আর টেবিলো রাখি দিতা আর আমি কাগজ খরিয়া যখন তেবিলোগা নতুন বই ফাইতাম তখন আমার মনে ওইতো যে
/kaggle/input/regspeech12/test/test_sylhet_0725.wav,িনান ইবো পানো কিলি ওইবো অধিবাস অইবো ওইগন আমরা গায়ে অদিবাস ইগ লিয়া ওইবো বইসলা ওইবো ইতা গেও হরতালেনাতারফরে জামাইর বাড়ি গিয়া ওইযেন খানি তুমবার জেলার খানি একটা ছ গমলা ছয়ত শত মগল খানি সেন্টার ওইবো া খন নানি খানি
/kaggle/input/regspeech12/test/test_sylhet_0143.wav,ফরিবারে নিা ক করাম হে হে তোই হে কতো দাতা তইনছা আমার বাত্কা আফাকা  ওয় ইডার কয় নাওরজন আফইন কিতা কিতা আছোইন আঞ্চলিক ভাষায় মাতেু যেতা যেমনে বারসাত মাতোইনাকি এম্নেই মাত্তোইন আমরা সেতা
/kaggle/input/regspeech12/test/test_sylhet_0447.wav,ইখানো ওই যে সমস্যার লাগি থাখান াগিয়মেবাুেমিসিল শুরু ওয় যে যদি রযখতায়রর বাব মানে কুনো গরোত থাক বয়র সমতা নায় তারার নাতানাস  জ থাকতেরি িফ
/kaggle/input/regspeech12/test/test_rangpur_0130.wav,তুমি চাইলে রেকর্ড কেনো আরো অন্য কিছু করতে পারো সেটা তো কোনো প্রবলেম নাই তো আমরা যেই জাগাটা আসতি এটা হচ্ছে আমার তা সতির একটা জাগায় ইটা ঠিক আছে এখনতাইলে ইয়াতোর নাম তো মুই জানোং তুবেলা তোর নামটা এখনা কতো তহং কি নাম তোর
/kaggle/input/regspeech12/test/test_habiganj_0005.wav,বেশি খরা দেইকলে ওই মনে বেশি খরা দিবো মনে ালনা ামা ছালু না মানে না বাফরা কনো ঢখা বেশি মারে মানে না বাফকুনগুতারে লাখবে হুমাও তো ছালর জায়গাতো  তইবো না ছেলে মেয়ে খতা খইবা আর ইটাও একবারে বেশি ওতো বেশি খরা ওইয় যখন কটা  ঠিকসন খতো না মা মাফিবা মাতে ইতা বুজ্জে না মা তো সাাা লইয়া এলাখাটারা ছলা থেখলো
/kaggle/input/regspeech12/test/test_sylhet_0062.wav,বান্দবী এরা খারা আছলা খয়দন গেছি নতুন তো বর্তী আসছি নতুন গর্তি ফুয়ারাও গেছেগয়া তে এখন মূল্ বান্ধবী আছেনি এমন তোফরেন জন দেখম তে তাডারে লইয়া কিছু খই
/kaggle/input/regspeech12/test/test_sylhet_0218.wav,মোটামুটি এট নাইন পর্যন্ত পড়ি লিছি আর যেহেতু ফ্যামিলি থেকাউ খইরা যে মিনিমাম এসএসসিটা ফরিলা আর তখন ওইলো গিয়া প্রাইমারি ইস্কুলো এপ্লাই খরার লাগি যোগ্যতা আছিল মেট্টিক ফাশ আমি টার্গেট লইছি সি মেট্রিকটা ফাশ খরিলিলে
/kaggle/input/regspeech12/test/test_narail_0090.wav,তুমারে একদিন আমি সব খিইলে খবানি এই সংকজটার কথা পলাজ তা সময় আমার সাথে যেদিন সরাসরির কথা কবার সেদিন তুমারে খুইলে কবানি আঅনে কথা কলে দেহা গযলো তুমি রেকর্ড কইরলে রেকর্ড কইরে আমার ওই সবাকটা নেই
/kaggle/input/regspeech12/test/test_sylhet_0535.wav,দেখা ইয়া ওইলো আমরার ছেলেট ওই খর কিতা আছে নানি এরফরে এরো ইএচ আই েটর ফরো  নামলা নাইতো না নাই নানো কিতা কুনদিন আইশ শুনছোইন গা মান ক প্শন দেখছি না আইছন িে আগে আগা আইতা তারা বাড়িত বেশ নাই
/kaggle/input/regspeech12/test/test_chittagong_0045.wav,এরা আঁই কিন্না শেইক্কুম হ্যাঁ এইতুর বড়নন হ ত অইন দিন খাল ক্যান চলের দিনহাল  দেনডে চলেদেসবো টিঙ্কাল হে হেয় বাসুন উনন ওহুন বাসুন ন উনাম ফরে  দিনেকা এন আরও গাও তোর গাছে ফাললা
/kaggle/input/regspeech12/test/test_sylhet_0182.wav,প্রের কাহিনী কিতা বান্ধরে  উদায় ইয়া খামরাইল্লা রা ধরে যায়া বুাখতো টেখা লাগের মানষে খামোর মাল্লা আ ইা া খইতো ক্য গনা ইয়া দুনাইলাই হুরু ন যাই উনো দেশি
/kaggle/input/regspeech12/test/test_sylhet_0755.wav,আর ই খয়দিনি মনে খরোনিরামি া কেউ যায় খরিন নানি বড়ো নিয়ামিসছে হুম খালি ফুজরা খ মনে খরো বারে খরে অনুষ্ঠান আমরা তো যার ল দিনো নিরামিশফিন খর  বাদোি মাফি  খওা যায় তে আফনারার মানে ফুজার মাঝে আবার বিবাহীত অবিবাহীতারা আম কতানি
/kaggle/input/regspeech12/test/test_chittagong_0163.wav,কতোরার তো অনার্সের মাইজ্জি কবিত তি না ফাই হ অনার্স ত এহন টিয়া লই আঁই ইড টেনশনস ফরি ক বি এরতো না চুট্টগামি আনের ভারতে টুকিদি না আরো কোর্সলো ফইলা আরা ভালা দনি দেয়া দোরে তু দিম বুঝছারে ই বুঝি ছা
/kaggle/input/regspeech12/test/test_habiganj_0066.wav,জমার বালোই লাগে পুল উট বেশিরভাগ ফুল গাছ আমার বাল্লাগে
/kaggle/input/regspeech12/test/test_kishoreganj_0171.wav,আগে ম খে ডালা হেই ভিডপু মুগের ভিত্র  রাল চটপতে তর মা ভিততর আইয়াম মুদির ভিত্রথানি না ওইয়া ওইয় আর গছে গেদুতানলাজ
/kaggle/input/regspeech12/test/test_sandwip_0044.wav,আল্লাহ ভাবি আঁই ঠাওর হাই বাইনে ছাইতাম ছো এটু মাা লছে ছ আরে বন্দা ঠাওর ফাইনা বইলেওন তো মাইয়া বুঝে টি হাইছেনি তর মাইয়ার মাতাদা হুরি গেসলি চা া মালা তিনবের বইয়ে যেডা একবার আখু চাই দিবে তিনবার আঁরছুবা
/kaggle/input/regspeech12/test/test_sylhet_0384.wav,ওপাত্মীয় স্বজনো আছিল না  বাবির বাফের বাড়িত থাখতাম বাবির বাফের বাড়ি আছিল শহরটিকি একটু দূরে কিন্তু আমরার বাড়িতেকি খাছে
/kaggle/input/regspeech12/test/test_sandwip_0066.wav,আইয়ও আইড্জা আছো আমার ইস্কুল আইয়গা দি যেসম কএকগুলে পাহরি বাইত ভালো লাগে না হরে আছে আমার বইন জি করকিগলা পক্কা ভালা লাগে না আইকা হেডো মা আছে এডো মা আছে ব্রেযাকে আছে তাও ভালা লাগে না ক্যা
/kaggle/input/regspeech12/test/test_kishoreganj_0146.wav,আজ্জকালো তে বাদানি হ নান্ন নো না লাটিলা সৌজ্জির মইদ্যে কত স এইডা কতাছ এ লাল ফতাছন নে সবুজ সবুজ ইযে মসটা অইলো ফরে এই ফড়ানি কতা না বাঙ্গির সব বুজজন কি বাহাঙ্গির সববুজেন মানে কাছ ছলা ক সব ছন্ড
/kaggle/input/regspeech12/test/test_rangpur_0123.wav,এই রমজান মাসের যে পাট শাকের যে দাম সেদিন ফিরিচ বেের নিয়ে আচ্ছে তিরিশ টাকার পাট শাক তোর হাড়ির তলাতে পোড়ে না হ্যা হাতে কতি হাটে না জি দা হ আর তুই পাট শাক আনবের কইস
/kaggle/input/regspeech12/test/test_sylhet_0613.wav,ওছাখরি গুনি ওইয়া আইচ্ছা আরএডেখটা জাউন মারিয়া যাইম আসটো বাটি হুম কিতা খয় সমন স্যাইরে ফাইয়া ফরে খখইরা যে আমি প্রাপ্থন স্টুডেন্টো আছলাম আমি ওতো আছলাম এরফরে মাফতা তাছে স্যারে বেকিত খজন আনিম সলাম মেবি আইছলা তাইনের
/kaggle/input/regspeech12/test/test_sylhet_0444.wav,র এখশুদিতার লাগে মানে গরুম ছোট্রো বাইচ্চা খাইচ্চা বেশি ওই গেছে খবায় গেলেগে ফরার সুবিধা বালা মানে বাইচ্চা খাইচ্চা লইয়া যাইতে ফারবা মায় এখসময় গেলা না এখসময় বাচ্চা গেলোগি নিজোর ইচ্চা আললো মানে ওরখম সুবিধার লাগি আরকিলা ওদিকে গেছোইন সবে নিজোর বাসা কিন্তু বাড়া
/kaggle/input/regspeech12/test/test_narail_0007.wav,ওই যেনি তাই কিনতি সেইযে তোর তোখি কিনিছে ওই যে আরেক মিয়াকিলিছে আমরা দেখতিছে জান ওই আলোচনা ওইছে থাকতাম তাই শুনতাম ও ওই নেক কিন্তু ফুইলের সরের ওইনে আছে এ বড় বড় ভাই বলে কইছে টাহা পড়াইছে বাবা চিকিৎসার জন্যি
/kaggle/input/regspeech12/test/test_barishal_0010.wav,সবা কতনে ্রের মনাইবেহ অর হরা যে কি কয় খাইতান ন হুইতা আশা মানে আস্তে আসতে মরি জবলাগা আঙ্গো লা্গা এট্টা ফোলা আছিলো নাম অইলো আরিফ ত কছ  কইয়া ছা হ্যা জ্বর আইলে যে চিকরে চিকরি শুরু করতো
/kaggle/input/regspeech12/test/test_sylhet_0417.wav,মানে আমি ফড়িয়া তাখছি এরফরেও প্যাম্পাস মনে খরো এক ঘন্টা দিগিই না বড়ো মানুষের ফড় ছাও বুঝরা এরফরে ফোট খাই ইতা ইিতা খাওয়া ফরের তো তোমার  গই বই সাখত এখন তাখছি কিন্তু প্রায় দুই বছর করোনার সময় ডেলিভারি অইছে করোনা তাকিলা গাইয়া দুইটা বছর কুনু বাংলাদেশের কুনু চিকিৎসা নাই
/kaggle/input/regspeech12/test/test_sylhet_0140.wav,তো কিনো লাগে নি মাত খানাত্তে ই মাতায় ওই যায় তালা খালাগা বাদসায় ি কিতা থানীয় নিয়া খতো লিছরিয়া আফনারা সাবলেটিউসকি বিপিশ থাকি তে মানে আফনারা ছুটি থুলাটি যে  ুতাহিকি তাতে একটো
/kaggle/input/regspeech12/test/test_narail_0115.wav,তুমি কী বলো আমার জগ আমি যখন টিউশনি খরাতাম তখন আমার ম্যারাটিক এডমিশনের স্টুডেন্ট ছিলো তাদের কিভাবে পাবলিকে সান্স ফাওয়া দেয় কভাবেই ন বাইনতি ছান্স ফাওয়া তেয় কিভাবে যেলা ইস্কুলি পরীক্ষা দিয়াতে এই সমস্ত জিনিস আমি বারো জানি আমি নিজেদের কবনি সমস্যা নাই
/kaggle/input/regspeech12/test/test_habiganj_0112.wav,আরএমনাইসন ক্লাসরে ঠিক ফর্যন্তক্লাস তো সবসময় ঠিক কুনতো ই ওয় অনেখ সময় ফোলা ফাইন আবার ফুল ক্লাছ তো বারোটার তিকা ফাছটা ফর্যন্ত তো খুলাতাই অনেখজন আছে মানে যায় ন আরকি মানে ফাছটা ফর্যন্ত একটু খষ্ট ওইয় যাইয় রা লগাদিগিন কাজ খরা আবার অনেক জরবা সা অ নেক দূরে তাখে লগা
/kaggle/input/regspeech12/test/test_narail_0176.wav,মা বাড়ি ছায়ে নগর বাবা ছয়ের আজার টাকা  শ্য়ন কোন জায়গা ম হ্যা শ্বয়ন তোআনে শয়ন দেহোনো শয়তাল
/kaggle/input/regspeech12/test/test_sylhet_0624.wav,ফটালাই টাইন আব্বরে আরেখজন আছেন সোনিয়া তাইন বার তো রে ছিনোনা আমরারে  পিএলোর ফ্রেন্ড ও তাইনসুনিয়রে আরকি দেখাইরা ইনো অনর মেম আফনারার ব্যাছোনি ফরেসোনিয়া তাইন খইরা আমারে দেখাইয়া না মেম তারার
/kaggle/input/regspeech12/test/test_narail_0123.wav,ভ নাইন্টি পার্সেন্ট মার্ক তার মা মামা তার মামারে সবাই ভালোবাসে এই বুড়ুহত্তে শুরু হরি গুরু সবাই ভালোবাসে দ্য তোরে আগেরদিন তরে এগেরদিন কান্তারে নিয়ে যাতি দেখেছে আমাগে রাহুল যাইয়ে রাই আমারে বলতেছে জযানো বইদেহি জন্দনের ফিছনে দেখলাম ফোলকা পড়া এটটা মেয়েরে নিয়ে ওইদিক যাচছে
/kaggle/input/regspeech12/test/test_barishal_0057.wav,ককপারেককসের নাগ্গা এর পর যদি খালি বা শুল না কর রিপইন্নালাহানইতাম এই তো রিপইন্না কিন্তু অনে কষ্ট কইরা চলে হ্যরপরও বাজারে গেলে মনে হয়ওর এই বাবা লাখো পেতির ঘরে পোলা চা পাঁচ সাত জন আরে সাতটা অর্ডার দিয়ে রেবো এডে বুঝবে না যে আসলো কি মোরপু
/kaggle/input/regspeech12/test/test_kishoreganj_0065.wav,নাথা কাইতা কাম আছেন কামারগ নাথা কা আছলো  দু কিছুনে গন্নে ক ফগ ফোগে চমনে গা আইন্না হ ফালতোর কেউ না হ্যাঁ না
/kaggle/input/regspeech12/test/test_sylhet_0477.wav,ওইলাইন তোর কুনতা অইলে বাইয়া নতে সব তাখ ফালাইয়া আরগি দল ছে আমি নিজে যেনে আছতার দো বেলা খরো কসপিটেল বাসা বাড়ি ফনাই গেছে আর কিতা ওতা ডেমানে ডেগ বাস নখলে ল ই কেয় মিনোর বিত্রে বুছছ খএখবারে খাউলডাইল মাস তর খারিলা ফাশসা থাইয়া মাছ টাক মানি জিয়ো খরিয়াও খাটিয়া উঠিয়া ফ্রেন্জ ফনগি এখন শব
/kaggle/input/regspeech12/test/test_rangpur_0007.wav,মুইছু তো কুনদিন কইছোন হ্যাঁ সেডিক ক বুইলা ্লেবা আলাপ বুইলা কর চমনে ছাগলা মা ভাই কন দেনতো ড এডা কন্টিন যে ক া কথা বুলে আলাপ বলছে ছি
/kaggle/input/regspeech12/test/test_sandwip_0005.wav,আম কাডোল ধরাই গা আছে হল আছে তারপরে দুধ আ্ছে এন্নে বেকগিন চইলগা আ বর যে সুরি ভইততে ভযক য়ান  য়া লাগ য়ানও পর টিয়ার দরকার
/kaggle/input/regspeech12/test/test_narail_0077.wav,ওইগুলো তো হয়েই যায় ওইগুলো নিয়ে কোনু চল বিয়েততমবা চালাইয়া এা বিয়েই নেই ওরডার বিয়ে ওইছেলো ভালো জাগা সে বিয়েতে আমরা ছিলাম স সময়র সাথে বাড়ি খাতের বিয়েতি যেয় খায়ালাম টে মাইয়ের বিয়ে ডিপো্স স বড় মেয়েরে
/kaggle/input/regspeech12/test/test_kishoreganj_0119.wav,আইচ্ছা হাফে ে কি গাছস হাফে গাস খা হাফেরে কি গাস খা গাসে খা না হাফেরে গাসে খা না আবার এই ইযে গাস কড়িন কি গাছ া মোবাইল কা হইছে তে ম মোবাইল লরল
/kaggle/input/regspeech12/test/test_chittagong_0019.wav,আঁর ফড়া লেখা কইরতাম বইলে খইদে আয়দিয়া কম গরি ফইগুম গম গরি ফইরগু মানে কম গরি অইগুম বই অইবো খুইললি লিইয়া আর ফুততো মন ন অ মনে খ দো আঁরও খতা ও মোবাইল টিবু এ মোবাইল গো আঁর জীবন নাইন চেইঞ্জ গরি দি টানা খাতা বানাই ফরিলি খইযে আমনে খইছ মোবাইলের খতা
/kaggle/input/regspeech12/test/test_narsingdi_0125.wav,বা ম যাইয়া তারা খাওয়াহয ুকাইট্তা অহন করছ না কেরে অনেত  গট গাড গ গেড নাা অন করে দিয়া যা এইডা যে কিমন এডা গন্দে পার অয় না গন্দডা ভাল্লাগে দেস প্রাগ্রেন্স প্রথম প্রথম এই প্রেগলেন্সটা খুব করা লাগে
/kaggle/input/regspeech12/test/test_sylhet_0543.wav,আসলে আর তারিনিকা অবস্থা আমনে তারিন তো বেশ মশাল্লা তারিন তো ওনো আছে যাই খরি মাহদুরে ফড়াইতো আর আইছেন আমিও বারোইতে ফারলাম নামনে ছাকরি গেছে তার তার বছ মনে তের ওভারোর কিতা অবস্থা সব তাম লইয়া
/kaggle/input/regspeech12/test/test_habiganj_0002.wav,এ দশবারো দিন ছ রান্দিয়া ওইয়া ছেগা  তান দিলে আবার ফুলিশ দেগা লইয়া ইছে না তান্দিলা আনন শহরওই যে খারণ তান যে তো মাই নাবজারে মানুষ ত্বা দানিক ওয়া গেছে ন আমি বিতাছুনা খইতাছিিু থাকলাম ছাড়ার কুনা ফুলা   সবফরে লুকরা কেরে যায় সাপরকা স্যারেমনো না
/kaggle/input/regspeech12/test/test_narsingdi_0021.wav,খালেদ আছে তাসকীন আছে সমস্যা নাই প্রেস ইিনিউটে খুব ভালো আছে এরদিকে আবার ওই যে হাসান মাহমুদ আছে ইনজোি থেকা ওইঠাও খুব ভালো ওইযে ইংল্যান্ডের সাথে তিরিশটা খুব ভালো বল করলো একশ হুময়ন ছিলো রুবেল ছিলো চাইর ফোরদিন ছিলো
/kaggle/input/regspeech12/test/test_tangail_0008.wav,ফ্েডিয়ার মেডিএকপরের প্রেমে পড়ে আরখ আসলে একটা পোশাক নিয়া কনভার্সেশনইতে থাকে ওইসময় ফেডি আর মেডির একটা আরকি কনভার্সেশন থেকাই ওরা একের আরকি ফ্রেমে পড়ে এভাবে অনেক দিন যায় এদিকে ফেডি নতুন বেড নিয়া আরকি
/kaggle/input/regspeech12/test/test_sandwip_0115.wav,শাষে আর কীর বত শেহাসে হেহেইয়া প্রাকি দিছে হেগুরে পুরা বছর গেছে ক ইয়া তে আর কি আরচছে আর হেহেইতে তো এন্নে খাল্নে হাস করি হারি গেছে কো হেই হাসে আছমাফরে ওয়াফন ভালো স্টুডেন্ট যাইগুন এগুরা হিসাব অইছে হয় ভালা কইততে বা না অইলে ছাড়ি যাইত্তে অইবো এগু হিসেব বেগগুনে
/kaggle/input/regspeech12/test/test_sylhet_0189.wav,এবং আমি ক্লাস এইটে উটার আগে বড়ো ভাই তিন মেয়ে খাজের মানুষ আছিল দুইজন গরো লাগাত তাখতো আরখষেতও কাজ খরার লাইগি আছিল একজন গরু গরু রাখতো ভাবিরা ফরে আস্তে আস্তে ভাবির সংখও বাড়ছে
/kaggle/input/regspeech12/test/test_kishoreganj_0205.wav,রিলেশন স  দুইশ দুইশ াআছে নাতাছি বাক্কা তুলতাছছ এর লাইজ্ঞা তাররেলোডরি দছ শাইতামবি বালদা
/kaggle/input/regspeech12/test/test_sylhet_0232.wav,তেই জুফস্যারের লগে আমার বয়সের ফার্থক্য আমি মাত্র মেট্টিক ফরীক্কা দিছিআর বুজুর স্যার অলরেডি ফট ফাশোস খরিয়া ফড় আমরা শেষ খরিয়া ছাকরি খররা দরি্লা ফনরো ষোলো বছরের গিয়া বইি খব পক্ষো তেই ইতার দেখিয়া আমার বাই আইলতে বড় যারা তারা সিদ্ধান্ত লই ইছোইন দিলাইবা আর ছুটো যারা এরা তো দরো সিদ্ধান্ত দিতা ফারোইন না কিন্তু মতামত তো দিতা ফারোইন
/kaggle/input/regspeech12/test/test_tangail_0057.wav,যেডা সলে কেউ আসলে বইলা যায় না অরঠাৎ মানে বুঝাইছে ইরকম যে আপনার প্রিয় জিনিস অথবা প্রিয় মানুষ তার সাথে আপনার অনেকদিনের সম্পর্ক সে হয়তা চইলে যাইতাছে কিন্তু একটা সুন্দর গুডবাইও হয়তো
/kaggle/input/regspeech12/test/test_rangpur_0031.wav,আগে হইলো বুর পাইলে আসি পারে না এেরা গেযে হরিপুরত গেইনো ওই যে মাডি ফাইল করছে শাইল করি আডার ডাইলওই যে নতি ভুংগি যায়া কেমন চাগ ধরে না আমা হ ওল হচ্ছে হওগলে দিনে গলা হব না দেশের ম লোগল এরকম খাা ে তেল নাই হ বরে তাকা  ইয়া যমেনা লোকে চানা তারা বাইট কাওনিয়া
/kaggle/input/regspeech12/test/test_sylhet_0625.wav,ফরেনা অপিরে দেখাইয়া আরকি খইরা ফগুরে হউসোন নিয়া রায়া খইরা আফনারার বিছোন নি ফরে হউসোনিয়া খইরা আমাগে দেখাইয়া  তারার বেচছোন হুম ত ফরে আমারো খইরা কু্জ  বই বাইর ওইবো মনো আরেকটা
/kaggle/input/regspeech12/test/test_barishal_0063.wav,পঁচিশ বছর হিসেবে ফি প্রচুর বছরের উপ্রেও জনে ঘিরি খাইছি হে পর আমি হঠাৎ একদিন একটা খব দিয়াই দিছি হেই হইতে  রাইজ পর্যন্ত একটা দিরিতে আমি টান দিই না খালি কইছি আইস তো হইতে সামন ওয় ওই সে হেই আাইছি আর খাই নাই
/kaggle/input/regspeech12/test/test_tangail_0107.wav,এ ইউরমি তুই কি দেখছস আজকের নিউজ স্পিড বা আজকে পেপার পরছস হা সকালেতো দেখলা বঙ্গবাজারের রাককা কী ওইছেে জার্নাস কিছো তুই জানস না ওইখানে মোটামুটি তোর সাড়ে তিন তিন হাজারের মতো দোকান ছিলো সবগুলা ফইরা গেছে একদম ছাই কিসিাসলি
/kaggle/input/regspeech12/test/test_chittagong_0146.wav,আইচ্ছা আই খই ইয়ারফর অলদি গরিবে বলে ভাঙ্গি গোয়াই ন হইন গোস্স টুর স অইয় যাইবু গু গুলি এই আর কি অবস্থা আজেও ছবি তুবিম বেকগিন দাখার বুঝোস
/kaggle/input/regspeech12/test/test_kishoreganj_0062.wav,হফা তোর মাফেন থাকি অনুটুলল গিলো  আম্মার আত যিতর বারে দিগা গিয়া য আব্বার গাছফততাম ফু্কি ছা ফাওতাম না আম্মা কছে ন তরে আমার কইছে না বুচ্ছাযাা ি না দেছে আমি তো ফুরায় দিছি যেদারা কয়া দিছি না জাদারা কইছে জাদা তো কইছে ফুক্কি ছা তরদি তুই
/kaggle/input/regspeech12/test/test_sylhet_0313.wav,এরে বেজা বরা মিলে আসলো তুমি এবি ফারফেটটাইতা নিয়া আসলে বাড়ি খাত্তা কাটি তো আর সখালবেলা উঠিয়া গেছোইন গিয়া তারা বাজারোত গিয়া  তখন শহরো আছিল বাইর বাসা তখন সবকিছু আনা ওই গেছে বাইর বাসাত
/kaggle/input/regspeech12/test/test_tangail_0088.wav,বোলিউডের অন্যতম একটপ্রভাবসালী ডিরেক্টর সন্দ্য় অল ইলা বানসালী তার তৈরি আর রণবিত কাপড় তোন রনবির কাপর এইটা প্রশম সগী ফারিছবিতে সালমান খান সুনাম কাপুর রানী মুখার্জীও আছে মেইন ক্যারেক্টার আছলে এই চারজনেই
/kaggle/input/regspeech12/test/test_tangail_0110.wav,ছকড় ঘুরে যারা কাপড়ের দাম বাড়াইতে্ছা আমার জানিকানন হটে পার্সনালি আমার মনে হয় যে একটা জায়গায় জাস্ট একটু দেখায় যা আগুন লাগছে বাকি মার্কেট থর চববাজার আমি বঙ্গবাজারের আগুন লাগার ফরে যখন ইউ মার্কেটে গেলাম আমি একটা জিনিস ফেইস খরলাম যে নিউ মার্কেটে কাপড়েতাম রাতারাতি বাইরা গেছে
/kaggle/input/regspeech12/test/test_sylhet_0437.wav,খই এখটু দরো না এখটো বাতরের মযা ইতাম ফরে তাইন এখটু দরিউ না দিয়া ওইছোর এখনে খালি গিয়া গুছা ঠাস খরি কুইল্লা ফড়ি গেছে আইয়ে া বাক্তারে বারছয় না ইটা দেখছোনি আন্দার কি ক্ুদ্রত আর তাইন বুঝিন যে খান্দান আমাজে খইয়া গিয়া ও মসজিদো
/kaggle/input/regspeech12/test/test_narsingdi_0119.wav,বাবাই কার যে বাবায় তোরে খুজাছে দুই তিন মান্ছ এইতে বা কিলিনাকিগানি হাইতে কুলিতা ক্ গরাকাগে আমি ফ্রতম বাতুমতোরে হাইড করতাছিলাম যে বাবা হেই গান গানা আবার বাবায় যাইতে ও ছি ফরে আবার আইছে
/kaggle/input/regspeech12/test/test_barishal_0082.wav,ওর একটা জ হয় ওই যে পাঁচটা রাজাল্ দেয় সেইসুময় আর হনে এমন এই গাছের কাম ন গরম এই গাছের কামে মুই বিশ বছর তুরির জরইন না বিশ বছর এই বিশ বছরের মইদ্যে ধরেন একটা না করছি আমার ক ো আর দশ বছর পরছি ফায়ে ফায়ে
/kaggle/input/regspeech12/test/test_sylhet_0187.wav,মানে আরকি খবা ছোটবেলা তাকি আফনার এখন মানে ফ্যামিলি আফনার ফ্যামিলি খেখে আছোইন ই খব ছুটবেলায় আমি যে ফ্যামিলিতে বড়ো ওইয়া আইকি ওউ তো মবদি জান আসলে আমরার ফ্যামিলি আছিল
/kaggle/input/regspeech12/test/test_kishoreganj_0105.wav,কাদ্য কও বাদহুম ন হে যাযে পুকা মাকর উদ্বিদকে বেচে থাকে পুকা মাকর উদ্বিদকে বেচে থাকে পুকা মাকর উদবিদকে বেঁচে থাকে এইযে আমর ইে আবার
/kaggle/input/regspeech12/test/test_sylhet_0722.wav,াসাবটানজা া তা সবতা লাগে তা আমার একটু ডিটেইলস খইন কাহিনীটা  অনখইন আফনি বিয়া ফাকদি খইন   র থাকবু খলা ওয়া হয় লাগবো দেখা শাইক্ষা তার মদেয়ে ঠিকথা এরবারে ছিনি লেহা তো তোরো সিনি ফান ওই গেলো নানি সিনি ফান বাদে  সিনি ফানো কিতা খরে
/kaggle/input/regspeech12/test/test_narsingdi_0083.wav,াডা এডা লাইফে খর্ছো বেরো ভুল ওইছে ছুডুবের আগে ইয়া তাওয়া ফড়ে তো এই লাইগগা আরকি সব আমার লগে বড় বড় বড় ই বড় বড় বড় মেয়েরা খরতো দৌড়া আনিতারছি না কোনু সময়ই বাদ্দে তোর ঈদের দিনের প্ল্যান কী
/kaggle/input/regspeech12/test/test_chittagong_0165.wav,কতা য়া াদি ছাদি আইয়ে তোর বলে চাদি আর মা ঢাহা গে যেবু হইয়্যি হয় তারবলে পাঁচটা বাজ টটি আইজতেচা এগারোটা সাড়ে এগারোটা মাবাজ সাড়ে গরোটা বাজি বানডে এয়া থুই যাডাই তোর বড় হালা মনির অডা যাই বুজাু অ কুফির ভাষাত হ
/kaggle/input/regspeech12/test/test_tangail_0106.wav,আসালামু আলাইকুম আমি যেগেন সুলতানা আইডি টু ওয়ান টু থ্রি ফাইভ সেবেন ফো টু আজকে আমরা কারেন্ট এফেয়ার্স নিয়ে কতা বলবো আমার সাথে স্পিকার হিসেবে থাকবে আমার দুইজন বা্ধবী সানজিদা আক্তার এবং এলিজা আক্তার তাদের বয়স বাইশ বছর এবং তারা দুইজনই স্টুডেন্ট
/kaggle/input/regspeech12/test/test_narsingdi_0093.wav,যয়া আছে আর কি ক অলরেডি ঢাহাতে ঢাহাতিয়াই গেছেগা এগুলার কইরলে আর কটুকু টেন্ট নাছলা কত টেন্ট না কি কয় স্ামি আনা স্বামি আনাতো আবার স্ামি এন আছে আমার মামার বড় বড় ডেক ডেকসি আছে আটকি লাগে আমায় দ কিতা অইবো তারে বাইজ্জা দিয়া ইয়াক ক্যকটাটি মউনিটি যট্রিবিট না না ইয়া করছি না আর কিা একি সাথে কইতা থোন স্যার গিিলাংমো রাহাত ইয়া অইবো নাই লাভ অই  নিনটিরে কইতাছে লাে ু মনিয়েন্টিরে কইতাছিলাম
/kaggle/input/regspeech12/test/test_sylhet_0557.wav,আমরা রানছি ও ওলা আরকি ইলাও নায় তানেল্লাও এখটা অপারেশন ওইছিন ফরে আমরা ডো রাইছো আমার তে ইয়ো খইনি তারন আরকি ফনোও তো আরো তো তাইলা খইছে না ফরে দেশো এইলা খইছোইন তানিলান্না  ফরেসগুলা
/kaggle/input/regspeech12/test/test_kishoreganj_0178.wav,আরাতকনাকালজিবানুমুকতজীবনুমুক্ত নিরাপদ পানির জন্য বিশ মিনিট বেশি সময় রে আমিবিশ সময় পানি রাখতে হরব পানি রাখতে হবে
/kaggle/input/regspeech12/test/test_sylhet_0185.wav,বার দুই বাই তুই বোইন বাই এখজন মারায় উইছেন আরনএকসা
/kaggle/input/regspeech12/test/test_rangpur_0026.wav,আমি হানিফ মাজির মায়ের নিহে তোমার নানার কাছেই দেখছি লৌকের মইদ্যে তরকারি স কেই এটে খায় নাই এছি এটে এটে হযটেওইল্লা হজল্ল মাজির মাত্রো লকে লকার থুছিল তরকারি আরেক লোকের থোছেলনহালিডাালসে হ লকে আর হামার এখায়ে
/kaggle/input/regspeech12/test/test_sandwip_0018.wav,মাইনষে কিবলে যে খাওন থাবা  শাকি কানছ বিকছ তারসডি প্রমাসে ইয়া ছলা ডাকিদে কি আযা না বাইচ্ছা মা ি সপনো ভালা ভালা না কিছু দাািদে আমি জিনিস পাকন ডাকি কা খাুদি বাইতছে  বাইতটা নোগার হইলে কদ থাকতে রায়া কদে বাইততে পারো না ই্তার মা ন ওবা া খামান থাওয়া হতে গাা
/kaggle/input/regspeech12/test/test_habiganj_0008.wav,আমি  ব্যাচু বইরা ছিনি কেমনে আমরার বাসার দারি এই বযডির বাড়ির বিদেশ থাকি আকে ফরে তাকছিলো বড় ফরিয়া খয়াইছি দারা  বারি গ্ান্জেম আছলাম দুঝাবা উটাগরাম মছে নতহার তিনডা গ্যাস ওতো গেছে টিউনিটু ল উকড়া রেছে আমি বইমনযনবাই
/kaggle/input/regspeech12/test/test_kishoreganj_0052.wav,হ্যাঁ  কসন মাজছে না কি  ইয়া লাগাইছুইন া হ্যাঁ ছয় মুন া  ছাই মুন ধাে কুমরার এক্কানিন রা দ ক দশ মুন্দার না
/kaggle/input/regspeech12/test/test_sylhet_0118.wav,মবিচরা কেছাড়া আনতো সতানি হরতো লাস্ট মাইনসের দৌরো গাড়ির বাইজ গাড়ি ফাম ছুডাই আইতো লিসকা ইয়া ছুডাই আইতো ইতা ছুডা আইতি ইতা বিচার নিয়া আইতো তো  বিছার নিয়া আইতো এমন তো আর আমাক ঝল্লাই ফারা না ও বিত
/kaggle/input/regspeech12/test/test_sylhet_0486.wav,লইয়া আইছোন ইগুলা দেখতা খরা আমি খইছিন না ওইতোনি আমিদেখাইতাম না খেনখেনে বাবা তুমি আমরে দেখাইতা ন আমি কি তুমারে বেতা দেছেনা বেতা যেছোন আমি তুমারে বয়খইরাম তুমার হাতের মদ্যে ইটাি খ রে বাবা ইটা তুমার জন্য আনছি না এডামা খাতে আছিো ফরে ম্যোডামি দেখতে গিয়া খরে দে দেখতে ফারা না আমি খুব খষ্ট ফাইয়া মবাম ডরাইরা আমার খান্দা শুরু খরছি ই বয়র যেলা ফরে ম্োডামি খইছোন যে ওটিপ নিয়া নরমাল মানে ইনজেকশন দিয়া ফরে সইল আরকি নরমাল দিয়া তারফরে
/kaggle/input/regspeech12/test/test_sylhet_0699.wav,নজন তিনজনর গরর নাতিনছার হ নাতিনো শা আটজন অ তিনজন তিনজন দুইজনরগরো আর একজনের উফরো বিশজন এরা অরতাইলি নাতিনো শা স্কুলো যার খই ফড়োইন তারা
/kaggle/input/regspeech12/test/test_noakhali_0027.wav,লআমরের আমরা একবড় ইয়া করা িছে আফনার ম খাওয়ার লগি খিয়া ফো্লামরের আমরা এক বড়া ইয়া করি দিতি ফোলামনে একবরের মাঝে তমনের লগে আমরা মনের বলে  ও মায়েটা কয়ে দুইদিন জ্জন্তো ফোন দেয় না হাছা আছা তারফর নানু খ কইছে আম না আনুরে দুইদিন কজ নে দো এর ফরে আবার কল দিছে
/kaggle/input/regspeech12/test/test_habiganj_0100.wav,য সিলেটের বিত্রে যাইন আমার খইবা বারির দারো আছে সিলেট যাইতা ফারমু অন্যখানো ওইলে যাইবার লাগি দিতা না
/kaggle/input/regspeech12/test/test_sylhet_0056.wav,অয় বা ক্াইফার সম্পর্কে যদি কিচ্ছু খইন আরকি যতটা কাত কাহিনী তা একটুক অইতে ফারমু কিন্তু আমার কাহিনী তান আমি খাইতা া তাইতেই ফইন তাইর কাহিনি তইযে তিন মাসের আসলে আসময় তায় মা তো অসুস্থ ওই গিলা গরো গইরছু কি ফানে শুনোইন না চোখে দে খোয় ন তার নিজোর ইয়ত না আরে গরবইচোকত ওইা গেছে ন খরে অখন তাই খাান্না খরতো দোদ খাওয়া লাগি বইনা কিতা আর্তো
/kaggle/input/regspeech12/test/test_sylhet_0335.wav,তো শুরু করলাম ফড়া ফড়িয়া যেফর জিটেন্ট ফরীক্কা দিতাম তখন তো মুটামুটি মানে অবস্থা খারাপ বেরির ই ওই গেছে ফরীক্কা দিতাম ওউ সময়
/kaggle/input/regspeech12/test/test_sylhet_0549.wav,আমরার মদনো রুছে হল ওইছো ফড়া আছি না তি প্রাইভেট প্রাইবেটবার না ধরছিনাইবার ই যে কিতান নাগি লফরিছি ফড়া ওছনান নন্দ খর ইতা কুনদিন গিলাইবো রুটিন  কিতা খরাবা আরগেজর ছি না
/kaggle/input/regspeech12/test/test_sylhet_0046.wav,্য কিতা খইতা তবা বর মারা খাছ মারা গেছো হ ে খে ছালাই সা বাই ভাই বড় বাইয়ে সেলনখাসন ইখানি ওচিলা বর কয়নচখেউ বানি আর অন্যরা কিতা খরাই ফাওয়া লাগতান
/kaggle/input/regspeech12/test/test_habiganj_0114.wav,আর এে ফড়ালেখা ছাড়া আর কিতা কিতা খরছ ফয়া লাছার কিতা খরতাম অইন আছি কিতাম এইচএসসি ফরীক্কা ফর্যন্ত
/kaggle/input/regspeech12/test/test_sylhet_0450.wav,আমারে নিয়া সবরট ওয় যদি পড়ি উড়ি যায় রাািইসেই ওকা অসুস্থ মানুষ সবসময় তারইবো মানুষটি টে খম
/kaggle/input/regspeech12/test/test_sylhet_0292.wav,মানে খতা ফাখাফাখি ওই যাওো হমতো কাবিদের টেখা ওক্কা ওতাওো তখন মুহোরা না দার্জ খরা ওই গেছে কিন্তু তারা মানে যে গিফট বা রিংটিং এখটা দেওয়া লাগে ওতা ওতা কিচ্চু দিছোইন না কিন্তু ফিক্স খরিলাইছো বেক মরে উবো
/kaggle/input/regspeech12/test/test_sandwip_0030.wav,ছাত ফুন্না কুন আনে ইয়ের তো নাম বিছে আছাত তোনে আমি চইলে আইছে তো আই  কিটে দুইবালা আত রু ন অনকা আইচছে যক্ক ফোন কর্ছে যে আম্মা কাইনছে যাইিন ই গেছোগিস বাস না কিন্তু মার্লাই বিছিস্ত খেলান এমনে   আগলা গলা রাইয় ফেরেরি তো মানি সাংসারিক
/kaggle/input/regspeech12/test/test_sandwip_0078.wav,তান আগা না  ইিতা খরে বাড় কর বাি যাহম ইতা  কোরাইন বা গইলো তে ডাল লাগনি এখসানেগুন বাতে তো কছ
/kaggle/input/regspeech12/test/test_chittagong_0124.wav,এ বরগিা খতক্ষণ না হলু খতক্ষ না আছে া আ ফছুগি এঙ গরে খান ব্েন ফ্েন েন না গরে আর পুক্কি তারার চিত্র কিতা া মিক্কাই চাইর্জন এক্কুত্তরে চিট্ন থাহে হইদি গিল সামনের সামনি ্যা ফুবি চিত্রকি দাক দে
/kaggle/input/regspeech12/test/test_narsingdi_0051.wav,সবনেরিডি ছুরি অইছে না াই না ও আমনা ফুড়াতো না বন্ত ছাফ খইরা ফরে আগুন ছিফর দ া বিডি টানতোম না যে আগুন লাইগা দেন ব্লগ আয় ফর অনেকটা ছিন্তা খরি খতো দুর খুপ ততার লাইজগা জাগা
/kaggle/input/regspeech12/test/test_sandwip_0106.wav,হেতে হোলাই খইর্তান অরলের সবচেয়ে বড় খারন ইয়্ান আর আর আর দৃষ্টিতে ইয়ান কি এল্লাই ইয়ান অতিরিক্ত করে হেইতে হিয়ান অইছে একদম হান্দেইডে হান্ড্রেড আইকতে অইবো আঙ্গোগুনারেগো আমরা ছাড়ি দিছি এয়াংগো ইয়ারে তো এখনওর দি অরার্লাই কোনও সাপ নাই
/kaggle/input/regspeech12/test/test_sylhet_0273.wav,ততা খরতে ফরতে আমার টার্গেট অইলো এখন মেইন টার্গেট অইয় গেইছে যে আমি বাইয়েরারে খুশি করতাম যেহেতু বাইয়েরা আমারে খুশি করিয় আম া কড়াত দিছোইন আমি ওখন বাইয়েরা বাইয়েরারে খুশি খরা মানে আমার রেজাল্ট বালা অইলে বাইয়েরা খুশি োওউ বাইয়েরারা খুশি করার লাগি অখন পড়ি খরি ফড়ি
/kaggle/input/regspeech12/test/test_sylhet_0673.wav,পাও আচ্ছা আমার ছুটো ছেলে ইয়ো ডিসির অফিসো ছাখরি ফরে য নাটে খইলাম ডাক্তার ওইছে তার বাফে ইয়ো হেলথো হেলথই
/kaggle/input/regspeech12/test/test_narail_0001.wav,ওইযে কি ভালো এট্টা নাম জ্ানা আমরা তো ভাবতামওর চাও যে বিয়ে রাখলো সেহিন্তে ঠিক পালাম যে আলাদা শরিক কি ভালো এট্টা নাম জ্যানো তিনশ রিকির জমি
/kaggle/input/regspeech12/test/test_sylhet_0756.wav,মানে কুনু নিয়ম নিতে মাজে ন মরা ছলে বিয়ার মাঝে একব একটু বেরা ছরা ন আমরা যেলা খন আর্তি সাবেরো মানে ও ওখামওখাম আছে না ইতা লগে  সবে বেছ না কুন বিশ্বাস তাকা খরোইন না
/kaggle/input/regspeech12/test/test_sandwip_0038.wav,কবেকনভাত কি দায় খায় আইছে নাকি তা যায় খায়া ছ লাইগা হ্যা লাইখাইয়ায়া া দেয় খাইয়া
/kaggle/input/regspeech12/test/test_chittagong_0037.wav,কি আ কি আ তুরালে হাফরা কুগুজ করছেন গর গোছেন অনে দুরাদুরি হয় ওরে কি ক চুন্দর কি দি গেইয়েরে ইসি দের ভালা ওডে এরে কি ফগালা খও না এইকা চাহাতে এ দর ইক্কা চাওয়াতে ট্যাম বাইক কুনতো ইবু
/kaggle/input/regspeech12/test/test_narail_0180.wav,েনে রান্না তো অইয়ে গেছে চা ছোট্টা মাংস ওইনছে মাংসজাত দিছে  তার খবর নাই ছন্দ ক পরে খালালেখা দিয়া নে উনিকি মাংস কিভাবে কিনে একেক কেজি কেনে নাকি অলপলফ তো কিনা যায় না যে
/kaggle/input/regspeech12/test/test_narail_0148.wav,পরেবচড়কতো চাপ বুচ্ছিস  বিয়ে বাড়ি কি আবার জবানিত আম তো বিয়ে বাড়ি বসিরাই রইছি  মিয়ে বাড়ি আর যাবো না মেয়ে বাড়ি যাইছে গিরামের ভিতরে বিয়ে আছতে না
/kaggle/input/regspeech12/test/test_sylhet_0710.wav,আআচ্ছা আফনোর বাড়ি খানো বাড়ি তো আমার সিংসাবোর ফরছে যাউয়া তাছিনের মিশা নি হু িখান সিলেটের বিত্রে তো সিলেটোর বিতরে সিলেটোর ফুতরে  নফর বাড়িও টিকা না নয়া লাগে না টিকানা বলতে আমরা এমনি গ খরার লাগি আরকি আ কিবি ভাষাল দরকা আন্তলিক শব্দগুলা দরখারোই হ্যম
/kaggle/input/regspeech12/test/test_chittagong_0053.wav,আব আমি ইনো হার মলে আল্লা আছো বইন চিন্তা না হ তো দিয়াটিএ গরিরে দর টর দিছে বুজ্জুস না এওমইয়া ইয়া চিন্তা গরি দেরে আম্মারে খম ফরিবিন হুম বইয়েরে ঠিক গরি ছালিগিন এই বইনরে ইটে মা ইটে মায় বানে য়াই্ দরি
/kaggle/input/regspeech12/test/test_sandwip_0090.wav,আর তো আর মাইয়া গেছেল যে আই এদম কিছির রইসি তাএদে রে ইয়ারে কমহুনিয়েরে কাম হার আজা করলি দরো না আঁর তো মানি আঁই কিছু রইছে আঁই যদি চোখে রানি এক্কানা দে হেতে আরও শেষ অই যাইবো কো এতে হনে একদম ছলচতা করি আইল্লাইছে তো আঁকেওন খইরছ কিলা দিছামা সইললা দো স্তা
/kaggle/input/regspeech12/test/test_chittagong_0028.wav,কব বয়সের আগে ফাকি যাইলো গু বিয়ে দি ফালননা করিবু না ওমা তা তুই গরি ফালা কুনি ওকগো বিয়ে ও মারে যু বিয়ের বয়স অইয়্যে না ওমারে মা বিয়ের বয়স না হইলে তোর তুই ফাগি আইয়্যুই ফাগিয়েরে তো জুলাও বিরে জু
/kaggle/input/regspeech12/test/test_sylhet_0478.wav,যত বিন আছলাম মানে হসপিটালোত বাসা বাড়ি ফানি গেছে এখন ম্েনে বতাতা ইন দুই ওজন বাবি আগলত যানি নে যেখরে খইবো তোমরা ওতো মাদবা রুগির খন্দাত আর কিন্তু খেউ কুনোখনো থাখের না যারার সাতে ইগুর মাট আমার হিবন বিবয় সব হসপিটালত পড়া উড়া ফালাই
/kaggle/input/regspeech12/test/test_sylhet_0746.wav,ফিফার ফয়লা ছোবে খাইন আমরার গরম না আরছে এখমাস বাদে আর যে মেয়ন আকটু সামনে আমি আসলে বই খনটাগ লাগে যে আরকিমনে খরা যতিযা এখনা অবিশ্ফল না ইগু খয়ো বেশি এরযা ইতা না এনবাদে খাইবো মানে ফয়লা খাইবা শাকবা
/kaggle/input/regspeech12/test/test_rangpur_0047.wav,পরাচা কোরবানি যা  মানে কোরবানসাকতাও নাগবে এ এরে কন কর দইসে মর ইদনা েুক্কোলা কারা তো কোরবানি ইং দিবে কইছে না এন্নে এরু খালার ােে পাকরে   খ করতার য়হ যার হাচ পান
/kaggle/input/regspeech12/test/test_sylhet_0706.wav,ও তে তো বলআ খডা আসগা মাত্র ইতাোবারো বছর ইহ ইতা কিতা মোবাইলো তুলা দুলাগে যে আফনেরা আমরা খালি আফনারার বয়স ওইয়া মা রেকর্ড নিবান মবাই য়না বইবার
/kaggle/input/regspeech12/test/test_sylhet_0538.wav,টিকনিকে আমি জানছ না টিকনিকা আমি তিনটা সময়ওই গেছি আমি তো জানি না সত্যি আনি তালো ট্রান্সফার খরতা আমি কি ছের তকি আমিকানশা আরে মনে খ যে ইবার খাও না আমি ওতা নি বার ময়া জানি এক্সাম আছিল এখন তাইর লাস্ট একদাম খইয়ে যাইতো খইলা ববায়দি যাইহয়য বাইবা ওইবাইজরা যাইতাম মাতাত তাখবো তা যাওয়া আমার রো
/kaggle/input/regspeech12/test/test_sylhet_0659.wav,আফনারা সময় তো একটা ছুটবেলার সময়  খ নছিল এখন দিনকাল তনদন  কঠিন ওইয়া দাঁড়া আর আগে তো  শুক্রর দিন আছিল অখন তো শুক্রবার দিন গেছে গয়াখো ললোর  আইয়া ফড়ছ আর অখন যাইবা ি সময়ো
/kaggle/input/regspeech12/test/test_kishoreganj_0001.wav,যা তো হরে ানে উব্বু টাত না গা তে
/kaggle/input/regspeech12/test/test_habiganj_0076.wav,ত্তোরটা এখনআইচ্ছা তুমি তোই বালো তো উচ্চবিদ্যালয়ে ফরছো নাহুম
/kaggle/input/regspeech12/test/test_barishal_0012.wav,ওডা ফাইলেমে না য় কএই কলেজে দিয়ে আমা আমরা যে ভাই গরন দিয়া আমরা যেবো এইযে কোশির ডাক্তার অনা কিন্তু না খাইলা খসের ডাকতাতো ওরছুনে ওরা জন্ম কিন্তু ম খাইলা কিন্তু ওরাওখে এ ডাক্তার আমাগ ই কলা ক  মানুষ জানেন এই গরু নদির বুকের বাংলাদেশের পত্তেকটা জিলের লোক আছে গরু নদিতে  গরু নদী তে এমন খাইয়া জাগা যোক ছুন নিয়া
/kaggle/input/regspeech12/test/test_kishoreganj_0166.wav,নানি সব প শিশু পালা কিমানে দুবামা যা ফানি জমে শীতেরকালে া  শেত কালে কুমপানি মেে ডানারাতে গাছ এইযরাতে গাছ গাছ বালা ইকটাদি কর যে বিন্দুবিন্দু পানি জমে তাকে তাকি শিষ অইবো তাকে
/kaggle/input/regspeech12/test/test_tangail_0086.wav,চোপ সবিধা আসলে দেখলে মানে ভালা্লাগবো না তারপরে আমি যেই মবিডা শেয়ার করমো সেডা ওইছে থা ফারিয়াএড দুই হাজার সাতের ছবি এইগানগুলা আমি শুনছিলাম কিন্তু এ ছবিডা মানে কহনোইয়া আকি দেহা ওইো
/kaggle/input/regspeech12/test/test_chittagong_0025.wav,হ্যাঁ বেশি ভালো অইয়যা একবেরে গরমে পত মুত্তু দরকার অরে মনে খরি দে ইক্কানা ফুচতা খাইতাম যে এডে ফুচকা খাইয়ার কেমদাওডে ভাজি গেইয়্যা অরে অ আর আম্মার মেয়ের হম বইজজি ব আরে বেিত তো বলে কী হানর সমস্যা অইয়যে হ্যাঁ
/kaggle/input/regspeech12/test/test_sandwip_0120.wav,মানে হেতের একদম করা হাডাই  দখলে ইিয়ানে একশ বার চেষ্টা করবো একসময় আমরা পোল্া নিছে সা া আংগো ইয়ারে আগিে  আছা খওয়র মলেতো হর লেখা ফয়সা দিলে আম গি আরার হুতায় ঘরের লাইগি ভাড়ি দিবে
/kaggle/input/regspeech12/test/test_sylhet_0257.wav,ব্েসো রানতাম খাইতাম ইও খরতাম দখন তোকা আটি আটি নায় ফুল তিকা আটি টি ফতিদিন যাইতাম কুচিব কোচিং তিকা হাটিয়া আটিয়া আমার নাই ফুলাইতাম আওমার সময় বাজার বোজার খরিয়া রানতাম আনি আর ও রানতাম বাড়তাম খাইতাম আর ফড়তাম আর মে  বাবতাম যে আমারে যে
/kaggle/input/regspeech12/test/test_sandwip_0040.wav,ি গুপি উবালাও দিছে গলি স বিয়া ওপি লিফটোছি আরদু ইয়ানের গ্রম খাছলাম না মেনা া
/kaggle/input/regspeech12/test/test_noakhali_0012.wav,বেডি কাম করার হবে মাত্র ইয়া কুশসে বেগগিন আমি ডালওই আরফি না দুর বান্ধবীও গেছে না আনের লগে দেহা কইত্তো মার মনে কতে ব্যাঙ্গা আর মনে কছে ে নামার রহযানে দিন আয় তো মাবা যি ব্যাঙ্গাই দি মা
/kaggle/input/regspeech12/test/test_habiganj_0094.wav,গুরানিত তোত যাই মানুষ মজর লাগি গুরানিতকে লেমার বালা লাগে একটু কুরোন ইদিক দিয়া াপর ছবি টবি তুলন সামনে পিকনিকে কুতায় যাওয়ার ইচ্ছা আছে
/kaggle/input/regspeech12/test/test_rangpur_0058.wav,তবরে দেয় এই শোনো এখন এই যে বর্তমানের জযে যামরা মজুত রাখে তামরায় এখো খাবার পায় না এেগে জানি না সেটা তো পায় না কিন্তু অনেকেই  না  শুক্রবার প্রথম রমজান শুক্রবার খাজির রমজান শুক্রবার
/kaggle/input/regspeech12/test/test_sylhet_0147.wav,পাট তকর্তো বউত ছাগো মাই আম তা আতো বুলা ইউজ ফা আমরা দুনের খাম খটতাম ফারি বউ য়াইন আমরােমার অসুস্তি তারা দুর্বল আফনের আম্ আব্বায় ছোইননে
/kaggle/input/regspeech12/test/test_sandwip_0051.wav,হা অহন গ্লাশি কী ল তুই গেছে না কি কীর লগে বায় ফরিশন দিছে কেন্নে তো লগে অলই আমি হেডে গ্লাস হিয়ারে ধরতে গেছে গরি সেজু কেন্নে বাস কাড়ি রক্ত ভাসা কিছু কনদিন কমা বন্দ কইততে পারে না ফোষ অইয় ছে কিগদ ডাক্তারে কা চেন্নিসে
/kaggle/input/regspeech12/test/test_kishoreganj_0199.wav,কসা আশি  কচ যাস আ দি া কু কানি দি
/kaggle/input/regspeech12/test/test_sylhet_0409.wav,বাবার বাড়ি বাবার বাড়ি কোম্পানিগঞ্জ ও যে সারদা ফাতল সিনোনিশুনছি  বারে অনেক সুন্দর অসুন্দর জায়গা বহতদিন যাইতাম যাইতাম আমরা যে ইতাম যতো খর ঠিক করি আরে আমরারা ওয়ডা তো যাইয়া এখদি শআল্লা  ফাগতাম ইসযু  আফনেরার বাবার বাড়িত খায়া কাসফেন মানে
/kaggle/input/regspeech12/test/test_sylhet_0506.wav,আর বৈশাখ মানে বাংলাভাষায় খইলডাওই বৈশাখ মাইয়া দেই যেবন জ্বড় বৃষ্টি বেশি দিনের আইতে জ্বড় বৃষ্টি বড় খন ফরে দাখে খুব বেশি প্রচুর ডা ফডাব্বা দেখাত খেছি আর হুতাক খরি যে কিতা খরছে উফরেমানেবি খরছে ফরে ফড়া আবার সাতে সাতে আমার আব্বা অনে ক্ষেতোর মাঝে তা খটা কমযে বাসসইোল খরছি
/kaggle/input/regspeech12/test/test_narsingdi_0081.wav,তাগাআম্মারডাও বালা তুই তো তাও খালা  লাগা  আইচ্ছা আমি দো একদিন খেইল্লা ধরার দিন গেছি না বাটফ আমি যো মনো করছি তে পড়সম মতাম বেশিশ মদো তক্কারে খেলার না ইটা আমি তো বড় ফোলা ফাইনার লগে খ্ষেততাম না  আমার তো হাইড বেশি রাইখতা না এলিয়া ক্লাস ফোর ফন্তা খেলার নাম লুতারছি না ফাইভে দাকছো দূরডা ফাসপোর্টস লেম
/kaggle/input/regspeech12/test/test_chittagong_0035.wav,আল সবাইন গ্রম ওব এক্কা না হ তু সময়ও খাডিবো হ ওরে আব্বা ইবারে লইয়া হনুম গেছে আইতো ন ফাডি সেলিভি লিপদার আম্মা ও দে যওন ইয়ের দে ক্যান্সিল গইরা দে ফুলকলা আব্বারেতে তেবার হতা আছিল হুম ইয়া এনো যেয়াইতো ন অদা আম্মাগো
/kaggle/input/regspeech12/test/test_kishoreganj_0154.wav,গুলা বিল মছ ফ ফ
/kaggle/input/regspeech12/test/test_narsingdi_0014.wav,পাউন্ডারি অয়ে যায় ওরা চোক খেয়া দেহে না ওরডারে রাম দেয় আবার বাউন্ডারি না হইলে ওডারে সার্ব দিয়া দেয় সয় দিয়া দেয় এরকম অবস্থা দেশে একটা সিস্টেম একটা রিভিউ সিস্টেম ওরা ম্যানেজ করতারে না ওরা নষ্ট করি টাকা দিয়া কী করবো
/kaggle/input/regspeech12/test/test_sylhet_0176.wav,এইতে ফারি না কুরি বাড়ি খাল্লার মেয়ে বিয়া অইছে খই তারফর আনি এখজন আরে  রই ন গ বুঝছি তারার বাড়ি যাইয়িন না যাই তাদাও আইনছি বা
/kaggle/input/regspeech12/test/test_sandwip_0072.wav,বত বর এগেযিগুলাত জত মনে একবার ব্লাড টেস্ট ফরাো দরকার দিক্কা একবার ন কর্লে আর বেশুন্য়ার বাব ফাইলে যদি কোনো সমইস্যা ধরা খায়
/kaggle/input/regspeech12/test/test_sylhet_0432.wav,বুঝছোনি র বড় আমি বার কনছি কেউ আমার আমার বাই তো বমর বইন দুতোবা আমার তা খাখবেন ট্র্যাকো ওইরা ওইতাম তারে বুঝরায় এখন ইগু ফড়ছা বলাস্তা দিক্কা টাটারি গুয়াখায়
/kaggle/input/regspeech12/test/test_narail_0078.wav,ডাকায় না কোানে বিয়েঅয়  দাজ বাড়ি পড়িতপুর ছায়াল আয়জন প্রে বিয়েই ছেলো ন আমার ছিলাম রাম ডাকায় বিয়াদে তে
/kaggle/input/regspeech12/test/test_narsingdi_0095.wav,তাই তো এডা জাপকামিছতা করিয়ান করি এন গার্টুনা গরু এনিমে ইডা আইচ্ছা যের লে এনিমেলিউল্লাহ হল্লা কতা কবি না কিক কনমো তারে কবো ককুম মালো ওন কোনো কার্টুনন আছে আ কেডা এন হুয়া কওকা মেলা নিচ্ছি নাস
/kaggle/input/regspeech12/test/test_rangpur_0066.wav,এনকয় ইছে কাক্কু আতো আর ইযেকাকওই যে  ম কি থাকে ন ছেটা তো ভাই ইছেকা ওই আতো রের সাথে সবদি ন না ঠিকাছে হ
/kaggle/input/regspeech12/test/test_tangail_0047.wav,বই ফানখানরে খাইতে কি্ পরে এরখমখাইতে নেই পরে ওইফানখান আবার লাভ দিয়া পানিতে যাই ওটা আবার আলাদা ইয়া আছে আলাদা ভাষার ভাষায় থাকার জন্য আরেকটাই রাখছে যেহেতু বুঝতে পারছে যে ভাগ যেহেতু
/kaggle/input/regspeech12/test/test_sylhet_0541.wav,খাইয়া ওইা দুপুরে ফরের হডি ওইয়া আখতাতো সেমেদিছো তারে লইয়া গেছেন আমিআর আম্মার আচ্ছা তার ছাখরি ইবর তার ফরিক্কা তা সখালে উটটাও গেছেগি  বেশিরভাগ মানে খমই গেছে না হুম মরে গেছোইন র ফরে লটারি আমরা ফাইলছি দুইটা  দাদো
/kaggle/input/regspeech12/test/test_narail_0019.wav,বাব লুক খাতা বেশি আনে মাসে তো ভাই অইছে ফিশেও তো ভাই ওইছে মামা তো ভাই ওইছে সেইসময় বাল তুডে কেল ছেলো না শুধ নষ্টেরি স হই সুমায় কেউছালো না ও সব কতা আমার শুনতি ইছছা না ভাই আইজকে মামব তুনা সুধর নস্টারে বউ মুয়ার্তো না ডা সত্যেই কতা মরলো তো খালি
/kaggle/input/regspeech12/test/test_sylhet_0090.wav,তাইনও খইলায় বই তো মানে মন অয় পরিবর্তন ওইছেঅনেক পরিবর্তন হরছে আমরা যে বই পড়ছি কিচ্ছু  বিবিন্ন
/kaggle/input/regspeech12/test/test_tangail_0095.wav,অনেএক বছর কিন্তু ছাহিনা মনে ওই আসা নিয়াই থাকে যে ইমান আসবে কিন্তু অনেকদিন যাই ইমান তো আসে না রণবির কাপর সবকিনার জন্য খোঁজ নিতে যাই ইমানের ওই শহরে কিন্তু মানে কেউ চিনে না এরকম
/kaggle/input/regspeech12/test/test_chittagong_0118.wav,হুমমাতাতল দিস্তিরুব ডিলা ওগগো ফাল্লা দিতি ইতারা আঁন খত বুঝা বুঝাইতে আরে আরো হয় আঁই ই ইতারাডি্তা এএসে ম্তো একবারে ন ঢুকি ইতে আনরে ছটফট ন গরে র আগি টু কিনডা ফারদে
/kaggle/input/regspeech12/test/test_kishoreganj_0184.wav,পলোতো এাতোলতো এলো তো হলো ইয় অইলো এলো এলোতো হেলো না  ওয়াই ইডা ওইরে লই এলো লোতোআাইললে ফরিক্ষা  বানামনে
/kaggle/input/regspeech12/test/test_habiganj_0041.wav,ইতারে বাই বইনরে ফরা নিজীবনও সম্ভব না অন্যতা খড়াইতে ফারমু অইন্যতারে আমার মাত খয়তু দি অইন্যতারে ফরআজ কি বালা খইরা আর ইতারে ফরাইত ওইলিই তর তর জ্বালা যন্ত্র না বাইরা জায়গা নিজের বাই বইনের ফ্তি একতু কেয়াল নাই ইতারেআমি কিতা ফড়াইতাম ইতার খতা হইলে আমার রাগ উইট্টা যাগা ফই একটা বুঝে আরেকটা এমন রাগ উডে
/kaggle/input/regspeech12/test/test_kishoreganj_0030.wav,ে বড়লয়াডনে এইডা না কইতাছে এন্দিয় কেনিনিবির লাগে আমরা দিকে তো সবসময় হইছোই নাআমরামাইক্সএক বাজার এইডা এইডা বিভিন্ন কিচ্ছুঅ বিভিন্ন ক্যাম্বাত মাইক ট্যাক বাড়াইতাছে বন্নগাড় ইে চব্বিশ ঘন্টা মজায়গা আইছিলো হেই ইন্দিয়া
/kaggle/input/regspeech12/test/test_barishal_0095.wav,বউ পোলা হ্া এরে হে সংসার যেবে ছ্েড়া বেড়া দিগে সেরা বাড়া পো পরা মানুষ  চালুন না চালু অইলে যাইতাম হেইতো কই আমি তু দেইক্কাই দুজজি ছেড়া বেড়া কইছে কি খালি খেরা বাড়া তোনা নে ছোটটেম না ভাই  পলা মানুষ আইবে না হয় ওই আমিও আমনেল্লা হা
/kaggle/input/regspeech12/test/test_sylhet_0375.wav,আর তাইন টাইনোর কাফড় ছোফর নিজে নিজে দুইলায় তাইনোর খাবার দাবার দরা আমি রান্দিয়া রাখলে তাইন লইয়া খাইরতো ফরে ওউ হকাজটা তাইন খরোইল ও তানোর দুই বাই আছিল স্টুডেন্ট তে তারারে আমি খইছি দেখ তোমরাও ফড়রায় আমিও খররাম তুমরা যেরখম স্টুডেন্ট আমিও স্টুডেন্ট
/kaggle/input/regspeech12/test/test_sylhet_0455.wav,ি মানুষ নিু নামে খাজুি নারে বাবা মানে মানে তারা আামার তো মনে খরো সম্মান খরে এ সম্মান খরে আরকিও যেহেতু যে আমার আম্মা তারা আমার আম্মা ছােল সব আমার যেদিন হুপু আইকা আমরার বাড়িরদি বেড়ানি তাইতা মাতাা আগে কুতা রানতা না আরত বেশি ুিলিে খওকাওে খরে আমার আব্বা আমারছাতারইমা
/kaggle/input/regspeech12/test/test_narsingdi_0039.wav,বাড়িতও যাওনের আগে কমুন আরে বানাইতো ইডে কারেন্টে বাড়ি মারে টে তার এই গরনা ন্দ কারন খায়ে একটু বড়া ফয়ে যাইতে থাহিতে থাহেতেথাইর বিদ্যুৎ অফিসের লোকেরা পাইছো যিমুন গরেন আনুফাতি খারে কারেন্ট লাইগুইন
/kaggle/input/regspeech12/test/test_chittagong_0049.wav,ঘরাত হালকা খাম গরিবের লাই অইলদি বউত গেল খাইতে হেই তে রযম্গো ফরে ওরু বাড়িতে যানডা ইদে গগিন হাম টেয়া দি কিনলে গুরতাম টেয়া দিয় বিয়া দিয়া রাইন্না হাম লকাম দেতাম না াতু টু জামাই কাইয়াম আছে জামাই কী হবো মার লবো নডি া
/kaggle/input/regspeech12/test/test_habiganj_0030.wav,ইখারা দিল আইছোউঠে হোস্টেলের মাে তোমার দর্মীয় দর্মীয় খাজ ইতা ফালন খরতে দর্মীয় খাম খাজ খরতে এতোবার ওতো অসুবিধা লাগে না তা তেমন কুনু অসুবিধা লাগে নায় এরফরেও তো পুরাফুরিভাবে খড়ি না খমতাম ফারিও না
/kaggle/input/regspeech12/test/test_tangail_0094.wav,কুনু এক্কা পরে ব্যবসার খাতিরে ও অনেক দূরে যায়গা ফরে কিন্তু  নাম কাঁপুর আবাট ইমানরে প্রথম দেহা তেই পছন্দ ওইয়া ফারলায় আর ওরবন্ ও সারাজীবন অপেক্ষা করতেউ রাজি কিন্তু ইমান তো ব্যবসার কাজে যে যায় অন্য শহরের অরার কুনু খোজ নাই
/kaggle/input/regspeech12/test/test_sylhet_0475.wav,আমা ম মাছ নাময় আমরার জীবনেবাই খইনেইগা ইর খাইছাফ্যামিলি ওউ যাইমি অসুস্থ আছলাম এখটা মাস আমে কতা খলছি না মানে কতা খইছি না বলতে দিন দুনিয়াই আমি দেখছি না যামি দুনিয়ায় তাখছি না মরছি কাম জানি মানে এক মাস ফরে জানি আমি দুনিয়াইতে বার
/kaggle/input/regspeech12/test/test_narail_0179.wav,রাততিরি কি খাইছে তোমরা রাত্রি যে আমার াখাতি খাতে এগারোটা সাড়ে এগারোটা কোলরদিন বারো ফাওয়া বাইছ যায় ওডাস্ পেনায় রাত্তি এগারোটার সময় দোকানে সতে তওই ছোটটা এইযে বইসে রইছে ই আটটায় কোন রাত্তি যা
/kaggle/input/regspeech12/test/test_sylhet_0653.wav,ইন্ডিা গিয়া খইতাক ছুনতে ইন্ডিয়া তো ইতা গর বানাইয়া ইো বানাইয়ন র তিশিফেদি কও মানুষ জাগা  খষ্ট ওইছে ন খাওয়া যাওয়া অয় তোখাওয়া যাওয়ার তো কষ্ট ওইছে  সখালে নাা সখালে বাতিত ফাই না
/kaggle/input/regspeech12/test/test_chittagong_0002.wav,গ্রামের মানুষ অকল অইল্লে মা মানু মারে আয়ায় তারা আরেনি মাতি আইসছিদি এহন নমাতিলো নিজেত্ত খারাপ লা মাতি নম না মাতি উগার ল নক ইছেরােআ্লাকিডা আছর লছদ এক্খনো ফারান্দি
/kaggle/input/regspeech12/test/test_sylhet_0621.wav,ও তো আছোইন নানি তারা তো তার ইনজেরিন আছোইন  জেরিন বর্তি ওইতে ওইছেনি না জেরিলিভার দিতো মেডতাইতো আইএলস খরের হাত কিতা মেডিকেল আবার দিছে ওইছে না মনো ওচ্ছে ডেন্টাল দিতো নার্সিংদি হাইরেমনাখছে বর্তিও গেছে ও
/kaggle/input/regspeech12/test/test_habiganj_0037.wav,আমি খইনা আমি খই দিলাম লবো এরফরে ফয় যা তোরে দি আর মানষো রান্দাইতাম না তুই আজকে তোর খাইডোই বাদ খরতো ইতা ওই
/kaggle/input/regspeech12/test/test_habiganj_0042.wav,বাপ মার সব ফরামর্শ বা যেটা বাপ মায় মতামত সবগুলা বালা লাগেনি
/kaggle/input/regspeech12/test/test_sylhet_0015.wav,বুজা শেষ অইরা সবাইরে প্রসব লতল এলাখার যেতমান সবাইর পোশাক সামান্য অয় হেউ টিছুরিও খাওয়া অয় কেউ ধরোন বৃষ্টি জাতীয় জিনিস জিনিসওগলে ছায়ার উৎসব আনন্দ উৎসব ধরোন ন বাজনানিতক বিে আফারশকেদিন অনুষ্ঠানগলু খয়
/kaggle/input/regspeech12/test/test_rangpur_0049.wav,কেউ কয় দায় নর ছা সেটা প ছিলাম হয়তে ওইওটা  মোতা কারটা কয় তোমরা খয় টোচোক হয় যেই লাভ নাই তোরা যাও তো কি কইরবা গেসি সব ি হ কি হামার মদ্যে না হুস এলা ওরা  হামরা খারাপ ক
/kaggle/input/regspeech12/test/test_narail_0121.wav,তালি কথা গিন কইরে না ওরে ওই সায়েন্স আর বলি ছে বুচ্ছিস আর যেউ কথা হলো সাইন্সার বরলো ভিত্তিটা ওরে দিয়াও
/kaggle/input/regspeech12/test/test_rangpur_0062.wav,ওই যে একবার উনায় চাদের মইদ্দে কী ওরে আল্লা ওই যে সায়দি বসি আছে মরে পাওয়া যাবা তাই যে একবারে না ফারমানে ঝামরা এটা বিশ্বাস হয়ে এইটাও বলা যাবেন ওটা বিশ্বেস করে আর ওটা একটা ভুমে এডা ইয়া এর ওডা এবারে ওইছে সায়দী পায়ে বদ কা র আছেলয়া মোর সাথে এই যে কাজিয়া এইখান মু কয় কী কয়বলে আসলে ওটা সাদী মন তুই মোসলমানে নোয়ায়
/kaggle/input/regspeech12/test/test_sylhet_0712.wav,মানে যা খইনডা নি জান তিনজন  তিনজন উমলা তিনজন হ হ বড়ো আছোইন এখজন আমার ছুল খা তা বড় খাই আমি বুরাতে গিস কলো আমি মাইজুম আরা ওতো খইলে একসাথেই তাখতা
/kaggle/input/regspeech12/test/test_noakhali_0014.wav,আমুনজা না গ্রামীন না নাই অলেন নিয় নে গরা রন্দা না  নাা না তারতো মালোইন্না নাগ এই্নে ক কন এলা বলতা হাপ্লা ও গাদরালা কিনরা গয় হাপড়া লারকি এগিন দি দে তর এগন ধইরা যাইবোপন খালি  পোরা মুরা অলা অরতে য়েডেতো  রলাছি বাচ্ছা ত আনোা াাে
/kaggle/input/regspeech12/test/test_kishoreganj_0060.wav,এই ফালতাততে না ফারিস না ুইড্গা উুইড্গা আর ফারি নেইগ্া  গাছের চাও নেইজ্ঞা যা মেগা
/kaggle/input/regspeech12/test/test_habiganj_0034.wav,তমি রান্না টান্লা খরতে বালা ফাও নি আমি তো ছুডু তাককেতিকি খালি ছাইতাম রানতাম রানতাম ওখন আমার মাছ বেশি ছুড়ু তাকতে দিতো না টিকছো তাকতে তো আমি ছাইতাম খালি রানতাম রানতাম ওখন আমার মা দিতো ন খয় তুই আত ফুইড়া ওইরা মরবে রান্দাত গিয়া আমার লাগি আরো তুই বারইবে কিন্তু আমি ছাইতাম খালি রানতাম রান্দাম এরফর ইতা খরতে তেমাযে রান্তা আমি খালি বইয়া খইয়া দেখতাম
/kaggle/input/regspeech12/test/test_sylhet_0453.wav,ছুট তাই তুর ফুড়ি আমার ছুটো আলো দুইজন গজি অইছে তাইর মম ততআমার বুঝা যায় না
/kaggle/input/regspeech12/test/test_sylhet_0373.wav,আর এখনকোর যে পরিস্থিতি মানে শিক্ষা দিক্ষার দিকে মানে মাঝে মাঝে আপসেট হই তারফরও আবার মানে আল্লাহর প্রতি যে বিশ্বাসর আমার ফিরায় আনে যেনা আফসেট হাওয়া যাবে না ওউ ওইনাআর চেষ্টা খরিয়ার আরকি তারারে লইয়া র ব্যানেজ খখরা কিলা ম্যাডাম মানে সবকিছু টা ফ্যামিলি তারফরে প্রফেশন
/kaggle/input/regspeech12/test/test_tangail_0034.wav,আসলেই যার মানে ভইগ্য যার সাতে লেখা তাকে তার সাথেই আবার ঘুইরা ফিরায় এটা নীল হয়িআর আইচ্ছা এখন আমি এআরেকটা স্টোরি শেয়ার করবোসারা ওইছে লাইফ অপ পাই
/kaggle/input/regspeech12/test/test_chittagong_0113.wav,ফছালার মিচ্ছা মদে ফরে অতিরিক্ত অ নরা ওডি গরমে ফালটাই ফাল্লার যে গরম ফিয়াখাদুমুথাতা খবদে খরার খতা খারদে আজি নাপুরান্দে দুল নাজ চদি চড়িয়ারে
/kaggle/input/regspeech12/test/test_sylhet_0367.wav,এস্টাব্লিশ খরলে তো আমার কাছে এখটা জিনিস সবসময় মনো অয় আমি অপটোমিস্টিক আমি আল্লা কে বিশ্বাস খরি এবং আমি দেখছি আল্লাপ দেবু যে আমাকে অনেক সহজো গিতা খরছোইন মিস্টি আল্লা এখটা মানুষকে যখন ফাঠায় তার রেজিগেল ব্যবস্থা খরিয়া দেয় এবং আমি আমরা হাসবেন ওকজুগে জনেই
/kaggle/input/regspeech12/test/test_narsingdi_0137.wav,ইতে যাবি আমি ঢাবি আমি ডিাইয়ও হতুই ভারি  ইতে যাবি হেদিক্কা সবইনা জমিজার বাড়ি যানা না সানেক টাকা লাগে তুই যে হেদিকে ভাঙারহহর
/kaggle/input/regspeech12/test/test_tangail_0004.wav,আর ফ্রেডির সামনের দাঁতগুলা আছিলো একটু বড় মানেম স্বাভাবিক মানুষই দাঁত মানে দেহা যায় না বাড়ি থিকা কিন্তু ফ্রেডির সামনের উপরের দিকের দাঁতগুলা আছিলো একটু উঁচা আর বড় তাই মানে দেখতে কটু লাগে
/kaggle/input/regspeech12/test/test_sylhet_0297.wav,গুরুত্বপূর্ণ কিচ্ছু না জাস্ট তাইনও হেপি তাখলা তাইন যদি টা পেমেন্ট খরতা ফারোইন প্রপার্লিত তাইনো হেপি তাখলা ওদিকে তাইনেরও গিফটও দেওয়া ওইলো বাবা মাও খুশি তাখলে সামাজিক যে সংস্কৃতি অগো ফালন খরা ওইলো
/kaggle/input/regspeech12/test/test_chittagong_0138.wav,তুরে যুদে আইসকাম হই ইতারা খবু দেতু মানুষ লই যাও তারফরে ইতারা নিবো ইতারা এহন তুলা লাগে ইতারা ঘর তো টোয়া আয় না ফারে তুরা  লা ঠিক আছিনো  খটা ঠিক আছে তো দাআইেনা খস হরে তুরে এখন বরা গে ফাটাইন কিছু লাইয়াত কিলগুম হ
/kaggle/input/regspeech12/test/test_narsingdi_0016.wav,এই অইলো দেশের পরিস্থতি কুৎসাজ অন্যান্য দেশগুলাতে দেখ অস্ট্রেলিয়া দেখ নিউজিল্যান্ডেখ এ এক মিজাল স্টার্ক অস্ট্রেলিয়াত খেলতাছে ও বোলের কি করতি পখনআ ইংল্যান্ডে দেখ টিএম চযান্ডার্সন
/kaggle/input/regspeech12/test/test_sylhet_0551.wav,আর আমার বাসার সবসার গুজরে সবছেয়ে নম এখটু বেশি ও ন খন সাটা লাগছে  তারারে খইলাম যে ওউ আমার আকেতিনটা ছাইরটা ফজন্ত দরখারে সযালারিও খুমাইয়া নিও ফারে স্যারে ফইরা সেলারি কুনু বিষয় না নিলে তো সবেও খইবো
/kaggle/input/regspeech12/test/test_sylhet_0022.wav,আর ভিডিও অনুসারে গু জাগা খরার ফরে মার খাছে যেন যলি টাইমের সময় মাইকে এলাউন্স খরে আমরা গেঞ্জলি দিয় এদিন পূজা খরা সবসম পুজা পূজার পরে ইখানো প্রসাদ খাওয়ানু হয় মানে ঘরে আমরা খুব বেশি আন্দায় পুসাব খাওয়ানু ওয় তারপরে ধরোইন কিসিলিটি ছুরি খাওয়া সবকিছু সবসমই পূজা
/kaggle/input/regspeech12/test/test_narail_0006.wav,মনে ইলোতা আাটতো কতো তাইশ ফুনতা মানসির সা তা তুগে ঘরের অতো খষবর আমরা কি তোর বাবা কি কইছে নাকি যে এই জমিতি এই ওই জমিতে ওই এসবতামেযে কইছে নাকিরো জান এতো ওই যে এডে জমি জাতিরা খাইছিএ কিনিছে এই যে মনে কইলো জমি রান আইনতে একজন কিনতি
/kaggle/input/regspeech12/test/test_tangail_0071.wav,এটা বুন ধরনের একটা মনে একটা জায়গা করে নাই পরে বরুন দাওয়ান ডেইলি কাজ শেষ কইরা হাঁসপাতালে যায় িলিসাতে দেহা করে ওর মানে যে কম আই গেছেগা মানে সন্স যে নাই পরে ওই সেন্সপিরিয়ান আর ট্রাই করতে থাকি
/kaggle/input/regspeech12/test/test_rangpur_0091.wav,কী মাছ হ্যা ইলিশ মাছ ইলিশ মাচ দিয়ে খাছিস কোডে পালু ইলিশ মাছ কায় আনছে তো ইয়া মর জানি চলছে তো ভালোয় নাকি হ কোনো ঝুট ঝামেলা নাই ঝুট ঝামেলা নাই
/kaggle/input/regspeech12/test/test_sylhet_0151.wav,ছারা কিতা খরা ওসিনা মানে পড়া লেখা ফালবে তুরোওইজন তো বিয়ে ফাইনাল গুলাইছ ছুটি আর ফারতে বিয়ে গেলো তান বড় ওইজনে নাইম ফইন্জতো িতারা ছারারার পারিবারিক তুমি ব্যবসাও সাত কিরা ফা
/kaggle/input/regspeech12/test/test_sylhet_0697.wav,মানে আমরা মহিলা দোলামহিনলা আছি ফ জনোর গতা যৌত ফরিলা ওর মাতিলা হবো আরলিন ছেলে থিন বও তিনু ইয়র গরো না তিনরাসে আছোইন সবাই বর গরো তিনটা তিনটা দিই ইখানোর গরো আ া জানোর গরো দিখা
/kaggle/input/regspeech12/test/test_chittagong_0076.wav,বেসরকারি ল লি টেনশন না সরকারি লইয়লেস  সরকারির মদ্দে তো ফাইতাম  সরকারের মধ্যে অইলে তো তুই সাইন্সর লই েরে ফরি ইবে আর আয়ি তো আস্তের সাজেক লইয়া খরজুম সরকারিতো মনো বিান আছে তো
/kaggle/input/regspeech12/test/test_sylhet_0230.wav,বাদে অইলো গিয়া ওতা খরতে খরটে খতো মানুষরতে আমার বাইয়া ইনতে না খরিয়া দিছোইন না দেখি আরেকডু দেখি রেজাল্টটা খমতা বাড়ো খতা খতা খলাইয়া খইয়া বাদ ছোইন তারারে বিদায় খলইয়া অবশ্যে
/kaggle/input/regspeech12/test/test_tangail_0118.wav,সবকিছু মিলেয়ে কিন্তু এখন একটা জিনিস ভালো যে শুধু প্রধানমন্ত্রীর ওকোর ডিপেন্ড খইরা নাই দেশের সবাই যে যার জাগা তিকে খেইলে অরঞচলয আগে আসতেছে এখন রিসেন্টলি দেখতেছি কিছু ব্লগাআর রাবসান্দে ছোট ভাই
/kaggle/input/regspeech12/test/test_habiganj_0048.wav,ইি কী গিফটু ফাইছস আমি গিফট ফাইতেছে ছুরি ফাইতি খানের ফাইছি  জামা দিতে এরফরে কিতা আছতে না ফুতুল আরতে নাছু থাকতে আমারে ফুতুল দিতো বেশি খাছের পুতুল
/kaggle/input/regspeech12/test/test_kishoreganj_0181.wav,অরেন ছাা আ ওয়া অইলো তো হলো গে অইলো তো অনুদ এলো তো হলু তেল অততো  এইলো তো অনু তেলোতো অনু তেলোতো অনু এলততো নু
/kaggle/input/regspeech12/test/test_narail_0080.wav,আোচাই কুনদ খুশি আদি েডা আমি কি আমি কেতোরে বলিছি আমি যদি খুশি পইতাম তা আমি কথা বলতাম না মার সে শুদ্ধবাসার কতা কয় আমি এট্টু কাইলের বাসার লোকজন বতেছি আমার মন বাটুবযে
/kaggle/input/regspeech12/test/test_habiganj_0082.wav,লিভ গেনচার গরে বাস্ট মারা যাওয়ার আগে ্লাস্ট মারচারকি ওই মারা গেছোইন তাইন আররা দুই দুই ভাই একবইআবু ডাক্তারি খরা শেষ ইবং তাইন জসফুটেলআর
/kaggle/input/regspeech12/test/test_chittagong_0065.wav,আইতে আ শিদি মাত্র তিন দিন আঁরে খরদিন ন লাগিবো না বিয়এস এস নই আই আঁর বিয়এলে ন আইতো তেি  িরজা না ওককা বিয়ে আছে বিয়া হারি বিয়ে আছে বিয়ে ন হাইত এ না তু ফুকি কিকটমের শিদি
/kaggle/input/regspeech12/test/test_kishoreganj_0076.wav,কি দিয়া খাইছো ফাইতো গিজ্জা ছুহালে খাইছে গজজা লুবাই া নামাাইডা তাআমাজ ফরা অলে না অস্তে চোইন না হ্যাঁ সযে নমাজ কর রছো
/kaggle/input/regspeech12/test/test_sylhet_0294.wav,কজিন্দাবাজার আও একটু দরকার আছে ফ্রা মেমার এক্সপ্লেডরে লইয়া আইলাম আওয়ার ফরে তাইন লইয়া গেছোইন গোল্ডের দোকানো যে তাইন আমারে রিম দিবা তো গেলাম গোল্ডের দোকানো দাও দিওলাগিকি ফাজতো  গেলাম গোলডের দোকানো গোল কিনতাম
/kaggle/input/regspeech12/test/test_kishoreganj_0201.wav,কেডা চানি এখান এ দুইডা মসছি যাইবোগ কাই্ছা পরা ছেন এ দুইডা অরছ নাকি ন ন কত বাজার দাইছে আয়া এইডা  আই এন িদারাভাঙ বিদ  ক ব বিদ্যুৎ মানে ম ম্ছে টারাভাঙ্গ বিদ্যুৎ মসছে
/kaggle/input/regspeech12/test/test_rangpur_0076.wav,হাঙ গোটা মায়ও হনয় হ  এলা তো ওই যে ইয়ার বলে কুরজোনা
/kaggle/input/regspeech12/test/test_sylhet_0663.wav,তাইন খালা লাগবাতে তাইলে তো খালা খন লাগবো তাইলা আমরা লগে ইয়া ইরাম মনোএখন না তানির লগে মাতি ছ াা াই বুঝতেয় না তি লাগি  তরেকিনা খতি না আমরা সিলেটে দরকার  জানমাা এখান খইরা আমরা উজি না
/kaggle/input/regspeech12/test/test_barishal_0003.wav,দেখি না চোখে দেখি না চসমা ছাড়া খালি দেখি বসসালসনচোখ কিছিি েবার কতা কইলে যে ওই মাহেরে গরুর ঘরে ফ্যান দিতে মাইরে দেয় না পে এই উত্তরবঙ্গে কালকে নিয়ে এইডে দেহাইছি দে টে কারবার  না  নেটের কারবে না বাস্তব
/kaggle/input/regspeech12/test/test_rangpur_0074.wav,ত বিছি কদি একটা দে নে মর বার দাররা দোছেএ র যত ধরি লায় গো াকয়টা হামরা একদিন একটা কঠি  একটা দে নো এতি জায়া দিলে দেদো ফিরে এ এরক মিচার কতা পিম হয়াও হয় কয়দিন দেয়ে তো
/kaggle/input/regspeech12/test/test_narail_0036.wav,ওই ওইদ্ারে খালগুলিস আগে জাগা  ওই যেই যেিবিরিজ ফল ওইছে ওই তো আগে ভিটে ছেলো কলেতো তোর বাবার শুনিছিলাম না আগে ভিটেস ছেলোক্কাগে আগে ক এইডে আমি কচ্তে এযক নামি
/kaggle/input/regspeech12/test/test_sylhet_0705.wav,হ বিয়া অইছে এগনর খরনা আর দুইজন বেটি থিরি এখনে মেইন বাড়ি কুনান আমরা মেইন বাড়ি খাটলি  বিশনা খুয়া খাটলি ফড়া বিশনা ধরোনে ও হুম তে এখন  আফনেরে ধর্ম হিন্দু আমরা সনাতন বলমন আচ্ছা ইখান সমাতন ধর্ম অবলম্বে মানে খতোজন আছে  খেউনা আমরা ও এখবাড়ে আ তিল্লার রেখা
/kaggle/input/regspeech12/test/test_sandwip_0100.wav,তাআকে হইন্লে আই দেতো অইবো খরচ করছে এগুন দি এলোহারে কক্কলতা খরচ করছে নিঃসেব করেন তান তো শেষো কাইত্কা ঠিগাছে হরাম সরকারি চাকরি করা দাও আমু হনল্লে ঠিকআছে  করম্ম জাবের না  হড়া লেখা দিয়া একবছর আগে  এক্কান তাটি ওডা লইয়া কতো সামনের ভবিষ্যত সামনে ক অলা কিছু লাইগদো নো কওনো মাইনষে ভবে মাস্টারে্ট পরদি
/kaggle/input/regspeech12/test/test_narail_0145.wav,তা তো অবশ্যই কী বলো তুমি এইখানে আসবা সন্ধ্যার সময় আসবার আইত থাকবা পতপতপরেকদিন করবেল আমনে তো জানে ট্রেন েবে না পযা হু
/kaggle/input/regspeech12/test/test_sylhet_0217.wav,আমিও দরছি যে হাউজ ওয়াইফিটা তো আমরার জন্মগতো এখটা ফ্যাশার আমার মায়া হাউজ য়াইফো আমার দাদি আছিল হাউজ য়াইফো আমার বাবিরারে দেখিয়ার হাউজ য়াই আমার বইনের ছাতা তো বইনাইন খালাতো মামা তো বইনাইন সব হাউজ য়ই তে আমিও মনো অয় হাউজও য়আই ফইমু তো আমি তো মিনিমাম ফড়িলিছি স্কুল খান
/kaggle/input/regspeech12/test/test_chittagong_0169.wav,আই ইশের কাছে তাচ জিতাম মনে অর টায় ন খাইত্তা হরর লাই জনছু গি লাব দতা ন তা ছা খাইদা না না কি অন্য কিছু টা খাইছি কীডে হাইয়ুস বিস্কির দি তে তুর বড়ফুফবা ভালা আছা নে
/kaggle/input/regspeech12/test/test_narail_0009.wav,আমি গুলাম যে কি রিসেন টাহা পয়সা টাহা পয়সা তো আমরা পাইছি দশ হাজার টাহা তা শুনলাম যে এতকত টাহা দেচ্ছে আমাগে চিকিৎসা তেই টাহা পয়সা তালি কি অলো আপনি খাইছেন নাইলি আমরা খাইছি কছ তালি তুই লাইনই থাক আমার লাইনি থাহে মনির সাথে কথা কলো মনির সাথে কথা কয়ে কচ্ছে যে
/kaggle/input/regspeech12/test/test_sandwip_0118.wav,হেতে তো আয়ে ফইর্যন্ত সবকিছুর মসটার ফা খরছে হেইয়ানে খে অইজ্জন্ত রছে মানে কোন আদি আর বাকিত ুনো ইা ফান্দেডে খান্দের হাউন নিয়া স্টুডেন্ট হেতে অইছে বুজ্জো না একসাতে একশ আাদে স্টুড আরতো আফার আর গর মাইঙ্য়ের লইয়া টাইগ গাছ  আফার ক
/kaggle/input/regspeech12/test/test_tangail_0067.wav,মানে বস বসতে গেছিলো ওসময়মানে পিছলা যায়া নিচে পইড়া গেছিলো আরকি একদম নিচে পড়া যায় কিন্তু মানেমানে পরে যাওয়ার ঠিক সময় বইলা গেছিলো যে হয়েরিস দ্যান মানে বরুন ধান কুথায় মানে
/kaggle/input/regspeech12/test/test_sylhet_0128.wav,হু তারফরে খতি মাসে ঘরে মেনা যেরা আমরা বেতনও যিবো সাভান ছুড আরেটাইতে লাগে হুম সত্তাও মেনা তারে দিবো বুঝছ তোর বেডা খইছে ফাও যেন সমস্যা টাইননে না না তাইন না
/kaggle/input/regspeech12/test/test_chittagong_0013.wav,শান্তর আব্বুরে আগে তিন্নো দিতাম এহান দুফাব ইতা আরো খদে দুয়া নইনতে উকগো দেওয়াি  দূরোতো দেওন খরি গু বেসত রিলাআঙ্গা গ দি ন্ন খরিবো না কিউজি অষুধ য্তাদিন ছলে ইয়া তো নামাস অই যায়্ ইয়া আরো তিন মাস ফাচ্তা তিন মাস ফাশ খইবারে খবওন খরি খতরি
/kaggle/input/regspeech12/test/test_rangpur_0089.wav,একশো এগারো একশো এগারো বছর চলে হ এলা ইয়া রোজা আছিস কো নেকি হ কী দি ভাত খাছিস ভাব কী দি খাসিস
/kaggle/input/regspeech12/test/test_sylhet_0617.wav,তো এখন কিতা তারিনিখানোই আছেনি কিন্তু আই যা খালকে শনিবারে আইোআর কিন্তু মব এখন মানে সবকিছু বিছনামাজইর হুম না আটিরা আজকে সখালে উরতাছি আে কিলা বারের মাঝে আরটা ছেলা বাড়িত গেছলা তারে ছাছা আকেন মারা গিছন্য মি
/kaggle/input/regspeech12/test/test_sylhet_0127.wav,আছে ইডা মালিক থাখে মালিকের ফলা খডা তাইলে থাখে  তরা আও যাওয়া খরে খিয়াল সায়ার খরে আল্লা বুচ্ছি কার এমনে দেখা সুনা কী খরে দেহা সুলাম ম্যানা যারা ছেমেনা যারে ফরতিন মাসে কুইনচি টিকিট টেহা তুলা নিবো
/kaggle/input/regspeech12/test/test_sandwip_0022.wav,যা  ফিচ্ছোস টিকি কামাই গাতা নেখছে যেগিন এক্কা না ছে ঘরে একটা ইকা না আানা ব ছ কছ চ্লে ই মম তা না নি খমাত্তেনা কি খইয়ান বুঝ ছিনার লাগিলা কি না  াল বালা ঘর রই গেছে তাইলে ন চার টি  গেছে আরে তো ছিনে
/kaggle/input/regspeech12/test/test_comilla_0002.wav,কোনরকভুড়ি আমনে নব্বই পাঁচানব্বই হাজারের ভিতার অ মানষে আমরা তো করি স্বর্ণ একটা রূপেই ভালান দিন জানতো না যেই অবস্থা স্বন্ণর দাম  পাঁচানব্বই হা ভরে আছেনা আমরা কি করমেো দয় দাম খেলে পারে খেলে বাড়ে খেলে বারোই খাইল্লে বাড়ে চাইট হাজার টাহাথাকি আশি হাজার আশি হাজার টহাএ নব্বই হাজার নব্বই দাাতে পাঁচচানব্বই হাজার ারণ মনে য় হইছে গিা এক লাখ হইয়ে টাগা
/kaggle/input/regspeech12/test/test_kishoreganj_0131.wav,হরেক রকমের ফল এইদে সেই ফলে হরেক রকমে ফল এে ফলে অনেক রকম ফল এদেে বল  হরেকট রকম ফল এমনে এই দেশে ফলে অনেক রকম হরেক রকম পল  ু অরেক সানে কিক লোক ক আরকা বিভিন্ন জাগা ই নান্নানির কথা কি ফল না
/kaggle/input/regspeech12/test/test_barishal_0051.wav,গরুর মাতুন খাডে থা এ ব্যাডারে তো এট্টা জীবন মুই পাঁচ দিনের দশ দিনের মাথায় যদি একদিন জিরাই না বইয়ে থাহি না হেদনাগ দ্দিন মোর ওই মনে করেন ররেসপাশার লহেন্ কচ কচ কচকসকর কি প আরাদিন খাইয়া তো মুই মনে করেন ভাল ঠেহি না কাসা মা রাে না সপফা একদিন তেছে
/kaggle/input/regspeech12/test/test_kishoreganj_0141.wav,ডাইরিয়ার মতো বিবিন্ন চর্মরউগে আকান্ত হয় হয়দোজ্  আগে  কতা কইল কতা কইরে ে পিটনা সকইে মাটি দুষনয় কি কইছে মাটি দুষন কি কইছে
/kaggle/input/regspeech12/test/test_narail_0141.wav,আমার সতিন ভগ্নিপতি কনে কয় আমার সতিন না তুমি ওইযে হাইসে বলো ওয় দেরছো এ গিনতে হবে না  তোমারহাসিতা রাই খিয় দেবো
/kaggle/input/regspeech12/test/test_sylhet_0156.wav,আসিডি ফাড়াই ালগরাম আছিল আ কিতাখালি জুইবইত অখন বউত বালা এগেন বিগেই ই এলাকায় কিরখম আরছিল রসময় ই এলাকা যে ততো খালি জঙ্গল আছিল
/kaggle/input/regspeech12/test/test_tangail_0003.wav,ফরা তো আর ভোকালেরে তো ইটি মানে বুঝে আরকি কিন্তু ভোকাল তো একটা মেইনি থাকে না পরে ওরা ওারে নিতে চাই নাই কারণ ওয়া এরা আগে গান টান করে নাই
/kaggle/input/regspeech12/test/test_rangpur_0009.wav,মারি গরু কয়টা গোলা আমার মাছাড়ি দিয় লাপকি হ্যাঁ আসবে না কস  নাকইয়া বেটিক না ডান্না কয়ডা া কা খাবার গেইজা পড়ি বিন দিনোডা না
/kaggle/input/regspeech12/test/test_sylhet_0358.wav,র আমার ওযে আমি কইতোম নারে আমি যখন ড্রিম টাগে হেল্প খরছি তখন কিন্তু ওলালার হাউজ ওইয় হাউজও ইকতু হইমু ইটা তো আমার টার্গেট আছিল পাশাপাশি আমার এখটা প্েশার ওইবা ওটা আমি কিন্তু আই গেইনকিদে ইয়া তো এই খারণে
/kaggle/input/regspeech12/test/test_narail_0186.wav,আমি  তেইশ ছব্বিশ তারিখ যাবু আর তজিটিলা কেমন আছে আছে কাইলকে এইযে সন্দেশ টন্দেশ খাওয়ায় আসলাম কাইলকে মিজজাফুর গেছিলাম আমি আইস অস্ছে আইজকে সকালে কাইলকে সকালে আরকি প্রশুদিন কি গেছিলাম গিেখ
/kaggle/input/regspeech12/test/test_narail_0111.wav,খুব সম্ভবতা খুব নাই ইও কি শুনলে তুমি এ তুমি কি কইলে কারণ অঙকর শিরি নিয়ে কালিয়ায় তো একটা বছর কালিয়ায় থাকবো সাহভিদিকটে দিয়াবো কারণ সাইন্সররে নিয়ে খুব স্বপন বুচ্ছিস
/kaggle/input/regspeech12/test/test_sylhet_0213.wav,নতুন নতুন ভুটার বর তে ইতা দেখিয়া নাম দেখি আমরা বাইবুইনাইতে ফু ভাসতামে তোফ ইসফু টেবিত গুটে না হইতো ইতা খরিমুন দেছা সদুকদুরন দেছা কিতার বাত কিতার মা বতা আছে  নাম বুচছোনি
/kaggle/input/regspeech12/test/test_noakhali_0022.wav,ফল বড়ো ওই কমি লাইছে তল্লা িওই ফানি লাইফফার দুততায়
/kaggle/input/regspeech12/test/test_chittagong_0136.wav,রুমে আফুর আননে ফন্ত ন যাইতার খতে উনিয়া দেছ মানে খতেগিন জানা খইয়রে হতেগি জানা খইয়বে আর যাফো খরতে তুই আইছো না খদি আঁই ন যাইয়ুম খয়তে কিল্লাই ন যাবি আঁই খদ্দি আসনি যাআইছুমনে হয় হরে যদি তুই বেশি থাকনামি ন গরিত বেশিএই সেই হট
/kaggle/input/regspeech12/test/test_narail_0114.wav,তুমি কাসবটুকি থাকছলে আমার তারে ফাইভিবিককি পরীক্ষাটা রে দিয়াবো দিয়ায় তর কোনরা জেলা ইস্কুল ই বা পাবলিকি বা নৌ বাহিনীতে যে কোনো একমানে সবকডা ওে এ দসে দায়তত আমার ওরে কোথায় ভর্তি করাতে অবে সেডায়িত তাপরে আমি নিজি পড়াবো
/kaggle/input/regspeech12/test/test_chittagong_0042.wav,হিনেযে কিআর গরিবে পছুন আ মা ওগো এেনে আঁরলে চাইন্নে এহইন্নের গরে এহন এইদিন আব্বেই আঁর মোবাইলির ওয়েব সাইট গিডডি বুজজিস না হ তই ন ফয় একটু ফাটি বেইককি মইউটিউদ গইরে কিডাককিন গেগ গউইরে কি বুজ্জিস না
/kaggle/input/regspeech12/test/test_comilla_0007.wav,ও মানে প্রথমে বের হইয়ে গেছে দুললার মদ্যে বসার জন্য দুললা ইটা সবটা কথা আমি রুহইর মুখেই শুনছি যেও দুলনাতে যে প্রথমে বসতে গেছে তো তখন ওর সাতে ছিলো ওআরেকটা ফ্রেন্ড ওই ফ্রেন্ডডা আবার ওর মানে একদম ক্লোজ একদম স্কুলের প্রথম দিন থেকে অরসাতে বন্ধুত্ব রইছে
/kaggle/input/regspeech12/test/test_chittagong_0145.wav,হ্যালো কিরেতুরা ফোন দেখাতার খতা ননয় হ্যালো না বুলা ছোয়ালাছ আাছোছ
/kaggle/input/regspeech12/test/test_narsingdi_0105.wav,অহিবার নাইছি রারমারকা লপা খইরা মনে অয় ফিডদনে রু ছাড়িয়া ছারেছি তলি ড জেলিতা জেলি খইতান সেলিত্তা জাস জেলি জাস জেলি আরোই হেইডে কী আছিলো কাপের মতো া ক লাা ফাস্ট ইয়ারো ফোটিং দি ছেন না বাচ্চা রা খায় মেঙগো
/kaggle/input/regspeech12/test/test_sylhet_0280.wav,আর ইটা ওইলো কিয়া তোমার উপযুক্ত মররামের লেবেলেেল  লেবেলের মানুষ্বনার না হয়  এখটা পাবলিক ভার্সিটিতে কি ফাশ খরুয়া এখটা মের লাগি তলা লেবেলের পুরুষ লাগাবু যেটা গ্রামের মদ্যে এভেলেবেল না আর আরোখটা জিনিস ওইলো গিয়া তখন গ্রাম তো গ্রাম আমার মা
/kaggle/input/regspeech12/test/test_sandwip_0060.wav,আসি হইরজন্ত শাড়ি ফুলি ক মা আঁর গাকি হাত লই গেছে অন এইবের যাবের সময় ক বাবা আঁয় কেন্নে থাকমু শাহিরি হিনদি আরা কি গরম আরো হিনতি হারে না হরি আন্নে হিন্দা দিলে আবার হেইদে খুলি যাগ কদ্দিন হরতে কি খামগন খাইল্লে সাড়ি ঠিক কাইতে রি ন্নেচছইচছে
/kaggle/input/regspeech12/test/test_habiganj_0107.wav,সতারিক তাইন শুরু অইছলো আতেইশ তারিখ তেইশ থারিকস ফরি উনিশ থাকি শুরু অইছলো আর শেষেব এক তারিখ গুজার মদ্যে আবার কিচ্ছুদিন ফরীক্কা ছলমো তো আজখালান যে ফরীক্কা অইতাছে ফরীক্কা অননেক্সসময় আগে সাধারনণত ফরীক্কা অইতাখে কিন্তু আ
/kaggle/input/regspeech12/test/test_kishoreganj_0134.wav,দাম হয়া যাতে না তাইলে সুদুর ফড় কলা কাটা কলা কাহেপক সুদ্ধু র কলা কাডাম জুরমু হ্যাঁ তর মু পেপি কগা
/kaggle/input/regspeech12/test/test_sandwip_0131.wav,খালি এম্নে বাকি জীবনে হয়সা দিনি দিবেন এবার মেটি হইবা যদি খারাপ রেজাল্ট যদি মশকার আইগে হরে হর খরাডাম না সলে আম ইয়ারে তো তেলাতে তেরাতে বাফে খবর দে আক তো নরমারে ফোনোরো আজাল টাা ম্নে আইন্নে রেজাল আর কইরতো নহ  কাইাক নে আপনে  সেমান্নেসর কদিন আরে কইছেন যে হুনচি হরে লেখান্নে কইল্লে বিয়া দিয়া লাইবেন আসলে আ মানে হিয়ার লাইগি কইছেন বিয়া লাবেন যে
/kaggle/input/regspeech12/test/test_rangpur_0102.wav,র সাতেও কতা হয় না হুম র সাতেও কতা হয় নাই নাহ সোয়াগ সেলিম ওর আগোত খাইচে আর এলা হয় না আর কতা নাহ
/kaggle/input/regspeech12/test/test_sandwip_0042.wav,মনে করছি  হরে আজ মাকো হাইবো অক্কন আঁইতে মনে ছিব তো বাত হাগাইবে বাতেল্লাই বলি হাডাবো বুদো জালে আইবো না বাট থ্রাই ালাইছে হুচ্ছে আঁইহের নো হইয়াল্লাই স আর ছিল ট হোটেল হোটেলে ভেবিলেশ হনাইছি
/kaggle/input/regspeech12/test/test_rangpur_0001.wav,ভয় আমি তো ওই যে আমাদের পাওরের সামনে কো কেলো হেয়ার না কি ছে তা মো কেনো ছাকাই পানি খাইবে  াা  ক্যাা কোরছো ওনা ডিপেন্নেস
/kaggle/input/regspeech12/test/test_sylhet_0094.wav,ইা সাছুব দে  আছফাও ই এইলা শেষ খইরা খয়দা গছ দে হেইনে তো ছয় হজার ফাচশ টেহা যাওয়া অয় না গরো বাই রেকি কিনারার ফাশটো দোকান বাকি লাগি দুইয়া যার আভারে ওইরক্কম বাই একটা পিচ্চি দেও খুতরা ফ
/kaggle/input/regspeech12/test/test_sylhet_0588.wav,ফিয়া সরিয় ওএনরে রাখে আসলে এনরে যাতে জানতাম আরো আগে রাখলে ভালা অইবোন ইতা যে বেটাত  খইয়া দাবিশ দে যেটা ফড়া দে ছাকি বে আরকি তেছাতািগুন ফড়িয়াও ইয়ো খরোই আরে আমিল্লা জানলে আগে দেকি রাখলাম না ত টেকনিক ফার  ফড়া অ কিরত দরো ফ্যালান্ লয় নো তো এখলতো একশ ছাইরটা সারজি অব দু অয়
/kaggle/input/regspeech12/test/test_narail_0175.wav,নয়নের বউ থাকে কয়নে অনে এলেইটা আতে বল াহুম
/kaggle/input/regspeech12/test/test_sylhet_0748.wav,মা রাম্দাইয়া রায়ত বাবনো নিয়া রা খাইতাম খান লাইয়া সবে লইয়া খাইবা খাইয়া বেতানও শেষ ত ইদিন যদি তান আততায় টানি মাত ফাইবা খতা খাইবা আননে খাইতা না খদিনও খাইতা না ইয়ো কিলা ফাু মানে এর ব  কল্লিশ দিনোর এখটা
/kaggle/input/regspeech12/test/test_tangail_0056.wav,অভিনয় সবকিছু ছেড়ে দেওয়ার একটা অভিনয় কিন্তু যেতা সবচেয়ে বেশি আরকি পীরা দাই বা যন্ত্রণা দেই সেটা হচ্ছে একটা মোমেন্ট যেটা মানে গুড ভাই বলার একটা সময়
/kaggle/input/regspeech12/test/test_narail_0170.wav,কোন জাা  খায় না জামাই কোন জায়গা  জামাই কোন জাগা
/kaggle/input/regspeech12/test/test_sylhet_0385.wav,ফিলেট ভর্তি খরাইছিল মহিলা কলেজো তখন ভর্তি ফরীক্কা আরছি আফনার সরখারিত ফড়ছোয়
/kaggle/input/regspeech12/test/test_habiganj_0047.wav,বানিসে গিফট দিতে বালা লাগে দে মানুষে গিফট দিতে ভালোই লাগে দেই দিসিও কেমন অয় সামর্থ্য অনুযায়ী দিছি গিফট দিতে অনেক ভাল্লাগে
/kaggle/input/regspeech12/test/test_rangpur_0020.wav,শাক খাওয়া খুব ভালো ন্যা হহ্যা রমজান মাসে মজা হইলে শশাকে আছে রজাালে খালি শালি সাতার মনে হয় আগে কী খার নাশা খালি শাক তালে খাওয়া দাওয়া করছেন ফিটিাসিেরি শর আজকেডিম বাজা বাইকোন বাজা কি আরো হইলো ডিম বাজা বাইকোন ভাজ
/kaggle/input/regspeech12/test/test_chittagong_0161.wav,আইবোববোলইয়ুম আইচ্ছা ফইচ্চা কলেজ দিয়াম রাচ বারা দিও মাসি কদে তিনমানি তোআয় কি তিন মানি তই সরকারি কালেজ সরকারি কলছিন্দা কি বা সরকারি টোলা আহিদিন করতু কুনা লে যে টেয়া লবো বেচ্ছা কাদি ত সরকারি কত টেয়া লাইবু অহন আর তোর টেঁয়া দেবু
/kaggle/input/regspeech12/test/test_sylhet_0472.wav,তো টেখা যতাকিজুসুন্দর ওউফরে তো যাইরাম কুন জিনিস বইনে খাইবো কুন বনি কুন জিনিস ফছন্দ কুন জিনিসটা খাইবো খে বাইয়া মাকছিল বাইরইোর খুব খম আনছলতানাই আমার বাইয়েন তেখে আর খইর বইনে দ েখসবচে আর বইনেদি একটু খনতি ফারলে বাড়ির যাখি
/kaggle/input/regspeech12/test/test_sylhet_0304.wav,সিলেক্ট থাখতাম ফারি ওউ কন্ডিশনে বিয়া তাোননছা ঠিক আছে তো তাইনো তাইনো মামা বাড়ে বুঝাইছোইন যে তুমরা যে ই ফুরিরে গিয়া বউ দেক্কি আইছো ই ফুরির তো রান্ধা গন্দা খাইতায় ফারতায় না  ইফুরি জীবনো বাড়িত যাইতো না ইগুবয় সিলেট থাখতো ছাকরি ফরীক্কা দিতো ওতা খরতো ওতা খরতো অখন
/kaggle/input/regspeech12/test/test_sylhet_0020.wav,পতোমানা ইরে সষটি দিস মুখা সৃষ্টিদিন ফর পতব সন্ধ্যার সময় ব্যাল গাছে নিছে কুজা খরা দিনপযাল গাছে নিছি কুজা খরায় প্রতম দিন যদি সন্ধ্যারইটা টাইম আছে সসটির টায়
/kaggle/input/regspeech12/test/test_sylhet_0732.wav,দি মিটা া  দত দিয়া বিয়ো ওই যাত মানে ছাই দুরে ফুটরে বিয়  যায় এরা দরের যে রুলি একটা আছে এখটা জিনিস আছে নাড়াতাড়ি ধরোন বিদের যাইতো র বিদেশ গেলে আরজেন একটা খবর আছে ু  দুইয়া তিন দিনের বিত্রে বিয়া ফান এসবতালে  সফটা তাইলে কোন কোন আয়োজন খরে বুত ইরকম আয়োজন খরে আমরার সত নামনা কয়েকটা নাম খইলে আরেকবার খইন নাম টাইম
/kaggle/input/regspeech12/test/test_rangpur_0039.wav,ওয়েডে সব কম দামি গেসিলগুলে ওযে শুমির বিয়া পড়েইযে তোমার ওবার ক যেজুলান্তে ভালো এই বেরকারগুলা খুব ভালো মুসছি তো কেওন হরাবো আসে না মি দেখমু কেমন আজছে দাম ওয়াছা ললা আগে মু
/kaggle/input/regspeech12/test/test_rangpur_0082.wav,সার মাপ যেমন অভিনয় ঝেমন করি হামরা মাও ঘেরে দেখছি ওইদেন করা হামরা এখনা কিছু শিখছি বুজছিস ওই যে শাদানের বাপ যেমন শাগানে দেখছে এখনা কিছু কিছু
/kaggle/input/regspeech12/test/test_chittagong_0005.wav,ননা তার লু ত অফিস ফিশজু মুরতুন এহন তো আইটের দে ন বইে সকালে এক্কানা গরি যাইয়েরে বইলি বই তারফরে তা পিচারে চাই কি উইয়্যেন্ডে যাইয়েরে ক্লাস থাকে ক্লাসে ক্লাসে চাইর গুড আই আয় খ জলা তো আইয়েরে ফইলে দি চারা ঢুকি অফিসরে ফুা দি কলা টান ইয়্েরে চাইবু ন দেয় হেদিন নে আঁই
/kaggle/input/regspeech12/test/test_tangail_0012.wav,প্যারি মার্কর আলে ছিলো হোমো সেক্টুয়্যাল তার সাথেই অনেক ছেলের সম্পর্ক হয় আর এই বিষয়ডায় মনষ  যম্ারিজে ছিলো অর ওযে  যে ছিলো আর ওয়ার সাথে আরকি ব্রেক আপ হয়া যায়
/kaggle/input/regspeech12/test/test_sylhet_0581.wav,কিতা খয় ওইযে হুরে ফামোর ভাবি নাগ কিন্তু ডিমলনটাশনো লাইকটা যায়গা ইবার যে আমরার শেখ আছে না পার্ক ওইছে প্লেইসটা একটু ছোটো অইলো সুন্দরাদুইটা রআইড ছড়ছে এখটা রেল গাড়ি একটা স্কাই ফাইন সুন্দর লাগসিওছটছে
/kaggle/input/regspeech12/test/test_chittagong_0060.wav,ন জানি কী ইরকুম এইতো তা কোনু প্ল্যান ট্যার নাই তোর সিটি কলেজত তুন রলিার লই গেছে না হ্যাঁ ডিলিস পেপার লইয়স না সিডি কলেজোত তুন কিন লাইভ
/kaggle/input/regspeech12/test/test_sylhet_0239.wav,উখ না ওয় তে সারা জীগন আমরারে খষ্ট ফাইবো আর আমরারে বদ দোয়া তুইবো যে আব্বা নাই খরিয়া আমারে ফড়াইছোইন না তারা বাইয়াইন আমারে বুজা মনো খরিয়া বিয়া গিলাইছোইন এখন তো তাই যেহেতু ফড়তো ছাড় আমরা একটু দেখি লাই ওউ দেখি লাই ওয়াও দেখিলাই ডিসিশনে আমার বাই আমারা নিয়া
/kaggle/input/regspeech12/test/test_narsingdi_0122.wav,বইন প্লিস এয়ার পরটাই লাগা নাপ্লিজ কানাইট করা লিছে এ দেখ ট্রাকযা দেখতে কি সুন্দার না চেপপি দেখ ছেডি কি ডেমন একইকারে একটার দুইরূপে না এইছে হিউমান থাকতে ফরে মুজানটবুচ যি হেরে ডেমন বানায় দিছে
/kaggle/input/regspeech12/test/test_tangail_0021.wav,দুই হাজার এক সালে রিলিশ পাই সেএন ডিপিটি আমার অন্যতম একটা ফেবাএেক মুবি কারণ এই মুবিটা একটা লাউস্ট রই মুবি আর ছবির নায়ক থাকে জোনাথানা নায়িকা
/kaggle/input/regspeech12/test/test_sylhet_0394.wav,মারতারে সমস্যা ছেনি আচছা  দোর জন্যের লাগে ইন আইছা পরজ ঢুপপেউপি যায়  বাসার সামনে কোনদে ইদিকেনে না ও যে তুগে আইতিছে াতা বাসার সামনেই যাইসে আর ডিপুটি আ াপ্রাই স
/kaggle/input/regspeech12/test/test_sandwip_0025.wav,ছুট্টুকুগা সারকারে চুতি আরনার গে ছুট্টুকা জাহিদো একসময়র কম আইছলাম আক বয়স অইতো ইতে আছা হরলা হেনে ভালো অই যাইবো কেল্লা কই ভালো অই যাইবো কতানি আ হিয়ারা এক্কারা মানি সবসময় আছ মাফারে যেসময় গা জাহিদও যেসমকয় আহিয়া কইততে হয় হেইসমগ আছমাফারে কতা কন কইছি আইগো আছ মাফা দেইখবেন আম্নের আংগো আরুগগা ম্যাডাম আইছলাম
/kaggle/input/regspeech12/test/test_sylhet_0040.wav,ও যে মা লক্ষীর ঘরটা আছে না দুরগায় সব ঘটের মদ্যে পানি নিবো ঘরটা বিশ্যা যে পানি নিয়ে না তারা না রাগবো এই পানি দিয়া পরে আমাদের হাতে দরেন শান্তি আছে এইযেইা এইটা সবাই কেটার বিত্রে অপরাজি তার ডাল আছে একটা পরে ইতা পুলের ডাল আরে কি কিস্টাক কইরা মনত্র উচ্ছারণ খরিয়া
/kaggle/input/regspeech12/test/test_chittagong_0039.wav,কিত্তাম হ দে আড্ডা গো দি ফরাদ্দি লাইগা কিন্তু আমি জোরো মুরই য়্যিনদে একটা আড্ডা আগোদি কি আঁর গরবি বইন খায়ালা আরকি অ ইয়ো বইন আঁর চিন্তা করবেলম দরি ফওয়া লেখা অরি রজজান মাসেত থোওয়া লেখাও না হ
/kaggle/input/regspeech12/test/test_noakhali_0024.wav,জএকজনে কতাসম কইবো তা করিয়না আন্নে তো ঈদ বাঙ্গেরে ঈদ বাগান বিয়া করো ইয়ার গাছন বিনিয়া কাজনে বাঙ্গা বিল্লা ডা জেকাল এডাইএগ মনে লাগে অলাইন কনে লাগে বুইজ্জি তো অংকা
/kaggle/input/regspeech12/test/test_sylhet_0178.wav,ন তো এখা কিচ্ছু খরোইননি আয় রজগা ফাইনরে মাইলা খাই ফাই কিচ্ছু নায় এখজনে ওতো  খরা ওউ মাদরাসার ছাখরি খরোইন এখজনে ইতা ওতো ফয়সা ওউস নাই পলার মতো আকি কুনু ছুরোত আর এখজনপড়রা অন্যদিআছলোইনপড়রা আর আর নহনদারোর খাম খরোইন ওউ বলে আর কিতা কুনু ছুরোত বাা
/kaggle/input/regspeech12/test/test_narail_0185.wav,চাচ চাচ তোর চাইল্রা বাটটু তাকতো চাচ ততানইতা আনে না কম কাছত বাড়ি যাবিন পবে আর
/kaggle/input/regspeech12/test/test_sylhet_0603.wav,নমব কুনু স্কুলো আছে না তুনি ম্যাডামর সিলেট থাখোর না ইযে সিলেট থাইকা বিভিন্ন প্রোগ্রাম ও এরফরে ম্যাডামের সাতে যখন ছবি টবি তুললাম খালা আমি ম্যাডামের খইতাছে ম্যাডাম যে বালা লাগতে ফযার ন ম্যাডাম আমার সিনিটি ছে অনো ওয় নিছিন্তা নানিতে তোমরাোমানে
/kaggle/input/regspeech12/test/test_narail_0044.wav,দফাদার দফাদারলে া দা দফাদরগে বিটে কোন জাগা না হয় দফাদারের জাগা থাকলো তোর বাবাতেনে ওই যই ফাশে খুর খুঁজ যাইতি অ দফা দরগ ই সবশান সিবু দুই তোর চেনবিও মানে তাগে খ চেনবে না হরসা মনস কিডা ও তো বড় বেডি গু বংসের ছোয়াল
/kaggle/input/regspeech12/test/test_narail_0129.wav,গরমের ভিতরে দাঁড় আবার উঠিছে কেউ হঠাৎ কইরি কচ্ছে চন্দন যা সর াসর  হন্ছি প্রচুর গরম তো ঝেমে যাবানি থাক পরেক সুভায় আছিআপদি ঘর কনত ক কছে তুমি আমার তোআমার অডে লিস করতিছি আসোয় একটা সময় একটু সুময় দেও
/kaggle/input/regspeech12/test/test_sylhet_0383.wav,এরফরে ওইলো গিয়া মেসো যদি থাখি না তাইলে খুই তাখমু তে এখটা বিশাল এখটা ইয়োর মদযো দিয়া গেছি আরকি লা অবাব ওনোটন চিন্তা দুশচিন্তাওতার মতে দিয়া গেছি গিয়া তারফরেও আমার বাইয়েল দে আনছোইন আমার এখটা কোচিংো দিছোইন দিয়া পাশেও নাই উঠি এখটা ম্যাসো দিছো না ফুর মেসো উঠছি ওনো আমার লগের আরো ছাইরজন তাখতো ল্লা গলেজো খরছে তারা আমার এখলগে
/kaggle/input/regspeech12/test/test_sylhet_0287.wav,পরিবেশ আমাদের যে সমাজ আমি হয়তো আমার চাইতে কোয়ালিফাইড হাসমেন্ট ফাইমু আমিতখন আমার ফিউচার নিয়া সার্টিই যে আর যাইবো আমি যেই স্ক্রেসের মদ্যে রানের মাঝে উঠছি আমার এখটা জব ওইবো হুম এবং আমি চাইলে এখন আমার চাইতে কোয়ালিফাইড হাসমেন্ট ফাইমু
/kaggle/input/regspeech12/test/test_narail_0107.wav,যাগবার এওইটা আ্ছে গিয়া যখন ডাক্তার দেখাইছিলো ম ইনফেকশন হয়ে গেছিলো আর এবার দেখালাম তাইনফেকশনের ইটা কমে গেছে আর ওইটা ভেঙে ছোট হইয়ে গেছে দুলানি খন্ড ফান্ড ওইয়ে গেছে
/kaggle/input/regspeech12/test/test_sylhet_0043.wav,কলানস লাগেোা মানে মানে ইিলেগিয়া নিয়া নিয়া যা ারে হেক মাস করনি আমরা এখন আমরা বেশি মার একটাা মানে ফড়ালেখা একটা ব্যাপার ও মানে আঞ্চলিক ভাষা নিয়া আমরার একটা রিসার্চ আর কি তা আমরে এমনি একটু গফ করমু এখন বাষ সময় তাডার কি দরআমার সিলেটি ভাষা টা দরখার মরা
/kaggle/input/regspeech12/test/test_kishoreganj_0028.wav,আমার ফরাদিন নামডা ভুইল্লাইছিগা মানে এইলা মারা গেছে ইলা ছেলে আছে ছাইরজন ছামরাজে উঠতে এইযেকটা ইস্কুল আছে কি একটা কিনতারা গাডে হ ুল্ার লগে ওইডা মারগছে ছেলে নামবে কিতা আ  বাংলাদিগা
/kaggle/input/regspeech12/test/test_barishal_0039.wav,এহন কয় কি কয় ট্টা গরু পালনি এেদি খেয়াল করেন গরু পলতে ওলে এযে তো ভাডনি বেশি না রায় হ ছাডনি বেশি না এইযে হামনে দি কইল সন্ধ্যাকাল আছে  ঘাট বোজা কাডলেন কি দর করা ছিলো রতন তার পার খাইল্লে হালাইতে হইতেন কগলেন ক্যা  মু কইছে কি ও কে প্রতম ওল্লাগে কাম করে আবার ধান থাকছে ওগাছে ধান কাটতে
/kaggle/input/regspeech12/test/test_chittagong_0023.wav,চিডাং অত কী কী গইরগি ফরদা না চিরাং অত গেলাম হডে ঘুঝিলাম গাড়ি অইলাম বেয়াককুনু লইারে ফুচক টিফ কাহাইরাম গেলাম ফুসক টিস্কা হায়ে আইয়ও বইন আর ন খইতো বইন যে অবর্তহই যবো আবেশি গরম ফইর্জি ত
/kaggle/input/regspeech12/test/test_narsingdi_0030.wav,একটা টিম যিত্বে ওই যে কয়দিন আগে ইয়ে দেখলি নারিপোর্ট আর আতার আলী খানরে জিগাইলো যে আপনে বাংলাদেশ কিবাল কাপ জিতবে কবে মনে বললো যে দুই হাজার তেইশে
/kaggle/input/regspeech12/test/test_habiganj_0111.wav,ফুইরা যায় মানে মানে একটু তিরিশ নাম্বার ইম উঠা লিবো বাট মানে ফতাশ নাম্বার আগ কিছু না উটা লিবো ইরম  ফুইরা যায় মানে ঠিকমতো ফড়া নাআরকি আর রোজার মদ্যে ফরীক্কা এর লাগি একটু উনোর োকিতা মানে ইটু আর্নিজি ফিল খরি আরকি
/kaggle/input/regspeech12/test/test_barishal_0025.wav,এ শনে আমনে এই কথা ভাইয়ে না খাইলে আমনে খাইছ হাজান ডাক্তার যে ওষুধটাক খাওয়ায় না প্লাপানরে ওনার কত ওইযে ঘুরি ঘুরি ট্যাবলেটটা প্যায় সাদা ই ট্যাবলেটটা বাচ্চাগোজেন কঠিন উফুগারি জিনিস ওলোক  এই লোকতিরা জেনা মনে করেন তিন দিন খাওয়ানের পর যে রোক টার লাগে আনি ভালো হইয়ে গ্যালে ওইডযর থায় না এতো কইছি যে ই ওষুধ খালাবিনা
/kaggle/input/regspeech12/test/test_sylhet_0025.wav,ন্ ইখান তখন বারে বাসাত বেশি রামরাি না  নন্দিরে  বেসতা তখন আমরা গি খাইছি কিছু অওয়ার ফরে গুরা গুরিসে খয় ইখানো শান্স্কিতি অনুষ্ঠান ত শান্স্কিপি অনুষ্ঠান আনন্দ স বুছ বড় ই অনুষ্ঠান আর পুজার তো দরশবুজা মার দুগগা খতো সিস্টেমে যে পূজা খরায় মানে অনেক কিছু যাওয়া হয় টাকুরে খাইছি
/kaggle/input/regspeech12/test/test_habiganj_0092.wav,ুফরেবারি গুরানেত গিয়া বেশি একসাইটো টএনতে কদম বদ্র সদ্রর মতোন বালা মানুষের মতন বা বার ফিছিরিযে গুরো না ঘুরানি গেলেতো এককে মজায় নন্দ ফরার লাগি এি মানুষ ঘুরানিত যায়
/kaggle/input/regspeech12/test/test_barishal_0026.wav,এই ওসুধ থালাবি না এইএ ম্ডে গুঝান যায় না   তিতেছে বিয়া যে বোতল মনে করেন  দেহতে ভানি মাথা নষ্ট হইয়ে যাইবি যে ঘুরো কারারা ওষুধ টাইন্না এইরম হালাই দানি এই এটা বলাওই করে ইবল করে আর হলেএই জুলে আছেত ওসদ
/kaggle/input/regspeech12/test/test_narail_0061.wav,নে গলে অনে তো ওইভাবে তা লা মায় লাগায় চা গত্তা দেখি কইরে ফাইরলি ওর কার দেবো অন একটু তোর মাইয়েগু মালায় ফাতল আছি রাস্তায় লা লাইগলে বলে বা কফা র তিন ঘন্টা উশি
/kaggle/input/regspeech12/test/test_sylhet_0204.wav,গিয়া লাগতো না কিবায় তাও দিলে আরেবাইডা লাগতো তো ওতা আসেল ফিছনে দৌড়াইতে দৌড়াইতে টায়া লই যাইতাম বাদে দেখতাম যে যেদিন দান হিজাইছোইন ইদিন ইস্কুলের টাইম যদি ওইতো দশটাত আমি গিয়া খই তাখতাম আরটাত
/kaggle/input/regspeech12/test/test_habiganj_0040.wav,এরফরে তিকা আর দেবাল নজা জে লাগে দান অ আমার অ  বাা আমি ইখতা খরি তরখারি বালা খইরা বাজ মুজ মছখ খরমু খইরা খইরা আমার ইডা একটা স্বভাবটি কই মা কিন্তু পানি উনি খম দেয় আমি কিন্তু তর খারত ফানি বেশি দেলায় সবতে খরমু ঠিক আছে লাস্টে দিয়া এমুন খানি দেই পানি দিয়া তরখারি একবারে বারোডা বাইজ্জে যায়গা আর তরখারিয়আর বেশি জাল দিতা দিতে একবারে তরগল ই নাই
/kaggle/input/regspeech12/test/test_tangail_0007.wav,আইচ্ছা তারপরে তো ওউ ব্র্যান্ডের সাথে ঝব দিলই র ঠিক এইসময় এই ফেডির সাথে আরেকজনের পরিচয়  মেডি
/kaggle/input/regspeech12/test/test_chittagong_0011.wav,হয়ছাতেতরে বাইর ছরে খুই ত গরো তু ইতা করে না এনরে কিা হনে কে ফাম নে ঘুরে ইয়া খেই বেড়ারনি হোন আছো না না ও দুরে য়া দেখালায় আছে দেহালা আছা এইম্নে নদি টো দিয়া য় ই দেনিং
/kaggle/input/regspeech12/test/test_habiganj_0024.wav,তিনবেলায়ই ফূজা খরে এখন একে আর্তে তিনবার যাতে সখালেও ঘুম তেকি উইট্টা দিবো নয়টার বিচ্ছে আড্ডার বিচ্ছে আবার ফোরেও দিবো আবার সন্ধ্যার ফরেও দিবো
/kaggle/input/regspeech12/test/test_sylhet_0329.wav,তখন তিন মাস ফেট তখন বইলা যে আমি খই আমি ইতা তো আমার বালা লাগের না তুমার এখলা এখলা পরিশ্রম য় এখলা ওতোজনের খরছছা দিবি আর করো বাসা বাডা খতাত আমি ছুটোখাটো ছাকরি খরি করি খও কিতা ছাকরি খরবায়
/kaggle/input/regspeech12/test/test_comilla_0016.wav,বেতন দেওদিয়ে বেতন দিয়ে উনি স্কুল থাকা বের হবে আরার মেয়েরে নিয়া ইস্কুল থাকি বের হইতাছে তে উনি কিন্তু জানে না উনার মেয়েরে যেই অবস্থা সবাই বলতেছে কিাকেউ একটাকারেন্টের শক মানে সবাই একটা ধারোনা করতাছে যে কারেন্টের শক খাইছে এইজন্য কেউ একটা বাচ্চা দুর্ঘটনায় ইয়ো হইছে ওরে
/kaggle/input/regspeech12/test/test_sandwip_0004.wav,আট গনিডে নমিহার যাইবে না এক্কভারে এই উছুল এক্কোবারে তিন চাইরবার কোস লইছেলোক একন না হিডে ফাকগো মিডে আ বাছ একবার কোসল অইলে ছাইর আাছ বর কাছ বেড়াই লাইতে অইবো এককোভারে ছাড়ি যিগে
/kaggle/input/regspeech12/test/test_habiganj_0025.wav,আইচ্ছা প্রসাদের মধ্যে কীখাবার মানে থাকতেই হবে বাদ্যতামূলক প্রসাদের মদ্যে দুধ জাতীয় খাপাড়টা বাদ্যতামূলকওই তাখে আবার ফল টল বার তুলশি পাতা তো আমরা বাদ্যতামূলক কিলশি পাতাত সব যেকোনু প্রসাদের মধ্যেই তুলশি বাতা দেই মানে যেডা দিয়া প্রসাদ চাত যাইমু যেটা দিয়া ভোগ দিমু ইটার উফ্রে তুলশি ফাতা দেমু
/kaggle/input/regspeech12/test/test_noakhali_0021.wav,রুকি থা না ওন খাইয়া বাই বলা অইছে না হুইনছিনাম
/kaggle/input/regspeech12/test/test_chittagong_0154.wav,কলান বাড়ি ন দিয়া অইলেে খেনাহেনা তার হারে সয় কি্না আনু কইরা এন দে ওই যে অনে খেলা মনদা এন্দে কিন হোনদে কত নাই তাওন যে ফারে ডেকেই এর্তুন বান্ধবী রাইয়েরে গেই বান্ধবীরেরতুন আনশি ফুঙ কইরছি দেও বড়আন্টির লইতে যাবেল্লে
/kaggle/input/regspeech12/test/test_sylhet_0005.wav,সব খইলা যে ফা রাইলবাদে গরাইয়া অন্য জায়গাত তিছ অন্য জাগাত্নিলিইলা আরও খইদিন তুমি যাওয়া সবতায় খষ্ট অর্তে াড়া একটা নান জাগাততাইন ফাওলা মানে ইটা ওতো খেউ বালা খাম তান গরো সব উফর খালি এখন আর বয় স উরু ইোবুতলের ম্যাকজমও অত্তি তা টাকজগুল খানি োজসম উটা ন তো এমনে উতোর
/kaggle/input/regspeech12/test/test_chittagong_0175.wav,আজ্জা কুতুর ভাইয়া ইয় যয় জুর গোর জে আন্তিরে থাহিবাল্লে না থাহে কুতুর বেত  নামিয়াদা কুততুর বেতা সামনে যাইলে দল লাগে আর তুর মাঝে মাঝে কিয়া কুতুর ভায় ইতা তোইটা মোবাইল সাক ঘরে দাই রাখসিরি
/kaggle/input/regspeech12/test/test_narail_0113.wav,ওরে ক ফাল এই তো দিলে চরম একটা ব্যাথা কেনো জানিস কারম তুই আচছে গিয় আমার বোনডিলাইস আমরাতি ব্যস্ত আ পুন্ডিমুটি বাদ বাল্লা
/kaggle/input/regspeech12/test/test_sandwip_0047.wav,যুদি আল্লাও কিল্লা ইছো তাই আইছে মুর বাইরের লাইন াসপে খন কিা বেশি খাইন্না এখলো বাতারতোইবাাা না এগিন বালা খামাইহিমু
/kaggle/input/regspeech12/test/test_narail_0131.wav,ওই তো কি তুমি খুননা আসপকবে তাই কোও যাবানি দেখি হয় তবি খুলনা আসপা আমার সত্যিই কথা বলতে কি আমার এখন এই জাগায় আমার থাকতি ভাল্লাগে না
/kaggle/input/regspeech12/test/test_sylhet_0539.wav,াাখি আর গেছেন আর তারিনেও তাই আগে তেকি খইছে স্যারা বুলি এনো গিয়া আইছি যেদিন তারিন তাা গেছোনি ও তাইর বাড়িতে দিন তাই ফাসবেন্ডো ফ্রেন্ডরা গ হু এখন আমি নানি খইছি ত আর যাইতাম না সোযাইরা না আর পরে যতো
/kaggle/input/regspeech12/test/test_kishoreganj_0048.wav,কাচা ও লাশ বাইলছুইন লাস কার দয়লাস কারি দেই আয়া লাস কে গুম আগে তো বেত্তেল ভালা আয়া
/kaggle/input/regspeech12/test/test_barishal_0076.wav,আর াআমনে একবেলা যদি মনে না থাহে এা
/kaggle/input/regspeech12/test/test_narail_0178.wav,ও বলে কি কাজ বাজ কর্তো হ্যা ওই যে টুক তুককি চালায় মা ওইগে চলে যে তোআইনারতো তানে ফয়দে যায় নাগি খেলার চলার চায় তা না কোনো কাছি কতান করে না আরে বাফা
/kaggle/input/regspeech12/test/test_sandwip_0087.wav,চুলতারিখ মাইজ জাগা তো চল দরতেও দেন ফত হুজালি উগগাইছে মাইজ্জাগুরা আকা মাইর জাগা হাতো দিতোন মাজার মাইদ্ে আ দিতদিি হি প্যাকে
/kaggle/input/regspeech12/test/test_tangail_0061.wav,বরুনদাবানি ছবিতে মানে বুন ধওনের নাম দোন আর অইছে বানিতাএর নাম অইছে শিউলি ওই অক্টোবরে যে শিউলি ফুল আছে না ওই শিউলি ফোলের নাম এই আরকি নাম শুড়ি
/kaggle/input/regspeech12/test/test_kishoreganj_0047.wav,এ অইছে  অইছে া কানো বিল বিল অইছে অ নােকে কহান দিয়া কাছা না ফান না কটাা
/kaggle/input/regspeech12/test/test_sylhet_0076.wav,আইচ্ছা মানে ইতা কিতার লাগি খরোইন ইগু আয় বাই একটু আইয়ে বাড়া লল জবার গাছ তাকইয়ো খরি লা ফড়ালান কামগো নাতে এহন ফড়া লেখা খরো দুইজনে মানে ইচ্ছা কিতা কিতা খরতায় আমি না আমি তো আমার ইচ্ছা খরনা কবিস্যত আছো টিচার ওয়ার ইচ্ছা তাইন কিতা
/kaggle/input/regspeech12/test/test_sandwip_0059.wav,রাস্তা আইতেছি তো দইর্জো এক্কারো নাই আ নাজর লাগ গনান দিয়া আঁই তো দেমা কিসতুন আগা আইচছা ফরি ইচ্ছে শাড়ি নিত্তে থুইয়া ইবোযে হিনতে অলে
/kaggle/input/regspeech12/test/test_sylhet_0271.wav,ইটা গ্র্াদ ফাইতে গেলে আর ফাইছি সাবজেক্ট ইংলিশ অখন ইংলিশ সাবজেক্ট থেকি ইটা পাওয়া অনেক কঠিন ইটা তো আমি ফয়লা বুচ্ছি না ফার্স্ট ইয়ার তো পরীক্কা দিয়া ফার্স্ট সেমিস্টার তো কুনু রেজাল্ট দিছে ন থ্রি পয়েন্ট জিরো এইটফাইছি
/kaggle/input/regspeech12/test/test_habiganj_0086.wav,আর ছুডু বাই একগুলা মাদ্রাসাক খরে আরেকটা ওলোগিয়া জুতত নারসারি এরা কেমন দুষ্টআমি গরে তোমার খতা য় শান্তশিষ্ট না আদুষ্ট নাকি তুমার খতা খতা শুনি নি এনা এনের খতা খইয়লা ফাছে এরে তো দুষটাম খরে
/kaggle/input/regspeech12/test/test_sylhet_0733.wav,দ কইলাম ুন দাতু নামি তার ওদে বিয়াতারফারে সুন্র নাবিয়াগলাছলন বাদে ফানার কিলা ওইবো ওদিন  দি  জু নান  না বালা বেশি বালা জানবা খালবাি তার বাদে বিয়া ওই বিয়া বাদে তো বাসিবার তর বেশি রাসপিয় র কিতা বাসি বিয়া নুন্দু ওইটা খানফানি হরাইন্ছা মনা দি া জনিপসা তোখেখবাজার রাচছে   রাতর া ানি বেলা
