path,transcription
/kaggle/input/regspeech12/test/test_sylhet_0070.wav,ইগুত্ত ব্যাচ তো আমি সারি ভর্তি করি আর দক্ষিণ সুমা কলেজে গেছে আমার বৈনাশক্তি মামগুর বৈনাশক্তি মামগুর বোন বলতে আমার বেস্ট ফ্রেন্ড বলতে হবে না কলেজ লাইফের কয়েক বেস্ট ফ্রেন্ড হতে হবে তাই আমি দ্রবীণ হয়েছি আর তাই আস্তাতারী স্কুল
/kaggle/input/regspeech12/test/test_narsingdi_0002.wav,তারা দুই খারাপ ফেলে গেছে না তারা ওই লিগ গুলোতে ভালো খেলে দমেজটিকে ভালো খেলে পরেই তো ওদেরকে জাতীয় দলে ডাকা হয় হাহ কিন্তু কী করব প্লেয়ার তো আর একটা দিতে না প্লেয়ার তো অনেক
/kaggle/input/regspeech12/test/test_sylhet_0637.wav,তারাও কি তা যৌতুনি এক লোকে তাহা নিয়ে
/kaggle/input/regspeech12/test/test_sylhet_0227.wav,তো খান্দি খান্দি পরীক্ষা দিলাম টিয়াওয়া আইসি অফ্যাত সিয়া সম্মান করা ও বাড়ির রাস্তা একটা উচ্ছনে বাড়িত ডুববার একটা রাস্তা শিকন আছে পরীক্ষা দিয়ে আইসি বাদে দেখি আমার ভাইয়েরা রাস্তায় মাটি ফেলায় মাটি ফালাইয়া এগুলে বড় বড়
/kaggle/input/regspeech12/test/test_tangail_0035.wav,লাইফ অফ পাই দুই হাজার সালে রিলিজ হয় কিন্তু আর এটার ডিরেক্টর ছিল অ্যাংলি এই ছবিটা যখন অস্কার পায় তার পরে আমি প্রথমে এটার নাম শুনছি যে লাইফ অফ পাই প্রথমে ভাবছিলাম যেটা মেথমেটিক্সের কোনো থিওরিটি নিয়ে হব যেহেতু লাইফ পায় আছে আমি ভাবছি পায়ের
/kaggle/input/regspeech12/test/test_narail_0103.wav,বুকে টুর্নার দ্বারা পড়ে যান মানে বুকে বলতে ভিতরে হ্যাঁ তা অপারেশন করেছ আমরা অপারেশন করার কথা করিনি না না টিউমারটা এমন জায়গায় সেটা তোর
/kaggle/input/regspeech12/test/test_rangpur_0053.wav,আর আগে টাকা এলাচিল খায় তাই যায় বাজার নিয়ে হাঁটু দিয়ে সিল আর রাস্ত্রি আল্লাহর কাছে হাজার শুকুর মোর কোন দিকের ঠেকা নেই
/kaggle/input/regspeech12/test/test_sylhet_0067.wav,কথা করতে আমি নিজেরই বুঝতে পারলাম আমার পরে আপস করলাম কিছু করে নাই সামনে দিতে তার নাম নেওয়া হোক না তার আমি বৈদ্যাশি পরে তারা বলেছে আমি ভর্তি হন অনেক দিন গেছি কি আমি ভর্তি এসেছি মার্চের দশ তারিখে নাই বলেছি তার বিয়ার গেছে ফেব্রুয়ারির বিষয়টা
/kaggle/input/regspeech12/test/test_comilla_0032.wav,ওর পুরা ফ্যামিলি আমাকে খুব লাইক করত তো এখান থেকে আমি চব্বিশ বছর ছিলাম এখানে আমার ঐ দেশের চলাফেরা খুব ভালো লাগছে কিন্তু অনেকে বিদেশ কষ্ট এই সেই কিন্তু আমার কাছে খুবই ভালো লাগছে
/kaggle/input/regspeech12/test/test_narail_0018.wav,তা আমরা তো খাই নাই তামরা খালি খেলি সেতুর দরকার আমরা খাই নাই যদি ওর মাইসুতো টাকা দেশে দিয়ে তাহলে তোর মাইসুতো ভাই খাইতে আমরা দশ হাজার টাকা পাইছি তা তো তোর মাও জানে যেসবের টাকা পাঠাইছে এ তো সব মেলাদিন আগে আমরা সবাই জানি
/kaggle/input/regspeech12/test/test_sylhet_0047.wav,বাসার এমন তো কলেজের সময় যা রেগুলার কলেজে যা আলাকা পাইবে আর এমন তো বাসাত ধরবই না ফন্টি বাইক বাকি রান্না করার কথা
/kaggle/input/regspeech12/test/test_sylhet_0203.wav,ই যে রোদের মধ্যে দান কাটা খুব কষ্টর আছে কিছু ভয় কুটা লইয়া মুরুক আর পিতাসাদা নিয়ে আরা চাকরি আর আমি আসলাম তো পুরু আমার আসিলতা চাকরি
/kaggle/input/regspeech12/test/test_chittagong_0166.wav,আজ রাজবীপেরা নামিয়া সিলান অজায় ডিজাইনা ব্র্যান্ডের কার বিয়ে দোলনের তারা নতুন ব্যান্ড যে নামে তারা ছাত বৈন্দু থাকে তাহলে পরে দেয় দোলনের বিয়ে নামেন নি তো দোলনের বিয়ার কি
/kaggle/input/regspeech12/test/test_narail_0155.wav,পুনার দিনই ডাক্তারদাতে খুবই গিলে কম করে দুটি তিনটি মাস তা লাগবে
/kaggle/input/regspeech12/test/test_habiganj_0060.wav,কিন্তু সুডু ধুয়েডাও তো শয়তানি তারে একটা দিলে দশটা দিব আর আমার সুডু ভাইটা তো আমারের
/kaggle/input/regspeech12/test/test_habiganj_0033.wav,আচ্ছা তোমার রান্নাটান্না নিয়ে এখন হোসেন পিতা করতে পারো
/kaggle/input/regspeech12/test/test_rangpur_0065.wav,আরে কোন আছাড় কথা কর সেই অত করের কথা করে না বেটি কোন আসাই বিয়ে করে নাই ও বিয়ে করে না
/kaggle/input/regspeech12/test/test_sylhet_0113.wav,আমার খালা জামাইও আছে তাই বুঝি হবার মানুষ আছে তারা দোয়ালাগিলা দিনুস বলা চলে সাক্ষ্যের চোখ প্রভাব তাহলে আমরা আজকে একটু কষ্ট পাবেন বুঝছি ও আল্লাহ দিবে নে কষ্ট করতেছেন ফলটাই নেই
/kaggle/input/regspeech12/test/test_kishoreganj_0185.wav,অম্বুয়া বলে মানেন বাহ
/kaggle/input/regspeech12/test/test_sylhet_0248.wav,ভিলানা বিয়া তখন পড়িয়া খেতে হইল ও তাড়াতাড়ি একটা জবাব দেওয়া তখন দায়িত্বের মাঝে পড়ে গেছে বাইরের মানসম্মান রক্ষা করা ও পড়তাম পড়তে পড়তে আমার টার্গেট আছে যে চাইও মিনিমাম ফার্স্ট ক্লাসটা কেন থাকে
/kaggle/input/regspeech12/test/test_sylhet_0482.wav,বালু তোর রাখিয়াই কেন আমার কারণ বালিস্বরাকে আমার আমি একটু অসুস্থ মানুষ হ্যাসিয়ার নামে একটা সমস্যা হয়েছিল মেলার দেবীও আর হরে এগিয়াছে সমস্যা বেশি হয়েছে ও কারণে একটু জায়গা ফালটা নেই নিজের বাসার তাকে একটু দূরেই থাকা তারপরে তো বুঝলাম না কিছুটা বাবা নিজের তো ভবিষ্যৎ করার লাগিয়াই নাকি নিজের বাসা রাখিয়া কিন্তু বাড়াটা হার আমি কেন বুঝলাম আমার সমস্যার লাগে আপনার কয়েকজন বার জন্য বাচ্ছে এর একজনও বাচ্ছে এর একজনওও না নাক্য
/kaggle/input/regspeech12/test/test_sylhet_0236.wav,তোর কি তার ইচ্ছা তো আমি কহিলাম রেজাল্টও করছি আপনারার ইচ্ছা আপনারা দিলাইলে তো দিলাইবাদ কিন্তু আমি করতাম আমার করার ইচ্ছা আছে
/kaggle/input/regspeech12/test/test_sylhet_0391.wav,ভাড়া টেনে আন্টি
/kaggle/input/regspeech12/test/test_narail_0136.wav,আমার মা দুই বছর ইন্ডিয়াতে বেড়াবে আর দুই বছর আমি যাব দুই বছর যাই আমি কাগজপত্র রেডি করব তার পক্ষে মারে নিয়ে যাব কোন দেশে যাব ইতালি ইউরোপে যেকোনো দেশে ঢোকার ইচ্ছা আছে ইতালি জার্মানি
/kaggle/input/regspeech12/test/test_sylhet_0097.wav,সাধ্যি হয়েছে মা এটা তো হয়ে বাহারের ইটা নেই মাস্তা হইতে আমার মা নেই খান করে আমার মায়ের তাহাই আর বিশেষ থাম
/kaggle/input/regspeech12/test/test_habiganj_0103.wav,এখানে হোস্টেলের বাদে বিভিন্ন মানুষের যে আঞ্চলিক বাসার কথা কেবল চোখে দেখো ক্যাথ হিসেবে না তো ভালোই লাগে এলার কথাগুলা আমার হাতে আমার বাসায় বালা লাগে আর কেউ বাসা বালা লাগে না আর সিলেটের বাসা বালা লাগে আজ কেউ বাসাও তোদা বালা লাগে না
/kaggle/input/regspeech12/test/test_sylhet_0576.wav,আর জিবা গত ঈদ খিলান গেল আমি তো হতেছি আসার জন্য যে ঈদ হত মানে ফিল্ড আসা আমার দেহ হইল
/kaggle/input/regspeech12/test/test_sylhet_0481.wav,বইনে আমরা লোকে মাতিয়া দুর্নীতির জন্য ডাক্তার অবস্থা করা মানে শক্তিশালী কোম্পানি মানে সেখানে বুঝে রাইতে নেই তবে মানে শক্তিশালী খুব বেশি
/kaggle/input/regspeech12/test/test_narail_0083.wav,মানে দেহাইছি তাই তো দেহাইছি তুমি কালিয়াস পাকবে কালিয়া বললাম না তিন চার দিন এ জায়গায় থাকবা নে মানে বাসায় বলতে যত উত্তরে এসে নেই মাথায় থাস্ট মানেনি
/kaggle/input/regspeech12/test/test_sylhet_0042.wav,অনেক টাকা লাগে দুঃখ বোঝা হয়
/kaggle/input/regspeech12/test/test_sylhet_0148.wav,ঠিক তার ছুটবেলা থেকে আপনারা কিনা কিনা টিরা করেনি আপনারা শিবগঞ্জ শিবগঞ্জ হাসাহাসি তো বাবার বাড়িতে কে কে আছে
/kaggle/input/regspeech12/test/test_sylhet_0622.wav, আমি কয়ের দুইটি সেকেন্ড ইয়ার্জ হার্ড এয়ার্ভোরে অনলাইনে করে নিলে অন্তত নাই কারণ ট্রাক্টর হিসেবে ক্ষমতা করা যায়
/kaggle/input/regspeech12/test/test_sylhet_0208.wav,হোতা ফারুনেগো হোতা ফারুনেগো আর বাপিরা হইত নাগা অতামাতিও নাগো তার বায়ের নিচে তাইরে পড়াইত তাই এসএসসি ফাঁস করলে পরে দিয়া দিব যত মানুষও হইত ও এসএসসি ফাঁস হলে ওটা সিল টার্গেট করে দেয়নি
/kaggle/input/regspeech12/test/test_habiganj_0028.wav,নির্মল তাহে পূজা পূজা তৃতীয় বালয় নিয়ম কিন্তু নিরামিষ্কাইয়ুইডেওন নিরামিষ্কাইয়া দিলীরবালা আমরা তো মাসের মাঝে দুইটা হাদুশী করি ইটার মাঝে একদিন তো উপাশ থাকি সারাদিন পুলুল খাইয়া করি একদিন নিরামিষ্কাই করে আবার এমন নৌ ফুজোও যা হইলে আরও কত পুজোও যা আছে না নিতা তো উপাশ থেকে নিরামিষ্কাইয়া পূজা দেওয়ান লাগে
/kaggle/input/regspeech12/test/test_sylhet_0559.wav,হেতে সম্ভবত উপজেলার কোন অনুষ্ঠান হলেও দেখিয়া সাউন্ড আয় নেই কিন্তু কেউ পুরা বুঝা যায় নাইলে সূর্যের কিন্তু উপজেলার
/kaggle/input/regspeech12/test/test_sylhet_0514.wav,টিকো কলিকায় টিকো দেবার ফোর সাবস দেবার ফোরেন আমি টিকেছি
/kaggle/input/regspeech12/test/test_narsingdi_0109.wav,কী জানি করে দিয়েছিলাম মরার মাজাক আনা ও পরে মানে হেসমুদ্রের সাহায্যের মধ্যে তেল সিটটা ফিরে মোড়া গেল টেল ফাইন কিন্তু হেসবের চেয়ে দুই এক ফোঁটা তেল সিটটি আসল মারা তাতাখালী পড়ছিল কেরে এলেকেকার উড়াই আমি বরামে এটা সুন্দর করে মোড়ার হুড়া খেয়ে আয় করছি
/kaggle/input/regspeech12/test/test_tangail_0078.wav,সেও আসলে ধার দেনা অনেক হয়ে গেছে পরে সবাই সিদ্ধান্ত নেয় যে শিউলির নায়িকার মানে বানিতার যে হাসপাতাল থেকে বাসায় স্থানান্তর করা হবে
/kaggle/input/regspeech12/test/test_kishoreganj_0031.wav,এদিকে সব প্রয়োজন নিয়োগ
/kaggle/input/regspeech12/test/test_sylhet_0249.wav,তো মিনিমাম ফার্স্ট ক্লাস থাকার তো অনেক পরের বিষয় আমিও তারপর ইন্টার ও আবার গোলশোলার শিপাইয়া বাস করছি পরীক্ষা দেওয়ার বাদে বাড়ির গেছি আবার ওলা ধরছোই মানুষে
/kaggle/input/regspeech12/test/test_sylhet_0545.wav,তোর কি অবস্থাটা প্রাইভেট ফরোস নেই আমি না প্রাইভেট জিজ্ঞাসুক্ত করছি না পোস্টার কিন্তু
/kaggle/input/regspeech12/test/test_sylhet_0716.wav,অনার অক্সাম দিলে এলে সব মনে হল বুঝিলি বা আর হুদা ভালো হবার পোয়ার গড়ন না তিনি করেন এটা থাকায় লাগে না ম্যান্ডেটরিটা
/kaggle/input/regspeech12/test/test_sylhet_0531.wav, আর সময়ের কী ব্যবস্থা তাই ফার্স্ট ফেয়ার দিল আস্তে আমার ভালো হয় তাই গেলে মন্ত্র আর দিয়ে আসবে আমার ভিন্ন ভালো ভোগ দিলেন মানে তারারা ঠিকই তা
/kaggle/input/regspeech12/test/test_barishal_0002.wav,গরম লাগে চুরি শুয়েছে কি আছে না এতে গরম লাগে তো হাত থেকে নিয়ে যায় রাস্তা তো চুরি করে দেয় না ঈদের সময় কিছুতে কাজ মার পোলায় ওই রাত্রির বাইকে নেই
/kaggle/input/regspeech12/test/test_narsingdi_0132.wav,শুরুবেলা তো আমি যেই কিউটা ছিলাম আমার মতো একটা বাচ্চা দেখলাম নিজের এমনে ইস আমার বাবা মায়ের কথা লাগিয়া তো কিউট একটা বাচ্চা হয় তোমার দেখে শুরুবেলা তো সোর্টার মতো দেখা যায় না বোয়িং আমি নিজের শুরুবেলার ছবি আমিও দেখছি না ওকে
/kaggle/input/regspeech12/test/test_rangpur_0035.wav,আমরা চাই মাঝে মধ্যে গেলে এখন শুয়োর বাড়ি কি করবেন চা হয় তাই খাওয়া লাগে আগে তো খালি মাসে মাসে
/kaggle/input/regspeech12/test/test_rangpur_0124.wav,পাট শাক্তুর মনে করে এলা সার দিয়ে ইউরিয়া সার পটাস পস্সেট এগিলে দিয়ে শাক তোলে ফলে তুই আন্দিভে যাব জাহাজে পুড়িলেও তলাও পড়ে না বুঝিস এ হল অবস্থা
/kaggle/input/regspeech12/test/test_narsingdi_0060.wav,আর আমার দান্দায় সিল্কের সময় ফলাম গ্যাথের বইয়ে আমার রিভিন্ন মেমোরি আছে দরজা ছিলিয়াস্ত করে খেলতে গেছিলে আমার বাগান হাতে আবার অনেক সময় হুমওয়ার্ট দিয়া বইত যে হুমওয়ার্ট শেষ না বলে খেলতে দিতাম
/kaggle/input/regspeech12/test/test_barishal_0085.wav,হেইয়ে করিয়া হেইয়ের পরে মনে করেন কাম শিখছি এত সোজা কাম ওই যে আমি এত কম সিক্রেস্ট হেনে যাইতাম এই পয়সারা ট্রামশীল বাজার এত দূরে থাকতে দাম করছি তো
/kaggle/input/regspeech12/test/test_rangpur_0095.wav,জাল শাক তাইলে ইয়া খাওয়া সব চাইতে কার্বেন ভালো হয়েছে
/kaggle/input/regspeech12/test/test_narail_0109.wav,তাই বিপুল বিশ্বাস আমরা বলতেছি দুই মেরুতির পিছনে টাকা বান্তি ব্যাংকে আমি শেষ হয়ে যাচ্ছি থাকব না কালের গ্রামে কিছু দূর হয়ে যাও বনে যাবার সঙ্গে চলে যাও তাহলে নামাটা বউ ভাইসের তত কপালের বাজ্য না ছয় মাস অবধি ডাকবে ছয় মাস পরে বিদেশ
/kaggle/input/regspeech12/test/test_chittagong_0094.wav,পাতারাঙ্গার ভাই পাতুরিয়া প্রেসিডেন্ট সিটোঙ্গলের জন্য দেখি পাতারিয়া সেনাফ অফ স্যান ভাই
/kaggle/input/regspeech12/test/test_sylhet_0283.wav,যেহেতু আমার পরিবেশ বা আমার যে সার্কানস্টেশন থেকে মানে ই বয়সের একটা মেয়ে চব্বিশ পঁচিশ হয়ে গেছে প্রায় ই বয়সের মেয়ে মানে আনেস্পেক্টেড সমাজ ঐভাবে এক্সেস্ট করত না কাজে লেবেলের চেয়েটা একটু নিচে হইলে ইটা আর সমস্যা হইত না
/kaggle/input/regspeech12/test/test_sylhet_0321.wav,মুজার ঠাইতাই লুইস যে কারণ আমার এখন বাড়ির যাওয়ার নয় কোনো পরিবেশের পরিস্থিতি না আর আমার চাকরির লাগে আমার পড়া লাগব তাইন কিতাকর্তা ওই সময় আমারে পড়ার যে সাপোর্ট তা দিস হয় আমি সারাদিন কাজ করতাম
/kaggle/input/regspeech12/test/test_narail_0088.wav,তার পরের দিন তোর সাথে আমার কথা হয়েছে তাই ছাড়া তোর সাথে আমার কথা হয়নি তুমি আমারে ব্লক করে ছিয়ে দেখছ আমি তোমার দ্বারে যাবানি অর্থা আমি করি নাই রে বাবা
/kaggle/input/regspeech12/test/test_sylhet_0173.wav,এটি আছে বাল্লা হত্যা হাসি মেয়েদের প্রতি বাহুল্লিকের প্রতি মেমেদ্রা প্রতি মেমেদ্রা প্রতি মেমেদ্রা প্রতি মেমেদ্রা প্রতি মেমেদ্রা প্রতি মেমেদ্রা প্রতি মেমেদ্রা প্রতি মেমেদ্রা প্রতি মেমেদ্রা প্রতি মেমেদ্রা প্রতি মেমেদ্রা
/kaggle/input/regspeech12/test/test_sandwip_0104.wav,তুই তো দৈনিক বাদ দিয়েছ তুই দৈনের সম্পর্কে তোর কি ধারণা আছে তাই আমি নেই না হরিকে দিলে কিছু যেন হরিকে দিয়ে আলো ফেলাশানিতে বলি যা আইনেই মেলাগিলা কিছু করি
/kaggle/input/regspeech12/test/test_narsingdi_0001.wav,হান্ড্রেটও করছে দুইটা আসলে ব্যাপারটা হয়েছে কি একটা টিমে যখন প্লেয়ারগুলা সিলেক্ট করে ঐ রকম ক্যাটাগরি লিখে নাও আরে ভাই যারা জাতীয় দলে আসে
/kaggle/input/regspeech12/test/test_narail_0128.wav,আমি একাকা যাব তো সে সুমা রুমা বানিয়ে গেছে সুমা বিশ্বাস দোলা ভক্ত আরে সুমা বিশ্বাসের কথা তো করছি সুমা বিশ্বাস আবার এই প্রেজেন্টিংকে
/kaggle/input/regspeech12/test/test_sylhet_0495.wav,সেটা শুরুর লোভেরা পরে আমি একটা গুরুত্ব দিচ্ছিলাম বিরানি অরণ্যে হয়েছি তাই নামার একটা বালিশ পিছনে দিচ্ছে দেবুয়া ইস্যুম বিরানি উড়ানি হয়েছি এখন লাগে আমারে তো পুর চাবের তাফে ধরে কিন্তু পুর চাবের তাফে দর লিখিত হইবে পুর চাব তার আমার ঔ যে মুখে দিয়া সেটা টানে দিয়ার বেগুর মাঝে মারে লাগের ওরকম মামা যেমন লাগে আমার টয়লেটের বাবু লাগের মানে ওরকম লাগে কিন্তু হাসার টয়লেট নেয় আন তাজিও লাম লাগে
/kaggle/input/regspeech12/test/test_chittagong_0087.wav,না আগে খোলাম না ছুতুনি পুরোপুরা আমার যেটা কাছের মধ্যে আসে মিস্ক্লোর গেলেঙ্গুই একটাই চির আনারঙ্গা কাছের মধ্যে আসে মিস্ক্লোর আগিয়ে
/kaggle/input/regspeech12/test/test_sylhet_0004.wav,সম্ভার আনে গুপ্তলের মেহনতা যে মানে নিজের টিনে নাকি ক্যাডারবাজে এমন মানুষ ঘুমাইতে পারব গরু গরু বলব না তারা বড়লোকে আগে আসে মানে যে সময় শশার জাগালা বলছে মঙ্গল কাজ বাড়ি ভিত্তি পারো না যে সাইলেও বন্ধ লাগে
/kaggle/input/regspeech12/test/test_barishal_0064.wav,আর আমার লাহায় নামিজ এরং হঠাৎ ছাড়ি দিছে এরং কেউ পারেও না এক জোদান্তি পান খাওয়া ছাড়ান দিলে দাঁত খাতারে ফুলে যায় এই হলেন এই কিছুদিন আগে আমি মনে করি পনেরো বিশ দিন ধরে দাঁতের মধ্যে খালি ভুল হয় আমি বাজারে গেলে এমন কোনো দিন নেই পাঁচটা পাম্প কিনতে না খাইছি
/kaggle/input/regspeech12/test/test_barishal_0036.wav,কাল লাগে দেবর বদনাম তিনি নাম্পাকে নিয়ে কাল হয়ে যান বদনাম না বুঝি কতবার অশান্তির মধ্যে যে মুই আছি এক পিকার তারে সারামিত্য অভিযান
/kaggle/input/regspeech12/test/test_rangpur_0002.wav,গ্রন্থ পুরো হাজার টাকা দিবার লেখে নিয়ে নিবে হ্যাঁ কেউ দেখা দেয় না ভাই কেউ না কারা থাকার দ্বারা আপনি বলেন কী করবেন যায় নাই এলা মুকু রমানের বাপ হইলে
/kaggle/input/regspeech12/test/test_sylhet_0026.wav,দশ দিন যে পাঁচজন ঠাকুর আছেন পাঁচজন আদুর্গা শিব লক্ষ্মী তারপরে সরস্বতী গণেশ কার্তিক প্রতিমা রাজ্যের সবাই ছয় জন ডেক প্রত্যেক দিন কাপড় দেওয়া হয় নতুন কাপড় নতুন গয়না
/kaggle/input/regspeech12/test/test_chittagong_0141.wav,পরীক্ষা সরাত নাই আর লিওনের করুণ এ পরীক্ষা নাই
/kaggle/input/regspeech12/test/test_sylhet_0728.wav,হানি তৈরিক ও পাত্রী নানি অতাকারে
/kaggle/input/regspeech12/test/test_narail_0016.wav,তুমি তো জানো তোমার কাকুর ব্যাপারে যে মনি দশ হাজার টাকা পাঠাইছিল তা তো তোমার কাকু মারে গালাগালি পারল তারপরও আমি সে দশ হাজার টাকা আনলাম তা মনি বলে এই ষড়যন্ত্র বলে কই চে মনি যামার বাবার জন্যে মেলা টাকা পাঠাইছি তা ওকালো যে কার কাছে পাঠাইছি তা ওকালো যামার মায় শুতুবার
/kaggle/input/regspeech12/test/test_barishal_0096.wav,বাহাদারিতে পাঁচ কেজি আম নেমু পাঁচ কেজি আম যদি না কই মুখ দে যেহা মরু দুইটি আম খেতে তাহার দেবে না
/kaggle/input/regspeech12/test/test_sylhet_0198.wav,আমার টিচার সরাসরি আসলামা বড় ভাই তাই নতুন অডিট অফিসার তুই বাইসা সো মেন্ডি ফোর্সি আর আব্বাইলা সজাগ থাকতা পাশে বৈধার্তা খেয়াল কাটতা আমরা যেন মারামারি লাগি না আর আমরা এক টেবিলও হইয়া সবাই করতাম
/kaggle/input/regspeech12/test/test_narail_0098.wav,রাত্রি কি ঘাত হয়েছে না বিয়ে বাড়িতে পিটে এসো বিয়ের অভিত্তেই হয়েছি পিটে এসো ভিমপিটেন্ড দিছ না না আমি ভিমপিটেন্ড দিতে চাই না আমার গ্রামে বিয়ে হয়েছে তো তারা জানে যা আমি কেমন খাই কি খাই তারা জানে বেলা করে
/kaggle/input/regspeech12/test/test_sylhet_0683.wav,আর আপনার বাফুর বাড়ি নিয়ে হোক কাছে হ্যাঁ তুই না তাই নাকি সময়ে খেলাধুলা ফাঁসাতে হত্যা হুম মাস্তা স্যার গোরা বাইবুনি মাস্তা
/kaggle/input/regspeech12/test/test_barishal_0018.wav,অনুনিজাম নায়ক করে নায়কে শামীম জিংস সিরাপ খাওয়ান তিন ডা জিংস সিরাপ টাইলো একটা আন্টি এই লোকের বারবার আমি করেছি যে একটা শ্বাসের আলোকে আবারও আসা যাবে
/kaggle/input/regspeech12/test/test_sandwip_0036.wav,কামাইন্স আছে
/kaggle/input/regspeech12/test/test_sylhet_0241.wav,ফাঁস করার বাদে এখন দুই হাজার চব্বিশ বাইশ বছর এগিয়েছে আমি বাড়ির বাইরে পড়া অবস্থায় বিয়া হইছে পড়া অবস্থায় চাকরি হইছে কী অবস্থায় সংসারের ফলে তো আর তোমরা দেখছ বিয়া তো আপনার অনেক ঐতিহাসিক হইছে এই গজফটা অন্তম প্রায়
/kaggle/input/regspeech12/test/test_sandwip_0067.wav,তুমি গ্রামের সঙ্গে কান্নাকান্নি থাকতে এলে বাড়ি হচ্ছে ভয় না আছে যে চোখ করে যান দিন গিয়েছে যেন গ্রাম থেকে আমার দেখেছেন নিম্নিহিয়া তারা কি হাগল নাকি একদিনে কিউলের দিন ছোট করে গেছে গন্ধে আর একদিন থাকতেছে একদিন বার আছে অনারা একদিন থাকতেছে
/kaggle/input/regspeech12/test/test_narsingdi_0073.wav,আমি গরিব ব্যামাকাপড় নাই বোক চিন্না দিয়া যাও ছেলেবেলা অনেকে দিত সেলামি দেবে আমি তারা হানা ফুটবলের মতো কিক পেরাই একটা ফেলার জিনিস পান
/kaggle/input/regspeech12/test/test_sylhet_0121.wav,হুজুরের উদ্বুদ্ধ করা হয়েছে আমাদের হুজুরের সব হুজুরের মিলা পাঞ্জাবি কিনা ভর্তিতে হয়েছে তারা সবাই মিলেই আসছে কী কেন ঠেক্কা পড়ে ও এনো সামনেই একটা মাদ্রাসা আছে
/kaggle/input/regspeech12/test/test_sylhet_0368.wav,মানে অল্পতে তুষ্ট অল্পতে সেটিস ফাইড থাকি এবং বাচ্চাগুলারা ঐভাবেই গ্রোভ করার চেষ্টা করতিছে যে তারাও জানে খুব বেশি এক্সপেক্টেশন থাকে না নাইট্রো কারণ বেশি এক্সপেক্টেশন থাকলে তোমার মানুষ কষ্ট পায় বেশি
/kaggle/input/regspeech12/test/test_barishal_0092.wav,কাম করা ভালো এখন এই যে ফিন্সি এর কারণ আছে ফিল্ডিং বিষয়ে চলান মালান লইয়া যা পায়
/kaggle/input/regspeech12/test/test_habiganj_0052.wav,ষপদ অনেকে আছে যে নিরামিষ খায় না কিন্তু অনেকেই খায় নিরামিষ খাওয়ার দৈনিয় নিরামিষটা খাইলে আমরা যে মনে হয় যে একটা পবিত্রতায় মাছ মাংস তো এগুলা আমরা যে মাংস হাই এটা তো জীব্রে মাইরা অত্যা কইরা সেইটে আমরা মাংসটা খাই মাংসটা খাওয়ার অতটা কিটা হয় না কিন্তু যদি শাক সব যিনি নামী জিনিস খাই তা তো উদ্ভিদ ইতার লিগে একটু পবিত্র মানে
/kaggle/input/regspeech12/test/test_barishal_0071.wav,হেই যদি সহ্য না কার্তারে তাহলে হেরম সমস্যা নাই গোপনে খাওয়া মোকেন না পরিস্থিতি ওভার রোল করতে হইবে এই জজের মতো
/kaggle/input/regspeech12/test/test_tangail_0062.wav,আর এই ছবিতে শিউলি ফুলের একটা ভূমিকা আছে যেটা মানে গল্পের স্টোরির দিন দেওয়ার সাথে সাথে বুঝা যায় প্রাণী তার পছন্দের ফুল মানে যে নায়িকা আমার পছন্দের ফুল হল শিউলি
/kaggle/input/regspeech12/test/test_sylhet_0234.wav,তোদিনেও মানে ডাকতেন খুশি হইয়া আমার দুই নম্বর ভাইবাজার থেকে রেজাল্ট লইয়া আইসিনের লোকের চাইরানি চকলেন্জ মাতা চকলেট আছে
/kaggle/input/regspeech12/test/test_barishal_0008.wav,আহানার অরে ডাকাতিছে বুলেট কলেজে পড়তে ও বিশাল বড় ধরণের একটা ছাত্র হয়েছে চাকরি পেবে বাংলাদেশ সরকার চাকরি দিছে দুই লাখ টাকা বেতন বিয়ে করল পটুয়াখালীর এক রূপসী মাইয়া কই গো খুন্নী গো পরিচয় দিবেন ওর বাপে তো যাইবে একটা শাটগায় দিয়া
/kaggle/input/regspeech12/test/test_sandwip_0098.wav,হ্যাঁ তো দায়ী হচ্ছেন নাই
/kaggle/input/regspeech12/test/test_sylhet_0454.wav,তাই তার মানে তো মা তারা মনে করে আমার মা শাস্তি তারা আমার উপরে খুব বেশি ভয় পায় কিন্তু ওদের ফলে আমার বাহিরে যাবে আমার পায়ের বাহিরে
/kaggle/input/regspeech12/test/test_chittagong_0158.wav,বিএন এরি প্রথমত পূর্তে কলেজে মেহর সেকেন্ড মেডিট দিলে হায় এরি হ্যাংগড়ে বিয়ারে নৌপত্রে সাইজ্য না কিছু তো ভরিয়ে গেল নৌপত্রী অঙ্পরে তাহা ও পর্যায়ক না মাইন্ডার কাজে নিত
/kaggle/input/regspeech12/test/test_sylhet_0369.wav,পড়াশোনার দিকে আমি আমার জায়গা থেকে যতটুকু ফারিয়ার চেষ্টা করি আর বাকিটা হইল গিয়া তারা তোক দৃঢ় যতটুকু আছে তো সত্যি কথা আমি তোমারা কই যে মানুষের স্বপ্ন তাকে যে বাচ্চাবাচ্চা বয়স হয়ে গেলে বুড়াও গেলে তারা আমরা দেখাশোনা করব
/kaggle/input/regspeech12/test/test_sylhet_0754.wav,এভাবে যাইব হালি উজা নিরামিষ হয়নি হালি মন্দিরও যাইনি গিয়া গানবার যেমন দায় হাই না বাদে ঘুরে ফেঁসি দিল মাতালের দুর্গাপুজোত আপনার বালাবালা ফাইন মানে নাজমান সংশোধন
/kaggle/input/regspeech12/test/test_kishoreganj_0145.wav,শব্দ দূষণ শব্দ দূষণ বিনা প্রয়োজনে হর্ন বাজিয়ে উচ্চ স্বরে গান বাজিয়ে এবং লাইট স্পিকার বা মাইক বাজিয়ে মানুষ শব্দ দুই শ্রেণী থাকলে ক্ষুধানের রঙের হয় আগে গীতা কালাতে
/kaggle/input/regspeech12/test/test_tangail_0019.wav,এটা রি করতে পারে নাই সঠিক ব্যাখ্যা দিতে পারে নাই আর এই গানটা একই সাথে রক অপেরা পপ সহ মনে করে যে প্রগ্রেসিভ রক যেগলা থাকে সব মিশেলে তাই গানটা আসলে অন্য রকম একটা গান
/kaggle/input/regspeech12/test/test_sylhet_0560.wav,সব থেকে ফেস্টার বিষয় হলো অতিরিক্ত জানুয়ারি লাশটিতে ঠান্ডা আছিল ওই সময় ইন কোর্ট আছে
/kaggle/input/regspeech12/test/test_sylhet_0739.wav,ওমারি জমিয়ে নিলাগে একই বাপে ওদের ফাঁসি আছে মানে না বাবায় আপনি জামাইরা তো তুলিয়া দিলেইলা সফিয়া দিলেইলা কোমরে আমি দিলাইলা মা একটা লম্বা সিঙ্গল আছে তোমাদের ফানি আছে
/kaggle/input/regspeech12/test/test_chittagong_0075.wav,তুই এত হোস না আমাদের দুজনে ভর্তি হলেই হুইস হার্ড ওম সাইকুলোজিলেট করিবি না বিজ্ঞান করিবি সাইনি যদি করো সাইলা আয় ও সাইকুলোজিলেট সাইকুল ঘুম দুর্দার একই এর মধ্যে আয়ে যাচ্ছে
/kaggle/input/regspeech12/test/test_tangail_0082.wav,আগে কাস্টমারদের সাথে যেমন ব্যবহার করতে হন তার ব্যবহার চেঞ্জ হয়েছে পরে একদিন শিউলির মা বরুণের ডাকে বাসায় আসতে বলে পরে বরুণ যায় পরে দেখে যে
/kaggle/input/regspeech12/test/test_sylhet_0168.wav,ভূত মানের মধ্যে ভূত পায় এই সময়টা মনে সব তার সমস্যা হইত খাবার ফরাসোলা ইনকাম খুব দুর্বৃত্ত আছে ওরা তোমার বেনাস বিদ্যাম
/kaggle/input/regspeech12/test/test_chittagong_0080.wav,তো মানে একখানা হইয়া পরামর্শ করিস হাইস না আয়া দাদার রঙে হুলুম আন্টিসারা কেন আছে আন্টিসারা বলা সারাবাহিদ যে গরম ফলের মানে অবস্থা খালি যেগুল
/kaggle/input/regspeech12/test/test_narail_0165.wav,যারা ডাক্তার দেওয়াতে গেলে তোমরা একটা প্রথম খাওয়ার ওষুধ দেবে না তারা দেহাত দেবেন তবেই তোমরা রেফিসারেমিস্টারে করবেন নাকি তোমার কি কি সময়ের শাসাইশ শোভ করবেন আর ঐ পরীক্ষাগুলো করতে দেবেন না
/kaggle/input/regspeech12/test/test_rangpur_0101.wav,ঐভাবে আর কিছু খাওয়ার পায় না কে এখন গিয়া চাচার সাথে কথা হয় মানুষ চাচার সাথে কাক দেখি আছি কত কর
/kaggle/input/regspeech12/test/test_sylhet_0100.wav,তুই এখানে বাচ্চা খেতে হতে থাকতে
/kaggle/input/regspeech12/test/test_habiganj_0010.wav,ক্ষুধা হৃৎপাতি যে শুধু নেব হে সাত বৈনাশ্যুটি ইয়ার মতো করে বলব
/kaggle/input/regspeech12/test/test_tangail_0070.wav,হালকা একটু সিরিয়াস ছিল মানে শুরুর হইতে ছিল কেবল এই সময়ে এরকম একটা ঘটনা ঘটে পরে বুরুন ধাওয়ান প্রত্যেক দিন যেহেতু মানে একটা বড় এক্সিডেন্ট তার লাস্টেরই ছিল মানে হোয়ার ইজ্জেন মানে ওর এই খুস্তা ছিল
/kaggle/input/regspeech12/test/test_rangpur_0042.wav,ভিসায় আসুক হে পাগলি রানে খাওয়াবা তাই এই আসুক
/kaggle/input/regspeech12/test/test_sandwip_0123.wav,রাজা তিনি দেখতেন বলে আস্তারা হয় যে আস্তার যে সিংহ দেখিতে নিয়েছে স্কুল আজকের দিকে দেখিতেই এই ঘুমায় যাতে সহজে লাগে
/kaggle/input/regspeech12/test/test_rangpur_0016.wav,কেমন আছেন তোমার নাম কি মোসাম্মা দোমলা কুলসুম তোমার সাথে না একটা গল্প কিছু করব সবাই মিলিয়ে রেকর্ড করব সমস্যা হয়ে থাকে
/kaggle/input/regspeech12/test/test_rangpur_0040.wav,আগে যদি মানুষ ক্ষুদিও ভাবছিল এক গিরিজুল পানি মুকুট দেওয়ার কিছু না থাকছিল ঐ ক্ষুদিভাগায় খায়ায় একমুট পানি খেয়া সরিয়েছে সেই মানুষগুলো আছে
/kaggle/input/regspeech12/test/test_sylhet_0424.wav,আলতাজি আরও শিলায় মিলায় লিখে লিখে তাকিতে দিয়ে আরও উল্টাপাল্টা করে ফুঁড়েখালি এক বেদনা ফুর্সা বয় নাই না সেই নাহলি বেদনা বাসাটা নিয়া মানিল্লাগের যেমন কোন সময় যে আমার যান যাইব বাড়াইয়া আমি নিচুও যাব
/kaggle/input/regspeech12/test/test_tangail_0060.wav,এটাই অভিনয় করছে বরুণ ধাওয়ার আর বানিতা সাধু এই ছবি আমার পছন্দ এর একটা কারণ আছে আর এটাই মানে আমি যেই মাসের জন্ম হয়েছি ওইটা অক্টোবর মাসে ছিল অক্টোবর মাসটা ভালোই লাগে একটু শীত থাকে
/kaggle/input/regspeech12/test/test_sylhet_0261.wav,ছিন্না করতাম আল্লাহ সবসময় দোয়া করতাম নামাজ ফুরিয়া জানল তিনশো জন তো নিবাও তিনশো জনের মাঝে তিনশো নম্বর যে স্টুডেন্টটা হইব ও স্টুডেন্টটাও যেন আমি ওই আমার এক নম্বর দুই নম্বর ওয়ালাক্ত না আমি মেরিট ক্লিস্টার থাকতে চাই না কিন্তু আমি
/kaggle/input/regspeech12/test/test_sylhet_0610.wav,না নুয়া সুজোহ সাজে ডাকাইয়া তো তবে আমরা সিলেটে হলো রেক্সারিয়েন্ডার কী করে আব্বায় বুঝাই লেশন
/kaggle/input/regspeech12/test/test_sylhet_0546.wav,ও আমরা দুইটা হয়েছি এবং এদিন আগেও একটা আর প্রথম দিকে হয়েছে আমরা তো পানোয়ারি লাস্ট দেখেছি
/kaggle/input/regspeech12/test/test_barishal_0052.wav,গরু পাল থেকে গৌর পালতে কি হে দর্শক মানুষ পালতে যারা পারে হলেন একটা কথা জানবেন যারা পারে ফেরা নয়টে নয় দিক পেরে আর যারা না পারে নব্বইতে নয় দিকও পারে না
/kaggle/input/regspeech12/test/test_sylhet_0019.wav,দোষটি আগের দিন ধরে সবাই নিরামিষ নিরামিষ খায় অনেকে খায় অনেকে খায় না এটা যার রিডিও প্রয়োজন কিন্তু আমরা বেশিরভাগ সময় খাই নিরামিষ খাই তিন দিন আমরা নিরামিষ খাই চার দশমিক দিন আমরা এদিন নিরামিষ খাওয়া সেদিন সবাই ভালো খায় মাছ মাংস পিঠে আছে সেখানে সবাই
/kaggle/input/regspeech12/test/test_sylhet_0281.wav,তখন আমারে নিয়ে খুব দুশ্চিন্তা করতা মারে প্রতিবেশীরাও খোটা দিতাম মাত্রা ফুরি বুড়া বানাইতিলা পড়াইতে পড়াইতে গুলা দিয়া হইত না এগুলা খেয়ে নিতু পড়তে পড়তে পুরা বয়োজদার গিয়া তানিয়া মায়ও খুব চাচাত বাড়ি যাইতাম না খালি মার অতা কথা শুনা লাগল দেখিয়া
/kaggle/input/regspeech12/test/test_sylhet_0462.wav,ছাত্র প্রোডাক্ট আছে একটু মুস্তাফাল্লা আছে বেটায় দোপালেন বড় রান্নাবালা করো খাও বোধ পাচ্ছে এসব পঁচাপাছা দিলে জীবন্ত এক ছেলে আর দুই মেয়ের
/kaggle/input/regspeech12/test/test_sylhet_0071.wav,তার স্কুলে দায়ী নষ্টানো আছে তাই আমি গেছি হলুদ শাড়ি পরিয়ে নতুন শাড়ি কিনছি যে হচ্ছে খুব মজা হয় সেবাদের ফরেস্ট রান্না তারা ঘুরছে আমি ঘুরছি না আমার বালা লাগছে কি লাগছে না প্রথমত নিরামিষ হওয়া লাগে আগের দিন নিরামিষ ফেলা পরের দিন তবুবার ফেলায় অঞ্জলি দিলা অঞ্জলি দে অপরাধ্য পোশাক হিসেব খেয়ার করে তুমি যাও তো মঞ্চে তা হতে পার
/kaggle/input/regspeech12/test/test_habiganj_0050.wav,সন্ধ্যার পর হইছে আমরা প্রথম তো প্রদীপ জ্বালায় দুর্জ্বলায় জ্বালাইশেরা প্রথম আজানের পুরোই প্রতিবার সূত্র জ্বালায় দুববাতি যেটা হয় দুববাতি দেহাইয়া পড়ে আবার ঐ দুপুরের মতোই আগে তো দুপুরে একটু পূজা দিলে আমরা একটু অন্য ধরণের প্রসার্টের সাথে বুক দেই আর সন্ধ্যার পরে হইছে হালকা আমরা যেন হালকা না স্থায়ী এমন আমরা পূজা দিলেও হালকা কিছু কিছু দিয়া পূজাও জাতি
/kaggle/input/regspeech12/test/test_sylhet_0435.wav,আমি আল্লাহর কিছু তো হাঁনব না আর আমার আল্লাহ শুভ সমাজ পাবেন আমি জানি কি তার লাগিয়ে ওর আল্লাহর চাহার্য দেন না ওই নম্বর কেন হয়তো আমার কোন জায়গাত ভুল তুর্কি ও কারণ আমি জানি না আমি যদি মন করি এত কোন আক্রান্ত আমরা
/kaggle/input/regspeech12/test/test_rangpur_0034.wav,সেতু করি নে কেমন চেল চেল পিছনে নুন জুগুজি দেওয়া যায় ঠিক ওই দেন তার খাই
/kaggle/input/regspeech12/test/test_rangpur_0055.wav,এইবারের যদি অসহায় হনু হয় বাবা কায়ূ কিছু দিলে নায় বললেন নুমায় কথা এই যে কর্মকল দিবসের মালিক আল্লাহ যার কর্ম যেমনটা কল তেমন
/kaggle/input/regspeech12/test/test_noakhali_0028.wav,খানের বাইরে আরও তেরা আর খুলে কম দিতে কয়েকজন দ্বারে কাবিতে মুখের ওসে সো বর্মা মেনেও বর্মা মারি
/kaggle/input/regspeech12/test/test_kishoreganj_0162.wav,মানুষেরা ষোল ছেড়েতে সচিব বাস্তব ছিল নব্বই ভাগ পানি
/kaggle/input/regspeech12/test/test_rangpur_0075.wav,মুখ দেখো এটা
/kaggle/input/regspeech12/test/test_sandwip_0024.wav,এমনেই স্বাচ্ছন্দ্য চলে হিয়েরা মানি খুব ইয়াগুড়ি চলে হরাগত চলে ঠিক আছে আনি সার্কার করো
/kaggle/input/regspeech12/test/test_comilla_0005.wav,তো ওই দিনে আমিও গিয়েছিলাম যে রোহিকে স্কুলে দিয়ে আমি আর দেরি করে নেই সাথে সাথেই চলে আসছি ও রোহিকে তখন স্কুলে যাওয়ার পরেই ও ব্যাগ রাখার পরে ওর আবার দেখা যায় যে ষোল ডিসেম্বরের ইয়াথাকাদের
/kaggle/input/regspeech12/test/test_narsingdi_0028.wav,চাই বাংলাদেশ টিম ত্যাগ ভালো টিম হোক ভালো খেলুক যে দেহান সব দলের সাথেই ভালো খেলতিছে একটা ট্রফি জেতা উচিত অন্তত সাকিব আল হাসানের জন্য এলেও ট্রফি জেতা উচিত আরে আল্লাহ বড় স্যার
/kaggle/input/regspeech12/test/test_sylhet_0667.wav,যার সব থাক বর্তী আছে আমরা কি নিতে গোলা ইসি বাছিয়া কোনো মুহূর্তে নেই আর বারে ফিরিয়া এই মতো আসিস
/kaggle/input/regspeech12/test/test_kishoreganj_0140.wav,ডায়রিয়ার মতো পানিবাহিত রোগ এবং বিভিন্ন চর্মরুগুলি আক্রান্ত ডায়রিয়ার মতো পানিবাহিত রোগ এবং বিভিন্ন চর্মরুগুলি আক্রান্ত হচ্ছে
/kaggle/input/regspeech12/test/test_narsingdi_0042.wav,বাড়িতে আইপিএস আছে তো কেন তবু দাদা না মোবাইল চার্জের কান দানা দাদা কান ছাড়ি না তুই আর বড়লোক সিন্ধু হুম তারপর সামনের এদিকে আছে মায়ের বাবার কারণ অনেক ডিস্টার্ব হয় অনেক খারাপ লাগে
/kaggle/input/regspeech12/test/test_sylhet_0429.wav,ফ্যাট হাঁটা এরপরে নিজ খাঁটা মানে অনেক কিছু বড় ধরনের অপারেশন হয়েছে আমার দুই তিন যার হওয়ার ভয়ে কোনো সাকসেস পুলিশ যেন একটুরই কিছু সময় আসে
/kaggle/input/regspeech12/test/test_habiganj_0018.wav,এরা তো দ্বিত আছেন না খুব শেষটা করছে লাইনের আগে বেয়া দিত
/kaggle/input/regspeech12/test/test_narsingdi_0086.wav,ডিম হলিডে যাইতে দিবে এক লাখে লাইক আমি এইটে ফরি তুই কৈফরাস সেকেন্ডিয়ার নাফাস্টের রিফরাস্টের বলি আমি বুহিল্লা থেকে আমি তো অনার্সে পড়িয়া হাঁপ বাদ দেখলাম না আমি অন্য ক্লাস নাইন্টেনে পড়ি
/kaggle/input/regspeech12/test/test_sylhet_0099.wav,ফ্যামিলিস ইনকাম করুন কতজনে তোমরা তিন বিটি করি এক বিটি পায়ের সাড়ে পাঁচ হাজার আর এক বিটি পায়ের সারা চিনার না না আমি আসলাম মার করো আর আমার বাড়ি দুটা
/kaggle/input/regspeech12/test/test_habiganj_0022.wav,অ ম্যাডাম একটা মেজোবুজো দেলাইতেন এখন টা পিরিয়ডে দেলাইতেন
/kaggle/input/regspeech12/test/test_narsingdi_0121.wav,এই মোবাইলেই তোরা খাইছে এই মোবাইলেই তোরা খাইছে
/kaggle/input/regspeech12/test/test_sylhet_0051.wav,কোনো প্রবলেম হয় না মানে এখন আর পড়াশোনার প্রবলেম হয়নি স্কুলের লাগে না মানে মনে হয়নি যে মানে প্রাইভেট টিউটার্স লাগেনি নিজেরা নিজেরা করো স্কুলে আমরা নিজের দিকে প্রাইভেট করতাম এখন আমরা দর্শে না এখন ওনার বাদ তালিয়া আমি পড়ে আনি হাইস্কুল থেকে নিষেধ দিছেন পাইপেট করতাম
/kaggle/input/regspeech12/test/test_narsingdi_0094.wav,মনে নে কর শুরু করে দে শুরু করে দে বাবার তো প্ল্যান আছিল খালি প্ল্যানের মতো কাম করতার সময়
/kaggle/input/regspeech12/test/test_sylhet_0461.wav,ওই চিন্তা আমার ব্যাপারে আমার বাইরে নামার কিন্তু পোড়াটা নষ্ট হয়েছে আর বাকি বাদ বাকি তাই রামমায়ও লেখাপড়া কচু কলিনি রোজ ভরিয়া মনে হয় মাস্টার পাস করছে এগুলো বালাও চলতে পারে কিন্তু কোনো চাহিদাপাহিদি নাই এমন জামাই রেসুবিওয়ে তারা পছন্দ চাহিদা
/kaggle/input/regspeech12/test/test_sylhet_0567.wav,আমার তো ক্লাস নাইন কেন ম্যাচে ফেলেছি যে ভালো লাগাটা আছে এবার ইন্টারেল ওটা করতে গেল যে কেন এখনো আমি ম্যাচ ফার্টার চেষ্টা করি না আমরা তো চাইতা থিওরি চাইতাম আমি তোর মাঝে সব কিনতে হবার আলাদা থিওরিও
/kaggle/input/regspeech12/test/test_rangpur_0017.wav, বয়স কত চুরি লাগছে চল্লিশ পার এর মধ্যে ষাট বছরের বেশি আছে ভাতাবাবুতে এলে তুমি কই ভাতা দেয় বাবু ভাতাবাবু হুম দেয় ভাতা
/kaggle/input/regspeech12/test/test_sylhet_0672.wav,কত স্বামীর ফেনশন কতদিন তো আছিলা সাম্বু ভাইকো সাহু বাদে সান ওয়াইফি হাইব আর ওয়াইফ বাদে তার না
/kaggle/input/regspeech12/test/test_narail_0033.wav, আর দরাদরি করলে আর পাওয়া যাবে নে কিন্তু আমি তার দরাদরি করতেছি না করতে চাচ্ছে সেলিম শরিক
/kaggle/input/regspeech12/test/test_tangail_0102.wav,মানে বলা হয় যে যদি তুমি তোমার ভালোবাসা পেয়ে যাও তাহলে এটা মেনে নিও ক্ষুধা তোমারে মোহাব্বত করছে আর যদি না মিলে তাহলে এটা জাইনো যে ক্ষুধা তোমার সাথে এক যান হয়ে গেছে
/kaggle/input/regspeech12/test/test_sylhet_0719.wav,ইটা জামাই মরিয়া লেজ নিল আসর পাওর মুরাদি ফোপাল্টন খুশিয়ানের মুরাদি মূসা লাগে তোমাকে নোটা নিয়মিকভূত মনোগ্রহ কবুল হইয়া আমরা
/kaggle/input/regspeech12/test/test_narail_0074.wav,ওই মায়ার একটা ধন জাগাতে চলে থাকতে একটা রুম কেন মায়া থাকত তাহারা মনে হয় বিভাগে বিভাগে কোন ভাবে নিয়ে নিয়ে গেছে
/kaggle/input/regspeech12/test/test_narail_0099.wav,আর যে বুদ্ধি ছিল সে আমার দাদা সুতরাং সে আমার হিসাব পুরে এসেছে আমি একটু খালি দিতে এলাম না তোমারে কেন দুটো খাওয়াইছিস ডিম বাজি আলু সেদ্ধ
/kaggle/input/regspeech12/test/test_sylhet_0660.wav,কোয়ান্ত রাঙ্গুল হোক হোক হোক হোক হোক হোক হোক মানুষের গান গান গার গার
/kaggle/input/regspeech12/test/test_kishoreganj_0086.wav,হেডি হেমনকে লাগে হেডি হেমনকে লাগে হেডি হেমনকে লাগে হেডি হেমনকে লাগে হেডি হেমন কেন হেডি হেডি মানে তো বড় বড় আলি না
/kaggle/input/regspeech12/test/test_sylhet_0668.wav,ভাইয়ের মা কোলে গেছে কোন লাইব্রেরি স্থাপন তাই নয় আপনারা যেন ওমর মানের যুদ্ধের সময় ইন্ডিয়াত আসছেন এসময় আপনার বয়স কত আসতেই এত বয়স হইব কিস কিস শেষ পার্টি পেব
/kaggle/input/regspeech12/test/test_habiganj_0075.wav,কিন্তু বেতনী ও মারুফ ফরোস বাজার ডায়ালিটা ক্রিকেটা প্লেট লাইন মিয়ান হোসেন মুক্তিযুদ্ধের দিকে একটু উত্তাপ বানায়
/kaggle/input/regspeech12/test/test_tangail_0001.wav,ব্যান্ডার কি পারফর্ম করতেছে কিন্তু মানে কেউ তেমনই নাই উচ্ছ্বসিত না মানে গানটা তেমন কারও কাছে ভালো লাগতেছে না এরকম কিন্তু আবার ফ্রেডি মার্কিউকে খুব গান পছন্দ করত পরে যেহেতু ক্যারিয়ার একটা চুজ করতেই হব
/kaggle/input/regspeech12/test/test_kishoreganj_0107.wav,উদ্ভিদ সূর্যের আলো ব্যবহার করে নিজের খাদ্য নিজেই তৈরি করে পোকামাকড় উদ্ভিদের উদ্ভিদ চেয়ে বেচে থাকে আবার পোকামাকড়ের খাদ্য হিসাবে গ্রহণ করে এভাবেই সব ব্যাঙ্ক হয়
/kaggle/input/regspeech12/test/test_sandwip_0027.wav, দই মাঝেমধ্যে খুব মানে দুঃখ করি তৈরি ভোলানি বুঝে হরাল হায়া করে না মানে হইত কোনোদিন একাব্যাজ উচ্চে চলাচল না আর ভোলানকে হরাল না আগে আজ মাপা শুধু ভোলানি হরাল হায়া করলে যে মানুষই যে এমনটা কিন্তু না আনীয়ার মনে রাইখেন আনার ভোলান এলেন দেখবেন
/kaggle/input/regspeech12/test/test_sylhet_0670.wav,আর সাহাদা দিয়ে চাকরি করতে আশি করা বেতনে কলেজে
/kaggle/input/regspeech12/test/test_chittagong_0047.wav,গুড়া ডিঙ্গারে হাম ব্যাকিং কেন এত গরম পরে বলে বেড়েছে জেবের গিয়া হাম বললি তোর বেড়ে ফেলি হাম দিয়েছে না
/kaggle/input/regspeech12/test/test_sylhet_0331.wav,আমার নিজের তার কাছে একটা মনে আমার মনে হয় যে আমি বার্ডেন কারো উঠতে ওখানে ফিলার তামিলা আমি কিছু করিয়া পড়তাম তাই বলে ঠিক আছে তোমার চিন্তাভাবনা ভালো আমি স্বাগত জানাই কিন্তু তুমি ছোট কাজ করতে গিয়া আমার
/kaggle/input/regspeech12/test/test_narail_0104.wav,আমি যে ডাক্তার দেখাইছি ওষুধ খাওয়ার পরে অনেকটাই টিউমারটা ভেঙে ছোট হয়ে গেছে বুঝিস না অনেক সময় আছে যে থ্যালাস মিয়া মানে মাংস বিন্দু না মাংস কিন্তু না মার এক বেলার জায়গায় আমার ছয় বারে
/kaggle/input/regspeech12/test/test_sylhet_0103.wav,দিন যেহেতু সাধারণ উত্তেজনা করিনি সাধারণ মায়ের জন্যে করছে আর দিন বাসার মালিক বাসার মালিককে প্রধান মানুষের গোছায় ফেলেছে মানে মাত্র মাইদের হত কিছু নিষেধ যা আসার লেখা ছিল
/kaggle/input/regspeech12/test/test_sylhet_0013.wav,মন্ত্র চালান অঞ্চলের দাওয়াকে দেওয়ার পরে তারপরে আমরা প্রসাদ প্রসাদ তাহলে টাইমের বিক্রি করতে হবে তবে পঞ্চম ইতিথিটা আমরা বারোটা পর্যন্ত আছে বারোটা পর্যন্ত বারোটার ভিতরে করতে হবে যা যদি একটা টাইমটাকে পঞ্চিমা দিতে তাহলে একটার সময় যে সময়ের যে টাইমটার এই টাইমের বিক্রি বোঝাটা করতে হবে
/kaggle/input/regspeech12/test/test_sylhet_0219.wav,অন্তত প্রাইমারি স্কুলে একটা পরীক্ষা দিয়া চাকরির টুকরো যাতে আমার পরিচয়খালী হাউজ ওয়ের পয় না লোকে একটা পেশাও থাকে চাকরিজীবী
/kaggle/input/regspeech12/test/test_narail_0110.wav,বিদেশ যাবে কিনা উনি উনি কয়েসে এবার আর বাড়ি আসব না আমি বুঝি ঠিক আছে মনে থাকে যেন বাড়ির ভেতরে ঘরেই উঠতি দেব না তুমি থাকতে পেরে কোনো বাংলাদেশে না আমি তো ইন্ডিয়ায়
/kaggle/input/regspeech12/test/test_kishoreganj_0196.wav,শুকানোর জন্য হেয়ার দেবে বাড়ি পাওয়া হবে এবং
/kaggle/input/regspeech12/test/test_chittagong_0069.wav,ওমার এই ব্যাটিয়ারা যেন হবেনি এই ইয়ানার গো এখন তুই হাতে নাইলি আরো গড়াটায় সুগার তুই লোভী আরো গায়ে লয়া আমার হুম আইস্ছে আইস্ছে তো এখন যে ভর্তি হবি
/kaggle/input/regspeech12/test/test_chittagong_0010.wav,কোনো দুই সাব্বিস খালি না পার কারণ তুমি লিস্ট গিয়ে দেখো না তুই কাছে তো এখানে হ্যাঁ ডেমোর হাতে তো
/kaggle/input/regspeech12/test/test_barishal_0014.wav,তারপর যদি রোডের সামনে থার্ডে অনেক সময় ধ্বনি ফেনীর বাড়িগুলি থেকে দিলেম বাদ
/kaggle/input/regspeech12/test/test_sylhet_0048.wav,কিন্তু বেশি মদ হয় তাই ওপারে দায়ীরা শিখাইছে নতুন নামে না আমাদের আমি কলা জায়গা লাগিয়ে বাসার তালা পাই বাইরে লাগে তো রান দিয়ে দেওয়া লাগে তাই রান দেয় আমার বয়স কত হইব নাইনো করে এবা কাউকে রান্না না পারবে না তুমি তা পারো শুনে সব রান্না পাইবে
/kaggle/input/regspeech12/test/test_sylhet_0708.wav,আর বড় আছে রিয়ার দিকে
/kaggle/input/regspeech12/test/test_noakhali_0007.wav,বাইরে লগায় কিন্তু সিয়েরা যেন পোলিফিনিকে দেয়
/kaggle/input/regspeech12/test/test_sandwip_0003.wav,ঘর সংসার আছে উচ্ছে বেশি থেকে বেশি খরচ করেন তিনি কী নিবেন গ্রামে গেলে শাম্পা আচ্ছা এবং মনে করেন বর্ণুর বাস্ত্রের ডাকিলে
/kaggle/input/regspeech12/test/test_sylhet_0347.wav,পোস্টিং হয়ে গেছে তোমার বিবাড়িয়ার আমার চাকরি সিলেট আর আমার চাকরি বিবাড়িয়া আমার বাচ্চার বয়স তখন দুই বছর কাছাকাছি গেছে এখনই ছোট বাচ্চা লইয়াছে মানে আমি
/kaggle/input/regspeech12/test/test_sylhet_0035.wav,দশমীর দিন আবার পৌঁছে আয় পূজা হয় পূজা হয় মা দশটাইমের ভেতর পৌঁছাইব এদিন সবাই অঞ্জলি দেয় নাই সবাই আনন্দ করি যে পাড়ে দেয়াই অঞ্জলি দেয় না তারপরে শেষ হইল দশমী পূজা পড়ে
/kaggle/input/regspeech12/test/test_barishal_0022.wav,একটা কোড্ডে কতটুকু ওষুধ থাকে কয় বেলা খাওয়ালে কতটুকু এগুলো চাওয়ার বাংলা কহিল শান্তি না থাকলে তো এই কথা কেন আমি ধরেন আমি সকালবেলার বেক খাওয়াই এমন সময়ের সময়ে উঠায় ঘুমের নিয়ে
/kaggle/input/regspeech12/test/test_narail_0159.wav,ওই মেশিনই নষ্ট হয়ে যাবে ওনার এত রোগ প্রথম হচ্ছে ডায়াবেটিক বুঝছ পরে হচ্ছে ওনার চোখে তে নালি হইছে
/kaggle/input/regspeech12/test/test_tangail_0029.wav,তার মানে আমরা দুজন সুলমীন কিন্তু ঘটনাগুলো এমনভাবে হয় যেন জোনাথন সবসময়ই ঠিকই করে কিন্তু মানে অন্যান্য পারিপার্শ্বিক যে ঘটনা আছে এটার মানে সারা বুঝতে পারে না এই জিনিসটা
/kaggle/input/regspeech12/test/test_narsingdi_0067.wav,বসির পাবার দাড়ি না নিতে পারি বৈনা মামার লোকের একটা অত বিয়ে করলেই যে তোমার জিনে ফোলা ভাইয়ের ফোলা কিডন্যাপ করছে সত্যি কথা মায়ে বলে কুন্দা ভাড়া করিস আমরা তো ভিন্ডা
/kaggle/input/regspeech12/test/test_sylhet_0493.wav, এমন লাগছে এমন লানি অভিযান নাহ ওর আমার হাসবে তাই শুক্রবার একে নামাজ মাছ পড়াতেই সোয়েন মানে হসপিটেল সবকিছু আছে থাকু হসপিটেল নাম হচ্ছে এখন বাড়ির মোগবাজার থাকু হসপিটাল এবং বড় হসপিটাল দাহার মাঝে
/kaggle/input/regspeech12/test/test_sandwip_0020.wav,শুধু গেলে রাস্তা রাস্তা ভূমিকা স্থানে পারিয়ে কহিল তখন কিন্তু দেখাইয়া এতের পায় খালি গিয়া স্বাস্থ্য স্বাস্থ্য স্বাস্থ্যের সাথে
/kaggle/input/regspeech12/test/test_sylhet_0634.wav,আপনার বড় বোন নি দাদু আচ্ছা তো আপনি আইন আমরা উবাই নাতির মেয়ে যে তাই বলেন
/kaggle/input/regspeech12/test/test_narail_0157.wav,ওই ব্যাংকেটটা আমার কাছে কি আমার কি পাগলে কামড়াইছে আমি গাছ টাকা ভাঙে ট্রাক্টর দেয়াবানি আমি পাগল ছাগল আছে পৃথিবীতে কত তোমার না দেখেই বোঝা যায় না
/kaggle/input/regspeech12/test/test_narail_0156.wav,ইন্ডিয়ায় ডাক্তার দেয়াতে যাবে না তোমার দিদি বাংলাদেশে তো তেলায় ফায়দের হতিছে না ব্যাঙ্কে টাকা দিচ্ছে ওই টাকা ভেঙে ডাক্তার দেখাবে না সে
/kaggle/input/regspeech12/test/test_chittagong_0097.wav,ভাই মাতার মধ্যে কিন্তু ইবানা হিস বিয়াহ হিসেন্দ্র আইন দিক থেকে আগাবে আরা বিশ্বাস তোর মধ্যে ইয়াগোজ্য আলোজ্য গৌরব তাই এমনটা এলে আনন্দ নির্মাণের অঙ্গ সুযোগ কেন
/kaggle/input/regspeech12/test/test_sandwip_0056.wav,মুভিলেশন বেশি করে না রে মহিলারা যখন সবকিছু লেজান্দা করা লাগে এসব মহিলার বউ আসলে তিনি
/kaggle/input/regspeech12/test/test_narsingdi_0106.wav,না মজা আছে তুই কিছু ট্রাই করলাম আবার বাবায় খুব খুশি হয় এই যে ওয়েট কোকো মেলার নার্সারি রিধামস আমি কিছু ট্রাই করলাম দাদু খুশি এটা নেক আমার প্রথম রান্না দাড়িতে একজন মোনাস আমি যে ডিম বাজান গেছিলাম
/kaggle/input/regspeech12/test/test_kishoreganj_0204.wav, পদ্ধতি ফিরেছি
/kaggle/input/regspeech12/test/test_narsingdi_0123.wav,বই ডেমন স্লেয়ার ঠিক আছে অহরের জাপানের মানুষটি হাইয়েস্ট বাজেটের রিয়া অ্যানিমেশন সিরিজ না দেখলে মিল আমি আনিয়ারিক স্পাইফে মেলি স্পাইফে মিশেস কি বাস সরি
/kaggle/input/regspeech12/test/test_narail_0030.wav,আমি তো কাগজে কতীবারী কাগজ দেখলাম ওই যে ইরিগায় যে কাঁঠাল গাছপালায় যেটা খাল করে যাচ্ছে এ যে জমি হ্যয় তারপরে আসাদ মিয়া যে কেমন বানিয়েছে সেটা তো আমরা জানি
/kaggle/input/regspeech12/test/test_sylhet_0578.wav,লিড আর ক্লাস গ্যারাইট টেকনিকের প্রায় চোখ নিয়ে এক বছর তুমি চলো
/kaggle/input/regspeech12/test/test_barishal_0034.wav,দুইয়া একটু বাটিতে লইয়া টুই করবেন
/kaggle/input/regspeech12/test/test_sandwip_0108.wav,ভিয়েনের কোন সম্পর্ক নাই এই ব্যাপারে আইন বলি গেলে এতের চাহিদা বুধবির
/kaggle/input/regspeech12/test/test_noakhali_0020.wav,ইন্সার হাজ ভাই তুমি কি কি গোসল্লি করা আছে
/kaggle/input/regspeech12/test/test_sylhet_0036.wav,ওইদিন আমরা মন্দিরের কাশ্যের আনন্দস্যুপূরণ সন্ধ্যার পরে ঘোড়ায় সেই দিন আমরা সবাই বিজ্ঞাতন যে আমরা নিরামিষ খাইছি এই দিন ভালো মাছ মাংস সবাই খায় তারপরে হইলেক আমরা বিসর্জন বিসর্জনের ক্রাইভেস্ট
/kaggle/input/regspeech12/test/test_rangpur_0059.wav,একটা চিহ্ন দেখা গেল আকাশ হত এটা হল দুর্ভোগের একটা লক্ষণ রাহুল্যভাবে চলাচল নিজের সাথে পায়নি
/kaggle/input/regspeech12/test/test_habiganj_0016.wav,তারা ছেলেটা নিতে বেয়াহরে সেটা বালা আমার থেকে ধরছে দেখছুন নেয়ারা অন্তত উগ্র উঠছে এত শ্বশুরবৃত্তিক নিহত থেকেও বন্ধুরা হাসপাতালে চাষ পাঁচ চালে দুই লাই যাতে বেয়ার হচ্ছে তিনটাই মনে হয় হচ্ছে সব প্রমোট
/kaggle/input/regspeech12/test/test_sylhet_0459.wav,ও আমার পায়ে দিব আমার মায়ে বাফেদা হলে তো আরও পেলেই গুমাফেনা ঘোষে যায় লেগেন আমার মায়ের চাচার মায়ের দেখতে অসুস্থ অন্য নাতি নাতনি বুঝে নামে তাই আমি দিচ্ছি না আইেজ নেওয়ার লক্ষ্যে তোর কাছে স্কিল ফুট লুক্সী আমার লক্ষ্যে আসবে হালকার যেভাবে আনন্দিতে বিনারী
/kaggle/input/regspeech12/test/test_kishoreganj_0037.wav,এদিকে আরিতে হবে মুন্না চব্বিশ উত্তর তিনশ
/kaggle/input/regspeech12/test/test_barishal_0073.wav,দেখছি এটা নিজের চোখকে বাস্তব প্রমাণে দেখছি এই জিনিসগুলো গড়ে সংসারে গড়ে এরা সামনা সামনি নেপাল ও পিচ দিয়ে বহুত কিছু কর্তার
/kaggle/input/regspeech12/test/test_sylhet_0276.wav,দেড় হাজার টাকার টিউশনি মানে তৈল গিয়া দর আমার মাসের খাওয়া খরচ সারিয়ে হাতকড়সও চলে যাবার অবস্থা তো এটা টিউশনি একটা করার পরে সাহস হয়ে গেছে কারণ বার্সিটির বাসে আওয়াজ আওয়াজ করে তোমার বাড়ার টাকাও লাগে না মাস শেষে টাকা তা পাইলে
/kaggle/input/regspeech12/test/test_kishoreganj_0160.wav,ডানা টুকটুকি লাল ডানা টুকটুকি লাল ডানা টুকটুকি লাল ডানিমের দাম
/kaggle/input/regspeech12/test/test_sylhet_0751.wav,কিন্তু মন্দিরে মন্দিরে গেলাম প্রসাদ চাইলাম পাগল তোমার জেলা তুমি দেন কিনে না কিন্তু গেল মানে এইগুলা করার কিত্তা মানে ঘরে নিজেরা পরিবার পরিবারও করে আবার মিললামি সত্য মিলে মিশে আমরা আল্লাহ যদি সব আপনারা নিজে তাই বাঁচবেন
/kaggle/input/regspeech12/test/test_sylhet_0593.wav,প্রভার সাথে মা ফুলসের লাস্ট টাইম প্রেম হাসব্যান রাইফের আগে কবে জানি মাহফিস্লো ফেস্ট ফোরের হাসব্যান যাওয়ার সময় আবার খুঁজতেন
/kaggle/input/regspeech12/test/test_sandwip_0032.wav,দু তিন রকমের মাছ লাগিব কি রে তোর মা এসে ছাত্রী করেনি
/kaggle/input/regspeech12/test/test_kishoreganj_0159.wav,সবাই বুঝে যে গাছটা লোক তার মানে ভাইন জমিটা দেখছ সাধুবাহ জমিটা এলাকায় কুয়াশা দিচ্ছে কুয়াশা লুপ্ত হয়ে পড়ে ডাইলি মের ডানা টুকটুকি লাল লা দাইলি মিটুল ডালা টুকটুকি লাল
/kaggle/input/regspeech12/test/test_sylhet_0157.wav,মাঠ ও জঙ্গল শিষ্যে জঙ্গল সাইডুবাই জঙ্গল দেখা যুদ্ধের সময় পাইছেন নাই ওত বড় অস্থায় কিছু মনে আছে নিস তাই আমরা না কোয়েন নেই আমরা তো এটা খালি বইও ফোন কিছু তো জানি না
/kaggle/input/regspeech12/test/test_narsingdi_0023.wav,এটাই আসলে জাতীয় দলের প্লেয়ার আসবে যাবে আসবে এরকমই আজকে তুই খারাপ খাতাজ তোর জায়গায় আরেকজন নিবেই যদিও আবার তোর জায়গায় যাইনি সেবা যদি খারাপ খেলে
/kaggle/input/regspeech12/test/test_chittagong_0014.wav,সামাল্লাহু আলাইহিয়া তাহলে দোয়া করিব আচ্ছা ঠিক আছে
/kaggle/input/regspeech12/test/test_tangail_0121.wav,তুমি তো এই টাকাগুলো কতগুলা মানুষের কাছে পৌঁছাইতে পারতেছে যতটুকু আমি হিসাব করে যদি ক্যালক্রোশন নরমালি করি তাইলেও তো হইতেছে অনেক টাকা হয়ে যায় কিন্তু দেখ দিতেছে কত লাখ টাকা করে দিতেছে দুই লাখ আড়াই লাখি কি পাচ্ছে একজন ব্যবসায়ী
/kaggle/input/regspeech12/test/test_barishal_0028.wav,এই যে নাগে ট্রিপ দিয়ে একটা জিন্সি রেপ করে ডানছিলাম একটা না দিল
/kaggle/input/regspeech12/test/test_narail_0102.wav,জাকাল হামাদুল্লাহ কিন্তু কঠিন রোগ বয়ে নিয়ে বেড়াচ্ছি এর কওয়ার মতো না যাত্রা থাকতে এবং সুস্থ হয়ে যেতে হবে
/kaggle/input/regspeech12/test/test_sylhet_0614.wav,হ্যালো আইস স্নিক তুই আইস স্নিক নাস্তাহর ইয়াজোহরো পেরোগ্রাফ বার করো আমি আই আর তাই হ্যাঁ চাচুদ এটা
/kaggle/input/regspeech12/test/test_sandwip_0052.wav,অন্য মাস মাফার হাতে দেখলাম যে কেহ হয়ে গেছে কিন্তু জিলিপ দে তুমি ঠিক সেক্টরেনের আঙুলে দেয়েই তেলে না
/kaggle/input/regspeech12/test/test_sandwip_0127.wav,আমরা মানিতেই অন্যাস্য এমনি লাইনি আঙুরে ফ্যাসার দিয়েছি কী করাম লাগবে আঙু মারা সাফেরার করে রাখি আমরা মানছি আঙুল আমি আঙুরে মানব এই ফ্যাসার দিলেও আল্লাহ তার দিকে ভেন্যু করে জ্যালান্টি
/kaggle/input/regspeech12/test/test_sylhet_0438.wav,মানে টাস করিয়া কিন্তু কুলিয়াই নিয়া কমোটর মাঝে পড়ছে হেমন সিট মারছি আমি মানেও আমি করেছি সব তামানো সিটিআইের চামা মানে মাংস হুঁসা কিংবা আমরা সিটি ইয়াইয়া করি কি স্যার হেমন সিট লাঙায় সিট ডাঙর ডোরার সাথে আরও লেখা আসে আমি বৈধন করাম নার্ভার্জিও
/kaggle/input/regspeech12/test/test_sylhet_0547.wav,আর ফর্ম প্ল্যাবটা শেষ রামজান্টা দ্বৈত নয় আমরা হ্যারিনের জন্মে মেয়েমেয়ে করেছেন ক্লাসো যে রমজান হইতে নাই
/kaggle/input/regspeech12/test/test_tangail_0066.wav,কর্পোরেট পার্টিতে দুই পার্টি করতে পারব না ওদের তো আলাদা একটা ফাইট জালে স্টাফ আছে ওই তো আরাও যেমনি স্টাফ ঐরকমই তো এই পার্টির মধ্যেই মানে শিউলি একদম মানে রেলিংয়ের কাছে যাব
/kaggle/input/regspeech12/test/test_barishal_0060.wav,অনেক ফ্লাফানের লাগে চলছি এই পোলা নেশা হইতে শুরু করিয়া এমন কোনো তাউরুসি নেই যেন মুই পোলা করি নেই আর রাহুন সব ছাড়িয়া ভালোই সংসারী করি মনে করেন আমি যখন ফ্লাফানের লাগে চলছি দৈনিক পঞ্চাশটাহার একশোটার কাজে লাগত আমার তামাক ছাড়া আমার জীবন চলত না
/kaggle/input/regspeech12/test/test_barishal_0091.wav,যত বছর যখন এত এ গাছ এই যে নেবারি কাটলাম এই গাছ
/kaggle/input/regspeech12/test/test_habiganj_0032.wav,জানালা না যে রাসত্বি তখন ইকানোই একটুও হরি আবার মালাটালা ঝুঁকি কিন্তু পুরাপুরিভাবে করা হয় না বাড়িতে থাকতে যেমন করতাম এমনভাবে কিন্তু করতাম পারি
/kaggle/input/regspeech12/test/test_barishal_0045.wav,হেইয়ের পরে অনুকাণ্ড হলে নামার মাথা গেছে গরমেরিয়া যে এই ঢুক্কা মেইয়ে সজ্জ্বলে না এই তো এই এই কষ্ট তা গরু কিনলে কি করবি বেশ চেয়েই হলাম বেশ চেয়ে হলামও আর ঐ মোর এই গাছ কাটা কাছার নিম্ন গেলে মুই ঢাকা ছেল্লে জন্ম এ বাড়ির সংসারী আর তোমরা
/kaggle/input/regspeech12/test/test_sandwip_0037.wav,মাথা খাওয়ার জন্যে সুম্যার ওনা হয়েছে হাহায় না খাইলে হাহিত করে চলো তা দিয়ে বললে আর বাসনা বেশি আনাকে বললে বাসনা নেই
/kaggle/input/regspeech12/test/test_narail_0017.wav,তালি শ্বেষ হোর্দে তাই সেবার পৈশী যে মাইসহত বাড়ির কাছে বলে মেলা টাকা পাঠাইছে দাদার চিকিৎসা তাই তো মনিকল তানে মাইসহত তালির কাছে যে তালি ভালো কথা গুরুপদ্ধ ছলের কাছে পাঠাইছে তাহলে আমি গুরুপদ্ধ ছলের কাছে শোনব যে গুরুপদ্ধ ছলছল টাকা তো খাইছি আমাকে দিই নাই
/kaggle/input/regspeech12/test/test_sandwip_0125.wav,ধন্য যেন একলা সারা বাইরে যায় ক্লাস এতে হল হে এক ক্লাসে লাস্ট পর্যন্ত এটা হলা মেথিকেসে ভর্তি এল না নানির জন্তু হরি শোলা ঠুক শুকিছে
/kaggle/input/regspeech12/test/test_comilla_0027.wav,আর ওর বাবাও তো একজন সরকারি কর্মকর্তাই উপজেলার অধীনেই সহকারী ইঞ্জিনিয়ার তো ওনারা ওরকম ভাবে যে মানে এটা তদন্ত করতে হবে বা এখানে কাউকে দোষারোপ করার মতো উনি কোনো করেনি
/kaggle/input/regspeech12/test/test_narsingdi_0065.wav,এটা আমি দেখি দুই আয়ের ম্যাপ ফেরা অন ইঞ্জিন রেনিং পট্টা ছিল
/kaggle/input/regspeech12/test/test_tangail_0115.wav,এটা তো দেখাইছে পেপারেও দেখাইছে আর একজন নেতা আছে না সবাইকেই করে চট্টগ্রামের রাউজানের নেতা কী জানি না মোটেন ভাই কী জানি ফারাজ কারিফ
/kaggle/input/regspeech12/test/test_narsingdi_0031.wav,ওটা দেওয়াস নাই তুই এরকমই স্বপ্ন সবারই দেখতে হবে না দেখলেই চলে না এই যে টি টোয়েন্টি ওয়ার্ল্ড কাপ গেল দেখলে না সাকিব আল হাসান বলল যে
/kaggle/input/regspeech12/test/test_sylhet_0398.wav,কেশমিল আলা না ফর্ল শুনি না হারামজুদের মানুষ হবে আমাদের থাকে এবং বুঝলে না কোথা থেকে হয়ে যায়
/kaggle/input/regspeech12/test/test_rangpur_0126.wav,তোমরা ইচ্ছেই করে না দিন মোটে একা দিয়ে কিছু মাটে ওই দুই শো দিচ্ছে মাফা তো আরও তিন শো দেমের কি টোটাল পাঁচশো টাকা মৃত্যুর দিন
/kaggle/input/regspeech12/test/test_sylhet_0677.wav,মাস্টার্সের প্রতি আমার ব্যবস্থা প্রাপ্তি আমি ডিগ্রি কমপ্লেস করছি মাস্টার্স আমার ছোট মেয়ে হোক করতে পারতে পারতি না ফুরের বিচারপতি মাস্টার্স ওয়েবসার্ডে আছে এখন উপস্টার্ট মানে ফরা কন্টিনে তলা
/kaggle/input/regspeech12/test/test_sylhet_0695.wav,তাইলে তো আপনারা ব্যস্ত আছো এর সাথে রান্না করে এলেন দাদু আপনারা বুঝ সময় দিলাম
/kaggle/input/regspeech12/test/test_sylhet_0442.wav,তেমনি শ্বশুরবাড়ি থেকে আছি নাকি শ্বশুরবাড়ি সব আছে ওয়ার্ল্ড পয়েন্ট ছাড়াইয়াও গেল যে আরামবাগ
/kaggle/input/regspeech12/test/test_sandwip_0111.wav,কিন্তু আমরা যে বলতেছি আমরা পড়েছি আমি সঙ্গে সেখানে অনার জন্য হ্যাঁ
/kaggle/input/regspeech12/test/test_noakhali_0006.wav,দেখুন কি না নানু
/kaggle/input/regspeech12/test/test_sylhet_0301.wav,আর বিয়া হইলে ওখানে একটা করা লাগবে করতাম আর সবচেয়ে বড় যে জিনিসটা আমার মাথায় তখন এটা করছে যে আমি তখন ইউনিভার্সিটি ফাঁস করিয়া যখন আমি বাড়িত ফিরিয়া যাইন যেই বাড়িত আমার আম্মায় কোয়ার্টিফোর ওভার টেনশনে তাকাইন আমার আব্বা নাই আম্মায় টেনশন করিরা তাইন ঘুমাইতে পারেন না
/kaggle/input/regspeech12/test/test_sylhet_0243.wav,তোমার স্বপ্নগুলা খুব ছোট ছোট থাকে যেরকম আমি এসিসির পরে আমার টার্গেট বসুন যে আমি মিনিমাম প্রাইমারি স্কুলে চাকরি করিয়া আমার একটা পেশা লাগাইব দেব না মিয়া আমার ইন্টারোল দিচ্ছৈ তখন আমার টার্গেট হইছে যে
/kaggle/input/regspeech12/test/test_sylhet_0590.wav, আসছিলাম যা এখন দিন প্রতিদিন পৃথিবীর তো যাই গিয়েছিলাম
/kaggle/input/regspeech12/test/test_sylhet_0589.wav,আর এর ফলে থেকে দেখিয়া বাক্যে পড়া তো আগ্রহ আছে কেষ্টর কদিন আগে থেকেই পড়াইয়া উজ্জ্বল স্যারে বাদ দিলেন
/kaggle/input/regspeech12/test/test_sandwip_0002.wav,কাকার সীমার মোবাইলে সিগারেট কোনোটি না না খরচ খরচের মাঝে দাবার দিতে গেছে
/kaggle/input/regspeech12/test/test_sylhet_0480.wav,রামার আম্মা তারা গুরুত্বারাপ্য এবং তুমি কিন্তু আবার দুনিয়ায় মৃত্যুমান ভীত হইয়াইছ খালি তোমার ঔষধ হার নেই আর তো হার ভিড়িয়াই তোমার বাস্তু নামে বাইরেও গোলা নিয়েই বড় বটার বান্ডিলে ব্রেক নিয়ে ডাক্তারা ইটা মারে ভুঁইলে মাত্রিয়া মরতে হইবে এর আগে মরতে না
/kaggle/input/regspeech12/test/test_barishal_0050.wav,ই হিন্দে হে রাত্তিরে অ্যাম্বুলেস বাড়ানায় মোড় দিয়ে দিয়ে আষ্ট অজাষ্টা কয়েক এলেজার নাগালে বাদ দেন আর ঠেহাইন না হেই জড়তুফানের মেদুব্য জড়তুফান ডাঙাইয়া এত কিছু করিয়া হাইয়া মনে করেন কোনো যদিতে গুণা না তাহাই মানুষের ভিতর দেওয়া হয় কি ও এইটে বোঝে না যে মোর বেড়া যে হারার দিনেই গাছের কামড়া করে
/kaggle/input/regspeech12/test/test_kishoreganj_0039.wav,ধরিম আলী কী আলাপ করলেন
/kaggle/input/regspeech12/test/test_narail_0022.wav,আগায় তোমার বড় মামি আসত ঐ বড়দিদিমা আসত তোমার ছোট মামির বাড়ি আসতে সাহস পাইনে যে আনে যেটার সাথে যে পীড়িত হইছে সুজন মাস্টারের পীড়িত শাসে হইছে মরিচে ছোট মামি সুধাম নিশ্চিত ছোট মামি ওই ছোট মামি সত্য খাতের ছিল না চলাল বাড্ডার সাথে টোকো নিলা
/kaggle/input/regspeech12/test/test_narail_0003.wav,নেসার তোমার শাড়িয়ে সরিয়ে নিনি পুরনো বয়েতে আছে আমি যে জমিতে ধরিছি ওকে কানে গেছে এবার আমার ডায়েক আছে কি যে এরকম বাড়ির জমি তোমরা খাচ্ছিলাম
/kaggle/input/regspeech12/test/test_kishoreganj_0164.wav,মানুষের মানুষের সাথে সুদূর ভাগ হাজারের উদ্যোগ নেই মানুষদের সাথে সুদূর মানুষের সাথে সাথে সাথে সাথে সাথে সাথে সাথে সাথে সাথে সাথে সাথে সাথে সাথে সাথে সাথে সাথে সাথে সাথে সাথে সাথে সাথে সাথে সাথে সাথে সাথে সাথে সাথে সাথে সাথে সাথে সাথে সাথে সাথে সাথে সাথে সাথে সাথে সাথে সাথে সাকে সাথে সাথে সাথে সাথে সাথে সাথে সাকে সাকে সাকে সাথেকে সাকে সাথেকে সাকে সাকেকে সাকেকে সাথেকেকে সাকেকে সাকেক
/kaggle/input/regspeech12/test/test_sylhet_0489.wav,আমার ওলা বাড়ি লইতে যে তুমি আমার হারায় ফুলি করে কান্দা ম্যাডামি সাহস দিন যেন কান্দাকে শুভ শুভ নামাজ ফুলিয়ে যাল্লার সব শুনলে তুমি থাকবে বালার
/kaggle/input/regspeech12/test/test_sylhet_0740.wav,পুড়ে দরবার ধরিয়া টান মারেনি বাগে বা হরাতি টান মাইন বাগে ও তাই নিয়ে লাগে সারা জীবনে আমরা নিরামিষ চাই না নিয়ে একটা মাস নিয়ে মাস চাই না
/kaggle/input/regspeech12/test/test_kishoreganj_0021.wav,ভয়ামসিতে লোককে হাইস্কুল আছে না হাইস্কুল সাতটি
/kaggle/input/regspeech12/test/test_sylhet_0149.wav,বাই আছেন বাইর বউ আছেন বাই ভূত আছেন বাই যে আছেন আছেন বাই না গোমাই আমি লাগিত মাত্রা করাম না
/kaggle/input/regspeech12/test/test_barishal_0042.wav,হেই কুডে গুঞ্জিত মনে করেন কাশীতে টানিয়া আড়িবেন শিমুল রাস্তার লোক দিয়ে জাগাইটি হেইয়ে নিয়ে খেতে হ্রাচ্ছি হেই কুডেটি একলাখলা লার্সি হেই রোগ দূরের মধ্যে একটা মিল ছাড়া বৈত্রীন হেইয়ে ঘুরে ঠুরে হুক হইছি বিয়ে লেখা লাহি আবার একলা খাসের
/kaggle/input/regspeech12/test/test_chittagong_0093.wav,আইটি টেনশনে রাখতেছি হুনমিকে নাম নয় তো কেউই হুনমিকে নাম নোয়ায় গুচ্ছ টিউ ডিউ
/kaggle/input/regspeech12/test/test_sylhet_0001.wav,আরে কোনো নেই সামনের অধিকার কিছুটা পানি হাজিরে ফেলবে হাওয়া একসময় যা হইলে বালা লাগে বাটাও একই না গুরুও বাদ দিন না তারা বলছে হইতে কখন আর মুখ রইল না গুরুপালার
/kaggle/input/regspeech12/test/test_narail_0063.wav,ভয়ের বিশ্বাসের পুকুরের এদের ওর বাবা মেলা গাফিলতি দিচ্ছে
/kaggle/input/regspeech12/test/test_sylhet_0075.wav,লক্ষ্মীপুজা কালীপুজা কার্তিক পূজা গণেশ শিব আরেকটা আছে শিব চতুর্থ শিব কাল গোলমাসুর লাশ ছিল ভাই ফোটা কোন সময়ও
/kaggle/input/regspeech12/test/test_tangail_0022.wav,ওদের দুজনের দেখা হয় একটা নিউ ইয়র্কি বেকুন একটা মলে ওরা দুজনেই যায় মানে ক্লাবস কিনতে কারণ বাইরে তো মানে শীত কানাডার দিকে
/kaggle/input/regspeech12/test/test_narsingdi_0063.wav,যেই পরাতরা পণ্য দিন লাগা শিখতি আমি আগে সেই না ঠিক কিন্তু লাস্টে তিন হিনা ঠিক শিক্ষা লাগিয়ে পরীক্ষার আগে নিম্বাবাম দুই দিন অধ্যায় পেরে বসব তোরা পড়াইতে গেলে
/kaggle/input/regspeech12/test/test_kishoreganj_0095.wav,এটা বিআইপি মসজিদ না বেডা চুনি বোকা ক্যামেরা বিট করা আছে এফওয়েদ আনোস ফেন সবাই এক লোকের নামাস রেফয়য়ানোস তোমাকে কী বলে না এর পরে তালা মারিও না
/kaggle/input/regspeech12/test/test_sylhet_0606.wav,এখন আর হিম দিলাম অন্য সবচেয়ে ঠিকঠাক ব্যবস্থা এখন ব্যারেম খুব দেখতেই ভালো লাগে মানে দেখছি লাগছে যেমন ঠিকঠাক আছেন সুস্থ সেবন্য সিনেট থেকে দেখতে বেশি দুর্বল আছেন
/kaggle/input/regspeech12/test/test_narail_0057.wav,আমাকে তো কোনো কিছুর অভাব নাই আমরা দুই মাপের কিন্তু আমরা মেলা ভালো আছি বাবা চলিয়া গেছে চাকরি পেতে কুয়ার তারপর যদি তোর ভাগ্যে থাকে তার পয়সা হলেই আমার তথ্য যদি
/kaggle/input/regspeech12/test/test_sylhet_0338.wav,মানে আমার মনের সাহসের কোনো অভাব নেই শরীরের রাতে না থাকা মনের মানে নির্দ্রন্ত সাহস আছে বাদে পরীক্ষা যেন স্থগিত হইল
/kaggle/input/regspeech12/test/test_chittagong_0081.wav,কম্পিউটার সিস্টেম যার চেয়ার একটু ভার এলাকায় মানে মানে মুষ্ট হয়ে যাইবে যার মাথাও তুলি না ভারে যে হিটেস্টের মতো হয়ে যাইবে তো ভাই প্রচুর গরম ভাই প্রচুর হাইওের গরম উজান এখন উনিকে গুছতাম জানি না পারি
/kaggle/input/regspeech12/test/test_sylhet_0164.wav,ক্ষতিকর তাক্তা না হয় যেতে প্রয়োজনে আমি বেটারার স্নেহ কুশি উদ্ধার করিয়া আলোচনায় চৌদ্দ প্রাণ জানতে আসবেন
/kaggle/input/regspeech12/test/test_chittagong_0150.wav,আর ওর একবার হলেন দে আইডিও ওয়েক্সেড নৌ বলি বলে নৌ হই হ্যান্ড একান সমস্যালে কি ওই আইজি বলতি অনড মেসেজ দিয়েট কনভার্সেশনের কিগু ছবিটা পেপে গেলেন তৃতীয় কির্জিতে
/kaggle/input/regspeech12/test/test_kishoreganj_0106.wav,সকল প্রাণীর শক্তি প্রত্যক্ষভাবে উদ্ভিদের উপর নির্ভরশীল
/kaggle/input/regspeech12/test/test_sylhet_0114.wav,তেমনি আমরা সাথে ইয়া লইয়া মাত্র আপনার ছোটবেলাগুলা লইয়া কিছু হইন কেমনে বড় টরোয়াইছুইন পড়াশোনা করছিলেন নি নাকি না একবারেই না একবারেও করছিলাম ছুটুর থিকা বড় ও একই রকম হইল এক দুটা কাহিনী ভিন্ন হই
/kaggle/input/regspeech12/test/test_narsingdi_0128.wav,এই আলাদিলাতে মাশলাতে মুহের দাপ তখন আমাকে ছাড়া কিডি সস বৈরামি ন্যাচারালি শুনব না না ওই যে বাবাই কি একটা ওষুধ এনে দিছেন আমিও কিনবই যে আমার ডাক সান্সপোর্ট হইতেছে এটাতে সান্সপোর্ট যেত না এটা সরুদ্র এক নেপ্রোন স্কিনের লেগে এটা
/kaggle/input/regspeech12/test/test_sylhet_0037.wav,বিষয়টা একটু অনেক মোজামাসুরের রং খেলে থামাইলে সবাই খুব আনন্দ করার পরে মাঠাকোকে অভিয়ত নিয়ে গাড়িতে করে নেতারা ভয়ে ওই বিসর্জনের প্রস্তুতির লজ্জায় যায় গাড়িতে নিয়ে আনন্দ করিল ট্রাকে উঠে মাদুর গাড়ি নিয়ে আনন্দ করিয়া
/kaggle/input/regspeech12/test/test_sylhet_0418.wav,মানে আমি অসুস্থ সারা জীবন থাকতাম আর বালয় তো নেই এখন বুঝো তার ফলে আমি আল্লাহরে ফেলে পৌঁছেছি সব মানুষের যে যে বা তাকে খুঁজছে মানুষ তো সব বলা না রে বাবা বুঝো না নে আমি তো ফেয়েকুর বালা দেখতে পারি আমি আমার আল্লাহকে সেসব শুনে হয়েছি আল্লাহ তুমি দেখিও সুস্থতা অসুস্থতার মালিক তুমি
/kaggle/input/regspeech12/test/test_kishoreganj_0078.wav,ফার্গে যা যা একটা অনুমতি দিছি কেয়াল আকবর নোটির প্রতি আঙ্গার দিচ্ছি না
/kaggle/input/regspeech12/test/test_sylhet_0351.wav,তো তার আগে ফাইয়ামি করিলাম যে আমার বাড়ি ছোট আর আমি চাকরি করি ব্রাহ্মণবাড়ি আমার বাচ্চা ছোট তখন আমার বাচ্চা আছে নুরুল ইসলাম নাহিদ আছে তখন মন্ত্রী তার লগা লক হইছেন যেন ই মেদামরে এই ছোট বাচ্চা লইয়া জামাই ছাত্র যেহেতু সিলেট তাই যে সিলেট ট্রান্সফার করার ব্যবস্থা করেন যেন
/kaggle/input/regspeech12/test/test_sylhet_0635.wav,যে নাতনি দেখলাম তাই মাতিয়ে নিনা স্মরণ হইব কিন্তু আজকাল একটা প্রেসারে প্রেসারে নাই বিনোদিনী প্রেসার বাড়ি
/kaggle/input/regspeech12/test/test_sandwip_0054.wav,না এতের উপর সুনিমা কাজ দেসার উপর পেয়ে না
/kaggle/input/regspeech12/test/test_chittagong_0149.wav,বড়ভূপের বাসাত বৈদিক কি অনেক শীতলা গুণ অন্যান্য ব্যাগুন কেন আছে বেকুম বালা চায় লাখ টাকা রেখে গিয়ে রাত দেয় হাই ও বোয়ায় বোবর ডোনাসরির আহতা হয়েছে
/kaggle/input/regspeech12/test/test_narail_0126.wav,কমেন্টে গিয়ে তো ঠিকই বলেছ এজন্য তোর পাশে রেখেছি হ্যাঁ আমি দেখেছি না আমি দেখেছি রে উনার সাথে একটু কথা বলতে হবে উনারও একা একা থাকে একা একা গান্তে থাকে ঐ তো বর খায় না দারে
/kaggle/input/regspeech12/test/test_tangail_0020.wav,তারপরে আমি যেই মুভিটার স্টোরি শেয়ার কমিটি সেটা হচ্ছে সেরেন্ডি পিটি এই মুভিটা অনেকে দেখে নাই কিন্তু এটা একটা সুন্দর মুভি ঘুম আসত স্যার
/kaggle/input/regspeech12/test/test_habiganj_0096.wav,আমার তো ইচ্ছা কাগড়াছড়ি রায় তোমাটি বান্দরবান যাইতাম হিতার্জায় মিলে সময় নিজের চাকরিতে কর্ম বেশিটি হ্যালো বহুবই সময় যাই না কিন্তু তাতে এখন দিতা না এখন তো শুধু রয়েছি এখন প্রথম হয়েছে আমি জীবনের প্রতিমাটি নাই কেন দূর বেশি দূর দিতা না সিলেট হয় তাইলে দিবা নাইলে দিতা না যে ফেললে কী
/kaggle/input/regspeech12/test/test_rangpur_0044.wav,তাই জীবনেও খারাপ হবার প্রমাণ নাই ও আন্টি শোনো এমনও দিনে এমনও খাইছে বেগম এমনও দিনে এমন নেশা হয় না থাকলে নাইয়ে বিবেরবেন ওটা কয়েলাম নেই
/kaggle/input/regspeech12/test/test_habiganj_0053.wav,তারপর একটু পবিত্র পোয়া যায় মনপ্রাণ বালা তাকে
/kaggle/input/regspeech12/test/test_barishal_0100.wav,মোরাতলাম ভাই ঈদের দিন ভ্যাল ফ্যাল যা পছন্দ এককালে ঠিয়ে পাঁচশে একটা জানায় খিয়ে কিনি ঈদের দিন পাঁচটা বেল কিনছি এবার চরিত গেছে কিন্তু আমি খুব আটবার দিন করছি শনিবার বিয়েলে বাজারে গেছি পাঁচটা বেলান যে পাঁচটা বেলের দুইটে দল হালাইতিছে
/kaggle/input/regspeech12/test/test_sylhet_0130.wav,দেখছিলাম লাগে একদম আর ঈদও দাইলে যখন প্রেম করো কীভাবে যায় দিন তোমার
/kaggle/input/regspeech12/test/test_kishoreganj_0192.wav,উদ্ভিদের পুষ্টি শুনানোর জন্য কোনটি প্রাণীদের জন্য মাত্রিক কোনটি প্রাণীদের জন্য কারণ নর্দমার বর্জ্য পানিতে মিশে থাকা বালি কাদা ইত্যাদি ছড়ানো
/kaggle/input/regspeech12/test/test_rangpur_0023.wav,আমি চায়ের রমজান মাসে খেলার মাসে চলি মাছ দিয়ে রমজান মাসে খাওয়া যায় ভাত বেশি রে সিয়েরি সময়ে এক প্লেটের পর বেশি দুই প্লেট আর দেয়ার পরে খারাপ হবে না
/kaggle/input/regspeech12/test/test_sylhet_0456.wav,মানে বললেন যেখান হইতে আমার প্রিয় কাণ্ড তারা মানতে আমার আবদাহ দরকার কী যে আমার উপায়ের জন্য আজকে আমার মানে তোই ও অত টেখা দেওয়া লাগবে কিন্তু আমার আবদাহ হচ্ছে তার আগের দেশে মনিউলামার থাকতিল বড় বই নিশানি তা আমি তো আর খেলে থাকাই বা দিচ্ছি নাই
/kaggle/input/regspeech12/test/test_tangail_0099.wav,রণবীর কাপুর ঈদের লিগে অনেক কষ্ট পায় যে একসময় সবাই দেখা যাইত আজকে মানে ঐ সবচেয়ে বেশি কষ্টে আছে ছবিটা পুরাটা দেখলে আসলে বোঝা যায় ওয়ান সাইডেড লাভের যে একটা ফিল
/kaggle/input/regspeech12/test/test_habiganj_0071.wav,ওর অনামান একবার ছোট অনায়াস চাঁদের আসি তারপর এদিকে এলে গেছে ইন্ডিস্ট্যান থেকে আরওই সিন্ডিস্টাইনের একটুই দাঁড়াও মানে একবারে সিন্ডিস্টাইন থেকে আরও সেজেন্টিক পালিয়ে যাও
/kaggle/input/regspeech12/test/test_sylhet_0011.wav,পড়া লাগে না যেদিন পূজাও এদিনকেই পরে নামবে ছোট সত্তাকার যেদিন আমরা টাইমটারিয়ে পড়ি বিসর্জন যাবে নাইডেন তাই না সব বই হাতা কলা কার গাছ অর্পন তার আর পূজার সাথে প্রশাসক খাওয়ার পরের দিন তো পূজার পদ্ধতি বলব নাকি
/kaggle/input/regspeech12/test/test_sylhet_0175.wav,তবে উদ্বোধনে গেলে মাহবুব সরকারি একটা শ্রম্ভ হল খালারা এমনি বুড়ানের জাইন্টাইন নেই পুরানে যে শুনানো ওই এমনি পরিবার মিললা বাবা বাপুর বাড়ি আরে মাইয়ে একটু শান্তি দিন জেগে গেছে বাচ্চাদের
/kaggle/input/regspeech12/test/test_narail_0171.wav,জামাই পারি আছে নাই তো জামাই তো বিদেশ বিদেশ বলতি কোন জায়গা আছে তো জামাই আজকে আজ সামনের দশটি মাসে ওমান গেছে না
/kaggle/input/regspeech12/test/test_tangail_0084.wav,শিউলির পছন্দের ফুল গাছ ছিল এই শিউলি আমি এই গাছটা আসলে তোমার কাছে রেখে যাইতে চাই পরে বরুণ ধাওয়ান এই গাছটা নিয়ে দেখা যায় যে একটা এই ভ্যানে বরুণ ধাওয়ান এই গাছটা নিয়ে চলে যেতেছে
/kaggle/input/regspeech12/test/test_kishoreganj_0121.wav,পরিবেশ দূষণের অন্যতম প্রাণের কারণ হল কী শিল্পায়ন
/kaggle/input/regspeech12/test/test_sylhet_0464.wav, আমরা তো বেশি একটা পছন্দ যেমন আমরা বিষয় করছি ও ভোজ বাড়াতেছি মানে জায়গায় জায়গায় আগে মানে আগে আমরা বাদান্ত এবং আমরা ক্লোয়ার্ডারের কাছে আনি
/kaggle/input/regspeech12/test/test_narail_0154.wav,দয়ানের সাথে কথাটা তো হয় কবে জানে তোর বড় মাসি ফোন করেছিল দুই তিন দিন আগে জয়ান
/kaggle/input/regspeech12/test/test_kishoreganj_0139.wav,ভাঙ্গি সবুজ রঙের মতো
/kaggle/input/regspeech12/test/test_sylhet_0316.wav,জানুয়ারির এক তারিখ থেকে তোমার স্যারের বাসা হয়েছে ও এমসি কলেজের সামনে এমপি কলেজের সামনে জাহাজ বিল্ডিং ও ইয়োর্ডের কিতাপয়
/kaggle/input/regspeech12/test/test_chittagong_0098.wav,না পারিলে ডিগ্রি লয়েল করে ফেলা ইন্ডিজেরি হাতে কিছু করিবেন না যে পয়েন্ট পায় আদা রাত চতুর্না আজ গো আরো কিছু বাড়ায়
/kaggle/input/regspeech12/test/test_sylhet_0656.wav,বৌ গিয়েছেন খুলে যে লাইব্রেরির স্যার ভালো অফিসে রাখুন আর দাদুর কিলা সময় যায় এটা কি তা করুন আপনারই না কই আপনারই না কই কিলার আপনার দিন যায়
/kaggle/input/regspeech12/test/test_comilla_0010.wav,রোহি গেল নাচের রিয়ার্সালে রিয়ার্সালের রুমে যাওয়ার পরে টিচাররা বলতেছে আজকে ব্লুটোতে চার্জ নাই আজকে তোমাদের রিয়ার্সাল হবে না চলে যাও রোহি তো অনেক খুশি হয়ে আবার স্কুলের মাঠে আবার যেখানে ধুলনাটা ঐখানে ফিরছে
/kaggle/input/regspeech12/test/test_sylhet_0319.wav,তখন তাইনের দুই বাড়ি থাকতাল লোকে তো ওই লোকে আমার বিয়া নিয়ে কোনো স্বপ্ন দেখি নাই বিয়ে নিয়ে ঐ রকম মানে আমার বিয়াট আসল একটা ঐতিহাসিক বিয়া
/kaggle/input/regspeech12/test/test_chittagong_0107.wav,কিন্তু হরতালীন হওয়ার দিন নাতন এক ঘণ্টা হলে রাত্রি বৈতাহামপুর্গী হরিবেলে কারণ নাসিরি নিশ্চয়ই গরম পুজোব তার এক ঘণ্টা বৈতায় কিলাম যে সমস্ত অনেক বেপোস্তা বিদায় হায়দার তার মোবাইল শ্বাসনালীর আগুয়া রাহিকে এলাম
/kaggle/input/regspeech12/test/test_habiganj_0054.wav,ষপদের যে পূজা দেওয়ার সময় তুমি দুফ কেনে জ্বালাও দুফ তো এটা একটা সুগন্ধ এটার মধ্যে একটা সুবাস তাহা না সুবাসে একটা নির্মল একটা পরিবেশ সৃষ্টি হয় যাতে আমরা যে পার্থনাটা করি পরিবেশটা যাতে মানে কোনো কিছু বালা সুবাস ফাইলে দেখুন মন্ডাও ভালোয় যায় এবং ফুলের একটা সুন্দর সুভাসী আপনার মন্ডা যেমন ভালো এমন একটা আগরবাতি বা কোনো দুফের একটা সুবাসেও মন্ডা ভালোয় যায় পবিত্র
/kaggle/input/regspeech12/test/test_narail_0069.wav,ওই জায়গায় আছে ওনি আছে যার জমি সে বাড়া জানে না কিন্তু ও জানে যে কোন দাকে তোর জমি কোন দাকে আমি কই দিতে পারি
/kaggle/input/regspeech12/test/test_sandwip_0062.wav,বিয়ের মনে হল বিশ দিন আগে ব্যাগ আনছি রূপান্তর হাস্য থেকে দিয়ে দেবে
/kaggle/input/regspeech12/test/test_sylhet_0393.wav,আমি তোকে মাত্র তো পারো সম্রাট কিটা সম্পূর্ণ হওয়া গবেষণাটা আর আসলে যে বাইরের সময় তোই এমনিতে মানে আমরা লাস্ট ইয়ারে স্টুডেন্ট তো অনার্স তো একটা পেপার লেখা লাগে যে ইয়ালিয়া
/kaggle/input/regspeech12/test/test_sylhet_0245.wav,এটা আমার যে অডিট বাই তাই কিশোনি করি হরিমানের সর্দা কারণ আমরা একটু কৃষি বেস্ট ফ্যামিলি আসলা আব্বায় ওরা ধনসম্পদ মানে জমাইয়া রাখিয়া গেছেন না যেটা থেকে আমরা পড়াশোনার খরচ চলত আমরা আসলে কোনো দিন কোনো প্রাইভেট টিচারের কাছে করছি না
/kaggle/input/regspeech12/test/test_sylhet_0649.wav,তাড়াতাড়িতা হই যেন আমরা রাষ্ট্রের মধ্যে যুদ্ধের সময় আসলা দাদু হইলা যুদ্ধ সময় তবু মুক্তিযুদ্ধাবৃত হইলের চিঠি একটা ফুল নয় হঠাৎ কি তা মানে কাহিনী হোইন দেখেন সুযোগ থাকছে
/kaggle/input/regspeech12/test/test_sylhet_0366.wav,তাড়ানা লইয়া আমার চিন্তাভাবনা আমার মতো আসলে আমার বাচ্চারা তো স্ট্রাগল করত না বা আমরা যে পরিবেশে জন্মগ্রহণ করছি তারা তো ঐ রকম দেখছেও না কোনোদিন কাজেই তাড়ানা লইয়া আমার আসলে মাঝে মাঝে কীভাবে তারা লাইভ
/kaggle/input/regspeech12/test/test_narail_0031.wav,নাসাদ মেয়ের দিয়ে আইস হল কিছু বেশি বেশে আইস হল তা ওটেরও বেশি উনি আছে খায় তাহলে না টপি আমারে কলোও যে পাই এরকম এরকম নিয়ে আমার মাথাব্যথা নাই আমি এর পিছনে দৌড়াচ্ছি আগেই ঠুক দিই
/kaggle/input/regspeech12/test/test_sylhet_0505.wav,ষপদ আব্বা মারা গেছি আমার আব্বা দিচ্ছি না এটি আমার ফরাসি না কুবালা হইছে না আমার আব্বা এটা এমে মারা গেছে আমারও তার চিন্তাধারা মনে করে আমার মন্ঠিত্ব খারাপ করিয়েছে আমার আব্বার মহলেই ডাক্তারের মানুষ অসুস্থইে মারা যাওয়া একটা হুম রোটার করিয়ে তা মারা যাওয়া আমরা খুব খারাপ হয়ে গেছি আমরা ছিনতাত করি গেছি যে হোটাত করি যে আমার মেয়ের উপর হয়েছে ইভার ইবর্ষণ মনের উপর প্রচুর খেয়ে তার খুলা হয়েছে তার
/kaggle/input/regspeech12/test/test_sylhet_0688.wav,শত বছর ধরেই দাদি মনে হয় বোর্ড বছর ধরিয়ে আমার শরীর আমলেও খাটিয়া গেছেন না
/kaggle/input/regspeech12/test/test_tangail_0043.wav,পশু পাখি জুড় সব যত পশু পাখি আছে সব নিয়ে অনেক মানে জাহাজ দায়িত্বিত অনেক টাইম লাগে লিগে অনেক ফ্রুটস ট্রুটস নিয়ে ওঠে কিন্তু ঐ ইরফান খান মানে
/kaggle/input/regspeech12/test/test_kishoreganj_0203.wav,আগুন নিবাহের জন্য কার্বন ড্রাগস কীভাবে
/kaggle/input/regspeech12/test/test_sylhet_0599.wav,বড় বই নেন তাঁর আন্টি আর দুইজন এরা ইউকে থেকে আইসিয়ান মামা রাজনীতিস্তানের মেডিকেতকে হোলেন তবে এখানে কইরা যাইতেছে আইসিস সাইটটা অনাসারে সিস্টার আমি এর আগে অনুষ্ঠান শেষ
/kaggle/input/regspeech12/test/test_kishoreganj_0014.wav,না বোয়া বেচে লাইন বিলের মাটির দোয়া ভাব নাই
/kaggle/input/regspeech12/test/test_narail_0025.wav,সেই দিয়ে কিশোররা তো ফাঁসিয়ে যে মানে তোর মা মরিয়া যার পরে তার ফলে কিশোরকে সাথে খাতায় দিন এর আগে কিশোরকে সাথে তুমি সম্পর্ক ছিলে
/kaggle/input/regspeech12/test/test_habiganj_0079.wav,তোমার বাড়ির থেকে কত দূরে বাড়ির থেকে দূর বলতে এমনি ভূমিকা রাস্তাটা উল্টো সাইকেল করতে আমরা পারি আমি এদিকে আর্থিক
/kaggle/input/regspeech12/test/test_sylhet_0446.wav,কোনটা কি বাসায় ভাল্টাইয়াছি হলেও লাগে একটা আমার বাচ্চা একটা মারা গেছে পরে আমি মনে হলাম যে স্থায়া হাও না না আপনি মাতুন না আপনি মন খুলিয়া ভাসতাম পরে এবং আয়োত্যহোতাকে আই যেমনি স্কুলে যাওয়ার উপরে সমস্যা করে সরে করতে দিয়েছি না দেখি আবার হল্টাইও আবার ফলটাই অনলাম এখনই কেমন থাকতাম না
/kaggle/input/regspeech12/test/test_barishal_0035.wav,কাল লাগে তাকে
/kaggle/input/regspeech12/test/test_sylhet_0519.wav, আসলে ভাইয়েরা ধরার ক্ষেত্রে মানে মাহাদিয়ের দ্ব কালকে তারা নাগাল মাহাদিয়ার যান স্মৃতিস্বর কিন্তু সেই এমনানি তারা সিটও করছে লোকে মাহাদি থাকিবার আগে
/kaggle/input/regspeech12/test/test_sylhet_0575.wav,সানবির আর ইমরানা দুইটা তাস্তাফিল বোয়েল একদম লাভদান ইমরান আইন থেকে মনে আছে নিতো সিনার হোতা আবাকে অন্তত মন নেয় কি তার আর হচ্ছে বিয়া হবে না
/kaggle/input/regspeech12/test/test_rangpur_0070.wav,আওকাল কেমন করে গেলার সময় কোনো মাছ দুই চৌম্বই করে মাছ খুব দামি
/kaggle/input/regspeech12/test/test_kishoreganj_0133.wav,তোমরা শুদ্ধ ভাষা করবে না
/kaggle/input/regspeech12/test/test_kishoreganj_0157.wav,মানবদের সাহিত্যের কি সত্তর ভাগ পানি
/kaggle/input/regspeech12/test/test_narail_0038.wav,এখন যদি তুমি আসল দলিল বার করতেই পারো তুমি যতই দখলে যাও যাবে সব কাটায় যাবে এখন নিয়ম পাল্টে গেছে চার নামে দলিল সে এখন দখল করতে পারবে এসে সিস্টেমই সিস্টেম
/kaggle/input/regspeech12/test/test_chittagong_0064.wav,স্ত্রী স্তরের ললি মানে অন্য কলেজের মধ্যে ট্রাই গরম করে এখন আমরা কি রি বলেন তো দেখে না দাদায় না করিব এখন তাই অ্যান্ড জাগাত বিজ্ঞা কেউ মারিত না জানি বিদ্যাহার্ত মার্টারিয়ান হয়
/kaggle/input/regspeech12/test/test_sandwip_0046.wav,বার্তুক কোনভাবে একটা বাজে ভাই এলেছে
/kaggle/input/regspeech12/test/test_narail_0049.wav,তোর প্রায় শুনিয়ে যা আমার কাছে কেহ কী হইছে সুর আলাদা দেখ আমার কী হইছে কোথায় কী হয় যে ঠিক পাচ্ছ না আমি কিছু না রায় ঠিক পাচ্ছি নে কোথায় কী হয় যে আমি আয় এই যে মাটি কাটেছিস
/kaggle/input/regspeech12/test/test_sylhet_0666.wav,ধারারও উপায়ুনা চলে যে বেমারাস লাভ ও মান ধরেও ভর্তি আসলাম আমার নাকি তাকে অন্য বড় সেলের করুণ
/kaggle/input/regspeech12/test/test_narsingdi_0022.wav,চলো রুবেলের জন্য খারাপ লাগে রে হয়তো হিসাবে সিনিয়র প্লেয়ারি আমাদের ওরে তেমন এক্সপেক্ট দেওয়া হয় না আর সাহেব উদ্দিনের কথা বলিত সাহেব উদ্দিন তো হল নিজের নিজের বড় মনে করলে যা হয় আর কি
/kaggle/input/regspeech12/test/test_barishal_0020.wav,আর খারান মেয়া শিগগিরই থেকে কম নিই টু ফাঁস লোক কলেজের বারান্দায় ঘটছে এই লোক যদি একবেলা ওষুধ মিস দেয় পরের বেলায় দুই বেলার ডাক জোটে খাওয়ায় এন্টিমেট্রিক চরিত্রে ইয়াক হয়াইছে
/kaggle/input/regspeech12/test/test_narail_0162.wav,না হন্তে ইনসুলিন লাগাতে তাই তো বাড়ি যেমনি ট্যাবলেট খেলে না তো দেয় এমন অবস্থায় সে বড়িতে কমতেছিল না ইনসুলিন লাগায় ক্ষমা করেছে
/kaggle/input/regspeech12/test/test_sylhet_0126.wav,কতজন আসুনি কেন ছোট্টায় প্রসেসিমের লেখা নেই তারা মালিকা এখন থাকুন না আগে থাকতাম আগে মালিক আছে এক মালিক গিয়েছি গিয়ে বাড়ি ভেস্তে গিয়েছি গিয়েছি কি তারা এখন বর্তমানের আট নয় মালিক আছে মালিকাদেরও আওয়াজ দেওয়া হবে খেয়াল দেওয়া হবে তারার যে দুতলাত বাসায় আছিল না
/kaggle/input/regspeech12/test/test_chittagong_0067.wav,তুমি কিন্তু বাড়িতে খেলি তোর বাড়িতে আস্তান হয়ে যান তুই তো নোয়াইল সো আমি কি লিখছি আগে তুই যাই তার ফ্রন্টের রুম তোর এই যে সময় স্টাম হল নোয়ালি তো নোয়াইল হন নাই বান্দায় এল যে চলাই যাই গুলি হও
/kaggle/input/regspeech12/test/test_narail_0087.wav,ওই সেই কথাই তুই তো ভুলে গেছিস তুই যদি ভুলে না যাতিস তাই পাঁচ মাস পরে দেয় আমার বন্ধুত্বে শুনে পাঁচ মাস বলি নাই শোনে আমি ইন্ডিয়াতে আসার পরে তোর সাথে আমার একদিন কথা হয়েছে যেদিন ইন্ডিয়া থেকে আইসি
/kaggle/input/regspeech12/test/test_sylhet_0598.wav,তারা বাসা তাইয়া দাওয়াত হিসেবে কল দিয়েও বারবার করে গায়ে হেলুদে হৈসুন্দের তেমন গায়ে হেলুদে আর গেছি না তো দাদু মাস ও অসুস্থই গেলেন হেঁটাত সুদিন গায়ে হেলুদের জন্য আছে তো সেলাইন ও আমরা আর গেছি না এবং বিয়াত না গেলে স্কিলা তারাও সব আইসোনি দার্বিয়া তার নাকি হাসবেন তখন কানাডা তার
/kaggle/input/regspeech12/test/test_sylhet_0210.wav,দুই ও পরীক্ষা দিচ্ছি এসেছি পরীক্ষা তো এর আগে একটা জিনিস আমার খুব বেশি নাড়া দিচ্ছে এইটা হইল একটা জরিপ হইছে ভোটের যে তালিকাকরণ ও তা নিবন্ধনের ক্ষীণ
/kaggle/input/regspeech12/test/test_sylhet_0320.wav,মধ্যে কোনো স্বর্ণ ডোনার কাপড় যুকর কোনো ধরনের লাক্সারিয়াস কোনো কিছু না জাস্ট উন্নতি বিরাজিতা রেখো একেবারেই সাধারণ এবং পূর্বোদার স্যাটিসমেন্ট তাইনোরও কোনো প্রত্যাশা নাই আমারও কোনো প্রত্যাশা নাই দৃঢ়জনের হেতে আমার প্রত্যাশাকালে আমি একটু মাথাটা রাখি
/kaggle/input/regspeech12/test/test_tangail_0083.wav,শিউলির ফ্যামিলি আর শিউলি এই বাসা ছাড়া অন্য জায়গায় চলে যেতেছে এই বাসায় আসলে শিউলির অনেক স্মৃতি আছিল পরে শিউলির মার সাথে বুরুনের অনেক কোনো কথা হয় পরে মানে শিউলির আম্মা বুরুনরে বলে যে
/kaggle/input/regspeech12/test/test_rangpur_0117.wav,এরা কি তুষ্টুন কাড়াবু তোর মুজ তো ছোট হয়েছে কই তোর মুজ বড় হয়েছে তার মুজ তো ছোট হয়েছে দাদা
/kaggle/input/regspeech12/test/test_sylhet_0415.wav,প্রাচীন মাস আমি ভোট দেওয়া আসলাম পরে এখান থেকে না ডাকার ডাকাত কোনো চিকিৎসার কোনো জায়গা নাই প্রসাব তো লিপাটে গিয়ে সিন্ধা করেনি কোনো প্রসাব তোমার আটকাইয়া রাখার মতন নাই তোমার এগুলা বুঝো আমার হাসবেন তো একজন বালা মানুষ আমি নিজে আমার নিজের মুখ দিয়া হইলাম শিকার এলেম যত বালা আমার চব্বিশ ঘণ্টা ফোর সাফ জড়িয়ে গেছে আমার অতো অসুস্থ মানুষ
/kaggle/input/regspeech12/test/test_narsingdi_0015.wav,মাত্র কোটি টাকা কি লাগে মানে তো দেড় থেকে দুই কোটি টাকা দিলে একটা মেশিন নাইনাম্বর সেটা হয় একটা স্পিড মেশিনেরা ঠিকঠাক মতো চালাতে পারে না বল করে বলার ভুল গতি ওঠে
/kaggle/input/regspeech12/test/test_rangpur_0037.wav,তারা খেজুর খেজুর ও প্রচুর ইনক্রেক্সি এনেছে খেজুরও শক্তি যোগায় খেজুর সলাবুন সুতার থাকি উঁটি একটা ছেলেন খায়া
/kaggle/input/regspeech12/test/test_sylhet_0707.wav,স্পষ্ট করার দরকার নাই না না উনি মাতিলাই তাহলে আমরা আবার আরও টাটা কালেক্ট করাব আর খ্রীষ্টধর্ম আমি বলি বলে আজকে দিতে
/kaggle/input/regspeech12/test/test_sylhet_0354.wav,এটা মনে হয়েছে জানলা নিজ হাতে আমি আমার বসাই দিছি ওয়াইলা মেমসি কলেজে দুই হাজার চৌদ্দ সালের নভেম্বর রয়েছি ও সেই নভেম্বর মাস তো নভেম্বর থেকে এখন পর্যন্ত আছি
/kaggle/input/regspeech12/test/test_sylhet_0568.wav,তোমরা তো সব ইংলিশ নেই না বাংলা আছে ইংলিশ বাংলা যে যে গুণ পারে আমি ইংলিশ বই কিনছি আমরা যে ম্যাথ স্চিত্র সবগুলো ইংলিশ আর দুইটা সাবজেক্টর মেটোর মাঝে থিওরিও ইংলিশ আর ফিওর থিওরি যে তুলে নিবেন বাংলার কিন্তু তো হায়ার স্টাডি ভর্তাছে আমার লাগে ইংলিশ ট্রেন করেছে
/kaggle/input/regspeech12/test/test_tangail_0002.wav,পরে ফ্রেডিও মার্কিউটি ঐ ব্যান্ডের দলে যোগ দেওয়ার জন্য ইচ্ছা করে পরে ঐ ব্যান্ডের যে ভোকাল মানে ও আর কি একটু আগেই মানে ব্যান্ড থেকে বাইরে গেছে ও আর গান করব না পরে ব্যান্ডের যে বাকি সদস্য
/kaggle/input/regspeech12/test/test_sandwip_0116.wav,এগুলোরা হঠাৎ হ্যান্ড করে দেন মাস্টার এতে নাকি আন্ডে রাখব হ্যান্ড স্যার কিন্তু আজিজ স্যারেরই খসড় মিষ্টিরে এতে সবসময় কথা বলতে পারি ইয়া মানে সবচেয়ে ভালোই স্টুডেন্ট আসলো আইভাস্ট করবেন হবে ভালোভাবে হত্যার অনুযায়ী ধারণা
/kaggle/input/regspeech12/test/test_noakhali_0010.wav,পাতা কপি কেন দুই কেজি বাড়িটার দিকে বিছানা ভাঙিত আপনার বিয়েতে চামিয়ে অন্ত্রী এখন না দাঁড়ায়
/kaggle/input/regspeech12/test/test_habiganj_0046.wav,কয়টা বই কিনা আছে কিনছি না একটাও আমারে গিফট করছি আমার ভাইয়েরা এটা ওই করছি নিজে কিনছি না আর লাইব্রের থেকে আইন্ডারি না পড়তা আমি তা ওই নিজে কিনলাম না বেশি বড় রয়েছে না
/kaggle/input/regspeech12/test/test_tangail_0038.wav,ছবির মেন ক্যারেক্টার প্লে করছে ইরফান খান আরেকটা ক্যারেক্টার আছে বাঘের নাম হইতেছে রিচার্ড পার্কার ছবিতে ইরফান খানের নাম থেকে পাইপেটেল আর এই ছবিটার কিছু অংশ ভারতে করা হয়েছে আর কিছু অংশ অন্যান্য জায়গায় করা হয়েছে সমুদ্রের সিনেসে মেক্সিকান দ্বীপের সিনেসে
/kaggle/input/regspeech12/test/test_narsingdi_0078.wav,যেদিন আমি বনমূহ কিছুমা আমিও সেলামি ফোন না বড়ের এই শুরুরা কথা সেলামি নাই আমার কোনো সেলামি নাই ইয়া মজুরা পিএসসি দেয় সময় হেরে তো কতটা দিচ্ছে সকালটা আমার সামনে সামনে আবারের লোভ দেয়ার কয় তুই আগামী বছর রিয়াডা রেসল্টটা ভাড়া করিস দেখবি তোরা আরও বেশি দিব
/kaggle/input/regspeech12/test/test_sylhet_0571.wav,আজকের সন্ধ্যার সময় ফোর লন্ডে প্রেস মেয়াদে ক্লিয়া দিয়া হয়েছে উলা উঠিয়া নানিবুচ্ছে সেফার বাদে উঠিয়া গিয়াছে লাইক জ্বালানি তার এদিনও লাক সাদা সেলানিজ্ব ফানুল লোকে হায় কোথায় চাইছেন লুকাইয়া রাস্তা আব্বা তাদের শ্রেণীর মাঝে চাইছেন লাইট অফটা অন পরিণত সাফালে
/kaggle/input/regspeech12/test/test_chittagong_0095.wav,প্রতিষ্ঠিত গলায় মানুষ হলে সেই স্বাগত যেহোনাতের চোখ নাই ইতিবালে স্বাভাবিক ঘুরতে হব পয়েন্ট হবে শীতের পাত্র সরি সবের আমাতো সিসিইউ
/kaggle/input/regspeech12/test/test_sylhet_0160.wav, এমডি আইসিল নে মিলিটারি
/kaggle/input/regspeech12/test/test_sylhet_0065.wav,মানে আপনি কেউ করেন আমি আমার দেখে চাইশ তারা অফার তাই মায়ের চাহিদা হয়েছেন শোনা তুমি কি ভর্তি হইবে আমি তো ভর্তি হইতাম চাইছাম কিন্তু আপনার অনেক প্রবলেমের দেখা দিচ্ছেন আমি ভর্তি হতে পারি
/kaggle/input/regspeech12/test/test_kishoreganj_0072.wav,মানে তেমন বৃষ্টি আছে আমি বাকি লিখেছি সাউথ আছে তেমন বৃষ্টি আছে তেমন বৃষ্টি আছে কহিল মাঙ্গা দাদা একটা পারেনি গা
/kaggle/input/regspeech12/test/test_rangpur_0085.wav,আইন যাইছে ওর মার মতো আর ফিরোজাইছে ওর বাপের মতো তার ঘা খেতে পেলে তোমারে গাছ তুলে নিয়ে এল
/kaggle/input/regspeech12/test/test_tangail_0114.wav,ওরা দোকান খোলে হচ্ছে তোর ছয়টার দিকে এবং আগুন আরও আগেই লেগে গেছে তখন ওরা ছিল না সব তালা মারা ছিল কিন্তু আমি একটা জিনিস বুঝি না ওরা ক্যাশ টাকা কেন দোকানে রাখে তাদেরকে সবার ক্যাধার লাগবে না না না কুড়ছে
/kaggle/input/regspeech12/test/test_sylhet_0104.wav,বিল্ডিংয়ের ঘরের মধ্যে বোধ চালালি বাড়াতা পারে নাই
/kaggle/input/regspeech12/test/test_sylhet_0282.wav,যাইহোক বাদে ফুর্তি আর ওঠার পর যখন আল্লাহ চিন্তা করেন যে এখন বিয়ে করা দরকার অসময় একটু একটু চিন্তা করিয়া দেখলাম যে না এখন আমি আমার চেয়ে উপরের লেভেলের মানুষ যদি পূজাত যাই আরও সময় লাগবে
/kaggle/input/regspeech12/test/test_narail_0167.wav,সুগারুলি বাড়ি চলা অন্য সুস্থান না বেশি মারাত্মক অনেক কিছু করার না জায়গায় আয়োজিত থাকা আমাকে এগুলি সারায় না হাওয়াগারের কাছ থেকে
/kaggle/input/regspeech12/test/test_sylhet_0098.wav,তেল এদিকে লাগিবে শ্যামলা কিনে বলে একটা বাপ খাই আমরা তো স্পাডা কম খাই এদিকে লাগিবে শ্যাসলা তেল না বেশি লাগে তাইলে এই রহমানে কি রকম যাইতাছে দিন থাকি তামও নয় এগুলা নিয়ে খুব জানিত সুলতাকে দিন যাই রাইতে পাইতেছে দিন যাইতে রাইতে হইতে আল্লাহেরাম নিয়ে
/kaggle/input/regspeech12/test/test_sylhet_0195.wav,সাইফ পাঁচজন ফ্যামিলির কারণেও ইটনাইন করিয়া আর ভর্তা পারছেন না তারা বিয়াগুয়া করিয়া কৃষিবেস্ট ফ্যামিলি আসিল তারা সেতুত লাগাইতা গরুর রাস্তা ও অন্যান্য যে শীতকালীন শস্য তা লাগাইতা
/kaggle/input/regspeech12/test/test_sylhet_0460.wav,ওর মায়ে হয়তোর ভর্তির টাইমে কিছুতেই খুঁজে দিতে গিয়ে কি তার লাগে অত্যাগেস্টে গিয়ে কতদিন গিয়েছে আমি জুড়ে পড়িয়ে যাচ্ছি শান্তির পড়ালেহ পাত্রটি আমার পাত্রটি উঠে বাবা আমি এসেছি দিচ্ছি না
/kaggle/input/regspeech12/test/test_rangpur_0081.wav,ওই যে আগের তার মাঝে কইছে গাছগুণ্যে হয় গোটা বাপ গণ্যে হয় বেটা মাও গণ্যে হয় ছাও ফুটে গণ্যে হয় নাও এলেলা বললে মিথ্যে হয় রকম হয় না মানে অবশ্যই
/kaggle/input/regspeech12/test/test_sandwip_0126.wav,আর বাইর আল্লাহ তাকে লাই কাজ করে এলেছে ছোট্ট গে আনে প্রেসার দিলে হয় প্রেসারে কোনো হলেন আসলে ঐ রেজিউল খোলেন বুথ ভাগ্যগুলার লেগে আঙ্গ পরিবারের মধ্যে আয় আলাদাই মেজাক আমরা ফেকে উঠছি
/kaggle/input/regspeech12/test/test_sandwip_0016.wav,কেননা কহিল ফিসফিস করে গাড়ি বাজি গেছে আসমা বাবা একদিনে মনে হয় গোলাম
/kaggle/input/regspeech12/test/test_tangail_0126.wav,লুকাইয়া থাকবে এত বড় একটা কথা বলছে ভাই একে তো গরম তার উপরেই আগুন ধরছে সব জায়গায় মানে এখন গরমের তাপ শুরু হয়ে গেছে কি গরমটা পড়ছে দেখছ কথা হইল গরমটা রোজার মধ্যে পড়ছে ফাস্টের দিকে যে রোজা ছিল আমরা তো ভাবছিলাম খুব বৃষ্টিতে ঠান্ডা ঠান্ডা রোজাটা শেষ হবে
/kaggle/input/regspeech12/test/test_tangail_0016.wav,আবার গান গাওয়া শুরু করে পরে তাঁর বিখ্যাত গান বহি মেন্ডে ব্যবসায়ী পুরা উনিশ একাশ হলে মন্ট্রেলে পুরা স্টেডিয়ামে সবার সামনে গায়ার
/kaggle/input/regspeech12/test/test_narail_0058.wav,আর মেন কথা আছে কি ওই আউটবাট ফারি করে তোর প্রতিনিধি দিয়ে থাকা যায় না জমি তো ভালোভাবে নিই নাই ওর জমি ভালোভাবে থাকবে না দেহ সিস্টেম একটা করিয়ে ফেলব আমি
/kaggle/input/regspeech12/test/test_sylhet_0720.wav,এবার বাদাম ওরা যাওয়ায় মরে গেলে তো তো না না করে ফুল তো আসেন না না বুক ফেলায় দিল একটা শেষ
/kaggle/input/regspeech12/test/test_sylhet_0515.wav,এমনি কোনো ষষ্ঠ কাজ নাকি এসব বুঝতে পারতে ভালো লাগে
/kaggle/input/regspeech12/test/test_sylhet_0266.wav,তো যেদিন আমার ক্লাস শুরু ওদিন বৃষ্টি আছে আমার খুব মনে আছে বৃষ্টি আছে আর ক্লাস শুরু আছে আমি জানি না আর আমার ভাই তখন বার্সিটিতে পড়েন শাহজালাল বার্সিটিতে আমার ভাই অর্থনীতিতে পড়তাম তখন মোবাইল ফোনও আছিল না
/kaggle/input/regspeech12/test/test_sylhet_0288.wav,কিন্তু আমার যে অতীত আমার যে স্ট্রাগল আমার যে হিস্ট্রি এইটার সাথে অ্যাডজাস্টেড না হইলে পরবর্তী লাইফটা স্মোথ নাও হইতে পারে তখন আমি চিন্তা করিয়া আমার জিগাস্বাদের ব্যাপারে যে ও বাড়ি থেকে প্রস্তাব এসে তোমার কিছুটাই চায়
/kaggle/input/regspeech12/test/test_sylhet_0235.wav,চকলেট আমার বায়ের মূল্য দশ দেখা দিয়া চল্লিশটা আনছই আনিয়াসহ ফুরুদাইলের খেলা উঠানোর মাঝে তারা রেশবারে পাটাইয়া দিচ্ছেন আমার রেজাল্টু মিষ্টি দোতা খাইয়া রাত্রে বৈষম পারিবারিক মিটিং মিটিং ও ডাকলা এলাকিতেওয়ালা রেজাল্ট করছে যখন
/kaggle/input/regspeech12/test/test_barishal_0084.wav,নিয়ে মনে করেন কামের দ্বারা হেয়ে এনে লোকের বাহারা ঘুমায় নাক্কার নিয়ে আজ মনে করেন আটটা নয়টার আগে হেরাইবে না এরপর মুরগির বয়ে থাকতাম সাতটা বাজে যাইয়া কুড়োল মুড়োল দাঁড়াইতেম বার করিয়া দাঁড়াইয়া তার গোরা কোথা নিয়ে শুরু করিয়ে দিতাম
/kaggle/input/regspeech12/test/test_sylhet_0255.wav,তাদের স্যার একটু মন খারাপ করিয়া গেছে ওলা বিয়ার প্রস্তাব লইয়া আইসিল ভূহোতে ওলা মন খারাপ করি করি সব জায়গায় তখন বাহিনী একটু মুভ চেঞ্জ করিলেছেন আগের যে হইতা যে চিঠিটা ফাঁস করিলা তখন আর ইহা কইরা না তাই যেদিন চাইব অলিম বিয়া তখন আর আমরা বিয়া দিয়ার না
/kaggle/input/regspeech12/test/test_sylhet_0399.wav,মানে একজন মানুষ ওরা
/kaggle/input/regspeech12/test/test_rangpur_0030.wav,এলে খাবার এল দুপুরের টাইল নেবে
/kaggle/input/regspeech12/test/test_kishoreganj_0035.wav,জিরন সেভেন থ্রি চব্বিশ জনের শিষ্য
/kaggle/input/regspeech12/test/test_chittagong_0106.wav,সে আর তুরে হই ওই দিন হলদি সোয়াবি হত্যা না হয় না তুই কি আর নদী সানজাপুর হতাযাত্রারা মূল্য তো মানুষিবে সানজাপুর রেজিসাইস সোসাইলায় হরেন্টাম গেলাম দে
/kaggle/input/regspeech12/test/test_sylhet_0033.wav,মানে উপাশটা ভাঙে আপনাদের রোজা বলে অভিযায়টা ভাঙে হয় দশটা একটা টাইমিডিয়েট টাইমটা সব এসে পল্টন খাইলা প্রসাদ খাওয়ার করে তার পরে দেওয়া আহ্বায়ীও কিস্তুরী দুইটাও টা সংক্ষিপ্ত থাকা আমাদের অনুষ্পাত্রীগুলি ভয় গীতা পাঠ করা হয় প্রত্যেক দিনই চণ্ডীপাঠ গীতাপ্তরীণ
/kaggle/input/regspeech12/test/test_narail_0100.wav,কবে তুই শুধু অনেক দিন আগেই খাওয়াইছিস ও তোর একটা গুড নিউজ দিয়ে এক মিনিট কই শিক্ষিত সুই শুদ্ধ ভাষায় কথা কবানা না শোন শোন
/kaggle/input/regspeech12/test/test_rangpur_0105.wav,ও ঠিকভাবে যায় না না প্রতিদিনই যায় না মানের মধ্যে যায় যায় না
/kaggle/input/regspeech12/test/test_tangail_0014.wav,মার্কেট থেকে আউট হয়ে যাবে পরে ওরা আসলে এরকম ষড়যন্ত্র করতে থাকে পরে ফ্রেডিয়েটে আসলে ওরা একসময় কুইন্স থেকে আর কি আলাদা করে ফেলায় আর এদিকে ফ্রেডিও মনে করে
/kaggle/input/regspeech12/test/test_sylhet_0265.wav,জীবনের মূল ঘুরানোর মতো একটা অবস্থা তাই করছি তো বার্সিটির বুদ্ধি হইলাম আর যেহেতু মেরে তৃষ্ট আসলাম তো মেরে তৃষ্ট প্রথম থেকেও হুস্টেলও ওঠার লাগে তারা বেদার দিকটিতে ফিলেক্ট ফোর্সই তো প্রথম দিন থেকেও হুস্টেলও
/kaggle/input/regspeech12/test/test_sylhet_0474.wav,তারপরে সাউলুর গুড়ি একই নতুন দান বানাইয়া সব রে গুড়ি দেওয়া হয়েছে পাত্র ফেরেজ পরিবর্তনেও বাড়িতে কিংবা আর পরে সাহায্য প্রকাশটা হরিয়া চলিয়া যাব কিন্তু ক্ষুধাহায়ী ভীনতার সঙ্গে অল্লেগে বাড়িতে লইয়াছে
/kaggle/input/regspeech12/test/test_tangail_0064.wav,ওরা কখনো শেপ কখনো মানে যে এখন যেই দায়িত্ব পড়ে কখনো শেপ কখনো ওয়েটার কখনো ক্লিনার কখনো ডায়ার কখনো আসার কখনো আবার দেখা গেছে ম্যানেজার কোনো এক ফ্লোরে তো এরকম
/kaggle/input/regspeech12/test/test_chittagong_0030.wav,হুম কি রিপোর্টের সামনে ফিরিস কেন নেই মোবাইলো দ্বিধার লোক এলে না তুই মা আছি মোবাইল দাহালি করতিম আমার মাইতি নিয়ে নাড়ায় একটু বাদ্যাদাহ দেবে ওরা মাইসানির দলে মেয়র মোবাইলে এলে আসুক কুম্খি
/kaggle/input/regspeech12/test/test_comilla_0024.wav,তখন আমি জিজ্ঞাসা করলাম কী হয়েছে তখন ওই ঘটনাটা বলল আর কী এরপরে আমি রোহিনী নিয়ে রেডি হয়ে যাইতে যাইতেই শুনি যে মানে বাচ্চাটা মারা গেছে ওর লাশ নিয়ে আসছে উপজেলার মধ্যে ওদের বাসা এই আর কি এই ঘটনাটা রোহিনীরও অনেক ভয় পাইছে আর আমার জীবনও মানে একটা স্মরণীয় ঘটনা রোহিনীরও
/kaggle/input/regspeech12/test/test_rangpur_0114.wav,আমার ভাই তো খাওয়া বাকু ছিল
/kaggle/input/regspeech12/test/test_chittagong_0082.wav,এখন আয়নায় যাচালে ব্যাগগুলো বেড়াতে পেরেছে তার স্থানের মধ্যে কেন যায় তুই কি একলাই হাসলে না হাস
/kaggle/input/regspeech12/test/test_sylhet_0577.wav,না গোতাবিদ আমি আগ্রহীদ্য দেখাইছি মনে হয় রাত্রে বেরিয়েছি তাই কিন্তু ও লাগছে না ঈদের পরে এবার টিকনিকো গেলাম নাকি টিকনিকোয়াটা খুলছি আর ঈদে আর দেখা নেই
/kaggle/input/regspeech12/test/test_kishoreganj_0188.wav,কোনটি পানি দূষণের কারণ
/kaggle/input/regspeech12/test/test_kishoreganj_0123.wav,ডেল্টা তো ভালো ডেল্টা পুরস্কার কিন্তু বড় বড় মিল ভিক্টরি শিল্প কারখানায় সচল রাখতে বিভিন্ন ধরনের জীবাশ্ম জ্বালানি যেমন জীবা শ্রোতা এবং তেল প্রাকৃতিক গ্যাস
/kaggle/input/regspeech12/test/test_sylhet_0473.wav,তোর একটা জীবনের সিনি দোষ গেছে মানের সব দান গিয়াত ওয়াজান ইসলামাকে লেহ কল্পস তোর একটা জীবনের স্বর্ণ কাছে নামানে এসেছি তুমি তো ভাইব
/kaggle/input/regspeech12/test/test_kishoreganj_0108.wav,এভাবেই শক্তি থেকে প্রাণীতে প্রবাহিত হয় বাস্তু সংস্থার উদ্ভিদ থেকে প্রাণীতে শক্তির প্রবাহের এই ধারাবাহিক প্রক্রিয়া
/kaggle/input/regspeech12/test/test_chittagong_0017.wav,শুরুর খবর পাচ্ছি নেকা যদি আলাদা অবস্থা হইলে তার কি গরমে জুলোয় কতক্ষণ আবার সোয়াইর আবার গামুর ওর এক দিনের ফাঁস বাস ঘুচুর বললেন ওমর হরি
/kaggle/input/regspeech12/test/test_kishoreganj_0111.wav,সব করবার ইঁদুর বেছায় ও অন্যান্য প্রাপ্তিত্বে একাধিক খাদ্য শৃঙ্খল একত্রিত হয়ে খাদ্য যাত্রী করে পানিতে শক্তি প্রবাহের একই ধারাবাহিক প্রক্রিয়া হল খাদ্য
/kaggle/input/regspeech12/test/test_kishoreganj_0085.wav,এই আমার বলছি তোর কান্ত্রিক
/kaggle/input/regspeech12/test/test_sandwip_0128.wav,আপনি আর কেউ কেউ বিয়ে করছে আর কেন না করেন কেউ হামলা তা থেকে যাচ্ছে বলে তাকে স্বীকার করেছে তাকে না এনে অবলা হনু বিয়ের লাইফ সুযোগে এলে এমনি ইয়েরোজো
/kaggle/input/regspeech12/test/test_sylhet_0359.wav,যে আমি আমার বাচ্চা আছে আমার হাসব্যান্ড আছে আমার একটা ফ্যামিলি আছে এই যে হ্যাভেনটাকে সেন্টার করিয়ে আমার পেশা থাকত এবং আমার পেশার লাগে যদি এদিকে ক্যাওস হয় আমি অনেক সিনিয়রারা তো দেখছি যেহেতু
/kaggle/input/regspeech12/test/test_narsingdi_0010.wav,ওরা তো আরও হাইলেভেলে সেজন্যই তো তারা লেগ স্পিন খেলতে গেলে সমস্যা হয়ে যায় ঠিক আছে তবে ঈদের ইঙ্গালে ভালোই উন্নতি দেব
/kaggle/input/regspeech12/test/test_habiganj_0102.wav,আর পিজিওলজি অ্যানাটমি মোটামুটি আগের জীববিজ্ঞানের সাথে কিছুটা মিলে তারপর এগুলা সহজ লাগে এবং পড়তে করতে আর বিহিবিয়ার ফার্নামেন্টালের সাবজেক্টগুলা সহজই লাগে আবার মাইক্রোবালিজে ঢালি কঠিন লাগে তার মাইক্রোভসের নাম গুলা কঠিন লাগে তামুখী দায়না উচ্চারণ ভরা যায় না
/kaggle/input/regspeech12/test/test_narail_0020.wav,গুরুভাতা রেক হয়ে গেল রেক হয়ে গেল রেক হলে আছে গুরুভাতা স্বল্পালয় থেকে বাড়া মারত কোনোদিন তোর মায়ার একটু নিয়া বুলিওয়ার পিঠে আসে দলুরে পিয়ে গেলাম দলুর একটা আনিস একটু নিস তোকেই দিয়ে যাচ্ছি গুরুভাতারে এত দিন
/kaggle/input/regspeech12/test/test_chittagong_0043.wav,ইতিক আছে দৈর্ঘ্য হইয়া দেখি কি আঁটিয়া গরিবিদিস না এরকম করে ঐ রকমের চেষ্টায় শোষণাল দেখুস হলে চালাক দুরাত সময় ফেলল রাজা
/kaggle/input/regspeech12/test/test_narail_0010.wav,মনিক অসেন আমি এরকম তো কোনো কথা কই নাই আমি তো এরকম কোনো কথা বলি নাই আমি এরকম টাকা পয়সার ব্যাপারে কোনো কথা বলি নাই আমি শুনতেছিলাম আমি শুনেছি ওকাশে যে তাহলে তুই শোন তাহলে আমি সরে যাচ্ছি তাহলে তুই শোন
/kaggle/input/regspeech12/test/test_narsingdi_0115.wav,আমি তার মতো সফটওয়্যারিতা চাই না সুজি মেশিন চাস না দেইস ইন্ট্রিজার ট্রিচারিতেই চাস না বিস না
/kaggle/input/regspeech12/test/test_rangpur_0019.wav,কথা কওয়া এমনি ভালো বন্ধু সেদিন যে গেছে ওই দিক বুঝেন ফাঁক নিয়ে এলে দেখেন না
/kaggle/input/regspeech12/test/test_barishal_0038.wav,কয়েক কতকুণ হ্যার্ক কি এই যে শাশার কথাটা কয় না এক বছরের মধ্যে দেড়িতে দিতে থাকুক দুনিয়রে একটা লাঠিতে ফিরেছি
/kaggle/input/regspeech12/test/test_sylhet_0363.wav,তেত্রিশের রেজাল্ট আগে নয় চৌত্রিশ যখন দিচ্ছি তখন আমি এডুকেশনটারও ফার্স্ট চালাচ্ছি যেহেতু আমার তেত্রিশ হয়ে গেছে তখন আমি আর চৌত্রিশ দিই নাই ও লোকে আমার টার্গেট আপনার লাইফ টাইম ফ্রডে স্ট্রাবল দেন এখন তারা এলে আপনি মানে এখন কিন্তু এখন কোন ডিম দেহা নেই না ভাবরাজে আরও টাইম যাও
/kaggle/input/regspeech12/test/test_sylhet_0054.wav,বাবা মার্সন ব্লাড কিনসার পাওবান কিস না বাবা মার্সন দুই হাজার বিশ সাল ও ডিসেম্বরের বাইশ স্থায়
/kaggle/input/regspeech12/test/test_sylhet_0516.wav,আর তুমি বহু কুন্তার মাল্যবাহনে এটাতে আমার বই নেই তুমি না মারা টাকা নে আমি হিসাব বললে কয়টা না পাই কিন্তু সারা তারা পাঁচ স্তরের বই নাটে
/kaggle/input/regspeech12/test/test_sylhet_0724.wav,মোটামুটি তাইলেই দিনই পার্মানেন্ট হয়ে গেছে মানাটি মানাটি মানে তোমার সিনেমার ওই গেছে সিদ্ধান্ত পরায় লিখতে হয়
/kaggle/input/regspeech12/test/test_sylhet_0311.wav,কিন্তু কালকেও গোড়া লাগে তো আব্বা মা হয়েছে নাকে তোমরাও সমস্যা না হলে আমরারও সমস্যা নেই করাই দুই বন্ধু আইসিন আবার আমরা বাড়ি তাই ওলা আমরা সবাইরে বলছি কালকো বিয়া
/kaggle/input/regspeech12/test/test_comilla_0013.wav,আর রুহী ভাবতাছে যে আকাশে তো বানি সূর্য ইটা রয়েছে রৌদ্র এত রোদের মধ্যে তো কেউ তাকায় থাকতে পারে না ও এটা ভাইবাবু দৌড়ে কাছে গেছে যাওয়ার পরে দেখে যে ওর চোখ মানে চোখ দেখা যে ও তো আর বুঝতে পারতেছে না চোখ উল্টায় থাকলে যেরকম অবস্থা হয় না সূর্য বরাবর একদম চোখটা ঐভাবে আছে
/kaggle/input/regspeech12/test/test_sylhet_0165.wav,কিছু মাস না বাড়ির বোন কত বড় আছে তারা বড় উঠলান তবে ভাবুক
/kaggle/input/regspeech12/test/test_habiganj_0044.wav,তোমার এমন কোনো হাজ আছে না কোন বাদে অন্য কোন হাজের মধ্যে বাবা মায় বাধা দিছে বাবা এগুলো বাধা দেয় আর এসময় বাধা দিলে কেমন লাগে বাকি তখন
/kaggle/input/regspeech12/test/test_narail_0168.wav,তাহার এই আর কোনো সময় মতো দাগ করা হচ্ছে দেহাইয়ে না দেখালে আর করা যাবে কিন্তু নিজের প্রস্তুতি না দেয় ওই আমার এক ওয়াস্টার
/kaggle/input/regspeech12/test/test_chittagong_0056.wav,ভাঙনা হতানামাটি ঘোড়ার দিন হামাগত করতে বেশি মাস্টার মাস্টার হালালদির্গি এনে গরম পরাদ্য সাংঘিক অধিকারে আরও বেশ হালালদির্গি অ তোর মা হতানিলে কেন বেন হাসাই
/kaggle/input/regspeech12/test/test_sylhet_0202.wav,মানে প্রাইমারি স্কুল ফাঁস করিলে আর ফাঁস করার কথা হইতাম না প্রাইমারি স্কুলতা হরিহরি যখন ফাঁস করিলেছি তখন আর আমার ফরার কথা কওয়া লাগে না তখন আমি নিজ দুধুরাই আর বিশেষ করিয়া যখন দান রৈদ্য দিলে
/kaggle/input/regspeech12/test/test_narsingdi_0103.wav,আল্লাহ ভগবার অ্যানোবা আলু দারান্দা সিক্স আছ তুই কি কি রান তার আছ আমি হুম আলু গরম পানি করতে হবে
/kaggle/input/regspeech12/test/test_sylhet_0293.wav,ভালো অবস্থা আমি আইসি এবার সিলেট আওয়ার পরে মনে হয় আমার শ্বশুর শাশুড়ি আমার হাসব্যান্ডের কৈষে তখন যে তারে তোমরা কিছু দিসি না তারে কিছু একটা দিয় তাই না মনে ফোন দিয়া হইলা যে তুমি তোমার একজন ফ্রেন্ড লইয়া
/kaggle/input/regspeech12/test/test_sylhet_0193.wav,আড়ালু বাহির থেকে কাপড় শূকর গড় আনিয়া ঘুচাইয়া রাখা মুরুগুরু বড় আইলেই তা জাপানি ঔজাতের কাজগুলা ছিল আমার ততট করিয়া পড়িয়াছে হ্যাঁ হ্যাঁ হ্যাঁ মুরুকের সাঁতার ভিতর ঢুকে যায় শাপলা দিয়া রাখা
/kaggle/input/regspeech12/test/test_habiganj_0070.wav,অনামিকের দারুণ অনামিকের পার হইয়া একটু সেজে একটা পাশের মতো বলি বেশি বলো না না তিন তালার ছিদার কী কী তিন তালার
/kaggle/input/regspeech12/test/test_kishoreganj_0182.wav,উদ্ভিদের পুষ্টি সুশোনার জন্য কোন ডিপোজিট মাসি
/kaggle/input/regspeech12/test/test_barishal_0037.wav,কিসের চার্টের সরল সোজা হ্যাঁ চালাকে লাগে চালাকি লাগবে এই এর মধ্যে করছে কেমনে এ কথাটা খেয়াল করিস যদি আমার দোষ হয় কই বলে তোর দোষ ও মোরে হঠাৎ করে থাকি
/kaggle/input/regspeech12/test/test_chittagong_0127.wav,সাড়ে বাজাবাজি গায়ের থেকে সাড়ে আটটা বাজান দিয়ে নেমে এয়ারপোর্ট স্টেশন আছে ঠিক আছে ঠিক আছে তোরা আনা জিজ্জাইলে গেলে মেলেমেলে গেছে ভালা মহানগর এক্সপ্রেস
/kaggle/input/regspeech12/test/test_tangail_0104.wav,আমি আবারও মানে নামগুলা উল্লেখ করতেছি প্রথমটা হয়েছে বহিমান রেপশনি তারপরে হয়েছে সেরেন্ডিপিটি তারপরে হয়েছে লাইফ অফ পাই তারপরে এসে অক্টোবর তারপরে হয়েছে সাভারিয়া
/kaggle/input/regspeech12/test/test_rangpur_0005.wav,হাঁসের দাম বলে ঢাকাতে একটা করি নয় হাঁসের দাম কেন হুট করি বেরিয়া গেল
/kaggle/input/regspeech12/test/test_rangpur_0073.wav, এদের শাক যে বাসির শাক দেও পাতা কত খোলা ডাটা গুলে দেহ কুতুবিলে
/kaggle/input/regspeech12/test/test_sylhet_0343.wav,কথা দৌড়িয়া সকালে এক পরীক্ষা বিকালে এক পরীক্ষা ওলা করিয়া রিটেন পরীক্ষা দিছি দিয়া যাইও রিটেনের রেজাল্ট হামিদুলিল্লাহ পজিটিভ আইসে যখন তো বাইবা দেওয়াত যাইতাম
/kaggle/input/regspeech12/test/test_sylhet_0749.wav,বোধ নিও
/kaggle/input/regspeech12/test/test_narail_0135.wav,ও কোনোদিন পারবে না না আমার মা আত্মীয়ন না ওর শরীরটা খুব খারাপ তো আমার মা আত্মীয়র অনুমতি দেন আমার মার কাছে কি পাসপোর্ট করে আমার মার ঋণ দেয় ফেরতি
/kaggle/input/regspeech12/test/test_sylhet_0390.wav,তোমার করতে ভালো লাগে খাইছে নিতে আজকে খাইছে না হলে না খাইলি যে তুমি এখানে স্থানীয় নও না তাই যে স্থানীয় মেয়েকে না ভালো তারা তো কী জানে আর আমরা থাকি এই বুক অন্যাসাবিক
/kaggle/input/regspeech12/test/test_sylhet_0645.wav,মা মা মা কী করেন কিথা করা সারাদিন তোমরা কিথাখালা ধুলাহর রফিলান সময় যায়
/kaggle/input/regspeech12/test/test_narail_0028.wav,নোয়টুক্তার বাবা সম্পত্তি তো নিজের স্ত্রী আচ্ছা সে ওই যে খালখালি আসাদ মিয়ার কোনো জমি খায়নি
/kaggle/input/regspeech12/test/test_kishoreganj_0019.wav,খাওয়া দাওয়া এখানে ঘুরতে বাইরে বাড়ি দিয়েছি
/kaggle/input/regspeech12/test/test_sylhet_0488.wav,ামার তো বাহিল মানুষে আমার হাজবেন্ট আমার পাহিল না কেয়েছেন তাই হেল দেশের লোক এসব তারা টেনশন করে রাজ্যে সব নিয়েও তো সময় লাগেনি ওই মিশনে গারোটার সময় এগারোটা বারোটায় একটা দুইটা তিনটা বাজে যায় এখনো আমার পেশেন্ট বাবরিয়া দিইনি কিতাব বিষয় আসে ফলে স্বলোকায়ন তারা বলে জোর করিয়াও হামাই দিলাম স্কুল মানে যেন ম্যাডামে উঠলে পারেনি তার মধ্যে দুইটা গেট তো চলি এর পরে বিক্রি আবার ডাক পরে মান মান মান মান অনুবিক্রি না হারে না জেলেন
/kaggle/input/regspeech12/test/test_sylhet_0548.wav,রমজা নইলে পরাজ্য উপস্থিত যাওয়াও একটা হোস্টেল
/kaggle/input/regspeech12/test/test_sandwip_0043.wav,বশেষ্ট জানলেছি নিহানের বচসারা তারা আনাইছিল আসমাবাবু মায়াকে বাহির্দা চাইছে মানে ও চিরসিলি অনুরান দাহিল্লাহ লাগিয়ে আগে বাহির্দা ছিল
/kaggle/input/regspeech12/test/test_sylhet_0678.wav,মেয়ের দায়ও তাই হত্যাকোণ্ডে অনেক বালা মানে পটুয়ার্কি খুব আপনারা মায়েরা শিক্ষিত হলে আসল বাচ্চার আগে যে সুন্দর ছিল দেওয়া যায় আর্কিল আপনার মানে সময় দিন কিলা যায় সারাদিনকে দেখতে পারেন
/kaggle/input/regspeech12/test/test_rangpur_0033.wav,গাইবান্ধার দিয়ে আমি খাই নিন কোনো দিন আমার এল হরিপুরের রাখা যায় আমার অতি যাওয়া রুচি মরি গেছে ওই ফাতেয়ার যাওয়ার আমার কিছুই প্রেডিন তবে মন্দ্রণালের বাড়ির তরকারি আমরা আগে থেকেই খাবার মেনে তেল দেই না
/kaggle/input/regspeech12/test/test_sylhet_0332.wav,এখন যে কাজগুলো ফ্যামিলিত করবার ই কাজগুলো করার লাগে আরেকজন মানুষ লাগে তারও তো বেতন দেওয়া লাগব তোমার হিট এখন দিয়া তো এই বেতন হইত না ছোটখাটো চাকরি করিয়া তুমি কাজের ভুয়ার বেতন হইতে তাই বার তাই না তুমি চাকরি সামলাইতে পারবা না তুমি ভুয়া সামলাইতে পারবা তার চেয়ে
/kaggle/input/regspeech12/test/test_sylhet_0641.wav,কিনা গান ভুগত মানে এখন সরলিপি শেষ নেই
/kaggle/input/regspeech12/test/test_chittagong_0131.wav,মাগ্রিব সময়েরা সাড়ে সাতটা বাজে ফেলে গিয়ে গো
/kaggle/input/regspeech12/test/test_narsingdi_0087.wav,তিনি শক্ত অকাণ্ডিত না না রেবিন অনেক শক্তি নেই ঈদে দিবে মেস মনে বৃষ্টি হইবে যেই গরমপট পাছে ঈদের দিনে কি বৃষ্টি হইবে আল্লাহ বৃষ্টির লেগেছে আর ঢাকার নকল নামার শূন্য
/kaggle/input/regspeech12/test/test_sylhet_0196.wav,বাকি আমরা ছোট পাঁচজন আসলাম পড়াতে পাঁচজনের মধ্যে সিরিয়ালি আমি আসলাম সাইন নাম্বার আমার ছোট আর একটা ভাই আছে তো আমরার আসলে কোনো টিচার লাগত না আব্বার ফোরাইতে আমার আম্মা স্কুলে স্কুলে গেছেন না
/kaggle/input/regspeech12/test/test_noakhali_0013.wav,আহ স্যার আমি সাইরেন্স সাইরেন্স ব্যাংকারিতাম
/kaggle/input/regspeech12/test/test_narsingdi_0006.wav,আরে বাংলাদেশ ছিল বেটা দুর্নীতি খেয়ে পড়া হে এক পাপপোন্দা দেখ বাবু পান নাকি নয়শো কোটি টাকা আছে এতো টাকা দিয়ে কি করব কিছু টাকাও খরচ করলে তো ভালো
/kaggle/input/regspeech12/test/test_barishal_0070.wav,মাতার দ্বারে থুইবাকদের দেয়া ও পোলায় ভুক্তভোগী হইয়ে দেখছে হায় হ্যাগো শক্তিহ্যাস হ্যারা জুতো খায় আপনি দেন না পারলে কিছু মাঝে মাঝে পারলে কিছু দেয় না বাজলে দেয় না কি আদায় বাজলে কি যদি আপনি দেন বউ বইয়ে নয় ওকে তাক করি না চাইয়ে থাই না চাইয়ে থাক হইবে দেককে খাওয়াইতে হইবে
/kaggle/input/regspeech12/test/test_sylhet_0420.wav,কিন্তু হঠাৎ করি একজন ডাক্তার নন্দাকী মানে আমার হাসব্যান্ডের কথা পরিচিত তাই নাকি যোগাযোগ করছ তাই না হয়েছেন ডাহা তুমি মদ বাজার লইয়াও তাই নড়ানা একটা চেম্বার আছে মানে লইয়া লইয়া পড়ে তার জীব কুশ্মী মনে করছে যে এখন অন্তা লাগিয়া
/kaggle/input/regspeech12/test/test_sylhet_0605.wav,এলি ম্যাডাম মাছ না হ্যাঁ এলি ম্যাডাম লাবলি ম্যাডাম মেয়ের ঘটনা নিয়ে হাসল আবার মেয়েটি ঠিকঠাক হয়ে গেছে সাথে হচ্ছে সাহানে ম্যাডামের সাথে অনেক কিছু এলিমের নিয়মিন্লি বিয়াদ চেষ্টা করে অনেক কাহিনী ঘটল
/kaggle/input/regspeech12/test/test_narsingdi_0113.wav,প্রফেশনাল কি কেপপ সিঙ্গার হইতেছে অ্যাক গোরু
/kaggle/input/regspeech12/test/test_sylhet_0430.wav,ঘর নির্যাত্তর রয়ে গেছে মানে এরপর ও যেন বালা করছে নৌকান্তর একটু যেন বালা করছে এ তো অনেক খুশি হইতে আমি এরপরে ফোর্স হবার রাস্তার যে কেটাডাল লাগাইছে রবি আটকে গেছে বারণ না মানে এগু আনতে পারে না
/kaggle/input/regspeech12/test/test_comilla_0022.wav,কীভাবে হইল এটাও বুঝতে পারতাছি না আর ওই যে মেয়েটা মারা গেছে ওই মেয়েটা হচ্ছে মানে ওর বাবা মায়ের ছোট সন্তান অনেক আদরের একটা বাড়ি হচ্ছে ইঞ্জিনিয়ার আরেকটা বোন হচ্ছে কলেজে পড়ে আর মার সাথে মেয়েটা থাকে
/kaggle/input/regspeech12/test/test_narsingdi_0097.wav,খোক ম্যালান ড্যাং ড্যাং ড্যাং ড্যাং ও ওয়েট ওয়েট কিছু নিয়ে যা হয় ফোয়াহ দেখে জেলে ডিকি সুন্দর ঈদের বিন্ময়ে কি রানব স্যামাই নুডলস মাংসার
/kaggle/input/regspeech12/test/test_habiganj_0113.wav,ক্লাস হইল বা ক্লাসে তো একটা ফ্লপাইন গুরুত্ব দেয় না এরা বিশেষ করে সার্ভে করছে বা কোচিং টোচিং ফরেও উৎসব অনুযায়ী এরা গুরুত্ব দিয়েছে প্রলেয়া যা আছে সব এখানে শেষ করে প্রলেয়া
/kaggle/input/regspeech12/test/test_narsingdi_0045.wav,কালকে পলিন স্টার দেখি অনের একটা পলিন স্টার নাকি ইয়া আঁতর বাজি মারে নেই মুন এটা বুঝে আছি না
/kaggle/input/regspeech12/test/test_sylhet_0679.wav,তারার ফলে খাপ নেই
/kaggle/input/regspeech12/test/test_tangail_0119.wav,তারপর বিদ্যাসীন নামী তাহসান সবাই যার যার পক্ষ থেকে এক একটা কাপড় কিনতেছে পোড়া কাপড় এবং এক লাখ টাকা করে দিতেছে এটা খুবই ভালো উদ্যোগ মানে সবার কন্টিভিশনে দেখা যাইতেছে ব্যবসায়ীরা আবার নতুন করে দাঁড়াইতে পারতেছে বিদ্যানন্দ কি বিদ্যাসিন্ধা মিমের
/kaggle/input/regspeech12/test/test_chittagong_0164.wav,তোহারাল্লা হতা হয়নি এতে হতা হবে মাঝখানে অধ্যক্ষ খণ্ডে গিয়ে গোপাল
/kaggle/input/regspeech12/test/test_sylhet_0729.wav,কালি জানার বিয়ে ঐ বইয়েরা
/kaggle/input/regspeech12/test/test_rangpur_0116.wav,মনে করে কালাই না থাকে এখন ডাইল না করে দেয় শাক দেয় যখন যেটা লাগে যখন যা লাগে তখনই তারা বিসিল
/kaggle/input/regspeech12/test/test_sylhet_0191.wav,ওইটুকু হাওয়ার আবার সন্ধ্যার আগে বা বিক্রম হইতাম বা বিক্ষুদ্ধ লাগছে দেখা যেত রান্নার আগেও আমরা রেখি চেষ্টা করি নাই দিতা ফুইট দিয়া তেলু দিয়া মোজা করিয়া তেহলে প্লং লাগান গান দিয়া গীতা মূর্জা হয়নি ইংরেজ লিচি ভাষায় মূর্জা হাইতাম খাইয়া গিয়া ফোরাত বইতাম
/kaggle/input/regspeech12/test/test_sylhet_0702.wav,ঘরে কাজটা করুন বেরুন কাস্তে আসা যাবেন এটাই বেকার কিলা আচ্ছা এখন কই নাসরাফায়াবাবু বাচ্চাটা চাসেনি
/kaggle/input/regspeech12/test/test_sylhet_0364.wav,বাচ্চারালে লইয়া আসলে আমার ড্রিম বলতে আমরা যেভাবে স্ট্রাগল করিয়া আইসি আমরা বাচ্চারা তো নিশ্চয়ই ওরা স্ট্রাগল করত না
/kaggle/input/regspeech12/test/test_sylhet_0224.wav,ওহ আমি পড়া শুরু করছি যে স্কুলে পড়তাম ইটাতে কি বালা রেসাল্ট করিয়া বাইরেছিল বলা উদাহরণ নাই আমার বায়ের পোস্টা বালা স্কুল কিন্তু আমার স্কুলটা তো বালা আছে জানামিও না এ তারা কি কোনো সুরত ফোরা
/kaggle/input/regspeech12/test/test_sylhet_0146.wav,ওই হামুই কিতাকিতা করুন আছি মুখেরার মানে জীবন্লয়ী অত্যই বেশি জানা দরকার আমরা ছাত্রছাত্রীরা কিতা করে অত্যন্ত আমরা এমনই জানি আপনারা কিতা করুন তেমনি দিন যায় আপনারা জামানার সাথে আমরা জামানার কিতাকিতা পার্থক্য একটি করুন
/kaggle/input/regspeech12/test/test_narail_0075.wav,আর তোমার রাগালেও তোমারে জো ভূমি কেন্দ্র তৈরি হয়েছে একটা মুখের ক্যাফের দিন আছে এই কয়টা দিনের বুড়ো বেশি সোয়ারটা নিয়ে আমার ঠামার সাথে আনুয়ারিক বিষয়টি আগুনে আগুনে ক্রেস্টে চলানোর কাজ
/kaggle/input/regspeech12/test/test_habiganj_0061.wav,ষপদ অবস্থা এমন পরে সাসঙ্গিতা কর তাই এরা ওই দেখা যায় বড় এরার একটা কথা হইয়া এ হরান যায় পরাদবাড়িতে নিয়া গেলেন পরে কেমন মানে আর পরাদবাড়িলে তো আমি শেষ আমার এত পিঠা হাইতে হইতে শেষ পরাদবৈলে আবার মা তাহে হাতে আমার আবারও দোক আমার উপরে আতুত তুলে না কিন্তু এমনের ডংগের এসব আমরা ডংগ না করি যদি
/kaggle/input/regspeech12/test/test_sylhet_0638.wav,কিন্তু দুই বই খেতে করো তুমি হোরালে আহরণি ভৌত বলে যায় তো
/kaggle/input/regspeech12/test/test_narail_0056.wav,শিশিরির দ্বারে নাকি কাতদারে নোটিশাইস হল আমাকে নামে এই শিশির আমাকে মেলার দিন পরে দিছিল ওর ভিতরে ওরা দলিল করে নিয়েছে আমাকে যে বাধারাই ছিল না জমির কথা কয়েকে ঐ বিটা ঢোক আমাকে দেবে ঐ বিটা ঐক্যের নামে দলিল আস ছিল না এজন্যে মেলা যেই রেকর্ড হয়ে গেছে সে আমাকে দেখছে
/kaggle/input/regspeech12/test/test_rangpur_0092.wav,তাহলে খাওয়া দাওয়া মানুষে করাই ভালো হবে খাওয়া যাওয়া করাই তো কালকে আর মাটিতেছেন আজ ফুল সোস্ট বার তার আগের দিন আলবির বাড়ি
/kaggle/input/regspeech12/test/test_sandwip_0079.wav,আচ্ছা আমি কিন্তু ভুল করো ওদিন কেউ আপনার দেখলে ভুল করো
/kaggle/input/regspeech12/test/test_sylhet_0142.wav,না ছেলেরা সিকার মাছ নেয়া তাই না সজ্জিদ প্রন্যস্ত ডিগ্রির অধিকার করছে পালারার পরিবার নিয়ে এক চুপি নিই
/kaggle/input/regspeech12/test/test_chittagong_0116.wav,বিয়ের বেলায় কি আবার বিকালে কি এটি তো পাল্লার নোবাল টুপালের জন্য আদেব ভেঙে তাড়ানো না না নদীবু গে কেউ গ্রাহান হৈরিতে লালে বুদাপার আছে
/kaggle/input/regspeech12/test/test_sandwip_0069.wav,আর মতন হেইজা উনি ওকে হারামায় যে দুপুরে খাওয়া আয় বা দুয়া খাইয়েছে স্থায়ী করিয়েছে
/kaggle/input/regspeech12/test/test_sylhet_0661.wav,আরেকবারে নিতাই
/kaggle/input/regspeech12/test/test_noakhali_0002.wav,বাবা টমেটোকে টমেটো সিজন নামকে টমেটোর দাম কমে না কিলে
/kaggle/input/regspeech12/test/test_chittagong_0090.wav,এটা আবারই জায়গা কম্পিউটারের ইন্ডিয়া আবদার উন্মেন্দ্রিয়ারদার এখন বেশ সময় যদি কারালয় থাকে এটালে না ভারী
/kaggle/input/regspeech12/test/test_sylhet_0214.wav,তো তার নাম দেখি এই সময়ে আমি তো খালি একটিকে নাইনুউসি তো আমারও মনে মনে টার্গেট জামারো তো একশো মলার নাম উঠব ইলাচ চেক করতে চেক করতে একটা গিয়া আমার জিনিস মানে ব্রেলের মাঝে খুব হ্যামারিন্ড দিল ওটা হইল গিয়া
/kaggle/input/regspeech12/test/test_chittagong_0109.wav,আহাইদ্দিন মেঘের সুন্দর আছে ছুটি লম্বা আয়ের সুন্দর সুন্দর রোজকারীর
/kaggle/input/regspeech12/test/test_sylhet_0024.wav,একার পরে আমরা খাই যেন অঞ্জলি দেওয়া হইল মার কাছে দিয়া গিয়া গিয়া আমরা অঞ্জলি প্রসার দেওয়া যেন ফল পসারি কাঁচা বসে এগুলি দেওয়া হয় এগুলি খাওয়ার পরে তখন দুপুরে যেপক্ষে পাট খাওয়ার টাইম হল তখন কিছুটা খাওয়ার না মুখ দিয়ে মন্দিরেই আমরা খাই
/kaggle/input/regspeech12/test/test_narail_0127.wav,বর থাই বাড়ি থাই বলে বেশির ভাগ সময় তা কসে ও থাকে না থাকার মতো একদিন ফন্দে চলো তা অনেক শোক আছে তোমাকে আমি অনেক মিস করতেছি এবং সে ও দুই ভাই চলে যা দুই ভাই যা বোকা
/kaggle/input/regspeech12/test/test_sylhet_0379.wav,পরে আমার জালের আরে কিন্তু আমি সম্পূর্ণ দিয়ে দিয়েও যাতে তারার মাঝে কোনো ধরনের অতৃপ্তি বা না পাওয়ার ইতিহাস থাকে না আমার শ্বশুর শাশুড়ির দিকে তারা যে ছেলেমেয়ের পড়াইছে কেন তারা লেগে বেশি
/kaggle/input/regspeech12/test/test_sandwip_0055.wav,ডলিল হওয়ায় তো সোমবারও শান্তি নেই এমনি বারো মাস অসাজ দিয়ে না টেনশন বেশি করে কিন্তু মূলানি ধান্দা না দানা উঠাকোনির সংকেত হয়ে পড়ল
/kaggle/input/regspeech12/test/test_sylhet_0016.wav,তার পরের জন্য নিয়তে পূজা শেষ হওয়ার পরের দিন রেডিলি দেওয়া হলে না পর্যন্ত রাতে তারা সবাই আনন্দে তন্ত্র করার পরে পরের দিন মার কাছে আবার আমরা ইয়োহরা হইতে হয়
/kaggle/input/regspeech12/test/test_chittagong_0041.wav,ওরে স্তুলি নাড়ি বলে তো মনে হইতে যারি সাইটেরা নায়ায় স্তেজি বলে কেন ইব্দি ওইচ্ছে তুজ জামাইটামাই ভালো আছে না আমি আজ জামাই হতা হবে না আয় বিয়েবের জন্যেই যেবে জামাই মানিলাম না নজরায়ের হোতাহানি
/kaggle/input/regspeech12/test/test_chittagong_0003.wav,আজ আজিদাম আত্মাদে টাটা দেয়াই বেরোতে পেয়াক বুনে সিঁড়ি আছে আর চেহারা শুরুতে অবাভোর দেয়া গেয়া দেয়া গেয়া দেয়ানবে ভুঁইবের কেউ না চিহ্নিত কেহ দেহিলে আনোয়ার দেহিলি তবে বা কেয়াল দিদি তো গাইল দিদি আহাসিম এসে সালাম সালাম নিন্দাভাবে চলে আসব তাহলে বহা হবে আর বড়দিন উনারা অনেকেই চিনে না বালা গলিরে আর বুড়োভুড়ো সাহিত্যের বিলেত
/kaggle/input/regspeech12/test/test_chittagong_0108.wav,লয়ের হলদী বোধ হত্যা হয়ে আরামমাল কি বলে ব্যাংকারাল্সে বিদেশিয়া সার্ভো বাড়িকের বলিকালয় দেয় বাড়িকর বলিকারা লয়ের হলদী হরি অ্যান্ডেবলোগো নাকি আছে বাড়িঘর ইবাহতা হই
/kaggle/input/regspeech12/test/test_sylhet_0133.wav,তিনজন কাম করুন বাকি দুইজনেই কি তা করেন তো দুইজনে আমি জিতা হয়ে খান ফানিফ তিয়ার গড় বা থুম হতে পরিষ্কার হলো তারাও হইতে হবে
/kaggle/input/regspeech12/test/test_barishal_0016.wav,ভাইয়াদের জন্য সম্পর্ক আছে আপার আগে চাকরি এসে সে চাকরি কইরা এই খসে ডাক্তার পড়াইয়া ডাক্তার বানাইছে এখন আর করে ভালো লাগে না কুন্দা বাড়ি
/kaggle/input/regspeech12/test/test_sylhet_0134.wav,মেয়েরা তো নিজের আইন দেখায় হ্যাঁ ক্ষয়ছাইন ঈদের দিন কেটা করবেন মানে এমনে গড়োর মাঝে কেটা করবেন গড়ো মানে তো গড়ো মারাই আর তোমার নাইকুলের পিঠা মারাই আর সময় আর কিছু না
/kaggle/input/regspeech12/test/test_sylhet_0615.wav,খালি সাকিবা নুয়াশ ও সাইমা ফাসান নুয়াশ মাহফি সাকিব রাইসা তানি
/kaggle/input/regspeech12/test/test_narail_0152.wav,কেউই বন্ধ করো মাসিম না কেন আমার দিপা যদি দায়েরে দিলাম কেউই তুমি না মানুষের মধ্যে প্রথম অর্থের অভাব খুব কম
/kaggle/input/regspeech12/test/test_kishoreganj_0020.wav,এভাবে আমার কাছে খাত মাছি যাচ্ছে না না এই যে ছবি দিচ্ছে আম্বাদিক হিসাবে নিজের একটা খাম্বা দেখাচ্ছে না এ নম্বর কেটাছে ঠাট আন্দা বিজুন
/kaggle/input/regspeech12/test/test_kishoreganj_0135.wav,কলা কাঁঠাল আম কষ্ট হয় তো
/kaggle/input/regspeech12/test/test_narail_0132.wav,আমি দিনভরে একা একা ঘরের ভিতরে শুয়ে থাকি আমার ভালো লাগে না শুয়ে থাকি মোবাইল স্যারে ঘুমাই আর এ জায়গায় মাউন্স টোর্ন আমার ভালো লাগে না
/kaggle/input/regspeech12/test/test_narsingdi_0032.wav,স্বপ্ন তো সবাই আমরা দুইটা ম্যাচ জিতব এটা বায়েবায়াস ছিলাম বাকিগুলো জিততে পারলে আমাদের জন্য প্লাস পয়েন্ট আমরা ভালো কিছু করতে পারতাম ইন্ডিয়ার সাথে লিটন দশ রান আউটে না হলে তবে এটা জিততে যাবে কোনো জামান আছে
/kaggle/input/regspeech12/test/test_sylhet_0511.wav,আজকে নেমে গেছে বিজ্ঞিং গড়ে বিমার মানে পঞ্চায়েত সরকারের পঞ্চায়েত
/kaggle/input/regspeech12/test/test_sylhet_0470.wav,মায়া বেশি আরও কম্পাইতে খুঁজছি গ্রামের বাহিনীর নগরে পেনশন হয়েছেন পঁচাশি লাখ টাকা কেসের বিয়েছে তাই এতে করছি তোমার গোপাল এলাম নিজের বাংলাদেশে বিল ফাস্টার্স পড়াই দেয়নি ব্যবসায়ী কমিটির লোকজন আমি তো নিয়ে নিয়েছি শুনেন তাই তো
/kaggle/input/regspeech12/test/test_sylhet_0030.wav,অনেক পাহাড় উঠে খালের মধ্যে বা প্রণামী বাক্সের মধ্যে উঠে যেমন ইটাহাগুলো এখানে ইটাহাগুলো পুরুতি নেই অনেক কাছে পুরুতি দেয় না কমিটিটাকে দেয় কিন্তু তারপরও তারা যে যে মনে মনে করে পুরুতি নেওয়ার নেত্রীকে কমিটির উপর নির্ভর করে
/kaggle/input/regspeech12/test/test_rangpur_0054.wav,আল্লাহ আলা যে জমিন নাই হাত পায়ের উপর দিয়েই শুকুর চালায় এটা আল্লাহর কাছে লাগো শুকুরিয়া
/kaggle/input/regspeech12/test/test_chittagong_0160.wav,স্মৃতি হবে অনার্যমতো ঘুরুতির চেয়ার লাগে চান্ডুর চেয়ার লাগে দুর্নার্থ হবে বেবে
/kaggle/input/regspeech12/test/test_sylhet_0553.wav,মানে প্রাণের আগে প্রিপারেশন্টি খিলানিতে আর কেউ আলাদা তরালে প্র্যাকটিস করাই তো পাত্র
/kaggle/input/regspeech12/test/test_chittagong_0129.wav,মহানগর খালালা দুটা মানুষ যদি মনোহতা গোপাতে আগে কেউ গুহাসালাম মিয়ায় ওহ তুমি নিশ্চয়ই থামো গুছি তুমি
/kaggle/input/regspeech12/test/test_tangail_0017.wav,গান রেইস করে যে আফ্রিকার যারা দরিদ্র আছে অসুস্থ এইডস হাক্রান্ত তাদের জন্য পুরা এরা অনেকটা হিট হয়ে যায় সারা দেশে এবং ইন্টারন্যাশনাল
/kaggle/input/regspeech12/test/test_sylhet_0087.wav,তার পড়াশোনা হতে ভালো লাগে না এবারও লাইনে ভর্তি হয়েছে তাই না জোর করে এখানে আমি ভাইয়ে জোর করি না বুঝব কিচ্ছু করতে পারলাকে না একটা সাবজেক্ট নয়
/kaggle/input/regspeech12/test/test_kishoreganj_0117.wav,গাছ গাসপোরিং সাপ ব্যাং সাপ গাসপোরিং গাছ ব্যাং গাছ গাসপোরিং ব্যাং সাপ কুন্ডা গাছ গাসপোরিং গাছের এক এলাকা গাছ ফুরিংয়ে গাছের একা কিছু শুধু ফুরিং আছে না এদিকে গাছেরে এই গাছ ফুরিংয়ের কালাকা ব্যাং এর
/kaggle/input/regspeech12/test/test_narail_0160.wav,এরপরে ওনার আছে পাইলসির সমস্যা তাও মেলা পুরোনো সমস্যা এরপরে আছে ওনার হচ্ছে মাজার সমস্যা এগুলো আছে উনি প্রতিদিন কয় উপলব্ধি করে
/kaggle/input/regspeech12/test/test_chittagong_0173.wav,ইয়া হত্যাই সুমন হত্যা এবং অনাদায় ব্যাঘ্র মিস বলি তুই হাত তারা বিদিত হই আহাত্ত সে মা কেন হই মাত্র তাই নি সুযোগ বুঝিয়ে রাজা ইন্দ্রেলিস
/kaggle/input/regspeech12/test/test_narsingdi_0091.wav,দুইটা এসে একটারও বড় স্পিকারটি আরও দুইটা এসে শুরু
/kaggle/input/regspeech12/test/test_rangpur_0080.wav,হ্যাঁ এই নিয়ে যায় না কাম্বায়েই পূর্বে নেশার মোদাসা গায়ের গতি যাইবে বলে বউ ঝরে কখনা
/kaggle/input/regspeech12/test/test_narsingdi_0116.wav,এটা কইলি না খালি না মাঠ দিয়ে বাজারি পদ্ধতা দিলে না আমার লাইভে গিয়ে দেখিস আমি এটা কোনোদিন হইতাম না কোনোদিন করতাম না আমার লাইভে গিয়ে দেখিস না না নিজের
/kaggle/input/regspeech12/test/test_sylhet_0089.wav,তোমার বড় ভাই না বিয়ান্স
/kaggle/input/regspeech12/test/test_chittagong_0059.wav,কলেজের খবরটা বল কি কলেজ আর বাই সেকেন্ড মেয়েটা তার নাম নয় এখন কেউ যুগ যুগ না হয় রে তোর কী অবস্থা আয় আছি
/kaggle/input/regspeech12/test/test_chittagong_0046.wav,শেখ হাসিনা হাসাদ ধার করতে সম্প্রচ্তন্ন আয় ওরি আমার বেটাইলেও দেখাচ্ছেন এই দিনে বেড়াতাম যেতাম হদিওবই নাও ভালো না মাটি ফেলেছি আর হোলমিকে বেড়াতাম যেত হলিয়ারি বুঝিস না না ললিয়ারি
/kaggle/input/regspeech12/test/test_chittagong_0151.wav,আচ্ছা বিটা আপনার টাইম জানাও নার্সন খাবেন লোভুতেও আয় স্বার্গতাও কি তত স্বার্গতা ক্যানক্যান লাগে নিজের ওয়েটারলে
/kaggle/input/regspeech12/test/test_sylhet_0231.wav,বিয়ার চার লোকের ঠিক হইছে এই নিলায় যা তাহা স্কুলের হুজু তাহলে আমরা ম্যাডামেরা কীভাবে পড়াছি অনেক ঐতিহাসিক আমরা জানি
/kaggle/input/regspeech12/test/test_sandwip_0058.wav,ফ্যান বাদা হইত না
/kaggle/input/regspeech12/test/test_tangail_0054.wav,এই ছবির লাস্টের দিকের যে লাইন দ্য আছে লাইন দ্য মানে হওয়ার সবচেয়ে খুব টাচি একটা লাইন জেনে বলা হয়েছে আই সাপোস ইন দ্য ইন দ্য হোল অফ লাইফ বিকামস এন অ্যাক্ট অফ লেটিং গো
/kaggle/input/regspeech12/test/test_sylhet_0413.wav,পরে বালিশে উল্লাণ সমস্যা বাচ্চা কাছে অন্যায় ডাক্তার দেখাইতে দেখাইতে দেখাইতে দেখাইতে দেখাইতে যে সবার পরে ভাষা লৈসায়ীয়া ও একবারই মেয়ে দুটো লোক কখনো আর্তমান লৈসায়ী পরে আল্লাহ দিলে ওই সাতজন মেয়ে এক হেলাল্লাহর উপরে ছিল খুশি হইলাম এখন তাই না মারা গেছে
/kaggle/input/regspeech12/test/test_sandwip_0029.wav,যতই হইব সর্বশেষ কথা একেরে যত কথা করব যত কিছু করি সর্বশেষ কথা মাঝিয়েন করব হুম খুবিয়া চুরুগা উল জুলিয়াজুল ঈদের বিয়ের দুদিন হরে মনো মাত্র শরীর বেশি অশান্তি লেগে যে ফুন করছে যে কাঞ্চের জায়গার দিন
/kaggle/input/regspeech12/test/test_sandwip_0026.wav,হেতের হলাইন আবার হর লেখা করছে বোধ আসমার হলাইন হর লেখা বেশি করত না যে আসমার মনে খুব কষ্ট আসত তাহা সবসময়ের দিক থেকে আসমার সবসময় খুবই সহ অত্যাচার ছিল এতে কোনোদিন মানে কোনো কাম কোনোদিন হেতে স্থির হুলানিরা হরাইতে কোনো কাজকর্ণ করত না
/kaggle/input/regspeech12/test/test_narsingdi_0052.wav,স্বর্ণকাটা ম্যাক্স মাম হিন্দু তারা দুধ জ্বালায় দুধ তো দুধ কি স্বর্ণ লাগলে কালুন্দুর লাজাপু কোথায় না কাপড় টাকাও লাগিয়ে বাড়ে টাকাও করে লাগব দোকানে পর্দা টর্ডা বাইরে পেরে কিছু থায় না মন খায় না তো গ্লাসের মানের সঙ্গে কয়লা তা আগুন রেখে দেয়
/kaggle/input/regspeech12/test/test_habiganj_0089.wav,আর এর আগে সিলেট ও ভূগান স্পিকার সিলেট ওই তুই বেশির ভাগ আমরা বিভাগ সিলেট সিলেট গেছি কয়েকবার এর চেয়ে বেশি আর কোনা নিমিসন না পুরো চা বাগানও গুড়াইছ না চা বাগানও গেছি সিলেট গেছি তারপর আমরা ভূমিকান থেকে সেটাতে চা বাগান আছি কেন তো গুড়াইছি
/kaggle/input/regspeech12/test/test_chittagong_0117.wav,ইন্টার অফারে এখন নহিও পরীক্ষার পরে তুললে যদি বুঝ বুঝে ফেলা যা হইবে ইতি আড়ত দি আর মোবাল অত্তম কল করি বাল্লায় ফলজ আর কিছু হইলে মাঝখান দে আর বাজে না যাই অমিতায় এত বুঝা বুঝা তারপর এতে হন তার মনে
/kaggle/input/regspeech12/test/test_barishal_0041.wav,মৃত্যু বহন পারি না তাহা সে আরে কহিলেন কী যেন গরু যদি পালো স্পষ্টকর তৈবে কিন্তু বা ইহা পারা আমার কাউকে খেলনা দিবি হইয়া পারবি না কয় যাক কর্মু ওগেলর দান্দাইতে মুক্তিচুকু উত্তরপাড়ায় তিন দৃষ্টি কুড়োকির মল্লে ঘুরাইতেছে
/kaggle/input/regspeech12/test/test_sylhet_0300.wav,এটা সবসময় সাথে থাকে আর বিয়ার ডেই তৈলিকা ফরেকিতা করছি যে আমার সামনে তখন আমি পরীক্ষার লাগি ফরিয়ার বিসিএস করতাম ওদিকে চাকরির পরীক্ষা দিতাম ওদিকে বার্সিটির মাস্টার্সের পরীক্ষায় ওর পরীক্ষার লাগি পড়তাম আমি তখন আসলে বিয়ার থেকেই বেশি ফরামুখী
/kaggle/input/regspeech12/test/test_narsingdi_0011.wav,এটা বলতেই হবে হ্যাঁ এটা আমিও মানি মাননীয় উন্নতি করতেছে আরও উন্নতি করবে নতুন নতুন প্লেয়ার আসবে তবে আমাদের যে পঞ্চ পাণ্ডব ছিল এরকম পাওয়া যাবে না রেহাত
/kaggle/input/regspeech12/test/test_sylhet_0101.wav,ওহ নাই ভাই আমি চুমুতে করব খৈরা সেন্টারে ফেরার আবার যাইব
/kaggle/input/regspeech12/test/test_sylhet_0555.wav,আর কিন্তু সাজো বা চাচার আর কী অবস্থা না ছাড়া তো আগস্ট হইয়া গেছে
/kaggle/input/regspeech12/test/test_sylhet_0644.wav,তোমার বাবাই কিটা করেন নিয়ে মায়ে কিটা করেন খোয়াগলা বাবা আমি চলে যাওয়ার জন্য
/kaggle/input/regspeech12/test/test_sylhet_0348.wav,সিলেট থেকেই হোনা গিয়া চাকরি করতাম আর হোনা গেলে তোমার স্যার থাকত না আমি আসলাম এক বাচ্চা লইয়াই তো আর এক যুদ্ধ ও যুদ্ধের সময় কাজের মেয়ের তারে লুইসি লোগে আমার ভাই আইসিন বাড়িতে গিয়াছে বাড়ি তার সৈন কাজের মেয়ের কাছে বাচ্চা রাখিয়া
/kaggle/input/regspeech12/test/test_narsingdi_0061.wav,তুই তো খেয়াল ছোস বললাম স্যুট বংশীদাইরা
/kaggle/input/regspeech12/test/test_kishoreganj_0011.wav,লালাইকুম
/kaggle/input/regspeech12/test/test_kishoreganj_0023.wav,ছেলেবাড়ি দেখু লোককে বা কাগজ ছোট রকম লোককে লেখে লেখে সমস্যা এর লাগে তো খুব সময়ের মধ্যে আর ইউনিয়নের মধ্যে অত্যন্ত বিয়ে নাম সামলে আয় বাপের নামে দেখে যেলে এই মূল্যাওয়ালা দেখছে গ্যারান্থে ফুল নেমুন না
/kaggle/input/regspeech12/test/test_chittagong_0034.wav,কী অভ্যায়ে গাছে ব্রেব আরবি আদালতে আরবি আদালত ইটের হোনেমিকে যেতাম মলি ইটের লেবিল হোনেমিকে যেতে না হয় আম্মা গাহাডিতে না জ্বেলা এনে না জিম ঠিক আছে তুলে আসব গান শুইকেলও এই শুম নাই কেন
/kaggle/input/regspeech12/test/test_sylhet_0357.wav,আচ্ছা তাইলে ম্যাডাম এখন ফোনে যে আপনি তো বালাবালা রেগাল্ট করে এসেছেন স্ট্যান্ড ফোর্স কিন্তু ওই সময় কিন্তু আপনি ড্রিম মানে এদিকে আসেন না টিচিংটা ওলওয়েজ আছে আমি যখন বিসিএসের সাবজেক্ট চুজ করা লাগে না ক্যাডার চুজ আমি কোন সময় এডমিন ক্যাডার দিই নাই ফার্স্ট চেজ আমি কখনোই এডমিন দিই না
/kaggle/input/regspeech12/test/test_sylhet_0500.wav,াওয়া দেওয়া শেষ পরে একটু ঘুমাইলাম পাইটটা বাড়ছি ওঠি ওঠিয়া না মাঝোমাছ পড়লাম বাজে একটু আট আউটে উঠলাম বাসার ভিতরেও আর মনে হয় একটু বাড়িয়া গেল আমার সাথে তো পরিচিত মানুষ বালা যদি লাগে না একটু গেলাম বাড়াও গিয়া ইলাম মাগিরিগড়ে গিয়া ইলাম মানে না মাঝে মাঝ পড়িয়া না বালা লাগলে একটু টিভি যদি দেখুন বলে বেলাও টুটি কম সেই সময় কাটে
/kaggle/input/regspeech12/test/test_kishoreganj_0191.wav,ব্লোয়ারটা নীল আমি নীল দেখছি ভালোই হবে
/kaggle/input/regspeech12/test/test_kishoreganj_0034.wav,ব্লক তো হয়ে গেলে না বিশান্ত
/kaggle/input/regspeech12/test/test_rangpur_0104.wav,ইয়া আইসি না না বক্কর হামার এটা মসজিদের নামাজ পড়ে না বক্কর পরে না কেউ পড়ে না কেউ আইন গিয়ে
/kaggle/input/regspeech12/test/test_rangpur_0050.wav,ভাবা করবে না খালাদার হলে খিলিয়াই যাইবে খাবার পাবার নাকি এমনি অলরেডি খারাপ হয়া যায়
/kaggle/input/regspeech12/test/test_sylhet_0404.wav,আমার বিয়ে এমন দশ বছর হয়েছে কিন্তু আমায় নাকটা অসুস্থ হইলে এখনো বাচ্চা মানুষের মতো আমিও বলার চলাচলের পরে কিন্তু কোনো দিন বিরক্ত হয়নি
/kaggle/input/regspeech12/test/test_kishoreganj_0002.wav,পোতা মাটিয়ে নেব
/kaggle/input/regspeech12/test/test_sylhet_0205.wav,দাম হয়তো দিলাম তাতে আমারে না পায় এই আঁশ বা বানিল নাকি দাবা নিল নাকি তো অতাকুরি হরিম কোনো রকম একনাইন পর্যন্ত পড়িলিসি একটা গাওরা মত এইটো ওটা মানে কুড়ি নিশেময়লবি আর উপযুক্ত
/kaggle/input/regspeech12/test/test_narsingdi_0025.wav,সিলেক্ট করতে পারত বা তারা তো আগে যায় তাদের খেলা দেখতে হবে যে কোন প্লেয়ারটা ভালো খেলতিছে কার বেলু কোন জায়গায় বেশি বেটা তথ্য দেখতে হবে এরা তো মাঠেই যায় না এরা এই ড্রেসিংরুমে বসে থাকে মঞ্চালে দেহে না দেখে
/kaggle/input/regspeech12/test/test_narsingdi_0037.wav,চলা আজ ইংলিশে যেমন দামের লক্ষ্য হয় তিন ভাব না খাওয়া মুখামুখা মিনশান একটা বাড়ি ফিরে আঁকা না বাসে দাতা খুব বেলো পাড়ার শুকানোর খারাপ জিনু হ্যাঁ
/kaggle/input/regspeech12/test/test_chittagong_0105.wav,সালালামু আলাইকুম সালালামু আলাইকুম সালামু কেন আছ আলামদল্লাহ সি কেন আছ সামান্তি লেগা মাঝি তোর আম্মুতারে বেগম কেন আছে
/kaggle/input/regspeech12/test/test_sylhet_0221.wav,ও তো মনে করারইও নাই আমার তো বংশের মাঝে অন্যান্য বৈলান্নেরও পড়াইছে না দিলাইছে দিয়া ও লেভেলে নাইন্য উৎসে বাদও দিলাইছে আর আমারে তো পরেজে এসিসিটা ফাঁস করাইবার যদি ফাঁস করিলেন আমি ট্রাই করব একবার যে দেখি পারিহীনা
/kaggle/input/regspeech12/test/test_chittagong_0054.wav,বুয়ায় তাহিবি দিদি হনোমতে ম্যানুস্টারের গড়িয়ার
/kaggle/input/regspeech12/test/test_chittagong_0119.wav,না না আর দুটি সাইনে হাজিনা পুরু পুলিশ স্টাফ গড়ে ও নাম্বার নাকিয়া গোবর্ষ থেকে পাঁচ বন্ধ নাম্বার হন্ডাপুল করে গিয়ে বুঝি না
/kaggle/input/regspeech12/test/test_sandwip_0101.wav,কী করবে গোয়া
/kaggle/input/regspeech12/test/test_sylhet_0700.wav,আন্কের আমলে ভালো মানে আমার চাও আপনারা মানে সঙ্গীলে তা তো বুঝাইয়া মারতে পারবে না মারতে হলেও মাতে হয়তো হঠাৎ করি তোদের কারণে একটু হেজিটেশনায় ইচ্ছার চুমাতে পারব আমরা একটু টাইম নিলেই মাততে পারব
/kaggle/input/regspeech12/test/test_tangail_0125.wav,দেন ঐ লোকটা ওই যে ওটা তো ভাইরাল হয়ে গেল ঐ লোকটা কত কী বলল কে বলছে কী বলছে লোকটার নাকি খুঁজেই পাওয়া যায় নাকি হয়তো ভাইরাল হয়ে গেছে এখন তো সে পলাতকই থাকার কথা
/kaggle/input/regspeech12/test/test_sylhet_0003.wav,কারণ দুধও দেয় না কিচ্ছু না এগুলো খালতে খালতে তারা যাওয়ার জন্য লন্ডন করে বাইরে এসে মামলা হবে বাদ বোকায় তার মানবালা লাগিবে পুরো না হলা সালাল মাস চেয়ে ঋণ বেঁধিয়া হাল করছে ওই যার পাপায়া হসে
/kaggle/input/regspeech12/test/test_narsingdi_0059.wav,এমন অকলার আওয়াজ বোঝাইত না মনের মধ্যে দেয়ার মান লইয়া বাবু রে না শুরুবেলা তা আসলে খেলাধুলার প্রতি বিশাল টানা চত্বর কি স্কুলেতাইয়া মায় তো বোম্বার আনার দান্দায় থাকত
/kaggle/input/regspeech12/test/test_sylhet_0117.wav,তোর তো বাঁতনে অত কষ্ট হই না তখন মকার বেশ্য খাইতেছি তিনজন না হয়ে বের হইতে দিবা আল্লাহ বুঝছি দেখি খেয়াল কেন তেনি ছুটু থাকতে কী রকম দুশ্রষ্ট আসলেন মেয়ে শ্রোতানী আমি আছেন না শ্রোতানটা আমার ভাই বড় রাস্তায় এটা শ্রোতানীর অর্থ
/kaggle/input/regspeech12/test/test_habiganj_0108.wav,মন্দাস্টমার পরিকল্পিত আছে একই আচ্ছা কি কি সাবজেক্ট নড়া সাবজেক্টের উপরিকল্পিত আছে কিছু সাবজেক্ট বাদ দিচ্ছে ঐটা অন্তরীণ মানে মিনহাত্র ধরছে না কিন্তু কিছু সাবজেক্টটা আমরা মিন সাবেক্টরা একই করছে কি
/kaggle/input/regspeech12/test/test_kishoreganj_0064.wav,গেছে একটা বাদ দেখেছিলাম
/kaggle/input/regspeech12/test/test_rangpur_0012.wav,হাসপাতালে না না ম্যাডাম রাজা কয়দিন থাকিয়া এল
/kaggle/input/regspeech12/test/test_rangpur_0021.wav,ডিম বাজি বাইগুনবাজি আমার মুসুরির ডাল আরো মানে কি সার আমারে তো আইটিম নেই খেলে একটা আইটিম দিয়ে খাই আমরা
/kaggle/input/regspeech12/test/test_sandwip_0075.wav, অশুতানায়ও আমি ওই নইলে খাতে পারি নে রেড ব্যাজেটর ট্যাবলেট তোলার নাম নামে নামি না
/kaggle/input/regspeech12/test/test_noakhali_0011.wav,বাবু সরকারি কিনি এন্সিগ্রা মা হবে এটি কথা করো না
/kaggle/input/regspeech12/test/test_sylhet_0172.wav,ইলা তো আপনার পরে থাইবই আমাদের সাথে মাথা না
/kaggle/input/regspeech12/test/test_sylhet_0378.wav,তো পরে একটার পড়া শেষ হইল টিটারে বিয়াসাদি দিলাম আমি যদিও তোমার স্যারের কাছ থেকে ছোট সবচেয়ে ছোট স্যারের ঋণ দিয়ে আছি পরে আমি আমার চাকরির চেহারা দিয়ে গোল্ডুল বানাইছি কিনছি এখন ইচ্ছা করলে আমি পারি
/kaggle/input/regspeech12/test/test_sylhet_0558.wav, একদিন আমরা নাকি আর হঠাৎ দেখি আমি করিনি কি তাহলে বহুন চিন্তাটা হয়েছে
/kaggle/input/regspeech12/test/test_tangail_0010.wav,আর কনসার্ট যে করে এক দেশ থেকে আরেক দেশ বিভিন্ন দেশে এরাই মানে অগোজি মেইন যে খ্যাতি এরাই মানে যে যত বেশি কান্ট্রি কভার দিতে পারব হিজ করতে পারব তার খেতেই তত বেশি এই সময় তার ক্যারিয়ার আর লাভ দূরে একসাথেই চলতে থাকে
/kaggle/input/regspeech12/test/test_kishoreganj_0138.wav,লেবু বাতাবি লেবু জাম্বুল তাল কমলা কাঁচা আম কাঁচা আম পেঁপে পেয়ারা ভাঙ্গি সবুজ রঙে পাকায় পড়ে এগুলোর রং হলুদ বা সোনালী হয়
/kaggle/input/regspeech12/test/test_sandwip_0071.wav,আর অঙ্কাতে করে মূর্ত হইবেন করবেন বুঝি জানি বুধ চাইছে আর ভাই এলেমো চাইছে নিবেল্লায় আর আর মাধব তখন একজন শরীরের দিকে একজন ব্যথা নিয়ে কিছু হয়েছে শান্তি ও শান্তি
/kaggle/input/regspeech12/test/test_kishoreganj_0050.wav,বাতাস হাজার বেশি না না কম বাতাস তো বেশি বল কিন্তু না
/kaggle/input/regspeech12/test/test_sylhet_0753.wav,আপনারা কি তাই সময়ে ঘরের মাঝে কি তার নিয়ম নিয়ম করেন পরিমাণত আমরা মাস মাংস হয়নি প্রতি শক্ত মাষ্টমী নবম দশমের পর্যন্ত হয়নি একদিন আমরা বালার মধ্যে সবকিছু জানি তারপর যদি কেন নিয়েছি
/kaggle/input/regspeech12/test/test_sylhet_0573.wav,ভাইজাস হোসেন বাড়িতে আমরা যুক্ত খুন মাসের সামনে অক্টোবরেও গেছিলাম মাসের সাহসে আসে তারা চাচা তো ভাইয়ের সামনে গেছে হয়তো এক বাড়ি চলে গেছে
/kaggle/input/regspeech12/test/test_kishoreganj_0007.wav,নিচে নামবে কুক্তিসুর না
/kaggle/input/regspeech12/test/test_sylhet_0654.wav,কতত দিন আসছেন ইন্ডিয়ার ইন্ডিয়াত কতদিন আসলাম ইন্ডিয়ার নাম নয় মাস
/kaggle/input/regspeech12/test/test_barishal_0098.wav,আর হইলেও মনে করেন মুই টুনিকের যে ধুয়ে দিছি কোচে পোলা রাত বারোটায় আমার এই বারোটা চরিত্র ফিটেই হয়তো একটাক্তে বই পড়াইবে না ওই এই পড়াইবে না যদি সাড়ে একটা নয়টার মধ্যেও যদি বাড়ি যাই যাহিদা খুব সব ঘুমায় মশিত
/kaggle/input/regspeech12/test/test_sylhet_0199.wav,ওটা আছেল আনন্দের বিষয় সব ভাই বোন বলতে পাঁচজন আসলাম আমরা ছোট পাঁচজন পরাত আসলাম তো পাঁচজন বললেন এসময় আলাদা আলাদা চেয়ার টেবিলও তো কিছু ম্যানেজ করে আব্বার পক্ষে সম্ভব আছিল না একটা টেবিল আছে দুইটা চেয়ার আছে
/kaggle/input/regspeech12/test/test_sylhet_0277.wav,খাওয়া খরচ বাইর কাছে চাওয়া লাগেন না বইও আগে ওই লুকিয়া বায়ে দাইনুক্ত এন্ড্রার থেকে চাহিয়াটাই আনিয়া দিতা তখন আমি নিজে নিজেও কিছু বই কিনতাম বাড়ি নিজে একটা খাওয়াইছে এরপর থেকে আস্তে আস্তে টিউশনার একটা বাড়াইছি ওরকম করতে করতে শেষ পর্যন্ত আমি সাইটে টিউশনি পর্যন্ত ইউনিভার্সিটি খুজছি
/kaggle/input/regspeech12/test/test_sylhet_0487.wav,দেখিয়া পরে অপারেশন করলে একটু পাওয়ারই মানে স্পেনের অগ্রগতাও
/kaggle/input/regspeech12/test/test_kishoreganj_0163.wav,পানি দিতে বেশি থাকার জন্য পানি দিতে পানি প্রয়োজন পানি দিতে পানি প্রয়োজন বোঝা হলে কী প্রয়োজন মানবদেশ সাহিত্যিক সত্য বা পানি মানব দিয়ে সাহিত্যিক সত্য বা পানি মাংস
/kaggle/input/regspeech12/test/test_sylhet_0328.wav,তাই শুনি শুনি দিলা পরীক্ষা তুই পিলি পরীক্ষা দিয়া তাই না টিকে গেছে না অন্যকে টিকিয়া এখন অলরেডি আমার বেবি যাচ্ছেন পেটো হ্যাঁ তখন
/kaggle/input/regspeech12/test/test_narsingdi_0050.wav,টাকার অনেক খারাপ জিনিস আগুন কিন্তু এ না তো হল তেল এক জাগাত না তিন শেড তেলের ডন অনেক দুই হ্যাঁ নো করার একজন সব ধন গ্রাস আসে বহিষবাজার মুহূর্তি জেলার এরকম কোন জায়গার পণ্য দেখলাম একটা স্বর্ণের দোকান আগুন লাগবে
/kaggle/input/regspeech12/test/test_comilla_0015.wav,আসার পরে এরপর ওর ধূলনা থেকে ও যেভাবে আছে পুরো শরীর নাকি একদম শক্ত হয়ে গেছে ঠান্ডা হয়ে গেছে পরে ওর ধূলনা থেকে নামাইছে নামানোর পর স্যার আবার সাথে সাথেই ওরে হাসপাতালে নিয়ে গেছে মানে কী রকম একটা অবস্থা ওর মা কিন্তু ওরেই নিয়ে আসছে স্কুলে নিয়ে এসে ওর মা কিন্তু এই সময়টাই স্কুলে বেতন দিচ্ছিল
/kaggle/input/regspeech12/test/test_sylhet_0018.wav,দুর্গাপূজাত করুন নানি দুর্গাপূজাতে আমরা কিছুক্ষণ আমরা তিন দিন অনুষ্ঠানে থাকি
/kaggle/input/regspeech12/test/test_sylhet_0052.wav,তখন নতুন সিস্টেমও তো প্রাইভেট নাই শারমেলা মিরাজের ট্রেনিং দিয়াছে ইঞ্চিয়ারকে বই কিলা পরান কিন্তু ইলাতো শারমেলা মিরাজ তারা ট্রেনিং দিচ্ছে না তারা পারে আমি বুঝি না যা বুঝি খাতাগলায় মোবাইলে তবা মোবাইলে আগে আনসার ক্লাস দেখিয়ে পড়িয়া পড়িয়ে দিই
/kaggle/input/regspeech12/test/test_kishoreganj_0161.wav,মানবদের সাহিত্যের সত্তর ভাগ পানি মানবদের সাহিত্যের সাহিত্যের সত্তর ভাগ পানি মানবদেহের সাহায্যের সাহায্যের সাহায্যের সাহায্যের সাহায্যের সাহায্যের সাহায্যের সাহায্যের সাহায্যের সাহায্যের সাহায্যের সাহায্যের সাহায্যের সাহায্যের সাহায্যের সাহায্যের সাহায্যের সাহায্যের সাহায্যের সাহায্যের সাহায্যের সাহায্য্যের সাহায়্যের সাহার
/kaggle/input/regspeech12/test/test_comilla_0008.wav,এই নুসাইবা আর রুহী ওরা দুজনেই খেলা করতে করতে দুলনার কাছে যায় যাওয়ার পর নুসাইবা বলতেছে তোর তো নাচের রিয়ার্সাল আছে তুই এখানে খেলাধুলা করিস না তুই রিয়ার্সালে চলে যা আমি এখানে দুলনাতে দুল খাই
/kaggle/input/regspeech12/test/test_chittagong_0012.wav,জিমোদ্দাম বাড়ির এই অভিনেতা হলে নোকায়েত তাহরা দ্বিতীয় হত হইলে তাগিয়া নড়ানোর উত্তর হয় দেহে
/kaggle/input/regspeech12/test/test_narsingdi_0034.wav,আইস্টিম খামো আইসক্রিম আইসক্রিম আইসক্রিমের যে দাম বিনা হেনে ভালো লাগে না বই আইস্টিমে আমার চাল আসতে আমি খাইতাম ফাঁক লিটার সম্ভব কোথা থেকে নব্বই টাকা
/kaggle/input/regspeech12/test/test_rangpur_0060.wav,এটি প্রথম রমজান শুক্রবার হইল না তাইলে মাঝের রমজানের শুক্রবার আইসে মাঝের রমজানের কথা কইছে মাঝের বলতে পনেরো পার হয়েলে হল রোজা সেটা শুক্রবার গর্বে
/kaggle/input/regspeech12/test/test_narsingdi_0111.wav,দাদুরে ইয়াকারা লইয়া দিই শিট একারে মোড়া এমনা গৈলের মধ্যে লাগিয়াছে গরম নাড়ু দেখিস এই দুইরার অবস্থা দেখলাম মোড়ার অর্ধেক গৈলের এলাকা মোড়া তুমি গোলা একারে ফাঁক হয়ে গেছে না না বেতার মোড়া আছে না
/kaggle/input/regspeech12/test/test_kishoreganj_0113.wav,গাছের পাতাকা গাছে পাতাকা কালা হরিণেক এলাকা বাগে
/kaggle/input/regspeech12/test/test_narsingdi_0118.wav,মায়ে সুন্দর করবে এটা কি ভূতের সম্মুখের কথা
/kaggle/input/regspeech12/test/test_rangpur_0098.wav,লিপ্তেরি তো মসজিদে করা হয়নি কি লিপ্তেরি কেমন হয় কি সমস্যার পটায়ের গুলি পেরি করে শুধু দিন পাঁচশ ছয় শো
/kaggle/input/regspeech12/test/test_habiganj_0093.wav,ঘুরানে গেলে টুসু বিউবি তুলন একটুই দিক দেয়ায় দিকে ওর গুঁড়া গুঁড়ি ভরানে তুই আমার বাড়া লাগে
/kaggle/input/regspeech12/test/test_sylhet_0400.wav,ওই আপনার বয়স তো কম লাগে পানি ফাইন্ডার লাগে না বয়স কর্মীদের মানে অসুস্থতায় বয়স বাড়িয়ে রাখি
/kaggle/input/regspeech12/test/test_rangpur_0041.wav,কী হইল রে আমরা দেখছি পাগলিক কত মানুষের বয়লা নিয়ে নিজেকে ভাত খেলে কত দেখল আমার বেকার এরা পাগলিলাই হারা গেছে মনটা আমার নিজের থেকে হারা গেছে দেখছে দেখছে মোর ট্যাঙ্গা হয়ে গেছে বাবা মুই হাত দেওনি
/kaggle/input/regspeech12/test/test_sylhet_0469.wav,মামান তাড়াতাড়ি হইয়া বান নিয়ে পুনান চিকিৎসা করাই লাগব কী করলে আমার বান নিয়ে সুস্থ হইব বৈনর সুখ আছেনি না দুঃখে চলে আমার সুপিছনের সবক্ষণা ছিল বাহির
/kaggle/input/regspeech12/test/test_sylhet_0177.wav,কুড়িগুণ সুখী অনেক সুখী ওখানে আমি খুশি
/kaggle/input/regspeech12/test/test_narail_0150.wav,আমি তখন নাই মাসি তোর মা কেন বাড়ি মা বাড়ি হয় একা একা রয়েছে বাড়ি একা একা থুই আসতিছে পরীক্ষা আছে আমার এজন্যে
/kaggle/input/regspeech12/test/test_sylhet_0302.wav,আমি যদি হোস্টেল থেকেই বাড়িত যাই কি এক মাস হলে যদি আমার বাড়িতে থাকা লাগে যেই সমাজ আর যেই পরিবেশ যেই গ্রাম আমার সাত আট বছরে যেটুকু অর্জন করছি এটা শূন্যের গোটাত নামাই দিবা মানুষে
/kaggle/input/regspeech12/test/test_kishoreganj_0104.wav,জীবের বিস্তার নতুন উদ্ভিদের আভাস গড়ে তুলতে সাহায্য করে এভাবে পরিবেশের উদ্ভিদ ও পানি একে অপর নির্বাক্ত
/kaggle/input/regspeech12/test/test_tangail_0091.wav,ওই রাজ মানে রণবীর হইল এমন এক পোলা যে ওই সবসময় খুব হাসিখুশি থাকে মানে কখনো দুঃখ পায় না এরকম একটা মানুষ সবাইরে হাসায় গিটার নিয়ে ঘুরে বেড়ায় মানুষটি হেল্প করে আস্তে আস্তে রানী মুখার্জির ভালো বন্ধু হয়ে যায়
/kaggle/input/regspeech12/test/test_rangpur_0103.wav,নিজের আর সব সেন্দ্রের কাছে আউশ সোহাগের কাছে সোহাগের কাছে তো কথা কবু তাতেও কথা কহি সেলার সমস্যা নেই কয়েকদিন গেল না
/kaggle/input/regspeech12/test/test_rangpur_0010.wav,গাবি নিয়ে হয় না না বাঁচুন না মা ছোট ছোট ধরি না নেমরা সবুজেরা আসবেন নাই রোজ বেরিয়েছে বাবা কাছে কী করবে
/kaggle/input/regspeech12/test/test_sylhet_0170.wav,বেশ কুন্দল যে গোপায়িজ রং তার প্রিন্ট জোড়া আর মাছ মাংস সবজি দুপাকে তিনি সেটা করলে ভান্ডা ভান্ডা হতাই রেখে নিয়েছেন
/kaggle/input/regspeech12/test/test_sylhet_0138.wav,আগের আগে সেদিন বিপরেশাদ্যরাই লাগে না সময় যে বিষয়ের সময়ের দাম ওই সবচেয়ে বেশি খাওয়ানি লাগত নাই আর কিতাও নাই কয়টা বাজে সাড়ে তিনটে হয়ে গেছে
/kaggle/input/regspeech12/test/test_narsingdi_0041.wav,সকালে ঘুমের তোরটা দেখি নাই মারা গেছে দুপুর বেলা যায় বিকেলে যায় রাত্রে যায় ইকটারি কর্মে হেঁটে নেমে যায় সেই রিটে নেমে যায় কী একটা অবস্থা
/kaggle/input/regspeech12/test/test_tangail_0085.wav,মানে এর লিগে ছবিটা আসলে বেশি ভালো লাগতেছে যে আপনি যাকে ভালোবাসেন তার পছন্দের জিনিসগুলা আপনার একসময় ভালোবাসা হয়ে যায় তার পছন্দের জিনিসগুলা সাথে সাথে এটা তো আসলে ভালোবাসা প্রকাশের অন্যতম মানে নিজের মধ্যে রাইখা দর একটা অন্যতম একটা ই
/kaggle/input/regspeech12/test/test_barishal_0068.wav,এই যে কইছি যে সর সত্যিক উপায় খুঁজে দেওয়া লাগে কথা প্রায় তো একটা সময় কইছি এই সময় মায়ের উদ্দেশ্যা বানাই খাইছি হেইয়া মাঝে মাঝে ভাবি যে হেরা বাকি আর এই হেরা বাকি
/kaggle/input/regspeech12/test/test_sylhet_0533.wav,সে তো আমার সে তোমার মা সে তোমার মা সে তোমার বিয়া তো খুব ভালো হইছে বিয়া দাহার বিয়া আর মামীও ডাহাইয়া অন্য রকম না নেই আমরা ভিন্ন নারী সিলেটে জেলা অত রেওয়াজ তারা রিতা নাই সিম সামিন্ড ভিড় দেখবে
/kaggle/input/regspeech12/test/test_kishoreganj_0055.wav,বাংলা পরিকার্য কাজ হয়েছে ইংলিশ তবা দৈয়াগা চাচা মৃত্যি মৃত্যি মৃত্তিকা চাচা যে জনগণ তাতে যাহাই দায়িতা তবায় বয়ানা মৃত্তিকা চাচেন মাহে কালো ফিক আছে
/kaggle/input/regspeech12/test/test_kishoreganj_0046.wav,আমরা কিছু দিইনি
/kaggle/input/regspeech12/test/test_narail_0158.wav,খরচ ঠিকই করবা নাই সময়মতো করতেছে না অসময়ে যে করবা নাই তবে আস্থা ব্যয় আসছে না কেন কী কী সুগার আর কী আছে উনারা যদি সেকআপ করায়
/kaggle/input/regspeech12/test/test_narail_0039.wav,শান্তির বাধাবাসা অদ্বিধিমাধ্যমে গেল ঐ জমি আমরা পাত্তা বলে ওরা বেশি ফিরে ফিরে গেছে
/kaggle/input/regspeech12/test/test_habiganj_0106.wav,বাবু তোর সাথে আমি মারতাছি তোর কথাটা রেকর্ড কর্ম তোর কিছু প্রশ্ন জিগাইমো আর তুই হলে আনসার্ট দেখিসে তাইলে এখন আজকে কি স্কুলের কি তার অবস্থা স্কুলেরিতে হয়েছে এবং পরিকল্পিত আছে প্রতিদিন দুইরা
/kaggle/input/regspeech12/test/test_narsingdi_0020.wav,পিয়ার করবি গো দেশের মানুষ তবে ওয়ানডে টি টোয়েন্টি খেলতেছে এটাতে ভালো করুক তাহলে তো আর কিছু লাগে না টেস্টে তো আছে এখন নিবাদত ভালো বল করতেছে
/kaggle/input/regspeech12/test/test_sylhet_0441.wav,কিন্তু খৈব আমার বাসাতে তাহরিল দেয় তাহরিল দেয় কিন্তু আমরা নিজের বাসায় ফেলাই আমরাই যেন ডাক্তার তাহলে যে সুবিধার লাগে দেখি অনলাইনে একটু জিও করেন আমি কেন একটু ফিল্ডারেন আমার রাজনীতিবারী দেখি মানে ঘুরি যা জানিতেও হলে তা আমার স্থাতাহী কিন্তু কেন তো ক্ষতিকর না করে আম
/kaggle/input/regspeech12/test/test_tangail_0117.wav,রাখছিল ওই লোকটার টাকা পয়সা একটু মানে বাইচা গেছে সেভ হয়েছে সবাই দেখি ড্রয়ারে ড্রয়ারে রাখে কথা হইল ড্রয়ারে রেখে যাব কিন্তু ক্যাশ যদি চুরি হয় তখন কী হবে এই সবার অসাবধানতা
/kaggle/input/regspeech12/test/test_sylhet_0381.wav,বাবিরার বাড়িও তো ফাইন্যান্সিয়ালি অত বালা আছেন না সোলমেন্ট আছেন না তালুই নাও একটু গড়িল আছেন তো আমার আম্মায় চাউল ডাউল শিম যত সবজি বুঝি আছে সাতরতা সত্তা মিলাইয়া বস্তা বড়ি বড়ি বড়ি বড়ি তালুর বাড়িতে পাতাইছে আর পরীক্ষার চতুর্দিন আছে আমি তালুর বাড়িতে থাকিয়া পড়ব ও জীবনের প্রথম বাড়িতে কি বাইরেছি আছে ওর বাসাত থাকিয়া পরীক্ষার উদ্দেশে গেছি এত গেছি মাত গিয়া গিয়া গেছি মাই মাই পরীক্ক্কার দেওয়াত দেওয়াত দেওয়াত
/kaggle/input/regspeech12/test/test_noakhali_0005.wav,কী হয়ে গেছে থাকবে আমি তুমি
/kaggle/input/regspeech12/test/test_sylhet_0758.wav,নিগু হায়েব করতাম না কর্মী নিগু করাবেন যেমনতরা জামাই তার নিগু ভাই গোয়াইতে পড়াইবেন রক্ত হবে আর টঙ্গি এলাকা ড্রিং করে নাও মানে হরতা না খায়না করলে কি তা হইব আপনারা রাখোয়া হয়
/kaggle/input/regspeech12/test/test_narail_0055.wav,এই জন্যের লাভ হইছে আমরা যদি ভালো কোনো মিয়া মানুষ অত তালি ওকে সব জমি বের করে নিয়ে আসতে হত কারণ ঐ সব সব জমিরই বাবার সব জমির ঝামেলা আছে মেলা জমি আছে সেসব জায়গা খালি টাকা থুইসে কাগজ রেহাতেছে কোনো নামপত্য নেই নাই এই জন্যই ওরা কিছু করতেই হতেছে না আমাকে মাঝে ভরে
/kaggle/input/regspeech12/test/test_barishal_0094.wav,তিনি কেমনায় গ্রেটারেন্স না
/kaggle/input/regspeech12/test/test_tangail_0123.wav,আরেকটা ভালো ব্যাপার দেখছি যে হিজড়া সম্প্রদায় আছে তারাও তাদেরকে মানুষ কত ছোট করে কিন্তু তারাও এখানে বিশ লাখের মতো টাকা দিছে তারা তাদের হজের টাকাটা দিয়ে দিছে তো এটা খুবই একটা ভালো উদ্যোগ আমি দেখতেছি যে দেশের সব মানুষ সেখানে কন্ট্রোবিউশন
/kaggle/input/regspeech12/test/test_kishoreganj_0053.wav,আমি ক্রমান্তি করব তার মন্ত্রী করে দেব কে তোমার চাচাকে এমন জায়গা দেন নে দোয়ানপুরে তো লজেন্দা হ্যাঁ
/kaggle/input/regspeech12/test/test_rangpur_0111.wav,বাড়ি নিয়ে নিয়ে যায় ইফতির খেলেছিল বাদ খেলেছিল অর্জাকে যেই সুবান্নে আছে সুবান্নের বাসা দেখি সুবান্নের বেলা তো খুব আমার কাছে
/kaggle/input/regspeech12/test/test_chittagong_0009.wav,ভোর দিয়া গিবার্জি গাইডিয়ান আরাফা অনায়াত দে বাতন কনসিডিয়াল ভেফটেম দেগে আবিষ্কার বিভিন্ন দায় পাঁচ ডজন নাম্নু চলে থাক কেন মেহেরুকে ডেলি দিচ্ছ না
/kaggle/input/regspeech12/test/test_barishal_0030.wav,সারাদিন কাম করে ওয়ার্সে আমার মাইয়ে ভালো সংসারিকারে মন বানিয়ে আগেক্ষেত্রে বাদে জামা তৈরি ভালো থামিল হেলোই বাড়ি যা
/kaggle/input/regspeech12/test/test_kishoreganj_0042.wav,তা না আমার হলেই তো করবে না আমি তো
/kaggle/input/regspeech12/test/test_narsingdi_0047.wav,এবার কোনো আগুন লাগে যে দেখ পোস্ট পিসো তাই হায়দেফ এই বঙ্গবাজারের পরে সিরিয়ালি স্যার আগুন লাগে ঝুম নাই সাগুন লাগায় দিতেছে মূল লাগে কেন অবস্থা রে কেমন হয় যেন হাতে নামাজ হল চারজন লাগবে তো আমরা টিউটার দলের সামনে
/kaggle/input/regspeech12/test/test_barishal_0033.wav,না কী করবি
/kaggle/input/regspeech12/test/test_sylhet_0542.wav,কাউকের জন্যেও প্রায় কিছু আর কিছু ভাই না পাই লটারি তন্তু তো দেখুন ও আসার গেছে পরে গেলেছে দুইটা ফাঁস চাদর দুইটা আকর্ষণীয় আগার বাড়ির বাড়ির বাড়িতে দেখে ফুলে গেল আগের দিনেও লাগতেন
/kaggle/input/regspeech12/test/test_narsingdi_0007.wav,প্লেয়ারগুলো একটু ভালোভাবে তৈরি করা যায় একটা লেগ স্পিনার নাই দেশের বেতা অন্যান্য দেশে দেখ দুইটা তিনটা করে লেগ স্পিনার থাকে অস্ট্রেলিয়াতে দেখ যে আদম জাম্পা তারা হচ্ছে মাইকেল সিবসন এরা খুব ভালো লেগ স্পিনার আফগানিস্তানের তো আছেই লেগ স্পিনার কয়েকটা
/kaggle/input/regspeech12/test/test_sandwip_0013.wav,যেমন অমাবাদের সাথে এর পরে মনে মাসিক ব্যাজার লোকের দরে থাকলেন না বিয়েরা তাঁর মোবাইল বন্ধু আমার মেঘা সংবাদদাতার কথাও নাসিম হল যে দিয়েছে কয়েক কোটি এলে তেরো ঘণ্টা দুর্গম
/kaggle/input/regspeech12/test/test_sylhet_0414.wav,কী সমস্যা করে নে বাবা এটা রাকিবরা ব্যায়াতবর্থী আছিলাম ছিনতা তো সিলেটির বিপ্লবের সিলেটির বাধা রাকিবরা ব্যায়াতবর্তী হইছে পরে একজন মেয়েও অভিচয় নোয়ার হলেও তাইনো মারা গেছেন পরে আমার সিটিউশন খুব খারাপ
/kaggle/input/regspeech12/test/test_kishoreganj_0129.wav,নানা রঙে ফুল পোল
/kaggle/input/regspeech12/test/test_narail_0124.wav,আজ তোর কোনো সমস্যা করছে না অবশ্য ঘরে সবসময় দেখি ওর পিছনে আমি তো তোর সমস্যাও বলি না আমি তো যেখানে যাই সেখানে মায়াবাড়ায় এসি আর সেখানে মানুষ আমাকে ভুলতে পারে না
/kaggle/input/regspeech12/test/test_sylhet_0007.wav,যা এখন খুব যত্ন দেয়া হল এটাই আগে তো মানুষ আছে এই দুইটাতেই যেমন ফসল করছে মোতার একটা রোগেও পড়ো না
/kaggle/input/regspeech12/test/test_habiganj_0087.wav,মারলেও লেখাতে শুনে নাই লেখাতে শুনে না কী পরাগ বয় না স্টেম ঘরে তোমার কেমন লাগে কোন প্রমাণ ভাল লাগে
/kaggle/input/regspeech12/test/test_sylhet_0360.wav,দেখায় আমার জ্বালানিটা অনেক শ্রেণীর মানুষের লোভে মিশছি মিশার পরে আমি যেটা দেখছি আসলে পেশা হউ আর টেহা ক যাই হোক না কেনে সংসারের সুখের জন্য সংসার
/kaggle/input/regspeech12/test/test_sylhet_0279.wav,ও সময় আগের মতো কিন্তু আর খোলা প্রস্তাবও আয় না কারণ যখন গ্রাজুয়েট একটা মেয়ের লাগিয়ে কোনো কমিটিতে বয়স তো বাড়ছে একটা
/kaggle/input/regspeech12/test/test_narail_0184.wav,ওই রবিনেসে একটু আশ্চর্য এসেছে
/kaggle/input/regspeech12/test/test_narsingdi_0136.wav,অফিসিলি ভাড়া কম হইতে হইবে শুরুবেলা আমি ফাইভে পরিশ্রমিত প্রথম গ্রিনহোল্ডে পার্কে গেছি এবার আমি প্রথম জানছি যে পাঁচজনের কাছে এবং একটা পার্ক আছে আমি জন্মগত ভাবি
/kaggle/input/regspeech12/test/test_chittagong_0121.wav,রিফাত ব্যাটের একটা তুলার আদরের হাতা হইতে দুইবারে না বাজিব আর রিফাত ব্যাটার আবার যে ডেঞ্জার আর সার হাতের শিক্ষাতে যাননি তা নাস্তা তো গৈর্গি
/kaggle/input/regspeech12/test/test_comilla_0014.wav,আর পুরা শরীর মানে কেমন একটা অবস্থা মুখটা ঠোঁটটা নাকি ফুলা বাঁকা হয়ে আছে তো যে মাথায় টাচ করছে করাতে দেখে যে ও আর কথা বলতেছেন বান্ধবী আর কথা বলতেছেন ও জুড়ে চিলাম দেখেছে যে কী হল নুসাইবার কী হল তখন সবাই আবার আসছে
/kaggle/input/regspeech12/test/test_tangail_0049.wav,ওই বাগড়ে খাইতে দেয় পরে আস্তে আস্তে বাঘটারে বশে আনিয়ে পরে বাগও বুঝতে পারে যে আমার মানে বাঁচে থাকার জন্য ওই মানুষেরও দরকার আছে
/kaggle/input/regspeech12/test/test_sylhet_0123.wav,আপনাও খেলতেন না শুধু থাকতে ছেলেটাকে ছেড়াছেড়া করছি তবে মানুষের মনে নাই তোরা তোমার দশ বছর বেশি বয়সী সুমুদ্র বাসান কাজ করো নাই আমাকে বুঝতে ইচ্ছে তোরা থামালে যেন আমি ঢুকিয়ে গেছি কান্দুবেন্দুকেও নাই
/kaggle/input/regspeech12/test/test_narail_0177.wav,সেই যে রেজিস্ট্রেশন আড়াই ফেলাইয়া বারো ক্লাসে পরীক্ষা দিচ্ছিল না একদিন কেউ আইসের প্রস্তুতি চারটা বছরে যে গেল এখন আবার ভর্তি একটা তো পড়াশোনার চাপ অঙ্গী ও প্রক্রিয়ায় এসেছে পরীক্ষা দেবে বাবা
/kaggle/input/regspeech12/test/test_sylhet_0592.wav,তাই যা খুব যে বিয়াচি লিখে জানো
/kaggle/input/regspeech12/test/test_chittagong_0099.wav,তুই যদি আস্ত তাছুক যে তা প্রতি তুর্ঘ সমস্যা নাই এখন আর সাইন্সুদ তাহির আল্লাহ পয়েন্ট দিবে বোধ হামল নাই তাই নাই কী হইত তার এবারের ভাব পেলাম সাইন্সুদ বোধ হাম পাই
/kaggle/input/regspeech12/test/test_barishal_0077.wav,পালাপাতা অনেক জায়গায় নাই এই বিস্তার ভাব হয় না
/kaggle/input/regspeech12/test/test_narsingdi_0044.wav,ঈদের পরে পরীক্ষা ইত্তাবাজি গিয়া দিয়া বিয়াফল্যের চার তর্ক পড়ায় তার আগুন লেগা জাগান তোমার বৈদ্যা না দিয়া বোমার জানা গেলি গা
/kaggle/input/regspeech12/test/test_sandwip_0019.wav,কোন বাড়িগুলো বিয়ে করে নিয়ে বাড়িতে পারে না মানুষের লোক উঠতে করতে বেশি অতিরিক্ত দুইনেদারি খবর নাই একের আসমা ভারা আঙ্গামানে খাওয়ানোর একটা রাস্তা বুঝে নেয় তাহলে সংসারের জুঙ্গাল এ আসমার আসলে সংসারের জুঙ্গাল খান হোলাইনের গান্ধে দুলিতে নাইছিল হোলাইনে হাসমা ভারার জিরাগনের কোনো হিসাবকৃতি আপনি শুরু করে
/kaggle/input/regspeech12/test/test_kishoreganj_0017.wav,এলেগিতে দেশের রাস্তা ব্যবস্থা
/kaggle/input/regspeech12/test/test_tangail_0042.wav,নাকি ইকোনমিক একটা ক্রাইসিস আছে তাহাই হোক বন্ধ হইতেছিল পরে তার বাবা সিদ্ধান্ত নেয় যে তার ফ্যামিলিরা মানে এই জুসহ অন্য একটা দেশে চলে যাব মানে ওয়েস্টার্ন কান্টি হয়তো বা কোনো এক জায়গায় পরে তারা জাহাজে করে এইসব জু
/kaggle/input/regspeech12/test/test_sandwip_0124.wav,আই অ্যান্ড আমিও বিথীরে ভোধ কিছু শিখেছি বিথী আনুশ্রাদের বয়সে বিথী এক্সপার্ট আছে লঙ্কা কি আছে কিছু গোয়ার বাড়িগুলো হলে লেখা করিতে যেতে পারিবার ধরা লেখানোর মতো ধরা লেখা নইলে সুন্দর আছে না আমার ছেলেরা আমি আদর্শবান বানাব আমার ছেলে ব্যাগের উপরে থাকব
/kaggle/input/regspeech12/test/test_kishoreganj_0045.wav,আচ্ছা রায়পুরে হ্যাঁ আমার লোক দেয়া আমার লোকের লোক দেয়া হইব যে একটা মুজোর ভেতরে দেড়ে লিখব
/kaggle/input/regspeech12/test/test_sylhet_0034.wav,ছন্ডিবাট করা হইল করা ওড়ার পরে শেষ হইল নগর সন্ধ্যার সময় প্রত্যেক দিন তিন দিন সন্ধ্যার সময় আরতি আরাতে সন্ধ্যা আরাতে পরে সন্ধ্যা আরাতে প্রসাদ থাকা হয় খাওয়ার পরে তারপরে শেষ হল পূজা শান্ত করে শার্পোর্ন অনুষ্ঠানের
/kaggle/input/regspeech12/test/test_sylhet_0163.wav,হারাইটা গিয়ে তোমাকে না দিলে স্যার তারপর বড় বাস দিয়া তার বিয়ারে এক পায়ে তুলে নিয়েছে বাবু
/kaggle/input/regspeech12/test/test_kishoreganj_0180.wav,জীবাণুমুক্ত নিরাপদ পানির জন্য বিশ মিটারের বেশি সময় লাগে
/kaggle/input/regspeech12/test/test_sylhet_0721.wav,আপনার বিয়াত্ত বহু তৃচু আমার নিয়ম আছে
/kaggle/input/regspeech12/test/test_chittagong_0133.wav,তাহাদের চাহিদা নাস্তবাবুর নাহ আদ্যায়ার আল্লাহ সাল্লাল্লাহু আলাইহি ওয়াসাল্লাম আলাইহি ওয়াসাল্লাম রাহিদুল এছাড়া হইলে দু তিন দিন তাহা হোক বা হওয়ার দিন পর তুচ্ছ তাহা স্তমানভাবুত্রী ফুফিরে কল দিবে ফুফি আনিবু আহানাবা সদা খালি বরোবেলা না জায়গা আজ আলা জালা যাইত হর্সিপাতা হালি আল্লাহ হামটান নগরীর নগরীর মিস্ত্রিয়েরা
/kaggle/input/regspeech12/test/test_narsingdi_0110.wav,ইয়াহ করাই ফ্রাইপেন সুরুরা সুন্দর ডাসি এর দূর একটা ফ্রাইপেন আছে কি ফুল ক্লাসও থাকতেন এইটে ফুলে শুনাব বলে শুনতুম তুই তো আমি এটা ফুলে তো আসোস না
/kaggle/input/regspeech12/test/test_noakhali_0004.wav,মামা তোকে ভাই ছিলাম না কেন তুমি লিখেছিলে আছো কী
/kaggle/input/regspeech12/test/test_tangail_0040.wav,সে বুঝাইতে সে মানে বুঝতে পারত যে মানে পশুপাখিগুলার মনের অবস্থা সে ভাবত বাঘ ও তার বন্ধু হইতে পারে যদিও অনেক পশুপাখির সাথে তার একটাই ছিল কিন্তু তার বাবা এরা
/kaggle/input/regspeech12/test/test_kishoreganj_0110.wav,অনেকগুলো শৃঙ্খল থাকে বাস্তুসংস্থান সকল উদ্ভিদ ও প্রাণীর কোন না কোন শৃঙ্খল অন্তর্ভুক্ত যেমন ইঁদুর কার্যালয়ে ব্যাঙ্ক নানান প্রাণী খেয়ে থাকে
/kaggle/input/regspeech12/test/test_sylhet_0159.wav,ইতা গো আগর মানুষ পাঞ্জাবিয়া ঘুমালেও টরাইয়া ফুলছুন না পাঞ্জাবিবু তো আমার হৌরে নিজেরা আছে পাঞ্জাবিন চলছে তাই হারালে এটা হির সময়ে না মোটাইটা আর মুক্তিযুদ্ধ হইতে ইচাপ চোরাইয়া মাস করি
/kaggle/input/regspeech12/test/test_habiganj_0083.wav,ভূমিকার দুয়া ভাইয়ে একজনের ব্যবসা হলুন আরেকজন প্রয়াত সিনেমা আর তোমার অন্য চাচারা কি তাহলে আসুন এরা ভালোই আর একজন আমার চাচা তাইনালিকা এরা তিন ভাই চাচা নাই মারা গেছে আর তিন ভাই তিন জনের ব্যবসা হল
/kaggle/input/regspeech12/test/test_sandwip_0061.wav,অজায় বেলাই এত লাগে আর চেকুতুকু শিলেছি ওদের খালি যে তিন চুট শিলেছি আর এক শুটের কাপড় অব গড়ানিতেছি মনে পড়ে আরও কমবার বললে হল শিলায় লাইন
/kaggle/input/regspeech12/test/test_sylhet_0268.wav,প্রথম ক্লাসও আমি মিস করিলেছি ফারাক টেখা নাই আমার ভাই ফ্রি নাই তখন তারা কাজ করের খেত লাগা বৃষ্টি অত্যাশটা অনুষ্ঠান যা যাইহুক পরে আমাদের লইয়া আইসিন আমার কামদংধ সামলানের লাগে দুই দিন পরে লইয়া আইসিন হাইয়া
/kaggle/input/regspeech12/test/test_narail_0068.wav,আমাকে অত্র দ্যাশেক এই জেলা কই জেলার ভিতর সবচেয়ে ভালো বুদ্ধিমান লোক আছে কেশো ঠাকুর এর উপরে হালিম শরীফ তাই করছে যে সেলিম শরীফের বাবা ওনার সাথে ঘটত তো তা আমি করছি কি এরকম সবরকম কায়দারের কাছে ওরে পাব ও যে কী মাল
/kaggle/input/regspeech12/test/test_narail_0153.wav,নয়ন দু কানেক্সার্স পর বিশ কেসাবাগানে বিকেলবেলা দু কান নয়নের বউ কানে বাড়ি নেই বাড়ি রয়েছে তারপরের শরীরটা ভালো আছে না নির্ভর
/kaggle/input/regspeech12/test/test_sandwip_0102.wav,তোমার যেমন পূজা ভাই বলত তোমরা এর প্রভাব মনে হয় কী কী খেয়াল কি সমস্যায় এই অনেক বিরাজিত ব্যক্তির নির্যাতনের জন্য কেন্দ্রে আবেদন আসলে গাছ চাই বোঝান না
/kaggle/input/regspeech12/test/test_tangail_0092.wav,ওই শহরের আর সবার সাথে আরও একটা ভালো সম্পর্ক হয়ে যায় সবার ভালো পুলা হিসেবে চিনে ওই শহরে একদিন রণবীর কাপুর হাঁটতেছি লড়াইতে ওই সময়ের দেহে যে একটা মেয়ে সাকি না মানে সুনাম কাপুর সে লুকায় লুকায় হাঁটতেছে পরে রণবীর কাপুর মনে করে যে মেয়েরার আসলে বিপদ একটু সাহায্য করা
/kaggle/input/regspeech12/test/test_sylhet_0745.wav,তোর গাড়ি এক মাস করিয়া আনলে তো আমরা হাইমা বা ছবি আর যে মেয়ে তো মনে কর দুটি হিন্দুই সারা এন হইতে নাই
/kaggle/input/regspeech12/test/test_narail_0046.wav,সেই জায়গা রাইজ তোর বাবা ওই যে ঐভাষ্যে ঐ জায়গার সাথে ওরা বাকি ছিল ঐ জায়গার মাধ্যমে ঐ যে ওহনির জায়গা তুকে ভাবে ওরা ঐ জায়গা কিনে রাইছে না ঐ জমি সেই জমির বদলে সে এনি ভাবে
/kaggle/input/regspeech12/test/test_sandwip_0084.wav,এমনের বিতর্ক সাড়া আছে ই এলাকার বিরক্ত লাগে যেন ইয়েসলের জাত সোনায় স্কুল ইয়েসলের যত্ন করে না যায় এগুলো কাইকেল নষ্ট জিনিস
/kaggle/input/regspeech12/test/test_kishoreganj_0130.wav,ফলে হরেক রকমের ফল এদেশের অনেক রকম ফল
/kaggle/input/regspeech12/test/test_sylhet_0109.wav,তো যেন বিল্ডিংও ঠিক আছে আমরা একটু চেয়ারি এখানে কত বছর হইল আমরা তিন বছর ধরে চাই তার বিষয়টা জিনতে চাই এখানের মালিক কোথায় এলেন মালিক বিশ্বস্ত
/kaggle/input/regspeech12/test/test_sylhet_0286.wav,কিন্তু তখনও চাকরি নায় অলাহ বাইরেরা হইল না আর একটু কোয়ালিফাইড দরকারি তা দেয়া হইত না তো আমার মনে হইল যে আসলে আমি যে ফ্যামিলি ব্যাকগ্রাউন্ড থেকে বড়ইছি আমাদের যেই
/kaggle/input/regspeech12/test/test_sylhet_0527.wav,এখন গেছি যাইতাম অসুম্য এখন তারা হয় যেও প্লেনে আসতে আপনারা চলে যান এখন তার সময় নাই এখন গিয়া বলছি মাত্র পঁচিশ মিনিটের রাস্তা হয় রাত্রারাত্রা এটা হারিয়ার প্রক্রিয়াকর্ম অন্তত পঁচিশ মিনিট এক জায়গায়
/kaggle/input/regspeech12/test/test_chittagong_0157.wav,জানতে যাইবে না স্থানকী পাঁচ মেজর নাম নোয়াই এখন আরেকজনে হতে নাম নোয়াই বোফার নাম নয় বললে ধর সাহায্য নাইন্ট পয়েন্টে তো নামে শুনি নোয়ালিও নোয়াই করেন তবুও তুই তুই জিয়েনো তিচ্ছে প্রথমেই এনো দিবি
/kaggle/input/regspeech12/test/test_sylhet_0139.wav,কেন আপনি আপনার বাসায় আর কে আপনার কিছু আমরা জিকাইয়োগ আপনার ভিন্ন বিষয় যদি মাত্রা আমরা লেগে সুবিধা
/kaggle/input/regspeech12/test/test_habiganj_0058.wav,আমি তোর লবণ ঠিকই দিলাম ই লবণে তৈরি সিদ্ধাবনা মাইজার লবণ দিত স্তরে দিয়া দিকে হামলে ঝুঁড়েছি রান্দায়
/kaggle/input/regspeech12/test/test_sylhet_0326.wav,বই কিনিয়া পড়তাম ফার্সিনা গড়িয়া জীবনে আসলে আমার পরার মনে হয় অর্ধেকের বেশি অংশ ফাঁকা রয়ে গেছে এখন বই কিনতাম ফার্সিনা
/kaggle/input/regspeech12/test/test_narsingdi_0076.wav,দেখ তিকটিকে সারি দিয়েছে আমরা নাকি কিছু চিঠি কথা করছি তোর কেন ধরছে সত্যি কথা দেখিস না এটা আমি আমার চিন্তা করতেছি মানে শুধু বেলা বুঝে আছি
/kaggle/input/regspeech12/test/test_sandwip_0031.wav,ধান্দা জিনিসটা নেয় না তুলনামূলক দরঃ জাহিদের অঙ্কে বোধ হইছে বয়স হইতে তিন বয়স হইতে আরও অসংসারিক দান ধান্দা যাইবে ভিতরে পিসি খুঁজছিয়া বাজারে গেলে আয়া গোছে গিয়েছেন
/kaggle/input/regspeech12/test/test_sylhet_0636.wav,অন্য তিনজন
/kaggle/input/regspeech12/test/test_sylhet_0010.wav,স্নানটান করিয়া কিচ্ছু না খাইয়া আমরা অঞ্জলি প্রদান করিয়া কিন্তু আজকে মন্ত্রোজ চান করিয়া অঞ্জলি প্রদান করে প্রসাদ হওয়ায় এদিন অর্ডানের আবিষ্কারে আবিষ্কার না দুই দিন খাওয়ায় আর কে বই ঠাকুরের কাছে বই নিবেদন দেওয়া ওই থাকা কলমে দিন আমরা পড়াশোনা করা হয় না
/kaggle/input/regspeech12/test/test_narail_0014.wav,তারও তো জমিজাতির ভাগ আছে না সে যদি কয় জামাত জমিজাতির ভাগ দাও সে যদি নীতি আসে আমি তার তো কোন রকম আছে তুই জমিজাতির ভাগ পাবে না সে আসুক সে আসে কোক জামারেনি জমি দে আমার অন্য জমিদে আমি ভাগ্য তুই তুই পারলে নিয়ে যা তোর হক আছে কিন্তু তুই এই সমস্ত কথা বলবি কেন
/kaggle/input/regspeech12/test/test_sandwip_0012.wav,আর না রাত কেকানা কথা দুই লজ্জা হয়েছে অনার সাফল্যের জন্য মোবাইলের কবে তো জেনে নিই একবার যা দিছি যাই দিয়ে চাইছিলাম
/kaggle/input/regspeech12/test/test_narsingdi_0108.wav,এটা সুন্দর লাগায় প্রথম ম্যালে আমার এটা বেশি ভালো লাগে
/kaggle/input/regspeech12/test/test_narail_0008.wav,মাসে তো সালদেরও কলা মাসে তো সালদে সরাসরি ক্ষতি কইরেছি না সুমন বলে এরকম কিছু কিনে সুমন নিজেই কইছে আমি শুনেছি সুমন আমি মাসেতো বাইরে ফোন দিচ্ছিলাম
/kaggle/input/regspeech12/test/test_sylhet_0032.wav,দিন ও সেম এইভাবে ঠাকুরের পূজা টাইমের ভিতরে কিন্তু আমরা পূজাটা হয় তৃতীয় আছে ও তৃতীর ভিতরে অর্থে তৃতীয় দরেন্দ্রন দশটা তিন নটা পঞ্জিকাল লেখা থাকে ও টাইমে মৃত্যু বোঝা করে তবু তার মুখে যা শেষ হয় সেগুলা মঞ্জুরি দেওয়ার পরে আমরা আবারও প্রসাদটা খাইয়া রঞ্জুরিও করি
/kaggle/input/regspeech12/test/test_sylhet_0038.wav,রাস্তা সবাই একসাথে যেন ওজন চৌহাট্টা প্রেসে না গিয়ে সবাই একসাথে সব মূর্তি একসাথে মিলিত আমার আবার যার যে সিলেটে চৌহাট্টা আছে না চৌহাট্টা নাইও দক্ষিণ সুরবাজিনের হানাতে আছে এখানে গোয়ানাটা নদী আছে অনেকে আমরা পরে এতদূর পুকুর আছে
/kaggle/input/regspeech12/test/test_tangail_0077.wav,বুঝতে পারে পরে আস্তে আস্তে হালকা হালকা নাড়াচাড়া করা শুরু করে মানে সেন্স কাজ করা শুরু করে পরে শিউলির মা কলেজের লেক্টর আর তাঁর পক্ষের হাসপাতালের খরচ চালানো আসলে সম্ভব হইতেছে না
/kaggle/input/regspeech12/test/test_sylhet_0717.wav,অনেক সম্মত মুক্তিটুসি যায় মানে ইলান হইতে পারত না নাকি তেহরুম কিচ্ছু কিটা
/kaggle/input/regspeech12/test/test_narsingdi_0043.wav,গরমা অনেক হারেনটা তো যায় না মায়াই কথা দিছে বাবা কারেন্ট হাই হয় না তুমি দায় পেয়েছান সেটা কেন বুঝো না পাড়াটার রাতেই মাই নিচে অনেক ঠান্ডা উকরা গরম
/kaggle/input/regspeech12/test/test_kishoreganj_0197.wav,কিছু পদার্থ ব্যাস ভয় পাতে দাও ভয় পাতে দাও কী নাসি আমি এখনই বুঝতে পারি না বুবুর মানে মানে ডাক্তার এবং মানের প্রতিদিনের কাছে যেন প্লেসারে গিয়ে এসে যেতে প্রস্তুত করতে পারিনি
/kaggle/input/regspeech12/test/test_rangpur_0024.wav,খুড় দিয়ে খুড় দিয়ে খেলার কথা
/kaggle/input/regspeech12/test/test_sylhet_0240.wav,অনুয়া নিয়ে আমার ভাইয়া ভর্তি পরীক্ষা দেওয়াইছেন ভর্তি পরীক্ষার টিকার পরে অনু ভর্তি ভরাইয়া হোস্টেলে দিয়া গেছে ও যে বাড়িয়া আইসি আমি হোস্টেলো ও স্টিল নাও আমি কখনো বাইরেও আছি আহ যাওয়া হয়েছে না ও আমার জীবনের লাস্ট বাড়িতে গিয়ে বাইরিয়াইছিলাম দুই হাজার দুই সাল পরীক্ষার বাদে
/kaggle/input/regspeech12/test/test_tangail_0023.wav,কান্ট্রিগুলোয় অনেক শীত থাকে ওই ক্রিসমাসের সময় অনেক মানে তারা ওই শপিং মলে যায় গ্লাভস কিনার জন্যে কিন্তু কেউ কারও ধনে চিনত না দুজনেই তোরা কেউ কারও চিনত না
/kaggle/input/regspeech12/test/test_barishal_0089.wav,কোকন রোমটা কই রাইবে ও তিন ঘণ্টা করিবে আর মূল্যের নামে আধা ঘণ্টা কোকন হয়ে আধা ঘণ্টা যা থাক নু হেইও তিন ঘণ্টা হিরু করিবে না
/kaggle/input/regspeech12/test/test_rangpur_0067.wav,নাগো যাই আজকে বোধহয় ডিম ডাইল আবার ভিড় ভর্তারতা মাছ আছে
/kaggle/input/regspeech12/test/test_sylhet_0207.wav,আর বাবিন আসিল তো করো সাইফ আছে নামারিটা কাগজ করা লাগত না এত মনে মনে ভাবত যে হুড়িগু কোনো বাবিরা ভয়াবহ খাওয়া সাসপার্ত না মানে অনেকেরও অতা প্রশ্ন থাকত
/kaggle/input/regspeech12/test/test_narail_0144.wav,আমার কাছে আসার কথা ছিল তুমি আমার কাছে না এসে তুমি বাড়ি চলে গেছিলে জন্য আমার লাগেছ আমি হলে ইংল্যান্ডে যাচ্ছি আমারে জ্ঞানামূলক দেবে দেশের সাথে
/kaggle/input/regspeech12/test/test_sylhet_0059.wav,কাছে চলাচল অন্তর মারা আদায় লিল গাড়ি লাগে বাহিত সুখ বাহিত সেতু অন্যেন এর কারণে পরে মাথাইতে বাইরে বৈনা দায়ীদের মার খাওয়াইত অসম্ভব বাহিদ দক্ষিণিয়ান তাঁর প্রতি আমরা অনেক স্পষ্ট রানী এগুলো খোয়ার মতো না এগুলো খোয়াত না গেলে তাই শান্ত
/kaggle/input/regspeech12/test/test_sylhet_0274.wav,এক সেমিস্টার যাওয়ার পরও সেকেন্ড সেমিস্টারও আমার ভাইয়া হইলে আজ প্রাইভেট করাই তাই নাই ভাইটার অর্থ হইল গিয়া ভাই নিশ্চয়ই আমার বই কিনিয়া বা আমার যে ফলশ রুজ দিয়া বায়ু টায়ার ফিল্ড করে তার নিজেও তো একজন স্টুডেন্ট
/kaggle/input/regspeech12/test/test_sylhet_0254.wav,আপনার বৈনয়ের সুবিধা লাগে আমার বৈন্য অসুবিধা আমরা তৈরি করতাম না তাই যেহেতু ও আইয়ু পরীক্ষা তো বালা রেজাল্ট করিলিসে আমরা দেখি তাই আরেকটু ফুর্ত ফারে কি না আরেকটু দেখিলাই মানে ই ধরনের লুপ দিয়া আমার বইয়ের লাইফটা নষ্ট হইলে যেন ইটা তাই টিকল তাই পড়াটা মন্দির
/kaggle/input/regspeech12/test/test_narail_0065.wav,ওই জমির ঋষিই তো ওই জমির দাগেই এনে একটু পাবে বাগে ওই জমির দাগে অ্যাডি তাই তো ওই দাগের জমিয়ে দেখা
/kaggle/input/regspeech12/test/test_sylhet_0006.wav,মানে এইটে তোলা আলাদা এক কোড দেওয়া আমরা এগুলো যাই আমরা তাদের অভ্যাস হয়ে গেছি গন্ধ তেমন একটা লাগেনি
/kaggle/input/regspeech12/test/test_sylhet_0044.wav,কাগজ কলম পার করিলাম একজন
/kaggle/input/regspeech12/test/test_chittagong_0036.wav,পরীক্ষার তো আজ ভেবে নিতে ঘুরবি ওরে আমার না রে পরীক্ষার বালগ্য ফোন করলে আইফোন লোড দিব কেন আইফোন না আইফোনের প্যাঙ্গোলেও যেতে হবে নাই দুফোন পাইনিও সন্দেহ হবে
/kaggle/input/regspeech12/test/test_sylhet_0443.wav,নিজের ভাষা কিন্তু বাড়াটে ডুবাইয়া আমি আমার যে তিন ঢু আমিও আমার ভাষা গড়া দিছি হল কোনো নয় হাজার টাকা ভাড়া আনিয়া অন্যতা আরও টাকা কুড়িয়া করেছেন তাকে নিজের ভাষার তাকে নিজের ভাষার তাকেই মনে হয় আমার বড় জাল আমার জামাইর বাই বড় জল থাইনো বাসা গড়াতে এখন স্বপ্নাও
/kaggle/input/regspeech12/test/test_rangpur_0029.wav,আগের ওটাও মোট এসেছিল আলাদা সকালবেলা ভোরে মুখ ঘষ্ত করতে দাঁত ঘষ্ত করতে চুপ লুলতে লুলতে যাওয়া পথের বাড়ি
/kaggle/input/regspeech12/test/test_narail_0096.wav,ওর সাথে যতটা কথা হয় সেটা আমার সাথেও তোমার ততটা কথা কোনোদিন হয় নাই একটা উদাহরণ মনে হয়ে গেল উদাহরণটা খুবই বিস্তৃত এবং বাজে বাজে উদাহরণ নাড়ুতেও দিতাম তোমার না হলে দিতেছ ঠিক আছে প্যালেট দিয়ার দরকার নেই
/kaggle/input/regspeech12/test/test_rangpur_0122.wav,পাতা ডাল শাক পাতা শাক পাঠশাক আনীশ পাঠশাকে যে দাম
/kaggle/input/regspeech12/test/test_sylhet_0166.wav,ভোগেন মর্তুন
/kaggle/input/regspeech12/test/test_narsingdi_0026.wav,শান্তরে দেখ কত সুযোগ দিল এখন যাওয়ার প্রমাণ কথা জানাওয়া এক পারে লিটন দাসে দেখ কত ট্রল করল কিন্তু এই গত এক দেড় বছরে সবচেয়ে বেশি রান লিটন দাসের বাইরের দেশের প্রাদেশের সাথে ওরা এখন তুলনা করাইতেছে
/kaggle/input/regspeech12/test/test_sylhet_0410.wav,বাপের বাড়ি সবই আছে বাড়ি বোন মা বাপ সব বাপ মারা গেছেন আজকে সাইফ ভোজ রয়েছে আমার বই জানা তারা এখন দাহাও তারা দুই স্কুল করে স্কুলে গিয়েছে তারা জানিতেছে আপনি বড়ই নেই সবার ব্যবসার ব্যাপার করেন আমার একজন আসেন বই পাইলে তাক হয়
/kaggle/input/regspeech12/test/test_narail_0040.wav,এসব সংবাদ ভাবুন না আমিও এটাকে সংবাদ দেব
/kaggle/input/regspeech12/test/test_rangpur_0027.wav,আমার আগে তো খাস্যই যে পটুয়াত কলার পাতার কলার ঢেসকে গুলে খাসল
/kaggle/input/regspeech12/test/test_sylhet_0738.wav,আচ্ছা তা আপনা হই সে সম্প্রদান কন্যা সম্প্রদান করেননি এটা মানে আপনি নিয়ে ওনার সাথে ও রাত্রে ঘুরে পাঁচটার জন্য যে গোবর তারপর জামাইরা তার খুন নানা দেখানো দিয়া জামাইয়ে বানাবা
/kaggle/input/regspeech12/test/test_narail_0172.wav, আছে রাসে বলো ওরে বা ভালো নয় জম্বের গরম গরমে শরীর খারাপ হয়ে যে ওনাকে ডাক্তার দেয়াইছে আরে এত রোদ দূরোনি ইংহারেও সে রোডের কাজ পড়িছে
/kaggle/input/regspeech12/test/test_tangail_0103.wav,আমার অন্যতম একটা ফেবারিট মুভি ওর খালি লাইন্ডার্জিলি গাই যার সাত সালের মুভি আমি মাত্র দেখলাম কয়েকদিন আগে আমি যেই মুভিগুলোর মানে স্টোরি শেয়ার করলাম এই মুভিটা আপনি চাইলে দেখতে পারেন
/kaggle/input/regspeech12/test/test_sandwip_0113.wav,তুই তো মায়েও এলে তোর ঘৃণাই হইতে পারি না তোর বিয়ের বহুলা ঘৃণা কেন করতে বহুলা দেখাইয়া তাই নেগজে আর নতুন শাইকেল্লো দিচ্ছে বায়েস্তের জন্য দিচ্ছে নতুন শাইকেল্লোয় বাড়ির মধ্যে আরও বাচ্চা গুণাতে যে এগুলো যে যে কাজিকারি কুদে কদিনের বেজ্যে কদিনই একজনের বেজ্যে একদিনের বেজ্যে এভাবে দিন কাটাতেছে মাথার প্রতিক্রমিত
/kaggle/input/regspeech12/test/test_narsingdi_0003.wav,কার লেখা কারের সুযোগ দিব এটা তো ইন্ডিয়ার মতো হয়ে গেল ইন্ডারদের যেমন একটা প্লেয়ার একবার বসলে আর খুব সজের দলে ঢুকতে কষ্ট হয় বাংলাদেশেও এরকম হতো আমাদের ইদানীং তো ভালো ভাবি হত না সবাই ভালো ভাবি কিন্তু আজকানে শুধু এই আফিফ
/kaggle/input/regspeech12/test/test_tangail_0011.wav,এই সময়টা আসলে আমরা সবাই চাই এরকম একটা সময় যা আমাদের ক্যারিয়ারও ঠিকঠাক চলুক আবার দিকে লাভ লাইফটাও ঠিকঠাক চলুক যাহোক কুইন্স তখন একবারে জনপ্রিয়তার তুঙ্গে কিন্তু ফ্রেডি মার্কিউর নিজে বুঝতে পারল সে
/kaggle/input/regspeech12/test/test_narail_0076.wav,তা ওনার কি ওরা তো কোনো কিছুই তো টিকতেছে না মায়ের বিয়ে হয়ে গেছে ছোট মায়ের যে ক্যান্সারের সে বুকি
/kaggle/input/regspeech12/test/test_kishoreganj_0165.wav,গাছ হচ্ছে গাছপালা গাছপালা ইত্যাদির উপর বিন্দু বিন্দু জমে থাকা পানি বা শিশি পানি বা শিষি প্রায় পিছিয়ে পেলে সকাল
/kaggle/input/regspeech12/test/test_tangail_0048.wav,মানেইও করতে পারে হিংস্র হয়ে যেতে পারে পরে এরকম করতে করতে ইরফান খান ব্রাইচা থাকার অনেক টেকনিক শিখে সাগর থেকে মাছ ধরে ওই মাছ নিয়ে
/kaggle/input/regspeech12/test/test_narsingdi_0085.wav,সোপ্তল্যা প্ল্যান করেন আমি সব ছুটির মধ্যে বাজবাবু ঘুমাই হুনাস না করে একটু এলে মনে হল ঈদের দিন কোনো প্ল্যান্ট বন্ধ কেন না ঈদের দিন তো বাপ মায় কোনো ভাই লয়েই যাইতে চায় না তাও আবার আমরা দুই ডাইভেও শোনো যাবি আমার ফাজদোনার কই জায়গা
/kaggle/input/regspeech12/test/test_chittagong_0001.wav,কারণ এই বাড়ির ক্ষণিকে দেহিলি মাতন পরে একখানা বেড়াই ধারণ পরে হারান
/kaggle/input/regspeech12/test/test_sylhet_0448.wav,আমি জানা না ওকে দিলে পেয়ে দেখি আবার মান্নুর ভোগী ও পাশাক মানের ভাতা হয়ে গেলেন তখন যাইবার কি করব তুই ভুয়া মেটেরিয়াম বাড়ালে বোতাম দিবি তুমি তাকে দাও পাঁচ হাজার টাকা দিলে তারপর আমার একটু সেই হইল টিকা আর আমি একলাকুই বেটিকে অপম্বপূর্ণ মানে না
/kaggle/input/regspeech12/test/test_tangail_0109.wav,তার বোনের লেহেঙ্গা চাইছিল ওস্তাদের কাছে কিন্তু ওটা খবরে দেখিনি এখন ওটা ফেসবুকে দেখছি এখন ওটা কতটুকু বিশ্বাসযোগ্য ওটা বলতে পারি না তাদের কি মনে হয় যে ঈদের আগেই কেন আগুন লাগে সব সময় প্রতিচারে
/kaggle/input/regspeech12/test/test_sylhet_0306.wav,বাদে ওতাইন সিলেট রাখার ইউ দিলা আমি তো হোস্টেলে আছি যে আমার এখন টার্গেট উল্লেখ গিয়া সরাসরি হোস্টেল দেখি তাই ওর বাসার যেই মুখ ইসে ময়ল কুরবানির গিটাসিল আর গেছি বাড়িত যাওয়ার পরে
/kaggle/input/regspeech12/test/test_narsingdi_0089.wav,দরজা লাগায় জানলা লাগায় উপকার পাওয়া যায় কিছু জানলা এবং জান্না লাগায় কিন্তু বর্ণায়ী জান্নার হক দাঁড়াই তো নাও কয়েল আমি অনেক জোরে জোরে জোরে দাঁড়াই তোর জন্য বেশি প্রিয়া গান বাজানি শুরু করব
/kaggle/input/regspeech12/test/test_tangail_0097.wav,সকিনা কখনো শকিনা ও ইরান বিটির কাপড়ে কখনো আর ফ্রেন্ড হিসাবেই দেয় সবসময় সখিনা তাও আশা ছাড়ে না হঠাৎ একদিন ঈমান আসে সখিনারে ঈমান কথা দিতে হল যে এই ব্রিজের এইখানেই আসবে ঐখানে একটা ব্রিজ আছে
/kaggle/input/regspeech12/test/test_sandwip_0049.wav,ওই ইন্দ্রিয় দেখার আলোকে খুলেছে
/kaggle/input/regspeech12/test/test_kishoreganj_0177.wav,অরেঞ্জ যত কমলা কালার অরেঞ্জযত কমলা কালার
/kaggle/input/regspeech12/test/test_narail_0138.wav,ইউরোপে না যাতে পারলে শান্তি নেয় দুবাই সৌদি এখন এগুলো বাংলাদেশে বসে মাস গেলে দেড় দুই লাখ টাকা বেতন আসবে সাত থেকে আট লাখ টাকা খরচ হবে যেতে
/kaggle/input/regspeech12/test/test_comilla_0019.wav,কেউ না কেউ ছিল কারণ দোলনাটা আমরা যখনই যাই এক মিনিটের জন্য ফ্রি থাকান বাচ্চারা সবাই কাড়াকাড়ি করে তারপর কে উঠবে কারেন্টের সবটা কোন মুহূর্তে লাগল আবার রোহি যখন যায় ওরা স্পর্শ করল যদি ওর শরীরে কারেন্টের হইয়া থাকত তাহলে তো রোহিরও কারেন্টের শট করত রোহিরও কারেন্টের শট করে নাই
/kaggle/input/regspeech12/test/test_sandwip_0008.wav,কত ভাবিয়া দেখব নিম্নভাবে আমি জানি তো কথা হল না আমার ভাই মুগলুল্লাহ সালাম আসা আসা গেছে স্যার একবার লোভের সুখকর করছে হাসনালে রেগে গেছে
/kaggle/input/regspeech12/test/test_habiganj_0014.wav,মিলার অত ভদ্র হইতে লাগে যেন ভদ্র দেখা গেল অতটা ভদ্র নাইলাই বড় না বেশি ভদ্র আসল
/kaggle/input/regspeech12/test/test_sandwip_0081.wav,কেন আবাদ ইন্ডের মানে কিচ্ছু দেয়নি টানা বাতিন্নের মতো
/kaggle/input/regspeech12/test/test_kishoreganj_0195.wav,টর্কা বা তাইবান ঘুরিয়ে বিদ্যমান
/kaggle/input/regspeech12/test/test_habiganj_0017.wav,বেড়া যায় মুক্তরাধন বেড়া যে বেড়ার পন্ড দুর্বল পরপর তিন ফুলার বেড়া হয় রেকর্ড বামান্দি গ্রাম হয় বামান্দি ব্যাংকের ডি হাঁজা হয় বেড়াতে ফুলা জোগাড়িতেইছে
/kaggle/input/regspeech12/test/test_sylhet_0215.wav,যে প্রায় পাঁচ ছয় গ্রামের মাঝে প্রচুর পুরুষ লুকাচেল যারা চাকরি করত বিভিন্ন লেভেলের চাকরি তারা দৌড় পুষ্ট কিছু হই চাকরি করত তত হাইস্কুলও চাকরি করত তত ব্যবসা করে যে চিঠি করত কিন্তু মহিলারার সাথে দেখলাম যে কেউ চাকরিজীবী নাই সব হাউস হয়
/kaggle/input/regspeech12/test/test_chittagong_0066.wav,হায়ুস না কিছু হায়ুস তো তিহায়ুস বৃষ্টি বৃষ্টি করেন না বৃষ্টি আয়ের আজ যার আলাম মেঘলা করিয়াছে ও
/kaggle/input/regspeech12/test/test_barishal_0027.wav,এই এক ফিরের কাম্পার সেম্বর পোলারে মোর মাথায় মুই মনে করে মাথায় আর দিশি যে পোলার যে বাঁচতি আছে এখনো দুই ফিরে এক ফির মিস গেছে এই দুই ফিরে ড্যাক্স ফেটে খাওয়াই থাকে
/kaggle/input/regspeech12/test/test_comilla_0028.wav,যেদিন মারা গেছে ওইদিনে ইউনিম্যাডামের সাথে উনি বলছে যে আমার মেয়ে তো চলেই গেছে এখন এটা আমি কারও উপর কোনো অভিযোগ রাখতে চাই না এরকম বৈলায় উনি আর কোনো তদন্তের জন্য বা অভিযোগের খাতিরে বা কোনো কিছুরা ইয়া করেন রাখে নাই
/kaggle/input/regspeech12/test/test_tangail_0072.wav,নীরব চলতে তুলতে প্রায় এক বছর করুণ ধাওয়ানের নানা চাকরির প্রতি আর ঘুষ নাই মানে ও সবসময় কেমনি ওই শিউলির কাছে যাব কেমনি ওর সাথে কথা কবর কেমনি সেনসিস প্রিয়ান্ট বা এরকম ভাবে আর কি ওর লাইফ চলতে থাকে
/kaggle/input/regspeech12/test/test_tangail_0009.wav,আগায় যাইতে থাকে তারা বড় বড় ডিল করতে থাকে নতুন নতুন অ্যানগ্রাম বাড়ি করতে থাকে কুইন্সের একে একে পৃথিবীর কুইন্স ব্যান্ড যেটা থাকে একে একে পৃথিবীর বিভিন্ন দেশে কনসার্ট করতে থাকে
/kaggle/input/regspeech12/test/test_chittagong_0058.wav,হ্যালো কেন আছো এই তো ভালা আসছি কেন চল এই তো ভালা কী রূপ দেয়া হন আয় এখন বই আসছি তুই কি দর হাইও বই আছি
/kaggle/input/regspeech12/test/test_barishal_0017.wav,হাহে পাহে খাওয়ানোর চেষ্টা করতে হইবে আর আমার ওই হোম মিনিস্টার খুব চালু লোক যারা যদি আজকের বেলায় না খাবে রাত্রেও ধাওয়াবে না
/kaggle/input/regspeech12/test/test_sylhet_0106.wav,বইটালিকের যাই দোক্ণবাই তোমার পুরুষের ন্যায় না খান করি ঠিয়ার ছুড়ে হত্যা করি আমি বিষয়টা আছি এবং সাঈদে এবং আমি গর্ব রাখতে দেবি গর্ব রাত দোকানপাটি দুটা জিনিসের লেগে মাটিতে যাইব ছাড়তা আছে না
/kaggle/input/regspeech12/test/test_sylhet_0616.wav,আনু হাওতে মজনু আঙ্কেলের মেয়ে ছোট মজুর আঙ্কেলেরও বলে ট্রান্সফারে গেল বিয়ানীবাজার আমরা ডাকাতের খেলা
/kaggle/input/regspeech12/test/test_sylhet_0503.wav,দুনিয়ায় খেলা হইয়া ইতিহিতা দেন আমরা কত ভিড় আছেন বাড়িতে আমি জুড়ে ধরিয়া দাঁড়িয়া দাড়িয়া যাই জুড়ে দড়ি হচ্ছে কুচিতরে বাসা করিয়া দিলাম না মায়া খালি দেখিয়া দিলাম খুলিয়া বল বাবা তাহা আছে এক স্তন্তকরণ্ত্রী আলী চলিয়া যাইবেন মায়া হল ঝুলিদে হানিয়া যাইবে টেক্কোইয়া মন্ত্রীটা হাইনি নিতুনবালা অনলাইনে পুরস্কার করল লোক মরাল রাখিব এবং নিয়া বিড়ম্ন মায়া ছিলেন নাই হিনরুর বৈধ সাহাজের হানির সাহাজের মাহীরের মাহীরের মাহীরেরের মাহীরেরের ধর্মালীরেরেরেরেরেরেরেরেরেরেরেরেরেরেরেরেরেরেরেরেনেরেনেরেনেনেরেনেনেরেনেনেনেরেনেনেনেনেনেনেনেরেনেনেনেনেনেনেনেনেনেনেনেনেনেনেন রারেনেন্ন রারেন্ন রারে
/kaggle/input/regspeech12/test/test_sylhet_0421.wav,মানে ম্যাডামিওলান বড় সাধের সঙ্গে যে আমি পারব লইয়াও আর এর আগে দুইবার বুল অপারেশন করছে আমার ডাকাত মেয়ে
/kaggle/input/regspeech12/test/test_tangail_0100.wav,মানে এটা কি বলব এটা আসলে অনেক সুন্দর একটা লাভ ওয়ানসাইট লাভ তো এই ছবি দেখবে লাস্টের দুটা লাইন আছে খুব
/kaggle/input/regspeech12/test/test_sylhet_0082.wav, আমরা নেমে আইসিরিটে ফার্স্ট প্রস্তাব করিয়াছি স্যার ভিসার আসলে উনিই শ্রেষ্ঠ নায়না থাকে কেননে বলা হয়েছে আমরা যাচ্ছি কথা মারি না
/kaggle/input/regspeech12/test/test_sandwip_0109.wav,সাহিদের দেখতে যাই ওগুলোও তো দেয় না তাহা এদিকে দেখছি নেহ এতে অন্যান্য মাস্টাররা যে রকম সাহুলানের একের বইয়ের দেহে তৈরি করেছেন এক দমনেই সাহা বিদ্রোহী হওয়ার আগে এগুলো
/kaggle/input/regspeech12/test/test_kishoreganj_0152.wav,উদ্ভিদের দেহে প্রায় নব্বই ভাগই পানি প্রায় নব্বই ভাগ প্রাণী উদ্ভিদের দেহে প্রায় নব্বই ভাগ পানির উদ্ভিদের দেহে প্রায় পাকার পরে এগুলোর রং হলুদ বা সোনালী রঙ্গে হয়
/kaggle/input/regspeech12/test/test_narsingdi_0035.wav,ডাউন হয়েছে এক শো চল্লিশ টাকা কুনের দাম বাইরে এক এক সাত সাত স্টক বাড়েরও দাম বাড়ছে কাপ আইসক্রিমেরও দাম বাড়ছে কুন ছোকবারের দাম পাঁচটিয়া বাড়ছে বৈনিক পাঁচটিয়া অনেক কিছু অনেক দুই একবার আর দাম গেল অনেক
/kaggle/input/regspeech12/test/test_sylhet_0476.wav,গুলি এসব মান্নানী লাইবারের মতো সাবস্লিস্টিও আর্টিক নাই সারাটা দিনে কয়টে হার উজ্জ্বল করে তোমারে দিচ্ছে ভ্রমণ করিয়া যেন হারে ও ইটে ফাঁকা বাদি যাইলে না যে বাহিরে অ্যান্ড্রোলন করিয়া না হলে আমরা আগেও আমরা পাইবুন উনাজিমের মোহাফ্বত বেশি
/kaggle/input/regspeech12/test/test_sylhet_0084.wav,ষপদ অনেক কষ্টে কিন্তু আমার কারণে তাই প্রাণ নষ্ট হয়েছে কারণ তাই মা এমন বিশ্বাসী আসে আমার উপরে আমি যদিন ভর্তি হইতে তাই ভর্তি আমি যদিন না হইতে তাই ভর্তি হতে পারি আমার বাবারের সময় পাওয়া ভঙ্গি গেছে এখন আমার এই ভাইয়ে মাত্র আমার বইের বিয়া হয়েছে আমার ভর্তির সময় বাবারও পাওয়া ভাঙছে অতাকরণে ভাইয়ার কোনো হলেই অগ্রাত বাড়া নেই
/kaggle/input/regspeech12/test/test_habiganj_0069.wav,হায়দার আলী ভদ্রনাচা দুই চা ভদ্রনাচা কোন দিকে বডির লিগে ইতিতে ধরছে যে অনামিকা সেন্টারে ইবেডিয়ারা
/kaggle/input/regspeech12/test/test_sandwip_0089.wav,অন কাইছে
/kaggle/input/regspeech12/test/test_sylhet_0318.wav,শ্রী শ্রী তো সুখ আমার নিজের যেগুলো মশারি মশারি অত্যা আছে সিঙ্গেল লাইফের সিঙ্গেল লাইফেরও তা আনিয়েও কলযোগার লাইফ শুরু করছি মানে বাপের বাড়িতে কেউ কিছু দেওয়া হয়েছে না শ্বশুরবাড়ি থেকেও কিছু দেওয়া হয়েছে না দুইজনও ছাত্রর মতো অবস্থা
/kaggle/input/regspeech12/test/test_barishal_0029.wav,এই হেতনা গয়না রাখে একবার আনলাম না একটা আছে কিছুই ছিলাম যে খাওয়ানের শেষ হওয়ার একদিন আগে আমার কবির দিন শেষ এটা আরও তিন ছেলে আমার কষ্টে আর আমি খেয়াল করি আমি বলি
/kaggle/input/regspeech12/test/test_kishoreganj_0041.wav,হ্যাঁ উঠ না
/kaggle/input/regspeech12/test/test_kishoreganj_0168.wav,বাষ্পতিকে বলে বাষ্পতিকে বলে পরিণত ওয়াকে গণিত হকে গড়িম মোসল বাষ্পতিকে তলে পর্যন্ত হওয়াকে গণিয়ে ভবন বলে
/kaggle/input/regspeech12/test/test_kishoreganj_0061.wav,তপাতে তবা তবায় অবাধ ভিজে দিয়ে তবা ভিজে তবা ভাব ভিজে যেতে পারব তবার ব্যাপার তোমার ব্যাপার নেব আগে মনে উঠিলে গেল
/kaggle/input/regspeech12/test/test_kishoreganj_0016.wav,আমি যে কুষ্টিতে ইট বেড়াতে তাক যাতে না তোমাদের রাস্তা করে লাভ দেখি তোলা ইয়া ফার্টিকার লাগা দুই তিন হারে বালু দিল দেব বেশায় আমাদের দুই লম্বা জোরে
/kaggle/input/regspeech12/test/test_habiganj_0067.wav,টান থাকলে একটু বাসায় চেঞ্জ হয় না যেমন সিলেটের আলাদা একটা বাসায় একটা টান আছে তাই আমাদের হৈমাদারি প্রাইভেট হসপিটাল হয়েটা আছে জানাও
/kaggle/input/regspeech12/test/test_kishoreganj_0118.wav,ভালা বাড়ি আমরা গেছি বাদম কিবু ভালা ফলা গাছপৃঙ্খলা গাছপৃঙ্খলা বেঙে একাকালা সাফের এভাবে খাদ্য শৃঙ্খলা এভাবে নীচে কোন খাদ্য শৃঙ্খলা সত্যিকার যেন যে বুটে হবা
/kaggle/input/regspeech12/test/test_sandwip_0009.wav,কী অবস্থা ভালা নেই তোর ব্যাগে জ্বালানি দিলে ফরাস্ট রোডের দিকে ধরিবে
/kaggle/input/regspeech12/test/test_sylhet_0206.wav,তেরো চৌদ্দ বছর এগিলে তারা গ্রাম্য মানুষ তাই ওর বিয়াল লাগিয়ে প্রত্যুমানুষ কৈন্যা দেখা তাইলে কৈন্যা মিটিয়ে হারি ফাতিল মানজাইতে পারেননি তে গোয়ালেস্তা পারেননি
/kaggle/input/regspeech12/test/test_sylhet_0692.wav, কখন তো বাড়ছেন তো মোবাইল টিভিটার বিভিটা দিতে পারে তখন তো আমরা শুরু করলাম
/kaggle/input/regspeech12/test/test_kishoreganj_0179.wav,কোমলা গালা অরেঞ্জ অর্থ তো কোমলা গালা বরেঙ্গ বিশ কিলোমিটার বিশ কিলোমিটার
/kaggle/input/regspeech12/test/test_tangail_0089.wav,এই ছবিতে আরেকটা বিষয় আছে এই ছবিতে আসলে মানুষ তেমন নাই খুব অল্প মানুষ নিয়েই ছবিটা মানে মেক্স করাইছে আপনি পুরা ছবি দেখলেও মানে হাতে গোনা মানে দশ জনেরও মনে হয় কম মানুষের নিয়েই ছবিটা মানুন
/kaggle/input/regspeech12/test/test_kishoreganj_0087.wav,আলি থেকে আছে কিন্তু এটি কাটতে মিষ্টি লাগে কিংবা লাগে কাইতে
/kaggle/input/regspeech12/test/test_kishoreganj_0025.wav,আর আমার তো এক আইডি কার্ডের লাগে তো অনেক গুরুত্ব আছে ফুস্ট বিশেষের লক্ষ্যে যাতে যে ফাউন্ড এমন ভুলে নিক্ষয় আমি সব করেই সুন্দর যা দেওয়া যা ভুল করেছি এরা একটি ব্যবসায়
/kaggle/input/regspeech12/test/test_chittagong_0062.wav,হয় কী হয় ভর্তিত্বা দিবে হ্যাঁ না তো হলে রিসোভার নদী এ ছাড়া অত্যন্ত লম্বা পরিবেশা নইলে একটু কলের মতো ভর্তিত্ব করিবি তো ওহ হয়তো এখন তার হাত ক্যাংরোগু
/kaggle/input/regspeech12/test/test_chittagong_0152.wav,কান্দা ভাড়া রেগে একটু বেড়ে রেগে
/kaggle/input/regspeech12/test/test_tangail_0024.wav,দুজনে আবার একই সাথে একই গ্লাভস পছন্দ করে যেটার আর কোনো কপি নাই মানে জোনা থান বলতেছে সারা রেণীটা সাড়া বলতেছে জোনা থানে রেণীতে কথাটা চলতে চলতে একসময় এক
/kaggle/input/regspeech12/test/test_sylhet_0713.wav,তাকে আজকে যার হিসেবে কিছুই তো আমরা লাগানো
/kaggle/input/regspeech12/test/test_narail_0034.wav,উনি যদি পারেন আমার হওয়ার দরকার নেই ওরা না থাকবে না তুই চাকরিটা ভাস নাকি তাই দেখবি না
/kaggle/input/regspeech12/test/test_habiganj_0012.wav,আমি আজকে মাংসের মাঝে একটা হামুর দিয়ে সেরে বেসেবা অবস্থায় আছি লেগেছে ভাই তার চিনে
/kaggle/input/regspeech12/test/test_barishal_0081.wav,হেই মোর কথা হেই অনেকে হেইয়ে বোঝে না জির দুই ঘণ্টা ঘিরে এলেও ওই আসরের আজান দিলে হাগু কান খায়
/kaggle/input/regspeech12/test/test_sylhet_0179.wav, পড়াশো রকম তারা সে আজকে মাকে তার সামনে উঠে চলে আজকে যা বোধসম্বয়ের নগদ কথা মনে হয় না বুঝি আল্লাহর রহমত থাকলে শুধু ইনকামুও সুখ হয়
/kaggle/input/regspeech12/test/test_kishoreganj_0008.wav,হ্যাঁ কেন মানুষ কিছু ব্ল্যাক একদম ব্ল্যাক
/kaggle/input/regspeech12/test/test_sylhet_0509.wav,ষপদ আমার ভাই একটু স্বাগত বড় বেগ মানে ইট এখানে না পাওয়ার আগে ওখানে আমরা ফেল করতে হবে এটি এখানে বুঝে নাই
/kaggle/input/regspeech12/test/test_sylhet_0491.wav,তোহলে বাবা ইনু দেখিয়া মেলামে মাথার মাঝা তাড়িয়া দিয়া সুন্দর করিস বাবা তোমার কিচ্ছু হইবে না তুমি সুস্থ হয়ে দিবে
/kaggle/input/regspeech12/test/test_habiganj_0081.wav,তুমি হঠাৎ করে মারা গেছ কয়েকদিন আগে হালি তেনের বুম্ব হইতে মারা যাওয়ার আগে তারপর তেনের পিতা ফেড্রের মাঝেই দুটিতা অস্ত্র হালি বুম্ব হইতেও কিছু হয়তো বিবেক্ত কি পনের দিন পরে ধরা ফেলছে তাই নিয়ে লিভার দেন স্যার
/kaggle/input/regspeech12/test/test_narsingdi_0029.wav,দেখা যাক কী হয় স্বপ্ন তো ভাই সবাই দেখা করছ এখন বাবার স্বপ্ন তো সত্যিও না টিম আছে বারোটা চতুরা টিম আছে সবাই তো চাবে যে বিশ্বকাপ জিতুক কিন্তু তো জিতবে তো যাই একজন দুটা টিম ফাইনাল খেলবে
/kaggle/input/regspeech12/test/test_rangpur_0079.wav,কি আন্দিমেন বেটি পাঠশাৎ করল মাছ বা মাছ বেগুন আলু চালাইন পরামর্শ মন্দিরে
/kaggle/input/regspeech12/test/test_narsingdi_0008.wav,ইন্ডিয়াতে দেখ এই চা হাল রবি বিশ নয় রাহুল তাড়াতাড়ি ওরাও তো আছে ওরা ভালো অলেক্স পিনার এই কয়েকদিন আগে পিসাদ্দে নিল কিন্তু
/kaggle/input/regspeech12/test/test_sylhet_0349.wav,ও মনে হলে খুশি ব্রাহ্মণবাড়িয়া মহিলা বলে যাও তিন মাস তখন আমার লাখ খুব বালা বোঝেনি আল্লাহ আমার প্রতিটা ধাপে ধাপে খুব সহযোগিতা করছেন আল্লাহর কাছে ফাইসি ও ফাইসিও
/kaggle/input/regspeech12/test/test_sylhet_0664.wav,বড় ছেলের গরু নাতি ডাক্তারাই তুমি নতুন আরও পরিত্রা যৌবা সার্জারি ও বড় মেয়ের গরু নাতি এগু প্রভাসর পড়িয়া শুনিয়া
/kaggle/input/regspeech12/test/test_sylhet_0395.wav,আমি এনে সাধু করব যে আমরা নিজের বাসা বানিয়েছি বিচ্ছিন্ন আমি এনে বানাতে আগাম আর অইনেও যে রক্তা আর এখন আমি সাধু করব বা রক্ষের অবস্থা আর ও দুই মাস হইছেই জায়গাতে আছে স্যার সেরিয়াটা কেমন বাংলা আছে
/kaggle/input/regspeech12/test/test_narail_0048.wav,বাক্সে আনি ভাবে তোর বাবা তাই আমাকে দেখুন মাটি কাটিয়েছে আমাকে রাস্তার কলেজে আনা আমার করছে এক মাদুনি আমি কিছু কি এই তো চাই পাঁচ দিন আগে
/kaggle/input/regspeech12/test/test_rangpur_0028.wav,রে বরাম্যর একটা স্মৃতি মনে আছে কি এই পাশ দিয়ে গেইছে ঢেলবাড়ি নবু ভুঁই দিয়ে দিয়ে বেলি ছোট আছে তাতে তোমার নানির ফতে অর্ধেক খাইতে আরাধ্যগুলো ঢুমলা করি আইসি এক নাগিলি পরে ফিরছা কে আইসি এক নাগিলি ফিরে
/kaggle/input/regspeech12/test/test_narsingdi_0057.wav,হ্যাঁ দিলামি অনেক ভালো আছিলাম দ্বীপে বরাবর আলো আছিল তবে শেষ না কেমন যেন উঠল হ্যাঁ দীবানলাম একটু সত্যি কথা আমার তা বলা যার একটাই কথা শ্রেণীর
/kaggle/input/regspeech12/test/test_narail_0072.wav,ও বাড়ির কাহিনূ জানো না ওই বাড়িও জানা ওর বাপ ওই স্ম দখল করে নিয়ে এনেছে ওই বাড়ি আছে যে কবু ও যে লাইট ম্যাট সারে দিলীপ টিলিপ হসে না আর মায়াটা এত হয় না জোগাড়ে
/kaggle/input/regspeech12/test/test_habiganj_0027.wav,মা আমিষ কেড়ে হাওয়ায় কোন সপ্তাহ লাগে
/kaggle/input/regspeech12/test/test_comilla_0004.wav,প্রতিদিনের মতো ওইদিনও রোহিকে নিয়ে আমি স্কুলে গিয়েছিলাম সবসময় আমি বাসা থেকে স্কুলটা দশ মিনিট না ছয় সাত মিনিট আমার বাসা থেকে আর রোহির স্কুলের দূরত্ব তাও আমি ওড়ে দিয়ে যাই আমার মতো সব মায়েরাই তাদের ছেলেমেয়েদেরকে দেখা যায় গেট পর্যন্ত দিয়ে আসে
/kaggle/input/regspeech12/test/test_sylhet_0120.wav,এখন দোকানে হাম করে এখন শয়তানে ফোন চিনি না বাইরে মাদ্রাসার দিলে একে লাকি তার অবস্থা অন্যায় আমরা কিন্তু একটা হুজুর আসলাম
/kaggle/input/regspeech12/test/test_narsingdi_0018.wav,কি আর বলব বল আসলে যারা যেই চৌদ্দ পনেরো বছর ধরে টিমরারে ছাড়া দিতেছে এরাই অনেক খেলতে চায় আর এরা নতুন পাঁচ ছয় বছর ধরে রাখিলেই এই অগ্রগতি অবস্থা
/kaggle/input/regspeech12/test/test_sandwip_0034.wav,আগে এগিয়ে রাতে কুটানকে এগিয়ে এগিয়ে কুটবেলা কি বৈরীশ্রী নিয়ে তো দেখাইছে গোসল করিয়া আগুন
/kaggle/input/regspeech12/test/test_narsingdi_0129.wav,স্কিন ক্লিয়ার ঐটা সিল বোয়িং এডার হেডা সেম জিনিসের কিন্তু আমি করবো অ্যারামাসিনের তে এমাই সিন দ্যাবেশি ভালো কার হাইডা প্রেগন্যান্স ফ্রি আমার তো মানে কী কয় তোর মতোই মানে এত পারফুল দরকার নেই
/kaggle/input/regspeech12/test/test_rangpur_0056.wav,ফেসবুকও তো অনেক জুনে দিছে এটা এলেও সামনে দুর্ভোগ দেখা দিবে
/kaggle/input/regspeech12/test/test_kishoreganj_0097.wav,ইম্বাতাস আছে গাদা জালি না গাজদিন না গাড়িতে ফানি করি দায়িত্বে রনি রাত নামে ওরে হ্যাঁ তামরা কিন্তু কি ভাই আমার কেউ লিখেছে আমার আগে যা
/kaggle/input/regspeech12/test/test_barishal_0099.wav,বড় অশান্তির মধ্যে আছি গায়ে মর্যাদা ছিল জীবনে
/kaggle/input/regspeech12/test/test_sylhet_0238.wav,আর বড় ভাই তখন হইলে এর আগে আমার আব্বাও মারা গেছেন বড় ভাই তখন হইলে যেহেতু আব্বা নাই আর এখন যদি আমরা তাইরে বিয়াদি লাই
/kaggle/input/regspeech12/test/test_kishoreganj_0109.wav,হল খাদ্য শৃঙ্খল সবুজ উদ্ভিদ থেকে প্রতিটি খাদ্য শৃঙ্খল সুখ যে কোন বাস্তু সংস্থা
/kaggle/input/regspeech12/test/test_kishoreganj_0193.wav,বুকে কি বলে চিতা নিচ্ছে না তাকে কি বলে চিতা নিন ইন্দি গোটা অত জন্যের ক্ষেত্রে আর সে বলে
/kaggle/input/regspeech12/test/test_narail_0013.wav,আমি তুলি না যা পাই তুই ভালো থাকলে ভালো খারাপ তুলিতে যার জন্যে টাকা পাঠানোর কথা সে গেছে মরিয়ে তাদে আমি কি পাঠাব
/kaggle/input/regspeech12/test/test_sylhet_0600.wav,আমার তালাক সৈলিকা মানে আমরার বলে ব্যাচের ছেলে গুলাদাতা এটা বলে কি তার লেগের মানে ঝগড়া ঘাটে হয়ে আইসেন স্যার এর আসারকে মানে তার বিরুদ্ধে সাহেবের মেয়েবির কোনো কিছু নেমে নিসান্দা সিনি হইছে এটি তো সেঞ্চুরেন্ট যুবলি টুবিলি তাই যে স্টুডেন্টেরা কি তাহলে না আয়োজন করে সারেরা করতে চাইছেন পুরাটাই হ্যান্ডেল করতে চাইছেন বা জিনিসটার কী কেমন একটা অবসাল বিশ্রিন্শন বাধা রাখতে হয় নাকে
/kaggle/input/regspeech12/test/test_sandwip_0014.wav,শুরুর স্বীকার্যের জিনিস গেলে কোনো দেখার আছে এর হরি নেই হরি স্কুল গেতে রাগ করাটা নেই তাল পায়দ্রবি বেদন করবার পথে নেই শুরুষ বিদে মাছগুলো যে দিয়েছে কুড়ি গাড়ি ইয়ামুলি দুর্গাবুলি ইয়াবাস্তে পানা ইয়ার আইনশের আন্দোলনের কোন আগাও না গোড়াও না
/kaggle/input/regspeech12/test/test_tangail_0098.wav,সুন্দর একটা ছবিতে দেখলে দেখবেন ওই ব্রিজের কাছে আসে তখন আর কি রাত তখন ছকিনারে নিয়ে আস্তে আস্তে চলে যায় অন্যদিকে আর এদিকে রণবীর কাপুর
/kaggle/input/regspeech12/test/test_sylhet_0726.wav,তো ঐ দীক্ষিত হয় যে আপনারা তো উপবাসী থাকা লাগেন নয়
/kaggle/input/regspeech12/test/test_kishoreganj_0102.wav,মাটি উদ্ভিদ থেকে বিভিন্ন স্থানে ছড়িয়ে জীবের ছড়িয়ে পড়ায় হল বিস্তর বিজে
/kaggle/input/regspeech12/test/test_sylhet_0153.wav,জিন কাহিনী হচ্ছে যা তা মোহনের তা তো দেখিউই তারও বেশি শুনতে পারে আমার দুইটা মনে কর গরিবান্ন সুরতর হইয়া হয়েছে ওখান করলে হানা তখন তো ঘৃত চাই না
/kaggle/input/regspeech12/test/test_kishoreganj_0132.wav,কার্ডল তরমুজ ফাত মেসুর পাত এরা একটি বাঙ্গি আমারস রাম রবি
/kaggle/input/regspeech12/test/test_sylhet_0651.wav,বরারগুলা আছে বরারগুলি আছে যে সুযাগ মুক্ত হচ্ছে রাস্তায় রাস্তায় কত অন্যায় করছে অবিচার করছে ওটা ঠেলিয়েও গেছে মানুষ আপনারা কোনো সময়গুলার শিকার ওই শ্রেণী মানে এরা কোনো আক্রমণ করছে না আপনারা রুফে
/kaggle/input/regspeech12/test/test_narail_0149.wav,আমাকে বাড়িতে একটু ভিতরের দিকেই মানে ভিতরের দিকেই বললে বেশি ভিতরেও না ওই ছেলে ভাই আমার বড় ঠাকুরমা আছে অসুস্থ মরার পথে বুঝলে এখন এজন্যে যে বাইরের নাতি বউ দেখবে তাই বাহিরের বিয়ে দিয়া লাগেছে উনিই পছন্দ করে মেয়ে আনতেছে গিরাম
/kaggle/input/regspeech12/test/test_tangail_0080.wav,শিউলি মারা গেছে বরুণ ধাওয়ানির ফোনে পরে বরুণ ধাওয়ানি পোড়া ভাঙা পড়ে পরে আবার শিউলির বাসায় যায় যায় শিউলিরে দেখে দেখে আসে
/kaggle/input/regspeech12/test/test_narail_0066.wav,ওরা শরিক না কালে শরিকের জন্যে রায় দেয় তাহলে বেরা তো তোমার বাবা বাদশা বাসা কত তৈরি লোক হল যে আপনারা জানেছেন
/kaggle/input/regspeech12/test/test_chittagong_0071.wav,ছায় না ভাই এখন মালিক ডিগ্রিগুলাই আবেদন গরম পরিবর্তন অনাসাদ নয় বাহুল মুখে কেন আগো অনাস্বর যদি আনাসাদ মানে সরকারের ফলাফল মোটেল গোয়েল হলে একজনও ডিগ্রি ছাড়া
/kaggle/input/regspeech12/test/test_rangpur_0099.wav,এর আগের বার ভালো হোসেল নেই এবার ভালো হওয়া লাগছে আগের বালাই বাউল আউট অফ পিনসিল
/kaggle/input/regspeech12/test/test_sylhet_0342.wav,আমি যাই পরীক্ষা দেওয়ার সকালে গিয়া পরীক্ষা দিয়া মাঝখানের যে এক ঘণ্টা টাইম একটা দিকে দুইটা কলেজ থেকে একটা দৌড় দিই একটা দৌড়ে বাসা তাই আইয়া ওয়াশরুমে যাই তারে হাওয়ায় খাওয়াইয়া আমি একটু পানি খাই আবার দৌড়িয়া যাই আর এক ঘণ্টার ভিতরে আবার সেন্টারে যাওয়া লাগে
/kaggle/input/regspeech12/test/test_chittagong_0004.wav,এই মাতা গেয়ারা দায় খেয়ার অত্যন্ত খান হাইয়া এবং খেয়ার অত্যন্ত নিয়ান হাইয়া এবং শিশু শিশু শিশু শিশু শিশু নামাতে এসেছে আপনার সমস্যা নয় যাবে
/kaggle/input/regspeech12/test/test_sylhet_0715.wav,তাই নিরাবিয়া হয়ে গেছে নে
/kaggle/input/regspeech12/test/test_chittagong_0033.wav,এখন গড় তাই কে গোবল এখন কী রে হারা জানে লাভিব্য গোল্লায় বলিলে হনুর মেয়েকে যাইত না পারে সে তো কি মেয়ে দিয়েছে না ওহ ভাল্লা হনুমেকের নাও যাইতেও যায়
/kaggle/input/regspeech12/test/test_sylhet_0504.wav,মানে খালি আড্ডাও করছে দুনিয়ারা এতে বিস্বার আবার চেঞ্জ লেগের আমরা মানুষ মুখ পাচ্ছেন বুঝলে না না সারাদিন দুলাই বালুয়ে তাই এখানে লাইছে তাই জুড়ে ধরিয়ে আনবি
/kaggle/input/regspeech12/test/test_sylhet_0260.wav,খালি একটা ইউনিটে এপ্লাই করতাম পারব আর ওই ইউনিটের সর্বোচ্চ তিন শো জন নিব তিন শো জনের মাঝে আট থেকে নিব দৌড়াও তোমার একশ সাইন্স থেকে আরো একশ কমার্স থেকে আরো একশ অলাহরিয়া এখন তো আমার স্কোপটা খুবই সীমিত হয়ে গেছে
/kaggle/input/regspeech12/test/test_kishoreganj_0090.wav,তুমি পাকিস্তান লোক রাখলি তুমি এখানে মুদা বলে বোধ করতা না হুক না পাকিস্তানি হুক না
/kaggle/input/regspeech12/test/test_narail_0181.wav,তুমি তো দুই শো না দুই শো দায় পাঁচশ নিয়ে আইসে প্রায় তিনজনে খাবে আমি তো মাংস পাই না মারাই যে তাহা রেডিট আছে মাংস পেলে আমার ব্যথা আবার ওজনের মাংস পাই না কোনো পোল্ট্রিত্ব খাই না শেষমেশের মাংস খাওয়া আমার
/kaggle/input/regspeech12/test/test_rangpur_0120.wav,কালচার তো সাগরিকালের ডাইল খাচ্ছি ডাইল নয় ডাইল হলেও স্বাদ লাগে না
/kaggle/input/regspeech12/test/test_chittagong_0031.wav,ওরি দিয়ে লামা মুগলির আসান মিল কিন্তু উৎসাহে ওরি মায়ে গিয়ে আবার ঠিকঠাক গড়ায় আমি প্রত্যাশা করি
/kaggle/input/regspeech12/test/test_chittagong_0140.wav,তোমার হিল হলে না তো স্থানে স্থানাত্তর না জিকু
/kaggle/input/regspeech12/test/test_narail_0045.wav,এলো বড় বাড়িকে বংশের লোক বুঝিস হ্যাঁ কিনুকি বাংশের লোক সুধীরবাবুকে বাংশের লোক
/kaggle/input/regspeech12/test/test_sandwip_0077.wav,রাত মাফাকুজোতে চালিত এবং দুর্বলতা দিয়ে কত এবং ইংরেজি ইন্ডাশনে তুমি কিছুটা করোনি
/kaggle/input/regspeech12/test/test_sylhet_0406.wav,তোমরা যখন করলে তারার আজান করার আগে তারা শুভ হই যায় নামে বিমাস করতে সবগুলো অসুবিধা করে এরপর আজকে তিন চাইলেন তাকে তারা অনুষ্ঠান চললেন মানে গুমাইজান লাগান
/kaggle/input/regspeech12/test/test_narsingdi_0027.wav,একটা ডেডিকেটেড পার্সন খুব ভালো আইপ্যালে ডাক পেল এই ভেতর চেষ্টা করে যেতে হবে পরিশ্রম করত নিজেরাই প্রমাণ করতে বোঝে না আমি ভালো খেলি তাইলে তো হইল হ্যাঁ তবে
/kaggle/input/regspeech12/test/test_narail_0004.wav,মেলা গেতে কাকা আমাকে দিয়ে গেছিল এই জমি নিকে জামেলাটা মেলা করবার নাকি আমি ভাই জামেলা আমি তো কিছু বুঝিটোছি না আমি দেখি জায়গা জমির কি অবস্থা আছে তারপরে খাচ্ছেন খান আমি তাই করেছি আর আমি বুঝি আমি তেগুলো করতেছি না করতেছি এক কাগা কাগার দিথি
/kaggle/input/regspeech12/test/test_noakhali_0001.wav,একশো একে বা বার এই নিয়ে নব্বই প্রেগে দিই হ্যাঁ একশো একে নব্বই বিশেষ অর্থ টিকেট দিবে আর একে হাত কিন্তু হাত কিন্তু মোট
/kaggle/input/regspeech12/test/test_kishoreganj_0004.wav,এই কাপ দুইটা দিয়েছ
/kaggle/input/regspeech12/test/test_sylhet_0760.wav,অতএব ধুলাভাই আসলে ডুম করিয়াছি টাকা নিয়ে দিলাম তৈরি ফানি তাড়াতাড়ি ফাঁগর আমরা উর্দ্রাম নামি শুধু কইরা ফারানা ফারানা উড়িয়ো না উড়িয়ো তাদের দেখানো সম্পর্কটা কি তো হচ্ছি না আপনারা দুইজন
/kaggle/input/regspeech12/test/test_rangpur_0110.wav,তাকে নিয়ে নিয়ে যাইলে চট্টগ্রাম আলে ভাই চট্টগ্রাম ভালোই চিন আর মানের জন্য বেশি তোকে ইয়া করছিল মা
/kaggle/input/regspeech12/test/test_kishoreganj_0015.wav,নতুন রাস্তা আছে ডাক দিব সরকার তো না
/kaggle/input/regspeech12/test/test_barishal_0069.wav,পেলেটা আবার বাউরেতে থায় না বউ যদি না দেয় তা মরা দিমগ্রন্তরা এত বড় তাবিজের পুল্লা মানবে এত বড় বালিশের তলে ঢুকিবে দুই ডিয়া নারী হাওয়াইব্যাকদের দেয়া
/kaggle/input/regspeech12/test/test_kishoreganj_0183.wav,এ যেমন মানতাম না প্রায় নাই আলী প্রয়োগে খেলে হেই প্রয়োগে পড়ো আগে পড়ো
/kaggle/input/regspeech12/test/test_chittagong_0155.wav,তোমার কী অবস্থা কলেজে তোলার জন্য আছে দেখুন কলেজ পনেরো তারিখ লোটেই প্লাসমোহ বন্ধ ওই ইনকারের পরীক্ষা চালাব দে
/kaggle/input/regspeech12/test/test_kishoreganj_0098.wav, আরবি ভাষা করুন একজন না তোমার ইয়াউজাদের চেয়ে বা কানে দিয়া মক্কার কানে দিয়া নলদা তৈরি চেয়ে নাল লাগানি অমনে বা চালু দিবা পানি বাইরের বই যে মসজিদের মতো আছে না এই সিস্টেম করা
/kaggle/input/regspeech12/test/test_barishal_0011.wav,মাঝে মাঝে কিছু মারি পানি বানাম করতে পারি তাই পারি প্রকার্ডি কয় একান্ন রেশি হানি হানি
/kaggle/input/regspeech12/test/test_sylhet_0507.wav,ষপদাধিকারের কোটি ভাই তিনজন মারা গেছেন তার নিজের জন্য তার কিচ্ছু নেই
/kaggle/input/regspeech12/test/test_rangpur_0043.wav,যদি একদিনের নাক ঘুয়েছেন বাড়ায় না তাহলে মুই কোর্টে থাকি মুই আগেছে একদম খারাপ হয়ে গেতাম মুই আর থাকতাম না
/kaggle/input/regspeech12/test/test_kishoreganj_0202.wav,ভেড়ার ওষুধ করার জন্য কি ব্যবহার হয় হেয়ার ডাইস হেয়ার ডাইস ব্যবহার করে কিভাবে বাড়ি প্রভাবে ব্যবহার করে অগ্নিনিবাহ যন্ত্রে কার্বন ডাই অক্সাইড ব্যবহার করা হয় অগ্নিনিবাহ মানে আগুন নিবারণের জন্য কি ব্যবহার করা হয় কার্বন ডাই অক্সাইড মস্ত
/kaggle/input/regspeech12/test/test_habiganj_0023.wav,এর পরে পুজো জাতিমু এর পরে গান গাইমু এর পরে আমরা একটু প্রার্থনা কইরা এর পরে পেয়ে আমরা
/kaggle/input/regspeech12/test/test_sylhet_0077.wav,আমার ইচ্ছাও ইচ্ছা আমি টিচার দাম কারণ আমার যে টিচারটা ফোরায় তাহলে দেখে আমার আগ্রহ দায়িত্ব বাড়িয়েছে প্রথমে আসল না কোনো কিছু ইচ্ছা আসছে না এখন গেছে আড়ালুস দিকে তোমার আগ্রহ বাড়ে
/kaggle/input/regspeech12/test/test_sylhet_0686.wav,আমরা দিতাম না ইংলিশের বাংলা ঘরে একটি মানে আঞ্চলিক ভাষা দেখা যায় বাংলাদেশের ফিক্সড এলাকায় গিয়ে ইয়োগ করা যায় না
/kaggle/input/regspeech12/test/test_chittagong_0104.wav,আচ্ছা ঠিক আছে রাহিত হইলে বাই বাই টাটা হোটেলে ভোটাল দুটো এলি এখান আইস্টে আইস্টে
/kaggle/input/regspeech12/test/test_narsingdi_0012.wav,হ্যাঁ হৃঢ়তা কাহিন রাইনি কইরাই আস্তে আস্তে রিটায়ারমেন্ট করা লেগে প্রেস্টিক লেগ মাসে ফিরে দেয় একটু সম্মানের সহিত কিন্তু ওই রিটায়ারমেন্টটা নিতে পারত কিন্তু এডি করে না তাও এখনো বিপিএল খেলতে আছে
/kaggle/input/regspeech12/test/test_sylhet_0463.wav,একবারের মনে হলো পয়েন্টে হয়েছে দুইটা মেয়ে তাই ওভার তাই রাইসিসি কাজ করছে কোনো ফলেও বিয়ের বিসিক্ট হলে চলে যাচ্ছে ফোরে আয়োজনে হলো হোক খুব না কঠিন আয়োজন আয়োজনে আসছে
/kaggle/input/regspeech12/test/test_kishoreganj_0033.wav,তুমি কি কিছু ইভাই আল্লাহ দিছি মানে বৃষ্টি লাগে শাকসবজিও না কিন্তু মানে ধান সুন্দর এলুসি
/kaggle/input/regspeech12/test/test_rangpur_0128.wav,মুড়ি মুখ ক মুড়ি মালা ইয়াকুর দিবে
/kaggle/input/regspeech12/test/test_tangail_0025.wav,লোকাইশা বলতে যে দামিনী পরে জোনা থান বাধ্য হয়ে পড়ে ছাড়ার জন্য দিয়ে দেয় জোনা থান আসলে প্রথম দেখাতেই ছাড়ার প্রেমে পড়ে যায়
/kaggle/input/regspeech12/test/test_sylhet_0125.wav,প্রথম দণ্ডালা দিলে ভালো লাগে আচ্ছা খুঁজ খবর নেয় পরিবারের মতো হয়ে গেছে নাকি
/kaggle/input/regspeech12/test/test_narail_0029.wav, আসাদ মিয়া আমাকে আসাদ মিয়া ওই জমিনে কি অর্ডির কিছু জানো আগে তো শুনেছিলাম তোগে তোগে কারণ পরে আসাদ মিয়া ক্যাম্পাইন হল কী আলো জানে আসাদ মিয়া অল্পুত্ব খাত এন্টে সেন্টে আসাদ মা মেলা খায়
/kaggle/input/regspeech12/test/test_chittagong_0085.wav,আরে একটি কম্পিউটার মাধ্যম হত্যা হবে যেন কেউ কম্পিউটার গড় কম্পিউটার নাই ভর্তি হয় কী রে প্রীতি কমিশনারা জানাচ্ছে কি ইহানো মন্ডল যে তৈরি পরিকাদন্যান্স ফরো আমি ঘড়ির তাড়ে বেতু যতক্ষণ ইচ্ছা ততক্ষণ ঘড়ি ছাড়িবে
/kaggle/input/regspeech12/test/test_chittagong_0050.wav,জামাইটামায় আহাজ হনে কিছু নাই আপাততায় এখন অজ্ঞাহালা মানুষ বুঝু সারির যে হবে না তোরা ওরে হত পারিবে হত করিবি তোরার দ্বারা সম্ভবেরই
/kaggle/input/regspeech12/test/test_rangpur_0038.wav,প্যাস বাড়িতে তোমার দেখিদের নেই
/kaggle/input/regspeech12/test/test_narsingdi_0134.wav,এই তোর চাইল্ড গুলো আছিল অবশ্যই আম অ্যাডাল্ড নও তো আমার চাইল্ড গুট্টো আছিল হাইবে থাকতে বুঝোস মানে
/kaggle/input/regspeech12/test/test_chittagong_0008.wav,আজ ভাইয়ু ভাইয়ু হেমন্ত তোমার বুয়ায় দিতে হ্যাতাল্লাহ তুমি আজ থাকতে তোমারও গরিব ফল বানাইব না হাজারেই তাড়ালা সুন্দর করে হতাম বলি সময় দিতে
/kaggle/input/regspeech12/test/test_chittagong_0162.wav,অনাস্তত্ত্ব তুথুনি কি আদি পরম্পর্ণ রেখে পেয়ে এলে মাক্তাহ্ন ভালো চালায় ডিগ্রি রাজু অনেক কিছু মনে মনোনয়ন পালা বিগ্রিত প্রবেশী ভাই
/kaggle/input/regspeech12/test/test_narail_0054.wav,আমাকেই দেখা যাচ্ছে যে শিবুর শিব্যপুর নামে যে রোডে গোনায় তেরোশো ছাপ্পান্ন সাতান্ন জায়গা গোনায় তেরোশো কতগুলো মেলা মাসিক জমি দেখার আর থেকে না ও যে এই শুধু তোকে বাড়ির এই জায়গার কথা করছে না ঐ জমির সাথে আর কি মেয়াদ সেই জমির বাক্য থেকে নাকি
/kaggle/input/regspeech12/test/test_sylhet_0426.wav,ও নরমালটা দেওয়াত গিয়া কিন্তু ও অপারেশন করেছে পেটুক কাটে হ্যাঁ স্কুপ মানে তার সাহস পাইনি যে জিনিসটা আমি পার্ম আর তাই মুরুজরা জেনে এখন যদি না করি মেয়েটার বয়স্ক মাত্র এখন পরে ইলেটি কই যে
/kaggle/input/regspeech12/test/test_sylhet_0671.wav,পেনশন তো সারা জীবনে ভেবে না নেই যতদিন আসি বাসিয়া যতদিন প্রাণ নাই নাই হে এর পর কিতাব মানে আপনি না তালিকাতে পেনশন বন্ধুই জীবনে না ছেলেরা মারা গেলে আর কেউ হইত না
/kaggle/input/regspeech12/test/test_sylhet_0049.wav,শর্মিও নামাতিলাও বইলের মুক্তিবাবু
/kaggle/input/regspeech12/test/test_tangail_0018.wav,বহিমানের তৈরি গান্ডা মানে জনপ্রিয়তা কারণ এই গান্ডা আসলে একজন একেক ভাবে অনুধাবন করছে কেউ মানে কারও সাথে কারও মিল না এইভাবে আর কি বুঝতে পারছি গান্ডার একটা অর্থ মানে কেউ
/kaggle/input/regspeech12/test/test_narail_0140.wav,তাও মাসুদ্দুলা ভাই মনে আপনের বাবার সাথে কথা বলবে সেটা বলছিল পাকা আমার মতো অসুস্থ কাকা কাছে তুই গেলে তোকে ফিরিয়ে নিয়ে যাবে না তো তাকে কোচকে নিকালে না হাত তোলে ফিরিয়ে নিয়ে যাবে না তো তাকে কোশকে নিয়ে কাকা আমার অগ্নিপতির রোহ টুপি পেরিয়ে নিয়ে চলে
/kaggle/input/regspeech12/test/test_habiganj_0009.wav,তাঞ্জুজে গেছে তাঞ্জু লুক্ন ফেরেশতার ফুল আসার সাথে
/kaggle/input/regspeech12/test/test_kishoreganj_0150.wav,কোনটি পানি দূষণের পরিবার মাটি দূষণের প্রধান কারণ কি মাটিমূল বাহার কীটনাশক ওষুধ দিলে কি হবে মাটির আস্তের জন্য গাছের মাশুলের মাটি নষ্ট হয় পরিবেশনার কোন উপায় কোনটি
/kaggle/input/regspeech12/test/test_barishal_0087.wav,এমন সময় যে বেলা উপরে গাছগালা একটা ভুল করিয়া হালায় দড়ি গেছে ভুল করিয়া হালাইলে এই সময় সমস্যাবাদ রেখেছি ডিটার বাড়ালে না খৈরাও অমরাও খৈরেছি
/kaggle/input/regspeech12/test/test_narsingdi_0036.wav,ক্রোভেরি রিসার দাম বাড়তি মায়ে তো দেশের কী জানি মুরগির ট্যাকার ফুরা হাজার না হয়ে গেছে গেলাম সবকিছু রোহনে মনে হয় আস্তে আস্তে কমতে সেনেটলি বারো তানা মুরগি দাস্তায় গিয়েছি দোকানো গিয়া যেইরা দড়ি খালি বলে দাম বেশি
/kaggle/input/regspeech12/test/test_sylhet_0064.wav,ফরে ভাই বোঝেন আমার দ্বারা তো সম্ভব না মানে মেয়েটিগুলো তুমি ভর্তি হয়েছিল মানে বাসা থাইয়া দেখি দেখি যায় ডাক্তারে সাপ্তাতাইলে ডাক্তারর কিছু দেওয়া লাগে পাঁচ হাজার আবার তোমার ঔষধ লাগে তিন হাজার আমি কোন বাড়ি চাওয়ালাম মাত্র বিয়াগাইয়াহুর সেট অনেক চেষা চালাও করিতেছ আমার বাড়ির নতুন দোকানও হচ্ছে
/kaggle/input/regspeech12/test/test_sylhet_0582.wav,আমি শেখাতে না সক্ষণ দেখি আমার তো লাগে বাইরে থেকে কার্টিন পার্টনেটের মানে আমরা বড়ের আগে আমরা কোনো দিকে থাকি নাই না না না বড়ের আরও লেখেও বেশির ভাগ রাইড একটা নৌকার মতো আছে আমারে থাকি বা কার্তুনিকে দেখলে হাজি কাজ করবায় বেশি বলে স্কুটের পরে
/kaggle/input/regspeech12/test/test_sylhet_0327.wav,আর এখন তাই যখন বই আনিয়া দিন তখন আমার কাছে মনের মানুষটা একটা ফেরেস্তা সারাদিন কাজ করি কাজ আর আমার ডায়ার্ড লাগে না তো বই পড়িয়ে আবার গিয়া তাইনের কানের কাছে ব্যান্ডাম্যান করি জানানি আজকে সারাদিন আমি ওটা করছি হঠা করছি হঠা করছি
/kaggle/input/regspeech12/test/test_tangail_0081.wav,তারপরে আবার কাজে ফিরে আসে যেহেতু সে এখন আরও অনেক বেশি সিরিয়াস ওরা সে স্ট্রং ম্যানেজারের দায়িত্ব পালন করে কোনো কিছু সে এখন আর টলার করে না
/kaggle/input/regspeech12/test/test_sylhet_0270.wav,ওটার পরে তো পড়া শুরু করলাম তখন তো এটা কিছু বুঝি না ইউনিভার্সিটির গ্রেডিং বা পয়েন্ট পড়ার জালিটা কিছু বুঝতাম না তো আমার ভাইয়ে আমার টার্গেট দিচ্ছে যে তোমারে বিপ্লাস পাওয়া না
/kaggle/input/regspeech12/test/test_sandwip_0086.wav,আর অঙ্কা গুরু আগার মাথা শিল্লঙ্কার গুরুগার মাথা তোমার বাড়ি নেই ওই আধায়াতায় এটাই নির্মাণিত করো
/kaggle/input/regspeech12/test/test_sylhet_0471.wav,মায়া ফায়রা আমায় তা নিলে আমি গেলে আমরা হোলি মামলারে আজকাল টাকা দিয়ে কোনো বই জীবনে গাড়ি বাড়া দিয়া যাইতে নাই রিজার্ভ যাইবা বাড়ি থেকে বাইরে টাকা দিবে আবার রিজার্ভ গাড়ি বাড়ি
/kaggle/input/regspeech12/test/test_sylhet_0502.wav,ফলে যোগাযোগ করেন একটু আই ও বুবু হইলাম তা আমি দেই
/kaggle/input/regspeech12/test/test_narail_0106.wav,এখন তো দাদা আগের দিন বলতেছিল যে যদি অপারেশন করতে হয় তাহলে ব্যালট চলে যাব অপারেশন করতে কিন্তু অপারেশন আপাতত করা লাগতিছে না ওটি ভেঙে ছোট হয়ে গেছে আর আগে যেমন জ্বালা যন্ত্রণা এটি করতে না সেরকম করে না অবশ্যই
/kaggle/input/regspeech12/test/test_chittagong_0143.wav,না তোলানো যে তুল্লা হতাহ বলে কেঙ্গুরে সাইজুদ ব্যক্তিটি এক প্রেসে আদালতে যেতে পারবেন
/kaggle/input/regspeech12/test/test_habiganj_0072.wav,মুন হসপিটালটা এখন বর্তমানে বালা তারপর লেখা ফাইয়াজ বাসটেন নতুন বাসটেন তারপর ফাইয়াজের পরে লেখা আরেকটা আছে নাম্বার পুলিশ দিয়ে ফাইয়াজ চাঁদুরি একে তিনেকে
/kaggle/input/regspeech12/test/test_sylhet_0158.wav,আপনার পরিবারে কেউ দ্রুত গিয়েছিল না
/kaggle/input/regspeech12/test/test_sylhet_0072.wav,প্রচুর মজা হয় দুর্ভাগ্য দুর্ভাগ্য তো ফাঁস দেয় প্রথম দিন এতটা বেশি মজা হয় না সেটার ফলের দিনটাকে অনেক মজা আসিয়াছে পরের তিন দিন আমি তিন দিন হয়নি রাজি এরপর চায় দিতে গিয়া পারি না পুচকা দিয়া এল লাভ শেষ হয়নি
/kaggle/input/regspeech12/test/test_narail_0059.wav,যেটুকু কিছু নাই সেটুকু দলী লোক তো পাতিছে না বিস্তারিত বৃদ্ধি পাতিছে না
/kaggle/input/regspeech12/test/test_sylhet_0237.wav,আমরা ছুটির সময় গিয়া গিয়া আন্ডুটোমারে তো উদয় ভাই অনুষ্ঠিত হতাত্মা আমিও বলছি কোনো সমস্যা না মানে জিনো দেননও গিয়া আমি করতাম পার্ম আমার একটা রুমা আর আমার ওখানে বৈগুণ থাকলে হইব আমার আর কিচ্ছু লাগত না তারা দেখছেন যে আমার আসলে করার ইচ্ছা আছে
/kaggle/input/regspeech12/test/test_habiganj_0007.wav,ভিতরের বেটা বোর্ডার কমিটাসে অবশ্যিকান না তিনি কি না
/kaggle/input/regspeech12/test/test_narsingdi_0088.wav,পরজয়ই করা স্থানী নকল কে রে মিসেম্বলের ষোলবেলা নানা দীক্ষা না করি না আচ্ছা বড় হয়ে পড়ি কিন্তু কথা কিস না তুই বাইত খাস না তুই জেলে জান্নাস্ত্রে ঢেলে কথা কবে
/kaggle/input/regspeech12/test/test_sylhet_0251.wav,কিন্তুই তার সেও জব করত না আর ও সময়ে দিলাইকে সার্কুলার প্রাইমারি স্কুলে তখন আইস আমরা বাড়ি তাই আহ্বান তোমার কাগজপত্র খালি সার্টিফিকেটটা দেওয়ার একটা ছবি দেওয়াও আমরা এপ্লাই করিয়া দিব তুমি খালি পরীক্ষা সান্তা দিবায়
/kaggle/input/regspeech12/test/test_sylhet_0642.wav,মাছ বোমা
/kaggle/input/regspeech12/test/test_chittagong_0061.wav,সিটি কলেজ সিরিজে না পারলে নাকি কমার্স কলেজ বিউজেল না না কে হলে জানে দিলেই আরেকটি কলেজ তো মেজাস্টার না লোভী ওই হয়তো মেজাস্টার লেজার নাকি অন্য পলাজন মধ্যেও জি
/kaggle/input/regspeech12/test/test_noakhali_0025.wav,তার কথা যে কিছু কিছু করতেন খালি বাগান্দা করব হেই এখানে কেমনে বুঝতিছে কি রে হামলে কাজে আগান নাই আনলে কি লিখে চলি ক্লাম আগাতে হলে লোক লাগব সামান লাগব সামান নাই
/kaggle/input/regspeech12/test/test_sylhet_0662.wav,যে সনাতন ধর্ম তো তাইলে দেখা যায় বেশ কয়েকটা বাড়ি আছে
/kaggle/input/regspeech12/test/test_sylhet_0596.wav,বাকি আগের লাখান আর কিছু অবশ্য যোগাযোগ নাই হোক তার পিজি হ্যাঁ সেটা আমার লাগে না তো আমিও তো নিজেদের বিজিবিজি হইতে হত্যাম না তো আয় ইলানে তো জাগে টাইম কিন্তু এই যে আগে মানে কেন জানি ওর নানা নয় ওঠা উঠে না
/kaggle/input/regspeech12/test/test_sylhet_0252.wav,আমার বৈনয়নী দিব তুমি তারার লোভে পরীক্ষা সন্ধ্যা দিবা আর তারার একটু সহযোগিতা করবা দেখাইবার যাতে তারার চাকরিটা হয়ে যায় তুমি তো অনেক কেলেন্টিনে তুমি অতাশাক্ষী করতে হয় না কিন্তু আমরা নিশ্চয়ই উপকার উঠব তুমি যদি দেয়ো
/kaggle/input/regspeech12/test/test_sandwip_0110.wav,আয় হেই লাগিলের আইন প্রসঙ্গের কিছু নেই আর দরকার নাই এগুলো হবে
/kaggle/input/regspeech12/test/test_noakhali_0015.wav,বেছে বেছে জানা একা রাত্রি হচ্ছে একা স্যার বর্তা বরিচিত ডিম্বে সিরিয়াসের ধুলাময় তোকি একবার আয় এবার আর কেমন হতে তোরা অনায়ার দ্বিতীয় জামিলান তো আমরা কুফে বেচ্ছিন করব আয় আমরা মুক্তি দেখি
/kaggle/input/regspeech12/test/test_sylhet_0194.wav,তারপর রইল গিয়া পরাদ্দ হইতাম এখন একজন সদস্য আসলে পড়ালেখা হইত না
/kaggle/input/regspeech12/test/test_sylhet_0611.wav,কী রূপ হইল এই দুইটা জিনিসের একটা আছে কি তা
/kaggle/input/regspeech12/test/test_sylhet_0085.wav,হতাহর এবাদের বাড়িতে বাঁধাতে সবসময় আমার ডাক ছাড়ারও কোনো দরকার নাই এর আগে আমার খুলি রেব
/kaggle/input/regspeech12/test/test_sylhet_0289.wav,কী হয়েছে আমার মনে কোনো সমস্যা নাই আপনারা দেখুন দেখিয়া যদি বুঝুন যে ঠিক আছে আমার কোনো সমস্যা নাই কারণ তারার লোকে আমার পারিবারিক স্ট্যাটাস মিল আছে তারাও ফ্যামিলির অর্থনৈতিক অবস্থা আমরার মতো তারও আমরা নিতে পরিশ্রম করিয়া পড়ি
/kaggle/input/regspeech12/test/test_sylhet_0703.wav,একটু আগে একজনের ফাইসিং মানে দেখতিয়া আমরা বা স্থানিত্ব করালে করুন তাই না ঘুমায় তাই না দুই বাবু কেন্দ্রের ভাবমূর্তি পাইয়াছি বুঝা যায় না আসলে
/kaggle/input/regspeech12/test/test_sylhet_0696.wav,না বৈ না আপনারা টাইম এমনি নিমু আজ এখন প্রয়োজন মানে সদস্য
/kaggle/input/regspeech12/test/test_chittagong_0015.wav,আলাইকুম আসালাম ওরি কেন স্বস্তি হব তোর গম হব প্রাপ্তি নেই দেখতে গম আছি গম আছে কি ভালো আছো আছি হরিবাল আছি অন্যরাহ্ন আছে দেরি অবৈজ্যিত করবিস না
/kaggle/input/regspeech12/test/test_chittagong_0159.wav,টিয়ার ফোরেল দিয়ে এখন আরা জার্মান লুডোবো কল দিয়ে রে হবে কী বলে চট্টগ্রাম ইউনিভার্সিটি ইঞ্জিনিয়ার লোনের লেখ তিয়ার দিয়ে রে প্রশিক্ষিত হই জেরার দশাটা লাগিব
/kaggle/input/regspeech12/test/test_sandwip_0007.wav,এক বাবা শুরুর লাগে তাড়াতাড়ি লাগে না দেড় কেজিতে সামাল তেজি নিকেন হবে এক কেজিতে এরিকেলাক বুড়িও তুলেন চালে ডালে ফাঁকতে দিব না
/kaggle/input/regspeech12/test/test_sandwip_0063.wav,আলে কোণে আসার কথা জানিয়েছে বাবা রাতে কেউ না বাবা রাতে দূরে খেল নাই যাবে গুছিয়ে যাবের আগে
/kaggle/input/regspeech12/test/test_sylhet_0687.wav,রোয়া শালীঘুর আমরা আসলাম জায়গায় বাড়ি আছেন কাছে বাঙ্গুর গ্রিন চারিতা নয়া ইয়োকাতলার রেজেস্টারেও যে ছবি করছেন না হলে তো মুখোশ যোবানেও যোবান এসে তোমার চেয়ে বেইমানে হুল দেয় অমন তো আর নেশের অধানা যার মালিকের হোসেন
/kaggle/input/regspeech12/test/test_chittagong_0128.wav,কিন্তু মন্দ করে রাতের দানাও মনে যাবে ভিডিও হল
/kaggle/input/regspeech12/test/test_sylhet_0095.wav,একটা অত বড় মাদ্রিদের ধরে এটা পাঁচশোটি হাজার লাগে প্রতি মাসে ইয়োর্স বেতন আর এই বুথেন বাদ দিও আবার তোমার কলম খাতা এটা তো লাগবে
/kaggle/input/regspeech12/test/test_narsingdi_0107.wav,আমি এসে সেদিন ফার্স্ট টাইম আমি রান্নাবার্তা আমি গেছি তারপরে ডিম বাঁধি ঠিক আছে সুলাদ বেশি জাম্মুর সুটি ফ্রাইপ্যান্ডে আছে না এর মধ্যে দিচ্ছি ওয়েট ওয়েট ওয়েট ওয়েট পড়ে শোনায় দেখো নিসেটা
/kaggle/input/regspeech12/test/test_narail_0050.wav,মাটি তো আমি কাটি নিয়ে কাটি তোমার রনি মেশা আমার বউমা তা আমার জাগান মধ্যে পড়েছে আমি করছি তোর জাগান মধ্যে পড়ে আমি তোর বাবার জন্য টাকা মামামাম বিয়ায়
/kaggle/input/regspeech12/test/test_habiganj_0099.wav,তারা তো কহিলেন কক্সবাজার লইয়া যাইব কক্সবাজার তো আমরা যাইতাম না কক্সবাজার তো অতটি হাহ তবে তিন দিন তাহা লাগব বাড়ির থেকে দিতামাত দূরত্ব দূর যাবিলেন বোধ দূর যাওয়ান না
/kaggle/input/regspeech12/test/test_sylhet_0498.wav,আর তসলিফুর রামখান্দার ছোটে আমার যা আল্লাহ বার উপরের সঙ্গে আমার শোক টাকার সার্ভিস আছে
/kaggle/input/regspeech12/test/test_barishal_0015.wav,শুরু কইরা একই স্কুল ইন্সপেক্টরের মাইয়া হ্যারে কোয়ার্টার ওখানে ঠিক না থাকে আর ওনার কোয়ার্টার কিনাই দেখুন বলে এমন কালা ভালো দাহাই না পারে
/kaggle/input/regspeech12/test/test_chittagong_0089.wav,প্রত্যেক একটা এগুচ্ছ লোকটার স্ত্রীর জায়গায় এরা এক ঘণ্টা এক ঘণ্টা করে শিখে ফেলে কম্পিউটারে পড়তে যায় ফাঁকি দেবে বলে উত্তর দুপালে কম্পিউটার আছে বর্ণ আপনি কম্পিউটারে আছে কিন্তু কম্পিউটার ইনভার বানি রেখে কীভাবে বাসার মতো বাবুই নাচতে চায়
/kaggle/input/regspeech12/test/test_barishal_0066.wav,আমি আমার সিরিয়াস চার নেশা যখন বিয়েশাদি করি নে রাত্তির একটা সময় কিছু মা বেতাল দি ঠেয়ে চা না খেলে তো ঘুমিয়ে পেয়েছে মা
/kaggle/input/regspeech12/test/test_kishoreganj_0167.wav,শিশির বললেন বায়ু যখন ঠান্ডা কোন বস্তুর সংস্কৃতিতে আসে তখন বায়ুতে থাকা জলীয় বাষ্প ঠান্ডা হয়ে পানিপুতা হিসেবে জমা হবে
/kaggle/input/regspeech12/test/test_narail_0091.wav,আরে আমি এমনি মজা করতেছি মানে তোমরা তো বাড়িবিটি মানুষ তো আমার কি তোর বিটা আমার অংশ মনে আছে নাই তা তো আমি চেক করে দিই না
/kaggle/input/regspeech12/test/test_chittagong_0016.wav,হরিণ হোজ ওভান জ্বালাল শেষ না রে রে কিউজালার ওভান হাওয়ার দানা রে রে দুনিয়ার জ্বালারা কিনে রে যে গরম ফলের ওভান ঘুম তো কেন চাইতে না ভারীর কেন
/kaggle/input/regspeech12/test/test_sylhet_0253.wav,তোমার একটা হওয়া খরচ লাগত না তোমারে আমরা নিবুত মারে আমরা আমি নিয়োক্তা করতাম তখন তাই টিচার মানুষ তাই নিয়ে আমি কিচ্ছু হইতে পারলাম না তাদের গর্ত থেকে আমার ভাই একজন বাড়িয়া পড়িতেন তাই যদিও পরীক্ষাটা দেয়ায় আপনার বইলের চাকরি উঠব না ও তাই হইবে তাই যদি চাকরি এখানটা ঐ যা তাই আর সামনে আগাইতে পারত না ওগো তাই লাস্ট টার্গেট লাস্ট বর্ডার ঐ জীবন
/kaggle/input/regspeech12/test/test_sylhet_0091.wav,সামহাজ না হও কিছু এটা সাপ করি চলে যাই দুতলার ঘর আসতেছে স্বত্তিতভাবে খোলাখুলি যাই এবার শৃনতালা
/kaggle/input/regspeech12/test/test_rangpur_0052.wav,আগে কেমন ইনকাম অক্স লাগে কেমন হাতে টেকা আছে কেমন নাড়াচাড়া কখনোই আপনার জিনিসপাতির দামও কমাত নাই এখন হাতে করো টেকার আর শাহিনের মাও ফিরোজের বউ ওই ফিরোজের বেটিও ফিরোজো
/kaggle/input/regspeech12/test/test_sylhet_0387.wav,ইরে ইমনে গিয়া এমনি করছি দাঁড়ি বাইরা
/kaggle/input/regspeech12/test/test_chittagong_0027.wav,এটি মগ্য প্রতীহ্নের হৃণ্যের গরিব বৈত্যের বলে বিয়ে দিয়ে ফেলে ঘরে
/kaggle/input/regspeech12/test/test_kishoreganj_0013.wav,নামাত মানে এই যে কি কুসুদের কুসু মানে হেতে ভোষ হল না যে হৈমালিক যা আছে আমারটা দিছিলাম যারা কিছু নিছে এই যে মাতাটা কিছু নিছে
/kaggle/input/regspeech12/test/test_tangail_0122.wav,তো দুই দিন লাকে কি হবে কিন্তু তারাও ওঠার চেষ্টা করতেছে তারা হল খাটিয়া বিছায়া সবাই দোকান খুলছে ব্যবসা করা শুরু করছে ময়লা কাপড়গুলো সরায় তো এটাও একটা ভালো উদ্যোগ কিন্তু তাদের আসলে অনেক বেশি লস ফেস
/kaggle/input/regspeech12/test/test_sylhet_0174.wav,এরিয়াটা অনেক বেশি নিরিবিলি না না এদিকে স্কুলের মাটি ওটা তো কলেজ অন্যায় অগ্রিব তোমার দিকে কলেজ হাতেমালি উচ্ছেদিত হয়
/kaggle/input/regspeech12/test/test_sylhet_0572.wav,আর কী লাভেরা হইয়া পড়িবে সবাই দিতে যাইতেন নাচা করিব না এলে সামনে সামনে যাইতে নেই অনেক প্রজাপ্টির প্রয়োজন
/kaggle/input/regspeech12/test/test_rangpur_0008.wav,কে তোমরা হাস শুনবেন
/kaggle/input/regspeech12/test/test_sylhet_0452.wav,বেশির ভার মনে হল ভাষা থাকে না অন্য বিস্তীর্ণতা আবার মনেছে নিয়ম যেমন এক সপ্তাহ হইতেন আমার সাথে খালিকা আমি আমার জামাইয়েরা হইলাম যেও আমারে পনেরোশো টাকা দিলাম একটু বাড়ি দেয় যে ভিড়া বলে এত মীয়ম হবে আইসো ফার এক্সা আবার পনেরোশো টাকা এখন জমা যাইত না যাওয়া হবে
/kaggle/input/regspeech12/test/test_sylhet_0701.wav,এখানেই থাকে হারুয়ে মাত্রি আপনি কি তখন রয়েন
/kaggle/input/regspeech12/test/test_narail_0060.wav,কী বলছ এটুক্ত এটুক্ত বিক্রি দিতে পারতে না ওই ভাই প্লেয়ারভোড়া হচ্ছে চাকরিতেও আর তারপর পয়সাকাড়ি হলে তারপরে যেসব বুঝবেনি সেই সময় আদেশ কিনে
/kaggle/input/regspeech12/test/test_sandwip_0121.wav,কহিলাম না না রেখো বাড়ি বেশি খাইতে চাইলে অল্প লাগে অতিরিক্ত বেশা এবং অ্যানাথিনিক ব্যাসার যে নাতিলের ব্যাপার হিতে আরেকটা না দুর্বল আছে হিতে মাইয়া হোক এক ক্যারে মাইনি ও আঙ্গ
/kaggle/input/regspeech12/test/test_sandwip_0073.wav,কাজ করি গেলে ফিরিয়ে দিবে আগের পাশে কোনো অসুখ বিসুখ ছিল আর সেই ধরন একটার অপছন্দ করে বিরক্তই কেউ দুটি নিয়া লইল
/kaggle/input/regspeech12/test/test_kishoreganj_0092.wav,কি কো পাকিস্তানি ভাষা কোন সুইডেন ভাষা কোন তুম্ক নাম কেয়া তুম্ক নামকে হেমুস কহে তুমি কি কী করো তুম্ক নাম কেয়া
/kaggle/input/regspeech12/test/test_narail_0002.wav,বাগানে বাছার ইলিয়াসার নিরীপেন বাছার আর ঐ জ্যাটটা কি নামজানো ইলিয়াসারের বাইরে বেটা হয়েছে কী বলো না দেশেরা জমি তাতে তো বাবা টাকা পয়সা দিয়ে
/kaggle/input/regspeech12/test/test_kishoreganj_0099.wav,হেদু গাছ কি মু না অন্য কালা
/kaggle/input/regspeech12/test/test_narsingdi_0092.wav,রেডি বোর্ড অনুষ্ঠান বাড়া দিলাম বাহিরে আমি কিছু না বাবার কি আছে মাইক আছে ঠিক আছে একটা সাউন্ড বক্স একটা গুলি আছে এবার ডাহাতান বিটা করিয়া
/kaggle/input/regspeech12/test/test_sandwip_0097.wav,আমি সিইসি লোকাল গেলে আমরা অটো লোকাল গেলে নিয়ে যাই তারা আমি আঙ্গুরিস্তান লাকিয়ে দিছি হ্যারিস্তান তো জানান সমস্যা কি ছিদ্রা দিয়ে
/kaggle/input/regspeech12/test/test_sylhet_0330.wav,আমি বলতাম কর্ম ও হাজার শিবারী চাকরি করতাম কর্ম ও ইংলিশ মিডিয়াম বিভিন্ন স্কুলও চাকরি করলে তো আমার খরচটা আমি ব্যয় করতে পারব আমার তো যে ইউনিভার্সিটিতে যাওয়ার পর থেকেও সেল ডিফেন্ডেন্স হওয়ার একটা টেন্ডেন্সি নিজে নিজে খরচ করিয়া ইউজিষ্ট
/kaggle/input/regspeech12/test/test_kishoreganj_0063.wav,ইঃ ফুলাভান এই দৌড়ে কেলাইরা
/kaggle/input/regspeech12/test/test_sylhet_0295.wav,আমার ফ্রেন্ড যেটা তাইরো বিয়াভিকে স্থানে তাই জামাই তালিত আছে তাই গিয়া বড় বড় রিং দেখে আর আমি গিয়া ছোট ছোট রিং দেখি এখন তাই আমার এক হয়েই তুই তো কিটা দেখস তুই একটা বালা দেখিয়া দেখস না কেন তার ছোট ছোট রিং দেখস কি তখন আমার মাঝে কাজ করে যে আমি যদি একটা বড়োর ঋণ তখন চুজ করি আর এটার যদি পেমেন্ট করতে পারেন না তাই না একটা স্মরণ পাইবা
/kaggle/input/regspeech12/test/test_sylhet_0200.wav,কেউ দাঁড়াইতাম কেউ বইত গলা বইয়া দাঁড়াইয়া কোন রকম করা আর যখন দেখছি যে না টেবিলে দাঁড়াইয়া পড়তে পড়তে পাউরুবেদনাভিজিত তখন আমরা টেবিলের তলে বইতাম মায়া হরি আম্মায়া হইতে আচ্ছা করা লাগত না হুমায় যাও
/kaggle/input/regspeech12/test/test_sylhet_0496.wav,হেমন বাদের মধ্যে ওর যাও বলিয়া দিতাম পারি না সব মানুষ অস্পিটের রাজ্যে দৌড়িয়াছে সি পর্যালয় এখন তাই এখন আমার ফাঁস বন্ধু নাকি তা হওয়া বাথরুময়ে মন খারাপ খুটছে আমার লাগছে সবকিছু খুলিয়া মারা ইচ্ছে পড়ছা পড়ছা গোকা মানে ছিডিয়া করিয়া চাইয়া আমি এদিকে স্থায়ীভাবে না দেখাম না বয়ের দলা রে বাবা খালিটা যে এটা শরীর পরিচানিত তোর আমি একবার সেনিয়াদের সামার তো বিয়ে গুরুক জেনে দোরা কিন্দু তা তো দোরা না নাই বিয়া গুর্ত তোরো বা গুর করেছিয়েছি
/kaggle/input/regspeech12/test/test_sandwip_0039.wav,কি মেয়ের জিগ্যাসী নাম কোনো রকম মানুষই যে কি মেশিন করিতে নাম না
/kaggle/input/regspeech12/test/test_barishal_0048.wav,আপা আমরা একটা কথা কই দিদি আমরা একটা জিনিস বোঝে কোন মানুষ কি চাই যে গৌর একটা ধন্য মানুষ হবে আমরা কি অসাধুজন লোক এরপর কওয়া লাগে খেয়ে দুঃখ তোর তোড়া লাগে এই কামগুলো করে মানুষে
/kaggle/input/regspeech12/test/test_barishal_0007.wav,আমার মতো দিনমজুরি রিকশালারা ভ্যান্ডালারা বদলা কমলারা জীবনে মা বাপ আলাইবে না আজ্ঞে যদি মাহেও হইবিস না পানি পরিষ্কার করে তম হালাইদেন আর এই যতই দুই একটা বড় ধরনের ঘটনা দেহে বড়লোকের ভিতরে হয় মানসম্মান তো একটি সেবা যে মা বাপ পরিচয় এদের তারে না
/kaggle/input/regspeech12/test/test_tangail_0036.wav,কোনো একটা মানে হিস্টোরিটেকাল ছবিও পরে দেখলাম যে না যদি আমি অনেক পরে দেখছি এই ছবিটা অসম্ভব একটা সুন্দর ছবি যদি এটা যারা প্রথম ছবি দেওয়া শুরু করছে তাদের পক্ষেটা
/kaggle/input/regspeech12/test/test_narail_0079.wav,আমার ফোন সব অবস্থা ভালো না তুই কথা বলতে এসে সবার বুন্দি রাগারাগি করবে না তো বুন্দি রাগারাগি করবে
/kaggle/input/regspeech12/test/test_sylhet_0131.wav,এই দ্বারে তো একটা তোর বাইর দুই দুই অবস্থান রাখা প্রক্রিয়ার দিকে আর আমি তো একটা বাসা থাম করতাম কাজ
/kaggle/input/regspeech12/test/test_kishoreganj_0083.wav,লুয়েরা আমরা দেখাতাম না জায়গাটা আর কে জায়গা কাজ শোনা কতকাল লাগে না আটটি গেলে এলে এ ঘণ্টা হুম
/kaggle/input/regspeech12/test/test_sylhet_0344.wav,তখন আমি কহিলাম যে এখন তো চাকরি করতে সমস্যা নাই বাচ্চা ইচ্ছে দুনিয়া মোটামুটি ডিসিআর সোসাইটেইন তো এখন ফুটকিবার্কি চাকরি করি দেন তাতেই হইলে এখন তুমি করতে আমারও সমস্যা নাই
/kaggle/input/regspeech12/test/test_noakhali_0009.wav,কাগজ সেক্সুরিটার বাজার সব দরকারি কিনছেন আপনি আমার কিছু জানে না কিয়ে আগো
/kaggle/input/regspeech12/test/test_sandwip_0130.wav,আর একদম অ্যাস একদম আঙুইয়ের হলেম না যদি আইনের ফ্যাসার দিতে মেরব আঙুই হলাম কোথায় কী করে দিছে
/kaggle/input/regspeech12/test/test_sylhet_0727.wav,বিয়ার দিনেও তাহা লাগে আর বাদের তা না কিছু হয় না মানে রুজা না দুই দিন ধরে অন্য রাত্রে তো ব্যথা হয় না
/kaggle/input/regspeech12/test/test_sylhet_0675.wav, আন্টি আয়ুন এদিকে আয়ুন আপনাকেও কাগজ হইল মানে করেলাস আপনার দিকটি কোনটি প্রশ্ন মাস্টার স্যার
/kaggle/input/regspeech12/test/test_sylhet_0499.wav,যাওয়া আসাও এরপর আমি যাই প্রতি শুক্রবারে তো সকালে ফোন দিছে নারী ও গোবাসার কিনে গেলে তোমার সব প্রতি শুক্রবারে আমার ননহরি বাণিজ্য আমারই বোন বড় জোনাকিলে না নোন হরি হই আর আমার ছোট রোজের আকারে নোন অন হইয়া কিল ওরকম সব দলই বা আমরা সব যা লোল আছে আমার বড় জালা বাড়ো তাই নোবাসা করে
/kaggle/input/regspeech12/test/test_sylhet_0080.wav,আমি নাকি আমার মেয়েটাই আমার বুঝে এনে আমি যে নাই কেন আসলাম তোমার গান গান করো না
/kaggle/input/regspeech12/test/test_kishoreganj_0116.wav,কোনটির জন্য পানীয় উদ্ভিদের উপর নির্ভরশীল খাদ্য কোনটির জন্য পানীয় উদ্ভিদ উপর নির্ভরশীল খাদ্য কোনটির জন্য পানীয় উদ্ভিদের উপর নির্ভরশীল খাদ্য নিচের কোনটি সঠিক খাদ্য শৃঙ্খল সাইটেমিকোল গ্যাস ফরি গাছ সাপ ব্যাঙ্ক
/kaggle/input/regspeech12/test/test_tangail_0037.wav,বুঝা একটু কঠিন হইতে পারে ছবির একটু লম্বা স্লো মনে হইতে পারে কিন্তু ছবির ভিজুয়াল থিম সব সুন্দর তবে দেখা ভালো লাগে পুরা লাস্টের দিকে যায় আপনি এটার লিডা বুঝবেন মর্মরা বুঝবেন
/kaggle/input/regspeech12/test/test_sylhet_0183.wav,আচ্ছা তো আপনারার অনেক সময় নষ্ট করলাম মনে করেন না ছিড়ে দিতেছে গেল
/kaggle/input/regspeech12/test/test_sandwip_0114.wav,কমা শহরে একদিন স্কুল আছে বেতন বেতন দিবালায় মনঃপতন ফেমেন্ট করিতে সমেনা দিতে সমেনি করিতে হয় মৌমাছা যে এতের তো বনোদিন নাই কিন্তু সেই মাসে কিছু কোনো উপস্থিতি নেই ফারেজি গেলেই অবস্থা কোয়ান এমন আমাকে দেখি যে ওপর দিয়েছে
/kaggle/input/regspeech12/test/test_tangail_0015.wav,এইডসে আক্রান্ত হয়ে যায় পরে একদিন মেরির সাথে দেখা হয় মেরি পরে ওর বোঝায় সব মানের মেরি ওর সাথে অনেক কথা হয় পরে ও নিজের চেঞ্জ করে ফেলাব বলে সিদ্ধান্ত নেয় পরে আবার যায় কুইন ব্যান্ডসের সব সদস্যদের সাথে কথার কথা কহিয়ে
/kaggle/input/regspeech12/test/test_chittagong_0073.wav,প্রতিটি আসিল তারপর আরও আমরা পরিচিত এনকে আর মামাতো বোনার অধিকার পর্যন্ত হল ডিজিটাল বোর্ড ধারা কিন্তু সোয়ালের টিয়াকের নাম বেশি ছিল বেসরকারি তৈরি অনাকুল্য ফেলাইব কিন্তু টিয়া না হত সরকারি তোটি আলোকে বলে
/kaggle/input/regspeech12/test/test_comilla_0020.wav,তাহলে বিষয়টার মধ্যে কিন্তু অনেক ইয়া ছিল আবার কায়েন্টের তার একটা আমরা যখন যাই পরে আর কায়েন্টের তার দেখি নাই কায়েন্টের তারটা ছিড়া সবাই ধারণা করতেছে যে ধূলনার যে অ্যালুমিনিয়ামের যে ইয়াগুলা থাকে না সম্ভবত এই ধূলনার রশিটাতে কায়েন্টার তারটা ছিড়া পড়ছে এরকম মানে এটা ধারণা করতেছে
/kaggle/input/regspeech12/test/test_kishoreganj_0074.wav,তোর দাদা দাদা তামিলের তামা তুমি ভাই একটা লোকেরা তুমি ভাই একটা নেগেরা
/kaggle/input/regspeech12/test/test_sylhet_0759.wav,ফারানা হয়েছে মানে ফানির চিটা পড়লে একই মহান উনি হয় না
/kaggle/input/regspeech12/test/test_habiganj_0065.wav,ওই সিক্স সেভেন এইটা থাকতে আগে হালি টুকার টুকার বাহির করতাম আনন্দ পান পরে বাংলা ইতা ইতা কোন বইয়ের মেঝে গল্প আছে এটা তো টুকার টুকার সব পড়িতাম আর এমনেও পড়ি গল্পের বই আর ওখান্ত মোবাইল আইসি ভর্তিকা মোবাইল ই মাইতে ছোটগল্প দেয় মোবাইলের গল্প ভাল লাগিয়া পড়ি কয়দিন আগে আমরা পরীক্ষার আগে মোবাইলের গল্প এমন নিশা ঐতিহ গল্পের বই কি না ভাল লাগে না
/kaggle/input/regspeech12/test/test_sylhet_0639.wav,সুতা করতে ভালো লাগে বেশি
/kaggle/input/regspeech12/test/test_sylhet_0244.wav,এর আগে কহিলেন আমি তো এসেছি তে যেহেতু জেলার মধ্যে ফার্স্ট হইছি তো বোর্ড স্কলারশিপ পাইছি বোর্ড স্কলারশিপের কারণে আমি ইন্টার পর্যন্ত প্রিফিউ করিলিসি অম্মত কিন্তু উজ্জ্বল আস্তে আস্তে হুশটেলও থাকতাম
/kaggle/input/regspeech12/test/test_sandwip_0080.wav,কাটেলে কাটেলে কাটেলে ঘুম
/kaggle/input/regspeech12/test/test_kishoreganj_0069.wav,না আমি চৌকি পাই না রাজা হল ভাই
/kaggle/input/regspeech12/test/test_sandwip_0035.wav,আল্লাহ কী রেন্সেনার জেনারেল
/kaggle/input/regspeech12/test/test_sandwip_0048.wav,বুড়া উনার মাথা হোসেন সরোস্য নিশ অনাহুরিত লাগিতে থাকি
/kaggle/input/regspeech12/test/test_chittagong_0137.wav,কিছু হয়ে গেলেই আর আরো হাতে নাকি আরো হুন বাসুদ তুলি দিত নাই আয় বলিয়া বাসুদ ঘুরিয়ারে হালাহাল নামে যেত মায়ান্দ্র কিছু আগাম আত্মা তো চিনি নিই আয়না ফার্টি মাইনা পারাহার হাতেই তাড়ালেন ঢোল দিয়ে
/kaggle/input/regspeech12/test/test_sylhet_0069.wav,তাই আপনারা ধর্মীয় আচার অনুষ্ঠান লইয়া যদি কিছু করেন পূজা পার্বণ লইয়া বাকি দাকুরুণ কি কোন পূজা কি দাও হয় ফেরেশতে যাতে গেল আমরা বিদ্যায়
/kaggle/input/regspeech12/test/test_kishoreganj_0148.wav,হাম বাতালে হ্যাঁ উচ্চ সেরে গান বাজিয়ে এবং লাইট পিকার এবং মাইক বাজিয়ে মানুষ শব্দ দূষণ করছে আমি দেখেছি শব্দ দূষণ মানুষের মানসিক ও সাহায্যিক সমস্যা সৃষ্টি করে
/kaggle/input/regspeech12/test/test_kishoreganj_0009.wav,বহু জায়গা আছে দুই একে কুইন্টার এক বাজার
/kaggle/input/regspeech12/test/test_sylhet_0083.wav,এটা হচ্ছে বাসালির মুখে নির্মাণ বিশ্বাস করলুম হ্যাঁ শেষ করিনি ইস যে মশা একটু তোমার বাসায় রিসাইডে নেই না বাসায় না একটু হাঁটতে হাঁটতে মাতি
/kaggle/input/regspeech12/test/test_sylhet_0570.wav,দুর্বলতা নয় স্যালাইন টেলেন্টাসের ভিটামিনের মারার ন্যায় ডাক্তারের কাছে নিচ্ছে বা সারু কন্টিনিউটের ওষুধ ছিল হার্জ হাউমাকায় ঘুরায় আনানি আর আন্দায় প্রাণা অংশ পুঁজি আছে কিছু হলে সুস্থ থাকলে আজ তার খেয়াল আলোয়াল করেন না
/kaggle/input/regspeech12/test/test_tangail_0076.wav,ওই থিউলির যে বেড মানে বানিতার যে বেড নায়িকার যে বেড ঐ বেডের পাশে রাইখা আছে পরে এই ফুল ওর তো আবার পছন্দ আছিল আগে থেকে এই ফুলের বাসনা তো মানে কথা না বলতে পারলে অনেক সময় সেন্স কাজ করে ওই সময়ের এই সেন্সটা মানে
/kaggle/input/regspeech12/test/test_sylhet_0669.wav,আপনি এমনে হাল ভাইস নেই আমার ছোটবেলা বিয়ে হয়েছে তের বছরের বিয়ে হয়েছে
/kaggle/input/regspeech12/test/test_kishoreganj_0173.wav,নিরাপদ পান নিরাপদ পান পুকুরের পান নিরাপদ না অনিরাপদ পুকুরের পানি নিরাপদে রেখে যাচ্ছি ও নিরাপদ
/kaggle/input/regspeech12/test/test_sylhet_0741.wav,তার মানুষেরই জীবন আগে কর সম্পূর্ণভাবে তারারই কানালোকে সম্পর্ক সেয়েছিল মোহাম্মদ দেখবায় হামিদাসুদেই বাহিস মাস্ক বা এত স্থান হলেও আলোকিতে আবার আমরা কেন তাহা নাই
/kaggle/input/regspeech12/test/test_sylhet_0433.wav,তুই জানিস না হয়তো যদি খারাপ হই যে রে বাবা তা আমি একটু পরেও গিয়া খাই পরে একটু ফলে দেখি না ম্যাডামরা পছন্দ বেশি লাইটা ধর্ম একটা হালকা ইফতার করি মুখ নিয়ে কইরামি কিন্তু খাইয়া না পরে আমি করি স্ত্রীভূষী আন্টি আপনি কি হত্যা করিলেন বাবা বাবা বাবা দেশ খান বাড়িতে ফান্ডা ইয়া করে প্রাণ মুছিয়ে উঠিয়ে দেওয়া কইরা বাবা তুমি ফান না করিয়ে না তুমি বালা বির
/kaggle/input/regspeech12/test/test_sylhet_0737.wav,অগ্নিসাক্ষী লেখে আপনারা
/kaggle/input/regspeech12/test/test_kishoreganj_0068.wav,মুসুম মামার দুইটা ছাউ হইতেছে বাতাল দিয়া চাপাইছ
/kaggle/input/regspeech12/test/test_sylhet_0346.wav,ও বিসিএসের নিয়োগের আগ পর্যন্ত আর প্রায় দশ মাস যখন তখন বাইরে অভিজ্ঞান দিছি বিসিএস হইল হইয়া
/kaggle/input/regspeech12/test/test_sylhet_0162.wav,বাড়ি মুখ রাখিয়া সাইজ পরিষ্কার নালে হত্যাদের হামিদ কে পাইয়া বৌ বাচ্চাই জামাই তুমি বল পাইলা কোনোমতে আছে না কেন বন্ধুকের ফুল্লি থাকোনো কোনো অভিযান যার অভাইজার
/kaggle/input/regspeech12/test/test_kishoreganj_0189.wav,ব্লুতনির মাটিতে কিছু পাবে না
/kaggle/input/regspeech12/test/test_sylhet_0540.wav,স্যার যা সারা দিন আগ লাগের হালে আস্তোত্তর করি কোনো সমাধান আমরা এলাফে ক্লিক মিস দেই না তাহে না আলাদা একটা গেস ফোল্ডার ক্রিক্টিং করেছি পরে লাস্কে তিনটা সময়কানি ব্যানিসের নিশা ফালায় বড়
/kaggle/input/regspeech12/test/test_narail_0108.wav,আর আছে শুধু ফ্যাট টিস্যুটা ওটার এখনো কোনো পরিবর্তন হয়নি ফ্যাট টিস্যুটা ওটা দেখি এবার যে আবার দেখাতে হবে কী হয় না হয়
/kaggle/input/regspeech12/test/test_kishoreganj_0058.wav,এই যে ইলাহ জীবন
/kaggle/input/regspeech12/test/test_kishoreganj_0080.wav,দুই দিন আছে বেছে না খায়ালা দাদা ফাঁপাতে স্কার বেশ ছিল না বিছানা
/kaggle/input/regspeech12/test/test_rangpur_0064.wav,সে আপনার বিয়ে করতে আছে আপনার বিয়ে করতে সাওয়া হিসেবে আপনির বিয়ে করতে ফের মোরে হইলেই আহ্বান মোরে যেটা দোকানের বিয়ে নাই তারা নন্দ গিয়ে বসেছে ওই যে আমার বাহ্যা আছে
/kaggle/input/regspeech12/test/test_sylhet_0497.wav,ষপদ বাবা এটা কীভাবে আসল তুমি কি টানছ বাথরুমে যাইয়া তুমি কি চাপ দিস তুমি কোনো ব্যথা লাগিয়া নিয়েই গেছিলে ফারিমিডিয়াও ডিআই আছে এবং আর বার মাতা জিকু কিলে আইসে তখন কিলে এই যে আমি তো জানি না আমি কই করিছি তাই না মানে একটু দড়িও হুইস না আর এনো আমার টাশ করিয়া একটু লাগছে লাগার হন মানে মনে হচ্ছে তারা টানছে মনে একটু ডিলা অফিসার ওলান যেন বইছে উঠিয়া আর এগুচে আস্নাহী থেকে গেছে সম্ভবত শিলে মানে কষিয়া ছিট ছুটিয়া গেছে আর আল্লা রহমার
/kaggle/input/regspeech12/test/test_sylhet_0188.wav,অনো আব্বা মা আমরা আট ভাই আমি যখন নয়জন আমি যখন গ্লাস ওয়ানও করি তখনও আমার বড় ভাই বিয়া হইতে তারপর থেকে বড় ভাই বড় ভাবি
/kaggle/input/regspeech12/test/test_rangpur_0025.wav,তোমরা গুরুভাবে সবাই গেছ তাও যাই আমার বউ আগে যে এই বাড়ির মানুষ এই যে নীলিপুর গরো পুষ্কর সর্বপ্রথম ফতাকানো এই যে তোমার নামে নবু তোমার নানার কাছে
/kaggle/input/regspeech12/test/test_sylhet_0612.wav,আব্বা জানেন নিলাল আসিলেন গোসল সামানের গল্পে গোসলা আইনানুযায়ী সাকিব বরুন তাঁর জানালাও বাদে না
/kaggle/input/regspeech12/test/test_habiganj_0051.wav,ধর্মীয় বৈঠকে একটা করি প্রার্থনাত্মনা করি গানুন গায় গাইয়াতে
/kaggle/input/regspeech12/test/test_sylhet_0648.wav,দেশের মতা নাকি দেশের কোথা আছে বোকা থাকাও পাখিরাকে নীল তৈরি জলে গাছে নীল তৈরি জলে গাছে আমাদেশের মতো নামুনে দেশটি কোথাও আছে তো এলে কোয়েল কুটুমে পাখি বনে বসে
/kaggle/input/regspeech12/test/test_comilla_0011.wav,হয়তো এই দুলনার কাছ থেকে ওদের রিয়ার্সাল রুমের দূরত্ব হয়তো তিন চার মিনিট হবে ওখানে যাওয়ার পর স্যার যখন বলছে যে রিয়ার্সাল হবে না তো তখন আবার ফিরা আবার দুলনার কাছে আসছি আয়েশা দেখেছে ওর বান্ধবী যে নুসাইবা সে দুলনার মধ্যে একদম অদ্ভুতভাবে বসার আছে
/kaggle/input/regspeech12/test/test_sylhet_0107.wav,সাত হাজার টিহার দিত সাত হাজার টিহার লিট হুসলো নেই মাইক্রিয়া কই শিয়ে আমরা হুসলো করো না হতে যাবে না পরে মনটা ফেলিলাম সাত হাজার টিহার দিলে আমরা লেগেও আমরাও খুঁজছি পাশাতে হ্যারা হাজার যে হা নেই তিহা মুদ্র শেষ হই যাক
/kaggle/input/regspeech12/test/test_tangail_0069.wav,মানে জানে তখন ওই যায় হাসপাতালে আর ওরা দুজনকে পছন্দ করত মানে কিন্তু বরুণ ধাওয়ার মতো সিরিয়াস ছিল না আর মেয়েটাও মানে যে নায়িকা অর্থাৎ মানে দুজনে কেউ কারো বলে নাই বরুণ ধাওয়ার সিরিয়াস ছিল না মেয়ে দাওয়াও
/kaggle/input/regspeech12/test/test_tangail_0063.wav,আর বরুন্দা ওরা বানিতা দুজনেই হোটেল ম্যানেজমেন্ট আর ট্যুরিজমের মানে স্টুডেন্ট মানে ওরা হোটেলে এখন আর জপ করে সম্ভবত মুম্বাইর কোনো একটা ফাইভ স্টার হোটেল ম্যানেজমেন্টের কাজ করে
/kaggle/input/regspeech12/test/test_sylhet_0761.wav,আমরা মাসিকের বোন জি জেটার গরুর বোন নাই বোন জি বলতে তাকে তো মার হালা না না নিজের বিধবা হবে না আমার তাই হালা
/kaggle/input/regspeech12/test/test_sylhet_0402.wav,পাঁচ বছরে সাইশ জন মানে ঠিকঠাক পুরা তাকে ওই বাসনে তার মারা যায় ও সমস্যা এখন আর যেন রাস্তা ভিতরে খাইয়া জাগায় জাগায় উপায়তা করিয়া লামে সকালের এইটা বিমান দিয়া ডাহাত আবার বিকালে এইটাম ও রোহুম চলাকিলা হচ্ছে এর খুব ব্যবসা থেকেই তো
/kaggle/input/regspeech12/test/test_kishoreganj_0091.wav,লুডিকা ঘুম যাচ্ছে না বালা বালা ঘুম দাওয়াচি করতে
/kaggle/input/regspeech12/test/test_sandwip_0094.wav,কেন না লাইকেলের নেকের মাথা না থেকে বেশ ভিতরে বেলিয়ে বুঝি বা দুই বেলিয়ে দিতে পারি
/kaggle/input/regspeech12/test/test_sylhet_0436.wav,ভুল করলে তো আল্লাহ আমার বুঝিয়া দিতাজ ও ভুলটা তুমি করায় আবার এবার যে আমি ভুল কি তার হর্ণ আমি বুঝতাম তাই না আমি নিজের মুখেই বুঝি গেলাম মনে হয় আমি কোনো ভুল করলাম আমরা বেশি সম্ভবত ওরকম বলে যে বাবা হয়ে যান এখন
/kaggle/input/regspeech12/test/test_narail_0134.wav,তোমরা দুজনক বা ইংরেজ বা ইংরেজের সংসার করতে পারতাস দুই ভাইবুলি বলেছিস নে তুই যেরকম বাড়িতে আর মারেতে আর কোন জায়গায় যাতে পারবি নাই
/kaggle/input/regspeech12/test/test_narail_0094.wav,আমি যদি মনে করছাম তাহলে তোর সাথে কথা বলতাম না বদমায় শিফানা কথা করছে আমি কিন্তু এরমি কথা খালি মানে যে রঙি আর কী ফজলে মেরে কথা এটা তুমি জানো ভালো করে একসময় তোর সাথে আমার যে পরিমাণে কথা হয়েছে তা কারণ তার সাথে তো
/kaggle/input/regspeech12/test/test_narsingdi_0055.wav,আন্ডার রেলিফ মিউজের চার শেষ হোক দেখা করি
/kaggle/input/regspeech12/test/test_sylhet_0425.wav,পরে যাক লন্ডন থাকি ম্যাডামের জন্য কারণ করিছিল তাঁরা মন থাকি ডাক্তার মিনাস করতাম তাই না বা ডাকাতে গিয়া বল মাঝে মাঝে বাংলাদেশ আইন করে তাই নির্বাচন হচ্ছে আমার বিশ্বাসীরা এগিয়ে পড়ে আমাদের ম্যাডামি মারছেন কোনো মারছেন ভিডিও কল দিয়ে
/kaggle/input/regspeech12/test/test_chittagong_0111.wav,নাইমুর আইডি বলছে আর্টার্ন গোর্ডের নতুন ব্লক মাইজানীন হয়ে আতাড়াতাড়ি ফিরিয়ে মেসেসকের সাথে জিজ্ঞাসা করান বাসে সুরমার দিচ্ছে
/kaggle/input/regspeech12/test/test_narail_0084.wav,বুঝিনি আপনি কি বাসায় ছেড়ে অনেক বলুদ পুরায় ছিলেন আর সেটা এক সংক্ষেপের যুক্তি অঙ্কুশ করে অঙ্কুশ করার মা ওর বাবার কাছে রয়েছে
/kaggle/input/regspeech12/test/test_sylhet_0021.wav,প্রাইমেডিসি পূজাটা হচ্ছে বেলগাছে নিচ্ছে মা প্রতিমার কাছে নাই তারপরে প্রথম দিন পূজাটা হয় সপ্তমী পূজা সপ্তমী পূজার দিন সবাই আমরা যে তিন দিনে তিন দিন পূজার সপ্তাহের তিন দিন আমরা না খেয়ে মার কাছ থেকে অঞ্জলি প্রদান পূজা ঠাকুরে করবে
/kaggle/input/regspeech12/test/test_tangail_0028.wav,তুমি আমার সোলমেট ডেসটিনি তুমি আমার ভাগ্যেই লেখা ছিলাম তারপরে এরকম হয় পরে আবার জোনাথন আর সারা দুইজন দুইটা ভিন্ন লিফটে উঠে বলে যে আমরা যদি একই ফ্লোরে আবার এপ্রেস করি আমরা যদি আবার একই ফ্লোরে আসি
/kaggle/input/regspeech12/test/test_chittagong_0091.wav,কেউরি নয় আর কলের জমির পলক কলস তাহলে কী রকম হলো জানা ভাটাই হাসানা
/kaggle/input/regspeech12/test/test_kishoreganj_0147.wav,শব্দ দূষণ শব্দ সব্দ শ্রেণীর ঠিকানা হোম বাজার শব্দ শ্রেণীর শ্রেণীর শ্রেণীর শ্রেণীর শ্রেণীর শ্রেণীর শ্রেণীর শ্রেণীর শব্দ শ্রেণীর শব্দ শ্রেণীর শ্রেণীর শ্রেণীর শ্রেণীর শ্রেণীর শব্দ শ্রেণীর শ্রেণীর শব্দ শ্রেণীর শ্রেণীর শব্দ শ্রেণীর শব্দ শ্ব
/kaggle/input/regspeech12/test/test_habiganj_0064.wav,যদয় কম দামিতা লইয়া মা আমার একটু বক্তে হয়তো ওর বড় সাহস হয়ে গেছে যে আমরা না হইয়া ওই জায়গা মার্কেট ও বান্ধবীয়রার সাথে গিয়া সেটা থাকুর ওপর নিজে নিজে কিনে নেয় না লাশ আমি তো যে গাছ লাগানি বই কিনা গাছ কিনা ঐগুলার লেগে অনেক ভয় ফুল গাছ লাগানির লেগে বাড়িটা যেকোনো মতো ভাবছি খালি কৈত ইতাকে লেগে আজ এরা গাছ লাগাছ ইটা এখানে রাগাস করে ইটা লাগান লাগত না হইত না আর এটিকে লাগান লাগত না আর এটিকে কেটে কিনান চোষ
/kaggle/input/regspeech12/test/test_barishal_0072.wav,ধর্ম ওর কানে হিন্দে ঢুকো হিন্দে বাই করে দিবি নট আলাউড মাইরে খাওয়াইতে হেইরেম যদি হয় হয়তো হয়তো ভালোই হেগে আমরা মূল কারণেই যে কথাপায় এটা কহিলাম আমি মনে করেন মানুষ এইরম হইতে পারি সাদা কাগজে লেখি তুমি এর একটা কথা যদি কেউ ঘুরেই হেলাইতে রেজে নাওয়ার এই একটা কথা মিথ্যা
/kaggle/input/regspeech12/test/test_tangail_0058.wav,বলার টাইম নেয় না আর কি এরকম অথচ আপনি আপনার সারাটা জীবন মানে তার সাথে খুবই রাখছেন কিন্তু সে বিদায়ের সময় সে একটা গুড বাই ওয়ার্কি বলল না এরকম আইসা পোস্ট ইন দ্য ইন দ্য হোল অফ লাইফ বিকামস এন্যাক্ট অফ লেটিঙ্গ
/kaggle/input/regspeech12/test/test_kishoreganj_0094.wav,নামাজ পড়ি মুছিল তালামের জায়গা
/kaggle/input/regspeech12/test/test_barishal_0090.wav,তার বাণ্ডের অভাব নাই ভগবানের আস্তিক জায়গায় এখনই খাবি না তারা বানাইছিলাম এই আর একজন আলোকে যেন কাছের মাথায় ওঠে ব্যাভাক পা রয়েছে
/kaggle/input/regspeech12/test/test_kishoreganj_0093.wav,হ্যালো তুমি থাকছ না নমস্ক হয় মাদক্ষ তা হস না নাও পেরেগুলো খোক না মুচি দেও তো আমার আগে মুচি দেব
/kaggle/input/regspeech12/test/test_habiganj_0043.wav,বেশিরভাগই বালা লাগে কিন্তু এর মাঝে হাতে একটা দুইটা বাল লাগে বালা লাগে বেশিরভাগই কিন্তু ঐ যে মুবাইল লইয়া যে বইয়ে তাহি ইতাল লইয়া যে বকেয়া ধ্যা ইডায়েন অমিলে ঐ হালি মন হয় যে না বালা না
/kaggle/input/regspeech12/test/test_sylhet_0431.wav,মানে একুশ দিন না চৌদ্দ দিন পরে এগুলিতে আমার সিট ফাটিয়ে দিলে এইটা পৌঁছেন যে তিন মাস পরে আরেকটা অপারেশন করে টিপ করব মানে এক অপারেশনে টিপ কম আর একটা অপারেশন সাড়ে তিন লাখ
/kaggle/input/regspeech12/test/test_tangail_0075.wav,শিউলির যাহা হওয়ার তাতে হইছেই আমরা আশা করি অসুস্থ হয়ে পড়ব এরকম পরে বরুণ ধাওয়ান যখন আয়ের মানে আয়েশা বর্ব ঐ সময় আবার অক্টোবর ছিল ও শিউলি ফুল নিয়ে
/kaggle/input/regspeech12/test/test_chittagong_0077.wav,বিচারের মধ্যে আয়ার্চ হয়েছে তুই না আয়ার্চ করা যায় সাহসের আলাদা আর রাকস্য আলাদা এ সাথে আয় গেলে তো ভালো হয় কিন্তু যদি দল বেসরকারির মতো ফর্ম ভরে
/kaggle/input/regspeech12/test/test_sylhet_0031.wav,সবাই যে দোকান এই দশ বার হাজার মানুষ হয় সবাই দশ টাকা নিস্তার চোর দিত না আরও বেশি দিব সেই পঞ্চাশ টাকা থেকে একশ টাকা দেয় যার যে মনের প্রেমের বকা দিল দিয়া নীলতা নবমী পূজা শুরু হইল
/kaggle/input/regspeech12/test/test_sylhet_0734.wav,পাশী বিয়ার দিন আবারও এক নেড়া সাক্তা
/kaggle/input/regspeech12/test/test_sylhet_0345.wav,তখন হইল গিয়া ভাইবাদী লাইসিবিসিএসে ভাইবাদ দিয়া আমি কোন দিন রেজাল্টাইগুয়ার কোন দিন একটা গেজেট নিব কোন দিন নিউজ পাইনু ও ফাঁকে গিয়া আরেকটা চাকরির লেগে এপ্লাই করছিলাম এইসব বাংলাদেশ তখন এটা ফার্স্ট ক্লাস চাকরি হয়েছিল এগার হাজার স্কেলে ও চাকরি করছি
/kaggle/input/regspeech12/test/test_narail_0122.wav,দেয়ানোর পরে ওরে খুলনায় নিয়ে অ্যাডমিশন করে দিও তোমারে কালিয়ার স্কুলের পড়াতে বেনা সেটা বলল আচ্ছা ঠিক আছে শাহেন স্যার জানিস মুখুশি এত ভালোবাসে শাহেন স্যার কেন সব স্যাররা ওরা খুব ভালোবাসে তুই বুঝতেছিস ছয় মাসের ভিতরেই এক মাস ক্লাস করেছে এক মাস প্রাইভেট করেছে ছয় মাসের ভিতরে
/kaggle/input/regspeech12/test/test_narail_0023.wav,শিলা ওই আইসে গেছে খাইছে নেছে সেই যের সাথে এই আগে কোনোদিন পরিচয় দিইনি এই ছোট ডাক্তার শেষকালে তৈরিয়া সেই যের সাথে ছুটিয়ে যায় খাতার ভেঙে এই যের সাথে খাতারা ছোট দিয়ে কোন দিনে তোর ছোট মা তাদু ছোট মামা
/kaggle/input/regspeech12/test/test_sylhet_0657.wav,আমার তো দিন যায় আছে তখন দাদুয়া চাকরি মোটা কমিশন বার্তা ভাই এই ওটা হরিয়ার জোট তোলা আধা সরা এই সেইয়া জাহাজ না তিন হাজার লাকে দরবার করি খাজ্যা করি মানে কোনো শাসন করি নাসিমের হাজাকে দরবার করি খাজ্যা করি মায়ের মোদীর শাসন করি
/kaggle/input/regspeech12/test/test_sylhet_0723.wav,ও যে সাহা ও সাহা ও সিন্ধুরা পুড়াইয়া গিয়াছে
/kaggle/input/regspeech12/test/test_noakhali_0008.wav,কাইল কাইন তো নয় কাইলে অবশ্য না হয় এত কিছু একটু আজ একটি দিন কিয়ার ব্যস্ত হয় আমি দুদিন হরোয়ানে তিন দিন হরোয়ানে কিছুই কেয়ার
/kaggle/input/regspeech12/test/test_rangpur_0129.wav,আল হামদারিল্লাহ ভালো তোর কী অবস্থা কিছুক্ষণ গল্প কিছু করি মোবাইলের আঙ্গারে রেকর্ডও করি না সমস্যার কী আছে তুমি বন্ধু মানুষ
/kaggle/input/regspeech12/test/test_habiganj_0006.wav,আরেকটা বাজারে যাওয়া হবে না একদিনে তিনজন গেছে ওই বাজারে যারা দ্বিধায় এটা বেটার প্লিজ
/kaggle/input/regspeech12/test/test_sylhet_0586.wav,যে জোহল করলে তো টেস্টেও ফাঁস করাই হ্যাঁ পরের পর দিনে উচ্চতর তীব্র এখন উচ্চতরে ফোরাইছেন আর পরে ও টেস্টের পরে থেকে জোয়ারের আছে আমরা তো বুঝিয়া পারছি না আমরা তো দেখতেই পারি না
/kaggle/input/regspeech12/test/test_chittagong_0084.wav,বেশি বানাচ্ছ না আর বিমলারা চাইয়া গারা হারালে জানাস না তুই হিলায় মেসোসোসোস হই মনে তো আরাদিন হালকান চলের
/kaggle/input/regspeech12/test/test_chittagong_0096.wav,সিয়োদ সে হতামত ছিলে সিয়োদ না তো চিটাঙ্কা হলেছ জি সেকেন্ড মিনিটের মধ্যে চলে আসছি এখন আমরা কি হিজুম দেয়াতে চ্যাঞ্চনাতা ফিল্ড
/kaggle/input/regspeech12/test/test_barishal_0093.wav,গাছের কাজ জগৎ দেখতে বাইরে অন্য কিছু করার চিন্তা আছে আহা কতটুকু মাস্কর এটা কি আর কিছু যোগায় চলা যাচ্ছে
/kaggle/input/regspeech12/test/test_barishal_0079.wav,এই আঁকড়ি ব্যক্তি সাঈদা মোবাইলটা গরম ক্রিয়া হয়েছে
/kaggle/input/regspeech12/test/test_habiganj_0036.wav,সেভে নৌমনৈ পড়ি আমি আজকে রানব এরপরে আমি তা জানি রানছিলাম ডিম্বাজি ধরছিলাম আর শুটকি তোর ভারি রানছিলাম
/kaggle/input/regspeech12/test/test_kishoreganj_0070.wav,আমি নিয়ে নিতিয়ালা লাগবু কিছু হয় নিতে আমি নিলে নিতিয়ালা আমার তো বালা হয় না না আমার তো তিয়ানি ভাই
/kaggle/input/regspeech12/test/test_narail_0130.wav,আমি অনেক কিউট না আমারে মিস করে সবাই বুঝো না কান্তারা বলেছিস সে সময় আমারে বলতেছে না এই সমস্ত কলিত অশান্তির অর্জনে ওই তো কী
/kaggle/input/regspeech12/test/test_tangail_0030.wav,জোনাথানের ওই লিফটে প্রেস করা ঠিকই ছিল কিন্তু আবার দেখা গেছে যে মাঝে হঠাৎ অন্য লোক আইসিয়া প্রেস করা মানে একটু এলোমেলো হয়ে যায় টাইমটারকে এদিকে আবার জোনাথানের আবার আরেকজনের সাথে এনগেজমেন্ট ছিল
/kaggle/input/regspeech12/test/test_barishal_0040.wav,এখন মই পড়ছি একলা লোক বিশ্রীর কোনো আনে লোক পাই না গাছের কামের লোক কিন্তু অ্যাবলাবেল একজন দুইজন পাওন জানা জ্বালা আছে ও পাঁচজন ছয়জন কাম করে দুইজন মুই পাম কই বলছেন এরমা একটা সমস্যা হয় কামের আমি তো বায়রা কামে গেলে এই তো হাসান ভাই হেদনগর আমার অনেক রিকোষ করছে ভাই মোরা একটা সপ্তাহ কাম করে দে তুই হাজিরে যাস তার দিব
/kaggle/input/regspeech12/test/test_sylhet_0594.wav,মানে তাই কি তা যেন হঠাৎ এটা থেকে ঐ সিল রিকনিক ম্যাচ করা যাইতেছিল না এর পরে আবার শাশুড়ি হ্যারার লিয়াই মাসিকের মনে করি আমি চিন্তা তিনবারেই আসছে
/kaggle/input/regspeech12/test/test_narsingdi_0005.wav,খুব ভালো ছিল নাম তো আছে সাকিব আছে তামিম আছে ওয়ানডেতে এই এর তবে জায়গাস মাশরাফির মতো ক্যাপ্টেন পাওয়ার পক্ষ কতটুকু ঘরে
/kaggle/input/regspeech12/test/test_rangpur_0093.wav,তারপর জুয়েল দাদার বাড়িতে খেলছেন জলিলের বাড়িতে আছি কার বাড়িতে কেমন খাওয়া দাওয়া খেলেন ভালোই খেলেছি সকালে বাড়িতে ভালোই খেলেছি
/kaggle/input/regspeech12/test/test_sandwip_0006.wav,গোসল্লা করে ঠিকানা কেন এই আনা ভর্তি হতে দাও ডাল সিঙ্গিতে এলে কি নতুন লাগবে
/kaggle/input/regspeech12/test/test_kishoreganj_0082.wav,আম চুকাদাম তুমি মেয়ে থাকার ব্যয় তো
/kaggle/input/regspeech12/test/test_sandwip_0096.wav,কিছু কিছু কিছু তারা আছে কাছে কিছু তারা আছে যে সেবকে আয়ত্ত বাজারে যেন
/kaggle/input/regspeech12/test/test_sylhet_0334.wav,এটাও তোমার বড় থাকে তুমি টার্গেট বড় রাখো টার্গেট জীবনের ছুটো করবায় না আর যত ফাইন্যান্সিয়াল হার্ড লাগে এই ব্যাপারে আপনি শুনে চাইও না আমি আছি ও আমি আছি আমার পিছনে একজন আছে এইটে হচ্ছে আমার সবচেয়ে বড় সাহস
/kaggle/input/regspeech12/test/test_tangail_0079.wav,পরে বাসায় স্থানান্তর করা হয় বরুণ ধাওয়ান এদিকে তার ফিউচার ক্যারিয়ার নিয়ে ব্যস্ত হয়ে পড়ে সে এখন আগের থেকে অনেক বেশি সিরিয়াস হয়ে গেছে তারপরে হঠাৎ একটা সময় ফোন আসে যে
/kaggle/input/regspeech12/test/test_sylhet_0105.wav,কাপড় দিনুক অসুস্মুক স্মুখ স্বয়ের আশ্রম জাপাতে যায় মূল বাসার তার শরীরটা পায় ডান মুগিয়া তাহলে কাম করে দিস না ও তবে বিটি বাসার যাইতে লিখিতে পেরে একসাথে নয় পঞ্চাশটি হাজির আর ফান্ড গর্তে হারামার উদ্ধ
/kaggle/input/regspeech12/test/test_sylhet_0305.wav,ওহ তোমরা বিয়া করতাম নিনা তোমরা কহিলে ওকে তখন তারা হইলে আছে ঠিক আছে বেটিয়ে ফোর্সে বার্সিটিতে কিয়াবেটি সাক্কে হতে চাইলে তো পরানী লাগব আমরা টেহাউকা দিলেও চলব তোমরা টেহাউকা দিলেও চলব সমস্যা নাই থাকুক বিটি সিলে
/kaggle/input/regspeech12/test/test_chittagong_0144.wav,হ্যালো হ্যালো
/kaggle/input/regspeech12/test/test_sandwip_0064.wav,মাথা তো শিখে রাখেন তুই হ্যাঁ আচ্ছা যা খাওয়া বসিবে সবাই আমাদের লাগা ছিবে দরজা লাগা ছিবে ঠিক আছে
/kaggle/input/regspeech12/test/test_sylhet_0704.wav,কেন খুব অবস্থার দিকে আছে মানে আপনার জন্ম থেকেই না
/kaggle/input/regspeech12/test/test_kishoreganj_0075.wav,মেয়াদ যা তুলবে না দম
/kaggle/input/regspeech12/test/test_sylhet_0485.wav,বাজার সান্লাহ হোসেন লইয়া ইয়ামুন উদ্দিন আইন বাংলাদেশও সেম্পার বর্মায়ার দায় এলে যেদিন যাচ্ছেন ও দিনও আমারে অতির্ভর আছে যেদিন মানে না দেখছন যেন তাও বইয়ে হাসতে হাসতে দিয়া মেডামরে দেখিয়া দুই আট বাবারৌহ শুরু হয়েছে মানে বই আমার কিছু ডাক্তাররা দেখলে আমার যে বই লাগে আর তো বেটিরা তুই তাই তা দেখছি মেনাওর আছে শুনিয়ে মরিয়ে হিসি তাদেশ রেখেছে রেখে লাগে দমের দমে পড়ে যায়
/kaggle/input/regspeech12/test/test_rangpur_0061.wav,এটা সবাই বলে দেখবে এটাও কইছে সবাই চোখে পড়বে আমরা রামাজপুরের একসাথে আছি তাহলে দেখি ওঠে
/kaggle/input/regspeech12/test/test_sandwip_0033.wav,থাউনিয়াকে অস্বরাষ্ট্র ব্যাগ হচ্ছে আদাম আগা খাউনিয়া তাইলে অঙ্কা হেসং আগঃ গুপ্ত
/kaggle/input/regspeech12/test/test_sandwip_0105.wav,কি ফেলে জানি তোর গো আসমাগা হচ্ছে কর্মহাত বেশি বাবা মানুষ এ দেখা আছে স্কুলের ফার্স্ট গার্লস স্কুল হেতের এগুমান সেজ যে কর্মহাত বালা মেশানে এগো ইয়েল সাঈদের পরিবেলও বেশি থাকে
/kaggle/input/regspeech12/test/test_sylhet_0002.wav,কেন একটা গরু হালচুইন মানে একটা গরু বৈমানিক গাবির নামে জীবনের বাচ্চা হালে নষ্ট হইত তুই বহুল করে হাল ছোঁড়া তাহলে পরিমাণে লস্ট বুক্ত যেসময় দুধ আছে সেল হোসেন রুকসেল হত্যা
/kaggle/input/regspeech12/test/test_kishoreganj_0127.wav,আমার ইঁদুরা কিছু করে পয়লা দেবে আর অহংবর্তনের ইয়াকেরা গাছ পোহা দেবে হয়তো সকালে টেক ধরে
/kaggle/input/regspeech12/test/test_sandwip_0076.wav,বড় বড় ট্যাবলেটের জাল ওষুধ দোকাইনে ডাকতে হয়ে গেছেন তুমি
/kaggle/input/regspeech12/test/test_sylhet_0262.wav,লাস্টের দিকে হইল আমার যেন আমি চান্স পাই আমি যেন শেষ নম্বরটা হয়েও চান্স পাই আমার আল্লাহ যেন নিরাশ করেন না আমি ওখান খালি আল্লাহর ফাসিসাইতা মার পড়তাম কী রকম একটা অবস্থার মধ্য দিয়া যেহেতু গেছি বিয়া সাধী প্রেম ভালোবাসা অতানিয়া চিন্তা করার কোনরূপ ফুরশ্রোতই আমার আসিল না
/kaggle/input/regspeech12/test/test_narail_0119.wav,বাসার ক্লাস অফিস নেওয়ার একটা ইয়া আছে মনে করো তুমি থাকলে একটু রান্নাবান্না করলে ঘুমের বাড়া গেছে এবার আমি একটা কথা কহি আমি করলে আজ তো তোর আর বোনটির সংসারে অশান্তি তুলে দেব না তারপরে
/kaggle/input/regspeech12/test/test_chittagong_0132.wav,যেই মাফো আরে কল দেয়া না এটা বাজা হবে মাসুদ বেড়ে গেছে নাকি মাসুদ বেড়েলে তুই আয় যাস আহুদি মাসুদ বাইয়ে তো বোটাকে গিয়ে এগো হঠাৎ তুই মাসুদের রাজের না ভারত আমারা কিল্লা মাসুদ বেড়েলে যেতাম হঠাৎ কিল্লা নুয়ারী আহাত কিল্লাই শুনি
/kaggle/input/regspeech12/test/test_narsingdi_0038.wav,হুম ফিরে না মতা জীবনে কি খাইছেস না হুম ইঁদুরের লাগে মূল্য লাগে রইলে কী পায় সামাইয়ের লাগে নানা রাতের সামাই জোস
/kaggle/input/regspeech12/test/test_sylhet_0440.wav,সবার দুয়ারে বাবা আমার চেয়ে কোন জীবন আমরা ঝুঁকে কইরা যে নিজের বাসাতেই এখানে হেরো হাসা কোথাও নিজের বাসার যাই খারাপ লাগেও যে পরার বাসা তাহারান পরার বাড়ি থাকলে পরার পুতার গড় পর্ত্যেক কোথায় হয় বার্মানি আমরা আঞ্চলিক ভাষায় একটা ক্ষতা কইরাম মানে গ্রামের মানুষের যেরকম কয় এটা তার পরার বাসা তুমি একটা খারাপ করতে পারবে না তার বাসা
/kaggle/input/regspeech12/test/test_narsingdi_0077.wav,মার একটা গয়নার ভেগাসের নাম মাজাকার নিয়ে দুর্ভাগ্য তোমার নামে জামাইটা মায়ের সঙ্গে কাজের ধরে নাম আর ট্যারিফিকে তোলা হয় ছিটবেলা থেকে চিন্তা করতাম ইস বড় ডাকাতের সালামি পায়
/kaggle/input/regspeech12/test/test_sandwip_0082.wav,মাইয়া মাতারে বাহিত ঠিকমতো বাড়িতে অ্যালো দেনা সে অ্যাড্ডামাই আমাকে গিয়াছে
/kaggle/input/regspeech12/test/test_habiganj_0013.wav,আমি বুঝে পাই না কেরালে এরা লুকা যায় যারা বাপ ভেসে পড়া তারা ফিরে নিচ্ছে আমার ঘরে
/kaggle/input/regspeech12/test/test_tangail_0005.wav,মানে ভালোও দেখা যায় না তাই ওরা নিতে চেয়েছিল না কিন্তু এটা ফ্রেডিট মানে ফ্রেডিরেড একটু আবার লাগে মানে সে একটু মন খারাপ করে পরে সেও বুঝছে যে নিব না ও ঘুরা জায়গা
/kaggle/input/regspeech12/test/test_sylhet_0501.wav,ার আগে যাইবার গিয়া রুজার বেড়ানি বেড়াইয়া একটাই রুজা বলে রুজার আগে একবারই দুয়েকবার আমি এখন যাই কি আমি আর রুজার আগে যাইতাম না আমি আগেই যাই কিন্তু আমার আর এক বোন যাইত দুই লম্বার বোন যাইত বাহিনী রুজার আগে আমরা একবার মেয়ে প্রিন্টিন বিয়াওয়া দিলে রুজার আগে মনে করে শুভরাত্বর করে একবার আনিয়া নাই হরিহরি করিয়া দিলে যে রুজা আমার শতাকেও বৌব বিনিশী দিত না হামারাও তো দিত তাই রাখুন রুজার তর্ষেও যেয়েছে না
/kaggle/input/regspeech12/test/test_sandwip_0083.wav,বিরক্ত লাগে আর এখানে আর বুড়ো দানুবের চুল আছে কিছু এটা কিছু একটা বুঝেছে না বুড়ো ম্যাচের সুপর্বহ রেগেছে কাশ্মার ঝালা দিছে যেন ঠিকমতো তেল তুলবে ওদের না
/kaggle/input/regspeech12/test/test_sandwip_0050.wav,হাজানা হাজানা গেছেন হেজামায় গ্লাস গোলিবিলেতে গেলেছে হবার গোলাপিলেশনে কী গেলেছে হারিজিসি
/kaggle/input/regspeech12/test/test_tangail_0087.wav,পরে ইদানীং আমার কেন্দ্রে যদি মনে হলে যে এই ছবিটা দেখি এই ছবিটা দেওয়া নেই পরে এই ছবিটা মানে দানোর করে দেখা শুরু করলাম দুই হাজার সাত সাত সালের ছবি এটা যে দেবদাসের যে ডিরেক্টর আছে পদ্মা হাওয়াতের যে ডিরেক্টর আছে
/kaggle/input/regspeech12/test/test_sylhet_0061.wav,কালকের পিতৃপাতে তখন তাই মজা শেষ হয়েছিল চলো মজাগুলো দিয়াই
/kaggle/input/regspeech12/test/test_kishoreganj_0174.wav,নদীর পানি রেডো তো কি লাল
/kaggle/input/regspeech12/test/test_narail_0064.wav,যদি এটা মানে গাড় বা দায় সব মাইক্রিমেলসে দখল রাখত না তা লিখিল এগুমেদনকারী রাইনে গিয়ে খুব প্রয়োজন নেই
/kaggle/input/regspeech12/test/test_habiganj_0098.wav,তোমারে কেউ লিয়া যায় না সিলেটের সাদা পাথর সুন্দর তারপর জাফলং তারপর আরো অনেক জায়গা আছে সিলেটের তো বালা পিকনিক অনেক সুন্দর অনেক জায়গা গুলা যাইব
/kaggle/input/regspeech12/test/test_narail_0035.wav,জায়গায় তো দলিল লোকে নাই রয়েছে না সেইভাবে পড়ি
/kaggle/input/regspeech12/test/test_barishal_0019.wav,তিন ডাইনে কোষ তিন ডাইনে যাইবে একুশ দিন একটা খাওয়াইলে কামাই বেরোবে সকাল আটটায় খাওয়া বা
/kaggle/input/regspeech12/test/test_comilla_0026.wav,এই গিফটা অনেক যত্ন করে রাখছে দেয়ালে ঝুলে রাখছে ওর বাদ্যেতে এই গিফটা দিচ্ছিল পরে এটি নিয়ে তদন্ত হয়নি যে ঘটনা কিসের চেক হইল আসছে আসলে কী বলব এটা তো উপজেলার আন্দারি
/kaggle/input/regspeech12/test/test_sylhet_0053.wav,আর বাবা মা হইলে না এটা নিয়ে আজ যান তো আমার মা মানুষজন আমি ক্লাস ওয়ান করতে তাই তিন মাসের আসি আমার বড় বই নারায়ণ আছে আমার বড় সবার বড় ভাই তারপরে বইয়ের পরে আনো
/kaggle/input/regspeech12/test/test_tangail_0059.wav,বাট হোয়াট হার্টস মোস্ট ইজ নট টেকিং এ মোমেন্ট টু সেগুড বাই আচ্ছা এর পরের ছবিটা হচ্ছে বলিউডের আর তাইছে অক্টোবর এই ছবি রিলিজ হয় দুই হাজার আঠারো সালে আর আইএমএফি রেটিং সেভেন পয়েন্ট ফাইভ
/kaggle/input/regspeech12/test/test_kishoreganj_0125.wav,বই পাত্তার জন্য লক্ষ্যটা
/kaggle/input/regspeech12/test/test_tangail_0120.wav,না না না না বিদ্যানন্দ তো একটা ফাউন্ডেশন চ্যারিটি পেইজ ঐখান থেকে হইতেছে সবাইকে সাহায্য করা হয় তো এটা তো আমার কাছে আসলে ব্যাপারটা ভালোই লাগল কিন্তু কথা হইতেছে যে
/kaggle/input/regspeech12/test/test_sandwip_0070.wav,সত্যি হলেই দুজন গাড়ি হলে তাহাই তেমন সবসময় তো গাড়ি হবে না দুলার তেমন হে মানুষ অন্ত্রাজন আর বাইরে দেওয়ার মনঃপ্রণালী দিন কেলো দিনের চারা চর্চা দিয়ে তাত্তার দেরা যায়
/kaggle/input/regspeech12/test/test_sylhet_0467.wav,হাইলে দণ্ডার মতো বড় ভবিষ্যত তাই রহমান বটে না মৌর্যুতা হচ্ছেন পাইলেন ভাই একটি পেনশন হোসেন পাইছ হারবামার আকরে কিন্তু ডাবল ডাবলিং অংশ পাইছি খাওয়া হলে তো তারা গাড়ি ফিরিলে তারা ভবিষ্কা করেছে তবু সব ভাই মইনার আছে চৌকাল টেকার প্রস্তান আমরা পুরো ভূমিনার টেকার নিচ্ছি মামলা বাড়িয়ে ফেলে দিলাম
/kaggle/input/regspeech12/test/test_habiganj_0015.wav,ইটা তো ভেবেছ না সিন্ডার তো সুন্দর বেড়া বেড়া বেড়া বেড়া বেড়া বেড়া বেড়া বেড়া বেড়া বেড়া বেড়া বেড়া বেড়া বেড়া বেড়া বেড়া বেড়া বেড়া বেড়া বেড়া বেড়া বেড়া গেলেন সে
/kaggle/input/regspeech12/test/test_habiganj_0080.wav,আমরা দুই বোন তিন ভাই আর তোমার সিলেটের শাশার কী অবস্থা সিলেটের শাস্ত্রী এসএসসএম না তো মারা গেছে মেমিনিটাইনে লিভার ক্যান্সার আসল
/kaggle/input/regspeech12/test/test_habiganj_0110.wav,এটা তো মেয়ের পরীক্ষা না প্রদর্শনী পরীক্ষা এলে আর অর্ধবাসীর পরীক্ষার সময় মেয়ে সার্ভিস বিলের পরীক্ষা লইব ফিরিপারেশন কি তা ফিরিপারেশন তো ভালোই মানে প্রচেষ্ট হবে পরীক্ষা অন্যান্য প্লাভায়েত একটা গুরুত্ব দেয় না আবার
/kaggle/input/regspeech12/test/test_narail_0116.wav,এটা মজার হচ্ছে না নাম তো জানিস এটা যাতে দাদা আমারই বলছে না সবকিছু শোন তোরে আমি একটা কথা বলি তো দাদা আমার এসব সম্পর্কে বলি যায় তোর সম্পর্কে যে তুই কেমন কী ছিলিস তা তো দাদা আমারে বলি যেও
/kaggle/input/regspeech12/test/test_sylhet_0008.wav,ছোট ফিসি গান দুটো বন্ধুর কিছু টায়ার
/kaggle/input/regspeech12/test/test_sylhet_0623.wav,নিহত দোয়ার খেতে রইল বারবার জয়ান হরিয়াই তোমার বা স্টুডেন্ট হিসেবে গিয়ে দাঁড়িতে গেলাম আর তারা সারে উচ্চ সারে বারবার হৈসেন হৈসেন ওকের সাথে
/kaggle/input/regspeech12/test/test_tangail_0046.wav,যেহেতু আর একটা আগেই পিছল একটাই ছিল পশুপাখিদের প্রতি পরে ওই বাঘটার বৈঠার সাহায্যে যেমনি হোক ওই নৌকায় ওঠায় কিন্তু বাঘ তো হিংস্রপ্রাণী ওর তো খিদা লাগিয়া গেছে মানে ও চাইতেছে জেগিয়ে রেই খাইতে
/kaggle/input/regspeech12/test/test_sylhet_0718.wav,এটা আপনারা কোন বিশ্বাসে মানে এই জিনিসগুলা আপনারা রাহুই লাগে মানে এটা কিছু না কাহিনীটা কিনা
/kaggle/input/regspeech12/test/test_sylhet_0192.wav,তো এসময় কারেন্ট রেন্ট আছিল না আমরা তো গাবহ রয়েছিল কারেন্ট আছিল না আমরা হারিকেন দিয়া কুফি দিয়া ল্যাম্প দিয়া পড়তাম ওটা থেরোসিন গড়া লাগত তখন যেওয়ালা ওটার মধ্যে তেল গড়া
/kaggle/input/regspeech12/test/test_habiganj_0078.wav,সূচন্দ্র কলেজের এরিয়ার কাছাকাছি এর সার্টিফাইডে লেখার নাম কি তার মালিক তারপর টিকা গেলে আলম পুর আলম পুরী প্রস্তুত
/kaggle/input/regspeech12/test/test_tangail_0031.wav,অল্প কদিন পরেই বিয়ে কিন্তু জোনা থান তো সারারে অনেক ভালোবাসে পরে সারা আবার অন্য মানে দেশ থেকে আজ জোনা থানের
/kaggle/input/regspeech12/test/test_sylhet_0563.wav,সুরক্ষা এখান থেকে যাওয়াও বেশ দূরত্বের ভোগায় আর কোর্স কি রকম হইছে আর কোর্স শেষ নেই না শেষ না একটা সাবজেক্ট শেষ হয়েছে
/kaggle/input/regspeech12/test/test_habiganj_0105.wav,তা এমনিতে করছি না আর বিড়ালোদার পৃথিবী না আমার জীবনে ফার্স্ট আমিই কেন এই একটি লাকসাম
/kaggle/input/regspeech12/test/test_narail_0146.wav,আমার ভিসার এসএমএসটা আসলেই যদি আজকে আসা যাবে আমি কালকেই চলে যাব বিসার আন্টি তুমি তো নাও অকুশের ওষুধ শেষ হয়ে গেছে আমার মানে টেনশন আমি রাখছ রাখছ
/kaggle/input/regspeech12/test/test_rangpur_0118.wav,তাই লাজকে কার বাড়িতে খাওয়া দাও
/kaggle/input/regspeech12/test/test_sylhet_0690.wav,ষপদ বেলায় তো পড়ালে না বৈশ্যবেলা যত্ন করার ইচ্ছা আছে তারাই নেপ্তা ইচ্ছা স্বপ্ন করাই প্রায় ধরাই আন্তর্জালের গান বাগুলাও সেখানে একটা ক্লাসে যায় যতটুকু মা বাবার দায়িত্ব চেষ্টা করার এতটুকু কেন্দ্রের বরং বাদবাদী তাইন্টাল মুখে তাকাতে পারাই যায় তাহার বিচ্ছা দেখা পড়ালে হরিয়া মায়ের বাসা যে কেমনান ক্লাসে যায় যতটুকু মা বাবার দায়িত্ব চেষ্টা করার চেষ্টা করার এতটুকু কীর্কে তোকালিয়ার এবং বার্গ এবং বার এবং বার্গে তাই তাই তাঙ্কে তালুকে তালী তালী তালী তালী তালী তাল্ক থালে তালে তালে তালী তাল্কে তাল্কে তাল্কে তার করারে তালে তালে তালে তালে তালে তাল্কে তারে তাল্কে তারে কর্কে তারে কর্কারে তারে কর্কারে তা
/kaggle/input/regspeech12/test/test_habiganj_0021.wav,ষপদ্জুরবা পরা কিন্তু বেটা কিরল আটকায় মারতে অনিল ভাই জানে
/kaggle/input/regspeech12/test/test_tangail_0050.wav,পরে এরকম দুজনে অনেক সময় পাড়ি দেয় দীর্ঘ সময় পাড়ি দেয় এসময় তারা সাগরের বিভিন্ন পশুপাখি দেখে
/kaggle/input/regspeech12/test/test_sylhet_0528.wav,পাল্লা এখন প্লেনস আছে এক ঘণ্টা লেগে মার বেল্ট নামে পান দিছে লাজ আরও বেশি হানাটা হাতে হওয়ার লাশটা থেকে আব্বার অমনের ঘরে তানিকেছে মাসের মধ্যে কি আব্বার করে ওরা এমনি ব্যবস্থা করে দেওয়ার সময় দেওয়ার সময় দায়িত্বে হয়
/kaggle/input/regspeech12/test/test_sylhet_0556.wav,মামুনি আবার প্রেগনেন্ট দোয়া করিও মানে দুই মাস না তিন মাস হয়েছে মাঝখানেও আন্টির যে অপারেশন হয়েছেন উনি
/kaggle/input/regspeech12/test/test_sylhet_0534.wav,আর যে প্লেস হইছে প্লেসটা মোটামুটি সুন্দর আছে সেটিকে শুট করা গেছে মামানি তো খুবই বালা তারা এখনো অবশ্য পুরান নিলে প্রজাগমের নাকি মিশু তার ভেতরেও আমরা লেগে নিয়েছি
/kaggle/input/regspeech12/test/test_kishoreganj_0120.wav,নিচে কুঞ্জে কার্যসিংহল মতামত গাছের একা কাঠালা গাছ ফুলি গাছের একা গাছ ফুলি আবার এই গাছ ফ্রিঙ্কায় কাঠালা ভেঙে একা কাঠালা কাঠালা সাফে
/kaggle/input/regspeech12/test/test_habiganj_0091.wav,ঘুরান্বেদ গেলে তোমার ছবি তুলতে বেশি ভালো লাগে না নৌ মোবাইলের ক্যামেরা পালা থাকে লাগা ছবি তুলে লাগে
/kaggle/input/regspeech12/test/test_sylhet_0380.wav,স্কুলও ফাটাইছে সে তো না ফাটাই স্কুলও ফাটাইছে অটার লাগেও তারে পুরস্কৃত করা উচিত পরের তো আর আমি যখন আইয়া ধর্ষী আগায় গিয়া দিয়া গেলাম
/kaggle/input/regspeech12/test/test_chittagong_0032.wav,ছোর ছোর কী খবর তোমার কেন আছে আছে আছে গম আছে আরাম তারা তো ঘুরে হালি হালারান্ডে গিয়ে বলা হালামনিরান্ডে
/kaggle/input/regspeech12/test/test_chittagong_0092.wav,কী আইনজীবী কৈজিক সুমাইয়া তারাল্লাহ হতাইল্যা নয় খালি সুমাইয়া হওয়া বা কল দিয়ে অনুমতি করলেন দরের মেসেজে দিলাম মুশফিক সাঈদীন অক্সার
/kaggle/input/regspeech12/test/test_narsingdi_0124.wav,এই ঠ্যাংডা পিকোয়েট ট্যামেলের সিজেন টুয়ো দেনা মাস্ক পতাকা আটকে রাখে আমার স্পাইটেমিনের প্রথম দিকের ফর্মুলি একট্টো ইন্টারেস্টিং আছে দাস না চলো গেল আমি কোন দিন এগারো হইতেই ডেকে শেষ করছি
/kaggle/input/regspeech12/test/test_kishoreganj_0003.wav,তোমার দিকে দেখ বাকি তুমি চাইছিলে তুমি আমিও দেখ না তো আমি শুনেছিলাম না এবার নামে ওর খ্যাত
/kaggle/input/regspeech12/test/test_narsingdi_0054.wav,গোলমোটা ব্যাট দিয়ে মারতে বিশাল কষ্ট তার স্বামী লীগ অনেক নম্বর সাথে আমরা খেয়ে যাই না তাই সেদিকে আমার তো মারতামোতাই লাগে ব্যাটা বালা আছে যদিও আমার কিনারি স্যার মোসার ব্যাটটা এল
/kaggle/input/regspeech12/test/test_sylhet_0285.wav,প্রস্তাব পাঠানির পরে ভাইয়েরাও চিন্তা করছেন ফিফটি ফিফটি আর কি দিবা কি দিতা না হলে মানে তাঁরা কনফার্মিটি ভাড়ান না কারণ যার লাগি প্রস্তাব আইসিয়া হইল ক্যা ন্যাশনাল লোক ইউনিভার্সিটির আন্ডারে একটা কলেজ থেকে পাস আর তার চাকরি ও লাশ অলরেন্ড হইছে না এখনো চাকরি হইব
/kaggle/input/regspeech12/test/test_sylhet_0465.wav,মানিনা মানাত পার্কের বড় ম্যানেজার আসিলা দেন তাই তখন কেবল সেই মরণের ফলেও আশির্বাদ ছিল
/kaggle/input/regspeech12/test/test_kishoreganj_0077.wav,নারীদের দেখছেন পুরামানিক পত্র দেখে নিবিড়িত ছিল
/kaggle/input/regspeech12/test/test_habiganj_0049.wav,ইটাও পাইছি মোক মোক প্লেটুইটাও পাইছি অন্তত বই ও পাইছি দুই তিনটা বই পাইছি আমার বাইরে দিছি
/kaggle/input/regspeech12/test/test_sylhet_0508.wav,এই আমরা টাকা দিওয়ালা চললে ওলা আসলে আর বেশি পাওয়ারি মাত্রা হিরালিজ কুমুর বাইটুলাইজের মাতামাতুন নিমুলা মাতিলিদের লেখিতে তাদের দুরূঢ় এটা যোগ করবে বেদন বাসান লাগলে আমার পাঁচ হাজার টাকা দেওয়া দরকার নেও গি আম্মা বুবুরা পাঁচ হাজার টাকা ভেঙে দিব বা তুমি আজকে থাকো হালকে যাইবা তোমার কি তাকিতে লাগে যেমন ইন্ডিয়ার তাকি এক বস্তা ফিনিলাম হইছে সব বৈন্দ্রের সয়োয়ার জীবন জীবন হিপালি হিসাব কেন্সার কেন্সে কেন্ট থেলেছে কেন কেন্তে কেন কেন্তে কেন্তে কেন্তেন
/kaggle/input/regspeech12/test/test_rangpur_0094.wav,কারবাইড খাওয়া ভালোইছে পুনরান্নটা কেমন কী হয়েছে কী সমস্যার কথা হয়েছে জৈলদের বাড়ি কি কি ফিরেছে মাস গোস
/kaggle/input/regspeech12/test/test_kishoreganj_0142.wav,কীটনাশক গৃহস্থালী ও হাসপাতালে বর্জ্য কলকারখানার বিভিন্ন রাসায়নিক পদার্থ তেল ইত্যাদির মাধ্যমে মাটি দূষিত না কি কি কারণে মাটি দূষিত
/kaggle/input/regspeech12/test/test_habiganj_0090.wav,সাবাগানে কেনাহেদা গেছ হাস্যেদে গেছ আমি গেছি আমার আম্মা গেছিলা আমার আব্বা গেছেন আমার ছোট ভাই গেছে আর আমার চাচাত্ত বৈনালা গেছল
/kaggle/input/regspeech12/test/test_kishoreganj_0144.wav,বিভিন্ন রাসায়নিক পদার্থ তেল মাপে মাটি দেখিত
/kaggle/input/regspeech12/test/test_chittagong_0051.wav,কে হোয়াল আর কে হুয়াল যে বেটা সারি ইবার হাছা আবার গুলি ছিলে জম করে আয় অরি সুতা আবার যাইতে ওসও খেললে আইএসে খেললে তোরা তো অসামান্য নিয়ে আমি কিছু না বুঝলি
/kaggle/input/regspeech12/test/test_comilla_0012.wav,আকাশের দিকে তাকাইয়া রয়েছে চোখগুলো উল্টাইয়া রয়েছে উপরের দিকে সূর্যের দিকে তাকাইয়া আছে আর হাত পা একদম ছেড়ে দিছে পাশেই মাঠের মধ্যে যে অন্যান্য ছেলেমেয়েরা খেলা করতেছে না ওরা ভাবতেছে যে এই নুসাইবা মজা করতেছে ওরা ছেলেগুলা হাসাহাসি করছে দেখ দেখ ও ধুলনার মধ্যে বসে কীভাবে আকাশের দিকে তাকার সেত্রে এভাবে কেউ ধুলনায় বসে
/kaggle/input/regspeech12/test/test_chittagong_0147.wav, এক কাহিন্দু সমস্যা এটা তার লাইফ এতক্ষণ হয়তো হোদে কিনো রেকর্ডটা করছি স্কুন হওয়া করি না এটা আমার সমস্যই সাজিতে আরোহণ হামুদ বাজার দিল আল্লাহ
/kaggle/input/regspeech12/test/test_kishoreganj_0115.wav,শক্তি মূলুষ্য কুন্ডা শক্তি মূলুষ্ব সূর্য তো আগের আবাগেত্তি মস্ত
/kaggle/input/regspeech12/test/test_sylhet_0392.wav, আমরা বাকি এক মেডিয়াম্পসি কলেজের স্টুডেন্টের বুঝছি এই ডাক্তার দিয়ে কোনো সময় আগুন সীমা ভাবছিলাম যদি কি বংশ যাইতাম ঠাক কাটা যাইতাম কি আমি তো এখন দুই সালে কি মনে হয়েছে যে ছোটবার গলি হয়তো এখন দেখে যে শেষও হয় না
/kaggle/input/regspeech12/test/test_tangail_0074.wav,ওই হাসপাতালে শিউলির আম্মার কাছে বলে যে আপনি মানে বরুণ যে একটু বুঝায় যে এরকম তো আমার আর চলতেছে না পরে ওই শিউলির যে আম্মা থাকে সে বরুণ দণ্ডে বুঝায় যে এখন তুমি ক্যারিয়ারের সময় দাও
/kaggle/input/regspeech12/test/test_habiganj_0062.wav,পিঁড়া দিতে এলে আমারে আয়া উল্লা দরে কিন্তু পরাধ বইলে পরে আমি ইচ্ছামতে ফিরতে পারি মাতাহে সামনে কিন্তু ইতারে কিটা পরাইতাম আমার তো রাগুচ্চা জাগা
/kaggle/input/regspeech12/test/test_barishal_0054.wav,এমনি বোঝেন একটা সেকেন্ড খারাপ তিনি হেই কুডেগুলো ন্যাকলা টানে নামান নিয়ার হেইয়ে গাড়া হেইয়ে ঘুরেন নিয়া চেহারা কালা হয়ে গেছে মোর কাউরের পাখনা লাইন তিনটি সাইডে তিনে হেই কুডায় আমরা এখন খুশি হেই কুডায় অন্যে থুই সি মোর খেয়া লোষ থানাইছে পনের হাজারটা ব্যস্তার মোহনায়াট ঠাকুর যে কর্মী দিসি
/kaggle/input/regspeech12/test/test_rangpur_0004.wav,আকাশ ওর বেড়ার প্রভাবশ্থানে কি
/kaggle/input/regspeech12/test/test_sylhet_0676.wav,শিক্ষাজীবনে একটু হই খিতাফ অর্থের আপনার ওই সময়ের কিছু স্মৃতিটিতে প্রেম কেন্দ্র নেয়া হয়েছে
/kaggle/input/regspeech12/test/test_sylhet_0333.wav,তুমি পড়ো তোমার ফরজ আমি দেয় যদি কোনোদিন স্বাবলম্বী ও তখন ফেরত দিলাই হোক নেও আমার কাছ থেকে গিয়া পড়ো চাকরি করলে বড় চাকরি করবে আর নাইলে চাকরি করাও লাগত না কারণ ছোট চাকরি করা যেতে সংসার সালানি বড় চাকরি
/kaggle/input/regspeech12/test/test_sylhet_0171.wav,মনের সময় মারিয়াও আনিলিতা নাকি তো বা যারও তা হইবে না যারও তো প্রস্তাব ঐ লিখিত তিন চাকা বিবাহ লাগার বোধ কষ্ট হয়
/kaggle/input/regspeech12/test/test_kishoreganj_0153.wav,পাকা বাতালি লেবুর ভিতরটা হালকা গোলাপি রঙ্গে ভিতরটা হালকা গোলাপি রঙ্গে পাকা বাতালি লেবু পাকা বাতালি লেবুর ভিতরটা হালকা গোলাপি রঙ্গে
/kaggle/input/regspeech12/test/test_narsingdi_0064.wav,মনে হয় আমার কিছু স্টুডেন্ট পড়ানো দরকার আর যদি গণিতের কথা কস গার্ল ইউনো ক্রিটিক্যালস ডোন ক্রাই ওভার ভয়েস তে ক্রাই ওভার ম্যাথ ম্যাথ আমি আর অনেক ভালো করতাম তোফাইরে কেত্তার তো জীবনে এই যে একটা আমি
/kaggle/input/regspeech12/test/test_sylhet_0115.wav,শুরুতে কেউ কায়নি ছবি থেকে ধরো মায়ের ইত্যাদি ফেলায় আস্থার দিনে লেগে থামো আর বাইরের বর্ডারের কাছে তারা রাহাত রাহাত তোরা মারির সহায়তা ছোটাছুনি আর এক ছোটা সুনাইত আস্থার দিন ধরে দুই ভাই বোন আমরা ঘরে থাকতাম
/kaggle/input/regspeech12/test/test_sylhet_0693.wav,যে আমরা এন্সটেকোলজিক করি আর এটা হচ্ছে একটা আঞ্চলিক ভাষা নিয়ে একটা রিসার্চার্সি গবেষণা তাহলে আমরা বেশি বেশি হইছি আপনার আঞ্চলিক ভাষায় মাত্র ফেলেটি ভাষার
/kaggle/input/regspeech12/test/test_sylhet_0212.wav,তেবাইওলাতত্ত্ব লৈশ ইঙ্গিয়া দুই তিন চার গ্রাম প্রতিদিন যা গিয়া প্রত্যেকের কাছ থেকে নাম উল্ল হইয়া আনিয়া আইনজীবা বলে আমরা ভূঁইয়া ইত্যাদি দেখি গ্রামও কতজন লিস্ট আছে কোন কোন গ্রাম শেষ হচ্ছে শেষে আছে লিস্ট
/kaggle/input/regspeech12/test/test_chittagong_0172.wav,তাই নাই নাই রেডিং তাই নিবার নাগুত্তন পালানো লাগে তো খালাম মনির একটু মন নারায়ণ দেয় অন্য দায়ের গুড়িজন সোহাইলা আছে মাইশারা আছে
/kaggle/input/regspeech12/test/test_sylhet_0136.wav,বাহিদাদের কিন্তু গেছে ইচ্ছায় আর কোনোমতে আবার হবে না ও তো তেমনি জিতেছে জীবন আমরা যাইলাম এখন হঠাৎ করে সাম্য বেড়া দিলেই সিনেমায় না না বেড়ার জন্য
/kaggle/input/regspeech12/test/test_comilla_0017.wav,যাওয়ার পরে ওর মা যায় দেখেছে উনার মেয়ে পরে সাথে সাথে সারমানি স্যাররা সবাই মিলা ওরে হাসপাতালে নিয়ে যায় কিন্তু হাসপাতালে যাওয়ার পরই ডাক্তাররা ওকে মৃত ঘোষণা করে আর কি
/kaggle/input/regspeech12/test/test_rangpur_0112.wav,সুবনের বেড়া কই তার মূল্যে দেখছুম বেটি হেলি দুইটা এ যে বেড়া আছে ভেড়ারা বোঝায় সব বড় বেড়ি দীর্ঘের থেকে বড়
/kaggle/input/regspeech12/test/test_kishoreganj_0010.wav,গোয়াগাড়ি মানে আসক্তি বেশি না হ্যাঁ
/kaggle/input/regspeech12/test/test_sylhet_0355.wav,তো এরপরে তো আমার বাচ্চা ছোট ছোট হইল আলহান দলিল্লাহ অনেক হ্যাপি আছে আমরা আসলে কনজুকাল লাইফ শূন্য দিয়া শুরু করছি বুঝতেও পারায় মানে তাইলের দিক থেকেও কোনো প্রত্যাশা আছে না আমার দিক থেকেও না আমরা অনেক হ্যাপি
/kaggle/input/regspeech12/test/test_rangpur_0014.wav,ও কন্গ কন্গ সেমন্ধি বলে কী কন্গ গো সবুজের ভাব গো সবুজের ভাব সেমাই তিনি আনুর্বর
/kaggle/input/regspeech12/test/test_kishoreganj_0018.wav,ফাক্কাসের দিকেও কিন্তু ফাক কাসটা ফাক কাস্কাস অনুশীলনের বেশি খারাপ ফাক কাস্কাস নস্য হইলেও বেশি খারাপ
/kaggle/input/regspeech12/test/test_sylhet_0405.wav,তাইলে আমার বাবার বাড়িতে আসবে হইবা ইতা সমস্যার একটু হল যদি আল্লাহ রবিবার চাইলে তো মনটিকেই বলে যেমন হো মন রয়েছে হো উল্টাপাল্টা হরে এবং সব তা করে আমি কিচ্ছু মাতি না যে বাবা তাইর মনে যে তাছাড়াও তাও করে করো মানে ওখানে বা বোনে গেল মানে খুব ভালো
/kaggle/input/regspeech12/test/test_sylhet_0242.wav,এটা আসলে বিয়ের ব্যাপারে আসলে আমি খুব উৎসাহ বিলাসী না
/kaggle/input/regspeech12/test/test_noakhali_0023.wav,মামা আজ একদিনের কাজ করে যান
/kaggle/input/regspeech12/test/test_sylhet_0536.wav,তো একবার আইস নেই তোমরা ব্যবসায় তোমরা কে কার মেয়ে আব্দুস সাত্তার মোহাম্মদ গ্যাসের দিন সাতারের মেয়ে তোমরা দুইবার না
/kaggle/input/regspeech12/test/test_chittagong_0115.wav,মাইশা কি রে কিছুতে হোনা খবরটা নাই এটি ব্যাটার নয়
/kaggle/input/regspeech12/test/test_sylhet_0423.wav,এমন ওই চিঠিটা পড়ে দেখো আমার হিন্দ বারো ঘণ্টা বারো ঘণ্টা দুই দিন অপারেশন করছি এই এক লাগানে কিন্তু তারা কিন্তু ভুল অপারেশন কিছু তারা কিন্তু এই বিষয়েও জানে তারা আরও বিশ্বাস জানিয়ে কিন্তু গিয়ে অপারেশনটা করতে পারে
/kaggle/input/regspeech12/test/test_narsingdi_0075.wav, একশো কিয়ের না দ্যাশ নাই দ্যাশ নাই আমি বললাম দ্যাশ নাই তুই মেরাতেছে টাকা বাড্ডা সত্যি কথা দিস না তুই
/kaggle/input/regspeech12/test/test_narail_0053.wav,একাল নেই তোমাকে তাকে জানো তেরোশো সাতারো টাটারো বা চৌদ্দ মেয়েটা দশের থেকে কুড়ির ভিতরে
/kaggle/input/regspeech12/test/test_sandwip_0112.wav,হিয়ানের ঐতিহ্যে এক বছর মাতৃস্কুল যেন ভাই স্কুল গেল গোহল এনেন সিরিজের আড়াই নগর তুই যে স্কুল যাত্র তুই জেগে নিলে বলিস না কেমন করতে না
/kaggle/input/regspeech12/test/test_sylhet_0079.wav,তাই ফোড়া আছে ফোড়াগুলা শেষ করল না আমি তো আমার খালাক্ষিক নেগে যাওয়ার চেয়ে ফাংশন শুরু করি এমনে অবসর সময়ে কোনো শোকও কাটতে নিয়ে হেক জনের তো এক ধরনের শোক থাকে
/kaggle/input/regspeech12/test/test_kishoreganj_0051.wav,গরু বা শুটিন তাই না গরুর মাথার চান্ত্রে আবর্জাতে আঁকা উডারের কৈদুল ভাই
/kaggle/input/regspeech12/test/test_narsingdi_0004.wav,ফর্ম হারায় ফেলছে না হাইপ্রে বসায় দিছে কিন্তু ওরা যখন যুক্ত দলে তখন থেকে কিন্তু খুব ভালো খুব তবে বাংলাদেশের মধ্যে মাশরাফিটা খুব মিস করি হচ্ছ হলে ক্যাপ্টেন সি
/kaggle/input/regspeech12/test/test_sylhet_0211.wav,আমরা ইউনিয়নের ভোটার কি তো ভোটের তালিকা করার ইঁদুর দায়িত্ব করছি আমার বড় ভাই রুখতে তো তাই নিজের সময় এসে জিপাস করিয়া ফিরিয়ে দেখায় তাই নূর যে প্রাইমারি স্কুলের স্যার সারে দিচ্ছেন যে আমার একটু জরিপ বলার তথ্য লইয়া গ্রাম থেকে আনিয়া আমার একটু হেল্প করে
/kaggle/input/regspeech12/test/test_narail_0032.wav,স্কুলের নামে যেটা দিয়া গেছে ওঠুক তো স্কুলের নামে স্কুল পাবে স্কুলের নামে এগারো শতক ওঠুক বাদে শিব্বাবুর জমি আছে
/kaggle/input/regspeech12/test/test_barishal_0061.wav,আর দশটা সিগারেট খেললে এখন হেই দশটা সিগারেটের দাম দ্যাশোটা তাই একদিন আমি মনে করে নিজে নিজে চিন্তে করছি বিয়ের পরে ওই সময়ে কিন্তু খাই এখন একদিন চিন্তে করলাম যখন আমার প্রথম পোলাডা হইল একটা জিনিস চিন্তে গেলাম যে দৈনিক মুই দশটা সিগারেটের দশ সিগারেটের দাম দ্যাশ্য
/kaggle/input/regspeech12/test/test_habiganj_0077.wav, আবার ওকে তা মহিলা কলেজে না সচিন্দ্র কলেজ আচ্ছা এখানে শচীন্দ্র কলেজটা এটা পুন এরিয়ার মধ্যে
/kaggle/input/regspeech12/test/test_sylhet_0607.wav,ও এর ফুরে আমি তো এটা নিয়ে বেশ প্রথম দিয়ে খুব এক্সাইডেড আসলাম তরারে যেভাবে দিছি উত্তরে দেখান তো যারা যারা আছে তারা নাই বলা দেশেও
/kaggle/input/regspeech12/test/test_narsingdi_0104.wav,ইয়ার কি চার শেষ গুইন গুইন বিশ্বাস কর এরা জাস্ট তা কী কথা বলে আমি আমার মতো করে বানাচ্ছি ঠিক আছে গুরুদ্দুজের মধ্যে কফিটা ল্যাবরেটারে করার আগে কফি মারে
/kaggle/input/regspeech12/test/test_rangpur_0003.wav,যে গোসলের নাম মেনা উমরা কয় গোসলে পায়ে কোটে
/kaggle/input/regspeech12/test/test_sylhet_0169.wav,তাই এখন যে জিনিসপত্রের দাম এখন যেরকম আপনারা সবাই কী রকম কিন্তু দাম আছে
/kaggle/input/regspeech12/test/test_sandwip_0107.wav,আর নিরেগের ছোট বেলার্তে এখন অবধি আয় কোনোদিনই এলেই কথা কহিল দুই ফার্স্ট হইতে হইব তরল রঙে একত্রিত এবং গোনসাম আয় কোনোদিন দিন তারপরে নব্বই হাজ্যেপে একসাথে
/kaggle/input/regspeech12/test/test_sandwip_0065.wav,ওমা তার তেলদান্ত দিছে বাপে কোন করছে তাকে তো বাপে কষ্টাধর্ব প্রস্তাদার বাপে কি কি করছে বাপের ওকে আল্লাহ আলাহ আলাহ তুমি মোবাইলে তো রাখি দিলেও মানে যে আল্লাহ লাগে কী লাল্লাহ লাগে তো তুই যা বেগেছেন তোর বাপের কবি নিয়া মায়া হল আসুন শুটু করছ তাকে আল্লাহ মুনিয়া তোর কোন দিনে যে তোর বুদ্ধি হয় বাহিতু বুঝলেন না কিসে
/kaggle/input/regspeech12/test/test_narsingdi_0013.wav,প্রিমিয়ার লিগ গুলা খেলতেছে রূপগঞ্জের হয়ে আয়োজন খেলতেছে ডিপিএল এই বেটা আম্পায়াররা কী সিদ্ধান্ত দেয় আউট এলে আউট দেয় না আবার যেটা আউট না ওটা আউট দিয়ে দেয়
/kaggle/input/regspeech12/test/test_habiganj_0063.wav,ষপদ কোনো কামগাছ করছি না যে বাধাদস্য মানে সব কাজে মা বাবার হয়েও পড়ি এর পরেও আসেন আনি যদিও একদিন একটা বুলহুরিল ইসলাম স্কুলও গিয়া স্কুলও না স্কুলও গিয়া আমার বান্ধবীরা যাইত মার্কেটও যাইত এরা বলে যা মোহামা কিন্তু আমার হাতে এটি হাতির আমি মারে না হই ঐ একটা জামা আইনাল ইসলাম তখন জামাটার দাম আমি আইনালে বেশি দাম দিয়া জামাডার দাম
/kaggle/input/regspeech12/test/test_sylhet_0246.wav,যার যার পড়তাম ভাই একবার এক বাইরে দেখাইতা ইবায় টিউশনি করিয়া আমার হোস্টেলে খরচ্থা ফেলাইতাম আর এরকম অবস্থাতে আমি ফিল করতাম যে আমার ভাইজাহুতি কষ্ট করিয়া আমারে পড়ার নিরুদ্ধে হাত দেয়ার আজকের একটা দিন আমি কাজ করলাম আমি এস্তে কিটা পড়লাম আমার এটা সবসময় বেস্টে অন্য নিহত হোস্টেলে দেখাব
/kaggle/input/regspeech12/test/test_sylhet_0680.wav,তেমনে আন্টির ইচ্ছা কি তা এখন মানে
/kaggle/input/regspeech12/test/test_chittagong_0100.wav,তিনি কাউকে তিন লাইন তার নালে পাঁচ মিনিটের বাড়ি আর আমার বা সুন্না ঐ যে ব্যাগের মধ্যে মানে মোটা মোটা ভালোই একটি ইংলিশের মধ্যে ভাই মানে ভালো ভারী জানেন অবধি ইংরেজির মধ্যে কেন ভারা ভারী
/kaggle/input/regspeech12/test/test_barishal_0062.wav,এই দ্যাশ টাহা যদি মোর ফ্যামিলিতে বাছে মোর কাঁচামালের বাজার হই যামুই এই ল্যারমারার খাম হই না এই ছাড়িয়ে দিছি এই যে বিরি সিকিরেটের মধ্যে যদি কোন মানুষ কৈত্যের নেশা আছে অল্লাকা আমার চ্যালেঞ্জ হইবে অর্ধে হয় তৈবে যে কোন জায়গার নেশা আমি মনে করেন একটা না
/kaggle/input/regspeech12/test/test_habiganj_0055.wav,ষপদ আর তিনি শুটকিত হারিতে ভাল হইতে হোন মা হই তুই শুটকিত হারি রান আমার দিকে তুই বালা হই রান আনতে পারো এরপরেই তাহার তো হইতে আস্তে আস্তে হোন মা যেতে যেত রান দেয় ওহ নামি দেহা যায় আস্তে আস্তে আস্তে সবই ফাঁড়ি রানতাম এরপরে ওহ নারীকৃতা হৈমু ওহন রানতাম রানতাম পুরি আসে যখন আমি এমন এমন এমন এমন এমন জামেলাতে পড়ছি
/kaggle/input/regspeech12/test/test_sylhet_0529.wav,মানে এটার সময় লাগে তো অনেকের দেখতে অনেক ক্ষেত্রে হতে পারে না ভয় লাগছে না এমনি সাউন্ড হয় বেশি নামার সময় নামার সময় অতিথিত সাউন্ড একটা সান ওয়াস্টার্ন ফিল্ডে দুটা সময় বেতন পাই
/kaggle/input/regspeech12/test/test_habiganj_0117.wav,ও আগে সস্তা আসলে এখন মোটামুটি দাম হয়েছে গেছলাম এখন তোমার যে দামগুলো আছে এই দাম পরিমাণে আমরা মোটামুটি ফাইতাভি হই আর আগে তো শীতের শীতকালে প্রথমে স্বস্তা আছে
/kaggle/input/regspeech12/test/test_kishoreganj_0029.wav,এ একদিকে আমার যে আইসিলেম ভালো লাগেছে না
/kaggle/input/regspeech12/test/test_sylhet_0451.wav,পেয়ে মানে সারা দিন কেমনে খাটে আন্টি একলা বাসায় উঠে আস্তানাস্তা করলাম এখন আসতে দিলে বিস্ময় প্রত্রণা গুছায়ী পরে গোল দেওয়ার একটু জালুর উদিমু জিয়া পরে পাঠ্য রহিয়ে আসতে দিয়ে হাহমিনকে
/kaggle/input/regspeech12/test/test_barishal_0043.wav,হেই আদি বেঞ্চি ও খালি দড়িটি টানতে একটু জাগাইতেছে এইটুক কাম করছে হেই কাম করিয়া যেই সমস্ত ব্যবহার মূল্যাগ করছে হেই ব্যবহার করালেই গ্যান্জাম বাজে বিশেল আকারের মূল্যাগে ও মনে করেন মোরে কয় গাড়ি রোডারে কইছি কুডো কিনতে মানা করছি কুড়কিন্যে গরু পালতাম এই কুডো হুকুম পেয়ে যে কই তো মিটের গ্যাসে গরমে দিসি একটা শর্টান লাগাইয়া
/kaggle/input/regspeech12/test/test_chittagong_0122.wav,বৃষ্টি দৃষ্টির পরের আহান্য অবস্থায় আরাম ভাই তোরা রেকম্বের অর্ধের আদেশে আধুনিক এগিয়ে গিয়ে গুই আরাম ভালি ব্যয় তোদের ভুয়া নানান বাড়ি আমার মায়ের বুথে বিশুদ্ধ নানা পরীক্ষা ছিল না যে
/kaggle/input/regspeech12/test/test_sylhet_0296.wav,যেহেতু কথাবার্তা ফাঁকা হয়ে গেছে এখন ই জায়গার মজার জন্য স্মরণ দেওয়া কিংবা এগুলা সাইকোলজিক্যাল বিষয়গুলা যদি অ্যাডজাস্ট করে না তখন তো স্টার্টিংটাও নেগেটিভ হয়ে যাব তখন আমি ভাবলাম যে ওটা তো আসলে
/kaggle/input/regspeech12/test/test_narsingdi_0133.wav,ইনোস্যান লাগব ঠিক আছে কিন্তু তার স্যার আমাদের একটা দুষ্ট দুষ্ট বাবা ছিল এই যে দুষ্ট বাচ্চা কই জায়গার টুল পড়ে আল্লাহ দিলে আমি বলিনি বুড়া বড় এত এত সুন্দর আছে এটা আমার কথা নয় এটা মানুষের কথা ওকে
/kaggle/input/regspeech12/test/test_narsingdi_0066.wav,আমার সুলা বেশি ভালো লাগে মেলি ফ্রেন্ড মজা করা লাগে সঙ্গ সামা ফ্রেন্ড ইসলাম এ তন্ন সাপ সাপ যেকোনো সময় স্বল্মার ভাইয়া সবার নেভিয়া সাদী করা সেটেল
/kaggle/input/regspeech12/test/test_habiganj_0074.wav,উদায় উদয় নষ্ট মানে কি তা কহিতাম একেবারে জীবনটা এই যে অলসা অলসা হাঁটাইতেছি আজির আজির হাঁটাইতেছি
/kaggle/input/regspeech12/test/test_sylhet_0762.wav,নাকি দেড় বছর বয়স থেকে আমরা তাকে দেখা করা হলি হুম স্ত্রী মোহন নাকি তার ধনী বুবিয়ের
/kaggle/input/regspeech12/test/test_sylhet_0386.wav,ঈদে কোনো কিছুক্ষণ জায়গায় সন্ধ্যা হওয়ার বাড়িতে হবে হিরো দে বাইরিয়া ক্ষুদ্র টুক সময় লাগব না সময় বেঁচে লাগবে একবার মানে বলি চলি তো নাই না পল্লী বাড়িতে এসেছিস ইহাতেই করিলাম যে একবারে রাস্তা দিয়া গিয়া শেষ মাত্র করিতে
/kaggle/input/regspeech12/test/test_noakhali_0017.wav,তাহলে তিনি আবার ব্যাপারের লড়াই একদিন জ্বালা লাগিয়ে আনা তুলে দেখেন গাদ্দা তো আনাতে গেল
/kaggle/input/regspeech12/test/test_sandwip_0017.wav,হিসেব কিতাব একদম নাই বেশি একদম ব্যাহিসিক ড্রুক আর না হলি জামাই গুণের গুণ্য
/kaggle/input/regspeech12/test/test_kishoreganj_0067.wav,চামু চামু গিয়া গিয়া গিয়া তুমি গিয়া গিয়া গিয়া কহেস তাহর ভাই যে আমারে এলে তাড়াতাম
/kaggle/input/regspeech12/test/test_chittagong_0072.wav,আর পাবলিকের মধ্যে অন্যদিনের একটা বিস্ফোরটা হচ্ছে তাই তারা করার চিত্রবিলি খরচ বেশি পাল্লায় কেন তো কেন কিন্তু এর ফোয়ালে কান মানবে কিছু ভালো বিয়ে নিবে
/kaggle/input/regspeech12/test/test_sylhet_0298.wav,আমি গিয়া ছোট ছোট ঋণ দেখি আকাম তাইনু আমি যতটুকু জানি তাই তখন টিউশনি করিয়া পর্তা গ্রামীণ ব্যাংক থেকে শিক্ষা ঋণ লইয়া বাবা মারে দিতা খরচাদি বাবা মার দিতাতে কাজেই ওরকম চলবেন ঐ সৈন্য ফুরাফুরি
/kaggle/input/regspeech12/test/test_rangpur_0127.wav,বলো বোম্বসা গালি দিলেন হা হালা কানি কথা শোনা যাবে
/kaggle/input/regspeech12/test/test_narail_0015.wav,তুই টানা দিস না তোর কাছে কেউ শুনতে গেছে নাই তুই টানা দিস নাই তুই করতে গেছিস কি জানি যে আমি এরকম টানা দিস তাহলে আমরা সৌরায় নালী ওই বাবলুরাই ভিলি করেছি বাবলু তুই বলে টানা নিচ্ছিস তাহলে এত টাকা কই গেল আমরা তো পাইছি দশ হাজার টাকা আমি আমার এই কথা কালো জায়গা না
/kaggle/input/regspeech12/test/test_chittagong_0057.wav,তোমার মজুদের হাতায় গেন না কেন হওয়া চাই তুলে না দিল দেরি ঠিক আছে চলো তুই এখন যাক তুমি মায়ের সেতুর পাশে যে চাই তাকে রাখ রাখ রাখ রাখ ভাই ভাই ভাই
/kaggle/input/regspeech12/test/test_sylhet_0088.wav,আর আপনি ওস্তুলার হলফন হোসেন নাকি স্যার
/kaggle/input/regspeech12/test/test_kishoreganj_0100.wav,মুচকো কি কে আবার
/kaggle/input/regspeech12/test/test_sandwip_0085.wav,কেন মাইরাহ প্রজমন দেখে না বল হ্যাঁ তুই ভেতরে মাফাইলে আরোগ্য করো তুই হ্যাঁ পুঞ্চে ফেললেন একসময় ঈদের মাথা দিয়ে এত গুলো দেখতে শুরু হয়েছিলি রায়কে মোবাইলের লাইব্রের দিয়ের মাথার গুলো পেয়ে ফেললেন
/kaggle/input/regspeech12/test/test_tangail_0039.wav,তার পরিবার থাকে ইন্ডিয়াতে পাইপেটেল যে ইরফান খানের পরিবার থাকে ইন্ডিয়াতে তাদের একটা নিজস্ব চিড়িয়াখানা ছিল ঐ পশুপাখির সাথে ইরফান খানের একটা স্পিচুয়াল একটা কানেকশন ছিল অন্যান্য পশুর সাথে কিন্তু
/kaggle/input/regspeech12/test/test_sylhet_0352.wav,তখন ডিজিয়া করিস আচ্ছা ঠিক আছে আমার লোকে দেখা করিও তো গিয়া তিন দিন আগে দেখা করার পরে হইল যে সিলেট সুনামগঞ্জ কোনো পোস্ট ফাঁকা নাই
/kaggle/input/regspeech12/test/test_chittagong_0156.wav,আপু অনার্স রান দেখিনি পয়েন্ট ফ্লুয়ারের যদি জানি কি সাইন্ট হুদুল্লর সাইন্ট তুলি নিক কিন্তু সাইন্ট জালিয়ারি
/kaggle/input/regspeech12/test/test_sylhet_0303.wav,আমার যাতে বাড়িতে যাওয়া লাগে না তখন তোমার স্যারের লোকে আমি মাখলাম যে আমার কিচ্ছু লাগত না ইউনিভার্সিটির পড়াটা শেষ হয়ে গেলে চাকরির প্রিপারেশন লইতে আমার কিছুটা টাইম লাগব আমার একটু টাইম দরকার ই টাইমটে আমি বাড়িতে যেতাম না
/kaggle/input/regspeech12/test/test_sylhet_0416.wav,বাচ্চার মতো ডায়াবার কিন্তু আমি চাচ্ছি প্রতিদিন এক ক্রিকেট প্যাম্পাস মনে কর তোমার সাতশো বিন্দেষ্টে প্রতিদিন আমার এর দিনে ফ্রাইতে সাতশো বিন্দেষ্টে বা প্যাম্পাস লাগছে
/kaggle/input/regspeech12/test/test_chittagong_0171.wav,সাইর তোর বাপাল্লা বেশি অসুস্থ তোর বাপাল্লিক কিসার নোটক নোডোস তোর বাক্রহ সাময়ের আরেকটি দেখে গেছে
/kaggle/input/regspeech12/test/test_sylhet_0608.wav,আজ যারা যারা আস্তের আল্লাহ গেছে দেখা হবে কয়েকটা সুযোগে তো হেয় মেবে যতটুকু সাশ্যের সব ভুলের জানাইছে মাহফুল দত্ত প্রস্রাব আমি আস্তে হালকে তো একটা ডে দিলাম নামি এখন এই ডে দিকে এখন দেখাটা এলাও আমার কী তাহার এটা তোর কিন্তু নাই দেখে না তোর মাথাটা ফাটাইলাম
/kaggle/input/regspeech12/test/test_narail_0169.wav,দুই তিন মাস খাওয়ানোর চাহা লাগবে কারণ তবে ওষুধগুলো দেবে তাতে কী বাস্তবে তুমি কি বাংলাদেশের রাষ্ট্রে দেখায় কোনো আপনির ঘর আবার আশ্রিত হাঁটায় আচ্ছা তে কোনো রোগ কি করেন
/kaggle/input/regspeech12/test/test_barishal_0055.wav,তাই লোষ্টান্ডা কিসের এখন যদি এখন কষ্টের জিনিস যদি ঠ্যাং না ছাইয়ে বয়ে থাকতাম আহানো তো আর দান্তাইসে মুই দশ দিন বয়ে থাকলে মোর কী হইত মুখে না খাই মরতাম
/kaggle/input/regspeech12/test/test_sylhet_0537.wav,তুমি বড়ো বাপু যে তুমি মেডিকেলে না পড়ো আমি নামার সুতো গুণ করে আমি অনার্স্ট হার্ডিয়ারে কোন কলেজে মডেলমোহন
/kaggle/input/regspeech12/test/test_tangail_0026.wav,কিন্তু সারা এরকম ভালোবাসায় বিশ্বাসী না সে সোলমেট বা ডেসটিনিতে বিশ্বাস করে সে মনে করে যে জনাথন যদি তারই হয়ে থাকে তাহলে সে বারবার তার লাইফে বিভিন্ন সময়ে বিভিন্নভাবে আসব তাই সে বিভিন্ন এক্সপেরিমেন্ট করে যেমন জোনা ধান সারাদের
/kaggle/input/regspeech12/test/test_rangpur_0036.wav,এই বুটকে খাইয়া বুট হইল শরীরে প্রচুর এনার্জি জমিত একটা খাবার মানুষের ইফতারির সময় বুট খাওয়া আসলে উপকার
/kaggle/input/regspeech12/test/test_kishoreganj_0073.wav,পাগলে লেখা পাগলে কিন্তু ভয়ে যাবে দাদা তোর দাদার দাদা একে নেমে হ্যাঁ
/kaggle/input/regspeech12/test/test_kishoreganj_0122.wav,বড় বড় মিল ফিরতিল বা কাকা নামে গেলে তুমি দাঁত দেয়ারা ইতালা গন্ধের লেগে বিভিন্ন ধরনের আবর্জনা বা বিভিন্ন ধরনের ময়লা আবেদনকে দেখা ফেলা যিনি নিতে ফেলা যেতে সামনে যাওয়া বাউলিদা তার নানা গন্ধে দুনিয়ায় বন্ধু
/kaggle/input/regspeech12/test/test_sandwip_0028.wav,হুঁইশালা ও এরা হুঁইশালার হোলানেলি মরালা ডাক্তার ইঞ্জিনিয়ারে ওই হোলানের মারা বিদ্যাশ্রমে থাকে মারগুরু সানা আমরি হোলানি আন্তরের সাইবার নেই এই ব্যাপারেই থাকে অতিরিক্ত
/kaggle/input/regspeech12/test/test_sylhet_0102.wav,তিন বেলা গিয়ে রান দিই তিন ধরে রান দে না খাট ব্যবস্থা হবে খেয়াল চশমু মাস্তো হারিটার সাথে অবস্থা হবে
/kaggle/input/regspeech12/test/test_rangpur_0072.wav,বীর্জির মাল লাউ ফুল গুলগুলি হয়ে যায় একে মাসিবানা হইলেও গুলগুলি একে পসা হইলেও একে গুলগুলি ভুয়োই মাছ হই লাউের জন্যে মাছ ভাই করুম না যে কালকে মুই লাউ লাউ মাছ বাইকিরি লাউ কার লাউ মোর ভাইটাই কদিন আসে মাছ কেনার আগে নেই
/kaggle/input/regspeech12/test/test_kishoreganj_0027.wav,গ্রামের নাম কি সামরাজিয়ার রেশিনুই সামরাজিয়ার একটি ফুফুর বাড়ি নজরুল রেশিনুই নজরুল বলতে যেন একে কিন্ডাকার্টিন আছে না
/kaggle/input/regspeech12/test/test_rangpur_0013.wav,আমার জীবনে আমি শুধু বিয়ে দিয়ে হারাহার করি না
/kaggle/input/regspeech12/test/test_sylhet_0027.wav,এটা দায়িত্ব নেয় পুরুতে যে পূজা করে পুরুহীন নেয় সবগুলি আর দায়িত্বই মত কমিটি আছে সবকিছু নিয়ে আমরা সার্বজনের সামনে খুলে চাঁদা দিয়ে নেওয়া হয় এই পাড়ার পূজা আমরা হয়ে যে সবার কাছে চাঁদা নিব নিয়া মেডিয়ার একক নাই বোঝা এটি সার্বজনীন পূজা
/kaggle/input/regspeech12/test/test_sylhet_0483.wav,নৌরূপ অবস্থায় এরপরে আমি অসুস্থ মানুষ এরপরে এটা ইন্সুরেন্স জেসলাফিরা এগুলোকে আমার একটা উকিল লাগের লোক দিয়ে বুঝি বাচ্চা হচ্ছে মারা যা এখন বুঝতে পারে যে তারা হইলে এগু বুঝে না তারা এগুলো তো অভ্যাচ্য কথাটা অন্য কোনো সমস্যা আছে যার খুব পিতা মারা যায় যে আমরা আবিষ্কার শরীর বুঝলাম যে আমার লোকে একটা সুমর্ষা ও কারণও বানাইলে বাচ্চার হ্রেমের আগে যায় চৌকি চোখে চোখে পড়ে পড়ে কিন্তু এইবার সময়ের সময়ে তারারা মারা যারা যায়
/kaggle/input/regspeech12/test/test_rangpur_0078.wav, এদেন খুন হইবে ওদেন খুন হইবে না ওর পাশের ওয়াজমুড়ি পরি পরি পরি পরি কয়লা পরিপুর সাইন করে দিবে তারপর শুনে শুকিয়ে পড়ি মাদ্রাসাদ ভালো লাগে
/kaggle/input/regspeech12/test/test_narail_0143.wav,সুকোয় দিলাম কণ্ঠে তুমি মনে করে দেখতে আমি গতবার যখন ইন্ডিয়ায় আসছিলাম তখন গতবার ইন্ডিয়ায় ছিলে তখন তোমার আমার কাছে আশার কথা ছিল বাবা
/kaggle/input/regspeech12/test/test_sylhet_0014.wav,পূজা করিয়া তারপরে আমরা প্রসাদটা খাইয়া তারপর শেষ পূজাটা তারপর সন্ধ্যার সঙ্গে প্রতি সন্ধ্যারাত্রি করা হয় তার সাংস্কৃতিক অনুষ্ঠান ধর্মীয় জমায় ধর্মীয় গান আছে না মাসুল স্ত্রীর গানটা নিবেদন করা অনেকে পরের দিন নাকি
/kaggle/input/regspeech12/test/test_chittagong_0029.wav,সুতরাং বিয়ে দিবিলাম দাহা দেখিয়া লাগে নাকি হরি নগর মানসম্যাগ করে এটি মগ্ন প্রতিন ইয়াহুরি একটি মোবাইলে তুলে ফেলি
/kaggle/input/regspeech12/test/test_narail_0142.wav,না উড়োয়াদের স্তমার কথা তাতে হবে না তুমি আসো তোমারে দেখি না মেলা দিন দেহে মেলা লাভ আছে তুমি আসো তার সাথে সব সম্পর্কই সুপারিস তিনি তারা দেখে লাভ কি পা
/kaggle/input/regspeech12/test/test_kishoreganj_0136.wav,এদেশে ফল হয় এক রকমের ফল
/kaggle/input/regspeech12/test/test_sylhet_0225.wav,তো আমি পরা আরম্ভ করলাম পড়তে পড়তে মেয়েটির পরীক্ষাও দিলাম তবে কী পরীক্ষা দিতাম যে আমরা তো গাওদাসী গাওদে কি শহরে হইয়া পরীক্ষা দিলে তোমার তাইমে ভিতরাইয়া পরীক্ষা দেওয়া যাইত না
/kaggle/input/regspeech12/test/test_habiganj_0097.wav,সিলেটে তো অনেক বালাবালা জায়গা আছে সাদা পাতার দেহা আমি আমার তো অনেক শোক আমি কেড়ে যে এখন সময় যে যাইতাম চা বাগানে
/kaggle/input/regspeech12/test/test_narail_0095.wav,যতটুকুই ভালো সম্পর্ক না কান্তাও এরকম কথা বলতে পারি নিজের স্বপ্নে জানে মান তুমি তো দেরি ফেলেছ এই যে তোমার সাথে আমার সম্পর্ক তোমার সাথে কত কথা হয়েছে এই কথা তো কেউ জানে না
/kaggle/input/regspeech12/test/test_narsingdi_0102.wav,কিন্তু একটা ফ্যাক্ট কি দিবে না দিল টেয়ার্ডি এখানে রায়িকা দিল এটা
/kaggle/input/regspeech12/test/test_rangpur_0109.wav,পাতা কুড়ি নিয়ে দেখি লেশ আমি গেলে ভালো খাই নাই এতোর চোট্টার মত থাকতেই ভালো আছিল না ইত্যাদি গুলা মানসি টাকা দেয়াই খেলেছেন খুব নোয়া
/kaggle/input/regspeech12/test/test_kishoreganj_0032.wav,এই যেই সাম্রাজ্য থাকে সাম্রাজ্য থাকে সাম্রাজ্য মেডিকেল গ্রামের নাম কি তাল দোষী প্রোফ পেলে কী শুনি
/kaggle/input/regspeech12/test/test_sylhet_0597.wav,আর কিন্তু রুবিন আল্লাহকে দেখা হইল রুবি সেটা অ্যাসোস ফার্সেপোকানেক্ট ইয়া হাত দিয়ে গোতা বান্দরে দেখলাম না আমরা বেছে আমি হালটি সত্যি শিওর গেলাম অনেক যদি বিয়াটা নয়তো বিয়াও এই খেলনায় আমার ধাসাত্মক বই নারী
/kaggle/input/regspeech12/test/test_sylhet_0081.wav,আমি তো বেশি আগ্রহ জানি আমার ভালো লাগে না আমার বেশি পড়তে পারা আমি প্রথমে পড়তাম না তথা এখন টিচার বা আর আগ্রহ বাড়ার পর থেকে টিচারের চেয়ে তো পড়া লাগবে
/kaggle/input/regspeech12/test/test_barishal_0078.wav,দড়ি উল্লে উল্লে এখনো কথা
/kaggle/input/regspeech12/test/test_sylhet_0632.wav,আর শিক্ষার কারিকুল আমার যে চেইন রাইস কারণে নাই নরিতার ব্লেজিও মাত্র কয়টা সাবজেক সাইন্সার্স তোমাকে যাতে নাই কিন্তু পজিটিভ ইমপ্যাক্ট করব না নেগেটিভ বুঝে গেলেন আসলে
/kaggle/input/regspeech12/test/test_sylhet_0074.wav,আমি তো ইংলিশ আমি বুঝি নামিত অক্টোবর হয়ে যাব
/kaggle/input/regspeech12/test/test_sylhet_0259.wav,আর এনা দেখোই আমি তো আজ থেকেই পড়ছি এখন আজ থেকেই করছি বিদায় আমার বার্সিটির লিমিটেড হইতেছে স্কোপটা আমি তো অশ্বক্তির মাঝে এপ্লাইও করতে পারতাম না
/kaggle/input/regspeech12/test/test_kishoreganj_0054.wav,লজান দে দোয়ান করলে লজান দে মাইন তরাপরিকা শেষ তারে কি বৈকিছি
/kaggle/input/regspeech12/test/test_sylhet_0587.wav,সাকিবে এবং ফরেস বেটার কিছু করলে তবে যে অতীব তাপ বেটায় পাম দিছে এখন ঘরে সবে সেও না মানচিন না কিন্তু স্যার চিকিতা ফোরেল মানুষের মধ্যে দিনাথ চাহিদা যাচ্ছে হারা
/kaggle/input/regspeech12/test/test_rangpur_0046.wav,এলারো ধনী হয়া হয়া একনা করু হয়া হয়া তাই এরা কেমন কেমন করে এলার কার ঘর নাই
/kaggle/input/regspeech12/test/test_sylhet_0750.wav,আর আপনারা এখানেও জীবাণু পূজা আর্চনা কেটাকেটা হয় আমরা এত ফারিবাড়ি চলেছি তুমি বাওয়ায় লক্ষ্মীর বাওয়ায় লক্ষ্মীর না এলে দুর্গম্য নইলে দুর্গম্য ফারিবাড়ি তার বড় বড় অনুষ্ঠান আমরা ফোরামে চলি না জায়গা দুর্গা বুজা খালি হুজা
/kaggle/input/regspeech12/test/test_tangail_0027.wav,যখন ওর নাম্বারটা দেয় পাঁচ ডলারের একটা নোটে তখন সারা এটা দিয়ে একটা বই কিনে ফেলে বই কিনে ফেলে তখন ওই নোটটা মানে যে দোকানদারকে দেয় দোকানদার থেকে আরেকজনের কাছে আরেকজনের কাছে এরকম ছড়ায় যেতে থাকে আর সারা বলে জনাঠান্ডে বলে যে এই নোট যদি আবার আমার কাছে আসে তাইলে ভাব মোক
/kaggle/input/regspeech12/test/test_kishoreganj_0124.wav,বিশ আরেশে সৎ পুস্পার তৈবা সাতান্ন আরেশে চল্লিশ
/kaggle/input/regspeech12/test/test_narsingdi_0117.wav,বৈরাইটা মাস্টার পিস কান ব্যথা করলে বোকা মায় এগুলো পট গার্ল তার ফল এই ইন্টিউন্লেশন কি
/kaggle/input/regspeech12/test/test_narsingdi_0058.wav,কার্যকর সমাধি গলা এমন বড় হয়েছিল কার্যকর সবাইকে সবাইকে মিউ মিউ করে থাকা আমরা পাইগ্রা করতে আসি না
/kaggle/input/regspeech12/test/test_kishoreganj_0187.wav,উদ্ভিদে প্রস্তুত হল একটি প্রধান পুঁটি প্রাণী দূষণের কারণ
/kaggle/input/regspeech12/test/test_kishoreganj_0194.wav,পানিতে মিশে থাকা বালি কাদা ইত্যাদি সরানুর পক্ষে কী বলে
/kaggle/input/regspeech12/test/test_sylhet_0591.wav,ইহার দিন থেকে অক্টোবর থেকে মোটামুটি পালা যাক তার জায়গা তাও মোটামুটি বিজি তিন দিন সারাইন অন্যান্য ধরা এক ঘণ্টা যায় ঘুম থেকে উঠলেন দশটা সারাইলা এগার এর আগে কয়েকদিন আছে
/kaggle/input/regspeech12/test/test_chittagong_0135.wav,ঠিক আছে ফুফি হঠাৎ যুক্তি আছে না হতে বা মাইনি কিন্তু ইহার আগে যায় সীতাঙ্গত না এবার আগে আর ফল ফল বানাইতে লোজ পুরানা হয়ে যায় বড় ফুফিল্যান্ডের উঠতা পরে তোরা আর লইতে হবে ঠিক আছে না তাছাড়া আমি পার্লফ্রেন্ডে এসি তোরা হলে এতে পারে কেনা নেন তা
/kaggle/input/regspeech12/test/test_narail_0112.wav,তুমি যদি ঘুরে গেলে তোমার আর পিতু সে সংসারে কিন্তু আগুন বেড়ে যাবে নেওয়ার জন্যে একটু আর্টিমেটাম দিয়ে রাখলাম শোন করে আমি ছেলেমেয়েরটা কথা কই লিখে রাখ ওরার আমার সংসারে কোনোদিন আগুন ধরবে না তো লিখে রাখ
/kaggle/input/regspeech12/test/test_chittagong_0052.wav,তুই তো ভাই কি হৈউম হায়া না নাকি ডাইনি হইতে এগিয়ে নড়লেও তুলে সাড়া যাইব
/kaggle/input/regspeech12/test/test_sylhet_0339.wav,গেলাম বাড়ির আমার ছেলে রইল বড়োটা বাইর বাসাতে আসলাম পরে আবার পরীক্ষার ডেট রইল ঐ সময় আমার পশুদের বয়স হয়ে গেছে তিন মাস এখন তিন মাসের বয়স তো ব্রেস্ট ফিজিং টাইম
/kaggle/input/regspeech12/test/test_narail_0166.wav,আরো সুগারোলি তো আরও কত কিছু রোগ মানে এমন এমন রোগ আছে ধরেই না সুগারোলি একটাই সব ওষুধ হাই হাইবেটিকস থাকলে অন্যান্য ওষুধ খাওয়া নিতে যায় না
/kaggle/input/regspeech12/test/test_tangail_0041.wav,কখনোই মানত না সে বলত একটা বাঘ কখনো মানুষের বন্ধু হইতে পারে না সেইরকম ভাবে সবকিছু ভালোই চলতেছিল কিন্তু প্রশাসনিক এনিম্যাল রাইটসের কারণে নাকি কী কারণে জুডা মানে বন্ধ করতে হইতেছিল
/kaggle/input/regspeech12/test/test_habiganj_0057.wav,রমদ বেশিও দিতে কিন্তু অত বেশিও না কিন্তু লবণটা বেশি হইতে ইতালি আমার বাবা হয় দেইলে তো তুই হত বালা হইতে থাম দোস আজকে তুই কেরে অত লবণ দিলে তোর মা কি তার লবণ দিয়া দিছে আমি হই মা তো দিতে লবণ আমি তো আর লবণ দিচ্ছি না আমি আর কোন সুখে লবণ দিলাম আর আমি কিন্তু পাখি দিয়া একটু লবণ দিছলাম বেশি হয় আমি হই আজকে একটু লবণ যদি বেশি দেই তাহলে তো আমার দিয়া আর রান্দাইত না না আমার ওখানার মজার মজার বুঝার বুঝার বুঝার দিয়েছে আমার আমার আর রান্ড দিলার দিলাম তাই নাম তামাম
/kaggle/input/regspeech12/test/test_habiganj_0003.wav,কিন্তু আপনি দেন হোন সাথে যে উন্ডাত্তর সম্মানের জামাইয়ের সাথে হেরে লইয়া যায়
/kaggle/input/regspeech12/test/test_sandwip_0068.wav,জীবনের দরজার বাপে বললে তার চারটা আস্ত রাজ্যাদ্রা জীবিত জাতির প্রতিশোধ করল আমাদের কিন্তু আবদের নাম নিয়ে যেরকম গ্যাসে নিয়ে নিজের হিসেব করলেও যেগুন
/kaggle/input/regspeech12/test/test_kishoreganj_0006.wav,গাড়ি তুলে রাখা গাড়ি তৈরি করো গাড়ি ধরা করো গাড়ি যাবে শুন
/kaggle/input/regspeech12/test/test_habiganj_0095.wav,সামনে যদি সিলেট যায় কলেজ থেকে যদি সিলেট পিকনিকেও যায় তাহলে যাওয়ার ইচ্ছা আছে দূর গুনানো গেলে ফেমিনিটিকা দিতা না দিতা না যাইবারলে কি অত্যন্ত দূর যাওয়া আব্বা পছন্দ করেন না কক্সবাজার গেলে যাইতাম না সিলেটের বৃত্তে গুনানো জাইন তৈরি গোলা নাইলে যাইতাম না
/kaggle/input/regspeech12/test/test_sylhet_0562.wav,আর সারিনারি পেপার ড্রাগরিন কোর্সের মার্ক দেখাইছেন দেয়ায় আছে নিবাহ ঋণ কোর্সের দেয়ায় যত ফাইসাল তো দিন মাস্টার সারদে হইতেন নাই বালাউড়ি পুড়িয়ে আর তো টেনশন মেনে আর এত কান্ডাউন দেয়ার উপেক্ষা করিয়া আমরা ভুল করছি
/kaggle/input/regspeech12/test/test_chittagong_0055.wav,অ্যাকালেসে বৈতিকী দুনিয়ার শেখ হাসিনার বাজন দুনিয়ার কেন্দ্রে কেন্দ্রে ব্যাকিন নিয়ে রোবেন হাম হলেস গড়িয়ে রোব বৈতিকীদের মতো হন না এটা হয়তো তুই আবালে গড়া হামবেকিং গড়িয়ে রামমারে ইমপ্রেস দিতাম
/kaggle/input/regspeech12/test/test_narsingdi_0019.wav,ঐ কথা আছে না খুব তাদেরই উপরে উঠে গেলে মানুষ পরে যেন তাকাতে চায় না হয় ভুলে গেছে আর কী যে কই ছিলাম আর কোথায় আছে হ্যাঁ এগুলো হয় ক্রিকেটে এগুলো হয়
/kaggle/input/regspeech12/test/test_rangpur_0107.wav,ছাগল আছে নিকি পাতাটা দেখিস না কাজটা নিয়ে দেখিস নে
/kaggle/input/regspeech12/test/test_barishal_0097.wav,হ্যায়াডো বিবেকা নাজিবেরা হারাদিন কাম করিসি দেয় এই হইল সমস্যা এই মনে কারণ এই পানি জাতীয় খাউন্ডা মোরাতেই এই খাউন্ডা আত্মবইয়া কহিল মনে করে নেই যে হারাদিন কাম করছি না মোর কোনো দুঃখ নাই ঘরে গেলে মোর তাল্লুর ভিতরে রক্তের ডিজাইল হয়
/kaggle/input/regspeech12/test/test_chittagong_0007.wav,আয়াধির গেগ আয় নীতির ফল বানাইতে আরও অদ্ভুতেরও বাজে হত অনেক কিন্তু নিত্য না থাক অন্যেবারে হবে একটা নাওয়াদা আইয়ের বয়ের বয়ের পর্যন্ত হত আড্ডাগুলি বইয়ে লিটে কিন্তু না হয় তাহলে আজও অব্যাহতা হতে পুনর্ময়ের হয় দাস
/kaggle/input/regspeech12/test/test_kishoreganj_0169.wav,বাস্তবের অনেক দল থেকে বাস্তবের তুলনায় পরিমায়ক এক ঘনীবোল বলে তোমর মধ্যে ভিতরটা খুব লাল
/kaggle/input/regspeech12/test/test_chittagong_0070.wav,তাহা কি দিবে বৌদি
/kaggle/input/regspeech12/test/test_narsingdi_0009.wav,ওরা তো রাখছ মোটামুটি তিন চার বছর দলের সাথে থাকতাছে লেগ স্পিনারের অভাব পূরণ করতে পারতাছে না এই প্লেয়ারগুলো লেগ স্পিন বল খেলাইব তখন ওরে নিয়ে যাওয়ার লেগ স্পিন বল করে কিন্তু ওর লেগ স্পিনের সাথে হতো বাংলাদেশের লেগ স্পিনারের কোনো কোয়ালিটি মিলে না
/kaggle/input/regspeech12/test/test_narsingdi_0048.wav,শুতে বলার সময় কিছুদিন আগে খেলালে যে রাত্রেবেলা কারণ বেছে ফেলেছে আমি যে তেলের দোহা না তেলের দোহা নাম উল্লেখ যে আমি যে মুখ মোসাম গেছি গিয়া আমি যে ঐ ফেরিগা বা লাইটিং মেটিং গেলে পার্টি নাকি প্রেরণ্ত ভোবরে চাইতি ধুয়া উঠতাছে
/kaggle/input/regspeech12/test/test_tangail_0052.wav,পরে রিচার্ড পার্কার যে বাঁকটা ও বনে চলে যায় নাইমেই বনে চলে যায় আর ইরফান খান ঐ বাঁকটার চলে যাইতে দেখে কিন্তু বাঁকটা মানে কখনো পিছনে ফেরার তাকায় না
/kaggle/input/regspeech12/test/test_sylhet_0256.wav,কিন্তু আমরা নূতঃ অলাপ রান্ত্রিক একটা পরিবার থেকে একটা কোচিংও রাখা কলেজে তো করিলেছি মুষ্টিকরা কি না তখন কোচিংও করতে গেলে থাকুক হই
/kaggle/input/regspeech12/test/test_sylhet_0029.wav,শেষ হইল এটা তারপরে নবমী দিনও হয় সে কীভাবে পূজা হইল টাক্কুরুতে পূজা কর প্রত্যেক দিনেই তো নতুন কাপড় দেওয়া সব টাকুরের পর সাজাগোজার জিনিস আছে না ঠাকুরের কাছে এগুলো দেওয়ার পরে আর মাঝে সবাই যে বক্তৃ করে ঠাকুরকে যে প্রণাম করে এটার মাঝে কি সবাই থেকে প্রণামী দেয়
/kaggle/input/regspeech12/test/test_kishoreganj_0059.wav,ডান নেয়া গাছ দুধ গাছ দান নেয়া
/kaggle/input/regspeech12/test/test_sylhet_0445.wav,এ লেখার সুযোগ সুবিধা বালাস নিরিবিলি একেবারে নিরিবিলি কোন মানুষের লোষ নাই সন্ধ্যা ইয়ার লেয়ার পিতা হুজ আমার যে বয়ে লাগেই এবারে কোনো মানুষ নেই আবার কিন্তু একটু সামনে গেলে মানুষ আছে আমি দুই নম্বর বাসাতে আসছাম ইকুয়েলিতে তোমার তেতাল্লিশ নম্বর বাসা এখন তুমি বুঝি আমি দুই নম্বর বাসাতেছ না তুমি দুই একবারে মেন্ডু
/kaggle/input/regspeech12/test/test_chittagong_0120.wav,দিদি এক সেবা মেরে গিয়ে লাশ না তারের হাতে পায়ায় না বা বুলের গিলে ওরি একটা হতা হয় তুই মোবাইল নোট হতে যদি রিভাত বেইন দেখলে সমস্যা বেতাল হুদি
/kaggle/input/regspeech12/test/test_sandwip_0093.wav,সামনে থাকলে একটু করবে না মানুষের কথা কথা কিছু রিজেল করে দেখো যোগ্য বলে দেওয়ার সামনে না
/kaggle/input/regspeech12/test/test_kishoreganj_0057.wav,পরিচিত কারণের মোহ এই যে বক্তৃতা জোয়ানগুলো কারণে আমি তো
/kaggle/input/regspeech12/test/test_sylhet_0222.wav,চাকরি করিয়া মোর পেশাটা যাতে থাকে না হাউস লাইফের পাশাপাশি যে আরেকটা কিছু থাকে পরে আমি ও টার্গেট লইয়া মনে মনে খোঁড়া শুরু করছি আর আমার ভাইয়েরা আমারা খুব সহযোগিতা করছেন ইহাতে আর বাবিরা
/kaggle/input/regspeech12/test/test_narail_0120.wav,তুমি খালি আমাদের থাকতেই হলে তুমি যেহেতু হিংসা রক্ষা করবা না আমি অন্য নৃশংসা করো সেটা কোন বিষয় না বিষয়ে তুমি আমাদের নাকি এত কথা কিন্তু দরকার নাই সে তোমার পিতৃষ্ঠীর সংসারে আগুন লাগানোর দরকার নাই লাগাচ্ছে না কিন্তু আমার সংসারটা আলো জ্বালায় দিয়ে
/kaggle/input/regspeech12/test/test_narsingdi_0068.wav,আঙ্গো গ্লাসের মাইয়া বলে আঙ্গো মনে করে আঙ্গো ব্যাস ট্যাকের এমায় বিখ্যাত করে লিখে যুব সমাজের নৈতিক অবক্ষয় কী অবস্থা পাচ্ছে
/kaggle/input/regspeech12/test/test_kishoreganj_0158.wav,আমরা কি কখনো সকালে গাছের উপর বিন্দু বিন্দু পানি জমে থাকতে দেখেছি
/kaggle/input/regspeech12/test/test_sylhet_0584.wav,পয়লা পয়লা তো জাহানসারের প্রায়টা জাহানসারের ডিমান্ডে একটা জানাচ্ছ বেশি বেটার ফাসাদার নিচে মানে না আর তেহাদা থেকে বলা হইল যে হেনানি তো বাদ স্টুডেন্ট হাতা সব বর্জার নাই সরোমর কিচ্ছু নাই উজ্জ্বল পাড়ে দর্শন একসাথে হয় না
/kaggle/input/regspeech12/test/test_narsingdi_0100.wav,ঈদের ফটো ভুগতে যাওয়ার দরকার একটা আনুপানি হই না আর কই ঈদে সালামি নিবা নাকি আমাকে
/kaggle/input/regspeech12/test/test_narsingdi_0131.wav,শুরুবেলা তাই আমার মতো কিউট বাচ্চা আরো অক্ষর আনো বাবা
/kaggle/input/regspeech12/test/test_sylhet_0309.wav,ও তার ফান করি করি ফাঁস হল তো গেছেন তারা বাড়িত দুয়ো ফ্রেন্ড মিলিয়া বাড়িত গেছেন তারার বাড়িতে আগে গিয়া বাম্বারে বুঝাইছে তারারে কালকে বিয়া দিলাইটা এই কী কী দা কোন প্রিপারেশন নাই কোন প্রিপারেশন নাই তোমরা কহিল বিয়া কি লাভিয়া হইত
/kaggle/input/regspeech12/test/test_kishoreganj_0088.wav,রৌজা হেই হেই হিমি হিমি জমিনার ভান খাইছ কিন্তু লাগে মক্কা তোমার কে মাংনা মক্কা মাংনা মোদি আমার মানে কোভা মোদির মানে মানে নাই মক্কাতে মোক্কা মানে মাংনা কোভা
/kaggle/input/regspeech12/test/test_narsingdi_0072.wav,তার এসডাব্লুর খাতার মধ্যে কী লেহা এই লোভের সিরাপ ডাঙ্গা আলাদা খাতার মধ্যে কী তা তার খাতার মধ্যে কী লেহা সুই এসডাব্লুই সুই পরে হিত্তায় পড়ছে ঈদের জামা কয়টা এসে ধরবার
/kaggle/input/regspeech12/test/test_sylhet_0457.wav,আমার বাসা থাইকেন আমার সাথে ওরা শুভাশ্রী আমি নিজেও যাই গেলে তো বাই বুয়াইনি ওয়ান তা আমার সেইমোওয়ালা ও কাহিনি আমার বাই অন্ধকার ব্যাপার আমরা শুভাচলা যেন আমরা ডুবুওয়ালা কোথার লাগে আমার আব্বা নাচা তো তার আমার হুতিরে বুবু ডাক্তা আমার বাড়ির নিচে বই নেত্র
/kaggle/input/regspeech12/test/test_chittagong_0123.wav,এই দিন ওটি কিস্তি দিচ্ছে নদ গরির রাহিতা জ্বালাইতে জ্বালাইতে ফল বানাইতে লাই
/kaggle/input/regspeech12/test/test_sylhet_0397.wav,বাজার দরুণী আসামের বাজার দরুণী আচারের বাজার দরুণী আল্লাহর বাবা ইত্যাদি করিয়া লাম না সত্যার দাম বাসা বাড়া দাম
/kaggle/input/regspeech12/test/test_kishoreganj_0022.wav,লোক কেনা করবে চিনব আমরা বানিয়েছি এই নজিরের দাওয়ার তলে লোক যা বরাটা কুরোতলা বসা আপনি বুঝে হইতে আমরা সীমা বানিয়েছি না সেটা সব চোখে বার্সারে নাহে তুই না কথাসো এর লেগে তো খাতা কর্মে ব্যস লাগে এলা আমার চিন্তা এমন আমিটুকু এলা লোককে হঠাৎ একদিন সামনে হাফা যায়
/kaggle/input/regspeech12/test/test_sylhet_0190.wav,মোটামুটি বাইশ তেইশ জন সদস্য আছে ফ্যামিলির মাঝে জয়েন্ট ফ্যামিলি আরিতা ফ্যামিলির মাঝে যেমনাই আনন্দ আছে এমনি দুঃখ আছে মাঝে মাঝে স্কুল থেকে আয়া ভাইতাম বাতুচ শেষ তাতেই পাতিলুতিন তৈরি আর একটু একটু থাকত
/kaggle/input/regspeech12/test/test_narail_0118.wav,খুলনায় আসো খুলনায় যে থাকো তাহলে কি করব ওদের আমার ওই কয়দিনের ভিতরে আমার একটা যদি একটা প্রতিষ্ঠান তৈরি হয় আমার ব্যবসা বাণিজ্যের আমার একটা অফিস নেওয়ার পরিকল্পনা আছে মানে এমনও দাঁড় করাই নাই পরিকল্পনা আছে ভবিষ্যতে ওই কোম্পানি যেটা অফিস নেবে
/kaggle/input/regspeech12/test/test_narsingdi_0033.wav,আরে কিছু করার নেই বাদ দে থাক ম্যাচ দেখ এখন গুলজার ব্যাটিংয়ে নামবে দেখ এখন গুলজার জিতবে বেটা লাখ নয় বোলিং ইউনিট দেখছ কেন জিতব এক মা ঘোরেই তো সব উইকেট নিয়ে নিব এখন দেখ
/kaggle/input/regspeech12/test/test_barishal_0001.wav,কোলার বিশটা খাই ওর বিষটা নিতে এসে তাহা বাওয়াতে লইয়া এমনভাবে হিড়মির দিয়ে ডাইনিতে দরজার সাইপে ও ছাড়াই নারও ছুটে যাওয়ার চেষ্টা করে পারে না ঘোর্তে ঘোরেতে দৌড়া পারছে দেখো রে
/kaggle/input/regspeech12/test/test_narail_0037.wav,ও মাইনে গেছে চলো ওই ভাষায় আমি আর ঐটুকুর খবর পাতে পারব
/kaggle/input/regspeech12/test/test_sylhet_0411.wav,কিন্তু তাই তাই দাদির বাড়ি গেছি সুদাদির বাড়ি আর নানির বাড়ি একটা বুঝছি না তারা বাসা দিয়ে কেন হইছে এখন তাই তো গেছে গিবিন্ন এখন আমি তাইরে ফাইলে হবা দেখে লুকিয়েছি
/kaggle/input/regspeech12/test/test_narsingdi_0101.wav,সালামি সালামি কেউ সালামি দেন না ভাই এটা তো শপিংয়ের টাকা দিয়েছে তুই একটা টাকা মারাত্রাই দুটো লাইনে মার্ক হাসো আমার দেখেছে আভিকেন্দ্র ভদ্রভাবে মারাতুলি এলে মেরিন আবার ডাকেছে ভাই
/kaggle/input/regspeech12/test/test_chittagong_0134.wav,আর রোজাবেলা রেগে রাজি আছে লাইনকে গোসলাস্ত্র করে মুক্ত হোস্টেল বন্ধ করে গিয়ে যাব সমাজ যেন হতাহা কিন্তু হবে আলাকা না নাই কেল্লামানাগুজু বলতে হদে এই তারার একটা জাহাজ মাত্র সে দু তিন দিনের হাজতা হাক না তাতে আমরা গাইব
/kaggle/input/regspeech12/test/test_chittagong_0038.wav,সাইফা নিয়ন্ত্রণ করলেন না আমি কি ভাবছি চাইতো স্যার কিন্তু আসলাম নাই বেতন সাইফালি তুমি দিস না অ্যারা এইটা এত ছায়াচারের
/kaggle/input/regspeech12/test/test_chittagong_0153.wav,আমার বান্ধবীরা এলে গিয়ে পাওয়ার চা অন্য বান্ধবীও হবে না রে চাহিনা রে রে চাহিনা প্রগ্রহ হন না আবার প্রিয়ানার বাড়িতে যদি কোনো বিরাট দিয়ো এই তুলারুপ কেলো দেদি
/kaggle/input/regspeech12/test/test_narsingdi_0053.wav,এজন্যে তা আমরা ইউজ করি গুড গুড গুড গুড গুড নাইট গুড নাইট আমার স্পন্সর করা উচিত বিন্যাগের ভিতরে উত্তরে বাঁধাকপির খেত দেই মহার মহা কারুক্তার
/kaggle/input/regspeech12/test/test_chittagong_0088.wav,ফেলেনি মানে ফ্রি আস্টে এটি তারপরেই তো যে মানে কম্পিউটার সিগারেট মানে কম্পিউটার পরীক্ষা দিয়ে ফেলার পরও একটু ফার্স্ট বার ফেলে সি সেকেন্ড বারের মধ্যে ফাল হয়েছে তাও একটি সিগার তোরার মানে মানা নাই অ্যান্টি তুই যেটা পরীক্ষার ফলাসি হোস তোরা ফিরেছি গুম পরিবুরে
/kaggle/input/regspeech12/test/test_rangpur_0051.wav,সবাই সবার হাতে সার্কিন হাত কেউ কারও হইয়া নাই
/kaggle/input/regspeech12/test/test_narail_0125.wav,সেখানে মানুষজন আমার মতো মানুষজন খুঁজে বেড়ায় আমাকে তারা আবার পরবর্তীতে ডাকে আমি আবার তাদের কাছে যাই না তোর তোর ছবিতে পিপাসা রাখিস ভালোই তো আমারও তো স্মরণ করিস না পিপাসাটা তো ঠিকই স্মরণ করিস গানের কলি দিছে আমার গাণ্ড অনেক প্রিয়
/kaggle/input/regspeech12/test/test_narail_0086.wav,তোমার তো কিছু ভুলেই গেছি আমি ভুলে যাইনি আমারই সবাই ভুলে গেছে আমি কারো ভুলে যাইনি সবাই কথা করছ ক্যারিফোন দিছি আমি এই কথা বলছ আমার সাথে আবার সবাই কথাটা মুখে আনি
/kaggle/input/regspeech12/test/test_sylhet_0544.wav,কাহিনীর সাথে বুদ্ধির দায়িত্ব শিখতে হবে পড়ার একটা কপাসকে ব্যবস্থা প্রাইভেট প্রস্তাব সারাইন আজকেও শুরু হইয়া গেছেন
/kaggle/input/regspeech12/test/test_kishoreganj_0056.wav,আলং ভূমিকা সবারে দোয়ান বলল কামার ন্যা
/kaggle/input/regspeech12/test/test_rangpur_0088.wav,সমস্যা কি খারাপ করে সমস্যা চিদে তোর নাম কি বেলুয়ার মণ্ডল তোর বয়স কত ছেলের বেলা ছেলা
/kaggle/input/regspeech12/test/test_sylhet_0009.wav,গতকালকে নিয়ে আসেন না পরশু মানে কি রকম সালাম করেন না করেন আর পূজার প্রথম দিন আমরা আগের দিন আমরা নিরামিষ খাইতে পারি না পূজার প্রথম দিন আমরা নিরামিষ খাই হায়াটের প্রথমে পরের দিন ঘুম থেকে উঠিয়া
/kaggle/input/regspeech12/test/test_sandwip_0091.wav,এবার মাইয়া জানি গেছে আয় তার মোটা হারার সোহর হয় নাই আলু মেরিয়া বেড়ে কাজ সরিয়ে নাই কাজ সরিয়ে নাই বাল্ডুর কাজের ডাকে তো এমন একেরে রাতের আটটা নটার পর্যন্ত হাঁজার কিছু টুঙ্গ খাওয়ানো মনে হয় আমরা এগুলো বেরিয়ে নাই
/kaggle/input/regspeech12/test/test_sylhet_0370.wav,এই স্বপ্ন নিয়ে বাচ্চা বাড়ি হত তোমরা বিলিপ করবার কিনা আমি জানি না আমার ফার্স্ট বেবি যখন ফেটো আইসে আমি জানতামও না যে হ্যায়ারিসি উইদাউডেনি থিঙ্কিং মানে একটা বাচ্চা হইব তার লাগিতে একটা মেন্টাল প্রিপারেশন লাগে তোমরা তো দেখা যে আমি বিসিএসের লাগে যুদ্ধ করি আর কাজে আমার কিন্তু কোন ধরনের ইন্টেনশন আছেই না তখন বেবি নেওয়ার
/kaggle/input/regspeech12/test/test_sandwip_0023.wav,হিসেব কি তাপ নাই উগ্যার হোলানেরও সাংসারিক বা একটা ইয়াসনা একের উগ্যারও নাই জিয়ান আসমা ভুলছে একদম কথারোহিতের মাপকাঠি স্বলারোহিতের মাপকাঠি হেইতেরু অজ্ঞার ও হোলানেরও চলারো হোকানি বিন্দাস জীবন কাটাইতেছে
/kaggle/input/regspeech12/test/test_narail_0161.wav,প্রতিদিন কয় সমস্ত ওনার ব্যথা শুল্ল ওনার সই সমস্যা ওনার মাথায় সমস্যা তারে নেই আরও কত রোগ আছে তার ঠিক আছে চোখ দিয়ে জল ভরে আর ডায়াবেটিস তো আছে মোটামুটি বাড়িয়ে করে ডায়াবেটিস হয়েছে ডায়াবেটিসের ওষুধ তো আমার জ্ঞান তো সরকারের তো দেয় হসপিটালে
/kaggle/input/regspeech12/test/test_sylhet_0356.wav,কিছু নাই কিন্তু তার মাঝেও নাই ক্ষেত্রে কহিল যে আমরা মনে বিয়ার ঐতিহাসিক কাহিনী আপনারা তো মেম প্রশ্ন করা লাগছেই না আপনাকে যে লাজমানের গল্পগুলা শুনতে মানে রাখতেছে জেমস চোখের সামনে দেখতেছে ফুরাটা আইনের
/kaggle/input/regspeech12/test/test_sylhet_0066.wav,ভর্তির মতো আমার সময় নাই বা তেখানায় বা তাই নাম হচ্ছেন আমি দ্বিমত টেখাতে ভর্তিল আমার কই না কত হেল্প নেয় তা মানুষের সাথে যেতে করব ভাব হয়েছেন বাড়ি থেকে অবস্থায় মানুষের সাথে গিয়ে হেল্প নেয় অনেক অন্যাত্র মনে করব আর নিজেরা গ্রামের বাড়িত মানুষের কথা কইতে মুখে দিতে চাইব নিজেরও মানুষের কথা কই না কোন কিছুই নেই
/kaggle/input/regspeech12/test/test_sylhet_0110.wav, ঠিকাদার আসলে বা দাদা করবাক্কা অবস্থাদের পর্যন্ত ট্যানাল রাস্তা হবার থেকে অপরাইত আসল গায়ে তাহে বাড়ি মায়া মায়া এসে তাতে তাদের কেউ নাই না আমার গোষ্ঠীর কেউ নাই মা
/kaggle/input/regspeech12/test/test_chittagong_0068.wav,তুই লেয়া একা সাজ গড় তুরে যা হাত মাইলি আরা বাসায় না আরা গুড়া দুয়ার্স দুনোয়ালে উজ্জ্বলের গায়েলের মুখে তুলেন তারপরও তো বাসিন্দা এসেছেন
/kaggle/input/regspeech12/test/test_comilla_0029.wav,ওই দিনই ঘটনাটা ঐখানেই সমাপ্ত হয়ে গেছে যদি একটা পুলিশ কেস হইত তাহলে অবশ্যই তদন্ত হইত
/kaggle/input/regspeech12/test/test_barishal_0013.wav,কান্ত্রিক এমন কোন দৃষ্টিকের লোক নাই না আসেন মামা মানে এই খোসের ডাক্তার আইসা আমি তো ঐখানেই আমার মায়ে হারা থাকতে একটু থাকতে গেলই ওর ভাই আমান উঠল এমন করে
/kaggle/input/regspeech12/test/test_noakhali_0026.wav, বট লেক বুল স্টিমার্ট লেক বুল বুল হচ্ছে বরং আমার জন্য জিজ্ঞাসা কদিন হওয়ার রাতে নাইব নাই রিকি দেব তো এখনই বলে তো কলকার গাড়ি দে
/kaggle/input/regspeech12/test/test_noakhali_0018.wav,নানা গো টাকা রুমারে দিচ্ছি অন্ধিকেকে দিব নিকার মাফেরে
/kaggle/input/regspeech12/test/test_narsingdi_0135.wav,শুধু থাকে আমার সবাই অনেক ভালোবাসে যেমন আমি লাগে চিন্তা করতাম ভালোবাসা মানে কি ভালো একটা বাসা না স্পেসিফিক্লি ব্যাখ্যা দিয়ে হব যে বাসায় মানে আগে থেকেই গ্যাস বিদ্যুৎ পানি সবকিছুর লাইন দেওয়া থাকে আমি সবকিছু সাজানো করছি তুমি থাকো ওটাকে একটা ভালোবাসা বলে
/kaggle/input/regspeech12/test/test_narsingdi_0069.wav,হ্যাঁ অনেক কেমন গুন্নামাওলের অভাব আছে গোয়েন রেজাল্ট জীবন বালাস কুলের ইয়া হিম কিছু দাগি আসে আমি খায় না হলে কদিন আগে সারারা
/kaggle/input/regspeech12/test/test_habiganj_0026.wav,ফুল কি দেওয়ানই লাগব না দেওয়া লাগত না ফুল তো ফুল সৌন্দর্যের লাইগা ফুল দিলে একটা নিজের পূজাটা দ্বিতীয় বাল লাগে সাজাইলে একটা মন্ডাও প্রফুল্লতা হয়ে ফুলটা দিয়া সাজাইলে প্রার্থনা করতেও বাল লাগে সুন্দর লাগে মনে একটা প্রশান্তি আয় একটু গভীরভাবে ভাব ভক্তি হয়
/kaggle/input/regspeech12/test/test_sylhet_0518.wav,ঘরে জয়ী আর নির্বাচিত বাসম্য সুমো ও গড়িগরি নিয়মে বলার সানগ্লাসে আর হালকা থেকে দেখি আমার জন্য জোটা আর সাকিবের তেমন পরীক্ষা দুইটা দিতেন দুয়াহু বিশ্রামবঙ্গে পাস করলে মানসম্মানটা বাঁচে
/kaggle/input/regspeech12/test/test_sylhet_0093.wav,এইটা আসলে তুমি মোহামের জন্য এখন বাসায় আছো একটা বিকালটাকে সাহায্য দিলে তোর একসাথে যে
/kaggle/input/regspeech12/test/test_chittagong_0083.wav,আর গোপু কবির লিখিলাম দে আমি তো মনে হচ্ছে আগে তার অধীনে না মোটা নোয়াই সুজামাই কেন আছে ভালো আছে
/kaggle/input/regspeech12/test/test_sylhet_0626.wav,বিশ থেকে লাশের অর্থাৎ আমি আমার সাথে মাথা পাইতেছে যা নিজা নিজা মাঝে বাড়ি রুম পরের দিকে জিতে ইসলাম পৌঁছল সাব্বিশ সাতাইশ জন্তু সাব্বিশ সাতাইজের কাহিনী এখন হয় তারাই বুঝল রানানি তার বৈনচিত্রটা আজ তাই না তাইর কাজই না কিছু মাসুমাগের বিয়াগের কিছু
/kaggle/input/regspeech12/test/test_sandwip_0103.wav,হ্যাঁ হলেই না আমার মানুষ কি রাজি করি তুই না
/kaggle/input/regspeech12/test/test_kishoreganj_0036.wav,এই মহল আমার হোয়াটসঅ্যাপে নেই হোয়াটসঅ্যাপে যে মহল এটা বাড়ি
/kaggle/input/regspeech12/test/test_chittagong_0114.wav,এত কিছু কিউস এত কিলার দেয়া এই কিল্লারা না তোরা করা ফেসবুক করি মেসেজগুলির হৈল স্বামীকে কোনো বাংলা কোনো নোনাদার দেয় দূর না কিনলে সমস্যা হতে হয়
/kaggle/input/regspeech12/test/test_sylhet_0744.wav,কৃতজ্ঞতার প্রভাবর কষ্ট আছে আবার আসেন এখন আছেন সাদা দুটি আছেন আনি ফিন বা আর উপর এক কুম্বল নাড়ু কিন্তু শিনতানা এখানে ফাঁসি বহান লইয়া লইয়া চেয়ার যেজন্য চেয়ার বই বা উহান আবার লইয়াই বহান আবার দয়া গড়ায়
/kaggle/input/regspeech12/test/test_sylhet_0258.wav,ব্যায়ারা কোচিংও দিলাম যদি বার্সিটির চান্স হয় না তাইলে তো ও সব পরিশ্রম বৃদ্ধি হইব অতথক্ষণ পর্যন্ত তত পরিশ্রম সে সব শূন্যের গোটা তাই না
/kaggle/input/regspeech12/test/test_habiganj_0104.wav,জার্জির সবারই একটা জার্জির আঞ্চলিক বাস্তবায়ন আঙ্কেল ওকে লাভেজ মেলা দেখো
/kaggle/input/regspeech12/test/test_tangail_0116.wav,তো সে তার কাছে নিয়ে দেখাইছে পাঁচ লাখ টাকার পুরা ক্যাশ যে পড়ছে তার কাছে নিয়ে গেছে সে তার পরে হেল্প করছে মনে হয় নোয়ার বিদ্যুৎ দোকান ব্যবসায়ীরা কিন্তু বিজনেস শেষে টাকা বাসিয়ে নেওয়া যায় কিন্তু এত বড় বড় হ্যাঁ এই কেন দোকানে রাখছে আমি যাই না তবে একটা লোকরা দেখলাম যে সিন্দুকের মধ্যে টাকা
/kaggle/input/regspeech12/test/test_sylhet_0757.wav, আমরা ফান ও জ্যোতিন্নানী আমরা ফার্ম আবার বা জলবরাজী শ্রমিক বেড়ান ভোট লইয়া পুলিশ লইয়া ইব্রু আমরা পারতাম না
/kaggle/input/regspeech12/test/test_chittagong_0026.wav,বেশ তো বলে হানুদ কেউই ডাকতে আসল গিন আই অরিন তো মাইসারি তারা বেগমের কি রে আচারি তারাও হনুর রহমান এ তারাও আদেলের গুড়াদি মোগলে হইল বইটা হ্যাডেরি
/kaggle/input/regspeech12/test/test_tangail_0093.wav,সাহায্য করতে যায়ও পরে আস্তে আস্তে পদারত হয় পরে ওদের মধ্যে বন্ধুত্ব হয় রণবীর কাপুর আস্তে আস্তে সখিনার প্রেমে পড়ে যায় কিন্তু সখিনা ওর ফ্রেন্ড হিসেবেই ভাবতে থাকে সখিনা ভালোবাসা হইল ঈমান মানে সালমান খানের যে ওদের ভাষায় আর কি মেহমান হিসেবে ছিল
/kaggle/input/regspeech12/test/test_comilla_0025.wav,এর পরে দুই তিন দিন পরে ও খুব ভয় পাইছে এবং এই দু তিন দিন পরেই ওর মানে ভয় থেকে ওদিন রাত্রের বেলায় ওর জ্বর চলে আসছে আর পুরো এক সপ্তাহ মানে একটা ট্রমার মধ্যে ছিল মানে সবকিছুতেই ভয় পাই তৈয়ার করত আর আমাদের বাসায় ওর বান্ধবীর দেয়া একটা গিফট আছে
/kaggle/input/regspeech12/test/test_narail_0047.wav,ওই সিস্টেম কিন্তু ওই সিস্টেমে তো পাওয়া যায় না আর ওই সময় যদি দখল করত বাবা তালিয়াত এখন ওর সিস্টেম আমি তাই শুনেছি যে ঐ যে উড়া যে ভাগ্যি যেহানে সেই ভাগ্যির
/kaggle/input/regspeech12/test/test_comilla_0003.wav,ইনকাম তো বুঝতে পারছি ইনকাম দেখি ইনকাম তো বাড়তাছে ইনকাম তো আর তার বাড়ে না এই সেইমে ইনকাম
/kaggle/input/regspeech12/test/test_narail_0101.wav,ওই বিপুলবাবু বিদেশে থাকতে তুই এলে আমি খুলনাতে ডাক্তার দেখাইছিলাম মনে আছে আড়াইশের বিরুদ্ধে আমার থাইরয়েড ধরা পড়েছিল ইন্ডিয়ানে ডাক্তার দেখাইছি আমার থাইরয়েড নাই
/kaggle/input/regspeech12/test/test_sylhet_0665.wav,স্থান ও তার বগাইনও আছে শিক্ষিত সবারুল শিক্ষায় দীক্ষায় আছে আমরারও বগায় শিক্ষিত আছে শিক্ষায় দীক্ষায় সব পাইল আছে আর অমন্ত বুড়ার সময় দুঃখের দিনও হইব শুক্ষার দিন গেছে যেমনটা দুঃখ দিন দুঃখের শুক্ষায় আছে আর
/kaggle/input/regspeech12/test/test_rangpur_0068.wav,কাসলি রোজা থাকে না সিয়েরের সময় গয়া ও করিম বাইগুন ওগুলা ভাগুন দিন ভাগুন
/kaggle/input/regspeech12/test/test_sylhet_0735.wav,অনেক সময় যে আছেন আমি একটা মহিলা হলে খারাপ আরম্ভ হয়ে যাব তোমার যে স্যার দল লাগে মানে যদি স্যার করি যাতে একটা স্মরণ লাগে
/kaggle/input/regspeech12/test/test_chittagong_0126.wav,যতক্ষণ বয়সীও যদি মানুষ না বা হয় না লাইলে কিন্তু ওর যে লোকালচেন্টাও একই আসে কিন্তু এমনি মানুষ কিছুক্ষণ পর্বে স্টেশনের নামের অনেক দেরি হয়ে যায়
/kaggle/input/regspeech12/test/test_sylhet_0216.wav,চতুর্দিকে প্রায় পাঁচ ছয় গ্রামের মাঝে একটা মহিলা চাকরিজীবী নাই কী জিনিসটা আমার সবচেয়ে বেশি ভেঙ্গেছে যেইটা কীভাবে সম্ভব এমন একটা এলাকার মাঝে পড়ো ইরার যেখানেও কোন মহিলারা চাকরি করে না সবাই সাহুদোয়ায়
/kaggle/input/regspeech12/test/test_sylhet_0691.wav,মনোযোগ যদি তাকে পড়ালেখা করার কথা কিছুটা হবে না
/kaggle/input/regspeech12/test/test_tangail_0033.wav,যেই জায়গায় দেখা হয়েছিল ঐ জায়গায় যায় তার পাশে যে একটা আইস হকের মাঠ ছিল ঐ জায়গায় জোনাথন দেবার পায় পরে তারা একেবারে ভালোবাসে আর এটার একটা পূর্ণতা পায় পুরো অসাধারণ একটা ছবিটা যদি না দেখা হয় তাহলে আর কি বুঝা যাব না যেমনে
/kaggle/input/regspeech12/test/test_sandwip_0045.wav,মন হরি হয় কেন হরি নিয়ে তার তুলা দিবেলা সুন্দর হরির ঘরে দিলে দিলে দিয়ে বাজিব তার সুরে দিবে
/kaggle/input/regspeech12/test/test_sylhet_0161.wav,টোবাকের বাড়ি নু খোলা শিবগঞ্জ থাকেই তো
/kaggle/input/regspeech12/test/test_rangpur_0097.wav,গাড়ি গরুর গোছা যে নরম হয় না গাড়ি গরুর গোছা পুরো গরুর গোছা নয় শক্ত আর ওটা জাল দেওয়া লাগে মেলাক্ষণ
/kaggle/input/regspeech12/test/test_barishal_0047.wav,কি প্যারের পার্টি ও এল জামায়াত ডেকালার গাছ আড়ি বেশি এক কামড় দিলে যদি ভুলে কেউ খাইয়েও ভালা গো আছে তো দেখতে পারে
/kaggle/input/regspeech12/test/test_sandwip_0122.wav,এই হওয়ার মাইয়া এই মাইয়ার হওয়ার আল্লাহ এমন পেশার দিঘু
/kaggle/input/regspeech12/test/test_kishoreganj_0079.wav,ডান ধরে ডাকাল লইয়া মাছি নিজে কিনা খুব আঁশ মাছি ফাতি আঁশ কালো মাছি
/kaggle/input/regspeech12/test/test_barishal_0101.wav,তিনশো ডলার দুইটা ব্যালটের নাম হালায় দিন তাই যদি হিসাব করে না খায় আরে আমি কইছি ও দুই দিনজন শরবত বানা খাই
/kaggle/input/regspeech12/test/test_sylhet_0184.wav,না আমরা করি অনার্স ফাইনাল ইয়ারার্কে ওই গিয়া থিসিসের কাজে একটু ইচ্ছা লাগবে যে ব্যাপারটা পেতে পেতে আমি একটু জ্ঞাপন প্রবেদন লেখা লাগব তো এখানে রাস্তার পিছাশা থাকবে
/kaggle/input/regspeech12/test/test_chittagong_0018.wav,অ গুজ্জি তুই বেরুস না হ্যাঁ গুজ্জি তো পায়ের হাতা কী অবস্থা তোর ওরে ফলার হতা হওয়ার জন্যে এ ফলার হাত গুঞ্জার্থে ব্যাভি আর তাকাস পাতার লিঙ্গা দেওয়া দেরি আর সরলা হাত হচ্ছ না
/kaggle/input/regspeech12/test/test_sylhet_0655.wav,আর বাড়িটারি আপনারা নিজেরা এগুলা ফোর্স করে আপনার পুত্রবধূ আইসান নেই ছেলের বউ মারা যাবে
/kaggle/input/regspeech12/test/test_kishoreganj_0084.wav,গাড়ি যাচ্ছে না
/kaggle/input/regspeech12/test/test_narsingdi_0049.wav,মায়া গিয়ে উঠছে না বাবার বাহার রাগী ছোট ছোট আত্মীয়টা বয়ে আঁকছে ওরা মানুষের সর্বসান্তেও জায়গাটা অনেক খারাপ জিনিস
/kaggle/input/regspeech12/test/test_tangail_0105.wav,তো আমার মনে হয় এটা একটা এই মুভিগুলো দেখলে ভালো লাগবে আশা করি সো এখানেই আমি রেকর্ডিং স্টপ করছি
/kaggle/input/regspeech12/test/test_narail_0041.wav,কঠোর পদ্মাবিদা সেই দুজনেই অনেক শক্তিটা নিয়ে ভোট তোর দুজনেই শুধু কোনো দিগনে নাম নামানো জাতির নাম অ্যাদি ওই যে শি
/kaggle/input/regspeech12/test/test_barishal_0049.wav,এখন মনে করো না আমি চিন্তা করছি যে দারুণ এই কাম কাজ করিয়া খাইয়ালেই ভালো আছি কিন্তু কাম হইবে কি একটা সমস্যার ফলে এই মাইয়াটা হইছে সত্তর হাজার টাকা গেছে মোর বরিশাল হালাই সীমুন্দাটা উনির দেহে নাই কত ঝামেলার মধ্যে মুই পড়ছিলাম
/kaggle/input/regspeech12/test/test_habiganj_0059.wav,ামিতি বড় আমার সব ভাইবোনি সুডু এটা জ্বালানি ইটার হতা কিতা হইব আমারে তো হালি আমার সুডুডা হালি আমারে ডাহে বর্দী হই আর আমার ফরের দুয়োরাই যে ইটা তো আমারে ডাহে হই নাইটাতেও তুই তুইরে ডাহে দেহা যাই তা ঐ বড় আমি আর পিতা হৈম আমার বইররার যদি একটা দেয় আমার দশটা দেয় আর সুডু মাইজভালা ভাই আমার ফরেরটা আমার দুই নম্বর বাহিনীটা আমার দুই নম্বর বাহিনীটা আমার কিছু করে না আমার কিছু করে না আমার কিছু করে নামার কিছু করে নামার কিচ্যালার
/kaggle/input/regspeech12/test/test_sylhet_0116.wav,এমন যে আছে এতে কোনোদিন খাইতামও না একদিন খাইতে মার একদিন কোথাও থাকতাম ইমাতে কষ্ট করতাম ও তারা বাস লাগায় গরমে সেও দিত বাদ দিত সেই ওদিত সাহা দিত ওটা ছাড়িতেন দিন বাই বন্ধু ঘটনায় কথাবাস্ত হচ্ছে দ্রুত যদি আমরা শেয়া নইছি বুঝইছে বাহিনীতে কান করি
/kaggle/input/regspeech12/test/test_chittagong_0079.wav,ভাইবো নাসোরের ব্যাগ কিন্তু আজকুনো বরাবরই তারা অনার্স লুই ফরের হন্ডে হন্ডে সাইন মিটারের ব্যাসকের চেয়েও নগর এলে তাতে লাইভ হারে দুর্গম না জানি
/kaggle/input/regspeech12/test/test_tangail_0113.wav,তারা মাল উঠেছে দোকানে এখন এই সব গুলা পড়ে গেছে একদম নিঃস্ব হয়ে গেছে আসলে এটা খুবই একটা খারাপ হয়েছে কিন্তু রোজার দুই মাসই তো ব্যবসা করে মানে অ্যাকচুয়ালি যে মানুষটা প্রথমে দেখছে ওটা কি কোনো অথেনটিফিকেশন আছে যেটা ইত্যাদি
/kaggle/input/regspeech12/test/test_noakhali_0019.wav,আরেকবার কারের জানি মিনারে নিয়ে কে জানি টাকা দিকের চিলেবার দিকে মারি দিচ্ছে ময়নারে বন্ধুর মধ্যে ভাগ করি টাকা বাড়ি দিচ্ছ তোর অর্ধেক আলাদা কিস্তি আলাম চারিদিকে চারি ধন্যবানে ভাগ করি অর্ধেক অর্ধেক নয় লাইসেন্ট মার্কিন দিবে দাদা
/kaggle/input/regspeech12/test/test_habiganj_0115.wav,সালামালাইকুম ভাই ভাই আপনার নাম আপনার বয়স বয়স তিথি ছিল ভাই ভালোই আছে সে ভাই আছি আমার জন্য ভালোই ছেলে ভাই বাড়ির সবাই ভালো আছেন যে ভালো
/kaggle/input/regspeech12/test/test_chittagong_0048.wav,ওরূপায় ষষ্ঠ নব্বুজ্জুত ওরুবাই তৈরি করেন বিয়েগো গড়িয়ে লাগো সোনা
/kaggle/input/regspeech12/test/test_barishal_0065.wav,এখন আবার দুই দিন বহু মুখ খাই না ঠিক হয়ে গেছে যে বৃষ্টি এনে দে ঠাকুর তবে কোনো মানুষও কষ্ট করবে
/kaggle/input/regspeech12/test/test_narail_0139.wav,কালকেই যদি পাঠাইতে পারেন তা কালকেই পাঠাইয়া যেন আমি অন্তত আপনি তারও খরচ বেশি দশের নিচে যাওয়া যাবে না ইউরোপে ওই তার মানে এই টালির কথা মাসুদুল্লাহ ভাই বলেছিল চৌদ্দ লাখ চৌদ্দের মতো রাখবে
/kaggle/input/regspeech12/test/test_kishoreganj_0176.wav,শাক অনুদিন থেকেই পানি পুরস্কার করা হল
/kaggle/input/regspeech12/test/test_sylhet_0041.wav,এইটা সন্ধ্যার সবাই আমরা এখানে যাওয়ার সন্ধ্যার পরে মন্দিরে সবাই যাইবে গিয়া সাম মিষ্টি খাওয়া হইব আর মন্ত্রোত্র উচ্চারণ করিয়া এইটা সবার হাতে হাতে দিবে এইটা সবার হাতে তাহাকে সরিপ্তি ঘোষ করি তারপরে মা বিস্ফোরদ্ধুর গাহিলে প্রতিমা বিসর্জন করার পরে শান্তির হাতে দেওয়ার পরে পূজার সময়ের পর
/kaggle/input/regspeech12/test/test_kishoreganj_0101.wav,উদ্ভিদ তার খাদ্য তৈরি বৃদ্ধি পরাগায়ন ও জীবের বিস্তারের জন্য পানির উপর নির্ভরশীল উদ্ভিদ পুনরায় পানি খুনে রেখো
/kaggle/input/regspeech12/test/test_chittagong_0044.wav,অবর নরমাল বাঠামোবাল্লাবের সময় মাই হাম্পত্য ফেরে বিস্তুত দেন দিলেই এখন আতংগুরু গুরুই ওনার কোন প্রভাবে নেতার কোন অন্ডি না বিলানীও কেন আদাও হয় না এটি আত্মান্য বড় ভাগের জুড়ো
/kaggle/input/regspeech12/test/test_barishal_0005.wav,বোর কথা হিন্দে টানতে টানতে আমাকে দরজা ছাড়াইয়া নিছে আর পিঁড়া কান ধরে বাবারে আমার এরং টানিস না আমার পায়ের সালদা বেতাবাহী এই অত মিডিয়ামুডিয়া কথা আছে বাস্তবের ঘটনাই কিন্তু হইয়া দেখায় শিক্ষার জন্য কিন্তু কাজে দেয়
/kaggle/input/regspeech12/test/test_sylhet_0376.wav,কাজেই তোমরারে আমি রামদিয়া দেই তোমরা তোমরা যার যার ফাল দুই লিবার যার যার বিস্নার আটাইলিবার যার যার রুম যার যার পরিষ্কার করিলিবার তাইলে আমরা কাজের মানুষ লাগত না আমরা যার যার কাজ করিলে মুক্ত তোমরা আমারে হেল্প করলে আমি তোমরা রেখে হেল্প করব মনে হয় বাজেট একটা মেস এটা কোন বাসা না মিলি না
/kaggle/input/regspeech12/test/test_sylhet_0574.wav,আশা তো অন্য আছে লাক্সী কিছু বাল্লা তুই হেতুন চলে নানি সজীব গর্বে রয়ে গেছে সজীবান্নরা ও তুই হোসেন আমি হোসেন আমি কুমু আমি কেন তোরা হোসেনি মনেতে আস না কই আমি আমরা লোকের যে ইমরানা আছেন উনি মনেতে আসেন যা তানভির
/kaggle/input/regspeech12/test/test_kishoreganj_0112.wav,গাছের একা কেলা খুড় বসে গাছের একা আবার গাছের একা কেলা খোরিং
/kaggle/input/regspeech12/test/test_tangail_0068.wav,এরকম একটা মানে অন্যের অর্জে ফ্রেন্ড যা ছিল অগাকার কাছে বলছিলে বরুণ ধারণ কোথায় পরে হাসপাতালে নেওয়ায় কিন্তু মানে শিউলি মানে কোমায় ফেলা যায় একদম পরে বরুণ ধারণ ধারণ জানে যে
/kaggle/input/regspeech12/test/test_kishoreganj_0071.wav,পিছিয়া দিয়াছে না প্রকাত আমি কেন একটা মাঙাকার দিতে হবে নাকি
/kaggle/input/regspeech12/test/test_tangail_0051.wav,দেখে পরে অন্যায় বন্ধুত্ব হয়ে যায় আর কি এই সময় পরে ওরা ভাসতে ভাসতে এই দুজনে মেক্সিকোর একটা দ্বীপ নাকি তীরের আসা পড়ে মানে লোকালয় আছে এরকম জায়গায় আবার বন্য আছে
/kaggle/input/regspeech12/test/test_habiganj_0039.wav,জোল দিয়া রাখত পানি বেশি দিলাই তো দেহার উপরে দেহা যায় পান শো পান শো লাগে এরপর দিকে আয় সবাই কয়েল আহ এত পান শাতকারী দেখাইতাম না মজা না
/kaggle/input/regspeech12/test/test_sylhet_0092.wav,তিন তলার জারুর করে খৈরা আজ গাটা করে আবার চিবিতায় চিবিতায় চিবিতা গুণ্ডা খৈরা করে আবার উড়ানোর জারু দিয়েই দেওয়ার কারণ আবার আপনার টিকি দোনাথ সেক্টর বাজি তিন বাজি কোন জিনিস টিশন নাই
/kaggle/input/regspeech12/test/test_sylhet_0524.wav,বিয়া তো খুবই ভালো লাগেছে মাত্র সমস্যা হলেও আমরা তো থাকতে পারছি না যেসি আগার দিন বিয়া
/kaggle/input/regspeech12/test/test_tangail_0044.wav,পাই যে প্যাটেল পাই প্যাটেল ও আর কি কখনো এই ইন্ডিয়া ছাড়া যাইতে চাইতেছিল না পরে যাওয়া হয় পরে রাতে জাহাজে একটা সাগরের মধ্যে ঝড় শুরু হয় আর পুরা জাহাজের যা কিছু আছে সব পুরা ভাষায় নিয়ে যায়
/kaggle/input/regspeech12/test/test_sylhet_0731.wav,আপনার কয়দিনের ভাইজন প্রায়
/kaggle/input/regspeech12/test/test_kishoreganj_0186.wav,ঘৃণাত সবুজ ঘৃণাত সবুজ উদ্ভিদে পুষ্টি শুরুর জন্য কুন্তী পরিজন মাটি
/kaggle/input/regspeech12/test/test_habiganj_0101.wav,জাস্তিতে পড়ালে হার কেমন লাগে আগে চাইছিলা না তাইলে তো তোমার ভালোই লাগে আর থেকে আয় দেয় না সব কি ভালো লাগে মাইক্রোফাইলে যেটা ভালো লাগে না মাইক্রোফাইলে যেটা বেশি কঠিন লাগে
/kaggle/input/regspeech12/test/test_sandwip_0074.wav,দেখব অসুখ বিসুখের এ রে কী এরা আবার ভেঙে গেছে আজ চাকরি করেছে মানুষের আবার কী
/kaggle/input/regspeech12/test/test_chittagong_0168.wav,তোরা যদি ফেলাফেলা না হত তবে এগুলো ফেলা হইবে কে হারা হইলেই হাত আবার টেলার সঙ্গে ইজ্জিত হইবে তুই আল্লাহ আর যেতে একজনের
/kaggle/input/regspeech12/test/test_sylhet_0466.wav,তোমার কৈরাম জেনে মানে আমার আব্বায় ফলে তোমরা বাড়ি করে গেছি গিয়ে বুঝছি না বাড়ি করে গেছি গ্রামও মানুষ যায় না না ছুটি ফায় না নি তখন খেত ভোগ দিকেও করা লাগে চাকরিও সম্মেলনে গিয়ে বাণী করে আমার বাড়িতেও খেত আছে না
/kaggle/input/regspeech12/test/test_sylhet_0583.wav,তার খেলার ফিল্ম সার্ফোরাইলে
/kaggle/input/regspeech12/test/test_sylhet_0564.wav,ক্যালকুলাস নায়ুজের হায়ার মেত্র কিছু অঙ্ক আছে লাম্বারি একটা আছে বিজনেস ম্যাচ থেকে নিয়ে আমার মেনে নিয়ে তো এমনি দুই তুমি আমার থেকে নিয়ে আর বেশি কথা জায়গা পালাচ্ছে না
/kaggle/input/regspeech12/test/test_barishal_0083.wav,যখন এই কাম বলতাম না ইন্ডিয়া গুরুনীতি মোল্লাবাড়ী যাইতাম এসময় সাক্ষাবাদ বেগ বাড়িত দেন ল্যাম্প জড়াইয়ে তারপর ভাত খাইয়ে বাইরিতেন ঘরের দেহ খাইতের তামনা এত কাটা ভাত খাইতেন নারীপুর আবার পোয়ারোটা পোর্টেন দিয়ে লইয়ে যেতেন গুরুনীতিকে
/kaggle/input/regspeech12/test/test_sylhet_0650.wav,ইন্ডিয়াত খেলা দেয় তারা ও যুদ্ধ লাগছে হালকে মারামারি করা সবেই সাগরে মারতে তাই ওহলে রাজাকার হল আছেন রাজাকারে মারেন না
/kaggle/input/regspeech12/test/test_sylhet_0299.wav,হয়তো হইবা কিন্তু তখন তাইনোর লাগিয়া একটা ঋণ দেওয়া আসলেই একটা বড় ব্যাপার আছে তাইনো একটা ঋণ বিষয় ও এই ঋণটা এখনো আছে তাইনোর দেওয়া ঋণ বলতে ইয়া তো এই ঋণটা হইল বিয়ার ঋণ
/kaggle/input/regspeech12/test/test_sylhet_0550.wav, অতঃসন্ধ্যা টাইমে যাও নাইতেছে
/kaggle/input/regspeech12/test/test_sandwip_0010.wav,কিন্তু মানবিক নিধিদের যাও বলো হিসেব করিনি দুর্বল
/kaggle/input/regspeech12/test/test_sylhet_0336.wav,প্রশ্ন আউট হয়ে গেছে বুঝছি রিটেনে প্রশ্ন আউট হয়ে গেছে যেদিন পরীক্ষার আগের দিন শুনলাম যে পরীক্ষা স্থগিত প্রশ্ন আউট উঠে গেছে আমি তো মহাখুশি হয়েছি কারণ এই মেমেন্ট লেবারপেন শুরু হবে একদম লাস্ট মেমেন্টে আইসি ফার্স্ট বেবি হইব
/kaggle/input/regspeech12/test/test_narsingdi_0130.wav,দুয়োর এক বই আমার স্কিনবোলের টুটো বালা হইতেছিল আমি তার জন্মগত দেখতে আগে মাইরা ক্ষেত্রে
/kaggle/input/regspeech12/test/test_narsingdi_0017.wav,চল্লিশ প্লাস বয়সে দাওয়ান টেস্টের মধ্যে বল করে পঞ্চাশ ওভার ষাট ওভার বল করে আর আমাদের দেশের প্লেয়ারগুলি অনেকেই টেস্ট খেলে বোন
/kaggle/input/regspeech12/test/test_narsingdi_0070.wav,সারারা দরার উপরে আর এক সেন্টার আঙ্গুল শুনেও কয়েকটা ব্যাগ করেছে আঙ্গুল শুনে কে এসেছিল খুব ইজি ইজি মোবাইল ফোন ইউজ করতে লেগেও ব্যাগ করলে সে
/kaggle/input/regspeech12/test/test_sylhet_0058.wav,রান্না করা পাট খাওয়ার মতো না হালাহ নরম করত বাবা গাইলেন বহাদিতার দোয়া করে স্ত্র বাড়াইতে গেলেন মার খাওয়াইতে এত দুধ লাগিত প্রশ্ন ফান্ডিত করে মায়ারানী লাগিব মাতালের না পারে অন্য চিকিৎসা চলছে
/kaggle/input/regspeech12/test/test_sandwip_0088.wav,তুমি তো দেওয়া গেছ মানে কাকু সেই অধিক মানসি মায়াবাদের শ্রমাসনাবাস একবার সামনে তোমার নিকেচে বেড়ে নাড়ি মন্দিরে পৌঁছেছে দিতে
/kaggle/input/regspeech12/test/test_sylhet_0510.wav,সিএনজিতে হস্তাদ লাগে দেড় লাখ টাকা দিয়ে সিএনজি ফার্মোলজার গাড়ি লোয়া গেছে তখন আট লাখ টাকা বাড়ি থাকেন বুঝে নেয়নি তখন তো আমরা কিন্তু হোক দেড় লাখ টাকা দিয়ে ঘাষ শো টাকা দিলে হোক পাঁচশ টাকা দিলে কিন্তু এখন হোক আট লাখ টাকা দিয়ে গাড়ি লইয়া দিলে না এইবারে হোক পাঁচশ টাকা দিলে
/kaggle/input/regspeech12/test/test_sylhet_0522.wav,পাস করা এখন কঠিন ভালো করাটা একটু কঠিন হবে কিন্তু পাস করে দিতেন শালা না না যে কবে পরীক্ষা হয় তার কী মন্ত্রণ রিকটা বার তারিখ করেছেন তো বাংলাদেশেও বেশি পরিচয় করছে রমজানু সাকিব আলীর বুই কি তো চিন্তিচ্ছে না তাই চিন্তিচ্ছে না ও এখন নাই নজরায় রাতে
/kaggle/input/regspeech12/test/test_narail_0011.wav,আমি বাবুরের চিকিৎসাটা ও কয় ছিল কি যে বাবুরের চিকিৎসাটা তাড়াতাড়ি চিত্তা বৌদি তো দশ হাজার টাকা পাই স্যার আমরাও তো জানি দশ হাজার টাকা বৌদি ভাই দশ হাজার টাকা আছে কি যে না আমার মায়ের সুতো ভাইয়ের কাছে আমি অনেক টাকা দিছি ওরা নিজেই কই চায় যদি কয়েজ যদি কয়েজ আমি কই
/kaggle/input/regspeech12/test/test_habiganj_0020.wav,না না চাইলে তো আমি আবার আরও তিন দিন পাইতাম না
/kaggle/input/regspeech12/test/test_sylhet_0362.wav,নিজের আইডেন্টিটি রাখা ইটা আমার মধ্যে কাজ করছে যার কারণে আমি কোনোদিন এই অন্য ক্যাডার প্রথম দিইনি আমার ফার্স্ট স্ট্যালাইজার ছেলে এডুকেশন ক্যাডার আমি এডুকেশন ক্যাডার হইছিও তারপরে বয়স আছিল আর এপ্লাই করার আমি আর পরীক্ষাও দিই নাই চব্বিশতম দিছিলাম
/kaggle/input/regspeech12/test/test_sylhet_0220.wav,ওটা হইল গ্যা দুই হাজার সাল আজকের চব্বিশ বছর আগেও ওর তালিকাটা যখন আমার কাছে আইসে তখন আমি মনে মনে এটা ভাবছি যে আমি তো ফাঁস করিলে আমার বিয়েও কী লাইবে আমি তো আর পড়তাম পারতাম না
/kaggle/input/regspeech12/test/test_tangail_0127.wav,কিন্তু সেটা আর হইল না মানে এখন তো মনে হয় দাবানল এক চলতেছে না এই দাবানলে কি এরকম হইতে পারে আমাদের সুন্দরবনে আগুন লেগে যেতে পারে না আমি তো দেখছি বড় বড় কান্ট্রিতে এরকম হয় অতিরিক্ত গরমের কারণে বিভিন্ন জায়গায়
/kaggle/input/regspeech12/test/test_kishoreganj_0126.wav,তেল গ্যাস কয়লা তেল গ্যাস কয়লা ইত্যাদি ব্যবহার করে এ জীবাশ্ম জ্বালানি হিসাবে ব্যবহারে দূষণের প্রধান উৎসব উৎসবে গাছ প্লাগাতে কেড়ে যায়
/kaggle/input/regspeech12/test/test_sylhet_0154.wav,আপনার মূলত্র বড় বাবু
/kaggle/input/regspeech12/test/test_chittagong_0078.wav,তোর স্থায়ীগুলো জুলে ফুলিয়ে গিয়ে না স্থায়ীগুলো জুলিয়ে ফুলিলে আয় আর কী করিতে হইবে সাই সাই কি রিতারিস নিজের ভাবে কিছুতেই নস্যায় নাই স্যার গোলামা তো বড় ভাই বোন নাই
/kaggle/input/regspeech12/test/test_habiganj_0116.wav,বাজারেটা যেন যাইনি বাজারেটা যাই বাজারেটার দর দাম কি তা পায় মানে জিনিসপত্র এগুলো আশা করি তুই মিথ্যাবাদী বলেস পুরো ব্যাপার মানে গরুর কি রকম দাম
/kaggle/input/regspeech12/test/test_sylhet_0604.wav,ভাবটা সি যে মানে লাবলী ম্যাডাম এলি মেরাস্তার ও হাজী জাসের আলী ফোন
/kaggle/input/regspeech12/test/test_sylhet_0396.wav, একলা দেখি না মানুষ আছে সব ভারী কিছু নিয়ে একলা এখন আছে বাধাদের বন্ধু একটা নিয়ে রাখা মানে যারে ফাইয়া কিল ওরকম মানিয়া নিয়া রাখি গুরু কিছুটা মানুষ তারে আঁকে এগুলো আমি খুঁজতাম পরিবারেই সেখানে
/kaggle/input/regspeech12/test/test_sylhet_0736.wav,ছোটবেলা তো আপনারা বেশি সিরিয়াল ট্রেনের কিছু নাম ও মুখোশ্বাস দিবেন
/kaggle/input/regspeech12/test/test_rangpur_0048.wav,মুই আগেছে মেলা খারাপ হয়েছে
/kaggle/input/regspeech12/test/test_sylhet_0629.wav,পায়লার ওর জামাই যেন নাই আমার যে বড় ইচ্ছা হেল দেখতাম এবং এত পিকনিকও যাইবা দেহ মাল্লা এখন উনি তারা হঠাৎ গেছেন তিনি এলেন আয়টায় নাও কয়েকদিন আগে আয় তিনি বলছেন
/kaggle/input/regspeech12/test/test_habiganj_0004.wav,ডে সারেস ড্রিগানি ডেটকে ঠিক নিবে
/kaggle/input/regspeech12/test/test_sylhet_0374.wav,ব্যালান্স আসলে তোমার স্যার খুব কোঅপারেটিভ বলতে ধরো তাই যেকোনো সময় যে একেবারে খাবার রেডি করিয়া টেবিলে লইয়া বাড়িয়া খাওয়া নেই লাগব সার্চ করা লাগব এইটেই কর না
/kaggle/input/regspeech12/test/test_sylhet_0468.wav,কেন কিছু জানি না ও যে এলাম যদি একটা বাচ্চা অসুস্থ শুধু বাফি একটা টাকা পাঠাতে পারে না না তা আবার জরুরি
/kaggle/input/regspeech12/test/test_sylhet_0620.wav,আর যখন তো মেগর দিন নাই তা নার্বুজরা নাইল পানিটা নিস্তোপ হয়েছেন তার নরমালি আঁটি এইটা জাহিয়া ফোরিয়া আর ফাউ বলে পাউডিসাইস লাট খাইতার ফাউ গুঁড়া খাইছে পাওয়ার জেজ গুঁড়ালির হাট দিয়ে ছাপিয়ে গেছে তখন কিলা সলোমানের আঙ্গেলের দেহাশোনা কিন্তু আংটি উনি আনত
/kaggle/input/regspeech12/test/test_chittagong_0022.wav,ওই হরি আর কাকার জন্য তুই মোবাইলে বেলালে হইতে পাঁচ মিনিট টিভি লাইভে ছাড়া পাঁচ ঘণ্টা এলে একটু মনে হয় মোবাইলে বিয়ে নি ওদি বোধ ন্যাশা ন্যাশা ঐ ওরে মোবাইলে বেক কি মরা আছে হানা বানায় তা এতদিন ছিটামত কী কী করব সৌতন্যা
/kaggle/input/regspeech12/test/test_sylhet_0284.wav,ও সময় বাড়ির কেসি বুট দেওয়ার লাইগ্যে বুট দেওয়ার কেসি পরে বুটের অন্যের মাঝে আমার ভাসুর আমারে দেখছে
/kaggle/input/regspeech12/test/test_sylhet_0439.wav,মানে একটা জানোর জ্বালায় ফান্দা রে বাবা পরে আল্লাহরিক হইলে তো পাল্লা হয়ে গেলাম পরে একটু একটুখানি প্রস্তাব মানে আসলে একটু উপরে যায় একটু উপরে যেও রকম পরে আবার ম্যাডামি একটা তিন মাস পরে একটা অগ্রান্ত শিক্ষা করছেন ঠিক হবে আল্লাহে দিলে আমি এখন বালা দুই বছর হয়ে গেছে আমি সুস্থ হয়ে গেছি
/kaggle/input/regspeech12/test/test_sylhet_0427.wav,তো তার কুম্বায় দিয়ে ইনজেকশন দিচ্ছেন আমি তা জানি না কুম্বায় মুখ যেন এসি জানেন এটা করিতে পারি পরে তো আমার পানি মানুষ তো পাগলেই রয়েছে না যে মনে আমি এখনো মারিনি
/kaggle/input/regspeech12/test/test_chittagong_0040.wav,পরীক্ষাকান্তি রেখি কী আর করবি পরীক্ষাই আমি জিতাম ছবি গিয়েছি তোরা আজ যদি খেয়েছে না না একটি ফুলি না আয় ধরেছে সুজা হারিলা দান্নায় বুঝলিস না মুখো হন সুজা হতাব্যাজ্ঞিন
/kaggle/input/regspeech12/test/test_sylhet_0521.wav,কোন বাচ্চারা পড়ালে নাই হই যদি কোন মতে ভাষাটা কহিলেন তার কিছু থাকিতে হয়
/kaggle/input/regspeech12/test/test_narail_0117.wav,দাদা মানে কোন দাদা ও ছোট অন্ধ্র স্টুডেন্ট নয়া স্টুডেন্ট তোমার তো কত স্টুডেন্টের মানুষ পেয়েছে দিলাম তুমি মনে করো যদি
/kaggle/input/regspeech12/test/test_sylhet_0407.wav,বুঝি এপ্রিল তাকে নতুন বাসাতে আজ সর্বস্তর মানে কিন্তু ঘুমায় জানানো বাবা যে সমস্যা করে
/kaggle/input/regspeech12/test/test_sylhet_0290.wav,অত চাওয়া পাওয়া তার্তু না সামাজিক যে প্রত্যাশা ওগুলা তার্তু না তারাও মেরে চাইব আর আমরার তো কোনো চাওয়াও নাই যাইও তো তখন গিয়া এনগেজমেন্ট হইত তারা বাড়িতে কি মানুষে এসে আয়া হৈনা দেখল
/kaggle/input/regspeech12/test/test_tangail_0124.wav,হুম দিতেছে কিন্তু তাদের লস এত পরিমাণে বেশি হয়েছে যে তাদের ওই টাকাই হচ্ছে না এখন ওইদিন দেখলি না নিউজ ফিটে তো দেখছি যে সাকিব আল হাসান নাকি দিল বিশ হাজার জাস্ট ইফতারি করার জন্য ওর ফাউন্ডেশন পিছন দিয়ে আরও অনেক টাকা দিচ্ছে কিন্তু সামনে দিয়ে হচ্ছে ইফতারির জন্য বিশ হাজার টাকা আছে
/kaggle/input/regspeech12/test/test_barishal_0074.wav,হ্যাঁ ওই সে গৌরীর আর বোর বদনাম কয় না
/kaggle/input/regspeech12/test/test_sandwip_0095.wav,ভিতরের বোন ব্যাগ আনারা আছেন না জামারি চিঠি হইতে নির্বাক বাড়ি গেল কেন জানেন মিকেল ওইের না
/kaggle/input/regspeech12/test/test_sylhet_0580.wav,বার্ষিক ক্রিয়াপ্রস্ত হবে রে এবার ত্রিপুরাটা কোনো দাবিকে না দেখছি আমার যাওয়ার ইচ্ছা না হবে প্রতিযোগিতা আমার ভালো লাগে তবে এক জায়গা স্রোত আর সবথেকে বেশি বোলিং লাগে উপায় যেন শিল্পী আনিয়ে যায় গান যে সময় গাওয়ায়
/kaggle/input/regspeech12/test/test_kishoreganj_0128.wav,কুঞ্জির কাতলে লালো কি করুম
/kaggle/input/regspeech12/test/test_habiganj_0019.wav,ইলার সিকিয়ারের সাথে সম্পর্ক সম্ভবত দুই হাজার দশ শো সেকেন্ড বিয়াভীষি দুই হাজার বাইশ বারো বছরের রিলেশনেরা
/kaggle/input/regspeech12/test/test_sandwip_0117.wav,অথচ যে ভালো মানের মাস্টার কিন্তু মাছে গজ হলেন না বেশি খেতে চাইলে অপর লাগুব
/kaggle/input/regspeech12/test/test_sylhet_0233.wav,কুসুম অত ঘুরানো টাকাতে মেয়া দিতাম না আর ওটা করতে করতে ডিসিশন লিটলিতে রেজাল্ট বানিয়ে গেছে সে রেজাল্ট বানিয়েছে সারা জেলার মাঝে যখন ফার্স্ট হয়ে গেছে তখন তো ভাইয়ের চেয়ে একটু লড়িয়ে তৈরি করেছে
/kaggle/input/regspeech12/test/test_habiganj_0001.wav,কদিন পরে ফুলিয়েও লয়ে বনে নাতিনা নাতিন দেবের খালি চাইলে ধরিতে
/kaggle/input/regspeech12/test/test_comilla_0023.wav,এই মেয়েটার এই ঘটনাটা আসলে রোহিও অনেক শখ খাইছে ও যেমন বাসায় কান্না করতে করতে আসছে আমি তো অনেক ভয় পেয়ে গেছি স্বভাবতই আমি যে ওর হাত পা দেখতেছি কী হয়েছে তোমার কী হয়েছে বলতেছে পরে ও বলতেছে আমার কিছু হয় না তুমি নূসাইভাকে বাঁচাও
/kaggle/input/regspeech12/test/test_sylhet_0269.wav,পড়ে দেখলা যে ইউনিভার্সিটিটি চিচারের লেগে মাতলামাতিয়া বলে যে তাই হোস্টেলে থাকতে পারব তাই মেরিক বালা আমরা প্রথম দর্চনকে সিলেক্ট করছি যার মধ্যে তাই আছে তাহলে দিয়া যান গিয়া আপনারা হোস্টেলে ও আমি হুষ্টেলে উঠলাম
/kaggle/input/regspeech12/test/test_rangpur_0071.wav,ওই মিনির মাল্লাব আছে মানুষ সেজেনা
/kaggle/input/regspeech12/test/test_sylhet_0618.wav,হুয়াইফ আবারও ক্যান্সার হইতেছে অনেক দিন ধরিয়া অসুস্থ
/kaggle/input/regspeech12/test/test_sylhet_0023.wav,তারপরের মতো অষ্টমী মেয়ের মেয়ে নিয়ে আমরা যোদ্ধা প্রজা ও দ্বিতীয় দিন এটি হলে বড় প্রজা অষ্টমী তৃতীয় অষ্টমী তৃতীর দিন আমরা গিয়ে করা হয় ওই নাকে থাকব তাকে গিয়ে এটি বেশি সময় না দশটা এগার টানের সময় আমরা পাশ থাকি
/kaggle/input/regspeech12/test/test_tangail_0013.wav,পরে ফ্রেডি তখন পুরা ভেঙে পড়ে আর ফ্রেডির সাথে আরও কিছু মানুষের পরিচয় হয় যারা অ্যালবাম রিলিজ দেয় ঐ কোম্পানিগুলোর আর কি যারা আসলে ফ্রেডির এই জনপ্রিয়তারা আসলে তারা পছন্দ করে নাই তার চাইছিল ফ্রেডি জানি
/kaggle/input/regspeech12/test/test_narsingdi_0114.wav,মাইট দিব অ্যাডিমের নামে কিছু কবি করা চিপ্তা মেরা যাবে
/kaggle/input/regspeech12/test/test_rangpur_0115.wav,তুমি দেখবে ভালোই আছে সোহাগের ঘরের সোহাগের বৈশাখে যে এই খাতির মনে করে কালাইটেলাই দেয় শাক সবজি দেয় আমি যে একবার ঘৃণু মাঝাতে গেছি না তাতে এরকম অনেক উপকার হচ্ছে এরকম
/kaggle/input/regspeech12/test/test_kishoreganj_0038.wav,ওই জেদা না বায়
/kaggle/input/regspeech12/test/test_sylhet_0181.wav,তারা দুই বোনের সাথে মাছ এসেছে তারা রাস্তা পেয়েছিলাম তুই হাল্লানি বাবা হুম আল্লাহ বলি গোছান তুই কান্দরবাবু কান্ধরা কাইন্দে বলি
/kaggle/input/regspeech12/test/test_barishal_0023.wav,আর হ্যাঁ একবেলা মিসার এই পরের বেলায় ইনসুরিটা খায় ও শিয়ার তো পাইবে না জীবন ও ভুল করেই শিয়ার পান না এটাই মানুষের জন্য বলেছে
/kaggle/input/regspeech12/test/test_rangpur_0069.wav,কালকে মা সান্দিমার লাউ দিয়ে কেরাই ফিদ্দুসির মা আর কালকে নিয়ে নেম নাস্তিকের দেয় মাছ নিয়ে জব্কি দিয়ে
/kaggle/input/regspeech12/test/test_sylhet_0602.wav,আর এখন দেখে সেমনা আমিও মনে রাখতাম স্যারিলাদ মানে আমি তো এখন জানো যেমন মেমোরিয়াল তোর মানে কি তা ঐ সুই পিছে আমি তো না মনে রাখতাম ভাই না আমি সবটা ভুলি যে ম্যারামি জাগাত কেমনে মনে ছিনবেন এপ্রিল আপনি মানে টিচারের সাথে দেখা করে বলা আছে কোহিনূর ম্যাডাম এরাও যে সময় তিনসুন মাত্র
/kaggle/input/regspeech12/test/test_sylhet_0247.wav,আমি কি তাহাইরাম কই থাকারাম কীভাবে থাকারাম ওটার চাইতেও আমার মাঝে বেশি কাজ করত যা আমার যে কারণে বিয়া বাঙ্গাইয়া আনিয়া হোস্টেলও দিলা আমি যদি বালালোতল করি না আমার বাইরের মানসম্মান হলে মুখ সুপারী দিব যাঁরা বিয়ার মাঠ দিচ্ছেন তাঁরা মুখরূপে মাতবা
/kaggle/input/regspeech12/test/test_narail_0182.wav,নাও খাও ঠিকও না ভালো না কি লোক কত করে চিলোর কাছে পাথর আছে শুনি নাই মাঝে তো হয়েছিল দুইশ টাকা হয়েছিল তার চাম্পায়ার
/kaggle/input/regspeech12/test/test_tangail_0006.wav,কিন্তু ঘুইরে যাওয়ার পরেও আবার আইসা যারা বসে আছে ওরা সামনে একটা গানের দুটা লাইন শুনায় দেয় ওরা তুপুর অবাক হয়ে যায় ওরা ভাবতেও পারে নাই যে এরকম একটা ভয়েস পরা পাব
/kaggle/input/regspeech12/test/test_sylhet_0520.wav,তার ইন্ডার্ভর মাহদ্বেষ্টার রচনাও পড়িয়া গেছে না সাকিবদের জুড়ে যারে আমি রচনা ফেটাফোরাইছি এর মাঝখেকে একটা ইচ্ছে মাদকাসক্তি রক্ত আমি সে হরিতালিকে নিবারিত নাম খুব পরল আমি দেখছি আগে বহু দোয়াই
/kaggle/input/regspeech12/test/test_tangail_0053.wav,এতে মনে কর কিন্তু ইরফান খান ভাবছিল যে একবার হয়তো অর্কাসাইসা আবার চলে যাব মানে আমরা অনেক সময় কুকুর বিড়ালের যে রকম আদর করি এইরকম একটা আদর দিতে চাইছি ইরফান খান
/kaggle/input/regspeech12/test/test_sylhet_0137.wav,আমি কাম শেষ কইরা বাড়া বাড়া বৈন্দা হইলাম দিতাঙ্গীর ছাড়ার স্বভাবের হাওয়া একবার ফোন দিলাম প্রভাবে বুঝছি আচ্ছা যে বাক্যের সময় মাতাইলাম কি তো হাম্পরাত আসলেন করিলেন আপনি এমনটা ভাইলেন না একটা চা হইতে পারলাম না না আমরা দুপুরে খাইয়েছি তো
/kaggle/input/regspeech12/test/test_narail_0151.wav,তুমি ফোন দিছিলে ফোন দিলি তাই ব্যস্ত তা বলাম যে আজকে একটু ফোন দি কথা কই মা টুকে শুনতেছিল তোমার কথা যে ফোন টুনতেছিল নাকি দিলাম আগের দিন পরে দিতে
/kaggle/input/regspeech12/test/test_tangail_0073.wav,চাকরির মানে একদিন যাইত আর একদিন যাই না অর্জে বন্ধুরা আছে অরেশ সাহায্য করে ধার দেনা করে চলতেছে আর কি কিন্তু অর্জে ফ্যামিলি আছে বুরুন ধরনের ফ্যামিলি ফ্যামিলি তো আর মানে মাইনে নিতে টলারেট করতেছে না
/kaggle/input/regspeech12/test/test_kishoreganj_0081.wav,মুখ বুক কি দিয়েও এলাকা কিন্ডা আঙ্গুল এনে বিয়ের নাকি কে দুলেন হেজ কে দুলেন টাকা এনে
/kaggle/input/regspeech12/test/test_sylhet_0197.wav,তিথি পাতাসিল আগুন দিল তো আব্বা আমরা রে অঙ্ক পরাইতা ইংরেজি পরাইতা আব্বা পরাইতা বলতে আমারে সরাসরি আব্বা পড়াইছেন না আব্বা পড়াইছেন একদম আমরা বড় যে জন তাইন তাইলের ছোট জন যেতে এয়ার পরে তাইন যেও ছোট জন যায় আমরা একবাইরে পরাইতে হার
/kaggle/input/regspeech12/test/test_sylhet_0561.wav,ওই হায় রে খোপা একবারে তো দশটা পর্যন্ত এগারটা ভোগ্রুম আর যখন ইনকোর্সার যাইছে তার একটু তারের নাম যে কিছু ইচ্ছা ফরম ফিলাপোল কিন্তু হেড যে ও সারেফাই লিখি সামনা সামনি কী ব্যাপারে সারোরুমো ফর্ম ফিলাপোল আমিও তালিন আসান সবার লাশ দিয়ে
/kaggle/input/regspeech12/test/test_kishoreganj_0151.wav,ভাঙ্গির যোজনা হয় ভাঙ্গির যোজনা ভাঙ্গির ভাঙ্গা হয়
/kaggle/input/regspeech12/test/test_sylhet_0129.wav,ওই যে রুমটার ভয় সে ফারুজের সমস্যা দেন কে অন্য একটা বাসের তার মানে এরা ঠাক তাহাই সহিত হিন্দুর কাহিল
/kaggle/input/regspeech12/test/test_sylhet_0711.wav,তো হালা ফোরালে হ্যাঁ হর্স করে নিয়ে হারাও ইচ্ছে নেই আর কয়েক বছর রেসিভিয়ার তার পরে যাতায়াত আছে
/kaggle/input/regspeech12/test/test_sylhet_0365.wav,মাসালাম ওয়ালিদ
/kaggle/input/regspeech12/test/test_comilla_0030.wav,কিন্তু তারটা হয়েছে যে এটা এসে কথা কারণ ওদের স্কুলের দোলনাটার পিছনে যে বিল্ডিংটা এই বিল্ডিংয়ে থাকে ইউনিম্যাডামের যে গার্ড গুলা থাকে বর্ডার গার্ডের যে সদস্যরা ওরা থাকে তো ওদের জন্য নাকি লাইন দেওয়া হয়েছে এই স্কুল থেকে
/kaggle/input/regspeech12/test/test_rangpur_0100.wav,দাম বেশির কারণে এই সমস্যারা এত শক্তি নিষেধাজ্ঞার দাম নয় বেশি এই দামের কারণেই ঝামেলাটা বেশি এর কি সবাই
/kaggle/input/regspeech12/test/test_sylhet_0631.wav,ভালোই বোধ চিন্তা করে না ফাঁস করিলেম ইনশাল্লাহ এখন ভালোভাবে ফাঁস করেনি চিন্তা করেন
/kaggle/input/regspeech12/test/test_sylhet_0186.wav,দোয়া হই রইলেন আচ্ছা আসালামালাইকুম সন্ধে হয়ে যান না
/kaggle/input/regspeech12/test/test_narail_0073.wav,ওনার কোন কাকার ওই মূলত ঘর ওগে ধুয়ে ওরা পাশে থাকত ছোট ওই মায়ারা যে ঘরে ঠালু থাকত ঐ জায়গার থাই এটা বড়ই দখল করে নিতেছে তাই মা একসাথে ভালো একটা খাতাচ্ছিল
/kaggle/input/regspeech12/test/test_chittagong_0103.wav,খুব দাঁড়া নাই আছো তো অফিসেট নাও যাই গিয়ে আইসেও ইয়ে তৈলে ও রোডি হ্যাঁ
/kaggle/input/regspeech12/test/test_kishoreganj_0170.wav,কিস্তি কীটনাশক এবং রাসায়নিক সারের ব্যবহারে
/kaggle/input/regspeech12/test/test_rangpur_0125.wav,ইয়া মোটামুটি ভালো হইতেছে ইত্যাদি মা সমস্যা নাই তুই তো মনে টাকা দিসি সোটাই
/kaggle/input/regspeech12/test/test_rangpur_0096.wav,জুহিদার বাড়িত না হানিফ মাজির বাড়িত না ফকুরদিন জারার বাড়িত কার বাড়িত খাওয়া ভালো সে কথা
/kaggle/input/regspeech12/test/test_barishal_0006.wav,হ্যারো ছয় পোলা তিন মাইয়া সবাই বড় বড় করবে জান শিক্ষিত রায়ে ইংল্যান্ড বেশি পড়ে আমি দেখছি
/kaggle/input/regspeech12/test/test_rangpur_0119.wav,কালের ডাইল খাই তো ঠাকরি গেলাই আনিস ঠাকরি গেলাই দি কি চাইবেন
/kaggle/input/regspeech12/test/test_barishal_0024.wav,এই যে খাতাব্যাস না এইটা একটা স্বরূপ পরিবর্তন নেওয়ার প্রয়োজন আছে
/kaggle/input/regspeech12/test/test_kishoreganj_0143.wav,বাঙ্গি সবুজ রঙের পাকলে হলুদ বা সোনালী রঙের হয় প্রথমে সে কীটনাশক
/kaggle/input/regspeech12/test/test_tangail_0065.wav,যখন নিউ ইয়র্ক মানে এরকম চলতে চলতে ছবিতে দেখা যে একটা নিউ ইয়র্কের সময় এসেছে মানে হোটেল জুড়া পার্টি স্টাফদের আলাদা পার্টির জায়গা আবার যারা কর্পোরেট ওদের একটা আলাদা পার্টির জায়গা আছে
/kaggle/input/regspeech12/test/test_habiganj_0109.wav,যেমন হিসাববিজ্ঞান ফিন্যান্স ব্যবসায়াত্মক গণিত ইংলিশ বাংলা উপর বিজ্ঞান এই কয়েকটি নটা সাবজেক্ট ল্যাব আর বাকি কিছু চাপের আসল ঐ গুলি বাদ দিছে কিছু মানে আবাদিত
/kaggle/input/regspeech12/test/test_barishal_0009.wav,পায়ের টু সর্ডিফিন্দা পরিচয় দিলেই বোর প্যাট পিসে থাকে না আর সে কী করবে উনি ওনার বাবার রেইস কেনবে না এই রুম হয়
/kaggle/input/regspeech12/test/test_narail_0133.wav,মিনতা আমার ওসব ভালো লাগে না প্রিস বেরি করেছে আমার ইন্ডিয়ায় একটা বাড়ি গড়ে দেয় আমাদের কয়েকটা দিবানি
/kaggle/input/regspeech12/test/test_sylhet_0494.wav,তো নাম তো নাম তো নাম সুলতান্তর আনাম তার লারে কহিলাম তো নামাজ ভুক্ত করতে বললাম মাল্লা তুমি দেখিয়া তাই নাম দোবাস বলিয়া আইসেন আয়াবিদাম অর্চন জানিয়া একটা বিরানী লইয়াইছেন মেয়ে কইরা একটু উঠবাহিনী উঠিয়া হাইলা লাহিলা লাহিলা মাহিতা হাইতাম নাম তাহা হইলাম তাই নাম আরে কিন্তু আর্জন জোর করিয়া যখন লাগলাম সুস্থ মানুষ তাহলেন জোর করিয়া একটু তুলছেন আল্লাহ একজন টাস করে উঠছে ও না বিন্নিসি লাকসি কিন্তু আমি আমার চাষ করিবার চাষ করিবেছে আমি বুঝতাম পরিচ্য আমাম আমি বুঝতাম পরিচ্য আমাম আমার চায়
/kaggle/input/regspeech12/test/test_comilla_0009.wav,রুহি চাচ্ছিল রুহি উঠতে কিন্তু নুসাইবা বলতেছে না আমি উঠি তুই যা তোর তো নাচের এয়ারসাল আছে তো একপর্যায়ে রুহি ভাবল যে হ্যাঁ আমার তো নাচের এয়ারসালে যেতে হবে আমি চলে যাই তুই দুলনাখা দুলখা দুলনায় তো রুহি ওকে ছেড়ে দিয়ে
/kaggle/input/regspeech12/test/test_sylhet_0350.wav,তখন গেলাম ঢাকা একটা ওরিয়েন্টেশন প্রোগ্রাম আমরা গিয়া ফাইসি মন্ত্রী সচিব ডিজি তারা আছে শিক্ষা মন্ত্রণালয়ের মর্গে আমরা
/kaggle/input/regspeech12/test/test_sylhet_0513.wav,এগুলো কোনো অপারেশন করে জানতাম হরিয়া এখন আমার হামলা পরে আমি আমার ফোনা শুরু করছি স্যুপ মুজিয়া
/kaggle/input/regspeech12/test/test_barishal_0004.wav,মিডিয়া গেছে হেলের মেয়র গেছে নানান প্রশ্ন হে মনে করেন এক লোক চালাইলেও হইয়া দেখলাম পাঁচ ছয় জনে অনেক প্রশ্ন পরে হেসে মাপ চাইছ কারণ আসলে আমার ভুল হয়েছে আমি মাপ চাই আমি এরম কামার কোনো দিন করব না ওই যে দেখি আকারে গায় না আড্ডি নাই মানে মাংস নাই খালি আড্ডি
/kaggle/input/regspeech12/test/test_tangail_0112.wav,তো আমার মনে হয় ওই বিল্ডিং করার জন্যই কেউ চক্রান্ত করে আগুন লাগায় দিছে দেখ দেশে ব্যবসা হয় জাস্ট এই দুইটা ঈদ দুইটা ঈদে হচ্ছে দেশে ব্যবসা হয় তারা অনেকে আছে যে ঋণ টিন করে
/kaggle/input/regspeech12/test/test_kishoreganj_0172.wav,তমুদের বিতল লাল কুমুদের কল্লাল তোমরা যে বিতল লাল তোমরা যে বিষয়টা লাল
/kaggle/input/regspeech12/test/test_sylhet_0314.wav,গিয়া কিনা কাটা করি একদম প্রাইমারি যেগুলা লাগব সেন্সিয়ালগুলা আনি দিচ্ছেন আর ভাবিরা সকালবেলা উঠিয়া মেন্দ্রিন্দি বাটিয়া একটু লেফাভা দিয়া দিয়াইছে রতন ডিজাইন ডিজাইন না গোসল গোসল করাইছেন গড়াইয়া লইয়া লইয়া গেছেন গিয়া পাড়ার মানুষ আনিলেছেন বাসাত
/kaggle/input/regspeech12/test/test_sylhet_0422.wav,ভুল করছি কিন্তু যেও করতে পারছে না মানে তাঁরা কিন্তু এই অপারেশন জানেন না আমি বুঝতাম আমার জন্য কত কষ্ট রে বাবা
/kaggle/input/regspeech12/test/test_sylhet_0382.wav,তুমি যদি ফর্তায় চাও তথা আমরা ঋণ থেকেই শহরে গিয়া পড়া এত সহজ না রাস্তাঘাট বালা না যোগাযোগ ব্যবস্থা বালা নাই একলা একলা যাইতে হবে তাই না রাস্তার মাঝে মানে আমরা প্রামাণ্ড প্রেমের মনেহ আছে সমস্যা মেয়ের আরে বাইর করার তো তোমার হুঁষ্ঠলতা হালার প্রতি আমরা রা পালাইয়া থাকতাই বারবার নিয়ে হুঁষ্ঠ লোকিয়া পড়লে হুষ্ঠ লোকিয়া থাকিয়া পড়বা যাতে যাতে যাতে যাতায়ার ব্যবস্থাটাটা সুখী হওয়ার সমস্যা হয় হয় না
/kaggle/input/regspeech12/test/test_kishoreganj_0040.wav,যা না এম গুয়া স্যার গুয়া প্রতিবাদ রাকিব মিয়া আমি তো একে লেখালেখি
/kaggle/input/regspeech12/test/test_rangpur_0018.wav,কার দেশ ফটোকপি আছে না কার্ডের
/kaggle/input/regspeech12/test/test_barishal_0058.wav,তাই হেরম যদি ডাটামি করতাম তাকে হেরাত করে ওমর ভাত ধরত না আক মনে না সেন্টার ধীরে ধীরে পরিত্রাক দেখি এক মোট নাম নেই বুঝি
/kaggle/input/regspeech12/test/test_narail_0183.wav,সাধের সময় তো আনেই ছিলাম একশো কিছু আক্ষর করে এক মাসের যান আমাদের তো বাড়িতে রেখো ভাই প্রথম আবার ষষ্ঠী ছিল না স্যার
/kaggle/input/regspeech12/test/test_sylhet_0403.wav,যে অসুস্থ মানুষ আমি তা হইয়া নাম আমি নামে ঢুকুক পরিবার কিছু জাগাবেই নামিনীর এই তুড়াহাই তাকিয়া ফেলে কিন্তু বিশেষ হলে আমার হাসব্যান্ট কুব্বল আরিলাকেও তাহলে জীবনেই লাহং রাখত নাই
/kaggle/input/regspeech12/test/test_kishoreganj_0026.wav,তা ভুল চুল করে অনলাইনের বেলায় উভয়ের কারণে কম্পিউটার দিয়ে এসব কাজ করে নাইম কি কস তত পরিচিত অনেক কম্পিউটার দোয়ান
/kaggle/input/regspeech12/test/test_kishoreganj_0005.wav,আমার তিন দল যেন খেলে দাও দিয়েছেন শুধু তুলেনি বাইলের লোক বালিশে যান তুলতাম বাইলা দোয়ানো
/kaggle/input/regspeech12/test/test_sylhet_0689.wav,আগে তো তো বাচ্চা কাচ্চা লইয়া সুখের সংসার করছি থাকরি নগরী ফোর্ট পয়েন্টে লেখা হলা হোসেন পুলিশেরও বিয়া দিলাম স্বয়ং বিয়া দিলাম নাতিনু সাহাইলাম নাতিরও বিয়া দিলাম
/kaggle/input/regspeech12/test/test_comilla_0018.wav,তো এখানে কয়েকটা বিষয় আসলে কি কারেন্টের শট লাগল কিনা কিন্তু ওদের স্কুলে কিন্তু ডে শিফটে সকালে মর্নিং শিফটে ক্লাসে ওরা হচ্ছে ডে শিফটে যায় মর্নিং শিফটে সবাই দুলনাতে উঠল কারও শট লাগল নেই এরপরে ও নুসাইবা বসার আগ মুহূর্তেও কিন্তু দুলনাতা
/kaggle/input/regspeech12/test/test_barishal_0088.wav,হইরি তৈরি আবার উপরে চোখ রাহালা বেঁধে ঠিক করে ঐ ধারণার মুখে হচ্ছে যে এর এক কোন কাম উপরে ডালাইলে তরুক্ষ ঋণের আগে না
/kaggle/input/regspeech12/test/test_tangail_0045.wav,পরে পাই একটা বোর্ড পাই মানে ইরফান খান একটা বোর্ড পাই ওই বোটে করে কোনো রকম আর কি ওই রাতটুকু বাসে পরে সকালে উঠে দেখে যে ওর সাথে বাঁকটা যাচ্ছে রিচার্ড পার্কার ও সাঁতার কাটতে আছে
/kaggle/input/regspeech12/test/test_tangail_0032.wav,পরে যখন সাড়া যাইতে নাই প্লেনে তখন ওই বিমানের ফ্লাইটে সারা ওই পাঁচ ডলারের ওই নোটটা দেখেছে জোনার থানার জিদা নাম্বার দিচ্ছিল ওই নোটটা আবার ওর কাছে ফিরে আসে পরে সে বিমান থেকে তাড়াতাড়ি নেমে ওই নিউ ইয়র্ক নিউ ইয়র্ক ইভেস্ট
/kaggle/input/regspeech12/test/test_sylhet_0742.wav,সারা জীবনে আর দুই মাস আগে হাই গত দিন অভিযোনা বিয়েও হাই যে তাই নিজেই বাগে যে আর হাই না হাই যে আমার বাড়ির কেউ মরবে আমরাও দুই ওয়ান্দি কিউকেই যার নম্বর
/kaggle/input/regspeech12/test/test_chittagong_0112.wav,এই জেট কম্পাসের সঙ্গে ছবিটুবি যা আছে দ্যাগিনিককে তুলে দিয়ে দিয়ে গেল এখন অপরের ছবি হতা হয় আপাত মালা এমবিটিম বিনায়াতে আল্লাহ সমস্যা প্রয়োগে গোদে ছিটাঙ্গ গরম হইলে
/kaggle/input/regspeech12/test/test_narsingdi_0040.wav,দিনে সাড়ে পাঁচবার গোসল লিখানো লাগে কীভাবে অবস্থা তিনবারও লিডিও এগাছে গোসল হুম মাত্র আমি এ বাড়ি নিয়ে সাতবার ঘোষে কারেন্ট আল্লাহ দিব্য মন
/kaggle/input/regspeech12/test/test_kishoreganj_0024.wav,এলাকাতে বিন লুক আইসে কুচিতে নিয়ে নামের ঈদে হিদা এলাকার জাত যেটা আছে ঈদে নিয়ে গর্ব বুঝে আরেক বেটা সম্পদ নাইনে গর্ব লাভিত না
/kaggle/input/regspeech12/test/test_comilla_0001.wav,আজিকার পরিবারের স্বর্ণকানাদের খেতে ধরেন ডিজিব আয় স্বর্ণকার তো প্রচুর দামে জানা
/kaggle/input/regspeech12/test/test_sylhet_0039.wav,পুকুরে বিসর্জন হয় কিন্তু অনেক জায়গায় তো পুকুর নাই তারা কোথায় বিসর্জন করে ঠাকুরকে তারা কি দক্ষিণ সীমার নদী আছে না নদীতে গিয়া সবাই বিসর্জন করেন আমরা এই অর্থে পুকুরে আইসিয়া বিসর্জন করার পরই আমরা ইয়াসো
/kaggle/input/regspeech12/test/test_habiganj_0088.wav,নৌকা প্রমাণবান লাগিয়ে বসি তুই ক্ষয় বার গুড়াইছ নৌকা প্রমাণে অনেকবার গেছি অনেক সময় বেশির দিকে গেছি গুড়াগুড়ি এমনিতে অন্য জায়গাতে আর কোন জায়গাতে করছ নি
/kaggle/input/regspeech12/test/test_habiganj_0056.wav,ষপদ দেখা যায় যদি মুরুগুরু গানে একদিন মুরু গান ছিল আমার দিয়া মা রান্দাচিল মা হাসে থাকি আমি লারাউড়া দিতি তখন বলে তোর হারিরত্ব মৌজা হইতে ওহন সবাই হানি কয় মার্তিকা তর্ম যাইছে তখন তুই রানবে এখন মুরুগুরু গানলে আমি এমন যন্ত্রণাত করি খালি আমারে দিয়েই রান দেয় তখন তো আমি এমন বিপদ করছি আমি হই একদিন আমার এমন বাজে হইল রান্না লাগব যাতে আমার দিয়ে রান দেয় এখন
/kaggle/input/regspeech12/test/test_sylhet_0652.wav,কোন জাপট তো আছে নেকালে ও গাল থাকে উগা চাইছে পাঞ্জাবি দৌড়িয়া হউক আছে প্রেমে নওগাঁ কেড়ে হওয়ানো হচ্ছে অন্য হয় সে তো দেখাইয়া দেয় রাজাকারে দেখাইয়া দেয় নানিমা ভাষণ রাখিয়াছে কোথাও কোথাও কী কী করিয়া গেছিস
/kaggle/input/regspeech12/test/test_sylhet_0112.wav,আর নানার বাড়িতে খেয়ে খেয়ে আসেন তো আমার খালা আছে আমার নানী আছে যাও করেননি তারা তারও আয়না বিষ আমরা নবাবের সোলিনানি তারও হোসে আয়না তারার কীটা করেছে তারা ফলে বলাও ফলে বিরোধী ফুয়া আছে সেই আন্টি
/kaggle/input/regspeech12/test/test_habiganj_0035.wav,মার যে বাল্লার তো মনে মনে হইতাম আমি যদি রানতে পারতাম খুন নিন যে আমি রানতে পারব এরপরেই তা হতে হতে দেখতে দেখতে এরপরে আমি কখনো আমি বুঝা যায় যে আমি নারায়ণ দুই দেখা যায় মা যেতে যে তা রান দেয় আমি তা রানতে পারব এরপরে মারে আমি একদিন বৈত মা আমি রান হইব সম্ভবানো আমি
/kaggle/input/regspeech12/test/test_narail_0085.wav,দুইবার গেলাম আবার যাব আমার যাওয়া শুরু হয়েছে আর কঙ্কালে যে থামব তার ঠিক নেই
/kaggle/input/regspeech12/test/test_sylhet_0682.wav,ছাড়ার আগে বন্ধ নাই এসব কোঠানে স্কুল বন্ধ তাহলে তারা হবা জানবে আর নাফের আনে জানবে সব প্রত্যাহানে আরও বাড়ে তৈচ্ছে তাহার দায়িত্বান করে মানুষ করার পর্ব ভালো হচ্ছে
/kaggle/input/regspeech12/test/test_sandwip_0057.wav,ধান্দাকে আরোপ করে ছাড়িয়ে দেওয়া হয়ে গেল সেক্রোগ্লাম দিয়ে
/kaggle/input/regspeech12/test/test_narsingdi_0074.wav,সালামি দিবি তুই আমার
/kaggle/input/regspeech12/test/test_comilla_0021.wav,যে এইটার জন্য হইতে পারে যে কারেন্টের ইয়া হইছে কিন্তু অন্য কারণে বাচ্চারাই তো কারেন্টের শখ করে নাই বা ওর শরীর থেকে রোহী সবার প্রথমে ফার্স্টি রোহী দেখছে রোহী ওর মাথায় যে স্পর্শ করছে রোহীরাও কারেন্টে ধরে নাই এই হইছে কথা এখন যে রোহীরেও লাগে না এটা দেওয়া একটা লাখ লাখ শুকরি আল্লাহর কাছে কিন্তু
/kaggle/input/regspeech12/test/test_chittagong_0148.wav,তুই অন্যে হো এতাল রাই এতক্ষণ ধর্মে যেন ফ্যান্সার হাতে কিনলি আমি কালামো চালানো দেখব না কেন আছে
/kaggle/input/regspeech12/test/test_chittagong_0006.wav,তাই হান আগে তো আটটা বাজারে যাইতে আমি ঘুবরাবর তাই হান জায়গায় সোয়ারটা আটটা বিশেষ লেগের দেরি করিয়ে রয়েছে বাইরে তাই হান গ্যাগরার আইআইএর আর না দেখিলে আপাক হইত এখন উজা বলা ইতি প্রিয়াঙ্কা বলা হয় যা হাত উনি একটু অসুস্থ সেজন্য আসে নাকি
/kaggle/input/regspeech12/test/test_sylhet_0337.wav,তখন আমরা বাইয়া হইয়া কইরা হইয়া করিলাম সিজার করিয়া তুমি পড়ালেগে আমি হই সিজার গড়াত গেলে যে খরচ লাগব এটা আর আমার জামাইন লয়ার চাকরি অত কিছু বেয়ার করিয়া তাইনা আমার সিজারের খরচ দিবার সামনে আমি না সিজার না নরমালে হইব না হইলে না এটা আমার সিজারের জন্যে নোলা অবস্থায় পরীক্ষা দিবেছে
/kaggle/input/regspeech12/test/test_sylhet_0419.wav,তুমি আমার অসুস্থতা বানাইছ তুমি আমার অসুস্থতা করিয়া দিবে আমি ওরকম আমার ফোর্স আপ জোড়ছে কিন্তু কারণে জাহানামাজ নামাজ ফোর্স আপ করছে আমি নিজে দেখি তখন আমি নিজে ভাবছি আল্লাহ তুমি যদি আমার গুণাদোদিলা কিন্তু আমি নামাজ রাখতাম না
/kaggle/input/regspeech12/test/test_sylhet_0640.wav,গান ভালো দুজনেই গান শোনা হত দুজনে মিলে গাইলে
/kaggle/input/regspeech12/test/test_chittagong_0167.wav,লালিতা আল্লাহর পরীক্ষা দিতে দেরি আল্লাহ তো ইচ্ছা একদম শুরু হলে কি ও বয়সের আগে যদি থাকিস এগুতো কি রেভ
/kaggle/input/regspeech12/test/test_narsingdi_0080.wav,অনেক ফেরাফেরির পর আমি আর রাজি আছি তারপর ব্যাডমিন্টন দেশে রাগানিসে তারপর আমি খেলতারছি না দ্বীপে শেষ করলেছে আমারা যখন কেন্দ্রে মারি ব্যাডমিন নষ্ট করেছে বাবার কমেন্ট নাকসুন হ্যাঁ মোটারটাক কিনা যেন না আমার দাদু তো হ্যাঁ এই নষ্ট করছে হ্যাঁ নষ্ট করলে সবাই না হ্যাঁ নাম মেনে ঘুরবেন
/kaggle/input/regspeech12/test/test_sylhet_0698.wav,আপনার কয়েশ সালের আর ফুরি তিন ফুরি তিন ফুরি তিন ফুরি তিন ফুরি দিয়া দিলেন
/kaggle/input/regspeech12/test/test_sylhet_0685.wav,তুই বা বেড়ার সান পাচ্ছিস নি
/kaggle/input/regspeech12/test/test_sylhet_0633.wav,চেষ্টা করে এলা যেহেতু সবার হাতে হাতে স্টুডেন্টের আর প্রযুক্তি এলাকি মেবে কিন্তু কতটুকু ফলপ্রসূ
/kaggle/input/regspeech12/test/test_sylhet_0119.wav,ইতিহাসও লাহোর্তের ইতিহাসও মাসিকান্দুরের কারণে দিত স্কুলে পড়তে হল ইসলাম পড়ছে না স্কুলে স্যার এখন আমি তারের ঈদের মানে এটাই বিস্ফোর্ত হইয়াছি তো তাই এটার মানে চেয়ে পড়ছে অজারা পার করলেন না
/kaggle/input/regspeech12/test/test_sylhet_0628.wav,দেখিয়া পছন্দ করে ফেরার কেইলারের কোপ নেওয়াই স্যার আর বুশরার যে আরেকটা কাজিন আছে তা নিয়ে আমরা কুমার জন্ম নাচেন তাই রবি আমরার লোকে প্রায় মানুষের বিয়ে হয়ে গেছে
/kaggle/input/regspeech12/test/test_sylhet_0144.wav,বাকি নাকি তার ফোরেল ফোরেন উনি বাকি সেলেমে আপনি ওহে ফোরেন থাকবে নাকি কি তার
/kaggle/input/regspeech12/test/test_sylhet_0646.wav,ওরা দাদুর নিয়ে খেলছে হোক দাদুকে তা করোই না সকলে একটা গর্ভসায়ী বা দরজা দিবা বাগান দামি দিবা ইভে এসে অত কামার মার্তা হয়
/kaggle/input/regspeech12/test/test_sylhet_0647.wav,ক্ষুধায় স্কুলে যাও ফোড়াবো এই হরিশ এই হরিষ
/kaggle/input/regspeech12/test/test_sylhet_0324.wav,আমি তো আছি আমি তোমারে হেল্প করব আমি যেতেও ফরি তোমারে লইয়া পড়ব গ্রুপ ওয়ার্ক করব তো চলো শুরু করি কহিয়া আছে তা আইন কিতাবতা আয়া তাহেরই জিতা রাত্রে ঘুমায় জিতা
/kaggle/input/regspeech12/test/test_sylhet_0517.wav,হালকা দেখে আসলে বলা হয় সোমবারে গত সোমবারে সোহালে পড়ে এসেছিলাম
/kaggle/input/regspeech12/test/test_sandwip_0099.wav,কি থাকি বেরুক কোনো চাকরিটির দরকার নেই
/kaggle/input/regspeech12/test/test_sylhet_0595.wav,তাই ইনস্টাগ্রামও আমি আস্তাস্তা দেখতেছি স্টোর্টে ভয়ে আহারাদিল্লাহ ভালোবাসেন আর শ্বশুরবাড়িরা সবাই তো ভালো হাসবেন না তো ভালো
/kaggle/input/regspeech12/test/test_sylhet_0050.wav,প্রথমে নুডলস সিদ্ধ দেন বাদে ফ্রাইজ বাজার ডিম সারোয়েন ডিম বাজিয়া নুডলস ত্বরাণ ছাড়া মসলা দিয়া
/kaggle/input/regspeech12/test/test_tangail_0096.wav,পরে আয়েশা আবার সাকিনাকে বলে যে ইমারে পাই নাই তো এখন কী করব আমি তোমাকে অনেক ভালোবাসি এরকম পরে কিন্তু ওই সাকিনা যে
/kaggle/input/regspeech12/test/test_sylhet_0371.wav,ওয়েলকাম আশুক্রিয়া জানাইছি আল্লাহরে আহ্বান জহির লাভ বেশি আর ঐ বয়সে আসলে বাচ্চাটা হওয়ায় এখন আমি বুঝি যে আমার কতটা সাপোর্ট হইছে আল্লাহই লজিয়া সবচেয়ে বড় পরিকল্পনাকারী এখন আমি চিন্তা করি যে
/kaggle/input/regspeech12/test/test_narsingdi_0082.wav,ফাইবে আমিও ফাইসিলাম আমি ফাইভ ফোরে ফাইসিলাম দৌড়ে ফাইসি একটা সেকেন্ড প্রাইস এটা আমার স্কুল লাইফে পাঁচটা ছিল উনার খেলার মধ্যে ফাইবে খেলা দেখিস ভাইসিন আমার লোকে সব মনে কর আমি তো এক বছরের জুনিয়র আছিলাম
/kaggle/input/regspeech12/test/test_sylhet_0565.wav,আর থার্ডিয়ার আমরা রাখি কমার্স অফিসে তাই কাউন্টি ফাইন্যান্স অফিসের হাইয়ার লেভেলার এন্টারমিডিয়েট হচ্ছি তোমরার মেয়েকে দেখি না
/kaggle/input/regspeech12/test/test_narail_0164.wav,তাহার মতো কাহাও যাবে না কোয়াশ্চার পায়ে যে ডাক্তার দেয়াছি আজকালও ডাক্তার দেয়া যাবে না কাজের কামেরা আছে কার
/kaggle/input/regspeech12/test/test_chittagong_0102.wav,আবার চ্যানেলের দিবায় খুনুনিরোধের মধ্য দিয়ে খুনুনিরোধ করা দেখিবে তাই বলে সেই নাম্বার নন লরেশ করে তোকে কি আর গুরুবং কুয়ালোক দিয়ে নাসিয়ার লোক পেয়ে সত্যিই এরা সাম্য দেয় জয় বুবু
/kaggle/input/regspeech12/test/test_kishoreganj_0096.wav,সে একটু মানে নাচাস না ও নামাস করছে
/kaggle/input/regspeech12/test/test_sylhet_0096.wav,দুইজনে জানা খাতা নাই বাজার দরে তখন বেশি বাজার দর কি রকম যে দাম ছাল ও সত্তর টিয়া হরি একত্রিশ সাল সত্তর টিয়া হরি ঐ গো মোটা সাল হইল সত্তর টি হাল দামে সেই সাল আনতাম মোটা সাল আনতাম সলিষ্টিয়া দিয়া তাই তৃষ্টিয়ার বৃষ্টিয়ার জানতাম
/kaggle/input/regspeech12/test/test_sylhet_0068.wav,ভাইয়া গিয়া করতে না বাইরে বাহা হয় নামে কি তার পাগল আমিও গিয়া হতে নাই না কিংবা চিন্তায় নির্দিষ্ট মন্দ হইব না কিন্তু দুইটা বোয়িং কর তুইয়া বাহিরে
/kaggle/input/regspeech12/test/test_rangpur_0057.wav,এজন্য অনেকে দেশে যে এক বছরের খাবার মজুত রাখার জন্যে মানেই না করার জন্য আমার বিরুদ্ধে থাকার জন্যে
/kaggle/input/regspeech12/test/test_sylhet_0150.wav,আপনার কামড়ের পড়ালেখা করেন এদের ছেলেমেয়েরার পড়াইলাম আপনার মেয়ের যে বিয়ে হইল নাকি নাতনিয়াস্তে নেই ওহ বড় ফুড়ির এক মেয়ের ছেলে হুড়ো হুড়ির এক ছেলে
/kaggle/input/regspeech12/test/test_chittagong_0021.wav,অ্যারামা গরি সিলেটে সিলেটে ভর্তি হানে কাজে জ্বালা হলা গলি হলা পশ্চিমবঙ্গে ফল হাগল্পের জন্য মডার ফল হাগল্পের জন্য আরও গুমগুলি মোবাইলের বেলে বোর্জা এলাকা আছে তো মোবাইল টিবর কাহা তুই এজেস ছুটানো নিই
/kaggle/input/regspeech12/test/test_chittagong_0024.wav,আবার ডাক্তার হাসে গেলাম অসুখ ফাঁকে হেলাম বোধ নষ্ট করিয়া গোইড আম্মা গোবরে না রে অসুখ নির্জিমাইটি মেয়েতে মেয়েতে উভয়ের স্মৃতির বুনাবুনা অনাহিদি
/kaggle/input/regspeech12/test/test_rangpur_0011.wav,সে না না আসবের বউ পুল আসবে দেয় না এলাইবির বেডিরি এত আদর এলাইবির আরাবির নিন্দ আসবে মানসির খবর নিয়ে লাভ আসতে পারলি বেটা হুকার বহু তোকে না আসবে দেনা তুই বিরাচ্ছিস কে
/kaggle/input/regspeech12/test/test_sandwip_0129.wav,অঙ্গার হোলাইনের বাইরে অঙ্গার হোলাইন হইলেও কোন হলে নাই কেন কেন জাল্লা রাস্তা চালায় দাও এ হিসেবে শুধু শুধু নিজের টিয়া খরস্রোহী এবং আর অঙ্গার হোলাইনের নামের কাছে মনে হয় যে হোলাইন নিজের তেবে হোলাইনেরা আর রূদে অতি শেষ্টা দিয়ে করা ননের কোন মানুষ নেই
/kaggle/input/regspeech12/test/test_sylhet_0490.wav,ারণ তাই নার দ্বারা তো আজকে আমি সুস্থ মানুষ আর আজকে তাইনার দ্বারা তো সুস্থ হই আমি আরও আশা করি আল্লাহ আছে যা আল্লাহ তোকে অবশ্য সুস্থ হয়েছি তার ফলেও মানে আমি নিরাশ হইলাম না আমি দুর্বল হইলাম তার ফলে সাহস কর আমি যদি কি নিজের ভবিষ্যতে কিছু কিছু আল্লাহ নিয়ে আমার ভবিষ্যটা সুন্দর করিয়া দিই মৌট আশা কর আমার লাগেছে এর পরেও কত বড় অসুস্থতা হওয়ার পরে কিন্তু ভয় হয়ে থাকে সাহস করার আল্লাহ আছে তো সাহস শুধু তো লক্ষী আল্লাহর ছিল আল্লাহর ছিল তখন সাহস সাহস সাহস হতের লক্ষ্বর লার লক্ষ্ব তো সাহস সাহস হতের লক্ষ্বর লোর লক্ষ্ব তোর লোর লক্ষ্কের লক্বের লক্ব সারেরেরেরেরেরেরেরেরেরেরেরেরেরেরেরেরেরেরেরেরেরেরেরেরেরেরেরেরেরেরের্জ্জ্জ্র কর্জ্র কর্রন্কর্কর্কর্র কর্ন হলের কর্কর্ন
/kaggle/input/regspeech12/test/test_sylhet_0341.wav,তখন দশটা থেকে পাঁচটা পর্যন্ত পরীক্ষার দেওয়া তিন মাসের বাচ্চা রাখিয়া এইটা মানে হে মহাযুদ্ধ আজ সেন্টার আছি তোমার সরকারি কলেজ হোক বাসার আছি রাজমহল এসিসেন পরীক্ষায় যাইতাম গিয়া তখন আমার বড় যা আইসে তারে আমার ছেলেরা দেখার লাগিয়া আমার বড় যাইছে পরীক্ষার সময়টা সাফল দেওয়ার লেগ
/kaggle/input/regspeech12/test/test_sylhet_0055.wav,আর মা করতে পারবে না মা অনেক আগে বস্তান্ত আছে কেমন মনে বৈন্দ্যের ছেলে মেয়ের স্লিনিটে ছোট তিন বছর চলুন যে আপনারা ছোটবেলালে কিছু খুন মানে বাইবোইন্ডার একসাথে কী রকম মজা হইত কি তা কি তা হত তাই আমরা তো ছোটবেলা অনেক কষ্টে
/kaggle/input/regspeech12/test/test_rangpur_0006.wav,নয়টা বড় হইছে সিদ্ধিকুর মা দুইটার নিজস্বায়ী তাহামাকেও দেন তো দুইটা কটেকা হয় দেওয়ালা
/kaggle/input/regspeech12/test/test_sylhet_0017.wav,গাড়িতে নিয়ে উঠবে ইয়োহরা আঞ্চলিক ভাষায় যেটা কয়েন ওটাই খুব কঠিন আছে বিসর্জন বিসর্জন দাওয়াজ বিসর্জন নাকি নিয়ে আনন্দ করা লেগে রাস্তার রুড রুডে যায় তারা গাড়ি নিয়ে মারে নিয়ে যায় নেওয়ার পর আইসা বিসর্জন যায়
/kaggle/input/regspeech12/test/test_chittagong_0176.wav,মানুষে সবসময় কিছু না তাহা ইয়ানো না মাঝে মাঝে তো পাহিবেগে পারছ না কিছু এত চেক গলে সমস্যানও নেই
/kaggle/input/regspeech12/test/test_sylhet_0372.wav,তারার লাগে যেটা ভালো তারার লাগে যেটা উত্তম নিশ্চয়ই সেটা আল্লাহ দিবা আর আমি যদি আমার সৎপথের মাঝে থাকি তারারা যদি আমি ঐ পথটা দেখায় যাই তাইলে ইনশাল্লাহ তারাও কোন না কোন গতির মাঝে পড়ব
/kaggle/input/regspeech12/test/test_sylhet_0291.wav,দেখিয়া গেলা তখন হইল তোমার স্যারের সাথে আমার মিট না তার বাড়ির মানুষের সাথে হইছে খাওয়া দাওয়া হইছে কথাবার্তা হইছে ডেট ফোরে ফিক্সড করা ওই বনে এনগেজমেন্টটা ঐ যাক
/kaggle/input/regspeech12/test/test_narail_0021.wav,বাবা আমি চলে যাচ্ছি দলের চা না নিয়ে আরু জীবনে কোন তোমার আরও পরিচয় দিনে যে তোর মা মরিয়া গেছে তোর এই মাই শেষ হয় সে সব অত্যাদি সব আসিয়া আইসিয়া এসে বুলন বুলনে কথা কয় এই বিশ্বের মেলা দিন আইসে ঐ যে তোমার বড় দিদি মা ছোটম আমি প্রামী হইতে আইসের
/kaggle/input/regspeech12/test/test_chittagong_0086.wav,অয়না এরকম কিছু হত না আরারোই আমি যেটা শুরু করতাম কি আরো গ্রাফ পলিমায় আসিল হয়তো কিন্তু সিলিনের চিনিতার ভিতরে ফোলের আমরা স্কুলে তো আসিলে দেখি মোটা করি মায়াবে
/kaggle/input/regspeech12/test/test_kishoreganj_0200.wav,কী
/kaggle/input/regspeech12/test/test_sylhet_0523.wav,ভালো ঠান্ডা লাগিতেছে মিয়া আমি সৈরভ পাইলাম না আমি সৈয়দ হামলা নই আমি আবার পড়তাম আসলাম না তোরা একদম ডাহাত গেছ আছে ওহ ডাহাত আমার মামার বিলান গেলা
/kaggle/input/regspeech12/test/test_sylhet_0322.wav,শাড়াদায় পড়তাম খুব কম ঘুমাইতাম তাইন যখন কলেজ থেকে ফিরতে অলরেডি আমার যখন এনগেজমেন্ট এবং বিয়ার মাঝামাঝি টাইমো তাইনার এমপি আইসি তাই একটা কলেজে ঢুকছিলা কিন্তু এমপি আইসিল এখন যেটার আছে নগদেও
/kaggle/input/regspeech12/test/test_rangpur_0083.wav,কান কাজের ধরন সাজানোর ক্ষেত্রে আলসে হাতির মাল যেমন চলে সেজন্য কিছু ধরন ধরন হাতির আলসে আরও খুবই আছে অর্থ নয় কত থিতি আগের কারণে শুধু বইছে ঠিকই ওটা খারাপ নয়
/kaggle/input/regspeech12/test/test_habiganj_0011.wav,ওহ না এরা বয়স হইত আর এরাই বিদেশ পাঠাইব ইতালি পাঠাইত
/kaggle/input/regspeech12/test/test_sylhet_0272.wav,তখন তো এগুটু ফাইবার ধারে কাছেও গেছে না ইতসু রেখে আরেক কান্দা বায়ে তোমারে টার্গেট দিলে আমি তো টার্গেট পর্যন্ত খুঁজতে পারলাম না তখন বায়েরা কহিল যে সমস্যা না এটা তো অনেক আটটা সেমিস্টার এক সেমিস্টার গেছে পরের সেমিস্টার বালা হলে মারা যায় বালা হইব তুমি আরেকটু পাল
/kaggle/input/regspeech12/test/test_sylhet_0180.wav,হাই শান্তি আছে কদিনের চেয়ে শান্তি মাইকে যখন কয়েন লিয়া হত দুর্গতি কবের বাড়ি গর্বে চলাকাল কয়েন খেলে দিয়া রাম আসেন হান্দার বেঙ্গু ও এক শান্তি আমার বাচ্চারের নষ্ট
/kaggle/input/regspeech12/test/test_barishal_0032.wav,অং চুপ করো অন্যা চুপ করে থাকো
/kaggle/input/regspeech12/test/test_narsingdi_0090.wav,বাড়ের কয়টা স্পিকার থাকে সাউন্ড বক্স আছে আমার প্রতি কয়টা লাগব খালি কন খুব সাইবার লাগবে এই ভুবন সাঙ্গমের সাউন্ড বক্স করে না একটা যে ইয়ার লাগে টিভির লাগে কেন একটা ডাক
/kaggle/input/regspeech12/test/test_sylhet_0643.wav,তুমি কোন স্টেজে আছো মানে কি তাকি তা শিখর হওয়া জানো শর্মালিকা শেষ করিলে দি রায়
/kaggle/input/regspeech12/test/test_habiganj_0073.wav,আগের সাথে জানতাম যেতে ইচ্ছে শিখতে পারলাম কি হ্যাঁ আমরা কেন যে আগে মনে হলে শুনছি না কেনাই উভয়ে ভয়ে মাটি দেখেছে
/kaggle/input/regspeech12/test/test_sylhet_0312.wav,মেন্দি শিনলাম না সাজু গুজু করলাম না কোনো কিছু কিনাবারটা হইল না রাত্রে নাই এখন সকালে বিয়া ইত্যাগিত হাসাও বিয়া পরের দিন বাপিরা উঠিয়া সকালে লাগিয়ে হইছে
/kaggle/input/regspeech12/test/test_sylhet_0317.wav,রাজমহলটা যে রাজমহলের পিছনে আছে বিল্ডিং পাঁচতলা বিল্ডিং ও নিসার হিসেব আসিল পরে বাসা লুসিন করে হুঁশিল যে আমার চায়ের কাপ আসিল চায়ের পাতিল আসিল রামদার যে ছোটখাটো ম্যাটেরিয়াল তাসিল কাল বাসন
/kaggle/input/regspeech12/test/test_sylhet_0619.wav,তার নির্মাণ কল দিছে দেয়া হয়েছে আমার চাচা মারার স্বামী করে বলুন তা আমি চাচা হলে না থাকি চাচি আর কেউ নেওয়ার দিন থাকে হুনি আর ও মারা যাওয়ার পর দিন তারা আবার গেছে রাত্রে আয় রায় একটা সময় আর বলে কোন একটা হাজার মেয়ে নারী ফানি দিলাই তারা বাড়িয়া টু গেছলে নাই তারা বাড়ি ছিড়িয়ে দিয়া লোটালে
/kaggle/input/regspeech12/test/test_narsingdi_0099.wav,বাইরের তো জায়গা সুন্দরের বই লইয়া ভাবা যায় আমাদের ভাইগুলো বিয়ের হয়ে গেছে তুই করাস না গেরু আমি অন্যায় সময় আছে বৎস দেখে আছিস তুই
/kaggle/input/regspeech12/test/test_sylhet_0340.wav,এরা লইয়া এখন রিটেম পরীক্ষা দিতাম ফ্যাটের ভিতরে তাহলে তাই আর এক শান্তি দেখি বাইরে এসে এখন থুই আছে ওহোয়ান বাদে ই প্রথম বিসিএস ওই সিকিটা সকালেও পরীক্ষা বিকাল ও পরীক্ষা সকাল দশটা থেকে একটা আবার দুইটা থেকে পাঁচটা
/kaggle/input/regspeech12/test/test_narail_0051.wav,তোর বাবার তোর কাগারে ডাই ছিলাম তোর বাবা এক শোক সোভা রোহনের জায়গা মা হয়েছিল তোর বাবা জানে যে সব জায়গা ওগে তোর বাবা আইসের লাথিরে ছিল কয়েকটা আমাকে যাওয়ার সময় নাই তারপর যেন কুটুয়াপতি সেই সময় এক দেড়া ছাড়িয়ে পুতেছিলাম অনিবিত করেছিলাম যে তারা যে কোন হাজির নাই
/kaggle/input/regspeech12/test/test_narail_0097.wav,না মেলাপমালে বাজে উদাহরণ তো দেখা গেল তাহলে কোন তরুক অতাকায়
/kaggle/input/regspeech12/test/test_barishal_0059.wav,না আপনি হলেন বোঝেন আমি কিন্তু আমার দেহে নেই রোম বেলেডের দুই দ্বারে দান্না মোড় দুই দিক চলে না মোড় কাটবে ধনীদিন এমন দিন গেছে
/kaggle/input/regspeech12/test/test_barishal_0067.wav,এই একটা সময় মায়ুটি চা বানাইতিছে হেয়ে খাইয়ে ঘুমাইছি আর এই যে এখন লক্ষ্মী আনছি পরে সরসি পাশে থুইয়া পুজো দেওয়া লাগে অগোপায় এখন করে যুগের বৌগ পরে যদি দশটা সময় কই যেন হ্যার্টু চা বানা ভাল লাগে না এখন আর চা গেলে লাগবে না ভাত খাই ঘুমাও
/kaggle/input/regspeech12/test/test_narsingdi_0084.wav,ওমামা এটা এটা খুব খারাপ একটা জিনিস একটা পোস্ট করছিলাম ফেসবুকে যদিও খারাপ লাগে যে মানুষের অন্যান্য দিন নববর্ষ এটা হেডা জেডি হারা মেন্ডি অনেকে ধরে আর কি এডিলেয়া কত প্ল্যান থাকে ঈদলেও এখনো প্ল্যান
/kaggle/input/regspeech12/test/test_habiganj_0085.wav,আমরা দুই বোন তিন ভাই আর একাকীতে হরে ডাউলে হাপারা পোড়ায় পোড়া আমার ভাই টেকনিক্যাল উপরে আমার বোন নাইনো ওকে নেত্রী দেখব না হিবারে টেনা পড়ে
/kaggle/input/regspeech12/test/test_narsingdi_0046.wav,ছাবাইতেছি না আমার কথা তো স্যার ঠিক করা যাবে দে কি রে
/kaggle/input/regspeech12/test/test_barishal_0053.wav,মুখ ও ঘর ও পঁয়ত্রিশ মুখ ঘরে দুইজন পুরুষ যায় এখন মনে এখন আসল কথায় আসি সাড়ে সারিজারটায় কুড়ো কিনছি মাত্র সারি সারি জারটায় মুই তিন দিন খাটছি তিন দিনে মনে করে আমি ছয় বদলার কাম করছি একলা
/kaggle/input/regspeech12/test/test_sylhet_0122.wav,না না দুই হাজার ছেলে আটটা সময় যায় এগারোটা সময়ে ফোটে এগারোটা সময়ে হয়তো বারোটা সময়ে যায় গি খেলা
/kaggle/input/regspeech12/test/test_barishal_0086.wav,তিন মাস একটানা গত বছর হাইকে গান করছি বিশাল বাগান গেছে বার লাখ টাকায় তার মনের কারণ উপরে উঠলে নিচে যে থাকবে ওর পর অনেক কিছু ভালো মন্দ ডিফেন্ড করে ও ও এসে একশো কুয়ালা মাইসের লাইন ও একদিক টাকায় আশেপাশে টাকায় খুব
/kaggle/input/regspeech12/test/test_narsingdi_0126.wav,পরে সরাইয়া গেলে আস্তে আস্তে ভালোই লাগে ওদের কি প্রেগন্যান্স তারা নাই প্রেগন্যান্স তারা থাকবে বলেন স্পেশালিটিতে প্রেগন্যান্সের মশা নাড়াই রাখে এই যাওয়ার মধ্যে অনেক মশা হবে নিকি আরে আসলে যাই মশা গাড়ির ভেতরে কি অনেক কাজে আছে
/kaggle/input/regspeech12/test/test_rangpur_0113.wav,দুই লেক সুমল ধরে যে কফি আর পলি এই দুইটি মেয়ে তার কফি আর কলি পলি পলি পলি না পলি না পলি পলি
/kaggle/input/regspeech12/test/test_barishal_0046.wav,ইসলাম সারিয়ে করবেন আর আমরা মনে করা নেই যে মুহূর্তে আসিক্ষণ করি মরি টু মনসানা দিরিতে মেরুদণ্ড ফাঁক হয়ে যাব প্রত্যেক দিন মরে ওষুধ খাওয়া লাগে ব্যথার ওষুধ গা বাতার খাইয়া খাইয়া এত কষ্ট করে সংসার করিয়া খামুখেন্দামু সক্কর মুখ একটু উন্নিশ বিশৈলে মনে করেন হে সময়ের
/kaggle/input/regspeech12/test/test_narail_0062.wav,এই পুকুরপাড়ের ওই পাড়ের বিটেক আগে ফেল ওদের শুভুকে ফেল ব্যাগ বাগান ভরাচ্ছিল তাই কাটিয়ালায় তোর বাবা মনে কবি লাগাল আলু লাগাল এই পুকুরেরই বাড়ে না ঐ বাড়ে
/kaggle/input/regspeech12/test/test_chittagong_0101.wav,আর ইংলিশে কাটিয়ে গেলাম এগুলো আপনার চাইব প্লাস্টু দূরত্বাক অ্যাও নোয়াইনি অ্যাম এনে সাহেলের বৈতাক্ষী তো আমি আয়ুবাড়ি ভাবিলাম আহা তো আসিয়া যাইতেছি তার মনে হচ্ছে হয়তো ইমিসের মাধ্যমে কোনো ভুল লিয়া দিয়াই
/kaggle/input/regspeech12/test/test_barishal_0056.wav,এরপরও হেতনাগোর একজন আর আবার একটা ঠামা কিনছে এক হাজার টা নিয়ে দিয়েছে অর আর মোর ছয় ডায়ের্ডি হইছে এক হাজার টার কুডে তামার লোশখান আছে এটা তো মুই বুঝি যে গরু পাতলে পারলাম না পারলে বেচ্ছে দিলে মোটা টাকা দিয়ে নিতে হইবে জেনে সংসারী করলে কষ্টকর তৈবি উভয়ের একজন আর বা ধান্ডা দিয়ে তুইলে জীবনে ও সংসারের উন্নতি কি করতে হয়ে লাগবে না
/kaggle/input/regspeech12/test/test_sylhet_0086.wav,আমি বই নেই কলেজের বই আচ্ছা কোন সাবজেক্ট পছন্দ বেশি ইকোনমিক্স কেন পছন্দ আমার ইকোনমিক্স এখানে পছন্দ আমি জানি না
/kaggle/input/regspeech12/test/test_sylhet_0028.wav,সবাই এখন চাঁদা নিয়ে পূজাটা করেন এই আমাদের মন্ত্রণালয় থেকে ধর্ম মন্ত্রণালয়ের থেকে দেওয়া হয় এটা সত্তা মিলাইয়া আছে বড়োই ওদিন সবাই টাকা দেয় মানে পূজাগত অনেক টাকা লাগে তো এই অনেক টাকা এককভাবে তো সবাই টাকা দেয় তাহলে পূজা করে নষ্টমী পূজা
/kaggle/input/regspeech12/test/test_sylhet_0201.wav,ঘুমায় গেলে ঐ সময় যখন পড়তে ভালো লাগত না আমার আম্মার এমনি প্রাতিষ্ঠানিক শিক্ষা না কিন্তু পড়ার পিছনে আতানুর অবদান আছে তাই হইতে অফুত পড়িল আরেকটু পড়িল আরেকটু পড়িল ই স্কুলটা পাস করিলে আর হইতেন না পড়ার কথা
/kaggle/input/regspeech12/test/test_sylhet_0681.wav,কেমন হইবার ইচ্ছা তখন তো আর বয়সও তেমন নাই এখন গৃহস্থ বিক্রেত কয়েকটা হয়েছে তখন অপ্রাপ্ত সংসার হরিয়া পড়ালেহাড়ারা যে তারা নামের প্রতিলিপ্ত হচ্ছে যার আগে ঐ লোক মানুষ সুতাশুন সময়ের পরে সংসার করিয়া ব্যবসা করে এলে এতে সময়ের ব্যবধানি অন্যাসার নাই যার পর পাঁচালে কম ক্ষতির পরোহার বাড়িতে পারে না
/kaggle/input/regspeech12/test/test_habiganj_0045.wav,না গাছ লাগানি আমারও ভালোই লাগে তো গাছ লাগানির লিগে বকা হাইস না কিন্তু আমি কি দেখ নু গাছ তো আমার হাতে হই না কোনো গাছ তুই হয় না গাছ লাগাইলে ঐ ইটা ভালো হইলে হয় না কয়দিন দেহাজা একটু বড়োয় ফরুই আবার তারিয়া জায়গা মারাতে গা সুস হয় না
/kaggle/input/regspeech12/test/test_narail_0026.wav,যে ছেলেমেলার খেলার মাঠ নাই আমার এইটুকুন দান করেছিলাম আর ঐ বেল গাছটা জৈবের দেওগে ভিটিয়ে সব কবি আনে ওই নারকেল গাছটা জৈবিক ওই ভোগ যুক্ত আর এর কু ওর কাঁদা হইতুন তার হয় তো এই মাঠে
/kaggle/input/regspeech12/test/test_barishal_0080.wav,তন্ময় সব জীবন হালদার
/kaggle/input/regspeech12/test/test_sylhet_0512.wav,কিন্তু বাসাটা কিন্তু সুন্দর আছে লাইলাম শান্তি নিরাইশেরে আমি নিরাইশের এই বাসা থাকতে বেদন না মানে শুনলে যে ভব সব প্রতামৌর গ্রাম
/kaggle/input/regspeech12/test/test_sylhet_0063.wav,মাইর বিয়ায়ী গেছে বর্তমানের পর একটা হাতে তিন মাসের বেয়াইছে নাইনা থাক
/kaggle/input/regspeech12/test/test_narail_0042.wav,শুভ্র থেকে বাড়ির বাগানের ভিতরে অনি কোনো জমি ছিল নাই সত্য শুনেছিলাম যে তো এই বিটের সাথে বলো ঐ বড় বড় এক বিটের সাথে তোকে বলে পান একটু থাকে হ্যাঁ অনি বললে তো জায়গা আছে নাকি ওই যে বাগানের ভিতরে ওনি জায়গার কাহিনী জানুকি আমি তো জীবনে জানি জানিও না আমি ব্যাপ দিয়ে রেখে দেখি
/kaggle/input/regspeech12/test/test_tangail_0090.wav,এই ছবির শুরুতে দেখা যায় যে রানী মুখার্জি থাকে সে একটা কাল্পনিক শহরে থাকে সে ঐ যাত্রার এক প্রস্টিটিউট আর কি কিন্তু ওই শহরে একদিন রণবীর কাপুর আসে রণবীর কাপুরায় ঐ সিনেমায় যাওয়ার নাম থাকে রাজ
/kaggle/input/regspeech12/test/test_sylhet_0167.wav,যুদ্ধের পরে কী রকম অবস্থা আছে যে তা মাইর গাড়ি আছে চুম্বনারী ও তার মাঝে কোনো মুহূর্তে কথা লাগে মানে বম মিথ্যা দৈত্য গা
/kaggle/input/regspeech12/test/test_kishoreganj_0198.wav,দেশের কাছে দাঁড়ালে হাঁটিয়ে নিয়েছে হাঁট মামির হাঁটতে মারা শান্তা দিয়ে গিয়ে বসে ওঠে অনেক সংশ্লিষ্ট কবির বলল যেন আমি নিজেই তোমার চোখ দেখি
/kaggle/input/regspeech12/test/test_rangpur_0086.wav,যে এটা যে প্রথম রমজান শুক্রবার মাঝের রমজান আছে না এটা হল শুক্রবার এটা নবী ছেলের নম্বর কয়েক এসে যে প্রথম রমজান শুক্রবার হবে মাঝের রমজানটা শুক্রবার হবে ষোল তারিখেও এনে শুক্রবার এই যে এদের দুর্ভিক্ষ দেখা দিবে দেশে
/kaggle/input/regspeech12/test/test_sylhet_0135.wav,পেরানিতুরানির জেইনে আমরা তো সিলেট কেউ নাই প্রাতিষ্ঠিত জন কেউ নাই ঘরের মাঝেই খাতে এমনি দেখছি দিকেও ঘুরাঘুরি হয় না ওই গেলে দুর্বছরের ঈদের পরে গেলে বাইর যায়
/kaggle/input/regspeech12/test/test_rangpur_0108.wav,ঘাসটা নিয়ে যা দিস নে কয়দিন যে দেখল পাতা ঘুরিল পাতা ঘুরিয়ে তুলিয়ে দিল কী জানত
/kaggle/input/regspeech12/test/test_sylhet_0361.wav,এইটা হল দুনিয়ার একটা বেহেস আর ইনোর মাঝে যদি তুমি হ্যাপিনেসটা রাখতে চাও এখানে টাইম দেওয়া না টিচিং প্রফেশন ছাড়া আর কোনো প্রফেশনে গিয়া তুমি স্বামী সন্তান সংসারও টাইম দিতে পারতে না কাজে ঈদিকেও টাইম দেওয়া এদিকেও
/kaggle/input/regspeech12/test/test_sylhet_0132.wav,পুরান না ফুরান না সুইন না চেখা ঈদও দিব বনি তা হইছে না আগের মায়ের খেলতে টিকও খাইলাম না আগের মায়ের খেলা আবার দিল না দোলনার ফ্রান্ডে থাকতে দিলিয়া একদিন ওনার দিয়া একশো দুই শ্রো
/kaggle/input/regspeech12/test/test_rangpur_0087.wav,কেমন আছিস আল্হাম্বে লিলা ভালো সেথা জানা গল্প কিছু করি মোবাইলে রেকর্ড করিন সমস্যা হইবে একটা করিমের কি গল্প কিছু পূর্ণ আলাপ আলোচনা কর্ম হইবে
/kaggle/input/regspeech12/test/test_rangpur_0063.wav,সাধে কম আল্লাহর কাছে আরও জানা করা যায় কেমন আল্লাহ যেন ঈমান আমারে যেন মৃত্যু করায় এইটি আল্লাহর কাছে বিশ্বাস
/kaggle/input/regspeech12/test/test_sylhet_0226.wav,পড়ার একটা টেনশন হবা নাই মানে আম্মা লগে নাই ভাই বোন লগে নাই সেও নাই নতুন এক জায়গা সব মিলাইয়া মনে মনে কান্দি আরিবায় পড়ি আমার তো পড়া রেজাল্টও ভালো করা লাগবে
/kaggle/input/regspeech12/test/test_sylhet_0714.wav,নিয়ে তাকার ছবি দেখে মন বিদাবালা আছে গ্যাস্টের দেওয়া আছে রিনাকিতা গ্যাস আছে এখন গ্যাস আছে না একটা আমারও পুরো বিরাধী সিরিজ মেয়ের ঘটনা পেলেটা দিছেও শ্রীমঙ্গল
/kaggle/input/regspeech12/test/test_habiganj_0038.wav,আমার এক বই নিয়ে আসিল আমার বইয়ের কী করত যে একান্ন গত পরিবারের দিকে ভালো করে রান্না করত পাঁচটার দিকে পরে সবাই প্রশংসা করত পরে দেখা যায়নি যেন ওগোল জামেলায়া পেড়ে এরপরে গীতা করছে একদিন তর্কারে এরপর থেকে তরকারিতে বিশেষে ঝুল দিয়া যাত যাতে বিশেষ মজা না লাগে
/kaggle/input/regspeech12/test/test_sylhet_0428.wav,ফোরে একজন বাড়ির মানে সিনিয়র ম্যাডাম বাড়ি হয়েছেন ভেসের ভারী মানুষকে চিন্তা করবে না ম্যাডাম আমি রিয়েলি অপারেশন করা শুরু করেছি দোয়া করো সবে আল্লাহর ফলে তো আর ডিসেন্ট এখন অপারেশন হয়েছে রায় দিন মে একাডা করা হয়েছেন রায় দশ হাসান দিচ্ছে বিলামিনুল এখন তো বড় অপারেশন হয়েছে
/kaggle/input/regspeech12/test/test_sandwip_0041.wav,আয় কাল গেল তোমাকে বাইরে নাইছি আর যে হলে ভাবলে জেনেও
/kaggle/input/regspeech12/test/test_sylhet_0566.wav,থিওরিও করা আমি না তো আছি থিওরিই বেশি থিওরি দিয়া দেই থিওরিও কিন্তু সল্ট করান অ্যাপ্লাই করা না যায় শুধু ওই রাতের আঁকাগুড়াই তো মেধার থার্ডিয়ার তো কোনো নন ম্যাচের সাধ্যিক নাই
/kaggle/input/regspeech12/test/test_rangpur_0045.wav,কিছু সোগাতুলি এক জন্য করবেন যে দশ জঙ্গল দেবের পায় বাড়ি
/kaggle/input/regspeech12/test/test_sylhet_0579.wav,কয়েক মাস তো ফোনই আছে না প্রথম স্যার এবং আমরা তোমাদের বেশি স্থিত হয়ে মানে ক্রায়াডিটা হয় পরের একটা আবার কই না বাটন স্যার মানে পনেকের বিরক্তায় লেখা হয়
/kaggle/input/regspeech12/test/test_rangpur_0032.wav,ওই অভিযান এদিকে কারো সুন্ডার পায় না কেমন করিয়া ওমরা গোস্ত আর আটা এক্ষাই করে যাহার ভাগ্য দুঃখেনু যায় একানু যায় হাড্ডি যারা গিয়া প্রশংসায় আনতেনি
/kaggle/input/regspeech12/test/test_sylhet_0458.wav,মন হচ্ছে নেই কী বলো বাবা না আমারও এখন মন বোলো তাই না জোনা আমার ছোট ও মেহের তাই মার ছোট এরপরে আরও পাঁচজন পান
/kaggle/input/regspeech12/test/test_rangpur_0106.wav,তাহলে খাজাও তো আইসে আমার ডাকামা খাজায় খালি ওই বক্কোরবাজার সবাই এসে
/kaggle/input/regspeech12/test/test_narail_0070.wav,আরে ওই বা ঠাওরির যে জমি ও জমিও ঠাওরির মেলা জমি এ ট্যাহরি ও জমি তো ঠাওর খেয়ে যেতে পারবে না
/kaggle/input/regspeech12/test/test_kishoreganj_0114.wav,আবার যে পতঙ্গ প্রয়োগের পানি দিল ফাঁকির এক এলাকা ঈগল ফাঁকির এক এলাকা ইগল কীটপতঙ্গ এক এলাকা ফাঁকি কীটপতঙ্গ এক এলাকা খোরগুজ থেকে একাকালা বাঘে খোরগুজ শেখে একাকালা ছোট চক্রের বাঘে আর সাহায্যে একাকালা ঈগল সাহায্য থেকে একাকালা
/kaggle/input/regspeech12/test/test_narail_0081.wav,ওই সুনাশিয়া শুনা না
/kaggle/input/regspeech12/test/test_sylhet_0078.wav,তুমি কি তো জানো কোথায় পুলিশ স্কুলের স্বার্থে গেলে ছোটকাল থেকে আমার ফুলিশটা দেখলাম আজকেই ভালো লাগে তাই হইতে পারব আসলে দেখতে অলাই লাগে না যে একটা ভাব আছে ডিফেন্সের
/kaggle/input/regspeech12/test/test_sylhet_0388.wav,ইন্দ্রিয়ে গিয়ে আনন্দে সুজা গিয়ে তার প্রেমাণী হয়ে গিয়ে যুক্ত বাবা সুজার ঘর একা নয় গোহায় এলিবার চিপ বলি আমার ক্ষেত্র করলাম না আর কৃতজ্ঞের কবিতা ফেলোনি
/kaggle/input/regspeech12/test/test_sylhet_0310.wav,এত কোনো প্রিপারেশন লাগত না বিয়া আমরা ও ট্রপ ব্যবস্থা আমরা করব আপনার টেনশনে আপনারা খালি যাইবা বিয়া খাইবা আর কাবিনৈ যিব ও বিয়া
/kaggle/input/regspeech12/test/test_sylhet_0585.wav,এছাড়া রারা আমি দেখছি যারা নাইন্টাইন পর্যন্ত একটু বেশি গাফেল থাকে বা এগুলা মানে পড়ালেহা দূর দূর থাকে এরা যে সময় একটা টাইমেডিয়া একটা ধাক্কা খায় বা বুঝে এরা চিকিৎসায় ঘটতে পারে
/kaggle/input/regspeech12/test/test_sylhet_0401.wav,হ্যাচ্টার বেগুন সাহেব গোসলে মারা গেছে তখন আমি একটা টিকটা খাব কীভাবে মারা গেছে তোরা মানে তারা সুস্থ থাকে এই বাকিটা কী করবে না বাবা কী করবে না গিন্নি
/kaggle/input/regspeech12/test/test_sylhet_0209.wav,অ্যাসিসি ফাঁস করে দিলে শেষ পড়াশোনা আর কী লাইফ টাকত না আর একটা নতুন লাইফ শুরু হইব দুই হাজারের আগের হোতা হইলাম আমি তখন দুই হাজার সালে ক্লাস নাইয়ো করি
/kaggle/input/regspeech12/test/test_narsingdi_0071.wav,মানে বার্সিটিক গিয়ে টুইটারের ধরনা মোবাইল ব্যাট করো এরাও যাও এরা যাও তখন মানে লাইক সিরিয়াসলি মোবাইল ব্যাট করলে যদি অটিসি গায় স্কুল কলেজ লাগবে এবং আসিল আল্লাহ তার ল্যাফারা কেমন চলে রে
/kaggle/input/regspeech12/test/test_sylhet_0228.wav,বড়ঘরের বাদে একজনে চিকাকিতা বা রাস্তায় ঘুরে বড় ঘরেরাই দেখি তোমরা এখনো প্ল্যান আছেনি হয় হয় বা দ্বৈন বিয়াদিমু গেইটুট বান্দা লাগব রাস্তা পড়ো না হইলে গেটবান মুখিলা অবায় জামাই হইব গাধি হইব তাইব তাইব তার মানে আমি দড়ি লিখি যে তারা দিলাইবো আমার ভিয়া অলরেডি
/kaggle/input/regspeech12/test/test_chittagong_0125.wav,অ্যান্ডো গো ফ্যামিলি ফর্গি তিনজন মা মেয়ে প্রবাহ চিন্ন জনে মিলিয়ে রান্ডার ফুফিয়ে অধ্যাচার জন্য নেয় হতাহতে হতা ধিঙ্গে গোপুর আছে হঠাৎ খুব বিটেক লম্বা করে
/kaggle/input/regspeech12/test/test_sylhet_0730.wav,গাটি নান বাবে তুমি যে কোনো জিনিস খাইতে পারবে
/kaggle/input/regspeech12/test/test_narail_0024.wav,তামুলিয়াইছে তামুলির মা তামুলির বাবা ওই তপন একটা বিষ খাইয়েতে মরিচে কুন্ডা
/kaggle/input/regspeech12/test/test_chittagong_0074.wav,ইয়ান তো লেগু কিন্তু সবাই তোমার ব্যবসায়ীত্বে কেন বেছে নেওয়া যাবে না হ্যাঁ কে নেবে আর আর দুনোজন নাইনি আর আর দুনোজন বিয়ে যাচ্ছে মধ্যে কোথায় যাই হ্যাঁ আরা বলে হতাশ হয় সাইয়ু মায়াকে
/kaggle/input/regspeech12/test/test_tangail_0055.wav,মানে আমার মনে হয় যে আমার জীবনটাই একটা বিদায় দেওয়ার একটা
/kaggle/input/regspeech12/test/test_sylhet_0674.wav,পাগলের কথা না
/kaggle/input/regspeech12/test/test_sylhet_0609.wav,এর পরে দেখি দেখি দেখি দেখিছে গীতা গীতা একটু কহিলাম এখন কহিল যে গীতা করিয়া গেছি স্যার লোগে গীতা বলেন ঝামেলা হইয়া কোথায় গেছে না আমি বালা দেব জিয়ারুল তাদার কৈব মনে আছে সব কিন্তু দক্ষতা হচ্ছে আজ রিসির লোকাতা
/kaggle/input/regspeech12/test/test_sandwip_0053.wav,আচ্ছা আবারে গিলে বুড়ি আঙুল দিয়ে যাইতে রইলেও বলেও আগের কোদাল কোদাল অভিজ্ঞ কিছু বলে ভাব
/kaggle/input/regspeech12/test/test_sandwip_0119.wav,আজ কপালে একাকারে তাই লিয়া বুল্লাকেও সুন্দর আপনার বুলায়েন্দ্র লাখেও সুন্দর হইবে হলেন তাই দেখি নাও
/kaggle/input/regspeech12/test/test_sylhet_0449.wav,দেখে তো বাজারও দূরের জায়গার বাজার তো নয় না ও তো জেলায় গিরিকশা লইয়া হাঁটি হাঁটি লেগে আটা হইল বাজারাঠারীও হয় আর বেশির ভাগ আমি বাজার থাকতে চাই
/kaggle/input/regspeech12/test/test_tangail_0111.wav,তা আমার যেটা মনে হইতেছে যে এটা একটা চক্র ঘুরে বুঝতে পারছিস না আমি আবার আরেকটা কথা শুনলাম ঐখানে নাকি ওরা বিল্ডিং করতে চাইছিল বঙ্গবাজার সরায়া হ্যাঁ এটা সে সিটি করপোরেশনের কিছু একটা বলছিল তো এটা হলো ওরা বিল্ডিং করে বড় মার্কেট বানাইতে চাইছিল কিন্তু এতে ব্যবসায়ীদের অনেক সমস্যা হইত
/kaggle/input/regspeech12/test/test_sylhet_0267.wav,এটা দুই হাজার চারের শেষ পাঁচের শুরু হল অবস্থা দৃষ্টির দিন আমার ভাই ফোন দিচ্ছেন দোকান থেকে আমরা বাড়িতে খবর গেছে যে ওলা আমারে লইয়া যাইতাম কিন্তু সে যে আমারে লইয়া হইত বারার দেখা নাই সে আইটোলগে ইতা করতে করতে আমার প্রথম ক্লাসের দিন আমি আইসিন আমি এই দিন সারা দিন খানছি
/kaggle/input/regspeech12/test/test_narsingdi_0127.wav,প্রাইভেট করার অভাবে শান্তি পাওয়া যায় না যে মশা প্রাইভেট করা করে তারা মশা লইয়াছ হ্যাঁ মশা আছে বারো এক আইলা জাদু করিয়া পড়লাম জাগালা চিনেছি না কেন মশায়ও ইহাতে গাড়িতে ট্যুর দেয় বুঝলে বড়ো লোকে মশা
/kaggle/input/regspeech12/test/test_sylhet_0694.wav,দাদু মানুষ আসতে পারবে না তাই নিজেকে আমি একটু টাইম দিতে পারব না দাদু তো ভালো মাত্রই
/kaggle/input/regspeech12/test/test_sylhet_0229.wav,আরও প্রস্তাব বাদে বক্কা শিক্ষিত ফ্যামিলি থেকেও আর পড়াইব নিয়া বিয়াউই গেল পড়া বন্ধ হইত না মেয়ে পড়তে চাইলে পড়াইব তারা
/kaggle/input/regspeech12/test/test_sylhet_0630.wav,যে পিকনিকার পর দিন আগে আমি তখন আর পিকনিকা দেখা হইব আমি তাই দিতাম সংগত পিকনিকা বাড়ি এসেছি কোন এই দেশে আর আর আরও সুন্দর হয়েছে
/kaggle/input/regspeech12/test/test_kishoreganj_0089.wav,স্যাম কি কো হ্যাঁ স্বাস্থ্যই নেন কে সবকিছু মানজিবি নেন রব পাকিস্তান
/kaggle/input/regspeech12/test/test_sandwip_0021.wav,নাতি মেরে দিয়েছি দেখে না আসলে ডেমাই তুমি ঘুম হবে এলে মনে ঠাওয়ার হয়নি হুদু জলাচ্ছে যা উড়ি যায় আমি এক হাজার জন্যেই সেতংকানুক্ত ভূমিভাবে যেন ক্লাস হয়েছে
/kaggle/input/regspeech12/test/test_sylhet_0060.wav,এখন তো আমরা দেব না
/kaggle/input/regspeech12/test/test_sylhet_0141.wav,খাড়াইয়ে মাছ পাই
/kaggle/input/regspeech12/test/test_narsingdi_0120.wav,না রেগে গান হয়েছে কেন চিলে চিলে চিলে তোর জীবাতিতে ডেস্কা লাল রেশিসবা কফি যা খাওয়ায় হয় মিষ্টি কফি লেগে ফিরে আসে এরা আমার দোষ নয় লাখ কফির দরেজ দেবে যেমন নামে তা পছন্দ হচ্ছে
/kaggle/input/regspeech12/test/test_kishoreganj_0049.wav,মুঠোর আমি সাজি দাম বেগান নামে সাজে দাম একটা
/kaggle/input/regspeech12/test/test_habiganj_0084.wav,অ্যালেক্স চাচার লীগের তিন মেয়ে তুতানেরা একটি নোয়াপুরী বিয়ে হয়ে গেছিল আর তিনবাই একজনে পড়ালে আবরণ আর দুইজনের ছাত্র আর একজনের ব্যবসার হল
/kaggle/input/regspeech12/test/test_narsingdi_0056.wav,হুম টেনিস প্লেয়ারগে মতো মারতাম না টেনিস না গেলে ব্যাডমিন্টনের প্রাইস লেজেসেরি হ্যাঁ হুম ব্যাডমিন্টন খেলে দুটি চার পর্যন্ত কাপাইল আছে
/kaggle/input/regspeech12/test/test_sylhet_0353.wav,সে তোমারে আমরা পাঠাইব তো ওই সময় একটা প্রমোশন হইছে ম্যাডামরার সিডিওর ম্যাডাম একজন প্রমোশন হইছে এমসি বলে যে পোস্ট ফাঁকা হইছে সেমনে সেমনে ওদিনও আমি গেছি আবার দিদি যাওয়ার লগালগী দিকে ম্যাডামের প্রমোশন আছে এই দিকে আমার পশ্চিম হয়ে গেছে আমার কোনো ফরসা দিয়েও লাগছে না কোনো টাকা পয়সা লাগছে না মানে
/kaggle/input/regspeech12/test/test_narsingdi_0024.wav,তাহলে অন্য আরেকজনের ডানবে এমনিতে চলবে একটা ভালো টিম বানাইতে হইলে তো সবাইরে যাচাই বাছাই করে দেখা লাগে কে কেমন পুঞ্জাবে ভালো খেলতেছে আর সবচেয়ে বড় সমস্যা হল আমার দেশের সিলেক্টরগুলো ওরা যদি ভালো প্লেয়ার দেয়
/kaggle/input/regspeech12/test/test_sylhet_0530.wav,ড্রিমল্যান্ডার যে স্কাই ট্রেন আছেন তুমি অ্যাডভেঞ্চার ওয়ার্ল্ডের ও তার লাহাম স্ক্রিন লাগে অতটা ওহিলা বুঝায় আর হঠাৎ নিচে দিন আমরা শুভাব্য যাতায় আর গুড়ায় যাতায় শুভাবে
/kaggle/input/regspeech12/test/test_narsingdi_0098.wav,কুপি যে দেয় খাবারগুলি অ্যাকশন মজার কুপির থানায় লেগে গেল এবার এই বাড়িতে আসতে পারে প্রত্যেক বছর দেয় নারী না দিছে দেখ বাগে ভাই
/kaggle/input/regspeech12/test/test_tangail_0108.wav,হ্যাঁ একদম খালি ঐখানে কী জানি সকালে হচ্ছে সকালের দিকে ছয়টার দিকে আগুন লাগছে ঐখানে তো এটা ভাগ্য ভালো যে হচ্ছে মানুষ কোনো মানুষ মারা যায়নি আমি শুনছি একটা ছেলে হইল দোকানে নাকি কাজ করত কর্মচারী ছিল
/kaggle/input/regspeech12/test/test_sylhet_0552.wav,কে তো হয় কি রং লাগছে যে কয়দিন ফরাইস স্প্রাইজার্স পরিবেশে বলা প্লাস টাইমও যাইত ভালো
/kaggle/input/regspeech12/test/test_sylhet_0554.wav,ক্রীতদের নৌতাসীদ আর কে হয়ে দিন খালি এখন রিডিং প্যাসেজার বাংলা আর কেউ মিনিমাল বুঝাইয়া দেওয়া তার ক্লাসও যা হয়ে দিন
/kaggle/input/regspeech12/test/test_habiganj_0029.wav,আমরা দুধ জ্বালাইয়া পবিত্রতা লইয়া বুক জ্বালাই চালাইয়া আমরা পূজা করি
/kaggle/input/regspeech12/test/test_sylhet_0709.wav,দাদু বুইতানা নিতে আমরা বুঝে কী লাগল মেয়ের কাজ আছে মনে হয় কাজ আছে একটু খাইয়ে গেছেনের থাকলে আছে না কাজ আছে আচ্ছা দূরে সেখানে নেই রান্না বান্না কিন্তু আমরা একটু সময় দিলেই বাড়ির পর আপনার পরিচ্ছা আমার তিনজন এক মেয়ে আরো দুই ছেলে
/kaggle/input/regspeech12/test/test_sylhet_0315.wav,তো সাজাইয়া বিয়া এর পরের দিন আইসি হোস্টেলা হওয়ার পরে এটা নভেম্বর মাস আছি
/kaggle/input/regspeech12/test/test_sylhet_0057.wav,এটা না খৈতে চাইলে মানে এটা ছাড়া বিষয়টা ছাড়া খৈতে পারবেন বড় বই নেম পাচ্ছি রান্না ফার্সন রান্না লাগে বাবার অনেক তাই হাদীসের মাস শুনে বাবার কাছে রান্না শুনছে অনেক সময় এসে বাদ রান্না করতে পারছ না বাদ একবারে নরম গৃহ
/kaggle/input/regspeech12/test/test_sylhet_0111.wav,আম বাপ দাদির ঘরে আসলে আসল তো ভাইস্লাম নেতার আগে দাদির আম বাপ শ্রুতিককেও মারা গেছে আমার দাদি দাদা বাপ শুরু থাকতেই মারা গেছে তাই আপনারা পৈতৃক ভাবিবেন কথা আমার বাসেটে ভালো চেয়ে মানছে
/kaggle/input/regspeech12/test/test_sylhet_0152.wav,তোমার বিয়ারকে হেডিফোন নামে আমি তোমার বিয়াকে
/kaggle/input/regspeech12/test/test_rangpur_0077.wav,টেপনাগে দেয় পেশের রস করে রস করি পড়িয়া ইয়াহুলি
/kaggle/input/regspeech12/test/test_narail_0174.wav,প্রতিদিন বলে তোর অদূরে থাকতে হয় বইমৈলা গাইছে আগে বুঝতে পারি না জানা যায় দাদায় যায় অবস্থা
/kaggle/input/regspeech12/test/test_sylhet_0532.wav,দেড় বছরের শেষ হইতে উর্বের ফার্স্ট সিয়ার্সে গিয়ে নেওয়ার এক্সেম্যালি বলে তারা এলাম তেগে নেওয়ার সার্জে স্থিতা হলো ফেস ফেস মিউজি মিউজি ম্যান মানে হয়ে যায় টেমস ট্রাইবেল অ্যাডার মিউজি গান প্রবাসী
/kaggle/input/regspeech12/test/test_narail_0005.wav,উনি করতেছেন পুলিশের জমি কি ঐভাবে পুলিশ সাহেব খেয়েছেন যে তার মুখে প্রতিযোগ থেকে এতক্ষণ চিনে নিতে পারো দায়ী হয় না তো জানি নাকি তবে ঘরের খবর পাকিয়ে দিতাম দুইটায়
/kaggle/input/regspeech12/test/test_sandwip_0001.wav,বাছাই বাছি গেছেন আয় বৌ বাইরে বসু আমার সাহেব ভূমিকা জানায় গুছ স্ব স্বাস্থ্য সাথে জানায় দিও আইডিয়া দুর্গ
/kaggle/input/regspeech12/test/test_kishoreganj_0175.wav,রেডে তোলা রেডে তোলা ফাঁকুনি দিয়ে ফাঁকুনি দিয়ে সেকে পানি প্রস্তাব করা হলেও ফাঁকুনি দিয়ে পানি পোতা করা হয়েছে পরিণাম কি
/kaggle/input/regspeech12/test/test_narail_0089.wav,না আমি একটা কথা বলি জন্জল এবার তোরে বলেন বোলক কান্তা করেছে সেটা আমি মানলাম তুই যে কান্তার একটাবার বলতে পারিস না যে আমার সাথে তোর কী সম্পর্ক সেটা তুই তো কান্তাকে বুঝাতে পারিস
/kaggle/input/regspeech12/test/test_sylhet_0275.wav,তাই না মানে হইলে প্রাইভেট করাই তাই আমি হইলাম কোন জায়গাত তাই জায়গার কথা হইলে পরে আমি কহিলাম দরাই আমি ফারমুলি বাই তাই নিজে আমারে নেয়া টিউশনির বাসাত পরিচয় করাইয়া দিয়া টিউশনি দিচ্ছেন প্রথম টিউশনি শুরু করছি টিউশনি দেড় হাজার টাকা দিত
/kaggle/input/regspeech12/test/test_narail_0027.wav,ওই মাঠ ওর বাবা নিয়ে আর অন্যিতা মেলাকারের জাগায় ওর বাবার কাঠের টাকা দিয়ে কিনে প্রায়োনি স্কুল কর বাবা দান করে দিতে তাই তো আমি চাচ্ছি নে তাহলে আমার কাঠের ভাষাতে আমি কি নিয়ে তোমাকে দিচ্ছি
/kaggle/input/regspeech12/test/test_sylhet_0434.wav,রাহ ভাইয়া তোমার সাহস নিয়েছে সাহসেও তোমার মনে খুশি হয়ে গেছে মনে হয়েছে আমি মনে হয়ে কী করুম মনে মনে ভাবছি মনে হয়ে খালি কোন পুরাবালা খেলছে মানে কোথায় বার্তায় কী রকম খুশি এই তোমার ভিতরে আমার বুঝতে পারে এখন না পরে তোয়ার কিতে হইল ইকেটাটার গোয়ায় নায়না আমার যে সমস্যার ব্যাপা
/kaggle/input/regspeech12/test/test_sandwip_0011.wav,সারিয়ানা সোনালা রিলার দরকার ইন্ডিয়ান্ড বাইয়ে বর্তা কয়েকদিন এক শুল্ক বিদিয়া একদম ভিড়া ধ্বনি করিনি এই ধারণা আনা কী অবস্থা
/kaggle/input/regspeech12/test/test_sylhet_0323.wav,মাঝামাঝি টাইমে তোমার এমপিও হওয়ার পরে তখন কলেজ নিয়ে ব্যস্ত ছাত্র করান মোটামুটি ভালোই কাম করেন সারাদিন ব্যস্ত কিন্তু আমি আমার পা দেখাইলাম তুমি এটা কি তার চাকরি করো আর এই সারাদিন ছাত্র দিয়া পড়াও তুমি তো আমার লাগে ইচ্ছা করলে পড়তাই পারো চাকরি ভাল চাকরির লাগে পড়তাই পারো এটা একটু গুটাইয়া তুমি আমার লাগে পরাত লাগে
/kaggle/input/regspeech12/test/test_narail_0137.wav,আইডিস্ট কর্বভাগে যা আইডিডিস্টের পয়েন্ট ভালো হয় তালি ভালো কোনো দেশের প্রজাতির ভাই ওই উত্তম জামাইবাবুও বলেছে তো দাদারে কোন একটা দেশে পাঠাই দেবে সেটা বলছে উত্তম জামাইবাবুর ভাইয়েরা আর তো দাদারে দুইজনে পাঠাই দেবে
/kaggle/input/regspeech12/test/test_rangpur_0090.wav,মাস মাস আলাদা ভালোই হেরেছে কী মাস ভিখানু কী মাস
/kaggle/input/regspeech12/test/test_sylhet_0412.wav,যে সব বই নিয়ে থাকার জায়গাতেও লয়েছিলাম হুকুমেজ হয়েছিল সব এখনো গেছিলাম দাওয়াত দিয়ে নিসিলা বাড়ি তাইরে লইয়াইছি অন্তত তাইরে নিয়েও দিল আমি শেষ আমার এই আল্লাহ বলা লাগে না উমাইকে কষ্ট করে থাকিয়াছে আমার নিজের ভাষা থেকে আইলাম পৈতৃকে আমারও তাহা নিয়ে সমস্যা করে
/kaggle/input/regspeech12/test/test_comilla_0006.wav,রিয়ার্সাল থাকে ষোল ডিসেম্বরে যে অনুষ্ঠান হবে ঐখানে যে পারফরম্যান্স করবে ওগুলোর ওপরে ওদের রিয়ার্সাল থাকে ঐখানে আবার দশ পনের মিনিটের মতো রিয়ার্সাল করে নাচেন স্কুলের ভিতরেই আলাদা একটা রোম আছে ওই রুমে করে তাই রুমি প্রথমে রুম থেকে বের হয়ে আবার ওদের স্কুলের মাঠের মধ্যে একটা দোলনা আছে
/kaggle/input/regspeech12/test/test_sylhet_0752.wav, আমরা যাই বুক লিয়া যাই সাগু বলা দিয়া নুর দিয়া দিয়াই তাই যদি আমরা নরকা সো যদি আমরা লাঙালুক দিতাম যাতে এটা মনে হল আজ এত যেতে পারে চেয়ারম্যান মেম্বার আছে না না কোনো সেটি হাউসাদের নানিতে তো ফার্স্ট লাভ সোয়েল আপ লাইক বিভব জাইক বুড়ো
/kaggle/input/regspeech12/test/test_narail_0082.wav,নীরজা বাড়িতে এসেছি হ্যাঁ হ্যাঁ খবর কি তোমার তাই তো আমার খবর ওই বাবুটি ডাক্তার দেখাতে গিয়ে আমি আর ডাক্তার একটা দেখাতে পারতেছি না মানে দেখাইছি ওষুধ নিয়ে আইসিস
/kaggle/input/regspeech12/test/test_narsingdi_0096.wav,বাচ্চা করেছে তার এডিসির শিয়া একটা গানেরিয়া ইউটিউব চ্যানেলটা অংলো সিয়ার্জে তাসনিম ভেবে পেতেছিল কে বলে কোকোমেলন দেহে মাঝে মধ্যে ভালোই লাগে আপনার মন থেকে এখনো দুগ্ধ পোষ্য শিশু
/kaggle/input/regspeech12/test/test_narsingdi_0062.wav,আমি সাতাশ সাইকেল পাঠাচ্ছি আমি অল রাউন্ডার তেলি আমি সবই পাঠি ফারুস বালা ফারুস না আমি জেনিফারি এখানে চমৎকারভাবে খাই
/kaggle/input/regspeech12/test/test_sylhet_0658.wav,আগের আমল আর এখন আমলের মধ্যে পার্থক্য পয়েন কিছু আপনার খিলান লাগে পার্থক্য পয়েন মানে কিছু পরিবর্তন স্যোকো দেখুন
/kaggle/input/regspeech12/test/test_sylhet_0684.wav,তোমার স্থানীয় দৃষ্টি আমি একটা কথা তার মনে নাই বাফর বাড়ি জাইন্টাইন্নি মানে কোন কোন সময় যায়নি তাই স্কুল বন্ধ হলে গত কোনা দে ডিসেম্বরে গিয়াছিলাম তারা যে প্রকাশ্যে এসেছে অন্ধা পূজা এখন ফিরিয়াছে কিন্তু প্রাচ্যেন্দ্র লাগে যেদিন বন্ধ ও গুলশানা বাকের বাড়ি আছে
/kaggle/input/regspeech12/test/test_noakhali_0016.wav,রুমা তিনশ টাকা আছে গেনে আরও একশো বিশ টাকা হাইব এইখানেই তো দুয়ারের মালিকে এগিয়েছে
/kaggle/input/regspeech12/test/test_narail_0147.wav,আগে জানি কর্তৃপক্ষ নয় কর্তৃপক্ষ এখন জানিটা নেই সব করতে ভাবতে চলেছে স্যার মনে বোঝা যাচ্ছে ডাক্তার দেখানোর পরে একটি মনে হয় একটি ইম্পুরেন্টমেন্ট হয়েছে
/kaggle/input/regspeech12/test/test_habiganj_0068.wav,চাঁদে হাসি আসিয়া তারপর মোহাম্মদ স্পিডিয়াল আসিয়া তারপর ফাইয়াদ আসিয়া প্রায় সাত আটটা হইব সূর্যের হাসি আসে তারপর ওই আরেকটা চেক পিতা ভদ্রন্যাস আসছে
/kaggle/input/regspeech12/test/test_sylhet_0145.wav,অন্যায্য বন্যা আছে
/kaggle/input/regspeech12/test/test_sylhet_0526.wav,প্লেনের ভিতরে আছে তখন অন্য কোনটি আম্মার হোসেন না জো এয়ারপোর্টের ভিতরে গিয়া চিকিৎসা বোর্ডিং পাস নেওয়ার পরে আরও হতে সময় ওয়েট করা লাগে অনেক জাফর বাহানুর আরও বালা আছে সুন্দর তাহলে আচ্ছা ঠিক আছে এমন আর কি লাইন
/kaggle/input/regspeech12/test/test_chittagong_0020.wav,চৈত্রিত পলাহ কেন চলে হাত আলাহ নহুন সারেকুল যোকুল হলে কিছুই নাই এই যার পয়েন্ট হওয়া মেসি তো অনুমিকে নামটা নয় টেনশন আছি সরি হত না আর এক কেজরি
/kaggle/input/regspeech12/test/test_sylhet_0264.wav,আর আপাতত ই বুথ যেন আমার দাদুরে তার পরে তো বার্ষিকী পরীক্ষা দিলাম এডমিশন টেস্ট দিয়া টিকিয়া ভালোও প্রথম দিকেও রইসি মেরিক্লিস্ট তাহায় তখন
/kaggle/input/regspeech12/test/test_sylhet_0377.wav,আমার দেবর দুইটা হেল্প করছে আমারে হেল্প করছে বলতে বাচ্চাগুলো যখন ছুটো আছে ইটা তোমার লগে আছে আমি কাজের মানুষ রাখলেও মানসিকভাবে শান্তি চাচ্ছা চীনা বাসাতে তার শাশারা আশ্রিয় আছে
/kaggle/input/regspeech12/test/test_kishoreganj_0066.wav,ফোকে সাউটের নেকে বাড়িয়া
/kaggle/input/regspeech12/test/test_tangail_0101.wav,খুব পুরা ইমোশনাল করে দিব সিউড লাইন হয়েছে মানে হিন্দিতে হেতেহে মিল যায়ে তুমি হেতুমারই মোহাব্বত তো মানল ক্ষুধা তুম্পার মেহেরবান হবে অরাগার না মিলে তো জানল কি ক্ষুধা তুমসে এক জান হবে
/kaggle/input/regspeech12/test/test_narail_0067.wav,সরকারি থাকে কিন্তু তাই অবিরতি হওয়ার কিছুই যুব দেয় না কিছু আজ নাকি নিজের রোগের চাল গাছ নাকি ঈদার কোন চালুর কাটা টাকা দেখে না কিন্তু কার্ড থেকে বেশ কিছুটা প্রয়োজন আছে এই ধরে যার জন্য কোন লাইভ করুন কিছু কিছু দিয়ে পেয়ে পেলাম
/kaggle/input/regspeech12/test/test_narail_0173.wav,না ভাবতে দিতে ফিরে আসতে না ভাবতে দিতে প্রতিবার জেলায় পড়ছে রোডের কাজ যে কী জানা রোড দরি সারাদিন কাজ করছে যান ছায়ে সারা হলে ওদের যে কী গরম রাত্রিতে আছে মোদি ছায়ে
/kaggle/input/regspeech12/test/test_rangpur_0015.wav,তাকে কর্ন গো না করলে তো না শুনলে তো মনটা খারাপ হয়া যায় গো কের বা তুই এখানে দানকি ধরিয়াছিস কি জন্যে
/kaggle/input/regspeech12/test/test_kishoreganj_0190.wav,বোতানের বোতানের বোতানের বোতানের ব্রত বানির ব্রত
/kaggle/input/regspeech12/test/test_noakhali_0003.wav,পরে দিদি বিভিন্ন লেনে নিলে তোমাকে
/kaggle/input/regspeech12/test/test_chittagong_0139.wav,ব্যাপদ্মারা এত বছর বিয়ে দেয় যখন তাহারা হালি ইত্যি নিজ নজর দূরে ক্যাঙ্গুলি ফেটাইতে মারি হালিদার লেবুলি সুমন ভাইয়ের মতো কল দিয়ে হবে সুমন ভাইয়ে আছেন অন্যাসের চাইতে মনে হয় যে না তবে হয়তো চুতুন্দরে যাইতে মনে হয় তাহলে তুই যাস না কেউ নেই বিদারের লেবুলি আঁকা অর্ণ করিয়ে তারার মধ্যে হতা হইল
/kaggle/input/regspeech12/test/test_narsingdi_0079.wav,আইশলা বারেকের করোনা পিএসসি মোলামাইরা দিস শোন আমার একটা পিএসসির পরীক্ষার জন্য আমার অনেক টাকা সালামিনেছে কিন্তু লাস্টে আমি ফাইসি কি জানাস দুশো টাকা দামের একটা ব্যাডমিন্টন মারা গুয়েছিলাম মা আমার এই টাকাতে একটা ব্যাডমিন্টন কিনে দিলাম
/kaggle/input/regspeech12/test/test_kishoreganj_0043.wav,আমরা অনেক দূরে আসতে পেরেছি ল্যান্টি মাঠে নামিয়ে দিয়ে আমরা ডান করে থাকব পাঁচশ টাকা কামলায় বেশি পলাত্ত ছবি তোলার লাগ গিয়া
/kaggle/input/regspeech12/test/test_sylhet_0492.wav,ারাত আলী করে অপারেশন করবেন মনে করো অনেক লেটুসের প্রেসোর্টারে নারী ফান্ডু জবাব রাখছেন ম্যাডামে রুজা রাখিয়া আজান ফোর্সে একদিকে কিন্তু ইফতার করছেন না একটু পানি ভাইয়া কিন্তু কী করে দিয়া মারোয়ারদের অপারেশনা করার কিন্তু আমার ভালে যাতাঙিতেছেন অন্য সিলেটের ডাক্তার হলইলে হইলে অনেক পেশেন্ট তা হোক আমরা বায়ুস্তার বলি হাসার হুকাজু খান শুন্য জিনিসটা হল বাদ যেহে হোক আল্লাহ পেন্ডে বানাইছেন কিন্তু বললাম আইন্ডা মাইন্ড ডাক্ত ডাক্তার আর সবার ডুয়ার ডাক্তার সবার ডুয়ার ডুয়ার সবার
/kaggle/input/regspeech12/test/test_habiganj_0031.wav,আমার পড়ু যে সেলফ নাই সেলফ থাকলেও কি তার সেলফের মায়ে যদি আমার পেঁপিয়ায় রুশন রাখিয়ে হায় যে এইটা জুটা তালবাসন রাখি তাইলে কিন্তু আমরা পড়ুরা হন নিয়ম না পটুর ওটা পবিত্র জায়গা ত্রামন লাগে আমি কি তাহল জানালা স্থায়ীটি কোন মতে রাখতি
/kaggle/input/regspeech12/test/test_sylhet_0525.wav,জানি তো বালা বাসের জানাকে মজার কথা ফার্স্ট অ্যাম্পলিনও জানি আমি তো একটু এক্সাইটেড ম্যানু কিন্তু এমন চেষ্টা হয়েছে যার পর চাইতে সময় আমি লুকিয়ে ওঠি সাম্মারে যাওয়া অন্যান্য জুয়ার খাদিকার বাসু
/kaggle/input/regspeech12/test/test_narail_0092.wav,বিদেশির কাছে শুনতে দে বলুন শুনিস কেন ওর কাছে আর উপরের কাছে শুনলে আমার মন খারাপ হয় নিজেই মাতব বড়ের পিছনে একটা আলাদা ভাব আছে তাই না নিউজ
/kaggle/input/regspeech12/test/test_sandwip_0092.wav,কেউ কোনো কল নিয়নাময়ে নতুন
/kaggle/input/regspeech12/test/test_barishal_0044.wav,এই এতে মনে করেন চেয়ারম্যানের বাড়ি তৈরিত্বিষের গেছে পরিষদের তৈরিত্ব গেছে আর বাপের বাড়ির যেই ঠ্যানটা না দিয়া হেদিক দৌড়ে দিক গেছে হুন্দু হনে গেছে হেদা চেয়ারম্যানে মরে মনে করেন বিয়ে নিচে পরিষদে আপনি কি মনে করছেন বোঝেন ঈদাহা এরম কিছু বোঝে না বিশ্ব শয়তান
/kaggle/input/regspeech12/test/test_sylhet_0569.wav,দাদু শৈলে মানে কি তাও স্কুল মোচক না আর কোনো অপারেশন লাগছে না না অপারেশনের জাতীয় কিছু না তাহলেও মাথায় ঘুরায় ডাক্তার হোসেন মাথায় ঘুরা নিবেশ্চার
/kaggle/input/regspeech12/test/test_barishal_0031.wav,হাইবেন সুগার এন অর্থ ছোট সেপারি ফুলের পাতা সিন্ডা পাতা লইবেন মেয়েকে ভালো করে দিয়েছে একটু ফ্রুটার চিনি দেখাইতেছেন না লাগলে তুই তিনি দিবে না এই এক কেজি মিস সিরিয়ান্সই সাড় তিনশো টাকায় বুলেল মিস্ট্রি ইন্ডিয়ান
/kaggle/input/regspeech12/test/test_sylhet_0012.wav,ঠাকুরে একটা বিদায়ী বিদায় নানা মন্ত্রণালয় তো আছে তারা তারা ফেজাল পূজা শেষ হইল পরে তারপর অঞ্জলি দেওয়াইব অঞ্জলি দেওয়াইলে
/kaggle/input/regspeech12/test/test_kishoreganj_0103.wav,বিস্তর ঠিক আছে এখানে ইয়াও বইল সাধারণ জ্ঞান বইল যেটুকুও এতুকুও শ্বশুর পাঁচ চার্ট তিন করত আট চায়েরে টিনারে চা ঠিক আছে
/kaggle/input/regspeech12/test/test_narail_0012.wav,মানেটা পরমাণু যাচ্ছেন এইটে কয়েছে ঠিক পাইলে যে আমার ধরবে না আরে মেয়ের কথাকে যে বাপ মারে বাদ দি বাপ ফেলে দেহি নাই তার কথায় বিশ্বাস করা যায়নি আর এখন এই সমস্ত কথা শুনলে আমার হয়ে যায় মেজোজ গরম
/kaggle/input/regspeech12/test/test_narail_0093.wav,আরেকজন মাতব্য রয়েছে তার গল্প শুনে লাভ আছে সে যাই হোক এ সমস্ত গভীরের আলোচনা আমরা নাই করি তুমি এবার এ সমস্ত কথা আবার কিছু মনে করে না দেখালে ভাবলে যে বাড়ি আমার কি রকম ধরনের কথা কাটছে
/kaggle/input/regspeech12/test/test_chittagong_0130.wav,মানে এসেছিলে তোমার হিসেবের গিয়ে
/kaggle/input/regspeech12/test/test_chittagong_0170.wav,হ্যাঁ আছে কোনো রকম সেজন্য আমার হাতে পুছনো লোক পুছনো লোক না তো কী হৈউস কী হৈউম তো অন্যায়ের হৈ দিদি ভালো আছে ভালো আছে তো হাতা হইত না স্যার
/kaggle/input/regspeech12/test/test_narail_0105.wav,ব্রেস্টিভের্জি করা হয়েছে ছয়বার কদিন আগে একজনে নিয়ে আসছিলাম ওর টিউমার হয়েছিল ঘাড়ে অপারেশন করেছি ঠিক হয়ে গেছে তো তোমার ওটা অপারেশনের কোনো সিস্টেম নেই অপারেশন করার সিস্টেম আছে কিন্তু
/kaggle/input/regspeech12/test/test_sylhet_0278.wav,তুই তখন আর আমার বাইরের কাছ থেকেও খরচের টেখানা লাগছে না যখন ফুর্টটি আরও উষ্টি তখন গিয়া হলো কি এখন একটু ই বিষয়ে চিন্তা করা দরকার
/kaggle/input/regspeech12/test/test_narail_0043.wav,যে তুই রে অল্প অল্প বাণী যা ও যে ইটা আছেল্লা কী চাই দেখতে লোক তো আরে শ্মশান শিপুর বাগান নাম তো কী চলো
/kaggle/input/regspeech12/test/test_narsingdi_0112.wav,আগে বেতার মোড়া ছিল না মাটির মোড়া থাকতে হা হে বেতার মোড়া
/kaggle/input/regspeech12/test/test_sylhet_0479.wav,মানে আমি তো হইতে পারি না আমি তুই নেতা কোনো মোড়া না যেতে জান নেই বাজতাম বাজছি না মর্সি ওখান হালিয়াবীর মনে আমার যে কোন দিনও পারস্মার বাচ্চা কোন দিন হইছে ওখান হালিয়ার আর ইকবাল এখন দিন কোনোনতা আকৃতাম হইতে না
/kaggle/input/regspeech12/test/test_rangpur_0121.wav,কেন সামলে খুললে কেন করে ডাইল বলে সাধ লাগে না বোতা দেখিলেন বোতা হ্যালো
/kaggle/input/regspeech12/test/test_narail_0052.wav,এক দ্বারা ছাড়িয়ে উঠতি জায়গা যাতে আমি কোনোদিন না ঠকি মানুষের দাকে তুই এখানে আসবি বলবি আসবি তাকে বেঁচে ভেলেও মাইফে দেবি তুই আসলেও মাফিয়ে দেবি যদি বালি দেবি তো আমি তোর থেকে বালি দেবি যদি তোর মধ্যে আমি কিছু কুদ্দার গেলা আমারাই লেয়াকাল
/kaggle/input/regspeech12/test/test_rangpur_0022.wav,বাহাদ দরকার হ্যাঁ কী আনবে শাগনি মেনে ঘিরে কী নিবা মাছ না মাছ না মাছ কর
/kaggle/input/regspeech12/test/test_chittagong_0174.wav,গেইজ গেইজ গাহিনীকে ক্ষমতার দিক প্রকোচের জন্য তাহিদি নেই জম্মা নাই হয়েছে আইসি যারা মুফলস এন্ড্রাক্স পুরে হইল যার কল দিতে দিতে আরা পুরে ফেলার ভালা না লাগে ডেরি
/kaggle/input/regspeech12/test/test_barishal_0021.wav,বাবাইয়া আমি মিলিয়া মার্তিলি নেমে মুই বোধ অ্যাঁ মুই হইলে মনে করেছ হ্যাঁ ভোরবাদ নাম কি
/kaggle/input/regspeech12/test/test_kishoreganj_0044.wav,টাওয়ারটি দেখলে পৌঁছে যেতে হবে
/kaggle/input/regspeech12/test/test_sylhet_0627.wav,ই না ইব্দেশ্যে শিউমোটামুটার পছন্দ করি
/kaggle/input/regspeech12/test/test_sylhet_0073.wav,উপাসটা তালা উপাস ভাঙতে ইচ্ছা করে নুসরাত উপাসটা শেষ হই প্রজাবাজত্ব বন্ধুদের সাথে আড্ডা দিলাম পুচকা খাইলাম চাইলাম সামনে আর কোন পূজাও যা আছেনি
/kaggle/input/regspeech12/test/test_sylhet_0263.wav,তো ইটা নিয়ে কোনোদিন চিন্তও করছি না তো যে তোয়তা নিয়ে চিন্তা করছি না ইটা টোটালি সময় আমার এসএসসি পর্যন্ত আসিলিকু মাথার মাঝে আর যখন ও গেট থেকে আমি বাইরে গেছি এরপর থেকেইটা টোটালি মাথা থেকে জ্বালিয়া ফেলাই দিচ্ছি
/kaggle/input/regspeech12/test/test_narail_0163.wav,তো আর মা ও সবার বাড়িতেই কথা বলে নাকি মাঝেপুরে তো বিছানাত্মে উঠতিই করত না কতবার প্রেসি মাসে আমি ডাক্তার দেখা দিচ্ছি কত মানুষ ডাক্তার দেখাইবে
/kaggle/input/regspeech12/test/test_sylhet_0223.wav,তাঁরা মনে করছেন যে তাই তো ঘুরেফিরে আমরা লেখা নই তারাও টানটা কাজের দিকে বাইরে টানটা পড়ার দিকে আর আমার ভিতরে তো হইল গিয়া যে আমি যেভাবেই হোক আমার নাম পাশে একটা চাকরি করব
/kaggle/input/regspeech12/test/test_sylhet_0601.wav,মানে অত্য অবাক হয়েছে ম্যাডামরিকে জড়ায়ে ধরেছেন ম্যাডাম কি আসবুল হয়ে গেছে লেগে মাছ কেন ম্যাডাম কিছু চিন্তা নাকি চুপসানোর কেমন আসলা
/kaggle/input/regspeech12/test/test_sylhet_0045.wav,বাসাতে আমরা ভাই বোন থাকি তিনজন বাবা মানাই
/kaggle/input/regspeech12/test/test_sylhet_0307.wav,ঈদের ছুটির পরে পরীক্ষা চলে দুই পরীক্ষার মাঝখানেও গেছে বাড়ি দুইটা দিলাইকি পরে আরও তিনটা রয়ে চলা ঈদের শেষে বাড়ির ঈদ শেষ ও সময় তাইলেও গেছে নিজের ছুটি গিয়া আমরা বাড়ির সামনের রাস্তা দুই আড্ডা দিরা
/kaggle/input/regspeech12/test/test_kishoreganj_0155.wav,পাকা বাতালি লেবুর ভিতরটা হালকা গোলাপি রঙের পাকা ডালি ছোট দানা টুকটুকি লাল
/kaggle/input/regspeech12/test/test_sylhet_0747.wav,মানুষ কারজন যে দলাহুরী আনিয়া তাহার দরজা লাগিয়া বিধবা হব লাগে তাহার জেলার নামী বলাম লইয়া থানি চাহিয়া দরজা লাগিয়া হাইবে ইয়ার বাদে রাখাইবা বড় ভাবে মাছ নাম বা আমি আর গায়ের মুখ গুটি অন্য রকম বা যার কফিকে যতটুকু দিব
/kaggle/input/regspeech12/test/test_sylhet_0308.wav,তো আড্ডা দিরা পরে আমার ভাই তাহলে সমবয়সী ফ্রেন্ড তাই নেও আড্ডা দিরা দিতে যেতে বলে একটু বিয়া করতাম তোরা দিলে তো বিয়া করতাম হাহ তো তোরা মেয়ে তোরা কালকে তো একটা স্পেশাল ডি আছে বিয়া করিলা
/kaggle/input/regspeech12/test/test_kishoreganj_0137.wav,কাঁঠাল কাঁঠাল আনারস কাঁঠাল আনারস আম জাম পেয়ারা পেঁপে ভাঙ্গি তরমুজ লিচু প্রচুর ফলে আড়াল ডাপ ডালি ডাপ ডালি বাতাবি বাতাবি
/kaggle/input/regspeech12/test/test_kishoreganj_0012.wav,কোন দিকে কি খুঁজবেন কিছু
/kaggle/input/regspeech12/test/test_sylhet_0484.wav,কোন হাম্পিং করে আমার বিশ্বকে বলতে পাইয়ান না ফাইভ মুখ মিলিয়া মিশিয়া থাকতাম ভোগসোস করতাম একলা খাইলেও দুপু একটু আগে ছয় হাইয়া গেছে মারি আর দশটাতে গেল তাহিরে আজ যাত্রা তারার দরজায়ই ভোগী তারার তো পড়াশুকুল নষ্ট করিয়া তো আমার লাভ এখন পড়েছে যদি তা হস্ত হলে ভর্তি করিয়া জীবন্তারে মাদ্রাসার পাইস্কুল তাই মনে হয় দ্বিতীয় শ্রেণীর পরী
/kaggle/input/regspeech12/test/test_sylhet_0108.wav,তাই এমনে মানে শুরু থেকে বড় এখন জায়গাতে মানে আসলেন কয়েগেই এখানেও আছে না মানটা প্রিয় গিনিরা হারা পাখা দূরে কুইকারের সামনেও আসলেন
/kaggle/input/regspeech12/test/test_sylhet_0408.wav,এখন তো তার স্কুল স্কুল বন্ধ করে আমি তার নানা বার থেকে আমার বাড়িত্বেই আছি বেড়ানোর কেসিল স্কুল বন্ধ আছে যখন খুলছে না তখন তো স্কুল স্কুল স্টাইলিশ যখন যাইত মা হালি ফোন করেন তাই রানিয়া দৌড় আমি ফোন করে এখন আমি লিগে দিই না হলে আমি একলাই জোড়াই আমি সন্ধ্যায় এলাকায় লেবাবা হুখ করিয়া আমার সময় হাটে দিন হয়
/kaggle/input/regspeech12/test/test_sylhet_0124.wav,বান্ধবী তো সিঁড়িও করছেন না আসে তিনজন আসে বিয়াসে ধরিয়া তারা ভারী করে হিসেবে হিলেট নেয় টেইকানো যে খামকরণ পুড়িনতে কী রকম ব্যবহার করে আদরটা দূর করেননি
/kaggle/input/regspeech12/test/test_chittagong_0142.wav,এটা হালিকে জয় বাবা ভিডিও রাখবে সুবিনা জাহান্না যে সময় সুবিনা জাহায়দাহার অথবা চাচুনাইজারা শিবে হোল্লিতে হোল্লিতে শুধু তারপরের মতো নষ্ট করে বেলা কিটে নাম্বারের দোচনে তিনি হত্যা হয়েছেন হালিয়ার কিছু বোর্ড কমাহিতে কেন্দ্র হত্যা হয়েছে
/kaggle/input/regspeech12/test/test_chittagong_0063.wav,তুই দাহাতুন হত্যার বি নবানী ওদের একে মহিমানায় গিয়েছে না তো এনাহুন অপশন নাই এনাহুন নই আইলা জানি এনার এমে হয় জনগণের হতাহলী তার হয়ে যে জিনিস্তা পারলাম পরিব আর আমার দাদাও হয়ে যে জিনিস্তা পারলাম পরিব
/kaggle/input/regspeech12/test/test_rangpur_0084.wav,ওই জায়গায় ইয়াইডিমার শাহিনার ফিরুজ ফিরুজ এখনো একটা রেপুটালে তোমার বাপের মতন ধরন গরণ প্রতাপাত্রা চলা ফিরে মানুষের সাথে করা ঐটি আছে আর শাহিনটিই হয়েছে দুনিয়ার মুখ মুদা
/kaggle/input/regspeech12/test/test_kishoreganj_0156.wav,পাকা ডালিমের টুকটুকে ডানা টুকটুকে লাল পাকা ডালিমের ডানা টুকটুকে লাল বা কাছে উদ্ভিদের পরিভাগ পানি
/kaggle/input/regspeech12/test/test_kishoreganj_0149.wav,কোনটি বায়ু দূষণের কারণে কারণে কোনটি বায়ু দূষণের কারণে কীটনাশকের ব্যবহার কোনটি পানি দূষণের ফলে হয়
/kaggle/input/regspeech12/test/test_chittagong_0110.wav,নাইম আপুর ইঁকোষ পাতা এল দায় আপুর হলাম যে নাইমুরা এটি কিলে এক্সেপ গর্গী এত হুজ্জেস অলিশ
/kaggle/input/regspeech12/test/test_barishal_0075.wav,এই দেখ এই পাতা তো চিনি কিন্তু এইটা তার জায়গায় কেন হ্যারান্ডার কাজ শেপান্তের কাজ বালা পাতার মুই এসেছে ফালিগুলো মুই অস্থায়ী বালা পাতার কাছে ঠান্ডা গেলে কাছা যায় না লইয়া জায়গাটি থাকাইয়া একটু সেই মিছিলে দিয়ে খাইবে
/kaggle/input/regspeech12/test/test_sylhet_0743.wav,পিঁয়াজ রসুন মাছ মাংস গিয়ে আমরা খাই
/kaggle/input/regspeech12/test/test_comilla_0031.wav,আমি দীর্ঘ চব্বিশ বছর বাইরে ছিলাম সৌদিতে আমার তো খুব ভালো লাগছে প্রতি বছরে বছরে আমি দেশে আসার চান্স পেয়েছি মালিক আমার খুবই ভালো ছিল আমার খুব মানি উনি লাইক করত
/kaggle/input/regspeech12/test/test_narail_0071.wav,অজেহার ঐ মিয়ারা খেত জীবনে খাইতে গেল যেই থায়ে তাহলে ওর রোডিটা বহুত বাগানটাকা ও বাড়িও তো কেন ও বাড়িও তো জানো একবারের কাহিনী জানো
/kaggle/input/regspeech12/test/test_sylhet_0250.wav,ইবেন সবচেয়ে মজার ব্যাপার কি তা জানেন আমরা ফাঁসের গ্রামে একটা টিচার আছি ও টিচারর বোগ দিয়ে ফাঁস আছি হাউস হয় তার বইও আছে কয়েকটা শিক্ষিত
/kaggle/input/regspeech12/test/test_sylhet_0155.wav,ইতাই জানতাম আর কি যে আগের দিনের সাথে এখন আর দিনের ছিটেখিটা পার্থক্য আপনারও তো একটা সময় আছিল আমরা শুমানাস্তান ইটে হইতান আপনি তো নিধি নো দেখছুনি দিন নো দেখতাছেন ছিটেকিটা পার্থক্য একটু করেছে একটা মানুষ মূল্যে একটা মানুষ বিদ্বেষ্টা আপনি গিয়ে খবর শুনতুন তখন দশ দিনবাদ দেহত
/kaggle/input/regspeech12/test/test_sylhet_0389.wav,মাত্র রায়কুল শোনা না শোনা রায়কুলের গরো খেলার সময় বাংলাতে যেই চিন্তারাই চালানো হয় তুমি করোনি শোক করে পড়ো
/kaggle/input/regspeech12/test/test_sandwip_0015.wav,ক ডিমেরে দেড় কেজির বেশি গুলা ডিম হয়ে গেছে ডিম দেখি মনে হইয়া মাছ কিনছে কি মাছকে খুব মাছেরে কসালি এরে ডিমেরে একদিন দিপা ওরা বানাইছে আর একি
/kaggle/input/regspeech12/test/test_sylhet_0325.wav,আর মাঝেমধ্যে যখন ওই কারেন্ট এফিয়ার্স কারেন্ট ওয়ার্ল্ড বা নতুন কোনো একটা বই বাড়িলেই সিরিজ বের হইলে তাইলে ওটা লইয়া ইটা আনিয়ার টেবিল রাখি দিতা আর আমি কাজ করিয়াছি এবং টেবিলে যে নতুন বই পাইতাম তখন আমার মনে হইত যে
/kaggle/input/regspeech12/test/test_sylhet_0725.wav,তারপরে জামাইয়ের বাড়ি গিয়া ওজন খানি তুমুরার জেলা হানি একটা খানি মূলা সতুর কঙ্গল হানি
/kaggle/input/regspeech12/test/test_sylhet_0143.wav,প্রয়োজন এখন কেটে কেটে আছেন আঞ্চলিক ভাষায় যেমন বাদশাদ মাত্র নাকি এমনি মাত্রেন আমরা সেটা
/kaggle/input/regspeech12/test/test_sylhet_0447.wav,এখানেও যে আর সমস্যা লাগে তাহার না দুই দিন পর্যন্ত একটি গেম মিছিল শুরু হয়েছে যদি দেখতে পাই না মানে কোনো কাজ বার সমতা নাই তারা না তা না চিতার মতো করে না আস্তা দিয়েই ফুলিয়ে দিবা
/kaggle/input/regspeech12/test/test_rangpur_0130.wav,তুমি চাইলে রেকর্ড কেন আর অন্য কিছু করতে পারো এর তো কোনো প্রবলেম নাই তো আমরা যে জায়গাটা আছি এটা হচ্ছে আমাদের স্মৃতির একটা জায়গায় তোর নাম তুমি জানো তুমিও না তোর নামটা কেন পত্র তাহলে কী নাম তো
/kaggle/input/regspeech12/test/test_habiganj_0005.wav,বেশিও বরাদি করে না বেড়ায় মাছালু না মাছালু না মাছালু কিছু জায়গা থাকত হইব না ছেলেমেয়ে কথা হইবে আর এটা একবার বেশি অত বিশ্ববার ঐ জায়গাটা হবে ঠিক না
/kaggle/input/regspeech12/test/test_sylhet_0062.wav,বান্ধবী আর হারার আশ্লাপ অর্জন গেছে
/kaggle/input/regspeech12/test/test_sylhet_0218.wav,মোটামুটি এক নাইন পর্যন্ত পড়ি লিসি আর যেহেতু ফ্যামিলি থেকেও কইরা যে মিনিমাম এসেছিটা করিলা আর তখন ঐ লোকের প্রাইমারি স্কুলও এপ্লাই করার লাগি যোগ্যতা আছি মেট্রিক ফাঁস আমি টার্গেট লিসিস মেট্রিকটা ফাঁস করি লিলে
/kaggle/input/regspeech12/test/test_narail_0090.wav,তোমার একদিন আমি সব খুলে ঘোবানি যে সমস্ত কথা প্রার্থাও তুমি আমার সাথে যদি সরাসরি কথা কবা সেদিন তোমার খুলে ঘোবানি আরে ফোনে কথা কহিলে দেখা গেল তুমি রেকর্ড করলে রেকর্ড করে আমার ঐ স্বভাবটা নেই
/kaggle/input/regspeech12/test/test_sylhet_0535.wav,যাহাই হইল আমরা সিলেট ইয়াসার কিন্তু আসি না না না না না কিটাকুনিতে নাই শুনেছেন না অনেক প্রশ্ন দেখছি না
/kaggle/input/regspeech12/test/test_chittagong_0045.wav,দিন হাল কেন চলেছি দিন হাল ও ডিন্ডেল চলে দেখব সিঙ্গার হ্যাঁ হ্যাঁ বাসুনি উন বাসুনি উনাম পরে থাকাসি না কেন আরও গর্ভবত গাজবাল্লা
/kaggle/input/regspeech12/test/test_sylhet_0182.wav,বান্দরে হামরাইলা রান্দরে কত টাকা লাগে আমার চোখ আমার মাল্লা কোথায় আস্তা কইরা কে আর ঘুমাইয়া ঘুমাইলে হুরুটা
/kaggle/input/regspeech12/test/test_sylhet_0755.wav,ভারি উপাধি মনে হবে নিরামিষ লক্ষ্মী উজাড়া করে নানা বড় নিরামিষ ছাড়াই খালি উজাড়া মনে হবে বারে করে অনুষ্ঠান আমরা তো যাই রোদিনও নিরামিষ পালন করি বাদলের মাঝামাঝি হওয়া যায় আপনারা মানে ফুজার মাঝে আবার বিবাহিত অবিবাহিতার এমন সত্য কার্তে নেই
/kaggle/input/regspeech12/test/test_chittagong_0163.wav,সুরাত্মক অনাথ জন্যে যুগ্ব বৃদ্ধি না হয় অনাথুত এখন কি আলে নাই টেনশন করি যদি আর কোনো ছোট্ট লামিনাবাদের বিশুল জিনিয়ার কোর্সলে ফোলার বলানো নেই কি আগে রে সিডিএম বুঝেছে রেই বুঝিসা
/kaggle/input/regspeech12/test/test_habiganj_0066.wav,কিন্তু আমার ভালোই লাগে তুলোর বেশিরভাগ ফুল গাছ আমার ভালো লাগে
/kaggle/input/regspeech12/test/test_kishoreganj_0171.wav,এই তরমুজের ভিতরে লাল চক্করের তোমাদের ভিতরে আমি তোমাদের ভিতরে তালিম আহমেদ ইসলামের অভিজ্ঞতা অনুযায়ী
/kaggle/input/regspeech12/test/test_sandwip_0044.wav,আরে বন্দা ঠাওয়া ভাইনিয়া বললুম তো মাইয়া বুঝিল রেখেনি তোর মায়ের মাথা দাদা হরিগ্রেশনিত এবং তার মায়ের ভেতরে বহির্ভাবে একবার আকুচা আয় দেবে তিনবার আশ্রয়
/kaggle/input/regspeech12/test/test_sylhet_0384.wav,প্রাতীয় স্বজন আসিল না বাবির বাফের বাড়ি আছিল শহরটিকে একটু দূরে কিন্তু আমরার বাড়িতে কি খাসে
/kaggle/input/regspeech12/test/test_sandwip_0066.wav,আয় আজ যাসো আমার সুলাইন শেষ মুখের গল্পে পানির ভেদ ভালো লাগে না হরে আসে আমার বোন জিকর জুলো পোকা ভালো লাগে নাকি অ্যাডোমাস অ্যাডোমাস ব্যাগ আছে তাও ভালো লাগে নাকি
/kaggle/input/regspeech12/test/test_kishoreganj_0146.wav,বাদামি না না না না সবুজের মধ্যে সবুজের দ্বারা মস্ত হইল ভাঙ্গি সবুজ রঙ্গে ভাঙ্গি সবুজ মানে কাঁচা ক্লায়েন্ট
/kaggle/input/regspeech12/test/test_rangpur_0123.wav,এই রমজান মাসে যে পাট শাকের যে দাম সেই ফ্রিজ বেয়ে নিয়েছে ত্রিশ টাকার পাট শাক তার হাড়ির তলাতে পড়ে না হ্যাঁ তুই পাট শাকান বের করিস
/kaggle/input/regspeech12/test/test_sylhet_0613.wav,কিন্তু হয় সুমন স্যারে পাইয়া হইয়া যায় আমি প্রাক্তন স্টুডেন্টও আসলাম আমিও তো আসলাম এরপরে মাত্তা সিদ্ধাস্তি স্যারে বেশ সীতাবর্জন আলিম স্যার মেভিআই স্লেটাইনের
/kaggle/input/regspeech12/test/test_sylhet_0444.wav,যার যারের সুবিধার লাগে মানে রুম সুপ্র বাচ্চা হাঁচা বেশি হয়ে গেছে খোঁপা গেলে হাঁকাবার সুবিধাওয়ালা বাচ্চা হাঁচা লইয়া যাইতে পারবা মা একসময় গেলে না সবসময় বাচ্চা গিয়ে লগিনে জড়িত চাহিল মানে ওরকম সুবিধার লাগিয়া কিলেন ওদিকে কিছুই সব নিজের বাসা কিন্তু পাড়া
/kaggle/input/regspeech12/test/test_narail_0007.wav, আমরা দেখতেছি যান ওই আলোচনাও আছে থাকতাম তাই শুনতাম ও বাড়ি জমে কিন্তু পুলিশের শরীরে আছে বড় ভাই বলে কহিসে থামা ফাটাইছে বাবার চিকিৎসার জন্যে
/kaggle/input/regspeech12/test/test_barishal_0010.wav,হে অরারা যে কী কয় আস্তে আস্তে মরি যাওয়া লাগে আঙুলেকে একটা ফোলা ছিল নাম হইল আরিফ হ্যাঁ জরাইলে যে সিক্রেসিটি শুরু করত
/kaggle/input/regspeech12/test/test_sylhet_0417.wav,মানে আমি ফোরিয়া তাকছি এর পরেও প্রেমবাস মনে করে এক ঘণ্টা দুই কিন্তু বড় মানুষের প্রস্থান গুজরানের পরে ফুট খায় ইতাহিত হাওয়া পরের দুটো মারি গুল বুলসা ভাত এখন থাকছি কিন্তু প্রায় দুই বছর করুণার সঙ্গে ডেলিভারি হয়েছে করুণার তাকে লাগাইয়া দুইটা বছর কোনো বাংলাদেশে কোনো চিকিৎসা নাই
/kaggle/input/regspeech12/test/test_sylhet_0140.wav,হালা ব্যবসায় কিন্তু তার স্থানীয় নেই কত বছর ধরিয়া আপনারা দিতেছে নাকি মানে আপনারা ফুকি ছিলেন এটি যে ফুকটা
/kaggle/input/regspeech12/test/test_narail_0115.wav,তুমি কি বলো আমার জায়গায় আমি যখন টিউশনি করাতাম তখন আমার মেলাডি কার্ডিনেশনের স্টুডেন্ট ছিল তাদের কিভাবে পাবলিকে ট্রান্সফার দেয় কীভাবে নৌবাহিনীতে ট্রান্সফার দেয় কীভাবে জেলা স্কুলে পরীক্ষা দিয়াতে এই সমস্ত জিনিস আমি ভালো জানি আমি নিজেদের জন্যে ভোগানোর সমস্যা নাই
/kaggle/input/regspeech12/test/test_habiganj_0112.wav,ক্লাস তো সবসময় ঠিক কিন্তুই হয় অনেক সময় ফোলা পাইন আবার ফুল গাছ তো বার রাত থেকে পাঁচটা পর্যন্ত তো ফোলা পাইনে অনেকজন আছে মানে যায় নাকি মানে পাঁচটা পর্যন্ত একটু কষ্ট হয়ে যায় এর লিগে প্রতিদিন কাজ করা আবার অনেক জোরবাসী অনেক দূরে দেখায় লিগে
/kaggle/input/regspeech12/test/test_narail_0176.wav,মা বাড়ি ছায়াননার বাবা ছায়াননার দাদা একটা কাজ করে সয়ান কোন জায়গা মাসি সয়ান কোনে সয়ান দেখো না শয়তান কাছে
/kaggle/input/regspeech12/test/test_sylhet_0624.wav, আরেকজন আছেন সোনিয়া তাই আবার তোরা ছিলেন আমরা পিয়েলর ফ্রেন্ড তাই সোনিয়ার আর কি দেহাইরা এনো নর মেম আপনারা আর বেচনি করে সোনিয়া মিসেস তাই না কইরা আমার দেহে না মেম তারার
/kaggle/input/regspeech12/test/test_narail_0123.wav,তার মা মা আর তার মা মারে সবাই ভালোবাসে এই বুড়োত্বে শুরু হলে গুরু সবাই ভালোবাসে তোরে আগের দিন তোরে আগের দিন কান্তরে নিয়ে যাত্রী দেখেছে আমাকে রাহুল যাইয়ে দেয় আমার বলতেছে যেন বৌদি চন্দনের পিছনে দেখলাম বুলগা পরারটা মেয়েরে নিয়ে অধিক যাচ্ছে
/kaggle/input/regspeech12/test/test_barishal_0057.wav,এর পরে যদি খালি বেশ নোংরা করি রিপিন্যাল হয় নিতাম এই তো রিপিন্যে কিন্তু অনেক কষ্ট করে চলে হের পরে বাজারে গেলে মনে হয় ওরে বাবা লাখোপতির গলা চা পাঁচ সাতজন আর সাতটা অর্ডার দিয়ে দিও
/kaggle/input/regspeech12/test/test_kishoreganj_0065.wav,না থাকা ছিল না না না না খাবে কেউ না না
/kaggle/input/regspeech12/test/test_sylhet_0477.wav,বৈনান্তের কুন্ত হইলে বাইনানকে শক্ত হাসালাইয়া গুলি করছে আমি নিজে জানি আস্তা আমার দুগ্ধ গোলাগুলো হোস ফ্রিটেল বাসা বাড়ি করে গেছে আর কি তাও তুমি ডেক ভাসানো হলে ইয়াকেবিনের ভিতরে বুঝেছি বোমায় একবারে সাউডাই মাস্ক তোর হাঁড়িয়ে আছে বাসা থেকে মাস্টাস মানে জিয়ো করিয়া খাটিয়া উঠিয়া ফ্রেস করিয়াই এখন শক্ত
/kaggle/input/regspeech12/test/test_rangpur_0007.wav,এটা লোক অন্টিঞ্জে করেছে
/kaggle/input/regspeech12/test/test_sandwip_0005.wav,আম কাড়োলা ই দরাও গিয়েছে ধলাচে তারপরে দুধ এসে জানে বেগ নিন চলবে আম হচ্ছে শুভ বিভিত্তিক ব্যাগ নিয়ে না ভর্তি দরকার
/kaggle/input/regspeech12/test/test_narail_0077.wav,ঐগুলো তো হয়েই যায় এগুলো নিয়ে কোনো বর্ডার বিয়েই ছিল ভালো জায়গা সেই বিয়েতে আমরা ছিলাম এ সময়ের সাথে বাড়ি খাতের বিয়েতে যে খালাম সে মায়ের বিয়ে ডিভোর্স হয়েছে বড় মেয়েরা
/kaggle/input/regspeech12/test/test_kishoreganj_0119.wav,হাঁপেরে কি গাছে খা না আবার যে যে গাছ পোলিং কি গাছ খা
/kaggle/input/regspeech12/test/test_chittagong_0019.wav,আর ফলাহা করতাম বলি হইতে আইসিএ কম্গলিক হইব মানে কম্গলি হইব বই খুলিলে আর করতে মনে হত আরও হত মোবাইল গান জীবন্নয়ন শেষ করে দিল খানা খাটা বানায় ফেলেন ও জান্ন ঘোষ মোবাইলে হতা
/kaggle/input/regspeech12/test/test_narsingdi_0125.wav,হেই গুড নাইটা অন করাস নাকি রে এটা দেখি মানে একটা গন্ধ বাড়ায় না গন্ধটা ভাল লাগে প্রথম প্রথম এই ফ্রাগ্রান্সটা খুব কড়া লাগে
/kaggle/input/regspeech12/test/test_sylhet_0543.wav,আর তারিমিকের অবস্থা আমরা তারিম তো বেশ মাসাল্লাহ তারা কিন্তু ওনার আছে যা এখন মাহদ্বীরে ফরাইতে উড়াইছে আমিও বাড়িতে পারলাম না না ছাত্রী গেছে তার খারাপ বসে নেতায় আবারণকৃত অবস্থা সত্তান দিয়া
/kaggle/input/regspeech12/test/test_habiganj_0002.wav, তানজিরা বা ফুলির দেখাতে হয়ে গেছে না তানজিরা আনন্দ হওয়া হয়েছে কারণ তানজি তো মারে না আমি এটা আমি চাচ্ছি না বৈধ সেজের লুক্রা খালার ছাড়া আর কোনো প্লাবসিনি অত্যাচার সম্পর্কে লুক্রা কেড়ে যায়
/kaggle/input/regspeech12/test/test_narsingdi_0021.wav,খালেদ আছে তাসকিন আছে সমস্যা নেই প্রেসিডেন্টে খুব ভালো আছে এদিকে আবার যে হাসান মাহমুদ আছে ইনজুরি থেকে ঐটা খুব ভালো ইংল্যান্ডের সাথে ত্রিশটাই খুব ভালো বল করল একশার সময় ছিল রুবেল ছিল সাইফুদ্দিন ছিল
/kaggle/input/regspeech12/test/test_tangail_0008.wav,ফ্রেডি আর মেরি একে অপরের প্রেমে পড়ে আরো কৌশলে একটা পোশাক নেয়া কনভার্সেশন হইতে থাকে ওই সময়ে ফ্রেডি আর মেরির একটা কনভার্সেশন থেকেই ওরা একে অপরের একটি প্রেমে পড়ে এভাবে অনেক দিন যায় এদিকে ফ্রেডির নতুন ব্যান্ড নিয়ে আর কি
/kaggle/input/regspeech12/test/test_sandwip_0115.wav,হেহাসার কী বোধ হাসা হেহাসা হেহাসা হাসা হাসা হাসা হাসা হাসা হাসা হাসা হাসা হাসা হাসা হাসা হাসা হাসা হাসা হাসা হাসা হাসা হাসা হাসা হাসা হাসা হাসা হাসা
/kaggle/input/regspeech12/test/test_sylhet_0189.wav,এবং আমি ক্লাস এই চৌদ্দের আগেও বড় ভাই তিন মেয়ে কাজের মানুষ হাসিল দুইজন করে লাগাটা থাকত খেত কাজ করে লাগিয়েছিল একজন গরুর রাস্ত্র বাহিরা করে আস্তে আস্তে বাহির সংঘ বাড়ছে
/kaggle/input/regspeech12/test/test_kishoreganj_0205.wav,কিছুক্ষণ তার মেয়ে বানান সুন্দরে
/kaggle/input/regspeech12/test/test_sylhet_0232.wav,বুজুর স্যারের লগে আমার বয়সের পার্থক্য আমি মাত্র মেট্রিক পরীক্ষা দিছি আর বুজুর স্যার অলরেডি ফাসুস করিয়া পড়াপড়া শেষ করিয়া চাকরিঘরেরা ধরিলেখণ্ড ষোল বছরের কেউ কমপক্ষে যায় ইতা দেখিয়া আমার ভাইয়ান্তে বড় যারা তারা সিদ্ধান্ত লইলেছেন বিলাইবা আর ছোটো যারা এরা তো দৌড়া সিদ্ধান্ত দিতে আবারই না কিন্তু মতামতও তো দিতে আবারই
/kaggle/input/regspeech12/test/test_tangail_0057.wav,যেটা আসলে কেউ আসলে বলা যায় না অর্থাৎ মানে বুঝাইছে এরকম যে আপনার প্রিয় জিনিস অথবা প্রিয় মানুষ যার সাথে আপনার অনেক দিনের সম্পর্ক সে হয়তো চলে যেতেছে কিন্তু একটা সুন্দর গুড ভাইও হয়তো
/kaggle/input/regspeech12/test/test_rangpur_0031.wav,কিয়ারা কিছু হরিপুরের গেইনো ওই যে মাটি খাইল করিয়া আটার ডাইল দিচ্ছে
/kaggle/input/regspeech12/test/test_sylhet_0625.wav,না ও পিরে দেখাইয়া কে কইরা হোসেনিয়ার বেচন না হোসেনিয়া কইরা আমাকে দেখাইয়া তারার বেচন পরে মারা কইরা কুপ্তেল বইয়ের জেরাতে এর বই বাইরেই বোমানো একটা
/kaggle/input/regspeech12/test/test_barishal_0063.wav,পঁচিশ বছর হিসেবে পঁচিশ বছরের উপরের নামে বিড়ি খাইছি এরপর আমি হঠাৎ একদিন একটা খাবুরি হইতেছি এই হইতে আর আইস পর্যন্ত একটা বিড়িতে আমি টান দিইনি খালি কইষে আইসি আর খাইনি
/kaggle/input/regspeech12/test/test_tangail_0107.wav,এই উর্মি তুই কি দেখছিস আজকে নিউ স্ট্রিট বা আজকে পেপার করছস হ্যাঁ সকালেই তো দেখলাম বঙ্গবাজার নাকি কী হয়েছে রে এলিজা জানোস কিছু তুই জানোস না ঐখানে মোটামুটি তোর সাড়ে তিন হাজারের মতো দোকান ছিল সবগুলো পুড়ে গেছে একদম ছাই কিচ্ছু না
/kaggle/input/regspeech12/test/test_chittagong_0146.wav,গৌণ নৌ হই গুচ্ছ টুস্য হই যে বগুগুলি এই আর কী অবস্থা আজেও ছবিতা বিম্বে কিন্তু হাস
/kaggle/input/regspeech12/test/test_kishoreganj_0062.wav,তোরা ফ্যানটাকে মনোবলী লেগে দেয়া গেলে যে তোরাই দিয়ে গেলে আব্বা কাছে উঠতাম ফকির ছাপাতাম না আম্মা খেয়েছে প্রমাণ করেছেন আমি তো ফুরানা দিচ্ছি যা যারা করেছে না যারা খুঁজে যারা এত করেছেন ফকির সাহায্য
/kaggle/input/regspeech12/test/test_sylhet_0313.wav,আসলে বাড়ি কাছাকাছি তো আর সকালবেলা উঠিয়া গেছেন গিয়া তারা বাজারে গিয়া তখন শহরে আছিল বাইর বাসা তখন সবকিছু আনা হয়ে গেছে বাইর বাসার
/kaggle/input/regspeech12/test/test_tangail_0088.wav,বলিউডের অন্যতম প্রভাবশালী ডিরেক্টর সঞ্জয় লেলাবান সেলি তার তৈরি আর রণবীর কাপুর এটা প্রথম ছবি আর এই ছবিতে সালমান খান সোনাম কাপুর রানী মুখার্জি আছে মেন ক্যারেক্টার আসলে এই চারজনেরই
/kaggle/input/regspeech12/test/test_tangail_0110.wav,চক্র ঘুরে যারা কাপড়ের দাম বাড়াইতেছে আমার জানি কেন মনে হয় এটা পার্সোনালে আমার মনে হয় যে একটা জায়গায় জাস্ট একটু দেখায় যা আগুন লাগছে বাকি মার্কেট চকবাজার আমি বঙ্গবাজারে আগুন লাগার পরে যখন নিউ মার্কেটে গেলাম আমি একটা জিনিস ফেস করলাম যে নিউ মার্কেটে কাপড়ের দাম রাতারাতি বেড়ে গেছে
/kaggle/input/regspeech12/test/test_sylhet_0437.wav,হয়ে একটু ধরুন একটু বাথরুমে যাইতাম ফ্রেদাইন একটু দড়ি এনে দিয়েছেন এখন খানিকে বুঝে ঠাস করুক উকুলে পড়িতে চাই দেশস্যানী আল্লাহ কি ক্ষুদ্র তার তাইন বুঝি দিয়ে সান্ধা নামাজ ভুলিয়ে গিয়ে ও নিমজ্ছিত
/kaggle/input/regspeech12/test/test_narsingdi_0119.wav,আমি প্রথম বাথরুমে তারা হাইড কর্তা ছিলাম যে বাবা হেগান গান আবার বাবাই যাইতে হলে শিল্পের আবার
/kaggle/input/regspeech12/test/test_barishal_0082.wav,ওই যে পাঁচটা রাজান দেয় সেই সময় আরাজ্যে জানালা এই গাছের কামে মুই বিশ বছর তুমি জোরাই নে বিশ বছরের মধ্যে ধরেন একটা না করছি দশ বছর আর দশ বছর করছি ফায়ে ফায়ে
/kaggle/input/regspeech12/test/test_sylhet_0187.wav,এখন মানে ফ্যামিলি আপনার ফ্যামিলি সে আসুন
/kaggle/input/regspeech12/test/test_kishoreganj_0105.wav,পোকামাকড় উদ্ভিদকে বেঁচে থাকে পোকামাকড় উদ্ভিদকে বেঁচে থাকে যা আমল হয় আবার
/kaggle/input/regspeech12/test/test_sylhet_0722.wav,আমার একটু ডিটেইলস খোন কাহিনীটা তুই ও কামুক্রিশ্বর করো
/kaggle/input/regspeech12/test/test_narsingdi_0083.wav,এরা লাইফ ভাবছে বড় ভুলেছে শুরু করার আগেই ইয়া দেওয়া পরে তা এলেগার কি সব আমার লোকে বড় বড় বড় বড় বড় বড় মেয়েরা করত দৌড়ে আর কার্সিনা কোনো সময়ে বাদ দে তো হৃদয়ের দিনের প্ল্যান কি
/kaggle/input/regspeech12/test/test_chittagong_0165.wav,সাজিয়া এ তোর বলে সাজিয়ার মা দেখা যাব হই হয়তোর পরে পাঁচটা বাজুক বান্দায় যা তুই জায়গাটায় তো বলা হালামনি বেড়া যাব যে বুঝির বাসায়
/kaggle/input/regspeech12/test/test_tangail_0106.wav,সালামু আলাইকু আমি জেনিন সুলতানা আইডি টু ওয়ান টু থ্রি ফাইভ সেভেন ফোর টু আজকে আমরা কারেন্ট অ্যাফেয়ার্স নিয়ে কথা বলব আমার সাথে স্পিকার হিসেবে থাকবে আমার দুজন বাধ্যাবি সানজিদা আক্তার এবং এলিজা আক্তার তাদের বয়স বাইশ বছর এবং তারা দুজনে স্টুডেন্ট
/kaggle/input/regspeech12/test/test_narsingdi_0093.wav, অলরেডিটা হাতে না হাতিয়ে গেছেন একবার পেলাম সামিয়ানা বাবার সামিয়ানা আছে আমার মার বড় বড় ডেক ডেক্সি আছে আর কী লাগে
/kaggle/input/regspeech12/test/test_sylhet_0557.wav,তা নুরাহাকে ইলানায় তানুরা ওয়াশটা অপারেশন বৈফিক করে আমরা ধরে রাইস তারা যদি যাওয়া হয়নি তাহলে কেন তো আরতা এলাফ হোসেন আছে না ফেরদেশের এলাফ হোসেন তানিলান
/kaggle/input/regspeech12/test/test_kishoreganj_0178.wav,জীবাণুমুক্ত নিরাপদ পানির জন্য বিশ মিনিট বেশি সময় ধরে রাখতে হবে
/kaggle/input/regspeech12/test/test_sylhet_0185.wav,এরা দুই ভাই দুই বই বাই একজন মারা গেছে না বাকি টিমের নাচ
/kaggle/input/regspeech12/test/test_rangpur_0026.wav,তোমার নানার কাছেই দেখছি লৌকের মেজে তরকারি আরাক লৌকের সুসিল
/kaggle/input/regspeech12/test/test_sandwip_0018.wav,মানসিরা কি বলেছে খাওয়ান খাওয়া দামি দেবী জিনিসগুলো জরুরি করতে পারো না
/kaggle/input/regspeech12/test/test_habiganj_0008.wav,আমি বেশি হলে সিলিকার ন্যায় আমরা বাসাদারি বিলের বাড়ি বিদেশ থেকে আইসো থাকছিল বড়ো নিয়ে হয়েছিল তারা তারে জ্ঞান জামাসলাম আর তিনটা গেছে তো গেছে তিনি দুই লোক রাখেন আমিও বলে জীবনে জানবাই
/kaggle/input/regspeech12/test/test_kishoreganj_0052.wav,সাইমন দানিরুক্ত মায়ের কাছে প্রযোজ্য কথা বলবে মায়ের কৃতিতে লাগাইছুন হাহ সাইমন দানিরুক্ত মায়ের একটা ইন্ডারে প্রযোজ্য হল সুন্দর না
/kaggle/input/regspeech12/test/test_sylhet_0118.wav,ভিসাকে স্বাধীনত শতান্ত লাস্ট মাসের দুটো গাড়ির ফার্ম ছোড়া হইত লিস্কারিয়া ছোড়াইতেইটা ভিসা নিয়াই তো এমন তো আমার ধ্বনির ভাড়া নামাদিত
/kaggle/input/regspeech12/test/test_sylhet_0486.wav,ানিকে না দেখাইতাম না আমি কি তোমার বেতাদেশ হন আমি তোমারে ভয় পাইলাম তোমার হাতের মধ্যে এটাই ফায়ার বাবা এটা তোমার জন্য আনছি না এটা বা হাতে আঁকিল ফলে ম্যাডামি দেখতে গিয়া বলে দেখতে পারান আমি খুব প্রশ্ন পাইলাম বা আমি ডোরাইলাম আমি সান্ধা শুরু করছি বইয়ের জানা
/kaggle/input/regspeech12/test/test_sylhet_0699.wav,তিনজনের গরু নাতিন সা আর তিনজন তিনজন তিনজনের গরু আর একজনের গরু বিয়ের জন এরাও তাই নাতিন সা ও খুলে যার কই করুন তারা
/kaggle/input/regspeech12/test/test_noakhali_0027.wav,উমা এটা করে দুদিনের জন্য ফোন দেন হাসান হাসা না আমরা ফোন করিস না আমরা দুদিন কল্যাণ দুই এখন আবার কল বেশি হয়েছি
/kaggle/input/regspeech12/test/test_habiganj_0100.wav,যে সিলেটের ভিতরে যাই আমার পূর্বে বাড়ির দ্বারা আছে সিলেট যাইতে পারব অন্য হয় না হইলে টেবিল লিখে দিতা না
/kaggle/input/regspeech12/test/test_sylhet_0056.wav,তাইর কাহিনী তাই যে তিন মাসের আশ্রয় সমতায় মাতু অসুস্থ গেলা গর্বইটিকে কানে শুনেন না শুকিয়ে দেবেন না তার নিজের বিরাধ না আমি গর্বইটি পেয়ে গেছে নবনায়ের হান্না করতে দুধ খাওয়া লাগে
/kaggle/input/regspeech12/test/test_sylhet_0335.wav,তো শুরু করলাম পড়া পড়িয়া যখন লিটেন্ড পরীক্ষা দিতাম তখন তো মোটামুটি অবস্থা খারাপ পরীক্ষা দিতাম ও সোনা
/kaggle/input/regspeech12/test/test_sylhet_0549.wav,আমরা মদীন্দ্রনাথ হিংসি এ ভাবা হয়েছে প্রাস্তিনিত প্রাইভেট এবার না ধরছেন এই বাড়ি যে একটি কাল নাগি পরে একটি পড়াও কিস্তান আনন্দ হয়েছে পন্ডিন বিলাইবার রুটিন পিকাপেরা এগারেও ধরছে না
/kaggle/input/regspeech12/test/test_sylhet_0046.wav,ভাই বড় ভাইয়ের ছেলে না কাজ করেন এখানে ছিল আমার পয়েন্ট আছে কেউ বলেনি আর অন্যরা কি তা করেন করার লাগত
/kaggle/input/regspeech12/test/test_habiganj_0114.wav,ফোয়াল আছে আর কিতাব কিতাব আছে ফোয়াল আছে আর কিতাব হতাম এখনই লিখিতাম এসিসি পরীক্ষা পর্যন্ত নেভ
/kaggle/input/regspeech12/test/test_sylhet_0450.wav,আমারা নিয়ে সব অর্ধ্বয় যদি পরে উড়িয়ে যাই রাস্তাতে এসে যোগান অসুস্থ মানুষ সবসময় উদ্ধার আইন মানুষের ব্যক্তি
/kaggle/input/regspeech12/test/test_sylhet_0292.wav,তোকাভিদের দেখাও কাউকে তখন মোহরানা দার্য করে ওই কিস্তে কিন্তু তারা মানে যে গিফট বা রিন্টিং একটা দেওয়ার লাগে অত্যাহত কিছু দিচ্ছেন না কিন্তু ফিক্সড করে লিখেন
/kaggle/input/regspeech12/test/test_sandwip_0030.wav,সাজপুর না বোনা নে ইয়েতন আমি জাজেতন আমি চলিয়েছি আমি কিন্তু তুই বলে আতিরের নং কাছে ফোন করছিস আম্মার কাছে জেনে চলিস বাসনে কিন্তু মাল্লা বিস্তার হলেন না
/kaggle/input/regspeech12/test/test_sandwip_0078.wav,জানালার নিচে নামা ভিতরের বাড়িতে গেলেন কোনো হিসেব না হুম এটা কোরআন গেলে তোরা আল্লাহ গেলেন
/kaggle/input/regspeech12/test/test_chittagong_0124.wav,পুবি চিত্রকে দেন
/kaggle/input/regspeech12/test/test_narsingdi_0051.wav,স্বর্ণালী জড়িয়েছে না নায়না অন্য প্রার্থনা পর্যন্ত সাফ করা হরে আগুন লেগেছে সনদ দোয়ানা প্রতিবাদ গিয়ে বিড়ি টানত না যে আগুন লেগে দেন লাগায় করুক অনেকেই চিন্তা করে হয়তো ধুপেতা লাগে দাদা
/kaggle/input/regspeech12/test/test_sandwip_0106.wav,হেতে মূলান্তরিত নোয়ারালের সবচেয়ে বড় কারণ ইউনিয়ন আর দৃষ্টিতেই এন অতিরিক্ত করে হেতে ইউনিয়ন একদম হান্ডেড হান্ডেড একটি আঙ্গুলগুলোকে আমরা সারি দিছি আঙ্গুলিয়ারে তো এক অন্ধে অরাল্ডায় কোন সাপ নাই
/kaggle/input/regspeech12/test/test_sylhet_0273.wav,তোতা করতে করতে আমার টার্গেট হইল এখন মেন টার্গেট এগিয়েছে যে আমি বায়েরারা খুশি করতাম কিন্তু বায়েরা আমারে খুশি করি আনিয়া পরাদ দিসই আমি এখন বায়েরারা খুশি করা মানে আমার রেজাল্ট বালা হইলে বায়েরা খুশি ও বায়েরারা খুশি করালেই তখন পড়ি পড়ি পড়ি পড়ি
/kaggle/input/regspeech12/test/test_sylhet_0673.wav,ও আচ্ছা তাই আমার ছোট ছেলেই ও ডিসির হবে তো সাহায্য করে যে নাতি হইলাম ডাক্তার হয়েছে তার ভাবে হেল্প কর
/kaggle/input/regspeech12/test/test_narail_0001.wav,কী বলারটা নাম কেন আমরা তো বাড়তামো চাও তা যে বিয়ে রাখলাম সেনকে ঠিক পারলাম যে আলাদা শরীর কী বলারটা নাম কেন তিন শরিকের জমি
/kaggle/input/regspeech12/test/test_sylhet_0756.wav,মানে কোন নিয়মনীতির মাঝে না সব আমরা চলি না যে বিয়ারমাজে এক নিয়ে টুকদের আছে রাষ্ট্রপতি আমরা যেলে হন আপনি সাধারণ মানে ও হাম্বু হাম্বু হাম্বু আছেন আমি তোমরা স্বেচ্ছা করতে পারি না
/kaggle/input/regspeech12/test/test_sandwip_0038.wav,বাড়তি যা খাইছে নাকি
/kaggle/input/regspeech12/test/test_chittagong_0037.wav,কেয়ার কেয়ার তুলালে হাতারা কোসুম্বা কোসুমার নামে দুলাদুলি ওই ওরিং কি কোসুমের কিছু গেয়ে রেখি দেরি ওরে আর কি ফোকালা হাওয়া না এই কে সাথে এদের ইকে সাথে প্রেম ব্যক্তি পেয়েছ
/kaggle/input/regspeech12/test/test_narail_0180.wav,রান্না তো হয়ে গেছে হঠাৎ একটা ছোট্ট মাংস হইতে মাংস দান দিচ্ছে তার খবর নেই পন্ডার করে খাওয়া না কারোয়ারে মাংস কিভাবে কেনে এক এক কেজি কেনে নাকি অল্প অল্প তো কিনা যেন
/kaggle/input/regspeech12/test/test_narail_0148.wav,বিয়েবাড়ি কেমন যাবা নে তুই আমি তো বিয়েবাড়ি বসিয়াই রয়েছি মেয়েবাড়ি রয়েছে মানে তুই গিরামের ভিতরে বিয়ে আসছে নাকি
/kaggle/input/regspeech12/test/test_sylhet_0710.wav,আচ্ছা আপনি বাড়ি খানো বাড়িতে আমার সিংসাগর মার্চার জায়গায় তা সিলেটের বিতৃত না ঠিকানা বলতে আমরা এমনি গুপ্ত লাগিয়ার কি এখন
/kaggle/input/regspeech12/test/test_chittagong_0053.wav,অবলিন ইনোহার মানে মালহাস্য অবৈন্দিন করিলে দত্তদের বুঝুক না এই উমিয়া ইয়াসিন্ডা গরিবদের এ আমার হোম পরিবি না
/kaggle/input/regspeech12/test/test_sandwip_0090.wav,আত্মার মানে গেছে যে আয় দম খিশিরোষী দায়িদার এরকম উনি এরকম রাজা করিতে আর নাই আজ যদি এ চোখরা নিয়ে কেনা দেয় এতে আরও অশ্বাসুজিবি বেগম এতে মন একদম সমস্ত করিলেছে তাকেও খরচ করিলে দেয়াছে আমার শুষিয়ে যে জ্যাস্থা
/kaggle/input/regspeech12/test/test_chittagong_0028.wav,বয়সের আগে ফাকিসের লক্ষ্য বিয়ে দিবে অন্য করব না তো একটি গরিব আলোক নিয়োগ্য বিয়ে ওমা আরে জো বিয়ের বয়স হই না আমারে মা বিয়ের বয়স নইলে তো তো ফাগি গেইজ ফাগিরা তো জুলাও গিজ্জু
/kaggle/input/regspeech12/test/test_sylhet_0478.wav,যত দিন আসলা মানে হসপিটাল বাসা বাড়ি মেনে এসেছে এখন ম্যাডাম আস্তার তাই দুজন ভাবিয়ার লোক জানিয়ে না যে তোমার মানুষ রোগী সন্দান আর কিন্তু সেও কোনো কোনো থাকে না জানার সাথে এগুর মা আমার হিবোয়েন হিবোয়েন সব হসপিটাল পোড়া ওড়া পালায়
/kaggle/input/regspeech12/test/test_sylhet_0746.wav,চোদের আমরা গুরু মা তেহমাক বাদে আর যে মেয়ে নাকি যে একে এমন অদ্ভুতি মেহে মাস অভিশাল নাই এবার অভিশাল এন বাদে হইবা মনে করা এবার সাতবার
/kaggle/input/regspeech12/test/test_rangpur_0047.wav,ঋণ মুক্ত না হয় এত কোরবানি দিবে কৈফিনা
/kaggle/input/regspeech12/test/test_sylhet_0706.wav,জি আপনারা আমরা খালি আপনার বয়স টাটাটা রেকর্ড নির্মাণ
/kaggle/input/regspeech12/test/test_sylhet_0538.wav,পিকনিকে আমি জানাচ্ছি না পিকনিকে আমি তিনটা সীমায় গেছি আমি তো জানি না সত্যি হানি চলার ট্রান্সফার আছে আমি কি আছে রে তানিশা আর এমন একবার খাইব না আমিও তানিশা খেলে দিব তোমার ইয়ারা নিয়ে এক জামা ফেলে দিবে
/kaggle/input/regspeech12/test/test_sylhet_0659.wav,আপনারা সম্মত একটা ছোটবেলার সময়ে এক রকমাত্রের এখন দিন কাজ ছিল শুক্ষ দিন হইতে কঠিন হইয়া দাঁড়ায় আগে তো শুক্ষ দিন আছিল অন্তত শুক্ষ দিন গেছে ইহা তদন্ত ইউর দিন হইয়া পড়ছে আর এখন যাইবার কি সময়
/kaggle/input/regspeech12/test/test_kishoreganj_0001.wav,কে নে বাবা মিয়া মানে জানি উত্তর সে আপনাকে রে
/kaggle/input/regspeech12/test/test_habiganj_0076.wav,তুমি তো বালিকের চুবিদালয় করছ না
/kaggle/input/regspeech12/test/test_barishal_0012.wav,কোষের ডাক্তার এই কত মানুষ জানেন এই গোরনদীর বুকে বাংলাদেশের প্রত্যেকটা জিলের লোক আছে
/kaggle/input/regspeech12/test/test_kishoreganj_0166.wav,শিশির বেলে কি মানে দুবা মেলা ফাইনালে তারা শীতকালে বিষেদ্ধ রাতে ঘাস গাছপালা ইত্যাদি উপর যে বিন্দু বিন্দু পানি জমে থাকে তাকে শিশি
/kaggle/input/regspeech12/test/test_tangail_0086.wav,ছবিটা আসলে দেখলে মানে ভালো লাগব না তারপরে আমি যেই মুভিটা শেয়ার করব সেটা হয়েছে থাবারিয়ার দুই হাজার সাতের ছবি এর গানগুলো আমি শুনছিলাম কিন্তু এর ছবিটা মানে কখনোই আজকেই দেখা হয়েছে
/kaggle/input/regspeech12/test/test_chittagong_0025.wav,হ্যাঁ বেশি ভালোই একবারে গরমে পুতুল মুত্তু জর্কা ওরে মনে হইতে কেন ফুস্তা হইতাম যে এর ফুস্তা হয়ে কেন দার্ড বাজ গিয়োর আমার মেয়েরাও হবে জীবার বের তো বলে কি হানা সমস্যা ওই
/kaggle/input/regspeech12/test/test_sandwip_0120.wav,মানে হিতে একদম করা হারায় কিন্তু আঙুয়ে গেড়ে আঙুয়ে আসা হওয়ার মতো তো হলেন পেশার দিকে আঙুয়ে আলামতুলায় গল্পের দাবি
/kaggle/input/regspeech12/test/test_sylhet_0257.wav,ধন থেকে আটি আটি নায়নফুল থেকে আটি আটি প্রতিদিন যাইতাম কোচিং থেকে হাঁটিয়াটি আবার নাইলফলক হইতাম আহারসহ বাজার বোঝার ঘরিয়া আনতাম আনিয়া রামতাম বাড়তাম খাইতাম আর পড়তাম আর মনে মনে ভাবতাম যে আমার যে
/kaggle/input/regspeech12/test/test_sandwip_0040.wav,কে জিরোস্কিয়া অতিরিক্ত রুশিয়ালিয়ান এবং সস্তি মাতানো হয়
/kaggle/input/regspeech12/test/test_noakhali_0012.wav,মেরিকাম করের হবেমাত্র ইয়াক হচ্ছে বেগি নাম ডালের নালুর বান্ধবীরা গেছে নালুর লগে দেয়া করত
/kaggle/input/regspeech12/test/test_habiganj_0094.wav,পুরাণের তো যাই মানুষ মজার লাগিয়া পুরাণের তেলে আমার বালা লাগে একটু পুরাণে দিক দেওয়া তারপর ছবিটুকু তুলু হল সামনে পিকনিকে কোথায় যাওয়ার ইচ্ছা আছে
/kaggle/input/regspeech12/test/test_rangpur_0058.wav,এই শোনো এখনো নেই যে বর্তমানের জুট যে ঝামরা মজুত রাখে তামরা দেখো খাবার পায় না সেটা তো পায় না কিন্তু অনেকের প্রৈতিকার্থি যে শুক্রবার প্রথম রাজনাথ ফুক্রবার রাজের রামানান শুক্রবার
/kaggle/input/regspeech12/test/test_sylhet_0147.wav,পার্থক্য তো বৌদ্ধা গো মাই আমরা তো বুড়োই ইউসুফেনের হাম করতাম পারিব ঐ নাম রাখবে মার অস্বস্তি তারা দুর্বল আপনারা মাপ্পা সিন্ধি
/kaggle/input/regspeech12/test/test_sandwip_0051.wav,কেন গ্লাসিয়ে কি লতে গেছে নাকি কি লোগোয়েবায় হরিশাল দেশে কেন নেয়াত্ত লোগোয়েলামি এতে গ্লাসিয়েরা ধরতে গেছে বরিশাল নেবাস কারি রক্ত ভাসে কিছু কোনো রকমে বন্ধ করতে এলে শেষে দেখি গুরুদের এলাকাটা গাছে মিশে
/kaggle/input/regspeech12/test/test_kishoreganj_0199.wav,সাথে আসি কিছুটা আসলে কিছুটা একটা ছবি তোমার জন্য আমি পাড়াতে পারব তারা লোকের বিবের হতে পারত আর নিজের বাড়া বোমার একটি পথে
/kaggle/input/regspeech12/test/test_sylhet_0409.wav,বাগারবাড়ি কোম্পানি বলেছে যে সারা দফা টোলস ছিন্ন নির্বাকার সারা ডাকাতার শুনছি নাল অনেক সুন্দর আমরা যাইতামি তোকে ঠিক করি আর আমরা যাই হয় আপনি
/kaggle/input/regspeech12/test/test_sylhet_0506.wav,আর বৈশাখ মানে বাংলা ভাষায় বলে যেমন বৈশাখ মাইয়া দিন যেমন জোর বৃষ্টি বেশি দিনেরাইতে জোর বৃষ্টি বড় করে দাম খুব বেশি প্রচুর দাম আমরা দেখাতেছি আর হুদা করি যে এটা করছে প্রেম মানে হোয়া বিজলি করছে প্রেম ওরা আবার সাথে সাথে আমার আবাহনের সেতুর মাঝে দামটা কমে যে মার কিনতে কাল করছে
/kaggle/input/regspeech12/test/test_narsingdi_0081.wav,আমি একদিন খেলে দেওয়ার দিন গেছি না আমি তো এখনো পার্সিস সেপোরেশন মোটরাপি এই সম্বন্ধে তরকারা খেলার নাই যে আমি তো বড় ফুলাবেনের লাই খাতাম না আমার তা হাইড বেশি দেখতিয়া নারিলিয়া ক্লাস ফোর পর্যন্ত খেলার নাম দুটা সিনা ফাইভে দেখতেছে দুল্ডা ফাস্ট প্রেস লিড
/kaggle/input/regspeech12/test/test_chittagong_0035.wav,তুই সময়ে হাঁদিব ওরে আব্বাই বেড়ালে হোনিংকে চাইতে না পারি ছেলে বিলি বিলি ব্রাহ্মা অধিক জ্ঞাপনের মধ্যে ক্যানসেল করে দেয়
/kaggle/input/regspeech12/test/test_kishoreganj_0154.wav,গোলাপি রঙের মতন
/kaggle/input/regspeech12/test/test_narsingdi_0014.wav,বাউন্ডারি হয়ে যায় ওরা চোখ খেয়ে দেখে না অর্ডারে রান দেয় আবার বাউন্ডারি না হলে অর্ডারে চার্ট দিয়ে দেয় ছয় দিয়ে দেয় এরকম অবস্থা দেশে একটা রিভিউ সিস্টেম ওরা ম্যানেজ করতে পারে না ওরা নস্য গুলি টাকা দিয়ে কী করবে
/kaggle/input/regspeech12/test/test_sylhet_0176.wav,কালার মেয়ের বিয়ে হয়েছে কই তার পর আমি একজন আরে বুঝছি তারের বাড়ি যাই না তারাও আইন কি বা
/kaggle/input/regspeech12/test/test_sandwip_0072.wav,বোক জোর পাকায় দেখেছি গুলা চক ব্যাঙ্ক বা ব্লাড টেস্ট করার দরকার কেকবার না বললে আর মিসিংয়ার বা পাইলে যদি কোন সমস্যা ধরা হয়
/kaggle/input/regspeech12/test/test_sylhet_0432.wav,বুঝছেন ভগবান বের করছি কেউ আমার বাড়ি তোমার বোন তো তোমার আমার তার হাত বুলটা একই রবি তাহার বুঝি নাই এখন ইকোফর্স আমার রাস্তার দিকে টাটা নির্বাণে
/kaggle/input/regspeech12/test/test_narail_0078.wav,রাজবাড়ী ফরিদপুর চাল আয়োজন করে বিয়ে ছিল
/kaggle/input/regspeech12/test/test_narsingdi_0095.wav,কোরিয়ান কার্টুনে গরু অ্যানিমেয়েরা অ্যানিমেল উল্লাহ হলে কথা কবি না আমি ঠিক করব তারে কবি কোকো মেলন কোনো কার্টুন আছে নাকি এডোয়ান কোকো মেলনের জিনাস
/kaggle/input/regspeech12/test/test_rangpur_0066.wav,ওই যে মোর কাকু নয় যেটা তো ভাই ওই আতারের সাথে মোর মনে নেই
/kaggle/input/regspeech12/test/test_tangail_0047.wav,ইরফান খান খাইতে নেয় পরে ইরফান খান আবার লাফ দিয়া পানিতে যায় ওর একটা আবার আলাদা ই আছে আলাদা ভাষার ভাষ্য থাকার জন্য আরেকটাই রাখছে যেহেতু ও বুঝতে পারছে যে বাঘ যেহেতু
/kaggle/input/regspeech12/test/test_sylhet_0541.wav,তাই আমি দুপুরে ভোরে রেডি আছি রাতে মিলিয়া গেছি তাহলে ইয়া গেছেন আমি আম্মার কিবর্তা আর পরীক্ষা হয়ে তার সকল লুকিয়ে উঠেছে কি বেশির ভাগ মনে কমই গেছে না হুম পরে লটারি আমরা খাইছি দুইটা
/kaggle/input/regspeech12/test/test_narail_0019.wav,সেই সময় কেউ চলে না ও সব কথা শুনতে ইচ্ছে না ভাই আজকে মা মাত্র না শুধু মাত্রে বৌমার্ত না এটা সত্যি কথা
/kaggle/input/regspeech12/test/test_sylhet_0090.wav,বই তো মানে এমন এক পরিবর্তন আছে আমরা যে বই পড়ছি কিচ্ছু নেই
/kaggle/input/regspeech12/test/test_tangail_0095.wav,কিন্তু সাকিনা মনে ওই আশা নিয়েই থাকে যে ইমান আসবে কিন্তু অনেক দিন যায় ইমান তো আসে না রণবীর কাপুর শকিনার জন্য খোঁজ নিতে যায় ইমানের ঐ শহরে কিন্তু কাল মানে কেউ চিনে না এরকম
/kaggle/input/regspeech12/test/test_chittagong_0118.wav,মাতা চলিস রূপ ডিলগ্য পাল্লা হইতিস হইতে না গত বুঝা বুঝাইতে আরে আরে হয়াইতে নাই তাহলে এসে ফোন্টা একবার নৌডিকি এটি আলো ছটফটের আয়োজিত কিন্তু পাঠদায়
/kaggle/input/regspeech12/test/test_kishoreganj_0184.wav,এলো না ওয়াই ইদাল এলো এলো
/kaggle/input/regspeech12/test/test_habiganj_0041.wav,ইতারে বাইবইন্ডে পরানী জীবন সম্ভব না অইন্যতা ফরাইতে আমার মাতা হয় তৃতীয় অইন্যতারে ফরাস্তি বালা হইলে আর ইতারে ফরাইতেইলি তোর জ্বালা যন্ত্রণা বাইরে জাগা নিজের ভাইবইন্ডের প্রতি একটু খেয়াল নাই ই তারে আমি কি তা পরাইতামি তার কথা বলে আমার রাগ হইতে জাগা কই একটা বুঝে আরেকটা এমন রাগউডে
/kaggle/input/regspeech12/test/test_kishoreganj_0030.wav,নেডা না করতে চাই নিবিড় লাগে আমাদিগের তো সবসময় হইছে মাইক স্যাক বা দায়ী বিভিন্ন কিছু বিনুকে আমার তার মাইক স্যাক বাদ আছে বিনু চব্বিশ ঘণ্টা মরাভাবে জাগায় ছিল
/kaggle/input/regspeech12/test/test_barishal_0095.wav,বউ পোলা হা রে সংসার দেবে সারা বেলার দিকে আমি তো দেখি বুঝছি সারা বেলা কৈশিকী খালি গিয়েছি মনে কিছু করেন না ভাই হায় ওই আমি অমনিল লাহিন
/kaggle/input/regspeech12/test/test_sylhet_0375.wav,তাইনোর কাপড় সুপার নিজে নিজে দুই লাখ তাইনোর খাবার দাবার দর আমি রাত দিয়া রাখলে তাইনো লইয়া খাই দিতে পারে ও ও কাজটা তানোর দুই বাইয়াসি স্টুডেন্ট তারারে আমি কই যে দেখো তোমরাও পড়ো আমিও পড়ো তোমরা যেরকম স্টুডেন্ট আমিও স্টুডেন্ট
/kaggle/input/regspeech12/test/test_sylhet_0455.wav,যেহেতু যে আমার আম্মা তারা মামা শাকিনসহ আমার যেদিন হুকুয়াইটা আমার বাড়িতে বেড়ানিতে এইটা আমার আম্মা তারা শিবজ্ঞ আগে কোথায় না তা না বেটি সিং সিরিলা সিডি হাউপাউকে বলে আমার আব্বা আমার সাফেন্দার অনুরাধী মানুষ
/kaggle/input/regspeech12/test/test_narsingdi_0039.wav,বাড়িতে লাগানোর আগে কমুন আঙুলে বানাইত তিনি কি রে কারেন্ডা বাড়ি মারা গেলেন এই বর্ণান্ত কারণ ধায়ে একটু ভরা হয়ে যাইতে থাকিতে থাকিতে থাকাইতে থাকিতে বিদ্যুৎ অফিসের লোকেরা পাইছ জীবন করেন আনুপাতিক হারে কারেন্ট যাইবেন
/kaggle/input/regspeech12/test/test_chittagong_0049.wav,গড়ত হালকা হাম গরিবের লাইয়ুলদের বোদ গেল হাইতাহাইতানার রঙ্গ করে ওর বাড়িতেও যেন রেডি কিন হাম কিয়াদি কিল্লি করতাম কিয়াদি বিয়ে দিয়ে এনে হাম কিন্তু তার না
/kaggle/input/regspeech12/test/test_habiganj_0030.wav,এইখানে তো নাইছো উঠে ওস্টেলের মধ্যে তোমার ধর্মীয় হাজ পালন করতে ধর্মীয় হামহাজ করতে তোমারও তো অসুবিধা লাগে না তা তেমন কোনো অসুবিধা লাগে না এরপরে তো পুরাপুরিভাবে করি না করতাম পারিও না
/kaggle/input/regspeech12/test/test_tangail_0094.wav,কোনো এক পরে ব্যবসার খাতিরেও অনেক দূরে যায় কিন্তু সুনাম কাপুর আবার রিমান্ডে প্রথম দেখাতেই পছন্দ হয়ে ফেলে আরোয়ার জন্য সারা জীবন অপেক্ষা করতেও রাজি কিন্তু ঈমান্ত ব্যবসার কাজে যায় অন্য শহরে ওর আর কোনো খোঁজ নাই
/kaggle/input/regspeech12/test/test_sylhet_0475.wav,কিন্তু আমরা জীবনে বাড়িগুলিটা বাড়ি হয়ে যাই ফ্যামিলি অবিযায়ী অসুস্থ আসলাম আমি একটা মাস আমার কথা বলছি না মানে কোথায় বুঝি না বলতে কিছু দিন দুনিয়ায় আমি যাচ্ছি না জানি দুনিয়ায় তাক নিয়ে না মরছি তাম জানি না মানে এক মাস পরে জানি আমি দুনিয়াতে বলা
/kaggle/input/regspeech12/test/test_narail_0179.wav,রাত্তিরি আমার বাঘ হাতিয়ে হাতিয়ে এগারোটা সাড়ে এগারোটা কোনোদিন বারকাওয়া যায় ওই বাস্তব্যানের রাত্তি এগারোটার সময় দোকান আছে
/kaggle/input/regspeech12/test/test_sylhet_0653.wav,ইন্ডিয়া তো এটা গড় বানাইয়া একই মানুষ দেখা সম্ভব আমরা গর্ভ মানুষ ভাঙাচ্ছিলাম না কিছুদিন খাওয়া দেওয়াতে কষ্ট হচ্ছে গৌরবের সকালে নাস্তা হতিছে সোহালে বাতিস পাই না
/kaggle/input/regspeech12/test/test_chittagong_0002.wav,মানুষ হলে নিজের মানুষ মাতিলে অনেক মাতিয়া সিরিয়া হন্য মাতিলে নিযুক্ত খারাপ লাগেন বিবেক্ত উগেলয়ে আনা দিকে নাই আল্লাহ তোকে এখনো হারান দেখে নাই
/kaggle/input/regspeech12/test/test_sylhet_0621.wav,তো আসেন নাই তারা তো তার ইনজেরিন আছে না জেরিন এবার দিত তাই তো আইএস হলে রাত মেডিকেল আবার দিচ্ছে হইছে না অন্য যে ডেন্টাল দিত নার্সিং হবে
/kaggle/input/regspeech12/test/test_habiganj_0037.wav,আমি হই না আমি কই দিলাম লবণ এরপরে ফয়েজাহ তোরে দিয়ার মাংস রান দাইতাম না তুই আজকে তোর হাইড্রি বাদ করত
/kaggle/input/regspeech12/test/test_habiganj_0042.wav,বাপ মার সব পরামর্শ বা যেটা বাপ মায়ের মতামত সবগুলা ভালো লাগেনি
/kaggle/input/regspeech12/test/test_sylhet_0015.wav,ক্ষুধার্যের শরীরে সবাইরে পোশাক অন্যত্র লাগা যে তোমার সে সবাইরে পোশাক খাওয়ানো হয় কেউ কি সিডিল খাওয়ায় কেউ ধরেন মিষ্টি জাতীয় জিনিস একে দেখেছেন সেগুলো খাওয়ায় উৎসুক আনন্দ উৎস গরুর গান বাজনা নিত্য যে চা পাড়া সাংস্কৃতিক অনুষ্ঠান এগুলো হয়
/kaggle/input/regspeech12/test/test_rangpur_0049.wav,তাই টাটা কয় তোমরা খায় তো উঁচু কয়ে যে লাভ নাই তোমরা যাও তো কী করে গেছিলে খাও এলা উমরা কওয়া হামরা খারাপ করত
/kaggle/input/regspeech12/test/test_narail_0121.wav,না ওরে সাইন্সার বলি যাব শেষ পেয়ে আজ ও কথা হলো সাইন্সার বলল ভিত্তিটা ওরে দিয়াও
/kaggle/input/regspeech12/test/test_rangpur_0062.wav,ঐ যে একবার হলেও সাদের মধ্যে কি ওরে আল্লাহই যে সাঈদী বসিয়েছে
/kaggle/input/regspeech12/test/test_sylhet_0712.wav,মানে যা হয় না নেই যার তিনজন আমরা তিনজন আমরা বড় আছেন একজন আমার ছেলেটা
/kaggle/input/regspeech12/test/test_noakhali_0014.wav,পার্কেনা আমি জানাব ভয় না পাওয়ার গাবলালার পিলকায় হাবলালার বেগুন দিলে আগুন ধরিয়ে দিবে তাহলেই বড় আমরা লাফিয়ে যেত
/kaggle/input/regspeech12/test/test_kishoreganj_0060.wav,এই পাল্টাতে না পারিস না আর পারি নিক্কেল রেজারের রাস্তা সাউনিক্যেরা মর্তমান বাহিনীর গানে শুকনো
/kaggle/input/regspeech12/test/test_habiganj_0034.wav,আমি তো শ্রোতার্তার দিকে খালি চাইতাম রান্তাম রান্তা মোহন আমার মা বেশি শ্রোতার্তা দিত না ঠিক শ্রোতার্তা তো আমি চাইতাম হালি রান্তাম রান্তাম মোহন আমার মায় দিত না হয় তুই এত পুঁড়িয়া মরবে রান্তা দিয়ে আমার লেগে আরও দূর বাড়াইবে কিন্তু আমি চাইতাম হালি রান্তাম রান্তাম এর পরিতাহোতে মাঝে রান তো আমি হালি বইয়ে বইয়ে দেখতাম
/kaggle/input/regspeech12/test/test_sylhet_0453.wav,তাই তুমি ফুরি আমার ছোট হাজার দুইজনের বিয়ে আছে তাই মহামাত্র তোমার বাবার বুঝা যায় না
/kaggle/input/regspeech12/test/test_sylhet_0373.wav,আর এখন পর্যায়ে পরিস্থিতি মানে শিক্ষাধিকার দিকে মাঝে মাঝে আপসেট হই তারপরও আবার মানে আল্লাহর প্রতিটি বিশ্বাস আমার ফিরাইয়া আনে যেন আপসেট হওয়া যাবে না
/kaggle/input/regspeech12/test/test_tangail_0034.wav,আসলেই যার ভাগ্যে যার সাথে লেখা থাকে তার সাথেই আবার ঘুরে ফিরে একটা মিল হয়েই আর আচ্ছা এখন আমি আরেকটা স্টোরি শেয়ার করব সেটা হয়েছে লাইফ অফ পাই
/kaggle/input/regspeech12/test/test_chittagong_0113.wav,ফরাই ছাড়া মিথ্যের মতো ফরাই অতিরিক্ত ওয়াইন্ডার অতি গরমে ফাটাই ফেলার যে গরম হার মতা হবে হারামতা হবে হারি না পুরান দেয় দুর্নাত চরিয়ে দেয়
/kaggle/input/regspeech12/test/test_sylhet_0367.wav,আমার কাছে একটা জিনিস সবসময় মনে হয় আমি অপটিমিস্টিক আমি আল্লাহকে বিশ্বাস করি এবং আমি দেখছি আল্লাহর প্রদেপদ আমাকে অনেক সহযোগিতা করছে নিশ্চয়ই আল্লাহর একটা মানুষকে যখন ফাটায় তার রীজিকের ব্যবস্থা করিয়া দেয় এবং আমি আমরা হাসব্যান্ডো এক দুই জন্যই
/kaggle/input/regspeech12/test/test_narsingdi_0137.wav,আমি ডিআই ইউ তো যাবি এদিকে অনেক টাকা লাগে
/kaggle/input/regspeech12/test/test_tangail_0004.wav,আর ফ্রেডির সামনের দাঁতগুলো ছিল একটু বড় মানে আমরা যে স্বাভাবিক মানুষ যদি দেখা যায় না বাইরে থেকে কিন্তু ফ্রেডির সামনের উপরের দিকের দাঁতগুলো ছিল একটু উচা আর বড় তাই মানে দেখতে কঠোর লাগে
/kaggle/input/regspeech12/test/test_sylhet_0297.wav,গুরুত্বপূর্ণ কিছু না জাস্ট তাইনো হ্যাপি থাকলা তাইন যদিটা পেমেন্ট করতে পারেন প্রপার্লি তাইনো হ্যাপি থাকলা তাইনো গিফটও দেওয়া হইল বাবা মাও খুশি থাকল সামাজিক যে সংস্কৃতে অগ্রগতা পালন করা হইল
/kaggle/input/regspeech12/test/test_chittagong_0138.wav,তুরে যদি একটাম হই ইটার হবুদের মানুষ লয়ে যাও তাহলে ইটার আনিব ইটার আলো তুলা লাগে ইটার গর্ত একটু আইনাভারের ফলে তুরা হাতের এক অংশে ফাটে কিছু হল আয়াত কীরগুণ
/kaggle/input/regspeech12/test/test_narsingdi_0016.wav,এই এল দেশের পরিস্থিতি গুচ্ছ অন্যান্য দেশগুলোতে দেখ অস্ট্রেলিয়া দেখ নিউজিল্যান্ড দেখ এক মিডল স্টার অস্ট্রেলিয়া খেলতেছে ও বলে কী গতি নানা ইংল্যান্ডে দেখ জিয়াল স্যান্ডারসন
/kaggle/input/regspeech12/test/test_sylhet_0551.wav,আর আমার বাসার সবচেয়ার বছর এবং সবচেয়ার বৃহস্পতি বেশি হবার সারা জিনিসে লাগছে যেহেতু তাড়াতাড়ি কহিলাম যে ও আমার মাকে পার্সেল নামিতে তিনটা সেক্টর পর্যন্ত দরকারের স্যালারিও কমাইয়া নিবে স্যারের স্কৈরাল স্যালারি কোনো বিষয় না আসলে নিলে তো সবাই অভিভ
/kaggle/input/regspeech12/test/test_sylhet_0022.wav,আর ভিডিও অনুসারে পূজা করার পরে মার খাসেজ অঞ্জলি টাইমের সময় মাইকেল হাউস করে আমরা এগুলি অঞ্জলি দিই এবং পূজা করাই সপ্তমী পূজা পূজার পরে এখানে প্রসাদ খাওয়ানো হয় মানে ঘরে আমরা খুব বেশি আনন্দের প্রসাদ খাওয়ানো হয় তার পরে ধরেন কিছুরি কিছুরি খাওয়া সবকিছু সপ্তমী পূজা
/kaggle/input/regspeech12/test/test_narail_0006.wav,মনে করল তা আত্ম কত তাই শুনতাম মানসিস্টা তাও তবে ঘরের অপবোখবর আমরা কি তোর বাবা কি করিছেন কি যেই জমিতে এই ঐ জমিতে ঐ এসব কেন করিচেন কেন জানি এতোয় যে জমিজাতিরা খাইছে কিনিসে এই জমানে তুলে জমি দান আইনটি একজন কিন্তু
/kaggle/input/regspeech12/test/test_tangail_0071.wav,এটা বরুণ দাওয়ানের একটা মনে একটা জায়গা করে নেয় পরে বরুণ দাওয়ান ডেইলি কাজ শেষ করে হাসপাতালে যায় ফিলির সাথে দেখা করে অর্মানের যে কোমায় যে গেছে মানে সেন্স যে নাই পরে ওই সেন্স ফিরিয়ে আনার ট্রাই করতে থাকে
/kaggle/input/regspeech12/test/test_rangpur_0091.wav,ইলিশ মাস ইলিশ মাস দেখেছিস কুড়িপালু ইলিশ মাস কায়েন্সে তো ইয়া মদ জানি চলছে তো ভালোই নাকি কোনো ঝুড় ঝামেলা নাই ঝুড় ঝামেলা নাই
/kaggle/input/regspeech12/test/test_sylhet_0151.wav,তুরো যেন এত বিয়ে ফাইনাল গেলে স্কুল দিয়ার বাদী বিয়ে হচ্ছিল খান বড় জনের নাঈম্জ তো সাদারা পারিবারিত মুখ ব্যবস্থা করছে আপনি
/kaggle/input/regspeech12/test/test_sylhet_0697.wav,আর তিন ছেলে তিন বৌ তিন গোরু তিনটা তিনটা দুইজনের গোরু দুইটা
/kaggle/input/regspeech12/test/test_chittagong_0076.wav,সাঈদা সরকার ললে টেনশন না সরকারে লইলে সরকারের মতো পার্তা না সরকারের মতো দলিত তুই সাইসোল্লাও এরা করিবে আরাহিত আশ্চর্য সাজেক্টরের খোঁজু সরকারিত মনোবিজ্ঞান আছে তো
/kaggle/input/regspeech12/test/test_sylhet_0230.wav,বাদে ঐ লোকেয়া ওটা করতে হতে কত মানুষে যে আমার বায়ের যে না করিয়া দিছ না দেখি আর একটু দেখি রেজাল্টাকান্দা বারো কোথাও তা হইয়া হইয়া বাদ চিন্তার আগে বিদায় নামিয়া অবশেষে
/kaggle/input/regspeech12/test/test_tangail_0118.wav,সবকিছু মিলে কিন্তু এখন একটা জিনিস ভালো যে শুধু প্রধানমন্ত্রীর ওপর ডিপেন্ড করে নাই দেশের সবাই যে চার জায়গা থেকে ফেল করার জন্য আগে আসতিছে এখন ডিসেন্টলি দেখতে কিছু ব্লগার রাফসান্দের ছোট ভাই
/kaggle/input/regspeech12/test/test_habiganj_0048.wav,কে কে গিফট পাইছ আমি গিফট পাইতেছি সুরি পাইতে খানের পাইতে জামা দিতে একরে কিছু আসতে না পুতুল আসতে না স্রোতাকে আমারে পুতুল দিত বেশি খাতের পুতুল
/kaggle/input/regspeech12/test/test_kishoreganj_0181.wav,ওয়াইল অত হলুদ এলাতে হলুদ এলাতে হলুদ এলাতে হলুদ এলাতে হলুদ এলাতে হলুদ
/kaggle/input/regspeech12/test/test_narail_0080.wav,আমি কি তোরা করেছি আমি যদি অখুশিই হতাম তা আমি কথা বলতাম না আমার সে শুদ্ধ ভাষায় কথা চায় আমি তো কালের বাসার লাকজন দেখতেছি আমার মন নাটো বুড়ে দেবে
/kaggle/input/regspeech12/test/test_habiganj_0082.wav,লিভার ক্যান্সার করে বাস্ট মেনে মারা যাওয়ার আগে ব্লাস্ট হোসেন কি উনি মারা গেছেন তাই না এরা দুই ভাই এক বোনের আবু ডাক্তারি মরাশিয়া এবং তাই যোগপুরেন্স মুসফিটার
/kaggle/input/regspeech12/test/test_chittagong_0065.wav,আর তো এই সিদ্ধে মাত্র তিন দিন আরও হওয়া ভিন্ন লাগব না বিয়ে আছে স্নেহে আর বিয়েলে নয়তো বিয়ে আছে বিয়ে নহে না এত খুব বিজ্ঞানের সিদ্ধি
/kaggle/input/regspeech12/test/test_kishoreganj_0076.wav,সে যে নমস্ক করে উঠছ
/kaggle/input/regspeech12/test/test_sylhet_0294.wav,প্রতিচিন্তা বাজারে আহ্ব অনেকটা দরকার আছে আমি আমার এক্সপ্রেসার লইয়া আইলাম আওয়ার করে তাই লইয়া গেছেন গোল্ডের দোকানও আছে তাই না মানে রিং দিবা তো গেলাম গোল্ডের দোকানও গোল্ড কিনতাম
/kaggle/input/regspeech12/test/test_kishoreganj_0201.wav,সানি এখানে দুই যে মাস্টার যাব বিদ্যুৎ
/kaggle/input/regspeech12/test/test_rangpur_0076.wav,এলা তো ওই যে ইয়ার বলে
/kaggle/input/regspeech12/test/test_sylhet_0663.wav,তাই না লাগবা তো এখন না তাই না লাগে মাতৃত্বে
/kaggle/input/regspeech12/test/test_barishal_0003.wav,দেখি না চোখে দেখি না চশমা ছাড়া খালি দেখি বৈশ্বের সাথে ওয়াকিসের কথা কহিলেন যে ঐ মাইরে গরু ঘরে ফ্যান দিতে মাইরে দেনা ফ্যান এই উত্তরবঙ্গে কালকে নেটে দেওয়া হয়েছে না নেটের কারণ না বাস্তব
/kaggle/input/regspeech12/test/test_rangpur_0074.wav,ক্রেমিটা ক্রেমিটা ক্রিমিয়া হওয়ায় হওয়ার কয়দিন লিখতে
/kaggle/input/regspeech12/test/test_narail_0036.wav,ওই দ্বারে খাল গুলি কাগে জাগা
/kaggle/input/regspeech12/test/test_sylhet_0705.wav,তিনি এখন ও আপনার ধর্ম হিন্দু সেখানে সনাতন ধর্মাবলম্বী মানে কতজন আশ্রয় নেই
/kaggle/input/regspeech12/test/test_sandwip_0100.wav,কেমন লাইন দেয় তুকু খরচ করছে এবং দিয়ে লাহার কত খরচ করছে নিষেধ করেন তাই নাই তো সরকারি চাকরি করা দাও মোহামুডেলে ঠিক আছে
/kaggle/input/regspeech12/test/test_narail_0145.wav,তা তো অবশ্যই কি বলো তুমি এখানে আসবা সন্ধ্যার সময় আসবার আয়েত থাকবা পরের দিন ভোরবেলাম নিজেদের ট্রেনে বেড়া বলতে পারো
/kaggle/input/regspeech12/test/test_sylhet_0217.wav,এবং আমিও ধরছি যে হাউস ওয়াইফ এটা তো আমরা জন্মগত একটা পেশা আমার মায়ার হাউস ওয়াইফ আমার দাদি আছেন হাউস হয় আমার বাবিরারা দেখিয়া হাউস হয় আমার বৈনের চাচাত্য বৈনেন খালাতো মামাতো বৈনেন সব হাউস হয় আমিও মনে হয় হাউজ ওয়াইফ করিম
/kaggle/input/regspeech12/test/test_chittagong_0169.wav,তাহাই দেখা নাকি অন্য কিছু ভেতর বড় ফুফি বা বানাস না
/kaggle/input/regspeech12/test/test_narail_0009.wav,আমি বললাম যে কী হেরেছেন টা পয়সা টা পয়সা তো আমরা পাইছি দশ হাজারটা তা শুনলাম যে এত কত ঠা দিচ্ছে আমাকে চিকিৎসা হতে ঠা বসা তালে কী আলো আপনি খাইছেন নালে আমরা খাইছি কস্তালী তুই লাইনে থাক আমরা লাইনে থেকে মনের সাথে কথা করো
/kaggle/input/regspeech12/test/test_sandwip_0118.wav,হেতে পাওয়া আইয়ে পর্যন্ত সবকিছুর মাস্টার হস্তে ধরিয়ে নেই সের জন্য হস্তে মানে কোনা দিয়ার পাখি থোনো
/kaggle/input/regspeech12/test/test_tangail_0067.wav,মানে বসতে গেছিল ওসব মানে পিছলে যায় নিচে পড়ে গেছিল আর কে একদম নিচে পড়ে যায় কিন্তু মানে পথ মানে পড়ে যাওয়ার ঠিক সময় বলে গেছিল যে হোয়ারিস ডেন মানে বুরুন ধান কোথায়
/kaggle/input/regspeech12/test/test_sylhet_0128.wav,তারপর প্রতি মাসে ধরে মেনাদের আমরা বেতনও দিব সাবান সুডারের তাইতে লাগিয়ে সত্যও মেনাদেরে দিব খুঁজে খাওয়া ওজন সমস্যা তাই নেই না না তাই না
/kaggle/input/regspeech12/test/test_chittagong_0013.wav,শান্তরাব্দ আগের তীর্ণ দিতামাহান দুগ্ধ হইতে আরও দুয়ানুযোগ্য দেবে তা দুও তো দম করিবি ব্যস্তরী লাঙ্গাইবার জান্না করিব না কী ওষুধ যাচ্ছেন সেলা ইয়াকা নামার সহিত হিহার তিন মাস হাতে তিন মাস হাঁটসা বের হয়াব আমরা বুঝিয়াই
/kaggle/input/regspeech12/test/test_rangpur_0089.wav,একশো এগারো বছরের চলে পেলাইয়া রোজা আছিস তো নাকি কী বিবাদ খাচ্ছিস ভাত কি দেখেছিস
/kaggle/input/regspeech12/test/test_sylhet_0617.wav,তো এখন কি তা তাড়িনি কেন আসেনি তাই যা কালকে শনিবারে আঙ্কেল তুমি এখন মানে সবকিছু বিস্নামা জ্বয় না তাই না আজকে সকালের উদ্দেশ্যে আসে
/kaggle/input/regspeech12/test/test_sylhet_0127.wav,বুঝছি কারে মেদাহাসে না কী করুন দেখাস না মেনাজার আছে মেনাজারে প্রতি মাসে কুইন্টি টিকিটে হাত তুলে নিব
/kaggle/input/regspeech12/test/test_sandwip_0022.wav, আনা ঘর রয়ে গেছে তাহলে
/kaggle/input/regspeech12/test/test_comilla_0002.wav,আমরা তো বুড়ি স্বর্ণ একটা রূপই ভালো যেন বিন্দাত না যে অবস্থায় স্বর্ণের দাম পাঁচানব্বই হাজার দাম খেলে বাড়ে খেলে বাড়ে খেলে বাড়ে খাইলে বাড়ে ছয় হাজার শো একাশ হাজার আশি হাজার নব্বই হাজার নব্বই শো হাজার
/kaggle/input/regspeech12/test/test_kishoreganj_0131.wav,হরেক রকমের ফল এদেশে ফলে হরেক রকম ফল
/kaggle/input/regspeech12/test/test_barishal_0051.wav,গরুর মতন খাড়ে তাই এবার আর তো একটা জীবন মূল পাঁচ দিনের দশ দিনের মাথা যদি একদিন জিরেইনে বয়ে থাইনে হেদনা গদিনে মৌরি মনে করেন রেসপার্টালাইন কস কষ ফস ফস করছি প্রাহারাদিন হাইয়া তো মুই মনে করেন ভাল্টেই না
/kaggle/input/regspeech12/test/test_kishoreganj_0141.wav,ডায়রিয়া মতো বিভিন্ন চর্মরোগে আক্রান্ত হয় হয়তো কাজের জন্য আগের কথা করি কীটনাশক মাটির দূষণ কী করেছে
/kaggle/input/regspeech12/test/test_narail_0141.wav,আমার সতীন বঙ্গিপতি কোণে না তুমি হাসিয়া বলিতেছ এই কিনতে হবে না
/kaggle/input/regspeech12/test/test_sylhet_0156.wav,তেলিগ্রাম আছে তাহলে দুই শব্দ হইত এখন বহুত বালা জিন্দিলে কি রকম আছিল সময় কি এলাকা তাতে পাইল জঙ্গল আছি
/kaggle/input/regspeech12/test/test_tangail_0003.wav,ওরা তোর ভোকালের তো এটি মানে বুঝে আর কি কিন্তু ভোকাল তো একটা মেনেই থাকে না পরে ওরা নিতে চায় নাই কারণ উয়ার আগে গান টান করে নাই
/kaggle/input/regspeech12/test/test_rangpur_0009.wav, গরু বেটা আসবে না ক্লাইসে উপহার দিন
/kaggle/input/regspeech12/test/test_sylhet_0358.wav,আমি যখন ড্রিম টার্গেট সেল্ট করছি তখন কিন্তু হল আর হাউজ ওয়াইফ তো হৈমুখ এটা তো আমার টার্গেট আছেও পাশাপাশি আমার একটা পেশা দরকার
/kaggle/input/regspeech12/test/test_narail_0186.wav,আমি তেইশ চব্বিশ তারিখে যাব আর তোর দিদিমা কেমন আছে আছে কালকে যে সন্দেশ টান্দেশ খাওয়ায় আসলাম কালকে মীর জাফরকে ছিলাম আমি আইসিসি আজকে সকালে কালকে সকালে আর কি পরশুদিন কি ছিলাম দেখি
/kaggle/input/regspeech12/test/test_narail_0111.wav,ও ঠিক শুনালে তুমি কী করলে কারণ অঙ্কুর শিরে নিয়ে কালিয়ায় তো একটা বছর কালিয়ায় থাকব ফাইভে দেখতে দেয়াব কারণ শাহিন চারুভাড়া নিয়ে খুব স্বপ্ন বুঝিস
/kaggle/input/regspeech12/test/test_sylhet_0213.wav,নতুন নতুন ভুটার বর এটা দেখিয়া নাম দেখিয়া আমরা বাই বলেন তো খুব হাসতাম এত বিদ্গুটে বিদ্গুটে নামাই তো ইটা হরিমুন্নেছা কদুরন্যাসা কিতার বাপ কিতার মা ও তার সিনেমার মা
/kaggle/input/regspeech12/test/test_noakhali_0022.wav,বলো এখন মিলেছে
/kaggle/input/regspeech12/test/test_chittagong_0136.wav,রুমি আফরানের পন্থান অজায়িতের হত্যাও নিয়ে এলে মানে হত্যা দেখিনি জানা হইবে আজ রাফো হত্যা তুই আইস্পুন না ইহুদি আয় নজরীউ হয়তো কিলা নজরী আয় হদি আসিসের তুমু অনুভূতি যদি বেশি থাক না আমি নগরীস বেশি সেই হটগ্রি
/kaggle/input/regspeech12/test/test_narail_0114.wav,তুমি থাকবা সামাদ্দারে ভাইভে ব্যক্তি পরীক্ষাটা হল দিয়াবত দিয়ায়তের খুলনা জিলা স্কুলে বা পাবলিকি বা নৌবাহিনীতে যে কোনো একটা সব করে দেয়ালে ওরে কোথায় ভর্তি করাতে হবে সেই দায়িত্বে ওরে আমি নিজেই পড়াব
/kaggle/input/regspeech12/test/test_chittagong_0042.wav,আম্মা ওগোয়েনে আড়লে ফ্যানে ফ্যানের ঘরে এখন একদিন আবে আম্মা গলি বেটার বিটি বুঝিস না তবে নৌকা কিছু আঁটি দেখিম ইউটিউব করে দেখিম গাগিয়া করি কি
/kaggle/input/regspeech12/test/test_comilla_0007.wav,ওর মানে প্রথমে বের হয়ে গেছে দুলনার মধ্যে বসার জন্য দুলনা এটার সবটা কথা আমি রুহির মুখেই শুনছি যে ও দুলনাতে যে প্রথমে বসতে গেছে তখন ওর সাথে ছিল ওর আরেকটা ফ্রেন্ড ওই ফ্রেন্ডটা আবার ওর মানে একদম ক্লোজ একদম স্কুলের প্রথম দিন থেকে ওর সাথে বন্ধুত্ব হয়েছে
/kaggle/input/regspeech12/test/test_chittagong_0145.wav,হ্যালো কে তুলা হন্ডে হয়তো তথা নূর হ্যালো না বিলে ছোড়লা হাসোস
/kaggle/input/regspeech12/test/test_narsingdi_0105.wav,কবিবার নাইছি ব্রাহ্মণবাড়িতে পরিপক্ষের রামান্যের সিদ্ধান্ত ছাড়িয়া ছাড়িয়াছি তুমি যে জেলিকে টান ছেলিতা জাস জেলি আরও হেঁটে গিয়াছিল কাপের মতো দেখা যাচ্ছি ওদের ফাঁসটার ওপর ইন্ডিয়া ছিন্ন বাচ্চারা খায় বেঙ্গু বিল
/kaggle/input/regspeech12/test/test_sylhet_0280.wav,আর একটা লেভেলের মানুষও তখন আন নাই একটা পাবলিক বার্সিটি থেকেই পাস করব একটা মেয়ের লাগিত ওলার লেভেলের পুরুষ লাগব যেটা গ্রামের মধ্যে এভেলেবল না আর আর একটা জিনিস হইল গিয়া তখন গ্রাম তো গ্রাম আমার মা
/kaggle/input/regspeech12/test/test_sandwip_0060.wav,পাশে পর্যন্ত শাড়ি ফুলিপুমার গাকি হাতুলু গেছে অনেক বেচার বেশি মুখ্য বাবা কেন থাকুন শাহের হিন্দু হাতে কি গরম আর হিন্দুরে না হরিয়ান হিন্দু দিলে আবার হইতে খুলি যা গোল কদিন নিতে কী ক্যাম্পারণ খালে শাড়ি ঠিক ক্ষেত্রেই শ্বাস হয়েছে
/kaggle/input/regspeech12/test/test_habiganj_0107.wav, ঊনিশ তারিখ শুরু ইসল আর শেষ হবে এক তারিখ গুজার মধ্যে আবার কিছুদিন পরীক্ষা চলব তো আজকাল যে পরীক্ষায় তাছে পরীক্ষা অন্য এক সম্পর্কে সাধারণত পরীক্ষা হয় তারা কিন্তু
/kaggle/input/regspeech12/test/test_kishoreganj_0134.wav,কলা কাটা তরমুজ পেঁপে কলা কাটা
/kaggle/input/regspeech12/test/test_sandwip_0131.wav,এমনি বাহির জীবনে হয় সেদিন নিতে হইবেন এবার মেয়েটিকে যদি খারাপ রেজাল্ট যদি মস্কারায় পাহাড় করা যাবে না তো তেরাতে তেরাতে দেবাপে ক্ষমতা আর তো দরবার কোন রাজা তেমনি নিরাজা তাঁর আরেক বেতন হয় সুতরাং একদিন আরও করছেন যায় মুচি হরানা কেন করলে বিয়ে দিয়ে লাগেন আসলে আমার নাহি এলাই করছেন দিয়ে লাগেন যে
/kaggle/input/regspeech12/test/test_rangpur_0102.wav,কিন্তু চোরের সাথে কথা হয় নাই সোয়াক সেলিম ও আগস্ট হইতে আর মেলা হয় না আর কথা হয়
/kaggle/input/regspeech12/test/test_sandwip_0042.wav,বাতের লাভেই হারাব ঘুম করে আয়োজনে বার খায়ালে সে সাহেলে ওই এলে শোনা আছে নতুন
/kaggle/input/regspeech12/test/test_rangpur_0001.wav,ভাই আমি দেখি যা আমাদের বাড়ির সামনে গেল হ্যানা কী সে মা কেন শাখায় পানিই খাইবে কেয়ার গোসল্লামে দিবেন দাস
/kaggle/input/regspeech12/test/test_sylhet_0094.wav,দুকান বাকি লাগে দুই হাজার বাহাকার পিতৃত্ব দিয়া যায় এন্ডাস্ট্রাস্ট করিলা খোদার জাহাজ যে এনাতো ছয় হাজার হাজার যাওয়াই না ঘরবাড়ির একটি তিন হাজার পাঁচটা দুকান বাকি লাগে দুই হাজার বায়াটা পিতৃ দেওয়ার ক্ষুদ্র
/kaggle/input/regspeech12/test/test_sylhet_0588.wav,এন্ড্রো না হয় আসলে এন্ড্রো যদি জানতাম আরও আগের আসলে ভালোই মনে কি তা যে বেটা তাবিজ দে যেটা পরাজয় থাকিবে আর কি তাও কিগিন ফরিয়াও ক্রিয়াফোর
/kaggle/input/regspeech12/test/test_narail_0175.wav,নয়নের বউ থাকে কানে অনেক শরীর তুই আসতে বল তারা থাকতে চলে অনেক থাকতে কাজ করে হুম
/kaggle/input/regspeech12/test/test_sylhet_0748.wav,মাহফুজ রামদাইয়া রায় বাবু নানী রামদাইয়া রামলা রামলা রামলা রামলা রামলা রামলা রামলা রামলা রান লইয়া শুভ লইয়া খাইবা খাইয়া বেতান ও শেষ দুইদিন যদি তার আত্মায় টানে মাত্র হইবার তাই না তার জন্য খাইতে না
/kaggle/input/regspeech12/test/test_tangail_0056.wav,অভিনয় সবকিছু ছেড়ে দেওয়ার একটা অভিনয় কিন্তু যেটা সবচেয়ে বেশি আর কি পীড়া দেয় বা যন্ত্রণা দেয় সেটা হচ্ছে একটা মোমেন্ট যেটা মানে গুডবাই বলার একটা সময়
/kaggle/input/regspeech12/test/test_narail_0170.wav,একইভাবে দেখা যায় পায় না জামাই কোন জায়গা
/kaggle/input/regspeech12/test/test_sylhet_0385.wav,সিলেট ভর্তি করাইছিল মহিলা বলেছ তখন ভর্তি পরীক্ষা আছে আপনি সরকারের থ্রোস্ট হয়েছেন
/kaggle/input/regspeech12/test/test_habiganj_0047.wav,মানুষে গিফট দিতে ভালো লাগেনি মানুষে গিফট দিতে ভালোই লাগে দিস্তিও যেমন সামর্থ্য অনুযায়ী দিসি গিফট দিতে অনেক ভালো লাগে
/kaggle/input/regspeech12/test/test_rangpur_0020.wav,শাক খাওয়া খুব ভালো না রমজান মাসে মজা হলে শাকে আছে কালে খাওয়া দাও কুসুম তুমি সিরিজ ডিম্বাজা বাইগুন বাজা কি আরো
/kaggle/input/regspeech12/test/test_chittagong_0161.wav,ছোট্ট কলেজিয়াম রাজধানীর দিয়ে মাস্টার জিয়াম তিনু মানে তো সরকারি কলেজ সরকারি কলেজ জিম্বাকে বেসরকারির চেয়ে আমরা নির্দিষ্ট কোনা লিগে একটি আলো বোঝা যাবে তুষাগারে কতটি আলো অনার্থটি আলো
/kaggle/input/regspeech12/test/test_sylhet_0472.wav,সুন্দর কথা ও বলে তো জাইরাম কোন জিনিস বই না খাইব কোন বোনের কোন জিনিস পছন্দ কোন জিনিস টাকাইব হে বাইরের জন্ম আকাশ হি বাইরের অন্যর্ভুল প্রমাণ সুলতানাই আমার বাহিনীর দাবি আর বৈনয় দরজার চেতনার মানে সবচেয়ে আর বৈণাটি একটু অপমিত্তি পায় কিন্তু বাড়িঘর দাদা
/kaggle/input/regspeech12/test/test_sylhet_0304.wav,সিলেট থাকতাম পারি ও কন্ডিশনে দিয়া তাহিল তাহিল মা বাবারাই বুঝাইছেন যে তোমরা যে ইপুরীতে গিয়া ভূ দেখিয়াইছ ইপুরীর তো রান্দাগণ দেখাইতে এবার তাই না ইপুরী যেকোনো বাড়িত যাইত নাই সিলেট তার তাকরি পরীক্ষা দিত তাহার তো তাহার তখন
/kaggle/input/regspeech12/test/test_sylhet_0020.wav,প্রথমা এটা ষষ্ঠ দিন শুরু শেষ দিন পর প্রথমে সন্ধ্যার সময় বেলগাছির নিচে পূজা করার প্রথম দিন যদি সন্ধ্যার জন্য ইন্টারটাইম হচ্ছে ষষ্ঠের টায়
/kaggle/input/regspeech12/test/test_sylhet_0732.wav,মানে সাঈদীর অনুযায়ী জয়েরা জরুরি একটা আছে একটা জিনিস আছে না তাড়াতাড়ি ধরেন বিদায় যাইত বিদেশ খেলার আর জেল একটা ভোগ আছে এই দুই হাউস্টিন মিনিটের বিয়ান্ড থাকবে কোকটা তালি কোন কোন আয়োজন করে সৈয়দ নাগরান্ন কয়েকটা নাম হইল আরেকবার খুন নাম পাই
/kaggle/input/regspeech12/test/test_rangpur_0039.wav,গোয়াটা সব কম দেয়নি কিছু খুলে
/kaggle/input/regspeech12/test/test_rangpur_0082.wav,তোমার মা যেমন অভিনয় যেমন করিয়া আমরা মাছ ঘেরে দেখছি ওজন করিয়া আমরা এখনো কিছু শিখছি বুঝছিস ওইদের সাজানো বাপ যেমন সাজানো দেখছে এখনো কিছু কিছু
/kaggle/input/regspeech12/test/test_chittagong_0005.wav,অফিস রুমুর্থুন অ্যান্টাইটেলের না বইয়ে সকালে কানাগুলি যাই এরে বৈলী বই তার মধ্যে ভিতরে যাই গুই এন্ডে যাই এরে ক্লাস থাকতে ক্লাসের ক্লাসের দেশ গুড আই আই ফজলা তাই এরে হৈলেদি ছাড়া ঢুকির অফিসের মুঠোতে গলা টানিয়ের সাইবো নামাতা হেদিন নাই
/kaggle/input/regspeech12/test/test_tangail_0012.wav,পেরিমার ক্রীড়া সেলে ছিল হোমোসেক্টুয়াল তার সাথে অনেক ছেলের সম্পর্ক হয় আর এই বিষয়টাই মানে মেরির যে ছিল আর ওর সাথে আর কি ব্রেক আপ হয়ে যায়
/kaggle/input/regspeech12/test/test_sylhet_0581.wav,এটা হয় যে উপরে তোমার বালি লাগে কিন্তু ড্রিমিয়ানটা শুনলে ওষুধ চলে গিয়ে দেখে এই বাড়িতে আমরা শেখ হাসিনা পার্ক হয়েছি প্লেসটা একটু ছোট হইল সুন্দর গাছ দুইটা রাইট সোর্স একটা রেলগাড়ি একটা স্কাই ট্রেন সুন্দর লাগছে
/kaggle/input/regspeech12/test/test_chittagong_0060.wav,না জানি কী রকম এতো তাহলে প্ল্যান্টের নাই তোর সিটি কলেজ উত্তর লেলিস পাতা লেইস না না সিটি কলেজ উত্তর কি লাইভ
/kaggle/input/regspeech12/test/test_sylhet_0239.wav,সুখ নাও সারা জীবন আমরা রে কষ্ট পাইব আর আমরা রে বদ্ধ আদি বলছি আব্বা নাই হরিয়া মতো পড়াইছেন না তারা বায়াইনামারে যেমন হরিয়া বিয়াদি লাইস্যই দেখুন তো তাই যেহেতু পড়ত স্যার আমরা একটু দেখিলাই ও দেখিলাই হয়ে ও দেখিলাই দিছি সেন আমার ভাই আমার আনিয়া
/kaggle/input/regspeech12/test/test_narsingdi_0122.wav,বৈন প্লিজ এয়ারপোর্টটাই লাগা ডিস্কে নেট করে গেছি এ দেখা যা দেখতে কি সুন্দর না চোখটি দেখ একই ক্যারেক্টার দুই রূপে না এসে হিউম্যান থাকতে পারে মুজান কি বুঝছে চেহারায় ডেমন বানায়
/kaggle/input/regspeech12/test/test_tangail_0021.wav,দুই হাজার এক সালের রিলিজ পায় সেরেন্ডিপিটি আমার অন্যতম একটা ফেবারেট মুভি কারণ এই মুভিটা একটা লাল স্টোরি মুভি আর ছবির নায়ক থাকে জোনা থানার নায়িকা
/kaggle/input/regspeech12/test/test_sylhet_0394.wav,সমস্যা না দরজার মেলায় ওন আইসিসি ফুল জুড়ে দুটি উঠিয়ে যায় বাসা সামলায় যাই যে পুলিশ
/kaggle/input/regspeech12/test/test_sandwip_0025.wav,জাহিদা একসামির ঘুম আসলে আসামির হলাম এনে ভালোই যে বিকেলে লাগে ভালোই যে ভুল হয় নাই এটা নিয়ে খানি সবসময় আসমা ফারেজের সঙ্গে যাহিদাদের সঙ্গে এগোত্ত হাসির সঙ্গে গাছ মাফারের কথা এনেছি আগে আসমাফা দেখবেন আন্ডার আরোপ্ত ম্যাডাম আসল
/kaggle/input/regspeech12/test/test_sylhet_0040.wav,যে মা লক্ষ্মীর ঘরটা ছানা দুর্গা সব ঘটনাতে পানি নিবে গটে ভীষণে পানি নিয়ে তারা না রাখবে এই পানি দিয়ে পরেও আমাদের হাতে শান্তি আছে এটা সবাইকে চাইতে অপরাজিতার ডাল আছে একটা অপরাজিতা ফুলের ডাল আরে কি কি স্টার্ট করে মন্ত্র উচ্চারণ করিয়া
/kaggle/input/regspeech12/test/test_chittagong_0039.wav,ঠিকটা পদার্থে পদার্থের একটি নামে জোরমুর হয়নি না একটি আড্ডাগতি কেয়ার করবি বৈন্যবাল আর কি আর সিন্ধু বিব্যন্তরী ফল হারি রমজান মাসে ফল হারা
/kaggle/input/regspeech12/test/test_noakhali_0024.wav,একজনে কথা ফোন করব না করিয়েন না আনাটা ইট বাঙালি ইট বাঙালি করো ইয়ার কাজ নেই বিলিয়া কাজ নেই বেঙ্ক মিলিয়া কাজ নেই কিন্তু এটাই মনের মনের রাগ বুঝি টঙ্কা
/kaggle/input/regspeech12/test/test_sylhet_0178.wav,কোয়েন্টে মাইলা হাই পাই কিছু না একজনের জোহরা ও মাদ্রাসায় চাকরি করেন একজনের এটা অত পয়সা ও বিষয় নাই খোলার মতো আগে কোন সুরোর আর একজনের পর্রা অন্য গ্যাসলাইন পর্রা আর আর অফেন্ডে মানে হুন্ডার আর কাম করুন ও লাঠিটা কোন সুরোর বাঁচাও
/kaggle/input/regspeech12/test/test_narail_0185.wav,পাত্র পার নিচ্ছে আনা না বৌমিক সকালেই গেছে তারা তোর বাড়ি যাবে নিতে পারবে
/kaggle/input/regspeech12/test/test_sylhet_0603.wav, এরপর ম্যাডামের সাথে যখন ছবিটুকু তুললাম এরপর লাভে ম্যাডাম হইতেছে ম্যাডাম যে মালা লাগত ছাড়েন ম্যাডাম আমার সিনেলিতে নয় নিয়ে চিন্তা না নিতে তোমরা তো মানে
/kaggle/input/regspeech12/test/test_narail_0044.wav,দফারের জায়গা রাখল তোর বাবা ওই জয়ী ভাষা কুরকুল জাতীয় দফাদারগুলি শ্মশান শিবু ওই তো বড় বড়ি মাংসের ফল
/kaggle/input/regspeech12/test/test_narail_0129.wav,গরমের ভিতরে তার আবার উঠিছে সে হঠাৎ করে গেছে চন্দন যশোর আসল মনে করেছি প্রচুর গরম তো নেমে যাবানি থাক পরেক সময়ের তুমিও তোমার অনেক মিস করতেছি আসো একটা সময় একটু সময় দাও
/kaggle/input/regspeech12/test/test_sylhet_0383.wav,তাহলে কই থাকুক একটা বিশালটা ইউর মধ্য দিয়া গেছি আর কি অভাবন ওতন চিন্তা দুশ্চিন্তা ওটার মাঝে দিয়া গেছি গিয়া তারপরও আমার বাড়িতে আনছেন আমার একটা কোচিং দিয়া পাশেও নায়ুর খেলে একটা মেসো দিছে নায়েহ মেসোর সিওন্য আমার লোভের আলোক সাইচ্চেন্ট হাস্তালোক মহিলা গুলিতেও পড়ছে তারা আমরা একটা কোচিংয়ে দিচ্ছি দিয়া পাশেও নায়ুরকেল একটা মেসো দিচ্ছি নায়েহ মেসোর সিওন্ড নামালার মানুলাকের মানুলাকের মানুলাকের মানুলাকের মানুলাকের মানুলাকের মালাকের মালাকের মালাকের মালাকে মুলাকে মালাকে মুলাকে মালাকে মুলাকে মালা
/kaggle/input/regspeech12/test/test_sylhet_0287.wav,আমাদের যে সমাজ আমি হয়তো আমার চেয়ে কোয়ালিফাইড হাসব্যান্ড পাইব তখন আমার ফিউচার নিয়ে সার্টিফ আর যাই হোক আমি যেই স্ট্রেসের মধ্যে রানের মাঝে উঠছি আমার একটা জ্বর হইব এবং আমি চাইলে এখন আমার চেয়ে কোয়ালিফাইড হাসব্যান্ড পাইব
/kaggle/input/regspeech12/test/test_narail_0107.wav,ওটার থেকে যখন ডাক্তার দেখাইছিলাম ইনফেকশন হয়ে গেছিল আর এবার দেখালাম তা ইনফেকশনের ইটা কমে গেছে আর ওটা ভেঙে ছোট হয়ে গেছে
/kaggle/input/regspeech12/test/test_sylhet_0043.wav,পড়ালে হাতা ব্যাপার হই মানে আঞ্চলিক ভাষা নিয়ে আমরা একটা রিসার্চার্ট কি তাই আমরা এমনি একটু ক্ষোভ কর্ম কথাটা রেখে ধরো আমার ছেলেটি বাহিরের দরকার আপনার
/kaggle/input/regspeech12/test/test_kishoreganj_0028.wav,অপরাধী নাম না ভুলেছি গো মানে ইলা মারা গেছে ইলা সিলে আছে সাইজ সামবাজার উত্তেজি যেন একটা স্কুল আছে কি একটা কিন্ডার গার্ডেন হো কী সুন্দর লোক এটা মা সে ছেলে নান্ন মুখিত্র মা আর কোন কারিকালে বাংলাদিয়া
/kaggle/input/regspeech12/test/test_barishal_0039.wav,এখন কাকে কয়েকটা গরু পাল না দিদি খেয়াল করেন গরু পাল তাহলে নিজেকে খাটনি বেশি না এই যে আম্নিদিকেল সন্ধ্যাকালা দিয়ে গাছগোজা কাটলেন কি দরকার আছিল রতনদর ফার্টেলি হালায় থাকিতেন কাটলেন কার্মিকোয়াশি কি ওত মোল্লাকে কাম করে আর ধান পাকছে ও গাছে ধান কাটতে
/kaggle/input/regspeech12/test/test_chittagong_0023.wav,শিরাঙ্গত কী কী করবি হবে না শিরাঙ্গদ গেলাম ঘুরিলাম গাড়িলাম বেকুনুর লয়ের পুষ্কটিস্থ হাইরাম গেলাম পুষ্কটিস্থ হাই আয়েও বই আর না হয়তো বেশি কর্মপ্রচুর
/kaggle/input/regspeech12/test/test_narsingdi_0030.wav,একটা টিম জিতবে ওই যে কদিন আগেকে দেখলি না এক রিপোর্টার আতার আলী খানের জিগাইল যে আপনি বাংলাদেশ টিওয়ার কাপ জিতবে কবে উনি বলল যে দুই হাতে এসে
/kaggle/input/regspeech12/test/test_habiganj_0111.wav,এবং ফিরে যায় মানে একটু ত্রিশ নম্বরের রুম ওটা লিব বাট মানে পঁচাশ নম্বরের কিছু নম্বরে উড়াই লিব এইভাবে ফিরে যায় মানে ঠিকমতো পড়ে নাকি হারুজার মধ্যে হরিক্যার লেগে একটু মানুষ একটু কিতা মানে একটু আনিজি ফিল্ড যায় কি
/kaggle/input/regspeech12/test/test_barishal_0025.wav,হাজার ডাক্তার যে ওষুধ খাওয়ায় না পোলাপান্ডে ওনার কিন্তু এই যে গুঁড়ি গুঁড়ি ট্যাবলেটটাটা সাদায় ট্যাবলেটটা বাচ্চাকের জন্য কঠিন উপকারী জিনিস এই লোক মনে করেন তিন দিন খাওয়ানের পর যে রোগটা লাগি আনি ভালোই গেলে ঐটার খাওয়ান এত কইছি যেই ওষুধ হালাবি না
/kaggle/input/regspeech12/test/test_sylhet_0025.wav,এখানে তখন বাসাতেও সে রান্নাবাহিনী না এখানে মন্দিরে নির্দিষ্ট তখন আমরা গিয়ে খাইছি কিছু রেজিস্ট্রি হওয়ার পরে ঘোড়াঘুড়ি সব এখানে সাংস্কৃতিক অনুষ্ঠান অন্যান্য দোষী হয় এই বহুত বড় সাংস্কৃতিক অনুষ্ঠান আর পূজার তো দর্শ পূজা মাদক যায় ক্ষত বা সিস্টেমেতে পূজা করা মানে অনেক কিছু দেওয়া হয় ঠাকুরের কাছে
/kaggle/input/regspeech12/test/test_habiganj_0092.wav,ঘুড়ানের দিয়া বেশি এক্সাইটেড রোডার দিয়ে একদম ভদ্র শ্রদ্ধার মতো বালা মানুষের মতন বা আর পিসিবিসি গুলো না ঘুড়ানে গেলে তার চোখ মজা আনন্দ করার লাগিতে মানুষ ঘুড়ানে যায়
/kaggle/input/regspeech12/test/test_barishal_0026.wav,এই ওষুধ থালাবি নাইয়ে মেডা বিচার যায়নি যে বোতল মনে করেন আপনার মুখে হাইতে মানের মাথা নষ্ট হয়ে যাবে যে গুরুগারের ঔষধের নিয়ম হালাই দেয়নি
/kaggle/input/regspeech12/test/test_narail_0061.wav,তোর মায়ে এবং আলাইফা চলাসে রাস্তায় ভেসে যেতে লাইফটাকে বলেছিল
/kaggle/input/regspeech12/test/test_sylhet_0204.wav,বিবাহে তাও দিলে আরেকবার গিয়া লাগত ওটা আসের পিছনে দৌড়াইতে দৌড়াইতে টায়ার ডুই দিতাম বাদে দেখতাম যে যদিন দান কি চাইছি হয় না ইডিন স্কুলের টাইম যদি হইতে দশটা তামিকে বৈঠাস্তা মাঠটা
/kaggle/input/regspeech12/test/test_habiganj_0040.wav,বিপরীত থেকে আরোর যেমন মজার তো লাগে না আমারও একটা স্বভাব আমি তোর হারি বালা হইয়া বাজ মুজ মুজ কর্ম কইরা হইলে হইলা আমার ঈদে একটা স্বভাবটি কই মা কিন্তু পানিও নিকম দে আমি কিন্তু তোর হাইতে পানি বেশি দিলাম সব তো হরমোন ঠিক আছে লাশটা দিয়ে এমন পানি দেই পানি দিয়া তোর হারি একবারে বাড়াটা হইতে জায়গার তোর হারিয়া বেশি জাল দিতে দিতে দিতে একবারে তোর সে গলায় নাই
/kaggle/input/regspeech12/test/test_tangail_0007.wav,আচ্ছা তারপরে তো ও ব্র্যান্ডের সাথে যোগ দিলই ঠিক এই সময়েই ফ্রেডির সাথে আরেক জনের পরিচয় হয় ম্যাডি
/kaggle/input/regspeech12/test/test_chittagong_0011.wav,রেলে হুয়ার ধারাবাহিক সাহেব হুইসাব করো তুমি হিসাব করো না নাকি অনেকে এখন না গুলে ইহা বেলান নেহ না তো না না উয়া দূরে গেল হালায় আটকে হালায় চাইলে নদীটো দিয়াই দেনিং
/kaggle/input/regspeech12/test/test_habiganj_0024.wav,তিন বেলায়ই পূজা করে অনেকেই আস্তে তিনবার পূজা দেয় সকালেও গুমতি গুমটা দিব নয়টার বিচ্রে আটটার বিচ্রে আবার দুবিপরেও দিব আবার সন্ধ্যার পরেও দিব
/kaggle/input/regspeech12/test/test_sylhet_0329.wav,তখন কহিল যে আমি তা তো আমার ভালো লাগে না তোমার একলা একলা পরিশ্রম হয় তুমি একলা অত্রিজনের ফরসাসাদি বিয়ার করো ভাষা করাও তাতে আমি ছোটখাটো চাকরি করি করি করুম কি তার চাকরি করবার
/kaggle/input/regspeech12/test/test_comilla_0016.wav,বেতন দিয়ে বেতন দিয়ে উনি স্কুল থেকে বের হবে আর উনার মেয়ের নিয়ে স্কুল থেকে বের হইতেছে উনি কিন্তু জানে না ওনার মেয়ের যে অবস্থা সবাই বলতেছে কেউ একটা কারেন্টের শখ মানে সবাই এটা ধারণা করতেছে যে কারেন্টের শখ খাইছে এজন্য কেউ একটা বাচ্চা দুর্ঘটনায় হইছে ওরে
/kaggle/input/regspeech12/test/test_sandwip_0004.wav,ভাগ্য নিজের মনে হ্যারো জাগানে এক্কবারে অ্যানসুল এক্কবারে তিন চিরপার প্রশ্নের জিনিয়োগে কন্যা হিদে ভাগ্য নিজে আর ভাজার একবার প্রশ্ন হইলে সারিয়ার দরকার বেড়াইলেই তুই এক্কবারে শাড়ি চিরভুকে
/kaggle/input/regspeech12/test/test_habiganj_0025.wav,আচ্ছা প্রসাদের মধ্যে কি খাবার মানে থাকতেই হবে বাধ্যতামূলক প্রসাদের মধ্যে দুধ জাতীয় খাবারটা বাধ্যতামূলক হইতে হয় আবার পল্টল বা তুলসী ভাতা তো আমরা বাধ্যতামূলক তুলসী ভাতা সব যে কোন প্রসাদের মধ্যেই তুলসী ভাতা দেই মানে যেটা দিয়া প্রসাদ সাজাইমু যেটা দিয়া বুক দিমু ইটারূপে তুলসী ভাতা দিমু
/kaggle/input/regspeech12/test/test_noakhali_0021.wav,রুকি থানা অঙ্কায়ে বেগ বলো সিনেমায় ছিলাম
/kaggle/input/regspeech12/test/test_chittagong_0154.wav,শুধু নানুর বাড়ির এক দেওলা অনেক খেলা মুন্দ রানে জ্ঞান হন দেয় প্রথমে কাঞ্জাফারের এগিয়েই একটুন বান্ধবীরের এগিয়ে বান্ধবীরের একটুন আংটি কুঙ্গুচিতেও গড়ান্তি রেখে যাবে না
/kaggle/input/regspeech12/test/test_sylhet_0005.wav,সভৈলা যে ফার্ম মুড়াইলে পুরো উপাধে করেই অন্য জায়গাতেছে অন্য জায়গাতে লীলা আর ঐ দিন তুমি যাওয়া ও সপ্তাহে কষ্ট আসতেছে তারাই একটা তান জাগাতেন পাল্লা মিঠা অথচেও বালামান পান গরু সব উৎপনালে ওনার বয়সও রইল নির্বোতলের মেঘনো তিতা টাইটো বোল হানি তো জ্বর্ষ মৌটা
/kaggle/input/regspeech12/test/test_chittagong_0175.wav,আজে কুতুবদাইয়ার বেশ দুর্গ যে আন্টিরে তাহি বললে না তাহে কুতুববাড়ি তারা সামনে যাইলে দল লাগাত মাঝে মাঝে
/kaggle/input/regspeech12/test/test_narail_0113.wav,ওরে কপাল এই তো দিলে চরম একটা ব্যথা কেন জানিস কারণ তুই আজ থেকে আমার বন্ডিরে সামলাতে ব্যস্ত আহা বন্ডি মণ্ডি বাদ বাল্লা
/kaggle/input/regspeech12/test/test_sandwip_0047.wav,খুব আলো কি লাইস তাই আছে মুখ বাইরের লাইন আজকে ক্ষমা চুর্ণির লাইন বেশি হাইনি ক্ষমাটা তোর নাই না এই দিন বালা ক্ষমাহীন
/kaggle/input/regspeech12/test/test_narail_0131.wav,ওই তো কি তুমি খুলনা আসবা কবে তাই তো জাগানি দেখি তুমি খুলনা এসপা আমার সত্যি কথা বলতে কি আমার এখন এই জায়গায় আমার থাকতে ভালো লাগে না
/kaggle/input/regspeech12/test/test_sylhet_0539.wav,আর তারিন্য তাই আগে থেকে হয়েছে তারা বলেন গিয়ে আইসিন যেদিন তারিন্দা হয়েছেন তাই বাড়িতে দিন তাই হাসব্যান্ডের ফ্রেন্ডাইরে গেছে এখন আমি নাই হইছিতে আর যাইতাম না রোজাইরেন না
/kaggle/input/regspeech12/test/test_kishoreganj_0048.wav,লাশ যায় লাশ হেভেন ক্যাগুন আগে তো বেতে ভালোবাস
/kaggle/input/regspeech12/test/test_barishal_0076.wav,আর একবেলা যদি মনে না খায়
/kaggle/input/regspeech12/test/test_narail_0178.wav,ও বলে কী কাচবাস করত ও যে টুকটুকি শালায় মাঝে কিছু হলো যে নয় একটু পানি পাঠি যায় না গিয়ে মোকালের তো লজ্জায় থানা কোনো কাজটিকে মোচন করে না রে বাবা
/kaggle/input/regspeech12/test/test_sandwip_0087.wav,মার্জারা সুন্দর তো দেন হুজে যুগ পেয়েছে মার্জার হাত অত দিত না মাদানা গান্ধী তৈরি করে দিয়ে দিতে আছে
/kaggle/input/regspeech12/test/test_tangail_0061.wav,বরুণ দেওয়ানোর ছবিতে মানে বরুণ ধারণের নাম ডেন আর রয়েছে বানিতায়ের নাম হয়েছে শিউলি ওই অক্টোবরে যে শিউলি ফুল আছে না ঐ শিউলি ফুলের নামেই একটি নাম শিউলি
/kaggle/input/regspeech12/test/test_kishoreganj_0047.wav,বিলুইস অনেকে কোয়ান দেয়া
/kaggle/input/regspeech12/test/test_sylhet_0076.wav,এটা কি তাহলে কি করা হয় এবারই বাইর একটা আইয়ুব আনা দিল জমাগাছ থেকে ইয়াহুরি আনা তিনি এখন ফলালেন হল দুজনে মানে ইচ্ছে কি তা পিতা হত্যায় আমি না আমি তো আমার ইচ্ছা নাই ভবিষ্যতে আছে কী চাওয়ার ইচ্ছা
/kaggle/input/regspeech12/test/test_sandwip_0059.wav,দৈর্য কেন নাই
/kaggle/input/regspeech12/test/test_sylhet_0271.wav,তো এটা গ্রেড ফাইতে গেলে আর ফাইসি সাবজেক্ট ইংলিশ তখন ইংলিশ সাবজেক্ট থেকে এটা পাওয়া অনেক কঠিন কিন্তু তা আমি পয়লা বুঝছি না ফার্স্টিয়ার্থ পরীক্ষা দিয়া ফার্স্ট সেমিস্টার যখন রেজাল্ট দিচ্ছে এবং থ্রি পয়েন্ট জিরো আট ফাইসি
/kaggle/input/regspeech12/test/test_habiganj_0086.wav,তার ছোট ভাই একলা বাদ্য শোক করে আরেকটুকু লেগে ছোট নার্সারিতে হয় এরা কেমন দুষ্টামি ঘরে তোমার কথা শান্তশিষ্ট না দুষ্ট নাকি তোমার কথাও তা শুনিনি এরা এরার কথা মেলাবাসারে তো দুষ্টামি ঘরে
/kaggle/input/regspeech12/test/test_sylhet_0733.wav,বিয়া মঙ্গল আচরণ বাদে ফানার কী লোক তার বাজার বিয়ে হয়ে যায়
