path,transcription
/kaggle/input/regspeech12/test/test_sylhet_0070.wav,ইগুত ব্যাচ তো আমি শাড়ি ভর্তি করি আর দক্ষিণ শামা কলেজে গেছে আমার বোনের সাথে মঙ্গুর বোন বলতে আমার বেস্ট ফ্রেন্ড বলতে পারে তাই আমি ড্রবী নেমে গেছি আর তাই আসতে থাকে
/kaggle/input/regspeech12/test/test_narsingdi_0002.wav,তারা দুই খারাপ ফেলে গেছে না তারা ওই লিগ গুলাতে ভালো খেলে ডোমেস্টিকে ভালো খেলে পরেই তো ওদেরকে জাতীয় দলে ডাকা হয় হাহ কিন্তু কী করব প্লেয়ার তো আর একটা দিতে না প্লেয়ার তো অনেক
/kaggle/input/regspeech12/test/test_sylhet_0637.wav,তারাও কি তা যৌতুনি এক লোকে তা হয়নি তিনজন অন্য পাখার একজন আর একজন বড়দার হাতে আমি কুয়া ডাক্তারর আচ্ছা
/kaggle/input/regspeech12/test/test_sylhet_0227.wav,তো কান্দি কান্দি পরীক্ষা দিলাম টিয়াওয়া আইসি অফনত শিয়া সামার করা ও বাড়ির রাস্তা একটা বুঝে নিই বাড়িত ডুববার একটা রাস্তা শিকন আছে পরীক্ষা দিয়ে আইসি বাদে দেখি আমার ভাইয়েরা রাস্তায় ঘুরে মাটি ফালাইয়া এগুলে বড় ভরের
/kaggle/input/regspeech12/test/test_tangail_0035.wav,লাইফ অফ পাই দুই হাজার সালে রিলিজ হয় কিন্তু আর এটার ডিরেক্টর ছিল অ্যাংলি এই ছবিটা যখন অস্কার পায় তার পরে আমি প্রথমে এটার নাম শুনছি যে লাইফ অফ পাই প্রথমে ভাবছিলাম যেটা মেথমেটিক্সের কোনো থিওরিটি নিয়ে হব যেহেতু লাইফ পায় আছে আমি ভাবছি পায়ের
/kaggle/input/regspeech12/test/test_narail_0103.wav,বুকে টুইনার দ্বারা পড়ে যান মানে বুকে বলতে ভিতরে তা অপারেশন করেছ আমরা অপারেশন করার কথা করিনি না না টিউমারটা এমন জায়গায় সেটা দৌড় করে
/kaggle/input/regspeech12/test/test_rangpur_0053.wav,আর আগে টাকাওয়ালা ছিল খায় ঝাই বাজার নিয়ে হাঁটুত গিয়েছিল রাত্রি দুধে একটা তাড়িয়ে আছি আল্লাহর কাছে হাজার শুকুর মোর কোন দিকের ঠেকা নেই
/kaggle/input/regspeech12/test/test_sylhet_0067.wav,কথা করতে আমি নিজেরই বুঝতে পারলাম আমার ফলে অ্যাপস করলাম কিছু করে নাই সামনে দিতে তার নাম নেওয়া ওকে তার আমি বৈধ আছি পরে তারা বলেছে আমি ভর্তি হলাম অনেক দিন গেছি কি আমি ভর্তি মার্চের দশ তারিখে নাই নাগাবাদ ছিটি আর তার বিয়ার গেছে ফেব্রুয়ারির বিশ্রামে
/kaggle/input/regspeech12/test/test_comilla_0032.wav,অর্পুরা ফ্যামিলি আমাকে খুব লাইক করত এখান থেকে আমি চব্বিশ বছর ছিলাম এখানে আমার ঐ দেশের চলাফেরা খুব ভালো লাগছে কিন্তু অনেকে বিদেশ কষ্ট এই সেই কিন্তু আমার কাছে খুবই ভালো লাগছে
/kaggle/input/regspeech12/test/test_narail_0018.wav,তা আমরা তো খাই নাই তা আমরা খালি খেলি সেতুর দরকার আমরা খাই নাই যদি ওর মাইসুতো টাকা দেশে দিয়ে তাই তোর মাইসুতো ভাই খাইছি আমরা দশ হাজার টাকা পাইছি তা তোর মাও জানে সেটা সবাই জানে আমি সবাই রাখি তাতে সব মেলাদিন আগে আমরা সবাই জানি
/kaggle/input/regspeech12/test/test_sylhet_0047.wav,বাসা এমনাতে কলেজের সময় যা রেগুলার কলেজে যা আলাকা পাইবে আর এমনাতে বাসা দেবই না ফন্টি বাইক ব্যাপারি রান্না ভাড়া করে
/kaggle/input/regspeech12/test/test_sylhet_0203.wav,ই যে রোদের মধ্যে দান কাটা খুব কষ্টর আছে নিসাফল কুটা লইয়া মুরুক আর ইটাসাদা নিয়ে আরাক চাকরি আর আমি আসলাম তো ফুরু আমার আসিলতা চাকরি
/kaggle/input/regspeech12/test/test_chittagong_0166.wav,আজ রাজবাসীরা না বিয়া সিলান অজায় ডিজাইনা ব্র্যান্ডের দোলনের তারা নতুন ব্যান্ড যে নামে তারা ছোট বই থাকে তাহলে পরে দেখে দোলনের বিয়ে নামেন নিত না দোলনের বিয়ার কি
/kaggle/input/regspeech12/test/test_narail_0155.wav,পুনার দিনই ডাক্তারদাতে খুবই গিলি কম করে দুটি তিনটি মাস তা লাগবে
/kaggle/input/regspeech12/test/test_habiganj_0060.wav,কিন্তু সুডু ধুয়েটে হত শয়তানি তারে একটা দিলে দশটা জীবন আর আমার সুডু ভাইটা তো আমারে
/kaggle/input/regspeech12/test/test_habiganj_0033.wav,আচ্ছা তোমার রাঙাটান্না নিয়ে এখন হোসেন পিতা হত্যা করো
/kaggle/input/regspeech12/test/test_rangpur_0065.wav,আরে কোন অথবার কথা কর সেই অত ওর কথা কর না বেটি উনার সেই বিয়ে করে নাই ও বিয়ে করে নাই
/kaggle/input/regspeech12/test/test_sylhet_0113.wav,আমার খালা জামাইও আছে তার বুঝি হবার মানুষ আছে তারা দোয়ালা দিলে দিনুক বলা চলে সাকোষ্ট করার চাহারা আমরা আজকে একটু কষ্ট পাব না বুঝছি ও আল্লাহ দিবে নাই কষ্ট করতাছেন ফল পাইবেন
/kaggle/input/regspeech12/test/test_kishoreganj_0185.wav,অম্বা বেলা বানান
/kaggle/input/regspeech12/test/test_sylhet_0248.wav,রিলানা বিয়া তখন পড়িয়া দিতে হইল ও তার আরে একটা জবাব দেওয়া তখন দায়িত্বের মাঝে পড়ে গেছে বাইরের মানসম্মান রক্ষা করা ও পড়তাম পড়তে পড়তে আমার টার্গেট আছে যে চাইও মিনিমাম ফার্স্ট ক্লাসটাতে না থাকে
/kaggle/input/regspeech12/test/test_sylhet_0482.wav,ভালো ছেড়ে রাখি এইখানে আমার কারণ বাড়ি চলা কি আমি একটু অসুস্থ মানুষ হিসেবে অন্য একটু সমস্যা হয়েছিল মেলার সব বেরিয়াহরের গ্রাহী সমস্যা বেশি হয়েছে ও কারণে একটু জায়গা ফালটা নেই নিজের বাসা থাকিয়াছে দূরেই থাকা তারপরেও তো বুঝলাম না কিছুটা বাবা নিজের তো ভবিষ্যত করা লাগিয়াই নাকি নিজের বাসা রাখিয়া কিন্তু বাড়াটা আমি কেন বুঝলে হয়নি আমার সমস্যার লাগে এখন কয়েকজন বার জন বাচ্চা এরাও নাকি
/kaggle/input/regspeech12/test/test_sylhet_0236.wav,তোর কি তার ইচ্ছা তো আমি কহিলাম রেজাল্টও করছি আপনারা দিলাইলে তো দিলাইবা কিন্তু আমি করতাম আমার করার ইচ্ছা আছে
/kaggle/input/regspeech12/test/test_sylhet_0391.wav,ভাড়াটি আন্টি
/kaggle/input/regspeech12/test/test_narail_0136.wav,আমার মা দুই বছর ইন্ডিয়াতে বেড়াবে আর দুই বছর আমি যাব দুই বছর যাই আমি কাগজপত্র রেডি করব তার ভোগে মারে নিয়ে যাব কোন দেশে যাব ইতালি ইউরোপে যেকোনো দেশে ঢোকার ইচ্ছা আছে ইতালি জার্মানি
/kaggle/input/regspeech12/test/test_sylhet_0097.wav,সাইজালয় সাইটিহা চতুর্থে সব জিনিসের রাগ মিলাম আর সবজি উচ্চে আমার মা এটা তো হয় বাহারী তা নেই মাস্তা হইত আমার মা নেই খাম করে আমার মায়ের তো হয় আর বিশেষ হ্রাম
/kaggle/input/regspeech12/test/test_habiganj_0103.wav,এখানে হোস্টেলের বাদে বিভিন্ন মানুষের যে আঞ্চলিক বসার মতা কেবল ছোকের খেত হিসেবে না তোর ভালোই লাগে এর আর কথাগুলো আমার হাতে আমার বাসুর ভালা লাগে আর কেউ বাসা ভালা লাগে না আর সিলেটের বাসা ভালা লাগে আর কেউ বাসাও তোটা ভালা লাগে না
/kaggle/input/regspeech12/test/test_sylhet_0576.wav,রুজিবা গত ঈদ খিলেন গেল গত ঈদের মধ্যে ঈদ হত মানে ফিল রাসলামের দেহ হইল না
/kaggle/input/regspeech12/test/test_sylhet_0481.wav,বইনে আমরা লোকে মাতিয়া দুর্নীতির জীবন ডাক্তার অবস্থা করা মানে শক্তিশালী কোম্পানি মানে সেখানে বুধরাইতে নেই তবে মানে শক্তিশালী খুব বেশি
/kaggle/input/regspeech12/test/test_narail_0083.wav,মানে দেহাইছে তাই তো তুমি কালিয়াস পাকবে কালিয়া বললাম না তিন চার দিন এ জায়গায় থাকবা নে মানে বাসায় বলতে যত উত্তরে এসে নেই মাথায় থাস্ট মানেনি
/kaggle/input/regspeech12/test/test_sylhet_0042.wav,কিছু প্রতি বছর আল্লাহ করেন
/kaggle/input/regspeech12/test/test_sylhet_0148.wav,শিব গোন্স শিবগঞ্জ তো বাবার বাড়ি কে কে আছে
/kaggle/input/regspeech12/test/test_sylhet_0622.wav,এখনে প্রায়শই আইএস কমেডি আমি কয়েকদিকে কিছু জানি আর থার্ডিয়ার পরে অনলাইনে করে নিলে অন্তত নাই স্বাস্থ্য হিসেবে ক্ষমতা করা যায়
/kaggle/input/regspeech12/test/test_sylhet_0208.wav,হতা ফারুনেগো হতা ফারুনেগো হতা ফারুনেগো আর বাপিরা হইত নাগা অতামাতিও নাগা তার বায়েন্দ্রে তাইরে পড়াইত তাই এসএসসি ফাস করলে পরে দিয়া দিব যত মানুষও হইত ও এসএসসি ফাস হলে ওটা সিল টার্গেট করে দেয়নি
/kaggle/input/regspeech12/test/test_habiganj_0028.wav,নির্মল তাহে পূজাটু জাতিতেও ভালোয় নিয়ম কিন্তু নিরামিষ খাইয়া দেওয়ান নিরামিষ খাইয়া দিলের বালা আমরা তো মাসের মাঝে দুইটা হাদুশি করি এইটার মাঝে একদিন তো উপাস থাকি সারাদিন ফল উল্ষাইয়া করি এরপরে পরের দিন নিরামিষ খাই পরে আবার এমন্য ফুজোও যা হইলে আরও কত পুজো যা আসে না নিতা তো উপাস থাইক নিরামিষ খাইয়া পূজা দেওয়ান লাগে
/kaggle/input/regspeech12/test/test_sylhet_0559.wav,কিন্তু কেউ পুরা বুঝা যায় না
/kaggle/input/regspeech12/test/test_sylhet_0514.wav,ইগোক্লিকায় চিন্তা যাবার ফোর্সা ফোর্সা যাবার ফোরেন আমি টিকেছি
/kaggle/input/regspeech12/test/test_narsingdi_0109.wav,কী জানি করে দিয়েছিলাম মরার মাজাকা না পরে মানে হেসমেতা অন্যথা সাহাতের মধ্যে তেল সিটটা ফুরে মেরে গেল টের ফাইনে কিন্তু হেসবাসের দুই এক ফোটা তেল সিটটা এসময় তাতাখালী পড়ছিল কেরে এলে কেকারো উড়াই আমি গরমে এটা সুন্দর করে মোরা রোষ হচ্ছে ইয়ায়া ফারছি
/kaggle/input/regspeech12/test/test_tangail_0078.wav,সেও আসলে ধার দেনা অনেক হয়ে গেছে পরে সবাই সিদ্ধান্ত নেয় যে শিউলির নায়িকার মানে বানিতাকে হাসপাতাল থেকে বাসায় স্থানান্তর করা হবে
/kaggle/input/regspeech12/test/test_kishoreganj_0031.wav,এদিকে সব প্রয়াতে নিয়ম অনেকে এই উদ্যায়ে লাগে না
/kaggle/input/regspeech12/test/test_sylhet_0249.wav,তো মিনিমাম ফার্স্ট ক্লাস থাকার তা অনেক পরের বিষয় আমিও তারপর ইন্টার ও আবার গোলশ কলার শিপাইয়া বাস করছি পরীক্ষা দেওয়ার বাদে বাড়ির কিস্তি আবার ওলা ধরছই মানুষে
/kaggle/input/regspeech12/test/test_sylhet_0545.wav,জ্বর হিতাবস থাকে প্রাইভেট ফরেস নেই
/kaggle/input/regspeech12/test/test_sylhet_0716.wav,আমরা রচনা দিলে এলে সব মনে হয় বুঝিলি বা আর কুয়ার গড়ন না তিনি এটা থাকাই লাগে না ম্যান্ডেটরিটা
/kaggle/input/regspeech12/test/test_sylhet_0531.wav,মেয়ার তো ফার্স্ট সেয়ার হওয়ার পরীক্ষা দিল
/kaggle/input/regspeech12/test/test_barishal_0002.wav,গরম লাগে ছুরি দিছে কি আছে না এতে গরম লাগে তো হাত চিকে নিয়ে যায় বাচ্চাদের ছুরি ফেলে না
/kaggle/input/regspeech12/test/test_narsingdi_0132.wav,শুরুবেলা তো আমি যেই কিউটা ছিলাম আমার মতো একটা বাচ্চা দেখলাম নিজেরে মনে আমার বাবা মায়ের কথা লাগিয়া তো কিউট একটা বাচ্চা হয় তোমরা দেখ শুরুবেলা তো সোর্টার মতো দেওয়া চাই না বোয়িং আমি নিজের শুরুবেলার ছবি আমিও দেখছি না ওকে কিন্তু শুরুবেলা যেটাই ওকি
/kaggle/input/regspeech12/test/test_rangpur_0035.wav,আমরা চাই মাঝে মধ্যে গেইলে এখন শুভের বাড়ি কি করবেন চা হয় তাই খাওয়া লাগে আগে তো খালি মাসে মাসে
/kaggle/input/regspeech12/test/test_rangpur_0124.wav,পাট শাক্তুর মনে করে এলা সার দিয়ে ইউরিয়া সার পটাস পস্সেট এগিলে দিয়ে শাক তোলে ফলে তুই আন্দিভে যাবু যাহারে পুড়িলেও তলাও পড়ে না বুঝিস এ হল অবস্থা
/kaggle/input/regspeech12/test/test_narsingdi_0060.wav,আর আমার দান্দার সিল্কের সময় কলাম যে খেলবে আমার ইংল্যান্ড মেমোরিয়াস্ট্র দর্দা খিলিয়াস্ত করে খিললে গেছি আমার জাগান হাতে মায়া ছাইয়া দেখতাম আবার অনেক সময় হুমওয়ার্ট দিয়া বইত যে হুমওয়ার্ট শেষ না করলে খেলতে দিতাম না
/kaggle/input/regspeech12/test/test_barishal_0085.wav,হেইয়ে করিয়া হেইয়ের পরে মনে করেন কাম শিখছি এত সোজা কাম ওই যে আমি রাতে কনসিক রেস্টার হেনে যাইতেম মোল্লাবাড়ি মিয়া এই পয়সারা ট্রামশীল বাজারে এত দূরে থাকছে নাম করছি
/kaggle/input/regspeech12/test/test_rangpur_0095.wav,জাল শাগ তাইলে ইয়া খাওয়া সব চাইতে কারবারি ভালো হয়েছে
/kaggle/input/regspeech12/test/test_narail_0109.wav,তাই বিপুল বিশ্বাস আমরা বলতেছি দুই মেরুতির পিছনে টাকা বাঁক তিবানকে আমি শেষ হয়ে যাচ্ছি থাকব না কালের গ্রামের কাছে দূর হয়ে যাও বনে যাবার সঙ্গে চলে যাও তাহলে নামাটা বউ বয়সের তত কপালের বাহ্য না ছয় মাস অবধি ডাকবে ছয় মাস পরে বিদেশ
/kaggle/input/regspeech12/test/test_chittagong_0094.wav,আর কলেজেও তনাস্ত টেনশন থাকে দেখবে না পাতুরাঙ্গারাই পাতুরিয়া তো সিটোঙ্গলের জন্য দেখি পাত্র এই তো স্যানাফ অফ স্যান ভাই
/kaggle/input/regspeech12/test/test_sylhet_0283.wav,যেহেতু আমার পরিবেশ বা আমার যে সার্কানস্টেশন থেকে মানে ই বয়সের একটা মেয়ে চব্বিশ পঁচিশ হয়ে গেছে প্রায় বয়স ই বয়সের মেয়ে মানে আনেসপেক্টেড সমাজ ঐভাবে এক্সেপ্ট করত না কাজে লেবেলের চেয়ে একটু নিচে হইলে ইটা আর সমস্যা হইত না
/kaggle/input/regspeech12/test/test_sylhet_0321.wav,বুঝার ঠাই ঠাই লুইস যে কারণ আমার এখন বাড়িতে যাওয়ার মতো নিমেষ পরিবেশের পরিস্থিতি নাই আর আমার চাকরির লাগে আমার পড়া লাগবে তাইন কিতাকর্তা ওই সময় আমারে পড়ার যে সাপোর্টটা দিস হয় আমি সারাদিন কাজ করতাম
/kaggle/input/regspeech12/test/test_narail_0088.wav,তার পরের দিন তোর সাথে আমার কথা হয় তাই ছাড়া তোর সাথে আমার কথা হয়নি তুমি আমারে ব্লক করে ফিরেছ আমি তোমার দ্বারে যাবানি অর্থা আমি করি নাই রে বাবা
/kaggle/input/regspeech12/test/test_sylhet_0173.wav,কিন্তু যে যথা দেখে না তোমাকে নাই তোমাকে নাই বৌ কী বলে নাই বৌ কীভাবে লাগে পরিচয় করে শুধু প্লাসান্তের মতো ভূমিকা নিয়েছে
/kaggle/input/regspeech12/test/test_sandwip_0104.wav,তুই তো দৈনিক বাদ দিয়েছ তুই দৈনের সম্পর্কে তোর কি ধারণা আছে সাইয়ান নিয়ে না হরিকে দিলে কিছুকেন হরিকে দিয়ে আলো ফেরাশানিতে বলিয়া আইনে মেলাগিলা কিছু করি
/kaggle/input/regspeech12/test/test_narsingdi_0001.wav,হান্ডেটও করছে দুইটা আসলে ব্যাপারটা হইছে কি একটা টিমে যখন প্লেয়ারগুলা সিলেক্ট করে ঐ রকম ক্যাটাগরি দেখে না আরে ভাই যারা জাতীয় দলে আসে
/kaggle/input/regspeech12/test/test_narail_0128.wav,আমি একাকা যাব তো সে সুমা রুমা করে গেছে সুমা বিশ্বাস দোলা ভক্ত আরে সুমা বিশ্বাসের কথা তো করছি সুমা বিশ্বাস আবার এই প্রেজিনার্গে
/kaggle/input/regspeech12/test/test_sylhet_0495.wav,তাই নামার একটা বালিশ পিছনে দিছ দেব আইস এম বিরানী উড়ানে হাইছি এখন লাগে আমারে তো ফুরচাপের চাফে দরে কিন্তু ফুরচারের চাফে দর লিখে দেব ফুরচার তারা মারা উজ্জ্বল মুখায় দিয়ার ক্যাটাটা দিয়ার বেগুর মাছে মারে লাগের ওরকম মামা
/kaggle/input/regspeech12/test/test_chittagong_0087.wav,না আগে খোলাম তো ছুটু নেই ফুরের ফলে আমার যেটা কাছের মধ্যে আসেলাম স্কুলে গেলাঙ্গুই একটাই চির আনারঙ্গা সাসপাইডের মধ্যে আসেলাম স্কুলের আগে
/kaggle/input/regspeech12/test/test_sylhet_0004.wav,হাম্ভারানী গুপ্তলের মেহমাদার যে মানে নিচেন কি নাকি ক্যাডারবাজামার মানুষ ঘুমাইতে পারব গরু গরু বলব না তারা গরুর লাগে আগে আসে মানে যে সময় সসাকাল জাগালা বলছে না মনেও কাজ বাড়ি ভিরতে পারে না যে সাইলেও বন্ধ লাগে
/kaggle/input/regspeech12/test/test_barishal_0064.wav,আর আমার লাহে নামিজ এরা হঠাৎ ছাড়ি দিছে এরাম কেউ পারেও নাই এক জোদান্তি পান খাওয়া ছাড়ান দিলে দাঁত ঠাটা তাড়া ফুলে যায় এবার বিড়ি ছাড়ান দিলে ফুলে যায় এই হলেন এই কিছুদিন আগে আমি মনে করি পনেরো বিশ দিন ধরি দাঁতের মধ্যে খালি ফুল হয় আমি বাজারে গেলে এমন কোনো দিন নেই পাঁচটা পাম কিন্তু না খাইছি
/kaggle/input/regspeech12/test/test_barishal_0036.wav,কাল লাগে যে বোর বদনাম যাই আর একবারের লিগে করেন বোর্ড নাম না দিদি কত বড় অশান্তির মধ্যে যে মুই আছি তা খালিমা সৃষ্টিকর তারে সারামি চেয়ে দিল
/kaggle/input/regspeech12/test/test_rangpur_0002.wav,তোমরা হলে পুরো হাজার টাকা দিবা বলে কি নিয়ে নির্ধারণ এলা মুকুম রহমানের বাপ হইলে
/kaggle/input/regspeech12/test/test_sylhet_0026.wav,দশ দিন যে পাঁচজন ঠাকুর আছেন পাঁচজন আদুর্গা শিব লক্ষ্মী তারপরে সরস্বতী গণেশ কার্তিক প্রতিমা রাজ্যসভায় ছয় জন ডেক প্রত্যেক দিন কাপড় দেওয়া হয়
/kaggle/input/regspeech12/test/test_chittagong_0141.wav,পরীক্ষা সরাত নাই আর পরীক্ষা নাই হার লিওনের করুন এই পরীক্ষা নাই এটা নাই তুলায় তুলা হলে নেয় ভিডিও কল জুস ওটা তুলায় উল দুই সিপাতা ফল এগার গুঁড়ো
/kaggle/input/regspeech12/test/test_sylhet_0728.wav,সারাদিন না এটা যেন দুইটা ইটে আম্রুভাস ভাঙ্গিলা আমরা একটা হাজ আছে বিয়ার হাজ এগুলা করার বাদে আমরা বাথা নিই খালি তৈরি কোপাত্রী নানি অতাকারে
/kaggle/input/regspeech12/test/test_narail_0016.wav,তুমি তো জান তোমার কাকুর ব্যাপারে যে মনি দশ হাজার টাকা পাঠাইছিল তা তো তোমার কাকু মারে গালাগালি পারল তারপরও আমি সে দশ হাজার টাকা আনলাম তা মনি বলে এই ষড়যন্ত্র বলে কইচে মনি যা আমার বাবার জন্যে মেলা টাকা পাঠাইছি তা ওকাল যে কার কাছে পাঠাইছি তা ওকাল যা মার মাসি তোবার
/kaggle/input/regspeech12/test/test_barishal_0096.wav,বাজারের দিয়ে পাঁচ কেজি আম নেমু পাঁচ কেজি আম যদি না কই মুখ দেয় যেহা মরু দুইটা আম খেতে তায়ার দেবে না
/kaggle/input/regspeech12/test/test_sylhet_0198.wav,আমার টিচার সরাসরি আসলামা বড় ভাই তাই নতুন অডিট অফিসার তুই বাইসা সো মেন্ডি ফোর্সি আর আব্বাইলা সজাগ থাকতা পাশে বৈধার্তা খেয়াল কাটতা আমরা যেন মারামারি লাগি না আর আমরা এক টেবিলও হইয়া সবাই পড়তাম
/kaggle/input/regspeech12/test/test_narail_0098.wav,রাত্রি কি খাওয়া যাইছে না বিয়ে বাড়িতে পিটে এসো বিয়ের বাড়িতে এসো হয়ে আছি পিটে এসো ভিমপিটেন্ট দিছ না না আমি ভিমপিটেন্ট দিতে যাই না আমার গ্রামে বিয়ে হয়েছে তো তারা জানে যা আমি কেমন খাই কি খাই তারা জানে বেলা করে
/kaggle/input/regspeech12/test/test_sylhet_0683.wav,আর আপনার বাফুর বাড়ি নিয়ে হোক কাছে হ্যাঁ ছিলাম তাইলে ছোটবেলা খেলাধুলা হারাসাতে হত্যা হুম
/kaggle/input/regspeech12/test/test_barishal_0018.wav,জিং সিরাপ তাই লো একটা আনছি এই লোকের সমস্যা এই লোকের বারবার আমি করেছি যে একটা শেষ হওয়ার আগে আবার ব্যবহার করি
/kaggle/input/regspeech12/test/test_sandwip_0036.wav,আজকে আমরা রাজনীতিবিদ বাধার প্রেমের হাসপাতালে যেটা করতে পারি
/kaggle/input/regspeech12/test/test_sylhet_0241.wav,এসোসি ফাঁস করার বাদে আর এখন দুই হাজার চব্বিশ বাইশ বছর এগিয়েছে আমি বাড়ির বাইরে পড়া অবস্থায় বিয়া হইছে পড়া অবস্থায় চাকরি হইছে এই অবস্থায় সংসারের ফলে তো আর তোমরা দেখছ বিয়াতা আপনার অনেক ঐতিহাসিক হইছে এই গজপটা অন্তম্ত
/kaggle/input/regspeech12/test/test_sandwip_0067.wav,কোন যাবে শুধু কালাকাল নাই থাকতে এলে ভালো হয়েছে খেলা আছে যে শোধ করার জন্য দিন গিয়াছে গো পূজা মেয়েটা আমা দেখছেন যে মনিয়া তারা কি হাগল নাকি এক জিনে কেবলে দিন শোধ করি গেছে গোন হি আর একদিন থাকতেছে একদিন বারাসে অনার একদিন থাকতেছে
/kaggle/input/regspeech12/test/test_narsingdi_0073.wav,আমি গরিব বৈকিন্দামা কাপড় নাই গো কিন্না দিয়া যা চুল বাজা অনেকে দিত সালামি দে আমি তারা অনেক ফুটবলের মতো কিক করেই একটা খেলা জিনিস থাকে
/kaggle/input/regspeech12/test/test_sylhet_0121.wav,হুজুরের বুদ্ধিপ্রায় চা মাদ্রাসা হুজুরে সব হুজুরের মিলা পাঞ্জাবিক নাজিস ভর্তিত্ব হইতেছে তারা সবাই মিলে এই হস্ত কি কেন ঠেক্কা পড়ে ও এনো সামনেই এখন মাদ্রাসা আছে
/kaggle/input/regspeech12/test/test_sylhet_0368.wav,মানে অল্পতে তুষ্ট অল্পতে সেটিস ফাইড থাকি বাচ্চাগুলারা ঐভাবেই গ্রোভ করার চেষ্টা করতিছে যে তারাও জানে খুব বেশি এক্সপেক্টেশন থাকে না নাইট্রে কারণ বেশি এক্সপেক্টেশন থাকলে তোমার মানুষ কষ্ট হয় বেশি
/kaggle/input/regspeech12/test/test_barishal_0092.wav,কাম করা ভালো এখন এই যে কিনছি এর কারণ আছে কি লিগেছে সে চালান মালান লইয়া যা পায়
/kaggle/input/regspeech12/test/test_habiganj_0052.wav,নিরামিষ আমরা অনেকে আছি যে নিরামিষ খাই না কিন্তু অনেকেই খাই নিরামিষ খাওয়ান ডোনিও নিরামিষটা খাইলে আমরা যেমন হই যে একটা পবিত্রতায় মাছ মাংস তো এগুলা আমরা যে মাংস হাই এটা তো জীব্রে মাইরা অত্যা কইরা সেইটে আমরা মাংসটা খাই তার লিগে মাংসটা খাওয়ার অতটা ক্ষেত্রা হয় না কিন্তু যদি শাক সবজ জিনিস খাই তা তো উদ্ভিদ ইতার লিগে একটু পবিত্র মানে
/kaggle/input/regspeech12/test/test_barishal_0071.wav,হেই যদি সহ্য না কার্তারে তাহলে হেরম সমস্যা নাই না পরিস্থিতি ওভার রুল করতে হইবে এই জজের মতন
/kaggle/input/regspeech12/test/test_tangail_0062.wav,আর এই ছবিতে শিউলি ফুলের একটা ভূমিকা আছে যেটা মানে গল্পের স্টোরির দিল দেওয়ার সাথে সাথে বুঝা যায় ভানে তার পছন্দের ফুল মানে যে নায়িকা আমার পছন্দের ফুল হল শিউলি
/kaggle/input/regspeech12/test/test_sylhet_0234.wav,তৌদিনে আমার ডাকছেন খুশি হইয়া আমার দুই নম্বর ভাইবাজার থেকে রেজাল্ট লইয়া আইসিনের লাগে চাইরানি চকলেন্জ মার্টা চকলেট আছে
/kaggle/input/regspeech12/test/test_barishal_0008.wav,আহানার অরে ডাকাতিছে বুলেট কলেজে পড়তে ও বিশাল বড় ধরণের একটা ছাত্র হইছে চাকরি পেবে বাংলাদেশ সরকার চাকরি দিছে দুই লাখ টাকা বেতন বিয়ে করল পটুয়াখালীর এক রূপসী মাইয়া কই কই খুন্নি গো পরিচয় দিবিন ওর বাপে তো যাইবে একটা সাটগায় দিয়া
/kaggle/input/regspeech12/test/test_sandwip_0098.wav,ভাই আছি ভাই দিয়েছিলে যেরকম বই নাই কিছু লোভ দিয়েছিল আমি তো আইন করতে দিন এই স্কুল
/kaggle/input/regspeech12/test/test_sylhet_0454.wav,তাই তার মানে তো মা তারা মনে করে আমার মা শাসিন তারা আমার পুতুলে খুব বেশি ভয় পাইত কিন্তু ওদের ফলে আমার বাহিনীর বাহিনীর বাহিনী তোমার
/kaggle/input/regspeech12/test/test_chittagong_0158.wav,প্রতাহত প্রজাকালেজে মেহর সেকেন্ড মেডিট দিলে আয় এরি হেঙ্গরে বিয়ারে নব্বতে সাইজ্য না কিছু তো ভরিয়ে গেল যুবভূর প্রিয়াম করে তা এই প্রজাকালেজ না মাইন্ডার কাজ নিত
/kaggle/input/regspeech12/test/test_sylhet_0369.wav,পড়াশোনার দিকে আমি আমার জায়গা থেকে যতটুকু ফারিয়ে আর চেষ্টা করি আর বাকিটা হইল গিয়া তারা তোক দিরেও যতটুকু আছে আর কি তো তারা সত্যি কথা আমি তোমারা কই যে মানুষের স্বপ্ন থাকে যে বাচ্চাবাচ্চা বয়স হয়ে গেলে বুড়া হয়ে গেলে তারা আমরা দেখাশানা করব
/kaggle/input/regspeech12/test/test_sylhet_0754.wav,হাতালের দুর্গাপূজাত আপনার বালাবালা ফাইন মানে মাসনাল সন্ত্রাণ
/kaggle/input/regspeech12/test/test_kishoreganj_0145.wav,শব্দ দূষণ শব্দ দূষণ বিনা প্রয়োজনে হর্ন বাজিয়ে উচ্চ শরীরে গান বাজিয়ে এবং লাইট স্পিকার বা মাইক বাজিয়ে মানুষ শব্দ বিস্ফোরণ করা হয়
/kaggle/input/regspeech12/test/test_tangail_0019.wav,এটা রি করতে পারে নাই সঠিক ব্যাখ্যা দিতে পারে নাই আর এই গানটা একই সাথে রক অপেরা পপ সহ মনে করে যে প্রগ্রেসিভ রক যেগলা থাকে সব মিশেলে তাই গানটা আসলে অন্য রকম একটা গান
/kaggle/input/regspeech12/test/test_sylhet_0560.wav,সান্ধ্যাত বছরের ঠান্ডা কি পিছু হয়ে গেল এটা হইবেন এবার যার বেলার সাপ্তাহিক অফেস্টের বিষয় হল অত্রিশ জানুয়ারির লাশটাতেই ঠান্ডা আছিল ঐ সময়ে ইন কোর্স আছে
/kaggle/input/regspeech12/test/test_sylhet_0739.wav,ওমারি জমায়েনি লাগে একই বাবা জামাইরা তো তুলিয়া দিলেইলা সফিয়া দিলেইলা তোমার আম দিলেইলা মা একটা লম্বা সিঙ্গল আছে আমাদের সানি আছে
/kaggle/input/regspeech12/test/test_chittagong_0075.wav,তুই এত হোস না আমাদের দুজনের বোধ করিলেন গুলি আর উন ইয়ার্থিসাইকুলোজিলেট করিবিনি মনোবিজ্ঞান করিবি ঠাঁইনি দূরে করো তাইলে আইন ও সাইকুলোজিলেট সাইকুল ঘুম দুর্দার একইের মধ্যে আয়োজিত
/kaggle/input/regspeech12/test/test_tangail_0082.wav,আগে কাস্টমারদের সাথে যেমন ব্যবহার করতে হন তার ব্যবহার চেঞ্জ হয়েছে পরের দিন শিউলির মা বরুণের ডাকে বাসায় আসতে বলে পরে বরুণ যায় পরে দেখে যে
/kaggle/input/regspeech12/test/test_sylhet_0168.wav,ভূত মানুষের মধ্যে বিদ্যমান এই সময় তো মনে সব তার সমস্যা হইত খাওয়া ফরা সলা ইনকাম খুব দুর্বৃত্ত আছে মারা তোমার ভুগানাস পিতাম
/kaggle/input/regspeech12/test/test_chittagong_0080.wav,তো মানে একখানা হইয়া পরামর্শ করিস হাইস না আয়া দাদার রঙে হুলুম আন্টিসারা কেন আছে আন্টিসারা বলা সারাবাহিদ যে গরম ফলের মানে অবস্থা খালি যাগু
/kaggle/input/regspeech12/test/test_narail_0165.wav,একটা পুনরাজি নামে কোন আরোধনী কোনো ডাক্তার দেয়াতে গেলে তোমরা একটা প্রথম খাবার ওষুধ দেবে নে তারা দেহাত জানে প্রথমেই তোমরা এক সেলামেন্সেরা করবেন নাকি তোমরা কি কি সময়ের রাসায়নিক সাফ শোনবেন আর ঐ পরীক্ষাগুলো করতে দেবে না
/kaggle/input/regspeech12/test/test_rangpur_0101.wav,ঐভাবে আর কিছু খাওয়ার পায় না ইয়াজার সাথে কথা হয় মানুষ সাথে সাথে কাক যেই ছিলাম তুই কথা কর
/kaggle/input/regspeech12/test/test_sylhet_0100.wav,তিনি এখানে বাচ্চা খেতে দেন তখন তে
/kaggle/input/regspeech12/test/test_habiganj_0010.wav,ক্ষুধা হৃদয়বান নিজের হৃদয়ের মতো করে বলব সরকারি চাকরি দেখিয়ে জানাইলেন পুলিশ যাচ্ছে না কেন বলেছেন
/kaggle/input/regspeech12/test/test_tangail_0070.wav,হালকা একটু সিরিয়াস ছিল মানে শুরুর আয়োজি ছিল কেবল এই সময়ে এরকম একটা ঘটনা ঘটে পরে বুরুন ধাওয়ান প্রত্যেক দিন যেহেতু মানে একটা বড় এক্সিডেন্ট তার লাস্টের ই ছিল মানে হোয়ার ইজ্জেন মানে ওর এই খুচরা ছিল
/kaggle/input/regspeech12/test/test_rangpur_0042.wav,হিতায় আসুক হে পাগলি রাডে খাওয়া দাও তাই আসুক
/kaggle/input/regspeech12/test/test_sandwip_0123.wav,তার যাত্রী নিজেকে বলে আস্তারা পাইছিব স্কুলের হয়ার যাইব আস্তা আস্তা শিখব দেখিয়ে নিয়ে শিখব আস্তার দিকে শিখিয়ে এগুলো লাগাতে সহজ না
/kaggle/input/regspeech12/test/test_rangpur_0016.wav,কেমন আছেন জাস্ট তোমার নাম কি মোসাম্মা দুম্বাকুল সাহেব তোমার সাথে না একটা গল্প কিছু করব সবাই মিলিয়ে রেকর্ড করব সমস্যা হয়ে থাকে
/kaggle/input/regspeech12/test/test_rangpur_0040.wav,আগে যদি মানুষ ক্ষুদিও ভাবছিল এক গিরি আর এক গিরিজুল পানি মুকুট দেওয়ার কিছু না থাকছিল ঐ ক্ষুদি ভাজায় খায়ায় একমুট পানি খেয়া সরিয়েছে সেই মানুষগুলো আছে
/kaggle/input/regspeech12/test/test_sylhet_0424.wav,আলতাজি আরও শিলায় মিলায় লিখ রেখে তাকিতে দিয়ে আরা উল্টাপাল্টা করে এসেছে
/kaggle/input/regspeech12/test/test_tangail_0060.wav,এটাই অভিনয় করছে বরুণ ধাওয়ার আর বানিতা সাধু এই ছবি আমার পছন্দ এর একটা কারণ আছে আর এটাই মানে আমি যেই মাসের জন্ম হয়েছি ওইটা অক্টোবর মাসে ছিল অক্টোবর মাসটা ভালোই লাগে একটু শীত থাকে
/kaggle/input/regspeech12/test/test_sylhet_0261.wav,ছিন্না হট্টামাল্লা সবসময় দোয়া করতাম নামাজ ফুরিয়া জানল তিনশ জন তো নিবাও তিনশ জনের মাঝে তিনশ নম্বর যে স্টুডেন্টটা হইব ও স্টুডেন্টটাও যেন আমি ওই আমার এক নম্বর দুই নম্বর ওয়ালাক্ত না আমি মেরির ক্লিস্টার থাকতে চাই না কিন্তু আমি
/kaggle/input/regspeech12/test/test_sylhet_0610.wav,না নু একটু যখন রাজি ডাকাইয়া তো তবে আমরা সিলেটে ফ্লোরেসের ট্রেন্ডার কী করে আব্বায় বুঝাইয়াছি
/kaggle/input/regspeech12/test/test_sylhet_0546.wav,ও আমরা দুইটা এসে ও কদিন আগেও এসেছে আর রক্ষাতন্ত্রে পৌঁছে আমরা খুব বের হয়েছি আমরা তো জানুয়ারির লাঞ্চে থেকেছি জানুয়ারি ও আমরা চব্বিশের আকাশ চাই না সব বিশের আকাশ
/kaggle/input/regspeech12/test/test_barishal_0052.wav,পালতে যারা পারে হলেন একটা কথা জানবেন যারা পারে ফেরা নয় দিকে পেরে আর যারা না পারে নব্বইতে নয় দিকও পারে না
/kaggle/input/regspeech12/test/test_sylhet_0019.wav,ষষ্ঠী আগের দিন ধরে সবাই নিরামিষ খায় অনেকে খায় অনেকে খায় না এটার জাত জিনিউ রয়েছে কিন্তু আমরা বেশিরভাগ সময় খাই নিরামিষ খাই তিন দিন আমরা নিরামিষ খাই চার দশমীর দিন আমরা নিরামিষ খাওয়া সেদিন সবাই ভালা খায় মাছ মাংস পিটা চেঁপা নেই
/kaggle/input/regspeech12/test/test_sylhet_0281.wav,তখন আমারে নিয়ে খুব দুশ্চিন্তাকর্তা মারে প্রতিবেশীরাও খোঁটা দিতা মাত্রা পুরী বুড়া বানাইডিরা পড়াইতে পড়াইতে ইঁদুরা বিয়া হইত না ইঁদুরে ঘৃণিত ভর্তে পড়তে পুরা বয়োজদার গিয়া তানিয়া মায়ও খুব চাচাত বাড়িতে কান্নাহালী মার অতাকতা শানা লাগল দেখিয়া
/kaggle/input/regspeech12/test/test_sylhet_0462.wav,ব্যাটালগুলো রান্নাবালা করো খাও আরো বাচ্চা এসে উঠল বাচ্চা কাছাকাছা দিলেছিলেন আমরা এক ছেলে আর দুই মেয়ে থাকে
/kaggle/input/regspeech12/test/test_sylhet_0071.wav,তাই স্কুলে দায়ী নষ্টানা হচ্ছে তাই এ শাড়ি পরিয়ে আমি গেছি হলুদ শাড়ি পরিয়ে নতুন শাড়ি কিনছি যে হচ্ছে খুব মজা হয় সেবাদের ফরেস্ট রান্নায় তারা ঘুরছে আমি ঘুরছি না আমার বালা লাগছি না পূজা কি দেখি তা করা লাগে প্রথমত নিরামিষ হওয়া লাগে আগের দিন নিরামিষ হলে পরের দিন তবুবার সোলায় অঞ্জলি দিলাহ অঞ্জলি দিয়ে অপরাধিন প্রশাক শেষ হাত খায়ার প্রথমে যাওয়ার তুমির যাহার মঞ্জ মন্ত মঞ্চ থাওয়া থাওয়া থাক
/kaggle/input/regspeech12/test/test_habiganj_0050.wav,সন্ধ্যার পর হইছে আমরা প্রত্যন্ত প্রদীপ জ্বালাই দুধ জ্বালাই জ্বালাইশেরা প্রথম আজানের পরুই প্রতিবার দুধ জ্বালাই দুববাতি যেটা হয় দুববাতি দেহায় দেহাইয়া পরে আবার ঐ দুপুরের মতোই আগে তো দুপুরে একটু পূজা দিলে আমরা একটু অন্য ধরণের প্রসার্তসার দেই গুড় দেই আর সন্ধ্যার পরে হইছে হাল্কা সন্ধ্যার পরে আমরা যেমন হালকা নাস্তা হাই এমন আমরা পূজা দিলেও হালকা কিছু কিছু দিয়া পূজাও যাতেই
/kaggle/input/regspeech12/test/test_sylhet_0435.wav,আমি আল্লাহর কিছু তো খানব না আর আমার আল্লাহ সব সময় আর পাবেন আমি জানি কি তার লাগে আমরা আল্লাহর চালাচ্ছি আদিলাম নিজে জানি না ওই নম্বর কেন হয়তো আমার কোন জায়গার ভুল ত্রুটিও নেই অভারণে আমি জানি না আমি যদি মনে করি এতদিন আক্রান্ত আমরা
/kaggle/input/regspeech12/test/test_rangpur_0034.wav,নুই কোন বস্তু দেখাম নাই ওই জন্মই তাহাকে খায়াতে নাই
/kaggle/input/regspeech12/test/test_rangpur_0055.wav,এইবারের যদি অসহায় হনু হয় বাবা কায়ু কিছু দিলে নায় বললেন নুমায় কথা এই যে কর্মকল দিবসের মালিক আল্লাহ যার কর্ম যেমনটা ফল তেমন
/kaggle/input/regspeech12/test/test_noakhali_0028.wav,আনার বাহির আরও তেরা আয় করলে কালি দে কল্যাণ দ্বারে কালি দে মুখের ওসে সুবর্মা মিনার্বা মারি
/kaggle/input/regspeech12/test/test_kishoreganj_0162.wav,মশিল্প সাড়ে তেইশ শতাংশ বাক্ষা নিয়ে গাছের শুধু নব্বই বাগ পানি মানুষ হল সত্তর সাড়ের থেকে সত্তর বাক পানি বেজে রাখার জন্য প্রয়োজন
/kaggle/input/regspeech12/test/test_rangpur_0075.wav,খাবার কৈশোর দেয় নাই কি আবার মুখ দেখ ওই যে মূল ভাগ নাকি মুখ দেখ ঐ যে মূল ভাগ নাকি মোকারা
/kaggle/input/regspeech12/test/test_sandwip_0024.wav,এমনেই স্বাচ্ছন্দে চলে হিয়ারা মানি খুবই এগোরি চলে হরাগত চলে ঠিক আছে অন্যের জবাদ ওর খুব মানি সার্কার করেন যেন হবে
/kaggle/input/regspeech12/test/test_comilla_0005.wav,তো ওই দিনে আমিও গিয়েছিলাম যে রোহিকে স্কুলে দিয়ে আমি আর দেরি করে নেয় সাথে সাথেই চলে আসছি ও রোহিকে তখন স্কুলে যাওয়ার পরেই ও ব্যাগ রাখার পরে ওর আবার দেখা যায় যে ষোল ডিসেম্বরের ইয়াথাকাদের
/kaggle/input/regspeech12/test/test_narsingdi_0028.wav,চাই বাংলাদেশ টিমটাক ভালো টিম হউক ভালো খেলুক যেতে এখন সব দলের সাথে ভালো খেলতিছে একটা ট্রফি জেতা উচিত অন্তত সাকিব আল হাসানের জন্য এলেও ট্রফি জেতা উচিত আরে হাল্লাহ বড় স্যার
/kaggle/input/regspeech12/test/test_sylhet_0667.wav,মাত্র এর সব থাক বদলি আছে অনুভূমিত গোলা আইসিব আছি এখন মন্ত্রণালয়ে মারবার ফিরিয়া এই মতো আছি
/kaggle/input/regspeech12/test/test_kishoreganj_0140.wav,ডায়রিয়ার মতো পানিবাহিত রোগ এবং বিভিন্ন চর্ম রোগে আক্রান্ত রোগীরা আক্রান্ত রোগীরা প্রাণীবাহিত রোগ এবং বিভিন্ন চর্ম রোগে আক্রান্ত যেটা যে পানি মানে ক্ষেত্রের যোগ্য
/kaggle/input/regspeech12/test/test_narsingdi_0042.wav,বাড়িতে আইপিএস হসে কেনা তবু চালায় না মোবাইল চালালির দাম জমা দেওয়া যায় কান খাই না তুই আর বড় লোক ছিলি না তারপর সামনের এদিকে তো সময় বাবার কারণ ধরনের ডিস্ট্রাব হয় অনেক খারাপ লাগে
/kaggle/input/regspeech12/test/test_sylhet_0429.wav,ফ্রেড হাঁটা এরপরে নিজ হাঁটা মানে অনেক কিছু বড় ধরনের অপারেশন হয়েছে আমার দুই তিনজন যার হওয়ার পরে কোন সাকসেস পুলিশ যেন একটুও এই বিশেষ মানুষে
/kaggle/input/regspeech12/test/test_habiganj_0018.wav,এরা তো দ্বিত আছেন না খুব শেষটা করছে লাগানি থাকার বিয়াদীত
/kaggle/input/regspeech12/test/test_narsingdi_0086.wav,আমার পাশের সাপ পাশে ড্রিম হলিডে যাইতে দিবে এক লাখে লাইক আমি এইটে হলি তুই কৈফারাস সেকেন্ডে না ফাস্টের রিফারাস্টদের বলি আমি বুহিল্লা থেকে আমি যে অনার্সে পড়িয়া খাবাব দেখলাম না আমি অন্য ক্লাস নাইন্টেনে পড়ি
/kaggle/input/regspeech12/test/test_sylhet_0099.wav,ফ্যামিলিতে ইনকাম করুন কতজনে তোমরা তিন বিটি করি এক বিটি পাঁচ সাড়ে পাঁচ হাজার আর এক বিটি পাঁচ শারীরিক নারী আমি আসলাম মারা গেল আর আমার বাড়ি দুইটা
/kaggle/input/regspeech12/test/test_habiganj_0022.wav,ম্যাডাম একটা মেজোবুজো দেলাইতেন এখনি একটা পিরিয়ডে দেলাইতেন
/kaggle/input/regspeech12/test/test_narsingdi_0121.wav,দিপারে গ্রামের লেখা হয়ে এলেন যাকে দেখিতে হয়েছে এই মোবাইলেই তোরা খাইছি এই মোবাইলেই তোরা খাইছি এই বন্ধ কর মোবাইল চালানি
/kaggle/input/regspeech12/test/test_sylhet_0051.wav,কোনো প্রবলেম হয় না মানে এখন আর পড়াশোনার প্রবলেম হয়নি কোনো আবার তালি আমি পড়িনি আর স্কুল থেকে নিষেধ দিছেন প্রাইভেট করতাম না
/kaggle/input/regspeech12/test/test_narsingdi_0094.wav,মনিয়ানটি বাবার নাইতেতে সব আছে খালেলা ক্যাটারিং সার্ভিস দেওয়ার পালা ইয়া এই মনিয়ানে করে শুরু করে দে শুরু করে দে এক্সটা আয় বাবার তো প্ল্যান আসিল খালি প্রায়ের মতো কাম করতাছে না
/kaggle/input/regspeech12/test/test_sylhet_0461.wav,ওই চিন্তামূলক আমরা একটা বাইরে নামার কিন্তু পুরাটা নষ্ট হয়ে গেছে আর বাকি বাদ বাকি তাই রামায়ণেও লেখাপড়া কচু কলিজিরুজ ভরিয়া আমরা মাস্টার পাস করছি এটা হুক বলাও চলতে পারে কিন্তু কোন চাকরি ব্যাপারি নাই এমন জামাই রেছবি হয়ে তারা পছন্দ চাকরির মানুয়ারিতা করে
/kaggle/input/regspeech12/test/test_sylhet_0567.wav,সমস্ত ক্লাস নাইন তেন ম্যাচের প্রতি যে ভালো লাগাটা আছে রেফারি ইন্ডার ওটা করতে গেল যে গেল এখন আমি ম্যাচের পর্যাপ্ত চেষ্টা চাপে কইরা আমরা তো চাইত্যা থিওরি চাইত্যা মেহেতন মাঝে সব গ্রীন্দু আবার আলাদা থিওরিও
/kaggle/input/regspeech12/test/test_rangpur_0017.wav, বয়স কত চুরির লাগছে চল্লিশ পার এ মধ্যে ষাট বছরের বেশি আছে ভাতাবাবুতে এলে তুমি কৈ ভাতা দেয় বাবু ভাতাবাবু হুম দেয় ভাতা
/kaggle/input/regspeech12/test/test_sylhet_0672.wav,অত স্বামীর ফেনশন কতদিন তো আসলা স্বামী ভাইকে স্বামী বাদে স্থান ওয়াইসি ফাইব আর ওয়াইস বাদে জন্মায়
/kaggle/input/regspeech12/test/test_narail_0033.wav,সেলিম শরীর
/kaggle/input/regspeech12/test/test_tangail_0102.wav,মানে বলা হয় যে যদি তুমি তোমার ভালোবাসা পেয়ে যাও তাহলে এটা মেনে নিও ক্ষুধা তোমারে মোহাব্বত করছে আর যদি না মিলে তাহলে এটা জাইনো যে ক্ষুধা তোমার সাথে জান হয়ে গেছে
/kaggle/input/regspeech12/test/test_sylhet_0719.wav,ইটা জামাই মরিয়া লেজ নাসর পাওর মুরাদি খোপাল্টন হুসিয়ানি ও সিন্ধু দোয়ালি যাওয়ার জন্য মুরাদি মুসা লাগে এর আগে তার তোমাকে নাড়ুর জন্যই আমি গুতু মনোগ্রহ কবুল হইয়া আমরা দিচ্ছি
/kaggle/input/regspeech12/test/test_narail_0074.wav,ওই মায়ার একটা দাম জাগাতে চলে থাকত একটা রুম সেখানে মায়া থাকত তাহারা মনে ঐভাবে ঐভাবে কোনভাবে নিয়ে নিয়ে গেছে নিজস্ব জায়গা না আমিও জেনেছি দুলাল সরকার কত আনিমেষিক কাজ করত না দুলালা গুলাম
/kaggle/input/regspeech12/test/test_narail_0099.wav,আর যে বুদ্ধি ছিল সে আমার দাদা সুতরাং সে আমার হিসাব পুরে এসেছে আমি একটু খালি দিতে এলাম না তোমারে কেন দুটো খাওয়াইছিস ডিম বাজি আলু সেদ্ধ
/kaggle/input/regspeech12/test/test_sylhet_0660.wav,কোয়ান্টার আমল এখন তো সেরাই বুঝে আছি তব মুঠোমুটি আসিয়া যার একটা গান খাইতে হবে
/kaggle/input/regspeech12/test/test_kishoreganj_0086.wav,হেজি হেমন কে লাগে হেজি হেমন কে লাগে হেজি হেজি খুব মিষ্টি যে কাঁথা ডাকাতে না কাঁথাটা ঘুড়ের মতো মিষ্টি হেজি হেজি হেমন বড় বড় ফাঁস ওকে লাগে হেজি হেমন আলী হেজি ম্যাটো তো বড় বড় আলী না
/kaggle/input/regspeech12/test/test_sylhet_0668.wav,ভাইয়ের মা কোলে গেল লাইব্রেরিস তখন তাই মা আপনারা যে ওমর মানে যুদ্ধের সময় ইন্ডিয়াত আসলে এসময় আপনার বয়স কত আছে এত বয়স হইব কিস কিস শেষ হয়েছে যেতে হইব
/kaggle/input/regspeech12/test/test_habiganj_0075.wav,যে তোমার চাওয়া যদি বেতন পাবে স্কুলে মানে খরচ বাজারটা একটা সুতা খোলাইতে পারি না উনিহানুল ইসলাম মুক্তিযুদ্ধের টিকিটের উত্তম বালাই
/kaggle/input/regspeech12/test/test_tangail_0001.wav,ব্যান্ডার কি পারফর্ম করতেছে কিন্তু মানে কেউ তেমনই নাই উচ্ছ্বসিত না মানে গানটা তেমন কারও কাছে ভালো লাগতেছে না এরকম কিন্তু আবার ফ্রেডি মার্কিউকে খুব গান পছন্দ করত পরে যেহেতু ক্যারিয়ার একটা চুজ করতেই হব
/kaggle/input/regspeech12/test/test_kishoreganj_0107.wav,উদ্ভিদ সূর্যের আলো ব্যবহার করে নিজের খাদ্য নিজেই তৈরি করে পোকামাকড় উদ্ভিদের উদ্ভিদ থেকে বেচে থাকে আবার পোকামাকড়ের খাদ্য হিসাবে গ্রহণ করে এভাবে সব ব্যাঙ্ক হয়
/kaggle/input/regspeech12/test/test_sandwip_0027.wav,তৈরির মাঝ আমি দেখিতে খুব মানে দুঃখ করি কৈশোরী হোলাইন যে হরাল হাকা করে না মানে হইত কোনো দিন একানব্যাস উচ্চ চলাচল না আর হোলাইনকে হরাল না আগে আজ মাপা শুধু হোলাইন হোয়ার আলেহা করলে যে মানুষই যে এমনটা কিন্তু না আর ইয়েনমারেরা কেন আনার হোলাইন এলেন দেখবেন
/kaggle/input/regspeech12/test/test_sylhet_0670.wav,আর তার দাবিও চাকরি করতে আশীর্বাদ হবে তুমি কলেজে
/kaggle/input/regspeech12/test/test_chittagong_0047.wav,গোড়া দিনগোড়া হাম ব্যাকিং কেন আত্মসমর্পণ করে গোয়া বলে বেড়াতে যাবে গিয়া হাম বললি তোর বেড়াতে যায় হাম দিয়েন দেহ
/kaggle/input/regspeech12/test/test_sylhet_0331.wav,আমার নিজের তার কাছে একটা মনে আমার মনে হয় যে আমি বার্ডেন কারু ওখানে ফিলার তামিক হয় না আমি কিছু করিয়া পড়তাম তাই বলে ঠিক আছে তোমার চিন্তাভাবনা ভালো আমি স্বাগত জানাই কিন্তু তুমি ছোট কাজ করতে গিয়া আমার
/kaggle/input/regspeech12/test/test_narail_0104.wav,আমি যে ডাক্তার দেখাইছি ওষুধ খাওয়ার পরে অনেকটাই টিউমারটা ভেঙে ছোট হয়ে গেছে বুঝিস না অনেক সময় আছে যে থ্যালাস মিয়া মানে মাংস পিণ্ড আরেকটা টিউম আর এক বেলার জায়গায় আমার ছয় বারে
/kaggle/input/regspeech12/test/test_sylhet_0103.wav,জিন দেখে এবং উত্তরসাগরেই প্রধানমন্ত্রী জানিয়ে পড়ছে আর জিন বাসার মালিক বাসার মালিককে প্রধানমন্ত্রী গোছায় দিয়েছে মাইদের হত কিছু নিষেধ আশা লেখেছি
/kaggle/input/regspeech12/test/test_sylhet_0013.wav,মন্ত্র চালান অঞ্চলের দাওয়াকে দেওয়ার পরে তারপরে আমরা প্রসাদ টাইমের বিক্রি করতে হবে তখন পঞ্চমী তিথিতে আমরা বারাটা পর্যন্ত আছে বারাটা পর্যন্ত বারাটার ভিতরে করতে হবে যা আর যদি একটার টাইম থাকে পঞ্চমী তিতে তাহলে একটার সময় যে সময়ের টাইমের বিক্রি বাঝাটা হতা হয়
/kaggle/input/regspeech12/test/test_sylhet_0219.wav,অন্তত প্রাইমারি স্কুলে একটা পরীক্ষা দিয়া চাকরির টুকরা মুতাতে আমার পরিচয় খালি হাউজ ওয়ের পয় না লোকে একটা পেশাও থাকে চাকরিজীবী রাত নেই রাত নেই রাতের ঐ মেমেন্টটা রাত নেয়
/kaggle/input/regspeech12/test/test_narail_0110.wav,বিদেশ যাবে কিনা উনি উনি কয়েসে এবার আর বাড়ি আসব না আমি বুঝি ঠিক আছে মনে থাকে যেন বাড়ির ভেতরে ঘরেই উঠতি দেব না তুমি থাকতে পেরে কোনো বাংলাদেশে না আমি তো ইন্ডিয়ায়
/kaggle/input/regspeech12/test/test_kishoreganj_0196.wav,বিদ্যুৎ উৎপাদন করা হয় মসৃতদের জন্য হেয়ার দায় ব্যয় পাওয়া হবে
/kaggle/input/regspeech12/test/test_chittagong_0069.wav,ওমার এই ব্যাপারেরা যেন হবেনি ইয়ানার গো এখন ছোটা হাত নাইলে আড়াল করাটায় সুগার তুল লোভে আর গায়ে লয়া আমার হোম আচ্ছা আচ্ছা তো এখন ঠান্ডা ভর্তি হবি
/kaggle/input/regspeech12/test/test_chittagong_0010.wav,মধ্যে সাব্বিস সারের না পার্কের তুমি লিস্ট গিয়ে দেখো না তুমি কাছে আছো এখানে হ্যাঁ ডেমোর হাতে তো
/kaggle/input/regspeech12/test/test_barishal_0014.wav,তারপর দেহী রবের নামে আপেল ছাড়ে অনেক সময় ঝিনুষ হিন্দুর বাড়ি বিল খেয়ে দিলেম বাদ
/kaggle/input/regspeech12/test/test_sylhet_0048.wav,এটা বেশি মজায় তাই ওপারে দায়টা শিখাইছে নতুন আমি তাহলে আমাদের কলা জায়গা লাগিয়ে বাসার তালা পাই বাইরে লাগে তো রান দিয়ে দেওয়া লাগে তোমার বয়স কত দিব তারপর রান্না পারে বালা তুমি তা পার শুনি সব রান্না করিয়ে
/kaggle/input/regspeech12/test/test_sylhet_0708.wav,আরও বড় আছে রিয়ালের দিকে
/kaggle/input/regspeech12/test/test_noakhali_0007.wav,বাইল লগায় কিন্তু সিয়েরা যেন পলিথিনে কেটেছে
/kaggle/input/regspeech12/test/test_sandwip_0003.wav,অনেক বিশ্ব দেশে এসে ঘর সংসারে চলছে বেশি থেকে বেশি খরচ করেন না কী নিবেন গ্রামে গেলে শঙ্কর উচ্চিমবঙ্গ মনে করেন বল বুঝি আসছে জাতিগুলি
/kaggle/input/regspeech12/test/test_sylhet_0347.wav,পোস্টিং হয়ে গেছে তোমার বিবাড়িয়ার তোমার সারোর চাকরি সিলেট আর আমার চাকরি বিবাড়িয়া আমার বাচ্চার বয়স তখন দুই বছর কাছাকাছি গেছে এখনই ছোট বাচ্চা লইয়া কেমনে মানে আমি
/kaggle/input/regspeech12/test/test_sylhet_0035.wav,দশমীর দিন আবার পূজা হয় দে দশ মিনিটের ভিতর পূজা হইব এদিন সবাই অঞ্জলী দেয় না সবাই আনন্দ করে যে পাড়ে দেয় অঞ্জলী দেয় না তারপরে শেষ হইল দশমী পূজা পড়ে
/kaggle/input/regspeech12/test/test_barishal_0022.wav,একটা কোড্ডে কতটুকু ওষুধ থাকে কয় বেলা খাওয়ালে কতটুকু এগুলো নিয়ে চাওয়া লাগলা করে রেখে শান্তি না থাকলে তো এই কথাগুলো কেন শান্তিতে থাকে তো এমন ধরে না আমি সকালবেলা যে খাওয়াইয়া মেরে সময়ে ওঠা হয় ঘুমের নেম
/kaggle/input/regspeech12/test/test_narail_0159.wav,ওই মেশিনই নষ্ট হয়ে যাবে ওনার এত রোগ প্রথম হচ্ছে ডায়াবেটিক বুঝছ পরে হচ্ছে ওনার চোখে এতে নালি হইছে
/kaggle/input/regspeech12/test/test_tangail_0029.wav,তার মানে আমরা দুজন সুলমিত কিন্তু ঘটনাগুলো এমনভাবে হয় যেন জোনাথন সবসময়ই ঠিকই করে কিন্তু মানে অন্যান্য পারিপার্শ্বিক যে ঘটনা আছে এটার মানে সারা বুঝতে পারে না এই জিনিসটা
/kaggle/input/regspeech12/test/test_narsingdi_0067.wav,কেন বসের খবর জানি না নিতে পারি না আমার লোকের একটা দুধ বিয়ে করলে যে তোমাদের ফোলা বাইরের ফোলা কিডন্যাপ করছে সরে না সরে না সত্যি কথা মেয়ে বলে হুনটা ভাড়া করি সাপ্রাত হুনটা
/kaggle/input/regspeech12/test/test_sylhet_0493.wav,শুক্রবার একে নামাজ মাছ ফলাতে কিছু আছে থাকু হসপিটাল নাম হচ্ছে হুনবায়ু মুখ বাজার থাকু হুগল হাসপিটাল বুড়ো হসপিটাল কিন্তু ডাহার মাঝে ডাহা মেডিকেলর মেডিকেলের আন্ডার আগুও
/kaggle/input/regspeech12/test/test_sandwip_0020.wav,শুধু গাড়ি গুলা রাস্তা রাস্তা ভূমিতে সালাম পালিয়ে কহিল তখন মুখে দেখাইয়া এতে পারে হালি দিয়া স্বাস্থ্য স্কারের কাছে নাই
/kaggle/input/regspeech12/test/test_sylhet_0634.wav,মহিলা ফেলাই তো আইন আপনার বড় বোন নে দাদু আচ্ছা তো আপনি আইন আমরা উবাই আপনার নাতির মেয়ে যে তাই বলেন
/kaggle/input/regspeech12/test/test_narail_0157.wav,ওই ব্যাংকেরটা আমার কাছে কি আমার কি পাগলে কামড়াইছে আমি গাছ টাকা ভাঙে ট্রাক্টর দেহাবানি আমি পাগল ছাগল আছে পৃথিবীতে কত তা তোমার না দেখে বোঝা যায় না
/kaggle/input/regspeech12/test/test_narail_0156.wav,ইন্ডিয়ায় ডাক্তার দেয়াতে যাবে না তোমার দিদি বাংলাদেশে তো তেলায় ফায়দের পাত্তিসি না ব্যাংকে টাকা দিয়েছে ওই টাকা ভেঙে ডাক্তার দেখাবে না সে
/kaggle/input/regspeech12/test/test_chittagong_0097.wav,ভাই মাথামতে কিন্তু ইবান আসিয়া হোনাসির জন্য আইন দিকে আগাবে আরা বেশি রাষ্ট্রমন্ত্রী ইয়া গুজ্জু আল্লাহ গুজ্জু তাই এমনটা হইলে আনন্দ নির্মাণের অঙ্গ শুরু হয়েছেন
/kaggle/input/regspeech12/test/test_sandwip_0056.wav,নিজেরাই সব বেশি করে মন আর এই মহিলারা যখন সবকিছু লেদান্দা করার লাগে এসব মহিলার গো আসলে বহু প্রিয় বান্দাকার ওমানি তোর মাথা থৈব
/kaggle/input/regspeech12/test/test_narsingdi_0106.wav,তুই কিছু ট্রাই করলা বা বাবা খুব খুশি হয় এই যে ওয়েট কোকো মেলান নার্সারি রিধামস আমি কিছু ট্রাই করলা দাদু খুশি এটা নেক আমার প্রথম রান্তা দিতে আসার মনে আসে আমি যে ডিম বা জঙ্গি ছিলাম
/kaggle/input/regspeech12/test/test_kishoreganj_0204.wav,তিরিশটা আমি নিদ্রার শুনতেছি হ্যাঁ পদ্ধতি ফিলিছি তুমি একটা কি তা ভাসতেছে
/kaggle/input/regspeech12/test/test_narsingdi_0123.wav,বই ডেমন স্লেয়ার ঠিক আছে অহরনের জাপানের সবচেয়ে হাইয়েস্ট বাজেটের রিয়া অ্যানিমেশন সিরিজ না দেখলে মিস আমি আনিয়ারিক স্পাই ফ্যামিলি
/kaggle/input/regspeech12/test/test_narail_0030.wav,আমি তো কাগজে কতিপারী কাগজ দেখলাম এরিগায় যে কাঁঠাল গাছ ছালায় যেটা খালকুনি যাচ্ছে এগে জমি হ্যয় তারপরে আসাদ মিয়া যে ক্যাম্পানি আছে সেটা তামরা জানি
/kaggle/input/regspeech12/test/test_sylhet_0578.wav,লিড আর ক্লাস গেলে এক টেকনিকে প্রায় তুমি এক বছর পর্যন্ত তৃতীয় অনুমান এখন ওয়াটসাপো সালাইতেন না
/kaggle/input/regspeech12/test/test_barishal_0034.wav,দুয়া অ্যাটু বাটিতে লইয়া অ্যাটু কই করবেন কই আপনি দেওয়া লাগে না মিডাও লাগে না খাওয়াইবেন দেখতেন শুভের দিচুর্তি সত্ত্বে
/kaggle/input/regspeech12/test/test_sandwip_0108.wav,শাস্তি মানা লাগে হালালাগাতা হলেন মাস খেলানো আর হেতে হত্যা দেখা যায় ভিয়েনের কোন সম্পর্ক নাই এই ব্যাপারে আইন কৈলী হই নির্বাহী আইন কৈলী গেলে এতের মানে চাহিদা বোধ বেশি হালালাগাতার ব্যাপার এতের চাহিদা বুধ বড়
/kaggle/input/regspeech12/test/test_noakhali_0020.wav,তুই কেন জানাস ভাই তুমি কেন দেখি কোথাও নিয়ে করা আছে
/kaggle/input/regspeech12/test/test_sylhet_0036.wav,এদিন আমরা মন্দিরের কাশ্যের আনন্দস্যুপূরণ সন্ধ্যার পরে ঘাড়ায় সেই দিন আমরা সবাই বিন্দু করতেন যে আমরা নিরামিষ খাইছি এই দিন ভালা মাছ মাংস সবাই খায়ের কি খায় পিটারেটা মানে মানে শেষ তারপরে হলেক আমরা বিসর্জনের ক্রাইভেট
/kaggle/input/regspeech12/test/test_rangpur_0059.wav,একটা চিহ্ন দেখা গেল আকাশ হোক এটা হল দুর্ভোগের একটা লক্ষণ এটা হযরত মানুষ চলাচল নিজে বলে পায়া গেছে
/kaggle/input/regspeech12/test/test_habiganj_0016.wav,তারা সেলারা নিতে বেয়াহরে হেরে বালা আমাতি হচ্ছে দেখছুন নেয়ারা অন্তত উগ্র হচ্ছে এত শ্বশুরবৃত্তিক মেয়াদ থেকেও বন্ধ রাস্তা রায় নাই চার পাঁচ চালে দুই লাই যাতে বেয়ার হচ্ছে তিনটাই মনে বেয়ার হচ্ছে সব প্রমুট
/kaggle/input/regspeech12/test/test_sylhet_0459.wav,আমার মায়ের চাচার মায়ের দেখতে অসুস্থ
/kaggle/input/regspeech12/test/test_kishoreganj_0037.wav,এদিকে আরিতে হুকুম না চব্বিশ ঊনষাট তিনশ
/kaggle/input/regspeech12/test/test_barishal_0073.wav,দেখছি এটা নিজের চোখকে বাস্তব প্রমাণে দেখছি এই জিনিসগুলা গড়েটে সংসারে সংসারে গড়েটে এরা সামনা সামনি নেপাল ও পিচ দিয়ে বহুত কিছু করতে পারে
/kaggle/input/regspeech12/test/test_sylhet_0276.wav,দেড় হাজার টাকার টিউশনি মানে তৈল গিয়া দর আমার মাসের খাওয়া খরচ সারিয়ে হাতকড় সোস্টেলিজি বলা অবস্থা টিউশনি একটা করার পরে সাহস হয়ে গেছে কানবার সিটির বাসে আওয়াজ হওয়া করেই তোমার বাড়ার টাকাও লাগে না মাস শেষে টাকা তা পাইলে
/kaggle/input/regspeech12/test/test_kishoreganj_0160.wav,ডানা টুকটুকি লাল ডানা টুকটুকি লাল ডানা টুকটুকি লাল ডানা টুকটুকি লাল নামের মেধা
/kaggle/input/regspeech12/test/test_sylhet_0751.wav,কিন্তু মন্দিরে মন্দিরে গেলাম ফাঁসা চাইলাম পাবুল বিভাগের জেলা কিনতেন কিনে না কিন্না গেলাম মানে এইগুলা করার কিত্তা মানে ঘরে নিজেরা পরিবার পরিবারও করে আবার মিললামি সত্য মিললামি সেমন ওরা যদি আমরা আল্লাহ যদি সব আপনারা নিজের দায়ের বাঁচিবে
/kaggle/input/regspeech12/test/test_sylhet_0593.wav,প্রভার সাথে মা ফুলছে লাস্ট টাইম তেন হাসব্যান্ডাই তো এর আগে কবে জানি মাসিস্লো এক্সপোর্টের হাসব্যান্ড যাওয়ার সময় আবার পৌঁছে দিলেন
/kaggle/input/regspeech12/test/test_sandwip_0032.wav,দু তিন রকমের মাছ লাইবে কি রে তোর মা এসে ছাত্রী করেনি
/kaggle/input/regspeech12/test/test_kishoreganj_0159.wav,সবে বুঝো গাছটা লোকার মানে ভাইন জমিটা দেখছ ডানের আর মাদক জমিটা হয় সব দুর্গম জমিটা এগার আগে কুয়াশা দিচ্ছে কুয়াশা লুক্ত হয়ে পড়ে ডালি মের ডানা টুকটুকি লাল লা দালি মিটুল ডালা টুকটুকি লাল
/kaggle/input/regspeech12/test/test_sylhet_0157.wav,কাকে যুদ্ধের সময় পাইছেন না কত বড় অস্থায় কিছু মনে আছে নিস যে আমরা না কোইন নেই আমরা তো এটা খালি বইও করি কিছু তো জানি না
/kaggle/input/regspeech12/test/test_narsingdi_0023.wav,এটাই আসলে জাতীয় দলের প্লেয়ার আসবে যাবে আসবে এরকমই চলবে তুই আসে তুই খারাপ খাদ্যাশোস তোর জায়গায় আরেকজন নিবেই যদিও আবার তোর জায়গায় যায়নি সবাই যদি খারাপ খেলে
/kaggle/input/regspeech12/test/test_chittagong_0014.wav,হ্যালো
/kaggle/input/regspeech12/test/test_tangail_0121.wav,আধারী টাকাগুলা কতগুলা মানুষের কাছে পৌঁছাইতে পারতেছে যতটুকু আমি হিসাব করে যদি ক্যালকুলেশন নরমালি করি তাইলেও তো হইতেছে অনেক টাকা হয়ে যায় কিন্তু দেখ দিতেছে কত লাখ টাকা করে দিতেছে দুই লাখ আড়াই লাখ কি পাচ্ছে একজন ব্যবসায়ী
/kaggle/input/regspeech12/test/test_barishal_0028.wav,এই যে নাগের ট্রিপ যে একটা জিনিসের উপরে টানছিলাম একটা না দুইটা
/kaggle/input/regspeech12/test/test_narail_0102.wav,জাকাল হামাদুল্লাহ কিন্তু কঠিন রোগ বয়ে নিয়ে বেড়াচ্ছি এর কওয়ার মতো না থাকতে থাকতে এবং ওষুধ খাওয়া যেতে হবে
/kaggle/input/regspeech12/test/test_sylhet_0614.wav,হ্যালো আইসোস নেই তুই আইসোস নেই মাস্তাফার ইয়াজোহরো পেরোগ্রাফ বার করো আমি আই আর সায়হাস আছে শুধু এটা
/kaggle/input/regspeech12/test/test_sandwip_0052.wav,আমার মাস মাফার হাতে দেখলাম যে কেহ হয়ে গেছে কিন্তু গিলিপ দে তুতিছে এক ধরনের আঙুলে দেয়ে তেলে না
/kaggle/input/regspeech12/test/test_sandwip_0127.wav,আমরা মারা সাফেরার করে রাখি বুঝতে পারছি আঙ্গুল আমি আঙ্গুল মানব এই ফ্যাসার দিলেই আল্লাহ সাহেবি বিভিন্ন করে খেলান তো
/kaggle/input/regspeech12/test/test_sylhet_0438.wav,মানে টাস করিয়া কিন্তু খুলিয়াই নিয়া অপমাটার মাঝে পড়ছে হেমন শিপ মারছি আমি মানেও আমি করেছি সব তামানা সিরিয়া ইচ্ছা মানে মাংস অংশ কিমান্ত সিরিয়াইয়া করি গিয়াছে আর হেমন শিট লাঙাই স্মৃতিতে দাঙর ষোটে আরও লেখা স্বামী বৈধান্ত নার্য
/kaggle/input/regspeech12/test/test_sylhet_0547.wav,আর ফর্ম ক্লাবটা শেষ হঠাৎ এক জামা রুটিন দিব এবং কোন ধারণার কাছে দেয় রমজানটা তৈরিত নয় আমরা হ্যারিনের জন্মে মেয়েমেয়ে করেছেন ক্লাসর যে রমজানও একটা নেই
/kaggle/input/regspeech12/test/test_tangail_0066.wav,কর্পোরেট পার্টিতে ধুয়েকা পার্টি করতে পারব না ওদের তো আলাদা একটা সাইট যার স্টাফ আছে ওই তো আরাও যেমনি স্টাফ ঐরকমই তো এই পার্টির মধ্যেই মানে শিউলি একদম মানে রেলিংয়ের কাছে যায়
/kaggle/input/regspeech12/test/test_barishal_0060.wav,অনেক ফলাফানের লাগে চলছে এই পোলা নেশা হইতে শুরু করি এমন কোন তাউরুসি নেই যেন মুই পোলা করি নেই আর রাহুন সব ছাড়িয়ে ভালোই সংসারী করি মনে করেন আমি যখন ফলাফানের লাগে চলছি দৈনিক পঞ্চাশটা হার একশোটার কাজে লাগত আমার তামাক ছাড়া আমার জীবন চলত না
/kaggle/input/regspeech12/test/test_barishal_0091.wav,যত বছর যখন এত এ গাছ এই যে নেবারি কাটলাম এই গাছ
/kaggle/input/regspeech12/test/test_habiganj_0032.wav,এখন ইকানুই একটু হরি আবার মালাটালা জুফি কিন্তু পুরাপুরিভাবে করা হয় না বাড়ির থাকতে যেমন করতাম এমনভাবে কিন্তু করতাম পারি না
/kaggle/input/regspeech12/test/test_barishal_0045.wav,হেইয়ের পরের মনে কেন হলেন আনা আমার মাথা গেছে গরম হেয়ে যে এই ঢুক্কা মেইয়ে সজ্জিল না ইয়ে তৈয়াইয়ে করছ তা গরু করলে কি করবে বেশ চেয়েই হলাম বেশ চেয়েও হলাম আর এই মোর এই গাছ কাটা কাছান্নীই গেলে মুই ঢাকা সিলিজম এ বাড়ির সংসারেই আসবাম
/kaggle/input/regspeech12/test/test_sandwip_0037.wav,মাতা খাওয়ার জন্যে সেনের অনায়াতা হয় না খাইলে হুদ্ধ করি চলো সাদিয়া বললে আর বাসনা বেশি আনিতে তোলা বাসনা নেই
/kaggle/input/regspeech12/test/test_narail_0017.wav,তালিশের শরতে তাই সেবার কই সে যে মাইসুহিত ভাইয়ের কাছে বলে মেলা টাকা পাঠাইছে দাদার চিকিৎসার্থী তাই তো মনিকল তানে মাইসুহিত তালিকের কাছে যে তালি ভাল কথা গুরুপদ্ধতার কাছে পাঠাইছে তাহলে আমি গুরুপদ্ধতার কাছে শুনব যে গুরুপদ্দ ছলতলি টাকা তো খাইছি আমাকে দেই নাই
/kaggle/input/regspeech12/test/test_sandwip_0125.wav,আসাসিক না আসাস তৈরি করে অজ্ঞ হলা অজ্ঞ মানে ধন্য যেন একলা শাহার বাইরে যায় ক্লাসে এতে হল হে এক ক্লাসে লাস্ট পর্যন্ত এতে হলা মেথিকেশে ভর্তি এল না নানির জন্তা হরেই শোলা ঠুক শুকিছে
/kaggle/input/regspeech12/test/test_comilla_0027.wav,আর ওর বাবাও তো একজন সরকারি কর্মকর্তাই উপজেলার অধীনেই সহকারী ইঞ্জিনিয়ার তো ওনারা ওরকম ভাবে যে মানে এটা তদন্ত করতে হবে বা এখানে কাউকে দোষারোপ করার মতো উনি কোনো করেনি
/kaggle/input/regspeech12/test/test_narsingdi_0065.wav,ম্যাট ফেরান্ড ইঞ্জিনিয়ারিং করতাছে
/kaggle/input/regspeech12/test/test_tangail_0115.wav,এটা তো দেখাইছে পেপারেও দেখাইছে আর একজন নেতা আছে না সবাইকেই করে চট্টগ্রামের রাউজানের নেতা
/kaggle/input/regspeech12/test/test_narsingdi_0031.wav,ওটা দেওয়াস নাই তুই এই রকমের স্বপ্ন সবারই দেখতে হবে ঐটাই স্বপ্ন সবাই দেখবে না দেখলে কি চলে নাই এই যে টি টোয়েন্টি ওয়াল কাপ গেল দেখলে না সাকিব আল আসান বলল যে
/kaggle/input/regspeech12/test/test_sylhet_0398.wav,কেশমির আলানা পন্ড শরীর খান দিয়ে মাসুলে আমার চেষে না বুঝায় না কোথায় থাকা যায়
/kaggle/input/regspeech12/test/test_rangpur_0126.wav,তোমরা ইচ্ছেই করে না দিন মোটি একা দিয়ে কিছু মাটে ওই দুই শো দিচ্ছে মাফা তো আরও তিন শো দেমেরটি টোটাল পাঁচশো টাকা মিল দুই দিন
/kaggle/input/regspeech12/test/test_sylhet_0677.wav,এখন উপস্টার্ট মানে ফর্মার্সে ডিগ্রি কমপ্লেস করছি মাস্টার্স আমার ছোট মেয়ে হাইসেফ করতে পারছে না ফরেলদোকে ভর্তি হয়েছে এখন অপেস্টার্ড মানে ফর্মা কন্টিনেটরা
/kaggle/input/regspeech12/test/test_sylhet_0695.wav,তাইলে তো আপনারা ব্যস্ত আছেন এর সাথে রান্দা রান্ড করে এলেন দাদুতে আমরা উঠি আপনারা আপনারা বহুত সময় দিলাম
/kaggle/input/regspeech12/test/test_sylhet_0442.wav,তেমনি শ্বশুরবাড়ি থেকে আছেন আন্টি পয়েন্ট ছাড়াইয়াও গেয়ে যে আরামবাগ
/kaggle/input/regspeech12/test/test_sandwip_0111.wav,আইজমা পরেছে আমি সঙ্গে সেখানের অনুষ্ঠিত
/kaggle/input/regspeech12/test/test_noakhali_0006.wav,বেগম কিনা নালু
/kaggle/input/regspeech12/test/test_sylhet_0301.wav,আর বিয়া হইলে ওখানে একটা করা লাগব করতাম আর সবচেয়ে বড় যেই জিনিসটা আমার মাথায় তখন এটা করছে যে আমি তখন ইউনিভার্সিটি ফাঁস করিয়া যখন আমি বাড়িত ফিরিয়া যাইম যেই বাড়িত আমার আম্মায় কোয়ার্টিফোর ওভার টেনশনে তাকাইন আমার আব্বা নাই আম্মায় টেনশন করিরা তাইন ঘুমাইতে পারেন না
/kaggle/input/regspeech12/test/test_sylhet_0243.wav,আমার স্বপ্নগুলা খুব ছোট ছোট থাকে যেরকম আমি এসেছি পরে আমার টাইমে ডাকিয়ে যাম মিনিমাম প্রাইমারি স্কুলে চাকরি করিয়া আমার একটা ফেশনা দেইনি তখন আমি আমার ইন্টারাল দিচ্ছি তখন আমার টার্গেট হইছে যে
/kaggle/input/regspeech12/test/test_sylhet_0590.wav, আসছিলাম যা এখন দিন প্রতিদিন প্রতিদিন তো যাই কি কোনো স্থান
/kaggle/input/regspeech12/test/test_sylhet_0589.wav,আর এর পরে থেকে দেখলে বাক্যে পড়া তো আগ্রহ হয় তেষ্টার কদিন আগে থেকে ফোরাইরা উজ্জ্বল স্যারে বাদ দিলেন
/kaggle/input/regspeech12/test/test_sandwip_0002.wav,কি এ সাধি আছে টাকার সীমা সুন্দর বাইতে সেগুলোর কোনটি গেলে খরচ খরচের মাসে দাবার দিছে কিছু
/kaggle/input/regspeech12/test/test_sylhet_0480.wav,রাহুল আম্মা তারা গুণ্ঠার আপন এখন তুমি আবার দুনিয়ায় মৃত্যুমানুষ যেতে হইয়াইছে খালি তোমার ঔষধ হার নাই আর দেহার জুড়িয়ে তোমার বাসিন্দাদি নাই তাই নাই বাইরে ওলা নিয়ে বড় বটে হার পান্ডে নিয়ে বেগ নিয়ে ডাক্তার রেহিটা মারিল ভুঁইনে মাতিয়া মরত হইবে এর আগে মরতে লজ্তে থাকে
/kaggle/input/regspeech12/test/test_barishal_0050.wav,ই হিন্দে হে রাত্রির অ্যাম্বুলেস বাড়ানায় মুদ্রা দিয়ে আষ্টা দেখা কয়েক এলেকজন নাগালে বাদ দেন অ্যান্ড ঠেহাইন নিয়া হেই জ্বর্তফানের মধ্যে দেখ জ্বর্তফান ডাঙাইয়া এত কিছু করিয়া হাইয়া মনে করেন কোনো যদি এটা গুণা না থাক মানুষের ভিতরে দেওয়াই কি ও এইটা বোঝে না যে মোর বেড়া যে হারার দিনে গাছের কামড়া করে
/kaggle/input/regspeech12/test/test_kishoreganj_0039.wav,লয়ু মেলায় কী আলোপ করলেন সাম্রাজ বিলিডা আরে আমার একটা সাহায্য উপাদ নাম করি সাম্রাজ বানিয়ে দেখে
/kaggle/input/regspeech12/test/test_narail_0022.wav,আগায় তোমার বড় মামি আসত ঐ বড়দিদি মাষ তোমার ছোট মামির বাড়ি আসছে সাহস পাইনে যা আনে যে তার সাথে যে পীড়িত হইছে সুজন মাস্টার পীড়িত শাসে হইছে মরিচে ছোট মামি সুজন সে ছোট মামি এই ছোট মামির সাথে খাতার ছিল না চলালা বাড্ডার সাথে টোকো নিলা
/kaggle/input/regspeech12/test/test_narail_0003.wav,নেচার লোক তা তোর সাথে সরে নিলে উড়ানে বয়েতে আছে আমি যে জমিতে ধরিছি ওকে কানে গেছে এবার আমার ডায়েক আছে কি যে এরকম বাড়ির জমি তোমরা খাচ্ছিলাম
/kaggle/input/regspeech12/test/test_kishoreganj_0164.wav,মানুষের মাধ্যমে সাত শত্রুর ভাগ পানি মানুষের সাথে মাঝার মাঝার মাঝার মাঝার মাঝার মাঝার মাঝার মাঝার মাঝার মাঝার মাঝার মাঝার মাঝার মাঝার মাঝার মাঝার মাঝার মাঝার মাঝার মাঝার মাঝার মাঝার মাঝার মাঝার মাঝার মাঝার মাঝার মাঝার মাখার মাঝার
/kaggle/input/regspeech12/test/test_sylhet_0489.wav,আমার ওলা বাড়ি লইতে যে তুমি আমার হারায় ফুলি করে কান্দা ম্যাডামি সাহস যে যেন আমি তামিম থেকে সব সময় নামাজ ফুটিয়া দিয়া ধরিয়া লাগিয়াছি যার লাশ সবসময় তুমি তাই নিয়ে পালা রাখ
/kaggle/input/regspeech12/test/test_sylhet_0740.wav,পুড়ে দরবার ধরিয়া টান মারেনি বাগে জমাইয়া বা হরাতেই টান মাইন লাগে ও তাই নিয়ে লাগে সারা জীবনে তাই নাকি একটা বড় হাইতা হাইতে হাত আমরা নিরামিষ চাই না নিয়ে একটা মাস নিরামিষ হাই মাকুব চাই না মানিটার বা দেয়াকে তারার মানুষই গেলাম আমরা যেন টাইটেল ও টারার টাইটেলে পরিণত হয়ে যাইব যেমন আমি মালাকার বিয়ার পরে আমার
/kaggle/input/regspeech12/test/test_kishoreganj_0021.wav,বইটা কুন মসি বয়ে মসিতে লোককে হাইস্কুল আছে না হাইস্কুল সাতটি হাইস্কুলের সাথে
/kaggle/input/regspeech12/test/test_sylhet_0149.wav,ভাই আছেন ভাই বৌ আছেন ভাই হুট আছেন ভাই গিয়াছেন আসেন ভাই না গোমাই আমি লাগিত মারতে পারাম না
/kaggle/input/regspeech12/test/test_barishal_0042.wav,মনে করেন কাছিতে টানিয়া আড়িবেন শিমুল রাস্তা লোক দিয়ে জাগাইছি হেইয়ে নিয়ে খেতে হ্যালাচি হে কুডোটি একলাখলা লার্সি রৌদ্দুর মধ্যে একটা মিল ছাই বৈত্রীন হে ঘুরে ঠুরে হুক হইছি বিয়ে লেখালা হি আবার একলা খাসাইছি
/kaggle/input/regspeech12/test/test_chittagong_0093.wav,আই তো টেনশনে রাখিস যে হুনমিকে নাম নয় তো কেউই হুনমিকে নাম নয় গুচ্ছ সি ইউ ডিউ
/kaggle/input/regspeech12/test/test_sylhet_0001.wav,আর আরও বাজার যে কোন নিরিশ আমরা ওদিকে কিছুটা পানি হাজিরে চলে খাওয়া একসময় যা হইলে বালা লাগে গরুও বাদ দিন না তারা বলছে হইতে কখন আর মুখ রুল না গরু পালার
/kaggle/input/regspeech12/test/test_narail_0063.wav,ভয়ের বিশ্বাসের পুকুরের দেনে আপনি কি করে দিয়েছেন আমার বাবা মালা গাফিলের তিরিস
/kaggle/input/regspeech12/test/test_sylhet_0075.wav,লক্ষ্মীপূজা কালীপূজা কার্তিক পূজা গণেশ আরেকটা আছে শিব চতুর্দশী ভাই ফোটা কোন সময়ও
/kaggle/input/regspeech12/test/test_tangail_0022.wav,ওদের দুজনের দেখা হয় একটা নিউ ইয়র্কি বেকুন একটা মলে ওরা দুজনেই যায় মানে ক্লাভস কিনতে কারণ বাইরে তো মানে শীত কানাডার দিকে
/kaggle/input/regspeech12/test/test_narsingdi_0063.wav,যেই পরাতরা পণ্য দিন লাগা শিখতি আমি আগে সেই না ঠিক কিন্তু লাস্টের তিন দিন ঠিক শিক্ষা দেখি পরীক্ষার আগে নির্বাণ বাম দুই দিন অধ্যাপেরা হেসপাত তোরা ফারাতে এলে
/kaggle/input/regspeech12/test/test_kishoreganj_0095.wav,এটা বিআইপি মসজিদ না বেডা কেউ নিবো গা কেউ দের নেওয়া যাবে দেয়া কেমেরা বিট করা আছে এফওয়ে জানা হচ্ছে না সবাই একটা লোকেরা নাম হচ্ছে এর ভোরে তালা মরিয়া এর ভোরে নামাজ পত্রাতনা মসজিদ
/kaggle/input/regspeech12/test/test_sylhet_0606.wav,এখন আরাম দিলাম অন্য সাথে ঠিকঠাক হইছে এখন ম্যাডাম খুব দেখতেই ভালা লাগে মানে দেখছি লাগছে যেমন ঠিকঠাক আছেন সুস্থ সবার মাইস্কুনের থেকে দেখতে বেশি দুর্বল লাগছে
/kaggle/input/regspeech12/test/test_narail_0057.wav,আমাকে তো কোনো কিছুর অভাব নাই আমরা দুই মাপের দিকে আমরা মেলা ভালো আছি বাবা চলিয়ে গেছে চাকরিবিধু কুয়ার তারপর যদি তোর ভাগ্যে থাকে তার ভেষা হলেই আমার তথ্য যদি
/kaggle/input/regspeech12/test/test_sylhet_0338.wav,মানে আমার মনে পরীক্ষার্থীদের মন ও সাহসের কোনো অভাব নাই শরীরের রাতে না থাকল মনের মানে দুর্দান্ত সাহসাসীল বাদে পরীক্ষা যেন স্থগিত হইল
/kaggle/input/regspeech12/test/test_chittagong_0081.wav,কম্পিউটার শিখতাম যাচ্ছি আর একটু ভাইয়ের গায়ে মানে হ্যানা মুছতে হয়ে যাইবে জাহান মাথাও সুনিম্ন ভারী যার যে হিটেস্টের মতো হয়ে যাইবে তো ভাই গরম গরম ভাই পশুর আয়ুয়ের গরম উজাল এখন উনিকে গুছাম জাইন্য পারি
/kaggle/input/regspeech12/test/test_sylhet_0164.wav,ক্ষতিপুত্তা কেন হয়ে যেতে পুনরায় মুখোমুখি হয় তারাও খাওয়ার স্টাইম আছে ওটাই না নিরবচ্ছ যে তারাই আগাম কাপড় রাজ্যতা কার্বা খায় যায় আমি যেটা খুব বেজারাস নাই বেশি লুটপাট করে আইসি মানুষের দোকানপ্রাণ করার রাস্ত্রে
/kaggle/input/regspeech12/test/test_chittagong_0150.wav,আর ওর একবার হলেন দে আইডিও ওয়েক্সেড নৌ বলি বলে নৌ হই হ্যান্ড একান সমস্যালে কি ওই আইডি বলতি অনড মেসেজ দিয়ে কনভার্সেশনের কিছু ছবিটা পেয়ে পেয়ে গেলেন প্লেটের কিন্তু
/kaggle/input/regspeech12/test/test_kishoreganj_0106.wav,সকল প্রাণীর শক্তি প্রত্যক্ষভাবে উদ্ভিদের উপর নির্ভরশীল
/kaggle/input/regspeech12/test/test_sylhet_0114.wav,তেমনি আমরা সাথে লইয়া লইয়া মাত্র আপনার ছোটবেলাগুলা লইয়া কিছু হইন কেমনে বড় টরোয়াইছুন পড়াশোনা করছিলেন নি নাকি না একবারেই না একবারেও করছি না তো ছোট থিকা বড় আঁকি রকম হইল এক দুটা কাহিনী অভিনে হই
/kaggle/input/regspeech12/test/test_narsingdi_0128.wav,এই আলাদিলা তো মাশলা তোর মুখের দাপ তো করে মাখা ছাড়া কি ডি সোস আমি ন্যাচারালি সুন্দর না না ওই যে বাবাই কি একটা ওষুধ এনেছেন আমিও কিনব যে আমার ডাক সান্স পর্যাতেছে এটাতে সান্স পর্যাত না এটা সর্দ্র এক নেপ্রান্টস কিনার লিগে এটা
/kaggle/input/regspeech12/test/test_sylhet_0037.wav,বিসর্জনের টাইম তা অনেক মাঝামাঝি রঙ খেলে ধামাইলে সবাই খুব আনন্দ করার পরে মাঠারকে গিয়ত নিয়ে গাড়িতে করেন এটারা বিসর্জনের প্রস্তুতির লজ্জায় যায় গাড়িতে নিয়ে আনন্দ করে সবাই ট্রাকে উঠে মাদুর গাড়ি নিয়ে আনন্দ করিয়া
/kaggle/input/regspeech12/test/test_sylhet_0418.wav,মানে আমি অসুস্থ সারা জীবন থাকতাম আর বালাই জন্যে করবে এখন বুঝি তার ফলে আমি আল্লাহরে ফিরে গবেষ্টা করছি সব মানুষের যে যে বা তাকে খুঁজছে মানুষ তো সব বলা নাই রে বাবা বুঝে না না আমি তো খেয়ে উপর বালা দেখতে পারি না আমি আমার আল্লাহকে সেসব সম্ভবেছি আল্লা তুমি দেখিও সুস্থ বা অসুস্থতার মালিক তুমি
/kaggle/input/regspeech12/test/test_kishoreganj_0078.wav,ফার্গে যা যা একটা অনুমতি দিচ্ছি টিয়া লাগবে নোটির প্রতি আঙ্গার দিচ্ছি না
/kaggle/input/regspeech12/test/test_sylhet_0351.wav,তো তার আগে ফাইয়া আমি কহিলাম যে আমার বাড়ি সিলেট আর আমি চাকরি করি ব্রাহ্মণবাড়ি আমার বাচ্চা ছোট তখন আমার বাচ্চা আছে ফুল নুরুল ইসলাম নাহিদ আছে তখন মন্ত্রী তাইন লগা লগ হইছেন যেন ই মেদামরে এই ছোট বাচ্চা লইয়া জামাই ছাত্র যেহেতু সিলেট তাই নিজে সিলেট ট্রান্সফার করার ব্যবস্থা করেন যেন
/kaggle/input/regspeech12/test/test_sylhet_0635.wav,তুই যে নাতনি দেখলাম তাই মাতিয়ে নিনা স্মরণ হইব কেন আস্তা হচ্ছে প্রেসারে প্রেসারে লাইভ নিম্নের চেয়ার
/kaggle/input/regspeech12/test/test_sandwip_0054.wav,না তোর কোচ নির্মাতার দেশা আমাকে কে
/kaggle/input/regspeech12/test/test_chittagong_0149.wav,বড়ভূপের বাসাদ হোহ বড়ভূপের বাসাদ বৈচিত্র্যে অনেক শীতলা গুণ অন্যান্য ব্যাগুন কেন আছে বেকুম বালাস আইলাস টাকা রিক্রি কিলার দেয় আয় ও ভয়ে ভোবর্দ্র নাসরীর আহতা হয়েছে
/kaggle/input/regspeech12/test/test_narail_0126.wav,ওই তো বর খায় না দারে
/kaggle/input/regspeech12/test/test_tangail_0020.wav,তারপরে আমি যেই মুভিটার স্টোরি শেয়ার কমেছি সেটা হচ্ছে সেরেন্ডি পিটি এই মুভিটা অনেকে দেখে নাই কিন্তু এটা একটা সুন্দর মুভি ঘুমাস তো সে
/kaggle/input/regspeech12/test/test_habiganj_0096.wav,আমার তো ইচ্ছা কাকরাসুরি রাঙ্গামাটি বান্দরবান যাইতাম ইত্যাদি যেমি যে সময় নিজের চাকরিকে কর্ম বেশিটি হব ঐ সময় যাইম না ইতাতে হুন দিতা না এখন তো শুটু হইছে হুন প্রথম হইছে আমি জীবনের প্রথমে কেনাইছি কেন দূর বেশি দূর দিতা না সিলেট হইতে হইলে দিবা নাইলে দিতা না যেপার লিগে
/kaggle/input/regspeech12/test/test_rangpur_0044.wav,ঝাই যেমন তাই জীবনেও খারাপ হবার প্রমাণ নাই ও আন্টি শোনো এমনও দিনে এমনও খাইতে পেরে পাও এমনও দিনে এমন নেশা হয় না থাকলে নাইয়ে বিবেরবেনি ওটা কয়েলা মেয়ে
/kaggle/input/regspeech12/test/test_habiganj_0053.wav,তেপর একটু পবিত্র পাওয়া যায় মন প্রাণী বালা তাকে
/kaggle/input/regspeech12/test/test_barishal_0100.wav,মোরাতলাম ভাই ঈদের দিন ভ্যাল খেয়াল যা পছন্দ এককালে ঠিয়া পাঁচশ একটা জামাই ঠিয়া কিনি ঈদের দিন পাঁচটা বেল কিনছি এবার চরিত গেছে কিন্তু মুরবাবু আটবার দিন করছি বিয়েলে বাজারে গেছি পাঁচটা বেলান যে পাঁচটা বেলের দুইটা বেল হালাইতিছে
/kaggle/input/regspeech12/test/test_sylhet_0130.wav,আর ঈদুদাইলে কি রকম কি তারপর কি রকম যায় দিনকাল বেয়ারমায় কি বাবুর জন্যে
/kaggle/input/regspeech12/test/test_kishoreganj_0192.wav,উদ্ভিদের পুষ্টি শুনানোর জন্য কোনটি প্রয়োজন মাত্রিক কোনটি প্রাণ দূষণের কারণ নর্দমার বর্জ্য পানিতে মিশে থাকা বালি কাদা ইত্যাদি ছড়ানো
/kaggle/input/regspeech12/test/test_rangpur_0023.wav,আমি চাইর রমজানে গেল প্রায় মাসে চলি মাছ দিয়ে রমজান মাসে খাওয়া যায় ভাত বেশি রে সিয়েরি সময় এক প্লেটের পর বেশি দুই প্লেট আর দেয়ার প্লেট খারাপ হবে না
/kaggle/input/regspeech12/test/test_sylhet_0456.wav,মানি বলেন যেখান হইতে আমার প্রিয় কান্তারা মানতে আমার আপ্লাসের চাচা শিখে আমার প্রিয় কারণের আজকে আমার মানে তৈবাল কত টেকা দেওয়া লাগবে কিন্তু আমার আপ্লাস আছে তারা তাকিয়ে দিবে মনিউল আমার চা ছিল বড়ো বই হিসেবে তা আমি তো আর খেলে থাকাই বা দিচ্ছি না
/kaggle/input/regspeech12/test/test_tangail_0099.wav,রণবীর কাপুর ঈদের লিগে অনেক কষ্ট পায় যে একসময় সবাই দেখা যায় তো আজকে মানে ওই সবচেয়ে বেশি কষ্টে আছে ছবিটা পুরাটা দেখলে আসলে বোঝা যায় ওয়ান সাইডেড লাভের যে একটা ফিল
/kaggle/input/regspeech12/test/test_habiganj_0071.wav,বড় অনাক বা একেবারে ছোট অনাক সন্তান হয় চাঁদের আসি তারপর এদিকে লেগে সিনডি স্টেযান্ড থেকে আরো সিনডি স্টেয়ান্ডের একটু ইদারো মানে একবারে সিনডি স্টেয়ান্ড থেকে আরো এসে যায়
/kaggle/input/regspeech12/test/test_sylhet_0011.wav,পড়া লাগে না যেদিন পূজাও এদিনকেই পড়ে নামবে স্বাস্থ্যের কাছে এদিন আমরা টাইমটারিও করি বিসর্জন দেবেন এদিন তাই না সব বই হাতাপাল কার কাছে অর্পণ করা হয় আরেলুগিয়া পূজার সাথে প্রশাসক খাওয়ার পরের দিন তো পূজার পদ্ধতি বলব না কে
/kaggle/input/regspeech12/test/test_sylhet_0175.wav,নবী উদ্বোধন ও এলামাল হুন সরকারের দ্বীপ সম্ভব খালারা এমনে বুড়ানের জাইন্টাইন নেয় ওই এমনি পরিবার মিল্লা বাবা বাপুর বাড়ি আরে মাইয়া শান্তির দিন জেগে গেছে বাচ্চাদেরি আমার বাবার বাড়ি যেতে পারে
/kaggle/input/regspeech12/test/test_narail_0171.wav,জামাই হারিয়েছে না তো জামাই তো বিদেশ বিদেশ বলতি কোন জায়গা আছে তো জামাই আজকে আজ সামনের দশটি মাসে ওমান গেছে না
/kaggle/input/regspeech12/test/test_tangail_0084.wav,শিউলির পছন্দের ফুল গাছ ছিল এই শিউলি আমি এই গাছটা আসলে তোমার কাছে রাখা যাইতে চাই পরে বরুণ ধাওয়ান এই গাছটা নিয়ে দেখা যায় যে একটা এই ভ্যানে বরুণ ধাওয়ান এই গাছটা নিয়ে চলে যেতেছে
/kaggle/input/regspeech12/test/test_kishoreganj_0121.wav,পরিবেশ দূষণের অন্যতম প্রাণের কারণ হল কি শিল্পায়ন
/kaggle/input/regspeech12/test/test_sylhet_0464.wav,সহায়কে বিজনেস খোলা বেশি পছন্দ করি ছেলেমানুষের মতো আছাম এটা দেশা আমার এতে বেশি একটা পছন্দ যে মন আমি বিষয় করছিও হোস বারান আগে ও রাজ ভাড়াটা কি মানে জাগায় জাগায় আগে মানে আগে আমরা আবাদা আছি এবং আমরা কুয়ার্টারেও থাকতাম
/kaggle/input/regspeech12/test/test_narail_0154.wav,ছায়েনের সাথে কথাটা তো হয় কবে জানাতেন পরমার্ষি ফোন করেছিল দুই তিন দিন আগে ছায়েন
/kaggle/input/regspeech12/test/test_kishoreganj_0139.wav,ভাঙ্গি সবুজ কালার এ মস্ত ভাঙ্গি সবুজ রঙের মস্ত
/kaggle/input/regspeech12/test/test_sylhet_0316.wav,জানুয়ারির এক তারিখ থেকে তোমার স্যারের বাসা হয়েছে লইয়া তো বাসাত উঠলাম তো তোমার স্যারের বাসাত ও এমসি কলেজের সামনের জাহাজ বিল্ডিং ও ইয়োগেরে কিতাপয়
/kaggle/input/regspeech12/test/test_chittagong_0098.wav,না পারিলে ডিগ্রি লয়েল করে ফেলা ইন্ডেরি আয় হাতে কিছু করিবেন না যে পয়েন্ট পায় আদা তো তুমি না আজকে আরও কিছু পাবে
/kaggle/input/regspeech12/test/test_sylhet_0656.wav,বলে যে লাইব্রেরি করুন আপনার বাবা অফিসে থাকুন আর দাদুর কিলা সময় যায় সেটাকে তা করুন আপনারই না কই আপনার দিন যায়
/kaggle/input/regspeech12/test/test_comilla_0010.wav,রোহিগ্যালর নাচের রিয়ার্সাল রুমে যাওয়ার পরে টিচাররা বলতিছে আজকে ব্লুটোতে চার্জ নাই আজকে তোমাদের রিয়ার্সাল হবে না চলে যাও রোহিত অনেক খুশি হয়ে আবার স্কুলের মাঠে আবার যেখানে ধুলনাটা ঐখানে ফিরছে
/kaggle/input/regspeech12/test/test_sylhet_0319.wav,তখন তাইনের দুই বাড়ি থাকতে লাগে তো ওই লোকিয়া আমার বিয়া নিয়ে কোনো স্বপ্ন দেখি নাই বিয়ে নিয়ে ঐ রকম মানে আমার বিয়াটা আসলে একটা ঐতিহাসিক বিয়া
/kaggle/input/regspeech12/test/test_chittagong_0107.wav,কিন্তু হর্তানী হরার দিন নাতন এক ঘণ্টা হলে রাত্রি বৈতাহামপুর্গী হরিবেলে কারণ নাসিরি নিশ্চয়ই গরম পড়ব তার এক ঘণ্টা বৈতাহিক ক্লান্তির সামনে ছদ্মান্যের বেপ্রোস্ট্রি দেখা যায় তার মোবাইল শ্বাসনালীর আগুয়া রাহি গেলেন
/kaggle/input/regspeech12/test/test_habiganj_0054.wav,সুবাদের যে পূজা দেওয়া সময় তুমি দুফ কেনে জ্বালাও দুফ তো এটা একটা সুগন্ধ এটা নাদিকটা সুবাস তাহে না সুবাসে একটা নির্মল একটা পরিবেশ সৃষ্টি হয় যাতে আমরা যে প্রার্থনাটা করি পরিবেশটা যাতে মানে কোনো কিছু বালা সুবাস ফাইলে দেখুন মনটাও ভালোই জায়গা এবং ফুলের একটা সুন্দর সুবাসে আপনার মনটা যেমন ভালো এমন একটা আগরবরবাতি বা কোন দুফের একটা সুবাসেও মন্ডা ভালো হয় পবিত্র
/kaggle/input/regspeech12/test/test_narail_0069.wav,ওই জায়গায় আছে ওনি আছে যার জমি সে বাড়া জানে না কিন্তু ও জানে যে কোন দাগে তোর জমি কোন দাগে আমি কই দিতে পারি
/kaggle/input/regspeech12/test/test_sandwip_0062.wav,বিয়ের মনে মনে রবিশ দিন আগে ব্যাগান চিরক্ষা হাস্য থেকে নিজে আবার
/kaggle/input/regspeech12/test/test_sylhet_0393.wav,শান্তির মাত্রাটা হল সমাজের চিতা সম্পর্কে হোক গবেষণাটা
/kaggle/input/regspeech12/test/test_sylhet_0245.wav,এটা আমার যে অডিট বাই তাই কিশুনি করি হরিমানের শর্তা কারণ আমরা একটু কৃষি বেস্ট ফ্যামিলি আসলা আব্বায় ওরা ধনসম্পদ মানে জমাইয়া রাখিয়া গেছেন না যেটা থেকে আমরা পড়াশোনার খরচ চলত আমরা আসলে কোনোদিন কোনো প্রাইভেট টিচারের কাছে পড়ছি না
/kaggle/input/regspeech12/test/test_sylhet_0649.wav,তার দূরের দিকে আপনি তো মনে হয় যুদ্ধের সময় আসলা দাদু হইলা যুদ্ধ সময়ে মুক্তিযুদ্ধার বিদ্যালয় ছিল দুইটি গেছে
/kaggle/input/regspeech12/test/test_sylhet_0366.wav,তাড়ানা লইয়া আমার চিন্তাভাব না আমরার মতো আসলে আমরা বাচ্চারা তো স্ট্রাগল করত না বা আমরা যে পরিবেশে জন্মগ্রহণ করছি তারা তো ঐ রকম দেখছেও না কোনোদিন কাজেই তাড়ানা লইয়া আমার আসলে মাঝে মাঝে কীভাবে তারা লাইভ
/kaggle/input/regspeech12/test/test_narail_0031.wav,নাসাদ মেয়ের দিয়ে আইস হল কিছু বেশি আইস হল তা ওটেরও বেশি উনি আসে খায় তা হই দখলে না ট্রফি আমারে কলাও যে পাই এরকম রকম তা নিয়ে আমার মাথাব্যথা নাই আমি এর পিছনে দৌড়াচ্ছি আগে এটুক দিই
/kaggle/input/regspeech12/test/test_sylhet_0505.wav,ষপদা বাবা মারা গেছে আমার অতাসীনতা দ্বারা মনে করে মনে হচ্ছে তাহার ফিরেছে আমার আব্বা মানে হইলে আছে মানুষ অসুস্থইে মারা যাওয়া একটা হঠাৎ করিয়া তা মারা যাওয়া আমরা খুব খুরাফি মেয়েটা আমরা খুব খারাপ হয়ে গেছি
/kaggle/input/regspeech12/test/test_sylhet_0688.wav,কত বছর ধরেই দাদি অন্য বার্ড বছরের জন্য আমার শাহরীর আমল্য হাঁটিয়ারা চলিবে আপনার শ্বশুরের থেকে আপনারা পাইছেন মানে শ্বশুরেও এমসির কাজ করতা
/kaggle/input/regspeech12/test/test_tangail_0043.wav,পশু পাখি জুড় সব যত পশু পাখি আছে সব নিয়ে অনেক মানে জাহাজ যাইতে তো অনেক টাইম লাগে লিগে অনেক ফ্রুটস ট্রুটস নিয়ে ওঠে কিন্তু ঐ ইরফান খান মানে
/kaggle/input/regspeech12/test/test_kishoreganj_0203.wav,আগুন নিবাহের জন্য কার্বন ড্রাগস কিভাবে মানে হয় আগুন নিবাহের জন্য কার্বন ড্রাইস মস্ত মানে মানে মানে মানে মানে না আন্তেইনি বেদাবো কা
/kaggle/input/regspeech12/test/test_sylhet_0599.wav,বড় বই নেন তাঁর আন্তি আর দুইজন এরা ইউকে থেকে একজন মামা আরা জানেছেন আমেরিকা থেকে হোসেলের সবে খালে কইরা যাইতাম আইসিস কেন সাঈদের নাসারে সিস্টার আমি এর আগে অনুষ্ঠান শেষ
/kaggle/input/regspeech12/test/test_kishoreganj_0014.wav,বেচলিটি অনা বেচলিটি লাইন না বোয়া বেচলিটি লাইন বিলের মাটির দোয়া ভাব নাই
/kaggle/input/regspeech12/test/test_narail_0025.wav,সেই দিনে ইরাতই কয়দিন আছে কিশোররা তো ফাঁসে যে মানে তোর মা মরিয়া যার পরে তার ফলে কিশোরকে সাথে খাতা দিক
/kaggle/input/regspeech12/test/test_habiganj_0079.wav,তোমার বাড়ি থেকে কত দূরে আর থেকে দূর বলতে এমনি জমিদার রাস্তাটা উল্টা সাইটে বসে আমরা বাড়ির দিকে আর কি মোটামুটি বিশ আদালতের মতো তারপরে কি
/kaggle/input/regspeech12/test/test_sylhet_0446.wav,কোন থাকি বাসা ভাল্টাইয়াইছি হনুও নাকি একটা উমার বাচ্চা একটা মারা গেছে পরে মনে হলাম যে স্থাহাব না না আঙ্কে না আপনি মাতোয়েন আপনি মন খুলিয়া হত্যাক পরে বামায় তো হাতাকে আই না উনি একটু লাগিয়া মার উপরে সমস্যা করে পরে ফোরকাতির কই না দেখি আবার হালটাই ও আবার হালটাই অন লাগিলাম এখনই কেন পাস্তান নাই
/kaggle/input/regspeech12/test/test_barishal_0035.wav,রাগ তার লাগে
/kaggle/input/regspeech12/test/test_sylhet_0519.wav,আসলে ভাইয়েরা ধরার ক্ষেত্রে মনে মাহাদিয়ত হালকে তারে নকল মাহাদিয়তা জানা সৃষ্ট কিন্তু সেই মনানী তারা সৃষ্ট করছে লাকে
/kaggle/input/regspeech12/test/test_sylhet_0575.wav,সানবির আর ইমরানা দুইটা তাসাফুফুল একদম লাভ আমরা নাইন থেকে মনে আছে নি তোর শাসিনার হোতা বাটানোতে মন নেয় পিতা তারার হচ্ছে বিয়া হবে নাকি
/kaggle/input/regspeech12/test/test_rangpur_0070.wav,আউকাল গিয়ামো কেন জানার পরে মুই কোনো মাছ থুই সে মুই কয় মাইন চুক দাম করিস না লাউ নাই তো তুমি কি আমার বিহানে আতাকে নিয়ে যেতে হবে
/kaggle/input/regspeech12/test/test_kishoreganj_0133.wav,এটাই গেছে পানি ফল
/kaggle/input/regspeech12/test/test_kishoreganj_0157.wav,উদ্ভিদের ব্যাকরণের পানি মানবদের সাড় থেকে সত্তর ভাগ পানি
/kaggle/input/regspeech12/test/test_narail_0038.wav,এখন যদি তুমি আসল দলিল বের করতে পারো তুমি যতই দখলে যাও যাবে সব কাটা যাবে এখন নিয়ম পাল্টে গেছে যার নামে দলিল সে এখন দখল করতে পারবে এসে সিস্টেমই চাস
/kaggle/input/regspeech12/test/test_chittagong_0064.wav,রিস্টার্টার্ন লিলি মানে অন্য কলেজের মধ্যে ট্রাই গরম করে এখন অন্যর্থ কি রি বলেন তো দেখে না দাঁড়ায় না করিব এখন তারা অ্যান্ড জাগাত বিজ্ঞা কেউ ঘুমায় তো আমরা জানি না বিজ্ঞাহাতুল হত্যারীয়ান হয়
/kaggle/input/regspeech12/test/test_sandwip_0046.wav,বার্তিক কুম্ভ আরও একটা বাজে খায় এলেছি বুঝে নে
/kaggle/input/regspeech12/test/test_narail_0049.wav,কোথায় শুনিয়া যা আমার কাছে কি হইছে সুর আলাদা দেশে আমার কি হইছে কোথায় কি আইসে ঠিক পাচ্ছ না আমার কিছু না রায় ঠিক পাচ্ছি নে কোথায় এই যে মাটি কাটেছিস
/kaggle/input/regspeech12/test/test_sylhet_0666.wav,ধারারা ও কন্যা গেল যে ফেমারা ইসলাম ও মান্দ্রায় ভর্তি আসলাম আমার নাতি তাকেও না বড় ছেলের গরু নাতি
/kaggle/input/regspeech12/test/test_narsingdi_0022.wav,আসলে রুবেলের জন্য খারাপ লাগে রে প্রয়োগ হিসাবে সিনিয়র প্লেয়ার ই আমাদের ওর তেমন এক্সপেক্ট দেওয়া হয় না আর সাইফুদ্দিনের কথা বলিত সাইফুদ্দিন তো নিজের নিজের বড় মনে করলে যা হয় আর কি
/kaggle/input/regspeech12/test/test_barishal_0020.wav,আর খারান মেয়া স্বীকৃতি কি কম নিই টু ফার্স্ট লোক কলেজের বারান্দায় ঘটছে এই লোক যদি একবেলা ওষুধ মিস দেয় পরের বেলায় দুই বেলার ডাক জোটে খাওয়ায় অ্যান্টিমেটিক চরিত্রে ইয়ে খাওয়াইছে
/kaggle/input/regspeech12/test/test_narail_0162.wav,না হন্তে ইনসুলিন লাগাতে হয় তাই তো বাড়িয়ে গেছে যেমনি ট্যাবলেট খেলে নিতে দেয় এমন অবস্থায় সে বড়িতে কমতি চলে না ইনসুলিন লাগায় কমাতে আসছে
/kaggle/input/regspeech12/test/test_sylhet_0126.wav,কতজন আসেননি কেন তারা মালিকা এখন থাকুন না আগে থাকতে না আগে মালিক আসল এক মালিক গিয়েছি গিয়ে বাড়ি বেঁচে গিয়েছি গিয়েছি কি তারা এখন বর্তমানের আট নয় মালিক আছে মালিকাদেরও আওয়াজ দেওয়া হবে এক চাল ছাড়া হবে তারার যে দুতলাত বাসায় আছিল না
/kaggle/input/regspeech12/test/test_chittagong_0067.wav,তুমি কিন্তু বাড়িতে থাকি লিসের বাড়িতে আস্তান হোসেন তুই তো নোয়াইল সো আমি কি লিসে আগে তুই যাই তার ফ্রন্টের রুম তোর ঈদের সময় স্টাম হল নোয়ালি তোর কোনো আইন যাই বেঙ্গুই নও
/kaggle/input/regspeech12/test/test_narail_0087.wav,ওই সেই কথাই তুই তো ভুলে গেছিস তুই যদি ভুলে না যাতিস তাই পাঁচ মাস পরে দেয় আমার বন্ধুত্বে শুনে পাঁচ মাস বলি নাই শোনে আমি ইন্ডিয়াতে আসার পরে তোর সাথে আমার একদিন কথা হয়েছে যেদিন ইন্ডিয়া থেকে হয়েছি
/kaggle/input/regspeech12/test/test_sylhet_0598.wav,তারা বাসা তাইয়া দাওয়া দিছেন কল দিয়েও বারবার করে গায়ে হেলুদা হয়েছে যেমন গায়ে হেলুদা আর গেসিনা তো দাদুর মাঘ ও অসুস্থ হয়ে গেলে না হেলা যেদিন গায়েলুদের জন্য আছে সেলাইন গেছে এখন আর গেসিনা এখন হলেন বিয়াত না গেলে ছিলা তারাও সব আইসান লিখিত জার্বিয়া তার নারকি হাসবেন তখন কানাডার
/kaggle/input/regspeech12/test/test_sylhet_0210.wav,দুই পরীক্ষা দিচ্ছি আইসিসি পরীক্ষা তো এর আগে একটা জিনিস আমার খুব বেশি নাড়া দিচ্ছে এইটা হইল একটা জরিপ হইছে ভোটের যে তালিকাকরণ ও তা নিবন্ধনের ক্ষীণ
/kaggle/input/regspeech12/test/test_sylhet_0320.wav,কোন স্বর্ণ ডানার কাপড় চুপড় কোন ধরনের লাক্সারিয়াস কোন কিছু না জাস্ট উন্নতি বিরাজিতা রেখো একেবারেই সাধারণ এবং পূর্ব আর স্যাটিসমেন্ট তাইনেরও কোন প্রত্যাশা নাই আমারও কোন প্রত্যাশা নাই জিরোজনের হেতে আমার প্রত্যাশাকালে আমি একটু মাথাটা রাখব
/kaggle/input/regspeech12/test/test_tangail_0083.wav,শিউলির ফ্যামিলি আর শিউলি এই বাসা ছাড়া অন্য জায়গায় চলে যেতেছে এই বাসায় আসলে শিউলির অনেক স্মৃতি আছিল পরে শিউলির মার সাথে বুরুনের অনেক কোনো কথা হয় পরে মানে শিউলির আম্মা বুরুনরে বলে যে
/kaggle/input/regspeech12/test/test_rangpur_0117.wav,এলাকি তো চুলকাড়াবু তোর মুজ তো ছোট হয়েছে কই তোর মুজ বড় হয়েছে তার মুজ তো ছোট হয়েছে দাদা
/kaggle/input/regspeech12/test/test_sylhet_0415.wav,প্রাতিন মাস আমি ভর্তি বসলাম পরে এখান থেকে না ডাকাত ডাকাত কোন চিকিৎসার কোন জাগাত নাই ফোর্সাল তালিফাটিকে চিন্তা করেনি কোন ফোর্সাল তোমার আটকাইয়া রাখার মতন নাই তোমার এবার বুঝা আমার হাসবেন তা একজন বালা মানুষ আমি নিজে আমার নিজের মুখ দিয়া হইলাম শিকার এলাম যত বালা আমার চব্বিশ ঘণ্টা ফোর সাফ জ্বলে গেছে আমার অত্যাবস্বস্ত মানুষ
/kaggle/input/regspeech12/test/test_narsingdi_0015.wav,নষাকুশ টাকা কি লাগে নাই তো দেড় থেকে দুই কোটি টাকা দিলে একটা মেশিন এনাম্বার সেটা পারে একটা স্পিড মেশিন আর ঠিকঠাক মত চালাতে পারে না বল করে বলার ভুল গতি ওঠে
/kaggle/input/regspeech12/test/test_rangpur_0037.wav,তারা ইত্যে একটু খাওয়া লাগে তারা খেজুর খেজুর ও প্রচুর এন্টেক্স এনেছে খেজুর খাইবে খেজুরও শক্তি যোগায় কি বেটি খেজুর সলান নিয়ে খুচিয়া সুতার থাকি উঁটি একটা স্যালেন খায়া
/kaggle/input/regspeech12/test/test_sylhet_0707.wav,স্পষ্ট করার দরকার নাই না না ইউনিমাতি লাই তাহলে আমরা আবার আরও ডাটা কালেক্ট করাব আর খ্রীষ্টধর্ম আমি বলি বলে আজকে দিতে
/kaggle/input/regspeech12/test/test_sylhet_0354.wav,এটা মনে হয়েছে যে আল্লাহর নিজ হাতে আমি আমার বসাই দিচ্ছি ওয়াইলা মেমসি কলেজে দুই হাজার চৌদ্দ সালের নভেম্বর রয়েছি অবশ্যই নভেম্বর মাস তো নভেম্বর থেকে এখন পর্যন্ত আছি
/kaggle/input/regspeech12/test/test_sylhet_0568.wav,তোমরা তো সব ইংলিশ নিন না বাংলাও আছে ইংলিশ বাংলা যে যে পারে আমি ইংলিশ বই কিনছি আমরার ম্যাথ স্থিতা সবগুলোই ইংলিশ আর দুইটা সাবজেক্টর ম্যাথোর মাঝে থিওরিও ইংলিশ আর পিয়র থিওরি যুগ নিবেন বাংলা আমরা
/kaggle/input/regspeech12/test/test_tangail_0002.wav,পরে ফ্রেডিও মার্কিউটি ওই ব্যান্ডের দলে যোগ দেওয়ার ইচ্ছা করে পরে ওই ব্যান্ডের যে ভোকাল মানে ও আর কি একটু আগেই মানে ব্যান্ড থেকে বাইরে গেছে ও আর গান করব না পরে ব্যান্ডের যে বাকি সদস্য
/kaggle/input/regspeech12/test/test_sandwip_0116.wav,এগুলোরা হারাদের হ্যান্ডস্টার হ্যান্ডস্টার এতে নাকি আন্ডে রাখব হ্যান্ডস্টার কিন্তু আজিজ স্যারেরই খসড় মিস্টারে এতে সবসময় কথা বলত ইয়া মানে সবচেয়ে ভালোই স্টুডেন্ট আসলো আই ফাস্ট করবেন হবে ভালোভাবে হত্যার অনুযায়ী
/kaggle/input/regspeech12/test/test_noakhali_0010.wav,কিছু খাতা কফি খায় দুই কেজি
/kaggle/input/regspeech12/test/test_habiganj_0046.wav,কতটুকু বই কিনা হয়েছে কয়টা বই কিনা আছে কিনছি না একটা আমারে গিফট করছি আমার ভাইয়েরা এটা ওই করছে নিজে কিনছি না আর লাইব্রেরি থেকে অইন্যান্য করতে আমি তো নিজে কিন্যান্য বেশি বড় রয়েছে না
/kaggle/input/regspeech12/test/test_tangail_0038.wav,ছবির মেন ক্যারেক্টার প্লে করছে ইরফান খান আরেকটা ক্যারেক্টার আছে বাঘের নাম হইতেছে রিচার্ড পার্কার ছবিতে ইরফান খানের নাম থেকে পাইপেটেল আর এই ছবিটার কিছু অংশ ভারতে করা হয়েছে আর কিছু অংশ অন্যান্য জায়গায় করা হয়েছে সমুদ্রের সিনেসে মেক্সিকান দ্বীপের সিনেসে
/kaggle/input/regspeech12/test/test_narsingdi_0078.wav,যেদিন আমি বড়ম সেসময় আমিও সালামি পাব না বড়ের এই শুরুরা কত সালামি নাই আমার কোন সালামি নাই ইয়া মজুরা পিএসসি দেয়ার সময় হেরে তো কতটা দিচ্ছে সকালে আমার সামনে সামনে আবারের লোভ দেখার কয় তুই আগামী বছর রিয়া ডারেসল্টটা ভাড়া করিস দেখবি তোরা আরও বেশি দিব
/kaggle/input/regspeech12/test/test_sylhet_0571.wav,কাজের ছাতা তুষ্টা হইয়া আজকেও সন্ধ্যার সময় ফলায়নের পরে সময়ে দেখিয়া দিয়া হয়েছে উল্টিয়া নানী বুঝছে সুপার উপাধি উঠিয়া গিয়াছে লাইক জ্বালানি তার হেদিনুলা সাদা সেনানীতে ফানুল লোকে হাইন কোথায় চাইছেন লুকাইয়া রাস্তা আব্বা তাদের হামে বোহান আর ওলা আমদারির মাঝে চাইছেন লাইট অফট অন পরিণত সাহালে
/kaggle/input/regspeech12/test/test_chittagong_0095.wav,প্রতিষ্ঠিত গলায় মানুষ হলে সেই স্বাগত যেহোনাতের চোখ নাই ইতিবালে ফ্যাব্রিকার গ্রুপ থাকব পয়েন্ট আদৌ শীতের পাথর সরি হবে আমাকে এসেছি ইউ
/kaggle/input/regspeech12/test/test_sylhet_0160.wav, ইমদি আইসিল নি মিলিটারি রোমায় গিটাকো যা ফাইলাসে আপনারা তো কিছুটা করছিলেন শুনুন যে আয় তাছে আমি নিয়ম জানি না আমি আমার ভাগ্য পারি
/kaggle/input/regspeech12/test/test_sylhet_0065.wav,অনেক দিকের পর আমি আমার দেখেছি আইস্টা তারা অফার তাই মায়ের ছেলে যেভাবে শুধুমাত্র তুমি কি ভর্তি হইতে পার আমি তো ভর্তি হইতাম চাইছিলাম কিন্তু আমরা অনেক প্রবলেমে দেখা দিচ্ছিলাম আমি ভর্তি হতে পারতাম
/kaggle/input/regspeech12/test/test_kishoreganj_0072.wav,মানে তামা বৃষ্টি আছা যে বৃষ্টি আছা কহিল মাঙ্গার দাদা একটা পায়নি গা
/kaggle/input/regspeech12/test/test_rangpur_0085.wav,হাইন চাইছিলেন মার মতো আর ফিরোজ এই চাকর পাপের মতো কুমারে গাছ তুলে নিয়ে এল
/kaggle/input/regspeech12/test/test_tangail_0114.wav,ওরা দোকান খোলে হচ্ছে তোর ছয়টার দিকে এবং আগুন আরও আগেই লেগে গেছে তখন ওরা ছিল না সব তালা মারা ছিল কিন্তু আমি একটা জিনিস বুঝি না ওরা ক্যাশ টাকা কেন দোকানে রাখে তাদের কি সবার ধারণা আছে আমার তোমরা কোন ক্যাশ টাকা কুড়েই নেই
/kaggle/input/regspeech12/test/test_sylhet_0104.wav,এই ঘরের মধ্যে বুথ ফ্যামিলি বাড়া থাকুন জানে
/kaggle/input/regspeech12/test/test_sylhet_0282.wav,যাইহোক বাদে ফুর্তি আরোগটার পর যখন আল্লাহ চিন্তা করেন যে এখন বিয়ে করা দরকার ও সময় একটু একটু চিন্তা করিয়া দেখলাম যে না এখন আমি আমার চেয়ে উপরের লেভেলের মানুষ যদি পূজাত যাই আরও সময় লাগবে
/kaggle/input/regspeech12/test/test_narail_0167.wav,সুগারুলি বাড়ি গেল অন্য কোথাও না বেশি মারাত্মক অনেক কিছু করার না জায়গায় দায়ী দুটো কাঁটাবে চিরিলি সারায় না খাওয়া ব্যাপারের কাছে যে
/kaggle/input/regspeech12/test/test_sylhet_0098.wav,চাল রাতে আল্লাহ বেশি লাগে তাইলে এই রকম মানে কী রকম যাইতাছে দিনকাল কি তামার এগুলা নিয়ে
/kaggle/input/regspeech12/test/test_sylhet_0195.wav,সাইফ পাঁচজন ফ্যামিলির কারণেও ইটলাইন করিয়া আর হত্যা করছেন না তারা বিয়াগুয়া করিয়া কৃষিবেস্ট ফ্যামিলিয়া সিল তারা সেতুত লাগাইতা গরুর রাস্তা ও অন্যান্য শীতকালীন শস্য তালাগাইতা
/kaggle/input/regspeech12/test/test_sylhet_0460.wav,মায়ে হয়তোর পর্যাপ্ত এই মেয়ে কিছুতেই হবে জিতে গিটার লাগিয়ে তো গেছে গিয়ে কতদিন গিয়েছে আমি জোর করিয়া দিচ্ছি অন্ধেরি আমার কথা টুকরে বাবা আমি এসেছি দিছি না
/kaggle/input/regspeech12/test/test_rangpur_0081.wav,ওই যে আগের তার মাঝে কইছে গাছগুণ্যে হয় গোটা বাপ গণ্যে হয় বেটা মাও গণ্যে হয় ছাও ফুটে গণ্যে হয় নাও এলেলা বললে মিথ্যে হয় রকম হয় না মানে অবশ্যই
/kaggle/input/regspeech12/test/test_sandwip_0126.wav,আর ভাইয়ালে বাছা গ্লাই ফাঁস করিয়ে দেয় শিশুটুলা ম্যানেল প্রেসার দিলে হয় প্রেসারে কোনো হলেন আসলে উইলের হিসুমের উল্লেখ বুথ বাদ্যগুলার লেগে আঙ্গ পরিবারের মধ্যে আয় আলারবাই মেজাক আমরা ফ্যাসার উঠছি
/kaggle/input/regspeech12/test/test_sandwip_0016.wav,কেন করল ফিসফিস করে গাড়ি বাজি করছে কাশ মা পাবা এগিনে মনে হয় গাওয়ান
/kaggle/input/regspeech12/test/test_tangail_0126.wav,লুকাইয়া থাকবে এত বড় একটা কথা বলছে ভাই একে তো গরম তার উপরেই আগুন ধরছে সব জায়গায় মানে এখন গরমের তাপ শুরু হয়ে গেছে কি গরমটা পড়ছে দেখছ কথা হইল গরমটা রোজার মধ্যে পড়ছে ফাস্টের দিকে যে রোজা ছিল আমরা তো ভাবছিলাম খুব বৃষ্টিতে ঠান্ডা ঠান্ডা রোজাটা শেষ হবে
/kaggle/input/regspeech12/test/test_tangail_0016.wav,আবার গান গাওয়া শুরু করে পরে তাঁর বিখ্যাত গানবোহি মেন্ড রেপসোডি পুরা মনীষাগার সালে মন্ট্রেল পুরা স্টেডিয়ামে সবার সামনে গায়ার
/kaggle/input/regspeech12/test/test_narail_0058.wav,আর মেয়ের কথা আছে কি ওই টাউট বাট ফাঁড়ি করে তোর প্রতি দিয়ে থাকা যায় না জমিতে ভালোভাবে নিই নাই ওর জমি ভালো থাকবে না দেহ সিস্টেম একটাও করে ফেলে বানিয়েছে
/kaggle/input/regspeech12/test/test_sylhet_0720.wav,তার বাধা মনে হল জামাই মরে গেলে তো তোমার না করে ফুল তো আসল না না বুফারের দুই লক্ষ্য শেষ
/kaggle/input/regspeech12/test/test_sylhet_0515.wav,এখন স্বাস্থ্য কাজ নিতে এই জিনিসটা করতে ভালো লাগে
/kaggle/input/regspeech12/test/test_sylhet_0266.wav,তো যেদিন আমার ক্লাস শুরু ওদিন বৃষ্টি আছে আমার খুব মনে আছে বৃষ্টি আছে আর ক্লাস শুরু আছে আমি জানি না আর আমার ভাই তখন বার্সিটি থোকেন শাহজালাল বার্সিটিতে আমার ভাই অর্থনীতির করতাম তখন মাবাইল ফোনও আছিল না
/kaggle/input/regspeech12/test/test_sylhet_0288.wav,কিন্তু আমার যে অতীত আমার যে স্ট্রাগন আমার যে হিস্ট্রি এইটার সাথে অ্যাডজাস্টেড না হইলে পরবর্তী লাইফটা স্মোথ নাও হইতে পারে এখন আমি চিন্তা করিয়া আমার জিগাস্বাদের ব্যাপারে যে ও বাড়ি থেকে প্রস্তাব এসে তোমার কিছুটাই চেয়েছে
/kaggle/input/regspeech12/test/test_sylhet_0235.wav,চকলেট আমার ভাইয়ের মনে দশ টা হাজিয়া চল্লিশটা আনছে আমি আর সহ ফুরুদাইলের খেলা উঠানার মাঝে তারাবেশ ওভারে পাঠাইয়া দিচ্ছি আমার রেজাল্টু মিষ্টি তো তাহাই হইয়া রাত্রে বৈষম পারিবারিক মিটিং মিটিং ও ডাকলা এলাতুতেওয়ালা রেজাল্ট করছে এখন
/kaggle/input/regspeech12/test/test_barishal_0084.wav,নিয়া মনে করেন কামের দ্বারা হেয়ে এনে লোকের বাহারা ঘুমায় নাক্কার নিয়ে আজ মনে করেন আটটা নয়টার আগে হেরাইবে না এরপর মুরগির বয়ে থাকতাম সাতটা বাজে যাইয়া কুড়াল মুড়াল দাঁড়াইতেম বার করিয়া দাঁড়াইয়া আবার গোরা কোথা নিয়ে শুরু করিয়ে দিতাম
/kaggle/input/regspeech12/test/test_sylhet_0255.wav,তাদের স্যার একটু মন খারাপ করিয়া গেছে ওলা বিয়ার প্রস্তাব লইয়া আইসিল ভূমাতে ওলা মন খারাপ করি করি সব জায়গায় ওহনবায়েন্দ্র একটু মুভ চেঞ্জ করিলেছেন আগের যে হইতা যে চিঠিটা ফাঁস করিলা তখন আর ইহা কইরা না তাই যেদিন চাইবালাম তাই যেদিন চাইব ওদিন বিয়া তখন আর আমরা বিয়া দিয়াম না
/kaggle/input/regspeech12/test/test_sylhet_0399.wav,মানে একজন মানুষ ওর উপর এখন অকিচ্ছু করছেন নারীবাবা
/kaggle/input/regspeech12/test/test_rangpur_0030.wav,এলে খাবার এল দুপুরের টাইল নেই আর অতি আটার ডাইলে আর অতি ওই শেয়ার বিলিং সিনিয়র
/kaggle/input/regspeech12/test/test_kishoreganj_0035.wav,নাম হলে কত এনেন না
/kaggle/input/regspeech12/test/test_chittagong_0106.wav,সে আর তুরে হই ওই ওইদিন হলদি সোয়াবি হত্যা না হয় না তৈরি কি আর নদী সানজাপুর হতাশার তারা মূল্যি তো মানুষিবে সানজাপুর রেজিসাইস সাইলায় হরেন্টাম গেলাম দেখ
/kaggle/input/regspeech12/test/test_sylhet_0033.wav,মানে উপাশটা ভাঙে আপনাদের রুজা বলে দেখিজ ওটা ভাঙে হয় দশটা একটা টাইম টেস্টে সবে সবে পল্টন খাইলাম প্রসাদ খাওয়ার পরে তার পরে দেওয়া হয় কিশারী দুইটাও টা সংক্ষিপ্ত খাওয়া আবাদ অন্য উসবাস্ত্রে এগুলি হয় গীতা পাঠ করা হয় প্রত্যেক দিনই চণ্ডীপাঠ গীতাপ্রীনায় দুগগাবুজের চণ্ডীপাঠ করা হয়
/kaggle/input/regspeech12/test/test_narail_0100.wav,কবে তুই শুধু অনেক দিন আগেই খাওয়াইছিস ও তোর একটা গুড নিউজ দিয়ে এক মিনিট কই শিক্ষিত সুই শুদ্ধ ভাষায় কথা কব না না শোন শোন
/kaggle/input/regspeech12/test/test_rangpur_0105.wav,ও ঠিকভাবে যায় না না প্রতিদিনই যায় না মানের মধ্যে যায় যায় না
/kaggle/input/regspeech12/test/test_tangail_0014.wav,মার্কেট থেকে আউট হয়ে যাক পরে ওরা আসলে এরকম ষড়যন্ত্র করতে থাকে পরে ফ্রেডিয়েটে আসলে ওরা একসময় কুইন্স থেকে আর কি আলাদা করে ফেলায় আর এদিকে ফ্রেডিও মনে করে
/kaggle/input/regspeech12/test/test_sylhet_0265.wav,জীবনের মূল ঘুরানার মত একটা অবস্থা তাইয়ে পড়ছি তো বার্সিটি ভর্তি হইলাম আর যেহেতু মেরে তৃষ্ট আসলাম তো মেরে তৃষ্ট প্রথম থেকেও হাস্টেলও ওঠার লাগে তারা বেদার দিকটিতে প্রিয় দিসই সিলেক্ট ফোর্সই তো প্রথম দিন থেকে হাস্টেলও
/kaggle/input/regspeech12/test/test_sylhet_0474.wav,সাউলুর গুড়ি একে নতুন দান ভাঙাইয়া সব্রে গুলি দেওয়া হয়েছে ফার্স্ট স্টোরেন্সের পরিবারে নেও বাড়িতে কিনা নারকেলসাইট চাপা স্থাপারিয়া সব্রেনের পিঠাসিরা হাইয়া বিন্দুতার হাইয়াও লেগে বাড়িতেও গিয়া ফেলিল
/kaggle/input/regspeech12/test/test_tangail_0064.wav,ওরা কখনো শেপ কখনো মানে যে যখন যেই দায়িত্ব পড়ে কখনো শেপ কখনো ওয়েটার কখনো ক্লিনার কখনো ডায়ার কখনো আসাদ কখনো আবার দেখা গেছে ম্যানেজার কোনো এক ফ্লোরে তো এরকম
/kaggle/input/regspeech12/test/test_chittagong_0030.wav,ঠিক এবার সামনে ফেলিস কেন উনি মোবাইলো দ্বিধার গেলেই ছেলেমা অবশ্যই মোবাইল তাহলে করতে গিয়ে আমার মাইতে গিয়ে নাড়ায় একটু বাদ দেখা দিব হৌদায় মাইসানির দলে মেহর মোবাইলের রেলে আছে কুম্পি
/kaggle/input/regspeech12/test/test_comilla_0024.wav,তখন আমি জিজ্ঞাসা করলাম কী হয়েছে তখন ওই ঘটনাটা বলল আর কী এরপরে আমি রুহিনী নিয়ে রেডি হয়ে যাইতে যাইতেই শুনি যে মানে বাচ্চাটা মারা গেছে ওর লাশ নিয়ে আসছে উপজেলার মধ্যে ওদের বাসা এই আর কি এই ঘটনাটা রোহিনীরও অনেক ভয় পাইছে আর আমার জীবনও মানে একটা স্মরণীয় ঘটনা রোহিনীরও
/kaggle/input/regspeech12/test/test_rangpur_0114.wav,আমার ভাই তো খাওয়া দাগ ছিল
/kaggle/input/regspeech12/test/test_chittagong_0082.wav,এখন আয়নায় যেতে হলে ব্যাগগুলো বেড়াতে যেতে আসলে আমাদের কেন যায় তুই কি একলাই বিলছি না না ভাত
/kaggle/input/regspeech12/test/test_sylhet_0577.wav,না গ্রামের নিয়মিত আমি আগ্রহীদ্রদের হয়েছিলাম না রাত্রে বাইরে ছিলাম না ইঁদুর পরে এবার পিকনিকেও গেলাম না ইঁদুর দেখা হয়েছিল
/kaggle/input/regspeech12/test/test_kishoreganj_0188.wav,কুমড়িতে পানি দূষণের কারণ
/kaggle/input/regspeech12/test/test_kishoreganj_0123.wav,ডেল্টা তো ভালো ডেল্টা পরিষ্কার কিন্তু বড় বড় মিল ভিক্টোরি শিল্প কারখানায় সচল রাখতে বিভিন্ন ধরনের জীবাশ্ম জ্বালানি যেমন জীবা শ্রোধ এবং তেল প্রাকৃতিক গ্যাস
/kaggle/input/regspeech12/test/test_sylhet_0473.wav,সোয়াফে জুগুলি সিন্ডিত অফিস গেছে মানে সব দ্বার গিয়াত ওয়াজাক স্নান বিরহ কল্পন সোয়াফে জুগুলি স্বপ্ন ঠিক আছে যেমন এই সেই তুমি তো ভাইজো
/kaggle/input/regspeech12/test/test_kishoreganj_0108.wav,এভাবেই শক্তি থেকে প্রাণীতে প্রবাহিত হয় বাস্তু সংস্থার উদ্ভিদ থেকে প্রাণীতে শক্তির প্রবাহের এই ধারাবাহিক প্রক্রিয়া
/kaggle/input/regspeech12/test/test_chittagong_0017.wav,সুরার খবর পাত্তি নেকা ওদিন আলাদা অবস্থা হইলে তার কি গরমে জুলোয় কতক্ষণ আবার সোয়াইর আবার গামুর হরিক দিনের ফাঁস বস ঘুচুর হইল নমুর হরি
/kaggle/input/regspeech12/test/test_kishoreganj_0111.wav,সব খরগোশ ইঁদুর বিষয় ও অন্যান্য প্রাণীর ক্ষয় একাধিক খাদ্য শৃঙ্খল একত্রিত হয়ে খাদ্য যন্ত্রণালয় করে পানিতে শক্তি প্রবাহের একই ধারাবাহিক প্রক্রিয়া হল খাদ্য শৃঙ্খল
/kaggle/input/regspeech12/test/test_kishoreganj_0085.wav,এই আমার রেডিকোড কোথায় যায়
/kaggle/input/regspeech12/test/test_sandwip_0128.wav,তুমি আর কেউ বিয়ে করছে এখন না কর না কেউ হামলা তা থেকে যাতে করলে দেখা যাচ্ছে এখনো এমনি অবনতা হলে বিয়েলায় সুযোগ হয় লেমানিয়ে বলব
/kaggle/input/regspeech12/test/test_sylhet_0359.wav,যে আমি আমার বাচ্চা আছে আমার হাসব্যান্ড আছে আমার একটা ফ্যামিলি আছে এই যে হ্যাভেন এই হ্যাভেনটাকে সেন্টার করিয়ে আমার পেশা থাকত এবং আমার পেশার লাগে যদি এদিকে ক্যাউজ হয় আমি অনেক সিনিয়রারা তো দেখছি যেহেতু
/kaggle/input/regspeech12/test/test_narsingdi_0010.wav,ওরা তো আরও হাইলেভেলে সেজন্যই তো তারা লেগ স্পিন খেলতে গেলে সমস্যা হয়ে যাবে ঠিক আছে তবে ঈদের ইঙ্গালে ভালোই উন্নতি গোষ
/kaggle/input/regspeech12/test/test_habiganj_0102.wav,আর ফিজিওলজিয়ান অ্যাটমিক মোটামুটা আগের জীববিজ্ঞানের সাথে কিছুটা মিলে তারপর এগুলা সহজ লাগে এখন করতে করতে আর বিহিবিয়ার ফার্নামেন্টালের সাবজেক্ট গুলা সহজ হই লাগে আবার মাইক্রোবালিজের হালি কঠিন লাগে তার মাইক্রোবসের নাম গুলা কঠিন লাগে তামাকি দায়না উচ্চারণ করা যায় না
/kaggle/input/regspeech12/test/test_narail_0020.wav,গুরুফাতা রেক হয়ে গেল রেক হয়ে গেল রেক হলে আছে গুরুফাতা স্বল্পালয়েছে বাড়া মারতে পারে কোনোদিন তোর মায়ার একটু নিয়া বুলিওয়ার পিটিয়াস দুলুরে পিয়ে গেলাম দুলুরে টানিস একটু নিস যাই দিয়ে যাচ্ছি গুরুফাতরে এত দিয়ে গেছে
/kaggle/input/regspeech12/test/test_chittagong_0043.wav,ইতিক আছে দৈর্ঘ্য হইয়া দেখিনি কি আঁটিয়া গরিবিদিস না এরকম করে ঐ রকমের চেষ্টায় এসেছিলেন না বেকুস হলে চালাক দুরাত সময় ফেলল রাজা
/kaggle/input/regspeech12/test/test_narail_0010.wav,মনিক হোসেন আমি এরকম তো কোনো কথা কই নাই আমি তো এরকম কোনো কথা বলি নাই আমি এরকম টাকা পয়সার ব্যাপারে কোনো কথা বলি নাই আমি সরা শুনতেছিলাম আমি শুনেছি ওকাছে যে তাহলে তুই শোন তাহলে আমি সরে যাচ্ছি তাহলে তুই শোন
/kaggle/input/regspeech12/test/test_narsingdi_0115.wav,আমি তার মতো সফটওয়্যারিতে চাই না সুজি মেশিন চাস না দেইস ইন ফিউচার ট্রিচারিতে চাস না বিস না
/kaggle/input/regspeech12/test/test_rangpur_0019.wav,কথা কওয়া এমনি ভালো বন্ধু সেদিন যে গেছেন ওই দিক বুঝেন
/kaggle/input/regspeech12/test/test_barishal_0038.wav,কয়েক কতক গুণ হার্ক কি এই যে শাশার কথা ডাকায় না এক বছরের মধ্যে দেড়ি যে দুইটা খাবার দিনি ওরা একটা লাটি দেখিতে দেন
/kaggle/input/regspeech12/test/test_sylhet_0363.wav,তেত্রিশের রেজাল্ট আগে নেয় চৌত্রিশ যখন দিচ্ছি তখন আমি এডুকেশনটারও ফার্স্ট চালিয়ে ফেলাচ্ছি যেহেতু আমার তেত্রিশ হয়ে গেছে তখন আমি আর চৌত্রিশ দিনেই ওই লোকে আমার টার্গেটে আপনার লাইফ টাইম ফ্রডে স্ট্রাবলের এখন তারা এলে আপনার মানে এখন কিন্তু এখন কোন ডিম দেহরানি না ভাবরাজা আরও টাইম যাওয়া
/kaggle/input/regspeech12/test/test_sylhet_0054.wav,বাবা মাসুম ব্লাড কিস্টার পাওবান কিস্তার বাবা মাসুম দুই হাজার বিশ সাল ও ডিসেম্বরের বাইশ থাকে
/kaggle/input/regspeech12/test/test_sylhet_0516.wav,আর তিনি বহু কিন্তু আমার লিখেন এটাতে একবার বই নাই তৃণা মারা টাকা নাই আমি এসে বললাম কয়টা না পেরেন সারা তারা পাঁচ স্থলের বই নটা
/kaggle/input/regspeech12/test/test_sylhet_0724.wav,মোটামুটি তাইলেই দিনই পার্মানেন্ট হয়ে গেছে
/kaggle/input/regspeech12/test/test_sylhet_0311.wav,কিন্তু কালকেও গরা লাগবে তো আব্বা মা হয়েছে নাকে তোমরার সমস্যা না হলে আমরানা সমস্যা নাই করাই দুই বন্ধু আইসিন আবার আমরা বাড়িতাই ওলা আমরা সবাইরে বিদায়ী বলতে কালকেও বিয়া
/kaggle/input/regspeech12/test/test_comilla_0013.wav,আর রুহী ভাবতাছে যে আকাশে তো বানি সূর্য ইটা রয়েছে রৌদ্র এত রোদের মধ্যে তো কেউ তাকায় থাকতে পারে না ও এটা ভাইবাবু দৌড়ের কাছে গেছে যাওয়ার পরে দেখে যে ওর চোখ মানে চোখ দেখা যে ও তো আর বুঝতে পারতেছে না চোখ উল্টায় থাকলে যেরকম অবস্থা হয় না সূর্য বরাবর একদম চোখটা ঐভাবে আসে
/kaggle/input/regspeech12/test/test_sylhet_0165.wav,হারা বড় আপনার শুভের হিসেবে
/kaggle/input/regspeech12/test/test_habiganj_0044.wav,তোমার এমন কোনো হাজ আছে না ফুন বাদে অন্য কোনো হাজের মধ্যে বাবা মায় বাধা দিছে বা বাইবুনে বাধা দেয় আর এসময় বাধা দিলে কেমন লাগে বাকি তখন
/kaggle/input/regspeech12/test/test_narail_0168.wav,না দেখালে পরাজয় কি নিজের নিজের যদি না দেয়া ওই আমার এক ওয়াস্টার হচ্ছে
/kaggle/input/regspeech12/test/test_chittagong_0056.wav,ঘূন্য হতানামূলক ঘোড়া ঝিম ভামোহাতে করতে দেশি মাঝামাঝা হালালদুর্গি এনে গরম পরাদ্য সাংবিকারিকারে আরও হালালদুর্গি অ তোর মা হতানিলে কেন বেন হাসাই
/kaggle/input/regspeech12/test/test_sylhet_0202.wav,মানে প্রাইমারি স্কুল ফাঁস করিলে আর ফাঁস করার কথা হইতাম না প্রাইমারি স্কুলতা হরিহরি যখন ফাঁস করিলেছি তখন আর আমার ফরার কথা কওয়া লাগে না তখন আমি নিজ দুধুরাই আর বিশেষ করিয়া যখন দান রৈদ্য দিলে
/kaggle/input/regspeech12/test/test_narsingdi_0103.wav,আল্লাহ ভগবার অ্যানোবা আলু দারান্তা সিক্স আছ তুই কি কি রান খারাপ আমি আলু গরম পানি করতেছি
/kaggle/input/regspeech12/test/test_sylhet_0293.wav,ভালা অবস্থা আমি আইসি এবার সিলেট আওয়ার পরে মনে হয় আমার শ্বশুর শাশুড়ি আমার হাসব্যান্ডের কৈষে তখন যে তারে তোমরা কিছু দিসি না তারে কিছু একটা দিয় তাই না মনে ফোন দিয়া হইলা যে তুমি তোমার একজন ফ্রেন্ড লইয়া
/kaggle/input/regspeech12/test/test_sylhet_0193.wav,আড়ালে বাহির থেকে কাপড় শূকর গড় আনিয়া ঘুচাইয়া রাখা মুরুগুরু বড় আইলেই তার জাপানি ও অজাতের কাজগুলা ছিল আমার ততট করিয়া পড়িয়াছে হ্যাঁ হ্যাঁ হ্যাঁ মুরুকের সাঁতার ভিতরে ঢুকাইতে চাপলা দিয়া রাখা
/kaggle/input/regspeech12/test/test_habiganj_0070.wav,অনামিকের দারুণ অনামিকে ফার হয়ে আর একটু সেডি একটা বাসার মতো করি বেশি বড় না না তিন তালার সিজারার কি দুই তিন তালার
/kaggle/input/regspeech12/test/test_kishoreganj_0182.wav,উদ্ভিদের পুষ্টি সুশোনার জন্য কোন ডিপোজিট মাটি
/kaggle/input/regspeech12/test/test_barishal_0037.wav,সাডাম নামে জানে নিনে ওই বেশ সৈরভ কিসের চাটের সরল সোজা হানে না এর মধ্যে কি করছে কথাটা হানে না হ্যাঁ চালাকে লাগে চালাকি লাগবে এর মধ্যে কয়েকটা কি হলেন এ কথাটা খেয়াল করিন যদি আমার দোষ হয় কই বলে তোর দোষ ও মোরে হঠাৎ করে থাকি
/kaggle/input/regspeech12/test/test_chittagong_0127.wav,সাড়ে বাজাবাজি গাড়ি থেকে সাড়ে আটটা বাজার দিয়ে নেমে এয়ারপোর্ট স্টেশন আছে ঠিক আছে ঠিক আছে তোরা আনা জিজ্জির লেগে লেগে গেছে ভালো আছে মহানগর এক্সপ্রেস
/kaggle/input/regspeech12/test/test_tangail_0104.wav,আমি আবারও মানের নামগুলা উল্লেখ করতেছি প্রথমে হয়েছে বাহিম্যান রেবসোডি তারপরে হয়েছে সেরেন্ডিপিটি তারপরে হয়েছে লাইফ অফ পাই তারপরে এসে অক্টোবর তারপরে হয়েছে সাভারিয়া
/kaggle/input/regspeech12/test/test_rangpur_0005.wav,হাঁসের দাম বলে ঢাকাতে একটা করি নয় হাঁসের দাম কেন হুদ করি বেরিয়া গেল বেদনের দাম ম্যাডাম ডাকানে যায় আয় আয় হুদ নিয়ে যাইবে নাকি
/kaggle/input/regspeech12/test/test_rangpur_0073.wav, এদের শাক যে বাসির শাক দেও পাতা কত খোলা ডাটা গুলে দেহ কুতুবিলে
/kaggle/input/regspeech12/test/test_sylhet_0343.wav,ওটা দৌড়িয়া সকালে এক পরীক্ষা বিকালে এক পরীক্ষা ওলা করিয়া রিটেন্ড পরীক্ষা দিচ্ছি দিয়া যাইও রিটেন্ডের রেজাল্ট আসাম্বলিল্লাহ পজিটিভ আইসে যখন তো বাইবা দেওয়াত যেতাম
/kaggle/input/regspeech12/test/test_sylhet_0749.wav,বোধ নিয়ম
/kaggle/input/regspeech12/test/test_narail_0135.wav,ও কোনোদিন বাড়বে না না আমার মা আত্মীয়ন না ওর শরীরটা খুব খারাপ তো আমার মা আত্মীয়ন অনুমতি দেন যাওয়ার আমার মার কাছে কি পাসপোর্ট করে আমার মার ঋণ দেয় ফেরতি
/kaggle/input/regspeech12/test/test_sylhet_0390.wav,তোমার করতে ভালো লাগে খাইছো নিতে আজকে খাইছো না হলো খাইলি যে তুমি এখানে স্থানীয় নও না তাই যে স্থানীয় মেয়েকে নিয়ে ভালো কারা থাকি জানে আর আমরা থাকি এই দিন অন্যথায়
/kaggle/input/regspeech12/test/test_sylhet_0645.wav,মাল্ক সেক্টর নেই কিথা করা সারাদিন তোমরা কিথাশালা দুলাহর রফিলান সময় যায়
/kaggle/input/regspeech12/test/test_narail_0028.wav,ওই টুকুনার বাবা সম্পত্তি তো নিজস্ব আচ্ছা ইসে ওই যে খাল কলি আসাদ মিয়ার কোনো জমি খায়নি
/kaggle/input/regspeech12/test/test_kishoreganj_0019.wav,খাওয়া দাওয়া এখানে পুর্তি বাইরে বাড়ি দিয়েছি
/kaggle/input/regspeech12/test/test_sylhet_0488.wav,আমার তো বাড়ির মানুষ আমার হাসব্যান্ড আমার বাহির লন্ডন থাকিয়ে এসেছেন তাই নিয়ে গেছেন লাক এসব তারা টেনশন করে দেহাত নিয়েও তো সময় লাগেনি
/kaggle/input/regspeech12/test/test_sylhet_0548.wav,রমজা নইলে পরা আত্মীয় উপস্থিত হয় যাওয়াও একটা হোস্টেল
/kaggle/input/regspeech12/test/test_sandwip_0043.wav,বসবাসার জান্তা সিনি হ্যানে বাসসালা তারা আনাইসি আসমা বঙ্গ আয় আগে বাহ্যে এসেছি অনেক ও চিরশিলি অনুরান তাহা ইংল্যান্ডের নামে আগে বাহিত ছিল
/kaggle/input/regspeech12/test/test_sylhet_0678.wav,নেটবায়ই তাই হতো অনেক বালা মানে পটুয়ার্টি খুব আপনারা মায়েরা শিক্ষিত হলে আসল বাচ্চার আগে যে সুন্দরকৃত দেওয়া যায় আর্কিল আপনার মানে সময় দিন কিলা যায় সারাদিন কি রাইতে পারবেন
/kaggle/input/regspeech12/test/test_rangpur_0033.wav,গাইবানুদার দিয়ে আমি খাই নিন কোনো দিন আমার এল হরিপুরের রাখা যায় আমার অতি যাওয়া রুচি মরি গেছে ওই ফাতেয়ার যাওয়ার আমার কিছুই প্রয়োজন থাকে তোমার মন্দ্রণালীর বাড়ির তরকারি আমরা আগে থেকেই খাবার মেনে তেল দেখাই
/kaggle/input/regspeech12/test/test_sylhet_0332.wav,তখন যে কাজগুলা ফ্যামিলিত করবা এই কাজগুলা করার লাগে আরেকজন মানুষ লাগবে তারও তো বেতন দেওয়া লাগব তোমার হিট একাড্ট দিয়ে তাই বেতন হইত না ছোটখাটো চাকরি করিয়া তুমি কাজের ভুয়ার বেতন হইতে তাই বার তাই না তুমি চাকরি সামলাইতে পারবা না তুমি ভুয়া সামলাইতে পারবা তার চেয়ে
/kaggle/input/regspeech12/test/test_sylhet_0641.wav,কিনা গান্ধী তো মানে এখন সরলিপি শেষ নেই মুখে হও মুখে বলানার ব্যাপার তুমি করি না হইবে না তারা অগ্রিমে তাকে দিয়া যায়
/kaggle/input/regspeech12/test/test_chittagong_0131.wav,মাগ্রিব সময়েরা সাড়ে সাতটা বাজে ফেলে গিয়ে গো
/kaggle/input/regspeech12/test/test_narsingdi_0087.wav,তিনি শক্ত অকাণ্ডিত না না রে গুণ অনেক শক্ত নাই ঈদে দিবে মেজ মোনা বৃষ্টি হবে যেই গরমপট্টাছে ঈদের দিনে কি বৃষ্টি হলে আমি বৃষ্টির লেগেছি আয় রাখার নকল নামাস শুরুর মূল্য রেখে
/kaggle/input/regspeech12/test/test_sylhet_0196.wav,বাকি আমরা ছোট পাঁচজন আসলাম পড়াত পাঁচজনের মধ্যে সিরিয়ালি আমি আসলাম সাইন নাম্বার আমার ছোট আর একটা ভাই আছি তো আমরার আসলে কোনো টিচার লাগত না আব্বায় ফোরাইতে আমার আম্মা স্কুলে স্কুলে গেছেন না
/kaggle/input/regspeech12/test/test_noakhali_0013.wav,আচ্ছা আমি ছাড়িও না ছাড়িয়ে ব্যাংকার দিতাম
/kaggle/input/regspeech12/test/test_narsingdi_0006.wav,আরে বাংলাদেশ লোকেরা দুর্নীতিতে পড়া হেক পাপ পন্দা দেয় অগ্রাহ্যানে নয় শো কোটি টাকা সেই এতো টাকা দিয়ে কি করব কিছু টাকা পয়সা খরচ করলে তো ভালো
/kaggle/input/regspeech12/test/test_barishal_0070.wav,মাতার দ্বারে থুইবাকদের দেয়া এই পোলায় ভুক্তভোগী হইয়ে দেখছে হাই হ্যাগো শক্তিহ্যাস হ্যারা জুতো খায় আমরা দেন না পারলে কিছু মাঝে মাঝে পারলে কিছু দেইনে বাজলে দেইনে কি আদায় বাজলে কি যদি আপনি দেন বউ বইয়ে নয় ওকে তাকে খাইয়ে দেয়
/kaggle/input/regspeech12/test/test_sylhet_0420.wav,আমি তাহরিদ লাগিয়ে নামাজ পড়ছি আল্লাহর কিন্তু হঠাৎ করি একজন ডাক্তার লন্ডন তাকি মানে আমার হাসব্যান্ডের দ্বারা পরিচিত তাই অন্যকে যাগাযাগ করছ তাই না হয়েছেন ডাহা তুমি মদ বাজার লইয়াও তাই নরম একটা চ্যাম্পার আছে ম্যাডাম লইয়া লইয়া পড়ে তার জি খুশি মনে করছে যে এখন অন্যান্য লাগে যাও
/kaggle/input/regspeech12/test/test_sylhet_0605.wav,এলি ম্যাডাম মাসলা হ্যাঁ এলি ম্যাডাম লাবলি ম্যাডাম মেয়ের ঘটনা নিয়ে হাসল আবার মেয়েটি ঠিকঠাক হয়ে গেছে ছাড়া নেওয়ার সাথে অনেক কিছু এগিয়েছে তানি মেয়ের নিয়মিন্লি বিয়াদ স্লাপ করে অনেক কাহিন ঘটল
/kaggle/input/regspeech12/test/test_narsingdi_0113.wav,টোয়ালেটের মতো হয়ে গেছে আমরা প্রফেশনাল কি কেপপ সিঙ্গার অতি স্যার হেই গরু
/kaggle/input/regspeech12/test/test_sylhet_0430.wav,এখন তো হলে নির্ঘাত রয়ে গেছে মানে এরপর ও যেন বালা করছে নৌকায় হ্যাহ এর পরে ফোর সাফার রাস্তার চিকিয়েটা ডাল লাগাইছে নবু আটকে গেছে বারণ না হয় মানে এগু আনতে পারে না
/kaggle/input/regspeech12/test/test_comilla_0022.wav,কীভাবে হইল এটাও বুঝতে পারতাছি না আর ওই যে মেয়েটা মারা গেছে ওই মেয়েটা হচ্ছে মানে ওর বাবা মায়ের ছোট সন্তান অনেক আদরের একটা বাড়ি হচ্ছে ইঞ্জিনিয়ার আরেকটা বোন হচ্ছে কলেজে পড়ে আর মার সাথে মেয়েটা থাকে
/kaggle/input/regspeech12/test/test_narsingdi_0097.wav,খুব খুব ম্যালান টেকনারেন্টেন্টেন্ট ড্যাঙ্ক ওহ ওয়েট ওয়েট ইজি নিতে হয় ফুয়া দেখে জেলি ডিকি সুন্দর ঈদের ডিমায় কি রানব শ্যামাই নুডলস মাংসার
/kaggle/input/regspeech12/test/test_habiganj_0113.wav,ক্লাস হইল বা ক্লাসে তো একটা ফ্লপাইন গুরুত্ব দেয় না এরা বিশেষ করে সার্ভে করছে বা কোচিং টোচিং ফরেও সব অনুযায়ী এরা গুরুত্ব দেয় যা আছে সব এখানে শেষ করে পড়ালে
/kaggle/input/regspeech12/test/test_narsingdi_0045.wav,কালকে ফলিং স্টার দেখি অনেকে ফলিং স্টার নাকি ইউজাইয়া আঁতর বাজি মারে নেইমূ একটা বুঝা আছি না
/kaggle/input/regspeech12/test/test_sylhet_0679.wav,তারা সরালে খাপ নেই
/kaggle/input/regspeech12/test/test_tangail_0119.wav,তারপর বিদ্যাসীন নামী তাহসান সবাই যার যার পক্ষ থেকে এক একটা কাপড় কিনতেছে পোড়া কাপড় এবং এক লাখ টাকা করে দিতেছে এটা খুবই ভালো উদ্যোগ মানে সবার কন্ট্রিবিউশনে দেখা যাইতেছে ব্যবসায়ীরা আবার নতুন করে দাঁড়াইতে পারতেছে
/kaggle/input/regspeech12/test/test_chittagong_0164.wav,তোহারাল্লা হতা হয়নি এতে হতা হবে মাঝখানে অধ্যক্ষ খণ্ডে গিয়ে
/kaggle/input/regspeech12/test/test_sylhet_0729.wav,কালি জানার বিয়ে হইবে এর বাড়ি তোমার ও ঘাঁটি নানা টাকা ছুত্ত তোমাদের নানা কই ওটা বাদে ঘাঁটি নান ঘাঁটি নান বাদেও আমরা ঘাঁটি নান বিনিময়
/kaggle/input/regspeech12/test/test_rangpur_0116.wav,মনে করে কালাই না থাকে এখন ডাইল না করে দেয় শাক দেয় যখন যেটা লাগে যখন যা লাগে তখনই তারা বিসিল
/kaggle/input/regspeech12/test/test_sylhet_0191.wav,তো এইটুকু হাওয়া আবার সন্ধ্যার আগে বা বিক্রম হইতাম বা বিক্ষুদ্ধ লাগছে দেখা যেত রান্নার আগেও আমরা রেখি চেষ্টা করি নাই যেটা ফুইট দিয়া তেলু দিয়া মজা করিয়া ফ্লং লাগান রান দিয়া গিতা মুখচা হয়নি মুখে ছিলিটি ভাষায় মুখচা হাইতাম খাইয়া গিয়া ফোরাত বইতাম
/kaggle/input/regspeech12/test/test_sylhet_0702.wav,ঘরে কাজটা করুন বেরুন ব্যস্ত আছে বাবা এটা একটা বেকার কিলা আচ্ছা এখন কই না সোনার ভয় পাব বাচ্চাটা চাসেনি
/kaggle/input/regspeech12/test/test_sylhet_0364.wav,বাচ্চারালালা লইয়া আসলে আমার ড্রিম বলতে আমরা যেভাবে স্ট্রাগল করিয়া আইসি আমরা বাচ্চারা তো নিশ্চয়ই ওলা স্ট্রাগল করত না
/kaggle/input/regspeech12/test/test_sylhet_0224.wav,হেউ হোয়াইট তো ওই মুইটা তো আর আমরা জন্মগত ফেসাইটা তো আর পাইবো ও আমি পড়া শুরু করছি যে স্কুলে পড়তাম ইটাতে কি বালা রেসাল্ট করিয়া বাইরেছিলে ওলা উদাহরণ নাই আমার বায়ের নিকটা বালা স্কুল কিন্তু আমার স্কুলটা তো বালা আছে জানামিও না এ তারা কি কোনো রকম কোনো সুরত পোড়া
/kaggle/input/regspeech12/test/test_sylhet_0146.wav,আপনার মানে জীবনলয় অত্যন্ত বেশি জানা দরকার আমরা ছাত্রছাত্রীরা কিতা করে অন্তত আমরা এমনই জানি
/kaggle/input/regspeech12/test/test_narail_0075.wav,আমার থামার আগায় তোমরা রেল চুয়োগ ভেঙে গেলে তোমরা ব্যাট হাউসের সব কেসের দিন আসে এই কয়টা দিনের বুড়ো বেশি সোয়ারটা নিয়ে আমার থামার সাথে আনুন অভিযোগের চা আগুনে আগুনে কিস্তি করার কাজ আছে
/kaggle/input/regspeech12/test/test_habiganj_0061.wav,সুলদুরে বুয়ে তাহে যদি কুস্তা খুই তাহা দেই তুলি সুলদুরে লোটিয়া তাঙে এমন অবস্থা এমন করে শাস অঙ্কিতা কর তাই এরা ওই দেহা যায় বড় এরা একটা কথা হইয়া এ হরান যায় না এরারে ফরাতবাড়িটি নিয়া গেলে পরে কেমন মানে আর ফরাতবাড়ি তো আমি শেষ আমার এত ফিডা হাইতে হইতে শেষ ফরাতবৈলে আবার মা তাহে হাছে আমার আবারও তো আমার উপর এত তুলে না কিন্তু এমন রেশন আমরা দিশের সময় আমরা ডংডাং করি
/kaggle/input/regspeech12/test/test_sylhet_0638.wav,কিছুটা করো না হলে কাহল জিনিস মিলে করার পরেই আমার যায় তো
/kaggle/input/regspeech12/test/test_narail_0056.wav,শিশিরির দ্বারে নাকি কাতদারে নোটিশ আইস হল আমাকে নামে যে শিশির আমাকে মেলা দিন পরে দেশ হল ওর ভিতরে ওরা দলিল করে নিয়েছে আমাকে যে বাধারেই ছিল না জমির কথা কয়েকে ঐ বিটা ঢুক আমাকে দেবে ঐ বিটা ঐকের নামে দলিল আসছিল না এজন্য মেলা যেই রেকর্ড হয়ে গেছে সে আমাকে দেখছে
/kaggle/input/regspeech12/test/test_rangpur_0092.wav,তাহলে খাওয়া দাওয়া মানুষে করাই ভালো হবে কালকে আর মাটিতেছেন তার আগের দিন আলবির বাড়ি
/kaggle/input/regspeech12/test/test_sandwip_0079.wav,আচ্ছা আমিও কিন্তু মন্দ করো অধীনে ওকে দেখি একটু মন্দ করো
/kaggle/input/regspeech12/test/test_sylhet_0142.wav,না খেলে রাশিদার মাছ দিয়ে দাও খালারা পরিবার নিয়ে একটি ঘুমি
/kaggle/input/regspeech12/test/test_chittagong_0116.wav,বিয়ের বেলায় কি আবার বিকালে কি এটি তো পাল্লার মোবাইল টোপালের জন্য বে তাড়ানো না না নদীবুড়া দেবার দেবার ইন্টারভার হইতে যে কেউ গ্রাহান হৈরিতি লালে বুজাপার আছে
/kaggle/input/regspeech12/test/test_sandwip_0069.wav,আর মতন হেইজাউনি ওকে হারামায় যে দুপুরে হাই বা দুয়া হাইজার সাইকুল গিয়েছে নুনু কোনা জন হইলে স্কুল হারি নিয়ে অবশিষ্ট হইলে হইলে ভাবি আইন সালিস
/kaggle/input/regspeech12/test/test_sylhet_0661.wav,তাও আমরা করো আরেকবারে নিতাই
/kaggle/input/regspeech12/test/test_noakhali_0002.wav,বাবা টমেটোসির জন্য ওকে টমেটোর দাম কমে না কিনলে
/kaggle/input/regspeech12/test/test_chittagong_0090.wav,এটা আবারই জায়গা কম্পিউটারের ইন্ডিয়া আবদার উন্মেজদার এখন সময় যদি কারালয় থাকে এটালে না ভারী
/kaggle/input/regspeech12/test/test_sylhet_0214.wav,তো তার নাম দেখি এই সময়ে আমি তো খালি একটিকে নাইনু উঠছি তো আমারও মনে মনে টার্গেট জামারো তো একশো ময়লার নাম উঠব ইটার মাঝে ইলিয়া চেক করতে চেক করতে একটা জ্ঞা নেওয়ার জিনিস মানে ব্রেনের মাঝে খুব হ্যামারিন্ড দিল ওটা হইল গিয়া
/kaggle/input/regspeech12/test/test_chittagong_0109.wav,আহাইদ্দিন মেঘের সুন্দর আছে ছুটি লম্বা আয়ের সুন্দর সুন্দর রোজকারীর
/kaggle/input/regspeech12/test/test_sylhet_0024.wav,তারপরে আমরা খাই অঞ্জলি দেওয়া হইল মার কাছে দিলাম দিয়া গিয়ে আমরা অঞ্জলিতে প্রসাদ দেওয়া প্রসাদের কল্পসারী কাছাপাস এগুলি দেওয়া হয় একে এগুলি খাওয়ার পরে যখন দুপুরে যেপক্ষে পাট খাওয়ার টাইম হল তখন কিছুটা খাওয়ার নাহ এদিকে মন্দিরেই আমরা খাই
/kaggle/input/regspeech12/test/test_narail_0127.wav,বর থাই বাড়ি থাই বলে বেশির ভাগ সময় তা কসে ও থাকে না থাকার মতো একদিন ফন্দে চলো তা অনেক শুভাচ্ছা তোমাকে আমি অনেক মিস করতেছি এবং সে ও দুই ভাই চলে যা দুই ভাই যা বোকা
/kaggle/input/regspeech12/test/test_sylhet_0379.wav,পরে আমার জালের আরে কিন্তু আমি সম্পূর্ণ দিয়ে দিয়েও যাতে তারার মাঝে কোনো ধরনের অতৃপ্তি বা না পাওয়ার ইতিহাস থাকে না আমার শ্বশুর শাশুড়ির দিকে তারা যে ছেলেমেয়ের পড়াইছে কেন তারা লেগে বেশি
/kaggle/input/regspeech12/test/test_sandwip_0055.wav,এমনি বারো মাস অসাধ্য দিয়ে নেয় টেনশন বেশি করে কিন্তু মোলানি দান দান দান ওঠা খুনি সংশোধন করল
/kaggle/input/regspeech12/test/test_sylhet_0016.wav,তার পরের জন্য নিয়তে পূজা শেষ হওয়ার পরের দিন যদি দেওয়া হলে নাও পরের জন্য রাখতে তারা সবাই আনন্দে তন্ত্র করল করার পরে পরের দিন মার কাছে আবার আমরা ইয়োহরা হইতে হয়
/kaggle/input/regspeech12/test/test_chittagong_0041.wav,ওটা চুলি নাড়ি বলে তো মনে হয় তাড়াতাড়ি সাইটারা নায় সেক্সিবলেকেন ইডি ওইচ্ছে তুজ জামাইটামাই ভালো আছে না আমি আজ জামাই হতে হবে না আয় বিয়েবে জিনিজম তবে জামাই মানিলাম না নড়াইয়ার হত্যা হয়নি
/kaggle/input/regspeech12/test/test_chittagong_0003.wav,আজ আজিদেম আত্মাদে টাটা দেয়াই বেরোতে পেয়া গুণের চিহ্নে আছে আর চেহারা শুরুতে অবাভোর দেয়া গেয়া দেয়া গেয়া দেয়ানবে ভুইবের কেউ না চিহ্নিত এর কেউ দেহিলে আনোয়ার দেহিলি তো বা কেয়ার যে তো গাইল দিদি আহাত মেজরে সালাম তালাম নিন্দা ভাব করে নাবে তাহলে ভালো হবে আর বড়দিন উনারা অনেকেই চিনে না বালা গলিরে আর বুড়ো ভুয়ো সাদিত্যের দৈর্যের দাওয়া
/kaggle/input/regspeech12/test/test_chittagong_0108.wav,লয়ের হলদী বোধ হত্যা হয়ে আরামলে কি বলে ব্যাংকারালসের বিদেশে আসে আরো গো বাড়িকের বলিকালয় দেয় বাড়িকের বলিকারা লয়ের হলদী হই অ্যান্ডেবলোগম নাকি আছে বাড়িঘর ইবাহতা হই
/kaggle/input/regspeech12/test/test_sylhet_0133.wav,চিন্ন বিটিটা দিচ্ছে তিন শো সাত ডান নিয়ে গিয়েছে দুইজনও আমি জিতা হয়ে খাম খালি চিয়ার গড় বাথরুম
/kaggle/input/regspeech12/test/test_barishal_0016.wav,ভাইয়াদের জন্য সম্পর্ক আছে আপার আগে চাকরি এসে সে চাকরি কইরা এই খসে ডাক্তার পড়াইয়া ডাক্তার বানাইছে অ্যাঁ হো না তারে ভালো লাগে না তিনটা নাইয়া
/kaggle/input/regspeech12/test/test_sylhet_0134.wav,মেয়েরা তো নিজের আইন দেখায় তাই হৈসাইন ঈদের দিন কি তা করবেন মানে গর্বের মাঝে কি তা করবেন গর্বের মাঝে তোর নাকি মারাই আর তোমার নাইকুলের পিঠা মারাই আর সে মারার কিছু না
/kaggle/input/regspeech12/test/test_sylhet_0615.wav,খালে থাকিবার নুয়াশ ও সাঈদী মাহফাতার হাসান বাকিবার সামিউল নিওয়াক মাহফি সাকিব রাইসা তানিম তিন্নি
/kaggle/input/regspeech12/test/test_narail_0152.wav,কেউই বন্ধ করল মাসিম না কেন আমার দিপা যদি দায়েরে দিলাম কেউই কিন্তু না নয়ন ক্ষণে
/kaggle/input/regspeech12/test/test_kishoreganj_0020.wav,এভাবে আমার কাছে খাত মাছি চাচ্ছে না না এই যে সব মিটির চেয়ে আম্বাদিকে চাচ্ছে নিজের ঈদে একটা খাম্বা দেখাচ্ছে না এ নম্বর কেটাছে থাকা আন্দা বিল
/kaggle/input/regspeech12/test/test_kishoreganj_0135.wav,কলা কাঁঠাল আম কোলা কাঁঠাল আম কষ্ট হয়েছে
/kaggle/input/regspeech12/test/test_narail_0132.wav,আমি দিনভরে একা একা ঘরের ভিতরে শুয়ে থাকি আমার ভাল লাগে না শুয়ে থাকি মোবাইল স্যারে ঘুমাই আর এ জায়গায় মাউন্স ডোর্ন আমার ভাল লাগে না তবে ইন্ডিয়া আমার খুব আপন হয়ে গেছে বুঝে ইন্ডিয়া আমি একা একা চলাচল করেছি
/kaggle/input/regspeech12/test/test_narsingdi_0032.wav,স্বপ্ন তো সবাই আমরা দুইটা ম্যাচ জিতব এটা বায়ে বায়ে আসছিলাম বাকিগুলো জিততে পারলে আমাদের জন্য প্লাস পয়েন্ট আমরা ভালো কিছু করতে পারতাম ইন্ডিয়ার সাথে লিটন দশ রান আউট না হলে তবে তা জিততে চায় কোন জামানা আছে
/kaggle/input/regspeech12/test/test_sylhet_0511.wav,আজকে লেগে যে বিল্ডিং গড়িগুলার মানে কন্টাক্ট বা সরকারি কন্টাক্ট বা
/kaggle/input/regspeech12/test/test_sylhet_0470.wav,মায়া বেশি আরও তো আমরা এখানে টেকা আনছি না আমরা পাঁচাশি লাখ টেকা পেনশন পাইছি পাঁচাশি লাখ টেকা পাইছিলাম পাঁচাশি টাকা কাজের জন্য বিজনেস করাই তাই নিয়ে ব্যবসা বাণিজ্য লিপিটে কানাতে অনেক নির্মাণ হচ্ছে
/kaggle/input/regspeech12/test/test_sylhet_0030.wav,অনেক টাকা উঠে থালের মধ্যে বা প্রণামী বাক্সের মধ্যে উঠে তখন ইটাহাগুলি খেলে ইটাহাগুলি পুরুতি নেয় অনেক কাছে কুরুতি দেয় না কমিটি রেখে দেয় কিন্তু তারপরও তারা যে যে মনামান করে পুরুতি নেওয়ার লেখেন যেটা কমিটিটি নির্ভর করে
/kaggle/input/regspeech12/test/test_rangpur_0054.wav,আল্লাহ আলা যে জমিন নাই হাত পায়ের উপর দিয়েই শুকুর চালায় এটা আল্লাহর কাছে লাগো শুকুরিয়া
/kaggle/input/regspeech12/test/test_chittagong_0160.wav,স্মৃতি হবে অনার্যমত গুরুকে লিপিয়া লাগে প্রাণ দেওয়া লাগিব উল্লাস হবে দেবে
/kaggle/input/regspeech12/test/test_sylhet_0553.wav,মানে করানের আগে প্রিপারেশন দেখিলা নিতে আর কেউ আলাদা করার প্র্যাকটিস করাই তোমাদের ক্লাস নাকি
/kaggle/input/regspeech12/test/test_chittagong_0129.wav,ওহ এক বা দুটা হুম মহানগর খালালা দুটা মূল মনের হোক যদি মনে হয় তাকে বাঁচাও একবার কেউ গ্রুপ করেছে না মিয়ায় ওহ তোদের একটু ফোন দিয়ে দিবে তুমি
/kaggle/input/regspeech12/test/test_tangail_0017.wav,ফান্ড রেজ করে যে আফ্রিকার যারা দরিদ্র আছে অসুস্থ এইডস আক্রান্ত তাদের জন্য এরা অনেকটা হিট হয়ে যায় সারা দেশে এবং ইন্টারন্যাশনাল
/kaggle/input/regspeech12/test/test_sylhet_0087.wav,কেন তার পড়াশোনা হতে ভালো লাগে না এবার লাইনে ভর্তি আছে তাই তো জোর করে এখানে আমি বাইরে জোর করি না ভর্তি কিচ্ছু করতে পারলে কেন একটা সাবজেক্ট না
/kaggle/input/regspeech12/test/test_kishoreganj_0117.wav,গাছ গাসপোলিন সাপ ব্যাং সাপ গাসপোলিন গাছ ব্যাং গাছ গাসপোলিন ব্যাং সাপ কুন্ডা গাছ গাসপোলিন গাছের এক এলাকা গাছ ফুলিঙে গাছের একা যে শুধু ফুলিঙে আছে না এদিকে গাছেরে এই গাছ ফুলিঙের একা আবাই গাছ ফুলিঙের এলাকা ব্যাং গেল
/kaggle/input/regspeech12/test/test_narail_0160.wav,এর পরে ওনার আছে পাইল সির সমস্যা তাও মেলা পুরোনো সমস্যা এরপরে আছে ওনার হচ্ছে মাজার সমস্যা এগুলো আছে উনি প্রতিদিন কয় উপলব্ধি করে
/kaggle/input/regspeech12/test/test_chittagong_0173.wav,ইয়া হত্যাই সুমন হত্যা এবং অনাদারে ব্যাঘ্রামিক বলি তুই হাত তারা বিদিত হই আহাত্তা সে মা কেন হই মাত্র চাইনি সুযোগ বুঝে রাজা ইন্দ্রেলিস্ট
/kaggle/input/regspeech12/test/test_narsingdi_0091.wav,দুইটা এসে বেকার বড় স্পিকার দিয়ে আরও দুইটা এসে শুরু
/kaggle/input/regspeech12/test/test_rangpur_0080.wav,হ্যাঁ এই নিয়ে যায় না কাম্বায়েই পূর্বের জনে পিজে শয়তান ঢুকছে কিন্তু পূর্বের নেশার মাদেশা গায়ের বুদ্ধি যাইবে বলে বই জোরে কর না
/kaggle/input/regspeech12/test/test_narsingdi_0116.wav,এটা কইলি না খালি না মাঠ দিয়ে ফেরি পদ্ধতি দিলে না আমার লাইফ রোজের এই স্যামিটা কোনোদিন হইতাম না কোনোদিন করতাম না আমার লাইফ রেজের এই ধরনের ভালু যায় আরেডা অক্ষর আমার কান ব্যাটা করতেছে কি এলাকায় এয়ারফোন লাগায়
/kaggle/input/regspeech12/test/test_sylhet_0089.wav,তোমার বড় ভাই না বিয়ে হয়ে গেছে
/kaggle/input/regspeech12/test/test_chittagong_0059.wav,কলেজের খবরটা বল কি কলেজ আর বাই সেকেন্ড মেয়েটা তার নাম নয় এখন কেউ যুগ যুগ না হয় তোর কী অবস্থা আয় আছি
/kaggle/input/regspeech12/test/test_chittagong_0046.wav,শেখ হাসিনা হাসাদ ধার করতে সম্পৃক্ত হলেন আয় ওরি আমার বেটাইলেও দেখাচ্ছেন এই দিনে বেড়াতাম যেতাম হদিওবী না ভালো না মারি ফেলে এখন মিকেল বেড়াতাম যেত হলিয়ারি বুঝেছিলাম আমি ললিয়ারি
/kaggle/input/regspeech12/test/test_chittagong_0151.wav,আচ্ছা বিটার কাটা ইন্ডিয়ানা অনুলাভজনক কাটা লোভুত আপু ডিউম কেন আর স্বার্গতা অক্ষিত অত স্বার্গত ক্যানকেন লাগে নিজের ওয়েটার লাইস
/kaggle/input/regspeech12/test/test_sylhet_0231.wav,বিয়ার চার লোকের ঠিক হইছে এই মিলায় যা তাহা স্কুলের হুজুর তাহলে আমরা ম্যাডামেরা অনেক ঐতিহাসিক আমরা জানি
/kaggle/input/regspeech12/test/test_sandwip_0058.wav,ফ্যান বাদাম জানায়
/kaggle/input/regspeech12/test/test_tangail_0054.wav,এই ছবির লাস্টের দিকের যে লাইন দ্য আছে লাইন দ্য মানে আমার সবচেয়ে খুব টাচি একটা লাইন জেনে বলা হয়েছে আই সাপোস ইন দ্য ইন দ্য হোল অফ লাইফ বিকামস এন অ্যাক্ট অফ লেটিং গো
/kaggle/input/regspeech12/test/test_sylhet_0413.wav,পরে ভালিসে উল্যান সমস্যা বাচ্চা কাছে অন্যায় ডাক্তার দেখাইতে দেখাইতে দেখাইতে দেখাইতে দেখাইতে যে সবার পরে ভাষা লৈছে হইয়া ও একবারই মেহেদু ধরল যখন মা আসি না লৈছে এ পরে আল্লায় দিলে ঐশী একজন মেয়ে এক হিলাল্লার উপর হয়েছে আমার খুশি হইলাম এখন তাই না মারা গেছে
/kaggle/input/regspeech12/test/test_sandwip_0029.wav,যতই হইব সর্বশেষ কথা একেরে যত কথা করব যত কিছু করি সর্বশেষ কথা মাঝিয়ান কবি ছুটুগা উল জুলিয়াজুল ঈদের বিয়ার দুদিন হরে মনো মাত্র শরীর বেশি অশান্তি লেগে যে ফুন করছে যে কাঞ্চের জায়গার হরের দিন
/kaggle/input/regspeech12/test/test_sandwip_0026.wav,তো হেতের হলাইন আবার হরালেখা কষ্টে বুদ আসমাহর হলাইন্ড হরালেখা বেশি করত না যে আসমাহর মনে খুব কষ্ট আসল তাহা সবসময় এন্ডিজের মানে আন্ডের দিক থেকে আসমাফা সবসময় খুবই সহজ তাসিল এতে কোনো দিন মানে কোনো কাম কোনো দিন হেতে স্কুল হলানিরা হরাইতে কোনো কার পূর্ণ করত না
/kaggle/input/regspeech12/test/test_narsingdi_0052.wav,সর্ণকাটা ম্যাক্স মাম হিন্দুক তারা দুধ জ্বালায় রোগ তো দুধ কি সন্ধ্যায় লাগলে কাগজ জিলেছে কোথায় না কাপড় টাকাও লাগবে পরে বাড়ে কাপড় কে থাকবে দোকানে পর্দা টর্দা বাইটা পেটে কিছু খায় না অনেক সময় লাগত আগুন লেখে দাঁড়া
/kaggle/input/regspeech12/test/test_habiganj_0089.wav,আর এর আগে সিলেট ও বিভাগ থেকে সিলেট হইতে বেশিরভাগ আমরা বিভাগ সিলেট সিলেট গেছি কয়েকবার এর চেয়ে বেশি আর কোনো কিছু নাই কোন চা বাগানও গুড়াইছ না চা বাগানও গেছে সিলেট গেছে তারপর আমরা হবিমান্ডের হিসাবে যে চা বাগান আছে এখানে তো গুড়াইছি
/kaggle/input/regspeech12/test/test_chittagong_0117.wav,ইন্টার অফারে এখন নহিও পরীক্ষার পরে তো বললে যদি বুঝ বুঝে ফেলা যা হইবে ইতি আড়ত দি আর মোবাল অত্যন্ত কল করি বাল্লায় ফলজ আর কিছু হইলে মাঝখান দে আর বাজে না যাই উমিতে আয় তো বুঝা বুঝে তারপরিতে হন তার মনে
/kaggle/input/regspeech12/test/test_barishal_0041.wav,মৃত্যু বহন পারি না তাহা সে আরে কহিলেন কি যেন গরু যদি পালস কষ্টকর তৈবে কিন্তু বা ইহা পরা আমার কাছে খেলনা দিবি হইয়া পারবি না কয় যাক কর্মু ওগালর দান্দাইতে মুকোচিকু উত্তরপাড়ায় তিন দৃষ্টিকু ডোকেছি মলিয়া ঘুরাইতেছি
/kaggle/input/regspeech12/test/test_sylhet_0300.wav,এটা সবসময় সাথে থাকে আর বিয়ার ডেই তৈলিকা পরে কিটা করছি যে আমার সামনে তখন আমি পরীক্ষার লাগি ফরিয়ার ও বিসিএস পড়তাম ওদিকে চাকরির পরীক্ষা দিতাম ওদিকে বার্সিটির মাস্টার্সের পরীক্ষায় ওর পরীক্ষার লাগি পড়তাম আমি তখন আসলে বিয়ার থেকেই বেশি ফরামুখী
/kaggle/input/regspeech12/test/test_narsingdi_0011.wav,এটা আমিও মানি মানুষ উন্নতি করতেছে আরও উন্নতি করবে নতুন নতুন প্লেয়ার আসবে তবে আমাদের যে পঞ্চ পাণ্ডব ছিল এরকম পাওয়া যাবে না রেহার
/kaggle/input/regspeech12/test/test_sylhet_0101.wav,ওহ নাই ভাই একটু চুম্ করব খৈতা আসেন যারা ফেরা আবার যাইব
/kaggle/input/regspeech12/test/test_sylhet_0555.wav,আর কিন্তু তারা ক্লাব স্টার্ট উইলের ফলে তারা ভেবে বাঁচে নেয় তারা তো আগস্ট হইয়া গেছে
/kaggle/input/regspeech12/test/test_sylhet_0644.wav,তোমার বাবাই কিছু করেন নিয়ে মায়ে কিছু করেন খাওয়া গোলা বাবার টিকিয়ার কিছু থাকুক বাবা আমি চলে যাওয়ার জন্য
/kaggle/input/regspeech12/test/test_sylhet_0348.wav,সিলেট থেকেই হোন গিয়া চাকরি করতাম আর হোন গেলে তোমার স্যার থাকত না আমি আসলাম এক বাচ্চা লইয়াই তো আর এক যুদ্ধ ও যুদ্ধের সময় কাজের মেয়ের তারে লুইসি লোগে আমার ভাই আইসিন বাড়িতে গিয়েছ বাই তার সৈন কাজের মেয়ের কাছে বাচ্চা রাখিয়া
/kaggle/input/regspeech12/test/test_narsingdi_0061.wav,কিয়ার হোমবার এস ডাব্লু তুই তো খেলছ গুল্লাসুর বংশীদাইরা
/kaggle/input/regspeech12/test/test_kishoreganj_0011.wav,সাফির মাত্র মন চাই মেরিকেল একটা সিম আছে না
/kaggle/input/regspeech12/test/test_kishoreganj_0023.wav,ছেলেবাড়িটা লোককে বা কাগজচত্বক উন্নয়নে লোককে লেখে লেখে সমস্যা আমার বয়েক বয়েক যে জ্ঞান গ্রাম যদি আছে এদের লিখতে পারে এলাকিত্ব পুরুষ হবে আমাদের আর ইউনিয়নের মানে অত্যন্ত বীর নাম সামলে আয় বাপের নাম দেখে দেলে মূল্যাওয়ালা দেখছে
/kaggle/input/regspeech12/test/test_chittagong_0034.wav,ঠিক আছে গাছে ব্রেব আরবি আদাছ ও তেরো বি আদাছ ইটের হোনেমিকে যেতা মলি ইটের লেবিল হোনেমিকে যেতে না হয় আম্মা গাহার বিচার না জ্বালাই এনার জন্য ঠিক আছে তুলে আসব মিস মিকেলেও এই শ্রম নাই কেন
/kaggle/input/regspeech12/test/test_sylhet_0357.wav,আচ্ছা তাইলে ম্যাডাম এখন কই যে আপনি তো বালাবালা রেগাল্ট করে এসেছেন স্ট্যান্ড হার্ডস কিন্তু ঐ সময় কিন্তু আপনি ড্রিম মানে এদিকে আসেন না টিচিংটা ওলারেজ আছে আমি যখন বিসিএসের সাবজেক্ট চুজ করা লাগে না ক্যাডার চুজ তা ক্যাডার চুজে আমি কোন সময়ে অ্যাডমিন ক্যাডার দিই নাই ফার্স্ট চেয়েল আমি কখনাই অ্যাডমিন দিই না
/kaggle/input/regspeech12/test/test_sylhet_0500.wav,া উঠিয়া না মাঝে মাঝে বাজে একটু আটা উঠিয়া পড়লাম বাসার ভিতরেও এমন আছে এলে একটু বাড়িয়া গেলে আছে তো পরিচিত মানুষ বালা যেদিন লাগে না একটো গেলাম তারা বাসা বাড়ানো আছে খালাজ আমার পরিচিত মানুষ একটু গেলাম বইও গিয়া গিয়া গেলাম মাঝে মাঝ পড়িয়া বালা লাগলি একটো টিভির দিন দেখুন বলি মেলা টুটি প্রম সের সময় কাটিবে
/kaggle/input/regspeech12/test/test_kishoreganj_0191.wav,ব্রুয়ারটা নীল ব্রুয়ারটা নীল ব্রুয়ারটা নীল আমি নীল দেখছি ভালো হবে
/kaggle/input/regspeech12/test/test_kishoreganj_0034.wav,ব্লক তো হয়ে গেলে না কৈশান্ত
/kaggle/input/regspeech12/test/test_rangpur_0104.wav,ইয়া আইসি না না বক্কর হামার এটা মসজিদের নামাজ পড়ে না কেউ পড়ে না কেন তাই নিকিয়ে
/kaggle/input/regspeech12/test/test_rangpur_0050.wav,ভাবা হবে না সারা দাম হলে খিলিয়াই যাইবে খাবার পাবার না এমনি অলরেডি খারাপ হয়ে যায়
/kaggle/input/regspeech12/test/test_sylhet_0404.wav,আমার বিয়ে এমন দশ বছর হয়েছে আমায় না একটু অসুস্থ হইলে এখনো বাচ্চা মানুষের মতো আঙ্গুলার চলাচল করে কিন্তু কোনো দিন বিরক্ত হয়নি
/kaggle/input/regspeech12/test/test_kishoreganj_0002.wav,পোতা নাটেল
/kaggle/input/regspeech12/test/test_sylhet_0205.wav,দাম হয়তো দিলেছ না আমরা না পায় এই আঁশ বাদানির লাগি দাবানির লাগি তো অতাকুরি ঘরে কোনো রকম একনাইন পর্যন্ত পড়িলিসি একটা গাওরা মত এইটো ওটা মানে কুড়ি নিশেময়লবি আর উপযুক্ত
/kaggle/input/regspeech12/test/test_narsingdi_0025.wav,সিলেক্ট করতে পারত বা তারা তো আগে যায় তাদের খেলা দেখতে হবে যে কুন প্লেয়ারটা ভালো খেলতিছে কার বেলু কোন জায়গায় বেশি হয় এটা দোতলাতে দেখতে হবে এরা তো মাঠেই যায় না এরা এই ড্রেসিংরুমে বসে থাকে মঞ্চালে দেখে না দেখে
/kaggle/input/regspeech12/test/test_narsingdi_0037.wav,চলা আইস কিনতে যেমন দামের লক্ষ্য হয় তিন না খাম খাম ইনশাল্লাহ একটা বাড়ি ফিরে খান না বাসে দাদা মুখে লড়বার পালা শুকানোর খারাপ জিনিস হ্যাঁ
/kaggle/input/regspeech12/test/test_chittagong_0105.wav,সালালামু আলাইকুম সালালামু আলাইকুম সালামু কেন আছ আলামদল্লাহ সি কেন আছ সাব্বাম দিলে গেল মাধবী তোর আম্মুতারে বেগম কেন আছে
/kaggle/input/regspeech12/test/test_sylhet_0221.wav,ও তো মানে পরারইও নাই আমার তো বংশের মাঝে অন্যান্য বই লাইনেরও পড়াইছে না দিলাইছে দিয়া ও লেভেলে নাইন্য উৎসে বাদও দিলাইছে আর আমারে তো ওর চেয়ে এসিসিটা ফাঁস করাইবার যদি ফাঁস করিলাম আমি ট্রাই করব একবার যে দেখি ফাহিহী না
/kaggle/input/regspeech12/test/test_chittagong_0054.wav,বুয়াই তাহিবি দিদি হনো মতো ম্যানিস্টারের গড়িয়ার
/kaggle/input/regspeech12/test/test_chittagong_0119.wav,না না আর দুটি সাইনে হালিনা পুরুও নিশ্চাপ গড়ে ও নাম্বার নাকিয়া গোবর্ষ না হয়েছিলে পাঁচ বন্ধু নাম্বার হন্ডাপুল করে গিয়ে বুঝি না
/kaggle/input/regspeech12/test/test_sandwip_0101.wav,কী করবে গোয়া
/kaggle/input/regspeech12/test/test_sylhet_0700.wav,আমার মাঠটাও আপনারা আমারই সঙ্গীলে এরা তো কুষাইয়ে মারতে পারত না মাত্র মাতের হয়তো হঠাৎ করিত এর কারণে একটু হেজিটেশনের চার্জ মাততে পারব আমরা একটু টাইম নিলেই মাততে পারব
/kaggle/input/regspeech12/test/test_tangail_0125.wav,দেন ওই লোকটা ওই যে ওটা তো ভাইরাল হয়ে গেল ঐ লোকটা কত কী বলল খুঁজেই পাওয়া যায় না এখন এরকম বলতেছে যে কে বলছে কী বলছে লোকটাই নাকি খুঁজেই পাওয়া যায় না কে হয়তো ভাইরাল হয়ে গেছে এখন তো সে পলাতকই থাকার কথা
/kaggle/input/regspeech12/test/test_sylhet_0003.wav,কাঠামা দুধও দেয় না কিচ্ছু না এগুলি হালতে হালতে তারা যাওয়ার কেন লন্ডন করে বাইরে এসেন বলা বাদ্দুকাই তার নান বলা লাগে না বুড়ো না হল সালাল মাস্টে ঋণ বেঁধিয়া হাল হয়েছে ঐ যাব
/kaggle/input/regspeech12/test/test_narsingdi_0059.wav,এমন অকালের আওয়াজ বোঝাইত না মনের মধ্যে দেয়ার মোড় লইয়া বাবুরে কথা কইতাস সাস না শুরুবেলাতে আসলে খেলাধুলার প্রতিবেশা টানাচ্ছ বাস্তবে কি স্কুলেতাইয়া মায়াতো গুম ভারানোয় দান দায়ী থাকত
/kaggle/input/regspeech12/test/test_sylhet_0117.wav,তোর তো বাঁতনে অত কষ্ট হয় না তখন মকা বেশ খাইতেছি তিনজন নাগরিকবার হইতেছি বাদ দেখি খেয়াল তেনুতে এনে ছুটি থাকতে কী রকম দুষ্টুষ্ট আসলেন নাই শ্রোতানী আমি আছেন না শ্রোতানটা আমার ভাই বড় রাস্তায় এটা শ্রোতানীর অর্থ
/kaggle/input/regspeech12/test/test_habiganj_0108.wav,পঞ্চাশ তমের পরিকল্পিত আছে একই আচ্ছা কি কি সাবজেক্ট নড়া সাবজেক্টের পরিকল্পিত আছে কিছু সাবজেক্ট বাদ দিচ্ছে ঐটা অন্তরী মানে মেয়ের সাথে ধরছে না কিন্তু কিছু সাবজেক্টটা আমরা মেইন সার্ভিস ধরে একলে থাকি
/kaggle/input/regspeech12/test/test_kishoreganj_0064.wav,গেছে একটা বাদ দেখেছিলাম কাম আছে
/kaggle/input/regspeech12/test/test_rangpur_0012.wav,হাসপাতালে না না ম্যাডাম রাজা কয়দিন থাকিয়া এল বই দিন হারানা কবির আগে
/kaggle/input/regspeech12/test/test_rangpur_0021.wav,ভাজা পাড়া খায়াতেও গ্যাস হইবে মুসুরির ডাল আরোগনিকি শাক আমারে তো আইটেম নেই খেলে একটা আইটেম দিয়ে খাই আমরা
/kaggle/input/regspeech12/test/test_sandwip_0075.wav,অসুধাভাই হবে আমি ওই লোহিত হাতে পারি নে জ্যাটাজেটার ট্যাবলেট তোলার নামে নামেন
/kaggle/input/regspeech12/test/test_noakhali_0011.wav,সরকারি কিনি এন্টিজো মাগো বেড়ে কত করো
/kaggle/input/regspeech12/test/test_sylhet_0172.wav,গিলা তো আপনার পরে চাইবই আমাদের সাথে মাত্র এই সময়ের ঘটনা
/kaggle/input/regspeech12/test/test_sylhet_0378.wav,তো একটার পড়া শেষ হইল টিটারে বিয়াসাদি দিলাম আমি যদিও তোমার স্যারের কাছ থেকে ছোট সবচেয়ে ছোট রেঙ দিয়ে আছি পরে আমি আমার চাকরির চেহারা দিয়ে গোল্ডুল বানাইছি কিনছি বা এখন বিচ্ছা করলে আমি পারি
/kaggle/input/regspeech12/test/test_sylhet_0558.wav, একদিন আমরা নাকি আর হঠাৎ দেখি আমি করি নাকি তাহলে বহু চিন্তাটা হারি হয়েছে
/kaggle/input/regspeech12/test/test_tangail_0010.wav,আর কনসার্ট যে করে এক দেশ থেকে আরেক দেশ বিভিন্ন দেশে এরাই মানে অগোজি মেইন যে খ্যাতি মানে যে যত বেশি কান্ট্রি কভার দিতে পারব হিজ করতে পারব তার খেজি তত বেশি এই সময় তার ক্যারিয়ার আর লাভ দুইটা একসাথেই চলতে থাকে
/kaggle/input/regspeech12/test/test_kishoreganj_0138.wav,লেবু বাতাবি লেবু জাম্বুল তাল কমলা কাঁচা আম কাঁচা আম পেঁপে পেয়ারা ভাঙ্গি সবুজ রঙে পাকায় পড়ে এগুলোর রং হলুদ বা সোনালী হয়
/kaggle/input/regspeech12/test/test_sandwip_0071.wav,আর অঙ্কাতেকেরে মুঠোয় বেরাই করবেন নিজের জানি বুবুদ চাইছে আর ভাইয়ের লিমু চাইছে নিবেল না আর আর মাধবার তখন একজন শরীরের দিকে এখন ব্যথা নিয়ে বেচি দেখে অশান্তি অশান্তি
/kaggle/input/regspeech12/test/test_kishoreganj_0050.wav,বাতাস হাজার বেশি না না কম বাতাস তার একটি বেশি বড় কিনত না
/kaggle/input/regspeech12/test/test_sylhet_0753.wav,আপনারা কি তাই সময়ে ঘরের মাঝে কি তার নিয়ম নিয়ম করেন পুরো মানুষ আমরা মাংস হয়নি প্রতি শক্ত মানুষ নষ্ট হই নামে দশের পর্যন্ত হয়নি একদিন আমরা বালা আমাদের সবকিছু হারাম খাবার বলে কেন
/kaggle/input/regspeech12/test/test_sylhet_0573.wav,বাড়িতে আমরা যে আসি তারা চাহিত ভাই আপনি মারা গেছিলাম
/kaggle/input/regspeech12/test/test_kishoreganj_0007.wav,এন তেলুয়েল বা নিচে নামবে কুঞ্জি সুন্দর না
/kaggle/input/regspeech12/test/test_sylhet_0654.wav,কতত দিন আসতেন ইন্ডিয়ার ইন্ডিয়াত কতদিন আসলাম ইন্ডিয়ার নাম নয় মাস
/kaggle/input/regspeech12/test/test_barishal_0098.wav,রাত বারোটায় আমার বারোটা তরুক্তিতে ফিরিয়ে হাজার থাকতে বই এই পড়াইবে না যদি সাড়ে একটা নয়টার মধ্যে যদি বাড়ি যাই যাহিদা কুমুদ সব ঘুমায় বসেছে
/kaggle/input/regspeech12/test/test_sylhet_0199.wav,ওটা আসিল আনন্দের বিষয় সব বাই গুইন বলতে পাঁচজন আসলাম আমরা ছোট পাঁচজন পরাত আসলাম তো পাঁচজন বললেন এসময় আলাদা আলাদা চেয়ার টেবিল অত কিছু ম্যানেজ করে আব্বার পক্ষে সম্ভব আছিল না একটা টেবিল আসিল দুইটা চেয়ার আসিল
/kaggle/input/regspeech12/test/test_sylhet_0277.wav,খাওয়া খরচ বাইর কাছে চাওয়া লাগেন না বইও আগে ওই লাগিয়া বাহিনী ফ্রেন্ডরার থেকে চাহিয়াটাই আনিয়া দিতা তখন আমি নিজে নিজে কিছু বই কিনতাম ভারী নিজের টাকা হইছে এরপর থেকে আস্তে আস্তে টিউশনার একটা বাড়াইছি ওরকম করতে করতে শেষ পর্যন্ত আমি সাইটটা টিউশনি পর্যন্ত ইউনিভার্সিটি খুলছি
/kaggle/input/regspeech12/test/test_sylhet_0487.wav,দেখিয়া ফরে অপারেশন করলে একটু পাওয়ারি মানে স্পেনের অগ্নিকাণ্ড
/kaggle/input/regspeech12/test/test_kishoreganj_0163.wav,প্রাণীদের বেশি থাকার জন্য প্রাণীদের প্রয়োজন প্রাণীদের প্রয়োজন বোঝা হলে কি প্রয়োজন হয় মানবদেশ সাহিত্যিক সত্তর বা পানির মূর্তি মানবদেশ সাহিত্যিক সত্তর বা পানির মূর্তি মানুষের শূন্য সাড়ে তে শত্রুর বা পানি মানুষের শূন্য
/kaggle/input/regspeech12/test/test_sylhet_0328.wav,তাই শুনি শুনি দিলা পরীক্ষা টিকিয়া এখন অলরেডি আমার বেবি যাচ্ছেন পেটো
/kaggle/input/regspeech12/test/test_narsingdi_0050.wav,টাকার অনেক খারাপ জিনিস আগুন কিন্তু এ নাত হল তেল এক জাগাত না গ্রিন সেট তেলের ধরনের গুহা নোকার আর একজন সব ধন গ্রাস আছে বহিরবাড়ার বঙ্গবাজার মুহূর্তি জেলার এরকম কোন জায়গার তন্ন দেখলাম একটা স্বর্ণের দোকান আগুন লাগবে
/kaggle/input/regspeech12/test/test_comilla_0015.wav, আসার পরে এরপর ওর ধূলনা থেকে ও যেভাবে আছে পুরো শরীর নাকি একদম শক্ত হয়ে গেছে ঠান্ডা হয়ে গেছে পরে ওর রোগের ধূলনা থেকে নামানোর পর স্যার আবার সাথে সাথেই ওরে হাসপাতালে নিয়ে গেছে মানে কী রকম একটা অবস্থা ওর মা কিন্তু ওরেই নিয়ে আসছে স্কুলে নিয়ে এসে ওর মা কিন্তু এই সময়টাতে স্কুলে বেতন দিচ্ছিল
/kaggle/input/regspeech12/test/test_sylhet_0018.wav,দুর্গাপূজাত করুন নানী দুর্গাপূজাতে আমরা তিন দিন অনুষ্ঠানে
/kaggle/input/regspeech12/test/test_sylhet_0052.wav,তখন নতুন সিস্টেমও তো প্রাইভেট নাই সারমেরা মিরা তারা ট্রেনিং দিয়েছে ইঞ্চিয়ারকে বই কিলা পরান কিন্তু হিলাতু সারমেরা মিরা তারা ট্রেনিং দিচ্ছে না তারা পারে না আমি বুঝি না যা বুঝি খাতাগলায় মোবাইলে তবা মোবাইলে আগে আন্টার ক্লাস দেখিয়ে করিয়া পরিদৃষ্ট
/kaggle/input/regspeech12/test/test_kishoreganj_0161.wav,মানবদেহে ষাট থেকে সত্তর ভাগ পানি মানবদেহে ষাট থেকে সত্তর ভাগ পানি মানবদেহে ষাট থেকে শত্রু ভাগ পানি মানবদেহে শত্রু ভাগ পানি মানুষের সাথে সত্তর ভাগ পানি মানবদেহে ষাট থেকে সত্তর ভাগ পানি মানুষের ষোল সাড়ে তো সত্তর ভাগ পানি
/kaggle/input/regspeech12/test/test_comilla_0008.wav,মেয়েটার নাম হচ্ছে নুসাইবা আর রুহী ওরা দুজনে খেলা করতে করতে দুলনার কাছে যায় যাওয়ার পর নুসাইবা বলতেছে তোর তো নাচের রিয়ার্সাল আছে তুই এখানে খেলাধুলা করিস না তুই রিয়ার্সালে চলে যা আমি এখানে দুলনাতে দুল খাই
/kaggle/input/regspeech12/test/test_chittagong_0012.wav,জিমোদ্দাম বাড়িতে এই অভিনেতা হলে নোবায়েত তাহরা দ্বিতীয় হত হইল থেকে আনার ওই চোর হয় দেহ
/kaggle/input/regspeech12/test/test_narsingdi_0034.wav,আইস্ক্রিম খামো আইসক্রিম আইসক্রিমের যে দাম বিনা হানে ভালো লাগে না বই বৈন আইসক্রিমের আমার খেয়াল আছে আমি খাইতাম হাত লিটার সম্ভব এটা ছিল নব্বই টাকা
/kaggle/input/regspeech12/test/test_rangpur_0060.wav,এটি প্রথম রমজান শুক্রবার হইল না তাইলে মাঝের রমজানের শুক্রবার আইসে আর মাঝের রমজানের কথা কইছে মাঝের বলতে পনেরো পার হয়েলে খোলো রোজা সেটা সুন্দর করবে
/kaggle/input/regspeech12/test/test_narsingdi_0111.wav,পরে দাদুরে ইয়াকেরা লয়াবি শিট মোরা এমনা গৈলের মধ্যে লাগিয়াছে গরম নারাজে এই দুইরার অবস্থা দিক কাল মোরার অর্ধেক গৈলের এলাকা মোরা তুমুল একার ফাঁক হয়ে যায় না না বেতন মোরা আছে না
/kaggle/input/regspeech12/test/test_kishoreganj_0113.wav,গাছের পাতাকা গাছে ফাতাকা কালা হরিণের কাছে পাতাকা হরিণের কাছে বাগে
/kaggle/input/regspeech12/test/test_narsingdi_0118.wav,মায়ে সুন্দর করবে এটা কি ভূতের সামগ্রী আমার সুযোগ আমি ভাবি তুমি লড়াইটা নিলে শুনলে
/kaggle/input/regspeech12/test/test_rangpur_0098.wav,নিফতেরি তো মসজিদিতে করা হয়নি কি ইফতেরি কেমন হয় কিসেমাচার পটায়ের বিরিপ্তারি করে ফুল দিন পাঁচশ ছয় শো
/kaggle/input/regspeech12/test/test_habiganj_0093.wav,ঘুরানের দিলে তুলসুর ভেবে তুলন একটু দিক দিয়াই দিক ও গুঁড়া গুঁড়ি ফলনের তুই আমার ভালো লাগে
/kaggle/input/regspeech12/test/test_sylhet_0400.wav,ওই আপনার বয়স তো কম লাগে পান খাঙিলা হ্যাঁ বয়স কর্মী তেমনি অসুস্থতায় বয়স বাড়িয়ে রাখিবেন তো ছেলেরা অসুস্থ যে এখনও তার লাগে
/kaggle/input/regspeech12/test/test_rangpur_0041.wav,কী হইল রে আমরা দেখেছি পাগলি কত মাসেও বয়লা নিয়েছি নিজেকে ভাত খেলে কত দেখুন আমার বেকার এলা পাগলি নাই হারায় গেছে মনটা মন নিজের থেকে হারা গেছে দেখতে দেখতে মোর ট্যাঙ্গা হয়ে গেছে বাবা মুই আর দেওয়া না
/kaggle/input/regspeech12/test/test_sylhet_0469.wav,মামান তাড়াতাড়ি ইয়া বাম নিয়ে কুনাম চিকিসা করাই লাগব কি তা করলে আমার বাম সুস্থ হইব বৈন্য সুখ আছে নি না দুঃখে চলে না শুকে চলে সবসময় চেয়ারবাহানা বাড়িয়ে দেয়
/kaggle/input/regspeech12/test/test_sylhet_0177.wav,কুড়িগুণ সুখী অনেক সুখী হন আমি খুশি তারা বড় সুখী আরা ফুরের সাইল দোকান কিন্তু আমার যারা পুকুরের সাহায্যে থাকে
/kaggle/input/regspeech12/test/test_narail_0150.wav,আমি তখন নাই মাসি তোর মা কোন বাড়ি মা বাড়ি হয় একা একা রয়েছে বাড়ি একা একা থুই আসতিছে পরীক্ষা আছে তোমার এজন্যে
/kaggle/input/regspeech12/test/test_sylhet_0302.wav,আমি যদি হাস্টেল থেকে বাড়িতে যাই এক মাস হলে যদি আমার বাড়িতে থাকার লাগে যেই সমাজ আর যেই পরিবেশ যেই গ্রাম আমার এই সাত আট বছরে যেটুকু অর্জন করছি এটা শূন্যের গোটাত নামাই দিবা মানুষে
/kaggle/input/regspeech12/test/test_kishoreganj_0104.wav,জীবের বিস্তার নতুন উদ্ভিদের আবাস গড়ে তুলতে সাহায্য করে এভাবে পরিবেশের উদ্ভিদের পানি একের উপর নির্ভরশীল
/kaggle/input/regspeech12/test/test_tangail_0091.wav,ওই দাস মানে রণবীর হইল এমন এক পোলা যে ওই সবসময় খুব হাসিখুশি থাকে মানে কখনো দুঃখ পায় না এরকম একটা মানুষ সবাইরে হাসায় গিটার নিয়ে ঘুরে বেড়ায় মানুষটি হেল্প করে আস্তে আস্তে রানী মুখার্জির ভালো বন্ধু হয়ে যায়
/kaggle/input/regspeech12/test/test_rangpur_0103.wav,নিজের আর সব সেন্ট্রির কাছে আউশ সোহাগের কাছে সোহাগের কাছে তো কথা কবু আছো কথা কহিলে সমস্যা নেই কয়েকদিন গেল
/kaggle/input/regspeech12/test/test_rangpur_0010.wav,গাবি নেয়া হয় না না বাসুর নোয়া ছোট ছোট গুলি নোয়া রেমরা সবুজেরা আসবেন নাই প্রবীজ বেরিয়েছে বাবা পার্সিক কি করবে
/kaggle/input/regspeech12/test/test_sylhet_0170.wav,বেশ সুন্দর যে গোপায়ী ডং তার পেশে কিন্তু তিনটেকা আছে আর মাছ মাংস সবজি দেবে ত্রিশটা করলে বন্ডাবান্ডার আওতায় গিয়ে শুনি বিমালা
/kaggle/input/regspeech12/test/test_sylhet_0138.wav,আগের আগে সেদিন দুপুরে সব জোরাই লামে না সময় যে কিছু হয় সময়ের দাম ওই সবচেয়ে বেশি খাওয়ানি লাগত নাই আর কিতাও নাই কয়টা বাজে সাড়ে তিনটে হয়ে গেছে
/kaggle/input/regspeech12/test/test_narsingdi_0041.wav,সকালে ঘুমের দুটা দেহে নাই মারা বেশি দুপুর বেলা যায় বিকেলে যায় রাত্রে যায় ইঁক তাড়ি কর্মে হেঁটে নেমে যায় সেই রিটে নেমে যায় কী একটা অবস্থা ফাঁস দোনার কারণটা ব্যত্ত খারাপ না
/kaggle/input/regspeech12/test/test_tangail_0085.wav,মানে এর লিগে ছবিটা আসলে বেশি ভালো লাগতেছে যে আপনি যাকে ভালোবাসেন তার পছন্দের জিনিসগুলা আপনার একসময় ভালোবাসা হয়ে যায় তার পছন্দের জিনিসগুলার সাথে সাথে এটা তো আসলে ভালোবাসা প্রকাশের অন্যতম মানে নিজের মধ্যে রাইখে দর একটা অন্যতম একটা ই
/kaggle/input/regspeech12/test/test_barishal_0068.wav,এই যে কইছি যে সর সত্যিক উপায় খুঁজে দেওয়া লাগে কথা রায়তে একটা সময় কইছি এই সময় মায়ের উদ্দেশ্যা বানাই খাইছি হেইয়া মাঝে মাঝে ভাবি যে হেরা বাকি আর এই হেরা বাকি
/kaggle/input/regspeech12/test/test_sylhet_0533.wav,আমরা তো সিলেট জেলা উত্তরেও আজ তারারই থানায় সিম সামনে খেলছে
/kaggle/input/regspeech12/test/test_kishoreganj_0055.wav,বাংলা পরিকার্য কার্য হচ্ছে ইংলিশ তবা দুই অগার চাচা মিথ্যে মিথ্যে মিথ্যে কাঁচা যে জনগণ তাতে যাহি যাহি তোবায় বয়ানো মিথ্যে কাঁচা যাহে নাই কাল লোভের কাছে
/kaggle/input/regspeech12/test/test_kishoreganj_0046.wav,আমরা কিছু দিই না
/kaggle/input/regspeech12/test/test_narail_0158.wav,খরচ ঠিকই করবা নাই সময়মতো করতেছে না অসময়ে যে করবা নাই ব্লাড তো ব্লাড তো দেয়া আসছে না কেন কি কি সুগার আর কি আছে উনার যদি সেকআপ করায়
/kaggle/input/regspeech12/test/test_narail_0039.wav,শান্তির বাধ্য ভাষা ওর দিদি মাধ্যমে গেল ঐ যেগে আমরা পড়তাম
/kaggle/input/regspeech12/test/test_habiganj_0106.wav,বাবু তোর সাথে আমি মারতাছি তোর কথাটা রেকর্ড কর্মু তোর কিছু ক্রশ্জন জিগাইমু আর তুই বলে আনসার্দের রিখেছে তাহলে এখন আজকে কি স্কুলের কি তা অবস্থা স্কুলের ইত্যাদি যেমন পরিকল্পিত আছে পৃথিবীর দুইরা
/kaggle/input/regspeech12/test/test_narsingdi_0020.wav,কি আর কর্মীক দেশের মানুষ তবে ওয়ানডে টি টোয়েন্টি খেলতেছে এটাতে ভালো করুক তাহলে তো আর কিছু লাগে না টেস্টে তো আছে এখন নিবাদত ভালো বল করতেছে
/kaggle/input/regspeech12/test/test_sylhet_0441.wav,কিন্তু খৈব আমার বাসাতে তাহরিল দেয় তাহরিল দেয় কিন্তু আমরা নিজের বাসায় ফেলাই আমরাই যেন তাহলে যে সুবিধার লাগে দেখি অনলাইনে একটু জিও করান আমি কেন একটু ফিল্ডারেন আমার রাজনীতির বাড়িতে কি মানে গুরুযা যাইত ভুলা মানুষ তাকে কিন্তু কেন তা ক্ষতিভর না করে আমার
/kaggle/input/regspeech12/test/test_tangail_0117.wav,রাখছিল ওই লোকটার টাকা পয়সা একটু মানে বাইচা গেছে সেভ হয়েছে সবাই দেখি ড্রয়ারে ড্রয়ারে রাখে কথা হইল ড্রয়ারে রেখে যাব কিন্তু আমি আমার বাসায় নিয়ে যাব এত ক্যাশ যদি চুরি হয় তখন কি হবে এটাই সবার অসাবধানতা
/kaggle/input/regspeech12/test/test_sylhet_0381.wav,বাবিরার বাড়িও তো ফাইন্যান্সিয়ালি হতো বালা আসিনা সলমেন্ট আসিনা তালুই নও একটু গড়িল আসিন তো আমার আম্মায় চাউল ডাউল শিম যত সবজি বুঝি আছে সাতরতা সত্তা মিলাইয়া বস্তা বড়ি গড়ি গড়ি গড়ি তালুর বাড়িতে পাতাইছে আর পরীক্ষার চতুর্দিন আছে আমি তালুর বাড়িতে থাকিয়া পড়ব ঐ জীবনের প্রথম বাড়িতে কি বাইরেছি আছে ওর বাসাত থাকিয়া পরীক্ষার উদ্দেশে গেছে গেছি এক তৈল দিয় গেয়া গেছি মাই মাই পরীক্ক্ষা দেওয়া দেওয়া দেওয়াত
/kaggle/input/regspeech12/test/test_noakhali_0005.wav,কী হয়েছে ঠাকুরা দেখে গেল
/kaggle/input/regspeech12/test/test_sylhet_0758.wav,নিবু কাজ করত না কর্মী নিবু করা যায় যেমন ধর্মস্জামাইজা দিবু ভাই গুয়াচো করাইবে আমরা হতাম আর টঙ্গী এলাকা ড্রিংক করে দেব মানে হরতা না খায়না করলে কি তা হইব আপনারার হোয়া হয়
/kaggle/input/regspeech12/test/test_narail_0055.wav,এই জন্যের লাভ হইছে আমরা যদি ভালো কোনো মিয়া মানুষের সাথে তালি ওকে সব জমি বের করে নিয়ে আসতে করত কারণ ঐ সব জমিরই বাবার সব জমির ঝামেলা আছে মেলা জমি আছে সে সব জায়গা খালি টাকা থুইসে কাগজ রাখতিছে কোনো নাম পত্র নেই নাই এই জন্যে ওরা কিছু করতেও পারতেছে না
/kaggle/input/regspeech12/test/test_barishal_0094.wav,তুই কেমনাইতে পারে না সোলামন টাকার ব্যাপার দিয়ে বললে অনেক বাড়া
/kaggle/input/regspeech12/test/test_tangail_0123.wav,আরেকটা ভালো ব্যাপার দেখছি যে হিজড়া সম্প্রদায় আছে তারাও তাদেরকে মানুষ কত ছোট করে কিন্তু তারাও এখানে বিশ লাখের মতো টাকা দিছে তারা তাদের হজের টাকাটা দিয়ে দিছে তো এটা খুবই একটা ভালো উদ্যোগ আমি দেখতেছি যে দেশের সব মানুষ সেখানে কন্টিবিউশন
/kaggle/input/regspeech12/test/test_kishoreganj_0053.wav,আমি কারণ দিব সায়া মন্দির করার জন্য কত দিস মন চাচা দাদা কে তোমার চাচা যেমন যাচ্ছে
/kaggle/input/regspeech12/test/test_rangpur_0111.wav,বাড়ি নিয়ে নিয়ে যায় ইফতির খেলেছিল বাদ খেলেছিল ওর জায়গায় যেই সুবান্নে আছি সুবান্নের বাসা দেখি সুবান্নের বেলা তো খুব আমার কাছে
/kaggle/input/regspeech12/test/test_chittagong_0009.wav,পাঁচজন মানুষ চলে থাক কেন মেহেরুকে ডেলি দিচ্ছে না
/kaggle/input/regspeech12/test/test_barishal_0030.wav,হারা দিন কাম করে ওয়ার্সে আমার মাইয়ে ভালো সংসারী করে মাইয়ে আর এক্ষেত্রে মার্জার জামা তৈরির ভালো কাজ রয়েছে
/kaggle/input/regspeech12/test/test_kishoreganj_0042.wav,মেয়েলির ব্যাপারে আমার বাড়িতে গেছে আমার হলেই তো করবে না
/kaggle/input/regspeech12/test/test_narsingdi_0047.wav,আবার কোন আগুন লাগে যে দেখ পৌঁছতিছে হায় হায় রে এই বঙ্গবাজারের পরে সিরিয়ালি খেলে আগুন লাগে ঝুম নাই সাগুন লাগায় দিতেছে মূল লাগে কেন কথাটা কেমন যায় না বোন যেমনি সিরিয়ালি এই ডিলিপাবে দেখতে মনে হয় যে প্রাচ্য নয় বছরের চার দিন লাগছিতে অনেক টুইটার কলেশন
/kaggle/input/regspeech12/test/test_barishal_0033.wav,না খাইয়া থাকুক না বে না খাবি না কি করবি
/kaggle/input/regspeech12/test/test_sylhet_0542.wav,কার কিছু ভাই না পাই লটারিতে অন্তত দেখুন ও আসার গেছে অনেক গেল রেখে দুইটা পাইছি চাদর দুইটা আকর্ষণীয় আগের বাড়িটা দেখে খুলে গেল আগের দিনেও লাগতাম
/kaggle/input/regspeech12/test/test_narsingdi_0007.wav,প্লেয়ার গুলা একটু ভালোভাবে তৈরি করা যায় একটা লেগ স্পিনার নাই দেশের বেতা অন্যান্য দেশে দেখ দুইটা তিনটা করে লেগ স্পিনার থাকে অস্ট্রেলিয়াতে দেখ যে আদম জাম্পা তারা বলছে মাইকেল সুইপসন এরা খুব ভালো লেগ স্পিনার আফগানিস্তানের তো আছে লেগ স্পিনার কয়েকটা
/kaggle/input/regspeech12/test/test_sandwip_0013.wav,আজ যেমন অন্য বাজেস হাজার করে বলুন মাসিক বাজে তাদের করে থাকবে আর ফের হয় তার মোবাইল বন্ধ মেয়ের বাবা শহরের জন্য কত আওয়ামী লাখ মাসে কলেজে দিয়েছে কয়েক কোটি এর মধ্যে এক ঘণ্টা তিনেকে
/kaggle/input/regspeech12/test/test_sylhet_0414.wav,দেখছ কি সমস্যা হল ফোরেনে বা বাহিকা রাকিবরা ব্যায়াতবর্তী আছিলেন রাকিবরা ব্যায়াতবর্তী হিসি পরে একজন মেয়ে অভিযান ওয়ার্ড হলেও তাই না মারা গেছেন পরে আমার সিটিউশন খুব খারাপ
/kaggle/input/regspeech12/test/test_kishoreganj_0129.wav,নানা রঙের ফুল ফুল আমাদের দেশে
/kaggle/input/regspeech12/test/test_narail_0124.wav,আজ তোর কোনো সমস্যা করছে না অবশ্য ওরা সবসময় দেখি ওর পিছনে আমি তো তোর সমস্যাও বলি না আমি তো যেখানে যাই সেখানে মায়াবাড়ায় এসি আর সেখানে মানুষ আমাকে ভুলতে পারে না
/kaggle/input/regspeech12/test/test_sylhet_0007.wav,কেমনে তার স্বাভাবিক বন্ধু তার বন্ধু বাট এমনে ক্লিন আমরা যে যাই এই যা এখন খুব যত্ন দেওয়া হবে না এটাই আগে তা মানুষা সিল দুইটা তিনটা মানুষা সিল করছে এখন আর একটা রেডিও করে না
/kaggle/input/regspeech12/test/test_habiganj_0087.wav,মারলেও লেখাতে শুনে নাই লেখাতে শুনে না কিছু বরাদ বায়না বিশ্রাম করে তোমার কেমন লাগে কোন প্রমাণ ভালো লাগে
/kaggle/input/regspeech12/test/test_sylhet_0360.wav,দেখায় আমার জার্নিটা অনেক শ্রেণীর মানুষের লোগে মিশছি মিশার পরে আমি যেটা দেখছি আসলে পেশা হউ আর টেহা হউ যাই হউ না কেনে সংসারের সুখের জন্য সংসার
/kaggle/input/regspeech12/test/test_sylhet_0279.wav,ও সময় আগের মতো কিন্তু আর খোলা প্রস্তাবও আয় না কারণ যখন গ্রাজুয়েট একটা মেয়ের লাগিয়ে কোনো কমিটিতে বয়স তো বাড়ছে একটা
/kaggle/input/regspeech12/test/test_narail_0184.wav,তোর কথাটা আমি শুনি না কথা খুলে আনছ তাই এমনি কলেজে এক সপ্তাহ থাকার মানুষ না ওই রবিন আছে একটা আশি তো শুনেছেন
/kaggle/input/regspeech12/test/test_narsingdi_0136.wav,অফিসিলি ভাড়া কম হতে হবে শুরুবেলা আমি ফাইভে পরিশ্রমিত প্রথম ডিম হল্লিডে পার্কে গেছি এবার আমি প্রথম জানছি যে পাঁচজনের কাছে এবং একটা পার্ক আছে আমি জন্মগত ভাবি
/kaggle/input/regspeech12/test/test_chittagong_0121.wav,রিফাত বাহিনীর একটা তুলার আদরের হাতা হইতে দুইবারে না বাহিব আর রিফাত বাহিনীর বাড়িতে ডেন যারা সান হাতের কিছু সাথে যাননি তা নাস্তা তো গৈর্গি
/kaggle/input/regspeech12/test/test_comilla_0014.wav,আর পুরা শরীর মানে কেমন একটা অবস্থা মুখটা ঠোঁটটা নাকি ফুলা বাঁকা হয়ে আছে তো যে মাথায় টাচ করছে করাতে দেখে যে ও আর কথা বলতেছেন ও বান্ধবী আর কথা বলতেছেন ও জুড়ে চিলাম দিচ্ছে যে কী হল নুসাইভার কী হল তখন সবাই আবার আসছে
/kaggle/input/regspeech12/test/test_tangail_0049.wav,ওই বাগড়ে খাইতে দেয় পরে আস্তে আস্তে বাঘটারে বশে আনিয়ে পরে বাগও বুঝতে পারে যে আমার মানে বাঁচে থাকার জন্য ওই মানুষেরও দরকার আছে
/kaggle/input/regspeech12/test/test_sylhet_0123.wav,আচ্ছা তেস্ট খেলতেন ও তাই না শুরু থাকতে সুরজাকে খেলাধারা করছি তবে মানুষের মনে নাই দূরা তোমার দশ বছর বেশি বয়সী সমুদ্র বাসান কাজ করান নাকি আমাকে বুঝতে হয়েছে তোরা থামালে যেন আমি ঢুকিয়ে গেছি কান্দুকেও দেখিও নাই
/kaggle/input/regspeech12/test/test_narail_0177.wav,সেই যে রেজিস্ট্রেশন আড়ায় ফেলায় বারো ক্লাসে পরীক্ষা দিচ্ছিল না একদিন কেহ আইসের প্রস্তুতি হচ্ছে একটা বছরে যে গেল এখন আবার ভর্তি হয়েছে তত পড়াশোনার চাপ অঙ্গী ও ভর্তি হয়েছে পরীক্ষা দেবে আবার
/kaggle/input/regspeech12/test/test_sylhet_0592.wav,এখন তো বেড়ানি বেড়ানি বাড়ি যা দেয় না তাই যা করে যে বিয়াচিনিসের দান হোক
/kaggle/input/regspeech12/test/test_chittagong_0099.wav,তুই যদি আস্ত তাছুক যে তার কোন তুর্গ সমস্যা নাই এখন আর সাইন্সুদ তাহির আল্লাহ পয়েন্ট দিবে বোধ হামল নাই চাইনি কি হইত তার এবারের ভাব পেলাম সাইন্সুদ বোধ হাম পাই
/kaggle/input/regspeech12/test/test_barishal_0077.wav,এই বিয়ানে খায় না ভাত খায় না
/kaggle/input/regspeech12/test/test_narsingdi_0044.wav,ঈদের পরে পরীক্ষার ইতাবাদ যে গিয়া দিয়া ব্যাফলের তারতরের পরায় তার আগুন লেগে আছে
/kaggle/input/regspeech12/test/test_sandwip_0019.wav,কোন বাড়ির লোকে বিয়ে করে নিয়ে বাইতে পারে না মানুষ লোক উত্তর করতে বেশি অতিরিক্ত দুইনেদারি খবর নাই একের আসমা ফারাঙ্গা বানায় খাওনের একটা রাস্তা বুঝে নাই সংসারের দানানাই তো সংসারের জুঙ্গাল এ আসমা ফাঁস হলে সংসারের জুঙ্গাল খান হলাইনের গান্ধে তুলে দেনা ছিল হলাইনে হাসমা ফার রোজীর আগুনের কোন হিসাবকে তাপ নেই শুরু করে
/kaggle/input/regspeech12/test/test_kishoreganj_0017.wav,নিচের বালুটা বললে লাগে একাধ্যের বাড়াতে মরে হার্কার এছাড়া হাসাঙুল বালু দিয়া বিট বালু দ্যারা কি বিট বালু দিয়া আকালি যে উল্লেখিত দেশের রাস্তার অবস্থা
/kaggle/input/regspeech12/test/test_tangail_0042.wav,নাকি ইকোনমিক একটা ক্রাইসিস আছে তাহাই হচ্ছে বন্ধ হইতেছিল পরে তার বাবা সিদ্ধান্ত নেয় যে তার ফ্যামিলিরা মানে এই জুসহ অন্য একটা দেশে চলে যাব মানে ওয়েস্টার্ন কান্টি হয়তো বা কোনো এক জায়গায় পরে তারা জাহাজে করে এইসব জুল
/kaggle/input/regspeech12/test/test_sandwip_0124.wav,আইয়ার আমরা বিথীরে বোধ কিছু শিখেছি বিথী আনুশ্রাতের বয়সে বিথী এক্সপার্ট আছে লঙ্কা কি আছে কিস আছে গোয়া আর বাড়িগুলো হলে লেখা করতে যেতে পেরেছে এই নাকি ধরা লেখানোর মতো ধরা লেখা নইলে সুন্দর আছে না আমার ছেলেরা আমি আদর্শবাণ বানাব আমার ছেলে ব্যাগের উপরে থাকবে
/kaggle/input/regspeech12/test/test_kishoreganj_0045.wav,আচ্ছা রাইফুলে হ্যাঁ আমাল্লা দিয়া আমাল্লা খেলে দেয়া হইবে একটা মুজোর ভেতরে ভেতরে নিব
/kaggle/input/regspeech12/test/test_sylhet_0034.wav,সন্ধ্যারাতে সন্ধ্যারাতে সন্ধ্যারাতে সন্ধ্যারাতে প্রশাসকে খাওয়ার পরে তারপরে শেষ হল পূজা করে শামসুদ মানুষ
/kaggle/input/regspeech12/test/test_sylhet_0163.wav,হুম খাড়াই চাই যে শুনি
/kaggle/input/regspeech12/test/test_kishoreganj_0180.wav,জীবাণুমুক্ত নিরাপদ পানির জন্য বিশ মিটারের বেশি সময় লাগে
/kaggle/input/regspeech12/test/test_sylhet_0721.wav,আপনার বিয়াত্ত বহু তৃতীয় মানে তো মাটি দিই নামটা খাষ্ট্র করিয়াই যাবে আপনারার বিয়াত্ত বহু ত্রিচু আমানে নিয়ম আছে
/kaggle/input/regspeech12/test/test_chittagong_0133.wav,তাহাদের চাহিদা নাস্তবাবুর নাহ আদায়ের আল্লাহ সাল্লাল্লাহু আলাইহি ওয়াসাল্লাম সাল্লামাল্লাহু আলাইহি ওয়াসাল্লাম এছাড়া হইলে দু তিন দিন তাহা হোক বা হওয়ার দিন পর তুচ্ছ যাত্রা আস্তে মানবাবুর তুচু ফিরে কল দিবে খুব জানিবু এখন আবার হালি বড় বেলা না জায়গা আজ জালা যাইত হর্চি পাতা হালি আল্লাহ হামটার নগরীর রায়ালী মিস্ত্রি এরা
/kaggle/input/regspeech12/test/test_narsingdi_0110.wav,প্রাইপেন সুরা সুন্দর ডাসি এর দূর একটা প্রাইপেন আছে এইটে পড়িস মানে হয়েছিলাম তুই তো আমি এটা বলিতে আসাস না
/kaggle/input/regspeech12/test/test_noakhali_0004.wav,কী সাজাতাম ও আমি যেন বাবার কাছে থাকি
/kaggle/input/regspeech12/test/test_tangail_0040.wav,সে বুঝাইতে সে মানে বুঝতে পারত যে মানে পশুপাখিগুলার মনের অবস্থা সে ভাবত বাঘ ও তার বন্ধু হইতে পারে যদিও অনেক পশুপাখির সাথে তার একটাই ছিল কিন্তু তার বাবা এটা বুঝিয়েছেন
/kaggle/input/regspeech12/test/test_kishoreganj_0110.wav,অনেকগুলো শৃঙ্খল থাকে বাস্তুসংস্থান সকল উদ্ভিদ ও প্রাণীর কোন না কোন শৃঙ্খল অন্তর্ভুক্ত যেমন ইঁদুর কাটবিলাহী ব্যাঙ্ক নানান প্রাণী খেয়ে থাকে
/kaggle/input/regspeech12/test/test_sylhet_0159.wav,ইতা গো আগর মানুষ পাঞ্জাবিকু মারলেও ডরাইয়া ফৈছন্ন পাঞ্জাবিকু মেয়ে তো আমার হৌরে নিজেরা আছে পাঞ্জাবিন চলছে তাই হারিতে না না মোটাইটা আর মুক্তিযুদ্ধ হইতাই সব দৌড়াইয়া মাত্তিল
/kaggle/input/regspeech12/test/test_habiganj_0083.wav,রোলেকার দুই ভাই একজনের ব্যবসা করুন আরেকজন ফরাদ হাসিনা হন আর তোমার অন্য শাশা রাখি তাহলে আসুন এরা ভালোই আর আসুন আরেকজন আমার শাশার দাইন্দুলিতে এরা তিন ভাই শাশা নাই মারা গেছে আর তিন ভাই এই তৃণ্য জনী ব্যবসা হবে
/kaggle/input/regspeech12/test/test_sandwip_0061.wav,অজায় বেলাই এত লাগা গাছে কুতুকে শিলেছি হইবে খালি যে তিন চুট শিলেছি আর এক সুটের কাপড় অব গলায় নিচ্ছিসে মনে করে আরও কমবাগুলো এল শিলে লাইন
/kaggle/input/regspeech12/test/test_sylhet_0268.wav,নাম প্রথম ক্লাসটা ইউনিভার্সিটির প্রথম ক্লাসও আমি মিস করিলেছি বারাক টেখা নাই আমার ভাই ফ্রি নায় তখন তারা কাজ করের খেত লাগা বৃষ্টি অত্যাশটা অবস্থা যাই হোক পরে আমাদের লইয়া আইসইন আমার কান্দগ্য সামলানের লাগে দুদিন পরে লইয়া আইসইন হাইয়া
/kaggle/input/regspeech12/test/test_narail_0068.wav,আমাকে অত্র দ্যাশেক এই জেলা কই জেলার ভিতর সবচেয়ে ভালো বুদ্ধিমান লোক আছে কেশর ঠাকুর এর উপরে হালিম শরীফ তাই করছে যে সেলিম শরীফের বাবা ওনাকে সাথে গড়ত তা আমি করছি কি কেশর ঠাকুরের রকম কায়দারির কাছে ওরে বাবা ও যে কী মাল
/kaggle/input/regspeech12/test/test_narail_0153.wav,নয়ন দোকানেছে সবার বিশ কিছু বাগানে বিকেলবেলা দোকান নয়নের বউ কানে বাড়ি নেই বাড়ি রয়েছে তারপরের শরীরটা ভালো আছে না নির্ভর
/kaggle/input/regspeech12/test/test_sandwip_0102.wav,হার যেমন সবাই জানত তো এর কী জন্ম লাইভে কি সমস্যা আছে যেখানে যাওয়ার জন্য ভিত্তি
/kaggle/input/regspeech12/test/test_tangail_0092.wav,ওই শহরের আর সবার সাথে আর একটা ভালো সম্পর্ক হয়ে যায় সবার ভালো পুলা হিসেবে চিনে ঐ শহরে একদিন রণবীর কাপুর হাঁটতেছি লড়াইতে ওই সময়ের দেহে যে একটা মেয়ে সাকি না মানে সুনাম কাপুর সে লুকায় লুকায় হাঁটতেছে পরে রণবীর কাপুর মনে করে যে মেয়েটার আসলে বিপদ একটু সাহায্য করা
/kaggle/input/regspeech12/test/test_sylhet_0745.wav,তো আমরা হাইমা বা সবাই হ্যাঁক মনে কর দুটি হিন্দুই সারা মাছ এন হইতে নাই
/kaggle/input/regspeech12/test/test_narail_0046.wav,সেই জায়গা রাইজ তোর বাবা ওই যে ঐ ভাষ্যে ওই জায়গার সাথে ওরা বাকি ছিল ঐ জায়গার মাধ্যমে ঐ যে ওহনির জায়গা তোকে পাবে ওরা ঐ জায়গা কিনে রাইছে না ঐ জমি সেই জমির বদলে সে এনি পাবে
/kaggle/input/regspeech12/test/test_sandwip_0084.wav,আগুনের ভিতরে তো সাড়া আছে ই এলাকার বিরক্ত লাগু যেন ইয়েসুলের জাত সোনারা স্ত্রী ইয়েসুল যত্ন করে না যায় সেগুলো কাইকেল নষ্ট হয়ে যায়
/kaggle/input/regspeech12/test/test_kishoreganj_0130.wav,ফলে রকমের ফল এদেশের অনেক রকম ফল
/kaggle/input/regspeech12/test/test_sylhet_0109.wav,এখানে কত বছর রইল আমরা তিন বছর ধরি চাই তার বেশি যে জিনিস দেওয়া যায় না
/kaggle/input/regspeech12/test/test_sylhet_0286.wav,কিন্তু তখনও চাকরি নায় আল্লাহ তো বাইরেরা হইল না আরেকটু কোয়ালিফাইড দরকারি তা দেয়া হইত না তো আমার মনে হইল যে আসলে আমি যে ফ্যামিলি ব্যাকগ্রাউন্ড থেকে পড়েছি আমাদের যেই
/kaggle/input/regspeech12/test/test_sylhet_0527.wav,এখন গেছি যে যাইতাম অসম এখন তারা হয় যেও প্লেনে আসতে আপনারা চলে যান এখন তার সময় নাই এখন গিয়া বলছি মাত্র পঁচিশ মিনিটের রাস্তা হয় রাত্রারাত্রাই দাহার এয়ারপোর্ট গিয়া ফর্ম
/kaggle/input/regspeech12/test/test_chittagong_0157.wav,জাইতে যাইবে না তার কি পাঁচ মেজর নাম নোয়াই এখন আরেকজনে হতে নাম নোয়াই বোফার নাম নয় বললে থোর মোয়ালিয়ন ওয়াই সারেন তবুও তুই তুই জিয়ে নোচিচ্ছে প্রথমেই আমার দিদি
/kaggle/input/regspeech12/test/test_sylhet_0139.wav,অনেক আপনার বাসায় আর কে আপনারা কিছু আমরা জিকাইয়োন আপনার ভিন্ন বিষয় যদি মাখাইন আমরা লাগি সুবিধা
/kaggle/input/regspeech12/test/test_habiganj_0058.wav,আমি তোর লবণ ঠিক কইরা আমি কি লবণে তৈরি তুমি মাইরা মাইরা লবণ দিছ স্তরে দিয়া দিকে এখন বেশি বেশি রান্দায়
/kaggle/input/regspeech12/test/test_sylhet_0326.wav,বই কিনিয়া পড়তাম ফার্সিনা গড়িয়া জীবনে আসলে আমার পরার মনে অর্ধেকের বেশি অংশ ফাঁকা রয়ে গেছে এখন বই কিনতাম ফার্সিনা
/kaggle/input/regspeech12/test/test_narsingdi_0076.wav,দেখ তিকটিকে সাড়িতে চামড়া লাগাতে দেখেছিস না ঠিকই করতে চুপ কর চুপ কর কান্নাও ধরছে সত্যি কথা দিয়েছিস না মানে এটা আমি আমার চিন্তা করতেছি শুধু বেলা বুঝে আছে
/kaggle/input/regspeech12/test/test_sandwip_0031.wav,ধান্দা জিনিসটা ন্যায় না তুলনামূলক দর জাহিদের অঙ্কে বোধ হইছে বয়স হইতে তেম বয়স হইতে হইতে আরও অসংসারিক দান ধান্দা যাইবে ভিতরে পিসিকোস্টিয়া বাজারে গেলে আয়া গোছের গেথেম
/kaggle/input/regspeech12/test/test_sylhet_0636.wav,বিয়াল্লাহ হতে গেলেন অন্য তিনজন সবাই বিয়ে করেছে
/kaggle/input/regspeech12/test/test_sylhet_0010.wav,স্নানটান করিয়া কিছু না খাইয়া আমরা অঞ্জলি প্রধানমন্ত্রীকে ডাক করিয়া যেমন তোচ্চাঙ্গরিয়া অঞ্জলি প্রধানমন্ত্রীর প্রসাদ খাওয়ায় এদিন অর্মাণীর আমি সই আমি সই না দুই দিন খাওয়ায় বই ঠাকুরের কাছে বই নিবেদন দেওয়া বই থাকা কলমে দিন আমরা পড়া হয় না
/kaggle/input/regspeech12/test/test_narail_0014.wav,তারও তো জমিজাতির ভাগ আছে না সে যদি কয় জামাত জমিজাতির ভাগ দাও সে যদি নীতি আসে আমি তার তো কোন রকম আছে তুই জমিজাতির ভাগ পাবে না সে আসুক সে আসে কোক জামারেনি জমি দে আমার অন্য জমি দে আমি ভাগ্য তুই তুই পালি নিয়ে যা তোর হক আছে কিন্তু তুই এই সমস্ত কথা বলবি কেন
/kaggle/input/regspeech12/test/test_sandwip_0012.wav,আর না আর আজকে কেনা কথা দুলুভ জোষ সে অনার সাগরের জন্য মোমবাজারে কবর জিতিয়ে দিবে একবার যা দিচ্ছি যাই দিয়ে দিয়েছিলাম বাজারে
/kaggle/input/regspeech12/test/test_narsingdi_0108.wav,এটা সুন্দর লাগায় কোকো ম্যালেন আমার এটা বেশি ভালো লাগে
/kaggle/input/regspeech12/test/test_narail_0008.wav,মাসে তো সালদেরও কলা মাসে তো সালদে সরাসরি ক্ষতি কইরেছি না সুমন বলে এরকম কিছু কিনে সুমন নিজেই কইছে আমি শুনেছি সুমন আমি মাসেতো বাইরে ফোন দিছিলাম
/kaggle/input/regspeech12/test/test_sylhet_0032.wav,দিন ও স্টেম এইভাবে ঠাকুরের পূজা টাইমের ভিতরে যদি আমরা পূজাটা হয় একটা তিথি আছে ও তিথির ভিতর করতে হবে তিথি দৈনন্দিন দশটা তিন একটা খঞ্জিকার লেখা থাকে ও টাইমে মৃত্যু পূজা কর্তব্য তার পূজা শেষ হলে অঞ্জলি দেওয়া হয় অঞ্জলি দেওয়ার পরে আমরা আবারও প্রসাদটা খাইয়া অঞ্জলিও করি
/kaggle/input/regspeech12/test/test_sylhet_0038.wav,রাস্তা সবাই একসাথে যায় এখানে ওজন চুয়াট্টা প্রেসারে গিয়ে সবাই একসাথে সব মূর্তি একসাথে মিলিত আমার আবার যার যে ঐ যে সিলেটে চুয়াট্টা আছে না চুয়াট্টা নাইও দক্ষিণ শুর্বাজিনে খানাকটা জায়গা না গুহানাটা নদী আছে অনেকে আমরা পরে এতদানে পুকুর আছে
/kaggle/input/regspeech12/test/test_tangail_0077.wav,বুঝতে পারে পরে আস্তে আস্তে হালকা হালকা নাড়াচাড়া করা শুরু করে মানে সেন্স কাজ করা শুরু করে পরে শিউলির মা কলেজের লেক্টর আর তার পক্ষে হাসপাতালের খরচ চালানো আসলে সম্ভব হইতেছে না
/kaggle/input/regspeech12/test/test_sylhet_0717.wav,আর সিদুর অনেক সময় তো মুক্তিটুসি যায় মানে ইলানও হইতে পারত না নাকি তেহরুম ফিট্রোগিটা
/kaggle/input/regspeech12/test/test_narsingdi_0043.wav,গরমা মা মানে ধারেন্ট এত যায় না মানে মায়া কতছে বাবা কারেন্ট থাই হয় না তোমার দায় খেয়ে থামছে কেন বুঝো না পাড়া পাড়া পাড়া কি মায় মিশু অনেক ঠান্ডা উঁকিও গরম
/kaggle/input/regspeech12/test/test_kishoreganj_0197.wav,কিছু বলতে পেরেছি ভয় ফালতে দেব ভয় ফালতে দেব শ্রী নাসিম আমি এখনই কথাবার সাথে যাচ্ছি মাহারের প্রথমের কাছে যেন প্লেটারে গিয়ে এসেছিলেন রোগীর প্রস্তুত পানিতেই পান
/kaggle/input/regspeech12/test/test_rangpur_0024.wav,খেলার কথা
/kaggle/input/regspeech12/test/test_sylhet_0240.wav,অনুয়া নিয়ে আমার ভাইয়া ভর্তি পরীক্ষা দেওয়াইছেন ভর্তি পরীক্ষার টিকার পরে অনু ভর্তি ভরাইয়া হোস্টেল দিয়া গেছে ও যে বাড়িয়া আইসি আমি হোস্টেলও ও স্টিল নাও আমি কখনো বাইরেও আছি আহ যাওয়া হয়েছে না ও আমার জীবনের লাশ বাড়িতে গিয়ে বাইরিয়াইছিলাম দুই হাজার দুই সাল পরীক্ষার বাদে
/kaggle/input/regspeech12/test/test_tangail_0023.wav,কান্ট্রি গুলা অনেক শীত থাকে ঐ ক্রিসমাসের সময় অনেক মানে তারা ওই শপিং মলে যায় গ্লাভস কিনার জন্য কিন্তু কেউ কারো দলও চিনত না দুজনেই তোরা কেউ কারোটা চিনত না
/kaggle/input/regspeech12/test/test_barishal_0089.wav,কোকন রোমটা কই রাইবে ও তিন ঘণ্টা করিবে আর মূল্যায়ন্ন আধা ঘণ্টা কোকন হয়ে আধা ঘণ্টা সাসমুক এই ও তিন ঘণ্টা হিরোতে পারিবে না
/kaggle/input/regspeech12/test/test_rangpur_0067.wav,নাগো যাই আজকে বোধহয় ডিম ডাইল আবার ভিড় ভর্তারতা মাছ আছে
/kaggle/input/regspeech12/test/test_sylhet_0207.wav,আর বাবির নিন আসিল তো বড় সাইফুল আছে নামারিটা কাগজ করা লাগত না এত ঘুমনো ঘুমানো ভাবত যেই হুড়িগু কোনো বাবিরা ভয়াবহা খাওয়া সাজপ্রার্থ না মানে অনেকেরও অতা প্রশ্ন থাকত
/kaggle/input/regspeech12/test/test_narail_0144.wav,আমার কাছে আসার কথা ছিল তুমি আমার কাছে না এসে তুমি বাড়ি চলে গেছিলে জন্য আমার রাগ হয়েছিল আমি হলে ইংল্যান্ডে যাচ্ছি আমারে জ্ঞানামূলক দেবে দেশের সাথে
/kaggle/input/regspeech12/test/test_sylhet_0059.wav,মানে আন্তর্জাতিক গাড়ি লাগে বাহিত সূচক বাহিত যেতে পারে না এলাকাবিলা ফরের মাথাইতে পাইয়ে বৈনা দায়িরা মার খাওয়াইত অসম্ভবায় দুধ কিনিয়ে আনতে দিতে আমরা অনেক কষ্ট রাখি এগুলো খোয়ার মতন না এগুলো খোয়ার লাগিলে তাই হাম পাবে
/kaggle/input/regspeech12/test/test_sylhet_0274.wav,এক সেমিস্টার যাওয়ার পরও সেকেন্ড সেমিস্টারও আমার ভাইয়া হইলে আজ প্রাইভেট করাই তাই নাইটার অর্থ হইল গিয়া ভাই নিশ্চয়ই আমার বই কিনিয়া বা আমার যে ফরজ রোজ দিয়া বায়ু টায়ার ফিল করেন তার নিজেও তো একজন স্টুডেন্ট
/kaggle/input/regspeech12/test/test_sylhet_0254.wav,আপনার বোনের সুবিধার লাগে আমার বোনের অসুবিধা আমরা তৈরি করতাম না তাই যেহেতু ও আইয়ু পরীক্ষা তো বালা রেজাল্ট করিলিসে আমরা দেখি তাই আরেকটু ফুর্ত পারে কি না আরেকটু দেখি নাই মানে ই ধরনের লুপ দিয়া আমার বৈলের লাইফটা নষ্ট হইলে যেন ইটা তাই টিকল তাই করাটা মন্দ হয়ে যাবে
/kaggle/input/regspeech12/test/test_narail_0065.wav,ওই জমির ঋষিই তো ওই জমির দাগেই এনে একটু পাবে বাগে
/kaggle/input/regspeech12/test/test_sylhet_0006.wav,মানে ইটে তোলা আলাদা এক কোড দেওয়া আমরা তো তোর অভ্যাস হয়ে গেছি গন্ধ তেমন একটা লাগেনি
/kaggle/input/regspeech12/test/test_sylhet_0044.wav,কাগজ কলম্পার করিলাম একজন
/kaggle/input/regspeech12/test/test_chittagong_0036.wav,পরীক্ষার তো আজ ভেবে নিতে ঘুরবি ওরে আমার না রে পরীক্ষার বালাঙ্গ ফোন করলে আইফোন লোড দিব খালা আইফোন না আইফোনের প্যাঙ্গোলেও যেতে হবে রাইট হুকুন পাইনিয়ে সন্দেহ হবে
/kaggle/input/regspeech12/test/test_sylhet_0443.wav,নিজের ভাষা কিন্তু বাড়াটে ডুবাইয়া আমি আমার যে তিন ঢু আমি ও আমার বাসা বাড়াতেছি হল কোন নয় হাজার টাকা বাড়া আনিয়া অন্যত্র আরও টাকা ফুরিয়া ফেলেছেন তাঁকে কিন্তু নিজের ভাষা থাকে নিজের ভাষা থাকেই এমন আমার বড় জাল আমার জামাইর বাই বড় জল তাই না বাসা বাড়াতে আমার সাফলা বাড়া
/kaggle/input/regspeech12/test/test_rangpur_0029.wav,আগের ওটাও মোট এসেছিল আলাদা সকালবেলা ভোরে মুখ ঘষ্ত করতে দাঁত ঘষ্ত করতে চোখ লুলতে লুলতে যাওয়া ফতেয়ার বাড়ি
/kaggle/input/regspeech12/test/test_narail_0096.wav,ওর সাথে যতটা কথা হয়েছে তা আমার সাথেও তোমার ততটার কথা কোনোদিন হয় নাই একটা উদাহরণ মনে হয়ে গেল উদাহরণটা খুবই বিস্তৃত এবং বাজে বাজে উদাহরণ নারী তো দিতাম না হলে দিতেছ ঠিক আছে প্যালেস দিয়ার দরকার নেই
/kaggle/input/regspeech12/test/test_rangpur_0122.wav,পাতা ডাল শাক পাতা শাক পাঠশাক আনীশ পাঠশাকা নীল পাঠশাকে যে দাম
/kaggle/input/regspeech12/test/test_sylhet_0166.wav,দুজন মার্চুন
/kaggle/input/regspeech12/test/test_narsingdi_0026.wav,শান্তরে দেখ কত সুযোগ দিল এখন যাওয়া হয় প্রমাণ করতে যেন হয় পারে লিটন দাসে দেখ কত ট্রল করল কিন্তু এই কত একদিন বছরে সবচেয়ে বেশি রান লিটন দাসের বাইরের দেশের প্রাদের সাথে ওরা এখন তুলনা করাইতেছে
/kaggle/input/regspeech12/test/test_sylhet_0410.wav,বাকুর বাড়ির সবই আছে ভাই বান মা বাপ মারা গেছেন আজকে সাইফ বছর হয়েছে আমার বই জানা তারা এখন দাঙ্গায়ন তারার যে স্কুল খুলে স্কুলে গিয়েছে তারা জায়গায় যেতে পারে আপনি বরং নেশাভার বর্ণ আমার একজন আসেন বই পাইলে তা কয়
/kaggle/input/regspeech12/test/test_narail_0040.wav,এসব সংবাদ পাব না না আমিও একটু প্রশ্ন করি
/kaggle/input/regspeech12/test/test_rangpur_0027.wav,আমার নাকারি ঘর আছে নামে নাকারি বলতে যত সাগাই সদর যত অনুষ্ঠান অনুষ্ঠান আগে তো খাসনাই যে পটুয়াত কলার পাতার কলার ঢেষ্কে গুলে খাসল
/kaggle/input/regspeech12/test/test_sylhet_0738.wav,আচ্ছা তা আপনা হই সংসদান কন্যা সম্প্রদান করেননি এটা মানে আস্তেনি ওনার
/kaggle/input/regspeech12/test/test_narail_0172.wav, আছে রাসে বলো ওরে বা ভালো নয় জম্বের গরম গরমে শরীর খারাপ হয়েছে দুদিন আগে ডাক্তার দেওয়াইছে আরে এত রোদ দুরুনি আর সে রোডের কাজ পড়িছে
/kaggle/input/regspeech12/test/test_tangail_0103.wav,আমার অন্যতম একটা ফেবারিট মুভি ওর খালি লাইন্ডার জিলিয়ে গাই যার সাত সালের মুভি আমি মাত্র দেখলাম কয়েকদিন আগে আমি যেই মুভিগুলোর মানে স্টোরি শেয়ার করলাম এই মুভিটি আপনি চাইলে দেখতে পারেন
/kaggle/input/regspeech12/test/test_sandwip_0113.wav,তুই তো মাই নাই এরকম ঘৃণাই হইতে পারি না তোর ভুলা ঘৃণাই না কেন করতে বহুলা দেহের তাই এগোছে আর নতুন শাইকেল্লো দিচ্ছে বাড়ির জন্য দেশে নতুন শাইকেল্লোয় বাড়ির মধ্যে আরও বাচ্চার উদ্ভিদ গুলা আছে এবং লোন যেটে কাঁচিকারী ক্ষুদে কদিনে বেচে কদিনে একজনে বেচে একদিনে বেচে এইভার দিন কাটাতেছে মাথার প্রতিক্রম
/kaggle/input/regspeech12/test/test_narsingdi_0003.wav,কার লেখা কারে সুযোগ দিব এটাতে ইন্ডিয়ার মতো হয়ে গেল ইন্ডার যেমন একটা প্লেয়ার একবার বসলে আর খুব সজের দলে ঢুকতে কষ্ট হয় বাংলাদেশেও এরকম হতিছে বাংলাদেশ ইদানীং তো ভালো করতিছে না সবাই ভালো করতিছে কিন্তু আজকানে শুধু এই আফিফ
/kaggle/input/regspeech12/test/test_tangail_0011.wav,এই সময়টা আসলে আমরা সবাই চাই এরকম একটা সময় যা আমাদের ক্যারিয়ারও ঠিকঠাক চলুক আবার বাক্দিকের লাভ লাইফটাও ঠিকঠাক চলুক যাহোক কুইন্স তখন একবারে জনপ্রিয়তার তুঙ্গে কিন্তু ফ্রেডি মার্কিউরি নিজে বুঝতে পারল সে
/kaggle/input/regspeech12/test/test_narail_0076.wav,তা ওনার কি ওনার তো কোনো কিছুই তো টিকতেছে না মায়ের বিয়ে হয়ে গেছে ছোট মায়ের যে ক্যানসারের বুকি
/kaggle/input/regspeech12/test/test_kishoreganj_0165.wav,গাছ হচ্ছে গাছ পালা গাছপালা ইত্যাদির উপর বিন্দু বিন্দু জমে থাকা পানি বা শিশি
/kaggle/input/regspeech12/test/test_tangail_0048.wav,ও হয়তো মানেইও করতে পারে হিংস্র হয়ে যেতে পারে পরে এরকম করতে করতে ইরফান খান বাইরে থাকার অনেক টেকনিক শিখে মাছ নিয়ে মাছ ধরে মাছ নিয়ে
/kaggle/input/regspeech12/test/test_narsingdi_0085.wav,এততল্যা প্ল্যান করি না আমি সব শ্রুতির মধ্যে বাজবাবু ঘুমাই খুনাস না করে একটা লিমন হল ইটার দিন কোন প্ল্যান কর্ম কেন ঈদার দিন তো বাপ মায়ের কোন ভাই লয়েই যাইতেছে না কোন জামি তোমার ফাস্ড দোনার কই জায়গা আছে
/kaggle/input/regspeech12/test/test_chittagong_0001.wav,অনেকে দেহিলি মাতন পরে একখানা বেড়াই ধারণ পরে হারান
/kaggle/input/regspeech12/test/test_sylhet_0448.wav,আমি জানালাম কাজে লুকাইয়ের বিয়ে দেখি তারা কি তা করে না আবার আমার নূর হয়েও বাসাত মানে মানে তাকে ভাইয়া দুই মোয়া ব্যাটেরিয়াম বা রাস্তাম্বিকার দুই রুম তুমি তাকে দাও সাত হাজার টাকা দিলেন তারপর আমার একটু সেভ হইল ডেখানি আর আমি একলাকুই বেটি ফাঁসার জন্ম নামে আমরা বেটি হয়ে নামিলে দাখলাম না
/kaggle/input/regspeech12/test/test_tangail_0109.wav,তার বোনের লেহেঙ্গা চাইছিল ওস্তাদের কাছে কিন্তু ওটা খবরে দেখিনি এখন ওটা ফেসবুকে দেখছি এখন ওটা কতটুকু বিশ্বাসযোগ্য ওটা বলতে পারিনি তাদের কি মনে হয় যে ঈদের আগেই কেন আগুন লাগে সব সময় প্রত্যেক বাড়ি
/kaggle/input/regspeech12/test/test_sylhet_0306.wav,বাদে ওতাইন সিলেট রাখার ইউ দিলা আমি তো হোস্টেলে আছি যে আমার এখন টার্গেট হলেও গিয়া সরাসরি হোস্টেল দেখি তাই ওর বাসার যাইব ইসেময় লোক কুরবানির গিটাসি লাগে গেছি বাড়িত যাওয়ার পরে
/kaggle/input/regspeech12/test/test_narsingdi_0089.wav,দরজা লাগায় দিন হয় বাড়ির প্রশাসন উন্নয়ন করে দরজা লাগায় জানলা লাগায় উপকার পাওয়া যায় কিছু জানলা বা জান্না লাগালি কিন্তু নৈর্যায়ন থাকবে শিল্লা এবা লাভায়েল আমি অনেক জোরে জোরে জোরে দরকারের জন্য বেশি গান বাজানি শুরু করব
/kaggle/input/regspeech12/test/test_tangail_0097.wav,ছকিনা কখন সখিনা ও হিরণ বিটু কাপুর যে কখনো আর ফ্রেন্ড হিসাবেই দেয় সবসময় সখিনা তাও আশা ছাড়ে না হঠাৎ একদিন ঈমান আসে সখিনারে ঈমান কথা দিচ্ছিল যে এই ব্রিজের এইখানেই আসবে এখানে একটা ব্রিজ আছে
/kaggle/input/regspeech12/test/test_sandwip_0049.wav,ওই ইন্দ্রিয় দেখানো যায় এই তোমার কাতর বুট আমার কার্তা তুষার
/kaggle/input/regspeech12/test/test_kishoreganj_0177.wav,অরেঞ্জ যত কমলা কালার
/kaggle/input/regspeech12/test/test_narail_0138.wav,ইউরোপে না যাতে পারলে শান্তি নেয় দুবাই সৌদি এখন এগুলো বাংলাদেশে বসে মাস গেলে দেড় দুই লাখ টাকা বেতন আসবে সাত থেকে আট লাখ টাকা খরচ হবে যেতে
/kaggle/input/regspeech12/test/test_comilla_0019.wav,কেউ না কেউ ছিল কারণ দোলনাটা আমরা যখনই যাই মানে এক মিনিটের জন্য ফ্রি থাকে না বাচ্চারা সবাই কাড়াকাড়ি করে কারপর কে উঠবে কারেন্টের স্বপ্নের কোন মুহূর্তে লাগল আবার রোহি যখন যায় ওরা স্পর্শ করল যদি ওর শরীরে কারেন্টের ইয়া থাকত তাহলে তো রোহিরও কারেন্টের শট করতে রোহিরও কারেন্টের শট করে নাই
/kaggle/input/regspeech12/test/test_sandwip_0008.wav,কত ভাবে বিভিন্নভাবে আমি জানি তো কথাবার জন্য মুগলিল্লাহ সেলামের সাহাস্য দেখেছে যে একবার লোভের সুখকর চাষ অনেক রেগে গেছে
/kaggle/input/regspeech12/test/test_habiganj_0014.wav,মিলারও তো ভদ্র হইতে লাগে স্যার তান্ডিতের সরুর ফুটেডে আমরা দোহিন্দা রেমিন্টেল
/kaggle/input/regspeech12/test/test_sandwip_0081.wav,কেন আবাদ ইন্ডের মতো
/kaggle/input/regspeech12/test/test_kishoreganj_0195.wav,চোরাবাতা আওয়ামী লোকের জন্য কোনো কি ধারা বাক্স নিয়েছে না কি ধারাবাদ কিন্তু এরা অনেক লিখা নিলাম চোরাবাতা আরাবান ঘুরিয়ে বিদ্যমান চোরাবাতা আরাবান ঘুরিয়ে কি রোধ করা
/kaggle/input/regspeech12/test/test_habiganj_0017.wav,কেরাজায় মুক্ত রোশন বেড়াজে বেড়ার ফন্ঠ দুর্ভোগের পর তিন ফুলার বিয়ে করেছি রেকর্ড বামান্দি গ্রাম হয় বামান্দি ব্যাংক বেটে আজম হয় বেটাতে ফুলাজও হইতেছে
/kaggle/input/regspeech12/test/test_sylhet_0215.wav,যে প্রায় পাঁচ ছয় গ্রামের মাঝে প্রচুর পুরুষ লুক আছেন যারা চাকরি করত বিভিন্ন লেভেলের চাকরি তারা দৌড় পুষ্ট অফিসেও হয়ে চাকরি করত তত হাইস্কুলও চাকরি করত তত ব্যবসা বাণিজ্য হত কিন্তু মহিলারা আপনি দেখলাম যে কেউ চাকরিজীবী নাই সব হাউসে
/kaggle/input/regspeech12/test/test_chittagong_0066.wav,হায় তো হায় উস হায় তো তিহাই উস বৃষ্টি বৃষ্টি করেন না বৃষ্টি আয়ের আজ যার অ্যালেম মেঘলা করিয়াছে ও
/kaggle/input/regspeech12/test/test_barishal_0027.wav,এই এক ফিরে ঐকাম করছে মোর পোলারে মোর মাথায় মুই মনে করে মাথায়াত দিছি যে পোলা যে বাইশি আছে এখনো দুই ফিরে এক ফির মিস গেছে এই দুই ফিরের ড্যাগ ছোটে খাওয়াই দিচ্ছে
/kaggle/input/regspeech12/test/test_comilla_0028.wav,যেদিন মারা গেছে ওদিনে ইউনি ম্যাডামের সাথে উনি বলছে যে আমার মেয়ে তো চলেই গেছে এখন এটা আমি কারও উপর কোনো অভিযোগ রাখতে চাই না এরকম বলে উনি আর কোনো এটা তদন্তের জন্য বা অভিযোগের খাদ্যে বা কোনো কিছুর ইয়াকারে রাখে নাই
/kaggle/input/regspeech12/test/test_tangail_0072.wav,নীরব চলতে শুরুতে প্রায় এক বছর বরুণ ধাওয়ানের কারণ আর চাকরির প্রতি আর হুঁশ নাই মানে ও সবসময় কেমনি ওই শিউলির কাছে যাব কেমনি ওর সাথে কথা কবর কেমনি সিনস্কিট ফিরিয়ে আনব এইরকম ভাবে আর কি ওর লাইফ চলতে থাকে
/kaggle/input/regspeech12/test/test_tangail_0009.wav,আগায় যাইতে থাকে তারা বড় বড় ডিল করতে থাকে নতুন নতুন অ্যানগ্রাম বাড়ি করতে থাকে কুইন্সের একে একে পৃথিবীর কুইন্স ব্র্যান্ড যেটা থাকে একে একে পৃথিবীর বিভিন্ন দেশে কনসার্ট করতে থাকে
/kaggle/input/regspeech12/test/test_chittagong_0058.wav,হ্যালো কেন আছো এই তো ভালা আছি কেন চল এই তো ভালা কী রূপ দেয়া হন আয় এখন বই আসছি সিকিলর হাইও বই আছি
/kaggle/input/regspeech12/test/test_barishal_0017.wav,হাহে পাহে খাওয়ানোর চেষ্টা করতে হইবে আর আমার ওই হোম মিনিস্টার খুব চালু লোক এরা যদি আজকের বেলায় না খাবে তাই রাত্রেও খাওয়াবে না
/kaggle/input/regspeech12/test/test_sylhet_0106.wav,বৈতালিকের যায় তখনো বাড়ি তোমার কুষে নাইরাহ খান করি ঠিয়া খুলা হত্যা ছিল আমি বিশদা আছি সাইডে এবং আমি গর্ব রাখতে দেখবি গর্ব রাত দোকানপাটি দুটাই জিনিসের লেগে মাটিতে আমি ছাড়তা আছি না
/kaggle/input/regspeech12/test/test_sylhet_0616.wav,আর নুহাওতে মজুনাঙ্কেলের মেয়ে ছোট্ট তার মজুনাঙ্কেলেরও বলে ট্রান্সফারে গেল বিয়ানীবাজার আমরা ডাকাতের সাথে
/kaggle/input/regspeech12/test/test_sylhet_0503.wav,ষপদ ভিড়েছেন বাড়িতে আমি জুড়ে ধরিয়া দিলাম না মায়া হইতে কি এটুমু খুলিয়া বল বাবা খুলিয়া বল খুশানা আজ যে এখন পর্যন্ত নারী চলিয়া যাইবেন মায়া হয়েছেন যদি খালি যাই হই কেকৈয় মন্ত্রীটা হাই নতুনবালা অনলাইনে পরিষ্কার করল কোমরাল্যরা এমন নিয়া বিরান্ত মায়া শুনলেই বহিনূর বৈধ সাহালি সাহালি সাহালি সাহালি সাহালি মায়া হয় যেন মায়া হয় যেন যদিদের খালি ইয়াই যাই হি তেকৈয়াই হইবেন তেকৈয়া মূমার মোন থিকেকে হাই হাই বোকুনবালা অনলা অনলালা অনলালা অনলামেন করেন পরিষ্কার করলেন কর্কেন কর্কেন কর্মেন কর্মালেন মোকেন মোকেন মোকেন রাম রাম্ন্ন কর্ন রাম রাম রাম্ন্ন রাম রাম্ন রাম রাম্ন রাম্ন রাম রাম্ন রাম্ন রাম রাম্ন রাম রাম্ন রাম রাম্ন রাম রাম্ন রান্
/kaggle/input/regspeech12/test/test_sylhet_0421.wav,মানে মেডামিওলান বড় সাধেশন জামি ফার্ম লইয়াও আর এর আগে দুইবার বুল অপারেশন করছে আমার ডাকাত নিয়ে বার ঘণ্টা বার ঘণ্টা অপারেশন করছে কিন্তু বুল অপারেশন করছে আপনারা
/kaggle/input/regspeech12/test/test_tangail_0100.wav,মানে এটা কি বলব এটা আসলে অনেক সুন্দর একটা লাভ ওয়ানসাইটেড লাভ তো এই ছবি রেকর্ড লাস্টের দুটা লাইন আছে খুব
/kaggle/input/regspeech12/test/test_sylhet_0082.wav,আমার প্রথমেও আইসালো এখনো নামা আছে তোমার বাড়ি কোথায় কোথায় আমার বাড়ি এলেও কেন এই বাড়ি আছে
/kaggle/input/regspeech12/test/test_sandwip_0109.wav,সাহিদের দিকে দেখছি নে এতে অন্যান্য মাস্টাররা যে রকম সাহুলানের একের বইয়ের দেহেতে হিতু এক দমনে সাহা বিদুই হওয়ার আগে এগুচ্ছ
/kaggle/input/regspeech12/test/test_kishoreganj_0152.wav,উদ্ভিদের দেহে প্রায় নব্বই ভাগই প্রাণী উদ্ভিদের দেহে প্রায় নব্বই ভাগ প্রাণী পাকার পরে এগুলির রং হলুদ বা সোনালী রঙে হয়
/kaggle/input/regspeech12/test/test_narsingdi_0035.wav,ডান হসে একশো চল্লিশ টাকা খুনের দাম বাইরে এগার টাকা চোক বাড়ার দাম বাড়ছে কাপ আইসক্রিমের আদাম বাড়ছে পাঁচ চোক বাড়ার দাম পাঁচটি আবার সেপেন্টিনে অনেক ভুলে একবার আর দাম গেলে অনেক
/kaggle/input/regspeech12/test/test_sylhet_0476.wav,গুলি এসব মান্নানী লাইবারের মতো সাবস্রিস্টিও মাত্রিক নাই সারাটা দিনে কয়টে হারুর যুবরে তোমারের ভিতরে ধরান করিয়া যেন মারে ও ইটে ফাঁকা বাদি যাইলা না যে বাহিরে অ্যান্ড্রোলন করিয়া না বলা কহিল আমরা আগেও গোপায় অনুমানে মিল মোহাব্বত বেশি
/kaggle/input/regspeech12/test/test_sylhet_0084.wav,কিন্তু আমার কারণে তাই পোড়াটা নষ্ট হয় কারণ তাই মা এমন বিশ্বাসী আসলে আমার উপরে আমি যদিন ভর্তি হইতে তাই ভর্তি হইত আমার বাবারের সময় পাওয়া ভঙ্গি গেছে এখন আমার এই ভাইয়ে মাত্র আমার বইনর বিয়া হয়েছে আমার ভর্তির সময় বাবারও পাওয়া ভাঙছে অত কারণে ভাই আর ক্ষুণা হলেই করতে পারবে না একলা আত্মায় শ্রেষ্ঠ আমার পড়া বন্ধ করে
/kaggle/input/regspeech12/test/test_habiganj_0069.wav,হায়দার আলী বদরুন্নেসা দুইটা বদরুন্নেসা কোন দিকে হৈলোগিয়া কৃতাস করছে যে অনামিকা সেন্টারের ইসে ডেয়ারো
/kaggle/input/regspeech12/test/test_sandwip_0089.wav,অন কিছু মন খাইছে কিছু মন খাইছে কেন থাকো সারা দিন থাকো
/kaggle/input/regspeech12/test/test_sylhet_0318.wav,কিন্তু একটা সুখ আমার নিজের যেগুলা মশারি মশারি অতা আছে সিঙ্গেন লাইফের ও সিঙ্গেন লাইফের অতা আনিয়েও কলযোগার লাইফ শুরু করছি মানে বাপের বাড়িতে কেউ কিছু দেওয়া হয়েছে না শ্বশুরবাড়ি থেকেও কিছু দেওয়া হয়েছে না দুইজন ছাত্রর মত অবস্থা
/kaggle/input/regspeech12/test/test_barishal_0029.wav,এই হিতনু গয়না রাখায় একবার আনলাম না একটা আনছি তো কিছুই ছিলাম যে এক হানের শেষ হওয়ার একদিন আগে আমারে কবির দিন শেষ এদিন আরও তিন খেলে আমারে তসলে আর আমি খেয়াল করি আমি যাব কালকেই আছি
/kaggle/input/regspeech12/test/test_kishoreganj_0041.wav,যে প্রথম উল্লেখ করে হ্যাঁ উঠ নাম যে আর কিছুটা পাবে না যে প্রেসিডেন্টের ব্যবহারের কাজ ঘটে যেটা পাবে
/kaggle/input/regspeech12/test/test_kishoreganj_0168.wav,বাষ্পতিকে বলে বাষ্পতিকে বলে পরিণত ওয়াকে বাষ্পতিকে পরিবর্তন গুণীয় মোসর বাষ্পতিকে তরলে পর্যন্ত হওয়াকে ঘনীয় বন্দর
/kaggle/input/regspeech12/test/test_kishoreganj_0061.wav,তপ আছে টবে পড়বে তবা তবায় অবাধী ভিজে দিয়ে তবা ভিজে তবা ভিজে তোরা ভাবি
/kaggle/input/regspeech12/test/test_kishoreganj_0016.wav,আমি যে কুষ্টিতে ইট বেড়াতে তাক যাতে না তোমাদের রাস্তা করে লাভ দেখি দুই লম্বাই হয়ে যায়
/kaggle/input/regspeech12/test/test_habiganj_0067.wav,টান থাকলে টিকে বাসায় চেঞ্জ হল যেমন সিলেটের আলাদা একটা বাসায় একটা টান আছে তাই অন্যায় আচ্ছা আমাদের হৈমান জমাদায় প্রাইভেট হসপিটাল হয় তা আছে যেন
/kaggle/input/regspeech12/test/test_kishoreganj_0118.wav,ভেঙে দেওয়া যাবে ফাল মারে জালা মারে আমরা গেছি বাদম কিবো বেমেলের ভাল ফলা গাছপৃঙ্খলা গাছপৃঙ্খীকা গাছকা আবার এই গাছ পূর্ণিক একাকেলা বেঙে একাকেলা সাফে এভাবে খাদ্য শৃঙ্খলা এভাবে খাদ্য শৃঙ্খলা নিচে কোন খাদ্য শৃঙ্খলা ছুটিকে যেন দিবুটা ভাবা
/kaggle/input/regspeech12/test/test_sandwip_0009.wav,কী অবস্থা ভালো নেই তোর ব্যাগে জামাই যান দিলে খরচ রোগীরা দেখিতেছে কে করিবে
/kaggle/input/regspeech12/test/test_sylhet_0206.wav,তের চৌদ্দ বছর এগিলে তারা গ্রাম্য মানুষ আয়োর বিয়ার লাগি প্রথম মানুষ কৈন্যা দেখা তাইলে কৈন্যা মিটিয়ে হারি ফাতিল মানজাইতে পারেননি তে গোয়ালেস্তা পারেননি
/kaggle/input/regspeech12/test/test_sylhet_0692.wav,ষপদ খেলাগুলা হচ্ছে বা বড় উত্তম দিবস নিত্য কোন কাহিনী আছে মেতে গেলে বেশি দুষ্টামী প্রতিষ্ঠান আমি দেখুন মানে ওখানে খুব আছেন তিনি মোবাইল টিভিটা দেখান তখন তো আমরা ছোটবেলায় তত্ত্বে পাওয়ার সিনেল হলেন
/kaggle/input/regspeech12/test/test_kishoreganj_0179.wav,বিশ কিলোমিটার বেশ কিলোমিটার বেশ কিলোমিটার বীজ কিলোমিটার বেশ সম্ভব
/kaggle/input/regspeech12/test/test_tangail_0089.wav,এই ছবিতে আরেকটা বিষয় আছে এই ছবিতে আসলে মানুষ তেমন নাই খুব অল্প মানুষ নিয়েই ছবিটা মানে মেক্স করাইছে আপনি পুরা ছবি দেখলেও মানে হাতে গোনা মানে দশ জনেরও মনে হয় কম মানুষের নিয়েই ছবিটা মানান নাই
/kaggle/input/regspeech12/test/test_kishoreganj_0087.wav,আলু থিকে আছে কিন্তু এটি খাইতে মিষ্টি লাগে কিমল লাগে খাইতে ভালো লাগে বাচ্চা খেলেছে
/kaggle/input/regspeech12/test/test_kishoreganj_0025.wav,আর আমার তো এক আইডি কার্ডের লাগে তো অনেক গুরুত্ব আছে ফুস্টি অভিষেকের লক্ষ্যে যাতে যে ফাউন্ড এমন ভুলে নিক্ষয় আমি সব করেই সুন্দরীতে এটা ভুল করেছি এরা একটি ব্যবসায়ী
/kaggle/input/regspeech12/test/test_chittagong_0062.wav,হয় কী হয় ভর্তিতে পারবি এমনিতে হল লিডি সাভার নদী এ তারা উত্তম লম্বা পরিবেশে নইলেই একটু কলের মধ্যে ভর্তিতে না পারবি তো ওহ হয়তো এখন তার হাত ক্যাংরোবিন
/kaggle/input/regspeech12/test/test_chittagong_0152.wav,তোমার কি যে আছেন হোক বেলা ভাইকে না কেন তাদেরকে কিনবে অনেক গেল না কেন দেখ তান্ডা ভাড়া রেগে একটু বেড়ে রেগে
/kaggle/input/regspeech12/test/test_tangail_0024.wav,দুজনে আবার একই সাথে একই গ্লাভস পছন্দ করে যেটার আর কোনো কপি নাই মানে জোনা থান বলতেছে সারা রেণীটা সারা বলতেছে জোনা থানে রেণীতে কথা চলতে চলতে একসময় এক
/kaggle/input/regspeech12/test/test_sylhet_0713.wav,তাকে আজকে জানিসহ কিছুতে আমরা লাগানি
/kaggle/input/regspeech12/test/test_narail_0034.wav,উনি যদি পারে আমার হওয়ার দরকার নেই ওরা না তালিয়া নয় তুই চাকরিটা ভাস নাকি তাই তাক দিন
/kaggle/input/regspeech12/test/test_habiganj_0012.wav,আমি আজকে মাংসের মাঝে একটা হামুর দিয়ে সেরে বেসেবা অবস্থায় আছি লেগেছে ভাই তার চিনে
/kaggle/input/regspeech12/test/test_barishal_0081.wav,হেই মোর কথা হেই অনেকে হেইয়ে বোঝে না জি দুই ঘণ্টা ঘিরে এলেও ওই আসরের আজান দিলে হাগু কান খায়
/kaggle/input/regspeech12/test/test_sylhet_0179.wav,বড় সুরকম টানা সেই আচ্ছা দেখে মা কি তার মেয়ে উঠেছিল আজকে যা বোধ সময়ে মহোত্ত হলাম নয় নয় নয় নয় না বুঝি আল্লাহর রহমত থাকলে শুধু ইনকামুও সুখ হয়
/kaggle/input/regspeech12/test/test_kishoreganj_0008.wav,মামার নাম আমি জানার চিনি হুমকি বোঝা যাবে ব্যাক একদম ব্ল্যাক
/kaggle/input/regspeech12/test/test_sylhet_0509.wav,ষপদ আমার ভাই এর ঠেক্ষা মূলত বুড়ো বেগ মানে ই টেক্ষা না পাওয়ার আগেও কোন আমরা টেক্ষা আসা আমিও খৈয়ার আগে আমার আব্বু কৈলাস ছিলা কৈলাস ছিলা প্রস্তুত না ফিরে আসি বুঝছি আসলে ঈদের মুখে প্রতিহাতে টেনশন পাই হয়তো ঠেকান না হয়ে আপনার সাথে চাকুর্যোগের দিকে মিলাছে আমরাও কয়েকজন বোস হিসাবে আমরা বুদ্ধ আছে পরে যে হোক এমনার মার আব্বা সাহারি জীবিন চাকরি
/kaggle/input/regspeech12/test/test_sylhet_0491.wav,তাহলে বাবা ইন্ধু দেখিয়া মেলামে মাথার মাঝা আকাইয়া দিয়া সুন্দর করুন বাবা তোমার কিচ্ছু হয়ে যায় না তুমি সুস্থ হয়ে যাইবে
/kaggle/input/regspeech12/test/test_habiganj_0081.wav,হঠাৎ করে মারা গেছে অনেক কয়েকদিন আগে হালি তেনের ভূমি হইছে মারা যাওয়ার আগে তারপর তেনের পিতা ফেটের মেদি ক্রীতা আসল হালি ভূমি হইত কিছু হয়তোবার জন্য তখন পনের দিন পরে ধরা ঘুরছে তাই নেয়ার লিভার ক্যান্সার
/kaggle/input/regspeech12/test/test_narsingdi_0029.wav,স্বপ্নতা ভাই সবাই দেখা করছে এখন সবার স্বপ্নতা সত্যি হয় না টিম আছে বারোটা যতটা টিম আছে সবাই তো চাবে যে বিশ্বকাপ জিতুক কিন্তু তো জিতবে তো যাই একজনই দুটা টিম ফাইনাল খেলবে
/kaggle/input/regspeech12/test/test_rangpur_0079.wav,কি আন্দিমেন বেটি পাঠশাক পণ্য মাছ বা মাছ বেগুন আলু চালাইন করা হয়েছে মন দুইটায়
/kaggle/input/regspeech12/test/test_narsingdi_0008.wav,ইন্ডিয়াতে দেখ এই চা হাল রবি বিশ্ব নয় রাহুল তাড়াতেই ওরাও তো আছে ওরা ভালো অলেক্স পিনার এই কয়েকদিন আগে ত্রিশ আদ্রায় নিল কিন্তু
/kaggle/input/regspeech12/test/test_sylhet_0349.wav,ও হল চাকরি করছে ব্রাহ্মণবাড়িয়া মহিলা বলে যাও তিন মাস তখন আমার লাভ খুব বালা বুঝছিন আল্লাহ আমার প্রতিটা ধাপে ধাপে খুব সহযোগিতা করছেন আল্লাহর কাছে ফাইসিও ফাইসিও
/kaggle/input/regspeech12/test/test_sylhet_0664.wav,বড় ছেলের গরু নাতি ডাক্তার হিসেন নতুন আরও পরিত্রার হইবা সার্জারি ও বড় মেয়ের গরু নাতি এগু প্রভাসর পড়িয়া শুনিয়া প্রভাসর উঠিয়া থানায় গার্ডকে লেগে
/kaggle/input/regspeech12/test/test_sylhet_0395.wav,আমি এনে সাধুপুর বলতে আমরা নিজেও বাসা বালিশ বিচ্ছিন্ন আমি এনে বানাতে হলাম আর অইনে যে রক্তা আর ফেল আমি সাধুপুর বারো চৌদ্দ বস্ত্র আর ও দুই মাস হইতেই জায়গা থাকছে
/kaggle/input/regspeech12/test/test_narail_0048.wav,বাক সে আনুই ভাবে তোর বাবা তাই আমাকে দেব মাটি কাটিচ্ছে আমাকে রাস্তার কলেজে আনা আমার কথা এক মাদুনি আমি কিছু কি এই তো চাই পাঁচ দিন আগে
/kaggle/input/regspeech12/test/test_rangpur_0028.wav,বরাম্যার একটা স্মৃতি মনে আছে কি এই পাশ দিয়ে গেইছে ঢেলবাড়ি নবু বুইন দিয়ে দিয়ে বেবি ছোট আছে তাতে তোমার নানির খোঁচায় অর্ধেক খাইছে আরাধ্যগুলো ঢুমলাস্তরী আইসি এক নাগুলি পরে ফিরছাকে আইসির ভাগ দিকারী
/kaggle/input/regspeech12/test/test_narsingdi_0057.wav,হুম খেয়াল হল আমি অনেক ভালো আছিলাম দ্বীপে বরাবর আলোও ছিল পালিশে আসা কেমন যেন উঠল হ্যাঁ দ্বীপালো একটু সত্যি কথা মোহাম্মদ তা বলার পরে কেউ খেলেছেন এটা সত্যি কথা
/kaggle/input/regspeech12/test/test_narail_0072.wav,ও বাড়ির কাহিনূ জানো না ওই বাড়িও গেনা ওর বাপ ওই সোঁদা ফুল করে নিয়ে এনেছে ওই বাড়ি আছে যে কি কবুর লাইট মাইট সারে দিলীপ টিলিপ হসে না আর মায়াটা থাই না জোগারে
/kaggle/input/regspeech12/test/test_habiganj_0027.wav,তারপরে আমিষ্কারের হাওয়ায় কোন সপ্তাহের লাগে
/kaggle/input/regspeech12/test/test_comilla_0004.wav,প্রতিদিনের মতো ওইদিনও রোহিকে নিয়ে আমি স্কুলে গিয়েছিলাম সব সময়ে আমি বাসা থেকে স্কুলটা দশ মিনিট না ছয় সাত মিনিট আমার বাসা থেকে আর রোহির স্কুলের দূরত্ব তাও আমি ওড়ে দিয়ে যাই আমার মতো সব মায়েরাই তাদের ছেলেমেয়েদেরকে দেখা যায় গেট পর্যন্ত দিয়ে আসে
/kaggle/input/regspeech12/test/test_sylhet_0120.wav,এখন এখন শয়তানে খুন চিনি না বাইরে মাঝের সাতগিলায় কিনা কিছু ব্যবস্থা অন্যায়
/kaggle/input/regspeech12/test/test_narsingdi_0018.wav,কিয়ার বল্ম বল আসলে যারা যেই চৌদ্দ পনেরো বছর ধরে টিমরারি ছাপি দিতেছে এরা অনেক খেলতে চায় আর হারা মাত্র নতুন পাঁচ ছয় বছর ধরে রাখিলেই এই অবস্থা
/kaggle/input/regspeech12/test/test_sandwip_0034.wav,আগে এগিয়ে রাতে কুটান কুট বেলা কি বয়স নিয়ে তো দায় সেগুল
/kaggle/input/regspeech12/test/test_narsingdi_0129.wav,স্কিন ক্লিয়ার ঐটা সিল বোয়িং এটার হেডা সেইম জিনিসের কিন্তু আমি কম হোক অ্যারামাসিনের তে এমাইসিন যা বেশি ভালো কার হাইডার প্রেগন্যান্স প্রিটান আমার তো মানে কি কয় তোর মতোই মানে এত পারফুল দরকার না
/kaggle/input/regspeech12/test/test_rangpur_0056.wav,হালি ফেসবুকও তো অনেক জুনে দিছে এটা ওই যে তারার বাহ্যিন্দা আসলে এটা এলেও সামনে দুর্ভোগ দেখা দিবে তার একটা লক্ষণ
/kaggle/input/regspeech12/test/test_kishoreganj_0097.wav,হিম মুনারির পরিবেশটা কি হিম বাতাস আছে স্ট্রয়েজগুলি গাছগালা নাই গাছগাছালি নাই মেঘালয়ে ফানি করি যাইতে আমার টিকা দিলে গেছে আমার টিকা দিলে গেছে আমার টিকা দিয়ে যাহ
/kaggle/input/regspeech12/test/test_barishal_0099.wav,বড় অশান্তির মধ্যে আছি গায়ে মোর রোজের স্বপ্ন ছিল জীবনে
/kaggle/input/regspeech12/test/test_sylhet_0238.wav,আর বড় ভাই তখন হইলে এর আগে আমার আব্বাও মারা গেছেন বড় ভাই তখন হইলে যেহেতু আব্বা নাই আর এখন যদি আমরা তাইরে বিয়াদি লাই
/kaggle/input/regspeech12/test/test_kishoreganj_0109.wav,হল খাদ্য শৃঙ্খল সবুজ উদ্ভিদ থেকে প্রতিটি খাদ্য শৃঙ্খলা যে কোন বাস্তু সংস্থায় অনেকগুলো বাস্তু
/kaggle/input/regspeech12/test/test_kishoreganj_0193.wav,বুকে কি বলে চিতা নিচ্ছে কালেকে কি বলে চিতা নিন ইন্দি গোটা অত দুর্ঘটনার ক্ষেত্রে আর সে বলে
/kaggle/input/regspeech12/test/test_narail_0013.wav,আমি কোনো খারাপ কথা কহিবে রে আমি কোনো সব উত্তুলিত থাকিতা আমি তুলি না যা পাই তুই ভালো থাকলে ভালো থাক খারাপ তেলে যা যার জন্য টাকা পাঠানোর কথা সে গেছে মরে তাহাতে আমি কী করারব
/kaggle/input/regspeech12/test/test_sylhet_0600.wav,আমার তালাক সৈলীকা মানে আমরার বলে ব্যাচের ছেলে গুলাজাতা কি তা বলে কি তার লেগের মানে ঝগড়া ঘাটে হয়ে আইসাদকে মানে তার বিধান সায়েসা তুমি কোন কিছু নেমি সান্ডার সিংডি বিশ্বে এটা তো সেঞ্চুরেন্ট জুবিলি টুবিলি তারা যে স্টুডেন্টেরা কি তাহলে না আয়াজন করে স্যারেরা করতে চাইছেন পুরাটাই হ্যান্ডেল করতে চাইছেন বা জিনিসটার কেমন একটা অবসাল ও বিশৃঙ্খল লাগছেন
/kaggle/input/regspeech12/test/test_sandwip_0014.wav,শুভ শুধু মাছগুলো যে দিয়েছে কুড়িকারী ইয়ামুলি দুনির্ভাবলী ইয়ামুলি গাছের মানুষের আন্দোলন না গাওয়ানো
/kaggle/input/regspeech12/test/test_tangail_0098.wav,সুন্দর একটা ছবিতে দেখলে দেখবেন ওই ব্রিজের কাছে আসে তখন আর কি রাত তখন ছকিনারে নিয়ে আস্তে আস্তে চলে যায় অন্যদিকে আর এদিকে রণবীর কাপুর
/kaggle/input/regspeech12/test/test_sylhet_0726.wav,তো ঐ যে ক্ষেতা হয় যে আপনারা তো উপবাসে থাকা লাগেন না
/kaggle/input/regspeech12/test/test_kishoreganj_0102.wav,উদ্ভিদ গাছপালা প্রাণী গরু ছাগল মাতৃউদ্ভিদ থেকে বিভিন্ন স্থানে ছড়িয়ে জীবের ছড়িয়ে পড়াই হল বীজের বিস্তর বিজের
/kaggle/input/regspeech12/test/test_sylhet_0153.wav,আজ বিয়ের কাহিনী উত্তেজনাটা মাপনের তা তো দেখি ঐ তারও বেশি সুন্দর আছে
/kaggle/input/regspeech12/test/test_kishoreganj_0132.wav,কলা কার্ডোল আম কার্ডোল তরমুজ ফাকদা লেসু ডাব এরা নাকি বাঙ্গি আনারস নাম রবি
/kaggle/input/regspeech12/test/test_sylhet_0651.wav,বরার গুলা আছে বরার খুলিয়া গেছে যে সুযাগ মতা দেশের রাস্তায় রাস্তায় কত অন্যায় করছে অভিযান করছে ওটা ঠেলিয়া গেছে মানুষ আপনারা কোন সময়গুলার শিকার হইছেন মানে এরা কোন আক্রমণ করছে না আপনারা রুফে
/kaggle/input/regspeech12/test/test_narail_0149.wav,আমাকে বাড়িতে একটু ভিতরের দিকেই মানে ভিতরের দিকেই বললে বেশি ভিতরেও না ওই ছেলে ভাই আমার বরখাকুমা আছে অসুস্থ মরার পথে বুঝলে এখন এজন্যে যে বাহিরের নাতি বউ দেখবে তাই বাহিরের বিয়ে দিয়া লাগেছে উনিই পছন্দ করে মেয়ে আনতেছে গিরাম
/kaggle/input/regspeech12/test/test_tangail_0080.wav,শিউলি মারা গেছে বরুণ ধাওয়ানের ফোনে পরে বরুণ ধাওয়ান পুরা ভাঙা পড়ে পরে আবার শিউলির বাসায় যায় যায় শিউলির দেখে দেখে খেয়েছে
/kaggle/input/regspeech12/test/test_narail_0066.wav,তোরা শরেক না তাহলে শরেকে তো তুমি রাইছে তাহলে রেরা তো তো বাবা হবে বাসার সাল বাসা কত তেজি লোক ছিল বেয়াফেরা জানি সার্কিফিকেট
/kaggle/input/regspeech12/test/test_chittagong_0071.wav,তাই না ভাই এখন বারিদ্র্য গিগলাই আবেদন গরম পরিবর্তন অনাস্বর নয় বাহুল মুখে কেন আগো অনাস্বর যদি আনাস্বর মানে সরকারের ফলো মোটেল গোয়েট হইলে একজনও ডিগ্রি ছাড়া
/kaggle/input/regspeech12/test/test_rangpur_0099.wav,এর আগের বার ভালো হোসেল নেই এবার ভালো হওয়া লাগছে আগের বালাই ব্যাল্ট অফ কিনছি
/kaggle/input/regspeech12/test/test_sylhet_0342.wav,আমি যাই পরীক্ষা দেওয়ার সকালে গিয়া পরীক্ষা দিয়া মাঝখানের যে এক ঘণ্টা টাইম একটা দিকে দুইটা কলেজ থেকে একটা দৌড় দিই একটা দৌড়ে বাসা তাই আয়া ওয়াশরুমে যাই তারে হাওয়ায় খাওয়াইয়া আমি একটু পানি খাইয়া আবার দৌড়িয়া যাই এখন এক ঘণ্টার ভিতরে আবার সেন্টারে যাওয়া লাগে
/kaggle/input/regspeech12/test/test_chittagong_0004.wav,কেয়ারোস্টিনিয়ান হাইয়া এবং চিঠির জায়গা তা প্রীতি ফিরিলেই আপনার সমস্যা নয়
/kaggle/input/regspeech12/test/test_sylhet_0715.wav,তাই নিরুবিয়া হয়ে গেছে নে
/kaggle/input/regspeech12/test/test_chittagong_0033.wav,এখন গড় তাইগের গোবল এখন কিরে হারা যান লাভিব্য গোল্লায় বলিলে হনুমেক্ষী যাইত না পারে সে আয় করেছি তো কি মেয়ে দিয়েছে না ওহ ভাল্লাহ হনুমেক্ষের নাও যাইত অবাই
/kaggle/input/regspeech12/test/test_sylhet_0504.wav,বাড়ি খালি আড্ডাও করছে দুনিয়ারা এতে বৃষ্টি পায় আবার চেঞ্জ লেগের আমার মানুষ মুখ বুঝলে মানে সারাদিন জুলাই বালুয়ে তাই এখানে লাইছে তাই জুড়ে ধরিয়ে ভুলে গিয়েছে
/kaggle/input/regspeech12/test/test_sylhet_0260.wav,খালি একটা ইউনিটে এপ্লাই করতাম পারব আর ঐ ইউনিটের সর্বোচ্চ তিন শো জন নিব তিন শো জনের মাঝে আট থেকে নিব দৌড়াও তোমার একশ সাইন্স থেকে আরো একশ কমার্স থেকে আরো একশ অলাহরিয়া এখন তো আমার স্কোপটা খুবই সীমিত হয়ে গেছে
/kaggle/input/regspeech12/test/test_kishoreganj_0090.wav,কেন আছে নো চলো তুমি পাকিস্তান লোক আসলি ভিতরে মুদা হলে বোটপোট্টা না হুক না পাকিস্তানি হুক না
/kaggle/input/regspeech12/test/test_narail_0181.wav,তুমি তো দুই শো না দুই শো দেয় পাঁচশ নিয়ে আইসে ওরা তিনজনে খাবে আমি তো মাংস খাই না মারাই যে তাহার একটা চায় মাংস খেলে আমার ব্যথা আবার ওজনের মাংস পাই না কোনো পোল্ট্রিক্ট খাই না দেশমেশের একটু মাংস খাওয়া মারতে
/kaggle/input/regspeech12/test/test_rangpur_0120.wav,শাকরিকালের ডাইল খান না অ্যাংকর কি ডাইল নয় ডাইল হলেও স্বাদ লাগে না
/kaggle/input/regspeech12/test/test_chittagong_0031.wav,ওরি দিয়ে লামানো মুগলির আসান মিল কিন্তু ঐ উৎসাহের মায়ে গিয়ে আবার ঠিকঠাক গড়ায় আমি প্রত্যাশা করি
/kaggle/input/regspeech12/test/test_chittagong_0140.wav,আমার এই দেশে গুছালে কী দাগ থাকে তোমার ইন হলে না তো স্যার ম্যাজার ছাড়া পেল না জিকু
/kaggle/input/regspeech12/test/test_narail_0045.wav,হ্যালো বড় বাড়িকে বংশের লোক বুঝিস হ্যালো কিনুকি বংশের লোক সুধীরবাবুকে বংশের লোক
/kaggle/input/regspeech12/test/test_sandwip_0077.wav,রাস মাফাকু দ্রুত সার্ভিক তৈরিতে নির্বাচারের পতন মেনে নির্বাচিত দিনের সঙ্গে নির্বাচন করতেছে ব্যাপার কাম পরিশোজনকে হাতে লাগায় নেকাম আস্তে আস্তে করে কাম যাইতে করে হিমক্যাক কৈতিবার্তি নিরিক্ষে
/kaggle/input/regspeech12/test/test_sylhet_0406.wav,আমরা আজান করলে আমরা আজান করার আগে তারা শুরু হই যে নামাজ মাছ ধরতে সবুল অসুবিধা করি এরপর আজকের তিন চার দিন আগে তারা যেন অনুষ্ঠান করলেন মানে গুমায়ের জান্নাত ঘর
/kaggle/input/regspeech12/test/test_narsingdi_0027.wav, একটা রেডিকেটেড পার্সন খুব ভালো হাইপেলে ডাক পাইল এই ভেতর চেষ্টা করে যেতে হবে পরিশ্রম করত নিজেরাই প্রমাণ করতে বোঝে না আমি ভালো খেলি তাইলে তো হইল
/kaggle/input/regspeech12/test/test_narail_0004.wav,মেলা গেটে কাকা আমাকে দিয়ে গেছিল এই জমি নিকে জামেলাটা মেলা করবার নাকি আমি ভাই জামেলা আমি তো কিছু বুঝিটোঝি না আমি দেখি জায়গা জমির কি অবস্থা আছে তারপরে খাচ্ছেন খান আমি তাই করছি আর আমি বুঝি আমি তেগুলা করতিছে না করতিছে এক কাগা কাগার দিথি
/kaggle/input/regspeech12/test/test_noakhali_0001.wav,একশো আশি তারপর এই নিয়ে নব্বই বেগে দিন হ্যাঁ একশো আশি নব্বই বিশেষ অর্থ টিকেট দিবে আর আশি হার্ড মিস্টার মোট টমেটো নব্বই টাকা
/kaggle/input/regspeech12/test/test_kishoreganj_0004.wav,এই দুই রাজ্যের ছবি দিয়েছেন
/kaggle/input/regspeech12/test/test_sylhet_0760.wav,অতএব ধুলা ভাই আসলে ডুম করিয়াছি টাকা নিয়ে দিলাম তৈরি ফানি তাড়াতাড়ি ভাঙা আমরা উর্দ্র মানে শুধু কইরা ফারানা ফারানা উড়িয়ো না উড়িয়ো না তারা দুজনের সম্পর্ক থাকিতে হচ্ছি না আপনারা দুইজন
/kaggle/input/regspeech12/test/test_rangpur_0110.wav,তাকে নিয়ে নিয়ে যাইলে চট্টগ্রাম আদায় ছোট্ট ভালোই চিন আর মানুষজনও বেশি তোকে ইয়াকুচিল মা
/kaggle/input/regspeech12/test/test_kishoreganj_0015.wav,নতুন রাস্তা আছে ট্রাক দিব শর্তে আছে থাকবে না
/kaggle/input/regspeech12/test/test_barishal_0069.wav,পেলেটা আবার বাউরোতে থায় না বউ যদি না দেয় তা মরা দিমগ্রন্তরা দেখছো এত বড় তাবিসের পুল্লা মানবে এত বড় বালিশের তলে ঢুকিবে দুইটা নারী হাওয়াইবেকদের দেয়া
/kaggle/input/regspeech12/test/test_kishoreganj_0183.wav,এ যেমন মানতাম না প্রয়োজন হ্যাঁ হ্যাঁ প্রয়োগে পড়ে আগে পড়ো
/kaggle/input/regspeech12/test/test_chittagong_0155.wav,তোমার কী অবস্থা কলেজে তোলার জন্য আসছে দেখুন কলেজ পনেরো তারিখ লোকের ক্লাস নাম হব বন্ধ ওই ইনকারের পরীক্ষা চালাব দে
/kaggle/input/regspeech12/test/test_kishoreganj_0098.wav,আমার মানে করব তুমি গেলে খাইতে পারব মক্কা কি করে লাগে কি করে লাগব আজ বাসাত নিশ্চুর আরবি ভাষা করুন একজন আর তোমার ইয়াউজা জুয়ে দিচ্ছে বা কানি দিয়া মক্কার কানি দিয়া নল দিয়া তৈরিচ্ছে নল লাগানি অমনে ইয়ামার বা চালু দিবা পানি বাইরের বৈজ্যে মসজিদের মত আছে না এই সিস্টেম করা গ্যালাচ আছে গ্যালাচ হাছে গ্যালাচ দিয়া মক্কার কানি দিয়া নোল তে তৈরিচ্ছে নোল লাগানি থাকা
/kaggle/input/regspeech12/test/test_barishal_0011.wav,মাঝে মাঝে কিছু মারি পানি ব্যানাম করতে পারি কয় একান্ন রেশি হানি আমার গুলোতে অনেক বাড়ানি ছেলে প্রায় আমেরিকার বাড়ির আশেপাশে বেশ শিরবেগীন ওয়াকিলের
/kaggle/input/regspeech12/test/test_sylhet_0507.wav,রমদ এখন লিগেন কোটি হারাহীরা সময়ের সমান অধিকারের কোটি হামিক কয়েকদিন পর্যন্ত কেন ভাই তিনজন মারা গেছেন তার নিজের জন্য তার কিচ্ছু নাই আমরা বলতে পারি
/kaggle/input/regspeech12/test/test_rangpur_0043.wav,যদি একদিনের নাক জুয়েছেন বাড়ায় না তাহলে মুই কোর্টে থাকি মুই আগেছে একদম খারাপ হয়ে গেছাম মুই আর থাকতে হব নাই
/kaggle/input/regspeech12/test/test_kishoreganj_0202.wav,ভেড়ার ওষুধ করার জন্য কি ব্যবহার হয় হেয়ার ডাইস হেয়ার ডাইস ব্যবহার করে কিভাবে বায়ু প্রভাবে ব্যবহার করে অগ্নি নিবার যন্ত্রে কার্বন ডাই অক্সাইড ব্যবহার করা হয় অগ্নি নিবার মানে আগুন নিবার জন্য কি ব্যবহার করা হয় কার্বন ডাই অক্সাইড মস্ট
/kaggle/input/regspeech12/test/test_habiganj_0023.wav,এর পরে পুজো জাতি মু এর পরে গান নু গাই মু এর পরে আমরা একটু প্রার্থনা করি না এর পরে পেয়ে আমরা পাইনি দরজা তালা নেই আর যারা
/kaggle/input/regspeech12/test/test_sylhet_0077.wav,আমার স্কুল ইচ্ছা করে আমার টিচার দাম কারণ আমার যে টিচারটা পড়ায় তাহলে দিকে আমার আগ্রহ দ্বারা একটু বাড়িয়েছে প্রথমে আসল না কোন কিছু ইচ্ছা আসত না এখন গেছে আর দিকে তোমার আগ্রহ বাড়ে
/kaggle/input/regspeech12/test/test_sylhet_0686.wav,আমরা দিতাম না বাংলা ইন্ডিশিয়া বাংলা ঘরে একটি মানে আঞ্চলিক ভাষা দেখা যায় বাংলাদেশের ফেক্সট এলাকায় গিয়ে রেকর্ড করা যায় না
/kaggle/input/regspeech12/test/test_chittagong_0104.wav,আচ্ছা ঠিক আছে রাহিত হইলে বাই বাই টাটা হোটেলে ভোটাল তৈরি এখান আইস্টে আইস্টে
/kaggle/input/regspeech12/test/test_narsingdi_0012.wav,হ্যাঁ হ্যাঁ হ্যাঁ হ্যাঁ হ্যাঁ কাহিন্ডাইনি কহিলেই আস্তে আস্তে রিটায়ারমেন্ট করা লেগে ফেরেছে এক মাসের ফিরে যে একটু সম্মানের সহিত কিন্তু ও রিটায়ারমেন্টটা নিতে পারত কিন্তু ও এডি করে না তাও এখনো বিপিএল খেলতেছে
/kaggle/input/regspeech12/test/test_sylhet_0463.wav,আর পরের মনে করো পঁয়ত্রিশ দুইটা মেয়ে তাই আবার ফেবারে সিসি কাজ করছে পরের পরেও বিয়ে হয়েছে ফেবারে চলে যাচ্ছে ফোরার্সের সাথে আর পুরো ইয়াজনে হন অহংকুরে নাপি টেনও ইয়াজন আর একজন ছেলে
/kaggle/input/regspeech12/test/test_kishoreganj_0033.wav,মানে বৃষ্টি লাগে শাক সবজিও না কিন্তু মানে ধান খেয়ে সুন্দর এলুসি
/kaggle/input/regspeech12/test/test_rangpur_0128.wav,মুড়ি মুখ ক মুড়ি মা লালিয়া করি দিবে
/kaggle/input/regspeech12/test/test_tangail_0025.wav,লোকাইশা বলতে যে দামিনী পরে জোনাথান বাধ্য হয়েই করে ছাড়ার জন্য দিয়ে দেয় জোনাথান আসলে প্রথম দেখাতেই ছাড়ার প্রেমে পড়ে যায়
/kaggle/input/regspeech12/test/test_sylhet_0125.wav,স্বভাব মুদাম জ্বালা দিলে ভালো লাগছে পরিবারের মতো এই কিছু না
/kaggle/input/regspeech12/test/test_narail_0029.wav,আসাদ মিয়া আমাকে আসাদ মিয়া ওই জমিনে কি অর্ডির কিছু জানো আগে তো শুনেছিলাম তোগে তোগে তারপরে আসাদ মিয়া ক্যাম্পাইন হল কি আলো জানে আসাদ মিয়া অল্ভুত্টুক হত এন্তে সেন্টে আসাদ মা মেলা খায়
/kaggle/input/regspeech12/test/test_chittagong_0085.wav,আরে একটি কম্পিউটার মাধ্যম হত্যাবি দুর্ভাগ্যের কম্পিউটার গর্ত কম্পিউটার নাই বলতে কী রাখি কিনা ওই পিতৃক অংশের আনা জানা হচ্ছে কি ইহানা মন্ডল যে তুই পরিকাদন ফরো আমি গরিব তারে বেতু যতক্ষণ ইচ্ছা ততক্ষণ গরিব তারে বেই
/kaggle/input/regspeech12/test/test_chittagong_0050.wav,জামাইটামায় আহাজ হনে কিছু নাই আপাততায় এখন অজ্ঞাহালা মানুষ বুঝু সারিদির যে হবে না তোরা ওরে হত পারিবে হত করিবি তোরার দ্বারা সম্ভবেরই
/kaggle/input/regspeech12/test/test_rangpur_0038.wav,হাব মুড়ির খেজুর আছে বাড়িতেরাও রোজ দেখে নিচ্ছে
/kaggle/input/regspeech12/test/test_narsingdi_0134.wav,তোর চাইল্ড হুলা ছিল অবশ্যই আমি এডাল্ড নও সো আমার চাইল্ড হুলটা ছিল ফাইবে থাকতে বুঝোস
/kaggle/input/regspeech12/test/test_chittagong_0008.wav,আজ ভৈব ভৈব আমি যে তোমার বুয়ায় দিতে হ্যাতাল্লাহ তুমি আজ থাকতে তোমারও গরিব ফল বানাইব না যেই চারাল্লাহ সুন্দর করে হতাল বলি সময় কী
/kaggle/input/regspeech12/test/test_chittagong_0162.wav,অনাস্তত্ত্ব তুতুন্টি আদি পরমব্বর্বুদের চুরি এরা মরতে মনও হারাত দেন ডিগ্রি ফেলো চালায় ডিগ্রি রাইজু অনেক কিছু মনে মনোনয়ন লয় ফাল্লা ডিগ্রি তো প্রবেশী ভাই
/kaggle/input/regspeech12/test/test_narail_0054.wav,আমাকেই দেখা যাচ্ছে যে শিবুর শিব্যপুর নামে যে রোডে বনে তেরোশো সাতান্ন সাতান্ন জায়গায় বনে তেরোশো পতন জমি যেটা রাখিবে না ও যে এই শুক্রবার থেকে বাড়ির এই জায়গার কথা করছে না ওই জমির সাথে আর কি মেয়াদ সেই জমির ভাগ থেকে
/kaggle/input/regspeech12/test/test_sylhet_0426.wav,ওর নরমালটা দেওয়াত গিয়া কিন্তু ও অপারেশন করে ফেরত কাটিয়েছে
/kaggle/input/regspeech12/test/test_sylhet_0671.wav,পেনশন তো সারা জীবনে ভেবে না নেই যতদিন আসি বাসিয়া যতদিন প্রাণ আসে ততদিন বাইনি প্রাণ নাই নাই হে এর পর কিতাব মানে আপনি না তালিকাতে পেনশন বন্ধুই দিব না ছেলেরা মারা গেলে আর কেউ হইত না আমি বাদী আর কেউ না
/kaggle/input/regspeech12/test/test_sylhet_0049.wav,শর্মেও নামাতিলাও বৈন্যমন্ত্রীবাবু
/kaggle/input/regspeech12/test/test_tangail_0018.wav,বহিমানের তৈরি গান্ডা মানে জনপ্রিয়তা কারণ এই গান্ডা আসলে একজনে একেক ভাবে অনুধাবন করছে কারও সাথে কারও মিল না এইভাবে আর কি বুঝতে পারছে গান্ডার একটা অর্থ মানে কেউ এখনো একটা
/kaggle/input/regspeech12/test/test_narail_0140.wav,তাও মাসুদ্দুলা ভাই মনে আপনের বাবার সাথে কথা বলবে সেটা বলছিল পাকা পান মাত্র পাকা ক্লাসে তৈক্ষিত রোগে ফিরিয়ে নিয়ে যাবে না তো তাকেও সেনিকালে না হাত তুলে ফিরিয়ে নিয়ে যাবে না তো তাকেও সেনিকাকে আমার ভগ্নে ভর্তি দিয়ে ওঠে বিপিনে নিয়ে চলে
/kaggle/input/regspeech12/test/test_habiganj_0009.wav,তাঞ্জুজে গেছে তাঞ্জু লুক্না ফেরেশতার ফুলার সাথে ফুলাও শুটু ফুলিও শুটু
/kaggle/input/regspeech12/test/test_kishoreganj_0150.wav,কোনটি পানি দূষণের পরিবারের কারণ কি মাটির উর্বর তাহা কীটনাশক ব্যবহার কীটনাশক ওষুধ দিলে কি হবে মাটির ওষুধ দুজনক গাছের নাশক প্রতিরোধে মাটি নষ্ট হয় পরিবেশনার কোন উপায় কোনটি
/kaggle/input/regspeech12/test/test_barishal_0087.wav,এমন সময় যে বেলা উপরে গাছগালায় একটা বুলকের গি হালায় দড়ি গেছে বুলকের গি হালাইলে এই সময় সমস্যা বাদে এক্সিডিটির ব্যাপার না খৈরাও অমরাও খৈরেছি
/kaggle/input/regspeech12/test/test_narsingdi_0036.wav,সব লিরিশার দাম বাড়তি মাইকো দ্যাশেল কি জানি মুরগির টাকার ফুরা হাজার না হয়ে গেছে লিলাম সবকিছু গহনা মনে হয় আস্তে আস্তে কমতেছে নাকি ভারতে না মুরগি দশ টাকা দিয়াছি দোকানো গিয়া যেইরা দড়ি খালি বলে দাম বেশি
/kaggle/input/regspeech12/test/test_sylhet_0064.wav,পরে বসে নামাদারা তো সম্ভব না তোমারে মেডিকেলে তুমি ভর্তি হইত না তোমারে বাসাতে ইয়া দেখি দেখি যায় ডাক্তারে সাপ্তাতাহিলা ডাক্তারর কিছু দেওয়া লাগে পাঁচ হাজার আবার তোমার ঔষধ লাগে তিন হাজার আমি খুন বাড়ি চড়ালামে মাত্র বিয়াগাইয়াউর চেখা চালানো করিতেছে আমার বাড়ির নতুন দোকানও হচ্ছে
/kaggle/input/regspeech12/test/test_sylhet_0582.wav,আমি তো সেখানে সবসময় দেখি আমার তো লাগে বাইরে থেকে কার্টেন কার্টেন মানে আমরা বড়রার যে আমরা ক্ষমতা হয়ে পড়ে লাগি না
/kaggle/input/regspeech12/test/test_sylhet_0327.wav,আর এখন তাই যখন বই আনিয়া দিন তখন আমার কাছে মনের মানুষটা একটা ফেরেশতা সারাদিন কাজ করি কাজ আর আমার টায়ার্ড লাগে না যেহেতু আমি বই পাই নাই তো বই পড়িয়ে আবার গিয়া তাইনের কানের কাছে ব্যান্ডাম্যান করি জানানি আজকে সারাদিন আমি ওটা করছি হঠা করছি হঠা করছি হঠা করছি
/kaggle/input/regspeech12/test/test_tangail_0081.wav,তারপরে আবার কাজে ফিরে আসে যেহেতু সে এখন সিরিয়াস বেশি এখন আরও অনেক বেশি সিরিয়াস পুরা সে স্ট্রং ম্যানেজারের দায়িত্ব পালন করে কোনো কিছুতে এখন আর ট্রলার করে না
/kaggle/input/regspeech12/test/test_sylhet_0270.wav,ওটার পরে তো পড়া শুরু করলাম তখন তৈত্রা কিছু বুঝি না ইউনিভার্সিটির গ্রেডিং বা পয়েন্ট পড়ার জালিতা কিছু বুঝতাম না তো আমার ভাই আমার টার্গেট দিচ্ছে যে তোমারে বিপ্লাস পাওয়া লাগবে
/kaggle/input/regspeech12/test/test_sandwip_0086.wav,আরংকার দুলেগার মাথা আছে লঙ্কার গুলোর মাথা তুমি ধরে না
/kaggle/input/regspeech12/test/test_sylhet_0471.wav,মায়া ফাইরা আমরা গেলে আমরা লাগলে আমরা হরিম আমরা রাস্ত্রতা টাকা দিয়ে তো দরকার গেলে কোন বই জীবনে গাড়ি বাড়া দিয়া যাইতে নাই রিজার্ভ যাইবা বাড়ি থেকে বাইরে টেকা দিবে আবার রিজার্ভ গাড়ি বাড়াতে ঘটাই
/kaggle/input/regspeech12/test/test_sylhet_0502.wav,যোগাযোগ করেন একটু আই অভিবু ও হয়ে নাম তার মেধাই তা
/kaggle/input/regspeech12/test/test_narail_0106.wav,এখন তো দাদা আগের দিন বলতেছিল যে যদি অপারেশন করতে হয় তাহলে ব্যালট চলে যাব অপারেশন করতে কিন্তু অপারেশন আপাতত করা লাগতিছে না ওটি ভেঙে ছোট হয়ে গেছে আর আগে যেমন জ্বালা যন্ত্রণা এটি করতে না সেরকম করে না অবশ্যই
/kaggle/input/regspeech12/test/test_chittagong_0143.wav,না তাড়ানো যে তুল্লা হতাহবাইলে কেঙ্গুরি সাইজের দিক থেকে সেটা আদালতে গেছে
/kaggle/input/regspeech12/test/test_habiganj_0072.wav,মুন হসপিটালটা এখন বর্তমানে বালা তারপর লেগে ফাইয়াজ বা স্টেন তারপর ফাইয়াজের পরে লেগে আরেকটা আছে প্রেমাণ্ড প্রজেক্টে এসে যায় ফাইয়াজ একটা লেগে কিন্তু তিনি
/kaggle/input/regspeech12/test/test_sylhet_0158.wav,তোমায় সাথে স্থানে এগিয়ে গেল হামলার চেলা আমরা দুজনের ফলে লিখিত হইব মনে করো দ্বিতীয়ারী তার হাত শুনে সব মজিয়ে গেছে আপনার পরিবারে কেউ যুদ্ধ দিয়েছিল নাই
/kaggle/input/regspeech12/test/test_sylhet_0072.wav,প্রচুর মজা হয় দুর্গাপুজোর তো পাঁচ দিনের প্রথম দিন এতটা বেশি মজা হয় না সেটার ফলের দিনটাকেই মজার শেষ না পরের তিন দিন আমি তিন দিন হাইনি রামিস এরপরের চার দিন থেকে পারি না পুচকাতে হলে লাভ শেষ হয়
/kaggle/input/regspeech12/test/test_narail_0059.wav,যেটুকু কিছু নাই সেটুকু দলী লাগতিছে না বিক্রির দিতিভাত্তিছে না
/kaggle/input/regspeech12/test/test_sylhet_0237.wav,আমরা ছুটির সময় গিয়া গিয়া আন্দুল মারে তৌজাইবাহিনী অনুষ্ঠিত থাকবে আমিও করেছি কোনো সমস্যা না মানে জিনোদিন অন্য জ্ঞান করতাম পার্নু আমার একটা রুমা আর আমার ওখানে বৈগুণ থাকলে হইব আমার আর কিচ্ছু লাগত না তারা দেখছেন যে আমার আসলে করার ইচ্ছা আছে
/kaggle/input/regspeech12/test/test_habiganj_0007.wav,বিদ্যারের বেলা বোল্ডার থাকতেছে এবং সামনে চিনি কি না
/kaggle/input/regspeech12/test/test_narsingdi_0088.wav,ফরজ হয়ে পড়েছ না নকল কে রে প্রিসেন্টের চলবেলা নানাদিক কেন করি না আচ্ছা বড় হইয়া পড়ি স্যার এরা কথা কহিস না তুই বাইছা ও স্নাতিক জেলে জানাশ্নারির লেখা কথা কবি না এতে দিন সকালের শুরুয় বাবার বজার
/kaggle/input/regspeech12/test/test_sylhet_0251.wav,কিন্তুই তার সেও জব করত না আর ও সময় দিলাইকে সার্কুলার প্রাইমারি স্কুলে তখন আইসি আমরা বাড়ি তাই আহ্বায় তোমার কাগজপত্র খালি সার্টিফিকেটটা দেওয়ার একটা ছবি দেওয়াও আমরা এপ্লাই করিয়া দিব তুমি খালি পরীক্ষা সান্তা দিবায়
/kaggle/input/regspeech12/test/test_sylhet_0642.wav,মাইক যেন কি শিরিতে বলা হয়
/kaggle/input/regspeech12/test/test_chittagong_0061.wav,সিটি কলেজ সিরিজে না পারলে নাকি কমার্স কলেজ বিউটেল না না কী হলে জানি দিলেই কী যে ভাবে কিছুই বলেন নতুন রেজিস্টার না লোভী ওই হয়তো রেজিস্টার তো লেজার নাকি অন্য পলাজন মধ্যেও যে
/kaggle/input/regspeech12/test/test_noakhali_0025.wav,তার কথা যে কিছু কিছু করতে অনেক খালি বাগান্দা করব হেই হেলেকাম কিন্তু কী শিখলে হেমনে কাজে আগার নাই আনলে কি আগার এতটা ইকিলি ইকিলি কাম কাম মাগাতোলে লোক লাগব সামান লাগব সামান নাই
/kaggle/input/regspeech12/test/test_sylhet_0662.wav,যে সনাতন ধর্ম তো চাইলে দেখা যায় বেশ কয়েকটা বাড়ি আছে
/kaggle/input/regspeech12/test/test_sylhet_0596.wav,বাকি আগে দেখান আর কি সবার সাথে যোগাযোগ নাই হোক তাও বিজিস হ্যাঁ সেটা আমার লাগে না তো আমিও তো নিজেদের বিজিবিজি হইতে পারতাম না তো আই লানে তো জাগে টাইম কিন্তু এই যে আগে মানে কেনা জানে ওর নানা নয় ওঠে না
/kaggle/input/regspeech12/test/test_sylhet_0252.wav,আমার বৈনয়নী দিব তুমি তারার লোভে পরীক্ষা সন্তান দিবা আর তারার একটু সহযোগিতা করবা দেখাইবা যাতে তারার চাকরিটা হয়ে যায় তুমি তো অনেক ট্যালেন্ট নিয়ে তুমি অত্যাচার করতে হয় না কিন্তু আমরা নিশ্চয়ই উপকার হইব তুমি যদি দেও
/kaggle/input/regspeech12/test/test_sandwip_0110.wav,আমার রাজি হাই হারিয়ে পড়িন হাই হেইলে না বলি আর হাই প্রশংসিত করি আর দরকারও নাই হতে হতে আমার নিয়ে কিছু যেভাবে নেই আগে আমাদের জীবনের আগের মুক্তি তেমনি হাস্তানি করা যাচ্ছে
/kaggle/input/regspeech12/test/test_noakhali_0015.wav,বেছে বেছে দানা একা রাগীর চা একা সাপ বস্তা বড় সেটা ডিম দেশের বেছে বোলা ময়দান তোকে একবার আয় এবার আর কেমন হচ্ছে সেনার অনেক ভিড জমে না তো আমরা কুসে দেখছেন তো আয় আগামী কি
/kaggle/input/regspeech12/test/test_sylhet_0194.wav,তারপর রইল জ্ঞা পরাদ্দ হইতাম তোরা স্পষ্টান্তেই পড়তাম এখন এতদিন সদস্য আসলে পড়ালেখা হইত না
/kaggle/input/regspeech12/test/test_sylhet_0611.wav,এ দুইটা জিনিসের একটা আছে কি তা
/kaggle/input/regspeech12/test/test_sylhet_0085.wav,হতাপরি বাদে বাবা বাড়িতে পোকাতে সমস্ত আমার দেখানোর কোনো দরকার নাই তাকে আমার খুলিতে পড়তে পারে
/kaggle/input/regspeech12/test/test_sylhet_0289.wav,কী হয়েছে আমার মনে কোনো সমস্যা নাই আপনারা দেখুন দেখিয়া যদি বুঝুন যে ঠিক আছে আমার কোনো সমস্যা নাই কারণ তারার লোকে আমার পারিবারিক স্ট্যাটাস মিল আছে তারাও ফ্যামিলির অর্থনৈতিক অবস্থা আমরার মতো তারও আমরার মতো পরিশ্রম করিয়া পড়ে বা
/kaggle/input/regspeech12/test/test_sylhet_0703.wav,একটু আগে একজনের ফাইসিং মানে দেখতিয়া আমরা বা স্থানীয় তো ফলা লাগা করুন তাই না তোমার কারণে দুই বাবু এলাদের আপনি ঠিকাইয়া দিচ্ছি
/kaggle/input/regspeech12/test/test_sylhet_0696.wav,না বৈ না আপনারা টাইম মিনিমু আপনি মানে ইবারি নানি আজ এখনো কয়জন মানে সদস্য
/kaggle/input/regspeech12/test/test_chittagong_0015.wav,আলাইকুম আসালাম ওরি কেন স্বস্তি হব তোর গম হব প্রাপ্তি নেই দেখতে গম আছি গম আছে কি ভালো আছো আছি হরিবাল আছি অন্যরাহ্ন আছে দেরি অবৈজ্যিত করবিস না
/kaggle/input/regspeech12/test/test_chittagong_0159.wav,টিয়ার ফোরাল দিয়ে এখন আরা যার বান্ধবুলো কল দিয়েরে হবে কী বলে চট্টগ্রাম ইউনিভার্সিটি ইঞ্জিনিয়ার লোনের হলে টিয়ার দিয়েরে পৌঁছে যেতে হইল জেরার দশ হায়তা লাগে ঘর
/kaggle/input/regspeech12/test/test_sandwip_0007.wav,দেড় কেজিতে ট্রিকেল এক বাকাসের লাগাতা আপনার লাগে না হোক দেড় কেজিতে সামাল তেহে নিয়ে হবে এক কেজিতে এরিকেলা এক বুই দিয়ে তোলে চালে ডালে পাঁচ কেজি করে না
/kaggle/input/regspeech12/test/test_sandwip_0063.wav,ফাজারিয়ার সময় প্রাপ্ত নির্বাচনের জন্য এগুলো হবে খালি কোনে একই আত্মা লাগে যাবি বিচার হেনা তৈরিকা হারলে শিলি কোথায় হুম বাবু ফোন করছে বাবু রাত চাইছে বাবু রাত দূরে খেল নাই যাবে গুছি নামান যাবের আগে মাতার তাকে হামাতাত্মার মিন্দা বাড়ি মাতা দুশাল এবং মাতা দুন নামি দুই এল
/kaggle/input/regspeech12/test/test_sylhet_0687.wav,ষপদালিভূর আমরা আসলাম জায়গায় বাড়ি আছি তাতে বান্দির ইঞ্জিনিশন ক্যারিটা নয়া ইয়োহাটলার রেজিস্টার রেজিস্টার করছে না নেতা মুখুর যোবানেও যোবান এসে তোমার ছবি বেইমানে হুন দেয় ও এখন তো আর রেজিস্টারি হাতা না যার মালিকের হেল হাতে গেল
/kaggle/input/regspeech12/test/test_chittagong_0128.wav,কিন্তু মন্দ করে রাতের দানাও মনে তাদের ভিডিও হল
/kaggle/input/regspeech12/test/test_sylhet_0095.wav,মাসে পাঁচশ টি হাজার লাগে আরে বুকিং বাদ দিও আবার তোমার কলম খাতা ইটা তাও লাগে
/kaggle/input/regspeech12/test/test_narsingdi_0107.wav,মোরাজা ফুরে এলেছিলাম আমি এসে হেডিন ফার্স্ট টাইম আমি রান্না বাটান দিয়েছি তারপরে ডিম বাঁজি ঠিক আছে সুলাদ বেশি জাম্লা ছুটি ট্রাইপেন্ডে আসে না এর মধ্যে দিচ্ছি ওয়েট ওয়েট ওয়েট ওয়েট ফরেশে না দেখো নিসেটা
/kaggle/input/regspeech12/test/test_narail_0050.wav,মাটি তো আমি কাটি নিয়ে কাটিতে আমার রনি মেশা আমার বউমা কি হইছে তা আমার জাগান মধ্যে পড়েছে আমি করছি তোর জাগান মধ্যে পড়ে আমি তোর বাবার জন্য টাকা মাপা ফিরাই
/kaggle/input/regspeech12/test/test_habiganj_0099.wav,স্যার এত হৈসুন কক্সবাজার লইয়া যাইবে কক্সবাজার তো আমরা যাইতাম না কক্সবাজারে অত অতটি হওয়া তবে তিন দিন তাহা লাগব বাড়িত্বে গেলে না দূরত্ব দূর যাবে লেবু গুরুত্ব দূর যাওয়ান না
/kaggle/input/regspeech12/test/test_sylhet_0498.wav,পুঁথি একান্তে একান্তে চোখে ফুলেছে আর্থ স্পিফোর রামখান্দার ছোটে আমার যা আল্লাভার ও বড় শরীরের চেয়ে দিলে আমার সত্যা খাঁচা রহিয়ে যাবে
/kaggle/input/regspeech12/test/test_barishal_0015.wav,শুরু কইরা একই স্কুল ইন্সপেক্টরের মাইয়া হ্যারে কোয়ার্টার এটা হাজার বিভিন্ন থাকে আর ওনার কোয়ার্টার সুরাইটা বুঝলি সম্পদ হয়েছে এমন কালা বালাদা না পারে
/kaggle/input/regspeech12/test/test_chittagong_0089.wav,প্রত্যেক একটা এগোছিল চার চার জায়গায় এরা এক ঘণ্টা এক ঘণ্টা করে শিখে ফেলে তো কম্পিউটারের তথ্যদের ফাঁকি দেবে বলে চুপ চুপ তুলতে পালা কম্পিউটার আছে বর্ণ আচ্ছা কম্পিউটার আছে কিন্তু কম্পিউটার ইনভার বানিরে কি ওর বাসার মধ্যে বাবুই নাচত যে
/kaggle/input/regspeech12/test/test_barishal_0066.wav,আমি আমার সিরিয়াস চান নেশা যখন বিয়েশাদি করি নে রাত্তির একটা সময় কিছু মা বেতাল দি ঠেয়েছে না খেলে তো ঘুমাইতেছে না
/kaggle/input/regspeech12/test/test_kishoreganj_0167.wav,শিশির বললেন বায়ু যখন ঠান্ডা কোন বস্তুর সংস্কৃতিতে আসে তখন বায়ুতে থাকা জলীয় বাষ্প ঠান্ডা হয়ে পানিপুতা হিসেবে জমা হয়
/kaggle/input/regspeech12/test/test_narail_0091.wav,আরে আমি এমনি মজা করতেছি মানে তোমরা তো বাড়িবিটি মানুষ তো আমার কি তোর বিটা আমার অংশ মনে আছে নাই তা তো আমি চেক করে দিই না এক্ষুণ্ণ
/kaggle/input/regspeech12/test/test_chittagong_0016.wav,হরিণ হোজ ওভেন জ্বালাল শেষ নেয়ারে ওভেন হাওয়ার দানা অ্যারে দুনিয়া জ্বালারে কিনে এলে যে গরম ফলের ওভান ঘুম তোর ক্যান চাইতে না পার্টির ক্যান
/kaggle/input/regspeech12/test/test_sylhet_0253.wav,তোমার একটা হওয়া খরচ লাগত না তোমারে আমরা নিমুখ মারে আমরা আনবুখা তখন টিচার মানুষ তাই না আমি কিচ্ছু হইতে পারলাম না তাদের গর্ত থেকে আমার ভাই একজন বাড়িয়া পড়িত তাই যদিও পরীক্ষাটা দেয়ায় আপনার বইলের চাকরি ও অভ্যানা ওর তাই নিজের আর তাই যদি চাকরির এখানটা ঐ যা তাই না সামনে আগাইতে পারত না ওগুলো তাই লাস্ট টার্গেট লাস্ট বর্ডারের জীবন
/kaggle/input/regspeech12/test/test_sylhet_0091.wav,ভামহাজ নেওয়া হউক কিছু সাধারণে যাই মুদ্রা গাছ ফসল থাকবার পাত করি সাতবার থাকবে দেওয়া হয় রাত্রি বিষ সেগুন এটা সাফলী করে যায় দুতলার গড় আস্ত থেকে সবকিছু ভাবে কড়াকড়ের জায়গায় এবার শিলতালা
/kaggle/input/regspeech12/test/test_rangpur_0052.wav,মিয়াদ্দা লাগনা নিয়মায় সুযোগ থাকে আগে কেমন ইনকাম আসলে আগে কেমন হাতে টেকা আছে আগে তোমার জিনিসপাতির দামও কম আছে এখন ভুলে করো টেকালা শাহিনের মাও ফিরোজের বউ ওই ফিরোজের বেটিও ফিরোজো
/kaggle/input/regspeech12/test/test_sylhet_0387.wav,মাড়ু তো ডাইনে বমি যাওয়া লাগছে না রে ইমনে গিয়া এমনি করছি দাঁড়াই বাইরে আছেন আমরা দেখি আমাকে নিয়ে যাওয়ার কথা জানি
/kaggle/input/regspeech12/test/test_chittagong_0027.wav,এটি মগ্য প্রতিহ্নের হৃণ্যের গরিব পবিত্র বলে বিয়ে দিয়ে ফেলে বা হরি
/kaggle/input/regspeech12/test/test_kishoreganj_0013.wav,নামাত মানে এই যে কি কুসুর্দের মানে ফসলও না যে হৈমালিক যা আছে আমারটা দিচ্ছি আমরা কিছু নিচ্ছি
/kaggle/input/regspeech12/test/test_tangail_0122.wav,তো দুই তিন লাখে কি হবে কিন্তু তারা ওঠার চেষ্টা করতেছে তারা হল খাটিয়া বিছায়ায় সবাই দোকান খুলছে ব্যবসা করা শুরু করছে ময়লা কাপড়গুলো সরায় তো এটাও একটা ভালো উদ্যোগ কিন্তু তাদের আসলে অনেক বেশি লস হয়ে গেছে
/kaggle/input/regspeech12/test/test_sylhet_0174.wav,এরিয়াটা অনেক বেশি নিরিবিল না না এরিকেটে মাঠ মনে হয় এটা মাঠের জীবন স্কুলের মাঠ নিয়ে আয় যা তো কলেজ অন্যায় ভুতবে তুমি দিব কলেজ হাতেমালি উচ্ছে দিতেন
/kaggle/input/regspeech12/test/test_sylhet_0572.wav,আর কী লাভেরা হইয়া পড়িবে আয় খাবাই দিলে যেতেন কোনো কাজ হইব না এলে সমস্যা যাইতে নেই অনেক পুজো পাবে নাই পরে তো অলৌকিত হয়েছেন প্রয়োগেই তো সাউন্ড বেশি
/kaggle/input/regspeech12/test/test_rangpur_0008.wav,কে তোমরা হাসিন ভেব আমার হাস নাই গরু গরু বেটা
/kaggle/input/regspeech12/test/test_sylhet_0452.wav,বেশির ভার মনে করা ভাষা থাকি না পণ্যবিশ্চিতিতে আবার মনেছে নিজাম গিয়াও এক সপ্তাহ হইছে না বা সাথে খালিকা আমি আমার জামাইয়েরা হইলাম যেও আমারে পনের শো টাকা দিলাম একটু বাড়ি যাই যে ঘিরে বলে এত মীরভাবে আইসাফার এক শো টাকা এখন জমা যাইত না যাওয়াও দিতে
/kaggle/input/regspeech12/test/test_sylhet_0701.wav,এখানেই থাকি নাইলে এখানেই থাকি হারুয়ে মাত্রি আপনি কি তখন রয়েন
/kaggle/input/regspeech12/test/test_narail_0060.wav,কী বলছ সেটুক সেটুক বিক্রি দিতে পারতেছে না আমি তো এই ভাই ল্যাভেরা উঠতিছে চাকরিতে ওয়ার তারপরে পয়সা কুড়ি হলে তারপরে যেসব বুঝবেনি সেই সময় আদেশ কিনে
/kaggle/input/regspeech12/test/test_sandwip_0121.wav,কৈলাম না না রেখুবারই বেশি খাইতে চাইলে অল্প লাগে অতিরিক্ত বেশে এবং অ্যানাথিনিক ব্যাজারে নাতেরের ব্যাপারে হিতে আরেকটা দুর্বল আছে হিতে মাইয়া হউ এক ক্যারে মাইনি ও আঙ্গো
/kaggle/input/regspeech12/test/test_sandwip_0073.wav,কাজ করি গেলে ফিরিয়ে দিব আগের এক ক্যারান্ট অপছন্দ করে বিরক্ত হইতেই বিদেশের মেয়ে রইল
/kaggle/input/regspeech12/test/test_kishoreganj_0092.wav,কি কো পাকিস্তানি ভাষা দেখি পাকিস্তানি ভাষা কোন সুদের ভাষা কোন হিন্দি ভাষা কোন হিন্দি তুম্ক নাম কিয়া তুম্ক নাম কেয়ে মুস কহে তুমি কি কি করো তুম্ক নাম কিয়া
/kaggle/input/regspeech12/test/test_narail_0002.wav,বাগানে বাজার ফুলেশ্বর নিরিপান বাজার আর ঐ জাতটা কি নাম যেন ফুলেশ্বরের বাইর বেটা উচিত
/kaggle/input/regspeech12/test/test_kishoreganj_0099.wav,হেদু গাছ কি মুন না অন্য কালা
/kaggle/input/regspeech12/test/test_narsingdi_0092.wav,রেড বোর্ড অনুষ্ঠান বাড়া দিলাম বিভাগের বাড়িতে আসবে আমি দেখি না বাবার ই আছে মাইক আছে ঠিক আছে তো আমরা সাউন্ড বক্সের তো গুলি আসি তুই বাড়িটা হাত আনবি তাকুয়া
/kaggle/input/regspeech12/test/test_sandwip_0097.wav,আমি সিলজি লোকাল গেলে আমরা তিরিশ নিয়ে দিই আয় আর আমি আঙ্গুরিস্তান লাকিয়ে দিছি হ্যারিস্তান তো যান সমস্যা কি
/kaggle/input/regspeech12/test/test_sylhet_0330.wav,আমি বলতাম বর্মণ ও হাজার শিবারী চাকরি করতাম বর্মণ ও ইংলিশ মিডিয়াম বিভিন্ন স্কুলও চাকরি করলে তো আমার খরচটা আমি বেয়ার করতে পারবো আর আমার তো যে ইউনিভার্সিটিতে যাওয়ার পর থেকেও সেল ডিফেন্ডেন্স হওয়ার টেন্ডেন্সি নিজে নিজে খরচ করিয়া ইউজ্ট
/kaggle/input/regspeech12/test/test_kishoreganj_0063.wav,ছোলটার নাম না না ঘাপ আছে ইঃ ফুলাভান এই দৌড়ে কেলাইরা
/kaggle/input/regspeech12/test/test_sylhet_0295.wav,আমার ফ্রেন্ড যেটা তাইরাও বিয়াভিকে স্থেতায় জামাই তালিত আছে তাই গিয়া বড় বড় রিং দেখে আর আমি গিয়া ছোট ছোট রিং দেখি তুই তার কিটা দেখস তুই একটা বালা দেখিয়া দেখস না কেন তার ছোট ছোট রিং দেখস কি তখন আমার মাঝে কাজ করে যা আমি যদি একটা বড় রিং তখন চুজ করি আর এটার যদি পেমেন্ট করতে পারেন না তাইনা একটা স্মরণ পাইবা
/kaggle/input/regspeech12/test/test_sylhet_0200.wav,কেউ দাঁড়াইতাম কেউ বইত ওলা বইয়া দাঁড়াইয়া কোন রকম ফোড়া আর যখন দেখছি যে না টেবিলে দাঁড়াইয়া পড়তে পড়তে পাউরুবেদনামী দিত তখন আমরা টেবিলের তুলে বইতাম মায়া হরি আম্মায়া হইতে আচ্ছা পরালন্ত নাহ ঘুমাইত
/kaggle/input/regspeech12/test/test_sylhet_0496.wav,যেমন বাদ্যমন্ত্রী দর্জাও বলিয়া দিতাম পারি না সব মানুষ অস্পিটের রয়েছে দৌড়িয়ে সিকোর জেলায় এখন তাই এখন আমার ফাঁস বন্ধু নাকি তা হওয়া বাথরুমায় এমন খারাপ ছুটছে আমার লাগছে সবকিছু খুলিয়া মারার চেপার চাপার জায়গা ও মানুষের রিয়াক্ষরিয়া চাইয়া আমি এদিকে স্থায়ী নামানা দেখাম না বয়োর জেলা রে বাবা হালিটা যে এটা আসলে পড়েছে আমি দিয়াছি অনামী একবার সেই এতেছে আমার তো বিয়ে গুছিনের দোরা চিন্তা তোরা নাই বিয়াগ তোরা না নাই বিয়াগ তোরোর ভাই দুর করেছেছেই
/kaggle/input/regspeech12/test/test_sandwip_0039.wav,আর গা মাস গেল গেছি এ কুটি এর মধ্যে আর ঘণ্টা জমিতে লাগবে কি মেজি গেছি নাম কোনো রকম আরো কুঙ্গ হুঙ্গ আছে ইয়াকেনকোউ ইয়াকেনকো কোনো রকম মাছি যে কি মেশিন খৈতিরের আমার
/kaggle/input/regspeech12/test/test_barishal_0048.wav,আচ্ছা আপনারা একটা কথা কই দিদি আমরাই একটা জিনিস বোঝে কোনো মানুষ কি চাই যে গৌর একটা ধন্য মানুষের দ্বারা খুব আমরা কি অসাধুজন লোক এরপর কওয়া লাগে কেন দুঃখের চোটে কওয়া লাগে এই কামগুলো করে মানুষে
/kaggle/input/regspeech12/test/test_barishal_0007.wav,আমার মতো দিনমজুরি রিকশালারা ভ্যান্ডালরা বদলা কমলারা জীবনে মা বাপ ফালাইবেন আজ্ঞে যদি মাহেও হৈদিস নে পানি পরিষ্কার করে তম হালাইদেন আর এই যতই দুই একটা বড় ধরণের ঘটনা দেহে বড়লোকের ভিতরে হয় মান সম্মান তো একটি সেবা যে মা বাপ পরিচয় এদের তারে না
/kaggle/input/regspeech12/test/test_tangail_0036.wav,কোনো একটা মানে হিস্টোরিটেকাল ছবিও পরে দেখলাম যে না যদি আমি অনেক পরে দেখছি এই ছবিটা অসম্ভব একটা সুন্দর ছবি যদি এটা যারা প্রথম ছবি দেওয়া শুরু করছে তাদের পক্ষেটা
/kaggle/input/regspeech12/test/test_narail_0079.wav,আমার ফোন সব অবস্থা ভালো না তুই কথা বলতে এসে সবার বুন্দি রাগারাগি করবে না তো বুন্দি রাগারাগি করবে
/kaggle/input/regspeech12/test/test_sylhet_0131.wav,এই ধারায় তা একটা বাইক দুই ডুয়েক সুইডার কাপড় কিনে দিয়ে আর আমি তার বাসাত কাম করতাম কাজ
/kaggle/input/regspeech12/test/test_kishoreganj_0083.wav, আমরা দেখাচ্ছি আমরা বেড়াই করি নারটা এলাকায় কে চাইতাল না কে কেন লাগে নাড়তে গেলে রাইলে এক ঘণ্টা
/kaggle/input/regspeech12/test/test_sylhet_0344.wav,তখন আমি কহিলাম যে এখন তো চাকরি করতে সমস্যা নাই বাচ্চা ইচ্ছে দুনিয়া আর মাটামুটি ডিসিআর সার্টিক তো এখন ছুটকিবাড়কি চাকরি করি দেন তা তাই কহিল এখন তুমি করতে আমারও সমস্যা নাই
/kaggle/input/regspeech12/test/test_noakhali_0009.wav,মাগো ছাশো টাকার বাজার সদা আকারে কিনছে আমি আমি কিছু জানি না কি এগো
/kaggle/input/regspeech12/test/test_sandwip_0130.wav,আর একদম অ্যাম্বুইয়ের হলেম না যদি আইনের ফ্যাসার দিতে মের্খো আঙ্গুলি হওয়ার লক্ষ্য কোথায় গেছে আর কিয়ে তো যদি কইতে যে তুই এত বা ইয়ে করা লাগব
/kaggle/input/regspeech12/test/test_sylhet_0727.wav,বিয়ার দিন তা না কিছু হয় না মানে রুজা না দুই দিন ধরে আমরা রাত্রে তা বাদ পাবা যাই না
/kaggle/input/regspeech12/test/test_sylhet_0675.wav,আন্টি আয়ুন এদিকে আয়ুন আচ্ছা তো এখন বের অবস্থা হইল আর মানে পড়ালেখা আপনার জিজ্ঞাপনকে প্রথম মাস্টার করেছে
/kaggle/input/regspeech12/test/test_sylhet_0499.wav,যাওয়া আসাও এরপর আমি যাই প্রতি শুক্রবারে তো সকালে ফোন দিছে নাই ওগোবাসাত কিনে গেলে তোমার সব প্রতি শুক্রবারে আমার ননহরী বাণীজামারি বাইন বড় জোনাকিলামে ননহরী হই আর জামার ছোট জেরাকারে নোনন হয়ে কিল ওরকম সব দলই বা আমরা সব জাল ওল আছে আমার বড় জালা বাড়ো তাই নৌবাসা করে থাকা
/kaggle/input/regspeech12/test/test_sylhet_0080.wav,তোমরা গান গান করো না
/kaggle/input/regspeech12/test/test_kishoreganj_0116.wav,কোনটির জন্য পানীয় উদ্ভিদের উপর নির্ভরশীল খাদ্য কোনটির জন্য পানীয় উদ্ভিদের উপর নির্ভরশীল খাদ্য কোনটির জন্য পানীয় উদ্ভিদের উপর নির্ভরশীল খাদ্য নিচের কোনটি সর্বিক খাদ্য শৃঙ্খল সাইটেমিকোল গাছ ফরি গাছ সাপ ব্যাঙ্ক
/kaggle/input/regspeech12/test/test_tangail_0037.wav,বুঝা একটু কঠিন হইতে পারে ছবির একটু লম্বা স্লো মনে হইতে পারে কিন্তু ছবির ভিজুয়াল থিম সব সুন্দর ছবির দেখা ভালো লাগে পুরা লাস্টের দিকে যায় আপনি এটার কীটা বুঝবেন মর্মরা বুঝবেন
/kaggle/input/regspeech12/test/test_sylhet_0183.wav,আচ্ছা তো আপনারা অনেক সময় নষ্ট করলাম কিছু মনে করেন না ছিঁড়ে দিতে থাকা
/kaggle/input/regspeech12/test/test_sandwip_0114.wav,কমা শহরে একদিন স্কুলে এসে বেতন পাটন দিবালায় মনঃপ্রথম স্বামী করিতে স্বামীনা দ্বিতীয় স্বামী করিতে স্বামী মৌমা সাজে এতে তো কোনো দিক নাই দুধের মাঝে কিছু কোনো উপস্থিতি নেই ফারেজি গেলে অবস্থা কোয়ান এমন আমি তো দেখি যে উদ্ধি
/kaggle/input/regspeech12/test/test_tangail_0015.wav,এইডসে আক্রান্ত হয়ে যায় পরে একদিন মেরির সাথে দেখা হয় মেরি পরে ওর বোঝায় সব মানে মেরি ওর সাথে অনেক কথা হয় পরে ও নিজের চেঞ্জ করে ফেলাব বলে সিদ্ধান্ত নেয় পরে আবার যায় কুইন ব্যান্ডসের সব সদস্যদের সাথে কথা ট্রাথা কহে
/kaggle/input/regspeech12/test/test_chittagong_0073.wav,প্রতিটি আসিল তারপর আরও আমরা পরিচিত এনকে আর মামাতো বোন আর হৃদুচারী তারা পর্যন্ত হল ডিজিটাল বোর্ড ধারা কিন্তু সোয়ালের টিয়াকেরা বেশি লোক বেসরকারি তরী অনাকুল্লো ফেলাইব কিন্তু টিয়া না হত সরকারি তোটি আলোব বলে
/kaggle/input/regspeech12/test/test_comilla_0020.wav,তাহলে বিষয়টার মধ্যে কিন্তু অনেক ইয়া ছিল আবার কায়েন্টের তার একটা আমরা যখন যাই পরে আর কায়েন্টের তার দেখি নাই কায়েন্টের তারটা ছিড়া সবাই ধারণা করতিছে যে দোলনার যে অ্যালুমিনিয়ামের যে ইয়াগুলা থাকে না সম্ভবত এই দোলনার রশিটাতে কায়েন্টার তারটা ছিড়া পড়ছে এরকম মানে এটা ধারণা করতিছে
/kaggle/input/regspeech12/test/test_kishoreganj_0074.wav,তাহলে তাদের নেতা আমি যাতাম না তুমি ভাই একটা লোক গেলা তুমি ভাই একটা নেগেলা
/kaggle/input/regspeech12/test/test_sylhet_0759.wav,ফারানা হয়েছে মানে ফানির চিটা পড়লে একই মহান নিয়ম আমরা তো ফানির চিটা উড রামও জাইরাম পায়খুত মানে
/kaggle/input/regspeech12/test/test_habiganj_0065.wav,ওই সিক সেভেন এইটো তাকে আগে হালি তুকায় তুকায় বাই করতাম আনন্দ পান করে বাংলা ইতা ইতা কুন বইয়ের মেঝে গল্প আছে যাতো তুকায় তুকায় সব পরিচিত আর এমনেও ফরি গল্পের বই আর ওখান্ত মোবাইল আইসিফোর্ট থিকা মোবাইল ই মাইটে কত গল্প দেয় মোবাইলের গল্প ভাল লাগে পড়ি কয়দিন আগে আমরা পরীক্ষার আগে মোবাইলের গল্প এমন নিশা হইছি
/kaggle/input/regspeech12/test/test_sylhet_0639.wav,চিতা করতে ভালো লাগে বেশি
/kaggle/input/regspeech12/test/test_sylhet_0244.wav,এর আগে কহিলেন আমি তো এসেছি তে যেহেতু জেলার মধ্যে ফার্স্ট হইছি তো বার্ড স্কলারশিপ পাইছি বার্ড স্কলারশিপের কারণে আমি ইন্টার পর্যন্ত ফ্রি ফ্রিও করিলেছি অম্মত
/kaggle/input/regspeech12/test/test_sandwip_0080.wav,কাটেলে কাটেলে কাটেলে কাটেলে কবু
/kaggle/input/regspeech12/test/test_kishoreganj_0069.wav,না আমি সাউকে হয় না নিভে যাবে না রাজা হল ভাই
/kaggle/input/regspeech12/test/test_sandwip_0035.wav,কি রেঞ্জানের জানেরা
/kaggle/input/regspeech12/test/test_sandwip_0048.wav,বুড়া উনার মাথা আর রাহুত সরস্য নিশ ও নাহুলি যে লাগিত কী
/kaggle/input/regspeech12/test/test_chittagong_0137.wav,কিছু হয়ে গেলেই আনো আরাহদ্ধের শিবাতের হাতে নাকি আরাহুন বাসুদ তুলি দিত নেই আয় বলে বাসুদ ঘুরিয়ে রেহালেহা নামে যেত মায়ান্দ্র কিছু আগাম আত্মা তো চিনি নিই আয়নাফো হাইলেতগুলো না ফাটি মাইনা ফারাহার পদ্দিতে দেন ঢোল দি
/kaggle/input/regspeech12/test/test_sylhet_0069.wav,তাই আপনারা ধর্মীয় আচার অনুষ্ঠান লইয়া যদি কিছু করেন পূজা পার্বণ লইয়া বা কী দাকুর কি কোন পূজা কৃতাও হয় সেটা সত্যি বুঝাতে গেলে আমরা বিদ্যার
/kaggle/input/regspeech12/test/test_kishoreganj_0148.wav,হর্ন বাধাইলে হ্যাঁ উচ্চ সেরে গান বাজিয়ে এবং লাইট স্পিকার এবং মাইক বাজিয়ে মানুষ শব্দ দূষণ করছে মানুষের মানসিক ও সাহায্যিক সমস্যা সৃষ্টি করে
/kaggle/input/regspeech12/test/test_kishoreganj_0009.wav,বহু জায়গা আছে দুই একর গোল্ডারের বানাইতো
/kaggle/input/regspeech12/test/test_sylhet_0083.wav,এটা হচ্ছে বাসালির মূলত আমি শেষ করিনি হেষ যে মশা একটু তোমরা বাসায় ইসাইডে নেই না বাসায় না একটু হাঁটতে হাঁটতে মাতি
/kaggle/input/regspeech12/test/test_sylhet_0570.wav,দুর্বলতা নয় স্যালাইন টেলেন্টাসেল ভিটামিনের মারা নিয়ে ডাক্তারের কাছে নিচ্ছে বা স্বারুচ্ছেন্দ্র কনস্টেমিটার ওষুধ ছিল আর যেও হাউমাকার গুড়া এনে নেই আর আন্দারে প্রাণ অশ্রুজীব আছে কিশোরে সুস্থ থাকলে আজ তার খেয়ালাল করেন না
/kaggle/input/regspeech12/test/test_tangail_0076.wav,ওই শিউলির যে বেড মানে বানিতার যে বেড নায়িকার যে বেড ঐ বেডের পাশে রাইখা আছে পরে এই ফুল ওর তো আর পছন্দ আছিল আগে থেকে এই ফুলের বাসনা তো মানে কথা না বলতে পারলে অনেক সময় সেন্স কাজ করে ঐ তৈরি সময়ে এই সেন্সটা মানে
/kaggle/input/regspeech12/test/test_sylhet_0669.wav,আপনি এমনের হাউস আইসি আমার ছোটবেলা বিয়ে হয়েছে তের বছরের বিয়ে হয়েছে
/kaggle/input/regspeech12/test/test_kishoreganj_0173.wav,নিরাপদ পানি পুকুরের পানি নিরাপদ না অনিরাপদ পুকুরের পানি নিরাপদ যে একটা লাকা দাম ছিল অনিরাপদ
/kaggle/input/regspeech12/test/test_sylhet_0741.wav,তার মানুষের জিনে মানুষ কর সম্পূর্ণভাবে তারা নিকানালগি সম্পর্ক সেয়েছিল
/kaggle/input/regspeech12/test/test_sylhet_0433.wav,তুই এলাচেন না হয়তো যদি হারা হই যে রে বাবা তা আমি একটু পরেও গিয়া খাই পরে একটু ফলে শিলাই অন্য ম্যাডামরা পছন্দ বিশিল এটা ধর্ম একটা হালকা ইস্তার বলি এই মুখে নিয়ারিতা কইরা না পরে আমি হইছি ভাষান্তি আপনি গিয়া ইস্তার করিলেন বাবা বাবা বাজার সালাওয়াত মাল বাজার হান বা ইয়ার হরেন প্রাণ মুছিয়েছে দেয়া কইরা বাবা তবে হান না করিয়ে না তুমি বালা হইবে
/kaggle/input/regspeech12/test/test_sylhet_0737.wav,অগ্নিসাক্ষী লাগছে আপনারা
/kaggle/input/regspeech12/test/test_kishoreganj_0068.wav,মুছে মামার দুইটা সাউ ভাইসি কে বাতাল নিয়ে সাফাইছ
/kaggle/input/regspeech12/test/test_sylhet_0346.wav,ও বিসিএসের নিয়াগের আগ পর্যন্ত আর দশ মাস যখন তখন বাড়ি বা পরীক্ষা দিছি দিয়া বিসিএস হইল চাকরি হইল হইয়া
/kaggle/input/regspeech12/test/test_sylhet_0162.wav,গাতো গাতো গর্ত রাখে চাই করিয়া প্রণালী হত্যাদের হামাদারি যাতাইয়া বৌ সবাই বাচ্চার জামাই তুলিবুন
/kaggle/input/regspeech12/test/test_kishoreganj_0189.wav,ব্লুতনির্নালি থেকে তুমি
/kaggle/input/regspeech12/test/test_sylhet_0540.wav,কোন সমাধান আমরা এলাপিক নিচ দেই না তাহলে আলাদা একটা গ্যাস ফিল্ডার পিকিং করে সবার উপর লাস্কে তিন চাষের মাঝে খানি ব্যানিস্টারকে সকালে ধর
/kaggle/input/regspeech12/test/test_narail_0108.wav,আর আছে শুধু ফ্যাট টিস্যুটা ওটার এখনো কোনো পরিবর্তন হয়নি ফ্যাট টিস্যুটা ওটা দেখি এবার যে আবার দেখাতে হবে কী হয় না হয়
/kaggle/input/regspeech12/test/test_kishoreganj_0058.wav,রেই যে ইলাহিলার জীবন প্রক্রিয়া দিবা নিন্দুকা হেক্লাবা ক্যাটার না তুমি যে চাও হেক্লাবা ক্যাটার কলা ফুকে চাও বলে আছে
/kaggle/input/regspeech12/test/test_kishoreganj_0080.wav,দুই দিন আছে বেছে না খায়ালা এ হাতে খায়ালা দেদা হাতে ফাঁপ হাতে স্কার বেশ ছিল না বিছানা
/kaggle/input/regspeech12/test/test_rangpur_0064.wav,সে আপনার বিয়ে করছে আপনার বিয়ে করছে ফির মোড়ে হইলেই আহ্বান মোড়ে যেটা দোকানের বিয়ে নাই তারা নন্দক বিয়ে দাও ওই যে আমার বাহ্য আছে
/kaggle/input/regspeech12/test/test_sylhet_0497.wav,ান্ডে বাবা এটা কীভাবে আসল তুমি কি টানছ বাথরুমে যাইয়া তুমি কি চাপ দিস তুমি কোন ব্যথা লাগিয়া নিয়ে গেছিলে ফারিমিডিয়া অডিআই আছে এবং আর বার মাতা জিকু কিলে আইসি আমি তো জানি না আমার কৈচিত আইন আমার একটু দড়ি ও গাইছে লাগার হন মানে ও মনে হচ্ছে তারা টানছে উনাকে ডিলগিচার ওলান যেন বইছে উঠিয়া আর এগুচ্ছে আস্থায় ফিরতে গেছে সম্ভবত শিলে মানে ফোসিয়া সিট ছুটিয়া গেছে
/kaggle/input/regspeech12/test/test_sylhet_0188.wav,অন্য আব্বা মা আমরা আট ভাই আমি সেগুলো নয়জন আমি যখন ক্লাস ওয়ানও করি তখনও আমার বড় ভাই বিয়া হইতে তারপর থেকে বড় ভাই বড় ভাবি
/kaggle/input/regspeech12/test/test_rangpur_0025.wav,আমরা গুরুভাবে সবাই গেছি তাও যাই আমার বউ আগে যে এই বাড়ির মানুষ এই যে নীলিপুর গরো পুষ্কর সর্বপ্রথম ফতাহ কেন এই যে তোমার নামে নবু তোমার নানার কাছে
/kaggle/input/regspeech12/test/test_sylhet_0612.wav,আব্বা জানেন মিলার ওসমান গোসল মানের কোভে কোভে আইন আনে যায় সাকিব বরুদ্দ আর জান্নাও বাদ
/kaggle/input/regspeech12/test/test_habiganj_0051.wav,আমরা ধর্মীয় বৈঠকে আছি এটা করি পার্থনার্থনা করি গানুন গাই গাইয়াতে
/kaggle/input/regspeech12/test/test_sylhet_0648.wav,দেশের মতা এমন দেশটি কোথাও আছে বোকা থাকাও পাখিরাকে নির্দহী জলে গাছে নির্দহী জলে গাছে আমাদেশের মতাও না মনে দেশটি কোথাও আছে তো এলে কোয়েল কুটুমে পাখি বনে বাজারে যায়
/kaggle/input/regspeech12/test/test_comilla_0011.wav,হয়তো এই দুলনার কাছ থেকে ওদের রিয়ার্সাল রুমের দূরত্ব হয়তো তিন চার মিনিট হবে ওখানে যাওয়ার পর স্যার যখন বলছে যে রিয়ার্সাল হবে না তো তখন আবার ফিরা আবার দুলনার কাছে আসছি আয়েশা দেখে যে ওর বান্ধবী যে নুসাইবা সে দুলনার মধ্যে একদম অদ্ভুতভাবে বৈশাখ আছে
/kaggle/input/regspeech12/test/test_sylhet_0107.wav,সাত হাজার টি হাত দিত সাত হাজার টি হাইলেট হুসল্য নেই মাইকেই খুলছি আমরা হুসল্য করা না হতে যাব না
/kaggle/input/regspeech12/test/test_tangail_0069.wav,মানে জানে তখন ওই যায় হাসপাতালে আর ওরা দুজনকে পছন্দ করত মানে কিন্তু বরুণ ধাওয়ার মতো সিরিয়াস ছিল না আর মেয়েটাও মানে যে নায়িকা অরা কেউ মানে দুজনে কেউ কারো বলে নাই বরুণ ধাওয়ার সিরিয়াস ছিল না মেয়ে দাওয়াও
/kaggle/input/regspeech12/test/test_tangail_0063.wav,আর বরুন্দা ওরা বানিতা দুজনে এসে হোটেল ম্যানেজমেন্ট আর ট্যুরিজমের মানে স্টুডেন্ট মানে ওরা কি হোটেলে এখন আর জপ করে সম্ভবত মুম্বাইর কোনো একটা ফাইভ স্টার হোটেল ম্যানেজমেন্টের কাজ করে
/kaggle/input/regspeech12/test/test_sylhet_0761.wav,আমি নামে মাসিকের লীগ বৈন্দিক যেটার গরুর বৈন্দিক বৈন্দিক বলতে তাকে দাদুর মেয়ে তোমার খালা না না নিজের বিধবা এবার না আমার তাই হালা
/kaggle/input/regspeech12/test/test_sylhet_0402.wav,সায়েন্ট বস্বরে সায়েন্ট জন মানে ঠিকঠাক ফুরা তাহা ওই বাসন্দার মারা যায় ওর সমস্যা এখন আর যেও ডাক্তারি দেখাইয়া জাগায় জাগায় উপায় তাকাইয়ালাম না সকালেই এটা বিমান দিয়া ডাকাত আবার বিকালে এইটাম ও রংপুর ছালাহিরা হাসিয়ার খুবই বাচ্চা থেকেই তামার
/kaggle/input/regspeech12/test/test_kishoreganj_0091.wav,লুডিকা হুন্ড আছে না বালা বালা হুন্ড আওয়াজ করছে
/kaggle/input/regspeech12/test/test_sandwip_0094.wav,এই ব্যাসিক যেভাবে ব্যাসিক বাড়িয়ে বুঝি বা আপনি ব্যাসিক নিচ্ছেন
/kaggle/input/regspeech12/test/test_sylhet_0436.wav,আমি বলতে পারি না ভুল করলে তো আল্লাহ আমার বুঝিয়া দিতাজে ও ভুলটা তুমি ঘোরায় আবার এবার যে আমি ভুল কি তা হার আমি বুঝতাম পারি আমি না আমি নিজের মুখেই বেশি করার জন্য মনে হয় আমি কোন ভুল করাম আল্লাহ বুঝি সম্ভবত ওরূপভাবে সরে যাবা বাবা হয়ে যান এখন
/kaggle/input/regspeech12/test/test_narail_0134.wav,তোমরা দুজনক হলে ইন্ডিয়া বা ইংরেজের সংসার করতে পারতাও দুই ভাই বলেছিস নে তুই যেরকম বাড়িতে আর মারেতে আর কোন জায়গায় যাতে পারবি নাই
/kaggle/input/regspeech12/test/test_narail_0094.wav,আমি যদি মনে করছাম তাহলে তোর সাথে কথা বলতাম না বদমায় শিফানা কথা করছে আমি কিন্তু এরমি কথা খালি মানে যে তুমি জানো ভালো করে একসময় তোর সাথে আমার যে পরিমাণে কথা হয়েছে তা কারণ তার সাথে দল
/kaggle/input/regspeech12/test/test_narsingdi_0055.wav,আমাদের জানি কী হয়েছে চা শেষের জায়গা খালি তুই দাও মশার ইমুন ভাবে মারো জিমুন ইয়া স্পোর্টস ট্যাকারের মানে হয় না তুমি খেলা দুলাই করেছ
/kaggle/input/regspeech12/test/test_sylhet_0425.wav,অরুহ্য আছে পরে যাক লন্ডন থাকি ম্যাডামের জন্য তারা পরিচিত তারা গুইন তারার গুনতাকি ডাক্তার ম্যানেজ করছেন তাইন আবার দেখাতে গিয়া বল মাঝে মাঝে আইন বাংলাদেশ আইনে পড়ে তাই না প্রয়াজন আছে আমার কাছে লইয়া গিয়া পড়ে আমার লেগে ম্যাডামে মারছেন ফোনও মারছেন ভিডিও কল দিয়ে আমাকে দিয়েছেন মারছেন
/kaggle/input/regspeech12/test/test_chittagong_0111.wav,নাইমুর আইডি বলছে আর্টার্ন গোর্ডের নতুন ব্লক মার্জেনিং হয়ে আতাড়াতাড়ি ফিরিয়ে মেসেস্টের সাথে জিজ্ঞেস করুন বাসের সম্মুখী
/kaggle/input/regspeech12/test/test_narail_0084.wav,বুঝিনি আপনি কি বাসায় এসে নেন মানে বলুক পুরা এসে নেন আর সেটা এক সাহিত্যের ভিত্তি অঙ্কুশ করে অঙ্কুশ করার মা ওর বাবার কাছে রয়েছে
/kaggle/input/regspeech12/test/test_sylhet_0021.wav,তারপরে প্রথম দিন পূজার দিন আমরা যেদিনই তিন দিন পূজার সপ্তাহের স্থিতির দিন আমরা না খেয়ে মার কাছ থেকে অঞ্জলি প্রদান পূজা ঠাকুরে করবে
/kaggle/input/regspeech12/test/test_tangail_0028.wav,তুমি আমার সোলমেট ডেসটিনি তুমি আমার ভাগ্যেই লেখা ছিলাম তারপরে এরকম হয় পরে আবার জোনাথন আর সারা দুইজন দুইটা ভিন্ন লিফটে উঠে বলে যে আমরা যদি একই ফ্লোরে আবার এপ্রেস করি আমরা যদি আবার একই ফ্লোরে আসি
/kaggle/input/regspeech12/test/test_chittagong_0091.wav,কেউরি নয় আর কলের জমির পাপ পালোর তাহা কী রকম হলো জানা ভাটার হিংসা
/kaggle/input/regspeech12/test/test_kishoreganj_0147.wav,কাল রাখলে যে সবুজ রাখলে যে হলুদ বা সুগন্ধি করা এই মানে হচ্ছে বাংলাদেশি সবুজ রঙের ভাঙ্গি সবুজ রঙের ভাঙ্গি সবুজ রঙের ভাঙ্গি সবুজ রঙের ভাঙ্গি শব্দ শব্দ শব্দ শব্দ শব্দ শব্দ শব্দ ঠিকানা হোম বাইজেল
/kaggle/input/regspeech12/test/test_habiganj_0064.wav,আরও কম দামিতা লিগা মা আমার একটু বক্সে হয়তোরত বড় সাহস হয়ে গেছে আমরা না করি ওই জায়গা মার্কেট ও বান্ধবীয়রার সাথে গিয়া সেটা হাফুর উপর নিজে নিজে কিনে নেয় না লাশ আমি তো যে গাছ লাগানি বই কিনা গাছ কিনা ঐগুলার লেগে অনেক ভয় ফুল গাছ লাগানির লিগে বাড়িতে যেকোনো মতো কোথাও হয়েছি খালি কৈথ ইতাকে লেগে আজ এরা গাছ লাগাস ইটা এখানে রাগাস করে ইটা লাগান লাগান লাগত না আর এটা লাগান লাগত না আর এটা কেটে কিন্দাঞ চাষ
/kaggle/input/regspeech12/test/test_barishal_0072.wav,ধর্ম অর কানে হিন্দি রুক্ষ হিন্দি বাই করে দিবে নট আলাউড মাইরে খাওয়াইতে হেইরেম যদি হয় হয়তো ভালো হয়েছে কি আমি মনে করি নাই যে কথা পেটা কহিলাম আমি মনে করেন মানুষ এইরম হইতে পারি সাদা কাগজে লেখি তুদি মেয়ের একটা কথা যদি কেউ ঘুরেই হেলাইতে রেজে নাওয়ার এই একটা কথা মিথ্যা
/kaggle/input/regspeech12/test/test_tangail_0058.wav,বলার টাইম নেয় না আর কি এরকম অথচ আপনি আপনার সারাটা জীবন মানে তার সাথে খুবই রাখছেন কিন্তু সে বিদায়ের সময় সে একটা গুড বাই ওয়ার্কি বলল না এরকম
/kaggle/input/regspeech12/test/test_kishoreganj_0094.wav,মুসলিকে আমাদের বইতে বেকে বলতে পারছে না নামাজ পড়ি এই মুসলিম তালামের জায়গা
/kaggle/input/regspeech12/test/test_barishal_0090.wav,তার বাণ্ডের অভাব নাই ভগবানের আশীর্বাদে এখনই খাবি না তারা আর বানাইছিলাম এই আর একজন আলোয় গেলে নাই যার জন্যে তারা যাচ্ছেন মাতায় ওরে ব্যাভাক পা রেখে নিন
/kaggle/input/regspeech12/test/test_kishoreganj_0093.wav,হ্যালো তুমি থাকছো না নমস্কে মাদক্ষ তো হোস না না কেন সেগুলো হোস না কেন মুচি দেওয়াছ
/kaggle/input/regspeech12/test/test_habiganj_0043.wav,বেশির ভাগই বালা লাগে কিন্তু এর মাঝে আছে একটা দুইটা বালা লাগে বেশির ভাগই কিন্তু ঐ যে মুবাইল লইয়া যে ভুঁইয়া তাহি ইতাল লইয়া যে বকেয়া হয়ে ইডান হুনলে ঐ খালি মন হয় যে না বালা না
/kaggle/input/regspeech12/test/test_sylhet_0431.wav,মানে একুশ দিন না চৌদ্দ দিন পর এক লিখিত হলে পুলিশ হইতে আমার সিট কাটিয়ে দিলেই তিন প্রসেসের তিন মাস পর আরেকটা অপারেশন করা লাগবে পরে ঠিক হইবে মানে এক অপারেশনে ঠিক করলা আর একটা অপারেশনে সাড়ে তিন লাখ টাকা
/kaggle/input/regspeech12/test/test_tangail_0075.wav,শিউলির যাহা হওয়ার তাতে হইছেই আমরা আশা করি অসুস্থ হয়ে পড়ব এরকম পরে বরুণ ধাওয়ান যখন আয়ের মানে আয়েশা বর্ব ঐ সময় আবার অক্টোবর ছিল ও শিউলি ফুল নিয়ে
/kaggle/input/regspeech12/test/test_chittagong_0077.wav,বিচারের মধ্যে আখ হয়েছে তুই না স্থানে স্থানে আলাদা আর রাস্তায় আলাদা এ স্বাধীন আয় গেলে তো ভালো হয় কিন্তু যদি দর বেসরকারির মতো ফর্ম ভরে
/kaggle/input/regspeech12/test/test_sylhet_0031.wav,সবাই যে দোকান এই দশ বার হাজার মানুষ হয় সবাই দশ টাকা নিয়ে সেটা রাজিত না আর বেশি দিব সেই পঞ্চাশ টাকা থেকে একশ টাকা দেয় যার জীবনের প্রেমের বকা দিল দিয়া নীলতা নবমী পূজা শুরু হইল
/kaggle/input/regspeech12/test/test_sylhet_0734.wav,পাশে ফেয়ার দিন আবারও এক মেয়ের সাথে পা দুদিন জামাইব যেন জামাইয়াছে জামাইব দুইজনে মিলে সাথে আছে আর রাত্রে তো একলা বুঝে বুঝে আছে বুড়ি সাথে হবে
/kaggle/input/regspeech12/test/test_sylhet_0345.wav,তখন হইল গিয়া ভাইবাদী লাইসিবিসিএসে ভাইবাদ দিয়া আমরা কোন দিনের রাজাল্টাইবার কোন দিনেটা গেজেট হইব কোন দিন নিউজ পাইনু ফাঁকে গিয়া আরেকটা চাকরির লেগে এপ্লাই করছিলাম এইসব বাংলাদেশ তখন এটা ফার্স্ট ক্লাস চাকরি হচ্ছে এগার হাজার স্কেলে
/kaggle/input/regspeech12/test/test_narail_0122.wav,দেখানোর পরে ওরে খুলনায় নিয়ে অ্যাডমিশন করে দিও তোমারে কালিয়ার স্কুলেরে পড়াতে বেনা সেটা বলল আচ্ছা ঠিক আছে শাহেন স্যার জানিস মুখুজ্যেই এত ভালোবাসে শাহেন স্যার কেন সব স্যাররা ওরা খুব ভালোবাসে তুই বুঝতেছিস ছয় মাসের ভিতরেই এক মাস ক্লাস করেছে এক মাস প্রাইভেট করেছে ছয় মাসের ভিতরে
/kaggle/input/regspeech12/test/test_narail_0023.wav,শিলা ওই আইসে গেছে খাইছে নেচে সেই দেশাতে আগে কোনোদিন পরিচয় দিবে ছোট ডাক্তার শেষকালে তৈরিয়া সেই দেশাতা ছুটিয়ে যায় খাতার ভেঙে এই দেশাতা খাতারা ছোট দিয়ে কোন দিনে তোর ছোট মা তাদু ছোট মামা
/kaggle/input/regspeech12/test/test_sylhet_0657.wav,আমার তো দিন যে তার দাদুীয় চাকরি করতা কমিশন বা তা পায় এই ওটা হরিয়ার যুগ তোলা আতা সরা এই শেইয়ে যায় নাতিনুর চালকে দরবার করি খাদ্যাগরি মাইক্রোনের শাসন করি নাতিনীর চালকে দোরবার করি খাদ্যাফলি মাইরু বাদীর শাসন করি
/kaggle/input/regspeech12/test/test_sylhet_0723.wav,ও যে সাহা ও সাহা ও সিন্ধুরা বুকুর করাইয়া দিবে
/kaggle/input/regspeech12/test/test_noakhali_0008.wav,সুদিনের দুই মেয়ারা থেমে সিয়ালালি হাসার হুমের বাড়িত পাতাহু যায় কালকে একটা আইন্ত্রণা আবার কালকে আইন্ত্রণা ঋণ কালীও বেশ ভুনা এত দুটো সুয়ার্জি একটি দিন কিয়ার ব্যস্ত আনে আনে দুদিন হরোয়াণে তিন দিন হরোয়াণে কিছু নেই
/kaggle/input/regspeech12/test/test_rangpur_0129.wav,আল হামদারিল্লাহ ভালো তোর কী অবস্থা তোর সাথে কিছুক্ষণ গল্প কিছু করি মোবাইলের আঙ্গারে রেকর্ডও করি তো তাতে কোনো সমস্যা হয় ভিতর না সমস্যার কি আছে তুমি বন্ধু মানুষ
/kaggle/input/regspeech12/test/test_habiganj_0006.wav,আরেকটা বেলা হবে না এই একদিনে তিনজন গেছে ওই বাজারে তারা দ্বিধাবাড়ে টাকাটা করিয়েছে
/kaggle/input/regspeech12/test/test_sylhet_0586.wav,যে জোহর করলে তো টেস্টেও ফাঁস করা হয়েছে পরের পর দিনে উচ্চ সার্ফিক গ্রোয়ার এখন উচ্চ সারে ফোরাইজার আর পরে ও টেস্টের পরে থেকে জোয়ারের আছে আমরা তো বিজোয়া করছি না আমরা একদিন বাড়ি ছিলাম এটার সামনে আমরা তো দেখতেই পারি না
/kaggle/input/regspeech12/test/test_chittagong_0084.wav,বেশি বানাস না আর বেশি বাড়া চাইয়া গার্ভের উল্লেখ জানাস না তুই মেসোসোর্স হই মানে তারাদিন হাল ক্যান্সালের
/kaggle/input/regspeech12/test/test_chittagong_0096.wav,সিয়োদ এ হতামত ছিলে সিয়োদ না তো চিটাঙ্গালেজ হয়েছে সেকেন্ড মেনেটের মধ্যে চলে আসছি এখন আমরা কি জুম দেয়াইতে চাঞ্জাণতা ফি
/kaggle/input/regspeech12/test/test_barishal_0093.wav,গাছের কাজ জগৎ দেখতে বাইরে অন্য কিছু করার চিন্তা আছে এই জগত দেখতে বাইরে অন্য কিছু করার চিন্তা আছে এই জন্যেই কিছু গাছ কিনছি এমন ধরন বেশ্য কিছু কিছু কিছু আহে এত লাভ ও লাভের টাইডে আমরা কিছু করি
/kaggle/input/regspeech12/test/test_barishal_0079.wav,এই আঁকড়ি বেকড়ি চাহিদা মোবাইল গরম ক্যরিয়া আছে
/kaggle/input/regspeech12/test/test_habiganj_0036.wav,সেভে নৌমানুই ফরি আমি আজকে রান্নু এর ফলে আমি হিতাযানি রানছিলাম ডিম্বাজি ধরছিলাম আর শুটকি তোর হারি রানছিলাম
/kaggle/input/regspeech12/test/test_kishoreganj_0070.wav,আমি নিয়ে তিয়াল লাগব কিছু হয় নাকি তাকে বেটিয়া লাগে আমার তো বালা হয় নাকি আমার তো টিয়াল নিবাই
/kaggle/input/regspeech12/test/test_narail_0130.wav,আমি অনেক কিউট না আমারে মিস করে সবাই বুঝো না কান্তারা বলেছিস সে সময় আমারে বলতেছে না এই সমস্ত কলিত অশান্তির অর্জনে ওই তো কী
/kaggle/input/regspeech12/test/test_tangail_0030.wav,জোনাথানের ওই লিফটে প্রেস করা ঠিকই ছিল কিন্তু আবার দেখা গেছে যে মাঝে হঠাৎ অন্য লোক আইসিয়া প্রেস করা মানে একটু এলোমেলো হয়ে যায় টাইমটারকে এদিকে আবার জোনাথানের আবার আরেকজনের সাথে এনগেজমেন্ট ছিল
/kaggle/input/regspeech12/test/test_barishal_0040.wav,এখন মুই পড়ছি একলা লোক বিশ্রী কোনো অনেক লোক পাই না গাছের কামের লোক কিন্তু অ্যাবলাবেল একজন দুইজন পাওন জানা জ্বালা আছে গুরু পাঁচজন ছয় জনে কাম করে দুইজন মুই পাম কই বলছেন এরমাটা সমস্যা এই কামের আমি তো বায়রা কামে গেলে এই তো হাসান ভাই হেদনগর আমার অনেক রিকোয়েশ করেছে ভাই মোরা একটা সপ্তাহ কাম করে দে তুই হাজিরে যাস দিম
/kaggle/input/regspeech12/test/test_sylhet_0594.wav,মানে তাই কিতা যেন হঠাৎ হতে এমনি মিসেস স্যুটির দোকানে বানায় কিতার থেকে ঐশীল নিকোগ্যাস করা যাইতেছিল না এর পরে আবার শাশুড়ি আরা লিয়াই তোমার সঙ্গে মনে করি আয় থিন বাড়াই আসছে
/kaggle/input/regspeech12/test/test_narsingdi_0005.wav,মান তো আছে সাকিব আছে তামিম আছে ওয়ানডেতে এই এর তবে জায়গাস মাশরাফির মতো ক্যাপ্টেন পাওয়া খুব কষ্ট করে
/kaggle/input/regspeech12/test/test_rangpur_0093.wav,তারপর জুয়েল দাদার বাড়িতে খেলছেন জলিলের বাড়িতে আছি কার বাড়িতে কেমন খাওয়া দাওয়া খেলেন ভালোই খেলেছি সকালে বাড়িতে ভালোই খেলেছি
/kaggle/input/regspeech12/test/test_sandwip_0006.wav,কি হবার উপর ফুল গোসল না করে টিকান জানা যেন ভর্তির দরকার ডাল চিনি তেল কি না তো লাগবে
/kaggle/input/regspeech12/test/test_kishoreganj_0082.wav,সুতরাং এটাকে আমার বাড়িতে যেতে হবে আম চোখা যা আম নিশ্চয়ই তুমি মেয়ে থাকার ব্যায় তো
/kaggle/input/regspeech12/test/test_sandwip_0096.wav,কিছু কিছু দালাস কাছে কিন্তু দালাস যে সেবকে আয়ত্ত বাজারে যেন নিয়ে
/kaggle/input/regspeech12/test/test_sylhet_0334.wav,এটাও তোমার বড় থাকে তুমি টার্গেট বড় রাখো টার্গেট জীবনের ছুটা করবায় না আর যত ফাইন্যান্সিয়াল হেল্প লাগে এই ব্যাপারে আপনি শুনে চাইও না আমি আছি আমার পিছনে একজন আছে এইটে হচ্ছে আমার সবচেয়ে বড় সাহস
/kaggle/input/regspeech12/test/test_tangail_0079.wav,পরে বাসায় স্থানান্তর করা হয় বরুণ ধাওয়ান এদিকে তার ফিউচার ক্যারিয়ার নিয়ে ব্যস্ত হয়ে পড়ে সে এখন আগের থেকে অনেক বেশি সিরিয়াস হয়ে গেছে তারপরে হঠাৎ একটা সময় ফোন আসে যে
/kaggle/input/regspeech12/test/test_sylhet_0105.wav,কাপড় দিনুক বস ও স্মুখ শহর মুখ রাশ্রন্য পালে যায় মূল বাসাত তার শরীরটা হায় ডান মুগিয়া কালু সাম করে দিছিলাম ও তবে বিদ্যাবাসার যায় ইতালিকার এক সাথে পঁচাশ্টি হাজিয়া ফান্ড গড়তে হারামার উদ্যোগ
/kaggle/input/regspeech12/test/test_sylhet_0305.wav,ওহ তোমরা বিয়া করতাম নিনা তোমরা কহিলে ওকে তখন তারা হইলে আছে ঠিক আছে বেটিয়ে ফোর্সে বার্সিটিতে কিয়াবেটি সাক্কে হতে চাইলে তো পরানী লাগব আমরা টেহাউকা দিলেও চলব তোমরা টেহাউকা দিলেও চলব সমস্যা নাই থাকুক বিটি সিলে
/kaggle/input/regspeech12/test/test_chittagong_0144.wav,হ্যালো হ্যালো হ্যালো হ্যালো
/kaggle/input/regspeech12/test/test_sandwip_0064.wav,মাথা দুশি হেরাকে দিন আচ্ছা যা খাওয়া বুঝি যা খাওয়ার আমাদের লাগা থেকে দরজা থাকা থাকে ঠিক আছে
/kaggle/input/regspeech12/test/test_sylhet_0704.wav,সামান্য এখানে কর্মস্তর দেরি আছে মানে আপনার জন্ম থেকেই নাই আমরা মনে হচ্ছে সাহেরা ঘরেন শহরের থারি ফাইয়া তার গর্ব রাখি শহরে কোয়াশার বানাইয়া সৌভাগ্য নাই যেরা অগ্রণের জন্য তিন জন্যকর ছেলে নিয়মিতেন এরা জন্ম
/kaggle/input/regspeech12/test/test_kishoreganj_0075.wav,মেয়াদ যে তুলবে না
/kaggle/input/regspeech12/test/test_sylhet_0485.wav,ান্ড হোসেন লইয়া ইয়ানুম উদ্দিন আইন বা গাড়িসহ চেম্পার বর্গমাইয়া তাইয়া লইয়া লইয়া যেদিন দেখছেন ও দিনও আমারেও ঠিক করে দিচ্ছেন মেলামেলা তাও বয়ে হাসতে হাসতে দিয়া মেডামরে দেখিয়া দুই আটু আমার অনুরাহণ শুরু হয়েছে মানে বই আমার কিছু ডাক্তারে দেখলে আমার যে বই লাগে আর তো বেটি রাত হইতেই তাদের স্থি
/kaggle/input/regspeech12/test/test_rangpur_0061.wav,এটা সবাই বলে দেখবে এটাও কইছে সবাই চোখে পড়বে আমরা রামাজপুরের একটা দেশে তাতে দেখিয়ে ওঠি মোশের মানব এগিলে কিছু পাওয়া যাবে না যার কারণ
/kaggle/input/regspeech12/test/test_sandwip_0033.wav,খা উইন্যা কেউ সরস্ট ব্যাগ হচ্ছে আদা মার্গা খা উইন্যা তাইলে অঙ্কা হেসং আগোয়ের গুপ্ত
/kaggle/input/regspeech12/test/test_sandwip_0105.wav,কি ফেরে যে নিতর্গ আসমাবাবু সহ কর্মহাত বেশি বাবা মানুষ হেঁটে গাছ স্কুলে ফার্স্ট গার্ল স্কুল হেতের এগুমান সেজ যে কর্মহাত বালা মিশের এগু ইয়ের চাহিদার পরিমাণও বেশি থাকে
/kaggle/input/regspeech12/test/test_sylhet_0002.wav,কেন একটা গরু ফাল্চ মানে গরু মানে গাবের নয় যে মানে বাচ্চার হালি নষ্ট হইত তুই বহুগুণ হাল্চ তাহলে পরিমাণে লস্ট বুদ্ধ যেসময় দুদা সেলফার
/kaggle/input/regspeech12/test/test_kishoreganj_0127.wav,ইটে আমাদের ইঁদুরা কিছু করে পয়লা দেব আর অহংবর্তনের ইয়াকেরা গাছ পোহা দেবে হয়তো সকালে টেক ধরে
/kaggle/input/regspeech12/test/test_sandwip_0076.wav,বড় বড় ট্যাবলেটের জাল ওষুধ খাইনি ডাকতে হয়ে গেছেন তাহলে রাতে যখন কিছুকান দুঃখে আর দুর্বৃত্তি হইতে থাকে
/kaggle/input/regspeech12/test/test_sylhet_0262.wav,লাস্টের দিকে হইল আমার যেন আমি চান্স পাই আমি যেন শেষ নম্বরটা হয়েও যেন চান্স আমার আল্লাহ যেন নিরাশ করেন না আমি ওখানে ফেললে আল্লাহর হাসে চাইতে আমার পড়তাম কী রকম একটা অবস্থার মধ্য দিয়া যেহেতু গেছি বিয়া সাধী প্রেম ভালোবাসা অতানিয়া চিন্তা করার কোনরূপ ফুরশ্রোতই আমার আসিল না
/kaggle/input/regspeech12/test/test_narail_0119.wav,বাসার ক্লাস অফিস নেওয়াটা ইয়া আছে মনে করো তুমি থাকলে একটু রান্নাবান্না করলে ঘুমের বাড়া গেছে এবার আমি একটা কথা কহি আমি করলে আজ তো তোর আর বোনটির সংসারে অশান্তি তুলে দেব না তারপরে
/kaggle/input/regspeech12/test/test_chittagong_0132.wav,যেই মাফো আরে কল দেয়া না এটা বাজা হবে মাসুদ বেলে গেছে নাকি মাসুদ বেলে তুই আয় যাস আহুদি মাসুদ বাইয়ে তো বোটাকে গিয়ে এগো হঠাৎ তুই মাসুদের রাজের না ভারত আমার কিল্লা মাসুদ বেলে যেতাম হঠাৎ কিল্লা না আমি আহুদি কিল্লাই শুনছি
/kaggle/input/regspeech12/test/test_narsingdi_0038.wav,মাসাল্লা আমার দাদা বার্তা বন্ধ না জীবনের মতা জীবনে কি খাইছিস না হুম ইঁহারের লাগে মূল্য লাগে রইলে কী করে সামাল্লাল নান্য রাতের সামাল্লা জোস
/kaggle/input/regspeech12/test/test_sylhet_0440.wav,সবার দুয়াই বাবা আমার চেয়েও কোন জীবনের ঝুঁকে কইরা যে নিজের বাসা তৈরি এখানে হেরা খাসা কোথাও নিজের বাসার যাই খারাপ লাগে ও যে ফরার বাসা তাহরা ফরার বাড়িত থাকলে ফরার ফুতার গড়ফরদেক কোথায় হয় মানে আমরা আঞ্চলিক ভাষায় একটা ক্ষতা কইরাম মানে গ্রামের মানুষের যে রকম ক্ষয় এটা তার ফরার বাসা তুমি একটা খারাপ করতে পারবে না তার বাসা
/kaggle/input/regspeech12/test/test_narsingdi_0077.wav,মার একটা গয়নার ভেগাসের নামাজা কারণে দুর্বৃত্ত স্বপ্নের এটা আমি দাবি স্যালামিজ আমার একটা মাইসুন্দর ক্লাইসিকারেন্টি হোলেজ নামে আর ক্যারির হুতে হবে শুরুবেলা থেকে চিন্তা করতাম ইস বড় ডাকাতো সালামি ফ্যাক্স
/kaggle/input/regspeech12/test/test_sandwip_0082.wav,মাইয়া মাতারে বাইতে অন্য ঠিকমতো বাইতে অ্যালো দেনা সে অ্যাডামা ইয়ংকা গিয়াছি উল্লোতে মানুষিক বড়
/kaggle/input/regspeech12/test/test_habiganj_0013.wav,আমি বুঝে পাই না কেরালে এরা লুকা যায় যারা বাদ দেশে পড়া তারা ফিরে নিচ্ছে আমার মতো
/kaggle/input/regspeech12/test/test_tangail_0005.wav,মানে ভালোও দেখা যায় না তাই ওরা নিতে চেয়েছিল না কিন্তু এটা ফ্রেডিট মানে ফ্রেডিরেট একটু আবার লাগে মানে সে একটু মন খারাপ করে পরে সেও বুঝছে যে নিব না ও ঘুরা জায়গা
/kaggle/input/regspeech12/test/test_sylhet_0501.wav,ষপদ যাই বা রুজার আগে দিতাম না আমি আগে গিয়া মানে আমার এক বং যাইত দুই লম্বার বুন যাইত বাড়ি রুজার আগে আমরা একবার মেয়ে ফুরিন্দিয়া হওয়া দিলে রুজার আগে মনে করে সুহরাতর করে একবার আনিয়া নাই উড়িবের উপর হইয়া দিলে যে রুজামার শতকের উপর অভিনীত দিত নাই আমার অতিথি তাই না কেন রুজার তরু যাইত না
/kaggle/input/regspeech12/test/test_sandwip_0083.wav,বিরক্ত লাগে আর এখানে কিছু রিকেল হয়েছে না বুড়ো মিচের সুপর্যায় ডুবেছে কাশ্মীরের ধালা দিচ্ছে যেন ঠিকমত তেল তুলেও দেয় না
/kaggle/input/regspeech12/test/test_sandwip_0050.wav,হাজানা আছে না হাজানা গেছেন হেজামায় গ্লাস গুলি বুলেটে গেল হচ্ছে হবার ভূমিকা প্রশিস্তি নাকি গেলে ফারিটিসি
/kaggle/input/regspeech12/test/test_tangail_0087.wav,পরে ইদানীং আমার কেন্দ্র জানি মনে হলে যে এই ছবিটা দেখি এই ছবিটা দেওয়া হয়নি পরে এই ছবিটা মানে ডানোর করে দেখা শুরু করলাম দুই হাজার সাত সাত সালের ছবি এটা দেবদাসের যে ডিরেক্টর আছে পদ্মা হাতের যে ডিরেক্টর আছে
/kaggle/input/regspeech12/test/test_sylhet_0061.wav,কালকে ফিরতে বলে তখন তাই মজা শেষে চলো মজাগুলা দিয়া যাই আচ্ছা আর কোনো হানা যাও এই শ্রেণী
/kaggle/input/regspeech12/test/test_kishoreganj_0174.wav,নদীর বাণী নিরাপদ রেডো তো লাল রেডো তো লাল রেডো তো লাল
/kaggle/input/regspeech12/test/test_narail_0064.wav,যদি এটা মানে গাড় বা দায় সব মাইকে মাখে দখলে রাখত না কার্ড দলিল ছিল কিন্তু উন্জনকারীর আইনে গেছে প্রয়াজনের আগে বাকিদের দলিল বিরূলত মুক্তির মানে দিলে নিজের মানুষের দলিল ভেড়া করে
/kaggle/input/regspeech12/test/test_habiganj_0098.wav,খামারে কেউ লিয়া যায় না সিলেটের সাদা পাথর সুন্দর তারপর জাফলং তারপর আরও অনেক জায়গা আছে সিলেটের তো বালা পিকনিক অনেক সুন্দর অনেক জায়গা ঘুরা যাইব
/kaggle/input/regspeech12/test/test_narail_0035.wav,চাকরি ভালে এখন ইচ্ছে তাহলে ওই দিকে যোগ দিতে পারবেন
/kaggle/input/regspeech12/test/test_barishal_0019.wav,তিন ডাইন না খাওয়া তিন ডাইন এল কোষ তিন ডাইয় যাইবে একুশ দিন একটা খাইলে কামাই দেয়
/kaggle/input/regspeech12/test/test_comilla_0026.wav,এই গিফটা অনেক যত্ন করে রাখছে দেয়ালে ঝুলে রাখছে ওর বাড্ডেতে এই গিফটা দিচ্ছিল পরে এটি নিয়ে তদন্ত হয়নি যে ঘটনা কিসের ঠিক হইল আসলে কি বলব এটা তো উপজেলার আন্ডারেই
/kaggle/input/regspeech12/test/test_sylhet_0053.wav,আমার মা মা রাগী ছিল আমি ক্লাস অনুভূতিতে তাই তিন মাসের সাথে আমার বড় বোন আর ওজন আছে আমার সবার বড় ভাই এর পরে বোনের পরে আনুন
/kaggle/input/regspeech12/test/test_tangail_0059.wav,বাট হোয়াট হার্টস মোস্ট ইজ নট টেকিং এ মোমেন্ট টু সেগুড বাই
/kaggle/input/regspeech12/test/test_kishoreganj_0125.wav,নব্বই হাজার নব্বই ঠিক আছে লক্ষ দিয়েছি আর কঠিন লক্ষ দিচ্ছি আন্তরিক যে কিন্তু তুমি বয়ারতের জন্য লক্ষ্যটা
/kaggle/input/regspeech12/test/test_tangail_0120.wav,না না না বিদ্যানন্দ তো একটা ফাউন্ডেশন যেখানে সবাইকে সাহায্য করা হয় আমার কাছে আসলে ব্যাপারটা ভালোই লাগল কিন্তু কথা হইতেছে যে
/kaggle/input/regspeech12/test/test_sandwip_0070.wav,সত্যি হলে দুজন গাড়ি হলে তাহাই তেমন সবসময় তো গাড়ি হবে না ভিডিও লাটারে হে মানুষ অন্তাজন আর বাইরে লোয়ার মনোকোনা যাইতে পারে দিন কেল গেলে চারা চর্চা দিয়ে তাত্তাতে যাবে
/kaggle/input/regspeech12/test/test_sylhet_0467.wav,আমার আব্বা নাইলে তো আমরা নামে অপরাধ্য বিষয়টা এই রকম করেছি বাবা আরও উজ্জ্বল থাকলেন না প্রেমের রুটে পাইলেন বাইরেন্ট্রি পেনশন হারিসেল পাইছেন আমার আব্বা মরা করে কিন্তু ডাবল ডাবল ইন্ডিজ পেনশন পাইছেন কারা করে তো তারা গাড়ি ঘুরিলে তারা ভবিষ্যত করেছে কিন্তু সব বাড়ি মেনে রাখছে চৌতন টাকা হয়েছে আমরা পুরো দুজনে টাকা নিচ্ছি না আমরা বাড়ি ইন্টারিতে মাচ্ছি
/kaggle/input/regspeech12/test/test_habiganj_0015.wav,ইটা তুমি কিছু না সিন্ডার সুন্দর বেড়া বেড়া বেড়াই ব্যস্ত তাড়াতাড়ি বেড়া মনে হয় না বেড়া ইটের এত তাড়াতাড়ি বেদালেছে
/kaggle/input/regspeech12/test/test_habiganj_0080.wav,আমরা দুই বোন তিন ভাই আর তোমার সিলেটের শাশার বা শাশির কী অবস্থা সিলেটের শাশি এসএমএস মারা গেছে মারার নির্লিখার ক্যান্সার আসল
/kaggle/input/regspeech12/test/test_habiganj_0110.wav,এটা তো মেয়ের পরীক্ষা না প্রদর্শনী পরীক্ষা এলে গে আর অর্ধবাসী পরীক্ষার সময় মেয়ে সার্ভিস বিলের পরীক্ষা লইবে কী প্রিপারেশন তো ভালোই মানে প্রচেষ্টাভাবের পরীক্ষা এখন ফুলা ভাইয়ের তো একটা গুরুত্ব দেয় না
/kaggle/input/regspeech12/test/test_narail_0116.wav,এটা মজার হচ্ছে না নাম তো জানিস এটা যাতে দাদা আমারই বলছে না সবকিছু শোন তোরে আমি একটা কথা বলি তো দাদা আমার এসব সম্পর্কে বলি যায় তোর সম্পর্কে যে তুই কেমন কী ছিলিস তা তো দাদা আমারে বলি যেও
/kaggle/input/regspeech12/test/test_sylhet_0008.wav,ছোট ফিসি গান তুলে বন্ধ রুখি স্কোর স্যার
/kaggle/input/regspeech12/test/test_sylhet_0623.wav,নিহত দোয়ার ক্ষেত্রে হইল বারবার জয়ান হরিয়া ইচ্ছা আবার স্টুডেন্ট হিসেবে গিজাই করেন তিলা তারা সারে উচ্চ সারে বার বার হয়েছিলেন
/kaggle/input/regspeech12/test/test_tangail_0046.wav,যেহেতু আর একটা আগেই স্পিছল একটাই ছিল পশুপাখিদের প্রতি পরে ওই বাঘটার বৈঠার সাহায্যে যেমনি হোক ওই নৌকায় ওঠায় কিন্তু বাঘ তো হিংস্র প্রাণী ওর দক্ষিণা লাগিয়া গেছে মানে ও চাইতাছে জেগিয়ে রেই খাইতে
/kaggle/input/regspeech12/test/test_sylhet_0718.wav,এটা আপনারা কোন বিশ্বাসে মানে এই জিনিসগুলা আপনারা রাহুই লাগে মানে এটা কিছু না কাহিনীটা কিনা
/kaggle/input/regspeech12/test/test_sylhet_0192.wav,তো এসময় কারেন্ট রেন্ট আছিল না আমরা তো গাবহ রয়েছিল কারেন্ট আছিল না আমরা হারিকেন দিয়া কুফি দিয়া ল্যাম্প দিয়া পড়তাম কোথা থেকে রসিন গড়া লাগত তখন যেওয়ালা ওতার মধ্যে তেল গড়া
/kaggle/input/regspeech12/test/test_habiganj_0078.wav,সূর্যান্ত কলেজের এরিয়ার কাছাকাছি এর সার্টিফাইডে লেখার নাম কি তার বালিকান তারপর এদিকের লীগে আলিমপুর আলিমপুর ঘোষে
/kaggle/input/regspeech12/test/test_tangail_0031.wav,অল্প কদিন পরই বিয়ে কিন্তু জোনা থান তো সারারে অনেক ভালোবাসে পরে সারা আবার অন্য মানে দেশ থেকে আসে জোনা থানের
/kaggle/input/regspeech12/test/test_sylhet_0563.wav,কিন্তু যাওয়াও বেশ দূরত্বের বোকান আর কোর্স শেষ নেই না শেষ না একটা সাবজেক্ট শেষ হয়েছে ম্যান
/kaggle/input/regspeech12/test/test_habiganj_0105.wav,না এমনিতে করছি না আর বুনানো যাইতেছি না আমার জীবনে ফার্স্ট আমি কেন এসেছি লাকসাম
/kaggle/input/regspeech12/test/test_narail_0146.wav,আমার ভিসার এসএমএসটা আসলেই যদি আজকে আসার দামে কালকেই চলে যাব ভিসার আন্টি তুমি তো নাও অকুশের ওষুধ শেষ হয়ে গেছে আমার মানে টেনশন আমি রাখছ রাখছ
/kaggle/input/regspeech12/test/test_rangpur_0118.wav,তাহলে আজকে কার বাড়িতে খাওয়া দাওয়া
/kaggle/input/regspeech12/test/test_sylhet_0690.wav,ষপদ বেলায় তো পড়ালে না বৈশ্যবেলা যত্ন করার ইচ্ছা আছে তারাই নাকি তা ইচ্ছা স্বপ্ন হয়
/kaggle/input/regspeech12/test/test_habiganj_0021.wav,তাঞ্জুরবা ব করা কিন্তু বোঝা গেছে বেটা তিরল আটকায় মারতে অলিল ভাই জানে তাঞ্জুবাব করা তাঞ্জুরমা ও চারাবেরা
/kaggle/input/regspeech12/test/test_tangail_0050.wav,পরে এরকম দুজনে অনেক সময় পাড়ি দেয় দীর্ঘ সময় পাড়ি দেয় এসময় তারা সাগরের বিভিন্ন পশুপাখি দেখে
/kaggle/input/regspeech12/test/test_sylhet_0528.wav,প্লেন থাকে এক ঘণ্টা লেগে আর বেল্টনারী ওয়ান দিচ্ছে লাজ আরও বেশি এনজাইকে তা হত্যা হয় লাশটা থেকে আব্বার অমানক হয় তান গেছে মাশরুমার দিকে আব্বার করে গ্রামের গেছে হয়ে দেওয়া আশান্তরা কিন্তু হয়তোই খুব করার সময় ঠিক অপমিতিক কন্ডে
/kaggle/input/regspeech12/test/test_sylhet_0556.wav,মামুনি আবার প্রেগনেন্ট দোয়া করিও মানে দুই মাস না তিন মাসে মাঝখানেও আন্টির যে অপারেশন হয়েছেন উনি
/kaggle/input/regspeech12/test/test_sylhet_0534.wav,আর যে প্লেস হইছে প্লেসটা মোটা ভীষণ ধরাছে সেটা তো করা গেছে মামানি তো খুবই বালা তারা রাখানো হবে সে পুরান নিলে প্রজাগমের নাকি মিশু তার ভিতরেও আমরা লেগে মিলছি
/kaggle/input/regspeech12/test/test_kishoreganj_0120.wav,নিচে কুঞ্জে কার্যসিংহল মতামত গাছের একেক রাঙা গাছ শুটিং গাছের একেক রাঙা গাছ শুটিং আবার এই গাছ ফিন ক্যাকার বেঙে একেক রাখে সাফে
/kaggle/input/regspeech12/test/test_habiganj_0091.wav,ঘুরান্নে গেলে তোমার ছবি তুলতে বেশি ভালো লাগে না সব ব্যতার তুলতে ভালো লাগে না মোবাইলের ক্যামেরা পালা থাকলে পর ছবি তুলে পালা লাগে
/kaggle/input/regspeech12/test/test_sylhet_0380.wav,ফ্যামিলি থেকে আমার শিশুর স্বাকী আছে তারা রা স্কুলও ফাটাইছে স্কুলও ফাটাইছে অটার লাগেও তারা রে পুরস্কৃত করা উচিত পরের তো আর আমি যখন হইয়া ধর্ষী তখন আগাইছিয়া গিয়া গো
/kaggle/input/regspeech12/test/test_chittagong_0032.wav,ছি ছি কী খবর তোমার কেন আছে আছে আছে গম আছে আরাম তারা তো ঘুরে হালি হালারান্ডে গিয়ে বলা হালামুনিরান্ডে
/kaggle/input/regspeech12/test/test_chittagong_0092.wav,কী আইনজীবী পৈরিক সুমাইয়া তারা লাল হতাইল্যা নয় খালি সুমাইয়া হওয়া বা কল দিয়ে অনুমতি করল নজরের মেসেজের দিলাম মেসেজে সাঈদীন অক্সার
/kaggle/input/regspeech12/test/test_narsingdi_0124.wav,এই ঠ্যাংডা কি কই ট্যামেলের সিরিজ এপিসোড সিয়াটোয়েন্টি কিছু বার করে না সিজন টুও দেনা মাস্ক পতাকা আটকার কিছু আমার স্পাই ফ্যামিলির প্রথম দিকের ফর্মুলি একট্টো ইন্টারেস্ট কিনেছিল দশ না তল্লামে একদিন এগারো টিউশন দিকে শেষ করছিলাম
/kaggle/input/regspeech12/test/test_kishoreganj_0003.wav,হ্যাঁ আমি দেখি কিন্তু তুই তোমার দিবে ঠিক আছে হ্যাঁ তোমার দিবে তুই আমিও দেখি ঠিক আছে হ্যাঁ রে তুমি জানো না কিছু জানাও না কখনো শুনেছিলাম না এগুলো না আমার খ্যাত
/kaggle/input/regspeech12/test/test_narsingdi_0054.wav,মশায় ব্যাট দিয়ে মারতে বিশাল কষ্ট কার সামিলে কোনো সমস্যা খুলে যায় না তাই সেদিকা আমাদের মারতে মাতাই লাগে ব্যাটা বালা আছে যদিও আমার কিনারি স্যার আমার সবারটা এটা
/kaggle/input/regspeech12/test/test_sylhet_0285.wav,বাড়িত প্রস্তাব ফাটাইছে প্রস্তাব ফাটানির পরে ভাইয়েরাও চিন্তা করছেন ফিফটি ফিফটি আর কি দিবা কি দিতা না হলে মানে তাঁরা কনফার্মিটি ভাড়ান না কারণ যার লাগে প্রস্তাব আইসে হইল ক্যা ন্যাশনাল লোক ইউনিভার্সিটির আন্ডারের একটা কলেজ থেকে পাস আর তার চাকরিওয়ালা সোলভেন্ড হইছে না এখনা চাকরি হইব
/kaggle/input/regspeech12/test/test_sylhet_0465.wav,মানি নামাল বাহাতির বোর্ড ম্যানেজার আছে তাই প্রাতঃক্রমিক পরিবেশে মরণের পরও আশি পাঁচাশি হাজার টাকাতে যাবে
/kaggle/input/regspeech12/test/test_kishoreganj_0077.wav,আয় দেখতে পুরা মানে কত দেখে নিবিত সুর
/kaggle/input/regspeech12/test/test_habiganj_0049.wav,ইতাকাই পাইছি মোক প্লেটুইটা পাইছি বৈটি ও পাইছি দুই তিনটা বই পাইছি আমার বাড়িয়ে দিছি
/kaggle/input/regspeech12/test/test_sylhet_0508.wav,এই আমরা টাকা দিওয়ালা চলবে হোলাহাজল রায় বেশি পাওয়ারি মাত্র হিরা হিজবুমের বাইপুরাইজের হাতানা ধানিমূলা মাতিলিতে লেখিতে তাদের দূর হইতে যোগ করলে মেলিন্ডা ফান্ড লাগলে আমার ফাস্টালার টাকা দেওয়া দরকার আছে নেও গি আম্মা গুগলে ফাস্টালার টাকা দিয়া দিয়া দিও বা তুমি আজকে থাকো হালকে যাইবা তোমার কি তাকিতে লাগে যেমন ইন্ডিয়ার তাকি এক বস্তা সেই নিলাম হইছে সব বৈন্দ্রের সরেফার্জী পর হিসার করিয় করিয়ে হিসা করিয় করিয়ে দিয়েছেছে কেহুলে কেছেছে কেহুলে কেন্রেছেছেছে কেন্যুলেন
/kaggle/input/regspeech12/test/test_rangpur_0094.wav,কারবাইড খাওয়া ভালো হইছে পুনরান্নাটা কেমন হয়েছে কী সমস্যার কথা হয়েছে পুনরান্নাটা কেমন হয়েছে জেলিদার বাড়ি কি কি ফিরেছে মাস গোস
/kaggle/input/regspeech12/test/test_kishoreganj_0142.wav,কীটনাশক গৃহস্থালি ও হাসপাতালে বর্জ্য কলকারখানায় বিভিন্ন রাসায়নিক পদার্থ তেল ইত্যাদির মাধ্যমে মাটি দূষিত হয় যে মাতি দূষিত মাটি কি কারা দূষিত
/kaggle/input/regspeech12/test/test_habiganj_0090.wav,ছা বাগানো কেনাহেরা গেছে হাস্য দেখেছে আমি গেছি আমার আম্মা গেছিলা আমার আব্বা গেছেন আমার ছুটি পাই গেছে আর আমার চাচাত্ত বোন এলে গেছিল
/kaggle/input/regspeech12/test/test_kishoreganj_0144.wav,কলকারখানা বিভিন্ন রাসায়নিক পদার্থ তেল ইত্যাদির মাধ্যমে মাটি দেশিত
/kaggle/input/regspeech12/test/test_chittagong_0051.wav,কে হইলেম হুয়ালাকে হুয়াল যে বেটা সারি ইবার হাসা আবার গুলি ছিলি জম্পরে আয় অরি চুর্তা আবার যাইতে ওস খেললে আইএসে ফেললে তোরা তো অসামান্য নিয়ে আমি কিছু না বুঝবি
/kaggle/input/regspeech12/test/test_comilla_0012.wav,আকাশের দিকে তাকাইয়া রয়েছে চোখগুলো উল্টাইয়া রয়েছে উপরের দিকে সূর্যের দিকে তাকাইয়া আছে আর হাত পা একদম ছেড়ে দিছে পাশে মাঠের মধ্যে যে অন্যান্য ছেলেমেয়েরা খেলা করতেছে না ওরা ভাবতেছে যে নুসাইবা মজা করতেছে ওরা ছেলেগুলা হাসাহাসি করছে দ্যাখ দ্যাখ ও ধূলনার মধ্যে বসে কিভাবে আকাশের দিকে তাকার হচ্ছে এইভাবে কেউ ধূলনায় বসে
/kaggle/input/regspeech12/test/test_chittagong_0147.wav, এক কাণ্ড সমস্যা এটা তার লাইফ এতক্ষণ হয়তো হৈদিক কিনো রেকর্ডটা করছি ফুন করি না এটা আমার সমস্যই সাজিতে আরোহণ হামুদ বাজার দিল আল্লাহ
/kaggle/input/regspeech12/test/test_kishoreganj_0115.wav,শক্তি মূলুষ্য কুন্ডা শক্তি মূলুষ্ব সূর্য তো আগে আবাগেত্রী মস্ত
/kaggle/input/regspeech12/test/test_sylhet_0392.wav, আমরা হয়েছি আপনি দিয়ে এমসি কলেজের স্টুডেন্টদের কি বুঝতেন এই রাস্তা দিয়ে কোনো সময় আবরিত না ভাবছিলাম যে কি ভাগ যাইতাম শর্ট কাটিয়ে যাইতাম কি তো এখন দৃষ্টা দেখি মনে হয়েছে যে ছোট্ট গোলা গোলই হয়তো এখন দেখি যে শেষ সময় না
/kaggle/input/regspeech12/test/test_tangail_0074.wav,ওই হাসপাতালে শিউলির আম্মার কাছে বলে যে আপনি মানে বরুণ ডেক্ট বুঝায়েন যে এরকম তো আমার আর চলতেছে না পরে ওই শিউলির যে আম্মা থাকে সে বরুণ দণ্ডে বুঝায় যে এখন তুমি ক্যারিয়ারের সময় দাও
/kaggle/input/regspeech12/test/test_habiganj_0062.wav,কিন্তু ফরাত বুইলে পরে আমি ইচ্ছামতে ফিরতে পারি মাথা হে সামনে কিন্তু ইতারে কিটা পরাইতাম আমার তো রাগ উচ্চা জাগা
/kaggle/input/regspeech12/test/test_barishal_0054.wav,এমনি বোঝেন একটা সেকেন্ড খারাইতে নেয় কুডেগুলো ন্যাকলা টানে নামাইনি আর হেইয়ে গাড়া হেয়ে ঘুরেন নেয়া চেহারা কালা হয়ে গেছে মোর কাউরের পাখনা লাইন তিনটি সাইডে দিনে হেই কুডাইন্যে থুইসি হেয়া লোচকানাইসে পনের হাজারটা ব্যস্তার মোহনে একটা কুড় যে কর্মি দিসি
/kaggle/input/regspeech12/test/test_rangpur_0004.wav,আকাশ ওর বেটার প্রকাশ থানি কি
/kaggle/input/regspeech12/test/test_sylhet_0676.wav,শিক্ষাজীবনে একটু কই ক্ষেত্রা করছেন আপনার নামী সময়ে কিছু স্মৃতিটিকে প্ল্যান্টার্ন নিয়ে আপনি
/kaggle/input/regspeech12/test/test_sylhet_0333.wav,তোমার ফরাস আমি দেই যদি কোনোদিন স্বাবলম্বী হতে তখন ফেরত দিলাই হোক তখন ফরাস নেও আমার কাছ থেকে নিয়া পড়া চাকরি করলে বড় চাকরি করবে আর নাইলে চাকরি করাও লাগত না কারণ ছোট চাকরি করা যাইতে সংসার সালানি বড় চাকরি
/kaggle/input/regspeech12/test/test_sylhet_0171.wav,ওই লিখিত তিন চাকাও জ্বালা হারাব অত্যন্ত আছে
/kaggle/input/regspeech12/test/test_kishoreganj_0153.wav,পাকা বাতালি লেবুর ভিতরটা হালকা গোলাপি রঙ্গে ভিতরটা হালকা গোলাপি পাতা পাকা বাতালি লেবুর ভিতরটা হালকা গোলাপি রঙ্গে
/kaggle/input/regspeech12/test/test_narsingdi_0064.wav,মনে হয় আমার কিছু স্টুডেন্ট পড়ানো দরকার আর যদি গণিতের কথা গছ গার্ল ইউনো ক্রিটিকালস ডোন ক্রাই ওভার ভয়েস তে ক্রাই ওভার ম্যাথ তো ভাইয়েরা কেত্তার তো জীবনে স্বাভাবিক এই যে একটা আমি
/kaggle/input/regspeech12/test/test_sylhet_0115.wav,আর বাইরের বর্ডারের কাছে রাহাত ও রাহাত ও মালিক সাহায্যিত ছাড়া সামিলে হারায় ছাড়া সামিলে আসত আস্থার দিন ধরে দুই ভাই বনাম ট্রাক গড়ে থাকতাম
/kaggle/input/regspeech12/test/test_sylhet_0693.wav,আর এটা হচ্ছে একটা আঞ্চলিক ভাষানে একটা রিসার্চ একটি গবেষণা তাই আমরা বেশি বেশি পৌঁছে আপনার আঞ্চলিক ভাষায় মাত্র ফেলেটি ভাষার কিছু
/kaggle/input/regspeech12/test/test_sylhet_0212.wav,তেবায় অলাতত্ত্ব লৈশ ইঙ্গিয়া দুই তিন চার গ্রাম প্রতিদিন যা গিয়া প্রত্যেকের কাছ থেকে না মন লইয়া গিয়া হাইন যাবল আমরা ভুঁইয়া ইত্যাদি দ্যাখি গ্রামও কতজনের লিস্ট আইসে কোন কোন গ্রাম শেষ হচ্ছে শেষে আছে লিস্ট
/kaggle/input/regspeech12/test/test_chittagong_0172.wav,তাই নিবার নাগুত্তন পালানো লাগে তো খালাম মনির একটু হন নারায়ণ দেয় অন্য দায়ের গুরুজন সোহাইলা আছে মাইশারা আছে কাইলা নদীতেই একটু কালামণি নদা
/kaggle/input/regspeech12/test/test_sylhet_0136.wav,বাহিদা দুই চিংড়ি গা থাকছে আর কোনো দেওয়া পারে না ও তো তেমনি জিতেছে জীবন আমরা যাইলাম এখন হঠাৎ করে সাম্য বেড়া দিলেই সিনেমা
/kaggle/input/regspeech12/test/test_comilla_0017.wav,যাওয়ার পরে ওর মা যায় দেখেছে উনার মেয়ে পরে সাথে সাথে সারা মানে স্যাররা সবাই মিলা করে হাসপাতালে নিয়ে যায় কিন্তু হাসপাতালে যাওয়ার পরই ডাক্তাররা ওকে মৃত ঘোষণা করে আর কি
/kaggle/input/regspeech12/test/test_rangpur_0112.wav,সুবন্যের বেড়া কই তার মূল্যে দেখছুম বেটি হেলি দুইটা এ যে বেড়া আছে ভেড়ারা বোঝায় সব বড় বেড়ি দুগিলের থেকে বড়
/kaggle/input/regspeech12/test/test_kishoreganj_0010.wav,মানুষ গুনাগারের মতো আসক্তি বেশি না হ্যায়
/kaggle/input/regspeech12/test/test_sylhet_0355.wav,তো এরপরে তো আমার বাচ্চা ছোট্ট হইল আলহান দলিল্লাহ অনেক হ্যাপি আছি আমরা আসলে কল্যুগাল লাইফ শূন্য দিয়া শুরু করছি বুঝতেও পারায় মানে তাইলের দিক থেকেও কোন প্রত্যাশা আছে না আমার দিক থেকেও না আমরা অনেক হ্যাপি
/kaggle/input/regspeech12/test/test_rangpur_0014.wav,ও কঙ্গো কঙ্গো শ্যামলী বলেছি কোন গো সবুজের ভাব গো সবুজের ভাব সেমাই চিনি আনো গো
/kaggle/input/regspeech12/test/test_kishoreganj_0018.wav,আম্মার দিকে রাস্তা হাসান ভাই সামনে হাসান রাসান হাসান ভাই সামনে হাকাসা ঠিকই কিন্তু হাকাসা হাসান হাকাস নস্যিকার বেশি খারাপ হাকাসা হাসান হাসান হাসান হাসান
/kaggle/input/regspeech12/test/test_sylhet_0405.wav,তাইলে আমার বাপের বাড়ি গিয়া হইবে হইবা ইতা সমস্যা একটু হলেও যদি আল্লাহ আমাকে বাচ্চারা চাইলে এতে মনটি কই বলে নেহ না হৌ মন রয়েছে হৌ উল্টাপালটা হরে হৌশক তা করে আমি কিচ্ছু মাচি না হে বাবা তাইর মনে যে তাছাড়া ওটা উপরে কর মানে ওখানে বা বৈ নাকি মানে খুব ভালা
/kaggle/input/regspeech12/test/test_sylhet_0242.wav,এটা আসলে বিয়ের ব্যাপারে আসলে আমি খুব উৎসাহ বিলাসী না
/kaggle/input/regspeech12/test/test_noakhali_0023.wav,মামা আজ একজনের কাজ করে যান
/kaggle/input/regspeech12/test/test_sylhet_0536.wav,কয়েকবার আইসিনি তোমরা ব্যবসায় তোমরা কে কার মেয়ে আব্দুস সাত্তার মোহাম্মদ ইয়াসেদ্দি সাতারের মেয়ে তোমরা দুই বোন না
/kaggle/input/regspeech12/test/test_chittagong_0115.wav,মাইশা কি রে কিছুতে হোনা খবরটা নাই এটি গর্ত নয় হইতে করা তুমি ব্যাটার নয় হইতে যখন এখন আগে অনেক রাত জিনাক্তি
/kaggle/input/regspeech12/test/test_sylhet_0423.wav,এখন ওই চিঠিটা পড়ে দেখো আমার হিন্দ বার ঘণ্টা বার ঘণ্টা দুই দিন অপারেশন করছে এই এক লাগাল আগে কিন্তু তারা কিন্তু ভুল উপারেশন কিন্তু তারা কিন্তু এই বিষয়ে জানা আছে তারা আরও বিষয়ে জানিয়ে কিন্তু গিয়ে অপারেশনটা করতে পারেনি
/kaggle/input/regspeech12/test/test_narsingdi_0075.wav,না দ্যাশ নাই দ্যাশ নাই আমি বললাম দ্যাশ নাই তুই দ্যাশ নাই মেরাতেছে টাকা বাড্ডা সত্যি কথা দিস না তুই
/kaggle/input/regspeech12/test/test_narail_0053.wav,এক আলীর জমি ওটা কত নম্বর দাগে তোমাকে দাও তাকে জানাও তেরোশো সাতারো টাটারো বা চৌদ্দ মইধ্য দশের থেকে কুড়ির ভিতরে
/kaggle/input/regspeech12/test/test_sandwip_0112.wav,হিয়ানের ঐ কিসে এক বছর মাতৃস্কুল যেন হাই স্কুল গেল গেল বাবু লেনেন্সিসি আনাইনো তুই যে স্কুল আছ তুই জেগে নিলে বলিস না কেমন হইতেছে
/kaggle/input/regspeech12/test/test_sylhet_0079.wav,ধাইরের পড়া আছে ফরা গুলা শেষ হল না আমি তো আমার খালি কিডনিকে যাওয়ার ভিতরে শুরু করি এমনে অবসর সময়ে কোন শোক ওক আছে নিয়ে হেক জনের তো এক ধরনের শোক থাকে
/kaggle/input/regspeech12/test/test_kishoreganj_0051.wav,গরু বা শুটিন তানিয়া গরুর মাথা থান্টে আবর্জাতে আঁচা উডারের কৈদুল ভায় এটাতে আদাল রূপা দিবা প্রজিবাদ দিল ভায়
/kaggle/input/regspeech12/test/test_narsingdi_0004.wav,কর্ম হারায় ফেলছে না ফিফের বসায় দিছে কিন্তু ওরা যখন ঢুকছে দলে তখন থেকে কিন্তু খুব ভালো করেছে তবে বাংলাদেশের মধ্যে মাশরাফিটা খুব মিস করি হচ্ছ হলো ক্যাপ্টেন সিং
/kaggle/input/regspeech12/test/test_sylhet_0211.wav,আমরা ইউনিয়নের ভোটার কি তো ভোটের তালিকা করার ইঁগুরুর দায়িত্ব করছে আমার বড় ভাইরাস্তায় তাই নিজের সময় এসেজি পাস করিয়ে ফি তো ফি দেখায় তাই নোর যে প্রাইমারি স্কুলের স্যার স্যার এডিসোন যে আমার একটু জরীপ বলার তথ্য লইয়া গ্রাম থেকে আনিয়া আমার একটু হেল্প করে
/kaggle/input/regspeech12/test/test_narail_0032.wav,যেটা খুনি চাই নিচ্ছে ওটাকে পিছনে দাঁড়াচ্ছে স্কুলের নামে যেটা দিয়া গেছে ওঠুক তো স্কুলের নামে স্কুল পাবে স্কুলের নামে এগারো শতক ওঠুক বাদে শিববাবুর জমি আছে
/kaggle/input/regspeech12/test/test_barishal_0061.wav,আর দশটা সিগারেট খেললে এখন হ্যায় দশটা সিগারেটের দাম দ্যাশোটা তাই একদিন আমি মনে করে নিজে নিজে চিন্তা করছি বিয়ের পরে ঐ সময়ে কিন্তু খাই এখন একদিন চিন্তা করলাম যখন আমার প্রথম পোলাডা হইল একটা জিনিস চিন্তা গেলাম যে দৈনিক মুই দশটা সিগারেট খাই দশটা সিগারেটের দাম দ্যাশ
/kaggle/input/regspeech12/test/test_habiganj_0077.wav,আবার মহিলা কলেজে না মহিলা কলেজে ভর্তি না আমি কিন্তু সুচন্দ্র কলেজ আচ্ছা এখানে সুচন্দ্র কলেজটা এটা কোন এরিয়ার মধ্যে ডেউলিগ্যার যেন নবীগঞ্জ হবিগঞ্জ রোড আছে না
/kaggle/input/regspeech12/test/test_sylhet_0607.wav,ও এর ফলে আমি তো এটা নিয়ে বেশ প্রথম দিয়ে খুব এক্সাইডেট আসলাম তরারে যেভাবে দিছি উত্তরে দেখা যায় তার দায়িত্ব সবাইরে জানালে জানালে কারা জানাইতে তো যারা যারা আছে তারা নাই বলা দেশেও
/kaggle/input/regspeech12/test/test_narsingdi_0104.wav,ভিয়ার কি চাষ শেষ না হালু দানা বানাইছিলে এদিন কেন এমন মানাইছিলে বোইন বোইন বিশ্বাস কর এরা জাস্ট একটা কি কথা বলে আমি আমার মতো কেন বানাইছি ঠিক আছে গুরুদ্দুজের মধ্যে কফিটা ল্যাবলেন করার আগে কফি মারাচ্ছে
/kaggle/input/regspeech12/test/test_rangpur_0003.wav,যে গোসলা দিবেন না মেনা উমরাকে গোসলা আছে পায়ে কোটে গোসলা আছে
/kaggle/input/regspeech12/test/test_sylhet_0169.wav,সিরিয়া বিরিয়ানি সুন্নি মানুষ ফেটোর বুকে মানুষ দিচ্ছে না লুটপাট হচ্ছে বাচ্চা বাড়িগঞ্জের পিতাগুমা তে এখন যে জিনিসপত্রের দাম এখন যেরকম আপনারা সবাই কী রকম কিন্তু দাম আছে
/kaggle/input/regspeech12/test/test_sandwip_0107.wav,আইনের এগের শুরু বেলাতে এখন অবধি আয় কোনোদিনই নাই কোনো দুই ফার্স্ট হইতে হইব তরল রঙে একত্রিত এবং কোন সাফাই কোনোদিন দিবে তারপরে নব্বই হাইক্রোবায়ের একসাফার হল আইন যদি কম আসা হত
/kaggle/input/regspeech12/test/test_sandwip_0065.wav,ও মাথার তেলদান দিছে বাপে কোন প্রস্তুত তাকে তোর বাপে মুখ কষ্টা তোর প্রস্তাব দাবি দিলে বাপে কি কি করছে বাপে রোগে আল্লাহর আল্লাহ আল্লাহ কি আল্লাহ লাগেছে তো যাবে কিছু তোর বাপের রকমেরিয়া মায়ে অলা আসন শুরু করছে আগে আল্লাহ মুনিয়া তোর কোন দিনে যে তোর বুদ্ধি বাহিত বুঝিলেন না কিসে
/kaggle/input/regspeech12/test/test_narsingdi_0013.wav,প্রিমিয়ার লিগ গুলা খেলতাছে রূপগঞ্জের হয়ে আয় যে খেলতাছে ডিপিএলের কথা বেশ না আম্পায়াররা কী সিদ্ধান্ত দিয়ে আউট দিয়ে দেয়
/kaggle/input/regspeech12/test/test_habiganj_0063.wav,এমন কোনো কাম কাজ করছি না যে বাজারদর্শ মানে সব কাজ মা বাবার করি এর পরেও আসে না নিয়ে যদিও একদিন একটা বুরহিল ইসলাম স্কুলে গিয়া সেটা কলেজেও গিয়া আমার বান্ধবীরা যাইত মার্কেটও যাইত এরা বলে যা মৌমাক কিন্তু আমার হাসি এটি হাসির আমি মারে না হই একটা জামাইনাল ইসলাম তখন জামাটার দাম আমি আইনালেছি বেশি দাম দিয়া জামাডার দাম
/kaggle/input/regspeech12/test/test_sylhet_0246.wav,যার যার পড়তাম ভাই একবার এক বাহিরে দেখাইটা ইবায় টিউশনি করিয়া আমার হোস্টেলে সনাস্থা চালাইটা আর এরকম অবস্থাটা আমি ফিল করতাম যে আমার ভাইজাও তো কষ্ট করিয়া আমারে পড়ার নিরুদ্ধে খাদ্যের আজকের একটা দিন আমি কাজ করলাম আমি আসতে কিটা পড়লাম আমার এটা সবসময় বেঞ্চ ট্রোনের মতো হোস্টেলে দেখার অবস্থা
/kaggle/input/regspeech12/test/test_sylhet_0680.wav,স্যার আমার ঠিকমতুকু মন্দ লাগে তে মানে আন্টির ইচ্ছা কি তো এখন মানে
/kaggle/input/regspeech12/test/test_chittagong_0100.wav,সিরিজের মধ্যে দিলাম তার নোলে পাঁচ মিনিটের মানে মোটামুটি ভালোই ইংলিশের মধ্যে ভাই মানে খারাপ হই জানেন অবশ্যই ইংলিশের মধ্যে কেন হারাপ হই
/kaggle/input/regspeech12/test/test_barishal_0062.wav,এই দ্যাশ টাকা যদি মোর ফ্যামিলিতে বাছে মোর কাঁচা মালের বাজার হই যে মুই এই ল্যারমারার খাম হই না এই ছাড়িয়ে দিছি এই যে বিরি সিকিরেটের মধ্যে যদি কোন মানুষ কৈত্যের নেশা আছে অল্লাকা আমার চ্যালেঞ্জ হইবে অর্ধে হয় তৈবে যে কোন জায়গার নেশা আমি মনে করেন একটা না
/kaggle/input/regspeech12/test/test_habiganj_0055.wav,মা সত্তার দেখায় উহাই দিচিল হইসে বলে ভাল হইছে এরপর থেকে আমরা বাড়ির মেয়ে যখন আমার রাতে শুটকিত হারি যে ভাল হইছে ওহ না হয় তুই শুটকিত হারি রান আমার থেকে তুই বালা হই রান আনতে পারিস এরপরে ইতাহার তে হইতে ঐ আস্তে আস্তে মা যেটো যেটা রান দেয় ওনার নিদে হাজা আস্তে আস্তে সবুই ফারি রান দান এরপরে ওন আর কি তা হৈমু ওহং রানতাম রানতাম হয় আসেই যখন আমি এমন এমন এমন এমন জামেলাতে পড়ছি
/kaggle/input/regspeech12/test/test_sylhet_0529.wav,মানে ইহার সময় তো এই কথা তখন ভয় লাগে তো অনেকে দেখলে এটা এমনি ক্ষেত্রে হতে পারে না ভয় লাগছে না এমনি সাউন্ড হয় বেশি নামার সময় নামার সময় অতিরিক্ত সাউন্ড একটা স্থানান্তরিত হয়ে উঠে উঠে উঠেছে
/kaggle/input/regspeech12/test/test_habiganj_0117.wav,ও আগে সস্তা আসিলে এখন মোটামুটি দাম হয়েছে গেছলাম এখন তোমার যে দাম গুলা আছে এই দাম পরিমাণে আমরা মোটামুটি পায়ে তৈরি হই আর আগে তো শীতের সৃজনের ফুল প্রথমে সস্তা আছে
/kaggle/input/regspeech12/test/test_kishoreganj_0029.wav,এ একদিকে আমার যে আইসিলেম ভালো লাগেছে না
/kaggle/input/regspeech12/test/test_sylhet_0451.wav,সারাদিন কেমনে খাটে আন্টি একলা বাসায়
/kaggle/input/regspeech12/test/test_barishal_0043.wav,হেই আদি বেঞ্চি ও খালি দড়িটি টানতে একটু জাগাইতেছে এইটুক কাম করছে হেই কাম করিয়া যেই সমস্ত ব্যবহার মূল্যাগে করছে হেই ব্যবহার করালেই গ্যাঞ্জাম বাদ যে বিশেল আকারের মূল্যাগে ও মনে করেন মোর কয় গাড়ি রোডারে কইছি কুডো কিনতে মানা করছি কুড় কিনি নে করু পালতাম এই কুডো হুকুম পেয়ে যে কই তো মোর তো মিটের গ্যাসে গরমে দিসি একটা শর্টার লাগাইয়া
/kaggle/input/regspeech12/test/test_chittagong_0122.wav,বৃষ্টি দৃষ্টির পরের আহান্য অবস্থায় ভাই তোরা বেগম বেলার অধ্যায়ের আদেশ্যে আধুনিক এগিয়ে গিয়ে গুই আরাম ভালে ব্যায় তোদের বুয়ার নানান বাড়ি আমার মায়ের বুথে বিশেষ জন্য নানা পরীক্ষা ছিল না যে
/kaggle/input/regspeech12/test/test_sylhet_0296.wav,যেহেতু কথাবার্তা ফাঁকা হয়ে গেছে এখন ই জায়গার মজার জন্য স্মরণ দেওয়া কিংবা এগুলা সাইকোলজিক্যাল বিষয়গুলা যদি অ্যাডজাস্ট করে না তখন তো স্টার্টিংটাও নেগেটিভ হয়ে যাব তখন আমি ভাবলাম যে ওটা তো আসলে
/kaggle/input/regspeech12/test/test_narsingdi_0133.wav,ইনোস্যান লাগত ঠিক আছে কিন্তু তার স্যার আমাদের একটা দুষ্ট দুষ্ট বাবা ছিল এই যে দুষ্ট বাচ্চা কই জায়গার টুল ফোরে আল্লাহ দিলে আমি বলিন বুড়া বড় এত এত সুন্দর আছে এটা আমার কথা নয় এটা মানুষের কথা ওকে আমার চাইল্ড হুটলে একটা অনেক কি আছে
/kaggle/input/regspeech12/test/test_narsingdi_0066.wav,আমার সুরা বেশি ভালো লাগে মেলি ফ্রেন্ডস মজা করা লাগে ইংলিড তোমার সব ফ্রেন্ডস লাঙ্গুই তোমার সাপ সাপ যেকোনো সময় রেকর্ডের সময় ছোবল মার বাইরে সবার নেভিয়া সাদি করা সিটকেল
/kaggle/input/regspeech12/test/test_habiganj_0074.wav,উদায় উদয় নষ্ট মানে কি তা কহিতাম একেবারে জীবনটা এই যে একেবারে অলসে অলসে হাঁটাইতেছি আজির আজির হাঁটাইতেছি
/kaggle/input/regspeech12/test/test_sylhet_0762.wav,এক দেড় বছর বয়স থেকেই আমাকে দেখাপড়া করি না
/kaggle/input/regspeech12/test/test_sylhet_0386.wav,যে দিকে যেতে ফুটবল যাওয়া যায় তোমার বাড়ি সাজে ঘুরে দে বাইরিয়া কতটুকু সময় লাগবে না সময় বেশি লাগবে একবার মানে গলি চলিত নাই না বলি বেলি বলি তোষটি বেলি কোথায় করিলাম যে একবারে রাস্তা দিয়া গিয়া শেষ মাত্র
/kaggle/input/regspeech12/test/test_noakhali_0017.wav,না হলে তিনি আবার ব্যাপারের লোভে একদিন জ্বালা লাগিয়ে অন্য তুলে দেখেন গাদ্দা তো আনা থাকেনি
/kaggle/input/regspeech12/test/test_sandwip_0017.wav,হিসেব কিতাব একদম নাই বেশি একদম বেহিসিবী আর না হলি জামাই গুণের গুণের প্রশ্ন
/kaggle/input/regspeech12/test/test_kishoreganj_0067.wav,থোকা দিয়াম হবে এলে তো তাড়িতাম না
/kaggle/input/regspeech12/test/test_chittagong_0072.wav,আর পাবলিকের মধ্যে অন্যদিন হয়তো বিয়ে খুটে আসছে তাই তারা ফরান স্টুডেন্টের খরচ বেশি পাল্লায় কেন তো কেন কিন্তু এরা ফোয়ালে কান মানবে কিছু ভালো
/kaggle/input/regspeech12/test/test_sylhet_0298.wav,আমি গিয়া ছাট ছাট ঋণ দেখি আকাম তাইনু আমি যতটুকু জানি তাই তখন টিউশনি করিয়া পর্তা গ্রামীণ ব্যাঙ্ক থেকে শিক্ষা ঋণ লইয়া বাবা মারে দিতা খরচাদি বাবা মার দিতাতে কাজেই ওরকম চলবেন ঐ সৈন্য ফুরাফুরি
/kaggle/input/regspeech12/test/test_rangpur_0127.wav,ওর বুমোর শাকালি দিলেন হাহ দাদা কানি কথা শোনা যাবে
/kaggle/input/regspeech12/test/test_narail_0015.wav,তুই টানা দিস না তোর কাছে কেউ শুনতে গেছে নাই তুই টানা দিস নাই তুই করতে গেছিস কি জানি যে আমি এরকম টানা দিস তাহলে আমরা সৌরায় নালী ওই বাবলু সৌরায় আমি বাবলু রেভিলি করেছি বাবলু তুই বলে টানা নিচ্ছিস তাহলে এত টাকা কই গেল আমরা তো পাইছি দশ হাজার টাকা আমার এই কথা কালাটা কাকা না
/kaggle/input/regspeech12/test/test_chittagong_0057.wav,তোরা মজুদের হাতায় গেন না কেন হওয়া চাই তুলে না দিব দেরি ঠিক আছে চলো তুই এখন যাক তুমি মায়ের সেতুর পাশে যে চাই তাকে আনা রাখ রাখ রাখ ভাই রাখ ভাই রাখ ভাই
/kaggle/input/regspeech12/test/test_sylhet_0088.wav,আর আপনি উক্ত হলেও থাকেন নাকি তার
/kaggle/input/regspeech12/test/test_kishoreganj_0100.wav,মুশকো কি কে আবার
/kaggle/input/regspeech12/test/test_sandwip_0085.wav,রামাই তার প্রজন্ম দেখে না বল হ্যাঁ তুই ভেতরে মাফালি আরোপ করো তুই হ্যাঁ হুম যাবে না একসময় ঈদের মাথা থেকে এতে তো ঘুরে দেখতে শুরু হয়েছিলি আই আনের রায়কে মোবাইলের লাইব্রের দিয়ের মাথার উল্লেখে ফেলেছে
/kaggle/input/regspeech12/test/test_tangail_0039.wav,তার পরিবার থাকে ইন্ডিয়াতে তাদের একটা নিজস্ব চিড়িয়াখানা ছিল পশুপাখির সাথে ইরফান খানের একটা স্পিচুয়াল একটা কানেকশন ছিল অন্যান্য প্রশ্নের সাথে কিন্তু
/kaggle/input/regspeech12/test/test_sylhet_0352.wav,তখন ডিজিও করিয়াছে আচ্ছা ঠিক আছে আমার লোকে দেখা করিও তো গিয়া দুই দিন আগে দেখা করার পরে হইল যে সিলেট সুনামগঞ্জ কোন পোস্ট ফাঁকা নাই
/kaggle/input/regspeech12/test/test_chittagong_0156.wav,আপু অনার্স রান্ডে কিনে পয়েন্ট লয়ারের যদি জানে কি সাইন্টো অনার্স যদি পয়েন্ট হুদুল্লর সাইন্ট তুলে নিক কিনে সাইন্টো জালিয়ারি
/kaggle/input/regspeech12/test/test_sylhet_0303.wav,আমার যাতে বাড়ির যাওয়া লাগে না তখন তোমার স্যারের লোকে আমি মানলাম যে আমার কিচ্ছু লাগত না আমি ইউনিভার্সিটির পড়াটা শেষ হয়ে গেলে চাকরির প্রিপারেশন লইতে আমার কিছুটা টাইম লাগব আমার একটু টাইম দরকার আর ই টাইমটে আমি বাড়ি যেতাম না
/kaggle/input/regspeech12/test/test_sylhet_0416.wav,বাচ্চার মত ডায়াবার ফিল্ড দিয়ে আমি চাচ্ছি প্রতিদিন এক ক্রিকেট ক্যাম্পাস মনে করে তোমার সাত শো ঊনত্রিশ টিকা প্রতিদিন আমার এর দিনে প্রাইতে সাত শো ঊনত্রিশ টিকা ক্যাম্পাস লাগছে
/kaggle/input/regspeech12/test/test_chittagong_0171.wav,সাইন্স অতএব তোর বাপাল্লা বেশি অসুস্থ তোর বাপাল্লিক ক্রিকেটার নাটক নৌদুস তোর বাপাল্লি সাময়ের লালিকে ভেঙে গেছে
/kaggle/input/regspeech12/test/test_sylhet_0608.wav,আজ যারা যারা আজকে এরা লোকেতে দেখা হইব একটা সুযোগে তো হেয়ম মেবে যতটুকু ফার্সা সব গুলার জানাইছে মাহফুজ দত্তকুশ রাইব এখন নাসটা হালকে তো একটা ডে দিলাম নামি এখন এই ডে দিকে এখন দেখা এলাও আমাকে কী তা হয় দেখলাম তোর কিছু নাই দেখে না তোর মাথাটা ফাটাইলাম না
/kaggle/input/regspeech12/test/test_narail_0169.wav,দুই তিন মাস ছয় মাস তা লাগবে কারণ তবু ওষুধগুলো দেবে তাতে কী বাংলাদেশে নাকি রাজকে দেখাই কোনো দিন পর আবার আশ্রিত হ্যাঁ না একসাথে কোনো রোগ কি করেনি
/kaggle/input/regspeech12/test/test_barishal_0055.wav,তাই লোষ খণ্ডা কিসের যদি এখন কষ্টের জিনিস যদি ঠ্যাং না ছাইয়ে বয়ে থাকতাম অথবা দান দাইছে মুই দশ দিন বয়ে থাকলে মোর কি হইত মুখি না খাই মরতাম থাকতাম না খাইয়া
/kaggle/input/regspeech12/test/test_sylhet_0537.wav,তুমি বড়ো তুমি মেডিকেলে না পটা আমি নামার সুতো বন্ধ করে আমি অনার্স থার্ডিয়ারে মোদের মোহন
/kaggle/input/regspeech12/test/test_tangail_0026.wav,কিন্তু সারা এরকম ভালোবাসায় বিশ্বাসী না সে সোলমেট বা ডেসটিনিতে বিশ্বাস করে সে মনে করে যে জনাথন যদি তারই হয়ে থাকে তাহলে সে বারবার তার লাইফে বিভিন্ন সময়ে বিভিন্নভাবে আসব তাই সে বিভিন্ন এক্সপেরিমেন্ট করে যেমন জোনা থান সারারের
/kaggle/input/regspeech12/test/test_rangpur_0036.wav,এই বুটকে খায় যা বুট হইল শরীরে প্রচুর এনার্জি জমিত একটা খাবার মানুষের ইফতারির সময় বুট খাওয়া আসলে উপকারী
/kaggle/input/regspeech12/test/test_kishoreganj_0073.wav,পাজা লোকে আজিকের ভয়ে যা যারা কোনো আমি করি না কেন তারা তো টার্ম একাডেমি না
/kaggle/input/regspeech12/test/test_kishoreganj_0122.wav,বড় বড় মিল ফিরতি বা কাকা নামে গেলে তুমি দাঁতে দাঁতে তার গন্ধের লেগে বিভিন্ন ধরনের আবর্জনা বা বিভিন্ন ধরনের ময়লা আবর্জনাকে দেখা ফেলা যিনি দেখার সামনে যাওয়া বাউলিরা তার নামে গন্ধে দুনিয়ায় গন্ধ যান
/kaggle/input/regspeech12/test/test_sandwip_0028.wav,হুঁইশালা ও এরা হৈশালার হোলানেলি মরালা ডাক্তার ইঞ্জিনিয়ারে ওই হোলানের মারা বিদ্যাশ্রমে থাকে মালগুরু সানা আমির হোলানি আনার সাহিব আমি এই ব্যাপারেই থাকে অতিরিক্ত
/kaggle/input/regspeech12/test/test_sylhet_0102.wav,তিন বেলা গিয়ে রান দিও তিন বেলা রান দে না খাটা ব্যবস্থা হবে খেয়াল শশু মাস্তো হারিটার খাটা ব্যবস্থা হবে
/kaggle/input/regspeech12/test/test_rangpur_0072.wav,কিন্তু জির্মার লাউ ফিরে গুলগুলি হারা যায় একে মাসিবানা হইলেও গুলগুলি একে পসা হইলেও একে গুলগুলি মুই মাছ হই লাউের জন্যে মাছ ভাই করুম না যে কালকে মুই লাউ লাউ মাছ ভাইকিরি লাউ দিয়াছি মোর ভাইটাই কদিন আছিল মাছ কেনার আগে নাই
/kaggle/input/regspeech12/test/test_kishoreganj_0027.wav,গ্রামের নাম কি সামরাজ সামরাজের বাড়ি নজরুলের স্নুই নজরুল বলতে যে আমার কিন্তু এক গাড়ি আছে না
/kaggle/input/regspeech12/test/test_rangpur_0013.wav,আমার জীবনে আমার চেয়ে বিষয়ে যে ঘর হাঁটু খুলবে
/kaggle/input/regspeech12/test/test_sylhet_0027.wav,এটা দায়িত্ব নেয় পুরুতে যে পূজা করে পুরুহিত আর দায়িত্বই মত কমিটি আছে সবকিছু নিয়ে আমরা সার্বজনীনতা সবার কাছে চাঁদা দিয়ে নেওয়া হয় তাই সবার কাছে চাঁদা নিব মিঞা মিডিয়ার একক নয় বাঝা এটা সার্বজনীন পূজা
/kaggle/input/regspeech12/test/test_sylhet_0483.wav,মানে উর্ভু অবস্থায় এরপরে আমরা অসুস্থ মানুষ এরপরে এটা ইন্টারন্যান্ডের ছোলা ফিরাই এগুলোকে আমার একটা উঁচু লাগের লাগে যদি বাচ্চাবাচ্চা মারা যায় এখন বুঝতে পারা যাচ্ছে কিন্তু ব্যবস্থা না এগুতো অব্যাচ্য মারা যায় হোক অন্য কোনো সমস্যা হয়েছে যার খুব দীক্ষিতায় মারা যায় গিয়া আমরা আবিশেষ করে বুঝলাম যে আমার লাকে একটা সমস্যা ও কারণও বানাইলে বাচ্চার হ্রেমে আগে যায় সব কিছু কিছু কেউ করে পড়ে কিন্তু দৈবার সময়ে তারার সময় তারার মারা যায়
/kaggle/input/regspeech12/test/test_rangpur_0078.wav, এদেন খুন হইবে ওদেন খুন হইবে না ওর পাশের ওয়াশ নাড়ি পরি পরি পরি পরি কয়লা পরি করে সাইন করে দিবে তারপর শুনে শুকিয়ে পড়ি মাদ্রাসাদ ভালো লাগে
/kaggle/input/regspeech12/test/test_narail_0143.wav,সুকোয় দিলাম কোন্তে তুমি মনে করে দেখতে আমি গতবার যখন ইন্ডিয়ায় আসছিলাম তখন গতবার ইন্ডিয়ায় ছিলে তখন তোমার আমার কাছে আশার কথা ছিল বাবা
/kaggle/input/regspeech12/test/test_sylhet_0014.wav,পূজা করিয়া তারপরে আমরা প্রসাদটা খাইয়া তারপর শেষ পূজাটা তারপর সন্ধ্যার সঙ্গে প্রতিদিন সন্ধ্যারাতে করা হয় তার সাংস্কৃতিক অনুষ্ঠান ধর্মীয় যেমন ধর্মীয় গান আছে না আমার শ্বশুরের গানটা নিবেদন করে অনেকে
/kaggle/input/regspeech12/test/test_chittagong_0029.wav,সুতরাং বিয়ে দিবিলাম দাহা দেখিয়া লাগে নাকি হরি নগরী মানসম্যাগ গড়ে এটি মগ্য প্রতিন ইয়াহুরি একটি মোবাইলের দোলাদিলি
/kaggle/input/regspeech12/test/test_narail_0142.wav,না উড়োয়াদের স্তমার কথা তাতে হবে না তুমি আসো তোমারে দেখি না মেলা দিন দেহে মেলা লাভ আছে তুমি আসো যার সাথে সব সম্পর্কই সুপারিশ তিনি তারা দেখে লাভ কি পা
/kaggle/input/regspeech12/test/test_kishoreganj_0136.wav,এদেশে ফল হয় এক রকমের ফল
/kaggle/input/regspeech12/test/test_sylhet_0225.wav,তো আমি পড়া আরম্ভ করলাম পড়তে পড়তে মেট্রিক পরীক্ষাও দিলাম তো মেট্রিক পরীক্ষা দিতাম যে আমরা তো গাওতাসী গাওতে কি শহরে হইয়া পরীক্ষা দিলে তোমার আর ও টাইমে বিক্রি হইয়া পরীক্ষা দেওয়া যাইত না
/kaggle/input/regspeech12/test/test_habiganj_0097.wav,সিলেটে তো অনেক বালাবালা জায়গা আছে সাদা পাতার দেহা আমি আমার তো অনেক শোক আমি কেড়ে যে খুব সময় যেয়ে যাইতাম চা বাগানে
/kaggle/input/regspeech12/test/test_narail_0095.wav,যতটুকুই ভালো সম্পর্ক না কান্তাও এরকম কথা বলতে পারিনি কে স্যার জানেমান তুমি তো দেরি ফেলেছ এই যে তোমার সাথে আমার সম্পর্ক তোমার সাথে কত কথা হয়েছে এই কথা তো কেউ জানে না
/kaggle/input/regspeech12/test/test_narsingdi_0102.wav,কিন্তু একটা ফ্যাক্ট কি দিয়ে পেরে দিলে টেয়ারি এখানে রাইকারি রইলেন অবশ্য আমি আবার আসিলে যাবার সময় চাচার না পাঁচশ টাকা দিয়ে দিব এক্সটেম্বরে এবং করতে প্রাইলেই রামাবাহী তাকে বাড়ছে টাকা দিয়ে দেয়
/kaggle/input/regspeech12/test/test_rangpur_0109.wav,পাতা কুড়ি নিয়ে দেখি লেশ আমি গেলে ভালো খাই নাই এতোর চোট্টার মত থাকতেই ভালো আছিল না ইত্যাদি হইলে মানসি টাকা দেয়াই খেলেছিল খুব নোয়া
/kaggle/input/regspeech12/test/test_kishoreganj_0032.wav, এইটেই এইটেই সামনে থাকে বস্তির এই সামনে তাল ধসী প্রক্তলিত ঘুমিলে
/kaggle/input/regspeech12/test/test_sylhet_0597.wav,কালকে তো রুবিন আল্লাহে দেখা হইল আস্তে আস্তে আস্তে আস্তে আস্তে দাও ইয়া হাতিয়া গোতাবান্দরে দেখলাম নালের বেছে আমি হালকা সত্যে শুরুর গেলাম অনেক যদিও বিয়াটা নয়তো বিয়াও এই খেলানি আমার সাফাত্ত বই না
/kaggle/input/regspeech12/test/test_sylhet_0081.wav,আমি তো বেশি আগ্রহ জানি না আমার ভালা লাগে না আমার বেশি পড়তে বলে না আমি প্রথমে পড়তাম নয়তো তখন টিচার বা আর আগ্রহ যা বাড়ার পর থেকে টিচারের চেয়ে তা তো করা লাগবে
/kaggle/input/regspeech12/test/test_barishal_0078.wav,ধরি উল্টাপ উল্টা হয়ার কোনো কথা না
/kaggle/input/regspeech12/test/test_sylhet_0632.wav,আর শিক্ষার কারিকেল আমার যে চেইন রাইস্কিসে এখন তার সাহায্য নাই নড়িতার ব্লেজ মাত্র ছয়টা সাবজেক্ট সাইন্সার্স কমাতে যাতে নাই হোক কিন্তু পজিটিভ ইমপেক্ট করব না নেগেটিভ বিবেকার না আসলে
/kaggle/input/regspeech12/test/test_sylhet_0074.wav,শুরু হয় দুর্গাপুজোর দিয়া শুরু হয় দুর্গাপুজো হবে
/kaggle/input/regspeech12/test/test_sylhet_0259.wav,আমার বার্ষিটির চান্স রাই তুই আর এমন দেখাই আমি তো আট থেকেই পড়ছি এখন আট থেকেই করছি বিদায় আমার বার্ষিটির লিমিটেড হইতেছে আমি তো অশ্বাক্তির মাঝে এপ্লাইও করতে পারতাম না
/kaggle/input/regspeech12/test/test_kishoreganj_0054.wav,লজান দে দোয়ান করলে লজান দে মাইন তরাপরিকা শেষ হ্যাঁ তাহলে কি বৈকিচি
/kaggle/input/regspeech12/test/test_sylhet_0587.wav,সাকিবে আমার ফরেস বেটার কিছু করলে তবে যে হইব তা তা পেটায় পাম দিছে এমন ঘরের সবেও সেও না মানচিন না কিস্তার চিকিৎসা করে আল্লাহর মানুষকের তেরেফোর এতটা দিন আজ চাহিদা যাচ্ছে হারা
/kaggle/input/regspeech12/test/test_rangpur_0046.wav,এলারু ধনী হয়া হয়া এক না করু হয়া হয়া সেই এলাকে অমন কেমন করে এলাক কার ঘর নাই
/kaggle/input/regspeech12/test/test_sylhet_0750.wav,আর আপনারা এখানেও চেমানে পূজা আর্চনা কেটাকেটা হয় আমরা এত ফারিবাড়ি ছিল সেতু লক্ষ্মী ভিভাওয়ায় লক্ষ্মী ভিন্ন মাইলে দুর্ভিন্ন ফারিবাড়ি ইত্যাদি বড় বড় অনুষ্ঠান আমরা করার মতো নয় ধরে বা দুর্গাবুজা খালি হুজা
/kaggle/input/regspeech12/test/test_tangail_0027.wav,যখন ওর নাম্বারটা দেয় পাঁচ ডলারের একটা নোটে তখন সারা এটা দিয়ে একটা বই কিনে ফেলে বই কিনে ফেলে তখন ওই নোটটা মানে যে দোকানদারকে দেয় দোকানদার থেকে আরেকজনের কাছে আরেকজনের কাছে এরকম ছড়ায় যেতে থাকে আর সারা বলে জনা ঠান্ডে বলে যে এই নোট যদি আবার আমার কাছে আসে তাইলে ভাবমুখ
/kaggle/input/regspeech12/test/test_kishoreganj_0124.wav,তেল আঁকি পাকির দিকে কয়লা ইত্যাদি বাপা কয়লা ইত্যাদি বিশ আরেশে ছত্রিশ করত হইবা সাতান্ন আরেশে চল্লিশ
/kaggle/input/regspeech12/test/test_narsingdi_0117.wav,বইয়ের একটা মাস্টার পিস কান ব্যথা করলে বোকা মায় এগুলো বড গার্ড আর ফল এই ইন্টিউন্যার শুনছি
/kaggle/input/regspeech12/test/test_narsingdi_0058.wav,কার্যকর সমাধি কলা এবং বড় বেশ লেগে গেল কার্যকর সবাইকে সবাইকে মিউ মিউ করে থাকা আমরা কাজে আপত্তা আসি না
/kaggle/input/regspeech12/test/test_kishoreganj_0187.wav,উদ্ভিদে প্রস্তুত হল মাটির প্রয়োজন ক্ষুদ্র প্রাণী দূষণের কারণ
/kaggle/input/regspeech12/test/test_kishoreganj_0194.wav,পানিতে মিশে থাকা বার্লিকাদা ইত্যাদি সরানুর পক্ষে কি বলে
/kaggle/input/regspeech12/test/test_sylhet_0591.wav,ইহার দিন থেকে অক্টোবর থেকে মোটামুটি পালা যাক স্যার যে এইটা তাও মোটামুটি বিজিত তিন দিন সারাইন অন্যান্য ধরা এক ঘণ্টা যায় ঘুম থেকে উঠলেন দশটা সারাইল এগার এর আগে কয়েকদিন আছে
/kaggle/input/regspeech12/test/test_chittagong_0135.wav,ঠিক আছে ফুফি হঠাৎ যুক্তি আছে না হতে বা মাইনি কিন্তু ইয়ার আগে যায় সীতাঙ্গত না এবার আগে আর ফল ফল বানাইতে লজ পুরানা হই জায়গা বড় ফুফিল্যান্ডের উঠতা পরে তোরা আর লইতে হবে ঠিক আছে না তাছাড়া আমি পার্টফ্রেন্ডে এসি তোরা হলে এত বাড়ি কেনার নিনটা
/kaggle/input/regspeech12/test/test_narail_0112.wav,তুমি যদি ঘুরে গেলে তোমার আর পিতু সে সংসারে কিন্তু আগুন বেড়ে যাবে নেওয়ার জন্যে কিন্তু আর্টিমেটাম দিয়ে রাখলাম শোন করে আমি ছেলেমেয়েরটা কথা কই লিখে রাখ ওরা আমার সংসারে কোনোদিন আগুন ধরবে না তো লিখে রাখ
/kaggle/input/regspeech12/test/test_chittagong_0052.wav,তুই তো ভাই কি হৈম হায়া না নাকি ডাইনি হইতে এগিয়ে নড়ে তুলে সারা যাইব
/kaggle/input/regspeech12/test/test_sylhet_0339.wav,গেলাম বাড়ি আমার ছেলে রইল বড়োটা আমার বাইরের বাসাতে আসলাম আবার পরীক্ষার ডেট রইল ঐ সময় আমার সুতের বয়স হয়ে গেছে তিন মাস এখন তিন মাসের বয়স তো ব্রেস্ট ফিজিং টাইম
/kaggle/input/regspeech12/test/test_narail_0166.wav,আরো সুগারালি তো আরও কত কিছু রোগ মানে এমন এমন রোগ আছে গড়েই না সুগারালি সেই সব ওষুধে হাই হাইব্রিডিকস থাকলে অন্যান্য ওষুধ খাওয়া নিতে যায় না
/kaggle/input/regspeech12/test/test_tangail_0041.wav,কখনোই মানত না সে বলতো একটা বাঘ কখনো মানুষের বন্ধু হইতে পারে না সেইরকম ভাবে সবকিছু ভালোই চলতেছিল কিন্তু প্রশাসন এক এনিম্যাল রাইটসের কারণে নাকি কী কারণে এই জুডা মানে বন্ধ করতে হইতেছিল
/kaggle/input/regspeech12/test/test_habiganj_0057.wav,একটু বেশিও দিছি কিন্তু অত বেশিও না কিন্তু লবণটা বেশি হয়েছে ইতালি আমার বাবা হয় দিল্লি তো তুই কত ভালো হইতে থাম দোস আজকে তুই কেরে অত লবণ দিলে তার মা কি তার লবণ দিয়া দিছে আমি হৈ মাহুত্তি দিছে লবণ আমি তো আর লবণ দিচ্ছি না আমি আর কোন সব লবণ দিলাম আর আমি কিন্তু ফাঁকি দিয়ে একটু লবণ দিছলাম বেশি হয় আজকে একটু লবণ যদি বেশি দেয় তাহলে তো আমার দিয়ে আর রান্নাইত না আমার ওখানে মজার মজার বুঝা লিচালিচি আমার আর রান্নার রান্ন তো আর ভালার লিলা দিলা আর আর ভান দিলা দিলা আর আর ভান দিলা দিলা আর আর আর আমি কিন্ন্না ফামে নামে নামে নামে নামে নামে নামে
/kaggle/input/regspeech12/test/test_habiganj_0003.wav,অঙ্গু আপনাদের হোন সাথে যে উন্ডাত্তর সম্মানের হয়ে জামাইয়ের সাথে হুরে লইয়া যায়
/kaggle/input/regspeech12/test/test_sandwip_0068.wav,যেমন না যা যার বাপের বাড়িতে থাকতাম আজ ছাড়া বিয়ে কিন্তু আদ্দ নাম নিয়ে যেরকম গ্যাসে নিয়ে হিসেব করলেও যে
/kaggle/input/regspeech12/test/test_kishoreganj_0006.wav,গাড়িতে রাখা গাড়ি তৈরি করো গাড়ি ধরা করো গাড়ি যাবে
/kaggle/input/regspeech12/test/test_habiganj_0095.wav,সামনে যদি সিলেট যায় কলেজ থেকে যদি সিলেট পিকনিকো যায় তাহলে যাওয়ার ইচ্ছা আছে দূর গুনানো গেলে ফ্যামিলিস্টিকা দিতা না দিতা না যাইবার নাকি দূর যাওয়া আব্বা পছন্দ করেন না কক্সবাজারে গেলে যাইতাম না সিলেটের বৃত্তিক গুনানো যাইন তৈমা নাইলে যাইতাম না
/kaggle/input/regspeech12/test/test_sylhet_0562.wav,আর সারিনারি পেপার ড্রাগরিন কোর্সের মার্ক দেখাইছেন দেয়ায় আছে নিবারিণ কোর্সে যে তত ফাইস হত দিন মাত্র সারদা হইত নাই বালাউড়ি পুড়িয়ে আর তো টেনশনে আর এত ঠান্ডা অন্ডার উপেক্ষা করিয়াম শান্তি করছে
/kaggle/input/regspeech12/test/test_chittagong_0055.wav,অ্যাকালেতে বৈতিকী দুনিয়ার সাক্ষাৎকার বাসন দুনিয়ার ভেন্না ভেন্না ব্যাকিন নিয়ে রোবেন হাম হলেস গড়িয়ে রোব বৈতিকীদের মতো হন না এটা হয়তো তুই আবালক গড়া হামবেকিং গড়িয়ে রামমারে ইমপ্রেস দিতাম
/kaggle/input/regspeech12/test/test_narsingdi_0019.wav,ওই কথা আছে না খুব তাদের উপরে উঠে গেলে মানুষ পরে নিজেরা তাকাতে চায় না হয়ে ভুলে গেছে আর কি যে কই ছিলাম আর কোথায় হয় এগুলা হয় ক্রিকেটে এগুলা হয়
/kaggle/input/regspeech12/test/test_rangpur_0107.wav,ছাগল আছে নিকি পাতাটা দেখিস না খাস পাস নিয়ে দেখিস না
/kaggle/input/regspeech12/test/test_barishal_0097.wav,হাইডু বিবেকা নাজু বেড়া হারাদিন কাম করিসি দেই এই হল সমস্যা কিছু কথা কই দ্বিধামকে দেখে খাদ পড়ে ব্যথা এই পানি জাতীয় খাউন্ডা মোর রাতেই এই খাউন্ডা আত্মীবাহী কহিল মনে করে নেই যে হারাদিন কাম করছি না মোর কোন দুঃখ নাই ঘরে গেলে মোর তাল্লুর ভিতরে রক্তের ডিজাইল হয়
/kaggle/input/regspeech12/test/test_chittagong_0007.wav,আয়াধির ফল বানাইতে আরও অদ্ভুতেরও বাজে হত অনেক কিন্তু নিত্য না থাক অন্য বারে হবে এক্কানাবাদে আইয়ের পর্যন্ত হত আড্ডাগুলি বইয়ে লিটাক্ষণ হবে আজও অব্যাহতা হবে
/kaggle/input/regspeech12/test/test_kishoreganj_0169.wav,বাস্ক থেকে তলে পরিণত হওয়াকে ঘনী মোবাল বলে তরমুজের ভিতরটা খুব লাল
/kaggle/input/regspeech12/test/test_chittagong_0070.wav,তাহা কি দিবে বৌদি
/kaggle/input/regspeech12/test/test_narsingdi_0009.wav,ওরা তো রাখছে মোটামুটি তিন চার বছর দলের সাথে থাকতাছে লেগ স্পিনারের অভাব পূরণ করতে পারতাছে না এই প্লেয়ারগুলো লেগ স্পিন বল খেলাইব তখন ওরে নিয়ে যাওয়া রে লেগ স্পিন বল করে কিন্তু ওর লেগ স্পিনের সাথেও তো বাংলাদেশের লেগ স্পিনারের কোয়ালিটি মিলে না
/kaggle/input/regspeech12/test/test_narsingdi_0048.wav,টুতে বলের সময় কিছুদিন আগে খেয়াল নেই যে রাত্রেবেলা কারণ বেছে ফেলেছে আমি যে তেলের দেওয়া না হলে আমি যে মুখ মুছতাম গেছি গিয়া আমি যাবাই হিরে ফেরি গাবার লাইটিং মেটিং গেলে পার্টি নাকি করেন নম্বরে চাইতে দুয়া উঠতাছে
/kaggle/input/regspeech12/test/test_tangail_0052.wav,পরে রিচার্ড পার্কার যে বাঁকটা ও বনে চলে যায় নাইমেই বনে চলে যায় আর ইরফান খান ঐ বাঁকটার চলে যাইতে দেখে কিন্তু বাঁকটা মানে কখনো পিছনে ফেরার তাকায় না
/kaggle/input/regspeech12/test/test_sylhet_0256.wav,কিন্তু আমরা নিত্য বলা প্রান্তিক একটা পরিবার থেকে একটা কোচিংও রাখা কলেজে তো করিলেছি হুষ্টিগত কি না
/kaggle/input/regspeech12/test/test_sylhet_0029.wav,শেষ হইল ঐটা তারপরে নবমী দিনও হয় সে কীভাবে পূজা হইল টাক পুরুতে পুরুতে পূজা করল প্রত্যেক দিনে কিন্তু নতুন কাপড় দেওয়া সব ঠাকুরের কাপড় তার সাজা গাজার জিনিস আছে না ঠাকুরের কাছে এগুলি দেওয়ার পরে সবাই যে বক্তৃ করে ঠাকুরকে যে প্রণাম করে এটার মাঝে কি সবাই কিন্তু প্রণামী দেয়
/kaggle/input/regspeech12/test/test_kishoreganj_0059.wav,ধান না গাছ দুধ গাছ ধনেরা
/kaggle/input/regspeech12/test/test_sylhet_0445.wav,এই এলাকার সুযোগ সুবিধা ভালা আছে এক বারে নিরিবিলি কোন মানুষের লাশ নাই সন্ধ্যা ইয়ার লেয়ার কি তা হইত আমার যে বয়ে লাগেই এবারে কোন মানুষ নেই আবার কিন্তু একটু সামনে গেলে মানুষ আছে আমি দুই নম্বর বাসাতে আসলাম ইকুইলিতে তোমার তেতাল্লিশ নম্বর বাসা এখন তুমি বুঝে আমি দুই নম্বর বাসাতে স্থান দিলে একবারে মেইল রুব
/kaggle/input/regspeech12/test/test_chittagong_0120.wav,দিয়ে এক সেবা মেরে গিয়ে লাশ না তারের হাতে পায়ায় না বা বুল হয়ে গেলি অডি একটা হতা হয় তুই মোবাইল নোট হতে যদি রিভাত বেইন দেখলে সমস্যা বেতাল হতিছে
/kaggle/input/regspeech12/test/test_sandwip_0093.wav,সামনে থাকলে একটু বুঝে যেতে হবে একটু করবেন না মানুষের কথার কিছু হ্যারিস হতে হয় আমি তার দুর্ভাগ্য বলে দেওয়ার সামনে নাই
/kaggle/input/regspeech12/test/test_kishoreganj_0057.wav,কোচিত কামোয়ামো যে ফকিসা বিল মাস্টার আছে মানযোগী
/kaggle/input/regspeech12/test/test_sylhet_0222.wav,চাকরি করিয়া আমার পেশাটা যাতে থাকে না হাউস লাইফের পাশাপাশি যে আরেকটা কিছু থাকে পরে আমি ও টার্গেট লইয়া মনে মনে ফোড়া শুরু করছি আর আমার ভাইয়েরা আমার খুব সহযোগিতা করছেন এই হাতে
/kaggle/input/regspeech12/test/test_narail_0120.wav,তুমি এখানে আমাদের থাকলেই হলে তুমি যেহেতু অংশে রপ্তানি করবা না আমি অন্য অন্য সংসারের কথা কেন সেটা কোনো বিষয় না সেহাতে আমার পিটুনির সংসারে আগুন লাগানোর দরকার নাই লাগাচ্ছে না কিন্তু আমার সংসারটা আলো জ্বালায় দিয়ে
/kaggle/input/regspeech12/test/test_narsingdi_0068.wav,আঙ্গো গ্লাসের মাইয়া বলে আঙ্গো মানের আঙ্গো ব্যাস ট্যাকের এমায় বিখ্যাত করে লিখেছে যুব সমাজের নৈতিক অবক্ষয় কি অবস্থা গিন্ডা বাওয়ারি রাখব
/kaggle/input/regspeech12/test/test_kishoreganj_0158.wav,আমরা কি কখনো সকালে ঘাসের উপর বিন্দু বিন্দু পানি জমে থাকতে দেখেছি
/kaggle/input/regspeech12/test/test_sylhet_0584.wav,পয়লা পয়লা তো জাহানসারের প্রাইটা জাহানসারের ডিমান্ডে জাঙ্গাসু বেশি বেটায় ফাঁসা দারুণ নিশ্চি মানে না আর তেহারা থেকে বলা হইল যে হেনানি তো বাদ স্টুডেন্টিয়ার তা সব ভাষা নাই না সরামর কিছু নাই উজ্জ্বল স্তর একসাথেও না
/kaggle/input/regspeech12/test/test_narsingdi_0100.wav,ঈদের পর্দা ভুট্টো যাওয়ার জায়গায় একটা আনুবাদী হই না আর কই ঈদে সালামি নিবা নাকি আমাকে
/kaggle/input/regspeech12/test/test_narsingdi_0131.wav,শুরু বেলা শুরু বেলার কথা লাগে ছিল তোর ক্রিমি শুরু বেলার কথা আমার মতো কিউট বাচ্চা নেই আরে অক্ষর না নুবা
/kaggle/input/regspeech12/test/test_sylhet_0309.wav,ও অত্যা ফান করি করি হ্যাঁ আসলে তো গেছেন তারা বাড়িত দুয়া ফ্রেন্ড মিলিয়া বাড়িত গেছেন তারার বাড়িতে আগে গিয়া বাম্বারে বুঝাইছে তারারে কালকে বিয়া দিলাই তারা ভাবে কালকে বিয়া দিলাই তাহা হইতে কী কী দা কোন প্রিপারেশন নাই কোন প্রিপারেশন নাই তোমরা কহিল বিয়া কি লাভিয়া হইত
/kaggle/input/regspeech12/test/test_kishoreganj_0088.wav,রৌজা জমিনার পানি খাইছ কিম লাগে জমিনার পানির ভালো লাগে বেশে না কি মেঘা লাগে মক্কা তোমার কে মাংনা মোদি আমার মানে পানি খাওয়া মোদির মানে পানি নাই মক্কাতে মোকা মানে মাংনা কওয়া
/kaggle/input/regspeech12/test/test_narsingdi_0072.wav,তার এসডেল্লো খাতার মধ্যে কি লেহা এই রোবলি সিরোপ রঙ্ধ আলাদা খাতার মধ্যে কি তা তার খাতার মধ্যে কি লেহা সুই আনসডব্লুই সুই পরে ইত্যাদি করছে ঈদের জমা কয়টা এসে পড়বে
/kaggle/input/regspeech12/test/test_sylhet_0457.wav,আমার বাসায় থাকবেন আমার সাথে ওরা শুভাশ্রী না আমি নিজেও যাই গেলে তো বাই বুয়াইনি ওয়ানটা আমার সেইম ওয়ালা কাহিনী আমার বাই অন্তঃপাত বাবা আমরা শুভাচলা যেন আমরা ডুবুওয়ালা কোথা থেকে আমার আব্বা মাসাত্মকার আমার হুসুরে হুহু ডাক্তা আমার বাড়ির নিজেরা বয়ে যায়
/kaggle/input/regspeech12/test/test_chittagong_0123.wav,এই দিন ওটি এসেছে এনোত গলি রাহিতা জ্বালাইতে জ্বালাইতে ফল বানাইতে লাই
/kaggle/input/regspeech12/test/test_sylhet_0397.wav,বাজার দর নিয়ে এখনের বাজার দর নিয়ে এখনের বাজার দর রাজি আল্লাহর বাবা ইচ্ছা করিয়ালাম না সত্যার দাম বাসা বাড়া দাম
/kaggle/input/regspeech12/test/test_kishoreganj_0022.wav,লোক কেনা করবে চিনব আমরা বানিয়েছি এই নজিরে যাওয়ার তলে লোককে বরাটে কুড়ো তোলা বসা তুমি জমিতে আমরা সীমা বানিয়েছি না তাতে সব চোখ বাস থাকে নাহেন তুই না কথাসো এলাকে তো খাতা কমে ব্যস লাগে এলা আমার চিন্তা না আমার চুকুর এলা লোককে হঠাৎ একদিন সামনে হাফা যায়
/kaggle/input/regspeech12/test/test_sylhet_0190.wav,মোটামুটি বাইশ তেইশ জন সদস্য আছে ফ্যামিলির মাঝে আরিতা ফ্যামিলির মাঝে যেমনা আনন্দ আছে এমনা দুঃখ আছে মাঝে মাঝে স্কুল থেকে আয়া ভাইতাম বাতুদ শেষ তেই পাতিল দিন তৈরি আর একটু অস্ত্র থাকত
/kaggle/input/regspeech12/test/test_narail_0118.wav,খুলনায় আসো খুলনায় যে থাকত তাহলে কি করব ওদের আমার ওই কয়দিনের ভিতরে আমার একটা যদি একটা প্রতিষ্ঠান তৈরি হয় আমার ব্যবসা বাণিজ্যের আমার একটা অফিস নেওয়ার পরিকল্পনা আছে মানে অন্য দাঁড় করাই নাই পরিকল্পনা আছে ভবিষ্যতে ওই কোম্পানি যেটা অফিস নেবে
/kaggle/input/regspeech12/test/test_narsingdi_0033.wav,অনেক কিছু করার নাই বাদ দেয়ে থাক ম্যাচ দেখ এখন গুজরাট ব্যাটিংয়ে নামবে দ্যাখ হেমন গুজরাট জিতবে বেটা লাখনৈ বোলিং ইউনিট দেখছ কেমনে জিতবে এক মা গরিদ তো সব উইকেট নিয়ে নেবে এখন দেখ
/kaggle/input/regspeech12/test/test_barishal_0001.wav,কোলার বিশটা খাই অর বিষটা নিতে এসে তাহা বাওয়াতে লইয়া এমনভাবে হিড়মির দিয়ে ডাইনিতে দরজার সাইপে ও ছাড়াই নারও ছুটে যাওয়ার চেষ্টা করে পারে না ঘোর্তে ঘোরেতে দৌড়া পারছে দেখো রে
/kaggle/input/regspeech12/test/test_narail_0037.wav,ও মাইনে গেছে চলে ওই ভাষায় আমি আর ঐটুকুর খবর পাতে যাব না
/kaggle/input/regspeech12/test/test_sylhet_0411.wav,কিন্তু তাই তাই দাদির বাড়ি গেছে দাদির বাড়ি আর নানির বাড়ি আছে না তারা বাসা দিয়ে কেন আছে এখন তাই তো গেছে কি ভিন্ন এখন আমি তাইরে ফাইলে হবার দিকে লুকিয়েছি
/kaggle/input/regspeech12/test/test_narsingdi_0101.wav,সালামি সালামি কেউ সালামি দেন না ভাই হেটা তো শপিংয়ের টাকা দিয়েছে সিরিয়াস একটা দেওয়া মারাত্রা এত ডাঙাইলে মার্ক শাশুয়া মারাতে দিছে আভিসন্তভাবে ভদ্রভাবে মারাতে দেয়ালে সিনির নামে আবার ডাকতেছে ভাই
/kaggle/input/regspeech12/test/test_chittagong_0134.wav,কেল্লামানাগুলোকে বলতে হবে এই ছাড়ার একটা জাহাজ মাত্র সে দু তিন দিনের হজ্বে হাতাহাত্ম্য না তারপরে আমরা গাইব
/kaggle/input/regspeech12/test/test_chittagong_0038.wav,সাইটা নিয়ন্ত্রণের না আমি কি ভাবছি চাইতো স্যার কিন্তু আসলাম না নাই বেছন সাইটা লিখিয়ে দিস না অ্যারা এইটা তোর ছায়া পালে
/kaggle/input/regspeech12/test/test_chittagong_0153.wav,আমার বান্ধবীরা এলে গিয়ে ও আচ্ছা অন্য বান্ধবীও হবে না রে তাই না প্রগ্রহ হন না আবার প্রিয়ানার বাড়িতে যদি কোনো বিয়াদ দিও এই চুরারুপে লো বেরি
/kaggle/input/regspeech12/test/test_narsingdi_0053.wav,এজন্যে তা আমরা ইউজ করি গুড গুড গুড গুড গুড নাইট আমরা স্পন্সর করা উচিত বিন্যাকের ভিতরে সুষ্ঠুর লক্ষ্যে বাঁধাকপির খেত দেই মহার মহা লাগত না
/kaggle/input/regspeech12/test/test_chittagong_0088.wav,তার পরেই তো যে মানে কম্পিউটার সিগারেট পরীক্ষা দিয়ে ফেলার পরও একটু ফার্স্ট বার ফেলে সে সেকেন্ড বারের মধ্যে ফার্স হয়েছে তাও একটু সিগারেট তোরার মানে মানা নাই অ্যান্টি তুই যেটা পরীক্ষার ফল সিভো তোরা ফিরেছি গোম পরিবূরে
/kaggle/input/regspeech12/test/test_rangpur_0051.wav,সভায় সবাই সবার হাতে সার কিনা হাত কেউ কারও হইয়া নাই
/kaggle/input/regspeech12/test/test_narail_0125.wav,সেখানে মানুষজন আমার মতো মানুষজন খুঁজে বেড়ায় আমাকে তারা আবার পরবর্তীতে ডাকে আমি আমার তাদের কাছে যাই না তোর তোর ছবিতে পিপাসা রাখিস ভালোই তো আমারও তো স্মরণ করিস না পিপাসাটা তো ঠিকই স্মরণ করিস
/kaggle/input/regspeech12/test/test_narail_0086.wav,তুমি তো ভুলেই গেছ আমি ভুলে যাইনি আমারই সবাই ভুলে গেছে আমি কারো ভুলে যাইনি সবাই কথা করছ কেন ফোন দিছি আমি এই কথা বলছ আমার সাথে আবার সবাই কথাটা মুখে
/kaggle/input/regspeech12/test/test_sylhet_0544.wav,কাহিনীর সাথে বুদ্ধির দেখা শিক্ষা করে না
/kaggle/input/regspeech12/test/test_kishoreganj_0056.wav,কালং ভূমিকা সবারে দোয়ান বলল কামায়ান না
/kaggle/input/regspeech12/test/test_rangpur_0088.wav,সমস্যা কি খারাপ করে সমস্যা চিডে তোর নাম কি বেলুয়ার মণ্ডল তোর বয়স কত ছেলেবেলা ছেলা
/kaggle/input/regspeech12/test/test_sylhet_0009.wav,গতকাল কেনি আসবেন না পরশুদিন মানে কিরকম সালন করবেন না করুন আর পূজার প্রথম দিন আমরা আগের দিন আমরা নিরামিষ খাইতে পারি না পূজার প্রথম দিন আমরা নিরামিষ খাই হায়াটের প্রথমে পরের দিন ঘুম থেকে উঠিয়া
/kaggle/input/regspeech12/test/test_sandwip_0091.wav,হেভের মাইয়া জানি গেছে আয় তার মোটা হারার চোখের হাইনায় দুনিয়া দিনে মেরে কাজ সরিয়ে নে কাজ সরিয়ে নে বাদ দুনিয়া কাজ করে তো এমন আক্কেলে রাতে রাত্তা নোটার পর্যন্ত হাঁজার কিছু কুমুকে খাওয়ানো মন্দা আমরা বলেও না
/kaggle/input/regspeech12/test/test_sylhet_0370.wav,এই স্বপ্ন নিয়ে বাচ্চাবালা তোমরা বিলিপ করবার কিনা আমি জানি না আমার ফার্স্ট বেবি যখন ফেটো আইসে আমি জানতামও না যে হ্যা আইসি উইদাউডেনি থিঙ্কিং মানে একটা বাচ্চা হইব তার লাগে তো একটা মেন্টাল প্রিপারেশন লাগে তোমরা তো দেখা যে আমি বিসিএসের লাগে যুদ্ধ করি আর কাজে আমার কিন্তু কোন ধরনের ইন্টেনশন আছেই না তখন বেবি নেওয়ার
/kaggle/input/regspeech12/test/test_sandwip_0023.wav,হিসেব কি তাপ নাই উগ্যার হোলানেরও সাংসারিক বা একটা ইয়াসনা একের উগ্যারও নাই জিয়ান আসমাফ হচ্ছে একদম কত আরোহিতের মাপকাঠি সোলা রোহিতের মাপকাঠি এতের উগ্যার হোলানেরও সোলা রোহ অঙ্ককাঠি নিবিন্দা জীবন কাটাইতেছে
/kaggle/input/regspeech12/test/test_narail_0161.wav,প্রতিদিন কয় সমস্ত ওনার ব্যথা শুল্ল ওনার সই সমস্যা ওনার মাথায় সমস্যা তারে নেই আরো কত রোগ আছে তার ঠিক আছে চোখ দিয়ে জল ভরে আর ডায়াবেটিস তো আছে মোটামুটি বাড়িয়ে করে ডায়াবেটিস হয়েছে ডায়াবেটিসের ওষুধ তো আমার গেনিতে সরকার হাতে দেয় হসপিটালের
/kaggle/input/regspeech12/test/test_sylhet_0356.wav,কিছু নাই কিন্তু তার মাঝেও নাই ক্ষেত্রে ঐ রাগী আমরা মনে বিয়ার ঐতিহাসিক কাহিনী
/kaggle/input/regspeech12/test/test_sylhet_0066.wav,ভর্তি হওয়ার মতো আমার সময় নাই বা চেখা নাই বাচ্চা টানা হচ্ছেন আমি দ্বিমত চেখা তুমি ভর্তি লামার ঘরে আমি করি না কত হেল্প নেতা মানুষের থেকে হেল্প নেই অনেক অনেক তা মনে করব গ্রামের বাড়িত মানুষের কথা কইতা মুখিতে চাইব নিজেরও মানুষের কথা কহিল এখন কিছুই না
/kaggle/input/regspeech12/test/test_sylhet_0110.wav, ঠিকাদার আসলে বাদা খোটবাক্কা অবস্থাদের করতে হতে না রাস্তা ওভার থেকে ওভার হইতে আসল গাটা হে বাড়ি মায়া মায়া গেছে
/kaggle/input/regspeech12/test/test_chittagong_0068.wav,তুই না হাস ঘর তুরি যে হাতুয়ালি আর এক ঘোড়া দুয়ার্স দুনোয়ানা উদ্দলের ও গায়েলের মুখে তুলে তারপরও তো বাসিন্দা এসেছেন
/kaggle/input/regspeech12/test/test_comilla_0029.wav,ওই দিনই ঘটনাটা ঐখানেই সমাপ্ত হয়ে গেছে যদি একটা পুলিশ কেস হইত তাহলে অবশ্যই তদন্ত হইত
/kaggle/input/regspeech12/test/test_barishal_0013.wav,কান্ট্রিক এমন কোন দৃষ্টিকের লোক নাই মানে এই খোশের ডাক্তার আইসা আমি তো এই করেন আমার মায়ে হারা করছে একটু গেলেই অর্বায় আমান উল্লা আমোক
/kaggle/input/regspeech12/test/test_noakhali_0026.wav,রড লেক বুল সিমেন্ট লেক বুল বর্ণা মাসের জিজ্ঞাসা কদিন হওয়ার রাতে নাইব নাই করে তো কলকাত গাড়ি দে
/kaggle/input/regspeech12/test/test_noakhali_0018.wav,নানু গো টাকা রুমারে দিচ্ছি অনেকেকে দিব নিকেল মাফেলে
/kaggle/input/regspeech12/test/test_narsingdi_0135.wav,শুধু থাকতে আমরা সবাই অনেক ভালোবাসতাম যেমন আমি লাগে চিন্তা করতাম ভালোবাসা মানে কি না স্পেসিফিক্লি ব্যাখ্যা দিয়ে হব যে বাসায় মানে আগে থেকেই গ্যাস বিদ্যুৎ পানি সবকিছুর লাইন দেওয়া থাকে এবং সবকিছু সাজানোর কিছু থাকে ওটাকে একটা ভালোবাসা বলে
/kaggle/input/regspeech12/test/test_narsingdi_0069.wav,অনেক কেন গুন্নামাওলের অভাব আছে গোয়েন্ট রেজাল্ট জীবন বালা স্কুলের ইয়া হিমুন কিছু দাগি আসে মিথায় না হলে কদিন আগে সারারা
/kaggle/input/regspeech12/test/test_habiganj_0026.wav,ফুল কি দেওয়া নির্বাণ না দেওয়া লাগত না ফুল তো ফুল সৌন্দর্যের লিগে ফুল দিলে একটা নিজের পূজাটা দ্বিতীয় বাল্লাকে সাজাইলে একটা মন্ডাও প্রফুল্লতা হয় ফুলটা দিয়া সাজাইলে প্রার্থনা করতেও বাল্লা লাগে সুন্দর লাগে মনে একটা প্রশান্তি আয় একটু গভীরভাবে ভাব ভক্তি হয়
/kaggle/input/regspeech12/test/test_sylhet_0518.wav,ঘরে জয়ী আর হেফাজতে বা সংগ্রহ ও দরিদ্র নিয়মের আলোচনা লাশ খায় আর হালকে দেখে দেখলেন যে নিজের তা আর সাকিবের তেমন পরীক্ষা দুইটা দিচ্ছেন দুয়াহ বিশ্রামবঙ্গে পাস করলে মানসম্মানটা বাঁচবে
/kaggle/input/regspeech12/test/test_sylhet_0093.wav,এইটা আসলেন শুনলেও নয় ধরো খুনের একটা বাসার চারটা বিকাঠামি সাহায্য দিলে ধরো একস্থিত হয় যে দেখছ যে
/kaggle/input/regspeech12/test/test_chittagong_0083.wav,আর গোপু পুবিল লিখিলাম দে আমি তো মনে হয় যে আগে তার অধিক না মোটা নেওয়াই সুজামাই কেন আছে ভালো আছে
/kaggle/input/regspeech12/test/test_sylhet_0626.wav,বিশ থেকে লাশের অর্থাৎ আমি আমার সাথে মাথা পাইতেছে যা নিজা নিজা মাঝে বাড়ি ঢুকব পরের দিকে জিতে ইসলাম পৌঁছল সাব্বিশ সাতাইশ সহ সাব্বিশ সাতাইজের কাহিনী এখন হয় তার বৈনচিত্রটা আজ হার তাই না তাইর কাজই না কিছু মাসুমা আবার বিয়ে গেছে
/kaggle/input/regspeech12/test/test_sandwip_0103.wav,হ্যাঁ কহিল তুই না এটা মামলা দিয়েছিলি কিনা বাস
/kaggle/input/regspeech12/test/test_kishoreganj_0036.wav,এই মহল আমার হোয়াটসঅ্যাপের নাকি হোয়াটসঅ্যাপের যে মহল এটা বাড়ি
/kaggle/input/regspeech12/test/test_chittagong_0114.wav,এত কিছু কিউস এত কিলার দেয়া এই কিল্লারা না তোর উপরে ফেসবুক করি মেসেজগুলির হৈল সংবাদ সেবনের মানা কোন ডুলো না কিনলে সমস্যা হতে হয়
/kaggle/input/regspeech12/test/test_sylhet_0744.wav,কিন্তু আমরা কষ্ট আছি আবার আসুন এখানে সাদা দুটি আছে নারী কিংবা আর উপরের কুণ্ঠা না কিন্তু তাঁর চিন্তা না এখানে খাসি বহান লইয়া লইয়া চেয়ার দুজনের চেয়ারে বৈরা মহানামা লইয়াই বহানামার দয়ী অবরাহ
/kaggle/input/regspeech12/test/test_sylhet_0258.wav,বাইরের কোচিংও দিলাম যদি বার্সিটির চান্স হয় না তাইলে তো ও সব পরিশ্রম বৃদ্ধা হইব ততক্ষণ পর্যন্ত তত পরিশ্রম সেই সব শূন্যের গোটা তাই না
/kaggle/input/regspeech12/test/test_habiganj_0104.wav,সাজি সবারই একটা জাজিয়ার আঞ্চলিক বসুর বেলা নাগে
/kaggle/input/regspeech12/test/test_tangail_0116.wav,তো সে তার কাছে নিয়ে দেখাইছে পাঁচ লাখ টাকার পুরা ক্যাশ যে পড়ছে তার কাছে নিয়ে গেছে সে তারপর হেল্প করছে মনে হয় সে লাইভে এসে দেখাইছিল মুদির দোকান ব্যবসায়ীরা কিন্তু বিজনেস শেষে টাকা বাসিয়ে নেওয়া যায় কিন্তু এত বড় বড় প্রহায় এই কেন দোকানে রাখছে আমি যাই না তবে একটা লোকরে দেখলাম যে সিন্দুকের মধ্যে টাকা
/kaggle/input/regspeech12/test/test_sylhet_0757.wav,কেহ বিয়ে হয়েছে না যে ওরা আর উপাসী করত আমরা করতে পারতাম নাই আমরা ফান ও জ্যেতনানি আমরা ফার্ম আবার বা জলবড়া যে সময় যায় ভোট লিয়া কলস লিয়া ইভু আমরা ফারতাম না
/kaggle/input/regspeech12/test/test_chittagong_0026.wav,বেহিত বলে হানুদ কেউই ডাক্তার আসলো গিল আই অরিন তো মাইসুনের তারা বেগম নাকি কিদের আচারিতারাও হনুর রহমান এ তারাও আদেলের গুড়াদি মোগলে হইল বইটা হ্যাডেরি
/kaggle/input/regspeech12/test/test_tangail_0093.wav,সাহায্য করতে চায়ও পরে আস্তে আস্তে কদারত হয় পরে ওদের মধ্যে বন্ধুত্ব হয় রণবীর কাপুর আস্তে আস্তে সখিনার প্রেমে পড়ে যায় কিন্তু সখিনা ওর ফ্রেন্ড হিসেবেই ভাবতে থাকে সখিনা ভালোবাসা হইল ঈমান মানে সালমান খানের যে ওদের ভাষায় আর কি মেহমান হিসেবে ছিল
/kaggle/input/regspeech12/test/test_comilla_0025.wav,এর পরে দু তিন দিন পরে ও খুব ভয় পাইছে এবং এই দু তিন দিন পরেই ওর মানে ভয় থেকে ওদিন রাত্রের বেলায় ওর জ্বর চলে আসছে আর পুরো এক সপ্তাহ মানে একটা ট্রমার মধ্যে ছিল মানে সব কিছুতেই ভয় পাই তৈয়া করত আর আমাদের বাসায় ওর বান্ধবীদের একটা গিফট আছে
/kaggle/input/regspeech12/test/test_narail_0047.wav,এইটুকু আমি শুনেছি ঐ সিস্টেম কিন্তু ঐ সিস্টেমে তো পাওয়া যায় না আর ঐ সময় যদি দখল করত বাবা তালিয়ত এখন ওর সিস্টেম হবে না আমি তাই শুনেছি যে ঐ যে রাজা ভাগী জাহানা সেই ভাগীর
/kaggle/input/regspeech12/test/test_comilla_0003.wav,মানুষজন কি ইনকাম কি বাড়তিছে ইনকাম তো করতে পারছি ইনকাম থেকে ইনকাম কি বাড়তিছে ইনকাম তার তার বাড়ে না এই সেইমে ইনকাম নেই
/kaggle/input/regspeech12/test/test_narail_0101.wav,ওই বিপুলবাবু বিদেশে থাকতে তুই এলে আমি খুলনাতে ডাক্তার দেখাইছিলাম মনে হচ্ছে আড়াইশের বিরুদ্ধে আমার থাইরয়েড ধরা পড়েছিল ইন্ডিয়াতে ডাক্তার দেখাইছি আমার থায়রোয়েন নাই
/kaggle/input/regspeech12/test/test_sylhet_0665.wav,স্থান ও তার বগাইনও আছে শিক্ষিত সবারু শিক্ষায় দীক্ষায় আছে আমরারও বগায় শিক্ষিত আছে শিক্ষায় দীক্ষায় সব পাইল আছে আর অমত তো বুড়ার সময় দুঃখের দিনও হইব শুক্ষার দিন তো গেছে যখন শুক্ষার দিন গেছে জমাতা দুঃখ দিন দুঃখের শুক্ষায় আছে আর
/kaggle/input/regspeech12/test/test_rangpur_0068.wav,কাসলি রোজা থাকে না সিয়েরের সময় গয়া ও করিম বাইগুন উগ্লাহ ভাগেন দিন ভাগেন
/kaggle/input/regspeech12/test/test_sylhet_0735.wav,ওই সময় মানে যে সায় দোল লাগে
/kaggle/input/regspeech12/test/test_chittagong_0126.wav,যতক্ষণ বই সুর যদি মানুষ না দেয় হ্যাঁ কিন্তু ওর যে সেনিফ্লোকালচার দল একে আসে কিন্তু এমনি মানুষ কিছুক্ষণ পর্বে স্টেশনের নামের অনেক দেরি হয়ে যাচ্ছে
/kaggle/input/regspeech12/test/test_sylhet_0216.wav,চতুর্দিকে প্রায় পাঁচ ছয় গ্রামের মাঝে একটা মহিলা চাকরিজীবী নাই কী জিনিসটা আমার সবচেয়ে বেশি ভেঙ্গেছে যেইটা কীভাবে সম্ভব এমন একটা এলাকার মাঝে পড়ো ইরার যেখানে কোন মহিলারা চাকরি করে না সবাই হাউজ হয়
/kaggle/input/regspeech12/test/test_sylhet_0691.wav,মনযুদ যদি তাকে পড়ালেখা করার কিছুতে পারি না তো নাকি ক্লাস ক্লাসের সময় দুই হাজার
/kaggle/input/regspeech12/test/test_tangail_0033.wav,যেই জায়গায় দেখা হয়েছিল ঐ জায়গায় যায় তার পাশে যে একটা আইস হকের মাঠ ছিল ঐ জায়গায় জোনাথন দেবার পায় পরে তারা একেবারে ভালোবাসে আর এটার একটা পূর্ণতা পায় পুরো অসাধারণ একটা ছবিটা যদি না দেখা হয় তাহলে আর কি বুঝা যাব না যেমনে
/kaggle/input/regspeech12/test/test_sandwip_0045.wav,কোন হরি হয় কেন হরি নিয়ে এটা তুলে দিবেলা সুন্দর হরির ঘরে দিলে নানি হরিকে দিলে দিয়ে বা দিব তার সুরে সুরে দিবে
/kaggle/input/regspeech12/test/test_sylhet_0161.wav,তো বাসার বাড়ি নেই খোলা শিবগঞ্জ হাসেই তো আমি তোকে শিবগঞ্জে তো আহারো
/kaggle/input/regspeech12/test/test_rangpur_0097.wav,গাড়ি গরুর গোছ নতুন নরম হয় না গাড়ি গরুর গোছ পুরো গরুর গোছ নয় শক্ত আর ওটা জাল দেওয়া লাগে মেলাক্ষণ
/kaggle/input/regspeech12/test/test_barishal_0047.wav,কি বাথরের পার্টি ওই হল জামায়াত ডেকালার জাত আড়ি বেশি হ্যাক কামড় দিলে যদি ভুলে কেউ খাইয়েও হালা গো আছে রেখে যায়
/kaggle/input/regspeech12/test/test_sandwip_0122.wav,শাহ আজাদির দু তিন মাসের বড় মাইয়া তা এমনে গ্রুট টুথ মানি লম্বা ডোবায় এই হওয়া মাইয়া গেমেনের হওয়ারা লাই এমন পেশা দিবেন আইফাহ শুনছিল
/kaggle/input/regspeech12/test/test_kishoreganj_0079.wav,নান্দা কালো ইয়া মাছি নিজে কিনা কু আঁশ মাছি হাতি আঁশ কালো মাছি সাক্ষ্য নামাজ কত বৌ দিয়া
/kaggle/input/regspeech12/test/test_barishal_0101.wav,পশাইয়া ঘরে বিয়ে দুইটে ব্যালের দাম কিছুটা তিনশো টাকা দুইটে ব্যালের দাম হালায় দিছেন আরে আমি কৈশি ও দুই দিনজিন শরবত বানা খাই
/kaggle/input/regspeech12/test/test_sylhet_0184.wav,না আমরা করি অনার্স ফাইনাল ইয়ারে কিন্তু ঐ গিয়া থিসিসের কাজে মানে একটু ইচ্ছা লাগব এই যে ব্যাপারটা পেলে আমি সিগারেট প্রতিবেদন লেখা লাগব কেন্দ্র
/kaggle/input/regspeech12/test/test_chittagong_0018.wav,অ গুজ্জি তুই বেরুস না হাহ গুজ্জি তো পায়ের হাতা কী অবস্থা তোর ওরে ফলার হতা হওয়ার জন্যে এ ফলার হাত গুঞ্জার্থে ব্যাভি একটে মরত আকাশ পাতার লিম্বা দেওয়া দেরি আর সরলা হাহ হচ্ছ না
/kaggle/input/regspeech12/test/test_sylhet_0655.wav,আর বাড়িটারে আপনারা নিজেরা এগুলা হচ্ছে আপনার পুত্রবধূ আইসান নিয়ে চলে গেলেন একজন একজন একজন একজন একজন সাহায্যী মানে তার কি প্যান্টি তাহলে জেন সাহরিদ
/kaggle/input/regspeech12/test/test_kishoreganj_0084.wav,নির্যাতিতা বলে বাড়িতে আর্থিক টাকা
/kaggle/input/regspeech12/test/test_narsingdi_0049.wav,তারপর এখন দেখেছি মারে গেড়া গেছে মায়া গুটছে না বাবা মারে উড়াইছেন আর বাবার আগে ছোট ছোয়াত্তর টা বয়ে উঠছে মোরা মানুষ একা সর্বসান্ত জায়গাটা অনেক খারাপ জিনিস
/kaggle/input/regspeech12/test/test_tangail_0105.wav,তো আমার মনে হয় এটা একটা মুভিগুলো দেখলে ভালো লাগবে আশা করি সো এখানেই আমি রেকর্ডিং স্টপ করছি
/kaggle/input/regspeech12/test/test_narail_0041.wav,বাবার দুই দিন সংখ্যা করেছে বাসা থেকে মাজার আছে বাইরে চাইতে পারবে কত হলে পদ্মা বিদায় ওদের দুজনেই অনেক হেইসব নিবেদন ছোট্ট যে দুজনেই হেলেছে কোন দিনও না মানে আমরা জাতি নাই
/kaggle/input/regspeech12/test/test_barishal_0049.wav,এখন মনে করেন আমি চিন্তা করছি যে ধরণের কাম কাজ করিয়া খাইয়ে লিয়া ভালো আছি কিন্তু কাম হইবে কি একটা সমস্যার ফলে এই মাইয়েটা হইছে সত্তর হাজার টাকা আছে মোর বরিশাল হালাই সীমুন্দরা দেহে নাই কত ঝামেলার মধ্যে মুই পড়ছিলাম
/kaggle/input/regspeech12/test/test_habiganj_0059.wav,আমি তো বড়ো আমার সব ভাইবোনি শুধু আমারে তো হালি আমারে ডাহে বর্দী হই আর আমার ফরের দুয়োডায় যাই তা তো আমারে ডাহে হই নাই তাতেও তুই তুইরে ডাহে দেহা যাই ঐ বড় আমি আর কিটা হইব আমার বইন্ডারে যদি একটা দেয় আমার দশটা দেয় আর শুধু মাইস্লা ভাই আমার ফরেরটা আমার দুই নম্বর বাইরে আবার কিছু করে না একটু ভদ্র সজ্বর
/kaggle/input/regspeech12/test/test_sylhet_0116.wav,এমন যে আছে এতে কোনাদিন খাইতামও না একদিন খাইতে না একদিন ওখানে থাকতাম এমন যে কষ্ট করতাম ও তারা বাস লাগাবের ঘরে নাই চোর দিত বাদ দিত সিরিয়ালিত চা দিত আমরা খাইতেছেন দিদিবাই বোন নাই
/kaggle/input/regspeech12/test/test_chittagong_0079.wav,ভাইবো নাসোরে ব্যাগ কিন্তু আজকুনো বরাবরই তারা অনার্স লুই ফরের হন্ডে হন্ডে সাইন মিটারের ব্যবসাকার থেউ না পড়ে এলে তাতে লাই হাড়ে দুর্গম না জানি
/kaggle/input/regspeech12/test/test_tangail_0113.wav,তারা মাল উঠেছে দোকানে এখন এই সব গুলা পড়ে গেছে একদম নিঃস্ব হয়ে গেছে দুই মাসই তো ব্যবসা করে মানে অ্যাকচুয়ালি যে মানুষটা প্রথমে দেখছে ওটা কি কোনো অথেনটিফিকেশন আছে যে দেখছে আদৌ
/kaggle/input/regspeech12/test/test_noakhali_0019.wav,আরেকবার কারে জানি মিনারে নিয়ে কে জানি টাকা দিকে ছিল আর দিকে মারা গিছে ময়নারে বন্ধুর লোকে ভাগ করি টাকা বাড়ি দিচ্ছে তোর অর্ধেক আলাদা কিস্তি টাকা দিবে কিস্তি আলাম সারার দিকে সারি ধরুবানে ভাগ করি অর্ধেক অর্ধেক ক্লোনাইসারেজ মাস কিন্তু ব্যাটা গাহ
/kaggle/input/regspeech12/test/test_habiganj_0115.wav,সালামালাইকুম ভাই ভাই আপনার নাম আপনার বয়স বয়স তিথি শিল্প তাহলে ভাই বাড়ির সবাই ভালো আছেন না
/kaggle/input/regspeech12/test/test_chittagong_0048.wav,ওরুবাড়িতে ষষ্ঠ নবুজ্জুস ওরুবাড়িতে তোর বাকি জানাচ্ছ তুই বিয়ে গো গড়িওয়ালা গোসল
/kaggle/input/regspeech12/test/test_barishal_0065.wav,এখন আবার দুই দিন থেকে দিক হয় না ঠিক হয়ে গেছে এ বৃষ্টি হইবে ঠাকুর যেকোনো মানুষও কষ্ট করেছে
/kaggle/input/regspeech12/test/test_narail_0139.wav,কালকে যদি পাঠাইতে পারেন তা কালকেই পাঠাইতে পারেন আমি অন্তত আপনি তো আরও খরচ বেশি দশের নিচে যাওয়া যাবে না ইউরোপে ওই তার মানে এই টালির কথা মাসুদুল্লাহ ভাই বলেছিল চৌদ্দ লাখ চৌদ্দের মতো রাখবেন
/kaggle/input/regspeech12/test/test_kishoreganj_0176.wav,শাক অনুদিন সেকে পানি পরিষ্কার করা হলেও প্রক্রিয়া হলেও
/kaggle/input/regspeech12/test/test_sylhet_0041.wav,এইটা সন্ধ্যার সবাই আমরা এখানে যাই সন্ধ্যার পরে মন্দিরে সবাই যাইব গিয়া সাম মিষ্টি খাওয়া হইব আর মন্ত্রোত্র উচ্চারণ করিয়া এইটা সবার হাতে হাতে দিয়াইটা সবার হাতে তাকাশ করতেই বস্তু তারপরে মা বিষ্পদ দুর্গাদেবী প্রতিমা বিসর্জন করার পরে শান্তির হাতে দেওয়ার পরে পূজার সময়ের পর
/kaggle/input/regspeech12/test/test_kishoreganj_0101.wav,উদ্ভিদ তার খাদ্য তৈরি বৃদ্ধি পরাগায়ন ও জীবের বিস্তারের জন্য পানির উপর নির্ভরশীল উদ্ভিদ কোন পানি কোনে দেখো
/kaggle/input/regspeech12/test/test_chittagong_0044.wav,অগব্য নরমাল বাঠামোবাল্লাবের সময় মাই হোম্পত্য পেরে বিস্তুত দেন দিলেই এখন আতংগুরু গুরুই ওনার কোন প্রভাবে নেতার কোন অন্ডি না বিলানীও কেন আদাও হয় না এটি আত্মন ও বড় ভাগের জুড়ো
/kaggle/input/regspeech12/test/test_barishal_0005.wav,বোর কথা হিন্দে টানতে টানতে আমাকে দরজা ছাড়াইয়া নিছে আর পিঁড়া কান ধরে বাবারে আমার এরং টানিস না আমার পার্সাল ব্যথা পাই নাই অত মিডিয়া মুডিয়া কথা আছে বাস্তবের ঘটনাই কিন্তু হইয়া দেখায় শিক্ষার জন্য কিন্তু কাজে দেয় না
/kaggle/input/regspeech12/test/test_sylhet_0376.wav,কাজেই তোমরারে আমি রামদিয়া দেই তোমরা তোমরা যার যার ফাল দুই লিবার যার যার বিষ্ণা ঘটাইলিবার যার যার রুম যার যার পরিষ্কার করিলিবার তাইলে আমরা কাজের মানুষ লাগত না আমরা যার যার কাজ করিটি মো তোমরা আমারে হেল্প করলে আমিও তোমরা হেল্প করব মনে হয় বাজেট একটা ম্যাচ এটা কোন বাসা না তুমিলি না
/kaggle/input/regspeech12/test/test_sylhet_0574.wav,আয়েশার একটা অবস্থায় আয়েশা তো অন্য আছে লাফিয়ে গেছে আর তুই হেদুন খুলনানী সজীব গর্বে রয়ে গেছে সজীবানুরা ও তিন হোসেন আমি হুসেন আমি কুমু আমি কেন করে হুসেন মনিতা করেছি আমরা লোকের যে ইমরানা আছে না নিমি মন আছেন ইয়া তানভির
/kaggle/input/regspeech12/test/test_kishoreganj_0112.wav,গাছের একা কেলা খুড় গোছে গাছের একা আবার গাছের একা কেলা করা ফরিন
/kaggle/input/regspeech12/test/test_tangail_0068.wav,এরকম একটা মানে অন্যের অর্জে ফ্রেন্ড যা ছিল অগ্রাকাশে বলছিলে বরুণ ধারণ কোথায় পরে হাসপাতালে নেওয়ায় কিন্তু মানে শিউলি মানে কোমায় চলে যায় একদম পরে বরুণ ধারণ ধারণ জানে যে
/kaggle/input/regspeech12/test/test_kishoreganj_0071.wav,বিদ্যাহার যে আছে না প্রকৃত আমি কেন আমার তাকে মাঙা চালিতা দেয়নি একটা নেই একটা মাঙা নেই গুয়ালিতে পালাতে নেন না
/kaggle/input/regspeech12/test/test_tangail_0051.wav,দেখে পরে মানে বন্ধুত্ব হয়ে যায় আর কি এই সময় পরে ওরা ভাসতে ভাসতে এই দুজনে মেক্সিকোর একটা দ্বীপ নাকি তীরের আসে পড়ে মানে লোকালয় আছে এরকম জায়গায় আবার বন্য আছে
/kaggle/input/regspeech12/test/test_habiganj_0039.wav,জুল দিয়া রাখত পানি বেশি দিলাই তো দেহার পরে দেহা যায় পানশা পানশা লাগে এরপর দিকে আয় সবাই কয়েত পান শাতকারী দেখাইতাম না মজা না
/kaggle/input/regspeech12/test/test_sylhet_0092.wav,তিন তলার জারুর ঘরে খৈরা আজ গাটা পরে আবার চিবিতায় চিবিতা গুণ্ডা কইরা ঘরে আবার উড়ান মাজার উদার দিয়ে আপাত আবার শেষ হবার কারণ আবার আট নটা থেকে সেক্টোবাজি তিন দফা বাজি কোন জিনিস টিউশন নাই
/kaggle/input/regspeech12/test/test_sylhet_0524.wav,বিয়া তো খুবই ভালো লাগেছে মাত্র সমস্যা হল আমরা তো থাকতে পারছি না যে সেই আগ্রহীন বিয়া কোনোদিনের চেষ্টা কিভাবে লাগেও বেশি প্লেনে গেছি ফার্স্ট টাইম আইসি আবার বাসে কিলেন আপনি জানেন
/kaggle/input/regspeech12/test/test_tangail_0044.wav,পাই যে প্যাটেল পাই প্যাটেল ও আর কি কখনো এই ইন্ডিয়া ছাড়া যাইতে চাইতেছিল না পরে যাওয়া হয় পরে রাতে জাহাজে একটা সাগরের মধ্যে ঝড় শুরু হয় আর পুরা জাহাজের যা কিছু আছে সব ভাষায় নিয়ে যায়
/kaggle/input/regspeech12/test/test_sylhet_0731.wav,ধরেন যদি দেখে ওরা আর যে নয় তাই ধরেন খালকেও যুবস
/kaggle/input/regspeech12/test/test_kishoreganj_0186.wav,ঘৃণাত সবুজ ঘৃণাত সবুজ উদ্ভিদে পুষ্টি শুরুর জন্য কুন্তী পরিজন মাটি
/kaggle/input/regspeech12/test/test_habiganj_0101.wav,জার্সিতে পড়ালে হ্যাক কেমন লাগে আগে চাইছিলা না তাইলে তো তোমার ভালোই লাগে সব ভালো লাগে মাইক্রোফাইলে যেটা ভালো লাগে না মাইক্রোফাইলে যেটা বেশি কঠিন লাগে
/kaggle/input/regspeech12/test/test_sandwip_0074.wav,অসুখ বিসুখের এ কী রাবার নিয়ে গেছে আর চাকরি করুন যে মানুষের আবার কী রাবার কী রেখেছে
/kaggle/input/regspeech12/test/test_chittagong_0168.wav,তোরা যদি ফেলাফেলা হন তবে এগুণা ফেলা হইতেই কে ক্ষণ হইল এ হত আবার টেলার সঙ্গে ইজ্জিত হই ধরি
/kaggle/input/regspeech12/test/test_sylhet_0466.wav,তোমার কৈরাম জেনে মানে আমার আব্বায় ফলে তোমরা বাড়ি করে গেছি গিয়ে বুঝছি বাড়ি করে গেছি গ্রামও মানুষ যায় না না ছুটি ফায় না নি তখন খেত ভৌতিকেও পড়া লাগে চাকরির সম্মান লাগিয়ে অনেকে আমার বাড়িতেও খেত আছে না
/kaggle/input/regspeech12/test/test_sylhet_0583.wav,আরো কয়েকটা দেখছি রাইড আছে সব গেলে সারাদিন তাহলে সরে নামে সবুজ বিরল সুন্দরী একটা লাগেন অনেক
/kaggle/input/regspeech12/test/test_sylhet_0564.wav,ক্যালকুলাস নায়ক যে হায়ার মেত্র কিছু অঙ্ক আছে লাম্বারি একটা আছে বিজনেসমেত থেকে নিয়ে আরো আমার মেনে নিয়ে তো এমনি দেখব তুমি
/kaggle/input/regspeech12/test/test_barishal_0083.wav,যখন এই কাম বলতাম না ইনিংতে গরুনাথি মোল্লাবাড়ি যাইতাম এসময় সাক্ষাবাদ বেগ বাড়ির দেশ ল্যাম্প চড়াইয়ে তারপর ভাত খাইয়ে বাইরিতেন ঘরের দেশ খাইতের সামনে এত কাটা ভাত খাইতেন নারীর পর আবার পোয়ার্টা পোর্টেন দিয়ে লইয়ে যেতেন গরুনাথির দেশ
/kaggle/input/regspeech12/test/test_sylhet_0650.wav,ইন্ডিয়াত গেছি অনল কাইছি অনল কাইছি ও যুদ্ধ লাগছে হামিত্র মারামারি হাওড়া সবেই সাগরে মারতে দায়ী হলে রাজাকার হল আসেন রাজাকারে মারেন না
/kaggle/input/regspeech12/test/test_sylhet_0299.wav,হয়তো হইবা কিন্তু তখন তাইনোর লাগিয়া একটা ঋণ দেওয়া আসলেই একটা বড় ব্যাপার আছে
/kaggle/input/regspeech12/test/test_sylhet_0550.wav,অতঃ সন্ধ্যা টাইমের জায়গায় নাইতে দিতে
/kaggle/input/regspeech12/test/test_sandwip_0010.wav,কিন্তু মানে নির্দিষ্টিতে যাও বলো হিসেব করি নিতে হইবে
/kaggle/input/regspeech12/test/test_sylhet_0336.wav,প্রশ্ন আউট হয়ে গেছে বুঝছি রিটেনের প্রশ্ন আউট হয়ে গেছে যেদিন পরীক্ষার আগের দিন শুনলাম যে পরীক্ষা স্থগিত হুম প্রশ্ন আউট উঠে গেছে আমি তো মহাখুশি হয়েছি কারণ এখন আপনি প্রেসারেশন কি একটু নিশ্চিত না এনি মেমেন্ট লেবারপেন শুরু হবে একদম লাস্ট মেমেন্টে আইসি ফার্স্ট বেবি হইব
/kaggle/input/regspeech12/test/test_narsingdi_0130.wav,দুয়ার একই আমার স্কিনবোলারটা একটু ভালো হইতেছিল কারিনা তুই আমার জন্মগত দেখতে আগেছি মাইরা ক্ষেত্রে
/kaggle/input/regspeech12/test/test_narsingdi_0017.wav,চল্লিশ প্লাস বয়সের দাওয়ান টেস্টের মধ্যে বল করে পঞ্চাশ ওভার ষাট ওভার বল করে আর আমাদের দেশের প্লেয়ারগুলি হনি নাকি টেস্ট খেলা ছাড়া দিচ্ছে টেস্ট খেলব না
/kaggle/input/regspeech12/test/test_narsingdi_0070.wav,সারারা দরার উপায় রাখছেন না রাখেন আঙ্গোল সময়ে কি এসা ছিল খুব ইজিজে মোবাইল ফোন ইউজ করতে লেগেও ব্যাক করলি সে
/kaggle/input/regspeech12/test/test_sylhet_0058.wav,রান্না করার পরে পাট খাওয়ার মত না হালাহাল নরম করত বাবা গাইলেন বহাদিতা দুধ লাগিত পাস্ত্র ফান্ডিত পরে মায়ারানী লাগিব মাতালা বাড়ি মাতালি না পরে অন্য চিকিৎসা চলছে
/kaggle/input/regspeech12/test/test_sandwip_0088.wav,তুমি তো দেওয়া গেছে কাকুরুষের নাকি তো মানসিমা মাইয়াবাদে শ্রমাসনাবাস একবার সান্ধ্যে তোমার লিগে ছেলে নেবে মন্দিরে কবিয়া ছবি
/kaggle/input/regspeech12/test/test_sylhet_0510.wav,সিএনজিটা হস্তা আছে আগে দেড় লাখ টাকা দিয়ে সিএনজি ক্ষীণ কর্মচারী লাভ আছে তখন আট লাখ টাকা ব্যয়ের জন্য তখন তো আমরা কিন্তু হৌ দেড় লাখ টাকা দিলে হৌ পাঁচশ টাকা দিত সুধুই এখন হৌ আট লাখ টাকা দিয়ে গাড়ি লইয়া দিলে না এইবারে হৌ পাঁচশ টাকা দেয়
/kaggle/input/regspeech12/test/test_sylhet_0522.wav,পাস করা এখন কঠিন না ভালো ফরানটা একটু কঠিন এগিয়ে কিন্তু পাস করিলেন সেটা হয় নাকি কবে পরীক্ষা হয় তারিখ পর্যন্ত রিটটা বার তারিখ পরিশ্রম করেছে বাংলাদেশে বেশি পরিচয় করছে রমজানেও সাকিবারের বই কি তো চিন্তিছে না তারা চিন্তিছে না ও হান নাই নজরেরা এরা
/kaggle/input/regspeech12/test/test_narail_0011.wav,আমি বাবুরের চিকিৎসাটা হওয়া কইছিল কি যে বাবুরে চিকিৎসাটা দিচ্ছে তার বৌদি তো দশ হাজার টাকা পাইছে আর আমরা তো জানি দশ হাজার টাকা বৌদি পাইছে দশ হাজার টাকা তার কাছে কি যে না আমার মায়ের সেতুবাহের কাছে আমি অনেক টাকা দিচ্ছি ওর নিজেই কই চায় যদি কয়েজ যদি কয়েজ আমি কই
/kaggle/input/regspeech12/test/test_habiganj_0020.wav,ষপদ ছিল না না না তো আমি আবার আরও তিনজন পাইতাম না তেমনি কোনো প্রদান করতাম না
/kaggle/input/regspeech12/test/test_sylhet_0362.wav,নিজের আইডেন্টিটি রাখা ইটা আমার মধ্যে কাজ করছে যার কারণে আমি কোনাদিন এই অন্য ক্যাডার প্রথম দিইনি আমার ফার্স্ট স্ট্যালার্স আছিল এডুকেশন ক্যাডার আমি এডুকেশন ক্যাডার হইছিও তারপরে বয়স আছিল আর এপ্লাই করার আমি আর পরীক্ষাও দিই নাই চব্বিশ তম দিছিলাম
/kaggle/input/regspeech12/test/test_sylhet_0220.wav,ওটা হইল গ্যা দুই হাজার সাল আজকের চব্বিশ বছর আগেও ওর তালিকাটা যখন আমার কাছে আইসে তখন আমি মনে মনে একটা ভাবছি যে আমি তো ফাঁস করে নিলে আমার বিয়েও কী লাইবে আমি তো আর পড়তাম পারতাম না
/kaggle/input/regspeech12/test/test_tangail_0127.wav,কিন্তু সেটা আর হইল না মানে এখন তো মনে হয় দাবানল এক চলতেছে না এই দাবানলে কি এরকম হইতে পারে আমাদের সুন্দরবনে আগুন লেগে যেতে পারে না আমি তো দেখছি বড় বড় কান্ট্রিতে এরকম হয় অতিরিক্ত গরমের কারণে বিভিন্ন জায়গায়
/kaggle/input/regspeech12/test/test_kishoreganj_0126.wav,তেল গ্যাস কয়লা তেল গ্যাস কয়লা ইত্যাদি ব্যবহার করে এ জীবাশ্ম জ্বালানি হিসাবে ব্যবহারে দূষণের প্রধান উৎস গাছ প্লাগাতে কেড়ে যায়
/kaggle/input/regspeech12/test/test_sylhet_0154.wav,অন্তত তুমি এক কতটা লাগে
/kaggle/input/regspeech12/test/test_chittagong_0078.wav,তোর সেগুলো জুলে ফুলিয়ে গিয়ে না সেগুলো জুলিয়ে ফুলিলে আয় আর কী করিতে হইবে সাই সাই কি রিতারিস নিজে ভাবিক সিন্থি নসায়ায় তোরার গর্মতা বড় ভাই বোন নাই
/kaggle/input/regspeech12/test/test_habiganj_0116.wav,বাজারেটা যেন যাইনি বাজারেটা যাই বাজারেটার দর দাম কি তা পায় মানে জিনিস পত্র এগুলো বুড়ো ব্যবসা করি তুই মিলামিটি বলে পুরো ব্যবসা মানে গরুর কি রকম দাম
/kaggle/input/regspeech12/test/test_sylhet_0604.wav,ভাবনার মেয়েটি লাগছে আর মানে আসে সেটা কি জানে না খারাপ লাগে ভাবটা সি যে মানে লাবলী ম্যাডাম এলি মেরাস্তার ও হাজী জোসির আলী ফোম ভাবতে অবাক লাগে আসলে
/kaggle/input/regspeech12/test/test_sylhet_0396.wav, একলা দেখি না মানুষ আছে সব ভারীর কিছু যে একলাই হলা যুবর্জনে বন্দী ফেরানিয়া রাখা মানে যারে ফাইয়া কিল ওরোহ মানিয়া নিয়া রাখি গুরু কিছুটো মানুষ তারে আংটি এগুলো আমি খুঁজতাম পরিবারেই ছিলাম
/kaggle/input/regspeech12/test/test_sylhet_0736.wav,ছোটবেলা সাত চক্কর দিব সাত চক্কর বাদে তোমার জামির বাড়ি গেলে যাত্রা হয়নি ঘরের বাড়ি গেল সেচ্ছে করতে হইবে আমার ছোটবেলা সামনের আরবে সিরিয়াল ট্রেল দেখতে সময় দেখিস না মামু করিস ওই যে কি তা
/kaggle/input/regspeech12/test/test_rangpur_0048.wav,মুই আগের চেয়ে মেলা খারাপ হয়েছে
/kaggle/input/regspeech12/test/test_sylhet_0629.wav,পায়লার ওর জামাই যেন নাই আমার বড় ইচ্ছা সেল দেখতাম আমরা হয়তো পিকনিকও যাইবা দেখুন আল্লাহ এখন উনি তারা হঠাৎ গেছেন কে এলেন আয়টা আগে নাও হয় দিন আগেই আইসিম করে
/kaggle/input/regspeech12/test/test_habiganj_0004.wav,বেড়া হত করা দিয়ে
/kaggle/input/regspeech12/test/test_sylhet_0374.wav,মানে আমরা খুব বুঝাই লাগে ম্যাডামরে দেখি ব্যালেন্স আসলে তোমার সার্ল খুব কোঅপারেটিভ বলতে ধরাও তাই যেকোনো সময় যে একেবারে খাবার রেডি করিয়া টেবিলে লইয়া বাড়িয়া খাওয়া নেই লাগব সার্চ করা লাগব এইটাই কর না
/kaggle/input/regspeech12/test/test_sylhet_0468.wav,কেন বিসিজেন্সি ওই যে তাইলাম না যদি একটা বাচ্চা অসুস্থ হয় কিন্তু বাফি একটা টাকা পরাস্ত করা যায় না মামাই তাড়াতাড়ি দৌড়িয়ে হইবে
/kaggle/input/regspeech12/test/test_sylhet_0620.wav,আর যখন তো মেগর দিন নাই তা নার্বুজরা নাইল পানিটা নিস্তোপাড়ে তান তার নরমালু আঁটিয়াইটা জাহিয়া ফোরিয়া ফাউ বলে ফাউ জিসাইড লাঠাই তার ফাউ গুঁড়া খাইছে ফাউ জেগে ওর গুঁড়ালির হাত দিয়ে হাতিয়ে গেছে তখন খিলা সোলামানের আঙ্গেলের দেহাশোনা কিন্তু আংটি উনিয়ে আনত
/kaggle/input/regspeech12/test/test_chittagong_0022.wav,ওই হরি আর কাহামার জন্য তুই মুগলেবে ললিয়া হইতে পাঁচ মিনিট টিভি লাই দিম সাড়া পাঁচ ঘণ্টা এলে একটু মনে হয় মুগলেবে বিয়ে নি ওদি বোধ ন্যাশা ন্যাশা ঐ ওরে মুগলেবে কি মারা আছে হানা বানে তা এতদিন ছিটামত কী কী করব চলছে সোনা
/kaggle/input/regspeech12/test/test_sylhet_0284.wav,ও সময় বাড়ির কেসি বুট দেওয়ার লাইগ্যে বুট দেওয়ার কেসি পরে বুটের অন্যের মাঝে আমার ভাশুর আমার দেখেছে
/kaggle/input/regspeech12/test/test_sylhet_0439.wav,মানে একটা জানোর জ্বালায় ফান্দা রে বাবা পরে আল্লাহরিক হইলে তো পাল্লা হয়ে গেলাম পরে একটু একটুখানি প্রস্তাব মানে আসলে একটু পরিচয় একটু পরিচয় ওরকম পরে আবার ম্যাডামি একটা তিন মাস পরে একটা অপারেশন করছেন বুঝি করেছি আল্লাহে দিলে আমি এখন বালা দুই বছর রয়ে গেছে আমি সুস্থ হয়ে গেছি
/kaggle/input/regspeech12/test/test_sylhet_0427.wav,তো তার কুম্বায় দিয়ে ইনজেকশন দিচ্ছেন আমি তা জানি না কুম্বায় মুখ যেন ইসি জানেন এইটা পৌঁছে ফেলেন না
/kaggle/input/regspeech12/test/test_chittagong_0040.wav,পরীক্ষাকান্তি রেখি কী আর করবি পরীক্ষা কেন জিতে আমি ছবি গিয়েছি তোরা আজ যদি খেয়েছে না না একটি ছুনি না আর জেলেছি সুজা হারিলা দান্নায় বুঝলিস না মুখোহন সুজা হতাব্যাজ্ঞিন
/kaggle/input/regspeech12/test/test_sylhet_0521.wav,যদি কোন মতে ভাষাটা কহিলেন সার্কিস দেখিতে হয়
/kaggle/input/regspeech12/test/test_narail_0117.wav,দাদা মানে কোন দাদা ও ছোট অন্য রোজী স্টুডেন্ট নয়া স্টুডেন্ট তোমার তো কত স্টুডেন্টের মানুষ পেয়েছে দিলাম তুমি মনে করো যদি
/kaggle/input/regspeech12/test/test_sylhet_0407.wav,বাসাতে আজ কর্ম তারা নাহিনীর অভিমান জানান বাবা যে সমস্যা করে
/kaggle/input/regspeech12/test/test_sylhet_0290.wav,অথচ চাওয়া পাওয়া থাকত না সামাজিক যে প্রত্যাশা ওগুলা থাকত না তারাও মেরে চাইব আর আমরার তো কোনো চাওয়াও নাই যাইও তো তখন গিয়া এনগেজমেন্ট হইত তারা বাড়িতে গিয়ে মানুষে এসে আয়া হৈনা দেখল
/kaggle/input/regspeech12/test/test_tangail_0124.wav,দিতেছে কিন্তু তাদের লস এত পরিমাণে বেশি হয়েছে যে তাদের ওই টাকাই হচ্ছে না এখন ওইদিন দেখলি না নিউজ ফেটে তো দেখছি যে সাকিব আল হাসান নাকি দিল বিশ হাজার জাস্ট ইফতারি করার জন্য ওর ফাউন্ডেশন পিছন দিয়ে আরও অনেক টাকা দিচ্ছে কিন্তু সামনে দিয়ে হচ্ছে ইফতারির জন্য বিশ হাজার টাকা আছে
/kaggle/input/regspeech12/test/test_barishal_0074.wav,হয় হইছে গৌরীর আর বোর বদনাম কয় না লক্ষ্মী বেনাইলে সরস্বতী বেনাইলে এমন হয় খোঁজ নিতে
/kaggle/input/regspeech12/test/test_sandwip_0095.wav,ভিতরে বোর্ড ব্যাগ হানারা আছেন না জামারি কিং হইবে দুর্ভাবে বাড়ি গেল কেন জানি আমি কেউ ইয়েন না
/kaggle/input/regspeech12/test/test_sylhet_0580.wav,বার্ষিক ক্রিয়াকমিটি হবে না এবার থেকে দেখে কোনো দাবি জানে না দেখছি আমার যাওয়ার ইচ্ছা না আমার প্রতারিত আমার ভালো লাগে তবে এক জায়গা স্রোত আর সবথেকে বেশি বোরিং লাগে উপার্জন শিল্পী আনিয়া যায় গান যে সময় গাওয়ায়
/kaggle/input/regspeech12/test/test_kishoreganj_0128.wav,কুঞ্জির কাতলে লালো এলে করিয়া দই ইয়া করা লেহা দিশে আম্মু এই দ্যাখ্য কাতলে লাল তৈমুর কুঞ্জির কাতলে লাল কি তোর মা
/kaggle/input/regspeech12/test/test_habiganj_0019.wav,জলিল আর আসাদুলেরা বলব না এটা তো ঠিক আছে ইলার সিকের সাথে সম্পর্ক সম্ভবত দুই হাজার দশ শো থেকে বিয়া হইছে দুই হাজার বাইশ বারো বছরের রিলেশনেরা
/kaggle/input/regspeech12/test/test_sandwip_0117.wav,অথচ যে ভালো মানের মাস্টার কিন্তু মাছে গজ হলেন না বেশি খেতে চাইলে এই অটো লাগুর রহমানা
/kaggle/input/regspeech12/test/test_sylhet_0233.wav,তুই ছিলিম তো পুরানো টাকাতে মেয়া দিতাম নাই আর ওটা করতে করতে ডিসিশন লিটলিতে রেজাল্ট বানিয়ে গেছে সে রেজাল্ট বানিয়েছে সারা জেলার মাঝে যখন ফার্স্ট হয়ে গেছে তখন তো বায়ের সেনি একটু লড়িয়ে ধরিয়ে পাঠিলেন
/kaggle/input/regspeech12/test/test_habiganj_0001.wav,কদিন পরে ফলিয়েও লয়ে বনে নাতিনা নাতিন দেবের খালি চাইলে ধরি না
/kaggle/input/regspeech12/test/test_comilla_0023.wav,এই মেয়েটার এই ঘটনাটা আসলে রুহীয় অনেক শখ খাইছে ও তো বাসায় কান্না করতে করতে আসছে আমি তো অনেক ভয় পেয়ে গেছি স্বভাবতই আমি যে ওর হাত পা দেখতেছি কী হয়েছে তোমার কী হয়েছে বলতেছে পরে ও বলতেছে আমার কিছু হয় না তুমি নুসাহেবকে বাঁচাও
/kaggle/input/regspeech12/test/test_sylhet_0269.wav,পরে দেখলা যে ইউনিভার্সিটির টিচারের লেগে মাতলামাতিয়া বলে যে তাই হোস্টেলও থাকতে পারব তাই মেরিকবালা আমরা প্রথম দশজনকে সিলেক্ট করছি যার মধ্যে তাই আছে তাহলে দিয়া যাইন গিয়া ফেরা হোস্টেলও ও আমি হুষ্টেলে উঠলাম
/kaggle/input/regspeech12/test/test_rangpur_0071.wav,ওই মিনির মাল্লাবাজার মালাও সেজে না
/kaggle/input/regspeech12/test/test_sylhet_0618.wav,ওয়াইফ আবারও ক্যান্সার হইতেছে অনেক দিন ধরেই হাউসুস্থ
/kaggle/input/regspeech12/test/test_sylhet_0023.wav,তারপরের উপর অষ্টমী মেনে মেনে আমরা লাডা প্রজা দ্বিতীয় দিন ছিল বড় প্রজা অষ্টমী তিথি অষ্টমী তিথির দিন আমরা ইয়াকারাবাদ না খেয়ে থাকব তাকে গিয়ে এটি বেশি সময় না দশটা এগার টানের সময় আমি করছি তামরা ওপাশ থাকি
/kaggle/input/regspeech12/test/test_tangail_0013.wav,পরে ফ্রেডি তখন পুরা ভেঙে পড়ে আর ফ্রেডির সাথে আরও কিছু মানুষের পরিচয় হয় যারা আসলে ওই কোম্পানিগুলোর আর কি যারা আসলে ফ্রেডির জনপ্রিয়তারা আসলে তারা পছন্দ করে নাই তার চাইছিল ফ্রেডি জানি
/kaggle/input/regspeech12/test/test_narsingdi_0114.wav,কি ম্যাকসন ইয়ার ওপেনিং তো কি হইতেছে সাজ প্রফেশনালি ডেমন স্লেয়ার এটা প্রফেশন আমি হাসিরা রেঙ্কের স্লেয়ার হইতাম সাই ইনশাল্লাহ যদি ডেমন থাকে কেমন মাইট দিব প্যাটিমের নামে কিছু কপি করা চিপ্তা মেরে যাবে
/kaggle/input/regspeech12/test/test_rangpur_0115.wav,মিনি স্যার তুমি যে ভালোই আছে সোয়াগের ঘর সাথে যেই খাতির মনে করে কালাইটেলাই দেয় শাক সবজি দেয় আমি যে একবার ঘৃণ্য মাঝাতে গেছি না তাতে এরকম অনেক উপকার হচ্ছে এরকম
/kaggle/input/regspeech12/test/test_kishoreganj_0038.wav,তুই যেতে না বা আপনি কি বান্চুন
/kaggle/input/regspeech12/test/test_sylhet_0181.wav,তারা দুই বোনের সাথেও মারতেছে তারা রাস্তাত পেয়েছিলাম তুই হারলামি বাবা হুম আল্লাহ উল্লেখে ফেলেছেন বান্দরবান
/kaggle/input/regspeech12/test/test_barishal_0023.wav,আর হ্যাঁ একবেলা নিশার এই পরের বেলায় ধূম করে ডেখা হয় মেয়ের ব্যাপারে আমি শিয়ার তো পাইবে না জীবনেও ভুল করেই শিয়ার বা নাইডায় মানুষের চেয়ে যাওয়া যায়
/kaggle/input/regspeech12/test/test_rangpur_0069.wav,কালকে মা সান্দিমার লাউ দিয়ে কেরাই ফিরদুসির মা আর কালকে নিয়ে নেম নাস্তিকের কথা
/kaggle/input/regspeech12/test/test_sylhet_0602.wav,আর এখন দেখে কেমনে আমি মনে রাখতাম ভারি না মানে আমি তো এখন জানো যেমন মেমারি এত তাল মানে কি তা ঐ তুই তুইছে আমি তো না মনে রাখতে হয় না মানে সবটা ভুলি যে মেরামি জাগাত কেমনে মনে সিনবার এপ্রিল আপনি মানে টিচাররার সাথে ব্যাপারে বলা আছে কোহিনূর ম্যাডাম এরাও যে সময় তিনজন মাত্র
/kaggle/input/regspeech12/test/test_sylhet_0247.wav,আমি কি তাহাইরান ক্ষয় থাকলাম কীভাবে থাকলাম ওটার চাইতেও আমার মজে বেশি কাজ করত যা আমার যে কারণে বিয়া বাঙ্গাইয়া আনিয়া হাস্টেলও দিলা আমি যদি বালারেজাল্ট করি না আমার বাইরের মানসম্মত স্থূল মুখ সুটোয় যিব যারা বিয়ারমার দিচ্ছেন তারা মুখের প্রেম আব্বা
/kaggle/input/regspeech12/test/test_narail_0182.wav,নিচের মাংস বড় মাছ না খাও ঠিক ও না ভালো না কিলো কত করে চিনোর আছে পাথর নাচো শুনি নাই মাঝে তো ছিল দুইশ টাকা হয়েছিল তার চাম্পায়ার
/kaggle/input/regspeech12/test/test_tangail_0006.wav,কিন্তু ঘুরে যাওয়ার পরেও আবার আইসা যারা বসে আছে ওরা সামনে একটা গানের দুটা লাইন শুনায় যায় পরে ওরা তুপুরে অবাক হয়ে যায় ওরা ভাবতেও পারে নাই যে এরকম একটা ভয়েস পরা পাব
/kaggle/input/regspeech12/test/test_sylhet_0520.wav,তার ইন্ডার্পর মাহাদিয়াসের রচনাও করিয়া গেছে না সাকিবদের জুড়ে যারে আমি রচনা হয়তো করাইছি এর মাঝে গেশতা আইস চেয়ে মাদকাসক্তি রক্ত আমি হেহরি তার জীবনে আয়োজনের পরে আমি দেখছি আগে বৌদ্ধ আইসে
/kaggle/input/regspeech12/test/test_tangail_0053.wav,এতে মনে কর কিন্তু ইরফান খান ভাবছিল যে একবার হয়তো অর্কাসাইসা আবার চলে যাব মানে আমরা অনেক সময় কুকুর বিড়ালের যে রকম আদর করি এইরকম একটা আদর দিতে চাইছি লিফান খান
/kaggle/input/regspeech12/test/test_sylhet_0137.wav,আমি কাম শেষ কইরা বাড়া বাড়া বৈন্দা হইলাম দিতাঙ্গীর ছাড়া সবাই খাওয়াই কখন দিলাম আচ্ছা যে বাক্যের সময় মাতাইলাম কি তো হাম্পরাত আশ্রয় করিলেন
/kaggle/input/regspeech12/test/test_narail_0151.wav,তুমি ফোন দিছিলে ফোন দিলি তাই ব্যস্ত তা বলাম যে আজকে একটু ফোন দি কথা কই মা টুকে শুনতেছিল তোমার কথা যে ফোন টুনতেছিল নাকি দিলাম আগের দিন তরে দিতে
/kaggle/input/regspeech12/test/test_tangail_0073.wav,চাকরির মানে একদিন যায় তো আর একদিন যায় না অর্জে বন্ধুরা আছে অরেশ সাহায্য করে ধার দেনা করে চলতেছে আর কি কিন্তু অর্জে ফ্যামিলি আছে বুরুন ধরনের ফ্যামিলি ফ্যামিলি তো আর মানে মাইনে নিতে টলারেট করতেছে
/kaggle/input/regspeech12/test/test_kishoreganj_0081.wav,মেহেবু কি দিয়েও এলাকা কিন্তু আঙ্গুর আইনে বিয়ের না পুরে টিক্কা দিলেন হেজ কে দিলেন টাকা এনে
/kaggle/input/regspeech12/test/test_sylhet_0197.wav,এসিসি পাশাসি লাগোল দিল তো আব্বা আমরা রে অঙ্ক পরাইতা ইংরেজি পরাইতা আব্বা পরাইতা বলতে আমারে সরাসরি আব্বা পরাইছেন না আব্বা পরাইছেন একদম আমরা বড় যে জন তাই না দিয়েছে তাই না তাইর ছোট জন দিতে তাই না তাইর ছোট জন দিয়েছে তাই না তাইর ছোট জন দিয়েছে এর পরে তাইন নার ছোট জন দিয়েছে আমরা একবাই আরোব বাইরে পরাইতা
/kaggle/input/regspeech12/test/test_sylhet_0561.wav,ওই হায় রেখো পা একবারে তো দশটা পর্যন্ত এটা কিন্তু গুণ আর এখনো এনকোর্সার্স যা ইচ্ছে তার একটু টায়ারের মাঝে একটু দেশে ফর্ম ফিলাপোর্ড দিন দেখিয়া দিপার্টমেন্টের হেড দে ও সারেফাই লিখি সামনা সামনা কী ব্যাপারে সারো রুম ও ফর্ম ফিলাপোর্ড আমিও তালিন আসাম সবার লাশ যে
/kaggle/input/regspeech12/test/test_kishoreganj_0151.wav,ভাঙ্গি সম্মেলন হয় ভাঙ্গি সম্মেলন হয়
/kaggle/input/regspeech12/test/test_sylhet_0129.wav,ওই যে রুমটার বয় তারা তাহেই শহীদ হিন্দুলে তাহে
/kaggle/input/regspeech12/test/test_sylhet_0711.wav,তো হালা ফোরালে হ্যাঁ হর্ষকে নিয়ে হরাও ইচ্ছে নেই আর কয়েক বছর রেসিভিয়ার তো আমার তের বছরের জন্য আপনার পরে যা টাকা আছে
/kaggle/input/regspeech12/test/test_sylhet_0365.wav,ম্যাডাম সালাম ওয়ালি গো
/kaggle/input/regspeech12/test/test_comilla_0030.wav,কিন্তু তারটা হয়েছে যে এটা ইস্যুর কথা কারণ ওদের স্কুলের এই দোলনাটার পিছনে যে বিল্ডিংটা এই বিল্ডিংয়ে থাকে ইউনিম্যাডামের যে গার্ড গুলা থাকে বর্ডার গার্ডের যে সদস্যরা ওরা থাকে তো ওদের জন্য নাকি লাইন দেওয়া হয়েছে এই স্কুল থেকে
/kaggle/input/regspeech12/test/test_rangpur_0100.wav,দাম বেশির কারণে এই সমস্যারা এত শক্তি নিষেধাজ্ঞার দাম নয় বেশি এই দামের কারণেই ঝামেলাটা বেশি এর কি সবাই
/kaggle/input/regspeech12/test/test_sylhet_0631.wav,ভালোই বোধ চিন্তা করে না ফাঁস করিলে বা ইনশাল্লাহ এখন ভালোভাবে ফাঁস করেনি চিন্তা করেন
/kaggle/input/regspeech12/test/test_sylhet_0186.wav,দোয়া হই রইলেন আস্ছালামালাইকুম সন্ধ্যা হয়ে যান
/kaggle/input/regspeech12/test/test_narail_0073.wav,ওনার কোন কাকার ওই মূলত এই ঘর ওগে থুয়ে ওরা পাশে থাকত ছোট ঐ মায়েরা যে ঘর দেয় ওই ঘরে ঠাকুর থাকত ঐ জায়গার থাই এবারই দখল করে নিচ্ছে তাই মায়ের সাথে ভালো একটা খাটাচ্ছিল
/kaggle/input/regspeech12/test/test_chittagong_0103.wav,তোর দ্বারা নাই আছো তো অফিসে নো যাই গিয়ে আইসেও ইয়ে তৈলে ওর অধিক হাহ
/kaggle/input/regspeech12/test/test_kishoreganj_0170.wav,কিছুদের কীটনাশক এবং রাসায়নিক সারের ব্যবহারে
/kaggle/input/regspeech12/test/test_rangpur_0125.wav,ইয়া মোটামুটি ভালো হইতেছে ইত্যাদি মা সমস্যা নাই তুই তোর মনে টাকা দিচ্ছিস ওটাই ইফতেরির জন্য কটাকা দিচ্ছি দুশো টাকা দিচ্ছিস
/kaggle/input/regspeech12/test/test_rangpur_0096.wav,জয়িদার বাড়িত না হানিফ মাজির বাড়িত না ফকুরদিন জারার বাড়িত কার বাড়িত খাওয়া ভালো চেয়ে কথা হালের ডিম আলমাস ফাইসি আর গোস্ত খাদ্যের বাড়ি নেই শক্ত
/kaggle/input/regspeech12/test/test_barishal_0006.wav,হ্যারো ছয় পোলা তিন মাইয়া সবাই বড় বড় প্রভাতী দেয়ান শিক্ষিত রায়ে ইংল্যান্ড বেশি করে আমি দেখছি
/kaggle/input/regspeech12/test/test_rangpur_0119.wav,কালার ডাইল খান না কালার ডাইল খাই তো ঠাকরি গেলাই আনিস ঠাকরি গেলাই দি কি চাইবেন ডাইল
/kaggle/input/regspeech12/test/test_barishal_0024.wav,এইটা খাতাব্যাস না এই মর্তে কহিলেই মর্তেই মর্তেই আমিই খাতাব্যাস না মানে আমি এরা আমি এটা কথা করি এটা খাতাব্যাস না এইটাই একটা স্বরূপ পরিবর্তন নেওয়ার প্রয়োজন আছে
/kaggle/input/regspeech12/test/test_kishoreganj_0143.wav,কীটনাশক হয় বাঙ্গি সবুজ রঙের পাকলে হলুদ বা সোনালী রঙের হয় প্রথমেছে কীটনাশক কীটনাশক হাসপাতালে বর্জ্য গৃহস্থলী মানে নাম্পা বাহিনীর আবর্জনা
/kaggle/input/regspeech12/test/test_tangail_0065.wav,নিউ ইয়র্ক মানে এরকম চলতে চলতে ছবিতে দেখা যে একটা নিউ ইয়র্কের সময় এসে মানে হোটেল জুড়া পার্টি স্টাফদের আলাদা পার্টি জায়গা আবার যারা কর্পোরেট ওদের একটা আলাদা পার্টির জায়গা আছে
/kaggle/input/regspeech12/test/test_habiganj_0109.wav,যেমন হিসাববিজ্ঞান ফিন্যান্স ব্যবসায়াত্মক গণিত ইংলিশ বাংলা উপর বিজ্ঞান ইন কয়েকটা নটা সাবজেক্ট ল্যাব বিদায়ী আর বাকি কিছু চাপের আসল উইকেল বাদ দিছে কিছু মানে আবাদিত
/kaggle/input/regspeech12/test/test_barishal_0009.wav,পায়ের টু সরিপিন্দা পরিচয় দিলে বোর প্যাট্রিসে থাকে না হাসি কি করবে উনি ওনার বাবার রেইসেন্দ্র না এইরম হয়
/kaggle/input/regspeech12/test/test_narail_0133.wav,মিনতা আমার অত ভালো লাগে না প্রিস বেরি করেছে আমার ইন্ডিয়ায় একটা বাড়ি গড়ে দেয় আমাদের কয়েকটা দিবানি
/kaggle/input/regspeech12/test/test_sylhet_0494.wav,তাই নামাজ পড়িয়াছেন বাহিরা একটা উদ্বানী উঠিয়া হাইলাম না হাইলাম নাহিতা হাইলাম নাহিতা হাইলাম নাহিতা হাইলাম নাহ তাহার জান হারা ফুললে হাইলাম নাহ তাহারি কি দাম হাউস করিলেন তাহাই নামার একটু দাম হারি ছিলেন আল্লাহ জোর করিয়া যখন লাগলাম সুস্থ মানুষ হলেন জোর করিয়া একটু তুলছেন আল্লাহ কিন্তু একটা টাস করে উঠছে ও না বিন্নিসি লাকসিন যেন আমার কি তাস করিয়া উঠছেন আমি বুঝতাম বার জন্য আমার মার মার হাইলাম
/kaggle/input/regspeech12/test/test_comilla_0009.wav,রুহি চাচ্ছিল রুহি উঠতে কিন্তু নুসাইবা বলতেছে না আমি উঠি তুই যা তোর তো নাচের রিয়ার্সাল আছে তো একপর্যায়ে রুহি ভাবল যে হ্যাঁ আমার তো নাচের রিয়ার্সালে যেতে হবে আমি চলে যাই তুই দুলনাখা দুলখা দুলনায় তো রুহি ওকে ছেড়ে দিয়ে
/kaggle/input/regspeech12/test/test_sylhet_0350.wav,তো তখন গেলাম ঢাকা একটা ওরিয়েন্টেশন প্রোগ্রাম আমরা গিয়া ফাইসি মন্ত্রিসচিব ডিজি যারা আছে শিক্ষা মন্ত্রণালয়ে আমরা
/kaggle/input/regspeech12/test/test_sylhet_0513.wav,এগুলাও কোন অপারেশন করি জানতাম আবারি এখন আমার হান্ডা পরে আমি আমার পড়া শুরু করছি স্যুপ মুজিয়া
/kaggle/input/regspeech12/test/test_barishal_0004.wav,মিডিয়া গেছে হেলের মেয়র গেছে নানান প্রশ্ন হে মনে করেন এক লোক চালাইলেও হেয়া দেখলাম পাঁচ ছয় জনে অনেক প্রশ্ন পরে হেসে মাপ চাইছ কার আসলে আমার ভুল হইছে আমি মাপ চাই আমি এরম কামার কোনো দিন করব না ওই যে দেখি আকারে গায় না আর্দি নাই এখানে মাংস নাই খালি আর্দি
/kaggle/input/regspeech12/test/test_tangail_0112.wav,তো আমার মনে হয় ওই বিল্ডিং করার জন্যই কেউ চক্রান্ত করে আগুন লাগিয়ে দিছে দেখ দেশে ব্যবসা হয় জাস্ট এই দুইটা ঈদ দুইটা ঈদে হচ্ছে দেশে ব্যবসা হয় তারা অনেকে আছে যে ঋণ টিন করে
/kaggle/input/regspeech12/test/test_kishoreganj_0172.wav,তমুদের বিতল লাল তরমুদের বিতল লাল তরমুদের বিতল লাল তরমুদের বিটরটা লাল
/kaggle/input/regspeech12/test/test_sylhet_0314.wav,গিয়া কিনা কাটা করি একদম প্রাইমারি যেগুলা লাগব সেন্সিয়াল ওগুলা আনি দিচ্ছেন আর ভাবিরা সকালবেলা উঠিয়া মেন্দ্রিনটি বাটিয়া একটু লেফাভা দিয়া দিয়াইসির অতল ডিজাইন ডিজাইন না গাসল গালাইসুল গড়াইয়া লইয়া গেছেন গিয়া সুনামগঞ্জ গিয়া পারলারর মানুষ আনিয়েছেন বাসাত
/kaggle/input/regspeech12/test/test_sylhet_0422.wav,ভুল করছি কিন্তু যেও করতে পারছে না বা তারা কিন্তু এই অপারেশন জানেন না আমি বুঝতাম আমার জন্য কত কষ্ট রে বাবা
/kaggle/input/regspeech12/test/test_sylhet_0382.wav,তুমি যদি ফর্তায় চাও তবে আমরা ঋণ থেকেই শহরে গিয়া পড়া এত সহজ না রাস্তাঘাট বালা না যাগাযাগ ব্যবস্থা বালা নাই একলা একলা যাইতে আবার তাই না রাস্তার মাঝে মানে আমরা গ্রামোড্রনের মানে হেহা আছে সমস্যা মেয়রারে বাইর করার তো তোমার হুষ্টতা হালার প্রতি আমরারা পালাইয়া থাকতাই বারবার নিউ হুষ্ঠ লাগিয়া পড়লে হুষ্ঠ লাগিয়া থাকিয়া পড়বা যাতে যাতে যাতায়ার ব্যবস্থাটা সুখী হওয়ার সমস্যা হয় না
/kaggle/input/regspeech12/test/test_kishoreganj_0040.wav,যা নাইম গুলা স্যার গুলা চেলিবা জাকিবে আমি তুই আরেকটা লেখা দেখলাম কিন্তু সিকিট নিয়ে যাবে না
/kaggle/input/regspeech12/test/test_rangpur_0018.wav,কার দেশ ফটোকপি আছে না কার্ডের
/kaggle/input/regspeech12/test/test_barishal_0058.wav,তাই হেরম যদি ডাটামি করতাম তাকে হেরাত করে ওমর ভাত ধরত না আক মনে না সেন্টার জির্জির নেটার গেছে ঠোঁট লাল লেবু যে
/kaggle/input/regspeech12/test/test_narail_0183.wav,সাধের সময় তো আনিচ্ছিলাম একশো পুজো আক্রিন করিয়া এক মাসের চারুমানে তো বাড়ি যাই রাখো ভিন্ন প্রশমন বা স্বস্তি ছিল না তাই
/kaggle/input/regspeech12/test/test_sylhet_0403.wav,যে অসুস্থ মানুষ আমি তা হইয়া লাভ নাই আমি নাকি দুঃখ করিবার কিছু জায়গা দায়ী নামিনির এই চিড়ায় তাকিয়া একলা একলা কিন্তু বিশেষ হলে আমার হাসব্যান্ট কুতবালা আরিলা কেউ তাহলে জীবনেই লাঞ্ছন রাস্তা দেখাবে
/kaggle/input/regspeech12/test/test_kishoreganj_0026.wav,তা ভুল চুল করে অনলাইনের বেলা উভয়ের কারণে কম্পিউটার দিয়ে এসব কাজ করে নাইম কি কস তত পরিচিত অনেক কম্পিউটার দোকান
/kaggle/input/regspeech12/test/test_kishoreganj_0005.wav,আমার তিন তাল কেন খেলতাম আগে শুধু দিছেছ তুলে নিয়ে বালিশের লোভ বাল্সীদান তুলতাম না বায়েলা দেওয়া নয় ওকে গাড়ি তেম্বে মেয়া গাড়ি ধরা করো তুই তেম্বার
/kaggle/input/regspeech12/test/test_sylhet_0689.wav,আগে তো তোবার চাকার চালাইয়া সুখে সংসার করছি থাকেই নগরের প্রাণ তে লেখাপড়া হাত প্রাণ তেড়ে বিয়া দিলাম প্রাণ বিয়া দিলাম নাতিনু সাফাইলাম নাতিরও বিয়া দিলাম
/kaggle/input/regspeech12/test/test_comilla_0018.wav,তো এখানে কয়েকটা বিষয় আসলে কি কারেন্টের শট লাগল কিনা কিন্তু ওদের স্কুলে কিন্তু ডে শিফটে সকালে মর্নিং শিফটে ক্লাসে ওরা হচ্ছে ডে শিফটে যায় মর্নিং শিফটে সবাই দুলনাতে উঠল কারও শট লাগল না এরপরে ও নুসাইবা বসার আগ মুহূর্ত কিন্তু দুলনাতা
/kaggle/input/regspeech12/test/test_barishal_0088.wav,হৈরি তৈরি আবার উপরে চোখের হালা বেঁধে কী করে ঐ ধারণা বলতে হয়েছে যে এরা কোন কাম উপরে ডালাইলে তরুক্ষ ঋণ নেওয়ার আগে না
/kaggle/input/regspeech12/test/test_tangail_0045.wav,পরে পাই একটা বোর্ড পাই মানে ইরফান খান একটা বোর্ড পাই ওই বোটে করে কোনো রকম আর কি ওই রাতটুকু বাসে পরে সকালে উঠে দেখে যে ওর সাথে ভাগটা যাচ্ছে রিচার্ড পার্কার ও সাঁতার কাটতে আছে
/kaggle/input/regspeech12/test/test_tangail_0032.wav,সর আসছিল পরেশ যখন সারা যাইতে নাই প্লেনে তখন ওই বিমানের ফ্লাইটে সারা ওই পাঁচ ডলারের ওই নোটটা দেখেছে জোনার থানার যেই নাম্বার দিচ্ছিল ওই নোটটা আবার ওর কাছে ফিরে আসে পরে সে বিমান থেকে তাড়াতাড়ি নেমে ওই নিউ ইয়র্ক নিউ ইয়র্ক ইভে
/kaggle/input/regspeech12/test/test_sylhet_0742.wav,সারা জীবনের পুনরায় এক মাস আর দুই মাসে হাই হাই হুসাত অভিন্ন বিষয় হাই জো হাই যে থাঙ্গেন যেই বাহির চেয়ার হাই না আর থাঙ্গেমের বাড়ির কেউ মরবে আমরা হাই তাহলে আমরা অদুয়ালান্দী কিউকে এই যে আমার
/kaggle/input/regspeech12/test/test_chittagong_0112.wav,এই জ্যাক কম্পাসের সঙ্গে ছবিটুবি যা আছে দ্যাগিনিককে তুলে দিয়ে দিয়ে দিয়েছে এখন অপরের ছবি হতা হয় আপাত মালে এমবিটিম বিনায়া তাহলে সমস্যা প্রতিরিক্ত করে ছিটাঙ্গ গরম হইলে
/kaggle/input/regspeech12/test/test_narsingdi_0040.wav,দিনে সাড়ে পাঁচবার গোসল লুই করা লাগে কাবারের অবস্থা তিনবারও লিডিও গেছে গোসল মাত্র আমি এ বাড়িতে সাতবার বসি শাস্তি কারেন্ট আল্লাহ কী কম
/kaggle/input/regspeech12/test/test_kishoreganj_0024.wav,এলাকাতে বিন লুক আইসে কুচিতে নামের দেহিদা এলাকাতে যার যেটা আছে ইতা নিয়ে করব বুঝা আরেক বেটা সম্পদ না এনে করব লাভিত না মিজেল লিখে দেখেছে ভুল মিনার হোক নাম পাঁচ হাজার সাত হাজার টাকা থেকে খুশি করতে পারে
/kaggle/input/regspeech12/test/test_comilla_0001.wav,আজ স্বর্ণাকার যে স্বর্ণাকার তো প্রচুর দামে জায়গা
/kaggle/input/regspeech12/test/test_sylhet_0039.wav,কিন্তু অনেক জায়গায় তা পুকুর নাই তারা কোথায় বিসর্জন করে ঠাকুরকে তারা কি দক্ষিণ সীমান্ন দিয়াছে না নদীতে গিয়া সবাই বিসর্জন করেন আমরা এই অর্থে পুকুরে আইসাহ বিসর্জন করার পরই আমরা ইউ আসেন
/kaggle/input/regspeech12/test/test_habiganj_0088.wav,নৌকা প্রমাণ বানায় গেছে ক্ষয় বার গুড়াইছ নৌকা প্রমাণ অনেকবার গেছি অনেক সময় বেশির দিকে গেছি গুড়াখুড়ি এমনিতে অন্য জায়গাতে আর কোন জায়গাতে পড়ছ নি
/kaggle/input/regspeech12/test/test_habiganj_0056.wav,মা খালি হয় তুইও ইরান তুইও ইরান তখন দেখা যায় যদি মুরুগুরু গানে একদিন মুরু গান ছিল আমি আমার দিয়া মা রান্দাচিল মা হাসে থাকি আমি লারাউড়া দিতি তখন বলে তোর খালি অত্যার্থ মজা হইছে তখন সবাই হালি ক্ষয় মার্তিকা তর্ম যাইছে তখন তুই রানবে হন মুরুগুরু গানলে আমি এমন যন্ত্রণা করি খালি আমারে দিয়ে ওরা আন্দায় তখন তো আমি এমন বিপদ করছি আমি হই এখন একদিন আমার এমন বাজে হইলে রান্না লাগব যাতে আমার দিয়া আন দায়
/kaggle/input/regspeech12/test/test_sylhet_0652.wav,যাহা অর্থ আছে না যেন হৌকা থাকে হৌকা চাইছে সাঞ্জাবি দৌড়িয়া হৌকা থেকে নৌকা কেড়ে হাওয়ানা হচ্ছে অন্য হয় সে তো দেখাইয়া দেয় রাজাকারে দেখাইয়া দেয় নানি মাতাল রাখিয়া হইবেন ওলাই অক্ষতা কাকি কি করিয়া দিয়াছে
/kaggle/input/regspeech12/test/test_sylhet_0112.wav,আর নানার বাড়িতে খেয়ে খেয়ে আসেন তারা তারা কি তা করেছে তারা চলে পালাও চলে দুই ফুয়া আছে সেই আন
/kaggle/input/regspeech12/test/test_habiganj_0035.wav,আমার যে বালা তো মনে মনে হইতাম আমি যদি রানতে পারতাম নিন যে আমি রানতে পারব এরপরেই তা হতে হতে দেখতে দেখতে এরপরে আমি বুঝা যায় যে আমি নারায়ণ দুই দেখা যায় মার্জেন্টদের তা রান দেয় আমি তা রানতে পারব এর পরে মারে আমি একদিন হই মা আমি রান নৈব সম্ভব নয় আমি
/kaggle/input/regspeech12/test/test_narail_0085.wav,তুমি কিন্তু কয়েবার কি দুইবার গেলাম আমরা যাব আমার যাওয়া শুরু হয়েছে আর কঙ্কালে যে থামব তার ঠিক নেই
/kaggle/input/regspeech12/test/test_sylhet_0682.wav,খেলার আগে বন্ধ নাই এসব কোঠানে স্কুল বন্ধ তাহলে তারা হবা জানতে আর নাতের আনে জানতে তারা আর হিও নাই সব প্রত্যাহ্বান আর আবারের পৈষ্টাত আশা দেখছেন করে মানুষ করার খেলার পরে আবার কিছু করা এরা বড় হয়ে কিছু করবে ভালা হচ্ছে
/kaggle/input/regspeech12/test/test_sandwip_0057.wav,ধান্দাকা আরোপ করে ছাড়িয়ে দেওয়া হয়ে গেছে একেবারে দিয়ে
/kaggle/input/regspeech12/test/test_narsingdi_0074.wav,সালামি দিবি তুই আমার গতকাল বিশটা সালামি দিস আশ মাত্রা কত বার আরও বেশি দিস কত বেশি আছে তাহলে কি খুব বেশি আছে
/kaggle/input/regspeech12/test/test_comilla_0021.wav,যে এইটার জন্য হইতে পারে যে কারেন্টের ইয়া হইছে কিন্তু অন্য কারণে বাচ্চারাই তো কারেন্টের শখ করে নাই বা ওর শরীর থেকে রোহী সবার প্রথমে ফার্স্ট রোহী দেখছে রোহী ওর মাথায় যে স্পর্শ করছে রোহীরাও কারেন্টে ধরে নাই
/kaggle/input/regspeech12/test/test_chittagong_0148.wav,এইতোই অন্যে হো এতাল লাই এতক্ষণ ধর্মে যেন ফ্রেন্ড হাসানা হাসি কিনলে আমি কালামো চালানো দেখব না কেন আছে কাছে পালা আছে
/kaggle/input/regspeech12/test/test_chittagong_0006.wav,তাই হান আগে তো আটটা বাজা যাইতে আমি ঘুবরাবর তাই হান জায়গায় সোয়ারটা আটটা বিশেষ লেগের দেরি করিয়ে রয়েছে বাইরে তাই হান গিয়া গড়ে আইআইএর আর না দেখিলে আপাক হইত এখন উদ্যাবলা ইতি প্রিয়াঙ্কাবলা হই যা হাতে উনি একটু অসুস্থ সেজন্য আসে নাই
/kaggle/input/regspeech12/test/test_sylhet_0337.wav,তখন আমরা বাইয়া হইয়া কইরা ইয়া কর সিজার করিলাম সিজার করিয়া তুমি পড়ালেগে আমি হই সিজার গড়াত গেলে যে খরচ লাগবে এটা আর আমার জামাইনবার চাকরি অত কিছু বেয়ার করিয়া তাইন আমার সিজারের খরচ দিবার সামনে আমি না সিজার না নরমালে হইব না হইলে না এটা আমার সিজারের জন্য আমি ওলা অবস্থায় পরীক্ষা দিব
/kaggle/input/regspeech12/test/test_sylhet_0419.wav,তুমি আমার অসুস্থতা বানাইছে তুমি আমার অসুস্থতা করিয়া দিবে আমি ওরকম আমার ফোর্স আপ ঝরছে কিন্তু আমি জানামাজ নামাজ পড়ছি আমি নিজে যাচ্ছি তখন আমি যে ভাবছি আল্লাহ তুমি যদি আমার গুণাদোল দিলা কিন্তু আমি নামাজ চাতাম নাই
/kaggle/input/regspeech12/test/test_sylhet_0640.wav,গান ভাড়া দুজনের মতো দুজনে মিলে গাইলে
/kaggle/input/regspeech12/test/test_chittagong_0167.wav,লাল তা আল্লাহর পরীক্ষা দিতে দেরি আল্লাহ তো ইচ্ছা একদম শুরু হলে কেউ বা বয়সের আগে যদি থাকিবে এগুতো কিরভু
/kaggle/input/regspeech12/test/test_narsingdi_0080.wav,অনেক ফেরাফেরির পরে মা রাজি হয়েছিল তারপর আমি খেলতাচ্ছি না দ্বীপে শেষ করলেই সেলাম আমারা যেহেতু না মারির বেডের নাম নষ্ট করেছে বাবার গবার না কিছু হ্যার মতো একটা কিনা যেন না আমার ডাকে তো হ্যাই নষ্ট করছে হ্যা হ্যা নষ্ট করলে সবার হ্যার নামের এভিনম্যান
/kaggle/input/regspeech12/test/test_sylhet_0698.wav,আপনার কয়েক সালে আর ফুরি বলা মাত্র তুমি মেয়েরা সিলেটে খাতা বাড়াচ্ছ তিন ফুড়ি তিন ফুয়ায় এক ফুড়ি গুয়ার বউ তিনজন
/kaggle/input/regspeech12/test/test_sylhet_0685.wav,তুই বা বেড়ার হাম হচ্ছিস নি
/kaggle/input/regspeech12/test/test_sylhet_0633.wav,চেষ্টা করারা যেহেতু সবার হাতে হাতে স্টুডেন্টের আর প্রযুক্তি অ্যাটলাগি মেবি কিন্তু কতটুকু ফলপ্রসূত্রেরও বুঝা যাবে
/kaggle/input/regspeech12/test/test_sylhet_0119.wav,জিতে আবদুল্লাহ অর্থের ইতিহাসেরও মাসিকা জুড়ে ফেলা যেত ইস্কুলে ভর্তি হল ইসলাম পড়ছে না ইস্কুলে স্যার এখন আমি স্যারের ইডার মানে একটাই বিস্তৃত হবি না
/kaggle/input/regspeech12/test/test_sylhet_0628.wav,দেখিয়া পছন্দ করে ফেরার কি ইলারের কোপ নেওয়া এখানে আছে আর বুশরার যে আরেকটা কাজিন আছে তা নিয়ে আমরা কমার জন্ম নাচিনী তাই রবি আমার লোকে প্রায় মানুষের বিয়ে হয়ে গেছে
/kaggle/input/regspeech12/test/test_sylhet_0144.wav,বাকি নাকি তার ফরেল পড়ে নুরুল নিন বাকি সেলেমেয়ে আপনি
/kaggle/input/regspeech12/test/test_sylhet_0646.wav,তোমরা দাদুই নিয়ে কিছু হোক দাদুকে তা করোই সকলে একটা গড় গুছাইবা দরজা দিবা বাগান দাড়ি দিবা কী বয়সী অতাকার মর্তা হয় রেল করোনি
/kaggle/input/regspeech12/test/test_sylhet_0647.wav,ক্ষুধায় স্কুলে যাও ফোড়াবো এই হরি সেই হরি ক্ষত্যাগ্রাম হইল যে টাকার জানার স্থান হইল
/kaggle/input/regspeech12/test/test_sylhet_0324.wav,আমি তো আছি আমি তোমারে হেল্প করব আমি যেতেও ফরি তোমারে লইয়া পড়ব গ্রুপ ওয়ার্ক করব তাই তো চলো শুরু করি কহিয়া আছে তা আইন কেতাকর্তা আয়া কাহিরু জিতা রাত্রে ঘুমায় জিতা
/kaggle/input/regspeech12/test/test_sylhet_0517.wav,যার জন্য নির্দিষ্ট কোনোদিন বালা দাফন করার জন্য সুস্থ হালকা থেকে আসলে বলা হয় সোমবারে গত সোমবারে সোহালে ফরিদ হিসলা
/kaggle/input/regspeech12/test/test_sandwip_0099.wav,কালকে না হলুকাবু ও কৈশোর নায়কে হয়ে কত বেছে নেব কিনছি হ্যাসান হ্যাসান লাইফের কেহাম দেওয়া আছে কি সাকিব দেখব কি আমি খেয়ে খাইব কোনো সাকিব রেখে দেওয়ার দরকার নেই
/kaggle/input/regspeech12/test/test_sylhet_0595.wav,কোথায় ইনস্টাগ্রামও আমি আস্তাস্তা দেখতে স্টোর্ডে এটি ভালো হয়েছে না হে আলাম দিলে ভালোবাসে হ্যাঁ শ্বশুরবাড়িরা সবাই তো ভালো হাসবেন না তো ভালো
/kaggle/input/regspeech12/test/test_sylhet_0050.wav,প্রথমে নুডলসিদ্ধ দেয়ন বাদে ফ্রিজ বাজার ডিম সারাইন ডিম বাজিয়া নুডলসিদ্ধ সারাইন মসলা দিয়া
/kaggle/input/regspeech12/test/test_tangail_0096.wav,পরে আয়েশা আবার সাকিনাকে বলে যে ইমারে পাই নাই তো এখন কী করব আমি তোমার অনেক ভালোবাসি এরকম পরে কিন্তু ওই সাকিনা যে
/kaggle/input/regspeech12/test/test_sylhet_0371.wav,ওয়েলকাম শুক্রিয়া জানাইছি আল্লাহরে আসান যে অভিল্লাহ পিসি আর ঐ বয়সে আসলে বাচ্চাটা হওয়ায় এখন আমি বুঝি যে আমার কতটা সাপোর্ট হইছে আল্লাহই লইয়া সবচেয়ে বড় পরিকল্পনাকারী এখন আমি চিন্তা করি যে
/kaggle/input/regspeech12/test/test_narsingdi_0082.wav,ফাইবে আমিও ফাইছিলাম আমি ফাইব ফোরে ফাইছিলাম দৌড়ে ফাইছিলাম একটা সেকেন্ড প্রাইস এটা আমার স্কুল লাইফে ফার্স্টা ছিল কোনো খেলার মধ্যে ছিল ফাইবে খেলা দেখিস ভাই না আমার লোকে সব মনে কর আমি তো এক বছরের জুনিয়র আছিলাম
/kaggle/input/regspeech12/test/test_sylhet_0565.wav,আর থার্ডিয়ার অন্ডার আর্কে কমার্স সোসেটে অ্যাকাউন্টিং ফাইন্যান্স ছিল তার মেয়ের হায়ার লেভেল সেন্টার মিডিয়েট দিচ্ছি তোমরা আর ম্যাথি তাকিলা থিওরি নিলাম
/kaggle/input/regspeech12/test/test_narail_0164.wav,তাহার মতো তাহাও যাবে না কাজ যে ডাক্তার দেয়া কি আজ বলো ডাক্তার দেয়া যাবে না কাজের কামেরা চায়
/kaggle/input/regspeech12/test/test_chittagong_0102.wav,আবার চ্যানেল জুবাই খুনানিরোধের মধ্য দিয়ে খুনানিরোধ করা হয় দেখি যে তাহলে সেই নাম্বার নন লরেশ করে রয়েছে টোকু কি আর গুরবুম পালক দিয়ে নাসিয়ান লোক পেয়ে ছুট্টে এরা সাম্য দেয় জয় বুড়ো
/kaggle/input/regspeech12/test/test_kishoreganj_0096.wav,হ্যালো স্যার তুই নামাস আছিস না ও নামাস করছে
/kaggle/input/regspeech12/test/test_sylhet_0096.wav,দুইজনে জানা খাতা নাই বাজার দর তখন বেশি যে দাম ছাল ও সত্তর টি অ্যাহরি একত্রিশ সাল সত্তর টি অ্যাহরি ঐ গো মূটা সাল হইল সত্তর টি হাল দামে সেই সাল আনতাম মুটা সাল আনতাম সরিষ্টিয়া দিয়া
/kaggle/input/regspeech12/test/test_sylhet_0068.wav,ভাইয়া বিয়া করতে না বাইরে বাবা হাসিল ভাইয়া বাহিনীকে তার পাগল আমি বিয়া করতাম না নাকি তা মন্দ হইব না কিন্তু দুইটা বোলিং করো তো ইয়াবা ইয়াবা
/kaggle/input/regspeech12/test/test_rangpur_0057.wav,এজন্য অনেকে কহেছে যে এক বছরের খাবার মজুত রাখার জন্যে মানে ইয়া করা খাবার কিছু মজুত রাখার জন্যে সরকার না বিভিন্ন ধরনের বলছে চাই
/kaggle/input/regspeech12/test/test_sylhet_0150.wav,আপনার চামড়ার পরে লেখা করেন আপনি মেয়েরার পরাইলা আপনি মেয়ের যে বিয়ে হইল নাকি নাতনি আস্তে নেই ঐ বড় হরির এক মেয়ের ছেলে হুড়ো হরির এক ছেলে
/kaggle/input/regspeech12/test/test_chittagong_0021.wav,অ্যারামা গরি সিলেটে সিলেটে পত্রিন হানে কাছে জ্বালা হলা গলি হলা পশ্চিমবঙ্গে হল হাগলির জন্য মডার হল হাগলির জন্য আরও গুমগুলি মোবাইলের বেলে বোর্জে এলাকা আছে মোবাইল তিবর্কা তুই এজু ছুটানো নি
/kaggle/input/regspeech12/test/test_chittagong_0024.wav,আবার ডাক্তার হাসে গেলাম ওষুধ ফাঁকে হারালাম বোধ নষ্ট করিয়া লইল আমার গোবে না রে অসুখ নিজে মেখে মেখে এবং ফিরিয়ে বুনা বুনা মানালি
/kaggle/input/regspeech12/test/test_rangpur_0011.wav,সে না না আসবের বউ কুকুর আসবে দেয় না মানুষের খবর নিয়ে লাভ আসতে পারলি বেটা হোকার বোধ হচ্ছে
/kaggle/input/regspeech12/test/test_sandwip_0129.wav,অঙ্গার হলানের বাইরে অঙ্গার হলান হইলে হলে নাই কেন কেন আল্লাহর আস্থা সালাই দাও এ হিসেবে শুধু শুধু নিজের টিয়া খরস্র হইয়া পড়ে আর অঙ্গার হলানের নামের কাছে মনে হয় যে ওলাইন নিজের তেবৈত্য চানা হে ওলাইনেরা আগুদ অবধি চেষ্টা নিয়ে করা ননের কোন মানে
/kaggle/input/regspeech12/test/test_sylhet_0490.wav,ালাকার দারাতে আজকে আমি সুস্থ মানুষ আর আজকে তাইনার দারাতে সুস্থ হইয়া আমি আরও আশা করাম যার লাগতগুলাম সুস্থ হইতেছি তার ফলেও মানে আমি নিরাশ হইলাম না আমি দুর্বল হইলাম না তার ফলে সাহস কর আমি যদি কি নিজের ভবিষ্যতের কিছু করি আল্লাহ নিয়ে আমার ভবিষ্যটা সুন্দর হইয়া দিন মৌটা আশা কর আমার লাগেছে এর পরেও অতো বড় অসুস্থ হবা হওয়ার পরে কিন্তু বয় খাইলাম না সাহস করাম লাগেছে তা সাহস হতের লাগেছে তা সাহস হতের লক্ষ্য লক্ষ্য তার লক্ষ্কের তা সাহস কর্ষণ্কর্কর তুর লালাম যালাম যালাম তাস্বর্কর্কর তেন তো সাহস্কর্কর্স কর্স কর্স কর্স কর্স কর্স কর্স কর্স কর্স কর্স কর্স কর্স কর্স কর্স কর্স কর্স কর্স কর্ক
/kaggle/input/regspeech12/test/test_sylhet_0341.wav,তখন দশটা থেকে পাঁচটা পর্যন্ত পরীক্ষার দেওয়া তিন মাসের বাচ্চা রাখিয়া এইটা মানে হে মহাযুদ্ধ আজ সেন্টার আছি তোমার সরকারি কলেজ হোক বাসায় আছি রাজমহলে কিছু না পরীক্ষার যাইতাম গিয়া তখন আমার বড় যা আইসে তারে আমার ছেলেরা দেখার লাগিয়া আমার বড় যাইছে পরীক্ষার সময়টা সাপোর্ট দেওয়ার লাগে
/kaggle/input/regspeech12/test/test_sylhet_0055.wav,আর মা করতে পারবে না মা না হাজির মর্চন করতে কেমন মন নেই বুঝছি বুইনের ছেলে মেয়ে আছে নিতে প্রায় তিন বছর চলে তাই আপনারা ছোটবেলালয়ে কিছু খুন মানে বাড়ি বুইন্ডার একসাথে কী রকম মজা হইত কি তা কি তা হত তাই আমরা তো ছোটবেলা অনেক কষ্টে
/kaggle/input/regspeech12/test/test_rangpur_0006.wav,তোর হাতটা নয়টা বড় হইছে সিদ্ধিসীর মা দুইটার নিজের সাইট তাহামাকেও দেন তো দুইটা কটেকা হয় দেওয়ালা এ অ্যাকরিমেলা কাটি গাটি হানগুলি রান জানবে মারা
/kaggle/input/regspeech12/test/test_sylhet_0017.wav,গাড়িতে নিয়ে ইয়াহরান আঞ্চলিক ভাষায় যেটা কয়েন ওটাই ক্ষোভ করে থাকে ঠাকুরের লিখেছে বাহারায় বিসর্জন বিসর্জন দাওয়াজ বিসর্জন নাকি নিয়ে আনন্দমালে রাস্তায় রুড রুডে যায় তারা গাড়ি নির্মাণে নিয়ে যায় নেওয়ার পর আইসা বিসর্জন
/kaggle/input/regspeech12/test/test_chittagong_0176.wav,মানুষে সবসময় কিছু না তাহা ইয়ানো না মাঝে মাঝে তো পাহিবেগে পার্সোনাল কিছু এত চেক গলে সমস্যানও নেই
/kaggle/input/regspeech12/test/test_sylhet_0372.wav,তারার লাগে যেটা ভালো তারার লাগে যেটা উত্তম নিশ্চয়ই সেটা আল্লাহ দিবা আর আমি যদি আমার সৎপথের মাঝে থাকি তারারা যদি আমি ঐ পথটা দেখাই যাই তাইলে ইনশাল্লাহ তারাও কোন না কোন আপত্তির মাঝে পড়ব
/kaggle/input/regspeech12/test/test_sylhet_0291.wav,দেখিয়া গেলা তখন হইল তোমার স্যারের সাথে আমার মিট না তার বাড়ির মানুষের সাথে খাওয়া দাওয়া হইছে কথাবার্তা হইছে ডেট উঠেছে ডেট পড়ে ফিক্সড করা ঐ বনে এনগেজমেন্টা ঐ যাক
/kaggle/input/regspeech12/test/test_narail_0021.wav,বাবা আমি চলে যাচ্ছি দলের একটা আনা নিয়ে আরু জীবনে ক্ষত মায়ারে পরিচয় দিনে যে তার মা মরিয়ে গেছে তোর এই মাই শেষ হয় সে সব আত্মাকে যে সব আসিয়া আইসিয়া এসে বুলন বুলনের কথা কয় এই বিশ্বের মেলাদিন আইসে ঐ যে তোমার বড় দিদি মা ছোট মামি প্রামী হয় যাইচে
/kaggle/input/regspeech12/test/test_chittagong_0086.wav,আরে না এরকম কিছু হত না আরার আমি যেটা শুরু করতাম কি অ্যারোগ্রাফ পলিমায় আসে হয়তো কিন্তু সিলিনের চিনিতার ভিতরে ফোলের অনেক শুরুতে আসিলে দেখি মোটা করি মায়াবে
/kaggle/input/regspeech12/test/test_kishoreganj_0200.wav,একবার সামতা থাম হাহ কী
/kaggle/input/regspeech12/test/test_sylhet_0523.wav,ভালো ঠান্ডা লাগিবে সামিয়া আইস তো প্রায়ই লাম না আমি তো ঠান্ডা নই আমি আবার পড়তাম না রাইত দাহাত দেখাও ডাহাত আমার মামার বিনাম প্ল্যান গেল জ্যাক
/kaggle/input/regspeech12/test/test_sylhet_0322.wav,সারা রাইত পড়তাম খুব কম ঘুমাইতাম তাইন যখন কলেজ থেকে ফিরতে অলরেডি আমার যখন এনগেজমেন্ট হইছে এনগেজমেন্ট এবং বিয়ার মাঝামাঝি টাইমা তাইনার এমপি আইসি তাই একটা কলেজে ঢুকছিল কিন্তু এমপি আইসিল এখন যেটার আছে নগদ
/kaggle/input/regspeech12/test/test_rangpur_0083.wav,কান কাজের ধরন সাজানের ক্ষেত্রে আলসে হাতির মাল যেমন চলে সেজন্য কিছু ধরন ধরন হাতির আলসে আরও ফুরে আসে
/kaggle/input/regspeech12/test/test_habiganj_0011.wav,ও না এরা বয়স হইত আর এরাই বিদেশ পাঠাইব ইতালি পাঠাইত
/kaggle/input/regspeech12/test/test_sylhet_0272.wav,তখন তো এগুটু ফাইবার ধারের কাছেও গেছে না ইতসুর হইছে আরেক কাম্বা ভাইয়ে তোমারে টার্গেট দিলে আমি তো টার্গেট পর্যন্ত বসতে পারলাম না তখন ভাইয়া কহিলাম যে সমস্যা না এটা তো অনেক আটটা সেমিস্টার এক সেমিস্টারকে সেফার সেমিস্টার বালা হলে তোমার রেজাল বালা হইব তুমি আর একটু হয়
/kaggle/input/regspeech12/test/test_sylhet_0180.wav,মাই শান্তি আছে কিন্তু নেত্রী শান্তি মানুষের যখন পয়েন্ট লিয়া হত দুর্গতি পরের বাড়ি গড়বে চলাকালকে চলে যারা রাম আসেন হান্দার কিন্তু বউ শান্তি আমার বাচ্চাকে নষ্ট হয়ে যায় আমরা তো পড়াশোনা করি স্টুডেন্ট আমরা একটা প্রতিবেদন লেখতামার কি আমরা কোর্সের লিগায় আর কিছু না এত সন্ধ্যার সারা পুরানী নেই ঘরে ঘরে
/kaggle/input/regspeech12/test/test_barishal_0032.wav,অং চুপ করো কন্যা চুপ করতে থাকো
/kaggle/input/regspeech12/test/test_narsingdi_0090.wav,বাড়েত কয়টা স্পিকার থাকে আমার প্রতি কয়টা লাগব খালি কম এক মিনিট এই গোপন সাঙ্গল সাউন্ড বুকস কয় না একটা যে ইয়ার লাগে টিভির লাগে কেন একটা ডা
/kaggle/input/regspeech12/test/test_sylhet_0643.wav,তুমি কোন স্টেজে আছ মানে কি তাকি তা শিকার হওয়া জানো ব্যাঙ্ক স্বল্পমালিকা গান গান গান ও স্বল্পমালিকা শেষ করিল রায়
/kaggle/input/regspeech12/test/test_habiganj_0073.wav,আগে যদি জানতাম তাড়াতাড়ি শিখতে পারলাম না হ্যাঁ আমরা কেন যে আগে মনে এগুলা শুনছি না
/kaggle/input/regspeech12/test/test_sylhet_0312.wav,মেন্দি শিনলাম না সাজুগুজু করলাম না কোনো কিছু কিনাবাতা হইল না রাত্রায় এখন সকালে বিয়া ইত্যাগিতা হাসো বিয়া পরের দিন বাপিরা উঠিয়া সকালে লাগিলেন
/kaggle/input/regspeech12/test/test_sylhet_0317.wav,রাজমহলটা যে রাজমহলের পিছনে আছে বিল্ডিং ফাঁজতালা বিল্ডিং ও নিসারাজ্ঞা বাসায় না পড়ে তাই বাসার লোকেশেন পরে হুঁশিল যে আমার চায়ের কাপ আসিল চায়ের পাতিল আসিল রামদার যে ছোটখাটো ম্যাটেরিয়াল আসিল তাল বাসন
/kaggle/input/regspeech12/test/test_sylhet_0619.wav,তার নির্মাণ কল দিছে দেয়া হয়েছে আমার ছাছা মারার স্বামী করে বলুন তা আমি ছাছা হলে না ছাছি চাষি আর কেউ নেন দিন থাকে হুনিয়ার ও মারা যাওয়ার পর দিন তারা আবার গেছে রাত্রে আয় রায় একটা সময় আর গেলেন নাকি তারা বাড়ির ছিড়ি দিয়া লুটালেন
/kaggle/input/regspeech12/test/test_narsingdi_0099.wav,বাইরের একটা জায়গা সুন্দরের বই লইয়া ভাবা যায় আমাদের ভাইগুলো বিয়ের হয়ে গেছে তুই করাস না গেরে আমিও নই সময় আছে বৎস কোথায় কেটেছিস তুই
/kaggle/input/regspeech12/test/test_sylhet_0340.wav,এরা লইয়া এখন রিটেম পরীক্ষা দিতাম ফ্যাটের ভিতরে থাকলে তাই আর এক শান্তি এখন ফ্যাট দেখি বাইরেই যখন থুলা লাগামে লাগে ওহোন বাদে ই প্রথম বিসিএস ওই স্থাকীতে সকালে পরীক্ষা বিকাল ও পরীক্ষা সকাল দশটা থেকে একটা আবার দুইটা থেকে পাঁচটা
/kaggle/input/regspeech12/test/test_narail_0051.wav,তোর বাবার তোর কাগারে ডাই ছিলাম তোর বাবা এক শোক সেবা রোহনের জায়গা মা হয়েছিল তোর বাবা জানে যে সব জায়গা ওগে তোর বাবা আইসেল লাতিরে ছিল কয়েক কানাকাট যাওয়ার সময় নাই তারপর যে আমরা কুটোয়াপুতি সেই সময় এক দেড়া ছাড়িয়ে পুঁতেছিলাম অনিমেষ করেছিলাম যে তারা যাত্ কোন হাজির নাই
/kaggle/input/regspeech12/test/test_narail_0097.wav,না মেলাপমালে বাজে উদাহরণ তো দেখা গেল তাহলেই কোন তরুক অতাকায়
/kaggle/input/regspeech12/test/test_barishal_0059.wav,না আপনি হলেন বোঝেন আমি কিন্তু আমার দেহে নেই রোম বেলেটের দুই দ্বারে দান্না মোর ঐ রোম দুই দিক চলে না মোর এক দিক চলে না মোর কাটবে দোনাদি এমন দিন গেছে
/kaggle/input/regspeech12/test/test_barishal_0067.wav,এই একটা সময় মায়ুটি চা বানাইতিছে হেয়ে খাইয়ে ঘুমাইছি আর এই যে এখন লক্ষ্মীয়ান্সি তাহলে সরস্বতী পাশে থুইয়া পুজো দেওয়া লাগে অগোপায় এখন করে যুগের বৌগ পরে যদি দশটার সময় কইে যেন হ্যার্টু চা বানা ভাল লাগে না এখন আর চা গেলা লাগবে না ভাত খাই ঘুমাও
/kaggle/input/regspeech12/test/test_narsingdi_0084.wav,গোমামো এটা এটা খুব খারাপ একটা জিনিস একটা পোস্ট করছিলাম ফেসবুকে যদিও খারাপ লাগে যে মানুষের অন্যান্য দিন নববর্ষ এটা হেডা যেডি হারাম মিন্ডি অনেকে ধরে আর কি এডিলেয়া কত প্ল্যান থাকে ই দিলেও এখনো প্ল্যান নাই
/kaggle/input/regspeech12/test/test_habiganj_0085.wav,আমরা দুই বোন তিন ভাই আমি বড় আর একাকীতে হরে আমার ভাই টেকনিক্যাল করে আমার বোন নাইনা দিদার এবারে নেত্রী দিব না এবারে টেনা পড়ে
/kaggle/input/regspeech12/test/test_narsingdi_0046.wav,আমার খাবার কাছে নামার কথাই মনে হয় তো স্যার ঠিক করে আঘাত করি
/kaggle/input/regspeech12/test/test_barishal_0053.wav,মুখ ও ঘর ও কৈত্র পেতেই মুখ ঘরে দুইজন পুরুষ যায় এখন হোনেন এখন আসল কথায়াহী সাড়ে সারিজাত্তাকে ডোকেন্সি মাত্র সারি সারিজাত্তা আমি তিন দিন খাটছি তিন দিনে মনে করে আমি ছয় বাদলার কাম করছি একলা
/kaggle/input/regspeech12/test/test_sylhet_0122.wav,না না দুই হাজার চলা আঠার সময় যায় এগার শুনাইয়া খেলা
/kaggle/input/regspeech12/test/test_barishal_0086.wav,তিন মাস একটানা গত বছর তার মনে করেন উপরে উঠলে নিচে যে থাকবে ওর পর অনেক কিছু ভালো মন্দ ডিফেন্ড করে ও ও এসে একশো কুয়ালা মাইসের লাইন ও একদিক টাকায় আশেপাশে টাকায় কম
/kaggle/input/regspeech12/test/test_narsingdi_0126.wav,পরে সরাই গেলে আস্তে আস্তে ভালোই লাগে এটা কি প্রেগন্যান্সেরা নাই প্রেগন্যান্সেরা থাকবে কোনোদিন স্পেশালিটিতে প্রেগন্যান্সের মশা নাড়াই রাখে এই যাওয়ার মধ্যে অনেক মশা ভূমিটিকি আরে আসা গিয়া যাই মশা গাড়ির ভেতরে ঘুমানি কোথায়
/kaggle/input/regspeech12/test/test_rangpur_0113.wav,দুই দেখ ছিল যে কফি আর পলি এই দুইটি মেয়ে তার পলি আর কলি পলি পলি না পলি না পলি পলি
/kaggle/input/regspeech12/test/test_barishal_0046.wav,সংসারীও করবে আর আমরা মনে করি নেই যেমন গাছ রাখাম করি মোর একটু মুনসানের দিরিতে মেরুদণ্ড ফাঁক হয়ে যায় প্রত্যেক দিন মরে ওষুধ খাওয়া লাগে ব্যথার ওষুধ খাইয়া খাইয়া এত কষ্ট করি সংসারী করিয়া ঘামু ফেনতামু শখ্কর মুখ একটু উন্নিশ বিশৈলী মনে করেন হে সময়ের
/kaggle/input/regspeech12/test/test_narail_0062.wav,ওই পুকুরপাড়ের ওই পাড়ের বিটে কাকে ছিল ঐ দেশে ভুগে ছিল ব্যাথ বাগান ভরা ছিল তাই কাটিয়ালাই তোর বাবা মনে কবি লাগাল আলু লাগাল এই পুকুর যেই বাড়ে না ঐ বাড়ে
/kaggle/input/regspeech12/test/test_chittagong_0101.wav,আর ইংলিশে কাটিয়ে গেলাম এগুলোয়াপ্লাস সাহিবু অ্যাপ্লাস তো দূরত্বাক অ্যাও নয় মাইনেসায়েরের বইতে কী তো আমি আয়ুর ভাবিলাম আহা তো আসিয়া যাইতেছি তার মনে হচ্ছে হয়তো ইমিসের মধ্যে কোনো ভুল লইয়া দিয়াই
/kaggle/input/regspeech12/test/test_barishal_0056.wav,হের পরেও হেতনাগোর একজন আর আবার একটা ঠামা কিনছে এক হাজার টায় নিয়ে দিয়েছে অর আর মোর ছয় ডায়ের্ডি হইছে এক হাজার টায় কুডে তামার লোশখান আছে এটা তো মুই বুঝি যে গরু পারলে পারলাম না পারলে বেচ্ছে দিলে মোটা টাকা দিয়ে নিতে হইবে জেনে সংসারী করলে কষ্টকর তৈবু উভয়ের একজন আর পর ধান্ডা দিয়ে তুইলে জীবনে ও সংসারের উন্নতিকে যে তো হয়ে দেওয়া লাগবে না
/kaggle/input/regspeech12/test/test_sylhet_0086.wav,আমি বই নিয়ে যাব কলেজের বই আচ্ছা কোন সাবজেক্ট পছন্দ বেশি মানে ইকোনমিক্স কেন পছন্দ আমার ইকোনমিক্স কেন পছন্দ আমি জানি না
/kaggle/input/regspeech12/test/test_sylhet_0028.wav,সবাই হাতে চাঁদা নিয়ে পূজাটা করা হয় এই আমাদের মন্ত্রণালয় থেকে ধর্ম মন্ত্রণালয় থেকে দেওয়া হয় এটা সত্তা মিলাইয়া আছে বড়ই সবের টাকা হাজার মানে পূজাগত অনেক টাকা লাগে তো তাই অনেক টাকা এককভাবে তো সময় সবাই টাকা হাজে তারপর পূজা করে নষ্টমী পূজা
/kaggle/input/regspeech12/test/test_sylhet_0201.wav,ঘুমায় গেলে ঐ সময় যখন পড়তে ভালা লাগত না আমার আম্মার এমনি প্রাতিষ্ঠানিক শিক্ষা না কিন্তু পড়ার পিছনে আটানুর অবদান আছে তাই হইতে অফুদ পড়িল আরেকটু পড়িল আরেকটু পড়িল ই স্কুলটা পাস করিলে আর হইতেন না পড়ার কথা
/kaggle/input/regspeech12/test/test_sylhet_0681.wav,কেমন হইবার ইচ্ছা তখন তো আর বয়স ও তেমন নাই এবং রাশিয়ার সঙ্গে যেহেতু বিদ্যুতিতে পারে তাহাই সাথে স্বপ্নাতার প্রশ্ন থেকে সংসার করিয়া পড়ালে আগামীকাল সাহায্য থাকাটা কষ্ট বিয়ারা গোইলেকে মাইনুর হাসপাতালের সময় বেতন্ত সময়ের পর সংসার করিয়া বাচ্চারা তালে এতে সময়ের ব্যবসা নামানোর সময়ের সময়ের সময়ে সময়ের সময়ে যাত্তা পায়তালে করা মাস্ত্রাবের প্রভাবে রোধে হয় বাড়িয়ার করাল
/kaggle/input/regspeech12/test/test_habiganj_0045.wav,না গাছ লাগানি আমারও ভালোই লাগে গাছ লাগানির লিগে বোকা বোকা খাইছি না কিন্তু আমি কি দেখ নু গাছ তো আমার হাতে হই না কোনো গাছ থুই হয় না গাছ লাগাইলে ইটা ভালো হইলে হয় না কয়দিন দেখা যায় একটু বড়োই ফরুই আবার ভিতরে হইয়া যায় গা মারাতে গাছ হিস হয় না
/kaggle/input/regspeech12/test/test_narail_0026.wav,যে ছেলেমেলার খেলার মাঠ নাই আমার এইটুকু দান করে দিলাম আর ঐ বেল গাছটা চইলার্দ হবে বিটিয়া সব হরিয়ানে ওই নারকেল গাছটা চইলার্দ ঐ পর্যন্ত আর এর ফু ওর কাদা পর্যন্ত
/kaggle/input/regspeech12/test/test_barishal_0080.wav,জন্মের সব জয় জীবন হালদার
/kaggle/input/regspeech12/test/test_sylhet_0512.wav,কিন্তু বাসাটা কিন্তু সুন্দর আছে লাইলাম শান্তি নিরাইশেরে আমি নিরাইশের এই বাসা থাকতে সাধন না মানে শুনলে যে ভব সব কথা মূল্য
/kaggle/input/regspeech12/test/test_sylhet_0063.wav,মাইর বিয়ারী গেছে বর্তমানের কয়েকটা আছে তিন মাসের বিয়ার্য নাইনা থাকতে
/kaggle/input/regspeech12/test/test_narail_0042.wav,শুভ্র থেকে বাড়ির বাগানের ভিতরে অনি কোন জমি ছিল নাই অথচ শুনেছিলাম যে তো এই ব্রিটের সাথে বলে বড় বড় এক ব্রিটের সাথে তোকে বলে পান একটু ফাতে হা উনি বললে তো জায়গা আছে নাকি ওই যেই বাগানের ভিতরে ওনি জায়গার কাহিনী জান কি আমি তো জীবনে যাই জানিও না আমি ব্যাপ দেখি
/kaggle/input/regspeech12/test/test_tangail_0090.wav,এই ছবির শুরুতে দেখা যায় যে রানী মুখার্জি থাকে সে একটা কাল্পনিক শহরে থাকে সে ঐ যাতার এক প্রস্টিটিউট আর কি কিন্তু ওই শহরে একদিন রণবীর কাপুর আসে রণবীর কাপুরায় ঐ সিনেমায় যাওয়ার নাম থাকে রাজ
/kaggle/input/regspeech12/test/test_sylhet_0167.wav,যুদ্ধের পরে কী রকম অবস্থা আছে যুদ্ধ ধরেও বাক্য মানুষ মরতে মাইন গাড়ি আছে চুচু নাই ও তার মাঝে কোথাও মানুষ মারছে
/kaggle/input/regspeech12/test/test_kishoreganj_0198.wav,মানুষের সাথে কাছে লাগলে দাঁড়িয়ে যে প্রস্তাবটা দিচ্ছে আর তারা নিশান্ত দিয়ে যাচ্ছে মা আর চাচাতে গিয়ে বুঝিয়েছে আমি সব শুনছি কবির বলল সেনাদিনীকে তোমার কাছে দেখেছে
/kaggle/input/regspeech12/test/test_rangpur_0086.wav,যে এটা দেশে প্রথম রমজান শুক্রবার মাঝের রমজান আছে না এটা হল শুক্রবার এটা নবী ছেলের নম্বরে কয়েক এসে যে প্রথম রমজান শুক্রবার হবে মাঝের রমজানটাও শুক্রবার হবে ষোল তারিখেও এল শুক্রবার এই যে এটা দুর্ভিক্ষ দেখা দিবে দেশে
/kaggle/input/regspeech12/test/test_sylhet_0135.wav,আমরা তো সিলেট কেউ নাই চা ত্রিশ জন কেউ নাই ঘরের মাঝেই খাতে এমনি দিক সেদিকেও ঘুরাঘুরি হয় না ওই গেলে দুর্বাচলের ঈদের ঘরে গেলে বাড়ি যায়
/kaggle/input/regspeech12/test/test_rangpur_0108.wav,ঘাসটা নিয়ে যা দিস নে কয়দিন যে দেখল পাতা ঘুরিয়ে লুক পাতা ঘুরিয়ে তুলিয়ে দিল কী জানত
/kaggle/input/regspeech12/test/test_sylhet_0361.wav,এইটা হল দুনিয়ার একটা বেহেস্ট আর ইনুর মাঝে যদি তুমি হেভিনেসটা রাখতে চাও এখানে টাইম দেওয়া না টিচিং প্রফেশন ছাড়া আর কোন প্রফেশনে গিয়া তুমি স্বামী সন্তান সংসারও টাইম দিতে পারতেন না কাজে ঈদিকেও টাইম দেওয়া হিদিকেও
/kaggle/input/regspeech12/test/test_sylhet_0132.wav,পুরান না ফুরাইস উই না থেকা ঈদও দিব বনেই তা হইছে না আগের মায়ের চাল তো টিকও খাইলাম না আগের মায়ের চাল আবার দিল না দোলন্ডা ফোরামে থাকতে দিলিয়া একদিন অনারা দিয়া একশ দুইশ
/kaggle/input/regspeech12/test/test_rangpur_0087.wav,কেমন আছিস আল্হাম্বে লিলা ভালো সেথায় না গল্প কিছু করি মোবাইলের রেকর্ড করিন সমস্যা হইবে একটা করিম এর কি গল্প কিছু করব আলাপ আলোচনা করবে
/kaggle/input/regspeech12/test/test_rangpur_0063.wav,সাহায্যের কম আল্লাহর কাছে আরও দানা করা যায় কেমন আল্লাহ জানে ঈমান আমারে জানে মৃত্যু করায় এইটে আল্লাহর বুঝে দিচ্ছেন
/kaggle/input/regspeech12/test/test_sylhet_0226.wav,পড়ার একটা টেনশন হবা নাই মানে আম্মা লগে নাই বাই বোন লগে নাই কেউ নাই নতুন এক জায়গা সব দিলাইয়া মনে মনে কান্দি আরিবায় পড়ি আমার তো পড়া রেজাল্টও ভালো করা লাগবে
/kaggle/input/regspeech12/test/test_sylhet_0714.wav,নিয়ে তাকার ছবি রেখে মন গ্যাস্টের দেওয়া স্যারে নাকি তা আমরা গ্যাস আছি আমরা গর্ভের সাহায্যে আছি না হলেও নাকি তারা করতে প্রভু একটা আমারও ফুল বিয়াদী সিজ্ঞানী মেয়ের ঘটনা তিনটা দিতেও শ্রীমঙ্গল
/kaggle/input/regspeech12/test/test_habiganj_0038.wav,আমার এক বোনে আছিল আমার বোন কী করত যে একান্ন গতি পরিবারের দিকে ভালো করে রান্না করত পাঁচটার দিকে পরে সবাই প্রশংসা করত পরে দেখা যায়নি যেন ওগোল জামে লাগায়া ফিরে এরপরে গীতা করছে একদিন তরুকান্তিতে বেশি বেশি ঝুল দিয়া রাখত যাতে বেশি মজা না লাগে
/kaggle/input/regspeech12/test/test_sylhet_0428.wav,ফোরে একজন বাড়ির জন মানে সিনিয়র ম্যাডাম বাড়িয়া হয়েছেন প্রিন্সের আয়েশার বাড়ির মানুষকে চিন্তা করবে না ম্যাডাম আমি রিয়েলি অপারেশন করা শুরু করেছি দোয়া করো সবাই আমার লাগায়
/kaggle/input/regspeech12/test/test_sandwip_0041.wav,হাইকাল গেল তো আমাকে বাইরে নাইছি আর যে হলে বাতল জেনেও
/kaggle/input/regspeech12/test/test_sylhet_0566.wav,থিওরিও করায় ম্যান তো এত থিওরিই বেশি থিওরি দিয়া দেয় থাকে একটি থিওরি ওয়াইস কিন্তু সল্ট করান ম্যান গুলা এপ্লাই করা না যার জন্য হ্যামলাইটাই পার্সেন্ট থিওরি সব তুমি নেই শুধু এই রাতের আঁকাগুড়াই তো মেদার থার্ডিয়ার তো কোনো নন ম্যাচের সাহায্যিক নাই
/kaggle/input/regspeech12/test/test_rangpur_0045.wav,এই জায়গায় লাভের কাজ যে বিরতি একটা কথা আছে চুপ স্টপ করো মন্দ করো এই বক্তব্য দেখে ভাই আর শুভান এদের নিয়াল কোরবানিতে হন স্বীকার হয় না তুই তো সোগা তুলিয়ার এক জন্য করবেন যে দশ জঙ্গল দেবের পায় বাড়ি
/kaggle/input/regspeech12/test/test_sylhet_0579.wav,কয়েক মাস তো ফোনই আছে না ফোন ছাড়াই আছে তা হয় পরেতে আবার করি না বাটন স্যার মানে ফোনে একটা লাগবে কোনেকে বিরক্তা এলে কাহার
/kaggle/input/regspeech12/test/test_rangpur_0032.wav,ওই অভ্যান্ডার মা এদিকে কারো স্যান্ডার পায় না কেমন করিয়া ওমরা গোষ্থই আর আটায় আখ্টাই করে যাহার ভাগ্য দুঃখেনুযায় এখনো যায় হাড্ডি যারে গিয়া প্রশংসায় আন্দা
/kaggle/input/regspeech12/test/test_sylhet_0458.wav,এখন বুঝছি কী ভুল এখন আমারও এখন ভুল তাই নাকি কেনাটা তোমার আমার ছোট ও তো মনে হইল তাহলে মা ছোট এরপরে আরও আছেন
/kaggle/input/regspeech12/test/test_rangpur_0106.wav,তাহলে খাজাও তো আইসে আমার ডাকামা খাজায় খালি ওই বকুরবাদে সবাই এসে
/kaggle/input/regspeech12/test/test_narail_0070.wav,শ্রমিক শ্বাস স্থানের সাথে বাড়ি বাদাতিছে আরে ওই ঠাউরির যে জমি ও জমিও ঠাওরির মেলা জমি ও জমিও তো ঠাওর খেয়ে যেতে পারবে না
/kaggle/input/regspeech12/test/test_kishoreganj_0114.wav,আবার যে পতঙ্গ প্রয়োগের পানি দিল ফাঁকির এক এলাকা ঈগল ফাঁকির এক এলাকা ইগল কীটপতঙ্গ এক এলাকা ফাঁকি কীটপতঙ্গ এক এলাকা খোরগুজ থেকে একাকালা বাঘে খোরগুজ থেকে একাকালা ছোট চক্রের বাঘে আর সাহায্যে একাকালা ঈগল সাহায্য থেকে একাকালা
/kaggle/input/regspeech12/test/test_narail_0081.wav,ওই সুনাশিয়া শুনা না
/kaggle/input/regspeech12/test/test_sylhet_0078.wav,তাই ঐটা পারব আসলে দেখতে অলাই লাগে না একটা ভাব আছে ডিফেন্সের
/kaggle/input/regspeech12/test/test_sylhet_0388.wav,এমনি যে আনন্দে সুজা গিয়ে তো চেনা নাই এমনি দুঃখ বাবা সুজার ঘরা একানো গোহাইয়ে নিবেন শীঘ্রই আমি আমার সামনে স্বীকার করলাম না আর কি তোকের কবিতা ফেলোনি
/kaggle/input/regspeech12/test/test_sylhet_0310.wav,এত কোন প্রিপারেশন লাগত না বিয়া আমরা ও শোক ব্যবস্থা আমরা করব আপনার টেনশনে আপনারা খালি যাইবা গিয়া খাইবা আর কাবিনৈ যিব ও বিয়া
/kaggle/input/regspeech12/test/test_sylhet_0585.wav,ছেলেরারা আমি দেখছি যারা নাইন্টাইন পর্যন্ত একটু বেশি গাফেল থাকে বা এগুলা মানে পড়ালেহাত দূর দূর থাকে এরা যে সময় একটা টাইম মিডিয়ায় একটা ধাক্কা খায় বা বুঝে এরা চিকিৎসায় ঘটতে পারে
/kaggle/input/regspeech12/test/test_sylhet_0401.wav,হ্যাট চাপের বিমান সাড়ে বছরে মারা উঠেছে তখন আমি একটা টিক্টা হয়ে গেলাম কীভাবে মারা গেছে তোরা তারা সুস্থ থাকে রোজা সুস্থ করুন লাগে না বাবা তোমার কোনো লাগে না
/kaggle/input/regspeech12/test/test_sylhet_0209.wav,অ্যাসিসি ফাঁস করে দিলে শেষ পড়াশোনা আর কি লাইফ টাকত না আর একটা নতুন লাইফ শুরু হইব দুই হাজারের আগের হোতা হইলাম আমি তখন দুই হাজার সালে ক্লাস নাইয়ো পড়ি
/kaggle/input/regspeech12/test/test_narsingdi_0071.wav,স্কুল হয়ে থাকত সমানে বার্সিটিক দিয়ে টিচারের ধরনা মোবাইল ব্যাট করো এরাও যাও ফেরা যাও তখন মানে লাইক সিরিয়াসলি মোবাইল ব্যাট করলে যদি অর্টিসি গায়েল স্কুল কলেজ লাগবে এবং কাশির লোক তার ল্যাব হারা কেমন চলে যায়
/kaggle/input/regspeech12/test/test_sylhet_0228.wav,বড়ঘরের বাদে একজনে জিকাকিতা বা রাস্তায় ঘুরে বড় ঘরেরাই দেখি তোমরা কোন প্ল্যান আসেনি হয় ওয়াবে বৈন বিয়াদিমু গেইটুট বান্দা লাগব রাস্তা বোর না হইলে গেটবার মুখিলা অবায় জামাই হইব গাড়ি হইব তাই গো তাই গো তার মানে আমি দড়ি লিখি যে তারা দিলাইব আমার ভিয়া অলরেডি
/kaggle/input/regspeech12/test/test_chittagong_0125.wav,এন্ড গো ফ্যামিলি ফুর্গি তিনজন মা মেফ ও বাংলা চীনা জোনা মিলিয়ে রান্ডার ফুফিয়ে হত্যার জন্য নেই ফুফিয়ের রাজ্যে হতাহত হইতে দিঙ্গে গোপুর আছে হঠাৎ খুব বিটেক লম্বা করি
/kaggle/input/regspeech12/test/test_sylhet_0730.wav,গাটি নানা বাবে তুমি যেকোনো জিনিস খাইতে পারবে
/kaggle/input/regspeech12/test/test_narail_0024.wav,চামুলি আইসে চামুলির মা চামুলির বাবা ওই তপন একটা বিষ খাইয়েছে মরিচে কুন্ডা
/kaggle/input/regspeech12/test/test_chittagong_0074.wav,ইয়ান তো লেগু কিন্তু সবাই তোমার ব্যবসায়ীর চেয়ে কেন বেছে নেওয়া যাবে না হ্যাঁ কে নেবে আর আর দুনজনের নাইনি আর আর দুনজনের বিরোধিতা সম্বন্ধে কোথায় যাইবে কেন আরা বলে হতাশ হয় সাইয়ু মায়াকে
/kaggle/input/regspeech12/test/test_tangail_0055.wav,বাট হার্ডস মোস্ট ইজ নট টেকিং এ মোমেন্ট টু সেই গুড বাই মানে আমার মনে হয় যে আমার জীবনটাই একটা বিদায় দেওয়ার একটা
/kaggle/input/regspeech12/test/test_sylhet_0674.wav,পাগলের কথা না
/kaggle/input/regspeech12/test/test_sylhet_0609.wav,তারপরে দেখি দেখি জিজ্ঞাসাবাদী কিতাগিতা এখন কহিলাম এখন কহিল যে ইটা করিয়া গেছিলেন না স্যার লোভে কিতা বলে জামেলা হইয়া কোথায় গেছে না আমি বানালাবা জিয়া তাদার কৈব মনে আছে সব কিন্তু দক্ষতা হচ্ছে আজিজির লোক না
/kaggle/input/regspeech12/test/test_sandwip_0053.wav,সাইজেরো হলেও একের কোদাল কোদাল উঠে গেছে কী বলে বলে আমি
/kaggle/input/regspeech12/test/test_sandwip_0119.wav,আজ কপালে একাকারে তাই লিয়া বুল্লা হওয়া সুন্দর আর হাসান বুল্লাই হোক হলানি লাখাও সুন্দর হইবে হলানি চাহিদের খাত তাই দেখি নাও
/kaggle/input/regspeech12/test/test_sylhet_0449.wav,দেখে তো বাজার ও দূরের জায়গার বাজার তো নয় না তো জেলায় গিরিকশা লইয়া আটিয়াটিয়ার লেগে হাঁটা হইল বাজারে ঢোলিও হইয়া হইল আর বেশির ভাগ আমি বাজারে যাওয়া যাই না
/kaggle/input/regspeech12/test/test_tangail_0111.wav,তা আমার যেটা মনে হইতেছে যে এটা একটা চক্র ঘুরে বুঝতে পারছিস না আমি আবার আরেকটা কথা শুনলাম ঐখানে নাকি ওরা বিল্ডিং করতে চাইছিল বঙ্গবাজার সরায়া হ্যাঁ এটা সে সিটি করপোরেশনের কিছু একটা বলছিল তো এটা হলো ওরা বিল্ডিং করে বড় মার্কেট বানাইতে চাইছিল কিন্তু এতে ব্যবসায়ীদের অনেক সমস্যা হইত
/kaggle/input/regspeech12/test/test_sylhet_0267.wav,এটা দুই হাজার চারের শেষ পাঁচের শুরু হল অবস্থা দৃষ্টির দিন আমার ভাই ফোন দিচ্ছেন দোকান থেকে আমরা বাড়িতে খবর গেছে যে ওলা আমারে লইয়া যাইতা কিন্তু সে যে আমারে লইয়া হইত বারার টেহা নাই সে আইটলগে ইতিহা করতে করতে আমার প্রথম ক্লাসের দিন আমি আইসিনাম এই দিন সারা দিন খানছি
/kaggle/input/regspeech12/test/test_narsingdi_0127.wav,প্রাইভেট কারাগো শান্তি পাওয়া যায় না যেই মশা প্রাইভেট কারাগোরে তারা মশালেইসোস হ্যাঁ মশায় আছে বারো এক আইলা জাদু করিয়া পড়লাম জাগালা চিনে চিনে লাগে না মশায়ও ইহাতে গাড়িতে টুর দেয় বুঝল কি মশা
/kaggle/input/regspeech12/test/test_sylhet_0694.wav,দাদু মারুম আঁকতে পারবেন না তাই নিজেকে আইনে একটু টাইম দিতে পারবেন না দাদু তো ভালো মাত্রই
/kaggle/input/regspeech12/test/test_sylhet_0229.wav,আরও প্রস্তাব বাদে মক্কা শিক্ষিত ফ্যামিলি থেকেও আর পড়াইব নিয়া বেয়াই গেল পড়া বন্ধ হইত না মেয়ে পড়তে চাইলে পড়াইব তারা
/kaggle/input/regspeech12/test/test_sylhet_0630.wav,যে পিকনিক্যাল কয়েকদিন আগে আমি তখনই পিকনিক্যালের হইব আমি তাই দিতাম সঙ্গত পিকনিক্যাল বাড়ি আছি কোন এই দেশে আর ইবার আর দেশে না আর আরও সুন্দর হইছে
/kaggle/input/regspeech12/test/test_kishoreganj_0089.wav,হ্যাঁ আমি কি করি কি করব হ্যাঁ সাত মিনার না স্বপ্ন ও মানজিবী বিন্দু রব পাকিস্তানের
/kaggle/input/regspeech12/test/test_sandwip_0021.wav,নাতি মেরে দিয়েছি ইন্দিরা দেখে না আসলে ডেমাই তুমি গ্রহণ এলে মনে ঠাওয়ার হয়নি উদাদি জ্বালাচ্ছে যা উঠিযায় আগে খাজ্যের দেশের তোঙ্গানুক্ষী বিভাগের এত গ্রাম রয়েছে
/kaggle/input/regspeech12/test/test_sylhet_0060.wav,এখন তো আমরা দেব না
/kaggle/input/regspeech12/test/test_sylhet_0141.wav,ওই বাড়িতে বেপারে যায় সারাই এ মাস্টারে
/kaggle/input/regspeech12/test/test_narsingdi_0120.wav,না হেই গান হইতেছে বা তুমি চিলে চিলে সিয়ার্লি তোর জীবাক্ষা কেটিয়াছে না লালো রেশিস দুই কফি যা খাওয়ায় হয় বিশ্রী কফি লেগে ভেবেছে এরা আমার দোষ নয় বা কফির দর যেমন হয় নাই তো পছন্দ হচ্ছে তোর দুই দ্রুত বর্তমানের স্কিলিগা আমি দ্বারাই বলছিলাম না আমার হাফ ঠান্ডা মেনেল খাই আমি তোর মতো ইয়ান লেজেন্ড না লেগেন্ড
/kaggle/input/regspeech12/test/test_kishoreganj_0049.wav,বিশ হাজার নেতারে হায়াক মুচোর আমি সাজে দাম বেঙ্গল নামে সাজে দাম একটা জ্যাজা সাজে দিব আমারে সাজে নেয়া
/kaggle/input/regspeech12/test/test_habiganj_0084.wav,অ্যালেক্সা সারারুল্লাহের তিন মেয়ে তৃতীয় নেতারা একটি নোয়াপুরী বিয়ে হয়ে গেছিল আর তিনবাই একজনে পড়ালে আহরণ আর একজনে সাক্ষরে আরও ব্যবসা হবে
/kaggle/input/regspeech12/test/test_narsingdi_0056.wav,টেনিস প্লেয়ারের মতো বর্তমানে টেনিস না গেলে ব্যাডমিন্টনের প্রাইস বিলাইছি সেটি হ্যাঁ ব্যাডমিন্টন খেলে দুটি চার পর্যন্ত কাপে এসেছ সেদিকে তো মা ইয়া মুসলে না সেরে অনেক রিগ্রেট করে তো তুমি তো আবার চাকরি খায় নিয়েছিলে
/kaggle/input/regspeech12/test/test_sylhet_0353.wav,তোমারে আমরা পাঠাইনি তো ওই সময় একটা প্রমোশন হইছে ম্যাডাম রাহুল সিডিওর ম্যাডাম একজন প্রমোশন হইছে এমসি বলে যে পোস্ট ফাঁকা হইছে আছেম নেখাম নেখাম অধীনও আমি গেছি আবার দিদি যাওয়ার লগালগী দিকে ম্যাডামের প্রমোশন এসেছে এই দিকে আমার প্রস্তুত হয়ে গেছে আমার কোন খরচা দিয়েও লাগছে না কোন টাকা পয়সা লাগছে না মানে
/kaggle/input/regspeech12/test/test_narsingdi_0024.wav,তাহলে অন্য আরেকজনের ডানবে এমনিতে চলবে একটা ভালো টিম বানাইতে হইলে তো সবাইরে যাচাই বাছাই করে দেখা লাগে কে কেমন কোন জায়গায় ভালো খেলতেছে আর সবচেয়ে বড় সমস্যা লাভব দেশের সিলেক্টর গুলা ওরা যদি ভালো প্লেয়ার সার্ভিস
/kaggle/input/regspeech12/test/test_sylhet_0530.wav,ড্রিমল্যান্ডার যে স্কাই ট্রেন আছেন তুমি অ্যাডভেঞ্চার ওয়ার্ল্ড ওর ও তার লাহাম স্ক্রিম লাগে ততটা ওহীলা বোঝায় আর হঠাৎ নিচে দিন আমরা ওসব বোঝা যাবে আর গুড়াইতে যে সময়ের
/kaggle/input/regspeech12/test/test_narsingdi_0098.wav,ফুপি যা দেয় খাবারগুলি অ্যাকশন মজা
/kaggle/input/regspeech12/test/test_tangail_0108.wav,হ্যাঁ একদম খালি ঐখানে কী জানি সকালে হচ্ছে সকালের দিকে ছয়টার দিকে আগুন লাগছে ঐখানে তো এটা ভাগ্য ভালো যে হচ্ছে মানুষ কোনো মানুষ মারা যায়নি আমি শুনছি একটা ছেলে হইল দোকানে নাকি কাজ করতো কর্মচারী ছিল
/kaggle/input/regspeech12/test/test_sylhet_0552.wav,আর তারাও রাখেন তারা ফুলটাই হুমকার
/kaggle/input/regspeech12/test/test_sylhet_0554.wav,কৃতদের নৌতাসীর্থ আর কি হয় দিন খালি হয় রিডিং প্যাসেজের বাংলা কেউ মিনিমাল বুঝাইয়া যায় তার ক্লাস ও যা হয় দিয়েছে
/kaggle/input/regspeech12/test/test_habiganj_0029.wav,আমরা দুধ জ্বালাইয়া পবিত্রতার লইয়া দুধ জ্বালাইয়া আমরা পূজা হইল
/kaggle/input/regspeech12/test/test_sylhet_0709.wav,দাদু বুইতানা নিতে আমরা বুইলে কি লাগবে না আমার কাজ আছে মনে হয় কাজ আছে একটু খাইয়ে গেছেনের থাকালে আছে না আচ্ছা দেরিছে তখন আমার রান্না বান্না কিন্তু আমরা একটু সময় দিলাই বাড়ির পর আপনার আলাল আছে
/kaggle/input/regspeech12/test/test_sylhet_0315.wav,তো সাজাইয়া বিয়া এর পরের দিন আইসি হোস্টেল হওয়ার পরে এটা নভেম্বর মাস আছি
/kaggle/input/regspeech12/test/test_sylhet_0057.wav,এটা না খুইতে চাইলে মানে এটা ছাড়া বিষয়টা ছাড়া খুইতে পারবেন বড় গয়না পাচ্ছে রান্না ফার্সন রান্না লাগে বাবার অনেকটাই হাদীস্যার মাস শুনে বাবার কাছে রান্না শুনছে অনেক সময় আছে বাদ রান্না হত্যা করত না বাদ থেকে বাড়ানোর মুখে দিতে হয়
/kaggle/input/regspeech12/test/test_sylhet_0111.wav,আমার বাপ দাদির ঘরে আসলে আসল দাদির জন্য শ্রীনি থেকেও মারা গেছে আমার দাদির দাদা পাপ শুরু থাকতেই মারা গেছে তাহলে আপনারা কৈত্তিকে পাইবেন
/kaggle/input/regspeech12/test/test_sylhet_0152.wav, আমার মেয়ে জন্মাইতেছে
/kaggle/input/regspeech12/test/test_rangpur_0077.wav,যাওয়ার বাড়ি থেকে রাখছে রংপুরে যেটা বাসার টেপনাগে দেওয়া পেশের রস করে রস করি পড়িয়া ইয়াহুলি
/kaggle/input/regspeech12/test/test_narail_0174.wav,প্রতিদিন বলে তোর অদ্ভুত থাকতে হয় বৈমলা গাইছে আগে বুঝতে পারি নাই আনা যায় এত দায়াযায় অবস্থা
/kaggle/input/regspeech12/test/test_sylhet_0532.wav,দেড় বছরের শেষ হইতে এই রুপিলের ফার্স্ট কেয়ার থেকে নিয়ে আর এক লাগে বলে তারা এলা সেকেন্ডিয়ার আর হার্ড ফেইস কি তা হল ফেইস ফেইস মিউজি নারী মানে ওই যে সেমিস্টারগুলো অ্যাডাম মিউজিক কারাগারে নাই
/kaggle/input/regspeech12/test/test_narail_0005.wav,প্রিলেশের জমি কি ঐভাবে ফিল্ডের সাথে প্রার্থীরা প্রতিষ্ঠানটি চূড়ান্ত পাবার দায়িত্বে আছে হয়তো তো জানি নাকি তবু ঘরের কপালটা কেরে যাবে
/kaggle/input/regspeech12/test/test_sandwip_0001.wav,আজ দুদিন বেটা আয় দিন কারা এড়া যায় না দাওয়াত খাইব নাকি বাঁচি গেছেন আয় গো ভাইয়ে বসো আমার স্বরে বোনের জামাই গুলা সব সাক্লার সাথে জামাই দিয়ে আয় বিয়ে দুর্নোর
/kaggle/input/regspeech12/test/test_kishoreganj_0175.wav,শাকনি দিয়ে শাকনি দিয়ে সেকে পানি প্রতিষ্ঠা করা হল শাকনি দিয়ে পানি প্রত্যাখ্যা হয়েছে পরিমাণ কি
/kaggle/input/regspeech12/test/test_narail_0089.wav,না আমি একটা কথা বলি জন্জল এবার তোরে বলেন বোলক কান্তা করেছে সেটা আমি মানলাম তুই যে কান্তার একটাবার বলতে পারিস না যে আমার সাথে তোর কী সম্পর্ক সেটা তুই তো কান্তাকে বুঝাতে পারিস
/kaggle/input/regspeech12/test/test_sylhet_0275.wav,তাই না মানে হইলে প্রাইভেট করাই তাই আমি কহিলাম কোন জায়গাত তাই জায়গার কথা হইলে পরে আমি কহিলাম ডোরাই আমি ফারমুলি বাই তাই নিজে আমারে নিয়া টিউশনির বাসাত পরিচয় করাইয়া দিয়া টিউশনি দিচ্ছেন প্রথম টিউশনি শুরু করছি টিউশনি দেড় হাজার টাকা দিত
/kaggle/input/regspeech12/test/test_narail_0027.wav,ওই মাঠ ওর বাবার নিয়ে আর অন্যিত মেলা করে জাগার বাবার কাঠের টাকা দিয়ে কিনে পায়নি স্কুল করে ওর বাবা নিয়ে গেল বাবা দাম করে দিতে তার তো আমি চাচ্ছি নে তাহলে আমার কাঠের ভাষাতে আমি কি নিয়ে তোমাকে দিচ্ছি
/kaggle/input/regspeech12/test/test_sylhet_0434.wav,সাহসে তো মনে অনেক খুশি হয়েছে মনে হয়েছে আমি মনে হয় খালকি পুরাবালা বুঝেছি মানে কোথায় বার্তায় কী রকম খুশি হয়েছে মনের ভিতরে আমার বুঝতে পারে এখন না
/kaggle/input/regspeech12/test/test_sandwip_0011.wav,সারিয়ানা সোলালা রিলান্থার কার্ডিন দিয়ে আঁট পাইয়ে বটে কয়েকদিন একটু বিদ্যে আয় একদম ভিড়ে ধুনি তুমি কেমন এই ধারণা আনা কী অবস্থা
/kaggle/input/regspeech12/test/test_sylhet_0323.wav,মাঝামাঝি টাইমে ধরনের এমপিও হয়েছে যে এমপিও হওয়ার পরে তখন কলেজ নিয়ে ব্যস্ত ছাত্র করাইন মাটামাটি ভালা ইনকাম করেন সারাদিন ব্যস্ত থাকেন তো আমি আমার পা দেখাইলাম তুমি এটা কি তা চাকরি করো আর এই সারাদিন ছাত্রলীগের পড়া তুমি তো আমার লাগে ইচ্ছা করলে পড়তাই পারো চাকরি ভাল চাকরির লাগে পড়তাই পারো এটা একটু গুটাইয়া তুমি আমার লাগে পরাত লাগে
/kaggle/input/regspeech12/test/test_narail_0137.wav,আইডিস্ট কর্ব আগে যা আইডিস্টের পয়েন্ট ভালো হয় তালি ভালো কোনো দেশের প্রজাতির ভাই ওই উত্তম জামাইবাবুও বলেছে তো দাদারে কোন একটা দেশে পাঠাই দেবে সেটা বলছে উত্তম জামাইবাবুর ভাইয়েরা আর তো দাদারে দুইজনে পাঠাই দেবে
/kaggle/input/regspeech12/test/test_rangpur_0090.wav,মাছ খাওয়া যা ভালোই হেরেছে কী মাস বিকালু কী মাস
/kaggle/input/regspeech12/test/test_sylhet_0412.wav,তাদের সব বই নিয়ে হাজার জায়গাতে লাগাইছিল হু হাজাজ হইছিল সব এখনো গেছিলাম দাওয়াত দিয়ে নিসিলা বাড়ি তাইরে লইয়াইছি অন্তত তাইরে নিয়াজিল আমি শেষ আমার আরে আল্লাহ বলা লাগে না উমাই যে কষ্ট করে থাকে হাসা আমার নিজের ভাষা থেকে আইলাম পৈতৃকী আমারও তাহা নিয়ে সমস্যা করে
/kaggle/input/regspeech12/test/test_comilla_0006.wav,রিয়ার্সাল থাকে ষোল ডিসেম্বরে যে অনুষ্ঠান হবে ঐখানে যে পারফরম্যান্স করবে ওগুলোর ওপরে ওদের রিয়ার্সাল থাকে ঐখানে আবার দশ পনের মিনিটের মতো রিয়ার্সাল করে নাচেন স্কুলের ভিতরেই আলাদা একটা রোম আছে ওই রুমে করে তাই রুমি প্রথমে রুম থেকে বের হয়ে আবার ওদের স্কুলের মাঠের মধ্যে একটা দোলনা আছে
/kaggle/input/regspeech12/test/test_sylhet_0752.wav,কেমন ওরা আমরা মানব ওখানে মাচ্ছে করেন না না সাধারণ গিয়া মিলে গাপাল টিলার করোই না আমরা যাই বুক লিয়া যাই সাগুগলা দিয়া নদী দিয়া দিয়াই তা যদি আমরা নরকা সব যদি আমরা লাহানুর দিত তাতে এটা মনে হয় রোহ আজ এত দুদক আছে মানে চেয়ারম্ের চেয়ারম্যান মেম্বার আছে নানী কমিশনিটি হাউসার দেয় নানিতে তা ফার্স্ট লাভ সোয়াল আপ জাইক দুর্ভাব জাইক বুরাল
/kaggle/input/regspeech12/test/test_narail_0082.wav,নীরজা বাড়িতে এসেছি হ্যাঁ হ্যাঁ খবর কি তোমার তাই তো আমার খবর ওই বাবুটি ডাক্তার দেখাতে গিয়ে আমি আর ডাক্তার একটা দেখাতে পারতেছি না মানে দেখাইছি ওষুধ নিয়ে আইসিস আমার
/kaggle/input/regspeech12/test/test_narsingdi_0096.wav,বাচ্চা করেছে তার একটি সিরিশিয়া একটা গানারিয়া ইউটিউব চ্যানেলটা অংলো সিয়ার যে তাসনিম হেকইটা ছিল কে বলে কুকুম এলাম দেহে মাঝে মধ্যে ভালোই লাগে অপু তাহলে মন থেকে এখনো দুগ্ধ পোষ্য শিশু
/kaggle/input/regspeech12/test/test_narsingdi_0062.wav,হৈলা সত্যি ছিল নামে দায়েরা বলছিল তোমার সাদার সাইকেল ফারাক্স না আমি অল রাউন্ডার তৈরি আমি সবই ফারি ফারাক্স না আমি জেরি ফারি হেজেমি চমৎকারভাবে ফারাক্স নেলে আপনা চমৎকারভাবে ফারাক্স অবশ্যই
/kaggle/input/regspeech12/test/test_sylhet_0658.wav,আগের আমল আর এখন আমলের মধ্যে পার্থক্য পয়েন কিছু আপনার খিলান লাগে এখানে যুগে পার্থক্য পয়েন মানে কিতাব পরিবর্তন স্যোকও দেখুন
/kaggle/input/regspeech12/test/test_sylhet_0684.wav,তোমার স্থানীয় নির্দিষ্ট আমি এতটা তার মন্দ নাই বাফর বাড়ি জাইন্টাইন্নি মানে কোন কোন সময় যায়নি যায় স্কুল বন্ধ হয়ে গেলে গত চার ডিসেম্বরে গিয়াছিলাম তারা যে পরীক্ষা শেষে শুশিল কিন্তু আপনার কি রেকর্ড সুন্দর হয়েছিলেন অতো প্রাচীন তো লাগে যেদিন বন্ধ বলি সেন বাকুর পারিয়ার
/kaggle/input/regspeech12/test/test_noakhali_0016.wav,রুমা তিনশ টাকা আছে জানা আরও একশো বিশ টাকা হাইব এইখানেই তো দুহানের বাড়ি যায়
/kaggle/input/regspeech12/test/test_narail_0147.wav,আগে জানি কর্তৃপক্ষ নয় কর্তৃপক্ষ এখন জানিটা নেই সব করতে ভাবতে চলেছে স্যার মনে বোঝা যাচ্ছে ডাক্তার দেখানোর পরে একটি মনে হয় একটি ইম্পুরেন্টমেন্ট হয়েছে
/kaggle/input/regspeech12/test/test_habiganj_0068.wav,চাঁদের হাসি আসে তারপর মূল হাসপিটাল আসে তারপর ফাইয়ার্স আছে হোন প্রায় সাত আটটা হইব সূর্যের হাসি আসে তারপর আরেকটা সে পিতা বৈদ্যন্যাস আছে
/kaggle/input/regspeech12/test/test_sylhet_0145.wav,অন্যায় যে বর্ণা আছে
/kaggle/input/regspeech12/test/test_sylhet_0526.wav,প্লেনের ভিতরে আছে তখন অন্য কিছু আম্মার হচ্ছে না যে এয়ারপোর্টের ভিতরে গিয়া ঠিক কিটা বার্ডিং পাস নেওয়ার পরে আরও হতে সময় ওয়েট করা লাগে অনেক যাহার বাহার না আর বালা আছে সুন্দর
/kaggle/input/regspeech12/test/test_chittagong_0020.wav,চৈত্রের ফলা হা কেন চলে হা তো আল্লাহ নহুন সার এ কোন লোক যোকুল হলে কিছুই নাই এই যার পয়েন্ট হওয়া মেসি তো অনুমিকে নামটা নয় টেনশন আছি সরি হত না আর এক কেজরি
/kaggle/input/regspeech12/test/test_sylhet_0264.wav,আর আপাতত ই বুথ যেন আমারে না ধরে তারপরে তো বার্ষিকী পরীক্ষা দিলাম এডমিশন টেস্ট দিয়া টিকিয়া ভালোও প্রথম দিকেও হইছি মেরে ক্লিষ্টতা হয়
/kaggle/input/regspeech12/test/test_sylhet_0377.wav,আমার দেবর দুইটা হেল্প করছে আমারে হেল্প করছে বলতে বাচ্চাগুলা যখন ছুটো আছে ইটা তোমার লগে আছে আমি কাজের মানুষ রাখলেও মানসিকভাবে শান্তি চাচ্ছা চীনা ভাষার চাচারা আছে
/kaggle/input/regspeech12/test/test_kishoreganj_0066.wav,ফকির সাউথের নিয়ে কেপারিয়া
/kaggle/input/regspeech12/test/test_tangail_0101.wav,খুব পুরা ইমোশনাল করে দিব শিউর লাইন হয়েছে মানে হিন্দিতে থেকে মিল যায়ে তুমি তোমারই মুহাব্বত তো মানল ক্ষুধা তুম্পার মেহেরবান হবে অরাগা না মিলে তো জানল কি ক্ষুধা তুমসে এক জান হবে
/kaggle/input/regspeech12/test/test_narail_0067.wav,জমি জাতির ব্যাপারে কি সরকারি চার্জি আছে তাই জমিয়তি বাড়ার কিছু বোঝে না কাটছে আর যে নাকি তাল গাছ নাকি এই ধার কোন ধারের পাতা টাকা দেওয়ার জন্য কিছু না কিছু এই ধারের তৈরির একটি এই ধারের রাজনীতি নির্ণয়ের কিছু করলেন কিছু কিছু দিয়ে দিয়ে দিয়ে দিয়ে দিয়ে
/kaggle/input/regspeech12/test/test_narail_0173.wav,না ভাবতে দিতে ফিরে আসতে না ভাবতে দিতে পড়তে বাড়ি জেলায় পড়ছে রোডের কাজ যে কী জানা রোড ধরি সারাদিন কাজ করতে যায় যান ছায়ে সারা করে ওদের যে কি গরম রাত্রিতে আছে মোদি ছায়ে
/kaggle/input/regspeech12/test/test_rangpur_0015.wav,তাকে কর্ন গো না করলে তো না শুনলে তো মনটা খারাপ হয়া যায় গো কেরবার তুই এখানে দানকি ধরিয়াছিস কি যে নাই
/kaggle/input/regspeech12/test/test_kishoreganj_0190.wav,বোতানের বোতানের বোতানের বোতানের ব্রত বানির ব্রত
/kaggle/input/regspeech12/test/test_noakhali_0003.wav,ওই দিকে দিকে আমি এই ঘরে পড়ি
/kaggle/input/regspeech12/test/test_chittagong_0139.wav,আপদা এত বছর বিয়ে যায় যখন তাহারা হালি ইত্যি নিত্নয দূরে ক্যাঙ্গুলি ফেটাইতে মারি হালিদার লেবুলি সুমন ভাইয়ের মতো কল দিয়ে হবে সুমন ভাইয়ে আছেন অন্যায় যেতে মনে হয় যে বেয়ে হতো তুতুন্দ্র যেতে মনে হয় তাহলে তুই যাস না কেউ নেই বিদারের লেবুলি আঁকা অর্ণ করে তারা লেবু হতে হইল
/kaggle/input/regspeech12/test/test_narsingdi_0079.wav,আইশলা লাভ আরেকের করোনা পিএসসি মোলা মেরা দিচ্ছে না হুম চল আমার একটা পিএসসির পরীক্ষার সময় আমার অনেক টাকা সালামিনেছে কিন্তু লাস্টে আমি ফাইসি কি জানাস দুশো টাকা দামের একটা ব্যাডমিন্টন কিসের মারা গুছিলাম মা আমার এই টাকাতে একটা ব্যাডমিন্টন কিনে দিলাম
/kaggle/input/regspeech12/test/test_kishoreganj_0043.wav,ফাইবোয়ার্স আমরা অনেক দূরে আসতে গেছি ল্যান্টিমার্ড নামিয়ে দিয়ে আমরা ডান করতে থাকি যাস
/kaggle/input/regspeech12/test/test_sylhet_0492.wav,বুঝছিলে যৌথানাকালী করে অপারেশন করেছেন মনে করে অনিফ লিটেজ অপারেশন আয়াজন ভ্যান্ডু যাওয়া রাখছেন রুজারা কিয়া আজান ফোর্সে একদিকে কিন্তু ইফতার করছেন না একটু পানি ভাইয়া কিন্তু কী করেছে আমার ওর দেহ অপারেশনার পরান কিন্তু আমার খালায় জানি গেছেন অন্য সিলেটের ডাক্তার হল হইলে বললে অনেক পেশেন্ট তা হাক আমরা ইফতার বলি
/kaggle/input/regspeech12/test/test_habiganj_0031.wav,আমার ফ্রুডু যে সেলস নাই সেলস থাকলেও কি তার সেলস ফ্রেমেজ যদি আমার পেঁপেয়াস রসুন রাখিয়ে হায় যেইটা জুটা তালবাসন রাখি তাইলে কিন্তু আমরা ফ্রুডুরা হন নিয়ম না ফটুর উঠাইন একটা পবিত্র জায়গাতের এমন লাগে আমি কি তাহল জানালা সাইটে কোন মতে রাখছি
/kaggle/input/regspeech12/test/test_sylhet_0525.wav,জানি তো বাংলাদেশের জানুষ সিম্বল যার কথা ফার্স্ট অ্যাম্পলিনের জানি আমরা তো একটু এক্সাইটেড নামি কিন্তু এমন প্রেসারেন্ট হচ্ছে যার পরে যাইতে সময় আমি লুকিয়ে ওঠি সম্মানে যাওয়া অফিসে অনুম জোয়া শরিফের ভাষণ
/kaggle/input/regspeech12/test/test_narail_0092.wav,বিদেশির কাছে শুনতে দে বলতেছি শুনিস কেন ওর কাছে আমার উপরের কাছে শুনলে আমার মন খারাপ হয় নিজেই মাতব বড়ার পিছনে একটা আলাদা ভাব আছে তাই না নিউজ
/kaggle/input/regspeech12/test/test_sandwip_0092.wav,তো এসেছে যে কোনো কারণে রায়ের নতুন নাতির্বাদ তারা জিয়েদাস্তান কে আমি তোমার সঙ্গে নাম্ব মায়ে স্লাভ হুম জিয়েদাস্তান
/kaggle/input/regspeech12/test/test_barishal_0044.wav,হেইয়াতে মনে করেন চেয়ারম্যানের বাড়িতে বিশ্বের গেছে পরিষদের ত্রুটি গেছে আর বাপের বাড়িতে ঠ্যাংটা না দিয়া হেদিক দৌড়াদিক গেছে হুন্দুভূনে গেছে হেন চেয়ারম্যানে মরে মনে করেন ঠোল দিয়ে নিচে পরিষদে আমরা কি মনে করছেন বোঝেন ঈদাহা এরম কিছু বোঝে না বিশ্ব শয়তান
/kaggle/input/regspeech12/test/test_sylhet_0569.wav,দাদু শৈলে মানে কি তাও স্কুল মাঝখানে আর কোন অপারেশন আছে না তো না অপারেশনের জাতীয় কিছুই নয় তাহলেও মাথায় ঘুরায় ডাক্তারের হোসেন মাথায় ঘুরা নিবেশ্চার লোক আর মাথায় ঘুরায় ঘুরে পড়ে গেছেন
/kaggle/input/regspeech12/test/test_barishal_0031.wav,সারাভেন্ট কি জানে মস্ত ছোট শেপালি ফুলের পাতা চিন্তা পাতা লইবেন ভেতরে ভালো করে দিয়ে যে টুকরো তার চিন্তা খাইতেছে না লাগলে কিছু চিন্তি দিবে না এই এক কেজি মিশরিয়ান্সই সার তিনশোটা হয় বিরল মিশ্রি ইন্ডিয়ান
/kaggle/input/regspeech12/test/test_sylhet_0012.wav,ঠাকুরে একটা বিদায়ী বিদায়ী বিধান অনুমানত আছে তারা তারা পূজা শেষ হইল পরে তারপর অঞ্জলি দেওয়া হইব অঞ্জলি দেওয়াইলে
/kaggle/input/regspeech12/test/test_kishoreganj_0103.wav,বিস্তর ঠিক আছে সানিয়াও বইল সাধারণ জ্ঞান বইল যেটোকো এতোকো পাঁচ চার্ট তিন করত আট চারের টিনারেক চা ঠিক আছে
/kaggle/input/regspeech12/test/test_narail_0012.wav,আরে মেয়ের কথাকে যে বাপ মারে বাদ দিব বাপ রে দেহি নাই তার কথায় বিশ্বাস করা যায় নাকি আর এখন এই সমস্ত কথা শুনলে আমার হয়ে যায় মেজোজ গরম
/kaggle/input/regspeech12/test/test_narail_0093.wav,আরেকজন মাতব্য রয়েছে তার গল্প শুনে লাভ আছে সে যাই হোক এ সমস্ত গভীরের আলোচনা আমরা নাই করি তুমি এবার এ সমস্ত কথা আবার কিছু মনে করে না দেখালে ভাবলে যে বাড়ি আমার কি রকম ধরনের কথা কাটছে
/kaggle/input/regspeech12/test/test_chittagong_0130.wav,মানে এসেছিলে তোমার হিসেবের গিয়ে
/kaggle/input/regspeech12/test/test_chittagong_0170.wav,হ্যাঁ আছে কোনো রকম এবং আমার হাতে পুছনো লোক পুছনো লোক না তো কী হৈউস কী হৈউস তো অন্যায়ের হৈ দিদি ভালো আছে ভালো আছে তো হাতা হইত না স্যার
/kaggle/input/regspeech12/test/test_narail_0105.wav,ব্রেস্টিভের্জি করা হয়েছে ছয়বার কয়দিন আগে একজনে নিয়ে আসছিলাম ওর টিউমার হয়েছিল ঘাড়ে অপারেশন করেছি ঠিক হয়ে গেছে তোমার ওটা অপারেশন করেছে সিস্টেম নাই অপারেশন করার সিস্টেম আছে কিন্তু
/kaggle/input/regspeech12/test/test_sylhet_0278.wav,তখন আর আমার বাইরের কাছ থেকেও ফরজের টেখানা লাগছে না যখন পড়তে আরও উঠছি তখন গিয়া আগুন হইছে যেমন গিয়া পড়া দরকার মানে এখন একটু ই বিষয়ে চিন্তা করা দরকার
/kaggle/input/regspeech12/test/test_narail_0043.wav,যেটুরে অল্প অল্প জানি যা ও যে ইটা আছেল না কী চৈদা ছিল তো আরে শ্মশান শিপুর বাগান নাম তো কী ছিল দাদা কতিকিত্ব দফাদার
/kaggle/input/regspeech12/test/test_narsingdi_0112.wav,বেতার মোরাস নাকি আগে বেতার মোরাসিল নাম্বা মাটির গোড়া থাকতে হ্যাঁ হে বেতার মোরার
/kaggle/input/regspeech12/test/test_sylhet_0479.wav,মানে আমি তো করিতে পারি না আমি তুই নেতার সিনেম্বরা না যেতে জানি নাই তো বাজতাম বাজছি না মর্সি ওখান হালিয়াদের মনে আমার যে কোন দিনও পারস্যু লাগে বাচ্চা কোন দিনই সে ওখান হালি জানে আর ইকবাল এখন দিন কোনানো তাকে স্ত্রী তাড়া করিতে পারে
/kaggle/input/regspeech12/test/test_rangpur_0121.wav,ক্যাঙ্কুরের ডাইল বলে স্বাদ লাগে না বোতা দেখিলেন বোতা হ্যালো
/kaggle/input/regspeech12/test/test_narail_0052.wav,এক দ্বারা ছাড়িয়ে হচ্ছে জায়গা যাতে আমি কোনোদিন না ঠকি মানুষের কাছে তুই এখানে আসবে বলবে আসবে তাকে বেছে ভেলেও মাইফে দেবে আর তুই আসলেও মাইফে নাকি যদি বাদে তুই ওদের কাছে বালি দেবি তো আমি তোর জায়গা বালি দেব যদি তোর মধ্যে থাকি আর আমি কিছু ফুতদার গেলে আমারাই লেয়াকাল
/kaggle/input/regspeech12/test/test_rangpur_0022.wav,বাহার দরকার হ্যাঁ ইয়ান বে শাগনি মেনে ঘিরে কি নিবা মাছ না মাছ না মাছ কর না রেল কথা কী
/kaggle/input/regspeech12/test/test_chittagong_0174.wav,গেইজ গেইজ গ্রাহামিকে ক্ষমতার বিস্কুটের জন্য তাহিদি নেই যা বানাই হয়েছে আইসি দ্বারা মুফলস এন্ড্রাক্স পুরা হইলে যার কল দিতে দিতে আরা পুরায় ফেলেন ভালা না লাগে ডেরি
/kaggle/input/regspeech12/test/test_barishal_0021.wav,হাওয়াইয়া আমি নিলে রে মার্সেলিনে আমি হে মুই বোধ অ্যাঁ মুই এলে মনে কর সাহা বোরবার নাম কি
/kaggle/input/regspeech12/test/test_kishoreganj_0044.wav,টাওয়ারটি দেখলে পৌঁছে যাবা এলাকা
/kaggle/input/regspeech12/test/test_sylhet_0627.wav,ই না ইব্দেশ থেকেই মোটামুটি এরা পছন্দ করিয়াই
/kaggle/input/regspeech12/test/test_sylhet_0073.wav,উপাসটা তালের উপাস ভাঙতে ইচ্ছা করে শুধু স্বর্তন উপাসটা শেষ হই অজাবাদত্ত বন্ধুদের সাথে আড্ডা দিলাম পুচকা খাইলাম চাইলাম সামনে আর কোন পূজাও যায় আসেনি এ বছরের অন্য সামর্থ্য
/kaggle/input/regspeech12/test/test_sylhet_0263.wav,তো ইটা নিয়ে কোনোদিন চিন্তও করছি না তো যেয়তা নিয়ে চিন্তা করছি না ইটা টোটালি সময় আমার এসএসসি পর্যন্ত আছি লিখু মাথার মাঝে আর যখন ও গেট থেকে আমি বাইরে গেছি এরপর থেকেইটা টোটালি মাথা থেকে জাড়িয়া ফেলাইতেছি
/kaggle/input/regspeech12/test/test_narail_0163.wav,তো আর না ও সবার দেশেই কথা বানাবে মাঝে পড়ে তো বিছানাত্মায় উঠতেই পারত না কতবার পৌঁছি মাসে আমি ডাক্তার দেখা দিচ্ছি কত মানুষ আসে দেখা দি
/kaggle/input/regspeech12/test/test_sylhet_0223.wav,তাঁরা মনে করছেন যে তাই তো ঘুরেফিরে আমরা লেখা নই তারাও টানতা কাজের দিকে বাইরে টানতা পড়ার দিকে আর আমার ভিতরে তো হইল গিয়া প্রভু আমার নাম পাশে একটা চাকরি করব
/kaggle/input/regspeech12/test/test_sylhet_0601.wav,মানে মানে কি আসবুল হয়ে গেছে লাগে মাঝখানে কেন ম্যাডাম কিছু চিন্তা নাকি চুপস্থানে কেমন আসলা
/kaggle/input/regspeech12/test/test_sylhet_0045.wav,বন্ধ হয়ে যান যুদ্ধে মেলে সম্পর্কে ধ্বংসের জন্য কাজে না খান আমরা প্রেমে যেতাম বর্তমানে ভাই বোন তিনজন আমার ভাই বোন থাকলে তিনজন বাবা মা নাই
/kaggle/input/regspeech12/test/test_sylhet_0307.wav,ঈদের ছুটির পরে পরীক্ষা চলে দুই পরীক্ষার মাঝখানেও গেছে বাড়ি দুইটা দিলাইকি পরে আরও তিনটার ঐ চলা ঈদের শেষে বাড়ির আইনু ঈদ শেষ ও সময় তাইলেও গেছেন ঈদের ছুটি গিয়া আমরা বাড়ির সামনের রাস্তায় দুই আড্ডা দিলা
/kaggle/input/regspeech12/test/test_kishoreganj_0155.wav,পাকা বাতালি লেবুর ভিতরটা হালকা গোলাপি রঙের পাকা ডালি ছোট দানা টুকটুকি লাল
/kaggle/input/regspeech12/test/test_sylhet_0747.wav,মানুষ কারজন্ডের দলাহরি আনিয়া প্যান্ড্রজা লাগিয়া বিধবা হব নাকি সেই সাইন্জেলার নানী বলাম লইয়াতেন খাইয়া দরজা লাগিয়া হইবে এর বাদে রাখাইবা বড় ভাবে মাছ নান বা আমি গাড়ির মূর্তি হত রকম বা যার কফিকে যতটুকু দিব
/kaggle/input/regspeech12/test/test_sylhet_0308.wav,তার ডাদিরা পরে আমার ভাই তাই না খুব সমবয়সীয় ফ্রেন্ড তাই নাও আড্ডাদিরা দিতে যেতে মরে একটু বিয়া করতাম তোরা দিলে তো বিয়া করতাম তোরা মেয়ে তোরা কালকে তো একটা স্পেশাল ডি আছে বিয়া করিলা
/kaggle/input/regspeech12/test/test_kishoreganj_0137.wav,কাঁঠাল কাঁঠাল আনারস কাঁঠাল আনারস আম জাম পেয়ারা পেঁপে বাঙ্গি তরমুজ লিচু প্রচুর ফলে আড়াল ডাপ ডালি ডাপ ডালি বাতাবি বাতাবি
/kaggle/input/regspeech12/test/test_kishoreganj_0012.wav,কোন দিকে কি খুতবেন কিছু কুন্ডি এলাই
/kaggle/input/regspeech12/test/test_sylhet_0484.wav,ওই রকম কিন্তু অমিশ্ব কিন্তু তো পাইয়া না পাইলে মিলিয়া মিশিয়া তাকতাম খুব শাপ করতাম একলা খাইলে হইতে একটু আগে ছাড়াইয়া গিয়া গিয়া গিয়া দশ টাকা গেল তাহলে একলা একলা আমি তারা তো ফরাসিক নষ্ট করিয়া তো আমার লাভ নাই এখন ফরেশ দেখি যদি তা কস্টে হলে ভর্তি করিয়া জীবন্তারে মাদ্রাসার কর্তৃক তাই মনে হয় দ্বিতীয় শ্রেণীর ভরি
/kaggle/input/regspeech12/test/test_sylhet_0108.wav,তাই এমনে মানে শুরু থেকে বড় এখন জায়গাতে মানে আসলেন কয়েগেই এখানেও আছে নিরাহারা পাশা দুয়েক কৈকারের সামনেও আসলাম
/kaggle/input/regspeech12/test/test_sylhet_0408.wav,এখন তার স্কুল স্কুল বন্ধ করে আমি তার নানা বার্তাকে আমার বাড়িত্বেই আছি বেড়ানা গিয়েছিলি স্কুল বন্ধ আছে যখন খুলছে না এখন তার স্কুল স্কুল স্টাইলিস যখন যাইত মা হালি ফোন করেন বাইরে নিয়ে আদৌ ম্যাডামি ফোন করে এখন আমি লিখে দিতাম না হলে আমি একলাই জোড়াই আমি সন্ধ্যায় এলাকায় লেব হরিয়ে আমার সময় হাটে দিন হাটে
/kaggle/input/regspeech12/test/test_sylhet_0124.wav,বান্ধবী তো সিরিয়া অর্চিন্না আসে তিনজন আসে বিয়াসে ধরিয়া তারা বাড়িঘরে কিছু দিয়ে সিলেট নেয়
/kaggle/input/regspeech12/test/test_chittagong_0142.wav,এটা হালি জয় বাবা ভিডিও রাখবে সুবিন্দা জাহান্না যে সময় সুবিরান্দা জাহায়দাহা অথবা চাচুনাইজারা শিবে কহিলেন তো হলে শুধুই তারপরের মতো নষ্ট করবে লাকির নাম্বারের দোষানীতে হত্যা হয়েছেন হালিয়ার কিছু ভোটকাল ভাই থেকে দুর্ঘটনা করেন
/kaggle/input/regspeech12/test/test_chittagong_0063.wav,তুই দাহাতুন হত্যার বি নবানী ওদের এখন মরিবালায় গিয়াছে না তো অ্যানা হুন অপশন নাই অ্যানা হুনা সন্নযান আইন অজানি অ্যানা রেমে হয় জনগণের কথা হইলে তার হয়ে যে রিলিস্টাপার লোম করিব আর আমার দাদাও হয়ে যে রিলিস্টাপার লোম করিব
/kaggle/input/regspeech12/test/test_rangpur_0084.wav,ওই জায়গায় ইয়াইডিমার শাহীনার ফিরুজ ফিরুজ এখন একারে কোঠালে ওর বাপের মতন ধরন প্রথা পাত্রা চলা ফিরে মানুষের সাথে করা ঐটি আছে আর শাহীনটিই হয়েছে দুনিয়ার মুখ মুদা
/kaggle/input/regspeech12/test/test_kishoreganj_0156.wav,পাকা ডালিমের ছোট ছোট ডানা টুকটুকি লাল পাকা ডালিমের ডানা সুতো সুতো পাকা ডালিমের ডানা টুকটুকি লাল বাকা উদ্ভিদের দিয়ে পায় নব্বই ভাগ পানি
/kaggle/input/regspeech12/test/test_kishoreganj_0149.wav,কোনটি বায়ু দূষণের কারণে কীটনাশকের ব্যবহার কোনটি পানি দূষণের ফলে হয়
/kaggle/input/regspeech12/test/test_chittagong_0110.wav,নাইম আপুর রিকোস্ট পাতাইল দায় আপুর হলাম যে নাইমুরাইটি খিলে এক্সেপ গর্গে একটা হুজ্জেস অলিশ
/kaggle/input/regspeech12/test/test_barishal_0075.wav,এই দেখ এই পাতা তো চিনি কিন্তু এইটা তার জায়গায় হ্যাডারদার বলতাম না মামা গ্যারান্টাইজ রাইয়ের কাজ সেপানি করি নাই বালা পাতার উইজে সেপালিগুলি আচ্ছাই বালা পাতার কাজ কি ঠান্ডা করে কাজ চাষ হয় কাজ চাষের উপকারে মেলায়ে জায়গায় একটি ছাসাইয়া একটু নিচে নিবিড়ে খায় দি
/kaggle/input/regspeech12/test/test_sylhet_0743.wav,পিঁয়েজ রসুন মাছ মাংস গিলা আমরা হাইনি
/kaggle/input/regspeech12/test/test_comilla_0031.wav,আমি দীর্ঘ চব্বিশ বছর বাইরে ছিলাম সৌদিতে আমার তো খুব ভালো লাগছে প্রতি বছরে বছরে আমি দেশে আসার চান্স পেয়েছি মালিক আমার খুবই ভালো ছিল আমার খুব মানি উনি লাইক করত
/kaggle/input/regspeech12/test/test_narail_0071.wav,ও জায়গার ওই মেয়েরা জীবনে কাজ দেবে না জেন থায়ে তাহলে ওর রোডিটা বহুত বাগান টাকা না ওকে সেটা হলে নিজস্ব বাড়িতেই এই শহরের সামনে ও বাড়িও তো কেন ও বাড়িও তো জানো একবারের কাহিনী জানো
/kaggle/input/regspeech12/test/test_sylhet_0250.wav,যারা এসএসসির বাদে হইয়া ধরছিল তারা আবার ইন্টারের বাদে হইয়া ধরছে ইভেন্ট সবচেয়ে মজার ব্যাপার কি তা জানেন আমরা ফাঁসের গ্রামে একটা টিচারর বাও দিয়ে ফাঁস আছি হাউস ওয়াইভ তার বইও আছে কয়েকটা শিক্ষিত
/kaggle/input/regspeech12/test/test_sylhet_0155.wav,ইটাই জানতাম আর কি যে আগের দিনের সাথে এখন আর দিনের খিটাঘিটা পার্থক্য আপনারও তো একটা সময় আছিল আমরা সম্মান আসলাম ঈদে হইতায়ীন আপনি তো নিধিন্ন দেখছুনি দিন্ন দেখতাচ্ছেন খিটাঘিটা পার্থক্য একটু একটু একটা মানুষ মূল্যে একটা মানুষ বিদ্বেষ তাহলে গিয়ে খবর হুনতুন তখন দশ দিনবা দেহুনত
/kaggle/input/regspeech12/test/test_sylhet_0389.wav,মাত্র রায়কুল শোনো না শোনো রায়কুলের গরু
/kaggle/input/regspeech12/test/test_sandwip_0015.wav,ওই খাল যদি নাই চাষ মাপা বলে উনি ক ডিমেরে দেড় কেজির বেশি গুলা ডিম হয়ে গেছে ডিম দেখি মনে হইয়া মাছ কিনছে কি মাছ কেভাবে মাছেরে কসালি এরে ডিমেরে একদিন দিপা রাব বানাইছে আরে ডিম
/kaggle/input/regspeech12/test/test_sylhet_0325.wav,আর মাঝেমধ্যে যখন ওই কারেন্ট এফিয়ার্স কারেন্ট ওয়ার্ল্ড বা নতুন কোন একটা বই বাড়িলেই সিরিজ বের হইলে তাইলে ওটা লইয়া এইটা আনিয়ার টেবিল রাখি দিত আর আমি কাজ করিয়া যেমন টেবিল দিয়া নতুন বই পাইতাম তখন আমার মনে হইত যে
/kaggle/input/regspeech12/test/test_sylhet_0725.wav,ঋণ আনব পানী ক্রিকেট হইব অধিবাসী গ্যান আমরা গায়ে আলাপ করিব অধিবাসী গ্যা গ্রিয়া হইব বাইস্প হইব তারপরে জামাইয়ের বাড়ি গিয়া অজেন হানি তুন্ডার জেলা হানি একটা কোন গুলা সতুর কঙ্গল হানি
/kaggle/input/regspeech12/test/test_sylhet_0143.wav,প্রয়াজন আসুন কেটাকেটা আসুন আঞ্চলিক ভাষায় যেমনে বাসাত মাত্রী নাকি
/kaggle/input/regspeech12/test/test_sylhet_0447.wav,এখানেও জেরা সমস্যা লাগে দেখা যায় না ইয়ারা তোমাকে রেকর্ডটা দুই দিন থেকে থাকে যে মিছিল শুরু হয়েছে যদি দেখছ তায় রে বাবা মানে কোনো কাজ বার সমতা নাই তারা নাচা নাচি তারা তারে একবারে নাস্তা দেয়া গিয়া ফুলিন্দু আয় নামে
/kaggle/input/regspeech12/test/test_rangpur_0130.wav,তুমি চাইলে রেকর্ড কেন আর অন্য কিছু করতে পারো সেটাতে কোনো প্রবলেম নাই তো আমরা যে জায়গাটা আছি এটা হচ্ছে আমাদের স্মৃতির একটা জায়গা সেটা ঠিক আছে এখন যা তাইলে ইয়া তোর নাম তুমি জানো তোর বেলা তোর নাম ঠাকলে কতো তোর কী নাম তোর
/kaggle/input/regspeech12/test/test_habiganj_0005.wav,বেশিও বরাদি কেউ মনে করে কিছু জায়গা থাকত হইব না ছেলেমেয়ে হতা হইবার এটা একবার বেশি অত বিশ্ববার ঐ যাবে না
/kaggle/input/regspeech12/test/test_sylhet_0062.wav,বান্ধবী আর হারার আশ্লাপ অর্জন গেছে
/kaggle/input/regspeech12/test/test_sylhet_0218.wav,মোটামুটি এক নাইন পর্যন্ত পড়ি লিসি আর যেহেতু ফ্যামিলি থেকেও হইলা যে মিনিমাম এসেছিটা করিলা আর তখন ঐ লোকেরা প্রাইমারি স্কুলও এপ্লাই করার লাগি যোগ্যতা আছি মেট্রিক ফাঁস আমি টার্গেট লিসিস মেট্রিকটা ফাঁস করি লিলে
/kaggle/input/regspeech12/test/test_narail_0090.wav,তোমার একদিন আমি সব খুলে ঘোবানি যে সমস্ত কথা প্লান্তাও তুমি আমার সাথে যদি সরাসরি কথা কবা সেদিন তোমার খুলে ঘোবানি আরে ফোনে কথা কহিলে দেখা গেল তুমি রেকর্ড করলে রেকর্ড করে আমার ঐ স্বভাবটা নেই
/kaggle/input/regspeech12/test/test_sylhet_0535.wav,দেখাই হইল আমরা সিলেট ইয়াসার এটা আসামিনের পরেও বেহ্রায়াজ আইসিজি চেয়ে টুড করো নানা কি তাকে অনুযায়ী নাই শুনেছেন না অনেক প্রশ্ন দেখছি না আগে আগে আরে তাই এখন তারা বাড়িতে বেছে নেবে
/kaggle/input/regspeech12/test/test_chittagong_0045.wav,দিন হাল কেন চলেছি দিন হাল ও ডিন্ডেল চলে দেখব সিঙ্গার হ্যাহা বাসন উন বাসনীন উনং ফলে থাকাসি না কেন আরও যত গাজবাল্লা
/kaggle/input/regspeech12/test/test_sylhet_0182.wav,বান্দরে গৌরাইয়া হামরাইলা রাহুল্লারে কত টাকা লাগের মাঝে ক্ষমা মাল্লা
/kaggle/input/regspeech12/test/test_sylhet_0755.wav,ভারী উপাধি মনে হবে নিরামিষ লক্ষ্মী উজাড়া করে নানাঘুড়ো নিরামিষ ছাড়াই খালি উজাড়া মনে হবে বাড়ে করে অনুষ্ঠান আমরা তো যাই রোজেনো নিরামিষ পালন করি বাদলিঙ্গ মাঝামাঝি হওয়া যায় আপনার মানে পূজার মাঝে আবার বিবাহিত্ব অবিবাহিতার এমন সত্য কাজ নেই
/kaggle/input/regspeech12/test/test_chittagong_0163.wav,সুরাত্মক অনার্সের নামে যুগ্ব বৃদ্ধি না হয় অনার্সের তখন কী আলে নাই টেনশন করি যেগুলা কোনো ছোট্ট লামিন বাচাটি কি জিনিয়ার কোর্সলে ফেলার মালানো নেই কি আগে রে সিডিএম বুঝেছে রেই বুঝিসা
/kaggle/input/regspeech12/test/test_habiganj_0066.wav,কিন্তু আমার ভালো লাগে বেশিরভাগ ফুল গাছ আমার ভালো লাগে
/kaggle/input/regspeech12/test/test_kishoreganj_0171.wav,এই তরমুজের ভিতরের রাল চক্রকের সমুদ্রের ভিতর ধারে লাল সমুদ্রের ভিতরে লাল
/kaggle/input/regspeech12/test/test_sandwip_0044.wav,আরে বন্দা ঠাওয়া হয় নাই বললুম তো মাইয়া বুঝিনি দেখিনি মায়ের ধর্মাইয়ের মাতা আদাহুরি কিস্তো সাহেব কারমায় তিনবার বুঝে যারা একবার আশ্চর্য আইন দেবে তিনবার রাজশিলি
/kaggle/input/regspeech12/test/test_sylhet_0384.wav,প্রাতীয় স্বজন আসিল না বাবির বাফের বাড়ি আছিল শহরটিকে একটু দূরে কিন্তু আমরার বাড়িতে কি খাছে
/kaggle/input/regspeech12/test/test_sandwip_0066.wav,আজ যা সোয়াভাই স্কুলে ইন্সুরেন্সিস্টিভ কল গুলো পানির বেড ভালো লাগে না হ্যাডোমাস হ্যাডোমাস ব্যাগ আছে তাও ভালো লাগে নাকি
/kaggle/input/regspeech12/test/test_kishoreganj_0146.wav,বাদামি বাল্ট প্রত্যাশা লাল সবুজের মধ্যে সবুজ এরা মস্তিল পানি করবে
/kaggle/input/regspeech12/test/test_rangpur_0123.wav,এই রমজান মাসে যে পাটসাগের যে দাম সেই ফ্রিজ বেয়ে নিয়েছে ত্রিশ টাকার পাটসাগ তার হাড়ির তলাতে পড়ে না হ্যাঁ আর তুই পাটসাগান বের করিস
/kaggle/input/regspeech12/test/test_sylhet_0613.wav,কিন্তু হয় সুমন স্যারে ফাইয়া হইয়া যায় আমি প্রাক্তন স্টুডেন্টও আসলাম আমিও তো আসলাম এরপরে মাত্রাতাসিস্টের স্যারে বেশ সীতাবর্জন আলিম স্যার মেবিআই স্লেটাইনের
/kaggle/input/regspeech12/test/test_sylhet_0444.wav,যার যার এই সুবিধার লাগে মানে উরুম ছোট বাচ্চার হাজার চালু হয়ে গেছে খোঁপায় দিলে হাতামার সুবিধাবালা বাচ্চা হাজার চালু হয়ে যাইতে পারবা মা একসময় গেলে না একসময় বাচ্চা গিয়ে লগিনী জুড়ে চাইল মানে ওরকম সুবিধার লাগিয়া কিলেও দিকে কিছু নেই সব নিজের বাসা কিন্তু বাড়া
/kaggle/input/regspeech12/test/test_narail_0007.wav,আমরা দেখতেছি যান ওই আলোচনায় যে থাকতাম তাই শুনতাম ও জমে কিন্তু ফুলের সরাসরি আছে বড় বড় ভাই বলে কহিসে ঠামা ফাটাইছে বাবার চিকিৎসার জন্যে
/kaggle/input/regspeech12/test/test_barishal_0010.wav,হে হে অরারা যে কী কয় হাস আস্তে আস্তে মরি যাওয়া লাগে আঙুলেক একটা ফোলা ছিল নাম হইল আরিফ হ্যাঁ জরাইলে যে শিকড়ে শিখিল শুরু করত
/kaggle/input/regspeech12/test/test_sylhet_0417.wav,মানে আমি পড়িয়া থাকছি এর পরেও প্যাম্পাস মনে করে এক ঘণ্টা দুই কিন্তু বড় মানুষের ফোর্সার গুজরানের পরে ফোর্সাইটাহিদা হাওয়া পরে তো তো তোমারই ভুল ভুল সাগর্বিত এখন থাকছি কিন্তু প্রায় দুই বছর করুণার সঙ্গে ডেলিভারি হয়েছে করুণা থাকিলে নাইয়া দুইটা বছর কোন বাংলাদেশে কোন চিকিৎসা নাই এবার
/kaggle/input/regspeech12/test/test_sylhet_0140.wav,হালার ব্যবসায় কেন স্থানীয় নেই কত বছর ধরিয়া আপনারা জিটিস থাকি মানে আপনারা ফুটিসিলেটি যে সরকার
/kaggle/input/regspeech12/test/test_narail_0115.wav,তুমি কি বলো আমার জোগ আমি যখন টিউশনি করাতাম তখন আমার মেলাডি কার্ড মিশনের স্টুডেন্ট ছিল তাদের কিভাবে পাবলিকে ট্রান্সফার দেয় কীভাবে নৌবাহিনীতে ট্রান্সফার দেয় কীভাবে জেলা স্কুলে পরীক্ষা দিয়াতে এই সমস্ত জিনিস আমি ভালো জানি আমি নিজেদের জন্যে ভোগানোর সমস্যা নাই
/kaggle/input/regspeech12/test/test_habiganj_0112.wav,ক্লাস তো সবসময় ঠিক কিন্তুই হয় অনেক সময় ফোলা পাইন আবার ফুল গাছ তো বার রাত থেকে ফাঁসটা পর্যন্ত তো ফোলা পাইনে অনেক জন আছে মানে যায় নাকি মানে ফাঁসটা পর্যন্ত একটু কষ্ট হয়ে যায় এর লিগে প্রতিদিন কাজ করা আবার অনেক জোর বাসা অনেক দূরে দেখায় লিগে
/kaggle/input/regspeech12/test/test_narail_0176.wav,মা বাড়ি ছায়ান উনার বাবা ছায়ান উনার বাবা একটা সাহায্য করেন শয়ন কোন জায়গা মাসি শয়ন কোনে শয়ন দেখো না শয়তান
/kaggle/input/regspeech12/test/test_sylhet_0624.wav,তাই আবার তোলেছি না আমরা জোপিয়েলর ফ্রেন্ড সোনিয়ার আর কি দেখাই না এনো নর মেম আপনারা আর বেচারি করে সোনিয়া মিসেস তাইন কইরা আমার দেখে না মেম তারার
/kaggle/input/regspeech12/test/test_narail_0123.wav,সবতই নাইন্ডিপার সেন্ট মার্ক তার মা মা আর তার মা মারে সবাই ভালোবাসে এই বুড়োত্বে শুরু হলে গুরু সবাই ভালোবাসে তোরে আগের দিন তোরে আগের দিন কান্তরে নিয়ে যাত্রী দেখেছে আমাকে রাহুল যাইয়ে দেয় আমার বলতেছে যেন বৌদি চন্দনের পিছনে দেখলাম বুলগা পরারটা মেয়েরে নিয়ে অধিক যাচ্ছে
/kaggle/input/regspeech12/test/test_barishal_0057.wav,হের্পার বিদ্যুতি খালি বেশি নৌনগর রিপিন্যাল হাই নিতাম এই তো রিপিন্যাল কিন্তু অনেক কষ্ট করে চলে হের্পার বাজারে গেলে মনে হয় রে বাবা লাখোপতির গাড়ি পোলা চা পাঁচ সাতজন আর সাতটা অর্ডার দিয়ে দিয়ে দিয়ে এটা বুঝবে না যে আসল লোক কি মোর
/kaggle/input/regspeech12/test/test_kishoreganj_0065.wav,না থাকা ছিল না না না প্রকৃত নেটা বাজে আইনের হাওয়া ফালত না কেউ না
/kaggle/input/regspeech12/test/test_sylhet_0477.wav,বইন্যাতদের কুন্ত হইলে বাইনিয়াকে শক্তা ফেলাইয়া আগে বৈন্যদের বাছাই আমি নিজে জানি আস্তা আমার দুবানে বড় হসপিটেল বাসা বাড়ি মেনে গেছি আর কি তাও তুমি ডেক ভাষানো হলে ইয়াকেবিনের ভিতরে ভাষা থেকে হোক মায় একবারে সাউল ডাই মাস্ক তোর হাঁড়ি যাস বাসা থেকে মাস্টার্স মানে জিয়ো করিয়া খাটিয়া উঠিয়া ফ্রেস করিয়াছে এখন সত্যা
/kaggle/input/regspeech12/test/test_rangpur_0007.wav,এটা হলো কন্টিনজিয়া করেছে
/kaggle/input/regspeech12/test/test_sandwip_0005.wav,আম কারুলা এক দর হয় গিয়েছে ফল আছে তারপরে দুধ হচ্ছে যেন বেগ দিন চলবে হাম হচ্ছে শুয়োরি হচ্ছে ব্যাগ কিনা বোটিয়ে দরকার
/kaggle/input/regspeech12/test/test_narail_0077.wav,ঐগুলো তো হয়েই যায় ঐগুলো নিয়ে কোনো বড্ডার বিয়েই ছিল ভালো জায়গা সেই বিয়েতে আমরা ছিলাম যে সময়ের সাথে বাড়ি খাতের বিয়েতে যে খায়ালাম সে মায়ের বিয়ে ডিভোর্স হয়ে গেছে
/kaggle/input/regspeech12/test/test_kishoreganj_0119.wav,হাঁপেরে কি গাছে খা না আবার যে যে গাছ পোলিং কি গাছ কাইস
/kaggle/input/regspeech12/test/test_chittagong_0019.wav,আর ফলাহা করতাম বলি হইতে আজ গিয়া কম্গলিক হইব মানে কম্গলি হইব বই বা খুলিলে আর করতে মনে হতা আর হতাম মোবাইল টিভি এই মোবাইল গান জীবন্নয়ন শেষ করে দিল ও যেন ঘোষ মোবাইলে হতা
/kaggle/input/regspeech12/test/test_narsingdi_0125.wav,হেই একটু গুড নাইট টা অন করাস নাকি রে অন্যতা গুড গুড গুড গুড নাই না অন করে দিয়ে যাও এটা দেখি মানে একটা গন্ধ বাড়ায় না গন্ধটা ভাল লাগে প্রথম প্রথম এই ফ্রাগ্রান্সটা খুব কড়া লাগে
/kaggle/input/regspeech12/test/test_sylhet_0543.wav,আর তারিম কী অবস্থা আমরা তারিম তো বেশ মাসাল্লা তারা কিন্তু ওনার আছে যা এখন মাহদীরে ফরাইতে উড়াইছেন আমিও বাড়িতে পালালাম না না থাকি গ্রেসে তার সাড়ের বসে
/kaggle/input/regspeech12/test/test_habiganj_0002.wav,তানজিরা বা ফুলির দেখাতে হয়ে গেছে না তানজিরা আনন্দ সহ হয়েছে কারণ তানজিত মাইনা আমি এটা বৈধান্তিক লুক্রা ফ্লান ছাড়া আর কোনো ফ্লান ছিল উত্তরে সব পুড়ে লুক্রা কেড়ে যায়
/kaggle/input/regspeech12/test/test_narsingdi_0021.wav,খালেদা আছে তাসকিন আছে সমস্যা নেই প্রেসিডেন্টে খুব ভালো আছে এদিকাবাড়ি যে হাসান মাহমুদ আছে ইনজুরি থেকে ঐটা খুব ভালো ইংল্যান্ডের সাথে সিরিজটা খুব ভালো বল করল একশালের সময় ছিল রুবেল ছিল সাইফুদ্দিন ছিল
/kaggle/input/regspeech12/test/test_tangail_0008.wav,ফ্রেডি আর মেরি একে অপরের প্রেমে পড়ে আর গোসল একটা পোশাক নেয়া কনভার্সেশন হইতে থাকে ওই সময়ে ফ্রেডি আর মেরির একটা কনভার্সেশন থেকেই ওরা একে অপরের একটি প্রেমে পড়ে এভাবে অনেক দিন যায় এদিকে ফ্রেডির নতুন ব্যান্ড নিয়ে আর কি
/kaggle/input/regspeech12/test/test_sandwip_0115.wav,ভাল স্টুডেন্ট যেমন এগুলোর হিসাব হইছে হয় বালা করতে বা আর নইলে ছাড়িয়ে দিতে হয় আর কে চার হেকে তো এনাকান্দা হাস করি হারিলেছে হে হাসা আসমা পরে বলে তুমি ভালো স্টুডেন্ট যেমন এগুলোর হিসাব হইছে হয় বালা করতে বা আর নইলে ছাড়ি যেতে পারে
/kaggle/input/regspeech12/test/test_sylhet_0189.wav,এবং আমি ক্লাস এই চৌদ্দের আগেও বড় ভাই তিন মেয়ে হাজার মানুষ হাসির দুইজন গোরা লাগাতে থাকত খেত কাজ করে লাগিয়াছিল একজন গরুর রক্ত বাহিরা করে আস্তে আস্তে বাহির সংখ্যাও বাড়ছে
/kaggle/input/regspeech12/test/test_kishoreganj_0205.wav,এলাকাতারেরা বলেন ভাগ্নোমাতা কিস্তি হয়েছে
/kaggle/input/regspeech12/test/test_sylhet_0232.wav,তেই হুজুর স্যারের লগে আমার বয়সের পার্থক্য আমি মাত্র মেট্রিক পরীক্ষা দিছি আর হুজুর স্যার অলরেডি পাসাস করিয়া পড়াপড়া শেষ করিয়া চাকরিঘরেরা দলিলাখণ্ড ষোল বছরের কিয়া বৈঠক খেয়ে যায় তেই ইটা দেখিয়া আমার ভাইয়ের তে বড় যারা তারা সিদ্ধান্ত লইলিছেন দিলাইবা আর ছোটো যারা এরা তো ধরু সিদ্ধান্ত দিতাবারই না কিন্তু মতামতও দিতাবারই
/kaggle/input/regspeech12/test/test_tangail_0057.wav,যেটা আসলে কেউ আসলে বলা যায় না অর্থাৎ মানে বুঝাইছে এরকম যে আপনার প্রিয় জিনিস অথবা প্রিয় মানুষ যার সাথে আপনার অনেক দিনের সম্পর্ক সে হয়তো চলে যেতেছে কিন্তু একটা সুন্দর গুড বায়ও হয়তো
/kaggle/input/regspeech12/test/test_rangpur_0031.wav,কিয়ারা কিছু হরিপূরত গেইনো ওই যে মাটি খাইল করিয়া আটার ডাইল দিচ্ছে রাখতে
/kaggle/input/regspeech12/test/test_sylhet_0625.wav,না অপিরে দেখাইয়া কে কইরা হোসেনিয়ার বেচন পরে মরা কইরা কুট্টেলের বইয়ের জেরা এর বই বাইরেই বোমানো একটা
/kaggle/input/regspeech12/test/test_barishal_0063.wav,পঁচিশ বৎসর হিসেবে পঁচিশ বছরের উপরে আমি বিড়ি খাইছি এরপর আমি হঠাৎ একদিন একটা শাড়ি রেখে দিছি হেই হইতে আর আইস পর্যন্ত একটা বিড়িতে আমি টান দেইনা খালি কইছি আইস্কো হইতে কামনায় এসে আসি আর খাইনি
/kaggle/input/regspeech12/test/test_tangail_0107.wav,এই উর্মি তুই কি দেখছিস আজকে নিউজ ফিট বা আজকে পেপার পড়ছস হ্যাঁ সকালে তো দেখলাম বঙ্গবাজার নাকি কী হয়েছে রে এলিজা জানোস কিছু তুই জানোস না ঐখানে মোটামুটি তোর সাড়ে তিন হাজারের মতো দোকান ছিল সবগুলো পুড়ে গেছে একদম ছাই কিচ্ছু না
/kaggle/input/regspeech12/test/test_chittagong_0146.wav,গৌণী নৌ হই হৈ ইয়ার কী অবস্থা আজেও ছবিতে বিম্বে কিন্তু হাস
/kaggle/input/regspeech12/test/test_kishoreganj_0062.wav,তোরা ফ্যানটাকে মনোবলী লেগে দেওয়া যে তোরা দিয়ে গেলে আব্বা কাছে উঠতাম ফকির চাপাতাম না আম্মা কিসের তোর মা কৈষা না নিতা দাদা আমি তো ফুরানা দিছি যা যা কৈরিশ্বরী না যা কৈরি যা এত করেছেন ফকির চাপাতাম
/kaggle/input/regspeech12/test/test_sylhet_0313.wav,আসলে বাড়ি কাছাকাছি তো আর সকালবেলা উঠিয়া গেছেন গিয়া তারা বাজারে গিয়া তখন শহরে আছিল বাইর বাসা তখন সবকিছু আনা হয়ে গেছে বাইর বাসাত
/kaggle/input/regspeech12/test/test_tangail_0088.wav,বলিউডের অন্যতম এক প্রভাবশালী ডিরেক্টর সঞ্জয় লেলাবান সালি তার তৈরি আর রণবীর কাপুর এটা প্রথম ছবি আর এই ছবিতে সালমান খান সুনাম কাপুর রানী মুখার্জি আছে মেন ক্যারেক্টার আসলে এই চারজনি
/kaggle/input/regspeech12/test/test_tangail_0110.wav,চক্র ঘুরে যারা কাপড়ের দাম বাড়াইতে চায় আমার জানি কেন মনে হয় এটা পার্সোনালে আমার মনে হয় যে একটা জায়গায় জাস্ট একটু দেখায় যা আগুন লাগছে বাকি মার্কেট চকবাজার আমি বঙ্গবাজারে আগুন লাগার পরে যখন নিউ মার্কেটে গেলাম আমি একটু জিনিস ফেস করলাম যে নিউ মার্কেটে কাপড়ের দাম রাতারাতি বেড়ে গেছে
/kaggle/input/regspeech12/test/test_sylhet_0437.wav,হয়ে একটু দৌড় না একটু বাথর বুঝে গিলাম ফ্রেদ আইন একটু দড়ি এনে দিয়েছেন এখন খালি কেবল যে একটা স্বরূপ কুল্লা করি যে চাই না দেশটা নেই আল্লাহর কি ক্ষুদ্র তা তাই নিবুঝি যে সান্ধা নামাজ ভুলিয়ে গিয়ে ও নিমজ্ছিত
/kaggle/input/regspeech12/test/test_narsingdi_0119.wav,বাবাই তারা খুঁজেই আছে দুই তিনবার এতে বাথরুমে গান গাইতেছিলি না কি গান গাইতেছিলি এটি কি রক্ত রক্ত আমি প্রথম বাথরুমে তারা হাইড কর্তা ছিলাম যে বাবা হেগান গান আবার বাবা যায় তৈরি শিল্পের আবার এই শিল্প
/kaggle/input/regspeech12/test/test_barishal_0082.wav,ওই যে পাঁচটা রাজান দেয় সেই সময় আরাম করে জানালেন এই গাছের কামে মুই বিশ বছর তুমি জ্বরে না বিশ বছর এই বিশ বছরের মধ্যে ধরেন একটা না করছি দশ বছর আর দশ বছর করছি ফায়ে ফায়ে
/kaggle/input/regspeech12/test/test_sylhet_0187.wav,এখন মানে ফ্যামিলি আপনার ফ্যামিলি সে হ্যাঁ সুয়েল এবং সেটা দিয়ে চার করবেন
/kaggle/input/regspeech12/test/test_kishoreganj_0105.wav,পোকামাকড় উদ্ভিদকে বেঁচে থাকে আমার আবার
/kaggle/input/regspeech12/test/test_sylhet_0722.wav,পৈলা একবার দেখা শিখতে স্যার ওদের ঠিক তারা সিনিফানও গেল না
/kaggle/input/regspeech12/test/test_narsingdi_0083.wav,এরা লাইফের সবচেয়ে বড় ভুল এসে শুরু করার আগেই ইয়া দেওয়া করে তা এলে গেল কি সব আমার লোকে বড় বড় বড় বড় বড় বড় মায়ারা পড়ত দৌড়ে আর কারছি না কোনো সময়ে বাদ দে তো হৃদয়ের দিনের প্ল্যান কি
/kaggle/input/regspeech12/test/test_chittagong_0165.wav,সাজিয়া এ তোর বলে সাজিয়ার মা দেখা যাব হই হয়তোর পরে পাঁচটা বাজুক বান্দায় যা তুই যাহাটাই তো বলা হালামনি বেড়া যাব তাহা ফকির বাসায়
/kaggle/input/regspeech12/test/test_tangail_0106.wav,আজকে আমরা কারেন্ট অ্যাফেয়ার্স নিয়ে কথা বলব আমার সাথে স্পিকার হিসেবে থাকবে আমার দুজন বাধ্য বি সানজিদা আক্তার এবং এলিজা আক্তার তাদের বয়স বাইশ বছর এবং তারা দুজনে স্টুডেন্ট
/kaggle/input/regspeech12/test/test_narsingdi_0093.wav, অলরেলটা হাতে ঢাকিয়া গেছে একবার করলাম সামিয়ানা বাবার সামিয়ানা আছে আমার মার বড় বড় ডেক ডেক্সি আছে
/kaggle/input/regspeech12/test/test_sylhet_0557.wav,ইলা নায় তা নাওয়া ওয়াশ্টার অপারেশন ওয়েসিস ফরেম রেডিও ড্রাইস নামার যদি জবাব হয়নি তাহের কোনোত্তর তাইলা হয়েছে না প্রাদেশের এই লাভ হয়েছে নিলাম
/kaggle/input/regspeech12/test/test_kishoreganj_0178.wav,জীবাণুমুক্ত নিরাপদ পানির জন্য বিশ মিনিট বেশি সময় ধরে রাখতে হবে
/kaggle/input/regspeech12/test/test_sylhet_0185.wav,আমরা দুই ভাই দুই বোন ভাই একজন মারা গেছেন আর বাই বোন তিনজন আছেন
/kaggle/input/regspeech12/test/test_rangpur_0026.wav,ওহ তোমার নানার কাছেই দেখছি লৌকের মধ্যে তরকারিতে
/kaggle/input/regspeech12/test/test_sandwip_0018.wav,মানসির কি বলেছে খাবার মানুষের উপর বিদেশের তালিকা অধিক মানসিক জানা
/kaggle/input/regspeech12/test/test_habiganj_0008.wav,আমি বেশি করেছি দিকের ন্যায় আমরা বাসাদারি ইভিডির বাড়ি বিদেশ থেকে আইসো থাকছিল বড়ুনিয়া হয়েছিল তারা আর তিনটা গেছে তো গেছে তিনি দুই লোক রাখেন আমিও ভুলে যেমন জানবাই
/kaggle/input/regspeech12/test/test_kishoreganj_0052.wav,গমের পেছন তেলে করে কথা বলবে মানে কি কি জিয়া লাগাইচুঙ হা কামুদা সাইমন দাঙ্গির কুমার এক কাইন্ডারে কত যুদ্ধ হবে দশ মূল্যান্না
/kaggle/input/regspeech12/test/test_sylhet_0118.wav,বিচারটি স্বাধীনত শতান্ত লাস্ট মাসের দুটো গাড়ির ফার্ম ছোড়া এইট লিস্কারিয়া ছোড়া এইটা ছোড়া এইটা বিচার নিয়াই তো এমন তো আমার ধ্বনির ভাড়া নামা দিত
/kaggle/input/regspeech12/test/test_sylhet_0486.wav,ি না হইত না আমি দেখাইতাম না খুন খেন বাবা তুমি আমারে দেখাইতেন আমি কি তোমার বেতাদেশ চান আমি তোমারে ভয় পাইলাম তোমার হাতের মধ্যেই ঠেলে খায়ার বাবা এটা তোমার জন্য আনছি না এটা আমার হাতে আসিল ফলে ম্যাডামি দেখতে গিয়া বলে দেখতে পারান আমি খুব কষ্ট পাইরাম বা আমি ডোরাইলিয়াম হান্ডা শুরু করছি বইয়ের জানা
/kaggle/input/regspeech12/test/test_sylhet_0699.wav,তিনজনের গরু নাতিনুসা আরেকজন এরাও তাই নাতিনুসা ও স্কুলে যার কই পড়েন তারা
/kaggle/input/regspeech12/test/test_noakhali_0027.wav,তোলাম না আমরা এক ঘরেই আবার সামনের লাগে আমার নাম হল কাহলে কথা বলি না ওমা এটা কয়েক দুদিনের জন্য ফোন দেন হাসা হাসা নানু কোইসার নানুরা দুদিন কল নানু এরপর আমার কল দিস নেবে
/kaggle/input/regspeech12/test/test_habiganj_0100.wav,যে সিলেটের ভিতরে যায়াং কুরবা বাড়ির দ্বারা আছে সিলেট যাইতে পারাং অন্য হয় না হইলে চেবে লিয়ে দিতাম না
/kaggle/input/regspeech12/test/test_sylhet_0056.wav,তাইর কাহিনী তাই যে তিন মাসের আসলে অসম্ভব মাত্র অসুস্থ গেলা গর্বটি কি খানে শুনেন না চুকে দেওয়ে না তার নিজের প্রয়াত না আমি গর্বইটি পেয়ে গেছে না পরে পন্থায় হান্ডা মাত্র দুধ হওয়া লাগে
/kaggle/input/regspeech12/test/test_sylhet_0335.wav,তো শুরু করলাম পড়া পড়িয়া যখন লিটেন্ড পরীক্ষা দিতাম তখন তো মোটামুটি অবস্থা খারাপ পরীক্ষা দিতাম ও সময়
/kaggle/input/regspeech12/test/test_sylhet_0549.wav,আমরা মদয়নার হুঞ্চি হাও রয়েছ পরা স্মৃতি প্রাইভেট প্রাইভেট এবার নানা ধর্ষণ এই বাড়ি যে একটি কাল লাগি পরাহিত নানা আনন্দ হইতে কোন দিন গিলাই বা রুটিন
/kaggle/input/regspeech12/test/test_sylhet_0046.wav,ভাই বড় ভাইয়ের ছেলেমা কাছে নেই ছিল আমার পয়েন্ট আছে ছিল নেই বা অন্যরা কি তা পড়ে রাখে
/kaggle/input/regspeech12/test/test_habiganj_0114.wav,ফওলা সাহা কিতাবোধ্যাম আজিও লিখিতাম এসিসি পরীক্ষা পর্যন্ত এমনের
/kaggle/input/regspeech12/test/test_sylhet_0450.wav,আমার নিয়ে সবার দর যদি পরে উড়িয়ে যাই রাস্তাতে এসেই ওখান অসুস্থ মানুষ সবসময় ওষুধ দেখাইনি আমার ওষুধের ব্যাপ্তি
/kaggle/input/regspeech12/test/test_sylhet_0292.wav,তাকাভিদের দেখা ওকে অক্টা ও তখন মুহরানা দার্য করা হয়ে গেছে কিন্তু তারা মানে যে গিফট বা রিন্টিং একটা দেওয়ার লাগে অত্যাহত কিছু দিচ্ছেন না কিন্তু ফিক্সড করে লিখেন
/kaggle/input/regspeech12/test/test_sandwip_0030.wav,সাজপুণ্ডা গোনা নে ইয়েতন আমি জাজত নেমে চলিয়েছি আমি কিন্তু তুই বলে আতিরের নং কাছে ফোন করছি জামা কাছে জেনে চলিয়েছি বাসনে কিন্তু মাল্লা বিস্তার হলেন হাগলাগুলোটাই ফেরেনি কত ওমানি সাংসারিক
/kaggle/input/regspeech12/test/test_sandwip_0078.wav,জানা গেছে না মা এটা আমার কেন্দ্রের প্রশাসন মা এটা নিয়ে কোরআন কিন্তু তোমার লাগে না
/kaggle/input/regspeech12/test/test_chittagong_0124.wav,পুফিতারা শিক্বিদ্যালয় রাজনীতিকে চারজন এক উত্তরের চিহ্ন তাহাহুদী কিন্তু সামনাসামনি পুমি শিক্ষকে দান দেয়
/kaggle/input/regspeech12/test/test_narsingdi_0051.wav,স্বর্ণালী চলিয়েছে না না অন্য প্রয়াত নবন্ড সাফ করা হয় আগুন নেভাই স্বর্ণালী পর্যায়ে গিয়ে বিড়ি টানত না যে আগুন লেগে যেন লাগায় ফুল অনেকেই চিন্তা করে হয়তো ধুপের তার লাগে যাবে
/kaggle/input/regspeech12/test/test_sandwip_0106.wav,হেতে মূলান্তরিত নোয়ারালের সবচেয়ে বড় কারণ ইয়ান আর বৃষ্টিতে ইয়ান অতিরিক্ত করে হেতে ইয়ান হচ্ছে একদম হান্ডেড হান্ডেড একেব্রু আঙ্গুলগুলোকে আমরা সারি দিছি আঙ্গুল ইয়ারে তো এক অব্দি অরাল্ডায় কোন সাপ নাই
/kaggle/input/regspeech12/test/test_sylhet_0273.wav,তোতা করতে করতে আমার টার্গেট হইল এখন মেন টার্গেট এগিয়েছে যে আমি বায়রারা খুশি করতাম কিন্তু বায়রা আমারে খুশি করি আনিয়া পরাদ দিসই আমি এখন বায়রারা খুশি করা মানে আমার রেজাল্ট বালা হইলে বায়রা খুশি ও বায়রারা খুশি করার লাগে এখন পড়ি পড়ি পড়ি পড়ি
/kaggle/input/regspeech12/test/test_sylhet_0673.wav,আহ আচ্ছা তাই আমার ছোট ছেলেই ও ডিসির হবে তো শাহলী ঘরে আর যে নাতি হইল ডাক্তার আছে তার বাপে হেল্প দিল
/kaggle/input/regspeech12/test/test_narail_0001.wav,কি বলাটা নাম জন্ম আমরা তো ভাবতাম ও চাও তা যে বিয়ে রাখল সেনতে ঠিক পালাম যে আলাদা শরীর কি বলাটা নাম জন্ম তিন শরিকের জমি
/kaggle/input/regspeech12/test/test_sylhet_0756.wav,মানে কোন নিয়মনীতির মাঝে না সব আমরা চলি না যে মাঝে একটু বেড়াতে রাত হার মানে হাম আছে না নিতাল হাসান চান কেন যেমন কোন বিশ্বাস থেকে হরিণ্যা
/kaggle/input/regspeech12/test/test_sandwip_0038.wav,বাড়তি যাই খাইয়ে না
/kaggle/input/regspeech12/test/test_chittagong_0037.wav,কেয়ার কেয়ার তুলালে হাতায়ার কোকুজ কোসুম গোছা নামে দুলাদুলি ওই ওরিঙ্কি কোসুমের কিন্তু গেয়ে রেখি দেরি ওরে আর কি ফোকালা হারা না এর ইচ্ছে সাহাতে এর দুই ইচ্ছে সাহাতে প্রেম ব্যক্তি পেয়ে যাইব
/kaggle/input/regspeech12/test/test_narail_0180.wav,কাছে রান্না তৈরি হয়ে গেছে হঠাৎ ছোট্ট মাংস হইতে মাংস ডান দিচ্ছে তার খবর নেই কোন রাত্তির খাবার লেখা দিয়েছে মাংস কিভাবে কেনে এক এক কেজি কেনে নাকি অল্প অল্প তো কেনা যেন হ্যাঁ মানে
/kaggle/input/regspeech12/test/test_narail_0148.wav,বিয়েবাড়ি কেমন যাওয়া নেই তুই আমি তো বিয়েবাড়ি বসিয়াই রয়েছি মেয়েবাড়ি রয়েছে মৃত্যু গিরামের ভিতরে বিয়ে আসছে নাকি
/kaggle/input/regspeech12/test/test_sylhet_0710.wav,আচ্ছা আপনি বাড়ি খানো বাড়িতে আমার সিংসাগর বার্সার যায়গায় তা সিলেটের বিতৃত না ঠিকানা বলতে আমরা এমনি গুপ্ত লাগিয়ার কি এখন
/kaggle/input/regspeech12/test/test_chittagong_0053.wav,অবলিন ইনোহার মানে মালহাস্য অবৈনিক চিন্তা নাকি তো দিয়ে টিয়ে গরিলে দত্তদের বুঝুক না এই উমিয়া ইয়াসিন্ডা গরিবদের এ আমার হোম পরিবি না
/kaggle/input/regspeech12/test/test_sandwip_0090.wav,আত্মার মানে গেছে যে আয় দম কৃষি ঋষি যাইদার ঐ রকম উনি এরকম রাজা করিতে হবে না আর তো মানেই আয় কিছু কিছু আসে যদি এ চোখরা নিয়ে কেনা দেয় এতে আরও অশ্বাসের জীবিকা এতে মন একদম সমস্ত করিলেছে তাকেও খরচ করিলে দেয়াছে মা শুধে যাচ্ছে
/kaggle/input/regspeech12/test/test_chittagong_0028.wav,বয়সের আগে ফাঁকি যে লক্ষ্য বিয়ে দিবে অন্য করব না তো একটি গরিব আলোক নিয়োগ গো ওমারে যোগ বিয়ের বয়স হই না আমার এই মা বিয়ের বয়স নইলে তো তো ফাগিলে ইউউজ ফাগিলেরা তো ঝুলা হুজু
/kaggle/input/regspeech12/test/test_sylhet_0478.wav,যত দিন আসলা মানে হসপিটাল বাসাবাড়ি মেনে গেছে এখন ম্যাডাম আস্তা কাইলেন দুইজন বাড়িয়ার লোক জানিয়ে না যে তোমার মুক্ত মানুষ রাগী সন্দার আর কিন্তু সেও কোন মনে থাকে না জানার সাথে এগুর মা আমার হিবয়েন হিবয়েন সব হসপিটাল পড়াউড়া পালায়
/kaggle/input/regspeech12/test/test_sylhet_0746.wav,সেদিনের বড় বড় মা চেহামাস বাদে আর যে মেয়ে নামিয়া আসলে বিশ ঘণ্টা আগে যে এক এমন অদ্ভুতিহীন মাস অভিশ্বর নাই হেম নাই জানা হেন বাদে হইবা মনের পড়া হয় বা সাতবা
/kaggle/input/regspeech12/test/test_rangpur_0047.wav,ঋণ মুক্ত না হয় আপনার কোরবানি দিবে কৈষি না
/kaggle/input/regspeech12/test/test_sylhet_0706.wav,জি আপনারা আমরা খালি আপনার বয়স চাটাটা রেকর্ড নিব
/kaggle/input/regspeech12/test/test_sylhet_0538.wav,পিকনিকে আমি জানাশো না পিকনিকে আমি তিনটা সামনে গেছি আমি তো জানি না সত্যি আমি কেন্দ্রের ট্রান্সফারাস্ট আমি কি আছি কি আমি ও তানিশা আর এমন যেবার খাইব না আমিও তানিশা গেইবার না তুমি আর আমি এক জামাতিতে দিন তাই লাশ দেখতাম খাইয়া যাইতে হইলাম হুবাজি যাইতেছি
/kaggle/input/regspeech12/test/test_sylhet_0659.wav,আপনারা সময় তো একটা ছোটবেলার সময়ে একরকম মাসিল এখন দিন কালকেন
/kaggle/input/regspeech12/test/test_kishoreganj_0001.wav,চা আপনাকে রে
/kaggle/input/regspeech12/test/test_habiganj_0076.wav,তুমি তো বালিকা উচ্চ বিদ্যালয়ে পড়ছ না
/kaggle/input/regspeech12/test/test_barishal_0012.wav,ক্ষণ দিয়ে দুই আয় কর্ম দিয়ে আমরা যে ভাই বর্ণ দিয়ে আমরা যাব এই যে খোর্সের ডাক্তার নানা কিন্তু নোয়া খেললেন হুম একটো হলে ওরা জন্মকেতু নোয়া খেললেন কিন্তু ওরা খোর্সের ডাক্তার আমার গোয়েজের গায়িদার এই কত মানুষ জানেন এই গরুণদের বুকে বাংলাদেশের প্রত্যেকটা জিলের লোক আছে
/kaggle/input/regspeech12/test/test_kishoreganj_0166.wav,রাতে ঘাস গাছ পালা ইত্যাদির উপর যে বিন্দু বিন্দু পানি জমে থাকে তাকে শিশু
/kaggle/input/regspeech12/test/test_tangail_0086.wav,ছবিটা আসলে দেখলে মানে ভালো লাগব না তারপরে আমি যে মুভিটা শেয়ার করব সেটা হয়েছে সাভার ইয়েটার দুই হাজার সাতের ছবি এর গানগুলো আমি শুনছিলাম কিন্তু এর ছবিটা মানে কখনোই আজকে দেখা হয়েছে
/kaggle/input/regspeech12/test/test_chittagong_0025.wav,হ্যাঁ বেশি ভালোই একবারে গরমে পুতুল মুত্তু জর্কা ওরে মনে হইতে কেন ফুস্তা হইতাম জের ফুস্তা হয়ে কেন দার্ড বাজ গিউরি আমার মেরা হব জীবার বের তো বলে কি হানা সমস্যা ওই হাহ
/kaggle/input/regspeech12/test/test_sandwip_0120.wav,মানে হিতে একদম করা হারায় কিন্তু আঙুয়ে গেড়ে আঙুয়ে আসা হওয়ার মতো তলাকা পেশার দিকে আঙুয়ে আলাপ দুটা গল্পের দান
/kaggle/input/regspeech12/test/test_sylhet_0257.wav,ধন থেকে আটি আটি নায়নফুল থেকে আটি আটি প্রতিদিন যাইতাম কোচিং থেকে হাঁটিয়াটি আবার নাইলফলক হইতাম আহ্বাসও বাজার বুজার করিয়া আনতাম আনিয়া রামতাম বাড়তাম খাইতাম আর পড়তাম আর মনে মনে ভাবতাম যে আমরা যে
/kaggle/input/regspeech12/test/test_sandwip_0040.wav,কুমড়োলো দিছি বললে বেশি ঘোষিয়া অতিরিক্ত ঘোষিয়া জীবন এবং শ্বশ্ন
/kaggle/input/regspeech12/test/test_noakhali_0012.wav,আমেরিকাম করের হবেমাত্র ইয়াক হচ্ছে বেগি নাম ডালের নালুর বান্ধবীরা গেছে নালুর লগে দেখা করত
/kaggle/input/regspeech12/test/test_habiganj_0094.wav,কুড়ানিত্ব যাই মানুষ মজার লাগিয়া কুড়ানিত্বে লেমুন পালা লাগি একটু কুড়ানি দিক দিয়া তারপর ছবিটুকু তুলু হন সামনে পিকনিকে কোথায় যাওয়ার ইচ্ছা আছে
/kaggle/input/regspeech12/test/test_rangpur_0058.wav,এই শোনো এখন এই যে বর্তমানের জুট যে ঝামরা মজুত রাখে তামরা দেখো খাবার কয় না সেটা তো পায় না কিন্তু অনেকের কৈফিয়ার্কি যে শুক্রবার প্রথম রমজান শুক্রবার মাঝের রমজান শুক্রবার
/kaggle/input/regspeech12/test/test_sylhet_0147.wav,পার্থক্য তো বৌচ্চা গো মাই আমরা তো বুড়োই ইউসুফ হই আমরা তো নির্ঘাম করতাম পারি বৌ এই নাম্ভাব্য মায়ের অসুস্থ তারা দুর্বল আপনারা মা বাসের মেয়ে
/kaggle/input/regspeech12/test/test_sandwip_0051.wav,অনুগ্লাসী কি লতু গেছে নাকি কি লোগোয়েবার হরিজন দেশে কেন নেয়াত্ত লোগো লাগি এতে গ্লাসী এরা ধরতে গেছে হরিচেছে নেবাসকারী রক্ত ভাসি কিছু কোনো রকমও বন্ধ করতে এল না সে আসে সে কি বলেছে ডাক্তারের কাছে নিচে
/kaggle/input/regspeech12/test/test_kishoreganj_0199.wav,সীমানামী সারার পর কোথায় চলে গেছে বলে পারবে কি কোথাও রাত রাত রাত রাত বেরিয়ে গেল তার সাথে বুঝি লাল রাতের খালি আছে তারা নিজের বেশি সেতুর খুব বাসায় পড়ে আছে তারা মায়ের দিকে দুর্নীতিতে কোথায় পড়ে গেলেন তারার নিজের হেরে রক্ত পাতলা আর দিদির ভালো বোমারে কী করছে
/kaggle/input/regspeech12/test/test_sylhet_0409.wav,বাবার বাড়ি কোম্পানি হল সৌদি সার্গা ফ্যাক্টর্স ছিল নীল সাদা ফ্যাক্টর শুনছি ম্যাড অনেক সুন্দর সুন্দর জায়গা আমরা যাইতে পেরে তোকে ঠিক করি আর আমরা যাই হয় আপনি
/kaggle/input/regspeech12/test/test_sylhet_0506.wav,আর বৈশাখ মানে বাংলা ভাষায় বলেছে বৈশাখ মাইয়া দিন যেমন জোর বৃষ্টি বেশি দিনেরা এতে জোর বৃষ্টি বড় করে ধান খেয়ে খুব বেশি প্রচুর দাম এসেছে আমরা আপনার দেখা পেয়েছিলাম আর হঠাৎ করিয়ে যে এটা ফোর সেলফি মানে বিজলি ফোর সেলফি ওরা আবার সাথে সাথে আমার আবেদনের ভেতর মাঝে ধান ফেতর মাঝে মারাচ্ছে
/kaggle/input/regspeech12/test/test_narsingdi_0081.wav,আমি একদিন খেলে দর দিন গেছি না আমি তো কোনো পর সিক্স সেপোরেশনের মুহূর্তে এই সম্বন্ধে তৎকালে খেলার নাই দেয় আমি তো বড় ফেলা পেনে লেগে থাকতাম না আমার তা হাইড বেশি দেখিয়া নারিলিয়া ক্লাস ফোর পর্যন্ত খেলার নাম দিতে চাচ্ছি না ফাইভে যাচ্ছে জুল্লার ফাস্ট প্রেস লিড
/kaggle/input/regspeech12/test/test_chittagong_0035.wav,ওরে আব্বাই বেড়ালে হোনিংকে চাইতে না পারি ছেলে বিলি ব্রাহ্মা অধিক জানিয়াতে ক্যানসেল করে দেয়
/kaggle/input/regspeech12/test/test_kishoreganj_0154.wav,গোলাপি রঙের মতন
/kaggle/input/regspeech12/test/test_narsingdi_0014.wav,বাউন্ডারি হয়ে যায় ওরা চোখ খেয়ে দেখে না অর্ডারে রান দেয় আবার বাউন্ডারি না হলে অর্ডারে চার দিয়ে দেয় ছয় দিয়ে দেয় এইরকম অবস্থা দেশে একটা রিভিউ সিস্টেম ওরা ম্যানেজ করতে রে না ওরা নস্য কোটি টাকা দিয়ে কি করবে
/kaggle/input/regspeech12/test/test_sylhet_0176.wav,এই তো বাড়ি না কিন্তু বাড়ি কালার মেয়ের বিয়ে হয়েছে কই শাহরানে আস্ত না রেহানার নাম দুরাহিত রায় নগর বুঝছি তারার বাড়ি যাই না যাই তারাও আইন কি বা
/kaggle/input/regspeech12/test/test_sandwip_0072.wav,বোর্ড জোর করে একে জি গুলা চক্রে বা ব্লাড টেস্ট করার দরকার সব তৈরি কেবে নুকুলার মেশিনের বা ফাইলে যদি কুনো সমস্যা ধরা খায়
/kaggle/input/regspeech12/test/test_sylhet_0432.wav,তোমার বোন কোথাকাল হয়েছে এখন একুফোর্স হবার রাস্তার দিকে একটা টানি গুহার হয়
/kaggle/input/regspeech12/test/test_narail_0078.wav,রাজবাড়ী ফরিদপুর বিশাল আয়োজন করে গিয়েছিল
/kaggle/input/regspeech12/test/test_narsingdi_0095.wav,কোকো মেলানের জিনাস
/kaggle/input/regspeech12/test/test_rangpur_0066.wav,ওই যে মোর কাকু নয় যেটা তো ভাই
/kaggle/input/regspeech12/test/test_tangail_0047.wav,ইরফান খান খাইতে নেয় পরে ইরফান খান আবার লাফ দিয়া পানিতে যায় ওর একটা আবার আলাদা ই আছে আলাদা ভাষার ভাষ্য থাকার জন্য আরেকটাই রাখছে যেহেতু ও বুঝতে পারছে যে বাঘ যেহেতু
/kaggle/input/regspeech12/test/test_sylhet_0541.wav,খাইয়া হইয়া দুপুরে ভোরের রেডি আসরে তিনি দেশে তাহলে ইয়া গেছেন আমি আর মা থাকিব তার পরীক্ষায় তার সকালে লুটে উঠেছে কি বেশির ভাগ মানে কমই গেছে না হুম হুম সেভাবে গেছেন নামানো পরে লটারি আমরা পাইছি দুইটা
/kaggle/input/regspeech12/test/test_narail_0019.wav,সেই সময় কেউ চলে না ও সব কথা শুনতে ইচ্ছে না ভাই আজকে মা মারত না শুধুমাত্রের বউ মত্ত না এটা সত্যি কথা
/kaggle/input/regspeech12/test/test_sylhet_0090.wav,বই তো মানে এমন এক পরিবর্তন হচ্ছে অনেক পরিবর্তন হচ্ছে আমরা যে বই পড়ার চিকিৎসা নিই
/kaggle/input/regspeech12/test/test_tangail_0095.wav,কিন্তু থাকি না মনে ওই আশা নিয়েই থাকে যে ইমান আসবে কিন্তু অনেক দিন যায় ইমান তো আসে না রণবীর কাপুর শকিনার জন্য খোঁজ নিতে যায় ইমানের ঐ শহরে কিন্তু কাল মানে কেউ চিনে না এরকম
/kaggle/input/regspeech12/test/test_chittagong_0118.wav,মাতা চল দিস রূপ দিল ও গোপাল্লা হইতিস ইতিহাস হত বুঝাবুঝাইতে আরে আরে হয়াইতে নাহিত্যা এখন এসে ফোনটা একবার নৌডুকি এটি আলো ছটফটের আয়োজিত কিন্তু পাঠদায়
/kaggle/input/regspeech12/test/test_kishoreganj_0184.wav,এলো তো হলো এলো না ওয়াই ইদার এলো এলো এলো তো হলো রাইলি পরীক্ষা করে বানান না
/kaggle/input/regspeech12/test/test_habiganj_0041.wav,ইতারে বাইবইন্ডে পরানী জীবন সম্ভব না অইন্যতা ফরাইতে আমার মাতা কয় দুটি অইন্যতারে ফরাস্তি বালা হইল আর ইতারে ফরাইতেলি তর জ্বালার যন্ত্রণা বাইরে জাগা নিজের ভাইবইন্ডের প্রতি একটু খেয়াল নাই ই তারে আমি কি তা ফরাইতা আমি তার কথা উল্লে আমার রাগুতে জাগা কৈ একটা বুঝে আরেকটা এমন রাগুটে
/kaggle/input/regspeech12/test/test_kishoreganj_0030.wav,এটা না করতে চাই নিবিড় লাগে আমাদিগের তো সবসময় হৈচৈ মাইক স্যাক বা দায়ী দায়ী বিভিন্ন কিছু বিনু ক্যাম্পাসার মাইক স্যাক বা দ্যাশে বিনু গাড়িতে চব্বিশ ঘণ্টা মারামারি লেগায় ছিলেন
/kaggle/input/regspeech12/test/test_barishal_0095.wav,বউ পোলা হা রে সংসার দেবে সারা বেলার দিকে আমি তো দেখি বুঝি সারা বেলা কৈশিগী খালি কিছু মনে কিছু করেন না ভাই হায় ওই আমি অমনিল্লাহেন
/kaggle/input/regspeech12/test/test_sylhet_0375.wav,তাইন টাইনোর কাপড় সুপার নিজে নিজে দুই লাখ তাইনোর খাবার দাবার দর আমি রাত দিয়া রাখলে তাইনো লইয়া খাই দিতে পারে ও ও কাজটা তাইনোর দুই বাইয়াসি স্টুডেন্ট তারারে আমি কহি যাহ তোমরাও পড়ো আমিও পড়ো তোমরা যেরকম স্টুডেন্ট আমিও স্টুডেন্ট
/kaggle/input/regspeech12/test/test_sylhet_0455.wav,নামে একা জুজুসি না রে বাবা মানে তারা আমার তো মনে হল আমার সম্মান করে একিল অভিযাগ যেহেতু যে আমার আম্মা তারা মা মা সাফিন সহ আমার যদি হুকুয়াইটা আমরার বাড়িতে বেড়ানিতে এইটা আমার আম্মা তারা শুভ্র আগে কিটা না তা না না তবে এটি সুসিল্লা সিল্কে হউকাওকে করে আমার আব্বা মাসা সেন্টার অনুরাহিত আমার উপরে
/kaggle/input/regspeech12/test/test_narsingdi_0039.wav,বাড়িতে দানের আগে কমুনা মোড়া বানাইতেছে নিজে কানেন্টা বাড়ি মারা গেলেন কারণ এই বর্ণের মধ্যে কারণ থাকায় একটু বরফ হয়ে যাইতে থাকাইতে থাকাইতে থাকায় বিদ্যুৎ অফিসের লোকেরা পাইসো জীবন করেন আনুপাতিক হারে কারণ যাইবেন
/kaggle/input/regspeech12/test/test_chittagong_0049.wav,গড়ত হালকা হাম গরিবের লাইয়ুলদের বোদ গেল হাইতাহাইতানার রঙ্গ পড়ে ওর বাড়িতেও যে আন্ডার দ্বিগিন হাম কিয়াদি কিল্লি করতাম কিয়াদি বিয়ে দিয়ে আন্ডার হাম কিয়াদি তার না
/kaggle/input/regspeech12/test/test_habiganj_0030.wav,এইখানে নাইছে উঠে অস্টিলের মধ্যে তোমার ধর্মীয় হাজ করতে তোমার অত অসুবিধা লাগে না তা তেমন কোন অসুবিধা লাগে না এর পরে তো পুরোপুরিভাবে করি না করতাম পারিও না
/kaggle/input/regspeech12/test/test_tangail_0094.wav,কোনো এক পরে ব্যবসার খাতিরেও অনেক দূরে যায় কিন্তু সুনাম কাপুর আবার রিমান্ডে প্রথম দেখাতেই পছন্দ হয় আরোয়ার জন্য সারা জীবন অপেক্ষা করতেও রাজি কিন্তু ইমান্ত ব্যবসার কাজে যায় অন্য শহরে ওর আর কোনো খোঁজ নাই
/kaggle/input/regspeech12/test/test_sylhet_0475.wav,কিন্তু আমরা জীবন নিয়ে বাড়ি বৈনিক মায়ের কাছে যাই তার ইন্টারনেট করেছি ফ্যামিলি অভিযাগ অসুস্থ আসলাম আমি একটা মাস আমি কথা বলছি না মানে কোথাও বুঝি না বলতে কিন্তু দিন দুনিয়ায় আমি যাচ্ছি না যেন দুনিয়ায় তাসিনা মর্ষিতাম জানি না মানে এক মাস পরে জানি আমি দুনিয়াতে বাড়াচ্ছি
/kaggle/input/regspeech12/test/test_narail_0179.wav,রাত্তিরি কি খাইছো তোমরা রাত্তিরে আমার বাবার হাতেই হাতে এগারটা সাড়ে এগারটা কোনোদিন বারোটা হয়ে যায় ওই ডাস্টব্যানের হাতে এগারটার সময় দোকান আছে
/kaggle/input/regspeech12/test/test_sylhet_0653.wav,ইন্ডিয়া তো এটা গড় বানাইয়া গুণ আর্থিক শিবির দিত কথা মানুষ রাখা হারা হাওয়া দাও তো কষ্ট হচ্ছে
/kaggle/input/regspeech12/test/test_chittagong_0002.wav,মানুষ হলে নিজের মানুষ মাত্রিক কারণে মাতিয়াইছিলে হান্না মাতিলে নিযুক্ত খারাপ লাগে হুডেইনে মাতিলে আল্লাহ কি আর চল্লা আল্লাহ থেকে এখনো হারান দিয়ে গেল
/kaggle/input/regspeech12/test/test_sylhet_0621.wav,তো আসেন নাই তারা তো তার ইনজেরিন আছে না জেরি রিভার্স দিত মেড তাই তো আইএস করে রাজ্যিকিটা মেডিকেল আবার দিচ্ছে হইছে না কোনো জিডেন্টাল দিত নার্সিং হবে দিত
/kaggle/input/regspeech12/test/test_habiganj_0037.wav,আমি হই না আমি কই দিলাম লবণ এর ফলে ক্ষয় যাহ তোরে দিয়ার মাংস নাম দিতাম না তুই আজকে তোর হাইড্রি বাদ করছ
/kaggle/input/regspeech12/test/test_habiganj_0042.wav,বাপ মার সব পরামর্শ বা যেটা মার মতামত সবগুলা ভালো লাগেনি
/kaggle/input/regspeech12/test/test_sylhet_0015.wav,উদাসীয় শরীরের সবাইরে পোশাক অত্র এলাকার যেত মানুষের সবাইরে পোশাক খাওয়ানা হয় কেউ কি সিডিও খাওয়ায় কেউ ধরেন মিষ্টি জাতীয় জিনিস একে জাতীয় জিনিসের গুলা খাওয়ায় উসব আনন্দ উষ্শক ধরেন গান বাজনা নিত্য যে চা পাড়া সাংস্কৃতিক অনুষ্ঠানে এগুলা হয়
/kaggle/input/regspeech12/test/test_rangpur_0049.wav,তাই চারটা কয় তোমরা খাইয়া চৌচুর্য কয় দিলাম নাই তোমরা যাও তো কী করে গেছিলে নাও এলা আমরা কওয়া হামরা খারাপ হচ্ছি
/kaggle/input/regspeech12/test/test_narail_0121.wav,না ওরে সাইন্সার বলি যাব শেষ পেয়ে আজ গো কথা হল সাইন্সার বলল ভিত্তিটা ওরে দিয়াও
/kaggle/input/regspeech12/test/test_rangpur_0062.wav,ঐ যে একবার হলেও সাধের মধ্যে কি ওরে আল্লাহই যে সাঈদী বসিয়েছে
/kaggle/input/regspeech12/test/test_sylhet_0712.wav,মানে যা হয় না নেই যার তিনজন আমরা তিনজন আপনারা তো হইলে একসাথেই থাকবেন
/kaggle/input/regspeech12/test/test_noakhali_0014.wav,ভারতের আনন্দে না ভ্যানে পড়বে লাবোর গাবালা লাফিল গায়ে হাতলা লাফিল দিলে আগুন ধরিয়ে দিলে
/kaggle/input/regspeech12/test/test_kishoreganj_0060.wav,আরে ফালতাতে না ভাইস না আয় ফাইনিকে লেজারে দেখাচ্ছে সাউনিকেরা কোন চাকরি যায় না
/kaggle/input/regspeech12/test/test_habiganj_0034.wav,আমি তো শুরুতাত্ত্বিকে খালি চাইতাম রানতাম রানতাম তখন আমার মা বেশি শুরুতাত্ত্ব দিত না শিক্ষ তাত্ত্বে তো আমি চাইতাম হালি রান্তার রানতাম মোহন আমার মায় দিত না হয় তুই এত পুঁড়িয়া মরবে রামদাত গিয়া আমার লিগে আরও দূর বাড়াইবে কিন্তু আমি চাইতাম হালি রানতাম রানতাম এর পরীক্ষা হইতে মাঝে রান তো আমি হালি বইয়ে ভুইয়া দেখতাম
/kaggle/input/regspeech12/test/test_sylhet_0453.wav,আমার ছোট আর দুইজনের বিয়ে আছে তাই মামা মা ছোট তো আমার বুঝা যায় না
/kaggle/input/regspeech12/test/test_sylhet_0373.wav,আর এখন পর্যায়ে পরিস্থিতি মানে শিক্ষাধিকার দিকে মাঝে মাঝে আপসেট হই তারপরও আবার মানে আল্লাহর প্রতি যে বিশ্বাস নামের ফিরাইয়া আনে যেন আপসেট হওয়া যাবে না
/kaggle/input/regspeech12/test/test_tangail_0034.wav,আসলেই যার সাথে লেখা থাকে তার সাথেই আবার ঘুরে ফিরে একটা মিল হয় এখন আমি আরেকটা স্টোরি শেয়ার করব সেটা হয়েছে লাইভ পাই
/kaggle/input/regspeech12/test/test_chittagong_0113.wav,ফরাই ছাড়া মিথ্যেমত ফরাই অতিরিক্ত অয়েনড্র অতি গরমে ফাটাই ফেলার যে গরম হার হতে হবে হার হতে হবে হারি না পুরান দেয় দুলনাক সরিয়ে দেয়
/kaggle/input/regspeech12/test/test_sylhet_0367.wav,আমার কাছে একটা জিনিস সবসময় মনে হয় আমি অপটিমিস্টিক আমি আল্লাহকে বিশ্বাস করি এবং আমি দেখছি আল্লাহর প্রদেপদ আমাকে অনেক সহযাগিতা করছে নিশ্চয়ই আল্লাহর একটা মানুষকে যখন ফাটায় তার রীজিকের ব্যবস্থা করিয়া দেয় এবং আমি আমরা হাসব্যান্ডের দুর্যোজনেই
/kaggle/input/regspeech12/test/test_narsingdi_0137.wav,ই তো যাবি এদিকে অনেক টাকা লাগে
/kaggle/input/regspeech12/test/test_tangail_0004.wav,আর ফ্রেডির সামনের দাঁতগুলো ছিল একটু বড়ো মানে আমরা যে স্বাভাবিক মানুষকে দেখা যায় না বাইরে থেকে কিন্তু ফ্রেডির সামনের উপরের দিকের দাঁতগুলো ছিল একটু উচা আর বড় তাই মানে দেখতে কঠোর লাগে
/kaggle/input/regspeech12/test/test_sylhet_0297.wav,গুরুত্বপূর্ণ কিছু না জাস্ট তাইনো হ্যাপি থাকলা তাইন্য যদিটা পেমেন্ট করতে পারেন প্রপার্লি তাইন্য হ্যাপি থাকলা তাইন্য গিফটও দেওয়া হইল বাবা মাও খুশি থাকল সামাজিক যে সংস্কৃতি অগ্রহ পালন করা হইল
/kaggle/input/regspeech12/test/test_chittagong_0138.wav,তুরে যদি একটাম হই ইটার হবুদের মানুষ লয়ে যাও তাহলে ইটার আনিব ইটার আলো তুলা লাগে ইটার গর্ত কিন্তু আইনাভারের ফলে তুরা হাসির এক অ্যাঙ্গারে পাঠায় কিছু হল আয়াত কীরগুণ
/kaggle/input/regspeech12/test/test_narsingdi_0016.wav,এই হল দেশের পরিস্থিতি বিচ্ছ অন্যান্য দেশগুলোতে দেখ অস্ট্রেলিয়া দেখ নিউজিল্যান্ড দেখ এক মিডলস্টার অস্ট্রেলিয়ার খেলতে বলের কী গতি নানা মত ইংল্যান্ডে দেখ জেম স্যান্ডারসন
/kaggle/input/regspeech12/test/test_sylhet_0551.wav,আর আমার বাসার সব চার বছরের বাসাতে বেশি হবার আমার ফোন সারা দিন ইলাল আছে বলে তাড়াটা কহিলাম যে আমার মাকে পারতেন ফোন তো তিনটা সেক্রেটের ফোনের কথা দরকার আছে লাডিও কমাইয়া নিবে প্রেস হারে স্কৈরাল স্যালারির কোনো বিষয় না এসে লীলার নিলে তো সবেও হইবে
/kaggle/input/regspeech12/test/test_sylhet_0022.wav,তার ভিডিও অনুসারে পূজা করার পরে মার হাসেজ অঞ্জলি টাইমের সময় মাইকেল হাউস করে আমরা গিয়ে অঞ্জলি দিই এবং পূজা করা এই সপ্তমী পূজা পূজার পরে এখানে প্রসাদ খাওয়ানা হয় মানে ঘরে আমরা খুব বেশি আনন্দের প্রসাদ খাওয়ানা হয় তারপরে ধরেন কিছুরি কিছুরি খাওয়া সবকিছু সপ্তমী পূজা
/kaggle/input/regspeech12/test/test_narail_0006.wav,মনে করল তা আসত কত তাই শুনত মানসির স্বাম তুমি ঘরের রত্ন খবর আমরা কি তোর বাবাকে কই চেনে কি যেই জমিতে এই জমিতে ওই এসব কেন কইচেন কি আমরা জানব জমিজাতিরা খাইছে কিনিসে এই জমানে গেলে জমি দান আইনটি একজন কিনতেছে
/kaggle/input/regspeech12/test/test_tangail_0071.wav,এটা বরুণ দাওয়ানের একটা মনে একটা জায়গা করে নেয় পরে বরুণ দাওয়ান ডেইলি কাজ শেষ করে হাসপাতালে যায় শিল্লির সাথে দেখা করে অর্মানের যে কোমায় যে গেছে মানে সেন্স যে নাই পরে ঐ সেন্স ফিরিয়ে আনার ট্রাই করতে থাকে
/kaggle/input/regspeech12/test/test_rangpur_0091.wav,ইলিশ মাস ইলিশ মাস দেখেছিস কুড়িপালু ইলিশ মাস কায়েন্সে তো ইয়া মদ জানি চলছে তো ভালোই নাকি কোনো ঝুড় ঝামেলা নাই ঝুড় ঝামেলা নাই
/kaggle/input/regspeech12/test/test_sylhet_0151.wav,যারা কি তা করে ওখানে পড়ালেও আছে তুমি পুরুজনক বিয়ে ফাইনাল দিলেই বিয়ে দিয়ার বাদে বিয়ে হইল খান বড় জনের নাঈম পঞ্চিত হাসুন শালারা পারিবারিক কোনো ব্যবসায় আছে
/kaggle/input/regspeech12/test/test_sylhet_0697.wav,তিন ছেলে তিন বউ তিন বৌ তিন যে অর্গরো তিনটা তিনটা দুইজনের গোটা আরেক
/kaggle/input/regspeech12/test/test_chittagong_0076.wav,সাঈদ বেসরকার ললে টেনশন না সরকারের মতো পার্টানো সরকারের মতো পার্টানো সরকারের মতো দলিত তুই ছাই সল্লাও এরা করিবে আনাড়িত আশ্চর সাজে করে খুঁজু সরকারিত মনোবিজ্ঞান আছে তো
/kaggle/input/regspeech12/test/test_sylhet_0230.wav,বাদে হইল গেল ওটা করতে হতে প্রথম অনুষ্ঠান যে আমার বায়ের যে না করিয়া দিছ না দেখি আর একটু দেখি রেজাল্টাকে আমরা বারো প্রত্যাহ্ত হইয়া হইয়া বাদ দিছি তারা রে বিদায় করিয়া
/kaggle/input/regspeech12/test/test_tangail_0118.wav,সবকিছু মিলে কিন্তু এখন একটা জিনিস ভালো যে শুধু প্রধানমন্ত্রীর ওপর ডিপেন্ড করে নাই দেশের সবাই যে চার জায়গা থেকে হেল্প করার জন্য আগায় আসতিছে এখন ডিসেন্টলি দেখতেছে কিছু ব্লগার রাফসান্দার ছোট ভাই
/kaggle/input/regspeech12/test/test_habiganj_0048.wav,আমি গিফট পাইছি সে সুরি পাইছি হানের পাইছি জামা দিছে ফুতুল আছে না শুরুতাকে আমারে ফুতুল দিত বেশি খাসের ফুতুল
/kaggle/input/regspeech12/test/test_kishoreganj_0181.wav,অরেঞ্জ তখন এলাকা হল তেলাতে হলুদ তেলাতে হলুদ তেলাতে হলুদ তেলাতে হলুদ
/kaggle/input/regspeech12/test/test_narail_0080.wav,আমি কি তোরা বলেছি আমি যদি অখুশিই হতাম তা আমি কথা বলতাম না আমার সে শুদ্ধ ভাষায় কথা চায় আমি তো কালের বাসার লাকজন দেখতেছি আমার মন না ডুবে হয়েছে
/kaggle/input/regspeech12/test/test_habiganj_0082.wav,লিভার ক্যান্সার করে বাস্ট মেনে মারা যাওয়ার আগে ব্লাস্ট নাচেন তিনি মারা গেছেন তাই আর দুই ভাই এক বোন ডাক্তারি ফরাসিয়া সামান্তানিক ডক্টরেন্ট সুটিটাল আর
/kaggle/input/regspeech12/test/test_chittagong_0065.wav,আয় তো এই সিদ্ধে মাত্র তিন দিন আরও হওয়া ভিন্ন লাগব না বিয়ে শেষ নয় আয় আর বিয়েলে নয়তো বিয়ে আছে বিয়ে নহে না এত খুব জিজ্ঞাসাবাদের সিদ্ধি
/kaggle/input/regspeech12/test/test_kishoreganj_0076.wav,নামাজ কোনো জানা আছে সুই তুমি যে নামাজ কোনো জানাচ্ছ
/kaggle/input/regspeech12/test/test_sylhet_0294.wav,প্রশ্ন চিন্তাবাজার আহ্বাস্তুর দরকার আছে আমি আমার এক্সপ্রেসার লইয়া আইলাম আওয়ার করে তাই লইয়া গেছেন গোল্ডের দোকানে আছে তাই না মানে রিং দিবা তো গেলাম গোল্ডের দোকানেও গোল্ড কিনতাম
/kaggle/input/regspeech12/test/test_kishoreganj_0201.wav,সানি সানি দুজিয়া মস্তি দেব বোকা চেপাচা দিয়ে দুজিও তুমি কি কত বছর বেশি আরিজ হোসানে বিল টালাবাঙ্গুরে কি উৎপাদন করা হয় বিদ্যুৎ
/kaggle/input/regspeech12/test/test_rangpur_0076.wav,এলা তো ওই যে ইয়ার বলে
/kaggle/input/regspeech12/test/test_sylhet_0663.wav,তাইনি খালা লাগবে তাই না তো খালা হও না কোথায় আমরা না জিয়াই তেমন কিরক্ষিত এখন না তাইনি লেগে মাত্রিক স্যার
/kaggle/input/regspeech12/test/test_barishal_0003.wav,দেখি না চোখে দেখি না চশমা ছাড়া খালি দেখি বৈশ্বের সাহেব ওয়াকার কথা কহিলেন যে ঐ মাইরে গরু করে ফ্যান দিছে মাইরে দেনা ফ্যান এই উত্তরবঙ্গে কালকে নেড়ে দেয়া হয়েছে না নেড়ের কারণে বাস্তব
/kaggle/input/regspeech12/test/test_rangpur_0074.wav,তোমার বাড়ির ধারা রাতে হচ্ছে টাকা আমরা একদিন একটা খুশি দুজনেরই একটা দেনো
/kaggle/input/regspeech12/test/test_narail_0036.wav,ওই দ্বারে খাল খুলি কাগে দাগা
/kaggle/input/regspeech12/test/test_sylhet_0705.wav,তিনি এখন ও আপনার ধর্ম হিন্দু সনাতন ধর্মাবলম্বী মানে কতজন আশ্রয় নেন
/kaggle/input/regspeech12/test/test_sandwip_0100.wav,তারা কেমন নাই যে তুমু খরচ করছে এবং দিয়ে লাহার কত খরচ করছেন হিসেব করেন তাই নিয়ে এলাম তো শেষে এগুলো হচ্ছে ঠিক আছে সরকারি চাকরি করা দাও মহানন্দে ঠিক আছে
/kaggle/input/regspeech12/test/test_narail_0145.wav,তা তো অবশ্যই কি বলো তুমি এখানে আসবা সন্ধ্যার সময় আসবার আয়েত থাকবা পরের দিন ভোরবেল আমরা দুজনকে এনে বেড়া পৌঁছে বেরোব
/kaggle/input/regspeech12/test/test_sylhet_0217.wav,এবং আমিও ধরছি যে হাউস ওয়াইফ এটা তো আমরা জন্মগত একটা পেশা আমার মায়ার হাউস ওয়াইফ আমার দাদি আছেন হাউস ওয়াইফ আমার বাবিরারা দেখিয়া হাউস ওয়াইফ আমার বৈনের চাচাত্য বৈনেন খালাতো মামাতো বৈনেন সব হাউস ওয়াইফ আমিও মনে হয় হাউস ওয়াইফ করিম
/kaggle/input/regspeech12/test/test_chittagong_0169.wav,তাহাই দেখা নাকি অন্য কিছু কি রে তোর বড় ফুফি বা বানাস না
/kaggle/input/regspeech12/test/test_narail_0009.wav,আমি বললাম যে কী হেরেছেন টা পয়সা টা পয়সাতে আমরা পাইছি দশ হাজার টা শুনলাম যে এত কত ঠা দিচ্ছে আমাকে চিকিৎসা হতে ঠা বসা তালে কি আলো আপনি খাইছেন নালে আমরা খাইছি কোথালে তুই লাইনে থাক আমরা লাইনে থেকে মনের সাথে কথা করো
/kaggle/input/regspeech12/test/test_sandwip_0118.wav,হেতে পাওয়া আইয়ে পর্যন্ত সবকিছুর মাস্টার হসে যে এনে সের জন্য হসে মানে কোনা দিয়ার পাখি থোনো একে হামলে ডেহামলে ঢাঙ্গে স্টুডেন্ট হেতে এসে বুঝায় আজ বাবার মাইন এলে একা এক গ্রাস বাবার কোর্ট
/kaggle/input/regspeech12/test/test_tangail_0067.wav,মানে বসতে গেছিল ওর সময় মানে পিছলে যায় নিচে পড়ে গেছিল আর কি একদম নিচে পড়ে যায় কিন্তু মানে পথ মানে পড়ে যাওয়ার ঠিক সময় বলে গেছিল যে হোয়ারিস ডান মানে বুরুন ধান কোথায়
/kaggle/input/regspeech12/test/test_sylhet_0128.wav,আর প্রতি মাসের ধরে মেনাদের আমরা বেতনও দিব সাবান সুতারের চাইতে লাগিয়ে সত্যও মেনাদেরে দিব খুঁজে খাওয়া যেন সমস্যাটা নেই না না তাই না
/kaggle/input/regspeech12/test/test_chittagong_0013.wav,শান্তরাব্দ আগের তীর্ণ দিতামাহান যুগ্ম সাহিত্য হইতে আরও দুয়ানুযোগ্য দেবে তা দুয়াটা দম করিবে বেচ্ছারি লাঙ্গাইবার জান্না করিব না কী ওষুধ যাচ্ছেন সেলা ইয়াকা নামার সহিত হিহার আরও তিন মাস হাতে তিন মাস হাঁটসা বের হওয়া বন্ধ রোধের
/kaggle/input/regspeech12/test/test_rangpur_0089.wav,একশো এগারো বছরের সাথে এলাইয়া রোজা আছিস তো নাকি কী বিভাগ খাচ্ছিস ভাত কি দেখেছিস
/kaggle/input/regspeech12/test/test_sylhet_0617.wav,তো এখন কি তা তাড়িনি কেন আসেনি তাই যা খালকে শনিবারে আইসি আঙ্কেল তুমি এখন মানে সবকিছু বিস্নামাজয় না তাই না আজকে সকালে উদ্দেশ্যে আসে
/kaggle/input/regspeech12/test/test_sylhet_0127.wav,বুঝছি তার এম এ দেখাশোনা কে করবেন দেখাশোনা ম্যানেজার আছে ম্যানেজারের প্রতি মাসে কুইন্টি টিকিটের হাত তুলে নিব
/kaggle/input/regspeech12/test/test_sandwip_0022.wav,অনাঘর রয়ে গেছে তাহলে
/kaggle/input/regspeech12/test/test_comilla_0002.wav,গুলির সামনে বুড়ি আমরা নব্বই পাঁচানব্বই হাজারের উপর আমার চাহা আমরা তো গরি স্বর্ণ একটা রূপই ভালো কিন্তু তো না যে অবস্থায় স্বর্ণের দাম পাঁচানব্বই হাজার বুড়িয়ে থাকে আমরা কি করে মেরাটা দাম খেলে বাড়ে খেলে বাড়ে খালে বাড়ে ছয় হাজার চার থেকে আশি হাজার আশি হাজার নব্বই হাজার নব্বই শো ধারা আমার মনের থেকে এক লাখ হয়ে থাকে
/kaggle/input/regspeech12/test/test_kishoreganj_0131.wav,হরেক রকমের ফল এদেশে ফলে হরেক রকম ফল এদেশে ফলে অনেক রকম ফল
/kaggle/input/regspeech12/test/test_barishal_0051.wav,গরুর মতন খাড়ে তাই এবার আর তো একটা জীবন মুই পাঁচ দিনের দশ দিনের মাথায় যদি একদিন জিরেইনে বয়ে থাইনে হেদনা গদিনে মৌরি মনে করেন রেসপার্শালাইন কস কষ কস্কস করতিস হারাদিন হাইয়া তো মুই মনে করেন ভাল্টেই নে
/kaggle/input/regspeech12/test/test_kishoreganj_0141.wav,ডায়রিয়া মতো বিভিন্ন চর্মরোগে আক্রান্ত হয় কীটনাশক মাটির দূষণ কি করেছে
/kaggle/input/regspeech12/test/test_narail_0141.wav,আমার সতীন ভগ্নিপতি কোণে না তুমি হাসিবাহী দোস্ত এ কিনতে হবে না
/kaggle/input/regspeech12/test/test_sylhet_0156.wav,টেলিগ্রাম আছে আর টেলিগ্রামও কি তাহলে দুই শব্দ দেখাইতে হয় এখন বহুত বালা জিন্দি গিয়েছে কি এলাকা কি রকম আছিল সময় কি এলাকা তাতে পাইল জঙ্গল আছিল
/kaggle/input/regspeech12/test/test_tangail_0003.wav,ওরা তোর ভোকালের তৈরি মানে বুঝে আর কি কিন্তু ভোকাল তো একটা মেনেই থাকে না পরে ওরা নিতে চায় নাই কারণ উয়ার আগে গান টান করে নাই
/kaggle/input/regspeech12/test/test_rangpur_0009.wav,গুরু বেটা তোমার মা ছাড়ি যে লাভ কী আসবে নাকি আইটাও পাচ্ছেন না
/kaggle/input/regspeech12/test/test_sylhet_0358.wav,কারণ আমার যে আমি কই তুমি আর আমি যখন ড্রিম টার্গেট সেট করছি তখন কিন্তু অল আর হাউজ ওয়াইফ হাউজ ওয়াইফ তো হইমুল এটা তো আমার টার্গেট আছেও পাশাপাশি আমার একটা পেশা দরকার
/kaggle/input/regspeech12/test/test_narail_0186.wav,আমি তেইশ চব্বিশ তারিখে যাবার তো দিদিমা কেমন আছে আছে কালকে যে সন্দেশ সন্দেশ খাওয়ায় আসলাম কালকে মীর জাফরকে ছিলাম আমি আইসি আসছে আজকে সকালে কালকে সকালে আর কি পরশুদিন কি ছিলাম
/kaggle/input/regspeech12/test/test_narail_0111.wav,খুব সম্ভবত খুন নাই কী শুনালে তুমি কী করলে কারণ অঙ্কুর শিরে নিয়ে কালিয়ায় তো একটা বছর কালিয়ায় থাকব ফাইভে দেখতে দেয়াব কারণ শাহিন চারুভাড়া নিয়ে খুব স্বপ্ন বুঝিস
/kaggle/input/regspeech12/test/test_sylhet_0213.wav,নতুন নতুন ভুটার বর এটা দেখিয়া নাম দেখিয়া আমরা বাই বলেন তো খুব হাসতাম এত বিদ্গুটে বিদ্গুটে নামাই তো এটা হরিমুন্নেছা কদুরন্নেছা কিতার বা কিতার মা ও তার সিন্ধারের নাম
/kaggle/input/regspeech12/test/test_noakhali_0022.wav,হলো এখন বিদায় স্যার
/kaggle/input/regspeech12/test/test_chittagong_0136.wav,রুমি আফরানের পন্থান অজায়িতের হত্যাও নিয়ে রেখেছে আজ রাফো হত্যা তুই আইস না হুদাই আয়নজায়ূম হয়তো কিলার নজর বি আয় হদি আছে যে মনে হস হয়তো যদি বেশি থাক না আমি নগরীস বেশি সেই হট
/kaggle/input/regspeech12/test/test_narail_0114.wav,তুমি থাকবা সামাদ্দারে ভাইভে ব্যক্তি পরীক্ষাটা হলে দিয়াবত দিয়ায়তের খুলনা জিলা স্কুলে বা পাবলিকি বা নৌবাহিনীতে যে কোনো একটা সব করে দেয়াবে ওরে কোথায় ভর্তি করাতে হবে সেই দায়িত্বা বলে আমি নিজেই পড়াব
/kaggle/input/regspeech12/test/test_chittagong_0042.wav,আম্মা ওগোয়েনে আর ফেনে ফেনের ঘরে এখন একদিন আবে আম্মা বলিয়া থাকবে দিবু জুস্মা তোর না হয় কিছু আঁটি দেখিম ইউটিউব করি গা গা গাড়ি কি
/kaggle/input/regspeech12/test/test_comilla_0007.wav,ওর মানে প্রথমে বের হয়ে গেছে দুলনার মধ্যে বসার জন্য দুলনা এটা সবটা কথা আমি রুহির মুখেই শুনছি যে ও দুলনাতে যে প্রথমে বসতে গেছে তখন ওর সাথে ছিল ওর আরেকটা ফ্রেন্ড ওই ফ্রেন্ডটা আবার ওর মানে একদম ক্লোজ একদম স্কুলের প্রথম দিন থেকে ওর সাথে বন্ধুত্ব হয়েছে
/kaggle/input/regspeech12/test/test_chittagong_0145.wav,হ্যালো কি রেচুরা হন্ডে হয়তো তথো নু নু হ্যালো না বিলেসোলা আসোস
/kaggle/input/regspeech12/test/test_narsingdi_0105.wav,কফি বানাইছি রামাল কফি পরিকপির রামাল আয় সিদ্ধান্ত ছাড়িয়া ছাড়িয়াছে জেলিয়ে দিয়েছি জেলি গোতান সিলিতা জাস জেলি আরোই হেডে কি আছিল কাপের মতো দেখা ছিল এদের ফাস্টের ফুড ইন্ডিয়াছেন না বাচ্চারা খায় মেঙ্গু বিনি
/kaggle/input/regspeech12/test/test_sylhet_0280.wav,আর একটা হইলেও গিয়া তোমার উপযুক্ত বসিল ঐ লেভেলের মানুষও তখন আর নাই একটা পাবলিক বার্সিটি থেকেই ফাঁস করু একটা মেয়ের লাগিত ওলার লেভেলের পুরুষ লাগব যেটা গ্রামের মধ্যে এভেলিবল না আর আরেকটা জিনিস হইল গিয়া তখন গ্রাম তো গ্রাম আমার মা
/kaggle/input/regspeech12/test/test_sandwip_0060.wav,আশি পর্যন্ত শাড়ি ফুলি গৌমার গাকি হাতু লুকিয়েছে অনেক ব্যথা বিশ্বক বাবা কেন থাকুন শাহেন ইন্ডিয়া দেখি গৌরম আর হিন্দের না হরিয়ান হিন্দু দিলে আবার হিন্দু খুলি যে কদিনের তিকি খাবার খালে শারীরিক ক্ষেত্রে শ্বাস হয়েছিল
/kaggle/input/regspeech12/test/test_habiganj_0107.wav,উনিশ তারিখ শুরু ইসল আর শেষ হবে এক তারিখ বুঝার মধ্যে আবার কিছুদিন পরীক্ষা চলবে তো আজকাল যে পরীক্ষায় তাছে পরীক্ষা অন্য এক সমার্কের সাধারণত পরীক্ষা হয়ে থাকে
/kaggle/input/regspeech12/test/test_kishoreganj_0134.wav,কলা কাটাল কলা কাটাল আম তরমুজ পেঁপে কলা কাটাল
/kaggle/input/regspeech12/test/test_sandwip_0131.wav,এমনি বাকি জীবনের হ্যাসার দিল্লি নিতে হইবে এবার মেয়েটি খুইকে যদি খারাপ রেজাল্ট যদি মস্কারায় পাহাড় করা যাবে না তো তেরাতে তেরাতে বাপে ক্ষমতা হয় আর তো দরবার কোন রাজা তেমনি নিরাজা তাঁর আরেক তো নয় সুধারা একদিন আরো কহেন যাই মুচি হরা লাগানো করলে বিয়ে দিয়ে লাগেন আসলে আমার নাহি এলাই করছেন দিয়ে লাগেন যে
/kaggle/input/regspeech12/test/test_rangpur_0102.wav,কিন্তু চোরের সাথে কথা হয় নাই সোয়াক সেলিম ও আগস্ট হইতে আর মেলা হয় না আর কথা হয়
/kaggle/input/regspeech12/test/test_sandwip_0042.wav,মাথার লাভেই হাঁটাব কেন করে
/kaggle/input/regspeech12/test/test_rangpur_0001.wav,ভাই আমি দেয় যে আমাদের বাড়ির সামনে গেল কী সে মা কেন শাখায় পানিই খাইবে কেয়ার গোসল নিবেন দাস
/kaggle/input/regspeech12/test/test_sylhet_0094.wav,দোকান বাকি লাগে দুই হাজার বা এক ফিক্সড দাওয়ার ক্ষুদ্র
/kaggle/input/regspeech12/test/test_sylhet_0588.wav,এন্ড্রো না হয় আসলে এন্ড্রো যদি জানতাম আরও আগের আসলে ভালো হলো না কিটা যে বেটা তাবিজ দিয়ে যেটা পরাজয় থাকিবে আর কি তো চারটি গুণ সরিয়াও জুয়া করে
/kaggle/input/regspeech12/test/test_narail_0175.wav,নয়নের বউ থাকে কানে অনেক এ অনেক থাকে শরীরটাই আছে বলো এছাড়া থাকতেছেন আমি থাকতে চাচ্ছি মাথায়
/kaggle/input/regspeech12/test/test_sylhet_0748.wav,মাহফুজ রামদাইয়া রায় বাবনানিয়া রামদাইদা আমরা রামলাইয়া সর্বে লইয়া হাইয়ালে তা নু শেষ
/kaggle/input/regspeech12/test/test_tangail_0056.wav,অভিনয় সবকিছু ছেড়ে দেওয়ার একটা অভিনয় কিন্তু যেটা সবচেয়ে বেশি আর কি পীড়া দেয় বা যন্ত্রণা দেয় সেটা হচ্ছে একটা মোমেন্ট যেটা মানে গুড বাই বলার একটা সময়
/kaggle/input/regspeech12/test/test_narail_0170.wav,একইভাবে দেখা যায় ছয় মাস জামাই কোন জায়গা
/kaggle/input/regspeech12/test/test_sylhet_0385.wav,সিলেট ভর্তি করাইছিল মহিলা করিলেছে তখন ভর্তি পরীক্ষা আছে আপনি সরকারের ছোট স্থানে
/kaggle/input/regspeech12/test/test_habiganj_0047.wav,মানুষে গিফট দিতে ভালো লাগেনি মানুষে গিফট দিতে ভালোই লাগে দিসিও যেমন সামর্থ্য অনুযায়ী দিসি গিফট দিতে অনেক ভালো লাগে
/kaggle/input/regspeech12/test/test_rangpur_0020.wav,শাক খাওয়া খুব ভালো না রমজান মাসে মজা হলে শাকে আছে বোর্ডা থাকলে খালি খাওয়া যায় কি খান না খা খালি খায় তাহলে খাওয়া দাও কিসুম কিসুম সিরিজ ডিম্বাজা বাইগুন বাজা কি আরো
/kaggle/input/regspeech12/test/test_chittagong_0161.wav,পট্টা কলেজিয়াম ব্যাটসম্যান এজিয়াম আশেপাস জিয়াম তিনু মানে তো সরকারি কলেজ সরকারি কলেজ জিম্বাকে বেসরকারির চেয়ে আল্লাহর আইনে তিনি প্রত্যক্রমের আলী যে একটি আলো বোঝা যাবে তুষাগারে কতটি আলো অনাস্তুতি আলো
/kaggle/input/regspeech12/test/test_sylhet_0472.wav,সুন্দর প্রথা এরপরে তো জাইরাম কুন জিনিস বৈনা খাইব কুন বাণীর কুন জিনিস পছন্দ কুন জিনিস টাকাইব খেয়ে বাইরেন্দ্র মতা থ্রি বাইরেন্দ্র কোন সুলতা নাই কি আমার বাহিনীর দাবি আর বৈনান্তর চেখা আনা না আমরা শক্তিশালী আর বৈনায় দিয়া একটুও শান্তি পাইনি কিন্তু বাড়িগুলার দায়িত্বের মধ্যে
/kaggle/input/regspeech12/test/test_sylhet_0304.wav,সিলেট থাকতাম পারি ও কন্ডিশনের বিয়া তাইল তাইল মা বাবারা বুঝাইছেন যে তোমরা যে ইপুরীতে গিয়া ভূত দেখিয়াইছ ইপুরীর তো রান্দাগণ দেখাইতে এবার তাই না ইপুরী জীবনেও বাড়িত যাইত নাই সিলেট তার তাকরি পরীক্ষা দিত তাহার তাহাত হন
/kaggle/input/regspeech12/test/test_sylhet_0020.wav,প্রথম আনাইটের ষষ্ঠীর দিন শুরু হয় শেষ দিন পর প্রথমে সন্ধ্যার সময় বেলগাছির নিচে পূজা করার প্রথম দিন যাতে সন্ধ্যার সাড়ে দশটা টাইম হতে ষষ্ঠীর টায়
/kaggle/input/regspeech12/test/test_sylhet_0732.wav,মানে সাঈদের ভিতরে বিয়ে যায় এরা জরুরি আর সাড়ে সাতটা দিনের সাথে নাম তাড়াতাড়ি বরং বিদেশেই তখন বিদেশ খেলার আর্জেন্ট কাম করা হয় এই দুই তিনজনের ভিতরে বিয়ে আছেন কোকাতালে কোন কোন আয়োজন করে ও তো এরকম আয়োজন করে আমরা আমি না কয়েকটা নাম পাইল আরেকবার খুন নাম পাই
/kaggle/input/regspeech12/test/test_rangpur_0039.wav,গোয়াটা সব কম দেয়নি কিছু খেলে
/kaggle/input/regspeech12/test/test_rangpur_0082.wav,আমার মা যেমন অভিনয় যেমন করি হামরা মাঠ ঘেরে দেখছি ওজন করি হামরা এখনো কিছু শিখছি ও যে সাজানো বাপ যেমন সাজানো দেখছে এখনো কিছু কিছু
/kaggle/input/regspeech12/test/test_chittagong_0005.wav,অফিস রুমুত্ন নান্ত আইটেন্টে নবৈয়ে সকালে কানাগুলি যাই এরে বৈলী বই তার মধ্যে ভিতরে যাই গুয়েন্দ্র যাই এরে ক্লাস থাকতে ক্লাসের ক্লাসের দেশ গুল আই আই ফাজারা তাই এরে হইলেদি ছাড়া ঢুকির অফিসের মধ্যে দিয়ে গলা টানি এরে তাইব নামাতে সেদিন নাই
/kaggle/input/regspeech12/test/test_tangail_0012.wav,ফেরি মার্কিনা সেলে ছিল হোমোসেক্সুয়াল তার সাথে অনেক ছেলের সম্পর্ক হয় আর এই বিষয়টাই মানে মেরিজে ছিল আর ওর সাথে আর কি ব্রেক আপ হয়ে যায়
/kaggle/input/regspeech12/test/test_sylhet_0581.wav,এটা হয় যে উপরে কোনো বালি লাগে কিন্তু ড্রিম ল্যান্ডার শুনলেও ওষুধ লিখে যায় এইবার যে আমরা শেখ হাসিনা পার্ক হয়েছি প্লেসটা একটু ছোট হইল সুন্দর ওয়াতা দুইটা রাইট ছোট চেকার রেলগাড়ি একটা স্কাই ট্রেন সুন্দর লাক্স দুইটা ছোট
/kaggle/input/regspeech12/test/test_chittagong_0060.wav,না জানি কী রকম এতো তাহলে প্ল্যান্টের নাই তোর সিটি কলেজ উত্তর লেলিস পাতাল লেইস না না সিটি কলেজ উত্তর কিনলাইভ
/kaggle/input/regspeech12/test/test_sylhet_0239.wav,সুখ না হয় সারা জীবন আমরা রে কষ্ট ফাইবোয়ার আমরা রে বদ্ধ আদি বলছি আব্বা নাই হরিয়ামারা পড়াইছেন না তারা বায়েনামারে যেমন হরিয়া বিয়াদি লাইসেন দেখুন তো তাই যেহেতু পড়ত স্যার আমরা একটু দেখিলাই ও দেখিলাই হয়ে ও দেখিলাই দিছি সেন আমার ভাই আমার আনিয়া
/kaggle/input/regspeech12/test/test_narsingdi_0122.wav,বই প্লিজ এয়ারপোর্টটাই লাগা দিসকে নোট করে লিস্ট এ দেখা যাক দেখতে কি সুন্দর না চোখটি দেখ ডেমন একই ক্যারেক্টার দুই রূপে না এসে হিউম্যান থাকতে পারে মুজান কি বুঝছি চেহারায় ডেমন বানায় দিচ্ছে
/kaggle/input/regspeech12/test/test_tangail_0021.wav,দুই হাজার এক সালে রিলিজ পায় সেরেন্ডিপিটি আমার অন্যতম একটা ফেবারেট মুভি কারণ এই মুভিটা একটা লাল স্টোরি মুভি আর ছবির নায়ক থাকে জোনা থানার নায়িকা
/kaggle/input/regspeech12/test/test_sylhet_0394.wav,সমস্যা না তোর জন্য নাই ওনার ইচ্ছে তৈরি যদি কেউ কি যায় নাও যে বাসা সামলায় যাই যে আপনি যদি
/kaggle/input/regspeech12/test/test_sandwip_0025.wav,দুর্ভাগা সরকারের জাহিদা একসময়ের ঘুম আসলে আসমা হলা না না ভালোই যে বিকেলে লাগে ভালোই যে ভূতের নানি আইন এলাকারে সবসময় আসমা ফারেজের সঙ্গে যাহিদাদের সঙ্গে এগোত্তর হাসির সঙ্গে গাছ মাপারের কথা এনেছি আগে গাছ মাপা দেখবেন আন্ডার আরোপ্ত ম্যাডাম এসিল
/kaggle/input/regspeech12/test/test_sylhet_0040.wav,যে মা লক্ষ্মীর ঘরটা চেনা দুর্গা সব ঘটনাতে পানি নিয়ে গড়টা বিশ্বাসের জন্য পানি নিয়ে তারা না রাখব এই পানি দিয়ে পরেও আমাদের হাতে শান্তি আছে এটা সবাইকে চাবিতে অপরাজিতার ডাল আছে একটা অপরাজিতা ফুলের ডাল আর কি কি স্টার্ক করে মন্ত্র উচ্চারণ করিয়া
/kaggle/input/regspeech12/test/test_chittagong_0039.wav,কিটা পদাগতে পদার্থের একটি নামিজ জুড়ামুড়াই নিলে একটি আড্ডাগতি কেয়ার করবি বৈন্যবাল আর কি আজ চিন্তা করিলাম তোর ফল হারি রমজান মাসে ফল হারা
/kaggle/input/regspeech12/test/test_noakhali_0024.wav,এক জানা কতক্ষণ করব আনাটা ইট বাঙানি ইট বাঙানকে করো ইয়ার কাজ নেই বিলিয়ার কাজ নেই ঈদেই কোন লাগে বুঝছি গঙ্গা
/kaggle/input/regspeech12/test/test_sylhet_0178.wav,কোয়াইন রে মাইলা হাই পাই কিচ্ছু নাই একজনের দোহরা ও মাদ্রাসার চাকরি হলেন একজনের যা অতো হয়ে শ্বশুর সানায় তুস্তলার মতো আগে কোন সুরত আর একজনের পর্রা অন্য জাসলাইন পর্রা আর আরাকজনের মানে হুন্ডার আর হাম করুন ও হলে আগে তাকে কোন সুরত বাঁচাও
/kaggle/input/regspeech12/test/test_narail_0185.wav,আস্ত পারলে বা কি পাম হোক আস্ত পাইলে কেউ আনে না বৌ খাটিয়ে গেলেন রাতের বাড়ি যাবি না পার্গার
/kaggle/input/regspeech12/test/test_sylhet_0603.wav,এর পরে ম্যাডামের সাথে যখন ছবিটুকু তুললাম এরপর লাভে ম্যাডাম হইতেছে ম্যাডাম যে বলা লাগত ছাড়ে না ম্যাডাম আমার সিনেডিতে নয় নেই পিনতানা নিতে তোমরা তো মানে
/kaggle/input/regspeech12/test/test_narail_0044.wav,দফারের জায়গা রাখল তোর বাবা ওই জয়ী ভাষা ফুয়োর কুল জাতীয় দফাদরকে ওই শ্মশান শিবু তুই তো চেনবেও নামে তাকে ও তো বড় বড়ি মাংসের চাল
/kaggle/input/regspeech12/test/test_narail_0129.wav,গরমের ভিতরে তার আবার উঠিছে সে হঠাৎ করে গেছে চন্দন যশোর আসল মনে করেছি প্রচুর গরম তো নেমে যাবানি থাক পরেক সময়ের তুমিও তোমার অনেক মিস করতেছি আসো একটা সময় একটু সময় দাও
/kaggle/input/regspeech12/test/test_sylhet_0383.wav,তাহলে কই থাকুক তো একটা বিশাল একটা ইউর মধ্য দিয়া গেছি আর কি অভাবন ও টন চিন্তা দুশ্চিন্তা ও তার মাঝে দিয়া গেছি গিয়া তারপরও আমার বাড়িতে আনছেন আমার একটা কোচিং দিয়া পাশেও নায়ুর ফুল একটা মেসো দিচ্ছে নায়েরফুল মেসোউর্সি অন্য আমার লোভের আলো সাইজ্জ্জোন থাকল মহিলাগুলি যে পড়ছে তারা
/kaggle/input/regspeech12/test/test_sylhet_0287.wav,আমাদের যে সমাজ আমি হয়তো আমার চেয়ে কোয়ালিফাইড হাসব্যান্ড পাইব তখন আমার ফিউচার নিয়ে সার্টিফ আর যাই হোক আমি যেই স্ট্রেসের মধ্যে রানের মাঝে উঠছি আমার একটা জ্বর হইব এবং আমি চাইলে এখন আমার চেয়ে কোয়ালিফাইড হাসব্যান্ড পাইব
/kaggle/input/regspeech12/test/test_narail_0107.wav,ওটার থেকে যখন ডাক্তার দেখাইছিলাম ইনফেকশন হয়ে গেছিল আর এবার দেখালাম তা ইনফেকশনের ইটা কমে গেছে আর ওটা ভেঙে ছোট হয়ে গেছে
/kaggle/input/regspeech12/test/test_sylhet_0043.wav,ফ্রিজ কিন্তু মানে একটা ব্যাপারই মানে আঞ্চলিক ভাষা নিয়ে আমরা একটা রিসার্চার্চি তাই আমরা এমনি একটু গফ কর্ম কথাটার কী দরকার আমার ছিলিটিবাহিরা দরকার আপনার
/kaggle/input/regspeech12/test/test_kishoreganj_0028.wav,আমার প্রভাতি না আমরা ভুলেছি গা মানে ইলা মারা গেছে ইলা সিলে আছে সাইজ সাম্বার যে উঠতি যেন একটি স্কুল আছে কি একটা কিন্ডারগার্টেন হ্যাঁ কী সুন্দর লোকের মেয়েটা মা সে ছেলে নানান উকিত জন আমার কয়েক কেরিকায় বাঙা দিয়া
/kaggle/input/regspeech12/test/test_barishal_0039.wav,এখন কাকি কয়েকটা গরু পাল না দিদি খেয়াল করেন গরু পাল তাইলে নিজেকে খাটনি বেশি না এই যে আম্নিতিকেল সন্ধ্যাকালা দিয়ে গাছ বোঝা কাটলেন কি দরকার আছিল রতন তারপর ঠেলে হালায় তুইতেন কাটলেন কার মুই করছি কি ও তোমার লাগে কাম করে আর দান পাকছে ও গাছের দাম কাটতে
/kaggle/input/regspeech12/test/test_chittagong_0023.wav,শিরাঙ্গত কী কী করবি হবে না শিরাঙ্গদ গেলাম গুড়িলাম গাড়িলাম বেকুনুর লয়ের ফুসকাটে ফুসকা হাইরাম গেলাম ফুসকটাতে ফুস করা হাই আয়োবই আর না হয়তো যে অবস্থার বেশি কর্মসূচিত
/kaggle/input/regspeech12/test/test_narsingdi_0030.wav,একটা টিম জিতবে ওই যে কদিন আগে দেখলি না এক রিপোর্টার আতার আলী খানদের জিগাইল যে আপনি বাংলাদেশ কি ওয়ার্ল্ড কাপ জিতবে কবে উনি বলল যে দুই হাতে এসে
/kaggle/input/regspeech12/test/test_habiganj_0111.wav,এবং ফুরে যায় মানে একটু ত্রিশ নম্বরের রুম ওটা লিব বা মানে পঁচাশ নম্বরের কিছু নম্বরে উড়াই লিব এইভাবে ফুরে যায় মানে ঠিকমতো পড়ে নাকি
/kaggle/input/regspeech12/test/test_barishal_0025.wav,সাধারণ ডাক্তার যে অসুস্থ খাওয়ায় না পোলাপান্ডে ওনার কিন্তু এই যে গুঁড়ি গুঁড়ি ট্যাবলেটটা বা সাদায় ট্যাবলেটটা বাচ্চাকের জন্য কঠিন উপকারী জিনিস এই লোক মনে করেন তিন দিন খাওয়ানের পর যেই রোগটার লাগি আনি ভালোই গেলে ঐটার খাওয়ান এত কইছে যেই অসুখ হালাবি না
/kaggle/input/regspeech12/test/test_sylhet_0025.wav,এখানে তখন বাসাতে বেশি রান্নাবান নেন এখানে মন্দিরের নির্দিষ্টায়ন তখন আমরা গিয়ে খাইছি কিছু কিছু খাওয়ার পরে ঘুরাঘুরি সকল এখানে সাংস্কৃতিক অনুষ্ঠান অন্য দোষ্য এই বহুত বড় অনুষ্ঠান আর পূজার্থ দর্শ্ব পূজা মাদক গায়ের ক্ষতবা সিস্টেমেটে পূজা করা মানে অনেক কিছু দেওয়া হয় ঠাকুরে থাকে
/kaggle/input/regspeech12/test/test_habiganj_0092.wav,ঘুড়ানের দিয়া বেশি এক্সাইটেড রোডার্নারিতে একদম ভদ্র শ্রদ্ধার মতন বালা মানুষের মতন বার্ভি সিরিজে গুঁড়ো নাক ঘুড়ানে গেলে তত্ত্ব মজা আনন্দ করার লাগিতে মানুষ ঘুড়ানে যায়
/kaggle/input/regspeech12/test/test_barishal_0026.wav,এই ওষুধ থালাবি নেইয়া মোড়ে বুঝান যায় না যে বোতল মনে করেন আমরা মিথ্যাহাইতের মানের মাথা নষ্ট হয়ে যাবে যে গুরুগার আর ঔষধের নিয়ম হালাই দেয়নি এই যে প্রয়োজনীয়তার নৌষদ
/kaggle/input/regspeech12/test/test_narail_0061.wav,তোর মায়ের মালাইখা চলাসে রাস্তায় বুঝো লাইফটা কেবল একটু পাওয়ার আলোকের নিম্বনটা মিশিয়ে দিতে পারি
/kaggle/input/regspeech12/test/test_sylhet_0204.wav,বিভাই তাও দিলে আরেকবার গিয়া লাগত ওটা আসের পিছনে দৌড়াইতে দৌড়াইতে টায়ার ডুই জিতাম বাদে দেখতাম যে যদিন দান হিজাইসি হয় না ইডিন স্কুলের টাইম যদি হইতে দশটা তামিকে বৈঠাস্তা মাঠটা
/kaggle/input/regspeech12/test/test_habiganj_0040.wav,আমারও একটা স্বভাব আমি তোর হারি বালা হইলা বাজ মুজ মুস কর্ম কইরা আমার ঈদে একটা স্বভাবটি বই মা কিন্তু পানি অনুক্রম দেয়া আমি কিন্তু তোর হাইতে পানি বেশি দেয়া সব তখন মুঠি গাছে লাশটি দিয়া এমন পানি দেয়ি পানি দিয়া তোর হারি একবারে বাড়াটা হইতে জায়গা আর তোর হারিয়া বেশি জাল দিতে দিতে একবারে তোর হারি গলায় লাই
/kaggle/input/regspeech12/test/test_tangail_0007.wav,আচ্ছা তারপরে তো ও ব্যান্ডের সাথে যোগ দিলই ঠিক এই সময়েই ফ্রেডির সাথে আরেকজনের পরিচয় হয় মেরি
/kaggle/input/regspeech12/test/test_chittagong_0011.wav,হ্যাঁ তুমি চাপ করো তুমি চাপ করো না নাকি হনে কেমন না ঘুরে ইহা বেলান নেহ না তো না না ওয়া ডুরের হালায় আসোতে হালায় চাইলে নদীটো দিয়ে ইডেনিংয়ে
/kaggle/input/regspeech12/test/test_habiganj_0024.wav,তিনবেলায়ই পূজা করে অনেকেই আছে তিনবার পূজাতে সকালেও ঘুম থেকে উচ্চা দিব নয়টার ভিত্তে আটটার ভিত্তে আবার দিন পরেও দিব আবার সন্ধ্যার পরেও দিব
/kaggle/input/regspeech12/test/test_sylhet_0329.wav,তখন বইলা যে আমি তা তো আমার ভালা লাগেন না তোমার একলা একলা পরিশ্রম হয় তুমি একলা দুজনের ফরসাতে বিয়ার করো ভাষা করাও তাতে আমি ছোটখাটো চাকরি করি করি ফোন
/kaggle/input/regspeech12/test/test_comilla_0016.wav,বেতন দিয়ে বেতন দিয়ে উনি স্কুল থেকে বের হবে আর উনার মেয়ের নিয়ে স্কুল থেকে বের হইতেছে উনি কিন্তু জানে না ওনার মেয়ের যে অবস্থা সবাই বলতেছে কারেন্টের শখ মানে সবাই ধারণা করতেছে যে কারেন্টের শখ খাইছে এজন্য কেউ একটা বাচ্চা দুর্ঘটনায় হয়েছে ওরে
/kaggle/input/regspeech12/test/test_sandwip_0004.wav,হাঁকুনির জন্য উনি হারাও যাবেন একেবারে অ্যাবসুল একেবারে তিন চার বার কষ্ট লইলে যে লোকে কন্যা হিদে হাঁকুনিদে আর বাজার একবার কষ্ট নইলে সারের দরকার বেড়াইলেই তুই হবে একেবারে সারি যেভ
/kaggle/input/regspeech12/test/test_habiganj_0025.wav,আজকের প্রসাদের মধ্যে কি খাবার মানে থাকতে হবে বাধ্যতামূলক প্রসাদের মধ্যে দুধ জাতীয় খাবারটা বাধ্যতামূলকই থাকে আবার ফল টল বা তুলসী ভাতা তো আমরা বাধ্যতামূলক তুলসী ভাতা সব যে কোন প্রসাদের মধ্যেই তুলসী ভাতা দিই আমরা মানে যেটা দিয়া প্রসাদ সাজাইম যেটা দিয়া বুক দিমু ইটারূপে তুলসী ভাতা দিমু
/kaggle/input/regspeech12/test/test_noakhali_0021.wav,রুকি থানা ওটাই বেঞ্চ হলো সিনেমায় ছিলাম
/kaggle/input/regspeech12/test/test_chittagong_0154.wav,এখন অন্য বাড়ির এক দেওলে অনেক সালামুন্দে এনে গ্রেন হন দেয় প্রথমে কাঞ্জপালের এগিয়েই একটুন বান্ধবীরের এগিয়ে বান্ধবীরের একটুন আংটি কুঙ্গুর জিতেও গড়ান্তি রেখে যাবে না
/kaggle/input/regspeech12/test/test_sylhet_0005.wav,সভৈলা যে ফার্ম হুরাইলে হুরালা উপাদে বেড়াই অন্য জায়গাতে চার অন্য জায়গাতে লিলে আরা হয় না তুমি যাওয়াও যাওয়া সপ্তাহ কষ্ট আসতেছে স্যার এই একটা তান জায়গাতেন পাল্লা মিঠা অথচ কেউ বালালমান পান গরু সব রূপসালী হানার বয়সে রইল না রিপুতলের মেহনা তিতা টাইটেবল হানি খুচরার সংগ্রহ ডা
/kaggle/input/regspeech12/test/test_chittagong_0175.wav,আজের কুতুবদাইয়ার বেশ দুর্বোধ যে আন্টিরে তাহি বললে না তাহে কুতুবদার সামনে যাইলে দল লাগাত মাঝে মাঝে পিয়া তুমি যাইতে তো একটা মোবাইল সার্ক ঘরে বেড়াতেই রইল
/kaggle/input/regspeech12/test/test_narail_0113.wav,ওরে কপাল এই তো দিলে চরম একটা ব্যথা কেন জানিস কারণ তুই আজ থেকে আমার বন্ডিরে সামলাতে ব্যস্ত আহা বন্ডি মণ্ডি বাদ বাল্লা
/kaggle/input/regspeech12/test/test_sandwip_0047.wav,কি আলো কি লাইসে তাই এসে মোবাইলে লাইফ আজকে ঘুমাচ্ছি বাসি বাড়ি
/kaggle/input/regspeech12/test/test_narail_0131.wav,ওই তো কি তুমি খুলনা আসবা কবে তাই তো জাগানি দেখি হ্যাঁ তুমি খুলনা আসবা আমার সত্যি কথা বলতে কি আমার এখন এই জায়গায় আমার থাকতে ভালো লাগে না
/kaggle/input/regspeech12/test/test_sylhet_0539.wav,আর তারিন্য তাই আগে থেকে হয়েছে তারা বলেন গিয়ে আইসেন যেদিন তারিন্দা হয়েছেন তাই বাড়িতে দিন তাই হাসব্যান্ডের ফ্রেন্ডারি হয়েছেন এখন আমি নাই হইছি তাই আর যাইতাম না রোজাইরে না
/kaggle/input/regspeech12/test/test_kishoreganj_0048.wav,লাশ যায় লাশ কেই দেয় লাশ হবে ক্যাগো নাকি তো বেটেল ভালোবাস
/kaggle/input/regspeech12/test/test_barishal_0076.wav,আর একবেলা যদি মনে না খায়
/kaggle/input/regspeech12/test/test_narail_0178.wav,ও বলে কি কাঠবাস করত ও যে টুকটুকি চালায় মাঝে কিছু লোক নয় দোকানে পাঠি যায় না গিয়ে মোকাল চলা ফ্যাকালে কোনো কাজটিকে মোচন করে না রে বাবা
/kaggle/input/regspeech12/test/test_sandwip_0087.wav,মাছ জাগাতে সুন্দর তো দেন হুজে ডুবু আছে মাছ যেগুলা আমার জায়গায় হাত অত দিত না মাদানা গাদি তৈরি করে দিয়েছে ক্যারফেট
/kaggle/input/regspeech12/test/test_tangail_0061.wav,বরুণ দেওয়ানের ছবিতে মানে বরুণ ধারণের নাম ডেন আর হয়েছে বানিতায়ের নাম হয়েছে শিউলি ওই অক্টোবরে যে শিউলি ফুল আছে না ঐ শিউলি ফুলের নামেই আর কি নাম শিউলি
/kaggle/input/regspeech12/test/test_kishoreganj_0047.wav,কোয়ান দিয়া
/kaggle/input/regspeech12/test/test_sylhet_0076.wav,এবারে বাইর একটু আয়ে বাড়ানো লাগে যে এখন সরলে হারুদ দুজনের মানে ইচ্ছে কি তার হত্যায় আমি তো আমার ইচ্ছা আমি ভবিষ্যতে আছি চিটার হওয়ার ইচ্ছা
/kaggle/input/regspeech12/test/test_sandwip_0059.wav,দৈর্য কেন নাই কোনাল্ডিয়ায় তো দেরি নেবিস তো
/kaggle/input/regspeech12/test/test_sylhet_0271.wav,এটা গ্রেড ফাইতে গেলে ফাইসি সাবজেক্ট ইংলিশ তখন ইংলিশ সাবজেক্ট থেকে এইটা পাওয়া অনেক কঠিন দুটোতে আমি পয়লা বুঝছি না ফার্স্টিয়ার্থ পরীক্ষা দিয়া ফার্স্ট সেমিস্টার যখন রেজাল্ট দিচ্ছে তখন থ্রি পয়েন্ট জিরো আট ফাইসি
/kaggle/input/regspeech12/test/test_habiganj_0086.wav,আর ছোট ভাইয়ের গুলা মাছে শোধ করে আর একটা গুলাকে ছোট নার্সারিত করে এরা কেমন দুষ্টামি ঘরে তোমার কথা শান্ত শিষ্ট না দুষ্ট নাকি তোমার কথাও তা শুনিনি এরা এরার কথা হইল আমাদের তো দুষ্টামি ঘরে
/kaggle/input/regspeech12/test/test_sylhet_0733.wav,পৈলা মঙ্গল আচরণ বাদে ফানার কি লাগে তার বাজার বিয়ে হয়ে যায়
